	 (hLu : LEFStablyFiniteInterface.{u})
	 (hLw : LEFStablyFiniteInterface.{w}) (hLv : LEFStablyFiniteInterface.{v})
abs_eigenvalues_le_l2_opNorm	 (hA : A.IsHermitian)
abs_hermitianEigenvalue_le_norm	 (hH : H.IsHermitian)
abs_hermitianEigenvalue_sq_sub_one_le	 (hH : H.IsHermitian)
abs_hermitianEigenvalue_sq_sub_self_le	 (hH : H.IsHermitian)
abs_hermitianEigenvalue_sub_one_le	 (hP : P.IsHermitian)
abs_window_defect_le	 (hF : F.Nonempty)
absorbBase_of_absorbFaceSet	 (h : AbsorbFaceSetStatement.{u, w, v})
absorbFaceSet_of_absorbBase	 (h : AbsorbBaseStatement.{u, w, v})
absorbFaceSet_of_noPlanarDegenStep	 (h : NoPlanarDegenStepStatement.{u, w, v})
absorbLobe_absorbFaceSet	 (h : AbsorbLobeStatement.{u, w, v})
absorbLobe_noPlanarDegenStep	 (h : AbsorbLobeStatement.{u, w, v})
absorbLobe_of_absorbFaceSet	 (h : AbsorbFaceSetStatement.{u, w, v})
abstractTorsionFreeClause_closed_of_greendlinger	 (hG : GGT.VanKampen.RelativeGreendlingerQuasiGeodesicLeastAreaStatement.{0, 0, 0})
abstractTorsionFreeClause_of_allCells_of_core	 (hall : GL06e.AllCellsShortEnclosedRefutedBelowSectionStatement.{0, 0, 0}) (hcore : GL03DKept.gl03dKept_KeptSubwalkCoreStatement.{0, 0, 0})
abstractTorsionFreeClause_of_greendlinger	 (hgreendlinger :       GGT.VanKampen.RelativeGreendlingerQuasiGeodesicLeastAreaStatement.{0, 0, 0})
abstractTorsionFreeClause_of_printedTorsionFreeTheorem	 (h : PrintedTorsionFreeTheorem)
across_eq_face	 (hS : S.DartMinimal)
act_apply	 (h : G)
act_single	 (h : G)
actCorona_manuscriptKazhdanProjection	 (hS : S.Nonempty)
actsNonElementarily_cayley_of_finite	 (hfin : A.carrier.Finite)
acylindricalCore_of_entranceEncoding	 (hemb : D.IsHyperbolicallyEmbedded)
acylindricalRelativeRefinement_emptyModel	 (hemb : D.IsHyperbolicallyEmbedded)
add	 (hT : T.IsCompactOp) (hS : S.IsCompactOp)
additiveCheeger	 (hU : U.Nonempty)
additiveCheeger_of_editDistance	 (hU : U.Nonempty)
adj_of_bdeg_two	 (hS : D.SimpleBoundary)
adj_parent_of_same_level	 (hconn : G.Connected)
adjDist_le_succ	 (hconn : G.Connected)
adjoint	 (h : T.IsBounded)
admissible_push_step	 (hhull : HullSC.HullOneStepStatementGeneral.{0})
admissible_simp_step	 (hhull : HullSC.HullOneStepStatementGeneral.{0}) (hgeom : CoulonFournierFacioGeometryStatement)
afQuasidiagonalTraceStatement_of_multimatrixTraceAmplification	 (h : MultimatrixTraceAmplificationStatement)
agpUnitK1_of_kappa	 (h : AGPUnitKappa)
agpUnitKappa_of_residue	 (h : AGPUnitKappaResidue)
alekseevThomWitness_of_soficQuestion	 (h : FPSimpleKazhdanSoficQuestion)
allCellsShortEnclosedRefutedBelowSection_of_nearestCellCut	 (hcut : NearestCellCutSectionStatement.{u, w, v}) (hconj : GL06h2.ShortWordNeConjRelatorStatement.{u, w})
allCellsShortEnclosedRefutedBelowSection_of_nearestCellCutSection	 (hcut : NearestCellCutSectionStatement.{u, w, v})
allCellsShortEnclosedRefutedBelowSection_of_shortBoundarySection	 (hshort : ShortBoundaryRefutedBelowSectionStatement.{u, w, v})
alpha_bdart_inner	 (hS : D.SimpleBoundary)
alpha_mem_facePerm	 (hM : M.IsPlanar)
alpha_mem_of_exterior	 (hM : M.IsPlanar)
alpha_mem_of_faceClass	 (hM : M.IsPlanar)
alpha_mem_of_faceOf_sigma_mem	 (hM : M.IsPlanar)
alpha_mem_of_mem_component	 (hM : M.IsPlanar)
alpha_not_mem_of_dartMinimal	 (hpendant : PendantPathRemovalInput.{u, w, v}) (hS : S.DartMinimal)
alpha_not_mem_of_dartMinimal_closed	 (hS : S.DartMinimal)
alpha_not_mem_walk_of_copyClean	 (hlea : X.LeastArea)
alpha_notMem_of_internal	 (hM : M.IsPlanar)
alternatingFullGroup_le_of_room	 (hVne : V.Nonempty)
amalgam_isMFAlgebra	 (hShulman : ShulmanTheorem16Statement)
amalgamToGamma_base_apply	 (h : Fxyt)
amenableCanonicalTraceGroupsAreOperatorMF_of_problemX1	 (hX : ProblemX1Statement.{1})
amenableImpliesMF_of_input	 (h : QuasidiagonalMF.AmenableMFInput.{0})
antipodal_not_allTracesUniformTwoContinuous_of_borsukUlam	 (hBU : ComplexOddMapCommonZero)
antipodal_trace_space_strict_inclusion_of_borsukUlam	 (hBU : ComplexOddMapCommonZero)
antipodalCanonicalExtension_not_surjective_of_borsukUlam	 (hBU : ComplexOddMapCommonZero)
antipodalFactorialNegativeSolutionToProblemXXII_of_borsukUlam	 (hBU : ComplexOddMapCommonZero)
antipodalWitness_arbitrarilyLateCoordinateStateConstraints	 (hBU : ComplexOddMapCommonZero)
append_ne_nil	 (hM : M.IsConnected)
apply_eq_of_forall_finiteDimensional_fixed	 (h : G)
arbitrarilyLateCoordinateStateConstraints_of_witnessSequence	 (hBU : ComplexOddMapCommonZero)
arbitraryFamilyAcylindricalEnlargement_emptyModel	 (hfinite : D.base.Finite) (hD : D.IsHyperbolicallyEmbedded)
arcAuditResidual_of_arcCloseStep	 (h : PocketFourPieceArcCloseStepStatement.{u, w, v})
arcAuditResidual_of_noPlanarDegenerate_fourBlock_arcsAudit	 (hdeg : NoPlanarDegenerateStatement.{u, w, v}) (hblock : FourBlockStatement.{u, w, v}) (harcs : ArcsAuditStatement.{u, w, v})
arcAuditResidual_of_noPlanarDegenerate_noninterleave_arcsAudit	 (hdeg : NoPlanarDegenerateStatement.{u, w, v}) (hnon : PocketFourPieceWitnessNoninterleaveStatement.{u, w, v}) (harcs : ArcsAuditStatement.{u, w, v})
arcAuditResidual_of_noPlanarDegenerate_pinch	 (hdeg : NoPlanarDegenerateStatement.{u, w, v}) (hpinch : ArcsAuditPinchStatement.{u, w, v}) (hread : NoPlanarDegenPinchReadStatement.{u, w, v})
arcAuditResidual_of_noPlanarDegenerate_pinchRead	 (hdeg : NoPlanarDegenerateStatement.{u, w, v}) (hread : NoPlanarDegenPinchReadStatement.{u, w, v})
arcAuditResidual_of_noPlanarDegenStep_pinchRead	 (hstep : NoPlanarDegenStepStatement.{u, w, v}) (hread : NoPlanarDegenPinchReadStatement.{u, w, v})
arcAuditResidual_of_pinchCase	 (h : PinchCaseStatement.{u, w, v})
arcAuditResidual_of_planar_noninterleave_arcsAudit	 (hplanar : PocketFourPieceWitnessPlanarStatement.{u, w, v}) (hnon : PocketFourPieceWitnessNoninterleaveStatement.{u, w, v}) (harcs : ArcsAuditStatement.{u, w, v})
archimedeanAffineBound_places	 (hB : GHWArchimedeanAffineBound)
archimedeanAffineBound_places_fin	 (hB : GHWArchimedeanAffineBound)
arcsAudit_of_arcs	 (h : PocketFourPieceWitnessArcsStatement.{u, w, v})
arvesonBH_of_limit	 (hlimit : ArvesonLimitStatement)
arvesonBH_of_weakCluster	 (hcl : WeakClusterStatement)
arvesonLimit_of_weakCluster	 (hcl : WeakClusterStatement)
assemblyGOnly_of_gOnlyBelow	 (h : CellRoseLakeGOnlyBelowStatement.{u, w, v})
at_stage	 (h : LemmaTwoHolds)
avoid_of_not_exists	 (hM : M.IsPlanar)
axisDichotomy_cayley	 (hCP : CommonPowerInGeodesicSpace.{u, u})
axisDichotomy_cayley_of_commonPower	 (hCP : CommonPowerInGeodesicSpace.{u, u})
badCornerRefinement_of_monogonCorner	 (hmono : MonogonCornerStatement.{u, w, v})
base_eq_of_false	 (h : Fxyt)
base_finite	 (hfinite : D.base.Finite)
baseChange_of_cohnStableK2	 (hS : BinaryCohnStableK2TrivialStatement)
bdart_eq_of_bvert_eq	 (hS : D.SimpleBoundary)
benign_of_fg	 (hH : H.FG)
benignTF_ASub_evenSupport_of_slimWBenign	 (hd : SlimDescent) (h : SlimWBenign)
benignTF_ASub_oddZero	 (himg : TorsionFreeImageClosure)
benignTF_ASub_omegaOp	 (h : OmegaInput)
benignTF_ASub_omegaOp_of_slimBenign	 (hd : SlimDescent)
benignTF_ASub_piOp	 (h : AgreeInputs)
benignTF_ASub_rhoOp_of_imageClosure	 (himg : Seq.TorsionFreeImageClosure)
benignTF_ASub_thetaOp_of_inputs	 (himg : TorsionFreeImageClosure)
benignTF_ASub_univ_of_slimWBenign	 (hd : SlimDescent) (h : SlimWBenign)
benignTF_ASub_zetaOp	 (h : AgreeInputs)
benignTF_of_fg	 (hH : H.FG)
benignTF_of_higmanGenerated	 (h : OperationClosures)
benignTF_of_higmanGeneratedTF	 (h : OperationClosuresTF)
benignTF_of_stable	 (hSfin : S.Finite)
between_smul_of_middle	 (hH : H.IsTree)
between_tripod	 (hH : H.IsTree)
between_unique	 (hH : H.IsTree)
bhNagaoUncond_fpMetabelian_of_polyFpEFP	 (hS1 : Absorption.suslinZLocal_BadStatement) (hfp : PolynomialFpElementaryFPStatement) (hZ1 : ElemFPCharZero.CharZeroK2SplitGapStatement) (hH1 : Envelope.HigmanVCStepBCoreStatement)
bhNagaoUncond_fpMetabelian_routeA	 (hS1 : Absorption.suslinZLocal_BadStatement) (hZ1 : ElemFPCharZero.CharZeroK2SplitGapStatement) (hH1 : Envelope.HigmanVCStepBCoreStatement)
bhNagaoUncond_torusWire_polynomialFpK2Vanishing	 (hone : PolyK2OneVarNilStatement)
bhNagaoUncond_wire_polynomialFpK2Vanishing	 (hone : PolyK2OneVarNilStatement)
bhNagaoWire_polynomialFpK2Vanishing	 (hone : PolyK2OneVarNilStatement)
bilateralThreeTransferStatement_of_coreModels	 (h : CoreModelsLEFStatement)
bilateralThreeTransferStatement_of_nonzeroDefect	 (hdef : ClopenCrossedProductNonzeroDefectStatement)
bilateralThreeTransferStatement_of_pieces	 (hcell : BilateralThreeCellStatement) (hcount : GroupApproximation.ChainCore.DynamicRankBudget.CountableCrossedProductStatement) (hdef : ClopenCrossedProductNonzeroDefectStatement)
binaryLeavitt_frameComplexFour_simplyConnected_of_frameConeFour	 (h : BinaryLeavittFrameConeFourStatement)
binaryLeavittElementaryFinitelyPresented_of_binaryLeavittSteinbergInjective	 (h : BinaryLeavittSteinbergInjectiveStatement)
binaryLeavittElementaryFinitelyPresented_of_leavittK2Used	 (hU : LeavittK2UsedStatement) (hT : BinaryLeavittK2FiveStabilityStatement)
binaryLeavittElementaryFinitelyPresented_of_paddedCentral_of_superperfect	 (hc : BinaryLeavittPaddedCentralThreeStatement) (h14 : EndpointInterfaces.RankFourInjectiveOfStabKernelThreeTrivialStatement) (hsp : EndpointInterfaces.BinaryLeavittUnitsSuperperfectStatement)
binaryLeavittElementaryFinitelyPresented_of_rankFour	 (h : BinaryLeavittSteinbergRankFourInjectiveStatement)
binaryLeavittElementaryFinitelyPresented_of_rankFourK2FinitelyNormallyGenerated	 (h : BinaryLeavittSteinbergRankFourK2FinitelyNormallyGeneratedStatement)
binaryLeavittElementaryFinitelyPresented_of_superperfect	 (h04 : EndpointInterfaces.StabKernelThreeTrivialOfSuperperfectStatement) (h14 : EndpointInterfaces.RankFourInjectiveOfStabKernelThreeTrivialStatement) (hsp : EndpointInterfaces.BinaryLeavittUnitsSuperperfectStatement)
binaryLeavittElementaryFinitelyPresented_of_unitsSuperperfect	 (hsp : EndpointInterfaces.BinaryLeavittUnitsSuperperfectStatement)
binaryLeavittFiveCornerInjective_of_binaryLeavittSteinbergInjective	 (h : LeavittFP.BinaryLeavittSteinbergInjectiveStatement)
binaryLeavittFiveCornerInjective_of_fiveStep	 (hS : BinaryLeavittK2FiveStepStatement)
binaryLeavittFiveCornerInjective_of_fiveStepCornerInjRankFourFix	 (h : FiveStepCornerInjRankFourFixStatement)
binaryLeavittFrameConeFour_of_wordMultiplier	 (h : WordMultiplierStatement)
binaryLeavittK2FiveCentral_of_binaryLeavittSteinbergInjective	 (h : LeavittFP.BinaryLeavittSteinbergInjectiveStatement)
binaryLeavittK2FiveCentral_of_fiveStep	 (hS : BinaryLeavittK2FiveStepStatement)
binaryLeavittK2FiveCentral_of_fiveStepCentralRoot	 (h : FiveStepCentralRootStatement)
binaryLeavittK2FiveFinitelyNormallyGenerated_of_rankFour	 (h : BinaryLeavittSteinbergRankFourK2FinitelyNormallyGeneratedStatement)
binaryLeavittK2FiveStability_of_binaryLeavittSteinbergInjective	 (h : LeavittFP.BinaryLeavittSteinbergInjectiveStatement)
binaryLeavittK2FiveStability_of_step	 (hS : BinaryLeavittK2FiveStepStatement)
binaryLeavittK2FiveStability_of_unitsSuperperfect	 (hsp : EndpointInterfaces.BinaryLeavittUnitsSuperperfectStatement)
binaryLeavittK2FiveStability_propagate	 (hT : BinaryLeavittK2FiveStabilityStatement)
binaryLeavittK2FiveStep_of_binaryLeavittSteinbergInjective	 (h : LeavittFP.BinaryLeavittSteinbergInjectiveStatement)
binaryLeavittK2FiveStep_of_central_of_cornerInjective	 (hC : BinaryLeavittK2FiveCentralStatement)
binaryLeavittK2FiveStep_of_fiveStability	 (hT : BinaryLeavittK2FiveStabilityStatement)
binaryLeavittK2Three_eq_bot_of_swindle_of_le_center	 (h : BinaryLeavittKernelThreeSwindleStatement)
binaryLeavittKernelThreeCoinvariant_of_swindle	 (h : BinaryLeavittKernelThreeSwindleStatement)
binaryLeavittKernelThreeCoinvariant_of_unitsSuperperfect	 (hs : EndpointInterfaces.BinaryLeavittUnitsSuperperfectStatement)
binaryLeavittRankFourInjective_of_superperfect	 (h04 : EndpointInterfaces.StabKernelThreeTrivialOfSuperperfectStatement) (h14 : EndpointInterfaces.RankFourInjectiveOfStabKernelThreeTrivialStatement) (hsp : EndpointInterfaces.BinaryLeavittUnitsSuperperfectStatement)
binaryLeavittRankFourInjective_of_unitsSuperperfect	 (hsp : EndpointInterfaces.BinaryLeavittUnitsSuperperfectStatement)
binaryLeavittRankFourK2FinitelyNormallyGenerated_of_paddedCentral_of_superperfect	 (hc : BinaryLeavittPaddedCentralThreeStatement) (h14 : EndpointInterfaces.RankFourInjectiveOfStabKernelThreeTrivialStatement) (hsp : EndpointInterfaces.BinaryLeavittUnitsSuperperfectStatement)
binaryLeavittRankFourK2FinitelyNormallyGenerated_of_superperfect	 (h04 : EndpointInterfaces.StabKernelThreeTrivialOfSuperperfectStatement) (h14 : EndpointInterfaces.RankFourInjectiveOfStabKernelThreeTrivialStatement) (hsp : EndpointInterfaces.BinaryLeavittUnitsSuperperfectStatement)
binaryLeavittRankFourK2FinitelyNormallyGenerated_of_unitsSuperperfect	 (hsp : EndpointInterfaces.BinaryLeavittUnitsSuperperfectStatement)
binaryLeavittStabKernelThreeTrivial_of_kernelThreeCoinvariant	 (hle : BinaryLeavittKernelThreeCoinvariantStatement)
binaryLeavittStableK2Trivial_of_cohn	 (hS : BinaryCohnStableK2TrivialStatement) (hK : CohnRelativeKOneTrivialStatement)
binaryLeavittStableK2Trivial_of_cohnStableK2	 (hS : BinaryCohnStableK2TrivialStatement)
binaryLeavittStableK2Trivial_of_leavittK2UsedRankFour	 (h4 : LeavittK2UsedRankFourStatement)
binaryLeavittStableK2Trivial_of_unitsSuperperfect	 (hsp : EndpointInterfaces.BinaryLeavittUnitsSuperperfectStatement)
binaryLeavittSteinbergInjective_of_leavittK2Used	 (hU : LeavittK2UsedStatement) (hT : BinaryLeavittK2FiveStabilityStatement)
binaryLeavittSteinbergInjective_of_rankFour	 (h : BinaryLeavittSteinbergRankFourInjectiveStatement)
binaryLeavittSteinbergInjective_of_stable	 (hS : BinaryLeavittStableK2TrivialStatement) (hT : BinaryLeavittK2FiveStabilityStatement)
binaryLeavittSteinbergInjective_of_unitsSuperperfect	 (hsp : EndpointInterfaces.BinaryLeavittUnitsSuperperfectStatement)
binaryLeavittUnitsSuperperfect_of_kernelThreeCoinvariant	 (hle : BinaryLeavittKernelThreeCoinvariantStatement)
binaryLeavittUnitsSuperperfect_of_leavittK2Used	 (hU : LeavittK2UsedStatement) (hT : BinaryLeavittK2FiveStabilityStatement)
binaryLeavittUnitsSuperperfect_of_stable	 (hS : BinaryLeavittStableK2TrivialStatement) (hT : BinaryLeavittK2FiveStabilityStatement)
binaryLeavittUnitsSuperperfect_of_swindle	 (h : BinaryLeavittKernelThreeSwindleStatement)
binderFiveRefutedBelowSection_of_innerPocketEnclosed	 (h : P07LakeExclusion.InnerPocketEnclosedTwoArcStatement.{u, w, v})
binderFiveRefutedBelowSection_of_innerTwoArcLong	 (h : P07LakeExclusion.CellPocketInnerTwoArcLongStatement.{u, w, v})
blackadarKirchbergNFConverseInput_of_coronaUCPFiniteCoordinateLocalization	 (hloc : CoronaUCPFiniteCoordinateLocalizationStatement)
blackadarKirchbergNFIff_of_coronaUCPFiniteCoordinateLocalization	 (hloc : CoronaUCPFiniteCoordinateLocalizationStatement)
blackadarKirchbergQuasidiagonalAnswerUCTFaithfulTrace_of_question	 (hq : BlackadarKirchbergQuasidiagonalQuestion.{u})
blackadarKirchbergQuasidiagonalQuestion_iff_nuclearMF_of_localization_of_nfQuasidiagonal	 (hNFQD : IntroCarto10.NFQuasidiagonalStatement.{u}) (hloc : RelatedBK.CoronaUCPFiniteCoordinateLocalizationStatement)
blackadarKirchbergQuasidiagonalQuestion_iff_nuclearMF_of_nfQuasidiagonal	 (hNFQD : IntroCarto10.NFQuasidiagonalStatement.{u})
blackadarKirchbergQuasidiagonalQuestion_iff_stablyFinite_iff_mf_of_localization_of_nfQuasidiagonal	 (hNFQD : IntroCarto10.NFQuasidiagonalStatement.{u}) (hloc : RelatedBK.CoronaUCPFiniteCoordinateLocalizationStatement)
blackadarKirchbergQuasidiagonalQuestion_iff_stablyFinite_iff_mf_of_nfQuasidiagonal	 (hNFQD : IntroCarto10.NFQuasidiagonalStatement.{u})
blen_pos	 (hS : D.SimpleBoundary)
blockAutHom_lamp	 (hc : IsCompleteOnBlocks) (hi : IsIrreflexive)
blockAutHom_sign	 (hc : IsCompleteOnBlocks) (hi : IsIrreflexive)
blockClauses_of_coreClauses	 (hK : K.ClosedWalk)
blockNoWrap_of_block	 (h : RoseExtremalBlockStatement.{u, w, v})
blockNoWrap_of_extremalRegion	 (h : RoseExtremalRegionStatement.{u, w, v})
blockNoWrap_of_noWrapCore	 (h : RoseExtremalBlockNoWrapCoreStatement.{u, w, v})
blockOrbitClosure_finite	 (hJ : J.Finite) (h : G)
blockSpan_fg	 (hJ : J.Finite)
blockWord_append	 (h : G)
blockWord_split	 (h : G)
bohrResidual_eq_finiteResidual	 (hPW : SeparatesPoints.{u})
boundary_curvature_ge_six	 (hS : D.SimpleBoundary)
boundaryAlpha_pos	 (hS : S.Nonempty)
boundaryCoefficient_lt	 (hS : S.Nonempty)
boundaryContraction_pos	 (hS : S.Nonempty)
boundaryEdge_iff_walkKeep	 (hM : M.IsPlanar)
boundaryWalk_getElem	 (hwalk : P.inner.FollowsBoundary)
boundaryWalk_of_firstTurn	 (hM : M.IsPlanar)
boundedFamilyInclusionRelativeEmbeddingStatement_of_leastAreaQuasiGeodesic_of_respelling	 (hgeom : RelativeGreendlingerQuasiGeodesicSpellingLeastAreaStatement.{u, w}) (hbridge : RelativeIsoperimetricBridgeQuasiGeodesicEmbeddedStatement.{u, u, w}) (hrespell : BoundedHullRelatorRespellingStatement.{u, w})
boundedFamilyInclusionRelativeEmbeddingStatement_of_quasiGeodesic_of_respelling	 (hgeom : RelativeGreendlingerQuasiGeodesicSpellingStatement.{u, w}) (hbridge : RelativeIsoperimetricBridgeQuasiGeodesicEmbeddedStatement.{u, u, w}) (hrespell : BoundedHullRelatorRespellingStatement.{u, w})
boundedFourPiece_of_fourPieceInput	 (h : SideBoundFourPieceInputStatement.{u, w, v})
boundedFourPiece_of_lakeReadSome	 (h : PocketFourPieceLakeReadSomeStatement.{u, w, v})
boundedHullLemma44CanonicalQuotientFamilyInclusionJointStatement_of_canonical_of_embeddings	 (h44 : BoundedHullLemma44CanonicalQuotientStatement.{u}) (hemb : BoundedFamilyInclusionRelativeEmbeddingStatement.{u, w})
boundedHullLemma44CanonicalQuotientFamilyInclusionStatement_of_joint	 (hsel : JointAuxiliaryPeripheralEmbedding.{u, w}) (h44 : BoundedHullLemma44CanonicalQuotientFamilyInclusionJointStatement.{u, w})
boundedHullLemma44CanonicalQuotientFamilyInclusionStatement_of_proposition414Uniform	 (h414 : GGT.OsinComponents.DGOProposition414Uniform.{u, 0}) (h44 : BoundedHullLemma44CanonicalQuotientFamilyInclusionJointStatement.{u, w})
boundedHullLemma44CanonicalQuotientStatement_of_familyInclusion	 (h44 : BoundedHullLemma44CanonicalQuotientFamilyInclusionStatement.{u, 0})
boundedHullLemma44CanonicalQuotientStatement_of_greendlinger	 (hgreendlinger :       GGT.VanKampen.RelativeGreendlingerQuasiGeodesicLeastAreaStatement.{0, 0, 0})
boundedHullLemma44CanonicalQuotientStatement_of_quasiGeodesic	 (hgeom : RelativeGreendlingerQuasiGeodesicSpellingStatement.{u, 0}) (hbridge : RelativeIsoperimetricBridgeQuasiGeodesicEmbeddedStatement.{u, u, 0})
boundedHullLemma44CanonicalQuotientStatement_of_quasiGeodesicLeastArea	 (hgeom : RelativeGreendlingerQuasiGeodesicSpellingLeastAreaStatement.{u, 0}) (hbridge : RelativeIsoperimetricBridgeQuasiGeodesicEmbeddedStatement.{u, u, 0})
boundedHullLemma44CanonicalQuotientStatement_of_unbounded	 (h : HullLemma44CanonicalQuotientStatement.{u})
boundedImageEmbeddingStatement_of_quasiGeodesic	 (hgeom : RelativeGreendlingerQuasiGeodesicSpellingStatement.{u, w}) (hbridge : RelativeIsoperimetricBridgeQuasiGeodesicEmbeddedStatement.{u, u, w})
boundedImageEmbeddingStatement_of_quasiGeodesicLeastArea	 (hgeom : RelativeGreendlingerQuasiGeodesicSpellingLeastAreaStatement.{u, w}) (hbridge : RelativeIsoperimetricBridgeQuasiGeodesicEmbeddedStatement.{u, u, w})
boundedRelativeFilling_of_greendlinger_of_boundedTransfer	 (hgeom : RelativeGreendlingerStatement.{u, w}) (htransfer : BoundedRelativeLinearAreaTransferStatement.{u, v, w})
boundSet_nonempty	 (h : T.IsBounded)
bridgeEffective_of_extWordProblem	 (h : ExtWordProblemRE)
bridgeEffective_of_presentation	 (hpres : ExtPresentation)
bridgeHostEmb_injective	 (hOmega : Omega.OmegaInput)
brown_lift	 (hsc : X.SimplyConnected)
brownExtension_of_frameConeFour	 (h : FrameFan.BinaryLeavittFrameConeFourStatement)
brownMap_bijective_of_twoComplex	 (hX : X.SimplyConnected)
brownMap_injective	 (hsc : S.SimplyConnected)
brownMap_surjective	 (h : J)
brownT_mul_self	 (h : J)
bruhat_eq_one_of_act	 (hstat : BruhatBigCellStatement)
budgetPolygons_subset_nonJoinPolygons	 (hcell : S.CellArcsQuasiGeodesic) (hbd : S.BoundaryArcsQuasiGeodesic)
cactusRelatorRetyping_of_planarDiscPower	 (hplanar : Delta.toCombMap.IsPlanar)
calkinMutualContainment_of_absorption	 (h : AbsorptionContainmentStatement)
calkinWitness_of_compatibleTargetPair	 (h : CompatibleTargetPairStatement)
canonicalQuotientFamilyPreservation_of_bijective	 (hD : D.IsHyperbolicallyEmbedded)
canonicalQuotientFamilyPreservation_of_jointPreservation	 (h435 : DGOProposition435PrintedStatement.{u, 0, w})
capture_vec	 (hH : H.IsHermitian)
card_add_six_le_of_linkedO	 (hne : E.Nonempty)
card_add_two_le	 (hM : M.IsPlanar)
card_block_sdiff_objectImage_le	 (hT : T.Nonempty)
card_boundary	 (hS : D.SimpleBoundary)
card_compatFailure_le	 (hT : T.Nonempty)
card_cornerPredicate_eq_rank	 (hP : P.IsHermitian)
card_cuttingClasses_le_of_dartMinimal	 (hS : S.DartMinimal) (hmax : P.Maximal)
card_cuttingClasses_le_otherClasses	 (hforest : SameFaceDartForestStatement.{v}) (hS : S.DartMinimal) (hmax : P.Maximal)
card_cuttingSides_le	 (hforest : SameFaceDartForestStatement.{v}) (hS : S.DartMinimal) (hmax : P.Maximal)
card_cuttingSides_le_of_dartMinimal	 (hS : S.DartMinimal) (hmax : P.Maximal)
card_forestStarts_add_four_le	 (hS : S.DartMinimal)
card_glueRelFaces_eq	 (hlea : Delta.LeastArea)
card_le_boundaryCard	 (hU : U.Nonempty)
card_le_of_endpoints	 (hVne : V.Nonempty)
card_le_of_linked	 (hne : E.Nonempty)
card_lt_two_mul_of_symmDiff_lt_third	 (hT : T.Nonempty)
card_objectAction_disagreement_le	 (hT : T.Nonempty)
card_objectModel	 (hT : T.Nonempty)
card_objectParent_block_sdiff_objectImage_le	 (hT : T.Nonempty)
card_otherClasses_le	 (hcell : S.CellArcsQuasiGeodesic) (hbd : S.BoundaryArcsQuasiGeodesic)
card_pairSuperlevel_product_symmDiff_lt	 (hS : S.Nonempty)
card_pairSuperlevel_symmDiff_le_cut	 (hS : S.Nonempty)
card_prunedSet_le	 (hT : T.Nonempty)
card_regionHeld_le	 (hleast : Delta.LeastArea)
card_sameFaceTurns_add_six_le	 (hforest : SameFaceDartForestStatement.{u}) (hM : M.IsPlanar)
card_thresholdedIndicatorIterate_symmDiff_le_cut	 (hS : S.Nonempty)
card_uncovered_objectBlocks_le	 (hT : T.Nonempty)
cartanH_of	 (hC : CartanTotal)
caseDExit_of_block	 (h : CaseDBlockStatement.{u, w, v})
caseDLakeRelatorExit_of_order	 (h : CaseDLakeRelatorOrderStatement.{u, w, v})
caseDOrder_of_block	 (h : CaseDBlockStatement.{u, w, v})
cayleyUniformLoxodromicTranslationGap_of_hyperbolicallyEmbedded	 (hemb : D.IsHyperbolicallyEmbedded)
cckwFiniteOrderConjugateIntoVertex_of_fixedClique	 (hT6 : CCKW.SystolicInvariantCliqueStatement)
cckwFiniteOrderConjugateIntoVertex_of_fixedCliqueTits	 (hT6 : CCKW.SystolicInvariantCliqueStatement) (hconn : CCKW.cosetComplex.G.Connected)
cckwFiniteOrderConjugateIntoVertex_of_systolicLeaves	 (hT6 : SystolicInvariantCliqueStatement)
cell_face_not_mem_region	 (hlea : X.LeastArea)
cellPieceEquations_oneCell_model_nonempty	 (hred : Delta.Reduced)
cellPocketFaceSetLakeFreeEnclosed_of_order	 (h : CellPocketLakeFreeEnclosedOrderStatement.{u, w, v})
cellPocketFaceSetLakeFreeEnclosed_of_petalTurn	 (h : CellPocketLakeFreePetalTurnStatement.{u, w, v})
cellPocketLakeFreeCactusOrder_of_cactusPetal	 (h : CellPocketLakeFreeCactusPetalStatement.{u, w, v})
cellPocketLakeFreeCactusOrder_of_petalTurn	 (h : CellPocketLakeFreePetalTurnStatement.{u, w, v})
cellPocketLakeFreeCactusPetal_of_petalSucc	 (h : CellPocketLakeFreePetalSuccStatement.{u, w, v})
cellPocketLakeFreeCactusPetal_of_petalTurn	 (h : CellPocketLakeFreePetalTurnStatement.{u, w, v})
cellPocketLakeFreeEnclosedOrder_of_cactusOrder	 (h : CellPocketLakeFreeCactusOrderStatement.{u, w, v})
cellPocketLakeFreeEnclosedOrder_of_petalTurn	 (h : CellPocketLakeFreePetalTurnStatement.{u, w, v})
cellPocketLakeFreePetalSucc_of_petalTurn	 (h : CellPocketLakeFreePetalTurnStatement.{u, w, v})
cellPocketLakeFreePetalTurn_of_petalSucc	 (h : CellPocketLakeFreePetalSuccStatement.{u, w, v})
cellPocketPinchPosStatement_of_stepPos	 (h : CellPocketPinchStepPosStatement.{u, w, v})
cellPocketPinchSectionDistinctBelowStatement_of_outerPinchStepBelow	 (h : CellPocketOuterPinchStepSectionDistinctBelowStatement.{u, w, v})
cellPocketPinchSectionDistinctStatement_of_outerPinchStep	 (h : CellPocketOuterPinchStepSectionDistinctStatement.{u, w, v})
cellPocketPinchSectionDistinctStatement_of_section	 (h : CellPocketPinchSectionStatement.{u, w, v})
cellPocketPinchSectionStatement_of_outerPinchStep	 (h : CellPocketOuterPinchStepSectionStatement.{u, w, v})
cellPocketPinchSectionStatement_of_pos	 (h : CellPocketPinchPosStatement.{u, w, v})
cellPocketWalkEuler_of_noninterleaving	 (hcount : NoninterleavingVertexCountStatement.{v}) (hni : CellPocketWalkNoninterleavingStatement.{u, w, v})
cellPocketWalkSideRelatorCell_of_eitherFollows	 (hout : CellPocketWalkOuterOffSideStatement.{u, w, v}) (hfollow : CellPocketWalkEitherFollowsStatement.{u, w, v})
cellRoseLakesUnfilteredBelow_of_lakes	 (h : CellRoseUncutLakesBelowStatement.{u, w, v})
cellRoseStep_of_uncut	 (h : CellRoseUncutStatement.{u, w, v})
cellRoseUncutLakesBelow_of_step	 (h : CellPocketOuterPinchStepSectionDistinctBelowStatement.{u, w, v})
cellRoseUncutLakesBelow_of_unfiltered	 (h : CellRoseLakesUnfilteredBelowStatement.{u, w, v})
cellRoseUncutOffSide_of_osin	 (h : CellRoseUncutOsinStatement.{u, w, v})
cellRoseUncutOsin_of_offSide	 (h : CellRoseUncutOffSideStatement.{u, w, v})
cellRoseUncutOsin_of_uncut	 (h : CellRoseUncutStatement.{u, w, v})
cellStep_of_cases	 (hout : CellRoseLakesOutsideCellStatement.{u, w, v}) (hexit : CaseDLakeRelatorExitStatement.{u, w, v}) (hgonly : CellRoseLakeGOnlyBelowStatement.{u, w, v})
cellStep_of_lakes	 (hlakes : Piece06.CellRoseUncutLakesBelowStatement.{u, w, v})
cellStep_of_surgery	 (hsurgery : Piece06.CellRoseLakesSurgeryBelowStatement.{u, w, v})
cellStep_of_unfiltered	 (hunfiltered : Piece06.CellRoseLakesUnfilteredBelowStatement.{u, w, v})
cellStepBelow_of_monogonCorner_lakes	 (hmono : Piece06.CornerRefine.MonogonCornerStatement.{u, w, v}) (hlakes : Piece06.CellRoseUncutLakesBelowStatement.{u, w, v})
cellularReducedAt_of_reduced	 (hred : Delta.Reduced)
center_fixed	 (hne : S.Nonempty)
centeredIndicator_ne_zero	 (hU : U.Nonempty)
centralizer_eq_bot_of_isHypEmbedded_elementaryClosure	 (hN : N.Normal)
centralizer_eq_bot_of_le_isHypEmbedded	 (hN : N.Normal)
centralizer_normal_of_normal	 (hN : N.Normal)
centralRope_residuallyFinite_of_markedEmbedding_and_graph	 (hR : R.Finite)
chainRespellInput_of_pieces	 (hinsert : CornerInsertionInput.{u, w, v}) (hremove : SeparatingPathRemovalInput.{u, w, v})
charPCoordinates_of_finiteDomainAway	 (h : FiniteDomainAwayEmbeddingStatement)
charPElementaryAbsorptionStatement_of_suslin	 (hS : PolynomialSuslinStatement)
charPLinearHost_of_cubeLocal	 (hS : Absorption.PolynomialSuslinStatement) (hdiag : PolyK2StabRangeDiagStatement) (hloc : PolyK2CubeNilLocalStatement) (hfield : FieldK2VanishingStatement)
charPLinearHostStatement_of_chain	 (hcoord : CharPCoords.CharPPolynomialCoordinatesStatement) (habs : CharPElementaryAbsorptionStatement) (hfp : ElemFP.PolynomialFpElementaryFPStatement) (haff : AffineExtensionFPStatement) (hss : CharPAffineSelfSimilarStatement)
charPLinearHostStatement_of_frontier	 (hS : Absorption.PolynomialSuslinStatement) (hdiag : ElemFP.PolyK2StabRangeDiagStatement) (hone : ElemFP.PolyK2OneVarNilStatement) (hfield : ElemFP.FieldK2VanishingStatement)
charZeroElementaryAbsorptionStatement_of_suslin	 (hS : PolynomialSuslinStatement)
charZeroElementaryFP_of_gap	 (h : CharZeroElementaryFPGapStatement)
charZeroElementaryFPFive_of_charZeroElementaryFP	 (h : CharZeroElementaryFPStatement)
charZeroElementaryFPFive_of_stableK2FG	 (h : ElemFPCharZero.CharZeroStableK2FGStatement)
charZeroK2BaseFG_of_pos	 (h : CharZeroK2BasePosFGStatement)
charZeroK2BaseFG_of_stabGen	 (h : CharZeroK2PosStabGenStatement)
charZeroK2BaseFG_of_stableK2FG	 (h : CharZeroStableK2FGStatement)
charZeroK2BasePos_of_baseFG	 (h : CharZeroK2BaseFGStatement)
charZeroK2BasePos_of_stabGen	 (h : CharZeroK2PosStabGenStatement)
charZeroK2CubeGapPos_of_czCubeGapLocal	 (h : CZCubeGapLocalStatement)
charZeroK2CubeGapPos_of_nilGap	 (h : CharZeroK2NilGapStatement)
charZeroK2IntFG_of_basePos	 (h : CharZeroK2BasePosFGStatement)
charZeroK2NilFGPos_of_nilGap	 (h : CharZeroK2NilGapStatement)
charZeroK2NilFGPos_of_nilPos	 (h : CharZeroK2NilPosStatement)
charZeroK2NilFGPos_of_stepFGDiag	 (h : CharZeroK2NilStepFGDiagStatement)
charZeroK2NilGap_of_cubeGapPos	 (h : CharZeroK2CubeGapPosStatement)
charZeroK2NilGap_of_nilPos	 (h : CharZeroK2NilPosStatement)
charZeroK2NilPos_of_cubeGapPos	 (h : CharZeroK2CubeGapPosStatement)
charZeroK2NilPos_of_nilGap	 (h : CharZeroK2NilGapStatement)
charZeroK2NilStepFGDiag_of_nilPos	 (h : CharZeroK2NilPosStatement)
charZeroK2PosStabGen_of_fg_of_conjTriple	 (h : SurjStabConjTripleStatement)
charZeroK2PosStabGen_of_fng_of_conjTriple	 (h : SurjStabConjTripleStatement)
charZeroK2PosStabGen_of_fngSurj	 (h : CharZeroK2StabGenFNGSurjStatement)
charZeroK2SurjStab_of_conjTriple	 (h : SurjStabConjTripleStatement)
charZeroLinearHostStatement_of_chain	 (hcoord : CharZeroPolynomialCoordinatesStatement) (habs : CharZeroElementaryAbsorptionStatement) (hfp : CharZeroElementaryFPStatement) (haff : AffineExtensionFPStatement) (hss : CharZeroAffineSelfSimilarStatement)
charZeroLinearHostStatement_of_chainFive	 (hcoord : CharZeroPolynomialCoordinatesStatement) (habs : CharZeroElementaryAbsorptionStatement) (hfp : CharZeroElementaryFPFiveStatement) (haff : AffineExtensionFPStatement) (hss : CharZeroAffineSelfSimilarStatement)
charZeroLinearHostStatement_of_fgSubring	 (hcoord : FGSubringCoordinatesStatement) (habs : Chain.CharZeroElementaryAbsorptionStatement) (hfp : Chain.CharZeroElementaryFPStatement) (haff : Chain.AffineExtensionFPStatement)
charZeroLinearHostStatement_of_frontier	 (hS : Absorption.PolynomialSuslinStatement) (hfg : CharZeroHost.FGSubringCoordinatesStatement) (hK2 : ElemFPCharZero.CharZeroStableK2FGStatement)
charZeroLinearHostStatement_of_frontierTwo	 (hS : Absorption.PolynomialSuslinStatement) (hK2 : ElemFPCharZero.CharZeroStableK2FGStatement)
charZeroStableK2FG_of_base_of_cubeGapPos	 (hbase : CharZeroK2BaseFGStatement) (h : CharZeroK2CubeGapPosStatement)
charZeroStableK2FG_of_base_of_nilGap	 (hbase : CharZeroK2BaseFGStatement) (hnil : CharZeroK2NilGapStatement)
charZeroStableK2FG_of_basePos_of_cubeGapPos	 (hbase : CharZeroK2BasePosFGStatement) (h : CharZeroK2CubeGapPosStatement)
charZeroStableK2FG_of_basePos_of_nil	 (hb : CharZeroK2BasePosFGStatement) (hn : CharZeroK2NilFGPosStatement)
charZeroStableK2FG_of_splitGap	 (h : CharZeroK2SplitGapStatement)
chebyshevRadius_le	 (hne : S.Nonempty)
chebyshevRadius_nonneg	 (hne : S.Nonempty)
checkedTableTorsionFree_of_girthEight	 (h : GirthEightTorsionFree)
cheeger_le_two_mul_taggedBoundary_add_editDistance	 (hA : A.Nonempty)
chiodo_of_omega	 (hOmega : Higman.Omega.OmegaInput)
choiEffros_nuclearDensityGapStatement	 (hsqrt : ContractionSqrtCommutatorStatement)
choiEffros_nuclearTraceApproxDensityStatement	 (hsqrt : ContractionSqrtCommutatorStatement)
choiEffrosUcp_krausMap_nonneg	 (hP : P.PosSemidef)
choiEffrosUcp_nuclearDensityGapStatement	 (hsqrt : ContractionSqrtCommutatorStatement)
choiEffrosUcp_nuclearTraceApproxDensityStatement	 (hsqrt : ContractionSqrtCommutatorStatement)
chunk_length_le	 (hR : R.Nodup)
classBudget_of_otherClasses	 (hS : S.DartMinimal) (hmax : P.Maximal)
classCount_le_six_mul_otherClasses	 (hS : S.DartMinimal) (hmax : P.Maximal)
classificationEmptyFamilyRelGenSet_embedded	 (hD : D.IsHyperbolicallyEmbedded)
classPocketEnclosure_of_turns	 (hturns : ClassPocketTurnStatement.{u, w, v})
classPocketTurns_of_rotationTurns	 (h : ClassPocketRotationTurnStatement.{u, w, v})
cleanCactusRelatorRetyping_of_relatorOnly	 (hred : Delta.Reduced) (hplanar : Delta.toCombMap.IsPlanar)
clifford_act	 (h : H)
clifford_smul_act_sub	 (h : H)
climb_genUnitary_notMem	 (h : LemmaTwoHolds)
clopenCrossedProductDirectlyFiniteLEFStatement_of_coreModels	 (h : CoreModelsLEFStatement)
clopenCrossedProductNonzeroDefectStatement_of_coreModels	 (h : CoreModelsLEFStatement)
closedConvexHull_orbit_stable	 (h : H)
closedWalk	 (hK : K.Simple)
closedWalk_absorbSource	 (hK : K.ClosedWalk)
closedWalk_trimFirstLast	 (hK : K.ClosedWalk)
closedWalk_trimSecondLast	 (hK : K.ClosedWalk)
closedWalk_trimSourceLast	 (hK : K.ClosedWalk)
closedWalk_trimTargetHead	 (hK : K.ClosedWalk)
closedWalkEnclosedSubdiagramSucc_of_doublingCells	 (hcells : EnclosedBridgeDoublingCellsSuccStatement.{u, w, v})
closedWalkEnclosedSubdiagramSucc_of_statement	 (h : ClosedWalkEnclosedSubdiagramStatement.{u, w, v})
coe_foot	 (h : H)
coe_foot_mapAffine	 (h : H)
coe_mem_chainRecurrentSet_of_firstReturn_of_pieces	 (hRefl : CoreRingReflectionStatement) (hModels : CoreModelsLEFStatement)
coeFn_wallCocycle	 (hfin : SeparationFinite)
cohnBaseChange_of_conj	 (hC : CohnBaseChangeConjStatement)
cohnRelativeK2Surjective_of_leavittK2	 (hL : BinaryLeavittStableK2TrivialStatement)
cohnStableK2_of_baseChange	 (hB : CohnBaseChangeK2Statement) (hF : FieldTwoStableK2Statement)
cohnStableK2_of_conj	 (hC : CohnBaseChangeConjStatement) (hF : FieldTwoStableK2Statement)
collapsedMap_connected	 (hconnected : Delta.toCombMap.IsConnected)
collapseHom_comp_seedCopyHom	 (hDiamond : DiamondLemmaWordProblem)
combinatorialStep_of_inPlaceStep	 (h : RoseInPlaceStepStatement.{u, w, v})
combinedRelGenSet_hyperbolic	 (hE : E.IsHyperbolicallyEmbedded)
commensurability_witness_exterior_geometry	 (hAfin : A.carrier.Finite)
commonPowerOfNotIndependent_of_geodesicModel	 (hCP : CommonPowerInGeodesicSpace.{u, v})
commonZeroProperty_of_antipodalObstruction	 (h : AntipodalObstruction)
commQDTrace_blackadarKirchberg_commutativeOrAF_of_AF	 (haf : AFQuasidiagonalTraceStatement)
commQDTrace_commutative_stablyFinite_uct_quasidiagonal	 (hc : S.IsCommutative)
commQDTrace_isQuasidiagonalTrace_commutativeOrAF_of_AF	 (haf : AFQuasidiagonalTraceStatement)
commQDTrace_of_pointEvaluationAverage	 (hPE : CommutativeQD.PointEvaluationAverageStatement.{0})
commQDTrace_tikuisisWhiteWinterCommutativeOrAF_of_AF	 (haf : AFQuasidiagonalTraceStatement)
commutator_finiteIndex_of_gens	 (hT : T.Finite)
commutator_mem_and_ne_one	 (hK : K.Normal)
commutator_mem_ne_one	 (hK : K.Normal)
commutatorWitnessOfNotDisjoint_of_statements	 (h01 : NonDisjWitDisplacedStatement) (h02 : NonDisjWitCommLocalStatement) (h05 : NonDisjWitNonMetabelianStatement)
commutatorWitnessOfNotDisjoint_of_towerPermEmbedding	 (h04 : TowerPermEmbeddingStatement.{0})
commute_of_theorem4ModelFirst	 (h : Theorem4ModelFirstStatement)
commute_one_sub_spectralProjection	 (hS : S.Nonempty)
commute_one_sub_spectralProjection_of_normal	 (hS : S.Nonempty)
commute_signOfHermitian_of_commute	 (hH : H.IsHermitian)
commute_spectralAbove_of_commute	 (hH : H.IsHermitian)
commute_spectralProjection	 (hS : S.Nonempty)
commute_spectralProjection_of_normal	 (hS : S.Nonempty)
comp	 (hV : V.IsUnitaryAdj) (hU : U.IsUnitaryAdj)
comp_left	 (hT : T.IsCompactOp) (hR : R.IsBounded)
comp_right	 (hT : T.IsCompactOp) (hR : R.IsBounded)
compactEq_conj	 (hV : V.IsBounded)
compactEq_mul	 (hU : U.IsBounded)
compactEq_sumConj	 (hU : U.IsUnitaryAdj)
compactStarClosed_of_compactOfStarMulSelf	 (h : CompactOfStarMulSelfStatement)
compatFailure_sum_negligible	 (hT : T.Nonempty)
compatibleCoronaDenseNorming_of_wordNorming	 (hword : WordNormingStatement)
compatibleCoronaNorming_of_coronaPair	 (hpair : CoronaPairNormingStatement)
compatibleCoronaNorming_of_dense	 (hdense : CompatibleCoronaDenseNormingStatement)
compatibleCoronaNorming_of_domination	 (hdom : CompatibleCoronaDominationStatement)
compatibleCoronaNorming_of_unital	 (hunital : UnitalCompatibleCoronaNormingStatement)
compatibleRelativeHullContinuationStatement_of_compatibleAction	 (haction : CompatibleRelativeHullActionStatement.{u, v})
compatibleRelativeHullContinuationStatement_of_pairRefinement	 (hrefine : HyperbolicPairAcylindricalRefinementStatement.{u, v})
compatibleTargetPair_of_calkinWitness	 (h : CalkinWitnessStatement)
completion_hasCheegerLowerBound	 (hT : T.Nonempty)
component_planar	 (hM : M.IsPlanar)
componentCellArc_boundaryDarts	 (hlea : Delta.LeastArea)
componentFamily_act	 (hT : T.Nonempty)
componentFamily_cheeger	 (hT : T.Nonempty)
componentFamily_model	 (hT : T.Nonempty)
componentFamily_scale_eventually	 (hT : T.Nonempty)
componentOf_glueEmbedding_of_face_mem	 (hlea : Delta.LeastArea)
componentOf_leftIncl_of_face_mem	 (hlea : Delta.LeastArea)
componentOf_of_region	 (hlea : Delta.LeastArea)
compress_of_absorption	 (h : AbsorptionContainmentStatement)
computable_bcrCode	 (hDiamond : DiamondLemmaWordProblem)
computable_rawCompile	 (hOmega : Higman.Omega.OmegaInput)
computable_wordT	 (hOmega : Omega.OmegaInput)
computable_wordX	 (hOmega : Omega.OmegaInput)
computable_wordY	 (hOmega : Omega.OmegaInput)
concentrated_of_oneSided	 (h : M.OneSided)
configuration_of_fourLeaves	 (hgreendlinger :       GGT.VanKampen.RelativeGreendlingerQuasiGeodesicLeastAreaStatement.{0, 0, 0}) (hbridge : HullSC.RelativeIsoperimetricBridgeQuasiGeodesicEmbeddedStatement.{0, 0, 0}) (hKO : TheoremC.KotowskiOllivierStatement)
configuration_of_greendlinger	 (hgreendlinger :       GGT.VanKampen.RelativeGreendlingerQuasiGeodesicLeastAreaStatement.{0, 0, 0})
congr	 (hT : T.IsBounded)
conj_of_cohnBaseChange	 (hB : CohnBaseChangeK2Statement)
conj_spectralProjection_eq	 (hS : S.Nonempty)
conj_spectralProjection_eq_of_normal	 (hS : S.Nonempty)
conj_unitaryAverage_mul_eq	 (hS : S.Nonempty)
conj_zpow_mem	 (h : G)
conjTranspose_eigenCalc	 (hH : H.IsHermitian)
conjugateWordNorming	 (h : RecognitionAnalyticInputs)
conjugateWordNorming_of_printedPair_of_compatible	 (hT4 : Theorem4PrintedPairStatement) (hCTP : ShulmanSymmetricDouble.CompatibleTargetPairStatement) (hGNS : SeparableFaithfulRepresentationStatement.{1})
conjugateWordNorming_of_printedPair_of_compatible'	 (hT4 : Theorem4PrintedPairStatement) (hCTP : ShulmanSymmetricDouble.CompatibleTargetPairStatement)
conjugateWordNorming_of_shulmanTheorem16	 (h16 : Manuscript.MFRecognition.HNNPermanence.ShulmanTheorem16Statement)
conjugateWordNorming_of_symmetricDouble	 (hDouble : ShulmanSymmetricDouble.SymmetricDoubleMFStatement) (hEmbed : ShulmanSymmetricDouble.AmalgamEmbedsSymmetricDoubleStatement)
conjugateWordNorming_of_tailPair_of_compatible	 (hT4 : UnitalTailPairPackageStatement) (hMF : ShiftedPrintedMFStatement) (hCTP : ShulmanSymmetricDouble.CompatibleTargetPairStatement)
conjugateWordNorming_of_tailPair_of_compatible'	 (hT4 : UnitalTailPairPackageStatement) (hCTP : ShulmanSymmetricDouble.CompatibleTargetPairStatement)
conjugateWordNorming_of_typeZeroWitness	 (hDouble : ShulmanSymmetricDouble.SymmetricDoubleMFStatement)
conjWord_mem_of_mem	 (hH : H.Normal)
connected	 (hM : M.IsConnected)
connected_of_neFace	 (hM : M.IsConnected)
connected_of_planar	 (hM : M.IsPlanar)
connected_of_preconnected	 (hconn : Gamma.Preconnected)
connected_of_sigma_fixed	 (hM : M.IsConnected)
connected_of_surjective	 (hN : N.IsConnected)
connesTrickStatement_of_layerRounding	 (h : LayerRoundingStatement.{u})
constraintSet_nonempty_of_state	 (h : A)
constraintSet_subset_closedBall	 (h : A)
contactClass_head_cycle	 (hleast : Delta.LeastArea)
contactClass_head_of_mem	 (hleast : Delta.LeastArea)
contactClass_of_boundaryStep	 (hleast : Delta.LeastArea)
contigResidual_of_block	 (h : RoseExtremalBlockStatement.{u, w, v})
contigResidualNoWrap_of_blockNoWrap	 (h : RoseExtremalBlockNoWrapStatement.{u, w, v})
contigResidualNoWrap_of_contigResidual	 (h : P10ExtremalContig.RoseExtremalContigResidualStatement.{u, w, v})
contigResidualNoWrap_of_noWrapCore	 (h : RoseExtremalBlockNoWrapCoreStatement.{u, w, v})
contiguity_of_block	 (h : RoseExtremalBlockStatement.{u, w, v})
contiguity_of_contigResidual	 (h : RoseExtremalContigResidualStatement.{u, w, v})
contiguityDegree_lt_mu_of_o52	 (hO52 : O52LeastAreaStatement.{u, w, v}) (hlea : Xi.LeastArea)
contiguityDegree_lt_mu_of_section_one	 (hO52 : O52LeastAreaStatement.{u, w, v}) (hlea : Delta.LeastArea)
coordinatesStatement_of_fgSubring	 (h : FGSubringCoordinatesStatement)
coprimarySplitting_of_linearity	 (h : PureCharLinearityStatement)
copy_mem_switchRelators	 (hDiamond : DiamondLemmaWordProblem)
copyGL_injective	 (hne : V.Nonempty)
copyHom_eq_one_of_killed	 (hDiamond : DiamondLemmaWordProblem)
copyHom_injective	 (hDiamond : DiamondLemmaWordProblem)
copyHom_seedEquiv	 (hDiamond : DiamondLemmaWordProblem)
copyRegion_of_firstTurns	 (hK : K.FirstTurns)
copyRegion_of_offSideWalk	 (hfollow : CellPocketWalkEitherFollowsStatement.{u, w, v}) (hpinch : CellPocketPinchPosStatement.{u, w, v}) (hlea : Delta.LeastArea)
copyRegion_of_offSideWalkEuler	 (heuler : CellPocketWalkEulerStatement.{u, w, v}) (hpinch : CellPocketPinchPosStatement.{u, w, v}) (hlea : Delta.LeastArea)
copyRegion_of_offSideWalkSection	 (heuler : CellPocketWalkEulerStatement.{u, w, v}) (hlea : Delta.LeastArea)
copyRegion_of_offSideWalkSectionBelow	 (heuler : CellPocketWalkEulerStatement.{u, w, v}) (hlea : Delta.LeastArea)
copyRegion_of_offSideWalkSectionPinchBelow	 (heuler : CellPocketWalkEulerStatement.{u, w, v}) (hlea : Delta.LeastArea)
copyRegion_of_offSideWalkSectionRefutedBelow	 (hlea : Delta.LeastArea)
copyRegion_of_pinch	 (hpinch : CellPocketPinchPosStatement.{u, w, v}) (hK : K.ClosedWalk)
copyRegion_of_pinchSection	 (hlea : X.LeastArea) (hK : K.ClosedWalk)
copyRegion_of_pinchSectionDistinct	 (hlea : X.LeastArea) (hK : K.ClosedWalk)
copyRegion_of_pinchSectionDistinctBelow	 (hlea : X.LeastArea) (hK : K.ClosedWalk)
copyRegionEuler_of_offSideWalk	 (heuler : CellPocketWalkEulerStatement.{u, w, v}) (hlea : Delta.LeastArea)
copySection	 (h : OsinMultipleEdgePocketRegionSectionStatement.{u, w, v})
core_of_roseExtremalBlock	 (h : P10ExtremalResidual.RoseExtremalBlockStatement.{u, w, v})
coreComponent_cheeger_pos	 (hT : T.Nonempty)
coreComponent_hasCheegerLowerBound	 (hT : T.Nonempty)
coreKernelElementaryStatement_of_cells	 (h : TransientCellsStatement)
coreKernelElementaryStatement_of_matricial	 (h : TransientIdealLocallyMatricialFTwoStatement)
coreKernelLeRelativeElementary_of_pieces	 (hmat : ClopenCrossedProduct.TransientIdealLocallyMatricialFTwoStatement) (hgen : CoreTransientIdealLeDefectIdealStatement)
coreMFRadicalKillEL_of_relativeElementary	 (hid : CoreKernelLeRelativeElementaryStatement)
coreMFRadicalKillGL_of_coreModels	 (hlef : CoreModelsLEFStatement)
coreMFRadicalKillGL_of_pieces	 (hbil : PrintedBilateralThree) (hid : CoreKernelLeRelativeElementaryStatement)
coreMFRadicalKillGL_of_transientMatrices	 (hbil : PrintedBilateralThree) (hmat : ClopenCrossedProduct.TransientIdealLocallyMatricialFTwoStatement) (hgen : CoreTransientIdealLeDefectIdealStatement)
coreMFRadicalKillStatement_of_coreModels	 (hlef : CoreModelsLEFStatement)
coreMFRadicalKillStatement_of_halves	 (hgl : CoreMFRadicalKillGLStatement) (hel : CoreMFRadicalKillELStatement) (hlf : CoreKernelLocallyFiniteStatement)
coreModelsLEFStatement_of_inputs	 (hLEF : SubshiftCycleConditionLEFInput) (hcyc : SubshiftCoreCycleConditionInput)
coreRestrictionLocallyFiniteKernel_of_transientLocallyMatricial	 (h : TransientIdealLocallyMatricialStatement)
coreRingReflectionStatement_of_coreModels	 (h : CoreModelsLEFStatement)
coreSubshift_nonempty	 (hne : X.Nonempty)
corner_inner	 (hS : D.SimpleBoundary)
corner_isMFAlgebra	 (hShulman : ShulmanTheorem16Statement)
cornerCompression_add	 (hP : P.IsHermitian)
cornerCompression_conjTranspose	 (hP : P.IsHermitian)
cornerCompression_mul_of_commute	 (hP : P.IsHermitian)
cornerCompression_projection_eq_one	 (hP : P.IsHermitian)
cornerCompression_projectionSandwich_mul	 (hP : P.IsHermitian)
cornerCompression_smul	 (hP : P.IsHermitian)
cornerCompression_zero	 (hP : P.IsHermitian)
cornerDigon_of_monogonCorner	 (hmono : MonogonCornerStatement.{u, w, v})
cornerExcluded	 (hS : S.DartMinimal)
cornerExcluded_of_switch	 (hS : S.DartMinimal)
cornerPredicate_iff_eigenvalue_ne_zero	 (hP : P.IsHermitian)
cornerUnitSubgroup_le_mfHomKernel	 (hB : FullDefectRankTwo.PrintedFullComplementaryIdempotentsRankTwo)
coronaGap	 (hS : S.Nonempty)
coronaSpectrumInclusion	 (hS : S.Nonempty)
cosetSlice_mul	 (h : H)
countable_closure_of_countable	 (hS : S.Countable)
countable_closure_of_finite	 (hS : S.Finite)
countableToFG_of_effective	 (h : BridgeEffective)
countableToFG_of_input	 (h : BridgeRecursive)
coverConj_apply_coe	 (h : H)
coveringRadius_bddBelow	 (hne : S.Nonempty)
coveringRadius_le	 (hne : S.Nonempty)
coveringRadius_lipschitz	 (hne : S.Nonempty)
coveringRadius_midpoint_sq	 (hne : S.Nonempty)
coveringRadius_mono	 (hS : S.Nonempty)
coveringRadius_nonneg	 (hne : S.Nonempty)
cThreeTEightHyperbolicity_of_girthEight	 (h : GirthEightHyperbolicity)
cThreeTEightInfinite_of_girthEight	 (h : GirthEightInfinite)
cubeCofinalDiag_cubeNilPosLocalDies	 (h : CubeCofinalDiagStatement)
cubeCofinalDiag_of_cubeNilPosLocalCofinal	 (h : CubeNilPosLocalCofinalStatement)
cubeDiagDilate_cubeCofinalDiag_of_generated	 (h : CubeDiagDilateGeneratedStatement)
cubeDiagDilate_generated_of_cubeCofinalDiag	 (h : CubeCofinalDiagStatement)
cubeDiagDilate_polyK2OneVarNil_of_generated	 (h : CubeDiagDilateGeneratedStatement)
cubeNilFieldPos_of_polyK2CubeNilLocal	 (h : PolyK2CubeNilLocalStatement)
cubeNilPosLocalCofinal_of_cubeCofinalDiag	 (h : CubeCofinalDiagStatement)
cubeNilPosLocalCofinal_of_polyK2CubeNilFieldPos	 (h : PolyK2CubeNilFieldPosStatement)
cut_nodup	 (hL : L.Nodup)
cutting_internal_of_side	 (hapart : S.GFacesApart)
cuttingChainsQuasiGeodesic_of_dartMinimal	 (hS : S.DartMinimal)
cuttingSubgroup_fg	 (hR : R.Finite)
cycleBreak_baseChange_of_relativeKernel	 (hR : CycleBreakRelativeKernelStatement) (hL : BinaryLeavittStableK2TrivialStatement)
cycleBreak_cohnStableK2_of_baseChange	 (hB : CohnBaseChangeK2Statement)
cycleBreak_cohnStableK2_of_conj	 (hC : CohnBaseChangeConjStatement)
cycleBreak_cohnStableK2_of_relativeKernel	 (hR : CycleBreakRelativeKernelStatement) (hL : BinaryLeavittStableK2TrivialStatement)
cycleBreak_conj_of_cohnStableK2	 (hS : BinaryCohnStableK2TrivialStatement)
cycleBreak_conj_of_relativeKernel	 (hR : CycleBreakRelativeKernelStatement) (hL : BinaryLeavittStableK2TrivialStatement)
cycleBreak_leavittK2_of_conj	 (hC : CohnBaseChangeConjStatement)
cycleBreak_relativeKernel_of_cohnStableK2	 (hS : BinaryCohnStableK2TrivialStatement)
cyclicPeripheralRemovalStatement_of_hyperbolicity	 (h : CyclicPeripheralRemovalHyperbolicityStatement.{u, w, v})
czBaseFG_sqfreeFour_of_rankFour	 (h : CZK2FngRankFourStatement)
czBaseFGCz_coker_of_baseFG	 (h : CharZeroK2BaseFGStatement)
czCubeGapFinitelyPresentedMetabelian_of_frontierThree	 (hm : Coprimary.PureCharPrimeEHighModuleStatement) (hH : Absorption.SuslinLocalHorrocksStatement) (hvdk : ElemFP.VdKRowExtensionStatement) (hloc : ElemFP.PolyK2CubeNilLocalStatement) (hbruhat : ElemFP.FieldK2.BruhatBigCellStatement) (hgen : CharZeroK2PosStabGenStatement) (hcz : CZCubeGapLocalStatement) (hswap : Envelope.HigmanVSwapSectionStatement) (hrel : Envelope.RNRelatorsFiniteCoreStatement) (hperf : Envelope.GenTorsionVPerfectStatement)
czCubeGapLocal_of_charZeroK2CubeGapPos	 (h : CharZeroK2CubeGapPosStatement)
czCubeLocal_charZeroK2CubeGapPos_of_residue	 (h : CZCubeLocalResidueStatement)
czCubeLocal_charZeroK2CubeGapPos_of_residue_of_rowPar	 (h : CZCubeLocalResidueStatement)
czCubeLocal_czCubeGapLocal_of_residue	 (h : CZCubeLocalResidueStatement)
czCubeLocal_exists_prime_mem	 (hP : P.IsMaximal)
czCubeLocal_exists_prime_mem_away	 (hP : P.IsMaximal)
czCubeLocal_exists_prime_mem_mvPolynomial	 (hP : P.IsMaximal)
czCubeLocal_gapLocalOver_of_residue	 (h : CZCubeLocalResidueStatement)
czCubeLocal_residue_of_gapLocal	 (h : CZCubeGapLocalStatement)
czCubePos_charZeroK2CubeGapPos_of_cubePos	 (h : CZCubePosStatement)
czCubePos_charZeroK2CubeGapPos_of_resField_of_cubeStab	 (h : CZCubeResFieldStatement)
czCubePos_cubePos_of_charZeroK2CubeGapPos	 (h : CharZeroK2CubeGapPosStatement)
czCubePos_finitelyPresentedMetabelian	 (hH : Absorption.SuslinLocalHorrocksStatement) (hvdk : ElemFP.VdKRowExtensionStatement) (hloc : ElemFP.PolyK2CubeNilLocalStatement) (hgen : CharZeroK2PosStabGenStatement) (hcp : CZCubePosStatement) (hswap : Envelope.HigmanVSwapSectionStatement)
czCubeResField_charZeroK2CubeGapPos_of_resField	 (h : CZCubeResFieldStatement)
czCubeResField_resField_of_residue	 (h : CZCubeLocalResidueStatement)
czCubeResField_residue_of_resField	 (h : CZCubeResFieldStatement)
czK2Fng_charZeroK2PosStabGen_of_rankFourFP_of_conjTriple	 (h : CharZeroRankFourFPStatement)
czK2Fng_elemFour_fp_of_rankFourFP	 (h : CharZeroRankFourFPStatement)
czK2Fng_fngFive_of_rankFour	 (h4 : CZK2FngRankFourStatement)
czK2Fng_stabGenFNGSurj_of_rankFour	 (h4 : CZK2FngRankFourStatement)
czK2Fng_stabGenFNGSurj_of_rankFourFP	 (h : CharZeroRankFourFPStatement)
czK2FngFour_fng_of_le_sup	 (hS : S.Finite)
czK2FngFour_ker_fng_of_le_sup_closure	 (hS : S.Finite) (hT : T.Finite)
czK2FngFour_ker_subgroupOf_closure	 (hT : T.Finite)
czK2FngFour_torus_of_rankFour	 (h : CZK2FngRankFourStatement)
czK2FngRankFour_of_rankFourFP	 (h : CharZeroRankFourFPStatement)
czK2FngTorus_fng_of_le	 (hS : S.Finite)
czK2FngTorus_gtOne_of_rankFour	 (h : CZK2FngRankFourStatement)
czK2FngTorus_succ_of_le_sup	 (hT : T.Finite)
czNK2_cone_of_resField	 (h : CZCubeResFieldStatement)
czRankFourFP_hmClosed_fpMetabelian_of_six	 (hH : Absorption.SuslinLocalHorrocksStatement) (hvdk : ElemFP.VdKRowExtensionStatement) (hloc : ElemFP.PolyK2CubeNilLocalStatement) (hsl : ElemFPCharZero.czRankFourFP_SLFourStatement) (hcube : ElemFPCharZero.CharZeroK2CubeGapPosStatement) (hswap : HigmanVSwapSectionStatement)
czRankFourFP_posStabGen_of_rankFourFP	 (h : CharZeroRankFourFPStatement)
czRankFourFP_sl_of_rankFourFP	 (h : CharZeroRankFourFPStatement)
czRankFourFP_vdkHigh_fpMetabelian_of_six	 (hH : Absorption.SuslinLocalHorrocksStatement) (hdiag : ElemFP.vdkInj_DiagStatement) (hloc : ElemFP.PolyK2CubeNilLocalStatement) (hsl : ElemFPCharZero.czRankFourFP_SLFourStatement) (hcube : ElemFPCharZero.CharZeroK2CubeGapPosStatement) (hswap : HigmanVSwapSectionStatement)
czSLFourFP_sl_of_st_of_k2Fng	 (hk : CZK2FngRankFourStatement)
czStabGen_k2SurjStab_of_triOff	 (h : CZStabGenTriOffStatement)
czStabGen_posStabGen_of_rankFour_triOff	 (h4 : CZK2FngRankFourStatement) (htri : CZStabGenTriOffStatement)
czStabGen_tri_of_triOff	 (h : CZStabGenTriOffStatement)
czStabGenFNGSurj_of_charZeroK2PosStabGen	 (h : CharZeroK2PosStabGenStatement)
czStFourFP_conj_comm_pow	 (h : P)
czStFourFP_conj_comm_pow_inv	 (h : P)
czStFourFP_conj_swap	 (h : G)
czStFourFP_sl_of_k2Fng	 (hk : CZK2FngRankFourStatement)
czTriOff_posStabGen_of_rankFour	 (h4 : CZK2FngRankFourStatement)
dart_eq_or_alpha_of_fixed_endpoints	 (hconnected : M.IsConnected)
dart_eq_or_alpha_of_swapped_endpoints	 (hM : M.IsConnected)
dartCount_le_four_of_facePerm_four	 (hconnected : M.IsConnected)
degree_le_two_mu	 (hred : Delta.Reduced)
degree_lt_mu	 (hred : Delta.Reduced)
deleteDigon_faceCount	 (hS : S.map.IsPlanar)
deleteDigon_planar	 (hS : S.map.IsPlanar)
delta_mul_switch_eq_genPair	 (h : Sync)
descend_apply	 (h : H)
descentInput_of_merge_step	 (hO52 : O52LeastAreaStatement.{u, w, v})
descentInput_of_sectionPocketCut	 (hO52 : O52LeastAreaStatement.{u, w, v})
descentInput_of_sectionPocketCut_multiBelow	 (hO52 : O52LeastAreaStatement.{u, w, v})
descentInput_of_sectionPocketCut_pocketBelow	 (hO52 : O52LeastAreaStatement.{u, w, v})
det_one_sub_smul_eq_prod_eigenvalues	 (hH : H.IsHermitian)
dgoCorollary612_of	 (h611 : DGOTheorem611.{u}) (h433 : DGOProposition433.{u})
dgoCorollary612_of_611	 (h611 : DGOTheorem611.{u})
dgoLemma421a_of_uniform414	 (h : DGOProposition414Uniform.{u, w})
dgoLemma421b_finiteAbsorption_of_uniform414	 (h : DGOProposition414Uniform.{u, w})
dgoLemma421b_injectiveTargets_of_uniform414	 (h : DGOProposition414Uniform.{u, w})
dgoLemma421b_locatedAbsorption_of_uniform414	 (h : DGOProposition414Uniform.{u, w})
dgoLemma421b_of_orderedBlockConclusion	 (h : DGO421OrderedBlockConclusion.{u, w})
dgoLemma421b_of_orderedOccurrenceProducer	 (h : DGO421OrderedOccurrenceProducer.{u, w})
dgoLemma421b_of_uniform414	 (h : DGOProposition414Uniform.{u, w})
dgoLemma421b_singleMatch_of_uniform414	 (h : DGOProposition414Uniform.{u, w})
dgoProposition435FullLocalFiniteness_of_proposition414Uniform	 (h414 : OsinComponents.DGOProposition414Uniform.{u, w}) (hiso : DGOProposition435IsolatedWitnessStatement.{u, v, w}) (horig : DGOProposition435FullOriginalLocalFinitenessStatement.{u, v, w})
dgoProposition435FullLocalFiniteness_of_statement	 (h : DGOProposition435FullStatement.{u, v, w})
dgoProposition435FullStatement_of_localFiniteness	 (h : DGOProposition435FullLocalFinitenessStatement.{u, v, w})
dgoProposition435FullStatement_of_proposition414Uniform	 (h414 : OsinComponents.DGOProposition414Uniform.{u, w}) (hiso : DGOProposition435IsolatedWitnessStatement.{u, v, w}) (horig : DGOProposition435FullOriginalLocalFinitenessStatement.{u, v, w})
dgoProposition435InclusionFiniteStatement_of_inclusionStatement	 (h : DGOProposition435InclusionStatement.{u, v, w})
dgoProposition435InclusionFiniteStatement_of_jointHyperbolic	 (hhyp : DGOProposition435JointHyperbolicStatement.{u, v, w}) (h414 : OsinComponents.DGOProposition414Uniform.{u, w})
dgoProposition435InclusionStatement_of_residues	 (hhyp : DGOProposition435JointHyperbolicStatement.{u, v, w}) (hloc : DGOProposition435JointLocalFinitenessStatement.{u, v, w})
dgoProposition435JointHyperbolic_of_base_eq	 (hE : E.IsHyperbolicallyEmbedded)
dgoProposition435JointHyperbolic_of_inclusionStatement	 (h : DGOProposition435InclusionStatement.{u, v, w})
dgoProposition435JointLocalFiniteness_of_finiteAuxiliaryLetters	 (h : DGOProposition435FiniteAuxiliaryLettersStatement.{u, v, w})
dgoProposition435JointLocalFiniteness_of_inclusionStatement	 (h : DGOProposition435InclusionStatement.{u, v, w})
dgoProposition435LocalFiniteness_of_statement	 (h : DGOProposition435Statement.{u, v, w})
dgoProposition435Statement_of_localFiniteness	 (h : DGOProposition435LocalFinitenessStatement.{u, v, w})
dgoQuotientStatementGeodesic_of_dgoQuotientStatement	 (h : DGOQuotientStatement.{u, v})
dgoQuotientStatementGeodesic_of_withLift	 (h : DGOQuotientStatementGeodesicWithLift.{u, v})
dgoTheorem235Printed_of_geometricInputs	 (hPowers : PowersFreeGroupCStarSimple) (hAL : AkemannLeeCStarSimplePermanence) (hBKKO : BKKOUniqueTraceOfCStarSimple) (hcone : ElementaryConeOffHypEmbedded.{0, 0}) (hproper : ElementaryClosureProper.{0, 0}) (hsplit : FreeNormalClosureOfPower)
dgoTheorem235Printed_of_hypEmbedded	 (h : SimpleUniqueTraceAtHypEmbedded)
dgoTheorem235Printed_of_inputs	 (hPowers : PowersFreeGroupCStarSimple) (hAL : AkemannLeeCStarSimplePermanence) (hBKKO : BKKOUniqueTraceOfCStarSimple) (hGroup : FreeNormalSubgroupAtHypEmbedded)
dgoTheorem235Printed_of_naiveFreeProduct	 (h : NaiveFreeProductAtAcylindricallyHyperbolic)
dgoTheorem235Printed_of_powersAveraging	 (h : PowersAveragingAtHypEmbedded)
dgoTheorem235Printed_of_powersAveraging_acylHyperbolic	 (h : PowersAveragingAtAcylindricallyHyperbolic)
dgoTheorem235Printed_of_powersInputs	 (hFree : PowersPropertyFreeGroup) (hTransfer : AkemannLeeAveragingTransfer) (hGroup : FreeNormalSubgroupAtHypEmbedded)
dgoTheorem235Printed_of_powersProperty	 (h : PowersPropertyAtAcylindricallyHyperbolic)
dgoTheorem442_boundedOrbit	 (h : G)
dgoTheorem68_of	 (hcone : ElementaryConeOffHypEmbedded.{u, v}) (hproper : ElementaryClosureProper.{u, v})
dgoTheorem68_of_geodesic_projection	 (h442 : DGOTheorem442.{u, v}) (hpower : DGOTheorem68PowerOverlap.{u, v})
dgoTheorem68_of_projection_unconditional	 (h442 : DGOTheorem442.{u, v})
dgoUniformSumBound_of_uniform414	 (h : DGOProposition414Uniform.{u, w})
diagram_leastArea	 (hlea : Delta.LeastArea)
diagram_leastAreaCut	 (hlea : Delta.LeastArea)
diagram_reduced	 (hred : Delta.Reduced)
directed_constraintSet	 (h : A)
directed_vanishingConstraintSet	 (h : A)
dirSymm_foot	 (h : H)
disc_interiorEuler_eq_one_of_planar	 (hplanar : Delta.toCombMap.IsPlanar)
discRegion_cycle	 (hM : M.IsConnected)
disjoint_movedSet_of_forall_commutator_eq_one_of_statements	 (h01 : NonDisjWitDisplacedStatement) (h02 : NonDisjWitCommLocalStatement) (h05 : NonDisjWitNonMetabelianStatement)
disjoint_movedSet_of_forall_commutator_eq_one_of_towerPermEmbedding	 (h04 : TowerPermEmbeddingStatement.{0})
disjoint_of_gapOffFace	 (hgap : GapOffFaceStatement.{u, w, v})
disjoint_sideFaces_of_barrier	 (hM : M.IsPlanar)
disjoint_sideFaces_of_barrier_noncrossing	 (hM : M.IsPlanar)
disjoint_sideFaces_of_two_faces	 (hM : M.IsPlanar)
dismantlable_of_forall_dist_le	 (hconn : G.Connected) (hne : H.Nonempty)
displacement_continuous	 (hQ : Q.Nonempty)
displacement_le	 (hQ : Q.Nonempty)
displacement_le_add	 (hQ : Q.Nonempty)
displacement_line_continuous	 (hQ : Q.Nonempty)
displacement_lipschitz	 (hQ : Q.Nonempty)
displacement_nonneg	 (hQ : Q.Nonempty)
displacement_smul	 (hQ : Q.Nonempty)
dist_add_dist_add_length_even	 (hH : H.IsTree)
dist_center_le_of_covered	 (hne : S.Nonempty)
dist_inv_pow_smul	 (h : G)
dist_inv_smul	 (h : G)
dist_iso	 (hconn : G.Connected)
dist_iso_le	 (hconn : G.Connected)
dist_le_card_sepFinset	 (hT : H.IsTree)
dist_le_norm_sq_treeAction	 (hT : H.IsTree)
dist_le_of_geodesicPredecessor	 (hconn : G.Connected)
dist_le_walk_length_of_mem_support	 (hconn : Gamma.Connected)
dist_map_sq_le	 (hne : Ssmall.Nonempty)
dist_mk_mul_le_one	 (hconn : Gamma.Preconnected)
dist_mk_mul_prod_le_length	 (hconn : Gamma.Preconnected)
dist_ne_of_adj	 (hH : H.IsTree)
dist_parity	 (hH : H.IsTree)
dist_pow_smul_le	 (h : G)
dist_smul	 (hconn : H.Connected)
dist_smul_eq	 (hH : H.IsTree)
dist_smul_le	 (hconn : H.Connected)
dist_smul_le_max_of_between	 (hH : H.IsTree)
dist_sq_le_of_coveringRadius	 (hne : S.Nonempty)
dominated_by_parent	 (hconn : G.Connected)
dual_connected	 (h : M.IsConnected)
dual_planar	 (h : M.IsPlanar)
e12_charFn_ne_one	 (hne : U.Nonempty)
e12_one_not_mem_ker	 (hne : Y.Nonempty)
eBase_fg	 (hH : H.FG)
edge_mem_edges_of_separated	 (hT : H.IsTree)
edgeBound_of_subdividedGraph	 (hplanar : M.IsPlanar)
edgeBound_of_subdividedMultigraph	 (hplanar : M.IsPlanar)
edgeCount_add	 (hM : M.IsPlanar)
edgeCount_le_three_mul_vertex_sub_one	 (hplanar : M.IsPlanar)
edgeCount_le_three_mul_vertex_sub_one_of_simple	 (hplanar : M.IsPlanar) (hloop : M.IsLoopless) (hmulti : M.HasNoMultipleEdges)
edgeSquareVariation_generatorGraph_le_average_displacement	 (hT : T.Nonempty)
ee_one	 (h54 : OsinEnlargement.OsinTheorem54Fam.{u, w}) (hheGX : HeGXSingle.{u, w}) (hone : EeOneStep.{u, w}) (hD : D.IsHyperbolicallyEmbedded)
eeOneStep_of_localFiniteness	 (h : EeLocalFiniteness.{u, w})
effectiveHigmanCompiler_of_omega	 (hOmega : Higman.Omega.OmegaInput)
eHighArtinHassePolyFun_of_wittEmbed	 (h : EHighArtinHasseWittEmbedStatement)
eHighCoprimary_devissage_of_mixed	 (h : EHighCoprimaryMixedStatement)
eHighCoprimary_pureCharPrimeEHighModule_of_mixed	 (h : EHighCoprimaryMixedStatement)
eHighETwo_of_polyFun	 (h : EHighArtinHassePolyFunStatement)
eHighETwo_of_units	 (h : EHighETwoUnitsStatement)
eHighETwoUnits_of_polyFun	 (h : EHighArtinHassePolyFunStatement)
eHighWittCoeff_eTwo_of_module	 (h : EHighWittCoeffModuleStatement)
eHighWittCoeff_of_module	 (h : EHighWittCoeffModuleStatement)
eHighWittCoeff_wittEmbed_of_module	 (h : EHighWittCoeffModuleStatement)
eHighWittLin_eTwo_of_coeff	 (h : EHighWittLinCoeffStatement)
eHighWittLin_polyFun_of_coeff	 (h : EHighWittLinCoeffStatement)
eHighWittLin_wittEmbed_of_coeff	 (h : EHighWittLinCoeffStatement)
eHighWittModRed_module_of_iface	 (hI : EHighWittModSelfInjStatement) (hE : EHighWittModEmbedStatement)
eigenCalc_congr	 (hH : H.IsHermitian)
eigenCalc_mul	 (hH : H.IsHermitian)
eigenCalc_mul_hermitian_mul	 (hH : H.IsHermitian)
eigenCalc_one	 (hH : H.IsHermitian)
eigenCalc_sub	 (hH : H.IsHermitian)
eigenCalc_sub_self	 (hH : H.IsHermitian)
eigenvalue_mul_normSq_le_inner_of_mem_span_Iic	 (hS : S.IsSymmetric)
eigenvalues_all_positive_or_all_negative_of_inverseForm_anisotropic	 (hS : S.toLinearMap.IsSymmetric)
eigenvalues_le_of_quadraticForm_le	 (hS : S.IsSymmetric) (hT : T.IsSymmetric)
eigenvalues_ne_zero_of_linearEquiv	 (hS : S.toLinearMap.IsSymmetric)
eigenvalues_pairwise_mul_nonneg_of_inverseForm_anisotropic	 (hS : S.toLinearMap.IsSymmetric)
elementaryAbsorption_of_localGlobalQuillen	 (h : SuslinLocalGlobalQuillenStatement)
elementaryAbsorptionStatements_of_oneVariable	 (h : SuslinOneVariableStatement)
elementaryAbsorptionStatements_of_patching	 (h : SuslinPatchingStatement)
elementaryAbsorptionStatements_of_suslin	 (hS : PolynomialSuslinStatement)
elementaryClosure_eq_zpowers_of_matchedProduct	 (h : G)
elementaryClosure_product_eq_zpowers	 (hmatch : P.HasConsecutiveComponentMatch)
elementaryClosureFiniteTransversalStatement_of_coarseTranslation	 (hct : ElementaryClosureCoarseTranslationStatement.{u, v})
elementaryClosureProper_of_coarseTranslation	 (hct : ElementaryClosureCoarseTranslationStatement.{u, v})
elementaryRoot_coefficient_eq_zero_of_mem_proper_normal	 (hN : N.Normal)
elt_eq_eltOn	 (hnodup : L.Nodup)
embedded	 (hD : D.IsHyperbolicallyEmbedded)
embedded_and_wConditions_blockWord_adjoinPair	 (hemb : D.IsHyperbolicallyEmbedded)
embedded_of_bounded_transfer_of_certificates	 (htransfer : BoundedRelativeLinearAreaTransferStatement.{u, v, w}) (hD : D.IsHyperbolicallyEmbedded)
embeddedEstimatingSystemConstruction_of_data	 (hdata : EstimatingDataConstructionStatement.{u, w, v})
embeddedEstimatingSystemConstruction_of_joint	 (hjoint : EstimatingJointConstructionStatement.{u, w, v}) (hpieces : EstimatingPieceConstructionStatement.{u, w, v})
embedsInFGSimpleSolvable_of_hasSolvableWordProblem	 (hS : HostRecursivePresentationStatement)
embedsInFinitelyPresentedSimpleGroup	 (henv : FPSelfSimilarEnvelopeStatement)
emptyFamilyRelGenSet_embedded	 (hD : D.IsHyperbolicallyEmbedded)
enclosedLeastAreaFilterSucc_of_doubling	 (hdouble : EnclosedBridgeDoublingSuccStatement.{u, w, v})
enclosedLeastAreaFilterSucc_of_pieces	 (hdouble : EnclosedBridgeDoublingSuccStatement.{u, w, v}) (hpocket : EnclosedPocketRegionSuccStatement.{u, w, v})
enclosedLeastAreaFilterSucc_of_statement	 (h : EnclosedLeastAreaFilterStatement.{u, w, v})
enclosedLoopPocketRegionSucc_of_pieces	 (hdouble : EnclosedBridgeDoublingSideArcSuccStatement.{u, w, v}) (hunpinch : EnclosedLoopPocketUnpinchSuccStatement.{u, w, v})
enclosedSubdiagram_leastAreaCut	 (hDelta : Delta.LeastArea)
enclosedSubdiagramLoopCutSucc_of_loopCut	 (h : EnclosedSubdiagramLoopCutStatement.{u, w, v})
enclosedSubdiagramLoopCutSuccLong_of_doubling	 (hdouble : EnclosedBridgeDoublingSideArcSuccStatement.{u, w, v})
enclosedSubdiagramLoopCutSuccLong_of_loopCutSucc	 (h : EnclosedSubdiagramLoopCutSuccStatement.{u, w, v})
enclosedSubdiagramLoopCutSuccLong_of_pocketRegion	 (h : EnclosedLoopPocketRegionSuccStatement.{u, w, v})
encodedEnumerator_partrec	 (hDiamond : DiamondLemmaWordProblem)
endBlock_not_statement_of_classes	 (hlea : X.LeastArea) (hK : K.ClosedWalk)
endBlock_not_statement_of_counterexample	 (hlea : X.LeastArea) (hK : K.ClosedWalk)
entries_finite	 (hS : S.Finite)
enumeratedRangeGenerated_of_boundedWindowRE	 (h : BoundedWindowRE)
epsilon_ne_zero	 (hne : V.Nonempty)
epsilonHom_injective	 (hne : V.Nonempty)
eq_center_of_coveringRadius_eq	 (hne : S.Nonempty)
eq_eigenCalc_eigenvalues	 (hH : H.IsHermitian)
eq_of_dist_eq_zero	 (hH : H.IsTree)
eq_of_vertexOf_eq	 (hin : P.inner.FollowsBoundary) (hout : P.outer.FollowsBoundary)
eq_one_of_forall_commute_small	 (hT : T.Finite)
eq_one_of_preserved_osinElementaryClosures	 (hemb : D.IsHyperbolicallyEmbedded)
eq_or_mem_of_cycle_eq_singleton	 (hM : M.IsConnected)
eq_or_mem_of_cycle_mem_iff	 (hM : M.IsConnected)
eq_top_of_generalCommutatorWitness	 (hK : K.Normal)
eq_top_of_simplicityCommutatorWitness	 (hN : N.Normal)
eq_zero_of_comap_gelfand_eq_zero	 (hC : C.IsCommutative)
eq_zero_of_displacement_eq_zero	 (hQ : Q.Nonempty)
equiv_stopCfg_iff_reaches	 (hM : M.Deterministic)
equiv_symm_gen	 (hsc : X.SimplyConnected)
eqvGen_glueEmbedding	 (hwalk : S.boundary.FollowsBoundary)
eqvGen_of_followsBoundary	 (hM : M.IsPlanar)
eqvGen_of_mem_of_innerFollows	 (hM : M.IsPlanar)
eqvGen_of_oriented_side	 (hM : M.IsPlanar)
eqvGen_or	 (hM : M.IsConnected)
eqvGen_wd	 (hM : M.IsPlanar)
estimatingDataConstruction_of_components	 (hselection : EstimatingSelectionConstructionStatement.{u, w, v}) (hpieces : EstimatingPieceConstructionStatement.{u, w, v}) (hunbound : EstimatingUnboundOutputStatement.{u, w, v})
estimatingPieceConstruction_of_boundaryPeelings	 (hred : Delta.Reduced)
estimatingPieceConstruction_of_ear	 (hear : Embedded.FaceSetEarStatement.{u, w, v})
estimatingPieceConstruction_of_earStatement	 (hear : Embedded.FaceSetEarStatement.{u, w, v}) (hne : EstimatingPieceNonCancellationStatement.{u, w, v})
estimatingPieceConstruction_of_pasting_reduced	 (hred : Delta.Reduced)
estimatingPieceConstruction_of_shelling	 (hshelling : RegionShellingStatement.{u, w, v})
estimatingPieceNonCancellation_holds_of_rCellCount_zero	 (hred : Delta.Reduced)
estimatingSelectionConstruction_of_lemma65aDichotomy	 (hdichotomy : Lemma65aDichotomyStatement.{u, w, v})
estimatingSelectionConstruction_of_lemma65aOrderedDichotomy	 (hdichotomy : Lemma65aOrderedDichotomyStatement.{u, w, v})
estimatingUnboundOutput_of_decomposition	 (hdecomposition : Lemma62ComponentDecompositionStatement.{u, w, v})
estimatingUnboundOutput_of_repaired	 (hrepaired : EstimatingUnboundRepairedStatement.{u, w, v})
estimatingUnboundOutputStatement_of_scaledDecomposition	 (hdecomp : Lemma62ScaledDecompositionStatement.{u, w, v})
estimatingUnboundRepaired_of_componentPartition	 (hpartition : Lemma62ComponentPartitionStatement.{u, w, v})
estimatingUnboundRepaired_of_decomposition	 (hdecomposition : Lemma62ComponentDecompositionStatement.{u, w, v})
euler_eq_of_neFace	 (hM : M.IsConnected)
euler_eq_two	 (hM : M.IsPlanar)
euler_four	 (hM : M.IsPlanar)
euler_le	 (hN : N.IsConnected)
eulerCharacteristic_le_deleted	 (hM : M.IsConnected)
eulerCharacteristic_le_two	 (hM : M.IsConnected)
eulers_of_eitherFollows	 (hM : M.IsPlanar)
eulers_of_noninterleaving	 (hcount : NoninterleavingVertexCountStatement.{u}) (hM : M.IsPlanar)
eulers_of_passageSectorFree	 (hM : M.IsPlanar)
eulers_of_sectorFree	 (hcount : SectorFreeVertexCountStatement.{u}) (hM : M.IsPlanar)
eulers_of_vertexCount_le	 (hM : M.IsPlanar)
eval_bcrCode	 (hDiamond : DiamondLemmaWordProblem)
eval_injective	 (h : G)
eval_of	 (h : H) (h : G)
eval_universalEnumeratorCode	 (hDiamond : DiamondLemmaWordProblem)
evalRaw_pairGen	 (hDiamond : DiamondLemmaWordProblem)
evaluatedCornerMap_comp_uedaCornerMap	 (hUeda : UedaCornerMapStatement)
everyCountableGroupIsMF_of_mfProblem	 (h : MFProblem)
exists_acylindricalRelativeRefinement	 (hemb : D.IsHyperbolicallyEmbedded)
exists_adj_predecessor	 (hconn : G.Connected)
exists_adjacent_of_runConvex	 (hnd : T.Nodup)
exists_adjoinFinite	 (hT : T.Finite)
exists_alpha_mem_component	 (hM : M.IsPlanar)
exists_alpha_mem_of_not_mem_sideFaces	 (hM : M.IsConnected)
exists_arc_of_backward	 (hnodup : O.Nodup)
exists_arc_walk	 (hS : D.SimpleBoundary)
exists_asymptoticModels	 (hinf : X.Infinite)
exists_ball_and_peripheralUnion_injectivity_of_greendlinger	 (hgeom : RelativeGreendlingerStatement.{u, w}) (hemb : D.IsHyperbolicallyEmbedded)
exists_ball_bound_of_commute	 (hfin : A.carrier.Finite)
exists_ball_containing	 (hF : F.Finite)
exists_ballModelSequence	 (hTfin : T.Finite)
exists_boundaryCycle_of_orient	 (hM : M.IsPlanar)
exists_boundaryKeep	 (hM : M.IsConnected) (hne : F.Nonempty)
exists_bounded_return	 (hYne : Y.Nonempty)
exists_brokenHalfAssignment	 (halfBase : G)
exists_calkinCompatiblePair_of_calkinUniqueness	 (hV5 : CalkinUniquenessStatement)
exists_cellFactors_of_isolated_edge	 (hM : M.IsConnected)
exists_cellPinchStepDistinct_of_isolatedTurn	 (hK : K.ClosedWalk)
exists_cellPocketFaceSet_closedWalk_of_orient	 (hnodup : K.walk.Nodup)
exists_classificationAcylindricalOutput	 (hD : D.IsHyperbolicallyEmbedded)
exists_clean_of_copy	 (hcopy : CellPocketCopyCleanStatement.{u, w, v}) (hlea : Delta.LeastArea)
exists_combinedProductSelection_model	 (hmatch : P.HasConsecutiveComponentMatch)
exists_common_zpow_of_mem_elementaryClosure_cayley	 (hfin : A.carrier.Finite)
exists_commonQuotient_of_hullGeneratingSet	 (htower : HullSC.HullTowerStatementGeneral.{0})
exists_commutator_witness_of_not_disjoint_of_statements	 (h01 : NonDisjWitDisplacedStatement) (h02 : NonDisjWitCommLocalStatement) (h05 : NonDisjWitNonMetabelianStatement)
exists_commutator_witness_of_not_disjoint_of_towerPermEmbedding	 (h04 : TowerPermEmbeddingStatement.{0})
exists_compact_opNorm_sub_sub_le	 (hK : K.IsCompactOp)
exists_componentCell	 (hlea : Delta.LeastArea)
exists_componentLeftCell	 (hlea : Delta.LeastArea)
exists_componentOf_of_mem_glueRelFaces	 (hlea : Delta.LeastArea)
exists_componentPrune	 (hT : T.Nonempty)
exists_computable_enumeration	 (hne : B.Nonempty)
exists_consecutiveMatches_cyclicPeripheralPowerWord_of_dgoLemma421b	 (h421b : DGOLemma421b.{u, 0})
exists_coordinateState_constraints	 (hBU : ComplexOddMapCommonZero)
exists_copyClean	 (hregions : SectionPocketRegionsCopyStatement.{u, w, v}) (hlea : Delta.LeastArea)
exists_copyGL_eq	 (hne : V.Nonempty)
exists_cross_of_return	 (hM : M.IsPlanar)
exists_cut_of_split	 (hL : L.Nodup)
exists_cut_pocketFaceSet	 (hlea : S.diagram.LeastArea)
exists_cyclicArc_of_isChain_idxOf	 (hnodup : O.Nodup)
exists_dart_faceOf_alpha_ne	 (hM : M.IsConnected)
exists_dartPath_of_closedWalk	 (hP : P.ClosedWalk)
exists_deep_exponents	 (hS : S.Finite)
exists_deep_letter	 (hD : D.IsHyperbolicallyEmbedded)
exists_deep_pow	 (hS : S.Finite)
exists_deep_pow_family	 (hS : S.Finite)
exists_deep_pow_finite_family	 (hS : S.Finite)
exists_defect_ne_zero_of_coreModels	 (h : CoreModelsLEFStatement)
exists_depth_hasConsecutiveComponentMatchData_of_dgoLemma421b	 (h421b : DGOLemma421b.{u, 0})
exists_depth_hasConsecutiveComponentMatchData_of_positiveNormalizer	 (h421b : DGOLemma421b.{u, 0})
exists_depth_hasPositivePowerNormalizer_cyclicProduct_of_dgoLemma421b	 (h421b : DGOLemma421b.{u, 0})
exists_depth_pairwiseNonCommensurable_cyclicProducts_of_dgoLemma421b	 (h421b : DGOLemma421b.{u, 0})
exists_depth_preparedProductFamily_of_pairwiseDetector	 (h421b : DGOLemma421b.{u, 0})
exists_dgo442NearMinimalRelGenSet_orbitLowerBound	 (h : G)
exists_dgoTheorem442Output_bot	 (h : G)
exists_dgoTheorem442Output_of_boundedOrbit	 (h : G)
exists_dgoTheorem442Output_of_finite	 (h : G)
exists_dgoTheorem442Output_of_positive	 (h : G)
exists_dilation_of_stinespring	 (hU : U.IsUnitaryAdj)
exists_dismantlingRank_of_forall_dist_le	 (hconn : G.Connected) (hne : H.Nonempty)
exists_displacement_one_of_almost_invariant	 (hQ : Q.Nonempty)
exists_displacement_one_of_witness	 (hQ : Q.Nonempty)
exists_dist_bound_of_hasKazhdanPropertyT	 (hT : H.IsTree)
exists_edge_neFace	 (hM : M.IsConnected)
exists_eight_exponents	 (hVne : V.Nonempty)
exists_elementaryClosure_isHypEmbedded	 (hcone : ElementaryConeOffHypEmbedded.{u, u}) (hproper : ElementaryClosureProper.{u, u})
exists_elevenCell_of_below	 (hO52 : O52LeastAreaStatement.{u, w, v})
exists_elevenCell_of_below_multiBelow	 (hO52 : O52LeastAreaStatement.{u, w, v})
exists_emptyFamilyAcylindricalEnlargement	 (hD : D.IsHyperbolicallyEmbedded)
exists_enclosedFaceSetSucc_of_connected	 (hne : F.Nonempty)
exists_eq_comp_of_isCompOf	 (h : G)
exists_exact_singleton_discRegion_iff	 (hM : M.IsConnected)
exists_expo_bound	 (hJ : J.IsHyperbolicallyEmbedded)
exists_exteriorUniqueAt_of_merge_step	 (hO52 : O52LeastAreaStatement.{u, w, v})
exists_faceColouring	 (hM : M.IsPlanar)
exists_faceColouring_aux	 (hM : M.IsPlanar)
exists_faceSet_colouring	 (hM : M.IsPlanar)
exists_factor_mul_spelling_tail_mem	 (head : H)
exists_fillingAlphabetData_parameters_of_hull44	 (hselect : SimultaneousAuxiliaryPeripheralSelection.{u}) (h44 : HullLemma44PreservedPeripheralFamily.{u})
exists_fin_enumeration_of_nonempty	 (hA : A.Nonempty)
exists_fin_orientationPure_family_trivial_intersection_of_dgoLemma421b	 (h421b : DGOLemma421b.{u, 0})
exists_fin_orientationPure_pairwise_family_trivial_intersection_of_dgoLemma421b	 (h421b : DGOLemma421b.{u, 0})
exists_finite_auxiliaryLetters_of_proposition414Uniform	 (h414 : OsinComponents.DGOProposition414Uniform.{u, w}) (hiso : DGOProposition435IsolatedWitnessStatement.{u, v, w}) (hD : D.IsHyperbolicallyEmbedded) (hE : E.IsHyperbolicallyEmbedded)
exists_finite_subset_subset_normalClosure	 (hT : T.Finite)
exists_finset_conj_zpow_eq	 (hA : A.Infinite)
exists_finset_cover_of_dense_orbits	 (hne : W.Nonempty)
exists_finset_cover_zpow_image	 (hne : V.Nonempty)
exists_finset_smul_cover	 (hne : V.Nonempty)
exists_first_adjacent	 (hM : M.IsPlanar)
exists_first_alpha_after	 (hM : M.IsPlanar)
exists_firstTurnStep_of_goodCorners	 (hK : K.FirstTurns) (hgood : K.GoodCorners)
exists_firstTurnStep_of_turn	 (hK : K.FirstTurns)
exists_firstTurnStepSection_of_goodCorners	 (hK : K.FirstTurns) (hgood : K.GoodCorners)
exists_firstTurnStepSection_of_turn	 (hK : K.FirstTurns)
exists_fixedElementSubsequence_of_eventually_average	 (hS : S.Nonempty)
exists_freeSplitting_dot	 (hK : K.Normal)
exists_freeUltrafilter_mem	 (hI : I.Infinite)
exists_fresh_orientationPure_of_dgoLemma421b	 (h421b : DGOLemma421b.{u, 0})
exists_generatorGraph_boundary_sq_le_markov	 (hT : T.Nonempty)
exists_geodesicSpelling_of_hasGeodesicBoundaryLength	 (hgeo : Z.HasGeodesicBoundaryLength)
exists_gl_of_eHigh_module_comm	 (hm : PureCharPrimeEHighModuleStatement)
exists_gl_of_exponent_prime	 (h1 : PureCharPrimeEOneStatement)
exists_gl_of_exponent_prime_comm	 (h1 : PureCharPrimeEOneStatement)
exists_globallyDistinguishedGeometricFamily	 (hred : Delta.Reduced)
exists_globallyDistinguishedRegionFamily	 (hred : Delta.Reduced)
exists_globallyDistinguishedSectionFamily	 (hred : Delta.Reduced)
exists_glue_cell	 (hwalk : P.outer.FollowsBoundary)
exists_glue_outerArc	 (hwalk : P.outer.FollowsBoundary)
exists_glue_outerArc_within	 (hwalk : P.outer.FollowsBoundary)
exists_glue_outerCandidate	 (hwalk : P.outer.FollowsBoundary)
exists_goodCorners	 (hK : K.FirstTurns)
exists_goodCorners_readsSide	 (hK : K.FirstTurns)
exists_guessingData_transitive	 (hD : D.IsHyperbolicallyEmbedded)
exists_head_rep	 (h : G)
exists_hyperbolic_adjoinRelatorPrefixes	 (hD : D.IsHyperbolicallyEmbedded)
exists_hyperbolic_prefixKernelCone_of_kernelGeodesicBound	 (hD : D.IsHyperbolicallyEmbedded)
exists_hyperbolicPairAcylindricalRefinement_emptyModel	 (hfinite : D.base.Finite) (hemb : D.IsHyperbolicallyEmbedded)
exists_hyperbolicPairAcylindricalRefinement_of_classification_finite	 (hclass : HyperbolicElementLoxodromicStatement.{u, v}) (hemb : D.IsHyperbolicallyEmbedded)
exists_injective_of_finiteDomain	 (hDiamond : DiamondLemmaWordProblem)
exists_injective_returns	 (hVne : V.Nonempty)
exists_invariant_block_window	 (h : G)
exists_invariantClique_of_graphConditions	 (hconn : G.Connected)
exists_invariantClique_of_linksSixLarge	 (hconn : X.G.Connected)
exists_involution_supportedIn_ne_one	 (hne : W.Nonempty)
exists_involution_zmodTwo	 (hring : InvolutionLocalizationRingClause)
exists_isApproxProjectionTo	 (hY : Y.Nonempty)
exists_isBallModel	 (hTfin : T.Finite)
exists_isBFSParent	 (hconn : G.Connected)
exists_isBFSRank	 (hconn : G.Connected)
exists_isClopen_tower_base	 (hne : W.Nonempty)
exists_isClopen_tower_in_open	 (hne : W.Nonempty)
exists_isEscaping_of_dgoCorollary612	 (h612 : DGOCorollary612.{u})
exists_isFourPointHyperbolic_of_isHyperbolicallyEmbedded	 (hD : D.IsHyperbolicallyEmbedded)
exists_isLoxodromic_of_isHyperbolicallyEmbedded	 (hemb : D.IsHyperbolicallyEmbedded)
exists_isOfFinOrder_notMem_of_dgoQuotientGeodesicWithLift	 (h : DGOQuotientStatementGeodesicWithLift.{0, 0}) (hK : K.Normal)
exists_isolatedWitness_of_isEmpty	 (h : G)
exists_isolatedWitness_zero	 (h : G)
exists_isOsin24TorsionConclusion_of_lemma49	 (h49 : HullSC.HullLemma49KernelPowerStatement.{u, w}) (hemb : D.IsHyperbolicallyEmbedded)
exists_isSmall_subset	 (hne : A.Nonempty)
exists_keep_mem_faceClass	 (hM : M.IsConnected)
exists_keep_of_connected	 (hM : M.IsConnected)
exists_kept_of_cellPocketRegion_of_leastArea	 (hlea : S.diagram.LeastArea)
exists_kept_of_noncrossingCellWalk_of_leastArea	 (hlea : S.diagram.LeastArea)
exists_large_region	 (hO52 : O52LeastAreaStatement.{u, w, v})
exists_large_region_multiBelow	 (hO52 : O52LeastAreaStatement.{u, w, v})
exists_large_region_pocketBelow	 (hO52 : O52LeastAreaStatement.{u, w, v})
exists_leaf	 (hM : M.IsPlanar) (hne : T.Nonempty)
exists_legallyDistinguishedGeometricFamily	 (hred : Delta.Reduced)
exists_legallyDistinguishedRegionFamily	 (hred : Delta.Reduced)
exists_lemma49EmbeddedExteriorArc_of_sourceFacePasting	 (hpasting : HullLemma49SourceFacePastingStatement.{u, w})
exists_lemma65CutData_of_partition	 (hred : Delta.Reduced)
exists_lemmaFourEight_and_lemmaFourNine_of_isHyperbolicallyEmbedded	 (hemb : D.IsHyperbolicallyEmbedded)
exists_linearStokes_mapSurjective_of_leastAreaCertificates	 (hD : D.IsHyperbolicallyEmbedded)
exists_link_walk	 (hS : D.SimpleBoundary)
exists_local_eight_tower	 (hVne : V.Nonempty)
exists_matrixModel_clopenCrossedProduct	 (hne : X.Nonempty)
exists_mem_eqvGen_of_connected	 (hM : M.IsConnected)
exists_mem_eqvGen_of_faceOf_mem	 (hM : M.IsConnected)
exists_mem_forall_le_infinite	 (hMne : M.Nonempty)
exists_mem_mfHomKernel_ne_one_of_defect	 (hcell : BilateralThreeCellStatement)
exists_middle_pair	 (hH : H.IsTree)
exists_min_card_member	 (hC : C.Nonempty)
exists_moving_of_generic	 (h : G)
exists_moving_representation	 (h : G)
exists_mulEquiv_factor	 (hN : N.Normal)
exists_mutual_isApproxProjectionTo	 (hA : A.Nonempty) (hB : B.Nonempty)
exists_nat_cover	 (hne : U.Nonempty)
exists_nat_shiftBy_mem	 (hne : U.Nonempty)
exists_ne_zero_mem_eigenvector_spans	 (hS : S.IsSymmetric) (hT : T.IsSymmetric)
exists_nearby_boundary_lt_target	 (hU : U.Nonempty) (hS : S.Nonempty)
exists_nearby_boundary_lt_target_uniform	 (hU : U.Nonempty) (hS : S.Nonempty)
exists_nearby_of_movement_contraction	 (hS : S.Nonempty)
exists_nearby_smallBoundary_of_removalAlternatives	 (hS : S.Nonempty)
exists_nearMinimalRelGenSet_hyperbolic_of_full	 (hconn : Gamma.Preconnected)
exists_noncrossing_decomposition_gap_of_copyCleanAt	 (hlea : S.diagram.LeastArea)
exists_noncrossing_decomposition_of_copyCleanAt	 (hlea : S.diagram.LeastArea)
exists_nonElSub_centralizerPowers	 (hnon : NonElSub.{u})
exists_nonMetabelian_supportedIn	 (hne : W.Nonempty)
exists_nonMetabelian_supportedIn_of_towerPermEmbedding	 (h04 : TowerPermEmbeddingStatement.{u}) (hne : W.Nonempty)
exists_norm_sub_sum_selfCommutator_ge_one	 (hprop : CommonZeroProperty)
exists_not_commute_supportedIn	 (hne : W.Nonempty)
exists_not_commute_supportedIn_of_towerPermEmbedding	 (h04 : TowerPermEmbeddingStatement.{u}) (hne : W.Nonempty)
exists_occurrences	 (hne : X.Nonempty)
exists_of_embed	 (hN : N.IsPlanar)
exists_of_isCompStart_lt	 (h : G)
exists_ofElem	 (h : T.IsFiniteRank)
exists_one_sub_mul_eq_mul_of_forall_conj	 (h : G)
exists_opposite_start_coset_match_421	 (h : G)
exists_orientationPure_aggregate_of_dgoLemma421b	 (h421b : DGOLemma421b.{u, 0}) (h : G)
exists_orientationPure_family_of_dgoLemma421b	 (h421b : DGOLemma421b.{u, 0})
exists_orientationPure_products_of_triple_of_dgoLemma421b	 (h421b : DGOLemma421b.{u, 0})
exists_orientationPure_triple_trivial_intersection_of_dgoLemma421b	 (h421b : DGOLemma421b.{u, 0})
exists_osin24Quotient_freeProduct_of_hull	 (h44family :       HullSC.HullLemma44CanonicalQuotientFamilyInclusionStatement.{0, 0}) (h49 : HullSC.HullLemma49KernelPowerStatement.{0, 0}) (hyi : HullSC.YiSuitablePairAvoidingFiniteOneSided.{0})
exists_osin24Quotient_freeProduct_of_hullStep	 (hstep : Osin24HullStepStatement)
exists_osin24Quotient_of_hullContinuation	 (h44family :       HullSC.HullLemma44CanonicalQuotientFamilyInclusionStatement.{0, 0}) (h49 : HullSC.HullLemma49KernelPowerStatement.{0, 0}) (hyi : HullSC.YiSuitablePairAvoidingFiniteOneSided.{0})
exists_osin24Quotient_of_hullStep	 (hstep : Osin24HullStepStatement)
exists_output_of_omega	 (hOmega : Omega.OmegaInput)
exists_packet_of_fg	 (hH : H.FG)
exists_pair_of_vertices	 (h : G)
exists_pairwise_freshening_of_orientationPure_family_of_dgoLemma421b	 (h421b : DGOLemma421b.{u, 0})
exists_pairwiseNonCommensurable_mul_powers_of_dgoLemma421b	 (h421b : DGOLemma421b.{u, 0})
exists_parallel_walk	 (hS : D.SimpleBoundary)
exists_parameters_false_of_longPeriod_leastAreaPowerDiagram_source	 (hgeom :       GGT.VanKampen.RelativeGreendlingerQuasiGeodesicLeastAreaStatement.{u, w, 0}) (hpasting : HullLemma49SourceFacePastingStatement.{u, w})
exists_parameters_false_of_longPeriod_powerDiagram	 (hgeom : RelativeGreendlingerStatement.{u, w}) (hemb : D.IsHyperbolicallyEmbedded)
exists_parameters_false_of_longPeriod_powerDiagram_at	 (hgeom : RelativeGreendlingerStatement.{u, w}) (hemb : D.IsHyperbolicallyEmbedded)
exists_parameters_false_of_longPeriod_powerDiagram_fixedDelta	 (hgeom : RelativeGreendlingerStatement.{u, w}) (hemb : D.IsHyperbolicallyEmbedded)
exists_parameters_false_of_longPeriod_powerDiagram_source	 (hgeom :       GGT.VanKampen.RelativeGreendlingerQuasiGeodesicStatement.{u, w, 0}) (hpasting : HullLemma49SourceFacePastingStatement.{u, w})
exists_parameters_false_of_shortLoxodromic_leastAreaPowerDiagram_source	 (hgeom :       GGT.VanKampen.RelativeGreendlingerQuasiGeodesicLeastAreaStatement.{u, w, 0}) (hpasting : HullLemma49SourceFacePastingStatement.{u, w})
exists_parameters_false_of_shortLoxodromic_powerDiagram	 (hgeom : RelativeGreendlingerStatement.{u, w}) (hemb : D.IsHyperbolicallyEmbedded)
exists_parameters_false_of_shortLoxodromic_powerDiagram_at	 (hgeom : RelativeGreendlingerStatement.{u, w}) (hemb : D.IsHyperbolicallyEmbedded)
exists_parameters_false_of_shortLoxodromic_powerDiagram_fixedDelta	 (hgeom : RelativeGreendlingerStatement.{u, w}) (hemb : D.IsHyperbolicallyEmbedded)
exists_parameters_false_of_shortLoxodromic_powerDiagram_source	 (hgeom :       GGT.VanKampen.RelativeGreendlingerQuasiGeodesicStatement.{u, w, 0}) (hpasting : HullLemma49SourceFacePastingStatement.{u, w})
exists_periodic_sameWords	 (hne : X.Nonempty)
exists_peripheralSide_zpowers_projection	 (h : G)
exists_permEmbedding_supportedIn	 (hne : W.Nonempty)
exists_permEmbedding_supportedIn_of_towerPermEmbedding	 (h04 : TowerPermEmbeddingStatement.{u}) (hne : W.Nonempty)
exists_persistent_index	 (hS : S.Nonempty)
exists_persistent_index_atTop	 (hS : S.Nonempty)
exists_persistent_subsequence	 (hS : S.Nonempty)
exists_piece_length_ceiling	 (hR : R.Finite)
exists_pinchStepSection_of_isolatedTurn	 (hK : K.ClosedWalk)
exists_pinchStepSection_of_uncrossedTurn	 (hK : K.ClosedWalk)
exists_pocketFaceSet_closedWalk_of_orient	 (hnodup : K.walk.Nodup)
exists_pocketOrbit_of_connected	 (hM : M.IsPlanar)
exists_pocketRegion_of_simple	 (hK : K.Simple)
exists_positive_squareRoot_of_inverseForm_anisotropic	 (hS : S.toLinearMap.IsSymmetric)
exists_positive_unit_squareRoot_of_inverseForm_anisotropic	 (hS : S.toLinearMap.IsSymmetric)
exists_pow_avoiding_relBall	 (hemb : D.IsHyperbolicallyEmbedded)
exists_pow_separated	 (hT : T.Finite)
exists_pow_separated_family	 (hT : T.Finite)
exists_prefixGeodesicBound	 (hD : D.IsHyperbolicallyEmbedded)
exists_proper_of_le	 (hlea : S.diagram.LeastArea)
exists_pruned_completion	 (hT : T.Nonempty)
exists_quasicentralPartition_of_monotoneQuasicentral	 (h : MonotoneQuasicentralStatement)
exists_quotientCoordinate_injOn	 (hKn : K.Normal)
exists_rank_normal_form	 (h : A) (h : A)
exists_realized_embeddedBoundaryContiguity_of_components_and_geodesicBoundary	 (hselection :       GGT.VanKampen.EstimatingSelectionConstructionStatement.{u, w, 0}) (hpieces :       GGT.VanKampen.EstimatingPieceConstructionStatement.{u, w, 0}) (hunbound :       GGT.VanKampen.EstimatingUnboundOutputStatement.{u, w, 0}) (hreal : GGT.VanKampen.RelativeDiscRealizationStatement.{u, w})
exists_realized_embeddedBoundaryContiguity_of_geodesicBoundary	 (hgeom : GGT.VanKampen.RelativeGreendlingerQuasiGeodesicStatement.{u, w, 0}) (hreal : GGT.VanKampen.RelativeDiscRealizationStatement.{u, w})
exists_realized_relativeGreendlingerWitness	 (hgeom : GGT.VanKampen.RelativeGreendlingerQuasiGeodesicStatement.{u, w, 0}) (hreal : GGT.VanKampen.RelativeDiscRealizationStatement.{u, w})
exists_realized_relativeGreendlingerWitness_of_components	 (hselection :       GGT.VanKampen.EstimatingSelectionConstructionStatement.{u, w, 0}) (hpieces :       GGT.VanKampen.EstimatingPieceConstructionStatement.{u, w, 0}) (hunbound :       GGT.VanKampen.EstimatingUnboundOutputStatement.{u, w, 0}) (hreal : GGT.VanKampen.RelativeDiscRealizationStatement.{u, w})
exists_realized_relativeGreendlingerWitness_of_geodesicBoundary	 (hgeom : GGT.VanKampen.RelativeGreendlingerQuasiGeodesicStatement.{u, w, 0}) (hreal : GGT.VanKampen.RelativeDiscRealizationStatement.{u, w})
exists_rebasedLemma49Cell_of_relativeGreendlinger	 (hgeom : RelativeGreendlingerStatement.{u, w}) (hemb : D.IsHyperbolicallyEmbedded)
exists_reduced_discDiagram_of_cactusRealization	 (hcactus : CactusRealizationStatement.{u, w})
exists_reduced_word	 (h : H)
exists_relativeBallInjectivityParameters_of_components	 (hselection :       GGT.VanKampen.EstimatingSelectionConstructionStatement.{u, w, 0}) (hpieces :       GGT.VanKampen.EstimatingPieceConstructionStatement.{u, w, 0}) (hunbound :       GGT.VanKampen.EstimatingUnboundOutputStatement.{u, w, 0}) (hreal : RelativeDiscRealizationSpellingStatement.{u, w}) (hconv : RelativeExteriorArcConversionAtWordRotatedStatement.{u, w}) (hemb : D.IsHyperbolicallyEmbedded)
exists_relativeBallInjectivityParameters_of_estimating	 (hselection :       GGT.VanKampen.EstimatingSelectionConstructionStatement.{u, w, 0}) (hpieces :       GGT.VanKampen.EstimatingPieceConstructionStatement.{u, w, 0}) (hunbound :       GGT.VanKampen.EstimatingUnboundOutputStatement.{u, w, 0}) (hconv : RelativeExteriorArcConversionAtWordRotatedStatement.{u, w}) (hemb : D.IsHyperbolicallyEmbedded)
exists_relativeBallInjectivityParameters_of_geodesicLengthGreendlinger	 (hgeom : RelativeGreendlingerGeodesicLengthStatement.{u, w}) (hemb : D.IsHyperbolicallyEmbedded)
exists_relativeBallInjectivityParameters_of_geodesicLengthLeastAreaGreendlinger	 (hgeom : RelativeGreendlingerGeodesicLengthLeastAreaStatement.{u, w}) (hemb : D.IsHyperbolicallyEmbedded)
exists_relativeBallInjectivityParameters_of_greendlinger	 (hgeom : RelativeGreendlingerStatement.{u, w}) (hemb : D.IsHyperbolicallyEmbedded)
exists_relatorCells_of_planar	 (hplanar : M.IsPlanar)
exists_retained_joined_face	 (hM : M.IsConnected)
exists_rogue_extension	 (h : M)
exists_rotate_of_classDisjoint	 (hdisj : ClassDisjointStatement.{u, w, v})
exists_routingParameters	 (hF : F.Finite)
exists_saturatedQuotient	 (hFFF : FournierFacioParagraph) (hHull : HullPrintedInputs.{0})
exists_saturatedQuotient_of_saturation	 (hFFF : FournierFacioParagraph) (hsat : PrintedSaturation.{0})
exists_saturatedQuotient_of_saturationNoOmega	 (hFFF : FournierFacioParagraph) (hsat : PrintedSaturationNoOmega.{0})
exists_selection_jointHyperbolic_of_finiteYi	 (hyi : YiSuitableFiniteFamily.{u})
exists_separable_simple_unital_not_k1Inj_of_lemmaTwo	 (h : LIX.LemmaTwoHolds)
exists_separable_simple_unital_not_k1Inj_of_lemmaTwo_data	 (h : LIX.LemmaTwoHolds)
exists_separated_exponents	 (hK : K.Finite) (hT : T.Finite)
exists_separated_exponents_diff	 (hK : K.Finite) (hT : T.Finite) (hB : B.Finite)
exists_separated_exponents_family	 (hK : K.Finite) (hT : T.Finite)
exists_separated_exponents_window	 (hemb : D.IsHyperbolicallyEmbedded) (hK : K.Finite) (hT : T.Finite)
exists_separated_exponents_window_diff_exact	 (hemb : D.IsHyperbolicallyEmbedded) (hK : K.Finite) (hT : T.Finite) (hB : B.Finite)
exists_separated_exponents_window_diff_through_exact	 (hemb : D.IsHyperbolicallyEmbedded) (hK : K.Finite) (hT : T.Finite) (hB : B.Finite)
exists_separated_exponents_window_exact	 (hemb : D.IsHyperbolicallyEmbedded) (hK : K.Finite) (hT : T.Finite)
exists_separated_relator_exponents₂	 (hemb : D.IsHyperbolicallyEmbedded)
exists_separated_relator_exponents₂_cross	 (hemb : D.IsHyperbolicallyEmbedded)
exists_separated_relator_exponents₂_diagonal	 (hemb : D.IsHyperbolicallyEmbedded)
exists_sepDataFam_of_hemb	 (hemb : D.IsHyperbolicallyEmbedded)
exists_sequentialCompactUnit	 (hSN : StrongToNormOnCompactsStatement) (hP : SeparableProjectionSequenceStatement)
exists_shift	 (h : G)
exists_shrink_list	 (hnd : L.Nodup)
exists_sigma_eq_self_of_planar_faceCount_eq_one	 (hM : M.IsPlanar)
exists_sigma_frontier	 (hM : M.IsConnected)
exists_sign_normalization_isSymmetric_and_form_nonneg	 (hS : S.toLinearMap.IsSymmetric)
exists_simple_of_firstTurns	 (hK : K.FirstTurns)
exists_simple_of_firstTurns_readsSide	 (hK : K.FirstTurns)
exists_simple_of_followsBoundary	 (hwalk : K.boundary.FollowsBoundary)
exists_simple_quotient_embedding	 (hhull : HullSC.HullOneStepStatementGeneral.{0}) (hgeom : CoulonFournierFacioGeometryStatement)
exists_simple_unital_not_k1Inj_of_lemmaTwo	 (h : LIX.LemmaTwoHolds)
exists_simple_unital_not_k1Inj_of_lemmaTwo_data	 (h : LIX.LemmaTwoHolds)
exists_simultaneousOffDiagonal_zero	 (hBU : ComplexOddMapCommonZero)
exists_smallCancellationQuotient	 (hOsin : OsinTheorem24) (hDesign : OsinRelatorDesign) (hRelHyp : FreeProductRelativelyHyperbolicStatement)
exists_smallCancellationQuotient_cayley	 (hOsin : OsinTheorem24Cayley) (hDesign : OsinRelatorDesignCayley) (hRelHyp : FreeProductRelativelyHyperbolicStatement)
exists_smallCancellationQuotient_final	 (hOsin : OsinTheorem24Final) (hDesign : OsinRelatorDesignFinal) (hRelHyp : FreeProductRelativelyHyperbolicStatement)
exists_smallCancellationQuotient_repaired	 (hOsin : OsinTheorem24Repaired) (hDesign : OsinRelatorDesignRepaired) (hRelHyp : FreeProductRelativelyHyperbolicStatement)
exists_split_chunks	 (hR : R.Nodup)
exists_stage	 (h : MultimatrixTraceAmplificationStatement)
exists_stagePoint_mem_of_isOpen	 (hne : U.Nonempty)
exists_start_coset_of_opposite_end_match	 (h : G)
exists_step	 (hgap : CellRoseStepStatement.{u, w, v}) (hcorner : BadCornerRefinementStatement.{u, w, v}) (hlea : X.LeastArea) (hK : K.ClosedWalk)
exists_step_at_turn	 (hK : K.ClosedWalk)
exists_step_of_allCrossed_of_cellRoseStep	 (hgap : CellRoseStepStatement.{u, w, v}) (hlea : X.LeastArea) (hK : K.ClosedWalk)
exists_step_of_badCorners	 (hgap : BadCornerRefinementStatement.{u, w, v}) (hK : K.ClosedWalk)
exists_step_of_cellCut	 (hK : K.ClosedWalk)
exists_step_of_cellCut'	 (hK : K.ClosedWalk)
exists_step_of_cut	 (hK : K.ClosedWalk)
exists_step_of_firstSide_cut	 (hK : K.ClosedWalk)
exists_step_of_goodCorners	 (hK : K.ClosedWalk)
exists_step_of_goodSector	 (hK : K.ClosedWalk)
exists_step_of_secondSide_cut	 (hK : K.ClosedWalk)
exists_step_of_uncrossedTurn	 (hK : K.ClosedWalk)
exists_subset_cayleyBall	 (hF : F.Finite)
exists_supportedIn_ne_one	 (hne : W.Nonempty)
exists_switch	 (hS : S.DartMinimal)
exists_symmDiff_lower_bound	 (hU : U.Nonempty)
exists_symmetric_base	 (hemb : D.IsHyperbolicallyEmbedded)
exists_symmetric_base'	 (hemb : D.IsHyperbolicallyEmbedded)
exists_threshold_boundary_sq_of_contraction	 (hS : S.Nonempty)
exists_threshold_boundary_sq_of_small_initial	 (hS : S.Nonempty)
exists_threshold_indicatorIterate_boundary_sq	 (hS : S.Nonempty)
exists_threshold_isLoxodromic_mul_adjoinPair	 (h421a : DGOLemma421a.{u, w}) (hemb : D.IsHyperbolicallyEmbedded)
exists_threshold_isLoxodromic_mul_of_dgoLemma421a	 (h421a : DGOLemma421a.{u, w}) (hemb : D.IsHyperbolicallyEmbedded)
exists_threshold_pairIndicator_boundary_lt	 (hS : S.Nonempty)
exists_threshold_pairIndicator_boundary_sq	 (hS : S.Nonempty)
exists_towerCopy_eq	 (hne : V.Nonempty)
exists_towerPerm_embedding	 (hne : V.Nonempty)
exists_tracialState_annihilating_of_finite_state_constraints	 (h : A)
exists_tracialState_of_finite_state_constraints	 (h : A)
exists_transientCells	 (hcover : ChainCoreDefectCoverStatement)
exists_triangulatedDisc	 (hS : S.map.IsPlanar)
exists_trimDouble	 (hK : K.ClosedWalk)
exists_trimDoubleFirst	 (hK : K.ClosedWalk)
exists_trimDoubleSecond	 (hK : K.ClosedWalk)
exists_true_unprovable_radical_word	 (hsound : T.Sound)
exists_turn_of_not_unpinched	 (hK : K.FirstTurns)
exists_tvert_walk	 (hS : D.SimpleBoundary)
exists_twoArc_of_pocket	 (hlea : S.diagram.LeastArea)
exists_twoCollars	 (hcollar : GeodesicCollarStatement.{u, w, v}) (hin : P.inner.FollowsBoundary) (hout : P.outer.FollowsBoundary)
exists_twoCollars_of_ne_or	 (hcollar : GeodesicCollarStatement.{u, w, v}) (hin : P.inner.FollowsBoundary) (hout : P.outer.FollowsBoundary)
exists_twoCollars_of_ne_or_euler	 (hcollar : GeodesicCollarEulerStatement.{u, w, v}) (hlea : Delta.LeastArea)
exists_twoGonLabels	 (hmulti : S.NoMultipleEdges)
exists_unitary_diagonalize	 (hT : T.IsHermitian)
exists_unitary_sum	 (hU : U.IsUnitaryAdj)
exists_universalBaseRelGenSet_orbitLowerBound_iff	 (h : G)
exists_vertexDegree_le_five_of_faceDegree_ge_three	 (hM : M.IsPlanar)
exists_vertexSection_of_rowVecStabConj	 (h : EndpointInterfaces.BinaryLeavittStabKernelThreeTrivialStatement) (hrow : RowVecStabConjStatement)
exists_vertexSection_of_stabKernelThreeTrivial	 (h : EndpointInterfaces.BinaryLeavittStabKernelThreeTrivialStatement)
exists_walkClass	 (hM : M.IsPlanar)
exists_walkKeep_of_connected	 (hM : M.IsConnected)
exists_wd_facePerm_eq	 (hM : M.IsPlanar)
exists_yiPair_of_consecutiveComponentMatch	 (hmatch : P.HasConsecutiveComponentMatch)
exists_yiSuitablePairs_fin_of_avoiding	 (hstep : YiSuitablePairAvoidingFinite.{u})
exists_zpow_mem_notMem	 (hVne : V.Nonempty)
existsHypEmbeddedConeOff_of_core	 (h : ExistsHypEmbeddedInSuitable.{u})
existsHypEmbeddedConeOff₂_of_yi	 (hyi : YiSuitablePair.{u}) (hheGX : HeGXPair.{u})
existsHypEmbeddedConeOff₂_of_yi_theorem316	 (hyi : YiSuitablePair.{u})
existsHypEmbeddedConeOff₂_of_zpowersConeOffEmbedding	 (h : ZpowersConeOffEmbedding.{u})
existsHypEmbeddedInSuitable_of_coneOff	 (h : ExistsHypEmbeddedConeOff.{u})
existsUnique_center	 (hne : S.Nonempty)
extPhiData_of_leastArea	 (hlea : S.diagram.LeastArea) (hloops : S.NoLoops)
extremalArcEnd_extremalJordan_of_descent	 (h : ExtremalArcEndDescentStatement.{u, w, v})
extremalArcEnd_relativeGreendlinger	 (hoff : P07InnerPocket.PocketFourPieceOffStatement.{u, w, v}) (h : ExtremalArcEndDescentStatement.{u, w, v})
extremalArcEndDescent_exists_of_descent	 (h : ExtremalArcEndDescentStatement.{u, w, v})
extremalArcEndDescent_exists_of_extremalJordan	 (h : ExtremalJordanStatement.{u, w, v})
extremalArcEndDescent_extremalJordan_of_patterns	 (hE : ExtremalArcEndDescentExistsStatement.{u, w, v}) (hKRK : ExtremalArcEndDescentKRKStatement.{u, w, v}) (hRKR : ExtremalArcEndDescentRKRStatement.{u, w, v})
extremalArcEndDescent_krk_of_descent	 (h : ExtremalArcEndDescentStatement.{u, w, v})
extremalArcEndDescent_of_patterns	 (hE : ExtremalArcEndDescentExistsStatement.{u, w, v}) (hKRK : ExtremalArcEndDescentKRKStatement.{u, w, v}) (hRKR : ExtremalArcEndDescentRKRStatement.{u, w, v})
extremalArcEndDescent_relativeGreendlinger	 (hoff : P07InnerPocket.PocketFourPieceOffStatement.{u, w, v}) (hE : ExtremalArcEndDescentExistsStatement.{u, w, v}) (hKRK : ExtremalArcEndDescentKRKStatement.{u, w, v}) (hRKR : ExtremalArcEndDescentRKRStatement.{u, w, v})
extremalArcEndDescent_rkr_of_descent	 (h : ExtremalArcEndDescentStatement.{u, w, v})
extremalArcEndExists_closed_run_pocket	 (hK : K.ClosedWalk)
extremalArcEndExists_descent_of_pinned	 (h : ExtremalArcEndExistsPinnedStatement.{u, w, v}) (hKRK : ExtremalArcEndDescentKRKStatement.{u, w, v}) (hRKR : ExtremalArcEndDescentRKRStatement.{u, w, v})
extremalArcEndExists_exists_of_pinned	 (h : ExtremalArcEndExistsPinnedStatement.{u, w, v})
extremalArcEndExists_extremalJordan_of_pinned	 (h : ExtremalArcEndExistsPinnedStatement.{u, w, v}) (hKRK : ExtremalArcEndDescentKRKStatement.{u, w, v}) (hRKR : ExtremalArcEndDescentRKRStatement.{u, w, v})
extremalArcEndExists_linked_of_oneRun	 (hK : K.ClosedWalk)
extremalArcEndExists_linked_of_pinned	 (hK : K.ClosedWalk)
extremalArcEndExists_relativeGreendlinger	 (hoff : P07InnerPocket.PocketFourPieceOffStatement.{u, w, v}) (h : ExtremalArcEndExistsPinnedStatement.{u, w, v}) (hKRK : ExtremalArcEndDescentKRKStatement.{u, w, v}) (hRKR : ExtremalArcEndDescentRKRStatement.{u, w, v})
extremalArcEndRule_extra_of_surgery	 (h : ExtremalArcEndSurgeryStatement.{u, w, v})
extremalArcEndRule_side_of_surgery	 (h : ExtremalArcEndSurgeryStatement.{u, w, v})
extremalArcEndRule_singleRun_of_extra	 (hA : ExtremalArcEndRuleExtraStatement.{u, w, v})
extremalArcEndRule_surgery_of_extra_of_side	 (hA : ExtremalArcEndRuleExtraStatement.{u, w, v}) (hB : ExtremalArcEndRuleSideStatement.{u, w, v})
extremalArcEndRuleSide_core_of_side	 (h : ExtremalArcEndRuleSideStatement.{u, w, v})
extremalArcEndRuleSide_side_of_core	 (h : ExtremalArcEndRuleSideCoreStatement.{u, w, v})
extremalArcEndRuleSide_surgery_of_extra_of_core	 (hA : ExtremalArcEndRuleExtraStatement.{u, w, v}) (hC : ExtremalArcEndRuleSideCoreStatement.{u, w, v})
extremalArcEndSurgery_descent_of_surgery	 (hE : ExtremalArcEndDescentExistsStatement.{u, w, v}) (h : ExtremalArcEndSurgeryStatement.{u, w, v})
extremalArcEndSurgery_extremalJordan_of_surgery	 (hE : ExtremalArcEndDescentExistsStatement.{u, w, v}) (h : ExtremalArcEndSurgeryStatement.{u, w, v})
extremalArcEndSurgery_krk_of_surgery	 (h : ExtremalArcEndSurgeryStatement.{u, w, v})
extremalArcEndSurgery_rkr_of_surgery	 (h : ExtremalArcEndSurgeryStatement.{u, w, v})
extremalBlock_clauses_of_uniform	 (hK : K.ClosedWalk)
extremalBlock_outerPinchStep_of_uniform	 (h : ExtremalBlockUniformStatement.{u, w, v})
extremalCore_of_contiguity	 (h : P10ExtremalSplit.RoseExtremalContiguityStatement.{u, w, v})
extremalCore_of_contiguity_sideBound	 (hcontig : RoseExtremalContiguityStatement.{u, w, v}) (hbound : RoseExtremalSideBoundStatement.{u, w, v})
extremalCore_of_extremalJunction	 (h : P10RoseExtremalTrim.RoseExtremalJunctionStatement.{u, w, v})
extremalCoreNoWrap_of_contigResidualNoWrap	 (h : RoseExtremalContigResidualNoWrapStatement.{u, w, v})
extremalCoreNoWrap_of_extremalCore	 (h : P10RegionMove.RoseExtremalCoreStatement.{u, w, v})
extremalGFace_of_blockNoWrap	 (h : RoseExtremalBlockNoWrapStatement.{u, w, v})
extremalGFace_relativeGreendlinger	 (hoff : P07InnerPocket.PocketFourPieceOffStatement.{u, w, v})
extremalGFace_step	 (hK : K.ClosedWalk)
extremalGFaceProve_exists_boundary	 (hM : M.IsConnected)
extremalGFaceProve_filter_bd_ne_nil	 (hM : M.IsConnected)
extremalGFaceProve_relativeGreendlinger	 (hoff : P07InnerPocket.PocketFourPieceOffStatement.{u, w, v})
extremalGFaceProve_touch	 (hM : M.IsConnected)
extremalJordan_of_extremalMinimalUniform	 (h : ExtremalMinimalUniformStatement.{u, w, v})
extremalJordan_relativeGreendlinger	 (hoff : P07InnerPocket.PocketFourPieceOffStatement.{u, w, v}) (h : ExtremalJordanStatement.{u, w, v})
extremalJordanPick_extremalJordan	 (h : ExtremalJordanPickStatement.{u, w, v})
extremalJordanPick_extremalJordanReroute	 (h : ExtremalJordanPickStatement.{u, w, v})
extremalJordanPick_relativeGreendlinger	 (hoff : P07InnerPocket.PocketFourPieceOffStatement.{u, w, v}) (h : ExtremalJordanPickStatement.{u, w, v})
extremalJordanPickCells_cellsRun_of_run	 (h : ExtremalJordanPickRunStatement.{u, w, v})
extremalJordanPickCells_cellsStep_of_step	 (h : ExtremalJordanPickStepUniformStatement.{u, w, v})
extremalJordanPickCells_region_of_three	 (h : ExtremalJordanPickRegionThreeStatement.{u, w, v})
extremalJordanPickCells_regionCells_of_cellsRegion	 (h : ExtremalJordanPickCellsRegionStatement.{u, w, v})
extremalJordanPickCells_run_of_cellsRun	 (h : ExtremalJordanPickCellsRunStatement.{u, w, v})
extremalJordanPickCells_run_of_three	 (h : ExtremalJordanPickRegionThreeStatement.{u, w, v}) (hstep : ExtremalJordanPickStepUniformStatement.{u, w, v})
extremalJordanPickCells_run_of_three_cellsStep	 (h : ExtremalJordanPickRegionThreeStatement.{u, w, v}) (hstep : ExtremalJordanPickCellsStepStatement.{u, w, v})
extremalJordanPickCells_run_of_three_desc	 (h : ExtremalJordanPickRegionThreeStatement.{u, w, v})
extremalJordanPickCount_count_of_euler	 (h : ExtremalJordanPickCountEulerStatement.{u, w, v})
extremalJordanPickCount_three_of_euler	 (h : ExtremalJordanPickCountEulerStatement.{u, w, v})
extremalJordanPickCount_twoOutside_of_euler	 (h : ExtremalJordanPickCountEulerStatement.{u, w, v})
extremalJordanPickCount_walkMap_euler	 (hK : K.ClosedWalk)
extremalJordanPickCount_walkMap_planar	 (hK : K.ClosedWalk)
extremalJordanPickCountBound_bound	 (hK : K.ClosedWalk)
extremalJordanPickCountBound_count_of_parity	 (h : ExtremalJordanPickCountParityStatement.{u, w, v})
extremalJordanPickCountBound_euler_of_parity	 (h : ExtremalJordanPickCountParityStatement.{u, w, v})
extremalJordanPickCountBound_faceCount_le	 (hM : M.IsPlanar)
extremalJordanPickCountBound_in_le	 (hK : K.ClosedWalk)
extremalJordanPickCountBound_step_link	 (hK : K.ClosedWalk)
extremalJordanPickCountBound_vertex_next	 (hK : K.ClosedWalk)
extremalJordanPickCountParity_count_of_bound	 (hb : ExtremalJordanPickCountParityBoundStatement.{u, w, v}) (hc : ExtremalJordanPickCountParityCyclesStatement.{u, w, v})
extremalJordanPickCountParity_euler_of_bound	 (hb : ExtremalJordanPickCountParityBoundStatement.{u, w, v}) (hc : ExtremalJordanPickCountParityCyclesStatement.{u, w, v})
extremalJordanPickCountParity_parity	 (h : ExtremalJordanPickCountParityCyclesStatement.{u, w, v})
extremalJordanPickCyc_card_outside	 (hK : K.ClosedWalk)
extremalJordanPickCyc_class_iff	 (hK : K.ClosedWalk)
extremalJordanPickCyc_euler_of_bound	 (hb : ExtremalJordanPickCountParityBoundStatement.{u, w, v})
extremalJordanPickCyc_of_pocket	 (hK : K.ClosedWalk)
extremalJordanPickCyc_sameCycle_of_class	 (hK : K.ClosedWalk)
extremalJordanPickEuler_count_of_twoOutside	 (h : ExtremalJordanPickThreeTwoOutsideStatement.{u, w, v})
extremalJordanPickEuler_local	 (hK : K.ClosedWalk)
extremalJordanPickEuler_next_nonFirst	 (hK : K.ClosedWalk)
extremalJordanPickEuler_nextNonFirst	 (hK : K.ClosedWalk)
extremalJordanPickEuler_three_nonFirst	 (hK : K.ClosedWalk)
extremalJordanPickEuler_three_of_count	 (h : ExtremalJordanPickEulerCountStatement.{u, w, v})
extremalJordanPickEuler_threeAtVertex	 (hK : K.ClosedWalk)
extremalJordanPickEuler_twoOutside_of_count	 (h : ExtremalJordanPickEulerCountStatement.{u, w, v})
extremalJordanPickPool_exists	 (hreg : ExtremalJordanPickPoolRegionStatement.{u, w, v}) (hlea : X.LeastArea) (hK : K.ClosedWalk)
extremalJordanPickPool_extremalJordanPickRun	 (hreg : ExtremalJordanPickPoolRegionStatement.{u, w, v})
extremalJordanPickPool_extremalJordanPickRun_of_premises	 (hreg : ExtremalJordanPickPoolRegionStatement.{u, w, v})
extremalJordanPickRegion_cells_of_poolRegion	 (h : ExtremalJordanPickPoolRegionStatement.{u, w, v})
extremalJordanPickRegion_region_of_three	 (h : ExtremalJordanPickRegionThreeStatement.{u, w, v})
extremalJordanPickRun_extremalJordan	 (h : ExtremalJordanPickRunStatement.{u, w, v})
extremalJordanPickRun_extremalJordanPick	 (h : ExtremalJordanPickRunStatement.{u, w, v})
extremalJordanPickRun_extremalJordanReroute	 (h : ExtremalJordanPickRunStatement.{u, w, v})
extremalJordanPickRun_relativeGreendlinger	 (hoff : P07InnerPocket.PocketFourPieceOffStatement.{u, w, v}) (h : ExtremalJordanPickRunStatement.{u, w, v})
extremalJordanPickStep_descent	 (hstep : ExtremalJordanPickStepUniformStatement.{u, w, v}) (hlea : X.LeastArea) (hK : K.ClosedWalk)
extremalJordanPickStep_exists_le_two	 (hstep : ExtremalJordanPickStepUniformStatement.{u, w, v}) (hlea : X.LeastArea) (hK : K.ClosedWalk)
extremalJordanPickStep_extremalJordanPickRun	 (ha : ExtremalJordanPickStepPoolStatement.{u, w, v}) (hstep : ExtremalJordanPickStepUniformStatement.{u, w, v})
extremalJordanPickStep_extremalJordanPickRun_of_region	 (hreg : ExtremalJordanPickPoolRegionStatement.{u, w, v}) (hstep : ExtremalJordanPickStepUniformStatement.{u, w, v})
extremalJordanPickThree_three_of_twoOutside	 (h : ExtremalJordanPickThreeTwoOutsideStatement.{u, w, v})
extremalJordanPickUniform_step_of_loopFree	 (h : ExtremalJordanPickUniformStatement.{u, w, v})
extremalJordanPickWire_cellsRun_of_cellsStep	 (hstep : ExtremalJordanPickCellsStepStatement.{u, w, v})
extremalJordanPickWire_cellsRun_of_step	 (hstep : ExtremalJordanPickStepUniformStatement.{u, w, v})
extremalJordanPickWire_cellsRun_of_uniform	 (h : ExtremalJordanPickUniformStatement.{u, w, v})
extremalJordanPickWire_extremalJordan_of_step_cells	 (hstep : ExtremalJordanPickStepUniformStatement.{u, w, v})
extremalJordanPickWire_relativeGreendlinger_of_step_cells	 (hoff : P07InnerPocket.PocketFourPieceOffStatement.{u, w, v}) (hstep : ExtremalJordanPickStepUniformStatement.{u, w, v})
extremalJordanPickWire_relativeGreendlinger_of_uniform_cells	 (hoff : P07InnerPocket.PocketFourPieceOffStatement.{u, w, v}) (h : ExtremalJordanPickUniformStatement.{u, w, v})
extremalJordanPickWire_run_of_step_cells	 (hstep : ExtremalJordanPickStepUniformStatement.{u, w, v})
extremalJordanReroute_closed_run_pocket	 (hK : K.ClosedWalk)
extremalJordanReroute_extremalJordan	 (h : ExtremalJordanRerouteStatement.{u, w, v})
extremalJordanReroute_linked_of_loopRun	 (hK : K.ClosedWalk)
extremalJordanReroute_loops_pocket	 (hK : K.ClosedWalk)
extremalJordanReroute_relativeGreendlinger	 (hoff : P07InnerPocket.PocketFourPieceOffStatement.{u, w, v}) (h : ExtremalJordanRerouteStatement.{u, w, v})
extremalJordanReroute_singleRun_linked	 (hK : K.ClosedWalk)
extremalJunction_of_extremalCore	 (h : RoseExtremalCoreStatement.{u, w, v})
extremalMinimal_relativeGreendlinger_of_uniform	 (hoff : P07InnerPocket.PocketFourPieceOffStatement.{u, w, v}) (h : ExtremalMinimalUniformStatement.{u, w, v})
extremalMinimalUniform_of_extremalBlockUniform	 (h : ExtremalBlockUniformStatement.{u, w, v})
extremalRegion_of_junction	 (h : RoseExtremalJunctionStatement.{u, w, v})
extWordProblemRE_of_presentation	 (hpres : ExtPresentation)
face_not_mem_of_leastArea_of_value_one	 (hlea : Delta.LeastArea)
faceCount_add	 (hM : M.IsPlanar)
faceCount_add_one	 (hM : M.IsConnected)
faceCount_add_two	 (hM : M.IsPlanar)
faceCount_eq	 (hM : M.IsPlanar)
faceCount_eq_one_of_sigma_fixed	 (hM : M.IsPlanar)
faceCount1	 (hM : M.IsPlanar)
faceDegree_ge_three_of_not_twoCycle	 (hloop : M.IsLoopless)
faceEdgeDoubling_closedWalk	 (hK : K.ClosedWalk)
faceEdgeDoublingInside_closedWalk	 (hK : K.ClosedWalk)
faceEdgeDoublingInside_firstTurns	 (hK : K.FirstTurns)
faceOf_alpha_mem_iff	 (hM : M.IsPlanar)
faceOf_alpha_mem_sideOutside_iff	 (hM : M.IsPlanar)
faceOf_alpha_not_mem_of_mem	 (hM : M.IsPlanar)
faceOf_alpha_not_mem_sideFaces	 (hM : M.IsPlanar)
faceOf_eq_of_compKeep	 (hM : M.IsPlanar)
faceOf_eq_of_faceClass	 (hM : M.IsPlanar) (hN : N.IsConnected)
faceOf_eq_of_faceClass_aux	 (hM : M.IsPlanar)
faceOf_eq_of_faceClass_of_componentOf	 (hM : M.IsPlanar)
faceOf_eq_of_grown	 (hM : M.IsPlanar) (hN : N.IsConnected)
faceOf_mem_of_mem	 (hM : M.IsPlanar)
faceOf_ne	 (hM : M.IsPlanar)
faceOf_ne_of_mem_darts	 (h : X.Face)
faceOf_ne_of_planar	 (hM : M.IsPlanar)
faceOf_not_mem_component	 (hM : M.IsPlanar)
faceOf_not_mem_component_of_forall	 (hM : M.IsPlanar)
faceOf_not_mem_enclosedFaces	 (hM : M.IsPlanar)
faceOf_not_mem_of_chain	 (hM : M.IsPlanar)
faceOf_of_alpha_closed	 (hM : M.IsConnected)
faceOf_sigma_pow_mem_of_free	 (hM : M.IsPlanar)
faceOf_sigma_pow_not_mem_of_free	 (hM : M.IsPlanar)
facePerm_ne_self_of_loopless	 (hloop : M.IsLoopless)
faceSetBoundaryPeeling_of_earData	 (hdata : FaceSetEarDataStatement.{u, w, v})
faceSetBoundaryPeeling_of_earStatement	 (hear : FaceSetEarStatement.{u, w, v})
faceSetEarStatement_of_earData	 (hdata : FaceSetEarDataStatement.{u, w, v})
faceSetWordHomotopy_of_regionAssembly	 (hassembly : RegionFaceAssemblyStatement.{u, w, v})
faceSetWordHomotopy_of_regionShelling	 (hshelling : RegionShellingStatement.{u, w, v})
factorMapInjective_of_compatibleTargetPair	 (hCTP : ShulmanSymmetricDouble.CompatibleTargetPairStatement)
false_of_allCells_of_listVal_eq_one	 (hlea : X.LeastArea)
false_of_allCells_of_rCellCount_eq_one	 (hlea : X.LeastArea)
false_of_below	 (hO52 : O52LeastAreaStatement.{u, w, v}) (hlea : Delta.LeastArea)
false_of_bridge_stretch	 (hM : M.IsPlanar)
false_of_cellLobe_value	 (hleast : Delta.LeastArea)
false_of_cons_singleton	 (hred : Xi.Reduced)
false_of_cross	 (hM : M.IsPlanar)
false_of_dartCount_lt	 (hS : S.DartMinimal)
false_of_eitherFollowsPocket	 (hinner : PocketRegionOfInnerFollowsStatement.{u, w, v}) (hlea : Delta.LeastArea)
false_of_enclosedPocket	 (hleast : Delta.LeastArea)
false_of_enclosedSucc	 (hlea : Delta.LeastArea)
false_of_getElem?	 (hgap : GapOffFaceStatement.{u, w, v})
false_of_hullInputs_of_isAcylindricallyHyperbolic	 (h : HullInputs.{u})
false_of_inner	 (hO52 : O52LeastAreaStatement.{u, w, v}) (hlea : Delta.LeastArea)
false_of_interleave	 (hM : M.IsPlanar)
false_of_lakeFillOneArcExit	 (hlea : X.LeastArea)
false_of_lakeFillTwoArcExit	 (hlea : X.LeastArea)
false_of_lakeFree_below	 (h : CellPocketFaceSetLakeFreeEnclosedStatement.{u, w, v}) (hlea : X.LeastArea)
false_of_literatureInputs_of_hullInputs	 (h : HullInputs.{0})
false_of_minasyanOsin_of_hullInputs	 (hMO : TheoremC.MinasyanOsinStatement) (h : HullInputs.{0})
false_of_oneCell	 (hlea : Xi.LeastArea)
false_of_pocketRegion_of_below	 (hcollar : GeodesicCollarStatement.{u, w, v}) (hleast : Delta.LeastArea) (hin : P.inner.FollowsBoundary) (hout : P.outer.FollowsBoundary)
false_of_pocketRegion_of_below_twoArcs	 (hcollar : GeodesicCollarStatement.{u, w, v}) (hleast : Delta.LeastArea) (hin : P.inner.FollowsBoundary) (hout : P.outer.FollowsBoundary)
false_of_quadrilateral	 (h : OsinLemma94PinchedQuadrilateralStatement.{u, w, v}) (hleast : Delta.LeastArea)
false_of_simplePocket_X	 (hleast : Delta.LeastArea)
false_of_simpleWalk_of_below	 (hleast : Delta.LeastArea)
false_of_spikeDeletion	 (hS : S.DartMinimal)
false_of_theta	 (hM : M.IsPlanar)
false_of_twoArcExit	 (hlea : X.LeastArea)
false_of_walkCellLobe_excision_simple	 (hleast : Delta.LeastArea)
false_of_walkCellLobe_value	 (hleast : Delta.LeastArea)
familyInclusionRelativeControlStatement_of_greendlinger_of_isoperimetric_of_respelling	 (hgeom : RelativeGreendlingerStatement.{u, w}) (hbridge : RelativeIsoperimetricBridgeStatement.{u, u, w}) (hrespell : HullRelatorRespellingStatement.{u, w})
familyInclusionRelativeControlStatement_of_quasiGeodesic_of_respelling	 (hgeom : RelativeGreendlingerQuasiGeodesicSpellingStatement.{u, w}) (hbridge : RelativeIsoperimetricBridgeQuasiGeodesicStatement.{u, u, w}) (hrespell : HullRelatorRespellingStatement.{u, w})
far_pow_iff	 (hM : M.IsPlanar)
fg_map	 (hA : A.FG)
fg_map_of_fg	 (hA : A.FG)
fg_prod	 (hA : A.FG) (hB : B.FG)
fg_subamalgam_virtuallyFree	 (hKPS : AmalgamOfFiniteGroupsVirtuallyFree)
fg_sup	 (hA : A.FG) (hB : B.FG)
fieldK2_bot_of_bruhatBigCell	 (hstat : BruhatBigCellStatement)
fieldK2Vanishing_of_bruhatBigCell	 (hstat : BruhatBigCellStatement)
filter_mem_eq_nil_of_leastArea_of_value_one	 (hlea : Delta.LeastArea)
filter_movePred_balanced_of_boundaryCountPBalanced	 (hbal : BoundaryCountPBalancedStatement.{v})
finite_badSet	 (hT : T.Finite)
finite_base_asymmetry	 (hemb : D.IsHyperbolicallyEmbedded)
finite_base_asymmetry'	 (hemb : D.IsHyperbolicallyEmbedded)
finite_base_inter_fam	 (hemb : D.IsHyperbolicallyEmbedded)
finite_baseFirstBadPow	 (hemb : D.IsHyperbolicallyEmbedded)
finite_boundedProducts	 (hA : A.Finite)
finite_conj_inter	 (hemb : D.IsHyperbolicallyEmbedded)
finite_conj_inter_of_mem_base	 (hemb : D.IsHyperbolicallyEmbedded)
finite_conj_inter_of_ne	 (hemb : D.IsHyperbolicallyEmbedded)
finite_conj_inter_of_notMem	 (hemb : D.IsHyperbolicallyEmbedded)
finite_conj_inter'	 (hemb : D.IsHyperbolicallyEmbedded)
finite_conj_pow_mem_fam	 (hemb : D.IsHyperbolicallyEmbedded)
finite_conjugated_relBall_of_isHyperbolicallyEmbedded	 (hemb : D.IsHyperbolicallyEmbedded)
finite_cyclicThroughBasePrefixBadPow	 (hemb : D.IsHyperbolicallyEmbedded)
finite_diagonalBad	 (hT : T.Finite)
finite_diffBad	 (hB : B.Finite)
finite_epsStab_of_middle	 (hH : H.IsTree)
finite_fixed_doubleCoset_slice_of_isHyperbolicallyEmbedded	 (hemb : D.IsHyperbolicallyEmbedded)
finite_lampWindow	 (hY : Y.Finite)
finite_lampWreath_perm	 (hSfin : S.Finite)
finite_leftStabilizer	 (hS : S.Nonempty)
finite_lists_of_finite_support	 (hF : F.Finite)
finite_mul_pow_mul_mem_fam	 (hemb : D.IsHyperbolicallyEmbedded)
finite_of_fg_commute_boundedExponent	 (hfg : H.FG)
finite_of_translate_mem	 (hS : S.Finite)
finite_orientationPureRadical_of_dgoLemma421b	 (h421b : DGOLemma421b.{u, 0})
finite_pow_mem_fam	 (hemb : D.IsHyperbolicallyEmbedded)
finite_range_restrictAut_of_finite_generating	 (hfin : S.Finite)
finite_throughBaseBadPow	 (hemb : D.IsHyperbolicallyEmbedded)
finite_union_inv	 (hS : S.Finite)
finite_windowBadPow	 (hemb : D.IsHyperbolicallyEmbedded)
finite_wordBall	 (hT : T.Finite)
finiteAlphabetRelativePowerEscape_emptyModel	 (hfinite : D.base.Finite)
finiteAveragingIterate_hilbert_error_eventually	 (hS : S.Nonempty)
finiteAveragingStep_hilbert_error_eventually	 (hS : S.Nonempty)
finiteFamilyRelativePowerEscape_of_boundedPowerExtraction	 (hExtract : RelativeBoundedPowerExtractionStatement.{u, v})
finiteFamilyRelativePowerEscape_of_linearGrowth	 (hGrowth : FiniteFamilyRelativePowerLinearGrowthStatement.{u, v})
finiteFamilyRelativePowerEscape_of_patternSlice	 (hSlice : RepeatedPatternPeripheralSliceStatement.{u, v})
finiteFamilyRelativePowerEscape_of_relativePowerEscape	 (hEscape : RelativePowerEscapeStatement.{u, v})
finiteFamilyRelativePowerLinearGrowth_emptyModel	 (hbase : D.base.Finite) (hemb : D.IsHyperbolicallyEmbedded)
finiteFamilyRelativePowerLinearGrowth_standardModel	 (hbase : D.base.Finite) (hemb : D.IsHyperbolicallyEmbedded)
finitelyGeneratedLinearStatement_of_hosts	 (hlin : LinearHostStatement) (henv : FPSelfSimilarEnvelopeStatement)
finitelyGeneratedMetabelianStatement_of_pieces	 (hpieces : MetabelianPiecesStatement) (henv : FPSelfSimilarEnvelopeStatement)
finitelyPresentedInfiniteSimpleStatement_of_dynamics	 (hdyn : LemmaFourSixDynamicsStatement)
finitelyPresentedInfiniteSimpleStatement_of_leaves	 (hL : FinitelyPresentedInfiniteSimpleLeaves)
finitelyPresentedInfiniteSimpleStatement_of_upsilon	 (hU : UpsilonFinitelyPresented)
finitelyPresentedMetabelianStatement_of_chain	 (hcop : CoprimaryLinearQuotientsStatement) (hcoordP : CharPCoords.CharPPolynomialCoordinatesStatement) (habsP : CharPElementaryAbsorptionStatement) (hfpP : ElemFP.PolynomialFpElementaryFPStatement) (hssP : CharPAffineSelfSimilarStatement) (hcoord0 : CharZeroPolynomialCoordinatesStatement) (habs0 : CharZeroElementaryAbsorptionStatement) (hfp0 : CharZeroElementaryFPStatement) (hss0 : CharZeroAffineSelfSimilarStatement) (haff : AffineExtensionFPStatement) (henv : Products.FPSelfSimilarEnvelopeStatement)
finitelyPresentedMetabelianStatement_of_chainFive	 (hcop : CoprimaryLinearQuotientsStatement) (hcoordP : CharPCoords.CharPPolynomialCoordinatesStatement) (habsP : CharPElementaryAbsorptionStatement) (hfpP : ElemFP.PolynomialFpElementaryFPStatement) (hssP : CharPAffineSelfSimilarStatement) (hcoord0 : CharZeroPolynomialCoordinatesStatement) (habs0 : CharZeroElementaryAbsorptionStatement) (hfp0 : CharZeroElementaryFPFiveStatement) (hss0 : CharZeroAffineSelfSimilarStatement) (haff : AffineExtensionFPStatement) (henv : Products.FPSelfSimilarEnvelopeStatement)
finitelyPresentedMetabelianStatement_of_chainStableK2	 (hcop : CoprimaryLinearQuotientsStatement) (hcoordP : CharPCoords.CharPPolynomialCoordinatesStatement) (habsP : CharPElementaryAbsorptionStatement) (hfpP : ElemFP.PolynomialFpElementaryFPStatement) (hssP : CharPAffineSelfSimilarStatement) (hcoord0 : CharZeroPolynomialCoordinatesStatement) (habs0 : CharZeroElementaryAbsorptionStatement) (hK2 : ElemFPCharZero.CharZeroStableK2FGStatement) (hss0 : CharZeroAffineSelfSimilarStatement) (haff : AffineExtensionFPStatement) (henv : Products.FPSelfSimilarEnvelopeStatement)
finitelyPresentedMetabelianStatement_of_finitelyGenerated	 (h : FinitelyGeneratedMetabelianStatement)
finitelyPresentedMetabelianStatement_of_frontier	 (hsplit : Coprimary.PureCharPrimeSplitStatement) (hzero : Coprimary.PureCharLinearityZeroStatement) (hS : Absorption.PolynomialSuslinStatement) (hdiag : ElemFP.PolyK2StabRangeDiagStatement) (hone : ElemFP.PolyK2OneVarNilStatement) (hfield : ElemFP.FieldK2VanishingStatement) (hfg : CharZeroHost.FGSubringCoordinatesStatement) (hK2 : ElemFPCharZero.CharZeroStableK2FGStatement) (hV : Envelope.HigmanVFinSectionStatement) (hcore : Envelope.RNFreeSectionCoreStatement) (hfi : Envelope.RNCommutatorFiniteIndexStatement) (hC : Envelope.RNCompressStatement) (hF : Envelope.RNFragmentsStatement) (hw : Envelope.RNWreathEmbedStatement)
finitelyPresentedMetabelianStatement_of_frontier'	 (hsplit : Coprimary.PureCharPrimeSplitStatement) (hzero : Coprimary.PureCharLinearityZeroStatement) (hS : Absorption.PolynomialSuslinStatement) (hdiag : ElemFP.PolyK2StabRangeDiagStatement) (hone : ElemFP.PolyK2OneVarNilStatement) (hfield : ElemFP.FieldK2VanishingStatement) (hfg : CharZeroHost.FGSubringCoordinatesStatement) (hK2 : ElemFPCharZero.CharZeroStableK2FGStatement) (hV : Envelope.HigmanVFinSectionStatement) (hcore : Envelope.RNFreeSectionCoreStatement) (hfi : Envelope.RNCommutatorFiniteIndexStatement) (hw : Envelope.RNWreathEmbedStatement)
finitelyPresentedMetabelianStatement_of_frontierThree	 (hm : Coprimary.PureCharPrimeEHighModuleStatement) (hH : Absorption.SuslinLocalHorrocksStatement) (hvdk : ElemFP.VdKRowExtensionStatement) (hloc : ElemFP.PolyK2CubeNilLocalStatement) (hbruhat : ElemFP.FieldK2.BruhatBigCellStatement) (hgen : ElemFPCharZero.CharZeroK2PosStabGenStatement) (hcube : ElemFPCharZero.CharZeroK2CubeGapPosStatement) (hswap : Envelope.HigmanVSwapSectionStatement) (hrel : Envelope.RNRelatorsFiniteCoreStatement) (hperf : Envelope.GenTorsionVPerfectStatement)
finitelyPresentedMetabelianStatement_of_frontierTwo	 (hsplit : Coprimary.PureCharPrimeSplitStatement) (hzero : Coprimary.PureCharLinearityZeroStatement) (hS : Absorption.PolynomialSuslinStatement) (hdiag : ElemFP.PolyK2StabRangeDiagStatement) (hone : ElemFP.PolyK2OneVarNilStatement) (hfield : ElemFP.FieldK2VanishingStatement) (hK2 : ElemFPCharZero.CharZeroStableK2FGStatement) (hV : Envelope.HigmanVFinSectionStatement) (hcore : Envelope.RNFreeSectionCoreStatement) (hfi : Envelope.RNCommutatorFiniteIndexStatement)
finitelyPresentedMetabelianStatement_of_frontierTwo_zeroClosed	 (hsplit : Coprimary.PureCharPrimeSplitStatement) (hS : Absorption.PolynomialSuslinStatement) (hdiag : ElemFP.PolyK2StabRangeDiagStatement) (hone : ElemFP.PolyK2OneVarNilStatement) (hfield : ElemFP.FieldK2VanishingStatement) (hK2 : ElemFPCharZero.CharZeroStableK2FGStatement) (hV : Envelope.HigmanVFinSectionStatement) (hcore : Envelope.RNFreeSectionCoreStatement) (hfi : Envelope.RNCommutatorFiniteIndexStatement)
finitelyPresentedMetabelianStatement_of_frontierTwoBase	 (hsplit : Coprimary.PureCharPrimeSplitStatement) (hzero : Coprimary.PureCharLinearityZeroStatement) (hS : Absorption.PolynomialSuslinStatement) (hdiag : ElemFP.PolyK2StabRangeDiagStatement) (hone : ElemFP.PolyK2OneVarNilStatement) (hfield : ElemFP.FieldK2VanishingStatement) (hK2 : ElemFPCharZero.CharZeroStableK2FGStatement) (hV : Envelope.HigmanVFinSectionStatement) (hcore : Envelope.RNFreeSectionCoreStatement) (hfi : Envelope.RNCommutatorFiniteIndexStatement) (hF : Envelope.RNFragmentsStatement)
finitelyPresentedMetabelianStatement_of_pieces	 (hpieces : MetabelianPiecesStatement) (henv : FPSelfSimilarEnvelopeStatement)
finiteModelAverage_between_zero_one	 (hS : S.Nonempty)
finiteModelAverage_centeredIndicator_sub	 (hS : S.Nonempty)
finiteModelAverage_constantVector	 (hS : S.Nonempty)
finiteModelAverageIterate_displacement_eq_indicator	 (hS : S.Nonempty)
finiteModelAverageIterate_displacement_eq_pairIndicator	 (hS : S.Nonempty)
finiteModelAverageIterate_eq_indicatorIterate_sub	 (hS : S.Nonempty)
finiteModelAverageIterate_eq_pairIndicatorIterate_sub	 (hS : S.Nonempty)
finiteModelAveragingDisplacementNormSq_zero_le_cut	 (hS : S.Nonempty)
finiteModelIndicatorIterate_between_zero_one	 (hS : S.Nonempty)
finiteOrder_mem_detectorIntersection_of_matchedProduct	 (h : G)
finitePresentationFiniteIndexPermanence_of_freeInput	 (hfree : FreeFiniteIndexFinitelyPresented)
finiteRelativeWordPattern_trivialModel	 (hbase : D.base.Finite)
firstHit_lake	 (hM : M.IsPlanar)
firstHit_wd	 (hM : M.IsPlanar)
firstStage_mem_map	 (htower : HullSC.HullTowerStatementGeneral.{0})
firstTurn_prev_of_outerFollows	 (hM : M.IsPlanar)
firstTurnChain_of_outerFollows	 (hM : M.IsPlanar)
firstTurns_all_or_none	 (hK : K.FirstTurns)
firstTurns_pinchSplitInside	 (hK : K.FirstTurns)
five_mul_card_prunedSet_le	 (hT : T.Nonempty)
five_radicals_eq	 (hPW : SeparatesPoints.{u})
five_radicals_eq_lampSub_of_separatesPoints	 (hPW : PeterWeyl.SeparatesPoints.{0})
fiveStepCentral_binaryLeavittK2FiveStep_of_root_of_cornerInjective	 (h : FiveStepCentralRootStatement)
fiveStepCentralLeavitt_binaryLeavittK2FiveCentral_of_corner	 (h : FiveStepCentralLeavittCornerStatement)
fiveStepCentralLeavittCorner_of_binaryLeavittK2FiveCentral	 (h : BinaryLeavittK2FiveCentralStatement)
fiveStepCentralLeavittCorner_of_binaryLeavittSteinbergInjective	 (h : LeavittFP.BinaryLeavittSteinbergInjectiveStatement)
fiveStepCentralLeavittCorner_of_fiveStepCentralRoot	 (h : FiveStepCentralRootStatement)
fiveStepCentralRoot_of_binaryLeavittK2FiveCentral	 (h : BinaryLeavittK2FiveCentralStatement)
fiveStepCentralRoot_of_binaryLeavittSteinbergInjective	 (h : LeavittFP.BinaryLeavittSteinbergInjectiveStatement)
fiveStepCentralRoot_of_fiveStepCentralLeavittCorner	 (h : FiveStepCentralLeavittCornerStatement)
fiveStepCornerInjRankFourFix_of_binaryLeavittSteinbergRankFourInjective	 (h : LeavittFP.BinaryLeavittSteinbergRankFourInjectiveStatement)
fiveStepK2Central_binaryLeavittK2FiveCentral_of_someRoot	 (h : FiveStepK2CentralSomeRootStatement)
fiveStepK2Central_fiveStepCentralLeavittCorner_of_someRoot	 (h : FiveStepK2CentralSomeRootStatement)
fiveStepK2Central_fiveStepCentralRoot_of_someRoot	 (h : FiveStepK2CentralSomeRootStatement)
fiveStepK2CentralSomeRoot_of_binaryLeavittK2FiveCentral	 (h : BinaryLeavittK2FiveCentralStatement)
fiveStepK2CentralSomeRoot_of_binaryLeavittSteinbergInjective	 (h : LeavittFP.BinaryLeavittSteinbergInjectiveStatement)
fiveStepK2CentralSomeRoot_of_fiveStepCentralLeavittCorner	 (h : FiveStepCentralLeavittCornerStatement)
fiveStepRankFourFix_central_of_surj	 (h : FiveStepRankFourFixSurjStatement)
fiveStepRankFourFix_cornerInjective_of_surj	 (h : FiveStepRankFourFixSurjStatement)
fiveStepRankFourFix_fiveStep_of_surj	 (h : FiveStepRankFourFixSurjStatement)
fiveStepRankFourFix_fixLast_of_surj	 (h : FiveStepRankFourFixSurjStatement)
fiveStepRankFourFix_surj_of_rankFourFix	 (h : FiveStepCornerInjRankFourFixStatement)
fiveStepRankFourFix_surj_of_rankFourInjective	 (h : LeavittFP.BinaryLeavittSteinbergRankFourInjectiveStatement)
followsBoundary_outerCycle	 (hM : M.IsPlanar)
followsBoundary_outerCycle_map	 (hN : N.IsPlanar) (hM : M.IsPlanar)
followsBoundary_outerCycle_vertexJoin	 (hM : M.IsPlanar)
forall_apply_eq_of_spectralProjection	 (hS : S.Nonempty)
forall_apply_eq_of_unitaryAverage_apply_eq	 (hS : S.Nonempty)
forall_face_of_alpha_closed	 (hM : M.IsConnected)
forall_of_closed	 (hconnected : M.IsConnected)
forms_fournierFacioParagraph_closed_of_greendlinger	 (hG : GGT.VanKampen.RelativeGreendlingerQuasiGeodesicLeastAreaStatement.{0, 0, 0})
forms_fournierFacioQuotientStatement_closed_of_greendlinger	 (hG : GGT.VanKampen.RelativeGreendlingerQuasiGeodesicLeastAreaStatement.{0, 0, 0})
forms_hullCommonQuotient_closed_of_greendlinger	 (hG : GGT.VanKampen.RelativeGreendlingerQuasiGeodesicLeastAreaStatement.{0, 0, 0})
forms_hullSmallCancellationTorsionFreePrinted_closed_of_greendlinger	 (hG : GGT.VanKampen.RelativeGreendlingerQuasiGeodesicLeastAreaStatement.{0, 0, 0})
forms_literatureInputs_closed_of_greendlinger	 (hG : GGT.VanKampen.RelativeGreendlingerQuasiGeodesicLeastAreaStatement.{0, 0, 0})
forms_manuscriptHullTheoremLimitSet_closed_of_greendlinger	 (hG : GGT.VanKampen.RelativeGreendlingerQuasiGeodesicLeastAreaStatement.{0, 0, 0})
forms_manuscriptRegularNonMFAlgebra_closed_of_greendlinger	 (hG : GGT.VanKampen.RelativeGreendlingerQuasiGeodesicLeastAreaStatement.{0, 0, 0})
forms_manuscriptRegularNonMFAlgebraLimitSet_closed_of_greendlinger	 (hG : GGT.VanKampen.RelativeGreendlingerQuasiGeodesicLeastAreaStatement.{0, 0, 0})
forms_manuscriptRegularNonMFAlgebraOsin_closed_of_greendlinger	 (hG : GGT.VanKampen.RelativeGreendlingerQuasiGeodesicLeastAreaStatement.{0, 0, 0})
forms_manuscriptSaturationLimitSet_closed_of_greendlinger	 (hG : GGT.VanKampen.RelativeGreendlingerQuasiGeodesicLeastAreaStatement.{0, 0, 0})
forms_manuscriptSaturationOsin_closed_of_greendlinger	 (hG : GGT.VanKampen.RelativeGreendlingerQuasiGeodesicLeastAreaStatement.{0, 0, 0})
forms_manuscriptSentence_hullTheorem_closed_of_greendlinger	 (hG : GGT.VanKampen.RelativeGreendlingerQuasiGeodesicLeastAreaStatement.{0, 0, 0})
forms_manuscriptSentence_hullTheoremOsin_closed_of_greendlinger	 (hG : GGT.VanKampen.RelativeGreendlingerQuasiGeodesicLeastAreaStatement.{0, 0, 0})
forms_manuscriptTorsionFreeTheorem_closed_of_greendlinger	 (hG : GGT.VanKampen.RelativeGreendlingerQuasiGeodesicLeastAreaStatement.{0, 0, 0})
forms_manuscriptTorsionFreeTheoremLimitSet_closed_of_greendlinger	 (hG : GGT.VanKampen.RelativeGreendlingerQuasiGeodesicLeastAreaStatement.{0, 0, 0})
forms_manuscriptTorsionFreeTheoremOsin_closed_of_greendlinger	 (hG : GGT.VanKampen.RelativeGreendlingerQuasiGeodesicLeastAreaStatement.{0, 0, 0})
forms_printedSaturationNoOmega_closed_of_greendlinger	 (hG : GGT.VanKampen.RelativeGreendlingerQuasiGeodesicLeastAreaStatement.{0, 0, 0})
fourBlockNondeg_of_curveSublist	 (h : WitnessCurveSublistNondegStatement.{u, w, v})
fourBlockNondeg_of_fourBlock	 (h : FourBlockStatement.{u, w, v})
fourBlockNondeg_of_label	 (h : FourBlockNondegLabelStatement.{u, w, v})
fourBlockNondegLabel_of_curveSublist	 (h : WitnessCurveSublistNondegStatement.{u, w, v})
fournierFacioParagraph_of_fourLeaves	 (hgreendlinger :       GGT.VanKampen.RelativeGreendlingerQuasiGeodesicLeastAreaStatement.{0, 0, 0}) (hbridge : HullSC.RelativeIsoperimetricBridgeQuasiGeodesicEmbeddedStatement.{0, 0, 0}) (hKO : TheoremC.KotowskiOllivierStatement) (hW : TorsionFreePrinted.FinitelyPresentedInfiniteSimpleStatement)
fournierFacioParagraph_of_greendlinger	 (hgreendlinger :       GGT.VanKampen.RelativeGreendlingerQuasiGeodesicLeastAreaStatement.{0, 0, 0})
fournierFacioParagraph_of_leastAreaFixedCliqueHyp	 (hgreendlinger :       GGT.VanKampen.RelativeGreendlingerQuasiGeodesicLeastAreaStatement.{0, 0, 0}) (hbridge : HullSC.RelativeIsoperimetricBridgeQuasiGeodesicEmbeddedStatement.{0, 0, 0}) (hT6 : GroupApproximation.KMSGroup.CCKW.SystolicInvariantCliqueStatement) (hW : FinitelyPresentedInfiniteSimpleStatement)
fournierFacioParagraph_of_leastAreaKOLeaves	 (hgreendlinger :       GGT.VanKampen.RelativeGreendlingerQuasiGeodesicLeastAreaStatement.{0, 0, 0}) (hbridge : HullSC.RelativeIsoperimetricBridgeQuasiGeodesicEmbeddedStatement.{0, 0, 0}) (hT6 : GroupApproximation.KMSGroup.CCKW.SystolicInvariantCliqueStatement) (hW : FinitelyPresentedInfiniteSimpleStatement)
fournierFacioParagraph_of_leastAreaLeaves	 (hgreendlinger :       GGT.VanKampen.RelativeGreendlingerQuasiGeodesicLeastAreaStatement.{0, 0, 0}) (hbridge : HullSC.RelativeIsoperimetricBridgeQuasiGeodesicEmbeddedStatement.{0, 0, 0}) (hKO : TheoremC.KotowskiOllivierStatement) (hW : FinitelyPresentedInfiniteSimpleStatement)
fournierFacioParagraph_of_literatureInputs	 (hW : FinitelyPresentedInfiniteSimpleStatement)
fournierFacioProposition23_of_hull_osin24	 (h44family :       HullSC.HullLemma44CanonicalQuotientFamilyInclusionStatement.{0, 0}) (h49 : HullSC.HullLemma49KernelPowerStatement.{0, 0}) (hyi : HullSC.YiSuitablePairAvoidingFiniteOneSided.{0})
fournierFacioProposition23_of_hullStep	 (hstep : Osin24HullStepStatement)
fournierFacioProposition23_of_osin24	 (hOsin : OsinTheorem24FinitePresentationAddendum) (hSuit : HyperbolicSuitabilityStatement)
fournierFacioProposition23_of_osin24_of_nonCommensurablePair	 (hOsin : OsinTheorem24FinitePresentationAddendum) (hPair : HyperbolicNonCommensurablePairStatement)
fournierFacioQuotient_of_fourLeaves	 (hgreendlinger :       GGT.VanKampen.RelativeGreendlingerQuasiGeodesicLeastAreaStatement.{0, 0, 0}) (hbridge : HullSC.RelativeIsoperimetricBridgeQuasiGeodesicEmbeddedStatement.{0, 0, 0})
fournierFacioQuotient_of_greendlinger	 (hgreendlinger :       GGT.VanKampen.RelativeGreendlingerQuasiGeodesicLeastAreaStatement.{0, 0, 0})
fournierFacioQuotientStatement_of_boundedLeaves	 (h44 : HullSC.BoundedHullLemma44CanonicalQuotientStatement.{0}) (hemb : HullSC.BoundedImageEmbeddingStatement.{0, 0}) (h49 : HullSC.HullLemma49KernelPowerStatement.{0, 0})
fournierFacioQuotientStatement_of_cayley_pair	 (hOsin : OsinTheorem24Cayley) (hDesign : OsinRelatorDesignCayley)
fournierFacioQuotientStatement_of_coned	 (hOsin : OsinTheorem24) (hDesign : OsinRelatorDesign) (hCone : FreeProductConedHyperbolicStatement)
fournierFacioQuotientStatement_of_greendlinger	 (hgreendlinger :       GGT.VanKampen.RelativeGreendlingerQuasiGeodesicLeastAreaStatement.{0, 0, 0})
fournierFacioQuotientStatement_of_hull_osin24	 (h44family :       HullSC.HullLemma44CanonicalQuotientFamilyInclusionStatement.{0, 0}) (h49 : HullSC.HullLemma49KernelPowerStatement.{0, 0}) (hyi : HullSC.YiSuitablePairAvoidingFiniteOneSided.{0})
fournierFacioQuotientStatement_of_hullStep	 (hstep : Osin24HullStepStatement)
fournierFacioQuotientStatement_of_leastAreaLeaves	 (hgreendlinger :       GGT.VanKampen.RelativeGreendlingerQuasiGeodesicLeastAreaStatement.{0, 0, 0}) (hbridge : HullSC.RelativeIsoperimetricBridgeQuasiGeodesicEmbeddedStatement.{0, 0, 0})
fournierFacioQuotientStatement_of_osin	 (hOsin : OsinTheorem24) (hDesign : OsinRelatorDesign) (hRelHyp : FreeProductRelativelyHyperbolicStatement) (hEA : ElementaryAmenableStatement)
fournierFacioQuotientStatement_of_osin_cayley	 (hOsin : OsinTheorem24Cayley) (hDesign : OsinRelatorDesignCayley) (hRelHyp : FreeProductRelativelyHyperbolicStatement)
fournierFacioQuotientStatement_of_osin_final	 (hOsin : OsinTheorem24Final) (hDesign : OsinRelatorDesignFinal) (hRelHyp : FreeProductRelativelyHyperbolicStatement)
fournierFacioQuotientStatement_of_osin_repaired	 (hOsin : OsinTheorem24Repaired) (hDesign : OsinRelatorDesignRepaired) (hRelHyp : FreeProductRelativelyHyperbolicStatement)
fournierFacioQuotientStatement_of_osin'	 (hOsin : OsinTheorem24) (hDesign : OsinRelatorDesign) (hRelHyp : FreeProductRelativelyHyperbolicStatement)
fournierFacioQuotientStatement_of_osin24_of_nonCommensurablePair	 (hOsin : OsinTheorem24FinitePresentationAddendum) (hPair : HyperbolicNonCommensurablePairStatement)
fournierFacioQuotientStatement_of_osin24_of_yi	 (hOsin : OsinTheorem24FinitePresentationAddendum) (hyi : HullSC.YiSuitablePair.{0})
fournierFacioQuotientStatement_of_prop23	 (hProp : FournierFacioProposition23)
fournierFacioRows_of_greendlinger	 (hgreendlinger :       GGT.VanKampen.RelativeGreendlingerQuasiGeodesicLeastAreaStatement.{0, 0, 0})
fournierFacioRows_of_residuals	 (hoff : GGT.VanKampen.GreendlingerLeaf.P07InnerPocket.PocketFourPieceOffStatement.{0, 0, 0}) (hjunction :       GGT.VanKampen.GreendlingerLeaf.P10RoseExtremalTrim.RoseExtremalJunctionStatement.{0, 0, 0})
fourPieceInput_of_fourPieceOff	 (h : PocketFourPieceOffStatement.{u, w, v})
fourPieceInput_of_inside	 (h : PocketFourPieceInsideStatement.{u, w, v})
fourPieceInput_of_lakeReadSome	 (h : PocketFourPieceLakeReadSomeStatement.{u, w, v})
fourPieceInsideClose_of_residual	 (h : FourPieceInsideCloseResidualStatement.{u, w, v})
fourPieceInsideClose_residual_of_arcAuditResidual	 (h : PocketFourPieceArcAuditResidualStatement.{u, w, v})
fourPieceInsideResidual_inside_of_step	 (h : FourPieceInsideResidualStepStatement.{u, w, v})
fourPieceInsideResidual_of_step	 (h : FourPieceInsideResidualStepStatement.{u, w, v})
fourPieceInsideResidual_step_of_arcCloseStep	 (h : PocketFourPieceArcCloseStepStatement.{u, w, v})
fourSectionCuts_cellTransport	 (hcell : PocketCellTransportStatement.{u, w, v}) (hout : P.outer.FollowsBoundary)
fourSectionCuts_leastAreaCut	 (hlea : Delta.LeastArea)
foxAsphericalGirthEight_of_sphericalExtraction	 (h : SphericalExtractionGirthEight.{u'})
fpOvergroup_of_fgRecursive	 (h : REBenign)
fpOvergroup_of_fgRecursive_of_omega	 (hOmega : Omega.OmegaInput)
fpSelfSimilarEnvelope_of_frontier	 (hV : Envelope.HigmanVFinSectionStatement) (hcore : Envelope.RNFreeSectionCoreStatement) (hfi : Envelope.RNCommutatorFiniteIndexStatement) (hC : Envelope.RNCompressStatement) (hF : Envelope.RNFragmentsStatement) (hw : Envelope.RNWreathEmbedStatement)
fpSelfSimilarEnvelope_of_frontier'	 (hV : Envelope.HigmanVFinSectionStatement) (hcore : Envelope.RNFreeSectionCoreStatement) (hfi : Envelope.RNCommutatorFiniteIndexStatement) (hw : Envelope.RNWreathEmbedStatement)
fpSelfSimilarEnvelope_of_frontierTwo	 (hV : Envelope.HigmanVFinSectionStatement) (hcore : Envelope.RNFreeSectionCoreStatement) (hfi : Envelope.RNCommutatorFiniteIndexStatement)
fpSelfSimilarEnvelope_of_frontierTwoBase	 (hV : Envelope.HigmanVFinSectionStatement) (hcore : Envelope.RNFreeSectionCoreStatement) (hfi : Envelope.RNCommutatorFiniteIndexStatement) (hF : Envelope.RNFragmentsStatement)
fpSelfSimilarEnvelope_of_rnEnvelope	 (hRN : RoverNekrashevychEnvelopeStatement)
fpSimpleKazhdanHyperlinearQuestion_of_soficQuestion	 (h : FPSimpleKazhdanSoficQuestion)
frame_bijective	 (h : FrameFan.BinaryLeavittFrameConeFourStatement)
frame_cone_four_fin_of_wordMultiplier	 (h : WordMultiplierStatement)
frame_cone_four_list_of_wordMultiplier	 (h : WordMultiplierStatement)
frame_cone_four_of_wordMultiplier	 (h : WordMultiplierStatement)
frameApproximation_of_glimm	 (hG : GlimmLemmaStatement)
frameApproximation_of_oneStep	 (h : OneStepApproximationStatement)
frameEquiv_symm_incl	 (h : FrameFan.BinaryLeavittFrameConeFourStatement)
frameEquiv_symm_swapLast	 (h : FrameFan.BinaryLeavittFrameConeFourStatement)
freeEquiv_maps_relators	 (hc : IsCompleteOnBlocks)
freeEquiv_symm_maps_relators	 (hi : IsIrreflexive)
freeIntegralGeneralRank_implies_finitelyGeneratedRingGeneralRank	 (hfree : FreeIntegralGeneralRankElementaryPropertyT)
freeNormalSubgroupAtHypEmbedded_of_freeNormalClosureOfPower	 (h2 : FreeNormalClosureOfPower)
freeNormalSubgroupAtHypEmbedded_of_inputs	 (h1 : LoxodromicHypEmbeddedClosure) (h2 : FreeNormalClosureOfPower)
freeProductAlphabetStatement_of_union	 (h : FreeProductUnionAlphabetStatement)
freeProductConedHyperbolicStatement_of_fourPoint	 (h : FreeProductConedFourPointStatement)
freeProductRelativelyHyperbolicStatement_of_coned	 (h : FreeProductConedHyperbolicStatement)
freeProductRelativelyHyperbolicStatement_of_fourPoint	 (h : FreeProductConedFourPointStatement)
freeProductStatementCorrected_of_alphabet	 (h : FreeProductAlphabetStatement)
freeProductStatementCorrected_of_freeProductStatement	 (h : FreeProductStatement)
freeProductSuitabilityStatement_of_hyperbolicSuitability	 (h : HyperbolicSuitabilityStatement)
freeProductUnionAlphabetStatement_of_geometry	 (h : FreeProductUnionGeometryStatement)
freeRankTwo_of_612_of_infiniteOrder	 (hpp : PingPongFreeRankTwoGeometric.{u, u}) (h612 : DGOCorollary612.{u}) (hemb : D.IsHyperbolicallyEmbedded)
freeRankTwo_of_pingPong	 (hPP : PingPongLemmaStatement.{u, v})
freeSubgroup_fg	 (hR : R.Finite)
fullComplementaryIdempotentsOverSubrings_of_fixedRing	 (hfixed : FullDefectAtFixedRing)
gamma_product	 (hb : T.IsBilinear)
gamma_top_eq_zero	 (hC : Wu.CartanTotal)
gamma_top_eq_zero_of_hasSplitting	 (hC : Wu.CartanTotal)
gamma_top_eq_zero_of_hasSplitting_two	 (hC : Wu.CartanTotal)
gamma_top_eq_zero_of_splitting	 (hC : CartanTotal)
gamma_unit	 (hb : T.IsBilinear)
gap_alpha_faceOf_ne	 (hM : M.IsPlanar)
gap_last_alpha_faceOf_ne	 (hM : M.IsPlanar)
gapConstant_lt_one	 (hS : S.Nonempty)
gapSpan_of_rotationTurns	 (hrot : Piece04.ClassPocketRotationTurnStatement.{u, w, v})
gauss_bonnet	 (hS : D.SimpleBoundary)
gaussian_mapAffine	 (h : H)
gelfandEquiv_symm_comp	 (hC : C.IsCommutative)
geodesicCollarOutput_nil	 (hin : P.inner.FollowsBoundary) (hout : P.outer.FollowsBoundary)
geodesicCollarOutput_of_strip_of_simple	 (hstrip : StripStatement.{u, w, v})
geodesicCollarStatement_of_strip	 (hstrip : StripStatement.{u, w, v})
gerasimovaOsinFreeSubsemigroupInput_of_proposition41	 (h41 : GerasimovaOsinProposition41Statement)
gerasimovaOsinProposition41_of_lemma42	 (h42 : GerasimovaOsinLemma42Statement)
gerasimovaOsinTheorem11Printed_of_freeSubsemigroupInput	 (hGO : GerasimovaOsinFreeSubsemigroupInput)
gerasimovaOsinTheorem11Printed_of_inputs	 (hDH : DykemaDeLaHarpeTheorem14) (hGO : GerasimovaOsinFreeSubsemigroupInput)
gerasimovaOsinTheorem11Printed_of_lemma42	 (h42 : GerasimovaOsinLemma42Statement)
gerasimovaOsinTheorem11Printed_of_proposition41	 (h41 : GerasimovaOsinProposition41Statement)
getElem_auxCycle_of_lt	 (h : G)
getElem_blockWordAppend_comp	 (h : G)
getElem_blockWordAppend_pre	 (h : G)
getElem?_blockWord_comp	 (h : G)
getElem?_blockWord_ne_base	 (h : G)
getElem?_blockWord_pre	 (h : G)
getElem?_blockWordAppend_comp	 (h : G)
getElem?_blockWordAppend_pre	 (h : G)
gfaceChoose_bd_keep	 (hM : M.IsPlanar)
gfaceChoose_of_loop	 (hK : K.ClosedWalk)
gFacesApart_of_dartMinimal	 (hS : S.DartMinimal)
gfaceWind_cob_excise	 (hM : M.IsPlanar)
gfaceWind_of_choice	 (hK : K.ClosedWalk)
gfaceWind_reach_inv	 (hM : M.IsPlanar) (hC : C.Nodup)
gfaceWind_reach_pair	 (hM : M.IsPlanar) (hC : C.Nodup)
gfaceWind_step_inv	 (hM : M.IsPlanar) (hC : C.Nodup)
gfaceWind_wind_cob	 (hM : M.IsPlanar)
gfaceWindCell_clauses_of_arcs	 (hK : K.ClosedWalk)
gfaceWindCellNine_arcs_of	 (hK : K.ClosedWalk)
gfaceWindCellNine_c5	 (hK : K.ClosedWalk)
gfaceWindCellNine_ne_nil_of_c5	 (hK : K.ClosedWalk)
gfaceWindCellNine_of_arcs	 (hK : K.ClosedWalk)
gfaceWindCellNine_sub	 (hK : K.ClosedWalk)
gfaceWindChord_split	 (hM : M.IsPlanar) (hC : C.Nodup)
gfaceWindClause_choice	 (hK : K.ClosedWalk)
gfaceWindCollapse_of_excise	 (hK : K.ClosedWalk)
gfaceWindEight_lobe	 (hM : M.IsPlanar) (hC : C.Nodup)
gfaceWindEleven_inside	 (hM : M.IsPlanar)
gfaceWindFive_pocket_step	 (hK : K.ClosedWalk)
gfaceWindFive_reach	 (hK : K.ClosedWalk)
gfaceWindNine_choice_of_arcs	 (hK : K.ClosedWalk)
gfaceWindNine_facts	 (hK : K.ClosedWalk)
gfaceWindNine_pass_of_arcs	 (hK : K.ClosedWalk)
gfaceWindNine_pass_start	 (hK : K.ClosedWalk)
gfaceWindNine_refl_trivial	 (hK : K.ClosedWalk)
gfaceWindSeven_pocket	 (hK : K.ClosedWalk)
gfaceWindSeven_toNil	 (hM : M.IsPlanar) (hC : C.Nodup)
gfaceWindSeven_two	 (hM : M.IsPlanar) (hC : C.Nodup)
gfaceWindSix_choice	 (hK : K.ClosedWalk)
gfaceWindSix_const	 (hM : M.IsConnected)
gfaceWindSix_eq_wind	 (hM : M.IsPlanar)
gfaceWindSix_inv_rt	 (hM : M.IsPlanar) (hC : C.Nodup)
gfaceWindSix_iter	 (hM : M.IsPlanar) (hC : C.Nodup)
gfaceWindSix_nil	 (hM : M.IsConnected)
gfaceWindSix_of_clause	 (hK : K.ClosedWalk)
gfaceWindSix_pocket	 (hK : K.ClosedWalk)
gfaceWindSix_terminal	 (hM : M.IsPlanar) (hC : C.Nodup)
gfaceWindSix_zero_one	 (hM : M.IsPlanar)
gfaceWindTen_card_lt	 (hM : M.IsPlanar)
gfaceWindTen_nest	 (hM : M.IsPlanar)
gfaceWindTen_outside	 (hM : M.IsPlanar)
girthEightHyperbolicity_of_localDataFilling	 (hgromov : LinearIsoperimetricHyperbolicityStatement)
girthEightHyperbolicity_unconditional_of_source	 (hsource : SuccessiveStarSource)
girthEightInfinite_of_torsionFree	 (htf : GirthEightTorsionFree)
girthEightTorsionFree_of_foxAspherical	 (h : FoxAsphericalGirthEight)
girthEightTorsionFree_of_sphericalExtraction	 (h : SphericalExtractionGirthEight.{u'})
gl03cRetire_gl06fRegionMoveSubArc_of_p10Rose	 (h : GreendlingerLeaf.P10Rose.RoseRegionMoveSubArcStatement.{u, w, v})
gl03cRetire_gl06fRose	 (h : GreendlingerLeaf.P10Rose.RoseRegionMoveSubArcStatement.{u, w, v})
gl03cRetire_p10RoseRegionMoveSubArc_of_gl06f	 (h : GL06f.RoseRegionMoveSubArcStatement.{u, w, v})
gl03cRetire_p10RoseRegionMoveSubArc_of_keptSubwalkCore	 (h : GL03DKept.gl03dKept_KeptSubwalkCoreStatement.{u, w, v})
gl03cRetire_piece10	 (h : GreendlingerLeaf.P10Rose.RoseRegionMoveSubArcStatement.{u, w, v})
gl03cRetire_piece10_of_gl06f	 (h : GL06f.RoseRegionMoveSubArcStatement.{u, w, v})
gl03cRetire_piece10_of_keptSubwalkCore	 (h : GL03DKept.gl03dKept_KeptSubwalkCoreStatement.{u, w, v})
gl03cRetire_rose	 (h : GreendlingerLeaf.P10Rose.RoseRegionMoveSubArcStatement.{u, w, v})
gl03dKept_core_of_keptSubwalk	 (h : GL03D.KeptSubwalkStatement.{u, w, v})
gl03dKept_faceOf_alpha_not_mem_sideFaces	 (hM : M.IsPlanar)
gl03dKept_roseRegionMoveSubArc_of_core	 (h : GL03DKept.gl03dKept_KeptSubwalkCoreStatement.{u, w, v})
gl03dKeptProof_pinchCore_of_core	 (h : GL03DKept.gl03dKept_KeptSubwalkCoreStatement.{u, w, v})
gl06h4Nearest_refutedBelow_of_corrected_of_shortPocket	 (hencl : GL03BPinch.InnerPocketEnclosedTwoArcCorrected.{u, w, v})
gl06h4Nearest_shortPocket_of_nearestCellPocket	 (h : NearestCellPocketStatement.{u, w, v})
gl06h5_descentPocket_of_shortPocket	 (h : GL06h4.gl06h4Nearest_shortPocketStatement.{u, w, v})
gl06h5_refutedBelow_of_corrected_of_descent	 (hencl : GL03BPinch.InnerPocketEnclosedTwoArcCorrected.{u, w, v})
gl06h6_descends_of_collarShortcut	 (hlea : Delta.LeastArea)
gl06h6_descends_of_enclosedShortcut	 (hlea : Delta.LeastArea)
gl06h6_descends_of_shortcut	 (hlea : Delta.LeastArea)
gl06h6_noShortcutPocket_of_shortPocket	 (h : GL06h4.gl06h4Nearest_shortPocketStatement.{u, w, v})
gl06h6_pocketValue_ne_one	 (hlea : Delta.LeastArea)
gl06h7_descends_of_fewer	 (hleaY : Y.LeastArea)
gl06h7_minimalPocket_of_noShortcutPocket	 (h : GL06h6.gl06h6_noShortcutPocketStatement.{u, w, v})
gl06h7_not_shortcut_of_not_descends	 (hlea : Delta.LeastArea)
gl06h8_classPocket_of_minimalPocket	 (h : GL06h7.gl06h7_minimalPocketStatement.{u, w, v})
glFix01_proof_of_allCells	 (h : AllCellsShortLoopStatement.{u, w, v})
glFix01_regionMoveSubArc_of_filterWalk	 (h : RoseFilterWalkStatement.{u, w, v})
glue_isRestriction	 (hwalk : S.boundary.FollowsBoundary)
glue_sigma_firstReturn	 (hwalk : S.boundary.FollowsBoundary)
glue_vertexCount	 (hwalk : S.boundary.FollowsBoundary)
glueCellArc_boundaryDarts	 (hwalk : P.outer.FollowsBoundary)
glueCellFace_injective	 (hwalk : P.outer.FollowsBoundary)
glueCellFace_of_mem	 (hwalk : P.outer.FollowsBoundary)
glueCellFace_of_not_mem	 (hwalk : P.outer.FollowsBoundary)
glueCellFace_surjective	 (hwalk : P.outer.FollowsBoundary)
glueCellFace_word	 (hwalk : P.outer.FollowsBoundary)
glueDiagram_boundaryWord	 (hwalk : P.outer.FollowsBoundary)
glueDiagram_face_mem_iff	 (hwalk : P.outer.FollowsBoundary)
glueDiagram_outerBoundary_darts	 (hwalk : P.outer.FollowsBoundary)
glueDiagram_outerBoundary_getElem	 (hwalk : P.outer.FollowsBoundary)
glueEmbedding_outerDarts_getElem	 (hwalk : P.outer.FollowsBoundary)
glueFaceBoundary_rightFace_darts	 (h : X.Face)
glueFaceBoundary_rightFace_word	 (h : X.Face)
glueLeft_mem	 (hwalk : P.outer.FollowsBoundary)
glueLeftCell_darts	 (hwalk : P.outer.FollowsBoundary)
glueLeftCell_face	 (hwalk : P.outer.FollowsBoundary)
glueMap_connected	 (hwalk : S.boundary.FollowsBoundary) (hM : M.IsConnected) (hX : X.IsConnected)
glueMap_planar	 (hwalk : S.boundary.FollowsBoundary) (hM : M.IsPlanar) (hX : X.IsPlanar)
glueOuter_darts	 (hwalk : P.outer.FollowsBoundary)
glueRight_mem	 (hwalk : P.outer.FollowsBoundary)
glueRightCell_darts	 (hwalk : P.outer.FollowsBoundary)
glueRightCell_face	 (hwalk : P.outer.FollowsBoundary)
glueRightCell_ne_glueLeftCell	 (hwalk : P.outer.FollowsBoundary)
glueRightCell_word_length	 (hwalk : P.outer.FollowsBoundary)
glueXFace_of_ne	 (h : Xi.toCombMap.Face)
go_prop41_core	 (h42 : GerasimovaOsinLemma42Statement)
gOnly_of_surgery	 (h : Piece06.CellRoseLakesSurgeryBelowStatement.{u, w, v})
gOnlyBelow_of_lakesSurgery	 (h : Piece06.CellRoseLakesSurgeryBelowStatement.{u, w, v})
graph_dist_le_wordDist	 (hconn : Gamma.Preconnected)
graphDist_fourPoint_one	 (hH : H.IsTree)
graphDist_fourPoint_zero	 (hH : H.IsTree)
greendlinger_of_frontier	 (hrot : Piece04.ClassPocketRotationTurnStatement.{u, w, v}) (hencl : P07LakeExclusion.InnerPocketEnclosedTwoArcStatement.{u, w, v}) (hsub : P10Rose.RoseRegionMoveSubArcStatement.{u, w, v})
gromovProduct_fourPoint_zero_real	 (hH : H.IsTree)
gromovProduct_inv_turn	 (h : G)
gromovProduct_smul_self_base	 (h : G)
gromovProduct_turn_eq	 (h : G)
groupLift_injective	 (hIn : HNNInputs)
groupLiftEval_eq_regular	 (hIn : HNNInputs)
hammingDistance_completed_pair	 (hDne : D.Nonempty)
hasBoundedOrbitAt_of_universalBaseRelGenSet_orbitLowerBound	 (h : G)
hasCleanTwoGon_of_transport	 (hlea : Delta.LeastArea)
hasCommonZero_of_le	 (h : CommonZeroProperty)
hasCommonZero_of_property	 (h : CommonZeroProperty)
hasCommonZero_of_property'	 (h : CommonZeroProperty)
hasEndpointClosedPlanarEdgeBound	 (hlea : Delta.LeastArea) (hloops : S.NoLoops) (hmulti : S.NoMultipleEdges)
hasGeodesicBoundaryLength_of_hasBaseGeodesicBoundary	 (h : Z.HasBaseGeodesicBoundary)
hasHaagerupProperty_closure_of_charP_charZero	 (hp : GHWFinitelyGeneratedCharP) (h0 : GHWFinitelyGeneratedCharZero)
hasHereditaryPlanarEdgeBound_of_realization	 (hrealization : InteriorIncidencePlanarRealization.{u, w, v})
hasKazhdanPropertyT_of_orbitAverageGap	 (hS : S.Nonempty)
hasKazhdanPropertyT_of_tableChecks	 (hbridge : QuadrangleDataOfChecks)
hasLocalNFApproximation_of_nuclear_of_mf_of_localization	 (hloc : CoronaUCPFiniteCoordinateLocalizationStatement)
hasQuasiGeodesicSpelling_of_hasGeodesicBoundaryLength	 (hgeo : Z.HasGeodesicBoundaryLength)
hasQuasiGeodesicSpellingAt_of_hasQuasiGeodesicSpelling	 (h : Z.HasQuasiGeodesicSpelling)
hasSegmentShift_of_adj	 (hH : H.IsTree)
hasSolvableWordProblem_G_of_recursiveLanguage	 (hwp : PrintedWordProblemReducesToLanguage) (hgen : GenValueGeneratesStatement)
hasSolvableWordProblem_host_of_hostRecursivePresentationStatement	 (hS : HostRecursivePresentationStatement)
hasSqrtCommutatorControl_of_contraction	 (hC : ContractionSqrtCommutatorStatement)
hasTopLine_prod_CP	 (hcirc : CircleTopLineStep)
hasTopLine_prod_sphere	 (hcirc : CircleTopLineStep)
hasTraceCompatibleUltraHom_of_nuclear	 (hAmenable : NuclearAmenableTraceStatement.{u}) (hUltra : AmenableUltraHomStatement.{u})
head?_flatten_ne_of_lt	 (hnodup : L.flatten.Nodup)
headlineConclusion_of	 (hsimple : PropositionSimple)
headlineConclusion_of_configuration_and_simplicity	 (hconfiguration : PrintedDefectConfiguration) (hsimple : PropositionSimple)
heGXPair_of_heGXFamily	 (hfam : GGT.HeGXFamily.{u, 0})
heGXSingle_of_heGXFamily	 (h : HeGXFamily.{u, w})
herm_coords_of_isHermitian	 (hM : M.IsHermitian)
hermitianInvSqrtDiagonal_conjTranspose	 (hP : P.IsHermitian)
hermitianInvSqrtDiagonal_mul_eigenvalueDiagonal	 (hP : P.IsHermitian)
hgammaModel_coord_productSeparable	 (hCProduct : C.data.ProductSeparable) (hCReflect : C.data.FactorizationReflecting)
hgammaModel_productSeparable	 (hCProduct : C.data.ProductSeparable) (hCReflect : C.data.FactorizationReflecting)
higmanGenerated_blockPairSet	 (h : BoundedWindowRE)
higmanGenerated_of_finite	 (hB : B.Finite)
higmanGenerated_of_REset	 (h : EnumeratedRangeGenerated)
higmanGenerated_range_of_projection	 (h : BoundedWindowRE)
higmanGenerated_range_of_projection_of_computable	 (h : BoundedWindowRE)
higmanTheoremThree_of_enumeratedRange	 (h : EnumeratedRangeGenerated)
higmanVC_complete_of_transfer	 (h : HigmanVCTransferStatement)
higmanVC_finFP_of_transfer	 (h : HigmanVCTransferStatement)
higmanVCAll_complete_of_antichain_of_tau	 (hA : HigmanVCAllAntichainStatement)
higmanVCAll_finFP_of_antichain_of_tau	 (hA : HigmanVCAllAntichainStatement)
higmanVCAll_ker_le_of_antichain	 (h : HigmanVCAllAntichainStatement)
higmanVCAll_transfer_of_antichain_of_tau	 (hA : HigmanVCAllAntichainStatement)
higmanVCCentral_antichain_of_balanced	 (h : HigmanVCCentralBalancedStatement)
higmanVCCentral_central_of_balanced	 (h : HigmanVCCentralBalancedStatement)
higmanVCCentral_ker_le_of_balanced	 (h : HigmanVCCentralBalancedStatement)
higmanVCCommon_antichain_of_central	 (h : HigmanVCCommonCentralStatement)
higmanVCCommon_central_of_antichain	 (h : HigmanVCAllAntichainStatement)
higmanVCCommon_finFP_of_central	 (hA : HigmanVCCommonCentralStatement)
higmanVCCommon_ker_le_of_central	 (h : HigmanVCCommonCentralStatement)
higmanVCLeafExp_swapSection_of_W_of_tau	 (hW : HigmanVCLeafExpStatement)
higmanVCLeafExp_Z_of_W	 (hW : HigmanVCLeafExpStatement)
higmanVCOrbit_swapSection_of_orbit_of_tau	 (hO : HigmanVCOrbitStatement)
higmanVCOrbit_W_of_orbit	 (hO : HigmanVCOrbitStatement)
higmanVCOrbit_Z_of_orbit	 (hO : HigmanVCOrbitStatement)
higmanVCOrbitAll_all_of_gap	 (hG : HigmanVCOrbitGapStatement)
higmanVCOrbitAll_all_of_gen	 (hG : HigmanVCOrbitGenStatement)
higmanVCOrbitAll_gap_of_all	 (hA : HigmanVCOrbitAllStatement)
higmanVCOrbitAll_gen_of_all	 (hA : HigmanVCOrbitAllStatement)
higmanVCOrbitAll_swapSection_of_tau	 (hA : HigmanVCOrbitAllStatement)
higmanVCOrbitGap_orbit_of_gap	 (hG : HigmanVCOrbitGapStatement)
higmanVCOrbitGap_swapSection_of_tau	 (hG : HigmanVCOrbitGapStatement)
higmanVCOrbitGap_W_of_gap	 (hG : HigmanVCOrbitGapStatement)
higmanVCOrbitGen_gap_of_gen	 (hG : HigmanVCOrbitGenStatement)
higmanVCOrbitGen_gen_of_gap	 (hG : HigmanVCOrbitGapStatement)
higmanVCOrbitGen_swapSection_of_tau	 (hG : HigmanVCOrbitGenStatement)
higmanVCOrbitLong_all_of_long	 (hL : HigmanVCOrbitLongStatement)
higmanVCOrbitLong_gap_of_long	 (hL : HigmanVCOrbitLongStatement)
higmanVCOrbitLong_long_of_all	 (hA : HigmanVCOrbitAllStatement)
higmanVCOrbitMulti_all_of_multi	 (hM : HigmanVCOrbitMultiStatement)
higmanVCOrbitMulti_gap_of_multi	 (hM : HigmanVCOrbitMultiStatement)
higmanVCOrbitMulti_multi_of_all	 (hA : HigmanVCOrbitAllStatement)
higmanVCOrbitMulti_stem_of_multi	 (hM : HigmanVCOrbitMultiStatement)
higmanVCOrbitStem_all_of_stem	 (hS : HigmanVCOrbitStemStatement)
higmanVCOrbitStem_gap_of_stem	 (hS : HigmanVCOrbitStemStatement)
higmanVCOrbitStem_long_of_stem	 (hS : HigmanVCOrbitStemStatement)
higmanVCOrbitStem_stem_of_all	 (hA : HigmanVCOrbitAllStatement)
higmanVCPivotAC_ker_le_of_Y	 (h : HigmanVCPivotACStatement)
higmanVCPivotAC_wit_of_Y	 (h : HigmanVCPivotACStatement)
higmanVCPivotAC_X_of_Y	 (h : HigmanVCPivotACStatement)
higmanVCPivotAC_Y_of_X	 (h : HigmanVCTreeNFWitPivotStatement)
higmanVCPivotY_antichain_of_Z	 (h : HigmanVCPivotYStatement)
higmanVCPivotY_finitelyPresentedMetabelian	 (hH : Absorption.SuslinLocalHorrocksStatement) (hvdk : ElemFP.VdKRowExtensionStatement) (hloc : ElemFP.PolyK2CubeNilLocalStatement) (hgen : ElemFPCharZero.CharZeroK2PosStabGenStatement) (hcube : ElemFPCharZero.CharZeroK2CubeGapPosStatement) (hZ : HigmanVCPivotYStatement)
higmanVCPivotY_ker_le_of_Z	 (h : HigmanVCPivotYStatement)
higmanVCPivotY_swapSection_of_Y_of_tau	 (hY : HigmanVCPivotACStatement)
higmanVCPivotY_swapSection_of_Z_of_tau	 (hZ : HigmanVCPivotYStatement)
higmanVCPivotY_transfer_of_Z_of_tau	 (hZ : HigmanVCPivotYStatement)
higmanVCPivotY_X_of_Z	 (h : HigmanVCPivotYStatement)
higmanVCPivotY_Y_of_Z	 (h : HigmanVCPivotYStatement)
higmanVCPivotY_Z_of_Y	 (h : HigmanVCPivotACStatement)
higmanVCStepB_antichain_of_core	 (hK : HigmanVCStepBCoreStatement)
higmanVCStepB_closed_of_core	 (hK : HigmanVCStepBCoreStatement)
higmanVCStepB_core_full	 (hK : HigmanVCStepBCoreStatement)
higmanVCStepB_ker_le_of_core	 (hK : HigmanVCStepBCoreStatement)
higmanVCStepBCore_allAC_of_split	 (hK : HigmanVCStepBCore_SplitStatement)
higmanVCStepBCore_closed_of_split	 (hK : HigmanVCStepBCore_SplitStatement)
higmanVCStepBCore_full	 (hK : HigmanVCStepBCore_SplitStatement)
higmanVCStepBCore_ker_le_of_split	 (hK : HigmanVCStepBCore_SplitStatement)
higmanVCStepBCore_split_of_core	 (hK : HigmanVCStepBCoreStatement)
higmanVCTau_complete_of_antichain_of_conjSplit	 (hA : HigmanVCAllAntichainStatement) (hC : HigmanVCTauConjSplitStatement)
higmanVCTau_finFP_of_antichain_of_conjSplit	 (hA : HigmanVCAllAntichainStatement) (hC : HigmanVCTauConjSplitStatement)
higmanVCTau_of_conjSplit	 (h : HigmanVCTauConjSplitStatement)
higmanVCTau_transfer_of_antichain_of_conjSplit	 (hA : HigmanVCAllAntichainStatement) (hC : HigmanVCTauConjSplitStatement)
higmanVCTauBin_classifyTwo_of_hop	 (h : HigmanVCTauBinHopStatement)
higmanVCTauBin_deep_of_hop	 (h : HigmanVCTauBinHopStatement)
higmanVCTauBin_tau_of_hop	 (h : HigmanVCTauBinHopStatement) (hLt : HigmanVCTauLevelLtStatement)
higmanVCTauClassify_deep_of_two	 (h : HigmanVCTauClassifyTwoStatement)
higmanVCTauClassify_of_two	 (h : HigmanVCTauClassifyTwoStatement)
higmanVCTauClassify_tau_of_two	 (h : HigmanVCTauClassifyTwoStatement) (hLt : HigmanVCTauLevelLtStatement)
higmanVCTauComm_comm_of_short	 (h : HigmanVCTauConjShortStatement)
higmanVCTauComm_residual_of_comm	 (h : HigmanVCTauCommResidualStatement)
higmanVCTauComm_tau_of_residual	 (h : HigmanVCTauCommResidualStatement)
higmanVCTauConj_conjFamily_of_short	 (hS : HigmanVCTauConjShortStatement)
higmanVCTauConj_eq_of_le	 (hS : HigmanVCTauConjShortStatement)
higmanVCTauConj_eq_of_shortPair	 (hS : HigmanVCTauConjShortStatement)
higmanVCTauConj_family_of_conjSplit	 (h : HigmanVCTauConjSplitStatement)
higmanVCTauConj_long_step	 (hS : HigmanVCTauConjShortStatement)
higmanVCTauConj_short_of_family	 (h : HigmanVCTauConjFamilyStatement)
higmanVCTauConjWire_conj_of_short	 (hS : HigmanVCTauConjShortStatement)
higmanVCTauConjWire_conjSplit_of_short	 (hS : HigmanVCTauConjShortStatement)
higmanVCTauConjWire_tau_of_short	 (hS : HigmanVCTauConjShortStatement)
higmanVCTauD2_tight_of_eq	 (h : HigmanVCTauTightEqStatement)
higmanVCTauDeep_deep_of_level	 (h : HigmanVCTauLevelResidualStatement)
higmanVCTauDeep_eq_of_deep	 (h : HigmanVCTauDeepResidualStatement)
higmanVCTauDeep_level_of_deep	 (h : HigmanVCTauDeepResidualStatement)
higmanVCTauDeep_tau_of_deep	 (h : HigmanVCTauDeepResidualStatement) (hLt : HigmanVCTauLevelLtStatement)
higmanVCTauDone_complete_of_antichain	 (hA : HigmanVCAllAntichainStatement)
higmanVCTauDone_finFP_of_antichain	 (hA : HigmanVCAllAntichainStatement)
higmanVCTauDone_finitelyPresentedMetabelian	 (hH : Absorption.SuslinLocalHorrocksStatement) (hvdk : ElemFP.VdKRowExtensionStatement) (hloc : ElemFP.PolyK2CubeNilLocalStatement) (hgen : ElemFPCharZero.CharZeroK2PosStabGenStatement) (hcube : ElemFPCharZero.CharZeroK2CubeGapPosStatement) (hA : HigmanVCAllAntichainStatement)
higmanVCTauDone_fpMetabelian_of_ker_le	 (hH : Absorption.SuslinLocalHorrocksStatement) (hvdk : ElemFP.VdKRowExtensionStatement) (hloc : ElemFP.PolyK2CubeNilLocalStatement) (hgen : ElemFPCharZero.CharZeroK2PosStabGenStatement) (hcube : ElemFPCharZero.CharZeroK2CubeGapPosStatement)
higmanVCTauDone_fpMetabelian_of_orbit	 (hH : Absorption.SuslinLocalHorrocksStatement) (hvdk : ElemFP.VdKRowExtensionStatement) (hloc : ElemFP.PolyK2CubeNilLocalStatement) (hgen : ElemFPCharZero.CharZeroK2PosStabGenStatement) (hcube : ElemFPCharZero.CharZeroK2CubeGapPosStatement) (hO : HigmanVCOrbitStatement)
higmanVCTauDone_fpMetabelian_of_Z	 (hH : Absorption.SuslinLocalHorrocksStatement) (hvdk : ElemFP.VdKRowExtensionStatement) (hloc : ElemFP.PolyK2CubeNilLocalStatement) (hgen : ElemFPCharZero.CharZeroK2PosStabGenStatement) (hcube : ElemFPCharZero.CharZeroK2CubeGapPosStatement) (hZ : HigmanVCPivotYStatement)
higmanVCTauDone_swapSection_of_antichain	 (hA : HigmanVCAllAntichainStatement)
higmanVCTauDone_swapSection_of_central	 (hA : HigmanVCCommonCentralStatement)
higmanVCTauDone_swapSection_of_gap	 (hG : HigmanVCOrbitGapStatement)
higmanVCTauDone_swapSection_of_gen	 (hG : HigmanVCOrbitGenStatement)
higmanVCTauDone_swapSection_of_orbit	 (hO : HigmanVCOrbitStatement)
higmanVCTauDone_swapSection_of_orbitAll	 (hA : HigmanVCOrbitAllStatement)
higmanVCTauDone_swapSection_of_W	 (hW : HigmanVCLeafExpStatement)
higmanVCTauDone_swapSection_of_Y	 (hY : HigmanVCPivotACStatement)
higmanVCTauDone_swapSection_of_Z	 (hZ : HigmanVCPivotYStatement)
higmanVCTauEqLvl_d2_of_tightEq	 (h : HigmanVCTauTightEqStatement)
higmanVCTauEqLvl_finitelyPresentedMetabelian	 (hH : Absorption.SuslinLocalHorrocksStatement) (hvdk : ElemFP.VdKRowExtensionStatement) (hloc : ElemFP.PolyK2CubeNilLocalStatement) (hgen : ElemFPCharZero.CharZeroK2PosStabGenStatement) (hcube : ElemFPCharZero.CharZeroK2CubeGapPosStatement) (hO : HigmanVCOrbitStatement) (h : HigmanVCTauTightEqStatement)
higmanVCTauEqLvl_fpMetabelian_of_d2	 (hH : Absorption.SuslinLocalHorrocksStatement) (hvdk : ElemFP.VdKRowExtensionStatement) (hloc : ElemFP.PolyK2CubeNilLocalStatement) (hgen : ElemFPCharZero.CharZeroK2PosStabGenStatement) (hcube : ElemFPCharZero.CharZeroK2CubeGapPosStatement) (hO : HigmanVCOrbitStatement)
higmanVCTauEqLvl_fpMetabelian_of_Z	 (hH : Absorption.SuslinLocalHorrocksStatement) (hvdk : ElemFP.VdKRowExtensionStatement) (hloc : ElemFP.PolyK2CubeNilLocalStatement) (hgen : ElemFPCharZero.CharZeroK2PosStabGenStatement) (hcube : ElemFPCharZero.CharZeroK2CubeGapPosStatement) (hZ : HigmanVCPivotYStatement) (h : HigmanVCTauTightEqStatement)
higmanVCTauEqLvl_swapSection_of_orbit_of_eq	 (hO : HigmanVCOrbitStatement) (h : HigmanVCTauTightEqStatement)
higmanVCTauEqLvl_tau_of_eq	 (h : HigmanVCTauTightEqStatement)
higmanVCTauEqTwo_fpMetabelian_of_decomp	 (hH : Absorption.SuslinLocalHorrocksStatement) (hvdk : ElemFP.VdKRowExtensionStatement) (hloc : ElemFP.PolyK2CubeNilLocalStatement) (hgen : ElemFPCharZero.CharZeroK2PosStabGenStatement) (hcube : ElemFPCharZero.CharZeroK2CubeGapPosStatement) (hO : HigmanVCOrbitStatement)
higmanVCTauLevel_eq_of_residual	 (h : HigmanVCTauLevelResidualStatement)
higmanVCTauLevel_eq_of_tight	 (h : HigmanVCTauTightStatement)
higmanVCTauLevel_lt_of_tight	 (h : HigmanVCTauTightStatement)
higmanVCTauLevel_residual_of_eq	 (h : HigmanVCTauLevelEqStatement)
higmanVCTauLevel_tau_of_residual	 (h : HigmanVCTauLevelResidualStatement) (hLt : HigmanVCTauLevelLtStatement)
higmanVCTauLevel_tight_of_split	 (hEq : HigmanVCTauLevelEqStatement) (hLt : HigmanVCTauLevelLtStatement)
higmanVCTauShort_at	 (hR : HigmanVCTauShortResidualStatement)
higmanVCTauShort_below	 (hR : HigmanVCTauShortResidualStatement)
higmanVCTauShort_family_of_residual	 (hR : HigmanVCTauShortResidualStatement)
higmanVCTauShort_residual_of_short	 (h : HigmanVCTauConjShortStatement)
higmanVCTauShort_short_of_residual	 (hR : HigmanVCTauShortResidualStatement)
higmanVCTauShort_shrink	 (hR : HigmanVCTauShortResidualStatement)
higmanVCTauShortWire_conj_of_residual	 (hR : HigmanVCTauShortResidualStatement)
higmanVCTauShortWire_tau_of_residual	 (hR : HigmanVCTauShortResidualStatement)
higmanVCTauSplit_conjSplit_of_conj	 (h : HigmanVCTauConjStatement)
higmanVCTauSplit_tau_of_conj	 (h : HigmanVCTauConjStatement)
higmanVCTauTight_commResidual_of_tight	 (h : HigmanVCTauTightStatement)
higmanVCTauTight_tau_of_tight	 (h : HigmanVCTauTightStatement)
higmanVCTauTight_tight_of_commResidual	 (h : HigmanVCTauCommResidualStatement)
higmanVCTauTightEq_eq_of_tight	 (h : HigmanVCTauTightStatement)
higmanVCTauTightEq_tau_of_eq_of_residual	 (h : HigmanVCTauTightEqStatement)
higmanVCTauTightEq_tight_of_eq_of_all	 (h : HigmanVCTauTightEqStatement)
higmanVCTauTightEq_tight_of_eq_of_residual	 (h : HigmanVCTauTightEqStatement)
higmanVCTauUnif_deep_of_classify	 (h : HigmanVCTauUnifClassifyStatement)
higmanVCTauUnif_tau_of_classify	 (h : HigmanVCTauUnifClassifyStatement) (hLt : HigmanVCTauLevelLtStatement)
higmanVCTree_balanced_of_defect	 (h : HigmanVCTreeDefectStatement)
higmanVCTree_ker_le_of_defect	 (h : HigmanVCTreeDefectStatement)
higmanVCTreeLevel_balanced_of_level	 (h : HigmanVCTreeLevelStatement)
higmanVCTreeLevel_defect_of_level	 (h : HigmanVCTreeLevelStatement)
higmanVCTreeLevel_ker_le_of_level	 (h : HigmanVCTreeLevelStatement)
higmanVCTreeNF_ker_le_of_schreier	 (h : HigmanVCTreeNFSchreierStatement)
higmanVCTreeNF_level_of_schreier	 (h : HigmanVCTreeNFSchreierStatement)
higmanVCTreeNFWit_defect_of_dc	 (h : HigmanVCTreeNFWitStatement)
higmanVCTreeNFWit_ker_le_of_dc	 (h : HigmanVCTreeNFWitStatement)
higmanVCTreeNFWit_level_of_dc	 (h : HigmanVCTreeNFWitStatement)
higmanVCTreeNFWit_schreier_of_dc	 (h : HigmanVCTreeNFWitStatement)
higmanVCTreeNFWitPivot_ker_le_of_X	 (h : HigmanVCTreeNFWitPivotStatement)
higmanVCTreeNFWitPivot_level_of_X	 (h : HigmanVCTreeNFWitPivotStatement)
higmanVCTreeNFWitPivot_pivotClosed_of_X	 (h : HigmanVCTreeNFWitPivotStatement)
higmanVCTreeNFWitPivot_wit_of_X	 (h : HigmanVCTreeNFWitPivotStatement)
higmanVFinFP_of_section	 (h : HigmanVFinSectionStatement)
higmanVFinSection_of_swapGenShort	 (h : SwapGenShortSectionStatement)
higmanVFinSection_of_swapSection	 (h : HigmanVSwapSectionStatement)
higmanVFP_finFP_of_complete	 (h : HigmanVFPShortCompleteStatement)
higmanVFP_ker_eq_of_complete	 (h : HigmanVFPShortCompleteStatement)
higmanVFP_of_complete	 (h : HigmanVFPShortCompleteStatement)
higmanVFP_of_fin	 (h : HigmanVFinFPStatement)
higmanVFP_of_finSection	 (h : HigmanVFinSectionStatement)
higmanVFP_swapGenShortSection_of_complete	 (h : HigmanVFPShortCompleteStatement)
higmanVPresent_finFP_of_higmanVFP	 (h : HigmanVFPStatement)
higmanVPresent_finFP_of_swapGenShortSection	 (h : SwapGenShortSectionStatement)
higmanVPresent_section	 (h : H)
higmanVPresent_swapGen_of_finFP	 (h : HigmanVFinFPStatement)
higmanVPresent_swapSection_of_finFP	 (h : HigmanVFinFPStatement)
higmanVSwapSection_of_swapGen	 (h : SwapGenSectionStatement)
hmClosed_finitelyPresentedMetabelian	 (hH : Absorption.SuslinLocalHorrocksStatement) (hvdk : ElemFP.VdKRowExtensionStatement) (hloc : ElemFP.PolyK2CubeNilLocalStatement) (hbruhat : ElemFP.FieldK2.BruhatBigCellStatement) (hgen : ElemFPCharZero.CharZeroK2PosStabGenStatement) (hcube : ElemFPCharZero.CharZeroK2CubeGapPosStatement) (hswap : HigmanVSwapSectionStatement)
hmClosed_finitelyPresentedMetabelian_of_six	 (hH : Absorption.SuslinLocalHorrocksStatement) (hvdk : ElemFP.VdKRowExtensionStatement) (hloc : ElemFP.PolyK2CubeNilLocalStatement) (hgen : ElemFPCharZero.CharZeroK2PosStabGenStatement) (hcube : ElemFPCharZero.CharZeroK2CubeGapPosStatement) (hswap : HigmanVSwapSectionStatement)
hnnPermanenceInputs_of_citations	 (hShulman : ShulmanTheorem16Statement) (hUeda : UedaCornerMapStatement)
hnnPermanenceInputs_of_hnnInputs	 (hIn : HNNPermanence.HNNInputs)
hole_firstTurn	 (hM : M.IsPlanar)
hole_reach	 (hM : M.IsPlanar)
hom_mem_of_bc_mem	 (h : Sync)
homotopic	 (hX : X.SimplyConnected)
hopfTwR_one_left	 (h : G)
hostRawEval_markedBridgeRaw	 (hOmega : Omega.OmegaInput)
hostRawEval_surjective	 (hOmega : Omega.OmegaInput)
hostRecursivePresentationStatement_of_printedLamplighterHostSolvableWordProblem	 (h : Lamplighter.PrintedLamplighterHostSolvableWordProblem)
hprodModel_factorizationReflecting_fst	 (hC : C.data.FactorizationReflecting)
hprodModel_productSeparable	 (hC : C.data.ProductSeparable)
hsNorm_eigenCalc	 (hH : H.IsHermitian)
hsNormSq_le_normTrace_re	 (hE : E.PosSemidef)
hullBallFormNG_of_fillingData	 (hEmb : ExistsHypEmbeddedInSuitable.{u}) (hDGO : DGOQuotientStatementGeodesic.{u, u}) (hrel : HullRelatorStatement.{u}) (hdata : HullFillingDataStatement.{u})
hullBallFormNG_of_oneStep	 (h : HullOneStepStatement.{u})
hullBallFormNG_of_quasiGeodesicLeaves	 (hselection : GGT.VanKampen.EstimatingSelectionConstructionStatement.{0, 0, 0}) (hunbound : GGT.VanKampen.EstimatingUnboundOutputStatement.{0, 0, 0}) (hbridge : RelativeIsoperimetricBridgeQuasiGeodesicStatement.{0, 0, 0})
hullBallFormNG_of_tower	 (h : HullTowerStatement.{u})
hullBallFormStatementGeneral_of_boundedLemma44_of_lemma49	 (hselect : SimultaneousAuxiliaryPeripheralSelection.{u}) (h44 : BoundedHullLemma44CanonicalQuotientStatement.{u}) (h49 : HullLemma49KernelPowerStatement.{u, 0})
hullBallFormStatementGeneral_of_greendlinger	 (hgreendlinger :       GGT.VanKampen.RelativeGreendlingerQuasiGeodesicLeastAreaStatement.{0, 0, 0})
hullBallFormStatementGeneral_of_leastAreaGreendlinger_of_boundedTransfer	 (hgreendlinger :       GGT.VanKampen.RelativeGreendlingerQuasiGeodesicLeastAreaStatement.{0, 0, 0}) (htransfer : BoundedRelativeLinearAreaTransferStatement.{0, 0, 0})
hullBallFormStatementGeneral_of_leastAreaLeaves	 (hgreendlinger :       GGT.VanKampen.RelativeGreendlingerQuasiGeodesicLeastAreaStatement.{0, 0, 0}) (hbridge : RelativeIsoperimetricBridgeQuasiGeodesicEmbeddedStatement.{0, 0, 0})
hullBallFormStatementGeneral_of_lemma44_of_lemma49	 (hselect : SimultaneousAuxiliaryPeripheralSelection.{u}) (h44 : HullLemma44CanonicalQuotientStatement.{u}) (h49 : HullLemma49KernelPowerStatement.{u, 0})
hullBallFormStatementGeneral_of_tower	 (h : HullTowerStatementGeneral.{u})
hullCanonicalQuotientStatementGeneral_of_boundedLemma44_of_lemma49	 (hselect : SimultaneousAuxiliaryPeripheralSelection.{u}) (h44 : BoundedHullLemma44CanonicalQuotientStatement.{u}) (h49 : HullLemma49KernelPowerStatement.{u, 0})
hullCanonicalQuotientStatementGeneral_of_greendlinger	 (hgreendlinger :       GGT.VanKampen.RelativeGreendlingerQuasiGeodesicLeastAreaStatement.{0, 0, 0})
hullCanonicalQuotientStatementGeneral_of_leastAreaLeaves	 (hgreendlinger :       GGT.VanKampen.RelativeGreendlingerQuasiGeodesicLeastAreaStatement.{0, 0, 0}) (hbridge : RelativeIsoperimetricBridgeQuasiGeodesicEmbeddedStatement.{0, 0, 0})
hullCanonicalQuotientStatementGeneral_of_lemma44_of_lemma49	 (hselect : SimultaneousAuxiliaryPeripheralSelection.{u}) (h44 : HullLemma44CanonicalQuotientStatement.{u}) (h49 : HullLemma49KernelPowerStatement.{u, 0})
hullCommonQuotient_of_fourLeaves	 (hgreendlinger :       GGT.VanKampen.RelativeGreendlingerQuasiGeodesicLeastAreaStatement.{0, 0, 0}) (hbridge : HullSC.RelativeIsoperimetricBridgeQuasiGeodesicEmbeddedStatement.{0, 0, 0})
hullCommonQuotient_of_greendlinger	 (hgreendlinger :       GGT.VanKampen.RelativeGreendlingerQuasiGeodesicLeastAreaStatement.{0, 0, 0})
hullCommonQuotient_of_leastAreaLeaves	 (hgreendlinger :       GGT.VanKampen.RelativeGreendlingerQuasiGeodesicLeastAreaStatement.{0, 0, 0}) (hbridge : RelativeIsoperimetricBridgeQuasiGeodesicEmbeddedStatement.{0, 0, 0})
hullCommonQuotient_of_oneStep	 (h : HullOneStepStatement.{0}) (hfree : FreeProductStatement)
hullCommonQuotient_of_oneStep_corrected	 (h : HullOneStepStatement.{0}) (hfree : FreeProductStatementCorrected)
hullCommonQuotient_of_oneStep_of_alphabet	 (h : HullOneStepStatement.{0}) (halph : FreeProductAlphabetStatement)
hullCommonQuotient_of_oneStep_of_geometry	 (h : HullOneStepStatement.{0}) (hgeom : FreeProductUnionGeometryStatement)
hullCommonQuotient_of_oneStep_of_union	 (h : HullOneStepStatement.{0}) (hunion : FreeProductUnionAlphabetStatement)
hullCommonQuotient_of_tower	 (htower : HullTowerStatement.{0}) (hfree : FreeProductStatement)
hullCommonQuotient_of_tower_corrected	 (htower : HullTowerStatement.{0}) (hfree : FreeProductStatementCorrected)
hullCommonQuotientPrinted_of_oneStep	 (h : HullOneStepStatement.{0})
hullCommonQuotientPrinted_of_tower	 (htower : HullTowerStatement.{0})
hullFillingDataStatement_of_coneOff	 (h : HullConeOffStatement.{u})
hullLemma44Canonical_of_leaves	 (hgreendlinger :       GGT.VanKampen.RelativeGreendlingerQuasiGeodesicStatement.{0, 0, 0}) (hbridge : HullSC.RelativeIsoperimetricBridgeQuasiGeodesicStatement.{0, 0, 0})
hullLemma44CanonicalQuotientFamilyInclusionJointStatement_of_canonical_of_controls	 (h44 : HullLemma44CanonicalQuotientStatement.{u}) (hcontrols : FamilyInclusionRelativeControlStatement.{u, w})
hullLemma44CanonicalQuotientFamilyInclusionJointStatement_of_controls	 (hgeom : RelativeGreendlingerStatement.{u, 0}) (hbridge : RelativeIsoperimetricBridgeStatement.{u, u, 0}) (hrespell : HullRelatorRespellingStatement.{u, 0})
hullLemma44CanonicalQuotientFamilyInclusionJointStatement_of_familyInclusion	 (h44 : HullLemma44CanonicalQuotientFamilyInclusionStatement.{u, w})
hullLemma44CanonicalQuotientFamilyInclusionJointStatement_of_quasiGeodesicControls	 (hgeom : RelativeGreendlingerQuasiGeodesicSpellingStatement.{u, 0}) (hbridge : RelativeIsoperimetricBridgeQuasiGeodesicStatement.{u, u, 0}) (hrespell : HullRelatorRespellingStatement.{u, 0})
hullLemma44CanonicalQuotientFamilyInclusionStatement_of_controls	 (hgeom : RelativeGreendlingerStatement.{u, 0}) (hbridge : RelativeIsoperimetricBridgeStatement.{u, u, 0}) (hrespell : HullRelatorRespellingStatement.{u, 0}) (hsel : JointAuxiliaryPeripheralEmbedding.{u, 0})
hullLemma44CanonicalQuotientFamilyInclusionStatement_of_dgo435	 (h435 : GGT.RelHyp.DGOProposition435InclusionStatement.{u, w, 0}) (h44 : HullLemma44CanonicalQuotientFamilyInclusionJointStatement.{u, w})
hullLemma44CanonicalQuotientFamilyInclusionStatement_of_dgo435Finite	 (h435 : GGT.RelHyp.DGOProposition435InclusionFiniteStatement.{u, w, 0}) (h44 : HullLemma44CanonicalQuotientFamilyInclusionJointStatement.{u, w})
hullLemma44CanonicalQuotientFamilyInclusionStatement_of_joint	 (hsel : JointAuxiliaryPeripheralEmbedding.{u, w}) (h44 : HullLemma44CanonicalQuotientFamilyInclusionJointStatement.{u, w})
hullLemma44CanonicalQuotientFamilyInclusionStatement_of_proposition414Uniform	 (h414 : GGT.OsinComponents.DGOProposition414Uniform.{u, 0}) (h44 : HullLemma44CanonicalQuotientFamilyInclusionJointStatement.{u, w})
hullLemma44CanonicalQuotientStatement_of_family	 (h44 : HullLemma44CanonicalQuotientFamilyStatement.{u, 0})
hullLemma44CanonicalQuotientStatement_of_familyInclusion	 (h44 : HullLemma44CanonicalQuotientFamilyInclusionStatement.{u, 0})
hullLemma44CanonicalQuotientStatement_of_familyInclusionJoint	 (hsel : JointAuxiliaryPeripheralEmbedding.{u, 0}) (h44 : HullLemma44CanonicalQuotientFamilyInclusionJointStatement.{u, 0})
hullLemma44CanonicalQuotientStatement_of_greendlinger_of_dehnTransfer	 (hgeom : RelativeGreendlingerStatement.{u, 0}) (htransfer : RelativeDehnTransferStatement.{u, u, 0})
hullLemma44CanonicalQuotientStatement_of_greendlinger_of_isoperimetric	 (hgeom : RelativeGreendlingerStatement.{u, 0}) (hbridge : RelativeIsoperimetricBridgeStatement.{u, u, 0})
hullLemma44CanonicalQuotientStatement_of_greendlinger_of_linearAreaTransfer	 (hgeom : RelativeGreendlingerStatement.{u, 0}) (htransfer : RelativeLinearAreaTransferStatement.{u, u, 0})
hullLemma44CanonicalQuotientStatement_of_greendlinger_of_prefixIsoperimetric	 (hgeom : RelativeGreendlingerStatement.{u, 0}) (hbridge : PrefixRelativeIsoperimetricBridgeStatement.{u, u, 0})
hullLemma44CanonicalQuotientStatement_of_greendlinger_of_prefixKernelCone	 (hgeom : RelativeGreendlingerStatement.{u, 0}) (htransfer : PrefixKernelConeTransferStatement.{u, u, 0})
hullLemma44CanonicalQuotientStatement_of_greendlinger_of_weightedTransfer	 (hgeom : RelativeGreendlingerStatement.{u, 0}) (htransfer : PrefixRelativeWeightedAreaTransferStatement.{u, u, 0})
hullLemma44CanonicalQuotientStatement_of_quasiGeodesic	 (hgeom : RelativeGreendlingerQuasiGeodesicSpellingStatement.{u, 0}) (hbridge : RelativeIsoperimetricBridgeQuasiGeodesicStatement.{u, u, 0})
hullLemma44CanonicalQuotientStatement_of_quasiGeodesicLeaves	 (hselection : GGT.VanKampen.EstimatingSelectionConstructionStatement.{0, 0, 0}) (hunbound : GGT.VanKampen.EstimatingUnboundOutputStatement.{0, 0, 0}) (hbridge : RelativeIsoperimetricBridgeQuasiGeodesicStatement.{0, 0, 0})
hullLemma44CanonicalQuotientStatement_of_relativeGreendlinger_of_kernelBounds	 (hgeom : RelativeGreendlingerStatement.{u, 0}) (hkernel : KernelGeodesicEstimateStatement.{u, u, 0}) (hloc : KernelConeLocalFinitenessStatement.{u, u, 0})
hullLemma44CanonicalQuotientStatement_of_relativeGreendlinger_of_kernelGeodesic_of_prefixTransfer	 (hgeom : RelativeGreendlingerStatement.{u, 0}) (hkernel : KernelGeodesicEstimateStatement.{u, u, 0}) (htransfer : PrefixKernelConeTransferStatement.{u, u, 0})
hullLemma44CanonicalQuotientStatement_zero	 (hgeom : RelativeGreendlingerStatement.{0, 0}) (hbridge : RelativeIsoperimetricBridgeStatement.{0, 0, 0})
hullLemma44CanonicalQuotientStatement_zero_of_dehnTransfer	 (hgeom : RelativeGreendlingerStatement.{0, 0}) (htransfer : RelativeDehnTransferStatement.{0, 0, 0})
hullLemma44CanonicalQuotientStatement_zero_of_linearAreaTransfer	 (hgeom : RelativeGreendlingerStatement.{0, 0}) (htransfer : RelativeLinearAreaTransferStatement.{0, 0, 0})
hullLemma44CanonicalQuotientStatement_zero_of_prefixIsoperimetric	 (hgeom : RelativeGreendlingerStatement.{0, 0}) (hbridge : PrefixRelativeIsoperimetricBridgeStatement.{0, 0, 0})
hullLemma44CanonicalQuotientStatement_zero_of_prefixKernelCone	 (hgeom : RelativeGreendlingerStatement.{0, 0}) (htransfer : PrefixKernelConeTransferStatement.{0, 0, 0})
hullLemma44CanonicalQuotientStatement_zero_of_prefixLinearAreaTransfer	 (hgeom : RelativeGreendlingerStatement.{0, 0}) (htransfer : PrefixRelativeLinearAreaTransferStatement.{0, 0, 0})
hullLemma44CanonicalQuotientStatement_zero_of_relativeGreendlinger_of_kernelGeodesic_of_prefixTransfer	 (hgeom : RelativeGreendlingerStatement.{0, 0}) (hkernel : KernelGeodesicEstimateStatement.{0, 0, 0}) (htransfer : PrefixKernelConeTransferStatement.{0, 0, 0})
hullLemma44CanonicalQuotientStatement_zero_of_weightedTransfer	 (hgeom : RelativeGreendlingerStatement.{0, 0}) (htransfer : PrefixRelativeWeightedAreaTransferStatement.{0, 0, 0})
hullLemma44InjectivityOutput_of_canonicalStatement	 (h44 : HullLemma44CanonicalQuotientStatement.{0})
hullLemma44InjectivityOutput_of_relativeGreendlinger_of_kernelGeodesic_of_prefixTransfer	 (hgeom : RelativeGreendlingerStatement.{0, 0}) (hkernel : KernelGeodesicEstimateStatement.{0, 0, 0}) (htransfer : PrefixKernelConeTransferStatement.{0, 0, 0})
hullLemma44PreservedPeripheralFamily_of_family	 (h44family :       HullSC.HullLemma44CanonicalQuotientFamilyInclusionStatement.{u, 0})
hullLemma44PreservedPeripheralFamily_of_greendlinger_of_isoperimetric	 (hgeom : RelativeGreendlingerStatement.{u, 0}) (hbridge : RelativeIsoperimetricBridgeStatement.{u, u, 0})
hullLemma49GeodesicPowerDiagram_of_inputs	 (hgeom : GGT.VanKampen.RelativeGreendlingerStatement.{0, 0}) (hselection :       GGT.VanKampen.EstimatingSelectionConstructionStatement.{0, 0, 0}) (hpieces :       GGT.VanKampen.EstimatingPieceConstructionStatement.{0, 0, 0}) (hunbound :       GGT.VanKampen.EstimatingUnboundOutputStatement.{0, 0, 0}) (hkernel : KernelGeodesicEstimateStatement.{0, 0, 0}) (htransfer : PrefixKernelConeTransferStatement.{0, 0, 0})
hullLemma49InjectivityCallback_of_geodesicLengthGreendlinger	 (hgeom : RelativeGreendlingerGeodesicLengthStatement.{u, w})
hullLemma49InjectivityCallback_of_geodesicLengthLeastAreaGreendlinger	 (hgeom : RelativeGreendlingerGeodesicLengthLeastAreaStatement.{u, w})
hullLemma49InjectivityCallback_of_relativeGreendlinger	 (hgeom : RelativeGreendlingerStatement.{u, w})
hullLemma49KernelPower_of_greendlinger	 (hgreendlinger :       GGT.VanKampen.RelativeGreendlingerQuasiGeodesicStatement.{0, 0, 0})
hullLemma49KernelPowerStatement_of_components	 (hselection :       GGT.VanKampen.EstimatingSelectionConstructionStatement.{0, 0, 0}) (hpieces :       GGT.VanKampen.EstimatingPieceConstructionStatement.{0, 0, 0}) (hunbound :       GGT.VanKampen.EstimatingUnboundOutputStatement.{0, 0, 0}) (hreal : RelativeDiscRealizationSpellingStatement.{0, 0}) (hconv : RelativeExteriorArcConversionAtWordRotatedStatement.{0, 0})
hullLemma49KernelPowerStatement_of_estimating	 (hselection :       GGT.VanKampen.EstimatingSelectionConstructionStatement.{0, 0, 0}) (hpieces :       GGT.VanKampen.EstimatingPieceConstructionStatement.{0, 0, 0}) (hunbound :       GGT.VanKampen.EstimatingUnboundOutputStatement.{0, 0, 0}) (hconv : RelativeExteriorArcConversionAtWordRotatedStatement.{0, 0})
hullLemma49KernelPowerStatement_of_geodesicPowerDiagram	 (hdiagram : HullLemma49ShortestGeodesicPowerDiagramStatement.{u, w})
hullLemma49KernelPowerStatement_of_leastAreaGreendlinger	 (hgreendlinger :       GGT.VanKampen.RelativeGreendlingerQuasiGeodesicLeastAreaStatement.{0, 0, 0})
hullLemma49KernelPowerStatement_of_leastAreaPowerDiagram	 (hdiagram : HullLemma49ShortestGeodesicLeastAreaPowerDiagramStatement.{u, w})
hullLemma49KernelPowerStatement_of_quasiGeodesicLeaves	 (hselection : GGT.VanKampen.EstimatingSelectionConstructionStatement.{0, 0, 0}) (hunbound : GGT.VanKampen.EstimatingUnboundOutputStatement.{0, 0, 0})
hullLemma49ShortestGeodesicLeastAreaPowerDiagram_of_leastAreaGreendlinger	 (hgreendlinger :       GGT.VanKampen.RelativeGreendlingerQuasiGeodesicLeastAreaStatement.{0, 0, 0})
hullLemma49ShortestGeodesicLeastAreaPowerDiagram_of_sourceBranches	 (hgeom :       GGT.VanKampen.RelativeGreendlingerQuasiGeodesicLeastAreaStatement.{u, w, 0}) (hpasting : HullLemma49SourceFacePastingStatement.{u, w}) (hinjective : HullLemma49InjectivityCallback.{u, w})
hullLemma49ShortestGeodesicPowerDiagram_of_estimating_components	 (hselection :       GGT.VanKampen.EstimatingSelectionConstructionStatement.{0, 0, 0}) (hpieces :       GGT.VanKampen.EstimatingPieceConstructionStatement.{0, 0, 0}) (hunbound :       GGT.VanKampen.EstimatingUnboundOutputStatement.{0, 0, 0}) (hinjective : HullLemma49InjectivityCallback.{0, 0})
hullLemma49ShortestGeodesicPowerDiagram_of_greendlinger	 (hgeom : GGT.VanKampen.RelativeGreendlingerQuasiGeodesicStatement.{0, 0, 0}) (hinjective : HullLemma49InjectivityCallback.{0, 0})
hullLemma49ShortestGeodesicPowerDiagram_of_relativeGreendlinger	 (hgeom : RelativeGreendlingerStatement.{u, w})
hullLemma49ShortestGeodesicPowerDiagram_of_sourceBranches	 (hgeom :       GGT.VanKampen.RelativeGreendlingerQuasiGeodesicStatement.{u, w, 0}) (hpasting : HullLemma49SourceFacePastingStatement.{u, w}) (hinjective : HullLemma49InjectivityCallback.{u, w})
hullLemma49ShortestGeodesicPowerDiagramStatement_of_components	 (hselection :       GGT.VanKampen.EstimatingSelectionConstructionStatement.{0, 0, 0}) (hpieces :       GGT.VanKampen.EstimatingPieceConstructionStatement.{0, 0, 0}) (hunbound :       GGT.VanKampen.EstimatingUnboundOutputStatement.{0, 0, 0}) (hreal : RelativeDiscRealizationSpellingStatement.{0, 0}) (hconv : RelativeExteriorArcConversionAtWordRotatedStatement.{0, 0})
hullLemma49ShortestGeodesicPowerDiagramStatement_of_estimating	 (hselection :       GGT.VanKampen.EstimatingSelectionConstructionStatement.{0, 0, 0}) (hpieces :       GGT.VanKampen.EstimatingPieceConstructionStatement.{0, 0, 0}) (hunbound :       GGT.VanKampen.EstimatingUnboundOutputStatement.{0, 0, 0}) (hconv : RelativeExteriorArcConversionAtWordRotatedStatement.{0, 0})
hullLemma49ShortestGeodesicPowerDiagramStatement_of_greendlinger	 (hgreendlinger :       GGT.VanKampen.RelativeGreendlingerQuasiGeodesicStatement.{0, 0, 0}) (hreal : RelativeDiscRealizationSpellingStatement.{0, 0}) (hconv : RelativeExteriorArcConversionAtWordRotatedStatement.{0, 0})
hullLemma49SourceFacePastingStatement_of_regionAssembly	 (hassembly : GGT.VanKampen.RegionFaceAssemblyStatement.{u, w, 0})
hullLemmaEe_of_inputs	 (h54 : OsinEnlargement.OsinTheorem54Fam.{u, w}) (hheGX : HeGXSingle.{u, w}) (hone : EeOneStep.{u, w})
hullOneStep_of_canonicalQuotient	 (hquot : TorsionFreeHullCanonicalQuotientStatement.{u})
hullOneStep_of_fillingData	 (hEmb : ExistsHypEmbeddedInSuitable.{u}) (hDGO : DGOQuotientStatementGeodesic.{u, u}) (hrel : HullRelatorStatement.{u}) (hdata : HullFillingDataStatement.{u})
hullOneStep_of_leaves	 (hgreendlinger :       GGT.VanKampen.RelativeGreendlingerQuasiGeodesicStatement.{0, 0, 0}) (hbridge : HullSC.RelativeIsoperimetricBridgeQuasiGeodesicStatement.{0, 0, 0})
hullOneStep_of_relator_of_quotient	 (hEmb : ExistsHypEmbeddedInSuitable.{u}) (hrel : HullRelatorStatement.{u}) (hquot : HullQuotientStatement.{u})
hullOneStep_of_theorem51	 (hEmb : ExistsHypEmbeddedInSuitable.{u}) (h51 : HullTheorem51Statement.{u})
hullOneStepStatement_of_greendlinger	 (hgreendlinger :       GGT.VanKampen.RelativeGreendlingerQuasiGeodesicLeastAreaStatement.{0, 0, 0})
hullOneStepStatement_of_leastAreaGreendlinger_of_boundedTransfer	 (hgreendlinger :       GGT.VanKampen.RelativeGreendlingerQuasiGeodesicLeastAreaStatement.{0, 0, 0}) (htransfer : BoundedRelativeLinearAreaTransferStatement.{0, 0, 0})
hullOneStepStatement_of_leastAreaLeaves	 (hgreendlinger :       GGT.VanKampen.RelativeGreendlingerQuasiGeodesicLeastAreaStatement.{0, 0, 0}) (hbridge : RelativeIsoperimetricBridgeQuasiGeodesicEmbeddedStatement.{0, 0, 0})
hullOneStepStatement_of_lemma44family_of_lemma49_of_yi	 (h44family :       HullSC.HullLemma44CanonicalQuotientFamilyInclusionStatement.{u, 0}) (h49 : HullSC.HullLemma49KernelPowerStatement.{u, 0}) (hyi : HullSC.YiSuitablePairAvoidingFiniteOneSided.{u})
hullOneStepStatement_of_quasiGeodesicLeaves	 (hselection : GGT.VanKampen.EstimatingSelectionConstructionStatement.{0, 0, 0}) (hunbound : GGT.VanKampen.EstimatingUnboundOutputStatement.{0, 0, 0}) (hbridge : RelativeIsoperimetricBridgeQuasiGeodesicStatement.{0, 0, 0})
hullOneStepStatementGeneral_of_canonicalQuotient	 (hquot : HullCanonicalQuotientStatementGeneral.{u})
hullOneStepStatementGeneral_of_greendlinger	 (hgreendlinger :       GGT.VanKampen.RelativeGreendlingerQuasiGeodesicLeastAreaStatement.{0, 0, 0})
hullOneStepStatementGeneral_of_leastAreaLeaves	 (hgreendlinger :       GGT.VanKampen.RelativeGreendlingerQuasiGeodesicLeastAreaStatement.{0, 0, 0}) (hbridge : RelativeIsoperimetricBridgeQuasiGeodesicEmbeddedStatement.{0, 0, 0})
hullQuotient_of_coneOff	 (hDGO : DGOQuotientStatementGeodesic.{u, u}) (h : HullConeOffStatement.{u})
hullQuotient_of_fillingData	 (hDGO : DGOQuotientStatementGeodesic.{u, u}) (hdata : HullFillingDataStatement.{u})
hullQuotient₂_of_fillingData	 (hDGO : DGOQuotientStatementGeodesic.{u, u})
hullQuotientStatement₂_of_coneOff	 (hDGO : DGOQuotientStatementGeodesic.{u, u})
hullRelatorRespellingBaseCompatibleStatement_of_hullRelatorRespelling	 (h : HullRelatorRespellingStatement.{u, w})
hullRelatorRespellingBaseCompatibleStatement_of_original	 (h : OriginalRelatorRespellingStatement.{u, w})
hullRelatorRespellingOneRelatorStatement_of_baseCompatible	 (h : HullRelatorRespellingBaseCompatibleStatement.{u, w})
hullRelatorRespellingOneRelatorStatement_of_expansion	 (h : OriginalRelatorExpansionStatement.{u, w})
hullRelatorStatement_of_relatorChoice	 (h : RelatorChoice.{u})
hullRelatorStatement_of_relatorSeparation	 (h : RelatorSeparation.{u})
hullSC_relativeGreendlingerStatement_of_components	 (hselection :       GGT.VanKampen.EstimatingSelectionConstructionStatement.{u, w, 0}) (hpieces :       GGT.VanKampen.EstimatingPieceConstructionStatement.{u, w, 0}) (hunbound :       GGT.VanKampen.EstimatingUnboundOutputStatement.{u, w, 0}) (hconv : RelativeExteriorArcConversionStatement.{u, w}) (hall : AllReducedDiagramsHaveBaseGeodesicBoundary.{u, w})
hullSmallCancellationTorsionFreePrinted_of_fourLeaves	 (hgreendlinger :       GGT.VanKampen.RelativeGreendlingerQuasiGeodesicLeastAreaStatement.{0, 0, 0}) (hbridge : HullSC.RelativeIsoperimetricBridgeQuasiGeodesicEmbeddedStatement.{0, 0, 0})
hullSmallCancellationTorsionFreePrinted_of_greendlinger	 (hgreendlinger :       GGT.VanKampen.RelativeGreendlingerQuasiGeodesicLeastAreaStatement.{0, 0, 0})
hullSmallCancellationTorsionFreePrinted_of_leastAreaLeaves	 (hgreendlinger :       GGT.VanKampen.RelativeGreendlingerQuasiGeodesicLeastAreaStatement.{0, 0, 0}) (hbridge : HullSC.RelativeIsoperimetricBridgeQuasiGeodesicEmbeddedStatement.{0, 0, 0})
hullSmallCancellationTorsionFreePrinted_of_leaves	 (hgreendlinger :       GGT.VanKampen.RelativeGreendlingerQuasiGeodesicStatement.{0, 0, 0}) (hbridge : HullSC.RelativeIsoperimetricBridgeQuasiGeodesicStatement.{0, 0, 0})
hullSmallCancellationTorsionFreePrinted_of_oneStep	 (hOne : HullSC.HullOneStepStatement.{0})
hullSmallCancellationTorsionFreePrinted_of_printed	 (h : HullSmallCancellationPrinted.{u})
hullTheorem51_of_fillingData	 (hDGO : DGOQuotientStatementGeodesic.{u, u}) (hrel : HullRelatorStatement.{u}) (hdata : HullFillingDataStatement.{u})
hullTheorem51_of_relator_of_quotient	 (hrel : HullRelatorStatement.{u}) (hquot : HullQuotientStatement.{u})
hullTheorem51_of_relatorChoice	 (hrel : RelatorChoice.{u}) (hquot : HullQuotientStatement.{u})
hullTheorem71_of_leastAreaLeaves	 (hgreendlinger :       GGT.VanKampen.RelativeGreendlingerQuasiGeodesicLeastAreaStatement.{0, 0, 0}) (hbridge : HullSC.RelativeIsoperimetricBridgeQuasiGeodesicEmbeddedStatement.{0, 0, 0})
hullTheoremRows_of_greendlinger	 (hgreendlinger :       GGT.VanKampen.RelativeGreendlingerQuasiGeodesicLeastAreaStatement.{0, 0, 0})
hullTower_of_oneStep	 (h : HullOneStepStatement.{u})
hullTowerGeneral_of_oneStep	 (h : HullOneStepStatementGeneral.{u})
hullTowerStatement_of_oneStep	 (h : HullOneStepStatement.{u})
hullTowerStatementGeneral_of_greendlinger	 (hgreendlinger :       GGT.VanKampen.RelativeGreendlingerQuasiGeodesicLeastAreaStatement.{0, 0, 0})
hullTowerStatementGeneral_of_leastAreaLeaves	 (hgreendlinger :       GGT.VanKampen.RelativeGreendlingerQuasiGeodesicLeastAreaStatement.{0, 0, 0}) (hbridge : RelativeIsoperimetricBridgeQuasiGeodesicEmbeddedStatement.{0, 0, 0})
hullTowerStatementGeneral_of_oneStep	 (h : HullOneStepStatementGeneral.{u})
hyperbolic_mapSurjective_of_leastAreaCertificates	 (hD : D.IsHyperbolicallyEmbedded)
hyperbolicConjugacySaturationPairEscape_of_prescribed	 (hescape : TorsionFreeHyperbolicElementaryClosureConjugacyEscape)
hyperbolicElementaryClosureStatement_of_osinTheorem68	 (h68 : OsinTheorem68FiniteCayleyStatement)
hyperbolicElementLoxodromic_emptyModel	 (hfinite : D.base.Finite) (hemb : D.IsHyperbolicallyEmbedded)
hyperbolicElementLoxodromic_of_finiteFamily	 (hbase : D.base.Finite) (hemb : D.IsHyperbolicallyEmbedded)
hyperbolicElementLoxodromicAcylindrical_emptyModel	 (hfinite : D.base.Finite) (hemb : D.IsHyperbolicallyEmbedded)
hyperbolicElementLoxodromicAcylindrical_of_linearGrowth	 (hGrowth : FiniteFamilyRelativePowerLinearGrowthStatement.{u, v}) (hbase : D.base.Finite) (hemb : D.IsHyperbolicallyEmbedded)
hyperbolicElementLoxodromicAcylindrical_of_relativePowerEscape	 (hEscape : RelativePowerEscapeStatement.{u, v})
hyperbolicFiniteIndexPermanence_of_quasiIsometryInvariant	 (h : Hyperbolic.QuasiIsometryInvariant)
hyperbolicNonCommensurablePairStatement_of_conjugacySaturationEscape	 (hescape : TorsionFreeHyperbolicElementaryClosureConjugacyEscape)
hyperbolicNonCommensurablePairStatement_of_escape	 (hescape : HyperbolicLoxodromicCommensurabilityEscape)
hyperbolicNonCommensurablePairStatement_of_suitability	 (h : HyperbolicSuitabilityStatement)
hyperbolicNonCommensurablePairStatement_of_yi	 (hyi : HullSC.YiSuitablePair.{0})
hyperbolicPairAcylindricalRefinement_of_elementClassification	 (hclass : HyperbolicElementLoxodromicStatement.{u, 0})
hyperbolicSuitabilityStatement_of_nonCommensurablePair	 (ha : HyperbolicNonCommensurablePairStatement)
hyperbolicSuitabilityStatement_of_split	 (ha : HyperbolicNonCommensurablePairStatement) (hb : HyperbolicElementaryClosureStatement)
identityRelatorOnlyReduction_count	 (hred : Delta.Reduced)
idxOf_eq_succ_or_zero	 (hnodup : O.Nodup)
idxOf_getElem_of_nodup	 (hnodup : O.Nodup)
idxOf_getLast_window	 (hnodup : O.Nodup)
idxOf_head_window	 (hnodup : O.Nodup)
image_chainRecurrentSet_firstReturn_of_pieces	 (hRefl : CoreRingReflectionStatement) (hModels : CoreModelsLEFStatement)
image_chainRecurrentSet_firstReturn_printed	 (hRefl : CoreRingReflectionStatement) (hModels : CoreModelsLEFStatement)
image_relators	 (hc : IsCompleteOnBlocks) (hi : IsIrreflexive)
imageLamp_profiniteClosure_eq_of_fg	 (hH : H.FG)
incompleteness_in_the_fixed_MF_radical	 (hsound : T.Sound)
increasingEnumeration_mem	 (hS : S.Infinite)
increasingEnumeration_strictMono	 (hS : S.Infinite)
increasingEnumeration_succ	 (hS : S.Infinite)
increasingEnumeration_zero	 (hS : S.Infinite)
independentOfGeneratingSet_of_quasiIsometryInvariant	 (h : QuasiIsometryInvariant)
index_eq	 (hM : M.IsPlanar)
indMat_base_block	 (h : G)
indMatrix_base_block	 (h : G)
infinite_ghb7	 (hconj : CCKWFiniteOrderConjugateIntoVertex)
infinite_psiKer	 (hconj : CCKWFiniteOrderConjugateIntoVertex)
infinite_setOf_zpow_apply_mem	 (hne : W.Nonempty)
infiniteRepeatedRelativePattern_trivialModel	 (hbase : D.base.Finite) (hS : S.Infinite)
ingredients_normal_contains_copy	 (hK : K.Normal)
inner_apply_left	 (h : G)
inner_eta_etaMoved_rep	 (h : G)
inner_kEta_kEtaMoved_rep	 (h : G)
inner_le_eigenvalue_mul_normSq_of_mem_span_Ici	 (hS : S.IsSymmetric)
inner_map	 (h : U.IsUnitaryAdj)
inner_map_self_re_eq_sum_eigenvalues_mul_normSq	 (hT : T.IsSymmetric)
inner_map_self_re_nonneg_of_eigenvalues_nonneg	 (hT : T.IsSymmetric)
inner_tmulC_of_fixed	 (h : G)
inner_tmulC_of_forall_fixed	 (h : G)
inner_vertexCount	 (hM : M.IsPlanar)
inner_vertexCount_kind	 (hM : M.IsPlanar)
innerBoundary_cycle	 (hwalk : P.inner.FollowsBoundary)
innerCycle_boundaryPerm_val	 (hM : M.IsPlanar)
innerCycle_follows	 (hM : M.IsPlanar)
innerGRegion_faces	 (hlea : Delta.LeastArea)
innerKindClass_eq_inl	 (hM : M.IsPlanar)
innerKindClass_eq_inr	 (hM : M.IsPlanar)
innerKindClass_rep	 (hM : M.IsPlanar)
innerKindClass_sigma	 (hM : M.IsPlanar)
innerKindRep_sameCycle	 (hM : M.IsPlanar)
innerPocketEnclosed_of_fourPieceOff	 (h : PocketFourPieceOffStatement.{u, w, v})
innerPocketEnclosed_of_lakeRead	 (h : PocketFourPieceLakeReadStatement.{u, w, v})
innerPocketEnclosed_of_pieces	 (h11 : PocketSideBoundStatement.{u, w, v}) (h14 : EnclosedNormalFormStatement.{u, w, v}) (h : PocketFourPieceOffStatement.{u, w, v})
innerPocketEnclosedTwoArcLocal_of_pinched	 (h : InnerPocketEnclosedTwoArcPinchedLocal.{u, w, v})
innerPocketEnclosedTwoArcPinchedCorrected_of_corrected	 (h : InnerPocketEnclosedTwoArcCorrected.{u, w, v})
innerSameCycle_of_notAdj	 (hM : M.IsPlanar)
innerSigma_pow_val	 (hM : M.IsPlanar)
innerTwoArcLong_of_firstTurns	 (h : CellPocketInnerTwoArcFirstTurnsStatement.{u, w, v})
innerTwoArcLong_of_innerPocketEnclosed	 (h : InnerPocketEnclosedTwoArcStatement.{u, w, v})
innerTwoArcLong_of_innerTwoArc	 (h : CellPocketInnerTwoArcStatement.{u, w, v})
innerVertexClass_eq_inl	 (hM : M.IsPlanar)
innerVertexClass_eq_inr	 (hM : M.IsPlanar)
innerVertexClass_rep	 (hM : M.IsPlanar)
innerVertexClass_sigma	 (hM : M.IsPlanar)
innerVertexClass_sigma_of_mem	 (hM : M.IsPlanar)
innerVertexClass_sigma_of_notMem	 (hM : M.IsPlanar)
innerVertexRep_sameCycle	 (hM : M.IsPlanar)
inPlaceStep_of_regionMoveSubArc	 (h : RoseRegionMoveSubArcStatement.{u, w, v})
inPlaceStepNoWrap_of_extremalCoreNoWrap	 (h : RoseExtremalCoreNoWrapStatement.{u, w, v})
inPlaceStepNoWrap_of_inPlaceStep	 (h : P10Rose.RoseInPlaceStepStatement.{u, w, v})
input_of_amenableImpliesMF	 (h : CyclicBaseCalibration.AmenableImpliesMF)
inputProofResidual_of_witness_noninterleave_arcs	 (hplanar : PocketFourPieceWitnessPlanarStatement.{u, w, v}) (hnon : PocketFourPieceWitnessNoninterleaveStatement.{u, w, v}) (harcs : PocketFourPieceWitnessArcsStatement.{u, w, v})
integralFreeColumnPlaneMassBounds_implies_freeIntegralGeneralRank	 (hplane : IntegralFreeColumnPlaneMassBounds)
integralFreeColumnPlaneMassBounds_implies_fullEJZ	 (hplane : IntegralFreeColumnPlaneMassBounds)
inter_nonempty_of_symmDiff_lt_third	 (hT : T.Nonempty)
interior_total_le	 (hred : Delta.Reduced)
interior_total_le_of_o52	 (hO52 : O52LeastAreaStatement.{u, w, v}) (hlea : Delta.LeastArea)
internal_not_walkKeep	 (hlea : X.LeastArea)
internal_sideFaces_of_short	 (hM : M.IsPlanar)
internal_sideOutside_of_free	 (hM : M.IsPlanar)
intertwiningStep_of_glimm	 (hG : GlimmLemmaStatement)
intertwiningStep_of_oneStep	 (h : OneStepApproximationStatement)
introCarriers_of_greendlinger	 (hgreendlinger :       GGT.VanKampen.RelativeGreendlingerQuasiGeodesicLeastAreaStatement.{0, 0, 0})
introCarriers_of_openFrontier	 (hfrontier : GGT.VanKampen.GreendlingerLeaf.ClosedAll.OpenFrontierStatement.{0, 0, 0})
introLastGroupHasNone_closed_of_greendlinger	 (hG : GGT.VanKampen.RelativeGreendlingerQuasiGeodesicLeastAreaStatement.{0, 0, 0})
introLastGroupHasNone_of_greendlinger	 (hgreendlinger :       GGT.VanKampen.RelativeGreendlingerQuasiGeodesicLeastAreaStatement.{0, 0, 0})
introLastGroupHasNone_of_printedTorsionFreeTheorem	 (h : PrintedTorsionFreeTheorem)
introReducedAlgebraNotMF_of_joint	 (h : TorsionFreeJoint.PrintedTorsionFreeTheoremWithRegularAlgebra)
introReducedAlgebraNotMF_of_printedTorsionFreeTheorem	 (h : PrintedTorsionFreeTheorem)
introReducedAlgebraSentence_closed_of_greendlinger	 (hG : GGT.VanKampen.RelativeGreendlingerQuasiGeodesicLeastAreaStatement.{0, 0, 0})
introReducedAlgebraSentence_of_greendlinger	 (hgreendlinger :       GGT.VanKampen.RelativeGreendlingerQuasiGeodesicLeastAreaStatement.{0, 0, 0})
introReducedAlgebraSentence_of_printedTorsionFreeTheorem	 (h : PrintedTorsionFreeTheorem)
inv_mem_of_finite_of_mul_mem	 (hM : M.Finite)
inv_mul_mem_symm	 (h : G)
invariant_of_isConnected	 (hN : N.IsConnected)
invariantCliques_of_systolicInvariantClique	 (hT6 : SystolicInvariantCliqueStatement)
involutionDisjointnessTransport_of_rigidPolarOpenTransport	 (h : RigidPolarOpenTransportStatement)
involutionDisjointnessTransport_of_supportDisjointnessTransport	 (hd : SupportDisjointnessTransportStatement)
involutionLocalizationMatrixClause_of_ringClause	 (hring : InvolutionLocalizationRingClause) (hel : CoreKernelElementaryStatement)
involutionLocalizationRingClause_of_cover	 (hcover : ChainCoreDefectCoverStatement)
involutionSplitCover_of_rigidStabilizerSplit	 (hsplit : RigidStabilizerSplitStatement)
isAcylindrical_cayley_of_finite	 (hfin : A.carrier.Finite)
isAcylindrical_of_core	 (h24 : OsinLemma24.{u}) (hcore : S.AcylindricalCore)
isAcylindrical_of_core'	 (hcore : S.AcylindricalCore)
isAcylindrical_of_osinLemma24	 (h24 : OsinLemma24.{u})
isAcylindrical_treeSpace	 (hH : H.IsTree)
isAcylindrical_treeSpace_of_adj	 (hH : H.IsTree)
isAcylindricallyHyperbolic_trivialSkeleton	 (hMO : TheoremC.MinasyanOsinStatement)
isBoundaryDart_sideFaces_iff	 (hM : M.IsPlanar)
isBoundaryDart_sideOutside_iff	 (hM : M.IsPlanar)
isBounded	 (h : T.IsFiniteRank)
isBounded_add	 (hT : T.IsBounded) (hU : U.IsBounded)
isBounded_comp	 (hR : R.IsBounded) (hT : T.IsBounded)
isBounded_comp_of	 (hS : S.IsBounded) (hT : T.IsBounded)
isBounded_corner11	 (hT : T.IsBounded)
isBounded_corner12	 (hT : T.IsBounded)
isBounded_corner21	 (hT : T.IsBounded)
isBounded_corner22	 (hT : T.IsBounded)
isBounded_mul	 (hT : T.IsBounded) (hU : U.IsBounded)
isBounded_smul	 (hT : T.IsBounded)
isBounded_star	 (hT : T.IsBounded)
isBoundedBy_one	 (h : U.IsUnitaryAdj)
isBoundedBy_opNorm	 (hT : T.IsBounded)
isChain_filter_keptPred_of_stretchesClosed	 (hK : K.ClosedWalk)
isChain_invDarts_block	 (hK : K.ClosedWalk)
isChain_targetArc_block	 (hK : K.ClosedWalk)
isClopen_of_rigidPolarCharacterization	 (h : RigidPolarCharacterizationStatement)
isClosed_constraintSet	 (h : A)
isClosed_vanishingConstraintSet	 (h : A)
isCocycle_wallCocycle	 (hfin : SeparationFinite)
isComp_blockWordAppend	 (h : G)
isCompact_constraintSet	 (h : A)
isCompact_vanishingConstraintSet	 (h : A)
isCompactOp	 (h : T.IsFiniteRank)
isCompactOp_of_approx	 (hT : T.IsBounded)
isCompactOp_of_isCompactOp_adjoint_comp_self	 (hT : T.IsBounded)
isCompleteModule_of_unitary	 (hU : U.IsUnitaryAdj)
isCompOf_comp	 (h : G)
isCoprimaryWith_quotient_of_isPrimary	 (hS : S.IsPrimary)
isElementaryGroup_of_share	 (hfin : A.carrier.Finite)
isEscaping_cayley_of_not_isOfFinOrder	 (hfin : A.carrier.Finite)
isEscaping_of_boundedPenetration_extraction	 (hemb : D.IsHyperbolicallyEmbedded)
isEscaping_of_relativeBoundedPowerExtraction	 (hbase : D.base.Finite) (hemb : D.IsHyperbolicallyEmbedded) (hExtract : RelativeBoundedPowerExtractionStatement.{u, v})
isEscaping_of_relativeBoundedPowerSubsequenceExtraction	 (hExtract : RelativeBoundedPowerSubsequenceExtractionStatement.{u, v}) (hbase : D.base.Finite) (hemb : D.IsHyperbolicallyEmbedded)
isFaceCycle_of_map_value	 (hnd : L.Nodup)
isFinitelyPresented_cent3	 (hP : P.FG)
isFinitelyPresented_centHNN	 (hL : L.FG)
isFinitelyPresented_freeLamp	 (hL : L.FG)
isFinitelyPresented_freeLamp_of_equiv	 (hL : L.FG)
isFinitelyPresented_of_section	 (hR : R.Finite)
isFinitelyPresented_pres	 (hSF : SF.Finite)
isFinitelyPresented_presAff	 (hS : S.Finite)
isFinitelyPresented_ropeGroup	 (hSFfin : SF.Finite)
isFinitelyPresented_stabK_of_upsilon	 (hU : UpsilonFinitelyPresented) (hKfin : K.Finite) (hKne : K.Nonempty)
isFinitelyPresented_subgroup_of_finiteIndex	 (hfree : FreeFiniteIndexFinitelyPresented)
isFinitelyPresented_swappedAmalgam_of_equiv	 (hL : L.FG)
isFinitelyPresented_upsilon_inf_stabK	 (hU : UpsilonFinitelyPresented)
isFinitelyPresented_upsilon_long_of_caseOne	 (h1 : LemmaFourSixCaseOneStatement)
isFinitelyPresented_upsilon_long_unit_of_caseOne	 (h1 : LemmaFourSixCaseOneStatement)
isFinitelyPresented_upsilon_short_of_caseOne	 (h1 : LemmaFourSixCaseOneStatement)
isFinitelyPresented_upsilon_unit_of_caseOne	 (h1 : LemmaFourSixCaseOneStatement)
isHermitian_eigenCalc_ofReal	 (hH : H.IsHermitian)
isHypEmbedded_of_dgo442	 (h442 : DGOTheorem442.{u, v})
isHypEmbeddedOf_of_orbitLowerBound_of_actsProperly	 (h : G)
isHyperbolicallyEmbedded_adjoinPair_of_localFiniteness	 (hloc : PairLocalFiniteness.{u, w}) (hemb : D.IsHyperbolicallyEmbedded)
isHyperbolicallyEmbedded_adjoinRelatorPrefixes_of_locallyFinite	 (hD : D.IsHyperbolicallyEmbedded)
isHyperbolicallyEmbedded_combinedRelGenSet_of_isEmpty_left	 (hE : E.IsHyperbolicallyEmbedded)
isHyperbolicallyEmbedded_combinedRelGenSet_of_isEmpty_right	 (hD : D.IsHyperbolicallyEmbedded) (hE : E.IsHyperbolicallyEmbedded)
isHyperbolicallyEmbedded_demoteAuxiliary	 (hJ : J.IsHyperbolicallyEmbedded)
isHyperbolicallyEmbedded_elementaryClosure_family_of_heGXFamily	 (hhe : GGT.HeGXFamily.{u, 0})
isHyperbolicallyEmbedded_jointRelGenSet_of_isEmpty_left	 (hE : E.IsHyperbolicallyEmbedded)
isHyperbolicallyEmbedded_jointRelGenSet_of_isEmpty_right	 (hD : D.IsHyperbolicallyEmbedded)
isHyperbolicallyEmbedded_jointRelGenSet_of_isLoxodromic_relative	 (h414 : OsinComponents.DGOProposition414Uniform.{u, 0}) (hD : D.IsHyperbolicallyEmbedded) (hE : E.IsHyperbolicallyEmbedded)
isHyperbolicallyEmbedded_jointRelGenSet_of_proposition414Uniform	 (h414 : OsinComponents.DGOProposition414Uniform.{u, w}) (hiso : DGOProposition435IsolatedWitnessStatement.{u, v, w}) (hD : D.IsHyperbolicallyEmbedded) (hE : E.IsHyperbolicallyEmbedded)
isHyperbolicallyEmbedded_jointRelGenSet_originalOverAux	 (h414 : OsinComponents.DGOProposition414Uniform.{u, w}) (hE : E.IsHyperbolicallyEmbedded)
isHyperbolicallyEmbedded_jointRelGenSet_originalOverAux_self	 (h414 : OsinComponents.DGOProposition414Uniform.{u, w}) (hE : E.IsHyperbolicallyEmbedded)
isHyperbolicallyEmbedded_jointRelGenSetFull_of_isEmpty_left	 (hE : E.IsHyperbolicallyEmbedded)
isHyperbolicallyEmbedded_jointRelGenSetFull_of_isEmpty_right	 (hD : D.IsHyperbolicallyEmbedded)
isHyperbolicallyEmbedded_jointRelGenSetFull_of_proposition414Uniform	 (h414 : OsinComponents.DGOProposition414Uniform.{u, w}) (hiso : DGOProposition435IsolatedWitnessStatement.{u, v, w}) (horig : DGOProposition435FullOriginalLocalFinitenessStatement.{u, v, w}) (hD : D.IsHyperbolicallyEmbedded) (hE : E.IsHyperbolicallyEmbedded)
isHyperbolicallyEmbedded_mapSurjective_emptyFamily	 (hD : D.IsHyperbolicallyEmbedded)
isHyperbolicallyEmbedded_mapSurjective_of_bijective	 (hD : D.IsHyperbolicallyEmbedded)
isHyperbolicallyEmbedded_mapSurjective_of_bridge	 (hbridge : RelativeIsoperimetricBridgeStatement.{u, v, w}) (hD : D.IsHyperbolicallyEmbedded)
isHyperbolicallyEmbedded_of_lemma55	 (h55 : OsinLemma55.{u}) (hemb : D.IsHyperbolicallyEmbedded)
isHyperbolicallyEmbedded_prefixKernelCone_of_bounds	 (hD : D.IsHyperbolicallyEmbedded)
isHyperbolicallyEmbedded_prefixKernelCone_of_kernelEstimate_and_oneStepCuts	 (hD : D.IsHyperbolicallyEmbedded)
isHyperbolicallyEmbedded_prefixQuotient_of_bounds	 (hD : D.IsHyperbolicallyEmbedded)
isHyperbolicallyEmbedded_properRelGenSet	 (hD : D.IsHyperbolicallyEmbedded)
isHyperbolicallyEmbedded_transitiveRelGenSet	 (hD : D.IsHyperbolicallyEmbedded)
isHyperbolicallyEmbedded_zpowers_of_elementaryClosure_eq_of_orbitLowerBound	 (h : G)
isHyperbolicElement_of_mem_distinct_jointPeripheral	 (hemb : D.IsHyperbolicallyEmbedded)
isHyperbolicGroup_subgroup_of_quasiIsometryInvariant	 (h : QuasiIsometryInvariant)
isHyperbolicSpace_zero	 (hH : H.IsTree)
isIso_shortExact_δ	 (hS : S.ShortExact)
isIsometricAction_treeSpace	 (hH : H.IsTree)
isKazhdanPair_of_orbitAverageGap	 (hS : S.Nonempty)
isKKnCommutative_minTensor_right	 (hC : C.IsCommutative)
isKKnCommutative_of_isCommutative	 (hA : A.IsCommutative)
isLEFRing_clopenCrossedProduct_generalCore	 (hLEF : SubshiftCycleConditionLEFInput)
isLEFRing_clopenCrossedProduct_of_minimal	 (hne : X.Nonempty)
isLEFRing_of_chainRecurrentSet_eq_univ	 (h : CoreModelsLEFStatement)
isLEFRing_of_isDedekindFiniteMonoid_of_coreModels	 (h : CoreModelsLEFStatement)
isLocallyFiniteGroup_of_isAsymptoticallyMultiplicative	 (hmul : F.IsAsymptoticallyMultiplicative)
isLocallyMatricialIn_coreTransientIdeal	 (h : TransientIdealLocallyMatricialFTwoStatement)
isLoxodromic_cayley_of_not_isOfFinOrder	 (hfin : A.carrier.Finite)
isLoxodromic_of_relativePowerEscape_of_acylindrical	 (hemb : D.IsHyperbolicallyEmbedded)
isMatricialVia_lampRing	 (hTfin : T.Finite)
isMFAlgebra_amalgam_of_printedPair	 (hT4 : Theorem4PrintedPairStatement)
isMFAlgebra_amalgam_of_symmetricDoubleRoute	 (hDouble : SymmetricDoubleMFStatement) (hEmbed : AmalgamEmbedsSymmetricDoubleStatement)
isMFAlgebra_amalgam_of_tailPair	 (hT4 : UnitalTailPairPackageStatement) (hMF : ShiftedPrintedMFStatement)
isMFAlgebra_of_injective_into_symmetricAmalgam	 (hShulman : ShulmanSymmetricAmalgamStatement)
isMFAlgebra_of_symmetricDoubleRoute	 (hdouble : ShulmanSymmetricDouble.SymmetricDoubleMFStatement) (hembed : ShulmanSymmetricDouble.AmalgamEmbedsSymmetricDoubleStatement)
isMFTrace_of_isQuasidiagonalTrace	 (hucp : UCPContractive.{u})
isNFAlgebra_iff_nuclear_and_quasidiagonal_of_localization_of_nfQuasidiagonal	 (hNFQD : NFQuasidiagonalStatement.{u}) (hloc : RelatedBK.CoronaUCPFiniteCoordinateLocalizationStatement)
isNFAlgebra_iff_nuclear_and_quasidiagonal_of_nfQuasidiagonal	 (hNFQD : NFQuasidiagonalStatement.{u})
isNFAlgebra_of_faithfulTracialState_of_problemVIIStatement	 (h : ProblemVIIStatement.{u})
isNFAlgebra_of_faithfulTracialState_of_problemX1Statement	 (hX : ProblemX1Statement.{u})
isNFAlgebra_of_isNuclearCStarAlgebra_of_isMFAlgebra_of_coronaUCPFiniteCoordinateLocalization	 (hloc : CoronaUCPFiniteCoordinateLocalizationStatement)
isNFAlgebra_of_isNuclearCStarAlgebra_of_isQuasidiagonalCStarAlgebra_of_localization	 (hloc : RelatedBK.CoronaUCPFiniteCoordinateLocalizationStatement)
isNoncrossingClosedWalk	 (hK : K.ClosedWalk)
isNoncrossingClosedWalk_of_orient	 (hM : M.IsPlanar)
isNoncrossingClosedWalk_reverse	 (hM : M.IsPlanar)
isNonElementaryHyperbolic_of_kazhdan	 (hEA : ElementaryAmenableStatement)
isNull_reindex_iff_of_supported	 (hS : S.Infinite)
isometry_of_absorption	 (h : AbsorptionContainmentStatement)
isometry_of_separableBlockDiagonal	 (h : SeparableBlockDiagonalAbsorptionStatement)
isOperatorMF_of_isAmenable	 (hucp : Quasidiagonal.UCPContractive.{u})
isOperatorMF_of_isAmenable_of_tww	 (hucp : Quasidiagonal.UCPContractive.{u})
isOperatorMF_of_isAmenableCanonicalTrace_of_problemX1	 (hX : ProblemX1Statement.{1})
isOperatorMF_of_isQuasidiagonalCanonicalTrace	 (hucp : Quasidiagonal.UCPContractive.{u})
isOperatorMF_realizedQuotient_of_input	 (h : QuasidiagonalMF.AmenableMFInput.{0})
isOperatorMF_realizedQuotient_of_quasidiagonalTrace	 (hucp : Quasidiagonal.UCPContractive.{0})
isOperatorMF_realizedQuotient_of_tww	 (hucp : Quasidiagonal.UCPContractive.{0})
isPFF_freeGroup_of_finiteTraceModels	 (h : A.HasReducedNormLimit)
isPlanar	 (hM : M.IsPlanar)
isPowersConfig_of_action	 (h : G)
isPowersConfig_of_cone	 (h : G)
isPowerTorsionFree_psiKer	 (hconj : CCKWFiniteOrderConjugateIntoVertex)
isPrintedSmall_of_isSmall	 (hT : T.Finite)
isPublishedPiece	 (hred : Delta.Reduced)
isQuasidiagonalCStarAlgebra_of_isNFAlgebra_of_cpBridge	 (hbridge : CompletelyPositiveOnMatricesBridgeStatement.{u})
isQuasidiagonalCStarAlgebra_of_nuclear_of_mf_of_localization_of_nfQuasidiagonal	 (hNFQD : NFQuasidiagonalStatement.{u}) (hloc : RelatedBK.CoronaUCPFiniteCoordinateLocalizationStatement)
isQuasidiagonalCStarAlgebra_of_nuclear_of_mf_of_nfQuasidiagonal	 (hNFQD : NFQuasidiagonalStatement.{u})
isQuasidiagonalTrace	 (hmul : F.IsAsymptoticallyMultiplicative)
isQuasidiagonalTrace_of_afPresentation_of_multimatrixTraceAmplification	 (h : MultimatrixTraceAmplificationStatement)
isQuasidiagonalTrace_of_commCStarAlgebra_of_pointEvaluationAverage	 (hPE : PointEvaluationAverageStatement.{u})
isQuasidiagonalTrace_of_commutative_clm_of_pointEvaluationAverage	 (hPE : PointEvaluationAverageStatement.{u})
isQuasidiagonalTrace_of_commutative_faithfulTracialState_of_pointEvaluationAverage	 (hPE : PointEvaluationAverageStatement.{u})
isQuasidiagonalTrace_of_commutative_isTracialState_of_pointEvaluationAverage	 (hPE : PointEvaluationAverageStatement.{u})
isQuasidiagonalTrace_of_commutative_of_pointEvaluationAverage	 (hPE : PointEvaluationAverageStatement.{u})
isQuasidiagonalTrace_of_commutative_tracialState_of_pointEvaluationAverage	 (hPE : PointEvaluationAverageStatement.{u})
isQuasidiagonalTrace_of_commutativeOrAF	 (hcomm : CommutativeQuasidiagonalTraceStatement) (haf : AFQuasidiagonalTraceStatement)
isQuasidiagonalTrace_of_traceKernelLift_of_coronaUCPCoordinates	 (hlift : CoronaUCPCoordinatesStatement.{u})
isQuasiGeodesicPolygon_auxCycle	 (h : G)
isQuasiIsometry_retractMap	 (hSfin : S.Finite)
isQuasiLinear_of_coprimaryLinearQuotients	 (hcop : CoprimaryLinearQuotientsStatement)
isRegularlyRealized_centralRope	 (hIn : TensorSynchronization.HNNPermanenceInputs)
isRegularlyRealized_hnn_of_conjugator	 (hIn : HNNPermanenceInputs)
isRegularlyRealized_twistedRope	 (hIn : TensorSynchronization.HNNPermanenceInputs)
isRelativelyHyperbolic_of_relGenSet	 (hfinite : D.base.Finite) (hemb : D.IsHyperbolicallyEmbedded)
isRelativelyHyperbolic_of_relHypAt	 (h : X.toRelGenSet.IsHyperbolicallyEmbedded)
isRelativelyHyperbolic_original_of_jointPreservation	 (h435 : DGOProposition435PrintedStatement.{u, 0, w})
isRelativelyHyperbolic_original_of_jointPreservation_of_cyclic	 (h435 : DGOProposition435PrintedStatement.{u, 0, w})
isRelativelyHyperbolic_original_of_jointPreservation_of_exhyp	 (hexhyp : OsinLemmaExhypStatement.{u, 0, w})
isRelatorProduct	 (hM : M.IsPlanar)
isRelatorProduct_of_isolated_edge	 (hM : M.IsConnected)
isRelatorProduct_of_planar_unweighted	 (hplanar : M.IsPlanar)
isRelatorProduct_of_planar_weighted	 (hplanar : M.IsPlanar)
isRelatorProduct_sub_two	 (hM : M.IsPlanar)
isRepresentation_unitaryConj	 (hW : W.IsUnitaryAdj)
isRotatingFamily_dot	 (hK : K.Normal)
isSimpleClosedWalk	 (hK : K.Simple)
isSimpleClosedWalk_inner_cycle	 (hin : P.inner.FollowsBoundary) (hout : P.outer.FollowsBoundary)
isSimpleClosedWalk_invDarts_outer	 (hin : P.inner.FollowsBoundary) (hout : P.outer.FollowsBoundary)
isSimpleClosedWalk_of_unpinched	 (hM : M.IsPlanar)
isSimpleGroup_of_levelZero_central	 (hN : N.Normal)
isStarIdeal_of_compactStarClosed	 (h : CompactStarClosedStatement)
isSuitableSubgroup_freeProduct_of_hyperbolicSuitability	 (h : HyperbolicSuitabilityStatement)
isSuperperfect_of_leavittK2Used	 (hU : LeavittK2UsedStatement)
isTree_of_level	 (hconn : G.Connected)
isTwoGon_of_faceDegree_lt_six	 (hconnected : M.IsConnected)
isTypeA2_cover	 (hne : S.Nonempty)
isUnitaryAdj_dilationUnitary	 (hU : U.IsUnitaryAdj)
isUnitaryAdj_sumConjOp	 (hU : U.IsUnitaryAdj)
iSup_range_copyHom_eq_top	 (hDiamond : DiamondLemmaWordProblem)
isVirtuallyCyclic_of_finite_transversal	 (hFfin : F.Finite)
isWOne_blockWord_of_noBase	 (h : G)
isWPDAt_of_axis	 (hH : H.IsTree)
isWPDAt_of_axis_pairStab_finite	 (hH : H.IsTree)
isWPDAt_of_pairStab_zero_finite	 (hH : H.IsTree)
isWThree_blockWord_of_cyclic	 (h : G)
isZero_punctured_finite	 (hfin : S.Finite) (hne : S.Nonempty)
joined_planar	 (hM : M.IsPlanar)
joinedFacePerm_sameCycle_of_planar	 (hM : M.IsPlanar)
joinSides_quasiGeodesic	 (hcell : S.CellArcsQuasiGeodesic) (hbd : S.BoundaryArcsQuasiGeodesic)
jointAuxiliaryPeripheralEmbedding_of_dgoProposition435Inclusion	 (h435 : GGT.RelHyp.DGOProposition435InclusionStatement.{u, w, 0})
jointAuxiliaryPeripheralEmbedding_of_dgoProposition435InclusionFinite	 (h435 : GGT.RelHyp.DGOProposition435InclusionFiniteStatement.{u, w, 0})
jointAuxiliaryPeripheralEmbedding_of_familyInclusion	 (h44 : HullLemma44CanonicalQuotientFamilyInclusionStatement.{u, w})
jointAuxiliaryPeripheralEmbedding_of_proposition414Uniform	 (h414 : GGT.OsinComponents.DGOProposition414Uniform.{u, 0})
jointHyperbolic_of_isEmpty	 (hD : D.IsHyperbolicallyEmbedded)
jointHyperbolic_of_isLoxodromic_relative	 (hD : D.IsHyperbolicallyEmbedded)
jointRelGenSetAdjoin_base_finite	 (hDfin : D.base.Finite) (hTfin : T.Finite)
jointRelGenSetAdjoin_hyperbolic	 (hE : E.IsHyperbolicallyEmbedded)
jointRelGenSetAdjoin_relBall_inl_finite	 (hTfin : T.Finite) (hD : D.IsHyperbolicallyEmbedded) (hFfin : F.Finite)
jointRelGenSetFull_hyperbolic	 (hE : E.IsHyperbolicallyEmbedded)
junction_not_reach	 (hM : M.IsPlanar)
junction_of_extremalRegion	 (h : P10RoseExtremal.RoseExtremalRegionStatement.{u, w, v})
K2_three_le_commutator_of_superperfect	 (hs : EndpointInterfaces.BinaryLeavittUnitsSuperperfectStatement)
K2_three_le_ker_stab_of_hopf_of_paddedCentrality	 (hPC : PaddedCentralityStatement.{v})
k2CubeDilate_local_of_polyK2CubeNil	 (h : PolyK2CubeNilStatement)
k2CubeDilate_local_of_polyK2CubeNilLocal	 (h : PolyK2CubeNilLocalStatement)
k2Dilate_hmClosed_finitelyPresentedMetabelian	 (hH : Absorption.SuslinLocalHorrocksStatement) (hvdk : ElemFP.VdKRowExtensionStatement) (hL : ElemFP.k2CubeDilate_LocalStatement) (hR : ElemFP.k2Dilate_PolyK2Statement) (hgen : ElemFPCharZero.CharZeroK2PosStabGenStatement) (hcube : ElemFPCharZero.CharZeroK2CubeGapPosStatement) (hswap : HigmanVSwapSectionStatement)
k2DilateSt_hmClosed_finitelyPresentedMetabelian	 (hH : Absorption.SuslinLocalHorrocksStatement) (hvdk : ElemFP.VdKRowExtensionStatement) (hL : ElemFP.k2CubeDilate_LocalStatement) (hP : ElemFP.k2DilateSt_PullbackStatement) (hgen : ElemFPCharZero.CharZeroK2PosStabGenStatement) (hcube : ElemFPCharZero.CharZeroK2CubeGapPosStatement) (hswap : HigmanVSwapSectionStatement)
k2InjStab_polyInjective_of_specialization	 (h : K2InjStabSpecializationStatement)
k2InjStab_polyInjective_of_target	 (h : VdKRowParInjK2StabStatement)
k2InjStab_specialization_of_nilPos_of_fieldStab	 (h : PolyK2NilStabilityPosStatement)
k2InjStab_specialization_of_polyInjective	 (h : PolyK2InjectiveStabilityStatement)
k2InjStab_specialization_of_target	 (h : VdKRowParInjK2StabStatement)
k2InjStab_target_of_specialization	 (h : K2InjStabSpecializationStatement)
k2InjStab_vdkRowParInjective_of_specialization	 (h : K2InjStabSpecializationStatement)
k2Karoubi_hmClosed_finitelyPresentedMetabelian	 (hH : Absorption.SuslinLocalHorrocksStatement) (hvdk : ElemFP.VdKRowExtensionStatement) (hL : ElemFP.k2CubeDilate_LocalStatement) (hK : ElemFP.k2Karoubi_PosStatement) (hgen : ElemFPCharZero.CharZeroK2PosStabGenStatement) (hcube : ElemFPCharZero.CharZeroK2CubeGapPosStatement) (hswap : HigmanVSwapSectionStatement)
k2PolyNagaoTorusWire_polynomialFpK2Vanishing	 (hone : PolyK2OneVarNilStatement)
k2PullAct_hmClosed_finitelyPresentedMetabelian	 (hH : Absorption.SuslinLocalHorrocksStatement) (hvdk : ElemFP.VdKRowExtensionStatement) (hL : ElemFP.k2CubeDilate_LocalStatement) (hA : ElemFP.k2PullAct_PosStatement) (hgen : ElemFPCharZero.CharZeroK2PosStabGenStatement) (hcube : ElemFPCharZero.CharZeroK2CubeGapPosStatement) (hswap : HigmanVSwapSectionStatement)
k2PullExc_hmClosed_finitelyPresentedMetabelian	 (hH : Absorption.SuslinLocalHorrocksStatement) (hvdk : ElemFP.VdKRowExtensionStatement) (hL : ElemFP.k2CubeDilate_LocalStatement) (hP : ElemFP.k2PullExc_ProperStatement) (hgen : ElemFPCharZero.CharZeroK2PosStabGenStatement) (hcube : ElemFPCharZero.CharZeroK2CubeGapPosStatement) (hswap : HigmanVSwapSectionStatement)
k2PullRel_hmClosed_finitelyPresentedMetabelian	 (hH : Absorption.SuslinLocalHorrocksStatement) (hvdk : ElemFP.VdKRowExtensionStatement) (hL : ElemFP.k2CubeDilate_LocalStatement) (hA : ElemFP.k2PullRel_ActionStatement) (hgen : ElemFPCharZero.CharZeroK2PosStabGenStatement) (hcube : ElemFPCharZero.CharZeroK2CubeGapPosStatement) (hswap : HigmanVSwapSectionStatement)
k2StabInjective_of_binaryLeavittK2FiveStability	 (hT : BinaryLeavittK2FiveStabilityStatement)
kazhdan_of_partnerTie	 (htie : P.PartnerTieObligation)
kazhdanPair_quotient_boundary	 (hne : A.Nonempty)
keepMap_faceOf_eq	 (hM : M.IsPlanar)
kernelConeLocalFinitenessAt_of_prefixKernelTransfer	 (htransfer : PrefixKernelConeTransferStatement.{u, v, w}) (hD : D.IsHyperbolicallyEmbedded)
kernelConeLocalFinitenessStatement_at_trivialModel	 (hD : D.IsHyperbolicallyEmbedded)
kernelConeLocalFinitenessStatement_of_prefixKernelTransfer	 (htransfer : PrefixKernelConeTransferStatement.{u, v, w})
kill_mem_switchRelators	 (hDiamond : DiamondLemmaWordProblem)
kind_eq_cell	 (hmin : S.DartMinimal)
kinds_of_vertex	 (hM : M.IsPlanar)
kotowskiOllivier_of_leaves	 (hT6 : CCKW.SystolicInvariantCliqueStatement)
kotowskiOllivierStatement_of_ghb7ConjHyp	 (hconj : CCKWFiniteOrderConjugateIntoVertex)
kotowskiOllivierStatement_of_leaves	 (hT6 : CCKW.SystolicInvariantCliqueStatement)
kZero_addEquiv_of_kkEquivalent	 (hb : T.IsBilinear)
labelledSphere_of_planarDiscSeamData	 (hdata : PlanarDiscExposedPairingEulerData)
lake_orbit	 (hM : M.IsPlanar)
lakeFillOutside_of_target	 (htarget : CellPocketWalkProperArcsBelowSectionStatement.{u, w, v})
lakeFree_toCellPocketFaceSetOfNoncrossing	 (h : SideOutsideReachStatement.{u, w, v})
lakeFreeStep_of_cellStepBelow	 (h : CellPocketOuterPinchStepSectionDistinctBelowStatement.{u, w, v})
lakeFreeStep_of_enclosed	 (h : CellPocketFaceSetLakeFreeEnclosedStatement.{u, w, v})
lakeReadCore_of_lakeRead	 (h : PocketFourPieceLakeReadStatement.{u, w, v})
lakeReadCore_of_some	 (h : PocketFourPieceLakeReadSomeStatement.{u, w, v})
lakeReadFix_core	 (h : LakeReadFixStatement.{u, w, v})
lakeReadFix_innerPocketEnclosed	 (h : LakeReadFixStatement.{u, w, v})
lakeReadFix_innerPocketEnclosed_of_steps	 (hcurve : FourPieceWitness.WitnessCurveSublistStepStatement.{u, w, v}) (habsorb : FourPieceWitness.AbsorbFaceSetStatement.{u, w, v}) (hwalk : PinchCase.WalkDegenStepStatement.{u, w, v})
lakeReadFix_of_core_off	 (hcore : PocketFourPieceLakeReadCoreStatement.{u, w, v}) (hfour : PocketFourPieceOffStatement.{u, w, v})
lakeReadFix_of_core_steps	 (hcore : PocketFourPieceLakeReadCoreStatement.{u, w, v}) (hcurve : FourPieceWitness.WitnessCurveSublistStepStatement.{u, w, v}) (habsorb : FourPieceWitness.AbsorbFaceSetStatement.{u, w, v}) (hwalk : PinchCase.WalkDegenStepStatement.{u, w, v})
lakeReadFix_of_lakeRead	 (h : PocketFourPieceLakeReadStatement.{u, w, v})
lakeReadFix_pocketFourPieceOff	 (h : LakeReadFixStatement.{u, w, v})
lakeReadFix_pocketFourPieceOff_of_residuals	 (hstep : FourPieceWitness.WitnessStepResidualStatement.{u, w, v}) (hlobe : FourPieceWitness.AbsorbLobeStatement.{u, w, v}) (hcase : PinchCase.WalkDegenCaseStatement.{u, w, v})
lakeReadFix_pocketFourPieceOff_of_steps	 (hcurve : FourPieceWitness.WitnessCurveSublistStepStatement.{u, w, v}) (habsorb : FourPieceWitness.AbsorbFaceSetStatement.{u, w, v}) (hwalk : PinchCase.WalkDegenStepStatement.{u, w, v})
lakeReadFix_relativeGreendlinger_of_fix	 (hfix : LakeReadFixStatement.{u, w, v}) (hjunction : P10RoseExtremalTrim.RoseExtremalJunctionStatement.{u, w, v})
lakeReadFix_relativeGreendlinger_of_steps	 (hcurve : FourPieceWitness.WitnessCurveSublistStepStatement.{u, w, v}) (habsorb : FourPieceWitness.AbsorbFaceSetStatement.{u, w, v}) (hwalk : PinchCase.WalkDegenStepStatement.{u, w, v}) (hjunction : P10RoseExtremalTrim.RoseExtremalJunctionStatement.{u, w, v})
lakeReadSome_of_core	 (h : PocketFourPieceLakeReadCoreStatement.{u, w, v})
lakesSurgery_caseD_of_relatorExit	 (h : CaseDLakeRelatorExitStatement.{u, w, v}) (hlea : X.LeastArea) (hK : K.ClosedWalk)
lakesSurgery_of_cases	 (hout : CellRoseLakesOutsideCellStatement.{u, w, v}) (hexit : CaseDLakeRelatorExitStatement.{u, w, v}) (hgonly : CellRoseLakeGOnlyBelowStatement.{u, w, v})
lakesSurgery_of_target	 (h : CellRoseLakesUnfilteredBelowStatement.{u, w, v})
lakeStart_val	 (hM : M.IsPlanar)
lakeWalk_eq_append_drop	 (hM : M.IsPlanar)
lakeWalk_mem_iff	 (hM : M.IsPlanar)
lakeWalk_reverse_map_alpha_sublist	 (hM : M.IsPlanar)
lakeWalk_turn_mem	 (hM : M.IsPlanar)
lakeWalk_turn_next	 (hM : M.IsPlanar)
lampGenerators_finite	 (hT : T.Finite)
lamplighterBallModels	 (hTfin : T.Finite)
lampWindow_invariant	 (h : H)
lastColumnDisplay	 (h : R)
lastGroupHasNoTorsion_of_printedTorsionFreeTheorem	 (h : TorsionFreePrinted.PrintedTorsionFreeTheorem)
lastRowDisplay	 (h : R)
lastSection_total_gt	 (hO52 : O52LeastAreaStatement.{u, w, v}) (hlea : Delta.LeastArea)
le_finiteRadical	 (hN : N.Normal)
le_of_normal_of_inf_ne_bot	 (hN : N.Normal)
leaf_configuration_closed_of_greendlinger	 (hG : GGT.VanKampen.RelativeGreendlingerQuasiGeodesicLeastAreaStatement.{0, 0, 0})
leaf_fournierFacioParagraph_closed_of_greendlinger	 (hG : GGT.VanKampen.RelativeGreendlingerQuasiGeodesicLeastAreaStatement.{0, 0, 0})
leaf_fournierFacioQuotient_closed_of_greendlinger	 (hG : GGT.VanKampen.RelativeGreendlingerQuasiGeodesicLeastAreaStatement.{0, 0, 0})
leaf_hullCommonQuotient_closed_of_greendlinger	 (hG : GGT.VanKampen.RelativeGreendlingerQuasiGeodesicLeastAreaStatement.{0, 0, 0})
leaf_hullSmallCancellationTorsionFreePrinted_closed_of_greendlinger	 (hG : GGT.VanKampen.RelativeGreendlingerQuasiGeodesicLeastAreaStatement.{0, 0, 0})
leaf_literatureInputs_closed_of_greendlinger	 (hG : GGT.VanKampen.RelativeGreendlingerQuasiGeodesicLeastAreaStatement.{0, 0, 0})
leaf_printedHullProofParagraph_closed_of_greendlinger	 (hG : GGT.VanKampen.RelativeGreendlingerQuasiGeodesicLeastAreaStatement.{0, 0, 0})
leaf_printedHullTheorem_closed_of_greendlinger	 (hG : GGT.VanKampen.RelativeGreendlingerQuasiGeodesicLeastAreaStatement.{0, 0, 0})
leaf_printedHullTheoremLimitSet_closed_of_greendlinger	 (hG : GGT.VanKampen.RelativeGreendlingerQuasiGeodesicLeastAreaStatement.{0, 0, 0})
leaf_printedHullTheoremOsin_closed_of_greendlinger	 (hG : GGT.VanKampen.RelativeGreendlingerQuasiGeodesicLeastAreaStatement.{0, 0, 0})
leaf_printedRegularNonMFAlgebra_closed_of_greendlinger	 (hG : GGT.VanKampen.RelativeGreendlingerQuasiGeodesicLeastAreaStatement.{0, 0, 0})
leaf_printedRegularNonMFAlgebraLimitSet_closed_of_greendlinger	 (hG : GGT.VanKampen.RelativeGreendlingerQuasiGeodesicLeastAreaStatement.{0, 0, 0})
leaf_printedRegularNonMFAlgebraOsin_closed_of_greendlinger	 (hG : GGT.VanKampen.RelativeGreendlingerQuasiGeodesicLeastAreaStatement.{0, 0, 0})
leaf_printedSaturation_closed_of_greendlinger	 (hG : GGT.VanKampen.RelativeGreendlingerQuasiGeodesicLeastAreaStatement.{0, 0, 0})
leaf_printedSaturationApplyHull_closed_of_greendlinger	 (hG : GGT.VanKampen.RelativeGreendlingerQuasiGeodesicLeastAreaStatement.{0, 0, 0})
leaf_printedSaturationLimitSet_closed_of_greendlinger	 (hG : GGT.VanKampen.RelativeGreendlingerQuasiGeodesicLeastAreaStatement.{0, 0, 0})
leaf_printedSaturationOsin_closed_of_greendlinger	 (hG : GGT.VanKampen.RelativeGreendlingerQuasiGeodesicLeastAreaStatement.{0, 0, 0})
leaf_printedSaturationPairAndHullAgain_closed_of_greendlinger	 (hG : GGT.VanKampen.RelativeGreendlingerQuasiGeodesicLeastAreaStatement.{0, 0, 0})
leaf_printedTheoremApplySaturation_closed_of_greendlinger	 (hG : GGT.VanKampen.RelativeGreendlingerQuasiGeodesicLeastAreaStatement.{0, 0, 0})
leaf_printedTorsionFreeFullMFRadical_closed_of_greendlinger	 (hG : GGT.VanKampen.RelativeGreendlingerQuasiGeodesicLeastAreaStatement.{0, 0, 0})
leaf_printedTorsionFreeTheorem_closed_of_greendlinger	 (hG : GGT.VanKampen.RelativeGreendlingerQuasiGeodesicLeastAreaStatement.{0, 0, 0})
leaf_printedTorsionFreeTheoremLimitSet_closed_of_greendlinger	 (hG : GGT.VanKampen.RelativeGreendlingerQuasiGeodesicLeastAreaStatement.{0, 0, 0})
leaf_printedTorsionFreeTheoremOsin_closed_of_greendlinger	 (hG : GGT.VanKampen.RelativeGreendlingerQuasiGeodesicLeastAreaStatement.{0, 0, 0})
leastArea	 (hlea : Delta.LeastArea)
leastArea_listVal_word_ne_one	 (hlea : Delta.LeastArea)
leastArea_of_enclosedLeastAreaFilter	 (hfilter : EnclosedLeastAreaFilterStatement.{u, w, v}) (hlea : Delta.LeastArea)
leastArea_of_enclosedLeastAreaFilterSucc	 (hfilter : EnclosedLeastAreaFilterSuccStatement.{u, w, v}) (hlea : Delta.LeastArea)
leastArea_of_oEquivalent	 (h : Delta.LeastArea)
leastAreaCut	 (hlea : Delta.LeastArea)
leastAreaLeaf_of_openResidualsBelow	 (hopen :       GGT.VanKampen.GreendlingerLeaf.AsmWaist.GreendlingerOpenResidualsBelowStatement.{0, 0, 0})
leastMember_le	 (hS : S.Infinite)
leastMember_mem	 (hS : S.Infinite)
leavittBaseChangeConj_of_cohnConj	 (hC : CohnBaseChangeConjStatement)
leavittConj_iff_leavittK2	 (hF : FieldTwoStableK2Statement)
leavittConj_of_leavittK2	 (hL : BinaryLeavittStableK2TrivialStatement)
leavittK2_of_baseChange	 (hB : CohnBaseChangeK2Statement) (hF : FieldTwoStableK2Statement)
leavittK2_of_cohnRelativeK2Surjective	 (hG : CohnRelativeK2SurjectiveStatement)
leavittK2_of_conj	 (hC : CohnBaseChangeConjStatement) (hF : FieldTwoStableK2Statement)
leavittK2_of_leavittConj	 (hC : LeavittBaseChangeConjStatement) (hF : FieldTwoStableK2Statement)
leavittK2Used_of_binaryCohnStableK2Trivial	 (hS : BinaryCohnStableK2TrivialStatement)
leavittK2Used_of_binaryLeavittStableK2Trivial	 (hS : BinaryLeavittStableK2TrivialStatement)
leavittK2Used_of_binaryLeavittSteinbergInjective	 (h : GroupApproximation.Manuscript.SimpleKazhdanSofic.LeavittFP.BinaryLeavittSteinbergInjectiveStatement)
leavittK2Used_of_conj	 (hC : CohnBaseChangeConjStatement) (hF : FieldTwoStableK2Statement)
leavittK2Used_of_rankFour	 (h4 : LeavittK2UsedRankFourStatement)
leavittK2Used_of_unitsSuperperfect	 (hsp : EndpointInterfaces.BinaryLeavittUnitsSuperperfectStatement)
leavittK2UsedRankFour_of_binaryCohnStableK2Trivial	 (hS : BinaryCohnStableK2TrivialStatement)
leavittK2UsedRankFour_of_binaryLeavittStableK2Trivial	 (hS : BinaryLeavittStableK2TrivialStatement)
leavittK2UsedRankFour_of_conj	 (hC : CohnBaseChangeConjStatement) (hF : FieldTwoStableK2Statement)
leavittK2UsedRankFour_of_rankFourInjective	 (h : GroupApproximation.Manuscript.SimpleKazhdanSofic.LeavittFP.BinaryLeavittSteinbergRankFourInjectiveStatement)
leavittK2UsedRankFour_of_unitsSuperperfect	 (hsp : EndpointInterfaces.BinaryLeavittUnitsSuperperfectStatement)
lefLamplighterSolvableWordProblemStatement_of_pieces	 (hhost : LamplighterHostStatement) (hswp : Lamplighter.PrintedLamplighterHostSolvableWordProblem)
lefLamplighterStatement_of_host	 (hhost : LamplighterHostStatement)
leftLift_inv_mul_rightLift	 (h : Sync)
leftLift_mem_Q	 (h : Sync)
lemma_3_5	 (hSne : S.Nonempty) (h : H)
lemma49Certificate_of_relativeGreendlinger	 (hgeom : RelativeGreendlingerQuasiGeodesicStatement.{u, w, 0})
lemma49Certificate_of_relativeGreendlingerLeastArea	 (hgeom : RelativeGreendlingerQuasiGeodesicLeastAreaStatement.{u, w, 0})
lemma62ComponentPartition_of_decomposition	 (hdecomposition : Lemma62ComponentDecompositionStatement.{u, w, v})
lemma62Data_of_scaledDecomposition	 (hdecomp : Lemma62ScaledDecompositionStatement.{u, w, v}) (hred : Delta.Reduced)
lemma65_of_inputs	 (hcut : Lemma65CutStatement.{u, w, v}) (hin : Lemma65Inputs.{u, w, v})
lemma65aOrderedDichotomy_of_lemma65aDichotomy	 (h : Lemma65aDichotomyStatement.{u, w, v})
lemmaFourSixCaseOne_of_dynamics	 (hdyn : LemmaFourSixDynamicsStatement)
lemmaTwoFor_powers_two_lixChernOf	 (hC : Wu.CartanTotal)
lemmaTwoHolds_staged	 (hC : Wu.CartanTotal)
lemmaTwoInput_lix	 (hC : Wu.CartanTotal)
lemmaTwoInput_of	 (hC : Wu.CartanTotal)
length_filter_le_of_alpha_mem	 (hL : L.Nodup)
length_filter_le_of_bridgeFree	 (hlea : Delta.LeastArea)
length_filter_mem_le	 (hlea : Delta.LeastArea)
length_glueDiagram_outerBoundary	 (hwalk : P.outer.FollowsBoundary)
length_outerDarts_glueDiagram	 (hwalk : P.outer.FollowsBoundary)
level_le_add_dist	 (hconn : G.Connected)
lift_eq_one_of_mem_switchRelators	 (hDiamond : DiamondLemmaWordProblem)
liftedSubgroup_fg	 (hA : A.FG)
liftGL_mul_rowVec	 (h : EndpointInterfaces.BinaryLeavittStabKernelThreeTrivialStatement) (hrow : RowVecStabConjStatement)
liftGL_projection	 (h : EndpointInterfaces.BinaryLeavittStabKernelThreeTrivialStatement)
liftsRoots_sectionJ	 (h : EndpointInterfaces.BinaryLeavittStabKernelThreeTrivialStatement) (hrow : VertexLift.RowVecStabConjStatement)
liftsRoots_vertexSection	 (h : EndpointInterfaces.BinaryLeavittStabKernelThreeTrivialStatement)
limitKer_normal	 (htower : HullSC.HullTowerStatementGeneral.{0})
linearHostStatement_of_charP_charZero	 (hp : CharPLinearHostStatement) (hzero : CharZeroLinearHostStatement)
linearHostStatement_of_frontier	 (hS : Absorption.PolynomialSuslinStatement) (hdiag : ElemFP.PolyK2StabRangeDiagStatement) (hone : ElemFP.PolyK2OneVarNilStatement) (hfield : ElemFP.FieldK2VanishingStatement) (hfg : CharZeroHost.FGSubringCoordinatesStatement) (hK2 : ElemFPCharZero.CharZeroStableK2FGStatement)
linearHostStatement_of_frontierTwo	 (hS : Absorption.PolynomialSuslinStatement) (hdiag : ElemFP.PolyK2StabRangeDiagStatement) (hone : ElemFP.PolyK2OneVarNilStatement) (hfield : ElemFP.FieldK2VanishingStatement) (hK2 : ElemFPCharZero.CharZeroStableK2FGStatement)
linearResidual_le_bohrResidual_of_separates	 (hPW : SeparatesPoints.{u})
listVal_append_comp_cons	 (h : G)
listVal_eq_one_of_enclosedSucc	 (hsub : ClosedWalkEnclosedSubdiagramSuccStatement.{u, w, v})
listVal_ne_one_of_allCells	 (hlea : X.LeastArea)
literatureInputs_of_fourLeaves	 (hgreendlinger :       GGT.VanKampen.RelativeGreendlingerQuasiGeodesicLeastAreaStatement.{0, 0, 0}) (hbridge : HullSC.RelativeIsoperimetricBridgeQuasiGeodesicEmbeddedStatement.{0, 0, 0}) (hKO : TheoremC.KotowskiOllivierStatement)
literatureInputs_of_greendlinger	 (hgreendlinger :       GGT.VanKampen.RelativeGreendlingerQuasiGeodesicLeastAreaStatement.{0, 0, 0})
literatureInputs_of_leastAreaFixedCliqueHyp	 (hgreendlinger :       GGT.VanKampen.RelativeGreendlingerQuasiGeodesicLeastAreaStatement.{0, 0, 0}) (hbridge : HullSC.RelativeIsoperimetricBridgeQuasiGeodesicEmbeddedStatement.{0, 0, 0}) (hT6 : GroupApproximation.KMSGroup.CCKW.SystolicInvariantCliqueStatement)
literatureInputs_of_leastAreaKOLeaves	 (hgreendlinger :       GGT.VanKampen.RelativeGreendlingerQuasiGeodesicLeastAreaStatement.{0, 0, 0}) (hbridge : HullSC.RelativeIsoperimetricBridgeQuasiGeodesicEmbeddedStatement.{0, 0, 0}) (hT6 : GroupApproximation.KMSGroup.CCKW.SystolicInvariantCliqueStatement)
literatureInputs_of_leastAreaLeaves	 (hgreendlinger :       GGT.VanKampen.RelativeGreendlingerQuasiGeodesicLeastAreaStatement.{0, 0, 0}) (hbridge : HullSC.RelativeIsoperimetricBridgeQuasiGeodesicEmbeddedStatement.{0, 0, 0}) (hKO : TheoremC.KotowskiOllivierStatement)
lix_gamma_top_eq_zero	 (hC : CartanTotal)
lix_stepD	 (hC : CartanTotal)
lixLimit_hasK1InjWitness_of	 (h : LemmaTwoHolds)
lobe_separation	 (hM : M.IsPlanar)
lobeRm86_lobeAt_of_src	 (hK : K.ClosedWalk)
locallyFinite_family_of_orbitLowerBound_of_actsProperly	 (h : G)
locallyFinite_mapSurjective_of_letterPullback	 (hD : D.IsHyperbolicallyEmbedded)
locallyFinite_mapSurjective_of_pullbackBound	 (hD : D.IsHyperbolicallyEmbedded)
locallyFinite_of_orbitLowerBound_of_actsProperly	 (h : G)
locallyFinite_prefixKernelCone_of_oneStepCuts	 (hD : D.IsHyperbolicallyEmbedded)
locallyFinite_prefixQuotient_of_pullbackBound	 (hD : D.IsHyperbolicallyEmbedded)
locallyFinite_zpowersFamily_of_orbitLowerBound	 (h : G)
locallyResiduallyFinite_blockTelescope	 (h : G)
locAmenTrace_nuclearLocallyAmenableTrace_of_contractionSqrt	 (hsqrt : NuclearDensity.ContractionSqrtCommutatorStatement)
locAmenTrace_nuclearTraceApproxDensity_of_contractionSqrt	 (hsqrt : NuclearDensity.ContractionSqrtCommutatorStatement)
loop_safeRun	 (hM : M.IsPlanar)
lowerClosed_of_forall_dist_le	 (hconn : G.Connected)
lprod_single	 (hL : L.Nodup)
lt_length_blockWord	 (h : G)
lt_nextMember	 (hS : S.Infinite)
lt_of_oriented	 (hM : M.IsPlanar)
main	 (hmin : S.DartMinimal)
manuscriptAbstractTorsionFreeFullRadicalConstruction	 (hHull : NonMF.HullCorrectedInputs.HullInputsCorrected.{0})
manuscriptCentralHNN	 (hIn : HNNInputs)
manuscriptCentralHNN_of_citations	 (hShulman : ShulmanTheorem16Statement) (hUeda : UedaCornerMapStatement)
manuscriptComplementProjectionLift	 (hS : S.Nonempty)
manuscriptCornerCompression	 (hS : S.Nonempty)
manuscriptCornerCompressionCoordinates	 (hS : S.Nonempty)
manuscriptCoronaCornerRepresentation	 (hS : S.Nonempty)
manuscriptCoronaCornerRepresentationUnconditional	 (hS : S.Nonempty)
manuscriptElementaryGroupNotMFFromEJZ	 (hEJZ : FinitelyGeneratedRingGeneralRankElementaryPropertyT)
manuscriptFullComplementaryIdempotents	 (hfixed : FullDefectAtFixedRing) (hEJZ : FinitelyGeneratedRingGeneralRankElementaryPropertyT)
manuscriptFullComplementaryIdempotentsFromEJZ	 (hEJZ : FinitelyGeneratedRingGeneralRankElementaryPropertyT)
manuscriptFullComplementaryIdempotentsPrimeChar	 (hfixed : FullDefectAtFixedRing)
manuscriptFullComplementaryIdempotentsRankTwoFromEJZ	 (hEJZ : FinitelyGeneratedRingGeneralRankElementaryPropertyT)
manuscriptGap	 (hS : S.Nonempty)
manuscriptHNNPermanence	 (hIn : HNNInputs)
manuscriptHNNPermanence_isOperatorMF	 (hIn : HNNInputs)
manuscriptHNNPermanence_isOperatorMF_of_citations	 (hShulman : ShulmanTheorem16Statement) (hUeda : UedaCornerMapStatement)
manuscriptHNNPermanence_nonunital	 (hIn : HNNPermanence.HNNInputs)
manuscriptHNNPermanence_of_citations	 (hShulman : ShulmanTheorem16Statement) (hUeda : UedaCornerMapStatement)
manuscriptHNNPermanence_ofInjectiveHom	 (hIn : HNNInputs)
manuscriptHNNPermanenceHeadline	 (hIn : TensorSynchronization.HNNPermanenceInputs)
manuscriptHullTheoremLimitSet_of_greendlinger	 (hgreendlinger :       GGT.VanKampen.RelativeGreendlingerQuasiGeodesicLeastAreaStatement.{0, 0, 0})
manuscriptHullTheoremLimitSet_of_leastAreaLeaves	 (hgreendlinger :       GGT.VanKampen.RelativeGreendlingerQuasiGeodesicLeastAreaStatement.{0, 0, 0}) (hbridge : HullSC.RelativeIsoperimetricBridgeQuasiGeodesicEmbeddedStatement.{0, 0, 0})
manuscriptKazhdanProjection_one_sub_ne_zero	 (hS : S.Nonempty)
manuscriptLeavittAlgebraFullDefect	 (hfixed : FullDefectAtFixedRing) (hEJZ : FinitelyGeneratedRingGeneralRankElementaryPropertyT)
manuscriptLeavittAlgebraFullDefectFromEJZ	 (hEJZ : FinitelyGeneratedRingGeneralRankElementaryPropertyT)
manuscriptLeavittAlgebraFullDefectPrimeChar	 (hfixed : FullDefectAtFixedRing)
manuscriptLeavittAlgebraFullDefectRankTwoFromEJZ	 (hEJZ : FinitelyGeneratedRingGeneralRankElementaryPropertyT)
manuscriptLeavittMFQuotientTwoFromEJZ	 (hEJZ : FinitelyGeneratedRingGeneralRankElementaryPropertyT)
manuscriptMikhailova	 (h : EffectiveHigmanCompiler)
manuscriptMikhailova_ofCompiler	 (h : EffectiveHigmanCompiler)
manuscriptMikhailovaUniform	 (h : EffectiveHigmanCompiler)
manuscriptMikhailovaUniform_ofCompiler	 (h : EffectiveHigmanCompiler)
manuscriptNormalKazhdanCommutation	 (hS : S.Nonempty)
manuscriptNormalKazhdanCommutationComplement	 (hS : S.Nonempty)
manuscriptNormalKazhdanCommutationInBOmega	 (hS : S.Nonempty)
manuscriptNormalKazhdanComplementNeZero	 (hS : S.Nonempty)
manuscriptNormalKazhdanConjugation	 (hS : S.Nonempty)
manuscriptNormalKazhdanConjugationInBOmega	 (hS : S.Nonempty)
manuscriptNormalKazhdanFixedSpace	 (hS : S.Nonempty)
manuscriptNormalKazhdanProjectionInBOmega	 (hS : S.Nonempty)
manuscriptNormalKazhdanSpectralGap	 (hS : S.Nonempty)
manuscriptOneSidedRingMaximalIsometry	 (hstrict : OneSidedCompressorStrictContainment) (hEJZ : FinitelyGeneratedRingGeneralRankElementaryPropertyT)
manuscriptOneSidedRingMaximalIsometryFromEJZ	 (hEJZ : FinitelyGeneratedRingGeneralRankElementaryPropertyT)
manuscriptOneSidedRingMaximalIsometryPrimeChar	 (hstrict : OneSidedCompressorStrictContainment)
manuscriptOneSidedRingMaximalIsometryRankTwoFromEJZ	 (hEJZ : FinitelyGeneratedRingGeneralRankElementaryPropertyT)
manuscriptOneSidedRingMaximalRankTwoFromEJZ	 (hEJZ : FinitelyGeneratedRingGeneralRankElementaryPropertyT)
manuscriptOneSidedRingMaximalReducedCStar	 (hfixed : FullDefectAtFixedRing) (hEJZ : FinitelyGeneratedRingGeneralRankElementaryPropertyT)
manuscriptOneSidedRingMaximalReducedCStarFromEJZ	 (hEJZ : FinitelyGeneratedRingGeneralRankElementaryPropertyT)
manuscriptOneSidedRingMaximalReducedCStarPrimeChar	 (hfixed : FullDefectAtFixedRing)
manuscriptOneSidedRingMaximalReducedCStarRankTwoFromEJZ	 (hEJZ : FinitelyGeneratedRingGeneralRankElementaryPropertyT)
manuscriptPositiveBranch	 (hIn : TensorSynchronization.HNNPermanenceInputs)
manuscriptPrintedFullDefectRingProgramme	 (hfixed : FullDefectAtFixedRing) (hEJZ : FinitelyGeneratedRingGeneralRankElementaryPropertyT)
manuscriptPrintedFullDefectRingProgrammeFromEJZ	 (hEJZ : FinitelyGeneratedRingGeneralRankElementaryPropertyT)
manuscriptPrintedFullDefectRingProgrammePrimeChar	 (hfixed : FullDefectAtFixedRing)
manuscriptRecognition	 (h : RecognitionAnalyticInputs)
manuscriptRecognition_of	 (hShulman : HNNPermanence.ShulmanTheorem16Statement) (hUeda : HNNPermanence.UedaCornerMapStatement)
manuscriptRegularNonMFAlgebra	 (hFFF : FournierFacioParagraph) (hHull : HullPrintedInputs.{0}) (hDGO : DGOTheorem235Printed) (hGO : GerasimovaOsinTheorem11Printed)
manuscriptRegularNonMFAlgebra_closedCitations	 (hFFF : FournierFacioParagraph) (hHull : HullPrintedInputs.{0})
manuscriptRegularNonMFAlgebra_of_citations	 (hW : FinitelyPresentedInfiniteSimpleStatement) (hHull : HullPrintedInputs.{0}) (hDGO : DGOTheorem235Printed) (hGO : GerasimovaOsinTheorem11Printed)
manuscriptRegularNonMFAlgebra_of_citations_of_smallCancellation	 (hW : FinitelyPresentedInfiniteSimpleStatement) (h : HullSmallCancellationPrinted.{0}) (hDGO : DGOTheorem235Printed) (hGO : GerasimovaOsinTheorem11Printed)
manuscriptRegularNonMFAlgebra_of_citations_of_smallCancellation_closedCitations	 (hW : FinitelyPresentedInfiniteSimpleStatement) (h : HullSmallCancellationPrinted.{0})
manuscriptRegularNonMFAlgebra_of_greendlinger	 (hgreendlinger :       GGT.VanKampen.RelativeGreendlingerQuasiGeodesicLeastAreaStatement.{0, 0, 0})
manuscriptRegularNonMFAlgebra_of_hullFixedCliqueHyp	 (hgreendlinger :       GGT.VanKampen.RelativeGreendlingerQuasiGeodesicLeastAreaStatement.{0, 0, 0}) (hbridge : HullSC.RelativeIsoperimetricBridgeQuasiGeodesicEmbeddedStatement.{0, 0, 0}) (hT6 : GroupApproximation.KMSGroup.CCKW.SystolicInvariantCliqueStatement) (hW : FinitelyPresentedInfiniteSimpleStatement) (hDGO : SimpleUniqueTraceAtHypEmbedded) (hGO : GerasimovaOsinTheorem11Printed)
manuscriptRegularNonMFAlgebra_of_hullKOLeaves	 (hgreendlinger :       GGT.VanKampen.RelativeGreendlingerQuasiGeodesicLeastAreaStatement.{0, 0, 0}) (hbridge : HullSC.RelativeIsoperimetricBridgeQuasiGeodesicEmbeddedStatement.{0, 0, 0}) (hT6 : GroupApproximation.KMSGroup.CCKW.SystolicInvariantCliqueStatement) (hW : FinitelyPresentedInfiniteSimpleStatement) (hDGO : SimpleUniqueTraceAtHypEmbedded) (hGO : GerasimovaOsinTheorem11Printed)
manuscriptRegularNonMFAlgebra_of_hullLeaves	 (hgreendlinger :       GGT.VanKampen.RelativeGreendlingerQuasiGeodesicLeastAreaStatement.{0, 0, 0}) (hbridge : HullSC.RelativeIsoperimetricBridgeQuasiGeodesicEmbeddedStatement.{0, 0, 0}) (hKO : TheoremC.KotowskiOllivierStatement) (hW : FinitelyPresentedInfiniteSimpleStatement) (hDGO : SimpleUniqueTraceAtHypEmbedded) (hGO : GerasimovaOsinTheorem11Printed)
manuscriptRegularNonMFAlgebra_of_hullLeaves_closedGO	 (hgreendlinger :       GGT.VanKampen.RelativeGreendlingerQuasiGeodesicLeastAreaStatement.{0, 0, 0}) (hbridge : HullSC.RelativeIsoperimetricBridgeQuasiGeodesicEmbeddedStatement.{0, 0, 0}) (hKO : TheoremC.KotowskiOllivierStatement) (hW : FinitelyPresentedInfiniteSimpleStatement)
manuscriptRegularNonMFAlgebra_of_leastAreaLeaves	 (hFFF : FournierFacioParagraph) (hgreendlinger :       GGT.VanKampen.RelativeGreendlingerQuasiGeodesicLeastAreaStatement.{0, 0, 0}) (hbridge : HullSC.RelativeIsoperimetricBridgeQuasiGeodesicEmbeddedStatement.{0, 0, 0}) (hDGO : SimpleUniqueTraceAtHypEmbedded) (hGO : GerasimovaOsinTheorem11Printed)
manuscriptRegularNonMFAlgebra_of_leastAreaLeaves_closedCitations	 (hFFF : FournierFacioParagraph) (hgreendlinger :       GGT.VanKampen.RelativeGreendlingerQuasiGeodesicLeastAreaStatement.{0, 0, 0}) (hbridge : HullSC.RelativeIsoperimetricBridgeQuasiGeodesicEmbeddedStatement.{0, 0, 0})
manuscriptRegularNonMFAlgebra_of_leaves	 (hFFF : FournierFacioParagraph) (hgreendlinger :       GGT.VanKampen.RelativeGreendlingerQuasiGeodesicStatement.{0, 0, 0}) (hbridge : HullSC.RelativeIsoperimetricBridgeQuasiGeodesicStatement.{0, 0, 0}) (hDGO : SimpleUniqueTraceAtHypEmbedded) (hGO : GerasimovaOsinTheorem11Printed)
manuscriptRegularNonMFAlgebra_of_leaves_closedCitations	 (hFFF : FournierFacioParagraph) (hgreendlinger :       GGT.VanKampen.RelativeGreendlingerQuasiGeodesicStatement.{0, 0, 0}) (hbridge : HullSC.RelativeIsoperimetricBridgeQuasiGeodesicStatement.{0, 0, 0})
manuscriptRegularNonMFAlgebra_of_saturationNoOmega	 (hFFF : FournierFacioParagraph) (hsat : PrintedSaturationNoOmega.{0}) (hDGO : SimpleUniqueTraceAtHypEmbedded) (hGO : GerasimovaOsinTheorem11Printed)
manuscriptRegularNonMFAlgebra_of_saturationNoOmega_closedCitations	 (hFFF : FournierFacioParagraph) (hsat : PrintedSaturationNoOmega.{0})
manuscriptRegularNonMFAlgebraLimitSet_of_greendlinger	 (hgreendlinger :       GGT.VanKampen.RelativeGreendlingerQuasiGeodesicLeastAreaStatement.{0, 0, 0})
manuscriptRegularNonMFAlgebraLimitSet_of_hullLeaves	 (hgreendlinger :       GGT.VanKampen.RelativeGreendlingerQuasiGeodesicLeastAreaStatement.{0, 0, 0}) (hbridge : HullSC.RelativeIsoperimetricBridgeQuasiGeodesicEmbeddedStatement.{0, 0, 0}) (hKO : TheoremC.KotowskiOllivierStatement) (hW : FinitelyPresentedInfiniteSimpleStatement) (hDGO : SimpleUniqueTraceAtHypEmbedded) (hGO : GerasimovaOsinTheorem11Printed)
manuscriptRegularNonMFAlgebraLimitSet_of_hullLeaves_closedGO	 (hgreendlinger :       GGT.VanKampen.RelativeGreendlingerQuasiGeodesicLeastAreaStatement.{0, 0, 0}) (hbridge : HullSC.RelativeIsoperimetricBridgeQuasiGeodesicEmbeddedStatement.{0, 0, 0}) (hKO : TheoremC.KotowskiOllivierStatement) (hW : FinitelyPresentedInfiniteSimpleStatement)
manuscriptRegularNonMFAlgebraOsin_of_greendlinger	 (hgreendlinger :       GGT.VanKampen.RelativeGreendlingerQuasiGeodesicLeastAreaStatement.{0, 0, 0})
manuscriptRegularNonMFAlgebraOsin_of_hullFixedCliqueHyp	 (hgreendlinger :       GGT.VanKampen.RelativeGreendlingerQuasiGeodesicLeastAreaStatement.{0, 0, 0}) (hbridge : HullSC.RelativeIsoperimetricBridgeQuasiGeodesicEmbeddedStatement.{0, 0, 0}) (hT6 : GroupApproximation.KMSGroup.CCKW.SystolicInvariantCliqueStatement) (hW : FinitelyPresentedInfiniteSimpleStatement) (hDGO : SimpleUniqueTraceAtHypEmbedded) (hGO : GerasimovaOsinTheorem11Printed)
manuscriptRegularNonMFAlgebraOsin_of_hullKOLeaves	 (hgreendlinger :       GGT.VanKampen.RelativeGreendlingerQuasiGeodesicLeastAreaStatement.{0, 0, 0}) (hbridge : HullSC.RelativeIsoperimetricBridgeQuasiGeodesicEmbeddedStatement.{0, 0, 0}) (hT6 : GroupApproximation.KMSGroup.CCKW.SystolicInvariantCliqueStatement) (hW : FinitelyPresentedInfiniteSimpleStatement) (hDGO : SimpleUniqueTraceAtHypEmbedded) (hGO : GerasimovaOsinTheorem11Printed)
manuscriptRegularNonMFAlgebraOsin_of_hullLeaves	 (hgreendlinger :       GGT.VanKampen.RelativeGreendlingerQuasiGeodesicLeastAreaStatement.{0, 0, 0}) (hbridge : HullSC.RelativeIsoperimetricBridgeQuasiGeodesicEmbeddedStatement.{0, 0, 0}) (hKO : TheoremC.KotowskiOllivierStatement) (hW : FinitelyPresentedInfiniteSimpleStatement) (hDGO : SimpleUniqueTraceAtHypEmbedded) (hGO : GerasimovaOsinTheorem11Printed)
manuscriptRegularNonMFAlgebraOsin_of_hullLeaves_closedGO	 (hgreendlinger :       GGT.VanKampen.RelativeGreendlingerQuasiGeodesicLeastAreaStatement.{0, 0, 0}) (hbridge : HullSC.RelativeIsoperimetricBridgeQuasiGeodesicEmbeddedStatement.{0, 0, 0}) (hKO : TheoremC.KotowskiOllivierStatement) (hW : FinitelyPresentedInfiniteSimpleStatement)
manuscriptRegularNonMFAlgebraOsin_of_leastAreaLeaves	 (hFFF : FournierFacioParagraph) (hgreendlinger :       GGT.VanKampen.RelativeGreendlingerQuasiGeodesicLeastAreaStatement.{0, 0, 0}) (hbridge : HullSC.RelativeIsoperimetricBridgeQuasiGeodesicEmbeddedStatement.{0, 0, 0}) (hDGO : SimpleUniqueTraceAtHypEmbedded) (hGO : GerasimovaOsinTheorem11Printed)
manuscriptRegularNonMFAlgebraOsin_of_leastAreaLeaves_closedCitations	 (hFFF : FournierFacioParagraph) (hgreendlinger :       GGT.VanKampen.RelativeGreendlingerQuasiGeodesicLeastAreaStatement.{0, 0, 0}) (hbridge : HullSC.RelativeIsoperimetricBridgeQuasiGeodesicEmbeddedStatement.{0, 0, 0})
manuscriptRelativeQuotient	 (hFFF : FournierFacioParagraph) (hHull : HullPrintedInputs.{0}) (hCQ : HullCommonQuotientPrinted)
manuscriptRelativeQuotient_of_citations	 (hW : FinitelyPresentedInfiniteSimpleStatement) (hHull : HullPrintedInputs.{0}) (hOne : HullSC.HullOneStepStatement.{0})
manuscriptRelativeQuotient_of_citations_of_smallCancellation	 (hW : FinitelyPresentedInfiniteSimpleStatement) (h : HullSmallCancellationPrinted.{0}) (hOne : HullSC.HullOneStepStatement.{0})
manuscriptRelativeQuotient_of_oneStep	 (hFFF : FournierFacioParagraph) (hHull : HullPrintedInputs.{0}) (hOne : HullOneStepStatement.{0})
manuscriptSaturation	 (hHull : HullPrintedInputs.{u})
manuscriptSaturation_of_corrected	 (hHull : HullCorrectedInputs.HullInputsCorrected.{u})
manuscriptSaturation_of_oneStep	 (hOne : HullSC.HullOneStepStatement.{0})
manuscriptSaturation_of_smallCancellation	 (h : HullSmallCancellationPrinted.{u})
manuscriptSaturationLimitSet_of_greendlinger	 (hgreendlinger :       GGT.VanKampen.RelativeGreendlingerQuasiGeodesicLeastAreaStatement.{0, 0, 0})
manuscriptSaturationLimitSet_of_leastAreaLeaves	 (hgreendlinger :       GGT.VanKampen.RelativeGreendlingerQuasiGeodesicLeastAreaStatement.{0, 0, 0}) (hbridge : HullSC.RelativeIsoperimetricBridgeQuasiGeodesicEmbeddedStatement.{0, 0, 0})
manuscriptSaturationNoOmega_of_torsionFreePrinted	 (hHull : HullSmallCancellationTorsionFreePrinted.{u})
manuscriptSaturationOsin_of_greendlinger	 (hgreendlinger :       GGT.VanKampen.RelativeGreendlingerQuasiGeodesicLeastAreaStatement.{0, 0, 0})
manuscriptSaturationOsin_of_leastAreaLeaves	 (hgreendlinger :       GGT.VanKampen.RelativeGreendlingerQuasiGeodesicLeastAreaStatement.{0, 0, 0}) (hbridge : HullSC.RelativeIsoperimetricBridgeQuasiGeodesicEmbeddedStatement.{0, 0, 0})
manuscriptSentence_abstractSecondSentence_of_greendlinger	 (hgreendlinger :       GGT.VanKampen.RelativeGreendlingerQuasiGeodesicLeastAreaStatement.{0, 0, 0})
manuscriptSentence_abstractSecondSentence_of_printedTorsionFreeTheorem	 (hthm : TorsionFreePrinted.PrintedTorsionFreeTheorem)
manuscriptSentence_abstractTorsionFreeGroup_of_greendlinger	 (hgreendlinger :       GGT.VanKampen.RelativeGreendlingerQuasiGeodesicLeastAreaStatement.{0, 0, 0})
manuscriptSentence_abstractTorsionFreeGroup_of_printedTorsionFreeTheorem	 (hthm : TorsionFreePrinted.PrintedTorsionFreeTheorem)
manuscriptSentence_algebraSimpleUniqueTraceStableRank	 (hDGO : DGOTheorem235Printed) (hGO : GerasimovaOsinTheorem11Printed)
manuscriptSentence_blackadarKirchbergAnswer_commutativeOrAF_of_subclassTraces	 (hcomm : CommutativeQuasidiagonalTraceStatement) (haf : AFQuasidiagonalTraceStatement)
manuscriptSentence_booneHigman_thompson_iff	 (hS : HostRecursivePresentationStatement)
manuscriptSentence_booneHigman_thompson_iff_of_printedLamplighterHostSolvableWordProblem	 (hP : PrintedLamplighterHostSolvableWordProblem)
manuscriptSentence_coeffOneAgreeEverywhere	 (hT : T.Finite)
manuscriptSentence_commutative_stablyFinite_uct_quasidiagonal_of_subclassTraces	 (hcomm : CommutativeQuasidiagonalTraceStatement) (hc : S.IsCommutative)
manuscriptSentence_commutatorInKMinusOne	 (hT : T.Finite) (hK : K.Normal)
manuscriptSentence_configuration_of_greendlinger	 (hgreendlinger :       GGT.VanKampen.RelativeGreendlingerQuasiGeodesicLeastAreaStatement.{0, 0, 0})
manuscriptSentence_containsCopyElementaryMatrixEveryElementary	 (hK : K.Normal) (hVne : V.Nonempty)
manuscriptSentence_copyInsideNormalSubgroup	 (hne : V.Nonempty)
manuscriptSentence_cornerUnitInCopy	 (hne : V.Nonempty)
manuscriptSentence_existsNonCommutingSmallRoot	 (hT : T.Finite)
manuscriptSentence_finiteCoverGivesOne	 (hne : V.Nonempty)
manuscriptSentence_finitelyPresentedCase_of_binaryLeavittElementaryFinitelyPresented	 (hfp : BinaryLeavittElementaryFinitelyPresentedStatement)
manuscriptSentence_finitelyPresentedCase_of_binaryLeavittSteinbergInjective	 (h : BinaryLeavittSteinbergInjectiveStatement)
manuscriptSentence_finitelyPresentedCase_of_binaryLeavittUnitsSuperperfect	 (h04 : EndpointInterfaces.StabKernelThreeTrivialOfSuperperfectStatement) (h14 : EndpointInterfaces.RankFourInjectiveOfStabKernelThreeTrivialStatement) (hsp : EndpointInterfaces.BinaryLeavittUnitsSuperperfectStatement)
manuscriptSentence_finitelyPresentedCase_of_leavittK2Used	 (hU : LeavittK2UsedStatement) (hT : BinaryLeavittK2FiveStabilityStatement)
manuscriptSentence_finitelyPresentedCase_of_paddedCentral_of_superperfect	 (hc : BinaryLeavittPaddedCentralThreeStatement) (h14 : EndpointInterfaces.RankFourInjectiveOfStabKernelThreeTrivialStatement) (hsp : EndpointInterfaces.BinaryLeavittUnitsSuperperfectStatement)
manuscriptSentence_finitelyPresentedCase_of_rankFour	 (h : BinaryLeavittSteinbergRankFourInjectiveStatement)
manuscriptSentence_finitelyPresentedCase_of_rankFourK2FinitelyNormallyGenerated	 (h : BinaryLeavittSteinbergRankFourK2FinitelyNormallyGeneratedStatement)
manuscriptSentence_finitelyPresentedCase_of_unitsSuperperfect	 (hsp : EndpointInterfaces.BinaryLeavittUnitsSuperperfectStatement)
manuscriptSentence_fixedElementStaysPositiveDistance	 (hS : S.Nonempty)
manuscriptSentence_flipConjugateConverse_of_involutionDisjointnessTransport	 (hc : InvolutionSplitCoverStatement) (h : InvolutionDisjointnessTransportStatement)
manuscriptSentence_flipConjugateConverse_of_involutionDisjointnessTransport'	 (h : InvolutionDisjointnessTransportStatement)
manuscriptSentence_flipConjugateConverse_of_rigidPolarBasisOpenTransport	 (h : RigidPolarBasisOpenTransportStatement)
manuscriptSentence_flipConjugateConverse_of_rigidPolarOpenTransport	 (h : RigidPolarOpenTransportStatement)
manuscriptSentence_flipConjugateConverse_of_rigidPolarRecognition	 (h : RigidPolarRecognitionStatement)
manuscriptSentence_flipConjugateConverse_of_rigidStabilizerSplit	 (hsplit : RigidStabilizerSplitStatement)
manuscriptSentence_flipConjugateConverse_of_rigidStabilizerTransport	 (hrs : RigidStabilizerTransportStatement)
manuscriptSentence_flipConjugateConverse_of_rubinBasisGeneratorSeparation	 (h : RubinBasisGeneratorSeparationStatement)
manuscriptSentence_flipConjugateConverse_of_rubinInvolutionBasisSeparation	 (h : RubinInvolutionBasisSeparationStatement)
manuscriptSentence_flipConjugateConverse_of_spatialRealization	 (hsr : SpatialRealizationStatement)
manuscriptSentence_flipConjugateConverse_of_supportDisjointnessTransport	 (hd : SupportDisjointnessTransportStatement)
manuscriptSentence_fournierFacioParagraph_of_greendlinger	 (hgreendlinger :       GGT.VanKampen.RelativeGreendlingerQuasiGeodesicLeastAreaStatement.{0, 0, 0})
manuscriptSentence_fournierFacioParagraph_of_residuals	 (hoff : GGT.VanKampen.GreendlingerLeaf.P07InnerPocket.PocketFourPieceOffStatement.{0, 0, 0}) (hjunction :       GGT.VanKampen.GreendlingerLeaf.P10RoseExtremalTrim.RoseExtremalJunctionStatement.{0, 0, 0})
manuscriptSentence_fournierFacioParagraphForm_of_openResidualsBelow	 (hopen :       GGT.VanKampen.GreendlingerLeaf.AsmWaist.GreendlingerOpenResidualsBelowStatement.{0, 0, 0})
manuscriptSentence_fournierFacioQuotient_of_greendlinger	 (hgreendlinger :       GGT.VanKampen.RelativeGreendlingerQuasiGeodesicLeastAreaStatement.{0, 0, 0})
manuscriptSentence_fournierFacioQuotient_of_residuals	 (hoff : GGT.VanKampen.GreendlingerLeaf.P07InnerPocket.PocketFourPieceOffStatement.{0, 0, 0}) (hjunction :       GGT.VanKampen.GreendlingerLeaf.P10RoseExtremalTrim.RoseExtremalJunctionStatement.{0, 0, 0})
manuscriptSentence_fournierFacioQuotientStatementForm_of_openResidualsBelow	 (hopen :       GGT.VanKampen.GreendlingerLeaf.AsmWaist.GreendlingerOpenResidualsBelowStatement.{0, 0, 0})
manuscriptSentence_fpSimpleKazhdanExist_of_rankFourK2FNG	 (h : GroupApproximation.Manuscript.SimpleKazhdanSofic.LeavittFP.BinaryLeavittSteinbergRankFourK2FinitelyNormallyGeneratedStatement)
manuscriptSentence_hullCommonQuotient_closed_of_greendlinger	 (hG : GGT.VanKampen.RelativeGreendlingerQuasiGeodesicLeastAreaStatement.{0, 0, 0})
manuscriptSentence_hullCommonQuotient_of_greendlinger	 (hgreendlinger :       GGT.VanKampen.RelativeGreendlingerQuasiGeodesicLeastAreaStatement.{0, 0, 0})
manuscriptSentence_hullCommonQuotient_of_leastAreaLeaves	 (hgreendlinger :       GGT.VanKampen.RelativeGreendlingerQuasiGeodesicLeastAreaStatement.{0, 0, 0}) (hbridge : HullSC.RelativeIsoperimetricBridgeQuasiGeodesicEmbeddedStatement.{0, 0, 0})
manuscriptSentence_hullCommonQuotient_of_openResidualsBelow	 (hopen :       GGT.VanKampen.GreendlingerLeaf.AsmWaist.GreendlingerOpenResidualsBelowStatement.{0, 0, 0})
manuscriptSentence_hullCommonQuotient_of_residuals	 (hoff : GGT.VanKampen.GreendlingerLeaf.P07InnerPocket.PocketFourPieceOffStatement.{0, 0, 0}) (hjunction :       GGT.VanKampen.GreendlingerLeaf.P10RoseExtremalTrim.RoseExtremalJunctionStatement.{0, 0, 0})
manuscriptSentence_hullCommonQuotientForm_of_openResidualsBelow	 (hopen :       GGT.VanKampen.GreendlingerLeaf.AsmWaist.GreendlingerOpenResidualsBelowStatement.{0, 0, 0})
manuscriptSentence_hullCorollary73_of_openResidualsBelow	 (hopen :       GGT.VanKampen.GreendlingerLeaf.AsmWaist.GreendlingerOpenResidualsBelowStatement.{0, 0, 0})
manuscriptSentence_hullCorollary74_of_openResidualsBelow	 (hopen :       GGT.VanKampen.GreendlingerLeaf.AsmWaist.GreendlingerOpenResidualsBelowStatement.{0, 0, 0})
manuscriptSentence_hullInductionOnTargets_of_leaves	 (hgreendlinger :       GGT.VanKampen.RelativeGreendlingerQuasiGeodesicStatement.{0, 0, 0}) (hbridge : HullSC.RelativeIsoperimetricBridgeQuasiGeodesicStatement.{0, 0, 0})
manuscriptSentence_hullInductionOnTargetsGeneral_closed_of_greendlinger	 (hG : GGT.VanKampen.RelativeGreendlingerQuasiGeodesicLeastAreaStatement.{0, 0, 0})
manuscriptSentence_hullInductionOnTargetsGeneral_of_greendlinger	 (hgreendlinger :       GGT.VanKampen.RelativeGreendlingerQuasiGeodesicLeastAreaStatement.{0, 0, 0})
manuscriptSentence_hullInductionOnTargetsGeneral_of_leastAreaLeaves	 (hgreendlinger :       GGT.VanKampen.RelativeGreendlingerQuasiGeodesicLeastAreaStatement.{0, 0, 0}) (hbridge : HullSC.RelativeIsoperimetricBridgeQuasiGeodesicEmbeddedStatement.{0, 0, 0})
manuscriptSentence_hullInductionOnTargetsGeneral_of_oneStep	 (hOne : HullSC.HullOneStepStatementGeneral.{0})
manuscriptSentence_hullInductionOnTargetsGeneral_of_openResidualsBelow	 (hopen :       GGT.VanKampen.GreendlingerLeaf.AsmWaist.GreendlingerOpenResidualsBelowStatement.{0, 0, 0})
manuscriptSentence_hullOneTargetOneRelator_of_leaves	 (hgreendlinger :       GGT.VanKampen.RelativeGreendlingerQuasiGeodesicStatement.{0, 0, 0}) (hbridge : HullSC.RelativeIsoperimetricBridgeQuasiGeodesicStatement.{0, 0, 0})
manuscriptSentence_hullOneTargetOneRelatorGeneral_closed_of_greendlinger	 (hG : GGT.VanKampen.RelativeGreendlingerQuasiGeodesicLeastAreaStatement.{0, 0, 0})
manuscriptSentence_hullOneTargetOneRelatorGeneral_of_greendlinger	 (hgreendlinger :       GGT.VanKampen.RelativeGreendlingerQuasiGeodesicLeastAreaStatement.{0, 0, 0})
manuscriptSentence_hullOneTargetOneRelatorGeneral_of_leastAreaLeaves	 (hgreendlinger :       GGT.VanKampen.RelativeGreendlingerQuasiGeodesicLeastAreaStatement.{0, 0, 0}) (hbridge : HullSC.RelativeIsoperimetricBridgeQuasiGeodesicEmbeddedStatement.{0, 0, 0})
manuscriptSentence_hullOneTargetOneRelatorGeneral_of_oneStep	 (hOne : HullSC.HullOneStepStatementGeneral.{0})
manuscriptSentence_hullOneTargetOneRelatorGeneral_of_openResidualsBelow	 (hopen :       GGT.VanKampen.GreendlingerLeaf.AsmWaist.GreendlingerOpenResidualsBelowStatement.{0, 0, 0})
manuscriptSentence_hullProofParagraph_of_greendlinger	 (hgreendlinger :       GGT.VanKampen.RelativeGreendlingerQuasiGeodesicLeastAreaStatement.{0, 0, 0})
manuscriptSentence_hullProofParagraph_of_openResidualsBelow	 (hopen :       GGT.VanKampen.GreendlingerLeaf.AsmWaist.GreendlingerOpenResidualsBelowStatement.{0, 0, 0})
manuscriptSentence_hullSmallCancellationTorsionFree_of_openResidualsBelow	 (hopen :       GGT.VanKampen.GreendlingerLeaf.AsmWaist.GreendlingerOpenResidualsBelowStatement.{0, 0, 0})
manuscriptSentence_hullSmallCancellationTorsionFreePrintedForm_of_openResidualsBelow	 (hopen :       GGT.VanKampen.GreendlingerLeaf.AsmWaist.GreendlingerOpenResidualsBelowStatement.{0, 0, 0})
manuscriptSentence_hullTheorem_limitSet_of_greendlinger	 (hgreendlinger :       GGT.VanKampen.RelativeGreendlingerQuasiGeodesicLeastAreaStatement.{0, 0, 0})
manuscriptSentence_hullTheorem_of_greendlinger	 (hgreendlinger :       GGT.VanKampen.RelativeGreendlingerQuasiGeodesicLeastAreaStatement.{0, 0, 0})
manuscriptSentence_hullTheorem_of_leastAreaLeaves	 (hgreendlinger :       GGT.VanKampen.RelativeGreendlingerQuasiGeodesicLeastAreaStatement.{0, 0, 0}) (hbridge : HullSC.RelativeIsoperimetricBridgeQuasiGeodesicEmbeddedStatement.{0, 0, 0})
manuscriptSentence_hullTheorem_of_openResidualsBelow	 (hopen :       GGT.VanKampen.GreendlingerLeaf.AsmWaist.GreendlingerOpenResidualsBelowStatement.{0, 0, 0})
manuscriptSentence_hullTheorem_osin_of_greendlinger	 (hgreendlinger :       GGT.VanKampen.RelativeGreendlingerQuasiGeodesicLeastAreaStatement.{0, 0, 0})
manuscriptSentence_hullTheoremForm_of_openResidualsBelow	 (hopen :       GGT.VanKampen.GreendlingerLeaf.AsmWaist.GreendlingerOpenResidualsBelowStatement.{0, 0, 0})
manuscriptSentence_hullTheoremLimitSet_of_openResidualsBelow	 (hopen :       GGT.VanKampen.GreendlingerLeaf.AsmWaist.GreendlingerOpenResidualsBelowStatement.{0, 0, 0})
manuscriptSentence_hullTheoremLimitSetForm_of_openResidualsBelow	 (hopen :       GGT.VanKampen.GreendlingerLeaf.AsmWaist.GreendlingerOpenResidualsBelowStatement.{0, 0, 0})
manuscriptSentence_hullTheoremOsin_of_greendlinger	 (hgreendlinger :       GGT.VanKampen.RelativeGreendlingerQuasiGeodesicLeastAreaStatement.{0, 0, 0})
manuscriptSentence_hullTheoremOsin_of_leastAreaLeaves	 (hgreendlinger :       GGT.VanKampen.RelativeGreendlingerQuasiGeodesicLeastAreaStatement.{0, 0, 0}) (hbridge : HullSC.RelativeIsoperimetricBridgeQuasiGeodesicEmbeddedStatement.{0, 0, 0})
manuscriptSentence_hullTheoremOsin_of_openResidualsBelow	 (hopen :       GGT.VanKampen.GreendlingerLeaf.AsmWaist.GreendlingerOpenResidualsBelowStatement.{0, 0, 0})
manuscriptSentence_hullTheoremOsinForm_of_openResidualsBelow	 (hopen :       GGT.VanKampen.GreendlingerLeaf.AsmWaist.GreendlingerOpenResidualsBelowStatement.{0, 0, 0})
manuscriptSentence_hullTheoremTorsionFree_of_leaves	 (hgreendlinger :       GGT.VanKampen.RelativeGreendlingerQuasiGeodesicStatement.{0, 0, 0}) (hbridge : HullSC.RelativeIsoperimetricBridgeQuasiGeodesicStatement.{0, 0, 0})
manuscriptSentence_hullTheoremTorsionFreeOsin_closed_of_greendlinger	 (hG : GGT.VanKampen.RelativeGreendlingerQuasiGeodesicLeastAreaStatement.{0, 0, 0})
manuscriptSentence_hullTheoremTorsionFreeOsin_of_greendlinger	 (hgreendlinger :       GGT.VanKampen.RelativeGreendlingerQuasiGeodesicLeastAreaStatement.{0, 0, 0})
manuscriptSentence_hullTheoremTorsionFreeOsin_of_leastAreaLeaves	 (hgreendlinger :       GGT.VanKampen.RelativeGreendlingerQuasiGeodesicLeastAreaStatement.{0, 0, 0}) (hbridge : HullSC.RelativeIsoperimetricBridgeQuasiGeodesicEmbeddedStatement.{0, 0, 0})
manuscriptSentence_hullTheoremTorsionFreeOsin_of_openResidualsBelow	 (hopen :       GGT.VanKampen.GreendlingerLeaf.AsmWaist.GreendlingerOpenResidualsBelowStatement.{0, 0, 0})
manuscriptSentence_hullTorsionFree_of_greendlinger	 (hgreendlinger :       GGT.VanKampen.RelativeGreendlingerQuasiGeodesicLeastAreaStatement.{0, 0, 0})
manuscriptSentence_infiniteFinitelyPresentedSimpleKazhdanGroupsExist_of_binaryLeavittElementaryFinitelyPresented	 (hfp : BinaryLeavittElementaryFinitelyPresentedStatement)
manuscriptSentence_infiniteFinitelyPresentedSimpleKazhdanGroupsExist_of_binaryLeavittUnitsSuperperfect	 (h04 : EndpointInterfaces.StabKernelThreeTrivialOfSuperperfectStatement) (h14 : EndpointInterfaces.RankFourInjectiveOfStabKernelThreeTrivialStatement) (hsp : EndpointInterfaces.BinaryLeavittUnitsSuperperfectStatement)
manuscriptSentence_infiniteFinitelyPresentedSimpleKazhdanGroupsExist_of_paddedCentral_of_superperfect	 (hc : BinaryLeavittPaddedCentralThreeStatement) (h14 : EndpointInterfaces.RankFourInjectiveOfStabKernelThreeTrivialStatement) (hsp : EndpointInterfaces.BinaryLeavittUnitsSuperperfectStatement)
manuscriptSentence_infiniteFinitelyPresentedSimpleKazhdanGroupsExist_of_unitsSuperperfect	 (hsp : EndpointInterfaces.BinaryLeavittUnitsSuperperfectStatement)
manuscriptSentence_introReducedAlgebraNotMF_of_greendlinger	 (hgreendlinger :       GGT.VanKampen.RelativeGreendlingerQuasiGeodesicLeastAreaStatement.{0, 0, 0})
manuscriptSentence_introReducedAlgebraNotMF_ofJoint_of_greendlinger	 (hgreendlinger :       GGT.VanKampen.RelativeGreendlingerQuasiGeodesicLeastAreaStatement.{0, 0, 0})
manuscriptSentence_lastGroupHasNone_of_greendlinger	 (hgreendlinger :       GGT.VanKampen.RelativeGreendlingerQuasiGeodesicLeastAreaStatement.{0, 0, 0})
manuscriptSentence_lastGroupHasNone_of_printedTorsionFreeTheorem	 (hthm : TorsionFreePrinted.PrintedTorsionFreeTheorem)
manuscriptSentence_lastGroupHasNoTorsion_of_greendlinger	 (hgreendlinger :       GGT.VanKampen.RelativeGreendlingerQuasiGeodesicLeastAreaStatement.{0, 0, 0})
manuscriptSentence_literatureInputs_of_greendlinger	 (hgreendlinger :       GGT.VanKampen.RelativeGreendlingerQuasiGeodesicLeastAreaStatement.{0, 0, 0})
manuscriptSentence_literatureInputsForm_of_openResidualsBelow	 (hopen :       GGT.VanKampen.GreendlingerLeaf.AsmWaist.GreendlingerOpenResidualsBelowStatement.{0, 0, 0})
manuscriptSentence_movedPointsDenseOpen	 (hT : T.Finite)
manuscriptSentence_nfSubsetNuclearStablyFiniteQD_of_nfImpliesQuasidiagonal	 (hQD : NFImpliesQuasidiagonalStatement.{u})
manuscriptSentence_normalSubgroupContainsTowerCommutator	 (hK : K.Normal)
manuscriptSentence_normalSubgroupEqTop	 (hK : K.Normal)
manuscriptSentence_printedSaturationNoOmegaForm_of_openResidualsBelow	 (hopen :       GGT.VanKampen.GreendlingerLeaf.AsmWaist.GreendlingerOpenResidualsBelowStatement.{0, 0, 0})
manuscriptSentence_purelyInfiniteExchangePreusserSandwich	 (hN : N.Normal)
manuscriptSentence_regularNonMFAlgebra_limitSet_of_greendlinger	 (hgreendlinger :       GGT.VanKampen.RelativeGreendlingerQuasiGeodesicLeastAreaStatement.{0, 0, 0})
manuscriptSentence_regularNonMFAlgebra_of_greendlinger	 (hgreendlinger :       GGT.VanKampen.RelativeGreendlingerQuasiGeodesicLeastAreaStatement.{0, 0, 0})
manuscriptSentence_regularNonMFAlgebra_osin_of_greendlinger	 (hgreendlinger :       GGT.VanKampen.RelativeGreendlingerQuasiGeodesicLeastAreaStatement.{0, 0, 0})
manuscriptSentence_regularNonMFAlgebraForm_of_openResidualsBelow	 (hopen :       GGT.VanKampen.GreendlingerLeaf.AsmWaist.GreendlingerOpenResidualsBelowStatement.{0, 0, 0})
manuscriptSentence_regularNonMFAlgebraLimitSet_of_greendlinger	 (hgreendlinger :       GGT.VanKampen.RelativeGreendlingerQuasiGeodesicLeastAreaStatement.{0, 0, 0})
manuscriptSentence_regularNonMFAlgebraLimitSetForm_of_openResidualsBelow	 (hopen :       GGT.VanKampen.GreendlingerLeaf.AsmWaist.GreendlingerOpenResidualsBelowStatement.{0, 0, 0})
manuscriptSentence_regularNonMFAlgebraOsin_of_greendlinger	 (hgreendlinger :       GGT.VanKampen.RelativeGreendlingerQuasiGeodesicLeastAreaStatement.{0, 0, 0})
manuscriptSentence_regularNonMFAlgebraOsinForm_of_openResidualsBelow	 (hopen :       GGT.VanKampen.GreendlingerLeaf.AsmWaist.GreendlingerOpenResidualsBelowStatement.{0, 0, 0})
manuscriptSentence_relativeQuotientCommonQuotient	 (hCQ : HullCommonQuotientPrinted)
manuscriptSentence_restrictionNotSimple	 (hne : Y.Nonempty)
manuscriptSentence_saturation_limitSet_of_greendlinger	 (hgreendlinger :       GGT.VanKampen.RelativeGreendlingerQuasiGeodesicLeastAreaStatement.{0, 0, 0})
manuscriptSentence_saturation_limitSet_of_residuals	 (hoff : GGT.VanKampen.GreendlingerLeaf.P07InnerPocket.PocketFourPieceOffStatement.{0, 0, 0}) (hjunction :       GGT.VanKampen.GreendlingerLeaf.P10RoseExtremalTrim.RoseExtremalJunctionStatement.{0, 0, 0})
manuscriptSentence_saturation_of_greendlinger	 (hgreendlinger :       GGT.VanKampen.RelativeGreendlingerQuasiGeodesicLeastAreaStatement.{0, 0, 0})
manuscriptSentence_saturation_of_residuals	 (hoff : GGT.VanKampen.GreendlingerLeaf.P07InnerPocket.PocketFourPieceOffStatement.{0, 0, 0}) (hjunction :       GGT.VanKampen.GreendlingerLeaf.P10RoseExtremalTrim.RoseExtremalJunctionStatement.{0, 0, 0})
manuscriptSentence_saturation_osin_of_greendlinger	 (hgreendlinger :       GGT.VanKampen.RelativeGreendlingerQuasiGeodesicLeastAreaStatement.{0, 0, 0})
manuscriptSentence_saturation_osin_of_residuals	 (hoff : GGT.VanKampen.GreendlingerLeaf.P07InnerPocket.PocketFourPieceOffStatement.{0, 0, 0}) (hjunction :       GGT.VanKampen.GreendlingerLeaf.P10RoseExtremalTrim.RoseExtremalJunctionStatement.{0, 0, 0})
manuscriptSentence_saturationApplyHull	 (hHull : HullSmallCancellationPrinted.{0})
manuscriptSentence_saturationApplyHull_of_greendlinger	 (hgreendlinger :       GGT.VanKampen.RelativeGreendlingerQuasiGeodesicLeastAreaStatement.{0, 0, 0})
manuscriptSentence_saturationApplyHull_of_openResidualsBelow	 (hopen :       GGT.VanKampen.GreendlingerLeaf.AsmWaist.GreendlingerOpenResidualsBelowStatement.{0, 0, 0})
manuscriptSentence_saturationApplyHull_of_residuals	 (hoff : GGT.VanKampen.GreendlingerLeaf.P07InnerPocket.PocketFourPieceOffStatement.{0, 0, 0}) (hjunction :       GGT.VanKampen.GreendlingerLeaf.P10RoseExtremalTrim.RoseExtremalJunctionStatement.{0, 0, 0})
manuscriptSentence_saturationApplyHullNoOmega_closed_of_greendlinger	 (hG : GGT.VanKampen.RelativeGreendlingerQuasiGeodesicLeastAreaStatement.{0, 0, 0})
manuscriptSentence_saturationApplyHullNoOmega_of_greendlinger	 (hgreendlinger :       GGT.VanKampen.RelativeGreendlingerQuasiGeodesicLeastAreaStatement.{0, 0, 0})
manuscriptSentence_saturationApplyHullNoOmega_of_leastAreaLeaves	 (hgreendlinger :       GGT.VanKampen.RelativeGreendlingerQuasiGeodesicLeastAreaStatement.{0, 0, 0}) (hbridge : HullSC.RelativeIsoperimetricBridgeQuasiGeodesicEmbeddedStatement.{0, 0, 0})
manuscriptSentence_saturationApplyHullNoOmega_of_leaves	 (hgreendlinger :       GGT.VanKampen.RelativeGreendlingerQuasiGeodesicStatement.{0, 0, 0}) (hbridge : HullSC.RelativeIsoperimetricBridgeQuasiGeodesicStatement.{0, 0, 0})
manuscriptSentence_saturationApplyHullNoOmega_of_openResidualsBelow	 (hopen :       GGT.VanKampen.GreendlingerLeaf.AsmWaist.GreendlingerOpenResidualsBelowStatement.{0, 0, 0})
manuscriptSentence_saturationApplyHullPrintedRoute_of_greendlinger	 (hgreendlinger :       GGT.VanKampen.RelativeGreendlingerQuasiGeodesicLeastAreaStatement.{0, 0, 0})
manuscriptSentence_saturationHullAtLargerAlphabet	 (hHull : HullSmallCancellationPrinted.{0})
manuscriptSentence_saturationLimitSet_of_greendlinger	 (hgreendlinger :       GGT.VanKampen.RelativeGreendlingerQuasiGeodesicLeastAreaStatement.{0, 0, 0})
manuscriptSentence_saturationLimitSetForm_of_openResidualsBelow	 (hopen :       GGT.VanKampen.GreendlingerLeaf.AsmWaist.GreendlingerOpenResidualsBelowStatement.{0, 0, 0})
manuscriptSentence_saturationOsin_of_greendlinger	 (hgreendlinger :       GGT.VanKampen.RelativeGreendlingerQuasiGeodesicLeastAreaStatement.{0, 0, 0})
manuscriptSentence_saturationOsinForm_of_openResidualsBelow	 (hopen :       GGT.VanKampen.GreendlingerLeaf.AsmWaist.GreendlingerOpenResidualsBelowStatement.{0, 0, 0})
manuscriptSentence_saturationOsinNonElementary	 (hOsin : OsinLemma71Printed.{0})
manuscriptSentence_saturationPairAndHullAgain_closed_of_greendlinger	 (hG : GGT.VanKampen.RelativeGreendlingerQuasiGeodesicLeastAreaStatement.{0, 0, 0})
manuscriptSentence_saturationPairAndHullAgain_of_greendlinger	 (hgreendlinger :       GGT.VanKampen.RelativeGreendlingerQuasiGeodesicLeastAreaStatement.{0, 0, 0})
manuscriptSentence_saturationPairAndHullAgain_of_leastAreaLeaves	 (hgreendlinger :       GGT.VanKampen.RelativeGreendlingerQuasiGeodesicLeastAreaStatement.{0, 0, 0}) (hbridge : HullSC.RelativeIsoperimetricBridgeQuasiGeodesicEmbeddedStatement.{0, 0, 0})
manuscriptSentence_saturationPairAndHullAgain_of_leaves	 (hgreendlinger :       GGT.VanKampen.RelativeGreendlingerQuasiGeodesicStatement.{0, 0, 0}) (hbridge : HullSC.RelativeIsoperimetricBridgeQuasiGeodesicStatement.{0, 0, 0})
manuscriptSentence_saturationPairAndHullAgain_of_openResidualsBelow	 (hopen :       GGT.VanKampen.GreendlingerLeaf.AsmWaist.GreendlingerOpenResidualsBelowStatement.{0, 0, 0})
manuscriptSentence_saturationPairAndHullAgain_of_residuals	 (hoff : GGT.VanKampen.GreendlingerLeaf.P07InnerPocket.PocketFourPieceOffStatement.{0, 0, 0}) (hjunction :       GGT.VanKampen.GreendlingerLeaf.P10RoseExtremalTrim.RoseExtremalJunctionStatement.{0, 0, 0})
manuscriptSentence_saturationPairAndHullAgainTorsionFree_of_openResidualsBelow	 (hopen :       GGT.VanKampen.GreendlingerLeaf.AsmWaist.GreendlingerOpenResidualsBelowStatement.{0, 0, 0})
manuscriptSentence_saturationPrintedRoute_of_greendlinger	 (hgreendlinger :       GGT.VanKampen.RelativeGreendlingerQuasiGeodesicLeastAreaStatement.{0, 0, 0})
manuscriptSentence_saturationPrintedRoute_of_tightFrontier	 (hrot : GGT.VanKampen.GreendlingerLeaf.Piece04.ClassPocketRotationTurnStatement.{0, 0, 0}) (hlakes : GGT.VanKampen.GreendlingerLeaf.Piece06.CellRoseUncutLakesBelowStatement.{0, 0, 0}) (hinner :       GGT.VanKampen.GreendlingerLeaf.P07LakeExclusion.CellPocketInnerTwoArcLongStatement.{0, 0, 0}) (hsub : GGT.VanKampen.GreendlingerLeaf.P10Rose.RoseRegionMoveSubArcStatement.{0, 0, 0})
manuscriptSentence_scalarThenIdentity	 (hT : T.Finite)
manuscriptSentence_seedExists_of_greendlinger	 (hgreendlinger :       GGT.VanKampen.RelativeGreendlingerQuasiGeodesicLeastAreaStatement.{0, 0, 0})
manuscriptSentence_seedExists_of_openFrontier	 (hfrontier : GGT.VanKampen.GreendlingerLeaf.ClosedAll.OpenFrontierStatement.{0, 0, 0})
manuscriptSentence_seedNotMF_of_greendlinger	 (hgreendlinger :       GGT.VanKampen.RelativeGreendlingerQuasiGeodesicLeastAreaStatement.{0, 0, 0})
manuscriptSentence_seedNotMF_of_openFrontier	 (hfrontier : GGT.VanKampen.GreendlingerLeaf.ClosedAll.OpenFrontierStatement.{0, 0, 0})
manuscriptSentence_simpleQuotientOfHyperbolicKazhdan_of_fiveResidualsBelow	 (hbudget : GGT.VanKampen.OsinLemma94ClassEndLoopsBudgetInput.{0, 0, 0}) (hspan : GGT.VanKampen.OsinLemma94ClassCaseGapSpanStatement.{0, 0, 0}) (hcellStep :       GGT.VanKampen.CellPocketOuterPinchStepSectionDistinctBelowStatement.{0, 0, 0}) (hproper : GGT.VanKampen.CellPocketWalkProperArcsBelowSectionStatement.{0, 0, 0}) (hstep : GGT.VanKampen.PocketOuterPinchStepSectionStatement.{0, 0, 0})
manuscriptSentence_simpleQuotientOfHyperbolicKazhdan_of_tightFrontier	 (hrot : GGT.VanKampen.GreendlingerLeaf.Piece04.ClassPocketRotationTurnStatement.{0, 0, 0}) (hlakes : GGT.VanKampen.GreendlingerLeaf.Piece06.CellRoseUncutLakesBelowStatement.{0, 0, 0}) (hinner :       GGT.VanKampen.GreendlingerLeaf.P07LakeExclusion.CellPocketInnerTwoArcLongStatement.{0, 0, 0}) (hsub : GGT.VanKampen.GreendlingerLeaf.P10Rose.RoseRegionMoveSubArcStatement.{0, 0, 0})
manuscriptSentence_smallClopenNeighbourhoods	 (hT : T.Finite)
manuscriptSentence_stageCompressionUCP	 (h : N)
manuscriptSentence_theoremApplySaturation	 (hHull : HullPrintedInputs.{0})
manuscriptSentence_theoremApplySaturation_of_greendlinger	 (hgreendlinger :       GGT.VanKampen.RelativeGreendlingerQuasiGeodesicLeastAreaStatement.{0, 0, 0})
manuscriptSentence_theoremApplySaturation_of_openResidualsBelow	 (hopen :       GGT.VanKampen.GreendlingerLeaf.AsmWaist.GreendlingerOpenResidualsBelowStatement.{0, 0, 0})
manuscriptSentence_theoremApplySaturationNoOmega_closed_of_greendlinger	 (hG : GGT.VanKampen.RelativeGreendlingerQuasiGeodesicLeastAreaStatement.{0, 0, 0})
manuscriptSentence_theoremApplySaturationNoOmega_of_greendlinger	 (hgreendlinger :       GGT.VanKampen.RelativeGreendlingerQuasiGeodesicLeastAreaStatement.{0, 0, 0})
manuscriptSentence_theoremApplySaturationNoOmega_of_leastAreaLeaves	 (hgreendlinger :       GGT.VanKampen.RelativeGreendlingerQuasiGeodesicLeastAreaStatement.{0, 0, 0}) (hbridge : HullSC.RelativeIsoperimetricBridgeQuasiGeodesicEmbeddedStatement.{0, 0, 0})
manuscriptSentence_theoremApplySaturationNoOmega_of_leaves	 (hgreendlinger :       GGT.VanKampen.RelativeGreendlingerQuasiGeodesicStatement.{0, 0, 0}) (hbridge : HullSC.RelativeIsoperimetricBridgeQuasiGeodesicStatement.{0, 0, 0})
manuscriptSentence_theoremApplySaturationNoOmega_of_openResidualsBelow	 (hopen :       GGT.VanKampen.GreendlingerLeaf.AsmWaist.GreendlingerOpenResidualsBelowStatement.{0, 0, 0})
manuscriptSentence_torsionFreeFullMFRadical_of_greendlinger	 (hgreendlinger :       GGT.VanKampen.RelativeGreendlingerQuasiGeodesicLeastAreaStatement.{0, 0, 0})
manuscriptSentence_torsionFreeGroupAlgebra_of_greendlinger	 (hgreendlinger :       GGT.VanKampen.RelativeGreendlingerQuasiGeodesicLeastAreaStatement.{0, 0, 0})
manuscriptSentence_torsionFreeSimplified_of_greendlinger	 (hgreendlinger :       GGT.VanKampen.RelativeGreendlingerQuasiGeodesicLeastAreaStatement.{0, 0, 0})
manuscriptSentence_torsionFreeTheorem_limitSet_of_greendlinger	 (hgreendlinger :       GGT.VanKampen.RelativeGreendlingerQuasiGeodesicLeastAreaStatement.{0, 0, 0})
manuscriptSentence_torsionFreeTheorem_of_greendlinger	 (hgreendlinger :       GGT.VanKampen.RelativeGreendlingerQuasiGeodesicLeastAreaStatement.{0, 0, 0})
manuscriptSentence_torsionFreeTheorem_osin_of_greendlinger	 (hgreendlinger :       GGT.VanKampen.RelativeGreendlingerQuasiGeodesicLeastAreaStatement.{0, 0, 0})
manuscriptSentence_torsionFreeTheoremForm_of_openResidualsBelow	 (hopen :       GGT.VanKampen.GreendlingerLeaf.AsmWaist.GreendlingerOpenResidualsBelowStatement.{0, 0, 0})
manuscriptSentence_torsionFreeTheoremLimitSet_of_greendlinger	 (hgreendlinger :       GGT.VanKampen.RelativeGreendlingerQuasiGeodesicLeastAreaStatement.{0, 0, 0})
manuscriptSentence_torsionFreeTheoremLimitSetForm_of_openResidualsBelow	 (hopen :       GGT.VanKampen.GreendlingerLeaf.AsmWaist.GreendlingerOpenResidualsBelowStatement.{0, 0, 0})
manuscriptSentence_torsionFreeTheoremOsin_of_greendlinger	 (hgreendlinger :       GGT.VanKampen.RelativeGreendlingerQuasiGeodesicLeastAreaStatement.{0, 0, 0})
manuscriptSentence_torsionFreeTheoremOsinForm_of_openResidualsBelow	 (hopen :       GGT.VanKampen.GreendlingerLeaf.AsmWaist.GreendlingerOpenResidualsBelowStatement.{0, 0, 0})
manuscriptSentence_torsionFreeWithRegularAlgebra_of_greendlinger	 (hgreendlinger :       GGT.VanKampen.RelativeGreendlingerQuasiGeodesicLeastAreaStatement.{0, 0, 0})
manuscriptSentence_withoutLEFSimpleHosts_of_fiveResidualsBelow	 (hbudget : GGT.VanKampen.OsinLemma94ClassEndLoopsBudgetInput.{0, 0, 0}) (hspan : GGT.VanKampen.OsinLemma94ClassCaseGapSpanStatement.{0, 0, 0}) (hcellStep :       GGT.VanKampen.CellPocketOuterPinchStepSectionDistinctBelowStatement.{0, 0, 0}) (hproper : GGT.VanKampen.CellPocketWalkProperArcsBelowSectionStatement.{0, 0, 0}) (hstep : GGT.VanKampen.PocketOuterPinchStepSectionStatement.{0, 0, 0})
manuscriptSentence_withoutLEFSimpleHosts_of_greendlinger	 (hgreendlinger :       GGT.VanKampen.RelativeGreendlingerQuasiGeodesicLeastAreaStatement.{0, 0, 0})
manuscriptSentence_withoutLEFSimpleHosts_of_greendlinger_of_geometry	 (hgreendlinger :       GGT.VanKampen.RelativeGreendlingerQuasiGeodesicLeastAreaStatement.{0, 0, 0}) (hgeom : CoulonFournierFacioGeometryStatement)
manuscriptSentence_withoutLEFSimpleHosts_of_tightFrontier	 (hrot : GGT.VanKampen.GreendlingerLeaf.Piece04.ClassPocketRotationTurnStatement.{0, 0, 0}) (hlakes : GGT.VanKampen.GreendlingerLeaf.Piece06.CellRoseUncutLakesBelowStatement.{0, 0, 0}) (hinner :       GGT.VanKampen.GreendlingerLeaf.P07LakeExclusion.CellPocketInnerTwoArcLongStatement.{0, 0, 0}) (hsub : GGT.VanKampen.GreendlingerLeaf.P10Rose.RoseRegionMoveSubArcStatement.{0, 0, 0})
manuscriptSentence100_commutantComputation	 (h : H)
manuscriptSentence182_fixedElementSubsequence	 (hS : S.Nonempty)
manuscriptSentence252_extractedRoot_closesSimplicity	 (hN : N.Normal)
manuscriptSimpleInfiniteRing	 (hfixed : FullDefectAtFixedRing) (hEJZ : FinitelyGeneratedRingGeneralRankElementaryPropertyT)
manuscriptSimpleInfiniteRingFromEJZ	 (hEJZ : FinitelyGeneratedRingGeneralRankElementaryPropertyT)
manuscriptSimpleInfiniteRingPrimeChar	 (hfixed : FullDefectAtFixedRing)
manuscriptSimpleInfiniteRingRankTwoFromEJZ	 (hEJZ : FinitelyGeneratedRingGeneralRankElementaryPropertyT)
manuscriptSpectrumInclusion_hOmega	 (hS : S.Nonempty)
manuscriptSwitch	 (hDiamond : DiamondLemmaWordProblem)
manuscriptTensorSynchronization	 (hIn : TensorSynchronization.HNNPermanenceInputs)
manuscriptTensorSynchronization_hnn	 (hIn : HNNPermanenceInputs)
manuscriptTensorSynchronization_isOperatorMF	 (hIn : HNNPermanenceInputs)
manuscriptTorsionFreeFullMFRadical	 (hHull : HullCorrectedInputs.HullInputsCorrected.{0})
manuscriptTorsionFreeFullMFRadical_corrected	 (hHull : HullInputsCorrected.{0})
manuscriptTorsionFreeFullMFRadical_of_citations	 (hW : FinitelyPresentedInfiniteSimpleStatement) (hHull : HullPrintedInputs.{0})
manuscriptTorsionFreeFullMFRadical_of_citations_of_oneStep	 (hW : FinitelyPresentedInfiniteSimpleStatement) (hOne : HullSC.HullOneStepStatement.{0})
manuscriptTorsionFreeFullMFRadical_of_citations_of_smallCancellation	 (hW : FinitelyPresentedInfiniteSimpleStatement) (h : HullSmallCancellationPrinted.{0})
manuscriptTorsionFreeFullMFRadical_of_greendlinger	 (hgreendlinger :       GGT.VanKampen.RelativeGreendlingerQuasiGeodesicLeastAreaStatement.{0, 0, 0})
manuscriptTorsionFreeFullMFRadical_of_hullFixedCliqueHyp	 (hgreendlinger :       GGT.VanKampen.RelativeGreendlingerQuasiGeodesicLeastAreaStatement.{0, 0, 0}) (hbridge : HullSC.RelativeIsoperimetricBridgeQuasiGeodesicEmbeddedStatement.{0, 0, 0}) (hT6 : GroupApproximation.KMSGroup.CCKW.SystolicInvariantCliqueStatement) (hW : FinitelyPresentedInfiniteSimpleStatement)
manuscriptTorsionFreeFullMFRadical_of_hullKOLeaves	 (hgreendlinger :       GGT.VanKampen.RelativeGreendlingerQuasiGeodesicLeastAreaStatement.{0, 0, 0}) (hbridge : HullSC.RelativeIsoperimetricBridgeQuasiGeodesicEmbeddedStatement.{0, 0, 0}) (hT6 : GroupApproximation.KMSGroup.CCKW.SystolicInvariantCliqueStatement) (hW : FinitelyPresentedInfiniteSimpleStatement)
manuscriptTorsionFreeFullMFRadical_of_hullLeaves	 (hgreendlinger :       GGT.VanKampen.RelativeGreendlingerQuasiGeodesicLeastAreaStatement.{0, 0, 0}) (hbridge : HullSC.RelativeIsoperimetricBridgeQuasiGeodesicEmbeddedStatement.{0, 0, 0}) (hKO : TheoremC.KotowskiOllivierStatement) (hW : FinitelyPresentedInfiniteSimpleStatement)
manuscriptTorsionFreeFullMFRadical_of_leastAreaFold	 (hgreendlinger :       GGT.VanKampen.RelativeGreendlingerQuasiGeodesicLeastAreaStatement.{0, 0, 0}) (hbridge : HullSC.RelativeIsoperimetricBridgeQuasiGeodesicEmbeddedStatement.{0, 0, 0})
manuscriptTorsionFreeFullMFRadical_of_leastAreaInputs	 (hgreendlinger :       GGT.VanKampen.RelativeGreendlingerQuasiGeodesicLeastAreaStatement.{0, 0, 0}) (hbridge : HullSC.RelativeIsoperimetricBridgeQuasiGeodesicEmbeddedStatement.{0, 0, 0}) (hKO : KotowskiOllivierStatement)
manuscriptTorsionFreeFullMFRadical_of_leastAreaKOLeaves	 (hgreendlinger :       GGT.VanKampen.RelativeGreendlingerQuasiGeodesicLeastAreaStatement.{0, 0, 0}) (hbridge : HullSC.RelativeIsoperimetricBridgeQuasiGeodesicEmbeddedStatement.{0, 0, 0}) (hT6 : KMSGroup.CCKW.SystolicInvariantCliqueStatement)
manuscriptTorsionFreeFullMFRadical_of_leastAreaLeaves	 (hFFF : FournierFacioParagraph) (hgreendlinger :       GGT.VanKampen.RelativeGreendlingerQuasiGeodesicLeastAreaStatement.{0, 0, 0}) (hbridge : HullSC.RelativeIsoperimetricBridgeQuasiGeodesicEmbeddedStatement.{0, 0, 0})
manuscriptTorsionFreeFullMFRadical_of_leastAreaZipFold	 (hgreendlinger :       GGT.VanKampen.RelativeGreendlingerQuasiGeodesicLeastAreaStatement.{0, 0, 0}) (hbridge : HullSC.RelativeIsoperimetricBridgeQuasiGeodesicEmbeddedStatement.{0, 0, 0})
manuscriptTorsionFreeFullMFRadical_of_leaves	 (hFFF : FournierFacioParagraph) (hgreendlinger :       GGT.VanKampen.RelativeGreendlingerQuasiGeodesicStatement.{0, 0, 0}) (hbridge : HullSC.RelativeIsoperimetricBridgeQuasiGeodesicStatement.{0, 0, 0})
manuscriptTorsionFreeFullMFRadical_of_oneStep	 (hFFF : FournierFacioParagraph) (hOne : HullSC.HullOneStepStatement.{0})
manuscriptTorsionFreeFullMFRadical_of_saturation	 (hFFF : FournierFacioParagraph) (hsat : PrintedSaturation.{0})
manuscriptTorsionFreeFullMFRadical_of_saturationNoOmega	 (hFFF : FournierFacioParagraph) (hsat : PrintedSaturationNoOmega.{0})
manuscriptTorsionFreeFullMFRadical_of_smallCancellation	 (hFFF : FournierFacioParagraph) (h : HullSmallCancellationPrinted.{0})
manuscriptTorsionFreeFullMFRadical_of_torsionFreePrinted	 (hFFF : FournierFacioParagraph) (hHull : HullSmallCancellationTorsionFreePrinted.{0})
manuscriptTorsionFreeFullMFRadicalFromParagraph	 (hFFF : FournierFacioParagraph) (hHull : HullPrintedInputs.{0})
manuscriptTorsionFreeSimplified	 (hHull : HullCorrectedInputs.HullInputsCorrected.{0})
manuscriptTorsionFreeSimplified_corrected	 (hHull : HullInputsCorrected.{0})
manuscriptTorsionFreeSimplified_of_greendlinger	 (hgreendlinger :       GGT.VanKampen.RelativeGreendlingerQuasiGeodesicLeastAreaStatement.{0, 0, 0})
manuscriptTorsionFreeSimplified_of_leastAreaFold	 (hgreendlinger :       GGT.VanKampen.RelativeGreendlingerQuasiGeodesicLeastAreaStatement.{0, 0, 0}) (hbridge : HullSC.RelativeIsoperimetricBridgeQuasiGeodesicEmbeddedStatement.{0, 0, 0})
manuscriptTorsionFreeSimplified_of_leastAreaInputs	 (hgreendlinger :       GGT.VanKampen.RelativeGreendlingerQuasiGeodesicLeastAreaStatement.{0, 0, 0}) (hbridge : HullSC.RelativeIsoperimetricBridgeQuasiGeodesicEmbeddedStatement.{0, 0, 0}) (hKO : KotowskiOllivierStatement)
manuscriptTorsionFreeSimplified_of_leastAreaKOLeaves	 (hgreendlinger :       GGT.VanKampen.RelativeGreendlingerQuasiGeodesicLeastAreaStatement.{0, 0, 0}) (hbridge : HullSC.RelativeIsoperimetricBridgeQuasiGeodesicEmbeddedStatement.{0, 0, 0}) (hT6 : KMSGroup.CCKW.SystolicInvariantCliqueStatement)
manuscriptTorsionFreeSimplified_of_leastAreaZipFold	 (hgreendlinger :       GGT.VanKampen.RelativeGreendlingerQuasiGeodesicLeastAreaStatement.{0, 0, 0}) (hbridge : HullSC.RelativeIsoperimetricBridgeQuasiGeodesicEmbeddedStatement.{0, 0, 0})
manuscriptTorsionFreeTheorem	 (hFFF : FournierFacioParagraph) (hHull : HullPrintedInputs.{0})
manuscriptTorsionFreeTheorem_of_citations	 (hW : FinitelyPresentedInfiniteSimpleStatement) (hHull : HullPrintedInputs.{0})
manuscriptTorsionFreeTheorem_of_citations_of_oneStep	 (hW : FinitelyPresentedInfiniteSimpleStatement) (hOne : HullSC.HullOneStepStatement.{0})
manuscriptTorsionFreeTheorem_of_citations_of_smallCancellation	 (hW : FinitelyPresentedInfiniteSimpleStatement) (h : HullSmallCancellationPrinted.{0})
manuscriptTorsionFreeTheorem_of_greendlinger	 (hgreendlinger :       GGT.VanKampen.RelativeGreendlingerQuasiGeodesicLeastAreaStatement.{0, 0, 0})
manuscriptTorsionFreeTheorem_of_hullFixedCliqueHyp	 (hgreendlinger :       GGT.VanKampen.RelativeGreendlingerQuasiGeodesicLeastAreaStatement.{0, 0, 0}) (hbridge : HullSC.RelativeIsoperimetricBridgeQuasiGeodesicEmbeddedStatement.{0, 0, 0}) (hT6 : GroupApproximation.KMSGroup.CCKW.SystolicInvariantCliqueStatement) (hW : FinitelyPresentedInfiniteSimpleStatement)
manuscriptTorsionFreeTheorem_of_hullKOLeaves	 (hgreendlinger :       GGT.VanKampen.RelativeGreendlingerQuasiGeodesicLeastAreaStatement.{0, 0, 0}) (hbridge : HullSC.RelativeIsoperimetricBridgeQuasiGeodesicEmbeddedStatement.{0, 0, 0}) (hT6 : GroupApproximation.KMSGroup.CCKW.SystolicInvariantCliqueStatement) (hW : FinitelyPresentedInfiniteSimpleStatement)
manuscriptTorsionFreeTheorem_of_hullLeaves	 (hgreendlinger :       GGT.VanKampen.RelativeGreendlingerQuasiGeodesicLeastAreaStatement.{0, 0, 0}) (hbridge : HullSC.RelativeIsoperimetricBridgeQuasiGeodesicEmbeddedStatement.{0, 0, 0}) (hKO : TheoremC.KotowskiOllivierStatement) (hW : FinitelyPresentedInfiniteSimpleStatement)
manuscriptTorsionFreeTheorem_of_leastAreaLeaves	 (hFFF : FournierFacioParagraph) (hgreendlinger :       GGT.VanKampen.RelativeGreendlingerQuasiGeodesicLeastAreaStatement.{0, 0, 0}) (hbridge : HullSC.RelativeIsoperimetricBridgeQuasiGeodesicEmbeddedStatement.{0, 0, 0})
manuscriptTorsionFreeTheorem_of_leaves	 (hFFF : FournierFacioParagraph) (hgreendlinger :       GGT.VanKampen.RelativeGreendlingerQuasiGeodesicStatement.{0, 0, 0}) (hbridge : HullSC.RelativeIsoperimetricBridgeQuasiGeodesicStatement.{0, 0, 0})
manuscriptTorsionFreeTheorem_of_oneStep	 (hFFF : FournierFacioParagraph) (hOne : HullSC.HullOneStepStatement.{0})
manuscriptTorsionFreeTheorem_of_saturation	 (hFFF : FournierFacioParagraph) (hsat : PrintedSaturation.{0})
manuscriptTorsionFreeTheorem_of_saturationNoOmega	 (hFFF : FournierFacioParagraph) (hsat : PrintedSaturationNoOmega.{0})
manuscriptTorsionFreeTheorem_of_smallCancellation	 (hFFF : FournierFacioParagraph) (h : HullSmallCancellationPrinted.{0})
manuscriptTorsionFreeTheorem_of_torsionFreePrinted	 (hFFF : FournierFacioParagraph) (hHull : HullSmallCancellationTorsionFreePrinted.{0})
manuscriptTorsionFreeTheoremLimitSet_of_greendlinger	 (hgreendlinger :       GGT.VanKampen.RelativeGreendlingerQuasiGeodesicLeastAreaStatement.{0, 0, 0})
manuscriptTorsionFreeTheoremLimitSet_of_hullLeaves	 (hgreendlinger :       GGT.VanKampen.RelativeGreendlingerQuasiGeodesicLeastAreaStatement.{0, 0, 0}) (hbridge : HullSC.RelativeIsoperimetricBridgeQuasiGeodesicEmbeddedStatement.{0, 0, 0}) (hKO : TheoremC.KotowskiOllivierStatement) (hW : FinitelyPresentedInfiniteSimpleStatement)
manuscriptTorsionFreeTheoremOsin_of_greendlinger	 (hgreendlinger :       GGT.VanKampen.RelativeGreendlingerQuasiGeodesicLeastAreaStatement.{0, 0, 0})
manuscriptTorsionFreeTheoremOsin_of_hullFixedCliqueHyp	 (hgreendlinger :       GGT.VanKampen.RelativeGreendlingerQuasiGeodesicLeastAreaStatement.{0, 0, 0}) (hbridge : HullSC.RelativeIsoperimetricBridgeQuasiGeodesicEmbeddedStatement.{0, 0, 0}) (hT6 : GroupApproximation.KMSGroup.CCKW.SystolicInvariantCliqueStatement) (hW : FinitelyPresentedInfiniteSimpleStatement)
manuscriptTorsionFreeTheoremOsin_of_hullKOLeaves	 (hgreendlinger :       GGT.VanKampen.RelativeGreendlingerQuasiGeodesicLeastAreaStatement.{0, 0, 0}) (hbridge : HullSC.RelativeIsoperimetricBridgeQuasiGeodesicEmbeddedStatement.{0, 0, 0}) (hT6 : GroupApproximation.KMSGroup.CCKW.SystolicInvariantCliqueStatement) (hW : FinitelyPresentedInfiniteSimpleStatement)
manuscriptTorsionFreeTheoremOsin_of_hullLeaves	 (hgreendlinger :       GGT.VanKampen.RelativeGreendlingerQuasiGeodesicLeastAreaStatement.{0, 0, 0}) (hbridge : HullSC.RelativeIsoperimetricBridgeQuasiGeodesicEmbeddedStatement.{0, 0, 0}) (hKO : TheoremC.KotowskiOllivierStatement) (hW : FinitelyPresentedInfiniteSimpleStatement)
manuscriptTorsionFreeTheoremOsin_of_leastAreaLeaves	 (hFFF : FournierFacioParagraph) (hgreendlinger :       GGT.VanKampen.RelativeGreendlingerQuasiGeodesicLeastAreaStatement.{0, 0, 0}) (hbridge : HullSC.RelativeIsoperimetricBridgeQuasiGeodesicEmbeddedStatement.{0, 0, 0})
manuscriptUnitGroupNotMFFromEJZ	 (hEJZ : FinitelyGeneratedRingGeneralRankElementaryPropertyT)
map_base	 (h : H)
mapAffine_sub_base	 (h : H)
mapMulEquiv	 (hD : D.IsHyperbolicallyEmbedded)
markedGroup_canonicalReducedTrace_not_isQuasidiagonalTrace	 (hucp : Quasidiagonal.UCPContractive.{0})
markedGroup_isHyperlinear_of_literalFactorizationProperty	 (h : LiteralFactorizationProperty)
markedGroup_isHyperlinear_of_literalFactorizationProperty'	 (h : LiteralFactorizationProperty)
markedGroup_isSofic_of_soficCore	 (h : HasSoficTelescopeCore)
markedGroup_reducedGroupCStar_not_isNuclear_of_tww	 (hucp : Quasidiagonal.UCPContractive.{0})
mem_chainRecurrentSet_firstReturn_of_pieces	 (hRefl : CoreRingReflectionStatement) (hModels : CoreModelsLEFStatement)
mem_closure_thinGenSet	 (hYne : Y.Nonempty)
mem_component_of_followsBoundary	 (hM : M.IsPlanar)
mem_componentOf	 (hT : T.Nonempty)
mem_edgeStab	 (h : G)
mem_iff_enclosedFaces	 (hM : M.IsPlanar)
mem_iff_of_chain	 (hM : M.IsPlanar)
mem_keepWalk_iff	 (hM : M.IsPlanar)
mem_ker_action_iff	 (h : G)
mem_lakeWalk_iff	 (hM : M.IsPlanar)
mem_limitKer	 (htower : HullSC.HullTowerStatementGeneral.{0})
mem_lobeFaces_or	 (hM : M.IsConnected)
mem_of_between	 (hnd : T.Nodup)
mem_of_between_or_eq	 (hnd : T.Nodup)
mem_of_faceOf_sigma_not_mem	 (hM : M.IsPlanar)
mem_osinElementaryClosure_conj	 (h : K)
mem_pairStab_zero_tree	 (hH : H.IsTree)
mem_range_partnerHom_of_source	 (htie : P.PartnerTieObligation)
mem_rightDarts_iff	 (h : X.Face)
metabelianPieces_of_linearity	 (h : PureCharLinearityStatement) (hlin : Products.LinearHostStatement)
metabelianPieces_of_splitting	 (hsplit : CoprimarySplittingStatement) (hlin : Products.LinearHostStatement)
metabelianPiecesStatement_of_frontier	 (hsplit : Coprimary.PureCharPrimeSplitStatement) (hzero : Coprimary.PureCharLinearityZeroStatement) (hS : Absorption.PolynomialSuslinStatement) (hdiag : ElemFP.PolyK2StabRangeDiagStatement) (hone : ElemFP.PolyK2OneVarNilStatement) (hfield : ElemFP.FieldK2VanishingStatement) (hfg : CharZeroHost.FGSubringCoordinatesStatement) (hK2 : ElemFPCharZero.CharZeroStableK2FGStatement)
metabelianPiecesStatement_of_frontierThree	 (hm : Coprimary.PureCharPrimeEHighModuleStatement) (hH : Absorption.SuslinLocalHorrocksStatement) (hvdk : ElemFP.VdKRowExtensionStatement) (hloc : ElemFP.PolyK2CubeNilLocalStatement) (hbruhat : ElemFP.FieldK2.BruhatBigCellStatement) (hgen : ElemFPCharZero.CharZeroK2PosStabGenStatement) (hcube : ElemFPCharZero.CharZeroK2CubeGapPosStatement)
metabelianPiecesStatement_of_frontierTwo	 (hsplit : Coprimary.PureCharPrimeSplitStatement) (hzero : Coprimary.PureCharLinearityZeroStatement) (hS : Absorption.PolynomialSuslinStatement) (hdiag : ElemFP.PolyK2StabRangeDiagStatement) (hone : ElemFP.PolyK2OneVarNilStatement) (hfield : ElemFP.FieldK2VanishingStatement) (hK2 : ElemFPCharZero.CharZeroStableK2FGStatement)
metabelianPiecesStatement_of_frontierTwo_zeroClosed	 (hsplit : Coprimary.PureCharPrimeSplitStatement) (hS : Absorption.PolynomialSuslinStatement) (hdiag : ElemFP.PolyK2StabRangeDiagStatement) (hone : ElemFP.PolyK2OneVarNilStatement) (hfield : ElemFP.FieldK2VanishingStatement) (hK2 : ElemFPCharZero.CharZeroStableK2FGStatement)
metabelianPiecesStatement_of_quasiLinear	 (hcop : CoprimaryLinearQuotientsStatement) (hql : QuasiLinearHostStatement)
metricBoundedRepeatedRelativePattern_trivialModel	 (hbase : D.base.Finite) (hS : S.Infinite)
mfHomKernel_units_eq_commutator	 (hB : FullDefectRankTwo.PrintedFullComplementaryIdempotentsRankTwo) (hK1 : AGPUnitK1) (hMM : AGPMenalMoncasiReduction) (hS1 : AGPStepOne) (hAb : CountableAbelianMF)
mfPresentations_pi02Complete	 (h : RecognitionAnalyticInputs)
mfPresentations_pi02Complete_of	 (hShulman : HNNPermanence.ShulmanTheorem16Statement) (hUeda : HNNPermanence.UedaCornerMapStatement) (h : EffectiveHigmanCompiler)
mid_moves	 (h : G)
midpointCount_add_six_le	 (hplanar : M.IsPlanar)
midpointCount_add_six_le_twoGon	 (hplanar : M.IsPlanar)
minasyanOsinStatement_of	 (hOsin : OsinTheorem12.{0, v}) (hTree : SkeletonAH3Input.{v})
minasyanOsinStatement_of_dgo	 (h68 : DGOTheorem68.{0, v}) (h4 : OsinAH4ToAH1.{0}) (hTree : SkeletonAH3Input.{v})
minasyanOsinStatement_of_osin_axis	 (hOsin : OsinTheorem12.{0, 0})
minasyanOsinStatement_of_osinTheorem12	 (hOsin : OsinTheorem12.{0, 0})
minTensor	 (hA : A.IsCommutative) (hC : C.IsCommutative)
mk_mem_of_eventually_isBoundedConjProduct	 (hH : H.Normal)
mk'	 (hH : H.FG)
mod_eq_of_bvert_eq	 (hS : D.SimpleBoundary)
mul_star_sumConj	 (hU : U.IsUnitaryAdj)
mul_star_toBdd	 (hU : U.IsUnitaryAdj)
multipleEdgeCutBelowInput_of_copyPieces	 (hcollar : GeodesicCollarStatement.{u, w, v}) (hcell : PocketCellTransportStatement.{u, w, v})
multipleEdgeCutInput_of_copyPieces	 (hcollar : GeodesicCollarStatement.{u, w, v}) (hcell : PocketCellTransportStatement.{u, w, v})
multipleEdgeCutInput_of_pieces	 (hcollar : GeodesicCollarStatement.{u, w, v}) (hcell : PocketCellTransportStatement.{u, w, v})
multipleEdgePocketRegionCopyBelowInput_of_pinchBelowSectionOrderEuler	 (hcopy : CellPocketCopyCleanBothOrdersStatement.{u, w, v}) (hout : CellPocketWalkOuterOffSideSomeOrderStatement.{u, w, v}) (heuler : CellPocketWalkEulerStatement.{u, w, v})
multipleEdgePocketRegionCopyBelowInput_of_pinchSectionOrderEuler	 (hcopy : CellPocketCopyCleanBothOrdersStatement.{u, w, v}) (hout : CellPocketWalkOuterOffSideSomeOrderStatement.{u, w, v}) (heuler : CellPocketWalkEulerStatement.{u, w, v})
multipleEdgePocketRegionCopyBelowInput_of_refuted	 (hcopy : CellPocketCopyCleanBothOrdersStatement.{u, w, v}) (hout : CellPocketWalkOuterOffSideSomeOrderStatement.{u, w, v})
multipleEdgePocketRegionCopyInput_of_pinch	 (hcopy : CellPocketCopyCleanStatement.{u, w, v}) (hout : CellPocketWalkOuterOffSideStatement.{u, w, v}) (hkept : CellPocketWalkSideRelatorCellStatement.{u, w, v}) (hpinch : CellPocketPinchPosStatement.{u, w, v})
multipleEdgePocketRegionCopyInput_of_pinchOrder	 (hcopy : CellPocketCopyCleanBothOrdersStatement.{u, w, v}) (hout : CellPocketWalkOuterOffSideSomeOrderStatement.{u, w, v}) (hfollow : CellPocketWalkEitherFollowsStatement.{u, w, v}) (hpinch : CellPocketPinchPosStatement.{u, w, v})
multipleEdgePocketRegionCopyInput_of_pinchOrderEuler	 (hcopy : CellPocketCopyCleanBothOrdersStatement.{u, w, v}) (hout : CellPocketWalkOuterOffSideSomeOrderStatement.{u, w, v}) (heuler : CellPocketWalkEulerStatement.{u, w, v}) (hpinch : CellPocketPinchPosStatement.{u, w, v})
multipleEdgePocketRegionCopyInput_of_pinchSectionOrderEuler	 (hcopy : CellPocketCopyCleanBothOrdersStatement.{u, w, v}) (hout : CellPocketWalkOuterOffSideSomeOrderStatement.{u, w, v}) (heuler : CellPocketWalkEulerStatement.{u, w, v})
multipleEdgePocketRegionEulerCopyInput_of_order	 (hcopy : CellPocketCopyCleanBothOrdersStatement.{u, w, v}) (hout : CellPocketWalkOuterOffSideSomeOrderStatement.{u, w, v}) (heuler : CellPocketWalkEulerStatement.{u, w, v})
mvExists_of_exact	 (hS : S.Exact)
mvExists_of_exactOf	 (hS : S.Exact)
ncard_le_split	 (hA : A.Finite)
ne_next_of_not_firstTurn	 (hK : K.ClosedWalk)
ne_or_of_leastArea	 (hlea : Delta.LeastArea)
near1_not_side	 (hM : M.IsPlanar)
nearestCellCutInput_of_pocket	 (h : NearestCellPocketStatement.{u, w, v})
nearestCellCutSection_of_pocket	 (h : NearestCellPocketStatement.{u, w, v})
nearMinimal_alphabet_subset_full	 (hconn : Gamma.Preconnected)
nearMinimal_isQuasiIsometry_full	 (hconn : Gamma.Preconnected)
nearMinimal_wordNorm_le_three_mul_full	 (hconn : Gamma.Preconnected)
nearMinimal_wordNorm_le_three_of_mem_full	 (hconn : Gamma.Preconnected)
negativeSolutionToProblemXXII_of_borsukUlam	 (hBU : ComplexOddMapCommonZero)
nextMember_le	 (hS : S.Infinite)
nextMember_mem	 (hS : S.Infinite)
nextStage_mem_map	 (htower : HullSC.HullTowerStatementGeneral.{0})
nextStage_q_apply	 (htower : HullSC.HullTowerStatementGeneral.{0})
nextStage_q_eq_one	 (htower : HullSC.HullTowerStatementGeneral.{0})
NF_sigma_mul	 (h : H)
nfCommGen_finite	 (hS : S.Finite) (hF : F.Finite)
nfDisjGen_finite	 (hS : S.Finite) (hE : E.Finite)
nk2Core_finitelyPresentedMetabelian	 (hH : Absorption.SuslinLocalHorrocksStatement) (hvdk : ElemFP.VdKRowExtensionStatement) (hgen : ElemFPCharZero.CharZeroK2PosStabGenStatement) (hU : ElemFPCharZero.nk2Core_SliceStatement) (hswap : HigmanVSwapSectionStatement)
nk2Slice_finitelyPresentedMetabelian	 (hH : Absorption.SuslinLocalHorrocksStatement) (hvdk : ElemFP.VdKRowExtensionStatement) (hgen : ElemFPCharZero.CharZeroK2PosStabGenStatement) (hU : ElemFPCharZero.nk2Slice_CofinalStatement) (hswap : HigmanVSwapSectionStatement)
nk2Unify_charPCone_of_polyK2CubeNilLocal	 (h : PolyK2CubeNilLocalStatement)
nk2Unify_finitelyPresentedMetabelian	 (hH : Absorption.SuslinLocalHorrocksStatement) (hvdk : ElemFP.VdKRowExtensionStatement) (hgen : ElemFPCharZero.CharZeroK2PosStabGenStatement) (hU : ElemFPCharZero.nk2Unify_ConeStatement) (hswap : HigmanVSwapSectionStatement)
nkStep_StepFGPos_of_stepFGDiag	 (h : CharZeroK2NilStepFGDiagStatement)
nmWire_cellStepBelow_of_cellRoseUncut	 (h : GreendlingerLeaf.Piece06.CellRoseUncutStatement.{u, w, v})
nmWire_copy_of_cellRoseUncut_proper	 (h06 : GreendlingerLeaf.Piece06.CellRoseUncutStatement.{u, w, v}) (h07 : CellPocketWalkProperArcsBelowSectionStatement.{u, w, v})
nmWire_copy_of_cellStepBelow_proper	 (h06 : CellPocketOuterPinchStepSectionDistinctBelowStatement.{u, w, v}) (h07 : CellPocketWalkProperArcsBelowSectionStatement.{u, w, v})
nmWire_copy_of_corrected_nearestCellPocket	 (hencl : GroupApproximation.Full.GL03BPinch.InnerPocketEnclosedTwoArcCorrected.{u, w, v}) (hnear : GroupApproximation.Full.GL06h4.NearestCellPocketStatement.{u, w, v})
nmWire_copy_of_corrected_shortPocket	 (hencl : GroupApproximation.Full.GL03BPinch.InnerPocketEnclosedTwoArcCorrected.{u, w, v}) (hshort : GroupApproximation.Full.GL06h4.gl06h4Nearest_shortPocketStatement.{u, w, v})
nmWire_greendlinger_of_copy_step	 (hcopy : OsinMultipleEdgePocketRegionCopyBelowSectionStatement.{u, w, v}) (hstep : PocketOuterPinchStepSectionStatement.{u, w, v})
nmWire_greendlinger_of_core_corrected_shortPocket	 (hcore : GroupApproximation.Full.GL03DKept.gl03dKept_KeptSubwalkCoreStatement.{u, w, v}) (hencl : GroupApproximation.Full.GL03BPinch.InnerPocketEnclosedTwoArcCorrected.{u, w, v}) (hshort : GroupApproximation.Full.GL06h4.gl06h4Nearest_shortPocketStatement.{u, w, v})
nmWire_greendlinger_of_core_uncut_proper	 (hcore : GroupApproximation.Full.GL03DKept.gl03dKept_KeptSubwalkCoreStatement.{u, w, v}) (h06 : GreendlingerLeaf.Piece06.CellRoseUncutStatement.{u, w, v}) (h07 : CellPocketWalkProperArcsBelowSectionStatement.{u, w, v})
nmWire_step_of_keptSubwalk	 (h : GroupApproximation.Full.GL03D.KeptSubwalkStatement.{u, w, v})
nmWire_step_of_keptSubwalkCore	 (h : GroupApproximation.Full.GL03DKept.gl03dKept_KeptSubwalkCoreStatement.{u, w, v})
nmWire_step_of_lobeRemoval	 (h : GreendlingerLeaf.P10RoseExtremalTrim.roseJunctionCore_LobeRemovalStatement.{u, w, v})
nmWire_step_of_roseRegionMoveSubArc	 (h : GroupApproximation.Full.GL06f.RoseRegionMoveSubArcStatement.{u, w, v})
nmWire_torsionFreeEndpoints_of_copy_step	 (hcopy : OsinMultipleEdgePocketRegionCopyBelowSectionStatement.{0, 0, 0}) (hstep : PocketOuterPinchStepSectionStatement.{0, 0, 0})
nmWire_torsionFreeEndpoints_of_core_corrected_short	 (hcore : GroupApproximation.Full.GL03DKept.gl03dKept_KeptSubwalkCoreStatement.{0, 0, 0}) (hencl : GroupApproximation.Full.GL03BPinch.InnerPocketEnclosedTwoArcCorrected.{0, 0, 0}) (hshort : GroupApproximation.Full.GL06h4.gl06h4Nearest_shortPocketStatement.{0, 0, 0})
nmWire_torsionFreeEndpoints_of_core_uncut_p07	 (hcore : GroupApproximation.Full.GL03DKept.gl03dKept_KeptSubwalkCoreStatement.{0, 0, 0}) (h06 : GreendlingerLeaf.Piece06.CellRoseUncutStatement.{0, 0, 0})
nmWire_torsionFreeEndpoints_of_lobeRemoval_copyLeaves	 (hlobe : GreendlingerLeaf.P10RoseExtremalTrim.roseJunctionCore_LobeRemovalStatement.{0, 0, 0})
nmWire2_copy_of_allCells	 (hall :       GroupApproximation.Full.GL06e.AllCellsShortEnclosedRefutedBelowSectionStatement.{u, w, v})
nmWire2_copy_of_descent	 (h : GroupApproximation.Full.GL06h5.gl06h5_descentPocketStatement.{u, w, v})
nmWire2_copy_of_nearestCellCut	 (hcut : GroupApproximation.Full.GL06h3.NearestCellCutSectionStatement.{u, w, v})
nmWire2_copy_of_nearestCellPocket	 (hnear : GroupApproximation.Full.GL06h4.NearestCellPocketStatement.{u, w, v})
nmWire2_copy_of_shortBoundary	 (h : GroupApproximation.Full.GL06h3.ShortBoundaryRefutedBelowSectionStatement.{u, w, v})
nmWire2_copy_of_shortPocket	 (hshort : GroupApproximation.Full.GL06h4.gl06h4Nearest_shortPocketStatement.{u, w, v})
nmWire2_greendlinger_of_core_allCells	 (hcore : GroupApproximation.Full.GL03DKept.gl03dKept_KeptSubwalkCoreStatement.{u, w, v}) (hall :       GroupApproximation.Full.GL06e.AllCellsShortEnclosedRefutedBelowSectionStatement.{u, w, v})
nmWire2_greendlinger_of_core_shortPocket	 (hcore : GroupApproximation.Full.GL03DKept.gl03dKept_KeptSubwalkCoreStatement.{u, w, v}) (hshort : GroupApproximation.Full.GL06h4.gl06h4Nearest_shortPocketStatement.{u, w, v})
nmWire2_greendlinger_of_step_allCells	 (hstep : PocketOuterPinchStepSectionStatement.{u, w, v}) (hall :       GroupApproximation.Full.GL06e.AllCellsShortEnclosedRefutedBelowSectionStatement.{u, w, v})
nmWire2_refutedBelow_of_allCells	 (hall :       GroupApproximation.Full.GL06e.AllCellsShortEnclosedRefutedBelowSectionStatement.{u, w, v})
nmWire2_refutedBelow_of_descent	 (h : GroupApproximation.Full.GL06h5.gl06h5_descentPocketStatement.{u, w, v})
nmWire2_refutedBelow_of_nearestCellCut	 (hcut : GroupApproximation.Full.GL06h3.NearestCellCutSectionStatement.{u, w, v})
nmWire2_refutedBelow_of_nearestCellPocket	 (h : GroupApproximation.Full.GL06h4.NearestCellPocketStatement.{u, w, v})
nmWire2_refutedBelow_of_shortBoundary	 (h : GroupApproximation.Full.GL06h3.ShortBoundaryRefutedBelowSectionStatement.{u, w, v})
nmWire2_refutedBelow_of_shortPocket	 (h : GroupApproximation.Full.GL06h4.gl06h4Nearest_shortPocketStatement.{u, w, v})
nmWire2_torsionFreeEndpoints_of_core_allCells	 (hcore : GroupApproximation.Full.GL03DKept.gl03dKept_KeptSubwalkCoreStatement.{0, 0, 0}) (hall :       GroupApproximation.Full.GL06e.AllCellsShortEnclosedRefutedBelowSectionStatement.{0, 0, 0})
nmWire2_torsionFreeEndpoints_of_core_short	 (hcore : GroupApproximation.Full.GL03DKept.gl03dKept_KeptSubwalkCoreStatement.{0, 0, 0}) (hshort : GroupApproximation.Full.GL06h4.gl06h4Nearest_shortPocketStatement.{0, 0, 0})
nmWire2_torsionFreeEndpoints_of_lobeRemoval_allCells	 (hlobe : GreendlingerLeaf.P10RoseExtremalTrim.roseJunctionCore_LobeRemovalStatement.{0, 0, 0}) (hall :       GroupApproximation.Full.GL06e.AllCellsShortEnclosedRefutedBelowSectionStatement.{0, 0, 0})
nmWire2_torsionFreeEndpoints_of_lobeRemoval_copyLeaves	 (hlobe : GreendlingerLeaf.P10RoseExtremalTrim.roseJunctionCore_LobeRemovalStatement.{0, 0, 0})
nmWire2_torsionFreeEndpoints_of_lobeRemoval_copyResiduals	 (hlobe : GreendlingerLeaf.P10RoseExtremalTrim.roseJunctionCore_LobeRemovalStatement.{0, 0, 0})
nmWire2_torsionFreeEndpoints_of_step_allCells	 (hstep : PocketOuterPinchStepSectionStatement.{0, 0, 0}) (hall :       GroupApproximation.Full.GL06e.AllCellsShortEnclosedRefutedBelowSectionStatement.{0, 0, 0})
no_peripheral_power_of_hyperbolic_finiteFamily	 (hemb : D.IsHyperbolicallyEmbedded)
no_selfEdge	 (hM : M.IsPlanar)
no_selfEdge_face	 (hmin : S.DartMinimal)
noCellInside	 (hleast : Delta.LeastArea)
nodup_of_head_not_mem_tail	 (hnodup : O.Nodup)
noFilterMove_of_regionMoveSubArc	 (h : P10Rose.RoseRegionMoveSubArcStatement.{u, w, v})
noLoops	 (h : S.NoLoops)
noMultipleEdges	 (h : S.NoMultipleEdges)
noncrossing_of_copyClean	 (hlea : S.diagram.LeastArea)
noncrossing_of_pocketOrbit	 (hM : M.IsPlanar)
nondegenerate_of_leastArea	 (hlea : X.LeastArea)
nonDisjWitNonMetabelian_of_towerPermEmbedding	 (h04 : TowerPermEmbeddingStatement.{0})
nonempty_configuration_of_paragraph	 (h : FournierFacioParagraphFreeWitness)
nonempty_fpOvergroup_of_markedEmbedding	 (hR : R.Finite)
nonempty_fpOvergroup_of_markedEmbedding_and_embeddedGraph	 (hR : R.Finite)
nonempty_fpOvergroup_of_markedEmbedding_and_graph	 (hR : R.Finite)
nonempty_host_of_higman	 (hA : TorsionFreeHigmanEmbedding)
nonempty_hull_of_inputs	 (hA : TorsionFreeHigmanEmbedding) (hB : AbsorberRecursivePresentation)
nonempty_osinLoopCut_of_pocketRegion	 (hcollar : GeodesicCollarStatement.{u, w, v}) (hcell : PocketCellTransportStatement.{u, w, v}) (hlea : Delta.LeastArea) (hin : P.inner.FollowsBoundary) (hout : P.outer.FollowsBoundary)
nonempty_osinLoopCut_of_pocketRegion_twoArcs	 (hcollar : GeodesicCollarStatement.{u, w, v}) (hcell : PocketCellTransportStatement.{u, w, v}) (hlea : Delta.LeastArea) (hin : P.inner.FollowsBoundary) (hout : P.outer.FollowsBoundary)
nonempty_osinMultipleEdgeCut_of_pocketRegion	 (hcollar : GeodesicCollarStatement.{u, w, v}) (hcell : PocketCellTransportStatement.{u, w, v}) (hlea : Delta.LeastArea) (hin : P.inner.FollowsBoundary) (hout : P.outer.FollowsBoundary)
nonempty_osinSectionPocketCut	 (hcell : PocketCellTransportStatement.{u, w, v}) (houter : PocketOuterTransportStatement.{u, w, v}) (hlea : Delta.LeastArea) (hK : K.Collared)
nonempty_pocketCarrier_of_sideFaces_eq	 (hK : K.Simple)
nonempty_powerDiscCandidate_of_cactusDeletion	 (hplanar : Delta.toCombMap.IsPlanar)
nonempty_powerDiscCandidate_of_cactusFoldChain	 (hplanar : Delta.toCombMap.IsPlanar) (hred : Delta.Reduced)
nonempty_rotatingQuotient_dot	 (hK : K.Normal)
nonempty_universalTorsionFreeHost_of_inputs	 (hA : TorsionFreeHigmanEmbedding) (hB : AbsorberRecursivePresentation)
nonempty_universalTorsionFreeHost_of_omega	 (hOmega : Higman.Omega.OmegaInput)
nonempty_universalTorsionFreeHost_of_three	 (hb : CountableToFG) (ht : TorsionPreservation) (hB : AbsorberRecursivePresentation)
nonemptyRelativeDiscRealization_of_statement	 (hreal : RelativeDiscRealizationStatement.{u, w})
noninterleave_of_fourBlock	 (h : FourBlockStatement.{u, w, v})
noninterleaveNondeg_of_curveSublist	 (h : WitnessCurveSublistNondegStatement.{u, w, v})
noninterleaveNondeg_of_fourBlockNondeg	 (h : FourBlockNondegStatement.{u, w, v})
noninterleaveNondeg_of_noninterleave	 (h : PocketFourPieceWitnessNoninterleaveStatement.{u, w, v})
nonMFPresentations_sigma02Complete	 (h : RecognitionAnalyticInputs)
nonRose	 (hK : K.ClosedWalk)
noPlanarDegenerate_of_arcAuditResidual	 (h : PocketFourPieceArcAuditResidualStatement.{u, w, v})
noPlanarDegenerate_of_pinchCase	 (h : PinchCaseStatement.{u, w, v})
noPlanarDegenerate_of_planar	 (h : PocketFourPieceWitnessPlanarStatement.{u, w, v})
noPlanarDegenerate_of_step	 (h : NoPlanarDegenStepStatement.{u, w, v})
noPlanarDegenStep_of_absorbFaceSet	 (h : AbsorbFaceSetStatement.{u, w, v})
noPlanarDegenStep_of_noWalkAbsorb	 (h : NoWalkAbsorbStatement.{u, w, v})
norm_act_sub_lt_of_eigenvalue_above_gap	 (hS : S.Nonempty)
norm_act_sub_mul_projection_le	 (hS : S.Nonempty)
norm_act_sub_sq_le	 (hS : S.Nonempty)
norm_act_sub_sq_le_of_eigenvector	 (hS : S.Nonempty)
norm_apply_le_opNorm	 (hT : T.IsBounded)
norm_average_sq_div_scale_le	 (hS : S.Nonempty)
norm_average_sq_le_average_norm_sq	 (hS : S.Nonempty)
norm_clifford_smul_act_sub_le	 (h : H)
norm_cornerCompression_projectionSandwich	 (hP : P.IsHermitian)
norm_eigenCalc	 (hH : H.IsHermitian)
norm_finiteModelAverage_centeredIndicator_sub_sq_le	 (hS : S.Nonempty)
norm_finiteModelAverage_indicator_sub_sq_le	 (hS : S.Nonempty)
norm_finiteModelAverage_indicator_sub_sq_le_two_card	 (hS : S.Nonempty)
norm_finiteModelAverage_le	 (hS : S.Nonempty)
norm_finiteModelIndicatorIterate_displacement_le_initial	 (hS : S.Nonempty)
norm_finiteModelIndicatorIterate_sq_le_card	 (hS : S.Nonempty)
norm_finiteModelIndicatorIterate_sub_le	 (hS : S.Nonempty)
norm_folnerVec	 (hA : A.Nonempty)
norm_hermitianInvSqrtDiagonal_sub_one_le	 (hP : P.IsHermitian)
norm_indicatorIterate_mul_initialDisplacement_le_two_card	 (hS : S.Nonempty)
norm_indicatorVec_sq_pos	 (hA : A.Nonempty)
norm_le_displacement	 (hQ : Q.Nonempty)
norm_leftRegular_unitVec_sub_sq_le	 (hA : A.Nonempty)
norm_map	 (h : U.IsUnitaryAdj)
norm_maximalCStarAverage_le	 (hS : S.Nonempty)
norm_mem_spectrum_add_norm_one	 (h : A)
norm_mem_spectrum_add_scalar_one	 (h : A)
norm_mk_translationForm_apply_le	 (h : G)
norm_orbitAverage_sub_lt	 (hS : S.Nonempty)
norm_pairIndicatorIterate_displacement_le_initial	 (hS : S.Nonempty)
norm_pairIndicatorIterate_sq_le_card	 (hS : S.Nonempty)
norm_pairIndicatorIterate_sub_le	 (hS : S.Nonempty)
norm_signOfHermitian_sub_le	 (hH : H.IsHermitian)
norm_single_one	 (h : G)
norm_spectralAbove_le_one	 (hH : H.IsHermitian)
norm_spectralAbove_sub_le	 (hH : H.IsHermitian)
norm_spectralBelow_mul_sq_le	 (hH : H.IsHermitian)
norm_sub_one_mul_spectralAbove_le	 (hH : H.IsHermitian)
norm_unitaryAverage_le_one	 (hS : S.Nonempty)
norm_unitVec	 (hA : A.Nonempty)
norm_wallCocycle_sq	 (hfin : SeparationFinite)
norm_word_displacement_le	 (hS : S.Nonempty)
normal_eq_top_of_nonidentity_diagonal_mem	 (hN : N.Normal)
normal_eq_top_of_nonzero_elementaryRoot_mem	 (hN : N.Normal)
normal_map_of_finiteIndex	 (hL : L.Normal)
normalClosure_eq_bot_of_hullRelatorRespellingUnguarded	 (h : HullRelatorRespellingStatementUnguarded.{u, 0})
normalClosure_eq_of_transitive_simple	 (hLnormal : L.Normal)
normalClosure_singleton_eq_pair	 (h : H)
normalized_norm_average_le	 (hS : S.Nonempty)
normalizesNoNontrivialFinite_of_isHyperbolicallyEmbedded	 (hemb : D.IsHyperbolicallyEmbedded)
normalLevel_eq_bot_of_proper_normal	 (hN : N.Normal)
normalWord_mem_matchedCutter_of_rightEdgeScan	 (head : Edge)
normMap_apply	 (h : G)
normTrace_re_nonneg_of_posSemidef	 (hZ : Z.PosSemidef)
not_both_fixed	 (hM : M.IsConnected)
not_cellPocketPinchPosStatement_of_monogon_cells	 (hK : K.ClosedWalk)
not_computablePred_of_undecidableTM0	 (h : UndecidableTM0)
not_connectedPairSpan_of_infinite	 (hD : D.IsHyperbolicallyEmbedded)
not_contactKeep_of_mem	 (hleast : Delta.LeastArea)
not_designatedTracesAreAllTraces_antipodal	 (hBU : ComplexOddMapCommonZero)
not_eqvGen_alpha_of_sameFace	 (hM : M.IsPlanar)
not_everyAntipodalCompletionTraceIsContinuousExtension_of_borsukUlam	 (hBU : ComplexOddMapCommonZero)
not_exists_outsideKept_of_avoid	 (hM : M.IsPlanar)
not_faceClass_alpha	 (hM : M.IsPlanar)
not_far_pow	 (hM : M.IsPlanar)
not_fixed_boundedPenetration_power_slice	 (hemb : D.IsHyperbolicallyEmbedded) (hS : S.Infinite)
not_internal_of_walkKeep	 (hM : M.IsPlanar)
not_isAmenable_of_not_isOperatorMF	 (h : AmenableMFInput.{u})
not_isAmenable_of_not_isOperatorMF_of_tww	 (hucp : Quasidiagonal.UCPContractive.{u})
not_isCompOf_auxCycle_last	 (h : G)
not_isCompOf_transferLetter_comp	 (h : G)
not_isCompStart_boundary	 (h : G)
not_isCompStart_of_mem_pre	 (h : G)
not_isElementaryGroup_of_infinite_of_kazhdan	 (hEA : ElementaryAmenableStatement)
not_isSimpleGroup_of_invariant	 (hne : Y.Nonempty)
not_leaf_of_dartMinimal	 (hpendant : PendantPathRemovalInput.{u, w, v}) (hS : S.DartMinimal)
not_leaf_of_dartMinimal_closed	 (hS : S.DartMinimal)
not_mem_sideFaces	 (hM : M.IsPlanar)
not_mem_sideFaces_of_two_faces	 (hM : M.IsPlanar)
not_mem_sideFaces_or_of_barrier_noncrossing	 (hM : M.IsPlanar)
not_mem_sideFaces_or_of_two_faces	 (hM : M.IsPlanar)
not_oriented_both	 (hM : M.IsPlanar)
not_osinCommensurable_iff_forall_conj_notMem_elementaryClosure	 (hfin : A.carrier.Finite)
not_osinCommensurable_of_mem_distinct_jointPeripherals	 (hemb : D.IsHyperbolicallyEmbedded)
not_outerFace_across_arc_of_outerOffSide	 (hout : CellPocketWalkOuterOffSideStatement.{u, w, v}) (hlea : Delta.LeastArea)
not_pairwiseNonCommensurable_const	 (h : G)
not_pocketPinchLabelledStatement_of_monogons	 (hK : K.ClosedWalk)
not_pocketPinchStepStatement_of_monogons	 (hK : K.ClosedWalk)
not_problemLIX_of_lemmaTwo	 (h : LIX.LemmaTwoHolds)
not_problemLIX_of_lemmaTwo_data	 (h : LIX.LemmaTwoHolds)
not_problemX1Statement_of_amenableNonQuasidiagonalTrace	 (h : AmenableNonQuasidiagonalTrace.{1})
not_problemX1Statement_of_literalFactorizationProperty	 (h : LiteralFactorizationProperty)
not_reach	 (hM : M.IsPlanar)
not_reach_outside	 (hM : M.IsPlanar)
not_reach_p	 (hM : M.IsPlanar)
not_sixDart_of_val	 (hM : M.IsPlanar)
not_subset_relBall_of_infinite	 (hemb : D.IsHyperbolicallyEmbedded)
not_subset_relBall_of_infinite_family	 (hemb : D.IsHyperbolicallyEmbedded)
notMem_elementaryClosure_of_no_common_zpow	 (hfin : A.carrier.Finite)
notMem_map_base_of_comp	 (h : G)
notMem_revInv_map_base_of_comp	 (h : G)
noWalkAbsorb_of_noPlanarDegenStep	 (h : NoPlanarDegenStepStatement.{u, w, v})
noWrapClauses_of_noWrapCoreClauses	 (hK : K.ClosedWalk)
noWrapCore_of_blockCore	 (h : RoseExtremalBlockCoreStatement.{u, w, v})
noWrapCore_of_blockNoWrap	 (h : P10ExtremalWrap.RoseExtremalBlockNoWrapStatement.{u, w, v})
noWrapCore_of_extremalClass	 (h : RoseExtremalClassStatement.{u, w, v})
noWrapCore_of_extremalRegion	 (h : RoseExtremalRegionStatement.{u, w, v})
nuclear_and_mf_iff_nuclear_and_quasidiagonal_of_localization_of_nfQuasidiagonal	 (hNFQD : NFQuasidiagonalStatement.{u}) (hloc : RelatedBK.CoronaUCPFiniteCoordinateLocalizationStatement)
nuclear_and_mf_iff_nuclear_and_quasidiagonal_of_nfQuasidiagonal	 (hNFQD : NFQuasidiagonalStatement.{u})
nuclear_of_commutative	 (hC : C.IsCommutative)
nuclearAmenableTraceSeparable_of_connesTrick_of_nuclearDensity	 (h11 : ConnesTrickStatement.{u}) (h12 : NuclearTraceApproxDensityStatement.{u})
nuclearAmenableTraceSeparable_of_layerRounding_of_nuclearDensity	 (h : LayerRoundingStatement.{u}) (h12 : NuclearAmenable.NuclearTraceApproxDensityStatement.{u})
nuclearAmenableTraceSeparable_of_nuclearAmenableTraceInput	 (h : QuasidiagonalMF.NuclearAmenableTraceInput.{u})
nuclearAmenableTraceSeparable_of_nuclearLocallyAmenableTrace	 (h : NuclearLocallyAmenableTraceStatement.{u})
nuclearAmenableTraceStatement_of_input	 (h : QuasidiagonalMF.NuclearAmenableTraceInput.{u})
nuclearDensityGapStatement_of_close	 (hsqrt : ContractionSqrtCommutatorStatement)
nuclearLocallyAmenableTrace_of_connesTrick_of_nuclearDensity	 (h11 : ConnesTrickStatement.{u}) (h12 : NuclearTraceApproxDensityStatement.{u})
nuclearLocallyAmenableTrace_of_layerRounding_of_nuclearDensity	 (h : LayerRoundingStatement.{u}) (h12 : NuclearAmenable.NuclearTraceApproxDensityStatement.{u})
nuclearStablyFiniteMF_of_blackadarKirchbergQuasidiagonalQuestion	 (hq : RelatedTWW.BlackadarKirchbergQuasidiagonalQuestion.{u})
nuclearTraceApproxDensityStatement_of_close	 (hsqrt : ContractionSqrtCommutatorStatement)
nuclearTraceApproxDensityStatement_of_nuclearDensityGapStatement	 (h : NuclearDensityGapStatement.{u})
objectAction_expands	 (hT : T.Nonempty)
objectAction_injOn	 (hT : T.Nonempty)
objectAction_locallyMultiplicative	 (hT : T.Nonempty)
objectBlocks_objectImage_subset	 (hT : T.Nonempty)
objectEmbedding_injective	 (hT : T.Nonempty)
objectEmbedding_mem	 (hT : T.Nonempty)
objectImage_subset_parent	 (hT : T.Nonempty)
objectModel_size	 (hT : T.Nonempty)
of_diagram	 (hred : Delta.Reduced)
of_eq_one_of_killed	 (hDiamond : DiamondLemmaWordProblem)
ofClosedFG	 (hfg : H.FG)
ofCoprodI_relator	 (h : H)
ofPlanar_boundaryWord	 (hplanar : M.IsPlanar)
ofPlanar_rCellCount	 (hplanar : M.IsPlanar)
omegaInput_of	 (h : OmegaTowerInput)
omegaInput_of_halfLine	 (h : HalfLineInput)
omegaInput_of_shearedLinkBenign	 (hd : SlimDescent)
omegaInput_of_slimLinkBenign	 (hd : SlimDescent)
omegaInput_of_slimLinked	 (hd : SlimDescent) (h : SlimLinkedBenignTower)
omegaInput_of_slimLinked'	 (h : SlimLinkedBenignTower)
omegaInput_of_slimWBenign	 (hd : SlimDescent) (h : SlimWBenign)
omegaInput_of_slimWBenign'	 (h : SlimWBenign)
omegaTowerInput_of_slimLinked	 (hd : SlimDescent) (h : SlimLinkedBenignTower)
omegaTowerInput_of_slimWBenign	 (hd : SlimDescent) (h : SlimWBenign)
one_mem_prefixValues_of_nonempty	 (hW : W.Nonempty)
one_mem_switchRelators	 (hDiamond : DiamondLemmaWordProblem)
one_sub_spectralAbove_eq_eigenCalc	 (hH : H.IsHermitian)
one_sub_spectralProjection_ne_zero_iff	 (hS : S.Nonempty)
oneStep_of_frame	 (h : FrameApproximationStatement)
oneStepApproximation_of_glimm	 (hG : GlimmLemmaStatement)
oneSubMul_sum	 (h : G)
oneSubMul_zero	 (h : G)
openResidualsBelow_of_frontier	 (hbudget : OsinLemma94ClassEndLoopsBudgetInput.{u, w, v}) (hrot : Piece04.ClassPocketRotationTurnStatement.{u, w, v}) (hmono : Piece06.CornerRefine.MonogonCornerStatement.{u, w, v}) (hlakes : Piece06.CellRoseUncutLakesBelowStatement.{u, w, v}) (hinner : P07LakeExclusion.CellPocketInnerTwoArcLongStatement.{u, w, v}) (hnon : P10ChordLift.NonRoseStepStatement.{u, w, v}) (hsub : P10Rose.RoseRegionMoveSubArcStatement.{u, w, v})
openResidualsBelow_of_openFrontier	 (h : OpenFrontierStatement.{u, w, v})
openResidualsBelow_of_regionEndpoints	 (h : RegionEndpointsStatement.{u, w, v})
opNorm_add_le	 (hT : T.IsBounded) (hS : S.IsBounded)
opNorm_adjoint	 (hT : T.IsBounded)
opNorm_adjoint_comp_self	 (hT : T.IsBounded)
opNorm_comp_le	 (hS : S.IsBounded) (hT : T.IsBounded)
opNorm_sq_le_opNorm_adjoint_comp_self	 (hT : T.IsBounded)
opNorm_sub_le	 (hT : T.IsBounded) (hS : S.IsBounded)
orbit_image_eq	 (h : H)
orbit_stable	 (h : H)
orbitAverage_fixed	 (h : G)
orbitBound_family_of_orbitLowerBound	 (h : G)
ord_alpha_X_eq_wd	 (hM : M.IsPlanar)
ord_false_of_cross	 (hM : M.IsPlanar)
ord_lake_not_mem	 (hM : M.IsPlanar)
ord_pos_lt	 (hM : M.IsPlanar)
ordInner_keep_alpha	 (hM : M.IsPlanar)
ordInner_planar	 (hM : M.IsPlanar)
ordRing_alpha_val	 (hM : M.IsPlanar)
ordRing_connected	 (hM : M.IsPlanar)
ordRing_ext	 (hM : M.IsPlanar)
ordRing_facePerm_pow_wd	 (hM : M.IsPlanar)
ordRing_facePerm_val_of_alpha_mem	 (hM : M.IsPlanar)
ordRing_facePerm_val_of_getElem	 (hM : M.IsPlanar)
ordRing_planar	 (hM : M.IsPlanar)
orientationPureRadical_eq_bot_of_suitable_of_dgoLemma421b	 (h421b : DGOLemma421b.{u, 0})
oriented_or	 (hM : M.IsConnected)
originalOverAux_relBall_finite_of_base_eq	 (hD : D.IsHyperbolicallyEmbedded)
orth_clifford_pair	 (h : H)
osin24HullStep_of_boundedLeaves	 (h44 : HullSC.BoundedHullLemma44CanonicalQuotientStatement.{0}) (hemb : HullSC.BoundedImageEmbeddingStatement.{0, 0}) (h49 : HullSC.HullLemma49KernelPowerStatement.{0, 0})
osin24HullStep_of_data	 (h44family :       HullSC.HullLemma44CanonicalQuotientFamilyInclusionStatement.{0, 0}) (h49 : HullSC.HullLemma49KernelPowerStatement.{0, 0}) (hyi : HullSC.YiSuitablePairAvoidingFiniteOneSided.{0})
osin24SingletonStep_of_hull_of_compatibleAction	 (h44family :       HullSC.HullLemma44CanonicalQuotientFamilyInclusionStatement.{0, 0}) (h49 : HullSC.HullLemma49KernelPowerStatement.{0, 0}) (hyi : HullSC.YiSuitablePairAvoidingFiniteOneSided.{0}) (haction : CompatibleRelativeHullActionStatement.{0, 0})
osin24SingletonStep_of_hull_of_compatibleContinuation	 (h44family :       HullSC.HullLemma44CanonicalQuotientFamilyInclusionStatement.{0, 0}) (h49 : HullSC.HullLemma49KernelPowerStatement.{0, 0}) (hyi : HullSC.YiSuitablePairAvoidingFiniteOneSided.{0}) (haction : CompatibleRelativeHullContinuationStatement.{0, 0})
osinAH4ToAH1_of	 (h54 : OsinTheorem54.{u}) (hne : RelativeCayleyNonElementary.{u})
osinAH4ToAH1WithInfiniteOrder_of	 (h54 : OsinTheorem54.{u}) (h612 : DGOCorollary612.{u})
osinCommensurable_iff_mem_conjugacySaturation_elementaryClosure	 (hfin : A.carrier.Finite)
osinCommensurable_of_mem_conjugacySaturation_elementaryClosure	 (hfin : A.carrier.Finite)
osinDescentSection_of_pocketParts	 (h94 : OsinLemma94SectionStatement.{u, w, v}) (hmulti : OsinMultipleEdgeCutSectionStatement.{u, w, v}) (hloop : OsinLoopCutSectionStatement.{u, w, v}) (hcount : OsinPhiPrimeCountSectionStatement.{u, w, v}) (hpocket : OsinSectionPocketCutSectionStatement.{u, w, v})
osinDescentSection_of_residuals	 (h94 : OsinLemma94SectionStatement.{u, w, v}) (hloop : OsinLoopCutSectionStatement.{u, w, v}) (hcount : OsinPhiPrimeCountSectionStatement.{u, w, v}) (hregion : OsinMultipleEdgePocketRegionSectionStatement.{u, w, v}) (hfaces : OsinSectionPocketFaceSetSectionStatement.{u, w, v}) (hpinch : PocketPinchLabelledStatement.{u, w, v}) (hgeodesic : GeodesicCollarStatement.{u, w, v})
osinDescentSection_of_residualsPos	 (h94 : OsinLemma94SectionStatement.{u, w, v}) (hloop : OsinLoopCutSectionStatement.{u, w, v}) (hcount : OsinPhiPrimeCountSectionStatement.{u, w, v}) (hregion : OsinMultipleEdgePocketRegionSectionStatement.{u, w, v}) (hfaces : OsinSectionPocketFaceSetSectionStatement.{u, w, v}) (hpinch : PocketPinchLabelledPosStatement.{u, w, v}) (hgeodesic : GeodesicCollarStatement.{u, w, v})
osinEnlargementBasepoint_of	 (h24 : OsinLemma24.{u}) (h : SepDataStatement.{u})
osinEulerCountSection_of_phiPrimeCount	 (hcount : OsinPhiPrimeCountSectionStatement.{u, w, v})
osinLemma55_of_guessingGeodesics	 (hgg : GuessingGeodesics.{u})
osinLemma94BadJunctionInput_of_pieces	 (hval : OsinLemma94CellJunctionValueInput.{u, w, v}) (hbound : OsinLemma94BoundaryJunctionBudgetInput.{u, w, v})
osinLemma94BoundaryJunctionBudgetInput_of_pieces	 (hback : OsinLemma94BackwardJunctionCountInput.{u, w, v}) (hval : OsinLemma94BoundaryValueFailureCountInput.{u, w, v})
osinLemma94CaseOne_false_of_walk	 (hwalk : OsinLemma94CaseOneWalkStatement.{u, w, v})
osinLemma94CaseOneCellPinch_of_lobes	 (hvalue : OsinLemma94CaseOneCellLobeValueStatement.{u, w, v}) (hexcision : OsinLemma94CaseOneCellLobeExcisionStatement.{u, w, v})
osinLemma94CaseOneInput_of_walk	 (hwalk : OsinLemma94CaseOneWalkStatement.{u, w, v}) (hsame : OsinLemma94CaseOneSameCellStatement.{u, w, v})
osinLemma94CaseOneInput_of_walk_of_sameCell	 (hwalk : OsinLemma94CaseOneWalkStatement.{u, w, v}) (hsame : OsinLemma94CaseOneSameCellStatement.{u, w, v})
osinLemma94CaseOneNoSpurXPocket_of_enclosedLoopCut	 (hloop : EnclosedSubdiagramLoopCutStatement.{u, w, v})
osinLemma94CaseOneNoSpurXPocket_of_enclosedLoopCutSucc	 (hloop : EnclosedSubdiagramLoopCutSuccStatement.{u, w, v})
osinLemma94CaseOneNoSpurXPocket_of_enclosedLoopCutSuccLong	 (hloop : EnclosedSubdiagramLoopCutSuccLongStatement.{u, w, v})
osinLemma94CaseOneNoSpurYPocket_of_enclosedLoopCut	 (hloop : EnclosedSubdiagramLoopCutStatement.{u, w, v})
osinLemma94CaseOneNoSpurYPocket_of_enclosedLoopCutSucc	 (hloop : EnclosedSubdiagramLoopCutSuccStatement.{u, w, v})
osinLemma94CaseOneNoSpurYPocket_of_enclosedLoopCutSuccLong	 (hloop : EnclosedSubdiagramLoopCutSuccLongStatement.{u, w, v})
osinLemma94CaseOnePockets_of_shapes	 (hsimple : OsinLemma94CaseOneSimplePocketStatement.{u, w, v}) (hbubble : OsinLemma94CaseOneFaceBubbleStatement.{u, w, v}) (hpinch : OsinLemma94CaseOneCellPinchStatement.{u, w, v}) (htouch : OsinLemma94CaseOneTouchVertexStatement.{u, w, v}) (hspur : OsinLemma94CaseOneSpurStatement.{u, w, v})
osinLemma94CaseOneRCell_of_noSpurPockets	 (hspur : OsinLemma94CaseOneRCellSpurStatement.{u, w, v})
osinLemma94CaseOneRCell_of_residuals	 (hisland : OsinLemma94CaseOneIslandStatement.{u, w, v}) (hexcision : OsinLemma94CaseOneExcisionStatement.{u, w, v}) (hpinch : OsinLemma94CaseOneWalkCellPinchStatement.{u, w, v}) (htouch : OsinLemma94CaseOneWalkTouchVertexStatement.{u, w, v}) (hspur : OsinLemma94CaseOneRCellSpurStatement.{u, w, v})
osinLemma94CaseOneRCell_of_walkShapes	 (hsimple : OsinLemma94CaseOneWalkSimpleStatement.{u, w, v}) (hisland : OsinLemma94CaseOneIslandStatement.{u, w, v}) (hexcision : OsinLemma94CaseOneExcisionStatement.{u, w, v}) (hpinch : OsinLemma94CaseOneWalkCellPinchStatement.{u, w, v}) (htouch : OsinLemma94CaseOneWalkTouchVertexStatement.{u, w, v}) (hspur : OsinLemma94CaseOneRCellSpurStatement.{u, w, v})
osinLemma94CaseOneRCellSpur_of_enclosedSucc	 (hloop : EnclosedSubdiagramLoopCutSuccStatement.{u, w, v}) (hsub : ClosedWalkEnclosedSubdiagramSuccStatement.{u, w, v})
osinLemma94CaseOneRCellSpur_of_enclosure	 (hloop : EnclosedSubdiagramLoopCutSuccStatement.{u, w, v}) (hsub : ClosedWalkEnclosedSubdiagramSuccStatement.{u, w, v}) (hencl : OsinLemma94CaseOneSpurEnclosureStatement.{u, w, v})
osinLemma94CaseOneRCellSpur_of_enclosureLong	 (hloop : EnclosedSubdiagramLoopCutSuccLongStatement.{u, w, v}) (hsub : ClosedWalkEnclosedSubdiagramSuccStatement.{u, w, v}) (hencl : OsinLemma94CaseOneSpurEnclosureStatement.{u, w, v})
osinLemma94CaseOneSameCell_of_enclosedLoopCutSucc	 (hloop : EnclosedSubdiagramLoopCutSuccStatement.{u, w, v})
osinLemma94CaseOneSameCell_of_enclosedLoopCutSuccLong	 (hloop : EnclosedSubdiagramLoopCutSuccLongStatement.{u, w, v})
osinLemma94CaseOneSameCell_of_enclosedSucc	 (hloop : EnclosedSubdiagramLoopCutSuccStatement.{u, w, v}) (hsub : ClosedWalkEnclosedSubdiagramSuccStatement.{u, w, v})
osinLemma94CaseOneSameCell_of_noSpurPockets	 (hspur : OsinLemma94CaseOneRCellSpurStatement.{u, w, v})
osinLemma94CaseOneSameCell_of_rCell	 (hrcell : OsinLemma94CaseOneRCellStatement.{u, w, v})
osinLemma94CaseOneSameCell_of_residuals	 (hisland : OsinLemma94CaseOneIslandStatement.{u, w, v}) (hexcision : OsinLemma94CaseOneExcisionStatement.{u, w, v}) (hpinch : OsinLemma94CaseOneWalkCellPinchStatement.{u, w, v}) (htouch : OsinLemma94CaseOneWalkTouchVertexStatement.{u, w, v}) (hspur : OsinLemma94CaseOneRCellSpurStatement.{u, w, v})
osinLemma94CaseOneSameCell_of_sideArcDoubling	 (hdouble : EnclosedBridgeDoublingSideArcSuccStatement.{u, w, v})
osinLemma94CaseOneSameCell_of_walkShapes	 (hsimple : OsinLemma94CaseOneWalkSimpleStatement.{u, w, v}) (hisland : OsinLemma94CaseOneIslandStatement.{u, w, v}) (hexcision : OsinLemma94CaseOneExcisionStatement.{u, w, v}) (hpinch : OsinLemma94CaseOneWalkCellPinchStatement.{u, w, v}) (htouch : OsinLemma94CaseOneWalkTouchVertexStatement.{u, w, v}) (hspur : OsinLemma94CaseOneRCellSpurStatement.{u, w, v})
osinLemma94CaseOneSpur_of_rCellSpur	 (hrspur : OsinLemma94CaseOneRCellSpurStatement.{u, w, v})
osinLemma94CaseOneTouchOnly_of_touchVertex	 (htouch : OsinLemma94CaseOneTouchVertexStatement.{u, w, v})
osinLemma94CaseOneWalkCellLobeExcision_of_simple_rest	 (hsimple : OsinLemma94CaseOneWalkCellLobeExcisionSimpleStatement.{u, w, v}) (hrest : OsinLemma94CaseOneWalkCellLobeExcisionRestStatement.{u, w, v})
osinLemma94CaseOneWalkCellPinch_of_lobes	 (hvalue : OsinLemma94CaseOneWalkCellLobeValueStatement.{u, w, v}) (hexcision : OsinLemma94CaseOneWalkCellLobeExcisionStatement.{u, w, v})
osinLemma94CaseOneWalkCellPinch_of_rest	 (hrest : OsinLemma94CaseOneWalkCellLobeExcisionRestStatement.{u, w, v})
osinLemma94CaseOneXPocket_of_enclosed	 (hloop : EnclosedSubdiagramLoopCutStatement.{u, w, v}) (hface : EnclosedFaceSetOfNoncrossingStatement.{u, w, v}) (hspur : OsinLemma94CaseOneSpurStatement.{u, w, v})
osinLemma94CaseOneXPocket_of_enclosedLoopCut	 (hloop : EnclosedSubdiagramLoopCutStatement.{u, w, v}) (hspur : OsinLemma94CaseOneSpurStatement.{u, w, v})
osinLemma94CaseOneXPocket_of_enclosedLoopCutSucc	 (hloop : EnclosedSubdiagramLoopCutSuccStatement.{u, w, v}) (hspur : OsinLemma94CaseOneSpurStatement.{u, w, v})
osinLemma94CaseOneXPocket_of_shapes	 (hsimple : OsinLemma94CaseOneSimplePocketStatement.{u, w, v}) (hbubble : OsinLemma94CaseOneFaceBubbleStatement.{u, w, v}) (hpinch : OsinLemma94CaseOneCellPinchStatement.{u, w, v}) (htouch : OsinLemma94CaseOneTouchVertexStatement.{u, w, v}) (hspur : OsinLemma94CaseOneSpurStatement.{u, w, v})
osinLemma94CaseOneXPocket_of_touchOnly	 (hsimple : OsinLemma94CaseOneSimplePocketStatement.{u, w, v}) (hbubble : OsinLemma94CaseOneFaceBubbleStatement.{u, w, v}) (hpinch : OsinLemma94CaseOneCellPinchStatement.{u, w, v}) (htouch : OsinLemma94CaseOneTouchOnlyStatement.{u, w, v}) (hspur : OsinLemma94CaseOneSpurStatement.{u, w, v})
osinLemma94CaseOneXPocket_of_walkShapes	 (hsimple : OsinLemma94CaseOneWalkSimpleStatement.{u, w, v}) (hisland : OsinLemma94CaseOneIslandStatement.{u, w, v}) (hexcision : OsinLemma94CaseOneExcisionStatement.{u, w, v}) (hpinch : OsinLemma94CaseOneWalkCellPinchStatement.{u, w, v}) (htouch : OsinLemma94CaseOneWalkTouchVertexStatement.{u, w, v})
osinLemma94CaseOneXPocket_of_xWalk	 (hwalk : OsinLemma94CaseOneXWalkStatement.{u, w, v})
osinLemma94CaseOneXWalk_of_shapes	 (hsimple : OsinLemma94CaseOneWalkSimpleStatement.{u, w, v}) (hisland : OsinLemma94CaseOneIslandStatement.{u, w, v}) (hexcision : OsinLemma94CaseOneExcisionStatement.{u, w, v}) (hpinch : OsinLemma94CaseOneWalkCellPinchStatement.{u, w, v}) (htouch : OsinLemma94CaseOneWalkTouchVertexStatement.{u, w, v})
osinLemma94CaseOneYPocket_of_enclosedLoopCut	 (hloop : EnclosedSubdiagramLoopCutStatement.{u, w, v}) (hspur : OsinLemma94CaseOneSpurStatement.{u, w, v})
osinLemma94CaseOneYPocket_of_enclosedLoopCutSucc	 (hloop : EnclosedSubdiagramLoopCutSuccStatement.{u, w, v}) (hspur : OsinLemma94CaseOneSpurStatement.{u, w, v})
osinLemma94CaseOneYPocket_of_shapes	 (hsimple : OsinLemma94CaseOneSimplePocketStatement.{u, w, v}) (hbubble : OsinLemma94CaseOneFaceBubbleStatement.{u, w, v}) (hpinch : OsinLemma94CaseOneCellPinchStatement.{u, w, v}) (htouch : OsinLemma94CaseOneTouchVertexStatement.{u, w, v}) (hspur : OsinLemma94CaseOneSpurStatement.{u, w, v})
osinLemma94CaseTwo_false	 (hinsert : GloballyDistinguishedSectionFamily.SeparatedCornerInsertionInput.{u, w, v}) (hS : S.DartMinimal)
osinLemma94CaseTwo_false_closed	 (hS : S.DartMinimal)
osinLemma94CaseTwoInput_of_insertion	 (hinsert : GloballyDistinguishedSectionFamily.SeparatedCornerInsertionInput.{u, w, v})
osinLemma94ClassCaseGapEndpointCutting_of_gapEndpoint	 (h : OsinLemma94ClassCaseGapEndpointStatement.{u, w, v})
osinLemma94ClassCaseGapSpanSmall_of_residuals	 (hrcell : OsinLemma94ClassCaseOneRCellStatement.{u, w, v}) (hdiff : OsinLemma94ClassCaseGapSpanDiffKindStatement.{u, w, v})
osinLemma94ClassCases_of_residuals	 (hone : OsinLemma94CaseOneInput.{u, w, v}) (htwo : OsinLemma94CaseTwoInput.{u, w, v}) (hendpoint : OsinLemma94ClassCaseGapEndpointStatement.{u, w, v}) (hspan : OsinLemma94ClassCaseGapSpanStatement.{u, w, v})
osinLemma94ClassCasesTwoThreshold_of_residuals	 (hone : OsinLemma94CaseOneInput.{u, w, v}) (htwo : OsinLemma94CaseTwoInput.{u, w, v}) (hspan : OsinLemma94ClassCaseGapSpanStatement.{u, w, v})
osinLemma94ClassCaseTwo_false	 (hinsert : GloballyDistinguishedSectionFamily.SeparatedCornerInsertionInput.{u, w, v}) (hS : S.DartMinimal)
osinLemma94ClassCountInput_of_endLoops	 (hloops : OsinLemma94ClassEndLoopsInput.{u, w, v}) (hfactor : OsinLemma94SameCellFactorInput.{u, w, v})
osinLemma94ClassEndLoopsBudgetInput_of_joins	 (hlong : OsinLemma94LongTransitionInput.{u, w, v}) (hbad : OsinLemma94BadJunctionInput.{u, w, v}) (hloops : OsinLemma94ClassJoinsEndLoopsInput.{u, w, v})
osinLemma94ClassEndLoopsInput_of_budget	 (hbudget : OsinLemma94ClassEndLoopsBudgetInput.{u, w, v})
osinLemma94ContactMapNondegenerateSmallFacesInput_of_pieces	 (hhold : OsinLemma94ContactMapHoldingSmallFacesInput.{u, w, v}) (hempty : OsinLemma94ContactMapEmptyTwoGonInput.{u, w, v})
osinLemma94ContactMapSmallFacesInput_of_nondegenerate	 (h : OsinLemma94ContactMapNondegenerateSmallFacesInput.{u, w, v})
osinLemma94ContactTransitionInput_of_pieces	 (hobj : OsinLemma94ObjectChangesStatement.{u, w, v}) (hsec : OsinLemma94SectionCornersInput.{u, w, v}) (hsmall : OsinLemma94ContactMapSmallFacesInput.{u, w, v})
osinLemma94CuttingChainsInput_of_pieces	 (hrespell : GloballyDistinguishedSectionFamily.ChainRespellInput.{u, w, v}) (hpendant : GloballyDistinguishedSectionFamily.PendantPathRemovalInput.{u, w, v}) (hword : QuasiGeodesicRespellInput.{u, w})
osinLemma94CuttingClasses_of_forest	 (hforest : SameFaceDartForestStatement.{v})
osinLemma94CuttingSides_of_forest	 (hforest : SameFaceDartForestStatement.{v})
osinLemma94KindTransitionInput_of_longTransitions	 (h : OsinLemma94LongTransitionInput.{u, w, v})
osinLemma94LongTransitionInput_of_pieces	 (hcontact : OsinLemma94ContactTransitionInput.{u, w, v}) (hcutting : OsinLemma94CuttingTransitionInput.{u, w, v})
osinLemma94PolygonCountInput_of_sideBudget	 (hbudget : OsinLemma94PolygonSideBudgetInput.{u, w, v}) (hsame : OsinLemma94UnboundSameCellStatement.{u, w, v})
osinLemma94PolygonCoversInput	 (hsame : OsinLemma94UnboundSameCellStatement.{u, w, v})
osinLemma94PolygonRealizationInput_of_partition	 (hpartition : OsinLemma94PolygonPartitionInput.{u, w, v})
osinLemma94PolygonRealizationInput_of_pieces	 (hcutting : OsinLemma94CuttingChainsInput.{u, w, v}) (hcells : OsinLemma94CellArcsInput.{u, w, v}) (hboundary : OsinLemma94BoundaryArcsInput.{u, w, v}) (hpartition : OsinLemma94PolygonPartitionInput.{u, w, v})
osinLemma94SameCellFactorInput_of_scan	 (hscan : OsinLemma94SameCellScanInput.{u, w, v})
osinLemma94SameCellPocketInput_of_loopCut	 (hvalue : SameCellPocketCellFreeValueStatement.{u, w, v}) (hcut : SameCellPocketLoopCutStatement.{u, w, v})
osinLemma94SameCellScanInput_of_pocket	 (hpocket : OsinLemma94SameCellPocketInput.{u, w, v})
osinLemma94Section_of_classCount	 (hcount : OsinLemma94ClassCountInput.{u, w, v}) (hcases : OsinLemma94ClassCasesInput.{u, w, v})
osinLemma94Section_of_classCountTwoThreshold	 (hcount : OsinLemma94ClassCountInput.{u, w, v}) (hcases : OsinLemma94ClassCasesTwoThresholdInput.{u, w, v})
osinLemma94Section_of_pieces	 (hmetric : OsinLemma94AntiparallelMetricStatement.{u, w}) (hrun : OsinLemma94PlanarRunInput.{u, w, v})
osinLemma94Section_of_planarPieces	 (hmetric : OsinLemma94AntiparallelMetricStatement.{u, w}) (hreal : OsinLemma94PolygonRealizationInput.{u, w, v}) (hcount : OsinLemma94PolygonCountInput.{u, w, v}) (hone : OsinLemma94CaseOneInput.{u, w, v}) (htwo : OsinLemma94CaseTwoInput.{u, w, v})
osinLemma94Section_of_residuals	 (hcount : OsinLemma94PolygonCountInput.{u, w, v}) (hone : OsinLemma94CaseOneInput.{u, w, v})
osinLemma94Section_of_runInput	 (hrun : OsinLemma94RunInput.{u, w, v})
osinLemma97_atParameters_of_inputs	 (hO52 : O52LeastAreaStatement.{u, w, v})
osinLemma97_atParameters_of_inputs_multiBelow	 (hO52 : O52LeastAreaStatement.{u, w, v})
osinLemma97bConclusion_of_region	 (hlea : Delta.LeastArea)
osinLemma97Section_of_inputs	 (hO52 : O52LeastAreaStatement.{u, w, v}) (h94 : OsinLemma94SectionStatement.{u, w, v}) (hin : OsinSection97InputsStatement.{u, w, v})
osinLemma97Section_of_inputsBelow	 (hO52 : O52LeastAreaStatement.{u, w, v}) (h94 : OsinLemma94SectionStatement.{u, w, v}) (hin : OsinSection97InputsBelowStatement.{u, w, v})
osinLemma97Section_of_parts	 (h94 : OsinLemma94SectionStatement.{u, w, v}) (hmulti : OsinMultipleEdgeCutSectionStatement.{u, w, v}) (hloop : OsinLoopCutSectionStatement.{u, w, v}) (heuler : OsinEulerCountSectionStatement.{u, w, v}) (hdescent : OsinDescentSectionStatement.{u, w, v})
osinLemma97Section_of_pocketInputs	 (h94 : OsinLemma94SectionStatement.{u, w, v}) (hin : OsinSection97PocketInputsStatement.{u, w, v})
osinLemma97Section_of_pocketInputsBelow	 (h94 : OsinLemma94SectionStatement.{u, w, v}) (hin : OsinSection97PocketInputsBelowStatement.{u, w, v})
osinLemma97Section_of_pocketInputsPocketBelow	 (h94 : OsinLemma94SectionStatement.{u, w, v}) (hin : OsinSection97PocketInputsPocketBelowStatement.{u, w, v})
osinMultipleEdgeCutBelowSection_of_copyPieces	 (hpocket : OsinMultipleEdgePocketRegionCopyBelowSectionStatement.{u, w, v}) (hcollar : GeodesicCollarStatement.{u, w, v}) (hcell : PocketCellTransportStatement.{u, w, v})
osinMultipleEdgeCutSection_of_copyPieces	 (hpocket : OsinMultipleEdgePocketRegionCopySectionStatement.{u, w, v}) (hcollar : GeodesicCollarStatement.{u, w, v}) (hcell : PocketCellTransportStatement.{u, w, v})
osinMultipleEdgeCutSection_of_pieces	 (hpocket : OsinMultipleEdgePocketRegionSectionStatement.{u, w, v}) (hcollar : GeodesicCollarStatement.{u, w, v}) (hcell : PocketCellTransportStatement.{u, w, v})
osinMultipleEdgePocketRegionCopyBelowSection_of_pinchBelowSectionOrderEuler	 (hcopy : CellPocketCopyCleanBothOrdersStatement.{u, w, v}) (hout : CellPocketWalkOuterOffSideSomeOrderStatement.{u, w, v}) (heuler : CellPocketWalkEulerStatement.{u, w, v}) (hcellPinch : CellPocketPinchSectionDistinctBelowStatement.{u, w, v}) (hproper : CellPocketWalkProperArcsBelowSectionStatement.{u, w, v})
osinMultipleEdgePocketRegionCopyBelowSection_of_pinchSectionOrderEuler	 (hcopy : CellPocketCopyCleanBothOrdersStatement.{u, w, v}) (hout : CellPocketWalkOuterOffSideSomeOrderStatement.{u, w, v}) (heuler : CellPocketWalkEulerStatement.{u, w, v}) (hcellPinch : CellPocketPinchSectionDistinctStatement.{u, w, v}) (hproper : CellPocketWalkProperArcsBelowSectionStatement.{u, w, v})
osinMultipleEdgePocketRegionCopyBelowSection_of_refuted	 (hrefuted : CellPocketWalkRefutedBelowSectionStatement.{u, w, v})
osinMultipleEdgePocketRegionCopySection_of_pinch	 (hcopy : CellPocketCopyCleanStatement.{u, w, v}) (hout : CellPocketWalkOuterOffSideStatement.{u, w, v}) (hkept : CellPocketWalkSideRelatorCellStatement.{u, w, v}) (hpinch : CellPocketPinchPosStatement.{u, w, v})
osinMultipleEdgePocketRegionCopySection_of_pinchOrder	 (hcopy : CellPocketCopyCleanBothOrdersStatement.{u, w, v}) (hout : CellPocketWalkOuterOffSideSomeOrderStatement.{u, w, v}) (hfollow : CellPocketWalkEitherFollowsStatement.{u, w, v}) (hpinch : CellPocketPinchPosStatement.{u, w, v})
osinMultipleEdgePocketRegionCopySection_of_pinchOrderEuler	 (hcopy : CellPocketCopyCleanBothOrdersStatement.{u, w, v}) (hout : CellPocketWalkOuterOffSideSomeOrderStatement.{u, w, v}) (heuler : CellPocketWalkEulerStatement.{u, w, v}) (hpinch : CellPocketPinchPosStatement.{u, w, v})
osinMultipleEdgePocketRegionCopySection_of_pinchSectionOrderEuler	 (hcopy : CellPocketCopyCleanBothOrdersStatement.{u, w, v}) (hout : CellPocketWalkOuterOffSideSomeOrderStatement.{u, w, v}) (heuler : CellPocketWalkEulerStatement.{u, w, v}) (hcellPinch : CellPocketPinchSectionStatement.{u, w, v}) (hproper : CellPocketWalkProperArcsSectionStatement.{u, w, v})
osinNonElementary_of_osinLemma71	 (h : OsinLemma71.{u})
osinNonElementary_of_printed	 (h : OsinLemma71Printed.{u})
osinPhiPrimeCountSection_of_pieces	 (hcorner : OsinCornerTwoGonSectionStatement.{u, w, v}) (htwogon : OsinTwoGonHoldsSectionStatement.{u, w, v})
osinSection97Inputs_of_parts	 (hmulti : OsinMultipleEdgeCutSectionStatement.{u, w, v}) (hloop : OsinLoopCutSectionStatement.{u, w, v}) (heuler : OsinEulerCountSectionStatement.{u, w, v}) (hdescent : OsinDescentSectionStatement.{u, w, v})
osinSection97Inputs_of_pocketInputs	 (hO52 : O52LeastAreaStatement.{u, w, v}) (h94 : OsinLemma94SectionStatement.{u, w, v}) (hin : OsinSection97PocketInputsStatement.{u, w, v})
osinSection97Inputs_of_pocketInputsBelow	 (hO52 : O52LeastAreaStatement.{u, w, v}) (h94 : OsinLemma94SectionStatement.{u, w, v}) (hin : OsinSection97PocketInputsBelowStatement.{u, w, v})
osinSection97Inputs_of_pocketInputsPocketBelow	 (hO52 : O52LeastAreaStatement.{u, w, v}) (h94 : OsinLemma94SectionStatement.{u, w, v}) (hin : OsinSection97PocketInputsPocketBelowStatement.{u, w, v})
osinSection97PocketInputs_of_parts	 (hmulti : OsinMultipleEdgeCutSectionStatement.{u, w, v}) (hloop : OsinLoopCutSectionStatement.{u, w, v}) (hcount : OsinPhiPrimeCountSectionStatement.{u, w, v}) (hpocket : OsinSectionPocketCutSectionStatement.{u, w, v})
osinSection97PocketInputsBelow_of_parts	 (hmulti : OsinMultipleEdgeCutBelowSectionStatement.{u, w, v}) (hloop : OsinLoopCutSectionStatement.{u, w, v}) (hcount : OsinPhiPrimeCountSectionStatement.{u, w, v}) (hpocket : OsinSectionPocketCutSectionStatement.{u, w, v})
osinSection97PocketInputsPocketBelow_of_parts	 (hmulti : OsinMultipleEdgeCutBelowSectionStatement.{u, w, v}) (hloop : OsinLoopCutSectionStatement.{u, w, v}) (hcount : OsinPhiPrimeCountSectionStatement.{u, w, v}) (hpocket : OsinSectionPocketCutBelowSectionStatement.{u, w, v})
osinSectionPocketCutBelowSection_of_residualsTwoArcBelow	 (hproper : OsinSectionPocketFaceSetProperSectionStatement.{u, w, v}) (hwhole : OsinSectionPocketFaceSetWholeSectionTwoArcBelowSectionStatement.{u, w, v}) (hpinch : PocketPinchLabelledSectionTwoArcStatement.{u, w, v}) (hgeodesic : GeodesicCollarStatement.{u, w, v})
osinSectionPocketCutSection_of_extremalCoreNoWrap	 (hfaces : OsinSectionPocketFaceSetTwoArcSectionStatement.{u, w, v}) (hcore : RoseExtremalCoreNoWrapStatement.{u, w, v}) (hgeodesic : GeodesicCollarStatement.{u, w, v})
osinSectionPocketCutSection_of_pieces	 (hfaces : OsinSectionPocketFaceSetSectionStatement.{u, w, v}) (hpinch : PocketPinchLabelledStatement.{u, w, v}) (hregion : PocketRegionOfSimpleStatement.{u, w, v}) (hcollar : PocketCollarStatement.{u, w, v}) (hcell : PocketCellTransportStatement.{u, w, v}) (houter : PocketOuterTransportStatement.{u, w, v})
osinSectionPocketCutSection_of_residuals	 (hfaces : OsinSectionPocketFaceSetSectionStatement.{u, w, v}) (hpinch : PocketPinchLabelledStatement.{u, w, v}) (hgeodesic : GeodesicCollarStatement.{u, w, v})
osinSectionPocketCutSection_of_residualsFirstTurnSection	 (hfaces : OsinSectionPocketFaceSetFirstTurnSectionStatement.{u, w, v}) (hpinch : PocketPinchLabelledFirstTurnSectionStatement.{u, w, v}) (hgeodesic : GeodesicCollarStatement.{u, w, v})
osinSectionPocketCutSection_of_residualsPos	 (hfaces : OsinSectionPocketFaceSetSectionStatement.{u, w, v}) (hpinch : PocketPinchLabelledPosStatement.{u, w, v}) (hgeodesic : GeodesicCollarStatement.{u, w, v})
osinSectionPocketCutSection_of_residualsSection	 (hfaces : OsinSectionPocketFaceSetProperSectionStatement.{u, w, v}) (hpinch : PocketPinchLabelledSectionStatement.{u, w, v}) (hgeodesic : GeodesicCollarStatement.{u, w, v})
osinSectionPocketCutSection_of_residualsTwoArc	 (hfaces : OsinSectionPocketFaceSetTwoArcSectionStatement.{u, w, v}) (hpinch : PocketPinchLabelledSectionTwoArcStatement.{u, w, v}) (hgeodesic : GeodesicCollarStatement.{u, w, v})
osinSectionPocketCutSection_of_residualsTwoArcNoWrap	 (hfaces : OsinSectionPocketFaceSetTwoArcSectionStatement.{u, w, v}) (hpinch : PocketPinchLabelledSectionTwoArcNoWrapStatement.{u, w, v}) (hgeodesic : GeodesicCollarStatement.{u, w, v})
osinSectionPocketFaceSetSection_of_euler	 (heuler : SectionPocketWalkEulerStatement.{u, w, v})
osinSectionPocketFaceSetSection_of_keptCell	 (hkept : SectionPocketKeptCellStatement.{u, w, v})
osinSectionPocketFaceSetSection_of_regions_euler	 (hregions : SectionPocketRegionsCopyStatement.{u, w, v}) (heuler : SectionPocketWalkEulerStatement.{u, w, v})
osinSectionPocketFaceSetSection_of_residuals	 (hregions : SectionPocketRegionsCopyStatement.{u, w, v}) (hkept : SectionPocketKeptCellStatement.{u, w, v})
osinSectionPocketFaceSetTwoArcSection_of_proper_of_wholeSection	 (hproper : OsinSectionPocketFaceSetProperSectionStatement.{u, w, v}) (hwhole : OsinSectionPocketFaceSetWholeSectionTwoArcSectionStatement.{u, w, v})
osinTheorem12_of	 (h68 : DGOTheorem68.{u, v}) (h4 : OsinAH4ToAH1.{u})
osinTheorem12_of_611	 (h68 : DGOTheorem68.{u, v}) (h54 : OsinTheorem54.{u}) (h611 : DGOTheorem611.{u})
osinTheorem12_of_612	 (h68 : DGOTheorem68.{u, v}) (h54 : OsinTheorem54.{u}) (h612 : DGOCorollary612.{u})
osinTheorem12_of_dgoTheorem68	 (h68 : DGOTheorem68.{u, v})
osinTheorem12_of_geodesic_projection	 (h442 : DGOTheorem442.{u, v}) (hpower : DGOTheorem68PowerOverlap.{u, v})
osinTheorem12_of_geodesic_projection_unconditional	 (h442 : DGOTheorem442.{u, v})
osinTheorem12_of_infiniteOrder	 (h68 : DGOTheorem68.{u, v}) (h4 : OsinAH4ToAH1WithInfiniteOrder.{u})
osinTheorem12_of_two	 (h68 : DGOTheorem68.{u, v}) (h54 : OsinTheorem54.{u})
osinTheorem24FinitePresentationAddendum_of_hull_of_compatibleAction	 (h44family :       HullSC.HullLemma44CanonicalQuotientFamilyInclusionStatement.{0, 0}) (h49 : HullSC.HullLemma49KernelPowerStatement.{0, 0}) (hyi : HullSC.YiSuitablePairAvoidingFiniteOneSided.{0}) (haction : CompatibleRelativeHullActionStatement.{0, 0})
osinTheorem24FinitePresentationAddendum_of_hull_of_elementClassification	 (h44family :       HullSC.HullLemma44CanonicalQuotientFamilyInclusionStatement.{0, 0}) (h49 : HullSC.HullLemma49KernelPowerStatement.{0, 0}) (hyi : HullSC.YiSuitablePairAvoidingFiniteOneSided.{0}) (hclass : HyperbolicElementLoxodromicStatement.{0, 0})
osinTheorem24FinitePresentationAddendum_of_hull_of_pairRefinement	 (h44family :       HullSC.HullLemma44CanonicalQuotientFamilyInclusionStatement.{0, 0}) (h49 : HullSC.HullLemma49KernelPowerStatement.{0, 0}) (hyi : HullSC.YiSuitablePairAvoidingFiniteOneSided.{0}) (hrefine : HyperbolicPairAcylindricalRefinementStatement.{0, 0})
osinTheorem24FinitePresentationAddendum_of_singletonStep	 (hstep : Osin24SingletonStepStatement)
osinTheorem24Statement_of_finitePresentationAddendum	 (h : OsinTheorem24FinitePresentationAddendum)
osinTheorem54_of_acylindrical	 (hD : D.IsHyperbolicallyEmbedded)
osinTheorem54_of_basepoint	 (h : OsinEnlargementBasepoint.{u})
osinTheorem54_of_fam	 (h : OsinTheorem54Fam.{u, 0})
osinTheorem54_of_osinLemma24	 (h24 : OsinLemma24.{u})
osinTheorem54_of_sepData	 (h24 : OsinLemma24.{u}) (h : SepDataStatement.{u})
osinTheorem54_of_sepDataStatement	 (h : SepDataStatement.{u})
osinTheorem54Fam_of_sepDataStatementFam	 (h : SepDataStatementFam.{u, w})
osinTheorem68FiniteCayleyStatement_of_coarseTranslation	 (hct : ElementaryClosureCoarseTranslationStatement.{0, 0})
osinTheorem68FiniteCayleyStatement_of_finiteTransversal	 (hfin : ElementaryClosureFiniteTransversalStatement.{0, 0})
osinTwoGonCleanCopySection_of_steps	 (hspurStep : TwoGonSpurStepStatement.{u, w, v}) (hocellStep : TwoGonOuterCellStepStatement.{u, w, v}) (hosideStep : TwoGonOuterSideStepStatement.{u, w, v}) (hcsideStep : TwoGonCellSideStepStatement.{u, w, v}) (hhairStep : TwoGonCellHairStepStatement.{u, w, v}) (hpairStep : TwoGonRegionPairStepStatement.{u, w, v})
osinTwoGonHoldsSection_of_cleanCopyEuler	 (hcopy : OsinTwoGonCleanCopySectionStatement.{u, w, v}) (heuler : OsinTwoGonDecompositionEulerSectionStatement.{u, w, v})
osinTwoGonHoldsSection_of_copyCleanEuler	 (hclean : OsinTwoGonCopyCleanSectionStatement.{u, w, v}) (heuler : OsinTwoGonDecompositionEulerSectionStatement.{u, w, v})
osinTwoGonHoldsSection_of_eulerWalk	 (hwalk : OsinTwoGonEulerWalkSectionStatement.{u, w, v}) (hgap : OsinTwoGonEulerGapSectionStatement.{u, w, v})
osinTwoGonHoldsSection_of_stepsEuler	 (hspurStep : TwoGonSpurStepStatement.{u, w, v}) (hocellStep : TwoGonOuterCellStepStatement.{u, w, v}) (hosideStep : TwoGonOuterSideStepStatement.{u, w, v}) (hcsideStep : TwoGonCellSideStepStatement.{u, w, v}) (hhairStep : TwoGonCellHairStepStatement.{u, w, v}) (hpairStep : TwoGonRegionPairStepStatement.{u, w, v}) (heuler : OsinTwoGonDecompositionEulerSectionStatement.{u, w, v})
outer_vertexCount_kind	 (hM : M.IsPlanar)
outerCycle_boundaryPerm_val	 (hM : M.IsPlanar)
outerCycle_follows	 (hM : M.IsPlanar)
outerCycle_followsBoundary	 (hM : M.IsPlanar)
outerDiscRegion_of_innerFollows_cycle	 (hM : M.IsPlanar)
outerFollows_of_firstTurnChain	 (hM : M.IsPlanar)
outerKindClass_rep	 (hM : M.IsPlanar)
outerKindClass_sigma	 (hM : M.IsPlanar)
outerKindRep_sameCycle	 (hM : M.IsPlanar)
outerMonogon_closedWalk	 (hK : K.ClosedWalk)
outerPinchStep_of_block	 (h : RoseExtremalBlockStatement.{u, w, v})
outerPinchStep_of_blockCore	 (h : RoseExtremalBlockCoreStatement.{u, w, v})
outerPinchStep_of_cases	 (hnon : P10ChordLift.NonRoseStepStatement.{u, w, v}) (hrose : P10ChordLift.RoseStepStatement.{u, w, v})
outerPinchStep_of_nonRose_subArc	 (hnon : P10ChordLift.NonRoseStepStatement.{u, w, v}) (hsub : P10Rose.RoseRegionMoveSubArcStatement.{u, w, v})
outerSameCycle_of_notShort	 (hM : M.IsPlanar)
outerSigma_pow_not_internal	 (hM : M.IsPlanar)
outerSigma_pow_val	 (hM : M.IsPlanar)
outerSpurThickening_closedWalk	 (hK : K.ClosedWalk)
outerStep	 (hM : M.IsPlanar)
outerTurn_iff_followsBoundary	 (hM : M.IsPlanar)
outerTurn_of_followsBoundary	 (hM : M.IsPlanar)
outerWalk_edgeInsertion	 (hM : M.IsPlanar)
outsideCell_of_surgery	 (h : Piece06.CellRoseLakesSurgeryBelowStatement.{u, w, v})
p_mem_fiveCutter	 (h : Sync)
p_mem_matchedCutter	 (h : Sync)
p06RoseRedraw_step_notStuck	 (hK : K.ClosedWalk)
p06RoseSplit_dblPocket	 (hK : K.ClosedWalk)
p06RoseUncut_move_of_cellCut	 (hK : K.ClosedWalk)
p06RoseUncut_not_cellCut_of_not_move	 (hK : K.ClosedWalk)
p07Reroute_arcs_allCells	 (hall :       GroupApproximation.Full.GL06e.AllCellsShortEnclosedRefutedBelowSectionStatement.{u, w, v})
p07Reroute_arcs_nearestPocket	 (h : GroupApproximation.Full.GL06h4.NearestCellPocketStatement.{u, w, v})
p07Reroute_arcs_of_corr_allCells	 (hencl : GroupApproximation.Full.GL03BPinch.InnerPocketEnclosedTwoArcCorrected.{u, w, v}) (hall :       GroupApproximation.Full.GL06e.AllCellsShortEnclosedRefutedBelowSectionStatement.{u, w, v})
p07Reroute_arcs_of_refuted	 (h : GroupApproximation.Full.GL06e.CellPocketWalkRefutedBelowSectionStatement.{u, w, v})
p07Reroute_arcsInput_of_corrected	 (hencl : GroupApproximation.Full.GL03BPinch.InnerPocketEnclosedTwoArcCorrected.{u, w, v})
p07Reroute_greendlinger	 (hshape : Piece04.ClassPocketWindowShapeStatement.{u, w, v}) (hlakes : Piece06.CellRoseUncutLakesBelowStatement.{u, w, v}) (hall :       GroupApproximation.Full.GL06e.AllCellsShortEnclosedRefutedBelowSectionStatement.{u, w, v}) (hsub : P10Rose.RoseRegionMoveSubArcStatement.{u, w, v})
p07Reroute_greendlinger_corr	 (hshape : Piece04.ClassPocketWindowShapeStatement.{u, w, v}) (hlakes : Piece06.CellRoseUncutLakesBelowStatement.{u, w, v}) (hencl : GroupApproximation.Full.GL03BPinch.InnerPocketEnclosedTwoArcCorrected.{u, w, v}) (hall :       GroupApproximation.Full.GL06e.AllCellsShortEnclosedRefutedBelowSectionStatement.{u, w, v}) (hsub : P10Rose.RoseRegionMoveSubArcStatement.{u, w, v})
p07Reroute_regionEndpoints	 (hshape : Piece04.ClassPocketWindowShapeStatement.{u, w, v}) (hlakes : Piece06.CellRoseUncutLakesBelowStatement.{u, w, v}) (hall :       GroupApproximation.Full.GL06e.AllCellsShortEnclosedRefutedBelowSectionStatement.{u, w, v}) (hsub : P10Rose.RoseRegionMoveSubArcStatement.{u, w, v})
p07Reroute_regionEndpoints_corr	 (hshape : Piece04.ClassPocketWindowShapeStatement.{u, w, v}) (hlakes : Piece06.CellRoseUncutLakesBelowStatement.{u, w, v}) (hencl : GroupApproximation.Full.GL03BPinch.InnerPocketEnclosedTwoArcCorrected.{u, w, v}) (hall :       GroupApproximation.Full.GL06e.AllCellsShortEnclosedRefutedBelowSectionStatement.{u, w, v}) (hsub : P10Rose.RoseRegionMoveSubArcStatement.{u, w, v})
p07ShortLoop_section_of_allCells	 (h : AllCellsShortLoopStatement.{u, w, v})
p10FM_exists_filterMove	 (hK : K.ClosedWalk)
p10MinRegion_stepNoWrap_of_extremalRegion	 (h : P10ExtremalRegion.RoseExtremalRegionStatement.{u, w, v})
p10QC_move_untouched_FT_arcsOff	 (hM : M.IsPlanar)
p10QC_move_untouched_TT_arcsOff	 (hM : M.IsPlanar)
p10QM_move_FF	 (hM : M.IsPlanar)
p10QM_move_TF	 (hM : M.IsPlanar)
p10QS_closed_untouched	 (hM : M.IsPlanar)
p10QS_move_untouched_FF	 (hM : M.IsPlanar)
p10QS_move_untouched_FT	 (hM : M.IsPlanar)
p10QS_move_untouched_TF	 (hM : M.IsPlanar)
p10QS_move_untouched_TT	 (hM : M.IsPlanar)
p10QS_movePred_on	 (hM : M.IsPlanar)
pair_sublist_antisymm	 (hnd : T.Nodup)
paired_return	 (h : Sync)
pairIndicator_initialDisplacement_sq_div_lt	 (hS : S.Nonempty)
pairIndicatorIterate_between_zero_one	 (hS : S.Nonempty)
parity_factorization	 (h : Base)
partnerHom_surjective	 (htie : P.PartnerTieObligation)
passageAdjacent_of_vertex	 (hM : M.IsPlanar)
perp_mapAffine	 (h : H)
perp_mem_orthogonal	 (h : H)
pinchAbsOut_const	 (hM : M.IsConnected)
pinchAbsOut_exists	 (hM : M.IsConnected)
pinchAbsOut_outside_of_follows	 (hM : M.IsPlanar)
pinchAbsPinchCorr_off_of_off	 (h : PocketFourPieceOffStatement.{u, w, v})
pinchAbsPinchCorr_off_ofCorr	 (h : GroupApproximation.Full.GL03BPinch.InnerPocketEnclosedTwoArcCorrected.{u, w, v})
pinchAbsPinchCorr_pinch_ofCorr	 (h : GroupApproximation.Full.GL03BPinch.InnerPocketEnclosedTwoArcCorrected.{u, w, v})
pinchAbsPinchCorr_pinch_ofPCorr	 (h : GroupApproximation.Full.GL03BPinch.InnerPocketEnclosedTwoArcPinchedCorrected.{u, w, v})
pinchCase_of_arcAuditResidual_noninterleaveNondeg	 (hres : PocketFourPieceArcAuditResidualStatement.{u, w, v}) (hnon : FourPieceWitness.NoninterleaveNondegStatement.{u, w, v})
pinchCase_of_read_rest	 (hread : ReadStatement.{u, w, v}) (hrest : RestStatement.{u, w, v})
pinchFollow_outer_follows	 (hM : M.IsPlanar)
pinchFollow_outer_follows_iff	 (hM : M.IsPlanar)
pinchLobe_nc	 (hM : M.IsPlanar)
pinchLobe_turn	 (hM : M.IsPlanar)
pinchNoWrap_of_pinch	 (h : PocketPinchLabelledSectionTwoArcStatement.{u, w, v})
pinchNoWrap_of_stepNoWrap	 (h : PocketOuterPinchStepSectionNoWrapStatement.{u, w, v})
pinchRead_of_arcAuditResidual	 (h : PocketFourPieceArcAuditResidualStatement.{u, w, v})
pinchRestDone_residual_of_rest	 (h : PinchCase.RestStatement.{u, w, v})
pinchSplit_followsBoundary	 (h : K.boundary.FollowsBoundary)
pingPongFreeSubgroup_of	 (hPP : PingPongLemmaStatement.{u, u}) (hTable : PingPongTableStatement.{u, u}) (hCay : CayleyHyperbolicSpaceStatement.{u}) (hNE : NonElementaryActsStatement.{u})
pingPongFreeSubgroupGeometric_of	 (hPP : PingPongLemmaStatement.{u, v}) (hTable : PingPongTableStatement.{u, v})
planar	 (hM : M.IsPlanar)
planar_iff	 (hM : M.IsPlanar)
planar_of_connected	 (hM : M.IsPlanar)
planar_of_dartCount_two	 (hconn : N.IsConnected)
planar_of_neFace	 (hM : M.IsPlanar)
planar_of_sigma_fixed	 (hM : M.IsPlanar)
planar1	 (hM : M.IsPlanar)
planar2	 (hM : M.IsPlanar)
planar3	 (hM : M.IsPlanar)
planarVanKampenWeighted	 (hplanar : M.IsPlanar)
pocketCollarStatement_of_geodesicCollar	 (hcollar : GeodesicCollarStatement.{u, w, v})
pocketFourPieceArcAuditResidual_of_inputProofResidual	 (h : PocketFourPieceInputProofResidualStatement.{u, w, v})
pocketFourPieceInside_of_arcAuditResidual	 (h : PocketFourPieceArcAuditResidualStatement.{u, w, v})
pocketFourPieceInside_of_arcCloseStep	 (h : PocketFourPieceArcCloseStepStatement.{u, w, v})
pocketFourPieceInside_of_inputProofResidual	 (h : PocketFourPieceInputProofResidualStatement.{u, w, v})
pocketFourPieceInside_of_pinchCase	 (h : PinchCaseStatement.{u, w, v})
pocketFourPieceOff_of_curveSublist_noPlanarDegenStep_walkDegen	 (hcurve : FourPieceWitness.WitnessCurveSublistNondegStatement.{u, w, v}) (hstep : FourPieceWitness.NoPlanarDegenStepStatement.{u, w, v}) (hwalk : WalkDegenStatement.{u, w, v})
pocketFourPieceOff_of_input_offCell	 (hin : PocketFourPieceInsideStatement.{u, w, v}) (hoff : PocketFourPieceOffCellStatement.{u, w, v})
pocketFourPieceOff_of_inside	 (hin : PocketFourPieceInsideStatement.{u, w, v})
pocketFourPieceOff_of_lakeRead	 (h : PocketFourPieceLakeReadStatement.{u, w, v})
pocketFourPieceOff_of_pinchCase	 (h : PinchCaseStatement.{u, w, v})
pocketFourPieceOff_of_read_noPlanarDegenerate_walkDegen	 (hread : ReadStatement.{u, w, v}) (hdeg : FourPieceWitness.NoPlanarDegenerateStatement.{u, w, v}) (hwalk : WalkDegenStatement.{u, w, v})
pocketFourPieceOff_of_read_residual	 (hread : ReadStatement.{u, w, v}) (hres : ResidualStatement.{u, w, v})
pocketFourPieceOrder_of_noninterleaving	 (h : PocketLabelNoninterleavingStatement.{u, w, v})
pocketFourPieceWitnessPlanarCorrected_of_arcAuditResidual	 (h : PocketFourPieceArcAuditResidualStatement.{u, w, v})
pocketFourPieceWitnessPlanarCorrected_of_planar	 (h : PocketFourPieceWitnessPlanarStatement.{u, w, v})
pocketGlueComponentPlanar_of_seam	 (h : SeamGlueComponentPlanarStatement.{v})
pocketKeep_bridge_free	 (hM : M.IsPlanar)
pocketLabelFourBlock_of_curveSublist	 (h : PocketCurveSublistStatement.{u, w, v})
pocketLabelNoninterleaving_of_fourBlock	 (h : PocketLabelFourBlockStatement.{u, w, v})
pocketPinchLabelledFirstTurnSectionStatement_of_section	 (h : PocketPinchLabelledSectionStatement.{u, w, v})
pocketPinchLabelledFirstTurnSectionStatement_of_step	 (h : PocketPinchStepFirstTurnSectionStatement.{u, w, v})
pocketPinchLabelledPosStatement_of_labelled	 (h : PocketPinchLabelledStatement.{u, w, v})
pocketPinchLabelledPosStatement_of_stepPos	 (h : PocketPinchStepPosStatement.{u, w, v})
pocketPinchLabelledSectionStatement_of_pos	 (h : PocketPinchLabelledPosStatement.{u, w, v})
pocketPinchLabelledSectionStatement_of_stepSection	 (h : PocketPinchStepSectionStatement.{u, w, v})
pocketPinchLabelledSectionTwoArcStatement_of_outerPinchStep	 (h : PocketOuterPinchStepSectionStatement.{u, w, v})
pocketPinchLabelledSectionTwoArcStatement_of_section	 (h : PocketPinchLabelledSectionStatement.{u, w, v})
pocketPinchLabelledStatement_of_pocketPinchStatement	 (h : PocketPinchStatement.{u, w, v})
pocketPinchLabelledStatement_of_step	 (h : PocketPinchStepStatement.{u, w, v})
pocketPinchStatement_of_pinched	 (h : PocketPinchPinchedStatement.{u, w, v})
pocketPinchStepPosStatement_of_step	 (h : PocketPinchStepStatement.{u, w, v})
polyK2CubeNil_of_cubeLocal	 (h : PolyK2CubeNilLocalStatement)
polyK2CubeNil_of_nilPos	 (h : PolyK2NilPosStatement)
polyK2CubeNilFieldPos_of_cubeCofinalDiag	 (h : CubeCofinalDiagStatement)
polyK2CubeNilFieldPos_of_cubeNilPosLocalCofinal	 (h : CubeNilPosLocalCofinalStatement)
polyK2CubeNilLocal_of_cubeCofinalDiag	 (h : CubeCofinalDiagStatement)
polyK2CubeNilLocal_of_cubeNil	 (h : PolyK2CubeNilStatement)
polyK2CubeNilLocal_of_cubeNilFieldPos	 (h : PolyK2CubeNilFieldPosStatement)
polyK2CubeNilLocal_of_cubeNilPosLocalCofinal	 (h : CubeNilPosLocalCofinalStatement)
polyK2Homotopy_of_nil	 (h : PolyK2NilStatement)
polyK2InjectiveStability_of_nilPos	 (h : PolyK2NilStabilityPosStatement) (hfield : FieldK2VanishingStatement)
polyK2Nil_of_homotopy	 (h : PolyK2HomotopyStatement)
polyK2Nil_of_oneVar	 (h : PolyK2OneVarNilStatement)
polyK2Nil_of_pos	 (h : PolyK2NilPosStatement)
polyK2NilPos_of_cubeLocal	 (h : PolyK2CubeNilLocalStatement)
polyK2NilPos_of_cubeNil	 (h : PolyK2CubeNilStatement)
polyK2NilPos_of_oneVar	 (h : PolyK2OneVarNilStatement)
polyK2NilStabilityPos_of_diag	 (h : PolyK2StabRangeDiagStatement)
polyK2OneVarNil_of_cubeCofinalDiag	 (h : CubeCofinalDiagStatement)
polyK2OneVarNil_of_cubeLocal	 (h : PolyK2CubeNilLocalStatement)
polyK2OneVarNil_of_cubeNil	 (h : PolyK2CubeNilStatement)
polyK2OneVarNil_of_cubeNilFieldPos	 (h : PolyK2CubeNilFieldPosStatement)
polyK2OneVarNil_of_cubeNilPosLocalCofinal	 (h : CubeNilPosLocalCofinalStatement)
polyK2OneVarNil_of_nilPos	 (h : PolyK2NilPosStatement)
polyK2StabRangeDiag_of_lastRootAction	 (h : StabDiagLastRootActionStatement)
polyK2StabRangeDiag_of_vdkRowExtension	 (h : VdKRowExtensionStatement)
polyK2StabRangeDiag_of_vdkRowParInjective	 (h : VdKRowParInjectiveStatement)
polynomialFpElementaryFP_of_polynomialFpK2Vanishing	 (h : PolynomialFpK2VanishingStatement)
polynomialFpK2Vanishing_of_cubeNil	 (hstab : PolyK2NilStabilityPosStatement) (hcube : PolyK2CubeNilStatement) (hfield : FieldK2VanishingStatement)
polynomialFpK2Vanishing_of_gapOver	 (hfield : FieldK2VanishingStatement)
polynomialFpK2Vanishing_of_lastRootAction	 (hact : StabDiagLastRootActionStatement) (hnil : PolyK2NilPosStatement) (hfield : FieldK2VanishingStatement)
polynomialFpK2Vanishing_of_nilPos	 (hstab : PolyK2NilStabilityPosStatement) (hnil : PolyK2NilPosStatement) (hfield : FieldK2VanishingStatement)
polynomialFpK2Vanishing_of_oneVar	 (hstab : PolyK2NilStabilityPosStatement) (hone : PolyK2OneVarNilStatement) (hfield : FieldK2VanishingStatement)
polynomialFpK2Vanishing_of_split	 (hstab : PolyK2InjectiveStabilityStatement) (hhom : PolyK2HomotopyStatement) (hfield : FieldK2VanishingStatement)
polynomialFpK2Vanishing_of_stabRangeDiag	 (hstab : PolyK2StabRangeDiagStatement) (hnil : PolyK2NilPosStatement) (hfield : FieldK2VanishingStatement)
polynomialFpK2Vanishing_of_vdkRowExtension	 (h : VdKRowExtensionStatement) (hnil : PolyK2NilPosStatement) (hfield : FieldK2VanishingStatement)
polynomialFpK2Vanishing_of_vdkRowParInjective	 (h : VdKRowParInjectiveStatement) (hnil : PolyK2NilPosStatement) (hfield : FieldK2VanishingStatement)
polynomialSuslin_of_oneVariable	 (h : SuslinOneVariableStatement)
polyRelators_finite	 (hG : G.Finite)
positiveElementaryClosure_le_elementaryClosure	 (h : G)
posSemidef_exp_entry	 (hA : A.PosSemidef)
posSemidef_pow_entry	 (hA : A.PosSemidef)
posSemidef_smul_one_add	 (hD : D.IsHermitian)
pow_mul_card_le_reachable	 (hF : F.Nonempty)
powersAveragingAtAcylindricallyHyperbolic_of_powersProperty	 (h : PowersPropertyAtAcylindricallyHyperbolic)
powersAveragingEstimate_of_freeNormalSubgroup	 (hFree : PowersPropertyFreeGroup) (hTransfer : AkemannLeeAveragingTransfer) (hnorm : N.Normal)
powersStormer_contraction_bound	 (hT : T.PosSemidef)
powersStormer_posSemidef_fromBlocks	 (hP : P.PosSemidef) (hQ : Q.PosSemidef)
powersStormer_unitary_commutator	 (hT : T.PosSemidef)
prefixKernelConeEmbedded_of_data	 (hD : D.IsHyperbolicallyEmbedded)
prefixKernelConeTransferAt_of_cutInduction	 (hD : D.IsHyperbolicallyEmbedded)
prefixKernelConeTransferStatement_of_cutInduction	 (hcut : PrefixKernelConeCutInductionStatement.{u, v, w})
prefixRelativeIsoperimetricBridgeStatement_of_linearAreaTransfer	 (htransfer : PrefixRelativeLinearAreaTransferStatement.{u, v, w})
prefixRelativeIsoperimetricControl_of_weightedAreaTransfer	 (htransfer : PrefixRelativeWeightedAreaTransferStatement.{u, v, w}) (hD : D.IsHyperbolicallyEmbedded)
preusser_sandwich	 (hN : N.Normal)
preusser_sandwich_normal_of_isExchangeRing	 (hN : N.Normal)
primrec_decodeSourceCode	 (hDiamond : DiamondLemmaWordProblem)
primrec_killRaw	 (hDiamond : DiamondLemmaWordProblem)
primrec_rawSwitchRelator	 (hDiamond : DiamondLemmaWordProblem)
primrec₂_seedSearch	 (hDiamond : DiamondLemmaWordProblem)
printedBilateralThree_of_coreModels	 (h : CoreModelsLEFStatement)
printedBilateralThree_of_pieces	 (hcell : BilateralThreeCellStatement) (hcount : ClopenCrossedProductCountableStatement) (hlef : ClopenCrossedProductDirectlyFiniteLEFStatement) (hdef : ClopenCrossedProductNonzeroDefectStatement)
printedBilateralThree_of_reflection	 (hlef : ClopenCrossedProductDirectlyFiniteLEFStatement) (hdef : ClopenCrossedProductNonzeroDefectStatement)
printedBrownOzawaPestovAnswer_of_gx	 (h : PrintedGXAnswersBrownOzawaPestov)
printedCoreMFRadical_of_coreModels	 (hlef : CoreModelsLEFStatement)
printedCoreRingReflection_of_coreModels	 (h : CoreModelsLEFStatement)
printedCountableLEFHost_of_lamplighter	 (hlamp : LEFLamplighterStatement)
printedCountableLEFHost_of_pieces	 (hultra : LEFUltraproductEmbeddingStatement) (hlamp : LEFLamplighterStatement)
printedDefect_eq_top_of_configuration	 (hconfiguration : PrintedDefectConfiguration)
printedDynamicRankBudget_of_openPieces	 (hRefl : CoreRingReflectionStatement) (hModels : CoreModelsLEFStatement) (hRad : CoreMFRadicalKillStatement)
printedDynamicRankBudget_of_pieces	 (hRefl : CoreRingReflectionStatement) (hModels : CoreModelsLEFStatement) (hCount : CountableCrossedProductStatement) (hRad : CoreMFRadicalKillStatement) (hBil : BilateralThreeTransferStatement) (hTors : TorsionDefectTransferStatement) (hUnitLF : UnitKernelLocallyFiniteStatement) (hTower : ReturnEmbeddingStatement)
printedDynamicRankBudget_of_residuals	 (hRefl : CoreRingReflectionStatement) (hModels : CoreModelsLEFStatement) (hCount : CountableCrossedProductStatement) (hRad : CoreMFRadicalKillStatement) (hBil : BilateralThreeTransferStatement) (hUnitLF : UnitKernelLocallyFiniteStatement) (hTower : ReturnEmbeddingStatement)
printedFibonacciSolvableWordProblem_of	 (hc : PrintedWordProblemReducesToLanguage)
printedFinitelyPresentedRFInstance_of_pieces	 (hfp : FinitelyPresentedRecursivePresentationStatement)
printedFixedCoreGLTwoKazhdanFinite_of_kernel	 (hker : CoreRestrictionLocallyFiniteKernelStatement)
printedFixedCoreGLTwoKazhdanFinite_of_steps	 (hker : CoreRestrictionLocallyFiniteKernelStatement) (himg : FixedCoreImageHaagerupStatement)
printedGHB7PropertyT	 (hconj : CCKWFiniteOrderConjugateIntoVertex)
printedGHWTheoremFour_of_charP_charZero	 (hp : GHWFinitelyGeneratedCharP) (h0 : GHWFinitelyGeneratedCharZero)
printedGXAnswersBrownOzawaPestov_of_main	 (h : PrintedSimpleKazhdanSoficMain)
printedGXNotFinitelyPresented_of_main	 (hmain : PrintedSimpleKazhdanSoficMain)
printedHullCorollary73_of_greendlinger	 (hgreendlinger :       GGT.VanKampen.RelativeGreendlingerQuasiGeodesicLeastAreaStatement.{0, 0, 0})
printedHullCorollary73_of_leastAreaLeaves	 (hgreendlinger :       GGT.VanKampen.RelativeGreendlingerQuasiGeodesicLeastAreaStatement.{0, 0, 0}) (hbridge : HullSC.RelativeIsoperimetricBridgeQuasiGeodesicEmbeddedStatement.{0, 0, 0})
printedHullCorollary73_of_tower	 (htower : HullSC.HullTowerStatementGeneral.{0})
printedHullCorollary74_of_greendlinger	 (hgreendlinger :       GGT.VanKampen.RelativeGreendlingerQuasiGeodesicLeastAreaStatement.{0, 0, 0})
printedHullCorollary74_of_leastAreaLeaves	 (hgreendlinger :       GGT.VanKampen.RelativeGreendlingerQuasiGeodesicLeastAreaStatement.{0, 0, 0}) (hbridge : HullSC.RelativeIsoperimetricBridgeQuasiGeodesicEmbeddedStatement.{0, 0, 0})
printedHullCorollary74_of_tower	 (htower : HullSC.HullTowerStatementGeneral.{0})
printedHullProofParagraph_of_fourLeaves	 (hgreendlinger :       GGT.VanKampen.RelativeGreendlingerQuasiGeodesicLeastAreaStatement.{0, 0, 0}) (hbridge : HullSC.RelativeIsoperimetricBridgeQuasiGeodesicEmbeddedStatement.{0, 0, 0})
printedHullProofParagraph_of_greendlinger	 (hgreendlinger :       GGT.VanKampen.RelativeGreendlingerQuasiGeodesicLeastAreaStatement.{0, 0, 0})
printedHullSmallCancellationCurrent_of_ballFormGeneral	 (h : HullSC.HullBallFormStatementGeneral.{u})
printedHullSmallCancellationCurrent_of_lemma44_of_lemma49	 (hselect : HullSC.SimultaneousAuxiliaryPeripheralSelection.{u}) (h44 : HullSC.HullLemma44CanonicalQuotientStatement.{u}) (h49 : HullSC.HullLemma49KernelPowerStatement.{u, 0})
printedHullSmallCancellationCurrent_of_printed	 (h : HullSmallCancellationPrinted.{u})
printedHullSmallCancellationLimitSet_of_current	 (h : TorsionFreeSectionSentences.PrintedHullSmallCancellationCurrent.{0})
printedHullSmallCancellationOsin_of_current	 (h : TorsionFreeSectionSentences.PrintedHullSmallCancellationCurrent.{0})
printedHullTheorem_of_fourLeaves	 (hgreendlinger :       GGT.VanKampen.RelativeGreendlingerQuasiGeodesicLeastAreaStatement.{0, 0, 0}) (hbridge : HullSC.RelativeIsoperimetricBridgeQuasiGeodesicEmbeddedStatement.{0, 0, 0})
printedHullTheorem_of_greendlinger	 (hgreendlinger :       GGT.VanKampen.RelativeGreendlingerQuasiGeodesicLeastAreaStatement.{0, 0, 0})
printedHullTheoremLimitSet_of_fourLeaves	 (hgreendlinger :       GGT.VanKampen.RelativeGreendlingerQuasiGeodesicLeastAreaStatement.{0, 0, 0}) (hbridge : HullSC.RelativeIsoperimetricBridgeQuasiGeodesicEmbeddedStatement.{0, 0, 0})
printedHullTheoremLimitSet_of_greendlinger	 (hgreendlinger :       GGT.VanKampen.RelativeGreendlingerQuasiGeodesicLeastAreaStatement.{0, 0, 0})
printedHullTheoremOsin_of_fourLeaves	 (hgreendlinger :       GGT.VanKampen.RelativeGreendlingerQuasiGeodesicLeastAreaStatement.{0, 0, 0}) (hbridge : HullSC.RelativeIsoperimetricBridgeQuasiGeodesicEmbeddedStatement.{0, 0, 0})
printedHullTheoremOsin_of_greendlinger	 (hgreendlinger :       GGT.VanKampen.RelativeGreendlingerQuasiGeodesicLeastAreaStatement.{0, 0, 0})
printedIntroDirectlyFiniteIffGLThreeMF_of_coreModels	 (h : CoreModelsLEFStatement)
printedIntroDirectlyFiniteIffGLThreeMF_of_printedBilateralThree	 (h : PrintedBilateralThree)
printedIntroductionAperiodicSentence_of_budget	 (hB : PrintedDynamicRankBudget) (hModels : CoreModelsLEFStatement)
printedIntroductionAperiodicSentence_of_openPieces	 (hRefl : CoreRingReflectionStatement) (hModels : CoreModelsLEFStatement) (hRad : CoreMFRadicalKillStatement)
printedInvolutionLocalization_of_coreKernelElementary	 (hel : CoreKernelElementaryStatement)
printedInvolutionLocalization_of_matricial	 (h : TransientIdealLocallyMatricialFTwoStatement)
printedLEFFamilyHost_of_lamplighter	 (hlamp : LEFLamplighterStatement)
printedLEFFamilyHost_of_pieces	 (hultra : LEFUltraproductEmbeddingStatement) (hlamp : LEFLamplighterStatement) (hsum : RestrictedSumLEFStatement)
printedLEFSolvableWordProblemCharacterization_of_lamplighter	 (hultra : LEFSolvableWordProblemEmbeddingStatement) (hhost : LamplighterHostStatement) (hswp : Lamplighter.PrintedLamplighterHostSolvableWordProblem)
printedLEFSolvableWordProblemCharacterization_of_pieces	 (hultra : LEFSolvableWordProblemEmbeddingStatement) (hlamp : LEFLamplighterSolvableWordProblemStatement)
printedLEFSolvableWordProblemCharacterization_of_residuals	 (hultra : LEFSolvableWordProblemEmbeddingStatement) (hswp : Lamplighter.PrintedLamplighterHostSolvableWordProblem)
printedLEFSubgroupCharacterization_of_host	 (hhost : LamplighterHostStatement)
printedLEFSubgroupCharacterization_of_lamplighter	 (hlamp : LEFLamplighterStatement)
printedLEFSubgroupCharacterization_of_pieces	 (hultra : LEFUltraproductEmbeddingStatement) (hlamp : LEFLamplighterStatement)
printedMFQuotientUnits_of_agp	 (hB : FullDefectRankTwo.PrintedFullComplementaryIdempotentsRankTwo) (hMat : AGPMatrixReduction) (hK1 : AGPUnitK1) (hMM : AGPMenalMoncasiReduction) (hS1 : AGPStepOne)
printedMFQuotientUnits_of_agpOnly	 (hMat : AGPMatrixReduction) (hK1 : AGPUnitK1) (hMM : AGPMenalMoncasiReduction) (hS1 : AGPStepOne)
printedMFQuotientUnits_of_agpThree	 (hK1 : AGPUnitK1) (hMM : AGPMenalMoncasiReduction) (hS1 : AGPStepOne)
printedMFQuotientUnits_of_inputs	 (hB : FullDefectRankTwo.PrintedFullComplementaryIdempotentsRankTwo) (hMat : AGPMatrixReduction) (hK1 : AGPUnitK1) (hMM : AGPMenalMoncasiReduction) (hS1 : AGPStepOne) (hAb : CountableAbelianMF)
printedMFQuotientUnits_of_menalMoncasi	 (hMM : AGPMenalMoncasiReduction)
printedMFQuotientUnitsKOne_of_agp	 (hK : AGPUnitKappa) (hMM : AGPMenalMoncasiReduction) (hS1 : AGPStepOne)
printedMFQuotientUnitsKOneAllRanks_of_agp	 (hMat : AGPMatrixReduction) (hK : AGPUnitKappa) (hMM : AGPMenalMoncasiReduction) (hS1 : AGPStepOne)
printedMFQuotientUnitsKOneAllRanks_of_agpThree	 (hK : AGPUnitKappa) (hMM : AGPMenalMoncasiReduction) (hS1 : AGPStepOne)
printedMFQuotientUnitsKOneAtBaseRing_of_agp	 (hMat : AGPMatrixReduction) (hK : AGPUnitKappa) (hMM : AGPMenalMoncasiReduction) (hS1 : AGPStepOne) (hMor : MoritaKOne)
printedMFQuotientUnitsKOneAtBaseRing_of_agpNoMorita	 (hMat : AGPMatrixReduction) (hK : AGPUnitKappa) (hMM : AGPMenalMoncasiReduction) (hS1 : AGPStepOne)
printedMFQuotientUnitsKOneAtBaseRing_of_agpThree	 (hK : AGPUnitKappa) (hMM : AGPMenalMoncasiReduction) (hS1 : AGPStepOne) (hMor : MoritaKOne)
printedMFQuotientUnitsKOneAtBaseRing_of_agpThreeNoMorita	 (hK : AGPUnitKappa) (hMM : AGPMenalMoncasiReduction) (hS1 : AGPStepOne)
printedPeriodTwoCoreUnitsKazhdanFinite_of_kernel	 (hker : CoreRestrictionLocallyFiniteKernelStatement)
printedPeriodTwoCoreUnitsKazhdanFinite_of_steps	 (hker : CoreRestrictionLocallyFiniteKernelStatement) (himg : PeriodTwoCoreUnitImageHaagerupStatement)
printedPropositionFourSeven_of_upsilon	 (hU : UpsilonFinitelyPresented)
printedRankTwoCompressionDefectsTrivial_of_kernel	 (hker : CoreRestrictionLocallyFiniteKernelStatement)
printedRankTwoCompressionDefectsTrivial_of_steps	 (hker : CoreRestrictionLocallyFiniteKernelStatement) (himg : FixedCoreImageHaagerupStatement) (himg2 : PeriodTwoCoreUnitImageHaagerupStatement)
printedRecursiveLanguageInstance_of_pieces	 (hmain : PrintedSimpleKazhdanSoficMain) (hwp : PrintedWordProblemReducesToLanguage) (hgen : GenValueGeneratesStatement)
printedRecursivelyPresentedLEFHost_of_lamplighter	 (hlamp : LEFLamplighterStatement)
printedRecursivelyPresentedLEFHost_of_pieces	 (hultra : LEFUltraproductEmbeddingStatement) (hlamp : LEFLamplighterStatement) (hsum : RestrictedSumLEFStatement) (hrec : RecursivePresentationClassesStatement)
printedRecursivelyPresentedLEFHostInstances_of_lamplighter	 (hlamp : LEFLamplighterStatement) (hfp : FinitelyPresentedRecursivePresentationStatement) (hmain : PrintedSimpleKazhdanSoficMain) (hwp : PrintedWordProblemReducesToLanguage) (hgen : GenValueGeneratesStatement)
printedRecursivelyPresentedLEFHostInstances_of_lamplighterHost	 (hhost : LamplighterHostStatement)
printedRecursivelyPresentedLEFHostInstances_of_pieces	 (hhost : PrintedRecursivelyPresentedLEFHost) (hfpi : PrintedFinitelyPresentedRFInstance) (hlang : PrintedRecursiveLanguageInstance)
printedRegularNonMFAlgebra_of_fourLeaves	 (hgreendlinger :       GGT.VanKampen.RelativeGreendlingerQuasiGeodesicLeastAreaStatement.{0, 0, 0}) (hbridge : HullSC.RelativeIsoperimetricBridgeQuasiGeodesicEmbeddedStatement.{0, 0, 0}) (hKO : TheoremC.KotowskiOllivierStatement) (hW : TorsionFreePrinted.FinitelyPresentedInfiniteSimpleStatement)
printedRegularNonMFAlgebra_of_greendlinger	 (hgreendlinger :       GGT.VanKampen.RelativeGreendlingerQuasiGeodesicLeastAreaStatement.{0, 0, 0})
printedRegularNonMFAlgebra_of_printedTorsionFreeTheorem	 (hthm : TorsionFreePrinted.PrintedTorsionFreeTheorem)
printedRegularNonMFAlgebraLimitSet_of_fourLeaves	 (hgreendlinger :       GGT.VanKampen.RelativeGreendlingerQuasiGeodesicLeastAreaStatement.{0, 0, 0}) (hbridge : HullSC.RelativeIsoperimetricBridgeQuasiGeodesicEmbeddedStatement.{0, 0, 0}) (hKO : TheoremC.KotowskiOllivierStatement) (hW : TorsionFreePrinted.FinitelyPresentedInfiniteSimpleStatement)
printedRegularNonMFAlgebraLimitSet_of_greendlinger	 (hgreendlinger :       GGT.VanKampen.RelativeGreendlingerQuasiGeodesicLeastAreaStatement.{0, 0, 0})
printedRegularNonMFAlgebraLimitSet_of_printed	 (h : PrintedRegularNonMFAlgebra)
printedRegularNonMFAlgebraOsin_of_fourLeaves	 (hgreendlinger :       GGT.VanKampen.RelativeGreendlingerQuasiGeodesicLeastAreaStatement.{0, 0, 0}) (hbridge : HullSC.RelativeIsoperimetricBridgeQuasiGeodesicEmbeddedStatement.{0, 0, 0}) (hKO : TheoremC.KotowskiOllivierStatement) (hW : TorsionFreePrinted.FinitelyPresentedInfiniteSimpleStatement)
printedRegularNonMFAlgebraOsin_of_greendlinger	 (hgreendlinger :       GGT.VanKampen.RelativeGreendlingerQuasiGeodesicLeastAreaStatement.{0, 0, 0})
printedRegularNonMFAlgebraOsin_of_printed	 (h : PrintedRegularNonMFAlgebra)
printedSaturation_of_fourLeaves	 (hgreendlinger :       GGT.VanKampen.RelativeGreendlingerQuasiGeodesicLeastAreaStatement.{0, 0, 0}) (hbridge : HullSC.RelativeIsoperimetricBridgeQuasiGeodesicEmbeddedStatement.{0, 0, 0})
printedSaturation_of_greendlinger	 (hgreendlinger :       GGT.VanKampen.RelativeGreendlingerQuasiGeodesicLeastAreaStatement.{0, 0, 0})
printedSaturationApplyHull_of_fourLeaves	 (hgreendlinger :       GGT.VanKampen.RelativeGreendlingerQuasiGeodesicLeastAreaStatement.{0, 0, 0}) (hbridge : HullSC.RelativeIsoperimetricBridgeQuasiGeodesicEmbeddedStatement.{0, 0, 0})
printedSaturationApplyHull_of_greendlinger	 (hgreendlinger :       GGT.VanKampen.RelativeGreendlingerQuasiGeodesicLeastAreaStatement.{0, 0, 0})
printedSaturationLimitSet_of_fourLeaves	 (hgreendlinger :       GGT.VanKampen.RelativeGreendlingerQuasiGeodesicLeastAreaStatement.{0, 0, 0}) (hbridge : HullSC.RelativeIsoperimetricBridgeQuasiGeodesicEmbeddedStatement.{0, 0, 0})
printedSaturationLimitSet_of_greendlinger	 (hgreendlinger :       GGT.VanKampen.RelativeGreendlingerQuasiGeodesicLeastAreaStatement.{0, 0, 0})
printedSaturationLimitSet_of_noOmega	 (h : PrintedSaturationNoOmega.{0})
printedSaturationNoOmega_of_greendlinger	 (hgreendlinger :       GGT.VanKampen.RelativeGreendlingerQuasiGeodesicLeastAreaStatement.{0, 0, 0})
printedSaturationNoOmega_of_leastAreaLeaves	 (hgreendlinger :       GGT.VanKampen.RelativeGreendlingerQuasiGeodesicLeastAreaStatement.{0, 0, 0}) (hbridge : HullSC.RelativeIsoperimetricBridgeQuasiGeodesicEmbeddedStatement.{0, 0, 0})
printedSaturationNoOmega_of_leaves	 (hgreendlinger :       GGT.VanKampen.RelativeGreendlingerQuasiGeodesicStatement.{0, 0, 0}) (hbridge : HullSC.RelativeIsoperimetricBridgeQuasiGeodesicStatement.{0, 0, 0})
printedSaturationNoOmega_of_printedSaturation	 (h : PrintedSaturation.{u})
printedSaturationOsin_of_fourLeaves	 (hgreendlinger :       GGT.VanKampen.RelativeGreendlingerQuasiGeodesicLeastAreaStatement.{0, 0, 0}) (hbridge : HullSC.RelativeIsoperimetricBridgeQuasiGeodesicEmbeddedStatement.{0, 0, 0})
printedSaturationOsin_of_greendlinger	 (hgreendlinger :       GGT.VanKampen.RelativeGreendlingerQuasiGeodesicLeastAreaStatement.{0, 0, 0})
printedSaturationOsin_of_noOmega	 (h : PrintedSaturationNoOmega.{0})
printedSaturationPairAndHullAgain_of_fourLeaves	 (hgreendlinger :       GGT.VanKampen.RelativeGreendlingerQuasiGeodesicLeastAreaStatement.{0, 0, 0}) (hbridge : HullSC.RelativeIsoperimetricBridgeQuasiGeodesicEmbeddedStatement.{0, 0, 0})
printedSaturationPairAndHullAgain_of_greendlinger	 (hgreendlinger :       GGT.VanKampen.RelativeGreendlingerQuasiGeodesicLeastAreaStatement.{0, 0, 0})
printedSimpleKazhdanGeneral_of_marked_limit	 (hmarked : PrintedMatricialMarkedLimitStatement)
printedSimpleKazhdanGeneral_of_open_pieces	 (hsimple : PrintedGeneralSimplicityStatement) (hmarked : PrintedMatricialMarkedLimitStatement)
printedSimpleKazhdanGeneral_of_pieces	 (hsimple : PrintedGeneralSimplicityStatement) (hmarked : PrintedMatricialMarkedLimitStatement) (hsimpleM : PrintedBlockElementarySimple)
printedSimpleKazhdanSoficMain_of_general	 (hgen : PrintedSimpleKazhdanGeneral) (hper : PrintedPeriodicMatricialStatement)
printedSimpleKazhdanSoficMain_of_matricial_pieces	 (hmarked : PrintedMatricialMarkedLimitStatement) (hper : PrintedPeriodicMatricialStatement)
printedSimpleKazhdanSoficMain_of_open_pieces	 (hsimple : PrintedGeneralSimplicityStatement) (hmarked : PrintedMatricialMarkedLimitStatement) (hper : PrintedPeriodicMatricialStatement)
printedSimpleKazhdanSoficMain_of_periodic	 (hper : PrintedPeriodicMatricialStatement)
printedSimpleKazhdanSoficMain_of_pieces	 (hfg : PrintedSubshiftRingFGStatement) (hsimple : PrintedSimplicityStatement) (hmarked : PrintedMarkedLimitExpandersStatement) (hlef : PrintedMarkedLimitLEFStatement)
printedSimpleKazhdanSoficMain_of_two_pieces	 (hsimple : PrintedSimplicityStatement) (hmarked : PrintedMarkedLimitExpandersStatement)
printedSolvableWordProblemIffRecursiveLanguage_of	 (hc : PrintedWordProblemReducesToLanguage)
printedTheoremApplySaturation_of_fourLeaves	 (hgreendlinger :       GGT.VanKampen.RelativeGreendlingerQuasiGeodesicLeastAreaStatement.{0, 0, 0}) (hbridge : HullSC.RelativeIsoperimetricBridgeQuasiGeodesicEmbeddedStatement.{0, 0, 0})
printedTheoremApplySaturation_of_greendlinger	 (hgreendlinger :       GGT.VanKampen.RelativeGreendlingerQuasiGeodesicLeastAreaStatement.{0, 0, 0})
printedTorsionFreeFullMFRadical_of_configuration	 (hHull : HullCorrectedInputs.HullInputsCorrected.{0})
printedTorsionFreeFullMFRadical_of_fourLeaves	 (hgreendlinger :       GGT.VanKampen.RelativeGreendlingerQuasiGeodesicLeastAreaStatement.{0, 0, 0}) (hbridge : HullSC.RelativeIsoperimetricBridgeQuasiGeodesicEmbeddedStatement.{0, 0, 0}) (hKO : TheoremC.KotowskiOllivierStatement) (hW : TorsionFreePrinted.FinitelyPresentedInfiniteSimpleStatement)
printedTorsionFreeFullMFRadical_of_greendlinger	 (hgreendlinger :       GGT.VanKampen.RelativeGreendlingerQuasiGeodesicLeastAreaStatement.{0, 0, 0})
printedTorsionFreeSimplified_of_theorem	 (h : TorsionFreePrinted.PrintedTorsionFreeTheorem)
printedTorsionFreeTheorem_of_allCells_of_core	 (hall : GL06e.AllCellsShortEnclosedRefutedBelowSectionStatement.{0, 0, 0}) (hcore : GL03DKept.gl03dKept_KeptSubwalkCoreStatement.{0, 0, 0})
printedTorsionFreeTheorem_of_corrected	 (hHull : HullCorrectedInputs.HullInputsCorrected.{0})
printedTorsionFreeTheorem_of_fourLeaves	 (hgreendlinger :       GGT.VanKampen.RelativeGreendlingerQuasiGeodesicLeastAreaStatement.{0, 0, 0}) (hbridge : HullSC.RelativeIsoperimetricBridgeQuasiGeodesicEmbeddedStatement.{0, 0, 0}) (hKO : TheoremC.KotowskiOllivierStatement) (hW : TorsionFreePrinted.FinitelyPresentedInfiniteSimpleStatement)
printedTorsionFreeTheorem_of_greendlinger	 (hgreendlinger :       GGT.VanKampen.RelativeGreendlingerQuasiGeodesicLeastAreaStatement.{0, 0, 0})
printedTorsionFreeTheorem_of_literatureInputs	 (hHull : TorsionFreePrinted.HullPrintedInputs.{0})
printedTorsionFreeTheorem_of_paragraphFreeWitness	 (h : FournierFacioParagraphFreeWitness) (hHull : TorsionFreePrinted.HullPrintedInputs.{0})
printedTorsionFreeTheorem_of_paragraphFreeWitness_of_corrected	 (h : FournierFacioParagraphFreeWitness) (hHull : HullCorrectedInputs.HullInputsCorrected.{0})
printedTorsionFreeTheorem_of_simplified	 (h : PrintedTorsionFreeSimplified)
printedTorsionFreeTheoremLimitSet_of_fourLeaves	 (hgreendlinger :       GGT.VanKampen.RelativeGreendlingerQuasiGeodesicLeastAreaStatement.{0, 0, 0}) (hbridge : HullSC.RelativeIsoperimetricBridgeQuasiGeodesicEmbeddedStatement.{0, 0, 0}) (hKO : TheoremC.KotowskiOllivierStatement) (hW : TorsionFreePrinted.FinitelyPresentedInfiniteSimpleStatement)
printedTorsionFreeTheoremLimitSet_of_greendlinger	 (hgreendlinger :       GGT.VanKampen.RelativeGreendlingerQuasiGeodesicLeastAreaStatement.{0, 0, 0})
printedTorsionFreeTheoremLimitSet_of_printed	 (h : PrintedTorsionFreeTheorem)
printedTorsionFreeTheoremOsin_of_fourLeaves	 (hgreendlinger :       GGT.VanKampen.RelativeGreendlingerQuasiGeodesicLeastAreaStatement.{0, 0, 0}) (hbridge : HullSC.RelativeIsoperimetricBridgeQuasiGeodesicEmbeddedStatement.{0, 0, 0}) (hKO : TheoremC.KotowskiOllivierStatement) (hW : TorsionFreePrinted.FinitelyPresentedInfiniteSimpleStatement)
printedTorsionFreeTheoremOsin_of_greendlinger	 (hgreendlinger :       GGT.VanKampen.RelativeGreendlingerQuasiGeodesicLeastAreaStatement.{0, 0, 0})
printedTorsionFreeTheoremOsin_of_printed	 (h : PrintedTorsionFreeTheorem)
printedTorsionFreeTheoremWithRegularAlgebra_of_greendlinger	 (hgreendlinger :       GGT.VanKampen.RelativeGreendlingerQuasiGeodesicLeastAreaStatement.{0, 0, 0})
printedTorsionFreeTheoremWithRegularAlgebraLimitSet_of_greendlinger	 (hgreendlinger :       GGT.VanKampen.RelativeGreendlingerQuasiGeodesicLeastAreaStatement.{0, 0, 0})
printedTorsionFreeTheoremWithRegularAlgebraLimitSet_of_printedLimitSet	 (h : TorsionFreeLimitSetNotion.PrintedTorsionFreeTheoremLimitSet)
printedTorsionFreeTheoremWithRegularAlgebraOsin_of_greendlinger	 (hgreendlinger :       GGT.VanKampen.RelativeGreendlingerQuasiGeodesicLeastAreaStatement.{0, 0, 0})
printedTorsionFreeTheoremWithRegularAlgebraOsin_of_printedOsin	 (h : TorsionFreeOsinNotion.PrintedTorsionFreeTheoremOsin)
printedTransientMatrices_of_restrictSurjective	 (hsurj : RestrictSurjectiveStatement)
printedTwoEndedUnitsLEFGLThreeNotMF_of_bilateralThree	 (hB : Manuscript.ChainCore.BilateralThree.PrintedBilateralThree)
printedTwoEndedUnitsLEFGLThreeNotMF_of_pieces	 (hB : Manuscript.ChainCore.BilateralThree.PrintedBilateralThree)
printedWordProblemDegreeEqLanguage_of	 (hc : PrintedWordProblemReducesToLanguage)
printedWordProblemKernels_of_simplicity	 (hsimple : PrintedSimplicityStatement)
printedWordProblemsCorollary_of	 (hc : PrintedWordProblemReducesToLanguage) (he : PrintedContinuedFractionRepresentative) (ha : PrintedTuringAntichainContinuum)
problemIX1Statement_of_problemVIIStatement	 (h : ProblemVIIStatement.{u})
problemIX1Statement_of_problemX1Statement	 (hX : ProblemX1Statement.{u})
prod	 (hA : A.IsCommutative) (hB : B.IsCommutative)
prodMap	 (hS : S.IsBounded) (hT : T.IsBounded)
profiniteClosure_eq_of_fg	 (hH : H.FG)
profiniteClosure_eq_of_fg_of_lampEquiv	 (hH : H.FG)
profiniteClosure_eq_of_normal_finiteIndex_lerf	 (hH : H.FG)
project_adjacent	 (hM : M.IsConnected)
project_of_ne	 (hM : M.IsConnected)
project_reverse	 (hM : M.IsConnected)
project_tip	 (hM : M.IsConnected)
project_value	 (hM : M.IsConnected)
projection_comp_sectionJ	 (h : EndpointInterfaces.BinaryLeavittStabKernelThreeTrivialStatement) (hrow : RowVecStabConjStatement)
projection_comp_vertexSection	 (h : EndpointInterfaces.BinaryLeavittStabKernelThreeTrivialStatement)
projection_lift_of_relativeKOne	 (hK : CohnRelativeKOneTrivialStatement)
projection_liftGL	 (h : EndpointInterfaces.BinaryLeavittStabKernelThreeTrivialStatement)
projection_liftGL_val	 (h : EndpointInterfaces.BinaryLeavittStabKernelThreeTrivialStatement)
projection_sectionJ	 (h : EndpointInterfaces.BinaryLeavittStabKernelThreeTrivialStatement) (hrow : RowVecStabConjStatement)
projectionClique_of_linksSixLarge	 (hconn : X.G.Connected)
proof_of_allCells	 (hall : GL06e.AllCellsShortEnclosedRefutedBelowSectionStatement.{u, w, v})
proof_of_below_gaps	 (h : CellRoseUncutLakesBelowStatement.{u, w, v}) (hcorner : BadCornerRefinementStatement.{u, w, v})
proof_of_cases	 (hnon : P10ChordLift.NonRoseStepStatement.{u, w, v}) (hrose : P10ChordLift.RoseStepStatement.{u, w, v})
proof_of_cellRoseStep	 (hgap : CellRoseStepStatement.{u, w, v}) (hcorner : BadCornerRefinementStatement.{u, w, v})
proof_of_cellRoseUncutOffSide	 (h : CellRoseUncutOffSideStatement.{u, w, v}) (hcorner : BadCornerRefinementStatement.{u, w, v})
proof_of_cellRoseUncutOsin	 (h : CellRoseUncutOsinStatement.{u, w, v}) (hcorner : BadCornerRefinementStatement.{u, w, v})
proof_of_contiguity	 (h : P10ExtremalSplit.RoseExtremalContiguityStatement.{u, w, v})
proof_of_corner	 (hcorner : TouchCornerStatement.{u, w, v})
proof_of_extremalCore	 (h : P10RegionMove.RoseExtremalCoreStatement.{u, w, v})
proof_of_extremalJunction	 (h : P10RoseExtremalTrim.RoseExtremalJunctionStatement.{u, w, v})
proof_of_extremalRegion	 (h : P10RoseExtremal.RoseExtremalRegionStatement.{u, w, v})
proof_of_fullSourceLake	 (hlake : OsinFullSourceLakeStatement.{u, w, v})
proof_of_gaps	 (hfill : LakeFillSuccStatement.{u, w, v}) (hshort : AllCellsShortLoopStatement.{u, w, v})
proof_of_gaps'	 (hfill : LakeFillOutsideStatement.{u, w, v})
proof_of_gapSpanResidual	 (hres : GapSpanResidualStatement.{u, w, v})
proof_of_innerPocketEnclosed	 (h : InnerPocketEnclosedTwoArcStatement.{u, w, v})
proof_of_innerPocketEnclosed_of_bypass	 (hrefuted : RefutedOfInnerPocketEnclosedStatement.{u, w, v}) (hcopy : CopyBelowOfRefutedStatement.{u, w, v}) (h : P07LakeExclusion.InnerPocketEnclosedTwoArcStatement.{u, w, v})
proof_of_innerTwoArc	 (h : CellPocketInnerTwoArcStatement.{u, w, v})
proof_of_innerTwoArcLong	 (h : CellPocketInnerTwoArcLongStatement.{u, w, v})
proof_of_inPlaceStep	 (h : P10Rose.RoseInPlaceStepStatement.{u, w, v})
proof_of_lakesSurgery	 (h : CellRoseLakesSurgeryBelowStatement.{u, w, v})
proof_of_one	 (hone : SwitchCornerOneStatement.{u, w, v})
proof_of_refuted	 (hcopy : CopyBelowOfRefutedStatement.{u, w, v}) (hrefuted : CellPocketWalkRefutedBelowSectionStatement.{u, w, v})
proof_of_regionMoveSubArc	 (h : P10Rose.RoseRegionMoveSubArcStatement.{u, w, v})
proof_of_rose	 (hrose : P10ChordLift.RoseStepStatement.{u, w, v})
proof_of_roseReduction	 (h : Gap)
proof_of_rotationTurns	 (h : ClassPocketRotationTurnStatement.{u, w, v})
proof_of_shapes	 (hhead : HeadShapeStatement.{u, w, v}) (htail : TailShapeStatement.{u, w, v}) (hrot : CellRotationStatement.{u, w, v})
proof_of_short	 (h : EnclosedSubdiagramLoopCutSuccShortStatement.{u, w, v})
proof_of_singleRegionCloser	 (h : Gap)
proof_of_singleRegionMove	 (h : P10Rose.RoseSingleRegionMoveStatement.{u, w, v})
proof_of_switch	 (hswitch : SwitchCornerStatement.{u, w, v})
proof_of_touch	 (htouch : EmptyTouchTwoGonStatement.{u, w, v})
proof_of_windowShape	 (h : ClassPocketWindowShapeStatement.{u, w, v})
properArcsBelow_of_innerTwoArcLong	 (hinner : P07LakeExclusion.CellPocketInnerTwoArcLongStatement.{u, w, v})
properArcsBelowSection_of_refuted	 (h : CellPocketWalkRefutedBelowSectionStatement.{u, w, v})
properNormal_inf_elementaryRootSubgroup_eq_bot	 (hN : N.Normal)
protected_injOn	 (h : D.RouterConclusions)
prunedCore_hasCheegerLowerBound	 (hT : T.Nonempty)
prunedMass_negligible	 (hT : T.Nonempty)
prunedSet_spec	 (hT : T.Nonempty)
psi_sigma	 (h : H)
puncturedVanish_finite	 (hfin : S.Finite) (hne : S.Nonempty)
pureCharLinearity_of_prime	 (hp : PureCharLinearityPrimeStatement)
pureCharLinearity_of_prime_zero	 (hp : PureCharLinearityPrimeStatement) (hz : PureCharLinearityZeroStatement)
pureCharLinearity_of_split	 (hs : PureCharPrimeSplitStatement)
pureCharLinearity_of_split_zero	 (hs : PureCharPrimeSplitStatement) (hz : PureCharLinearityZeroStatement)
pureCharLinearityPrime_of_split	 (h : PureCharPrimeSplitStatement)
pureCharLinearityZero_of_torsionFreeModuleLinearity	 (h : TorsionFreeModuleLinearityStatement)
pureCharPrimeEHigh_of_module	 (hm : PureCharPrimeEHighModuleStatement)
pureCharPrimeEHighModule_of_eHighDevissageCoprimary	 (hc : EHighDevissageCoprimaryStatement)
pureCharPrimeSplit_of_eOne_high	 (h1 : PureCharPrimeEOneStatement) (hh : PureCharPrimeEHighStatement)
push1_fg	 (hP : P.FG)
push2_fg	 (hP : P.FG)
q_mem_fiveCutter	 (h : Sync) (h : Sync)
q_mem_matchedCutter	 (h : Sync)
q_wd	 (h : H)
quadForm_nonneg	 (hA : A.PosSemidef)
quadForm_nonneg_of_posSemidef	 (hA : A.PosSemidef)
quasicentralApproximateUnit_of_separable	 (h : QuasicentralApproximateUnitSeparableStatement)
quasicentralApproximateUnitSeparable_of_monotone	 (h : MonotoneQuasicentralStatement)
quasidiagonalTrace_of_traceKernelLift_trivialKasparovTheory	 (hAmenable : NuclearAmenableTraceStatement.{0}) (hUltra : AmenableUltraHomStatement.{0}) (hChoiEffros : LiftCriterion.CoronaUCPCoordinatesStatement.{0})
quasiGeodesic_of_side	 (hapart : S.GFacesApart) (hcell : S.CellArcsQuasiGeodesic) (hbd : S.BoundaryArcsQuasiGeodesic) (hcut : S.CuttingChainsQuasiGeodesic)
quasiLinearHostStatement_of_chain	 (hcoordP : CharPCoords.CharPPolynomialCoordinatesStatement) (habsP : CharPElementaryAbsorptionStatement) (hfpP : ElemFP.PolynomialFpElementaryFPStatement) (hssP : CharPAffineSelfSimilarStatement) (hcoord0 : CharZeroPolynomialCoordinatesStatement) (habs0 : CharZeroElementaryAbsorptionStatement) (hfp0 : CharZeroElementaryFPStatement) (hss0 : CharZeroAffineSelfSimilarStatement) (haff : AffineExtensionFPStatement)
quasiLinearHostStatement_of_chainFive	 (hcoordP : CharPCoords.CharPPolynomialCoordinatesStatement) (habsP : CharPElementaryAbsorptionStatement) (hfpP : ElemFP.PolynomialFpElementaryFPStatement) (hssP : CharPAffineSelfSimilarStatement) (hcoord0 : CharZeroPolynomialCoordinatesStatement) (habs0 : CharZeroElementaryAbsorptionStatement) (hfp0 : CharZeroElementaryFPFiveStatement) (hss0 : CharZeroAffineSelfSimilarStatement) (haff : AffineExtensionFPStatement)
quasiLinearHostStatement_of_linearHost	 (hlin : Products.LinearHostStatement)
quotient_isFinitelyPresented	 (hR : R.Finite)
quotientJointPeripheralPreservation_id_of_familyInclusion	 (h44 : HullLemma44CanonicalQuotientFamilyInclusionStatement.{u, w})
quotientMap_ker_isFinitelyNormallyGenerated	 (hR : R.Finite)
quotientMapMulEquiv_equivariant	 (h : H)
quotientPeripheralPreservation_of_embeddedBridge	 (hbridge : RelativeIsoperimetricBridgeQuasiGeodesicEmbeddedStatement.{u, u, 0})
quotientPeripheralPreservation_of_prefixRelativeDiagramCertificates	 (hbridge : PrefixRelativeIsoperimetricBridgeStatement.{u, u, 0})
quotientPeripheralPreservation_of_quasiGeodesicCertificates	 (hbridge : RelativeIsoperimetricBridgeQuasiGeodesicStatement.{u, u, 0})
quotientPeripheralPreservation_of_relativeDiagramCertificates	 (hbridge : RelativeIsoperimetricBridgeStatement.{u, u, 0})
radiusSq_mapAffine	 (h : H)
randomGroupInput_of_sharpExistence	 (h : SharpExistence)
range_eq_ker_of_exact	 (hS : S.Exact)
range_increasingEnumeration	 (hS : S.Infinite)
rankFourInjective_of_stabKernelThreeTrivial	 (hin : Criterion.RankFourCriterionInputsStatement)
rankFourInjective_of_stabKernelThreeTrivial_of_brownExtension	 (hB : BrownExtensionStatement)
rankFourInjectiveOfStabKernelThreeTrivial_of_brownExtension	 (hB : BrownExtensionStatement)
rankFourInjectiveOfStabKernelThreeTrivial_of_criterionInputs	 (hin : Criterion.RankFourCriterionInputsStatement)
rankFourK2FinitelyNormallyGenerated_of_rankFourInjective	 (h : BinaryLeavittSteinbergRankFourInjectiveStatement)
rankTwo_of_rankFour	 (h4 : FullDefectRing.PrintedFullComplementaryIdempotents)
rawCompile_marks	 (hOmega : Higman.Omega.OmegaInput)
rawSwitchRelator_copy	 (hDiamond : DiamondLemmaWordProblem)
rawSwitchRelator_copy_nil	 (hDiamond : DiamondLemmaWordProblem)
rawSwitchRelator_kill	 (hDiamond : DiamondLemmaWordProblem)
rawSwitchRelator_kill_nil	 (hDiamond : DiamondLemmaWordProblem)
rCell_of_classPocketEnclosure	 (hencl : ClassPocketEnclosureStatement.{u, w, v})
rCell_of_classPocketRotationTurns	 (h : ClassPocketRotationTurnStatement.{u, w, v})
rCell_of_classPocketTurns	 (hturns : ClassPocketTurnStatement.{u, w, v})
rCell_of_shapes	 (hhead : HeadShapeStatement.{u, w, v}) (htail : TailShapeStatement.{u, w, v}) (hrot : CellRotationStatement.{u, w, v})
rCell_of_span	 (hspan : ClassRCellSpanStatement.{u, w, v})
rCell_of_windowShape	 (h : ClassPocketWindowShapeStatement.{u, w, v})
rCellCount_le_componentDiagram	 (hlea : Delta.LeastArea)
rCellSpan_of_classPocketEnclosure	 (hencl : ClassPocketEnclosureStatement.{u, w, v})
re_normTrace_mul_nonneg_of_posSemidef	 (hP : P.PosSemidef) (hQ : Q.PosSemidef)
reach_face_or_reach_face	 (hM : M.IsPlanar)
reach_or	 (hM : M.IsConnected)
reach_or_reach	 (hM : M.IsConnected)
read_of_noninterleaveNondeg	 (hnon : FourPieceWitness.NoninterleaveNondegStatement.{u, w, v})
read_of_pinchCase	 (h : SoundRoute.PinchCaseStatement.{u, w, v})
realizedPolygons_maximal	 (hapart : S.GFacesApart) (hcell : S.CellArcsQuasiGeodesic) (hbd : S.BoundaryArcsQuasiGeodesic) (hcut : S.CuttingChainsQuasiGeodesic)
realizes_of_cover	 (hM : M.IsPlanar)
reBenign_of_omega	 (hOmega : Omega.OmegaInput)
reBenign_of_reBenignTF	 (h : REBenignTF)
reBenignTF_of_omega	 (hOmega : Omega.OmegaInput)
reclosed_connected	 (hplanar : Delta.toCombMap.IsPlanar)
reclosed_euler	 (hM : M.IsPlanar)
reclosed_euler_outer_of_innerFollows	 (hM : M.IsPlanar)
reclosed_planar	 (hplanar : Delta.toCombMap.IsPlanar)
reclosedMap_connected	 (hM : M.IsConnected)
reclosedMap_euler_preserved	 (hM : M.IsPlanar)
reclosedMap_planar	 (hM : M.IsPlanar)
reduced	 (hred : Delta.Reduced)
reduced_of_infix_of_conj	 (hred : Delta.Reduced)
reduced_of_leastArea	 (hlea : Delta.LeastArea)
reflTransGen_of_twoComplex	 (hX : X.Connected)
refutedBelowInput_of_innerPocketEnclosedCorrected	 (hencl : GL03BPinch.InnerPocketEnclosedTwoArcCorrected.{u, w, v})
refutedBelowInput_of_innerTwoArcLong	 (h : P07LakeExclusion.CellPocketInnerTwoArcLongStatement.{u, w, v})
refutedBelowSection_of_innerPocketEnclosed	 (h : P07LakeExclusion.InnerPocketEnclosedTwoArcStatement.{u, w, v})
refutedBelowSection_of_innerPocketEnclosed_of_long	 (hlong : RefutedOfInnerTwoArcLongStatement.{u, w, v}) (h : P07LakeExclusion.InnerPocketEnclosedTwoArcStatement.{u, w, v})
refutedBelowSection_of_innerPocketEnclosedCorrected_of_allCells	 (hencl : GL03BPinch.InnerPocketEnclosedTwoArcCorrected.{u, w, v}) (hall : AllCellsShortEnclosedRefutedBelowSectionStatement.{u, w, v})
refutedBelowSection_of_innerPocketEnclosedCorrected_of_nearestCellCut	 (hencl : GL03BPinch.InnerPocketEnclosedTwoArcCorrected.{u, w, v}) (hcut : NearestCellCutSectionStatement.{u, w, v})
refutedBelowSection_of_innerPocketEnclosedCorrected_of_nearestCellPocket	 (hencl : GL03BPinch.InnerPocketEnclosedTwoArcCorrected.{u, w, v}) (h : NearestCellPocketStatement.{u, w, v})
refutedBelowSection_of_innerTwoArcLong	 (h : P07LakeExclusion.CellPocketInnerTwoArcLongStatement.{u, w, v})
refutedBelowSection_ofBinderFive	 (h : BinderFive.CellPocketWalkRefutedBelowSectionStatement.{u, w, v})
refutedBelowSection_toBinderFive	 (h : CellPocketWalkRefutedBelowSectionStatement.{u, w, v})
region_alpha	 (hleast : Delta.LeastArea)
region_alpha_back	 (hleast : Delta.LeastArea)
region_sigma	 (hleast : Delta.LeastArea)
region_sigma_back	 (hleast : Delta.LeastArea)
regionEndpoints_of_liveFrontier	 (hshape : Piece04.ClassPocketWindowShapeStatement.{u, w, v}) (hlakes : Piece06.CellRoseUncutLakesBelowStatement.{u, w, v}) (hinner : P07LakeExclusion.InnerPocketEnclosedTwoArcStatement.{u, w, v}) (hsub : P10Rose.RoseRegionMoveSubArcStatement.{u, w, v})
regionHeld_unique	 (hleast : Delta.LeastArea)
regionMoveCoreClose_close_of_extremalCore	 (h : RoseExtremalCoreStatement.{u, w, v})
regionMoveCoreClose_extremalCore_of_close	 (h : RegionMoveCoreCloseStatement.{u, w, v})
regionMoveCoreClose_relativeGreendlinger_of_close	 (hoff : P07InnerPocket.PocketFourPieceOffStatement.{u, w, v}) (h : RegionMoveCoreCloseStatement.{u, w, v})
regionMoveCoreClose_step_of_close	 (h : RegionMoveCoreCloseStatement.{u, w, v})
regionMoveLoose_close_of_residual	 (h : RegionMoveLooseResidualStatement.{u, w, v})
regionMoveLoose_extremalCore_of_residual	 (h : RegionMoveLooseResidualStatement.{u, w, v})
regionMoveLoose_false_of_pair	 (hK : K.ClosedWalk)
regionMoveLoose_not_looseCross_of_eps_zero	 (hK : K.ClosedWalk)
regionMoveLoose_not_looseCross_of_sides_nil	 (hK : K.ClosedWalk)
regionMoveLoose_residual_of_close	 (h : RegionMoveCoreCloseStatement.{u, w, v})
regionMoveLoose_side_of_looseCross	 (hK : K.ClosedWalk)
regionMoveLoose_three_of_looseCross	 (hK : K.ClosedWalk)
regionMoveLooseDescent_close_of_reorder	 (h : RegionMoveLooseDescentReorderStatement.{u, w, v})
regionMoveLooseDescent_close_of_surgery	 (h : RegionMoveLooseDescentSurgeryStatement.{u, w, v})
regionMoveLooseDescent_extremalCore_of_surgery	 (h : RegionMoveLooseDescentSurgeryStatement.{u, w, v})
regionMoveLooseDescent_reorder_of_close	 (h : RegionMoveCoreCloseStatement.{u, w, v})
regionMoveLooseDescent_side_of_surgery	 (h : RegionMoveLooseDescentSurgeryStatement.{u, w, v})
regionMoveLooseDescent_surgery_of_close	 (h : RegionMoveCoreCloseStatement.{u, w, v})
regionMoveLooseDescent_surgery_of_reorder	 (h : RegionMoveLooseDescentReorderStatement.{u, w, v})
regionMoveLooseDescent_surgery_of_side	 (h : RegionMoveLooseSideStatement.{u, w, v})
regionMoveLooseDescent_three_le_count	 (hK : K.ClosedWalk)
regionMoveLooseResidual_of_side	 (h : RegionMoveLooseSideStatement.{u, w, v})
regionMoveLooseSide_close_of_side	 (h : RegionMoveLooseSideStatement.{u, w, v})
regionMoveLooseSide_cross_of_looseCross	 (hK : K.ClosedWalk)
regionMoveLooseSide_exists_second_crosser	 (hK : K.ClosedWalk)
regionMoveLooseSide_extremalCore_of_side	 (h : RegionMoveLooseSideStatement.{u, w, v})
regionMoveLooseSide_false_of_unique_crosser	 (hK : K.ClosedWalk)
regionMoveLooseSide_of_residual	 (h : RegionMoveLooseResidualStatement.{u, w, v})
regionMoveLooseSide_sameCycle_of_crosses	 (hK : K.ClosedWalk)
regionMoveSubArc_of_singleRegionMove	 (h : RoseSingleRegionMoveStatement.{u, w, v})
regOpen_centralizer_centralizer_rigid_open_of_rigidCentralizerOpen	 (hC : RigidCentralizerOpenStatement)
regularNonMFAlgebra_of_greendlinger	 (hgreendlinger :       GGT.VanKampen.RelativeGreendlingerQuasiGeodesicLeastAreaStatement.{0, 0, 0})
rel_rep	 (h : G)
relativeBoundedPenetrationSlice_trivialModel	 (hbase : D.base.Finite) (hemb : D.IsHyperbolicallyEmbedded) (h : PUnit) (hK : K.Finite)
relativeBoundedPowerExtraction_linearGrowth_standardModel	 (hbase : D.base.Finite) (hemb : D.IsHyperbolicallyEmbedded)
relativeBoundedPowerExtraction_of_linearGrowth	 (hGrowth : FiniteFamilyRelativePowerLinearGrowthStatement.{u, v})
relativeBoundedPowerSubsequenceExtraction_of_patternSlice	 (hSlice : RepeatedPatternPeripheralSliceStatement.{u, v})
relativeCayleyNonElementary_of	 (h612 : DGOCorollary612.{u}) (h614 : FreeRankTwoAtNonDegenerate.{u})
relativeCayleyNonElementary_of_612	 (h612 : DGOCorollary612.{u})
relativeCayleyNonElementary_of_612_of_infiniteOrder	 (h612 : DGOCorollary612.{u}) (hemb : D.IsHyperbolicallyEmbedded)
relativeDehnTransferStatement_of_linearAreaTransfer	 (htransfer : RelativeLinearAreaTransferStatement.{u, v, w})
relativeEscapingLoxodromicBridge_emptyModel	 (hfinite : D.base.Finite) (hemb : D.IsHyperbolicallyEmbedded)
relativeExteriorArcConversion_of_atWord	 (h : RelativeExteriorArcConversionAtWordStatement.{u, w})
relativeGreendlinger_of_allCells_of_core	 (hall : GL06e.AllCellsShortEnclosedRefutedBelowSectionStatement.{u, w, v}) (hcore : GL03DKept.gl03dKept_KeptSubwalkCoreStatement.{u, w, v})
relativeGreendlinger_of_binderFiveBelowNoWrap	 (hbudget : OsinLemma94ClassEndLoopsBudgetInput.{u, w, v}) (hspan : OsinLemma94ClassCaseGapSpanStatement.{u, w, v}) (hcopy : OsinMultipleEdgePocketRegionCopyBelowSectionStatement.{u, w, v}) (hstep : PocketOuterPinchStepSectionNoWrapStatement.{u, w, v})
relativeGreendlinger_of_contigResidualNoWrap	 (hoff : P07InnerPocket.PocketFourPieceOffStatement.{u, w, v}) (hres : RoseExtremalContigResidualNoWrapStatement.{u, w, v})
relativeGreendlinger_of_extremalClass	 (hoff : P07InnerPocket.PocketFourPieceOffStatement.{u, w, v}) (h : RoseExtremalClassStatement.{u, w, v})
relativeGreendlinger_of_extremalRegion	 (hoff : P07InnerPocket.PocketFourPieceOffStatement.{u, w, v}) (h : RoseExtremalRegionStatement.{u, w, v})
relativeGreendlinger_of_noWrapCore	 (hoff : P07InnerPocket.PocketFourPieceOffStatement.{u, w, v}) (h : RoseExtremalBlockNoWrapCoreStatement.{u, w, v})
relativeGreendlinger_of_residuals	 (hoff : P07InnerPocket.PocketFourPieceOffStatement.{u, w, v}) (hjunction : P10RoseExtremalTrim.RoseExtremalJunctionStatement.{u, w, v})
relativeGreendlinger_of_residualsNoWrap	 (hoff : P07InnerPocket.PocketFourPieceOffStatement.{u, w, v}) (hcore : RoseExtremalCoreNoWrapStatement.{u, w, v})
relativeGreendlinger_zero_of_allCells_of_core	 (hall : GL06e.AllCellsShortEnclosedRefutedBelowSectionStatement.{0, 0, 0}) (hcore : GL03DKept.gl03dKept_KeptSubwalkCoreStatement.{0, 0, 0})
relativeGreendlingerBaseGeodesicStatement_of_components	 (hselection :       GGT.VanKampen.EstimatingSelectionConstructionStatement.{u, w, 0}) (hpieces :       GGT.VanKampen.EstimatingPieceConstructionStatement.{u, w, 0}) (hunbound :       GGT.VanKampen.EstimatingUnboundOutputStatement.{u, w, 0}) (hconv : RelativeExteriorArcConversionStatement.{u, w})
relativeGreendlingerBaseGeodesicStatement_of_relativeGreendlingerStatement	 (h : RelativeGreendlingerStatement.{u, w})
relativeGreendlingerGeodesicLengthLeastAreaStatement_of_leastAreaGreendlinger	 (hgreendlinger :       GGT.VanKampen.RelativeGreendlingerQuasiGeodesicLeastAreaStatement.{u, w, 0}) (hreal : RelativeDiscRealizationSpellingStatement.{u, w}) (hconv : RelativeExteriorArcConversionAtWordRotatedStatement.{u, w})
relativeGreendlingerGeodesicLengthStatement_of_components	 (hselection :       GGT.VanKampen.EstimatingSelectionConstructionStatement.{u, w, 0}) (hpieces :       GGT.VanKampen.EstimatingPieceConstructionStatement.{u, w, 0}) (hunbound :       GGT.VanKampen.EstimatingUnboundOutputStatement.{u, w, 0}) (hreal : RelativeDiscRealizationSpellingStatement.{u, w}) (hconv : RelativeExteriorArcConversionAtWordRotatedStatement.{u, w})
relativeGreendlingerGeodesicLengthStatement_of_greendlinger	 (hgreendlinger :       GGT.VanKampen.RelativeGreendlingerQuasiGeodesicStatement.{u, w, 0}) (hreal : RelativeDiscRealizationSpellingStatement.{u, w}) (hconv : RelativeExteriorArcConversionAtWordRotatedStatement.{u, w})
relativeGreendlingerGeodesicLengthStatement_of_quasiGeodesicSpelling	 (h : RelativeGreendlingerQuasiGeodesicSpellingStatement.{u, w})
relativeGreendlingerGeodesicLengthStatement_of_relativeGreendlingerStatement	 (h : RelativeGreendlingerStatement.{u, w})
relativeGreendlingerQuasiGeodesic	 (hconstruction : EmbeddedEstimatingSystemConstructionStatement.{u, w, v})
relativeGreendlingerQuasiGeodesic_of_components	 (hselection : EstimatingSelectionConstructionStatement.{u, w, v}) (hpieces : EstimatingPieceConstructionStatement.{u, w, v}) (hunbound : EstimatingUnboundOutputStatement.{u, w, v})
relativeGreendlingerQuasiGeodesic_of_data	 (hdata : EstimatingDataConstructionStatement.{u, w, v})
relativeGreendlingerQuasiGeodesic_of_joint	 (hjoint : EstimatingJointConstructionStatement.{u, w, v}) (hpieces : EstimatingPieceConstructionStatement.{u, w, v})
relativeGreendlingerQuasiGeodesicLeastArea_of_binderFiveBelow	 (hbudget : OsinLemma94ClassEndLoopsBudgetInput.{u, w, v}) (hspan : OsinLemma94ClassCaseGapSpanStatement.{u, w, v}) (hcopy : OsinMultipleEdgePocketRegionCopyBelowSectionStatement.{u, w, v}) (hstep : PocketOuterPinchStepSectionStatement.{u, w, v})
relativeGreendlingerQuasiGeodesicLeastArea_of_bypassFrontier	 (hrot : Piece04.ClassPocketRotationTurnStatement.{u, w, v}) (hencl : P07LakeExclusion.InnerPocketEnclosedTwoArcStatement.{u, w, v}) (hsub : P10Rose.RoseRegionMoveSubArcStatement.{u, w, v})
relativeGreendlingerQuasiGeodesicLeastArea_of_bypassTightFrontier	 (hrot : Piece04.ClassPocketRotationTurnStatement.{u, w, v}) (hinner : P07LakeExclusion.CellPocketInnerTwoArcLongStatement.{u, w, v}) (hsub : P10Rose.RoseRegionMoveSubArcStatement.{u, w, v})
relativeGreendlingerQuasiGeodesicLeastArea_of_copyBelow	 (hbudget : OsinLemma94ClassEndLoopsBudgetInput.{u, w, v}) (hspan : OsinLemma94ClassCaseGapSpanStatement.{u, w, v}) (hcopy : OsinMultipleEdgePocketRegionCopyBelowSectionStatement.{u, w, v}) (hstep : PocketOuterPinchStepSectionStatement.{u, w, v})
relativeGreendlingerQuasiGeodesicLeastArea_of_eightResiduals	 (hbudget : OsinLemma94ClassEndLoopsBudgetInput.{u, w, v}) (hspan : OsinLemma94ClassCaseGapSpanStatement.{u, w, v}) (htwocopy : OsinTwoGonCleanCopySectionStatement.{u, w, v}) (hcellStep : CellPocketOuterPinchStepSectionDistinctStatement.{u, w, v}) (hproper : CellPocketWalkProperArcsBelowSectionStatement.{u, w, v}) (hfaces : OsinSectionPocketFaceSetProperSectionStatement.{u, w, v}) (hwhole : OsinSectionPocketFaceSetWholeSectionTwoArcSectionStatement.{u, w, v}) (hstep : PocketOuterPinchStepSectionStatement.{u, w, v})
relativeGreendlingerQuasiGeodesicLeastArea_of_eightResidualsBelow	 (hbudget : OsinLemma94ClassEndLoopsBudgetInput.{u, w, v}) (hspan : OsinLemma94ClassCaseGapSpanStatement.{u, w, v}) (htwocopy : OsinTwoGonCleanCopySectionStatement.{u, w, v}) (hcellStep : CellPocketOuterPinchStepSectionDistinctBelowStatement.{u, w, v}) (hproper : CellPocketWalkProperArcsBelowSectionStatement.{u, w, v}) (hfaces : OsinSectionPocketFaceSetProperSectionStatement.{u, w, v}) (hwhole : OsinSectionPocketFaceSetWholeSectionTwoArcSectionStatement.{u, w, v}) (hstep : PocketOuterPinchStepSectionStatement.{u, w, v})
relativeGreendlingerQuasiGeodesicLeastArea_of_fiveResidualsBelow	 (hbudget : OsinLemma94ClassEndLoopsBudgetInput.{u, w, v}) (hspan : OsinLemma94ClassCaseGapSpanStatement.{u, w, v}) (hcellStep : CellPocketOuterPinchStepSectionDistinctBelowStatement.{u, w, v}) (hproper : CellPocketWalkProperArcsBelowSectionStatement.{u, w, v}) (hstep : PocketOuterPinchStepSectionStatement.{u, w, v})
relativeGreendlingerQuasiGeodesicLeastArea_of_fiveResidualsBelow_of_closedTrio	 (htrio : ClosedTrioStatement.{u, w, v}) (hbudget : OsinLemma94ClassEndLoopsBudgetInput.{u, w, v}) (hspan : OsinLemma94ClassCaseGapSpanStatement.{u, w, v}) (hcellStep : CellPocketOuterPinchStepSectionDistinctBelowStatement.{u, w, v}) (hproper : CellPocketWalkProperArcsBelowSectionStatement.{u, w, v}) (hstep : PocketOuterPinchStepSectionStatement.{u, w, v})
relativeGreendlingerQuasiGeodesicLeastArea_of_fourResidualsBelow	 (hbudget : OsinLemma94ClassEndLoopsBudgetInput.{u, w, v}) (hspan : OsinLemma94ClassCaseGapSpanStatement.{u, w, v}) (hrefuted : CellPocketWalkRefutedBelowSectionStatement.{u, w, v}) (hstep : PocketOuterPinchStepSectionStatement.{u, w, v})
relativeGreendlingerQuasiGeodesicLeastArea_of_frontier	 (hbudget : OsinLemma94ClassEndLoopsBudgetInput.{u, w, v}) (hrot : Piece04.ClassPocketRotationTurnStatement.{u, w, v}) (hmono : Piece06.CornerRefine.MonogonCornerStatement.{u, w, v}) (hlakes : Piece06.CellRoseUncutLakesBelowStatement.{u, w, v}) (hinner : P07LakeExclusion.CellPocketInnerTwoArcLongStatement.{u, w, v}) (hnon : P10ChordLift.NonRoseStepStatement.{u, w, v}) (hsub : P10Rose.RoseRegionMoveSubArcStatement.{u, w, v})
relativeGreendlingerQuasiGeodesicLeastArea_of_inputs	 (hO52 : O52LeastAreaStatement.{u, w, v}) (h94 : OsinLemma94SectionStatement.{u, w, v}) (hin : OsinSection97InputsStatement.{u, w, v})
relativeGreendlingerQuasiGeodesicLeastArea_of_openFrontier	 (h : OpenFrontierStatement.{u, w, v})
relativeGreendlingerQuasiGeodesicLeastArea_of_openResiduals	 (hbudget : OsinLemma94PolygonSideBudgetInput.{u, w, v}) (hsame : OsinLemma94UnboundSameCellStatement.{u, w, v}) (hsameOne : OsinLemma94CaseOneSameCellStatement.{u, w, v}) (htwogon : OsinTwoGonHoldsSectionStatement.{u, w, v}) (hregion : OsinMultipleEdgePocketRegionSectionStatement.{u, w, v}) (hfaces : OsinSectionPocketFaceSetSectionStatement.{u, w, v}) (hpinch : PocketPinchLabelledStatement.{u, w, v}) (hgeodesic : GeodesicCollarStatement.{u, w, v})
relativeGreendlingerQuasiGeodesicLeastArea_of_openResidualsBelow	 (h : GreendlingerOpenResidualsBelowStatement.{u, w, v})
relativeGreendlingerQuasiGeodesicLeastArea_of_openResidualsBelow_of_closedTrio	 (htrio : ClosedTrioStatement.{u, w, v}) (h : GreendlingerOpenResidualsBelowStatement.{u, w, v})
relativeGreendlingerQuasiGeodesicLeastArea_of_osinLemma97	 (h97 : OsinLemma97SectionStatement.{u, w, v})
relativeGreendlingerQuasiGeodesicLeastArea_of_parts	 (h94 : OsinLemma94SectionStatement.{u, w, v}) (hmulti : OsinMultipleEdgeCutSectionStatement.{u, w, v}) (hloop : OsinLoopCutSectionStatement.{u, w, v}) (heuler : OsinEulerCountSectionStatement.{u, w, v}) (hdescent : OsinDescentSectionStatement.{u, w, v})
relativeGreendlingerQuasiGeodesicLeastArea_of_pocketInputs	 (h94 : OsinLemma94SectionStatement.{u, w, v}) (hin : OsinSection97PocketInputsStatement.{u, w, v})
relativeGreendlingerQuasiGeodesicLeastArea_of_pocketInputsBelow	 (h94 : OsinLemma94SectionStatement.{u, w, v}) (hin : OsinSection97PocketInputsBelowStatement.{u, w, v})
relativeGreendlingerQuasiGeodesicLeastArea_of_pocketInputsPocketBelow	 (h94 : OsinLemma94SectionStatement.{u, w, v}) (hin : OsinSection97PocketInputsPocketBelowStatement.{u, w, v})
relativeGreendlingerQuasiGeodesicLeastArea_of_pocketParts	 (h94 : OsinLemma94SectionStatement.{u, w, v}) (hmulti : OsinMultipleEdgeCutSectionStatement.{u, w, v}) (hloop : OsinLoopCutSectionStatement.{u, w, v}) (hcount : OsinPhiPrimeCountSectionStatement.{u, w, v}) (hpocket : OsinSectionPocketCutSectionStatement.{u, w, v})
relativeGreendlingerQuasiGeodesicLeastArea_of_pocketPartsBelow	 (h94 : OsinLemma94SectionStatement.{u, w, v}) (hmulti : OsinMultipleEdgeCutBelowSectionStatement.{u, w, v}) (hloop : OsinLoopCutSectionStatement.{u, w, v}) (hcount : OsinPhiPrimeCountSectionStatement.{u, w, v}) (hpocket : OsinSectionPocketCutSectionStatement.{u, w, v})
relativeGreendlingerQuasiGeodesicLeastArea_of_pocketPartsPocketBelow	 (h94 : OsinLemma94SectionStatement.{u, w, v}) (hmulti : OsinMultipleEdgeCutBelowSectionStatement.{u, w, v}) (hloop : OsinLoopCutSectionStatement.{u, w, v}) (hcount : OsinPhiPrimeCountSectionStatement.{u, w, v}) (hpocket : OsinSectionPocketCutBelowSectionStatement.{u, w, v})
relativeGreendlingerQuasiGeodesicLeastArea_of_reduced	 (h : RelativeGreendlingerQuasiGeodesicStatement.{u, w, v})
relativeGreendlingerQuasiGeodesicLeastArea_of_residuals	 (h94 : OsinLemma94SectionStatement.{u, w, v}) (hloop : OsinLoopCutSectionStatement.{u, w, v}) (hcount : OsinPhiPrimeCountSectionStatement.{u, w, v}) (hregion : OsinMultipleEdgePocketRegionSectionStatement.{u, w, v}) (hfaces : OsinSectionPocketFaceSetSectionStatement.{u, w, v}) (hpinch : PocketPinchLabelledStatement.{u, w, v}) (hgeodesic : GeodesicCollarStatement.{u, w, v})
relativeGreendlingerQuasiGeodesicLeastArea_of_residualsPos	 (h94 : OsinLemma94SectionStatement.{u, w, v}) (hloop : OsinLoopCutSectionStatement.{u, w, v}) (hcount : OsinPhiPrimeCountSectionStatement.{u, w, v}) (hregion : OsinMultipleEdgePocketRegionSectionStatement.{u, w, v}) (hfaces : OsinSectionPocketFaceSetSectionStatement.{u, w, v}) (hpinch : PocketPinchLabelledPosStatement.{u, w, v}) (hgeodesic : GeodesicCollarStatement.{u, w, v})
relativeGreendlingerQuasiGeodesicLeastArea_of_residualsV2	 (hcount : OsinLemma94PolygonCountInput.{u, w, v}) (hrcell : OsinLemma94CaseOneRCellStatement.{u, w, v}) (htwogon : OsinTwoGonHoldsSectionStatement.{u, w, v}) (hregion : OsinMultipleEdgePocketRegionSectionStatement.{u, w, v}) (hfaces : OsinSectionPocketFaceSetSectionStatement.{u, w, v}) (hpinch : PocketPinchLabelledPosStatement.{u, w, v})
relativeGreendlingerQuasiGeodesicLeastArea_of_residualsV2_of_copy	 (hcount : OsinLemma94PolygonCountInput.{u, w, v}) (hrcell : OsinLemma94CaseOneRCellStatement.{u, w, v}) (htwogon : OsinTwoGonHoldsSectionStatement.{u, w, v}) (hregion : OsinMultipleEdgePocketRegionSectionStatement.{u, w, v}) (hfaces : OsinSectionPocketFaceSetSectionStatement.{u, w, v}) (hpinch : PocketPinchLabelledPosStatement.{u, w, v})
relativeGreendlingerQuasiGeodesicLeastArea_of_residualsV2Copy	 (hcount : OsinLemma94PolygonCountInput.{u, w, v}) (hrcell : OsinLemma94CaseOneRCellStatement.{u, w, v}) (htwogon : OsinTwoGonHoldsSectionStatement.{u, w, v}) (hcopy : CellPocketCopyCleanStatement.{u, w, v}) (hout : CellPocketWalkOuterOffSideStatement.{u, w, v}) (hkept : CellPocketWalkSideRelatorCellStatement.{u, w, v}) (hcellPinch : CellPocketPinchPosStatement.{u, w, v}) (hfaces : OsinSectionPocketFaceSetSectionStatement.{u, w, v}) (hpinch : PocketPinchLabelledPosStatement.{u, w, v})
relativeGreendlingerQuasiGeodesicLeastArea_of_residualsV2CopyOrder	 (hcount : OsinLemma94PolygonCountInput.{u, w, v}) (hrcell : OsinLemma94CaseOneRCellStatement.{u, w, v}) (htwogon : OsinTwoGonHoldsSectionStatement.{u, w, v}) (hcopy : CellPocketCopyCleanBothOrdersStatement.{u, w, v}) (hout : CellPocketWalkOuterOffSideSomeOrderStatement.{u, w, v}) (hfollow : CellPocketWalkEitherFollowsStatement.{u, w, v}) (hcellPinch : CellPocketPinchPosStatement.{u, w, v}) (hfaces : OsinSectionPocketFaceSetSectionStatement.{u, w, v}) (hpinch : PocketPinchLabelledPosStatement.{u, w, v})
relativeGreendlingerQuasiGeodesicLeastArea_of_residualsV2CopyOrderEuler	 (hcount : OsinLemma94PolygonCountInput.{u, w, v}) (hrcell : OsinLemma94CaseOneRCellStatement.{u, w, v}) (htwogon : OsinTwoGonHoldsSectionStatement.{u, w, v}) (hcopy : CellPocketCopyCleanBothOrdersStatement.{u, w, v}) (hout : CellPocketWalkOuterOffSideSomeOrderStatement.{u, w, v}) (heuler : CellPocketWalkEulerStatement.{u, w, v}) (hcellPinch : CellPocketPinchPosStatement.{u, w, v}) (hfaces : OsinSectionPocketFaceSetSectionStatement.{u, w, v}) (hpinch : PocketPinchLabelledPosStatement.{u, w, v})
relativeGreendlingerQuasiGeodesicLeastArea_of_residualsV2CopyProper	 (hcount : OsinLemma94PolygonCountInput.{u, w, v}) (hrcell : OsinLemma94CaseOneRCellStatement.{u, w, v}) (htwogon : OsinTwoGonHoldsSectionStatement.{u, w, v}) (hcopy : CellPocketCopyCleanStatement.{u, w, v}) (hout : CellPocketWalkOuterOffSideStatement.{u, w, v}) (hkept : CellPocketWalkSideRelatorCellStatement.{u, w, v}) (hcellPinch : CellPocketPinchPosStatement.{u, w, v}) (hfaces : OsinSectionPocketFaceSetProperSectionStatement.{u, w, v}) (hpinch : PocketPinchLabelledSectionStatement.{u, w, v})
relativeGreendlingerQuasiGeodesicLeastArea_of_residualsV2CopySection	 (hcount : OsinLemma94PolygonCountInput.{u, w, v}) (hrcell : OsinLemma94CaseOneRCellStatement.{u, w, v}) (htwogon : OsinTwoGonHoldsSectionStatement.{u, w, v}) (hregion : OsinMultipleEdgePocketRegionCopySectionStatement.{u, w, v}) (hfaces : OsinSectionPocketFaceSetSectionStatement.{u, w, v}) (hpinch : PocketPinchLabelledPosStatement.{u, w, v})
relativeGreendlingerQuasiGeodesicLeastArea_of_residualsV3	 (hloops : OsinLemma94ClassEndLoopsInput.{u, w, v}) (hpocket : OsinLemma94SameCellPocketInput.{u, w, v}) (hcases : OsinLemma94ClassCasesInput.{u, w, v}) (htwogon : OsinTwoGonHoldsSectionStatement.{u, w, v}) (hregion : OsinMultipleEdgePocketRegionSectionStatement.{u, w, v}) (hfaces : OsinSectionPocketFaceSetSectionStatement.{u, w, v}) (hpinch : PocketPinchLabelledPosStatement.{u, w, v})
relativeGreendlingerQuasiGeodesicLeastArea_of_residualsV4	 (hloops : OsinLemma94ClassEndLoopsInput.{u, w, v}) (hpocket : OsinLemma94SameCellPocketInput.{u, w, v}) (hcases : OsinLemma94ClassCasesInput.{u, w, v}) (htwogon : OsinTwoGonHoldsSectionStatement.{u, w, v}) (hcopy : CellPocketCopyCleanBothOrdersStatement.{u, w, v}) (hout : CellPocketWalkOuterOffSideSomeOrderStatement.{u, w, v}) (hfollow : CellPocketWalkEitherFollowsStatement.{u, w, v}) (hcellPinch : CellPocketPinchPosStatement.{u, w, v}) (hfaces : OsinSectionPocketFaceSetProperSectionStatement.{u, w, v}) (hpinch : PocketPinchLabelledSectionStatement.{u, w, v})
relativeGreendlingerQuasiGeodesicLeastArea_of_residualsV4CopySection	 (hloops : OsinLemma94ClassEndLoopsInput.{u, w, v}) (hpocket : OsinLemma94SameCellPocketInput.{u, w, v}) (hcases : OsinLemma94ClassCasesInput.{u, w, v}) (htwogon : OsinTwoGonHoldsSectionStatement.{u, w, v}) (hregion : OsinMultipleEdgePocketRegionCopySectionStatement.{u, w, v}) (hfaces : OsinSectionPocketFaceSetProperSectionStatement.{u, w, v}) (hpinch : PocketPinchLabelledSectionStatement.{u, w, v})
relativeGreendlingerQuasiGeodesicLeastArea_of_residualsV4Euler	 (hloops : OsinLemma94ClassEndLoopsInput.{u, w, v}) (hpocket : OsinLemma94SameCellPocketInput.{u, w, v}) (hcases : OsinLemma94ClassCasesInput.{u, w, v}) (htwogon : OsinTwoGonHoldsSectionStatement.{u, w, v}) (hcopy : CellPocketCopyCleanBothOrdersStatement.{u, w, v}) (heuler : CellPocketWalkEulerStatement.{u, w, v}) (hcellPinch : CellPocketPinchPosStatement.{u, w, v}) (hfaces : OsinSectionPocketFaceSetProperSectionStatement.{u, w, v}) (hpinch : PocketPinchLabelledSectionStatement.{u, w, v})
relativeGreendlingerQuasiGeodesicLeastArea_of_residualsV4EulerSplit	 (hloops : OsinLemma94ClassEndLoopsInput.{u, w, v}) (hpocket : OsinLemma94SameCellPocketInput.{u, w, v}) (hrcell : OsinLemma94CaseOneRCellStatement.{u, w, v}) (hendpoint : OsinLemma94ClassCaseGapEndpointStatement.{u, w, v}) (hspan : OsinLemma94ClassCaseGapSpanStatement.{u, w, v}) (htwogon : OsinTwoGonHoldsSectionStatement.{u, w, v}) (hcopy : CellPocketCopyCleanBothOrdersStatement.{u, w, v}) (heuler : CellPocketWalkEulerStatement.{u, w, v}) (hcellPinch : CellPocketPinchPosStatement.{u, w, v}) (hfaces : OsinSectionPocketFaceSetProperSectionStatement.{u, w, v}) (hpinch : PocketPinchLabelledSectionStatement.{u, w, v})
relativeGreendlingerQuasiGeodesicLeastArea_of_residualsV4Split	 (hloops : OsinLemma94ClassEndLoopsInput.{u, w, v}) (hpocket : OsinLemma94SameCellPocketInput.{u, w, v}) (hrcell : OsinLemma94CaseOneRCellStatement.{u, w, v}) (hendpoint : OsinLemma94ClassCaseGapEndpointStatement.{u, w, v}) (hspan : OsinLemma94ClassCaseGapSpanStatement.{u, w, v}) (htwogon : OsinTwoGonHoldsSectionStatement.{u, w, v}) (hcopy : CellPocketCopyCleanBothOrdersStatement.{u, w, v}) (hout : CellPocketWalkOuterOffSideSomeOrderStatement.{u, w, v}) (hfollow : CellPocketWalkEitherFollowsStatement.{u, w, v}) (hcellPinch : CellPocketPinchPosStatement.{u, w, v}) (hfaces : OsinSectionPocketFaceSetProperSectionStatement.{u, w, v}) (hpinch : PocketPinchLabelledSectionStatement.{u, w, v})
relativeGreendlingerQuasiGeodesicLeastArea_of_residualsV5	 (hloops : OsinLemma94ClassEndLoopsInput.{u, w, v}) (hpocket : OsinLemma94SameCellPocketInput.{u, w, v}) (hrcell : OsinLemma94CaseOneRCellStatement.{u, w, v}) (hspan : OsinLemma94ClassCaseGapSpanStatement.{u, w, v}) (htwogon : OsinTwoGonHoldsSectionStatement.{u, w, v}) (heuler : CellPocketWalkEulerStatement.{u, w, v}) (hcellPinch : CellPocketPinchSectionStatement.{u, w, v}) (hproper : CellPocketWalkProperArcsSectionStatement.{u, w, v}) (hfaces : OsinSectionPocketFaceSetTwoArcSectionStatement.{u, w, v}) (hpinch : PocketPinchLabelledSectionTwoArcStatement.{u, w, v})
relativeGreendlingerQuasiGeodesicLeastArea_of_residualsV6	 (hbudget : OsinLemma94ClassEndLoopsBudgetInput.{u, w, v}) (hvalue : SameCellPocketCellFreeValueStatement.{u, w, v}) (hcut : SameCellPocketLoopCutStatement.{u, w, v}) (hloop : EnclosedSubdiagramLoopCutSuccStatement.{u, w, v}) (hsub : ClosedWalkEnclosedSubdiagramSuccStatement.{u, w, v}) (hencl : OsinLemma94CaseOneSpurEnclosureStatement.{u, w, v}) (hspan : OsinLemma94ClassCaseGapSpanStatement.{u, w, v}) (htwowalk : OsinTwoGonEulerWalkSectionStatement.{u, w, v}) (htwogap : OsinTwoGonEulerGapSectionStatement.{u, w, v}) (hcount : NoninterleavingVertexCountStatement.{v}) (hni : CellPocketWalkNoninterleavingStatement.{u, w, v}) (hcellStep : CellPocketOuterPinchStepSectionStatement.{u, w, v})
relativeGreendlingerQuasiGeodesicLeastArea_of_residualsV7	 (hbudget : OsinLemma94ClassEndLoopsBudgetInput.{u, w, v}) (hvalue : SameCellPocketCellFreeValueStatement.{u, w, v}) (hcut : SameCellPocketLoopCutStatement.{u, w, v}) (hloop : EnclosedSubdiagramLoopCutSuccStatement.{u, w, v}) (hsub : ClosedWalkEnclosedSubdiagramSuccStatement.{u, w, v}) (hspan : OsinLemma94ClassCaseGapSpanStatement.{u, w, v}) (htwoclean : OsinTwoGonCopyCleanSectionStatement.{u, w, v}) (htwoeuler : OsinTwoGonDecompositionEulerSectionStatement.{u, w, v}) (hcount : NoninterleavingVertexCountStatement.{v}) (hcellStep : CellPocketOuterPinchStepSectionStatement.{u, w, v}) (hproper : CellPocketWalkProperArcsSectionStatement.{u, w, v}) (hfaces : OsinSectionPocketFaceSetTwoArcSectionStatement.{u, w, v})
relativeGreendlingerQuasiGeodesicLeastArea_of_residualsV8	 (hbudget : OsinLemma94ClassEndLoopsBudgetInput.{u, w, v}) (hcut : SameCellPocketLoopCutStatement.{u, w, v}) (hloop : EnclosedSubdiagramLoopCutSuccStatement.{u, w, v}) (hsub : ClosedWalkEnclosedSubdiagramSuccStatement.{u, w, v}) (hspan : OsinLemma94ClassCaseGapSpanStatement.{u, w, v}) (htwocopy : OsinTwoGonCleanCopySectionStatement.{u, w, v}) (htwoeuler : OsinTwoGonDecompositionEulerSectionStatement.{u, w, v}) (hcellStep : CellPocketOuterPinchStepSectionDistinctStatement.{u, w, v}) (hproper : CellPocketWalkProperArcsBelowSectionStatement.{u, w, v}) (hfaces : OsinSectionPocketFaceSetProperSectionStatement.{u, w, v}) (hwhole : OsinSectionPocketFaceSetWholeSectionTwoArcSectionStatement.{u, w, v}) (hstep : PocketOuterPinchStepSectionStatement.{u, w, v})
relativeGreendlingerQuasiGeodesicLeastArea_of_residualsV8Closures	 (hbudget : OsinLemma94ClassEndLoopsBudgetInput.{u, w, v}) (hcut : SameCellPocketLoopCutStatement.{u, w, v}) (hloop : EnclosedSubdiagramLoopCutSuccStatement.{u, w, v}) (hspan : OsinLemma94ClassCaseGapSpanStatement.{u, w, v}) (htwocopy : OsinTwoGonCleanCopySectionStatement.{u, w, v}) (hcellStep : CellPocketOuterPinchStepSectionDistinctStatement.{u, w, v}) (hproper : CellPocketWalkProperArcsBelowSectionStatement.{u, w, v}) (hfaces : OsinSectionPocketFaceSetProperSectionStatement.{u, w, v}) (hwhole : OsinSectionPocketFaceSetWholeSectionTwoArcSectionStatement.{u, w, v}) (hstep : PocketOuterPinchStepSectionStatement.{u, w, v})
relativeGreendlingerQuasiGeodesicLeastArea_of_residualsV9	 (hcontact : OsinLemma94ContactTransitionInput.{u, w, v}) (hval : OsinLemma94CellJunctionValueInput.{u, w, v}) (hback : OsinLemma94BackwardJunctionCountInput.{u, w, v}) (hfail : OsinLemma94BoundaryValueFailureCountInput.{u, w, v}) (hjoins : OsinLemma94ClassJoinsEndLoopsInput.{u, w, v}) (hcut : SameCellPocketLoopCutStatement.{u, w, v}) (hloop : EnclosedSubdiagramLoopCutSuccStatement.{u, w, v}) (hspan : OsinLemma94ClassCaseGapSpanStatement.{u, w, v}) (htwocopy : OsinTwoGonCleanCopySectionStatement.{u, w, v}) (hcellStep : CellPocketOuterPinchStepSectionDistinctStatement.{u, w, v}) (hproper : CellPocketWalkProperArcsBelowSectionStatement.{u, w, v}) (hfaces : OsinSectionPocketFaceSetProperSectionStatement.{u, w, v})
relativeGreendlingerQuasiGeodesicLeastArea_of_tightFrontier	 (hrot : Piece04.ClassPocketRotationTurnStatement.{u, w, v}) (hlakes : Piece06.CellRoseUncutLakesBelowStatement.{u, w, v}) (hinner : P07LakeExclusion.CellPocketInnerTwoArcLongStatement.{u, w, v}) (hsub : P10Rose.RoseRegionMoveSubArcStatement.{u, w, v})
relativeGreendlingerQuasiGeodesicLeastAreaClosed_of_fourRegionEndpoints	 (hspan : OsinLemma94ClassCaseGapSpanStatement.{u, w, v}) (hcellStep : CellPocketOuterPinchStepSectionDistinctBelowStatement.{u, w, v}) (hproper : CellPocketWalkProperArcsBelowSectionStatement.{u, w, v}) (hstep : PocketOuterPinchStepSectionStatement.{u, w, v})
relativeGreendlingerQuasiGeodesicLeastAreaClosed_of_liveFrontier	 (hshape : Piece04.ClassPocketWindowShapeStatement.{u, w, v}) (hlakes : Piece06.CellRoseUncutLakesBelowStatement.{u, w, v}) (hinner : P07LakeExclusion.InnerPocketEnclosedTwoArcStatement.{u, w, v}) (hsub : P10Rose.RoseRegionMoveSubArcStatement.{u, w, v})
relativeGreendlingerQuasiGeodesicLeastAreaClosed_of_regionEndpoints	 (h : RegionEndpointsStatement.{u, w, v})
relativeGreendlingerQuasiGeodesicSpelling_of_greendlinger	 (hgreendlinger :       GGT.VanKampen.RelativeGreendlingerQuasiGeodesicStatement.{0, 0, 0})
relativeGreendlingerQuasiGeodesicSpellingAtStatement_of_components	 (hselection :       GGT.VanKampen.EstimatingSelectionConstructionStatement.{u, w, 0}) (hpieces :       GGT.VanKampen.EstimatingPieceConstructionStatement.{u, w, 0}) (hunbound :       GGT.VanKampen.EstimatingUnboundOutputStatement.{u, w, 0}) (hreal : RelativeDiscRealizationSpellingStatement.{u, w}) (hconv : RelativeExteriorArcConversionAtWordRotatedStatement.{u, w})
relativeGreendlingerQuasiGeodesicSpellingLeastAreaStatement_of_leastAreaGreendlinger	 (hgreendlinger :       GGT.VanKampen.RelativeGreendlingerQuasiGeodesicLeastAreaStatement.{u, w, 0}) (hreal : RelativeDiscRealizationSpellingStatement.{u, w}) (hconv : RelativeExteriorArcConversionAtWordRotatedStatement.{u, w})
relativeGreendlingerQuasiGeodesicSpellingStatement_of_components	 (hselection :       GGT.VanKampen.EstimatingSelectionConstructionStatement.{u, w, 0}) (hpieces :       GGT.VanKampen.EstimatingPieceConstructionStatement.{u, w, 0}) (hunbound :       GGT.VanKampen.EstimatingUnboundOutputStatement.{u, w, 0}) (hreal : RelativeDiscRealizationSpellingStatement.{u, w}) (hconv : RelativeExteriorArcConversionAtWordRotatedStatement.{u, w})
relativeGreendlingerQuasiGeodesicSpellingStatement_of_greendlinger	 (hgreendlinger :       GGT.VanKampen.RelativeGreendlingerQuasiGeodesicStatement.{u, w, 0}) (hreal : RelativeDiscRealizationSpellingStatement.{u, w}) (hconv : RelativeExteriorArcConversionAtWordRotatedStatement.{u, w})
relativeGreendlingerQuasiGeodesicSpellingStatement_of_relativeGreendlingerStatement	 (h : RelativeGreendlingerStatement.{u, w})
relativeGreendlingerStatement_of_baseGeodesicStatement	 (h : RelativeGreendlingerBaseGeodesicStatement.{u, w}) (hall : AllReducedDiagramsHaveBaseGeodesicBoundary.{u, w})
relativeIsoperimetricBridge_emptyFamilyModel	 (hD : D.IsHyperbolicallyEmbedded)
relativeIsoperimetricBridgeQuasiGeodesicEmbeddedStatement_of_boundedTransfer	 (htransfer : BoundedRelativeLinearAreaTransferStatement.{u, v, w})
relativeIsoperimetricBridgeQuasiGeodesicEmbeddedStatement_of_letterPullback	 (hpull : QuotientPeripheralLetterPullbackStatement.{u, v, w})
relativeIsoperimetricBridgeStatement_of_dehnTransfer	 (htransfer : RelativeDehnTransferStatement.{u, v, w})
relativeIsoperimetricBridgeStatement_of_linearAreaTransfer	 (htransfer : RelativeLinearAreaTransferStatement.{u, v, w})
relativeIsoperimetricBridgeStatement_of_quasiGeodesicBridge	 (h : RelativeIsoperimetricBridgeQuasiGeodesicStatement.{u, v, w})
relativePowerEscape_emptyModel	 (hfinite : D.base.Finite)
relatorChoice_of_relatorSeparation	 (h : RelatorSeparation.{u})
relatorRespellings_of_original	 (horiginalRespelling : OriginalRelatorRespellingStatement.{u, w})
relators_finite	 (hS : S.Finite)
relBall_enlargedY_finite	 (hemb : D.IsHyperbolicallyEmbedded)
relBall_finite_adjoinBase	 (hFfin : F.Finite) (hD : D.IsHyperbolicallyEmbedded)
relBall_finite_adjoinBase'	 (hFfin : F.Finite)
relBall_finite_of_base_subset	 (hNfin : N.Finite)
relBall_finite_of_base_subset'	 (hNfin : N.Finite)
relBall_inl_finite_full_of_proposition414Uniform	 (h414 : OsinComponents.DGOProposition414Uniform.{u, w}) (hiso : DGOProposition435IsolatedWitnessStatement.{u, v, w}) (horig : DGOProposition435FullOriginalLocalFinitenessStatement.{u, v, w}) (hD : D.IsHyperbolicallyEmbedded) (hE : E.IsHyperbolicallyEmbedded)
relBall_inl_finite_of_proposition414Uniform	 (h414 : OsinComponents.DGOProposition414Uniform.{u, w}) (hiso : DGOProposition435IsolatedWitnessStatement.{u, v, w}) (hD : D.IsHyperbolicallyEmbedded) (hE : E.IsHyperbolicallyEmbedded)
relBall_mapSurjective_subset_of_letterStepBound	 (h : G)
relGenSet_alphabet_finite_of_isEmpty	 (hfinite : D.base.Finite)
relGenSetReindex_isHyperbolicallyEmbedded	 (hD : D.IsHyperbolicallyEmbedded)
relHypFiniteBaseAcylindricity_empty	 (hfinite : D.base.Finite)
relHypHyperbolicElementLoxodromic_empty	 (hfinite : D.base.Finite) (hemb : D.IsHyperbolicallyEmbedded)
relKerWire_baseChange_of_leavittK2	 (hL : BinaryLeavittStableK2TrivialStatement)
relKerWire_cohnStableK2_of_leavittK2	 (hL : BinaryLeavittStableK2TrivialStatement)
relKerWire_conj_of_leavittK2	 (hL : BinaryLeavittStableK2TrivialStatement)
rels_finite	 (hS : S.Finite)
removeCyclicPeripherals_isHyperbolicallyEmbedded_of_isEmpty	 (hJ : J.IsHyperbolicallyEmbedded)
removeCyclicPeripherals_locallyFinite	 (hJ : J.IsHyperbolicallyEmbedded)
removedMass_negligible	 (hT : T.Nonempty)
removedMass_objectBlocks_le	 (hT : T.Nonempty)
removedMass_objectBlocks_negligible	 (hT : T.Nonempty)
rep_inv_mul	 (h : G)
rep_pow_inv_mul	 (h : G)
rep_rel	 (h : G)
rep_vtx_mul	 (h : G)
repeated_boundaryCard_ge	 (hV : V.Nonempty)
replaceGRegion_connected	 (hplanar : M.IsPlanar)
replaceGRegion_planar	 (hplanar : M.IsPlanar)
replaceGRegion_refl_reduced	 (hred : Delta.Reduced)
replacementPiece_expands	 (hT : T.Nonempty)
rePred_extGen_of_presentation	 (hpres : ExtPresentation)
rePred_wordProblem_seedGen	 (hDiamond : DiamondLemmaWordProblem)
representativeMap_additiveDistortion	 (hpre : Gamma.Preconnected)
residual_eq_top_of_configuration	 (hconfiguration : PrintedDefectConfiguration)
residual_of_noPlanarDegenerate_walkDegen	 (hdeg : FourPieceWitness.NoPlanarDegenerateStatement.{u, w, v}) (hwalk : WalkDegenStatement.{u, w, v})
residual_of_rest	 (h : RestStatement.{u, w, v})
residuallyFinite_of_fg	 (hfg : H.FG)
residuallyFinite_windowSubgroup	 (hSfin : S.Finite)
rest_ne_nil	 (hM : M.IsConnected)
rest_of_arcAuditResidual	 (hres : PocketFourPieceArcAuditResidualStatement.{u, w, v})
rest_of_pinchCase	 (h : SoundRoute.PinchCaseStatement.{u, w, v})
rest_of_residual	 (h : ResidualStatement.{u, w, v})
restrictAut_eq_of_eqOn_generators	 (h : G)
restrictionNotSimple_sentence	 (hne : Y.Nonempty)
retained_completion_directedCheeger	 (hT : T.Nonempty)
retainedSubshift_nonempty	 (hne : X.Nonempty)
returnEmbeddingStatement_of_pieces	 (hring : ReturnRingCrossedProductStatement) (hinv : ClopenCrossedProduct.InvolutionLocalizationMatrixClause) (hkerEL : ClopenCrossedProduct.CoreKernelElementaryStatement) (hJ : ReturnTransientIdealStatement)
reverseMapAlpha	 (hM : M.IsPlanar)
right_not_walkKeep	 (hlea : X.LeastArea)
rightComponent_mul	 (h : H) (h : G)
rightDarts_chain	 (h : X.Face)
rightDarts_closes	 (h : X.Face)
rightDarts_map_glueLabel	 (h : X.Face)
rightDarts_ne_nil	 (h : X.Face)
rightDarts_nodup	 (h : X.Face)
rightLift_mem_Q	 (h : Sync)
rigidPolarBasisOpenTransport_of_rigidPolarOpenTransport	 (h : RigidPolarOpenTransportStatement)
rigidPolarBasisOpenTransport_of_rubinBasisGeneratorSeparation	 (h : RubinBasisGeneratorSeparationStatement)
rigidPolarBasisOpenTransport_of_rubinInvolutionBasisSeparation	 (h : RubinInvolutionBasisSeparationStatement)
rigidPolarOpenTransport_of_rigidPolarBasisOpenTransport	 (h : RigidPolarBasisOpenTransportStatement)
rigidPolarOpenTransport_of_rigidPolarRecognition	 (h : RigidPolarRecognitionStatement)
rigidPolarOpenTransport_of_rigidStabilizerTransport	 (hrs : RigidStabilizerTransportStatement)
rigidPolarRecognition_of_rigidPolarCharacterization	 (h : RigidPolarCharacterizationStatement)
rigidPolarRecognition_of_rigidPolarSupportSeparation	 (h : RigidPolarSupportSeparationStatement)
rigidPolarRegularCharacterization_of_rigidPolarRecognition	 (h : RigidPolarRecognitionStatement)
rigidPolarSupportSeparation_of_rigidPolarRecognition	 (h : RigidPolarRecognitionStatement)
rigidStabilizerSplit_of_involutionDisjointnessTransport	 (hc : InvolutionSplitCoverStatement) (h : InvolutionDisjointnessTransportStatement)
rigidStabilizerSplit_of_supportDisjointnessTransport	 (hd : SupportDisjointnessTransportStatement)
rigidStabilizerTransport_of_rigidPolarCharacterization	 (h : RigidPolarCharacterizationStatement)
rigidStabilizerTransport_of_rigidPolarOpenTransport	 (h : RigidPolarOpenTransportStatement)
rigidStabilizerTransport_of_rigidPolarRecognition	 (h : RigidPolarRecognitionStatement)
rigidStabilizerTransport_of_rigidStabilizerSplit	 (hsplit : RigidStabilizerSplitStatement)
ringMap_ker_isFinitelyNormallyGenerated_of_ker_eq_span	 (hK : K.Finite)
rnCommutatorSimple_of_gap	 (h : RNDisplaceCompressStatement)
rnCoreRels_finite	 (hS : S.Finite)
rnDisplaceCompress_of_clauses	 (hD : RNDisplaceStatement) (hC : RNCompressStatement) (hF : RNFragmentsStatement)
rnDisplaceCompress_of_compress	 (hC : RNCompressStatement)
rnDisplaceCompress_of_compress_fragments	 (hC : RNCompressStatement) (hF : RNFragmentsStatement)
rnEnvelope_of_four	 (hfp : RNFinitelyPresentedStatement) (hfi : RNCommutatorFiniteIndexStatement) (hs : RNCommutatorSimpleStatement) (hw : RNWreathEmbedStatement)
rnFiniteIndex_of_generatorTorsion	 (h : RNGeneratorTorsionStatement)
rnFiniteIndex_of_vPerfect	 (hperf : GenTorsionVPerfectStatement)
rnFinitelyPresented_of_freeSection	 (hsec : RNFreeSectionStatement)
rnFreeSection_of_finSection_core	 (hV : HigmanVFinSectionStatement) (hcore : RNFreeSectionCoreStatement)
rnFreeSection_of_higmanV_core	 (hV : HigmanVFPStatement) (hcore : RNFreeSectionCoreStatement)
rnFreeSectionCore_of_normalForm	 (hV : HigmanVFPStatement) (hnf : RNNormalFormRelatorsStatement)
rnGeneratorTorsion_of_vPerfect	 (hperf : GenTorsionVPerfectStatement)
rnKer_finiteCore_of_normalForm	 (hNF : RNKerNormalFormStatement)
rnKer_kernel_of_normalForm	 (hNF : RNKerNormalFormStatement)
rnNFWire_finitelyPresentedMetabelian	 (hm : Coprimary.PureCharPrimeEHighModuleStatement) (hH : Absorption.SuslinLocalHorrocksStatement) (hvdk : ElemFP.VdKRowExtensionStatement) (hloc : ElemFP.PolyK2CubeNilLocalStatement) (hbruhat : ElemFP.FieldK2.BruhatBigCellStatement) (hgen : ElemFPCharZero.CharZeroK2PosStabGenStatement) (hcube : ElemFPCharZero.CharZeroK2CubeGapPosStatement) (hswap : HigmanVSwapSectionStatement)
rnNormalFormRelators_of_finiteCore	 (hcore : RNRelatorsFiniteCoreStatement)
rnRelatorsFiniteCore_of_kernel	 (hker : RNRelatorsCoreKernelStatement)
rootClosureOver_isFinitelyNormallyGenerated	 (hK : K.Finite)
rootSetOver_finite	 (hK : K.Finite)
rootThree_killed_of_cell	 (hcell : BilateralThreeCellStatement)
rose_of_combinatorialStep	 (h : RoseCombinatorialStepStatement.{u, w, v})
rose_of_extremalCore	 (h : RoseExtremalCoreStatement.{u, w, v})
rose_of_extremalRegion	 (h : RoseExtremalRegionStatement.{u, w, v})
rose_of_inPlaceStep	 (h : RoseInPlaceStepStatement.{u, w, v})
rose_of_junction	 (h : RoseExtremalJunctionStatement.{u, w, v})
rose_of_regionMoveSubArc	 (h : RoseRegionMoveSubArcStatement.{u, w, v})
rose_of_singleRegionCloser	 (h : Gap)
rose_of_singleRegionMove	 (h : RoseSingleRegionMoveStatement.{u, w, v})
roseExtremalBlock_of_core	 (h : RoseExtremalBlockCoreStatement.{u, w, v})
roseExtremalBlock_of_extremalBlockUniform	 (h : ExtremalBlockUniformStatement.{u, w, v})
roseExtremalClass_of_extremalJordan	 (h : ExtremalJordanStatement.{u, w, v})
roseExtremalClass_of_extremalMinimalUniform	 (h : ExtremalMinimalUniformStatement.{u, w, v})
roseExtremalJunction_of_filterWalk	 (h : RoseFilterWalkStatement.{u, w, v})
roseExtremalRegion_of_extremalClass	 (h : RoseExtremalClassStatement.{u, w, v})
roseJunctionCore_lobeRemoval_of_junction	 (h : RoseExtremalJunctionStatement.{u, w, v})
roseJunctionCore_lobeRemoval_of_singleRegionMove	 (h : P10Rose.RoseSingleRegionMoveStatement.{u, w, v})
roseJunctionCore_proof_of_lobeRemoval	 (h : P10RoseExtremalTrim.roseJunctionCore_LobeRemovalStatement.{u, w, v})
roseJunctionCore_relativeGreendlinger_of_lobeRemoval	 (hoff : P07InnerPocket.PocketFourPieceOffStatement.{u, w, v})
roseJunctionRefute_caseIso	 (hF : F.Nodup)
roseJunctionRefute_regOfSingle	 (h : P10Rose.RoseSingleRegionMoveStatement.{u, w, v})
roseJunctionRefute_tail	 (hF : F.Nodup)
roseLobe_relativeGreendlinger_of_filterListing	 (hoff : P07InnerPocket.PocketFourPieceOffStatement.{u, w, v})
roseLobeBlk_closes_of_balanced	 (hL : L.Nodup)
roseLobeBlk_inL_eq_inN	 (hL : L.Nodup)
roseLobeBlk_outL_eq_outN	 (hL : L.Nodup)
roseLobeBlk_relativeGreendlinger_of_weak	 (hoff : P07InnerPocket.PocketFourPieceOffStatement.{u, w, v})
roseLobeChoice_green_of	 (hoff : P07InnerPocket.PocketFourPieceOffStatement.{u, w, v})
roseLobeCore_conn	 (hK : K.ClosedWalk)
roseLobeCore_green_of	 (hoff : P07InnerPocket.PocketFourPieceOffStatement.{u, w, v})
roseLobeCore_iff	 (hK : K.ClosedWalk)
roseLobeCore_planar	 (hK : K.ClosedWalk)
roseLobeCore_sep	 (hK : K.ClosedWalk)
roseLobeFL_relativeGreendlinger_of_block	 (hoff : P07InnerPocket.PocketFourPieceOffStatement.{u, w, v})
roseLobeMulti_green_of	 (hoff : P07InnerPocket.PocketFourPieceOffStatement.{u, w, v})
roseLobeNoBub_green_of	 (hoff : P07InnerPocket.PocketFourPieceOffStatement.{u, w, v})
roseLobeNoBub_src_end	 (hnd : I.Nodup)
roseLobeOsin_filterAt_of	 (hK : K.ClosedWalk)
roseLobeOsin_green_of	 (hoff : P07InnerPocket.PocketFourPieceOffStatement.{u, w, v})
roseLobeOsin_inPlaceAt_of	 (hK : K.ClosedWalk)
roseLobeOsinCore_green_of	 (hoff : P07InnerPocket.PocketFourPieceOffStatement.{u, w, v})
roseLobeOsinPiece_green_of	 (hoff : P07InnerPocket.PocketFourPieceOffStatement.{u, w, v})
roseLobeOsinPiece_isPiece	 (hlea : X.LeastArea)
roseLobeOsinPiece_merge_ne_one	 (hlea : X.LeastArea)
roseLobeOsinPiece_relProd_sub_two	 (hM : M.IsPlanar)
roseLobeOsinPiece_sharedArc_lt	 (hlea : X.LeastArea)
roseLobeOsinPiece_sharedArcBound_of	 (hlea : X.LeastArea)
roseLobeOsinSelf_green_of	 (hoff : P07InnerPocket.PocketFourPieceOffStatement.{u, w, v})
roseLobeOsinSelf_sharedArcBound	 (hlea : X.LeastArea)
roseLobePlace_relativeGreendlinger_of_place	 (hoff : P07InnerPocket.PocketFourPieceOffStatement.{u, w, v})
roseLobeRegion_green_of	 (hoff : P07InnerPocket.PocketFourPieceOffStatement.{u, w, v})
roseLobeTriple_green_of	 (hoff : P07InnerPocket.PocketFourPieceOffStatement.{u, w, v})
roseRegionMoveSubArc_of_keptSubwalk	 (h : KeptSubwalkStatement.{u, w, v})
rotate_of_classDisjoint	 (hdisj : ClassDisjointStatement.{u, w, v})
rotationNormalClosure_dot	 (hK : K.Normal)
rotationTurns_of_windowShape	 (h : ClassPocketWindowShapeStatement.{u, w, v})
routerQuotient_finitelyPresented	 (hR : R.Finite)
rowVecStabConj	 (h : EndpointInterfaces.BinaryLeavittStabKernelThreeTrivialStatement)
rubinBasisGeneratorSeparation_of_rigidPolarBasisOpenTransport	 (h : RigidPolarBasisOpenTransportStatement)
rubinBasisGeneratorSeparation_of_rubinInvolutionBasisSeparation	 (h : RubinInvolutionBasisSeparationStatement)
rubinInvolutionBasisSeparation_of_rigidPolarBasisOpenTransport	 (h : RigidPolarBasisOpenTransportStatement)
runConvex_middle	 (hnd : T.Nodup)
runConvex_outer	 (hnd : T.Nodup)
satisfiesUCT	 (hC : C.IsCommutative)
satisfiesUCT_of_isCommutative	 (hA : A.IsCommutative)
saturation	 (hHull : HullCorrectedInputs.HullInputsCorrected.{u}) (hF : F.Finite)
saturationCarriers_of_greendlinger	 (hgreendlinger :       GGT.VanKampen.RelativeGreendlingerQuasiGeodesicLeastAreaStatement.{0, 0, 0})
saturationCarriers_of_tightFrontier	 (hrot : GGT.VanKampen.GreendlingerLeaf.Piece04.ClassPocketRotationTurnStatement.{0, 0, 0}) (hlakes : GGT.VanKampen.GreendlingerLeaf.Piece06.CellRoseUncutLakesBelowStatement.{0, 0, 0}) (hinner :       GGT.VanKampen.GreendlingerLeaf.P07LakeExclusion.CellPocketInnerTwoArcLongStatement.{0, 0, 0}) (hsub : GGT.VanKampen.GreendlingerLeaf.P10Rose.RoseRegionMoveSubArcStatement.{0, 0, 0})
saturationLemmaRows_of_greendlinger	 (hgreendlinger :       GGT.VanKampen.RelativeGreendlingerQuasiGeodesicLeastAreaStatement.{0, 0, 0})
saturationLemmaRows_of_residuals	 (hoff : GGT.VanKampen.GreendlingerLeaf.P07InnerPocket.PocketFourPieceOffStatement.{0, 0, 0}) (hjunction :       GGT.VanKampen.GreendlingerLeaf.P10RoseExtremalTrim.RoseExtremalJunctionStatement.{0, 0, 0})
saturationNoOmega	 (hHull : HullSmallCancellationTorsionFreePrinted.{u})
scalar_tendsto_zero_iff_increasingEnumeration	 (hS : S.Infinite)
schreierSet_finite	 (hS : S.Finite)
section3_finish	 (hSne : S.Nonempty)
sectionJ_apply	 (h : EndpointInterfaces.BinaryLeavittStabKernelThreeTrivialStatement) (hrow : RowVecStabConjStatement)
sectionJ_edge_relation	 (h : EndpointInterfaces.BinaryLeavittStabKernelThreeTrivialStatement)
sectionJ_eq_rowVec_mul_liftGL	 (h : EndpointInterfaces.BinaryLeavittStabKernelThreeTrivialStatement) (hrow : RowVecStabConjStatement)
sectionPocketCutBelowInput_of_residualsTwoArcBelow	 (hgeodesic : GeodesicCollarStatement.{u, w, v})
sectionPocketCutInput_of_pieces	 (hpinch : PocketPinchLabelledStatement.{u, w, v}) (hregion : PocketRegionOfSimpleStatement.{u, w, v}) (hcollar : PocketCollarStatement.{u, w, v}) (hcell : PocketCellTransportStatement.{u, w, v}) (houter : PocketOuterTransportStatement.{u, w, v})
sectionPocketCutInput_of_residuals	 (hpinch : PocketPinchLabelledStatement.{u, w, v}) (hgeodesic : GeodesicCollarStatement.{u, w, v})
sectionPocketCutInput_of_residualsFirstTurnSection	 (hgeodesic : GeodesicCollarStatement.{u, w, v})
sectionPocketCutInput_of_residualsPos	 (hpinch : PocketPinchLabelledPosStatement.{u, w, v}) (hgeodesic : GeodesicCollarStatement.{u, w, v})
sectionPocketCutInput_of_residualsSection	 (hgeodesic : GeodesicCollarStatement.{u, w, v})
sectionPocketCutInput_of_residualsTwoArc	 (hgeodesic : GeodesicCollarStatement.{u, w, v})
sectionPocketCutInput_of_residualsTwoArcNoWrap	 (hgeodesic : GeodesicCollarStatement.{u, w, v})
sectionPocketFaceSetInput_of_keptCell	 (hkept : SectionPocketKeptCellStatement.{u, w, v})
sectionPocketFaceSetInput_of_residuals	 (hregions : SectionPocketRegionsCopyStatement.{u, w, v}) (hkept : SectionPocketKeptCellStatement.{u, w, v})
sectionPocketKeptCell_of_euler	 (heuler : SectionPocketWalkEulerStatement.{u, w, v})
sectionPocketKeptCell_of_noninterleaving	 (hcount : NoninterleavingVertexCountStatement.{v}) (hni : SectionPocketWalkNoninterleavingStatement.{u, w, v})
sectionPocketWalkEuler_of_noninterleaving	 (hcount : NoninterleavingVertexCountStatement.{v}) (hni : SectionPocketWalkNoninterleavingStatement.{u, w, v})
sectorFreeVertexCount_of_noninterleaving	 (h : NoninterleavingVertexCountStatement.{u})
seedCodeC_not_isOperatorMF	 (hgreendlinger :       GGT.VanKampen.RelativeGreendlingerQuasiGeodesicLeastAreaStatement.{0, 0, 0}) (hbridge : HullSC.RelativeIsoperimetricBridgeQuasiGeodesicEmbeddedStatement.{0, 0, 0}) (hKO : NonMF.TheoremC.KotowskiOllivierStatement)
seedCopyHom_eq_one_of_killed	 (hDiamond : DiamondLemmaWordProblem)
seedCopyHom_injective	 (hDiamond : DiamondLemmaWordProblem)
seedSearch_spec	 (hDiamond : DiamondLemmaWordProblem)
selection_drop_of_gRegionReplacement	 (hred : Delta.Reduced)
selection_drop_of_orderedGRegionReplacement	 (hred : Delta.Reduced)
selection_output_of_faceDropOracle	 (hred : Delta.Reduced)
sentence_037bb76b5bc8	 (hN : N.Normal)
sentence_9a336208aafb	 (hN : N.Normal)
separableBlockDiagonalAbsorption_of_glimm	 (hG : GlimmLemmaStatement)
separableBlockDiagonalAbsorption_of_intertwiningStep	 (hIS : IntertwiningStepStatement)
separatingPathRemovalInput_of_pendant	 (hpendant : PendantPathRemovalInput.{u, w, v})
sepDataFam_of_binders	 (h55 : OsinLemma55.{u}) (hemb : D.IsHyperbolicallyEmbedded)
sepDataFam_of_binders_of_dist	 (h55 : OsinLemma55.{u}) (hemb : D.IsHyperbolicallyEmbedded)
sepDataFam_of_binders_of_lemma510	 (hemb : D.IsHyperbolicallyEmbedded)
sepDataStatement_of_sepDataStatementFam	 (h : SepDataStatementFam.{u, 0})
sharpExistence_ghb7_of_fixedCliqueHyp	 (hT6 : CCKW.SystolicInvariantCliqueStatement)
sharpExistence_ghb7_of_fixedCliqueTitsHyp	 (hT6 : CCKW.SystolicInvariantCliqueStatement) (hconn : CCKW.cosetComplex.G.Connected)
sharpExistence_ghb7_of_systolicLeaves	 (hT6 : CCKW.SystolicInvariantCliqueStatement) (hconn : CCKW.cosetComplex.G.Connected)
sharpExistence_of_checkedTable	 (hhyp : CThreeTEightHyperbolicity) (hinf : CThreeTEightInfinite)
sharpExistence_of_checkedTable_noExtra	 (hhyp : CThreeTEightHyperbolicity) (hinf : CThreeTEightInfinite) (htf : CheckedTableTorsionFree)
sharpExistence_of_checkedTable_of_residuals	 (hyperbolicity : GirthEightHyperbolicity)
sharpExistence_of_checkedTableWitness	 (h : CheckedTableWitness)
sharpExistence_of_ghb7ConjHyp	 (hconj : CCKWFiniteOrderConjugateIntoVertex)
sharpExistence_of_ghb7KazhdanLeaves	 (hconj : CCKWFiniteOrderConjugateIntoVertex)
sharpExistence_of_ghb7Leaves	 (hconj : CCKWFiniteOrderConjugateIntoVertex)
sharpExistence_of_girthEightChecks	 (htf : GirthEightTorsionFree) (hhyp : GirthEightHyperbolicity)
sharpExistence_of_girthEightKazhdanConstruction	 (h : GirthEightKazhdanConstruction)
sharpExistence_of_girthEightKazhdanWitness	 (h : GirthEightKazhdanWitness)
sharpExistence_of_gqEightCertificates	 (htable : GQEightTableExists) (hkazhdan : GQEightKazhdanCertificate) (htf : GQEightTorsionFreeCertificate) (hhyp : GQEightHyperbolicCertificate)
sharpExistence_of_latticeRoute_of_inputs	 (hmorse : Hyperbolic.QuasiIsometryInvariant) (hfree : FreeFiniteIndexFinitelyPresented)
sharpExistence_of_latticeRoute_of_quasiIsometryInvariant	 (hqi : Hyperbolic.QuasiIsometryInvariant)
sharpExistence_of_planeLinkWitness	 (h : PlaneLinkWitness)
sharpExistence_of_tableChecks	 (hbridge : QuadrangleDataOfChecks) (hhyp : CThreeTEightHyperbolicity) (hinf : CThreeTEightInfinite)
sharpExistence_of_triangularKazhdanWitness	 (h : TriangularKazhdanWitness)
shortBoundaryRefutedBelowSection_of_nearestCellCut	 (hcut : NearestCellCutSectionStatement.{u, w, v}) (hconj : GL06h2.ShortWordNeConjRelatorStatement.{u, w})
shortBoundaryRefutedBelowSection_of_nearestCellCutSection	 (hcut : NearestCellCutSectionStatement.{u, w, v})
shortPetalFree_of_below	 (hlea : X.LeastArea)
shulmanTheorem16	 (h : RecognitionAnalyticInputs)
shulmanTheorem16_of_compatibleCoronaDomination	 (hdom : CompatibleCoronaDominationStatement)
shulmanTheorem16_of_compatibleCoronaNorming	 (hnorming : CompatibleCoronaNormingStatement)
shulmanTheorem16_of_conjugateWordNorming	 (hconj : ConjugateWordNormingStatement)
shulmanTheorem16_of_coronaPairNorming	 (hpair : CoronaPairNormingStatement)
shulmanTheorem16_of_denseNorming	 (hdense : CompatibleCoronaDenseNormingStatement)
shulmanTheorem16_of_faithfulPair	 (hpair : FaithfulCompatibleCoronaPairStatement)
shulmanTheorem16_of_symmetricDouble	 (hDouble : SymmetricDoubleMFStatement) (hEmbed : AmalgamEmbedsSymmetricDoubleStatement)
shulmanTheorem16_of_typeZeroWitness	 (hDouble : ShulmanSymmetricDouble.SymmetricDoubleMFStatement)
shulmanTheorem16_of_unitalCompatibleCoronaNorming	 (hunital : UnitalCompatibleCoronaNormingStatement)
shulmanTheorem16_of_wordNorming	 (hword : WordNormingStatement)
side_cell_of_noCellSideDart	 (hlea : S.diagram.LeastArea)
side_le_one	 (hS : D.SimpleBoundary)
sideFaces_boundaryCycle_eq	 (hM : M.IsConnected)
sideFaces_reverseMapAlpha	 (hM : M.IsPlanar)
sideOutside_reverseMapAlpha	 (hM : M.IsPlanar)
sideRelatorCellForOrder_of_euler	 (hlea : Delta.LeastArea)
sideRelatorCellForOrder_of_eulerStatement	 (heuler : CellPocketWalkEulerStatement.{u, w, v}) (hlea : Delta.LeastArea)
sigma_alpha_ne_alpha_of_fixed	 (hM : M.IsConnected)
sigma_alpha_ne_of_fixed	 (hM : M.IsConnected)
sigma_fixed_of_facePerm_twoCycle	 (hloop : M.IsLoopless) (hmulti : M.HasNoMultipleEdges)
sigma_ne_of_mem_forestDarts	 (hS : S.DartMinimal)
sigma_pow_not_internal	 (hM : M.IsPlanar)
signOfHermitian_conjTranspose	 (hH : H.IsHermitian)
signOfHermitian_eq_eigenCalc	 (hH : H.IsHermitian)
signOfHermitian_isExactInvolution	 (hH : H.IsHermitian)
signOfHermitian_mul_self	 (hH : H.IsHermitian)
simple_of_closedWalk_of_unpinched	 (hK : K.ClosedWalk)
simple_of_followsBoundary	 (hwalk : K.boundary.FollowsBoundary)
simpleQuotientOfHyperbolicKazhdan_of_greendlinger	 (hgreendlinger :       GGT.VanKampen.RelativeGreendlingerQuasiGeodesicLeastAreaStatement.{0, 0, 0})
simpleQuotientOfHyperbolicKazhdan_of_greendlinger_of_geometry	 (hgreendlinger :       GGT.VanKampen.RelativeGreendlingerQuasiGeodesicLeastAreaStatement.{0, 0, 0}) (hgeom : CoulonFournierFacioGeometryStatement)
simpleQuotientOfHyperbolicKazhdan_of_hull_of_geometry	 (hhull : HullSC.HullOneStepStatementGeneral.{0}) (hgeom : CoulonFournierFacioGeometryStatement)
simpleUniqueTrace_of_free_normal_subgroup	 (hPowers : PowersFreeGroupCStarSimple) (hAL : AkemannLeeCStarSimplePermanence) (hBKKO : BKKOUniqueTraceOfCStarSimple) (hnorm : N.Normal)
simpleUniqueTraceAtHypEmbedded_of_dgoTheorem235Printed	 (h : DGOTheorem235Printed)
simpleUniqueTraceAtHypEmbedded_of_inputs	 (hPowers : PowersFreeGroupCStarSimple) (hAL : AkemannLeeCStarSimplePermanence) (hBKKO : BKKOUniqueTraceOfCStarSimple) (hGroup : FreeNormalSubgroupAtHypEmbedded)
simpleUniqueTraceAtHypEmbedded_of_naiveFreeProduct	 (h : NaiveFreeProductAtAcylindricallyHyperbolic)
simpleUniqueTraceAtHypEmbedded_of_powersAveraging	 (h : PowersAveragingAtHypEmbedded)
simpleUniqueTraceAtHypEmbedded_of_powersInputs	 (hFree : PowersPropertyFreeGroup) (hTransfer : AkemannLeeAveragingTransfer) (hGroup : FreeNormalSubgroupAtHypEmbedded)
simplyConnected_of_twoComplex	 (hX : X.SimplyConnected)
simultaneousAuxiliaryPeripheralSelection_of_atHullAlphabet	 (h : SimultaneousAuxiliaryPeripheralSelectionAtHullAlphabet.{u})
simultaneousAuxiliaryPeripheralSelection_of_finiteYi_of_heGX	 (hyi : YiSuitableFiniteFamily.{u}) (hhe : GGT.HeGXFamily.{u, 0})
simultaneousAuxiliaryPeripheralSelection_of_finiteYi_theorem316	 (hyi : YiSuitableFiniteFamily.{u})
simultaneousAuxiliaryPeripheralSelection_of_yi_of_heGX	 (hyi : SimultaneousYiSuitableFamily.{u}) (hhe : GGT.HeGXFamily.{u, 0})
simultaneousAuxiliaryPeripheralSelection_of_yi_theorem316	 (hyi : SimultaneousYiSuitableFamily.{u})
simultaneousAuxiliaryPeripheralSelectionAtHullAlphabet_of_finiteYi_theorem316	 (hyi : YiSuitableFiniteFamily.{u})
simultaneousAuxiliaryPeripheralSelectionAtHullAlphabet_of_yi_theorem316	 (hyi : SimultaneousYiSuitableFamily.{u})
simultaneousYiSuitableFamily_of_finiteFamily	 (hyi : YiSuitableFiniteFamily.{u})
singleRegionMove_of_extremalRegion	 (h : RoseExtremalRegionStatement.{u, w, v})
singleRegionMove_of_junction	 (h : RoseExtremalJunctionStatement.{u, w, v})
six_le_blen	 (hS : D.SimpleBoundary)
six_le_faceDegree_of_subdividedGraph	 (hconnected : M.IsConnected)
skCohnGr_gradedGen_of_degreeZeroSurj	 (h : LVCohnColimit.skCohnLimK2_degreeZeroSurjStatement)
skeleton_isAcylindricallyHyperbolic_of_osin	 (hOsin : OsinTheorem12.{0, 0})
skFix01_binaryLeavitt_stableK2Trivial	 (h : LVCohnColimit.skCohnLimK2_degreeZeroSurjStatement)
skFix01_binaryLeavittSteinbergRankFourInjective	 (h : LVCohnColimit.skCohnLimK2_degreeZeroSurjStatement)
skFix01_binaryLeavittUnits_isSuperperfect	 (h : LVCohnColimit.skCohnLimK2_degreeZeroSurjStatement)
skFix01_census	 (h : LVCohnColimit.skCohnLimK2_degreeZeroSurjStatement)
skFix01_cohn_stableK2BaseSurjective	 (h : LVCohnColimit.skCohnLimK2_degreeZeroSurjStatement)
skFix01_cohn_stableK2Trivial	 (h : LVCohnColimit.skCohnLimK2_degreeZeroSurjStatement)
skFix01_cohnLimit_stableK2Trivial	 (h : LVCohnColimit.skCohnLimK2_degreeZeroSurjStatement)
skFix01_manuscriptSentence_finitelyPresentedCase	 (h : LVCohnColimit.skCohnLimK2_degreeZeroSurjStatement)
skFix01_unitsSuperperfectStatement	 (h : LVCohnColimit.skCohnLimK2_degreeZeroSurjStatement)
skFix01_wire_binaryCohnStatement	 (h : LVCohnColimit.skCohnLimK2_degreeZeroSurjStatement)
skFix01_wire_binaryLeavittStatement	 (h : LVCohnColimit.skCohnLimK2_degreeZeroSurjStatement)
skFix01_wire_cohnStableK2	 (h : LVCohnColimit.skCohnLimK2_degreeZeroSurjStatement)
skFix01_wire_cohnTwoStableK2	 (h : LVCohnColimit.skCohnLimK2_degreeZeroSurjStatement)
skFix01_wire_elementaryFP	 (h : LVCohnColimit.skCohnLimK2_degreeZeroSurjStatement)
skFix01_wire_finitelyPresentedCase	 (h : LVCohnColimit.skCohnLimK2_degreeZeroSurjStatement)
skFix01_wire_fpSimpleKazhdanExist	 (h : LVCohnColimit.skCohnLimK2_degreeZeroSurjStatement)
skFix01_wire_leavittStableK2	 (h : LVCohnColimit.skCohnLimK2_degreeZeroSurjStatement)
skFix01_wire_rankFourInjective	 (h : LVCohnColimit.skCohnLimK2_degreeZeroSurjStatement)
skFix01_wire_rankFourOfStabKernelThree	 (h : LVCohnColimit.skCohnLimK2_degreeZeroSurjStatement)
skFix01_wire_stabKernelThreeTrivial	 (h : LVCohnColimit.skCohnLimK2_degreeZeroSurjStatement)
skFix01_wire_steinbergInjective	 (h : LVCohnColimit.skCohnLimK2_degreeZeroSurjStatement)
skFix01_wire_unitsSuperperfect	 (h : LVCohnColimit.skCohnLimK2_degreeZeroSurjStatement)
sliceLeft_coeffFunctional_translationForm	 (h : G)
smallCancellation_of_ballForm	 (hball : HullBallFormStatement.{u})
smallCancellation_of_ballFormNG	 (hball : HullBallFormStatementNG.{u})
smallCancellation_of_corrected	 (h : HullInputsCorrected.{u})
smul	 (h : T.IsFiniteRank)
smul_eigenCalc	 (hH : H.IsHermitian)
smul_eq_of_mem_geodesic	 (hH : H.IsTree)
smul_eq_smul_of_dist_eq	 (hH : H.IsTree)
smul_mem_quasiAxis_iff	 (h : G)
sourceArc_lt_mu_mul	 (hred : Delta.Reduced)
sourceArc_lt_of_firstTurns	 (hK : K.FirstTurns)
spatialRealization_of_rigidStabilizerTransport	 (hrs : RigidStabilizerTransportStatement)
spectralAbove_eq_one_of_forall_lt	 (hH : H.IsHermitian)
spectralAbove_isOrthogonalProjection	 (hH : H.IsHermitian)
spectralBelow_isOrthogonalProjection	 (hH : H.IsHermitian)
spectralBelow_mulVec_capture	 (hH : H.IsHermitian)
spectralBelow_quadratic_bound	 (hH : H.IsHermitian)
spectralProjection_apply_eq_of_forall_apply_eq	 (hS : S.Nonempty)
spectralProjection_apply_eq_self_iff	 (hS : S.Nonempty)
spectralRouteInput_of_sharpExistence	 (h : SharpExistence)
spectrum_add_norm_one_nonneg	 (h : A)
spectrum_add_scalar_one_nonneg	 (h : A)
spherical_of_doubleEulerCountData	 (hplanar : Delta.toCombMap.IsPlanar)
spherical_of_eulerTwoCountData	 (hdisc : Delta.toCombMap.IsPlanar)
spherical_of_planarDisc	 (hdisc : Delta.toCombMap.IsPlanar)
split_euler	 (hM : M.IsPlanar)
splitGap_of_base_of_stepFGDiag	 (hbase : CharZeroK2BaseFGStatement) (h : CharZeroK2NilStepFGDiagStatement)
stab_K2_three_eq_bot_of_hopf_of_paddedCentrality	 (hPC : PaddedCentralityStatement.{v})
stabDiagFp_maps_of_specialization	 (h : K2InjStabSpecializationStatement)
stabDiagLastRootAction_of_polyK2StabRangeDiag	 (h : PolyK2StabRangeDiagStatement)
stabDiagLastRootAction_of_vdkRowExtension	 (h : VdKRowExtensionStatement)
stabDiagVdk_fpMetabelian_routeA	 (hS1 : Absorption.suslinZLocal_BadStatement) (hone : PolyK2OneVarNilStatement) (hZ1 : ElemFPCharZero.CharZeroK2SplitGapStatement) (hH1 : Envelope.HigmanVCStepBCoreStatement)
stabDiagVdk_geTwo_of_polyK2StabRangeDiag	 (h : PolyK2StabRangeDiagStatement)
stabDiagVdk_nilGapOver_of_geTwo	 (hone : PolyK2OneVarNilStatement)
stabDiagVdk_polynomialFpK2Vanishing_of_geTwo	 (hone : PolyK2OneVarNilStatement)
stabKernelThreeTrivial_of_paddedCentral_of_superperfect	 (hc : BinaryLeavittPaddedCentralThreeStatement) (hs : EndpointInterfaces.BinaryLeavittUnitsSuperperfectStatement)
stabKernelThreeTrivialOfSuperperfect_of_paddedCentral	 (hc : BinaryLeavittPaddedCentralThreeStatement)
stabKFinitelyPresented_of_upsilon	 (hU : UpsilonFinitelyPresented)
stableK2FG_of_base_of_stepFGDiag	 (hbase : CharZeroK2BaseFGStatement) (h : CharZeroK2NilStepFGDiagStatement)
stableK2Trivial_freeAlgebra_zmodTwo_of_polyNil	 (h : LVFreeAlgGersten.skGer_PolyNilStatement)
stableK2Trivial_matrix_freeAlgebra_zmodTwo_of_polyNil	 (h : LVFreeAlgGersten.skGer_PolyNilStatement)
stage_mem_map	 (htower : HullSC.HullTowerStatementGeneral.{0})
stage_q_eq_one_of_le	 (htower : HullSC.HullTowerStatementGeneral.{0})
standard_relatorSet_eq	 (hDiamond : DiamondLemmaWordProblem)
star_mul_sumConj	 (hU : U.IsUnitaryAdj)
star_mul_toBdd	 (hU : U.IsUnitaryAdj)
starAlgHom_expUnitary	 (h : A)
statement_of_block_radical_re	 (hA : TorsionFreeHigmanEmbedding)
statement_of_higman	 (hA : TorsionFreeHigmanEmbedding)
statement_of_tower_re	 (hA : TorsionFreeHigmanEmbedding)
statementCountable_of_statement	 (h : Statement)
stdBddOfUnitary_mem	 (hU : U.IsUnitaryAdj)
stdCoronaMk_eq_iff	 (hT : T.IsBounded)
stdCoronaMk_of_isBounded	 (h : T.IsBounded)
stdOp_opNorm_le_of_toFun_eq	 (hT : T.IsBounded)
steinberg_isFinitelyPresented_of_presentation	 (hGfin : G.Finite)
step_of_regionMove	 (hK : K.ClosedWalk)
stepD_of_topClass	 (hC : Wu.CartanTotal)
stepD_of_wu	 (hC : Wu.CartanTotal)
stepD_of_wu_of_gen	 (hC : Wu.CartanTotal)
stepD_of_wu_stage	 (hC : Wu.CartanTotal)
stepD_of_wuLix	 (hC : Wu.CartanTotal)
stepDHalf_of_wu	 (hC : Wu.CartanTotal)
stepDHalf_of_wu_stage	 (hC : Wu.CartanTotal)
stepDHalf_powers_of_wu	 (hC : Wu.CartanTotal)
stepNoWrap_of_contigResidualNoWrap	 (h : RoseExtremalContigResidualNoWrapStatement.{u, w, v})
stepNoWrap_of_extremalCoreNoWrap	 (h : RoseExtremalCoreNoWrapStatement.{u, w, v})
stepNoWrap_of_inPlaceStepNoWrap	 (h : RoseInPlaceStepNoWrapStatement.{u, w, v})
stepNoWrap_of_step	 (h : PocketOuterPinchStepSectionStatement.{u, w, v})
stepOne_commutator	 (hK : K.Normal)
stepOne_smallSets	 (hne : A.Nonempty)
stepThree_finiteCover	 (hne : V.Nonempty)
stepThree_normalSubgroupEqTop	 (hK : K.Normal)
stepTwo_epsilon_ne_zero	 (hne : V.Nonempty)
stepTwo_ringCopy	 (hne : V.Nonempty)
stepTwo_towerCopy	 (hne : V.Nonempty)
stretch_alpha_ne	 (hM : M.IsPlanar)
stretchesClosed_of_classStretches	 (hK : K.ClosedWalk)
stripAppend	 (hstep : StripStepStatement.{u, w, v})
stripStatement_of_step	 (hstep : StripStepStatement.{u, w, v})
sub	 (hT : T.IsFiniteRank) (hS : S.IsFiniteRank)
subArc_filterMove_of_block	 (hK : K.ClosedWalk)
subgroup_fg_map	 (h : H.FG)
Subgroup_FG_map	 (hA : A.FG)
subgroupSlice_mul	 (h : H)
subsingleton_of_infiniteDomain	 (hDiamond : DiamondLemmaWordProblem)
suitable_of_normal	 (hM : M.Normal)
sum_card_objectChanges_le	 (hobj : OsinLemma94ObjectChangesStatement.{u, w, v})
sum_card_objectModel_add_uncoveredMass	 (hT : T.Nonempty)
sum_card_otherClasses_le	 (hcell : S.CellArcsQuasiGeodesic) (hbd : S.BoundaryArcsQuasiGeodesic)
sum_correlation_eq_card_mul	 (hS : S.Nonempty)
sum_finiteModelAverage	 (hS : S.Nonempty)
sum_finiteModelIndicatorIterate	 (hS : S.Nonempty)
sum_norm_act_sub_sq	 (hS : S.Nonempty)
sum_norm_permutationOperator_sub_sq_eq_average	 (hT : T.Nonempty)
sum_objectIndex_prunedSet_le	 (hT : T.Nonempty)
sum_pairIndicatorIterate	 (hS : S.Nonempty)
sum_symmDiff_lower_bound	 (hU : U.Nonempty)
sumConj_conj_toFun	 (hU : U.IsUnitaryAdj)
superperfect_of_binaryLeavittSteinbergInjective	 (h : GroupApproximation.Manuscript.SimpleKazhdanSofic.LeavittFP.BinaryLeavittSteinbergInjectiveStatement)
supportDisjointnessTransport_of_involutionDisjointnessTransport	 (hc : InvolutionSplitCoverStatement) (h : InvolutionDisjointnessTransportStatement)
supportDisjointnessTransport_of_involutionDisjointnessTransport'	 (h : InvolutionDisjointnessTransportStatement)
supportDisjointnessTransport_of_rigidPolarOpenTransport	 (h : RigidPolarOpenTransportStatement)
supportDisjointnessTransport_of_rigidStabilizerSplit	 (hsplit : RigidStabilizerSplitStatement)
supportDisjointnessTransport_of_rigidStabilizerTransport	 (hrs : RigidStabilizerTransportStatement)
supportDisjointnessTransport_of_spatialRealization	 (hsr : SpatialRealizationStatement)
surgeryMap_planar	 (hplanar : Delta.toCombMap.IsPlanar)
surjStabCollapse_all_of_tri	 (h : SurjStabCollapseTriStatement)
surjStabCollapse_gaussForm_of_tri	 (h : SurjStabCollapseTriStatement)
surjStabCollapse_k2SurjStab_of_tri	 (h : SurjStabCollapseTriStatement)
surjStabCollapse_rankTwo_of_tri	 (h : SurjStabCollapseTriStatement)
surjStabCollapse_tri_of_rankTwo	 (h : SurjStabLengthRankTwoStatement)
surjStabConjTriple_of_surjStabFactorDisj	 (h : SurjStabFactorDisjStatement)
surjStabConjTriple_of_surjStabGaussForm	 (h : SurjStabGaussFormStatement)
surjStabFactorDisj_of_surjStabGaussForm	 (h : SurjStabGaussFormStatement)
surjStabFactorDisjStatement_of_conjTriple	 (h : SurjStabConjTripleStatement)
surjStabGaussForm_of_surjStabFactorDisj	 (h : SurjStabFactorDisjStatement)
surjStabLength_all_of_rankTwo	 (h : SurjStabLengthRankTwoStatement)
surjStabLength_away_mem_word	 (h : SurjStabLengthRankTwoStatement)
surjStabLength_conjTriple_of_rankTwo	 (h : SurjStabLengthRankTwoStatement)
surjStabLength_gaussForm_of_rankTwo	 (h : SurjStabLengthRankTwoStatement)
surjStabLength_k2SurjStab_of_rankTwo	 (h : SurjStabLengthRankTwoStatement)
surjStabLength_rankTwo_of_all	 (h : SurjStabLengthAllStatement)
suslinBase3_finitelyPresentedMetabelian	 (hc : Absorption.SuslinR1FinIntCoordStatement) (h : Absorption.SuslinBase3GlobalStatement) (hvdk : ElemFP.VdKRowExtensionStatement) (hloc : ElemFP.PolyK2CubeNilLocalStatement) (hgen : ElemFPCharZero.CharZeroK2PosStabGenStatement) (hcube : ElemFPCharZero.CharZeroK2CubeGapPosStatement) (hswap : HigmanVSwapSectionStatement)
suslinBase3_global_of_indBase	 (h : SuslinR2IndBaseStatement)
suslinBase3_global_of_localCaseFamily	 (h : SuslinLocalCaseFamilyStatement)
suslinBase3_indBase_of_global	 (h : SuslinBase3GlobalStatement)
suslinBase3_localHorrocks	 (hc : SuslinR1FinIntCoordStatement) (h : SuslinBase3GlobalStatement)
suslinBase3Cong_congGlobal_of_coreGlobal	 (h : SuslinBase3CoreGlobalStatement)
suslinBase3Cong_congGlobal_of_localCaseFamily	 (h : SuslinLocalCaseFamilyStatement)
suslinBase3Cong_coreGlobal_of_congGlobal	 (h : SuslinBase3CongGlobalStatement)
suslinBase3Cong_finitelyPresentedMetabelian	 (hc : Absorption.SuslinR1FinIntCoordStatement) (h : Absorption.SuslinBase3CongGlobalStatement) (hvdk : ElemFP.VdKRowExtensionStatement) (hloc : ElemFP.PolyK2CubeNilLocalStatement) (hgen : ElemFPCharZero.CharZeroK2PosStabGenStatement) (hcube : ElemFPCharZero.CharZeroK2CubeGapPosStatement) (hswap : HigmanVSwapSectionStatement)
suslinBase3Cong_global_of_congGlobal	 (h : SuslinBase3CongGlobalStatement)
suslinBase3Cong_indBase_of_congGlobal	 (h : SuslinBase3CongGlobalStatement)
suslinBase3Cong_localHorrocks	 (hc : SuslinR1FinIntCoordStatement) (h : SuslinBase3CongGlobalStatement)
suslinBase3Core_core_of_global	 (h : SuslinBase3GlobalStatement)
suslinBase3Core_finitelyPresentedMetabelian	 (hc : Absorption.SuslinR1FinIntCoordStatement) (h : Absorption.SuslinBase3CoreGlobalStatement) (hvdk : ElemFP.VdKRowExtensionStatement) (hloc : ElemFP.PolyK2CubeNilLocalStatement) (hgen : ElemFPCharZero.CharZeroK2PosStabGenStatement) (hcube : ElemFPCharZero.CharZeroK2CubeGapPosStatement) (hswap : HigmanVSwapSectionStatement)
suslinBase3Core_global_of_core	 (h : SuslinBase3CoreGlobalStatement)
suslinBase3Core_global_of_localCaseFamily	 (h : SuslinLocalCaseFamilyStatement)
suslinBase3Core_indBase_of_core	 (h : SuslinBase3CoreGlobalStatement)
suslinBase3Core_localHorrocks	 (hc : SuslinR1FinIntCoordStatement) (h : SuslinBase3CoreGlobalStatement)
suslinBase3Fam_congGlobal_of_famGlobal	 (h : SuslinBase3FamGlobalStatement)
suslinBase3Fam_coreGlobal_of_famGlobal	 (h : SuslinBase3FamGlobalStatement)
suslinBase3Fam_famGlobal_of_congGlobal	 (h : SuslinBase3CongGlobalStatement)
suslinBase3Fam_global_of_famGlobal	 (h : SuslinBase3FamGlobalStatement)
suslinBase3Fam_global_of_polynomialSuslin	 (h : PolynomialSuslinStatement)
suslinBase3Fam_indBase_of_famGlobal	 (h : SuslinBase3FamGlobalStatement)
suslinCongLoc_congGlobal_of_locGlobal	 (h : SuslinCongLocGlobalStatement)
suslinCongLoc_coreGlobal_of_locGlobal	 (h : SuslinCongLocGlobalStatement)
suslinCongLoc_global_of_locGlobal	 (h : SuslinCongLocGlobalStatement)
suslinCongLoc_indBase_of_locGlobal	 (h : SuslinCongLocGlobalStatement)
suslinCongLoc_locGlobal_of_congGlobal	 (h : SuslinBase3CongGlobalStatement)
suslinCongLoc_locGlobal_of_famGlobal	 (h : SuslinBase3FamGlobalStatement)
suslinCongVac_indBase_of_global	 (h : SuslinCongVacGlobalStatement)
suslinCongVac_locGlobal_of_global	 (h : SuslinCongVacGlobalStatement)
suslinDilAn_statement_of_generated	 (h : SuslinDilationGeneratedStatement)
suslinDilationGenerated_of_analytic	 (h : SuslinDilationAnalyticStatement)
suslinDilationGeneratedStatement_of_localHorrocks	 (h : SuslinLocalHorrocksStatement)
suslinHorrocks_finitelyPresentedMetabelian_of_split	 (hS : Absorption.SuslinHorrocksSplitStatement) (hvdk : ElemFP.VdKRowExtensionStatement) (hloc : ElemFP.PolyK2CubeNilLocalStatement) (hgen : ElemFPCharZero.CharZeroK2PosStabGenStatement) (hcube : ElemFPCharZero.CharZeroK2CubeGapPosStatement) (hswap : HigmanVSwapSectionStatement)
suslinHorrocks_localCaseFamily_of_split	 (h : SuslinHorrocksSplitStatement)
suslinHorrocks_localHorrocks_of_split	 (h : SuslinHorrocksSplitStatement)
suslinHorrocks_split_of_localCaseFamily	 (h : SuslinLocalCaseFamilyStatement)
suslinKill_finitelyPresentedMetabelian	 (h : Absorption.SuslinBase3CoreGlobalStatement) (hvdk : ElemFP.VdKRowExtensionStatement) (hloc : ElemFP.PolyK2CubeNilLocalStatement) (hgen : ElemFPCharZero.CharZeroK2PosStabGenStatement) (hcube : ElemFPCharZero.CharZeroK2CubeGapPosStatement) (hswap : HigmanVSwapSectionStatement)
suslinLocalCase_analytic_of_family	 (h : SuslinLocalCaseFamilyStatement)
suslinLocalCase_family_of_analytic	 (h : SuslinDilationAnalyticStatement)
suslinLocalCase_generated_of_family	 (h : SuslinLocalCaseFamilyStatement)
suslinLocalGlobalQuillen_of_localHorrocks	 (h : SuslinLocalHorrocksStatement)
suslinLocalHorrocks_of_dilationGenerated	 (h : SuslinDilationGeneratedStatement)
suslinMonic_finitelyPresentedMetabelian	 (hcl : Absorption.suslinMonic_ConstLeadStatement) (h : Absorption.SuslinBase3CoreGlobalStatement) (hvdk : ElemFP.VdKRowExtensionStatement) (hloc : ElemFP.PolyK2CubeNilLocalStatement) (hgen : ElemFPCharZero.CharZeroK2PosStabGenStatement) (hcube : ElemFPCharZero.CharZeroK2CubeGapPosStatement) (hswap : HigmanVSwapSectionStatement)
suslinMonic_localHorrocks	 (h : SuslinBase3CoreGlobalStatement)
suslinOneVariable_of_localGlobalQuillen	 (h : SuslinLocalGlobalQuillenStatement)
suslinOneVariable_of_patching	 (h : SuslinPatchingStatement)
suslinPatching_of_localGlobalQuillen	 (h : SuslinLocalGlobalQuillenStatement)
suslinPatching_of_localHorrocks	 (h : SuslinLocalHorrocksStatement)
suslinR1_localHorrocks_of_fin	 (h1 : SuslinR1FiniteStatement) (h2 : SuslinHorrocksR2Statement)
suslinR1_localHorrocks_of_R1_R2	 (h1 : SuslinHorrocksR1Statement) (h2 : SuslinHorrocksR2Statement)
suslinR1_R1_of_finite	 (h : SuslinR1FiniteStatement)
suslinR1_R1_of_split	 (h : SuslinHorrocksSplitStatement)
suslinR1_R2_of_split	 (h : SuslinHorrocksSplitStatement)
suslinR1_split_of_R1_R2	 (h1 : SuslinHorrocksR1Statement) (h2 : SuslinHorrocksR2Statement)
suslinR1Fin_charP_normalized	 (h2 : SuslinHorrocksR2Statement)
suslinR1Fin_finite_of_intCoord	 (hc : SuslinR1FinIntCoordStatement) (h2 : SuslinHorrocksR2Statement)
suslinR1Fin_intCoord_of_localHorrocks	 (h : SuslinLocalHorrocksStatement)
suslinR1Fin_localHorrocks_of_intCoord	 (hc : SuslinR1FinIntCoordStatement) (h2 : SuslinHorrocksR2Statement)
suslinR1Int_exists_prime_mem	 (hP : P.IsPrime)
suslinR1Int_finite_of_primewise	 (h : SuslinR1IntPrimewiseStatement) (h2 : SuslinHorrocksR2Statement)
suslinR1Int_intCoord_of_primewise	 (h : SuslinR1IntPrimewiseStatement)
suslinR1Int_primewise_of_intCoord	 (hc : SuslinR1FinIntCoordStatement)
suslinR1Prime_finite_of_monic	 (h2 : SuslinHorrocksR2Statement)
suslinR2_block_of_localCaseFamily	 (h : SuslinLocalCaseFamilyStatement)
suslinR2_block_of_statement	 (h : SuslinHorrocksR2Statement)
suslinR2_localHorrocks_of_R1_block	 (h1 : SuslinHorrocksR1Statement) (h2 : SuslinR2BlockStatement)
suslinR2_statement_of_block	 (h : SuslinR2BlockStatement)
suslinR2Ind_base_of_block	 (h : SuslinR2BlockStatement)
suslinR2Ind_base_of_localCaseFamily	 (h : SuslinLocalCaseFamilyStatement)
suslinR2Ind_block_of_R1_base	 (h1 : SuslinHorrocksR1Statement) (h3 : SuslinR2IndBaseStatement)
suslinR2Ind_localHorrocks_of_R1_base	 (h1 : SuslinHorrocksR1Statement) (h3 : SuslinR2IndBaseStatement)
suslinWeave_block	 (hc : SuslinR1FinIntCoordStatement) (h3 : SuslinR2IndBaseStatement)
suslinWeave_charP	 (h3 : SuslinR2IndBaseStatement)
suslinWeave_finitelyPresentedMetabelian	 (hc : Absorption.SuslinR1FinIntCoordStatement) (h3 : Absorption.SuslinR2IndBaseStatement) (hvdk : ElemFP.VdKRowExtensionStatement) (hloc : ElemFP.PolyK2CubeNilLocalStatement) (hgen : ElemFPCharZero.CharZeroK2PosStabGenStatement) (hcube : ElemFPCharZero.CharZeroK2CubeGapPosStatement) (hswap : HigmanVSwapSectionStatement)
suslinWeave_inputs_of_localHorrocks	 (h : SuslinLocalHorrocksStatement)
suslinWeave_localHorrocks	 (hc : SuslinR1FinIntCoordStatement) (h3 : SuslinR2IndBaseStatement)
suslinWeave_R1	 (hc : SuslinR1FinIntCoordStatement) (h3 : SuslinR2IndBaseStatement)
suslinWeave_R2	 (hc : SuslinR1FinIntCoordStatement) (h3 : SuslinR2IndBaseStatement)
suslinWeave_sInt	 (hc : SuslinR1FinIntCoordStatement) (h3 : SuslinR2IndBaseStatement)
susp	 (hA : A.IsCommutative)
swapGen_of_higmanVSwapSection	 (h : HigmanVSwapSectionStatement)
swapGenShort_of_swapGen	 (h : SwapGenSectionStatement)
swapGenShortSection_of_higmanVFinFP	 (h : HigmanVFinFPStatement)
swapGenShortSection_of_higmanVFP	 (h : HigmanVFPStatement)
switchCorner_of_one	 (hone : SwitchCornerOneStatement.{u, w, v})
switchCornerExcluded_of_one	 (hS : S.DartMinimal)
symBall_finite	 (hT : T.Finite)
symbolGeneration_five_of_bruhatBigCell	 (hstat : BruhatBigCellStatement)
symbolGeneration_of_bruhatBigCell	 (hstat : BruhatBigCellStatement)
symmClosure_finite	 (hT : T.Finite)
symmDiff_base_finite	 (hfin : N.Finite)
symmDiff_lt_third_of_uniform_cut	 (hS : S.Nonempty)
symmetricDoubleMF_of_conjugatedPairFaithful	 (hfaith : ConjugatedPairFaithfulStatement)
symmetricDoubleMF_of_printedPair	 (hT4 : Theorem4PrintedPairStatement) (hGNS : SeparableFaithfulRepresentationStatement.{1})
symmetricDoubleMF_of_shulmanTheorem16	 (h16 : HNNPermanence.ShulmanTheorem16Statement)
symmetricDoubleMF_of_tailPair	 (hT4 : UnitalTailPairPackageStatement) (hMF : ShiftedPrintedMFStatement)
tableTorsionFree_of_checkedTableTorsionFree	 (h : CheckedTableTorsionFree)
take_blockWordAppend_block	 (h : G)
take_blockWordAppend_comp	 (h : G)
tendsto_ncard_language	 (hinf : X.Infinite)
theorem4RepresentationFirst_of_modelFirst	 (h : Theorem4ModelFirstStatement)
theorem4RepresentationFirst_of_twoLeg	 (h : Theorem4TwoLegStatement)
theoremC_configuration_of_greendlinger	 (hgreendlinger :       GGT.VanKampen.RelativeGreendlingerQuasiGeodesicLeastAreaStatement.{0, 0, 0})
theoremC_configuration_of_residuals	 (hoff : GGT.VanKampen.GreendlingerLeaf.P07InnerPocket.PocketFourPieceOffStatement.{0, 0, 0}) (hjunction :       GGT.VanKampen.GreendlingerLeaf.P10RoseExtremalTrim.RoseExtremalJunctionStatement.{0, 0, 0})
theoremC_literatureInputs_of_greendlinger	 (hgreendlinger :       GGT.VanKampen.RelativeGreendlingerQuasiGeodesicLeastAreaStatement.{0, 0, 0})
theoremC_literatureInputs_of_residuals	 (hoff : GGT.VanKampen.GreendlingerLeaf.P07InnerPocket.PocketFourPieceOffStatement.{0, 0, 0}) (hjunction :       GGT.VanKampen.GreendlingerLeaf.P10RoseExtremalTrim.RoseExtremalJunctionStatement.{0, 0, 0})
three_le_bdeg	 (hS : D.SimpleBoundary)
three_le_bdeg_of_geodesic	 (hS : D.SimpleBoundary)
three_le_towerDim	 (hT : T.Finite)
tikuisisWhiteWinterCommutativeOrAF_of_subclassTraces	 (hcomm : CommutativeQuasidiagonalTraceStatement) (haf : AFQuasidiagonalTraceStatement)
tikuisisWhiteWinterStatement_of_traceKernelLift	 (hAmenable : NuclearAmenableTraceStatement.{u}) (hUltra : AmenableUltraHomStatement.{u}) (hChoiEffros : LiftCriterion.CoronaUCPCoordinatesStatement.{u})
tikuisisWhiteWinterTheorem_of_traceKernelLift	 (hAmenable : NuclearAmenableTraceStatement.{u}) (hUltra : AmenableUltraHomStatement.{u}) (hChoiEffros : LiftCriterion.CoronaUCPCoordinatesStatement.{u})
toBdd_coe	 (hT : T.IsBounded)
toBelow	 (h : OsinMultipleEdgeCutSectionStatement.{u, w, v})
toBenign	 (hH : H.FG)
toDiscRegion_followsBoundary	 (hM : M.IsPlanar)
toG_injective	 (hsc : X.SimplyConnected)
toG_surjective	 (hsc : X.SimplyConnected)
toInnerGRegion_boundary_cycle	 (hwalk : P.inner.FollowsBoundary)
toInnerGRegion_faces	 (hwalk : P.inner.FollowsBoundary)
toKasparovTheory_isBilinear	 (h : F.CompBilinear)
top_le_normal_of_simple_of_nontrivial_mem	 (hN : N.Normal)
toPocketCarrier_faces	 (hK : K.Simple)
toProper	 (h : OsinSectionPocketFaceSetFirstTurnSectionStatement.{u, w, v})
toRetyping_diagram_eq	 (hplanar : Delta.toCombMap.IsPlanar) (hred : Delta.Reduced)
torsionDefectTransferStatement_of_countable	 (hCount : CountableCrossedProductStatement)
torsionFree	 (h : D.RouterConclusions)
torsionFree_of_dgoQuotient	 (hDGO : DGOQuotientStatement.{u, v})
torsionFreeCarriers_of_greendlinger	 (hgreendlinger :       GGT.VanKampen.RelativeGreendlingerQuasiGeodesicLeastAreaStatement.{0, 0, 0})
torsionFreeCarriers_of_openFrontier	 (hfrontier : GGT.VanKampen.GreendlingerLeaf.ClosedAll.OpenFrontierStatement.{0, 0, 0})
torsionFreeEndpoints_closed_of_greendlinger	 (hG : GGT.VanKampen.RelativeGreendlingerQuasiGeodesicLeastAreaStatement.{0, 0, 0})
torsionFreeEndpoints_of_allCells_of_core	 (hall : GL06e.AllCellsShortEnclosedRefutedBelowSectionStatement.{0, 0, 0}) (hcore : GL03DKept.gl03dKept_KeptSubwalkCoreStatement.{0, 0, 0})
torsionFreeEndpoints_of_greendlinger	 (hgreendlinger :       GGT.VanKampen.RelativeGreendlingerQuasiGeodesicLeastAreaStatement.{0, 0, 0})
torsionFreeGroupAlgebra_of_openFrontier	 (hfrontier : GGT.VanKampen.GreendlingerLeaf.ClosedAll.OpenFrontierStatement.{0, 0, 0})
torsionFreeGroupAlgebra_of_printedTorsionFreeTheorem	 (hthm : PrintedTorsionFreeTheorem)
torsionFreeHigmanEmbedding_of_inputs	 (hb : CountableToFG) (ht : TorsionPreservation)
torsionFreeHullCanonicalQuotientStatement_of_boundedLemma44_of_lemma49	 (hselect : SimultaneousAuxiliaryPeripheralSelection.{u}) (h44 : BoundedHullLemma44CanonicalQuotientStatement.{u}) (h49 : HullLemma49KernelPowerStatement.{u, 0})
torsionFreeHullCanonicalQuotientStatement_of_greendlinger	 (hgreendlinger :       GGT.VanKampen.RelativeGreendlingerQuasiGeodesicLeastAreaStatement.{0, 0, 0})
torsionFreeHullCanonicalQuotientStatement_of_leastAreaLeaves	 (hgreendlinger :       GGT.VanKampen.RelativeGreendlingerQuasiGeodesicLeastAreaStatement.{0, 0, 0}) (hbridge : RelativeIsoperimetricBridgeQuasiGeodesicEmbeddedStatement.{0, 0, 0})
torsionFreeHullCanonicalQuotientStatement_of_lemma44_of_lemma49	 (hselect : SimultaneousAuxiliaryPeripheralSelection.{u}) (h44 : HullLemma44CanonicalQuotientStatement.{u}) (h49 : HullLemma49KernelPowerStatement.{u, 0})
torsionFreeModuleLinearity_of_coprimary	 (h : CoprimaryTorsionFreeLinearityStatement)
torsionFreeRadical_le	 (hnormal : N.Normal)
torsionPreservation_of_reBenignTF	 (h : REBenignTF)
torsionStep_le_of_isIsolated	 (hM : M.Normal)
touchCorner_of_switch	 (hswitch : SwitchCornerStatement.{u, w, v})
touchTwoGon_of_corner	 (hcorner : TouchCornerStatement.{u, w, v})
towerClosure_slimTower	 (hd : SlimDescent)
towerCopy_injective	 (hne : W.Nonempty)
towerCopyG_injective	 (hne : V.Nonempty)
towerE_ne_zero	 (hne : W.Nonempty)
towerHom_injective	 (hne : W.Nonempty)
towerPerm_injective	 (hne : V.Nonempty)
towerPermNat_injective	 (hne : V.Nonempty)
trace_conjTranspose_mul_T	 (hTh : T.IsHermitian)
trace_restriction_not_injective	 (h : M)
transientCellsStatement_of_cover	 (hcover : ChainCoreDefectCoverStatement)
transientIdealLocallyMatricial_of_cells	 (h : TransientCellsStatement)
transientIdealLocallyMatricialFTwo_of_cells	 (h : TransientCellsStatement)
transport_closedWalk	 (hK : K.ClosedWalk)
transport_of_imageClosure	 (himg : Seq.TorsionFreeImageClosure)
transportBoundaryCycle_followsBoundary	 (h : B.FollowsBoundary)
transportCoeff_foot	 (h : H)
transported	 (hM : M.Concentrated)
transportSectionFive_of_parts	 (hcode : CodeRE) (hunc : UnConjugation)
transversalConjugates_finite	 (hR : R.Finite)
tri_brot	 (hS : D.SimpleBoundary)
tri_edge	 (hS : D.SimpleBoundary)
triangleCondition_of_linksSixLarge	 (hconn : X.G.Connected)
triangularKazhdanWitness_of_checkedTableWitness	 (h : CheckedTableWitness)
tvert_eq	 (hS : D.SimpleBoundary)
two_le_bdeg	 (hS : D.SimpleBoundary)
two_le_eulerCharacteristic_of_isRestriction	 (hA : A.IsPlanar)
two_mul_edgeCount_add_six_le	 (hM : M.IsPlanar)
two_mul_edgeCount_add_six_le_of_isRestriction	 (hA : A.IsPlanar)
twoArcCopy_firstTurns_of_pinched	 (h : TwoArcCopyPinchedStatement.{u, w, v})
twoArcCopy_firstTurns_of_simple	 (hK : K.Simple)
twoGonCleanCopyInput_of_steps	 (hspurStep : TwoGonSpurStepStatement.{u, w, v}) (hocellStep : TwoGonOuterCellStepStatement.{u, w, v}) (hosideStep : TwoGonOuterSideStepStatement.{u, w, v}) (hcsideStep : TwoGonCellSideStepStatement.{u, w, v}) (hhairStep : TwoGonCellHairStepStatement.{u, w, v}) (hpairStep : TwoGonRegionPairStepStatement.{u, w, v})
twoGonCopyCleanAt_of_free	 (hlea : Delta.LeastArea)
twoGonHoldsInput_of_eitherFollows	 (hinner : PocketRegionOfInnerFollowsStatement.{u, w, v})
twoGonHoldsInput_of_eitherFollowsCopy	 (hinner : PocketRegionOfInnerFollowsStatement.{u, w, v})
twoSectionCuts_cellTransport	 (hcell : PocketCellTransportStatement.{u, w, v}) (hout : P.outer.FollowsBoundary)
uedaCornerMap_injective	 (hUeda : UedaCornerMapStatement)
ultraHom_hasTraceCompatibleUltraHom_of_nuclear	 (hAmenable : NuclearAmenableTraceStatement.{u})
ultraHom_tikuisisWhiteWinterStatement_of_traceKernelLift	 (hAmenable : NuclearAmenableTraceStatement.{u}) (hChoiEffros : LiftCriterion.CoronaUCPCoordinatesStatement.{u})
unConjugation_of	 (hgraph : ConjugatorGraph)
uncovered_objectBlocks_negligible	 (hT : T.Nonempty)
uncovered_subset_biUnion	 (hT : T.Nonempty)
uncoveredMass_negligible	 (hT : T.Nonempty)
underlyingGraph_preconnected	 (hM : M.IsConnected)
uniformInputCutThreshold_pos	 (hS : S.Nonempty)
uniformProposition414Statement_of_dgo414	 (h414 : OsinComponents.DGOProposition414Uniform.{u, w})
uniformTwoNormOn_le	 (hX : X.Nonempty)
uniformTwoNormOn_nonneg	 (hX : X.Nonempty)
unitalModel_isCommutative	 (hC : C.IsCommutative)
unitaryAverage_apply_eq_self	 (hS : S.Nonempty)
unitKernelLocallyFinite_of_cells	 (h : TransientCellsStatement)
unitKernelLocallyFinite_of_matricial	 (h : TransientIdealLocallyMatricialFTwoStatement)
universalBaseRelGenSet_orbitLowerBound	 (h : G)
universalHNN_embeds_amalgam	 (hUeda : UedaCornerMapStatement)
universalHNN_isMFAlgebra	 (hShulman : ShulmanTheorem16Statement) (hUeda : UedaCornerMapStatement)
universalHNNIsMFStatement_of_shulman	 (hShulman : ShulmanTheorem16Statement) (hUeda : UedaCornerMapStatement)
universalHostEmb_injective	 (hOmega : Omega.OmegaInput)
universalTrace_regular	 (hIn : HNNInputs)
unpinched_of_followsBoundary_complement	 (hM : M.IsPlanar)
unpinched_of_simple	 (hK : K.Simple)
unselectedGFacesMerged	 (hS : S.DartMinimal)
upsilonFinitelyPresented_of_caseOne	 (h1 : LemmaFourSixCaseOneStatement)
upsilonFinitelyPresented_of_dynamics	 (hdyn : LemmaFourSixDynamicsStatement)
usedRankFourClose_add_four	 (h4 : LeavittK2UsedRankFourStatement)
val_comp	 (h : G)
vdkHighWire_core_finitelyPresentedMetabelian	 (hH : Absorption.SuslinLocalHorrocksStatement) (hdiag : ElemFP.vdkInj_DiagStatement) (hgen : ElemFPCharZero.CharZeroK2PosStabGenStatement) (hU : ElemFPCharZero.nk2Core_SliceStatement) (hswap : HigmanVSwapSectionStatement)
vdkHighWire_dilate_finitelyPresentedMetabelian	 (hH : Absorption.SuslinLocalHorrocksStatement) (hdiag : ElemFP.vdkInj_DiagStatement) (hL : ElemFP.k2CubeDilate_LocalStatement) (hR : ElemFP.k2Dilate_PolyK2Statement) (hgen : ElemFPCharZero.CharZeroK2PosStabGenStatement) (hcube : ElemFPCharZero.CharZeroK2CubeGapPosStatement) (hswap : HigmanVSwapSectionStatement)
vdkHighWire_finitelyPresentedMetabelian_of_six	 (hH : Absorption.SuslinLocalHorrocksStatement) (hdiag : ElemFP.vdkInj_DiagStatement) (hloc : ElemFP.PolyK2CubeNilLocalStatement) (hgen : ElemFPCharZero.CharZeroK2PosStabGenStatement) (hcube : ElemFPCharZero.CharZeroK2CubeGapPosStatement) (hswap : HigmanVSwapSectionStatement)
vdkHighWire_slice_finitelyPresentedMetabelian	 (hH : Absorption.SuslinLocalHorrocksStatement) (hdiag : ElemFP.vdkInj_DiagStatement) (hgen : ElemFPCharZero.CharZeroK2PosStabGenStatement) (hU : ElemFPCharZero.nk2Slice_CofinalStatement) (hswap : HigmanVSwapSectionStatement)
vdkInj_needed_high_of_vdkRowExt	 (h : VdKRowExtensionStatement)
vdkInj_needed_of_vdkRowExt_of_low	 (h : VdKRowExtensionStatement)
vdkInjDirect_finitelyPresentedMetabelian_of_six	 (hH : Absorption.SuslinLocalHorrocksStatement) (hres : ElemFP.vdkInjDirect_TransitiveInjStatement) (hloc : ElemFP.PolyK2CubeNilLocalStatement) (hgen : ElemFPCharZero.CharZeroK2PosStabGenStatement) (hcube : ElemFPCharZero.CharZeroK2CubeGapPosStatement) (hswap : HigmanVSwapSectionStatement)
vdkRowExt_of_polyK2StabRangeDiag	 (h : PolyK2StabRangeDiagStatement)
vdkRowExt_of_specPos	 (h : VdKRowExtSpecPosStatement)
vdkRowExt_specialization_of_specPos	 (h : VdKRowExtSpecPosStatement)
vdkRowExt_specPos_of_nilStabilityPos	 (h : PolyK2NilStabilityPosStatement)
vdkRowExt_specPos_of_vdkRowExtension	 (h : VdKRowExtensionStatement)
vdkRowExtension_of_vdkRowParInjective	 (h : VdKRowParInjectiveStatement)
vdkRowParInjective_of_K2Stab	 (h : VdKRowParInjK2StabStatement)
vdkRowParInjective_of_polyK2InjectiveStability	 (h : PolyK2InjectiveStabilityStatement)
vdkRowParInjective_of_stabRangeDiag_of_field	 (h : PolyK2StabRangeDiagStatement) (hfield : FieldK2VanishingStatement)
vdkRowParInjK2Stab_of_polyK2InjectiveStability	 (h : PolyK2InjectiveStabilityStatement)
vdkRowParInjK2Stab_of_vdkRowParInjective	 (h : VdKRowParInjectiveStatement)
vertex_auxCycle	 (h : G)
vertexCount_add	 (hM : M.IsPlanar)
vertexCount_add_one	 (hM : M.IsPlanar)
vertexCount_eq_of_neFace	 (hM : M.IsConnected)
vertexCount_eq_of_sigma_ne	 (hM : M.IsConnected)
vertexCount_le_edgeCount_add_one	 (hM : M.IsConnected)
vertexCount_le_kinds	 (hM : M.IsPlanar)
vertexCount_le_one_of_same_endpoints	 (hM : M.IsConnected)
vertexCount_loss_le_one	 (hM : M.IsConnected)
vertexCount_pos_of_planar	 (hplanar : M.IsPlanar)
vertexOf_bijective	 (hM : M.IsPlanar)
vertexOf_innerSigma	 (hM : M.IsPlanar)
vertexOf_outerSigma	 (hM : M.IsPlanar)
vertexSection_apply	 (h : EndpointInterfaces.BinaryLeavittStabKernelThreeTrivialStatement)
vPerfectChain_eq_coneSwap	 (hnd : L.Nodup)
vPerfectFinitelyPresentedMetabelian_of_frontierThree	 (hm : Coprimary.PureCharPrimeEHighModuleStatement) (hH : Absorption.SuslinLocalHorrocksStatement) (hvdk : ElemFP.VdKRowExtensionStatement) (hloc : ElemFP.PolyK2CubeNilLocalStatement) (hbruhat : ElemFP.FieldK2.BruhatBigCellStatement) (hgen : ElemFPCharZero.CharZeroK2PosStabGenStatement) (hcube : ElemFPCharZero.CharZeroK2CubeGapPosStatement) (hswap : HigmanVSwapSectionStatement) (hrel : RNRelatorsFiniteCoreStatement)
walk_nodup_and_alpha_not_mem	 (hlea : X.LeastArea)
walkDegen_of_rest	 (h : RestStatement.{u, w, v})
walkDegen_of_step	 (h : WalkDegenStepStatement.{u, w, v})
walkDegen_pocketFourPieceOff_of_step	 (hcurve : FourPieceWitness.WitnessCurveSublistNondegStatement.{u, w, v}) (hstep : FourPieceWitness.NoPlanarDegenStepStatement.{u, w, v}) (hwalk : WalkDegenStepStatement.{u, w, v})
walkDegenCase_of_step	 (h : WalkDegenStepStatement.{u, w, v})
walkDegenCase_pocketFourPieceOff	 (hcurve : FourPieceWitness.WitnessCurveSublistNondegStatement.{u, w, v}) (habs : FourPieceWitness.AbsorbFaceSetStatement.{u, w, v}) (hcase : WalkDegenCaseStatement.{u, w, v})
walkDegenCase_step	 (h : WalkDegenCaseStatement.{u, w, v})
walkDegenCase_walkDegen	 (h : WalkDegenCaseStatement.{u, w, v})
walkKeep_of_walkKeep_lakeWalk	 (hM : M.IsPlanar)
walkMap_faceOf_eq	 (hM : M.IsPlanar)
walkMap_facePerm_exterior	 (hM : M.IsPlanar)
walkMap_facePerm_pow_exterior	 (hM : M.IsPlanar)
walkOutput_of_strip	 (hstrip : StripStatement.{u, w, v})
wallAction_b	 (hfin : SeparationFinite)
wd_last	 (hM : M.IsPlanar)
wd_succ	 (hM : M.IsPlanar)
wd_val	 (hM : M.IsPlanar)
weight_le_incident	 (hred : Delta.Reduced)
weight_le_two_mu_source_of_planarPeelCertificates	 (hred : Delta.Reduced)
weight_le_two_mu_target_of_planarPeelCertificates	 (hred : Delta.Reduced)
weyl_triangle_relation	 (h : EndpointInterfaces.BinaryLeavittStabKernelThreeTrivialStatement)
whole_ne	 (hred : Delta.Reduced)
whole_ne_of_certificate	 (hred : Delta.Reduced)
whole_ne_of_reduced	 (hred : Delta.Reduced)
whole_relators_ne	 (hred : Delta.Reduced)
whole_relators_ne_of_split	 (hred : Delta.Reduced)
widehatR_dichotomy_sentence	 (hWiring : WidehatRDichotomyStatement)
window_defect_eq	 (hF : F.Nonempty)
windowHeadShape_of_deps	 (h01 : ClassStepStatement.{u, w, v}) (h02 : ClassSidesSuccStatement.{u, w, v}) (h03 : SideSuccFaceStatement.{u, w, v}) (h04 : WindowHeadSplitStatement.{u, w, v})
windowHeadShape_of_split	 (h04 : WindowHeadSplitStatement.{u, w, v})
windowShape_of_shapes	 (hhead : HeadShapeStatement.{u, w, v}) (htail : TailShapeStatement.{u, w, v}) (hrot : CellRotationStatement.{u, w, v})
windowTailShape_of_windowTailSplit	 (h5 : WindowTailSplitStatement.{u, w, v})
witnessArcsBlocks_arcsAuditPinch	 (h : WitnessArcsBlocksStatement.{u, w, v})
witnessArcsBlocks_of_arcs	 (h : PocketFourPieceWitnessArcsStatement.{u, w, v})
witnessCurveSublistNondeg_of_step	 (h : WitnessCurveSublistStepStatement.{u, w, v})
witnessCurveSublistStep_of_witnessStepResidual	 (h : WitnessStepResidualStatement.{u, w, v})
witnessPlanarCloseConnected_of_planar	 (h : PocketFourPieceWitnessPlanarStatement.{u, w, v})
witnessPlanarCloseCorrected_of_curveSublist_noPlanarDegenStep_walkDegen	 (hcurve : FourPieceWitness.WitnessCurveSublistNondegStatement.{u, w, v}) (hstep : FourPieceWitness.NoPlanarDegenStepStatement.{u, w, v}) (hwalk : PinchCase.WalkDegenStatement.{u, w, v})
witnessPlanarCloseCorrected_of_pinchCase	 (h : SoundRoute.PinchCaseStatement.{u, w, v})
witnessPlanarCloseCorrected_of_steps	 (hcurve : FourPieceWitness.WitnessCurveSublistStepStatement.{u, w, v}) (habsorb : FourPieceWitness.AbsorbFaceSetStatement.{u, w, v}) (hwalk : PinchCase.WalkDegenStepStatement.{u, w, v})
witnessPlanarClosePinchCase_of_curveSublist_noPlanarDegenStep_walkDegen	 (hcurve : FourPieceWitness.WitnessCurveSublistNondegStatement.{u, w, v}) (hstep : FourPieceWitness.NoPlanarDegenStepStatement.{u, w, v}) (hwalk : PinchCase.WalkDegenStatement.{u, w, v})
witnessStepBlockResidual_of_witnessStepCorner	 (h : WitnessStepCornerResidualStatement.{u, w, v})
witnessStepBridge_mirror_connected	 (h : M.IsConnected)
witnessStepBridge_mirror_planar	 (h : M.IsPlanar)
witnessStepBridge_model	 (hwalk : B.FollowsBoundary)
witnessStepBridge_reclosed_isFaceCycle	 (hwalk : B.FollowsBoundary) (hM : M.IsPlanar)
witnessStepBridge_succ_of_turn	 (hwalk : B.FollowsBoundary)
witnessStepCorner_of_witnessStepSkip	 (h : WitnessStepSkipStatement.{u, w, v})
witnessStepDescent_arc_of_descent	 (h : WitnessStepDescentStatement.{u, w, v})
witnessStepDescent_curveStep_of_descent	 (h : WitnessStepDescentStatement.{u, w, v})
witnessStepDescent_descent_of_curveStep	 (h : WitnessCurveSublistStepStatement.{u, w, v})
witnessStepDescent_not_mem_pre_right	 (hL : L.Nodup)
witnessStepDescent_parity_of_descent	 (h : WitnessStepDescentStatement.{u, w, v})
witnessStepDescent_skip_of_descent	 (h : WitnessStepDescentStatement.{u, w, v})
witnessStepDone_enclosed_rest	 (hrest : PinchCase.RestStatement.{u, w, v})
witnessStepDone_leaf_arcAudit	 (hres : PocketFourPieceArcAuditResidualStatement.{u, w, v}) (hlobe : P10RoseExtremalTrim.roseJunctionCore_LobeRemovalStatement.{u, w, v})
witnessStepDone_leaf_noPlanar	 (hdeg : FourPieceWitness.NoPlanarDegenerateStatement.{u, w, v}) (hwalk : PinchCase.WalkDegenStatement.{u, w, v}) (hlobe : P10RoseExtremalTrim.roseJunctionCore_LobeRemovalStatement.{u, w, v})
witnessStepDone_leaf_rest	 (hrest : PinchCase.RestStatement.{u, w, v}) (hlobe : P10RoseExtremalTrim.roseJunctionCore_LobeRemovalStatement.{u, w, v})
witnessStepDone_off_absorbCase	 (habs : FourPieceWitness.AbsorbFaceSetStatement.{u, w, v}) (hcase : PinchCase.WalkDegenCaseStatement.{u, w, v})
witnessStepDone_off_absorbStep	 (habs : FourPieceWitness.AbsorbFaceSetStatement.{u, w, v}) (hwalk : PinchCase.WalkDegenStepStatement.{u, w, v})
witnessStepDone_off_arcAudit	 (hres : PocketFourPieceArcAuditResidualStatement.{u, w, v})
witnessStepDone_off_lobeCase	 (hlobe : FourPieceWitness.AbsorbLobeStatement.{u, w, v}) (hcase : PinchCase.WalkDegenCaseStatement.{u, w, v})
witnessStepDone_off_noPlanarWalk	 (hdeg : FourPieceWitness.NoPlanarDegenerateStatement.{u, w, v}) (hwalk : PinchCase.WalkDegenStatement.{u, w, v})
witnessStepDone_off_residual	 (hres : PinchCase.ResidualStatement.{u, w, v})
witnessStepDone_off_rest	 (hrest : PinchCase.RestStatement.{u, w, v})
witnessStepDone_off_stepStep	 (hstep : FourPieceWitness.NoPlanarDegenStepStatement.{u, w, v}) (hwalk : PinchCase.WalkDegenStepStatement.{u, w, v})
witnessStepDone_off_stepWalk	 (hstep : FourPieceWitness.NoPlanarDegenStepStatement.{u, w, v}) (hwalk : PinchCase.WalkDegenStatement.{u, w, v})
witnessStepDone_pinchCase	 (hrest : PinchCase.RestStatement.{u, w, v})
witnessStepGenus_between_not_mem	 (hN : N.IsPlanar)
witnessStepGenus_pinched_of_bridge	 (h : WitnessStepGenusBridgeStatement.{u, w, v})
witnessStepGenus_skip_of_bridge	 (h : WitnessStepGenusBridgeStatement.{u, w, v})
witnessStepGenus_split_not_connected	 (hN : N.IsPlanar)
witnessStepGenus_split_separates	 (hN : N.IsPlanar)
witnessStepGenus_stepNext_of_model	 (hN : N.IsPlanar)
witnessStepOrder_before_asymm	 (hL : L.Nodup)
witnessStepOrder_order_of_bridge	 (h : WitnessStepGenusBridgeStatement.{u, w, v})
witnessStepOrder_rotate_sublist	 (hwalk : B.FollowsBoundary)
witnessStepPinch_of_witnessStepPinchOff	 (h : WitnessStepPinchOffStatement.{u, w, v})
witnessStepPinchArc_arc_of_parity	 (h : WitnessStepPinchParityStatement.{u, w, v})
witnessStepPinchArc_parity_of_arc	 (h : WitnessStepPinchArcStatement.{u, w, v})
witnessStepPinchArc_skip_of_arc	 (h : WitnessStepPinchArcStatement.{u, w, v})
witnessStepPinchCut_pinchOff_of_pinchCut	 (h : WitnessStepPinchCutStatement.{u, w, v})
witnessStepPinchLobe_not_both	 (hL : L.Nodup)
witnessStepPinchLobe_pinchCut_of_pinchLobe	 (h : WitnessStepPinchLobeStatement.{u, w, v})
witnessStepPinchLobe_pinchCut_of_pinchOff	 (h : WitnessStepPinchOffStatement.{u, w, v})
witnessStepPinchLobe_pinchLobe_of_pinchCut	 (h : WitnessStepPinchCutStatement.{u, w, v})
witnessStepPinchLobe_pinchOff_of_pinchLobe	 (h : WitnessStepPinchLobeStatement.{u, w, v})
witnessStepPinchParity_not_mem_pre	 (hL : L.Nodup)
witnessStepPinchParity_parity_of_pinchLobe	 (h : WitnessStepPinchLobeStatement.{u, w, v})
witnessStepPinchParity_pinch_of_parity	 (h : WitnessStepPinchParityStatement.{u, w, v})
witnessStepPinchParity_pinchLobe_of_parity	 (h : WitnessStepPinchParityStatement.{u, w, v})
witnessStepPinchParity_pinchOff_of_parity	 (h : WitnessStepPinchParityStatement.{u, w, v})
witnessStepPinchParity_skip_of_parity	 (h : WitnessStepPinchParityStatement.{u, w, v})
witnessStepResidual_of_witnessStepSide	 (h : WitnessStepSideResidualStatement.{u, w, v})
witnessStepSideResidual_of_witnessStepBlock	 (h : WitnessStepBlockResidualStatement.{u, w, v})
witnessStepSkip_of_witnessStepPinch	 (h : WitnessStepPinchStatement.{u, w, v})
witnessStepSub_nested_steps	 (hM : M.IsPlanar) (hL : L.Nodup)
witnessStepSub_nested_sublist	 (hM : M.IsPlanar) (hL : L.Nodup)
witnessStepWinding_descent_of_pinched	 (h : WitnessStepWindingPinchedStatement.{u, w, v})
witnessStepWinding_pinched_of_descent	 (h : WitnessStepDescentStatement.{u, w, v})
witnessStepWinding_skip_of_pinched	 (h : WitnessStepWindingPinchedStatement.{u, w, v})
wordBall_finite	 (hS : S.Finite)
wordDist_graph_dist_bounds	 (hconn : Gamma.Preconnected)
wordDist_le_graph_dist_add_one	 (hconn : Gamma.Preconnected)
wordDist_le_one_of_adj_mk	 (hconn : Gamma.Preconnected)
wordDist_le_one_of_mk_eq	 (hconn : Gamma.Preconnected)
wordDist_le_walk_length_add_one	 (hconn : Gamma.Preconnected)
wordDist_mul_subtype_le	 (h : G)
wordDist_vertex_succ_le_one	 (hconn : Gamma.Preconnected)
wordNorm_ball_finite	 (hfin : S.Finite)
wordNorm_pow_le	 (h : G)
wordNorm_subtype_le_transitive	 (h : G)
wordNorming_of_conjugateWordNorming	 (hconj : ConjugateWordNormingStatement)
wordProd_concat	 (h : G)
wordProd_cons	 (h : G)
writePerm_mem_Writer	 (h : Sync)
wu	 (hC : CartanTotal)
yiOrientationPureProductFamilySelection_of_dgoLemma421b	 (h421b : DGOLemma421b.{u, 0})
yiSuitableFiniteFamily_of_pairAvoidingFinite	 (hstep : YiSuitablePairAvoidingFinite.{u})
yiSuitablePair_of_avoidingFiniteOneSided	 (hyi : HullSC.YiSuitablePairAvoidingFiniteOneSided.{u})
yiSuitablePair_of_finiteFamily	 (hyi : YiSuitableFiniteFamily.{u})
yiSuitablePairAvoidingFinite_of_family_of_avoidance	 (hyi : YiSuitableFiniteFamily.{u}) (havoid : FiniteCommensurabilityAvoidance.{u})
yiSuitablePairAvoidingFinite_of_oneSided	 (hstep : YiSuitablePairAvoidingFiniteOneSided.{u})
yiSuitablePairAvoidingFiniteOneSided_of_dgoLemma421b	 (h : DGOLemma421b.{0, 0})
yiSuitablePairAvoidingFiniteOneSided_of_productSelection_of_match	 (hselect : YiOrientationPureProductFamilySelection.{u})
yiSuitablePairAvoidingFiniteOneSided_of_twoSided	 (hstep : YiSuitablePairAvoidingFinite.{u})
zeta_pi_omega_closures_of_tower	 (h : OmegaTowerInput)
