META 19 381 1,1,2,1
CELL 0 1 24
STAB 0 1 1 2,1,7,4,5,6,3,10,9,8,12,11,13,16,15,14,21,22,20,19,17,18,23,25,24,37,32,29,28,30,31,27,34,33,36,35,26,42,41,40,39,38,44,43,48,47,46,45,50,49,51,53,52,55,54,57,56,63,62,83,92,59,58,67,66,65,64,91,77,78,75,76,74,73,71,72,69,70,84,85,82,81,60,79,80,87,86,90,89,88,68,61,94,93,97,96,95,101,109,100,98,107,108,112,106,105,102,103,99,111,110,104,115,116,113,114,118,117,119,120,122,121,128,132,131,130,211,123,133,126,125,124,129,147,135,137,136,139,138,140,142,141,150,152,151,153,134,149,148,143,145,144,146,157,284,295,154,216,199,280,282,215,184,165,164,167,166,172,173,171,170,168,169,179,176,175,178,177,174,361,189,190,340,163,187,202,185,210,181,182,194,193,192,191,205,207,206,208,159,201,200,186,204,203,195,197,196,198,212,188,127,209,217,218,162,158,213,214,224,221,220,223,222,219,230,241,260,232,238,225,233,228,231,244,246,245,247,229,240,239,226,243,242,234,236,235,237,266,277,253,265,252,250,263,264,269,271,270,272,227,262,261,254,255,251,248,268,267,256,258,257,259,274,273,275,276,249,279,278,160,283,161,281,155,286,285,293,294,292,291,290,289,287,288,156,297,296,301,300,299,298,309,307,308,306,305,303,304,302,313,312,311,310,315,314,319,318,317,316,323,322,321,320,358,332,330,331,329,328,326,327,325,335,345,333,337,336,344,343,183,342,341,339,338,334,349,348,347,346,357,355,356,354,353,351,352,350,324,365,364,180,363,362,360,359,367,366,371,370,369,368,375,374,373,372,381,379,380,377,378,376
STAB 0 1 1 2,1,4,7,15,3,6,16,9,8,21,22,24,10,5,14,12,11,17,18,20,19,25,23,13,37,29,32,27,34,33,28,30,31,99,108,55,43,41,101,56,79,60,42,123,113,114,91,105,110,136,95,125,26,54,57,39,133,117,84,115,118,58,139,145,146,138,45,167,177,172,165,154,73,170,72,69,175,83,144,211,212,44,38,143,230,228,222,142,220,126,116,251,264,124,253,53,40,107,98,100,109,35,106,112,50,103,102,36,104,49,111,92,61,47,46,59,62,122,121,119,120,130,131,132,128,82,48,63,68,52,97,129,150,137,135,51,67,64,141,89,140,147,134,149,148,152,151,153,80,66,85,65,157,340,282,74,214,205,361,295,217,189,76,164,77,166,75,171,173,71,169,168,176,179,70,174,78,178,280,184,163,284,190,181,196,182,209,187,185,192,193,194,191,199,159,201,200,207,206,208,195,197,198,186,204,202,203,81,127,188,210,215,162,218,213,158,216,221,224,88,219,90,223,87,235,269,231,244,233,225,86,232,238,229,240,239,246,245,247,234,236,237,226,243,241,242,257,274,96,263,250,252,265,93,260,227,262,261,271,270,272,255,254,94,256,258,259,248,268,266,267,277,249,279,278,273,275,276,287,326,364,299,349,317,347,367,329,355,334,338,381,160,374,322,335,311,310,365,281,369,378,337,306,308,305,362,304,358,341,368,296,301,331,320,376,377,286,351,325,156,360,314,302,327,359,315,294,350,283,332,323,297,356,371,307,372,352,380,353,370,313,324,290,291,155,379,285,354,373,292,345,346,183,316,344,328,339,300,161,366,375,303,321,330,293,180,333,342,298,312,363,288,357,336,289,348,343,318,309,319
STAB 0 1 1 2,1,3,6,5,4,7,16,9,14,19,20,23,10,15,8,18,17,11,12,22,21,13,24,25,54,32,29,28,31,30,27,33,34,102,107,55,83,57,100,56,60,79,84,126,61,92,130,104,112,135,132,124,26,37,41,39,133,62,42,46,59,129,67,148,149,64,128,167,179,173,165,154,157,169,164,166,174,43,147,210,188,38,44,134,231,233,224,140,219,123,47,254,263,125,252,131,98,108,40,101,35,109,49,110,111,36,99,103,105,106,50,114,113,116,115,118,117,120,119,121,122,91,53,95,45,209,68,63,48,97,52,58,85,51,136,137,139,138,89,141,142,144,143,146,145,80,65,66,152,153,150,151,73,354,360,74,215,202,367,321,216,185,76,72,77,69,171,75,172,168,170,71,78,177,178,175,176,70,293,182,181,346,187,163,199,184,82,190,189,192,191,194,193,196,195,198,197,186,203,204,159,200,201,207,208,205,206,127,81,212,211,214,213,158,162,218,217,90,222,223,220,221,88,232,238,266,230,241,228,86,225,87,235,234,237,236,226,242,243,229,239,240,246,247,244,245,260,277,250,264,96,253,93,265,257,256,259,258,248,267,268,94,251,255,227,261,262,271,272,269,270,274,273,276,275,249,278,279,366,365,322,359,353,379,377,361,357,319,352,356,316,180,350,364,368,371,342,326,330,341,339,375,306,308,304,372,305,343,369,335,333,370,325,332,292,347,348,289,331,161,282,327,380,314,299,323,373,374,300,320,315,312,338,311,363,362,334,302,349,301,298,309,345,344,183,317,318,340,294,376,290,284,155,381,291,288,378,283,156,287,337,336,295,281,280,160,296,310,313,297,307,328,329,303,351,286,358,285,324,355
STAB 0 1 1 2,1,6,3,15,7,4,10,9,14,18,17,25,16,5,8,19,20,22,21,11,12,24,13,23,54,29,32,27,33,34,28,31,30,103,109,26,84,57,98,39,44,38,83,68,116,115,128,111,106,137,131,97,55,37,41,56,63,117,43,114,118,129,139,153,151,138,130,77,176,171,76,74,157,168,164,166,178,42,150,209,127,79,60,152,232,225,221,141,223,48,113,255,265,52,250,132,100,35,101,40,108,107,110,49,104,99,36,102,50,112,105,46,47,61,92,59,62,121,122,120,119,45,95,53,91,210,126,133,123,124,125,58,144,136,51,135,67,64,142,140,89,85,80,65,66,143,146,145,134,148,147,149,73,346,321,154,217,196,293,360,214,182,165,72,167,69,173,172,75,169,71,170,177,78,174,70,179,175,367,185,187,354,181,190,205,189,211,163,184,194,191,192,193,202,186,203,204,195,198,197,207,208,206,159,200,199,201,188,212,81,82,216,158,213,218,162,215,222,90,219,88,224,220,231,244,257,87,235,86,228,233,230,241,226,242,243,234,237,236,246,247,245,229,239,238,240,269,274,252,93,253,96,264,263,266,248,267,268,256,259,258,251,94,254,271,272,270,227,261,260,262,277,249,278,279,273,276,275,180,300,156,330,183,348,318,280,373,376,344,345,351,366,328,161,312,333,370,283,359,313,324,363,308,306,304,336,305,380,298,297,371,342,323,327,355,285,379,381,315,364,295,332,343,320,281,325,357,288,365,314,331,368,290,296,375,303,291,358,155,310,369,378,356,352,353,286,377,284,329,319,338,340,349,289,334,374,309,326,322,160,307,372,282,299,361,287,311,301,341,335,337,350,294,362,316,317,302,347,339,292
STAB 0 1 1 3,7,6,2,9,1,4,17,15,22,16,10,28,18,5,21,20,19,14,8,11,12,29,31,30,55,24,33,34,32,27,25,13,23,44,79,26,99,113,117,116,103,106,110,68,39,56,123,60,38,138,143,152,54,37,114,115,48,98,108,41,101,126,136,52,124,137,133,181,176,195,127,213,218,207,212,190,177,105,125,165,76,109,111,97,233,86,234,67,246,63,57,256,271,153,273,145,119,50,118,120,43,112,83,36,102,84,49,104,35,107,42,46,47,92,61,121,122,59,62,40,100,58,144,146,91,188,129,130,128,151,150,45,95,139,140,89,141,142,64,51,135,65,66,85,80,131,53,132,149,147,148,134,217,322,349,214,73,172,364,287,154,167,209,211,182,189,197,196,198,206,208,205,178,192,194,193,191,175,353,187,185,366,77,166,170,69,72,163,184,174,179,78,70,203,204,202,186,171,75,173,168,71,169,201,199,200,159,210,164,81,82,158,216,74,157,162,215,235,237,245,247,236,244,228,220,251,230,222,225,231,232,87,242,243,241,226,221,90,224,223,88,219,240,238,239,229,264,253,275,272,274,276,269,270,267,268,266,248,255,94,254,257,259,258,265,93,263,262,260,261,227,278,279,277,249,250,96,252,156,342,180,301,161,283,365,284,324,343,332,314,302,354,378,183,312,335,377,348,317,285,373,352,371,297,368,291,296,329,326,306,308,300,307,375,309,313,369,339,334,293,361,344,376,303,347,338,289,316,318,345,372,304,337,305,327,320,336,374,160,286,379,328,362,363,367,310,370,280,380,294,325,282,321,357,315,358,355,298,346,155,323,331,340,341,295,360,311,330,299,333,290,292,319,356,288,359,351,281,381,350
STAB 0 1 1 3,7,4,1,9,2,6,18,15,21,8,14,29,17,5,22,12,11,10,16,19,20,28,30,31,37,24,33,34,27,32,25,23,13,84,43,54,108,114,118,115,109,111,105,128,57,41,91,42,83,139,144,150,26,55,113,116,130,98,99,56,101,45,136,132,53,137,58,182,178,196,209,214,217,205,211,189,175,110,95,72,164,103,106,131,87,231,235,64,244,129,39,257,269,151,274,146,120,112,117,119,79,50,38,107,35,44,104,49,102,36,60,61,92,47,46,121,122,62,59,100,40,133,143,145,123,82,63,48,68,153,152,126,125,138,89,140,141,142,67,135,51,148,149,134,147,97,124,52,66,80,65,85,218,282,340,213,154,170,295,361,73,69,127,212,181,190,198,195,197,208,206,207,176,191,193,194,192,177,284,184,163,280,166,77,172,167,165,185,187,78,70,174,179,200,201,159,199,168,169,71,171,173,75,204,186,203,202,81,76,210,188,215,162,157,74,216,158,234,236,247,245,237,246,230,222,264,228,220,232,86,225,233,239,240,229,238,223,219,88,221,224,90,243,226,242,241,251,253,276,270,273,275,271,272,261,262,227,260,265,263,93,256,258,259,255,254,94,268,248,267,266,278,279,249,277,250,252,96,360,298,293,341,321,359,281,353,380,309,315,325,339,155,358,346,333,311,286,318,347,379,328,290,297,371,296,356,368,374,299,304,305,330,372,303,343,370,310,302,338,180,287,345,351,375,317,334,319,292,348,344,307,306,362,308,323,331,363,329,367,377,285,373,337,336,160,369,313,366,324,350,314,322,161,288,332,378,381,342,183,354,327,320,349,301,364,156,335,300,326,312,352,316,289,291,357,283,376,365,355,294
STAB 0 1 1 3,7,2,6,5,4,1,18,15,22,20,19,30,17,9,21,16,10,11,12,14,8,31,29,28,55,33,24,25,13,23,34,32,27,104,112,54,110,113,119,115,111,109,99,129,92,61,133,102,107,89,145,151,26,37,114,116,130,122,105,46,121,126,141,147,134,142,123,182,191,197,209,214,218,206,212,190,194,108,148,188,210,106,103,149,228,232,236,51,245,128,47,258,270,150,275,143,117,43,120,118,50,79,36,83,60,49,84,44,42,38,35,41,57,39,56,101,98,40,100,59,62,91,146,144,58,165,68,48,63,152,153,45,65,140,139,138,136,137,135,67,64,95,131,53,132,66,85,80,97,52,125,124,217,366,287,213,215,203,353,349,158,187,127,211,181,189,195,198,196,207,205,208,192,178,177,175,176,193,364,167,77,322,185,163,200,184,82,166,69,78,179,174,70,172,171,75,173,204,202,186,201,199,159,168,71,170,169,76,81,164,72,154,74,216,162,157,73,237,235,246,244,234,247,233,239,267,87,242,231,225,86,230,222,221,90,224,243,241,226,240,238,229,223,88,220,219,261,278,273,269,276,274,272,271,251,255,94,254,268,266,248,259,257,256,262,260,227,265,93,264,263,253,250,96,252,279,277,249,354,318,346,317,367,369,370,295,289,294,363,362,288,156,292,293,304,308,300,298,301,299,381,327,297,371,368,331,296,376,379,333,335,377,338,344,350,281,283,357,372,183,340,375,329,345,341,307,324,358,342,303,334,312,325,311,352,356,315,351,321,330,326,355,314,332,161,359,365,282,319,343,337,280,160,339,336,316,328,348,180,360,290,291,361,347,284,155,305,286,285,306,323,378,380,320,302,310,374,313,373,309
STAB 0 1 1 3,7,1,4,5,6,2,17,15,21,12,11,31,18,9,22,8,14,19,20,10,16,30,28,29,37,33,24,25,23,13,34,27,32,49,50,26,105,114,120,116,106,103,108,63,47,46,58,35,36,140,146,153,54,55,113,115,48,122,110,61,121,45,141,80,85,142,91,181,192,198,127,213,217,208,211,189,193,99,65,82,81,111,109,66,230,225,237,135,247,68,92,259,272,152,276,144,118,79,119,117,112,43,107,38,42,104,44,84,60,83,102,56,39,57,41,101,98,100,40,62,59,123,145,143,133,72,128,130,129,150,151,126,148,89,138,139,136,137,51,64,67,125,97,124,52,149,134,147,131,132,95,53,218,280,361,214,158,200,284,340,215,184,209,212,182,190,196,197,195,205,207,206,191,176,175,177,178,194,295,69,166,282,163,185,203,187,188,77,167,174,70,78,179,170,168,169,71,201,159,199,204,186,202,171,173,172,75,164,210,76,165,73,157,162,216,74,154,236,234,244,246,235,245,87,242,261,233,239,86,232,231,228,220,223,219,88,240,229,238,243,226,241,221,224,222,90,267,278,274,271,275,273,270,269,264,265,263,93,262,227,260,258,256,257,268,248,266,255,254,251,94,253,250,252,96,279,249,277,155,348,183,347,160,310,313,364,319,350,336,337,357,360,316,180,306,305,330,342,341,326,355,323,371,297,296,320,368,351,285,312,311,286,334,345,294,365,359,288,307,346,349,303,374,344,301,372,380,378,298,375,338,333,314,335,290,291,332,376,161,300,299,381,325,315,321,283,281,322,289,309,362,366,367,302,363,292,373,318,293,156,352,356,287,317,353,354,308,377,379,304,327,358,324,331,339,369,329,370,328,343
STAB 0 1 1 4,6,7,2,9,1,3,11,5,20,16,10,27,12,15,19,22,21,8,14,17,18,32,34,33,55,23,30,31,29,28,13,25,24,38,60,26,102,61,62,47,36,49,112,48,39,56,126,79,44,64,134,80,37,54,92,46,68,40,107,57,100,123,135,97,125,51,133,163,78,159,81,162,158,186,188,187,179,104,124,165,76,35,50,52,228,225,229,139,226,63,41,227,248,66,249,148,121,111,59,122,83,110,43,103,99,42,106,105,109,108,84,115,116,114,113,119,120,118,117,98,101,129,147,149,130,212,58,91,45,65,85,128,132,67,142,141,89,140,138,137,136,151,153,150,152,53,131,95,146,144,145,143,216,364,353,215,157,173,322,366,154,167,82,210,184,185,200,199,201,203,204,202,70,192,194,191,193,174,349,190,189,287,77,69,169,166,164,181,182,175,177,176,178,206,208,205,207,75,171,172,71,168,170,198,196,197,195,211,72,127,209,218,217,74,73,213,214,238,240,242,243,239,241,233,219,254,231,224,86,230,87,232,245,247,244,246,90,221,222,88,223,220,237,235,236,234,263,252,278,268,277,279,266,267,270,272,269,271,94,255,251,260,262,261,93,265,264,259,257,258,256,275,276,274,273,96,250,253,161,310,160,370,156,300,326,346,309,358,320,327,380,340,339,155,297,368,347,286,379,318,294,334,311,312,335,344,333,357,365,306,308,283,363,337,324,298,341,378,352,280,367,291,292,336,377,356,351,381,285,290,362,305,375,304,314,332,303,350,180,348,317,288,372,307,361,342,301,293,302,373,331,360,295,329,323,343,319,313,284,183,315,325,354,369,321,282,371,281,359,296,345,376,355,338,328,299,289,330,316,374
STAB 0 1 1 4,6,3,1,9,2,7,12,5,19,14,8,32,11,15,20,18,17,10,16,21,22,27,33,34,54,23,30,31,28,29,13,24,25,42,83,37,107,92,59,46,35,50,104,45,41,57,130,84,43,67,147,85,26,55,61,47,91,40,102,56,100,128,135,95,131,51,129,184,70,199,82,215,216,202,210,185,174,112,132,164,72,36,49,53,232,230,238,138,241,58,39,260,266,65,277,149,122,110,62,121,60,111,44,108,109,38,105,106,99,103,79,113,114,116,115,119,120,117,118,101,98,133,134,148,126,209,63,68,48,66,80,123,124,64,141,142,89,140,139,136,137,145,146,143,144,52,125,97,153,152,151,150,158,360,354,162,154,169,321,367,157,166,81,188,163,187,201,159,200,204,203,186,78,193,191,194,192,179,346,182,181,293,69,77,173,167,165,189,190,176,178,175,177,197,198,195,196,71,170,168,75,172,171,208,207,206,205,127,76,211,212,214,213,73,74,217,218,229,239,243,242,240,226,231,224,263,233,219,87,225,86,228,236,237,234,235,88,220,223,90,222,221,247,246,245,244,254,252,279,267,249,278,248,268,258,259,256,257,93,264,265,227,261,262,94,251,255,272,271,270,269,275,276,273,274,96,253,250,282,313,280,369,295,299,330,349,302,324,323,331,378,183,343,284,296,371,348,285,377,317,288,345,312,311,333,338,335,350,359,305,304,281,362,336,358,301,342,380,356,160,366,290,289,337,379,352,355,376,286,291,363,306,372,308,315,325,307,357,361,347,318,294,375,303,180,341,298,287,309,374,327,364,156,328,320,339,316,310,155,340,314,332,353,370,322,161,368,283,365,297,334,381,351,344,329,300,292,326,319,373
STAB 0 1 1 4,6,2,7,15,3,1,12,5,20,22,21,33,11,9,19,16,10,17,18,8,14,34,32,27,55,30,23,13,25,24,31,29,28,105,110,37,112,61,121,46,50,35,102,58,114,113,133,99,108,141,148,65,26,54,92,47,91,120,104,115,119,123,89,144,143,140,126,184,193,200,82,215,158,203,188,187,194,107,145,212,211,49,36,146,233,87,239,137,242,45,116,261,267,85,278,134,62,83,122,59,111,60,103,43,79,106,42,38,84,44,109,57,41,39,56,100,40,98,101,118,117,130,149,147,129,165,48,68,63,80,66,128,151,142,67,64,135,51,136,139,138,132,53,131,95,153,150,152,52,97,124,125,216,287,366,162,214,206,349,353,218,190,81,210,163,185,159,201,199,186,202,204,192,70,179,174,78,191,322,167,77,364,189,181,197,182,209,69,166,176,177,175,178,173,75,171,172,208,205,207,198,196,195,71,168,169,170,76,127,72,164,154,74,217,213,73,157,240,238,226,241,229,243,228,236,270,232,245,230,86,225,231,224,90,221,222,247,244,246,237,235,234,88,223,219,220,258,275,249,266,279,277,268,248,254,94,255,251,272,269,271,262,260,227,259,257,256,93,265,263,264,252,96,250,253,276,274,273,340,285,284,379,361,341,301,321,351,373,307,372,328,161,376,280,305,308,283,313,370,359,316,314,312,311,335,325,333,292,317,296,368,347,356,291,374,330,300,329,362,155,354,337,357,290,369,363,309,343,310,336,352,297,331,371,334,338,323,289,295,281,365,319,327,320,156,299,326,360,355,358,375,293,180,378,303,381,288,286,160,282,345,344,367,377,346,183,304,348,318,306,315,339,302,332,380,342,350,298,294,324
STAB 0 1 1 4,6,1,3,15,7,2,11,5,19,18,17,34,12,9,20,14,8,21,22,10,16,33,27,32,54,30,23,13,24,25,31,28,29,106,111,26,104,92,122,47,49,36,107,63,116,115,129,109,103,142,149,66,37,55,61,46,68,120,112,113,119,128,89,152,150,140,130,163,192,201,81,162,216,204,210,185,191,102,151,209,127,50,35,153,231,86,240,136,243,48,114,262,268,80,279,147,59,60,121,62,110,83,108,44,84,105,38,42,79,43,99,56,39,41,57,100,40,101,98,117,118,126,148,134,133,164,45,91,58,85,65,123,145,141,64,67,135,51,137,138,139,124,52,125,97,146,143,144,53,95,132,131,158,293,367,215,218,197,346,354,214,182,82,188,184,187,199,200,159,202,186,203,193,78,174,179,70,194,321,166,69,360,181,189,206,190,212,77,167,175,178,176,177,169,71,170,168,198,195,196,208,207,205,75,172,173,171,72,211,76,165,157,73,213,217,74,154,239,229,241,226,238,242,232,245,258,228,236,225,87,230,233,219,88,220,223,237,234,235,247,246,244,90,222,224,221,270,275,277,248,278,249,267,266,263,93,264,265,259,256,257,261,227,260,272,271,269,94,251,254,255,252,96,253,250,276,273,274,183,286,155,377,180,342,298,322,355,374,303,375,329,282,381,160,306,304,281,310,369,365,319,315,311,312,333,332,335,289,318,297,371,348,352,290,373,326,299,328,363,284,353,336,350,291,370,362,302,339,313,337,356,296,327,368,345,344,320,292,156,283,359,316,331,323,295,300,330,364,351,324,372,287,361,380,307,376,294,285,280,161,334,338,366,379,349,340,308,347,317,305,314,343,309,325,378,341,357,301,288,358
STAB 0 1 1 1,2,7,6,5,4,3,14,9,16,20,19,23,8,15,10,22,21,12,11,18,17,13,25,24,55,27,28,29,31,30,32,34,33,107,102,54,60,56,100,57,83,84,79,130,92,61,126,112,104,135,124,132,37,26,39,41,129,59,38,47,62,133,64,149,148,67,123,166,174,169,164,157,154,173,165,167,179,44,134,188,210,42,43,147,233,231,219,140,224,128,46,263,254,131,252,125,101,103,40,98,36,99,50,111,110,35,109,108,106,105,49,116,115,114,113,117,118,120,119,122,121,68,52,97,48,212,91,58,45,95,53,63,80,51,137,136,138,139,89,142,141,152,150,153,151,85,66,65,144,146,143,145,74,353,364,73,162,186,366,322,158,187,72,76,69,77,170,71,168,172,171,75,70,178,177,176,175,78,287,190,189,349,185,184,159,163,81,182,181,193,194,191,192,207,205,208,206,202,204,203,199,201,200,196,198,195,197,211,82,209,127,218,217,216,215,214,213,88,223,222,221,220,90,228,229,248,225,226,232,87,230,86,246,244,247,245,241,243,242,238,240,239,235,237,234,236,227,249,253,255,96,250,94,251,271,269,272,270,266,268,267,93,265,264,260,262,261,257,259,256,258,273,274,276,275,277,279,278,367,359,321,365,354,377,379,180,350,316,356,352,319,361,357,360,371,368,341,330,326,342,343,372,305,304,308,375,306,339,370,333,335,369,332,325,289,348,347,292,327,282,161,331,378,315,300,320,374,373,299,323,314,311,344,312,362,363,345,309,346,298,301,302,334,338,340,318,317,183,288,381,291,155,284,376,290,294,380,281,295,293,336,337,156,283,160,280,297,313,310,296,303,329,328,307,355,285,324,286,358,351
STAB 0 1 1 1,2,6,7,15,3,4,8,9,16,22,21,24,14,5,10,20,19,18,17,12,11,25,13,23,55,28,27,32,34,33,29,31,30,108,99,37,79,56,101,41,43,42,60,91,114,113,123,110,105,136,125,95,54,26,39,57,58,118,44,116,117,133,138,146,145,139,126,69,175,170,72,73,154,172,165,167,177,38,143,212,211,84,83,144,228,230,220,142,222,45,115,264,251,53,253,124,100,36,98,40,103,102,111,50,112,109,35,107,49,104,106,47,46,92,61,62,59,122,121,120,119,48,97,52,68,188,130,129,128,132,131,63,152,137,51,135,64,67,141,140,89,80,85,66,65,150,153,151,147,149,134,148,74,349,322,157,213,207,287,364,218,190,164,76,166,77,169,168,71,173,75,171,178,70,179,78,174,176,366,187,185,353,189,182,195,181,127,184,163,191,194,193,192,186,202,204,203,205,208,206,196,198,197,199,201,159,200,210,209,82,81,158,216,217,214,215,162,223,88,224,90,219,221,233,234,271,86,246,87,232,231,225,226,241,243,242,244,247,245,235,237,236,238,240,229,239,256,273,252,94,250,96,255,254,248,266,268,267,269,272,270,265,93,263,257,259,258,260,262,227,261,249,277,279,278,274,276,275,361,299,295,326,340,347,317,160,374,381,338,334,355,367,329,282,311,335,369,281,365,310,358,362,304,305,308,337,306,378,301,296,368,341,320,331,351,286,377,376,314,360,156,325,339,323,283,332,350,294,359,315,327,371,291,297,372,307,290,324,284,313,370,380,352,356,354,285,379,155,328,316,344,183,346,292,345,373,302,330,321,280,303,375,161,300,180,293,312,298,342,333,336,357,288,363,319,318,309,348,343,289
STAB 0 1 1 1,2,3,4,5,6,7,8,9,10,11,12,13,14,15,16,17,18,19,20,21,22,23,24,25,26,27,28,29,30,31,32,33,34,35,36,37,38,39,40,41,42,43,44,45,46,47,48,49,50,51,52,53,54,55,56,57,58,59,60,61,62,63,64,65,66,67,68,69,70,71,72,73,74,75,76,77,78,79,80,81,82,83,84,85,86,87,88,89,90,91,92,93,94,95,96,97,98,99,100,101,102,103,104,105,106,107,108,109,110,111,112,113,114,115,116,117,118,119,120,121,122,123,124,125,126,127,128,129,130,131,132,133,134,135,136,137,138,139,140,141,142,143,144,145,146,147,148,149,150,151,152,153,154,155,156,157,158,159,160,161,162,163,164,165,166,167,168,169,170,171,172,173,174,175,176,177,178,179,180,181,182,183,184,185,186,187,188,189,190,191,192,193,194,195,196,197,198,199,200,201,202,203,204,205,206,207,208,209,210,211,212,213,214,215,216,217,218,219,220,221,222,223,224,225,226,227,228,229,230,231,232,233,234,235,236,237,238,239,240,241,242,243,244,245,246,247,248,249,250,251,252,253,254,255,256,257,258,259,260,261,262,263,264,265,266,267,268,269,270,271,272,273,274,275,276,277,278,279,280,281,282,283,284,285,286,287,288,289,290,291,292,293,294,295,296,297,298,299,300,301,302,303,304,305,306,307,308,309,310,311,312,313,314,315,316,317,318,319,320,321,322,323,324,325,326,327,328,329,330,331,332,333,334,335,336,337,338,339,340,341,342,343,344,345,346,347,348,349,350,351,352,353,354,355,356,357,358,359,360,361,362,363,364,365,366,367,368,369,370,371,372,373,374,375,376,377,378,379,380,381
STAB 0 1 1 1,2,4,3,15,7,6,14,9,10,17,18,25,8,5,16,11,12,21,22,19,20,24,23,13,26,28,27,32,33,34,29,30,31,109,103,54,44,39,98,57,84,83,38,128,115,116,68,106,111,137,97,131,37,55,56,41,129,118,79,113,117,63,138,151,153,139,48,166,178,168,164,157,74,171,76,77,176,60,152,127,209,43,42,150,225,232,223,141,221,130,114,265,255,132,250,52,40,102,101,100,99,36,105,104,49,108,107,35,112,50,110,61,92,46,47,62,59,121,122,119,120,126,125,124,123,81,45,58,91,53,95,133,143,136,135,51,64,67,142,89,140,134,147,148,149,144,145,146,85,65,80,66,154,183,161,73,218,195,180,156,213,181,72,165,69,167,71,170,169,75,173,172,175,174,78,179,70,177,160,163,184,155,182,189,207,190,212,185,187,193,192,191,194,159,199,200,201,196,197,198,205,206,208,202,203,186,204,82,211,210,188,162,215,214,217,216,158,220,219,90,224,88,222,86,246,256,233,234,231,230,87,228,229,238,239,240,235,236,237,244,245,247,241,242,226,243,271,273,96,254,253,252,251,94,227,260,261,262,257,258,259,264,263,93,269,270,272,266,267,248,268,249,277,278,279,274,275,276,293,330,360,300,346,318,348,366,328,351,345,344,376,280,373,321,333,312,313,359,283,370,380,336,305,304,306,363,308,324,342,371,297,298,327,323,381,379,285,355,332,295,364,315,309,331,365,314,288,357,281,325,320,296,352,368,303,375,356,378,354,369,310,358,291,290,284,377,286,353,374,289,334,349,340,319,338,329,343,299,282,367,372,307,322,326,287,361,335,341,301,311,362,294,350,337,292,347,339,317,302,316
STAB 0 1 1 6,4,7,1,9,2,3,19,5,12,8,14,32,20,15,11,21,22,16,10,18,17,27,34,33,37,13,31,30,28,29,23,25,24,83,42,54,35,46,59,92,107,104,50,130,57,41,45,43,84,67,85,147,55,26,47,61,128,100,36,39,40,91,51,131,95,135,58,185,174,202,210,216,215,199,82,184,70,49,53,72,164,102,112,132,230,232,241,138,238,129,56,266,260,149,277,65,121,106,62,122,38,105,79,109,108,60,111,110,103,99,44,116,115,113,114,120,119,117,118,98,101,63,80,66,48,211,133,123,126,148,134,68,52,64,142,141,140,89,139,137,136,153,151,152,150,124,97,125,145,143,146,144,162,295,284,158,74,71,282,280,73,69,188,81,187,163,203,186,204,200,201,159,179,191,193,192,194,78,340,189,190,361,166,167,75,77,76,182,181,177,175,178,176,208,206,207,205,169,168,170,173,171,172,197,195,198,196,212,165,209,127,217,218,157,154,214,213,226,243,239,240,242,229,87,90,93,86,88,231,228,233,225,247,245,246,244,219,223,220,224,221,222,236,234,237,235,94,96,278,262,249,279,227,261,272,270,271,269,263,265,264,248,268,267,254,255,251,258,256,259,257,276,275,273,274,252,250,253,321,369,367,313,360,330,299,183,343,378,331,323,324,349,302,354,371,296,317,377,285,348,350,338,335,333,311,345,312,288,281,304,305,359,336,362,380,342,301,358,290,366,160,356,316,363,286,291,376,355,379,352,337,308,303,306,325,315,375,294,293,318,347,357,307,372,287,298,341,180,339,328,320,156,364,374,327,309,289,370,353,346,332,314,155,310,161,322,297,365,283,368,344,351,381,334,373,326,319,300,292,329
STAB 0 1 1 6,4,1,7,15,3,2,20,5,12,21,22,33,19,9,11,8,14,18,17,16,10,34,27,32,37,31,13,23,25,24,30,28,29,110,105,55,50,46,121,61,112,102,35,133,113,114,58,108,99,141,65,148,54,26,47,92,123,119,49,116,120,91,140,143,144,89,45,187,194,203,188,158,215,200,82,184,193,36,146,211,212,104,107,145,87,233,242,137,239,126,115,267,261,134,278,85,59,38,122,62,106,42,109,79,43,111,60,83,44,84,103,39,56,57,41,40,100,98,101,117,118,48,66,80,63,72,130,128,129,147,149,68,153,142,64,67,51,135,136,138,139,52,124,97,125,151,152,150,132,131,53,95,162,361,280,216,213,208,340,284,217,189,210,81,185,163,202,204,186,199,159,201,191,179,70,78,174,192,282,69,166,295,190,182,198,181,127,167,77,178,175,177,176,71,169,168,170,206,207,205,197,195,196,173,171,75,172,164,209,165,76,73,157,218,214,154,74,243,226,238,229,241,240,230,237,272,225,247,228,231,232,86,88,219,223,220,245,246,244,236,234,235,224,221,90,222,259,276,277,227,279,249,262,260,93,263,265,264,270,271,269,268,248,266,258,256,257,254,255,94,251,96,252,250,253,275,273,274,349,379,353,285,287,301,341,161,376,328,372,307,373,321,351,366,308,305,359,370,313,283,292,325,333,335,311,314,312,316,347,368,296,317,291,356,329,300,330,374,337,354,155,362,288,352,310,336,343,309,369,363,290,371,320,297,338,334,327,319,364,365,281,289,323,331,360,326,299,156,381,378,303,180,293,358,375,355,357,377,367,322,344,345,160,286,183,346,306,318,348,304,332,302,339,315,324,298,294,342,350,380
STAB 0 1 1 6,4,3,2,9,1,7,20,5,11,10,16,27,19,15,12,17,18,14,8,22,21,32,33,34,26,13,31,30,29,28,23,24,25,60,38,55,36,47,62,61,102,112,49,126,56,39,48,44,79,64,80,134,54,37,46,92,123,100,35,41,40,68,51,125,97,135,63,187,179,186,188,158,162,159,81,163,78,50,52,76,165,107,104,124,225,228,226,139,229,133,57,248,227,148,249,66,122,105,59,121,42,106,84,99,103,83,110,111,108,109,43,114,113,115,116,120,119,118,117,101,98,58,85,65,45,127,129,128,130,149,147,91,53,67,141,142,140,89,138,136,137,146,145,144,143,132,95,131,151,150,153,152,215,156,155,216,73,75,161,160,74,77,210,82,185,184,204,202,203,201,200,199,174,194,192,193,191,70,183,181,182,180,167,166,71,69,72,190,189,178,176,177,175,198,197,196,195,173,172,171,169,170,168,206,205,208,207,209,164,212,211,213,214,154,157,218,217,241,242,240,239,243,238,86,88,94,87,90,233,232,231,230,237,236,235,234,224,222,221,219,220,223,245,244,247,246,93,96,279,261,277,278,260,262,259,258,257,256,254,251,255,266,267,268,263,264,265,270,269,272,271,276,275,274,273,252,253,250,322,370,366,310,364,326,300,340,339,380,327,320,358,346,309,353,368,297,318,379,286,347,357,344,333,335,312,334,311,294,283,308,306,365,337,363,378,341,298,324,291,367,280,352,319,362,285,290,381,351,377,356,336,304,307,305,332,314,372,288,287,317,348,350,303,375,293,301,342,361,343,329,323,295,360,373,331,302,292,369,354,349,325,315,284,313,282,321,296,359,281,371,338,355,376,345,374,330,316,299,289,328
STAB 0 1 1 6,4,2,3,15,7,1,19,5,11,17,18,34,20,9,12,10,16,22,21,14,8,33,32,27,26,31,13,23,24,25,30,29,28,111,106,54,49,47,122,92,104,107,36,129,115,116,63,103,109,142,66,149,55,37,46,61,128,119,50,114,120,68,140,150,152,89,48,185,191,204,210,216,162,201,81,163,192,35,153,127,209,112,102,151,86,231,243,136,240,130,113,268,262,147,279,80,62,42,121,59,105,38,99,84,44,110,83,60,43,79,108,41,57,56,39,40,100,101,98,118,117,45,65,85,58,76,126,123,133,134,148,91,146,141,67,64,51,135,137,139,138,53,132,95,131,145,144,143,124,125,52,97,215,180,160,158,217,198,183,155,213,181,188,82,187,184,186,203,202,159,199,200,194,174,78,70,179,193,161,77,167,156,182,190,208,189,211,166,69,177,176,178,175,75,173,172,171,197,196,195,206,205,207,169,170,71,168,165,212,164,72,74,154,214,218,157,73,242,241,229,238,226,239,225,247,259,230,237,232,233,228,87,90,224,222,221,236,235,234,245,244,246,219,220,88,223,272,276,249,260,278,277,261,227,94,254,251,255,258,257,256,267,266,248,270,269,271,263,264,93,265,96,252,253,250,275,274,273,346,377,354,286,293,298,342,282,381,329,375,303,374,322,355,367,304,306,365,369,310,281,289,332,335,333,312,315,311,319,348,371,297,318,290,352,328,299,326,373,336,353,284,363,294,356,313,337,339,302,370,362,291,368,323,296,344,345,331,316,360,359,283,292,320,327,364,330,300,295,376,380,307,361,287,324,372,351,350,379,366,321,338,334,280,285,340,349,305,317,347,308,325,309,343,314,358,301,288,341,357,378
STAB 0 1 1 7,3,6,1,9,2,4,21,15,18,14,8,29,22,5,17,19,20,16,10,12,11,28,31,30,54,25,34,33,27,32,24,13,23,43,84,37,109,115,118,114,108,105,111,91,41,57,128,83,42,139,150,144,55,26,116,113,45,101,103,39,98,130,137,53,132,136,129,189,175,205,211,217,214,196,209,182,178,106,131,164,72,99,110,95,231,87,244,64,235,58,56,269,257,146,274,151,119,49,117,120,44,104,60,35,107,79,50,112,36,102,38,47,46,61,92,122,121,62,59,40,100,63,152,153,68,210,133,126,123,145,143,48,97,138,140,89,142,141,67,51,135,66,65,80,85,125,52,124,148,134,149,147,213,321,346,218,74,168,360,293,157,166,212,127,190,181,206,207,208,197,198,195,177,193,191,192,194,176,354,185,187,367,69,167,171,77,76,184,163,179,174,70,78,204,203,186,202,170,71,169,172,75,173,200,159,201,199,188,165,82,81,216,158,73,154,215,162,246,247,236,237,245,234,232,221,265,225,223,230,233,228,86,243,242,226,241,220,88,219,222,90,224,239,229,240,238,255,250,275,259,273,276,256,258,268,267,248,266,264,93,263,271,272,270,251,94,254,261,227,262,260,279,278,249,277,253,96,252,295,341,361,298,282,281,359,155,358,339,325,315,309,353,380,340,311,333,379,347,318,286,374,356,368,296,371,290,297,328,330,305,304,299,303,372,302,310,370,343,345,287,180,338,381,307,348,344,292,319,317,334,375,308,336,306,331,323,337,373,280,285,377,329,363,362,366,313,369,160,378,288,332,161,322,350,314,324,351,301,349,284,320,327,183,342,156,364,312,326,300,335,291,289,316,352,294,365,355,283,376,357
STAB 0 1 1 7,3,1,6,5,4,2,22,15,18,19,20,30,21,9,17,14,8,12,11,16,10,31,28,29,54,34,25,24,13,23,33,27,32,112,104,55,111,115,119,113,110,99,109,133,61,92,129,107,102,89,151,145,37,26,116,114,126,121,106,47,122,130,142,134,147,141,128,190,194,206,212,218,214,197,209,182,191,103,149,210,188,105,108,148,232,228,245,51,236,123,46,270,258,143,275,150,118,44,120,117,49,84,35,60,83,50,79,43,38,42,36,39,56,41,57,98,101,40,100,62,59,68,153,152,63,164,91,45,58,144,146,48,66,140,138,139,137,136,135,64,67,97,125,52,124,65,80,85,95,53,131,132,213,367,293,217,162,204,354,346,216,185,211,127,189,181,205,208,207,196,195,198,193,177,178,176,175,192,360,166,69,321,187,184,201,163,81,167,77,70,174,179,78,168,170,71,169,203,186,202,200,159,199,172,75,171,173,72,82,165,76,157,73,158,215,154,74,247,246,235,234,244,237,231,240,268,86,243,233,230,87,225,223,220,88,219,242,226,241,239,229,238,222,90,221,224,262,279,274,256,276,273,259,257,265,264,93,263,267,248,266,272,271,269,261,227,260,251,94,255,254,250,253,96,252,278,249,277,353,317,349,318,366,370,369,156,292,288,362,363,294,295,289,287,308,304,299,301,298,300,376,331,296,368,371,327,297,381,377,335,333,379,344,338,357,283,281,350,375,340,183,372,328,334,342,303,358,324,341,307,345,311,332,312,356,352,314,355,322,326,330,351,315,325,282,365,359,161,316,339,336,160,280,343,337,319,329,347,361,364,291,290,180,348,155,284,306,285,286,305,320,380,378,323,309,313,373,310,374,302
STAB 0 1 1 7,3,4,2,9,1,6,22,15,17,10,16,28,21,5,18,11,12,8,14,20,19,29,30,31,26,25,34,33,32,27,24,23,13,79,44,55,103,116,117,113,99,110,106,123,56,39,68,38,60,138,152,143,37,54,115,114,126,101,109,57,98,48,137,124,52,136,63,190,177,207,212,218,213,195,127,181,176,111,97,76,165,108,105,125,86,233,246,67,234,133,41,271,256,145,273,153,120,104,118,119,84,49,42,102,36,43,112,50,107,35,83,92,61,46,47,122,121,59,62,100,40,129,150,151,128,81,58,45,91,146,144,130,131,139,89,140,142,141,64,135,51,149,148,147,134,95,132,53,65,85,66,80,214,161,183,217,157,171,156,180,74,77,211,209,189,182,208,205,206,198,197,196,175,194,192,191,193,178,155,163,184,160,167,69,168,166,164,187,185,70,78,179,174,201,200,199,159,172,173,75,170,169,71,203,202,204,186,82,72,188,210,162,215,154,73,158,216,244,245,237,236,247,235,225,223,255,232,221,228,87,230,231,240,239,238,229,222,224,90,220,219,88,242,241,243,226,265,250,276,258,274,275,257,259,262,261,260,227,251,254,94,269,270,272,264,263,93,267,266,268,248,279,278,277,249,253,252,96,364,301,287,342,322,365,283,354,378,302,314,332,343,284,324,349,335,312,285,317,348,377,329,291,296,368,297,352,371,373,300,308,306,326,375,307,339,369,313,309,344,361,293,334,355,372,318,345,316,289,347,338,303,305,363,304,320,327,362,328,366,379,286,374,336,337,280,370,310,367,358,357,315,321,282,294,325,380,376,341,340,353,331,323,346,298,360,295,333,299,330,311,356,319,292,290,350,281,381,359,351,288
STAB 0 1 1 7,3,2,4,5,6,1,21,15,17,11,12,31,22,9,18,10,16,20,19,8,14,30,29,28,26,34,25,24,23,13,33,32,27,50,49,37,106,116,120,114,105,108,103,58,46,47,63,36,35,140,153,146,55,54,115,113,45,121,111,92,122,48,142,85,80,141,68,189,193,208,211,217,213,198,127,181,192,109,66,81,82,110,99,65,225,230,247,135,237,91,61,272,259,144,276,152,117,84,119,118,104,44,102,42,38,112,43,79,83,60,107,57,41,56,39,98,101,100,40,59,62,128,151,150,129,76,123,126,133,143,145,130,149,89,139,138,137,136,51,67,64,131,95,132,53,148,147,134,125,124,97,52,214,160,180,218,216,201,155,183,162,163,212,209,190,182,207,206,205,195,196,197,194,175,176,178,177,191,156,77,167,161,184,187,204,185,210,69,166,179,78,70,174,171,172,173,75,200,199,159,203,202,186,170,169,168,71,165,188,72,164,74,154,215,158,73,157,245,244,234,235,246,236,86,243,262,231,240,87,228,233,232,221,222,224,90,239,238,229,242,241,226,220,219,223,88,268,279,273,257,275,274,258,256,255,251,254,94,261,260,227,270,269,271,267,266,248,264,263,265,93,250,253,252,96,278,277,249,284,347,340,348,280,313,310,360,316,357,337,336,350,364,319,361,305,306,326,341,342,330,351,320,368,296,297,323,371,355,286,311,312,285,345,334,288,359,365,294,303,349,346,307,373,338,298,375,378,380,301,372,344,335,315,333,291,290,325,381,282,299,300,376,332,314,322,281,283,321,292,302,363,367,366,309,362,289,374,317,287,295,356,352,293,318,354,353,304,379,377,308,331,324,358,327,343,370,328,369,329,339
CELL 1 1 8
STAB 1 1 1 1,2,7,6,5,4,3,14,9,16,20,19,23,8,15,10,22,21,12,11,18,17,13,25,24,55,27,28,29,31,30,32,34,33,107,102,54,60,56,100,57,83,84,79,130,92,61,126,112,104,135,124,132,37,26,39,41,129,59,38,47,62,133,64,149,148,67,123,166,174,169,164,157,154,173,165,167,179,44,134,188,210,42,43,147,233,231,219,140,224,128,46,263,254,131,252,125,101,103,40,98,36,99,50,111,110,35,109,108,106,105,49,116,115,114,113,117,118,120,119,122,121,68,52,97,48,212,91,58,45,95,53,63,80,51,137,136,138,139,89,142,141,152,150,153,151,85,66,65,144,146,143,145,74,353,364,73,162,186,366,322,158,187,72,76,69,77,170,71,168,172,171,75,70,178,177,176,175,78,287,190,189,349,185,184,159,163,81,182,181,193,194,191,192,207,205,208,206,202,204,203,199,201,200,196,198,195,197,211,82,209,127,218,217,216,215,214,213,88,223,222,221,220,90,228,229,248,225,226,232,87,230,86,246,244,247,245,241,243,242,238,240,239,235,237,234,236,227,249,253,255,96,250,94,251,271,269,272,270,266,268,267,93,265,264,260,262,261,257,259,256,258,273,274,276,275,277,279,278,367,359,321,365,354,377,379,180,350,316,356,352,319,361,357,360,371,368,341,330,326,342,343,372,305,304,308,375,306,339,370,333,335,369,332,325,289,348,347,292,327,282,161,331,378,315,300,320,374,373,299,323,314,311,344,312,362,363,345,309,346,298,301,302,334,338,340,318,317,183,288,381,291,155,284,376,290,294,380,281,295,293,336,337,156,283,160,280,297,313,310,296,303,329,328,307,355,285,324,286,358,351
STAB 1 1 -1 1,9,7,3,10,4,6,14,2,15,17,25,18,8,16,5,22,24,13,11,23,20,12,19,21,28,26,55,56,60,79,39,38,44,98,103,57,31,29,109,54,83,84,30,131,97,68,116,106,137,111,115,128,41,27,32,37,157,74,34,48,63,117,76,171,176,77,113,164,168,178,166,129,118,151,138,139,153,33,127,152,223,43,42,221,141,232,209,225,150,132,52,250,255,130,265,114,108,102,35,107,36,99,51,135,110,40,100,101,112,136,49,126,124,125,123,133,154,248,271,227,256,61,46,92,47,143,95,73,53,91,45,62,81,50,104,105,165,167,86,228,233,188,224,179,173,90,78,75,222,172,212,177,59,195,218,58,161,183,181,213,156,180,69,64,72,67,175,70,174,146,149,65,71,169,145,148,170,66,190,287,234,207,246,226,155,160,80,229,366,305,273,304,249,349,334,369,335,344,313,312,291,297,298,352,368,353,341,220,88,219,134,364,326,300,283,365,322,82,210,144,147,211,85,142,182,120,140,184,231,87,230,89,185,367,337,378,280,363,324,293,309,307,361,339,189,375,122,192,264,254,93,263,94,251,119,260,275,262,266,276,267,96,252,253,269,270,279,257,259,121,278,194,308,268,272,306,261,258,244,360,330,214,345,376,373,187,351,328,346,196,318,235,348,359,370,198,197,321,217,333,336,380,193,191,274,236,277,237,371,342,206,208,323,327,288,357,355,285,325,281,162,320,245,314,216,331,381,379,295,332,315,310,202,203,358,243,354,240,356,200,296,303,205,340,338,319,329,186,289,374,199,159,290,377,284,286,372,282,299,238,343,247,158,215,163,241,201,204,311,301,302,317,316,239,347,292,242,294,362,350
STAB 1 1 1 1,2,6,7,15,3,4,8,9,16,22,21,24,14,5,10,20,19,18,17,12,11,25,13,23,55,28,27,32,34,33,29,31,30,108,99,37,79,56,101,41,43,42,60,91,114,113,123,110,105,136,125,95,54,26,39,57,58,118,44,116,117,133,138,146,145,139,126,69,175,170,72,73,154,172,165,167,177,38,143,212,211,84,83,144,228,230,220,142,222,45,115,264,251,53,253,124,100,36,98,40,103,102,111,50,112,109,35,107,49,104,106,47,46,92,61,62,59,122,121,120,119,48,97,52,68,188,130,129,128,132,131,63,152,137,51,135,64,67,141,140,89,80,85,66,65,150,153,151,147,149,134,148,74,349,322,157,213,207,287,364,218,190,164,76,166,77,169,168,71,173,75,171,178,70,179,78,174,176,366,187,185,353,189,182,195,181,127,184,163,191,194,193,192,186,202,204,203,205,208,206,196,198,197,199,201,159,200,210,209,82,81,158,216,217,214,215,162,223,88,224,90,219,221,233,234,271,86,246,87,232,231,225,226,241,243,242,244,247,245,235,237,236,238,240,229,239,256,273,252,94,250,96,255,254,248,266,268,267,269,272,270,265,93,263,257,259,258,260,262,227,261,249,277,279,278,274,276,275,361,299,295,326,340,347,317,160,374,381,338,334,355,367,329,282,311,335,369,281,365,310,358,362,304,305,308,337,306,378,301,296,368,341,320,331,351,286,377,376,314,360,156,325,339,323,283,332,350,294,359,315,327,371,291,297,372,307,290,324,284,313,370,380,352,356,354,285,379,155,328,316,344,183,346,292,345,373,302,330,321,280,303,375,161,300,180,293,312,298,342,333,336,357,288,363,319,318,309,348,343,289
STAB 1 1 -1 1,9,6,4,10,3,7,8,2,5,11,13,12,14,16,15,20,23,25,17,24,22,18,21,19,27,26,55,56,79,60,39,44,38,40,36,41,34,32,35,37,43,42,33,53,52,48,47,49,51,50,46,45,57,28,29,54,73,74,31,68,63,62,76,75,78,77,61,72,71,70,69,58,59,65,64,67,66,30,81,80,88,83,84,90,89,87,82,86,85,95,97,96,94,91,93,92,107,99,109,108,103,102,137,136,112,98,101,100,110,135,106,123,125,124,126,133,154,271,248,256,227,113,115,114,116,134,132,157,131,130,128,117,127,111,105,104,165,167,225,233,228,212,222,177,172,221,176,171,224,173,188,179,118,159,158,129,156,155,163,162,161,160,166,138,164,139,174,178,175,149,146,151,168,170,148,145,169,153,187,366,229,186,226,246,183,180,152,234,287,304,249,305,273,353,352,341,368,291,298,297,344,312,313,334,335,349,369,219,223,220,143,322,365,283,300,326,364,209,211,147,144,210,150,140,184,122,142,182,230,232,231,141,189,361,375,339,293,307,309,280,324,363,367,378,185,337,120,192,263,251,265,264,255,254,121,257,278,259,269,279,270,250,253,252,266,267,276,260,262,119,275,194,308,272,268,306,258,261,241,282,281,215,290,292,294,190,289,288,284,199,285,238,286,299,301,201,200,295,216,296,303,302,191,193,277,239,274,240,311,310,203,204,315,314,328,329,319,318,331,330,213,332,242,327,217,325,316,317,321,320,323,342,205,206,343,247,340,237,338,197,333,336,202,354,356,355,357,207,351,350,196,195,345,347,346,348,362,360,359,235,358,243,218,214,181,244,198,208,371,370,380,379,381,236,377,376,245,373,372,374
STAB 1 1 -1 1,9,3,7,16,6,4,8,2,15,22,24,21,14,10,5,17,25,23,20,13,11,19,12,18,28,55,26,39,38,44,56,60,79,101,99,41,30,29,108,37,42,43,31,95,125,123,113,110,136,105,114,91,57,27,32,54,73,154,33,126,133,117,165,172,177,167,116,72,170,175,69,58,118,146,138,139,145,34,212,143,220,84,83,222,142,230,211,228,144,53,124,253,251,45,264,115,109,36,107,35,102,103,135,51,106,100,40,98,49,137,112,48,52,97,68,63,74,227,256,248,271,47,92,46,61,152,131,157,132,128,130,62,188,104,50,111,76,77,233,225,86,81,90,78,75,224,179,173,221,171,127,176,59,207,213,129,322,349,190,218,364,287,166,64,164,67,178,174,70,151,65,149,169,71,153,66,168,148,181,180,246,195,234,229,353,366,134,226,160,304,273,305,249,183,344,313,312,334,369,335,352,368,341,291,297,155,298,223,219,88,80,156,300,326,365,283,161,210,82,150,85,209,147,141,189,119,89,185,87,231,232,140,184,280,363,324,367,337,378,361,339,375,293,309,182,307,121,194,265,94,263,93,254,255,120,266,276,267,260,275,262,252,96,250,257,259,278,269,270,122,279,192,306,261,258,308,268,272,235,295,299,217,338,355,329,163,381,374,340,205,347,244,317,281,310,206,208,282,214,311,362,358,191,193,274,247,277,245,296,301,198,197,331,320,350,294,376,377,315,359,158,327,237,332,215,323,351,286,360,314,325,370,199,201,380,239,284,242,290,204,371,372,196,346,345,292,373,159,316,328,202,186,356,285,354,379,303,321,330,241,302,236,162,216,187,238,203,200,333,342,343,348,289,243,318,319,240,357,336,288
STAB 1 1 1 1,2,3,4,5,6,7,8,9,10,11,12,13,14,15,16,17,18,19,20,21,22,23,24,25,26,27,28,29,30,31,32,33,34,35,36,37,38,39,40,41,42,43,44,45,46,47,48,49,50,51,52,53,54,55,56,57,58,59,60,61,62,63,64,65,66,67,68,69,70,71,72,73,74,75,76,77,78,79,80,81,82,83,84,85,86,87,88,89,90,91,92,93,94,95,96,97,98,99,100,101,102,103,104,105,106,107,108,109,110,111,112,113,114,115,116,117,118,119,120,121,122,123,124,125,126,127,128,129,130,131,132,133,134,135,136,137,138,139,140,141,142,143,144,145,146,147,148,149,150,151,152,153,154,155,156,157,158,159,160,161,162,163,164,165,166,167,168,169,170,171,172,173,174,175,176,177,178,179,180,181,182,183,184,185,186,187,188,189,190,191,192,193,194,195,196,197,198,199,200,201,202,203,204,205,206,207,208,209,210,211,212,213,214,215,216,217,218,219,220,221,222,223,224,225,226,227,228,229,230,231,232,233,234,235,236,237,238,239,240,241,242,243,244,245,246,247,248,249,250,251,252,253,254,255,256,257,258,259,260,261,262,263,264,265,266,267,268,269,270,271,272,273,274,275,276,277,278,279,280,281,282,283,284,285,286,287,288,289,290,291,292,293,294,295,296,297,298,299,300,301,302,303,304,305,306,307,308,309,310,311,312,313,314,315,316,317,318,319,320,321,322,323,324,325,326,327,328,329,330,331,332,333,334,335,336,337,338,339,340,341,342,343,344,345,346,347,348,349,350,351,352,353,354,355,356,357,358,359,360,361,362,363,364,365,366,367,368,369,370,371,372,373,374,375,376,377,378,379,380,381
STAB 1 1 -1 1,9,4,6,16,7,3,14,2,5,20,23,19,8,10,15,11,13,24,22,25,17,21,18,12,27,55,26,39,44,38,56,79,60,100,102,57,33,32,107,54,84,83,34,132,124,126,61,112,135,104,92,130,41,28,29,37,157,154,30,123,133,62,165,173,179,167,47,164,169,174,166,129,59,149,64,67,148,31,188,134,219,42,43,224,140,231,210,233,147,131,125,252,254,128,263,46,35,103,108,109,99,36,136,137,49,101,98,40,106,51,110,68,97,52,48,63,74,256,227,271,248,116,114,115,113,80,53,73,95,45,91,117,212,105,111,50,76,77,228,86,225,127,221,176,171,222,177,172,90,75,81,78,118,186,162,58,364,353,187,158,322,366,69,138,72,139,70,175,178,65,151,146,170,168,66,153,71,145,163,160,226,159,229,234,349,287,143,246,180,305,249,304,273,155,291,298,297,352,341,368,334,335,369,344,312,183,313,88,220,223,152,161,283,365,326,300,156,211,209,85,150,82,144,89,185,121,141,189,232,230,87,142,182,293,307,309,361,375,339,367,378,337,280,324,184,363,119,194,93,255,264,265,251,94,122,269,279,270,257,278,259,253,250,96,260,262,275,266,267,120,276,192,306,258,261,308,272,268,238,321,359,216,356,319,357,181,316,350,354,202,377,241,379,330,342,203,204,360,215,371,372,343,193,191,277,243,274,242,333,370,201,200,325,332,374,373,292,347,323,299,218,314,240,320,214,315,289,348,282,327,331,301,196,198,302,236,346,245,345,208,311,362,199,284,290,376,294,195,381,288,205,207,338,318,340,317,336,295,281,244,380,239,213,217,190,235,206,197,296,310,358,286,351,247,285,355,237,329,303,328
STAB 1 1 1 1,2,4,3,15,7,6,14,9,10,17,18,25,8,5,16,11,12,21,22,19,20,24,23,13,26,28,27,32,33,34,29,30,31,109,103,54,44,39,98,57,84,83,38,128,115,116,68,106,111,137,97,131,37,55,56,41,129,118,79,113,117,63,138,151,153,139,48,166,178,168,164,157,74,171,76,77,176,60,152,127,209,43,42,150,225,232,223,141,221,130,114,265,255,132,250,52,40,102,101,100,99,36,105,104,49,108,107,35,112,50,110,61,92,46,47,62,59,121,122,119,120,126,125,124,123,81,45,58,91,53,95,133,143,136,135,51,64,67,142,89,140,134,147,148,149,144,145,146,85,65,80,66,154,183,161,73,218,195,180,156,213,181,72,165,69,167,71,170,169,75,173,172,175,174,78,179,70,177,160,163,184,155,182,189,207,190,212,185,187,193,192,191,194,159,199,200,201,196,197,198,205,206,208,202,203,186,204,82,211,210,188,162,215,214,217,216,158,220,219,90,224,88,222,86,246,256,233,234,231,230,87,228,229,238,239,240,235,236,237,244,245,247,241,242,226,243,271,273,96,254,253,252,251,94,227,260,261,262,257,258,259,264,263,93,269,270,272,266,267,248,268,249,277,278,279,274,275,276,293,330,360,300,346,318,348,366,328,351,345,344,376,280,373,321,333,312,313,359,283,370,380,336,305,304,306,363,308,324,342,371,297,298,327,323,381,379,285,355,332,295,364,315,309,331,365,314,288,357,281,325,320,296,352,368,303,375,356,378,354,369,310,358,291,290,284,377,286,353,374,289,334,349,340,319,338,329,343,299,282,367,372,307,322,326,287,361,335,341,301,311,362,294,350,337,292,347,339,317,302,316
BOUND 1 1 1 1,2,3,4,5,6,7,8,9,10,11,12,13,14,15,16,17,18,19,20,21,22,23,24,25,26,27,28,29,30,31,32,33,34,35,36,37,38,39,40,41,42,43,44,45,46,47,48,49,50,51,52,53,54,55,56,57,58,59,60,61,62,63,64,65,66,67,68,69,70,71,72,73,74,75,76,77,78,79,80,81,82,83,84,85,86,87,88,89,90,91,92,93,94,95,96,97,98,99,100,101,102,103,104,105,106,107,108,109,110,111,112,113,114,115,116,117,118,119,120,121,122,123,124,125,126,127,128,129,130,131,132,133,134,135,136,137,138,139,140,141,142,143,144,145,146,147,148,149,150,151,152,153,154,155,156,157,158,159,160,161,162,163,164,165,166,167,168,169,170,171,172,173,174,175,176,177,178,179,180,181,182,183,184,185,186,187,188,189,190,191,192,193,194,195,196,197,198,199,200,201,202,203,204,205,206,207,208,209,210,211,212,213,214,215,216,217,218,219,220,221,222,223,224,225,226,227,228,229,230,231,232,233,234,235,236,237,238,239,240,241,242,243,244,245,246,247,248,249,250,251,252,253,254,255,256,257,258,259,260,261,262,263,264,265,266,267,268,269,270,271,272,273,274,275,276,277,278,279,280,281,282,283,284,285,286,287,288,289,290,291,292,293,294,295,296,297,298,299,300,301,302,303,304,305,306,307,308,309,310,311,312,313,314,315,316,317,318,319,320,321,322,323,324,325,326,327,328,329,330,331,332,333,334,335,336,337,338,339,340,341,342,343,344,345,346,347,348,349,350,351,352,353,354,355,356,357,358,359,360,361,362,363,364,365,366,367,368,369,370,371,372,373,374,375,376,377,378,379,380,381
BOUND 1 1 -1 1,9,6,4,10,3,7,8,2,5,11,13,12,14,16,15,20,23,25,17,24,22,18,21,19,27,26,55,56,79,60,39,44,38,40,36,41,34,32,35,37,43,42,33,53,52,48,47,49,51,50,46,45,57,28,29,54,73,74,31,68,63,62,76,75,78,77,61,72,71,70,69,58,59,65,64,67,66,30,81,80,88,83,84,90,89,87,82,86,85,95,97,96,94,91,93,92,107,99,109,108,103,102,137,136,112,98,101,100,110,135,106,123,125,124,126,133,154,271,248,256,227,113,115,114,116,134,132,157,131,130,128,117,127,111,105,104,165,167,225,233,228,212,222,177,172,221,176,171,224,173,188,179,118,159,158,129,156,155,163,162,161,160,166,138,164,139,174,178,175,149,146,151,168,170,148,145,169,153,187,366,229,186,226,246,183,180,152,234,287,304,249,305,273,353,352,341,368,291,298,297,344,312,313,334,335,349,369,219,223,220,143,322,365,283,300,326,364,209,211,147,144,210,150,140,184,122,142,182,230,232,231,141,189,361,375,339,293,307,309,280,324,363,367,378,185,337,120,192,263,251,265,264,255,254,121,257,278,259,269,279,270,250,253,252,266,267,276,260,262,119,275,194,308,272,268,306,258,261,241,282,281,215,290,292,294,190,289,288,284,199,285,238,286,299,301,201,200,295,216,296,303,302,191,193,277,239,274,240,311,310,203,204,315,314,328,329,319,318,331,330,213,332,242,327,217,325,316,317,321,320,323,342,205,206,343,247,340,237,338,197,333,336,202,354,356,355,357,207,351,350,196,195,345,347,346,348,362,360,359,235,358,243,218,214,181,244,198,208,371,370,380,379,381,236,377,376,245,373,372,374
CELL 2 1 24
STAB 2 1 -1 2,1,7,4,5,6,3,10,9,8,12,11,13,16,15,14,21,22,20,19,17,18,23,25,24,37,32,29,28,30,31,27,34,33,36,35,26,42,41,40,39,38,44,43,48,47,46,45,50,49,51,53,52,55,54,57,56,63,62,83,92,59,58,67,66,65,64,91,77,78,75,76,74,73,71,72,69,70,84,85,82,81,60,79,80,87,86,90,89,88,68,61,94,93,97,96,95,101,109,100,98,107,108,112,106,105,102,103,99,111,110,104,115,116,113,114,118,117,119,120,122,121,128,132,131,130,211,123,133,126,125,124,129,147,135,137,136,139,138,140,142,141,150,152,151,153,134,149,148,143,145,144,146,157,284,295,154,216,199,280,282,215,184,165,164,167,166,172,173,171,170,168,169,179,176,175,178,177,174,361,189,190,340,163,187,202,185,210,181,182,194,193,192,191,205,207,206,208,159,201,200,186,204,203,195,197,196,198,212,188,127,209,217,218,162,158,213,214,224,221,220,223,222,219,230,241,260,232,238,225,233,228,231,244,246,245,247,229,240,239,226,243,242,234,236,235,237,266,277,253,265,252,250,263,264,269,271,270,272,227,262,261,254,255,251,248,268,267,256,258,257,259,274,273,275,276,249,279,278,160,283,161,281,155,286,285,293,294,292,291,290,289,287,288,156,297,296,301,300,299,298,309,307,308,306,305,303,304,302,313,312,311,310,315,314,319,318,317,316,323,322,321,320,358,332,330,331,329,328,326,327,325,335,345,333,337,336,344,343,183,342,341,339,338,334,349,348,347,346,357,355,356,354,353,351,352,350,324,365,364,180,363,362,360,359,367,366,371,370,369,368,375,374,373,372,381,379,380,377,378,376
STAB 2 1 1 2,9,7,3,14,6,4,10,1,15,18,25,17,16,8,5,21,24,23,19,13,12,20,11,22,29,54,37,41,42,43,57,83,84,98,109,39,30,28,103,26,38,44,31,97,131,128,115,111,137,106,116,68,56,32,27,55,74,157,34,130,129,118,164,168,178,166,114,76,171,176,77,63,117,153,139,138,151,33,209,150,221,79,60,223,141,225,127,232,152,52,132,250,265,48,255,113,99,35,102,36,107,108,135,51,105,100,40,101,50,136,104,45,53,95,91,58,73,260,269,266,257,46,61,47,92,144,125,154,124,123,126,59,210,112,49,110,72,69,231,230,87,82,88,70,71,219,174,169,220,170,211,175,62,196,217,133,321,346,182,214,360,293,167,67,165,64,177,179,78,145,66,148,173,75,146,65,172,149,189,361,235,205,244,238,354,367,147,241,280,308,274,306,277,340,338,310,311,345,370,333,356,371,342,290,296,284,301,222,224,90,85,295,299,330,359,281,282,188,81,143,80,212,134,142,181,119,89,187,86,233,228,140,163,160,362,358,366,336,380,180,343,372,287,302,190,303,122,191,251,93,254,94,263,264,120,248,276,268,227,275,261,252,96,253,271,272,279,256,258,121,278,193,305,262,270,304,267,259,246,156,300,213,344,351,328,184,376,373,183,195,348,234,318,283,313,197,198,161,218,312,363,324,194,192,273,237,249,236,297,298,208,206,327,323,357,288,381,379,314,365,216,331,247,325,162,320,355,285,364,315,332,369,159,200,378,240,155,243,291,203,368,375,207,349,334,289,374,199,319,329,186,202,352,286,353,377,307,322,326,226,309,245,215,158,185,229,204,201,335,341,339,347,292,242,317,316,239,350,337,294
STAB 2 1 -1 2,1,4,7,15,3,6,16,9,8,21,22,24,10,5,14,12,11,17,18,20,19,25,23,13,37,29,32,27,34,33,28,30,31,99,108,55,43,41,101,56,79,60,42,123,113,114,91,105,110,136,95,125,26,54,57,39,133,117,84,115,118,58,139,145,146,138,45,167,177,172,165,154,73,170,72,69,175,83,144,211,212,44,38,143,230,228,222,142,220,126,116,251,264,124,253,53,40,107,98,100,109,35,106,112,50,103,102,36,104,49,111,92,61,47,46,59,62,122,121,119,120,130,131,132,128,82,48,63,68,52,97,129,150,137,135,51,67,64,141,89,140,147,134,149,148,152,151,153,80,66,85,65,157,340,282,74,214,205,361,295,217,189,76,164,77,166,75,171,173,71,169,168,176,179,70,174,78,178,280,184,163,284,190,181,196,182,209,187,185,192,193,194,191,199,159,201,200,207,206,208,195,197,198,186,204,202,203,81,127,188,210,215,162,218,213,158,216,221,224,88,219,90,223,87,235,269,231,244,233,225,86,232,238,229,240,239,246,245,247,234,236,237,226,243,241,242,257,274,96,263,250,252,265,93,260,227,262,261,271,270,272,255,254,94,256,258,259,248,268,266,267,277,249,279,278,273,275,276,287,326,364,299,349,317,347,367,329,355,334,338,381,160,374,322,335,311,310,365,281,369,378,337,306,308,305,362,304,358,341,368,296,301,331,320,376,377,286,351,325,156,360,314,302,327,359,315,294,350,283,332,323,297,356,371,307,372,352,380,353,370,313,324,290,291,155,379,285,354,373,292,345,346,183,316,344,328,339,300,161,366,375,303,321,330,293,180,333,342,298,312,363,288,357,336,289,348,343,318,309,319
STAB 2 1 1 2,9,4,6,14,3,7,16,1,5,19,23,20,10,8,15,12,13,25,18,24,21,17,22,11,32,54,37,41,43,42,57,84,83,100,107,56,34,27,102,55,79,60,33,124,132,130,92,104,135,112,61,126,39,29,28,26,154,157,30,128,129,59,164,169,174,166,46,165,173,179,167,133,62,148,67,64,149,31,210,147,224,38,44,219,140,233,188,231,134,125,131,252,263,123,254,47,36,108,103,99,109,35,137,136,50,98,101,40,105,51,111,91,95,53,45,58,73,269,260,257,266,114,116,113,115,85,52,74,97,48,68,118,209,106,110,49,72,69,232,87,230,211,220,175,170,223,178,168,88,71,82,70,117,202,215,63,360,354,185,216,321,367,77,139,76,138,78,176,177,66,145,153,171,172,65,146,75,151,184,280,241,199,238,244,346,293,150,235,361,306,277,308,274,284,290,301,296,356,342,371,345,333,370,338,311,340,310,90,221,222,144,282,281,359,330,299,295,127,212,80,143,81,152,89,187,122,142,181,228,225,86,141,190,287,303,302,180,372,343,366,380,336,160,358,163,362,119,191,94,264,255,251,265,93,121,256,278,258,271,279,272,250,253,96,227,261,275,248,268,120,276,193,305,270,262,304,259,267,229,322,365,158,352,316,350,189,319,357,353,186,379,226,377,326,341,204,203,364,162,368,375,339,192,194,249,242,273,243,335,369,200,201,332,325,373,374,289,348,320,300,214,315,239,323,218,314,292,347,161,331,327,298,207,208,309,245,349,236,334,198,312,363,159,155,291,381,288,205,376,294,195,196,344,317,183,318,337,156,283,234,378,240,217,213,182,246,197,206,297,313,324,285,355,237,286,351,247,328,307,329
STAB 2 1 1 2,9,3,7,8,4,6,16,1,15,21,24,22,10,14,5,18,25,13,12,23,19,11,20,17,29,37,54,57,83,84,41,42,43,101,108,56,31,28,99,55,60,79,30,125,95,91,114,105,136,110,113,123,39,32,27,26,154,73,33,45,58,118,72,170,175,69,115,165,172,177,167,133,117,145,139,138,146,34,211,144,222,44,38,220,142,228,212,230,143,124,53,253,264,126,251,116,103,107,36,102,35,109,51,135,111,40,100,98,104,137,50,130,132,131,128,129,157,266,257,260,269,92,47,61,46,150,97,74,52,68,48,59,82,49,112,106,164,166,87,232,231,210,219,174,169,88,70,71,223,168,209,178,62,205,214,63,282,340,189,217,295,361,77,67,76,64,176,78,179,153,148,66,75,173,151,149,171,65,182,293,244,196,235,241,284,280,85,238,367,306,274,308,277,346,345,370,333,338,310,311,290,296,301,356,371,354,342,221,90,224,147,360,330,299,281,359,321,81,188,152,134,127,80,141,190,120,140,163,233,86,225,89,187,366,336,380,160,362,358,287,302,303,180,343,181,372,121,193,255,263,94,254,93,265,119,227,275,261,248,276,268,96,252,250,256,258,278,271,272,122,279,191,304,267,259,305,262,270,234,364,326,218,334,381,374,185,355,329,349,207,317,246,347,365,369,208,206,322,213,335,337,378,192,194,273,245,249,247,368,341,197,198,320,331,294,350,351,286,332,283,215,323,236,315,158,327,376,377,156,325,314,313,186,204,324,242,353,239,352,201,297,307,195,183,344,316,328,202,292,373,159,199,291,379,155,285,375,161,300,229,339,237,216,162,184,226,200,203,312,298,309,318,319,240,348,289,243,288,363,357
STAB 2 1 -1 2,1,3,6,5,4,7,16,9,14,19,20,23,10,15,8,18,17,11,12,22,21,13,24,25,54,32,29,28,31,30,27,33,34,102,107,55,83,57,100,56,60,79,84,126,61,92,130,104,112,135,132,124,26,37,41,39,133,62,42,46,59,129,67,148,149,64,128,167,179,173,165,154,157,169,164,166,174,43,147,210,188,38,44,134,231,233,224,140,219,123,47,254,263,125,252,131,98,108,40,101,35,109,49,110,111,36,99,103,105,106,50,114,113,116,115,118,117,120,119,121,122,91,53,95,45,209,68,63,48,97,52,58,85,51,136,137,139,138,89,141,142,144,143,146,145,80,65,66,152,153,150,151,73,354,360,74,215,202,367,321,216,185,76,72,77,69,171,75,172,168,170,71,78,177,178,175,176,70,293,182,181,346,187,163,199,184,82,190,189,192,191,194,193,196,195,198,197,186,203,204,159,200,201,207,208,205,206,127,81,212,211,214,213,158,162,218,217,90,222,223,220,221,88,232,238,266,230,241,228,86,225,87,235,234,237,236,226,242,243,229,239,240,246,247,244,245,260,277,250,264,96,253,93,265,257,256,259,258,248,267,268,94,251,255,227,261,262,271,272,269,270,274,273,276,275,249,278,279,366,365,322,359,353,379,377,361,357,319,352,356,316,180,350,364,368,371,342,326,330,341,339,375,306,308,304,372,305,343,369,335,333,370,325,332,292,347,348,289,331,161,282,327,380,314,299,323,373,374,300,320,315,312,338,311,363,362,334,302,349,301,298,309,345,344,183,317,318,340,294,376,290,284,155,381,291,288,378,283,156,287,337,336,295,281,280,160,296,310,313,297,307,328,329,303,351,286,358,285,324,355
STAB 2 1 1 2,9,6,4,8,7,3,10,1,5,12,13,11,16,14,15,19,23,24,21,25,18,22,17,20,32,37,54,57,84,83,41,43,42,40,35,39,33,27,36,26,44,38,34,52,53,45,46,50,51,49,47,48,56,29,28,55,74,73,31,91,58,59,72,71,70,69,92,76,75,78,77,63,62,66,67,64,65,30,82,85,90,60,79,88,89,86,81,87,80,97,95,96,93,68,94,61,102,109,99,103,108,107,136,137,104,101,98,100,111,135,105,128,131,132,130,129,157,257,266,269,260,115,113,116,114,147,124,154,125,126,123,118,211,110,106,112,164,166,230,231,232,209,223,178,168,220,175,170,219,169,210,174,117,199,216,133,295,284,184,215,282,280,167,139,165,138,179,177,176,148,153,145,172,171,149,151,173,146,185,367,238,202,241,235,340,361,144,244,293,308,277,306,274,354,356,342,371,290,301,296,338,311,310,345,333,346,370,224,222,221,150,321,359,281,299,330,360,212,127,134,152,188,143,140,163,121,141,190,225,228,233,142,181,180,372,343,287,303,302,160,358,362,366,380,187,336,120,193,254,265,251,255,264,263,122,271,279,272,256,278,258,253,250,252,248,268,276,227,261,119,275,191,304,259,267,305,270,262,226,161,283,162,291,289,288,182,292,294,155,159,286,229,285,300,298,200,201,156,158,297,307,309,194,192,249,240,273,239,312,313,204,203,314,315,329,328,316,317,327,326,217,325,243,331,213,332,319,318,322,323,320,341,195,197,339,237,183,247,344,206,335,337,186,353,352,351,350,196,355,357,207,205,334,348,349,347,363,364,365,246,324,242,214,218,189,234,208,198,368,369,378,377,376,245,379,381,236,374,375,373
STAB 2 1 -1 2,1,6,3,15,7,4,10,9,14,18,17,25,16,5,8,19,20,22,21,11,12,24,13,23,54,29,32,27,33,34,28,31,30,103,109,26,84,57,98,39,44,38,83,68,116,115,128,111,106,137,131,97,55,37,41,56,63,117,43,114,118,129,139,153,151,138,130,77,176,171,76,74,157,168,164,166,178,42,150,209,127,79,60,152,232,225,221,141,223,48,113,255,265,52,250,132,100,35,101,40,108,107,110,49,104,99,36,102,50,112,105,46,47,61,92,59,62,121,122,120,119,45,95,53,91,210,126,133,123,124,125,58,144,136,51,135,67,64,142,140,89,85,80,65,66,143,146,145,134,148,147,149,73,346,321,154,217,196,293,360,214,182,165,72,167,69,173,172,75,169,71,170,177,78,174,70,179,175,367,185,187,354,181,190,205,189,211,163,184,194,191,192,193,202,186,203,204,195,198,197,207,208,206,159,200,199,201,188,212,81,82,216,158,213,218,162,215,222,90,219,88,224,220,231,244,257,87,235,86,228,233,230,241,226,242,243,234,237,236,246,247,245,229,239,238,240,269,274,252,93,253,96,264,263,266,248,267,268,256,259,258,251,94,254,271,272,270,227,261,260,262,277,249,278,279,273,276,275,180,300,156,330,183,348,318,280,373,376,344,345,351,366,328,161,312,333,370,283,359,313,324,363,308,306,304,336,305,380,298,297,371,342,323,327,355,285,379,381,315,364,295,332,343,320,281,325,357,288,365,314,331,368,290,296,375,303,291,358,155,310,369,378,356,352,353,286,377,284,329,319,338,340,349,289,334,374,309,326,322,160,307,372,282,299,361,287,311,301,341,335,337,350,294,362,316,317,302,347,339,292
STAB 2 1 1 1,2,7,6,5,4,3,14,9,16,20,19,23,8,15,10,22,21,12,11,18,17,13,25,24,55,27,28,29,31,30,32,34,33,107,102,54,60,56,100,57,83,84,79,130,92,61,126,112,104,135,124,132,37,26,39,41,129,59,38,47,62,133,64,149,148,67,123,166,174,169,164,157,154,173,165,167,179,44,134,188,210,42,43,147,233,231,219,140,224,128,46,263,254,131,252,125,101,103,40,98,36,99,50,111,110,35,109,108,106,105,49,116,115,114,113,117,118,120,119,122,121,68,52,97,48,212,91,58,45,95,53,63,80,51,137,136,138,139,89,142,141,152,150,153,151,85,66,65,144,146,143,145,74,353,364,73,162,186,366,322,158,187,72,76,69,77,170,71,168,172,171,75,70,178,177,176,175,78,287,190,189,349,185,184,159,163,81,182,181,193,194,191,192,207,205,208,206,202,204,203,199,201,200,196,198,195,197,211,82,209,127,218,217,216,215,214,213,88,223,222,221,220,90,228,229,248,225,226,232,87,230,86,246,244,247,245,241,243,242,238,240,239,235,237,234,236,227,249,253,255,96,250,94,251,271,269,272,270,266,268,267,93,265,264,260,262,261,257,259,256,258,273,274,276,275,277,279,278,367,359,321,365,354,377,379,180,350,316,356,352,319,361,357,360,371,368,341,330,326,342,343,372,305,304,308,375,306,339,370,333,335,369,332,325,289,348,347,292,327,282,161,331,378,315,300,320,374,373,299,323,314,311,344,312,362,363,345,309,346,298,301,302,334,338,340,318,317,183,288,381,291,155,284,376,290,294,380,281,295,293,336,337,156,283,160,280,297,313,310,296,303,329,328,307,355,285,324,286,358,351
STAB 2 1 -1 1,9,7,3,10,4,6,14,2,15,17,25,18,8,16,5,22,24,13,11,23,20,12,19,21,28,26,55,56,60,79,39,38,44,98,103,57,31,29,109,54,83,84,30,131,97,68,116,106,137,111,115,128,41,27,32,37,157,74,34,48,63,117,76,171,176,77,113,164,168,178,166,129,118,151,138,139,153,33,127,152,223,43,42,221,141,232,209,225,150,132,52,250,255,130,265,114,108,102,35,107,36,99,51,135,110,40,100,101,112,136,49,126,124,125,123,133,154,248,271,227,256,61,46,92,47,143,95,73,53,91,45,62,81,50,104,105,165,167,86,228,233,188,224,179,173,90,78,75,222,172,212,177,59,195,218,58,161,183,181,213,156,180,69,64,72,67,175,70,174,146,149,65,71,169,145,148,170,66,190,287,234,207,246,226,155,160,80,229,366,305,273,304,249,349,334,369,335,344,313,312,291,297,298,352,368,353,341,220,88,219,134,364,326,300,283,365,322,82,210,144,147,211,85,142,182,120,140,184,231,87,230,89,185,367,337,378,280,363,324,293,309,307,361,339,189,375,122,192,264,254,93,263,94,251,119,260,275,262,266,276,267,96,252,253,269,270,279,257,259,121,278,194,308,268,272,306,261,258,244,360,330,214,345,376,373,187,351,328,346,196,318,235,348,359,370,198,197,321,217,333,336,380,193,191,274,236,277,237,371,342,206,208,323,327,288,357,355,285,325,281,162,320,245,314,216,331,381,379,295,332,315,310,202,203,358,243,354,240,356,200,296,303,205,340,338,319,329,186,289,374,199,159,290,377,284,286,372,282,299,238,343,247,158,215,163,241,201,204,311,301,302,317,316,239,347,292,242,294,362,350
STAB 2 1 1 1,2,6,7,15,3,4,8,9,16,22,21,24,14,5,10,20,19,18,17,12,11,25,13,23,55,28,27,32,34,33,29,31,30,108,99,37,79,56,101,41,43,42,60,91,114,113,123,110,105,136,125,95,54,26,39,57,58,118,44,116,117,133,138,146,145,139,126,69,175,170,72,73,154,172,165,167,177,38,143,212,211,84,83,144,228,230,220,142,222,45,115,264,251,53,253,124,100,36,98,40,103,102,111,50,112,109,35,107,49,104,106,47,46,92,61,62,59,122,121,120,119,48,97,52,68,188,130,129,128,132,131,63,152,137,51,135,64,67,141,140,89,80,85,66,65,150,153,151,147,149,134,148,74,349,322,157,213,207,287,364,218,190,164,76,166,77,169,168,71,173,75,171,178,70,179,78,174,176,366,187,185,353,189,182,195,181,127,184,163,191,194,193,192,186,202,204,203,205,208,206,196,198,197,199,201,159,200,210,209,82,81,158,216,217,214,215,162,223,88,224,90,219,221,233,234,271,86,246,87,232,231,225,226,241,243,242,244,247,245,235,237,236,238,240,229,239,256,273,252,94,250,96,255,254,248,266,268,267,269,272,270,265,93,263,257,259,258,260,262,227,261,249,277,279,278,274,276,275,361,299,295,326,340,347,317,160,374,381,338,334,355,367,329,282,311,335,369,281,365,310,358,362,304,305,308,337,306,378,301,296,368,341,320,331,351,286,377,376,314,360,156,325,339,323,283,332,350,294,359,315,327,371,291,297,372,307,290,324,284,313,370,380,352,356,354,285,379,155,328,316,344,183,346,292,345,373,302,330,321,280,303,375,161,300,180,293,312,298,342,333,336,357,288,363,319,318,309,348,343,289
STAB 2 1 -1 1,9,6,4,10,3,7,8,2,5,11,13,12,14,16,15,20,23,25,17,24,22,18,21,19,27,26,55,56,79,60,39,44,38,40,36,41,34,32,35,37,43,42,33,53,52,48,47,49,51,50,46,45,57,28,29,54,73,74,31,68,63,62,76,75,78,77,61,72,71,70,69,58,59,65,64,67,66,30,81,80,88,83,84,90,89,87,82,86,85,95,97,96,94,91,93,92,107,99,109,108,103,102,137,136,112,98,101,100,110,135,106,123,125,124,126,133,154,271,248,256,227,113,115,114,116,134,132,157,131,130,128,117,127,111,105,104,165,167,225,233,228,212,222,177,172,221,176,171,224,173,188,179,118,159,158,129,156,155,163,162,161,160,166,138,164,139,174,178,175,149,146,151,168,170,148,145,169,153,187,366,229,186,226,246,183,180,152,234,287,304,249,305,273,353,352,341,368,291,298,297,344,312,313,334,335,349,369,219,223,220,143,322,365,283,300,326,364,209,211,147,144,210,150,140,184,122,142,182,230,232,231,141,189,361,375,339,293,307,309,280,324,363,367,378,185,337,120,192,263,251,265,264,255,254,121,257,278,259,269,279,270,250,253,252,266,267,276,260,262,119,275,194,308,272,268,306,258,261,241,282,281,215,290,292,294,190,289,288,284,199,285,238,286,299,301,201,200,295,216,296,303,302,191,193,277,239,274,240,311,310,203,204,315,314,328,329,319,318,331,330,213,332,242,327,217,325,316,317,321,320,323,342,205,206,343,247,340,237,338,197,333,336,202,354,356,355,357,207,351,350,196,195,345,347,346,348,362,360,359,235,358,243,218,214,181,244,198,208,371,370,380,379,381,236,377,376,245,373,372,374
STAB 2 1 -1 1,9,3,7,16,6,4,8,2,15,22,24,21,14,10,5,17,25,23,20,13,11,19,12,18,28,55,26,39,38,44,56,60,79,101,99,41,30,29,108,37,42,43,31,95,125,123,113,110,136,105,114,91,57,27,32,54,73,154,33,126,133,117,165,172,177,167,116,72,170,175,69,58,118,146,138,139,145,34,212,143,220,84,83,222,142,230,211,228,144,53,124,253,251,45,264,115,109,36,107,35,102,103,135,51,106,100,40,98,49,137,112,48,52,97,68,63,74,227,256,248,271,47,92,46,61,152,131,157,132,128,130,62,188,104,50,111,76,77,233,225,86,81,90,78,75,224,179,173,221,171,127,176,59,207,213,129,322,349,190,218,364,287,166,64,164,67,178,174,70,151,65,149,169,71,153,66,168,148,181,180,246,195,234,229,353,366,134,226,160,304,273,305,249,183,344,313,312,334,369,335,352,368,341,291,297,155,298,223,219,88,80,156,300,326,365,283,161,210,82,150,85,209,147,141,189,119,89,185,87,231,232,140,184,280,363,324,367,337,378,361,339,375,293,309,182,307,121,194,265,94,263,93,254,255,120,266,276,267,260,275,262,252,96,250,257,259,278,269,270,122,279,192,306,261,258,308,268,272,235,295,299,217,338,355,329,163,381,374,340,205,347,244,317,281,310,206,208,282,214,311,362,358,191,193,274,247,277,245,296,301,198,197,331,320,350,294,376,377,315,359,158,327,237,332,215,323,351,286,360,314,325,370,199,201,380,239,284,242,290,204,371,372,196,346,345,292,373,159,316,328,202,186,356,285,354,379,303,321,330,241,302,236,162,216,187,238,203,200,333,342,343,348,289,243,318,319,240,357,336,288
STAB 2 1 1 1,2,3,4,5,6,7,8,9,10,11,12,13,14,15,16,17,18,19,20,21,22,23,24,25,26,27,28,29,30,31,32,33,34,35,36,37,38,39,40,41,42,43,44,45,46,47,48,49,50,51,52,53,54,55,56,57,58,59,60,61,62,63,64,65,66,67,68,69,70,71,72,73,74,75,76,77,78,79,80,81,82,83,84,85,86,87,88,89,90,91,92,93,94,95,96,97,98,99,100,101,102,103,104,105,106,107,108,109,110,111,112,113,114,115,116,117,118,119,120,121,122,123,124,125,126,127,128,129,130,131,132,133,134,135,136,137,138,139,140,141,142,143,144,145,146,147,148,149,150,151,152,153,154,155,156,157,158,159,160,161,162,163,164,165,166,167,168,169,170,171,172,173,174,175,176,177,178,179,180,181,182,183,184,185,186,187,188,189,190,191,192,193,194,195,196,197,198,199,200,201,202,203,204,205,206,207,208,209,210,211,212,213,214,215,216,217,218,219,220,221,222,223,224,225,226,227,228,229,230,231,232,233,234,235,236,237,238,239,240,241,242,243,244,245,246,247,248,249,250,251,252,253,254,255,256,257,258,259,260,261,262,263,264,265,266,267,268,269,270,271,272,273,274,275,276,277,278,279,280,281,282,283,284,285,286,287,288,289,290,291,292,293,294,295,296,297,298,299,300,301,302,303,304,305,306,307,308,309,310,311,312,313,314,315,316,317,318,319,320,321,322,323,324,325,326,327,328,329,330,331,332,333,334,335,336,337,338,339,340,341,342,343,344,345,346,347,348,349,350,351,352,353,354,355,356,357,358,359,360,361,362,363,364,365,366,367,368,369,370,371,372,373,374,375,376,377,378,379,380,381
STAB 2 1 -1 1,9,4,6,16,7,3,14,2,5,20,23,19,8,10,15,11,13,24,22,25,17,21,18,12,27,55,26,39,44,38,56,79,60,100,102,57,33,32,107,54,84,83,34,132,124,126,61,112,135,104,92,130,41,28,29,37,157,154,30,123,133,62,165,173,179,167,47,164,169,174,166,129,59,149,64,67,148,31,188,134,219,42,43,224,140,231,210,233,147,131,125,252,254,128,263,46,35,103,108,109,99,36,136,137,49,101,98,40,106,51,110,68,97,52,48,63,74,256,227,271,248,116,114,115,113,80,53,73,95,45,91,117,212,105,111,50,76,77,228,86,225,127,221,176,171,222,177,172,90,75,81,78,118,186,162,58,364,353,187,158,322,366,69,138,72,139,70,175,178,65,151,146,170,168,66,153,71,145,163,160,226,159,229,234,349,287,143,246,180,305,249,304,273,155,291,298,297,352,341,368,334,335,369,344,312,183,313,88,220,223,152,161,283,365,326,300,156,211,209,85,150,82,144,89,185,121,141,189,232,230,87,142,182,293,307,309,361,375,339,367,378,337,280,324,184,363,119,194,93,255,264,265,251,94,122,269,279,270,257,278,259,253,250,96,260,262,275,266,267,120,276,192,306,258,261,308,272,268,238,321,359,216,356,319,357,181,316,350,354,202,377,241,379,330,342,203,204,360,215,371,372,343,193,191,277,243,274,242,333,370,201,200,325,332,374,373,292,347,323,299,218,314,240,320,214,315,289,348,282,327,331,301,196,198,302,236,346,245,345,208,311,362,199,284,290,376,294,195,381,288,205,207,338,318,340,317,336,295,281,244,380,239,213,217,190,235,206,197,296,310,358,286,351,247,285,355,237,329,303,328
STAB 2 1 1 1,2,4,3,15,7,6,14,9,10,17,18,25,8,5,16,11,12,21,22,19,20,24,23,13,26,28,27,32,33,34,29,30,31,109,103,54,44,39,98,57,84,83,38,128,115,116,68,106,111,137,97,131,37,55,56,41,129,118,79,113,117,63,138,151,153,139,48,166,178,168,164,157,74,171,76,77,176,60,152,127,209,43,42,150,225,232,223,141,221,130,114,265,255,132,250,52,40,102,101,100,99,36,105,104,49,108,107,35,112,50,110,61,92,46,47,62,59,121,122,119,120,126,125,124,123,81,45,58,91,53,95,133,143,136,135,51,64,67,142,89,140,134,147,148,149,144,145,146,85,65,80,66,154,183,161,73,218,195,180,156,213,181,72,165,69,167,71,170,169,75,173,172,175,174,78,179,70,177,160,163,184,155,182,189,207,190,212,185,187,193,192,191,194,159,199,200,201,196,197,198,205,206,208,202,203,186,204,82,211,210,188,162,215,214,217,216,158,220,219,90,224,88,222,86,246,256,233,234,231,230,87,228,229,238,239,240,235,236,237,244,245,247,241,242,226,243,271,273,96,254,253,252,251,94,227,260,261,262,257,258,259,264,263,93,269,270,272,266,267,248,268,249,277,278,279,274,275,276,293,330,360,300,346,318,348,366,328,351,345,344,376,280,373,321,333,312,313,359,283,370,380,336,305,304,306,363,308,324,342,371,297,298,327,323,381,379,285,355,332,295,364,315,309,331,365,314,288,357,281,325,320,296,352,368,303,375,356,378,354,369,310,358,291,290,284,377,286,353,374,289,334,349,340,319,338,329,343,299,282,367,372,307,322,326,287,361,335,341,301,311,362,294,350,337,292,347,339,317,302,316
STAB 2 1 -1 9,2,7,6,14,3,4,5,1,16,23,19,20,15,8,10,24,21,18,25,12,13,17,11,22,56,57,41,37,43,42,54,83,84,107,100,32,79,55,102,27,34,33,60,92,130,132,124,135,104,112,126,61,29,39,26,28,59,129,38,131,157,154,166,174,169,164,125,64,149,148,67,62,133,179,167,165,173,44,219,224,147,30,31,210,233,140,134,231,188,46,128,263,252,47,254,123,99,40,103,36,98,101,111,50,136,109,35,108,51,105,137,53,45,91,95,73,58,269,260,266,257,52,68,48,97,222,114,118,115,113,116,74,223,106,49,110,69,72,232,230,87,88,82,71,70,209,168,178,211,175,220,170,63,352,326,117,330,356,229,365,359,238,139,77,138,76,145,153,66,177,78,176,151,65,172,75,146,171,234,235,361,334,367,293,345,244,221,280,241,274,308,277,306,338,340,311,310,354,371,342,346,370,333,284,301,290,296,144,150,85,90,299,295,321,360,282,281,152,80,212,81,143,127,228,366,271,86,180,89,141,142,225,160,163,358,362,181,343,372,187,336,380,190,303,287,302,227,304,251,96,255,94,250,253,248,120,268,276,122,272,279,265,93,264,119,275,261,121,278,256,258,305,193,270,262,191,267,259,185,158,216,322,202,350,316,226,377,379,186,353,357,189,319,215,204,341,368,162,364,203,243,242,273,249,194,339,192,375,201,200,369,335,325,332,348,289,374,373,315,214,300,320,337,327,161,331,347,292,218,314,323,208,155,298,245,309,159,363,199,312,198,236,349,207,205,288,381,291,318,317,183,344,196,294,195,376,239,213,217,184,240,378,283,156,246,182,313,297,206,197,237,355,285,324,329,328,307,351,247,286
STAB 2 1 1 9,1,7,4,10,3,6,5,2,8,13,11,12,15,16,14,24,22,17,25,20,23,18,19,21,41,39,56,55,79,60,26,38,44,36,40,27,43,37,35,32,34,33,42,47,48,52,53,51,49,50,45,46,28,57,54,29,62,63,83,97,74,73,77,78,75,76,95,67,66,65,64,59,58,70,69,72,71,84,90,88,80,31,30,81,87,89,85,86,82,61,68,94,96,92,93,91,108,100,109,107,98,101,106,112,136,103,102,99,135,110,137,124,126,123,125,154,133,271,248,227,256,132,128,130,131,220,113,117,116,114,115,157,221,111,104,105,167,165,225,228,233,224,188,173,179,127,171,176,212,177,222,172,129,290,299,118,300,291,241,281,283,226,138,166,139,164,146,151,149,175,174,178,153,148,170,169,145,168,235,234,287,338,160,180,344,246,223,366,229,273,305,249,304,334,349,335,369,155,297,298,183,313,312,353,341,352,368,143,152,134,219,326,364,161,156,322,365,150,147,211,210,144,209,230,280,269,231,293,140,141,142,232,367,185,378,337,182,309,307,184,363,324,189,375,361,339,266,306,264,252,265,263,250,253,260,119,262,275,122,270,279,255,254,251,120,276,267,121,278,257,259,308,194,272,268,192,261,258,163,215,162,282,159,294,292,238,286,285,199,284,288,190,289,158,201,301,296,216,295,200,240,239,274,277,193,302,191,303,204,203,310,311,314,315,318,319,329,328,332,213,330,331,362,323,321,320,317,316,217,325,327,206,354,342,247,343,202,336,186,333,197,237,340,205,207,357,355,356,348,347,346,345,195,350,196,351,242,214,218,187,243,358,359,360,244,181,370,371,208,198,236,381,379,380,374,373,372,376,245,377
STAB 2 1 -1 9,2,6,7,8,4,3,15,1,16,24,21,22,5,14,10,23,19,12,13,18,25,11,17,20,56,41,57,54,83,84,37,43,42,108,101,29,60,55,99,28,31,30,79,114,91,95,125,136,105,110,123,113,32,39,26,27,118,58,44,53,73,154,69,175,170,72,124,138,146,145,139,117,133,177,167,165,172,38,220,222,144,33,34,211,228,142,143,230,212,115,45,264,253,116,251,126,102,98,36,103,40,100,50,111,135,35,109,107,137,104,51,131,128,130,132,157,129,266,257,269,260,97,48,68,52,224,92,59,46,61,47,74,88,49,106,112,166,164,87,231,232,223,209,168,178,82,71,70,210,174,219,169,63,334,365,62,281,338,234,326,299,235,67,77,64,76,148,66,153,179,176,78,65,151,173,171,149,75,229,238,367,352,361,280,290,241,90,293,244,277,308,274,306,356,354,371,342,340,311,310,284,301,296,346,370,345,333,147,85,150,221,359,321,295,282,360,330,80,152,188,127,134,81,233,287,248,225,160,141,89,140,86,180,181,343,372,163,358,362,190,303,302,187,336,366,380,256,305,254,250,94,255,96,252,271,122,272,279,120,268,276,93,265,263,121,278,258,119,275,227,261,304,191,267,259,193,270,262,189,218,217,364,205,374,381,246,347,317,207,349,329,185,355,214,208,369,335,213,322,206,247,245,249,273,194,378,192,337,198,197,341,368,331,320,286,351,350,294,323,215,283,332,375,314,156,325,377,376,158,327,315,204,183,313,242,324,195,307,196,297,201,239,353,186,202,328,316,344,285,379,155,291,199,373,159,292,236,162,216,182,237,339,300,161,226,184,298,312,203,200,240,319,318,309,357,288,363,289,243,348
STAB 2 1 1 9,1,6,3,10,4,7,15,2,14,25,17,18,5,16,8,23,20,11,13,22,24,12,21,19,57,39,56,55,60,79,26,44,38,103,98,28,83,54,109,29,31,30,84,116,68,97,131,137,106,111,128,115,27,41,37,32,117,63,43,52,74,157,77,176,171,76,132,139,153,151,138,118,129,178,166,164,168,42,221,223,152,34,33,127,232,141,150,225,209,113,48,255,250,114,265,130,107,101,35,108,40,100,49,110,135,36,99,102,136,112,51,125,123,126,124,154,133,248,271,256,227,95,45,91,53,219,61,62,47,92,46,73,90,50,105,104,167,165,86,233,228,222,212,172,177,81,75,78,188,179,224,173,58,345,359,59,283,344,244,330,300,246,64,69,67,72,149,65,146,174,175,70,66,145,169,170,148,71,238,229,366,356,180,160,291,226,88,287,234,249,304,273,305,352,353,368,341,183,312,313,155,298,297,349,369,334,335,134,80,143,220,365,322,156,161,364,326,85,144,210,211,147,82,231,293,266,230,280,142,89,140,87,361,189,339,375,184,324,363,182,307,309,185,337,367,378,269,306,263,253,93,264,96,252,257,121,259,278,120,267,276,94,251,254,122,279,270,119,275,260,262,308,194,268,272,192,258,261,181,214,213,360,195,373,376,235,348,318,196,346,328,187,351,218,198,370,333,217,321,197,237,236,277,274,191,380,193,336,208,206,342,371,327,323,285,355,357,288,320,162,281,325,372,315,295,332,379,381,216,331,314,203,340,310,243,358,205,303,207,296,200,240,354,202,186,329,319,338,286,377,284,290,159,374,199,289,245,215,158,190,247,343,299,282,241,163,301,311,204,201,239,316,317,302,350,294,362,292,242,347
STAB 2 1 1 9,1,4,7,16,6,3,15,2,8,24,22,21,5,10,14,13,11,20,23,17,25,19,18,12,41,56,39,26,38,44,55,79,60,99,101,28,42,37,108,29,30,31,43,113,123,125,95,136,110,105,91,114,27,57,54,32,117,133,84,124,154,73,167,177,172,165,53,139,145,146,138,118,58,175,69,72,170,83,222,220,143,33,34,212,230,142,144,228,211,116,126,251,253,115,264,45,35,98,107,109,100,40,112,106,51,102,103,36,137,49,135,97,68,48,52,74,63,227,256,271,248,131,130,128,132,88,47,62,61,46,92,157,224,104,111,50,77,76,233,86,225,221,127,171,176,188,173,179,81,78,90,75,129,338,281,59,365,334,235,299,326,234,64,166,67,164,65,149,151,70,178,174,148,153,71,168,66,169,241,226,160,290,287,366,352,229,219,180,246,249,305,273,304,291,155,297,298,349,335,369,353,341,368,183,313,344,312,80,134,152,223,283,161,364,322,156,300,147,150,82,209,85,210,87,361,260,232,367,141,140,89,231,293,182,309,307,185,378,337,189,375,339,184,363,280,324,257,308,93,250,263,265,252,96,269,122,270,279,119,262,275,254,255,94,121,278,259,120,276,266,267,306,192,261,258,194,272,268,190,217,218,295,207,329,355,244,317,347,205,340,374,163,381,213,206,310,311,214,282,208,245,247,277,274,193,358,191,362,197,198,301,296,320,331,377,376,294,350,327,158,359,315,303,325,360,314,286,351,215,323,332,201,346,370,239,380,196,372,195,371,204,242,284,199,159,373,292,345,379,285,354,356,186,328,202,316,237,216,162,181,236,302,330,321,238,187,342,333,200,203,243,289,348,343,288,357,336,319,240,318
STAB 2 1 -1 9,2,4,3,14,6,7,15,1,10,25,18,17,5,8,16,13,12,19,23,21,24,20,22,11,39,57,41,37,42,43,54,84,83,109,98,29,38,26,103,28,30,31,44,115,128,131,97,137,111,106,68,116,32,56,55,27,118,129,79,132,157,74,166,178,168,164,52,138,151,153,139,117,63,176,77,76,171,60,223,221,150,34,33,209,225,141,152,232,127,114,130,265,250,113,255,48,36,101,102,99,100,40,104,105,51,107,108,35,136,50,135,95,91,45,53,73,58,260,269,257,266,125,126,123,124,90,46,59,92,47,61,154,219,112,110,49,69,72,231,87,230,220,211,170,175,210,169,174,82,70,88,71,133,344,283,62,359,345,246,300,330,244,67,167,64,165,66,148,145,78,177,179,149,146,75,172,65,173,226,241,280,291,293,367,356,238,224,361,235,277,306,274,308,290,284,296,301,346,333,370,354,342,371,340,310,338,311,85,147,144,222,281,282,360,321,295,299,134,143,81,212,80,188,86,180,227,228,366,142,140,89,233,287,190,302,303,187,380,336,181,372,343,163,362,160,358,271,304,94,253,254,251,252,96,256,121,258,278,119,261,275,263,264,93,122,279,272,120,276,248,268,305,193,262,270,191,259,267,182,213,214,156,196,328,351,234,318,348,195,183,373,184,376,217,197,313,312,218,161,198,236,237,249,273,192,324,194,363,206,208,298,297,323,327,379,381,288,357,331,216,365,314,307,332,364,315,285,355,162,320,325,200,349,369,240,378,207,375,205,368,203,243,155,159,199,374,289,334,377,286,353,352,202,329,186,319,247,158,215,189,245,309,326,322,229,185,341,335,201,204,242,292,347,339,294,350,337,316,239,317
STAB 2 1 1 9,1,3,6,16,7,4,5,2,14,23,20,19,15,10,8,25,17,22,24,11,13,21,12,18,57,56,39,26,44,38,55,60,79,102,100,27,84,54,107,32,33,34,83,61,126,124,132,135,112,104,130,92,28,41,37,29,62,133,42,125,154,157,167,179,173,165,131,67,148,149,64,59,129,174,166,164,169,43,224,219,134,30,31,188,231,140,147,233,210,47,123,254,252,46,263,128,109,40,108,35,101,98,110,49,137,99,36,103,51,106,136,52,48,68,97,74,63,256,227,248,271,53,91,45,95,223,116,117,113,115,114,73,222,105,50,111,77,76,228,225,86,90,81,75,78,212,172,177,127,176,221,171,58,356,330,118,326,352,238,359,365,229,138,69,139,72,151,146,65,178,70,175,145,66,168,71,153,170,244,246,180,345,366,287,334,234,220,160,226,273,304,249,305,344,183,312,313,353,368,341,349,369,335,155,298,291,297,152,143,80,88,300,156,322,364,161,283,144,85,209,82,150,211,232,367,257,87,361,89,142,141,230,280,184,324,363,189,339,375,185,337,378,182,307,293,309,260,308,265,96,264,93,253,250,266,120,267,276,121,259,278,251,94,255,119,275,262,122,279,269,270,306,192,258,261,194,268,272,187,216,158,321,186,357,319,241,379,377,202,354,350,181,316,162,203,342,371,215,360,204,242,243,274,277,191,343,193,372,200,201,370,333,332,325,347,292,373,374,314,218,299,323,336,331,282,327,348,289,214,315,320,198,284,301,236,302,199,362,159,311,208,245,346,196,195,294,376,290,317,318,340,338,207,288,205,381,240,217,213,163,239,380,281,295,235,190,310,296,197,206,247,351,286,358,328,329,303,355,237,285
STAB 2 1 -1 9,2,3,4,8,7,6,5,1,10,13,12,11,15,14,16,25,18,21,24,19,23,22,20,17,39,41,57,54,84,83,37,42,43,35,40,32,44,26,36,27,33,34,38,46,45,53,52,51,50,49,48,47,29,56,55,28,59,58,60,95,73,74,69,70,71,72,97,64,65,66,67,62,63,78,77,76,75,79,88,90,85,31,30,82,86,89,80,87,81,92,91,93,96,61,94,68,103,100,99,102,101,98,105,104,137,108,107,109,135,111,136,132,130,128,131,157,129,257,266,260,269,124,123,126,125,221,115,118,114,116,113,154,220,110,112,106,166,164,230,232,231,219,210,169,174,211,170,175,209,178,223,168,133,291,300,117,299,290,226,283,281,241,139,167,138,165,153,145,148,176,179,177,146,149,171,173,151,172,246,244,293,344,280,361,338,235,222,367,238,274,306,277,308,345,346,333,370,284,296,301,340,310,311,354,342,356,371,150,144,147,224,330,360,282,295,321,359,143,134,127,188,152,212,225,160,256,233,287,140,142,141,228,366,187,380,336,190,302,303,163,362,358,181,372,180,343,248,305,255,252,251,254,253,250,227,119,261,275,121,258,278,264,263,265,120,276,268,122,279,271,272,304,191,259,267,193,262,270,184,162,215,161,199,288,289,229,285,286,159,155,294,182,292,216,200,298,297,158,156,201,239,240,273,249,192,309,194,307,203,204,313,312,315,314,317,316,328,329,325,217,326,327,363,320,322,323,318,319,213,332,331,197,353,341,237,339,186,337,202,335,206,247,183,195,196,350,351,352,347,348,349,334,205,357,207,355,243,218,214,185,242,324,365,364,234,189,369,368,198,208,245,376,377,378,373,374,375,381,236,379
BOUND 2 1 1 1,2,3,4,5,6,7,8,9,10,11,12,13,14,15,16,17,18,19,20,21,22,23,24,25,26,27,28,29,30,31,32,33,34,35,36,37,38,39,40,41,42,43,44,45,46,47,48,49,50,51,52,53,54,55,56,57,58,59,60,61,62,63,64,65,66,67,68,69,70,71,72,73,74,75,76,77,78,79,80,81,82,83,84,85,86,87,88,89,90,91,92,93,94,95,96,97,98,99,100,101,102,103,104,105,106,107,108,109,110,111,112,113,114,115,116,117,118,119,120,121,122,123,124,125,126,127,128,129,130,131,132,133,134,135,136,137,138,139,140,141,142,143,144,145,146,147,148,149,150,151,152,153,154,155,156,157,158,159,160,161,162,163,164,165,166,167,168,169,170,171,172,173,174,175,176,177,178,179,180,181,182,183,184,185,186,187,188,189,190,191,192,193,194,195,196,197,198,199,200,201,202,203,204,205,206,207,208,209,210,211,212,213,214,215,216,217,218,219,220,221,222,223,224,225,226,227,228,229,230,231,232,233,234,235,236,237,238,239,240,241,242,243,244,245,246,247,248,249,250,251,252,253,254,255,256,257,258,259,260,261,262,263,264,265,266,267,268,269,270,271,272,273,274,275,276,277,278,279,280,281,282,283,284,285,286,287,288,289,290,291,292,293,294,295,296,297,298,299,300,301,302,303,304,305,306,307,308,309,310,311,312,313,314,315,316,317,318,319,320,321,322,323,324,325,326,327,328,329,330,331,332,333,334,335,336,337,338,339,340,341,342,343,344,345,346,347,348,349,350,351,352,353,354,355,356,357,358,359,360,361,362,363,364,365,366,367,368,369,370,371,372,373,374,375,376,377,378,379,380,381
BOUND 2 1 -1 2,1,7,4,5,6,3,10,9,8,12,11,13,16,15,14,21,22,20,19,17,18,23,25,24,37,32,29,28,30,31,27,34,33,36,35,26,42,41,40,39,38,44,43,48,47,46,45,50,49,51,53,52,55,54,57,56,63,62,83,92,59,58,67,66,65,64,91,77,78,75,76,74,73,71,72,69,70,84,85,82,81,60,79,80,87,86,90,89,88,68,61,94,93,97,96,95,101,109,100,98,107,108,112,106,105,102,103,99,111,110,104,115,116,113,114,118,117,119,120,122,121,128,132,131,130,211,123,133,126,125,124,129,147,135,137,136,139,138,140,142,141,150,152,151,153,134,149,148,143,145,144,146,157,284,295,154,216,199,280,282,215,184,165,164,167,166,172,173,171,170,168,169,179,176,175,178,177,174,361,189,190,340,163,187,202,185,210,181,182,194,193,192,191,205,207,206,208,159,201,200,186,204,203,195,197,196,198,212,188,127,209,217,218,162,158,213,214,224,221,220,223,222,219,230,241,260,232,238,225,233,228,231,244,246,245,247,229,240,239,226,243,242,234,236,235,237,266,277,253,265,252,250,263,264,269,271,270,272,227,262,261,254,255,251,248,268,267,256,258,257,259,274,273,275,276,249,279,278,160,283,161,281,155,286,285,293,294,292,291,290,289,287,288,156,297,296,301,300,299,298,309,307,308,306,305,303,304,302,313,312,311,310,315,314,319,318,317,316,323,322,321,320,358,332,330,331,329,328,326,327,325,335,345,333,337,336,344,343,183,342,341,339,338,334,349,348,347,346,357,355,356,354,353,351,352,350,324,365,364,180,363,362,360,359,367,366,371,370,369,368,375,374,373,372,381,379,380,377,378,376
BOUND 2 1 -1 9,2,3,4,8,7,6,5,1,10,13,12,11,15,14,16,25,18,21,24,19,23,22,20,17,39,41,57,54,84,83,37,42,43,35,40,32,44,26,36,27,33,34,38,46,45,53,52,51,50,49,48,47,29,56,55,28,59,58,60,95,73,74,69,70,71,72,97,64,65,66,67,62,63,78,77,76,75,79,88,90,85,31,30,82,86,89,80,87,81,92,91,93,96,61,94,68,103,100,99,102,101,98,105,104,137,108,107,109,135,111,136,132,130,128,131,157,129,257,266,260,269,124,123,126,125,221,115,118,114,116,113,154,220,110,112,106,166,164,230,232,231,219,210,169,174,211,170,175,209,178,223,168,133,291,300,117,299,290,226,283,281,241,139,167,138,165,153,145,148,176,179,177,146,149,171,173,151,172,246,244,293,344,280,361,338,235,222,367,238,274,306,277,308,345,346,333,370,284,296,301,340,310,311,354,342,356,371,150,144,147,224,330,360,282,295,321,359,143,134,127,188,152,212,225,160,256,233,287,140,142,141,228,366,187,380,336,190,302,303,163,362,358,181,372,180,343,248,305,255,252,251,254,253,250,227,119,261,275,121,258,278,264,263,265,120,276,268,122,279,271,272,304,191,259,267,193,262,270,184,162,215,161,199,288,289,229,285,286,159,155,294,182,292,216,200,298,297,158,156,201,239,240,273,249,192,309,194,307,203,204,313,312,315,314,317,316,328,329,325,217,326,327,363,320,322,323,318,319,213,332,331,197,353,341,237,339,186,337,202,335,206,247,183,195,196,350,351,352,347,348,349,334,205,357,207,355,243,218,214,185,242,324,365,364,234,189,369,368,198,208,245,376,377,378,373,374,375,381,236,379
CELL 2 2 12
STAB 2 2 1 3,4,6,9,2,1,7,17,10,11,5,15,26,25,16,13,20,23,14,8,22,24,39,44,38,27,12,60,79,56,55,18,21,19,31,34,28,36,48,63,68,103,106,49,116,29,32,47,33,30,76,81,127,57,41,52,97,113,109,40,37,35,61,50,114,92,111,62,180,153,183,152,156,161,155,80,160,66,51,46,64,138,98,137,115,140,142,184,167,182,117,54,120,122,176,192,78,227,136,74,256,43,112,84,99,102,83,110,135,101,100,42,125,123,124,126,248,271,154,133,108,107,73,90,75,53,134,157,132,131,171,221,95,45,77,233,228,225,86,165,105,104,172,177,222,212,128,91,130,173,224,179,188,283,158,159,300,58,65,162,163,59,67,223,88,246,226,313,344,312,297,298,291,168,273,249,305,304,71,186,366,229,187,139,164,70,72,69,287,234,169,148,145,170,368,341,352,353,151,146,149,178,175,174,335,334,369,349,219,166,143,220,322,365,118,129,364,326,280,324,309,307,363,293,89,82,94,87,85,141,231,232,230,339,375,361,189,150,144,147,209,211,210,378,367,337,185,96,93,261,279,306,258,269,270,259,278,257,121,255,251,254,266,267,276,250,253,252,262,260,275,119,268,272,308,194,265,264,263,213,371,181,311,218,217,216,338,237,372,325,331,362,356,240,195,198,201,319,373,294,355,348,202,342,206,203,205,310,286,215,274,277,214,247,243,245,197,200,242,199,244,241,196,318,358,292,284,374,350,376,346,343,191,239,193,323,315,380,289,190,329,357,351,302,236,238,296,333,235,336,317,332,299,359,379,320,303,285,208,345,207,327,314,290,204,281,330,301,360,282,370,340,347,377,354,381,321,328,295,288,316
STAB 2 2 1 3,11,6,5,10,1,7,17,2,4,9,26,15,34,27,12,20,47,36,8,49,33,32,21,19,16,13,61,80,64,62,48,44,38,68,25,63,14,18,28,31,103,106,22,127,76,39,23,24,81,29,30,116,66,35,50,92,155,160,37,40,41,60,52,156,97,161,55,153,180,152,183,114,111,113,79,109,57,46,51,56,167,122,142,182,184,137,140,138,115,192,78,176,98,120,117,54,107,141,67,108,43,112,87,230,102,94,259,162,121,163,42,158,159,229,134,148,310,274,249,256,227,65,85,58,45,126,240,286,201,149,216,93,53,59,105,104,226,88,139,233,228,242,334,335,318,294,96,297,346,320,187,186,272,125,123,147,75,73,135,100,77,74,247,86,243,225,204,333,276,130,211,238,365,306,133,239,303,72,188,370,124,179,165,314,69,71,70,288,372,348,248,205,265,379,336,351,347,356,324,171,357,252,214,222,177,236,354,322,315,319,200,219,168,308,309,358,327,241,146,129,193,185,199,82,89,83,84,90,136,231,232,99,340,208,360,380,331,206,300,213,298,337,377,381,210,363,91,95,263,250,273,264,269,270,110,253,267,101,255,266,254,251,257,312,279,278,175,262,260,215,311,203,283,118,277,170,258,261,209,181,371,119,362,325,221,237,338,234,217,150,218,151,157,355,373,131,143,198,128,195,169,342,202,144,268,145,271,132,275,154,194,174,223,246,376,343,220,172,293,374,280,350,212,364,284,292,244,196,245,173,197,302,305,307,329,166,189,190,289,323,178,352,191,369,291,299,344,359,341,332,317,296,235,368,224,304,290,375,207,345,326,164,285,313,282,316,295,361,281,366,339,353,378,349,367,328,321,301,287,330
STAB 2 2 -1 3,10,1,9,11,6,7,17,4,2,5,26,15,25,13,16,8,39,38,20,44,24,23,22,14,12,27,41,52,51,40,48,49,36,63,34,68,19,18,31,28,106,103,21,127,81,47,32,33,76,30,29,116,97,60,79,57,156,161,55,62,61,35,80,155,66,160,37,152,183,153,180,113,109,114,50,111,92,56,64,46,184,98,137,182,167,142,138,140,115,176,78,192,122,117,120,54,83,136,135,110,112,43,228,233,42,227,256,74,101,77,102,73,75,90,53,95,283,275,96,259,94,125,124,123,126,45,221,300,171,131,157,248,134,100,99,84,88,226,89,230,87,220,307,305,298,309,249,297,293,291,69,71,271,65,58,132,159,158,67,59,163,162,246,225,223,86,168,304,273,130,212,224,313,312,91,222,344,188,72,281,85,70,82,337,187,186,179,339,338,342,93,206,268,299,332,329,301,331,319,201,302,277,214,239,193,235,360,280,363,324,172,241,204,311,294,292,290,219,143,128,177,166,173,165,139,107,104,229,141,232,231,105,287,207,354,289,356,205,286,213,318,314,330,328,164,315,133,148,266,279,276,267,270,269,108,278,264,121,262,263,260,261,258,306,250,253,194,255,254,154,308,170,310,119,252,203,257,251,209,181,371,118,325,362,240,234,372,237,218,151,217,150,216,373,355,149,146,195,129,198,202,348,169,145,265,144,272,147,274,215,175,174,243,247,374,350,242,200,346,376,322,343,211,284,364,358,245,197,244,199,196,357,335,334,351,185,190,189,380,352,191,323,178,359,320,379,303,369,317,336,341,368,236,296,238,333,327,345,208,375,285,210,326,365,366,378,353,349,370,282,288,295,316,361,321,381,367,347,340,377
STAB 2 2 -1 3,2,1,5,4,6,7,17,11,10,9,15,26,34,12,27,8,32,19,20,21,33,47,49,36,13,16,35,50,46,37,18,22,14,28,25,31,38,48,68,63,106,103,44,116,30,23,39,24,29,81,76,127,92,61,80,66,114,111,62,55,60,41,79,113,57,109,40,183,152,180,153,155,160,156,52,161,97,64,56,51,140,122,142,115,138,137,167,184,182,120,54,117,98,192,176,78,94,141,162,259,112,43,104,105,42,107,108,67,121,59,102,65,58,85,45,93,272,215,91,110,83,158,229,159,134,53,216,147,149,201,240,148,126,163,230,87,86,225,82,99,84,200,193,239,211,129,133,130,199,238,70,72,310,73,75,286,123,125,74,77,100,135,243,226,247,88,365,303,306,297,318,320,204,276,96,335,333,186,71,282,90,69,89,210,179,188,187,340,237,202,95,144,203,296,317,323,295,150,143,131,191,194,174,305,307,359,361,241,185,146,242,280,313,119,128,284,285,322,319,294,334,315,346,139,165,227,228,124,136,232,231,233,288,345,349,190,151,145,132,209,212,164,316,321,314,166,249,248,251,250,312,257,270,269,256,253,258,101,262,261,260,263,264,273,279,278,277,255,254,274,118,265,271,311,175,268,267,266,213,371,181,308,217,218,157,372,234,338,362,356,325,331,221,198,195,171,324,355,309,373,342,169,348,205,170,206,283,300,154,275,252,214,246,223,244,196,172,220,173,245,219,197,298,292,358,364,376,343,374,293,350,178,222,177,352,363,289,380,189,351,302,329,357,235,224,368,304,236,332,341,336,379,369,299,291,344,326,207,375,208,290,337,327,168,370,377,347,354,366,281,287,301,330,360,328,367,381,353,339,378
STAB 2 2 -1 1,5,6,11,2,3,7,8,10,9,4,12,13,36,27,26,20,47,34,17,33,49,48,44,38,16,15,62,64,80,61,32,21,19,37,14,35,25,39,41,40,43,42,24,45,50,18,23,22,46,52,51,53,66,63,76,78,65,67,68,31,28,55,29,58,54,59,60,71,72,69,70,75,77,73,56,74,57,81,30,79,86,94,87,85,82,84,89,88,90,93,92,91,83,96,95,97,227,230,160,256,103,102,142,141,112,122,121,163,259,162,106,159,158,229,134,249,274,310,148,108,107,155,182,156,127,126,286,240,201,297,294,192,116,161,233,228,139,138,226,105,104,318,335,334,242,216,120,149,320,346,186,187,308,123,125,309,114,113,100,135,111,109,315,167,314,165,214,357,252,171,324,356,365,265,248,205,348,180,179,370,124,188,225,243,152,153,183,372,288,303,133,239,306,347,351,336,379,238,211,130,333,276,204,177,222,354,236,322,247,200,319,219,168,272,147,327,358,213,298,300,206,337,331,184,140,98,137,115,99,232,231,136,380,360,208,340,199,193,129,241,146,185,381,377,363,210,176,117,261,266,170,258,255,254,101,267,253,110,269,250,270,279,278,175,251,257,312,260,262,311,215,277,118,283,203,273,264,263,280,281,282,275,285,284,128,289,190,287,292,293,290,291,132,296,295,131,220,301,221,299,304,191,302,307,194,305,154,157,119,271,268,313,166,164,321,323,143,212,150,316,209,317,172,326,325,217,330,332,328,224,329,202,145,144,197,223,339,338,237,343,344,341,342,349,151,195,178,345,352,196,350,355,207,353,173,169,218,361,235,359,364,246,362,174,371,374,373,375,181,366,189,368,367,369,378,245,376,198,234,244
STAB 2 2 -1 1,9,6,4,10,3,7,8,2,5,11,13,12,14,16,15,20,23,25,17,24,22,18,21,19,27,26,55,56,79,60,39,44,38,40,36,41,34,32,35,37,43,42,33,53,52,48,47,49,51,50,46,45,57,28,29,54,73,74,31,68,63,62,76,75,78,77,61,72,71,70,69,58,59,65,64,67,66,30,81,80,88,83,84,90,89,87,82,86,85,95,97,96,94,91,93,92,107,99,109,108,103,102,137,136,112,98,101,100,110,135,106,123,125,124,126,133,154,271,248,256,227,113,115,114,116,134,132,157,131,130,128,117,127,111,105,104,165,167,225,233,228,212,222,177,172,221,176,171,224,173,188,179,118,159,158,129,156,155,163,162,161,160,166,138,164,139,174,178,175,149,146,151,168,170,148,145,169,153,187,366,229,186,226,246,183,180,152,234,287,304,249,305,273,353,352,341,368,291,298,297,344,312,313,334,335,349,369,219,223,220,143,322,365,283,300,326,364,209,211,147,144,210,150,140,184,122,142,182,230,232,231,141,189,361,375,339,293,307,309,280,324,363,367,378,185,337,120,192,263,251,265,264,255,254,121,257,278,259,269,279,270,250,253,252,266,267,276,260,262,119,275,194,308,272,268,306,258,261,241,282,281,215,290,292,294,190,289,288,284,199,285,238,286,299,301,201,200,295,216,296,303,302,191,193,277,239,274,240,311,310,203,204,315,314,328,329,319,318,331,330,213,332,242,327,217,325,316,317,321,320,323,342,205,206,343,247,340,237,338,197,333,336,202,354,356,355,357,207,351,350,196,195,345,347,346,348,362,360,359,235,358,243,218,214,181,244,198,208,371,370,380,379,381,236,377,376,245,373,372,374
STAB 2 2 1 1,10,3,11,9,6,7,8,5,2,4,13,12,36,26,27,17,48,38,20,44,49,47,33,34,15,16,63,76,81,68,39,24,25,41,14,40,19,32,37,35,42,43,21,53,51,23,18,22,52,46,50,45,78,62,64,66,75,77,61,60,55,28,56,73,57,74,31,70,69,72,71,65,67,58,29,59,54,80,79,30,89,94,87,90,88,84,86,82,85,96,97,95,83,93,91,92,122,230,163,121,102,103,228,233,106,227,256,160,259,161,112,155,156,182,127,192,308,311,176,101,98,159,229,158,134,116,294,309,297,201,286,249,126,162,141,142,167,165,184,136,137,319,206,205,324,300,248,171,331,356,183,180,274,113,114,240,125,123,109,111,135,100,314,139,315,138,365,348,265,149,242,346,214,252,120,334,357,187,153,371,115,152,140,363,188,179,186,380,289,302,117,307,277,355,350,343,373,293,220,131,342,268,313,145,144,345,375,213,337,298,318,209,174,275,221,325,362,322,200,216,335,247,320,226,225,107,104,124,99,231,232,105,372,359,369,338,291,305,157,280,172,246,374,376,243,223,148,133,279,266,175,278,254,255,108,267,264,110,260,263,262,261,258,170,251,257,203,269,270,310,283,306,154,215,312,194,253,250,241,282,281,272,292,290,132,288,287,190,285,238,284,199,128,301,299,130,211,296,147,295,191,304,303,239,273,193,118,129,271,119,276,204,164,166,330,332,212,143,224,328,219,329,146,217,327,326,321,323,316,150,317,344,177,222,341,210,237,340,339,336,202,197,333,207,173,353,169,354,196,352,351,347,349,195,151,178,364,235,361,360,218,185,358,168,370,381,379,236,366,181,234,198,244,208,245,378,377,368,189,367
STAB 2 2 1 1,2,3,4,5,6,7,8,9,10,11,12,13,14,15,16,17,18,19,20,21,22,23,24,25,26,27,28,29,30,31,32,33,34,35,36,37,38,39,40,41,42,43,44,45,46,47,48,49,50,51,52,53,54,55,56,57,58,59,60,61,62,63,64,65,66,67,68,69,70,71,72,73,74,75,76,77,78,79,80,81,82,83,84,85,86,87,88,89,90,91,92,93,94,95,96,97,98,99,100,101,102,103,104,105,106,107,108,109,110,111,112,113,114,115,116,117,118,119,120,121,122,123,124,125,126,127,128,129,130,131,132,133,134,135,136,137,138,139,140,141,142,143,144,145,146,147,148,149,150,151,152,153,154,155,156,157,158,159,160,161,162,163,164,165,166,167,168,169,170,171,172,173,174,175,176,177,178,179,180,181,182,183,184,185,186,187,188,189,190,191,192,193,194,195,196,197,198,199,200,201,202,203,204,205,206,207,208,209,210,211,212,213,214,215,216,217,218,219,220,221,222,223,224,225,226,227,228,229,230,231,232,233,234,235,236,237,238,239,240,241,242,243,244,245,246,247,248,249,250,251,252,253,254,255,256,257,258,259,260,261,262,263,264,265,266,267,268,269,270,271,272,273,274,275,276,277,278,279,280,281,282,283,284,285,286,287,288,289,290,291,292,293,294,295,296,297,298,299,300,301,302,303,304,305,306,307,308,309,310,311,312,313,314,315,316,317,318,319,320,321,322,323,324,325,326,327,328,329,330,331,332,333,334,335,336,337,338,339,340,341,342,343,344,345,346,347,348,349,350,351,352,353,354,355,356,357,358,359,360,361,362,363,364,365,366,367,368,369,370,371,372,373,374,375,376,377,378,379,380,381
STAB 2 2 1 6,9,1,10,4,3,7,20,11,5,2,16,27,38,13,26,8,39,25,17,24,44,48,49,36,12,15,40,51,52,41,23,22,14,55,19,60,34,47,61,62,112,102,33,126,79,18,32,21,56,80,64,134,97,68,81,78,125,135,63,28,31,37,30,123,54,100,35,186,188,187,179,159,163,158,46,162,92,76,29,50,225,227,228,124,165,104,139,226,229,248,57,133,107,249,148,66,94,233,161,259,106,42,137,136,43,98,101,77,256,74,103,75,73,90,53,96,275,283,95,110,83,156,182,155,127,45,300,221,171,297,309,176,116,160,230,87,89,140,88,99,84,298,305,307,220,157,117,131,291,293,71,69,311,58,65,294,113,114,59,67,109,111,363,184,337,82,214,302,277,201,319,331,313,268,93,206,342,183,70,281,85,72,86,223,153,152,180,338,339,344,91,222,312,301,329,332,299,224,212,130,304,273,168,193,239,360,235,280,246,172,324,241,204,271,132,290,292,213,318,286,205,314,356,167,138,122,142,115,105,231,232,141,289,354,207,287,173,177,128,219,143,166,328,330,315,164,192,120,251,263,203,257,262,260,121,264,278,108,270,279,269,250,253,194,261,258,306,254,255,308,154,252,119,310,170,276,267,266,322,370,366,274,326,364,129,380,189,340,358,346,327,320,147,368,353,149,242,347,240,379,333,178,357,334,175,335,215,216,118,272,265,365,185,210,367,352,146,211,151,378,209,341,200,285,362,218,377,336,381,238,351,169,144,145,196,243,288,372,234,350,303,317,348,361,150,198,191,375,323,197,343,373,208,295,199,202,217,349,236,369,284,247,325,174,371,376,355,345,181,282,190,296,321,359,316,244,374,195,237,245
STAB 2 2 1 6,5,1,2,11,3,7,20,4,9,10,27,16,19,12,15,8,32,34,17,33,21,18,22,14,13,26,37,46,50,35,47,49,36,62,38,61,25,23,60,55,112,102,24,134,80,48,39,44,64,79,56,126,92,31,30,54,158,162,28,63,68,40,81,159,78,163,41,188,186,179,187,123,100,125,51,135,97,29,76,52,226,107,104,229,139,228,165,225,124,148,66,249,227,133,248,57,83,105,111,110,106,42,142,141,43,122,121,59,108,67,103,58,65,85,45,91,215,272,93,259,94,114,115,113,116,53,147,216,149,130,129,120,127,109,99,84,82,184,86,230,87,211,239,193,200,240,192,201,238,199,72,70,119,75,73,128,155,156,77,74,160,161,185,140,210,89,174,191,194,131,143,150,204,203,95,144,202,152,69,282,90,71,88,247,180,183,153,237,340,333,96,335,276,295,323,317,296,320,318,297,303,306,365,307,305,361,359,241,243,242,146,280,313,310,286,285,284,209,212,132,145,164,151,138,167,98,137,182,233,231,232,136,190,349,345,288,346,334,294,322,319,315,321,316,166,314,117,176,266,261,268,267,262,260,101,258,253,256,270,250,269,279,278,277,263,264,273,254,255,118,274,175,311,271,265,312,257,251,219,366,370,154,327,358,309,189,380,339,364,173,326,224,300,379,347,171,172,353,157,368,344,357,178,177,252,222,275,221,308,283,170,168,363,337,381,351,324,298,356,377,213,336,220,290,218,362,378,341,367,291,352,348,206,205,350,246,287,234,372,196,304,332,169,360,331,373,302,208,329,343,197,198,375,301,293,342,325,354,369,236,292,223,217,214,181,245,195,207,371,281,289,299,328,235,330,374,244,355,338,376
STAB 2 2 -1 6,11,3,10,5,1,7,20,9,4,2,27,16,38,26,13,17,48,36,8,49,44,39,24,25,15,12,68,81,76,63,47,33,34,61,19,62,14,23,55,60,102,112,22,134,64,32,18,21,80,56,79,126,78,40,51,97,159,163,41,35,37,31,46,158,92,162,28,179,187,188,186,125,135,123,30,100,54,52,50,29,139,227,228,229,226,104,225,165,124,249,66,148,107,248,133,57,98,233,77,101,42,106,87,230,103,94,259,161,256,160,43,156,155,182,127,176,311,308,192,121,122,75,90,73,53,116,309,294,297,171,300,96,45,74,136,137,184,82,167,141,142,324,205,206,319,286,93,201,356,331,180,183,275,114,113,221,65,58,111,109,67,59,337,89,363,140,313,342,268,131,220,293,214,277,117,307,302,69,152,371,115,153,138,315,72,70,71,289,380,357,120,334,252,373,343,350,355,346,242,149,348,265,365,144,145,375,345,213,314,318,298,209,174,274,240,362,325,280,172,157,305,246,291,88,86,83,84,85,105,232,231,99,338,369,359,372,320,335,216,322,200,247,376,374,223,243,95,91,250,263,194,253,260,262,110,264,267,108,254,266,255,251,257,203,261,258,170,270,269,283,310,312,215,154,306,175,278,279,219,366,370,271,358,327,147,339,340,189,326,224,364,173,129,347,379,130,212,368,132,353,178,333,344,222,276,177,119,128,272,118,273,168,210,185,377,336,211,146,238,381,241,351,143,218,290,285,367,352,378,151,341,303,193,239,317,164,234,287,288,332,169,196,304,208,199,295,202,360,197,323,329,301,361,198,150,191,284,236,349,354,217,166,292,204,281,328,299,235,282,181,237,195,245,207,244,316,330,296,190,321
STAB 2 2 -1 6,4,3,2,9,1,7,20,5,11,10,16,27,19,15,12,17,18,14,8,22,21,32,33,34,26,13,31,30,29,28,23,24,25,60,38,55,36,47,62,61,102,112,49,126,56,39,48,44,79,64,80,134,54,37,46,92,123,100,35,41,40,68,51,125,97,135,63,187,179,186,188,158,162,159,81,163,78,50,52,76,165,107,104,124,225,228,226,139,229,133,57,248,227,148,249,66,122,105,59,121,42,106,84,99,103,83,110,111,108,109,43,114,113,115,116,120,119,118,117,101,98,58,85,65,45,127,129,128,130,149,147,91,53,67,141,142,140,89,138,136,137,146,145,144,143,132,95,131,151,150,153,152,215,156,155,216,73,75,161,160,74,77,210,82,185,184,204,202,203,201,200,199,174,194,192,193,191,70,183,181,182,180,167,166,71,69,72,190,189,178,176,177,175,198,197,196,195,173,172,171,169,170,168,206,205,208,207,209,164,212,211,213,214,154,157,218,217,241,242,240,239,243,238,86,88,94,87,90,233,232,231,230,237,236,235,234,224,222,221,219,220,223,245,244,247,246,93,96,279,261,277,278,260,262,259,258,257,256,254,251,255,266,267,268,263,264,265,270,269,272,271,276,275,274,273,252,253,250,322,370,366,310,364,326,300,340,339,380,327,320,358,346,309,353,368,297,318,379,286,347,357,344,333,335,312,334,311,294,283,308,306,365,337,363,378,341,298,324,291,367,280,352,319,362,285,290,381,351,377,356,336,304,307,305,332,314,372,288,287,317,348,350,303,375,293,301,342,361,343,329,323,295,360,373,331,302,292,369,354,349,325,315,284,313,282,321,296,359,281,371,338,355,376,345,374,330,316,299,289,328
BOUND 2 2 1 1,2,3,4,5,6,7,8,9,10,11,12,13,14,15,16,17,18,19,20,21,22,23,24,25,26,27,28,29,30,31,32,33,34,35,36,37,38,39,40,41,42,43,44,45,46,47,48,49,50,51,52,53,54,55,56,57,58,59,60,61,62,63,64,65,66,67,68,69,70,71,72,73,74,75,76,77,78,79,80,81,82,83,84,85,86,87,88,89,90,91,92,93,94,95,96,97,98,99,100,101,102,103,104,105,106,107,108,109,110,111,112,113,114,115,116,117,118,119,120,121,122,123,124,125,126,127,128,129,130,131,132,133,134,135,136,137,138,139,140,141,142,143,144,145,146,147,148,149,150,151,152,153,154,155,156,157,158,159,160,161,162,163,164,165,166,167,168,169,170,171,172,173,174,175,176,177,178,179,180,181,182,183,184,185,186,187,188,189,190,191,192,193,194,195,196,197,198,199,200,201,202,203,204,205,206,207,208,209,210,211,212,213,214,215,216,217,218,219,220,221,222,223,224,225,226,227,228,229,230,231,232,233,234,235,236,237,238,239,240,241,242,243,244,245,246,247,248,249,250,251,252,253,254,255,256,257,258,259,260,261,262,263,264,265,266,267,268,269,270,271,272,273,274,275,276,277,278,279,280,281,282,283,284,285,286,287,288,289,290,291,292,293,294,295,296,297,298,299,300,301,302,303,304,305,306,307,308,309,310,311,312,313,314,315,316,317,318,319,320,321,322,323,324,325,326,327,328,329,330,331,332,333,334,335,336,337,338,339,340,341,342,343,344,345,346,347,348,349,350,351,352,353,354,355,356,357,358,359,360,361,362,363,364,365,366,367,368,369,370,371,372,373,374,375,376,377,378,379,380,381
BOUND 2 2 -1 6,4,3,2,9,1,7,20,5,11,10,16,27,19,15,12,17,18,14,8,22,21,32,33,34,26,13,31,30,29,28,23,24,25,60,38,55,36,47,62,61,102,112,49,126,56,39,48,44,79,64,80,134,54,37,46,92,123,100,35,41,40,68,51,125,97,135,63,187,179,186,188,158,162,159,81,163,78,50,52,76,165,107,104,124,225,228,226,139,229,133,57,248,227,148,249,66,122,105,59,121,42,106,84,99,103,83,110,111,108,109,43,114,113,115,116,120,119,118,117,101,98,58,85,65,45,127,129,128,130,149,147,91,53,67,141,142,140,89,138,136,137,146,145,144,143,132,95,131,151,150,153,152,215,156,155,216,73,75,161,160,74,77,210,82,185,184,204,202,203,201,200,199,174,194,192,193,191,70,183,181,182,180,167,166,71,69,72,190,189,178,176,177,175,198,197,196,195,173,172,171,169,170,168,206,205,208,207,209,164,212,211,213,214,154,157,218,217,241,242,240,239,243,238,86,88,94,87,90,233,232,231,230,237,236,235,234,224,222,221,219,220,223,245,244,247,246,93,96,279,261,277,278,260,262,259,258,257,256,254,251,255,266,267,268,263,264,265,270,269,272,271,276,275,274,273,252,253,250,322,370,366,310,364,326,300,340,339,380,327,320,358,346,309,353,368,297,318,379,286,347,357,344,333,335,312,334,311,294,283,308,306,365,337,363,378,341,298,324,291,367,280,352,319,362,285,290,381,351,377,356,336,304,307,305,332,314,372,288,287,317,348,350,303,375,293,301,342,361,343,329,323,295,360,373,331,302,292,369,354,349,325,315,284,313,282,321,296,359,281,371,338,355,376,345,374,330,316,299,289,328
BOUND 2 2 -1 3,2,1,5,4,6,7,17,11,10,9,15,26,34,12,27,8,32,19,20,21,33,47,49,36,13,16,35,50,46,37,18,22,14,28,25,31,38,48,68,63,106,103,44,116,30,23,39,24,29,81,76,127,92,61,80,66,114,111,62,55,60,41,79,113,57,109,40,183,152,180,153,155,160,156,52,161,97,64,56,51,140,122,142,115,138,137,167,184,182,120,54,117,98,192,176,78,94,141,162,259,112,43,104,105,42,107,108,67,121,59,102,65,58,85,45,93,272,215,91,110,83,158,229,159,134,53,216,147,149,201,240,148,126,163,230,87,86,225,82,99,84,200,193,239,211,129,133,130,199,238,70,72,310,73,75,286,123,125,74,77,100,135,243,226,247,88,365,303,306,297,318,320,204,276,96,335,333,186,71,282,90,69,89,210,179,188,187,340,237,202,95,144,203,296,317,323,295,150,143,131,191,194,174,305,307,359,361,241,185,146,242,280,313,119,128,284,285,322,319,294,334,315,346,139,165,227,228,124,136,232,231,233,288,345,349,190,151,145,132,209,212,164,316,321,314,166,249,248,251,250,312,257,270,269,256,253,258,101,262,261,260,263,264,273,279,278,277,255,254,274,118,265,271,311,175,268,267,266,213,371,181,308,217,218,157,372,234,338,362,356,325,331,221,198,195,171,324,355,309,373,342,169,348,205,170,206,283,300,154,275,252,214,246,223,244,196,172,220,173,245,219,197,298,292,358,364,376,343,374,293,350,178,222,177,352,363,289,380,189,351,302,329,357,235,224,368,304,236,332,341,336,379,369,299,291,344,326,207,375,208,290,337,327,168,370,377,347,354,366,281,287,301,330,360,328,367,381,353,339,378
BOUND 2 2 1 6,5,1,2,11,3,7,20,4,9,10,27,16,19,12,15,8,32,34,17,33,21,18,22,14,13,26,37,46,50,35,47,49,36,62,38,61,25,23,60,55,112,102,24,134,80,48,39,44,64,79,56,126,92,31,30,54,158,162,28,63,68,40,81,159,78,163,41,188,186,179,187,123,100,125,51,135,97,29,76,52,226,107,104,229,139,228,165,225,124,148,66,249,227,133,248,57,83,105,111,110,106,42,142,141,43,122,121,59,108,67,103,58,65,85,45,91,215,272,93,259,94,114,115,113,116,53,147,216,149,130,129,120,127,109,99,84,82,184,86,230,87,211,239,193,200,240,192,201,238,199,72,70,119,75,73,128,155,156,77,74,160,161,185,140,210,89,174,191,194,131,143,150,204,203,95,144,202,152,69,282,90,71,88,247,180,183,153,237,340,333,96,335,276,295,323,317,296,320,318,297,303,306,365,307,305,361,359,241,243,242,146,280,313,310,286,285,284,209,212,132,145,164,151,138,167,98,137,182,233,231,232,136,190,349,345,288,346,334,294,322,319,315,321,316,166,314,117,176,266,261,268,267,262,260,101,258,253,256,270,250,269,279,278,277,263,264,273,254,255,118,274,175,311,271,265,312,257,251,219,366,370,154,327,358,309,189,380,339,364,173,326,224,300,379,347,171,172,353,157,368,344,357,178,177,252,222,275,221,308,283,170,168,363,337,381,351,324,298,356,377,213,336,220,290,218,362,378,341,367,291,352,348,206,205,350,246,287,234,372,196,304,332,169,360,331,373,302,208,329,343,197,198,375,301,293,342,325,354,369,236,292,223,217,214,181,245,195,207,371,281,289,299,328,235,330,374,244,355,338,376
BOUND 2 2 -1 1,5,6,11,2,3,7,8,10,9,4,12,13,36,27,26,20,47,34,17,33,49,48,44,38,16,15,62,64,80,61,32,21,19,37,14,35,25,39,41,40,43,42,24,45,50,18,23,22,46,52,51,53,66,63,76,78,65,67,68,31,28,55,29,58,54,59,60,71,72,69,70,75,77,73,56,74,57,81,30,79,86,94,87,85,82,84,89,88,90,93,92,91,83,96,95,97,227,230,160,256,103,102,142,141,112,122,121,163,259,162,106,159,158,229,134,249,274,310,148,108,107,155,182,156,127,126,286,240,201,297,294,192,116,161,233,228,139,138,226,105,104,318,335,334,242,216,120,149,320,346,186,187,308,123,125,309,114,113,100,135,111,109,315,167,314,165,214,357,252,171,324,356,365,265,248,205,348,180,179,370,124,188,225,243,152,153,183,372,288,303,133,239,306,347,351,336,379,238,211,130,333,276,204,177,222,354,236,322,247,200,319,219,168,272,147,327,358,213,298,300,206,337,331,184,140,98,137,115,99,232,231,136,380,360,208,340,199,193,129,241,146,185,381,377,363,210,176,117,261,266,170,258,255,254,101,267,253,110,269,250,270,279,278,175,251,257,312,260,262,311,215,277,118,283,203,273,264,263,280,281,282,275,285,284,128,289,190,287,292,293,290,291,132,296,295,131,220,301,221,299,304,191,302,307,194,305,154,157,119,271,268,313,166,164,321,323,143,212,150,316,209,317,172,326,325,217,330,332,328,224,329,202,145,144,197,223,339,338,237,343,344,341,342,349,151,195,178,345,352,196,350,355,207,353,173,169,218,361,235,359,364,246,362,174,371,374,373,375,181,366,189,368,367,369,378,245,376,198,234,244
BOUND 2 2 1 3,11,6,5,10,1,7,17,2,4,9,26,15,34,27,12,20,47,36,8,49,33,32,21,19,16,13,61,80,64,62,48,44,38,68,25,63,14,18,28,31,103,106,22,127,76,39,23,24,81,29,30,116,66,35,50,92,155,160,37,40,41,60,52,156,97,161,55,153,180,152,183,114,111,113,79,109,57,46,51,56,167,122,142,182,184,137,140,138,115,192,78,176,98,120,117,54,107,141,67,108,43,112,87,230,102,94,259,162,121,163,42,158,159,229,134,148,310,274,249,256,227,65,85,58,45,126,240,286,201,149,216,93,53,59,105,104,226,88,139,233,228,242,334,335,318,294,96,297,346,320,187,186,272,125,123,147,75,73,135,100,77,74,247,86,243,225,204,333,276,130,211,238,365,306,133,239,303,72,188,370,124,179,165,314,69,71,70,288,372,348,248,205,265,379,336,351,347,356,324,171,357,252,214,222,177,236,354,322,315,319,200,219,168,308,309,358,327,241,146,129,193,185,199,82,89,83,84,90,136,231,232,99,340,208,360,380,331,206,300,213,298,337,377,381,210,363,91,95,263,250,273,264,269,270,110,253,267,101,255,266,254,251,257,312,279,278,175,262,260,215,311,203,283,118,277,170,258,261,209,181,371,119,362,325,221,237,338,234,217,150,218,151,157,355,373,131,143,198,128,195,169,342,202,144,268,145,271,132,275,154,194,174,223,246,376,343,220,172,293,374,280,350,212,364,284,292,244,196,245,173,197,302,305,307,329,166,189,190,289,323,178,352,191,369,291,299,344,359,341,332,317,296,235,368,224,304,290,375,207,345,326,164,285,313,282,316,295,361,281,366,339,353,378,349,367,328,321,301,287,330
CELL 3 1 24
STAB 3 1 -1 2,1,7,4,5,6,3,10,9,8,12,11,13,16,15,14,21,22,20,19,17,18,23,25,24,37,32,29,28,30,31,27,34,33,36,35,26,42,41,40,39,38,44,43,48,47,46,45,50,49,51,53,52,55,54,57,56,63,62,83,92,59,58,67,66,65,64,91,77,78,75,76,74,73,71,72,69,70,84,85,82,81,60,79,80,87,86,90,89,88,68,61,94,93,97,96,95,101,109,100,98,107,108,112,106,105,102,103,99,111,110,104,115,116,113,114,118,117,119,120,122,121,128,132,131,130,211,123,133,126,125,124,129,147,135,137,136,139,138,140,142,141,150,152,151,153,134,149,148,143,145,144,146,157,284,295,154,216,199,280,282,215,184,165,164,167,166,172,173,171,170,168,169,179,176,175,178,177,174,361,189,190,340,163,187,202,185,210,181,182,194,193,192,191,205,207,206,208,159,201,200,186,204,203,195,197,196,198,212,188,127,209,217,218,162,158,213,214,224,221,220,223,222,219,230,241,260,232,238,225,233,228,231,244,246,245,247,229,240,239,226,243,242,234,236,235,237,266,277,253,265,252,250,263,264,269,271,270,272,227,262,261,254,255,251,248,268,267,256,258,257,259,274,273,275,276,249,279,278,160,283,161,281,155,286,285,293,294,292,291,290,289,287,288,156,297,296,301,300,299,298,309,307,308,306,305,303,304,302,313,312,311,310,315,314,319,318,317,316,323,322,321,320,358,332,330,331,329,328,326,327,325,335,345,333,337,336,344,343,183,342,341,339,338,334,349,348,347,346,357,355,356,354,353,351,352,350,324,365,364,180,363,362,360,359,367,366,371,370,369,368,375,374,373,372,381,379,380,377,378,376
STAB 3 1 -1 2,8,7,12,9,6,3,10,5,1,4,13,11,35,37,32,21,45,42,19,43,50,46,34,33,15,14,58,72,82,91,41,25,24,39,16,40,20,27,26,36,38,44,17,52,51,23,22,18,53,47,49,48,70,59,67,65,71,69,92,83,54,29,57,74,56,73,31,78,77,76,75,66,64,63,28,62,55,85,84,30,89,93,86,88,90,79,87,81,80,96,95,97,60,94,68,61,121,225,184,122,107,108,232,231,105,260,269,280,272,282,104,284,295,190,211,193,304,312,175,98,101,199,238,216,147,114,288,302,296,200,285,277,130,215,142,141,166,164,163,137,136,316,197,195,358,299,266,170,327,352,340,361,273,115,116,239,131,128,99,110,135,100,315,138,314,139,359,347,251,148,243,349,218,252,120,345,350,185,146,368,113,144,140,362,210,174,202,378,292,309,118,303,249,351,357,339,374,287,221,125,341,267,310,151,152,334,372,217,336,301,317,212,179,275,220,332,363,321,201,158,333,237,323,241,230,102,112,132,109,233,228,106,375,365,370,344,290,306,154,160,168,235,373,381,242,222,149,129,278,248,176,279,263,264,103,268,255,111,227,254,261,262,270,171,265,271,204,256,258,313,281,305,157,162,311,191,250,253,226,161,283,259,289,291,124,294,293,182,286,229,155,159,123,298,300,126,127,297,134,156,194,308,307,240,274,192,117,133,257,119,276,203,165,167,326,325,209,150,219,329,224,328,153,213,331,330,322,320,319,143,318,338,178,223,342,188,247,183,343,337,186,206,335,196,169,354,173,353,207,356,355,348,346,205,145,177,360,246,180,364,214,187,324,172,369,376,377,245,367,189,244,208,234,198,236,380,379,371,181,366
STAB 3 1 1 2,9,6,4,8,7,3,10,1,5,12,13,11,16,14,15,19,23,24,21,25,18,22,17,20,32,37,54,57,84,83,41,43,42,40,35,39,33,27,36,26,44,38,34,52,53,45,46,50,51,49,47,48,56,29,28,55,74,73,31,91,58,59,72,71,70,69,92,76,75,78,77,63,62,66,67,64,65,30,82,85,90,60,79,88,89,86,81,87,80,97,95,96,93,68,94,61,102,109,99,103,108,107,136,137,104,101,98,100,111,135,105,128,131,132,130,129,157,257,266,269,260,115,113,116,114,147,124,154,125,126,123,118,211,110,106,112,164,166,230,231,232,209,223,178,168,220,175,170,219,169,210,174,117,199,216,133,295,284,184,215,282,280,167,139,165,138,179,177,176,148,153,145,172,171,149,151,173,146,185,367,238,202,241,235,340,361,144,244,293,308,277,306,274,354,356,342,371,290,301,296,338,311,310,345,333,346,370,224,222,221,150,321,359,281,299,330,360,212,127,134,152,188,143,140,163,121,141,190,225,228,233,142,181,180,372,343,287,303,302,160,358,362,366,380,187,336,120,193,254,265,251,255,264,263,122,271,279,272,256,278,258,253,250,252,248,268,276,227,261,119,275,191,304,259,267,305,270,262,226,161,283,162,291,289,288,182,292,294,155,159,286,229,285,300,298,200,201,156,158,297,307,309,194,192,249,240,273,239,312,313,204,203,314,315,329,328,316,317,327,326,217,325,243,331,213,332,319,318,322,323,320,341,195,197,339,237,183,247,344,206,335,337,186,353,352,351,350,196,355,357,207,205,334,348,349,347,363,364,365,246,324,242,214,218,189,234,208,198,368,369,378,377,376,245,379,381,236,374,375,373
STAB 3 1 1 2,5,6,12,1,7,3,10,8,9,4,11,13,35,32,37,19,46,33,21,34,50,45,43,42,14,15,59,67,85,92,27,17,20,26,16,36,24,41,39,40,44,38,25,48,49,22,23,18,47,53,51,52,65,58,72,70,66,64,91,31,29,54,28,63,55,62,83,75,76,77,78,71,69,74,57,73,56,82,30,84,87,93,86,80,81,79,89,90,88,94,61,68,60,96,97,95,260,225,280,269,108,107,141,142,104,121,122,184,272,215,105,199,216,238,147,277,273,313,149,103,102,284,190,295,211,130,285,239,200,296,288,193,114,282,231,232,138,139,241,106,112,317,333,345,243,158,120,148,323,349,202,185,304,128,131,302,116,115,100,135,110,99,314,166,315,164,218,350,252,170,358,352,359,251,266,195,347,361,174,369,132,210,230,242,144,146,340,375,294,307,129,240,305,348,355,337,377,229,127,126,335,276,203,178,223,353,245,321,237,201,316,224,172,259,134,331,324,217,301,299,197,336,327,163,140,101,136,113,109,228,233,137,378,364,198,183,159,192,133,226,153,187,376,379,362,188,175,118,262,248,171,270,264,263,98,268,250,111,256,253,258,278,279,176,265,271,311,227,261,312,162,249,117,281,204,274,255,254,160,283,161,275,286,155,123,292,182,293,289,287,291,290,124,297,156,125,221,298,220,300,308,194,309,303,191,306,157,154,119,257,267,310,167,165,322,320,150,209,143,319,212,318,168,330,332,213,326,325,329,219,328,186,151,152,206,222,343,344,247,339,338,342,341,346,145,205,177,334,356,207,357,351,196,354,169,173,214,180,246,365,360,235,363,179,368,373,374,372,189,367,181,371,366,370,380,236,381,208,244,234
STAB 3 1 -1 1,5,6,11,2,3,7,8,10,9,4,12,13,36,27,26,20,47,34,17,33,49,48,44,38,16,15,62,64,80,61,32,21,19,37,14,35,25,39,41,40,43,42,24,45,50,18,23,22,46,52,51,53,66,63,76,78,65,67,68,31,28,55,29,58,54,59,60,71,72,69,70,75,77,73,56,74,57,81,30,79,86,94,87,85,82,84,89,88,90,93,92,91,83,96,95,97,227,230,160,256,103,102,142,141,112,122,121,163,259,162,106,159,158,229,134,249,274,310,148,108,107,155,182,156,127,126,286,240,201,297,294,192,116,161,233,228,139,138,226,105,104,318,335,334,242,216,120,149,320,346,186,187,308,123,125,309,114,113,100,135,111,109,315,167,314,165,214,357,252,171,324,356,365,265,248,205,348,180,179,370,124,188,225,243,152,153,183,372,288,303,133,239,306,347,351,336,379,238,211,130,333,276,204,177,222,354,236,322,247,200,319,219,168,272,147,327,358,213,298,300,206,337,331,184,140,98,137,115,99,232,231,136,380,360,208,340,199,193,129,241,146,185,381,377,363,210,176,117,261,266,170,258,255,254,101,267,253,110,269,250,270,279,278,175,251,257,312,260,262,311,215,277,118,283,203,273,264,263,280,281,282,275,285,284,128,289,190,287,292,293,290,291,132,296,295,131,220,301,221,299,304,191,302,307,194,305,154,157,119,271,268,313,166,164,321,323,143,212,150,316,209,317,172,326,325,217,330,332,328,224,329,202,145,144,197,223,339,338,237,343,344,341,342,349,151,195,178,345,352,196,350,355,207,353,173,169,218,361,235,359,364,246,362,174,371,374,373,375,181,366,189,368,367,369,378,245,376,198,234,244
STAB 3 1 -1 1,9,6,4,10,3,7,8,2,5,11,13,12,14,16,15,20,23,25,17,24,22,18,21,19,27,26,55,56,79,60,39,44,38,40,36,41,34,32,35,37,43,42,33,53,52,48,47,49,51,50,46,45,57,28,29,54,73,74,31,68,63,62,76,75,78,77,61,72,71,70,69,58,59,65,64,67,66,30,81,80,88,83,84,90,89,87,82,86,85,95,97,96,94,91,93,92,107,99,109,108,103,102,137,136,112,98,101,100,110,135,106,123,125,124,126,133,154,271,248,256,227,113,115,114,116,134,132,157,131,130,128,117,127,111,105,104,165,167,225,233,228,212,222,177,172,221,176,171,224,173,188,179,118,159,158,129,156,155,163,162,161,160,166,138,164,139,174,178,175,149,146,151,168,170,148,145,169,153,187,366,229,186,226,246,183,180,152,234,287,304,249,305,273,353,352,341,368,291,298,297,344,312,313,334,335,349,369,219,223,220,143,322,365,283,300,326,364,209,211,147,144,210,150,140,184,122,142,182,230,232,231,141,189,361,375,339,293,307,309,280,324,363,367,378,185,337,120,192,263,251,265,264,255,254,121,257,278,259,269,279,270,250,253,252,266,267,276,260,262,119,275,194,308,272,268,306,258,261,241,282,281,215,290,292,294,190,289,288,284,199,285,238,286,299,301,201,200,295,216,296,303,302,191,193,277,239,274,240,311,310,203,204,315,314,328,329,319,318,331,330,213,332,242,327,217,325,316,317,321,320,323,342,205,206,343,247,340,237,338,197,333,336,202,354,356,355,357,207,351,350,196,195,345,347,346,348,362,360,359,235,358,243,218,214,181,244,198,208,371,370,380,379,381,236,377,376,245,373,372,374
STAB 3 1 1 1,10,3,11,9,6,7,8,5,2,4,13,12,36,26,27,17,48,38,20,44,49,47,33,34,15,16,63,76,81,68,39,24,25,41,14,40,19,32,37,35,42,43,21,53,51,23,18,22,52,46,50,45,78,62,64,66,75,77,61,60,55,28,56,73,57,74,31,70,69,72,71,65,67,58,29,59,54,80,79,30,89,94,87,90,88,84,86,82,85,96,97,95,83,93,91,92,122,230,163,121,102,103,228,233,106,227,256,160,259,161,112,155,156,182,127,192,308,311,176,101,98,159,229,158,134,116,294,309,297,201,286,249,126,162,141,142,167,165,184,136,137,319,206,205,324,300,248,171,331,356,183,180,274,113,114,240,125,123,109,111,135,100,314,139,315,138,365,348,265,149,242,346,214,252,120,334,357,187,153,371,115,152,140,363,188,179,186,380,289,302,117,307,277,355,350,343,373,293,220,131,342,268,313,145,144,345,375,213,337,298,318,209,174,275,221,325,362,322,200,216,335,247,320,226,225,107,104,124,99,231,232,105,372,359,369,338,291,305,157,280,172,246,374,376,243,223,148,133,279,266,175,278,254,255,108,267,264,110,260,263,262,261,258,170,251,257,203,269,270,310,283,306,154,215,312,194,253,250,241,282,281,272,292,290,132,288,287,190,285,238,284,199,128,301,299,130,211,296,147,295,191,304,303,239,273,193,118,129,271,119,276,204,164,166,330,332,212,143,224,328,219,329,146,217,327,326,321,323,316,150,317,344,177,222,341,210,237,340,339,336,202,197,333,207,173,353,169,354,196,352,351,347,349,195,151,178,364,235,361,360,218,185,358,168,370,381,379,236,366,181,234,198,244,208,245,378,377,368,189,367
STAB 3 1 1 1,2,3,4,5,6,7,8,9,10,11,12,13,14,15,16,17,18,19,20,21,22,23,24,25,26,27,28,29,30,31,32,33,34,35,36,37,38,39,40,41,42,43,44,45,46,47,48,49,50,51,52,53,54,55,56,57,58,59,60,61,62,63,64,65,66,67,68,69,70,71,72,73,74,75,76,77,78,79,80,81,82,83,84,85,86,87,88,89,90,91,92,93,94,95,96,97,98,99,100,101,102,103,104,105,106,107,108,109,110,111,112,113,114,115,116,117,118,119,120,121,122,123,124,125,126,127,128,129,130,131,132,133,134,135,136,137,138,139,140,141,142,143,144,145,146,147,148,149,150,151,152,153,154,155,156,157,158,159,160,161,162,163,164,165,166,167,168,169,170,171,172,173,174,175,176,177,178,179,180,181,182,183,184,185,186,187,188,189,190,191,192,193,194,195,196,197,198,199,200,201,202,203,204,205,206,207,208,209,210,211,212,213,214,215,216,217,218,219,220,221,222,223,224,225,226,227,228,229,230,231,232,233,234,235,236,237,238,239,240,241,242,243,244,245,246,247,248,249,250,251,252,253,254,255,256,257,258,259,260,261,262,263,264,265,266,267,268,269,270,271,272,273,274,275,276,277,278,279,280,281,282,283,284,285,286,287,288,289,290,291,292,293,294,295,296,297,298,299,300,301,302,303,304,305,306,307,308,309,310,311,312,313,314,315,316,317,318,319,320,321,322,323,324,325,326,327,328,329,330,331,332,333,334,335,336,337,338,339,340,341,342,343,344,345,346,347,348,349,350,351,352,353,354,355,356,357,358,359,360,361,362,363,364,365,366,367,368,369,370,371,372,373,374,375,376,377,378,379,380,381
STAB 3 1 1 5,1,7,11,2,3,6,9,10,8,12,4,13,26,27,36,33,49,17,34,20,47,48,38,44,35,32,64,62,80,61,15,19,21,14,37,16,43,40,41,39,25,24,42,23,18,50,45,46,22,52,53,51,63,66,78,76,55,28,94,92,67,65,59,54,58,29,93,74,57,73,56,77,75,69,70,71,72,87,85,86,79,68,81,30,84,82,90,88,89,60,31,83,91,97,95,96,256,163,160,227,122,121,106,112,141,103,102,230,162,259,142,229,134,159,158,274,249,310,148,107,108,286,294,297,201,200,155,192,127,156,182,240,216,161,228,233,138,139,226,104,105,320,186,346,187,116,149,120,318,334,335,242,309,285,296,308,147,238,280,282,272,225,167,315,165,314,324,356,171,252,214,357,180,248,265,348,205,365,359,372,288,237,109,153,333,243,247,370,124,306,239,133,303,177,354,222,236,113,130,211,152,204,276,347,336,351,379,319,183,126,322,327,358,111,114,219,168,331,300,298,337,206,213,99,241,269,231,199,184,136,137,232,381,363,377,210,115,129,193,140,185,146,380,208,360,340,251,273,258,175,170,261,279,278,260,311,262,215,98,270,250,255,254,266,176,312,257,101,253,267,110,118,277,283,203,117,263,264,100,275,135,281,123,128,284,291,132,290,293,292,287,289,190,125,131,295,299,221,301,220,157,305,154,194,307,191,302,304,313,268,271,119,164,166,212,143,323,321,317,209,316,150,218,329,328,224,332,330,325,217,326,144,349,202,223,197,342,341,188,344,343,338,339,145,345,178,195,151,169,353,173,207,355,196,350,352,172,174,362,179,246,364,235,361,374,371,366,181,375,373,369,367,368,189,244,198,234,245,376,378
STAB 3 1 1 5,8,7,12,10,3,6,9,2,1,11,13,4,37,35,32,33,45,43,34,42,46,50,19,21,27,36,65,70,86,93,40,38,44,39,26,41,17,15,16,14,25,24,20,51,52,48,49,47,53,18,22,23,72,67,59,58,69,71,92,94,66,64,78,77,76,75,61,57,74,56,73,54,29,55,62,28,63,85,87,80,88,91,82,89,90,81,84,79,30,95,96,97,68,83,60,31,108,184,225,107,122,121,231,232,141,269,260,280,215,282,142,285,296,288,200,239,302,268,265,227,256,238,199,147,216,158,190,304,295,211,284,273,201,272,104,105,314,315,109,228,233,321,336,347,218,301,251,252,217,350,237,359,277,229,134,193,297,286,230,259,161,160,164,139,166,138,361,195,266,120,185,345,358,170,148,349,352,243,242,373,159,335,226,364,247,365,333,376,290,157,274,191,117,196,169,338,367,289,300,156,343,257,119,346,186,145,189,327,197,299,323,319,180,283,298,329,246,316,130,114,202,340,317,241,99,103,106,294,163,136,137,112,369,174,181,342,292,194,308,100,214,360,368,244,146,206,149,240,264,176,248,263,279,278,102,312,254,162,98,255,250,270,262,171,175,311,204,101,253,313,281,307,309,111,271,303,261,258,140,135,275,110,287,293,182,132,291,124,128,115,123,113,155,220,221,127,126,131,116,125,306,154,305,129,118,133,249,192,267,310,203,276,167,165,325,326,322,320,213,332,331,330,187,219,224,328,209,150,212,318,143,339,348,337,344,183,210,188,341,223,152,222,144,351,357,207,356,355,354,173,353,178,151,177,334,205,235,363,179,362,168,153,172,324,375,378,245,377,374,372,381,236,380,379,208,234,198,366,370,371
STAB 3 1 -1 5,10,3,11,8,7,6,9,1,2,12,13,4,26,36,27,34,48,44,33,38,47,49,20,17,32,35,66,78,87,94,40,42,43,41,37,39,21,15,14,16,24,25,19,51,53,45,50,46,52,22,18,23,76,64,62,63,77,75,61,93,65,67,70,69,72,71,92,56,73,57,74,55,28,54,59,29,58,80,86,85,90,68,81,89,88,82,79,84,30,97,96,95,91,60,83,31,103,163,230,102,121,122,233,228,142,256,227,160,162,161,141,286,297,294,201,240,309,267,251,260,269,229,159,134,158,216,182,308,156,127,155,274,200,259,112,106,315,314,99,232,231,322,337,348,214,298,265,252,213,357,247,365,249,238,147,192,296,285,225,272,282,280,165,138,167,139,180,205,248,120,187,334,324,171,149,346,356,242,243,374,199,333,241,360,237,359,335,381,291,154,273,194,118,207,173,344,366,292,299,295,339,271,119,349,202,151,181,331,206,300,320,316,361,281,301,328,235,319,126,116,186,183,318,226,109,108,105,288,184,137,136,104,370,179,189,341,289,191,304,100,218,364,371,234,153,197,148,239,255,175,266,254,278,279,107,311,263,215,101,264,253,258,261,170,176,312,203,98,250,310,283,303,302,110,257,307,262,270,140,135,275,111,293,287,190,124,290,132,123,113,128,115,284,221,220,211,130,125,114,131,305,157,306,133,117,129,277,193,268,313,204,276,166,164,332,330,321,323,217,325,327,326,185,224,219,329,212,143,209,317,150,343,347,336,338,340,188,210,342,222,144,223,152,355,350,196,352,351,353,169,354,177,145,178,345,195,246,362,174,363,172,146,168,358,372,380,236,379,373,375,376,245,378,377,198,244,208,367,369,368
STAB 3 1 -1 5,2,3,12,1,7,6,9,8,10,11,4,13,37,32,35,34,50,21,33,19,46,45,42,43,36,27,67,59,85,92,15,20,17,16,26,14,44,40,39,41,24,25,38,23,22,49,48,47,18,53,52,51,58,65,70,72,54,29,93,61,64,66,62,55,63,28,94,73,56,74,57,69,71,77,78,75,76,86,80,87,84,91,82,30,79,81,88,90,89,83,31,60,68,95,97,96,269,184,280,260,121,122,105,104,142,108,107,225,215,272,141,238,147,199,216,273,277,313,149,102,103,285,288,296,200,201,284,193,211,295,190,239,158,282,232,231,139,138,241,112,106,323,202,349,185,114,148,120,317,345,333,243,302,286,297,304,134,229,160,161,259,230,166,314,164,315,358,352,170,252,218,350,361,266,251,347,195,359,365,375,294,247,99,146,335,242,237,369,132,305,240,129,307,178,353,223,245,115,126,127,144,203,276,348,337,355,377,316,340,130,321,331,324,110,116,224,172,327,299,301,336,197,217,109,226,256,233,159,163,137,136,228,376,362,379,188,113,133,192,140,187,153,378,198,364,183,265,274,270,176,171,262,278,279,227,312,261,162,101,258,253,264,263,248,175,311,271,98,250,268,111,117,249,281,204,118,254,255,100,275,135,283,128,123,155,290,124,291,287,289,293,292,182,131,125,156,300,220,298,221,154,306,157,191,303,194,309,308,310,267,257,119,165,167,209,150,320,322,318,212,319,143,214,328,329,219,325,326,332,213,330,152,346,186,222,206,341,342,210,338,339,344,343,151,334,177,205,145,173,354,169,196,351,207,357,356,168,179,363,174,235,360,246,180,373,368,367,189,372,374,370,366,371,181,234,208,244,236,381,380
STAB 3 1 -1 8,9,6,13,2,3,7,1,10,5,12,4,11,39,41,40,42,51,25,43,24,53,52,44,38,35,37,69,73,88,95,14,21,19,15,32,16,34,36,27,26,17,20,33,22,18,50,46,45,23,48,47,49,74,71,75,77,56,57,96,91,72,70,58,29,59,54,93,63,28,62,55,76,78,64,65,66,67,89,82,86,79,97,90,84,30,85,81,80,87,60,83,31,92,68,61,94,227,241,226,256,269,260,137,136,232,98,101,140,281,275,231,287,220,290,299,191,305,203,170,108,107,289,292,298,301,296,291,306,221,300,293,303,295,283,233,228,166,164,160,105,104,325,338,196,235,131,175,266,328,353,341,362,307,288,200,194,211,190,184,215,272,225,165,314,167,315,363,207,176,251,360,355,246,248,265,351,354,364,218,245,285,336,109,168,197,358,343,198,123,192,302,154,240,173,205,188,380,132,114,147,223,311,267,350,237,348,381,329,344,125,326,323,243,111,130,143,153,332,156,297,339,342,330,100,163,122,142,284,280,112,106,141,379,324,374,144,128,118,277,230,361,174,236,371,214,202,252,304,261,149,148,258,270,262,121,204,278,282,103,279,255,250,253,120,171,313,119,102,254,276,135,129,193,161,310,157,264,263,99,259,110,162,124,115,199,155,113,159,182,294,229,286,238,126,116,216,158,127,201,134,117,249,133,308,309,274,239,273,312,268,271,257,139,138,224,219,327,217,316,150,317,209,359,319,318,212,331,213,320,321,322,210,352,340,152,333,206,335,222,183,247,186,337,169,195,151,345,178,145,334,177,356,357,346,347,349,179,146,242,172,180,365,187,185,377,208,234,244,378,376,368,189,369,367,181,370,366,372,373,375
STAB 3 1 -1 8,5,6,12,10,3,7,1,2,9,13,11,4,32,35,37,42,46,34,43,33,45,50,21,19,41,40,70,65,86,93,36,44,38,26,39,27,25,14,16,15,17,20,24,49,48,52,51,53,47,18,23,22,67,72,58,59,64,66,91,96,71,69,75,76,77,78,95,28,63,55,62,29,54,56,73,57,74,82,89,88,80,92,85,87,81,90,30,79,84,61,94,68,97,31,60,83,107,280,225,108,269,260,142,141,232,122,121,184,282,215,231,288,200,285,296,302,239,268,265,256,227,190,284,211,295,299,238,273,216,147,199,304,301,272,105,104,315,314,109,233,228,217,237,350,359,201,252,251,321,347,336,218,193,287,220,277,298,289,140,275,283,226,139,164,138,166,185,345,120,266,361,195,243,148,170,352,349,358,362,376,290,341,160,365,343,364,197,373,159,117,191,274,157,346,145,186,189,286,156,300,247,119,257,196,338,169,367,323,333,158,327,329,246,161,297,319,180,317,114,130,340,202,316,163,100,98,137,292,241,112,106,136,368,146,244,206,294,308,194,99,360,214,369,181,174,342,175,303,263,171,248,264,270,262,101,313,253,281,103,250,255,279,278,176,149,204,311,102,254,312,162,309,307,111,271,240,258,261,230,110,259,135,229,182,293,113,155,123,115,128,124,132,291,134,127,221,125,116,131,126,192,133,249,118,129,154,305,306,276,203,310,267,165,167,320,322,326,325,330,331,332,213,235,143,212,318,150,209,224,328,219,337,351,339,183,344,144,222,335,152,223,188,210,348,355,356,207,357,205,177,334,151,178,173,353,354,187,324,172,242,153,168,179,363,378,375,372,374,377,245,379,380,236,381,371,366,370,234,198,208
STAB 3 1 1 8,10,3,13,5,6,7,1,9,2,12,11,4,39,40,41,43,52,38,42,44,53,51,24,25,37,35,71,75,89,96,36,33,34,27,32,26,19,14,15,16,20,17,21,49,47,46,50,45,48,23,18,22,77,69,73,74,76,78,95,93,70,72,65,64,67,66,91,55,62,28,63,56,57,29,58,54,59,88,86,82,81,97,90,87,80,85,79,30,84,68,94,61,92,60,31,83,98,241,140,101,260,269,228,233,231,227,256,226,281,283,232,289,298,292,301,303,307,276,252,121,122,287,290,220,299,295,293,194,300,221,291,191,296,275,136,137,314,315,100,141,142,326,339,351,360,297,265,251,330,355,343,364,305,190,211,306,200,288,225,272,215,184,167,166,165,164,246,354,248,266,235,353,363,176,175,196,207,362,358,377,284,197,163,214,336,218,341,379,155,133,304,308,129,356,177,183,234,294,158,216,337,271,257,352,340,178,244,332,342,156,325,317,185,162,201,318,187,329,125,131,338,344,328,160,109,107,104,285,280,106,112,105,198,172,367,335,286,274,273,99,359,365,208,366,168,333,170,302,250,149,120,253,262,270,108,204,264,282,102,263,254,261,258,148,171,313,310,103,255,203,161,240,239,135,119,309,278,279,230,110,259,111,182,229,238,123,159,113,124,132,115,128,199,127,134,147,114,126,130,116,249,117,192,154,157,118,193,277,268,312,311,267,138,139,331,213,217,327,321,320,323,322,361,212,143,319,224,219,150,316,209,247,350,237,186,202,222,144,206,188,210,152,223,357,347,346,349,348,334,145,205,173,169,151,195,345,180,242,146,324,179,174,153,243,245,236,380,381,376,378,373,372,375,374,370,181,371,189,368,369
STAB 3 1 1 8,2,3,12,9,6,7,1,5,10,13,4,11,32,37,35,43,50,19,42,21,45,46,33,34,40,41,72,58,82,91,14,24,25,16,39,15,38,36,26,27,20,17,44,22,23,51,52,53,18,47,48,49,59,70,65,67,29,54,93,95,69,71,73,56,74,57,96,62,55,63,28,64,66,76,75,78,77,86,88,89,30,92,85,84,79,90,80,81,87,31,83,60,97,61,68,94,122,280,184,121,260,269,104,105,231,107,108,225,282,272,232,190,211,284,295,304,193,312,175,101,98,288,285,200,296,301,199,277,147,216,238,302,299,215,141,142,164,166,163,136,137,327,340,352,361,130,170,266,316,195,197,358,239,289,298,273,220,287,226,283,275,140,138,315,139,314,243,349,148,251,359,347,185,120,252,350,345,218,364,378,292,343,100,174,341,362,336,368,113,249,303,118,309,151,334,152,372,128,125,221,210,310,267,351,339,357,374,317,202,114,217,332,363,135,131,212,179,323,158,201,237,333,321,109,160,227,228,290,241,106,112,233,373,242,381,222,132,154,306,230,235,168,375,370,365,344,265,191,279,171,176,278,262,270,256,313,258,281,102,261,254,263,264,248,149,204,271,103,255,268,111,157,305,162,311,129,253,250,99,259,110,161,115,124,291,159,123,155,229,286,182,294,293,116,126,300,156,134,297,127,133,192,117,274,240,308,307,194,203,276,119,257,167,165,150,209,325,326,328,224,329,219,360,318,319,143,320,322,331,330,213,223,196,338,188,342,335,206,144,186,337,183,247,178,353,173,354,169,177,205,145,346,348,356,355,207,153,172,324,146,187,214,180,246,376,369,189,367,245,377,198,234,208,244,366,371,181,380,379,236
STAB 3 1 1 9,8,7,13,2,3,6,5,10,1,4,12,11,40,41,39,24,53,43,25,42,51,52,38,44,16,14,73,69,88,95,37,19,21,32,15,35,17,26,27,36,34,33,20,46,50,18,22,23,45,48,49,47,71,74,77,75,70,72,97,83,57,56,54,59,29,58,60,66,67,64,65,78,76,62,55,63,28,90,84,79,86,96,89,82,85,30,87,80,81,93,91,92,31,94,61,68,256,140,226,227,98,101,231,232,136,269,260,241,275,281,137,290,299,287,220,305,191,203,170,107,108,291,293,300,221,125,289,303,301,298,292,306,131,283,228,233,164,166,160,104,105,328,341,353,362,295,266,175,325,196,338,235,194,124,126,307,130,132,99,110,111,109,314,165,315,167,360,355,251,176,363,207,364,265,248,354,351,246,172,198,123,222,225,358,223,168,344,245,285,240,154,302,192,350,348,237,381,190,147,114,197,267,311,173,188,205,380,326,343,296,329,143,153,272,211,323,243,330,297,156,342,339,332,280,230,103,106,128,100,141,142,112,236,214,371,202,284,277,118,163,174,361,379,374,324,144,171,157,258,120,148,261,250,253,102,276,254,135,122,255,279,270,262,149,252,119,313,121,278,204,282,193,129,161,310,304,263,264,184,162,215,259,288,199,115,286,238,229,294,182,159,155,113,200,216,116,134,201,127,158,273,274,239,309,308,249,133,117,257,271,268,312,138,139,217,327,219,224,209,317,150,316,179,322,320,321,213,331,318,212,319,340,169,210,333,152,337,186,336,247,183,335,206,352,178,345,151,195,349,346,347,357,356,334,177,145,359,185,187,218,365,180,242,146,208,377,376,378,244,234,367,369,189,368,375,372,373,370,366,181
STAB 3 1 1 9,1,7,4,10,3,6,5,2,8,13,11,12,15,16,14,24,22,17,25,20,23,18,19,21,41,39,56,55,79,60,26,38,44,36,40,27,43,37,35,32,34,33,42,47,48,52,53,51,49,50,45,46,28,57,54,29,62,63,83,97,74,73,77,78,75,76,95,67,66,65,64,59,58,70,69,72,71,84,90,88,80,31,30,81,87,89,85,86,82,61,68,94,96,92,93,91,108,100,109,107,98,101,106,112,136,103,102,99,135,110,137,124,126,123,125,154,133,271,248,227,256,132,128,130,131,220,113,117,116,114,115,157,221,111,104,105,167,165,225,228,233,224,188,173,179,127,171,176,212,177,222,172,129,290,299,118,300,291,241,281,283,226,138,166,139,164,146,151,149,175,174,178,153,148,170,169,145,168,235,234,287,338,160,180,344,246,223,366,229,273,305,249,304,334,349,335,369,155,297,298,183,313,312,353,341,352,368,143,152,134,219,326,364,161,156,322,365,150,147,211,210,144,209,230,280,269,231,293,140,141,142,232,367,185,378,337,182,309,307,184,363,324,189,375,361,339,266,306,264,252,265,263,250,253,260,119,262,275,122,270,279,255,254,251,120,276,267,121,278,257,259,308,194,272,268,192,261,258,163,215,162,282,159,294,292,238,286,285,199,284,288,190,289,158,201,301,296,216,295,200,240,239,274,277,193,302,191,303,204,203,310,311,314,315,318,319,329,328,332,213,330,331,362,323,321,320,317,316,217,325,327,206,354,342,247,343,202,336,186,333,197,237,340,205,207,357,355,356,348,347,346,345,195,350,196,351,242,214,218,187,243,358,359,360,244,181,370,371,208,198,236,381,379,380,374,373,372,376,245,377
STAB 3 1 -1 9,10,3,13,1,7,6,5,8,2,4,11,12,40,39,41,25,52,44,24,38,51,53,42,43,14,16,74,77,90,97,26,20,17,27,15,36,21,37,32,35,33,34,19,47,49,22,18,23,48,45,50,46,75,73,69,71,78,76,95,60,56,57,55,62,28,63,83,65,64,67,66,70,72,59,54,58,29,88,79,84,87,96,89,81,80,30,86,85,82,94,68,61,31,93,92,91,269,140,241,260,101,98,233,228,137,256,227,226,275,283,136,291,300,293,221,306,194,204,171,102,103,290,287,299,220,131,292,307,298,301,289,305,125,281,232,231,165,167,280,112,106,329,342,354,363,156,248,176,332,207,344,246,191,132,130,303,126,124,109,111,110,99,315,164,314,166,364,351,265,175,362,196,360,251,266,353,355,235,168,208,128,223,230,324,222,172,338,236,286,239,157,309,193,357,347,247,376,182,134,116,206,268,312,169,210,195,378,330,339,297,328,150,146,259,127,320,242,326,296,295,341,343,325,160,225,108,105,123,100,142,141,104,245,218,368,186,155,249,117,184,179,180,377,373,358,152,170,154,270,120,149,262,253,250,107,276,263,135,121,264,278,258,261,148,252,119,310,122,279,203,161,192,133,282,313,308,254,255,163,215,162,272,294,159,113,285,229,238,288,190,199,284,115,201,158,114,147,200,211,216,274,273,240,302,304,277,129,118,271,257,267,311,139,138,213,331,224,219,212,318,143,319,174,321,323,322,217,327,317,209,316,183,173,188,335,144,336,202,337,237,340,333,197,356,177,334,145,205,346,349,348,350,352,345,178,151,365,187,185,214,359,361,243,153,198,379,381,380,234,244,366,370,181,371,372,375,374,369,367,189
STAB 3 1 -1 9,2,3,4,8,7,6,5,1,10,13,12,11,15,14,16,25,18,21,24,19,23,22,20,17,39,41,57,54,84,83,37,42,43,35,40,32,44,26,36,27,33,34,38,46,45,53,52,51,50,49,48,47,29,56,55,28,59,58,60,95,73,74,69,70,71,72,97,64,65,66,67,62,63,78,77,76,75,79,88,90,85,31,30,82,86,89,80,87,81,92,91,93,96,61,94,68,103,100,99,102,101,98,105,104,137,108,107,109,135,111,136,132,130,128,131,157,129,257,266,260,269,124,123,126,125,221,115,118,114,116,113,154,220,110,112,106,166,164,230,232,231,219,210,169,174,211,170,175,209,178,223,168,133,291,300,117,299,290,226,283,281,241,139,167,138,165,153,145,148,176,179,177,146,149,171,173,151,172,246,244,293,344,280,361,338,235,222,367,238,274,306,277,308,345,346,333,370,284,296,301,340,310,311,354,342,356,371,150,144,147,224,330,360,282,295,321,359,143,134,127,188,152,212,225,160,256,233,287,140,142,141,228,366,187,380,336,190,302,303,163,362,358,181,372,180,343,248,305,255,252,251,254,253,250,227,119,261,275,121,258,278,264,263,265,120,276,268,122,279,271,272,304,191,259,267,193,262,270,184,162,215,161,199,288,289,229,285,286,159,155,294,182,292,216,200,298,297,158,156,201,239,240,273,249,192,309,194,307,203,204,313,312,315,314,317,316,328,329,325,217,326,327,363,320,322,323,318,319,213,332,331,197,353,341,237,339,186,337,202,335,206,247,183,195,196,350,351,352,347,348,349,334,205,357,207,355,243,218,214,185,242,324,365,364,234,189,369,368,198,208,245,376,377,378,373,374,375,381,236,379
STAB 3 1 -1 10,8,7,13,5,6,3,2,9,1,11,12,4,41,40,39,44,53,42,38,43,52,51,25,24,26,36,75,71,89,96,35,34,33,32,27,37,20,16,15,14,19,21,17,50,46,47,49,48,45,23,22,18,69,77,74,73,72,70,97,94,78,76,66,67,64,65,68,54,59,29,58,57,56,28,63,55,62,90,87,81,82,95,88,86,85,80,84,30,79,91,93,92,61,83,31,60,101,226,140,98,227,256,232,231,233,260,269,241,283,281,228,292,301,289,298,307,303,276,252,122,121,293,291,221,300,156,287,191,299,220,290,194,297,275,137,136,315,314,100,142,141,330,343,355,364,296,251,265,326,351,339,360,306,182,127,305,201,294,230,259,162,163,166,167,164,165,235,353,266,248,246,354,362,175,176,207,196,363,324,379,155,206,184,218,337,214,342,377,284,129,308,304,133,352,178,340,244,288,216,158,336,257,271,356,183,177,234,325,341,295,332,318,187,215,200,317,185,328,131,125,344,338,329,280,99,102,112,286,160,105,104,106,208,168,366,333,285,273,274,109,365,359,198,367,172,335,171,309,253,148,120,250,261,258,103,203,255,161,107,254,263,262,270,149,170,310,313,108,264,204,282,239,240,135,119,302,279,278,225,111,272,110,190,238,229,128,199,115,132,124,113,123,159,211,147,134,116,130,126,114,277,118,193,157,154,117,192,249,267,311,312,268,139,138,327,217,213,331,322,323,320,321,180,209,150,316,219,224,143,319,212,237,357,247,202,186,223,152,197,210,188,144,222,350,348,349,346,347,345,151,195,169,173,145,205,334,361,243,153,358,174,179,146,242,236,245,378,376,381,380,374,375,372,373,369,189,368,181,371,370
STAB 3 1 -1 10,1,7,11,9,6,3,2,5,8,13,4,12,27,26,36,44,49,20,38,17,48,47,34,33,40,39,76,63,81,68,16,25,24,14,41,15,42,35,37,32,19,21,43,18,23,51,53,52,22,46,45,50,62,78,66,64,28,55,94,97,77,75,74,57,73,56,96,59,54,58,29,67,65,72,71,70,69,87,90,89,30,61,80,79,84,88,85,82,86,31,60,83,95,92,91,93,121,160,163,122,227,256,112,106,233,102,103,230,161,259,228,182,127,155,156,308,192,311,176,98,101,294,286,201,297,298,159,249,134,158,229,309,300,162,142,141,165,167,184,137,136,331,183,356,180,126,171,248,319,205,206,324,240,292,301,274,221,293,241,281,275,140,139,314,138,315,242,346,149,265,365,348,187,120,252,357,334,214,360,380,289,339,100,179,342,363,337,371,115,277,307,117,302,145,345,144,375,123,131,220,188,313,268,355,343,350,373,318,186,116,213,325,362,135,125,209,174,320,216,200,247,335,322,99,280,260,232,291,226,105,104,231,374,243,376,223,124,157,305,225,246,172,372,369,359,338,251,194,278,170,175,279,261,258,269,310,270,283,107,262,263,254,255,266,148,203,257,108,264,267,110,154,306,215,312,133,250,253,109,272,111,282,113,132,290,199,128,284,238,285,190,288,287,114,130,299,295,147,296,211,129,193,118,273,239,304,303,191,204,276,119,271,166,164,143,212,332,330,329,219,328,224,364,317,316,150,323,321,327,326,217,222,207,344,210,341,333,197,152,202,336,340,237,177,354,169,353,173,178,195,151,349,347,352,351,196,146,168,358,153,185,218,361,235,381,370,181,366,236,379,208,244,198,234,367,368,189,378,377,245
STAB 3 1 1 10,9,6,13,1,7,3,2,8,5,11,4,12,41,39,40,38,51,24,44,25,52,53,43,42,36,26,77,74,90,97,16,17,20,15,27,14,33,35,32,37,21,19,34,18,22,49,47,48,23,45,46,50,73,75,71,69,57,56,96,68,76,78,63,28,62,55,94,58,29,59,54,72,70,67,66,65,64,89,81,87,84,95,88,79,30,80,82,85,86,83,60,31,61,91,92,93,260,226,241,269,256,227,136,137,228,101,98,140,283,275,233,293,221,291,300,194,306,204,171,103,102,292,289,301,298,297,290,305,220,299,287,307,156,281,231,232,167,165,280,106,112,332,344,207,246,125,176,248,329,354,342,363,303,294,201,191,127,182,163,162,259,230,164,315,166,314,362,196,175,265,364,351,235,266,251,355,353,360,214,236,286,337,99,172,206,324,339,208,128,193,309,157,239,169,195,210,378,124,116,134,222,312,268,357,247,347,376,328,338,131,330,320,242,110,126,150,146,325,295,296,343,341,326,100,184,121,141,155,160,104,105,142,377,358,373,152,123,117,249,225,180,179,245,368,218,186,252,308,262,148,149,270,258,261,122,203,279,161,108,278,264,253,250,120,170,310,119,107,263,276,135,133,192,282,313,154,255,254,109,272,111,215,132,113,159,284,115,199,190,288,238,285,229,130,114,158,216,211,200,147,118,277,129,304,302,273,240,274,311,267,257,271,138,139,219,224,331,213,319,143,318,212,365,316,317,209,327,217,323,322,321,188,356,183,144,335,197,333,223,340,237,202,336,173,205,145,334,177,151,345,178,352,350,349,348,346,174,153,243,168,361,359,185,187,379,198,244,234,380,381,371,181,370,366,189,369,367,375,374,372
STAB 3 1 1 10,5,6,11,8,7,3,2,1,9,13,12,4,27,36,26,38,47,33,44,34,48,49,17,20,39,40,78,66,87,94,35,43,42,37,41,32,24,16,14,15,21,19,25,50,45,53,51,52,46,22,23,18,64,76,63,62,67,65,68,96,75,77,71,72,69,70,97,29,58,54,59,28,55,57,74,56,73,81,89,90,85,61,80,86,82,88,30,84,79,92,93,91,95,31,83,60,102,160,230,103,256,227,141,142,228,121,122,163,161,162,233,294,201,286,297,309,240,267,251,269,260,182,155,127,156,300,229,274,158,134,159,308,298,259,106,112,314,315,99,231,232,213,247,357,365,200,252,265,322,348,337,214,192,293,221,249,301,292,140,275,281,241,138,165,139,167,187,334,120,248,180,205,242,149,171,356,346,324,363,381,291,342,280,359,339,360,206,374,199,118,194,273,154,349,151,202,181,285,295,299,237,119,271,207,344,173,366,320,335,216,331,328,235,282,296,316,361,318,116,126,183,186,319,184,100,101,136,289,226,104,105,137,371,153,234,197,288,304,191,109,364,218,370,189,179,341,176,307,254,170,266,255,258,261,98,310,250,283,108,253,264,278,279,175,148,203,312,107,263,311,215,302,303,110,257,239,270,262,225,111,272,135,238,190,287,115,284,128,113,123,132,124,290,147,211,220,131,114,125,130,193,129,277,117,133,157,306,305,276,204,313,268,164,166,323,321,330,332,326,327,325,217,246,150,209,317,143,212,219,329,224,336,355,343,340,338,152,223,333,144,222,210,188,347,351,352,196,350,195,178,345,145,177,169,354,353,185,358,168,243,146,172,174,362,380,372,375,373,379,236,377,378,245,376,368,367,369,244,208,198
BOUND 3 1 1 1,2,3,4,5,6,7,8,9,10,11,12,13,14,15,16,17,18,19,20,21,22,23,24,25,26,27,28,29,30,31,32,33,34,35,36,37,38,39,40,41,42,43,44,45,46,47,48,49,50,51,52,53,54,55,56,57,58,59,60,61,62,63,64,65,66,67,68,69,70,71,72,73,74,75,76,77,78,79,80,81,82,83,84,85,86,87,88,89,90,91,92,93,94,95,96,97,98,99,100,101,102,103,104,105,106,107,108,109,110,111,112,113,114,115,116,117,118,119,120,121,122,123,124,125,126,127,128,129,130,131,132,133,134,135,136,137,138,139,140,141,142,143,144,145,146,147,148,149,150,151,152,153,154,155,156,157,158,159,160,161,162,163,164,165,166,167,168,169,170,171,172,173,174,175,176,177,178,179,180,181,182,183,184,185,186,187,188,189,190,191,192,193,194,195,196,197,198,199,200,201,202,203,204,205,206,207,208,209,210,211,212,213,214,215,216,217,218,219,220,221,222,223,224,225,226,227,228,229,230,231,232,233,234,235,236,237,238,239,240,241,242,243,244,245,246,247,248,249,250,251,252,253,254,255,256,257,258,259,260,261,262,263,264,265,266,267,268,269,270,271,272,273,274,275,276,277,278,279,280,281,282,283,284,285,286,287,288,289,290,291,292,293,294,295,296,297,298,299,300,301,302,303,304,305,306,307,308,309,310,311,312,313,314,315,316,317,318,319,320,321,322,323,324,325,326,327,328,329,330,331,332,333,334,335,336,337,338,339,340,341,342,343,344,345,346,347,348,349,350,351,352,353,354,355,356,357,358,359,360,361,362,363,364,365,366,367,368,369,370,371,372,373,374,375,376,377,378,379,380,381
BOUND 3 1 -1 1,5,6,11,2,3,7,8,10,9,4,12,13,36,27,26,20,47,34,17,33,49,48,44,38,16,15,62,64,80,61,32,21,19,37,14,35,25,39,41,40,43,42,24,45,50,18,23,22,46,52,51,53,66,63,76,78,65,67,68,31,28,55,29,58,54,59,60,71,72,69,70,75,77,73,56,74,57,81,30,79,86,94,87,85,82,84,89,88,90,93,92,91,83,96,95,97,227,230,160,256,103,102,142,141,112,122,121,163,259,162,106,159,158,229,134,249,274,310,148,108,107,155,182,156,127,126,286,240,201,297,294,192,116,161,233,228,139,138,226,105,104,318,335,334,242,216,120,149,320,346,186,187,308,123,125,309,114,113,100,135,111,109,315,167,314,165,214,357,252,171,324,356,365,265,248,205,348,180,179,370,124,188,225,243,152,153,183,372,288,303,133,239,306,347,351,336,379,238,211,130,333,276,204,177,222,354,236,322,247,200,319,219,168,272,147,327,358,213,298,300,206,337,331,184,140,98,137,115,99,232,231,136,380,360,208,340,199,193,129,241,146,185,381,377,363,210,176,117,261,266,170,258,255,254,101,267,253,110,269,250,270,279,278,175,251,257,312,260,262,311,215,277,118,283,203,273,264,263,280,281,282,275,285,284,128,289,190,287,292,293,290,291,132,296,295,131,220,301,221,299,304,191,302,307,194,305,154,157,119,271,268,313,166,164,321,323,143,212,150,316,209,317,172,326,325,217,330,332,328,224,329,202,145,144,197,223,339,338,237,343,344,341,342,349,151,195,178,345,352,196,350,355,207,353,173,169,218,361,235,359,364,246,362,174,371,374,373,375,181,366,189,368,367,369,378,245,376,198,234,244
BOUND 3 1 1 5,1,7,11,2,3,6,9,10,8,12,4,13,26,27,36,33,49,17,34,20,47,48,38,44,35,32,64,62,80,61,15,19,21,14,37,16,43,40,41,39,25,24,42,23,18,50,45,46,22,52,53,51,63,66,78,76,55,28,94,92,67,65,59,54,58,29,93,74,57,73,56,77,75,69,70,71,72,87,85,86,79,68,81,30,84,82,90,88,89,60,31,83,91,97,95,96,256,163,160,227,122,121,106,112,141,103,102,230,162,259,142,229,134,159,158,274,249,310,148,107,108,286,294,297,201,200,155,192,127,156,182,240,216,161,228,233,138,139,226,104,105,320,186,346,187,116,149,120,318,334,335,242,309,285,296,308,147,238,280,282,272,225,167,315,165,314,324,356,171,252,214,357,180,248,265,348,205,365,359,372,288,237,109,153,333,243,247,370,124,306,239,133,303,177,354,222,236,113,130,211,152,204,276,347,336,351,379,319,183,126,322,327,358,111,114,219,168,331,300,298,337,206,213,99,241,269,231,199,184,136,137,232,381,363,377,210,115,129,193,140,185,146,380,208,360,340,251,273,258,175,170,261,279,278,260,311,262,215,98,270,250,255,254,266,176,312,257,101,253,267,110,118,277,283,203,117,263,264,100,275,135,281,123,128,284,291,132,290,293,292,287,289,190,125,131,295,299,221,301,220,157,305,154,194,307,191,302,304,313,268,271,119,164,166,212,143,323,321,317,209,316,150,218,329,328,224,332,330,325,217,326,144,349,202,223,197,342,341,188,344,343,338,339,145,345,178,195,151,169,353,173,207,355,196,350,352,172,174,362,179,246,364,235,361,374,371,366,181,375,373,369,367,368,189,244,198,234,245,376,378
BOUND 3 1 -1 5,10,3,11,8,7,6,9,1,2,12,13,4,26,36,27,34,48,44,33,38,47,49,20,17,32,35,66,78,87,94,40,42,43,41,37,39,21,15,14,16,24,25,19,51,53,45,50,46,52,22,18,23,76,64,62,63,77,75,61,93,65,67,70,69,72,71,92,56,73,57,74,55,28,54,59,29,58,80,86,85,90,68,81,89,88,82,79,84,30,97,96,95,91,60,83,31,103,163,230,102,121,122,233,228,142,256,227,160,162,161,141,286,297,294,201,240,309,267,251,260,269,229,159,134,158,216,182,308,156,127,155,274,200,259,112,106,315,314,99,232,231,322,337,348,214,298,265,252,213,357,247,365,249,238,147,192,296,285,225,272,282,280,165,138,167,139,180,205,248,120,187,334,324,171,149,346,356,242,243,374,199,333,241,360,237,359,335,381,291,154,273,194,118,207,173,344,366,292,299,295,339,271,119,349,202,151,181,331,206,300,320,316,361,281,301,328,235,319,126,116,186,183,318,226,109,108,105,288,184,137,136,104,370,179,189,341,289,191,304,100,218,364,371,234,153,197,148,239,255,175,266,254,278,279,107,311,263,215,101,264,253,258,261,170,176,312,203,98,250,310,283,303,302,110,257,307,262,270,140,135,275,111,293,287,190,124,290,132,123,113,128,115,284,221,220,211,130,125,114,131,305,157,306,133,117,129,277,193,268,313,204,276,166,164,332,330,321,323,217,325,327,326,185,224,219,329,212,143,209,317,150,343,347,336,338,340,188,210,342,222,144,223,152,355,350,196,352,351,353,169,354,177,145,178,345,195,246,362,174,363,172,146,168,358,372,380,236,379,373,375,376,245,378,377,198,244,208,367,369,368
BOUND 3 1 -2 1,2,3,4,5,6,7,8,9,10,11,12,13,14,15,16,17,18,19,20,21,22,23,24,25,26,27,28,29,30,31,32,33,34,35,36,37,38,39,40,41,42,43,44,45,46,47,48,49,50,51,52,53,54,55,56,57,58,59,60,61,62,63,64,65,66,67,68,69,70,71,72,73,74,75,76,77,78,79,80,81,82,83,84,85,86,87,88,89,90,91,92,93,94,95,96,97,98,99,100,101,102,103,104,105,106,107,108,109,110,111,112,113,114,115,116,117,118,119,120,121,122,123,124,125,126,127,128,129,130,131,132,133,134,135,136,137,138,139,140,141,142,143,144,145,146,147,148,149,150,151,152,153,154,155,156,157,158,159,160,161,162,163,164,165,166,167,168,169,170,171,172,173,174,175,176,177,178,179,180,181,182,183,184,185,186,187,188,189,190,191,192,193,194,195,196,197,198,199,200,201,202,203,204,205,206,207,208,209,210,211,212,213,214,215,216,217,218,219,220,221,222,223,224,225,226,227,228,229,230,231,232,233,234,235,236,237,238,239,240,241,242,243,244,245,246,247,248,249,250,251,252,253,254,255,256,257,258,259,260,261,262,263,264,265,266,267,268,269,270,271,272,273,274,275,276,277,278,279,280,281,282,283,284,285,286,287,288,289,290,291,292,293,294,295,296,297,298,299,300,301,302,303,304,305,306,307,308,309,310,311,312,313,314,315,316,317,318,319,320,321,322,323,324,325,326,327,328,329,330,331,332,333,334,335,336,337,338,339,340,341,342,343,344,345,346,347,348,349,350,351,352,353,354,355,356,357,358,359,360,361,362,363,364,365,366,367,368,369,370,371,372,373,374,375,376,377,378,379,380,381
BOUND 3 1 2 2,1,7,4,5,6,3,10,9,8,12,11,13,16,15,14,21,22,20,19,17,18,23,25,24,37,32,29,28,30,31,27,34,33,36,35,26,42,41,40,39,38,44,43,48,47,46,45,50,49,51,53,52,55,54,57,56,63,62,83,92,59,58,67,66,65,64,91,77,78,75,76,74,73,71,72,69,70,84,85,82,81,60,79,80,87,86,90,89,88,68,61,94,93,97,96,95,101,109,100,98,107,108,112,106,105,102,103,99,111,110,104,115,116,113,114,118,117,119,120,122,121,128,132,131,130,211,123,133,126,125,124,129,147,135,137,136,139,138,140,142,141,150,152,151,153,134,149,148,143,145,144,146,157,284,295,154,216,199,280,282,215,184,165,164,167,166,172,173,171,170,168,169,179,176,175,178,177,174,361,189,190,340,163,187,202,185,210,181,182,194,193,192,191,205,207,206,208,159,201,200,186,204,203,195,197,196,198,212,188,127,209,217,218,162,158,213,214,224,221,220,223,222,219,230,241,260,232,238,225,233,228,231,244,246,245,247,229,240,239,226,243,242,234,236,235,237,266,277,253,265,252,250,263,264,269,271,270,272,227,262,261,254,255,251,248,268,267,256,258,257,259,274,273,275,276,249,279,278,160,283,161,281,155,286,285,293,294,292,291,290,289,287,288,156,297,296,301,300,299,298,309,307,308,306,305,303,304,302,313,312,311,310,315,314,319,318,317,316,323,322,321,320,358,332,330,331,329,328,326,327,325,335,345,333,337,336,344,343,183,342,341,339,338,334,349,348,347,346,357,355,356,354,353,351,352,350,324,365,364,180,363,362,360,359,367,366,371,370,369,368,375,374,373,372,381,379,380,377,378,376
BOUND 3 1 -2 2,5,6,12,1,7,3,10,8,9,4,11,13,35,32,37,19,46,33,21,34,50,45,43,42,14,15,59,67,85,92,27,17,20,26,16,36,24,41,39,40,44,38,25,48,49,22,23,18,47,53,51,52,65,58,72,70,66,64,91,31,29,54,28,63,55,62,83,75,76,77,78,71,69,74,57,73,56,82,30,84,87,93,86,80,81,79,89,90,88,94,61,68,60,96,97,95,260,225,280,269,108,107,141,142,104,121,122,184,272,215,105,199,216,238,147,277,273,313,149,103,102,284,190,295,211,130,285,239,200,296,288,193,114,282,231,232,138,139,241,106,112,317,333,345,243,158,120,148,323,349,202,185,304,128,131,302,116,115,100,135,110,99,314,166,315,164,218,350,252,170,358,352,359,251,266,195,347,361,174,369,132,210,230,242,144,146,340,375,294,307,129,240,305,348,355,337,377,229,127,126,335,276,203,178,223,353,245,321,237,201,316,224,172,259,134,331,324,217,301,299,197,336,327,163,140,101,136,113,109,228,233,137,378,364,198,183,159,192,133,226,153,187,376,379,362,188,175,118,262,248,171,270,264,263,98,268,250,111,256,253,258,278,279,176,265,271,311,227,261,312,162,249,117,281,204,274,255,254,160,283,161,275,286,155,123,292,182,293,289,287,291,290,124,297,156,125,221,298,220,300,308,194,309,303,191,306,157,154,119,257,267,310,167,165,322,320,150,209,143,319,212,318,168,330,332,213,326,325,329,219,328,186,151,152,206,222,343,344,247,339,338,342,341,346,145,205,177,334,356,207,357,351,196,354,169,173,214,180,246,365,360,235,363,179,368,373,374,372,189,367,181,371,366,370,380,236,381,208,244,234
BOUND 3 1 -2 2,9,6,4,8,7,3,10,1,5,12,13,11,16,14,15,19,23,24,21,25,18,22,17,20,32,37,54,57,84,83,41,43,42,40,35,39,33,27,36,26,44,38,34,52,53,45,46,50,51,49,47,48,56,29,28,55,74,73,31,91,58,59,72,71,70,69,92,76,75,78,77,63,62,66,67,64,65,30,82,85,90,60,79,88,89,86,81,87,80,97,95,96,93,68,94,61,102,109,99,103,108,107,136,137,104,101,98,100,111,135,105,128,131,132,130,129,157,257,266,269,260,115,113,116,114,147,124,154,125,126,123,118,211,110,106,112,164,166,230,231,232,209,223,178,168,220,175,170,219,169,210,174,117,199,216,133,295,284,184,215,282,280,167,139,165,138,179,177,176,148,153,145,172,171,149,151,173,146,185,367,238,202,241,235,340,361,144,244,293,308,277,306,274,354,356,342,371,290,301,296,338,311,310,345,333,346,370,224,222,221,150,321,359,281,299,330,360,212,127,134,152,188,143,140,163,121,141,190,225,228,233,142,181,180,372,343,287,303,302,160,358,362,366,380,187,336,120,193,254,265,251,255,264,263,122,271,279,272,256,278,258,253,250,252,248,268,276,227,261,119,275,191,304,259,267,305,270,262,226,161,283,162,291,289,288,182,292,294,155,159,286,229,285,300,298,200,201,156,158,297,307,309,194,192,249,240,273,239,312,313,204,203,314,315,329,328,316,317,327,326,217,325,243,331,213,332,319,318,322,323,320,341,195,197,339,237,183,247,344,206,335,337,186,353,352,351,350,196,355,357,207,205,334,348,349,347,363,364,365,246,324,242,214,218,189,234,208,198,368,369,378,377,376,245,379,381,236,374,375,373
BOUND 3 1 2 2,8,7,12,9,6,3,10,5,1,4,13,11,35,37,32,21,45,42,19,43,50,46,34,33,15,14,58,72,82,91,41,25,24,39,16,40,20,27,26,36,38,44,17,52,51,23,22,18,53,47,49,48,70,59,67,65,71,69,92,83,54,29,57,74,56,73,31,78,77,76,75,66,64,63,28,62,55,85,84,30,89,93,86,88,90,79,87,81,80,96,95,97,60,94,68,61,121,225,184,122,107,108,232,231,105,260,269,280,272,282,104,284,295,190,211,193,304,312,175,98,101,199,238,216,147,114,288,302,296,200,285,277,130,215,142,141,166,164,163,137,136,316,197,195,358,299,266,170,327,352,340,361,273,115,116,239,131,128,99,110,135,100,315,138,314,139,359,347,251,148,243,349,218,252,120,345,350,185,146,368,113,144,140,362,210,174,202,378,292,309,118,303,249,351,357,339,374,287,221,125,341,267,310,151,152,334,372,217,336,301,317,212,179,275,220,332,363,321,201,158,333,237,323,241,230,102,112,132,109,233,228,106,375,365,370,344,290,306,154,160,168,235,373,381,242,222,149,129,278,248,176,279,263,264,103,268,255,111,227,254,261,262,270,171,265,271,204,256,258,313,281,305,157,162,311,191,250,253,226,161,283,259,289,291,124,294,293,182,286,229,155,159,123,298,300,126,127,297,134,156,194,308,307,240,274,192,117,133,257,119,276,203,165,167,326,325,209,150,219,329,224,328,153,213,331,330,322,320,319,143,318,338,178,223,342,188,247,183,343,337,186,206,335,196,169,354,173,353,207,356,355,348,346,205,145,177,360,246,180,364,214,187,324,172,369,376,377,245,367,189,244,208,234,198,236,380,379,371,181,366
BOUND 3 1 -2 8,2,3,12,9,6,7,1,5,10,13,4,11,32,37,35,43,50,19,42,21,45,46,33,34,40,41,72,58,82,91,14,24,25,16,39,15,38,36,26,27,20,17,44,22,23,51,52,53,18,47,48,49,59,70,65,67,29,54,93,95,69,71,73,56,74,57,96,62,55,63,28,64,66,76,75,78,77,86,88,89,30,92,85,84,79,90,80,81,87,31,83,60,97,61,68,94,122,280,184,121,260,269,104,105,231,107,108,225,282,272,232,190,211,284,295,304,193,312,175,101,98,288,285,200,296,301,199,277,147,216,238,302,299,215,141,142,164,166,163,136,137,327,340,352,361,130,170,266,316,195,197,358,239,289,298,273,220,287,226,283,275,140,138,315,139,314,243,349,148,251,359,347,185,120,252,350,345,218,364,378,292,343,100,174,341,362,336,368,113,249,303,118,309,151,334,152,372,128,125,221,210,310,267,351,339,357,374,317,202,114,217,332,363,135,131,212,179,323,158,201,237,333,321,109,160,227,228,290,241,106,112,233,373,242,381,222,132,154,306,230,235,168,375,370,365,344,265,191,279,171,176,278,262,270,256,313,258,281,102,261,254,263,264,248,149,204,271,103,255,268,111,157,305,162,311,129,253,250,99,259,110,161,115,124,291,159,123,155,229,286,182,294,293,116,126,300,156,134,297,127,133,192,117,274,240,308,307,194,203,276,119,257,167,165,150,209,325,326,328,224,329,219,360,318,319,143,320,322,331,330,213,223,196,338,188,342,335,206,144,186,337,183,247,178,353,173,354,169,177,205,145,346,348,356,355,207,153,172,324,146,187,214,180,246,376,369,189,367,245,377,198,234,208,244,366,371,181,380,379,236
