META 17 307 1,1,2,1
CELL 0 1 24
STAB 0 1 1 2,1,7,4,5,6,3,10,9,8,12,11,13,16,15,14,21,22,20,19,17,18,23,25,24,37,32,29,28,30,31,27,34,33,36,35,26,42,41,40,39,38,44,43,48,47,46,45,50,49,51,53,52,55,54,57,56,63,62,83,92,59,58,67,66,65,64,91,77,78,75,76,74,73,71,72,69,70,84,85,82,81,60,79,80,87,86,90,89,88,68,61,94,93,97,96,95,101,109,100,98,107,108,112,106,105,102,103,99,111,110,104,115,116,113,114,118,117,119,121,120,127,131,130,129,211,122,132,125,124,123,128,147,134,136,135,138,137,139,140,142,141,150,152,151,153,133,149,148,143,145,144,146,157,268,277,154,216,199,266,267,215,184,165,164,167,166,172,173,171,170,168,169,179,176,175,178,177,174,304,189,190,300,163,187,202,185,210,181,182,194,193,192,191,205,207,206,208,159,201,200,186,204,203,195,197,196,198,212,188,126,209,217,218,162,158,213,214,224,221,220,223,222,219,242,254,232,237,251,241,240,227,243,245,244,246,228,239,238,231,230,225,233,235,234,236,257,259,258,260,229,253,252,226,256,255,247,249,248,250,265,264,263,262,261,160,161,155,275,276,274,273,272,271,269,270,156,279,278,283,282,281,280,287,286,285,284,291,290,289,288,302,294,293,298,297,296,295,301,183,299,292,307,180,306,305,303
STAB 0 1 1 2,1,4,7,15,3,6,16,9,8,21,22,24,10,5,14,12,11,17,18,20,19,25,23,13,37,29,32,27,34,33,28,30,31,99,108,55,43,41,101,56,79,60,42,122,113,114,91,105,110,135,95,124,26,54,57,39,132,117,84,115,118,58,138,145,146,137,45,167,177,172,165,154,73,170,72,69,175,83,144,211,212,44,38,143,230,227,222,121,220,125,116,236,235,123,264,53,40,107,98,100,109,35,106,112,50,103,102,36,104,49,111,92,61,47,46,59,62,120,89,119,129,130,131,127,82,48,63,68,52,97,128,150,136,134,51,67,64,142,141,139,140,147,133,149,148,152,151,153,80,66,85,65,157,300,267,74,214,205,304,277,217,189,76,164,77,166,75,171,173,71,169,168,176,179,70,174,78,178,266,184,163,268,190,181,196,182,209,187,185,192,193,194,191,199,159,201,200,207,206,208,195,197,198,186,204,202,203,81,126,188,210,215,162,218,213,158,216,221,224,88,219,90,223,234,248,231,243,257,240,241,86,237,228,239,238,245,244,246,232,87,233,225,93,242,94,251,229,253,252,259,258,260,247,249,250,226,256,254,255,261,96,262,263,265,279,269,285,303,282,292,297,298,288,161,294,307,160,289,291,276,305,302,296,301,155,295,283,180,278,271,280,270,306,272,273,287,284,286,299,183,274,156,290,293,281,275
STAB 0 1 1 2,1,3,6,5,4,7,16,9,14,19,20,23,10,15,8,18,17,11,12,22,21,13,24,25,54,32,29,28,31,30,27,33,34,102,107,55,83,57,100,56,60,79,84,125,61,92,129,104,112,134,131,123,26,37,41,39,132,62,42,46,59,128,67,148,149,64,127,167,179,173,165,154,157,169,164,166,174,43,147,210,188,38,44,133,231,240,224,119,219,122,47,239,238,124,263,130,98,108,40,101,35,109,49,110,111,36,99,103,105,106,50,114,113,116,115,118,117,89,120,121,91,53,95,45,209,68,63,48,97,52,58,85,51,135,136,138,137,140,139,141,142,144,143,146,145,80,65,66,152,153,150,151,73,301,275,74,215,202,289,303,216,185,76,72,77,69,171,75,172,168,170,71,78,177,178,175,176,70,278,182,181,286,187,163,199,184,82,190,189,192,191,194,193,196,195,198,197,186,203,204,159,200,201,207,208,205,206,126,81,212,211,214,213,158,162,218,217,90,222,223,220,221,88,237,251,230,242,254,227,86,241,234,233,236,235,225,94,93,87,232,228,245,246,243,244,248,247,250,249,226,255,256,229,252,253,259,260,257,258,265,262,96,264,261,290,307,299,277,306,283,284,287,280,156,305,269,180,304,274,293,294,271,272,300,183,273,292,160,266,302,288,281,282,296,295,298,297,268,285,155,291,161,279,276,270,267
STAB 0 1 1 2,1,6,3,15,7,4,10,9,14,18,17,25,16,5,8,19,20,22,21,11,12,24,13,23,54,29,32,27,33,34,28,31,30,103,109,26,84,57,98,39,44,38,83,68,116,115,127,111,106,136,130,97,55,37,41,56,63,117,43,114,118,128,138,153,151,137,129,77,176,171,76,74,157,168,164,166,178,42,150,209,126,79,60,152,232,241,221,120,223,48,113,244,246,52,262,131,100,35,101,40,108,107,110,49,104,99,36,102,50,112,105,46,47,61,92,59,62,121,119,89,45,95,53,91,210,125,132,122,123,124,58,144,135,51,134,67,64,141,142,140,139,85,80,65,66,143,146,145,133,148,147,149,73,286,303,154,217,196,278,275,214,182,165,72,167,69,173,172,75,169,71,170,177,78,174,70,179,175,289,185,187,301,181,190,205,189,211,163,184,194,191,192,193,202,186,203,204,195,198,197,207,208,206,159,200,199,201,188,212,81,82,216,158,213,218,162,215,222,90,219,88,224,220,243,257,87,234,248,86,227,240,242,225,94,93,233,236,235,230,231,245,228,238,237,239,254,226,255,256,247,250,249,259,260,258,229,252,251,253,261,263,264,96,265,180,156,183,267,293,291,295,296,302,307,281,161,290,266,292,306,270,288,298,268,299,297,274,279,304,280,271,305,276,287,284,272,273,300,155,285,283,269,160,282,294,277
STAB 0 1 1 3,7,6,2,9,1,4,17,15,22,16,10,28,18,5,21,20,19,14,8,11,12,29,31,30,55,24,33,34,32,27,25,13,23,44,79,26,99,113,117,116,103,106,110,68,39,56,122,60,38,137,143,152,54,37,114,115,48,98,108,41,101,125,135,52,123,136,132,181,176,195,126,213,218,207,212,190,177,105,124,165,76,109,111,97,233,245,247,59,259,63,57,240,86,153,265,145,89,50,118,119,43,112,83,36,102,84,49,104,35,107,42,46,47,92,61,120,121,62,40,100,58,144,146,91,188,128,129,127,151,150,45,95,138,140,139,141,142,67,64,51,134,65,66,85,80,130,53,131,149,147,148,133,217,307,285,214,73,172,269,279,154,167,209,211,182,189,197,196,198,206,208,205,178,192,194,193,191,175,299,187,185,290,77,166,170,69,72,163,184,174,179,78,70,203,204,202,186,171,75,173,168,71,169,201,199,200,159,210,164,81,82,158,216,74,157,162,215,248,250,258,260,249,257,227,220,236,230,222,246,243,244,94,93,242,225,232,87,231,234,235,241,239,237,238,228,255,256,254,226,221,90,224,223,88,219,253,251,252,229,264,96,261,263,262,156,180,161,300,292,281,280,271,294,286,291,183,301,268,293,273,284,282,283,266,289,274,297,275,277,295,296,272,287,276,270,305,306,267,160,303,298,278,155,288,302,304
STAB 0 1 1 3,7,4,1,9,2,6,18,15,21,8,14,29,17,5,22,12,11,10,16,19,20,28,30,31,37,24,33,34,27,32,25,23,13,84,43,54,108,114,118,115,109,111,105,127,57,41,91,42,83,138,144,150,26,55,113,116,129,98,99,56,101,45,135,131,53,136,58,182,178,196,209,214,217,205,211,189,175,110,95,72,164,103,106,130,234,243,248,62,257,128,39,87,231,151,261,146,119,112,117,89,79,50,38,107,35,44,104,49,102,36,60,61,92,47,46,120,121,59,100,40,132,143,145,122,82,63,48,68,153,152,125,124,137,139,140,141,142,64,67,134,51,148,149,133,147,97,123,52,66,80,65,85,218,267,300,213,154,170,277,304,73,69,126,212,181,190,198,195,197,208,206,207,176,191,193,194,192,177,268,184,163,266,166,77,172,167,165,185,187,78,70,174,179,200,201,159,199,168,169,71,171,173,75,204,186,203,202,81,76,210,188,215,162,157,74,216,158,247,249,260,258,250,259,230,222,235,227,220,244,245,246,238,239,228,237,241,240,86,233,236,232,93,225,94,242,252,253,229,251,223,219,88,221,224,90,256,226,255,254,264,263,265,96,262,275,278,303,285,288,293,274,283,282,183,302,286,155,299,281,287,272,294,271,290,160,280,298,156,269,296,295,284,273,305,306,276,270,307,289,161,297,180,301,292,291,279
STAB 0 1 1 3,7,2,6,5,4,1,18,15,22,20,19,30,17,9,21,16,10,11,12,14,8,31,29,28,55,33,24,25,13,23,34,32,27,104,112,54,110,113,89,115,111,109,99,128,92,61,132,102,107,139,145,151,26,37,114,116,129,121,105,46,120,125,141,147,133,142,122,182,191,197,209,214,218,206,212,190,194,108,148,188,210,106,103,149,235,244,249,40,258,127,47,228,237,150,96,143,117,43,119,118,50,79,36,83,60,49,84,44,42,38,35,41,57,39,56,101,98,100,59,62,91,146,144,58,165,68,48,63,152,153,45,65,140,138,137,135,136,51,134,67,64,95,130,53,131,66,85,80,97,52,124,123,217,290,279,213,215,203,299,285,158,187,126,211,181,189,195,198,196,207,205,208,192,178,177,175,176,193,269,167,77,307,185,163,200,184,82,166,69,78,179,174,70,172,171,75,173,204,202,186,201,199,159,168,71,170,169,76,81,164,72,154,74,216,162,157,73,250,248,259,257,247,260,238,252,234,94,255,243,246,245,230,232,87,231,93,242,225,236,233,239,241,86,227,240,222,221,90,224,256,254,226,253,251,229,223,88,220,219,262,265,263,261,264,301,286,289,304,273,298,270,276,295,180,272,278,156,277,297,292,302,296,305,267,161,306,293,155,268,294,282,291,288,271,280,283,274,266,303,160,281,183,275,287,284,300
STAB 0 1 1 3,7,1,4,5,6,2,17,15,21,12,11,31,18,9,22,8,14,19,20,10,16,30,28,29,37,33,24,25,23,13,34,27,32,49,50,26,105,114,119,116,106,103,108,63,47,46,58,35,36,140,146,153,54,55,113,115,48,121,110,61,120,45,141,80,85,142,91,181,192,198,126,213,217,208,211,189,193,99,65,82,81,111,109,66,236,246,250,100,260,68,92,242,225,152,263,144,118,79,89,117,112,43,107,38,42,104,44,84,60,83,102,56,39,57,41,101,98,40,62,59,122,145,143,132,72,127,129,128,150,151,125,148,139,137,138,135,136,134,51,64,67,124,97,123,52,149,133,147,130,131,95,53,218,266,304,214,158,200,268,300,215,184,209,212,182,190,196,197,195,205,207,206,191,176,175,177,178,194,277,69,166,267,163,185,203,187,188,77,167,174,70,78,179,170,168,169,71,201,159,199,204,186,202,171,173,172,75,164,210,76,165,73,157,162,216,74,154,249,247,257,259,248,258,94,255,233,238,252,245,244,243,227,241,240,86,239,228,237,235,234,93,232,231,230,87,220,223,219,88,253,229,251,256,226,254,221,224,222,90,262,261,96,265,264,155,183,160,279,287,297,306,305,296,278,284,180,275,269,298,288,291,295,276,307,303,270,281,301,299,282,294,302,292,283,274,271,280,290,161,289,293,286,156,273,272,285
STAB 0 1 1 4,6,7,2,9,1,3,11,5,20,16,10,27,12,15,19,22,21,8,14,17,18,32,34,33,55,23,30,31,29,28,13,25,24,38,60,26,102,61,62,47,36,49,112,48,39,56,125,79,44,64,133,80,37,54,92,46,68,40,107,57,100,122,134,97,124,51,132,163,78,159,81,162,158,186,188,187,179,104,123,165,76,35,50,52,228,225,229,118,226,63,41,227,241,66,261,148,120,111,59,121,83,110,43,103,99,42,106,105,109,108,84,115,116,114,113,89,119,117,98,101,128,147,149,129,212,58,91,45,65,85,127,131,67,142,141,139,140,138,137,136,135,151,153,150,152,53,130,95,146,144,145,143,216,269,299,215,157,173,307,290,154,167,82,210,184,185,200,199,201,203,204,202,70,192,194,191,193,174,285,190,189,279,77,69,169,166,164,181,182,175,177,176,178,206,208,205,207,75,171,172,71,168,170,198,196,197,195,211,72,126,209,218,217,74,73,213,214,251,253,255,256,252,254,240,219,239,231,224,93,242,94,244,246,243,245,87,232,230,237,238,86,236,234,235,233,258,260,257,259,90,221,222,88,223,220,250,248,249,247,263,262,265,264,96,161,160,156,301,283,270,288,302,305,268,274,155,300,286,276,295,297,306,292,278,304,291,284,267,303,273,272,296,298,293,281,294,282,275,180,277,287,266,183,280,271,289
STAB 0 1 1 4,6,3,1,9,2,7,12,5,19,14,8,32,11,15,20,18,17,10,16,21,22,27,33,34,54,23,30,31,28,29,13,24,25,42,83,37,107,92,59,46,35,50,104,45,41,57,129,84,43,67,147,85,26,55,61,47,91,40,102,56,100,127,134,95,130,51,128,184,70,199,82,215,216,202,210,185,174,112,131,164,72,36,49,53,237,242,251,117,254,58,39,232,230,65,265,149,121,110,62,120,60,111,44,108,109,38,105,106,99,103,79,113,114,116,115,89,119,118,101,98,132,133,148,125,209,63,68,48,66,80,122,123,64,141,142,139,140,137,138,135,136,145,146,143,144,52,124,97,153,152,151,150,158,275,301,162,154,169,303,289,157,166,81,188,163,187,201,159,200,204,203,186,78,193,191,194,192,179,286,182,181,278,69,77,173,167,165,189,190,176,178,175,177,197,198,195,196,71,170,168,75,172,171,208,207,206,205,126,76,211,212,214,213,73,74,217,218,229,252,256,255,253,226,231,224,238,240,219,94,225,93,235,236,233,234,86,227,241,228,239,87,246,245,244,243,249,250,247,248,88,220,223,90,222,221,260,259,258,257,263,264,261,262,96,267,266,277,299,280,276,291,292,306,155,271,268,183,285,270,298,296,305,302,279,180,288,287,161,307,272,273,297,295,294,282,293,281,269,304,156,284,160,300,283,274,290
STAB 0 1 1 4,6,2,7,15,3,1,12,5,20,22,21,33,11,9,19,16,10,17,18,8,14,34,32,27,55,30,23,13,25,24,31,29,28,105,110,37,112,61,120,46,50,35,102,58,114,113,132,99,108,141,148,65,26,54,92,47,91,119,104,115,89,122,139,144,143,140,125,184,193,200,82,215,158,203,188,187,194,107,145,212,211,49,36,146,238,94,252,98,255,45,116,233,234,85,262,133,62,83,121,59,111,60,103,43,79,106,42,38,84,44,109,57,41,39,56,100,40,101,118,117,129,149,147,128,165,48,68,63,80,66,127,151,142,67,64,134,51,136,135,138,137,131,53,130,95,153,150,152,52,97,123,124,216,279,290,162,214,206,285,299,218,190,81,210,163,185,159,201,199,186,202,204,192,70,179,174,78,191,307,167,77,269,189,181,197,182,209,69,166,176,177,175,178,173,75,171,172,208,205,207,198,196,195,71,168,169,170,76,126,72,164,154,74,217,213,73,157,253,251,226,254,229,256,235,249,237,244,258,242,93,225,231,87,232,230,246,243,245,239,228,236,86,241,240,227,224,90,221,222,260,257,259,250,248,247,88,223,219,220,96,261,264,265,263,300,268,304,289,295,287,281,293,273,160,296,266,161,303,284,283,271,272,294,275,156,282,276,183,286,305,306,274,280,302,288,292,291,278,277,180,270,155,267,298,297,301
STAB 0 1 1 4,6,1,3,15,7,2,11,5,19,18,17,34,12,9,20,14,8,21,22,10,16,33,27,32,54,30,23,13,24,25,31,28,29,106,111,26,104,92,121,47,49,36,107,63,116,115,128,109,103,142,149,66,37,55,61,46,68,119,112,113,89,127,139,152,150,140,129,163,192,201,81,162,216,204,210,185,191,102,151,209,126,50,35,153,239,93,253,101,256,48,114,243,245,80,264,147,59,60,120,62,110,83,108,44,84,105,38,42,79,43,99,56,39,41,57,100,40,98,117,118,125,148,133,132,164,45,91,58,85,65,122,145,141,64,67,134,51,135,136,137,138,123,52,124,97,146,143,144,53,95,131,130,158,278,289,215,218,197,286,301,214,182,82,188,184,187,199,200,159,202,186,203,193,78,174,179,70,194,303,166,69,275,181,189,206,190,212,77,167,175,178,176,177,169,71,170,168,198,195,196,208,207,205,75,172,173,171,72,211,76,165,157,73,213,217,74,154,252,229,254,226,251,255,244,258,228,235,249,225,94,242,240,86,227,241,236,233,234,238,237,246,87,230,231,232,219,88,220,223,250,247,248,260,259,257,90,222,224,221,96,265,262,261,263,183,155,180,290,298,284,282,294,272,266,297,160,267,307,287,280,274,273,293,269,277,281,270,300,285,306,305,271,283,292,291,302,288,279,156,304,276,268,161,295,296,299
STAB 0 1 1 1,2,7,6,5,4,3,14,9,16,20,19,23,8,15,10,22,21,12,11,18,17,13,25,24,55,27,28,29,31,30,32,34,33,107,102,54,60,56,100,57,83,84,79,129,92,61,125,112,104,134,123,131,37,26,39,41,128,59,38,47,62,132,64,149,148,67,122,166,174,169,164,157,154,173,165,167,179,44,133,188,210,42,43,147,240,231,219,119,224,127,46,238,239,130,263,124,101,103,40,98,36,99,50,111,110,35,109,108,106,105,49,116,115,114,113,117,118,89,121,120,68,52,97,48,212,91,58,45,95,53,63,80,51,136,135,137,138,140,139,142,141,152,150,153,151,85,66,65,144,146,143,145,74,299,269,73,162,186,290,307,158,187,72,76,69,77,170,71,168,172,171,75,70,178,177,176,175,78,279,190,189,285,185,184,159,163,81,182,181,193,194,191,192,207,205,208,206,202,204,203,199,201,200,196,198,195,197,211,82,209,126,218,217,216,215,214,213,88,223,222,221,220,90,228,229,241,225,226,232,87,230,245,243,246,244,242,93,94,86,227,237,234,236,233,235,259,257,260,258,254,256,255,251,253,252,248,250,247,249,261,264,96,262,265,289,303,301,156,305,280,287,284,283,277,306,275,304,180,271,294,293,274,273,183,300,272,302,266,160,292,291,282,281,297,298,295,296,155,286,268,288,267,278,270,276,161
STAB 0 1 1 1,2,6,7,15,3,4,8,9,16,22,21,24,14,5,10,20,19,18,17,12,11,25,13,23,55,28,27,32,34,33,29,31,30,108,99,37,79,56,101,41,43,42,60,91,114,113,122,110,105,135,124,95,54,26,39,57,58,118,44,116,117,132,137,146,145,138,125,69,175,170,72,73,154,172,165,167,177,38,143,212,211,84,83,144,227,230,220,121,222,45,115,235,236,53,264,123,100,36,98,40,103,102,111,50,112,109,35,107,49,104,106,47,46,92,61,62,59,120,119,89,48,97,52,68,188,129,128,127,131,130,63,152,136,51,134,64,67,142,141,140,139,80,85,66,65,150,153,151,147,149,133,148,74,285,307,157,213,207,279,269,218,190,164,76,166,77,169,168,71,173,75,171,178,70,179,78,174,176,290,187,185,299,189,182,195,181,126,184,163,191,194,193,192,186,202,204,203,205,208,206,196,198,197,199,201,159,200,210,209,82,81,158,216,217,214,215,162,223,88,224,90,219,221,233,247,86,245,259,87,232,231,225,242,93,94,243,246,244,241,240,234,237,239,228,238,226,254,256,255,257,260,258,248,250,249,251,253,229,252,265,263,262,96,261,304,277,300,161,294,288,298,297,292,303,282,267,289,160,302,305,276,291,295,155,301,296,271,278,180,283,274,306,270,284,287,273,272,183,268,286,280,275,266,281,293,156
STAB 0 1 1 1,2,3,4,5,6,7,8,9,10,11,12,13,14,15,16,17,18,19,20,21,22,23,24,25,26,27,28,29,30,31,32,33,34,35,36,37,38,39,40,41,42,43,44,45,46,47,48,49,50,51,52,53,54,55,56,57,58,59,60,61,62,63,64,65,66,67,68,69,70,71,72,73,74,75,76,77,78,79,80,81,82,83,84,85,86,87,88,89,90,91,92,93,94,95,96,97,98,99,100,101,102,103,104,105,106,107,108,109,110,111,112,113,114,115,116,117,118,119,120,121,122,123,124,125,126,127,128,129,130,131,132,133,134,135,136,137,138,139,140,141,142,143,144,145,146,147,148,149,150,151,152,153,154,155,156,157,158,159,160,161,162,163,164,165,166,167,168,169,170,171,172,173,174,175,176,177,178,179,180,181,182,183,184,185,186,187,188,189,190,191,192,193,194,195,196,197,198,199,200,201,202,203,204,205,206,207,208,209,210,211,212,213,214,215,216,217,218,219,220,221,222,223,224,225,226,227,228,229,230,231,232,233,234,235,236,237,238,239,240,241,242,243,244,245,246,247,248,249,250,251,252,253,254,255,256,257,258,259,260,261,262,263,264,265,266,267,268,269,270,271,272,273,274,275,276,277,278,279,280,281,282,283,284,285,286,287,288,289,290,291,292,293,294,295,296,297,298,299,300,301,302,303,304,305,306,307
STAB 0 1 1 1,2,4,3,15,7,6,14,9,10,17,18,25,8,5,16,11,12,21,22,19,20,24,23,13,26,28,27,32,33,34,29,30,31,109,103,54,44,39,98,57,84,83,38,127,115,116,68,106,111,136,97,130,37,55,56,41,128,118,79,113,117,63,137,151,153,138,48,166,178,168,164,157,74,171,76,77,176,60,152,126,209,43,42,150,241,232,223,120,221,129,114,246,244,131,262,52,40,102,101,100,99,36,105,104,49,108,107,35,112,50,110,61,92,46,47,62,59,121,89,119,125,124,123,122,81,45,58,91,53,95,132,143,135,134,51,64,67,141,142,139,140,133,147,148,149,144,145,146,85,65,80,66,154,183,161,73,218,195,180,156,213,181,72,165,69,167,71,170,169,75,173,172,175,174,78,179,70,177,160,163,184,155,182,189,207,190,212,185,187,193,192,191,194,159,199,200,201,196,197,198,205,206,208,202,203,186,204,82,211,210,188,162,215,214,217,216,158,220,219,90,224,88,222,245,259,240,233,247,231,230,87,228,237,238,239,234,235,236,227,86,243,242,94,225,93,229,251,252,253,248,249,250,257,258,260,254,255,226,256,265,96,264,263,261,278,275,286,307,281,302,296,295,291,267,293,303,266,290,288,270,306,292,297,299,268,298,280,304,279,274,283,276,305,273,272,284,287,285,301,300,271,277,289,294,282,269
STAB 0 1 1 6,4,7,1,9,2,3,19,5,12,8,14,32,20,15,11,21,22,16,10,18,17,27,34,33,37,13,31,30,28,29,23,25,24,83,42,54,35,46,59,92,107,104,50,129,57,41,45,43,84,67,85,147,55,26,47,61,127,100,36,39,40,91,51,130,95,134,58,185,174,202,210,216,215,199,82,184,70,49,53,72,164,102,112,131,242,237,254,117,251,128,56,230,232,149,265,65,120,106,62,121,38,105,79,109,108,60,111,110,103,99,44,116,115,113,114,119,89,118,98,101,63,80,66,48,211,132,122,125,148,133,68,52,64,142,141,140,139,137,138,136,135,153,151,152,150,123,97,124,145,143,146,144,162,277,268,158,74,71,267,266,73,69,188,81,187,163,203,186,204,200,201,159,179,191,193,192,194,78,300,189,190,304,166,167,75,77,76,182,181,177,175,178,176,208,206,207,205,169,168,170,173,171,172,197,195,198,196,212,165,209,126,217,218,157,154,214,213,226,256,252,253,255,229,87,90,93,86,88,239,228,238,246,244,245,243,240,241,227,225,94,231,235,233,236,234,260,258,259,257,219,223,220,224,221,222,249,247,250,248,96,262,261,264,263,303,289,275,155,271,306,292,291,276,299,280,301,285,183,305,296,298,270,288,180,279,302,272,307,161,287,284,295,297,281,293,282,294,156,278,269,273,290,286,274,283,160
STAB 0 1 1 6,4,1,7,15,3,2,20,5,12,21,22,33,19,9,11,8,14,18,17,16,10,34,27,32,37,31,13,23,25,24,30,28,29,110,105,55,50,46,120,61,112,102,35,132,113,114,58,108,99,141,65,148,54,26,47,92,122,89,49,116,119,91,140,143,144,139,45,187,194,203,188,158,215,200,82,184,193,36,146,211,212,104,107,145,94,238,255,98,252,125,115,234,233,133,262,85,59,38,121,62,106,42,109,79,43,111,60,83,44,84,103,39,56,57,41,40,100,101,117,118,48,66,80,63,72,129,127,128,147,149,68,153,142,64,67,51,134,136,135,137,138,52,123,97,124,151,152,150,131,130,53,95,162,304,266,216,213,208,300,268,217,189,210,81,185,163,202,204,186,199,159,201,191,179,70,78,174,192,267,69,166,277,190,182,198,181,126,167,77,178,175,177,176,71,169,168,170,206,207,205,197,195,196,173,171,75,172,164,209,165,76,73,157,218,214,154,74,256,226,251,229,254,253,236,250,225,246,260,228,239,237,86,240,241,227,244,245,243,93,242,235,231,232,87,230,88,219,223,220,258,259,257,249,247,248,224,221,90,222,263,265,264,261,96,285,299,279,160,296,273,293,281,287,289,295,290,303,161,272,271,283,284,282,156,275,294,305,286,183,276,270,280,274,291,292,288,302,180,269,278,306,301,307,297,298,155
STAB 0 1 1 6,4,3,2,9,1,7,20,5,11,10,16,27,19,15,12,17,18,14,8,22,21,32,33,34,26,13,31,30,29,28,23,24,25,60,38,55,36,47,62,61,102,112,49,125,56,39,48,44,79,64,80,133,54,37,46,92,122,100,35,41,40,68,51,124,97,134,63,187,179,186,188,158,162,159,81,163,78,50,52,76,165,107,104,123,225,228,226,118,229,132,57,241,227,148,261,66,121,105,59,120,42,106,84,99,103,83,110,111,108,109,43,114,113,115,116,119,89,117,101,98,58,85,65,45,126,128,127,129,149,147,91,53,67,141,142,140,139,138,137,135,136,146,145,144,143,131,95,130,151,150,153,152,215,156,155,216,73,75,161,160,74,77,210,82,185,184,204,202,203,201,200,199,174,194,192,193,191,70,183,181,182,180,167,166,71,69,72,190,189,178,176,177,175,198,197,196,195,173,172,171,169,170,168,206,205,208,207,209,164,212,211,213,214,154,157,218,217,254,255,253,252,256,251,86,88,94,87,90,238,237,239,236,235,234,233,231,230,232,242,93,240,244,243,246,245,250,249,248,247,224,222,221,219,220,223,258,257,260,259,96,264,265,262,263,307,290,269,268,274,305,302,288,270,301,283,299,286,300,306,297,295,276,291,304,278,292,273,303,267,284,287,298,296,282,294,281,293,277,279,275,272,289,285,271,280,266
STAB 0 1 1 6,4,2,3,15,7,1,19,5,11,17,18,34,20,9,12,10,16,22,21,14,8,33,32,27,26,31,13,23,24,25,30,29,28,111,106,54,49,47,121,92,104,107,36,128,115,116,63,103,109,142,66,149,55,37,46,61,127,89,50,114,119,68,140,150,152,139,48,185,191,204,210,216,162,201,81,163,192,35,153,126,209,112,102,151,93,239,256,101,253,129,113,245,243,147,264,80,62,42,120,59,105,38,99,84,44,110,83,60,43,79,108,41,57,56,39,40,100,98,118,117,45,65,85,58,76,125,122,132,133,148,91,146,141,67,64,51,134,135,136,138,137,53,131,95,130,145,144,143,123,124,52,97,215,180,160,158,217,198,183,155,213,181,188,82,187,184,186,203,202,159,199,200,194,174,78,70,179,193,161,77,167,156,182,190,208,189,211,166,69,177,176,178,175,75,173,172,171,197,196,195,206,205,207,169,170,71,168,165,212,164,72,74,154,214,218,157,73,255,254,229,251,226,252,246,260,242,236,250,237,238,228,87,231,230,232,235,234,233,94,225,244,240,227,86,241,90,224,222,221,249,248,247,258,257,259,219,220,88,223,263,261,262,265,96,286,301,278,266,297,272,294,282,284,290,298,289,307,267,273,274,280,287,281,277,269,293,306,285,300,270,276,283,271,288,302,291,292,304,275,279,305,299,303,296,295,268
STAB 0 1 1 7,3,6,1,9,2,4,21,15,18,14,8,29,22,5,17,19,20,16,10,12,11,28,31,30,54,25,34,33,27,32,24,13,23,43,84,37,109,115,118,114,108,105,111,91,41,57,127,83,42,138,150,144,55,26,116,113,45,101,103,39,98,129,136,53,131,135,128,189,175,205,211,217,214,196,209,182,178,106,130,164,72,99,110,95,243,234,257,62,248,58,56,231,87,146,261,151,89,49,117,119,44,104,60,35,107,79,50,112,36,102,38,47,46,61,92,121,120,59,40,100,63,152,153,68,210,132,125,122,145,143,48,97,137,140,139,142,141,64,67,51,134,66,65,80,85,124,52,123,148,133,149,147,213,303,286,218,74,168,275,278,157,166,212,126,190,181,206,207,208,197,198,195,177,193,191,192,194,176,301,185,187,289,69,167,171,77,76,184,163,179,174,70,78,204,203,186,202,170,71,169,172,75,173,200,159,201,199,188,165,82,81,216,158,73,154,215,162,259,260,249,250,258,247,232,221,246,241,223,236,233,235,93,94,225,242,227,86,240,245,244,230,238,228,239,237,256,255,226,254,220,88,219,222,90,224,252,229,253,251,262,96,265,263,264,277,304,267,183,302,282,283,274,293,285,288,300,299,155,294,272,287,281,280,160,290,271,296,269,156,298,297,273,284,270,276,306,305,161,266,307,295,279,268,291,292,180
STAB 0 1 1 7,3,1,6,5,4,2,22,15,18,19,20,30,21,9,17,14,8,12,11,16,10,31,28,29,54,34,25,24,13,23,33,27,32,112,104,55,111,115,89,113,110,99,109,132,61,92,128,107,102,139,151,145,37,26,116,114,125,120,106,47,121,129,142,133,147,141,127,190,194,206,212,218,214,197,209,182,191,103,149,210,188,105,108,148,244,235,258,40,249,122,46,237,228,143,96,150,118,44,119,117,49,84,35,60,83,50,79,43,38,42,36,39,56,41,57,98,101,100,62,59,68,153,152,63,164,91,45,58,144,146,48,66,140,137,138,136,135,51,134,64,67,97,124,52,123,65,80,85,95,53,130,131,213,289,278,217,162,204,301,286,216,185,211,126,189,181,205,208,207,196,195,198,193,177,178,176,175,192,275,166,69,303,187,184,201,163,81,167,77,70,174,179,78,168,170,71,169,203,186,202,200,159,199,172,75,171,173,72,82,165,76,157,73,158,215,154,74,260,259,248,247,257,250,239,253,245,93,256,233,236,234,241,227,86,240,94,225,242,246,243,238,230,87,232,231,223,220,88,219,255,226,254,252,229,251,222,90,221,224,264,261,263,265,262,299,285,290,180,272,295,276,270,298,304,273,279,277,156,296,302,292,297,306,161,267,305,294,268,155,293,281,288,291,274,283,280,271,160,307,266,282,300,269,284,287,183
STAB 0 1 1 7,3,4,2,9,1,6,22,15,17,10,16,28,21,5,18,11,12,8,14,20,19,29,30,31,26,25,34,33,32,27,24,23,13,79,44,55,103,116,117,113,99,110,106,122,56,39,68,38,60,137,152,143,37,54,115,114,125,101,109,57,98,48,136,123,52,135,63,190,177,207,212,218,213,195,126,181,176,111,97,76,165,108,105,124,245,233,259,59,247,132,41,86,240,145,265,153,119,104,118,89,84,49,42,102,36,43,112,50,107,35,83,92,61,46,47,121,120,62,100,40,128,150,151,127,81,58,45,91,146,144,129,130,138,139,140,142,141,67,64,134,51,149,148,147,133,95,131,53,65,85,66,80,214,161,183,217,157,171,156,180,74,77,211,209,189,182,208,205,206,198,197,196,175,194,192,191,193,178,155,163,184,160,167,69,168,166,164,187,185,70,78,179,174,201,200,199,159,172,173,75,170,169,71,203,202,204,186,82,72,188,210,162,215,154,73,158,216,257,258,250,249,260,248,241,223,244,232,221,235,234,236,239,238,237,228,230,231,87,243,246,227,94,242,93,225,253,252,251,229,222,224,90,220,219,88,255,254,256,226,262,263,261,96,264,269,279,307,286,291,294,271,280,281,300,292,285,268,301,282,284,273,293,274,289,266,283,295,277,275,297,298,287,272,306,305,270,276,303,290,267,296,304,299,302,288,278
STAB 0 1 1 7,3,2,4,5,6,1,21,15,17,11,12,31,22,9,18,10,16,20,19,8,14,30,29,28,26,34,25,24,23,13,33,32,27,50,49,37,106,116,119,114,105,108,103,58,46,47,63,36,35,140,153,146,55,54,115,113,45,120,111,92,121,48,142,85,80,141,68,189,193,208,211,217,213,198,126,181,192,109,66,81,82,110,99,65,246,236,260,100,250,91,61,225,242,144,263,152,117,84,89,118,104,44,102,42,38,112,43,79,83,60,107,57,41,56,39,98,101,40,59,62,127,151,150,128,76,122,125,132,143,145,129,149,139,138,137,136,135,134,51,67,64,130,95,131,53,148,147,133,124,123,97,52,214,160,180,218,216,201,155,183,162,163,212,209,190,182,207,206,205,195,196,197,194,175,176,178,177,191,156,77,167,161,184,187,204,185,210,69,166,179,78,70,174,171,172,173,75,200,199,159,203,202,186,170,169,168,71,165,188,72,164,74,154,215,158,73,157,258,257,247,248,259,249,93,256,243,239,253,234,235,233,232,230,231,87,238,237,228,244,245,94,227,240,241,86,221,222,224,90,252,251,229,255,254,226,220,219,223,88,264,265,96,261,262,268,300,266,278,284,296,305,306,297,279,287,304,269,275,295,291,288,298,270,303,307,276,282,299,301,281,293,292,302,280,271,274,283,289,267,290,294,285,277,272,273,286
CELL 1 1 8
STAB 1 1 1 1,2,7,6,5,4,3,14,9,16,20,19,23,8,15,10,22,21,12,11,18,17,13,25,24,55,27,28,29,31,30,32,34,33,107,102,54,60,56,100,57,83,84,79,129,92,61,125,112,104,134,123,131,37,26,39,41,128,59,38,47,62,132,64,149,148,67,122,166,174,169,164,157,154,173,165,167,179,44,133,188,210,42,43,147,240,231,219,119,224,127,46,238,239,130,263,124,101,103,40,98,36,99,50,111,110,35,109,108,106,105,49,116,115,114,113,117,118,89,121,120,68,52,97,48,212,91,58,45,95,53,63,80,51,136,135,137,138,140,139,142,141,152,150,153,151,85,66,65,144,146,143,145,74,299,269,73,162,186,290,307,158,187,72,76,69,77,170,71,168,172,171,75,70,178,177,176,175,78,279,190,189,285,185,184,159,163,81,182,181,193,194,191,192,207,205,208,206,202,204,203,199,201,200,196,198,195,197,211,82,209,126,218,217,216,215,214,213,88,223,222,221,220,90,228,229,241,225,226,232,87,230,245,243,246,244,242,93,94,86,227,237,234,236,233,235,259,257,260,258,254,256,255,251,253,252,248,250,247,249,261,264,96,262,265,289,303,301,156,305,280,287,284,283,277,306,275,304,180,271,294,293,274,273,183,300,272,302,266,160,292,291,282,281,297,298,295,296,155,286,268,288,267,278,270,276,161
STAB 1 1 -1 1,9,7,3,10,4,6,14,2,15,17,25,18,8,16,5,22,24,13,11,23,20,12,19,21,28,26,55,56,60,79,39,38,44,98,103,57,31,29,109,54,83,84,30,130,97,68,116,106,136,111,115,127,41,27,32,37,157,74,34,48,63,117,76,171,176,77,113,164,168,178,166,128,118,151,137,138,153,33,126,152,223,43,42,221,120,232,209,241,150,131,52,262,244,129,246,114,108,102,35,107,36,99,51,134,110,40,100,101,112,135,49,125,123,124,122,132,154,86,227,240,61,46,92,47,143,95,73,53,91,45,62,81,50,104,105,165,167,225,245,228,233,188,224,179,173,90,78,75,222,172,212,177,59,195,218,58,161,183,181,213,156,180,69,64,72,67,175,70,174,146,149,65,71,169,145,148,170,66,190,279,198,207,206,203,155,160,80,201,290,191,265,193,261,285,297,289,185,295,266,184,273,182,278,284,189,299,304,220,88,219,133,269,247,259,226,229,307,82,210,144,147,211,85,142,214,119,140,215,231,87,230,139,237,263,239,242,96,94,89,121,243,234,236,141,264,216,303,276,291,267,306,292,275,283,282,277,274,217,293,192,235,93,238,194,208,257,296,158,302,281,286,196,253,248,256,251,197,187,270,288,249,250,199,186,298,268,305,204,163,255,258,252,280,205,300,202,301,159,287,272,294,254,200,271,260,162
STAB 1 1 1 1,2,6,7,15,3,4,8,9,16,22,21,24,14,5,10,20,19,18,17,12,11,25,13,23,55,28,27,32,34,33,29,31,30,108,99,37,79,56,101,41,43,42,60,91,114,113,122,110,105,135,124,95,54,26,39,57,58,118,44,116,117,132,137,146,145,138,125,69,175,170,72,73,154,172,165,167,177,38,143,212,211,84,83,144,227,230,220,121,222,45,115,235,236,53,264,123,100,36,98,40,103,102,111,50,112,109,35,107,49,104,106,47,46,92,61,62,59,120,119,89,48,97,52,68,188,129,128,127,131,130,63,152,136,51,134,64,67,142,141,140,139,80,85,66,65,150,153,151,147,149,133,148,74,285,307,157,213,207,279,269,218,190,164,76,166,77,169,168,71,173,75,171,178,70,179,78,174,176,290,187,185,299,189,182,195,181,126,184,163,191,194,193,192,186,202,204,203,205,208,206,196,198,197,199,201,159,200,210,209,82,81,158,216,217,214,215,162,223,88,224,90,219,221,233,247,86,245,259,87,232,231,225,242,93,94,243,246,244,241,240,234,237,239,228,238,226,254,256,255,257,260,258,248,250,249,251,253,229,252,265,263,262,96,261,304,277,300,161,294,288,298,297,292,303,282,267,289,160,302,305,276,291,295,155,301,296,271,278,180,283,274,306,270,284,287,273,272,183,268,286,280,275,266,281,293,156
STAB 1 1 -1 1,9,6,4,10,3,7,8,2,5,11,13,12,14,16,15,20,23,25,17,24,22,18,21,19,27,26,55,56,79,60,39,44,38,40,36,41,34,32,35,37,43,42,33,53,52,48,47,49,51,50,46,45,57,28,29,54,73,74,31,68,63,62,76,75,78,77,61,72,71,70,69,58,59,65,64,67,66,30,81,80,88,83,84,90,89,87,82,86,85,95,97,96,94,91,93,92,107,99,109,108,103,102,136,135,112,98,101,100,110,134,106,122,124,123,125,132,154,241,240,227,113,115,114,116,133,131,157,130,129,127,117,126,111,105,104,165,167,245,225,233,228,212,222,177,172,221,176,171,224,173,188,179,118,159,158,128,156,155,163,162,161,160,166,137,164,138,174,178,175,149,146,151,168,170,148,145,169,153,187,290,201,186,203,206,183,180,152,198,279,193,261,191,265,299,284,304,189,273,278,182,295,184,266,297,185,285,289,219,223,220,143,307,229,226,259,247,269,209,211,147,144,210,150,140,215,121,142,214,230,232,231,141,234,264,236,243,262,244,120,119,242,237,239,139,263,217,277,293,274,275,282,283,267,292,306,303,291,216,276,192,238,246,235,194,204,254,272,218,271,270,268,199,250,251,260,248,200,190,281,280,252,253,196,207,287,286,294,208,181,258,255,249,288,202,301,205,300,195,298,296,305,257,197,302,256,213
STAB 1 1 -1 1,9,3,7,16,6,4,8,2,15,22,24,21,14,10,5,17,25,23,20,13,11,19,12,18,28,55,26,39,38,44,56,60,79,101,99,41,30,29,108,37,42,43,31,95,124,122,113,110,135,105,114,91,57,27,32,54,73,154,33,125,132,117,165,172,177,167,116,72,170,175,69,58,118,146,137,138,145,34,212,143,220,84,83,222,121,230,211,227,144,53,123,264,236,45,235,115,109,36,107,35,102,103,134,51,106,100,40,98,49,136,112,48,52,97,68,63,74,240,241,86,47,92,46,61,152,130,157,131,127,129,62,188,104,50,111,76,77,228,233,225,245,81,90,78,75,224,179,173,221,171,126,176,59,207,213,128,307,285,190,218,269,279,166,64,164,67,178,174,70,151,65,149,169,71,153,66,168,148,181,180,206,195,198,201,299,290,133,203,160,193,265,191,261,183,295,266,184,297,289,185,284,189,304,273,182,155,278,223,219,88,80,156,259,247,229,226,161,210,82,150,85,209,147,141,217,89,139,216,87,231,232,140,242,96,94,237,263,239,119,120,234,243,244,142,262,215,267,306,292,303,276,291,277,274,293,275,283,214,282,194,246,238,93,192,197,248,298,162,288,294,300,205,255,257,252,254,208,163,305,302,260,258,202,159,296,301,270,200,187,253,250,256,271,196,286,199,268,186,272,287,281,251,204,280,249,158
STAB 1 1 1 1,2,3,4,5,6,7,8,9,10,11,12,13,14,15,16,17,18,19,20,21,22,23,24,25,26,27,28,29,30,31,32,33,34,35,36,37,38,39,40,41,42,43,44,45,46,47,48,49,50,51,52,53,54,55,56,57,58,59,60,61,62,63,64,65,66,67,68,69,70,71,72,73,74,75,76,77,78,79,80,81,82,83,84,85,86,87,88,89,90,91,92,93,94,95,96,97,98,99,100,101,102,103,104,105,106,107,108,109,110,111,112,113,114,115,116,117,118,119,120,121,122,123,124,125,126,127,128,129,130,131,132,133,134,135,136,137,138,139,140,141,142,143,144,145,146,147,148,149,150,151,152,153,154,155,156,157,158,159,160,161,162,163,164,165,166,167,168,169,170,171,172,173,174,175,176,177,178,179,180,181,182,183,184,185,186,187,188,189,190,191,192,193,194,195,196,197,198,199,200,201,202,203,204,205,206,207,208,209,210,211,212,213,214,215,216,217,218,219,220,221,222,223,224,225,226,227,228,229,230,231,232,233,234,235,236,237,238,239,240,241,242,243,244,245,246,247,248,249,250,251,252,253,254,255,256,257,258,259,260,261,262,263,264,265,266,267,268,269,270,271,272,273,274,275,276,277,278,279,280,281,282,283,284,285,286,287,288,289,290,291,292,293,294,295,296,297,298,299,300,301,302,303,304,305,306,307
STAB 1 1 -1 1,9,4,6,16,7,3,14,2,5,20,23,19,8,10,15,11,13,24,22,25,17,21,18,12,27,55,26,39,44,38,56,79,60,100,102,57,33,32,107,54,84,83,34,131,123,125,61,112,134,104,92,129,41,28,29,37,157,154,30,122,132,62,165,173,179,167,47,164,169,174,166,128,59,149,64,67,148,31,188,133,219,42,43,224,119,231,210,240,147,130,124,263,239,127,238,46,35,103,108,109,99,36,135,136,49,101,98,40,106,51,110,68,97,52,48,63,74,227,86,241,116,114,115,113,80,53,73,95,45,91,117,212,105,111,50,76,77,233,228,245,225,126,221,176,171,222,177,172,90,75,81,78,118,186,162,58,269,299,187,158,307,290,69,137,72,138,70,175,178,65,151,146,170,168,66,153,71,145,163,160,203,159,201,198,285,279,143,206,180,191,261,193,265,155,273,278,182,284,304,189,297,185,289,295,184,183,266,88,220,223,152,161,226,229,247,259,156,211,209,85,150,82,144,139,216,120,141,217,232,230,87,142,243,262,244,234,264,236,121,89,237,242,94,140,96,214,275,282,283,277,293,274,303,291,276,267,292,215,306,194,93,235,246,192,200,251,287,213,280,305,301,202,258,254,249,257,204,181,294,271,256,255,205,195,272,300,281,197,190,250,253,260,302,199,268,196,286,207,296,298,270,248,208,288,252,218
STAB 1 1 1 1,2,4,3,15,7,6,14,9,10,17,18,25,8,5,16,11,12,21,22,19,20,24,23,13,26,28,27,32,33,34,29,30,31,109,103,54,44,39,98,57,84,83,38,127,115,116,68,106,111,136,97,130,37,55,56,41,128,118,79,113,117,63,137,151,153,138,48,166,178,168,164,157,74,171,76,77,176,60,152,126,209,43,42,150,241,232,223,120,221,129,114,246,244,131,262,52,40,102,101,100,99,36,105,104,49,108,107,35,112,50,110,61,92,46,47,62,59,121,89,119,125,124,123,122,81,45,58,91,53,95,132,143,135,134,51,64,67,141,142,139,140,133,147,148,149,144,145,146,85,65,80,66,154,183,161,73,218,195,180,156,213,181,72,165,69,167,71,170,169,75,173,172,175,174,78,179,70,177,160,163,184,155,182,189,207,190,212,185,187,193,192,191,194,159,199,200,201,196,197,198,205,206,208,202,203,186,204,82,211,210,188,162,215,214,217,216,158,220,219,90,224,88,222,245,259,240,233,247,231,230,87,228,237,238,239,234,235,236,227,86,243,242,94,225,93,229,251,252,253,248,249,250,257,258,260,254,255,226,256,265,96,264,263,261,278,275,286,307,281,302,296,295,291,267,293,303,266,290,288,270,306,292,297,299,268,298,280,304,279,274,283,276,305,273,272,284,287,285,301,300,271,277,289,294,282,269
BOUND 1 1 1 1,2,3,4,5,6,7,8,9,10,11,12,13,14,15,16,17,18,19,20,21,22,23,24,25,26,27,28,29,30,31,32,33,34,35,36,37,38,39,40,41,42,43,44,45,46,47,48,49,50,51,52,53,54,55,56,57,58,59,60,61,62,63,64,65,66,67,68,69,70,71,72,73,74,75,76,77,78,79,80,81,82,83,84,85,86,87,88,89,90,91,92,93,94,95,96,97,98,99,100,101,102,103,104,105,106,107,108,109,110,111,112,113,114,115,116,117,118,119,120,121,122,123,124,125,126,127,128,129,130,131,132,133,134,135,136,137,138,139,140,141,142,143,144,145,146,147,148,149,150,151,152,153,154,155,156,157,158,159,160,161,162,163,164,165,166,167,168,169,170,171,172,173,174,175,176,177,178,179,180,181,182,183,184,185,186,187,188,189,190,191,192,193,194,195,196,197,198,199,200,201,202,203,204,205,206,207,208,209,210,211,212,213,214,215,216,217,218,219,220,221,222,223,224,225,226,227,228,229,230,231,232,233,234,235,236,237,238,239,240,241,242,243,244,245,246,247,248,249,250,251,252,253,254,255,256,257,258,259,260,261,262,263,264,265,266,267,268,269,270,271,272,273,274,275,276,277,278,279,280,281,282,283,284,285,286,287,288,289,290,291,292,293,294,295,296,297,298,299,300,301,302,303,304,305,306,307
BOUND 1 1 -1 1,9,6,4,10,3,7,8,2,5,11,13,12,14,16,15,20,23,25,17,24,22,18,21,19,27,26,55,56,79,60,39,44,38,40,36,41,34,32,35,37,43,42,33,53,52,48,47,49,51,50,46,45,57,28,29,54,73,74,31,68,63,62,76,75,78,77,61,72,71,70,69,58,59,65,64,67,66,30,81,80,88,83,84,90,89,87,82,86,85,95,97,96,94,91,93,92,107,99,109,108,103,102,136,135,112,98,101,100,110,134,106,122,124,123,125,132,154,241,240,227,113,115,114,116,133,131,157,130,129,127,117,126,111,105,104,165,167,245,225,233,228,212,222,177,172,221,176,171,224,173,188,179,118,159,158,128,156,155,163,162,161,160,166,137,164,138,174,178,175,149,146,151,168,170,148,145,169,153,187,290,201,186,203,206,183,180,152,198,279,193,261,191,265,299,284,304,189,273,278,182,295,184,266,297,185,285,289,219,223,220,143,307,229,226,259,247,269,209,211,147,144,210,150,140,215,121,142,214,230,232,231,141,234,264,236,243,262,244,120,119,242,237,239,139,263,217,277,293,274,275,282,283,267,292,306,303,291,216,276,192,238,246,235,194,204,254,272,218,271,270,268,199,250,251,260,248,200,190,281,280,252,253,196,207,287,286,294,208,181,258,255,249,288,202,301,205,300,195,298,296,305,257,197,302,256,213
CELL 2 1 24
STAB 2 1 -1 2,1,7,4,5,6,3,10,9,8,12,11,13,16,15,14,21,22,20,19,17,18,23,25,24,37,32,29,28,30,31,27,34,33,36,35,26,42,41,40,39,38,44,43,48,47,46,45,50,49,51,53,52,55,54,57,56,63,62,83,92,59,58,67,66,65,64,91,77,78,75,76,74,73,71,72,69,70,84,85,82,81,60,79,80,87,86,90,89,88,68,61,94,93,97,96,95,101,109,100,98,107,108,112,106,105,102,103,99,111,110,104,115,116,113,114,118,117,119,121,120,127,131,130,129,211,122,132,125,124,123,128,147,134,136,135,138,137,139,140,142,141,150,152,151,153,133,149,148,143,145,144,146,157,268,277,154,216,199,266,267,215,184,165,164,167,166,172,173,171,170,168,169,179,176,175,178,177,174,304,189,190,300,163,187,202,185,210,181,182,194,193,192,191,205,207,206,208,159,201,200,186,204,203,195,197,196,198,212,188,126,209,217,218,162,158,213,214,224,221,220,223,222,219,242,254,232,237,251,241,240,227,243,245,244,246,228,239,238,231,230,225,233,235,234,236,257,259,258,260,229,253,252,226,256,255,247,249,248,250,265,264,263,262,261,160,161,155,275,276,274,273,272,271,269,270,156,279,278,283,282,281,280,287,286,285,284,291,290,289,288,302,294,293,298,297,296,295,301,183,299,292,307,180,306,305,303
STAB 2 1 1 2,9,7,3,14,6,4,10,1,15,18,25,17,16,8,5,21,24,23,19,13,12,20,11,22,29,54,37,41,42,43,57,83,84,98,109,39,30,28,103,26,38,44,31,97,130,127,115,111,136,106,116,68,56,32,27,55,74,157,34,129,128,118,164,168,178,166,114,76,171,176,77,63,117,153,138,137,151,33,209,150,221,79,60,223,120,241,126,232,152,52,131,262,246,48,244,113,99,35,102,36,107,108,134,51,105,100,40,101,50,135,104,45,53,95,91,58,73,231,230,87,46,61,47,92,144,124,154,123,122,125,59,210,112,49,110,72,69,237,243,242,234,82,88,70,71,219,174,169,220,170,211,175,62,196,217,132,303,286,182,214,275,278,167,67,165,64,177,179,78,145,66,148,173,75,146,65,172,149,189,304,197,205,208,200,301,289,147,204,266,192,261,194,265,300,298,160,163,296,290,187,287,181,180,272,190,268,279,222,224,90,85,277,248,257,251,254,267,188,81,143,80,212,133,142,213,89,139,158,86,240,227,140,225,96,93,228,263,238,119,121,245,233,235,141,264,162,161,305,302,307,270,288,156,271,294,269,280,218,281,191,236,239,94,193,206,259,295,215,291,293,183,195,256,247,253,226,198,184,306,292,250,249,186,199,297,299,276,201,185,252,260,255,274,207,285,159,155,202,273,284,282,229,203,283,258,216
STAB 2 1 -1 2,1,4,7,15,3,6,16,9,8,21,22,24,10,5,14,12,11,17,18,20,19,25,23,13,37,29,32,27,34,33,28,30,31,99,108,55,43,41,101,56,79,60,42,122,113,114,91,105,110,135,95,124,26,54,57,39,132,117,84,115,118,58,138,145,146,137,45,167,177,172,165,154,73,170,72,69,175,83,144,211,212,44,38,143,230,227,222,121,220,125,116,236,235,123,264,53,40,107,98,100,109,35,106,112,50,103,102,36,104,49,111,92,61,47,46,59,62,120,89,119,129,130,131,127,82,48,63,68,52,97,128,150,136,134,51,67,64,142,141,139,140,147,133,149,148,152,151,153,80,66,85,65,157,300,267,74,214,205,304,277,217,189,76,164,77,166,75,171,173,71,169,168,176,179,70,174,78,178,266,184,163,268,190,181,196,182,209,187,185,192,193,194,191,199,159,201,200,207,206,208,195,197,198,186,204,202,203,81,126,188,210,215,162,218,213,158,216,221,224,88,219,90,223,234,248,231,243,257,240,241,86,237,228,239,238,245,244,246,232,87,233,225,93,242,94,251,229,253,252,259,258,260,247,249,250,226,256,254,255,261,96,262,263,265,279,269,285,303,282,292,297,298,288,161,294,307,160,289,291,276,305,302,296,301,155,295,283,180,278,271,280,270,306,272,273,287,284,286,299,183,274,156,290,293,281,275
STAB 2 1 1 2,9,4,6,14,3,7,16,1,5,19,23,20,10,8,15,12,13,25,18,24,21,17,22,11,32,54,37,41,43,42,57,84,83,100,107,56,34,27,102,55,79,60,33,123,131,129,92,104,134,112,61,125,39,29,28,26,154,157,30,127,128,59,164,169,174,166,46,165,173,179,167,132,62,148,67,64,149,31,210,147,224,38,44,219,119,240,188,231,133,124,130,263,238,122,239,47,36,108,103,99,109,35,136,135,50,98,101,40,105,51,111,91,95,53,45,58,73,232,87,230,114,116,113,115,85,52,74,97,48,68,118,209,106,110,49,72,69,243,237,234,242,211,220,175,170,223,178,168,88,71,82,70,117,202,215,63,275,301,185,216,303,289,77,138,76,137,78,176,177,66,145,153,171,172,65,146,75,151,184,266,204,199,200,208,286,278,150,197,304,194,265,192,261,268,272,279,190,287,180,181,296,187,290,298,163,300,160,90,221,222,144,267,254,251,257,248,277,126,212,80,143,81,152,139,158,121,142,213,227,241,86,141,233,264,235,245,262,246,120,89,228,225,93,140,96,218,269,281,280,156,294,271,307,288,270,161,302,162,305,191,94,244,236,193,201,229,284,217,283,306,299,186,249,226,258,247,203,189,293,274,255,256,195,205,273,183,282,206,182,260,252,250,292,159,155,207,285,196,297,295,276,259,198,291,253,214
STAB 2 1 1 2,9,3,7,8,4,6,16,1,15,21,24,22,10,14,5,18,25,13,12,23,19,11,20,17,29,37,54,57,83,84,41,42,43,101,108,56,31,28,99,55,60,79,30,124,95,91,114,105,135,110,113,122,39,32,27,26,154,73,33,45,58,118,72,170,175,69,115,165,172,177,167,132,117,145,138,137,146,34,211,144,222,44,38,220,121,227,212,230,143,123,53,264,235,125,236,116,103,107,36,102,35,109,51,134,111,40,100,98,104,136,50,129,131,130,127,128,157,87,232,231,92,47,61,46,150,97,74,52,68,48,59,82,49,112,106,164,166,242,234,237,243,210,219,174,169,88,70,71,223,168,209,178,62,205,214,63,267,300,189,217,277,304,77,67,76,64,176,78,179,153,148,66,75,173,151,149,171,65,182,278,208,196,197,204,268,266,85,200,289,194,261,192,265,286,296,290,187,298,160,163,272,190,279,287,181,301,180,221,90,224,147,275,257,248,254,251,303,81,188,152,133,126,80,141,218,119,140,162,240,86,241,139,228,263,238,225,96,93,89,120,233,245,246,142,262,158,307,270,288,161,305,302,269,280,281,156,271,213,294,193,244,94,239,191,198,247,297,216,292,282,285,207,252,259,255,229,206,185,276,291,258,260,159,202,295,155,306,203,184,256,249,253,283,195,183,186,299,199,284,273,293,226,201,274,250,215
STAB 2 1 -1 2,1,3,6,5,4,7,16,9,14,19,20,23,10,15,8,18,17,11,12,22,21,13,24,25,54,32,29,28,31,30,27,33,34,102,107,55,83,57,100,56,60,79,84,125,61,92,129,104,112,134,131,123,26,37,41,39,132,62,42,46,59,128,67,148,149,64,127,167,179,173,165,154,157,169,164,166,174,43,147,210,188,38,44,133,231,240,224,119,219,122,47,239,238,124,263,130,98,108,40,101,35,109,49,110,111,36,99,103,105,106,50,114,113,116,115,118,117,89,120,121,91,53,95,45,209,68,63,48,97,52,58,85,51,135,136,138,137,140,139,141,142,144,143,146,145,80,65,66,152,153,150,151,73,301,275,74,215,202,289,303,216,185,76,72,77,69,171,75,172,168,170,71,78,177,178,175,176,70,278,182,181,286,187,163,199,184,82,190,189,192,191,194,193,196,195,198,197,186,203,204,159,200,201,207,208,205,206,126,81,212,211,214,213,158,162,218,217,90,222,223,220,221,88,237,251,230,242,254,227,86,241,234,233,236,235,225,94,93,87,232,228,245,246,243,244,248,247,250,249,226,255,256,229,252,253,259,260,257,258,265,262,96,264,261,290,307,299,277,306,283,284,287,280,156,305,269,180,304,274,293,294,271,272,300,183,273,292,160,266,302,288,281,282,296,295,298,297,268,285,155,291,161,279,276,270,267
STAB 2 1 1 2,9,6,4,8,7,3,10,1,5,12,13,11,16,14,15,19,23,24,21,25,18,22,17,20,32,37,54,57,84,83,41,43,42,40,35,39,33,27,36,26,44,38,34,52,53,45,46,50,51,49,47,48,56,29,28,55,74,73,31,91,58,59,72,71,70,69,92,76,75,78,77,63,62,66,67,64,65,30,82,85,90,60,79,88,89,86,81,87,80,97,95,96,93,68,94,61,102,109,99,103,108,107,135,136,104,101,98,100,111,134,105,127,130,131,129,128,157,230,231,232,115,113,116,114,147,123,154,124,125,122,118,211,110,106,112,164,166,234,242,243,237,209,223,178,168,220,175,170,219,169,210,174,117,199,216,132,277,268,184,215,267,266,167,138,165,137,179,177,176,148,153,145,172,171,149,151,173,146,185,289,200,202,204,197,300,304,144,208,278,192,265,194,261,301,287,180,181,272,279,190,298,163,160,296,187,286,290,224,222,221,150,303,251,254,248,257,275,212,126,133,152,188,143,140,162,120,141,218,241,227,240,142,245,262,246,233,264,235,121,119,225,228,238,139,263,213,156,294,271,269,281,280,161,302,305,307,288,158,270,193,239,236,244,191,203,226,273,214,274,276,155,159,260,229,250,259,201,182,282,283,253,252,207,196,284,285,293,198,189,249,256,258,291,186,299,195,183,205,295,297,306,247,206,292,255,217
STAB 2 1 -1 2,1,6,3,15,7,4,10,9,14,18,17,25,16,5,8,19,20,22,21,11,12,24,13,23,54,29,32,27,33,34,28,31,30,103,109,26,84,57,98,39,44,38,83,68,116,115,127,111,106,136,130,97,55,37,41,56,63,117,43,114,118,128,138,153,151,137,129,77,176,171,76,74,157,168,164,166,178,42,150,209,126,79,60,152,232,241,221,120,223,48,113,244,246,52,262,131,100,35,101,40,108,107,110,49,104,99,36,102,50,112,105,46,47,61,92,59,62,121,119,89,45,95,53,91,210,125,132,122,123,124,58,144,135,51,134,67,64,141,142,140,139,85,80,65,66,143,146,145,133,148,147,149,73,286,303,154,217,196,278,275,214,182,165,72,167,69,173,172,75,169,71,170,177,78,174,70,179,175,289,185,187,301,181,190,205,189,211,163,184,194,191,192,193,202,186,203,204,195,198,197,207,208,206,159,200,199,201,188,212,81,82,216,158,213,218,162,215,222,90,219,88,224,220,243,257,87,234,248,86,227,240,242,225,94,93,233,236,235,230,231,245,228,238,237,239,254,226,255,256,247,250,249,259,260,258,229,252,251,253,261,263,264,96,265,180,156,183,267,293,291,295,296,302,307,281,161,290,266,292,306,270,288,298,268,299,297,274,279,304,280,271,305,276,287,284,272,273,300,155,285,283,269,160,282,294,277
STAB 2 1 1 1,2,7,6,5,4,3,14,9,16,20,19,23,8,15,10,22,21,12,11,18,17,13,25,24,55,27,28,29,31,30,32,34,33,107,102,54,60,56,100,57,83,84,79,129,92,61,125,112,104,134,123,131,37,26,39,41,128,59,38,47,62,132,64,149,148,67,122,166,174,169,164,157,154,173,165,167,179,44,133,188,210,42,43,147,240,231,219,119,224,127,46,238,239,130,263,124,101,103,40,98,36,99,50,111,110,35,109,108,106,105,49,116,115,114,113,117,118,89,121,120,68,52,97,48,212,91,58,45,95,53,63,80,51,136,135,137,138,140,139,142,141,152,150,153,151,85,66,65,144,146,143,145,74,299,269,73,162,186,290,307,158,187,72,76,69,77,170,71,168,172,171,75,70,178,177,176,175,78,279,190,189,285,185,184,159,163,81,182,181,193,194,191,192,207,205,208,206,202,204,203,199,201,200,196,198,195,197,211,82,209,126,218,217,216,215,214,213,88,223,222,221,220,90,228,229,241,225,226,232,87,230,245,243,246,244,242,93,94,86,227,237,234,236,233,235,259,257,260,258,254,256,255,251,253,252,248,250,247,249,261,264,96,262,265,289,303,301,156,305,280,287,284,283,277,306,275,304,180,271,294,293,274,273,183,300,272,302,266,160,292,291,282,281,297,298,295,296,155,286,268,288,267,278,270,276,161
STAB 2 1 -1 1,9,7,3,10,4,6,14,2,15,17,25,18,8,16,5,22,24,13,11,23,20,12,19,21,28,26,55,56,60,79,39,38,44,98,103,57,31,29,109,54,83,84,30,130,97,68,116,106,136,111,115,127,41,27,32,37,157,74,34,48,63,117,76,171,176,77,113,164,168,178,166,128,118,151,137,138,153,33,126,152,223,43,42,221,120,232,209,241,150,131,52,262,244,129,246,114,108,102,35,107,36,99,51,134,110,40,100,101,112,135,49,125,123,124,122,132,154,86,227,240,61,46,92,47,143,95,73,53,91,45,62,81,50,104,105,165,167,225,245,228,233,188,224,179,173,90,78,75,222,172,212,177,59,195,218,58,161,183,181,213,156,180,69,64,72,67,175,70,174,146,149,65,71,169,145,148,170,66,190,279,198,207,206,203,155,160,80,201,290,191,265,193,261,285,297,289,185,295,266,184,273,182,278,284,189,299,304,220,88,219,133,269,247,259,226,229,307,82,210,144,147,211,85,142,214,119,140,215,231,87,230,139,237,263,239,242,96,94,89,121,243,234,236,141,264,216,303,276,291,267,306,292,275,283,282,277,274,217,293,192,235,93,238,194,208,257,296,158,302,281,286,196,253,248,256,251,197,187,270,288,249,250,199,186,298,268,305,204,163,255,258,252,280,205,300,202,301,159,287,272,294,254,200,271,260,162
STAB 2 1 1 1,2,6,7,15,3,4,8,9,16,22,21,24,14,5,10,20,19,18,17,12,11,25,13,23,55,28,27,32,34,33,29,31,30,108,99,37,79,56,101,41,43,42,60,91,114,113,122,110,105,135,124,95,54,26,39,57,58,118,44,116,117,132,137,146,145,138,125,69,175,170,72,73,154,172,165,167,177,38,143,212,211,84,83,144,227,230,220,121,222,45,115,235,236,53,264,123,100,36,98,40,103,102,111,50,112,109,35,107,49,104,106,47,46,92,61,62,59,120,119,89,48,97,52,68,188,129,128,127,131,130,63,152,136,51,134,64,67,142,141,140,139,80,85,66,65,150,153,151,147,149,133,148,74,285,307,157,213,207,279,269,218,190,164,76,166,77,169,168,71,173,75,171,178,70,179,78,174,176,290,187,185,299,189,182,195,181,126,184,163,191,194,193,192,186,202,204,203,205,208,206,196,198,197,199,201,159,200,210,209,82,81,158,216,217,214,215,162,223,88,224,90,219,221,233,247,86,245,259,87,232,231,225,242,93,94,243,246,244,241,240,234,237,239,228,238,226,254,256,255,257,260,258,248,250,249,251,253,229,252,265,263,262,96,261,304,277,300,161,294,288,298,297,292,303,282,267,289,160,302,305,276,291,295,155,301,296,271,278,180,283,274,306,270,284,287,273,272,183,268,286,280,275,266,281,293,156
STAB 2 1 -1 1,9,6,4,10,3,7,8,2,5,11,13,12,14,16,15,20,23,25,17,24,22,18,21,19,27,26,55,56,79,60,39,44,38,40,36,41,34,32,35,37,43,42,33,53,52,48,47,49,51,50,46,45,57,28,29,54,73,74,31,68,63,62,76,75,78,77,61,72,71,70,69,58,59,65,64,67,66,30,81,80,88,83,84,90,89,87,82,86,85,95,97,96,94,91,93,92,107,99,109,108,103,102,136,135,112,98,101,100,110,134,106,122,124,123,125,132,154,241,240,227,113,115,114,116,133,131,157,130,129,127,117,126,111,105,104,165,167,245,225,233,228,212,222,177,172,221,176,171,224,173,188,179,118,159,158,128,156,155,163,162,161,160,166,137,164,138,174,178,175,149,146,151,168,170,148,145,169,153,187,290,201,186,203,206,183,180,152,198,279,193,261,191,265,299,284,304,189,273,278,182,295,184,266,297,185,285,289,219,223,220,143,307,229,226,259,247,269,209,211,147,144,210,150,140,215,121,142,214,230,232,231,141,234,264,236,243,262,244,120,119,242,237,239,139,263,217,277,293,274,275,282,283,267,292,306,303,291,216,276,192,238,246,235,194,204,254,272,218,271,270,268,199,250,251,260,248,200,190,281,280,252,253,196,207,287,286,294,208,181,258,255,249,288,202,301,205,300,195,298,296,305,257,197,302,256,213
STAB 2 1 -1 1,9,3,7,16,6,4,8,2,15,22,24,21,14,10,5,17,25,23,20,13,11,19,12,18,28,55,26,39,38,44,56,60,79,101,99,41,30,29,108,37,42,43,31,95,124,122,113,110,135,105,114,91,57,27,32,54,73,154,33,125,132,117,165,172,177,167,116,72,170,175,69,58,118,146,137,138,145,34,212,143,220,84,83,222,121,230,211,227,144,53,123,264,236,45,235,115,109,36,107,35,102,103,134,51,106,100,40,98,49,136,112,48,52,97,68,63,74,240,241,86,47,92,46,61,152,130,157,131,127,129,62,188,104,50,111,76,77,228,233,225,245,81,90,78,75,224,179,173,221,171,126,176,59,207,213,128,307,285,190,218,269,279,166,64,164,67,178,174,70,151,65,149,169,71,153,66,168,148,181,180,206,195,198,201,299,290,133,203,160,193,265,191,261,183,295,266,184,297,289,185,284,189,304,273,182,155,278,223,219,88,80,156,259,247,229,226,161,210,82,150,85,209,147,141,217,89,139,216,87,231,232,140,242,96,94,237,263,239,119,120,234,243,244,142,262,215,267,306,292,303,276,291,277,274,293,275,283,214,282,194,246,238,93,192,197,248,298,162,288,294,300,205,255,257,252,254,208,163,305,302,260,258,202,159,296,301,270,200,187,253,250,256,271,196,286,199,268,186,272,287,281,251,204,280,249,158
STAB 2 1 1 1,2,3,4,5,6,7,8,9,10,11,12,13,14,15,16,17,18,19,20,21,22,23,24,25,26,27,28,29,30,31,32,33,34,35,36,37,38,39,40,41,42,43,44,45,46,47,48,49,50,51,52,53,54,55,56,57,58,59,60,61,62,63,64,65,66,67,68,69,70,71,72,73,74,75,76,77,78,79,80,81,82,83,84,85,86,87,88,89,90,91,92,93,94,95,96,97,98,99,100,101,102,103,104,105,106,107,108,109,110,111,112,113,114,115,116,117,118,119,120,121,122,123,124,125,126,127,128,129,130,131,132,133,134,135,136,137,138,139,140,141,142,143,144,145,146,147,148,149,150,151,152,153,154,155,156,157,158,159,160,161,162,163,164,165,166,167,168,169,170,171,172,173,174,175,176,177,178,179,180,181,182,183,184,185,186,187,188,189,190,191,192,193,194,195,196,197,198,199,200,201,202,203,204,205,206,207,208,209,210,211,212,213,214,215,216,217,218,219,220,221,222,223,224,225,226,227,228,229,230,231,232,233,234,235,236,237,238,239,240,241,242,243,244,245,246,247,248,249,250,251,252,253,254,255,256,257,258,259,260,261,262,263,264,265,266,267,268,269,270,271,272,273,274,275,276,277,278,279,280,281,282,283,284,285,286,287,288,289,290,291,292,293,294,295,296,297,298,299,300,301,302,303,304,305,306,307
STAB 2 1 -1 1,9,4,6,16,7,3,14,2,5,20,23,19,8,10,15,11,13,24,22,25,17,21,18,12,27,55,26,39,44,38,56,79,60,100,102,57,33,32,107,54,84,83,34,131,123,125,61,112,134,104,92,129,41,28,29,37,157,154,30,122,132,62,165,173,179,167,47,164,169,174,166,128,59,149,64,67,148,31,188,133,219,42,43,224,119,231,210,240,147,130,124,263,239,127,238,46,35,103,108,109,99,36,135,136,49,101,98,40,106,51,110,68,97,52,48,63,74,227,86,241,116,114,115,113,80,53,73,95,45,91,117,212,105,111,50,76,77,233,228,245,225,126,221,176,171,222,177,172,90,75,81,78,118,186,162,58,269,299,187,158,307,290,69,137,72,138,70,175,178,65,151,146,170,168,66,153,71,145,163,160,203,159,201,198,285,279,143,206,180,191,261,193,265,155,273,278,182,284,304,189,297,185,289,295,184,183,266,88,220,223,152,161,226,229,247,259,156,211,209,85,150,82,144,139,216,120,141,217,232,230,87,142,243,262,244,234,264,236,121,89,237,242,94,140,96,214,275,282,283,277,293,274,303,291,276,267,292,215,306,194,93,235,246,192,200,251,287,213,280,305,301,202,258,254,249,257,204,181,294,271,256,255,205,195,272,300,281,197,190,250,253,260,302,199,268,196,286,207,296,298,270,248,208,288,252,218
STAB 2 1 1 1,2,4,3,15,7,6,14,9,10,17,18,25,8,5,16,11,12,21,22,19,20,24,23,13,26,28,27,32,33,34,29,30,31,109,103,54,44,39,98,57,84,83,38,127,115,116,68,106,111,136,97,130,37,55,56,41,128,118,79,113,117,63,137,151,153,138,48,166,178,168,164,157,74,171,76,77,176,60,152,126,209,43,42,150,241,232,223,120,221,129,114,246,244,131,262,52,40,102,101,100,99,36,105,104,49,108,107,35,112,50,110,61,92,46,47,62,59,121,89,119,125,124,123,122,81,45,58,91,53,95,132,143,135,134,51,64,67,141,142,139,140,133,147,148,149,144,145,146,85,65,80,66,154,183,161,73,218,195,180,156,213,181,72,165,69,167,71,170,169,75,173,172,175,174,78,179,70,177,160,163,184,155,182,189,207,190,212,185,187,193,192,191,194,159,199,200,201,196,197,198,205,206,208,202,203,186,204,82,211,210,188,162,215,214,217,216,158,220,219,90,224,88,222,245,259,240,233,247,231,230,87,228,237,238,239,234,235,236,227,86,243,242,94,225,93,229,251,252,253,248,249,250,257,258,260,254,255,226,256,265,96,264,263,261,278,275,286,307,281,302,296,295,291,267,293,303,266,290,288,270,306,292,297,299,268,298,280,304,279,274,283,276,305,273,272,284,287,285,301,300,271,277,289,294,282,269
STAB 2 1 -1 9,2,7,6,14,3,4,5,1,16,23,19,20,15,8,10,24,21,18,25,12,13,17,11,22,56,57,41,37,43,42,54,83,84,107,100,32,79,55,102,27,34,33,60,92,129,131,123,134,104,112,125,61,29,39,26,28,59,128,38,130,157,154,166,174,169,164,124,64,149,148,67,62,132,179,167,165,173,44,219,224,147,30,31,210,240,119,133,231,188,46,127,238,263,47,239,122,99,40,103,36,98,101,111,50,135,109,35,108,51,105,136,53,45,91,95,73,58,232,230,87,52,68,48,97,222,114,118,115,113,116,74,223,106,49,110,69,72,243,237,242,234,88,82,71,70,209,168,178,211,175,220,170,63,284,247,117,257,287,201,229,251,200,138,77,137,76,145,153,66,177,78,176,151,65,172,75,146,171,198,197,304,297,289,278,296,208,221,266,204,261,192,265,194,298,300,163,160,301,181,180,286,290,187,268,279,272,190,144,150,85,90,248,277,303,275,267,254,152,80,212,81,143,126,228,307,86,245,156,89,120,121,225,140,93,96,142,246,262,241,227,139,141,264,233,235,161,162,302,305,213,271,294,158,270,288,218,281,269,280,193,236,244,94,191,185,216,202,226,258,249,186,299,306,217,283,215,189,203,256,255,274,293,183,273,205,195,260,182,206,282,276,292,250,285,207,155,159,295,199,196,252,214,184,253,291,259
STAB 2 1 1 9,1,7,4,10,3,6,5,2,8,13,11,12,15,16,14,24,22,17,25,20,23,18,19,21,41,39,56,55,79,60,26,38,44,36,40,27,43,37,35,32,34,33,42,47,48,52,53,51,49,50,45,46,28,57,54,29,62,63,83,97,74,73,77,78,75,76,95,67,66,65,64,59,58,70,69,72,71,84,90,88,80,31,30,81,87,89,85,86,82,61,68,94,96,92,93,91,108,100,109,107,98,101,106,112,135,103,102,99,134,110,136,123,125,122,124,154,132,241,227,240,131,127,129,130,220,113,117,116,114,115,157,221,111,104,105,167,165,245,225,228,233,224,188,173,179,126,171,176,212,177,222,172,128,272,248,118,259,273,204,254,226,203,137,166,138,164,146,151,149,175,174,178,153,148,170,169,145,168,197,198,279,298,160,180,295,206,223,290,201,265,191,261,193,297,285,185,289,155,182,278,183,266,184,299,304,284,189,143,152,133,219,247,269,161,156,307,229,150,147,211,210,144,209,242,267,231,243,275,119,120,121,237,139,239,263,142,244,262,232,230,140,141,264,234,236,303,216,291,276,214,283,282,215,306,292,217,293,277,274,194,235,246,238,192,163,162,159,251,260,250,199,268,270,218,271,158,190,200,253,252,280,281,286,287,207,196,258,181,208,294,305,288,249,300,205,301,202,296,186,195,255,213,187,256,302,257
STAB 2 1 -1 9,2,6,7,8,4,3,15,1,16,24,21,22,5,14,10,23,19,12,13,18,25,11,17,20,56,41,57,54,83,84,37,43,42,108,101,29,60,55,99,28,31,30,79,114,91,95,124,135,105,110,122,113,32,39,26,27,118,58,44,53,73,154,69,175,170,72,123,137,146,145,138,117,132,177,167,165,172,38,220,222,144,33,34,211,227,121,143,230,212,115,45,235,264,116,236,125,102,98,36,103,40,100,50,111,134,35,109,107,136,104,51,130,127,129,131,157,128,87,231,232,97,48,68,52,224,92,59,46,61,47,74,88,49,106,112,166,164,242,234,243,237,223,209,168,178,82,71,70,210,174,219,169,63,297,229,62,254,298,198,247,248,197,67,77,64,76,148,66,153,179,176,78,65,151,173,171,149,75,201,200,289,284,304,266,272,204,90,278,208,265,192,261,194,287,301,181,180,300,163,160,268,279,190,286,290,296,187,147,85,150,221,251,303,277,267,275,257,80,152,188,126,133,81,233,269,241,225,161,120,89,119,245,142,246,262,140,93,96,86,240,141,139,263,228,238,156,213,271,294,162,302,305,218,281,280,158,270,307,288,191,239,94,244,193,189,217,205,259,255,252,207,285,282,216,292,214,185,206,260,258,291,276,155,295,202,159,256,184,203,306,293,283,253,299,186,183,195,273,196,199,249,215,182,250,274,226
STAB 2 1 1 9,1,6,3,10,4,7,15,2,14,25,17,18,5,16,8,23,20,11,13,22,24,12,21,19,57,39,56,55,60,79,26,44,38,103,98,28,83,54,109,29,31,30,84,116,68,97,130,136,106,111,127,115,27,41,37,32,117,63,43,52,74,157,77,176,171,76,131,138,153,151,137,118,128,178,166,164,168,42,221,223,152,34,33,126,232,120,150,241,209,113,48,244,262,114,246,129,107,101,35,108,40,100,49,110,134,36,99,102,135,112,51,124,122,125,123,154,132,86,240,227,95,45,91,53,219,61,62,47,92,46,73,90,50,105,104,167,165,225,245,233,228,222,212,172,177,81,75,78,188,179,224,173,58,296,251,59,226,295,208,257,259,206,64,69,67,72,149,65,146,174,175,70,66,145,169,170,148,71,200,201,290,287,180,160,273,203,88,279,198,261,193,265,191,284,299,189,304,183,184,266,155,278,182,285,289,297,185,133,80,143,220,229,307,156,161,269,247,85,144,210,211,147,82,243,275,230,242,267,121,89,119,234,141,236,264,140,94,96,87,231,142,139,263,237,239,277,217,274,293,215,292,306,214,282,283,216,276,303,291,194,238,93,235,192,181,213,195,248,256,253,196,286,281,158,302,218,187,197,250,249,288,270,268,298,186,199,255,163,204,305,294,280,252,301,202,300,205,272,207,159,258,162,190,260,271,254
STAB 2 1 1 9,1,4,7,16,6,3,15,2,8,24,22,21,5,10,14,13,11,20,23,17,25,19,18,12,41,56,39,26,38,44,55,79,60,99,101,28,42,37,108,29,30,31,43,113,122,124,95,135,110,105,91,114,27,57,54,32,117,132,84,123,154,73,167,177,172,165,53,138,145,146,137,118,58,175,69,72,170,83,222,220,143,33,34,212,230,121,144,227,211,116,125,236,264,115,235,45,35,98,107,109,100,40,112,106,51,102,103,36,136,49,134,97,68,48,52,74,63,240,86,241,130,129,127,131,88,47,62,61,46,92,157,224,104,111,50,77,76,228,233,245,225,221,126,171,176,188,173,179,81,78,90,75,128,298,254,59,229,297,197,248,247,198,64,166,67,164,65,149,151,70,178,174,148,153,71,168,66,169,204,203,160,272,279,290,284,201,219,180,206,261,191,265,193,273,155,182,278,285,185,289,299,304,189,183,266,295,184,80,133,152,223,226,161,269,307,156,259,147,150,82,209,85,210,234,277,232,237,303,120,119,89,243,142,244,262,139,239,263,231,87,141,140,96,242,94,275,214,283,282,216,291,276,217,293,274,215,306,267,292,192,93,238,246,194,190,218,207,257,252,255,205,300,294,162,288,213,163,208,258,260,302,305,301,296,159,202,253,187,200,270,281,271,256,268,199,286,196,287,195,186,250,158,181,249,280,251
STAB 2 1 -1 9,2,4,3,14,6,7,15,1,10,25,18,17,5,8,16,13,12,19,23,21,24,20,22,11,39,57,41,37,42,43,54,84,83,109,98,29,38,26,103,28,30,31,44,115,127,130,97,136,111,106,68,116,32,56,55,27,118,128,79,131,157,74,166,178,168,164,52,137,151,153,138,117,63,176,77,76,171,60,223,221,150,34,33,209,241,120,152,232,126,114,129,246,262,113,244,48,36,101,102,99,100,40,104,105,51,107,108,35,135,50,134,95,91,45,53,73,58,231,87,230,124,125,122,123,90,46,59,92,47,61,154,219,112,110,49,69,72,237,243,234,242,220,211,170,175,210,169,174,82,70,88,71,132,295,226,62,251,296,206,259,257,208,67,167,64,165,66,148,145,78,177,179,149,146,75,172,65,173,203,204,266,273,278,289,287,200,224,304,197,265,194,261,192,272,268,190,279,286,187,290,301,180,181,300,160,298,163,85,147,144,222,254,267,275,303,277,248,133,143,81,212,80,188,245,156,227,228,307,121,119,89,233,141,235,264,139,238,263,240,86,142,140,96,225,93,269,218,280,281,158,288,270,213,294,271,162,305,161,302,193,94,239,236,191,182,214,196,247,253,256,195,183,293,215,291,217,184,198,249,250,292,306,299,297,199,186,252,185,201,276,282,274,255,155,159,285,207,284,205,202,260,216,189,258,283,229
STAB 2 1 1 9,1,3,6,16,7,4,5,2,14,23,20,19,15,10,8,25,17,22,24,11,13,21,12,18,57,56,39,26,44,38,55,60,79,102,100,27,84,54,107,32,33,34,83,61,125,123,131,134,112,104,129,92,28,41,37,29,62,132,42,124,154,157,167,179,173,165,130,67,148,149,64,59,128,174,166,164,169,43,224,219,133,30,31,188,231,119,147,240,210,47,122,239,263,46,238,127,109,40,108,35,101,98,110,49,136,99,36,103,51,106,135,52,48,68,97,74,63,227,241,86,53,91,45,95,223,116,117,113,115,114,73,222,105,50,111,77,76,233,228,225,245,90,81,75,78,212,172,177,126,176,221,171,58,287,257,118,247,284,200,251,229,201,137,69,138,72,151,146,65,178,70,175,145,66,168,71,153,170,208,206,180,296,290,279,297,198,220,160,203,265,193,261,191,295,183,184,266,299,189,304,285,289,185,155,278,273,182,152,143,80,88,259,156,307,269,161,226,144,85,209,82,150,211,237,303,87,234,277,89,121,120,242,140,94,96,141,236,264,230,232,139,142,262,243,244,267,215,292,306,217,274,293,216,276,291,214,282,275,283,192,246,235,93,194,187,158,186,254,249,258,202,301,305,213,280,162,181,204,255,256,271,294,300,272,195,205,250,190,197,281,270,302,260,286,196,268,199,298,159,207,253,218,163,252,288,248
STAB 2 1 -1 9,2,3,4,8,7,6,5,1,10,13,12,11,15,14,16,25,18,21,24,19,23,22,20,17,39,41,57,54,84,83,37,42,43,35,40,32,44,26,36,27,33,34,38,46,45,53,52,51,50,49,48,47,29,56,55,28,59,58,60,95,73,74,69,70,71,72,97,64,65,66,67,62,63,78,77,76,75,79,88,90,85,31,30,82,86,89,80,87,81,92,91,93,96,61,94,68,103,100,99,102,101,98,105,104,136,108,107,109,134,111,135,131,129,127,130,157,128,230,232,231,123,122,125,124,221,115,118,114,116,113,154,220,110,112,106,166,164,234,242,237,243,219,210,169,174,211,170,175,209,178,223,168,132,273,259,117,248,272,203,226,254,204,138,167,137,165,153,145,148,176,179,177,146,149,171,173,151,172,206,208,278,295,266,304,298,197,222,289,200,261,194,265,192,296,286,187,290,268,190,279,300,160,163,301,180,287,181,150,144,147,224,257,275,267,277,303,251,143,133,126,188,152,212,225,161,240,233,269,119,121,120,228,139,238,263,141,235,264,227,241,140,142,262,245,246,307,158,288,270,218,280,281,162,305,302,213,294,156,271,191,244,236,239,193,184,215,199,229,250,260,159,155,276,214,274,216,182,201,252,253,283,282,285,284,196,207,249,189,198,293,306,291,258,183,195,299,186,297,202,205,256,217,185,255,292,247
BOUND 2 1 1 1,2,3,4,5,6,7,8,9,10,11,12,13,14,15,16,17,18,19,20,21,22,23,24,25,26,27,28,29,30,31,32,33,34,35,36,37,38,39,40,41,42,43,44,45,46,47,48,49,50,51,52,53,54,55,56,57,58,59,60,61,62,63,64,65,66,67,68,69,70,71,72,73,74,75,76,77,78,79,80,81,82,83,84,85,86,87,88,89,90,91,92,93,94,95,96,97,98,99,100,101,102,103,104,105,106,107,108,109,110,111,112,113,114,115,116,117,118,119,120,121,122,123,124,125,126,127,128,129,130,131,132,133,134,135,136,137,138,139,140,141,142,143,144,145,146,147,148,149,150,151,152,153,154,155,156,157,158,159,160,161,162,163,164,165,166,167,168,169,170,171,172,173,174,175,176,177,178,179,180,181,182,183,184,185,186,187,188,189,190,191,192,193,194,195,196,197,198,199,200,201,202,203,204,205,206,207,208,209,210,211,212,213,214,215,216,217,218,219,220,221,222,223,224,225,226,227,228,229,230,231,232,233,234,235,236,237,238,239,240,241,242,243,244,245,246,247,248,249,250,251,252,253,254,255,256,257,258,259,260,261,262,263,264,265,266,267,268,269,270,271,272,273,274,275,276,277,278,279,280,281,282,283,284,285,286,287,288,289,290,291,292,293,294,295,296,297,298,299,300,301,302,303,304,305,306,307
BOUND 2 1 -1 2,1,7,4,5,6,3,10,9,8,12,11,13,16,15,14,21,22,20,19,17,18,23,25,24,37,32,29,28,30,31,27,34,33,36,35,26,42,41,40,39,38,44,43,48,47,46,45,50,49,51,53,52,55,54,57,56,63,62,83,92,59,58,67,66,65,64,91,77,78,75,76,74,73,71,72,69,70,84,85,82,81,60,79,80,87,86,90,89,88,68,61,94,93,97,96,95,101,109,100,98,107,108,112,106,105,102,103,99,111,110,104,115,116,113,114,118,117,119,121,120,127,131,130,129,211,122,132,125,124,123,128,147,134,136,135,138,137,139,140,142,141,150,152,151,153,133,149,148,143,145,144,146,157,268,277,154,216,199,266,267,215,184,165,164,167,166,172,173,171,170,168,169,179,176,175,178,177,174,304,189,190,300,163,187,202,185,210,181,182,194,193,192,191,205,207,206,208,159,201,200,186,204,203,195,197,196,198,212,188,126,209,217,218,162,158,213,214,224,221,220,223,222,219,242,254,232,237,251,241,240,227,243,245,244,246,228,239,238,231,230,225,233,235,234,236,257,259,258,260,229,253,252,226,256,255,247,249,248,250,265,264,263,262,261,160,161,155,275,276,274,273,272,271,269,270,156,279,278,283,282,281,280,287,286,285,284,291,290,289,288,302,294,293,298,297,296,295,301,183,299,292,307,180,306,305,303
BOUND 2 1 -1 9,2,3,4,8,7,6,5,1,10,13,12,11,15,14,16,25,18,21,24,19,23,22,20,17,39,41,57,54,84,83,37,42,43,35,40,32,44,26,36,27,33,34,38,46,45,53,52,51,50,49,48,47,29,56,55,28,59,58,60,95,73,74,69,70,71,72,97,64,65,66,67,62,63,78,77,76,75,79,88,90,85,31,30,82,86,89,80,87,81,92,91,93,96,61,94,68,103,100,99,102,101,98,105,104,136,108,107,109,134,111,135,131,129,127,130,157,128,230,232,231,123,122,125,124,221,115,118,114,116,113,154,220,110,112,106,166,164,234,242,237,243,219,210,169,174,211,170,175,209,178,223,168,132,273,259,117,248,272,203,226,254,204,138,167,137,165,153,145,148,176,179,177,146,149,171,173,151,172,206,208,278,295,266,304,298,197,222,289,200,261,194,265,192,296,286,187,290,268,190,279,300,160,163,301,180,287,181,150,144,147,224,257,275,267,277,303,251,143,133,126,188,152,212,225,161,240,233,269,119,121,120,228,139,238,263,141,235,264,227,241,140,142,262,245,246,307,158,288,270,218,280,281,162,305,302,213,294,156,271,191,244,236,239,193,184,215,199,229,250,260,159,155,276,214,274,216,182,201,252,253,283,282,285,284,196,207,249,189,198,293,306,291,258,183,195,299,186,297,202,205,256,217,185,255,292,247
CELL 2 2 12
STAB 2 2 1 3,4,6,9,2,1,7,17,10,11,5,15,26,25,16,13,20,23,14,8,22,24,39,44,38,27,12,60,79,56,55,18,21,19,31,34,28,36,48,63,68,103,106,49,116,29,32,47,33,30,76,81,126,57,41,52,97,113,109,40,37,35,61,50,114,92,111,62,180,153,183,152,156,161,155,80,160,66,51,46,64,137,98,136,115,140,142,215,154,214,117,54,119,121,176,192,78,227,135,74,240,43,112,84,99,102,83,110,134,101,100,42,124,122,123,125,241,86,132,108,107,73,90,75,53,133,157,131,130,171,221,95,45,77,233,228,225,245,167,165,105,104,172,177,222,212,127,91,129,173,224,179,188,226,158,159,259,58,65,162,163,59,67,223,88,206,203,266,295,184,182,278,273,168,265,261,191,193,71,186,290,201,187,138,164,70,72,69,279,198,169,148,145,170,189,304,284,299,151,146,149,178,175,174,185,297,289,285,219,166,143,220,307,229,118,128,269,247,267,292,283,282,306,275,89,82,94,87,85,262,243,244,236,264,234,141,232,230,231,242,96,120,239,237,263,139,274,293,277,217,150,144,147,209,211,210,291,303,276,216,93,235,194,238,246,213,181,218,272,250,302,305,294,271,296,253,195,287,298,256,205,202,260,258,197,200,255,199,257,254,196,286,300,301,252,288,280,249,248,190,251,268,208,207,270,281,204
STAB 2 2 1 3,11,6,5,10,1,7,17,2,4,9,26,15,34,27,12,20,47,36,8,49,33,32,21,19,16,13,61,80,64,62,48,44,38,68,25,63,14,18,28,31,103,106,22,126,76,39,23,24,81,29,30,116,66,35,50,92,155,160,37,40,41,60,52,156,97,161,55,153,180,152,183,114,111,113,79,109,57,46,51,56,154,121,142,214,215,136,140,137,115,192,78,176,98,119,117,54,107,141,67,108,43,112,87,236,102,94,242,162,120,163,42,158,159,229,133,148,88,261,240,227,65,85,58,45,125,253,260,201,149,216,93,53,59,105,104,226,170,265,118,233,228,255,295,178,286,276,96,182,301,288,187,186,225,124,122,147,75,73,134,100,77,74,205,86,256,246,204,177,263,129,211,251,307,167,132,252,282,72,188,219,130,179,194,281,69,71,70,277,293,144,241,202,245,249,257,208,300,296,292,171,222,139,213,306,210,196,258,290,280,287,200,168,123,165,283,270,302,254,146,128,193,185,199,82,89,83,84,90,264,243,244,99,262,230,135,232,234,231,110,91,101,239,237,184,175,268,198,279,305,294,169,259,181,278,297,207,197,127,221,95,238,138,235,203,174,209,271,250,272,247,217,150,218,151,157,298,143,195,206,223,145,131,285,303,220,172,275,304,267,289,212,299,173,191,224,166,189,190,248,273,274,284,291,269,164,266
STAB 2 2 -1 3,10,1,9,11,6,7,17,4,2,5,26,15,25,13,16,8,39,38,20,44,24,23,22,14,12,27,41,52,51,40,48,49,36,63,34,68,19,18,31,28,106,103,21,126,81,47,32,33,76,30,29,116,97,60,79,57,156,161,55,62,61,35,80,155,66,160,37,152,183,153,180,113,109,114,50,111,92,56,64,46,215,98,136,214,154,142,137,140,115,176,78,192,121,117,119,54,83,135,134,110,112,43,228,233,42,227,240,74,101,77,102,73,75,90,53,95,226,96,242,94,124,123,122,125,45,221,259,171,130,157,241,133,100,99,84,88,203,263,89,236,87,220,282,191,278,283,261,182,275,273,69,71,86,65,58,131,159,158,67,59,163,162,206,225,223,245,168,193,265,129,212,224,266,184,91,222,295,188,72,254,149,70,175,297,187,186,179,299,298,145,93,169,246,248,258,207,279,294,287,201,252,138,213,280,164,197,257,267,306,292,172,204,85,82,276,274,272,219,143,127,177,166,173,165,118,107,104,229,262,244,243,105,264,238,141,239,235,237,108,132,120,232,231,167,194,269,195,300,271,296,202,260,181,286,281,208,196,128,253,148,230,139,234,170,174,209,305,247,302,250,218,151,217,150,216,293,146,198,205,256,144,147,304,289,255,200,301,285,290,303,211,277,199,178,251,185,190,189,249,288,270,291,284,268,210,307
STAB 2 2 -1 3,2,1,5,4,6,7,17,11,10,9,15,26,34,12,27,8,32,19,20,21,33,47,49,36,13,16,35,50,46,37,18,22,14,28,25,31,38,48,68,63,106,103,44,116,30,23,39,24,29,81,76,126,92,61,80,66,114,111,62,55,60,41,79,113,57,109,40,183,152,180,153,155,160,156,52,161,97,64,56,51,140,121,142,115,137,136,154,215,214,119,54,117,98,192,176,78,94,141,162,242,112,43,104,105,42,107,108,67,120,59,102,65,58,85,45,93,225,91,110,83,158,229,159,133,53,216,147,149,201,253,148,125,163,236,87,86,246,184,82,99,84,200,193,252,211,128,132,129,199,251,70,72,88,73,75,260,122,124,74,77,100,134,256,226,205,170,307,282,167,182,286,288,204,263,96,178,177,186,71,267,171,69,139,210,179,188,187,300,195,202,95,144,203,190,285,291,277,150,143,130,191,194,174,166,281,303,304,254,185,146,255,266,90,89,127,268,250,290,287,276,295,280,301,118,165,227,228,123,264,244,243,233,262,235,135,239,238,237,240,261,101,232,231,265,138,270,298,299,218,151,145,131,209,212,164,284,289,283,157,241,234,175,230,245,213,181,217,302,247,272,271,296,305,294,221,198,292,293,223,206,169,259,257,196,172,220,173,258,219,197,278,279,275,222,273,306,248,249,189,224,269,207,208,274,297,168
STAB 2 2 -1 1,5,6,11,2,3,7,8,10,9,4,12,13,36,27,26,20,47,34,17,33,49,48,44,38,16,15,62,64,80,61,32,21,19,37,14,35,25,39,41,40,43,42,24,45,50,18,23,22,46,52,51,53,66,63,76,78,65,67,68,31,28,55,29,58,54,59,60,71,72,69,70,75,77,73,56,74,57,81,30,79,86,94,87,85,82,84,89,88,90,93,92,91,83,96,95,97,227,236,160,240,103,102,142,141,112,121,120,163,242,162,106,159,158,229,133,261,137,148,108,107,155,214,156,126,125,260,253,201,182,276,192,116,161,233,228,118,265,170,226,105,104,286,178,295,255,216,119,149,288,301,186,187,165,122,124,283,114,113,100,134,111,109,280,154,281,194,213,222,139,171,292,296,307,245,241,202,144,180,179,219,130,188,246,256,152,153,183,293,277,282,132,252,167,300,208,257,249,251,211,129,177,263,204,210,306,258,196,290,205,200,287,168,123,225,147,302,270,181,278,259,169,297,294,215,140,98,136,115,234,232,231,135,230,262,99,243,264,244,101,176,110,237,239,175,184,305,279,198,268,199,193,128,254,146,185,197,207,221,127,117,235,203,238,138,266,267,250,271,218,269,274,275,272,273,131,190,220,248,164,166,191,157,289,291,143,212,150,284,209,285,172,189,224,145,173,223,299,298,195,151,217,304,303,247,206,174
STAB 2 2 -1 1,9,6,4,10,3,7,8,2,5,11,13,12,14,16,15,20,23,25,17,24,22,18,21,19,27,26,55,56,79,60,39,44,38,40,36,41,34,32,35,37,43,42,33,53,52,48,47,49,51,50,46,45,57,28,29,54,73,74,31,68,63,62,76,75,78,77,61,72,71,70,69,58,59,65,64,67,66,30,81,80,88,83,84,90,89,87,82,86,85,95,97,96,94,91,93,92,107,99,109,108,103,102,136,135,112,98,101,100,110,134,106,122,124,123,125,132,154,241,240,227,113,115,114,116,133,131,157,130,129,127,117,126,111,105,104,165,167,245,225,233,228,212,222,177,172,221,176,171,224,173,188,179,118,159,158,128,156,155,163,162,161,160,166,137,164,138,174,178,175,149,146,151,168,170,148,145,169,153,187,290,201,186,203,206,183,180,152,198,279,193,261,191,265,299,284,304,189,273,278,182,295,184,266,297,185,285,289,219,223,220,143,307,229,226,259,247,269,209,211,147,144,210,150,140,215,121,142,214,230,232,231,141,234,264,236,243,262,244,120,119,242,237,239,139,263,217,277,293,274,275,282,283,267,292,306,303,291,216,276,192,238,246,235,194,204,254,272,218,271,270,268,199,250,251,260,248,200,190,281,280,252,253,196,207,287,286,294,208,181,258,255,249,288,202,301,205,300,195,298,296,305,257,197,302,256,213
STAB 2 2 1 1,10,3,11,9,6,7,8,5,2,4,13,12,36,26,27,17,48,38,20,44,49,47,33,34,15,16,63,76,81,68,39,24,25,41,14,40,19,32,37,35,42,43,21,53,51,23,18,22,52,46,50,45,78,62,64,66,75,77,61,60,55,28,56,73,57,74,31,70,69,72,71,65,67,58,29,59,54,80,79,30,89,94,87,90,88,84,86,82,85,96,97,95,83,93,91,92,121,236,163,120,102,103,228,233,106,227,240,160,242,161,112,155,156,214,126,192,165,176,101,98,159,229,158,133,116,276,283,182,201,260,261,125,162,141,142,154,194,175,215,135,136,287,169,202,292,259,241,171,294,296,183,180,137,113,114,253,124,122,109,111,134,100,281,118,280,265,307,144,245,149,255,301,213,139,119,295,222,187,153,209,129,152,263,306,188,179,186,249,248,252,117,282,138,298,289,303,293,275,220,130,145,246,266,223,256,291,284,181,297,278,286,174,115,140,221,305,271,290,200,216,178,205,288,226,225,107,104,123,234,231,232,105,230,238,99,237,235,239,108,148,110,243,244,170,203,302,190,189,272,273,191,157,267,172,206,304,285,147,131,132,264,184,262,167,204,254,274,270,269,218,250,251,268,199,127,279,211,277,166,164,193,128,208,258,212,143,224,196,219,207,146,198,150,177,151,210,195,300,299,173,247,197,257,217,185,168
STAB 2 2 1 1,2,3,4,5,6,7,8,9,10,11,12,13,14,15,16,17,18,19,20,21,22,23,24,25,26,27,28,29,30,31,32,33,34,35,36,37,38,39,40,41,42,43,44,45,46,47,48,49,50,51,52,53,54,55,56,57,58,59,60,61,62,63,64,65,66,67,68,69,70,71,72,73,74,75,76,77,78,79,80,81,82,83,84,85,86,87,88,89,90,91,92,93,94,95,96,97,98,99,100,101,102,103,104,105,106,107,108,109,110,111,112,113,114,115,116,117,118,119,120,121,122,123,124,125,126,127,128,129,130,131,132,133,134,135,136,137,138,139,140,141,142,143,144,145,146,147,148,149,150,151,152,153,154,155,156,157,158,159,160,161,162,163,164,165,166,167,168,169,170,171,172,173,174,175,176,177,178,179,180,181,182,183,184,185,186,187,188,189,190,191,192,193,194,195,196,197,198,199,200,201,202,203,204,205,206,207,208,209,210,211,212,213,214,215,216,217,218,219,220,221,222,223,224,225,226,227,228,229,230,231,232,233,234,235,236,237,238,239,240,241,242,243,244,245,246,247,248,249,250,251,252,253,254,255,256,257,258,259,260,261,262,263,264,265,266,267,268,269,270,271,272,273,274,275,276,277,278,279,280,281,282,283,284,285,286,287,288,289,290,291,292,293,294,295,296,297,298,299,300,301,302,303,304,305,306,307
STAB 2 2 1 6,9,1,10,4,3,7,20,11,5,2,16,27,38,13,26,8,39,25,17,24,44,48,49,36,12,15,40,51,52,41,23,22,14,55,19,60,34,47,61,62,112,102,33,125,79,18,32,21,56,80,64,133,97,68,81,78,124,134,63,28,31,37,30,122,54,100,35,186,188,187,179,159,163,158,46,162,92,76,29,50,225,227,228,123,165,104,118,226,229,241,57,132,107,261,148,66,94,233,161,242,106,42,136,135,43,98,101,77,240,74,103,75,73,90,53,96,140,95,110,83,156,214,155,126,45,259,221,171,182,283,176,116,160,236,87,89,263,203,88,99,84,278,191,282,220,157,117,130,273,275,71,69,82,58,65,276,113,114,59,67,109,111,306,215,297,175,213,252,138,201,287,294,266,246,93,169,145,183,70,254,149,72,245,223,153,152,180,298,299,295,91,222,184,279,207,258,248,224,212,129,193,265,168,164,280,257,197,267,206,172,292,204,85,86,131,272,274,181,286,260,202,281,296,154,137,121,142,115,235,239,237,141,238,264,105,244,262,243,120,192,108,231,232,194,167,271,300,195,269,173,177,127,219,143,166,196,208,253,128,119,234,170,230,139,307,290,247,305,217,268,270,301,302,288,147,189,255,249,210,185,178,216,303,284,146,211,151,291,209,304,200,190,251,144,199,256,277,293,198,150,218,285,289,250,205,174
STAB 2 2 1 6,5,1,2,11,3,7,20,4,9,10,27,16,19,12,15,8,32,34,17,33,21,18,22,14,13,26,37,46,50,35,47,49,36,62,38,61,25,23,60,55,112,102,24,133,80,48,39,44,64,79,56,125,92,31,30,54,158,162,28,63,68,40,81,159,78,163,41,188,186,179,187,122,100,124,51,134,97,29,76,52,226,107,104,229,118,228,165,225,123,148,66,261,227,132,241,57,83,105,111,110,106,42,142,141,43,121,120,59,108,67,103,58,65,85,45,91,215,93,242,94,114,115,113,116,53,147,216,149,129,128,119,126,109,99,84,82,184,246,86,236,87,211,252,193,200,253,192,201,251,199,72,70,89,75,73,127,155,156,77,74,160,161,185,140,210,139,174,191,194,130,143,150,204,203,95,144,202,152,69,267,171,71,170,205,180,183,153,195,300,177,96,178,263,277,291,285,190,288,286,182,282,167,307,281,166,304,303,254,256,255,146,266,90,88,260,250,268,209,212,131,145,164,151,137,154,98,136,214,238,239,237,135,235,262,233,244,264,243,101,117,240,231,232,138,265,218,299,298,270,301,295,276,290,287,280,289,284,157,283,176,230,245,234,175,168,219,302,217,305,274,269,173,247,224,259,249,172,189,297,306,222,221,197,208,292,278,296,207,181,257,220,248,273,169,275,206,279,198,293,294,271,258,196,272,223,213
STAB 2 2 -1 6,11,3,10,5,1,7,20,9,4,2,27,16,38,26,13,17,48,36,8,49,44,39,24,25,15,12,68,81,76,63,47,33,34,61,19,62,14,23,55,60,102,112,22,133,64,32,18,21,80,56,79,125,78,40,51,97,159,163,41,35,37,31,46,158,92,162,28,179,187,188,186,124,134,122,30,100,54,52,50,29,118,227,228,229,226,104,225,165,123,261,66,148,107,241,132,57,98,233,77,101,42,106,87,236,103,94,242,161,240,160,43,156,155,214,126,176,82,192,120,121,75,90,73,53,116,283,276,182,171,259,96,45,74,135,136,215,175,194,154,141,142,292,202,169,287,260,93,201,296,294,180,183,140,114,113,221,65,58,111,109,67,59,297,89,306,263,266,145,246,130,220,275,213,138,117,282,252,69,152,209,129,153,265,280,72,70,71,248,249,222,119,295,139,293,303,289,298,301,255,149,144,245,307,256,223,284,291,181,281,286,278,174,115,137,253,271,305,267,172,157,191,206,273,88,86,83,84,85,235,237,239,99,238,230,105,231,234,232,110,95,108,244,243,203,170,272,189,190,302,288,178,216,290,200,205,285,304,131,147,91,262,167,264,184,168,219,270,274,268,217,247,224,269,173,128,300,212,299,185,210,177,127,207,257,211,146,251,197,254,208,143,195,151,193,150,164,198,279,277,199,250,196,258,218,166,204
STAB 2 2 -1 6,4,3,2,9,1,7,20,5,11,10,16,27,19,15,12,17,18,14,8,22,21,32,33,34,26,13,31,30,29,28,23,24,25,60,38,55,36,47,62,61,102,112,49,125,56,39,48,44,79,64,80,133,54,37,46,92,122,100,35,41,40,68,51,124,97,134,63,187,179,186,188,158,162,159,81,163,78,50,52,76,165,107,104,123,225,228,226,118,229,132,57,241,227,148,261,66,121,105,59,120,42,106,84,99,103,83,110,111,108,109,43,114,113,115,116,119,89,117,101,98,58,85,65,45,126,128,127,129,149,147,91,53,67,141,142,140,139,138,137,135,136,146,145,144,143,131,95,130,151,150,153,152,215,156,155,216,73,75,161,160,74,77,210,82,185,184,204,202,203,201,200,199,174,194,192,193,191,70,183,181,182,180,167,166,71,69,72,190,189,178,176,177,175,198,197,196,195,173,172,171,169,170,168,206,205,208,207,209,164,212,211,213,214,154,157,218,217,254,255,253,252,256,251,86,88,94,87,90,238,237,239,236,235,234,233,231,230,232,242,93,240,244,243,246,245,250,249,248,247,224,222,221,219,220,223,258,257,260,259,96,264,265,262,263,307,290,269,268,274,305,302,288,270,301,283,299,286,300,306,297,295,276,291,304,278,292,273,303,267,284,287,298,296,282,294,281,293,277,279,275,272,289,285,271,280,266
BOUND 2 2 1 1,2,3,4,5,6,7,8,9,10,11,12,13,14,15,16,17,18,19,20,21,22,23,24,25,26,27,28,29,30,31,32,33,34,35,36,37,38,39,40,41,42,43,44,45,46,47,48,49,50,51,52,53,54,55,56,57,58,59,60,61,62,63,64,65,66,67,68,69,70,71,72,73,74,75,76,77,78,79,80,81,82,83,84,85,86,87,88,89,90,91,92,93,94,95,96,97,98,99,100,101,102,103,104,105,106,107,108,109,110,111,112,113,114,115,116,117,118,119,120,121,122,123,124,125,126,127,128,129,130,131,132,133,134,135,136,137,138,139,140,141,142,143,144,145,146,147,148,149,150,151,152,153,154,155,156,157,158,159,160,161,162,163,164,165,166,167,168,169,170,171,172,173,174,175,176,177,178,179,180,181,182,183,184,185,186,187,188,189,190,191,192,193,194,195,196,197,198,199,200,201,202,203,204,205,206,207,208,209,210,211,212,213,214,215,216,217,218,219,220,221,222,223,224,225,226,227,228,229,230,231,232,233,234,235,236,237,238,239,240,241,242,243,244,245,246,247,248,249,250,251,252,253,254,255,256,257,258,259,260,261,262,263,264,265,266,267,268,269,270,271,272,273,274,275,276,277,278,279,280,281,282,283,284,285,286,287,288,289,290,291,292,293,294,295,296,297,298,299,300,301,302,303,304,305,306,307
BOUND 2 2 -1 6,4,3,2,9,1,7,20,5,11,10,16,27,19,15,12,17,18,14,8,22,21,32,33,34,26,13,31,30,29,28,23,24,25,60,38,55,36,47,62,61,102,112,49,125,56,39,48,44,79,64,80,133,54,37,46,92,122,100,35,41,40,68,51,124,97,134,63,187,179,186,188,158,162,159,81,163,78,50,52,76,165,107,104,123,225,228,226,118,229,132,57,241,227,148,261,66,121,105,59,120,42,106,84,99,103,83,110,111,108,109,43,114,113,115,116,119,89,117,101,98,58,85,65,45,126,128,127,129,149,147,91,53,67,141,142,140,139,138,137,135,136,146,145,144,143,131,95,130,151,150,153,152,215,156,155,216,73,75,161,160,74,77,210,82,185,184,204,202,203,201,200,199,174,194,192,193,191,70,183,181,182,180,167,166,71,69,72,190,189,178,176,177,175,198,197,196,195,173,172,171,169,170,168,206,205,208,207,209,164,212,211,213,214,154,157,218,217,254,255,253,252,256,251,86,88,94,87,90,238,237,239,236,235,234,233,231,230,232,242,93,240,244,243,246,245,250,249,248,247,224,222,221,219,220,223,258,257,260,259,96,264,265,262,263,307,290,269,268,274,305,302,288,270,301,283,299,286,300,306,297,295,276,291,304,278,292,273,303,267,284,287,298,296,282,294,281,293,277,279,275,272,289,285,271,280,266
BOUND 2 2 -1 3,2,1,5,4,6,7,17,11,10,9,15,26,34,12,27,8,32,19,20,21,33,47,49,36,13,16,35,50,46,37,18,22,14,28,25,31,38,48,68,63,106,103,44,116,30,23,39,24,29,81,76,126,92,61,80,66,114,111,62,55,60,41,79,113,57,109,40,183,152,180,153,155,160,156,52,161,97,64,56,51,140,121,142,115,137,136,154,215,214,119,54,117,98,192,176,78,94,141,162,242,112,43,104,105,42,107,108,67,120,59,102,65,58,85,45,93,225,91,110,83,158,229,159,133,53,216,147,149,201,253,148,125,163,236,87,86,246,184,82,99,84,200,193,252,211,128,132,129,199,251,70,72,88,73,75,260,122,124,74,77,100,134,256,226,205,170,307,282,167,182,286,288,204,263,96,178,177,186,71,267,171,69,139,210,179,188,187,300,195,202,95,144,203,190,285,291,277,150,143,130,191,194,174,166,281,303,304,254,185,146,255,266,90,89,127,268,250,290,287,276,295,280,301,118,165,227,228,123,264,244,243,233,262,235,135,239,238,237,240,261,101,232,231,265,138,270,298,299,218,151,145,131,209,212,164,284,289,283,157,241,234,175,230,245,213,181,217,302,247,272,271,296,305,294,221,198,292,293,223,206,169,259,257,196,172,220,173,258,219,197,278,279,275,222,273,306,248,249,189,224,269,207,208,274,297,168
BOUND 2 2 1 6,5,1,2,11,3,7,20,4,9,10,27,16,19,12,15,8,32,34,17,33,21,18,22,14,13,26,37,46,50,35,47,49,36,62,38,61,25,23,60,55,112,102,24,133,80,48,39,44,64,79,56,125,92,31,30,54,158,162,28,63,68,40,81,159,78,163,41,188,186,179,187,122,100,124,51,134,97,29,76,52,226,107,104,229,118,228,165,225,123,148,66,261,227,132,241,57,83,105,111,110,106,42,142,141,43,121,120,59,108,67,103,58,65,85,45,91,215,93,242,94,114,115,113,116,53,147,216,149,129,128,119,126,109,99,84,82,184,246,86,236,87,211,252,193,200,253,192,201,251,199,72,70,89,75,73,127,155,156,77,74,160,161,185,140,210,139,174,191,194,130,143,150,204,203,95,144,202,152,69,267,171,71,170,205,180,183,153,195,300,177,96,178,263,277,291,285,190,288,286,182,282,167,307,281,166,304,303,254,256,255,146,266,90,88,260,250,268,209,212,131,145,164,151,137,154,98,136,214,238,239,237,135,235,262,233,244,264,243,101,117,240,231,232,138,265,218,299,298,270,301,295,276,290,287,280,289,284,157,283,176,230,245,234,175,168,219,302,217,305,274,269,173,247,224,259,249,172,189,297,306,222,221,197,208,292,278,296,207,181,257,220,248,273,169,275,206,279,198,293,294,271,258,196,272,223,213
BOUND 2 2 -1 1,5,6,11,2,3,7,8,10,9,4,12,13,36,27,26,20,47,34,17,33,49,48,44,38,16,15,62,64,80,61,32,21,19,37,14,35,25,39,41,40,43,42,24,45,50,18,23,22,46,52,51,53,66,63,76,78,65,67,68,31,28,55,29,58,54,59,60,71,72,69,70,75,77,73,56,74,57,81,30,79,86,94,87,85,82,84,89,88,90,93,92,91,83,96,95,97,227,236,160,240,103,102,142,141,112,121,120,163,242,162,106,159,158,229,133,261,137,148,108,107,155,214,156,126,125,260,253,201,182,276,192,116,161,233,228,118,265,170,226,105,104,286,178,295,255,216,119,149,288,301,186,187,165,122,124,283,114,113,100,134,111,109,280,154,281,194,213,222,139,171,292,296,307,245,241,202,144,180,179,219,130,188,246,256,152,153,183,293,277,282,132,252,167,300,208,257,249,251,211,129,177,263,204,210,306,258,196,290,205,200,287,168,123,225,147,302,270,181,278,259,169,297,294,215,140,98,136,115,234,232,231,135,230,262,99,243,264,244,101,176,110,237,239,175,184,305,279,198,268,199,193,128,254,146,185,197,207,221,127,117,235,203,238,138,266,267,250,271,218,269,274,275,272,273,131,190,220,248,164,166,191,157,289,291,143,212,150,284,209,285,172,189,224,145,173,223,299,298,195,151,217,304,303,247,206,174
BOUND 2 2 1 3,11,6,5,10,1,7,17,2,4,9,26,15,34,27,12,20,47,36,8,49,33,32,21,19,16,13,61,80,64,62,48,44,38,68,25,63,14,18,28,31,103,106,22,126,76,39,23,24,81,29,30,116,66,35,50,92,155,160,37,40,41,60,52,156,97,161,55,153,180,152,183,114,111,113,79,109,57,46,51,56,154,121,142,214,215,136,140,137,115,192,78,176,98,119,117,54,107,141,67,108,43,112,87,236,102,94,242,162,120,163,42,158,159,229,133,148,88,261,240,227,65,85,58,45,125,253,260,201,149,216,93,53,59,105,104,226,170,265,118,233,228,255,295,178,286,276,96,182,301,288,187,186,225,124,122,147,75,73,134,100,77,74,205,86,256,246,204,177,263,129,211,251,307,167,132,252,282,72,188,219,130,179,194,281,69,71,70,277,293,144,241,202,245,249,257,208,300,296,292,171,222,139,213,306,210,196,258,290,280,287,200,168,123,165,283,270,302,254,146,128,193,185,199,82,89,83,84,90,264,243,244,99,262,230,135,232,234,231,110,91,101,239,237,184,175,268,198,279,305,294,169,259,181,278,297,207,197,127,221,95,238,138,235,203,174,209,271,250,272,247,217,150,218,151,157,298,143,195,206,223,145,131,285,303,220,172,275,304,267,289,212,299,173,191,224,166,189,190,248,273,274,284,291,269,164,266
CELL 3 1 24
STAB 3 1 -1 2,1,7,4,5,6,3,10,9,8,12,11,13,16,15,14,21,22,20,19,17,18,23,25,24,37,32,29,28,30,31,27,34,33,36,35,26,42,41,40,39,38,44,43,48,47,46,45,50,49,51,53,52,55,54,57,56,63,62,83,92,59,58,67,66,65,64,91,77,78,75,76,74,73,71,72,69,70,84,85,82,81,60,79,80,87,86,90,89,88,68,61,94,93,97,96,95,101,109,100,98,107,108,112,106,105,102,103,99,111,110,104,115,116,113,114,118,117,119,121,120,127,131,130,129,211,122,132,125,124,123,128,147,134,136,135,138,137,139,140,142,141,150,152,151,153,133,149,148,143,145,144,146,157,268,277,154,216,199,266,267,215,184,165,164,167,166,172,173,171,170,168,169,179,176,175,178,177,174,304,189,190,300,163,187,202,185,210,181,182,194,193,192,191,205,207,206,208,159,201,200,186,204,203,195,197,196,198,212,188,126,209,217,218,162,158,213,214,224,221,220,223,222,219,242,254,232,237,251,241,240,227,243,245,244,246,228,239,238,231,230,225,233,235,234,236,257,259,258,260,229,253,252,226,256,255,247,249,248,250,265,264,263,262,261,160,161,155,275,276,274,273,272,271,269,270,156,279,278,283,282,281,280,287,286,285,284,291,290,289,288,302,294,293,298,297,296,295,301,183,299,292,307,180,306,305,303
STAB 3 1 -1 2,8,7,12,9,6,3,10,5,1,4,13,11,35,37,32,21,45,42,19,43,50,46,34,33,15,14,58,72,82,91,41,25,24,39,16,40,20,27,26,36,38,44,17,52,51,23,22,18,53,47,49,48,70,59,67,65,71,69,92,83,54,29,57,74,56,73,31,78,77,76,75,66,64,63,28,62,55,85,84,30,89,93,86,88,90,79,87,81,80,96,95,97,60,94,68,61,120,246,184,121,107,108,237,243,105,232,231,266,225,267,104,268,277,218,211,193,164,175,98,101,199,251,216,147,114,270,280,190,200,250,265,129,215,142,141,157,191,176,162,136,135,284,173,186,302,248,230,170,293,297,300,304,138,115,116,252,130,127,99,110,134,100,282,117,283,261,303,152,234,148,256,299,217,139,119,298,223,185,146,212,125,144,263,305,210,174,202,258,259,253,118,281,137,295,290,307,294,269,221,124,151,236,160,222,255,288,287,189,296,279,285,179,113,140,220,306,274,289,201,158,177,195,291,254,242,102,112,131,245,240,227,106,241,239,109,228,244,238,103,149,111,233,235,171,204,292,182,181,273,272,194,154,161,168,197,180,286,133,123,128,262,163,264,166,203,226,271,276,275,214,260,229,155,159,122,278,126,156,167,165,192,132,198,249,209,150,219,207,224,196,153,208,143,178,145,188,205,183,301,169,257,206,247,213,187,172
STAB 3 1 1 2,9,6,4,8,7,3,10,1,5,12,13,11,16,14,15,19,23,24,21,25,18,22,17,20,32,37,54,57,84,83,41,43,42,40,35,39,33,27,36,26,44,38,34,52,53,45,46,50,51,49,47,48,56,29,28,55,74,73,31,91,58,59,72,71,70,69,92,76,75,78,77,63,62,66,67,64,65,30,82,85,90,60,79,88,89,86,81,87,80,97,95,96,93,68,94,61,102,109,99,103,108,107,135,136,104,101,98,100,111,134,105,127,130,131,129,128,157,230,231,232,115,113,116,114,147,123,154,124,125,122,118,211,110,106,112,164,166,234,242,243,237,209,223,178,168,220,175,170,219,169,210,174,117,199,216,132,277,268,184,215,267,266,167,138,165,137,179,177,176,148,153,145,172,171,149,151,173,146,185,289,200,202,204,197,300,304,144,208,278,192,265,194,261,301,287,180,181,272,279,190,298,163,160,296,187,286,290,224,222,221,150,303,251,254,248,257,275,212,126,133,152,188,143,140,162,120,141,218,241,227,240,142,245,262,246,233,264,235,121,119,225,228,238,139,263,213,156,294,271,269,281,280,161,302,305,307,288,158,270,193,239,236,244,191,203,226,273,214,274,276,155,159,260,229,250,259,201,182,282,283,253,252,207,196,284,285,293,198,189,249,256,258,291,186,299,195,183,205,295,297,306,247,206,292,255,217
STAB 3 1 1 2,5,6,12,1,7,3,10,8,9,4,11,13,35,32,37,19,46,33,21,34,50,45,43,42,14,15,59,67,85,92,27,17,20,26,16,36,24,41,39,40,44,38,25,48,49,22,23,18,47,53,51,52,65,58,72,70,66,64,91,31,29,54,28,63,55,62,83,75,76,77,78,71,69,74,57,73,56,82,30,84,87,93,86,80,81,79,89,90,88,94,61,68,60,96,97,95,232,246,266,231,108,107,141,142,104,120,121,184,225,215,105,199,216,251,147,265,138,149,103,102,268,218,277,211,129,250,252,200,190,270,193,114,267,243,237,117,261,171,254,106,112,285,177,298,256,158,119,148,291,299,202,185,164,127,130,280,116,115,100,134,110,99,283,157,282,191,217,223,139,170,302,297,303,234,230,186,152,304,174,224,124,210,236,255,144,146,300,294,156,281,128,253,166,183,198,247,258,229,126,125,178,263,203,188,305,249,207,289,195,201,284,172,131,242,133,292,276,189,279,248,173,296,293,162,140,101,135,113,245,227,240,136,241,264,109,233,262,235,98,175,111,228,238,176,163,306,278,208,155,159,192,132,226,153,187,206,196,220,122,118,244,204,239,137,160,161,260,274,214,275,271,269,273,272,123,182,221,259,165,167,194,154,290,288,150,209,143,287,212,286,168,181,219,151,169,222,301,295,205,145,213,180,307,257,197,179
STAB 3 1 -1 1,5,6,11,2,3,7,8,10,9,4,12,13,36,27,26,20,47,34,17,33,49,48,44,38,16,15,62,64,80,61,32,21,19,37,14,35,25,39,41,40,43,42,24,45,50,18,23,22,46,52,51,53,66,63,76,78,65,67,68,31,28,55,29,58,54,59,60,71,72,69,70,75,77,73,56,74,57,81,30,79,86,94,87,85,82,84,89,88,90,93,92,91,83,96,95,97,227,236,160,240,103,102,142,141,112,121,120,163,242,162,106,159,158,229,133,261,137,148,108,107,155,214,156,126,125,260,253,201,182,276,192,116,161,233,228,118,265,170,226,105,104,286,178,295,255,216,119,149,288,301,186,187,165,122,124,283,114,113,100,134,111,109,280,154,281,194,213,222,139,171,292,296,307,245,241,202,144,180,179,219,130,188,246,256,152,153,183,293,277,282,132,252,167,300,208,257,249,251,211,129,177,263,204,210,306,258,196,290,205,200,287,168,123,225,147,302,270,181,278,259,169,297,294,215,140,98,136,115,234,232,231,135,230,262,99,243,264,244,101,176,110,237,239,175,184,305,279,198,268,199,193,128,254,146,185,197,207,221,127,117,235,203,238,138,266,267,250,271,218,269,274,275,272,273,131,190,220,248,164,166,191,157,289,291,143,212,150,284,209,285,172,189,224,145,173,223,299,298,195,151,217,304,303,247,206,174
STAB 3 1 -1 1,9,6,4,10,3,7,8,2,5,11,13,12,14,16,15,20,23,25,17,24,22,18,21,19,27,26,55,56,79,60,39,44,38,40,36,41,34,32,35,37,43,42,33,53,52,48,47,49,51,50,46,45,57,28,29,54,73,74,31,68,63,62,76,75,78,77,61,72,71,70,69,58,59,65,64,67,66,30,81,80,88,83,84,90,89,87,82,86,85,95,97,96,94,91,93,92,107,99,109,108,103,102,136,135,112,98,101,100,110,134,106,122,124,123,125,132,154,241,240,227,113,115,114,116,133,131,157,130,129,127,117,126,111,105,104,165,167,245,225,233,228,212,222,177,172,221,176,171,224,173,188,179,118,159,158,128,156,155,163,162,161,160,166,137,164,138,174,178,175,149,146,151,168,170,148,145,169,153,187,290,201,186,203,206,183,180,152,198,279,193,261,191,265,299,284,304,189,273,278,182,295,184,266,297,185,285,289,219,223,220,143,307,229,226,259,247,269,209,211,147,144,210,150,140,215,121,142,214,230,232,231,141,234,264,236,243,262,244,120,119,242,237,239,139,263,217,277,293,274,275,282,283,267,292,306,303,291,216,276,192,238,246,235,194,204,254,272,218,271,270,268,199,250,251,260,248,200,190,281,280,252,253,196,207,287,286,294,208,181,258,255,249,288,202,301,205,300,195,298,296,305,257,197,302,256,213
STAB 3 1 1 1,10,3,11,9,6,7,8,5,2,4,13,12,36,26,27,17,48,38,20,44,49,47,33,34,15,16,63,76,81,68,39,24,25,41,14,40,19,32,37,35,42,43,21,53,51,23,18,22,52,46,50,45,78,62,64,66,75,77,61,60,55,28,56,73,57,74,31,70,69,72,71,65,67,58,29,59,54,80,79,30,89,94,87,90,88,84,86,82,85,96,97,95,83,93,91,92,121,236,163,120,102,103,228,233,106,227,240,160,242,161,112,155,156,214,126,192,165,176,101,98,159,229,158,133,116,276,283,182,201,260,261,125,162,141,142,154,194,175,215,135,136,287,169,202,292,259,241,171,294,296,183,180,137,113,114,253,124,122,109,111,134,100,281,118,280,265,307,144,245,149,255,301,213,139,119,295,222,187,153,209,129,152,263,306,188,179,186,249,248,252,117,282,138,298,289,303,293,275,220,130,145,246,266,223,256,291,284,181,297,278,286,174,115,140,221,305,271,290,200,216,178,205,288,226,225,107,104,123,234,231,232,105,230,238,99,237,235,239,108,148,110,243,244,170,203,302,190,189,272,273,191,157,267,172,206,304,285,147,131,132,264,184,262,167,204,254,274,270,269,218,250,251,268,199,127,279,211,277,166,164,193,128,208,258,212,143,224,196,219,207,146,198,150,177,151,210,195,300,299,173,247,197,257,217,185,168
STAB 3 1 1 1,2,3,4,5,6,7,8,9,10,11,12,13,14,15,16,17,18,19,20,21,22,23,24,25,26,27,28,29,30,31,32,33,34,35,36,37,38,39,40,41,42,43,44,45,46,47,48,49,50,51,52,53,54,55,56,57,58,59,60,61,62,63,64,65,66,67,68,69,70,71,72,73,74,75,76,77,78,79,80,81,82,83,84,85,86,87,88,89,90,91,92,93,94,95,96,97,98,99,100,101,102,103,104,105,106,107,108,109,110,111,112,113,114,115,116,117,118,119,120,121,122,123,124,125,126,127,128,129,130,131,132,133,134,135,136,137,138,139,140,141,142,143,144,145,146,147,148,149,150,151,152,153,154,155,156,157,158,159,160,161,162,163,164,165,166,167,168,169,170,171,172,173,174,175,176,177,178,179,180,181,182,183,184,185,186,187,188,189,190,191,192,193,194,195,196,197,198,199,200,201,202,203,204,205,206,207,208,209,210,211,212,213,214,215,216,217,218,219,220,221,222,223,224,225,226,227,228,229,230,231,232,233,234,235,236,237,238,239,240,241,242,243,244,245,246,247,248,249,250,251,252,253,254,255,256,257,258,259,260,261,262,263,264,265,266,267,268,269,270,271,272,273,274,275,276,277,278,279,280,281,282,283,284,285,286,287,288,289,290,291,292,293,294,295,296,297,298,299,300,301,302,303,304,305,306,307
STAB 3 1 1 5,1,7,11,2,3,6,9,10,8,12,4,13,26,27,36,33,49,17,34,20,47,48,38,44,35,32,64,62,80,61,15,19,21,14,37,16,43,40,41,39,25,24,42,23,18,50,45,46,22,52,53,51,63,66,78,76,55,28,94,92,67,65,59,54,58,29,93,74,57,73,56,77,75,69,70,71,72,87,85,86,79,68,81,30,84,82,90,88,89,60,31,83,91,97,95,96,240,163,160,227,121,120,106,112,141,103,102,236,162,242,142,229,133,159,158,137,261,148,107,108,260,276,182,201,200,155,192,126,156,214,253,216,161,228,233,265,118,170,226,104,105,288,186,301,187,116,149,119,286,295,178,255,283,250,190,165,147,251,266,267,225,246,154,280,194,281,292,296,171,139,213,222,180,241,245,144,202,307,303,293,277,195,109,153,177,256,205,219,130,167,252,132,282,210,258,306,196,113,129,211,152,204,263,300,257,208,249,287,183,125,290,302,270,111,114,168,123,294,259,278,297,169,181,110,254,231,243,199,176,101,98,237,175,239,184,136,244,264,232,234,215,135,262,230,99,197,221,207,127,115,128,193,140,185,146,305,198,279,268,138,238,203,235,117,100,134,122,273,131,272,275,274,269,271,218,124,248,220,157,191,166,164,212,143,291,289,285,209,284,150,217,224,189,299,223,173,145,151,188,298,172,174,179,206,247,304
STAB 3 1 1 5,8,7,12,10,3,6,9,2,1,11,13,4,37,35,32,33,45,43,34,42,46,50,19,21,27,36,65,70,86,93,40,38,44,39,26,41,17,15,16,14,25,24,20,51,52,48,49,47,53,18,22,23,72,67,59,58,69,71,92,94,66,64,78,77,76,75,61,57,74,56,73,54,29,55,62,28,63,85,87,80,88,91,82,89,90,81,84,79,30,95,96,97,68,83,60,31,108,184,246,107,121,120,243,237,141,231,232,266,215,267,142,250,190,270,200,252,280,245,227,240,251,199,147,216,158,218,164,277,211,268,138,201,225,104,105,283,282,241,111,228,233,289,296,152,217,279,234,139,189,223,195,303,265,229,133,193,182,260,236,242,161,160,191,261,157,117,304,186,230,119,185,298,302,170,148,299,297,256,255,287,126,178,203,247,205,307,177,207,221,128,137,166,118,145,209,174,224,271,259,156,301,99,100,169,146,150,212,293,173,248,291,180,159,226,278,206,272,284,129,114,202,300,285,254,110,103,106,276,175,101,98,112,176,244,163,136,239,264,102,149,162,135,262,171,204,172,130,219,275,274,167,165,134,213,257,179,143,116,214,253,235,109,238,281,263,140,269,131,273,123,127,115,122,113,155,220,125,124,194,154,132,192,249,198,290,288,181,258,294,208,187,196,286,144,295,183,210,188,151,222,197,306,305,168,153,292
STAB 3 1 -1 5,10,3,11,8,7,6,9,1,2,12,13,4,26,36,27,34,48,44,33,38,47,49,20,17,32,35,66,78,87,94,40,42,43,41,37,39,21,15,14,16,24,25,19,51,53,45,50,46,52,22,18,23,76,64,62,63,77,75,61,93,65,67,70,69,72,71,92,56,73,57,74,55,28,54,59,29,58,80,86,85,90,68,81,89,88,82,79,84,30,97,96,95,91,60,83,31,103,163,236,102,120,121,233,228,142,240,227,160,162,161,141,260,182,276,201,253,283,234,232,231,229,159,133,158,216,214,165,156,126,155,137,200,242,112,106,280,281,230,110,237,243,290,297,144,213,278,245,139,181,222,205,307,261,251,147,192,190,250,246,225,267,266,194,265,154,118,180,202,241,119,187,295,292,171,149,301,296,255,256,284,211,177,204,257,195,303,178,196,220,132,138,167,117,151,212,179,219,274,248,277,299,109,100,173,153,143,209,294,169,259,288,304,199,254,279,197,273,287,125,116,186,183,286,226,111,108,105,270,176,98,101,104,175,235,184,135,238,262,107,148,215,136,264,170,203,168,124,224,269,271,166,164,134,217,247,174,150,114,218,252,244,99,239,282,263,140,275,123,272,131,122,113,127,115,268,221,129,130,191,157,128,193,258,208,289,291,189,249,293,198,185,207,285,152,298,300,188,210,145,223,206,305,306,172,146,302
STAB 3 1 -1 5,2,3,12,1,7,6,9,8,10,11,4,13,37,32,35,34,50,21,33,19,46,45,42,43,36,27,67,59,85,92,15,20,17,16,26,14,44,40,39,41,24,25,38,23,22,49,48,47,18,53,52,51,58,65,70,72,54,29,93,61,64,66,62,55,63,28,94,73,56,74,57,69,71,77,78,75,76,86,80,87,84,91,82,30,79,81,88,90,89,83,31,60,68,95,97,96,231,184,266,232,120,121,105,104,142,108,107,246,215,225,141,251,147,199,216,138,265,149,102,103,250,270,190,200,201,268,193,211,277,218,252,158,267,237,243,261,117,171,254,112,106,291,202,299,185,114,148,119,285,298,177,256,280,260,182,164,133,229,160,161,242,236,157,283,191,282,302,297,170,139,217,223,304,230,234,152,186,303,307,294,156,205,99,146,178,255,195,224,124,166,253,128,281,188,249,305,207,115,125,126,144,203,263,183,247,198,258,284,300,129,289,292,276,110,116,172,131,293,248,279,296,173,189,111,226,240,233,159,175,98,101,228,176,238,163,135,235,262,227,245,162,136,264,241,109,206,220,196,122,113,132,192,140,187,153,306,208,278,155,137,239,204,244,118,100,134,127,272,123,273,269,271,275,274,214,130,259,221,154,194,167,165,209,150,288,290,286,212,287,143,213,219,181,301,222,169,151,145,210,295,168,179,174,197,257,180
STAB 3 1 -1 8,9,6,13,2,3,7,1,10,5,12,4,11,39,41,40,42,51,25,43,24,53,52,44,38,35,37,69,73,88,95,14,21,19,15,32,16,34,36,27,26,17,20,33,22,18,50,46,45,23,48,47,49,74,71,75,77,56,57,96,91,72,70,58,29,59,54,93,63,28,62,55,76,78,64,65,66,67,89,82,86,79,97,90,84,30,85,81,80,87,60,83,31,92,68,61,94,227,204,203,240,231,232,136,135,237,98,101,263,254,140,243,269,220,272,248,166,191,170,108,107,271,274,278,279,190,273,194,221,259,275,281,277,226,233,228,193,128,148,161,105,104,249,298,205,197,130,175,230,196,183,151,305,282,270,200,167,211,218,184,215,225,246,132,252,192,253,306,195,176,234,257,188,206,241,245,210,300,247,217,291,216,296,109,168,173,302,301,143,116,165,280,154,283,144,294,292,286,131,114,147,223,163,236,202,213,181,288,207,295,124,198,256,250,111,129,153,122,258,156,182,299,145,208,134,162,121,142,268,171,102,103,141,149,264,266,106,262,239,120,139,267,112,244,119,100,187,126,287,115,127,118,265,242,304,174,255,290,201,199,164,235,160,238,157,99,110,123,155,113,159,214,276,229,260,251,125,158,133,117,261,137,138,224,219,293,189,284,150,285,209,303,212,289,297,152,177,169,178,222,186,179,146,172,180,307,185
STAB 3 1 -1 8,5,6,12,10,3,7,1,2,9,13,11,4,32,35,37,42,46,34,43,33,45,50,21,19,41,40,70,65,86,93,36,44,38,26,39,27,25,14,16,15,17,20,24,49,48,52,51,53,47,18,23,22,67,72,58,59,64,66,91,96,71,69,75,76,77,78,95,28,63,55,62,29,54,56,73,57,74,82,89,88,80,92,85,87,81,90,30,79,84,61,94,68,97,31,60,83,107,266,246,108,231,232,142,141,237,121,120,184,267,215,243,270,200,250,190,280,252,245,240,227,218,268,211,277,248,251,138,216,147,199,164,279,225,105,104,282,283,241,111,233,228,189,195,223,303,201,139,234,289,152,296,217,193,269,220,265,278,271,263,140,226,203,261,191,117,157,185,298,119,230,304,186,256,148,170,297,299,302,305,207,221,151,160,307,301,247,173,287,126,118,166,137,128,169,150,146,212,260,156,259,205,100,99,145,174,209,224,291,177,158,293,206,272,161,182,180,159,285,114,129,300,202,284,162,134,98,136,274,149,102,103,135,171,262,204,106,264,239,101,175,254,112,244,176,163,179,116,143,214,276,165,167,110,257,213,172,219,130,275,281,238,109,235,253,236,242,229,113,155,122,115,127,123,131,273,133,124,125,192,132,154,194,288,290,198,249,208,294,258,181,197,286,196,210,183,295,144,222,178,188,187,292,255,153,168,306
STAB 3 1 1 8,10,3,13,5,6,7,1,9,2,12,11,4,39,40,41,43,52,38,42,44,53,51,24,25,37,35,71,75,89,96,36,33,34,27,32,26,19,14,15,16,20,17,21,49,47,46,50,45,48,23,18,22,77,69,73,74,76,78,95,93,70,72,65,64,67,66,91,55,62,28,63,56,57,29,58,54,59,88,86,82,81,97,90,87,80,85,79,30,84,68,94,61,92,60,31,83,98,204,263,101,232,231,228,233,243,227,240,203,254,226,237,271,278,274,279,281,282,139,120,121,269,272,220,248,277,275,167,259,221,273,166,190,140,135,136,252,253,119,134,141,142,198,299,210,257,182,245,234,208,188,301,247,191,218,211,194,200,270,246,225,215,184,192,193,132,128,206,300,241,230,197,183,306,176,175,205,195,305,302,285,147,173,163,213,296,217,151,286,133,154,164,165,157,178,224,172,143,276,158,216,297,109,99,177,168,219,150,258,145,156,249,185,268,162,201,187,155,207,124,130,298,295,196,161,111,107,104,250,171,103,102,105,149,238,266,112,235,244,108,170,267,106,239,148,160,153,125,212,229,260,137,138,110,303,307,146,209,129,251,280,262,100,264,283,236,242,214,122,159,113,123,131,115,127,199,126,114,116,261,117,118,265,294,181,189,293,289,288,291,290,304,287,284,223,186,202,222,144,169,152,180,255,292,179,174,256
STAB 3 1 1 8,2,3,12,9,6,7,1,5,10,13,4,11,32,37,35,43,50,19,42,21,45,46,33,34,40,41,72,58,82,91,14,24,25,16,39,15,38,36,26,27,20,17,44,22,23,51,52,53,18,47,48,49,59,70,65,67,29,54,93,95,69,71,73,56,74,57,96,62,55,63,28,64,66,76,75,78,77,86,88,89,30,92,85,84,79,90,80,81,87,31,83,60,97,61,68,94,121,266,184,120,232,231,104,105,243,107,108,246,267,225,237,218,211,268,277,164,193,175,101,98,270,250,200,190,279,199,265,147,216,251,280,248,215,141,142,191,157,176,162,135,136,293,300,297,304,129,170,230,284,186,173,302,252,271,278,138,220,269,203,226,140,263,117,282,261,283,256,299,148,234,303,152,185,119,139,223,298,217,247,258,259,301,100,174,151,305,296,212,125,137,281,118,253,222,288,255,287,127,124,221,210,160,236,295,307,290,294,285,202,114,189,306,274,134,130,179,113,291,158,201,195,177,289,111,161,227,228,272,149,103,102,233,171,235,204,112,238,244,240,245,254,106,239,241,109,180,133,286,123,131,154,194,242,197,168,292,181,182,273,166,264,163,262,128,99,110,115,159,122,155,229,260,214,276,275,116,156,126,132,192,165,167,150,209,249,198,196,224,207,219,257,143,208,205,188,145,178,169,144,183,153,172,146,187,213,206
STAB 3 1 1 9,8,7,13,2,3,6,5,10,1,4,12,11,40,41,39,24,53,43,25,42,51,52,38,44,16,14,73,69,88,95,37,19,21,32,15,35,17,26,27,36,34,33,20,46,50,18,22,23,45,48,49,47,71,74,77,75,70,72,97,83,57,56,54,59,29,58,60,66,67,64,65,78,76,62,55,63,28,90,84,79,86,96,89,82,85,30,87,80,81,93,91,92,31,94,61,68,240,263,203,227,98,101,243,237,135,231,232,204,140,254,136,272,248,269,220,191,166,170,107,108,273,275,259,221,124,271,281,279,278,274,194,130,226,228,233,128,193,148,161,104,105,196,151,183,305,277,230,175,249,205,298,197,167,123,125,282,129,131,99,110,111,109,252,132,253,192,257,188,234,176,306,195,247,245,241,300,210,206,172,143,116,222,246,302,223,168,295,291,216,283,154,280,165,202,181,213,288,218,147,114,173,236,163,144,292,294,286,198,301,190,207,153,122,225,211,256,250,208,182,156,145,299,258,267,242,103,106,127,139,120,121,112,119,244,100,142,239,262,102,171,134,141,264,149,266,255,201,290,199,268,265,118,162,174,304,187,287,126,115,157,238,160,235,164,184,215,270,260,251,229,276,214,159,155,113,200,133,158,138,137,261,117,189,293,219,224,209,285,150,284,179,289,212,169,177,152,297,186,296,178,303,185,217,307,180,146
STAB 3 1 1 9,1,7,4,10,3,6,5,2,8,13,11,12,15,16,14,24,22,17,25,20,23,18,19,21,41,39,56,55,79,60,26,38,44,36,40,27,43,37,35,32,34,33,42,47,48,52,53,51,49,50,45,46,28,57,54,29,62,63,83,97,74,73,77,78,75,76,95,67,66,65,64,59,58,70,69,72,71,84,90,88,80,31,30,81,87,89,85,86,82,61,68,94,96,92,93,91,108,100,109,107,98,101,106,112,135,103,102,99,134,110,136,123,125,122,124,154,132,241,227,240,131,127,129,130,220,113,117,116,114,115,157,221,111,104,105,167,165,245,225,228,233,224,188,173,179,126,171,176,212,177,222,172,128,272,248,118,259,273,204,254,226,203,137,166,138,164,146,151,149,175,174,178,153,148,170,169,145,168,197,198,279,298,160,180,295,206,223,290,201,265,191,261,193,297,285,185,289,155,182,278,183,266,184,299,304,284,189,143,152,133,219,247,269,161,156,307,229,150,147,211,210,144,209,242,267,231,243,275,119,120,121,237,139,239,263,142,244,262,232,230,140,141,264,234,236,303,216,291,276,214,283,282,215,306,292,217,293,277,274,194,235,246,238,192,163,162,159,251,260,250,199,268,270,218,271,158,190,200,253,252,280,281,286,287,207,196,258,181,208,294,305,288,249,300,205,301,202,296,186,195,255,213,187,256,302,257
STAB 3 1 -1 9,10,3,13,1,7,6,5,8,2,4,11,12,40,39,41,25,52,44,24,38,51,53,42,43,14,16,74,77,90,97,26,20,17,27,15,36,21,37,32,35,33,34,19,47,49,22,18,23,48,45,50,46,75,73,69,71,78,76,95,60,56,57,55,62,28,63,83,65,64,67,66,70,72,59,54,58,29,88,79,84,87,96,89,81,80,30,86,85,82,94,68,61,31,93,92,91,231,263,204,232,101,98,233,228,136,240,227,203,140,226,135,273,259,275,221,194,167,171,102,103,272,269,248,220,130,274,282,278,279,271,191,124,254,237,243,132,192,149,267,112,106,207,145,300,306,156,241,176,258,195,295,206,166,131,129,281,125,123,109,111,110,99,253,128,252,193,247,210,245,175,305,205,257,234,230,183,188,197,168,150,114,223,236,292,222,172,298,288,158,280,157,283,164,186,189,217,291,214,133,116,169,246,184,152,302,293,285,208,299,182,196,146,127,242,126,255,260,198,190,277,151,301,249,161,225,108,105,122,139,121,120,104,119,235,100,141,238,264,107,170,134,142,262,148,160,256,200,289,159,155,261,117,215,179,180,185,284,211,113,154,239,266,244,165,163,162,276,250,229,251,270,218,199,268,115,201,147,216,137,138,265,118,181,294,224,219,212,286,143,287,174,290,209,173,178,144,296,202,297,177,307,187,213,303,304,153
STAB 3 1 -1 9,2,3,4,8,7,6,5,1,10,13,12,11,15,14,16,25,18,21,24,19,23,22,20,17,39,41,57,54,84,83,37,42,43,35,40,32,44,26,36,27,33,34,38,46,45,53,52,51,50,49,48,47,29,56,55,28,59,58,60,95,73,74,69,70,71,72,97,64,65,66,67,62,63,78,77,76,75,79,88,90,85,31,30,82,86,89,80,87,81,92,91,93,96,61,94,68,103,100,99,102,101,98,105,104,136,108,107,109,134,111,135,131,129,127,130,157,128,230,232,231,123,122,125,124,221,115,118,114,116,113,154,220,110,112,106,166,164,234,242,237,243,219,210,169,174,211,170,175,209,178,223,168,132,273,259,117,248,272,203,226,254,204,138,167,137,165,153,145,148,176,179,177,146,149,171,173,151,172,206,208,278,295,266,304,298,197,222,289,200,261,194,265,192,296,286,187,290,268,190,279,300,160,163,301,180,287,181,150,144,147,224,257,275,267,277,303,251,143,133,126,188,152,212,225,161,240,233,269,119,121,120,228,139,238,263,141,235,264,227,241,140,142,262,245,246,307,158,288,270,218,280,281,162,305,302,213,294,156,271,191,244,236,239,193,184,215,199,229,250,260,159,155,276,214,274,216,182,201,252,253,283,282,285,284,196,207,249,189,198,293,306,291,258,183,195,299,186,297,202,205,256,217,185,255,292,247
STAB 3 1 -1 10,8,7,13,5,6,3,2,9,1,11,12,4,41,40,39,44,53,42,38,43,52,51,25,24,26,36,75,71,89,96,35,34,33,32,27,37,20,16,15,14,19,21,17,50,46,47,49,48,45,23,22,18,69,77,74,73,72,70,97,94,78,76,66,67,64,65,68,54,59,29,58,57,56,28,63,55,62,90,87,81,82,95,88,86,85,80,84,30,79,91,93,92,61,83,31,60,101,203,263,98,227,240,237,243,233,232,231,204,226,254,228,274,279,271,278,282,281,139,121,120,275,273,221,259,156,269,166,248,220,272,167,182,140,136,135,253,252,119,134,142,141,208,301,188,247,190,234,245,198,210,299,257,194,214,126,191,201,276,236,242,162,163,193,192,128,132,197,183,230,241,206,300,305,175,176,195,205,306,292,286,133,169,184,217,297,213,145,285,147,157,165,164,154,177,219,168,150,270,216,158,296,99,109,178,172,224,143,249,151,277,258,187,155,215,200,185,268,196,130,124,295,298,207,267,110,102,112,260,170,108,107,106,148,239,160,104,244,235,103,171,161,105,238,149,266,146,129,209,251,250,138,137,111,307,303,153,212,125,229,283,264,100,262,280,246,225,218,127,199,115,131,123,113,122,159,211,116,114,265,118,117,261,293,189,181,294,290,291,288,289,180,284,287,222,202,186,223,152,173,144,304,256,302,174,179,255
STAB 3 1 -1 10,1,7,11,9,6,3,2,5,8,13,4,12,27,26,36,44,49,20,38,17,48,47,34,33,40,39,76,63,81,68,16,25,24,14,41,15,42,35,37,32,19,21,43,18,23,51,53,52,22,46,45,50,62,78,66,64,28,55,94,97,77,75,74,57,73,56,96,59,54,58,29,67,65,72,71,70,69,87,90,89,30,61,80,79,84,88,85,82,86,31,60,83,95,92,91,93,120,160,163,121,227,240,112,106,233,102,103,236,161,242,228,214,126,155,156,165,192,176,98,101,276,260,201,182,278,159,261,133,158,229,283,259,162,142,141,194,154,175,215,136,135,294,183,296,180,125,171,241,287,202,169,292,253,274,279,137,221,275,204,254,140,263,118,281,265,280,255,301,149,245,307,144,187,119,139,222,295,213,257,249,248,299,100,179,145,306,297,209,129,138,282,117,252,223,291,256,284,122,130,220,188,266,246,298,303,289,293,286,186,116,181,305,271,134,124,174,115,288,216,200,205,178,290,110,267,232,237,273,148,108,107,243,170,244,203,104,239,235,231,234,226,105,238,230,99,304,147,285,131,123,157,191,225,206,172,302,189,190,272,167,262,184,264,132,109,111,113,199,127,268,251,250,218,270,269,114,277,211,128,193,164,166,143,212,258,208,207,219,196,224,247,150,198,195,210,151,177,173,152,300,146,168,153,185,217,197
STAB 3 1 1 10,9,6,13,1,7,3,2,8,5,11,4,12,41,39,40,38,51,24,44,25,52,53,43,42,36,26,77,74,90,97,16,17,20,15,27,14,33,35,32,37,21,19,34,18,22,49,47,48,23,45,46,50,73,75,71,69,57,56,96,68,76,78,63,28,62,55,94,58,29,59,54,72,70,67,66,65,64,89,81,87,84,95,88,79,30,80,82,85,86,83,60,31,61,91,92,93,232,203,204,231,240,227,135,136,228,101,98,263,226,140,233,275,221,273,259,167,194,171,103,102,274,271,279,278,182,272,191,220,248,269,282,156,254,243,237,192,132,149,267,106,112,258,295,195,206,124,176,241,207,300,145,306,281,276,201,166,126,214,163,162,242,236,128,253,193,252,305,205,175,245,247,210,197,230,234,188,183,257,213,288,158,297,99,172,169,292,299,150,114,164,283,157,280,152,293,302,285,123,116,133,222,184,246,186,217,189,291,196,298,130,208,255,260,110,125,146,127,249,277,190,301,151,198,134,215,120,141,155,170,107,108,142,148,262,160,105,264,238,121,139,161,104,235,119,100,185,211,284,113,122,117,261,225,180,179,256,289,200,159,165,244,266,239,154,109,111,131,268,115,199,218,270,251,250,229,129,216,147,118,265,138,137,219,224,294,181,287,143,286,212,307,209,290,296,144,178,173,177,223,202,174,153,168,304,303,187
STAB 3 1 1 10,5,6,11,8,7,3,2,1,9,13,12,4,27,36,26,38,47,33,44,34,48,49,17,20,39,40,78,66,87,94,35,43,42,37,41,32,24,16,14,15,21,19,25,50,45,53,51,52,46,22,23,18,64,76,63,62,67,65,68,96,75,77,71,72,69,70,97,29,58,54,59,28,55,57,74,56,73,81,89,90,85,61,80,86,82,88,30,84,79,92,93,91,95,31,83,60,102,160,236,103,240,227,141,142,228,120,121,163,161,162,233,276,201,260,182,283,253,234,231,232,214,155,126,156,259,229,137,158,133,159,165,278,242,106,112,281,280,230,110,243,237,181,205,222,307,200,139,245,290,144,297,213,192,275,221,261,279,274,263,140,254,204,265,194,118,154,187,295,119,241,180,202,255,149,171,296,301,292,306,196,220,145,266,303,299,257,169,284,211,117,167,138,132,173,143,153,209,250,277,248,195,100,109,151,179,212,219,288,178,216,294,197,273,267,190,304,199,286,116,125,183,186,287,215,134,101,135,271,148,107,108,136,170,264,203,105,262,238,98,176,226,104,235,175,184,174,114,150,218,270,164,166,111,247,217,168,224,124,269,282,239,99,244,252,246,225,251,115,268,127,113,122,131,123,272,147,130,129,193,128,157,191,291,289,208,258,198,293,249,189,206,285,207,188,300,298,152,223,177,210,185,302,256,146,172,305
BOUND 3 1 1 1,2,3,4,5,6,7,8,9,10,11,12,13,14,15,16,17,18,19,20,21,22,23,24,25,26,27,28,29,30,31,32,33,34,35,36,37,38,39,40,41,42,43,44,45,46,47,48,49,50,51,52,53,54,55,56,57,58,59,60,61,62,63,64,65,66,67,68,69,70,71,72,73,74,75,76,77,78,79,80,81,82,83,84,85,86,87,88,89,90,91,92,93,94,95,96,97,98,99,100,101,102,103,104,105,106,107,108,109,110,111,112,113,114,115,116,117,118,119,120,121,122,123,124,125,126,127,128,129,130,131,132,133,134,135,136,137,138,139,140,141,142,143,144,145,146,147,148,149,150,151,152,153,154,155,156,157,158,159,160,161,162,163,164,165,166,167,168,169,170,171,172,173,174,175,176,177,178,179,180,181,182,183,184,185,186,187,188,189,190,191,192,193,194,195,196,197,198,199,200,201,202,203,204,205,206,207,208,209,210,211,212,213,214,215,216,217,218,219,220,221,222,223,224,225,226,227,228,229,230,231,232,233,234,235,236,237,238,239,240,241,242,243,244,245,246,247,248,249,250,251,252,253,254,255,256,257,258,259,260,261,262,263,264,265,266,267,268,269,270,271,272,273,274,275,276,277,278,279,280,281,282,283,284,285,286,287,288,289,290,291,292,293,294,295,296,297,298,299,300,301,302,303,304,305,306,307
BOUND 3 1 -1 1,5,6,11,2,3,7,8,10,9,4,12,13,36,27,26,20,47,34,17,33,49,48,44,38,16,15,62,64,80,61,32,21,19,37,14,35,25,39,41,40,43,42,24,45,50,18,23,22,46,52,51,53,66,63,76,78,65,67,68,31,28,55,29,58,54,59,60,71,72,69,70,75,77,73,56,74,57,81,30,79,86,94,87,85,82,84,89,88,90,93,92,91,83,96,95,97,227,236,160,240,103,102,142,141,112,121,120,163,242,162,106,159,158,229,133,261,137,148,108,107,155,214,156,126,125,260,253,201,182,276,192,116,161,233,228,118,265,170,226,105,104,286,178,295,255,216,119,149,288,301,186,187,165,122,124,283,114,113,100,134,111,109,280,154,281,194,213,222,139,171,292,296,307,245,241,202,144,180,179,219,130,188,246,256,152,153,183,293,277,282,132,252,167,300,208,257,249,251,211,129,177,263,204,210,306,258,196,290,205,200,287,168,123,225,147,302,270,181,278,259,169,297,294,215,140,98,136,115,234,232,231,135,230,262,99,243,264,244,101,176,110,237,239,175,184,305,279,198,268,199,193,128,254,146,185,197,207,221,127,117,235,203,238,138,266,267,250,271,218,269,274,275,272,273,131,190,220,248,164,166,191,157,289,291,143,212,150,284,209,285,172,189,224,145,173,223,299,298,195,151,217,304,303,247,206,174
BOUND 3 1 1 5,1,7,11,2,3,6,9,10,8,12,4,13,26,27,36,33,49,17,34,20,47,48,38,44,35,32,64,62,80,61,15,19,21,14,37,16,43,40,41,39,25,24,42,23,18,50,45,46,22,52,53,51,63,66,78,76,55,28,94,92,67,65,59,54,58,29,93,74,57,73,56,77,75,69,70,71,72,87,85,86,79,68,81,30,84,82,90,88,89,60,31,83,91,97,95,96,240,163,160,227,121,120,106,112,141,103,102,236,162,242,142,229,133,159,158,137,261,148,107,108,260,276,182,201,200,155,192,126,156,214,253,216,161,228,233,265,118,170,226,104,105,288,186,301,187,116,149,119,286,295,178,255,283,250,190,165,147,251,266,267,225,246,154,280,194,281,292,296,171,139,213,222,180,241,245,144,202,307,303,293,277,195,109,153,177,256,205,219,130,167,252,132,282,210,258,306,196,113,129,211,152,204,263,300,257,208,249,287,183,125,290,302,270,111,114,168,123,294,259,278,297,169,181,110,254,231,243,199,176,101,98,237,175,239,184,136,244,264,232,234,215,135,262,230,99,197,221,207,127,115,128,193,140,185,146,305,198,279,268,138,238,203,235,117,100,134,122,273,131,272,275,274,269,271,218,124,248,220,157,191,166,164,212,143,291,289,285,209,284,150,217,224,189,299,223,173,145,151,188,298,172,174,179,206,247,304
BOUND 3 1 -1 5,10,3,11,8,7,6,9,1,2,12,13,4,26,36,27,34,48,44,33,38,47,49,20,17,32,35,66,78,87,94,40,42,43,41,37,39,21,15,14,16,24,25,19,51,53,45,50,46,52,22,18,23,76,64,62,63,77,75,61,93,65,67,70,69,72,71,92,56,73,57,74,55,28,54,59,29,58,80,86,85,90,68,81,89,88,82,79,84,30,97,96,95,91,60,83,31,103,163,236,102,120,121,233,228,142,240,227,160,162,161,141,260,182,276,201,253,283,234,232,231,229,159,133,158,216,214,165,156,126,155,137,200,242,112,106,280,281,230,110,237,243,290,297,144,213,278,245,139,181,222,205,307,261,251,147,192,190,250,246,225,267,266,194,265,154,118,180,202,241,119,187,295,292,171,149,301,296,255,256,284,211,177,204,257,195,303,178,196,220,132,138,167,117,151,212,179,219,274,248,277,299,109,100,173,153,143,209,294,169,259,288,304,199,254,279,197,273,287,125,116,186,183,286,226,111,108,105,270,176,98,101,104,175,235,184,135,238,262,107,148,215,136,264,170,203,168,124,224,269,271,166,164,134,217,247,174,150,114,218,252,244,99,239,282,263,140,275,123,272,131,122,113,127,115,268,221,129,130,191,157,128,193,258,208,289,291,189,249,293,198,185,207,285,152,298,300,188,210,145,223,206,305,306,172,146,302
BOUND 3 1 -2 1,2,3,4,5,6,7,8,9,10,11,12,13,14,15,16,17,18,19,20,21,22,23,24,25,26,27,28,29,30,31,32,33,34,35,36,37,38,39,40,41,42,43,44,45,46,47,48,49,50,51,52,53,54,55,56,57,58,59,60,61,62,63,64,65,66,67,68,69,70,71,72,73,74,75,76,77,78,79,80,81,82,83,84,85,86,87,88,89,90,91,92,93,94,95,96,97,98,99,100,101,102,103,104,105,106,107,108,109,110,111,112,113,114,115,116,117,118,119,120,121,122,123,124,125,126,127,128,129,130,131,132,133,134,135,136,137,138,139,140,141,142,143,144,145,146,147,148,149,150,151,152,153,154,155,156,157,158,159,160,161,162,163,164,165,166,167,168,169,170,171,172,173,174,175,176,177,178,179,180,181,182,183,184,185,186,187,188,189,190,191,192,193,194,195,196,197,198,199,200,201,202,203,204,205,206,207,208,209,210,211,212,213,214,215,216,217,218,219,220,221,222,223,224,225,226,227,228,229,230,231,232,233,234,235,236,237,238,239,240,241,242,243,244,245,246,247,248,249,250,251,252,253,254,255,256,257,258,259,260,261,262,263,264,265,266,267,268,269,270,271,272,273,274,275,276,277,278,279,280,281,282,283,284,285,286,287,288,289,290,291,292,293,294,295,296,297,298,299,300,301,302,303,304,305,306,307
BOUND 3 1 2 2,1,7,4,5,6,3,10,9,8,12,11,13,16,15,14,21,22,20,19,17,18,23,25,24,37,32,29,28,30,31,27,34,33,36,35,26,42,41,40,39,38,44,43,48,47,46,45,50,49,51,53,52,55,54,57,56,63,62,83,92,59,58,67,66,65,64,91,77,78,75,76,74,73,71,72,69,70,84,85,82,81,60,79,80,87,86,90,89,88,68,61,94,93,97,96,95,101,109,100,98,107,108,112,106,105,102,103,99,111,110,104,115,116,113,114,118,117,119,121,120,127,131,130,129,211,122,132,125,124,123,128,147,134,136,135,138,137,139,140,142,141,150,152,151,153,133,149,148,143,145,144,146,157,268,277,154,216,199,266,267,215,184,165,164,167,166,172,173,171,170,168,169,179,176,175,178,177,174,304,189,190,300,163,187,202,185,210,181,182,194,193,192,191,205,207,206,208,159,201,200,186,204,203,195,197,196,198,212,188,126,209,217,218,162,158,213,214,224,221,220,223,222,219,242,254,232,237,251,241,240,227,243,245,244,246,228,239,238,231,230,225,233,235,234,236,257,259,258,260,229,253,252,226,256,255,247,249,248,250,265,264,263,262,261,160,161,155,275,276,274,273,272,271,269,270,156,279,278,283,282,281,280,287,286,285,284,291,290,289,288,302,294,293,298,297,296,295,301,183,299,292,307,180,306,305,303
BOUND 3 1 -2 2,5,6,12,1,7,3,10,8,9,4,11,13,35,32,37,19,46,33,21,34,50,45,43,42,14,15,59,67,85,92,27,17,20,26,16,36,24,41,39,40,44,38,25,48,49,22,23,18,47,53,51,52,65,58,72,70,66,64,91,31,29,54,28,63,55,62,83,75,76,77,78,71,69,74,57,73,56,82,30,84,87,93,86,80,81,79,89,90,88,94,61,68,60,96,97,95,232,246,266,231,108,107,141,142,104,120,121,184,225,215,105,199,216,251,147,265,138,149,103,102,268,218,277,211,129,250,252,200,190,270,193,114,267,243,237,117,261,171,254,106,112,285,177,298,256,158,119,148,291,299,202,185,164,127,130,280,116,115,100,134,110,99,283,157,282,191,217,223,139,170,302,297,303,234,230,186,152,304,174,224,124,210,236,255,144,146,300,294,156,281,128,253,166,183,198,247,258,229,126,125,178,263,203,188,305,249,207,289,195,201,284,172,131,242,133,292,276,189,279,248,173,296,293,162,140,101,135,113,245,227,240,136,241,264,109,233,262,235,98,175,111,228,238,176,163,306,278,208,155,159,192,132,226,153,187,206,196,220,122,118,244,204,239,137,160,161,260,274,214,275,271,269,273,272,123,182,221,259,165,167,194,154,290,288,150,209,143,287,212,286,168,181,219,151,169,222,301,295,205,145,213,180,307,257,197,179
BOUND 3 1 -2 2,9,6,4,8,7,3,10,1,5,12,13,11,16,14,15,19,23,24,21,25,18,22,17,20,32,37,54,57,84,83,41,43,42,40,35,39,33,27,36,26,44,38,34,52,53,45,46,50,51,49,47,48,56,29,28,55,74,73,31,91,58,59,72,71,70,69,92,76,75,78,77,63,62,66,67,64,65,30,82,85,90,60,79,88,89,86,81,87,80,97,95,96,93,68,94,61,102,109,99,103,108,107,135,136,104,101,98,100,111,134,105,127,130,131,129,128,157,230,231,232,115,113,116,114,147,123,154,124,125,122,118,211,110,106,112,164,166,234,242,243,237,209,223,178,168,220,175,170,219,169,210,174,117,199,216,132,277,268,184,215,267,266,167,138,165,137,179,177,176,148,153,145,172,171,149,151,173,146,185,289,200,202,204,197,300,304,144,208,278,192,265,194,261,301,287,180,181,272,279,190,298,163,160,296,187,286,290,224,222,221,150,303,251,254,248,257,275,212,126,133,152,188,143,140,162,120,141,218,241,227,240,142,245,262,246,233,264,235,121,119,225,228,238,139,263,213,156,294,271,269,281,280,161,302,305,307,288,158,270,193,239,236,244,191,203,226,273,214,274,276,155,159,260,229,250,259,201,182,282,283,253,252,207,196,284,285,293,198,189,249,256,258,291,186,299,195,183,205,295,297,306,247,206,292,255,217
BOUND 3 1 2 2,8,7,12,9,6,3,10,5,1,4,13,11,35,37,32,21,45,42,19,43,50,46,34,33,15,14,58,72,82,91,41,25,24,39,16,40,20,27,26,36,38,44,17,52,51,23,22,18,53,47,49,48,70,59,67,65,71,69,92,83,54,29,57,74,56,73,31,78,77,76,75,66,64,63,28,62,55,85,84,30,89,93,86,88,90,79,87,81,80,96,95,97,60,94,68,61,120,246,184,121,107,108,237,243,105,232,231,266,225,267,104,268,277,218,211,193,164,175,98,101,199,251,216,147,114,270,280,190,200,250,265,129,215,142,141,157,191,176,162,136,135,284,173,186,302,248,230,170,293,297,300,304,138,115,116,252,130,127,99,110,134,100,282,117,283,261,303,152,234,148,256,299,217,139,119,298,223,185,146,212,125,144,263,305,210,174,202,258,259,253,118,281,137,295,290,307,294,269,221,124,151,236,160,222,255,288,287,189,296,279,285,179,113,140,220,306,274,289,201,158,177,195,291,254,242,102,112,131,245,240,227,106,241,239,109,228,244,238,103,149,111,233,235,171,204,292,182,181,273,272,194,154,161,168,197,180,286,133,123,128,262,163,264,166,203,226,271,276,275,214,260,229,155,159,122,278,126,156,167,165,192,132,198,249,209,150,219,207,224,196,153,208,143,178,145,188,205,183,301,169,257,206,247,213,187,172
BOUND 3 1 -2 8,2,3,12,9,6,7,1,5,10,13,4,11,32,37,35,43,50,19,42,21,45,46,33,34,40,41,72,58,82,91,14,24,25,16,39,15,38,36,26,27,20,17,44,22,23,51,52,53,18,47,48,49,59,70,65,67,29,54,93,95,69,71,73,56,74,57,96,62,55,63,28,64,66,76,75,78,77,86,88,89,30,92,85,84,79,90,80,81,87,31,83,60,97,61,68,94,121,266,184,120,232,231,104,105,243,107,108,246,267,225,237,218,211,268,277,164,193,175,101,98,270,250,200,190,279,199,265,147,216,251,280,248,215,141,142,191,157,176,162,135,136,293,300,297,304,129,170,230,284,186,173,302,252,271,278,138,220,269,203,226,140,263,117,282,261,283,256,299,148,234,303,152,185,119,139,223,298,217,247,258,259,301,100,174,151,305,296,212,125,137,281,118,253,222,288,255,287,127,124,221,210,160,236,295,307,290,294,285,202,114,189,306,274,134,130,179,113,291,158,201,195,177,289,111,161,227,228,272,149,103,102,233,171,235,204,112,238,244,240,245,254,106,239,241,109,180,133,286,123,131,154,194,242,197,168,292,181,182,273,166,264,163,262,128,99,110,115,159,122,155,229,260,214,276,275,116,156,126,132,192,165,167,150,209,249,198,196,224,207,219,257,143,208,205,188,145,178,169,144,183,153,172,146,187,213,206
