META 29 871 1,1,2,1
CELL 0 1 24
STAB 0 1 1 2,1,7,4,5,6,3,10,9,8,12,11,13,16,15,14,21,22,20,19,17,18,23,25,24,37,32,29,28,30,31,27,34,33,36,35,26,42,41,40,39,38,44,43,48,47,46,45,50,49,51,53,52,55,54,57,56,63,62,83,92,59,58,67,66,65,64,91,77,78,75,76,74,73,71,72,69,70,84,85,82,81,60,79,80,87,86,90,89,88,68,61,94,93,97,96,95,101,109,100,98,107,108,112,106,105,102,103,99,111,110,104,115,116,113,114,118,117,119,120,122,121,128,132,131,130,212,123,133,126,125,124,129,148,135,137,136,139,138,140,141,143,142,151,153,152,154,134,150,149,144,146,145,147,158,313,325,155,217,200,306,310,216,185,166,165,168,167,173,174,172,171,169,170,180,177,176,179,178,175,436,190,191,408,164,188,203,186,211,182,183,195,194,193,192,206,208,207,209,160,202,201,187,205,204,196,198,197,199,213,189,127,210,218,219,163,159,214,215,225,222,221,224,223,220,353,374,251,265,272,285,245,319,262,238,250,237,235,248,249,254,256,255,257,232,247,246,239,240,236,228,253,252,241,243,242,244,268,270,269,271,234,264,263,229,267,266,258,260,259,261,230,291,302,278,290,277,275,288,289,294,296,295,297,231,287,286,279,280,276,273,293,292,281,283,282,284,299,298,300,301,274,304,303,308,161,307,305,312,162,311,309,156,315,314,323,324,322,233,321,320,318,316,317,157,327,326,331,330,329,328,333,332,342,343,340,341,339,338,336,337,334,335,347,346,345,344,349,348,351,350,352,226,357,356,355,354,366,367,364,365,363,362,360,361,358,359,371,370,369,368,373,372,227,377,376,375,381,380,379,378,385,384,383,382,430,395,396,393,394,392,391,389,390,387,388,401,400,415,398,397,403,402,414,412,413,411,184,410,409,407,405,406,404,399,419,418,417,416,428,429,426,427,425,424,422,423,420,421,386,432,431,440,441,439,181,438,437,435,433,434,450,451,452,453,447,446,449,448,442,443,444,445,457,456,455,454,461,460,459,458,465,464,463,462,568,511,512,510,582,515,519,607,477,476,475,474,481,480,479,478,490,491,488,489,487,486,484,485,482,483,495,494,493,492,499,498,497,496,508,509,506,507,505,504,502,503,500,501,469,467,468,514,513,471,523,524,522,472,521,520,518,516,517,530,529,584,592,526,525,534,533,532,531,591,544,545,542,543,541,540,538,539,536,537,551,550,570,571,547,546,555,554,553,552,567,565,566,563,564,562,561,559,560,557,558,556,466,572,548,549,569,576,575,574,573,589,590,587,588,585,470,586,527,581,583,579,580,577,578,535,528,596,595,594,593,605,606,603,604,602,601,599,600,597,598,473,609,608,610,614,613,612,611,618,617,616,615,627,628,625,626,624,623,621,622,619,620,632,631,630,629,636,635,634,633,643,644,641,642,639,640,637,638,646,645,648,647,651,652,649,650,669,670,671,661,660,673,674,657,656,665,664,663,662,672,668,667,653,654,655,666,658,659,678,677,676,675,689,690,687,688,685,686,683,684,681,682,679,680,692,691,694,693,695,700,702,699,698,696,704,697,703,701,709,710,708,707,705,706,712,711,715,714,713,720,722,721,723,716,718,717,719,726,727,724,725,729,728,731,730,734,735,732,733,737,736,742,743,741,740,738,739,747,748,749,744,745,746,752,753,750,751,809,761,812,759,765,757,771,755,768,769,770,758,767,766,762,763,764,760,773,772,779,780,781,778,777,774,775,776,783,782,788,789,787,786,784,785,795,792,791,794,793,790,806,799,802,797,801,800,798,807,805,804,796,803,810,754,808,813,756,811,815,814,817,816,819,818,825,826,824,827,822,820,821,823,829,828,834,835,833,832,830,831,859,856,853,850,841,840,843,842,847,846,845,844,851,852,839,848,849,838,855,854,837,860,863,836,857,862,861,858,868,869,867,866,864,865,871,870
STAB 0 1 1 2,1,4,7,15,3,6,16,9,8,21,22,24,10,5,14,12,11,17,18,20,19,25,23,13,37,29,32,27,34,33,28,30,31,99,108,55,43,41,101,56,79,60,42,123,113,114,91,105,110,136,95,125,26,54,57,39,133,117,84,115,118,58,139,146,147,138,45,168,178,173,166,155,73,171,72,69,176,83,145,212,213,44,38,144,236,249,223,238,221,126,116,276,289,124,278,53,40,107,98,100,109,35,106,112,50,103,102,36,104,49,111,92,61,47,46,59,62,122,121,119,120,130,131,132,128,82,48,63,68,52,97,129,151,137,135,51,67,64,143,142,140,141,148,134,150,149,153,152,154,80,66,85,65,158,408,310,74,215,206,436,325,218,190,76,165,77,167,75,172,174,71,170,169,177,180,70,175,78,179,306,185,164,313,191,182,197,183,210,188,186,193,194,195,192,200,160,202,201,208,207,209,196,198,199,187,205,203,204,81,127,189,211,216,163,219,214,159,217,222,225,88,220,90,224,353,319,242,259,230,294,254,374,268,89,248,235,237,250,86,245,232,247,246,256,255,257,240,239,87,241,243,244,228,253,251,252,262,234,264,263,270,269,271,258,260,261,229,267,265,266,272,282,299,96,288,275,277,290,93,285,231,287,286,296,295,297,280,279,94,281,283,284,273,293,291,292,302,274,304,303,298,300,301,463,448,649,433,458,446,652,329,451,678,727,630,689,729,645,455,405,601,375,591,444,583,582,568,459,309,572,354,357,365,684,664,366,511,338,437,337,334,430,726,474,388,389,733,486,608,780,773,363,332,769,770,333,341,793,788,342,226,362,786,361,358,791,720,611,761,722,809,623,629,647,651,316,736,750,588,525,747,735,487,680,335,818,771,475,681,573,540,344,622,619,345,494,495,768,606,702,802,600,812,454,721,597,450,595,701,845,320,723,558,559,734,555,578,533,796,565,579,545,842,840,801,671,665,856,653,531,707,462,543,706,445,658,336,855,305,751,184,156,447,449,452,162,453,161,443,442,157,181,456,457,321,412,460,461,330,312,464,465,308,440,331,339,749,485,326,515,524,709,760,724,393,346,745,567,743,746,833,581,820,857,383,348,821,510,520,866,400,401,603,700,666,620,864,848,659,621,852,861,594,704,656,859,803,667,863,467,748,516,513,518,523,519,522,517,835,482,471,514,472,577,580,586,675,752,378,871,416,670,432,317,854,427,662,441,814,391,806,715,710,827,639,638,569,825,834,633,418,843,841,853,480,429,813,765,800,829,642,399,587,574,404,741,548,328,466,826,570,815,837,557,392,737,838,560,379,869,527,584,470,491,327,426,529,530,417,731,725,718,410,505,719,844,398,493,797,688,318,697,402,411,696,693,779,351,772,757,716,717,370,690,661,849,744,677,660,824,817,810,372,509,390,387,498,646,648,323,227,742,640,828,546,830,637,738,561,551,635,644,550,632,233,631,377,376,311,307,695,686,532,423,617,628,663,804,868,502,420,340,673,542,839,822,501,386,732,823,499,438,508,315,627,819,592,324,618,816,602,862,669,836,343,394,728,730,382,705,694,691,473,650,492,397,777,712,598,504,599,783,409,607,536,870,431,692,439,698,776,539,782,753,371,368,413,406,613,596,612,593,347,314,476,528,322,682,535,679,419,384,654,349,589,381,636,479,556,739,641,740,385,468,512,615,481,478,526,713,380,434,373,369,414,755,563,614,396,759,415,356,355,762,763,764,758,767,766,477,352,610,609,350,778,781,699,775,774,711,703,714,364,787,789,360,785,784,792,795,359,790,367,794,538,798,403,604,422,564,799,805,807,674,428,500,624,808,754,566,811,756,576,541,626,687,676,395,571,549,625,537,668,488,484,655,562,634,547,521,490,831,643,832,503,421,552,851,553,424,554,425,846,847,407,605,850,506,672,496,616,590,435,544,575,858,469,683,489,685,507,860,657,585,865,483,497,867,534,708
STAB 0 1 1 2,1,3,6,5,4,7,16,9,14,19,20,23,10,15,8,18,17,11,12,22,21,13,24,25,54,32,29,28,31,30,27,33,34,102,107,55,83,57,100,56,60,79,84,126,61,92,130,104,112,135,132,124,26,37,41,39,133,62,42,46,59,129,67,149,150,64,128,168,180,174,166,155,158,170,165,167,175,43,148,211,189,38,44,134,239,248,225,237,220,123,47,279,288,125,277,131,98,108,40,101,35,109,49,110,111,36,99,103,105,106,50,114,113,116,115,118,117,120,119,121,122,91,53,95,45,210,68,63,48,97,52,58,85,51,136,137,139,138,141,140,142,143,145,144,147,146,80,65,66,153,154,151,152,73,442,447,74,216,203,453,452,217,186,76,72,77,69,172,75,173,169,171,71,78,178,179,176,177,70,449,183,182,443,188,164,200,185,82,191,190,193,192,195,194,197,196,199,198,187,204,205,160,201,202,208,209,206,207,127,81,213,212,215,214,159,163,219,218,90,223,224,221,222,88,362,646,245,262,272,291,251,632,265,235,249,89,238,86,250,242,241,244,243,228,252,253,87,236,240,232,246,247,256,257,254,255,259,258,261,260,229,266,267,234,263,264,270,271,268,269,230,285,302,275,289,96,278,93,290,282,281,284,283,273,292,293,94,276,280,231,286,287,296,297,294,295,299,298,301,300,274,303,304,462,445,376,465,459,444,695,460,450,528,592,647,731,688,629,454,457,682,648,730,446,527,584,570,458,461,548,333,332,365,653,658,366,511,467,673,358,361,669,475,771,760,476,383,384,774,779,610,363,357,766,767,354,341,795,789,342,226,353,785,334,337,790,612,759,757,613,810,808,645,630,307,631,577,529,526,589,618,348,349,615,686,677,474,726,817,814,815,724,816,676,477,599,696,765,700,603,797,799,813,455,593,847,451,504,505,844,456,596,811,758,670,838,853,654,542,575,564,823,553,554,560,827,538,574,684,870,871,463,713,544,448,664,663,536,464,715,156,184,310,306,325,157,436,181,313,408,162,161,320,405,412,321,329,309,312,330,305,433,440,308,569,339,481,860,586,522,519,691,388,344,347,396,512,740,741,468,835,865,549,863,733,735,571,858,831,869,598,697,702,606,850,657,660,839,805,822,617,683,409,410,616,685,804,824,857,338,478,516,523,518,513,524,515,472,833,832,471,514,517,736,380,326,314,379,737,707,732,734,708,679,439,655,428,753,573,576,420,751,435,671,742,643,331,484,637,738,590,424,425,578,739,837,812,768,426,635,634,762,422,856,756,743,572,466,328,488,568,540,429,421,541,378,555,801,752,866,583,582,327,867,470,800,750,381,552,689,315,406,704,701,413,845,492,397,802,729,728,401,798,846,495,692,780,775,352,761,368,371,755,385,506,502,382,818,864,667,681,809,754,668,687,819,868,319,375,377,233,639,562,561,641,550,834,633,828,636,829,547,830,374,227,316,323,649,650,651,652,335,419,537,852,497,336,803,498,849,806,438,437,796,848,621,625,343,416,545,851,340,807,725,395,387,727,535,747,622,322,503,430,507,386,626,318,591,744,473,607,709,705,311,398,493,776,781,400,595,494,714,594,694,855,531,534,693,854,778,777,434,703,441,717,716,719,718,722,723,720,721,393,675,389,678,602,601,324,317,532,486,533,487,525,530,551,556,479,480,546,567,690,746,745,680,749,748,588,543,580,539,624,614,566,370,415,369,346,611,563,764,763,399,355,356,559,770,769,345,772,773,350,609,698,712,711,351,608,699,782,783,787,364,788,784,786,360,367,793,794,791,792,359,665,402,604,403,587,579,600,659,508,500,662,674,373,623,372,414,558,404,391,392,394,390,619,627,821,820,501,423,509,826,825,427,640,642,644,490,521,520,638,482,862,557,417,499,842,843,840,841,411,597,605,407,666,661,496,672,656,418,710,706,565,510,489,861,469,859,836,485,620,483,581,585,628,491,431,432
STAB 0 1 1 2,1,6,3,15,7,4,10,9,14,18,17,25,16,5,8,19,20,22,21,11,12,24,13,23,54,29,32,27,33,34,28,31,30,103,109,26,84,57,98,39,44,38,83,68,116,115,128,111,106,137,131,97,55,37,41,56,63,117,43,114,118,129,139,154,152,138,130,77,177,172,76,74,158,169,165,167,179,42,151,210,127,79,60,153,240,250,222,235,224,48,113,280,290,52,275,132,100,35,101,40,108,107,110,49,104,99,36,102,50,112,105,46,47,61,92,59,62,121,122,120,119,45,95,53,91,211,126,133,123,124,125,58,145,136,51,135,67,64,142,143,141,140,85,80,65,66,144,147,146,134,149,148,150,73,443,452,155,218,197,449,447,215,183,166,72,168,69,174,173,75,170,71,171,178,78,175,70,180,176,453,186,188,442,182,191,206,190,212,164,185,195,192,193,194,203,187,204,205,196,199,198,208,209,207,160,201,200,202,189,213,81,82,217,159,214,219,163,216,223,90,220,88,225,221,362,632,254,268,230,282,242,646,259,237,86,238,89,249,248,251,228,252,253,241,244,243,236,87,239,256,257,255,232,246,245,247,265,229,266,267,258,261,260,270,271,269,234,263,262,264,272,294,299,277,93,278,96,289,288,291,273,292,293,281,284,283,276,94,279,296,297,295,231,286,285,287,302,274,303,304,298,301,300,440,181,651,464,330,157,650,461,184,725,675,377,535,602,227,412,456,728,631,679,162,470,586,569,312,460,466,354,357,342,386,438,341,339,467,663,358,361,686,393,396,477,724,487,735,775,609,772,226,332,764,763,333,366,792,787,365,363,353,784,334,337,794,717,755,614,716,624,754,233,323,649,648,530,580,752,737,690,486,733,744,669,627,346,347,626,541,576,476,687,819,760,697,598,563,492,493,604,798,566,321,719,846,156,704,594,605,457,718,756,762,532,590,552,732,662,837,800,655,841,843,587,537,806,557,343,708,534,308,753,854,161,340,673,710,465,539,451,450,325,436,310,444,306,445,408,313,446,448,405,320,454,455,309,329,458,459,433,305,462,463,570,511,745,858,584,522,524,694,345,389,726,771,749,739,556,748,521,867,826,469,349,384,825,860,832,585,696,599,397,398,851,868,628,672,807,668,661,836,701,595,849,862,674,625,489,338,746,514,523,471,513,519,515,517,490,831,518,516,472,381,750,582,727,588,589,431,654,419,870,730,706,823,796,713,392,815,665,434,855,423,636,830,568,821,644,641,838,840,842,417,740,575,414,415,579,640,828,758,801,421,811,479,328,548,572,820,331,391,565,856,814,525,418,422,526,483,327,326,583,865,527,564,380,736,853,324,678,723,504,409,721,407,700,702,403,322,682,494,799,847,400,705,350,774,773,369,722,720,759,747,852,656,680,395,497,501,394,373,808,822,816,676,657,374,316,647,645,551,829,642,738,638,547,546,634,742,562,834,643,319,629,375,630,307,695,376,311,430,734,827,506,864,437,500,620,616,538,658,336,428,496,509,824,684,533,427,850,664,805,528,818,619,314,731,385,390,729,859,335,861,653,817,601,317,615,693,709,607,692,652,606,603,711,778,495,410,401,782,505,691,435,432,871,473,544,781,699,751,783,543,612,613,593,596,368,406,371,413,475,592,344,315,688,318,689,591,670,348,416,383,378,577,639,741,743,567,633,480,618,478,481,382,512,468,379,441,529,715,810,757,813,611,768,761,474,370,765,766,767,559,770,769,399,355,356,388,610,352,780,779,712,698,776,608,351,777,714,703,789,788,364,785,360,786,793,367,790,359,795,791,420,600,797,802,560,426,402,508,659,803,542,804,809,372,623,812,404,558,540,573,681,622,387,677,484,488,667,671,621,549,571,545,635,561,637,833,835,482,550,520,685,574,578,666,425,554,424,553,597,411,844,845,499,617,848,839,502,555,536,439,429,485,857,507,863,503,683,510,498,866,491,869,660,581,707,531
STAB 0 1 1 3,7,6,2,9,1,4,17,15,22,16,10,28,18,5,21,20,19,14,8,11,12,29,31,30,55,24,33,34,32,27,25,13,23,44,79,26,99,113,117,116,103,106,110,68,39,56,123,60,38,138,144,153,54,37,114,115,48,98,108,41,101,126,136,52,124,137,133,182,177,196,127,214,219,208,213,191,178,105,125,166,76,109,111,97,241,256,258,272,270,63,57,281,296,154,298,146,119,50,118,120,43,112,83,36,102,84,49,104,35,107,42,46,47,92,61,121,122,59,62,40,100,58,145,147,91,189,129,130,128,152,151,45,95,139,141,140,142,143,67,64,51,135,65,66,85,80,131,53,132,150,148,149,134,218,444,451,215,73,173,446,448,155,168,210,212,183,190,198,197,199,207,209,206,179,193,195,194,192,176,450,188,186,445,77,167,171,69,72,164,185,175,180,78,70,204,205,203,187,172,75,174,169,71,170,202,200,201,160,211,165,81,82,159,217,74,158,163,216,259,261,269,271,260,268,629,363,249,221,238,276,236,645,223,89,257,230,237,254,255,252,253,251,228,240,87,239,242,244,243,250,86,248,247,245,246,232,266,267,265,229,222,90,225,224,88,220,264,262,263,234,235,289,278,300,297,299,301,294,295,292,293,291,273,280,94,279,282,284,283,290,93,288,287,285,286,231,303,304,302,274,275,96,277,716,157,333,722,724,181,357,389,162,312,459,732,386,738,227,744,680,546,533,684,184,470,583,750,725,678,580,652,650,755,535,762,477,495,598,559,388,611,689,458,366,341,330,316,648,693,705,517,233,649,340,658,651,396,604,428,614,632,319,542,761,474,802,463,342,365,440,599,401,226,486,332,735,343,466,572,653,455,323,647,412,736,820,346,314,655,830,638,592,545,826,771,756,467,664,338,558,792,793,494,746,308,848,161,590,555,672,748,462,697,438,630,704,595,377,805,489,799,626,864,628,402,681,508,863,530,708,531,719,328,853,156,764,769,417,721,548,452,453,436,325,408,443,313,442,310,306,449,447,747,749,745,690,727,726,393,675,720,723,718,717,543,606,454,565,518,527,773,780,345,461,329,760,320,322,688,457,547,497,819,836,654,416,619,861,637,660,696,624,809,400,845,840,843,605,785,395,847,469,578,552,411,857,360,677,837,492,321,871,431,327,870,782,326,772,814,392,584,432,783,324,569,582,309,568,731,523,349,383,513,577,418,829,500,526,831,482,804,379,838,640,479,541,588,818,573,741,855,868,620,710,639,685,373,355,403,423,827,767,797,503,810,636,753,539,752,627,751,835,858,485,490,335,706,795,713,425,471,515,586,553,522,367,441,669,854,381,460,305,435,536,465,852,700,812,579,739,567,566,800,661,398,609,699,776,524,369,464,433,757,405,407,844,456,668,867,571,634,414,813,484,561,621,581,374,487,733,646,729,823,427,602,576,521,728,394,601,817,540,833,353,362,734,532,695,307,311,376,591,375,828,850,841,768,796,842,499,788,763,770,787,617,549,488,679,631,642,506,563,662,475,821,825,347,589,512,635,551,510,525,860,737,562,742,378,481,775,608,712,778,354,511,623,473,692,339,544,754,519,439,777,504,516,514,711,410,779,350,331,472,570,593,596,612,613,413,371,406,368,528,476,315,344,556,743,686,430,348,670,384,419,317,730,740,641,318,682,480,633,478,618,615,468,385,382,434,380,715,529,811,759,808,361,437,334,337,370,766,765,758,663,336,673,356,415,399,358,703,714,694,781,607,351,774,709,698,691,352,610,803,538,659,807,674,420,798,564,426,560,422,600,786,791,801,794,359,790,587,806,364,789,784,665,397,404,603,702,372,493,834,644,537,671,667,625,822,824,387,622,676,509,501,687,390,816,832,643,391,815,520,550,575,683,701,597,483,869,491,865,666,849,656,851,616,496,846,502,839,594,409,505,507,856,862,429,557,421,574,859,866,498,424,554,585,657,707,534
STAB 0 1 1 3,7,4,1,9,2,6,18,15,21,8,14,29,17,5,22,12,11,10,16,19,20,28,30,31,37,24,33,34,27,32,25,23,13,84,43,54,108,114,118,115,109,111,105,128,57,41,91,42,83,139,145,151,26,55,113,116,130,98,99,56,101,45,136,132,53,137,58,183,179,197,210,215,218,206,212,190,176,110,95,72,165,103,106,131,242,254,259,230,268,129,39,282,294,152,299,147,120,112,117,119,79,50,38,107,35,44,104,49,102,36,60,61,92,47,46,121,122,62,59,100,40,133,144,146,123,82,63,48,68,154,153,126,125,138,140,141,142,143,64,67,135,51,149,150,134,148,97,124,52,66,80,65,85,219,310,408,214,155,171,325,436,73,69,127,213,182,191,199,196,198,209,207,208,177,192,194,195,193,178,313,185,164,306,167,77,173,168,166,186,188,78,70,175,180,201,202,160,200,169,170,71,172,174,75,205,187,204,203,81,76,211,189,216,163,158,74,217,159,258,260,271,269,261,270,319,353,236,223,238,289,249,374,221,237,255,272,89,256,257,246,247,232,245,250,248,86,241,243,244,240,239,87,253,228,252,251,263,264,234,262,224,220,88,222,225,90,267,229,266,265,235,276,278,301,295,298,300,296,297,286,287,231,285,290,288,93,281,283,284,280,279,94,293,273,292,291,303,304,274,302,275,277,96,717,447,332,720,393,449,354,726,452,460,309,532,686,551,646,690,747,742,734,430,443,586,582,588,675,727,752,652,650,614,679,563,396,606,492,768,474,761,591,329,337,358,461,647,323,709,694,524,632,649,673,336,651,477,798,538,755,233,629,420,611,388,600,433,361,334,464,397,603,362,733,333,487,669,569,568,335,405,648,316,456,525,821,760,528,537,644,834,315,671,825,345,566,339,437,511,812,794,791,702,745,465,666,453,552,578,851,749,305,493,663,375,594,701,631,500,858,403,687,620,868,797,622,804,485,737,534,707,718,570,418,442,763,770,838,723,331,162,161,448,446,451,184,450,156,444,445,181,157,680,748,746,744,678,389,724,725,722,721,719,716,751,495,320,856,515,326,773,608,771,330,458,346,454,682,318,321,643,657,627,862,419,670,818,859,550,498,398,754,623,700,597,842,841,846,364,676,407,860,555,590,844,510,789,387,557,598,457,432,870,584,431,782,527,772,391,815,327,871,783,730,466,583,459,572,317,514,384,348,516,378,853,642,805,380,490,835,508,529,417,828,740,576,750,619,540,480,706,628,864,854,633,507,808,766,799,823,427,356,402,683,372,641,539,753,580,819,543,482,489,863,831,653,855,359,434,554,522,518,470,424,471,790,715,343,710,589,312,462,544,439,308,656,400,558,801,556,743,756,587,849,696,775,781,698,517,759,440,463,370,455,847,411,412,625,585,488,562,811,404,549,635,667,866,645,735,486,227,601,423,827,728,541,832,602,816,729,390,573,520,363,226,533,732,311,376,695,307,689,630,640,496,843,559,665,840,839,786,764,769,784,502,484,571,535,377,829,616,762,806,344,820,826,476,381,478,561,738,857,736,469,530,634,546,577,468,609,780,777,711,357,338,809,691,607,467,435,624,472,536,712,409,513,523,778,505,351,774,548,519,328,406,413,368,371,596,613,593,612,314,347,592,475,739,567,386,684,383,416,349,654,731,324,479,636,688,322,741,639,512,382,385,481,615,618,713,526,441,379,414,369,373,342,664,365,366,757,355,399,415,438,658,340,767,758,765,341,714,703,705,699,692,779,350,693,776,473,610,352,659,428,803,674,807,542,604,422,560,426,564,802,788,793,579,792,795,367,800,662,785,360,787,796,599,813,401,494,810,697,638,830,655,545,621,668,501,509,677,681,395,824,822,626,817,394,521,547,814,392,833,637,421,503,595,845,865,491,869,483,848,661,852,672,506,850,605,617,499,704,504,410,685,565,836,574,837,575,429,861,581,660,553,425,867,497,531,708
STAB 0 1 1 3,7,2,6,5,4,1,18,15,22,20,19,30,17,9,21,16,10,11,12,14,8,31,29,28,55,33,24,25,13,23,34,32,27,104,112,54,110,113,119,115,111,109,99,129,92,61,133,102,107,140,146,152,26,37,114,116,130,122,105,46,121,126,142,148,134,143,123,183,192,198,210,215,219,207,213,191,195,108,149,189,211,106,103,150,243,255,260,89,269,128,47,283,295,151,300,144,117,43,120,118,50,79,36,83,60,49,84,44,42,38,35,41,57,39,56,101,98,40,100,59,62,91,147,145,58,166,68,48,63,153,154,45,65,141,139,138,136,137,51,135,67,64,95,131,53,132,66,85,80,97,52,125,124,218,445,448,214,216,204,450,451,159,188,127,212,182,190,196,199,197,208,206,209,193,179,178,176,177,194,446,168,77,444,186,164,201,185,82,167,69,78,180,175,70,173,172,75,174,205,203,187,202,200,160,169,71,171,170,76,81,165,72,155,74,217,163,158,73,261,259,270,268,258,271,629,645,246,263,235,292,252,363,266,272,254,237,230,257,256,236,240,87,239,253,251,228,244,242,241,247,245,232,250,86,249,248,223,222,90,225,267,265,229,264,262,234,224,88,221,220,238,286,303,298,294,301,299,297,296,276,280,94,279,293,291,273,284,282,281,287,285,231,290,93,289,288,278,275,96,277,304,302,274,718,442,311,721,675,443,307,678,453,475,476,733,589,556,362,745,748,567,735,577,449,522,518,543,393,389,539,651,649,614,737,763,396,606,598,769,388,611,736,528,760,771,592,419,416,776,781,703,632,650,765,758,652,477,422,803,755,233,319,807,761,474,426,593,757,759,596,811,813,646,532,695,533,730,715,713,731,478,670,654,481,689,625,337,329,562,490,482,330,561,621,341,624,696,766,700,623,801,800,808,690,612,661,452,435,439,656,680,613,810,767,348,855,854,349,784,685,367,829,865,869,359,828,788,683,679,513,514,717,526,410,447,563,559,409,722,529,161,162,408,313,436,181,325,157,306,310,184,156,749,747,744,746,726,727,725,724,723,720,716,719,750,495,615,861,583,527,782,777,358,315,314,366,385,639,641,382,391,553,509,557,647,648,501,565,392,554,467,756,812,511,506,581,585,502,662,484,496,574,536,544,499,575,665,488,862,492,618,432,431,584,870,773,326,783,643,637,327,871,772,669,441,515,347,434,653,707,377,375,708,684,505,626,787,328,644,638,786,331,504,622,601,833,751,822,832,602,704,491,483,701,322,489,702,437,790,390,394,438,795,485,697,318,752,580,753,824,588,834,507,503,830,317,594,797,572,498,586,582,471,497,470,799,569,324,595,686,344,371,590,578,368,851,338,809,794,551,546,754,793,848,339,778,694,693,714,334,413,406,342,512,850,839,468,821,841,387,537,397,401,395,545,826,840,353,734,732,226,740,817,816,741,520,540,480,827,479,823,521,541,374,227,487,486,332,357,333,354,525,383,681,407,867,770,789,866,411,508,762,768,500,846,676,677,530,384,687,845,764,785,312,668,667,309,386,405,671,739,421,591,429,535,655,743,430,412,711,712,608,609,376,400,558,774,779,398,552,566,352,555,780,838,534,531,775,853,692,691,379,610,380,463,440,308,462,464,305,433,465,458,459,461,460,738,742,381,378,630,323,631,316,335,343,729,688,636,633,728,682,455,321,454,456,320,457,568,570,466,548,599,365,494,370,355,369,346,361,664,340,658,356,415,399,663,336,673,345,517,524,699,705,351,607,473,698,709,350,519,472,428,659,538,542,420,674,564,798,802,600,604,560,804,587,792,579,402,403,791,364,806,796,805,360,414,603,404,373,493,372,835,831,634,635,825,820,818,627,571,640,549,819,619,642,423,427,573,814,547,550,576,815,857,863,710,616,620,628,868,864,849,666,672,852,597,847,617,605,844,706,417,418,858,859,837,860,836,510,469,856,842,425,657,660,843,424,523,516
STAB 0 1 1 3,7,1,4,5,6,2,17,15,21,12,11,31,18,9,22,8,14,19,20,10,16,30,28,29,37,33,24,25,23,13,34,27,32,49,50,26,105,114,120,116,106,103,108,63,47,46,58,35,36,141,147,154,54,55,113,115,48,122,110,61,121,45,142,80,85,143,91,182,193,199,127,214,218,209,212,190,194,99,65,82,81,111,109,66,244,257,261,237,271,68,92,284,297,153,301,145,118,79,119,117,112,43,107,38,42,104,44,84,60,83,102,56,39,57,41,101,98,100,40,62,59,123,146,144,133,72,128,130,129,151,152,126,149,140,138,139,136,137,135,51,64,67,125,97,124,52,150,134,148,131,132,95,53,219,306,436,215,159,201,313,408,216,185,210,213,183,191,197,198,196,206,208,207,192,177,176,178,179,195,325,69,167,310,164,186,204,188,189,77,168,175,70,78,180,171,169,170,71,202,160,200,205,187,203,172,174,173,75,165,211,76,166,73,158,163,217,74,155,260,258,268,270,259,269,319,374,252,266,235,286,246,353,263,230,256,89,272,255,254,249,250,248,86,247,232,245,243,241,242,253,228,251,240,239,236,87,221,224,220,88,264,234,262,267,229,265,222,225,223,90,238,292,303,299,296,300,298,295,294,289,290,288,93,287,231,285,283,281,282,293,273,291,280,279,276,94,278,275,277,96,304,274,302,719,156,695,723,725,184,376,727,161,344,347,486,381,739,226,746,749,743,487,378,181,471,515,751,724,726,753,651,649,755,530,764,477,495,492,770,474,761,525,314,346,345,315,654,670,698,699,714,233,650,399,415,652,396,564,659,614,632,629,674,611,388,560,406,370,369,413,414,404,227,732,311,734,324,441,434,317,512,416,419,468,591,668,366,458,634,831,835,461,635,667,358,754,398,355,400,809,579,587,373,744,368,849,162,544,536,852,747,371,372,356,383,706,710,384,787,507,790,642,483,491,795,640,786,503,535,516,523,716,380,505,157,762,768,504,720,379,453,452,451,450,448,449,446,447,445,444,443,442,748,680,690,745,389,678,675,393,721,722,717,718,588,606,385,859,582,326,782,712,341,592,528,337,615,633,636,618,814,424,824,837,316,323,822,856,815,425,339,566,558,338,616,866,867,617,806,549,850,429,439,435,839,421,796,571,836,598,382,871,870,327,431,773,527,783,547,550,584,432,772,343,715,518,476,713,335,531,631,630,534,430,410,687,784,570,830,834,788,548,409,681,729,520,543,501,521,728,594,869,865,595,682,858,494,664,367,817,816,663,359,863,493,688,580,752,539,509,750,638,685,683,644,731,704,402,568,660,470,583,522,657,586,403,466,730,701,386,475,613,552,555,612,672,511,623,792,738,742,624,791,666,467,711,705,709,703,365,596,593,361,478,496,499,481,820,843,677,655,599,603,676,671,825,842,363,533,532,362,479,390,394,480,833,573,741,427,740,423,832,576,645,646,735,733,333,354,332,357,736,348,622,847,585,769,360,581,844,804,563,559,805,605,395,387,737,349,626,597,763,364,460,625,621,459,686,455,545,556,575,689,574,679,537,567,684,456,778,777,780,775,307,700,812,350,351,696,590,756,610,578,608,417,708,707,609,418,607,473,529,352,526,433,464,465,305,440,462,463,308,329,309,330,312,551,546,589,577,375,648,377,647,653,669,601,318,641,639,602,322,405,457,320,412,454,321,572,328,569,331,397,334,702,757,766,759,760,342,437,673,336,767,758,765,438,658,340,771,524,517,781,694,779,692,691,776,693,774,472,519,538,803,428,420,542,807,422,604,600,802,798,426,508,800,794,801,797,799,793,785,662,665,500,789,811,401,813,808,697,810,482,490,562,561,826,821,619,819,488,828,484,627,818,829,823,827,540,391,643,637,541,392,510,485,854,506,864,868,628,620,661,848,851,656,845,407,502,846,411,855,838,853,489,861,557,469,862,857,860,565,840,554,497,498,841,553,514,513
STAB 0 1 1 4,6,7,2,9,1,3,11,5,20,16,10,27,12,15,19,22,21,8,14,17,18,32,34,33,55,23,30,31,29,28,13,25,24,38,60,26,102,61,62,47,36,49,112,48,39,56,126,79,44,64,134,80,37,54,92,46,68,40,107,57,100,123,135,97,125,51,133,164,78,160,81,163,159,187,189,188,180,104,124,166,76,35,50,52,232,228,234,230,229,63,41,231,273,66,274,149,121,111,59,122,83,110,43,103,99,42,106,105,109,108,84,115,116,114,113,119,120,118,117,98,101,129,148,150,130,213,58,91,45,65,85,128,132,67,143,142,140,141,139,138,137,136,152,154,151,153,53,131,95,147,145,146,144,217,446,450,216,158,174,444,445,155,168,82,211,185,186,201,200,202,204,205,203,70,193,195,192,194,175,451,191,190,448,77,69,170,167,165,182,183,176,178,177,179,207,209,206,208,75,172,173,71,169,171,199,197,198,196,212,72,127,210,219,218,74,73,214,215,262,264,266,267,263,265,645,363,248,220,237,279,239,629,225,235,253,272,238,251,252,255,257,254,256,87,240,236,245,247,246,86,250,249,244,242,243,241,269,271,268,270,90,222,223,88,224,221,261,259,260,258,89,288,277,303,293,302,304,291,292,295,297,294,296,94,280,276,285,287,286,93,290,289,284,282,283,281,300,301,299,298,96,275,278,368,162,354,613,344,161,332,476,157,330,458,416,343,633,233,382,615,641,654,653,156,327,527,529,315,528,380,695,311,370,324,399,345,696,400,758,760,759,731,459,366,341,312,631,375,692,473,472,227,376,438,664,307,346,403,662,369,374,646,796,757,771,797,462,342,365,308,494,697,226,384,357,348,386,328,548,684,454,377,630,321,577,549,396,675,427,550,643,727,823,488,474,404,338,658,467,811,367,795,599,468,440,839,181,418,838,496,478,463,401,340,647,410,504,323,659,469,600,394,660,497,798,817,807,857,381,432,870,413,466,578,184,356,766,552,593,572,325,436,453,452,442,313,443,408,447,449,306,310,618,481,512,385,592,475,347,314,612,596,406,371,713,700,455,575,518,583,610,779,477,309,460,388,456,602,729,405,644,628,387,507,533,732,676,683,834,864,495,373,810,598,844,554,424,407,786,627,597,489,853,417,846,863,784,818,429,398,412,707,534,470,531,703,586,352,573,541,582,708,714,535,331,584,461,570,689,513,487,733,523,736,590,635,674,588,520,832,803,752,555,562,556,392,526,677,814,743,536,498,657,435,742,859,624,763,604,537,671,770,802,862,809,551,441,434,379,395,715,833,510,860,521,686,544,793,543,841,471,522,326,842,515,792,753,430,439,530,329,464,710,855,433,617,606,813,564,480,740,414,426,506,492,350,711,777,519,614,305,465,761,457,605,845,320,509,491,821,642,566,812,825,828,822,865,632,349,383,319,688,545,655,322,391,490,318,626,682,681,815,835,362,353,670,419,652,651,650,649,730,648,561,666,425,765,542,553,851,789,355,767,364,852,820,826,317,316,634,661,415,428,726,571,484,393,525,745,829,636,858,589,485,378,640,639,737,749,351,774,781,698,333,511,808,705,693,339,706,372,524,854,776,595,516,514,699,704,780,609,569,517,568,721,723,720,722,719,717,718,716,678,389,725,724,479,741,335,669,735,734,486,532,679,591,567,546,728,601,739,738,748,747,680,746,690,744,539,580,751,750,558,611,623,334,673,361,358,755,769,768,559,336,663,437,764,563,762,337,782,783,607,712,694,775,608,691,778,709,772,773,804,665,805,508,500,806,402,579,800,801,587,799,785,790,560,359,794,791,422,420,787,788,360,538,493,756,702,603,754,397,637,547,423,827,824,501,621,667,819,816,619,668,625,390,687,622,482,638,576,540,831,830,565,861,505,847,585,866,867,581,850,502,616,499,656,672,411,849,848,409,594,701,836,574,503,837,421,557,856,685,869,868,843,840,483,620,871,431
STAB 0 1 1 4,6,3,1,9,2,7,12,5,19,14,8,32,11,15,20,18,17,10,16,21,22,27,33,34,54,23,30,31,28,29,13,24,25,42,83,37,107,92,59,46,35,50,104,45,41,57,130,84,43,67,148,85,26,55,61,47,91,40,102,56,100,128,135,95,131,51,129,185,70,200,82,216,217,203,211,186,175,112,132,165,72,36,49,53,245,251,262,272,265,58,39,285,291,65,302,150,122,110,62,121,60,111,44,108,109,38,105,106,99,103,79,113,114,116,115,119,120,117,118,101,98,133,134,149,126,210,63,68,48,66,80,123,124,64,142,143,140,141,138,139,136,137,146,147,144,145,52,125,97,154,153,152,151,159,447,442,163,155,170,452,453,158,167,81,189,164,188,202,160,201,205,204,187,78,194,192,195,193,180,443,183,182,449,69,77,174,168,166,190,191,177,179,176,178,198,199,196,197,71,171,169,75,173,172,209,208,207,206,127,76,212,213,215,214,73,74,218,219,234,263,267,266,264,229,646,362,239,225,237,288,248,632,220,238,252,230,235,228,253,243,244,241,242,86,249,250,232,246,247,87,236,240,257,256,255,254,260,261,258,259,88,221,224,90,223,222,271,270,269,268,89,279,277,304,292,274,303,273,293,283,284,281,282,93,289,290,231,286,287,94,276,280,297,296,295,294,300,301,298,299,96,278,275,371,310,357,612,347,306,333,475,325,329,461,419,335,636,319,385,618,639,670,669,313,326,584,526,314,592,379,695,311,369,317,415,346,700,398,765,771,757,730,460,358,337,309,630,377,691,607,519,374,376,437,663,307,345,402,665,370,227,645,806,759,760,799,465,334,361,305,493,702,353,383,354,349,430,331,570,686,457,375,631,320,589,571,388,678,423,547,637,725,827,484,477,414,339,673,511,813,359,790,603,512,433,850,436,417,853,499,481,464,397,336,648,409,505,316,674,510,604,390,657,498,802,816,803,860,378,431,871,406,568,590,408,355,767,555,596,569,157,181,445,444,450,156,451,184,446,448,161,162,615,478,468,382,528,476,344,315,613,593,413,368,715,696,456,574,522,586,610,774,474,312,459,396,455,601,728,412,638,620,395,503,532,734,677,685,830,868,492,372,808,606,847,553,425,411,787,619,605,485,838,418,845,858,788,819,421,400,405,708,531,582,534,703,583,352,576,540,470,707,714,591,328,527,458,548,679,514,486,735,516,737,578,634,659,580,521,833,807,750,552,561,567,391,529,676,815,739,544,497,660,439,738,836,623,769,600,545,655,764,798,861,754,546,434,441,380,387,713,832,469,857,520,684,536,794,539,840,515,518,327,843,471,791,751,386,435,525,330,463,706,854,440,616,598,811,560,479,741,404,422,502,495,351,712,778,472,611,308,462,755,454,597,846,321,501,483,826,640,558,756,820,829,824,869,629,348,384,233,682,537,671,318,392,482,322,622,688,687,814,831,363,226,654,416,650,649,652,651,731,647,562,672,424,758,538,554,848,785,356,766,360,849,825,821,324,323,635,656,399,420,724,549,488,389,530,748,828,633,863,577,489,381,642,641,736,746,350,779,776,699,332,467,810,709,694,338,710,373,517,855,781,594,523,513,698,701,775,608,572,524,466,718,719,716,717,723,722,721,720,675,393,727,726,480,740,343,653,733,732,487,533,689,535,556,551,729,602,743,742,745,744,690,749,680,747,543,588,753,752,566,614,624,342,658,365,366,761,763,762,563,340,664,438,770,559,768,341,783,782,473,711,693,780,609,692,777,705,773,772,805,662,804,500,508,796,403,587,801,800,579,797,789,795,564,367,793,792,426,428,786,784,364,542,494,812,697,599,809,401,643,550,427,823,822,509,625,668,818,817,627,667,621,394,681,626,490,644,573,541,835,834,557,862,504,844,581,867,866,585,839,506,617,496,661,666,407,852,851,410,595,704,859,575,507,856,429,565,837,683,865,864,842,841,491,628,870,432
STAB 0 1 1 4,6,2,7,15,3,1,12,5,20,22,21,33,11,9,19,16,10,17,18,8,14,34,32,27,55,30,23,13,25,24,31,29,28,105,110,37,112,61,121,46,50,35,102,58,114,113,133,99,108,142,149,65,26,54,92,47,91,120,104,115,119,123,140,145,144,141,126,185,194,201,82,216,159,204,189,188,195,107,146,213,212,49,36,147,246,252,263,235,266,45,116,286,292,85,303,134,62,83,122,59,111,60,103,43,79,106,42,38,84,44,109,57,41,39,56,100,40,98,101,118,117,130,150,148,129,166,48,68,63,80,66,128,152,143,67,64,135,51,137,136,139,138,132,53,131,95,154,151,153,52,97,124,125,217,448,445,163,215,207,451,450,219,191,81,211,164,186,160,202,200,187,203,205,193,70,180,175,78,192,444,168,77,446,190,182,198,183,210,69,167,177,178,176,179,174,75,172,173,209,206,208,199,197,196,71,169,170,171,76,127,72,165,155,74,218,214,73,158,264,262,229,265,234,267,645,629,243,260,89,295,255,363,269,230,251,238,272,253,228,239,87,240,236,257,254,256,247,245,232,244,242,241,86,250,248,249,225,90,222,223,271,268,270,261,259,258,88,224,220,221,237,283,300,274,291,304,302,293,273,279,94,280,276,297,294,296,287,285,231,284,282,281,93,290,288,289,277,96,275,278,301,299,298,406,408,650,593,314,313,651,528,436,726,389,383,525,479,353,512,478,740,348,736,306,515,518,713,347,476,434,307,376,369,378,355,346,700,400,766,760,759,577,678,388,474,727,532,732,777,712,782,374,311,768,559,695,345,587,804,370,227,646,508,757,771,800,721,761,611,723,558,812,319,419,652,654,591,751,543,689,748,734,533,749,731,501,358,460,640,521,832,312,828,822,341,373,495,769,606,808,560,426,623,385,720,506,325,710,854,616,615,722,809,770,735,536,439,487,360,859,792,635,581,866,794,561,789,861,317,523,514,371,588,704,310,415,758,594,613,750,181,157,442,443,453,161,452,162,449,447,156,184,481,618,382,468,475,592,315,344,596,612,368,413,529,696,680,683,527,583,703,776,337,725,675,366,690,742,546,744,576,842,668,421,630,375,625,575,541,840,338,404,813,511,661,865,483,849,428,825,672,856,855,706,851,565,538,826,503,398,747,708,534,582,531,610,586,714,638,834,470,707,352,430,753,522,393,539,684,871,323,648,432,653,701,394,364,466,547,643,785,569,595,816,682,835,715,621,482,322,410,867,585,505,602,469,603,673,791,687,626,340,793,860,401,728,379,380,441,667,526,637,836,862,550,679,409,802,548,868,326,584,471,628,327,600,331,535,504,335,724,717,418,853,716,499,467,810,359,636,641,372,795,839,339,698,607,692,783,361,719,718,342,745,666,848,746,571,425,819,423,493,697,627,823,488,554,362,670,416,226,567,681,622,743,831,815,739,671,556,545,490,392,632,233,349,384,357,332,354,333,589,733,817,605,491,767,788,869,846,807,399,765,674,411,619,818,381,486,390,844,356,786,330,509,824,461,343,457,827,480,557,730,837,324,427,741,669,321,699,781,774,350,649,598,811,608,780,492,417,414,772,838,779,555,431,870,351,578,693,709,752,773,580,462,308,440,463,305,464,465,433,459,458,309,329,633,639,530,737,647,377,316,631,686,386,688,729,551,738,318,601,454,412,455,320,456,405,570,568,328,572,494,365,599,755,763,614,396,334,658,438,664,764,563,762,336,663,437,477,472,519,711,473,775,694,705,778,691,609,524,517,662,805,665,796,806,500,579,402,797,799,403,801,803,422,367,564,798,604,790,787,420,542,659,784,566,702,756,624,397,754,833,520,642,829,484,549,677,395,821,562,820,387,676,634,537,655,814,573,644,830,391,540,863,857,435,656,657,497,498,660,502,850,496,617,847,597,852,407,845,544,552,590,510,685,429,485,507,858,489,574,553,841,620,864,424,843,513,516
STAB 0 1 1 4,6,1,3,15,7,2,11,5,19,18,17,34,12,9,20,14,8,21,22,10,16,33,27,32,54,30,23,13,24,25,31,28,29,106,111,26,104,92,122,47,49,36,107,63,116,115,129,109,103,143,150,66,37,55,61,46,68,120,112,113,119,128,140,153,151,141,130,164,193,202,81,163,217,205,211,186,192,102,152,210,127,50,35,154,247,253,264,238,267,48,114,287,293,80,304,148,59,60,121,62,110,83,108,44,84,105,38,42,79,43,99,56,39,41,57,100,40,101,98,117,118,126,149,134,133,165,45,91,58,85,65,123,146,142,64,67,135,51,136,137,138,139,124,52,125,97,147,144,145,53,95,132,131,159,449,453,216,219,198,443,442,215,183,82,189,185,188,200,201,160,203,187,204,194,78,175,180,70,195,452,167,69,447,182,190,207,191,213,77,168,176,179,177,178,170,71,171,169,199,196,197,209,208,206,75,173,174,172,72,212,76,166,158,73,214,218,74,155,263,234,265,229,262,266,646,632,255,269,89,283,243,362,260,272,228,235,230,252,251,248,86,249,250,244,241,242,246,232,245,257,256,254,87,236,239,240,220,88,221,224,261,258,259,271,270,268,90,223,225,222,237,295,300,302,273,303,274,292,291,288,93,289,290,284,281,282,286,231,285,297,296,294,94,276,279,280,277,96,278,275,301,298,299,413,184,652,596,315,156,649,592,181,724,393,384,530,480,226,468,481,741,349,737,161,471,522,715,344,475,441,307,376,370,381,356,345,696,398,767,771,757,589,675,396,477,725,533,734,778,711,783,227,311,762,563,695,346,579,805,369,374,645,500,759,760,801,718,755,614,719,566,756,233,416,650,670,535,753,539,679,745,732,532,746,730,509,366,459,642,520,833,309,829,824,337,372,492,763,598,810,564,422,624,382,716,502,157,706,855,617,618,717,754,764,733,544,435,486,364,836,791,634,585,867,793,562,785,862,324,516,513,368,580,701,162,399,765,595,612,752,436,325,450,451,445,306,444,310,448,446,313,408,478,615,385,512,476,528,314,347,593,613,371,406,526,700,690,685,584,586,703,781,341,727,678,358,680,738,551,747,573,843,667,429,631,377,621,574,540,841,339,414,811,467,656,869,491,852,420,820,666,837,854,710,848,557,542,821,507,400,744,707,531,470,534,610,583,714,644,830,582,708,352,386,751,518,389,543,686,870,316,647,431,669,704,390,360,568,550,637,789,572,594,817,688,831,713,625,490,318,409,866,581,504,601,510,599,658,792,681,622,336,794,857,397,729,380,379,434,668,529,643,859,861,547,689,410,798,570,864,327,527,515,620,326,604,328,591,505,343,726,722,417,838,720,496,511,808,367,633,639,373,790,850,338,699,473,691,782,365,723,721,334,748,672,851,749,549,424,818,427,494,702,619,827,484,553,363,654,419,353,556,687,626,739,835,814,743,655,567,537,482,391,629,319,348,383,354,333,357,332,577,735,816,597,483,766,784,865,845,803,415,758,659,407,627,819,378,487,394,847,355,787,329,501,822,458,335,454,823,479,565,731,856,317,423,740,653,320,698,776,779,351,651,606,813,609,775,495,418,404,773,853,774,552,432,871,350,590,694,705,750,772,588,465,305,433,464,308,463,462,440,460,461,312,330,636,641,525,736,648,375,323,630,684,430,682,728,546,742,322,602,457,405,456,321,455,412,548,466,331,569,493,361,603,761,769,611,388,342,673,437,663,770,559,768,340,664,438,474,519,472,712,607,780,693,709,777,692,608,517,524,665,804,662,806,796,508,587,403,799,797,402,800,807,426,359,560,802,600,795,786,428,538,674,788,558,697,812,623,401,809,832,521,640,828,488,571,676,387,826,561,825,395,677,635,545,671,815,576,638,834,392,541,858,860,439,661,660,498,497,657,506,839,499,616,844,605,849,411,846,536,555,578,469,683,421,489,503,863,485,575,554,840,628,868,425,842,514,523
STAB 0 1 1 1,2,7,6,5,4,3,14,9,16,20,19,23,8,15,10,22,21,12,11,18,17,13,25,24,55,27,28,29,31,30,32,34,33,107,102,54,60,56,100,57,83,84,79,130,92,61,126,112,104,135,124,132,37,26,39,41,129,59,38,47,62,133,64,150,149,67,123,167,175,170,165,158,155,174,166,168,180,44,134,189,211,42,43,148,248,239,220,237,225,128,46,288,279,131,277,125,101,103,40,98,36,99,50,111,110,35,109,108,106,105,49,116,115,114,113,117,118,120,119,122,121,68,52,97,48,213,91,58,45,95,53,63,80,51,137,136,138,139,141,140,143,142,153,151,154,152,85,66,65,145,147,144,146,74,450,446,73,163,187,445,444,159,188,72,76,69,77,171,71,169,173,172,75,70,179,178,177,176,78,448,191,190,451,186,185,160,164,81,183,182,194,195,192,193,208,206,209,207,203,205,204,200,202,201,197,199,196,198,212,82,210,127,219,218,217,216,215,214,88,224,223,222,221,90,363,645,232,234,230,273,228,629,229,238,240,89,235,87,236,256,254,257,255,251,253,252,86,250,249,245,247,246,242,244,241,243,270,268,271,269,265,267,266,262,264,263,259,261,258,260,272,231,274,278,280,96,275,94,276,296,294,297,295,291,293,292,93,290,289,285,287,286,282,284,281,283,298,299,301,300,302,304,303,465,453,376,462,460,452,695,459,442,592,528,648,730,682,632,457,454,688,647,731,447,584,527,548,461,458,570,332,333,361,669,673,358,467,511,658,366,365,653,476,760,771,475,384,383,779,774,610,362,354,767,766,357,337,790,785,334,353,226,789,342,341,795,613,757,759,612,808,810,646,631,307,630,589,526,529,577,615,349,348,618,684,676,477,724,816,815,814,726,817,677,474,603,700,758,696,599,799,797,811,456,596,844,443,505,504,847,455,593,813,765,654,853,838,670,538,574,560,827,554,553,564,823,542,575,686,871,870,464,715,536,449,663,664,544,463,713,313,408,162,161,157,325,181,436,156,184,310,306,321,412,405,320,330,312,309,329,308,440,433,305,572,338,478,857,583,518,472,692,396,347,344,388,468,741,740,512,831,869,571,858,735,733,549,863,835,865,606,702,697,598,839,660,657,850,804,824,616,685,410,409,617,683,805,822,860,339,481,523,516,522,514,517,471,519,832,833,515,513,524,737,379,327,315,380,736,708,734,732,707,689,435,671,420,751,576,573,428,753,439,655,738,637,328,488,643,742,578,425,424,590,743,856,756,762,422,634,635,768,426,837,812,739,569,568,331,484,466,541,421,429,540,381,552,800,750,867,586,470,326,866,582,801,752,378,555,679,314,413,701,704,406,846,495,401,798,728,729,397,802,845,492,691,775,780,352,755,371,368,761,382,502,506,385,819,868,668,687,754,809,667,681,818,864,233,377,375,319,641,561,562,639,547,830,636,829,633,828,550,834,227,374,323,316,651,652,649,650,343,416,545,849,498,340,807,497,852,796,437,438,806,851,625,621,335,419,537,848,336,803,727,387,395,725,591,744,626,318,507,386,503,430,622,322,535,747,607,473,705,709,311,400,494,781,776,398,594,493,714,595,693,854,534,531,694,855,777,778,441,703,434,722,720,723,721,717,719,716,718,389,678,393,675,601,602,317,324,533,487,532,486,530,525,546,567,480,479,551,556,680,749,748,690,746,745,580,539,588,543,623,611,558,369,399,370,345,614,559,770,769,415,356,355,563,764,763,346,773,772,351,608,699,711,712,350,609,698,783,782,786,360,784,788,787,364,359,794,793,792,791,367,662,403,600,402,579,587,604,674,500,508,665,659,372,624,373,404,566,414,392,391,390,394,627,619,826,825,509,427,501,821,820,423,642,640,638,482,520,521,644,490,861,565,418,496,843,842,841,840,407,605,597,411,672,656,499,666,661,417,706,710,557,469,485,862,510,836,859,489,628,491,585,581,620,483,432,431
STAB 0 1 1 1,2,6,7,15,3,4,8,9,16,22,21,24,14,5,10,20,19,18,17,12,11,25,13,23,55,28,27,32,34,33,29,31,30,108,99,37,79,56,101,41,43,42,60,91,114,113,123,110,105,136,125,95,54,26,39,57,58,118,44,116,117,133,138,147,146,139,126,69,176,171,72,73,155,173,166,168,178,38,144,213,212,84,83,145,249,236,221,238,223,45,115,289,276,53,278,124,100,36,98,40,103,102,111,50,112,109,35,107,49,104,106,47,46,92,61,62,59,122,121,120,119,48,97,52,68,189,130,129,128,132,131,63,153,137,51,135,64,67,143,142,141,140,80,85,66,65,151,154,152,148,150,134,149,74,451,444,158,214,208,448,446,219,191,165,76,167,77,170,169,71,174,75,172,179,70,180,78,175,177,445,188,186,450,190,183,196,182,127,185,164,192,195,194,193,187,203,205,204,206,209,207,197,199,198,200,202,160,201,211,210,82,81,159,217,218,215,216,163,224,88,225,90,220,222,363,629,241,258,272,296,256,645,270,237,87,235,89,240,239,228,251,253,252,254,257,255,250,86,248,242,244,243,245,247,232,246,229,265,267,266,268,271,269,259,261,260,262,264,234,263,230,281,298,277,94,275,96,280,279,273,291,293,292,294,297,295,290,93,288,282,284,283,285,287,231,286,274,302,304,303,299,301,300,433,436,649,463,329,325,652,458,408,727,678,375,591,601,374,405,455,729,630,689,310,582,583,572,309,459,568,357,354,334,430,437,337,338,511,664,366,365,684,389,388,474,726,486,733,780,608,773,353,333,770,769,332,358,791,786,361,362,226,788,342,341,793,722,761,611,720,623,809,319,316,651,647,525,588,750,736,680,487,735,747,653,619,345,344,622,540,573,475,681,818,771,702,606,559,495,494,600,802,558,320,723,845,313,701,595,597,454,721,812,768,533,578,555,734,665,856,801,671,840,842,579,545,796,565,335,707,531,305,751,855,306,336,658,706,462,543,443,442,157,181,162,452,161,453,184,156,447,449,412,321,457,456,312,330,461,460,440,308,465,464,548,467,748,863,527,518,517,693,346,393,724,760,746,743,567,745,520,866,821,510,348,383,820,857,833,581,700,603,401,400,848,864,620,666,803,667,656,859,704,594,852,861,659,621,485,339,749,513,516,515,514,472,471,524,482,835,522,523,519,378,752,470,725,580,577,432,670,416,871,731,710,827,806,715,391,814,662,441,854,427,633,834,466,826,638,639,853,841,843,418,741,574,404,399,587,642,829,765,800,429,813,480,331,570,569,825,328,392,557,837,815,530,417,426,529,491,326,327,586,869,584,560,379,737,838,317,675,719,505,410,718,411,696,697,402,318,688,493,797,844,398,709,351,779,772,370,717,716,757,744,849,661,690,387,498,509,390,372,810,824,817,677,660,227,323,648,646,546,828,640,742,644,550,551,635,738,561,830,637,233,632,377,631,307,695,376,311,386,732,823,502,868,438,508,628,617,542,673,340,420,499,501,822,686,532,423,839,663,804,592,819,627,315,730,382,394,728,836,343,862,669,816,602,324,618,694,705,473,691,650,598,599,712,777,492,409,397,783,504,692,439,431,870,607,536,776,698,753,782,539,613,612,596,593,371,413,368,406,476,528,347,314,682,322,679,535,654,349,419,384,381,589,641,740,739,556,636,479,615,481,478,385,468,512,380,434,526,713,808,759,811,614,762,755,477,369,758,767,766,563,764,763,415,356,355,396,610,352,775,774,711,699,781,609,350,778,714,703,785,784,360,789,364,787,794,359,795,367,790,792,428,604,799,798,564,422,403,500,674,807,538,805,754,373,624,756,414,566,541,576,687,626,395,676,488,484,668,655,625,571,549,537,634,562,643,832,831,490,547,521,683,575,590,672,424,553,425,554,605,407,847,846,496,616,851,850,506,552,544,435,421,489,860,503,858,507,685,469,497,867,483,865,657,585,708,534
STAB 0 1 1 1,2,3,4,5,6,7,8,9,10,11,12,13,14,15,16,17,18,19,20,21,22,23,24,25,26,27,28,29,30,31,32,33,34,35,36,37,38,39,40,41,42,43,44,45,46,47,48,49,50,51,52,53,54,55,56,57,58,59,60,61,62,63,64,65,66,67,68,69,70,71,72,73,74,75,76,77,78,79,80,81,82,83,84,85,86,87,88,89,90,91,92,93,94,95,96,97,98,99,100,101,102,103,104,105,106,107,108,109,110,111,112,113,114,115,116,117,118,119,120,121,122,123,124,125,126,127,128,129,130,131,132,133,134,135,136,137,138,139,140,141,142,143,144,145,146,147,148,149,150,151,152,153,154,155,156,157,158,159,160,161,162,163,164,165,166,167,168,169,170,171,172,173,174,175,176,177,178,179,180,181,182,183,184,185,186,187,188,189,190,191,192,193,194,195,196,197,198,199,200,201,202,203,204,205,206,207,208,209,210,211,212,213,214,215,216,217,218,219,220,221,222,223,224,225,226,227,228,229,230,231,232,233,234,235,236,237,238,239,240,241,242,243,244,245,246,247,248,249,250,251,252,253,254,255,256,257,258,259,260,261,262,263,264,265,266,267,268,269,270,271,272,273,274,275,276,277,278,279,280,281,282,283,284,285,286,287,288,289,290,291,292,293,294,295,296,297,298,299,300,301,302,303,304,305,306,307,308,309,310,311,312,313,314,315,316,317,318,319,320,321,322,323,324,325,326,327,328,329,330,331,332,333,334,335,336,337,338,339,340,341,342,343,344,345,346,347,348,349,350,351,352,353,354,355,356,357,358,359,360,361,362,363,364,365,366,367,368,369,370,371,372,373,374,375,376,377,378,379,380,381,382,383,384,385,386,387,388,389,390,391,392,393,394,395,396,397,398,399,400,401,402,403,404,405,406,407,408,409,410,411,412,413,414,415,416,417,418,419,420,421,422,423,424,425,426,427,428,429,430,431,432,433,434,435,436,437,438,439,440,441,442,443,444,445,446,447,448,449,450,451,452,453,454,455,456,457,458,459,460,461,462,463,464,465,466,467,468,469,470,471,472,473,474,475,476,477,478,479,480,481,482,483,484,485,486,487,488,489,490,491,492,493,494,495,496,497,498,499,500,501,502,503,504,505,506,507,508,509,510,511,512,513,514,515,516,517,518,519,520,521,522,523,524,525,526,527,528,529,530,531,532,533,534,535,536,537,538,539,540,541,542,543,544,545,546,547,548,549,550,551,552,553,554,555,556,557,558,559,560,561,562,563,564,565,566,567,568,569,570,571,572,573,574,575,576,577,578,579,580,581,582,583,584,585,586,587,588,589,590,591,592,593,594,595,596,597,598,599,600,601,602,603,604,605,606,607,608,609,610,611,612,613,614,615,616,617,618,619,620,621,622,623,624,625,626,627,628,629,630,631,632,633,634,635,636,637,638,639,640,641,642,643,644,645,646,647,648,649,650,651,652,653,654,655,656,657,658,659,660,661,662,663,664,665,666,667,668,669,670,671,672,673,674,675,676,677,678,679,680,681,682,683,684,685,686,687,688,689,690,691,692,693,694,695,696,697,698,699,700,701,702,703,704,705,706,707,708,709,710,711,712,713,714,715,716,717,718,719,720,721,722,723,724,725,726,727,728,729,730,731,732,733,734,735,736,737,738,739,740,741,742,743,744,745,746,747,748,749,750,751,752,753,754,755,756,757,758,759,760,761,762,763,764,765,766,767,768,769,770,771,772,773,774,775,776,777,778,779,780,781,782,783,784,785,786,787,788,789,790,791,792,793,794,795,796,797,798,799,800,801,802,803,804,805,806,807,808,809,810,811,812,813,814,815,816,817,818,819,820,821,822,823,824,825,826,827,828,829,830,831,832,833,834,835,836,837,838,839,840,841,842,843,844,845,846,847,848,849,850,851,852,853,854,855,856,857,858,859,860,861,862,863,864,865,866,867,868,869,870,871
STAB 0 1 1 1,2,4,3,15,7,6,14,9,10,17,18,25,8,5,16,11,12,21,22,19,20,24,23,13,26,28,27,32,33,34,29,30,31,109,103,54,44,39,98,57,84,83,38,128,115,116,68,106,111,137,97,131,37,55,56,41,129,118,79,113,117,63,138,152,154,139,48,167,179,169,165,158,74,172,76,77,177,60,153,127,210,43,42,151,250,240,224,235,222,130,114,290,280,132,275,52,40,102,101,100,99,36,105,104,49,108,107,35,112,50,110,61,92,46,47,62,59,121,122,119,120,126,125,124,123,81,45,58,91,53,95,133,144,136,135,51,64,67,142,143,140,141,134,148,149,150,145,146,147,85,65,80,66,155,184,162,73,219,196,181,157,214,182,72,166,69,168,71,171,170,75,174,173,176,175,78,180,70,178,161,164,185,156,183,190,208,191,213,186,188,194,193,192,195,160,200,201,202,197,198,199,206,207,209,203,204,187,205,82,212,211,189,163,216,215,218,217,159,221,220,90,225,88,223,226,233,256,270,272,281,241,227,258,89,239,238,237,236,87,232,245,246,247,242,243,244,249,248,86,254,255,257,251,252,228,253,234,262,263,264,259,260,261,268,269,271,265,266,229,267,230,296,298,96,279,278,277,276,94,231,285,286,287,282,283,284,289,288,93,294,295,297,291,292,273,293,274,302,303,304,299,300,301,464,449,651,440,461,447,650,330,443,675,725,631,679,728,646,456,412,602,377,535,452,586,470,466,460,312,569,357,354,361,686,663,358,467,339,438,341,342,386,724,477,396,393,735,487,609,775,772,362,333,763,764,332,337,794,784,334,353,363,787,365,366,792,716,614,755,717,754,624,632,648,649,323,737,752,580,530,744,733,486,690,343,819,760,476,687,576,541,347,626,627,346,493,492,762,598,697,798,604,756,457,718,605,442,594,704,846,321,719,566,563,732,552,590,532,806,557,587,537,843,841,800,655,662,837,669,534,708,465,539,710,453,673,340,854,308,753,408,313,446,448,444,310,445,306,451,450,325,436,455,454,320,405,459,458,329,309,463,462,305,433,328,338,746,489,327,471,517,705,771,726,389,345,748,556,739,749,832,585,825,860,384,349,826,469,521,867,398,397,599,696,672,628,868,851,674,625,849,862,595,701,661,836,807,668,858,511,745,523,514,522,516,472,518,524,831,490,515,513,519,589,588,583,678,750,381,870,419,654,431,324,855,423,665,434,815,392,796,713,706,823,641,644,572,820,830,636,417,842,840,838,479,421,811,758,801,828,640,415,579,575,414,740,570,331,568,821,548,814,856,565,391,736,853,564,380,865,584,527,582,483,326,422,526,525,418,730,727,721,409,504,723,847,400,494,799,682,322,702,403,407,700,694,774,350,773,759,720,722,369,680,656,852,747,676,657,822,816,808,373,501,394,395,497,645,647,316,374,738,642,829,551,834,643,742,562,546,634,638,547,629,319,630,375,376,311,307,695,684,533,427,616,620,664,805,864,506,428,336,658,538,850,824,509,430,734,827,496,437,500,314,619,818,528,317,615,817,601,861,653,859,335,390,729,731,385,709,693,692,607,652,495,401,778,711,606,505,603,782,410,473,544,871,432,691,435,699,781,543,783,751,368,371,406,413,612,593,613,596,344,315,475,592,318,688,591,689,416,383,670,348,577,378,633,480,567,743,639,741,382,512,468,618,478,481,529,715,379,441,372,370,404,761,559,611,388,757,399,355,356,768,769,770,765,766,767,474,352,610,608,351,777,776,698,780,779,712,703,714,360,786,785,364,789,788,791,790,367,795,359,793,542,802,402,600,426,560,797,804,803,659,420,508,623,810,809,558,813,812,573,540,622,681,677,387,549,571,621,545,667,484,488,671,561,635,550,520,482,835,637,833,507,429,555,848,554,425,553,424,845,844,411,597,839,502,666,499,617,578,439,536,574,863,510,685,485,683,503,857,660,581,869,491,498,866,531,707
STAB 0 1 1 6,4,7,1,9,2,3,19,5,12,8,14,32,20,15,11,21,22,16,10,18,17,27,34,33,37,13,31,30,28,29,23,25,24,83,42,54,35,46,59,92,107,104,50,130,57,41,45,43,84,67,85,148,55,26,47,61,128,100,36,39,40,91,51,131,95,135,58,186,175,203,211,217,216,200,82,185,70,49,53,72,165,102,112,132,251,245,265,272,262,129,56,291,285,150,302,65,121,106,62,122,38,105,79,109,108,60,111,110,103,99,44,116,115,113,114,120,119,117,118,98,101,63,80,66,48,212,133,123,126,149,134,68,52,64,143,142,141,140,138,139,137,136,154,152,153,151,124,97,125,146,144,147,145,163,325,313,159,74,71,310,306,73,69,189,81,188,164,204,187,205,201,202,160,180,192,194,193,195,78,408,190,191,436,167,168,75,77,76,183,182,178,176,179,177,209,207,208,206,170,169,171,174,172,173,198,196,199,197,213,166,210,127,218,219,158,155,215,214,229,267,263,264,266,234,374,353,87,90,89,93,86,319,88,235,247,230,238,232,246,257,255,256,254,248,250,249,228,253,252,239,240,236,243,241,244,242,271,269,270,268,220,224,221,225,222,223,260,258,261,259,237,94,96,303,287,274,304,231,286,297,295,296,294,288,290,289,273,293,292,279,280,276,283,281,284,282,301,300,298,299,277,275,278,612,452,357,371,475,453,333,347,447,461,329,670,669,639,632,618,385,636,419,335,442,584,326,379,592,314,526,311,695,757,730,765,771,398,700,415,346,369,317,309,337,358,460,377,630,607,691,519,646,307,663,437,376,760,799,806,759,645,227,665,370,345,402,305,361,334,465,702,493,362,349,354,383,686,570,331,430,320,631,375,457,378,484,477,725,827,637,547,678,423,571,388,813,511,336,339,414,790,359,397,481,464,499,449,853,417,850,512,433,603,673,316,505,409,648,803,860,802,816,498,657,604,390,674,510,589,871,431,596,569,555,443,767,355,590,406,568,446,448,161,162,156,450,184,451,157,181,445,444,382,468,478,615,315,344,476,528,368,413,593,613,434,400,405,421,515,582,352,351,396,459,312,474,412,728,601,455,830,868,677,685,734,532,395,503,638,620,606,808,372,492,411,425,553,847,788,819,845,858,418,838,605,485,787,619,574,696,456,531,708,586,707,714,470,610,540,576,583,534,703,679,548,327,330,328,591,516,735,486,514,525,552,561,807,750,833,521,659,580,578,634,739,815,380,387,391,567,439,660,497,544,546,861,754,764,798,655,545,769,600,836,623,738,715,713,529,676,441,520,857,469,832,386,435,791,751,843,522,471,527,840,518,794,539,684,536,737,458,440,854,706,463,502,495,404,422,741,479,811,560,616,598,774,778,712,472,755,462,308,611,321,846,597,454,824,869,820,829,756,558,826,640,501,483,233,384,348,629,318,671,537,682,814,831,688,687,322,622,392,482,226,363,416,654,652,651,650,649,324,323,635,848,554,399,420,424,672,360,766,356,785,656,821,825,731,647,562,849,758,538,389,488,549,724,736,746,642,641,489,381,863,577,828,633,530,748,779,350,699,776,332,338,373,694,709,467,855,810,517,710,698,701,513,523,781,594,608,775,466,524,572,723,721,722,720,718,716,719,717,727,726,675,393,740,480,653,343,487,533,733,732,535,689,743,742,602,729,556,551,749,680,747,745,744,690,753,752,543,588,812,761,809,365,340,342,341,614,770,559,768,658,438,664,763,762,563,366,782,783,692,777,705,609,780,473,711,693,772,773,508,796,500,804,805,662,797,801,587,579,800,403,364,367,426,795,792,793,564,542,784,786,789,428,697,566,494,401,624,599,550,643,823,427,509,822,667,621,627,394,818,625,668,817,626,681,835,834,541,573,490,644,856,859,410,407,867,581,585,866,496,617,506,839,852,851,844,661,666,504,704,595,862,429,683,557,575,837,565,507,491,628,841,842,865,864,432,870
STAB 0 1 1 6,4,1,7,15,3,2,20,5,12,21,22,33,19,9,11,8,14,18,17,16,10,34,27,32,37,31,13,23,25,24,30,28,29,110,105,55,50,46,121,61,112,102,35,133,113,114,58,108,99,142,65,149,54,26,47,92,123,119,49,116,120,91,141,144,145,140,45,188,195,204,189,159,216,201,82,185,194,36,147,212,213,104,107,146,252,246,266,235,263,126,115,292,286,134,303,85,59,38,122,62,106,42,109,79,43,111,60,83,44,84,103,39,56,57,41,40,100,98,101,117,118,48,66,80,63,72,130,128,129,148,150,68,154,143,64,67,51,135,137,136,138,139,52,124,97,125,152,153,151,132,131,53,95,163,436,306,217,214,209,408,313,218,190,211,81,186,164,203,205,187,200,160,202,192,180,70,78,175,193,310,69,167,325,191,183,199,182,127,168,77,179,176,178,177,71,170,169,171,207,208,206,198,196,197,174,172,75,173,165,210,166,76,73,158,219,215,155,74,267,229,262,234,265,264,374,319,244,261,237,297,257,353,271,272,232,238,230,247,245,86,248,250,249,255,256,254,253,228,251,243,241,242,239,240,87,236,88,220,224,221,269,270,268,260,258,259,225,222,90,223,89,284,301,302,231,304,274,287,285,93,288,290,289,295,296,294,293,273,291,283,281,282,279,280,94,276,96,277,275,278,300,298,299,593,451,650,406,528,450,651,314,448,389,726,348,736,740,363,478,512,479,383,525,445,518,515,434,476,347,713,376,307,759,577,766,760,400,700,355,346,369,378,727,474,388,678,732,532,712,777,782,645,695,559,768,311,771,800,508,757,646,227,804,370,345,587,723,611,761,721,812,558,629,654,652,419,689,543,751,591,749,533,734,748,317,822,341,312,828,832,521,460,640,501,358,808,606,770,495,373,426,560,809,615,722,616,446,854,710,506,385,720,623,769,487,439,536,735,789,861,794,561,866,581,792,635,360,859,731,514,523,613,750,594,444,758,415,704,371,588,449,447,156,184,161,453,162,452,181,157,442,443,468,382,618,481,344,315,592,475,413,368,612,596,379,398,747,503,326,582,714,698,366,675,725,337,744,546,742,690,541,840,625,575,375,630,668,421,576,842,511,813,404,338,849,483,865,661,538,826,851,565,706,855,672,856,428,825,683,696,680,534,708,583,707,352,470,703,834,638,586,531,610,684,539,471,724,753,430,432,648,323,871,335,595,816,785,569,643,547,364,466,701,394,322,482,441,667,835,682,505,585,867,410,728,860,401,340,793,626,687,673,791,469,603,602,529,526,715,621,380,550,862,836,637,535,504,600,331,628,527,327,522,868,584,802,548,679,409,653,393,716,853,418,717,839,339,372,795,641,636,810,359,499,467,776,692,607,783,342,718,719,361,746,848,666,745,488,554,627,823,697,493,819,423,571,425,226,416,670,362,743,622,681,567,490,392,556,545,739,671,831,815,233,632,384,349,354,333,357,332,381,486,390,846,869,356,786,491,605,674,765,399,807,844,818,619,589,733,817,411,767,788,461,824,509,330,669,321,427,741,837,324,557,730,827,480,343,457,781,699,350,774,649,492,414,780,608,598,838,811,772,417,351,578,870,431,779,555,709,693,580,773,752,305,465,464,433,462,440,308,463,309,329,459,458,639,633,737,530,316,631,647,377,386,686,318,601,738,551,688,729,320,456,405,454,412,455,328,572,570,568,702,334,397,614,764,755,477,365,336,663,437,763,762,563,658,438,664,396,519,472,778,691,609,705,694,711,473,775,517,524,806,500,796,665,662,805,801,797,402,403,799,579,659,564,790,422,604,798,367,784,542,420,803,787,756,494,566,754,599,624,520,833,829,642,549,484,387,676,820,634,821,677,395,562,655,537,391,540,830,644,814,573,485,510,544,852,497,657,660,498,617,496,850,502,407,845,656,847,597,435,590,552,857,507,574,863,685,489,858,429,424,843,864,620,553,841,516,513
STAB 0 1 1 6,4,3,2,9,1,7,20,5,11,10,16,27,19,15,12,17,18,14,8,22,21,32,33,34,26,13,31,30,29,28,23,24,25,60,38,55,36,47,62,61,102,112,49,126,56,39,48,44,79,64,80,134,54,37,46,92,123,100,35,41,40,68,51,125,97,135,63,188,180,187,189,159,163,160,81,164,78,50,52,76,166,107,104,124,228,232,229,230,234,133,57,273,231,149,274,66,122,105,59,121,42,106,84,99,103,83,110,111,108,109,43,114,113,115,116,120,119,118,117,101,98,58,85,65,45,127,129,128,130,150,148,91,53,67,142,143,141,140,139,138,136,137,147,146,145,144,132,95,131,152,151,154,153,216,157,156,217,73,75,162,161,74,77,211,82,186,185,205,203,204,202,201,200,175,195,193,194,192,70,184,182,183,181,168,167,71,69,72,191,190,179,177,178,176,199,198,197,196,174,173,172,170,171,169,207,206,209,208,210,165,213,212,214,215,155,158,219,218,265,266,264,263,267,262,227,226,86,88,89,94,87,233,90,238,246,272,235,245,247,244,243,242,241,239,236,240,251,252,253,248,249,250,255,254,257,256,261,260,259,258,225,223,222,220,221,224,269,268,271,270,237,93,96,304,286,302,303,285,287,284,283,282,281,279,276,280,291,292,293,288,289,290,295,294,297,296,301,300,299,298,277,278,275,613,444,354,368,476,445,332,344,446,458,330,654,653,641,629,615,382,633,416,343,450,527,327,380,528,315,529,311,695,759,731,758,760,400,696,399,345,370,324,312,341,366,459,375,631,473,692,472,645,307,664,438,376,771,797,796,757,646,374,662,369,346,403,308,365,342,462,697,494,363,348,357,384,684,548,328,386,321,630,377,454,381,488,474,727,823,643,550,675,427,549,396,811,467,340,338,404,795,367,401,478,463,496,448,838,418,839,468,440,599,658,323,504,410,647,807,857,798,817,497,660,600,394,659,469,577,870,432,593,572,552,451,766,356,578,413,466,447,449,306,310,313,442,408,443,325,436,453,452,385,512,481,618,314,347,475,592,371,406,596,612,441,398,412,429,471,470,352,350,388,460,309,477,405,729,602,456,834,864,676,683,732,533,387,507,644,628,598,810,373,495,407,424,554,844,784,818,846,863,417,853,597,489,786,627,575,700,455,534,707,583,708,714,582,610,541,573,586,531,703,689,570,326,329,331,535,523,733,487,513,530,555,562,803,752,832,520,674,588,590,635,743,814,379,395,392,556,435,657,498,536,551,862,809,770,802,671,537,763,604,859,624,742,713,715,526,677,434,521,860,510,833,430,439,792,753,842,518,515,584,841,522,793,543,686,544,736,461,433,855,710,464,506,492,414,426,740,480,813,564,617,606,779,777,711,519,761,465,305,614,320,845,605,457,822,865,825,828,812,566,821,642,509,491,319,383,349,632,322,655,545,688,815,835,682,681,318,626,391,490,353,362,419,670,650,649,652,651,317,316,634,851,553,415,428,425,666,364,767,355,789,661,826,820,730,648,561,852,765,542,393,484,571,726,737,749,640,639,485,378,858,589,829,636,525,745,774,351,698,781,333,339,372,693,705,511,854,808,524,706,699,704,514,516,776,595,609,780,568,517,569,719,718,717,716,721,720,723,722,725,724,678,389,741,479,669,335,486,532,735,734,591,679,739,738,601,728,567,546,746,690,744,748,747,680,751,750,539,580,756,755,754,361,336,334,337,611,764,563,762,673,437,663,769,768,559,358,783,782,691,778,709,608,775,607,712,694,773,772,500,806,508,805,804,665,799,800,579,587,801,402,360,359,422,790,791,794,560,538,788,787,785,420,702,558,493,397,623,603,547,637,827,423,501,824,668,625,619,390,819,621,667,816,622,687,831,830,540,576,482,638,837,836,409,411,866,585,581,867,499,616,502,850,849,848,847,656,672,505,701,594,861,421,685,565,574,856,557,503,483,620,840,843,869,868,431,871
STAB 0 1 1 6,4,2,3,15,7,1,19,5,11,17,18,34,20,9,12,10,16,22,21,14,8,33,32,27,26,31,13,23,24,25,30,29,28,111,106,54,49,47,122,92,104,107,36,129,115,116,63,103,109,143,66,150,55,37,46,61,128,119,50,114,120,68,141,151,153,140,48,186,192,205,211,217,163,202,81,164,193,35,154,127,210,112,102,152,253,247,267,238,264,130,113,293,287,148,304,80,62,42,121,59,105,38,99,84,44,110,83,60,43,79,108,41,57,56,39,40,100,101,98,118,117,45,65,85,58,76,126,123,133,134,149,91,147,142,67,64,51,135,136,137,139,138,53,132,95,131,146,145,144,124,125,52,97,216,181,161,159,218,199,184,156,214,182,189,82,188,185,187,204,203,160,200,201,195,175,78,70,180,194,162,77,168,157,183,191,209,190,212,167,69,178,177,179,176,75,174,173,172,198,197,196,207,206,208,170,171,71,169,166,213,165,72,74,155,215,219,158,73,266,265,234,262,229,263,227,233,257,271,237,284,244,226,261,230,245,235,272,246,232,87,239,236,240,243,242,241,252,251,228,255,254,256,248,249,86,250,90,225,223,222,260,259,258,269,268,270,220,221,88,224,89,297,301,274,285,303,302,286,231,94,279,276,280,283,282,281,292,291,273,295,294,296,288,289,93,290,96,277,278,275,300,299,298,596,443,652,413,592,442,649,315,449,393,724,349,737,741,362,481,468,480,384,530,453,522,471,441,475,344,715,376,307,757,589,767,771,398,696,356,345,370,381,725,477,396,675,734,533,711,778,783,646,695,563,762,311,760,801,500,759,645,374,805,369,346,579,719,614,755,718,756,566,632,670,650,416,679,539,753,535,746,532,732,745,324,824,337,309,829,833,520,459,642,509,366,810,598,764,492,372,422,564,754,618,717,617,447,855,706,502,382,716,624,763,486,435,544,733,785,862,793,562,867,585,791,634,364,836,730,513,516,612,752,595,452,765,399,701,368,580,448,446,313,408,306,445,310,444,436,325,450,451,512,385,615,478,347,314,528,476,406,371,613,593,380,400,744,507,327,470,714,699,358,678,727,341,747,551,738,680,540,841,621,574,377,631,667,429,573,843,467,811,414,339,852,491,869,656,542,821,848,557,710,854,666,837,420,820,685,700,690,531,707,586,708,352,582,703,830,644,583,534,610,686,543,515,726,751,386,431,647,316,870,343,594,817,789,572,637,550,360,568,704,390,318,490,434,668,831,688,504,581,866,409,729,857,397,336,794,622,681,658,792,510,599,601,526,529,713,625,379,547,861,859,643,591,505,604,328,620,584,326,518,864,527,798,570,689,410,669,389,720,838,417,722,850,338,373,790,639,633,808,367,496,511,781,691,473,782,334,721,723,365,749,851,672,748,484,553,619,827,702,494,818,427,549,424,353,419,654,363,739,626,687,556,482,391,567,537,743,655,835,814,319,629,383,348,357,332,354,333,378,487,394,845,865,355,787,483,597,659,758,415,803,847,819,627,577,735,816,407,766,784,458,822,501,329,653,320,423,740,856,317,565,731,823,479,335,454,776,698,351,779,651,495,404,775,609,606,853,813,773,418,350,590,871,432,774,552,705,694,588,772,750,308,462,463,440,465,433,305,464,312,330,460,461,641,636,736,525,323,630,648,375,430,684,322,602,742,546,682,728,321,455,412,457,405,456,331,569,548,466,697,342,401,611,770,761,474,361,340,664,438,769,768,559,673,437,663,388,472,519,777,692,608,709,693,712,607,780,524,517,796,508,806,662,665,804,800,799,403,402,797,587,674,560,795,426,600,802,359,788,538,428,807,786,812,493,558,809,603,623,521,832,828,640,571,488,395,677,825,635,826,676,387,561,671,545,392,541,834,638,815,576,489,469,536,849,498,660,657,497,616,499,839,506,411,846,661,844,605,439,578,555,860,503,575,858,683,485,863,421,425,842,868,628,554,840,523,514
STAB 0 1 1 7,3,6,1,9,2,4,21,15,18,14,8,29,22,5,17,19,20,16,10,12,11,28,31,30,54,25,34,33,27,32,24,13,23,43,84,37,109,115,118,114,108,105,111,91,41,57,128,83,42,139,151,145,55,26,116,113,45,101,103,39,98,130,137,53,132,136,129,190,176,206,212,218,215,197,210,183,179,106,131,165,72,99,110,95,254,242,268,230,259,58,56,294,282,147,299,152,119,49,117,120,44,104,60,35,107,79,50,112,36,102,38,47,46,61,92,122,121,62,59,40,100,63,153,154,68,211,133,126,123,146,144,48,97,138,141,140,143,142,64,67,51,135,66,65,80,85,125,52,124,149,134,150,148,214,452,443,219,74,169,447,449,158,167,213,127,191,182,207,208,209,198,199,196,178,194,192,193,195,177,442,186,188,453,69,168,172,77,76,185,164,180,175,70,78,205,204,187,203,171,71,170,173,75,174,201,160,202,200,189,166,82,81,217,159,73,155,216,163,270,271,260,261,269,258,632,362,240,222,235,290,250,646,224,89,244,272,237,241,243,253,252,228,251,249,86,248,256,257,255,236,87,239,246,232,247,245,267,266,229,265,221,88,220,223,90,225,263,234,264,262,238,280,275,300,284,298,301,281,283,293,292,273,291,289,93,288,296,297,295,276,94,279,286,231,287,285,304,303,274,302,278,96,277,720,325,332,717,726,436,354,393,310,309,460,734,430,742,374,747,690,551,532,686,408,582,586,752,727,675,588,650,652,761,591,768,474,492,606,563,396,614,679,461,358,337,329,323,647,694,709,524,319,651,336,673,649,388,600,420,611,629,233,538,755,477,798,464,334,361,433,603,397,353,487,333,733,335,568,569,669,456,316,648,405,737,825,345,315,671,834,644,528,537,821,760,812,511,663,339,566,791,794,493,749,305,851,306,578,552,666,745,465,702,437,631,701,594,375,804,485,797,622,868,620,403,687,500,858,525,707,534,723,331,838,313,770,763,418,718,570,444,445,181,157,184,451,156,450,162,161,448,446,744,746,748,680,725,724,389,678,716,719,721,722,539,598,457,557,522,584,772,775,346,458,330,771,321,318,682,454,550,498,818,859,670,419,627,862,643,657,700,623,754,398,846,841,842,597,789,387,844,510,590,555,407,860,364,676,856,495,320,870,432,326,871,783,327,773,815,391,527,431,782,317,572,470,312,466,730,516,348,384,514,589,417,828,508,529,835,490,805,380,853,642,480,540,580,819,576,740,854,864,628,706,641,683,372,356,402,427,823,766,799,507,808,633,751,543,750,619,753,831,863,489,482,343,710,790,715,424,515,471,583,554,518,359,434,653,855,378,459,308,439,544,462,849,696,756,587,743,556,558,801,656,400,608,698,781,517,370,463,440,759,412,411,847,455,667,866,549,635,404,811,488,562,625,585,227,486,735,645,728,827,423,601,573,520,729,390,602,816,541,832,226,363,732,533,695,307,311,376,535,377,829,839,840,762,806,843,496,784,769,764,786,616,571,484,689,630,640,502,559,665,476,826,820,344,577,468,634,546,469,530,857,736,561,738,381,478,780,609,711,777,357,467,624,607,691,338,536,809,472,435,778,505,523,513,712,409,774,351,328,519,548,596,593,613,612,406,368,413,371,592,475,314,347,567,739,684,386,349,654,383,416,324,731,741,639,322,688,479,636,481,615,618,512,382,385,441,379,713,526,813,757,810,365,438,342,341,369,767,758,765,664,340,658,355,399,415,366,703,714,693,776,473,350,779,705,699,692,352,610,807,542,674,803,659,428,802,560,422,564,426,604,787,792,800,793,367,795,579,796,360,785,788,662,401,414,599,697,373,494,830,638,545,655,668,621,824,822,395,626,677,501,509,681,394,817,833,637,392,814,521,547,574,685,704,605,491,865,483,869,672,852,661,848,617,499,845,506,850,595,410,504,503,837,861,421,565,429,575,836,867,497,425,553,581,660,708,531
STAB 0 1 1 7,3,1,6,5,4,2,22,15,18,19,20,30,21,9,17,14,8,12,11,16,10,31,28,29,54,34,25,24,13,23,33,27,32,112,104,55,111,115,119,113,110,99,109,133,61,92,129,107,102,140,152,146,37,26,116,114,126,121,106,47,122,130,143,134,148,142,128,191,195,207,213,219,215,198,210,183,192,103,150,211,189,105,108,149,255,243,269,89,260,123,46,295,283,144,300,151,118,44,120,117,49,84,35,60,83,50,79,43,38,42,36,39,56,41,57,98,101,40,100,62,59,68,154,153,63,165,91,45,58,145,147,48,66,141,138,139,137,136,51,135,64,67,97,125,52,124,65,80,85,95,53,131,132,214,453,449,218,163,205,442,443,217,186,212,127,190,182,206,209,208,197,196,199,194,178,179,177,176,193,447,167,69,452,188,185,202,164,81,168,77,70,175,180,78,169,171,71,170,204,187,203,201,160,200,173,75,172,174,72,82,166,76,158,73,159,216,155,74,271,270,259,258,268,261,632,646,247,264,238,293,253,362,267,230,241,237,272,244,242,250,249,86,248,252,228,251,257,256,254,246,232,245,236,87,240,239,224,221,88,220,266,229,265,263,234,262,223,90,222,225,235,287,304,299,281,301,298,284,282,290,289,93,288,292,273,291,297,296,294,286,231,285,276,94,280,279,275,278,96,277,303,274,302,721,450,311,718,678,451,307,675,445,476,475,735,577,567,363,748,745,556,733,589,448,518,522,539,389,393,543,649,651,611,736,769,388,598,606,763,396,614,737,592,771,760,528,416,419,781,776,703,629,652,758,765,650,474,426,807,761,319,233,803,755,477,422,596,759,757,593,813,811,645,533,695,532,731,713,715,730,481,654,670,478,679,621,341,330,561,482,490,329,562,625,337,623,700,767,696,624,800,801,810,680,613,656,444,439,435,661,690,612,808,766,349,854,855,348,788,683,359,828,869,865,367,829,784,685,689,514,513,722,529,409,446,559,563,410,717,526,306,310,184,156,181,436,157,325,161,162,408,313,746,744,747,749,724,725,727,726,719,716,720,723,752,492,618,862,586,584,783,778,366,314,315,358,382,641,639,385,392,554,501,565,648,647,509,557,391,553,511,812,756,467,502,585,581,506,665,488,499,575,544,536,496,574,662,484,861,495,615,431,432,527,871,772,327,782,637,643,326,870,773,653,434,471,344,441,669,708,375,377,707,686,504,622,786,331,638,644,787,328,505,626,602,832,753,824,833,601,701,483,491,704,318,485,697,438,795,394,390,437,790,489,702,322,750,588,751,822,580,830,503,507,834,324,595,799,569,497,583,470,515,498,582,797,572,317,594,684,347,368,578,590,371,848,339,754,793,546,551,809,794,851,338,777,693,694,714,342,406,413,334,468,839,850,512,826,840,395,545,401,397,387,537,821,841,226,732,734,353,741,816,817,740,521,541,479,823,480,827,520,540,227,374,486,487,333,354,332,357,530,384,687,411,866,764,785,867,407,500,768,762,508,845,677,676,525,383,681,846,770,789,309,667,668,312,430,412,655,743,429,535,421,591,671,739,386,405,712,711,609,608,376,398,566,779,774,400,555,558,352,552,775,853,531,534,780,838,691,692,380,610,379,464,433,305,465,463,308,440,462,461,460,458,459,742,738,378,381,631,316,630,323,343,335,728,682,633,636,729,688,456,320,457,455,321,454,466,548,568,570,603,361,493,369,356,370,345,365,663,336,673,355,399,415,664,340,658,346,524,517,698,709,350,473,607,699,705,351,472,519,420,674,542,538,428,659,560,802,798,604,600,564,805,579,791,587,403,402,792,360,796,806,804,364,404,599,414,372,494,373,831,835,635,634,820,825,819,619,549,642,571,818,627,640,427,423,576,815,550,547,573,814,860,858,706,617,628,620,864,868,852,672,666,849,605,844,616,597,847,710,418,417,863,836,856,857,859,469,510,837,843,424,660,657,842,425,516,523
STAB 0 1 1 7,3,4,2,9,1,6,22,15,17,10,16,28,21,5,18,11,12,8,14,20,19,29,30,31,26,25,34,33,32,27,24,23,13,79,44,55,103,116,117,113,99,110,106,123,56,39,68,38,60,138,153,144,37,54,115,114,126,101,109,57,98,48,137,124,52,136,63,191,178,208,213,219,214,196,127,182,177,111,97,76,166,108,105,125,256,241,270,272,258,133,41,296,281,146,298,154,120,104,118,119,84,49,42,102,36,43,112,50,107,35,83,92,61,46,47,122,121,59,62,100,40,129,151,152,128,81,58,45,91,147,145,130,131,139,140,141,143,142,67,64,135,51,150,149,148,134,95,132,53,65,85,66,80,215,162,184,218,158,172,157,181,74,77,212,210,190,183,209,206,207,199,198,197,176,195,193,192,194,179,156,164,185,161,168,69,169,167,165,188,186,70,78,180,175,202,201,200,160,173,174,75,171,170,71,204,203,205,187,82,72,189,211,163,216,155,73,159,217,268,269,261,260,271,259,233,226,250,224,235,280,240,227,222,237,243,230,89,242,244,247,246,245,232,236,239,87,254,255,257,249,248,86,252,251,253,228,264,263,262,234,223,225,90,221,220,88,266,265,267,229,238,290,275,301,283,299,300,282,284,287,286,285,231,276,279,94,294,295,297,289,288,93,292,291,293,273,304,303,302,274,278,277,96,722,446,333,716,389,448,357,724,444,459,312,533,684,546,645,680,744,738,732,386,451,583,470,580,678,725,750,650,652,611,689,559,388,598,495,762,477,755,535,330,341,366,458,648,316,705,693,517,629,651,658,340,649,474,802,542,761,319,632,428,614,396,604,440,365,342,463,401,599,363,735,332,486,653,572,466,343,412,647,323,455,530,826,771,592,545,638,830,314,655,820,346,558,338,438,467,756,793,792,697,748,462,672,445,555,590,848,746,308,494,664,377,595,704,630,508,863,402,681,628,864,799,626,805,489,736,531,708,721,548,417,450,769,764,853,719,328,310,306,449,447,443,408,442,313,452,453,436,325,690,745,749,747,675,393,726,727,717,718,723,720,753,492,321,837,471,327,772,609,760,329,461,345,457,688,322,320,637,660,619,861,416,654,819,836,547,497,400,809,624,696,605,843,840,845,360,677,411,857,552,578,847,469,785,395,565,606,454,431,871,527,432,783,584,773,392,814,326,870,782,731,568,586,460,569,324,513,383,349,523,381,838,640,804,379,482,831,500,526,418,829,741,573,752,627,541,479,710,620,868,855,636,503,810,767,797,827,423,355,403,685,373,639,543,751,588,818,539,490,485,858,835,669,854,367,441,553,518,522,582,425,515,795,713,335,706,577,309,465,536,435,305,661,398,566,800,567,739,812,579,852,700,780,776,699,524,757,433,464,369,456,844,407,405,621,581,484,561,813,414,571,634,668,867,646,733,487,374,602,427,823,729,540,833,601,817,728,394,576,521,362,353,532,734,311,376,695,307,679,631,642,499,842,563,662,841,850,787,770,763,788,506,488,549,591,375,828,617,768,796,347,825,821,475,378,481,562,742,860,737,510,525,635,551,589,512,608,775,778,712,354,339,754,692,473,511,439,623,519,544,711,410,514,516,777,504,350,779,570,472,331,413,406,371,368,593,612,596,613,315,344,528,476,743,556,430,686,384,419,348,670,730,317,480,633,682,318,740,641,468,385,382,478,618,615,715,529,434,380,404,370,372,334,663,361,358,759,356,415,399,437,673,336,766,765,758,337,714,703,709,698,691,774,351,694,781,607,610,352,674,420,807,659,803,538,600,426,564,422,560,798,784,794,587,791,790,359,801,665,789,364,786,806,603,811,397,493,808,702,644,834,671,537,625,667,509,501,676,687,387,822,824,622,816,390,520,550,815,391,832,643,429,507,594,846,869,483,865,491,851,656,849,666,502,839,597,616,496,701,505,409,683,557,859,575,856,574,421,862,585,657,554,424,866,498,534,707
STAB 0 1 1 7,3,2,4,5,6,1,21,15,17,11,12,31,22,9,18,10,16,20,19,8,14,30,29,28,26,34,25,24,23,13,33,32,27,50,49,37,106,116,120,114,105,108,103,58,46,47,63,36,35,141,154,147,55,54,115,113,45,121,111,92,122,48,143,85,80,142,68,190,194,209,212,218,214,199,127,182,193,109,66,81,82,110,99,65,257,244,271,237,261,91,61,297,284,145,301,153,117,84,119,118,104,44,102,42,38,112,43,79,83,60,107,57,41,56,39,98,101,100,40,59,62,128,152,151,129,76,123,126,133,144,146,130,150,140,139,138,137,136,135,51,67,64,131,95,132,53,149,148,134,125,124,97,52,215,161,181,219,217,202,156,184,163,164,213,210,191,183,208,207,206,196,197,198,195,176,177,179,178,192,157,77,168,162,185,188,205,186,211,69,167,180,78,70,175,172,173,174,75,201,200,160,204,203,187,171,170,169,71,166,189,72,165,74,155,216,159,73,158,269,268,258,259,270,260,233,227,253,267,238,287,247,226,264,272,242,89,230,243,241,240,236,239,87,246,245,232,255,254,256,252,251,228,249,248,250,86,222,223,225,90,263,262,234,266,265,229,221,220,224,88,235,293,304,298,282,300,299,283,281,280,276,279,94,286,285,231,295,294,296,292,291,273,289,288,290,93,275,278,277,96,303,302,274,723,313,695,719,727,408,376,725,306,347,344,487,378,743,353,749,746,739,486,381,436,515,471,753,726,724,751,649,651,761,525,770,474,492,495,764,477,755,530,315,345,346,314,670,654,699,698,714,319,652,415,399,650,388,560,674,611,629,632,659,614,396,564,413,369,370,406,404,414,374,734,311,732,317,434,441,324,468,419,416,512,535,667,358,461,635,835,831,458,634,668,366,809,400,356,398,754,587,579,372,747,371,852,310,536,544,849,744,368,373,355,384,710,706,383,786,503,795,640,491,483,790,642,787,507,591,523,516,720,379,504,325,768,762,505,716,380,445,444,443,442,449,448,447,446,453,452,451,450,745,690,680,748,393,675,678,389,718,717,722,721,580,598,382,836,470,327,783,711,337,528,592,341,618,636,633,615,815,425,822,856,323,316,824,837,814,424,338,558,566,339,617,867,866,616,796,571,839,421,435,439,850,429,806,549,859,606,385,870,871,326,432,772,584,782,550,547,527,431,773,335,713,522,475,715,343,534,630,631,531,386,409,681,788,548,834,830,784,570,410,687,728,521,539,509,520,729,595,865,869,594,688,863,493,663,359,816,817,664,367,858,494,682,588,750,543,501,752,644,683,685,638,730,701,403,466,657,582,586,518,660,583,402,568,731,704,430,476,612,555,552,613,666,467,624,791,742,738,623,792,672,511,712,709,705,703,361,593,596,365,481,499,496,478,825,842,676,671,603,599,677,655,820,843,362,532,533,363,480,394,390,479,832,576,740,423,741,427,833,573,646,645,733,735,332,357,333,354,737,349,626,844,581,763,364,585,847,805,559,563,804,597,387,395,736,348,622,605,769,360,459,621,625,460,684,456,537,567,574,679,575,689,545,556,686,455,777,778,775,780,307,696,756,351,350,700,578,812,610,590,609,418,707,708,608,417,473,607,526,352,529,440,463,462,308,433,465,464,305,330,312,329,309,546,551,577,589,377,647,375,648,669,653,602,322,639,641,601,318,412,454,321,405,457,320,569,331,572,328,401,342,697,759,767,757,771,334,438,658,340,766,765,758,437,673,336,760,517,524,776,693,774,691,692,781,694,779,519,472,542,807,420,428,538,803,426,600,604,798,802,422,500,801,793,800,799,797,794,789,665,662,508,785,813,397,811,810,702,808,490,482,561,562,821,826,627,818,484,829,488,619,819,828,827,823,541,392,637,643,540,391,469,489,855,502,868,864,620,628,656,851,848,661,846,411,506,845,407,854,853,838,485,862,565,510,861,860,857,557,841,553,498,497,840,554,513,514
CELL 1 1 8
STAB 1 1 1 1,2,7,6,5,4,3,14,9,16,20,19,23,8,15,10,22,21,12,11,18,17,13,25,24,55,27,28,29,31,30,32,34,33,107,102,54,60,56,100,57,83,84,79,130,92,61,126,112,104,135,124,132,37,26,39,41,129,59,38,47,62,133,64,150,149,67,123,167,175,170,165,158,155,174,166,168,180,44,134,189,211,42,43,148,248,239,220,237,225,128,46,288,279,131,277,125,101,103,40,98,36,99,50,111,110,35,109,108,106,105,49,116,115,114,113,117,118,120,119,122,121,68,52,97,48,213,91,58,45,95,53,63,80,51,137,136,138,139,141,140,143,142,153,151,154,152,85,66,65,145,147,144,146,74,450,446,73,163,187,445,444,159,188,72,76,69,77,171,71,169,173,172,75,70,179,178,177,176,78,448,191,190,451,186,185,160,164,81,183,182,194,195,192,193,208,206,209,207,203,205,204,200,202,201,197,199,196,198,212,82,210,127,219,218,217,216,215,214,88,224,223,222,221,90,363,645,232,234,230,273,228,629,229,238,240,89,235,87,236,256,254,257,255,251,253,252,86,250,249,245,247,246,242,244,241,243,270,268,271,269,265,267,266,262,264,263,259,261,258,260,272,231,274,278,280,96,275,94,276,296,294,297,295,291,293,292,93,290,289,285,287,286,282,284,281,283,298,299,301,300,302,304,303,465,453,376,462,460,452,695,459,442,592,528,648,730,682,632,457,454,688,647,731,447,584,527,548,461,458,570,332,333,361,669,673,358,467,511,658,366,365,653,476,760,771,475,384,383,779,774,610,362,354,767,766,357,337,790,785,334,353,226,789,342,341,795,613,757,759,612,808,810,646,631,307,630,589,526,529,577,615,349,348,618,684,676,477,724,816,815,814,726,817,677,474,603,700,758,696,599,799,797,811,456,596,844,443,505,504,847,455,593,813,765,654,853,838,670,538,574,560,827,554,553,564,823,542,575,686,871,870,464,715,536,449,663,664,544,463,713,313,408,162,161,157,325,181,436,156,184,310,306,321,412,405,320,330,312,309,329,308,440,433,305,572,338,478,857,583,518,472,692,396,347,344,388,468,741,740,512,831,869,571,858,735,733,549,863,835,865,606,702,697,598,839,660,657,850,804,824,616,685,410,409,617,683,805,822,860,339,481,523,516,522,514,517,471,519,832,833,515,513,524,737,379,327,315,380,736,708,734,732,707,689,435,671,420,751,576,573,428,753,439,655,738,637,328,488,643,742,578,425,424,590,743,856,756,762,422,634,635,768,426,837,812,739,569,568,331,484,466,541,421,429,540,381,552,800,750,867,586,470,326,866,582,801,752,378,555,679,314,413,701,704,406,846,495,401,798,728,729,397,802,845,492,691,775,780,352,755,371,368,761,382,502,506,385,819,868,668,687,754,809,667,681,818,864,233,377,375,319,641,561,562,639,547,830,636,829,633,828,550,834,227,374,323,316,651,652,649,650,343,416,545,849,498,340,807,497,852,796,437,438,806,851,625,621,335,419,537,848,336,803,727,387,395,725,591,744,626,318,507,386,503,430,622,322,535,747,607,473,705,709,311,400,494,781,776,398,594,493,714,595,693,854,534,531,694,855,777,778,441,703,434,722,720,723,721,717,719,716,718,389,678,393,675,601,602,317,324,533,487,532,486,530,525,546,567,480,479,551,556,680,749,748,690,746,745,580,539,588,543,623,611,558,369,399,370,345,614,559,770,769,415,356,355,563,764,763,346,773,772,351,608,699,711,712,350,609,698,783,782,786,360,784,788,787,364,359,794,793,792,791,367,662,403,600,402,579,587,604,674,500,508,665,659,372,624,373,404,566,414,392,391,390,394,627,619,826,825,509,427,501,821,820,423,642,640,638,482,520,521,644,490,861,565,418,496,843,842,841,840,407,605,597,411,672,656,499,666,661,417,706,710,557,469,485,862,510,836,859,489,628,491,585,581,620,483,432,431
STAB 1 1 -1 1,9,7,3,10,4,6,14,2,15,17,25,18,8,16,5,22,24,13,11,23,20,12,19,21,28,26,55,56,60,79,39,38,44,98,103,57,31,29,109,54,83,84,30,131,97,68,116,106,137,111,115,128,41,27,32,37,158,74,34,48,63,117,76,172,177,77,113,165,169,179,167,129,118,152,138,139,154,33,127,153,224,43,42,222,235,240,210,250,151,132,52,275,280,130,290,114,108,102,35,107,36,99,51,135,110,40,100,101,112,136,49,126,124,125,123,133,155,273,296,231,281,61,46,92,47,144,95,73,53,91,45,62,81,50,104,105,166,168,228,256,232,241,189,225,180,174,90,78,75,223,173,213,178,59,196,219,58,162,184,182,214,157,181,69,64,72,67,176,70,175,147,150,65,71,170,146,149,171,66,191,448,463,208,440,308,156,161,80,462,445,338,298,467,274,451,455,572,583,412,466,470,321,327,328,454,527,450,548,221,88,220,134,446,458,330,312,459,444,82,211,145,148,212,85,272,270,143,233,226,120,141,258,227,249,239,86,248,87,236,140,245,307,247,251,376,252,89,237,238,254,255,649,242,244,142,651,645,630,664,684,377,438,386,323,343,340,647,653,629,658,363,122,193,289,279,93,288,94,276,119,285,311,287,291,695,292,96,277,278,294,295,652,282,284,121,650,195,511,473,705,339,692,693,449,464,253,183,447,461,293,215,456,602,535,646,728,679,631,443,197,675,259,725,460,569,199,198,452,218,586,341,342,358,663,686,361,192,299,260,357,354,261,477,724,735,487,396,393,772,775,609,353,365,787,792,366,334,784,794,337,362,230,763,333,332,764,614,716,754,624,755,717,648,632,257,268,576,541,530,580,626,347,346,627,269,687,476,760,819,737,752,733,744,690,486,594,704,756,697,598,846,719,762,442,605,718,457,493,492,798,206,604,843,841,655,800,837,662,537,587,557,806,566,563,552,732,532,590,673,854,753,453,710,539,465,669,271,534,190,708,320,405,163,164,159,329,188,433,160,187,309,305,200,203,408,313,217,216,310,325,185,186,436,306,209,194,489,746,207,517,471,304,384,349,345,389,469,826,867,521,860,825,585,832,771,726,556,748,749,739,595,701,696,599,836,661,668,807,862,849,625,674,398,397,628,672,851,868,831,302,490,515,519,513,524,518,472,516,858,745,523,522,514,815,392,202,324,381,750,713,796,823,706,678,434,665,423,855,589,588,419,870,431,654,828,640,201,479,636,830,579,415,414,575,820,801,758,811,421,641,644,842,417,838,840,865,584,582,326,483,205,526,422,418,525,380,564,853,736,740,570,204,331,821,568,856,814,391,565,682,322,403,702,700,407,799,494,400,847,730,727,409,721,723,504,694,774,773,350,808,373,369,722,394,501,497,395,816,822,657,676,759,720,656,680,747,852,234,265,374,316,634,546,547,638,562,742,643,834,642,738,551,829,229,375,262,319,243,286,246,283,264,427,533,824,509,263,850,506,864,734,430,267,827,805,616,620,336,428,538,861,335,859,729,390,385,731,601,817,615,317,496,266,500,437,619,314,528,818,607,301,300,709,297,401,495,778,782,410,603,505,711,606,303,871,544,543,691,751,783,781,432,699,435,761,809,845,802,810,797,757,844,388,689,383,688,591,592,318,315,545,475,542,474,529,540,561,581,491,488,550,549,681,835,863,677,857,833,577,536,573,531,611,623,559,368,404,372,344,613,558,788,793,425,367,364,553,795,789,348,780,779,351,608,703,714,712,352,610,698,777,776,791,359,790,770,767,355,360,785,769,766,786,356,670,413,597,411,578,574,593,685,503,499,671,666,370,612,371,399,554,424,379,378,387,382,618,622,741,869,498,416,502,866,743,420,633,637,639,485,510,512,635,481,848,555,429,507,813,768,765,812,406,596,600,402,683,667,508,659,660,426,707,715,560,468,482,804,520,839,803,478,617,480,571,567,621,484,441,439
STAB 1 1 1 1,2,6,7,15,3,4,8,9,16,22,21,24,14,5,10,20,19,18,17,12,11,25,13,23,55,28,27,32,34,33,29,31,30,108,99,37,79,56,101,41,43,42,60,91,114,113,123,110,105,136,125,95,54,26,39,57,58,118,44,116,117,133,138,147,146,139,126,69,176,171,72,73,155,173,166,168,178,38,144,213,212,84,83,145,249,236,221,238,223,45,115,289,276,53,278,124,100,36,98,40,103,102,111,50,112,109,35,107,49,104,106,47,46,92,61,62,59,122,121,120,119,48,97,52,68,189,130,129,128,132,131,63,153,137,51,135,64,67,143,142,141,140,80,85,66,65,151,154,152,148,150,134,149,74,451,444,158,214,208,448,446,219,191,165,76,167,77,170,169,71,174,75,172,179,70,180,78,175,177,445,188,186,450,190,183,196,182,127,185,164,192,195,194,193,187,203,205,204,206,209,207,197,199,198,200,202,160,201,211,210,82,81,159,217,218,215,216,163,224,88,225,90,220,222,363,629,241,258,272,296,256,645,270,237,87,235,89,240,239,228,251,253,252,254,257,255,250,86,248,242,244,243,245,247,232,246,229,265,267,266,268,271,269,259,261,260,262,264,234,263,230,281,298,277,94,275,96,280,279,273,291,293,292,294,297,295,290,93,288,282,284,283,285,287,231,286,274,302,304,303,299,301,300,433,436,649,463,329,325,652,458,408,727,678,375,591,601,374,405,455,729,630,689,310,582,583,572,309,459,568,357,354,334,430,437,337,338,511,664,366,365,684,389,388,474,726,486,733,780,608,773,353,333,770,769,332,358,791,786,361,362,226,788,342,341,793,722,761,611,720,623,809,319,316,651,647,525,588,750,736,680,487,735,747,653,619,345,344,622,540,573,475,681,818,771,702,606,559,495,494,600,802,558,320,723,845,313,701,595,597,454,721,812,768,533,578,555,734,665,856,801,671,840,842,579,545,796,565,335,707,531,305,751,855,306,336,658,706,462,543,443,442,157,181,162,452,161,453,184,156,447,449,412,321,457,456,312,330,461,460,440,308,465,464,548,467,748,863,527,518,517,693,346,393,724,760,746,743,567,745,520,866,821,510,348,383,820,857,833,581,700,603,401,400,848,864,620,666,803,667,656,859,704,594,852,861,659,621,485,339,749,513,516,515,514,472,471,524,482,835,522,523,519,378,752,470,725,580,577,432,670,416,871,731,710,827,806,715,391,814,662,441,854,427,633,834,466,826,638,639,853,841,843,418,741,574,404,399,587,642,829,765,800,429,813,480,331,570,569,825,328,392,557,837,815,530,417,426,529,491,326,327,586,869,584,560,379,737,838,317,675,719,505,410,718,411,696,697,402,318,688,493,797,844,398,709,351,779,772,370,717,716,757,744,849,661,690,387,498,509,390,372,810,824,817,677,660,227,323,648,646,546,828,640,742,644,550,551,635,738,561,830,637,233,632,377,631,307,695,376,311,386,732,823,502,868,438,508,628,617,542,673,340,420,499,501,822,686,532,423,839,663,804,592,819,627,315,730,382,394,728,836,343,862,669,816,602,324,618,694,705,473,691,650,598,599,712,777,492,409,397,783,504,692,439,431,870,607,536,776,698,753,782,539,613,612,596,593,371,413,368,406,476,528,347,314,682,322,679,535,654,349,419,384,381,589,641,740,739,556,636,479,615,481,478,385,468,512,380,434,526,713,808,759,811,614,762,755,477,369,758,767,766,563,764,763,415,356,355,396,610,352,775,774,711,699,781,609,350,778,714,703,785,784,360,789,364,787,794,359,795,367,790,792,428,604,799,798,564,422,403,500,674,807,538,805,754,373,624,756,414,566,541,576,687,626,395,676,488,484,668,655,625,571,549,537,634,562,643,832,831,490,547,521,683,575,590,672,424,553,425,554,605,407,847,846,496,616,851,850,506,552,544,435,421,489,860,503,858,507,685,469,497,867,483,865,657,585,708,534
STAB 1 1 -1 1,9,6,4,10,3,7,8,2,5,11,13,12,14,16,15,20,23,25,17,24,22,18,21,19,27,26,55,56,79,60,39,44,38,40,36,41,34,32,35,37,43,42,33,53,52,48,47,49,51,50,46,45,57,28,29,54,73,74,31,68,63,62,76,75,78,77,61,72,71,70,69,58,59,65,64,67,66,30,81,80,88,83,84,90,89,87,82,86,85,95,97,96,94,91,93,92,107,99,109,108,103,102,137,136,112,98,101,100,110,135,106,123,125,124,126,133,155,296,273,281,231,113,115,114,116,134,132,158,131,130,128,117,127,111,105,104,166,168,256,228,241,232,213,223,178,173,222,177,172,225,174,189,180,118,160,159,129,157,156,164,163,162,161,167,138,165,139,175,179,176,150,147,152,169,171,149,146,170,154,188,445,462,187,308,440,184,181,153,463,448,467,274,338,298,450,454,548,527,321,328,327,412,470,466,455,583,451,572,220,224,221,144,444,459,312,330,458,446,210,212,148,145,211,151,230,229,141,227,226,122,143,234,233,248,236,250,249,240,239,142,242,651,244,254,649,255,235,238,237,251,252,376,245,247,140,307,629,647,658,653,323,340,343,377,386,438,630,684,645,664,363,120,193,288,276,290,289,280,279,121,282,650,284,294,652,295,275,278,277,291,292,695,285,287,119,311,195,511,705,473,339,693,692,306,305,257,185,310,309,297,216,320,322,324,319,318,317,316,313,200,314,262,315,329,331,202,201,325,217,326,341,342,337,336,335,334,194,302,263,332,333,264,345,344,348,349,346,347,352,351,350,362,365,364,367,366,361,360,359,358,353,272,355,354,357,356,369,368,372,373,370,371,375,374,253,265,391,392,381,380,394,393,396,395,266,390,389,388,387,378,379,383,382,385,384,409,410,404,401,400,411,413,399,408,407,406,405,397,398,402,203,403,424,425,427,426,429,428,423,422,421,420,414,415,417,416,419,418,437,439,441,436,435,434,433,430,267,431,186,432,456,457,214,182,219,460,191,465,196,208,461,464,197,206,442,443,218,215,447,452,183,190,453,449,205,192,469,468,204,472,471,301,486,487,477,476,489,488,491,490,485,484,483,482,474,475,479,478,481,480,504,505,495,494,507,506,509,508,503,502,501,500,492,493,497,496,499,498,520,299,521,522,524,523,519,518,517,516,510,512,513,515,514,540,541,199,535,530,529,543,542,545,544,528,539,538,537,536,525,526,532,531,534,533,561,562,198,556,551,550,564,563,566,565,549,560,559,558,557,546,547,553,552,555,554,581,582,584,586,585,209,588,587,590,589,580,579,578,577,567,568,207,569,571,570,574,573,576,575,601,602,604,603,606,605,600,599,598,597,591,592,594,593,596,595,607,608,610,609,623,624,614,613,626,625,628,627,622,621,620,619,611,612,616,615,618,617,258,268,632,631,642,641,644,643,640,639,638,637,634,633,636,635,270,648,259,646,246,283,243,286,261,655,654,667,668,260,666,661,660,670,669,271,671,659,656,657,663,662,665,683,686,685,688,687,690,689,682,681,680,679,672,269,674,673,676,675,678,677,694,304,303,691,293,697,696,698,703,704,702,701,699,700,300,707,706,713,709,715,714,712,708,711,710,757,810,844,797,809,802,761,845,760,731,733,729,730,727,728,725,823,726,796,771,750,815,828,865,867,826,830,820,817,833,857,818,863,835,736,855,814,870,759,808,758,716,756,754,724,722,811,789,795,841,792,787,842,793,788,735,779,780,775,774,782,783,781,772,773,778,776,777,790,794,791,767,770,763,784,786,766,769,785,764,734,719,847,846,853,856,721,859,862,851,827,850,755,720,717,762,840,843,752,737,819,744,747,816,743,866,868,732,849,869,741,806,738,834,742,860,858,745,829,749,839,838,837,836,812,765,768,813,718,723,799,798,861,824,807,805,864,800,871,751,801,746,832,803,831,848,804,748,852,739,821,740,822,825,753,854
STAB 1 1 -1 1,9,3,7,16,6,4,8,2,15,22,24,21,14,10,5,17,25,23,20,13,11,19,12,18,28,55,26,39,38,44,56,60,79,101,99,41,30,29,108,37,42,43,31,95,125,123,113,110,136,105,114,91,57,27,32,54,73,155,33,126,133,117,166,173,178,168,116,72,171,176,69,58,118,147,138,139,146,34,213,144,221,84,83,223,238,236,212,249,145,53,124,278,276,45,289,115,109,36,107,35,102,103,135,51,106,100,40,98,49,137,112,48,52,97,68,63,74,231,281,273,296,47,92,46,61,153,131,158,132,128,130,62,189,104,50,111,76,77,232,241,228,256,81,90,78,75,225,180,174,222,172,127,177,59,208,214,129,444,451,191,219,446,448,167,64,165,67,179,175,70,152,65,150,170,71,154,66,169,149,182,181,440,196,463,462,450,445,134,308,161,467,298,338,274,184,412,466,470,455,572,583,454,527,548,321,327,156,328,224,220,88,80,157,330,458,459,312,162,211,82,151,85,210,148,272,258,142,629,363,119,140,270,645,250,87,248,86,239,240,141,251,376,252,245,307,247,237,89,235,242,244,651,254,255,143,649,227,377,438,386,630,664,684,647,653,658,323,343,233,340,226,121,195,290,94,288,93,279,280,120,291,695,292,285,311,287,277,96,275,282,284,650,294,295,122,652,193,339,692,693,511,473,705,436,433,246,190,325,329,286,218,405,729,689,374,601,591,375,408,206,727,268,678,309,568,207,209,310,215,582,366,365,337,437,430,334,194,299,271,357,354,269,388,389,486,733,474,726,773,608,780,362,342,788,793,341,361,786,791,358,353,230,770,333,332,769,761,722,623,809,611,720,316,319,243,259,540,573,736,750,681,475,771,818,261,622,344,345,619,525,588,487,680,747,735,701,595,558,494,495,597,721,559,313,845,723,320,702,606,600,197,802,840,842,545,579,565,796,671,801,856,665,812,768,578,533,734,555,336,706,543,306,855,751,305,335,260,707,183,531,457,456,159,188,163,461,164,464,187,160,460,465,203,200,443,442,216,217,452,447,186,185,449,453,198,192,863,748,199,517,518,303,348,383,760,724,857,820,581,833,510,821,866,520,346,393,743,746,745,567,704,594,400,401,861,852,621,659,859,656,667,803,700,603,864,848,666,620,482,302,835,522,519,523,524,471,472,514,485,749,513,515,516,391,814,204,731,577,580,441,662,427,854,725,715,806,827,710,378,752,670,432,871,416,642,829,205,741,639,638,800,765,813,429,826,587,399,404,574,633,834,841,853,418,843,491,326,586,584,869,201,379,560,838,737,529,426,417,530,480,331,202,570,825,569,557,392,815,837,318,688,797,493,398,844,402,697,696,411,317,675,505,719,718,410,709,351,772,779,372,810,757,716,817,824,660,677,390,509,498,387,370,717,849,744,690,661,229,262,646,648,561,738,637,830,635,551,550,644,828,546,742,640,234,631,265,632,257,293,253,297,266,823,732,501,822,267,499,617,628,532,686,263,423,508,502,868,673,542,420,836,669,862,602,816,618,324,728,394,382,730,839,264,804,663,819,592,315,627,691,300,301,694,283,599,598,712,783,504,397,409,777,492,304,431,439,753,607,539,782,698,870,776,536,614,624,605,604,373,403,369,407,477,535,349,322,679,314,682,528,655,347,428,396,380,576,634,867,865,549,643,488,626,490,489,395,469,521,381,435,541,708,755,754,762,613,811,808,476,368,756,787,792,553,795,789,425,367,364,384,609,350,774,775,714,703,778,610,352,781,711,699,794,790,359,763,355,767,785,360,764,356,784,766,419,593,846,847,552,421,413,503,685,850,537,851,759,371,612,758,424,554,526,589,676,615,385,687,479,483,657,654,616,585,556,538,641,547,636,858,860,481,562,512,672,590,575,683,414,563,415,566,596,406,798,799,507,625,805,807,497,564,534,434,422,478,831,500,832,496,674,468,506,740,484,739,668,571,713,544
STAB 1 1 1 1,2,3,4,5,6,7,8,9,10,11,12,13,14,15,16,17,18,19,20,21,22,23,24,25,26,27,28,29,30,31,32,33,34,35,36,37,38,39,40,41,42,43,44,45,46,47,48,49,50,51,52,53,54,55,56,57,58,59,60,61,62,63,64,65,66,67,68,69,70,71,72,73,74,75,76,77,78,79,80,81,82,83,84,85,86,87,88,89,90,91,92,93,94,95,96,97,98,99,100,101,102,103,104,105,106,107,108,109,110,111,112,113,114,115,116,117,118,119,120,121,122,123,124,125,126,127,128,129,130,131,132,133,134,135,136,137,138,139,140,141,142,143,144,145,146,147,148,149,150,151,152,153,154,155,156,157,158,159,160,161,162,163,164,165,166,167,168,169,170,171,172,173,174,175,176,177,178,179,180,181,182,183,184,185,186,187,188,189,190,191,192,193,194,195,196,197,198,199,200,201,202,203,204,205,206,207,208,209,210,211,212,213,214,215,216,217,218,219,220,221,222,223,224,225,226,227,228,229,230,231,232,233,234,235,236,237,238,239,240,241,242,243,244,245,246,247,248,249,250,251,252,253,254,255,256,257,258,259,260,261,262,263,264,265,266,267,268,269,270,271,272,273,274,275,276,277,278,279,280,281,282,283,284,285,286,287,288,289,290,291,292,293,294,295,296,297,298,299,300,301,302,303,304,305,306,307,308,309,310,311,312,313,314,315,316,317,318,319,320,321,322,323,324,325,326,327,328,329,330,331,332,333,334,335,336,337,338,339,340,341,342,343,344,345,346,347,348,349,350,351,352,353,354,355,356,357,358,359,360,361,362,363,364,365,366,367,368,369,370,371,372,373,374,375,376,377,378,379,380,381,382,383,384,385,386,387,388,389,390,391,392,393,394,395,396,397,398,399,400,401,402,403,404,405,406,407,408,409,410,411,412,413,414,415,416,417,418,419,420,421,422,423,424,425,426,427,428,429,430,431,432,433,434,435,436,437,438,439,440,441,442,443,444,445,446,447,448,449,450,451,452,453,454,455,456,457,458,459,460,461,462,463,464,465,466,467,468,469,470,471,472,473,474,475,476,477,478,479,480,481,482,483,484,485,486,487,488,489,490,491,492,493,494,495,496,497,498,499,500,501,502,503,504,505,506,507,508,509,510,511,512,513,514,515,516,517,518,519,520,521,522,523,524,525,526,527,528,529,530,531,532,533,534,535,536,537,538,539,540,541,542,543,544,545,546,547,548,549,550,551,552,553,554,555,556,557,558,559,560,561,562,563,564,565,566,567,568,569,570,571,572,573,574,575,576,577,578,579,580,581,582,583,584,585,586,587,588,589,590,591,592,593,594,595,596,597,598,599,600,601,602,603,604,605,606,607,608,609,610,611,612,613,614,615,616,617,618,619,620,621,622,623,624,625,626,627,628,629,630,631,632,633,634,635,636,637,638,639,640,641,642,643,644,645,646,647,648,649,650,651,652,653,654,655,656,657,658,659,660,661,662,663,664,665,666,667,668,669,670,671,672,673,674,675,676,677,678,679,680,681,682,683,684,685,686,687,688,689,690,691,692,693,694,695,696,697,698,699,700,701,702,703,704,705,706,707,708,709,710,711,712,713,714,715,716,717,718,719,720,721,722,723,724,725,726,727,728,729,730,731,732,733,734,735,736,737,738,739,740,741,742,743,744,745,746,747,748,749,750,751,752,753,754,755,756,757,758,759,760,761,762,763,764,765,766,767,768,769,770,771,772,773,774,775,776,777,778,779,780,781,782,783,784,785,786,787,788,789,790,791,792,793,794,795,796,797,798,799,800,801,802,803,804,805,806,807,808,809,810,811,812,813,814,815,816,817,818,819,820,821,822,823,824,825,826,827,828,829,830,831,832,833,834,835,836,837,838,839,840,841,842,843,844,845,846,847,848,849,850,851,852,853,854,855,856,857,858,859,860,861,862,863,864,865,866,867,868,869,870,871
STAB 1 1 -1 1,9,4,6,16,7,3,14,2,5,20,23,19,8,10,15,11,13,24,22,25,17,21,18,12,27,55,26,39,44,38,56,79,60,100,102,57,33,32,107,54,84,83,34,132,124,126,61,112,135,104,92,130,41,28,29,37,158,155,30,123,133,62,166,174,180,168,47,165,170,175,167,129,59,150,64,67,149,31,189,134,220,42,43,225,237,239,211,248,148,131,125,277,279,128,288,46,35,103,108,109,99,36,136,137,49,101,98,40,106,51,110,68,97,52,48,63,74,281,231,296,273,116,114,115,113,80,53,73,95,45,91,117,213,105,111,50,76,77,241,232,256,228,127,222,177,172,223,178,173,90,75,81,78,118,187,163,58,446,450,188,159,444,445,69,138,72,139,70,176,179,65,152,147,171,169,66,154,71,146,164,161,308,160,462,463,451,448,144,440,181,338,274,467,298,156,321,328,327,454,548,527,455,583,572,412,470,184,466,88,221,224,153,162,312,459,458,330,157,212,210,85,151,82,145,230,234,140,645,363,121,142,229,629,86,240,249,250,236,87,143,254,649,255,242,651,244,238,235,89,245,247,307,251,252,141,376,233,323,340,343,647,658,653,630,684,664,377,386,227,438,226,119,195,93,280,289,290,276,94,122,294,652,295,282,650,284,278,275,96,285,287,311,291,292,120,695,193,339,693,692,511,705,473,453,465,243,186,452,460,283,217,457,688,731,632,682,730,648,442,203,592,265,528,461,570,204,205,447,216,584,366,365,358,673,669,361,192,302,267,332,333,266,760,476,384,383,771,475,610,774,779,353,342,789,795,341,334,785,790,337,362,272,767,354,357,766,757,613,808,810,759,612,631,646,246,262,815,814,577,529,817,726,474,677,264,816,724,477,676,589,526,349,615,618,348,505,504,811,599,696,847,593,758,443,844,596,456,603,700,799,200,797,554,553,823,564,575,542,827,560,574,538,813,765,853,654,670,838,663,544,713,449,536,715,464,686,263,871,185,870,405,320,219,191,214,309,182,305,208,196,329,433,206,197,313,408,215,218,325,310,190,183,306,436,201,194,857,478,202,472,518,300,735,733,388,344,863,549,865,835,858,571,869,831,396,347,741,468,512,740,410,409,598,697,683,617,822,805,685,616,824,804,606,702,660,839,850,657,832,299,833,515,524,513,519,471,517,514,860,481,523,522,516,576,573,207,689,736,380,753,428,655,439,315,751,420,671,435,737,379,734,708,707,732,634,635,209,743,742,643,426,768,812,837,488,422,762,756,856,738,637,425,578,590,424,867,586,326,582,866,198,752,801,555,378,750,800,552,381,739,569,199,568,484,331,421,541,540,429,728,729,802,397,492,845,798,401,495,846,679,314,701,413,406,704,691,775,352,780,754,809,761,368,681,667,864,818,687,668,868,819,755,371,502,382,385,506,270,259,319,375,828,633,834,550,829,636,830,547,561,641,639,562,258,316,268,374,253,297,257,293,269,545,416,625,621,271,851,852,497,419,335,260,537,807,849,498,437,796,806,507,430,503,322,622,747,535,318,626,744,591,848,261,803,336,387,727,725,395,709,303,304,607,286,494,400,781,714,595,493,594,776,398,301,534,854,441,694,434,703,778,531,777,855,369,373,407,403,624,604,614,605,345,324,487,602,317,675,601,678,427,393,662,346,580,391,642,491,581,820,638,826,394,521,469,627,489,490,530,710,392,432,370,372,399,722,558,623,389,716,404,364,367,842,793,788,841,792,787,486,350,609,608,351,783,782,698,773,772,712,699,711,359,791,794,355,763,770,786,784,356,764,360,769,532,721,411,597,417,557,719,862,859,666,423,499,611,717,720,559,843,840,588,525,619,680,690,390,556,585,620,533,656,483,479,665,546,644,551,510,485,749,640,745,496,418,565,861,566,415,563,414,723,718,402,600,836,501,659,508,628,579,431,539,587,748,520,674,482,672,500,746,661,567,825,480,509,821,543,706
STAB 1 1 1 1,2,4,3,15,7,6,14,9,10,17,18,25,8,5,16,11,12,21,22,19,20,24,23,13,26,28,27,32,33,34,29,30,31,109,103,54,44,39,98,57,84,83,38,128,115,116,68,106,111,137,97,131,37,55,56,41,129,118,79,113,117,63,138,152,154,139,48,167,179,169,165,158,74,172,76,77,177,60,153,127,210,43,42,151,250,240,224,235,222,130,114,290,280,132,275,52,40,102,101,100,99,36,105,104,49,108,107,35,112,50,110,61,92,46,47,62,59,121,122,119,120,126,125,124,123,81,45,58,91,53,95,133,144,136,135,51,64,67,142,143,140,141,134,148,149,150,145,146,147,85,65,80,66,155,184,162,73,219,196,181,157,214,182,72,166,69,168,71,171,170,75,174,173,176,175,78,180,70,178,161,164,185,156,183,190,208,191,213,186,188,194,193,192,195,160,200,201,202,197,198,199,206,207,209,203,204,187,205,82,212,211,189,163,216,215,218,217,159,221,220,90,225,88,223,226,233,256,270,272,281,241,227,258,89,239,238,237,236,87,232,245,246,247,242,243,244,249,248,86,254,255,257,251,252,228,253,234,262,263,264,259,260,261,268,269,271,265,266,229,267,230,296,298,96,279,278,277,276,94,231,285,286,287,282,283,284,289,288,93,294,295,297,291,292,273,293,274,302,303,304,299,300,301,464,449,651,440,461,447,650,330,443,675,725,631,679,728,646,456,412,602,377,535,452,586,470,466,460,312,569,357,354,361,686,663,358,467,339,438,341,342,386,724,477,396,393,735,487,609,775,772,362,333,763,764,332,337,794,784,334,353,363,787,365,366,792,716,614,755,717,754,624,632,648,649,323,737,752,580,530,744,733,486,690,343,819,760,476,687,576,541,347,626,627,346,493,492,762,598,697,798,604,756,457,718,605,442,594,704,846,321,719,566,563,732,552,590,532,806,557,587,537,843,841,800,655,662,837,669,534,708,465,539,710,453,673,340,854,308,753,408,313,446,448,444,310,445,306,451,450,325,436,455,454,320,405,459,458,329,309,463,462,305,433,328,338,746,489,327,471,517,705,771,726,389,345,748,556,739,749,832,585,825,860,384,349,826,469,521,867,398,397,599,696,672,628,868,851,674,625,849,862,595,701,661,836,807,668,858,511,745,523,514,522,516,472,518,524,831,490,515,513,519,589,588,583,678,750,381,870,419,654,431,324,855,423,665,434,815,392,796,713,706,823,641,644,572,820,830,636,417,842,840,838,479,421,811,758,801,828,640,415,579,575,414,740,570,331,568,821,548,814,856,565,391,736,853,564,380,865,584,527,582,483,326,422,526,525,418,730,727,721,409,504,723,847,400,494,799,682,322,702,403,407,700,694,774,350,773,759,720,722,369,680,656,852,747,676,657,822,816,808,373,501,394,395,497,645,647,316,374,738,642,829,551,834,643,742,562,546,634,638,547,629,319,630,375,376,311,307,695,684,533,427,616,620,664,805,864,506,428,336,658,538,850,824,509,430,734,827,496,437,500,314,619,818,528,317,615,817,601,861,653,859,335,390,729,731,385,709,693,692,607,652,495,401,778,711,606,505,603,782,410,473,544,871,432,691,435,699,781,543,783,751,368,371,406,413,612,593,613,596,344,315,475,592,318,688,591,689,416,383,670,348,577,378,633,480,567,743,639,741,382,512,468,618,478,481,529,715,379,441,372,370,404,761,559,611,388,757,399,355,356,768,769,770,765,766,767,474,352,610,608,351,777,776,698,780,779,712,703,714,360,786,785,364,789,788,791,790,367,795,359,793,542,802,402,600,426,560,797,804,803,659,420,508,623,810,809,558,813,812,573,540,622,681,677,387,549,571,621,545,667,484,488,671,561,635,550,520,482,835,637,833,507,429,555,848,554,425,553,424,845,844,411,597,839,502,666,499,617,578,439,536,574,863,510,685,485,683,503,857,660,581,869,491,498,866,531,707
BOUND 1 1 1 1,2,3,4,5,6,7,8,9,10,11,12,13,14,15,16,17,18,19,20,21,22,23,24,25,26,27,28,29,30,31,32,33,34,35,36,37,38,39,40,41,42,43,44,45,46,47,48,49,50,51,52,53,54,55,56,57,58,59,60,61,62,63,64,65,66,67,68,69,70,71,72,73,74,75,76,77,78,79,80,81,82,83,84,85,86,87,88,89,90,91,92,93,94,95,96,97,98,99,100,101,102,103,104,105,106,107,108,109,110,111,112,113,114,115,116,117,118,119,120,121,122,123,124,125,126,127,128,129,130,131,132,133,134,135,136,137,138,139,140,141,142,143,144,145,146,147,148,149,150,151,152,153,154,155,156,157,158,159,160,161,162,163,164,165,166,167,168,169,170,171,172,173,174,175,176,177,178,179,180,181,182,183,184,185,186,187,188,189,190,191,192,193,194,195,196,197,198,199,200,201,202,203,204,205,206,207,208,209,210,211,212,213,214,215,216,217,218,219,220,221,222,223,224,225,226,227,228,229,230,231,232,233,234,235,236,237,238,239,240,241,242,243,244,245,246,247,248,249,250,251,252,253,254,255,256,257,258,259,260,261,262,263,264,265,266,267,268,269,270,271,272,273,274,275,276,277,278,279,280,281,282,283,284,285,286,287,288,289,290,291,292,293,294,295,296,297,298,299,300,301,302,303,304,305,306,307,308,309,310,311,312,313,314,315,316,317,318,319,320,321,322,323,324,325,326,327,328,329,330,331,332,333,334,335,336,337,338,339,340,341,342,343,344,345,346,347,348,349,350,351,352,353,354,355,356,357,358,359,360,361,362,363,364,365,366,367,368,369,370,371,372,373,374,375,376,377,378,379,380,381,382,383,384,385,386,387,388,389,390,391,392,393,394,395,396,397,398,399,400,401,402,403,404,405,406,407,408,409,410,411,412,413,414,415,416,417,418,419,420,421,422,423,424,425,426,427,428,429,430,431,432,433,434,435,436,437,438,439,440,441,442,443,444,445,446,447,448,449,450,451,452,453,454,455,456,457,458,459,460,461,462,463,464,465,466,467,468,469,470,471,472,473,474,475,476,477,478,479,480,481,482,483,484,485,486,487,488,489,490,491,492,493,494,495,496,497,498,499,500,501,502,503,504,505,506,507,508,509,510,511,512,513,514,515,516,517,518,519,520,521,522,523,524,525,526,527,528,529,530,531,532,533,534,535,536,537,538,539,540,541,542,543,544,545,546,547,548,549,550,551,552,553,554,555,556,557,558,559,560,561,562,563,564,565,566,567,568,569,570,571,572,573,574,575,576,577,578,579,580,581,582,583,584,585,586,587,588,589,590,591,592,593,594,595,596,597,598,599,600,601,602,603,604,605,606,607,608,609,610,611,612,613,614,615,616,617,618,619,620,621,622,623,624,625,626,627,628,629,630,631,632,633,634,635,636,637,638,639,640,641,642,643,644,645,646,647,648,649,650,651,652,653,654,655,656,657,658,659,660,661,662,663,664,665,666,667,668,669,670,671,672,673,674,675,676,677,678,679,680,681,682,683,684,685,686,687,688,689,690,691,692,693,694,695,696,697,698,699,700,701,702,703,704,705,706,707,708,709,710,711,712,713,714,715,716,717,718,719,720,721,722,723,724,725,726,727,728,729,730,731,732,733,734,735,736,737,738,739,740,741,742,743,744,745,746,747,748,749,750,751,752,753,754,755,756,757,758,759,760,761,762,763,764,765,766,767,768,769,770,771,772,773,774,775,776,777,778,779,780,781,782,783,784,785,786,787,788,789,790,791,792,793,794,795,796,797,798,799,800,801,802,803,804,805,806,807,808,809,810,811,812,813,814,815,816,817,818,819,820,821,822,823,824,825,826,827,828,829,830,831,832,833,834,835,836,837,838,839,840,841,842,843,844,845,846,847,848,849,850,851,852,853,854,855,856,857,858,859,860,861,862,863,864,865,866,867,868,869,870,871
BOUND 1 1 -1 1,9,6,4,10,3,7,8,2,5,11,13,12,14,16,15,20,23,25,17,24,22,18,21,19,27,26,55,56,79,60,39,44,38,40,36,41,34,32,35,37,43,42,33,53,52,48,47,49,51,50,46,45,57,28,29,54,73,74,31,68,63,62,76,75,78,77,61,72,71,70,69,58,59,65,64,67,66,30,81,80,88,83,84,90,89,87,82,86,85,95,97,96,94,91,93,92,107,99,109,108,103,102,137,136,112,98,101,100,110,135,106,123,125,124,126,133,155,296,273,281,231,113,115,114,116,134,132,158,131,130,128,117,127,111,105,104,166,168,256,228,241,232,213,223,178,173,222,177,172,225,174,189,180,118,160,159,129,157,156,164,163,162,161,167,138,165,139,175,179,176,150,147,152,169,171,149,146,170,154,188,445,462,187,308,440,184,181,153,463,448,467,274,338,298,450,454,548,527,321,328,327,412,470,466,455,583,451,572,220,224,221,144,444,459,312,330,458,446,210,212,148,145,211,151,230,229,141,227,226,122,143,234,233,248,236,250,249,240,239,142,242,651,244,254,649,255,235,238,237,251,252,376,245,247,140,307,629,647,658,653,323,340,343,377,386,438,630,684,645,664,363,120,193,288,276,290,289,280,279,121,282,650,284,294,652,295,275,278,277,291,292,695,285,287,119,311,195,511,705,473,339,693,692,306,305,257,185,310,309,297,216,320,322,324,319,318,317,316,313,200,314,262,315,329,331,202,201,325,217,326,341,342,337,336,335,334,194,302,263,332,333,264,345,344,348,349,346,347,352,351,350,362,365,364,367,366,361,360,359,358,353,272,355,354,357,356,369,368,372,373,370,371,375,374,253,265,391,392,381,380,394,393,396,395,266,390,389,388,387,378,379,383,382,385,384,409,410,404,401,400,411,413,399,408,407,406,405,397,398,402,203,403,424,425,427,426,429,428,423,422,421,420,414,415,417,416,419,418,437,439,441,436,435,434,433,430,267,431,186,432,456,457,214,182,219,460,191,465,196,208,461,464,197,206,442,443,218,215,447,452,183,190,453,449,205,192,469,468,204,472,471,301,486,487,477,476,489,488,491,490,485,484,483,482,474,475,479,478,481,480,504,505,495,494,507,506,509,508,503,502,501,500,492,493,497,496,499,498,520,299,521,522,524,523,519,518,517,516,510,512,513,515,514,540,541,199,535,530,529,543,542,545,544,528,539,538,537,536,525,526,532,531,534,533,561,562,198,556,551,550,564,563,566,565,549,560,559,558,557,546,547,553,552,555,554,581,582,584,586,585,209,588,587,590,589,580,579,578,577,567,568,207,569,571,570,574,573,576,575,601,602,604,603,606,605,600,599,598,597,591,592,594,593,596,595,607,608,610,609,623,624,614,613,626,625,628,627,622,621,620,619,611,612,616,615,618,617,258,268,632,631,642,641,644,643,640,639,638,637,634,633,636,635,270,648,259,646,246,283,243,286,261,655,654,667,668,260,666,661,660,670,669,271,671,659,656,657,663,662,665,683,686,685,688,687,690,689,682,681,680,679,672,269,674,673,676,675,678,677,694,304,303,691,293,697,696,698,703,704,702,701,699,700,300,707,706,713,709,715,714,712,708,711,710,757,810,844,797,809,802,761,845,760,731,733,729,730,727,728,725,823,726,796,771,750,815,828,865,867,826,830,820,817,833,857,818,863,835,736,855,814,870,759,808,758,716,756,754,724,722,811,789,795,841,792,787,842,793,788,735,779,780,775,774,782,783,781,772,773,778,776,777,790,794,791,767,770,763,784,786,766,769,785,764,734,719,847,846,853,856,721,859,862,851,827,850,755,720,717,762,840,843,752,737,819,744,747,816,743,866,868,732,849,869,741,806,738,834,742,860,858,745,829,749,839,838,837,836,812,765,768,813,718,723,799,798,861,824,807,805,864,800,871,751,801,746,832,803,831,848,804,748,852,739,821,740,822,825,753,854
CELL 2 1 24
STAB 2 1 -1 2,1,7,4,5,6,3,10,9,8,12,11,13,16,15,14,21,22,20,19,17,18,23,25,24,37,32,29,28,30,31,27,34,33,36,35,26,42,41,40,39,38,44,43,48,47,46,45,50,49,51,53,52,55,54,57,56,63,62,83,92,59,58,67,66,65,64,91,77,78,75,76,74,73,71,72,69,70,84,85,82,81,60,79,80,87,86,90,89,88,68,61,94,93,97,96,95,101,109,100,98,107,108,112,106,105,102,103,99,111,110,104,115,116,113,114,118,117,119,120,122,121,128,132,131,130,212,123,133,126,125,124,129,148,135,137,136,139,138,140,141,143,142,151,153,152,154,134,150,149,144,146,145,147,158,313,325,155,217,200,306,310,216,185,166,165,168,167,173,174,172,171,169,170,180,177,176,179,178,175,436,190,191,408,164,188,203,186,211,182,183,195,194,193,192,206,208,207,209,160,202,201,187,205,204,196,198,197,199,213,189,127,210,218,219,163,159,214,215,225,222,221,224,223,220,353,374,251,265,272,285,245,319,262,238,250,237,235,248,249,254,256,255,257,232,247,246,239,240,236,228,253,252,241,243,242,244,268,270,269,271,234,264,263,229,267,266,258,260,259,261,230,291,302,278,290,277,275,288,289,294,296,295,297,231,287,286,279,280,276,273,293,292,281,283,282,284,299,298,300,301,274,304,303,308,161,307,305,312,162,311,309,156,315,314,323,324,322,233,321,320,318,316,317,157,327,326,331,330,329,328,333,332,342,343,340,341,339,338,336,337,334,335,347,346,345,344,349,348,351,350,352,226,357,356,355,354,366,367,364,365,363,362,360,361,358,359,371,370,369,368,373,372,227,377,376,375,381,380,379,378,385,384,383,382,430,395,396,393,394,392,391,389,390,387,388,401,400,415,398,397,403,402,414,412,413,411,184,410,409,407,405,406,404,399,419,418,417,416,428,429,426,427,425,424,422,423,420,421,386,432,431,440,441,439,181,438,437,435,433,434,450,451,452,453,447,446,449,448,442,443,444,445,457,456,455,454,461,460,459,458,465,464,463,462,568,511,512,510,582,515,519,607,477,476,475,474,481,480,479,478,490,491,488,489,487,486,484,485,482,483,495,494,493,492,499,498,497,496,508,509,506,507,505,504,502,503,500,501,469,467,468,514,513,471,523,524,522,472,521,520,518,516,517,530,529,584,592,526,525,534,533,532,531,591,544,545,542,543,541,540,538,539,536,537,551,550,570,571,547,546,555,554,553,552,567,565,566,563,564,562,561,559,560,557,558,556,466,572,548,549,569,576,575,574,573,589,590,587,588,585,470,586,527,581,583,579,580,577,578,535,528,596,595,594,593,605,606,603,604,602,601,599,600,597,598,473,609,608,610,614,613,612,611,618,617,616,615,627,628,625,626,624,623,621,622,619,620,632,631,630,629,636,635,634,633,643,644,641,642,639,640,637,638,646,645,648,647,651,652,649,650,669,670,671,661,660,673,674,657,656,665,664,663,662,672,668,667,653,654,655,666,658,659,678,677,676,675,689,690,687,688,685,686,683,684,681,682,679,680,692,691,694,693,695,700,702,699,698,696,704,697,703,701,709,710,708,707,705,706,712,711,715,714,713,720,722,721,723,716,718,717,719,726,727,724,725,729,728,731,730,734,735,732,733,737,736,742,743,741,740,738,739,747,748,749,744,745,746,752,753,750,751,809,761,812,759,765,757,771,755,768,769,770,758,767,766,762,763,764,760,773,772,779,780,781,778,777,774,775,776,783,782,788,789,787,786,784,785,795,792,791,794,793,790,806,799,802,797,801,800,798,807,805,804,796,803,810,754,808,813,756,811,815,814,817,816,819,818,825,826,824,827,822,820,821,823,829,828,834,835,833,832,830,831,859,856,853,850,841,840,843,842,847,846,845,844,851,852,839,848,849,838,855,854,837,860,863,836,857,862,861,858,868,869,867,866,864,865,871,870
STAB 2 1 1 2,9,7,3,14,6,4,10,1,15,18,25,17,16,8,5,21,24,23,19,13,12,20,11,22,29,54,37,41,42,43,57,83,84,98,109,39,30,28,103,26,38,44,31,97,131,128,115,111,137,106,116,68,56,32,27,55,74,158,34,130,129,118,165,169,179,167,114,76,172,177,77,63,117,154,139,138,152,33,210,151,222,79,60,224,235,250,127,240,153,52,132,275,290,48,280,113,99,35,102,36,107,108,135,51,105,100,40,101,50,136,104,45,53,95,91,58,73,285,294,291,282,46,61,47,92,145,125,155,124,123,126,59,211,112,49,110,72,69,245,254,251,242,82,88,70,71,220,175,170,221,171,212,176,62,197,218,133,452,443,183,215,447,449,168,67,166,64,178,180,78,146,66,149,174,75,147,65,173,150,190,436,433,206,464,465,442,453,148,305,306,511,299,339,302,408,405,568,582,456,569,586,457,584,570,320,326,313,331,223,225,90,85,325,329,461,460,309,310,189,81,144,80,213,134,230,268,143,632,362,119,140,259,646,236,86,239,87,248,249,141,228,376,253,232,307,246,237,89,238,256,257,649,241,243,142,651,374,375,437,430,631,663,686,648,669,673,316,335,319,336,353,122,192,276,93,279,94,288,289,120,273,695,293,231,311,286,277,96,278,296,297,652,281,283,121,650,194,338,691,694,467,607,709,181,440,247,182,157,330,287,214,412,728,679,227,602,535,377,184,196,725,258,675,312,466,198,199,162,219,470,358,361,341,438,386,342,193,298,261,354,357,260,396,393,487,735,477,724,772,609,775,363,334,784,794,337,365,787,792,366,226,272,764,332,333,763,755,717,624,754,614,716,323,233,255,270,541,576,737,752,687,476,760,819,271,626,347,346,627,530,580,486,690,744,733,704,594,566,493,492,605,718,563,156,846,719,321,697,598,604,208,798,841,843,537,587,557,806,655,800,837,662,756,762,590,532,732,552,340,710,539,161,854,753,308,343,269,708,191,534,454,455,217,186,216,458,185,463,203,200,459,462,187,160,451,450,163,159,444,446,188,164,448,445,207,195,858,745,209,524,522,304,349,384,771,726,860,825,585,832,469,826,867,521,345,389,739,749,748,556,701,595,398,397,862,849,625,674,836,661,668,807,696,599,868,851,672,628,490,274,831,518,472,516,517,515,519,513,489,746,514,471,523,392,815,205,730,589,588,434,665,423,855,727,713,796,823,706,381,750,654,431,870,419,640,828,204,740,641,644,801,758,811,421,821,579,415,414,575,636,830,840,838,417,842,483,327,583,527,865,202,380,564,853,736,526,422,418,525,479,328,201,548,820,572,565,391,814,856,322,682,799,494,400,847,403,702,700,407,324,678,504,723,721,409,705,350,773,774,373,808,759,720,816,822,657,676,394,501,497,395,369,722,852,747,680,656,265,234,645,647,562,742,643,834,634,546,547,638,829,551,738,642,262,630,229,629,244,292,252,284,267,827,734,509,824,266,496,616,620,533,684,264,427,500,506,864,658,538,428,859,653,861,601,817,615,317,729,390,385,731,850,263,805,664,818,528,314,619,692,300,301,693,295,603,606,711,782,505,401,410,778,495,303,432,435,751,473,543,783,699,871,781,544,611,623,597,600,372,402,370,411,474,591,348,318,689,315,688,592,671,344,420,388,379,573,635,866,869,571,637,484,622,482,485,387,510,520,378,439,540,707,761,809,768,612,813,810,475,371,812,786,791,554,790,785,424,359,360,383,608,351,779,780,714,703,777,610,352,776,712,698,793,795,367,769,356,766,789,364,770,355,788,767,416,596,845,844,555,429,406,507,683,839,545,848,757,368,613,765,425,553,529,577,677,618,382,681,480,491,660,670,617,581,567,542,639,550,633,863,857,478,561,468,666,578,574,685,404,559,399,558,593,413,802,797,503,621,804,803,498,560,531,441,426,481,835,508,833,499,659,512,502,741,488,743,667,549,715,536
STAB 2 1 -1 2,1,4,7,15,3,6,16,9,8,21,22,24,10,5,14,12,11,17,18,20,19,25,23,13,37,29,32,27,34,33,28,30,31,99,108,55,43,41,101,56,79,60,42,123,113,114,91,105,110,136,95,125,26,54,57,39,133,117,84,115,118,58,139,146,147,138,45,168,178,173,166,155,73,171,72,69,176,83,145,212,213,44,38,144,236,249,223,238,221,126,116,276,289,124,278,53,40,107,98,100,109,35,106,112,50,103,102,36,104,49,111,92,61,47,46,59,62,122,121,119,120,130,131,132,128,82,48,63,68,52,97,129,151,137,135,51,67,64,143,142,140,141,148,134,150,149,153,152,154,80,66,85,65,158,408,310,74,215,206,436,325,218,190,76,165,77,167,75,172,174,71,170,169,177,180,70,175,78,179,306,185,164,313,191,182,197,183,210,188,186,193,194,195,192,200,160,202,201,208,207,209,196,198,199,187,205,203,204,81,127,189,211,216,163,219,214,159,217,222,225,88,220,90,224,353,319,242,259,230,294,254,374,268,89,248,235,237,250,86,245,232,247,246,256,255,257,240,239,87,241,243,244,228,253,251,252,262,234,264,263,270,269,271,258,260,261,229,267,265,266,272,282,299,96,288,275,277,290,93,285,231,287,286,296,295,297,280,279,94,281,283,284,273,293,291,292,302,274,304,303,298,300,301,463,448,649,433,458,446,652,329,451,678,727,630,689,729,645,455,405,601,375,591,444,583,582,568,459,309,572,354,357,365,684,664,366,511,338,437,337,334,430,726,474,388,389,733,486,608,780,773,363,332,769,770,333,341,793,788,342,226,362,786,361,358,791,720,611,761,722,809,623,629,647,651,316,736,750,588,525,747,735,487,680,335,818,771,475,681,573,540,344,622,619,345,494,495,768,606,702,802,600,812,454,721,597,450,595,701,845,320,723,558,559,734,555,578,533,796,565,579,545,842,840,801,671,665,856,653,531,707,462,543,706,445,658,336,855,305,751,184,156,447,449,452,162,453,161,443,442,157,181,456,457,321,412,460,461,330,312,464,465,308,440,331,339,749,485,326,515,524,709,760,724,393,346,745,567,743,746,833,581,820,857,383,348,821,510,520,866,400,401,603,700,666,620,864,848,659,621,852,861,594,704,656,859,803,667,863,467,748,516,513,518,523,519,522,517,835,482,471,514,472,577,580,586,675,752,378,871,416,670,432,317,854,427,662,441,814,391,806,715,710,827,639,638,569,825,834,633,418,843,841,853,480,429,813,765,800,829,642,399,587,574,404,741,548,328,466,826,570,815,837,557,392,737,838,560,379,869,527,584,470,491,327,426,529,530,417,731,725,718,410,505,719,844,398,493,797,688,318,697,402,411,696,693,779,351,772,757,716,717,370,690,661,849,744,677,660,824,817,810,372,509,390,387,498,646,648,323,227,742,640,828,546,830,637,738,561,551,635,644,550,632,233,631,377,376,311,307,695,686,532,423,617,628,663,804,868,502,420,340,673,542,839,822,501,386,732,823,499,438,508,315,627,819,592,324,618,816,602,862,669,836,343,394,728,730,382,705,694,691,473,650,492,397,777,712,598,504,599,783,409,607,536,870,431,692,439,698,776,539,782,753,371,368,413,406,613,596,612,593,347,314,476,528,322,682,535,679,419,384,654,349,589,381,636,479,556,739,641,740,385,468,512,615,481,478,526,713,380,434,373,369,414,755,563,614,396,759,415,356,355,762,763,764,758,767,766,477,352,610,609,350,778,781,699,775,774,711,703,714,364,787,789,360,785,784,792,795,359,790,367,794,538,798,403,604,422,564,799,805,807,674,428,500,624,808,754,566,811,756,576,541,626,687,676,395,571,549,625,537,668,488,484,655,562,634,547,521,490,831,643,832,503,421,552,851,553,424,554,425,846,847,407,605,850,506,672,496,616,590,435,544,575,858,469,683,489,685,507,860,657,585,865,483,497,867,534,708
STAB 2 1 1 2,9,4,6,14,3,7,16,1,5,19,23,20,10,8,15,12,13,25,18,24,21,17,22,11,32,54,37,41,43,42,57,84,83,100,107,56,34,27,102,55,79,60,33,124,132,130,92,104,135,112,61,126,39,29,28,26,155,158,30,128,129,59,165,170,175,167,46,166,174,180,168,133,62,149,67,64,150,31,211,148,225,38,44,220,237,248,189,239,134,125,131,277,288,123,279,47,36,108,103,99,109,35,137,136,50,98,101,40,105,51,111,91,95,53,45,58,73,294,285,282,291,114,116,113,115,85,52,74,97,48,68,118,210,106,110,49,72,69,254,245,242,251,212,221,176,171,224,179,169,88,71,82,70,117,203,216,63,447,442,186,217,452,453,77,139,76,138,78,177,178,66,146,154,172,173,65,147,75,152,185,306,305,200,465,464,443,449,151,433,436,339,302,511,299,313,320,331,326,457,570,584,456,586,569,405,582,408,568,90,222,223,145,310,309,460,461,329,325,127,213,80,144,81,153,272,262,140,646,362,122,143,265,632,87,249,240,236,250,86,142,241,651,243,256,649,257,235,238,89,232,246,307,228,253,141,376,319,316,336,335,648,673,669,631,686,663,375,430,374,437,353,119,192,94,289,280,276,290,93,121,281,650,283,296,652,297,275,278,96,231,286,311,273,293,120,695,194,338,694,691,467,709,607,445,462,255,188,444,459,295,159,454,682,730,629,688,731,647,450,187,528,229,592,458,548,205,204,446,163,527,358,361,366,658,653,365,195,274,266,333,332,267,771,475,383,384,760,476,610,779,774,226,334,785,790,337,342,789,795,341,363,230,766,357,354,767,759,612,810,808,757,613,630,645,247,234,814,815,589,526,816,724,477,676,263,817,726,474,677,577,529,348,618,615,349,504,505,813,603,700,844,596,765,451,847,593,455,599,696,797,160,799,553,554,827,560,574,538,823,564,575,542,811,758,838,670,654,853,664,536,715,448,544,713,463,684,264,870,164,871,412,321,215,183,218,312,190,308,197,206,330,440,196,208,156,184,219,214,157,162,182,191,161,181,202,193,860,481,201,519,522,300,733,735,396,347,858,571,869,831,863,549,865,835,388,344,740,512,468,741,409,410,606,702,685,616,824,804,683,617,822,805,598,697,657,850,839,660,833,298,832,471,517,514,472,515,524,513,857,478,516,518,523,573,576,198,679,737,379,751,420,671,435,314,753,428,655,439,736,380,732,707,708,734,635,634,199,739,738,637,422,762,756,856,484,426,768,812,837,742,643,424,590,578,425,866,583,327,470,867,207,750,800,552,381,752,801,555,378,743,572,209,466,488,328,429,540,541,421,729,728,798,401,495,846,802,397,492,845,689,315,704,406,413,701,692,780,352,775,809,754,755,371,687,668,868,819,681,667,864,818,761,368,506,385,382,502,259,270,233,377,829,636,830,547,828,633,834,550,562,639,641,561,268,323,258,227,252,284,244,292,260,537,419,621,625,261,848,849,498,416,343,269,545,803,852,497,438,806,796,503,386,507,318,626,744,591,322,622,747,535,851,271,807,340,395,725,727,387,705,304,303,473,287,493,398,776,714,594,494,595,781,400,301,531,855,434,693,441,703,777,534,778,854,370,372,411,402,623,600,611,597,346,317,486,601,324,678,602,675,423,389,665,345,588,392,640,483,585,825,644,821,390,520,510,619,485,482,525,706,391,431,369,373,415,717,566,624,393,720,414,360,359,843,794,784,840,791,786,487,351,608,609,350,782,783,699,772,773,711,698,712,367,792,793,356,769,764,787,788,355,770,364,763,533,718,407,605,418,565,723,861,836,672,427,496,614,722,716,563,842,841,580,530,627,690,680,394,567,581,628,532,661,491,480,662,551,638,546,469,489,746,642,748,499,417,557,862,558,399,559,404,719,721,403,604,859,509,674,500,620,587,432,543,579,745,521,659,490,666,508,749,656,556,820,479,501,826,539,710
STAB 2 1 1 2,9,3,7,8,4,6,16,1,15,21,24,22,10,14,5,18,25,13,12,23,19,11,20,17,29,37,54,57,83,84,41,42,43,101,108,56,31,28,99,55,60,79,30,125,95,91,114,105,136,110,113,123,39,32,27,26,155,73,33,45,58,118,72,171,176,69,115,166,173,178,168,133,117,146,139,138,147,34,212,145,223,44,38,221,238,249,213,236,144,124,53,278,289,126,276,116,103,107,36,102,35,109,51,135,111,40,100,98,104,137,50,130,132,131,128,129,158,291,282,285,294,92,47,61,46,151,97,74,52,68,48,59,82,49,112,106,165,167,251,242,245,254,211,220,175,170,88,70,71,224,169,210,179,62,206,215,63,310,408,190,218,325,436,77,67,76,64,177,78,180,154,149,66,75,174,152,150,172,65,183,449,464,197,433,305,313,306,85,465,453,339,299,511,302,443,456,569,586,405,568,582,320,326,331,457,584,442,570,222,90,225,148,447,461,329,309,460,452,81,189,153,134,127,80,230,259,142,319,353,120,141,268,374,240,248,87,239,86,250,140,232,307,246,228,376,253,89,237,235,241,243,651,256,257,143,649,646,631,663,686,375,437,430,316,335,336,648,669,632,673,362,121,194,280,288,94,279,93,290,119,231,311,286,273,695,293,96,277,275,281,283,650,296,297,122,652,192,467,607,709,338,691,694,448,463,252,191,446,458,292,219,455,601,591,645,729,689,630,451,208,678,270,727,459,572,209,207,444,214,583,337,334,366,664,684,365,195,298,269,354,357,271,474,726,733,486,388,389,773,780,608,226,361,786,791,358,342,788,793,341,363,272,769,332,333,770,611,720,809,623,761,722,647,629,244,258,573,540,525,588,622,344,345,619,260,681,475,771,818,736,750,735,747,680,487,595,701,812,702,606,845,723,768,450,597,721,454,494,495,802,196,600,842,840,671,801,856,665,545,579,565,796,558,559,555,734,533,578,658,855,751,445,706,543,462,653,261,531,182,707,321,412,216,185,217,330,186,440,200,203,312,308,160,187,184,156,159,163,162,157,164,188,181,161,199,193,485,749,198,524,515,303,383,348,346,393,510,821,866,520,857,820,581,833,760,724,567,745,746,743,594,704,700,603,859,656,667,803,861,852,621,659,400,401,620,666,848,864,835,274,482,471,472,514,517,522,519,523,863,748,516,518,513,814,391,201,317,378,752,715,806,827,710,675,441,662,427,854,577,580,416,871,432,670,829,642,202,480,633,834,587,399,404,574,825,800,765,813,429,639,638,843,418,853,841,869,527,470,327,491,204,529,426,417,530,379,560,838,737,741,548,205,328,826,466,837,815,392,557,688,318,402,697,696,411,797,493,398,844,731,725,410,718,719,505,693,779,772,351,810,372,370,717,390,509,498,387,817,824,660,677,757,716,661,690,744,849,262,229,227,323,635,551,550,644,561,738,637,830,640,742,546,828,265,377,234,233,255,287,247,295,263,423,532,822,501,264,839,502,868,732,386,266,823,804,617,628,340,420,542,862,343,836,728,394,382,730,602,816,618,324,499,267,508,438,627,315,592,819,473,301,300,705,284,397,492,777,783,409,599,504,712,598,304,870,536,539,692,753,782,776,431,698,439,755,754,846,798,808,799,759,847,396,679,384,682,535,528,322,314,537,476,538,477,526,541,562,585,483,484,547,571,687,831,858,676,860,832,589,544,576,534,614,624,563,371,414,373,347,612,566,784,794,424,359,360,554,790,785,349,775,774,350,609,703,714,711,352,610,699,778,781,792,367,795,764,766,356,364,789,763,767,787,355,654,406,605,407,590,575,596,683,507,496,655,672,369,613,368,415,553,425,380,381,395,385,615,626,740,865,497,419,506,867,739,428,636,643,641,489,469,468,634,478,851,552,421,503,811,762,758,756,413,593,604,403,685,668,500,674,657,422,708,713,564,512,490,805,521,850,807,481,616,479,549,556,625,488,434,435
STAB 2 1 -1 2,1,3,6,5,4,7,16,9,14,19,20,23,10,15,8,18,17,11,12,22,21,13,24,25,54,32,29,28,31,30,27,33,34,102,107,55,83,57,100,56,60,79,84,126,61,92,130,104,112,135,132,124,26,37,41,39,133,62,42,46,59,129,67,149,150,64,128,168,180,174,166,155,158,170,165,167,175,43,148,211,189,38,44,134,239,248,225,237,220,123,47,279,288,125,277,131,98,108,40,101,35,109,49,110,111,36,99,103,105,106,50,114,113,116,115,118,117,120,119,121,122,91,53,95,45,210,68,63,48,97,52,58,85,51,136,137,139,138,141,140,142,143,145,144,147,146,80,65,66,153,154,151,152,73,442,447,74,216,203,453,452,217,186,76,72,77,69,172,75,173,169,171,71,78,178,179,176,177,70,449,183,182,443,188,164,200,185,82,191,190,193,192,195,194,197,196,199,198,187,204,205,160,201,202,208,209,206,207,127,81,213,212,215,214,159,163,219,218,90,223,224,221,222,88,362,646,245,262,272,291,251,632,265,235,249,89,238,86,250,242,241,244,243,228,252,253,87,236,240,232,246,247,256,257,254,255,259,258,261,260,229,266,267,234,263,264,270,271,268,269,230,285,302,275,289,96,278,93,290,282,281,284,283,273,292,293,94,276,280,231,286,287,296,297,294,295,299,298,301,300,274,303,304,462,445,376,465,459,444,695,460,450,528,592,647,731,688,629,454,457,682,648,730,446,527,584,570,458,461,548,333,332,365,653,658,366,511,467,673,358,361,669,475,771,760,476,383,384,774,779,610,363,357,766,767,354,341,795,789,342,226,353,785,334,337,790,612,759,757,613,810,808,645,630,307,631,577,529,526,589,618,348,349,615,686,677,474,726,817,814,815,724,816,676,477,599,696,765,700,603,797,799,813,455,593,847,451,504,505,844,456,596,811,758,670,838,853,654,542,575,564,823,553,554,560,827,538,574,684,870,871,463,713,544,448,664,663,536,464,715,156,184,310,306,325,157,436,181,313,408,162,161,320,405,412,321,329,309,312,330,305,433,440,308,569,339,481,860,586,522,519,691,388,344,347,396,512,740,741,468,835,865,549,863,733,735,571,858,831,869,598,697,702,606,850,657,660,839,805,822,617,683,409,410,616,685,804,824,857,338,478,516,523,518,513,524,515,472,833,832,471,514,517,736,380,326,314,379,737,707,732,734,708,679,439,655,428,753,573,576,420,751,435,671,742,643,331,484,637,738,590,424,425,578,739,837,812,768,426,635,634,762,422,856,756,743,572,466,328,488,568,540,429,421,541,378,555,801,752,866,583,582,327,867,470,800,750,381,552,689,315,406,704,701,413,845,492,397,802,729,728,401,798,846,495,692,780,775,352,761,368,371,755,385,506,502,382,818,864,667,681,809,754,668,687,819,868,319,375,377,233,639,562,561,641,550,834,633,828,636,829,547,830,374,227,316,323,649,650,651,652,335,419,537,852,497,336,803,498,849,806,438,437,796,848,621,625,343,416,545,851,340,807,725,395,387,727,535,747,622,322,503,430,507,386,626,318,591,744,473,607,709,705,311,398,493,776,781,400,595,494,714,594,694,855,531,534,693,854,778,777,434,703,441,717,716,719,718,722,723,720,721,393,675,389,678,602,601,324,317,532,486,533,487,525,530,551,556,479,480,546,567,690,746,745,680,749,748,588,543,580,539,624,614,566,370,415,369,346,611,563,764,763,399,355,356,559,770,769,345,772,773,350,609,698,712,711,351,608,699,782,783,787,364,788,784,786,360,367,793,794,791,792,359,665,402,604,403,587,579,600,659,508,500,662,674,373,623,372,414,558,404,391,392,394,390,619,627,821,820,501,423,509,826,825,427,640,642,644,490,521,520,638,482,862,557,417,499,842,843,840,841,411,597,605,407,666,661,496,672,656,418,710,706,565,510,489,861,469,859,836,485,620,483,581,585,628,491,431,432
STAB 2 1 1 2,9,6,4,8,7,3,10,1,5,12,13,11,16,14,15,19,23,24,21,25,18,22,17,20,32,37,54,57,84,83,41,43,42,40,35,39,33,27,36,26,44,38,34,52,53,45,46,50,51,49,47,48,56,29,28,55,74,73,31,91,58,59,72,71,70,69,92,76,75,78,77,63,62,66,67,64,65,30,82,85,90,60,79,88,89,86,81,87,80,97,95,96,93,68,94,61,102,109,99,103,108,107,136,137,104,101,98,100,111,135,105,128,131,132,130,129,158,282,291,294,285,115,113,116,114,148,124,155,125,126,123,118,212,110,106,112,165,167,242,251,254,245,210,224,179,169,221,176,171,220,170,211,175,117,200,217,133,325,313,185,216,310,306,168,139,166,138,180,178,177,149,154,146,173,172,150,152,174,147,186,453,465,203,305,433,408,436,145,464,449,511,302,339,299,442,457,570,584,320,331,326,405,582,568,456,586,443,569,225,223,222,151,452,460,309,329,461,447,213,127,134,153,189,144,272,265,141,374,353,121,142,262,319,239,250,236,240,249,248,143,256,649,257,241,651,243,238,235,237,228,253,376,232,246,140,307,632,648,673,669,316,336,335,375,430,437,631,686,646,663,362,120,194,279,290,276,280,289,288,122,296,652,297,281,650,283,278,275,277,273,293,695,231,286,119,311,192,467,709,607,338,694,691,161,308,244,164,162,312,284,163,321,318,317,233,322,324,323,156,160,315,234,314,330,328,201,202,157,159,327,337,334,341,340,343,342,193,274,264,333,332,263,346,347,349,348,345,344,352,350,351,363,361,360,359,358,365,364,367,366,226,230,356,357,354,355,370,371,373,372,369,368,377,227,252,229,392,391,378,379,390,389,388,387,267,394,393,396,395,381,380,384,385,382,383,410,409,414,397,398,407,406,415,184,411,413,412,401,400,403,187,402,425,424,423,422,421,420,427,426,429,428,404,399,418,419,416,417,438,435,434,181,439,441,440,386,266,432,188,431,455,454,218,190,215,459,183,462,206,197,458,463,208,196,450,451,214,219,446,444,191,182,445,448,204,195,510,512,205,519,515,301,487,486,474,475,485,484,483,482,489,488,491,490,477,476,480,481,478,479,505,504,492,493,503,502,501,500,507,506,509,508,495,494,498,499,496,497,521,298,520,518,517,516,472,522,524,523,469,468,514,471,513,541,540,209,591,525,526,539,538,537,536,592,543,542,545,544,530,529,533,534,531,532,562,561,207,567,546,547,560,559,558,557,571,564,563,566,565,551,550,554,555,552,553,585,470,527,583,581,199,580,579,578,577,588,587,590,589,556,466,198,572,549,548,575,576,573,574,602,601,600,599,598,597,604,603,606,605,535,528,595,596,593,594,473,609,610,608,624,623,611,612,622,621,620,619,626,625,628,627,614,613,617,618,615,616,268,258,629,630,640,639,638,637,642,641,644,643,635,636,633,634,259,647,270,645,247,295,255,287,271,671,670,668,667,269,672,656,657,654,653,261,655,674,661,660,664,665,662,685,684,683,682,681,680,679,688,687,690,689,666,260,659,658,677,678,675,676,693,303,304,692,292,702,700,699,703,701,697,704,698,696,300,708,710,715,705,713,714,711,707,712,706,759,808,847,799,754,798,755,846,771,730,735,728,731,725,729,727,827,724,806,760,752,814,829,869,866,821,834,825,816,832,860,819,858,831,737,854,815,871,757,810,765,720,812,809,726,717,813,785,790,840,791,786,843,794,784,733,774,775,780,779,783,782,776,773,772,777,781,778,795,793,792,766,764,769,788,787,767,763,789,770,732,723,844,845,838,837,718,836,861,848,823,839,761,716,722,768,841,842,750,736,818,747,744,817,739,867,864,734,852,865,740,796,742,830,738,857,863,748,828,746,850,853,856,859,756,758,762,811,721,719,797,802,862,822,803,804,868,801,870,753,800,749,833,807,835,851,805,745,849,743,826,741,824,820,751,855
STAB 2 1 -1 2,1,6,3,15,7,4,10,9,14,18,17,25,16,5,8,19,20,22,21,11,12,24,13,23,54,29,32,27,33,34,28,31,30,103,109,26,84,57,98,39,44,38,83,68,116,115,128,111,106,137,131,97,55,37,41,56,63,117,43,114,118,129,139,154,152,138,130,77,177,172,76,74,158,169,165,167,179,42,151,210,127,79,60,153,240,250,222,235,224,48,113,280,290,52,275,132,100,35,101,40,108,107,110,49,104,99,36,102,50,112,105,46,47,61,92,59,62,121,122,120,119,45,95,53,91,211,126,133,123,124,125,58,145,136,51,135,67,64,142,143,141,140,85,80,65,66,144,147,146,134,149,148,150,73,443,452,155,218,197,449,447,215,183,166,72,168,69,174,173,75,170,71,171,178,78,175,70,180,176,453,186,188,442,182,191,206,190,212,164,185,195,192,193,194,203,187,204,205,196,199,198,208,209,207,160,201,200,202,189,213,81,82,217,159,214,219,163,216,223,90,220,88,225,221,362,632,254,268,230,282,242,646,259,237,86,238,89,249,248,251,228,252,253,241,244,243,236,87,239,256,257,255,232,246,245,247,265,229,266,267,258,261,260,270,271,269,234,263,262,264,272,294,299,277,93,278,96,289,288,291,273,292,293,281,284,283,276,94,279,296,297,295,231,286,285,287,302,274,303,304,298,301,300,440,181,651,464,330,157,650,461,184,725,675,377,535,602,227,412,456,728,631,679,162,470,586,569,312,460,466,354,357,342,386,438,341,339,467,663,358,361,686,393,396,477,724,487,735,775,609,772,226,332,764,763,333,366,792,787,365,363,353,784,334,337,794,717,755,614,716,624,754,233,323,649,648,530,580,752,737,690,486,733,744,669,627,346,347,626,541,576,476,687,819,760,697,598,563,492,493,604,798,566,321,719,846,156,704,594,605,457,718,756,762,532,590,552,732,662,837,800,655,841,843,587,537,806,557,343,708,534,308,753,854,161,340,673,710,465,539,451,450,325,436,310,444,306,445,408,313,446,448,405,320,454,455,309,329,458,459,433,305,462,463,570,511,745,858,584,522,524,694,345,389,726,771,749,739,556,748,521,867,826,469,349,384,825,860,832,585,696,599,397,398,851,868,628,672,807,668,661,836,701,595,849,862,674,625,489,338,746,514,523,471,513,519,515,517,490,831,518,516,472,381,750,582,727,588,589,431,654,419,870,730,706,823,796,713,392,815,665,434,855,423,636,830,568,821,644,641,838,840,842,417,740,575,414,415,579,640,828,758,801,421,811,479,328,548,572,820,331,391,565,856,814,525,418,422,526,483,327,326,583,865,527,564,380,736,853,324,678,723,504,409,721,407,700,702,403,322,682,494,799,847,400,705,350,774,773,369,722,720,759,747,852,656,680,395,497,501,394,373,808,822,816,676,657,374,316,647,645,551,829,642,738,638,547,546,634,742,562,834,643,319,629,375,630,307,695,376,311,430,734,827,506,864,437,500,620,616,538,658,336,428,496,509,824,684,533,427,850,664,805,528,818,619,314,731,385,390,729,859,335,861,653,817,601,317,615,693,709,607,692,652,606,603,711,778,495,410,401,782,505,691,435,432,871,473,544,781,699,751,783,543,612,613,593,596,368,406,371,413,475,592,344,315,688,318,689,591,670,348,416,383,378,577,639,741,743,567,633,480,618,478,481,382,512,468,379,441,529,715,810,757,813,611,768,761,474,370,765,766,767,559,770,769,399,355,356,388,610,352,780,779,712,698,776,608,351,777,714,703,789,788,364,785,360,786,793,367,790,359,795,791,420,600,797,802,560,426,402,508,659,803,542,804,809,372,623,812,404,558,540,573,681,622,387,677,484,488,667,671,621,549,571,545,635,561,637,833,835,482,550,520,685,574,578,666,425,554,424,553,597,411,844,845,499,617,848,839,502,555,536,439,429,485,857,507,863,503,683,510,498,866,491,869,660,581,707,531
STAB 2 1 1 1,2,7,6,5,4,3,14,9,16,20,19,23,8,15,10,22,21,12,11,18,17,13,25,24,55,27,28,29,31,30,32,34,33,107,102,54,60,56,100,57,83,84,79,130,92,61,126,112,104,135,124,132,37,26,39,41,129,59,38,47,62,133,64,150,149,67,123,167,175,170,165,158,155,174,166,168,180,44,134,189,211,42,43,148,248,239,220,237,225,128,46,288,279,131,277,125,101,103,40,98,36,99,50,111,110,35,109,108,106,105,49,116,115,114,113,117,118,120,119,122,121,68,52,97,48,213,91,58,45,95,53,63,80,51,137,136,138,139,141,140,143,142,153,151,154,152,85,66,65,145,147,144,146,74,450,446,73,163,187,445,444,159,188,72,76,69,77,171,71,169,173,172,75,70,179,178,177,176,78,448,191,190,451,186,185,160,164,81,183,182,194,195,192,193,208,206,209,207,203,205,204,200,202,201,197,199,196,198,212,82,210,127,219,218,217,216,215,214,88,224,223,222,221,90,363,645,232,234,230,273,228,629,229,238,240,89,235,87,236,256,254,257,255,251,253,252,86,250,249,245,247,246,242,244,241,243,270,268,271,269,265,267,266,262,264,263,259,261,258,260,272,231,274,278,280,96,275,94,276,296,294,297,295,291,293,292,93,290,289,285,287,286,282,284,281,283,298,299,301,300,302,304,303,465,453,376,462,460,452,695,459,442,592,528,648,730,682,632,457,454,688,647,731,447,584,527,548,461,458,570,332,333,361,669,673,358,467,511,658,366,365,653,476,760,771,475,384,383,779,774,610,362,354,767,766,357,337,790,785,334,353,226,789,342,341,795,613,757,759,612,808,810,646,631,307,630,589,526,529,577,615,349,348,618,684,676,477,724,816,815,814,726,817,677,474,603,700,758,696,599,799,797,811,456,596,844,443,505,504,847,455,593,813,765,654,853,838,670,538,574,560,827,554,553,564,823,542,575,686,871,870,464,715,536,449,663,664,544,463,713,313,408,162,161,157,325,181,436,156,184,310,306,321,412,405,320,330,312,309,329,308,440,433,305,572,338,478,857,583,518,472,692,396,347,344,388,468,741,740,512,831,869,571,858,735,733,549,863,835,865,606,702,697,598,839,660,657,850,804,824,616,685,410,409,617,683,805,822,860,339,481,523,516,522,514,517,471,519,832,833,515,513,524,737,379,327,315,380,736,708,734,732,707,689,435,671,420,751,576,573,428,753,439,655,738,637,328,488,643,742,578,425,424,590,743,856,756,762,422,634,635,768,426,837,812,739,569,568,331,484,466,541,421,429,540,381,552,800,750,867,586,470,326,866,582,801,752,378,555,679,314,413,701,704,406,846,495,401,798,728,729,397,802,845,492,691,775,780,352,755,371,368,761,382,502,506,385,819,868,668,687,754,809,667,681,818,864,233,377,375,319,641,561,562,639,547,830,636,829,633,828,550,834,227,374,323,316,651,652,649,650,343,416,545,849,498,340,807,497,852,796,437,438,806,851,625,621,335,419,537,848,336,803,727,387,395,725,591,744,626,318,507,386,503,430,622,322,535,747,607,473,705,709,311,400,494,781,776,398,594,493,714,595,693,854,534,531,694,855,777,778,441,703,434,722,720,723,721,717,719,716,718,389,678,393,675,601,602,317,324,533,487,532,486,530,525,546,567,480,479,551,556,680,749,748,690,746,745,580,539,588,543,623,611,558,369,399,370,345,614,559,770,769,415,356,355,563,764,763,346,773,772,351,608,699,711,712,350,609,698,783,782,786,360,784,788,787,364,359,794,793,792,791,367,662,403,600,402,579,587,604,674,500,508,665,659,372,624,373,404,566,414,392,391,390,394,627,619,826,825,509,427,501,821,820,423,642,640,638,482,520,521,644,490,861,565,418,496,843,842,841,840,407,605,597,411,672,656,499,666,661,417,706,710,557,469,485,862,510,836,859,489,628,491,585,581,620,483,432,431
STAB 2 1 -1 1,9,7,3,10,4,6,14,2,15,17,25,18,8,16,5,22,24,13,11,23,20,12,19,21,28,26,55,56,60,79,39,38,44,98,103,57,31,29,109,54,83,84,30,131,97,68,116,106,137,111,115,128,41,27,32,37,158,74,34,48,63,117,76,172,177,77,113,165,169,179,167,129,118,152,138,139,154,33,127,153,224,43,42,222,235,240,210,250,151,132,52,275,280,130,290,114,108,102,35,107,36,99,51,135,110,40,100,101,112,136,49,126,124,125,123,133,155,273,296,231,281,61,46,92,47,144,95,73,53,91,45,62,81,50,104,105,166,168,228,256,232,241,189,225,180,174,90,78,75,223,173,213,178,59,196,219,58,162,184,182,214,157,181,69,64,72,67,176,70,175,147,150,65,71,170,146,149,171,66,191,448,463,208,440,308,156,161,80,462,445,338,298,467,274,451,455,572,583,412,466,470,321,327,328,454,527,450,548,221,88,220,134,446,458,330,312,459,444,82,211,145,148,212,85,272,270,143,233,226,120,141,258,227,249,239,86,248,87,236,140,245,307,247,251,376,252,89,237,238,254,255,649,242,244,142,651,645,630,664,684,377,438,386,323,343,340,647,653,629,658,363,122,193,289,279,93,288,94,276,119,285,311,287,291,695,292,96,277,278,294,295,652,282,284,121,650,195,511,473,705,339,692,693,449,464,253,183,447,461,293,215,456,602,535,646,728,679,631,443,197,675,259,725,460,569,199,198,452,218,586,341,342,358,663,686,361,192,299,260,357,354,261,477,724,735,487,396,393,772,775,609,353,365,787,792,366,334,784,794,337,362,230,763,333,332,764,614,716,754,624,755,717,648,632,257,268,576,541,530,580,626,347,346,627,269,687,476,760,819,737,752,733,744,690,486,594,704,756,697,598,846,719,762,442,605,718,457,493,492,798,206,604,843,841,655,800,837,662,537,587,557,806,566,563,552,732,532,590,673,854,753,453,710,539,465,669,271,534,190,708,320,405,163,164,159,329,188,433,160,187,309,305,200,203,408,313,217,216,310,325,185,186,436,306,209,194,489,746,207,517,471,304,384,349,345,389,469,826,867,521,860,825,585,832,771,726,556,748,749,739,595,701,696,599,836,661,668,807,862,849,625,674,398,397,628,672,851,868,831,302,490,515,519,513,524,518,472,516,858,745,523,522,514,815,392,202,324,381,750,713,796,823,706,678,434,665,423,855,589,588,419,870,431,654,828,640,201,479,636,830,579,415,414,575,820,801,758,811,421,641,644,842,417,838,840,865,584,582,326,483,205,526,422,418,525,380,564,853,736,740,570,204,331,821,568,856,814,391,565,682,322,403,702,700,407,799,494,400,847,730,727,409,721,723,504,694,774,773,350,808,373,369,722,394,501,497,395,816,822,657,676,759,720,656,680,747,852,234,265,374,316,634,546,547,638,562,742,643,834,642,738,551,829,229,375,262,319,243,286,246,283,264,427,533,824,509,263,850,506,864,734,430,267,827,805,616,620,336,428,538,861,335,859,729,390,385,731,601,817,615,317,496,266,500,437,619,314,528,818,607,301,300,709,297,401,495,778,782,410,603,505,711,606,303,871,544,543,691,751,783,781,432,699,435,761,809,845,802,810,797,757,844,388,689,383,688,591,592,318,315,545,475,542,474,529,540,561,581,491,488,550,549,681,835,863,677,857,833,577,536,573,531,611,623,559,368,404,372,344,613,558,788,793,425,367,364,553,795,789,348,780,779,351,608,703,714,712,352,610,698,777,776,791,359,790,770,767,355,360,785,769,766,786,356,670,413,597,411,578,574,593,685,503,499,671,666,370,612,371,399,554,424,379,378,387,382,618,622,741,869,498,416,502,866,743,420,633,637,639,485,510,512,635,481,848,555,429,507,813,768,765,812,406,596,600,402,683,667,508,659,660,426,707,715,560,468,482,804,520,839,803,478,617,480,571,567,621,484,441,439
STAB 2 1 1 1,2,6,7,15,3,4,8,9,16,22,21,24,14,5,10,20,19,18,17,12,11,25,13,23,55,28,27,32,34,33,29,31,30,108,99,37,79,56,101,41,43,42,60,91,114,113,123,110,105,136,125,95,54,26,39,57,58,118,44,116,117,133,138,147,146,139,126,69,176,171,72,73,155,173,166,168,178,38,144,213,212,84,83,145,249,236,221,238,223,45,115,289,276,53,278,124,100,36,98,40,103,102,111,50,112,109,35,107,49,104,106,47,46,92,61,62,59,122,121,120,119,48,97,52,68,189,130,129,128,132,131,63,153,137,51,135,64,67,143,142,141,140,80,85,66,65,151,154,152,148,150,134,149,74,451,444,158,214,208,448,446,219,191,165,76,167,77,170,169,71,174,75,172,179,70,180,78,175,177,445,188,186,450,190,183,196,182,127,185,164,192,195,194,193,187,203,205,204,206,209,207,197,199,198,200,202,160,201,211,210,82,81,159,217,218,215,216,163,224,88,225,90,220,222,363,629,241,258,272,296,256,645,270,237,87,235,89,240,239,228,251,253,252,254,257,255,250,86,248,242,244,243,245,247,232,246,229,265,267,266,268,271,269,259,261,260,262,264,234,263,230,281,298,277,94,275,96,280,279,273,291,293,292,294,297,295,290,93,288,282,284,283,285,287,231,286,274,302,304,303,299,301,300,433,436,649,463,329,325,652,458,408,727,678,375,591,601,374,405,455,729,630,689,310,582,583,572,309,459,568,357,354,334,430,437,337,338,511,664,366,365,684,389,388,474,726,486,733,780,608,773,353,333,770,769,332,358,791,786,361,362,226,788,342,341,793,722,761,611,720,623,809,319,316,651,647,525,588,750,736,680,487,735,747,653,619,345,344,622,540,573,475,681,818,771,702,606,559,495,494,600,802,558,320,723,845,313,701,595,597,454,721,812,768,533,578,555,734,665,856,801,671,840,842,579,545,796,565,335,707,531,305,751,855,306,336,658,706,462,543,443,442,157,181,162,452,161,453,184,156,447,449,412,321,457,456,312,330,461,460,440,308,465,464,548,467,748,863,527,518,517,693,346,393,724,760,746,743,567,745,520,866,821,510,348,383,820,857,833,581,700,603,401,400,848,864,620,666,803,667,656,859,704,594,852,861,659,621,485,339,749,513,516,515,514,472,471,524,482,835,522,523,519,378,752,470,725,580,577,432,670,416,871,731,710,827,806,715,391,814,662,441,854,427,633,834,466,826,638,639,853,841,843,418,741,574,404,399,587,642,829,765,800,429,813,480,331,570,569,825,328,392,557,837,815,530,417,426,529,491,326,327,586,869,584,560,379,737,838,317,675,719,505,410,718,411,696,697,402,318,688,493,797,844,398,709,351,779,772,370,717,716,757,744,849,661,690,387,498,509,390,372,810,824,817,677,660,227,323,648,646,546,828,640,742,644,550,551,635,738,561,830,637,233,632,377,631,307,695,376,311,386,732,823,502,868,438,508,628,617,542,673,340,420,499,501,822,686,532,423,839,663,804,592,819,627,315,730,382,394,728,836,343,862,669,816,602,324,618,694,705,473,691,650,598,599,712,777,492,409,397,783,504,692,439,431,870,607,536,776,698,753,782,539,613,612,596,593,371,413,368,406,476,528,347,314,682,322,679,535,654,349,419,384,381,589,641,740,739,556,636,479,615,481,478,385,468,512,380,434,526,713,808,759,811,614,762,755,477,369,758,767,766,563,764,763,415,356,355,396,610,352,775,774,711,699,781,609,350,778,714,703,785,784,360,789,364,787,794,359,795,367,790,792,428,604,799,798,564,422,403,500,674,807,538,805,754,373,624,756,414,566,541,576,687,626,395,676,488,484,668,655,625,571,549,537,634,562,643,832,831,490,547,521,683,575,590,672,424,553,425,554,605,407,847,846,496,616,851,850,506,552,544,435,421,489,860,503,858,507,685,469,497,867,483,865,657,585,708,534
STAB 2 1 -1 1,9,6,4,10,3,7,8,2,5,11,13,12,14,16,15,20,23,25,17,24,22,18,21,19,27,26,55,56,79,60,39,44,38,40,36,41,34,32,35,37,43,42,33,53,52,48,47,49,51,50,46,45,57,28,29,54,73,74,31,68,63,62,76,75,78,77,61,72,71,70,69,58,59,65,64,67,66,30,81,80,88,83,84,90,89,87,82,86,85,95,97,96,94,91,93,92,107,99,109,108,103,102,137,136,112,98,101,100,110,135,106,123,125,124,126,133,155,296,273,281,231,113,115,114,116,134,132,158,131,130,128,117,127,111,105,104,166,168,256,228,241,232,213,223,178,173,222,177,172,225,174,189,180,118,160,159,129,157,156,164,163,162,161,167,138,165,139,175,179,176,150,147,152,169,171,149,146,170,154,188,445,462,187,308,440,184,181,153,463,448,467,274,338,298,450,454,548,527,321,328,327,412,470,466,455,583,451,572,220,224,221,144,444,459,312,330,458,446,210,212,148,145,211,151,230,229,141,227,226,122,143,234,233,248,236,250,249,240,239,142,242,651,244,254,649,255,235,238,237,251,252,376,245,247,140,307,629,647,658,653,323,340,343,377,386,438,630,684,645,664,363,120,193,288,276,290,289,280,279,121,282,650,284,294,652,295,275,278,277,291,292,695,285,287,119,311,195,511,705,473,339,693,692,306,305,257,185,310,309,297,216,320,322,324,319,318,317,316,313,200,314,262,315,329,331,202,201,325,217,326,341,342,337,336,335,334,194,302,263,332,333,264,345,344,348,349,346,347,352,351,350,362,365,364,367,366,361,360,359,358,353,272,355,354,357,356,369,368,372,373,370,371,375,374,253,265,391,392,381,380,394,393,396,395,266,390,389,388,387,378,379,383,382,385,384,409,410,404,401,400,411,413,399,408,407,406,405,397,398,402,203,403,424,425,427,426,429,428,423,422,421,420,414,415,417,416,419,418,437,439,441,436,435,434,433,430,267,431,186,432,456,457,214,182,219,460,191,465,196,208,461,464,197,206,442,443,218,215,447,452,183,190,453,449,205,192,469,468,204,472,471,301,486,487,477,476,489,488,491,490,485,484,483,482,474,475,479,478,481,480,504,505,495,494,507,506,509,508,503,502,501,500,492,493,497,496,499,498,520,299,521,522,524,523,519,518,517,516,510,512,513,515,514,540,541,199,535,530,529,543,542,545,544,528,539,538,537,536,525,526,532,531,534,533,561,562,198,556,551,550,564,563,566,565,549,560,559,558,557,546,547,553,552,555,554,581,582,584,586,585,209,588,587,590,589,580,579,578,577,567,568,207,569,571,570,574,573,576,575,601,602,604,603,606,605,600,599,598,597,591,592,594,593,596,595,607,608,610,609,623,624,614,613,626,625,628,627,622,621,620,619,611,612,616,615,618,617,258,268,632,631,642,641,644,643,640,639,638,637,634,633,636,635,270,648,259,646,246,283,243,286,261,655,654,667,668,260,666,661,660,670,669,271,671,659,656,657,663,662,665,683,686,685,688,687,690,689,682,681,680,679,672,269,674,673,676,675,678,677,694,304,303,691,293,697,696,698,703,704,702,701,699,700,300,707,706,713,709,715,714,712,708,711,710,757,810,844,797,809,802,761,845,760,731,733,729,730,727,728,725,823,726,796,771,750,815,828,865,867,826,830,820,817,833,857,818,863,835,736,855,814,870,759,808,758,716,756,754,724,722,811,789,795,841,792,787,842,793,788,735,779,780,775,774,782,783,781,772,773,778,776,777,790,794,791,767,770,763,784,786,766,769,785,764,734,719,847,846,853,856,721,859,862,851,827,850,755,720,717,762,840,843,752,737,819,744,747,816,743,866,868,732,849,869,741,806,738,834,742,860,858,745,829,749,839,838,837,836,812,765,768,813,718,723,799,798,861,824,807,805,864,800,871,751,801,746,832,803,831,848,804,748,852,739,821,740,822,825,753,854
STAB 2 1 -1 1,9,3,7,16,6,4,8,2,15,22,24,21,14,10,5,17,25,23,20,13,11,19,12,18,28,55,26,39,38,44,56,60,79,101,99,41,30,29,108,37,42,43,31,95,125,123,113,110,136,105,114,91,57,27,32,54,73,155,33,126,133,117,166,173,178,168,116,72,171,176,69,58,118,147,138,139,146,34,213,144,221,84,83,223,238,236,212,249,145,53,124,278,276,45,289,115,109,36,107,35,102,103,135,51,106,100,40,98,49,137,112,48,52,97,68,63,74,231,281,273,296,47,92,46,61,153,131,158,132,128,130,62,189,104,50,111,76,77,232,241,228,256,81,90,78,75,225,180,174,222,172,127,177,59,208,214,129,444,451,191,219,446,448,167,64,165,67,179,175,70,152,65,150,170,71,154,66,169,149,182,181,440,196,463,462,450,445,134,308,161,467,298,338,274,184,412,466,470,455,572,583,454,527,548,321,327,156,328,224,220,88,80,157,330,458,459,312,162,211,82,151,85,210,148,272,258,142,629,363,119,140,270,645,250,87,248,86,239,240,141,251,376,252,245,307,247,237,89,235,242,244,651,254,255,143,649,227,377,438,386,630,664,684,647,653,658,323,343,233,340,226,121,195,290,94,288,93,279,280,120,291,695,292,285,311,287,277,96,275,282,284,650,294,295,122,652,193,339,692,693,511,473,705,436,433,246,190,325,329,286,218,405,729,689,374,601,591,375,408,206,727,268,678,309,568,207,209,310,215,582,366,365,337,437,430,334,194,299,271,357,354,269,388,389,486,733,474,726,773,608,780,362,342,788,793,341,361,786,791,358,353,230,770,333,332,769,761,722,623,809,611,720,316,319,243,259,540,573,736,750,681,475,771,818,261,622,344,345,619,525,588,487,680,747,735,701,595,558,494,495,597,721,559,313,845,723,320,702,606,600,197,802,840,842,545,579,565,796,671,801,856,665,812,768,578,533,734,555,336,706,543,306,855,751,305,335,260,707,183,531,457,456,159,188,163,461,164,464,187,160,460,465,203,200,443,442,216,217,452,447,186,185,449,453,198,192,863,748,199,517,518,303,348,383,760,724,857,820,581,833,510,821,866,520,346,393,743,746,745,567,704,594,400,401,861,852,621,659,859,656,667,803,700,603,864,848,666,620,482,302,835,522,519,523,524,471,472,514,485,749,513,515,516,391,814,204,731,577,580,441,662,427,854,725,715,806,827,710,378,752,670,432,871,416,642,829,205,741,639,638,800,765,813,429,826,587,399,404,574,633,834,841,853,418,843,491,326,586,584,869,201,379,560,838,737,529,426,417,530,480,331,202,570,825,569,557,392,815,837,318,688,797,493,398,844,402,697,696,411,317,675,505,719,718,410,709,351,772,779,372,810,757,716,817,824,660,677,390,509,498,387,370,717,849,744,690,661,229,262,646,648,561,738,637,830,635,551,550,644,828,546,742,640,234,631,265,632,257,293,253,297,266,823,732,501,822,267,499,617,628,532,686,263,423,508,502,868,673,542,420,836,669,862,602,816,618,324,728,394,382,730,839,264,804,663,819,592,315,627,691,300,301,694,283,599,598,712,783,504,397,409,777,492,304,431,439,753,607,539,782,698,870,776,536,614,624,605,604,373,403,369,407,477,535,349,322,679,314,682,528,655,347,428,396,380,576,634,867,865,549,643,488,626,490,489,395,469,521,381,435,541,708,755,754,762,613,811,808,476,368,756,787,792,553,795,789,425,367,364,384,609,350,774,775,714,703,778,610,352,781,711,699,794,790,359,763,355,767,785,360,764,356,784,766,419,593,846,847,552,421,413,503,685,850,537,851,759,371,612,758,424,554,526,589,676,615,385,687,479,483,657,654,616,585,556,538,641,547,636,858,860,481,562,512,672,590,575,683,414,563,415,566,596,406,798,799,507,625,805,807,497,564,534,434,422,478,831,500,832,496,674,468,506,740,484,739,668,571,713,544
STAB 2 1 1 1,2,3,4,5,6,7,8,9,10,11,12,13,14,15,16,17,18,19,20,21,22,23,24,25,26,27,28,29,30,31,32,33,34,35,36,37,38,39,40,41,42,43,44,45,46,47,48,49,50,51,52,53,54,55,56,57,58,59,60,61,62,63,64,65,66,67,68,69,70,71,72,73,74,75,76,77,78,79,80,81,82,83,84,85,86,87,88,89,90,91,92,93,94,95,96,97,98,99,100,101,102,103,104,105,106,107,108,109,110,111,112,113,114,115,116,117,118,119,120,121,122,123,124,125,126,127,128,129,130,131,132,133,134,135,136,137,138,139,140,141,142,143,144,145,146,147,148,149,150,151,152,153,154,155,156,157,158,159,160,161,162,163,164,165,166,167,168,169,170,171,172,173,174,175,176,177,178,179,180,181,182,183,184,185,186,187,188,189,190,191,192,193,194,195,196,197,198,199,200,201,202,203,204,205,206,207,208,209,210,211,212,213,214,215,216,217,218,219,220,221,222,223,224,225,226,227,228,229,230,231,232,233,234,235,236,237,238,239,240,241,242,243,244,245,246,247,248,249,250,251,252,253,254,255,256,257,258,259,260,261,262,263,264,265,266,267,268,269,270,271,272,273,274,275,276,277,278,279,280,281,282,283,284,285,286,287,288,289,290,291,292,293,294,295,296,297,298,299,300,301,302,303,304,305,306,307,308,309,310,311,312,313,314,315,316,317,318,319,320,321,322,323,324,325,326,327,328,329,330,331,332,333,334,335,336,337,338,339,340,341,342,343,344,345,346,347,348,349,350,351,352,353,354,355,356,357,358,359,360,361,362,363,364,365,366,367,368,369,370,371,372,373,374,375,376,377,378,379,380,381,382,383,384,385,386,387,388,389,390,391,392,393,394,395,396,397,398,399,400,401,402,403,404,405,406,407,408,409,410,411,412,413,414,415,416,417,418,419,420,421,422,423,424,425,426,427,428,429,430,431,432,433,434,435,436,437,438,439,440,441,442,443,444,445,446,447,448,449,450,451,452,453,454,455,456,457,458,459,460,461,462,463,464,465,466,467,468,469,470,471,472,473,474,475,476,477,478,479,480,481,482,483,484,485,486,487,488,489,490,491,492,493,494,495,496,497,498,499,500,501,502,503,504,505,506,507,508,509,510,511,512,513,514,515,516,517,518,519,520,521,522,523,524,525,526,527,528,529,530,531,532,533,534,535,536,537,538,539,540,541,542,543,544,545,546,547,548,549,550,551,552,553,554,555,556,557,558,559,560,561,562,563,564,565,566,567,568,569,570,571,572,573,574,575,576,577,578,579,580,581,582,583,584,585,586,587,588,589,590,591,592,593,594,595,596,597,598,599,600,601,602,603,604,605,606,607,608,609,610,611,612,613,614,615,616,617,618,619,620,621,622,623,624,625,626,627,628,629,630,631,632,633,634,635,636,637,638,639,640,641,642,643,644,645,646,647,648,649,650,651,652,653,654,655,656,657,658,659,660,661,662,663,664,665,666,667,668,669,670,671,672,673,674,675,676,677,678,679,680,681,682,683,684,685,686,687,688,689,690,691,692,693,694,695,696,697,698,699,700,701,702,703,704,705,706,707,708,709,710,711,712,713,714,715,716,717,718,719,720,721,722,723,724,725,726,727,728,729,730,731,732,733,734,735,736,737,738,739,740,741,742,743,744,745,746,747,748,749,750,751,752,753,754,755,756,757,758,759,760,761,762,763,764,765,766,767,768,769,770,771,772,773,774,775,776,777,778,779,780,781,782,783,784,785,786,787,788,789,790,791,792,793,794,795,796,797,798,799,800,801,802,803,804,805,806,807,808,809,810,811,812,813,814,815,816,817,818,819,820,821,822,823,824,825,826,827,828,829,830,831,832,833,834,835,836,837,838,839,840,841,842,843,844,845,846,847,848,849,850,851,852,853,854,855,856,857,858,859,860,861,862,863,864,865,866,867,868,869,870,871
STAB 2 1 -1 1,9,4,6,16,7,3,14,2,5,20,23,19,8,10,15,11,13,24,22,25,17,21,18,12,27,55,26,39,44,38,56,79,60,100,102,57,33,32,107,54,84,83,34,132,124,126,61,112,135,104,92,130,41,28,29,37,158,155,30,123,133,62,166,174,180,168,47,165,170,175,167,129,59,150,64,67,149,31,189,134,220,42,43,225,237,239,211,248,148,131,125,277,279,128,288,46,35,103,108,109,99,36,136,137,49,101,98,40,106,51,110,68,97,52,48,63,74,281,231,296,273,116,114,115,113,80,53,73,95,45,91,117,213,105,111,50,76,77,241,232,256,228,127,222,177,172,223,178,173,90,75,81,78,118,187,163,58,446,450,188,159,444,445,69,138,72,139,70,176,179,65,152,147,171,169,66,154,71,146,164,161,308,160,462,463,451,448,144,440,181,338,274,467,298,156,321,328,327,454,548,527,455,583,572,412,470,184,466,88,221,224,153,162,312,459,458,330,157,212,210,85,151,82,145,230,234,140,645,363,121,142,229,629,86,240,249,250,236,87,143,254,649,255,242,651,244,238,235,89,245,247,307,251,252,141,376,233,323,340,343,647,658,653,630,684,664,377,386,227,438,226,119,195,93,280,289,290,276,94,122,294,652,295,282,650,284,278,275,96,285,287,311,291,292,120,695,193,339,693,692,511,705,473,453,465,243,186,452,460,283,217,457,688,731,632,682,730,648,442,203,592,265,528,461,570,204,205,447,216,584,366,365,358,673,669,361,192,302,267,332,333,266,760,476,384,383,771,475,610,774,779,353,342,789,795,341,334,785,790,337,362,272,767,354,357,766,757,613,808,810,759,612,631,646,246,262,815,814,577,529,817,726,474,677,264,816,724,477,676,589,526,349,615,618,348,505,504,811,599,696,847,593,758,443,844,596,456,603,700,799,200,797,554,553,823,564,575,542,827,560,574,538,813,765,853,654,670,838,663,544,713,449,536,715,464,686,263,871,185,870,405,320,219,191,214,309,182,305,208,196,329,433,206,197,313,408,215,218,325,310,190,183,306,436,201,194,857,478,202,472,518,300,735,733,388,344,863,549,865,835,858,571,869,831,396,347,741,468,512,740,410,409,598,697,683,617,822,805,685,616,824,804,606,702,660,839,850,657,832,299,833,515,524,513,519,471,517,514,860,481,523,522,516,576,573,207,689,736,380,753,428,655,439,315,751,420,671,435,737,379,734,708,707,732,634,635,209,743,742,643,426,768,812,837,488,422,762,756,856,738,637,425,578,590,424,867,586,326,582,866,198,752,801,555,378,750,800,552,381,739,569,199,568,484,331,421,541,540,429,728,729,802,397,492,845,798,401,495,846,679,314,701,413,406,704,691,775,352,780,754,809,761,368,681,667,864,818,687,668,868,819,755,371,502,382,385,506,270,259,319,375,828,633,834,550,829,636,830,547,561,641,639,562,258,316,268,374,253,297,257,293,269,545,416,625,621,271,851,852,497,419,335,260,537,807,849,498,437,796,806,507,430,503,322,622,747,535,318,626,744,591,848,261,803,336,387,727,725,395,709,303,304,607,286,494,400,781,714,595,493,594,776,398,301,534,854,441,694,434,703,778,531,777,855,369,373,407,403,624,604,614,605,345,324,487,602,317,675,601,678,427,393,662,346,580,391,642,491,581,820,638,826,394,521,469,627,489,490,530,710,392,432,370,372,399,722,558,623,389,716,404,364,367,842,793,788,841,792,787,486,350,609,608,351,783,782,698,773,772,712,699,711,359,791,794,355,763,770,786,784,356,764,360,769,532,721,411,597,417,557,719,862,859,666,423,499,611,717,720,559,843,840,588,525,619,680,690,390,556,585,620,533,656,483,479,665,546,644,551,510,485,749,640,745,496,418,565,861,566,415,563,414,723,718,402,600,836,501,659,508,628,579,431,539,587,748,520,674,482,672,500,746,661,567,825,480,509,821,543,706
STAB 2 1 1 1,2,4,3,15,7,6,14,9,10,17,18,25,8,5,16,11,12,21,22,19,20,24,23,13,26,28,27,32,33,34,29,30,31,109,103,54,44,39,98,57,84,83,38,128,115,116,68,106,111,137,97,131,37,55,56,41,129,118,79,113,117,63,138,152,154,139,48,167,179,169,165,158,74,172,76,77,177,60,153,127,210,43,42,151,250,240,224,235,222,130,114,290,280,132,275,52,40,102,101,100,99,36,105,104,49,108,107,35,112,50,110,61,92,46,47,62,59,121,122,119,120,126,125,124,123,81,45,58,91,53,95,133,144,136,135,51,64,67,142,143,140,141,134,148,149,150,145,146,147,85,65,80,66,155,184,162,73,219,196,181,157,214,182,72,166,69,168,71,171,170,75,174,173,176,175,78,180,70,178,161,164,185,156,183,190,208,191,213,186,188,194,193,192,195,160,200,201,202,197,198,199,206,207,209,203,204,187,205,82,212,211,189,163,216,215,218,217,159,221,220,90,225,88,223,226,233,256,270,272,281,241,227,258,89,239,238,237,236,87,232,245,246,247,242,243,244,249,248,86,254,255,257,251,252,228,253,234,262,263,264,259,260,261,268,269,271,265,266,229,267,230,296,298,96,279,278,277,276,94,231,285,286,287,282,283,284,289,288,93,294,295,297,291,292,273,293,274,302,303,304,299,300,301,464,449,651,440,461,447,650,330,443,675,725,631,679,728,646,456,412,602,377,535,452,586,470,466,460,312,569,357,354,361,686,663,358,467,339,438,341,342,386,724,477,396,393,735,487,609,775,772,362,333,763,764,332,337,794,784,334,353,363,787,365,366,792,716,614,755,717,754,624,632,648,649,323,737,752,580,530,744,733,486,690,343,819,760,476,687,576,541,347,626,627,346,493,492,762,598,697,798,604,756,457,718,605,442,594,704,846,321,719,566,563,732,552,590,532,806,557,587,537,843,841,800,655,662,837,669,534,708,465,539,710,453,673,340,854,308,753,408,313,446,448,444,310,445,306,451,450,325,436,455,454,320,405,459,458,329,309,463,462,305,433,328,338,746,489,327,471,517,705,771,726,389,345,748,556,739,749,832,585,825,860,384,349,826,469,521,867,398,397,599,696,672,628,868,851,674,625,849,862,595,701,661,836,807,668,858,511,745,523,514,522,516,472,518,524,831,490,515,513,519,589,588,583,678,750,381,870,419,654,431,324,855,423,665,434,815,392,796,713,706,823,641,644,572,820,830,636,417,842,840,838,479,421,811,758,801,828,640,415,579,575,414,740,570,331,568,821,548,814,856,565,391,736,853,564,380,865,584,527,582,483,326,422,526,525,418,730,727,721,409,504,723,847,400,494,799,682,322,702,403,407,700,694,774,350,773,759,720,722,369,680,656,852,747,676,657,822,816,808,373,501,394,395,497,645,647,316,374,738,642,829,551,834,643,742,562,546,634,638,547,629,319,630,375,376,311,307,695,684,533,427,616,620,664,805,864,506,428,336,658,538,850,824,509,430,734,827,496,437,500,314,619,818,528,317,615,817,601,861,653,859,335,390,729,731,385,709,693,692,607,652,495,401,778,711,606,505,603,782,410,473,544,871,432,691,435,699,781,543,783,751,368,371,406,413,612,593,613,596,344,315,475,592,318,688,591,689,416,383,670,348,577,378,633,480,567,743,639,741,382,512,468,618,478,481,529,715,379,441,372,370,404,761,559,611,388,757,399,355,356,768,769,770,765,766,767,474,352,610,608,351,777,776,698,780,779,712,703,714,360,786,785,364,789,788,791,790,367,795,359,793,542,802,402,600,426,560,797,804,803,659,420,508,623,810,809,558,813,812,573,540,622,681,677,387,549,571,621,545,667,484,488,671,561,635,550,520,482,835,637,833,507,429,555,848,554,425,553,424,845,844,411,597,839,502,666,499,617,578,439,536,574,863,510,685,485,683,503,857,660,581,869,491,498,866,531,707
STAB 2 1 -1 9,2,7,6,14,3,4,5,1,16,23,19,20,15,8,10,24,21,18,25,12,13,17,11,22,56,57,41,37,43,42,54,83,84,107,100,32,79,55,102,27,34,33,60,92,130,132,124,135,104,112,126,61,29,39,26,28,59,129,38,131,158,155,167,175,170,165,125,64,150,149,67,62,133,180,168,166,174,44,220,225,148,30,31,211,248,237,134,239,189,46,128,288,277,47,279,123,99,40,103,36,98,101,111,50,136,109,35,108,51,105,137,53,45,91,95,73,58,294,285,291,282,52,68,48,97,223,114,118,115,113,116,74,224,106,49,110,69,72,254,245,251,242,88,82,71,70,210,169,179,212,176,221,171,63,454,458,117,461,457,462,459,460,465,139,77,138,76,146,154,66,178,78,177,152,65,173,75,147,172,463,433,436,455,453,449,456,464,222,306,305,299,511,302,339,405,408,582,568,442,584,570,443,569,586,313,331,320,326,145,151,85,90,329,325,452,447,310,309,153,80,213,81,144,127,226,630,232,631,353,296,256,647,648,236,89,240,87,235,238,228,141,253,376,143,257,649,250,86,249,140,307,246,142,651,241,243,375,374,430,437,632,669,673,646,663,686,319,336,316,335,362,231,467,276,96,280,94,275,278,273,120,293,695,122,297,652,290,93,289,119,311,286,121,650,281,283,338,194,694,691,192,607,709,188,186,255,445,159,217,295,444,203,730,682,229,592,528,265,187,450,731,629,688,216,205,548,527,163,446,204,361,358,332,267,266,333,274,195,653,365,366,658,384,383,475,771,476,760,779,610,774,272,337,790,785,334,354,767,766,357,230,363,795,341,342,789,808,810,612,759,613,757,262,234,247,645,526,589,815,814,676,477,724,816,664,615,349,348,618,529,577,474,677,817,726,700,603,554,505,504,596,844,553,160,799,797,200,696,599,593,451,847,765,813,538,574,560,827,654,853,838,670,758,811,575,542,823,564,263,715,536,164,871,870,185,264,684,713,448,544,197,206,330,440,312,218,308,190,412,321,215,183,184,156,208,196,162,157,214,219,181,161,191,182,583,298,832,833,572,514,513,692,347,396,735,733,831,869,571,858,468,741,740,512,344,388,865,835,863,549,702,606,410,409,804,824,616,685,839,660,657,850,697,598,822,805,683,617,481,193,860,517,471,519,518,523,516,522,478,857,524,472,515,379,737,466,728,576,573,435,671,420,751,729,708,734,732,707,380,736,655,439,753,428,637,738,470,867,634,635,856,756,762,422,866,578,425,424,590,643,742,812,837,426,768,484,202,207,199,739,327,381,552,800,750,541,421,429,540,488,201,328,198,743,209,555,378,752,801,314,679,846,495,401,798,413,701,704,406,315,689,492,845,802,397,300,352,780,775,371,755,754,809,819,868,668,687,382,502,506,385,368,761,864,818,681,667,377,233,270,259,547,830,636,829,641,561,562,639,834,550,828,633,323,268,227,258,244,292,252,284,438,806,796,498,849,386,507,625,621,545,269,343,416,503,497,852,260,537,419,803,261,848,591,744,626,318,727,387,395,725,807,340,851,271,747,535,322,622,304,705,473,303,287,594,595,714,776,493,400,398,781,494,693,441,434,855,301,531,777,703,854,778,534,623,611,600,597,370,411,372,402,486,601,346,317,678,324,675,602,665,345,423,389,392,588,644,821,825,585,640,483,619,485,482,390,520,510,391,431,525,706,722,720,842,624,843,717,487,373,840,791,786,566,784,794,414,360,359,393,608,351,772,773,711,699,783,609,350,782,712,698,769,764,356,793,367,792,763,355,788,364,770,787,427,605,723,718,565,418,407,496,672,836,533,861,716,369,614,841,415,563,530,580,690,627,394,680,491,480,661,662,628,567,581,532,638,551,642,748,746,489,546,469,659,579,587,674,399,558,404,559,604,403,721,719,500,620,862,859,509,557,543,432,417,490,749,499,745,508,666,521,501,826,479,820,656,556,710,539
STAB 2 1 1 9,1,7,4,10,3,6,5,2,8,13,11,12,15,16,14,24,22,17,25,20,23,18,19,21,41,39,56,55,79,60,26,38,44,36,40,27,43,37,35,32,34,33,42,47,48,52,53,51,49,50,45,46,28,57,54,29,62,63,83,97,74,73,77,78,75,76,95,67,66,65,64,59,58,70,69,72,71,84,90,88,80,31,30,81,87,89,85,86,82,61,68,94,96,92,93,91,108,100,109,107,98,101,106,112,136,103,102,99,135,110,137,124,126,123,125,155,133,296,273,231,281,132,128,130,131,221,113,117,116,114,115,158,222,111,104,105,168,166,256,228,232,241,225,189,174,180,127,172,177,213,178,223,173,129,320,329,118,330,321,305,309,312,308,138,167,139,165,147,152,150,176,175,179,154,149,171,170,146,169,433,463,448,405,161,181,412,440,224,445,462,298,338,274,467,455,451,583,572,156,327,328,184,466,470,450,548,454,527,144,153,134,220,458,446,162,157,444,459,151,148,212,211,145,210,362,375,251,377,363,294,254,316,323,249,237,250,248,235,238,245,140,247,307,143,255,649,240,239,236,141,376,252,142,651,242,244,630,645,684,664,233,343,340,227,438,386,629,658,647,653,226,291,339,289,277,290,288,275,278,285,119,287,311,122,295,652,280,279,276,120,695,292,121,650,282,284,511,195,705,473,193,692,693,185,164,257,306,216,163,297,310,160,324,322,262,315,314,234,200,313,317,319,318,159,202,331,326,217,325,201,342,341,333,264,263,332,302,194,335,334,337,336,349,348,344,345,347,346,351,352,350,230,366,367,364,365,357,356,355,354,272,353,359,358,361,360,373,372,368,369,371,370,229,265,253,374,380,381,392,391,395,396,393,394,437,385,384,383,382,379,378,388,387,390,389,400,401,425,410,409,413,411,424,203,403,402,187,398,397,406,408,407,399,404,428,429,426,427,419,418,417,416,415,414,421,420,423,422,266,441,439,186,432,431,188,267,430,434,436,435,196,208,461,464,460,219,465,191,456,457,214,182,443,442,206,197,452,447,215,218,449,453,190,183,582,299,521,520,568,523,516,607,476,477,487,486,490,491,488,489,481,480,479,478,475,474,483,482,485,484,494,495,505,504,508,509,506,507,499,498,497,496,493,492,501,500,503,502,468,192,469,524,522,472,515,514,513,471,512,510,517,519,518,529,530,569,602,541,540,544,545,542,543,601,534,533,532,531,526,525,537,536,539,538,550,551,586,585,562,561,565,566,563,564,581,555,554,553,552,547,546,558,557,560,559,549,205,209,198,556,584,589,590,587,588,576,575,574,573,571,204,570,199,567,207,578,577,580,579,528,535,605,606,603,604,596,595,594,593,592,591,598,597,600,599,301,610,608,609,613,614,624,623,627,628,625,626,618,617,616,615,612,611,620,619,622,621,631,632,268,258,643,644,641,642,636,635,634,633,638,637,640,639,648,270,646,259,243,286,246,283,663,662,665,660,661,686,685,668,667,671,271,669,670,683,657,656,261,655,654,659,260,666,689,690,687,688,678,677,676,675,674,673,672,269,680,679,682,681,304,694,691,303,293,704,701,703,698,697,700,696,699,702,709,715,713,706,300,707,712,714,710,711,708,809,761,802,845,757,844,810,797,733,729,760,731,727,730,725,728,796,771,823,726,815,750,830,820,826,867,828,865,818,863,835,817,833,857,814,870,736,855,720,722,840,754,841,716,735,808,842,793,788,756,787,792,811,789,795,724,780,779,772,773,778,781,783,775,774,782,777,776,770,763,767,791,790,794,764,766,786,785,769,784,827,846,721,719,856,853,847,850,851,862,734,859,717,759,755,843,758,762,737,752,744,819,816,747,869,741,849,806,868,743,866,732,834,738,829,749,745,858,742,860,803,801,800,807,765,812,813,768,798,799,723,718,805,864,836,861,824,837,751,871,838,831,748,839,746,804,848,832,822,825,740,821,852,739,854,753
STAB 2 1 -1 9,2,6,7,8,4,3,15,1,16,24,21,22,5,14,10,23,19,12,13,18,25,11,17,20,56,41,57,54,83,84,37,43,42,108,101,29,60,55,99,28,31,30,79,114,91,95,125,136,105,110,123,113,32,39,26,27,118,58,44,53,73,155,69,176,171,72,124,138,147,146,139,117,133,178,168,166,173,38,221,223,145,33,34,212,249,238,144,236,213,115,45,289,278,116,276,126,102,98,36,103,40,100,50,111,135,35,109,107,137,104,51,131,128,130,132,158,129,291,282,294,285,97,48,68,52,225,92,59,46,61,47,74,88,49,106,112,167,165,251,242,254,245,224,210,169,179,82,71,70,211,175,220,170,63,455,459,62,309,405,463,458,329,433,67,77,64,76,149,66,154,180,177,78,65,152,174,172,150,75,462,465,453,454,436,306,320,305,90,449,464,302,511,299,339,457,442,584,570,408,582,568,313,331,326,443,569,456,586,148,85,151,222,460,452,325,310,447,461,80,153,189,127,134,81,226,647,241,316,362,273,228,630,375,239,235,87,240,89,237,256,143,257,649,141,253,376,86,250,248,142,651,243,140,307,232,246,648,632,669,673,374,430,437,319,336,335,646,663,631,686,353,281,338,279,275,94,280,96,277,296,122,297,652,120,293,695,93,290,288,121,650,283,119,311,231,286,467,192,607,709,194,694,691,191,190,252,448,219,218,292,446,206,591,601,270,727,678,268,208,451,689,645,729,215,209,572,583,214,444,207,334,337,357,271,269,354,298,195,684,365,366,664,486,733,726,474,389,388,780,773,608,230,358,791,786,361,333,770,769,332,272,363,793,341,342,788,623,809,720,611,722,761,259,258,244,629,588,525,540,573,619,345,344,622,658,680,487,735,747,750,736,771,818,681,475,606,702,840,701,595,723,845,842,196,600,802,197,495,494,721,450,597,768,812,665,856,801,671,533,578,555,734,559,558,565,796,545,579,260,751,855,182,707,531,183,261,653,543,445,706,200,203,312,308,330,217,440,186,321,412,216,185,156,184,187,160,157,162,163,159,161,181,188,164,527,274,482,835,548,514,523,693,393,346,348,383,520,866,821,510,746,743,567,745,724,760,581,833,857,820,603,700,704,594,803,667,656,859,848,864,620,666,401,400,621,659,861,852,749,193,485,472,471,524,518,513,516,515,748,863,519,517,522,752,378,328,318,391,814,710,827,806,715,688,432,670,416,871,580,577,427,854,441,662,834,633,327,491,642,829,574,404,399,587,869,853,841,843,418,638,639,813,429,800,765,825,199,204,202,480,470,530,417,426,529,392,557,837,815,826,198,466,201,741,205,838,737,379,560,675,317,411,696,697,402,719,505,410,718,725,731,398,844,797,493,303,772,779,351,717,370,372,810,387,498,509,390,744,849,661,690,716,757,660,677,817,824,323,227,229,262,644,550,551,635,546,828,640,742,637,830,561,738,377,265,233,234,247,295,255,287,340,420,542,868,502,343,836,501,822,823,266,386,732,862,628,617,263,423,532,804,264,839,730,382,394,728,592,819,627,315,508,438,499,267,618,324,602,816,301,473,705,300,284,409,504,783,777,397,598,492,712,599,692,753,539,536,304,870,776,782,439,698,431,808,759,799,847,755,846,754,798,384,682,396,679,528,535,314,322,538,477,537,476,541,526,547,571,484,483,562,585,676,860,832,687,831,858,576,534,589,544,613,612,553,373,424,371,349,624,554,790,785,414,360,359,566,784,794,347,774,775,352,610,699,711,714,350,609,703,781,778,766,356,764,795,792,367,355,763,789,787,767,364,655,407,596,406,575,590,605,672,496,507,654,683,368,614,369,425,563,415,381,380,385,395,626,615,867,739,506,428,497,740,865,419,643,636,634,478,468,469,641,489,805,564,422,500,762,811,756,758,403,604,593,413,674,657,503,685,668,421,713,708,552,521,481,851,512,807,850,490,625,488,556,549,616,479,435,434
STAB 2 1 1 9,1,6,3,10,4,7,15,2,14,25,17,18,5,16,8,23,20,11,13,22,24,12,21,19,57,39,56,55,60,79,26,44,38,103,98,28,83,54,109,29,31,30,84,116,68,97,131,137,106,111,128,115,27,41,37,32,117,63,43,52,74,158,77,177,172,76,132,139,154,152,138,118,129,179,167,165,169,42,222,224,153,34,33,127,240,235,151,250,210,113,48,280,275,114,290,130,107,101,35,108,40,100,49,110,135,36,99,102,136,112,51,125,123,126,124,155,133,273,296,281,231,95,45,91,53,220,61,62,47,92,46,73,90,50,105,104,168,166,228,256,241,232,223,213,173,178,81,75,78,189,180,225,174,58,456,460,59,312,412,464,461,330,440,64,69,67,72,150,65,147,175,176,70,66,146,170,171,149,71,465,462,445,457,181,161,321,308,88,448,463,274,467,298,338,454,450,527,548,184,470,466,156,328,327,451,572,455,583,134,80,144,221,459,444,157,162,446,458,85,145,211,212,148,82,353,648,254,323,363,291,251,631,377,248,238,86,249,89,237,242,142,244,651,141,252,376,87,236,239,143,649,255,140,307,245,247,647,629,653,658,227,386,438,233,340,343,645,664,630,684,226,294,339,288,278,93,289,96,277,282,121,284,650,120,292,695,94,276,279,122,652,295,119,311,285,287,511,195,473,705,193,693,692,183,182,253,449,215,214,293,447,196,535,602,259,725,675,258,197,443,679,646,728,219,199,569,586,218,452,198,342,341,354,261,260,357,299,192,686,361,358,663,487,735,724,477,393,396,775,772,609,272,366,792,787,365,332,764,763,333,230,362,794,337,334,784,624,754,716,614,717,755,270,268,257,632,580,530,541,576,627,346,347,626,673,690,486,733,744,752,737,760,819,687,476,598,697,841,704,594,719,846,843,206,604,798,208,492,493,718,442,605,762,756,662,837,800,655,532,590,552,732,563,566,557,806,537,587,269,753,854,190,708,534,191,271,669,539,453,710,160,187,309,305,329,159,433,188,320,405,163,164,313,408,203,200,325,310,216,217,306,436,186,185,584,302,490,831,570,513,516,694,389,345,349,384,521,867,826,469,749,739,556,748,726,771,585,832,860,825,599,696,701,595,807,668,661,836,851,868,628,672,397,398,625,674,862,849,746,194,489,519,515,517,522,514,523,471,745,858,472,524,518,750,381,331,322,392,815,706,823,796,713,682,431,654,419,870,588,589,423,855,434,665,830,636,326,483,640,828,575,414,415,579,865,838,840,842,417,644,641,811,421,801,758,820,209,205,201,479,582,525,418,422,526,391,565,856,814,821,207,568,202,740,204,853,736,380,564,678,324,407,700,702,403,723,504,409,721,727,730,400,847,799,494,304,773,774,350,722,369,373,808,395,497,501,394,747,852,656,680,720,759,657,676,816,822,316,374,265,234,638,547,546,634,551,829,642,738,643,834,562,742,375,229,319,262,246,283,243,286,336,428,538,864,506,335,859,509,824,827,267,430,734,861,620,616,264,427,533,805,263,850,731,385,390,729,528,818,619,314,500,437,496,266,615,317,601,817,301,607,709,300,297,410,505,782,778,401,606,495,711,603,691,751,543,544,303,871,781,783,435,699,432,810,757,797,844,761,845,809,802,383,688,388,689,592,591,315,318,542,474,545,475,540,529,550,549,488,491,561,581,677,857,833,681,835,863,573,531,577,536,612,613,554,372,425,368,348,623,553,795,789,404,364,367,558,788,793,344,779,780,352,610,698,712,714,351,608,703,776,777,767,355,770,790,791,359,356,769,785,786,766,360,671,411,593,413,574,578,597,666,499,503,670,685,371,611,370,424,559,399,378,379,382,387,622,618,866,743,502,420,498,741,869,416,637,633,635,481,512,510,639,485,804,560,426,508,768,813,812,765,402,600,596,406,659,660,507,683,667,429,715,707,555,520,478,848,468,803,839,482,621,484,567,571,617,480,439,441
STAB 2 1 1 9,1,4,7,16,6,3,15,2,8,24,22,21,5,10,14,13,11,20,23,17,25,19,18,12,41,56,39,26,38,44,55,79,60,99,101,28,42,37,108,29,30,31,43,113,123,125,95,136,110,105,91,114,27,57,54,32,117,133,84,124,155,73,168,178,173,166,53,139,146,147,138,118,58,176,69,72,171,83,223,221,144,33,34,213,236,238,145,249,212,116,126,276,278,115,289,45,35,98,107,109,100,40,112,106,51,102,103,36,137,49,135,97,68,48,52,74,63,231,281,296,273,131,130,128,132,88,47,62,61,46,92,158,225,104,111,50,77,76,232,241,256,228,222,127,172,177,189,174,180,81,78,90,75,129,405,309,59,459,455,433,329,458,463,64,167,67,165,65,150,152,70,179,175,149,154,71,169,66,170,305,308,161,320,448,445,454,462,220,181,440,274,338,298,467,321,156,327,328,451,583,572,450,548,527,184,466,412,470,80,134,153,224,312,162,446,444,157,330,148,151,82,210,85,211,362,316,242,647,226,285,245,375,630,86,235,248,250,237,89,254,143,255,649,140,247,307,239,240,87,142,651,244,141,376,251,252,323,233,343,340,645,684,664,629,658,653,227,438,377,386,363,282,511,93,275,288,290,277,96,294,122,295,652,119,287,311,279,280,94,121,650,284,120,695,291,292,339,193,692,693,195,705,473,190,191,246,436,218,219,286,325,208,689,729,268,678,727,270,206,408,591,374,601,214,207,568,582,215,310,209,365,366,354,269,271,357,299,194,430,334,337,437,733,486,389,388,726,474,608,773,780,272,341,793,788,342,332,769,770,333,230,353,791,358,361,786,809,623,722,761,720,611,258,259,243,319,750,736,573,540,818,771,475,681,336,747,735,487,680,588,525,345,619,622,344,495,494,842,595,701,721,597,840,197,802,600,196,606,702,723,313,845,559,558,796,565,579,545,734,555,578,533,768,812,856,665,671,801,261,543,706,183,531,707,182,260,335,751,306,855,187,160,460,465,461,163,464,164,457,456,159,188,442,443,200,203,447,452,217,216,453,449,185,186,326,302,835,482,331,523,514,709,724,760,383,348,833,581,820,857,745,567,743,746,393,346,866,520,510,821,401,400,594,704,659,621,852,861,666,620,864,848,603,700,667,803,859,656,748,192,863,519,522,517,515,516,513,518,749,485,472,524,471,580,577,570,688,814,391,854,427,662,441,318,871,416,670,432,752,378,827,710,715,806,638,639,584,869,829,642,429,813,765,800,491,418,843,841,853,834,633,404,574,587,399,826,198,201,205,741,586,737,838,560,379,815,837,557,392,825,199,569,204,480,202,417,530,529,426,725,731,844,398,493,797,718,410,505,719,675,317,696,411,402,697,303,772,351,779,716,757,810,372,677,660,824,817,690,661,849,744,717,370,498,387,390,509,648,646,262,229,830,637,738,561,742,640,828,546,550,644,635,551,631,234,632,265,253,297,257,293,673,542,420,628,617,669,862,822,501,423,263,686,532,836,868,502,266,823,732,508,267,499,324,618,816,602,315,627,819,592,804,663,839,264,382,730,728,394,300,691,694,301,283,504,409,783,712,599,492,598,777,397,607,539,753,439,304,431,698,782,536,776,870,373,369,403,407,614,605,624,604,349,322,477,535,314,679,528,682,428,396,655,347,576,380,643,488,549,865,634,867,395,469,521,626,490,489,541,708,381,435,371,368,424,808,553,613,384,754,425,367,364,811,789,795,756,787,792,476,350,609,610,352,781,778,703,774,775,714,699,711,355,767,763,359,794,790,766,764,360,784,356,785,537,847,413,593,421,552,846,851,850,685,419,503,612,755,759,554,762,758,589,526,615,676,687,385,585,556,616,538,657,479,483,654,547,641,562,512,481,860,636,858,500,422,564,805,563,414,566,415,799,798,406,596,807,497,683,507,625,575,434,534,590,832,468,672,478,674,496,831,668,571,739,484,506,740,544,713
STAB 2 1 -1 9,2,4,3,14,6,7,15,1,10,25,18,17,5,8,16,13,12,19,23,21,24,20,22,11,39,57,41,37,42,43,54,84,83,109,98,29,38,26,103,28,30,31,44,115,128,131,97,137,111,106,68,116,32,56,55,27,118,129,79,132,158,74,167,179,169,165,52,138,152,154,139,117,63,177,77,76,172,60,224,222,151,34,33,210,250,235,153,240,127,114,130,290,275,113,280,48,36,101,102,99,100,40,104,105,51,107,108,35,136,50,135,95,91,45,53,73,58,285,294,282,291,125,126,123,124,90,46,59,92,47,61,155,220,112,110,49,69,72,245,254,242,251,221,212,171,176,211,170,175,82,70,88,71,133,412,312,62,460,456,440,330,461,464,67,168,64,166,66,149,146,78,178,180,150,147,75,173,65,174,308,305,306,321,449,453,457,465,225,436,433,302,339,299,511,320,313,326,331,443,586,569,442,570,584,408,568,405,582,85,148,145,223,309,310,447,452,325,329,134,144,81,213,80,189,363,323,256,648,353,231,232,377,631,87,238,239,236,237,89,241,142,243,651,140,246,307,248,249,86,143,649,257,141,376,228,253,316,319,335,336,646,686,663,632,673,669,374,437,375,430,362,296,467,94,278,279,276,277,96,281,121,283,650,119,286,311,288,289,93,122,652,297,120,695,273,293,338,194,691,694,192,709,607,182,183,247,181,214,215,287,157,197,679,728,258,675,725,259,196,184,535,227,602,218,198,466,470,219,162,199,361,358,357,260,261,354,298,193,386,342,341,438,735,487,393,396,724,477,609,772,775,230,337,794,784,334,333,763,764,332,272,226,792,366,365,787,754,624,717,755,716,614,268,270,255,233,752,737,576,541,819,760,476,687,340,744,733,486,690,580,530,346,627,626,347,492,493,843,594,704,718,605,841,208,798,604,206,598,697,719,156,846,563,566,806,557,587,537,732,552,590,532,762,756,837,662,655,800,271,539,710,191,534,708,190,269,343,753,161,854,203,200,459,462,458,216,463,185,454,455,217,186,450,451,160,187,446,444,159,163,445,448,164,188,327,274,831,490,328,516,513,705,726,771,384,349,832,585,825,860,748,556,739,749,389,345,867,521,469,826,397,398,595,701,674,625,849,862,672,628,868,851,599,696,668,807,836,661,745,195,858,472,518,524,471,523,514,522,746,489,519,517,515,588,589,548,682,815,392,855,423,665,434,322,870,419,654,431,750,381,823,706,713,796,644,641,527,865,828,640,421,811,758,801,483,417,842,840,838,830,636,414,575,579,415,821,207,202,204,740,583,736,853,564,380,814,856,565,391,820,209,572,205,479,201,418,525,526,422,727,730,847,400,494,799,721,409,504,723,678,324,700,407,403,702,304,773,350,774,720,759,808,373,676,657,822,816,680,656,852,747,722,369,497,395,394,501,647,645,234,265,834,643,742,562,738,642,829,551,547,638,634,546,630,262,629,229,252,284,244,292,658,538,428,620,616,653,861,824,509,427,264,684,533,859,864,506,267,827,734,500,266,496,317,615,817,601,314,619,818,528,805,664,850,263,385,731,729,390,300,692,693,301,295,505,410,782,711,603,495,606,778,401,473,543,751,435,303,432,699,783,544,781,871,372,370,402,411,611,597,623,600,348,318,474,591,315,689,592,688,420,388,671,344,573,379,637,484,571,869,635,866,387,510,520,622,482,485,540,707,378,439,368,371,425,810,554,612,383,809,424,359,360,813,785,790,812,786,791,475,351,608,610,352,776,777,703,779,780,714,698,712,356,766,769,367,793,795,767,770,364,788,355,789,545,844,406,596,429,555,845,848,839,683,416,507,613,761,757,553,768,765,577,529,618,677,681,382,581,567,617,542,660,480,491,670,550,639,561,468,478,857,633,863,508,426,560,804,559,404,558,399,797,802,413,593,803,498,685,503,621,574,441,531,578,833,512,666,481,659,499,835,667,549,743,488,502,741,536,715
STAB 2 1 1 9,1,3,6,16,7,4,5,2,14,23,20,19,15,10,8,25,17,22,24,11,13,21,12,18,57,56,39,26,44,38,55,60,79,102,100,27,84,54,107,32,33,34,83,61,126,124,132,135,112,104,130,92,28,41,37,29,62,133,42,125,155,158,168,180,174,166,131,67,149,150,64,59,129,175,167,165,170,43,225,220,134,30,31,189,239,237,148,248,211,47,123,279,277,46,288,128,109,40,108,35,101,98,110,49,137,99,36,103,51,106,136,52,48,68,97,74,63,281,231,273,296,53,91,45,95,224,116,117,113,115,114,73,223,105,50,111,77,76,241,232,228,256,90,81,75,78,213,173,178,127,177,222,172,58,457,461,118,458,454,465,460,459,462,138,69,139,72,152,147,65,179,70,176,146,66,169,71,154,171,464,440,181,456,445,448,455,463,221,161,308,298,467,274,338,412,184,470,466,450,527,548,451,572,583,156,328,321,327,153,144,80,88,330,157,444,446,162,312,145,85,210,82,151,212,353,631,245,630,226,282,242,648,647,250,89,249,86,238,235,251,141,252,376,142,244,651,236,87,240,140,307,247,143,649,254,255,377,227,386,438,629,653,658,645,664,684,233,340,323,343,363,285,511,290,96,289,93,278,275,291,120,292,695,121,284,650,276,94,280,119,311,287,122,652,294,295,339,193,693,692,195,473,705,186,188,243,453,217,159,283,452,187,731,688,265,528,592,229,203,442,730,632,682,163,204,570,584,216,447,205,365,366,333,266,267,332,302,192,669,361,358,673,383,384,476,760,475,771,774,610,779,230,341,795,789,342,357,766,767,354,272,362,790,337,334,785,810,808,613,757,612,759,234,262,246,646,529,577,814,815,677,474,726,817,663,618,348,349,615,526,589,477,676,816,724,696,599,553,504,505,593,847,554,200,797,799,160,700,603,596,443,844,758,811,542,575,564,823,670,838,853,654,765,813,574,538,827,560,264,713,544,185,870,871,164,263,686,715,449,536,208,196,329,433,309,214,305,182,405,320,219,191,408,313,197,206,310,325,218,215,436,306,183,190,586,299,833,832,569,513,514,691,344,388,733,735,835,865,549,863,512,740,741,468,347,396,869,831,858,571,697,598,409,410,805,822,617,683,850,657,660,839,702,606,824,804,685,616,478,194,857,524,515,472,522,516,523,518,481,860,517,519,471,380,736,568,729,573,576,439,655,428,753,728,707,732,734,708,379,737,671,435,751,420,643,742,582,866,635,634,837,812,768,426,867,590,424,425,578,637,738,756,856,422,762,488,201,198,209,743,326,378,555,801,752,540,429,421,541,484,202,331,207,739,199,552,381,750,800,315,689,845,492,397,802,406,704,701,413,314,679,495,846,798,401,300,352,775,780,368,761,809,754,818,864,667,681,385,506,502,382,371,755,868,819,687,668,375,319,259,270,550,834,633,828,639,562,561,641,830,547,829,636,316,258,374,268,257,293,253,297,437,796,806,497,852,430,503,621,625,537,260,335,419,507,498,849,269,545,416,807,271,851,535,747,622,322,725,395,387,727,803,336,848,261,744,591,318,626,303,709,607,304,286,595,594,714,781,494,398,400,776,493,694,434,441,854,301,534,778,703,855,777,531,624,614,604,605,369,407,373,403,487,602,345,324,675,317,678,601,662,346,427,393,391,580,638,826,820,581,642,491,627,489,490,394,521,469,392,432,530,710,717,716,843,623,842,722,486,372,841,792,787,558,788,793,404,364,367,389,609,350,773,772,712,698,782,608,351,783,711,699,763,770,355,794,359,791,769,356,784,360,764,786,423,597,719,721,557,417,411,499,666,859,532,862,720,370,611,840,399,559,525,588,680,619,390,690,483,479,656,665,620,556,585,533,644,546,640,745,749,485,551,510,674,587,579,659,415,566,414,563,600,402,718,723,508,628,861,836,501,565,539,431,418,482,746,496,748,500,672,520,509,821,480,825,661,567,706,543
STAB 2 1 -1 9,2,3,4,8,7,6,5,1,10,13,12,11,15,14,16,25,18,21,24,19,23,22,20,17,39,41,57,54,84,83,37,42,43,35,40,32,44,26,36,27,33,34,38,46,45,53,52,51,50,49,48,47,29,56,55,28,59,58,60,95,73,74,69,70,71,72,97,64,65,66,67,62,63,78,77,76,75,79,88,90,85,31,30,82,86,89,80,87,81,92,91,93,96,61,94,68,103,100,99,102,101,98,105,104,137,108,107,109,135,111,136,132,130,128,131,158,129,282,291,285,294,124,123,126,125,222,115,118,114,116,113,155,221,110,112,106,167,165,242,251,245,254,220,211,170,175,212,171,176,210,179,224,169,133,321,330,117,329,320,308,312,309,305,139,168,138,166,154,146,149,177,180,178,147,150,172,174,152,173,440,464,449,412,306,436,405,433,223,453,465,299,339,302,511,456,443,586,569,313,326,331,408,568,582,442,570,457,584,151,145,148,225,461,447,310,325,452,460,144,134,127,189,153,213,363,377,228,375,362,281,241,323,316,240,237,236,239,238,235,232,140,246,307,142,243,651,249,248,250,141,376,253,143,649,256,257,631,646,686,663,319,335,336,374,437,430,632,673,648,669,353,273,338,280,277,276,279,278,275,231,119,286,311,121,283,650,289,288,290,120,695,293,122,652,296,297,467,192,709,607,194,691,694,164,185,244,161,163,216,284,162,200,317,318,234,314,315,262,160,156,324,233,322,217,201,328,327,159,157,202,334,337,332,263,264,333,274,193,343,342,341,340,348,349,347,346,344,345,350,352,351,272,358,359,360,361,354,355,356,357,230,226,367,366,365,364,372,373,371,370,368,369,265,229,252,227,379,378,391,392,387,388,389,390,438,382,383,384,385,380,381,396,395,394,393,398,397,424,409,410,406,407,425,187,402,403,203,400,401,413,184,411,415,414,420,421,422,423,416,417,418,419,399,404,429,428,427,426,267,434,435,188,431,432,186,266,386,441,181,439,206,197,458,463,459,215,462,183,455,454,218,190,451,450,196,208,444,446,219,214,448,445,182,191,470,298,520,521,466,516,523,473,475,474,486,487,482,483,484,485,478,479,480,481,476,477,491,490,489,488,493,492,504,505,500,501,502,503,496,497,498,499,494,495,509,508,507,506,512,195,510,517,518,519,471,513,514,515,468,469,524,472,522,526,525,572,601,540,541,536,537,538,539,602,531,532,533,534,529,530,545,544,543,542,547,546,583,581,561,562,557,558,559,560,585,552,553,554,555,550,551,566,565,564,563,571,204,199,207,567,527,577,578,579,580,573,574,575,576,549,205,548,209,556,198,590,589,588,587,592,591,597,598,599,600,593,594,595,596,528,535,606,605,604,603,301,610,609,608,612,611,623,624,619,620,621,622,615,616,617,618,613,614,628,627,626,625,630,629,258,268,637,638,639,640,633,634,635,636,644,643,642,641,647,259,645,270,255,287,247,295,664,665,662,657,656,684,683,667,668,655,261,653,654,685,660,661,271,671,670,674,269,672,679,680,681,682,675,676,677,678,659,658,666,260,690,689,688,687,303,693,692,304,292,701,704,703,699,702,696,700,698,697,705,713,715,710,300,708,711,714,706,712,707,754,755,798,846,759,847,808,799,735,728,771,730,725,731,727,729,806,760,827,724,814,752,834,825,821,866,829,869,819,858,831,816,832,860,815,871,737,854,716,717,841,809,840,720,733,810,843,794,784,812,786,791,813,785,790,726,775,774,773,772,777,776,782,780,779,783,778,781,764,769,766,792,795,793,770,767,787,789,763,788,823,845,718,723,837,838,844,839,848,861,732,836,722,757,761,842,765,768,736,750,747,818,817,744,865,740,852,796,864,739,867,734,830,742,828,746,748,863,738,857,807,800,801,803,758,756,811,762,802,797,719,721,804,868,859,862,822,856,753,870,853,835,745,850,749,805,851,833,824,820,741,826,849,743,855,751
BOUND 2 1 1 1,2,3,4,5,6,7,8,9,10,11,12,13,14,15,16,17,18,19,20,21,22,23,24,25,26,27,28,29,30,31,32,33,34,35,36,37,38,39,40,41,42,43,44,45,46,47,48,49,50,51,52,53,54,55,56,57,58,59,60,61,62,63,64,65,66,67,68,69,70,71,72,73,74,75,76,77,78,79,80,81,82,83,84,85,86,87,88,89,90,91,92,93,94,95,96,97,98,99,100,101,102,103,104,105,106,107,108,109,110,111,112,113,114,115,116,117,118,119,120,121,122,123,124,125,126,127,128,129,130,131,132,133,134,135,136,137,138,139,140,141,142,143,144,145,146,147,148,149,150,151,152,153,154,155,156,157,158,159,160,161,162,163,164,165,166,167,168,169,170,171,172,173,174,175,176,177,178,179,180,181,182,183,184,185,186,187,188,189,190,191,192,193,194,195,196,197,198,199,200,201,202,203,204,205,206,207,208,209,210,211,212,213,214,215,216,217,218,219,220,221,222,223,224,225,226,227,228,229,230,231,232,233,234,235,236,237,238,239,240,241,242,243,244,245,246,247,248,249,250,251,252,253,254,255,256,257,258,259,260,261,262,263,264,265,266,267,268,269,270,271,272,273,274,275,276,277,278,279,280,281,282,283,284,285,286,287,288,289,290,291,292,293,294,295,296,297,298,299,300,301,302,303,304,305,306,307,308,309,310,311,312,313,314,315,316,317,318,319,320,321,322,323,324,325,326,327,328,329,330,331,332,333,334,335,336,337,338,339,340,341,342,343,344,345,346,347,348,349,350,351,352,353,354,355,356,357,358,359,360,361,362,363,364,365,366,367,368,369,370,371,372,373,374,375,376,377,378,379,380,381,382,383,384,385,386,387,388,389,390,391,392,393,394,395,396,397,398,399,400,401,402,403,404,405,406,407,408,409,410,411,412,413,414,415,416,417,418,419,420,421,422,423,424,425,426,427,428,429,430,431,432,433,434,435,436,437,438,439,440,441,442,443,444,445,446,447,448,449,450,451,452,453,454,455,456,457,458,459,460,461,462,463,464,465,466,467,468,469,470,471,472,473,474,475,476,477,478,479,480,481,482,483,484,485,486,487,488,489,490,491,492,493,494,495,496,497,498,499,500,501,502,503,504,505,506,507,508,509,510,511,512,513,514,515,516,517,518,519,520,521,522,523,524,525,526,527,528,529,530,531,532,533,534,535,536,537,538,539,540,541,542,543,544,545,546,547,548,549,550,551,552,553,554,555,556,557,558,559,560,561,562,563,564,565,566,567,568,569,570,571,572,573,574,575,576,577,578,579,580,581,582,583,584,585,586,587,588,589,590,591,592,593,594,595,596,597,598,599,600,601,602,603,604,605,606,607,608,609,610,611,612,613,614,615,616,617,618,619,620,621,622,623,624,625,626,627,628,629,630,631,632,633,634,635,636,637,638,639,640,641,642,643,644,645,646,647,648,649,650,651,652,653,654,655,656,657,658,659,660,661,662,663,664,665,666,667,668,669,670,671,672,673,674,675,676,677,678,679,680,681,682,683,684,685,686,687,688,689,690,691,692,693,694,695,696,697,698,699,700,701,702,703,704,705,706,707,708,709,710,711,712,713,714,715,716,717,718,719,720,721,722,723,724,725,726,727,728,729,730,731,732,733,734,735,736,737,738,739,740,741,742,743,744,745,746,747,748,749,750,751,752,753,754,755,756,757,758,759,760,761,762,763,764,765,766,767,768,769,770,771,772,773,774,775,776,777,778,779,780,781,782,783,784,785,786,787,788,789,790,791,792,793,794,795,796,797,798,799,800,801,802,803,804,805,806,807,808,809,810,811,812,813,814,815,816,817,818,819,820,821,822,823,824,825,826,827,828,829,830,831,832,833,834,835,836,837,838,839,840,841,842,843,844,845,846,847,848,849,850,851,852,853,854,855,856,857,858,859,860,861,862,863,864,865,866,867,868,869,870,871
BOUND 2 1 -1 2,1,7,4,5,6,3,10,9,8,12,11,13,16,15,14,21,22,20,19,17,18,23,25,24,37,32,29,28,30,31,27,34,33,36,35,26,42,41,40,39,38,44,43,48,47,46,45,50,49,51,53,52,55,54,57,56,63,62,83,92,59,58,67,66,65,64,91,77,78,75,76,74,73,71,72,69,70,84,85,82,81,60,79,80,87,86,90,89,88,68,61,94,93,97,96,95,101,109,100,98,107,108,112,106,105,102,103,99,111,110,104,115,116,113,114,118,117,119,120,122,121,128,132,131,130,212,123,133,126,125,124,129,148,135,137,136,139,138,140,141,143,142,151,153,152,154,134,150,149,144,146,145,147,158,313,325,155,217,200,306,310,216,185,166,165,168,167,173,174,172,171,169,170,180,177,176,179,178,175,436,190,191,408,164,188,203,186,211,182,183,195,194,193,192,206,208,207,209,160,202,201,187,205,204,196,198,197,199,213,189,127,210,218,219,163,159,214,215,225,222,221,224,223,220,353,374,251,265,272,285,245,319,262,238,250,237,235,248,249,254,256,255,257,232,247,246,239,240,236,228,253,252,241,243,242,244,268,270,269,271,234,264,263,229,267,266,258,260,259,261,230,291,302,278,290,277,275,288,289,294,296,295,297,231,287,286,279,280,276,273,293,292,281,283,282,284,299,298,300,301,274,304,303,308,161,307,305,312,162,311,309,156,315,314,323,324,322,233,321,320,318,316,317,157,327,326,331,330,329,328,333,332,342,343,340,341,339,338,336,337,334,335,347,346,345,344,349,348,351,350,352,226,357,356,355,354,366,367,364,365,363,362,360,361,358,359,371,370,369,368,373,372,227,377,376,375,381,380,379,378,385,384,383,382,430,395,396,393,394,392,391,389,390,387,388,401,400,415,398,397,403,402,414,412,413,411,184,410,409,407,405,406,404,399,419,418,417,416,428,429,426,427,425,424,422,423,420,421,386,432,431,440,441,439,181,438,437,435,433,434,450,451,452,453,447,446,449,448,442,443,444,445,457,456,455,454,461,460,459,458,465,464,463,462,568,511,512,510,582,515,519,607,477,476,475,474,481,480,479,478,490,491,488,489,487,486,484,485,482,483,495,494,493,492,499,498,497,496,508,509,506,507,505,504,502,503,500,501,469,467,468,514,513,471,523,524,522,472,521,520,518,516,517,530,529,584,592,526,525,534,533,532,531,591,544,545,542,543,541,540,538,539,536,537,551,550,570,571,547,546,555,554,553,552,567,565,566,563,564,562,561,559,560,557,558,556,466,572,548,549,569,576,575,574,573,589,590,587,588,585,470,586,527,581,583,579,580,577,578,535,528,596,595,594,593,605,606,603,604,602,601,599,600,597,598,473,609,608,610,614,613,612,611,618,617,616,615,627,628,625,626,624,623,621,622,619,620,632,631,630,629,636,635,634,633,643,644,641,642,639,640,637,638,646,645,648,647,651,652,649,650,669,670,671,661,660,673,674,657,656,665,664,663,662,672,668,667,653,654,655,666,658,659,678,677,676,675,689,690,687,688,685,686,683,684,681,682,679,680,692,691,694,693,695,700,702,699,698,696,704,697,703,701,709,710,708,707,705,706,712,711,715,714,713,720,722,721,723,716,718,717,719,726,727,724,725,729,728,731,730,734,735,732,733,737,736,742,743,741,740,738,739,747,748,749,744,745,746,752,753,750,751,809,761,812,759,765,757,771,755,768,769,770,758,767,766,762,763,764,760,773,772,779,780,781,778,777,774,775,776,783,782,788,789,787,786,784,785,795,792,791,794,793,790,806,799,802,797,801,800,798,807,805,804,796,803,810,754,808,813,756,811,815,814,817,816,819,818,825,826,824,827,822,820,821,823,829,828,834,835,833,832,830,831,859,856,853,850,841,840,843,842,847,846,845,844,851,852,839,848,849,838,855,854,837,860,863,836,857,862,861,858,868,869,867,866,864,865,871,870
BOUND 2 1 -1 9,2,3,4,8,7,6,5,1,10,13,12,11,15,14,16,25,18,21,24,19,23,22,20,17,39,41,57,54,84,83,37,42,43,35,40,32,44,26,36,27,33,34,38,46,45,53,52,51,50,49,48,47,29,56,55,28,59,58,60,95,73,74,69,70,71,72,97,64,65,66,67,62,63,78,77,76,75,79,88,90,85,31,30,82,86,89,80,87,81,92,91,93,96,61,94,68,103,100,99,102,101,98,105,104,137,108,107,109,135,111,136,132,130,128,131,158,129,282,291,285,294,124,123,126,125,222,115,118,114,116,113,155,221,110,112,106,167,165,242,251,245,254,220,211,170,175,212,171,176,210,179,224,169,133,321,330,117,329,320,308,312,309,305,139,168,138,166,154,146,149,177,180,178,147,150,172,174,152,173,440,464,449,412,306,436,405,433,223,453,465,299,339,302,511,456,443,586,569,313,326,331,408,568,582,442,570,457,584,151,145,148,225,461,447,310,325,452,460,144,134,127,189,153,213,363,377,228,375,362,281,241,323,316,240,237,236,239,238,235,232,140,246,307,142,243,651,249,248,250,141,376,253,143,649,256,257,631,646,686,663,319,335,336,374,437,430,632,673,648,669,353,273,338,280,277,276,279,278,275,231,119,286,311,121,283,650,289,288,290,120,695,293,122,652,296,297,467,192,709,607,194,691,694,164,185,244,161,163,216,284,162,200,317,318,234,314,315,262,160,156,324,233,322,217,201,328,327,159,157,202,334,337,332,263,264,333,274,193,343,342,341,340,348,349,347,346,344,345,350,352,351,272,358,359,360,361,354,355,356,357,230,226,367,366,365,364,372,373,371,370,368,369,265,229,252,227,379,378,391,392,387,388,389,390,438,382,383,384,385,380,381,396,395,394,393,398,397,424,409,410,406,407,425,187,402,403,203,400,401,413,184,411,415,414,420,421,422,423,416,417,418,419,399,404,429,428,427,426,267,434,435,188,431,432,186,266,386,441,181,439,206,197,458,463,459,215,462,183,455,454,218,190,451,450,196,208,444,446,219,214,448,445,182,191,470,298,520,521,466,516,523,473,475,474,486,487,482,483,484,485,478,479,480,481,476,477,491,490,489,488,493,492,504,505,500,501,502,503,496,497,498,499,494,495,509,508,507,506,512,195,510,517,518,519,471,513,514,515,468,469,524,472,522,526,525,572,601,540,541,536,537,538,539,602,531,532,533,534,529,530,545,544,543,542,547,546,583,581,561,562,557,558,559,560,585,552,553,554,555,550,551,566,565,564,563,571,204,199,207,567,527,577,578,579,580,573,574,575,576,549,205,548,209,556,198,590,589,588,587,592,591,597,598,599,600,593,594,595,596,528,535,606,605,604,603,301,610,609,608,612,611,623,624,619,620,621,622,615,616,617,618,613,614,628,627,626,625,630,629,258,268,637,638,639,640,633,634,635,636,644,643,642,641,647,259,645,270,255,287,247,295,664,665,662,657,656,684,683,667,668,655,261,653,654,685,660,661,271,671,670,674,269,672,679,680,681,682,675,676,677,678,659,658,666,260,690,689,688,687,303,693,692,304,292,701,704,703,699,702,696,700,698,697,705,713,715,710,300,708,711,714,706,712,707,754,755,798,846,759,847,808,799,735,728,771,730,725,731,727,729,806,760,827,724,814,752,834,825,821,866,829,869,819,858,831,816,832,860,815,871,737,854,716,717,841,809,840,720,733,810,843,794,784,812,786,791,813,785,790,726,775,774,773,772,777,776,782,780,779,783,778,781,764,769,766,792,795,793,770,767,787,789,763,788,823,845,718,723,837,838,844,839,848,861,732,836,722,757,761,842,765,768,736,750,747,818,817,744,865,740,852,796,864,739,867,734,830,742,828,746,748,863,738,857,807,800,801,803,758,756,811,762,802,797,719,721,804,868,859,862,822,856,753,870,853,835,745,850,749,805,851,833,824,820,741,826,849,743,855,751
CELL 2 2 12
STAB 2 2 1 3,4,6,9,2,1,7,17,10,11,5,15,26,25,16,13,20,23,14,8,22,24,39,44,38,27,12,60,79,56,55,18,21,19,31,34,28,36,48,63,68,103,106,49,116,29,32,47,33,30,76,81,127,57,41,52,97,113,109,40,37,35,61,50,114,92,111,62,181,154,184,153,157,162,156,80,161,66,51,46,64,138,98,137,115,141,143,227,226,233,117,54,120,122,177,193,78,231,136,74,281,43,112,84,99,102,83,110,135,101,100,42,125,123,124,126,273,296,155,133,108,107,73,90,75,53,134,158,132,131,172,222,95,45,77,241,232,228,256,168,166,105,104,173,178,223,213,128,91,130,174,225,180,189,312,159,160,330,58,65,163,164,59,67,224,88,440,308,466,412,470,327,328,321,169,298,274,338,467,71,187,445,462,188,139,165,70,72,69,448,463,170,149,146,171,527,548,454,450,152,147,150,179,176,175,583,455,572,451,220,167,144,221,444,459,118,129,446,458,377,386,343,340,438,323,229,230,89,82,86,94,87,234,85,249,649,363,248,254,255,244,651,242,142,240,236,239,251,252,376,235,238,237,247,245,307,140,653,658,647,629,151,145,148,210,212,211,684,630,664,645,250,96,93,692,652,339,693,294,295,284,650,282,121,280,276,279,291,292,695,275,278,277,287,285,311,119,473,705,511,195,290,289,288,614,214,365,369,477,182,341,345,219,218,217,655,261,634,258,626,394,642,427,264,196,199,202,381,535,324,530,297,293,754,725,756,724,401,697,404,344,372,315,216,332,357,215,374,632,301,304,471,270,257,271,267,253,735,719,734,716,648,375,670,368,348,413,185,354,333,183,696,495,272,346,366,396,269,198,201,266,200,268,265,197,380,479,486,729,732,636,551,688,416,556,384,762,192,263,194,399,764,356,400,489,190,507,191,837,429,836,469,186,598,260,262,492,398,259,850,746,847,744,506,661,597,382,666,468,580,753,441,604,209,564,208,792,367,579,403,205,460,465,305,309,320,456,405,457,329,433,464,461,395,521,490,627,322,349,487,602,373,407,605,624,432,410,203,418,472,204,350,352,389,447,310,476,408,727,592,442,829,852,687,672,823,545,390,496,635,617,599,717,371,494,406,414,566,718,790,747,799,748,426,800,600,478,791,618,590,704,206,544,706,207,713,711,568,609,526,588,570,543,699,678,586,331,325,326,528,515,726,475,522,529,565,547,859,814,858,510,685,573,575,644,820,752,392,385,379,549,434,668,509,539,550,804,720,788,721,665,538,789,593,803,612,830,708,710,541,690,435,512,831,520,745,437,431,766,870,768,517,523,569,765,513,769,531,673,534,750,452,436,751,715,453,497,504,424,417,867,491,843,552,628,595,772,783,714,516,722,449,306,613,313,723,596,443,868,739,869,738,840,554,866,633,498,480,316,393,347,631,314,654,533,675,737,749,679,680,317,615,378,481,362,353,428,662,283,246,286,243,318,319,641,805,563,425,419,415,659,355,787,364,763,660,741,743,728,646,546,864,841,532,383,483,585,733,815,835,637,638,482,391,832,576,834,643,540,833,775,351,698,778,342,302,370,303,300,299,871,755,514,707,703,700,524,519,782,606,610,773,582,518,584,797,844,810,757,802,809,845,761,731,760,689,388,826,488,663,336,474,542,771,796,601,682,865,828,591,730,581,561,857,677,817,863,818,681,855,736,536,577,758,808,759,358,335,337,334,623,795,553,811,686,430,669,793,842,558,361,777,776,694,781,709,608,774,607,712,691,780,779,503,827,499,851,862,671,846,853,578,574,856,411,359,360,421,784,786,785,557,537,770,767,794,423,701,559,505,409,611,594,562,640,806,420,502,849,657,616,622,387,816,620,656,819,619,676,860,742,525,589,485,639,838,839,397,402,821,571,567,740,508,625,501,807,824,861,798,667,683,493,702,603,848,422,674,555,587,801,560,500,484,621,812,813,825,822,439,854
STAB 2 2 1 3,11,6,5,10,1,7,17,2,4,9,26,15,34,27,12,20,47,36,8,49,33,32,21,19,16,13,61,80,64,62,48,44,38,68,25,63,14,18,28,31,103,106,22,127,76,39,23,24,81,29,30,116,66,35,50,92,156,161,37,40,41,60,52,157,97,162,55,154,181,153,184,114,111,113,79,109,57,46,51,56,226,122,143,233,227,137,141,138,115,193,78,177,98,120,117,54,107,142,67,108,43,112,87,244,102,94,284,163,121,164,42,159,160,234,134,149,344,332,274,281,231,65,85,58,45,126,264,315,202,150,217,93,53,59,105,104,229,368,354,230,241,232,266,399,400,380,324,96,327,416,382,188,187,297,125,123,148,75,73,135,100,77,74,413,86,267,257,205,398,301,130,212,262,441,471,133,263,468,72,189,476,494,180,365,367,69,71,70,496,478,418,273,404,350,528,549,550,529,427,386,172,429,352,432,573,531,593,552,384,356,381,201,613,631,341,343,633,615,265,147,129,194,186,200,228,166,82,89,88,83,84,124,90,248,650,357,249,254,255,99,652,276,136,240,282,239,252,251,374,238,235,346,247,245,185,369,654,659,660,641,394,401,330,396,328,403,675,643,646,662,348,91,95,288,651,333,289,294,295,110,649,236,101,280,242,279,351,698,696,304,303,370,287,285,216,345,204,706,524,472,372,693,692,214,614,139,140,182,477,118,119,642,626,222,261,655,258,634,218,151,219,152,158,530,535,131,144,199,128,196,312,697,725,754,724,756,145,293,146,296,290,132,311,155,363,632,376,215,470,275,298,670,308,648,440,375,719,735,716,734,271,253,270,256,250,224,307,168,339,495,695,183,366,237,272,210,688,556,221,173,323,636,377,551,213,486,479,732,729,268,197,269,174,198,220,836,469,338,340,178,837,167,223,190,489,191,507,764,179,762,192,438,597,666,321,506,412,661,746,850,744,847,492,259,598,225,260,467,579,792,169,209,604,208,564,753,165,580,211,466,644,509,306,310,314,533,406,566,326,434,480,617,379,515,475,612,313,347,481,596,371,408,592,618,175,203,410,170,195,473,171,176,390,635,309,445,407,823,605,545,852,829,672,687,727,442,389,448,447,461,600,791,373,462,405,426,457,800,747,790,748,799,414,718,599,463,717,624,570,699,543,526,705,588,711,713,609,568,544,207,590,206,704,685,575,325,331,329,527,521,858,490,510,450,547,565,814,859,726,522,678,583,586,460,789,803,385,392,395,548,433,665,465,538,454,720,804,721,788,668,539,820,572,752,627,769,714,715,534,673,436,523,768,513,765,431,437,870,766,831,516,512,595,745,520,830,455,690,541,843,628,435,867,710,491,504,497,417,424,751,453,750,451,452,569,783,772,708,517,866,498,305,444,322,840,602,554,739,868,738,869,723,443,722,446,449,464,317,378,349,459,320,653,456,684,749,737,680,679,316,458,393,487,355,364,415,645,246,283,243,286,319,318,629,728,546,419,425,428,658,362,741,353,743,647,787,763,805,664,563,834,833,540,391,482,576,832,835,815,638,637,483,383,733,585,864,630,532,841,775,291,292,778,302,342,277,278,707,514,755,871,299,300,700,703,511,518,773,584,582,782,610,519,606,771,853,786,796,770,862,812,821,759,758,674,387,767,474,667,337,488,525,797,757,594,681,822,825,603,851,574,553,807,686,798,846,784,682,740,813,537,578,760,854,731,359,334,336,335,616,838,561,839,677,439,656,742,860,557,360,779,780,694,781,712,607,774,608,709,691,776,777,502,861,505,730,809,657,863,844,577,581,816,397,358,361,420,818,810,849,558,536,802,826,824,422,702,560,499,402,625,601,555,639,848,421,503,785,671,623,621,388,856,619,669,801,620,683,842,793,542,571,484,640,795,811,411,409,761,589,587,855,493,611,500,857,794,827,817,663,676,508,701,591,806,423,689,562,567,819,559,501,485,622,845,736,828,865,430,808
STAB 2 2 -1 3,10,1,9,11,6,7,17,4,2,5,26,15,25,13,16,8,39,38,20,44,24,23,22,14,12,27,41,52,51,40,48,49,36,63,34,68,19,18,31,28,106,103,21,127,81,47,32,33,76,30,29,116,97,60,79,57,157,162,55,62,61,35,80,156,66,161,37,153,184,154,181,113,109,114,50,111,92,56,64,46,227,98,137,233,226,143,138,141,115,177,78,193,122,117,120,54,83,136,135,110,112,43,232,241,42,231,281,74,101,77,102,73,75,90,53,95,312,311,96,284,94,125,124,123,126,45,222,330,172,131,158,273,134,100,99,84,88,308,307,89,244,87,221,340,338,328,343,274,327,323,321,69,71,296,65,58,132,160,159,67,59,164,163,440,228,224,256,169,467,298,130,213,225,466,470,91,223,412,189,72,309,373,70,369,403,188,187,180,407,405,410,93,401,473,329,395,392,331,394,381,202,469,472,432,521,523,433,435,377,438,386,173,305,349,345,324,322,320,220,144,128,178,167,174,86,82,166,230,229,107,104,85,234,251,649,376,252,255,254,105,651,286,142,247,283,245,249,248,363,235,238,366,240,239,168,365,316,428,425,318,427,404,315,396,380,367,393,391,362,364,375,133,149,291,652,695,292,295,294,108,650,246,121,287,243,285,692,693,339,275,278,342,280,279,155,341,171,704,703,352,697,698,351,214,614,140,139,182,477,119,118,626,642,264,258,634,261,655,219,152,218,151,217,535,530,150,147,196,129,199,344,372,724,756,725,754,146,290,145,297,293,148,332,216,374,632,357,215,471,304,301,648,368,670,413,348,716,734,719,735,270,250,271,257,253,267,354,185,696,495,333,183,346,272,237,210,636,551,266,201,416,688,384,556,212,732,729,486,479,269,198,268,200,197,265,837,429,400,399,194,836,186,263,191,507,190,489,762,192,764,179,356,506,661,382,597,468,666,744,847,746,850,598,260,492,262,259,398,792,579,205,208,564,209,604,580,211,753,165,441,490,627,444,445,458,487,463,624,527,572,602,605,548,583,460,465,446,459,456,464,462,448,461,457,175,170,418,203,176,350,204,195,823,545,476,310,496,390,617,635,672,687,852,829,389,447,727,408,442,592,426,800,494,371,478,600,618,791,748,799,747,790,599,717,414,406,718,566,526,705,588,570,699,543,609,568,711,713,590,206,544,207,706,858,510,450,529,528,326,573,685,644,575,325,814,859,547,565,678,586,726,515,522,475,665,538,454,550,549,379,593,789,612,803,385,721,788,720,804,820,752,668,434,539,509,768,517,569,513,765,451,531,769,534,673,870,766,431,437,830,708,455,710,690,541,831,512,745,520,867,491,552,843,595,628,417,424,504,497,750,452,751,436,453,715,772,783,516,714,840,554,613,306,633,866,480,498,738,869,739,868,722,449,723,313,443,596,653,684,631,347,615,317,481,378,680,679,749,737,654,314,675,533,664,662,658,353,236,282,242,276,629,641,319,741,743,647,660,659,415,646,728,645,546,419,805,563,787,355,763,482,576,832,643,834,833,540,638,637,835,815,864,630,532,841,483,383,733,585,778,288,289,775,277,370,302,303,514,707,755,871,300,299,511,524,700,582,782,584,518,773,519,610,606,358,505,508,360,559,557,623,625,334,336,542,488,663,388,826,760,387,689,359,361,855,640,619,621,813,656,860,657,420,589,422,502,500,639,601,603,562,439,337,701,335,797,759,758,731,845,409,671,411,571,578,851,567,574,862,796,607,712,781,694,780,779,691,777,776,774,709,608,846,856,853,669,558,553,503,499,430,842,827,811,771,757,807,501,493,848,809,555,560,667,819,798,808,802,844,795,821,740,536,682,849,857,863,806,561,812,825,474,861,822,730,794,865,485,581,587,674,677,676,681,402,397,839,838,611,686,793,594,810,761,784,421,801,816,423,767,484,786,854,736,785,817,525,537,742,824,770,818,683,828,616,591,622,620,577,702
STAB 2 2 -1 3,2,1,5,4,6,7,17,11,10,9,15,26,34,12,27,8,32,19,20,21,33,47,49,36,13,16,35,50,46,37,18,22,14,28,25,31,38,48,68,63,106,103,44,116,30,23,39,24,29,81,76,127,92,61,80,66,114,111,62,55,60,41,79,113,57,109,40,184,153,181,154,156,161,157,52,162,97,64,56,51,141,122,143,115,138,137,226,227,233,120,54,117,98,193,177,78,94,142,163,284,112,43,104,105,42,107,108,67,121,59,102,65,58,85,45,93,297,216,91,110,83,159,234,160,134,53,217,148,150,202,264,149,126,164,244,87,86,257,185,82,99,84,201,194,263,212,129,133,130,200,262,70,72,344,73,75,315,123,125,74,77,100,135,267,229,413,368,441,468,471,327,380,382,205,301,96,400,398,187,71,310,371,69,140,211,180,189,188,408,406,203,95,145,204,326,379,385,325,151,144,131,192,195,175,515,512,434,436,265,186,147,266,306,347,119,128,313,314,384,381,324,399,356,416,88,89,230,166,228,231,232,90,124,252,650,374,251,255,254,241,652,243,136,247,246,245,248,249,357,238,235,272,240,239,354,139,317,415,419,319,152,146,132,210,213,165,378,383,355,353,253,274,273,351,651,696,698,295,294,281,649,283,101,287,286,285,288,289,333,304,303,302,280,279,332,118,350,699,700,176,293,292,291,614,214,369,365,477,182,345,341,218,219,158,634,258,655,261,642,427,626,394,222,199,196,172,386,530,343,535,296,290,756,724,754,725,404,372,401,312,697,330,155,311,376,215,363,632,298,275,470,271,256,270,224,250,734,716,735,719,670,348,648,308,375,440,168,307,695,183,339,495,237,366,346,396,268,197,173,221,174,269,220,198,328,729,732,479,486,688,556,636,323,551,377,764,179,223,178,340,762,438,338,507,191,489,190,836,469,837,429,167,492,259,225,598,467,260,847,744,850,746,597,666,506,321,661,412,753,580,466,564,208,604,209,579,403,792,367,169,475,612,613,476,615,481,478,618,528,593,596,592,549,573,644,509,633,631,533,480,494,496,617,566,432,418,170,410,352,171,473,472,727,442,445,309,448,389,461,447,687,672,829,852,390,635,823,407,545,605,414,718,462,373,463,599,624,717,799,748,790,747,600,791,426,405,800,457,544,706,207,590,704,206,568,609,713,711,570,543,526,588,705,726,522,529,450,527,329,583,678,460,586,331,859,814,565,547,685,575,858,521,510,490,668,539,550,454,548,395,572,820,627,752,392,788,721,804,720,789,803,665,433,538,465,831,516,595,520,745,552,455,830,541,690,766,870,437,431,769,714,531,715,673,534,768,523,765,513,751,453,451,750,569,452,424,417,497,504,843,628,867,435,491,710,783,772,517,708,723,443,444,305,446,722,464,449,869,738,868,739,866,498,840,322,554,602,654,675,459,349,458,316,487,393,679,680,737,749,653,320,684,456,646,645,659,364,282,236,276,242,641,629,318,787,763,660,647,658,428,664,805,662,563,425,728,546,741,362,743,483,585,733,630,864,841,532,637,638,815,835,834,643,540,833,482,391,832,576,778,692,693,775,370,277,342,278,299,300,871,755,707,514,524,511,703,610,773,606,519,782,518,582,584,359,499,493,361,560,558,616,611,335,337,525,474,667,387,767,758,388,674,358,360,740,639,620,622,736,669,842,671,421,571,423,503,501,640,594,591,555,430,336,702,334,771,731,760,759,812,402,657,397,589,577,730,587,581,809,757,608,709,781,694,776,777,691,779,780,774,712,607,863,816,844,656,557,561,502,505,439,860,861,839,797,796,857,500,508,806,862,562,559,663,801,817,854,770,853,838,761,855,537,681,785,807,846,848,553,845,828,488,827,865,851,824,822,484,574,567,689,686,683,682,409,411,811,795,625,677,742,601,786,821,818,420,819,856,422,826,485,810,808,813,849,798,542,536,793,794,802,784,676,825,623,603,621,619,578,701
STAB 2 2 -1 1,5,6,11,2,3,7,8,10,9,4,12,13,36,27,26,20,47,34,17,33,49,48,44,38,16,15,62,64,80,61,32,21,19,37,14,35,25,39,41,40,43,42,24,45,50,18,23,22,46,52,51,53,66,63,76,78,65,67,68,31,28,55,29,58,54,59,60,71,72,69,70,75,77,73,56,74,57,81,30,79,86,94,87,85,82,84,89,88,90,93,92,91,83,96,95,97,231,244,161,281,103,102,143,142,112,122,121,164,284,163,106,160,159,234,134,274,332,344,149,108,107,156,233,157,127,126,315,264,202,327,324,193,116,162,241,232,230,354,368,229,105,104,380,400,399,266,217,120,150,382,416,187,188,341,123,125,343,114,113,100,135,111,109,356,226,367,365,432,429,352,172,386,427,441,350,273,404,418,181,180,476,494,189,257,267,153,154,184,478,496,468,133,263,471,529,550,549,528,262,212,130,398,301,205,531,573,552,593,384,413,201,381,613,631,297,148,615,633,396,328,330,401,403,394,166,228,227,141,138,98,137,124,115,249,282,348,248,240,239,136,276,652,99,254,650,255,238,235,346,252,251,374,245,247,369,185,641,660,659,654,200,194,129,265,147,186,643,675,662,646,357,177,117,692,242,372,693,280,279,101,236,649,110,294,651,295,304,303,370,351,698,696,285,287,345,216,472,524,706,204,333,289,288,305,306,308,307,309,310,312,311,314,313,128,318,319,316,317,322,323,320,321,132,326,325,131,221,331,222,329,118,302,336,337,334,335,340,342,338,155,339,158,119,296,250,347,237,349,176,291,171,355,139,353,165,272,360,361,358,359,364,366,362,168,363,167,140,256,290,371,277,373,253,376,375,377,383,385,144,213,151,378,210,379,173,389,390,387,388,393,395,391,225,392,220,402,203,146,145,223,397,224,178,407,408,405,406,411,412,409,410,211,417,419,152,414,179,415,422,423,420,421,426,428,424,174,425,170,431,430,169,435,436,433,434,439,440,437,438,175,533,566,614,477,642,644,507,509,530,564,617,480,551,543,545,554,626,632,635,628,495,489,491,498,466,469,192,467,473,195,298,470,479,481,182,445,190,474,453,475,484,485,482,483,488,490,486,463,487,464,497,499,183,462,191,492,465,493,502,503,500,501,506,508,504,448,505,449,513,514,515,510,511,512,518,519,516,517,522,523,520,521,299,532,534,535,199,196,450,206,525,442,526,527,538,539,536,537,542,544,540,455,541,456,553,555,556,198,197,454,208,546,457,547,548,559,560,557,558,563,565,561,451,562,443,574,610,606,575,576,604,207,567,570,571,579,580,577,578,587,609,588,595,589,590,581,583,585,586,594,596,209,591,584,592,599,600,597,598,603,605,601,572,602,569,608,607,582,568,616,618,214,444,218,611,452,612,621,622,619,620,625,627,623,458,624,461,634,636,215,459,219,629,460,630,639,640,637,638,258,446,268,447,670,271,661,664,283,246,286,243,655,261,653,663,665,666,260,259,647,270,656,648,657,658,669,671,667,645,668,676,677,678,269,672,673,674,681,682,679,680,687,688,689,690,683,684,685,686,694,275,278,691,697,293,695,292,700,699,701,702,704,703,707,300,705,711,712,710,708,709,714,713,715,796,786,853,771,862,770,821,812,758,759,832,732,851,823,805,754,727,858,757,797,843,835,825,822,751,767,769,789,798,841,807,784,846,815,813,740,859,766,731,854,760,734,724,725,756,866,839,820,838,833,753,741,860,742,721,719,777,776,775,774,773,772,781,783,782,778,780,779,747,824,717,826,802,743,818,810,870,830,849,837,716,735,744,863,844,816,788,814,809,730,861,746,871,804,791,836,723,750,803,749,801,847,790,856,763,722,739,729,785,738,787,848,869,864,793,842,726,765,852,737,811,795,764,762,845,745,831,736,800,840,748,817,827,794,857,728,834,718,755,867,819,850,733,752,768,806,720,799,829,868,761,855,865,828,792,808
STAB 2 2 -1 1,9,6,4,10,3,7,8,2,5,11,13,12,14,16,15,20,23,25,17,24,22,18,21,19,27,26,55,56,79,60,39,44,38,40,36,41,34,32,35,37,43,42,33,53,52,48,47,49,51,50,46,45,57,28,29,54,73,74,31,68,63,62,76,75,78,77,61,72,71,70,69,58,59,65,64,67,66,30,81,80,88,83,84,90,89,87,82,86,85,95,97,96,94,91,93,92,107,99,109,108,103,102,137,136,112,98,101,100,110,135,106,123,125,124,126,133,155,296,273,281,231,113,115,114,116,134,132,158,131,130,128,117,127,111,105,104,166,168,256,228,241,232,213,223,178,173,222,177,172,225,174,189,180,118,160,159,129,157,156,164,163,162,161,167,138,165,139,175,179,176,150,147,152,169,171,149,146,170,154,188,445,462,187,308,440,184,181,153,463,448,467,274,338,298,450,454,548,527,321,328,327,412,470,466,455,583,451,572,220,224,221,144,444,459,312,330,458,446,210,212,148,145,211,151,230,229,141,227,226,122,143,234,233,248,236,250,249,240,239,142,242,651,244,254,649,255,235,238,237,251,252,376,245,247,140,307,629,647,658,653,323,340,343,377,386,438,630,684,645,664,363,120,193,288,276,290,289,280,279,121,282,650,284,294,652,295,275,278,277,291,292,695,285,287,119,311,195,511,705,473,339,693,692,306,305,257,185,310,309,297,216,320,322,324,319,318,317,316,313,200,314,262,315,329,331,202,201,325,217,326,341,342,337,336,335,334,194,302,263,332,333,264,345,344,348,349,346,347,352,351,350,362,365,364,367,366,361,360,359,358,353,272,355,354,357,356,369,368,372,373,370,371,375,374,253,265,391,392,381,380,394,393,396,395,266,390,389,388,387,378,379,383,382,385,384,409,410,404,401,400,411,413,399,408,407,406,405,397,398,402,203,403,424,425,427,426,429,428,423,422,421,420,414,415,417,416,419,418,437,439,441,436,435,434,433,430,267,431,186,432,456,457,214,182,219,460,191,465,196,208,461,464,197,206,442,443,218,215,447,452,183,190,453,449,205,192,469,468,204,472,471,301,486,487,477,476,489,488,491,490,485,484,483,482,474,475,479,478,481,480,504,505,495,494,507,506,509,508,503,502,501,500,492,493,497,496,499,498,520,299,521,522,524,523,519,518,517,516,510,512,513,515,514,540,541,199,535,530,529,543,542,545,544,528,539,538,537,536,525,526,532,531,534,533,561,562,198,556,551,550,564,563,566,565,549,560,559,558,557,546,547,553,552,555,554,581,582,584,586,585,209,588,587,590,589,580,579,578,577,567,568,207,569,571,570,574,573,576,575,601,602,604,603,606,605,600,599,598,597,591,592,594,593,596,595,607,608,610,609,623,624,614,613,626,625,628,627,622,621,620,619,611,612,616,615,618,617,258,268,632,631,642,641,644,643,640,639,638,637,634,633,636,635,270,648,259,646,246,283,243,286,261,655,654,667,668,260,666,661,660,670,669,271,671,659,656,657,663,662,665,683,686,685,688,687,690,689,682,681,680,679,672,269,674,673,676,675,678,677,694,304,303,691,293,697,696,698,703,704,702,701,699,700,300,707,706,713,709,715,714,712,708,711,710,757,810,844,797,809,802,761,845,760,731,733,729,730,727,728,725,823,726,796,771,750,815,828,865,867,826,830,820,817,833,857,818,863,835,736,855,814,870,759,808,758,716,756,754,724,722,811,789,795,841,792,787,842,793,788,735,779,780,775,774,782,783,781,772,773,778,776,777,790,794,791,767,770,763,784,786,766,769,785,764,734,719,847,846,853,856,721,859,862,851,827,850,755,720,717,762,840,843,752,737,819,744,747,816,743,866,868,732,849,869,741,806,738,834,742,860,858,745,829,749,839,838,837,836,812,765,768,813,718,723,799,798,861,824,807,805,864,800,871,751,801,746,832,803,831,848,804,748,852,739,821,740,822,825,753,854
STAB 2 2 1 1,10,3,11,9,6,7,8,5,2,4,13,12,36,26,27,17,48,38,20,44,49,47,33,34,15,16,63,76,81,68,39,24,25,41,14,40,19,32,37,35,42,43,21,53,51,23,18,22,52,46,50,45,78,62,64,66,75,77,61,60,55,28,56,73,57,74,31,70,69,72,71,65,67,58,29,59,54,80,79,30,89,94,87,90,88,84,86,82,85,96,97,95,83,93,91,92,122,244,164,121,102,103,232,241,106,231,281,161,284,162,112,156,157,233,127,193,341,345,177,101,98,160,234,159,134,116,324,343,327,202,315,274,126,163,142,143,226,365,369,227,136,137,381,401,404,386,330,273,172,394,427,184,181,332,113,114,264,125,123,109,111,135,100,367,230,356,354,441,418,350,150,266,416,432,352,120,399,429,188,154,477,495,153,307,438,189,180,187,489,507,469,117,340,472,530,551,556,535,323,221,131,410,473,466,543,588,564,604,396,403,328,380,614,632,311,222,626,642,384,201,217,400,413,382,138,141,229,228,166,107,104,115,124,238,282,346,235,239,240,105,276,286,99,245,283,247,249,248,348,252,251,375,254,255,368,308,634,661,666,655,321,338,158,377,173,440,636,688,670,648,366,149,133,304,242,370,303,279,280,108,236,246,110,285,243,287,692,693,372,351,698,697,294,295,344,312,471,514,707,470,342,278,275,306,305,185,257,310,309,216,297,322,320,132,317,316,319,318,314,262,313,200,128,331,329,130,212,326,148,325,155,339,335,334,337,336,263,333,194,118,302,129,296,119,237,349,250,347,171,291,176,364,168,362,167,363,359,358,361,360,355,357,353,139,272,165,256,140,277,373,290,371,376,253,374,265,393,395,213,144,225,391,220,392,147,388,387,390,389,383,385,378,151,379,210,411,412,178,223,145,409,211,146,406,405,408,407,402,203,397,398,224,426,428,174,424,170,425,421,420,423,422,417,419,414,152,415,179,439,437,175,434,433,436,435,431,186,430,267,169,545,554,613,476,633,635,496,498,529,552,628,491,550,531,533,566,615,631,644,617,494,478,480,509,205,468,467,192,301,298,195,204,488,490,445,182,463,486,464,487,483,482,485,484,479,481,474,190,475,453,506,508,462,183,448,504,449,505,501,500,503,502,497,499,492,191,493,465,522,524,523,520,299,521,517,516,519,518,513,515,510,512,511,542,544,528,527,450,196,455,540,456,541,199,537,536,539,538,532,534,525,206,526,442,563,565,549,548,454,197,451,561,443,562,198,558,557,560,559,553,555,546,208,547,457,587,609,595,590,589,593,583,581,586,585,578,577,580,579,574,610,573,606,576,575,567,207,571,570,603,605,572,601,569,602,598,597,600,599,594,596,591,209,592,584,608,607,568,582,625,627,444,214,458,623,461,624,620,619,622,621,616,618,611,218,612,452,641,643,459,215,446,258,447,268,638,637,640,639,629,219,630,460,662,664,660,271,650,649,652,651,654,653,261,669,671,659,658,647,259,645,667,646,668,260,663,665,656,270,657,687,690,689,684,683,686,685,680,679,682,681,676,675,678,677,672,269,674,673,691,288,289,694,696,695,293,292,704,703,702,701,700,699,706,705,300,714,712,715,713,709,711,708,710,734,791,800,735,804,788,866,840,756,754,858,823,805,732,851,759,729,832,716,719,813,749,869,868,855,787,793,763,847,765,850,790,799,737,843,867,803,792,725,871,724,796,760,731,758,821,836,743,837,745,870,826,831,830,802,797,783,782,774,775,780,779,778,777,776,781,773,772,818,849,810,741,721,820,747,717,753,742,824,838,757,771,817,748,718,819,770,752,720,728,848,857,854,862,786,839,845,736,859,835,856,798,784,801,789,761,865,727,794,828,767,861,825,852,769,768,733,841,864,815,762,764,795,811,723,833,860,750,853,812,863,744,806,785,746,730,829,844,808,740,816,807,726,814,842,827,809,846,834,822,722,751,739,738,766,755
STAB 2 2 1 1,2,3,4,5,6,7,8,9,10,11,12,13,14,15,16,17,18,19,20,21,22,23,24,25,26,27,28,29,30,31,32,33,34,35,36,37,38,39,40,41,42,43,44,45,46,47,48,49,50,51,52,53,54,55,56,57,58,59,60,61,62,63,64,65,66,67,68,69,70,71,72,73,74,75,76,77,78,79,80,81,82,83,84,85,86,87,88,89,90,91,92,93,94,95,96,97,98,99,100,101,102,103,104,105,106,107,108,109,110,111,112,113,114,115,116,117,118,119,120,121,122,123,124,125,126,127,128,129,130,131,132,133,134,135,136,137,138,139,140,141,142,143,144,145,146,147,148,149,150,151,152,153,154,155,156,157,158,159,160,161,162,163,164,165,166,167,168,169,170,171,172,173,174,175,176,177,178,179,180,181,182,183,184,185,186,187,188,189,190,191,192,193,194,195,196,197,198,199,200,201,202,203,204,205,206,207,208,209,210,211,212,213,214,215,216,217,218,219,220,221,222,223,224,225,226,227,228,229,230,231,232,233,234,235,236,237,238,239,240,241,242,243,244,245,246,247,248,249,250,251,252,253,254,255,256,257,258,259,260,261,262,263,264,265,266,267,268,269,270,271,272,273,274,275,276,277,278,279,280,281,282,283,284,285,286,287,288,289,290,291,292,293,294,295,296,297,298,299,300,301,302,303,304,305,306,307,308,309,310,311,312,313,314,315,316,317,318,319,320,321,322,323,324,325,326,327,328,329,330,331,332,333,334,335,336,337,338,339,340,341,342,343,344,345,346,347,348,349,350,351,352,353,354,355,356,357,358,359,360,361,362,363,364,365,366,367,368,369,370,371,372,373,374,375,376,377,378,379,380,381,382,383,384,385,386,387,388,389,390,391,392,393,394,395,396,397,398,399,400,401,402,403,404,405,406,407,408,409,410,411,412,413,414,415,416,417,418,419,420,421,422,423,424,425,426,427,428,429,430,431,432,433,434,435,436,437,438,439,440,441,442,443,444,445,446,447,448,449,450,451,452,453,454,455,456,457,458,459,460,461,462,463,464,465,466,467,468,469,470,471,472,473,474,475,476,477,478,479,480,481,482,483,484,485,486,487,488,489,490,491,492,493,494,495,496,497,498,499,500,501,502,503,504,505,506,507,508,509,510,511,512,513,514,515,516,517,518,519,520,521,522,523,524,525,526,527,528,529,530,531,532,533,534,535,536,537,538,539,540,541,542,543,544,545,546,547,548,549,550,551,552,553,554,555,556,557,558,559,560,561,562,563,564,565,566,567,568,569,570,571,572,573,574,575,576,577,578,579,580,581,582,583,584,585,586,587,588,589,590,591,592,593,594,595,596,597,598,599,600,601,602,603,604,605,606,607,608,609,610,611,612,613,614,615,616,617,618,619,620,621,622,623,624,625,626,627,628,629,630,631,632,633,634,635,636,637,638,639,640,641,642,643,644,645,646,647,648,649,650,651,652,653,654,655,656,657,658,659,660,661,662,663,664,665,666,667,668,669,670,671,672,673,674,675,676,677,678,679,680,681,682,683,684,685,686,687,688,689,690,691,692,693,694,695,696,697,698,699,700,701,702,703,704,705,706,707,708,709,710,711,712,713,714,715,716,717,718,719,720,721,722,723,724,725,726,727,728,729,730,731,732,733,734,735,736,737,738,739,740,741,742,743,744,745,746,747,748,749,750,751,752,753,754,755,756,757,758,759,760,761,762,763,764,765,766,767,768,769,770,771,772,773,774,775,776,777,778,779,780,781,782,783,784,785,786,787,788,789,790,791,792,793,794,795,796,797,798,799,800,801,802,803,804,805,806,807,808,809,810,811,812,813,814,815,816,817,818,819,820,821,822,823,824,825,826,827,828,829,830,831,832,833,834,835,836,837,838,839,840,841,842,843,844,845,846,847,848,849,850,851,852,853,854,855,856,857,858,859,860,861,862,863,864,865,866,867,868,869,870,871
STAB 2 2 1 6,9,1,10,4,3,7,20,11,5,2,16,27,38,13,26,8,39,25,17,24,44,48,49,36,12,15,40,51,52,41,23,22,14,55,19,60,34,47,61,62,112,102,33,126,79,18,32,21,56,80,64,134,97,68,81,78,125,135,63,28,31,37,30,123,54,100,35,187,189,188,180,160,164,159,46,163,92,76,29,50,228,231,232,124,166,104,230,229,234,273,57,133,107,274,149,66,94,241,162,284,106,42,137,136,43,98,101,77,281,74,103,75,73,90,53,96,311,312,95,110,83,157,233,156,127,45,330,222,172,327,343,177,116,161,244,87,89,307,308,88,99,84,328,338,340,221,158,117,131,321,323,71,69,345,58,65,324,113,114,59,67,109,111,438,227,403,369,432,469,472,202,381,394,466,473,93,401,410,184,70,309,373,72,256,224,154,153,181,405,407,412,91,223,470,331,392,395,329,225,213,130,467,298,169,523,521,435,433,377,440,173,386,305,349,296,132,320,322,396,380,315,404,367,427,82,86,226,138,141,122,143,85,115,252,283,375,251,247,245,142,286,651,105,255,649,254,235,238,366,249,248,363,239,240,365,168,318,425,428,316,174,178,128,220,144,167,391,393,364,362,376,193,120,351,243,697,698,287,285,121,246,650,108,295,652,294,275,278,342,692,693,339,279,280,341,155,352,703,704,171,695,292,291,613,444,368,354,476,445,344,332,458,446,129,641,629,654,653,633,416,615,382,148,527,450,150,266,529,264,528,119,277,758,760,759,731,399,370,400,216,696,217,118,297,253,459,272,631,195,288,204,664,140,645,211,237,796,757,771,797,662,346,646,185,374,186,139,257,293,462,302,494,250,357,348,384,630,454,147,212,152,684,210,548,201,727,823,488,474,675,549,643,262,550,265,795,170,145,146,263,811,267,194,496,448,478,463,839,468,838,418,165,504,647,151,599,192,658,798,817,807,857,600,659,497,200,660,203,870,577,205,552,451,593,572,578,413,766,356,175,487,624,614,477,626,490,489,627,535,604,605,602,556,588,635,498,642,632,545,491,495,507,628,554,441,429,179,398,350,176,301,471,729,456,182,310,191,388,452,460,676,683,834,864,387,644,732,406,533,596,424,844,183,371,190,598,612,810,846,863,784,818,597,786,417,408,853,443,534,707,583,575,700,455,582,610,708,714,586,531,541,573,300,733,513,530,196,199,325,207,689,447,570,326,803,752,555,562,674,590,832,512,520,481,657,536,551,197,198,385,209,743,618,814,379,770,802,862,809,763,859,671,436,537,449,860,519,606,510,833,564,206,742,526,677,792,753,430,439,793,711,543,710,686,544,842,515,841,522,855,464,208,736,584,461,414,426,506,492,813,617,740,434,480,715,777,779,518,713,845,457,214,306,219,761,453,465,825,828,822,865,821,509,812,314,566,592,655,688,215,347,218,319,475,383,682,681,815,835,261,313,269,442,648,270,666,355,282,236,276,242,634,258,317,767,789,661,259,260,419,271,851,670,553,415,730,561,826,353,820,484,571,726,268,852,765,542,640,639,737,749,829,636,525,745,485,378,858,589,781,304,303,774,372,290,333,289,511,705,854,808,706,524,514,299,699,609,780,595,516,776,517,568,569,360,508,505,358,557,559,625,623,336,334,540,486,656,390,787,756,389,685,361,359,867,638,621,619,750,663,768,665,422,585,420,500,502,637,603,601,565,437,335,701,337,735,725,724,754,840,411,668,409,576,580,728,574,567,720,716,608,709,778,691,782,783,694,772,773,775,712,607,748,819,718,667,560,546,501,493,431,831,848,836,719,734,746,503,499,827,804,547,558,669,856,744,871,788,800,837,722,751,538,680,794,850,799,861,563,723,738,479,806,739,805,849,868,483,587,581,678,673,672,679,397,402,762,764,616,690,830,591,791,866,747,423,816,801,421,741,482,717,755,843,824,847,532,539,769,785,721,790,687,869,611,594,620,622,579,702
STAB 2 2 1 6,5,1,2,11,3,7,20,4,9,10,27,16,19,12,15,8,32,34,17,33,21,18,22,14,13,26,37,46,50,35,47,49,36,62,38,61,25,23,60,55,112,102,24,134,80,48,39,44,64,79,56,126,92,31,30,54,159,163,28,63,68,40,81,160,78,164,41,189,187,180,188,123,100,125,51,135,97,29,76,52,229,107,104,234,230,232,166,228,124,149,66,274,231,133,273,57,83,105,111,110,106,42,143,142,43,122,121,59,108,67,103,58,65,85,45,91,216,297,93,284,94,114,115,113,116,53,148,217,150,130,129,120,127,109,99,84,82,185,257,86,244,87,212,263,194,201,264,193,202,262,200,72,70,119,75,73,128,156,157,77,74,161,162,186,141,211,140,175,192,195,131,144,151,205,204,95,145,203,153,69,310,371,71,368,413,181,184,154,406,408,398,96,400,301,325,385,379,326,382,380,327,468,471,441,512,515,436,434,265,267,266,147,306,347,344,315,314,313,210,213,132,146,165,152,89,88,138,226,227,98,137,90,233,251,246,253,252,247,245,136,243,652,241,255,650,254,238,235,272,248,249,357,239,240,139,354,319,419,415,317,416,399,324,384,381,356,383,378,353,355,374,117,177,291,286,293,292,287,285,101,283,649,281,295,651,294,304,303,302,288,289,333,279,280,118,332,176,700,699,350,696,698,351,444,613,256,168,445,476,296,155,615,633,343,629,641,653,654,446,174,458,225,330,528,529,172,173,450,158,527,345,370,760,758,731,759,178,277,223,311,695,222,341,312,375,631,366,459,472,692,473,646,369,662,403,346,757,796,797,771,645,237,664,307,376,438,365,308,697,494,342,462,348,363,250,220,643,550,386,328,427,675,396,549,221,823,727,474,488,684,548,630,321,454,377,838,418,401,404,338,839,440,340,448,496,463,478,811,467,795,170,367,497,660,394,600,469,659,817,798,857,807,599,658,504,323,647,410,766,578,466,451,552,572,593,577,224,870,167,432,481,618,214,182,218,475,190,612,199,209,592,596,198,207,447,449,219,215,442,453,183,191,452,443,169,179,429,412,171,352,470,298,732,533,477,309,507,387,628,644,683,676,864,834,388,460,729,405,456,602,417,853,495,373,489,597,627,786,863,846,818,784,598,810,424,407,844,554,541,300,573,586,703,531,610,582,714,708,575,455,534,583,707,832,520,196,530,535,331,588,674,635,590,329,752,803,562,555,689,570,733,523,513,487,671,537,197,551,556,392,604,763,624,859,395,802,770,809,862,743,814,657,435,536,498,842,518,584,522,841,208,543,793,544,686,753,792,439,430,742,713,206,715,677,526,860,521,833,510,740,480,564,813,606,617,426,414,492,506,736,461,855,433,464,710,779,777,519,711,812,566,614,305,642,821,491,509,828,825,865,822,761,465,845,320,457,605,261,269,632,349,626,318,490,391,681,682,835,815,655,322,688,545,271,670,260,362,236,282,242,276,258,634,316,826,820,259,661,666,425,648,730,270,561,428,851,553,767,364,789,485,589,858,636,829,745,525,639,640,749,737,852,268,542,765,484,393,726,571,781,275,278,774,290,372,339,693,524,706,808,854,705,511,299,514,704,568,776,569,517,780,516,609,595,361,493,499,359,558,560,611,616,337,335,532,479,669,389,741,724,390,678,360,358,751,637,622,620,843,667,831,668,423,576,421,501,503,638,591,594,547,431,334,702,336,719,754,756,725,723,397,665,402,585,579,805,581,587,804,734,607,712,778,691,773,772,694,783,782,775,709,608,799,801,800,663,559,563,500,508,437,768,806,762,735,716,850,502,505,861,720,565,557,656,816,847,755,721,718,764,866,867,539,679,824,746,748,827,546,840,869,486,848,868,728,785,739,482,567,574,685,690,687,680,411,409,836,837,623,673,769,603,717,722,790,422,856,819,420,787,483,791,871,750,794,744,540,538,830,849,788,747,672,738,625,601,619,621,580,701
STAB 2 2 -1 6,11,3,10,5,1,7,20,9,4,2,27,16,38,26,13,17,48,36,8,49,44,39,24,25,15,12,68,81,76,63,47,33,34,61,19,62,14,23,55,60,102,112,22,134,64,32,18,21,80,56,79,126,78,40,51,97,160,164,41,35,37,31,46,159,92,163,28,180,188,189,187,125,135,123,30,100,54,52,50,29,230,231,232,234,229,104,228,166,124,274,66,149,107,273,133,57,98,241,77,101,42,106,87,244,103,94,284,162,281,161,43,157,156,233,127,177,345,341,193,121,122,75,90,73,53,116,343,324,327,172,330,96,45,74,136,137,227,369,365,226,142,143,386,404,401,381,315,93,202,427,394,181,184,311,114,113,222,65,58,111,109,67,59,403,89,438,307,466,410,473,131,221,323,432,472,117,340,469,69,153,477,495,154,354,356,72,70,71,507,489,429,120,399,352,535,556,551,530,416,266,150,418,350,441,588,543,604,564,396,367,380,328,614,632,332,264,642,626,377,173,158,338,440,321,141,138,88,86,82,83,84,115,85,235,283,366,238,245,247,99,286,276,105,239,282,240,252,251,375,249,248,348,255,254,308,368,655,666,661,634,382,400,217,384,201,413,688,636,648,670,346,95,91,275,243,342,278,285,287,110,246,236,108,279,242,280,351,698,697,692,693,372,295,294,312,344,470,707,514,471,370,303,304,444,613,168,256,445,476,155,296,633,615,148,653,654,629,641,458,225,446,174,129,529,528,130,213,527,132,450,216,696,731,759,760,758,223,695,178,119,277,128,297,118,272,631,253,459,204,288,195,662,185,646,186,374,797,771,757,796,664,376,645,140,237,211,257,139,302,494,293,462,357,250,363,220,675,549,212,147,262,643,265,550,144,474,488,823,727,630,454,684,152,548,210,839,468,194,263,146,838,165,145,463,478,448,496,795,170,811,467,267,600,659,200,497,203,660,857,807,817,798,504,647,599,151,658,192,578,766,175,572,593,451,552,870,167,577,224,205,635,498,305,309,322,545,407,554,331,435,491,628,392,523,487,624,320,349,490,605,373,405,602,627,169,412,398,179,298,301,176,171,387,644,310,182,406,732,596,533,864,834,683,676,729,456,388,191,460,452,597,786,371,183,408,417,443,853,818,784,863,846,424,844,598,190,810,612,586,703,531,541,300,573,714,708,610,582,534,583,575,455,700,674,590,329,326,325,199,512,832,481,520,196,562,555,752,803,733,513,689,207,570,447,763,859,395,379,385,198,436,671,449,537,197,809,862,802,770,657,536,743,209,814,618,793,711,710,544,686,433,515,842,522,841,439,430,753,792,860,519,521,606,833,510,742,206,677,526,813,617,434,740,715,480,492,506,426,414,855,464,736,208,461,584,777,779,713,518,821,509,306,214,314,812,592,566,865,822,828,825,845,457,761,219,465,453,318,391,347,215,313,261,442,269,835,815,681,682,319,218,383,475,364,355,425,270,649,650,651,652,316,317,258,730,561,428,415,419,260,353,826,362,820,259,767,789,851,271,553,829,745,525,378,485,589,858,749,737,639,640,484,393,726,571,852,268,542,765,774,291,292,781,339,333,290,289,706,524,808,854,511,705,704,699,299,517,780,569,568,776,609,516,595,735,800,791,734,788,804,840,866,754,756,685,390,787,486,656,334,479,540,719,716,603,680,868,869,594,805,587,563,850,673,847,799,790,679,867,843,538,579,724,871,725,360,337,335,336,625,837,546,836,690,431,667,830,831,560,359,772,773,691,778,712,607,775,608,709,694,782,783,501,848,493,728,720,668,748,718,580,567,819,409,361,358,423,747,717,824,559,539,721,741,849,421,701,557,508,411,616,591,565,638,861,422,500,794,665,611,620,389,801,622,663,856,621,672,768,769,532,585,483,637,764,762,402,397,722,576,574,751,505,623,503,746,785,806,744,669,687,499,702,601,827,420,678,547,581,816,558,502,482,619,723,750,738,739,437,755
STAB 2 2 -1 6,4,3,2,9,1,7,20,5,11,10,16,27,19,15,12,17,18,14,8,22,21,32,33,34,26,13,31,30,29,28,23,24,25,60,38,55,36,47,62,61,102,112,49,126,56,39,48,44,79,64,80,134,54,37,46,92,123,100,35,41,40,68,51,125,97,135,63,188,180,187,189,159,163,160,81,164,78,50,52,76,166,107,104,124,228,232,229,230,234,133,57,273,231,149,274,66,122,105,59,121,42,106,84,99,103,83,110,111,108,109,43,114,113,115,116,120,119,118,117,101,98,58,85,65,45,127,129,128,130,150,148,91,53,67,142,143,141,140,139,138,136,137,147,146,145,144,132,95,131,152,151,154,153,216,157,156,217,73,75,162,161,74,77,211,82,186,185,205,203,204,202,201,200,175,195,193,194,192,70,184,182,183,181,168,167,71,69,72,191,190,179,177,178,176,199,198,197,196,174,173,172,170,171,169,207,206,209,208,210,165,213,212,214,215,155,158,219,218,265,266,264,263,267,262,227,226,86,88,89,94,87,233,90,238,246,272,235,245,247,244,243,242,241,239,236,240,251,252,253,248,249,250,255,254,257,256,261,260,259,258,225,223,222,220,221,224,269,268,271,270,237,93,96,304,286,302,303,285,287,284,283,282,281,279,276,280,291,292,293,288,289,290,295,294,297,296,301,300,299,298,277,278,275,613,444,354,368,476,445,332,344,446,458,330,654,653,641,629,615,382,633,416,343,450,527,327,380,528,315,529,311,695,759,731,758,760,400,696,399,345,370,324,312,341,366,459,375,631,473,692,472,645,307,664,438,376,771,797,796,757,646,374,662,369,346,403,308,365,342,462,697,494,363,348,357,384,684,548,328,386,321,630,377,454,381,488,474,727,823,643,550,675,427,549,396,811,467,340,338,404,795,367,401,478,463,496,448,838,418,839,468,440,599,658,323,504,410,647,807,857,798,817,497,660,600,394,659,469,577,870,432,593,572,552,451,766,356,578,413,466,447,449,306,310,313,442,408,443,325,436,453,452,385,512,481,618,314,347,475,592,371,406,596,612,441,398,412,429,471,470,352,350,388,460,309,477,405,729,602,456,834,864,676,683,732,533,387,507,644,628,598,810,373,495,407,424,554,844,784,818,846,863,417,853,597,489,786,627,575,700,455,534,707,583,708,714,582,610,541,573,586,531,703,689,570,326,329,331,535,523,733,487,513,530,555,562,803,752,832,520,674,588,590,635,743,814,379,395,392,556,435,657,498,536,551,862,809,770,802,671,537,763,604,859,624,742,713,715,526,677,434,521,860,510,833,430,439,792,753,842,518,515,584,841,522,793,543,686,544,736,461,433,855,710,464,506,492,414,426,740,480,813,564,617,606,779,777,711,519,761,465,305,614,320,845,605,457,822,865,825,828,812,566,821,642,509,491,319,383,349,632,322,655,545,688,815,835,682,681,318,626,391,490,353,362,419,670,650,649,652,651,317,316,634,851,553,415,428,425,666,364,767,355,789,661,826,820,730,648,561,852,765,542,393,484,571,726,737,749,640,639,485,378,858,589,829,636,525,745,774,351,698,781,333,339,372,693,705,511,854,808,524,706,699,704,514,516,776,595,609,780,568,517,569,719,718,717,716,721,720,723,722,725,724,678,389,741,479,669,335,486,532,735,734,591,679,739,738,601,728,567,546,746,690,744,748,747,680,751,750,539,580,756,755,754,361,336,334,337,611,764,563,762,673,437,663,769,768,559,358,783,782,691,778,709,608,775,607,712,694,773,772,500,806,508,805,804,665,799,800,579,587,801,402,360,359,422,790,791,794,560,538,788,787,785,420,702,558,493,397,623,603,547,637,827,423,501,824,668,625,619,390,819,621,667,816,622,687,831,830,540,576,482,638,837,836,409,411,866,585,581,867,499,616,502,850,849,848,847,656,672,505,701,594,861,421,685,565,574,856,557,503,483,620,840,843,869,868,431,871
BOUND 2 2 1 1,2,3,4,5,6,7,8,9,10,11,12,13,14,15,16,17,18,19,20,21,22,23,24,25,26,27,28,29,30,31,32,33,34,35,36,37,38,39,40,41,42,43,44,45,46,47,48,49,50,51,52,53,54,55,56,57,58,59,60,61,62,63,64,65,66,67,68,69,70,71,72,73,74,75,76,77,78,79,80,81,82,83,84,85,86,87,88,89,90,91,92,93,94,95,96,97,98,99,100,101,102,103,104,105,106,107,108,109,110,111,112,113,114,115,116,117,118,119,120,121,122,123,124,125,126,127,128,129,130,131,132,133,134,135,136,137,138,139,140,141,142,143,144,145,146,147,148,149,150,151,152,153,154,155,156,157,158,159,160,161,162,163,164,165,166,167,168,169,170,171,172,173,174,175,176,177,178,179,180,181,182,183,184,185,186,187,188,189,190,191,192,193,194,195,196,197,198,199,200,201,202,203,204,205,206,207,208,209,210,211,212,213,214,215,216,217,218,219,220,221,222,223,224,225,226,227,228,229,230,231,232,233,234,235,236,237,238,239,240,241,242,243,244,245,246,247,248,249,250,251,252,253,254,255,256,257,258,259,260,261,262,263,264,265,266,267,268,269,270,271,272,273,274,275,276,277,278,279,280,281,282,283,284,285,286,287,288,289,290,291,292,293,294,295,296,297,298,299,300,301,302,303,304,305,306,307,308,309,310,311,312,313,314,315,316,317,318,319,320,321,322,323,324,325,326,327,328,329,330,331,332,333,334,335,336,337,338,339,340,341,342,343,344,345,346,347,348,349,350,351,352,353,354,355,356,357,358,359,360,361,362,363,364,365,366,367,368,369,370,371,372,373,374,375,376,377,378,379,380,381,382,383,384,385,386,387,388,389,390,391,392,393,394,395,396,397,398,399,400,401,402,403,404,405,406,407,408,409,410,411,412,413,414,415,416,417,418,419,420,421,422,423,424,425,426,427,428,429,430,431,432,433,434,435,436,437,438,439,440,441,442,443,444,445,446,447,448,449,450,451,452,453,454,455,456,457,458,459,460,461,462,463,464,465,466,467,468,469,470,471,472,473,474,475,476,477,478,479,480,481,482,483,484,485,486,487,488,489,490,491,492,493,494,495,496,497,498,499,500,501,502,503,504,505,506,507,508,509,510,511,512,513,514,515,516,517,518,519,520,521,522,523,524,525,526,527,528,529,530,531,532,533,534,535,536,537,538,539,540,541,542,543,544,545,546,547,548,549,550,551,552,553,554,555,556,557,558,559,560,561,562,563,564,565,566,567,568,569,570,571,572,573,574,575,576,577,578,579,580,581,582,583,584,585,586,587,588,589,590,591,592,593,594,595,596,597,598,599,600,601,602,603,604,605,606,607,608,609,610,611,612,613,614,615,616,617,618,619,620,621,622,623,624,625,626,627,628,629,630,631,632,633,634,635,636,637,638,639,640,641,642,643,644,645,646,647,648,649,650,651,652,653,654,655,656,657,658,659,660,661,662,663,664,665,666,667,668,669,670,671,672,673,674,675,676,677,678,679,680,681,682,683,684,685,686,687,688,689,690,691,692,693,694,695,696,697,698,699,700,701,702,703,704,705,706,707,708,709,710,711,712,713,714,715,716,717,718,719,720,721,722,723,724,725,726,727,728,729,730,731,732,733,734,735,736,737,738,739,740,741,742,743,744,745,746,747,748,749,750,751,752,753,754,755,756,757,758,759,760,761,762,763,764,765,766,767,768,769,770,771,772,773,774,775,776,777,778,779,780,781,782,783,784,785,786,787,788,789,790,791,792,793,794,795,796,797,798,799,800,801,802,803,804,805,806,807,808,809,810,811,812,813,814,815,816,817,818,819,820,821,822,823,824,825,826,827,828,829,830,831,832,833,834,835,836,837,838,839,840,841,842,843,844,845,846,847,848,849,850,851,852,853,854,855,856,857,858,859,860,861,862,863,864,865,866,867,868,869,870,871
BOUND 2 2 -1 6,4,3,2,9,1,7,20,5,11,10,16,27,19,15,12,17,18,14,8,22,21,32,33,34,26,13,31,30,29,28,23,24,25,60,38,55,36,47,62,61,102,112,49,126,56,39,48,44,79,64,80,134,54,37,46,92,123,100,35,41,40,68,51,125,97,135,63,188,180,187,189,159,163,160,81,164,78,50,52,76,166,107,104,124,228,232,229,230,234,133,57,273,231,149,274,66,122,105,59,121,42,106,84,99,103,83,110,111,108,109,43,114,113,115,116,120,119,118,117,101,98,58,85,65,45,127,129,128,130,150,148,91,53,67,142,143,141,140,139,138,136,137,147,146,145,144,132,95,131,152,151,154,153,216,157,156,217,73,75,162,161,74,77,211,82,186,185,205,203,204,202,201,200,175,195,193,194,192,70,184,182,183,181,168,167,71,69,72,191,190,179,177,178,176,199,198,197,196,174,173,172,170,171,169,207,206,209,208,210,165,213,212,214,215,155,158,219,218,265,266,264,263,267,262,227,226,86,88,89,94,87,233,90,238,246,272,235,245,247,244,243,242,241,239,236,240,251,252,253,248,249,250,255,254,257,256,261,260,259,258,225,223,222,220,221,224,269,268,271,270,237,93,96,304,286,302,303,285,287,284,283,282,281,279,276,280,291,292,293,288,289,290,295,294,297,296,301,300,299,298,277,278,275,613,444,354,368,476,445,332,344,446,458,330,654,653,641,629,615,382,633,416,343,450,527,327,380,528,315,529,311,695,759,731,758,760,400,696,399,345,370,324,312,341,366,459,375,631,473,692,472,645,307,664,438,376,771,797,796,757,646,374,662,369,346,403,308,365,342,462,697,494,363,348,357,384,684,548,328,386,321,630,377,454,381,488,474,727,823,643,550,675,427,549,396,811,467,340,338,404,795,367,401,478,463,496,448,838,418,839,468,440,599,658,323,504,410,647,807,857,798,817,497,660,600,394,659,469,577,870,432,593,572,552,451,766,356,578,413,466,447,449,306,310,313,442,408,443,325,436,453,452,385,512,481,618,314,347,475,592,371,406,596,612,441,398,412,429,471,470,352,350,388,460,309,477,405,729,602,456,834,864,676,683,732,533,387,507,644,628,598,810,373,495,407,424,554,844,784,818,846,863,417,853,597,489,786,627,575,700,455,534,707,583,708,714,582,610,541,573,586,531,703,689,570,326,329,331,535,523,733,487,513,530,555,562,803,752,832,520,674,588,590,635,743,814,379,395,392,556,435,657,498,536,551,862,809,770,802,671,537,763,604,859,624,742,713,715,526,677,434,521,860,510,833,430,439,792,753,842,518,515,584,841,522,793,543,686,544,736,461,433,855,710,464,506,492,414,426,740,480,813,564,617,606,779,777,711,519,761,465,305,614,320,845,605,457,822,865,825,828,812,566,821,642,509,491,319,383,349,632,322,655,545,688,815,835,682,681,318,626,391,490,353,362,419,670,650,649,652,651,317,316,634,851,553,415,428,425,666,364,767,355,789,661,826,820,730,648,561,852,765,542,393,484,571,726,737,749,640,639,485,378,858,589,829,636,525,745,774,351,698,781,333,339,372,693,705,511,854,808,524,706,699,704,514,516,776,595,609,780,568,517,569,719,718,717,716,721,720,723,722,725,724,678,389,741,479,669,335,486,532,735,734,591,679,739,738,601,728,567,546,746,690,744,748,747,680,751,750,539,580,756,755,754,361,336,334,337,611,764,563,762,673,437,663,769,768,559,358,783,782,691,778,709,608,775,607,712,694,773,772,500,806,508,805,804,665,799,800,579,587,801,402,360,359,422,790,791,794,560,538,788,787,785,420,702,558,493,397,623,603,547,637,827,423,501,824,668,625,619,390,819,621,667,816,622,687,831,830,540,576,482,638,837,836,409,411,866,585,581,867,499,616,502,850,849,848,847,656,672,505,701,594,861,421,685,565,574,856,557,503,483,620,840,843,869,868,431,871
BOUND 2 2 -1 3,2,1,5,4,6,7,17,11,10,9,15,26,34,12,27,8,32,19,20,21,33,47,49,36,13,16,35,50,46,37,18,22,14,28,25,31,38,48,68,63,106,103,44,116,30,23,39,24,29,81,76,127,92,61,80,66,114,111,62,55,60,41,79,113,57,109,40,184,153,181,154,156,161,157,52,162,97,64,56,51,141,122,143,115,138,137,226,227,233,120,54,117,98,193,177,78,94,142,163,284,112,43,104,105,42,107,108,67,121,59,102,65,58,85,45,93,297,216,91,110,83,159,234,160,134,53,217,148,150,202,264,149,126,164,244,87,86,257,185,82,99,84,201,194,263,212,129,133,130,200,262,70,72,344,73,75,315,123,125,74,77,100,135,267,229,413,368,441,468,471,327,380,382,205,301,96,400,398,187,71,310,371,69,140,211,180,189,188,408,406,203,95,145,204,326,379,385,325,151,144,131,192,195,175,515,512,434,436,265,186,147,266,306,347,119,128,313,314,384,381,324,399,356,416,88,89,230,166,228,231,232,90,124,252,650,374,251,255,254,241,652,243,136,247,246,245,248,249,357,238,235,272,240,239,354,139,317,415,419,319,152,146,132,210,213,165,378,383,355,353,253,274,273,351,651,696,698,295,294,281,649,283,101,287,286,285,288,289,333,304,303,302,280,279,332,118,350,699,700,176,293,292,291,614,214,369,365,477,182,345,341,218,219,158,634,258,655,261,642,427,626,394,222,199,196,172,386,530,343,535,296,290,756,724,754,725,404,372,401,312,697,330,155,311,376,215,363,632,298,275,470,271,256,270,224,250,734,716,735,719,670,348,648,308,375,440,168,307,695,183,339,495,237,366,346,396,268,197,173,221,174,269,220,198,328,729,732,479,486,688,556,636,323,551,377,764,179,223,178,340,762,438,338,507,191,489,190,836,469,837,429,167,492,259,225,598,467,260,847,744,850,746,597,666,506,321,661,412,753,580,466,564,208,604,209,579,403,792,367,169,475,612,613,476,615,481,478,618,528,593,596,592,549,573,644,509,633,631,533,480,494,496,617,566,432,418,170,410,352,171,473,472,727,442,445,309,448,389,461,447,687,672,829,852,390,635,823,407,545,605,414,718,462,373,463,599,624,717,799,748,790,747,600,791,426,405,800,457,544,706,207,590,704,206,568,609,713,711,570,543,526,588,705,726,522,529,450,527,329,583,678,460,586,331,859,814,565,547,685,575,858,521,510,490,668,539,550,454,548,395,572,820,627,752,392,788,721,804,720,789,803,665,433,538,465,831,516,595,520,745,552,455,830,541,690,766,870,437,431,769,714,531,715,673,534,768,523,765,513,751,453,451,750,569,452,424,417,497,504,843,628,867,435,491,710,783,772,517,708,723,443,444,305,446,722,464,449,869,738,868,739,866,498,840,322,554,602,654,675,459,349,458,316,487,393,679,680,737,749,653,320,684,456,646,645,659,364,282,236,276,242,641,629,318,787,763,660,647,658,428,664,805,662,563,425,728,546,741,362,743,483,585,733,630,864,841,532,637,638,815,835,834,643,540,833,482,391,832,576,778,692,693,775,370,277,342,278,299,300,871,755,707,514,524,511,703,610,773,606,519,782,518,582,584,359,499,493,361,560,558,616,611,335,337,525,474,667,387,767,758,388,674,358,360,740,639,620,622,736,669,842,671,421,571,423,503,501,640,594,591,555,430,336,702,334,771,731,760,759,812,402,657,397,589,577,730,587,581,809,757,608,709,781,694,776,777,691,779,780,774,712,607,863,816,844,656,557,561,502,505,439,860,861,839,797,796,857,500,508,806,862,562,559,663,801,817,854,770,853,838,761,855,537,681,785,807,846,848,553,845,828,488,827,865,851,824,822,484,574,567,689,686,683,682,409,411,811,795,625,677,742,601,786,821,818,420,819,856,422,826,485,810,808,813,849,798,542,536,793,794,802,784,676,825,623,603,621,619,578,701
BOUND 2 2 1 6,5,1,2,11,3,7,20,4,9,10,27,16,19,12,15,8,32,34,17,33,21,18,22,14,13,26,37,46,50,35,47,49,36,62,38,61,25,23,60,55,112,102,24,134,80,48,39,44,64,79,56,126,92,31,30,54,159,163,28,63,68,40,81,160,78,164,41,189,187,180,188,123,100,125,51,135,97,29,76,52,229,107,104,234,230,232,166,228,124,149,66,274,231,133,273,57,83,105,111,110,106,42,143,142,43,122,121,59,108,67,103,58,65,85,45,91,216,297,93,284,94,114,115,113,116,53,148,217,150,130,129,120,127,109,99,84,82,185,257,86,244,87,212,263,194,201,264,193,202,262,200,72,70,119,75,73,128,156,157,77,74,161,162,186,141,211,140,175,192,195,131,144,151,205,204,95,145,203,153,69,310,371,71,368,413,181,184,154,406,408,398,96,400,301,325,385,379,326,382,380,327,468,471,441,512,515,436,434,265,267,266,147,306,347,344,315,314,313,210,213,132,146,165,152,89,88,138,226,227,98,137,90,233,251,246,253,252,247,245,136,243,652,241,255,650,254,238,235,272,248,249,357,239,240,139,354,319,419,415,317,416,399,324,384,381,356,383,378,353,355,374,117,177,291,286,293,292,287,285,101,283,649,281,295,651,294,304,303,302,288,289,333,279,280,118,332,176,700,699,350,696,698,351,444,613,256,168,445,476,296,155,615,633,343,629,641,653,654,446,174,458,225,330,528,529,172,173,450,158,527,345,370,760,758,731,759,178,277,223,311,695,222,341,312,375,631,366,459,472,692,473,646,369,662,403,346,757,796,797,771,645,237,664,307,376,438,365,308,697,494,342,462,348,363,250,220,643,550,386,328,427,675,396,549,221,823,727,474,488,684,548,630,321,454,377,838,418,401,404,338,839,440,340,448,496,463,478,811,467,795,170,367,497,660,394,600,469,659,817,798,857,807,599,658,504,323,647,410,766,578,466,451,552,572,593,577,224,870,167,432,481,618,214,182,218,475,190,612,199,209,592,596,198,207,447,449,219,215,442,453,183,191,452,443,169,179,429,412,171,352,470,298,732,533,477,309,507,387,628,644,683,676,864,834,388,460,729,405,456,602,417,853,495,373,489,597,627,786,863,846,818,784,598,810,424,407,844,554,541,300,573,586,703,531,610,582,714,708,575,455,534,583,707,832,520,196,530,535,331,588,674,635,590,329,752,803,562,555,689,570,733,523,513,487,671,537,197,551,556,392,604,763,624,859,395,802,770,809,862,743,814,657,435,536,498,842,518,584,522,841,208,543,793,544,686,753,792,439,430,742,713,206,715,677,526,860,521,833,510,740,480,564,813,606,617,426,414,492,506,736,461,855,433,464,710,779,777,519,711,812,566,614,305,642,821,491,509,828,825,865,822,761,465,845,320,457,605,261,269,632,349,626,318,490,391,681,682,835,815,655,322,688,545,271,670,260,362,236,282,242,276,258,634,316,826,820,259,661,666,425,648,730,270,561,428,851,553,767,364,789,485,589,858,636,829,745,525,639,640,749,737,852,268,542,765,484,393,726,571,781,275,278,774,290,372,339,693,524,706,808,854,705,511,299,514,704,568,776,569,517,780,516,609,595,361,493,499,359,558,560,611,616,337,335,532,479,669,389,741,724,390,678,360,358,751,637,622,620,843,667,831,668,423,576,421,501,503,638,591,594,547,431,334,702,336,719,754,756,725,723,397,665,402,585,579,805,581,587,804,734,607,712,778,691,773,772,694,783,782,775,709,608,799,801,800,663,559,563,500,508,437,768,806,762,735,716,850,502,505,861,720,565,557,656,816,847,755,721,718,764,866,867,539,679,824,746,748,827,546,840,869,486,848,868,728,785,739,482,567,574,685,690,687,680,411,409,836,837,623,673,769,603,717,722,790,422,856,819,420,787,483,791,871,750,794,744,540,538,830,849,788,747,672,738,625,601,619,621,580,701
BOUND 2 2 -1 1,5,6,11,2,3,7,8,10,9,4,12,13,36,27,26,20,47,34,17,33,49,48,44,38,16,15,62,64,80,61,32,21,19,37,14,35,25,39,41,40,43,42,24,45,50,18,23,22,46,52,51,53,66,63,76,78,65,67,68,31,28,55,29,58,54,59,60,71,72,69,70,75,77,73,56,74,57,81,30,79,86,94,87,85,82,84,89,88,90,93,92,91,83,96,95,97,231,244,161,281,103,102,143,142,112,122,121,164,284,163,106,160,159,234,134,274,332,344,149,108,107,156,233,157,127,126,315,264,202,327,324,193,116,162,241,232,230,354,368,229,105,104,380,400,399,266,217,120,150,382,416,187,188,341,123,125,343,114,113,100,135,111,109,356,226,367,365,432,429,352,172,386,427,441,350,273,404,418,181,180,476,494,189,257,267,153,154,184,478,496,468,133,263,471,529,550,549,528,262,212,130,398,301,205,531,573,552,593,384,413,201,381,613,631,297,148,615,633,396,328,330,401,403,394,166,228,227,141,138,98,137,124,115,249,282,348,248,240,239,136,276,652,99,254,650,255,238,235,346,252,251,374,245,247,369,185,641,660,659,654,200,194,129,265,147,186,643,675,662,646,357,177,117,692,242,372,693,280,279,101,236,649,110,294,651,295,304,303,370,351,698,696,285,287,345,216,472,524,706,204,333,289,288,305,306,308,307,309,310,312,311,314,313,128,318,319,316,317,322,323,320,321,132,326,325,131,221,331,222,329,118,302,336,337,334,335,340,342,338,155,339,158,119,296,250,347,237,349,176,291,171,355,139,353,165,272,360,361,358,359,364,366,362,168,363,167,140,256,290,371,277,373,253,376,375,377,383,385,144,213,151,378,210,379,173,389,390,387,388,393,395,391,225,392,220,402,203,146,145,223,397,224,178,407,408,405,406,411,412,409,410,211,417,419,152,414,179,415,422,423,420,421,426,428,424,174,425,170,431,430,169,435,436,433,434,439,440,437,438,175,533,566,614,477,642,644,507,509,530,564,617,480,551,543,545,554,626,632,635,628,495,489,491,498,466,469,192,467,473,195,298,470,479,481,182,445,190,474,453,475,484,485,482,483,488,490,486,463,487,464,497,499,183,462,191,492,465,493,502,503,500,501,506,508,504,448,505,449,513,514,515,510,511,512,518,519,516,517,522,523,520,521,299,532,534,535,199,196,450,206,525,442,526,527,538,539,536,537,542,544,540,455,541,456,553,555,556,198,197,454,208,546,457,547,548,559,560,557,558,563,565,561,451,562,443,574,610,606,575,576,604,207,567,570,571,579,580,577,578,587,609,588,595,589,590,581,583,585,586,594,596,209,591,584,592,599,600,597,598,603,605,601,572,602,569,608,607,582,568,616,618,214,444,218,611,452,612,621,622,619,620,625,627,623,458,624,461,634,636,215,459,219,629,460,630,639,640,637,638,258,446,268,447,670,271,661,664,283,246,286,243,655,261,653,663,665,666,260,259,647,270,656,648,657,658,669,671,667,645,668,676,677,678,269,672,673,674,681,682,679,680,687,688,689,690,683,684,685,686,694,275,278,691,697,293,695,292,700,699,701,702,704,703,707,300,705,711,712,710,708,709,714,713,715,796,786,853,771,862,770,821,812,758,759,832,732,851,823,805,754,727,858,757,797,843,835,825,822,751,767,769,789,798,841,807,784,846,815,813,740,859,766,731,854,760,734,724,725,756,866,839,820,838,833,753,741,860,742,721,719,777,776,775,774,773,772,781,783,782,778,780,779,747,824,717,826,802,743,818,810,870,830,849,837,716,735,744,863,844,816,788,814,809,730,861,746,871,804,791,836,723,750,803,749,801,847,790,856,763,722,739,729,785,738,787,848,869,864,793,842,726,765,852,737,811,795,764,762,845,745,831,736,800,840,748,817,827,794,857,728,834,718,755,867,819,850,733,752,768,806,720,799,829,868,761,855,865,828,792,808
BOUND 2 2 1 3,11,6,5,10,1,7,17,2,4,9,26,15,34,27,12,20,47,36,8,49,33,32,21,19,16,13,61,80,64,62,48,44,38,68,25,63,14,18,28,31,103,106,22,127,76,39,23,24,81,29,30,116,66,35,50,92,156,161,37,40,41,60,52,157,97,162,55,154,181,153,184,114,111,113,79,109,57,46,51,56,226,122,143,233,227,137,141,138,115,193,78,177,98,120,117,54,107,142,67,108,43,112,87,244,102,94,284,163,121,164,42,159,160,234,134,149,344,332,274,281,231,65,85,58,45,126,264,315,202,150,217,93,53,59,105,104,229,368,354,230,241,232,266,399,400,380,324,96,327,416,382,188,187,297,125,123,148,75,73,135,100,77,74,413,86,267,257,205,398,301,130,212,262,441,471,133,263,468,72,189,476,494,180,365,367,69,71,70,496,478,418,273,404,350,528,549,550,529,427,386,172,429,352,432,573,531,593,552,384,356,381,201,613,631,341,343,633,615,265,147,129,194,186,200,228,166,82,89,88,83,84,124,90,248,650,357,249,254,255,99,652,276,136,240,282,239,252,251,374,238,235,346,247,245,185,369,654,659,660,641,394,401,330,396,328,403,675,643,646,662,348,91,95,288,651,333,289,294,295,110,649,236,101,280,242,279,351,698,696,304,303,370,287,285,216,345,204,706,524,472,372,693,692,214,614,139,140,182,477,118,119,642,626,222,261,655,258,634,218,151,219,152,158,530,535,131,144,199,128,196,312,697,725,754,724,756,145,293,146,296,290,132,311,155,363,632,376,215,470,275,298,670,308,648,440,375,719,735,716,734,271,253,270,256,250,224,307,168,339,495,695,183,366,237,272,210,688,556,221,173,323,636,377,551,213,486,479,732,729,268,197,269,174,198,220,836,469,338,340,178,837,167,223,190,489,191,507,764,179,762,192,438,597,666,321,506,412,661,746,850,744,847,492,259,598,225,260,467,579,792,169,209,604,208,564,753,165,580,211,466,644,509,306,310,314,533,406,566,326,434,480,617,379,515,475,612,313,347,481,596,371,408,592,618,175,203,410,170,195,473,171,176,390,635,309,445,407,823,605,545,852,829,672,687,727,442,389,448,447,461,600,791,373,462,405,426,457,800,747,790,748,799,414,718,599,463,717,624,570,699,543,526,705,588,711,713,609,568,544,207,590,206,704,685,575,325,331,329,527,521,858,490,510,450,547,565,814,859,726,522,678,583,586,460,789,803,385,392,395,548,433,665,465,538,454,720,804,721,788,668,539,820,572,752,627,769,714,715,534,673,436,523,768,513,765,431,437,870,766,831,516,512,595,745,520,830,455,690,541,843,628,435,867,710,491,504,497,417,424,751,453,750,451,452,569,783,772,708,517,866,498,305,444,322,840,602,554,739,868,738,869,723,443,722,446,449,464,317,378,349,459,320,653,456,684,749,737,680,679,316,458,393,487,355,364,415,645,246,283,243,286,319,318,629,728,546,419,425,428,658,362,741,353,743,647,787,763,805,664,563,834,833,540,391,482,576,832,835,815,638,637,483,383,733,585,864,630,532,841,775,291,292,778,302,342,277,278,707,514,755,871,299,300,700,703,511,518,773,584,582,782,610,519,606,771,853,786,796,770,862,812,821,759,758,674,387,767,474,667,337,488,525,797,757,594,681,822,825,603,851,574,553,807,686,798,846,784,682,740,813,537,578,760,854,731,359,334,336,335,616,838,561,839,677,439,656,742,860,557,360,779,780,694,781,712,607,774,608,709,691,776,777,502,861,505,730,809,657,863,844,577,581,816,397,358,361,420,818,810,849,558,536,802,826,824,422,702,560,499,402,625,601,555,639,848,421,503,785,671,623,621,388,856,619,669,801,620,683,842,793,542,571,484,640,795,811,411,409,761,589,587,855,493,611,500,857,794,827,817,663,676,508,701,591,806,423,689,562,567,819,559,501,485,622,845,736,828,865,430,808
CELL 3 1 24
STAB 3 1 -1 2,1,7,4,5,6,3,10,9,8,12,11,13,16,15,14,21,22,20,19,17,18,23,25,24,37,32,29,28,30,31,27,34,33,36,35,26,42,41,40,39,38,44,43,48,47,46,45,50,49,51,53,52,55,54,57,56,63,62,83,92,59,58,67,66,65,64,91,77,78,75,76,74,73,71,72,69,70,84,85,82,81,60,79,80,87,86,90,89,88,68,61,94,93,97,96,95,101,109,100,98,107,108,112,106,105,102,103,99,111,110,104,115,116,113,114,118,117,119,120,122,121,128,132,131,130,212,123,133,126,125,124,129,148,135,137,136,139,138,140,141,143,142,151,153,152,154,134,150,149,144,146,145,147,158,313,325,155,217,200,306,310,216,185,166,165,168,167,173,174,172,171,169,170,180,177,176,179,178,175,436,190,191,408,164,188,203,186,211,182,183,195,194,193,192,206,208,207,209,160,202,201,187,205,204,196,198,197,199,213,189,127,210,218,219,163,159,214,215,225,222,221,224,223,220,353,374,251,265,272,285,245,319,262,238,250,237,235,248,249,254,256,255,257,232,247,246,239,240,236,228,253,252,241,243,242,244,268,270,269,271,234,264,263,229,267,266,258,260,259,261,230,291,302,278,290,277,275,288,289,294,296,295,297,231,287,286,279,280,276,273,293,292,281,283,282,284,299,298,300,301,274,304,303,308,161,307,305,312,162,311,309,156,315,314,323,324,322,233,321,320,318,316,317,157,327,326,331,330,329,328,333,332,342,343,340,341,339,338,336,337,334,335,347,346,345,344,349,348,351,350,352,226,357,356,355,354,366,367,364,365,363,362,360,361,358,359,371,370,369,368,373,372,227,377,376,375,381,380,379,378,385,384,383,382,430,395,396,393,394,392,391,389,390,387,388,401,400,415,398,397,403,402,414,412,413,411,184,410,409,407,405,406,404,399,419,418,417,416,428,429,426,427,425,424,422,423,420,421,386,432,431,440,441,439,181,438,437,435,433,434,450,451,452,453,447,446,449,448,442,443,444,445,457,456,455,454,461,460,459,458,465,464,463,462,568,511,512,510,582,515,519,607,477,476,475,474,481,480,479,478,490,491,488,489,487,486,484,485,482,483,495,494,493,492,499,498,497,496,508,509,506,507,505,504,502,503,500,501,469,467,468,514,513,471,523,524,522,472,521,520,518,516,517,530,529,584,592,526,525,534,533,532,531,591,544,545,542,543,541,540,538,539,536,537,551,550,570,571,547,546,555,554,553,552,567,565,566,563,564,562,561,559,560,557,558,556,466,572,548,549,569,576,575,574,573,589,590,587,588,585,470,586,527,581,583,579,580,577,578,535,528,596,595,594,593,605,606,603,604,602,601,599,600,597,598,473,609,608,610,614,613,612,611,618,617,616,615,627,628,625,626,624,623,621,622,619,620,632,631,630,629,636,635,634,633,643,644,641,642,639,640,637,638,646,645,648,647,651,652,649,650,669,670,671,661,660,673,674,657,656,665,664,663,662,672,668,667,653,654,655,666,658,659,678,677,676,675,689,690,687,688,685,686,683,684,681,682,679,680,692,691,694,693,695,700,702,699,698,696,704,697,703,701,709,710,708,707,705,706,712,711,715,714,713,720,722,721,723,716,718,717,719,726,727,724,725,729,728,731,730,734,735,732,733,737,736,742,743,741,740,738,739,747,748,749,744,745,746,752,753,750,751,809,761,812,759,765,757,771,755,768,769,770,758,767,766,762,763,764,760,773,772,779,780,781,778,777,774,775,776,783,782,788,789,787,786,784,785,795,792,791,794,793,790,806,799,802,797,801,800,798,807,805,804,796,803,810,754,808,813,756,811,815,814,817,816,819,818,825,826,824,827,822,820,821,823,829,828,834,835,833,832,830,831,859,856,853,850,841,840,843,842,847,846,845,844,851,852,839,848,849,838,855,854,837,860,863,836,857,862,861,858,868,869,867,866,864,865,871,870
STAB 3 1 -1 2,8,7,12,9,6,3,10,5,1,4,13,11,35,37,32,21,45,42,19,43,50,46,34,33,15,14,58,72,82,91,41,25,24,39,16,40,20,27,26,36,38,44,17,52,51,23,22,18,53,47,49,48,70,59,67,65,71,69,92,83,54,29,57,74,56,73,31,78,77,76,75,66,64,63,28,62,55,85,84,30,89,93,86,88,90,79,87,81,80,96,95,97,60,94,68,61,121,257,185,122,107,108,245,254,105,285,294,306,297,310,104,313,325,319,212,194,337,346,176,98,101,200,262,217,148,114,317,335,326,201,314,302,130,216,143,142,353,361,370,374,137,136,378,397,414,430,329,291,171,390,423,408,436,333,115,116,263,131,128,99,110,135,100,359,272,355,357,434,417,351,149,267,419,431,352,120,415,421,186,147,474,492,145,307,437,211,175,203,485,503,510,118,336,519,525,546,567,591,316,222,125,409,607,568,539,580,560,600,388,402,331,379,611,629,311,221,622,640,383,202,159,398,406,385,139,141,265,251,165,102,112,113,132,235,296,345,238,248,249,106,290,287,109,232,295,246,240,239,349,253,228,377,241,243,371,305,635,656,672,671,320,339,155,375,169,433,633,682,654,647,358,150,129,303,256,369,304,288,289,103,250,247,111,231,255,286,691,694,373,350,699,702,281,283,347,309,515,513,708,582,334,275,278,161,308,164,244,162,312,163,284,318,321,124,324,323,233,322,315,234,156,160,123,328,330,126,127,327,134,157,158,338,343,342,341,340,264,332,193,117,274,133,282,119,237,348,236,344,172,273,177,360,167,363,168,362,367,366,365,364,356,354,226,138,230,166,242,140,277,372,276,368,376,252,227,229,389,387,210,151,220,392,225,391,154,396,395,394,393,384,382,381,144,380,213,407,405,179,224,153,410,189,152,413,412,184,411,403,187,401,400,223,422,420,170,425,174,424,429,428,427,426,418,416,404,146,399,178,435,438,180,441,440,181,439,432,188,386,266,173,537,553,612,475,636,634,499,497,526,555,620,483,547,534,532,558,618,630,638,616,493,481,479,501,204,512,511,195,301,299,192,205,484,482,453,190,464,487,463,486,491,490,489,488,480,478,477,182,476,445,502,500,465,191,449,505,448,504,509,508,507,506,498,496,495,183,494,462,518,517,516,521,298,520,524,523,472,522,514,471,469,468,467,538,536,592,584,442,206,456,541,455,540,209,545,544,543,542,533,531,530,196,529,450,559,557,571,570,457,208,443,562,451,561,207,566,565,564,563,554,552,551,197,550,454,579,608,594,578,577,596,586,585,583,581,590,589,588,587,575,610,576,598,573,574,556,198,549,548,599,597,569,602,572,601,606,605,604,603,595,593,535,199,528,527,609,473,466,470,621,619,452,218,461,624,458,623,628,627,626,625,617,615,614,214,613,444,639,637,460,219,447,268,446,258,644,643,642,641,632,215,631,459,665,663,657,261,652,651,650,649,670,669,271,653,655,674,673,648,270,646,668,645,667,269,664,662,661,259,660,681,680,679,686,685,684,683,690,689,688,687,677,678,675,676,666,260,659,658,692,279,280,693,700,695,292,293,701,703,697,704,696,698,710,709,300,714,711,713,715,705,712,707,706,732,792,801,733,805,784,867,841,812,809,863,827,804,734,848,757,728,833,720,723,811,746,865,864,854,786,794,769,844,758,839,795,797,736,842,866,807,791,727,870,726,806,771,730,765,826,859,739,856,748,871,821,835,834,798,799,782,783,779,780,775,774,777,778,781,776,772,773,819,852,808,740,718,825,744,722,751,738,822,853,759,760,816,745,721,818,764,750,716,729,851,860,855,861,787,850,846,737,836,831,837,802,788,800,785,755,869,725,793,829,766,862,820,849,763,762,735,840,868,814,768,770,790,813,719,832,857,752,838,756,858,747,796,789,749,731,828,847,810,741,817,803,724,815,843,823,754,845,830,824,717,753,743,742,767,761
STAB 3 1 1 2,9,6,4,8,7,3,10,1,5,12,13,11,16,14,15,19,23,24,21,25,18,22,17,20,32,37,54,57,84,83,41,43,42,40,35,39,33,27,36,26,44,38,34,52,53,45,46,50,51,49,47,48,56,29,28,55,74,73,31,91,58,59,72,71,70,69,92,76,75,78,77,63,62,66,67,64,65,30,82,85,90,60,79,88,89,86,81,87,80,97,95,96,93,68,94,61,102,109,99,103,108,107,136,137,104,101,98,100,111,135,105,128,131,132,130,129,158,282,291,294,285,115,113,116,114,148,124,155,125,126,123,118,212,110,106,112,165,167,242,251,254,245,210,224,179,169,221,176,171,220,170,211,175,117,200,217,133,325,313,185,216,310,306,168,139,166,138,180,178,177,149,154,146,173,172,150,152,174,147,186,453,465,203,305,433,408,436,145,464,449,511,302,339,299,442,457,570,584,320,331,326,405,582,568,456,586,443,569,225,223,222,151,452,460,309,329,461,447,213,127,134,153,189,144,272,265,141,374,353,121,142,262,319,239,250,236,240,249,248,143,256,649,257,241,651,243,238,235,237,228,253,376,232,246,140,307,632,648,673,669,316,336,335,375,430,437,631,686,646,663,362,120,194,279,290,276,280,289,288,122,296,652,297,281,650,283,278,275,277,273,293,695,231,286,119,311,192,467,709,607,338,694,691,161,308,244,164,162,312,284,163,321,318,317,233,322,324,323,156,160,315,234,314,330,328,201,202,157,159,327,337,334,341,340,343,342,193,274,264,333,332,263,346,347,349,348,345,344,352,350,351,363,361,360,359,358,365,364,367,366,226,230,356,357,354,355,370,371,373,372,369,368,377,227,252,229,392,391,378,379,390,389,388,387,267,394,393,396,395,381,380,384,385,382,383,410,409,414,397,398,407,406,415,184,411,413,412,401,400,403,187,402,425,424,423,422,421,420,427,426,429,428,404,399,418,419,416,417,438,435,434,181,439,441,440,386,266,432,188,431,455,454,218,190,215,459,183,462,206,197,458,463,208,196,450,451,214,219,446,444,191,182,445,448,204,195,510,512,205,519,515,301,487,486,474,475,485,484,483,482,489,488,491,490,477,476,480,481,478,479,505,504,492,493,503,502,501,500,507,506,509,508,495,494,498,499,496,497,521,298,520,518,517,516,472,522,524,523,469,468,514,471,513,541,540,209,591,525,526,539,538,537,536,592,543,542,545,544,530,529,533,534,531,532,562,561,207,567,546,547,560,559,558,557,571,564,563,566,565,551,550,554,555,552,553,585,470,527,583,581,199,580,579,578,577,588,587,590,589,556,466,198,572,549,548,575,576,573,574,602,601,600,599,598,597,604,603,606,605,535,528,595,596,593,594,473,609,610,608,624,623,611,612,622,621,620,619,626,625,628,627,614,613,617,618,615,616,268,258,629,630,640,639,638,637,642,641,644,643,635,636,633,634,259,647,270,645,247,295,255,287,271,671,670,668,667,269,672,656,657,654,653,261,655,674,661,660,664,665,662,685,684,683,682,681,680,679,688,687,690,689,666,260,659,658,677,678,675,676,693,303,304,692,292,702,700,699,703,701,697,704,698,696,300,708,710,715,705,713,714,711,707,712,706,759,808,847,799,754,798,755,846,771,730,735,728,731,725,729,727,827,724,806,760,752,814,829,869,866,821,834,825,816,832,860,819,858,831,737,854,815,871,757,810,765,720,812,809,726,717,813,785,790,840,791,786,843,794,784,733,774,775,780,779,783,782,776,773,772,777,781,778,795,793,792,766,764,769,788,787,767,763,789,770,732,723,844,845,838,837,718,836,861,848,823,839,761,716,722,768,841,842,750,736,818,747,744,817,739,867,864,734,852,865,740,796,742,830,738,857,863,748,828,746,850,853,856,859,756,758,762,811,721,719,797,802,862,822,803,804,868,801,870,753,800,749,833,807,835,851,805,745,849,743,826,741,824,820,751,855
STAB 3 1 1 2,5,6,12,1,7,3,10,8,9,4,11,13,35,32,37,19,46,33,21,34,50,45,43,42,14,15,59,67,85,92,27,17,20,26,16,36,24,41,39,40,44,38,25,48,49,22,23,18,47,53,51,52,65,58,72,70,66,64,91,31,29,54,28,63,55,62,83,75,76,77,78,71,69,74,57,73,56,82,30,84,87,93,86,80,81,79,89,90,88,94,61,68,60,96,97,95,285,257,306,294,108,107,142,143,104,121,122,185,297,216,105,200,217,262,148,302,333,347,150,103,102,313,319,325,212,130,314,263,201,326,317,194,114,310,254,245,272,357,371,265,106,112,379,398,415,267,159,120,149,385,419,203,186,337,128,131,335,116,115,100,135,110,99,355,353,359,361,431,421,352,171,430,423,434,351,291,414,417,436,175,475,493,211,244,266,145,147,408,481,499,512,129,264,515,526,547,571,592,234,127,126,400,301,204,534,576,555,596,383,406,202,378,612,630,284,134,618,636,388,331,329,397,402,390,165,251,374,141,139,101,136,132,113,240,296,349,239,249,248,137,290,650,109,241,652,243,235,238,345,253,228,227,232,246,370,164,639,657,674,670,160,193,133,229,154,188,637,678,665,645,354,176,118,691,256,373,694,289,288,98,250,651,111,281,649,283,303,304,369,350,699,700,231,286,346,163,519,517,710,205,332,280,279,308,161,305,307,312,162,309,311,315,156,123,322,233,323,324,318,316,321,320,124,327,157,125,222,328,221,330,117,274,340,341,342,343,336,334,339,158,338,155,119,282,236,344,237,348,177,273,172,356,138,226,166,230,364,365,366,367,360,358,363,167,362,168,140,242,276,368,277,372,252,376,377,375,384,382,151,210,144,381,213,380,169,393,394,395,396,389,387,392,220,391,225,403,187,152,153,224,401,223,179,411,184,412,413,407,405,410,409,189,418,416,146,404,178,399,426,427,428,429,422,420,425,170,424,174,432,386,173,439,181,440,441,435,433,438,437,180,532,558,611,474,640,638,503,501,525,560,616,479,546,539,537,553,622,629,634,620,492,485,483,497,568,510,195,511,607,192,299,582,480,478,190,453,182,477,445,476,488,489,490,491,484,482,487,464,486,463,498,496,191,465,183,495,462,494,506,507,508,509,502,500,505,449,504,448,514,513,471,469,467,468,522,472,523,524,518,516,521,520,298,533,531,591,209,206,442,196,530,450,529,584,542,543,544,545,538,536,541,456,540,455,554,552,567,207,208,457,197,551,454,550,570,563,564,565,566,559,557,562,443,561,451,575,610,598,574,573,600,198,556,548,549,587,588,589,590,579,608,580,594,577,578,585,586,581,583,595,593,199,535,527,528,603,604,605,606,599,597,602,569,601,572,609,473,470,466,617,615,218,452,214,614,444,613,625,626,627,628,621,619,624,461,623,458,635,633,219,460,215,632,459,631,641,642,643,644,268,447,258,446,654,261,656,663,295,247,287,255,671,271,669,664,662,672,269,270,648,259,661,647,660,673,653,655,668,646,667,677,676,675,260,666,658,659,687,688,689,690,681,682,679,680,685,686,683,684,693,278,275,692,702,292,695,293,696,698,704,697,701,703,708,300,709,712,711,706,707,705,714,715,713,806,787,838,760,861,764,826,756,765,757,833,734,848,827,804,809,725,863,759,799,842,831,820,824,753,766,763,785,802,840,803,788,845,814,811,741,836,767,730,855,771,732,726,727,812,867,850,825,853,832,751,740,857,738,718,723,778,781,780,779,772,773,776,782,783,777,775,774,744,822,722,821,798,739,819,808,871,834,852,856,720,733,747,858,847,817,784,815,754,731,862,749,870,805,792,859,719,752,807,746,800,844,795,837,769,717,743,728,789,742,786,851,865,868,794,843,724,758,849,736,813,790,770,768,846,748,835,737,801,841,745,816,823,793,860,729,830,721,761,866,818,839,735,750,762,796,716,797,828,864,755,854,869,829,791,810
STAB 3 1 -1 1,5,6,11,2,3,7,8,10,9,4,12,13,36,27,26,20,47,34,17,33,49,48,44,38,16,15,62,64,80,61,32,21,19,37,14,35,25,39,41,40,43,42,24,45,50,18,23,22,46,52,51,53,66,63,76,78,65,67,68,31,28,55,29,58,54,59,60,71,72,69,70,75,77,73,56,74,57,81,30,79,86,94,87,85,82,84,89,88,90,93,92,91,83,96,95,97,231,244,161,281,103,102,143,142,112,122,121,164,284,163,106,160,159,234,134,274,332,344,149,108,107,156,233,157,127,126,315,264,202,327,324,193,116,162,241,232,230,354,368,229,105,104,380,400,399,266,217,120,150,382,416,187,188,341,123,125,343,114,113,100,135,111,109,356,226,367,365,432,429,352,172,386,427,441,350,273,404,418,181,180,476,494,189,257,267,153,154,184,478,496,468,133,263,471,529,550,549,528,262,212,130,398,301,205,531,573,552,593,384,413,201,381,613,631,297,148,615,633,396,328,330,401,403,394,166,228,227,141,138,98,137,124,115,249,282,348,248,240,239,136,276,652,99,254,650,255,238,235,346,252,251,374,245,247,369,185,641,660,659,654,200,194,129,265,147,186,643,675,662,646,357,177,117,692,242,372,693,280,279,101,236,649,110,294,651,295,304,303,370,351,698,696,285,287,345,216,472,524,706,204,333,289,288,305,306,308,307,309,310,312,311,314,313,128,318,319,316,317,322,323,320,321,132,326,325,131,221,331,222,329,118,302,336,337,334,335,340,342,338,155,339,158,119,296,250,347,237,349,176,291,171,355,139,353,165,272,360,361,358,359,364,366,362,168,363,167,140,256,290,371,277,373,253,376,375,377,383,385,144,213,151,378,210,379,173,389,390,387,388,393,395,391,225,392,220,402,203,146,145,223,397,224,178,407,408,405,406,411,412,409,410,211,417,419,152,414,179,415,422,423,420,421,426,428,424,174,425,170,431,430,169,435,436,433,434,439,440,437,438,175,533,566,614,477,642,644,507,509,530,564,617,480,551,543,545,554,626,632,635,628,495,489,491,498,466,469,192,467,473,195,298,470,479,481,182,445,190,474,453,475,484,485,482,483,488,490,486,463,487,464,497,499,183,462,191,492,465,493,502,503,500,501,506,508,504,448,505,449,513,514,515,510,511,512,518,519,516,517,522,523,520,521,299,532,534,535,199,196,450,206,525,442,526,527,538,539,536,537,542,544,540,455,541,456,553,555,556,198,197,454,208,546,457,547,548,559,560,557,558,563,565,561,451,562,443,574,610,606,575,576,604,207,567,570,571,579,580,577,578,587,609,588,595,589,590,581,583,585,586,594,596,209,591,584,592,599,600,597,598,603,605,601,572,602,569,608,607,582,568,616,618,214,444,218,611,452,612,621,622,619,620,625,627,623,458,624,461,634,636,215,459,219,629,460,630,639,640,637,638,258,446,268,447,670,271,661,664,283,246,286,243,655,261,653,663,665,666,260,259,647,270,656,648,657,658,669,671,667,645,668,676,677,678,269,672,673,674,681,682,679,680,687,688,689,690,683,684,685,686,694,275,278,691,697,293,695,292,700,699,701,702,704,703,707,300,705,711,712,710,708,709,714,713,715,796,786,853,771,862,770,821,812,758,759,832,732,851,823,805,754,727,858,757,797,843,835,825,822,751,767,769,789,798,841,807,784,846,815,813,740,859,766,731,854,760,734,724,725,756,866,839,820,838,833,753,741,860,742,721,719,777,776,775,774,773,772,781,783,782,778,780,779,747,824,717,826,802,743,818,810,870,830,849,837,716,735,744,863,844,816,788,814,809,730,861,746,871,804,791,836,723,750,803,749,801,847,790,856,763,722,739,729,785,738,787,848,869,864,793,842,726,765,852,737,811,795,764,762,845,745,831,736,800,840,748,817,827,794,857,728,834,718,755,867,819,850,733,752,768,806,720,799,829,868,761,855,865,828,792,808
STAB 3 1 -1 1,9,6,4,10,3,7,8,2,5,11,13,12,14,16,15,20,23,25,17,24,22,18,21,19,27,26,55,56,79,60,39,44,38,40,36,41,34,32,35,37,43,42,33,53,52,48,47,49,51,50,46,45,57,28,29,54,73,74,31,68,63,62,76,75,78,77,61,72,71,70,69,58,59,65,64,67,66,30,81,80,88,83,84,90,89,87,82,86,85,95,97,96,94,91,93,92,107,99,109,108,103,102,137,136,112,98,101,100,110,135,106,123,125,124,126,133,155,296,273,281,231,113,115,114,116,134,132,158,131,130,128,117,127,111,105,104,166,168,256,228,241,232,213,223,178,173,222,177,172,225,174,189,180,118,160,159,129,157,156,164,163,162,161,167,138,165,139,175,179,176,150,147,152,169,171,149,146,170,154,188,445,462,187,308,440,184,181,153,463,448,467,274,338,298,450,454,548,527,321,328,327,412,470,466,455,583,451,572,220,224,221,144,444,459,312,330,458,446,210,212,148,145,211,151,230,229,141,227,226,122,143,234,233,248,236,250,249,240,239,142,242,651,244,254,649,255,235,238,237,251,252,376,245,247,140,307,629,647,658,653,323,340,343,377,386,438,630,684,645,664,363,120,193,288,276,290,289,280,279,121,282,650,284,294,652,295,275,278,277,291,292,695,285,287,119,311,195,511,705,473,339,693,692,306,305,257,185,310,309,297,216,320,322,324,319,318,317,316,313,200,314,262,315,329,331,202,201,325,217,326,341,342,337,336,335,334,194,302,263,332,333,264,345,344,348,349,346,347,352,351,350,362,365,364,367,366,361,360,359,358,353,272,355,354,357,356,369,368,372,373,370,371,375,374,253,265,391,392,381,380,394,393,396,395,266,390,389,388,387,378,379,383,382,385,384,409,410,404,401,400,411,413,399,408,407,406,405,397,398,402,203,403,424,425,427,426,429,428,423,422,421,420,414,415,417,416,419,418,437,439,441,436,435,434,433,430,267,431,186,432,456,457,214,182,219,460,191,465,196,208,461,464,197,206,442,443,218,215,447,452,183,190,453,449,205,192,469,468,204,472,471,301,486,487,477,476,489,488,491,490,485,484,483,482,474,475,479,478,481,480,504,505,495,494,507,506,509,508,503,502,501,500,492,493,497,496,499,498,520,299,521,522,524,523,519,518,517,516,510,512,513,515,514,540,541,199,535,530,529,543,542,545,544,528,539,538,537,536,525,526,532,531,534,533,561,562,198,556,551,550,564,563,566,565,549,560,559,558,557,546,547,553,552,555,554,581,582,584,586,585,209,588,587,590,589,580,579,578,577,567,568,207,569,571,570,574,573,576,575,601,602,604,603,606,605,600,599,598,597,591,592,594,593,596,595,607,608,610,609,623,624,614,613,626,625,628,627,622,621,620,619,611,612,616,615,618,617,258,268,632,631,642,641,644,643,640,639,638,637,634,633,636,635,270,648,259,646,246,283,243,286,261,655,654,667,668,260,666,661,660,670,669,271,671,659,656,657,663,662,665,683,686,685,688,687,690,689,682,681,680,679,672,269,674,673,676,675,678,677,694,304,303,691,293,697,696,698,703,704,702,701,699,700,300,707,706,713,709,715,714,712,708,711,710,757,810,844,797,809,802,761,845,760,731,733,729,730,727,728,725,823,726,796,771,750,815,828,865,867,826,830,820,817,833,857,818,863,835,736,855,814,870,759,808,758,716,756,754,724,722,811,789,795,841,792,787,842,793,788,735,779,780,775,774,782,783,781,772,773,778,776,777,790,794,791,767,770,763,784,786,766,769,785,764,734,719,847,846,853,856,721,859,862,851,827,850,755,720,717,762,840,843,752,737,819,744,747,816,743,866,868,732,849,869,741,806,738,834,742,860,858,745,829,749,839,838,837,836,812,765,768,813,718,723,799,798,861,824,807,805,864,800,871,751,801,746,832,803,831,848,804,748,852,739,821,740,822,825,753,854
STAB 3 1 1 1,10,3,11,9,6,7,8,5,2,4,13,12,36,26,27,17,48,38,20,44,49,47,33,34,15,16,63,76,81,68,39,24,25,41,14,40,19,32,37,35,42,43,21,53,51,23,18,22,52,46,50,45,78,62,64,66,75,77,61,60,55,28,56,73,57,74,31,70,69,72,71,65,67,58,29,59,54,80,79,30,89,94,87,90,88,84,86,82,85,96,97,95,83,93,91,92,122,244,164,121,102,103,232,241,106,231,281,161,284,162,112,156,157,233,127,193,341,345,177,101,98,160,234,159,134,116,324,343,327,202,315,274,126,163,142,143,226,365,369,227,136,137,381,401,404,386,330,273,172,394,427,184,181,332,113,114,264,125,123,109,111,135,100,367,230,356,354,441,418,350,150,266,416,432,352,120,399,429,188,154,477,495,153,307,438,189,180,187,489,507,469,117,340,472,530,551,556,535,323,221,131,410,473,466,543,588,564,604,396,403,328,380,614,632,311,222,626,642,384,201,217,400,413,382,138,141,229,228,166,107,104,115,124,238,282,346,235,239,240,105,276,286,99,245,283,247,249,248,348,252,251,375,254,255,368,308,634,661,666,655,321,338,158,377,173,440,636,688,670,648,366,149,133,304,242,370,303,279,280,108,236,246,110,285,243,287,692,693,372,351,698,697,294,295,344,312,471,514,707,470,342,278,275,306,305,185,257,310,309,216,297,322,320,132,317,316,319,318,314,262,313,200,128,331,329,130,212,326,148,325,155,339,335,334,337,336,263,333,194,118,302,129,296,119,237,349,250,347,171,291,176,364,168,362,167,363,359,358,361,360,355,357,353,139,272,165,256,140,277,373,290,371,376,253,374,265,393,395,213,144,225,391,220,392,147,388,387,390,389,383,385,378,151,379,210,411,412,178,223,145,409,211,146,406,405,408,407,402,203,397,398,224,426,428,174,424,170,425,421,420,423,422,417,419,414,152,415,179,439,437,175,434,433,436,435,431,186,430,267,169,545,554,613,476,633,635,496,498,529,552,628,491,550,531,533,566,615,631,644,617,494,478,480,509,205,468,467,192,301,298,195,204,488,490,445,182,463,486,464,487,483,482,485,484,479,481,474,190,475,453,506,508,462,183,448,504,449,505,501,500,503,502,497,499,492,191,493,465,522,524,523,520,299,521,517,516,519,518,513,515,510,512,511,542,544,528,527,450,196,455,540,456,541,199,537,536,539,538,532,534,525,206,526,442,563,565,549,548,454,197,451,561,443,562,198,558,557,560,559,553,555,546,208,547,457,587,609,595,590,589,593,583,581,586,585,578,577,580,579,574,610,573,606,576,575,567,207,571,570,603,605,572,601,569,602,598,597,600,599,594,596,591,209,592,584,608,607,568,582,625,627,444,214,458,623,461,624,620,619,622,621,616,618,611,218,612,452,641,643,459,215,446,258,447,268,638,637,640,639,629,219,630,460,662,664,660,271,650,649,652,651,654,653,261,669,671,659,658,647,259,645,667,646,668,260,663,665,656,270,657,687,690,689,684,683,686,685,680,679,682,681,676,675,678,677,672,269,674,673,691,288,289,694,696,695,293,292,704,703,702,701,700,699,706,705,300,714,712,715,713,709,711,708,710,734,791,800,735,804,788,866,840,756,754,858,823,805,732,851,759,729,832,716,719,813,749,869,868,855,787,793,763,847,765,850,790,799,737,843,867,803,792,725,871,724,796,760,731,758,821,836,743,837,745,870,826,831,830,802,797,783,782,774,775,780,779,778,777,776,781,773,772,818,849,810,741,721,820,747,717,753,742,824,838,757,771,817,748,718,819,770,752,720,728,848,857,854,862,786,839,845,736,859,835,856,798,784,801,789,761,865,727,794,828,767,861,825,852,769,768,733,841,864,815,762,764,795,811,723,833,860,750,853,812,863,744,806,785,746,730,829,844,808,740,816,807,726,814,842,827,809,846,834,822,722,751,739,738,766,755
STAB 3 1 1 1,2,3,4,5,6,7,8,9,10,11,12,13,14,15,16,17,18,19,20,21,22,23,24,25,26,27,28,29,30,31,32,33,34,35,36,37,38,39,40,41,42,43,44,45,46,47,48,49,50,51,52,53,54,55,56,57,58,59,60,61,62,63,64,65,66,67,68,69,70,71,72,73,74,75,76,77,78,79,80,81,82,83,84,85,86,87,88,89,90,91,92,93,94,95,96,97,98,99,100,101,102,103,104,105,106,107,108,109,110,111,112,113,114,115,116,117,118,119,120,121,122,123,124,125,126,127,128,129,130,131,132,133,134,135,136,137,138,139,140,141,142,143,144,145,146,147,148,149,150,151,152,153,154,155,156,157,158,159,160,161,162,163,164,165,166,167,168,169,170,171,172,173,174,175,176,177,178,179,180,181,182,183,184,185,186,187,188,189,190,191,192,193,194,195,196,197,198,199,200,201,202,203,204,205,206,207,208,209,210,211,212,213,214,215,216,217,218,219,220,221,222,223,224,225,226,227,228,229,230,231,232,233,234,235,236,237,238,239,240,241,242,243,244,245,246,247,248,249,250,251,252,253,254,255,256,257,258,259,260,261,262,263,264,265,266,267,268,269,270,271,272,273,274,275,276,277,278,279,280,281,282,283,284,285,286,287,288,289,290,291,292,293,294,295,296,297,298,299,300,301,302,303,304,305,306,307,308,309,310,311,312,313,314,315,316,317,318,319,320,321,322,323,324,325,326,327,328,329,330,331,332,333,334,335,336,337,338,339,340,341,342,343,344,345,346,347,348,349,350,351,352,353,354,355,356,357,358,359,360,361,362,363,364,365,366,367,368,369,370,371,372,373,374,375,376,377,378,379,380,381,382,383,384,385,386,387,388,389,390,391,392,393,394,395,396,397,398,399,400,401,402,403,404,405,406,407,408,409,410,411,412,413,414,415,416,417,418,419,420,421,422,423,424,425,426,427,428,429,430,431,432,433,434,435,436,437,438,439,440,441,442,443,444,445,446,447,448,449,450,451,452,453,454,455,456,457,458,459,460,461,462,463,464,465,466,467,468,469,470,471,472,473,474,475,476,477,478,479,480,481,482,483,484,485,486,487,488,489,490,491,492,493,494,495,496,497,498,499,500,501,502,503,504,505,506,507,508,509,510,511,512,513,514,515,516,517,518,519,520,521,522,523,524,525,526,527,528,529,530,531,532,533,534,535,536,537,538,539,540,541,542,543,544,545,546,547,548,549,550,551,552,553,554,555,556,557,558,559,560,561,562,563,564,565,566,567,568,569,570,571,572,573,574,575,576,577,578,579,580,581,582,583,584,585,586,587,588,589,590,591,592,593,594,595,596,597,598,599,600,601,602,603,604,605,606,607,608,609,610,611,612,613,614,615,616,617,618,619,620,621,622,623,624,625,626,627,628,629,630,631,632,633,634,635,636,637,638,639,640,641,642,643,644,645,646,647,648,649,650,651,652,653,654,655,656,657,658,659,660,661,662,663,664,665,666,667,668,669,670,671,672,673,674,675,676,677,678,679,680,681,682,683,684,685,686,687,688,689,690,691,692,693,694,695,696,697,698,699,700,701,702,703,704,705,706,707,708,709,710,711,712,713,714,715,716,717,718,719,720,721,722,723,724,725,726,727,728,729,730,731,732,733,734,735,736,737,738,739,740,741,742,743,744,745,746,747,748,749,750,751,752,753,754,755,756,757,758,759,760,761,762,763,764,765,766,767,768,769,770,771,772,773,774,775,776,777,778,779,780,781,782,783,784,785,786,787,788,789,790,791,792,793,794,795,796,797,798,799,800,801,802,803,804,805,806,807,808,809,810,811,812,813,814,815,816,817,818,819,820,821,822,823,824,825,826,827,828,829,830,831,832,833,834,835,836,837,838,839,840,841,842,843,844,845,846,847,848,849,850,851,852,853,854,855,856,857,858,859,860,861,862,863,864,865,866,867,868,869,870,871
STAB 3 1 1 5,1,7,11,2,3,6,9,10,8,12,4,13,26,27,36,33,49,17,34,20,47,48,38,44,35,32,64,62,80,61,15,19,21,14,37,16,43,40,41,39,25,24,42,23,18,50,45,46,22,52,53,51,63,66,78,76,55,28,94,92,67,65,59,54,58,29,93,74,57,73,56,77,75,69,70,71,72,87,85,86,79,68,81,30,84,82,90,88,89,60,31,83,91,97,95,96,281,164,161,231,122,121,106,112,142,103,102,244,163,284,143,234,134,160,159,332,274,344,149,107,108,315,324,327,202,201,156,193,127,157,233,264,217,162,232,241,354,230,368,229,104,105,382,187,416,188,116,150,120,380,399,400,266,343,314,326,341,148,262,306,310,297,257,226,356,365,367,386,427,172,352,432,429,181,273,350,418,404,441,434,478,496,406,109,154,398,267,413,476,494,471,263,133,468,531,552,573,593,113,130,212,153,205,301,529,549,550,528,381,184,126,384,615,633,111,114,613,631,394,330,328,403,401,396,355,253,252,265,357,294,254,317,200,248,346,348,249,238,235,245,369,247,185,137,255,650,240,239,282,227,374,251,136,652,276,99,643,662,675,646,115,129,194,141,186,147,641,659,660,654,138,351,333,693,370,372,692,304,303,285,345,287,216,98,295,651,280,279,242,177,696,698,101,649,236,110,524,472,706,204,117,288,289,307,100,308,305,311,135,312,309,123,128,313,321,132,320,124,323,322,316,318,319,125,131,325,329,222,331,221,302,118,339,158,338,155,342,340,334,335,336,337,347,250,296,119,349,237,291,176,171,166,272,165,353,139,363,167,362,168,366,364,358,359,360,361,371,290,256,140,373,277,228,377,375,376,213,144,385,383,379,210,378,151,431,392,220,391,225,395,393,387,388,389,390,223,145,419,203,402,224,397,417,410,211,409,189,412,411,405,407,408,178,146,415,179,414,152,425,170,424,174,428,426,420,421,422,423,173,169,430,438,175,437,180,440,439,433,435,436,530,564,617,480,644,642,509,507,533,566,614,477,554,545,543,551,628,635,632,626,498,491,489,495,610,514,515,513,609,512,517,608,445,182,481,479,475,453,474,190,487,464,486,463,490,488,482,483,484,485,462,183,499,497,493,465,492,191,505,449,504,448,508,506,500,501,502,503,467,469,192,511,510,195,521,299,520,298,523,522,516,518,519,450,196,595,596,534,532,526,442,525,206,594,541,456,540,455,544,542,536,537,538,539,454,197,575,576,555,553,547,457,546,208,574,562,443,561,451,565,563,557,558,559,560,548,466,604,556,198,606,571,570,567,207,585,586,581,583,589,473,590,535,587,588,577,578,579,580,527,199,592,584,591,209,602,569,601,572,605,603,597,598,599,600,470,582,607,568,444,214,618,616,612,452,611,218,624,461,623,458,627,625,619,620,621,622,459,215,636,634,630,460,629,219,268,447,258,446,637,638,639,640,271,670,664,661,286,243,283,246,667,645,668,647,259,677,678,665,663,657,648,656,270,676,671,669,655,261,653,658,666,260,674,673,672,269,685,686,683,684,689,690,687,688,679,680,681,682,275,694,691,278,697,699,702,700,292,293,703,695,704,701,712,710,711,705,707,300,709,708,715,713,714,862,821,770,812,796,853,786,771,832,732,758,759,823,851,754,805,757,797,727,858,835,843,769,789,767,751,825,822,784,846,815,798,841,807,859,766,813,740,804,866,723,725,833,734,719,854,860,742,721,724,741,753,839,820,838,756,776,777,783,782,778,781,772,775,774,773,779,780,802,743,826,717,747,824,837,870,810,849,830,818,861,863,788,735,816,844,744,746,730,809,716,814,791,731,871,750,760,836,749,803,847,801,856,790,738,787,785,848,739,763,722,729,864,869,852,737,765,726,793,842,752,819,718,857,745,845,736,831,817,748,840,800,728,834,762,827,794,764,867,755,795,768,799,811,850,720,806,733,865,828,855,761,829,868,808,792
STAB 3 1 1 5,8,7,12,10,3,6,9,2,1,11,13,4,37,35,32,33,45,43,34,42,46,50,19,21,27,36,65,70,86,93,40,38,44,39,26,41,17,15,16,14,25,24,20,51,52,48,49,47,53,18,22,23,72,67,59,58,69,71,92,94,66,64,78,77,76,75,61,57,74,56,73,54,29,55,62,28,63,85,87,80,88,91,82,89,90,81,84,79,30,95,96,97,68,83,60,31,108,185,257,107,122,121,254,245,142,294,285,306,216,310,143,314,326,317,201,263,335,250,350,231,281,262,200,148,217,159,319,337,325,212,313,333,202,297,104,105,355,359,290,253,232,241,383,402,417,431,331,351,352,388,421,406,434,302,234,134,194,327,315,244,284,162,161,361,357,353,272,436,414,291,120,186,415,430,171,149,419,423,267,266,479,497,400,308,439,413,441,398,483,501,513,332,334,517,532,553,574,594,318,330,157,411,608,610,537,578,558,598,390,397,329,385,616,634,312,328,620,638,378,130,114,203,408,379,354,229,265,252,356,103,106,160,324,249,345,296,248,238,235,112,370,295,164,137,287,650,239,240,349,374,227,377,136,652,371,305,460,663,676,668,322,342,341,376,432,435,219,680,261,661,360,150,264,289,369,256,288,304,303,102,346,255,163,98,247,651,694,691,373,176,700,702,101,649,347,309,512,510,711,609,336,692,693,100,307,109,99,135,311,111,110,316,323,233,132,321,124,320,128,115,123,113,156,221,222,127,126,131,116,125,343,340,158,339,155,338,129,118,133,274,117,193,236,344,348,237,282,119,172,177,273,358,367,366,365,364,167,363,168,362,165,139,166,230,138,226,276,368,372,277,242,140,375,251,228,141,387,389,384,382,396,395,394,393,188,220,392,225,391,210,151,213,380,144,381,405,407,418,403,187,412,184,416,211,410,189,409,224,153,223,145,401,420,422,429,428,427,426,170,425,174,424,179,152,178,399,146,404,433,440,181,175,438,180,437,169,154,173,147,386,539,546,618,481,630,629,493,492,534,547,622,485,555,526,525,560,612,636,640,611,499,475,474,503,301,515,514,471,204,524,468,205,482,484,480,478,491,490,489,488,464,487,463,486,453,190,445,476,182,477,500,502,498,496,509,508,507,506,449,505,448,504,465,191,462,494,183,495,516,519,518,523,472,522,299,521,298,520,511,195,467,192,469,536,538,596,595,533,531,545,544,543,542,593,456,541,455,540,442,206,450,529,196,530,557,559,576,575,554,552,566,565,564,563,573,443,562,451,561,457,208,454,550,197,551,577,607,591,580,579,592,590,589,588,587,586,585,583,581,570,568,571,600,207,567,548,549,198,556,597,599,606,605,604,603,569,602,572,601,584,209,527,528,199,535,582,470,466,473,619,621,617,615,628,627,626,625,461,624,458,623,452,218,444,613,214,614,637,639,635,633,644,643,642,641,447,268,446,258,459,631,215,632,657,656,665,654,243,286,246,283,645,667,646,655,653,678,677,664,662,271,671,670,669,675,648,270,647,660,259,679,682,681,690,689,688,687,686,685,684,683,673,674,269,672,658,659,260,666,275,280,279,278,699,697,698,696,701,704,695,703,293,292,710,712,706,713,708,714,715,707,709,705,300,727,870,816,858,730,747,855,745,723,804,799,848,809,757,827,734,851,765,862,812,836,807,868,829,755,717,849,742,800,724,762,837,735,843,831,761,746,810,732,792,832,861,719,805,833,787,752,822,819,846,808,722,737,852,744,863,780,779,783,782,774,775,772,781,778,773,777,776,856,834,871,751,853,738,798,821,740,825,739,718,725,756,801,841,770,790,838,813,796,823,728,768,867,806,826,857,748,835,811,842,795,788,802,844,824,854,828,759,830,864,753,720,763,794,820,839,797,845,865,803,860,721,818,750,771,726,850,859,764,760,733,784,716,743,815,754,869,817,791,767,847,814,758,749,736,729,731,840,793,785,786,766,789,769,741,866
STAB 3 1 -1 5,10,3,11,8,7,6,9,1,2,12,13,4,26,36,27,34,48,44,33,38,47,49,20,17,32,35,66,78,87,94,40,42,43,41,37,39,21,15,14,16,24,25,19,51,53,45,50,46,52,22,18,23,76,64,62,63,77,75,61,93,65,67,70,69,72,71,92,56,73,57,74,55,28,54,59,29,58,80,86,85,90,68,81,89,88,82,79,84,30,97,96,95,91,60,83,31,103,164,244,102,121,122,241,232,143,281,231,161,163,162,142,315,327,324,202,264,343,236,351,285,294,234,160,134,159,217,233,341,157,127,156,332,201,284,112,106,356,367,276,252,245,254,384,403,418,432,328,350,352,396,429,413,441,274,262,148,193,326,314,257,297,310,306,365,354,226,230,181,404,273,120,188,399,386,172,150,416,427,266,267,480,498,398,305,435,406,434,400,491,509,514,333,342,524,533,554,575,595,322,329,325,407,609,610,545,590,566,606,394,401,330,382,617,635,309,331,628,644,381,126,116,187,184,380,357,265,229,253,355,108,105,200,317,240,346,282,239,235,238,104,369,283,185,136,286,652,248,249,348,227,374,375,137,650,368,308,459,664,677,667,318,334,337,376,431,439,215,690,271,656,364,149,263,280,370,242,279,303,304,107,345,243,216,101,246,649,693,692,372,177,696,697,98,651,344,312,468,469,712,608,340,691,694,100,307,99,109,135,311,110,111,323,316,319,124,320,132,321,123,113,128,115,313,222,221,212,130,125,114,131,335,336,155,338,158,339,133,117,129,302,118,194,250,347,349,237,296,119,171,176,291,366,359,358,361,360,168,362,167,363,166,138,165,272,139,353,290,371,373,277,256,140,377,228,251,141,395,393,383,385,388,387,390,389,186,225,391,220,392,213,144,210,379,151,378,412,411,417,402,203,405,408,419,189,409,211,410,223,145,224,153,397,428,426,421,420,423,422,174,424,170,425,178,146,179,415,152,414,440,433,436,180,437,175,438,173,147,169,154,430,543,551,615,478,631,632,494,495,531,550,626,489,552,529,530,564,613,633,642,614,496,476,477,507,301,471,513,515,205,517,512,204,490,488,479,481,483,482,485,484,463,486,464,487,445,182,453,475,190,474,508,506,497,499,501,500,503,502,448,504,449,505,462,183,465,493,191,492,523,472,522,516,519,518,298,520,299,521,467,192,511,195,510,544,542,593,594,532,534,537,536,539,538,596,455,540,456,541,450,196,442,526,206,525,565,563,573,574,553,555,558,557,560,559,576,451,561,443,562,454,197,457,547,208,546,589,473,535,588,587,528,578,577,580,579,583,581,586,585,548,466,549,604,198,556,570,571,207,567,605,603,598,597,600,599,572,601,569,602,527,199,584,592,209,591,470,582,568,607,627,625,616,618,620,619,622,621,458,623,461,624,444,214,452,612,218,611,643,641,634,636,638,637,640,639,446,258,447,268,460,630,219,629,660,661,662,670,255,287,247,295,646,668,645,671,669,675,676,663,665,261,655,654,653,678,647,259,648,657,270,689,688,687,680,679,682,681,684,683,686,685,658,659,260,666,673,674,269,672,278,289,288,275,698,702,699,700,704,701,695,703,292,293,706,711,710,715,707,714,713,708,705,709,300,725,871,817,863,731,744,854,748,719,805,797,851,754,759,823,732,848,758,861,756,859,803,864,828,761,722,852,738,801,726,768,856,733,842,835,755,749,808,734,791,833,862,723,804,832,786,750,824,818,845,810,717,736,849,747,858,775,774,782,783,779,780,773,776,777,772,778,781,837,830,870,753,838,742,802,826,741,820,743,721,727,812,800,840,764,795,853,811,806,827,729,762,866,796,821,860,745,831,813,843,790,784,798,847,822,855,829,757,834,868,751,716,769,793,825,850,799,846,869,807,857,718,819,752,760,724,839,836,770,771,735,788,720,739,814,809,865,816,792,766,844,815,765,746,737,728,730,841,794,789,787,767,785,763,740,867
STAB 3 1 -1 5,2,3,12,1,7,6,9,8,10,11,4,13,37,32,35,34,50,21,33,19,46,45,42,43,36,27,67,59,85,92,15,20,17,16,26,14,44,40,39,41,24,25,38,23,22,49,48,47,18,53,52,51,58,65,70,72,54,29,93,61,64,66,62,55,63,28,94,73,56,74,57,69,71,77,78,75,76,86,80,87,84,91,82,30,79,81,88,90,89,83,31,60,68,95,97,96,294,185,306,285,121,122,105,104,143,108,107,257,216,297,142,262,148,200,217,333,302,347,150,102,103,314,317,326,201,202,313,194,212,325,319,263,159,310,245,254,357,272,371,265,112,106,385,203,419,186,114,149,120,379,415,398,267,335,315,327,337,134,234,161,162,284,244,353,355,361,359,430,423,171,352,431,421,436,291,351,417,414,434,441,481,499,413,99,147,400,266,406,475,493,515,264,129,512,534,555,576,596,115,126,127,145,204,301,526,571,547,592,378,408,130,383,618,636,110,116,612,630,390,329,331,402,397,388,356,252,253,229,354,281,241,324,160,239,345,349,240,235,238,232,370,246,164,136,243,652,249,248,296,374,227,228,137,650,290,109,637,665,678,645,113,133,193,141,188,154,639,674,657,670,139,350,332,694,369,373,691,303,304,231,346,286,163,101,283,649,289,288,256,176,700,699,98,651,250,111,517,519,710,205,118,279,280,307,100,305,308,311,135,309,312,128,123,156,320,124,321,132,316,318,323,322,233,131,125,157,330,221,328,222,274,117,338,155,339,158,334,336,342,343,340,341,344,236,282,119,348,237,273,177,172,165,230,166,226,138,362,168,363,167,358,360,366,367,364,365,368,276,242,140,372,277,251,375,377,376,210,151,382,384,380,213,381,144,432,391,225,392,220,387,389,395,396,393,394,224,153,416,187,403,223,401,418,409,189,410,211,405,407,412,411,184,179,152,399,178,404,146,424,174,425,170,420,422,428,429,426,427,169,173,386,437,180,438,175,433,435,440,439,181,525,560,616,479,638,640,501,503,532,558,611,474,553,537,539,546,620,634,629,622,497,483,485,492,610,513,471,514,608,468,524,609,453,190,478,480,476,445,477,182,486,463,487,464,482,484,490,491,488,489,465,191,496,498,494,462,495,183,504,448,505,449,500,502,508,509,506,507,511,510,195,467,469,192,520,298,521,299,516,518,523,522,472,442,206,594,593,531,533,529,450,530,196,595,540,455,541,456,536,538,544,545,542,543,457,208,574,573,552,554,550,454,551,197,575,561,451,562,443,557,559,565,566,563,564,570,568,600,567,207,598,549,548,556,198,581,583,585,586,577,607,578,591,579,580,589,590,587,588,584,209,528,527,535,199,601,572,602,569,597,599,605,606,603,604,582,470,473,466,452,218,615,617,613,444,614,214,623,458,624,461,619,621,627,628,625,626,460,219,633,635,631,459,632,215,258,446,268,447,643,644,641,642,261,654,663,656,287,255,295,247,668,646,667,648,270,676,675,662,664,660,647,661,259,677,655,653,671,271,669,673,672,269,659,658,666,260,683,684,685,686,679,680,681,682,689,690,687,688,278,693,692,275,702,698,697,696,293,292,703,695,701,704,711,706,712,709,708,300,705,707,713,715,714,861,826,764,756,806,838,787,760,833,734,765,757,827,848,809,804,759,799,725,863,831,842,763,785,766,753,820,824,788,845,814,802,840,803,836,767,811,741,805,867,719,727,832,732,723,855,857,738,718,726,740,751,850,825,853,812,781,778,782,783,777,776,773,780,779,772,774,775,798,739,821,722,744,822,856,871,808,852,834,819,862,858,784,733,817,847,747,749,731,754,720,815,792,730,870,752,771,859,746,807,844,800,837,795,742,786,789,851,743,769,717,728,868,865,849,736,758,724,794,843,750,818,721,860,748,846,737,835,816,745,841,801,729,830,768,823,793,770,866,761,790,762,797,813,839,716,796,735,869,829,854,755,828,864,810,791
STAB 3 1 -1 8,9,6,13,2,3,7,1,10,5,12,4,11,39,41,40,42,51,25,43,24,53,52,44,38,35,37,69,73,88,95,14,21,19,15,32,16,34,36,27,26,17,20,33,22,18,50,46,45,23,48,47,49,74,71,75,77,56,57,96,91,72,70,58,29,59,54,93,63,28,62,55,76,78,64,65,66,67,89,82,86,79,97,90,84,30,85,81,80,87,60,83,31,92,68,61,94,231,305,308,281,294,285,137,136,245,98,101,307,309,311,254,316,221,320,329,334,338,348,171,108,107,318,322,328,331,326,321,339,222,330,323,336,325,312,241,232,358,362,372,375,105,104,387,405,420,433,131,176,291,391,424,409,437,340,317,201,342,212,319,185,216,297,257,363,360,366,364,438,428,177,351,435,426,440,273,350,422,425,439,431,482,500,402,109,169,397,430,411,486,504,516,335,155,520,536,557,577,597,132,114,148,224,582,607,540,581,561,601,392,412,125,389,619,637,111,130,623,258,395,157,327,407,410,393,359,253,376,374,361,122,143,314,313,249,347,344,248,239,240,142,373,651,306,106,649,287,235,238,119,377,265,141,112,295,277,100,642,655,679,259,128,118,302,251,436,175,644,683,667,665,167,352,337,692,371,368,693,694,691,121,349,650,310,103,652,247,275,278,140,172,701,703,102,255,237,135,522,523,713,568,158,289,288,244,99,161,164,284,110,162,163,124,115,200,156,113,160,123,233,324,234,315,262,126,116,217,159,127,202,134,194,129,193,117,274,133,341,343,332,263,264,333,346,250,296,282,345,236,120,150,149,168,353,139,272,165,226,138,230,166,365,367,354,355,356,357,370,290,256,242,369,276,228,227,229,252,225,220,390,388,378,151,379,210,434,381,144,380,213,394,396,382,383,384,385,189,211,423,408,406,153,398,421,401,145,400,223,184,413,187,403,203,174,170,414,152,415,179,404,146,399,178,427,429,416,417,418,419,180,154,267,386,147,266,173,181,441,188,432,186,541,565,621,484,641,643,506,508,538,563,624,487,559,542,544,562,625,639,268,627,502,488,490,505,608,518,519,517,609,510,513,610,463,464,485,483,474,190,475,453,477,182,476,445,489,491,478,479,480,481,448,449,503,501,492,191,493,465,495,183,494,462,507,509,496,497,498,499,298,521,299,195,512,511,469,192,468,467,472,524,471,514,515,455,456,599,600,539,537,525,206,526,442,598,530,196,529,450,543,545,531,532,533,534,451,443,579,580,560,558,546,208,547,457,578,551,197,550,454,564,566,552,553,554,555,583,470,605,585,586,603,567,207,571,570,556,198,549,548,588,473,587,602,590,589,573,574,575,576,572,569,591,209,592,584,535,199,528,527,604,606,593,594,595,596,466,205,301,204,458,461,622,620,611,218,612,452,614,214,613,444,626,628,615,616,617,618,446,447,640,638,629,219,630,460,632,215,631,459,633,634,635,636,669,671,653,668,283,246,286,243,660,647,661,645,646,681,682,654,261,656,270,657,648,680,670,271,662,663,664,684,685,686,672,269,674,673,666,260,659,658,688,687,690,689,675,676,677,678,280,304,303,279,704,699,700,702,695,293,698,292,697,696,714,708,711,705,715,709,300,710,707,706,712,851,740,790,765,823,856,766,726,748,806,840,720,796,862,716,861,809,845,730,745,857,762,785,793,791,871,739,852,764,719,750,718,756,836,850,786,768,821,848,741,799,728,863,827,846,753,749,829,847,735,866,854,803,865,801,841,777,776,781,778,782,783,775,772,773,774,780,779,844,869,867,755,816,864,800,855,761,868,828,817,805,833,795,724,747,802,819,831,727,757,754,736,767,729,751,815,733,807,860,839,721,838,853,770,834,792,769,804,825,794,808,731,824,743,822,752,812,771,789,811,737,744,798,835,858,797,814,746,818,832,758,837,725,738,843,734,763,784,826,717,788,813,723,842,859,759,732,760,820,830,870,810,742,849,722,787
STAB 3 1 -1 8,5,6,12,10,3,7,1,2,9,13,11,4,32,35,37,42,46,34,43,33,45,50,21,19,41,40,70,65,86,93,36,44,38,26,39,27,25,14,16,15,17,20,24,49,48,52,51,53,47,18,23,22,67,72,58,59,64,66,91,96,71,69,75,76,77,78,95,28,63,55,62,29,54,56,73,57,74,82,89,88,80,92,85,87,81,90,30,79,84,61,94,68,97,31,60,83,107,306,257,108,294,285,143,142,245,122,121,185,310,216,254,317,201,314,326,335,263,250,350,281,231,319,313,212,325,329,262,333,217,148,200,337,331,297,105,104,359,355,290,253,241,232,388,406,421,434,202,352,351,383,417,402,431,194,316,221,302,328,318,307,311,312,308,357,361,272,353,186,415,120,291,436,414,267,149,171,423,419,430,437,483,501,409,161,441,411,439,397,479,497,517,334,332,513,537,558,578,598,315,157,330,413,610,608,532,574,553,594,385,398,159,390,620,638,162,327,616,634,379,114,130,408,203,378,358,375,374,376,360,98,137,320,322,248,349,296,249,239,240,136,371,652,305,106,650,287,238,235,345,265,377,227,112,295,370,164,219,261,680,661,324,341,342,252,435,432,460,676,663,668,356,176,336,288,373,256,289,694,691,101,347,649,309,103,651,247,304,303,369,150,702,700,102,255,346,163,510,512,711,609,264,693,692,99,244,109,100,110,284,111,135,234,233,323,113,156,123,160,115,128,124,132,321,134,127,222,125,116,131,126,340,343,117,193,133,274,118,129,155,338,158,339,237,348,344,236,119,282,177,172,273,354,364,365,366,367,138,226,166,230,139,165,168,362,167,363,277,372,368,276,140,242,229,141,228,251,382,384,389,387,393,394,395,396,433,144,381,213,380,151,210,225,391,220,392,187,403,422,407,405,184,412,420,145,401,223,400,153,224,189,211,410,416,418,426,427,428,429,146,404,178,399,152,179,174,424,170,425,188,181,440,147,386,173,266,154,169,180,175,438,534,547,622,485,629,630,492,493,539,546,618,481,560,525,526,555,611,640,636,612,503,474,475,499,607,519,518,516,568,522,520,582,478,480,484,482,488,489,490,491,182,477,445,476,190,453,463,486,464,487,496,498,502,500,506,507,508,509,183,495,462,494,191,465,448,504,449,505,471,515,514,472,523,524,192,469,467,468,195,511,298,299,521,531,533,600,599,538,536,542,543,544,545,597,196,530,450,529,206,442,455,540,456,541,552,554,580,579,559,557,563,564,565,566,577,197,551,454,550,208,457,451,561,443,562,573,301,592,576,575,591,587,588,589,590,198,556,548,549,207,204,567,596,570,571,583,581,586,585,593,595,603,604,605,606,199,535,527,528,209,584,572,601,569,602,205,466,470,473,615,617,621,619,625,626,627,628,214,614,444,613,218,452,458,623,461,624,633,635,639,637,641,642,643,644,215,632,459,631,446,258,447,268,656,657,654,665,246,283,243,286,647,660,259,662,664,682,681,653,655,669,670,671,271,679,270,648,645,667,646,675,678,677,687,688,689,690,260,666,658,659,269,672,673,674,684,683,686,685,280,275,278,279,699,704,703,701,696,697,292,698,293,695,708,714,713,706,710,712,707,715,300,705,709,730,855,747,745,727,816,870,858,799,848,723,804,757,809,734,827,862,812,851,765,807,836,849,742,717,755,868,829,837,735,843,800,724,762,746,810,831,761,806,787,748,805,846,861,863,792,737,852,744,719,722,808,752,822,819,833,779,780,781,778,773,772,775,783,782,774,776,777,853,738,751,871,856,834,718,740,821,739,825,798,728,841,838,756,790,770,801,768,823,796,725,813,826,732,867,835,832,857,842,811,788,795,844,802,864,753,830,720,828,824,854,759,794,763,865,803,845,797,820,839,749,847,817,815,726,771,859,850,784,733,760,764,754,869,750,716,743,818,767,791,721,736,840,860,814,731,729,758,789,769,766,786,793,785,866,741
STAB 3 1 1 8,10,3,13,5,6,7,1,9,2,12,11,4,39,40,41,43,52,38,42,44,53,51,24,25,37,35,71,75,89,96,36,33,34,27,32,26,19,14,15,16,20,17,21,49,47,46,50,45,48,23,18,22,77,69,73,74,76,78,95,93,70,72,65,64,67,66,91,55,62,28,63,56,57,29,58,54,59,88,86,82,81,97,90,87,80,85,79,30,84,68,94,61,92,60,31,83,98,305,307,101,285,294,232,241,254,231,281,308,309,312,245,318,328,322,331,336,340,237,352,121,122,316,320,221,329,325,323,342,330,222,321,334,326,311,136,137,360,364,277,376,142,143,389,407,422,435,327,350,351,393,426,411,439,338,319,212,339,201,317,257,297,216,185,366,358,363,362,440,425,273,291,433,424,438,177,176,420,428,437,430,484,502,397,164,432,402,431,409,488,506,518,337,341,522,538,559,579,599,324,159,217,403,609,608,542,587,563,603,395,410,157,387,621,639,163,202,625,641,392,125,131,405,412,391,361,374,375,253,359,107,104,313,314,235,347,119,238,240,239,105,373,286,306,112,283,295,249,248,344,377,265,229,106,287,372,161,446,653,681,660,315,332,333,252,434,441,447,687,669,657,367,171,335,275,371,140,278,691,694,108,349,246,310,102,243,255,692,693,368,172,701,704,103,247,348,162,520,521,714,610,343,303,304,99,244,100,109,110,284,135,111,233,234,262,123,160,113,156,124,132,115,128,200,127,134,148,114,126,130,116,263,264,133,274,117,193,155,158,118,194,129,302,250,346,345,236,296,282,149,150,120,365,355,354,357,356,166,230,138,226,168,167,139,353,165,272,290,370,369,276,256,242,227,228,141,251,394,396,388,390,383,382,385,384,436,213,380,144,381,225,220,151,378,210,379,184,413,421,406,408,187,203,423,223,400,145,401,189,211,153,224,398,427,429,417,416,419,418,178,399,146,404,174,170,152,414,179,415,181,188,186,173,266,147,386,180,175,154,169,267,544,562,619,482,258,268,504,505,536,561,627,490,557,540,541,565,623,637,643,624,500,486,487,508,607,516,517,519,582,513,510,568,489,491,483,485,479,478,481,480,445,476,182,477,463,464,190,474,453,475,507,509,501,503,497,496,499,498,462,494,183,495,448,449,191,492,465,493,472,523,524,471,515,514,467,468,192,469,298,299,195,511,512,543,545,597,598,537,539,532,531,534,533,600,450,529,196,530,455,456,206,525,442,526,564,566,577,578,558,560,553,552,555,554,580,454,550,197,551,451,443,208,546,457,547,588,473,602,589,590,601,574,573,576,575,548,549,198,556,583,470,581,605,586,585,207,567,570,571,604,606,594,593,596,595,527,528,199,535,572,569,209,591,584,592,466,205,204,301,626,628,620,622,616,615,618,617,444,613,214,614,458,461,218,611,452,612,642,644,638,640,634,633,636,635,459,631,215,632,219,629,460,630,667,668,655,671,649,650,651,652,259,661,647,670,271,679,680,261,654,663,662,665,664,682,645,646,270,656,648,688,689,690,676,675,678,677,658,659,260,666,684,683,686,685,269,672,673,674,279,288,289,280,703,700,699,702,697,696,292,698,695,293,713,711,708,707,715,712,706,710,705,300,709,728,751,818,833,729,819,753,832,846,861,845,862,716,720,796,806,804,840,805,841,850,839,824,830,810,808,822,834,838,771,813,853,760,811,857,717,860,722,827,767,863,851,799,848,748,766,815,864,817,797,761,755,814,868,816,745,772,773,778,781,780,779,774,777,776,775,782,783,800,828,855,854,801,829,844,867,866,865,869,847,730,765,837,758,784,788,856,842,732,734,731,843,741,823,740,749,858,746,768,762,770,764,718,721,852,870,742,809,738,849,871,754,785,789,739,859,723,719,743,836,835,798,744,737,733,735,803,807,790,726,724,795,759,825,736,757,820,747,787,786,802,750,812,831,752,725,727,756,763,793,792,791,769,794,821,826
STAB 3 1 1 8,2,3,12,9,6,7,1,5,10,13,4,11,32,37,35,43,50,19,42,21,45,46,33,34,40,41,72,58,82,91,14,24,25,16,39,15,38,36,26,27,20,17,44,22,23,51,52,53,18,47,48,49,59,70,65,67,29,54,93,95,69,71,73,56,74,57,96,62,55,63,28,64,66,76,75,78,77,86,88,89,30,92,85,84,79,90,80,81,87,31,83,60,97,61,68,94,122,306,185,121,285,294,104,105,254,107,108,257,310,297,245,319,212,313,325,337,194,346,176,101,98,317,314,201,326,331,200,302,148,217,262,335,329,216,142,143,361,353,370,374,136,137,390,408,423,436,130,171,291,378,414,397,430,263,318,328,333,221,316,308,312,311,307,272,359,357,355,267,419,149,351,434,417,186,120,352,421,415,431,439,485,503,411,100,175,409,437,402,474,492,519,336,118,510,539,560,580,600,128,125,222,211,568,607,525,567,546,591,379,203,114,388,622,640,135,131,611,629,385,159,202,406,398,383,360,376,253,375,358,231,232,322,320,238,349,345,235,240,239,241,371,243,305,112,246,295,248,249,296,265,377,228,106,287,290,109,633,654,682,647,132,155,339,251,433,169,635,672,656,671,165,350,334,304,373,369,303,691,694,281,347,283,309,102,286,255,288,289,256,150,702,699,103,247,250,111,513,515,708,582,129,278,275,244,99,164,161,284,110,163,162,115,124,321,160,123,156,113,234,315,233,324,323,116,126,330,157,134,327,127,338,158,274,133,193,117,332,264,341,340,343,342,348,237,119,282,344,236,273,172,177,139,362,168,363,167,230,166,226,138,354,356,365,364,367,366,372,277,140,242,368,276,141,229,227,252,151,210,387,389,391,225,392,220,435,380,213,381,144,382,384,394,393,396,395,153,224,420,405,407,189,410,422,400,223,401,145,187,403,184,413,412,152,179,424,174,425,170,399,178,404,146,416,418,427,426,429,428,154,180,438,266,173,386,147,188,432,181,441,440,526,555,620,483,634,636,497,499,537,553,612,475,558,532,534,547,616,638,630,618,501,479,481,493,608,517,516,518,610,520,522,609,190,453,482,484,486,463,487,464,476,445,477,182,478,480,489,488,491,490,191,465,500,502,504,448,505,449,494,462,495,183,496,498,507,506,509,508,195,512,511,298,521,299,468,467,469,192,471,514,472,524,523,206,442,598,597,536,538,540,455,541,456,599,529,450,530,196,531,533,543,542,545,544,208,457,578,577,557,559,561,451,562,443,579,550,454,551,197,552,554,564,563,566,565,207,204,596,571,570,594,581,583,585,586,549,548,556,198,573,301,574,592,575,576,588,587,590,589,209,584,601,572,602,569,528,527,535,199,593,595,604,603,606,605,205,466,473,470,218,452,619,621,623,458,624,461,613,444,614,214,615,617,626,625,628,627,219,460,637,639,258,446,268,447,631,459,632,215,642,641,644,643,663,665,261,657,650,649,652,651,661,259,660,270,648,680,679,655,653,667,645,668,646,681,662,664,670,669,271,269,674,673,683,684,685,686,659,658,666,260,675,676,677,678,688,687,690,689,279,692,693,280,700,703,704,701,293,695,698,292,696,697,711,713,714,300,710,709,705,715,706,707,712,805,867,784,841,732,801,792,733,863,827,812,809,734,804,757,848,720,723,728,833,746,811,794,769,786,854,865,864,795,797,736,844,758,839,807,791,842,866,861,826,846,730,748,806,799,870,835,834,798,771,821,871,859,739,856,765,783,782,778,781,776,777,774,779,780,775,773,772,718,825,740,808,819,852,853,751,722,822,738,744,851,745,764,760,818,721,816,860,729,716,759,750,787,727,855,737,726,850,831,836,802,837,800,788,829,766,793,862,869,785,755,725,849,820,868,814,840,735,763,762,815,817,847,749,832,719,752,857,747,858,756,838,731,828,813,796,789,790,741,810,770,843,845,768,803,754,823,724,743,742,753,717,830,824,761,767
STAB 3 1 1 9,8,7,13,2,3,6,5,10,1,4,12,11,40,41,39,24,53,43,25,42,51,52,38,44,16,14,73,69,88,95,37,19,21,32,15,35,17,26,27,36,34,33,20,46,50,18,22,23,45,48,49,47,71,74,77,75,70,72,97,83,57,56,54,59,29,58,60,66,67,64,65,78,76,62,55,63,28,90,84,79,86,96,89,82,85,30,87,80,81,93,91,92,31,94,61,68,281,307,308,231,98,101,254,245,136,294,285,305,311,309,137,320,329,316,221,338,334,348,171,107,108,321,323,330,222,125,318,336,331,328,322,339,131,312,232,241,362,358,372,375,104,105,391,409,424,437,325,291,176,387,420,405,433,342,124,126,340,130,132,99,110,111,109,360,363,364,366,435,426,351,177,438,428,439,350,273,425,422,440,173,486,504,223,257,430,224,169,412,482,500,520,155,335,516,540,561,581,601,319,148,114,397,607,582,536,577,557,597,389,411,326,392,623,258,297,212,619,637,393,327,157,410,407,395,168,228,377,251,167,103,106,123,128,248,119,344,249,235,238,112,277,295,100,143,287,649,239,240,347,376,141,265,142,651,373,306,644,667,683,665,313,302,118,374,175,436,642,679,655,259,361,172,158,693,140,368,692,275,278,102,237,255,135,122,247,652,694,691,371,352,703,701,121,650,349,310,523,522,713,568,337,288,289,164,185,161,244,163,216,162,284,317,200,115,315,262,234,314,324,233,160,156,113,201,217,116,134,202,127,159,129,194,264,333,332,263,343,341,274,133,193,117,282,296,250,346,236,345,150,120,149,359,165,272,139,353,356,357,354,355,367,365,230,166,226,138,242,256,290,370,276,369,253,252,229,227,388,390,220,225,210,379,151,378,180,384,385,382,383,396,394,380,213,381,144,406,408,170,211,189,398,153,174,403,203,187,402,413,184,400,401,145,421,423,179,415,152,414,418,419,416,417,429,427,399,178,404,146,434,267,154,432,186,188,431,441,181,266,386,147,538,563,624,487,643,641,508,506,541,565,621,484,562,544,542,559,627,268,639,625,505,490,488,502,470,521,299,298,473,511,467,466,483,485,464,463,453,475,190,474,480,481,478,479,491,489,476,445,477,182,501,503,449,448,465,493,191,492,498,499,496,497,509,507,494,462,495,183,517,518,519,512,195,510,514,515,471,513,524,472,468,469,192,537,539,602,569,456,455,442,526,206,525,572,533,534,531,532,545,543,529,450,530,196,558,560,585,586,443,451,457,547,208,546,583,554,555,552,553,566,564,550,454,551,197,578,608,603,579,580,605,570,571,207,567,575,576,573,574,590,609,589,599,588,587,549,548,556,198,598,600,584,592,209,591,595,596,593,594,606,604,528,527,535,199,610,301,205,204,620,622,461,458,452,612,218,611,617,618,615,616,628,626,613,444,614,214,638,640,447,446,460,630,219,629,635,636,633,634,631,459,632,215,671,669,668,653,286,243,283,246,662,663,664,261,654,685,686,646,645,648,657,270,656,684,271,670,660,647,661,680,681,682,673,674,269,672,677,678,675,676,690,689,688,687,659,658,666,260,304,280,279,303,704,293,292,695,702,699,696,700,697,698,715,709,705,711,714,708,710,300,712,706,707,823,766,856,726,851,790,740,765,840,720,748,806,862,796,861,716,730,745,809,845,762,857,739,852,871,791,785,793,718,756,836,764,719,750,768,821,850,786,729,753,733,827,735,728,841,741,803,865,801,863,854,866,749,829,847,846,776,777,772,773,774,775,783,781,778,782,779,780,816,864,755,867,844,869,817,761,855,828,868,800,754,724,819,833,802,747,795,736,757,727,805,831,751,848,767,807,799,815,839,860,838,721,770,853,794,808,825,731,769,834,792,804,743,824,789,811,771,812,822,752,842,788,784,843,797,858,746,814,837,758,832,818,734,763,835,725,738,798,717,826,744,859,760,737,813,732,759,723,742,849,810,870,820,830,787,722
STAB 3 1 1 9,1,7,4,10,3,6,5,2,8,13,11,12,15,16,14,24,22,17,25,20,23,18,19,21,41,39,56,55,79,60,26,38,44,36,40,27,43,37,35,32,34,33,42,47,48,52,53,51,49,50,45,46,28,57,54,29,62,63,83,97,74,73,77,78,75,76,95,67,66,65,64,59,58,70,69,72,71,84,90,88,80,31,30,81,87,89,85,86,82,61,68,94,96,92,93,91,108,100,109,107,98,101,106,112,136,103,102,99,135,110,137,124,126,123,125,155,133,296,273,231,281,132,128,130,131,221,113,117,116,114,115,158,222,111,104,105,168,166,256,228,232,241,225,189,174,180,127,172,177,213,178,223,173,129,320,329,118,330,321,305,309,312,308,138,167,139,165,147,152,150,176,175,179,154,149,171,170,146,169,433,463,448,405,161,181,412,440,224,445,462,298,338,274,467,455,451,583,572,156,327,328,184,466,470,450,548,454,527,144,153,134,220,458,446,162,157,444,459,151,148,212,211,145,210,362,375,251,377,363,294,254,316,323,249,237,250,248,235,238,245,140,247,307,143,255,649,240,239,236,141,376,252,142,651,242,244,630,645,684,664,233,343,340,227,438,386,629,658,647,653,226,291,339,289,277,290,288,275,278,285,119,287,311,122,295,652,280,279,276,120,695,292,121,650,282,284,511,195,705,473,193,692,693,185,164,257,306,216,163,297,310,160,324,322,262,315,314,234,200,313,317,319,318,159,202,331,326,217,325,201,342,341,333,264,263,332,302,194,335,334,337,336,349,348,344,345,347,346,351,352,350,230,366,367,364,365,357,356,355,354,272,353,359,358,361,360,373,372,368,369,371,370,229,265,253,374,380,381,392,391,395,396,393,394,437,385,384,383,382,379,378,388,387,390,389,400,401,425,410,409,413,411,424,203,403,402,187,398,397,406,408,407,399,404,428,429,426,427,419,418,417,416,415,414,421,420,423,422,266,441,439,186,432,431,188,267,430,434,436,435,196,208,461,464,460,219,465,191,456,457,214,182,443,442,206,197,452,447,215,218,449,453,190,183,582,299,521,520,568,523,516,607,476,477,487,486,490,491,488,489,481,480,479,478,475,474,483,482,485,484,494,495,505,504,508,509,506,507,499,498,497,496,493,492,501,500,503,502,468,192,469,524,522,472,515,514,513,471,512,510,517,519,518,529,530,569,602,541,540,544,545,542,543,601,534,533,532,531,526,525,537,536,539,538,550,551,586,585,562,561,565,566,563,564,581,555,554,553,552,547,546,558,557,560,559,549,205,209,198,556,584,589,590,587,588,576,575,574,573,571,204,570,199,567,207,578,577,580,579,528,535,605,606,603,604,596,595,594,593,592,591,598,597,600,599,301,610,608,609,613,614,624,623,627,628,625,626,618,617,616,615,612,611,620,619,622,621,631,632,268,258,643,644,641,642,636,635,634,633,638,637,640,639,648,270,646,259,243,286,246,283,663,662,665,660,661,686,685,668,667,671,271,669,670,683,657,656,261,655,654,659,260,666,689,690,687,688,678,677,676,675,674,673,672,269,680,679,682,681,304,694,691,303,293,704,701,703,698,697,700,696,699,702,709,715,713,706,300,707,712,714,710,711,708,809,761,802,845,757,844,810,797,733,729,760,731,727,730,725,728,796,771,823,726,815,750,830,820,826,867,828,865,818,863,835,817,833,857,814,870,736,855,720,722,840,754,841,716,735,808,842,793,788,756,787,792,811,789,795,724,780,779,772,773,778,781,783,775,774,782,777,776,770,763,767,791,790,794,764,766,786,785,769,784,827,846,721,719,856,853,847,850,851,862,734,859,717,759,755,843,758,762,737,752,744,819,816,747,869,741,849,806,868,743,866,732,834,738,829,749,745,858,742,860,803,801,800,807,765,812,813,768,798,799,723,718,805,864,836,861,824,837,751,871,838,831,748,839,746,804,848,832,822,825,740,821,852,739,854,753
STAB 3 1 -1 9,10,3,13,1,7,6,5,8,2,4,11,12,40,39,41,25,52,44,24,38,51,53,42,43,14,16,74,77,90,97,26,20,17,27,15,36,21,37,32,35,33,34,19,47,49,22,18,23,48,45,50,46,75,73,69,71,78,76,95,60,56,57,55,62,28,63,83,65,64,67,66,70,72,59,54,58,29,88,79,84,87,96,89,81,80,30,86,85,82,94,68,61,31,93,92,91,294,307,305,285,101,98,241,232,137,281,231,308,311,312,136,321,330,323,222,339,342,349,172,102,103,320,316,329,221,131,322,340,328,331,318,338,125,309,245,254,363,366,373,377,112,106,392,410,425,438,157,273,177,395,428,412,440,334,132,130,336,126,124,109,111,110,99,364,362,360,358,439,422,350,176,437,420,435,351,291,424,426,433,169,487,505,224,244,386,223,173,405,490,508,521,158,343,523,541,562,585,602,233,134,116,401,473,470,544,589,565,605,393,407,327,391,624,268,284,127,627,643,389,326,325,409,411,387,167,251,375,228,168,108,105,128,123,239,119,347,240,238,235,104,277,283,100,142,286,651,248,249,344,376,141,229,143,649,372,161,638,668,685,662,156,274,117,227,180,181,640,689,671,270,365,171,155,694,140,371,691,278,275,107,237,243,135,121,246,650,693,692,368,352,703,704,122,652,348,162,516,518,715,466,341,279,280,185,164,306,257,216,163,310,297,324,160,113,314,234,262,315,317,319,200,313,115,202,159,114,148,201,212,217,133,193,263,332,333,264,335,337,302,129,194,118,296,282,236,345,250,346,149,120,150,367,166,230,138,226,355,354,357,356,359,361,272,165,353,139,256,242,276,369,290,370,252,253,265,374,396,394,225,220,213,380,144,381,175,383,382,385,384,388,390,379,210,378,151,413,184,174,189,211,400,145,170,402,187,203,403,406,408,398,397,153,429,427,178,399,146,404,417,416,419,418,421,423,415,179,414,152,441,266,147,431,188,186,432,434,436,267,430,154,542,559,623,486,637,639,500,502,540,557,625,488,561,536,538,563,619,258,641,621,504,482,484,506,582,520,298,299,607,467,511,568,491,489,463,464,445,476,182,477,479,478,481,480,483,485,475,453,474,190,509,507,448,449,462,494,183,495,497,496,499,498,501,503,493,465,492,191,524,522,472,468,192,469,513,471,515,514,517,519,512,510,195,545,543,601,572,455,456,450,529,196,530,569,532,531,534,533,537,539,526,442,525,206,566,564,581,583,451,443,454,550,197,551,586,553,552,555,554,558,560,547,457,546,208,590,609,599,587,588,597,548,549,198,556,574,573,576,575,578,608,577,603,580,579,571,570,567,207,606,604,527,528,199,535,594,593,596,595,598,600,592,584,591,209,610,301,204,205,628,626,458,461,444,613,214,614,616,615,618,617,620,622,612,452,611,218,644,642,446,447,459,631,215,632,634,633,636,635,630,460,629,219,655,653,667,669,287,255,295,247,665,664,663,271,670,683,684,645,646,647,660,259,661,686,261,654,657,648,656,690,687,688,658,659,260,666,676,675,678,677,680,679,682,681,674,673,672,269,303,289,288,304,701,292,293,695,697,698,700,696,702,699,713,705,709,712,714,707,706,300,711,710,708,827,767,837,724,848,795,741,758,841,716,745,796,861,806,862,720,731,748,754,846,768,860,743,849,870,792,789,794,721,812,859,770,723,752,762,826,839,787,728,751,735,823,733,729,840,740,807,869,800,858,855,867,746,828,844,845,781,778,773,772,779,780,782,776,777,783,774,775,817,868,761,866,847,865,816,755,854,829,864,801,809,726,818,832,798,744,790,737,759,725,804,835,753,851,766,803,797,814,850,857,853,718,764,838,793,810,820,730,763,830,791,805,739,822,785,813,760,756,824,750,843,784,788,842,799,863,749,815,856,765,833,819,732,769,831,727,742,802,722,821,747,836,771,736,811,734,757,719,738,852,808,871,825,834,786,717
STAB 3 1 -1 9,2,3,4,8,7,6,5,1,10,13,12,11,15,14,16,25,18,21,24,19,23,22,20,17,39,41,57,54,84,83,37,42,43,35,40,32,44,26,36,27,33,34,38,46,45,53,52,51,50,49,48,47,29,56,55,28,59,58,60,95,73,74,69,70,71,72,97,64,65,66,67,62,63,78,77,76,75,79,88,90,85,31,30,82,86,89,80,87,81,92,91,93,96,61,94,68,103,100,99,102,101,98,105,104,137,108,107,109,135,111,136,132,130,128,131,158,129,282,291,285,294,124,123,126,125,222,115,118,114,116,113,155,221,110,112,106,167,165,242,251,245,254,220,211,170,175,212,171,176,210,179,224,169,133,321,330,117,329,320,308,312,309,305,139,168,138,166,154,146,149,177,180,178,147,150,172,174,152,173,440,464,449,412,306,436,405,433,223,453,465,299,339,302,511,456,443,586,569,313,326,331,408,568,582,442,570,457,584,151,145,148,225,461,447,310,325,452,460,144,134,127,189,153,213,363,377,228,375,362,281,241,323,316,240,237,236,239,238,235,232,140,246,307,142,243,651,249,248,250,141,376,253,143,649,256,257,631,646,686,663,319,335,336,374,437,430,632,673,648,669,353,273,338,280,277,276,279,278,275,231,119,286,311,121,283,650,289,288,290,120,695,293,122,652,296,297,467,192,709,607,194,691,694,164,185,244,161,163,216,284,162,200,317,318,234,314,315,262,160,156,324,233,322,217,201,328,327,159,157,202,334,337,332,263,264,333,274,193,343,342,341,340,348,349,347,346,344,345,350,352,351,272,358,359,360,361,354,355,356,357,230,226,367,366,365,364,372,373,371,370,368,369,265,229,252,227,379,378,391,392,387,388,389,390,438,382,383,384,385,380,381,396,395,394,393,398,397,424,409,410,406,407,425,187,402,403,203,400,401,413,184,411,415,414,420,421,422,423,416,417,418,419,399,404,429,428,427,426,267,434,435,188,431,432,186,266,386,441,181,439,206,197,458,463,459,215,462,183,455,454,218,190,451,450,196,208,444,446,219,214,448,445,182,191,470,298,520,521,466,516,523,473,475,474,486,487,482,483,484,485,478,479,480,481,476,477,491,490,489,488,493,492,504,505,500,501,502,503,496,497,498,499,494,495,509,508,507,506,512,195,510,517,518,519,471,513,514,515,468,469,524,472,522,526,525,572,601,540,541,536,537,538,539,602,531,532,533,534,529,530,545,544,543,542,547,546,583,581,561,562,557,558,559,560,585,552,553,554,555,550,551,566,565,564,563,571,204,199,207,567,527,577,578,579,580,573,574,575,576,549,205,548,209,556,198,590,589,588,587,592,591,597,598,599,600,593,594,595,596,528,535,606,605,604,603,301,610,609,608,612,611,623,624,619,620,621,622,615,616,617,618,613,614,628,627,626,625,630,629,258,268,637,638,639,640,633,634,635,636,644,643,642,641,647,259,645,270,255,287,247,295,664,665,662,657,656,684,683,667,668,655,261,653,654,685,660,661,271,671,670,674,269,672,679,680,681,682,675,676,677,678,659,658,666,260,690,689,688,687,303,693,692,304,292,701,704,703,699,702,696,700,698,697,705,713,715,710,300,708,711,714,706,712,707,754,755,798,846,759,847,808,799,735,728,771,730,725,731,727,729,806,760,827,724,814,752,834,825,821,866,829,869,819,858,831,816,832,860,815,871,737,854,716,717,841,809,840,720,733,810,843,794,784,812,786,791,813,785,790,726,775,774,773,772,777,776,782,780,779,783,778,781,764,769,766,792,795,793,770,767,787,789,763,788,823,845,718,723,837,838,844,839,848,861,732,836,722,757,761,842,765,768,736,750,747,818,817,744,865,740,852,796,864,739,867,734,830,742,828,746,748,863,738,857,807,800,801,803,758,756,811,762,802,797,719,721,804,868,859,862,822,856,753,870,853,835,745,850,749,805,851,833,824,820,741,826,849,743,855,751
STAB 3 1 -1 10,8,7,13,5,6,3,2,9,1,11,12,4,41,40,39,44,53,42,38,43,52,51,25,24,26,36,75,71,89,96,35,34,33,32,27,37,20,16,15,14,19,21,17,50,46,47,49,48,45,23,22,18,69,77,74,73,72,70,97,94,78,76,66,67,64,65,68,54,59,29,58,57,56,28,63,55,62,90,87,81,82,95,88,86,85,80,84,30,79,91,93,92,61,83,31,60,101,308,307,98,231,281,245,254,241,285,294,305,312,309,232,322,331,318,328,340,336,237,352,122,121,323,321,222,330,157,316,334,329,221,320,342,327,311,137,136,364,360,277,376,143,142,393,411,426,439,326,351,350,389,422,407,435,339,233,127,338,202,324,244,284,163,164,358,366,362,363,433,424,291,273,440,425,437,176,177,428,420,438,386,488,506,401,185,431,403,432,410,484,502,522,341,337,518,542,563,587,603,317,217,159,402,608,609,538,579,559,599,387,409,325,395,625,641,216,201,621,639,391,131,125,412,405,392,365,227,377,252,367,102,112,156,315,238,344,119,235,249,248,106,372,287,161,104,295,283,240,239,347,375,229,265,105,286,373,306,447,669,687,657,314,333,332,253,441,434,446,681,653,660,359,172,343,278,368,140,275,692,693,103,348,247,162,107,255,243,691,694,371,171,704,701,108,246,349,310,521,520,714,610,335,304,303,109,257,100,99,111,297,135,110,319,262,234,128,200,115,313,132,124,113,123,160,212,148,134,116,130,126,114,264,263,129,302,118,194,158,155,117,193,133,274,236,345,346,250,282,296,150,149,120,361,356,357,354,355,165,272,139,353,167,168,138,226,166,230,276,369,370,290,242,256,374,251,141,228,390,388,396,394,384,385,382,383,181,210,379,151,378,220,225,144,381,213,380,408,406,429,413,184,203,187,427,224,398,153,397,211,189,145,223,400,423,421,418,419,416,417,179,415,152,414,170,174,146,404,178,399,436,186,188,169,267,154,430,175,180,147,173,266,536,561,627,490,268,258,505,504,544,562,619,482,565,541,540,557,624,643,637,623,508,487,486,500,473,523,524,472,470,514,469,466,485,483,491,489,480,481,478,479,453,475,190,474,464,463,182,477,445,476,503,501,509,507,498,499,496,497,465,493,191,492,449,448,183,495,462,494,519,516,517,515,471,513,511,512,195,510,299,298,192,467,468,539,537,605,606,545,543,533,534,531,532,604,442,526,206,525,456,455,196,530,450,529,560,558,589,590,566,564,554,555,552,553,588,457,547,208,546,443,451,197,551,454,550,580,607,601,577,578,602,575,576,573,574,570,571,207,567,586,582,585,597,583,581,198,556,548,549,600,598,595,596,593,594,584,592,209,591,569,572,199,535,527,528,568,204,205,301,622,620,628,626,617,618,615,616,452,612,218,611,461,458,214,614,444,613,640,638,644,642,635,636,633,634,460,630,219,629,215,632,459,631,668,667,671,655,651,652,649,650,270,656,648,654,261,689,690,271,670,664,665,662,663,688,646,645,259,661,647,682,679,680,677,678,675,676,673,674,269,672,686,685,684,683,260,666,658,659,288,279,280,289,703,696,698,697,702,700,293,699,695,292,715,712,707,708,713,711,710,706,709,300,705,729,753,819,832,728,818,751,833,845,862,846,861,720,716,806,796,805,841,804,840,839,850,822,834,808,810,824,830,853,760,811,838,771,813,860,722,857,717,823,766,858,848,797,851,745,767,814,868,816,799,755,761,815,864,817,748,773,772,777,776,775,774,779,778,781,780,783,782,801,829,854,855,800,828,847,866,867,869,865,844,731,758,856,765,788,784,837,843,734,732,730,842,740,827,741,746,863,749,762,768,764,770,721,718,849,871,738,754,742,852,870,809,789,785,743,836,719,723,739,859,831,802,747,736,735,733,807,803,795,724,726,790,757,820,737,759,825,744,786,787,798,752,756,835,750,727,725,812,769,794,791,792,763,793,826,821
STAB 3 1 -1 10,1,7,11,9,6,3,2,5,8,13,4,12,27,26,36,44,49,20,38,17,48,47,34,33,40,39,76,63,81,68,16,25,24,14,41,15,42,35,37,32,19,21,43,18,23,51,53,52,22,46,45,50,62,78,66,64,28,55,94,97,77,75,74,57,73,56,96,59,54,58,29,67,65,72,71,70,69,87,90,89,30,61,80,79,84,88,85,82,86,31,60,83,95,92,91,93,121,161,164,122,231,281,112,106,241,102,103,244,162,284,232,233,127,156,157,341,193,345,177,98,101,324,315,202,327,328,160,274,134,159,234,343,330,163,143,142,365,226,369,227,137,136,394,184,427,181,126,172,273,381,404,401,386,264,322,331,332,222,323,305,309,311,307,230,367,354,356,266,416,150,350,441,418,188,120,352,429,399,432,435,489,507,407,100,180,410,438,403,477,495,472,340,117,469,543,564,588,604,123,131,221,189,466,473,530,556,551,535,380,187,116,396,626,642,135,125,614,632,382,217,201,413,400,384,364,376,252,377,366,285,245,318,321,235,348,346,238,249,248,254,368,255,308,104,247,283,239,240,282,229,375,251,105,286,276,99,636,670,688,648,124,158,338,228,440,173,634,666,661,655,166,351,342,303,372,370,304,692,693,294,344,295,312,107,287,243,279,280,242,149,697,698,108,246,236,110,514,471,707,470,133,275,278,257,109,185,306,297,111,216,310,113,132,320,200,128,313,115,262,314,319,317,316,114,130,329,325,148,326,212,339,155,302,129,194,118,333,263,337,336,335,334,349,237,119,296,347,250,291,171,176,138,363,167,362,168,272,165,353,139,357,355,361,360,359,358,373,277,140,256,371,290,141,265,374,253,144,213,395,393,392,220,391,225,439,379,210,378,151,385,383,390,389,388,387,145,223,428,412,411,211,409,426,398,224,397,153,203,402,408,406,405,146,178,425,170,424,174,415,179,414,152,419,417,423,422,421,420,147,175,437,267,169,430,154,186,431,436,434,433,529,552,628,491,635,633,498,496,545,554,613,476,566,533,531,550,617,644,631,615,509,480,478,494,609,524,523,522,610,521,518,608,182,445,490,488,487,464,486,463,475,453,474,190,481,479,485,484,483,482,183,462,508,506,505,449,504,448,493,465,492,191,499,497,503,502,501,500,192,468,467,299,520,298,512,511,510,195,515,513,519,517,516,196,450,606,605,544,542,541,456,540,455,603,526,442,525,206,534,532,539,538,537,536,197,454,590,589,565,563,562,443,561,451,587,547,457,546,208,555,553,560,559,558,557,198,205,593,549,548,595,585,586,581,583,571,570,567,207,576,301,575,528,574,573,580,579,578,577,199,527,602,569,601,572,592,584,591,209,596,594,600,599,598,597,204,568,607,582,214,444,627,625,624,461,623,458,612,452,611,218,618,616,622,621,620,619,215,459,643,641,268,447,258,446,630,460,629,219,640,639,638,637,664,662,271,660,652,651,650,649,656,270,657,259,647,690,689,671,669,668,646,667,645,687,665,663,654,653,261,260,659,658,685,686,683,684,674,673,672,269,678,677,676,675,682,681,680,679,288,691,694,289,696,703,701,704,292,695,699,293,700,702,712,715,714,300,706,705,709,713,710,708,711,804,866,788,840,734,800,791,735,858,823,756,754,732,805,759,851,716,719,729,832,749,813,793,763,787,855,869,868,790,799,737,847,765,850,803,792,843,867,862,821,845,731,745,796,797,871,831,830,802,760,826,870,836,743,837,758,782,783,777,776,781,778,779,774,775,780,772,773,721,820,741,810,818,849,838,753,717,824,742,747,848,748,770,771,819,718,817,857,728,720,757,752,786,725,854,736,724,839,835,859,798,856,801,784,828,767,794,861,865,789,761,727,852,825,864,815,841,733,769,768,814,816,844,746,833,723,750,860,744,863,812,853,730,829,811,806,785,795,740,808,764,842,846,762,807,809,827,726,739,738,751,722,834,822,755,766
STAB 3 1 1 10,9,6,13,1,7,3,2,8,5,11,4,12,41,39,40,38,51,24,44,25,52,53,43,42,36,26,77,74,90,97,16,17,20,15,27,14,33,35,32,37,21,19,34,18,22,49,47,48,23,45,46,50,73,75,71,69,57,56,96,68,76,78,63,28,62,55,94,58,29,59,54,72,70,67,66,65,64,89,81,87,84,95,88,79,30,80,82,85,86,83,60,31,61,91,92,93,285,308,305,294,281,231,136,137,232,101,98,307,312,311,241,323,222,321,330,342,339,349,172,103,102,322,318,331,328,327,320,338,221,329,316,340,157,309,254,245,366,363,373,377,106,112,395,412,428,440,125,177,273,392,425,410,438,336,324,202,334,127,233,164,163,284,244,362,364,358,360,437,420,176,350,439,422,433,291,351,426,424,435,432,490,508,403,99,173,401,386,407,487,505,523,343,158,521,544,565,589,605,124,116,134,223,470,473,541,585,562,602,391,405,131,393,627,643,110,126,624,268,387,325,326,411,409,389,367,252,376,227,365,121,142,315,156,240,344,347,239,248,249,143,372,649,161,105,651,286,238,235,119,375,229,141,104,283,277,100,640,671,689,270,123,117,274,228,181,180,638,685,668,662,168,352,341,691,368,371,694,693,692,122,348,652,162,108,650,246,278,275,140,171,704,703,107,243,237,135,518,516,715,466,155,280,279,257,109,306,185,297,111,310,216,132,113,160,313,115,200,128,319,317,262,314,234,130,114,159,217,212,201,148,193,133,194,118,302,129,337,335,333,264,263,332,345,236,282,296,346,250,120,149,150,167,226,138,230,166,353,139,272,165,361,359,357,356,355,354,369,276,242,256,370,290,251,374,265,253,220,225,394,396,381,144,380,213,441,378,151,379,210,390,388,385,384,383,382,211,189,427,184,413,145,400,429,397,153,398,224,408,406,203,402,187,170,174,404,146,399,178,414,152,415,179,423,421,419,418,417,416,175,147,266,430,154,267,169,436,434,186,431,188,540,557,625,488,639,637,502,500,542,559,623,486,563,538,536,561,621,641,258,619,506,484,482,504,609,522,472,524,608,469,514,610,464,463,489,491,477,182,476,445,474,190,475,453,485,483,481,480,479,478,449,448,507,509,495,183,494,462,492,191,493,465,503,501,499,498,497,496,299,520,298,192,468,467,510,195,512,511,519,517,515,513,471,456,455,603,604,543,545,530,196,529,450,606,525,206,526,442,539,537,534,533,532,531,443,451,587,588,564,566,551,197,550,454,590,546,208,547,457,560,558,555,554,553,552,586,582,597,581,583,599,556,198,549,548,567,207,571,570,580,607,579,601,578,577,576,575,574,573,569,572,535,199,528,527,591,209,592,584,600,598,596,595,594,593,568,204,301,205,461,458,626,628,614,214,613,444,611,218,612,452,622,620,618,617,616,615,447,446,642,644,632,215,631,459,629,219,630,460,636,635,634,633,653,655,669,667,295,247,287,255,657,648,656,646,645,687,688,670,271,661,259,660,647,690,654,261,665,664,663,686,683,684,666,260,659,658,672,269,674,673,682,681,680,679,678,677,676,675,289,303,304,288,701,698,696,697,695,292,699,293,702,700,714,707,712,709,713,705,300,706,708,710,711,848,741,795,758,827,837,767,724,745,796,841,716,806,861,720,862,754,846,731,748,860,768,789,794,792,870,743,849,770,723,752,721,812,859,839,787,762,826,851,740,797,729,858,823,845,751,746,828,844,733,867,855,807,869,800,840,778,781,776,777,783,782,780,773,772,779,775,774,847,865,866,761,817,868,801,854,755,864,829,816,804,832,790,726,744,798,818,835,725,759,809,737,766,728,753,814,735,803,857,850,718,853,838,764,830,791,763,805,820,793,810,730,822,739,824,750,756,760,785,813,736,747,802,831,863,799,815,749,819,833,765,856,727,742,842,732,769,788,821,722,784,811,719,843,836,757,734,771,825,834,871,808,738,852,717,786
STAB 3 1 1 10,5,6,11,8,7,3,2,1,9,13,12,4,27,36,26,38,47,33,44,34,48,49,17,20,39,40,78,66,87,94,35,43,42,37,41,32,24,16,14,15,21,19,25,50,45,53,51,52,46,22,23,18,64,76,63,62,67,65,68,96,75,77,71,72,69,70,97,29,58,54,59,28,55,57,74,56,73,81,89,90,85,61,80,86,82,88,30,84,79,92,93,91,95,31,83,60,102,161,244,103,281,231,142,143,232,121,122,164,162,163,241,324,202,315,327,343,264,236,351,294,285,233,156,127,157,330,234,332,159,134,160,341,328,284,106,112,367,356,276,252,254,245,396,413,429,441,201,352,350,384,418,403,432,193,323,222,274,331,322,307,311,309,305,354,365,230,226,188,399,120,273,181,404,266,150,172,427,416,386,438,491,509,410,306,434,407,435,401,480,498,524,342,333,514,545,566,590,606,314,325,329,406,610,609,533,575,554,595,382,400,217,394,628,644,310,326,617,635,380,116,126,184,187,381,366,377,227,376,364,101,136,321,318,239,348,282,240,248,249,137,368,650,308,105,652,286,235,238,346,229,375,374,104,283,369,185,215,271,690,656,317,337,334,253,439,431,459,677,664,667,355,177,340,279,372,242,280,693,692,98,344,651,312,108,649,246,303,304,370,149,697,696,107,243,345,216,469,468,712,608,263,694,691,109,257,99,100,111,297,110,135,262,319,316,115,313,128,200,113,123,132,124,320,148,212,221,131,114,125,130,336,335,118,194,129,302,117,133,158,339,155,338,237,349,347,250,119,296,176,171,291,357,360,361,358,359,139,353,165,272,138,166,167,363,168,362,277,373,371,290,140,256,265,141,251,228,385,383,393,395,389,390,387,388,440,151,378,210,379,144,213,220,392,225,391,203,402,426,411,412,408,405,428,153,397,224,398,145,223,211,189,409,419,417,422,423,420,421,152,414,179,415,146,178,170,425,174,424,186,436,433,154,430,169,267,147,173,175,180,437,531,550,626,489,632,631,495,494,543,551,615,478,564,530,529,552,614,642,633,613,507,477,476,496,473,472,522,523,466,518,521,470,481,479,488,490,484,485,482,483,190,474,453,475,182,445,464,487,463,486,499,497,506,508,502,503,500,501,191,492,465,493,183,462,449,505,448,504,515,471,513,519,516,517,195,510,511,512,192,467,299,298,520,534,532,604,603,542,544,538,539,536,537,605,206,525,442,526,196,450,456,541,455,540,555,553,588,587,563,565,559,560,557,558,589,208,546,457,547,197,454,443,562,451,561,576,301,528,573,574,535,579,580,577,578,207,567,570,571,198,205,556,593,548,549,586,585,583,581,596,594,599,600,597,598,209,591,584,592,199,527,569,602,572,601,204,568,582,607,618,616,625,627,621,622,619,620,218,611,452,612,214,444,461,624,458,623,636,634,641,643,639,640,637,638,219,629,460,630,447,268,446,258,661,660,670,662,247,295,255,287,648,657,270,665,663,688,687,669,671,653,654,655,261,689,259,647,646,668,645,678,675,676,681,682,679,680,269,672,673,674,260,666,658,659,686,685,684,683,289,278,275,288,698,701,703,704,700,702,293,699,292,695,707,714,715,710,706,711,708,713,300,709,705,731,854,744,748,725,817,871,863,797,851,719,805,759,754,732,823,861,756,848,758,803,859,852,738,722,761,864,828,856,733,842,801,726,768,749,808,835,755,796,786,745,804,845,862,858,791,736,849,747,723,717,810,750,824,818,832,774,775,776,777,772,773,780,782,783,779,781,778,838,742,753,870,837,830,721,741,826,743,820,802,729,840,853,812,795,764,800,762,827,806,727,811,821,734,866,831,833,860,843,813,784,790,847,798,868,751,834,716,829,822,855,757,793,769,869,807,846,799,825,850,746,844,816,814,724,760,836,839,788,735,771,770,809,865,752,720,739,819,766,792,718,737,841,857,815,730,728,765,785,763,767,787,794,789,867,740
BOUND 3 1 1 1,2,3,4,5,6,7,8,9,10,11,12,13,14,15,16,17,18,19,20,21,22,23,24,25,26,27,28,29,30,31,32,33,34,35,36,37,38,39,40,41,42,43,44,45,46,47,48,49,50,51,52,53,54,55,56,57,58,59,60,61,62,63,64,65,66,67,68,69,70,71,72,73,74,75,76,77,78,79,80,81,82,83,84,85,86,87,88,89,90,91,92,93,94,95,96,97,98,99,100,101,102,103,104,105,106,107,108,109,110,111,112,113,114,115,116,117,118,119,120,121,122,123,124,125,126,127,128,129,130,131,132,133,134,135,136,137,138,139,140,141,142,143,144,145,146,147,148,149,150,151,152,153,154,155,156,157,158,159,160,161,162,163,164,165,166,167,168,169,170,171,172,173,174,175,176,177,178,179,180,181,182,183,184,185,186,187,188,189,190,191,192,193,194,195,196,197,198,199,200,201,202,203,204,205,206,207,208,209,210,211,212,213,214,215,216,217,218,219,220,221,222,223,224,225,226,227,228,229,230,231,232,233,234,235,236,237,238,239,240,241,242,243,244,245,246,247,248,249,250,251,252,253,254,255,256,257,258,259,260,261,262,263,264,265,266,267,268,269,270,271,272,273,274,275,276,277,278,279,280,281,282,283,284,285,286,287,288,289,290,291,292,293,294,295,296,297,298,299,300,301,302,303,304,305,306,307,308,309,310,311,312,313,314,315,316,317,318,319,320,321,322,323,324,325,326,327,328,329,330,331,332,333,334,335,336,337,338,339,340,341,342,343,344,345,346,347,348,349,350,351,352,353,354,355,356,357,358,359,360,361,362,363,364,365,366,367,368,369,370,371,372,373,374,375,376,377,378,379,380,381,382,383,384,385,386,387,388,389,390,391,392,393,394,395,396,397,398,399,400,401,402,403,404,405,406,407,408,409,410,411,412,413,414,415,416,417,418,419,420,421,422,423,424,425,426,427,428,429,430,431,432,433,434,435,436,437,438,439,440,441,442,443,444,445,446,447,448,449,450,451,452,453,454,455,456,457,458,459,460,461,462,463,464,465,466,467,468,469,470,471,472,473,474,475,476,477,478,479,480,481,482,483,484,485,486,487,488,489,490,491,492,493,494,495,496,497,498,499,500,501,502,503,504,505,506,507,508,509,510,511,512,513,514,515,516,517,518,519,520,521,522,523,524,525,526,527,528,529,530,531,532,533,534,535,536,537,538,539,540,541,542,543,544,545,546,547,548,549,550,551,552,553,554,555,556,557,558,559,560,561,562,563,564,565,566,567,568,569,570,571,572,573,574,575,576,577,578,579,580,581,582,583,584,585,586,587,588,589,590,591,592,593,594,595,596,597,598,599,600,601,602,603,604,605,606,607,608,609,610,611,612,613,614,615,616,617,618,619,620,621,622,623,624,625,626,627,628,629,630,631,632,633,634,635,636,637,638,639,640,641,642,643,644,645,646,647,648,649,650,651,652,653,654,655,656,657,658,659,660,661,662,663,664,665,666,667,668,669,670,671,672,673,674,675,676,677,678,679,680,681,682,683,684,685,686,687,688,689,690,691,692,693,694,695,696,697,698,699,700,701,702,703,704,705,706,707,708,709,710,711,712,713,714,715,716,717,718,719,720,721,722,723,724,725,726,727,728,729,730,731,732,733,734,735,736,737,738,739,740,741,742,743,744,745,746,747,748,749,750,751,752,753,754,755,756,757,758,759,760,761,762,763,764,765,766,767,768,769,770,771,772,773,774,775,776,777,778,779,780,781,782,783,784,785,786,787,788,789,790,791,792,793,794,795,796,797,798,799,800,801,802,803,804,805,806,807,808,809,810,811,812,813,814,815,816,817,818,819,820,821,822,823,824,825,826,827,828,829,830,831,832,833,834,835,836,837,838,839,840,841,842,843,844,845,846,847,848,849,850,851,852,853,854,855,856,857,858,859,860,861,862,863,864,865,866,867,868,869,870,871
BOUND 3 1 -1 1,5,6,11,2,3,7,8,10,9,4,12,13,36,27,26,20,47,34,17,33,49,48,44,38,16,15,62,64,80,61,32,21,19,37,14,35,25,39,41,40,43,42,24,45,50,18,23,22,46,52,51,53,66,63,76,78,65,67,68,31,28,55,29,58,54,59,60,71,72,69,70,75,77,73,56,74,57,81,30,79,86,94,87,85,82,84,89,88,90,93,92,91,83,96,95,97,231,244,161,281,103,102,143,142,112,122,121,164,284,163,106,160,159,234,134,274,332,344,149,108,107,156,233,157,127,126,315,264,202,327,324,193,116,162,241,232,230,354,368,229,105,104,380,400,399,266,217,120,150,382,416,187,188,341,123,125,343,114,113,100,135,111,109,356,226,367,365,432,429,352,172,386,427,441,350,273,404,418,181,180,476,494,189,257,267,153,154,184,478,496,468,133,263,471,529,550,549,528,262,212,130,398,301,205,531,573,552,593,384,413,201,381,613,631,297,148,615,633,396,328,330,401,403,394,166,228,227,141,138,98,137,124,115,249,282,348,248,240,239,136,276,652,99,254,650,255,238,235,346,252,251,374,245,247,369,185,641,660,659,654,200,194,129,265,147,186,643,675,662,646,357,177,117,692,242,372,693,280,279,101,236,649,110,294,651,295,304,303,370,351,698,696,285,287,345,216,472,524,706,204,333,289,288,305,306,308,307,309,310,312,311,314,313,128,318,319,316,317,322,323,320,321,132,326,325,131,221,331,222,329,118,302,336,337,334,335,340,342,338,155,339,158,119,296,250,347,237,349,176,291,171,355,139,353,165,272,360,361,358,359,364,366,362,168,363,167,140,256,290,371,277,373,253,376,375,377,383,385,144,213,151,378,210,379,173,389,390,387,388,393,395,391,225,392,220,402,203,146,145,223,397,224,178,407,408,405,406,411,412,409,410,211,417,419,152,414,179,415,422,423,420,421,426,428,424,174,425,170,431,430,169,435,436,433,434,439,440,437,438,175,533,566,614,477,642,644,507,509,530,564,617,480,551,543,545,554,626,632,635,628,495,489,491,498,466,469,192,467,473,195,298,470,479,481,182,445,190,474,453,475,484,485,482,483,488,490,486,463,487,464,497,499,183,462,191,492,465,493,502,503,500,501,506,508,504,448,505,449,513,514,515,510,511,512,518,519,516,517,522,523,520,521,299,532,534,535,199,196,450,206,525,442,526,527,538,539,536,537,542,544,540,455,541,456,553,555,556,198,197,454,208,546,457,547,548,559,560,557,558,563,565,561,451,562,443,574,610,606,575,576,604,207,567,570,571,579,580,577,578,587,609,588,595,589,590,581,583,585,586,594,596,209,591,584,592,599,600,597,598,603,605,601,572,602,569,608,607,582,568,616,618,214,444,218,611,452,612,621,622,619,620,625,627,623,458,624,461,634,636,215,459,219,629,460,630,639,640,637,638,258,446,268,447,670,271,661,664,283,246,286,243,655,261,653,663,665,666,260,259,647,270,656,648,657,658,669,671,667,645,668,676,677,678,269,672,673,674,681,682,679,680,687,688,689,690,683,684,685,686,694,275,278,691,697,293,695,292,700,699,701,702,704,703,707,300,705,711,712,710,708,709,714,713,715,796,786,853,771,862,770,821,812,758,759,832,732,851,823,805,754,727,858,757,797,843,835,825,822,751,767,769,789,798,841,807,784,846,815,813,740,859,766,731,854,760,734,724,725,756,866,839,820,838,833,753,741,860,742,721,719,777,776,775,774,773,772,781,783,782,778,780,779,747,824,717,826,802,743,818,810,870,830,849,837,716,735,744,863,844,816,788,814,809,730,861,746,871,804,791,836,723,750,803,749,801,847,790,856,763,722,739,729,785,738,787,848,869,864,793,842,726,765,852,737,811,795,764,762,845,745,831,736,800,840,748,817,827,794,857,728,834,718,755,867,819,850,733,752,768,806,720,799,829,868,761,855,865,828,792,808
BOUND 3 1 1 5,1,7,11,2,3,6,9,10,8,12,4,13,26,27,36,33,49,17,34,20,47,48,38,44,35,32,64,62,80,61,15,19,21,14,37,16,43,40,41,39,25,24,42,23,18,50,45,46,22,52,53,51,63,66,78,76,55,28,94,92,67,65,59,54,58,29,93,74,57,73,56,77,75,69,70,71,72,87,85,86,79,68,81,30,84,82,90,88,89,60,31,83,91,97,95,96,281,164,161,231,122,121,106,112,142,103,102,244,163,284,143,234,134,160,159,332,274,344,149,107,108,315,324,327,202,201,156,193,127,157,233,264,217,162,232,241,354,230,368,229,104,105,382,187,416,188,116,150,120,380,399,400,266,343,314,326,341,148,262,306,310,297,257,226,356,365,367,386,427,172,352,432,429,181,273,350,418,404,441,434,478,496,406,109,154,398,267,413,476,494,471,263,133,468,531,552,573,593,113,130,212,153,205,301,529,549,550,528,381,184,126,384,615,633,111,114,613,631,394,330,328,403,401,396,355,253,252,265,357,294,254,317,200,248,346,348,249,238,235,245,369,247,185,137,255,650,240,239,282,227,374,251,136,652,276,99,643,662,675,646,115,129,194,141,186,147,641,659,660,654,138,351,333,693,370,372,692,304,303,285,345,287,216,98,295,651,280,279,242,177,696,698,101,649,236,110,524,472,706,204,117,288,289,307,100,308,305,311,135,312,309,123,128,313,321,132,320,124,323,322,316,318,319,125,131,325,329,222,331,221,302,118,339,158,338,155,342,340,334,335,336,337,347,250,296,119,349,237,291,176,171,166,272,165,353,139,363,167,362,168,366,364,358,359,360,361,371,290,256,140,373,277,228,377,375,376,213,144,385,383,379,210,378,151,431,392,220,391,225,395,393,387,388,389,390,223,145,419,203,402,224,397,417,410,211,409,189,412,411,405,407,408,178,146,415,179,414,152,425,170,424,174,428,426,420,421,422,423,173,169,430,438,175,437,180,440,439,433,435,436,530,564,617,480,644,642,509,507,533,566,614,477,554,545,543,551,628,635,632,626,498,491,489,495,610,514,515,513,609,512,517,608,445,182,481,479,475,453,474,190,487,464,486,463,490,488,482,483,484,485,462,183,499,497,493,465,492,191,505,449,504,448,508,506,500,501,502,503,467,469,192,511,510,195,521,299,520,298,523,522,516,518,519,450,196,595,596,534,532,526,442,525,206,594,541,456,540,455,544,542,536,537,538,539,454,197,575,576,555,553,547,457,546,208,574,562,443,561,451,565,563,557,558,559,560,548,466,604,556,198,606,571,570,567,207,585,586,581,583,589,473,590,535,587,588,577,578,579,580,527,199,592,584,591,209,602,569,601,572,605,603,597,598,599,600,470,582,607,568,444,214,618,616,612,452,611,218,624,461,623,458,627,625,619,620,621,622,459,215,636,634,630,460,629,219,268,447,258,446,637,638,639,640,271,670,664,661,286,243,283,246,667,645,668,647,259,677,678,665,663,657,648,656,270,676,671,669,655,261,653,658,666,260,674,673,672,269,685,686,683,684,689,690,687,688,679,680,681,682,275,694,691,278,697,699,702,700,292,293,703,695,704,701,712,710,711,705,707,300,709,708,715,713,714,862,821,770,812,796,853,786,771,832,732,758,759,823,851,754,805,757,797,727,858,835,843,769,789,767,751,825,822,784,846,815,798,841,807,859,766,813,740,804,866,723,725,833,734,719,854,860,742,721,724,741,753,839,820,838,756,776,777,783,782,778,781,772,775,774,773,779,780,802,743,826,717,747,824,837,870,810,849,830,818,861,863,788,735,816,844,744,746,730,809,716,814,791,731,871,750,760,836,749,803,847,801,856,790,738,787,785,848,739,763,722,729,864,869,852,737,765,726,793,842,752,819,718,857,745,845,736,831,817,748,840,800,728,834,762,827,794,764,867,755,795,768,799,811,850,720,806,733,865,828,855,761,829,868,808,792
BOUND 3 1 -1 5,10,3,11,8,7,6,9,1,2,12,13,4,26,36,27,34,48,44,33,38,47,49,20,17,32,35,66,78,87,94,40,42,43,41,37,39,21,15,14,16,24,25,19,51,53,45,50,46,52,22,18,23,76,64,62,63,77,75,61,93,65,67,70,69,72,71,92,56,73,57,74,55,28,54,59,29,58,80,86,85,90,68,81,89,88,82,79,84,30,97,96,95,91,60,83,31,103,164,244,102,121,122,241,232,143,281,231,161,163,162,142,315,327,324,202,264,343,236,351,285,294,234,160,134,159,217,233,341,157,127,156,332,201,284,112,106,356,367,276,252,245,254,384,403,418,432,328,350,352,396,429,413,441,274,262,148,193,326,314,257,297,310,306,365,354,226,230,181,404,273,120,188,399,386,172,150,416,427,266,267,480,498,398,305,435,406,434,400,491,509,514,333,342,524,533,554,575,595,322,329,325,407,609,610,545,590,566,606,394,401,330,382,617,635,309,331,628,644,381,126,116,187,184,380,357,265,229,253,355,108,105,200,317,240,346,282,239,235,238,104,369,283,185,136,286,652,248,249,348,227,374,375,137,650,368,308,459,664,677,667,318,334,337,376,431,439,215,690,271,656,364,149,263,280,370,242,279,303,304,107,345,243,216,101,246,649,693,692,372,177,696,697,98,651,344,312,468,469,712,608,340,691,694,100,307,99,109,135,311,110,111,323,316,319,124,320,132,321,123,113,128,115,313,222,221,212,130,125,114,131,335,336,155,338,158,339,133,117,129,302,118,194,250,347,349,237,296,119,171,176,291,366,359,358,361,360,168,362,167,363,166,138,165,272,139,353,290,371,373,277,256,140,377,228,251,141,395,393,383,385,388,387,390,389,186,225,391,220,392,213,144,210,379,151,378,412,411,417,402,203,405,408,419,189,409,211,410,223,145,224,153,397,428,426,421,420,423,422,174,424,170,425,178,146,179,415,152,414,440,433,436,180,437,175,438,173,147,169,154,430,543,551,615,478,631,632,494,495,531,550,626,489,552,529,530,564,613,633,642,614,496,476,477,507,301,471,513,515,205,517,512,204,490,488,479,481,483,482,485,484,463,486,464,487,445,182,453,475,190,474,508,506,497,499,501,500,503,502,448,504,449,505,462,183,465,493,191,492,523,472,522,516,519,518,298,520,299,521,467,192,511,195,510,544,542,593,594,532,534,537,536,539,538,596,455,540,456,541,450,196,442,526,206,525,565,563,573,574,553,555,558,557,560,559,576,451,561,443,562,454,197,457,547,208,546,589,473,535,588,587,528,578,577,580,579,583,581,586,585,548,466,549,604,198,556,570,571,207,567,605,603,598,597,600,599,572,601,569,602,527,199,584,592,209,591,470,582,568,607,627,625,616,618,620,619,622,621,458,623,461,624,444,214,452,612,218,611,643,641,634,636,638,637,640,639,446,258,447,268,460,630,219,629,660,661,662,670,255,287,247,295,646,668,645,671,669,675,676,663,665,261,655,654,653,678,647,259,648,657,270,689,688,687,680,679,682,681,684,683,686,685,658,659,260,666,673,674,269,672,278,289,288,275,698,702,699,700,704,701,695,703,292,293,706,711,710,715,707,714,713,708,705,709,300,725,871,817,863,731,744,854,748,719,805,797,851,754,759,823,732,848,758,861,756,859,803,864,828,761,722,852,738,801,726,768,856,733,842,835,755,749,808,734,791,833,862,723,804,832,786,750,824,818,845,810,717,736,849,747,858,775,774,782,783,779,780,773,776,777,772,778,781,837,830,870,753,838,742,802,826,741,820,743,721,727,812,800,840,764,795,853,811,806,827,729,762,866,796,821,860,745,831,813,843,790,784,798,847,822,855,829,757,834,868,751,716,769,793,825,850,799,846,869,807,857,718,819,752,760,724,839,836,770,771,735,788,720,739,814,809,865,816,792,766,844,815,765,746,737,728,730,841,794,789,787,767,785,763,740,867
BOUND 3 1 -2 1,2,3,4,5,6,7,8,9,10,11,12,13,14,15,16,17,18,19,20,21,22,23,24,25,26,27,28,29,30,31,32,33,34,35,36,37,38,39,40,41,42,43,44,45,46,47,48,49,50,51,52,53,54,55,56,57,58,59,60,61,62,63,64,65,66,67,68,69,70,71,72,73,74,75,76,77,78,79,80,81,82,83,84,85,86,87,88,89,90,91,92,93,94,95,96,97,98,99,100,101,102,103,104,105,106,107,108,109,110,111,112,113,114,115,116,117,118,119,120,121,122,123,124,125,126,127,128,129,130,131,132,133,134,135,136,137,138,139,140,141,142,143,144,145,146,147,148,149,150,151,152,153,154,155,156,157,158,159,160,161,162,163,164,165,166,167,168,169,170,171,172,173,174,175,176,177,178,179,180,181,182,183,184,185,186,187,188,189,190,191,192,193,194,195,196,197,198,199,200,201,202,203,204,205,206,207,208,209,210,211,212,213,214,215,216,217,218,219,220,221,222,223,224,225,226,227,228,229,230,231,232,233,234,235,236,237,238,239,240,241,242,243,244,245,246,247,248,249,250,251,252,253,254,255,256,257,258,259,260,261,262,263,264,265,266,267,268,269,270,271,272,273,274,275,276,277,278,279,280,281,282,283,284,285,286,287,288,289,290,291,292,293,294,295,296,297,298,299,300,301,302,303,304,305,306,307,308,309,310,311,312,313,314,315,316,317,318,319,320,321,322,323,324,325,326,327,328,329,330,331,332,333,334,335,336,337,338,339,340,341,342,343,344,345,346,347,348,349,350,351,352,353,354,355,356,357,358,359,360,361,362,363,364,365,366,367,368,369,370,371,372,373,374,375,376,377,378,379,380,381,382,383,384,385,386,387,388,389,390,391,392,393,394,395,396,397,398,399,400,401,402,403,404,405,406,407,408,409,410,411,412,413,414,415,416,417,418,419,420,421,422,423,424,425,426,427,428,429,430,431,432,433,434,435,436,437,438,439,440,441,442,443,444,445,446,447,448,449,450,451,452,453,454,455,456,457,458,459,460,461,462,463,464,465,466,467,468,469,470,471,472,473,474,475,476,477,478,479,480,481,482,483,484,485,486,487,488,489,490,491,492,493,494,495,496,497,498,499,500,501,502,503,504,505,506,507,508,509,510,511,512,513,514,515,516,517,518,519,520,521,522,523,524,525,526,527,528,529,530,531,532,533,534,535,536,537,538,539,540,541,542,543,544,545,546,547,548,549,550,551,552,553,554,555,556,557,558,559,560,561,562,563,564,565,566,567,568,569,570,571,572,573,574,575,576,577,578,579,580,581,582,583,584,585,586,587,588,589,590,591,592,593,594,595,596,597,598,599,600,601,602,603,604,605,606,607,608,609,610,611,612,613,614,615,616,617,618,619,620,621,622,623,624,625,626,627,628,629,630,631,632,633,634,635,636,637,638,639,640,641,642,643,644,645,646,647,648,649,650,651,652,653,654,655,656,657,658,659,660,661,662,663,664,665,666,667,668,669,670,671,672,673,674,675,676,677,678,679,680,681,682,683,684,685,686,687,688,689,690,691,692,693,694,695,696,697,698,699,700,701,702,703,704,705,706,707,708,709,710,711,712,713,714,715,716,717,718,719,720,721,722,723,724,725,726,727,728,729,730,731,732,733,734,735,736,737,738,739,740,741,742,743,744,745,746,747,748,749,750,751,752,753,754,755,756,757,758,759,760,761,762,763,764,765,766,767,768,769,770,771,772,773,774,775,776,777,778,779,780,781,782,783,784,785,786,787,788,789,790,791,792,793,794,795,796,797,798,799,800,801,802,803,804,805,806,807,808,809,810,811,812,813,814,815,816,817,818,819,820,821,822,823,824,825,826,827,828,829,830,831,832,833,834,835,836,837,838,839,840,841,842,843,844,845,846,847,848,849,850,851,852,853,854,855,856,857,858,859,860,861,862,863,864,865,866,867,868,869,870,871
BOUND 3 1 2 2,1,7,4,5,6,3,10,9,8,12,11,13,16,15,14,21,22,20,19,17,18,23,25,24,37,32,29,28,30,31,27,34,33,36,35,26,42,41,40,39,38,44,43,48,47,46,45,50,49,51,53,52,55,54,57,56,63,62,83,92,59,58,67,66,65,64,91,77,78,75,76,74,73,71,72,69,70,84,85,82,81,60,79,80,87,86,90,89,88,68,61,94,93,97,96,95,101,109,100,98,107,108,112,106,105,102,103,99,111,110,104,115,116,113,114,118,117,119,120,122,121,128,132,131,130,212,123,133,126,125,124,129,148,135,137,136,139,138,140,141,143,142,151,153,152,154,134,150,149,144,146,145,147,158,313,325,155,217,200,306,310,216,185,166,165,168,167,173,174,172,171,169,170,180,177,176,179,178,175,436,190,191,408,164,188,203,186,211,182,183,195,194,193,192,206,208,207,209,160,202,201,187,205,204,196,198,197,199,213,189,127,210,218,219,163,159,214,215,225,222,221,224,223,220,353,374,251,265,272,285,245,319,262,238,250,237,235,248,249,254,256,255,257,232,247,246,239,240,236,228,253,252,241,243,242,244,268,270,269,271,234,264,263,229,267,266,258,260,259,261,230,291,302,278,290,277,275,288,289,294,296,295,297,231,287,286,279,280,276,273,293,292,281,283,282,284,299,298,300,301,274,304,303,308,161,307,305,312,162,311,309,156,315,314,323,324,322,233,321,320,318,316,317,157,327,326,331,330,329,328,333,332,342,343,340,341,339,338,336,337,334,335,347,346,345,344,349,348,351,350,352,226,357,356,355,354,366,367,364,365,363,362,360,361,358,359,371,370,369,368,373,372,227,377,376,375,381,380,379,378,385,384,383,382,430,395,396,393,394,392,391,389,390,387,388,401,400,415,398,397,403,402,414,412,413,411,184,410,409,407,405,406,404,399,419,418,417,416,428,429,426,427,425,424,422,423,420,421,386,432,431,440,441,439,181,438,437,435,433,434,450,451,452,453,447,446,449,448,442,443,444,445,457,456,455,454,461,460,459,458,465,464,463,462,568,511,512,510,582,515,519,607,477,476,475,474,481,480,479,478,490,491,488,489,487,486,484,485,482,483,495,494,493,492,499,498,497,496,508,509,506,507,505,504,502,503,500,501,469,467,468,514,513,471,523,524,522,472,521,520,518,516,517,530,529,584,592,526,525,534,533,532,531,591,544,545,542,543,541,540,538,539,536,537,551,550,570,571,547,546,555,554,553,552,567,565,566,563,564,562,561,559,560,557,558,556,466,572,548,549,569,576,575,574,573,589,590,587,588,585,470,586,527,581,583,579,580,577,578,535,528,596,595,594,593,605,606,603,604,602,601,599,600,597,598,473,609,608,610,614,613,612,611,618,617,616,615,627,628,625,626,624,623,621,622,619,620,632,631,630,629,636,635,634,633,643,644,641,642,639,640,637,638,646,645,648,647,651,652,649,650,669,670,671,661,660,673,674,657,656,665,664,663,662,672,668,667,653,654,655,666,658,659,678,677,676,675,689,690,687,688,685,686,683,684,681,682,679,680,692,691,694,693,695,700,702,699,698,696,704,697,703,701,709,710,708,707,705,706,712,711,715,714,713,720,722,721,723,716,718,717,719,726,727,724,725,729,728,731,730,734,735,732,733,737,736,742,743,741,740,738,739,747,748,749,744,745,746,752,753,750,751,809,761,812,759,765,757,771,755,768,769,770,758,767,766,762,763,764,760,773,772,779,780,781,778,777,774,775,776,783,782,788,789,787,786,784,785,795,792,791,794,793,790,806,799,802,797,801,800,798,807,805,804,796,803,810,754,808,813,756,811,815,814,817,816,819,818,825,826,824,827,822,820,821,823,829,828,834,835,833,832,830,831,859,856,853,850,841,840,843,842,847,846,845,844,851,852,839,848,849,838,855,854,837,860,863,836,857,862,861,858,868,869,867,866,864,865,871,870
BOUND 3 1 -2 2,5,6,12,1,7,3,10,8,9,4,11,13,35,32,37,19,46,33,21,34,50,45,43,42,14,15,59,67,85,92,27,17,20,26,16,36,24,41,39,40,44,38,25,48,49,22,23,18,47,53,51,52,65,58,72,70,66,64,91,31,29,54,28,63,55,62,83,75,76,77,78,71,69,74,57,73,56,82,30,84,87,93,86,80,81,79,89,90,88,94,61,68,60,96,97,95,285,257,306,294,108,107,142,143,104,121,122,185,297,216,105,200,217,262,148,302,333,347,150,103,102,313,319,325,212,130,314,263,201,326,317,194,114,310,254,245,272,357,371,265,106,112,379,398,415,267,159,120,149,385,419,203,186,337,128,131,335,116,115,100,135,110,99,355,353,359,361,431,421,352,171,430,423,434,351,291,414,417,436,175,475,493,211,244,266,145,147,408,481,499,512,129,264,515,526,547,571,592,234,127,126,400,301,204,534,576,555,596,383,406,202,378,612,630,284,134,618,636,388,331,329,397,402,390,165,251,374,141,139,101,136,132,113,240,296,349,239,249,248,137,290,650,109,241,652,243,235,238,345,253,228,227,232,246,370,164,639,657,674,670,160,193,133,229,154,188,637,678,665,645,354,176,118,691,256,373,694,289,288,98,250,651,111,281,649,283,303,304,369,350,699,700,231,286,346,163,519,517,710,205,332,280,279,308,161,305,307,312,162,309,311,315,156,123,322,233,323,324,318,316,321,320,124,327,157,125,222,328,221,330,117,274,340,341,342,343,336,334,339,158,338,155,119,282,236,344,237,348,177,273,172,356,138,226,166,230,364,365,366,367,360,358,363,167,362,168,140,242,276,368,277,372,252,376,377,375,384,382,151,210,144,381,213,380,169,393,394,395,396,389,387,392,220,391,225,403,187,152,153,224,401,223,179,411,184,412,413,407,405,410,409,189,418,416,146,404,178,399,426,427,428,429,422,420,425,170,424,174,432,386,173,439,181,440,441,435,433,438,437,180,532,558,611,474,640,638,503,501,525,560,616,479,546,539,537,553,622,629,634,620,492,485,483,497,568,510,195,511,607,192,299,582,480,478,190,453,182,477,445,476,488,489,490,491,484,482,487,464,486,463,498,496,191,465,183,495,462,494,506,507,508,509,502,500,505,449,504,448,514,513,471,469,467,468,522,472,523,524,518,516,521,520,298,533,531,591,209,206,442,196,530,450,529,584,542,543,544,545,538,536,541,456,540,455,554,552,567,207,208,457,197,551,454,550,570,563,564,565,566,559,557,562,443,561,451,575,610,598,574,573,600,198,556,548,549,587,588,589,590,579,608,580,594,577,578,585,586,581,583,595,593,199,535,527,528,603,604,605,606,599,597,602,569,601,572,609,473,470,466,617,615,218,452,214,614,444,613,625,626,627,628,621,619,624,461,623,458,635,633,219,460,215,632,459,631,641,642,643,644,268,447,258,446,654,261,656,663,295,247,287,255,671,271,669,664,662,672,269,270,648,259,661,647,660,673,653,655,668,646,667,677,676,675,260,666,658,659,687,688,689,690,681,682,679,680,685,686,683,684,693,278,275,692,702,292,695,293,696,698,704,697,701,703,708,300,709,712,711,706,707,705,714,715,713,806,787,838,760,861,764,826,756,765,757,833,734,848,827,804,809,725,863,759,799,842,831,820,824,753,766,763,785,802,840,803,788,845,814,811,741,836,767,730,855,771,732,726,727,812,867,850,825,853,832,751,740,857,738,718,723,778,781,780,779,772,773,776,782,783,777,775,774,744,822,722,821,798,739,819,808,871,834,852,856,720,733,747,858,847,817,784,815,754,731,862,749,870,805,792,859,719,752,807,746,800,844,795,837,769,717,743,728,789,742,786,851,865,868,794,843,724,758,849,736,813,790,770,768,846,748,835,737,801,841,745,816,823,793,860,729,830,721,761,866,818,839,735,750,762,796,716,797,828,864,755,854,869,829,791,810
BOUND 3 1 -2 2,9,6,4,8,7,3,10,1,5,12,13,11,16,14,15,19,23,24,21,25,18,22,17,20,32,37,54,57,84,83,41,43,42,40,35,39,33,27,36,26,44,38,34,52,53,45,46,50,51,49,47,48,56,29,28,55,74,73,31,91,58,59,72,71,70,69,92,76,75,78,77,63,62,66,67,64,65,30,82,85,90,60,79,88,89,86,81,87,80,97,95,96,93,68,94,61,102,109,99,103,108,107,136,137,104,101,98,100,111,135,105,128,131,132,130,129,158,282,291,294,285,115,113,116,114,148,124,155,125,126,123,118,212,110,106,112,165,167,242,251,254,245,210,224,179,169,221,176,171,220,170,211,175,117,200,217,133,325,313,185,216,310,306,168,139,166,138,180,178,177,149,154,146,173,172,150,152,174,147,186,453,465,203,305,433,408,436,145,464,449,511,302,339,299,442,457,570,584,320,331,326,405,582,568,456,586,443,569,225,223,222,151,452,460,309,329,461,447,213,127,134,153,189,144,272,265,141,374,353,121,142,262,319,239,250,236,240,249,248,143,256,649,257,241,651,243,238,235,237,228,253,376,232,246,140,307,632,648,673,669,316,336,335,375,430,437,631,686,646,663,362,120,194,279,290,276,280,289,288,122,296,652,297,281,650,283,278,275,277,273,293,695,231,286,119,311,192,467,709,607,338,694,691,161,308,244,164,162,312,284,163,321,318,317,233,322,324,323,156,160,315,234,314,330,328,201,202,157,159,327,337,334,341,340,343,342,193,274,264,333,332,263,346,347,349,348,345,344,352,350,351,363,361,360,359,358,365,364,367,366,226,230,356,357,354,355,370,371,373,372,369,368,377,227,252,229,392,391,378,379,390,389,388,387,267,394,393,396,395,381,380,384,385,382,383,410,409,414,397,398,407,406,415,184,411,413,412,401,400,403,187,402,425,424,423,422,421,420,427,426,429,428,404,399,418,419,416,417,438,435,434,181,439,441,440,386,266,432,188,431,455,454,218,190,215,459,183,462,206,197,458,463,208,196,450,451,214,219,446,444,191,182,445,448,204,195,510,512,205,519,515,301,487,486,474,475,485,484,483,482,489,488,491,490,477,476,480,481,478,479,505,504,492,493,503,502,501,500,507,506,509,508,495,494,498,499,496,497,521,298,520,518,517,516,472,522,524,523,469,468,514,471,513,541,540,209,591,525,526,539,538,537,536,592,543,542,545,544,530,529,533,534,531,532,562,561,207,567,546,547,560,559,558,557,571,564,563,566,565,551,550,554,555,552,553,585,470,527,583,581,199,580,579,578,577,588,587,590,589,556,466,198,572,549,548,575,576,573,574,602,601,600,599,598,597,604,603,606,605,535,528,595,596,593,594,473,609,610,608,624,623,611,612,622,621,620,619,626,625,628,627,614,613,617,618,615,616,268,258,629,630,640,639,638,637,642,641,644,643,635,636,633,634,259,647,270,645,247,295,255,287,271,671,670,668,667,269,672,656,657,654,653,261,655,674,661,660,664,665,662,685,684,683,682,681,680,679,688,687,690,689,666,260,659,658,677,678,675,676,693,303,304,692,292,702,700,699,703,701,697,704,698,696,300,708,710,715,705,713,714,711,707,712,706,759,808,847,799,754,798,755,846,771,730,735,728,731,725,729,727,827,724,806,760,752,814,829,869,866,821,834,825,816,832,860,819,858,831,737,854,815,871,757,810,765,720,812,809,726,717,813,785,790,840,791,786,843,794,784,733,774,775,780,779,783,782,776,773,772,777,781,778,795,793,792,766,764,769,788,787,767,763,789,770,732,723,844,845,838,837,718,836,861,848,823,839,761,716,722,768,841,842,750,736,818,747,744,817,739,867,864,734,852,865,740,796,742,830,738,857,863,748,828,746,850,853,856,859,756,758,762,811,721,719,797,802,862,822,803,804,868,801,870,753,800,749,833,807,835,851,805,745,849,743,826,741,824,820,751,855
BOUND 3 1 2 2,8,7,12,9,6,3,10,5,1,4,13,11,35,37,32,21,45,42,19,43,50,46,34,33,15,14,58,72,82,91,41,25,24,39,16,40,20,27,26,36,38,44,17,52,51,23,22,18,53,47,49,48,70,59,67,65,71,69,92,83,54,29,57,74,56,73,31,78,77,76,75,66,64,63,28,62,55,85,84,30,89,93,86,88,90,79,87,81,80,96,95,97,60,94,68,61,121,257,185,122,107,108,245,254,105,285,294,306,297,310,104,313,325,319,212,194,337,346,176,98,101,200,262,217,148,114,317,335,326,201,314,302,130,216,143,142,353,361,370,374,137,136,378,397,414,430,329,291,171,390,423,408,436,333,115,116,263,131,128,99,110,135,100,359,272,355,357,434,417,351,149,267,419,431,352,120,415,421,186,147,474,492,145,307,437,211,175,203,485,503,510,118,336,519,525,546,567,591,316,222,125,409,607,568,539,580,560,600,388,402,331,379,611,629,311,221,622,640,383,202,159,398,406,385,139,141,265,251,165,102,112,113,132,235,296,345,238,248,249,106,290,287,109,232,295,246,240,239,349,253,228,377,241,243,371,305,635,656,672,671,320,339,155,375,169,433,633,682,654,647,358,150,129,303,256,369,304,288,289,103,250,247,111,231,255,286,691,694,373,350,699,702,281,283,347,309,515,513,708,582,334,275,278,161,308,164,244,162,312,163,284,318,321,124,324,323,233,322,315,234,156,160,123,328,330,126,127,327,134,157,158,338,343,342,341,340,264,332,193,117,274,133,282,119,237,348,236,344,172,273,177,360,167,363,168,362,367,366,365,364,356,354,226,138,230,166,242,140,277,372,276,368,376,252,227,229,389,387,210,151,220,392,225,391,154,396,395,394,393,384,382,381,144,380,213,407,405,179,224,153,410,189,152,413,412,184,411,403,187,401,400,223,422,420,170,425,174,424,429,428,427,426,418,416,404,146,399,178,435,438,180,441,440,181,439,432,188,386,266,173,537,553,612,475,636,634,499,497,526,555,620,483,547,534,532,558,618,630,638,616,493,481,479,501,204,512,511,195,301,299,192,205,484,482,453,190,464,487,463,486,491,490,489,488,480,478,477,182,476,445,502,500,465,191,449,505,448,504,509,508,507,506,498,496,495,183,494,462,518,517,516,521,298,520,524,523,472,522,514,471,469,468,467,538,536,592,584,442,206,456,541,455,540,209,545,544,543,542,533,531,530,196,529,450,559,557,571,570,457,208,443,562,451,561,207,566,565,564,563,554,552,551,197,550,454,579,608,594,578,577,596,586,585,583,581,590,589,588,587,575,610,576,598,573,574,556,198,549,548,599,597,569,602,572,601,606,605,604,603,595,593,535,199,528,527,609,473,466,470,621,619,452,218,461,624,458,623,628,627,626,625,617,615,614,214,613,444,639,637,460,219,447,268,446,258,644,643,642,641,632,215,631,459,665,663,657,261,652,651,650,649,670,669,271,653,655,674,673,648,270,646,668,645,667,269,664,662,661,259,660,681,680,679,686,685,684,683,690,689,688,687,677,678,675,676,666,260,659,658,692,279,280,693,700,695,292,293,701,703,697,704,696,698,710,709,300,714,711,713,715,705,712,707,706,732,792,801,733,805,784,867,841,812,809,863,827,804,734,848,757,728,833,720,723,811,746,865,864,854,786,794,769,844,758,839,795,797,736,842,866,807,791,727,870,726,806,771,730,765,826,859,739,856,748,871,821,835,834,798,799,782,783,779,780,775,774,777,778,781,776,772,773,819,852,808,740,718,825,744,722,751,738,822,853,759,760,816,745,721,818,764,750,716,729,851,860,855,861,787,850,846,737,836,831,837,802,788,800,785,755,869,725,793,829,766,862,820,849,763,762,735,840,868,814,768,770,790,813,719,832,857,752,838,756,858,747,796,789,749,731,828,847,810,741,817,803,724,815,843,823,754,845,830,824,717,753,743,742,767,761
BOUND 3 1 -2 8,2,3,12,9,6,7,1,5,10,13,4,11,32,37,35,43,50,19,42,21,45,46,33,34,40,41,72,58,82,91,14,24,25,16,39,15,38,36,26,27,20,17,44,22,23,51,52,53,18,47,48,49,59,70,65,67,29,54,93,95,69,71,73,56,74,57,96,62,55,63,28,64,66,76,75,78,77,86,88,89,30,92,85,84,79,90,80,81,87,31,83,60,97,61,68,94,122,306,185,121,285,294,104,105,254,107,108,257,310,297,245,319,212,313,325,337,194,346,176,101,98,317,314,201,326,331,200,302,148,217,262,335,329,216,142,143,361,353,370,374,136,137,390,408,423,436,130,171,291,378,414,397,430,263,318,328,333,221,316,308,312,311,307,272,359,357,355,267,419,149,351,434,417,186,120,352,421,415,431,439,485,503,411,100,175,409,437,402,474,492,519,336,118,510,539,560,580,600,128,125,222,211,568,607,525,567,546,591,379,203,114,388,622,640,135,131,611,629,385,159,202,406,398,383,360,376,253,375,358,231,232,322,320,238,349,345,235,240,239,241,371,243,305,112,246,295,248,249,296,265,377,228,106,287,290,109,633,654,682,647,132,155,339,251,433,169,635,672,656,671,165,350,334,304,373,369,303,691,694,281,347,283,309,102,286,255,288,289,256,150,702,699,103,247,250,111,513,515,708,582,129,278,275,244,99,164,161,284,110,163,162,115,124,321,160,123,156,113,234,315,233,324,323,116,126,330,157,134,327,127,338,158,274,133,193,117,332,264,341,340,343,342,348,237,119,282,344,236,273,172,177,139,362,168,363,167,230,166,226,138,354,356,365,364,367,366,372,277,140,242,368,276,141,229,227,252,151,210,387,389,391,225,392,220,435,380,213,381,144,382,384,394,393,396,395,153,224,420,405,407,189,410,422,400,223,401,145,187,403,184,413,412,152,179,424,174,425,170,399,178,404,146,416,418,427,426,429,428,154,180,438,266,173,386,147,188,432,181,441,440,526,555,620,483,634,636,497,499,537,553,612,475,558,532,534,547,616,638,630,618,501,479,481,493,608,517,516,518,610,520,522,609,190,453,482,484,486,463,487,464,476,445,477,182,478,480,489,488,491,490,191,465,500,502,504,448,505,449,494,462,495,183,496,498,507,506,509,508,195,512,511,298,521,299,468,467,469,192,471,514,472,524,523,206,442,598,597,536,538,540,455,541,456,599,529,450,530,196,531,533,543,542,545,544,208,457,578,577,557,559,561,451,562,443,579,550,454,551,197,552,554,564,563,566,565,207,204,596,571,570,594,581,583,585,586,549,548,556,198,573,301,574,592,575,576,588,587,590,589,209,584,601,572,602,569,528,527,535,199,593,595,604,603,606,605,205,466,473,470,218,452,619,621,623,458,624,461,613,444,614,214,615,617,626,625,628,627,219,460,637,639,258,446,268,447,631,459,632,215,642,641,644,643,663,665,261,657,650,649,652,651,661,259,660,270,648,680,679,655,653,667,645,668,646,681,662,664,670,669,271,269,674,673,683,684,685,686,659,658,666,260,675,676,677,678,688,687,690,689,279,692,693,280,700,703,704,701,293,695,698,292,696,697,711,713,714,300,710,709,705,715,706,707,712,805,867,784,841,732,801,792,733,863,827,812,809,734,804,757,848,720,723,728,833,746,811,794,769,786,854,865,864,795,797,736,844,758,839,807,791,842,866,861,826,846,730,748,806,799,870,835,834,798,771,821,871,859,739,856,765,783,782,778,781,776,777,774,779,780,775,773,772,718,825,740,808,819,852,853,751,722,822,738,744,851,745,764,760,818,721,816,860,729,716,759,750,787,727,855,737,726,850,831,836,802,837,800,788,829,766,793,862,869,785,755,725,849,820,868,814,840,735,763,762,815,817,847,749,832,719,752,857,747,858,756,838,731,828,813,796,789,790,741,810,770,843,845,768,803,754,823,724,743,742,753,717,830,824,761,767
