META 23 553 1,1,2,1
CELL 0 1 24
STAB 0 1 1 2,1,7,4,5,6,3,10,9,8,12,11,13,16,15,14,21,22,20,19,17,18,23,25,24,37,32,29,28,30,31,27,34,33,36,35,26,42,41,40,39,38,44,43,48,47,46,45,50,49,51,53,52,55,54,57,56,63,62,83,92,59,58,67,66,65,64,91,77,78,75,76,74,73,71,72,69,70,84,85,82,81,60,79,80,87,86,90,89,88,68,61,94,93,97,96,95,101,109,100,98,107,108,112,106,105,102,103,99,111,110,104,115,116,113,114,118,117,119,120,122,121,128,132,131,130,212,123,133,126,125,124,129,148,135,137,136,139,138,140,141,143,142,151,153,152,154,134,150,149,144,146,145,147,158,317,329,155,217,200,312,315,216,185,166,165,168,167,173,174,172,171,169,170,180,177,176,179,178,175,422,190,191,394,164,188,203,186,211,182,183,195,194,193,192,206,208,207,209,160,202,201,187,205,204,196,198,197,199,213,189,127,210,218,219,163,159,214,215,225,222,221,224,223,220,349,347,251,265,276,291,245,323,262,238,250,237,235,248,249,254,256,255,257,232,247,246,239,240,236,228,253,252,241,243,242,244,268,270,269,271,234,264,263,229,267,266,258,260,259,261,273,272,274,275,230,278,277,297,308,284,296,283,281,294,295,300,302,301,303,231,293,292,285,286,282,279,299,298,287,289,288,290,305,304,306,307,280,310,309,313,161,311,316,162,314,156,319,318,327,328,326,233,325,324,322,320,321,157,331,330,335,334,333,332,344,345,342,343,341,340,338,339,336,337,348,227,346,226,351,350,359,357,358,356,355,353,354,352,363,362,361,360,365,364,369,368,367,366,373,372,371,370,416,382,380,381,379,378,376,377,375,387,386,401,384,383,389,388,400,398,399,397,184,396,395,393,391,392,390,385,405,404,403,402,414,415,412,413,411,410,408,409,406,407,374,418,417,426,427,425,181,424,423,421,419,420,434,435,436,437,433,432,428,429,430,431,441,440,439,438,443,442,447,446,445,444,518,529,453,452,451,450,457,456,455,454,464,465,462,463,460,461,458,459,469,468,467,466,473,472,471,470,480,481,478,479,476,477,474,475,485,484,483,482,487,486,494,495,493,492,491,490,488,489,501,500,519,520,497,496,505,504,503,502,517,515,516,513,514,512,511,509,510,507,508,506,448,498,499,524,523,522,521,534,535,533,531,449,532,528,530,527,525,526,539,538,537,536,543,542,541,540,552,553,550,551,549,548,546,547,544,545
STAB 0 1 1 2,1,4,7,15,3,6,16,9,8,21,22,24,10,5,14,12,11,17,18,20,19,25,23,13,37,29,32,27,34,33,28,30,31,99,108,55,43,41,101,56,79,60,42,123,113,114,91,105,110,136,95,125,26,54,57,39,133,117,84,115,118,58,139,146,147,138,45,168,178,173,166,155,73,171,72,69,176,83,145,212,213,44,38,144,236,249,223,238,221,126,116,282,295,124,284,53,40,107,98,100,109,35,106,112,50,103,102,36,104,49,111,92,61,47,46,59,62,122,121,119,120,130,131,132,128,82,48,63,68,52,97,129,151,137,135,51,67,64,143,142,140,141,148,134,150,149,153,152,154,80,66,85,65,158,394,315,74,215,206,422,329,218,190,76,165,77,167,75,172,174,71,170,169,177,180,70,175,78,179,312,185,164,317,191,182,197,183,210,188,186,193,194,195,192,200,160,202,201,208,207,209,196,198,199,187,205,203,204,81,127,189,211,216,163,219,214,159,217,222,225,88,220,90,224,349,323,242,259,273,300,254,347,268,89,248,235,237,250,86,245,232,247,246,256,255,257,240,239,87,241,243,244,228,253,251,252,262,234,264,263,270,269,271,258,260,261,229,267,265,266,276,230,278,277,272,274,275,288,305,96,294,281,283,296,93,291,231,293,292,302,301,303,286,285,94,287,289,290,279,299,297,298,308,280,310,309,304,306,307,445,432,419,442,376,333,435,405,526,451,414,527,486,439,391,481,346,472,430,530,529,518,372,314,467,356,495,521,226,358,340,423,339,336,416,488,450,320,343,458,500,461,501,341,344,355,553,354,542,395,536,417,425,383,548,504,516,390,482,465,334,443,506,337,456,436,499,385,491,162,547,544,427,418,513,539,365,515,470,484,438,505,479,434,538,363,412,324,403,367,379,319,480,392,476,328,473,393,475,503,485,510,533,522,507,525,386,361,444,387,360,431,493,338,537,311,549,184,156,380,433,437,161,429,428,157,181,440,441,325,398,371,316,446,447,313,426,335,330,487,494,327,227,545,382,531,496,546,373,520,511,551,359,351,540,532,519,332,449,415,321,523,388,404,322,535,397,402,514,502,413,410,400,508,366,453,233,452,345,424,509,378,524,348,534,357,350,468,462,550,454,399,369,411,474,543,389,368,401,477,541,463,492,408,407,483,370,498,448,381,490,471,406,342,489,478,409,455,466,469,552,331,326,374,318,384,396,421,362,517,352,512,459,528,353,497,460,420,364,464,377,375,457
STAB 0 1 1 2,1,3,6,5,4,7,16,9,14,19,20,23,10,15,8,18,17,11,12,22,21,13,24,25,54,32,29,28,31,30,27,33,34,102,107,55,83,57,100,56,60,79,84,126,61,92,130,104,112,135,132,124,26,37,41,39,133,62,42,46,59,129,67,149,150,64,128,168,180,174,166,155,158,170,165,167,175,43,148,211,189,38,44,134,239,248,225,237,220,123,47,285,294,125,283,131,98,108,40,101,35,109,49,110,111,36,99,103,105,106,50,114,113,116,115,118,117,120,119,121,122,91,53,95,45,210,68,63,48,97,52,58,85,51,136,137,139,138,141,140,142,143,145,144,147,146,80,65,66,153,154,151,152,73,428,380,74,216,203,437,436,217,186,76,72,77,69,172,75,173,169,171,71,78,178,179,176,177,70,433,183,182,429,188,164,200,185,82,191,190,193,192,195,194,197,196,199,198,187,204,205,160,201,202,208,209,206,207,127,81,213,212,215,214,159,163,219,218,90,223,224,221,222,88,339,487,245,262,276,297,251,453,265,235,249,89,238,86,250,242,241,244,243,228,252,253,87,236,240,232,246,247,256,257,254,255,259,258,261,260,229,266,267,234,263,264,270,271,268,269,273,272,275,274,230,277,278,291,308,281,295,96,284,93,296,288,287,290,289,279,298,299,94,282,286,231,292,293,302,303,300,301,305,304,307,306,280,309,310,444,431,447,372,430,371,434,478,476,488,523,413,450,438,441,409,494,522,376,466,469,519,442,443,498,356,525,493,226,358,354,490,349,355,534,451,486,452,343,550,546,512,457,341,344,336,454,340,511,537,386,384,538,420,427,410,484,483,411,543,316,314,540,489,528,329,460,509,513,157,462,531,548,362,491,361,549,415,407,516,439,480,510,435,425,421,514,440,474,508,492,535,505,502,526,471,389,477,326,366,369,479,322,472,388,495,536,539,445,364,396,432,521,524,395,446,365,156,184,315,312,422,181,317,394,162,161,324,391,398,325,333,334,311,419,426,313,468,532,323,346,348,233,357,552,544,353,500,517,377,542,381,541,497,506,330,518,448,331,515,406,414,507,399,533,319,408,318,412,392,527,504,368,367,503,347,227,320,374,342,385,401,338,327,416,545,464,335,547,458,553,404,485,482,403,465,473,400,378,393,359,352,379,397,470,390,459,467,332,551,423,328,321,424,337,405,481,375,530,529,382,449,475,345,402,417,360,363,418,373,463,461,370,456,496,351,499,383,387,350,520,455,501
STAB 0 1 1 2,1,6,3,15,7,4,10,9,14,18,17,25,16,5,8,19,20,22,21,11,12,24,13,23,54,29,32,27,33,34,28,31,30,103,109,26,84,57,98,39,44,38,83,68,116,115,128,111,106,137,131,97,55,37,41,56,63,117,43,114,118,129,139,154,152,138,130,77,177,172,76,74,158,169,165,167,179,42,151,210,127,79,60,153,240,250,222,235,224,48,113,286,296,52,281,132,100,35,101,40,108,107,110,49,104,99,36,102,50,112,105,46,47,61,92,59,62,121,122,120,119,45,95,53,91,211,126,133,123,124,125,58,145,136,51,135,67,64,142,143,141,140,85,80,65,66,144,147,146,134,149,148,150,73,429,436,155,218,197,433,380,215,183,166,72,168,69,174,173,75,170,71,171,178,78,175,70,180,176,437,186,188,428,182,191,206,190,212,164,185,195,192,193,194,203,187,204,205,196,199,198,208,209,207,160,201,200,202,189,213,81,82,217,159,214,219,163,216,223,90,220,88,225,221,339,453,254,268,273,288,242,487,259,237,86,238,89,249,248,251,228,252,253,241,244,243,236,87,239,256,257,255,232,246,245,247,265,229,266,267,258,261,260,270,271,269,234,263,262,264,276,230,277,278,272,275,274,300,305,283,93,284,96,295,294,297,279,298,299,287,290,289,282,94,285,302,303,301,231,292,291,293,308,280,309,310,304,307,306,426,181,446,334,157,443,184,535,402,348,471,475,227,398,440,533,452,406,162,449,532,468,316,371,448,344,374,424,343,341,354,524,349,355,489,327,233,494,226,497,464,541,545,358,356,336,496,340,463,421,418,539,396,549,387,485,400,508,503,517,442,333,459,534,552,315,551,492,401,430,520,455,364,536,378,417,420,473,507,368,325,404,408,156,360,537,477,441,502,483,509,478,399,474,318,523,515,514,527,482,504,397,481,321,470,345,362,384,313,548,538,161,342,490,363,447,383,435,434,329,422,312,431,394,317,376,432,391,324,438,439,314,372,419,311,444,445,519,469,347,320,488,486,501,528,375,553,350,543,547,352,499,512,550,370,529,335,498,530,389,522,328,407,505,409,405,510,526,393,403,326,369,516,390,411,323,450,346,525,521,379,513,423,451,337,457,546,518,377,351,353,480,410,366,392,373,415,484,491,412,461,542,385,479,388,367,540,332,467,460,338,414,472,493,416,319,322,544,331,330,456,466,413,495,476,361,425,395,386,465,511,359,506,382,454,458,381,365,427,500,462,531,357
STAB 0 1 1 3,7,6,2,9,1,4,17,15,22,16,10,28,18,5,21,20,19,14,8,11,12,29,31,30,55,24,33,34,32,27,25,13,23,44,79,26,99,113,117,116,103,106,110,68,39,56,123,60,38,138,144,153,54,37,114,115,48,98,108,41,101,126,136,52,124,137,133,182,177,196,127,214,219,208,213,191,178,105,125,166,76,109,111,97,241,256,258,272,270,63,57,287,302,154,304,146,119,50,118,120,43,112,83,36,102,84,49,104,35,107,42,46,47,92,61,121,122,59,62,40,100,58,145,147,91,189,129,130,128,152,151,45,95,139,141,140,142,143,67,64,51,135,65,66,85,80,131,53,132,150,148,149,134,218,430,435,215,73,173,376,432,155,168,210,212,183,190,198,197,199,207,209,206,179,193,195,194,192,176,434,188,186,431,77,167,171,69,72,164,185,175,180,78,70,204,205,203,187,172,75,174,169,71,170,202,200,201,160,211,165,81,82,159,217,74,158,163,216,259,261,269,271,260,268,450,343,249,221,238,282,236,486,223,274,257,273,275,254,255,252,253,251,228,240,87,239,242,244,243,250,86,248,247,245,246,232,266,267,265,229,222,90,225,224,88,220,264,262,263,234,277,278,276,230,235,89,237,295,284,306,303,305,307,300,301,298,299,297,279,286,94,285,288,290,289,296,93,294,293,291,292,231,309,310,308,280,281,96,283,396,157,425,494,181,320,162,316,372,318,374,520,227,459,506,547,476,495,184,449,530,516,535,405,400,469,471,509,453,418,536,379,323,330,414,442,226,334,233,342,493,473,438,539,331,466,325,417,515,445,341,358,426,335,519,345,448,467,525,439,327,488,398,504,460,394,527,546,350,429,475,381,483,354,521,340,367,541,461,427,496,313,388,161,399,480,407,553,444,364,424,451,360,538,348,411,463,359,551,337,534,512,499,366,542,485,362,386,404,332,474,156,497,458,392,505,498,436,437,422,329,317,428,315,312,433,380,465,501,545,517,526,402,395,403,502,421,387,344,347,443,333,487,324,326,413,441,401,454,533,510,481,397,491,353,529,549,383,532,412,410,369,477,447,382,371,352,314,511,311,528,328,468,518,523,349,339,319,503,378,524,423,513,478,482,540,492,390,456,385,370,537,522,321,363,357,479,365,550,389,507,470,351,415,408,420,457,548,508,552,500,489,416,464,472,346,531,462,356,355,377,336,375,406,452,361,446,419,384,391,393,514,440,409,543,490,455,484,368,338,544,322,373
STAB 0 1 1 3,7,4,1,9,2,6,18,15,21,8,14,29,17,5,22,12,11,10,16,19,20,28,30,31,37,24,33,34,27,32,25,23,13,84,43,54,108,114,118,115,109,111,105,128,57,41,91,42,83,139,145,151,26,55,113,116,130,98,99,56,101,45,136,132,53,137,58,183,179,197,210,215,218,206,212,190,176,110,95,72,165,103,106,131,242,254,259,273,268,129,39,288,300,152,305,147,120,112,117,119,79,50,38,107,35,44,104,49,102,36,60,61,92,47,46,121,122,62,59,100,40,133,144,146,123,82,63,48,68,154,153,126,125,138,140,141,142,143,64,67,135,51,149,150,134,148,97,124,52,66,80,65,85,219,315,394,214,155,171,329,422,73,69,127,213,182,191,199,196,198,209,207,208,177,192,194,195,193,178,317,185,164,312,167,77,173,168,166,186,188,78,70,175,180,201,202,160,200,169,170,71,172,174,75,205,187,204,203,81,76,211,189,216,163,158,74,217,159,258,260,271,269,261,270,323,349,236,223,238,295,249,347,221,275,255,272,274,256,257,246,247,232,245,250,248,86,241,243,244,240,239,87,253,228,252,251,263,264,234,262,224,220,88,222,225,90,267,229,266,265,277,278,230,276,235,237,89,282,284,307,301,304,306,302,303,292,293,231,291,296,294,93,287,289,290,286,285,94,299,279,298,297,309,310,280,308,281,283,96,421,380,395,327,433,488,436,371,314,478,489,551,487,517,465,499,319,416,429,532,529,390,402,526,508,331,406,378,233,539,417,513,450,466,472,333,339,443,453,490,338,507,324,418,469,330,441,536,470,419,354,340,446,498,332,534,468,518,337,391,494,320,440,482,377,435,481,351,550,184,533,462,368,341,423,358,484,463,542,365,545,447,415,437,474,392,389,501,311,420,524,346,537,363,452,369,541,511,520,525,345,352,547,410,461,503,384,361,502,519,399,428,464,500,480,403,335,162,161,432,376,434,156,430,431,181,157,506,553,496,459,405,535,425,505,404,396,549,355,486,334,442,227,438,409,322,325,492,357,475,393,527,514,385,457,530,387,548,449,479,366,411,408,313,531,316,512,372,359,444,375,522,448,467,321,343,226,476,485,509,424,521,379,318,504,373,401,516,544,491,543,360,328,523,538,454,412,427,350,407,473,515,546,388,477,364,353,383,400,455,458,374,495,497,414,451,382,381,336,344,460,356,528,471,348,386,426,445,362,439,510,397,398,326,370,342,552,367,483,493,456,413,540
STAB 0 1 1 3,7,2,6,5,4,1,18,15,22,20,19,30,17,9,21,16,10,11,12,14,8,31,29,28,55,33,24,25,13,23,34,32,27,104,112,54,110,113,119,115,111,109,99,129,92,61,133,102,107,140,146,152,26,37,114,116,130,122,105,46,121,126,142,148,134,143,123,183,192,198,210,215,219,207,213,191,195,108,149,189,211,106,103,150,243,255,260,274,269,128,47,289,301,151,306,144,117,43,120,118,50,79,36,83,60,49,84,44,42,38,35,41,57,39,56,101,98,40,100,59,62,91,147,145,58,166,68,48,63,153,154,45,65,141,139,138,136,137,51,135,67,64,95,131,53,132,66,85,80,97,52,125,124,218,431,432,214,216,204,434,435,159,188,127,212,182,190,196,199,197,208,206,209,193,179,178,176,177,194,376,168,77,430,186,164,201,185,82,167,69,78,180,175,70,173,172,75,174,205,203,187,202,200,160,169,71,171,170,76,81,165,72,155,74,217,163,158,73,261,259,270,268,258,271,450,486,246,263,277,298,252,343,266,272,254,275,273,257,256,236,240,87,239,253,251,228,244,242,241,247,245,232,250,86,249,248,223,222,90,225,267,265,229,264,262,234,224,88,221,220,238,235,89,237,278,276,230,292,309,304,300,307,305,303,302,282,286,94,285,299,297,279,290,288,287,293,291,231,296,93,295,294,284,281,96,283,310,308,280,502,428,505,402,429,405,437,451,452,333,411,375,339,545,553,382,334,410,433,336,344,387,327,320,383,331,503,464,233,539,536,458,323,330,504,478,487,476,453,491,492,397,540,418,469,466,543,417,393,480,384,386,474,367,368,522,365,364,523,454,535,526,457,414,326,422,552,424,423,181,544,322,332,362,550,361,335,479,477,468,517,537,352,436,446,445,359,506,538,467,546,316,447,444,314,374,412,407,528,321,328,415,531,416,408,406,354,358,421,483,426,380,378,379,419,425,484,161,162,394,317,329,157,312,315,184,156,501,465,459,496,488,494,403,395,396,404,516,530,349,319,318,226,373,460,462,370,338,439,456,470,455,473,342,440,355,390,400,356,463,495,489,461,360,547,346,388,348,389,363,551,534,427,420,525,347,227,443,471,497,351,350,500,442,472,438,493,549,533,490,441,313,345,337,311,391,541,448,521,511,514,510,524,512,542,518,398,508,548,527,513,369,366,509,482,371,499,413,532,529,409,449,520,485,372,340,399,392,341,357,515,507,353,377,325,385,481,498,519,401,475,381,324
STAB 0 1 1 3,7,1,4,5,6,2,17,15,21,12,11,31,18,9,22,8,14,19,20,10,16,30,28,29,37,33,24,25,23,13,34,27,32,49,50,26,105,114,120,116,106,103,108,63,47,46,58,35,36,141,147,154,54,55,113,115,48,122,110,61,121,45,142,80,85,143,91,182,193,199,127,214,218,209,212,190,194,99,65,82,81,111,109,66,244,257,261,275,271,68,92,290,303,153,307,145,118,79,119,117,112,43,107,38,42,104,44,84,60,83,102,56,39,57,41,101,98,100,40,62,59,123,146,144,133,72,128,130,129,151,152,126,149,140,138,139,136,137,135,51,64,67,125,97,124,52,150,134,148,131,132,95,53,219,312,422,215,159,201,317,394,216,185,210,213,183,191,197,198,196,206,208,207,192,177,176,178,179,195,329,69,167,315,164,186,204,188,189,77,168,175,70,78,180,171,169,170,71,202,160,200,205,187,203,172,174,173,75,165,211,76,166,73,158,163,217,74,155,260,258,268,270,259,269,323,347,252,266,277,292,246,349,263,273,256,274,272,255,254,249,250,248,86,247,232,245,243,241,242,253,228,251,240,239,236,87,221,224,220,88,264,234,262,267,229,265,222,225,223,90,238,235,237,89,278,230,276,298,309,305,302,306,304,301,300,295,296,294,93,293,231,291,289,287,288,299,279,297,286,285,282,94,284,281,283,96,310,280,308,404,156,403,535,184,526,161,346,348,442,369,528,226,496,501,531,443,366,181,356,355,549,494,488,548,469,485,497,453,418,417,500,450,466,482,318,227,319,233,385,401,514,373,539,331,330,370,536,510,392,362,361,399,484,483,328,427,420,321,357,402,405,353,472,409,432,455,524,521,433,456,413,519,384,350,386,498,412,408,448,459,360,512,162,426,419,511,465,363,518,351,371,313,311,372,489,479,389,375,523,522,388,382,495,477,471,341,340,396,368,446,157,509,513,445,395,367,437,436,435,434,376,380,431,430,429,428,553,506,517,545,320,327,505,425,421,502,390,529,343,476,478,339,540,377,381,543,493,391,544,515,552,507,490,398,344,516,508,336,541,416,374,542,537,499,451,415,452,407,538,520,345,365,364,337,486,487,334,406,464,546,550,458,333,414,324,338,387,475,342,325,447,534,525,444,439,463,468,423,359,397,393,424,352,461,467,440,400,383,481,379,411,410,378,504,316,547,322,449,530,326,532,551,503,314,358,474,480,354,454,470,473,457,460,441,491,527,335,332,492,533,462,438
STAB 0 1 1 4,6,7,2,9,1,3,11,5,20,16,10,27,12,15,19,22,21,8,14,17,18,32,34,33,55,23,30,31,29,28,13,25,24,38,60,26,102,61,62,47,36,49,112,48,39,56,126,79,44,64,134,80,37,54,92,46,68,40,107,57,100,123,135,97,125,51,133,164,78,160,81,163,159,187,189,188,180,104,124,166,76,35,50,52,232,228,234,230,229,63,41,231,279,66,280,149,121,111,59,122,83,110,43,103,99,42,106,105,109,108,84,115,116,114,113,119,120,118,117,98,101,129,148,150,130,213,58,91,45,65,85,128,132,67,143,142,140,141,139,138,137,136,152,154,151,153,53,131,95,147,145,146,144,217,376,434,216,158,174,430,431,155,168,82,211,185,186,201,200,202,204,205,203,70,193,195,192,194,175,435,191,190,432,77,69,170,167,165,182,183,176,178,177,179,207,209,206,208,75,172,173,71,169,171,199,197,198,196,212,72,127,210,219,218,74,73,214,215,262,264,266,267,263,265,486,343,248,220,237,285,239,450,225,277,253,276,278,251,252,255,257,254,256,87,240,236,245,247,246,86,250,249,244,242,243,241,269,271,268,270,90,222,223,88,224,221,261,259,260,258,274,275,273,272,89,235,238,294,283,309,299,308,310,297,298,301,303,300,302,94,286,282,291,293,292,93,296,295,290,288,289,287,306,307,305,304,96,281,284,360,162,538,346,161,452,157,334,442,402,345,377,233,370,540,462,526,525,156,331,466,484,319,478,368,529,328,385,347,362,386,492,487,532,523,372,226,316,227,424,521,389,439,361,449,530,398,384,415,444,341,358,313,468,518,374,332,498,495,438,348,451,325,410,499,428,413,500,464,317,326,551,390,340,493,354,508,359,512,548,353,426,507,181,404,505,470,454,445,387,342,488,396,425,327,482,352,541,381,489,416,461,460,503,511,369,418,536,399,448,403,184,351,550,502,480,467,329,422,437,436,429,394,380,433,312,315,543,457,357,373,476,318,537,474,392,363,364,344,453,314,371,323,440,475,527,391,378,553,322,479,409,408,513,496,469,365,420,330,514,504,485,393,419,552,333,463,443,542,446,456,471,335,519,414,339,349,535,366,401,338,490,491,405,411,506,379,483,528,509,459,395,472,406,421,545,510,549,458,473,388,407,497,515,397,383,501,427,367,382,546,337,534,350,522,494,544,547,356,336,520,355,455,321,320,539,311,447,417,441,477,412,324,481,465,423,375,516,400,524,531,533,517
STAB 0 1 1 4,6,3,1,9,2,7,12,5,19,14,8,32,11,15,20,18,17,10,16,21,22,27,33,34,54,23,30,31,28,29,13,24,25,42,83,37,107,92,59,46,35,50,104,45,41,57,130,84,43,67,148,85,26,55,61,47,91,40,102,56,100,128,135,95,131,51,129,185,70,200,82,216,217,203,211,186,175,112,132,165,72,36,49,53,245,251,262,276,265,58,39,291,297,65,308,150,122,110,62,121,60,111,44,108,109,38,105,106,99,103,79,113,114,116,115,119,120,117,118,101,98,133,134,149,126,210,63,68,48,66,80,123,124,64,142,143,140,141,138,139,136,137,146,147,144,145,52,125,97,154,153,152,151,159,380,428,163,155,170,436,437,158,167,81,189,164,188,202,160,201,205,204,187,78,194,192,195,193,180,429,183,182,433,69,77,174,168,166,190,191,177,179,176,178,198,199,196,197,71,171,169,75,173,172,209,208,207,206,127,76,212,213,215,214,73,74,218,219,234,263,267,266,264,229,487,339,239,225,237,294,248,453,220,278,252,230,277,228,253,243,244,241,242,86,249,250,232,246,247,87,236,240,257,256,255,254,260,261,258,259,88,221,224,90,223,222,271,270,269,268,274,275,272,273,89,238,235,285,283,310,298,280,309,279,299,289,290,287,288,93,295,296,231,292,293,94,282,286,303,302,301,300,306,307,304,305,96,284,281,363,315,537,348,312,451,329,333,443,405,337,381,323,373,543,460,535,534,317,330,469,483,318,476,367,449,321,401,227,361,384,491,486,530,522,371,349,314,347,423,524,388,440,362,529,532,391,386,407,447,340,354,311,467,448,416,335,519,489,441,346,452,324,411,520,434,409,497,458,156,322,547,400,341,490,358,516,352,511,549,357,419,515,422,403,502,473,457,446,383,338,494,395,421,320,485,359,542,377,495,374,463,462,504,512,366,417,539,392,518,404,394,350,546,505,474,468,157,181,431,430,435,184,376,432,161,162,540,454,353,370,478,319,538,480,399,360,365,336,450,316,372,233,439,481,533,398,379,545,326,477,413,412,509,501,466,364,427,331,510,503,482,397,426,544,334,461,442,541,445,455,472,332,498,406,343,226,526,369,385,342,493,492,402,410,517,378,484,531,513,465,396,471,414,425,553,514,548,464,470,389,415,500,507,393,387,496,420,368,375,550,345,525,351,523,488,552,551,355,344,499,356,456,328,327,536,313,444,418,438,479,408,325,475,459,424,382,508,390,521,528,527,506
STAB 0 1 1 4,6,2,7,15,3,1,12,5,20,22,21,33,11,9,19,16,10,17,18,8,14,34,32,27,55,30,23,13,25,24,31,29,28,105,110,37,112,61,121,46,50,35,102,58,114,113,133,99,108,142,149,65,26,54,92,47,91,120,104,115,119,123,140,145,144,141,126,185,194,201,82,216,159,204,189,188,195,107,146,213,212,49,36,147,246,252,263,277,266,45,116,292,298,85,309,134,62,83,122,59,111,60,103,43,79,106,42,38,84,44,109,57,41,39,56,100,40,98,101,118,117,130,150,148,129,166,48,68,63,80,66,128,152,143,67,64,135,51,137,136,139,138,132,53,131,95,154,151,153,52,97,124,125,217,432,431,163,215,207,435,434,219,191,81,211,164,186,160,202,200,187,203,205,193,70,180,175,78,192,430,168,77,376,190,182,198,183,210,69,167,177,178,176,179,174,75,172,173,209,206,208,199,197,196,71,169,170,171,76,127,72,165,155,74,218,214,73,158,264,262,229,265,234,267,486,450,243,260,274,301,255,343,269,230,251,278,276,253,228,239,87,240,236,257,254,256,247,245,232,244,242,241,86,250,248,249,225,90,222,223,271,268,270,261,259,258,88,224,220,221,237,89,235,238,275,273,272,289,306,280,297,310,308,299,279,285,94,286,282,303,300,302,293,291,231,290,288,287,93,296,294,295,283,96,281,284,307,305,304,392,394,480,318,317,478,422,488,320,371,482,455,349,357,454,552,316,504,312,355,344,364,348,452,420,449,366,350,227,361,386,550,487,532,410,405,323,526,347,513,379,408,506,362,529,530,465,384,477,505,417,536,403,508,400,472,549,387,414,553,319,476,501,523,475,437,382,342,490,161,531,533,448,418,458,539,468,510,393,335,373,395,463,329,311,444,541,540,425,498,500,334,419,445,443,345,514,470,456,406,471,515,544,534,397,321,340,358,363,390,313,315,401,492,447,538,516,181,157,428,429,436,162,433,380,156,184,457,543,370,353,451,346,474,537,360,399,484,466,339,535,402,226,517,499,547,459,524,438,528,407,375,389,424,324,336,483,368,356,352,525,337,512,396,462,494,507,327,473,421,381,416,548,383,495,453,233,314,328,351,497,464,546,372,522,439,521,365,322,423,391,426,374,489,446,441,359,332,493,542,412,479,338,461,511,519,325,367,427,413,491,485,503,385,411,333,460,527,330,469,481,331,377,369,442,354,404,502,341,545,415,388,496,520,398,509,409,467,518,378,326,551,440
STAB 0 1 1 4,6,1,3,15,7,2,11,5,19,18,17,34,12,9,20,14,8,21,22,10,16,33,27,32,54,30,23,13,24,25,31,28,29,106,111,26,104,92,122,47,49,36,107,63,116,115,129,109,103,143,150,66,37,55,61,46,68,120,112,113,119,128,140,153,151,141,130,164,193,202,81,163,217,205,211,186,192,102,152,210,127,50,35,154,247,253,264,278,267,48,114,293,299,80,310,148,59,60,121,62,110,83,108,44,84,105,38,42,79,43,99,56,39,41,57,100,40,101,98,117,118,126,149,134,133,165,45,91,58,85,65,123,146,142,64,67,135,51,136,137,138,139,124,52,125,97,147,144,145,53,95,132,131,159,433,437,216,219,198,429,428,215,183,82,189,185,188,200,201,160,203,187,204,194,78,175,180,70,195,436,167,69,380,182,190,207,191,213,77,168,176,179,177,178,170,71,171,169,199,196,197,209,208,206,75,173,174,172,72,212,76,166,158,73,214,218,74,155,263,234,265,229,262,266,487,453,255,269,274,289,243,339,260,276,228,277,230,252,251,248,86,249,250,244,241,242,246,232,245,257,256,254,87,236,239,240,220,88,221,224,261,258,259,271,270,268,90,223,225,222,237,89,238,235,275,272,273,301,306,308,279,309,280,298,297,294,93,295,296,290,287,288,292,231,291,303,302,300,94,282,285,286,283,96,284,281,307,304,305,399,184,474,319,156,476,181,494,327,372,485,456,226,353,457,544,314,503,161,356,336,365,346,451,427,529,369,351,347,362,384,546,486,530,411,402,233,535,227,509,378,412,517,361,449,532,459,386,479,502,418,539,404,516,390,471,548,383,406,545,318,478,496,522,481,431,375,338,493,312,528,527,518,417,464,536,467,514,397,332,370,396,461,157,313,447,542,543,421,519,497,333,426,446,442,337,510,473,455,414,472,507,552,525,393,328,341,354,360,400,311,162,385,491,444,537,508,422,329,434,435,430,315,432,376,317,394,454,540,373,357,452,348,480,538,363,392,483,469,343,526,405,349,506,520,551,465,521,441,531,415,382,388,423,325,344,484,367,355,359,534,345,511,395,460,488,515,320,470,425,377,374,549,387,489,450,323,316,321,350,500,458,550,371,523,440,524,364,326,424,398,419,416,495,445,438,352,335,490,541,408,477,342,463,512,498,324,368,420,409,492,482,504,401,410,334,462,533,331,466,475,330,381,366,443,358,403,505,340,553,407,389,501,499,391,513,413,468,448,379,322,547,439
STAB 0 1 1 1,2,7,6,5,4,3,14,9,16,20,19,23,8,15,10,22,21,12,11,18,17,13,25,24,55,27,28,29,31,30,32,34,33,107,102,54,60,56,100,57,83,84,79,130,92,61,126,112,104,135,124,132,37,26,39,41,129,59,38,47,62,133,64,150,149,67,123,167,175,170,165,158,155,174,166,168,180,44,134,189,211,42,43,148,248,239,220,237,225,128,46,294,285,131,283,125,101,103,40,98,36,99,50,111,110,35,109,108,106,105,49,116,115,114,113,117,118,120,119,122,121,68,52,97,48,213,91,58,45,95,53,63,80,51,137,136,138,139,141,140,143,142,153,151,154,152,85,66,65,145,147,144,146,74,434,376,73,163,187,431,430,159,188,72,76,69,77,171,71,169,173,172,75,70,179,178,177,176,78,432,191,190,435,186,185,160,164,81,183,182,194,195,192,193,208,206,209,207,203,205,204,200,202,201,197,199,196,198,212,82,210,127,219,218,217,216,215,214,88,224,223,222,221,90,343,486,232,234,230,279,228,450,229,238,240,89,235,87,236,256,254,257,255,251,253,252,86,250,249,245,247,246,242,244,241,243,270,268,271,269,265,267,266,262,264,263,259,261,258,260,272,273,275,274,276,278,277,231,280,284,286,96,281,94,282,302,300,303,301,297,299,298,93,296,295,291,293,292,288,290,287,289,304,305,307,306,308,310,309,447,437,444,371,436,372,428,476,478,494,522,409,453,441,438,413,488,523,380,469,466,498,443,442,519,355,534,490,349,354,358,493,226,356,525,452,487,451,339,546,550,511,454,340,336,344,457,341,512,538,384,386,537,427,420,411,483,484,410,540,314,316,543,495,531,157,462,513,509,329,460,528,549,361,492,362,548,407,415,508,440,474,514,429,421,425,510,439,480,516,491,526,502,505,535,472,388,479,322,369,366,477,326,471,389,489,539,536,446,365,395,433,524,521,396,445,364,317,394,162,161,181,422,156,184,315,312,325,398,391,324,334,333,313,426,419,311,467,530,233,348,346,323,353,544,552,357,497,506,381,541,377,542,500,517,331,448,518,330,507,414,406,515,392,527,318,412,319,408,399,533,503,367,368,504,227,347,327,416,338,401,385,342,320,374,553,458,332,551,464,545,403,482,485,404,459,470,390,379,397,352,359,378,393,473,400,465,468,335,547,424,321,328,423,345,402,475,382,532,449,375,529,481,337,405,418,363,360,417,370,461,463,373,455,501,350,520,387,383,351,499,456,496
STAB 0 1 1 1,2,6,7,15,3,4,8,9,16,22,21,24,14,5,10,20,19,18,17,12,11,25,13,23,55,28,27,32,34,33,29,31,30,108,99,37,79,56,101,41,43,42,60,91,114,113,123,110,105,136,125,95,54,26,39,57,58,118,44,116,117,133,138,147,146,139,126,69,176,171,72,73,155,173,166,168,178,38,144,213,212,84,83,145,249,236,221,238,223,45,115,295,282,53,284,124,100,36,98,40,103,102,111,50,112,109,35,107,49,104,106,47,46,92,61,62,59,122,121,120,119,48,97,52,68,189,130,129,128,132,131,63,153,137,51,135,64,67,143,142,141,140,80,85,66,65,151,154,152,148,150,134,149,74,435,430,158,214,208,432,376,219,191,165,76,167,77,170,169,71,174,75,172,179,70,180,78,175,177,431,188,186,434,190,183,196,182,127,185,164,192,195,194,193,187,203,205,204,206,209,207,197,199,198,200,202,160,201,211,210,82,81,159,217,218,215,216,163,224,88,225,90,220,222,343,450,241,258,272,302,256,486,270,237,87,235,89,240,239,228,251,253,252,254,257,255,250,86,248,242,244,243,245,247,232,246,229,265,267,266,268,271,269,259,261,260,262,264,234,263,230,276,278,277,273,275,274,287,304,283,94,281,96,286,285,279,297,299,298,300,303,301,296,93,294,288,290,289,291,293,231,292,280,308,310,309,305,307,306,419,422,445,333,329,442,394,526,405,346,472,481,347,391,439,527,451,414,315,529,530,467,314,372,518,336,416,423,339,340,358,521,226,356,495,320,323,488,349,500,458,542,553,354,355,344,501,341,461,425,417,536,395,548,383,482,390,516,504,506,443,334,465,525,544,162,547,491,385,436,499,456,365,539,379,418,427,470,515,367,324,403,412,317,363,538,479,438,505,484,513,476,392,480,319,522,507,510,533,485,503,393,475,328,473,337,361,386,311,549,537,312,338,493,360,444,387,429,428,157,181,161,437,184,156,380,433,398,325,441,440,316,371,426,313,447,446,498,466,227,327,494,487,496,531,382,545,351,540,551,359,520,511,546,373,449,332,519,532,388,523,321,415,502,413,402,514,535,397,404,322,366,508,400,410,233,453,348,534,524,378,509,424,452,345,454,550,448,381,350,357,474,411,369,399,370,407,483,492,408,463,541,401,477,389,368,543,335,468,462,342,406,471,490,374,318,326,552,330,331,455,469,409,489,478,362,421,396,384,459,512,352,517,375,457,464,377,364,420,497,460,528,353
STAB 0 1 1 1,2,3,4,5,6,7,8,9,10,11,12,13,14,15,16,17,18,19,20,21,22,23,24,25,26,27,28,29,30,31,32,33,34,35,36,37,38,39,40,41,42,43,44,45,46,47,48,49,50,51,52,53,54,55,56,57,58,59,60,61,62,63,64,65,66,67,68,69,70,71,72,73,74,75,76,77,78,79,80,81,82,83,84,85,86,87,88,89,90,91,92,93,94,95,96,97,98,99,100,101,102,103,104,105,106,107,108,109,110,111,112,113,114,115,116,117,118,119,120,121,122,123,124,125,126,127,128,129,130,131,132,133,134,135,136,137,138,139,140,141,142,143,144,145,146,147,148,149,150,151,152,153,154,155,156,157,158,159,160,161,162,163,164,165,166,167,168,169,170,171,172,173,174,175,176,177,178,179,180,181,182,183,184,185,186,187,188,189,190,191,192,193,194,195,196,197,198,199,200,201,202,203,204,205,206,207,208,209,210,211,212,213,214,215,216,217,218,219,220,221,222,223,224,225,226,227,228,229,230,231,232,233,234,235,236,237,238,239,240,241,242,243,244,245,246,247,248,249,250,251,252,253,254,255,256,257,258,259,260,261,262,263,264,265,266,267,268,269,270,271,272,273,274,275,276,277,278,279,280,281,282,283,284,285,286,287,288,289,290,291,292,293,294,295,296,297,298,299,300,301,302,303,304,305,306,307,308,309,310,311,312,313,314,315,316,317,318,319,320,321,322,323,324,325,326,327,328,329,330,331,332,333,334,335,336,337,338,339,340,341,342,343,344,345,346,347,348,349,350,351,352,353,354,355,356,357,358,359,360,361,362,363,364,365,366,367,368,369,370,371,372,373,374,375,376,377,378,379,380,381,382,383,384,385,386,387,388,389,390,391,392,393,394,395,396,397,398,399,400,401,402,403,404,405,406,407,408,409,410,411,412,413,414,415,416,417,418,419,420,421,422,423,424,425,426,427,428,429,430,431,432,433,434,435,436,437,438,439,440,441,442,443,444,445,446,447,448,449,450,451,452,453,454,455,456,457,458,459,460,461,462,463,464,465,466,467,468,469,470,471,472,473,474,475,476,477,478,479,480,481,482,483,484,485,486,487,488,489,490,491,492,493,494,495,496,497,498,499,500,501,502,503,504,505,506,507,508,509,510,511,512,513,514,515,516,517,518,519,520,521,522,523,524,525,526,527,528,529,530,531,532,533,534,535,536,537,538,539,540,541,542,543,544,545,546,547,548,549,550,551,552,553
STAB 0 1 1 1,2,4,3,15,7,6,14,9,10,17,18,25,8,5,16,11,12,21,22,19,20,24,23,13,26,28,27,32,33,34,29,30,31,109,103,54,44,39,98,57,84,83,38,128,115,116,68,106,111,137,97,131,37,55,56,41,129,118,79,113,117,63,138,152,154,139,48,167,179,169,165,158,74,172,76,77,177,60,153,127,210,43,42,151,250,240,224,235,222,130,114,296,286,132,281,52,40,102,101,100,99,36,105,104,49,108,107,35,112,50,110,61,92,46,47,62,59,121,122,119,120,126,125,124,123,81,45,58,91,53,95,133,144,136,135,51,64,67,142,143,140,141,134,148,149,150,145,146,147,85,65,80,66,155,184,162,73,219,196,181,157,214,182,72,166,69,168,71,171,170,75,174,173,176,175,78,180,70,178,161,164,185,156,183,190,208,191,213,186,188,194,193,192,195,160,200,201,202,197,198,199,206,207,209,203,204,187,205,82,212,211,189,163,216,215,218,217,159,221,220,90,225,88,223,226,233,256,270,272,287,241,227,258,89,239,238,237,236,87,232,245,246,247,242,243,244,249,248,86,254,255,257,251,252,228,253,234,262,263,264,259,260,261,268,269,271,265,266,229,267,230,276,277,278,273,274,275,302,304,96,285,284,283,282,94,231,291,292,293,288,289,290,295,294,93,300,301,303,297,298,279,299,280,308,309,310,305,306,307,446,433,426,443,380,334,429,402,535,452,406,533,487,440,398,475,348,471,436,532,449,448,371,316,468,355,489,524,349,354,341,424,343,344,374,494,453,327,339,464,497,463,496,340,336,356,545,358,541,396,539,418,421,387,549,503,508,400,485,459,333,442,517,345,455,430,520,401,492,315,551,552,420,417,509,536,364,507,473,483,441,502,477,428,537,360,408,325,404,368,378,318,474,399,478,321,470,397,481,504,482,514,527,523,515,534,384,362,447,383,363,437,490,342,538,313,548,394,317,376,432,431,312,435,434,329,422,439,438,324,391,372,314,445,444,311,419,332,331,486,488,320,347,553,375,528,501,550,370,499,512,547,352,350,543,530,498,335,529,407,328,522,389,403,326,526,393,405,510,505,409,411,390,516,369,450,323,451,337,423,513,379,521,346,525,353,351,467,460,546,457,392,366,410,480,540,388,367,385,479,542,461,491,412,415,484,373,519,518,377,493,472,414,338,495,476,413,456,469,466,544,330,322,416,319,386,395,425,361,506,359,511,465,531,357,500,462,427,365,458,381,382,454
STAB 0 1 1 6,4,7,1,9,2,3,19,5,12,8,14,32,20,15,11,21,22,16,10,18,17,27,34,33,37,13,31,30,28,29,23,25,24,83,42,54,35,46,59,92,107,104,50,130,57,41,45,43,84,67,85,148,55,26,47,61,128,100,36,39,40,91,51,131,95,135,58,186,175,203,211,217,216,200,82,185,70,49,53,72,165,102,112,132,251,245,265,276,262,129,56,297,291,150,308,65,121,106,62,122,38,105,79,109,108,60,111,110,103,99,44,116,115,113,114,120,119,117,118,98,101,63,80,66,48,212,133,123,126,149,134,68,52,64,143,142,141,140,138,139,137,136,154,152,153,151,124,97,125,146,144,147,145,163,329,317,159,74,71,315,312,73,69,189,81,188,164,204,187,205,201,202,160,180,192,194,193,195,78,394,190,191,422,167,168,75,77,76,183,182,178,176,179,177,209,207,208,206,170,169,171,174,172,173,198,196,199,197,213,166,210,127,218,219,158,155,215,214,229,267,263,264,266,234,347,349,87,90,89,93,86,323,88,277,247,230,278,232,246,257,255,256,254,248,250,249,228,253,252,239,240,236,243,241,244,242,271,269,270,268,220,224,221,225,222,223,260,258,261,259,275,274,272,273,237,235,238,94,96,309,293,280,310,231,292,303,301,302,300,294,296,295,279,299,298,285,286,282,289,287,290,288,307,306,304,305,283,281,284,537,436,363,451,437,348,380,443,333,535,534,460,453,543,373,381,405,337,428,469,330,367,476,318,483,530,522,491,486,384,361,401,227,449,321,314,339,371,487,524,423,407,391,386,532,529,440,362,388,311,354,340,447,448,467,489,519,335,416,324,452,346,441,366,547,156,322,458,497,434,409,520,516,358,338,341,400,511,352,383,457,446,473,433,502,403,515,357,419,549,490,320,421,395,494,504,512,463,462,374,495,542,377,485,359,411,539,417,474,468,505,429,546,350,404,392,518,376,432,161,162,184,435,157,181,431,430,370,353,454,540,319,478,360,399,480,538,420,355,233,372,316,450,398,533,481,439,509,501,413,412,326,477,379,545,331,427,364,466,397,482,503,510,445,455,442,541,334,461,426,544,406,498,332,472,226,343,402,410,492,493,342,385,526,369,465,513,368,375,378,517,425,414,471,396,496,393,387,500,507,415,389,464,470,514,548,553,365,484,531,351,525,345,550,328,327,456,499,336,356,551,344,552,523,488,418,444,313,536,325,408,479,438,527,506,521,528,390,508,424,382,475,459
STAB 0 1 1 6,4,1,7,15,3,2,20,5,12,21,22,33,19,9,11,8,14,18,17,16,10,34,27,32,37,31,13,23,25,24,30,28,29,110,105,55,50,46,121,61,112,102,35,133,113,114,58,108,99,142,65,149,54,26,47,92,123,119,49,116,120,91,141,144,145,140,45,188,195,204,189,159,216,201,82,185,194,36,147,212,213,104,107,146,252,246,266,277,263,126,115,298,292,134,309,85,59,38,122,62,106,42,109,79,43,111,60,83,44,84,103,39,56,57,41,40,100,98,101,117,118,48,66,80,63,72,130,128,129,148,150,68,154,143,64,67,51,135,137,136,138,139,52,124,97,125,152,153,151,132,131,53,95,163,422,312,217,214,209,394,317,218,190,211,81,186,164,203,205,187,200,160,202,192,180,70,78,175,193,315,69,167,329,191,183,199,182,127,168,77,179,176,178,177,71,170,169,171,207,208,206,198,196,197,174,172,75,173,165,210,166,76,73,158,219,215,155,74,267,229,262,234,265,264,347,323,244,261,275,303,257,349,271,276,232,278,230,247,245,86,248,250,249,255,256,254,253,228,251,243,241,242,239,240,87,236,88,220,224,221,269,270,268,260,258,259,225,222,90,223,89,237,235,238,274,272,273,290,307,308,231,310,280,293,291,93,294,296,295,301,302,300,299,279,297,289,287,288,285,286,94,282,96,283,281,284,306,304,305,480,435,392,478,434,318,432,320,488,316,504,552,343,454,357,455,371,482,431,344,355,420,452,348,364,532,410,550,487,386,361,350,227,449,366,526,450,405,486,379,513,477,465,384,530,529,506,362,408,403,536,417,505,400,508,414,387,549,472,501,476,319,553,321,533,161,531,490,342,437,382,475,468,539,500,418,448,393,510,498,540,425,541,376,444,311,463,373,395,335,458,443,445,419,334,534,397,515,544,471,406,470,456,345,514,523,358,340,538,516,447,430,492,401,313,363,390,433,380,156,184,162,436,181,157,428,429,353,370,543,457,346,451,399,360,537,474,367,330,226,402,535,339,459,547,499,517,424,324,375,389,528,407,524,438,356,368,483,336,512,337,525,352,421,381,327,473,494,507,396,462,495,383,548,416,233,453,372,522,546,464,497,351,314,328,391,423,427,413,521,439,446,489,374,426,325,511,519,338,461,479,412,493,542,359,332,441,484,365,322,385,503,485,491,369,442,377,481,466,331,527,469,460,411,333,341,502,404,354,496,388,415,545,551,440,378,326,518,467,509,409,520,398
STAB 0 1 1 6,4,3,2,9,1,7,20,5,11,10,16,27,19,15,12,17,18,14,8,22,21,32,33,34,26,13,31,30,29,28,23,24,25,60,38,55,36,47,62,61,102,112,49,126,56,39,48,44,79,64,80,134,54,37,46,92,123,100,35,41,40,68,51,125,97,135,63,188,180,187,189,159,163,160,81,164,78,50,52,76,166,107,104,124,228,232,229,230,234,133,57,279,231,149,280,66,122,105,59,121,42,106,84,99,103,83,110,111,108,109,43,114,113,115,116,120,119,118,117,101,98,58,85,65,45,127,129,128,130,150,148,91,53,67,142,143,141,140,139,138,136,137,147,146,145,144,132,95,131,152,151,154,153,216,157,156,217,73,75,162,161,74,77,211,82,186,185,205,203,204,202,201,200,175,195,193,194,192,70,184,182,183,181,168,167,71,69,72,191,190,179,177,178,176,199,198,197,196,174,173,172,170,171,169,207,206,209,208,210,165,213,212,214,215,155,158,219,218,265,266,264,263,267,262,227,226,86,88,89,94,87,233,90,278,246,276,277,245,247,244,243,242,241,239,236,240,251,252,253,248,249,250,255,254,257,256,261,260,259,258,225,223,222,220,221,224,269,268,271,270,275,274,273,272,237,238,235,93,96,310,292,308,309,291,293,290,289,288,287,285,282,286,297,298,299,294,295,296,301,300,303,302,307,306,305,304,283,284,281,538,430,360,452,431,346,376,442,334,526,525,462,450,540,370,377,402,345,434,466,331,368,478,319,484,532,523,492,487,386,362,385,347,529,328,316,343,372,486,521,424,415,398,384,530,449,439,361,389,313,358,341,444,518,468,495,498,332,374,325,451,348,438,369,551,317,326,464,500,428,413,499,508,354,342,340,390,512,359,387,454,445,470,432,505,404,507,353,426,548,493,327,425,396,488,503,511,461,460,416,489,541,381,482,352,410,536,418,480,467,502,435,550,351,403,399,448,380,433,312,315,394,429,329,422,437,436,373,357,457,543,318,476,363,392,474,537,427,356,323,371,314,453,391,527,475,440,513,496,409,408,322,479,378,553,330,420,365,469,393,485,504,514,446,456,443,542,333,463,419,552,414,519,335,471,349,339,405,411,491,490,338,401,535,366,459,509,367,382,379,506,421,406,472,395,501,397,383,497,515,407,388,458,473,510,549,545,364,483,528,350,534,337,546,321,320,455,520,344,355,547,336,544,522,494,417,447,311,539,324,412,477,441,533,517,524,531,400,516,423,375,481,465
STAB 0 1 1 6,4,2,3,15,7,1,19,5,11,17,18,34,20,9,12,10,16,22,21,14,8,33,32,27,26,31,13,23,24,25,30,29,28,111,106,54,49,47,122,92,104,107,36,129,115,116,63,103,109,143,66,150,55,37,46,61,128,119,50,114,120,68,141,151,153,140,48,186,192,205,211,217,163,202,81,164,193,35,154,127,210,112,102,152,253,247,267,278,264,130,113,299,293,148,310,80,62,42,121,59,105,38,99,84,44,110,83,60,43,79,108,41,57,56,39,40,100,101,98,118,117,45,65,85,58,76,126,123,133,134,149,91,147,142,67,64,51,135,136,137,139,138,53,132,95,131,146,145,144,124,125,52,97,216,181,161,159,218,199,184,156,214,182,189,82,188,185,187,204,203,160,200,201,195,175,78,70,180,194,162,77,168,157,183,191,209,190,212,167,69,178,177,179,176,75,174,173,172,198,197,196,207,206,208,170,171,71,169,166,213,165,72,74,155,215,219,158,73,266,265,234,262,229,263,227,233,257,271,275,290,244,226,261,230,245,277,276,246,232,87,239,236,240,243,242,241,252,251,228,255,254,256,248,249,86,250,90,225,223,222,260,259,258,269,268,270,220,221,88,224,89,237,238,235,274,273,272,303,307,280,291,309,308,292,231,94,285,282,286,289,288,287,298,297,279,301,300,302,294,295,93,296,96,283,284,281,306,305,304,474,429,399,476,428,319,433,327,494,314,503,544,339,457,353,456,372,485,437,336,356,427,451,346,365,530,411,546,486,384,362,351,347,529,369,535,453,402,487,378,509,479,459,386,532,449,517,361,412,404,539,418,502,390,516,406,383,548,471,496,478,318,545,328,527,312,528,493,338,431,375,481,467,536,497,417,518,397,514,519,543,421,542,380,447,313,461,370,396,332,464,442,446,426,333,525,393,507,552,472,414,473,455,337,510,522,354,341,537,508,444,436,491,385,311,360,400,432,376,317,394,315,430,422,329,434,435,357,373,540,454,348,452,392,363,538,480,368,331,349,405,526,343,465,551,520,506,423,325,382,388,531,415,521,441,355,367,484,344,511,345,534,359,425,377,320,470,488,515,395,460,489,387,549,374,323,450,371,523,550,458,500,350,316,321,398,424,420,409,524,440,445,495,416,419,324,512,498,342,463,477,408,490,541,352,335,438,483,364,326,401,504,482,492,366,443,381,475,469,330,533,466,462,410,334,340,505,403,358,501,389,407,553,547,439,379,322,448,468,513,413,499,391
STAB 0 1 1 7,3,6,1,9,2,4,21,15,18,14,8,29,22,5,17,19,20,16,10,12,11,28,31,30,54,25,34,33,27,32,24,13,23,43,84,37,109,115,118,114,108,105,111,91,41,57,128,83,42,139,151,145,55,26,116,113,45,101,103,39,98,130,137,53,132,136,129,190,176,206,212,218,215,197,210,183,179,106,131,165,72,99,110,95,254,242,268,273,259,58,56,300,288,147,305,152,119,49,117,120,44,104,60,35,107,79,50,112,36,102,38,47,46,61,92,122,121,62,59,40,100,63,153,154,68,211,133,126,123,146,144,48,97,138,141,140,143,142,64,67,51,135,66,65,80,85,125,52,124,149,134,150,148,214,436,429,219,74,169,380,433,158,167,213,127,191,182,207,208,209,198,199,196,178,194,192,193,195,177,428,186,188,437,69,168,172,77,76,185,164,180,175,70,78,205,204,187,203,171,71,170,173,75,174,201,160,202,200,189,166,82,81,217,159,73,155,216,163,270,271,260,261,269,258,453,339,240,222,235,296,250,487,224,274,244,272,275,241,243,253,252,228,251,249,86,248,256,257,255,236,87,239,246,232,247,245,267,266,229,265,221,88,220,223,90,225,263,234,264,262,278,277,230,276,238,89,237,286,281,306,290,304,307,287,289,299,298,279,297,295,93,294,302,303,301,282,94,285,292,231,293,291,310,309,280,308,284,96,283,395,329,421,488,422,327,315,314,371,319,416,499,347,465,517,551,478,489,394,529,532,508,526,402,390,466,472,513,450,417,539,378,233,331,406,443,349,333,323,338,490,470,441,536,330,469,324,418,507,446,340,354,419,332,498,337,518,468,534,440,320,494,391,503,462,184,533,550,351,435,481,377,484,358,524,341,368,542,463,420,501,311,389,312,392,474,415,545,447,365,423,452,363,537,346,410,461,352,547,345,525,511,520,369,541,482,361,384,403,335,480,317,500,464,399,502,519,430,431,181,157,156,434,162,161,432,376,459,496,553,506,535,405,396,404,505,425,383,336,227,442,334,486,325,322,409,438,385,457,527,514,475,393,492,357,449,548,387,530,408,411,366,479,444,375,372,359,316,512,313,531,321,467,448,522,226,343,318,504,379,521,424,509,476,485,543,491,400,455,401,373,538,523,328,360,353,477,364,546,388,515,473,350,407,412,427,454,549,516,544,497,495,374,458,471,348,528,460,355,356,381,344,382,414,451,362,445,426,386,398,397,510,439,413,540,493,456,483,367,342,552,326,370
STAB 0 1 1 7,3,1,6,5,4,2,22,15,18,19,20,30,21,9,17,14,8,12,11,16,10,31,28,29,54,34,25,24,13,23,33,27,32,112,104,55,111,115,119,113,110,99,109,133,61,92,129,107,102,140,152,146,37,26,116,114,126,121,106,47,122,130,143,134,148,142,128,191,195,207,213,219,215,198,210,183,192,103,150,211,189,105,108,149,255,243,269,274,260,123,46,301,289,144,306,151,118,44,120,117,49,84,35,60,83,50,79,43,38,42,36,39,56,41,57,98,101,40,100,62,59,68,154,153,63,165,91,45,58,145,147,48,66,141,138,139,137,136,51,135,64,67,97,125,52,124,65,80,85,95,53,131,132,214,437,433,218,163,205,428,429,217,186,212,127,190,182,206,209,208,197,196,199,194,178,179,177,176,193,380,167,69,436,188,185,202,164,81,168,77,70,175,180,78,169,171,71,170,204,187,203,201,160,200,173,75,172,174,72,82,166,76,158,73,159,216,155,74,271,270,259,258,268,261,453,487,247,264,278,299,253,339,267,273,241,275,272,244,242,250,249,86,248,252,228,251,257,256,254,246,232,245,236,87,240,239,224,221,88,220,266,229,265,263,234,262,223,90,222,225,235,238,89,237,277,230,276,293,310,305,287,307,304,290,288,296,295,93,294,298,279,297,303,302,300,292,231,291,282,94,286,285,281,284,96,283,309,280,308,505,434,502,405,435,402,431,452,451,334,410,382,343,553,545,375,333,411,432,344,336,383,320,327,387,330,504,458,323,536,539,464,233,331,503,476,486,478,450,492,491,393,543,417,466,469,540,418,397,474,386,384,480,368,367,523,364,365,522,457,526,535,454,406,322,181,544,423,424,422,552,326,335,361,546,362,332,477,479,467,506,538,359,430,445,446,352,517,537,468,550,314,444,447,316,416,408,415,531,328,321,407,528,374,412,414,358,354,425,484,419,376,379,378,426,421,483,312,315,184,156,157,329,161,162,394,317,496,459,465,501,494,488,404,396,395,403,508,532,226,318,319,349,370,462,460,373,342,440,455,473,456,470,338,439,356,400,390,355,461,489,495,463,363,551,348,389,346,388,360,547,525,420,427,534,227,347,442,472,500,350,351,497,443,471,441,490,548,527,493,438,311,337,345,313,398,542,518,524,512,510,514,521,511,541,448,391,516,549,533,509,366,369,513,485,372,520,409,530,449,413,529,499,482,371,341,392,399,340,353,507,515,357,381,324,401,475,519,498,385,481,377,325
STAB 0 1 1 7,3,4,2,9,1,6,22,15,17,10,16,28,21,5,18,11,12,8,14,20,19,29,30,31,26,25,34,33,32,27,24,23,13,79,44,55,103,116,117,113,99,110,106,123,56,39,68,38,60,138,153,144,37,54,115,114,126,101,109,57,98,48,137,124,52,136,63,191,178,208,213,219,214,196,127,182,177,111,97,76,166,108,105,125,256,241,270,272,258,133,41,302,287,146,304,154,120,104,118,119,84,49,42,102,36,43,112,50,107,35,83,92,61,46,47,122,121,59,62,100,40,129,151,152,128,81,58,45,91,147,145,130,131,139,140,141,143,142,67,64,135,51,150,149,148,134,95,132,53,65,85,66,80,215,162,184,218,158,172,157,181,74,77,212,210,190,183,209,206,207,199,198,197,176,195,193,192,194,179,156,164,185,161,168,69,169,167,165,188,186,70,78,180,175,202,201,200,160,173,174,75,171,170,71,204,203,205,187,82,72,189,211,163,216,155,73,159,217,268,269,261,260,271,259,233,226,250,224,235,286,240,227,222,275,243,273,274,242,244,247,246,245,232,236,239,87,254,255,257,249,248,86,252,251,253,228,264,263,262,234,223,225,90,221,220,88,266,265,267,229,278,277,276,230,238,237,89,296,281,307,289,305,306,288,290,293,292,291,231,282,285,94,300,301,303,295,294,93,298,297,299,279,310,309,308,280,284,283,96,425,376,396,320,432,494,430,372,316,476,495,547,486,506,459,520,318,374,435,530,449,400,405,535,516,330,414,379,323,536,418,509,453,469,471,334,343,442,450,493,342,515,325,417,466,331,438,539,473,426,358,341,445,519,335,525,467,448,345,398,488,327,439,485,381,429,475,350,546,394,527,460,367,340,424,354,483,461,541,364,553,444,407,431,480,399,388,496,313,427,521,348,538,360,451,366,542,512,499,534,337,359,551,411,463,504,386,362,505,498,392,434,458,497,474,404,332,315,312,433,380,428,317,436,437,422,329,517,545,501,465,402,526,421,502,403,395,548,356,487,333,443,347,441,413,326,324,491,353,481,397,533,510,401,454,532,383,549,529,477,369,410,412,311,528,314,511,371,352,447,382,523,518,468,328,339,349,478,482,513,423,524,378,319,503,370,385,508,552,492,540,363,321,522,537,457,408,420,351,415,470,507,550,389,479,365,357,387,390,456,464,416,489,500,406,452,375,377,344,336,462,355,531,472,346,384,419,446,361,440,514,393,391,322,373,338,544,368,484,490,455,409,543
STAB 0 1 1 7,3,2,4,5,6,1,21,15,17,11,12,31,22,9,18,10,16,20,19,8,14,30,29,28,26,34,25,24,23,13,33,32,27,50,49,37,106,116,120,114,105,108,103,58,46,47,63,36,35,141,154,147,55,54,115,113,45,121,111,92,122,48,143,85,80,142,68,190,194,209,212,218,214,199,127,182,193,109,66,81,82,110,99,65,257,244,271,275,261,91,61,303,290,145,307,153,117,84,119,118,104,44,102,42,38,112,43,79,83,60,107,57,41,56,39,98,101,100,40,59,62,128,152,151,129,76,123,126,133,144,146,130,150,140,139,138,137,136,135,51,67,64,131,95,132,53,149,148,134,125,124,97,52,215,161,181,219,217,202,156,184,163,164,213,210,191,183,208,207,206,196,197,198,195,176,177,179,178,192,157,77,168,162,185,188,205,186,211,69,167,180,78,70,175,172,173,174,75,201,200,160,204,203,187,171,170,169,71,166,189,72,165,74,155,216,159,73,158,269,268,258,259,270,260,233,227,253,267,278,293,247,226,264,272,242,274,273,243,241,240,236,239,87,246,245,232,255,254,256,252,251,228,249,248,250,86,222,223,225,90,263,262,234,266,265,229,221,220,224,88,235,238,237,89,277,276,230,299,310,304,288,306,305,289,287,286,282,285,94,292,291,231,301,300,302,298,297,279,295,294,296,93,281,284,283,96,309,308,280,403,317,404,526,394,535,312,348,346,443,366,531,349,501,496,528,442,369,422,355,356,548,488,494,549,466,482,500,450,417,418,497,453,469,485,319,347,318,323,401,385,510,370,536,330,331,373,539,514,399,361,362,392,483,484,321,420,427,328,353,405,402,357,471,413,433,456,521,524,432,455,409,498,386,351,384,519,408,412,518,465,363,511,315,419,426,512,459,360,448,350,372,311,313,371,495,477,388,382,522,523,389,375,489,479,472,340,341,395,367,445,329,513,509,446,396,368,431,430,429,428,380,376,437,436,435,434,545,517,506,553,327,320,502,421,425,505,400,449,339,478,476,343,543,381,377,540,490,398,552,507,544,515,493,391,336,508,516,344,542,374,416,541,538,520,452,407,451,415,537,499,337,364,365,345,487,486,333,414,458,550,546,464,334,406,325,342,383,481,338,324,444,525,534,447,440,461,467,424,352,393,397,423,359,463,468,439,390,387,475,378,410,411,379,503,314,551,326,529,532,322,530,547,504,316,354,480,474,358,457,473,470,454,462,438,492,533,332,335,491,527,460,441
CELL 1 1 8
STAB 1 1 1 1,2,7,6,5,4,3,14,9,16,20,19,23,8,15,10,22,21,12,11,18,17,13,25,24,55,27,28,29,31,30,32,34,33,107,102,54,60,56,100,57,83,84,79,130,92,61,126,112,104,135,124,132,37,26,39,41,129,59,38,47,62,133,64,150,149,67,123,167,175,170,165,158,155,174,166,168,180,44,134,189,211,42,43,148,248,239,220,237,225,128,46,294,285,131,283,125,101,103,40,98,36,99,50,111,110,35,109,108,106,105,49,116,115,114,113,117,118,120,119,122,121,68,52,97,48,213,91,58,45,95,53,63,80,51,137,136,138,139,141,140,143,142,153,151,154,152,85,66,65,145,147,144,146,74,434,376,73,163,187,431,430,159,188,72,76,69,77,171,71,169,173,172,75,70,179,178,177,176,78,432,191,190,435,186,185,160,164,81,183,182,194,195,192,193,208,206,209,207,203,205,204,200,202,201,197,199,196,198,212,82,210,127,219,218,217,216,215,214,88,224,223,222,221,90,343,486,232,234,230,279,228,450,229,238,240,89,235,87,236,256,254,257,255,251,253,252,86,250,249,245,247,246,242,244,241,243,270,268,271,269,265,267,266,262,264,263,259,261,258,260,272,273,275,274,276,278,277,231,280,284,286,96,281,94,282,302,300,303,301,297,299,298,93,296,295,291,293,292,288,290,287,289,304,305,307,306,308,310,309,447,437,444,371,436,372,428,476,478,494,522,409,453,441,438,413,488,523,380,469,466,498,443,442,519,355,534,490,349,354,358,493,226,356,525,452,487,451,339,546,550,511,454,340,336,344,457,341,512,538,384,386,537,427,420,411,483,484,410,540,314,316,543,495,531,157,462,513,509,329,460,528,549,361,492,362,548,407,415,508,440,474,514,429,421,425,510,439,480,516,491,526,502,505,535,472,388,479,322,369,366,477,326,471,389,489,539,536,446,365,395,433,524,521,396,445,364,317,394,162,161,181,422,156,184,315,312,325,398,391,324,334,333,313,426,419,311,467,530,233,348,346,323,353,544,552,357,497,506,381,541,377,542,500,517,331,448,518,330,507,414,406,515,392,527,318,412,319,408,399,533,503,367,368,504,227,347,327,416,338,401,385,342,320,374,553,458,332,551,464,545,403,482,485,404,459,470,390,379,397,352,359,378,393,473,400,465,468,335,547,424,321,328,423,345,402,475,382,532,449,375,529,481,337,405,418,363,360,417,370,461,463,373,455,501,350,520,387,383,351,499,456,496
STAB 1 1 -1 1,9,7,3,10,4,6,14,2,15,17,25,18,8,16,5,22,24,13,11,23,20,12,19,21,28,26,55,56,60,79,39,38,44,98,103,57,31,29,109,54,83,84,30,131,97,68,116,106,137,111,115,128,41,27,32,37,158,74,34,48,63,117,76,172,177,77,113,165,169,179,167,129,118,152,138,139,154,33,127,153,224,43,42,222,235,240,210,250,151,132,52,281,286,130,296,114,108,102,35,107,36,99,51,135,110,40,100,101,112,136,49,126,124,125,123,133,155,279,302,231,287,61,46,92,47,144,95,73,53,91,45,62,81,50,104,105,166,168,228,256,232,241,189,225,180,174,90,78,75,223,173,213,178,59,196,219,58,162,184,182,214,157,181,69,64,72,67,176,70,175,147,150,65,71,170,146,149,171,66,191,432,445,208,426,313,156,161,80,444,431,340,304,354,280,435,439,467,530,398,448,449,325,331,332,438,466,434,498,221,88,220,134,376,442,334,316,372,430,82,211,145,148,212,85,272,270,143,233,226,120,141,258,227,249,239,86,248,87,236,140,245,306,247,251,307,252,89,237,238,254,255,310,242,244,142,309,486,451,521,495,348,424,374,327,345,342,488,525,450,493,343,344,303,299,356,289,292,122,193,295,285,93,294,94,282,119,291,275,293,297,274,298,96,283,284,300,301,277,288,290,121,278,195,358,253,257,341,246,243,433,446,183,380,443,215,440,475,471,487,533,406,452,429,197,402,259,535,371,468,199,198,436,218,532,349,524,489,355,192,305,260,230,276,261,453,494,268,336,545,541,496,463,194,339,273,464,308,497,539,396,387,549,418,421,401,492,485,400,551,315,216,552,269,520,159,455,503,508,333,459,517,537,360,483,364,536,408,404,509,428,477,502,441,420,417,507,206,473,504,482,527,514,515,523,481,397,470,321,368,378,474,318,478,399,490,538,548,437,363,383,447,534,271,384,190,362,324,391,163,164,188,419,160,187,314,311,200,203,394,317,217,329,185,186,422,312,209,207,234,265,347,320,352,547,543,350,512,499,370,550,375,553,501,528,202,205,529,335,510,405,409,505,393,526,326,403,328,407,389,522,513,379,369,516,229,346,262,423,337,411,390,263,323,266,542,461,201,540,457,546,412,491,484,415,460,479,385,367,388,353,351,366,392,480,410,456,469,330,544,267,322,319,416,264,413,476,373,519,204,377,518,472,338,414,427,365,361,425,381,458,454,382,462,500,357,531,386,395,359,506,465,511
STAB 1 1 1 1,2,6,7,15,3,4,8,9,16,22,21,24,14,5,10,20,19,18,17,12,11,25,13,23,55,28,27,32,34,33,29,31,30,108,99,37,79,56,101,41,43,42,60,91,114,113,123,110,105,136,125,95,54,26,39,57,58,118,44,116,117,133,138,147,146,139,126,69,176,171,72,73,155,173,166,168,178,38,144,213,212,84,83,145,249,236,221,238,223,45,115,295,282,53,284,124,100,36,98,40,103,102,111,50,112,109,35,107,49,104,106,47,46,92,61,62,59,122,121,120,119,48,97,52,68,189,130,129,128,132,131,63,153,137,51,135,64,67,143,142,141,140,80,85,66,65,151,154,152,148,150,134,149,74,435,430,158,214,208,432,376,219,191,165,76,167,77,170,169,71,174,75,172,179,70,180,78,175,177,431,188,186,434,190,183,196,182,127,185,164,192,195,194,193,187,203,205,204,206,209,207,197,199,198,200,202,160,201,211,210,82,81,159,217,218,215,216,163,224,88,225,90,220,222,343,450,241,258,272,302,256,486,270,237,87,235,89,240,239,228,251,253,252,254,257,255,250,86,248,242,244,243,245,247,232,246,229,265,267,266,268,271,269,259,261,260,262,264,234,263,230,276,278,277,273,275,274,287,304,283,94,281,96,286,285,279,297,299,298,300,303,301,296,93,294,288,290,289,291,293,231,292,280,308,310,309,305,307,306,419,422,445,333,329,442,394,526,405,346,472,481,347,391,439,527,451,414,315,529,530,467,314,372,518,336,416,423,339,340,358,521,226,356,495,320,323,488,349,500,458,542,553,354,355,344,501,341,461,425,417,536,395,548,383,482,390,516,504,506,443,334,465,525,544,162,547,491,385,436,499,456,365,539,379,418,427,470,515,367,324,403,412,317,363,538,479,438,505,484,513,476,392,480,319,522,507,510,533,485,503,393,475,328,473,337,361,386,311,549,537,312,338,493,360,444,387,429,428,157,181,161,437,184,156,380,433,398,325,441,440,316,371,426,313,447,446,498,466,227,327,494,487,496,531,382,545,351,540,551,359,520,511,546,373,449,332,519,532,388,523,321,415,502,413,402,514,535,397,404,322,366,508,400,410,233,453,348,534,524,378,509,424,452,345,454,550,448,381,350,357,474,411,369,399,370,407,483,492,408,463,541,401,477,389,368,543,335,468,462,342,406,471,490,374,318,326,552,330,331,455,469,409,489,478,362,421,396,384,459,512,352,517,375,457,464,377,364,420,497,460,528,353
STAB 1 1 -1 1,9,6,4,10,3,7,8,2,5,11,13,12,14,16,15,20,23,25,17,24,22,18,21,19,27,26,55,56,79,60,39,44,38,40,36,41,34,32,35,37,43,42,33,53,52,48,47,49,51,50,46,45,57,28,29,54,73,74,31,68,63,62,76,75,78,77,61,72,71,70,69,58,59,65,64,67,66,30,81,80,88,83,84,90,89,87,82,86,85,95,97,96,94,91,93,92,107,99,109,108,103,102,137,136,112,98,101,100,110,135,106,123,125,124,126,133,155,302,279,287,231,113,115,114,116,134,132,158,131,130,128,117,127,111,105,104,166,168,256,228,241,232,213,223,178,173,222,177,172,225,174,189,180,118,160,159,129,157,156,164,163,162,161,167,138,165,139,175,179,176,150,147,152,169,171,149,146,170,154,188,431,444,187,313,426,184,181,153,445,432,354,280,340,304,434,438,498,466,325,332,331,398,449,448,439,530,435,467,220,224,221,144,430,372,316,334,442,376,210,212,148,145,211,151,230,229,141,227,226,122,143,234,233,248,236,250,249,240,239,142,242,309,244,254,310,255,235,238,237,251,252,307,245,247,140,306,450,488,493,525,327,342,345,348,374,424,451,495,486,521,343,344,299,303,356,292,289,120,193,294,282,296,295,286,285,121,288,278,290,300,277,301,281,284,283,297,298,274,291,293,119,275,195,358,257,253,341,243,246,312,311,185,315,314,216,324,326,328,323,322,321,320,317,200,318,262,319,333,335,202,201,329,217,330,339,338,337,336,194,308,263,272,273,264,347,346,265,355,357,359,353,352,192,349,276,350,305,351,361,360,364,365,362,363,378,379,369,368,381,380,215,382,266,377,219,375,366,367,371,370,373,395,396,390,387,386,397,399,385,394,393,392,391,383,384,388,203,389,410,411,413,412,415,414,409,408,407,406,400,401,403,402,405,404,423,425,427,422,421,420,419,416,267,417,186,418,440,441,214,182,191,447,196,208,443,446,197,206,428,429,218,436,183,190,437,433,205,204,258,268,453,452,463,462,465,464,461,460,459,458,455,454,457,456,199,209,469,468,479,478,481,480,477,476,475,474,471,470,473,472,491,492,485,484,270,494,259,490,489,482,483,260,487,269,511,512,198,506,501,500,514,513,516,515,499,510,509,508,507,496,497,503,502,505,504,528,529,532,531,271,533,535,534,261,527,526,517,518,207,520,519,522,524,523,548,549,539,538,551,550,553,552,547,546,545,544,536,537,541,540,543,542
STAB 1 1 -1 1,9,3,7,16,6,4,8,2,15,22,24,21,14,10,5,17,25,23,20,13,11,19,12,18,28,55,26,39,38,44,56,60,79,101,99,41,30,29,108,37,42,43,31,95,125,123,113,110,136,105,114,91,57,27,32,54,73,155,33,126,133,117,166,173,178,168,116,72,171,176,69,58,118,147,138,139,146,34,213,144,221,84,83,223,238,236,212,249,145,53,124,284,282,45,295,115,109,36,107,35,102,103,135,51,106,100,40,98,49,137,112,48,52,97,68,63,74,231,287,279,302,47,92,46,61,153,131,158,132,128,130,62,189,104,50,111,76,77,232,241,228,256,81,90,78,75,225,180,174,222,172,127,177,59,208,214,129,430,435,191,219,376,432,167,64,165,67,179,175,70,152,65,150,170,71,154,66,169,149,182,181,426,196,445,444,434,431,134,313,161,354,304,340,280,184,398,448,449,439,467,530,438,466,498,325,331,156,332,224,220,88,80,157,334,442,372,316,162,211,82,151,85,210,148,272,258,142,450,343,119,140,270,486,250,87,248,86,239,240,141,251,307,252,245,306,247,237,89,235,242,244,309,254,255,143,310,227,348,424,374,451,521,495,488,525,493,327,345,233,342,226,356,289,292,344,303,299,121,195,296,94,294,93,285,286,120,297,274,298,291,275,293,283,96,281,288,290,278,300,301,122,277,193,341,246,243,358,253,257,422,419,190,329,333,218,391,527,414,347,481,472,346,394,206,526,268,405,314,518,207,209,315,215,529,339,423,416,336,194,305,271,230,276,269,323,320,259,355,501,461,553,542,192,349,273,500,308,458,417,425,548,383,536,395,491,385,504,516,499,436,217,456,261,547,163,544,482,390,443,506,465,363,538,367,427,418,479,505,379,317,412,403,324,365,539,470,197,515,485,503,475,393,473,328,533,510,507,522,484,513,392,476,319,480,338,360,387,312,537,549,311,337,260,361,183,386,441,440,159,188,164,446,187,160,371,447,203,200,429,428,216,380,186,185,433,437,198,199,229,262,487,494,511,520,373,546,359,551,540,351,531,496,545,382,204,201,532,519,397,535,322,404,514,402,413,502,523,388,415,321,378,509,410,400,234,452,265,524,534,366,508,267,453,264,463,541,205,370,357,350,477,401,368,389,381,408,492,483,407,454,550,411,474,399,369,552,330,469,455,263,409,478,489,266,326,318,543,335,202,462,468,406,490,471,364,420,384,396,460,497,353,528,377,464,457,375,362,421,512,459,517,352
STAB 1 1 1 1,2,3,4,5,6,7,8,9,10,11,12,13,14,15,16,17,18,19,20,21,22,23,24,25,26,27,28,29,30,31,32,33,34,35,36,37,38,39,40,41,42,43,44,45,46,47,48,49,50,51,52,53,54,55,56,57,58,59,60,61,62,63,64,65,66,67,68,69,70,71,72,73,74,75,76,77,78,79,80,81,82,83,84,85,86,87,88,89,90,91,92,93,94,95,96,97,98,99,100,101,102,103,104,105,106,107,108,109,110,111,112,113,114,115,116,117,118,119,120,121,122,123,124,125,126,127,128,129,130,131,132,133,134,135,136,137,138,139,140,141,142,143,144,145,146,147,148,149,150,151,152,153,154,155,156,157,158,159,160,161,162,163,164,165,166,167,168,169,170,171,172,173,174,175,176,177,178,179,180,181,182,183,184,185,186,187,188,189,190,191,192,193,194,195,196,197,198,199,200,201,202,203,204,205,206,207,208,209,210,211,212,213,214,215,216,217,218,219,220,221,222,223,224,225,226,227,228,229,230,231,232,233,234,235,236,237,238,239,240,241,242,243,244,245,246,247,248,249,250,251,252,253,254,255,256,257,258,259,260,261,262,263,264,265,266,267,268,269,270,271,272,273,274,275,276,277,278,279,280,281,282,283,284,285,286,287,288,289,290,291,292,293,294,295,296,297,298,299,300,301,302,303,304,305,306,307,308,309,310,311,312,313,314,315,316,317,318,319,320,321,322,323,324,325,326,327,328,329,330,331,332,333,334,335,336,337,338,339,340,341,342,343,344,345,346,347,348,349,350,351,352,353,354,355,356,357,358,359,360,361,362,363,364,365,366,367,368,369,370,371,372,373,374,375,376,377,378,379,380,381,382,383,384,385,386,387,388,389,390,391,392,393,394,395,396,397,398,399,400,401,402,403,404,405,406,407,408,409,410,411,412,413,414,415,416,417,418,419,420,421,422,423,424,425,426,427,428,429,430,431,432,433,434,435,436,437,438,439,440,441,442,443,444,445,446,447,448,449,450,451,452,453,454,455,456,457,458,459,460,461,462,463,464,465,466,467,468,469,470,471,472,473,474,475,476,477,478,479,480,481,482,483,484,485,486,487,488,489,490,491,492,493,494,495,496,497,498,499,500,501,502,503,504,505,506,507,508,509,510,511,512,513,514,515,516,517,518,519,520,521,522,523,524,525,526,527,528,529,530,531,532,533,534,535,536,537,538,539,540,541,542,543,544,545,546,547,548,549,550,551,552,553
STAB 1 1 -1 1,9,4,6,16,7,3,14,2,5,20,23,19,8,10,15,11,13,24,22,25,17,21,18,12,27,55,26,39,44,38,56,79,60,100,102,57,33,32,107,54,84,83,34,132,124,126,61,112,135,104,92,130,41,28,29,37,158,155,30,123,133,62,166,174,180,168,47,165,170,175,167,129,59,150,64,67,149,31,189,134,220,42,43,225,237,239,211,248,148,131,125,283,285,128,294,46,35,103,108,109,99,36,136,137,49,101,98,40,106,51,110,68,97,52,48,63,74,287,231,302,279,116,114,115,113,80,53,73,95,45,91,117,213,105,111,50,76,77,241,232,256,228,127,222,177,172,223,178,173,90,75,81,78,118,187,163,58,376,434,188,159,430,431,69,138,72,139,70,176,179,65,152,147,171,169,66,154,71,146,164,161,313,160,444,445,435,432,144,426,181,340,280,354,304,156,325,332,331,438,498,466,439,530,467,398,449,184,448,88,221,224,153,162,316,372,442,334,157,212,210,85,151,82,145,230,234,140,486,343,121,142,229,450,86,240,249,250,236,87,143,254,310,255,242,309,244,238,235,89,245,247,306,251,252,141,307,233,327,342,345,488,493,525,451,495,521,348,374,227,424,226,356,292,289,344,299,303,119,195,93,286,295,296,282,94,122,300,277,301,288,278,290,284,281,96,291,293,275,297,298,120,274,193,341,243,246,358,257,253,437,447,186,436,371,217,441,413,523,453,409,522,494,428,203,476,265,478,443,519,204,205,380,216,469,349,490,534,355,192,308,267,272,273,266,487,452,262,336,457,512,454,511,194,339,276,546,305,550,384,538,427,420,386,537,513,509,410,484,460,329,218,528,264,462,214,531,411,483,314,540,543,421,425,508,548,362,510,480,492,429,514,474,440,549,361,407,200,415,369,366,326,477,389,471,322,479,388,472,516,491,502,526,535,505,524,396,364,433,395,365,446,489,263,539,185,536,391,324,219,191,182,311,208,196,333,419,206,197,317,394,215,315,190,183,312,422,201,202,270,259,323,346,542,377,517,500,541,381,506,497,544,353,357,552,207,198,330,518,408,319,533,399,412,318,527,392,414,507,515,406,401,385,504,368,258,320,268,338,416,503,367,271,347,261,352,359,209,459,545,464,393,378,400,473,551,397,379,390,470,553,458,482,403,404,485,382,532,529,375,260,481,405,337,269,475,402,465,468,199,547,335,321,423,328,387,383,417,360,499,351,496,456,520,350,501,455,418,363,461,370,373,463
STAB 1 1 1 1,2,4,3,15,7,6,14,9,10,17,18,25,8,5,16,11,12,21,22,19,20,24,23,13,26,28,27,32,33,34,29,30,31,109,103,54,44,39,98,57,84,83,38,128,115,116,68,106,111,137,97,131,37,55,56,41,129,118,79,113,117,63,138,152,154,139,48,167,179,169,165,158,74,172,76,77,177,60,153,127,210,43,42,151,250,240,224,235,222,130,114,296,286,132,281,52,40,102,101,100,99,36,105,104,49,108,107,35,112,50,110,61,92,46,47,62,59,121,122,119,120,126,125,124,123,81,45,58,91,53,95,133,144,136,135,51,64,67,142,143,140,141,134,148,149,150,145,146,147,85,65,80,66,155,184,162,73,219,196,181,157,214,182,72,166,69,168,71,171,170,75,174,173,176,175,78,180,70,178,161,164,185,156,183,190,208,191,213,186,188,194,193,192,195,160,200,201,202,197,198,199,206,207,209,203,204,187,205,82,212,211,189,163,216,215,218,217,159,221,220,90,225,88,223,226,233,256,270,272,287,241,227,258,89,239,238,237,236,87,232,245,246,247,242,243,244,249,248,86,254,255,257,251,252,228,253,234,262,263,264,259,260,261,268,269,271,265,266,229,267,230,276,277,278,273,274,275,302,304,96,285,284,283,282,94,231,291,292,293,288,289,290,295,294,93,300,301,303,297,298,279,299,280,308,309,310,305,306,307,446,433,426,443,380,334,429,402,535,452,406,533,487,440,398,475,348,471,436,532,449,448,371,316,468,355,489,524,349,354,341,424,343,344,374,494,453,327,339,464,497,463,496,340,336,356,545,358,541,396,539,418,421,387,549,503,508,400,485,459,333,442,517,345,455,430,520,401,492,315,551,552,420,417,509,536,364,507,473,483,441,502,477,428,537,360,408,325,404,368,378,318,474,399,478,321,470,397,481,504,482,514,527,523,515,534,384,362,447,383,363,437,490,342,538,313,548,394,317,376,432,431,312,435,434,329,422,439,438,324,391,372,314,445,444,311,419,332,331,486,488,320,347,553,375,528,501,550,370,499,512,547,352,350,543,530,498,335,529,407,328,522,389,403,326,526,393,405,510,505,409,411,390,516,369,450,323,451,337,423,513,379,521,346,525,353,351,467,460,546,457,392,366,410,480,540,388,367,385,479,542,461,491,412,415,484,373,519,518,377,493,472,414,338,495,476,413,456,469,466,544,330,322,416,319,386,395,425,361,506,359,511,465,531,357,500,462,427,365,458,381,382,454
BOUND 1 1 1 1,2,3,4,5,6,7,8,9,10,11,12,13,14,15,16,17,18,19,20,21,22,23,24,25,26,27,28,29,30,31,32,33,34,35,36,37,38,39,40,41,42,43,44,45,46,47,48,49,50,51,52,53,54,55,56,57,58,59,60,61,62,63,64,65,66,67,68,69,70,71,72,73,74,75,76,77,78,79,80,81,82,83,84,85,86,87,88,89,90,91,92,93,94,95,96,97,98,99,100,101,102,103,104,105,106,107,108,109,110,111,112,113,114,115,116,117,118,119,120,121,122,123,124,125,126,127,128,129,130,131,132,133,134,135,136,137,138,139,140,141,142,143,144,145,146,147,148,149,150,151,152,153,154,155,156,157,158,159,160,161,162,163,164,165,166,167,168,169,170,171,172,173,174,175,176,177,178,179,180,181,182,183,184,185,186,187,188,189,190,191,192,193,194,195,196,197,198,199,200,201,202,203,204,205,206,207,208,209,210,211,212,213,214,215,216,217,218,219,220,221,222,223,224,225,226,227,228,229,230,231,232,233,234,235,236,237,238,239,240,241,242,243,244,245,246,247,248,249,250,251,252,253,254,255,256,257,258,259,260,261,262,263,264,265,266,267,268,269,270,271,272,273,274,275,276,277,278,279,280,281,282,283,284,285,286,287,288,289,290,291,292,293,294,295,296,297,298,299,300,301,302,303,304,305,306,307,308,309,310,311,312,313,314,315,316,317,318,319,320,321,322,323,324,325,326,327,328,329,330,331,332,333,334,335,336,337,338,339,340,341,342,343,344,345,346,347,348,349,350,351,352,353,354,355,356,357,358,359,360,361,362,363,364,365,366,367,368,369,370,371,372,373,374,375,376,377,378,379,380,381,382,383,384,385,386,387,388,389,390,391,392,393,394,395,396,397,398,399,400,401,402,403,404,405,406,407,408,409,410,411,412,413,414,415,416,417,418,419,420,421,422,423,424,425,426,427,428,429,430,431,432,433,434,435,436,437,438,439,440,441,442,443,444,445,446,447,448,449,450,451,452,453,454,455,456,457,458,459,460,461,462,463,464,465,466,467,468,469,470,471,472,473,474,475,476,477,478,479,480,481,482,483,484,485,486,487,488,489,490,491,492,493,494,495,496,497,498,499,500,501,502,503,504,505,506,507,508,509,510,511,512,513,514,515,516,517,518,519,520,521,522,523,524,525,526,527,528,529,530,531,532,533,534,535,536,537,538,539,540,541,542,543,544,545,546,547,548,549,550,551,552,553
BOUND 1 1 -1 1,9,6,4,10,3,7,8,2,5,11,13,12,14,16,15,20,23,25,17,24,22,18,21,19,27,26,55,56,79,60,39,44,38,40,36,41,34,32,35,37,43,42,33,53,52,48,47,49,51,50,46,45,57,28,29,54,73,74,31,68,63,62,76,75,78,77,61,72,71,70,69,58,59,65,64,67,66,30,81,80,88,83,84,90,89,87,82,86,85,95,97,96,94,91,93,92,107,99,109,108,103,102,137,136,112,98,101,100,110,135,106,123,125,124,126,133,155,302,279,287,231,113,115,114,116,134,132,158,131,130,128,117,127,111,105,104,166,168,256,228,241,232,213,223,178,173,222,177,172,225,174,189,180,118,160,159,129,157,156,164,163,162,161,167,138,165,139,175,179,176,150,147,152,169,171,149,146,170,154,188,431,444,187,313,426,184,181,153,445,432,354,280,340,304,434,438,498,466,325,332,331,398,449,448,439,530,435,467,220,224,221,144,430,372,316,334,442,376,210,212,148,145,211,151,230,229,141,227,226,122,143,234,233,248,236,250,249,240,239,142,242,309,244,254,310,255,235,238,237,251,252,307,245,247,140,306,450,488,493,525,327,342,345,348,374,424,451,495,486,521,343,344,299,303,356,292,289,120,193,294,282,296,295,286,285,121,288,278,290,300,277,301,281,284,283,297,298,274,291,293,119,275,195,358,257,253,341,243,246,312,311,185,315,314,216,324,326,328,323,322,321,320,317,200,318,262,319,333,335,202,201,329,217,330,339,338,337,336,194,308,263,272,273,264,347,346,265,355,357,359,353,352,192,349,276,350,305,351,361,360,364,365,362,363,378,379,369,368,381,380,215,382,266,377,219,375,366,367,371,370,373,395,396,390,387,386,397,399,385,394,393,392,391,383,384,388,203,389,410,411,413,412,415,414,409,408,407,406,400,401,403,402,405,404,423,425,427,422,421,420,419,416,267,417,186,418,440,441,214,182,191,447,196,208,443,446,197,206,428,429,218,436,183,190,437,433,205,204,258,268,453,452,463,462,465,464,461,460,459,458,455,454,457,456,199,209,469,468,479,478,481,480,477,476,475,474,471,470,473,472,491,492,485,484,270,494,259,490,489,482,483,260,487,269,511,512,198,506,501,500,514,513,516,515,499,510,509,508,507,496,497,503,502,505,504,528,529,532,531,271,533,535,534,261,527,526,517,518,207,520,519,522,524,523,548,549,539,538,551,550,553,552,547,546,545,544,536,537,541,540,543,542
CELL 2 1 24
STAB 2 1 -1 2,1,7,4,5,6,3,10,9,8,12,11,13,16,15,14,21,22,20,19,17,18,23,25,24,37,32,29,28,30,31,27,34,33,36,35,26,42,41,40,39,38,44,43,48,47,46,45,50,49,51,53,52,55,54,57,56,63,62,83,92,59,58,67,66,65,64,91,77,78,75,76,74,73,71,72,69,70,84,85,82,81,60,79,80,87,86,90,89,88,68,61,94,93,97,96,95,101,109,100,98,107,108,112,106,105,102,103,99,111,110,104,115,116,113,114,118,117,119,120,122,121,128,132,131,130,212,123,133,126,125,124,129,148,135,137,136,139,138,140,141,143,142,151,153,152,154,134,150,149,144,146,145,147,158,317,329,155,217,200,312,315,216,185,166,165,168,167,173,174,172,171,169,170,180,177,176,179,178,175,422,190,191,394,164,188,203,186,211,182,183,195,194,193,192,206,208,207,209,160,202,201,187,205,204,196,198,197,199,213,189,127,210,218,219,163,159,214,215,225,222,221,224,223,220,349,347,251,265,276,291,245,323,262,238,250,237,235,248,249,254,256,255,257,232,247,246,239,240,236,228,253,252,241,243,242,244,268,270,269,271,234,264,263,229,267,266,258,260,259,261,273,272,274,275,230,278,277,297,308,284,296,283,281,294,295,300,302,301,303,231,293,292,285,286,282,279,299,298,287,289,288,290,305,304,306,307,280,310,309,313,161,311,316,162,314,156,319,318,327,328,326,233,325,324,322,320,321,157,331,330,335,334,333,332,344,345,342,343,341,340,338,339,336,337,348,227,346,226,351,350,359,357,358,356,355,353,354,352,363,362,361,360,365,364,369,368,367,366,373,372,371,370,416,382,380,381,379,378,376,377,375,387,386,401,384,383,389,388,400,398,399,397,184,396,395,393,391,392,390,385,405,404,403,402,414,415,412,413,411,410,408,409,406,407,374,418,417,426,427,425,181,424,423,421,419,420,434,435,436,437,433,432,428,429,430,431,441,440,439,438,443,442,447,446,445,444,518,529,453,452,451,450,457,456,455,454,464,465,462,463,460,461,458,459,469,468,467,466,473,472,471,470,480,481,478,479,476,477,474,475,485,484,483,482,487,486,494,495,493,492,491,490,488,489,501,500,519,520,497,496,505,504,503,502,517,515,516,513,514,512,511,509,510,507,508,506,448,498,499,524,523,522,521,534,535,533,531,449,532,528,530,527,525,526,539,538,537,536,543,542,541,540,552,553,550,551,549,548,546,547,544,545
STAB 2 1 1 2,9,7,3,14,6,4,10,1,15,18,25,17,16,8,5,21,24,23,19,13,12,20,11,22,29,54,37,41,42,43,57,83,84,98,109,39,30,28,103,26,38,44,31,97,131,128,115,111,137,106,116,68,56,32,27,55,74,158,34,130,129,118,165,169,179,167,114,76,172,177,77,63,117,154,139,138,152,33,210,151,222,79,60,224,235,250,127,240,153,52,132,281,296,48,286,113,99,35,102,36,107,108,135,51,105,100,40,101,50,136,104,45,53,95,91,58,73,291,300,297,288,46,61,47,92,145,125,155,124,123,126,59,211,112,49,110,72,69,245,254,251,242,82,88,70,71,220,175,170,221,171,212,176,62,197,218,133,436,429,183,215,380,433,168,67,166,64,178,180,78,146,66,149,174,75,147,65,173,150,190,422,419,206,446,447,428,437,148,311,312,358,305,341,308,394,391,518,529,440,468,532,441,469,519,324,330,317,335,223,225,90,85,329,333,443,371,314,315,189,81,144,80,213,134,273,268,143,453,339,119,140,259,487,236,86,239,87,248,249,141,228,307,253,232,306,246,237,89,238,256,257,310,241,243,142,309,347,346,423,416,452,524,489,494,534,490,320,337,323,338,349,355,301,293,336,290,298,122,192,282,93,285,94,294,295,120,279,274,299,231,275,292,283,96,284,302,303,277,287,289,121,278,194,340,247,255,354,252,244,181,426,182,157,334,214,398,533,406,227,475,471,348,184,196,535,258,402,316,448,198,199,162,219,449,343,424,374,344,193,304,261,276,230,260,233,327,270,356,496,463,545,541,195,226,272,497,280,464,418,421,549,387,539,396,492,401,503,508,520,430,159,455,271,551,216,552,485,400,442,517,459,360,537,368,420,417,477,502,378,156,408,404,325,364,536,473,208,507,482,504,481,397,470,321,527,514,515,523,483,509,399,478,318,474,342,363,383,161,538,548,313,345,269,362,191,384,438,439,217,186,185,445,203,200,372,444,187,160,435,434,163,376,188,164,432,431,207,209,265,234,486,488,512,499,370,550,352,547,543,350,528,501,553,375,205,202,530,498,393,526,326,403,510,405,409,505,522,389,407,328,379,513,411,390,262,451,229,521,525,369,516,266,450,263,461,542,204,373,353,351,479,385,367,388,377,412,491,484,415,457,546,410,480,392,366,544,331,466,456,264,413,476,495,267,322,319,540,332,201,460,467,414,493,472,365,427,386,395,462,500,357,531,381,458,454,382,361,425,511,465,506,359
STAB 2 1 -1 2,1,4,7,15,3,6,16,9,8,21,22,24,10,5,14,12,11,17,18,20,19,25,23,13,37,29,32,27,34,33,28,30,31,99,108,55,43,41,101,56,79,60,42,123,113,114,91,105,110,136,95,125,26,54,57,39,133,117,84,115,118,58,139,146,147,138,45,168,178,173,166,155,73,171,72,69,176,83,145,212,213,44,38,144,236,249,223,238,221,126,116,282,295,124,284,53,40,107,98,100,109,35,106,112,50,103,102,36,104,49,111,92,61,47,46,59,62,122,121,119,120,130,131,132,128,82,48,63,68,52,97,129,151,137,135,51,67,64,143,142,140,141,148,134,150,149,153,152,154,80,66,85,65,158,394,315,74,215,206,422,329,218,190,76,165,77,167,75,172,174,71,170,169,177,180,70,175,78,179,312,185,164,317,191,182,197,183,210,188,186,193,194,195,192,200,160,202,201,208,207,209,196,198,199,187,205,203,204,81,127,189,211,216,163,219,214,159,217,222,225,88,220,90,224,349,323,242,259,273,300,254,347,268,89,248,235,237,250,86,245,232,247,246,256,255,257,240,239,87,241,243,244,228,253,251,252,262,234,264,263,270,269,271,258,260,261,229,267,265,266,276,230,278,277,272,274,275,288,305,96,294,281,283,296,93,291,231,293,292,302,301,303,286,285,94,287,289,290,279,299,297,298,308,280,310,309,304,306,307,445,432,419,442,376,333,435,405,526,451,414,527,486,439,391,481,346,472,430,530,529,518,372,314,467,356,495,521,226,358,340,423,339,336,416,488,450,320,343,458,500,461,501,341,344,355,553,354,542,395,536,417,425,383,548,504,516,390,482,465,334,443,506,337,456,436,499,385,491,162,547,544,427,418,513,539,365,515,470,484,438,505,479,434,538,363,412,324,403,367,379,319,480,392,476,328,473,393,475,503,485,510,533,522,507,525,386,361,444,387,360,431,493,338,537,311,549,184,156,380,433,437,161,429,428,157,181,440,441,325,398,371,316,446,447,313,426,335,330,487,494,327,227,545,382,531,496,546,373,520,511,551,359,351,540,532,519,332,449,415,321,523,388,404,322,535,397,402,514,502,413,410,400,508,366,453,233,452,345,424,509,378,524,348,534,357,350,468,462,550,454,399,369,411,474,543,389,368,401,477,541,463,492,408,407,483,370,498,448,381,490,471,406,342,489,478,409,455,466,469,552,331,326,374,318,384,396,421,362,517,352,512,459,528,353,497,460,420,364,464,377,375,457
STAB 2 1 1 2,9,4,6,14,3,7,16,1,5,19,23,20,10,8,15,12,13,25,18,24,21,17,22,11,32,54,37,41,43,42,57,84,83,100,107,56,34,27,102,55,79,60,33,124,132,130,92,104,135,112,61,126,39,29,28,26,155,158,30,128,129,59,165,170,175,167,46,166,174,180,168,133,62,149,67,64,150,31,211,148,225,38,44,220,237,248,189,239,134,125,131,283,294,123,285,47,36,108,103,99,109,35,137,136,50,98,101,40,105,51,111,91,95,53,45,58,73,300,291,288,297,114,116,113,115,85,52,74,97,48,68,118,210,106,110,49,72,69,254,245,242,251,212,221,176,171,224,179,169,88,71,82,70,117,203,216,63,380,428,186,217,436,437,77,139,76,138,78,177,178,66,146,154,172,173,65,147,75,152,185,312,311,200,447,446,429,433,151,419,422,341,308,358,305,317,324,335,330,441,519,469,440,532,468,391,529,394,518,90,222,223,145,315,314,371,443,333,329,127,213,80,144,81,153,276,262,140,487,339,122,143,265,453,87,249,240,236,250,86,142,241,309,243,256,310,257,235,238,89,232,246,306,228,253,141,307,323,320,338,337,494,490,534,452,489,524,346,416,347,423,349,355,293,301,336,298,290,119,192,94,295,286,282,296,93,121,287,278,289,302,277,303,281,284,96,231,292,275,279,299,120,274,194,340,255,247,354,244,252,431,444,188,430,372,159,438,409,522,450,413,523,488,434,187,478,229,476,442,498,205,204,376,163,466,226,493,525,356,195,280,266,273,272,267,486,451,234,344,454,511,457,512,193,343,230,550,304,546,386,537,420,427,384,538,509,513,411,483,462,157,214,531,263,460,218,528,410,484,316,543,540,425,421,516,549,361,514,474,491,435,510,480,439,548,362,415,160,407,366,369,322,479,388,472,326,477,389,471,508,492,505,535,526,502,521,395,365,432,396,364,445,495,264,536,164,539,398,325,215,183,190,313,197,206,334,426,196,208,156,184,219,162,182,191,161,181,202,201,259,270,233,348,541,381,506,497,542,377,517,500,552,357,353,544,198,207,331,448,412,318,527,392,408,319,533,399,406,515,507,414,385,401,503,367,268,327,258,342,374,504,368,261,227,271,359,352,199,465,553,458,397,379,390,470,547,393,378,400,473,545,464,485,404,403,482,375,530,449,382,269,475,402,345,260,481,405,459,467,209,551,332,328,424,321,383,387,418,363,520,350,501,455,499,351,496,456,417,360,463,373,370,461
STAB 2 1 1 2,9,3,7,8,4,6,16,1,15,21,24,22,10,14,5,18,25,13,12,23,19,11,20,17,29,37,54,57,83,84,41,42,43,101,108,56,31,28,99,55,60,79,30,125,95,91,114,105,136,110,113,123,39,32,27,26,155,73,33,45,58,118,72,171,176,69,115,166,173,178,168,133,117,146,139,138,147,34,212,145,223,44,38,221,238,249,213,236,144,124,53,284,295,126,282,116,103,107,36,102,35,109,51,135,111,40,100,98,104,137,50,130,132,131,128,129,158,297,288,291,300,92,47,61,46,151,97,74,52,68,48,59,82,49,112,106,165,167,251,242,245,254,211,220,175,170,88,70,71,224,169,210,179,62,206,215,63,315,394,190,218,329,422,77,67,76,64,177,78,180,154,149,66,75,174,152,150,172,65,183,433,446,197,419,311,317,312,85,447,437,341,305,358,308,429,440,468,532,391,518,529,324,330,335,441,469,428,519,222,90,225,148,380,443,333,314,371,436,81,189,153,134,127,80,273,259,142,323,349,120,141,268,347,240,248,87,239,86,250,140,232,306,246,228,307,253,89,237,235,241,243,309,256,257,143,310,487,452,524,489,346,423,416,320,337,338,494,534,453,490,339,336,290,298,355,301,293,121,194,286,294,94,285,93,296,119,231,275,292,279,274,299,96,283,281,287,289,278,302,303,122,277,192,354,252,244,340,247,255,432,445,191,376,442,219,439,481,472,486,527,414,451,435,208,405,270,526,372,467,209,207,430,214,530,226,521,495,356,195,304,269,276,230,271,450,488,258,344,553,542,501,461,193,343,272,458,280,500,536,395,383,548,417,425,385,491,482,390,547,162,163,544,260,499,217,456,504,516,334,465,506,538,363,484,365,539,412,403,513,434,479,505,438,427,418,515,196,470,503,485,533,510,507,522,475,393,473,328,367,379,480,319,476,392,493,537,549,431,360,387,444,525,261,386,182,361,325,398,216,185,186,426,200,203,316,313,160,187,184,156,159,157,164,188,181,161,199,198,262,229,227,327,359,551,540,351,511,520,373,546,382,545,496,531,201,204,449,332,514,402,413,502,397,535,322,404,321,415,388,523,509,378,366,508,265,348,234,424,345,410,400,264,233,267,541,463,202,543,454,550,408,492,483,407,462,477,401,368,389,357,350,369,399,474,411,455,466,331,552,266,326,318,374,263,409,478,370,498,205,381,448,471,342,406,420,364,362,421,377,464,457,375,460,497,353,528,384,396,352,517,459,512
STAB 2 1 -1 2,1,3,6,5,4,7,16,9,14,19,20,23,10,15,8,18,17,11,12,22,21,13,24,25,54,32,29,28,31,30,27,33,34,102,107,55,83,57,100,56,60,79,84,126,61,92,130,104,112,135,132,124,26,37,41,39,133,62,42,46,59,129,67,149,150,64,128,168,180,174,166,155,158,170,165,167,175,43,148,211,189,38,44,134,239,248,225,237,220,123,47,285,294,125,283,131,98,108,40,101,35,109,49,110,111,36,99,103,105,106,50,114,113,116,115,118,117,120,119,121,122,91,53,95,45,210,68,63,48,97,52,58,85,51,136,137,139,138,141,140,142,143,145,144,147,146,80,65,66,153,154,151,152,73,428,380,74,216,203,437,436,217,186,76,72,77,69,172,75,173,169,171,71,78,178,179,176,177,70,433,183,182,429,188,164,200,185,82,191,190,193,192,195,194,197,196,199,198,187,204,205,160,201,202,208,209,206,207,127,81,213,212,215,214,159,163,219,218,90,223,224,221,222,88,339,487,245,262,276,297,251,453,265,235,249,89,238,86,250,242,241,244,243,228,252,253,87,236,240,232,246,247,256,257,254,255,259,258,261,260,229,266,267,234,263,264,270,271,268,269,273,272,275,274,230,277,278,291,308,281,295,96,284,93,296,288,287,290,289,279,298,299,94,282,286,231,292,293,302,303,300,301,305,304,307,306,280,309,310,444,431,447,372,430,371,434,478,476,488,523,413,450,438,441,409,494,522,376,466,469,519,442,443,498,356,525,493,226,358,354,490,349,355,534,451,486,452,343,550,546,512,457,341,344,336,454,340,511,537,386,384,538,420,427,410,484,483,411,543,316,314,540,489,528,329,460,509,513,157,462,531,548,362,491,361,549,415,407,516,439,480,510,435,425,421,514,440,474,508,492,535,505,502,526,471,389,477,326,366,369,479,322,472,388,495,536,539,445,364,396,432,521,524,395,446,365,156,184,315,312,422,181,317,394,162,161,324,391,398,325,333,334,311,419,426,313,468,532,323,346,348,233,357,552,544,353,500,517,377,542,381,541,497,506,330,518,448,331,515,406,414,507,399,533,319,408,318,412,392,527,504,368,367,503,347,227,320,374,342,385,401,338,327,416,545,464,335,547,458,553,404,485,482,403,465,473,400,378,393,359,352,379,397,470,390,459,467,332,551,423,328,321,424,337,405,481,375,530,529,382,449,475,345,402,417,360,363,418,373,463,461,370,456,496,351,499,383,387,350,520,455,501
STAB 2 1 1 2,9,6,4,8,7,3,10,1,5,12,13,11,16,14,15,19,23,24,21,25,18,22,17,20,32,37,54,57,84,83,41,43,42,40,35,39,33,27,36,26,44,38,34,52,53,45,46,50,51,49,47,48,56,29,28,55,74,73,31,91,58,59,72,71,70,69,92,76,75,78,77,63,62,66,67,64,65,30,82,85,90,60,79,88,89,86,81,87,80,97,95,96,93,68,94,61,102,109,99,103,108,107,136,137,104,101,98,100,111,135,105,128,131,132,130,129,158,288,297,300,291,115,113,116,114,148,124,155,125,126,123,118,212,110,106,112,165,167,242,251,254,245,210,224,179,169,221,176,171,220,170,211,175,117,200,217,133,329,317,185,216,315,312,168,139,166,138,180,178,177,149,154,146,173,172,150,152,174,147,186,437,447,203,311,419,394,422,145,446,433,358,308,341,305,428,441,519,469,324,335,330,391,529,518,440,532,429,468,225,223,222,151,436,371,314,333,443,380,213,127,134,153,189,144,276,265,141,347,349,121,142,262,323,239,250,236,240,249,248,143,256,310,257,241,309,243,238,235,237,228,253,307,232,246,140,306,453,494,490,534,320,338,337,346,416,423,452,489,487,524,339,336,298,290,355,293,301,120,194,285,296,282,286,295,294,122,302,277,303,287,278,289,284,281,283,279,299,274,231,292,119,275,192,354,244,252,340,255,247,161,313,164,162,316,163,325,322,321,233,326,328,327,156,160,319,234,318,334,332,201,202,157,159,331,343,342,345,344,193,280,264,273,272,263,227,348,229,356,353,352,357,359,195,226,230,351,304,350,362,363,365,364,361,360,379,378,366,367,377,376,219,375,267,381,215,382,369,368,372,373,370,396,395,400,383,384,393,392,401,184,397,399,398,387,386,389,187,388,411,410,409,408,407,406,413,412,415,414,390,385,404,405,402,403,424,421,420,181,425,427,426,374,266,418,188,417,439,438,218,190,183,444,206,197,442,445,208,196,434,435,214,430,191,182,431,432,204,205,268,258,450,451,461,460,459,458,463,462,465,464,456,457,454,455,209,199,466,467,477,476,475,474,479,478,481,480,472,473,470,471,492,491,482,483,259,488,270,493,495,485,484,269,486,260,512,511,207,517,496,497,510,509,508,507,520,514,513,516,515,501,500,504,505,502,503,531,449,530,528,261,527,526,525,271,533,535,506,448,198,499,498,523,521,522,549,548,536,537,547,546,545,544,551,550,553,552,539,538,542,543,540,541
STAB 2 1 -1 2,1,6,3,15,7,4,10,9,14,18,17,25,16,5,8,19,20,22,21,11,12,24,13,23,54,29,32,27,33,34,28,31,30,103,109,26,84,57,98,39,44,38,83,68,116,115,128,111,106,137,131,97,55,37,41,56,63,117,43,114,118,129,139,154,152,138,130,77,177,172,76,74,158,169,165,167,179,42,151,210,127,79,60,153,240,250,222,235,224,48,113,286,296,52,281,132,100,35,101,40,108,107,110,49,104,99,36,102,50,112,105,46,47,61,92,59,62,121,122,120,119,45,95,53,91,211,126,133,123,124,125,58,145,136,51,135,67,64,142,143,141,140,85,80,65,66,144,147,146,134,149,148,150,73,429,436,155,218,197,433,380,215,183,166,72,168,69,174,173,75,170,71,171,178,78,175,70,180,176,437,186,188,428,182,191,206,190,212,164,185,195,192,193,194,203,187,204,205,196,199,198,208,209,207,160,201,200,202,189,213,81,82,217,159,214,219,163,216,223,90,220,88,225,221,339,453,254,268,273,288,242,487,259,237,86,238,89,249,248,251,228,252,253,241,244,243,236,87,239,256,257,255,232,246,245,247,265,229,266,267,258,261,260,270,271,269,234,263,262,264,276,230,277,278,272,275,274,300,305,283,93,284,96,295,294,297,279,298,299,287,290,289,282,94,285,302,303,301,231,292,291,293,308,280,309,310,304,307,306,426,181,446,334,157,443,184,535,402,348,471,475,227,398,440,533,452,406,162,449,532,468,316,371,448,344,374,424,343,341,354,524,349,355,489,327,233,494,226,497,464,541,545,358,356,336,496,340,463,421,418,539,396,549,387,485,400,508,503,517,442,333,459,534,552,315,551,492,401,430,520,455,364,536,378,417,420,473,507,368,325,404,408,156,360,537,477,441,502,483,509,478,399,474,318,523,515,514,527,482,504,397,481,321,470,345,362,384,313,548,538,161,342,490,363,447,383,435,434,329,422,312,431,394,317,376,432,391,324,438,439,314,372,419,311,444,445,519,469,347,320,488,486,501,528,375,553,350,543,547,352,499,512,550,370,529,335,498,530,389,522,328,407,505,409,405,510,526,393,403,326,369,516,390,411,323,450,346,525,521,379,513,423,451,337,457,546,518,377,351,353,480,410,366,392,373,415,484,491,412,461,542,385,479,388,367,540,332,467,460,338,414,472,493,416,319,322,544,331,330,456,466,413,495,476,361,425,395,386,465,511,359,506,382,454,458,381,365,427,500,462,531,357
STAB 2 1 1 1,2,7,6,5,4,3,14,9,16,20,19,23,8,15,10,22,21,12,11,18,17,13,25,24,55,27,28,29,31,30,32,34,33,107,102,54,60,56,100,57,83,84,79,130,92,61,126,112,104,135,124,132,37,26,39,41,129,59,38,47,62,133,64,150,149,67,123,167,175,170,165,158,155,174,166,168,180,44,134,189,211,42,43,148,248,239,220,237,225,128,46,294,285,131,283,125,101,103,40,98,36,99,50,111,110,35,109,108,106,105,49,116,115,114,113,117,118,120,119,122,121,68,52,97,48,213,91,58,45,95,53,63,80,51,137,136,138,139,141,140,143,142,153,151,154,152,85,66,65,145,147,144,146,74,434,376,73,163,187,431,430,159,188,72,76,69,77,171,71,169,173,172,75,70,179,178,177,176,78,432,191,190,435,186,185,160,164,81,183,182,194,195,192,193,208,206,209,207,203,205,204,200,202,201,197,199,196,198,212,82,210,127,219,218,217,216,215,214,88,224,223,222,221,90,343,486,232,234,230,279,228,450,229,238,240,89,235,87,236,256,254,257,255,251,253,252,86,250,249,245,247,246,242,244,241,243,270,268,271,269,265,267,266,262,264,263,259,261,258,260,272,273,275,274,276,278,277,231,280,284,286,96,281,94,282,302,300,303,301,297,299,298,93,296,295,291,293,292,288,290,287,289,304,305,307,306,308,310,309,447,437,444,371,436,372,428,476,478,494,522,409,453,441,438,413,488,523,380,469,466,498,443,442,519,355,534,490,349,354,358,493,226,356,525,452,487,451,339,546,550,511,454,340,336,344,457,341,512,538,384,386,537,427,420,411,483,484,410,540,314,316,543,495,531,157,462,513,509,329,460,528,549,361,492,362,548,407,415,508,440,474,514,429,421,425,510,439,480,516,491,526,502,505,535,472,388,479,322,369,366,477,326,471,389,489,539,536,446,365,395,433,524,521,396,445,364,317,394,162,161,181,422,156,184,315,312,325,398,391,324,334,333,313,426,419,311,467,530,233,348,346,323,353,544,552,357,497,506,381,541,377,542,500,517,331,448,518,330,507,414,406,515,392,527,318,412,319,408,399,533,503,367,368,504,227,347,327,416,338,401,385,342,320,374,553,458,332,551,464,545,403,482,485,404,459,470,390,379,397,352,359,378,393,473,400,465,468,335,547,424,321,328,423,345,402,475,382,532,449,375,529,481,337,405,418,363,360,417,370,461,463,373,455,501,350,520,387,383,351,499,456,496
STAB 2 1 -1 1,9,7,3,10,4,6,14,2,15,17,25,18,8,16,5,22,24,13,11,23,20,12,19,21,28,26,55,56,60,79,39,38,44,98,103,57,31,29,109,54,83,84,30,131,97,68,116,106,137,111,115,128,41,27,32,37,158,74,34,48,63,117,76,172,177,77,113,165,169,179,167,129,118,152,138,139,154,33,127,153,224,43,42,222,235,240,210,250,151,132,52,281,286,130,296,114,108,102,35,107,36,99,51,135,110,40,100,101,112,136,49,126,124,125,123,133,155,279,302,231,287,61,46,92,47,144,95,73,53,91,45,62,81,50,104,105,166,168,228,256,232,241,189,225,180,174,90,78,75,223,173,213,178,59,196,219,58,162,184,182,214,157,181,69,64,72,67,176,70,175,147,150,65,71,170,146,149,171,66,191,432,445,208,426,313,156,161,80,444,431,340,304,354,280,435,439,467,530,398,448,449,325,331,332,438,466,434,498,221,88,220,134,376,442,334,316,372,430,82,211,145,148,212,85,272,270,143,233,226,120,141,258,227,249,239,86,248,87,236,140,245,306,247,251,307,252,89,237,238,254,255,310,242,244,142,309,486,451,521,495,348,424,374,327,345,342,488,525,450,493,343,344,303,299,356,289,292,122,193,295,285,93,294,94,282,119,291,275,293,297,274,298,96,283,284,300,301,277,288,290,121,278,195,358,253,257,341,246,243,433,446,183,380,443,215,440,475,471,487,533,406,452,429,197,402,259,535,371,468,199,198,436,218,532,349,524,489,355,192,305,260,230,276,261,453,494,268,336,545,541,496,463,194,339,273,464,308,497,539,396,387,549,418,421,401,492,485,400,551,315,216,552,269,520,159,455,503,508,333,459,517,537,360,483,364,536,408,404,509,428,477,502,441,420,417,507,206,473,504,482,527,514,515,523,481,397,470,321,368,378,474,318,478,399,490,538,548,437,363,383,447,534,271,384,190,362,324,391,163,164,188,419,160,187,314,311,200,203,394,317,217,329,185,186,422,312,209,207,234,265,347,320,352,547,543,350,512,499,370,550,375,553,501,528,202,205,529,335,510,405,409,505,393,526,326,403,328,407,389,522,513,379,369,516,229,346,262,423,337,411,390,263,323,266,542,461,201,540,457,546,412,491,484,415,460,479,385,367,388,353,351,366,392,480,410,456,469,330,544,267,322,319,416,264,413,476,373,519,204,377,518,472,338,414,427,365,361,425,381,458,454,382,462,500,357,531,386,395,359,506,465,511
STAB 2 1 1 1,2,6,7,15,3,4,8,9,16,22,21,24,14,5,10,20,19,18,17,12,11,25,13,23,55,28,27,32,34,33,29,31,30,108,99,37,79,56,101,41,43,42,60,91,114,113,123,110,105,136,125,95,54,26,39,57,58,118,44,116,117,133,138,147,146,139,126,69,176,171,72,73,155,173,166,168,178,38,144,213,212,84,83,145,249,236,221,238,223,45,115,295,282,53,284,124,100,36,98,40,103,102,111,50,112,109,35,107,49,104,106,47,46,92,61,62,59,122,121,120,119,48,97,52,68,189,130,129,128,132,131,63,153,137,51,135,64,67,143,142,141,140,80,85,66,65,151,154,152,148,150,134,149,74,435,430,158,214,208,432,376,219,191,165,76,167,77,170,169,71,174,75,172,179,70,180,78,175,177,431,188,186,434,190,183,196,182,127,185,164,192,195,194,193,187,203,205,204,206,209,207,197,199,198,200,202,160,201,211,210,82,81,159,217,218,215,216,163,224,88,225,90,220,222,343,450,241,258,272,302,256,486,270,237,87,235,89,240,239,228,251,253,252,254,257,255,250,86,248,242,244,243,245,247,232,246,229,265,267,266,268,271,269,259,261,260,262,264,234,263,230,276,278,277,273,275,274,287,304,283,94,281,96,286,285,279,297,299,298,300,303,301,296,93,294,288,290,289,291,293,231,292,280,308,310,309,305,307,306,419,422,445,333,329,442,394,526,405,346,472,481,347,391,439,527,451,414,315,529,530,467,314,372,518,336,416,423,339,340,358,521,226,356,495,320,323,488,349,500,458,542,553,354,355,344,501,341,461,425,417,536,395,548,383,482,390,516,504,506,443,334,465,525,544,162,547,491,385,436,499,456,365,539,379,418,427,470,515,367,324,403,412,317,363,538,479,438,505,484,513,476,392,480,319,522,507,510,533,485,503,393,475,328,473,337,361,386,311,549,537,312,338,493,360,444,387,429,428,157,181,161,437,184,156,380,433,398,325,441,440,316,371,426,313,447,446,498,466,227,327,494,487,496,531,382,545,351,540,551,359,520,511,546,373,449,332,519,532,388,523,321,415,502,413,402,514,535,397,404,322,366,508,400,410,233,453,348,534,524,378,509,424,452,345,454,550,448,381,350,357,474,411,369,399,370,407,483,492,408,463,541,401,477,389,368,543,335,468,462,342,406,471,490,374,318,326,552,330,331,455,469,409,489,478,362,421,396,384,459,512,352,517,375,457,464,377,364,420,497,460,528,353
STAB 2 1 -1 1,9,6,4,10,3,7,8,2,5,11,13,12,14,16,15,20,23,25,17,24,22,18,21,19,27,26,55,56,79,60,39,44,38,40,36,41,34,32,35,37,43,42,33,53,52,48,47,49,51,50,46,45,57,28,29,54,73,74,31,68,63,62,76,75,78,77,61,72,71,70,69,58,59,65,64,67,66,30,81,80,88,83,84,90,89,87,82,86,85,95,97,96,94,91,93,92,107,99,109,108,103,102,137,136,112,98,101,100,110,135,106,123,125,124,126,133,155,302,279,287,231,113,115,114,116,134,132,158,131,130,128,117,127,111,105,104,166,168,256,228,241,232,213,223,178,173,222,177,172,225,174,189,180,118,160,159,129,157,156,164,163,162,161,167,138,165,139,175,179,176,150,147,152,169,171,149,146,170,154,188,431,444,187,313,426,184,181,153,445,432,354,280,340,304,434,438,498,466,325,332,331,398,449,448,439,530,435,467,220,224,221,144,430,372,316,334,442,376,210,212,148,145,211,151,230,229,141,227,226,122,143,234,233,248,236,250,249,240,239,142,242,309,244,254,310,255,235,238,237,251,252,307,245,247,140,306,450,488,493,525,327,342,345,348,374,424,451,495,486,521,343,344,299,303,356,292,289,120,193,294,282,296,295,286,285,121,288,278,290,300,277,301,281,284,283,297,298,274,291,293,119,275,195,358,257,253,341,243,246,312,311,185,315,314,216,324,326,328,323,322,321,320,317,200,318,262,319,333,335,202,201,329,217,330,339,338,337,336,194,308,263,272,273,264,347,346,265,355,357,359,353,352,192,349,276,350,305,351,361,360,364,365,362,363,378,379,369,368,381,380,215,382,266,377,219,375,366,367,371,370,373,395,396,390,387,386,397,399,385,394,393,392,391,383,384,388,203,389,410,411,413,412,415,414,409,408,407,406,400,401,403,402,405,404,423,425,427,422,421,420,419,416,267,417,186,418,440,441,214,182,191,447,196,208,443,446,197,206,428,429,218,436,183,190,437,433,205,204,258,268,453,452,463,462,465,464,461,460,459,458,455,454,457,456,199,209,469,468,479,478,481,480,477,476,475,474,471,470,473,472,491,492,485,484,270,494,259,490,489,482,483,260,487,269,511,512,198,506,501,500,514,513,516,515,499,510,509,508,507,496,497,503,502,505,504,528,529,532,531,271,533,535,534,261,527,526,517,518,207,520,519,522,524,523,548,549,539,538,551,550,553,552,547,546,545,544,536,537,541,540,543,542
STAB 2 1 -1 1,9,3,7,16,6,4,8,2,15,22,24,21,14,10,5,17,25,23,20,13,11,19,12,18,28,55,26,39,38,44,56,60,79,101,99,41,30,29,108,37,42,43,31,95,125,123,113,110,136,105,114,91,57,27,32,54,73,155,33,126,133,117,166,173,178,168,116,72,171,176,69,58,118,147,138,139,146,34,213,144,221,84,83,223,238,236,212,249,145,53,124,284,282,45,295,115,109,36,107,35,102,103,135,51,106,100,40,98,49,137,112,48,52,97,68,63,74,231,287,279,302,47,92,46,61,153,131,158,132,128,130,62,189,104,50,111,76,77,232,241,228,256,81,90,78,75,225,180,174,222,172,127,177,59,208,214,129,430,435,191,219,376,432,167,64,165,67,179,175,70,152,65,150,170,71,154,66,169,149,182,181,426,196,445,444,434,431,134,313,161,354,304,340,280,184,398,448,449,439,467,530,438,466,498,325,331,156,332,224,220,88,80,157,334,442,372,316,162,211,82,151,85,210,148,272,258,142,450,343,119,140,270,486,250,87,248,86,239,240,141,251,307,252,245,306,247,237,89,235,242,244,309,254,255,143,310,227,348,424,374,451,521,495,488,525,493,327,345,233,342,226,356,289,292,344,303,299,121,195,296,94,294,93,285,286,120,297,274,298,291,275,293,283,96,281,288,290,278,300,301,122,277,193,341,246,243,358,253,257,422,419,190,329,333,218,391,527,414,347,481,472,346,394,206,526,268,405,314,518,207,209,315,215,529,339,423,416,336,194,305,271,230,276,269,323,320,259,355,501,461,553,542,192,349,273,500,308,458,417,425,548,383,536,395,491,385,504,516,499,436,217,456,261,547,163,544,482,390,443,506,465,363,538,367,427,418,479,505,379,317,412,403,324,365,539,470,197,515,485,503,475,393,473,328,533,510,507,522,484,513,392,476,319,480,338,360,387,312,537,549,311,337,260,361,183,386,441,440,159,188,164,446,187,160,371,447,203,200,429,428,216,380,186,185,433,437,198,199,229,262,487,494,511,520,373,546,359,551,540,351,531,496,545,382,204,201,532,519,397,535,322,404,514,402,413,502,523,388,415,321,378,509,410,400,234,452,265,524,534,366,508,267,453,264,463,541,205,370,357,350,477,401,368,389,381,408,492,483,407,454,550,411,474,399,369,552,330,469,455,263,409,478,489,266,326,318,543,335,202,462,468,406,490,471,364,420,384,396,460,497,353,528,377,464,457,375,362,421,512,459,517,352
STAB 2 1 1 1,2,3,4,5,6,7,8,9,10,11,12,13,14,15,16,17,18,19,20,21,22,23,24,25,26,27,28,29,30,31,32,33,34,35,36,37,38,39,40,41,42,43,44,45,46,47,48,49,50,51,52,53,54,55,56,57,58,59,60,61,62,63,64,65,66,67,68,69,70,71,72,73,74,75,76,77,78,79,80,81,82,83,84,85,86,87,88,89,90,91,92,93,94,95,96,97,98,99,100,101,102,103,104,105,106,107,108,109,110,111,112,113,114,115,116,117,118,119,120,121,122,123,124,125,126,127,128,129,130,131,132,133,134,135,136,137,138,139,140,141,142,143,144,145,146,147,148,149,150,151,152,153,154,155,156,157,158,159,160,161,162,163,164,165,166,167,168,169,170,171,172,173,174,175,176,177,178,179,180,181,182,183,184,185,186,187,188,189,190,191,192,193,194,195,196,197,198,199,200,201,202,203,204,205,206,207,208,209,210,211,212,213,214,215,216,217,218,219,220,221,222,223,224,225,226,227,228,229,230,231,232,233,234,235,236,237,238,239,240,241,242,243,244,245,246,247,248,249,250,251,252,253,254,255,256,257,258,259,260,261,262,263,264,265,266,267,268,269,270,271,272,273,274,275,276,277,278,279,280,281,282,283,284,285,286,287,288,289,290,291,292,293,294,295,296,297,298,299,300,301,302,303,304,305,306,307,308,309,310,311,312,313,314,315,316,317,318,319,320,321,322,323,324,325,326,327,328,329,330,331,332,333,334,335,336,337,338,339,340,341,342,343,344,345,346,347,348,349,350,351,352,353,354,355,356,357,358,359,360,361,362,363,364,365,366,367,368,369,370,371,372,373,374,375,376,377,378,379,380,381,382,383,384,385,386,387,388,389,390,391,392,393,394,395,396,397,398,399,400,401,402,403,404,405,406,407,408,409,410,411,412,413,414,415,416,417,418,419,420,421,422,423,424,425,426,427,428,429,430,431,432,433,434,435,436,437,438,439,440,441,442,443,444,445,446,447,448,449,450,451,452,453,454,455,456,457,458,459,460,461,462,463,464,465,466,467,468,469,470,471,472,473,474,475,476,477,478,479,480,481,482,483,484,485,486,487,488,489,490,491,492,493,494,495,496,497,498,499,500,501,502,503,504,505,506,507,508,509,510,511,512,513,514,515,516,517,518,519,520,521,522,523,524,525,526,527,528,529,530,531,532,533,534,535,536,537,538,539,540,541,542,543,544,545,546,547,548,549,550,551,552,553
STAB 2 1 -1 1,9,4,6,16,7,3,14,2,5,20,23,19,8,10,15,11,13,24,22,25,17,21,18,12,27,55,26,39,44,38,56,79,60,100,102,57,33,32,107,54,84,83,34,132,124,126,61,112,135,104,92,130,41,28,29,37,158,155,30,123,133,62,166,174,180,168,47,165,170,175,167,129,59,150,64,67,149,31,189,134,220,42,43,225,237,239,211,248,148,131,125,283,285,128,294,46,35,103,108,109,99,36,136,137,49,101,98,40,106,51,110,68,97,52,48,63,74,287,231,302,279,116,114,115,113,80,53,73,95,45,91,117,213,105,111,50,76,77,241,232,256,228,127,222,177,172,223,178,173,90,75,81,78,118,187,163,58,376,434,188,159,430,431,69,138,72,139,70,176,179,65,152,147,171,169,66,154,71,146,164,161,313,160,444,445,435,432,144,426,181,340,280,354,304,156,325,332,331,438,498,466,439,530,467,398,449,184,448,88,221,224,153,162,316,372,442,334,157,212,210,85,151,82,145,230,234,140,486,343,121,142,229,450,86,240,249,250,236,87,143,254,310,255,242,309,244,238,235,89,245,247,306,251,252,141,307,233,327,342,345,488,493,525,451,495,521,348,374,227,424,226,356,292,289,344,299,303,119,195,93,286,295,296,282,94,122,300,277,301,288,278,290,284,281,96,291,293,275,297,298,120,274,193,341,243,246,358,257,253,437,447,186,436,371,217,441,413,523,453,409,522,494,428,203,476,265,478,443,519,204,205,380,216,469,349,490,534,355,192,308,267,272,273,266,487,452,262,336,457,512,454,511,194,339,276,546,305,550,384,538,427,420,386,537,513,509,410,484,460,329,218,528,264,462,214,531,411,483,314,540,543,421,425,508,548,362,510,480,492,429,514,474,440,549,361,407,200,415,369,366,326,477,389,471,322,479,388,472,516,491,502,526,535,505,524,396,364,433,395,365,446,489,263,539,185,536,391,324,219,191,182,311,208,196,333,419,206,197,317,394,215,315,190,183,312,422,201,202,270,259,323,346,542,377,517,500,541,381,506,497,544,353,357,552,207,198,330,518,408,319,533,399,412,318,527,392,414,507,515,406,401,385,504,368,258,320,268,338,416,503,367,271,347,261,352,359,209,459,545,464,393,378,400,473,551,397,379,390,470,553,458,482,403,404,485,382,532,529,375,260,481,405,337,269,475,402,465,468,199,547,335,321,423,328,387,383,417,360,499,351,496,456,520,350,501,455,418,363,461,370,373,463
STAB 2 1 1 1,2,4,3,15,7,6,14,9,10,17,18,25,8,5,16,11,12,21,22,19,20,24,23,13,26,28,27,32,33,34,29,30,31,109,103,54,44,39,98,57,84,83,38,128,115,116,68,106,111,137,97,131,37,55,56,41,129,118,79,113,117,63,138,152,154,139,48,167,179,169,165,158,74,172,76,77,177,60,153,127,210,43,42,151,250,240,224,235,222,130,114,296,286,132,281,52,40,102,101,100,99,36,105,104,49,108,107,35,112,50,110,61,92,46,47,62,59,121,122,119,120,126,125,124,123,81,45,58,91,53,95,133,144,136,135,51,64,67,142,143,140,141,134,148,149,150,145,146,147,85,65,80,66,155,184,162,73,219,196,181,157,214,182,72,166,69,168,71,171,170,75,174,173,176,175,78,180,70,178,161,164,185,156,183,190,208,191,213,186,188,194,193,192,195,160,200,201,202,197,198,199,206,207,209,203,204,187,205,82,212,211,189,163,216,215,218,217,159,221,220,90,225,88,223,226,233,256,270,272,287,241,227,258,89,239,238,237,236,87,232,245,246,247,242,243,244,249,248,86,254,255,257,251,252,228,253,234,262,263,264,259,260,261,268,269,271,265,266,229,267,230,276,277,278,273,274,275,302,304,96,285,284,283,282,94,231,291,292,293,288,289,290,295,294,93,300,301,303,297,298,279,299,280,308,309,310,305,306,307,446,433,426,443,380,334,429,402,535,452,406,533,487,440,398,475,348,471,436,532,449,448,371,316,468,355,489,524,349,354,341,424,343,344,374,494,453,327,339,464,497,463,496,340,336,356,545,358,541,396,539,418,421,387,549,503,508,400,485,459,333,442,517,345,455,430,520,401,492,315,551,552,420,417,509,536,364,507,473,483,441,502,477,428,537,360,408,325,404,368,378,318,474,399,478,321,470,397,481,504,482,514,527,523,515,534,384,362,447,383,363,437,490,342,538,313,548,394,317,376,432,431,312,435,434,329,422,439,438,324,391,372,314,445,444,311,419,332,331,486,488,320,347,553,375,528,501,550,370,499,512,547,352,350,543,530,498,335,529,407,328,522,389,403,326,526,393,405,510,505,409,411,390,516,369,450,323,451,337,423,513,379,521,346,525,353,351,467,460,546,457,392,366,410,480,540,388,367,385,479,542,461,491,412,415,484,373,519,518,377,493,472,414,338,495,476,413,456,469,466,544,330,322,416,319,386,395,425,361,506,359,511,465,531,357,500,462,427,365,458,381,382,454
STAB 2 1 -1 9,2,7,6,14,3,4,5,1,16,23,19,20,15,8,10,24,21,18,25,12,13,17,11,22,56,57,41,37,43,42,54,83,84,107,100,32,79,55,102,27,34,33,60,92,130,132,124,135,104,112,126,61,29,39,26,28,59,129,38,131,158,155,167,175,170,165,125,64,150,149,67,62,133,180,168,166,174,44,220,225,148,30,31,211,248,237,134,239,189,46,128,294,283,47,285,123,99,40,103,36,98,101,111,50,136,109,35,108,51,105,137,53,45,91,95,73,58,300,291,297,288,52,68,48,97,223,114,118,115,113,116,74,224,106,49,110,69,72,254,245,251,242,88,82,71,70,210,169,179,212,176,221,171,63,438,442,117,443,441,444,372,371,447,139,77,138,76,146,154,66,178,78,177,152,65,173,75,147,172,445,419,422,439,437,433,440,446,222,312,311,305,358,308,341,391,394,529,518,428,469,519,429,468,532,317,335,324,330,145,151,85,90,333,329,436,380,315,314,153,80,213,81,144,127,344,451,232,452,336,302,256,488,494,236,89,240,87,235,238,228,141,253,307,143,257,310,250,86,249,140,306,246,142,309,241,243,346,347,416,423,453,534,490,487,524,489,323,338,320,337,355,349,293,301,339,290,298,231,354,282,96,286,94,281,284,279,120,299,274,122,303,277,296,93,295,119,275,292,121,278,287,289,340,194,255,247,192,252,244,188,186,431,159,217,430,203,522,409,229,476,478,265,187,434,523,450,413,216,205,498,466,163,376,204,272,267,266,273,280,195,525,356,226,493,234,262,486,276,511,454,546,550,304,230,343,512,193,457,427,420,537,386,538,384,483,411,513,509,531,214,157,462,521,540,316,543,484,410,218,528,460,361,549,369,421,425,474,514,366,160,407,415,200,362,548,480,435,510,491,516,472,388,479,322,526,502,505,535,492,508,389,471,326,477,263,365,395,164,539,536,185,264,495,364,432,396,197,206,334,426,313,190,398,325,215,183,184,156,208,196,162,219,181,161,191,182,530,467,348,233,270,259,497,506,381,541,353,544,552,357,517,500,542,377,448,331,207,198,392,527,318,412,507,414,406,515,533,399,408,319,367,503,401,385,327,268,227,271,261,368,504,374,258,342,458,553,449,382,352,359,470,390,379,397,375,403,482,485,404,464,545,400,473,393,378,547,202,199,465,345,402,475,269,424,321,328,551,201,332,459,209,405,260,481,363,418,387,383,455,501,350,520,370,461,463,373,360,417,496,456,499,351
STAB 2 1 1 9,1,7,4,10,3,6,5,2,8,13,11,12,15,16,14,24,22,17,25,20,23,18,19,21,41,39,56,55,79,60,26,38,44,36,40,27,43,37,35,32,34,33,42,47,48,52,53,51,49,50,45,46,28,57,54,29,62,63,83,97,74,73,77,78,75,76,95,67,66,65,64,59,58,70,69,72,71,84,90,88,80,31,30,81,87,89,85,86,82,61,68,94,96,92,93,91,108,100,109,107,98,101,106,112,136,103,102,99,135,110,137,124,126,123,125,155,133,302,279,231,287,132,128,130,131,221,113,117,116,114,115,158,222,111,104,105,168,166,256,228,232,241,225,189,174,180,127,172,177,213,178,223,173,129,324,333,118,334,325,311,314,316,313,138,167,139,165,147,152,150,176,175,179,154,149,171,170,146,169,419,445,432,391,161,181,398,426,224,431,444,304,340,280,354,439,435,530,467,156,331,332,184,448,449,434,498,438,466,144,153,134,220,442,376,162,157,430,372,151,148,212,211,145,210,355,346,251,348,356,300,254,320,327,249,237,250,248,235,238,245,140,247,306,143,255,310,240,239,236,141,307,252,142,309,242,244,451,486,495,521,233,345,342,227,424,374,450,493,488,525,344,343,299,303,226,289,292,297,341,295,283,296,294,281,284,291,119,293,275,122,301,277,286,285,282,120,274,298,121,278,288,290,358,195,257,253,193,246,243,185,164,312,216,163,315,160,328,326,262,319,318,234,200,317,321,323,322,159,202,335,330,217,329,201,273,264,263,272,308,194,337,336,339,338,265,229,347,230,359,357,351,350,305,276,349,352,192,353,365,364,360,361,363,362,368,369,379,378,382,215,380,381,423,373,371,370,367,366,219,375,377,386,387,411,396,395,399,397,410,203,389,388,187,384,383,392,394,393,385,390,414,415,412,413,405,404,403,402,401,400,407,406,409,408,266,427,425,186,418,417,188,267,416,420,422,421,196,208,443,446,447,191,440,441,214,182,429,428,206,197,436,218,433,437,190,183,529,518,452,453,268,258,464,465,462,463,457,456,455,454,459,458,461,460,468,469,209,199,480,481,478,479,473,472,471,470,475,474,477,476,484,485,492,491,494,270,487,269,260,483,482,489,259,490,500,501,532,531,512,511,515,516,513,514,528,505,504,503,502,497,496,508,507,510,509,499,205,198,506,534,535,533,271,524,523,522,520,204,519,517,207,526,261,527,538,539,549,548,552,553,550,551,543,542,541,540,537,536,545,544,547,546
STAB 2 1 -1 9,2,6,7,8,4,3,15,1,16,24,21,22,5,14,10,23,19,12,13,18,25,11,17,20,56,41,57,54,83,84,37,43,42,108,101,29,60,55,99,28,31,30,79,114,91,95,125,136,105,110,123,113,32,39,26,27,118,58,44,53,73,155,69,176,171,72,124,138,147,146,139,117,133,178,168,166,173,38,221,223,145,33,34,212,249,238,144,236,213,115,45,295,284,116,282,126,102,98,36,103,40,100,50,111,135,35,109,107,137,104,51,131,128,130,132,158,129,297,288,300,291,97,48,68,52,225,92,59,46,61,47,74,88,49,106,112,167,165,251,242,254,245,224,210,169,179,82,71,70,211,175,220,170,63,439,372,62,314,391,445,442,333,419,67,77,64,76,149,66,154,180,177,78,65,152,174,172,150,75,444,447,437,438,422,312,324,311,90,433,446,308,358,305,341,441,428,469,519,394,529,518,317,335,330,429,468,440,532,148,85,151,222,371,436,329,315,380,443,80,153,189,127,134,81,344,488,241,320,355,279,228,451,346,239,235,87,240,89,237,256,143,257,310,141,253,307,86,250,248,142,309,243,140,306,232,246,494,453,534,490,347,416,423,323,338,337,487,524,452,489,336,339,290,298,349,293,301,287,340,285,281,94,286,96,283,302,122,303,277,120,299,274,93,296,294,121,278,289,119,275,231,292,354,192,252,244,194,255,247,191,190,432,219,218,376,206,472,481,270,526,405,268,208,435,414,486,527,215,209,467,530,214,430,207,230,271,269,276,304,195,495,356,226,521,258,259,450,273,542,553,500,458,280,272,343,461,193,501,548,383,395,536,425,417,390,482,491,385,544,163,162,547,493,506,334,465,516,504,217,456,499,539,365,485,363,538,403,412,503,196,470,515,197,418,427,505,434,479,513,484,522,507,510,533,476,392,480,319,379,367,473,328,475,393,260,549,537,182,361,386,183,261,525,387,431,360,200,203,316,313,426,186,325,398,216,185,156,184,187,160,157,159,161,181,188,164,466,498,327,227,229,262,351,540,551,359,496,531,382,545,373,546,511,520,332,449,204,201,502,413,402,514,388,523,321,415,322,404,397,535,508,366,378,509,348,265,233,267,264,400,410,345,234,424,550,454,331,552,463,541,407,483,492,408,455,474,411,369,399,350,357,368,389,477,401,462,199,202,543,374,318,326,266,342,406,471,381,198,448,370,205,478,263,409,421,362,364,420,375,457,464,377,459,512,352,517,396,384,353,528,460,497
STAB 2 1 1 9,1,6,3,10,4,7,15,2,14,25,17,18,5,16,8,23,20,11,13,22,24,12,21,19,57,39,56,55,60,79,26,44,38,103,98,28,83,54,109,29,31,30,84,116,68,97,131,137,106,111,128,115,27,41,37,32,117,63,43,52,74,158,77,177,172,76,132,139,154,152,138,118,129,179,167,165,169,42,222,224,153,34,33,127,240,235,151,250,210,113,48,286,281,114,296,130,107,101,35,108,40,100,49,110,135,36,99,102,136,112,51,125,123,126,124,155,133,279,302,287,231,95,45,91,53,220,61,62,47,92,46,73,90,50,105,104,168,166,228,256,241,232,223,213,173,178,81,75,78,189,180,225,174,58,440,371,59,316,398,446,443,334,426,64,69,67,72,150,65,147,175,176,70,66,146,170,171,149,71,447,444,431,441,181,161,325,313,88,432,445,280,354,304,340,438,434,466,498,184,449,448,156,332,331,435,467,439,530,134,80,144,221,372,430,157,162,376,442,85,145,211,212,148,82,336,494,254,327,356,297,251,452,348,248,238,86,249,89,237,242,142,244,309,141,252,307,87,236,239,143,310,255,140,306,245,247,488,450,525,493,227,374,424,233,342,345,486,521,451,495,344,343,303,299,226,292,289,300,341,294,284,93,295,96,283,288,121,290,278,120,298,274,94,282,285,122,277,301,119,275,291,293,358,195,253,257,193,243,246,183,182,433,215,214,380,196,471,475,259,535,402,258,197,429,406,487,533,219,199,468,532,218,436,198,276,261,260,230,305,192,489,355,349,524,268,270,453,272,541,545,497,464,308,273,339,463,194,496,549,387,396,539,421,418,400,485,492,401,552,216,315,551,490,517,333,459,508,503,159,455,520,536,364,482,360,537,404,408,504,206,473,507,208,417,420,502,428,477,509,483,523,515,514,527,478,399,474,318,378,368,470,321,481,397,269,548,538,190,362,384,191,271,534,383,437,363,160,187,314,311,419,188,324,391,163,164,317,394,203,200,329,217,312,422,186,185,469,519,320,347,265,234,350,543,547,352,501,528,375,553,370,550,512,499,335,529,205,202,505,409,405,510,389,522,328,407,326,403,393,526,516,369,379,513,346,229,323,266,263,390,411,337,262,423,546,457,330,544,461,542,415,484,491,412,456,480,410,366,392,351,353,367,388,479,385,460,209,201,540,416,319,322,267,338,414,472,377,207,518,373,204,476,264,413,425,361,365,427,382,454,458,381,465,511,359,506,395,386,357,531,462,500
STAB 2 1 1 9,1,4,7,16,6,3,15,2,8,24,22,21,5,10,14,13,11,20,23,17,25,19,18,12,41,56,39,26,38,44,55,79,60,99,101,28,42,37,108,29,30,31,43,113,123,125,95,136,110,105,91,114,27,57,54,32,117,133,84,124,155,73,168,178,173,166,53,139,146,147,138,118,58,176,69,72,171,83,223,221,144,33,34,213,236,238,145,249,212,116,126,282,284,115,295,45,35,98,107,109,100,40,112,106,51,102,103,36,137,49,135,97,68,48,52,74,63,231,287,302,279,131,130,128,132,88,47,62,61,46,92,158,225,104,111,50,77,76,232,241,256,228,222,127,172,177,189,174,180,81,78,90,75,129,391,314,59,372,439,419,333,442,445,64,167,67,165,65,150,152,70,179,175,149,154,71,169,66,170,311,313,161,324,432,431,438,444,220,181,426,280,340,304,354,325,156,331,332,435,530,467,434,498,466,184,448,398,449,80,134,153,224,316,162,376,430,157,334,148,151,82,210,85,211,355,320,242,488,344,291,245,346,451,86,235,248,250,237,89,254,143,255,310,140,247,306,239,240,87,142,309,244,141,307,251,252,327,233,345,342,486,495,521,450,493,525,227,424,348,374,356,226,289,292,343,299,303,288,358,93,281,294,296,283,96,300,122,301,277,119,293,275,285,286,94,121,278,290,120,274,297,298,341,193,246,243,195,257,253,190,191,422,218,219,329,208,414,527,268,405,526,270,206,394,472,347,481,214,207,518,529,215,315,209,276,269,271,230,305,194,416,336,339,423,259,258,323,272,461,501,458,500,308,273,349,542,192,553,383,548,425,417,395,536,516,504,385,491,456,217,436,499,338,465,443,506,390,482,163,544,547,418,427,503,538,363,505,479,485,197,515,470,196,539,365,403,317,412,379,367,328,473,393,475,319,480,392,476,513,484,507,522,533,510,261,387,360,183,386,361,182,260,337,549,312,537,187,160,371,447,446,164,441,440,159,188,428,429,200,203,380,216,437,433,185,186,330,335,494,487,262,229,546,373,520,511,545,382,531,496,540,351,359,551,519,532,201,204,404,322,535,397,415,321,523,388,413,502,514,402,400,410,509,378,452,234,453,264,267,508,366,534,265,524,350,357,469,455,541,463,389,368,401,477,552,399,369,411,474,550,454,483,407,408,492,381,198,205,370,489,478,409,263,490,471,406,462,199,468,543,202,318,266,326,396,384,420,364,528,353,497,460,517,352,512,459,421,362,457,375,377,464
STAB 2 1 -1 9,2,4,3,14,6,7,15,1,10,25,18,17,5,8,16,13,12,19,23,21,24,20,22,11,39,57,41,37,42,43,54,84,83,109,98,29,38,26,103,28,30,31,44,115,128,131,97,137,111,106,68,116,32,56,55,27,118,129,79,132,158,74,167,179,169,165,52,138,152,154,139,117,63,177,77,76,172,60,224,222,151,34,33,210,250,235,153,240,127,114,130,296,281,113,286,48,36,101,102,99,100,40,104,105,51,107,108,35,136,50,135,95,91,45,53,73,58,291,300,288,297,125,126,123,124,90,46,59,92,47,61,155,220,112,110,49,69,72,245,254,242,251,221,212,171,176,211,170,175,82,70,88,71,133,398,316,62,371,440,426,334,443,446,67,168,64,166,66,149,146,78,178,180,150,147,75,173,65,174,313,311,312,325,433,437,441,447,225,422,419,308,341,305,358,324,317,330,335,429,532,468,428,519,469,394,518,391,529,85,148,145,223,314,315,380,436,329,333,134,144,81,213,80,189,356,327,256,494,336,231,232,348,452,87,238,239,236,237,89,241,142,243,309,140,246,306,248,249,86,143,310,257,141,307,228,253,320,323,337,338,487,489,524,453,490,534,347,423,346,416,355,349,301,293,339,298,290,302,354,94,284,285,282,283,96,287,121,289,278,119,292,275,294,295,93,122,277,303,120,274,279,299,340,194,247,255,192,244,252,182,183,181,214,215,157,197,406,533,258,402,535,259,196,184,471,227,475,218,198,448,449,219,162,199,230,260,261,276,304,193,374,344,343,424,270,268,233,273,463,496,464,497,280,272,226,541,195,545,387,549,421,418,396,539,508,503,401,492,455,159,430,520,342,459,442,517,400,485,216,552,551,417,420,504,537,360,502,477,482,208,507,473,206,536,364,404,156,408,378,368,321,470,397,481,318,474,399,478,509,483,515,523,527,514,271,383,363,191,384,362,190,269,345,548,161,538,203,200,372,444,445,185,438,439,217,186,434,435,160,187,376,163,431,432,164,188,331,332,488,486,234,265,550,370,499,512,553,375,528,501,543,350,352,547,498,530,202,205,403,326,526,393,407,328,522,389,409,505,510,405,390,411,513,379,451,262,450,263,266,516,369,525,229,521,351,353,466,456,542,461,388,367,385,479,544,392,366,410,480,546,457,484,415,412,491,377,207,204,373,495,476,413,264,493,472,414,460,209,467,540,201,319,267,322,395,386,427,365,531,357,500,462,506,359,511,465,425,361,454,382,381,458
STAB 2 1 1 9,1,3,6,16,7,4,5,2,14,23,20,19,15,10,8,25,17,22,24,11,13,21,12,18,57,56,39,26,44,38,55,60,79,102,100,27,84,54,107,32,33,34,83,61,126,124,132,135,112,104,130,92,28,41,37,29,62,133,42,125,155,158,168,180,174,166,131,67,149,150,64,59,129,175,167,165,170,43,225,220,134,30,31,189,239,237,148,248,211,47,123,285,283,46,294,128,109,40,108,35,101,98,110,49,137,99,36,103,51,106,136,52,48,68,97,74,63,287,231,279,302,53,91,45,95,224,116,117,113,115,114,73,223,105,50,111,77,76,241,232,228,256,90,81,75,78,213,173,178,127,177,222,172,58,441,443,118,442,438,447,371,372,444,138,69,139,72,152,147,65,179,70,176,146,66,169,71,154,171,446,426,181,440,431,432,439,445,221,161,313,304,354,280,340,398,184,449,448,434,466,498,435,467,530,156,332,325,331,153,144,80,88,334,157,430,376,162,316,145,85,210,82,151,212,336,452,245,451,344,288,242,494,488,250,89,249,86,238,235,251,141,252,307,142,244,309,236,87,240,140,306,247,143,310,254,255,348,227,374,424,450,525,493,486,521,495,233,342,327,345,356,226,292,289,343,303,299,291,358,296,96,295,93,284,281,297,120,298,274,121,290,278,282,94,286,119,275,293,122,277,300,301,341,193,243,246,195,253,257,186,188,437,217,159,436,187,523,413,265,478,476,229,203,428,522,453,409,163,204,519,469,216,380,205,273,266,267,272,308,192,534,355,349,490,262,234,487,230,512,457,550,546,305,276,339,511,194,454,420,427,538,384,537,386,484,410,509,513,528,218,329,460,524,543,314,540,483,411,214,531,462,362,548,366,425,421,480,510,369,200,415,407,160,361,549,474,429,514,492,508,471,389,477,326,535,505,502,526,491,516,388,472,322,479,264,364,396,185,536,539,164,263,489,365,433,395,208,196,333,419,311,182,391,324,219,191,394,317,197,206,315,215,422,312,183,190,532,468,346,323,259,270,500,517,377,542,357,552,544,353,506,497,541,381,518,330,198,207,399,533,319,408,515,406,414,507,527,392,412,318,368,504,385,401,320,258,347,261,271,367,503,416,268,338,464,545,529,375,359,352,473,400,378,393,382,404,485,482,403,458,553,390,470,397,379,551,201,209,459,337,405,481,260,423,328,321,547,202,335,465,199,402,269,475,360,417,383,387,456,496,351,499,373,463,461,370,363,418,501,455,520,350
STAB 2 1 -1 9,2,3,4,8,7,6,5,1,10,13,12,11,15,14,16,25,18,21,24,19,23,22,20,17,39,41,57,54,84,83,37,42,43,35,40,32,44,26,36,27,33,34,38,46,45,53,52,51,50,49,48,47,29,56,55,28,59,58,60,95,73,74,69,70,71,72,97,64,65,66,67,62,63,78,77,76,75,79,88,90,85,31,30,82,86,89,80,87,81,92,91,93,96,61,94,68,103,100,99,102,101,98,105,104,137,108,107,109,135,111,136,132,130,128,131,158,129,288,297,291,300,124,123,126,125,222,115,118,114,116,113,155,221,110,112,106,167,165,242,251,245,254,220,211,170,175,212,171,176,210,179,224,169,133,325,334,117,333,324,313,316,314,311,139,168,138,166,154,146,149,177,180,178,147,150,172,174,152,173,426,446,433,398,312,422,391,419,223,437,447,305,341,308,358,440,429,532,468,317,330,335,394,518,529,428,519,441,469,151,145,148,225,443,380,315,329,436,371,144,134,127,189,153,213,356,348,228,346,355,287,241,327,320,240,237,236,239,238,235,232,140,246,306,142,243,309,249,248,250,141,307,253,143,310,256,257,452,487,489,524,323,337,338,347,423,416,453,490,494,534,336,339,298,290,349,301,293,279,340,286,283,282,285,284,281,231,119,292,275,121,289,278,295,294,296,120,274,299,122,277,302,303,354,192,244,252,194,247,255,164,185,161,163,216,162,200,321,322,234,318,319,262,160,156,328,233,326,217,201,332,331,159,157,202,272,263,264,273,280,193,345,344,343,342,229,265,227,276,352,353,350,351,304,230,226,359,195,357,364,365,363,362,360,361,367,366,378,379,375,219,376,377,424,370,372,373,368,369,215,382,381,384,383,410,395,396,392,393,411,187,388,389,203,386,387,399,184,397,401,400,406,407,408,409,402,403,404,405,385,390,415,414,413,412,267,420,421,188,417,418,186,266,374,427,181,425,206,197,442,445,444,183,439,438,218,190,435,434,196,208,430,214,432,431,182,191,449,448,451,450,258,268,458,459,460,461,454,455,456,457,465,464,463,462,467,466,199,209,474,475,476,477,470,471,472,473,481,480,479,478,483,482,491,492,488,259,486,260,269,484,485,495,270,493,497,496,530,528,511,512,507,508,509,510,531,502,503,504,505,500,501,516,515,514,513,520,204,207,517,525,526,527,261,521,522,523,499,205,498,506,198,535,271,533,537,536,548,549,544,545,546,547,540,541,542,543,538,539,553,552,551,550
BOUND 2 1 1 1,2,3,4,5,6,7,8,9,10,11,12,13,14,15,16,17,18,19,20,21,22,23,24,25,26,27,28,29,30,31,32,33,34,35,36,37,38,39,40,41,42,43,44,45,46,47,48,49,50,51,52,53,54,55,56,57,58,59,60,61,62,63,64,65,66,67,68,69,70,71,72,73,74,75,76,77,78,79,80,81,82,83,84,85,86,87,88,89,90,91,92,93,94,95,96,97,98,99,100,101,102,103,104,105,106,107,108,109,110,111,112,113,114,115,116,117,118,119,120,121,122,123,124,125,126,127,128,129,130,131,132,133,134,135,136,137,138,139,140,141,142,143,144,145,146,147,148,149,150,151,152,153,154,155,156,157,158,159,160,161,162,163,164,165,166,167,168,169,170,171,172,173,174,175,176,177,178,179,180,181,182,183,184,185,186,187,188,189,190,191,192,193,194,195,196,197,198,199,200,201,202,203,204,205,206,207,208,209,210,211,212,213,214,215,216,217,218,219,220,221,222,223,224,225,226,227,228,229,230,231,232,233,234,235,236,237,238,239,240,241,242,243,244,245,246,247,248,249,250,251,252,253,254,255,256,257,258,259,260,261,262,263,264,265,266,267,268,269,270,271,272,273,274,275,276,277,278,279,280,281,282,283,284,285,286,287,288,289,290,291,292,293,294,295,296,297,298,299,300,301,302,303,304,305,306,307,308,309,310,311,312,313,314,315,316,317,318,319,320,321,322,323,324,325,326,327,328,329,330,331,332,333,334,335,336,337,338,339,340,341,342,343,344,345,346,347,348,349,350,351,352,353,354,355,356,357,358,359,360,361,362,363,364,365,366,367,368,369,370,371,372,373,374,375,376,377,378,379,380,381,382,383,384,385,386,387,388,389,390,391,392,393,394,395,396,397,398,399,400,401,402,403,404,405,406,407,408,409,410,411,412,413,414,415,416,417,418,419,420,421,422,423,424,425,426,427,428,429,430,431,432,433,434,435,436,437,438,439,440,441,442,443,444,445,446,447,448,449,450,451,452,453,454,455,456,457,458,459,460,461,462,463,464,465,466,467,468,469,470,471,472,473,474,475,476,477,478,479,480,481,482,483,484,485,486,487,488,489,490,491,492,493,494,495,496,497,498,499,500,501,502,503,504,505,506,507,508,509,510,511,512,513,514,515,516,517,518,519,520,521,522,523,524,525,526,527,528,529,530,531,532,533,534,535,536,537,538,539,540,541,542,543,544,545,546,547,548,549,550,551,552,553
BOUND 2 1 -1 2,1,7,4,5,6,3,10,9,8,12,11,13,16,15,14,21,22,20,19,17,18,23,25,24,37,32,29,28,30,31,27,34,33,36,35,26,42,41,40,39,38,44,43,48,47,46,45,50,49,51,53,52,55,54,57,56,63,62,83,92,59,58,67,66,65,64,91,77,78,75,76,74,73,71,72,69,70,84,85,82,81,60,79,80,87,86,90,89,88,68,61,94,93,97,96,95,101,109,100,98,107,108,112,106,105,102,103,99,111,110,104,115,116,113,114,118,117,119,120,122,121,128,132,131,130,212,123,133,126,125,124,129,148,135,137,136,139,138,140,141,143,142,151,153,152,154,134,150,149,144,146,145,147,158,317,329,155,217,200,312,315,216,185,166,165,168,167,173,174,172,171,169,170,180,177,176,179,178,175,422,190,191,394,164,188,203,186,211,182,183,195,194,193,192,206,208,207,209,160,202,201,187,205,204,196,198,197,199,213,189,127,210,218,219,163,159,214,215,225,222,221,224,223,220,349,347,251,265,276,291,245,323,262,238,250,237,235,248,249,254,256,255,257,232,247,246,239,240,236,228,253,252,241,243,242,244,268,270,269,271,234,264,263,229,267,266,258,260,259,261,273,272,274,275,230,278,277,297,308,284,296,283,281,294,295,300,302,301,303,231,293,292,285,286,282,279,299,298,287,289,288,290,305,304,306,307,280,310,309,313,161,311,316,162,314,156,319,318,327,328,326,233,325,324,322,320,321,157,331,330,335,334,333,332,344,345,342,343,341,340,338,339,336,337,348,227,346,226,351,350,359,357,358,356,355,353,354,352,363,362,361,360,365,364,369,368,367,366,373,372,371,370,416,382,380,381,379,378,376,377,375,387,386,401,384,383,389,388,400,398,399,397,184,396,395,393,391,392,390,385,405,404,403,402,414,415,412,413,411,410,408,409,406,407,374,418,417,426,427,425,181,424,423,421,419,420,434,435,436,437,433,432,428,429,430,431,441,440,439,438,443,442,447,446,445,444,518,529,453,452,451,450,457,456,455,454,464,465,462,463,460,461,458,459,469,468,467,466,473,472,471,470,480,481,478,479,476,477,474,475,485,484,483,482,487,486,494,495,493,492,491,490,488,489,501,500,519,520,497,496,505,504,503,502,517,515,516,513,514,512,511,509,510,507,508,506,448,498,499,524,523,522,521,534,535,533,531,449,532,528,530,527,525,526,539,538,537,536,543,542,541,540,552,553,550,551,549,548,546,547,544,545
BOUND 2 1 -1 9,2,3,4,8,7,6,5,1,10,13,12,11,15,14,16,25,18,21,24,19,23,22,20,17,39,41,57,54,84,83,37,42,43,35,40,32,44,26,36,27,33,34,38,46,45,53,52,51,50,49,48,47,29,56,55,28,59,58,60,95,73,74,69,70,71,72,97,64,65,66,67,62,63,78,77,76,75,79,88,90,85,31,30,82,86,89,80,87,81,92,91,93,96,61,94,68,103,100,99,102,101,98,105,104,137,108,107,109,135,111,136,132,130,128,131,158,129,288,297,291,300,124,123,126,125,222,115,118,114,116,113,155,221,110,112,106,167,165,242,251,245,254,220,211,170,175,212,171,176,210,179,224,169,133,325,334,117,333,324,313,316,314,311,139,168,138,166,154,146,149,177,180,178,147,150,172,174,152,173,426,446,433,398,312,422,391,419,223,437,447,305,341,308,358,440,429,532,468,317,330,335,394,518,529,428,519,441,469,151,145,148,225,443,380,315,329,436,371,144,134,127,189,153,213,356,348,228,346,355,287,241,327,320,240,237,236,239,238,235,232,140,246,306,142,243,309,249,248,250,141,307,253,143,310,256,257,452,487,489,524,323,337,338,347,423,416,453,490,494,534,336,339,298,290,349,301,293,279,340,286,283,282,285,284,281,231,119,292,275,121,289,278,295,294,296,120,274,299,122,277,302,303,354,192,244,252,194,247,255,164,185,161,163,216,162,200,321,322,234,318,319,262,160,156,328,233,326,217,201,332,331,159,157,202,272,263,264,273,280,193,345,344,343,342,229,265,227,276,352,353,350,351,304,230,226,359,195,357,364,365,363,362,360,361,367,366,378,379,375,219,376,377,424,370,372,373,368,369,215,382,381,384,383,410,395,396,392,393,411,187,388,389,203,386,387,399,184,397,401,400,406,407,408,409,402,403,404,405,385,390,415,414,413,412,267,420,421,188,417,418,186,266,374,427,181,425,206,197,442,445,444,183,439,438,218,190,435,434,196,208,430,214,432,431,182,191,449,448,451,450,258,268,458,459,460,461,454,455,456,457,465,464,463,462,467,466,199,209,474,475,476,477,470,471,472,473,481,480,479,478,483,482,491,492,488,259,486,260,269,484,485,495,270,493,497,496,530,528,511,512,507,508,509,510,531,502,503,504,505,500,501,516,515,514,513,520,204,207,517,525,526,527,261,521,522,523,499,205,498,506,198,535,271,533,537,536,548,549,544,545,546,547,540,541,542,543,538,539,553,552,551,550
CELL 2 2 12
STAB 2 2 1 3,4,6,9,2,1,7,17,10,11,5,15,26,25,16,13,20,23,14,8,22,24,39,44,38,27,12,60,79,56,55,18,21,19,31,34,28,36,48,63,68,103,106,49,116,29,32,47,33,30,76,81,127,57,41,52,97,113,109,40,37,35,61,50,114,92,111,62,181,154,184,153,157,162,156,80,161,66,51,46,64,138,98,137,115,141,143,227,226,233,117,54,120,122,177,193,78,231,136,74,287,43,112,84,99,102,83,110,135,101,100,42,125,123,124,126,279,302,155,133,108,107,73,90,75,53,134,158,132,131,172,222,95,45,77,241,232,228,256,168,166,105,104,173,178,223,213,128,91,130,174,225,180,189,316,159,160,334,58,65,163,164,59,67,224,88,426,313,448,398,449,331,332,325,169,304,280,340,354,71,187,431,444,188,139,165,70,72,69,432,445,170,149,146,171,466,498,438,434,152,147,150,179,176,175,530,439,467,435,220,167,144,221,430,372,118,129,376,442,348,374,345,342,424,327,229,230,89,82,86,94,87,234,85,289,310,356,292,254,255,244,309,242,142,240,236,239,251,252,307,235,238,237,247,245,306,140,525,493,488,450,151,145,148,210,212,211,495,451,521,486,303,299,344,343,250,249,248,96,93,246,277,341,243,300,301,290,278,288,121,286,282,285,297,298,274,281,284,283,293,291,275,119,253,257,358,195,296,295,294,539,214,361,453,182,347,219,218,217,527,261,455,258,551,381,375,413,264,196,199,202,369,471,328,485,519,535,483,494,387,364,390,346,518,319,216,272,215,270,271,267,404,203,396,207,204,206,360,399,185,305,308,183,529,469,269,198,201,266,200,268,265,197,368,540,324,318,457,501,440,402,506,509,192,263,194,385,497,351,386,463,190,479,191,515,415,510,352,186,536,260,262,417,384,259,513,496,458,459,423,490,550,370,491,353,400,548,427,473,209,514,208,541,359,412,389,205,371,447,311,314,391,441,333,419,446,443,382,350,464,552,326,475,365,393,477,549,418,276,320,380,315,452,394,526,476,428,503,511,406,407,321,470,366,542,335,421,363,468,392,484,516,502,437,465,436,553,329,454,422,543,405,532,330,478,355,336,414,401,482,489,337,411,523,378,460,508,379,373,367,499,420,409,481,383,500,388,395,512,505,408,397,461,480,507,537,546,362,492,517,357,524,338,545,322,323,462,531,273,349,544,339,547,533,487,425,433,312,538,317,403,474,429,522,528,534,520,410,504,416,377,472,456
STAB 2 2 1 3,11,6,5,10,1,7,17,2,4,9,26,15,34,27,12,20,47,36,8,49,33,32,21,19,16,13,61,80,64,62,48,44,38,68,25,63,14,18,28,31,103,106,22,127,76,39,23,24,81,29,30,116,66,35,50,92,156,161,37,40,41,60,52,157,97,162,55,154,181,153,184,114,111,113,79,109,57,46,51,56,226,122,143,233,227,137,141,138,115,193,78,177,98,120,117,54,107,142,67,108,43,112,87,244,102,94,290,163,121,164,42,159,160,234,134,149,346,272,280,287,231,65,85,58,45,126,264,319,202,150,217,93,53,59,105,104,229,360,305,230,241,232,266,385,386,368,328,96,331,402,370,188,187,303,125,123,148,75,73,135,100,77,74,399,86,267,257,205,384,307,130,212,262,427,356,133,263,353,72,189,452,468,180,358,359,69,71,70,470,454,404,279,390,250,478,499,500,484,413,374,172,415,237,418,521,486,480,502,372,351,369,201,538,220,343,345,377,540,265,147,129,194,186,200,228,166,82,89,88,83,84,124,90,248,281,304,249,254,255,99,284,298,136,240,297,239,288,282,449,278,277,176,247,245,185,361,526,482,489,462,381,387,334,215,332,389,428,464,530,439,316,364,308,118,171,292,289,91,95,294,238,273,295,300,301,110,235,251,101,286,252,285,236,242,362,310,309,529,293,291,216,347,204,313,139,276,518,243,246,214,539,140,182,453,119,375,551,222,261,527,258,455,218,151,219,152,158,485,471,131,144,199,128,196,535,519,494,483,145,299,146,302,296,132,275,155,210,206,207,426,170,396,203,271,253,270,256,224,306,168,344,469,283,183,440,506,221,173,327,457,348,501,213,442,318,324,268,197,269,174,198,510,352,340,342,178,515,167,223,190,463,191,479,497,179,509,192,424,550,491,325,423,398,490,496,513,459,458,417,259,536,225,260,354,412,541,169,209,473,208,514,548,165,400,211,448,378,481,312,315,392,516,330,420,456,542,367,355,451,537,317,474,363,394,476,543,175,195,321,366,314,431,393,525,477,495,511,503,407,406,320,432,380,443,329,422,365,444,391,434,441,435,465,437,553,436,335,445,421,549,411,523,333,466,350,337,401,414,493,488,336,405,532,371,461,507,373,379,382,498,419,408,447,397,438,395,388,505,512,409,383,460,467,508,552,547,274,487,533,349,531,339,544,323,322,450,524,341,357,545,338,546,517,492,416,472,311,430,326,410,475,504,528,522,520,534,403,429,425,376,433,446
STAB 2 2 -1 3,10,1,9,11,6,7,17,4,2,5,26,15,25,13,16,8,39,38,20,44,24,23,22,14,12,27,41,52,51,40,48,49,36,63,34,68,19,18,31,28,106,103,21,127,81,47,32,33,76,30,29,116,97,60,79,57,157,162,55,62,61,35,80,156,66,161,37,153,184,154,181,113,109,114,50,111,92,56,64,46,227,98,137,233,226,143,138,141,115,177,78,193,122,117,120,54,83,136,135,110,112,43,232,241,42,231,287,74,101,77,102,73,75,90,53,95,316,275,96,290,94,125,124,123,126,45,222,334,172,131,158,279,134,100,99,84,88,313,306,89,244,87,221,342,340,332,345,280,331,327,325,69,71,302,65,58,132,160,159,67,59,164,163,426,228,224,256,169,354,304,130,213,225,448,449,91,223,398,189,72,314,365,70,361,389,188,187,180,393,391,396,93,387,253,333,382,379,335,381,369,202,352,276,418,350,349,419,421,348,424,374,173,311,265,347,328,326,324,220,144,128,178,167,174,86,82,166,230,229,107,104,85,234,251,310,307,252,255,254,105,309,295,142,247,294,245,289,292,356,235,238,195,240,239,168,358,320,414,411,322,413,390,319,215,368,359,380,378,355,357,346,518,283,119,204,282,288,133,149,297,277,274,298,301,300,108,278,248,121,293,249,291,246,243,341,281,284,344,286,285,155,343,171,360,140,237,364,242,236,214,539,139,182,453,118,551,375,264,258,455,261,527,219,152,218,151,217,471,485,150,147,196,129,199,494,483,535,519,146,296,145,303,299,148,272,216,210,207,206,399,203,404,170,270,250,271,257,267,305,185,529,469,308,183,457,501,266,201,402,440,372,506,212,318,442,540,269,198,268,200,197,515,415,386,385,194,510,186,263,191,479,190,463,509,192,497,179,351,423,490,370,550,353,491,459,458,496,513,536,260,417,262,259,384,541,412,205,208,514,209,473,400,211,548,165,427,464,552,430,431,445,549,466,467,475,477,498,530,371,447,376,446,444,432,443,441,175,176,525,495,452,315,470,321,542,366,407,406,511,503,526,394,428,476,434,435,468,363,454,329,543,422,553,436,465,437,484,392,502,516,489,337,478,330,521,523,493,482,401,405,532,488,336,451,408,397,438,500,499,367,480,461,537,507,373,505,512,395,388,460,508,409,420,383,481,531,273,339,544,486,547,487,533,450,462,323,546,362,439,517,492,524,545,338,410,504,538,312,377,416,456,472,520,534,528,522,425,433,403,317,429,474
STAB 2 2 -1 3,2,1,5,4,6,7,17,11,10,9,15,26,34,12,27,8,32,19,20,21,33,47,49,36,13,16,35,50,46,37,18,22,14,28,25,31,38,48,68,63,106,103,44,116,30,23,39,24,29,81,76,127,92,61,80,66,114,111,62,55,60,41,79,113,57,109,40,184,153,181,154,156,161,157,52,162,97,64,56,51,141,122,143,115,138,137,226,227,233,120,54,117,98,193,177,78,94,142,163,290,112,43,104,105,42,107,108,67,121,59,102,65,58,85,45,93,303,216,91,110,83,159,234,160,134,53,217,148,150,202,264,149,126,164,244,87,86,257,185,82,99,84,201,194,263,212,129,133,130,200,262,70,72,346,73,75,319,123,125,74,77,100,135,267,229,399,360,427,353,356,331,368,370,205,307,96,386,384,187,71,315,363,69,140,211,180,189,188,394,392,203,95,145,204,330,367,373,329,151,144,131,192,195,175,355,357,420,422,265,186,147,266,312,348,119,128,317,318,372,369,328,385,351,402,88,89,230,166,228,231,232,90,124,288,281,449,282,255,254,241,284,243,136,247,246,245,248,249,304,278,277,276,240,239,305,139,321,401,405,323,152,146,132,210,213,165,366,371,350,349,302,296,529,347,253,252,251,280,279,236,238,362,242,301,300,287,235,289,101,293,292,291,294,295,273,310,309,308,286,285,272,118,250,256,361,176,299,298,297,539,214,358,453,182,343,218,219,158,455,258,527,261,375,413,551,381,222,199,196,172,374,485,345,471,483,494,519,535,390,518,387,316,364,334,155,275,215,271,270,224,396,170,404,206,171,207,313,426,168,306,283,183,344,469,268,197,173,221,174,269,220,198,332,324,540,442,440,506,457,327,501,497,179,223,178,342,509,424,340,479,191,463,190,510,352,515,415,167,417,259,225,536,354,260,458,459,513,496,550,491,423,325,490,398,548,400,448,514,208,473,209,412,389,541,359,169,451,537,538,452,454,543,478,480,474,476,499,521,378,481,377,456,468,470,542,516,418,237,526,428,431,314,432,320,443,380,406,407,503,511,525,393,495,477,484,502,444,365,445,335,549,421,436,553,437,465,434,391,435,441,488,336,466,333,530,532,482,493,414,411,523,489,337,464,409,383,500,438,498,382,467,460,552,508,379,512,505,388,395,461,507,408,419,397,447,524,341,338,545,439,546,492,517,462,450,322,547,274,486,533,487,531,544,339,403,429,430,311,376,425,446,433,534,520,522,528,416,472,410,326,504,475
STAB 2 2 -1 1,5,6,11,2,3,7,8,10,9,4,12,13,36,27,26,20,47,34,17,33,49,48,44,38,16,15,62,64,80,61,32,21,19,37,14,35,25,39,41,40,43,42,24,45,50,18,23,22,46,52,51,53,66,63,76,78,65,67,68,31,28,55,29,58,54,59,60,71,72,69,70,75,77,73,56,74,57,81,30,79,86,94,87,85,82,84,89,88,90,93,92,91,83,96,95,97,231,244,161,287,103,102,143,142,112,122,121,164,290,163,106,160,159,234,134,280,272,346,149,108,107,156,233,157,127,126,319,264,202,331,328,193,116,162,241,232,230,305,360,229,105,104,368,386,385,266,217,120,150,370,402,187,188,343,123,125,345,114,113,100,135,111,109,351,226,359,358,418,415,237,172,374,413,427,250,279,390,404,181,180,452,468,189,257,267,153,154,184,454,470,353,133,263,356,484,500,499,478,262,212,130,384,307,205,486,521,502,480,372,399,201,369,538,220,303,148,540,377,215,332,334,387,389,381,166,228,227,141,138,98,137,124,115,289,297,171,292,240,239,136,298,284,99,254,281,255,278,277,176,288,282,449,245,247,361,185,462,489,482,526,200,194,129,265,147,186,464,428,439,530,118,308,364,316,304,249,248,177,117,246,252,518,243,286,285,101,251,235,110,300,238,301,310,309,529,236,242,362,291,293,347,216,276,139,313,204,273,295,294,311,312,306,314,315,275,318,317,128,322,323,320,321,326,327,324,325,132,330,329,131,221,335,222,333,338,339,336,337,342,344,340,155,341,158,119,302,348,350,349,165,354,192,352,357,195,355,168,167,140,256,299,363,274,365,371,373,144,213,151,366,210,367,173,376,375,219,380,382,378,225,379,388,203,146,145,223,383,224,178,393,394,391,392,397,398,395,396,211,403,405,152,400,179,401,408,409,406,407,412,414,410,174,411,170,417,416,169,421,422,419,420,425,426,423,424,175,269,516,539,453,479,481,485,514,542,456,501,270,495,504,551,553,469,463,465,472,448,253,455,457,182,431,190,450,437,451,460,461,458,459,258,445,268,446,471,473,183,444,191,466,447,467,476,477,474,475,199,432,209,433,260,487,196,434,206,483,490,259,488,493,494,491,492,440,503,505,506,198,197,438,208,496,441,497,498,509,510,507,508,513,515,511,435,512,429,522,283,523,524,207,517,519,520,527,261,525,533,296,271,534,535,528,531,532,541,543,214,430,218,536,436,537,546,547,544,545,550,552,548,442,549,443
STAB 2 2 -1 1,9,6,4,10,3,7,8,2,5,11,13,12,14,16,15,20,23,25,17,24,22,18,21,19,27,26,55,56,79,60,39,44,38,40,36,41,34,32,35,37,43,42,33,53,52,48,47,49,51,50,46,45,57,28,29,54,73,74,31,68,63,62,76,75,78,77,61,72,71,70,69,58,59,65,64,67,66,30,81,80,88,83,84,90,89,87,82,86,85,95,97,96,94,91,93,92,107,99,109,108,103,102,137,136,112,98,101,100,110,135,106,123,125,124,126,133,155,302,279,287,231,113,115,114,116,134,132,158,131,130,128,117,127,111,105,104,166,168,256,228,241,232,213,223,178,173,222,177,172,225,174,189,180,118,160,159,129,157,156,164,163,162,161,167,138,165,139,175,179,176,150,147,152,169,171,149,146,170,154,188,431,444,187,313,426,184,181,153,445,432,354,280,340,304,434,438,498,466,325,332,331,398,449,448,439,530,435,467,220,224,221,144,430,372,316,334,442,376,210,212,148,145,211,151,230,229,141,227,226,122,143,234,233,248,236,250,249,240,239,142,242,309,244,254,310,255,235,238,237,251,252,307,245,247,140,306,450,488,493,525,327,342,345,348,374,424,451,495,486,521,343,344,299,303,356,292,289,120,193,294,282,296,295,286,285,121,288,278,290,300,277,301,281,284,283,297,298,274,291,293,119,275,195,358,257,253,341,243,246,312,311,185,315,314,216,324,326,328,323,322,321,320,317,200,318,262,319,333,335,202,201,329,217,330,339,338,337,336,194,308,263,272,273,264,347,346,265,355,357,359,353,352,192,349,276,350,305,351,361,360,364,365,362,363,378,379,369,368,381,380,215,382,266,377,219,375,366,367,371,370,373,395,396,390,387,386,397,399,385,394,393,392,391,383,384,388,203,389,410,411,413,412,415,414,409,408,407,406,400,401,403,402,405,404,423,425,427,422,421,420,419,416,267,417,186,418,440,441,214,182,191,447,196,208,443,446,197,206,428,429,218,436,183,190,437,433,205,204,258,268,453,452,463,462,465,464,461,460,459,458,455,454,457,456,199,209,469,468,479,478,481,480,477,476,475,474,471,470,473,472,491,492,485,484,270,494,259,490,489,482,483,260,487,269,511,512,198,506,501,500,514,513,516,515,499,510,509,508,507,496,497,503,502,505,504,528,529,532,531,271,533,535,534,261,527,526,517,518,207,520,519,522,524,523,548,549,539,538,551,550,553,552,547,546,545,544,536,537,541,540,543,542
STAB 2 2 1 1,10,3,11,9,6,7,8,5,2,4,13,12,36,26,27,17,48,38,20,44,49,47,33,34,15,16,63,76,81,68,39,24,25,41,14,40,19,32,37,35,42,43,21,53,51,23,18,22,52,46,50,45,78,62,64,66,75,77,61,60,55,28,56,73,57,74,31,70,69,72,71,65,67,58,29,59,54,80,79,30,89,94,87,90,88,84,86,82,85,96,97,95,83,93,91,92,122,244,164,121,102,103,232,241,106,231,287,161,290,162,112,156,157,233,127,193,343,347,177,101,98,160,234,159,134,116,328,345,331,202,319,280,126,163,142,143,226,358,361,227,136,137,369,387,390,374,334,279,172,381,413,184,181,272,113,114,264,125,123,109,111,135,100,359,230,351,305,427,404,250,150,266,402,418,237,120,385,415,188,154,453,469,153,306,424,189,180,187,463,479,352,117,342,276,485,501,506,471,327,221,131,396,253,448,270,271,514,473,215,389,332,368,539,210,275,222,551,375,372,201,217,386,399,370,138,141,229,228,166,107,104,115,124,278,297,176,277,239,240,105,298,295,99,245,294,247,289,292,171,288,282,204,254,255,360,313,455,490,491,527,325,340,158,348,173,426,457,440,206,207,155,341,362,216,195,238,235,149,133,310,252,529,309,285,286,108,251,248,110,291,249,293,246,243,518,236,242,364,300,301,346,316,356,168,185,449,344,284,281,312,311,257,315,314,303,326,324,132,321,320,323,322,318,262,317,200,128,335,333,130,212,330,148,329,337,336,339,338,263,273,194,118,308,129,302,119,265,357,355,167,192,354,353,350,304,349,139,165,256,140,274,365,299,363,380,382,213,144,225,378,220,379,147,219,377,376,371,373,366,151,367,397,398,178,223,145,395,211,146,392,391,394,393,388,203,383,384,224,412,414,174,410,170,411,407,406,409,408,403,405,400,152,401,179,425,423,175,420,419,422,421,417,186,416,267,169,495,504,538,452,470,472,484,502,553,465,500,486,269,516,540,542,468,454,456,481,205,307,462,464,431,182,445,258,446,268,459,458,461,460,450,190,451,437,478,480,444,183,432,199,433,209,475,474,477,476,466,191,467,447,493,494,434,196,439,492,489,488,259,260,487,482,483,428,513,515,499,498,438,197,435,511,429,512,198,508,507,510,509,503,505,496,208,497,441,533,296,535,534,530,528,532,531,526,525,261,522,283,521,524,523,517,520,519,550,552,430,214,442,548,443,549,545,544,547,546,541,543,536,218,537,436
STAB 2 2 1 1,2,3,4,5,6,7,8,9,10,11,12,13,14,15,16,17,18,19,20,21,22,23,24,25,26,27,28,29,30,31,32,33,34,35,36,37,38,39,40,41,42,43,44,45,46,47,48,49,50,51,52,53,54,55,56,57,58,59,60,61,62,63,64,65,66,67,68,69,70,71,72,73,74,75,76,77,78,79,80,81,82,83,84,85,86,87,88,89,90,91,92,93,94,95,96,97,98,99,100,101,102,103,104,105,106,107,108,109,110,111,112,113,114,115,116,117,118,119,120,121,122,123,124,125,126,127,128,129,130,131,132,133,134,135,136,137,138,139,140,141,142,143,144,145,146,147,148,149,150,151,152,153,154,155,156,157,158,159,160,161,162,163,164,165,166,167,168,169,170,171,172,173,174,175,176,177,178,179,180,181,182,183,184,185,186,187,188,189,190,191,192,193,194,195,196,197,198,199,200,201,202,203,204,205,206,207,208,209,210,211,212,213,214,215,216,217,218,219,220,221,222,223,224,225,226,227,228,229,230,231,232,233,234,235,236,237,238,239,240,241,242,243,244,245,246,247,248,249,250,251,252,253,254,255,256,257,258,259,260,261,262,263,264,265,266,267,268,269,270,271,272,273,274,275,276,277,278,279,280,281,282,283,284,285,286,287,288,289,290,291,292,293,294,295,296,297,298,299,300,301,302,303,304,305,306,307,308,309,310,311,312,313,314,315,316,317,318,319,320,321,322,323,324,325,326,327,328,329,330,331,332,333,334,335,336,337,338,339,340,341,342,343,344,345,346,347,348,349,350,351,352,353,354,355,356,357,358,359,360,361,362,363,364,365,366,367,368,369,370,371,372,373,374,375,376,377,378,379,380,381,382,383,384,385,386,387,388,389,390,391,392,393,394,395,396,397,398,399,400,401,402,403,404,405,406,407,408,409,410,411,412,413,414,415,416,417,418,419,420,421,422,423,424,425,426,427,428,429,430,431,432,433,434,435,436,437,438,439,440,441,442,443,444,445,446,447,448,449,450,451,452,453,454,455,456,457,458,459,460,461,462,463,464,465,466,467,468,469,470,471,472,473,474,475,476,477,478,479,480,481,482,483,484,485,486,487,488,489,490,491,492,493,494,495,496,497,498,499,500,501,502,503,504,505,506,507,508,509,510,511,512,513,514,515,516,517,518,519,520,521,522,523,524,525,526,527,528,529,530,531,532,533,534,535,536,537,538,539,540,541,542,543,544,545,546,547,548,549,550,551,552,553
STAB 2 2 1 6,9,1,10,4,3,7,20,11,5,2,16,27,38,13,26,8,39,25,17,24,44,48,49,36,12,15,40,51,52,41,23,22,14,55,19,60,34,47,61,62,112,102,33,126,79,18,32,21,56,80,64,134,97,68,81,78,125,135,63,28,31,37,30,123,54,100,35,187,189,188,180,160,164,159,46,163,92,76,29,50,228,231,232,124,166,104,230,229,234,279,57,133,107,280,149,66,94,241,162,290,106,42,137,136,43,98,101,77,287,74,103,75,73,90,53,96,275,316,95,110,83,157,233,156,127,45,334,222,172,331,345,177,116,161,244,87,89,306,313,88,99,84,332,340,342,221,158,117,131,325,327,71,69,347,58,65,328,113,114,59,67,109,111,424,227,389,361,418,352,276,202,369,381,448,253,93,387,396,184,70,314,365,72,256,224,154,153,181,391,393,398,91,223,449,335,379,382,333,225,213,130,354,304,169,349,350,421,419,348,426,173,374,311,265,302,132,324,326,215,368,319,390,359,413,82,86,226,138,141,122,143,85,115,288,294,204,282,247,245,142,295,309,105,255,310,254,235,238,195,289,292,356,239,240,358,168,322,411,414,320,174,178,128,220,144,167,378,380,357,355,119,283,518,346,307,252,251,193,120,236,249,364,242,293,291,121,248,278,108,301,277,300,281,284,344,246,243,341,285,286,343,155,237,140,360,171,274,298,297,538,430,305,452,431,272,442,376,129,462,450,526,525,377,402,540,370,148,466,434,150,266,484,264,478,492,487,532,523,385,529,386,216,362,217,118,303,372,521,486,211,384,179,415,439,176,530,185,186,139,257,296,444,273,468,451,438,147,212,152,495,210,498,201,317,551,218,428,499,464,262,500,512,170,145,146,263,508,267,194,470,432,454,445,507,353,505,404,165,425,488,151,548,192,493,461,460,503,511,541,482,416,200,489,203,536,410,205,502,435,480,467,403,399,550,351,175,268,549,539,453,463,552,471,473,477,475,506,271,366,472,375,465,469,479,553,504,427,250,527,440,182,315,191,323,436,371,409,408,513,496,261,392,269,474,485,514,183,363,190,330,537,420,443,542,446,456,196,394,208,429,259,339,199,329,207,519,491,260,405,401,535,490,338,457,406,395,501,197,198,373,209,459,543,509,367,497,515,397,383,458,510,407,422,388,433,534,308,337,546,206,545,483,528,455,258,321,544,299,270,522,494,520,547,336,412,441,214,312,219,417,437,447,524,531,533,517,423,481,400,318,516,476
STAB 2 2 1 6,5,1,2,11,3,7,20,4,9,10,27,16,19,12,15,8,32,34,17,33,21,18,22,14,13,26,37,46,50,35,47,49,36,62,38,61,25,23,60,55,112,102,24,134,80,48,39,44,64,79,56,126,92,31,30,54,159,163,28,63,68,40,81,160,78,164,41,189,187,180,188,123,100,125,51,135,97,29,76,52,229,107,104,234,230,232,166,228,124,149,66,280,231,133,279,57,83,105,111,110,106,42,143,142,43,122,121,59,108,67,103,58,65,85,45,91,216,303,93,290,94,114,115,113,116,53,148,217,150,130,129,120,127,109,99,84,82,185,257,86,244,87,212,263,194,201,264,193,202,262,200,72,70,119,75,73,128,156,157,77,74,161,162,186,141,211,140,175,192,195,131,144,151,205,204,95,145,203,153,69,315,363,71,360,399,181,184,154,392,394,384,96,386,307,329,373,367,330,370,368,331,353,356,427,357,355,422,420,265,267,266,147,312,348,346,319,318,317,210,213,132,146,165,152,89,88,138,226,227,98,137,90,233,251,246,253,252,247,245,136,243,284,241,255,281,254,278,277,276,248,249,304,239,240,139,305,323,405,401,321,402,385,328,372,369,351,371,366,349,350,347,529,296,302,449,282,288,117,177,297,292,299,298,293,291,101,289,235,287,301,238,300,310,309,308,294,295,273,285,286,118,272,176,361,256,250,362,242,236,430,538,168,431,452,155,540,377,345,450,462,525,526,376,174,442,225,334,478,484,172,173,434,158,466,487,492,523,532,178,283,223,275,274,222,343,316,220,530,439,389,398,415,179,486,237,521,306,424,358,313,518,468,341,444,464,500,374,332,413,428,215,499,221,326,218,551,495,498,451,325,438,505,404,387,390,340,507,426,342,432,470,445,454,508,354,512,170,359,416,489,381,541,352,482,460,461,511,503,548,493,425,327,488,396,550,403,448,435,502,467,480,410,224,536,167,418,457,543,214,182,190,537,199,209,476,474,198,207,380,433,219,437,183,191,436,429,169,171,261,269,453,314,479,322,553,378,408,409,496,513,527,391,440,475,196,208,469,365,463,333,552,419,542,443,456,446,485,393,514,504,490,338,471,335,271,535,260,491,411,414,519,259,339,268,407,388,197,501,506,379,473,458,549,510,382,515,497,383,397,459,509,406,421,395,472,520,344,336,547,270,544,494,522,258,455,320,545,364,206,528,483,534,546,337,400,516,539,311,375,423,465,481,531,524,517,533,417,447,412,324,441,477
STAB 2 2 -1 6,11,3,10,5,1,7,20,9,4,2,27,16,38,26,13,17,48,36,8,49,44,39,24,25,15,12,68,81,76,63,47,33,34,61,19,62,14,23,55,60,102,112,22,134,64,32,18,21,80,56,79,126,78,40,51,97,160,164,41,35,37,31,46,159,92,163,28,180,188,189,187,125,135,123,30,100,54,52,50,29,230,231,232,234,229,104,228,166,124,280,66,149,107,279,133,57,98,241,77,101,42,106,87,244,103,94,290,162,287,161,43,157,156,233,127,177,347,343,193,121,122,75,90,73,53,116,345,328,331,172,334,96,45,74,136,137,227,361,358,226,142,143,374,390,387,369,319,93,202,413,381,181,184,275,114,113,222,65,58,111,109,67,59,389,89,424,306,448,396,253,131,221,327,418,276,117,342,352,69,153,453,469,154,305,351,72,70,71,479,463,415,120,385,237,471,506,501,485,402,266,150,404,250,427,271,270,473,514,215,359,368,332,539,210,272,264,375,551,348,173,158,340,426,325,141,138,88,86,82,83,84,115,85,235,294,195,238,245,247,99,295,298,105,239,297,240,288,282,204,289,292,171,255,254,313,360,527,491,490,455,370,386,217,372,201,399,440,457,207,206,216,362,341,155,176,277,278,95,91,281,249,344,284,291,293,110,248,251,108,285,252,286,236,242,364,246,243,518,301,300,316,346,449,185,168,356,529,309,310,430,538,256,431,452,302,377,540,148,525,526,450,462,442,225,376,174,129,484,478,130,213,466,132,434,523,532,487,492,223,274,178,119,283,128,303,118,220,439,530,186,179,384,398,521,307,486,140,211,257,139,273,468,296,444,428,499,212,147,262,464,265,500,144,218,326,317,451,438,495,152,498,507,353,194,263,146,505,165,145,445,454,432,470,512,170,508,354,267,541,482,200,416,203,489,511,503,460,461,425,488,548,151,493,192,403,550,175,467,480,435,502,536,167,410,224,205,366,472,311,314,393,504,335,421,465,553,379,349,268,549,324,477,365,391,475,552,169,304,322,378,315,182,392,261,474,269,496,513,408,409,323,191,371,436,333,419,363,183,394,196,429,208,456,446,542,443,330,190,420,537,401,535,329,199,357,338,411,405,260,259,339,414,519,380,458,510,382,367,373,198,422,407,433,388,197,383,397,515,497,406,395,459,209,509,543,544,299,494,522,355,520,336,547,320,321,258,534,308,350,546,337,545,528,483,423,481,312,214,318,400,476,516,517,533,531,524,412,441,417,219,447,437
STAB 2 2 -1 6,4,3,2,9,1,7,20,5,11,10,16,27,19,15,12,17,18,14,8,22,21,32,33,34,26,13,31,30,29,28,23,24,25,60,38,55,36,47,62,61,102,112,49,126,56,39,48,44,79,64,80,134,54,37,46,92,123,100,35,41,40,68,51,125,97,135,63,188,180,187,189,159,163,160,81,164,78,50,52,76,166,107,104,124,228,232,229,230,234,133,57,279,231,149,280,66,122,105,59,121,42,106,84,99,103,83,110,111,108,109,43,114,113,115,116,120,119,118,117,101,98,58,85,65,45,127,129,128,130,150,148,91,53,67,142,143,141,140,139,138,136,137,147,146,145,144,132,95,131,152,151,154,153,216,157,156,217,73,75,162,161,74,77,211,82,186,185,205,203,204,202,201,200,175,195,193,194,192,70,184,182,183,181,168,167,71,69,72,191,190,179,177,178,176,199,198,197,196,174,173,172,170,171,169,207,206,209,208,210,165,213,212,214,215,155,158,219,218,265,266,264,263,267,262,227,226,86,88,89,94,87,233,90,278,246,276,277,245,247,244,243,242,241,239,236,240,251,252,253,248,249,250,255,254,257,256,261,260,259,258,225,223,222,220,221,224,269,268,271,270,275,274,273,272,237,238,235,93,96,310,292,308,309,291,293,290,289,288,287,285,282,286,297,298,299,294,295,296,301,300,303,302,307,306,305,304,283,284,281,538,430,360,452,431,346,376,442,334,526,525,462,450,540,370,377,402,345,434,466,331,368,478,319,484,532,523,492,487,386,362,385,347,529,328,316,343,372,486,521,424,415,398,384,530,449,439,361,389,313,358,341,444,518,468,495,498,332,374,325,451,348,438,369,551,317,326,464,500,428,413,499,508,354,342,340,390,512,359,387,454,445,470,432,505,404,507,353,426,548,493,327,425,396,488,503,511,461,460,416,489,541,381,482,352,410,536,418,480,467,502,435,550,351,403,399,448,380,433,312,315,394,429,329,422,437,436,373,357,457,543,318,476,363,392,474,537,427,356,323,371,314,453,391,527,475,440,513,496,409,408,322,479,378,553,330,420,365,469,393,485,504,514,446,456,443,542,333,463,419,552,414,519,335,471,349,339,405,411,491,490,338,401,535,366,459,509,367,382,379,506,421,406,472,395,501,397,383,497,515,407,388,458,473,510,549,545,364,483,528,350,534,337,546,321,320,455,520,344,355,547,336,544,522,494,417,447,311,539,324,412,477,441,533,517,524,531,400,516,423,375,481,465
BOUND 2 2 1 1,2,3,4,5,6,7,8,9,10,11,12,13,14,15,16,17,18,19,20,21,22,23,24,25,26,27,28,29,30,31,32,33,34,35,36,37,38,39,40,41,42,43,44,45,46,47,48,49,50,51,52,53,54,55,56,57,58,59,60,61,62,63,64,65,66,67,68,69,70,71,72,73,74,75,76,77,78,79,80,81,82,83,84,85,86,87,88,89,90,91,92,93,94,95,96,97,98,99,100,101,102,103,104,105,106,107,108,109,110,111,112,113,114,115,116,117,118,119,120,121,122,123,124,125,126,127,128,129,130,131,132,133,134,135,136,137,138,139,140,141,142,143,144,145,146,147,148,149,150,151,152,153,154,155,156,157,158,159,160,161,162,163,164,165,166,167,168,169,170,171,172,173,174,175,176,177,178,179,180,181,182,183,184,185,186,187,188,189,190,191,192,193,194,195,196,197,198,199,200,201,202,203,204,205,206,207,208,209,210,211,212,213,214,215,216,217,218,219,220,221,222,223,224,225,226,227,228,229,230,231,232,233,234,235,236,237,238,239,240,241,242,243,244,245,246,247,248,249,250,251,252,253,254,255,256,257,258,259,260,261,262,263,264,265,266,267,268,269,270,271,272,273,274,275,276,277,278,279,280,281,282,283,284,285,286,287,288,289,290,291,292,293,294,295,296,297,298,299,300,301,302,303,304,305,306,307,308,309,310,311,312,313,314,315,316,317,318,319,320,321,322,323,324,325,326,327,328,329,330,331,332,333,334,335,336,337,338,339,340,341,342,343,344,345,346,347,348,349,350,351,352,353,354,355,356,357,358,359,360,361,362,363,364,365,366,367,368,369,370,371,372,373,374,375,376,377,378,379,380,381,382,383,384,385,386,387,388,389,390,391,392,393,394,395,396,397,398,399,400,401,402,403,404,405,406,407,408,409,410,411,412,413,414,415,416,417,418,419,420,421,422,423,424,425,426,427,428,429,430,431,432,433,434,435,436,437,438,439,440,441,442,443,444,445,446,447,448,449,450,451,452,453,454,455,456,457,458,459,460,461,462,463,464,465,466,467,468,469,470,471,472,473,474,475,476,477,478,479,480,481,482,483,484,485,486,487,488,489,490,491,492,493,494,495,496,497,498,499,500,501,502,503,504,505,506,507,508,509,510,511,512,513,514,515,516,517,518,519,520,521,522,523,524,525,526,527,528,529,530,531,532,533,534,535,536,537,538,539,540,541,542,543,544,545,546,547,548,549,550,551,552,553
BOUND 2 2 -1 6,4,3,2,9,1,7,20,5,11,10,16,27,19,15,12,17,18,14,8,22,21,32,33,34,26,13,31,30,29,28,23,24,25,60,38,55,36,47,62,61,102,112,49,126,56,39,48,44,79,64,80,134,54,37,46,92,123,100,35,41,40,68,51,125,97,135,63,188,180,187,189,159,163,160,81,164,78,50,52,76,166,107,104,124,228,232,229,230,234,133,57,279,231,149,280,66,122,105,59,121,42,106,84,99,103,83,110,111,108,109,43,114,113,115,116,120,119,118,117,101,98,58,85,65,45,127,129,128,130,150,148,91,53,67,142,143,141,140,139,138,136,137,147,146,145,144,132,95,131,152,151,154,153,216,157,156,217,73,75,162,161,74,77,211,82,186,185,205,203,204,202,201,200,175,195,193,194,192,70,184,182,183,181,168,167,71,69,72,191,190,179,177,178,176,199,198,197,196,174,173,172,170,171,169,207,206,209,208,210,165,213,212,214,215,155,158,219,218,265,266,264,263,267,262,227,226,86,88,89,94,87,233,90,278,246,276,277,245,247,244,243,242,241,239,236,240,251,252,253,248,249,250,255,254,257,256,261,260,259,258,225,223,222,220,221,224,269,268,271,270,275,274,273,272,237,238,235,93,96,310,292,308,309,291,293,290,289,288,287,285,282,286,297,298,299,294,295,296,301,300,303,302,307,306,305,304,283,284,281,538,430,360,452,431,346,376,442,334,526,525,462,450,540,370,377,402,345,434,466,331,368,478,319,484,532,523,492,487,386,362,385,347,529,328,316,343,372,486,521,424,415,398,384,530,449,439,361,389,313,358,341,444,518,468,495,498,332,374,325,451,348,438,369,551,317,326,464,500,428,413,499,508,354,342,340,390,512,359,387,454,445,470,432,505,404,507,353,426,548,493,327,425,396,488,503,511,461,460,416,489,541,381,482,352,410,536,418,480,467,502,435,550,351,403,399,448,380,433,312,315,394,429,329,422,437,436,373,357,457,543,318,476,363,392,474,537,427,356,323,371,314,453,391,527,475,440,513,496,409,408,322,479,378,553,330,420,365,469,393,485,504,514,446,456,443,542,333,463,419,552,414,519,335,471,349,339,405,411,491,490,338,401,535,366,459,509,367,382,379,506,421,406,472,395,501,397,383,497,515,407,388,458,473,510,549,545,364,483,528,350,534,337,546,321,320,455,520,344,355,547,336,544,522,494,417,447,311,539,324,412,477,441,533,517,524,531,400,516,423,375,481,465
BOUND 2 2 -1 3,2,1,5,4,6,7,17,11,10,9,15,26,34,12,27,8,32,19,20,21,33,47,49,36,13,16,35,50,46,37,18,22,14,28,25,31,38,48,68,63,106,103,44,116,30,23,39,24,29,81,76,127,92,61,80,66,114,111,62,55,60,41,79,113,57,109,40,184,153,181,154,156,161,157,52,162,97,64,56,51,141,122,143,115,138,137,226,227,233,120,54,117,98,193,177,78,94,142,163,290,112,43,104,105,42,107,108,67,121,59,102,65,58,85,45,93,303,216,91,110,83,159,234,160,134,53,217,148,150,202,264,149,126,164,244,87,86,257,185,82,99,84,201,194,263,212,129,133,130,200,262,70,72,346,73,75,319,123,125,74,77,100,135,267,229,399,360,427,353,356,331,368,370,205,307,96,386,384,187,71,315,363,69,140,211,180,189,188,394,392,203,95,145,204,330,367,373,329,151,144,131,192,195,175,355,357,420,422,265,186,147,266,312,348,119,128,317,318,372,369,328,385,351,402,88,89,230,166,228,231,232,90,124,288,281,449,282,255,254,241,284,243,136,247,246,245,248,249,304,278,277,276,240,239,305,139,321,401,405,323,152,146,132,210,213,165,366,371,350,349,302,296,529,347,253,252,251,280,279,236,238,362,242,301,300,287,235,289,101,293,292,291,294,295,273,310,309,308,286,285,272,118,250,256,361,176,299,298,297,539,214,358,453,182,343,218,219,158,455,258,527,261,375,413,551,381,222,199,196,172,374,485,345,471,483,494,519,535,390,518,387,316,364,334,155,275,215,271,270,224,396,170,404,206,171,207,313,426,168,306,283,183,344,469,268,197,173,221,174,269,220,198,332,324,540,442,440,506,457,327,501,497,179,223,178,342,509,424,340,479,191,463,190,510,352,515,415,167,417,259,225,536,354,260,458,459,513,496,550,491,423,325,490,398,548,400,448,514,208,473,209,412,389,541,359,169,451,537,538,452,454,543,478,480,474,476,499,521,378,481,377,456,468,470,542,516,418,237,526,428,431,314,432,320,443,380,406,407,503,511,525,393,495,477,484,502,444,365,445,335,549,421,436,553,437,465,434,391,435,441,488,336,466,333,530,532,482,493,414,411,523,489,337,464,409,383,500,438,498,382,467,460,552,508,379,512,505,388,395,461,507,408,419,397,447,524,341,338,545,439,546,492,517,462,450,322,547,274,486,533,487,531,544,339,403,429,430,311,376,425,446,433,534,520,522,528,416,472,410,326,504,475
BOUND 2 2 1 6,5,1,2,11,3,7,20,4,9,10,27,16,19,12,15,8,32,34,17,33,21,18,22,14,13,26,37,46,50,35,47,49,36,62,38,61,25,23,60,55,112,102,24,134,80,48,39,44,64,79,56,126,92,31,30,54,159,163,28,63,68,40,81,160,78,164,41,189,187,180,188,123,100,125,51,135,97,29,76,52,229,107,104,234,230,232,166,228,124,149,66,280,231,133,279,57,83,105,111,110,106,42,143,142,43,122,121,59,108,67,103,58,65,85,45,91,216,303,93,290,94,114,115,113,116,53,148,217,150,130,129,120,127,109,99,84,82,185,257,86,244,87,212,263,194,201,264,193,202,262,200,72,70,119,75,73,128,156,157,77,74,161,162,186,141,211,140,175,192,195,131,144,151,205,204,95,145,203,153,69,315,363,71,360,399,181,184,154,392,394,384,96,386,307,329,373,367,330,370,368,331,353,356,427,357,355,422,420,265,267,266,147,312,348,346,319,318,317,210,213,132,146,165,152,89,88,138,226,227,98,137,90,233,251,246,253,252,247,245,136,243,284,241,255,281,254,278,277,276,248,249,304,239,240,139,305,323,405,401,321,402,385,328,372,369,351,371,366,349,350,347,529,296,302,449,282,288,117,177,297,292,299,298,293,291,101,289,235,287,301,238,300,310,309,308,294,295,273,285,286,118,272,176,361,256,250,362,242,236,430,538,168,431,452,155,540,377,345,450,462,525,526,376,174,442,225,334,478,484,172,173,434,158,466,487,492,523,532,178,283,223,275,274,222,343,316,220,530,439,389,398,415,179,486,237,521,306,424,358,313,518,468,341,444,464,500,374,332,413,428,215,499,221,326,218,551,495,498,451,325,438,505,404,387,390,340,507,426,342,432,470,445,454,508,354,512,170,359,416,489,381,541,352,482,460,461,511,503,548,493,425,327,488,396,550,403,448,435,502,467,480,410,224,536,167,418,457,543,214,182,190,537,199,209,476,474,198,207,380,433,219,437,183,191,436,429,169,171,261,269,453,314,479,322,553,378,408,409,496,513,527,391,440,475,196,208,469,365,463,333,552,419,542,443,456,446,485,393,514,504,490,338,471,335,271,535,260,491,411,414,519,259,339,268,407,388,197,501,506,379,473,458,549,510,382,515,497,383,397,459,509,406,421,395,472,520,344,336,547,270,544,494,522,258,455,320,545,364,206,528,483,534,546,337,400,516,539,311,375,423,465,481,531,524,517,533,417,447,412,324,441,477
BOUND 2 2 -1 1,5,6,11,2,3,7,8,10,9,4,12,13,36,27,26,20,47,34,17,33,49,48,44,38,16,15,62,64,80,61,32,21,19,37,14,35,25,39,41,40,43,42,24,45,50,18,23,22,46,52,51,53,66,63,76,78,65,67,68,31,28,55,29,58,54,59,60,71,72,69,70,75,77,73,56,74,57,81,30,79,86,94,87,85,82,84,89,88,90,93,92,91,83,96,95,97,231,244,161,287,103,102,143,142,112,122,121,164,290,163,106,160,159,234,134,280,272,346,149,108,107,156,233,157,127,126,319,264,202,331,328,193,116,162,241,232,230,305,360,229,105,104,368,386,385,266,217,120,150,370,402,187,188,343,123,125,345,114,113,100,135,111,109,351,226,359,358,418,415,237,172,374,413,427,250,279,390,404,181,180,452,468,189,257,267,153,154,184,454,470,353,133,263,356,484,500,499,478,262,212,130,384,307,205,486,521,502,480,372,399,201,369,538,220,303,148,540,377,215,332,334,387,389,381,166,228,227,141,138,98,137,124,115,289,297,171,292,240,239,136,298,284,99,254,281,255,278,277,176,288,282,449,245,247,361,185,462,489,482,526,200,194,129,265,147,186,464,428,439,530,118,308,364,316,304,249,248,177,117,246,252,518,243,286,285,101,251,235,110,300,238,301,310,309,529,236,242,362,291,293,347,216,276,139,313,204,273,295,294,311,312,306,314,315,275,318,317,128,322,323,320,321,326,327,324,325,132,330,329,131,221,335,222,333,338,339,336,337,342,344,340,155,341,158,119,302,348,350,349,165,354,192,352,357,195,355,168,167,140,256,299,363,274,365,371,373,144,213,151,366,210,367,173,376,375,219,380,382,378,225,379,388,203,146,145,223,383,224,178,393,394,391,392,397,398,395,396,211,403,405,152,400,179,401,408,409,406,407,412,414,410,174,411,170,417,416,169,421,422,419,420,425,426,423,424,175,269,516,539,453,479,481,485,514,542,456,501,270,495,504,551,553,469,463,465,472,448,253,455,457,182,431,190,450,437,451,460,461,458,459,258,445,268,446,471,473,183,444,191,466,447,467,476,477,474,475,199,432,209,433,260,487,196,434,206,483,490,259,488,493,494,491,492,440,503,505,506,198,197,438,208,496,441,497,498,509,510,507,508,513,515,511,435,512,429,522,283,523,524,207,517,519,520,527,261,525,533,296,271,534,535,528,531,532,541,543,214,430,218,536,436,537,546,547,544,545,550,552,548,442,549,443
BOUND 2 2 1 3,11,6,5,10,1,7,17,2,4,9,26,15,34,27,12,20,47,36,8,49,33,32,21,19,16,13,61,80,64,62,48,44,38,68,25,63,14,18,28,31,103,106,22,127,76,39,23,24,81,29,30,116,66,35,50,92,156,161,37,40,41,60,52,157,97,162,55,154,181,153,184,114,111,113,79,109,57,46,51,56,226,122,143,233,227,137,141,138,115,193,78,177,98,120,117,54,107,142,67,108,43,112,87,244,102,94,290,163,121,164,42,159,160,234,134,149,346,272,280,287,231,65,85,58,45,126,264,319,202,150,217,93,53,59,105,104,229,360,305,230,241,232,266,385,386,368,328,96,331,402,370,188,187,303,125,123,148,75,73,135,100,77,74,399,86,267,257,205,384,307,130,212,262,427,356,133,263,353,72,189,452,468,180,358,359,69,71,70,470,454,404,279,390,250,478,499,500,484,413,374,172,415,237,418,521,486,480,502,372,351,369,201,538,220,343,345,377,540,265,147,129,194,186,200,228,166,82,89,88,83,84,124,90,248,281,304,249,254,255,99,284,298,136,240,297,239,288,282,449,278,277,176,247,245,185,361,526,482,489,462,381,387,334,215,332,389,428,464,530,439,316,364,308,118,171,292,289,91,95,294,238,273,295,300,301,110,235,251,101,286,252,285,236,242,362,310,309,529,293,291,216,347,204,313,139,276,518,243,246,214,539,140,182,453,119,375,551,222,261,527,258,455,218,151,219,152,158,485,471,131,144,199,128,196,535,519,494,483,145,299,146,302,296,132,275,155,210,206,207,426,170,396,203,271,253,270,256,224,306,168,344,469,283,183,440,506,221,173,327,457,348,501,213,442,318,324,268,197,269,174,198,510,352,340,342,178,515,167,223,190,463,191,479,497,179,509,192,424,550,491,325,423,398,490,496,513,459,458,417,259,536,225,260,354,412,541,169,209,473,208,514,548,165,400,211,448,378,481,312,315,392,516,330,420,456,542,367,355,451,537,317,474,363,394,476,543,175,195,321,366,314,431,393,525,477,495,511,503,407,406,320,432,380,443,329,422,365,444,391,434,441,435,465,437,553,436,335,445,421,549,411,523,333,466,350,337,401,414,493,488,336,405,532,371,461,507,373,379,382,498,419,408,447,397,438,395,388,505,512,409,383,460,467,508,552,547,274,487,533,349,531,339,544,323,322,450,524,341,357,545,338,546,517,492,416,472,311,430,326,410,475,504,528,522,520,534,403,429,425,376,433,446
CELL 3 1 24
STAB 3 1 -1 2,1,7,4,5,6,3,10,9,8,12,11,13,16,15,14,21,22,20,19,17,18,23,25,24,37,32,29,28,30,31,27,34,33,36,35,26,42,41,40,39,38,44,43,48,47,46,45,50,49,51,53,52,55,54,57,56,63,62,83,92,59,58,67,66,65,64,91,77,78,75,76,74,73,71,72,69,70,84,85,82,81,60,79,80,87,86,90,89,88,68,61,94,93,97,96,95,101,109,100,98,107,108,112,106,105,102,103,99,111,110,104,115,116,113,114,118,117,119,120,122,121,128,132,131,130,212,123,133,126,125,124,129,148,135,137,136,139,138,140,141,143,142,151,153,152,154,134,150,149,144,146,145,147,158,317,329,155,217,200,312,315,216,185,166,165,168,167,173,174,172,171,169,170,180,177,176,179,178,175,422,190,191,394,164,188,203,186,211,182,183,195,194,193,192,206,208,207,209,160,202,201,187,205,204,196,198,197,199,213,189,127,210,218,219,163,159,214,215,225,222,221,224,223,220,349,347,251,265,276,291,245,323,262,238,250,237,235,248,249,254,256,255,257,232,247,246,239,240,236,228,253,252,241,243,242,244,268,270,269,271,234,264,263,229,267,266,258,260,259,261,273,272,274,275,230,278,277,297,308,284,296,283,281,294,295,300,302,301,303,231,293,292,285,286,282,279,299,298,287,289,288,290,305,304,306,307,280,310,309,313,161,311,316,162,314,156,319,318,327,328,326,233,325,324,322,320,321,157,331,330,335,334,333,332,344,345,342,343,341,340,338,339,336,337,348,227,346,226,351,350,359,357,358,356,355,353,354,352,363,362,361,360,365,364,369,368,367,366,373,372,371,370,416,382,380,381,379,378,376,377,375,387,386,401,384,383,389,388,400,398,399,397,184,396,395,393,391,392,390,385,405,404,403,402,414,415,412,413,411,410,408,409,406,407,374,418,417,426,427,425,181,424,423,421,419,420,434,435,436,437,433,432,428,429,430,431,441,440,439,438,443,442,447,446,445,444,518,529,453,452,451,450,457,456,455,454,464,465,462,463,460,461,458,459,469,468,467,466,473,472,471,470,480,481,478,479,476,477,474,475,485,484,483,482,487,486,494,495,493,492,491,490,488,489,501,500,519,520,497,496,505,504,503,502,517,515,516,513,514,512,511,509,510,507,508,506,448,498,499,524,523,522,521,534,535,533,531,449,532,528,530,527,525,526,539,538,537,536,543,542,541,540,552,553,550,551,549,548,546,547,544,545
STAB 3 1 -1 2,8,7,12,9,6,3,10,5,1,4,13,11,35,37,32,21,45,42,19,43,50,46,34,33,15,14,58,72,82,91,41,25,24,39,16,40,20,27,26,36,38,44,17,52,51,23,22,18,53,47,49,48,70,59,67,65,71,69,92,83,54,29,57,74,56,73,31,78,77,76,75,66,64,63,28,62,55,85,84,30,89,93,86,88,90,79,87,81,80,96,95,97,60,94,68,61,121,257,185,122,107,108,245,254,105,291,300,312,303,315,104,317,329,323,212,194,339,227,176,98,101,200,262,217,148,114,321,337,330,201,318,308,130,216,143,142,349,354,362,347,137,136,366,383,400,416,333,297,171,377,409,394,422,273,115,116,263,131,128,99,110,135,100,352,276,350,304,420,403,236,149,267,405,417,237,120,401,407,186,147,450,466,145,306,423,211,175,203,461,477,359,118,338,230,482,496,517,472,320,222,125,395,252,518,259,261,510,470,219,388,335,367,536,213,275,221,547,382,371,202,159,384,392,373,139,141,265,251,165,102,112,113,132,277,279,177,278,248,249,106,299,286,109,232,285,246,301,293,172,302,296,205,241,243,363,311,456,493,492,533,324,341,155,346,169,419,454,439,196,198,158,340,361,163,192,235,238,150,129,309,253,449,310,294,295,103,228,239,111,231,240,292,247,255,448,250,256,365,287,289,348,314,355,167,164,529,336,281,284,161,313,244,162,316,290,322,325,124,328,327,233,326,319,234,156,160,123,332,334,126,127,331,134,157,345,344,343,342,264,272,193,117,280,133,288,119,229,353,356,168,195,358,357,351,305,226,138,166,242,140,274,364,298,360,376,375,210,151,220,379,225,378,154,215,381,380,372,370,369,144,368,393,391,179,224,153,396,189,152,399,398,184,397,389,187,387,386,223,408,406,170,411,174,410,415,414,413,412,404,402,390,146,385,178,421,424,180,427,426,181,425,418,188,374,266,173,489,503,537,451,473,471,483,505,545,459,497,487,260,508,543,541,467,457,455,475,204,307,460,458,437,190,446,268,445,258,465,464,463,462,453,182,452,431,476,474,447,191,433,209,432,199,481,480,479,478,469,183,468,444,490,488,428,206,440,491,495,494,270,269,486,485,484,434,509,507,520,519,441,208,429,512,435,511,207,516,515,514,513,504,502,501,197,500,438,527,282,526,525,532,531,530,528,535,534,271,523,283,524,521,522,506,499,498,546,544,436,218,443,549,442,548,553,552,551,550,542,540,539,214,538,430
STAB 3 1 1 2,9,6,4,8,7,3,10,1,5,12,13,11,16,14,15,19,23,24,21,25,18,22,17,20,32,37,54,57,84,83,41,43,42,40,35,39,33,27,36,26,44,38,34,52,53,45,46,50,51,49,47,48,56,29,28,55,74,73,31,91,58,59,72,71,70,69,92,76,75,78,77,63,62,66,67,64,65,30,82,85,90,60,79,88,89,86,81,87,80,97,95,96,93,68,94,61,102,109,99,103,108,107,136,137,104,101,98,100,111,135,105,128,131,132,130,129,158,288,297,300,291,115,113,116,114,148,124,155,125,126,123,118,212,110,106,112,165,167,242,251,254,245,210,224,179,169,221,176,171,220,170,211,175,117,200,217,133,329,317,185,216,315,312,168,139,166,138,180,178,177,149,154,146,173,172,150,152,174,147,186,437,447,203,311,419,394,422,145,446,433,358,308,341,305,428,441,519,469,324,335,330,391,529,518,440,532,429,468,225,223,222,151,436,371,314,333,443,380,213,127,134,153,189,144,276,265,141,347,349,121,142,262,323,239,250,236,240,249,248,143,256,310,257,241,309,243,238,235,237,228,253,307,232,246,140,306,453,494,490,534,320,338,337,346,416,423,452,489,487,524,339,336,298,290,355,293,301,120,194,285,296,282,286,295,294,122,302,277,303,287,278,289,284,281,283,279,299,274,231,292,119,275,192,354,244,252,340,255,247,161,313,164,162,316,163,325,322,321,233,326,328,327,156,160,319,234,318,334,332,201,202,157,159,331,343,342,345,344,193,280,264,273,272,263,227,348,229,356,353,352,357,359,195,226,230,351,304,350,362,363,365,364,361,360,379,378,366,367,377,376,219,375,267,381,215,382,369,368,372,373,370,396,395,400,383,384,393,392,401,184,397,399,398,387,386,389,187,388,411,410,409,408,407,406,413,412,415,414,390,385,404,405,402,403,424,421,420,181,425,427,426,374,266,418,188,417,439,438,218,190,183,444,206,197,442,445,208,196,434,435,214,430,191,182,431,432,204,205,268,258,450,451,461,460,459,458,463,462,465,464,456,457,454,455,209,199,466,467,477,476,475,474,479,478,481,480,472,473,470,471,492,491,482,483,259,488,270,493,495,485,484,269,486,260,512,511,207,517,496,497,510,509,508,507,520,514,513,516,515,501,500,504,505,502,503,531,449,530,528,261,527,526,525,271,533,535,506,448,198,499,498,523,521,522,549,548,536,537,547,546,545,544,551,550,553,552,539,538,542,543,540,541
STAB 3 1 1 2,5,6,12,1,7,3,10,8,9,4,11,13,35,32,37,19,46,33,21,34,50,45,43,42,14,15,59,67,85,92,27,17,20,26,16,36,24,41,39,40,44,38,25,48,49,22,23,18,47,53,51,52,65,58,72,70,66,64,91,31,29,54,28,63,55,62,83,75,76,77,78,71,69,74,57,73,56,82,30,84,87,93,86,80,81,79,89,90,88,94,61,68,60,96,97,95,291,257,312,300,108,107,142,143,104,121,122,185,303,216,105,200,217,262,148,308,273,348,150,103,102,317,323,329,212,130,318,263,201,330,321,194,114,315,254,245,276,304,363,265,106,112,367,384,401,267,159,120,149,373,405,203,186,339,128,131,337,116,115,100,135,110,99,350,349,352,354,417,407,237,171,416,409,420,236,297,400,403,422,175,451,467,211,244,266,145,147,394,457,473,357,129,264,355,483,497,520,476,234,127,126,386,307,204,487,524,505,474,371,392,202,366,537,225,290,134,543,381,219,335,333,383,388,377,165,251,347,141,139,101,136,132,113,301,279,172,293,249,248,137,299,281,109,241,284,243,277,278,177,302,296,529,232,246,362,164,460,495,485,535,160,193,133,229,154,188,458,434,440,532,117,280,365,314,305,240,239,176,118,247,253,448,255,295,294,98,228,238,111,287,235,289,309,310,449,250,256,361,231,292,227,163,230,138,311,205,272,286,285,313,161,306,316,162,275,319,156,123,326,233,327,328,322,320,325,324,124,331,157,125,222,332,221,334,342,343,344,345,338,336,341,158,340,155,119,288,346,351,226,166,358,195,359,353,192,356,167,168,140,242,298,360,274,364,372,370,151,210,144,369,213,368,169,380,382,215,376,375,379,220,378,389,187,152,153,224,387,223,179,397,184,398,399,393,391,396,395,189,404,402,146,390,178,385,412,413,414,415,408,406,411,170,410,174,418,374,173,425,181,426,427,421,419,424,423,180,260,508,536,450,477,475,482,510,541,455,496,259,489,503,547,545,466,461,459,471,518,252,456,454,190,437,182,453,431,452,462,463,464,465,268,446,258,445,472,470,191,447,183,469,444,468,478,479,480,481,209,433,199,432,269,486,206,428,196,484,493,270,494,490,488,492,491,439,504,502,517,207,208,441,197,501,438,500,519,513,514,515,516,509,507,512,429,511,435,523,283,522,521,198,506,498,499,533,271,534,527,282,261,525,526,531,528,530,542,540,218,436,214,539,430,538,550,551,552,553,546,544,549,443,548,442
STAB 3 1 -1 1,5,6,11,2,3,7,8,10,9,4,12,13,36,27,26,20,47,34,17,33,49,48,44,38,16,15,62,64,80,61,32,21,19,37,14,35,25,39,41,40,43,42,24,45,50,18,23,22,46,52,51,53,66,63,76,78,65,67,68,31,28,55,29,58,54,59,60,71,72,69,70,75,77,73,56,74,57,81,30,79,86,94,87,85,82,84,89,88,90,93,92,91,83,96,95,97,231,244,161,287,103,102,143,142,112,122,121,164,290,163,106,160,159,234,134,280,272,346,149,108,107,156,233,157,127,126,319,264,202,331,328,193,116,162,241,232,230,305,360,229,105,104,368,386,385,266,217,120,150,370,402,187,188,343,123,125,345,114,113,100,135,111,109,351,226,359,358,418,415,237,172,374,413,427,250,279,390,404,181,180,452,468,189,257,267,153,154,184,454,470,353,133,263,356,484,500,499,478,262,212,130,384,307,205,486,521,502,480,372,399,201,369,538,220,303,148,540,377,215,332,334,387,389,381,166,228,227,141,138,98,137,124,115,289,297,171,292,240,239,136,298,284,99,254,281,255,278,277,176,288,282,449,245,247,361,185,462,489,482,526,200,194,129,265,147,186,464,428,439,530,118,308,364,316,304,249,248,177,117,246,252,518,243,286,285,101,251,235,110,300,238,301,310,309,529,236,242,362,291,293,347,216,276,139,313,204,273,295,294,311,312,306,314,315,275,318,317,128,322,323,320,321,326,327,324,325,132,330,329,131,221,335,222,333,338,339,336,337,342,344,340,155,341,158,119,302,348,350,349,165,354,192,352,357,195,355,168,167,140,256,299,363,274,365,371,373,144,213,151,366,210,367,173,376,375,219,380,382,378,225,379,388,203,146,145,223,383,224,178,393,394,391,392,397,398,395,396,211,403,405,152,400,179,401,408,409,406,407,412,414,410,174,411,170,417,416,169,421,422,419,420,425,426,423,424,175,269,516,539,453,479,481,485,514,542,456,501,270,495,504,551,553,469,463,465,472,448,253,455,457,182,431,190,450,437,451,460,461,458,459,258,445,268,446,471,473,183,444,191,466,447,467,476,477,474,475,199,432,209,433,260,487,196,434,206,483,490,259,488,493,494,491,492,440,503,505,506,198,197,438,208,496,441,497,498,509,510,507,508,513,515,511,435,512,429,522,283,523,524,207,517,519,520,527,261,525,533,296,271,534,535,528,531,532,541,543,214,430,218,536,436,537,546,547,544,545,550,552,548,442,549,443
STAB 3 1 -1 1,9,6,4,10,3,7,8,2,5,11,13,12,14,16,15,20,23,25,17,24,22,18,21,19,27,26,55,56,79,60,39,44,38,40,36,41,34,32,35,37,43,42,33,53,52,48,47,49,51,50,46,45,57,28,29,54,73,74,31,68,63,62,76,75,78,77,61,72,71,70,69,58,59,65,64,67,66,30,81,80,88,83,84,90,89,87,82,86,85,95,97,96,94,91,93,92,107,99,109,108,103,102,137,136,112,98,101,100,110,135,106,123,125,124,126,133,155,302,279,287,231,113,115,114,116,134,132,158,131,130,128,117,127,111,105,104,166,168,256,228,241,232,213,223,178,173,222,177,172,225,174,189,180,118,160,159,129,157,156,164,163,162,161,167,138,165,139,175,179,176,150,147,152,169,171,149,146,170,154,188,431,444,187,313,426,184,181,153,445,432,354,280,340,304,434,438,498,466,325,332,331,398,449,448,439,530,435,467,220,224,221,144,430,372,316,334,442,376,210,212,148,145,211,151,230,229,141,227,226,122,143,234,233,248,236,250,249,240,239,142,242,309,244,254,310,255,235,238,237,251,252,307,245,247,140,306,450,488,493,525,327,342,345,348,374,424,451,495,486,521,343,344,299,303,356,292,289,120,193,294,282,296,295,286,285,121,288,278,290,300,277,301,281,284,283,297,298,274,291,293,119,275,195,358,257,253,341,243,246,312,311,185,315,314,216,324,326,328,323,322,321,320,317,200,318,262,319,333,335,202,201,329,217,330,339,338,337,336,194,308,263,272,273,264,347,346,265,355,357,359,353,352,192,349,276,350,305,351,361,360,364,365,362,363,378,379,369,368,381,380,215,382,266,377,219,375,366,367,371,370,373,395,396,390,387,386,397,399,385,394,393,392,391,383,384,388,203,389,410,411,413,412,415,414,409,408,407,406,400,401,403,402,405,404,423,425,427,422,421,420,419,416,267,417,186,418,440,441,214,182,191,447,196,208,443,446,197,206,428,429,218,436,183,190,437,433,205,204,258,268,453,452,463,462,465,464,461,460,459,458,455,454,457,456,199,209,469,468,479,478,481,480,477,476,475,474,471,470,473,472,491,492,485,484,270,494,259,490,489,482,483,260,487,269,511,512,198,506,501,500,514,513,516,515,499,510,509,508,507,496,497,503,502,505,504,528,529,532,531,271,533,535,534,261,527,526,517,518,207,520,519,522,524,523,548,549,539,538,551,550,553,552,547,546,545,544,536,537,541,540,543,542
STAB 3 1 1 1,10,3,11,9,6,7,8,5,2,4,13,12,36,26,27,17,48,38,20,44,49,47,33,34,15,16,63,76,81,68,39,24,25,41,14,40,19,32,37,35,42,43,21,53,51,23,18,22,52,46,50,45,78,62,64,66,75,77,61,60,55,28,56,73,57,74,31,70,69,72,71,65,67,58,29,59,54,80,79,30,89,94,87,90,88,84,86,82,85,96,97,95,83,93,91,92,122,244,164,121,102,103,232,241,106,231,287,161,290,162,112,156,157,233,127,193,343,347,177,101,98,160,234,159,134,116,328,345,331,202,319,280,126,163,142,143,226,358,361,227,136,137,369,387,390,374,334,279,172,381,413,184,181,272,113,114,264,125,123,109,111,135,100,359,230,351,305,427,404,250,150,266,402,418,237,120,385,415,188,154,453,469,153,306,424,189,180,187,463,479,352,117,342,276,485,501,506,471,327,221,131,396,253,448,270,271,514,473,215,389,332,368,539,210,275,222,551,375,372,201,217,386,399,370,138,141,229,228,166,107,104,115,124,278,297,176,277,239,240,105,298,295,99,245,294,247,289,292,171,288,282,204,254,255,360,313,455,490,491,527,325,340,158,348,173,426,457,440,206,207,155,341,362,216,195,238,235,149,133,310,252,529,309,285,286,108,251,248,110,291,249,293,246,243,518,236,242,364,300,301,346,316,356,168,185,449,344,284,281,312,311,257,315,314,303,326,324,132,321,320,323,322,318,262,317,200,128,335,333,130,212,330,148,329,337,336,339,338,263,273,194,118,308,129,302,119,265,357,355,167,192,354,353,350,304,349,139,165,256,140,274,365,299,363,380,382,213,144,225,378,220,379,147,219,377,376,371,373,366,151,367,397,398,178,223,145,395,211,146,392,391,394,393,388,203,383,384,224,412,414,174,410,170,411,407,406,409,408,403,405,400,152,401,179,425,423,175,420,419,422,421,417,186,416,267,169,495,504,538,452,470,472,484,502,553,465,500,486,269,516,540,542,468,454,456,481,205,307,462,464,431,182,445,258,446,268,459,458,461,460,450,190,451,437,478,480,444,183,432,199,433,209,475,474,477,476,466,191,467,447,493,494,434,196,439,492,489,488,259,260,487,482,483,428,513,515,499,498,438,197,435,511,429,512,198,508,507,510,509,503,505,496,208,497,441,533,296,535,534,530,528,532,531,526,525,261,522,283,521,524,523,517,520,519,550,552,430,214,442,548,443,549,545,544,547,546,541,543,536,218,537,436
STAB 3 1 1 1,2,3,4,5,6,7,8,9,10,11,12,13,14,15,16,17,18,19,20,21,22,23,24,25,26,27,28,29,30,31,32,33,34,35,36,37,38,39,40,41,42,43,44,45,46,47,48,49,50,51,52,53,54,55,56,57,58,59,60,61,62,63,64,65,66,67,68,69,70,71,72,73,74,75,76,77,78,79,80,81,82,83,84,85,86,87,88,89,90,91,92,93,94,95,96,97,98,99,100,101,102,103,104,105,106,107,108,109,110,111,112,113,114,115,116,117,118,119,120,121,122,123,124,125,126,127,128,129,130,131,132,133,134,135,136,137,138,139,140,141,142,143,144,145,146,147,148,149,150,151,152,153,154,155,156,157,158,159,160,161,162,163,164,165,166,167,168,169,170,171,172,173,174,175,176,177,178,179,180,181,182,183,184,185,186,187,188,189,190,191,192,193,194,195,196,197,198,199,200,201,202,203,204,205,206,207,208,209,210,211,212,213,214,215,216,217,218,219,220,221,222,223,224,225,226,227,228,229,230,231,232,233,234,235,236,237,238,239,240,241,242,243,244,245,246,247,248,249,250,251,252,253,254,255,256,257,258,259,260,261,262,263,264,265,266,267,268,269,270,271,272,273,274,275,276,277,278,279,280,281,282,283,284,285,286,287,288,289,290,291,292,293,294,295,296,297,298,299,300,301,302,303,304,305,306,307,308,309,310,311,312,313,314,315,316,317,318,319,320,321,322,323,324,325,326,327,328,329,330,331,332,333,334,335,336,337,338,339,340,341,342,343,344,345,346,347,348,349,350,351,352,353,354,355,356,357,358,359,360,361,362,363,364,365,366,367,368,369,370,371,372,373,374,375,376,377,378,379,380,381,382,383,384,385,386,387,388,389,390,391,392,393,394,395,396,397,398,399,400,401,402,403,404,405,406,407,408,409,410,411,412,413,414,415,416,417,418,419,420,421,422,423,424,425,426,427,428,429,430,431,432,433,434,435,436,437,438,439,440,441,442,443,444,445,446,447,448,449,450,451,452,453,454,455,456,457,458,459,460,461,462,463,464,465,466,467,468,469,470,471,472,473,474,475,476,477,478,479,480,481,482,483,484,485,486,487,488,489,490,491,492,493,494,495,496,497,498,499,500,501,502,503,504,505,506,507,508,509,510,511,512,513,514,515,516,517,518,519,520,521,522,523,524,525,526,527,528,529,530,531,532,533,534,535,536,537,538,539,540,541,542,543,544,545,546,547,548,549,550,551,552,553
STAB 3 1 1 5,1,7,11,2,3,6,9,10,8,12,4,13,26,27,36,33,49,17,34,20,47,48,38,44,35,32,64,62,80,61,15,19,21,14,37,16,43,40,41,39,25,24,42,23,18,50,45,46,22,52,53,51,63,66,78,76,55,28,94,92,67,65,59,54,58,29,93,74,57,73,56,77,75,69,70,71,72,87,85,86,79,68,81,30,84,82,90,88,89,60,31,83,91,97,95,96,287,164,161,231,122,121,106,112,142,103,102,244,163,290,143,234,134,160,159,272,280,346,149,107,108,319,328,331,202,201,156,193,127,157,233,264,217,162,232,241,305,230,360,229,104,105,370,187,402,188,116,150,120,368,385,386,266,345,318,330,343,148,262,312,315,303,257,226,351,358,359,374,413,172,237,418,415,181,279,250,404,390,427,420,454,470,392,109,154,384,267,399,452,468,356,263,133,353,486,502,521,480,113,130,212,153,205,307,484,499,500,478,369,184,126,372,540,377,111,114,538,220,381,334,332,389,387,215,350,302,288,265,304,300,254,321,200,292,176,171,289,278,277,245,361,247,185,137,255,281,240,239,297,227,449,282,136,284,298,99,464,439,428,530,115,129,194,141,186,147,462,482,489,526,308,118,364,316,138,248,249,236,273,243,529,518,246,310,309,291,347,293,216,98,301,238,286,285,252,177,362,242,101,235,251,110,139,276,313,204,117,294,295,306,100,311,275,135,314,123,128,317,325,132,324,124,327,326,320,322,323,125,131,329,333,222,335,221,341,158,340,155,344,342,336,337,338,339,348,228,119,166,165,349,167,355,168,195,357,192,352,354,363,299,256,140,365,274,213,144,373,371,367,210,366,151,417,379,378,225,382,380,375,219,376,223,145,405,203,388,224,383,403,396,211,395,189,398,397,391,393,394,178,146,401,179,400,152,411,170,410,174,414,412,406,407,408,409,173,169,416,424,175,423,180,426,425,419,421,422,485,514,542,456,481,479,269,516,539,453,504,495,270,501,553,551,472,465,463,469,283,296,431,182,457,455,451,437,450,190,268,446,258,445,458,459,460,461,444,183,473,471,467,447,466,191,209,433,199,432,474,475,476,477,434,196,487,260,483,206,492,440,491,494,493,488,490,259,438,197,523,524,505,503,497,441,496,208,522,512,429,511,435,515,513,507,508,509,510,498,448,506,198,520,519,517,207,531,532,528,534,253,535,533,271,525,527,261,430,214,543,541,537,436,536,218,549,443,548,442,552,550,544,545,546,547
STAB 3 1 1 5,8,7,12,10,3,6,9,2,1,11,13,4,37,35,32,33,45,43,34,42,46,50,19,21,27,36,65,70,86,93,40,38,44,39,26,41,17,15,16,14,25,24,20,51,52,48,49,47,53,18,22,23,72,67,59,58,69,71,92,94,66,64,78,77,76,75,61,57,74,56,73,54,29,55,62,28,63,85,87,80,88,91,82,89,90,81,84,79,30,95,96,97,68,83,60,31,108,185,257,107,122,121,254,245,142,300,291,312,216,315,143,318,330,321,201,263,337,228,250,231,287,262,200,148,217,159,323,339,329,212,317,273,202,303,104,105,350,352,299,302,232,241,371,388,403,417,335,236,237,219,407,392,420,308,234,134,194,331,319,244,290,162,161,354,304,349,276,422,400,297,120,186,401,416,171,149,405,409,267,266,455,471,386,313,425,399,427,384,459,475,167,272,336,138,260,503,522,447,322,334,157,397,282,283,489,526,508,191,377,383,333,373,541,369,316,332,545,379,366,130,114,203,394,367,305,229,265,288,351,103,106,160,328,249,177,279,248,278,277,112,362,285,164,137,286,281,293,301,172,347,529,205,136,284,363,311,437,491,494,528,326,344,343,119,418,421,190,270,484,499,345,342,256,111,353,289,292,150,264,295,449,253,294,310,309,102,227,240,163,98,239,238,255,247,448,176,361,365,101,235,348,314,357,359,109,296,338,246,243,100,306,99,135,275,110,320,327,233,132,325,124,324,128,115,123,113,156,221,222,127,126,131,116,125,158,341,155,340,129,118,133,280,117,193,251,346,141,192,195,358,356,168,355,165,139,166,230,226,298,360,364,274,242,140,375,376,372,370,215,382,381,380,188,220,225,378,210,151,213,368,144,391,393,404,389,187,398,184,402,211,396,189,395,224,153,223,145,387,406,408,415,414,413,412,170,411,174,410,179,152,178,385,146,390,419,426,181,175,424,180,423,169,154,173,147,374,259,496,543,457,467,466,487,497,547,461,505,483,482,510,537,536,473,451,450,477,307,204,458,460,456,454,465,464,463,462,446,268,445,258,431,452,182,453,474,476,472,470,481,480,479,478,433,209,432,199,444,468,183,469,488,490,269,486,495,493,440,492,439,428,206,434,196,485,507,509,524,523,504,502,516,515,514,513,521,429,512,435,511,441,208,438,500,197,501,525,252,261,527,535,534,271,533,532,531,530,519,518,520,207,517,498,198,506,544,546,542,540,553,552,551,550,443,549,442,548,436,218,430,538,214,539
STAB 3 1 -1 5,10,3,11,8,7,6,9,1,2,12,13,4,26,36,27,34,48,44,33,38,47,49,20,17,32,35,66,78,87,94,40,42,43,41,37,39,21,15,14,16,24,25,19,51,53,45,50,46,52,22,18,23,76,64,62,63,77,75,61,93,65,67,70,69,72,71,92,56,73,57,74,55,28,54,59,29,58,80,86,85,90,68,81,89,88,82,79,84,30,97,96,95,91,60,83,31,103,164,244,102,121,122,241,232,143,287,231,161,163,162,142,319,331,328,202,264,345,251,236,291,300,234,160,134,159,217,233,343,157,127,156,272,201,290,112,106,351,359,298,288,245,254,372,389,404,418,332,250,237,215,415,399,427,280,262,148,193,330,318,257,303,315,312,358,305,226,230,181,390,279,120,188,385,374,172,150,402,413,266,267,456,472,384,311,421,392,420,386,465,481,168,273,344,139,269,504,523,444,326,333,329,393,296,283,495,535,516,183,381,387,334,370,542,366,314,335,553,378,369,126,116,187,184,368,304,265,229,302,350,108,105,200,321,240,176,297,239,277,278,104,361,294,185,136,295,284,292,289,171,227,449,204,137,281,360,313,431,492,488,531,322,336,339,119,417,425,182,259,483,520,337,338,242,110,357,301,293,149,263,286,529,252,285,309,310,107,347,249,216,101,248,235,243,246,518,177,362,364,98,238,346,316,353,352,99,282,342,247,255,100,306,109,135,275,111,327,320,323,124,324,132,325,123,113,128,115,317,222,221,212,130,125,114,131,155,340,158,341,133,117,129,308,118,194,228,348,141,195,192,354,355,167,356,166,138,165,276,349,299,363,365,274,256,140,382,380,371,373,219,375,377,376,186,225,220,379,213,144,210,367,151,398,397,403,388,203,391,394,405,189,395,211,396,223,145,224,153,383,414,412,407,406,409,408,174,410,170,411,178,146,179,401,152,400,426,419,422,180,423,175,424,173,147,169,154,416,270,501,540,454,468,469,486,500,551,463,502,484,485,514,538,539,470,452,453,479,307,205,464,462,455,457,459,458,461,460,445,258,446,268,437,451,190,450,480,478,471,473,475,474,477,476,432,199,433,209,447,467,191,466,494,493,260,487,489,490,439,491,440,434,196,428,206,482,515,513,521,522,503,505,508,507,510,509,524,435,511,429,512,438,197,441,497,208,496,534,253,271,533,526,525,261,527,530,528,532,498,448,499,198,506,519,207,517,552,550,541,543,545,544,547,546,442,548,443,549,430,214,436,537,218,536
STAB 3 1 -1 5,2,3,12,1,7,6,9,8,10,11,4,13,37,32,35,34,50,21,33,19,46,45,42,43,36,27,67,59,85,92,15,20,17,16,26,14,44,40,39,41,24,25,38,23,22,49,48,47,18,53,52,51,58,65,70,72,54,29,93,61,64,66,62,55,63,28,94,73,56,74,57,69,71,77,78,75,76,86,80,87,84,91,82,30,79,81,88,90,89,83,31,60,68,95,97,96,300,185,312,291,121,122,105,104,143,108,107,257,216,303,142,262,148,200,217,273,308,348,150,102,103,318,321,330,201,202,317,194,212,329,323,263,159,315,245,254,304,276,363,265,112,106,373,203,405,186,114,149,120,367,401,384,267,337,319,331,339,134,234,161,162,290,244,349,350,354,352,416,409,171,237,417,407,422,297,236,403,400,420,427,457,473,399,99,147,386,266,392,451,467,355,264,129,357,487,505,524,474,115,126,127,145,204,307,483,520,497,476,366,394,130,371,543,381,110,116,537,225,377,333,335,388,383,219,351,288,302,229,305,287,241,328,160,293,177,172,301,277,278,232,362,246,164,136,243,284,249,248,279,347,529,296,137,281,299,109,458,440,434,532,113,133,193,141,188,154,460,485,495,535,280,117,365,314,139,239,240,250,272,255,449,448,247,309,310,231,227,292,163,101,289,235,295,294,253,176,361,256,98,238,228,111,138,230,311,205,118,285,286,306,100,313,275,135,316,128,123,156,324,124,325,132,320,322,327,326,233,131,125,157,334,221,332,222,340,155,341,158,336,338,344,345,342,343,346,251,119,165,166,226,168,356,167,192,353,195,359,358,360,298,242,140,364,274,210,151,370,372,368,213,369,144,418,378,379,220,375,376,382,215,380,224,153,402,187,389,223,387,404,395,189,396,211,391,393,398,397,184,179,152,385,178,390,146,410,174,411,170,406,408,414,415,412,413,169,173,374,423,180,424,175,419,421,426,425,181,482,510,541,455,475,477,260,508,536,450,503,489,259,496,545,547,471,459,461,466,283,282,437,190,454,456,452,431,453,182,258,445,268,446,464,465,462,463,447,191,470,472,468,444,469,183,199,432,209,433,480,481,478,479,428,206,486,269,484,196,491,439,492,488,490,494,493,270,441,208,522,521,502,504,500,438,501,197,523,511,435,512,429,507,509,515,516,513,514,519,518,517,207,499,498,506,198,528,530,531,525,252,526,527,261,534,533,271,436,218,540,542,538,430,539,214,548,442,549,443,544,546,552,553,550,551
STAB 3 1 -1 8,9,6,13,2,3,7,1,10,5,12,4,11,39,41,40,42,51,25,43,24,53,52,44,38,35,37,69,73,88,95,14,21,19,15,32,16,34,36,27,26,17,20,33,22,18,50,46,45,23,48,47,49,74,71,75,77,56,57,96,91,72,70,58,29,59,54,93,63,28,62,55,76,78,64,65,66,67,89,82,86,79,97,90,84,30,85,81,80,87,60,83,31,92,68,61,94,231,311,313,287,300,291,137,136,245,98,101,306,314,275,254,320,221,324,333,336,340,229,171,108,107,322,326,332,335,330,325,341,222,334,327,338,329,316,241,232,192,355,364,346,105,104,375,391,406,419,131,176,297,378,410,395,423,342,321,201,344,212,323,185,216,303,257,356,353,195,357,424,414,177,236,421,412,426,279,250,408,411,425,417,458,474,388,109,169,383,416,397,258,199,226,337,155,351,488,507,525,479,132,114,148,224,529,252,491,528,511,481,379,398,125,376,544,373,111,130,548,144,382,157,331,393,396,380,352,302,119,347,354,122,143,318,317,289,150,149,292,293,301,142,365,309,312,106,310,286,235,238,120,348,448,283,112,285,274,100,463,434,206,498,128,118,308,251,422,175,465,483,260,522,194,129,360,162,167,249,248,237,339,246,205,204,243,255,247,121,265,278,315,103,277,239,281,284,307,172,363,140,102,240,141,135,165,349,161,518,158,295,294,244,99,164,290,110,163,124,115,200,156,113,160,123,233,328,234,319,262,126,116,217,159,127,202,134,193,117,280,133,343,345,272,263,264,273,227,228,288,168,139,276,138,230,166,358,359,305,350,304,362,299,256,242,361,298,225,220,377,219,366,151,367,210,420,369,368,213,381,215,370,371,372,189,211,409,394,392,153,384,407,387,145,386,223,184,399,187,389,203,174,170,400,152,401,179,390,146,385,178,413,415,402,403,404,405,180,154,267,374,147,266,173,181,427,188,418,186,492,515,546,460,478,480,490,513,549,268,509,493,494,512,550,552,476,462,464,209,282,296,445,446,461,459,450,190,451,437,453,182,452,431,454,455,456,457,432,433,477,475,466,191,467,447,469,183,468,444,470,471,472,473,439,440,259,489,482,428,485,196,484,270,495,486,269,487,435,429,527,261,510,508,496,208,497,441,526,501,197,500,438,514,516,502,503,504,505,530,449,531,532,517,207,520,519,506,198,499,271,253,533,535,534,521,523,524,442,443,547,545,536,218,537,436,539,214,538,430,551,553,540,541,542,543
STAB 3 1 -1 8,5,6,12,10,3,7,1,2,9,13,11,4,32,35,37,42,46,34,43,33,45,50,21,19,41,40,70,65,86,93,36,44,38,26,39,27,25,14,16,15,17,20,24,49,48,52,51,53,47,18,23,22,67,72,58,59,64,66,91,96,71,69,75,76,77,78,95,28,63,55,62,29,54,56,73,57,74,82,89,88,80,92,85,87,81,90,30,79,84,61,94,68,97,31,60,83,107,312,257,108,300,291,143,142,245,122,121,185,315,216,254,321,201,318,330,337,263,228,250,287,231,323,317,212,329,333,262,273,217,148,200,339,335,303,105,104,352,350,299,302,241,232,219,392,407,420,202,237,236,371,403,388,417,194,320,221,308,332,322,306,275,316,313,304,354,276,349,186,401,120,297,422,400,267,149,171,409,405,416,423,459,475,395,161,427,397,425,383,455,471,138,336,272,167,489,508,526,191,319,157,334,399,283,282,260,522,503,447,373,384,159,377,545,379,162,331,541,369,367,114,130,394,203,366,192,346,347,119,353,98,137,324,326,248,172,279,249,293,301,136,363,284,311,106,281,286,278,277,177,265,205,529,112,285,362,164,190,484,270,499,328,343,344,288,421,418,437,494,491,528,342,345,256,111,351,292,289,176,338,294,448,253,295,255,247,101,348,235,314,103,238,239,310,309,449,150,365,361,102,240,227,163,359,357,109,296,264,243,246,99,244,100,110,290,135,234,233,327,113,156,123,160,115,128,124,132,325,134,127,222,125,116,131,126,117,193,133,280,118,129,155,340,158,341,141,229,251,305,358,195,226,166,230,139,165,168,355,356,274,364,360,298,140,242,370,372,376,375,380,381,382,215,419,144,213,368,151,210,225,378,220,187,389,408,393,391,184,398,406,145,387,223,386,153,224,189,211,396,402,404,412,413,414,415,146,390,178,385,152,179,174,410,170,411,188,181,426,147,374,173,266,154,169,180,175,424,487,497,547,461,466,467,259,496,543,457,510,482,483,505,536,537,477,450,451,473,252,518,454,456,460,458,462,463,464,465,182,453,431,452,445,258,446,268,470,472,476,474,478,479,480,481,183,469,444,468,432,199,433,209,486,269,490,488,493,495,196,485,434,206,428,439,440,492,502,504,261,527,509,507,513,514,515,516,525,197,501,438,500,208,441,435,511,429,512,521,307,524,523,533,271,534,535,198,506,498,207,204,517,519,520,530,532,531,540,542,546,544,550,551,552,553,214,539,430,538,218,436,442,548,443,549
STAB 3 1 1 8,10,3,13,5,6,7,1,9,2,12,11,4,39,40,41,43,52,38,42,44,53,51,24,25,37,35,71,75,89,96,36,33,34,27,32,26,19,14,15,16,20,17,21,49,47,46,50,45,48,23,18,22,77,69,73,74,76,78,95,93,70,72,65,64,67,66,91,55,62,28,63,56,57,29,58,54,59,88,86,82,81,97,90,87,80,85,79,30,84,68,94,61,92,60,31,83,98,311,306,101,291,300,232,241,254,231,287,313,314,316,245,322,332,326,335,338,342,141,237,121,122,320,324,221,333,329,327,344,334,222,325,336,330,275,136,137,353,357,274,119,142,143,376,393,408,421,331,250,236,380,412,397,425,340,323,212,341,201,321,257,303,216,185,195,192,356,355,426,411,279,297,419,410,424,177,176,406,414,423,416,460,476,383,164,418,388,417,395,462,478,166,339,343,165,490,509,527,432,328,159,217,389,296,282,493,533,513,433,382,396,157,375,546,367,163,202,550,368,379,125,131,391,398,378,354,347,346,302,352,107,104,317,318,235,150,120,238,301,293,105,365,295,312,112,294,285,289,292,149,348,448,518,106,286,364,161,445,485,486,506,319,272,273,288,420,427,446,487,482,517,263,264,140,135,359,277,278,171,337,281,205,307,284,247,255,108,265,248,315,102,249,240,246,243,204,172,363,360,103,239,229,162,351,350,100,283,345,309,310,99,244,109,110,290,111,233,234,262,123,160,113,156,124,132,115,128,200,127,134,148,114,126,130,116,133,280,117,193,155,158,118,194,129,308,228,227,251,358,305,304,230,138,226,168,167,139,349,276,299,362,361,298,256,242,381,215,219,377,371,370,373,372,422,213,144,369,225,220,151,366,210,184,399,407,392,394,187,203,409,223,386,145,387,189,211,153,224,384,413,415,403,402,405,404,178,385,146,390,174,170,152,400,179,401,181,188,186,173,266,147,374,180,175,154,169,267,494,512,544,458,199,209,488,511,552,464,507,491,492,515,548,549,474,258,268,480,252,529,463,465,459,461,455,454,457,456,431,452,182,453,190,450,437,451,479,481,475,477,471,470,473,472,444,468,183,469,191,466,447,467,270,495,489,259,260,269,434,484,196,439,440,206,428,483,514,516,525,526,508,510,503,502,505,504,261,438,500,197,501,435,429,208,496,441,497,271,253,534,535,522,521,524,523,498,499,198,530,449,528,532,531,207,519,520,551,553,545,547,541,540,543,542,430,538,214,539,442,443,218,536,436,537
STAB 3 1 1 8,2,3,12,9,6,7,1,5,10,13,4,11,32,37,35,43,50,19,42,21,45,46,33,34,40,41,72,58,82,91,14,24,25,16,39,15,38,36,26,27,20,17,44,22,23,51,52,53,18,47,48,49,59,70,65,67,29,54,93,95,69,71,73,56,74,57,96,62,55,63,28,64,66,76,75,78,77,86,88,89,30,92,85,84,79,90,80,81,87,31,83,60,97,61,68,94,122,312,185,121,291,300,104,105,254,107,108,257,315,303,245,323,212,317,329,339,194,227,176,101,98,321,318,201,330,335,200,308,148,217,262,337,333,216,142,143,354,349,362,347,136,137,377,394,409,422,130,171,297,366,400,383,416,263,322,332,273,221,320,313,316,275,306,276,352,304,350,267,405,149,236,420,403,186,120,237,407,401,417,425,461,477,397,100,175,395,423,388,450,466,230,338,118,359,259,510,261,470,128,125,222,211,518,252,482,517,496,472,367,203,114,219,547,382,135,131,536,213,373,159,202,392,384,371,353,119,302,346,192,231,232,326,324,278,172,177,277,301,293,241,363,243,311,112,246,285,248,249,279,265,205,296,106,286,299,109,454,196,439,198,132,155,341,251,419,169,456,492,493,533,340,158,361,163,165,238,235,250,336,310,448,449,309,247,255,287,348,289,314,102,292,240,294,295,253,150,365,256,103,239,228,111,167,355,164,529,129,284,281,244,99,161,290,110,162,115,124,325,160,123,156,113,234,319,233,328,327,116,126,334,157,134,331,127,280,133,193,117,272,264,343,342,345,344,229,141,288,139,168,356,166,226,138,305,351,358,357,195,364,274,140,242,360,298,151,210,375,376,378,225,379,220,421,368,369,144,370,372,381,380,215,153,224,406,391,393,189,396,408,386,223,387,145,187,389,184,399,398,152,179,410,174,411,170,385,178,390,146,402,404,413,412,415,414,154,180,424,266,173,374,147,188,418,181,427,426,483,505,545,459,471,473,489,503,537,451,508,260,487,497,541,543,475,455,457,467,282,283,190,437,458,460,258,445,268,446,452,431,453,182,463,462,465,464,191,447,474,476,199,432,209,433,468,444,469,183,479,478,481,480,206,428,488,490,491,440,484,434,485,486,269,270,495,494,208,441,526,525,507,509,511,435,512,429,527,500,438,501,197,502,504,514,513,516,515,207,204,520,519,528,530,531,532,499,498,506,521,307,522,523,524,271,535,534,218,436,544,546,548,442,549,443,538,430,539,214,540,542,551,550,553,552
STAB 3 1 1 9,8,7,13,2,3,6,5,10,1,4,12,11,40,41,39,24,53,43,25,42,51,52,38,44,16,14,73,69,88,95,37,19,21,32,15,35,17,26,27,36,34,33,20,46,50,18,22,23,45,48,49,47,71,74,77,75,70,72,97,83,57,56,54,59,29,58,60,66,67,64,65,78,76,62,55,63,28,90,84,79,86,96,89,82,85,30,87,80,81,93,91,92,31,94,61,68,287,306,313,231,98,101,254,245,136,300,291,311,275,314,137,324,333,320,221,340,336,229,171,107,108,325,327,334,222,125,322,338,335,332,326,341,131,316,232,241,355,192,364,346,104,105,378,395,410,423,329,297,176,375,406,391,419,344,124,126,342,130,132,99,110,111,109,353,356,357,195,421,412,236,177,424,414,425,250,279,411,408,426,173,258,199,223,257,416,224,169,398,458,474,351,155,337,226,491,511,528,481,323,148,114,383,252,529,488,525,507,479,376,397,330,379,548,144,303,212,544,373,380,331,157,396,393,382,168,228,348,251,167,103,106,123,128,292,120,149,289,235,238,112,274,285,100,143,286,310,293,301,150,119,283,448,142,309,365,312,465,260,483,522,317,308,118,347,175,422,463,206,434,498,129,194,360,162,354,248,249,172,158,243,307,204,246,281,284,102,141,240,135,122,239,277,255,247,205,237,140,363,121,278,265,315,349,165,161,518,339,294,295,164,185,244,163,216,290,321,200,115,319,262,234,318,328,233,160,156,113,201,217,116,134,202,127,159,264,273,272,263,345,343,280,133,193,117,288,302,227,352,276,139,304,305,350,359,358,230,166,138,242,256,299,362,298,361,219,377,220,225,210,367,151,366,180,372,370,371,215,381,368,213,369,392,394,170,211,189,384,153,174,389,203,187,388,399,184,386,387,145,407,409,179,401,152,400,404,405,402,403,415,413,385,178,390,146,420,267,154,418,186,188,417,427,181,266,374,147,490,513,549,268,480,478,492,515,546,460,512,494,493,509,552,550,209,464,462,476,449,253,459,461,446,445,437,451,190,450,456,457,454,455,452,431,453,182,475,477,433,432,447,467,191,466,472,473,470,471,468,444,469,183,489,259,440,439,428,482,269,487,486,495,270,484,485,196,508,510,531,532,429,435,441,497,208,496,530,504,505,502,503,516,514,500,438,501,197,526,282,527,261,519,520,207,517,523,524,521,535,296,534,271,533,499,506,198,545,547,443,442,436,537,218,536,542,543,540,541,553,551,538,430,539,214
STAB 3 1 1 9,1,7,4,10,3,6,5,2,8,13,11,12,15,16,14,24,22,17,25,20,23,18,19,21,41,39,56,55,79,60,26,38,44,36,40,27,43,37,35,32,34,33,42,47,48,52,53,51,49,50,45,46,28,57,54,29,62,63,83,97,74,73,77,78,75,76,95,67,66,65,64,59,58,70,69,72,71,84,90,88,80,31,30,81,87,89,85,86,82,61,68,94,96,92,93,91,108,100,109,107,98,101,106,112,136,103,102,99,135,110,137,124,126,123,125,155,133,302,279,231,287,132,128,130,131,221,113,117,116,114,115,158,222,111,104,105,168,166,256,228,232,241,225,189,174,180,127,172,177,213,178,223,173,129,324,333,118,334,325,311,314,316,313,138,167,139,165,147,152,150,176,175,179,154,149,171,170,146,169,419,445,432,391,161,181,398,426,224,431,444,304,340,280,354,439,435,530,467,156,331,332,184,448,449,434,498,438,466,144,153,134,220,442,376,162,157,430,372,151,148,212,211,145,210,355,346,251,348,356,300,254,320,327,249,237,250,248,235,238,245,140,247,306,143,255,310,240,239,236,141,307,252,142,309,242,244,451,486,495,521,233,345,342,227,424,374,450,493,488,525,344,343,299,303,226,289,292,297,341,295,283,296,294,281,284,291,119,293,275,122,301,277,286,285,282,120,274,298,121,278,288,290,358,195,257,253,193,246,243,185,164,312,216,163,315,160,328,326,262,319,318,234,200,317,321,323,322,159,202,335,330,217,329,201,273,264,263,272,308,194,337,336,339,338,265,229,347,230,359,357,351,350,305,276,349,352,192,353,365,364,360,361,363,362,368,369,379,378,382,215,380,381,423,373,371,370,367,366,219,375,377,386,387,411,396,395,399,397,410,203,389,388,187,384,383,392,394,393,385,390,414,415,412,413,405,404,403,402,401,400,407,406,409,408,266,427,425,186,418,417,188,267,416,420,422,421,196,208,443,446,447,191,440,441,214,182,429,428,206,197,436,218,433,437,190,183,529,518,452,453,268,258,464,465,462,463,457,456,455,454,459,458,461,460,468,469,209,199,480,481,478,479,473,472,471,470,475,474,477,476,484,485,492,491,494,270,487,269,260,483,482,489,259,490,500,501,532,531,512,511,515,516,513,514,528,505,504,503,502,497,496,508,507,510,509,499,205,198,506,534,535,533,271,524,523,522,520,204,519,517,207,526,261,527,538,539,549,548,552,553,550,551,543,542,541,540,537,536,545,544,547,546
STAB 3 1 -1 9,10,3,13,1,7,6,5,8,2,4,11,12,40,39,41,25,52,44,24,38,51,53,42,43,14,16,74,77,90,97,26,20,17,27,15,36,21,37,32,35,33,34,19,47,49,22,18,23,48,45,50,46,75,73,69,71,78,76,95,60,56,57,55,62,28,63,83,65,64,67,66,70,72,59,54,58,29,88,79,84,87,96,89,81,80,30,86,85,82,94,68,61,31,93,92,91,300,306,311,291,101,98,241,232,137,287,231,313,275,316,136,325,334,327,222,341,344,265,172,102,103,324,320,333,221,131,326,342,332,335,322,340,125,314,245,254,356,195,365,348,112,106,379,396,411,424,157,279,177,382,414,398,426,336,132,130,338,126,124,109,111,110,99,357,355,353,192,425,408,250,176,423,406,421,236,297,410,412,419,169,268,209,224,244,374,223,173,391,464,480,350,158,345,349,492,512,531,475,233,134,116,387,253,449,494,534,515,477,380,393,331,378,549,151,290,127,552,370,376,330,329,395,397,375,167,251,346,228,168,108,105,128,123,293,120,150,301,238,235,104,274,294,100,142,295,309,292,289,149,119,283,518,143,310,364,161,459,269,484,523,156,280,117,227,180,181,461,196,428,519,133,193,363,315,358,239,240,171,155,255,307,205,247,284,281,107,141,249,135,121,248,278,243,246,204,237,140,360,122,277,229,162,226,166,312,448,343,285,286,185,164,257,216,163,303,328,160,113,318,234,262,319,321,323,200,317,115,202,159,114,148,201,212,217,263,272,273,264,337,339,308,129,194,118,302,288,347,359,230,138,305,304,351,352,354,276,165,139,256,242,298,361,299,362,215,381,225,220,213,368,144,369,175,371,373,372,219,377,367,210,366,399,184,174,189,211,386,145,170,388,187,203,389,392,394,384,383,153,415,413,178,385,146,390,403,402,405,404,407,409,401,179,400,152,427,266,147,417,188,186,418,420,422,267,416,154,493,509,548,258,474,476,491,507,550,462,511,488,490,513,544,546,199,458,460,478,529,252,465,463,445,446,431,452,182,453,455,454,457,456,451,437,450,190,481,479,432,433,444,468,183,469,471,470,473,472,467,447,466,191,495,270,439,440,434,485,260,486,487,489,259,483,482,206,516,514,528,530,435,429,438,500,197,501,532,503,502,505,504,508,510,497,441,496,208,535,296,533,271,498,499,198,506,522,521,524,526,282,525,261,527,520,517,207,553,551,442,443,430,538,214,539,541,540,543,542,545,547,537,436,536,218
STAB 3 1 -1 9,2,3,4,8,7,6,5,1,10,13,12,11,15,14,16,25,18,21,24,19,23,22,20,17,39,41,57,54,84,83,37,42,43,35,40,32,44,26,36,27,33,34,38,46,45,53,52,51,50,49,48,47,29,56,55,28,59,58,60,95,73,74,69,70,71,72,97,64,65,66,67,62,63,78,77,76,75,79,88,90,85,31,30,82,86,89,80,87,81,92,91,93,96,61,94,68,103,100,99,102,101,98,105,104,137,108,107,109,135,111,136,132,130,128,131,158,129,288,297,291,300,124,123,126,125,222,115,118,114,116,113,155,221,110,112,106,167,165,242,251,245,254,220,211,170,175,212,171,176,210,179,224,169,133,325,334,117,333,324,313,316,314,311,139,168,138,166,154,146,149,177,180,178,147,150,172,174,152,173,426,446,433,398,312,422,391,419,223,437,447,305,341,308,358,440,429,532,468,317,330,335,394,518,529,428,519,441,469,151,145,148,225,443,380,315,329,436,371,144,134,127,189,153,213,356,348,228,346,355,287,241,327,320,240,237,236,239,238,235,232,140,246,306,142,243,309,249,248,250,141,307,253,143,310,256,257,452,487,489,524,323,337,338,347,423,416,453,490,494,534,336,339,298,290,349,301,293,279,340,286,283,282,285,284,281,231,119,292,275,121,289,278,295,294,296,120,274,299,122,277,302,303,354,192,244,252,194,247,255,164,185,161,163,216,162,200,321,322,234,318,319,262,160,156,328,233,326,217,201,332,331,159,157,202,272,263,264,273,280,193,345,344,343,342,229,265,227,276,352,353,350,351,304,230,226,359,195,357,364,365,363,362,360,361,367,366,378,379,375,219,376,377,424,370,372,373,368,369,215,382,381,384,383,410,395,396,392,393,411,187,388,389,203,386,387,399,184,397,401,400,406,407,408,409,402,403,404,405,385,390,415,414,413,412,267,420,421,188,417,418,186,266,374,427,181,425,206,197,442,445,444,183,439,438,218,190,435,434,196,208,430,214,432,431,182,191,449,448,451,450,258,268,458,459,460,461,454,455,456,457,465,464,463,462,467,466,199,209,474,475,476,477,470,471,472,473,481,480,479,478,483,482,491,492,488,259,486,260,269,484,485,495,270,493,497,496,530,528,511,512,507,508,509,510,531,502,503,504,505,500,501,516,515,514,513,520,204,207,517,525,526,527,261,521,522,523,499,205,498,506,198,535,271,533,537,536,548,549,544,545,546,547,540,541,542,543,538,539,553,552,551,550
STAB 3 1 -1 10,8,7,13,5,6,3,2,9,1,11,12,4,41,40,39,44,53,42,38,43,52,51,25,24,26,36,75,71,89,96,35,34,33,32,27,37,20,16,15,14,19,21,17,50,46,47,49,48,45,23,22,18,69,77,74,73,72,70,97,94,78,76,66,67,64,65,68,54,59,29,58,57,56,28,63,55,62,90,87,81,82,95,88,86,85,80,84,30,79,91,93,92,61,83,31,60,101,313,306,98,231,287,245,254,241,291,300,311,316,314,232,326,335,322,332,342,338,141,237,122,121,327,325,222,334,157,320,336,333,221,324,344,331,275,137,136,357,353,274,119,143,142,380,397,412,425,330,236,250,376,408,393,421,341,233,127,340,202,328,244,290,163,164,192,195,355,356,419,410,297,279,426,411,423,176,177,414,406,424,374,462,478,387,185,417,389,418,396,460,476,165,343,339,166,493,513,533,433,321,217,159,388,282,296,490,527,509,432,375,395,329,382,550,368,216,201,546,367,378,131,125,398,391,379,358,227,348,288,359,102,112,156,319,238,149,120,235,289,292,106,364,286,161,104,285,294,301,293,150,346,518,448,105,295,365,312,446,482,487,517,318,273,272,302,427,420,445,486,485,506,264,263,140,135,352,278,277,172,345,284,204,307,281,246,243,103,229,239,162,107,240,249,247,255,205,171,360,363,108,248,265,315,350,351,100,283,337,310,309,109,257,99,111,303,110,323,262,234,128,200,115,317,132,124,113,123,160,212,148,134,116,130,126,114,129,308,118,194,158,155,117,193,133,280,251,347,228,354,304,305,276,139,349,167,168,138,226,230,298,361,362,299,242,256,377,219,215,381,372,373,370,371,181,210,151,366,220,225,144,369,213,394,392,415,399,184,203,187,413,224,384,153,383,211,189,145,223,386,409,407,404,405,402,403,179,401,152,400,170,174,146,390,178,385,422,186,188,169,267,154,416,175,180,147,173,266,488,511,552,464,209,199,494,512,544,458,515,492,491,507,549,548,480,268,258,474,253,449,461,459,465,463,456,457,454,455,437,451,190,450,182,453,431,452,477,475,481,479,472,473,470,471,447,467,191,466,183,469,444,468,259,489,495,270,269,260,428,483,206,440,439,196,434,484,510,508,534,535,516,514,504,505,502,503,271,441,497,208,496,429,435,197,501,438,500,261,252,525,526,523,524,521,522,519,520,207,532,529,531,530,528,198,498,499,547,545,553,551,542,543,540,541,436,537,218,536,443,442,214,539,430,538
STAB 3 1 -1 10,1,7,11,9,6,3,2,5,8,13,4,12,27,26,36,44,49,20,38,17,48,47,34,33,40,39,76,63,81,68,16,25,24,14,41,15,42,35,37,32,19,21,43,18,23,51,53,52,22,46,45,50,62,78,66,64,28,55,94,97,77,75,74,57,73,56,96,59,54,58,29,67,65,72,71,70,69,87,90,89,30,61,80,79,84,88,85,82,86,31,60,83,95,92,91,93,121,161,164,122,231,287,112,106,241,102,103,244,162,290,232,233,127,156,157,343,193,347,177,98,101,328,319,202,331,332,160,280,134,159,234,345,334,163,143,142,358,226,361,227,137,136,381,184,413,181,126,172,279,369,390,387,374,264,326,335,272,222,327,311,314,275,306,230,359,305,351,266,402,150,250,427,404,188,120,237,415,385,418,421,463,479,393,100,180,396,424,389,453,469,276,342,117,352,270,514,271,473,123,131,221,189,448,253,485,506,501,471,368,187,116,215,551,375,135,125,539,210,370,217,201,399,386,372,357,119,288,348,195,291,245,322,325,277,171,176,278,289,292,254,360,255,313,104,247,294,239,240,297,229,204,282,105,295,298,99,457,206,440,207,124,158,340,228,426,173,455,491,490,527,341,155,362,216,166,235,238,236,344,309,518,529,310,246,243,300,346,301,316,107,293,249,285,286,252,149,364,242,108,248,251,110,168,356,185,449,133,281,284,257,109,312,303,111,315,113,132,324,200,128,317,115,262,318,323,321,320,114,130,333,329,148,330,212,308,129,194,118,273,263,339,338,337,336,265,141,302,138,167,355,165,349,139,304,350,354,353,192,365,274,140,256,363,299,144,213,382,380,379,220,378,225,425,367,366,151,373,371,377,376,219,145,223,414,398,397,211,395,412,384,224,383,153,203,388,394,392,391,146,178,411,170,410,174,401,179,400,152,405,403,409,408,407,406,147,175,423,267,169,416,154,186,417,422,420,419,484,502,553,465,472,470,495,504,538,452,516,269,486,500,542,540,481,456,454,468,296,283,182,431,464,462,268,446,258,445,451,437,450,190,461,460,459,458,183,444,480,478,209,433,199,432,467,447,466,191,477,476,475,474,196,434,494,493,492,439,483,428,482,487,260,259,489,488,197,438,535,534,515,513,512,429,511,435,533,497,441,496,208,505,503,510,509,508,507,198,205,499,498,531,532,528,530,520,519,517,524,307,523,522,521,261,526,525,214,430,552,550,549,443,548,442,537,436,536,218,543,541,547,546,545,544
STAB 3 1 1 10,9,6,13,1,7,3,2,8,5,11,4,12,41,39,40,38,51,24,44,25,52,53,43,42,36,26,77,74,90,97,16,17,20,15,27,14,33,35,32,37,21,19,34,18,22,49,47,48,23,45,46,50,73,75,71,69,57,56,96,68,76,78,63,28,62,55,94,58,29,59,54,72,70,67,66,65,64,89,81,87,84,95,88,79,30,80,82,85,86,83,60,31,61,91,92,93,291,313,311,300,287,231,136,137,232,101,98,306,316,275,241,327,222,325,334,344,341,265,172,103,102,326,322,335,332,331,324,340,221,333,320,342,157,314,254,245,195,356,365,348,106,112,382,398,414,426,125,177,279,379,411,396,424,338,328,202,336,127,233,164,163,290,244,355,357,192,353,423,406,176,250,425,408,419,297,236,412,410,421,418,464,480,389,99,173,387,374,393,268,209,349,345,158,350,494,515,534,477,124,116,134,223,449,253,492,531,512,475,378,391,131,380,552,370,110,126,549,151,375,329,330,397,395,376,359,288,119,227,358,121,142,319,156,301,149,150,293,292,289,143,364,310,161,105,309,295,238,235,120,346,518,283,104,294,274,100,461,428,196,519,123,117,280,228,181,180,459,484,269,523,193,133,363,315,168,240,239,237,343,247,204,205,255,243,246,122,229,277,162,108,278,248,284,281,307,171,360,140,107,249,141,135,166,226,312,448,155,286,285,257,109,185,303,111,216,132,113,160,317,115,200,128,323,321,262,318,234,130,114,159,217,212,201,148,194,118,308,129,339,337,273,264,263,272,347,251,302,167,138,230,139,276,165,354,352,304,351,305,361,298,242,256,362,299,220,225,381,215,369,144,368,213,427,366,367,210,377,219,373,372,371,211,189,413,184,399,145,386,415,383,153,384,224,394,392,203,388,187,170,174,390,146,385,178,400,152,401,179,409,407,405,404,403,402,175,147,266,416,154,267,169,422,420,186,417,188,491,507,550,462,476,474,493,509,548,258,513,490,488,511,546,544,478,460,458,199,296,282,446,445,463,465,453,182,452,431,450,190,451,437,457,456,455,454,433,432,479,481,469,183,468,444,466,191,467,447,473,472,471,470,440,439,270,495,485,434,482,206,483,259,489,487,260,486,429,435,533,271,514,516,501,197,500,438,535,496,208,497,441,510,508,505,504,503,502,532,529,528,530,506,198,499,498,517,207,520,261,252,527,526,525,524,522,521,443,442,551,553,539,214,538,430,536,218,537,436,547,545,543,542,541,540
STAB 3 1 1 10,5,6,11,8,7,3,2,1,9,13,12,4,27,36,26,38,47,33,44,34,48,49,17,20,39,40,78,66,87,94,35,43,42,37,41,32,24,16,14,15,21,19,25,50,45,53,51,52,46,22,23,18,64,76,63,62,67,65,68,96,75,77,71,72,69,70,97,29,58,54,59,28,55,57,74,56,73,81,89,90,85,61,80,86,82,88,30,84,79,92,93,91,95,31,83,60,102,161,244,103,287,231,142,143,232,121,122,164,162,163,241,328,202,319,331,345,264,251,236,300,291,233,156,127,157,334,234,272,159,134,160,343,332,290,106,112,359,351,298,288,254,245,215,399,415,427,201,237,250,372,404,389,418,193,327,222,280,335,326,306,275,314,311,305,358,230,226,188,385,120,279,181,390,266,150,172,413,402,374,424,465,481,396,312,420,393,421,387,456,472,139,344,273,168,495,516,535,183,318,329,333,392,283,296,269,523,504,444,370,386,217,381,553,378,315,330,542,366,368,116,126,184,187,369,195,348,227,119,357,101,136,325,322,239,171,297,240,292,289,137,360,281,313,105,284,295,277,278,176,229,204,449,104,294,361,185,182,483,259,520,321,339,336,302,425,417,431,488,492,531,338,337,242,110,350,293,301,177,342,285,518,252,286,243,246,98,346,238,316,108,235,248,309,310,529,149,364,362,107,249,347,216,352,353,99,282,263,255,247,109,257,100,111,303,135,262,323,320,115,317,128,200,113,123,132,124,324,148,212,221,131,114,125,130,118,194,129,308,117,133,158,341,155,340,141,265,228,304,354,192,349,165,276,138,166,167,356,355,274,365,363,299,140,256,373,371,380,382,376,377,375,219,426,151,210,367,144,213,220,379,225,203,388,412,397,398,394,391,414,153,383,224,384,145,223,211,189,395,405,403,408,409,406,407,152,400,179,401,146,178,170,411,174,410,186,422,419,154,416,169,267,147,173,175,180,423,486,500,551,463,469,468,270,501,540,454,514,485,484,502,539,538,479,453,452,470,253,448,457,455,462,464,460,461,458,459,190,450,437,451,446,268,445,258,473,471,478,480,476,477,474,475,191,466,447,467,433,209,432,199,487,260,493,494,490,489,206,482,428,196,434,440,439,491,505,503,271,533,513,515,509,510,507,508,534,208,496,441,497,197,438,429,512,435,511,524,307,521,522,527,261,525,526,207,517,519,198,205,506,498,499,532,530,528,543,541,550,552,546,547,544,545,218,536,436,537,214,430,443,549,442,548
BOUND 3 1 1 1,2,3,4,5,6,7,8,9,10,11,12,13,14,15,16,17,18,19,20,21,22,23,24,25,26,27,28,29,30,31,32,33,34,35,36,37,38,39,40,41,42,43,44,45,46,47,48,49,50,51,52,53,54,55,56,57,58,59,60,61,62,63,64,65,66,67,68,69,70,71,72,73,74,75,76,77,78,79,80,81,82,83,84,85,86,87,88,89,90,91,92,93,94,95,96,97,98,99,100,101,102,103,104,105,106,107,108,109,110,111,112,113,114,115,116,117,118,119,120,121,122,123,124,125,126,127,128,129,130,131,132,133,134,135,136,137,138,139,140,141,142,143,144,145,146,147,148,149,150,151,152,153,154,155,156,157,158,159,160,161,162,163,164,165,166,167,168,169,170,171,172,173,174,175,176,177,178,179,180,181,182,183,184,185,186,187,188,189,190,191,192,193,194,195,196,197,198,199,200,201,202,203,204,205,206,207,208,209,210,211,212,213,214,215,216,217,218,219,220,221,222,223,224,225,226,227,228,229,230,231,232,233,234,235,236,237,238,239,240,241,242,243,244,245,246,247,248,249,250,251,252,253,254,255,256,257,258,259,260,261,262,263,264,265,266,267,268,269,270,271,272,273,274,275,276,277,278,279,280,281,282,283,284,285,286,287,288,289,290,291,292,293,294,295,296,297,298,299,300,301,302,303,304,305,306,307,308,309,310,311,312,313,314,315,316,317,318,319,320,321,322,323,324,325,326,327,328,329,330,331,332,333,334,335,336,337,338,339,340,341,342,343,344,345,346,347,348,349,350,351,352,353,354,355,356,357,358,359,360,361,362,363,364,365,366,367,368,369,370,371,372,373,374,375,376,377,378,379,380,381,382,383,384,385,386,387,388,389,390,391,392,393,394,395,396,397,398,399,400,401,402,403,404,405,406,407,408,409,410,411,412,413,414,415,416,417,418,419,420,421,422,423,424,425,426,427,428,429,430,431,432,433,434,435,436,437,438,439,440,441,442,443,444,445,446,447,448,449,450,451,452,453,454,455,456,457,458,459,460,461,462,463,464,465,466,467,468,469,470,471,472,473,474,475,476,477,478,479,480,481,482,483,484,485,486,487,488,489,490,491,492,493,494,495,496,497,498,499,500,501,502,503,504,505,506,507,508,509,510,511,512,513,514,515,516,517,518,519,520,521,522,523,524,525,526,527,528,529,530,531,532,533,534,535,536,537,538,539,540,541,542,543,544,545,546,547,548,549,550,551,552,553
BOUND 3 1 -1 1,5,6,11,2,3,7,8,10,9,4,12,13,36,27,26,20,47,34,17,33,49,48,44,38,16,15,62,64,80,61,32,21,19,37,14,35,25,39,41,40,43,42,24,45,50,18,23,22,46,52,51,53,66,63,76,78,65,67,68,31,28,55,29,58,54,59,60,71,72,69,70,75,77,73,56,74,57,81,30,79,86,94,87,85,82,84,89,88,90,93,92,91,83,96,95,97,231,244,161,287,103,102,143,142,112,122,121,164,290,163,106,160,159,234,134,280,272,346,149,108,107,156,233,157,127,126,319,264,202,331,328,193,116,162,241,232,230,305,360,229,105,104,368,386,385,266,217,120,150,370,402,187,188,343,123,125,345,114,113,100,135,111,109,351,226,359,358,418,415,237,172,374,413,427,250,279,390,404,181,180,452,468,189,257,267,153,154,184,454,470,353,133,263,356,484,500,499,478,262,212,130,384,307,205,486,521,502,480,372,399,201,369,538,220,303,148,540,377,215,332,334,387,389,381,166,228,227,141,138,98,137,124,115,289,297,171,292,240,239,136,298,284,99,254,281,255,278,277,176,288,282,449,245,247,361,185,462,489,482,526,200,194,129,265,147,186,464,428,439,530,118,308,364,316,304,249,248,177,117,246,252,518,243,286,285,101,251,235,110,300,238,301,310,309,529,236,242,362,291,293,347,216,276,139,313,204,273,295,294,311,312,306,314,315,275,318,317,128,322,323,320,321,326,327,324,325,132,330,329,131,221,335,222,333,338,339,336,337,342,344,340,155,341,158,119,302,348,350,349,165,354,192,352,357,195,355,168,167,140,256,299,363,274,365,371,373,144,213,151,366,210,367,173,376,375,219,380,382,378,225,379,388,203,146,145,223,383,224,178,393,394,391,392,397,398,395,396,211,403,405,152,400,179,401,408,409,406,407,412,414,410,174,411,170,417,416,169,421,422,419,420,425,426,423,424,175,269,516,539,453,479,481,485,514,542,456,501,270,495,504,551,553,469,463,465,472,448,253,455,457,182,431,190,450,437,451,460,461,458,459,258,445,268,446,471,473,183,444,191,466,447,467,476,477,474,475,199,432,209,433,260,487,196,434,206,483,490,259,488,493,494,491,492,440,503,505,506,198,197,438,208,496,441,497,498,509,510,507,508,513,515,511,435,512,429,522,283,523,524,207,517,519,520,527,261,525,533,296,271,534,535,528,531,532,541,543,214,430,218,536,436,537,546,547,544,545,550,552,548,442,549,443
BOUND 3 1 1 5,1,7,11,2,3,6,9,10,8,12,4,13,26,27,36,33,49,17,34,20,47,48,38,44,35,32,64,62,80,61,15,19,21,14,37,16,43,40,41,39,25,24,42,23,18,50,45,46,22,52,53,51,63,66,78,76,55,28,94,92,67,65,59,54,58,29,93,74,57,73,56,77,75,69,70,71,72,87,85,86,79,68,81,30,84,82,90,88,89,60,31,83,91,97,95,96,287,164,161,231,122,121,106,112,142,103,102,244,163,290,143,234,134,160,159,272,280,346,149,107,108,319,328,331,202,201,156,193,127,157,233,264,217,162,232,241,305,230,360,229,104,105,370,187,402,188,116,150,120,368,385,386,266,345,318,330,343,148,262,312,315,303,257,226,351,358,359,374,413,172,237,418,415,181,279,250,404,390,427,420,454,470,392,109,154,384,267,399,452,468,356,263,133,353,486,502,521,480,113,130,212,153,205,307,484,499,500,478,369,184,126,372,540,377,111,114,538,220,381,334,332,389,387,215,350,302,288,265,304,300,254,321,200,292,176,171,289,278,277,245,361,247,185,137,255,281,240,239,297,227,449,282,136,284,298,99,464,439,428,530,115,129,194,141,186,147,462,482,489,526,308,118,364,316,138,248,249,236,273,243,529,518,246,310,309,291,347,293,216,98,301,238,286,285,252,177,362,242,101,235,251,110,139,276,313,204,117,294,295,306,100,311,275,135,314,123,128,317,325,132,324,124,327,326,320,322,323,125,131,329,333,222,335,221,341,158,340,155,344,342,336,337,338,339,348,228,119,166,165,349,167,355,168,195,357,192,352,354,363,299,256,140,365,274,213,144,373,371,367,210,366,151,417,379,378,225,382,380,375,219,376,223,145,405,203,388,224,383,403,396,211,395,189,398,397,391,393,394,178,146,401,179,400,152,411,170,410,174,414,412,406,407,408,409,173,169,416,424,175,423,180,426,425,419,421,422,485,514,542,456,481,479,269,516,539,453,504,495,270,501,553,551,472,465,463,469,283,296,431,182,457,455,451,437,450,190,268,446,258,445,458,459,460,461,444,183,473,471,467,447,466,191,209,433,199,432,474,475,476,477,434,196,487,260,483,206,492,440,491,494,493,488,490,259,438,197,523,524,505,503,497,441,496,208,522,512,429,511,435,515,513,507,508,509,510,498,448,506,198,520,519,517,207,531,532,528,534,253,535,533,271,525,527,261,430,214,543,541,537,436,536,218,549,443,548,442,552,550,544,545,546,547
BOUND 3 1 -1 5,10,3,11,8,7,6,9,1,2,12,13,4,26,36,27,34,48,44,33,38,47,49,20,17,32,35,66,78,87,94,40,42,43,41,37,39,21,15,14,16,24,25,19,51,53,45,50,46,52,22,18,23,76,64,62,63,77,75,61,93,65,67,70,69,72,71,92,56,73,57,74,55,28,54,59,29,58,80,86,85,90,68,81,89,88,82,79,84,30,97,96,95,91,60,83,31,103,164,244,102,121,122,241,232,143,287,231,161,163,162,142,319,331,328,202,264,345,251,236,291,300,234,160,134,159,217,233,343,157,127,156,272,201,290,112,106,351,359,298,288,245,254,372,389,404,418,332,250,237,215,415,399,427,280,262,148,193,330,318,257,303,315,312,358,305,226,230,181,390,279,120,188,385,374,172,150,402,413,266,267,456,472,384,311,421,392,420,386,465,481,168,273,344,139,269,504,523,444,326,333,329,393,296,283,495,535,516,183,381,387,334,370,542,366,314,335,553,378,369,126,116,187,184,368,304,265,229,302,350,108,105,200,321,240,176,297,239,277,278,104,361,294,185,136,295,284,292,289,171,227,449,204,137,281,360,313,431,492,488,531,322,336,339,119,417,425,182,259,483,520,337,338,242,110,357,301,293,149,263,286,529,252,285,309,310,107,347,249,216,101,248,235,243,246,518,177,362,364,98,238,346,316,353,352,99,282,342,247,255,100,306,109,135,275,111,327,320,323,124,324,132,325,123,113,128,115,317,222,221,212,130,125,114,131,155,340,158,341,133,117,129,308,118,194,228,348,141,195,192,354,355,167,356,166,138,165,276,349,299,363,365,274,256,140,382,380,371,373,219,375,377,376,186,225,220,379,213,144,210,367,151,398,397,403,388,203,391,394,405,189,395,211,396,223,145,224,153,383,414,412,407,406,409,408,174,410,170,411,178,146,179,401,152,400,426,419,422,180,423,175,424,173,147,169,154,416,270,501,540,454,468,469,486,500,551,463,502,484,485,514,538,539,470,452,453,479,307,205,464,462,455,457,459,458,461,460,445,258,446,268,437,451,190,450,480,478,471,473,475,474,477,476,432,199,433,209,447,467,191,466,494,493,260,487,489,490,439,491,440,434,196,428,206,482,515,513,521,522,503,505,508,507,510,509,524,435,511,429,512,438,197,441,497,208,496,534,253,271,533,526,525,261,527,530,528,532,498,448,499,198,506,519,207,517,552,550,541,543,545,544,547,546,442,548,443,549,430,214,436,537,218,536
BOUND 3 1 -2 1,2,3,4,5,6,7,8,9,10,11,12,13,14,15,16,17,18,19,20,21,22,23,24,25,26,27,28,29,30,31,32,33,34,35,36,37,38,39,40,41,42,43,44,45,46,47,48,49,50,51,52,53,54,55,56,57,58,59,60,61,62,63,64,65,66,67,68,69,70,71,72,73,74,75,76,77,78,79,80,81,82,83,84,85,86,87,88,89,90,91,92,93,94,95,96,97,98,99,100,101,102,103,104,105,106,107,108,109,110,111,112,113,114,115,116,117,118,119,120,121,122,123,124,125,126,127,128,129,130,131,132,133,134,135,136,137,138,139,140,141,142,143,144,145,146,147,148,149,150,151,152,153,154,155,156,157,158,159,160,161,162,163,164,165,166,167,168,169,170,171,172,173,174,175,176,177,178,179,180,181,182,183,184,185,186,187,188,189,190,191,192,193,194,195,196,197,198,199,200,201,202,203,204,205,206,207,208,209,210,211,212,213,214,215,216,217,218,219,220,221,222,223,224,225,226,227,228,229,230,231,232,233,234,235,236,237,238,239,240,241,242,243,244,245,246,247,248,249,250,251,252,253,254,255,256,257,258,259,260,261,262,263,264,265,266,267,268,269,270,271,272,273,274,275,276,277,278,279,280,281,282,283,284,285,286,287,288,289,290,291,292,293,294,295,296,297,298,299,300,301,302,303,304,305,306,307,308,309,310,311,312,313,314,315,316,317,318,319,320,321,322,323,324,325,326,327,328,329,330,331,332,333,334,335,336,337,338,339,340,341,342,343,344,345,346,347,348,349,350,351,352,353,354,355,356,357,358,359,360,361,362,363,364,365,366,367,368,369,370,371,372,373,374,375,376,377,378,379,380,381,382,383,384,385,386,387,388,389,390,391,392,393,394,395,396,397,398,399,400,401,402,403,404,405,406,407,408,409,410,411,412,413,414,415,416,417,418,419,420,421,422,423,424,425,426,427,428,429,430,431,432,433,434,435,436,437,438,439,440,441,442,443,444,445,446,447,448,449,450,451,452,453,454,455,456,457,458,459,460,461,462,463,464,465,466,467,468,469,470,471,472,473,474,475,476,477,478,479,480,481,482,483,484,485,486,487,488,489,490,491,492,493,494,495,496,497,498,499,500,501,502,503,504,505,506,507,508,509,510,511,512,513,514,515,516,517,518,519,520,521,522,523,524,525,526,527,528,529,530,531,532,533,534,535,536,537,538,539,540,541,542,543,544,545,546,547,548,549,550,551,552,553
BOUND 3 1 2 2,1,7,4,5,6,3,10,9,8,12,11,13,16,15,14,21,22,20,19,17,18,23,25,24,37,32,29,28,30,31,27,34,33,36,35,26,42,41,40,39,38,44,43,48,47,46,45,50,49,51,53,52,55,54,57,56,63,62,83,92,59,58,67,66,65,64,91,77,78,75,76,74,73,71,72,69,70,84,85,82,81,60,79,80,87,86,90,89,88,68,61,94,93,97,96,95,101,109,100,98,107,108,112,106,105,102,103,99,111,110,104,115,116,113,114,118,117,119,120,122,121,128,132,131,130,212,123,133,126,125,124,129,148,135,137,136,139,138,140,141,143,142,151,153,152,154,134,150,149,144,146,145,147,158,317,329,155,217,200,312,315,216,185,166,165,168,167,173,174,172,171,169,170,180,177,176,179,178,175,422,190,191,394,164,188,203,186,211,182,183,195,194,193,192,206,208,207,209,160,202,201,187,205,204,196,198,197,199,213,189,127,210,218,219,163,159,214,215,225,222,221,224,223,220,349,347,251,265,276,291,245,323,262,238,250,237,235,248,249,254,256,255,257,232,247,246,239,240,236,228,253,252,241,243,242,244,268,270,269,271,234,264,263,229,267,266,258,260,259,261,273,272,274,275,230,278,277,297,308,284,296,283,281,294,295,300,302,301,303,231,293,292,285,286,282,279,299,298,287,289,288,290,305,304,306,307,280,310,309,313,161,311,316,162,314,156,319,318,327,328,326,233,325,324,322,320,321,157,331,330,335,334,333,332,344,345,342,343,341,340,338,339,336,337,348,227,346,226,351,350,359,357,358,356,355,353,354,352,363,362,361,360,365,364,369,368,367,366,373,372,371,370,416,382,380,381,379,378,376,377,375,387,386,401,384,383,389,388,400,398,399,397,184,396,395,393,391,392,390,385,405,404,403,402,414,415,412,413,411,410,408,409,406,407,374,418,417,426,427,425,181,424,423,421,419,420,434,435,436,437,433,432,428,429,430,431,441,440,439,438,443,442,447,446,445,444,518,529,453,452,451,450,457,456,455,454,464,465,462,463,460,461,458,459,469,468,467,466,473,472,471,470,480,481,478,479,476,477,474,475,485,484,483,482,487,486,494,495,493,492,491,490,488,489,501,500,519,520,497,496,505,504,503,502,517,515,516,513,514,512,511,509,510,507,508,506,448,498,499,524,523,522,521,534,535,533,531,449,532,528,530,527,525,526,539,538,537,536,543,542,541,540,552,553,550,551,549,548,546,547,544,545
BOUND 3 1 -2 2,5,6,12,1,7,3,10,8,9,4,11,13,35,32,37,19,46,33,21,34,50,45,43,42,14,15,59,67,85,92,27,17,20,26,16,36,24,41,39,40,44,38,25,48,49,22,23,18,47,53,51,52,65,58,72,70,66,64,91,31,29,54,28,63,55,62,83,75,76,77,78,71,69,74,57,73,56,82,30,84,87,93,86,80,81,79,89,90,88,94,61,68,60,96,97,95,291,257,312,300,108,107,142,143,104,121,122,185,303,216,105,200,217,262,148,308,273,348,150,103,102,317,323,329,212,130,318,263,201,330,321,194,114,315,254,245,276,304,363,265,106,112,367,384,401,267,159,120,149,373,405,203,186,339,128,131,337,116,115,100,135,110,99,350,349,352,354,417,407,237,171,416,409,420,236,297,400,403,422,175,451,467,211,244,266,145,147,394,457,473,357,129,264,355,483,497,520,476,234,127,126,386,307,204,487,524,505,474,371,392,202,366,537,225,290,134,543,381,219,335,333,383,388,377,165,251,347,141,139,101,136,132,113,301,279,172,293,249,248,137,299,281,109,241,284,243,277,278,177,302,296,529,232,246,362,164,460,495,485,535,160,193,133,229,154,188,458,434,440,532,117,280,365,314,305,240,239,176,118,247,253,448,255,295,294,98,228,238,111,287,235,289,309,310,449,250,256,361,231,292,227,163,230,138,311,205,272,286,285,313,161,306,316,162,275,319,156,123,326,233,327,328,322,320,325,324,124,331,157,125,222,332,221,334,342,343,344,345,338,336,341,158,340,155,119,288,346,351,226,166,358,195,359,353,192,356,167,168,140,242,298,360,274,364,372,370,151,210,144,369,213,368,169,380,382,215,376,375,379,220,378,389,187,152,153,224,387,223,179,397,184,398,399,393,391,396,395,189,404,402,146,390,178,385,412,413,414,415,408,406,411,170,410,174,418,374,173,425,181,426,427,421,419,424,423,180,260,508,536,450,477,475,482,510,541,455,496,259,489,503,547,545,466,461,459,471,518,252,456,454,190,437,182,453,431,452,462,463,464,465,268,446,258,445,472,470,191,447,183,469,444,468,478,479,480,481,209,433,199,432,269,486,206,428,196,484,493,270,494,490,488,492,491,439,504,502,517,207,208,441,197,501,438,500,519,513,514,515,516,509,507,512,429,511,435,523,283,522,521,198,506,498,499,533,271,534,527,282,261,525,526,531,528,530,542,540,218,436,214,539,430,538,550,551,552,553,546,544,549,443,548,442
BOUND 3 1 -2 2,9,6,4,8,7,3,10,1,5,12,13,11,16,14,15,19,23,24,21,25,18,22,17,20,32,37,54,57,84,83,41,43,42,40,35,39,33,27,36,26,44,38,34,52,53,45,46,50,51,49,47,48,56,29,28,55,74,73,31,91,58,59,72,71,70,69,92,76,75,78,77,63,62,66,67,64,65,30,82,85,90,60,79,88,89,86,81,87,80,97,95,96,93,68,94,61,102,109,99,103,108,107,136,137,104,101,98,100,111,135,105,128,131,132,130,129,158,288,297,300,291,115,113,116,114,148,124,155,125,126,123,118,212,110,106,112,165,167,242,251,254,245,210,224,179,169,221,176,171,220,170,211,175,117,200,217,133,329,317,185,216,315,312,168,139,166,138,180,178,177,149,154,146,173,172,150,152,174,147,186,437,447,203,311,419,394,422,145,446,433,358,308,341,305,428,441,519,469,324,335,330,391,529,518,440,532,429,468,225,223,222,151,436,371,314,333,443,380,213,127,134,153,189,144,276,265,141,347,349,121,142,262,323,239,250,236,240,249,248,143,256,310,257,241,309,243,238,235,237,228,253,307,232,246,140,306,453,494,490,534,320,338,337,346,416,423,452,489,487,524,339,336,298,290,355,293,301,120,194,285,296,282,286,295,294,122,302,277,303,287,278,289,284,281,283,279,299,274,231,292,119,275,192,354,244,252,340,255,247,161,313,164,162,316,163,325,322,321,233,326,328,327,156,160,319,234,318,334,332,201,202,157,159,331,343,342,345,344,193,280,264,273,272,263,227,348,229,356,353,352,357,359,195,226,230,351,304,350,362,363,365,364,361,360,379,378,366,367,377,376,219,375,267,381,215,382,369,368,372,373,370,396,395,400,383,384,393,392,401,184,397,399,398,387,386,389,187,388,411,410,409,408,407,406,413,412,415,414,390,385,404,405,402,403,424,421,420,181,425,427,426,374,266,418,188,417,439,438,218,190,183,444,206,197,442,445,208,196,434,435,214,430,191,182,431,432,204,205,268,258,450,451,461,460,459,458,463,462,465,464,456,457,454,455,209,199,466,467,477,476,475,474,479,478,481,480,472,473,470,471,492,491,482,483,259,488,270,493,495,485,484,269,486,260,512,511,207,517,496,497,510,509,508,507,520,514,513,516,515,501,500,504,505,502,503,531,449,530,528,261,527,526,525,271,533,535,506,448,198,499,498,523,521,522,549,548,536,537,547,546,545,544,551,550,553,552,539,538,542,543,540,541
BOUND 3 1 2 2,8,7,12,9,6,3,10,5,1,4,13,11,35,37,32,21,45,42,19,43,50,46,34,33,15,14,58,72,82,91,41,25,24,39,16,40,20,27,26,36,38,44,17,52,51,23,22,18,53,47,49,48,70,59,67,65,71,69,92,83,54,29,57,74,56,73,31,78,77,76,75,66,64,63,28,62,55,85,84,30,89,93,86,88,90,79,87,81,80,96,95,97,60,94,68,61,121,257,185,122,107,108,245,254,105,291,300,312,303,315,104,317,329,323,212,194,339,227,176,98,101,200,262,217,148,114,321,337,330,201,318,308,130,216,143,142,349,354,362,347,137,136,366,383,400,416,333,297,171,377,409,394,422,273,115,116,263,131,128,99,110,135,100,352,276,350,304,420,403,236,149,267,405,417,237,120,401,407,186,147,450,466,145,306,423,211,175,203,461,477,359,118,338,230,482,496,517,472,320,222,125,395,252,518,259,261,510,470,219,388,335,367,536,213,275,221,547,382,371,202,159,384,392,373,139,141,265,251,165,102,112,113,132,277,279,177,278,248,249,106,299,286,109,232,285,246,301,293,172,302,296,205,241,243,363,311,456,493,492,533,324,341,155,346,169,419,454,439,196,198,158,340,361,163,192,235,238,150,129,309,253,449,310,294,295,103,228,239,111,231,240,292,247,255,448,250,256,365,287,289,348,314,355,167,164,529,336,281,284,161,313,244,162,316,290,322,325,124,328,327,233,326,319,234,156,160,123,332,334,126,127,331,134,157,345,344,343,342,264,272,193,117,280,133,288,119,229,353,356,168,195,358,357,351,305,226,138,166,242,140,274,364,298,360,376,375,210,151,220,379,225,378,154,215,381,380,372,370,369,144,368,393,391,179,224,153,396,189,152,399,398,184,397,389,187,387,386,223,408,406,170,411,174,410,415,414,413,412,404,402,390,146,385,178,421,424,180,427,426,181,425,418,188,374,266,173,489,503,537,451,473,471,483,505,545,459,497,487,260,508,543,541,467,457,455,475,204,307,460,458,437,190,446,268,445,258,465,464,463,462,453,182,452,431,476,474,447,191,433,209,432,199,481,480,479,478,469,183,468,444,490,488,428,206,440,491,495,494,270,269,486,485,484,434,509,507,520,519,441,208,429,512,435,511,207,516,515,514,513,504,502,501,197,500,438,527,282,526,525,532,531,530,528,535,534,271,523,283,524,521,522,506,499,498,546,544,436,218,443,549,442,548,553,552,551,550,542,540,539,214,538,430
BOUND 3 1 -2 8,2,3,12,9,6,7,1,5,10,13,4,11,32,37,35,43,50,19,42,21,45,46,33,34,40,41,72,58,82,91,14,24,25,16,39,15,38,36,26,27,20,17,44,22,23,51,52,53,18,47,48,49,59,70,65,67,29,54,93,95,69,71,73,56,74,57,96,62,55,63,28,64,66,76,75,78,77,86,88,89,30,92,85,84,79,90,80,81,87,31,83,60,97,61,68,94,122,312,185,121,291,300,104,105,254,107,108,257,315,303,245,323,212,317,329,339,194,227,176,101,98,321,318,201,330,335,200,308,148,217,262,337,333,216,142,143,354,349,362,347,136,137,377,394,409,422,130,171,297,366,400,383,416,263,322,332,273,221,320,313,316,275,306,276,352,304,350,267,405,149,236,420,403,186,120,237,407,401,417,425,461,477,397,100,175,395,423,388,450,466,230,338,118,359,259,510,261,470,128,125,222,211,518,252,482,517,496,472,367,203,114,219,547,382,135,131,536,213,373,159,202,392,384,371,353,119,302,346,192,231,232,326,324,278,172,177,277,301,293,241,363,243,311,112,246,285,248,249,279,265,205,296,106,286,299,109,454,196,439,198,132,155,341,251,419,169,456,492,493,533,340,158,361,163,165,238,235,250,336,310,448,449,309,247,255,287,348,289,314,102,292,240,294,295,253,150,365,256,103,239,228,111,167,355,164,529,129,284,281,244,99,161,290,110,162,115,124,325,160,123,156,113,234,319,233,328,327,116,126,334,157,134,331,127,280,133,193,117,272,264,343,342,345,344,229,141,288,139,168,356,166,226,138,305,351,358,357,195,364,274,140,242,360,298,151,210,375,376,378,225,379,220,421,368,369,144,370,372,381,380,215,153,224,406,391,393,189,396,408,386,223,387,145,187,389,184,399,398,152,179,410,174,411,170,385,178,390,146,402,404,413,412,415,414,154,180,424,266,173,374,147,188,418,181,427,426,483,505,545,459,471,473,489,503,537,451,508,260,487,497,541,543,475,455,457,467,282,283,190,437,458,460,258,445,268,446,452,431,453,182,463,462,465,464,191,447,474,476,199,432,209,433,468,444,469,183,479,478,481,480,206,428,488,490,491,440,484,434,485,486,269,270,495,494,208,441,526,525,507,509,511,435,512,429,527,500,438,501,197,502,504,514,513,516,515,207,204,520,519,528,530,531,532,499,498,506,521,307,522,523,524,271,535,534,218,436,544,546,548,442,549,443,538,430,539,214,540,542,551,550,553,552
