META 31 993 1,1,2,1
CELL 0 1 24
STAB 0 1 1 2,1,7,4,5,6,3,10,9,8,12,11,13,16,15,14,21,22,20,19,17,18,23,25,24,37,32,29,28,30,31,27,34,33,36,35,26,42,41,40,39,38,44,43,48,47,46,45,50,49,51,53,52,55,54,57,56,63,62,83,92,59,58,67,66,65,64,91,77,78,75,76,74,73,71,72,69,70,84,85,82,81,60,79,80,87,86,90,89,88,68,61,94,93,97,96,95,101,109,100,98,107,108,112,106,105,102,103,99,111,110,104,115,116,113,114,118,117,119,120,122,121,128,132,131,130,212,123,133,126,125,124,129,148,135,137,136,139,138,140,141,143,142,151,153,152,154,134,150,149,144,146,145,147,158,318,330,155,217,200,312,315,216,185,166,165,168,167,173,174,172,171,169,170,180,177,176,179,178,175,440,190,191,412,164,188,203,186,211,182,183,195,194,193,192,206,208,207,209,160,202,201,187,205,204,196,198,197,199,213,189,127,210,218,219,163,159,214,215,225,222,221,224,223,220,360,379,251,265,276,291,245,324,262,238,250,237,235,248,249,254,256,255,257,232,247,246,239,240,236,228,253,252,241,243,242,244,268,270,269,271,234,264,263,229,267,266,258,260,259,261,273,272,274,275,230,278,277,297,308,284,296,283,281,294,295,300,302,301,303,231,293,292,285,286,282,279,299,298,287,289,288,290,305,304,306,307,280,310,309,313,161,311,317,162,316,314,156,320,319,328,329,327,233,326,325,323,321,322,157,332,331,336,335,334,333,338,337,347,348,345,346,344,343,341,342,339,340,352,351,350,349,354,353,356,355,358,357,359,226,362,361,371,372,369,370,368,367,365,366,363,364,376,375,374,373,378,377,227,381,380,385,384,383,382,389,388,387,386,434,399,400,397,398,396,395,393,394,391,392,405,404,419,402,401,407,406,418,416,417,415,184,414,413,411,409,410,408,403,423,422,421,420,432,433,430,431,429,428,426,427,424,425,390,436,435,444,445,443,181,442,441,439,437,438,454,455,456,457,451,450,453,452,446,447,448,449,461,460,459,458,465,464,463,462,469,468,467,466,570,513,514,512,584,517,521,609,481,480,479,478,485,484,483,482,494,495,492,493,491,490,488,489,486,487,499,498,497,496,503,502,501,500,510,511,508,509,506,507,504,505,473,471,472,516,515,475,525,526,524,476,523,522,520,518,519,532,531,586,594,528,527,536,535,534,533,593,546,547,544,545,543,542,540,541,538,539,553,552,572,573,549,548,557,556,555,554,569,567,568,565,566,564,563,561,562,559,560,558,470,574,550,551,571,578,577,576,575,591,592,589,590,587,474,588,529,583,585,581,582,579,580,537,530,598,597,596,595,607,608,605,606,604,603,601,602,599,600,477,611,610,612,616,615,614,613,620,619,618,617,629,630,627,628,626,625,623,624,621,622,634,633,632,631,638,637,636,635,647,648,645,646,644,643,641,642,639,640,650,649,652,651,692,700,699,661,660,679,680,657,656,665,664,663,662,677,675,676,673,674,672,671,669,670,667,668,666,681,658,659,678,685,684,683,682,697,698,695,696,693,694,653,690,691,688,689,686,687,655,654,704,703,702,701,713,714,711,712,710,709,707,708,705,706,716,715,718,717,722,735,736,719,724,723,739,729,730,728,726,727,731,741,743,740,720,721,738,737,725,734,732,745,733,744,742,750,752,751,753,746,748,747,749,754,757,758,755,756,762,761,760,759,764,763,770,771,772,769,768,765,766,767,777,779,778,780,773,775,774,776,782,781,787,788,786,785,783,784,902,796,900,794,801,792,809,790,804,806,805,807,793,803,802,797,799,798,800,810,795,808,812,811,816,815,814,813,822,821,820,819,818,817,827,828,826,825,823,824,830,829,832,831,833,835,834,840,841,839,838,836,837,847,844,843,846,845,842,851,850,849,848,857,854,853,856,855,852,859,858,862,863,860,861,867,866,865,864,873,874,875,872,871,868,869,870,879,878,877,876,888,887,889,884,883,886,885,881,880,882,894,928,901,921,890,898,899,910,895,896,791,892,789,908,905,904,907,906,903,913,897,912,911,909,971,942,919,918,917,916,922,893,920,981,983,935,929,930,891,926,927,938,939,934,933,925,937,936,931,932,945,946,915,944,943,940,941,953,956,954,955,952,951,947,949,950,948,961,963,962,964,957,959,958,960,968,967,966,965,985,972,914,970,979,980,977,978,975,976,973,974,923,986,924,987,969,982,984,993,992,991,990,989,988
STAB 0 1 1 2,1,4,7,15,3,6,16,9,8,21,22,24,10,5,14,12,11,17,18,20,19,25,23,13,37,29,32,27,34,33,28,30,31,99,108,55,43,41,101,56,79,60,42,123,113,114,91,105,110,136,95,125,26,54,57,39,133,117,84,115,118,58,139,146,147,138,45,168,178,173,166,155,73,171,72,69,176,83,145,212,213,44,38,144,236,249,223,238,221,126,116,282,295,124,284,53,40,107,98,100,109,35,106,112,50,103,102,36,104,49,111,92,61,47,46,59,62,122,121,119,120,130,131,132,128,82,48,63,68,52,97,129,151,137,135,51,67,64,143,142,140,141,148,134,150,149,153,152,154,80,66,85,65,158,412,315,74,215,206,440,330,218,190,76,165,77,167,75,172,174,71,170,169,177,180,70,175,78,179,312,185,164,318,191,182,197,183,210,188,186,193,194,195,192,200,160,202,201,208,207,209,196,198,199,187,205,203,204,81,127,189,211,216,163,219,214,159,217,222,225,88,220,90,224,360,324,242,259,273,300,254,379,268,89,248,235,237,250,86,245,232,247,246,256,255,257,240,239,87,241,243,244,228,253,251,252,262,234,264,263,270,269,271,258,260,261,229,267,265,266,276,230,278,277,272,274,275,288,305,96,294,281,283,296,93,291,231,293,292,302,301,303,286,285,94,287,289,290,279,299,297,298,308,280,310,309,304,306,307,467,452,437,462,450,720,334,455,751,753,497,760,757,649,459,409,603,380,593,448,585,584,570,463,314,574,519,526,520,691,681,516,513,343,441,342,339,434,750,478,810,752,609,716,814,490,722,818,830,371,805,807,226,845,840,368,370,367,838,366,363,843,705,613,392,393,708,625,496,651,321,763,783,592,527,777,712,626,779,340,865,701,614,862,577,542,373,624,621,374,890,811,804,634,743,697,602,900,458,685,599,454,633,742,669,325,668,901,806,674,534,825,568,662,544,919,556,906,904,917,699,709,921,653,536,955,466,546,956,449,658,341,949,311,784,184,156,451,453,456,162,457,161,447,446,157,181,460,461,326,416,464,465,335,317,468,469,313,444,336,344,780,489,331,517,832,354,795,746,747,351,775,672,772,776,968,657,972,926,816,355,914,512,522,915,650,652,328,227,684,642,877,548,698,639,765,563,766,928,880,875,930,471,778,346,515,782,525,337,524,831,966,486,347,951,338,581,580,588,748,787,382,436,828,422,953,322,445,918,433,954,858,395,920,948,786,916,910,888,571,873,687,500,958,431,675,957,619,976,420,665,849,688,509,710,591,578,700,912,550,333,470,874,572,559,396,859,980,562,383,764,961,946,529,586,474,630,332,532,963,851,531,762,749,682,959,960,676,696,792,899,664,758,323,730,406,415,723,717,989,993,835,704,713,397,375,774,569,909,773,867,583,868,863,387,377,869,394,391,944,402,414,827,732,770,706,938,771,872,707,984,879,894,733,983,502,511,979,499,233,498,381,694,560,427,970,945,678,855,495,971,565,606,686,432,981,555,595,689,423,484,769,411,654,655,410,982,345,442,853,679,417,503,897,598,407,510,891,607,934,692,390,937,348,564,673,663,549,667,670,616,924,987,400,615,925,975,388,561,424,648,378,376,637,353,718,715,477,358,731,754,819,796,600,738,964,601,829,962,902,735,812,401,725,316,744,739,822,740,817,631,823,643,721,413,352,349,320,319,480,594,479,530,736,327,604,756,755,537,759,329,761,589,385,638,635,483,671,767,508,506,768,389,386,472,514,617,485,620,482,475,781,528,785,538,788,384,438,727,724,418,790,798,608,808,794,419,403,362,361,797,799,800,793,803,801,802,350,481,809,741,404,491,813,356,815,737,820,821,719,357,734,632,535,824,421,745,826,359,728,521,476,834,612,833,369,839,841,365,837,836,844,847,364,842,372,846,579,848,566,850,854,857,659,852,680,856,576,543,398,628,861,860,629,864,399,866,573,551,505,647,870,627,623,871,646,876,501,878,552,884,883,887,889,881,882,886,504,885,644,507,408,425,405,791,605,553,892,789,898,895,896,905,908,428,903,429,907,911,683,558,913,618,656,940,430,547,426,539,893,922,540,677,641,931,927,473,695,493,929,636,933,693,939,714,690,932,935,936,660,587,487,622,941,942,943,533,443,545,435,952,518,950,439,947,541,590,582,726,729,554,597,557,596,494,965,523,967,923,492,488,661,640,575,973,974,711,567,977,978,985,969,703,702,986,666,645,610,991,992,988,611,990
STAB 0 1 1 2,1,3,6,5,4,7,16,9,14,19,20,23,10,15,8,18,17,11,12,22,21,13,24,25,54,32,29,28,31,30,27,33,34,102,107,55,83,57,100,56,60,79,84,126,61,92,130,104,112,135,132,124,26,37,41,39,133,62,42,46,59,129,67,149,150,64,128,168,180,174,166,155,158,170,165,167,175,43,148,211,189,38,44,134,239,248,225,237,220,123,47,285,294,125,283,131,98,108,40,101,35,109,49,110,111,36,99,103,105,106,50,114,113,116,115,118,117,120,119,121,122,91,53,95,45,210,68,63,48,97,52,58,85,51,136,137,139,138,141,140,142,143,145,144,147,146,80,65,66,153,154,151,152,73,446,451,74,216,203,457,456,217,186,76,72,77,69,172,75,173,169,171,71,78,178,179,176,177,70,453,183,182,447,188,164,200,185,82,191,190,193,192,195,194,197,196,199,198,187,204,205,160,201,202,208,209,206,207,127,81,213,212,215,214,159,163,219,218,90,223,224,221,222,88,363,650,245,262,276,297,251,499,265,235,249,89,238,86,250,242,241,244,243,228,252,253,87,236,240,232,246,247,256,257,254,255,259,258,261,260,229,266,267,234,263,264,270,271,268,269,273,272,275,274,230,277,278,291,308,281,295,96,284,93,296,288,287,290,289,279,298,299,94,282,286,231,292,293,302,303,300,301,305,304,307,306,280,309,310,466,449,469,463,448,731,464,454,530,594,651,762,758,496,458,461,756,652,759,450,529,586,572,462,465,550,338,337,520,653,658,516,513,471,679,515,524,692,479,809,795,480,718,717,816,813,820,819,728,371,802,803,226,847,841,368,370,366,837,367,360,842,614,701,704,615,387,388,649,497,498,581,531,528,589,620,377,378,617,694,867,613,705,863,858,859,713,861,864,616,643,732,801,741,644,664,663,895,459,595,689,455,823,827,696,460,598,898,793,700,824,828,654,561,922,547,667,908,903,539,675,565,920,691,947,953,467,785,545,452,681,678,541,468,786,156,184,315,312,330,157,440,181,318,412,162,161,325,409,416,326,334,314,317,335,311,437,444,313,571,344,485,929,588,781,521,715,810,349,352,808,514,768,769,472,966,940,656,930,814,815,661,927,967,945,324,380,381,233,910,876,879,897,552,871,635,695,638,688,549,872,926,343,482,346,342,782,952,526,339,476,968,965,347,951,519,763,384,331,319,383,764,950,825,826,955,761,788,430,893,443,577,576,921,439,784,426,684,510,336,623,504,683,590,655,699,582,913,980,670,424,851,928,891,432,848,974,674,909,574,470,333,627,570,978,543,542,976,850,787,382,557,944,585,584,332,943,474,385,554,849,783,760,320,410,729,726,417,669,796,902,697,757,755,789,686,673,790,716,990,991,833,392,373,376,400,389,911,912,386,865,941,551,862,708,712,573,860,866,946,812,745,742,811,506,935,925,508,875,977,703,877,401,405,702,878,870,975,379,227,321,328,340,423,555,488,915,341,857,942,492,709,407,406,710,969,427,685,599,560,767,772,607,568,431,682,985,442,345,852,441,676,553,548,668,606,888,509,411,932,434,348,939,390,507,415,602,880,556,420,374,645,641,375,393,938,979,625,662,665,973,626,397,931,477,609,354,353,821,720,721,818,792,794,817,597,896,359,596,899,316,402,894,737,735,736,734,740,822,738,404,633,890,754,632,747,746,749,748,752,753,750,751,744,604,327,603,323,329,593,537,322,527,532,766,765,671,483,484,771,770,672,774,773,776,775,779,780,777,778,475,517,592,546,438,445,580,538,605,608,892,723,419,724,351,600,798,797,800,799,403,361,362,806,807,804,805,481,350,478,634,631,356,490,491,355,725,722,358,357,719,739,413,421,534,535,414,422,829,830,832,831,612,834,835,839,369,840,836,838,365,372,845,846,843,844,364,566,591,579,562,680,855,856,853,854,659,395,396,628,398,624,394,399,621,629,391,869,868,647,505,511,874,873,639,501,642,646,502,698,882,881,885,886,883,884,889,687,887,743,564,791,540,733,408,727,503,418,730,901,900,601,429,906,907,904,905,428,569,500,618,619,558,972,657,918,919,916,917,433,544,425,986,987,637,512,493,563,473,489,714,690,936,937,636,933,934,706,693,487,622,660,587,583,495,630,435,954,956,533,525,518,436,948,536,949,958,957,960,959,963,964,961,962,523,486,494,522,666,971,970,914,711,567,648,578,640,575,707,559,982,981,984,983,677,923,924,992,993,610,611,988,989
STAB 0 1 1 2,1,6,3,15,7,4,10,9,14,18,17,25,16,5,8,19,20,22,21,11,12,24,13,23,54,29,32,27,33,34,28,31,30,103,109,26,84,57,98,39,44,38,83,68,116,115,128,111,106,137,131,97,55,37,41,56,63,117,43,114,118,129,139,154,152,138,130,77,177,172,76,74,158,169,165,167,179,42,151,210,127,79,60,153,240,250,222,235,224,48,113,286,296,52,281,132,100,35,101,40,108,107,110,49,104,99,36,102,50,112,105,46,47,61,92,59,62,121,122,120,119,45,95,53,91,211,126,133,123,124,125,58,145,136,51,135,67,64,142,143,141,140,85,80,65,66,144,147,146,134,149,148,150,73,447,456,155,218,197,453,451,215,183,166,72,168,69,174,173,75,170,71,171,178,78,175,70,180,176,457,186,188,446,182,191,206,190,212,164,185,195,192,193,194,203,187,204,205,196,199,198,208,209,207,160,201,200,202,189,213,81,82,217,159,214,219,163,216,223,90,220,88,225,221,363,499,254,268,273,288,242,650,259,237,86,238,89,249,248,251,228,252,253,241,244,243,236,87,239,256,257,255,232,246,245,247,265,229,266,267,258,261,260,270,271,269,234,263,262,264,276,230,277,278,272,275,274,300,305,283,93,284,96,295,294,297,279,298,299,287,290,289,282,94,285,302,303,301,231,292,291,293,308,280,309,310,304,307,306,444,181,468,335,157,735,465,184,749,748,381,537,604,227,416,460,755,498,761,162,474,588,571,317,464,470,519,526,347,390,442,346,344,471,678,515,524,694,747,808,481,746,715,477,491,815,821,719,829,226,800,799,371,844,839,370,368,366,836,367,360,846,397,400,616,713,626,712,233,328,652,532,580,787,764,774,625,708,773,692,629,375,376,628,543,576,615,860,866,704,733,631,798,812,894,606,686,892,326,676,673,156,745,632,607,461,682,791,797,560,826,535,670,710,893,918,655,905,907,916,555,665,540,348,950,533,313,788,954,161,345,679,948,469,538,455,454,330,440,315,448,312,449,412,318,450,452,409,325,458,459,314,334,462,463,437,311,466,467,572,513,775,927,586,781,832,718,350,752,750,809,780,767,671,778,523,942,971,473,356,813,970,929,965,660,379,321,651,649,553,878,646,683,888,870,771,891,770,564,687,647,493,343,776,516,342,475,952,337,339,831,494,967,520,518,338,385,783,584,753,592,589,947,421,824,435,759,785,919,922,956,396,859,425,949,438,917,503,698,570,869,880,897,961,667,427,963,911,575,654,709,579,507,695,662,850,978,423,618,333,550,574,868,336,974,858,395,567,848,528,527,958,622,332,331,585,941,529,763,957,566,384,329,751,668,964,962,685,411,724,727,407,327,756,896,663,689,794,353,988,992,834,374,393,705,701,777,913,558,779,399,943,874,398,378,388,873,861,864,587,741,823,413,404,766,931,714,765,505,973,924,501,743,890,987,876,871,711,324,496,380,497,434,674,675,914,487,441,854,940,972,424,697,602,561,986,699,417,415,700,768,483,696,420,556,598,923,658,681,856,341,595,910,500,410,664,552,563,669,936,340,691,933,653,928,599,406,504,431,568,392,984,983,613,373,636,640,377,432,565,977,387,614,935,717,354,609,716,820,316,744,357,608,790,734,959,789,830,960,605,720,634,644,822,731,754,817,725,737,739,811,414,405,736,827,479,480,530,594,349,319,352,320,721,758,757,323,603,760,322,762,593,382,581,506,508,769,772,672,635,638,484,620,617,482,485,386,514,389,472,782,517,383,445,784,546,531,786,899,792,895,600,804,796,478,723,801,793,802,803,806,807,805,403,361,419,362,795,810,351,402,732,814,355,816,490,740,358,722,818,819,738,742,825,422,828,633,534,728,359,521,476,835,833,612,841,840,369,837,365,838,845,372,842,364,847,843,849,562,851,591,855,680,852,659,857,853,542,577,863,862,394,624,865,391,867,621,623,627,872,875,639,551,573,511,877,502,879,642,510,885,886,882,881,889,887,883,549,884,401,688,898,920,643,901,902,684,900,601,408,418,730,906,429,903,428,908,904,619,548,909,569,912,492,495,547,430,539,426,544,433,921,969,702,706,489,926,509,930,512,925,937,932,690,938,939,693,637,934,915,944,945,946,630,657,583,955,545,443,953,525,951,536,541,436,439,557,554,596,597,582,729,590,726,966,522,968,486,982,656,661,488,975,976,707,559,979,980,648,578,666,677,645,641,981,985,703,991,610,993,989,990,611
STAB 0 1 1 3,7,6,2,9,1,4,17,15,22,16,10,28,18,5,21,20,19,14,8,11,12,29,31,30,55,24,33,34,32,27,25,13,23,44,79,26,99,113,117,116,103,106,110,68,39,56,123,60,38,138,144,153,54,37,114,115,48,98,108,41,101,126,136,52,124,137,133,182,177,196,127,214,219,208,213,191,178,105,125,166,76,109,111,97,241,256,258,272,270,63,57,287,302,154,304,146,119,50,118,120,43,112,83,36,102,84,49,104,35,107,42,46,47,92,61,121,122,59,62,40,100,58,145,147,91,189,129,130,128,152,151,45,95,139,141,140,142,143,67,64,51,135,65,66,85,80,131,53,132,150,148,149,134,218,448,455,215,73,173,450,452,155,168,210,212,183,190,198,197,199,207,209,206,179,193,195,194,192,176,454,188,186,449,77,167,171,69,72,164,185,175,180,78,70,204,205,203,187,172,75,174,169,71,170,202,200,201,160,211,165,81,82,159,217,74,158,163,216,259,261,269,271,260,268,496,371,249,221,238,282,236,649,223,274,257,273,275,254,255,252,253,251,228,240,87,239,242,244,243,250,86,248,247,245,246,232,266,267,265,229,222,90,225,224,88,220,264,262,263,234,277,278,276,230,235,89,237,295,284,306,303,305,307,300,301,298,299,297,279,286,94,285,288,290,289,296,93,294,293,291,292,231,309,310,308,280,281,96,283,713,157,393,746,181,526,752,162,317,463,670,390,765,227,773,779,771,568,691,184,474,585,783,749,751,580,720,735,790,537,797,481,811,631,806,810,600,760,462,516,346,335,725,822,823,414,717,353,831,233,345,658,499,606,561,616,400,613,432,392,324,697,467,368,370,444,321,652,226,625,712,348,470,574,653,459,328,651,416,763,868,375,410,655,698,888,598,556,874,701,791,471,681,343,901,844,845,890,776,313,548,161,826,534,683,778,466,733,442,497,745,633,381,856,493,714,628,487,945,938,862,853,930,532,950,536,676,333,957,156,800,805,963,685,550,456,457,440,330,412,447,318,446,315,312,453,451,777,780,775,774,753,750,747,748,705,668,682,397,546,634,458,544,782,529,830,818,350,465,334,795,325,327,758,461,973,943,981,891,421,828,986,563,707,583,379,626,708,650,669,667,431,607,576,399,755,473,603,926,542,867,893,812,326,808,478,332,435,736,796,829,567,980,608,953,721,329,571,584,314,570,762,525,356,816,952,581,528,931,688,958,882,887,507,961,383,706,618,543,592,865,577,912,949,878,642,948,910,648,378,855,407,425,920,854,664,977,387,503,788,538,787,629,784,966,881,889,494,847,785,340,956,908,475,517,588,429,781,692,954,372,445,385,464,311,439,541,469,913,724,418,579,767,672,895,849,569,792,719,611,990,521,374,468,437,704,409,411,696,460,870,942,866,501,654,420,621,879,639,657,741,491,814,402,757,919,918,604,573,523,661,398,900,892,488,863,623,968,360,363,674,560,593,380,877,923,905,804,662,906,982,840,846,843,839,970,624,373,909,377,506,638,558,388,860,615,914,799,798,710,807,614,911,619,376,850,884,929,553,935,527,761,637,764,512,684,591,885,646,498,367,492,656,366,417,934,578,700,836,838,978,423,595,936,821,722,817,739,737,744,316,740,520,347,358,545,405,832,443,643,519,513,601,477,754,731,609,715,820,716,344,815,789,337,490,530,594,479,480,320,352,319,349,338,671,766,772,770,694,382,589,434,322,759,768,769,508,323,756,484,483,635,482,485,620,617,472,389,514,386,586,331,438,384,336,572,786,531,898,794,896,524,441,339,342,723,802,803,801,793,678,341,679,362,419,361,403,809,515,351,404,732,413,422,824,827,357,734,354,718,738,819,825,742,355,813,535,632,612,833,834,835,476,359,728,852,424,680,857,659,565,686,566,851,562,848,602,663,364,842,406,709,369,841,365,837,665,687,880,876,555,502,699,869,875,647,873,871,872,627,391,864,511,505,551,675,394,861,427,886,504,510,396,858,395,859,549,883,552,902,922,899,695,605,894,401,599,743,644,730,727,408,940,941,630,946,622,495,500,673,415,689,897,984,904,690,932,693,939,927,509,489,703,985,917,921,564,433,540,928,937,925,430,547,916,426,539,933,636,944,915,907,428,903,587,660,955,959,960,518,947,436,533,962,951,964,596,597,557,554,726,590,729,582,974,979,711,559,972,983,924,987,976,975,965,486,522,967,575,640,645,641,666,677,971,702,969,989,993,610,991,992,988
STAB 0 1 1 3,7,4,1,9,2,6,18,15,21,8,14,29,17,5,22,12,11,10,16,19,20,28,30,31,37,24,33,34,27,32,25,23,13,84,43,54,108,114,118,115,109,111,105,128,57,41,91,42,83,139,145,151,26,55,113,116,130,98,99,56,101,45,136,132,53,137,58,183,179,197,210,215,218,206,212,190,176,110,95,72,165,103,106,131,242,254,259,273,268,129,39,288,300,152,305,147,120,112,117,119,79,50,38,107,35,44,104,49,102,36,60,61,92,47,46,121,122,62,59,100,40,133,144,146,123,82,63,48,68,154,153,126,125,138,140,141,142,143,64,67,135,51,149,150,134,148,97,124,52,66,80,65,85,219,315,412,214,155,171,330,440,73,69,127,213,182,191,199,196,198,209,207,208,177,192,194,195,193,178,318,185,164,312,167,77,173,168,166,186,188,78,70,175,180,201,202,160,200,169,170,71,172,174,75,205,187,204,203,81,76,211,189,216,163,158,74,217,159,258,260,271,269,261,270,324,360,236,223,238,295,249,379,221,275,255,272,274,256,257,246,247,232,245,250,248,86,241,243,244,240,239,87,253,228,252,251,263,264,234,262,224,220,88,222,225,90,267,229,266,265,277,278,230,276,235,237,89,282,284,307,301,304,306,302,303,292,293,231,291,296,294,93,287,289,290,286,285,94,299,279,298,297,309,310,280,308,281,283,96,397,451,705,747,453,519,750,456,464,314,560,694,766,650,774,777,770,674,434,447,588,584,592,748,753,787,720,735,608,761,798,808,634,812,804,478,796,593,334,342,515,465,817,739,413,827,354,718,832,499,679,341,233,686,424,400,616,392,565,613,496,602,437,366,367,468,651,328,363,708,626,692,571,570,340,409,652,321,460,527,869,704,595,555,880,687,417,699,873,374,892,344,441,513,900,846,843,743,775,469,684,457,535,825,553,780,311,894,678,380,632,742,498,854,927,931,860,940,495,706,624,855,489,764,533,955,682,572,958,446,799,807,961,668,336,162,161,452,450,455,184,454,156,448,449,181,157,779,778,776,773,751,752,746,749,393,685,676,713,784,811,325,921,517,331,830,722,809,335,462,351,458,756,323,326,711,587,982,564,824,422,923,928,979,944,649,712,625,227,599,427,675,673,543,864,604,929,757,512,577,391,540,631,461,481,810,586,947,736,600,829,974,559,790,436,721,759,470,585,463,574,322,951,813,355,518,382,384,714,509,957,881,889,695,963,531,938,911,576,783,621,542,619,956,646,877,954,500,975,388,853,663,922,433,856,406,640,377,897,538,788,580,866,546,486,882,887,967,364,438,653,949,428,781,782,474,903,475,348,948,842,786,589,317,466,545,443,313,558,794,898,850,671,772,408,591,909,723,821,991,610,476,701,444,467,375,459,689,415,416,647,660,629,876,423,700,865,502,875,915,404,815,490,732,603,917,916,755,627,965,492,861,901,791,656,394,551,522,371,226,568,670,760,497,642,986,907,806,709,904,981,838,844,845,836,971,862,614,569,387,635,508,913,378,628,376,972,800,797,665,805,373,618,912,615,579,886,473,683,636,763,537,925,532,926,548,849,883,878,381,370,661,488,368,598,937,976,420,839,840,575,654,410,933,719,818,725,822,734,754,731,738,339,524,819,439,644,831,541,401,526,343,902,715,744,316,716,477,357,609,471,491,605,338,814,319,320,349,352,594,480,530,479,337,767,765,672,771,390,581,385,691,762,329,483,484,638,758,327,769,768,506,514,472,386,389,485,617,482,620,332,529,785,528,550,333,445,383,418,724,727,347,681,520,516,792,361,362,403,419,442,658,345,803,793,802,801,350,346,795,741,402,823,828,421,414,820,737,717,353,740,358,534,633,816,356,826,745,833,612,834,835,521,728,359,680,561,852,659,857,432,606,848,562,851,566,697,407,847,372,664,662,837,365,841,369,710,888,698,501,655,879,556,868,639,870,874,505,511,573,867,399,872,871,623,431,863,398,667,884,552,549,859,395,858,396,510,885,504,601,425,730,507,789,733,643,669,890,405,899,896,895,487,622,946,630,941,945,910,607,696,411,503,983,906,932,690,939,693,493,688,930,641,677,919,544,891,920,893,563,934,637,539,426,918,547,430,936,935,583,657,905,908,429,943,942,536,960,959,952,435,953,950,964,525,962,729,726,582,590,597,554,596,557,567,707,973,980,914,984,987,924,578,648,523,966,968,494,978,977,702,703,969,985,970,645,666,993,989,990,611,988,992
STAB 0 1 1 3,7,2,6,5,4,1,18,15,22,20,19,30,17,9,21,16,10,11,12,14,8,31,29,28,55,33,24,25,13,23,34,32,27,104,112,54,110,113,119,115,111,109,99,129,92,61,133,102,107,140,146,152,26,37,114,116,130,122,105,46,121,126,142,148,134,143,123,183,192,198,210,215,219,207,213,191,195,108,149,189,211,106,103,150,243,255,260,274,269,128,47,289,301,151,306,144,117,43,120,118,50,79,36,83,60,49,84,44,42,38,35,41,57,39,56,101,98,40,100,59,62,91,147,145,58,166,68,48,63,153,154,45,65,141,139,138,136,137,51,135,67,64,95,131,53,132,66,85,80,97,52,125,124,218,449,452,214,216,204,454,455,159,188,127,212,182,190,196,199,197,208,206,209,193,179,178,176,177,194,450,168,77,448,186,164,201,185,82,167,69,78,180,175,70,173,172,75,174,205,203,187,202,200,160,169,71,171,170,76,81,165,72,155,74,217,163,158,73,261,259,270,268,258,271,496,649,246,263,277,298,252,371,266,272,254,275,273,257,256,236,240,87,239,253,251,228,244,242,241,247,245,232,250,86,249,248,223,222,90,225,267,265,229,264,262,234,224,88,221,220,238,235,89,237,278,276,230,292,309,304,300,307,305,303,302,282,286,94,285,299,297,279,290,288,287,293,291,231,296,93,295,294,284,281,96,283,310,308,280,682,446,685,748,447,754,751,457,479,480,708,589,671,363,775,778,672,712,581,453,781,782,546,747,752,538,721,736,608,764,799,808,634,631,805,810,600,763,530,795,809,594,818,821,824,828,737,738,612,499,801,793,233,848,852,400,616,613,857,392,324,851,595,704,701,598,423,420,650,560,568,759,786,785,762,482,700,654,485,760,647,366,437,876,881,887,444,879,639,370,605,732,802,741,601,850,849,896,774,614,569,456,491,490,558,779,615,899,803,377,816,813,378,839,688,690,878,622,630,693,877,838,695,761,525,518,397,528,959,451,798,806,962,393,531,161,162,412,318,440,181,330,157,312,315,184,156,780,777,773,776,750,753,749,746,668,705,713,676,783,811,617,563,585,529,834,725,515,320,319,516,389,506,508,386,974,906,983,540,413,414,924,544,980,907,360,674,670,226,911,863,861,912,884,623,484,920,483,922,883,627,564,812,620,481,478,586,435,735,796,835,711,707,790,436,720,692,445,517,352,438,653,950,742,745,955,691,333,932,493,960,880,888,489,964,336,939,599,886,784,871,885,607,729,628,624,726,411,967,381,840,842,512,473,836,847,966,380,415,787,580,788,872,592,977,698,687,975,664,574,322,596,915,588,584,475,942,474,329,597,663,571,694,349,376,590,582,373,553,339,401,846,766,771,405,845,548,347,739,992,989,359,367,417,410,368,514,910,897,472,869,429,511,555,651,652,505,556,874,428,343,826,825,344,768,936,937,769,391,978,969,675,902,789,985,667,399,976,379,227,626,625,527,387,862,987,944,807,837,943,984,855,579,591,856,703,642,469,684,497,327,323,683,498,646,466,702,797,800,841,804,313,669,673,311,844,576,433,913,430,593,532,426,537,425,909,843,577,860,388,374,666,677,375,468,916,522,328,854,853,523,321,467,919,822,817,722,719,717,519,338,718,794,792,609,554,895,833,557,898,744,404,901,820,526,337,358,357,477,819,402,535,892,731,534,462,335,317,463,465,314,334,464,316,765,767,770,772,385,434,390,382,340,348,757,604,758,638,635,755,603,756,459,416,326,458,460,325,409,461,332,331,570,572,383,384,470,550,643,520,890,723,361,724,351,524,681,442,345,658,362,419,403,678,341,441,679,346,350,342,513,471,421,827,823,422,715,354,734,740,353,716,814,356,632,633,815,355,831,832,830,829,728,521,476,561,680,424,432,565,659,566,686,697,602,606,562,372,406,407,364,369,709,710,665,662,365,889,882,655,501,699,502,870,873,868,875,865,629,867,573,551,866,621,864,398,427,431,394,543,396,858,504,510,549,552,395,542,859,900,926,733,930,791,730,418,618,727,408,894,743,644,941,940,945,495,487,946,689,619,503,500,696,982,587,714,931,938,706,509,927,507,970,488,933,928,893,929,891,921,918,547,935,925,934,637,636,917,539,905,908,583,657,660,904,903,952,957,958,536,947,953,951,963,533,961,956,954,443,545,948,439,949,541,973,559,567,979,645,981,986,923,968,494,575,640,578,648,965,486,972,971,492,656,641,914,661,990,610,993,988,611,991
STAB 0 1 1 3,7,1,4,5,6,2,17,15,21,12,11,31,18,9,22,8,14,19,20,10,16,30,28,29,37,33,24,25,23,13,34,27,32,49,50,26,105,114,120,116,106,103,108,63,47,46,58,35,36,141,147,154,54,55,113,115,48,122,110,61,121,45,142,80,85,143,91,182,193,199,127,214,218,209,212,190,194,99,65,82,81,111,109,66,244,257,261,275,271,68,92,290,303,153,307,145,118,79,119,117,112,43,107,38,42,104,44,84,60,83,102,56,39,57,41,101,98,100,40,62,59,123,146,144,133,72,128,130,129,151,152,126,149,140,138,139,136,137,135,51,64,67,125,97,124,52,150,134,148,131,132,95,53,219,312,440,215,159,201,318,412,216,185,210,213,183,191,197,198,196,206,208,207,192,177,176,178,179,195,330,69,167,315,164,186,204,188,189,77,168,175,70,78,180,171,169,170,71,202,160,200,205,187,203,172,174,173,75,165,211,76,166,73,158,163,217,74,155,260,258,268,270,259,269,324,379,252,266,277,292,246,360,263,273,256,274,272,255,254,249,250,248,86,247,232,245,243,241,242,253,228,251,240,239,236,87,221,224,220,88,264,234,262,267,229,265,222,225,223,90,238,235,237,89,278,230,276,298,309,305,302,306,304,301,300,295,296,294,93,293,231,291,289,287,288,299,279,297,286,285,282,94,284,281,283,96,310,280,308,676,156,668,749,184,744,753,161,349,352,625,385,767,226,776,780,772,626,382,181,475,517,784,746,750,788,721,736,790,532,800,481,811,812,807,478,796,527,319,351,350,320,722,719,421,422,734,740,833,233,403,419,499,566,680,616,400,392,659,613,496,562,410,375,374,417,654,700,227,670,674,329,445,438,322,514,420,423,472,593,870,368,467,501,882,889,468,502,875,367,789,402,361,404,902,579,591,727,773,373,909,162,815,814,913,777,376,730,362,387,355,356,388,836,509,932,646,941,946,939,642,840,507,537,951,952,713,384,960,157,797,804,964,705,383,457,456,455,454,452,453,450,451,449,448,447,446,778,779,774,775,752,751,748,747,685,393,397,682,592,634,389,928,584,331,834,817,346,594,530,342,617,635,638,620,567,904,984,893,823,827,987,921,559,905,371,568,560,363,618,394,398,619,886,551,769,433,768,425,885,573,891,631,386,808,810,332,947,735,600,835,973,979,608,953,720,348,786,782,480,785,340,533,633,632,536,434,572,690,927,959,698,687,930,962,550,693,669,884,546,505,883,673,596,860,862,597,689,494,498,838,372,926,929,839,364,486,497,696,580,787,538,511,783,640,880,888,648,406,570,762,729,657,474,585,781,660,588,759,726,407,470,390,479,615,554,557,614,683,520,643,844,765,770,644,843,684,524,822,988,993,728,370,598,595,366,482,500,503,485,868,903,872,655,321,328,871,699,873,908,513,535,534,471,483,933,934,484,867,575,666,431,601,605,677,427,864,578,649,650,712,708,763,377,624,924,583,805,369,587,983,853,850,849,854,641,877,313,548,380,756,758,553,381,878,311,645,798,799,365,806,469,599,607,466,846,543,920,558,539,760,764,547,761,922,569,845,542,628,378,701,969,985,704,444,918,968,652,856,855,965,651,437,917,739,725,818,821,354,526,337,353,724,723,716,590,408,612,582,418,754,741,900,357,519,338,819,820,715,358,732,826,791,316,825,334,465,464,314,335,463,462,317,731,766,671,771,672,589,691,694,581,653,692,603,755,323,508,506,604,757,327,409,460,461,325,416,458,459,326,586,529,574,333,531,528,571,336,401,339,743,792,802,794,795,347,441,678,679,341,803,793,801,442,658,681,345,515,809,516,343,344,824,414,413,828,477,717,737,738,718,609,490,813,745,742,491,816,832,831,830,829,359,476,521,424,852,561,565,432,857,848,606,602,697,686,851,842,664,663,847,837,662,665,710,709,841,887,881,555,876,556,879,647,874,869,639,621,866,391,627,623,629,865,399,861,667,675,863,576,859,395,552,549,510,504,858,577,396,901,512,894,489,892,899,898,911,896,895,733,890,405,622,487,495,945,940,630,411,912,897,910,415,981,943,931,714,706,938,688,493,695,971,656,936,563,540,473,564,544,916,426,636,637,937,925,935,919,430,907,428,944,915,942,906,429,518,958,957,955,435,436,525,961,950,963,949,948,541,439,954,545,956,443,711,980,974,707,702,982,923,986,522,967,978,977,976,975,523,966,914,970,661,488,703,972,492,610,990,989,992,991,611
STAB 0 1 1 4,6,7,2,9,1,3,11,5,20,16,10,27,12,15,19,22,21,8,14,17,18,32,34,33,55,23,30,31,29,28,13,25,24,38,60,26,102,61,62,47,36,49,112,48,39,56,126,79,44,64,134,80,37,54,92,46,68,40,107,57,100,123,135,97,125,51,133,164,78,160,81,163,159,187,189,188,180,104,124,166,76,35,50,52,232,228,234,230,229,63,41,231,279,66,280,149,121,111,59,122,83,110,43,103,99,42,106,105,109,108,84,115,116,114,113,119,120,118,117,98,101,129,148,150,130,213,58,91,45,65,85,128,132,67,143,142,140,141,139,138,137,136,152,154,151,153,53,131,95,147,145,146,144,217,450,454,216,158,174,448,449,155,168,82,211,185,186,201,200,202,204,205,203,70,193,195,192,194,175,455,191,190,452,77,69,170,167,165,182,183,176,178,177,179,207,209,206,208,75,172,173,71,169,171,199,197,198,196,212,72,127,210,219,218,74,73,214,215,262,264,266,267,263,265,649,371,248,220,237,285,239,496,225,277,253,276,278,251,252,255,257,254,256,87,240,236,245,247,246,86,250,249,244,242,243,241,269,271,268,270,90,222,223,88,224,221,261,259,260,258,274,275,273,272,89,235,238,294,283,309,299,308,310,297,298,301,303,300,302,94,286,282,291,293,292,93,296,295,290,288,289,287,306,307,305,304,96,281,284,373,162,615,349,161,337,480,157,335,462,420,348,635,233,386,617,508,654,653,156,332,529,531,320,530,384,731,316,723,329,403,350,732,404,793,795,794,762,463,516,346,317,737,740,633,745,716,477,476,227,442,681,379,407,662,374,375,701,710,704,650,664,466,368,370,313,498,380,226,388,377,390,333,550,691,458,381,497,326,581,551,400,682,431,552,510,668,667,627,613,408,343,658,471,898,372,847,643,472,444,897,181,422,824,500,482,467,405,345,651,414,823,328,659,473,636,398,660,915,925,863,852,926,385,436,947,417,470,582,184,362,802,554,595,574,330,440,457,456,446,318,447,412,451,453,312,315,620,485,514,389,594,479,352,319,614,598,410,376,785,741,459,922,782,585,728,819,481,314,464,810,460,604,757,409,648,630,969,509,535,825,677,695,977,941,499,378,387,324,696,556,655,411,395,629,323,493,756,930,859,865,433,402,416,351,809,474,533,744,792,359,575,976,724,955,754,537,336,586,465,572,760,952,491,814,525,763,592,637,928,590,884,885,564,557,787,935,558,396,528,867,858,909,541,502,876,439,684,973,626,857,606,540,921,680,697,707,708,553,445,438,383,399,786,968,883,886,523,845,546,694,545,906,475,781,331,905,517,434,443,844,788,532,334,468,948,949,437,619,608,892,566,484,768,900,851,911,796,357,988,989,832,616,311,469,392,461,607,669,325,511,495,391,646,568,670,864,877,871,940,634,356,816,812,758,547,430,327,869,494,914,628,895,418,970,862,873,966,363,360,700,423,759,652,879,666,429,801,561,908,985,841,364,842,369,488,861,713,912,712,770,766,618,625,394,393,661,361,419,432,803,705,569,913,397,562,882,489,503,706,589,322,931,382,927,910,848,887,501,321,366,971,972,367,676,932,974,674,365,837,559,560,685,693,358,820,738,734,725,736,735,822,520,347,821,956,733,521,954,890,338,513,896,353,721,720,718,354,722,717,344,355,730,526,813,751,753,750,752,749,747,748,746,519,483,638,769,506,340,764,527,692,761,593,672,772,771,755,603,767,671,765,778,780,777,779,776,774,775,773,584,588,538,580,571,570,784,783,901,600,601,339,679,524,515,790,805,807,804,806,341,678,441,800,798,799,797,478,342,808,631,811,632,826,534,742,719,739,715,609,817,818,828,827,815,490,421,413,834,835,612,833,831,829,830,853,665,854,855,856,709,406,579,849,850,591,663,602,846,843,686,565,839,840,836,838,424,504,549,642,427,878,675,573,872,505,623,639,875,874,866,621,870,647,868,699,860,624,555,889,687,888,543,577,576,542,880,881,698,899,544,902,563,727,401,894,689,644,743,789,605,791,657,583,943,944,587,942,683,415,673,599,548,703,903,933,934,936,937,512,891,929,984,982,539,920,507,893,425,688,939,938,918,919,426,916,917,690,714,946,945,428,907,904,622,487,953,729,726,518,536,950,435,596,951,597,962,964,961,963,960,958,959,957,578,975,640,978,656,702,645,641,980,979,486,965,967,522,567,711,924,987,923,986,492,983,981,990,991,992,993,610,611
STAB 0 1 1 4,6,3,1,9,2,7,12,5,19,14,8,32,11,15,20,18,17,10,16,21,22,27,33,34,54,23,30,31,28,29,13,24,25,42,83,37,107,92,59,46,35,50,104,45,41,57,130,84,43,67,148,85,26,55,61,47,91,40,102,56,100,128,135,95,131,51,129,185,70,200,82,216,217,203,211,186,175,112,132,165,72,36,49,53,245,251,262,276,265,58,39,291,297,65,308,150,122,110,62,121,60,111,44,108,109,38,105,106,99,103,79,113,114,116,115,119,120,117,118,101,98,133,134,149,126,210,63,68,48,66,80,123,124,64,142,143,140,141,138,139,136,137,146,147,144,145,52,125,97,154,153,152,151,159,451,446,163,155,170,456,457,158,167,81,189,164,188,202,160,201,205,204,187,78,194,192,195,193,180,447,183,182,453,69,77,174,168,166,190,191,177,179,176,178,198,199,196,197,71,171,169,75,173,172,209,208,207,206,127,76,212,213,215,214,73,74,218,219,234,263,267,266,264,229,650,363,239,225,237,294,248,499,220,278,252,230,277,228,253,243,244,241,242,86,249,250,232,246,247,87,236,240,257,256,255,254,260,261,258,259,88,221,224,90,223,222,271,270,269,268,274,275,272,273,89,238,235,285,283,310,298,280,309,279,299,289,290,287,288,93,295,296,231,292,293,94,282,286,303,302,301,300,306,307,304,305,96,284,281,376,315,614,352,312,338,479,330,334,465,423,340,638,324,389,620,506,700,692,318,331,586,528,319,594,383,731,316,724,322,419,351,741,402,801,809,792,759,464,515,342,314,738,734,632,742,715,609,521,379,441,678,227,406,665,375,374,704,709,701,649,663,469,367,366,311,497,381,360,387,378,434,336,572,694,461,380,498,325,589,573,392,685,427,549,504,676,675,623,616,418,344,679,513,895,364,842,644,514,437,910,440,421,828,503,485,468,401,341,652,413,827,321,680,512,637,394,657,942,935,861,857,929,382,435,953,410,570,590,412,361,803,557,598,571,157,181,449,448,454,156,455,184,450,452,161,162,617,482,472,386,530,480,349,320,615,595,417,373,786,732,460,920,781,588,728,820,478,317,463,808,459,603,755,416,640,622,985,507,534,826,666,688,975,946,496,377,388,233,689,555,699,415,396,621,327,489,758,927,858,866,425,404,409,350,795,584,536,744,794,359,578,978,723,950,754,593,333,529,462,550,761,951,490,815,518,764,580,636,891,582,883,886,563,554,783,925,569,395,531,864,859,913,545,501,879,443,683,979,625,852,602,544,893,659,686,711,712,548,438,445,384,391,785,965,884,885,522,846,538,691,541,907,517,782,332,904,475,390,439,843,784,527,335,467,956,954,444,618,600,901,562,483,769,791,848,912,790,358,993,992,831,613,313,466,400,458,599,673,326,505,487,399,642,560,674,867,878,872,945,631,355,813,811,756,539,426,323,874,486,971,624,898,408,972,860,868,967,371,226,654,420,762,651,876,677,428,793,565,903,969,837,372,847,365,492,863,705,911,708,765,771,619,626,398,397,656,362,403,424,802,713,558,909,393,566,889,493,500,714,581,329,938,385,930,897,851,881,502,328,370,914,970,368,668,939,980,670,369,841,567,568,682,690,357,819,737,740,739,721,720,817,524,339,818,948,743,476,949,894,337,471,899,354,736,735,717,353,719,718,343,356,727,519,816,748,749,746,747,753,752,751,750,526,484,635,768,508,348,763,532,653,760,537,671,767,766,757,604,772,672,770,775,776,773,774,780,779,778,777,474,585,546,592,574,470,788,787,892,608,605,347,658,520,516,796,799,800,797,798,345,681,442,807,806,805,804,481,346,810,634,812,633,825,535,745,722,725,716,477,822,821,824,823,814,491,422,414,835,834,612,833,832,830,829,854,662,853,856,855,710,407,591,850,849,579,664,606,845,844,697,561,838,836,840,839,432,510,552,646,431,877,667,551,871,511,627,647,870,869,865,629,875,639,873,655,862,628,556,882,698,880,542,576,577,543,888,887,687,896,540,789,564,730,405,890,696,643,733,902,601,900,660,587,944,943,583,915,684,411,669,607,553,702,908,934,933,937,936,473,928,926,987,986,547,922,509,921,433,695,932,931,917,916,430,919,918,693,706,941,940,429,906,905,630,495,947,726,729,525,533,955,436,597,952,596,959,960,957,958,964,963,962,961,575,977,648,976,661,703,641,645,974,973,494,968,966,523,559,707,983,984,981,982,488,924,923,991,990,989,988,611,610
STAB 0 1 1 4,6,2,7,15,3,1,12,5,20,22,21,33,11,9,19,16,10,17,18,8,14,34,32,27,55,30,23,13,25,24,31,29,28,105,110,37,112,61,121,46,50,35,102,58,114,113,133,99,108,142,149,65,26,54,92,47,91,120,104,115,119,123,140,145,144,141,126,185,194,201,82,216,159,204,189,188,195,107,146,213,212,49,36,147,246,252,263,277,266,45,116,292,298,85,309,134,62,83,122,59,111,60,103,43,79,106,42,38,84,44,109,57,41,39,56,100,40,98,101,118,117,130,150,148,129,166,48,68,63,80,66,128,152,143,67,64,135,51,137,136,139,138,132,53,131,95,154,151,153,52,97,124,125,217,452,449,163,215,207,455,454,219,191,81,211,164,186,160,202,200,187,203,205,193,70,180,175,78,192,448,168,77,450,190,182,198,183,210,69,167,177,178,176,179,174,75,172,173,209,206,208,199,197,196,71,169,170,171,76,127,72,165,155,74,218,214,73,158,264,262,229,265,234,267,649,496,243,260,274,301,255,371,269,230,251,278,276,253,228,239,87,240,236,257,254,256,247,245,232,244,242,241,86,250,248,249,225,90,222,223,271,268,270,261,259,258,88,224,220,221,237,89,235,238,275,273,272,289,306,280,297,310,308,299,279,285,94,286,282,303,300,302,293,291,231,290,288,287,93,296,294,295,283,96,281,284,307,305,304,410,412,595,319,318,721,530,440,750,752,387,527,483,360,514,482,768,377,763,312,517,782,785,352,480,438,754,744,724,382,361,351,741,404,802,795,794,581,751,810,478,753,819,358,534,825,725,817,834,379,804,806,227,591,853,375,374,701,855,704,650,849,685,392,613,668,560,670,324,423,654,593,784,546,760,778,674,568,780,762,505,367,469,642,883,885,313,877,871,370,727,811,805,634,896,562,851,601,389,705,911,330,356,813,618,617,393,902,807,712,814,490,626,369,928,933,502,587,943,936,879,837,563,322,952,518,376,592,729,315,419,793,596,615,783,181,157,446,447,457,161,456,162,453,451,156,184,485,620,386,472,479,594,320,349,598,614,373,417,531,732,779,695,529,585,612,737,342,749,748,516,774,770,771,773,578,908,702,425,632,745,645,922,976,428,363,700,420,226,569,862,624,909,882,873,767,921,671,544,881,874,507,402,777,350,809,584,533,316,792,833,640,977,723,950,731,434,788,781,747,538,691,436,827,414,953,653,470,934,473,726,549,510,929,597,571,937,689,889,786,639,887,411,959,398,861,960,607,522,328,841,843,927,493,365,845,968,652,673,383,384,445,875,528,707,552,504,979,697,550,761,962,945,331,586,475,495,332,537,964,602,336,340,746,397,958,957,713,503,524,894,364,638,508,733,847,897,347,734,610,990,829,366,676,682,368,775,684,548,776,573,905,870,427,497,380,647,667,627,907,471,422,828,344,672,693,939,772,866,559,981,699,899,730,982,556,629,980,499,233,378,388,589,708,863,641,946,803,838,630,703,857,566,848,659,984,876,437,910,651,604,755,500,321,501,467,983,403,362,840,801,444,696,415,468,372,395,893,619,918,759,385,916,329,540,912,842,858,394,625,616,923,986,400,311,426,967,381,680,852,494,498,466,547,740,738,820,357,716,338,519,609,600,796,718,963,900,835,961,901,736,631,898,722,337,526,821,719,353,818,812,421,418,720,824,463,317,335,462,314,465,464,334,735,635,484,506,769,532,692,348,764,694,390,758,327,757,766,765,323,756,603,458,326,416,459,325,460,461,409,474,588,572,570,787,580,333,574,890,520,643,790,799,608,808,339,658,345,442,681,800,798,797,341,678,679,441,346,481,515,513,343,535,742,633,826,354,715,739,822,477,717,816,491,413,823,355,815,476,521,728,359,830,832,831,662,854,665,710,709,856,579,406,664,663,407,850,844,686,606,846,839,565,432,424,561,836,886,884,431,646,675,878,511,623,551,872,867,399,865,869,868,391,864,621,628,555,655,860,396,543,577,687,888,880,698,576,859,542,895,930,405,926,408,789,892,558,605,791,401,644,743,583,657,915,942,660,944,599,913,553,683,669,985,622,636,637,925,935,891,512,564,488,970,690,688,433,489,509,920,430,919,706,938,932,931,714,539,917,429,906,941,940,487,903,904,525,582,590,947,536,955,951,554,435,557,545,443,954,956,439,948,541,949,648,978,575,975,924,969,677,666,966,523,567,711,974,973,486,965,656,492,971,972,987,661,914,989,992,991,611,988,993
STAB 0 1 1 4,6,1,3,15,7,2,11,5,19,18,17,34,12,9,20,14,8,21,22,10,16,33,27,32,54,30,23,13,24,25,31,28,29,106,111,26,104,92,122,47,49,36,107,63,116,115,129,109,103,143,150,66,37,55,61,46,68,120,112,113,119,128,140,153,151,141,130,164,193,202,81,163,217,205,211,186,192,102,152,210,127,50,35,154,247,253,264,278,267,48,114,293,299,80,310,148,59,60,121,62,110,83,108,44,84,105,38,42,79,43,99,56,39,41,57,100,40,101,98,117,118,126,149,134,133,165,45,91,58,85,65,123,146,142,64,67,135,51,136,137,138,139,124,52,125,97,147,144,145,53,95,132,131,159,453,457,216,219,198,447,446,215,183,82,189,185,188,200,201,160,203,187,204,194,78,175,180,70,195,456,167,69,451,182,190,207,191,213,77,168,176,179,177,178,170,71,171,169,199,196,197,209,208,206,75,173,174,172,72,212,76,166,158,73,214,218,74,155,263,234,265,229,262,266,650,499,255,269,274,289,243,363,260,276,228,277,230,252,251,248,86,249,250,244,241,242,246,232,245,257,256,254,87,236,239,240,220,88,221,224,261,258,259,271,270,268,90,223,225,222,237,89,238,235,275,272,273,301,306,308,279,309,280,298,297,294,93,295,296,290,287,288,292,231,291,303,302,300,94,282,285,286,283,96,284,281,307,304,305,417,184,598,320,156,736,594,181,746,747,388,532,484,226,472,485,769,378,764,161,475,781,786,349,479,445,754,744,723,385,362,350,732,402,803,809,792,589,748,808,481,749,820,357,535,826,739,822,835,227,797,798,379,579,854,374,375,704,856,701,649,850,682,400,616,676,568,674,233,420,700,537,788,538,761,775,670,560,776,759,511,368,466,646,884,886,311,878,872,366,730,812,799,631,899,566,848,605,386,713,912,157,355,816,619,620,397,789,800,708,815,491,625,365,891,934,501,583,944,937,876,841,564,329,951,525,373,580,726,162,403,801,597,614,787,440,330,454,455,449,312,448,315,452,450,318,412,482,617,389,514,480,530,319,352,595,615,376,410,528,741,774,688,586,588,612,738,346,753,751,515,779,765,766,777,575,903,703,433,633,742,641,920,978,429,371,654,423,360,558,860,628,913,889,868,772,893,672,540,887,869,509,404,773,351,795,474,536,316,794,833,648,975,724,955,731,390,784,782,752,546,694,435,823,413,947,692,570,933,512,729,552,504,926,596,574,936,696,882,785,647,881,415,962,394,863,964,599,523,321,837,844,930,489,369,846,965,651,669,384,383,438,870,531,711,549,510,973,686,572,760,959,940,332,529,517,487,331,593,960,606,333,348,750,393,963,961,705,500,520,890,372,635,506,743,842,910,339,740,611,991,830,370,668,685,367,778,683,553,780,551,904,875,431,498,381,639,675,623,906,513,421,824,343,671,690,932,767,865,567,923,655,896,727,986,555,621,974,496,324,377,387,581,712,861,645,941,802,839,622,702,852,562,851,680,987,879,444,897,652,603,757,503,328,502,468,924,419,361,836,793,437,689,411,467,364,396,921,618,917,762,382,919,322,544,911,847,859,398,626,613,981,982,392,313,430,966,380,659,857,486,497,469,539,734,737,819,358,715,337,526,477,608,790,717,958,791,834,957,892,721,634,895,719,338,519,818,722,354,821,811,422,408,735,828,464,314,334,465,317,462,463,335,720,638,483,508,768,527,653,340,763,691,434,756,323,755,771,770,327,758,604,461,325,409,460,326,459,458,416,584,585,550,470,783,592,336,571,894,524,644,796,805,600,810,347,679,341,441,678,807,806,804,345,681,658,442,342,478,516,471,344,534,745,632,825,353,716,725,817,609,718,813,490,414,827,356,814,521,476,728,359,829,831,832,665,853,662,709,710,855,591,407,663,664,406,849,843,697,602,845,838,561,424,432,565,840,885,883,427,642,667,877,505,627,573,871,864,391,866,874,873,399,867,629,624,556,699,862,395,542,576,698,880,888,687,577,858,543,898,927,401,929,418,902,901,569,601,900,405,643,733,587,660,942,915,657,943,607,909,548,684,673,969,630,637,636,935,925,928,473,563,492,972,693,695,425,493,507,922,426,916,714,931,939,938,706,547,918,428,907,946,945,495,908,905,518,590,582,953,533,950,952,557,436,554,541,439,949,948,443,956,545,954,640,976,578,977,983,985,666,677,967,522,559,707,980,979,494,968,661,488,914,970,984,656,971,992,989,990,610,993,988
STAB 0 1 1 1,2,7,6,5,4,3,14,9,16,20,19,23,8,15,10,22,21,12,11,18,17,13,25,24,55,27,28,29,31,30,32,34,33,107,102,54,60,56,100,57,83,84,79,130,92,61,126,112,104,135,124,132,37,26,39,41,129,59,38,47,62,133,64,150,149,67,123,167,175,170,165,158,155,174,166,168,180,44,134,189,211,42,43,148,248,239,220,237,225,128,46,294,285,131,283,125,101,103,40,98,36,99,50,111,110,35,109,108,106,105,49,116,115,114,113,117,118,120,119,122,121,68,52,97,48,213,91,58,45,95,53,63,80,51,137,136,138,139,141,140,143,142,153,151,154,152,85,66,65,145,147,144,146,74,454,450,73,163,187,449,448,159,188,72,76,69,77,171,71,169,173,172,75,70,179,178,177,176,78,452,191,190,455,186,185,160,164,81,183,182,194,195,192,193,208,206,209,207,203,205,204,200,202,201,197,199,196,198,212,82,210,127,219,218,217,216,215,214,88,224,223,222,221,90,371,649,232,234,230,279,228,496,229,238,240,89,235,87,236,256,254,257,255,251,253,252,86,250,249,245,247,246,242,244,241,243,270,268,271,269,265,267,266,262,264,263,259,261,258,260,272,273,275,274,276,278,277,231,280,284,286,96,281,94,282,302,300,303,301,297,299,298,93,296,295,291,293,292,288,290,287,289,304,305,307,306,308,310,309,469,457,466,464,456,731,463,446,594,530,652,759,756,499,461,458,758,651,762,451,586,529,550,465,462,572,337,338,524,692,679,515,471,513,658,516,520,653,480,795,809,479,717,718,813,816,819,820,728,363,803,802,360,842,837,367,366,370,841,368,226,847,615,704,701,614,388,387,650,498,497,589,528,531,581,617,378,377,620,691,864,616,713,861,859,858,705,863,867,613,644,741,793,732,643,663,664,898,460,598,696,447,827,823,689,459,595,895,801,654,828,824,700,565,920,539,675,903,908,547,667,561,922,694,953,947,468,786,541,453,678,681,545,467,785,318,412,162,161,157,330,181,440,156,184,315,312,326,416,409,325,335,317,314,334,313,444,437,311,574,343,482,926,585,782,476,716,808,352,349,810,472,769,768,514,967,945,661,927,815,814,656,930,966,940,233,381,380,324,897,879,876,910,549,872,638,688,635,695,552,871,929,344,485,342,346,781,951,519,347,521,965,968,339,952,526,764,383,332,320,384,763,955,826,825,950,760,784,426,921,439,576,577,893,443,788,430,683,504,333,627,510,684,582,699,655,590,909,974,674,432,848,891,928,424,851,980,670,913,571,570,336,623,470,976,542,543,978,849,783,385,554,943,588,474,331,944,584,382,557,850,787,761,319,417,726,729,410,673,790,789,686,755,757,902,697,669,796,715,991,990,833,400,376,373,392,386,912,911,389,866,946,573,860,712,708,551,862,865,941,811,742,745,812,508,925,935,506,870,975,702,878,405,401,703,877,875,977,227,379,328,321,348,420,556,492,942,345,852,915,488,710,406,407,709,985,431,682,607,568,772,767,599,560,427,685,969,441,341,857,442,668,548,553,676,602,880,507,415,939,390,340,932,434,509,411,606,888,555,423,375,641,645,374,397,931,973,626,665,662,979,625,393,938,609,477,353,354,818,735,736,821,794,792,822,596,899,359,597,896,316,404,890,738,720,721,740,734,817,737,402,632,894,754,633,752,750,753,751,747,749,746,748,744,603,323,604,327,322,537,593,329,532,527,771,770,672,484,483,766,765,671,779,777,780,778,774,776,773,775,517,475,580,538,445,438,592,546,601,600,901,724,403,723,350,608,806,804,807,805,419,362,361,798,800,797,799,478,351,481,631,634,355,491,490,356,739,719,357,358,722,725,414,422,535,534,413,421,830,829,831,832,612,835,834,838,365,836,840,839,369,364,846,845,844,843,372,562,579,591,566,659,856,855,854,853,680,396,395,624,394,628,398,391,629,621,399,874,873,639,511,505,869,868,647,502,646,642,501,687,889,887,886,885,884,883,882,698,881,733,563,900,544,743,418,730,500,408,727,892,791,605,428,907,906,905,904,429,558,503,619,618,569,970,660,917,916,919,918,425,540,433,982,984,636,473,489,564,512,493,706,693,937,936,637,934,933,714,690,495,630,657,583,587,487,622,436,949,948,536,518,525,435,956,533,954,963,961,964,962,958,960,957,959,522,494,486,523,677,914,972,971,707,559,640,575,648,578,711,567,986,923,987,924,666,981,983,989,988,611,610,993,992
STAB 0 1 1 1,2,6,7,15,3,4,8,9,16,22,21,24,14,5,10,20,19,18,17,12,11,25,13,23,55,28,27,32,34,33,29,31,30,108,99,37,79,56,101,41,43,42,60,91,114,113,123,110,105,136,125,95,54,26,39,57,58,118,44,116,117,133,138,147,146,139,126,69,176,171,72,73,155,173,166,168,178,38,144,213,212,84,83,145,249,236,221,238,223,45,115,295,282,53,284,124,100,36,98,40,103,102,111,50,112,109,35,107,49,104,106,47,46,92,61,62,59,122,121,120,119,48,97,52,68,189,130,129,128,132,131,63,153,137,51,135,64,67,143,142,141,140,80,85,66,65,151,154,152,148,150,134,149,74,455,448,158,214,208,452,450,219,191,165,76,167,77,170,169,71,174,75,172,179,70,180,78,175,177,449,188,186,454,190,183,196,182,127,185,164,192,195,194,193,187,203,205,204,206,209,207,197,199,198,200,202,160,201,211,210,82,81,159,217,218,215,216,163,224,88,225,90,220,222,371,496,241,258,272,302,256,649,270,237,87,235,89,240,239,228,251,253,252,254,257,255,250,86,248,242,244,243,245,247,232,246,229,265,267,266,268,271,269,259,261,260,262,264,234,263,230,276,278,277,273,275,274,287,304,283,94,281,96,286,285,279,297,299,298,300,303,301,296,93,294,288,290,289,291,293,231,292,280,308,310,309,305,307,306,437,440,467,334,330,720,462,412,753,751,380,593,603,379,409,459,757,497,760,315,584,585,574,314,463,570,526,519,339,434,441,342,343,513,681,516,520,691,752,810,478,750,716,609,490,814,818,722,830,360,807,805,363,843,838,366,367,370,840,368,226,845,393,392,613,705,625,708,324,321,651,527,592,783,763,779,626,712,777,653,621,374,373,624,542,577,614,862,865,701,743,634,806,811,890,602,697,901,325,668,669,318,742,633,599,458,685,900,804,568,825,534,674,709,921,917,699,904,906,919,556,662,544,340,955,536,311,784,949,312,341,658,956,466,546,447,446,157,181,162,456,161,457,184,156,451,453,416,326,461,460,317,335,465,464,444,313,469,468,550,471,778,930,529,782,831,717,351,747,746,795,776,772,672,775,522,915,914,512,355,816,972,926,968,657,227,328,652,650,548,877,642,684,880,875,766,928,765,563,698,639,489,344,780,515,346,517,951,338,347,832,486,966,524,525,337,382,787,474,749,580,581,953,422,828,436,762,786,916,920,948,395,858,433,954,445,918,500,687,470,874,888,910,957,675,431,958,912,578,700,710,591,509,688,665,849,976,420,619,336,572,571,873,333,980,859,396,559,851,531,532,963,630,331,332,588,946,586,764,961,562,383,322,748,676,960,959,682,415,723,730,406,323,758,899,664,696,792,354,993,989,835,375,397,713,704,773,909,569,774,391,944,869,394,377,387,868,863,867,583,732,827,414,402,771,938,706,770,511,979,983,502,733,894,984,879,872,707,233,499,381,498,390,670,667,971,495,442,853,945,970,432,686,606,565,982,655,410,411,654,769,484,689,423,555,595,981,679,678,855,345,598,897,503,417,663,549,564,673,937,348,694,934,692,891,607,407,510,427,560,400,987,924,616,376,637,648,378,424,561,975,388,615,925,718,353,477,715,819,316,744,358,600,796,740,962,902,829,964,601,735,631,643,817,731,754,822,739,738,725,812,413,401,721,823,480,479,594,530,352,320,349,319,736,756,755,327,604,761,329,759,537,385,589,508,506,768,767,671,638,635,483,617,620,485,482,389,472,386,514,781,475,384,438,788,538,528,785,896,794,898,608,797,790,481,724,793,801,803,802,798,800,799,419,362,403,361,809,808,350,404,741,815,356,813,491,734,357,719,821,820,737,745,826,421,824,632,535,728,359,476,521,834,833,612,837,836,365,841,369,839,846,364,847,372,842,844,850,566,848,579,856,659,857,680,852,854,543,576,861,860,398,628,866,399,864,629,627,623,871,870,647,573,551,505,878,501,876,646,504,886,885,889,887,882,881,884,552,883,405,695,895,922,644,892,789,683,791,605,418,408,727,907,428,908,429,903,905,618,553,913,558,911,488,487,539,426,547,430,540,425,893,985,703,714,493,929,507,927,473,935,936,939,693,931,932,690,636,933,942,943,940,941,622,660,587,950,541,439,947,518,952,533,545,435,443,554,557,597,596,590,726,582,729,967,523,965,494,986,661,656,492,977,978,711,567,973,974,640,575,677,666,641,645,923,969,702,990,611,988,992,991,610
STAB 0 1 1 1,2,3,4,5,6,7,8,9,10,11,12,13,14,15,16,17,18,19,20,21,22,23,24,25,26,27,28,29,30,31,32,33,34,35,36,37,38,39,40,41,42,43,44,45,46,47,48,49,50,51,52,53,54,55,56,57,58,59,60,61,62,63,64,65,66,67,68,69,70,71,72,73,74,75,76,77,78,79,80,81,82,83,84,85,86,87,88,89,90,91,92,93,94,95,96,97,98,99,100,101,102,103,104,105,106,107,108,109,110,111,112,113,114,115,116,117,118,119,120,121,122,123,124,125,126,127,128,129,130,131,132,133,134,135,136,137,138,139,140,141,142,143,144,145,146,147,148,149,150,151,152,153,154,155,156,157,158,159,160,161,162,163,164,165,166,167,168,169,170,171,172,173,174,175,176,177,178,179,180,181,182,183,184,185,186,187,188,189,190,191,192,193,194,195,196,197,198,199,200,201,202,203,204,205,206,207,208,209,210,211,212,213,214,215,216,217,218,219,220,221,222,223,224,225,226,227,228,229,230,231,232,233,234,235,236,237,238,239,240,241,242,243,244,245,246,247,248,249,250,251,252,253,254,255,256,257,258,259,260,261,262,263,264,265,266,267,268,269,270,271,272,273,274,275,276,277,278,279,280,281,282,283,284,285,286,287,288,289,290,291,292,293,294,295,296,297,298,299,300,301,302,303,304,305,306,307,308,309,310,311,312,313,314,315,316,317,318,319,320,321,322,323,324,325,326,327,328,329,330,331,332,333,334,335,336,337,338,339,340,341,342,343,344,345,346,347,348,349,350,351,352,353,354,355,356,357,358,359,360,361,362,363,364,365,366,367,368,369,370,371,372,373,374,375,376,377,378,379,380,381,382,383,384,385,386,387,388,389,390,391,392,393,394,395,396,397,398,399,400,401,402,403,404,405,406,407,408,409,410,411,412,413,414,415,416,417,418,419,420,421,422,423,424,425,426,427,428,429,430,431,432,433,434,435,436,437,438,439,440,441,442,443,444,445,446,447,448,449,450,451,452,453,454,455,456,457,458,459,460,461,462,463,464,465,466,467,468,469,470,471,472,473,474,475,476,477,478,479,480,481,482,483,484,485,486,487,488,489,490,491,492,493,494,495,496,497,498,499,500,501,502,503,504,505,506,507,508,509,510,511,512,513,514,515,516,517,518,519,520,521,522,523,524,525,526,527,528,529,530,531,532,533,534,535,536,537,538,539,540,541,542,543,544,545,546,547,548,549,550,551,552,553,554,555,556,557,558,559,560,561,562,563,564,565,566,567,568,569,570,571,572,573,574,575,576,577,578,579,580,581,582,583,584,585,586,587,588,589,590,591,592,593,594,595,596,597,598,599,600,601,602,603,604,605,606,607,608,609,610,611,612,613,614,615,616,617,618,619,620,621,622,623,624,625,626,627,628,629,630,631,632,633,634,635,636,637,638,639,640,641,642,643,644,645,646,647,648,649,650,651,652,653,654,655,656,657,658,659,660,661,662,663,664,665,666,667,668,669,670,671,672,673,674,675,676,677,678,679,680,681,682,683,684,685,686,687,688,689,690,691,692,693,694,695,696,697,698,699,700,701,702,703,704,705,706,707,708,709,710,711,712,713,714,715,716,717,718,719,720,721,722,723,724,725,726,727,728,729,730,731,732,733,734,735,736,737,738,739,740,741,742,743,744,745,746,747,748,749,750,751,752,753,754,755,756,757,758,759,760,761,762,763,764,765,766,767,768,769,770,771,772,773,774,775,776,777,778,779,780,781,782,783,784,785,786,787,788,789,790,791,792,793,794,795,796,797,798,799,800,801,802,803,804,805,806,807,808,809,810,811,812,813,814,815,816,817,818,819,820,821,822,823,824,825,826,827,828,829,830,831,832,833,834,835,836,837,838,839,840,841,842,843,844,845,846,847,848,849,850,851,852,853,854,855,856,857,858,859,860,861,862,863,864,865,866,867,868,869,870,871,872,873,874,875,876,877,878,879,880,881,882,883,884,885,886,887,888,889,890,891,892,893,894,895,896,897,898,899,900,901,902,903,904,905,906,907,908,909,910,911,912,913,914,915,916,917,918,919,920,921,922,923,924,925,926,927,928,929,930,931,932,933,934,935,936,937,938,939,940,941,942,943,944,945,946,947,948,949,950,951,952,953,954,955,956,957,958,959,960,961,962,963,964,965,966,967,968,969,970,971,972,973,974,975,976,977,978,979,980,981,982,983,984,985,986,987,988,989,990,991,992,993
STAB 0 1 1 1,2,4,3,15,7,6,14,9,10,17,18,25,8,5,16,11,12,21,22,19,20,24,23,13,26,28,27,32,33,34,29,30,31,109,103,54,44,39,98,57,84,83,38,128,115,116,68,106,111,137,97,131,37,55,56,41,129,118,79,113,117,63,138,152,154,139,48,167,179,169,165,158,74,172,76,77,177,60,153,127,210,43,42,151,250,240,224,235,222,130,114,296,286,132,281,52,40,102,101,100,99,36,105,104,49,108,107,35,112,50,110,61,92,46,47,62,59,121,122,119,120,126,125,124,123,81,45,58,91,53,95,133,144,136,135,51,64,67,142,143,140,141,134,148,149,150,145,146,147,85,65,80,66,155,184,162,73,219,196,181,157,214,182,72,166,69,168,71,171,170,75,174,173,176,175,78,180,70,178,161,164,185,156,183,190,208,191,213,186,188,194,193,192,195,160,200,201,202,197,198,199,206,207,209,203,204,187,205,82,212,211,189,163,216,215,218,217,159,221,220,90,225,88,223,226,233,256,270,272,287,241,227,258,89,239,238,237,236,87,232,245,246,247,242,243,244,249,248,86,254,255,257,251,252,228,253,234,262,263,264,259,260,261,268,269,271,265,266,229,267,230,276,277,278,273,274,275,302,304,96,285,284,283,282,94,231,291,292,293,288,289,290,295,294,93,300,301,303,297,298,279,299,280,308,309,310,305,306,307,468,453,444,465,451,735,335,447,748,749,498,761,755,650,460,416,604,381,537,456,588,474,470,464,317,571,526,519,524,694,678,515,471,344,442,346,347,390,746,481,808,747,477,715,815,491,719,821,829,363,799,800,360,846,836,367,366,368,839,370,371,844,713,616,400,397,712,626,499,652,328,764,787,580,532,773,708,625,774,348,866,704,615,860,576,543,376,628,629,375,894,812,797,631,733,686,606,791,461,682,607,446,632,745,673,326,676,892,798,670,535,826,560,665,540,916,555,907,905,918,655,710,893,692,533,950,469,538,948,457,679,345,954,313,788,412,318,450,452,448,315,449,312,455,454,330,440,459,458,325,409,463,462,334,314,467,466,311,437,333,343,776,493,332,475,831,353,809,750,752,350,778,671,767,780,965,660,970,929,813,356,971,473,523,942,649,651,321,379,683,646,878,553,687,647,770,564,771,891,888,870,927,513,775,342,516,781,518,338,520,832,967,494,339,952,337,589,592,585,751,783,385,435,824,421,947,329,438,917,425,949,859,396,922,956,785,919,897,880,574,868,698,503,963,427,667,961,618,978,423,662,850,695,507,709,579,575,654,911,572,336,570,869,550,567,395,858,974,566,384,763,957,941,586,529,584,622,331,527,958,848,528,759,753,685,962,964,668,689,794,896,663,756,327,727,407,411,724,718,992,988,834,701,705,393,374,779,558,913,777,864,587,873,861,388,378,874,398,399,943,404,413,823,741,765,714,931,766,871,711,987,876,890,743,924,501,505,973,496,324,497,380,691,568,431,972,940,681,856,487,914,561,602,697,424,923,556,598,696,420,483,768,415,700,699,417,986,341,441,854,658,410,500,910,595,406,504,928,599,933,653,434,936,340,563,669,664,552,675,674,613,983,984,392,614,935,977,387,565,432,640,377,373,636,354,717,716,609,357,731,754,820,790,608,737,960,605,830,959,789,720,811,405,739,316,744,725,817,734,822,634,827,644,736,414,349,352,319,320,479,530,480,594,721,323,603,758,757,593,762,322,760,581,382,635,638,484,672,772,506,508,769,386,389,514,472,620,482,617,485,517,782,531,786,546,784,383,445,730,723,408,796,806,600,810,792,403,419,361,362,804,805,807,801,802,793,803,351,478,795,732,402,490,816,355,814,738,819,818,722,358,740,633,534,828,422,742,825,359,728,476,521,835,612,833,365,838,837,369,841,840,843,842,372,847,364,845,591,851,562,849,853,852,680,857,659,855,577,542,394,624,863,862,621,867,391,865,551,573,511,639,875,623,627,872,642,879,502,877,549,883,884,881,882,887,889,885,510,886,643,509,418,433,401,900,601,548,901,902,895,898,899,904,903,429,908,428,906,912,684,569,909,619,661,945,426,539,430,547,921,920,544,666,645,938,930,512,688,489,926,637,934,690,932,706,693,939,925,937,657,583,495,630,946,915,944,536,439,541,436,951,525,955,443,953,545,582,590,729,726,557,596,554,597,486,968,522,966,981,488,492,656,648,578,979,980,707,559,975,976,969,985,702,703,982,677,641,611,990,989,993,610,991
STAB 0 1 1 6,4,7,1,9,2,3,19,5,12,8,14,32,20,15,11,21,22,16,10,18,17,27,34,33,37,13,31,30,28,29,23,25,24,83,42,54,35,46,59,92,107,104,50,130,57,41,45,43,84,67,85,148,55,26,47,61,128,100,36,39,40,91,51,131,95,135,58,186,175,203,211,217,216,200,82,185,70,49,53,72,165,102,112,132,251,245,265,276,262,129,56,297,291,150,308,65,121,106,62,122,38,105,79,109,108,60,111,110,103,99,44,116,115,113,114,120,119,117,118,98,101,63,80,66,48,212,133,123,126,149,134,68,52,64,143,142,141,140,138,139,137,136,154,152,153,151,124,97,125,146,144,147,145,163,330,318,159,74,71,315,312,73,69,189,81,188,164,204,187,205,201,202,160,180,192,194,193,195,78,412,190,191,440,167,168,75,77,76,183,182,178,176,179,177,209,207,208,206,170,169,171,174,172,173,198,196,199,197,213,166,210,127,218,219,158,155,215,214,229,267,263,264,266,234,379,360,87,90,89,93,86,324,88,277,247,230,278,232,246,257,255,256,254,248,250,249,228,253,252,239,240,236,243,241,244,242,271,269,270,268,220,224,221,225,222,223,260,258,261,259,275,274,272,273,237,235,238,94,96,309,293,280,310,231,292,303,301,302,300,294,296,295,279,299,298,285,286,282,289,287,290,288,307,306,304,305,283,281,284,614,456,376,479,457,338,352,451,465,334,700,692,506,499,620,389,638,423,340,446,586,331,383,594,319,528,316,731,792,759,801,809,402,741,419,351,724,322,314,342,515,464,734,738,742,632,609,715,521,650,678,441,649,663,709,701,704,374,665,375,227,406,311,366,367,469,381,497,363,378,387,694,572,336,434,325,498,380,461,382,623,616,676,675,504,549,685,427,573,392,895,513,341,344,418,842,364,401,485,468,503,453,828,421,910,514,437,644,679,321,827,413,652,857,929,935,861,942,657,637,394,680,512,589,953,435,598,571,557,447,803,361,590,410,570,450,452,161,162,156,454,184,455,157,181,449,448,386,472,482,617,320,349,480,530,373,417,595,615,438,404,409,425,517,584,359,358,808,463,317,478,416,755,603,459,975,946,666,688,826,534,985,507,640,622,233,388,377,496,415,699,555,689,858,866,758,927,327,489,396,621,920,732,460,795,350,588,950,754,723,728,978,578,794,536,744,761,550,332,335,333,593,518,815,490,951,527,783,925,563,554,886,883,891,582,580,636,913,859,384,391,395,569,443,879,501,545,548,711,712,659,686,893,544,852,602,979,625,683,786,785,531,864,445,522,885,884,965,843,784,390,439,904,781,475,529,907,782,691,541,846,538,764,462,444,954,956,467,912,790,791,848,769,483,901,562,618,600,820,992,993,831,400,466,313,613,326,673,599,458,872,945,867,878,674,560,399,642,505,487,811,813,355,631,323,426,539,756,868,967,972,860,408,898,971,624,874,486,226,371,420,654,329,328,502,969,903,403,424,428,677,365,847,372,837,656,398,397,619,626,771,765,911,708,863,705,492,802,793,565,362,393,909,558,713,851,881,930,897,938,385,762,714,581,493,500,566,889,876,651,368,970,914,370,682,690,567,568,841,369,980,670,668,939,819,357,740,737,817,736,735,739,339,524,719,949,894,476,948,743,337,343,727,718,721,720,353,717,818,354,471,816,899,519,356,753,751,752,750,748,746,749,747,526,768,508,484,635,653,532,763,348,537,760,772,672,770,604,757,671,767,766,780,778,779,777,775,773,776,774,585,474,788,787,470,574,546,592,900,796,902,520,345,347,346,608,807,805,806,804,658,442,681,799,797,800,798,810,516,481,812,634,745,535,825,633,821,822,477,716,725,722,422,414,491,814,824,823,834,835,833,612,832,829,830,855,710,856,853,854,662,664,850,591,579,849,407,697,844,845,606,432,836,838,839,840,561,552,510,877,667,646,431,627,511,871,551,875,639,873,629,865,647,870,869,556,628,862,655,887,888,687,576,542,543,577,698,882,880,730,921,601,928,896,643,733,411,405,890,605,789,892,915,944,587,583,943,660,553,696,607,669,684,641,429,936,937,933,934,926,564,473,983,981,430,433,695,540,922,509,693,706,916,917,547,918,919,932,931,630,495,908,905,906,941,940,436,596,597,952,955,533,947,729,525,726,964,962,963,961,959,957,960,958,976,648,977,575,488,645,702,703,559,707,966,523,494,968,974,973,987,924,986,923,661,984,982,610,611,988,989,990,991
STAB 0 1 1 6,4,1,7,15,3,2,20,5,12,21,22,33,19,9,11,8,14,18,17,16,10,34,27,32,37,31,13,23,25,24,30,28,29,110,105,55,50,46,121,61,112,102,35,133,113,114,58,108,99,142,65,149,54,26,47,92,123,119,49,116,120,91,141,144,145,140,45,188,195,204,189,159,216,201,82,185,194,36,147,212,213,104,107,146,252,246,266,277,263,126,115,298,292,134,309,85,59,38,122,62,106,42,109,79,43,111,60,83,44,84,103,39,56,57,41,40,100,98,101,117,118,48,66,80,63,72,130,128,129,148,150,68,154,143,64,67,51,135,137,136,138,139,52,124,97,125,152,153,151,132,131,53,95,163,440,312,217,214,209,412,318,218,190,211,81,186,164,203,205,187,200,160,202,192,180,70,78,175,193,315,69,167,330,191,183,199,182,127,168,77,179,176,178,177,71,170,169,171,207,208,206,198,196,197,174,172,75,173,165,210,166,76,73,158,219,215,155,74,267,229,262,234,265,264,379,324,244,261,275,303,257,360,271,276,232,278,230,247,245,86,248,250,249,255,256,254,253,228,251,243,241,242,239,240,87,236,88,220,224,221,269,270,268,260,258,259,225,222,90,223,89,237,235,238,274,272,273,290,307,308,231,310,280,293,291,93,294,296,295,301,302,300,299,279,297,289,287,288,285,286,94,282,96,283,281,284,306,304,305,595,455,410,530,454,721,319,452,752,750,377,763,768,371,482,514,483,387,527,449,782,517,438,480,352,785,744,754,794,581,802,795,404,741,361,351,724,382,753,478,810,751,358,819,825,534,817,725,834,649,806,804,650,849,855,704,701,374,853,375,227,591,668,613,392,685,670,560,496,654,423,760,546,784,593,780,568,674,778,322,871,370,313,877,885,883,469,642,505,367,896,634,807,811,727,851,562,902,617,393,618,450,813,356,911,389,705,601,805,626,490,814,712,837,563,936,879,943,587,933,502,369,928,762,518,952,615,783,596,448,793,419,729,376,592,453,451,156,184,161,457,162,456,181,157,446,447,472,386,620,485,349,320,594,479,417,373,614,598,383,402,777,507,331,584,833,734,516,748,749,342,773,771,770,774,976,428,645,922,745,632,702,425,578,908,226,420,700,363,909,624,862,569,881,874,671,544,767,921,882,873,695,732,779,809,350,585,950,731,723,612,977,640,792,533,316,691,538,475,746,788,434,953,414,827,436,340,571,937,929,597,510,549,473,726,470,934,411,887,445,875,889,689,960,861,398,959,673,968,652,365,845,493,927,841,843,522,328,607,531,528,786,639,384,979,504,552,707,602,336,537,964,495,529,332,781,945,586,761,962,697,550,653,747,713,957,958,397,897,347,733,847,508,638,894,364,503,524,737,990,610,829,368,682,676,366,776,548,684,775,627,907,647,667,380,497,870,427,573,905,344,828,422,471,772,939,693,672,629,980,982,556,730,899,981,699,866,559,233,499,388,378,385,625,394,703,630,362,840,946,641,659,848,566,857,983,501,467,500,321,755,604,910,651,876,437,984,801,803,838,403,468,415,696,444,842,858,540,912,916,329,589,918,759,893,619,372,395,863,708,400,986,923,616,466,547,494,498,852,680,967,381,311,426,738,740,357,820,609,337,526,716,796,600,353,961,901,835,963,900,736,812,418,818,338,519,719,821,718,722,631,824,898,720,421,314,464,465,334,463,335,317,462,735,506,769,635,484,764,348,692,532,390,694,323,756,603,765,766,758,327,757,325,461,460,409,458,416,326,459,588,474,333,574,580,787,572,570,743,339,401,608,800,790,481,520,341,679,678,441,799,797,798,658,442,345,681,515,808,346,343,513,826,633,742,535,717,477,822,739,715,354,355,815,823,413,816,491,521,476,359,728,830,831,832,709,856,710,665,662,854,850,664,406,407,663,579,846,606,686,844,836,432,565,561,424,839,884,886,675,878,431,646,872,551,623,511,391,864,621,868,869,867,399,865,860,655,555,628,859,576,542,888,687,698,880,543,396,577,408,489,644,512,895,605,791,913,789,892,643,405,890,944,915,657,660,942,583,669,558,683,553,599,677,941,935,925,637,636,564,926,891,656,971,932,509,920,930,688,433,539,917,938,706,690,714,931,430,919,903,904,622,487,940,429,906,951,557,554,435,955,536,525,590,947,582,439,541,948,949,545,954,443,956,975,575,978,648,987,666,985,969,486,965,974,973,567,711,966,523,488,661,970,914,924,492,972,993,988,611,991,992,989
STAB 0 1 1 6,4,3,2,9,1,7,20,5,11,10,16,27,19,15,12,17,18,14,8,22,21,32,33,34,26,13,31,30,29,28,23,24,25,60,38,55,36,47,62,61,102,112,49,126,56,39,48,44,79,64,80,134,54,37,46,92,123,100,35,41,40,68,51,125,97,135,63,188,180,187,189,159,163,160,81,164,78,50,52,76,166,107,104,124,228,232,229,230,234,133,57,279,231,149,280,66,122,105,59,121,42,106,84,99,103,83,110,111,108,109,43,114,113,115,116,120,119,118,117,101,98,58,85,65,45,127,129,128,130,150,148,91,53,67,142,143,141,140,139,138,136,137,147,146,145,144,132,95,131,152,151,154,153,216,157,156,217,73,75,162,161,74,77,211,82,186,185,205,203,204,202,201,200,175,195,193,194,192,70,184,182,183,181,168,167,71,69,72,191,190,179,177,178,176,199,198,197,196,174,173,172,170,171,169,207,206,209,208,210,165,213,212,214,215,155,158,219,218,265,266,264,263,267,262,227,226,86,88,89,94,87,233,90,278,246,276,277,245,247,244,243,242,241,239,236,240,251,252,253,248,249,250,255,254,257,256,261,260,259,258,225,223,222,220,221,224,269,268,271,270,275,274,273,272,237,238,235,93,96,310,292,308,309,291,293,290,289,288,287,285,282,286,297,298,299,294,295,296,301,300,303,302,307,306,305,304,283,284,281,615,448,373,480,449,337,349,450,462,335,654,653,508,496,617,386,635,420,348,454,529,332,384,530,320,531,316,731,794,762,793,795,404,732,403,350,723,329,317,346,516,463,740,737,745,633,477,716,476,649,681,442,650,664,710,704,701,375,662,374,379,407,313,370,368,466,380,498,371,377,388,691,550,333,390,326,497,381,458,385,627,613,668,667,510,552,682,431,551,400,898,471,345,343,408,847,372,405,482,467,500,452,824,422,897,472,444,643,658,328,823,414,651,852,926,925,863,915,660,636,398,659,473,581,947,436,595,574,554,455,802,362,582,417,470,451,453,312,315,318,446,412,447,330,440,457,456,389,514,485,620,319,352,479,594,376,410,598,614,445,402,416,433,475,474,359,357,810,464,314,481,409,757,604,460,977,941,677,695,825,535,969,509,648,630,324,387,378,499,411,655,556,696,859,865,756,930,323,493,395,629,922,741,459,809,351,585,955,754,724,728,976,575,792,533,744,760,572,331,334,336,537,525,814,491,952,532,787,935,564,557,885,884,928,590,592,637,909,858,383,399,396,558,439,876,502,541,553,707,708,680,697,921,540,857,606,973,626,684,785,786,528,867,438,523,886,883,968,844,788,434,443,905,782,517,586,906,781,694,545,845,546,763,465,437,949,948,468,911,796,900,851,768,484,892,566,619,608,819,989,988,832,392,469,311,616,325,669,607,461,871,940,864,877,670,568,391,646,511,495,812,816,356,634,327,430,547,758,873,966,970,862,418,895,914,628,869,494,360,363,423,700,322,321,501,985,908,419,432,429,666,369,842,364,841,661,394,393,618,625,766,770,912,712,861,713,488,803,801,561,361,397,913,569,705,848,887,927,910,931,382,759,706,589,489,503,562,882,879,652,367,972,971,366,685,693,559,560,837,365,974,674,676,932,820,358,734,738,822,721,720,725,347,520,722,954,890,521,956,733,338,344,730,717,736,735,354,718,821,353,513,813,896,526,355,749,748,747,746,751,750,753,752,519,769,506,483,638,692,527,764,340,593,761,767,671,765,603,755,672,772,771,776,775,774,773,778,777,780,779,588,584,784,783,570,571,538,580,791,790,789,524,341,339,342,600,800,799,798,797,679,441,678,805,804,807,806,808,515,478,811,631,742,534,826,632,818,817,609,715,739,719,421,413,490,815,828,827,835,834,833,612,831,830,829,856,709,855,854,853,665,663,849,579,591,850,406,686,843,846,602,424,840,839,838,836,565,549,504,878,675,642,427,623,505,872,573,870,647,868,621,866,639,875,874,555,624,860,699,881,880,698,577,543,542,576,687,889,888,727,893,605,891,899,644,743,415,401,894,601,902,901,942,943,583,587,944,657,548,689,599,673,683,645,428,937,936,934,933,929,563,512,924,923,426,425,688,544,920,507,690,714,919,918,539,917,916,939,938,622,487,903,904,907,946,945,435,597,596,951,950,536,953,726,518,729,960,959,958,957,962,961,964,963,978,640,975,578,492,641,703,702,567,711,967,522,486,965,980,979,984,983,982,981,656,987,986,611,610,993,992,991,990
STAB 0 1 1 6,4,2,3,15,7,1,19,5,11,17,18,34,20,9,12,10,16,22,21,14,8,33,32,27,26,31,13,23,24,25,30,29,28,111,106,54,49,47,122,92,104,107,36,129,115,116,63,103,109,143,66,150,55,37,46,61,128,119,50,114,120,68,141,151,153,140,48,186,192,205,211,217,163,202,81,164,193,35,154,127,210,112,102,152,253,247,267,278,264,130,113,299,293,148,310,80,62,42,121,59,105,38,99,84,44,110,83,60,43,79,108,41,57,56,39,40,100,101,98,118,117,45,65,85,58,76,126,123,133,134,149,91,147,142,67,64,51,135,136,137,139,138,53,132,95,131,146,145,144,124,125,52,97,216,181,161,159,218,199,184,156,214,182,189,82,188,185,187,204,203,160,200,201,195,175,78,70,180,194,162,77,168,157,183,191,209,190,212,167,69,178,177,179,176,75,174,173,172,198,197,196,207,206,208,170,171,71,169,166,213,165,72,74,155,215,219,158,73,266,265,234,262,229,263,227,233,257,271,275,290,244,226,261,230,245,277,276,246,232,87,239,236,240,243,242,241,252,251,228,255,254,256,248,249,86,250,90,225,223,222,260,259,258,269,268,270,220,221,88,224,89,237,238,235,274,273,272,303,307,280,291,309,308,292,231,94,285,282,286,289,288,287,298,297,279,301,300,302,294,295,93,296,96,283,284,281,306,305,304,598,447,417,594,446,736,320,453,747,746,378,764,769,363,485,472,484,388,532,457,781,475,445,479,349,786,744,754,792,589,803,809,402,732,362,350,723,385,749,481,808,748,357,820,826,535,822,739,835,650,798,797,649,850,856,701,704,375,854,374,379,579,676,616,400,682,674,568,499,700,420,761,538,788,537,776,560,670,775,329,872,366,311,878,886,884,466,646,511,368,899,631,800,812,730,848,566,789,620,397,619,451,816,355,912,386,713,605,799,625,491,815,708,841,564,937,876,944,583,934,501,365,891,759,525,951,614,787,597,456,801,403,726,373,580,452,450,318,412,312,449,315,448,440,330,454,455,514,389,617,482,352,319,530,480,410,376,615,595,384,404,773,509,332,474,833,740,515,751,753,346,777,766,765,779,978,429,641,920,742,633,703,433,575,903,360,423,654,371,913,628,860,558,887,869,672,540,772,893,889,868,688,741,774,795,351,588,955,731,724,612,975,648,794,536,316,694,546,517,750,784,390,947,413,823,435,348,574,936,926,596,504,552,512,729,570,933,415,881,438,870,882,696,964,863,394,962,669,965,651,369,846,489,930,837,844,523,321,599,528,531,785,647,383,973,510,549,711,606,333,593,960,487,586,331,782,940,529,760,959,686,572,692,752,705,961,963,393,910,339,743,842,506,635,890,372,500,520,738,991,611,830,367,685,668,370,780,553,683,778,623,906,639,675,381,498,875,431,551,904,343,824,421,513,767,932,690,671,621,974,986,555,727,896,923,655,865,567,324,496,387,377,382,626,398,702,622,361,836,941,645,680,851,562,852,924,502,468,503,328,757,603,897,652,879,444,987,793,802,839,419,467,411,689,437,847,859,544,911,919,322,581,917,762,921,618,364,396,861,712,392,982,981,613,469,539,486,497,857,659,966,380,313,430,737,734,358,819,477,338,519,715,790,608,354,957,892,834,958,791,721,811,408,821,337,526,722,818,717,719,634,828,895,735,422,317,463,462,335,464,334,314,465,720,508,768,638,483,763,340,653,527,434,691,327,758,604,770,771,756,323,755,326,458,459,416,461,409,325,460,585,584,336,571,592,783,550,470,733,347,405,600,807,796,478,524,345,658,681,442,805,804,806,679,441,341,678,516,810,342,344,471,825,632,745,534,718,609,817,725,716,353,356,814,827,414,813,490,476,521,359,728,829,832,831,710,855,709,662,665,853,849,663,407,406,664,591,845,602,697,843,840,424,561,565,432,838,883,885,667,877,427,642,871,573,627,505,399,867,629,873,874,864,391,866,862,699,556,624,858,577,543,880,698,687,888,542,395,576,418,493,643,473,898,601,900,909,902,901,644,401,894,943,942,660,657,915,587,673,569,684,548,607,666,946,925,935,636,637,563,929,928,661,914,939,507,922,927,695,425,547,918,931,714,693,706,938,426,916,908,905,630,495,945,428,907,952,554,557,436,950,533,518,582,953,590,443,545,956,954,541,949,439,948,977,578,976,640,984,677,969,985,494,968,980,979,559,707,967,522,492,656,972,971,983,488,970,988,993,610,990,989,992
STAB 0 1 1 7,3,6,1,9,2,4,21,15,18,14,8,29,22,5,17,19,20,16,10,12,11,28,31,30,54,25,34,33,27,32,24,13,23,43,84,37,109,115,118,114,108,105,111,91,41,57,128,83,42,139,151,145,55,26,116,113,45,101,103,39,98,130,137,53,132,136,129,190,176,206,212,218,215,197,210,183,179,106,131,165,72,99,110,95,254,242,268,273,259,58,56,300,288,147,305,152,119,49,117,120,44,104,60,35,107,79,50,112,36,102,38,47,46,61,92,122,121,62,59,40,100,63,153,154,68,211,133,126,123,146,144,48,97,138,141,140,143,142,64,67,51,135,66,65,80,85,125,52,124,149,134,150,148,214,456,447,219,74,169,451,453,158,167,213,127,191,182,207,208,209,198,199,196,178,194,192,193,195,177,446,186,188,457,69,168,172,77,76,185,164,180,175,70,78,205,204,187,203,171,71,170,173,75,174,201,160,202,200,189,166,82,81,217,159,73,155,216,163,270,271,260,261,269,258,499,363,240,222,235,296,250,650,224,274,244,272,275,241,243,253,252,228,251,249,86,248,256,257,255,236,87,239,246,232,247,245,267,266,229,265,221,88,220,223,90,225,263,234,264,262,278,277,230,276,238,89,237,286,281,306,290,304,307,287,289,299,298,279,297,295,93,294,302,303,301,282,94,285,292,231,293,291,310,309,280,308,284,96,283,705,330,397,750,440,519,747,315,314,464,674,434,770,379,777,774,766,560,694,412,584,588,787,753,748,592,735,720,796,593,804,478,812,634,798,808,608,761,465,515,342,334,739,817,827,413,718,354,832,324,341,679,496,602,565,613,392,616,424,400,233,686,468,367,366,437,328,651,360,626,708,340,570,571,692,460,321,652,409,764,873,374,417,699,687,880,595,555,869,704,900,513,678,344,892,843,846,894,780,311,553,312,825,535,684,775,469,743,441,498,742,632,380,855,489,706,624,495,940,931,860,854,927,527,955,533,668,336,961,318,807,799,958,682,572,448,449,181,157,184,455,156,454,162,161,452,450,773,776,778,779,749,746,752,751,713,676,685,393,538,631,461,540,781,586,829,821,351,462,335,809,326,323,756,458,979,944,923,928,422,824,982,564,711,587,227,625,712,649,673,675,427,599,577,391,757,512,604,929,543,864,921,811,325,810,481,331,436,721,790,830,559,974,600,947,736,322,574,474,317,470,759,518,355,813,951,589,531,938,695,963,889,881,509,957,384,714,619,542,580,866,576,911,954,877,646,956,897,640,377,856,406,433,922,853,663,975,388,500,784,546,783,621,788,967,887,882,486,842,786,348,948,903,517,475,585,428,782,653,949,364,438,382,463,313,443,545,466,909,723,408,591,772,671,898,850,558,794,722,610,991,476,375,467,444,701,416,415,689,459,875,915,865,502,700,423,629,876,647,660,732,490,815,404,755,916,917,603,551,522,656,394,791,901,492,861,627,965,226,371,670,568,537,381,878,981,904,797,665,907,986,836,845,844,838,972,628,376,913,378,508,635,569,387,862,614,971,805,806,709,800,615,912,618,373,849,883,926,548,925,532,760,636,763,473,683,579,886,642,497,368,488,661,370,410,933,575,654,840,839,976,420,598,937,818,719,822,725,738,744,316,734,524,339,357,541,401,831,439,644,526,471,605,609,754,731,477,716,819,715,343,814,902,338,491,594,530,480,479,319,349,320,352,337,672,771,767,765,691,385,581,390,329,762,769,768,506,327,758,483,484,638,485,482,617,620,514,386,472,389,529,332,445,383,333,550,785,528,895,792,899,520,442,347,346,724,803,802,793,801,681,345,658,361,403,362,419,795,516,350,402,741,414,421,828,823,358,740,353,717,737,820,826,745,356,816,534,633,612,833,835,834,521,359,728,857,432,659,852,680,561,697,562,848,566,851,606,664,372,847,407,710,365,837,369,841,662,698,888,879,556,501,655,874,870,639,868,872,871,623,399,867,505,511,573,667,398,863,431,885,510,504,395,859,396,858,552,884,549,789,920,896,688,601,890,405,607,733,643,727,730,418,945,946,622,941,630,487,503,669,411,696,910,987,905,693,939,690,932,930,507,493,702,969,918,893,563,425,544,891,936,935,426,539,919,430,547,934,637,943,942,906,429,908,583,657,950,962,964,525,953,435,536,959,952,960,597,596,554,557,729,582,726,590,980,973,707,567,970,924,983,984,978,977,968,494,523,966,578,648,641,645,677,666,914,703,985,992,988,611,990,989,993
STAB 0 1 1 7,3,1,6,5,4,2,22,15,18,19,20,30,21,9,17,14,8,12,11,16,10,31,28,29,54,34,25,24,13,23,33,27,32,112,104,55,111,115,119,113,110,99,109,133,61,92,129,107,102,140,152,146,37,26,116,114,126,121,106,47,122,130,143,134,148,142,128,191,195,207,213,219,215,198,210,183,192,103,150,211,189,105,108,149,255,243,269,274,260,123,46,301,289,144,306,151,118,44,120,117,49,84,35,60,83,50,79,43,38,42,36,39,56,41,57,98,101,40,100,62,59,68,154,153,63,165,91,45,58,145,147,48,66,141,138,139,137,136,51,135,64,67,97,125,52,124,65,80,85,95,53,131,132,214,457,453,218,163,205,446,447,217,186,212,127,190,182,206,209,208,197,196,199,194,178,179,177,176,193,451,167,69,456,188,185,202,164,81,168,77,70,175,180,78,169,171,71,170,204,187,203,201,160,200,173,75,172,174,72,82,166,76,158,73,159,216,155,74,271,270,259,258,268,261,499,650,247,264,278,299,253,363,267,273,241,275,272,244,242,250,249,86,248,252,228,251,257,256,254,246,232,245,236,87,240,239,224,221,88,220,266,229,265,263,234,262,223,90,222,225,235,238,89,237,277,230,276,293,310,305,287,307,304,290,288,296,295,93,294,298,279,297,303,302,300,292,231,291,282,94,286,285,281,284,96,283,309,280,308,685,454,682,751,455,754,748,449,480,479,712,581,672,371,778,775,671,708,589,452,782,781,538,752,747,546,736,721,600,763,805,810,631,634,799,808,608,764,594,809,795,530,821,818,828,824,738,737,612,496,793,801,324,851,857,392,613,616,852,400,233,848,598,701,704,595,420,423,649,568,560,762,785,786,759,485,654,700,482,761,639,370,444,879,887,881,437,876,647,366,601,741,803,732,605,849,850,899,779,615,558,448,490,491,569,774,614,896,802,378,813,816,377,838,695,693,877,630,622,690,878,839,688,760,518,525,393,531,962,450,806,798,959,397,528,312,315,184,156,181,440,157,330,161,162,412,318,776,773,777,780,746,749,753,750,676,713,705,668,787,812,620,564,588,586,835,739,516,319,320,515,386,508,506,389,980,907,924,544,414,413,983,540,974,906,226,670,674,360,912,861,863,911,883,627,483,922,484,920,884,623,563,811,617,478,481,529,436,720,790,834,707,711,796,435,735,653,438,475,349,445,692,955,745,742,950,694,336,939,489,964,888,880,493,960,333,932,607,885,788,872,886,599,726,624,628,729,415,966,380,836,847,473,512,840,842,967,381,411,783,592,784,871,580,975,687,698,977,663,571,329,597,942,585,474,517,915,584,322,596,664,574,691,352,373,582,590,376,548,347,405,845,771,766,401,846,553,339,725,989,992,359,368,410,417,367,472,897,910,514,874,428,505,556,652,651,511,555,869,429,344,825,826,343,769,937,936,768,399,976,985,667,789,902,969,675,391,978,227,379,625,626,532,388,860,984,943,800,841,944,987,856,591,579,855,702,646,466,683,498,323,327,684,497,642,469,703,804,807,837,797,311,673,669,313,843,577,425,909,426,537,527,430,593,433,913,844,576,862,387,375,677,666,374,467,919,523,321,853,854,522,328,468,916,817,822,719,722,718,526,337,717,792,794,477,557,898,833,554,895,744,402,892,819,519,338,357,358,609,820,404,534,901,731,535,465,334,314,464,462,317,335,463,316,770,772,765,767,382,390,434,385,348,340,755,603,756,635,638,757,604,758,460,409,325,461,459,326,416,458,331,332,470,550,384,383,570,572,644,524,894,724,362,723,350,520,678,441,341,679,361,403,419,681,345,442,658,342,351,346,471,513,422,823,827,421,716,353,740,734,354,715,815,355,633,632,814,356,832,831,829,830,728,476,521,565,659,432,424,561,680,562,697,686,606,602,566,364,407,406,372,365,710,709,662,665,369,882,889,699,502,655,501,875,868,873,870,866,621,864,551,573,865,629,867,394,431,427,398,542,395,859,510,504,552,549,396,543,858,791,929,743,927,900,727,408,619,730,418,890,733,643,946,945,940,487,495,941,696,618,500,503,689,986,583,706,938,931,714,507,930,509,972,492,934,891,921,926,928,893,917,539,925,935,933,636,637,918,547,904,903,587,660,657,905,908,951,961,963,533,953,947,952,958,536,957,948,949,439,541,956,443,954,545,979,567,559,973,641,923,982,981,965,486,578,648,575,640,968,494,970,914,488,661,645,971,656,991,611,988,993,610,990
STAB 0 1 1 7,3,4,2,9,1,6,22,15,17,10,16,28,21,5,18,11,12,8,14,20,19,29,30,31,26,25,34,33,32,27,24,23,13,79,44,55,103,116,117,113,99,110,106,123,56,39,68,38,60,138,153,144,37,54,115,114,126,101,109,57,98,48,137,124,52,136,63,191,178,208,213,219,214,196,127,182,177,111,97,76,166,108,105,125,256,241,270,272,258,133,41,302,287,146,304,154,120,104,118,119,84,49,42,102,36,43,112,50,107,35,83,92,61,46,47,122,121,59,62,100,40,129,151,152,128,81,58,45,91,147,145,130,131,139,140,141,143,142,67,64,135,51,150,149,148,134,95,132,53,65,85,66,80,215,162,184,218,158,172,157,181,74,77,212,210,190,183,209,206,207,199,198,197,176,195,193,192,194,179,156,164,185,161,168,69,169,167,165,188,186,70,78,180,175,202,201,200,160,173,174,75,171,170,71,204,203,205,187,82,72,189,211,163,216,155,73,159,217,268,269,261,260,271,259,233,226,250,224,235,286,240,227,222,275,243,273,274,242,244,247,246,245,232,236,239,87,254,255,257,249,248,86,252,251,253,228,264,263,262,234,223,225,90,221,220,88,266,265,267,229,278,277,276,230,238,237,89,296,281,307,289,305,306,288,290,293,292,291,231,282,285,94,300,301,303,295,294,93,298,297,299,279,310,309,308,280,284,283,96,393,450,713,752,452,526,746,448,463,317,568,691,771,649,779,773,765,670,390,455,585,474,580,751,749,783,735,720,600,760,806,810,631,811,797,481,790,537,335,346,516,462,822,725,414,823,353,717,831,496,658,345,324,697,432,392,613,400,561,616,499,606,444,370,368,467,652,321,371,712,625,653,574,470,348,416,651,328,459,532,874,701,598,556,888,698,410,655,868,375,901,343,442,471,791,845,844,733,778,466,683,449,534,826,548,776,313,890,681,381,633,745,497,853,930,938,862,945,487,714,628,856,493,763,536,950,685,550,963,454,805,800,957,676,333,315,312,453,451,447,412,446,318,456,457,440,330,774,775,780,777,748,747,750,753,397,682,668,705,788,812,326,893,475,332,829,719,795,334,465,350,461,758,327,325,707,583,986,563,828,421,981,891,973,943,650,708,626,379,607,431,667,669,542,867,603,926,755,473,576,399,544,634,458,478,808,529,953,721,608,830,980,567,796,435,736,762,570,588,464,571,329,952,816,356,525,385,383,706,507,961,887,882,688,958,528,931,912,577,787,629,543,618,948,642,878,949,503,977,387,854,664,920,425,855,407,648,378,910,546,784,592,865,538,494,889,881,966,372,445,692,954,429,782,781,584,908,517,340,956,847,785,581,314,469,541,439,311,569,792,895,849,672,767,418,579,913,724,818,990,611,521,704,437,468,374,460,696,411,409,639,657,621,879,420,654,866,501,870,942,402,814,491,741,604,918,919,757,623,968,488,863,892,900,661,398,573,523,363,360,560,674,761,498,646,982,906,798,710,905,923,839,843,846,840,914,860,615,558,388,638,506,909,377,624,373,970,807,804,662,799,376,619,911,614,591,885,512,684,637,764,593,935,527,929,553,850,884,877,380,366,656,492,367,595,936,978,423,838,836,578,700,417,934,722,821,739,817,740,754,731,737,347,520,820,443,643,832,545,405,519,344,789,716,744,316,715,609,358,477,513,490,601,337,815,320,319,352,349,530,479,594,480,338,772,770,671,766,434,589,382,694,759,322,484,483,635,756,323,768,769,508,472,514,389,386,482,620,485,617,331,586,786,531,572,336,438,384,408,723,730,339,678,524,515,794,362,361,419,403,441,679,341,802,801,803,793,351,342,809,732,404,827,824,422,413,819,738,718,354,734,357,535,632,813,355,825,742,833,612,835,834,476,728,359,659,565,857,680,852,424,602,851,566,848,562,686,406,842,364,663,665,841,369,837,365,709,880,687,502,699,876,555,873,647,875,869,511,505,551,864,391,871,872,627,427,861,394,675,883,549,552,858,396,859,395,504,886,510,605,433,727,509,902,743,644,673,894,401,896,899,898,495,630,941,622,946,940,897,599,689,415,500,924,907,939,693,932,690,489,695,927,645,666,916,540,928,922,921,564,933,636,547,430,917,539,426,937,925,587,660,904,903,428,944,915,533,964,962,951,436,947,955,960,518,959,726,729,590,582,596,557,597,554,559,711,979,974,971,987,984,983,575,640,522,967,965,486,976,975,703,702,985,969,972,641,677,988,992,991,610,993,989
STAB 0 1 1 7,3,2,4,5,6,1,21,15,17,11,12,31,22,9,18,10,16,20,19,8,14,30,29,28,26,34,25,24,23,13,33,32,27,50,49,37,106,116,120,114,105,108,103,58,46,47,63,36,35,141,154,147,55,54,115,113,45,121,111,92,122,48,143,85,80,142,68,190,194,209,212,218,214,199,127,182,193,109,66,81,82,110,99,65,257,244,271,275,261,91,61,303,290,145,307,153,117,84,119,118,104,44,102,42,38,112,43,79,83,60,107,57,41,56,39,98,101,100,40,59,62,128,152,151,129,76,123,126,133,144,146,130,150,140,139,138,137,136,135,51,67,64,131,95,132,53,149,148,134,125,124,97,52,215,161,181,219,217,202,156,184,163,164,213,210,191,183,208,207,206,196,197,198,195,176,177,179,178,192,157,77,168,162,185,188,205,186,211,69,167,180,78,70,175,172,173,174,75,201,200,160,204,203,187,171,170,169,71,166,189,72,165,74,155,216,159,73,158,269,268,258,259,270,260,233,227,253,267,278,293,247,226,264,272,242,274,273,243,241,240,236,239,87,246,245,232,255,254,256,252,251,228,249,248,250,86,222,223,225,90,263,262,234,266,265,229,221,220,224,88,235,238,237,89,277,276,230,299,310,304,288,306,305,289,287,286,282,285,94,292,291,231,301,300,302,298,297,279,295,294,296,93,281,284,283,96,309,308,280,668,318,676,753,412,744,749,312,352,349,626,382,772,360,780,776,767,625,385,440,517,475,788,750,746,784,736,721,796,527,807,478,812,811,800,481,790,532,320,350,351,319,719,722,422,421,740,734,833,324,419,403,496,562,659,613,392,400,680,616,499,566,417,374,375,410,700,654,379,674,670,322,438,445,329,472,423,420,514,537,875,367,468,502,889,882,467,501,870,368,902,404,362,402,789,591,579,730,777,376,913,315,814,815,909,773,373,727,361,388,356,355,387,840,507,939,642,946,941,932,646,836,509,593,952,951,705,383,964,330,804,797,960,713,384,449,448,447,446,453,452,451,450,457,456,455,454,775,774,779,778,747,748,751,752,682,397,393,685,580,631,386,891,474,332,835,822,342,530,594,346,620,638,635,617,559,905,987,921,827,823,984,893,567,904,363,560,568,371,619,398,394,618,885,573,768,425,769,433,886,551,928,634,389,810,808,331,953,720,608,834,979,973,600,947,735,340,785,781,479,786,348,536,632,633,533,390,550,693,930,962,687,698,927,959,572,690,673,883,538,511,884,669,597,862,860,596,696,486,497,839,364,929,926,838,372,494,498,689,592,783,546,505,787,648,888,880,640,407,470,759,726,660,584,588,782,657,585,762,729,406,570,434,480,614,557,554,615,684,524,644,843,770,765,643,844,683,520,817,993,988,728,366,595,598,370,485,503,500,482,873,908,871,699,328,321,872,655,868,903,471,534,535,513,484,934,933,483,864,578,677,427,605,601,666,431,867,575,650,649,708,712,764,378,628,983,587,799,365,583,924,854,849,850,853,645,878,311,553,381,758,756,548,380,877,313,641,806,805,369,798,466,607,599,469,845,542,922,569,547,761,763,539,760,920,558,846,543,624,377,704,985,969,701,437,917,965,651,855,856,968,652,444,918,725,739,821,818,353,519,338,354,723,724,715,582,418,612,590,408,754,732,791,358,526,337,820,819,716,357,741,825,900,316,826,335,462,463,317,334,464,465,314,731,771,672,766,671,581,694,691,589,692,653,604,757,327,506,508,603,755,323,416,459,458,326,409,461,460,325,529,586,571,336,528,531,574,333,405,347,733,794,803,792,809,339,442,681,658,345,802,801,793,441,679,678,341,516,795,515,344,343,828,413,414,824,609,718,738,737,717,477,491,816,742,745,490,813,831,832,829,830,359,521,476,432,857,565,561,424,852,851,602,606,686,697,848,847,663,664,842,841,665,662,709,710,837,881,887,556,879,555,876,639,869,874,647,629,865,399,623,627,621,866,391,863,675,667,861,577,858,396,549,552,504,510,859,576,395,892,473,890,493,901,896,895,912,899,898,743,894,401,630,495,487,940,945,622,415,911,910,897,411,923,944,938,706,714,931,695,489,688,914,661,937,564,544,512,563,540,919,430,637,636,936,935,925,916,426,906,429,943,942,915,907,428,525,963,961,950,436,435,518,957,955,958,954,956,545,443,949,541,948,439,707,974,980,711,703,986,981,982,523,966,976,975,978,977,522,967,971,972,656,492,702,970,488,611,991,992,989,990,610
CELL 1 1 8
STAB 1 1 1 1,2,7,6,5,4,3,14,9,16,20,19,23,8,15,10,22,21,12,11,18,17,13,25,24,55,27,28,29,31,30,32,34,33,107,102,54,60,56,100,57,83,84,79,130,92,61,126,112,104,135,124,132,37,26,39,41,129,59,38,47,62,133,64,150,149,67,123,167,175,170,165,158,155,174,166,168,180,44,134,189,211,42,43,148,248,239,220,237,225,128,46,294,285,131,283,125,101,103,40,98,36,99,50,111,110,35,109,108,106,105,49,116,115,114,113,117,118,120,119,122,121,68,52,97,48,213,91,58,45,95,53,63,80,51,137,136,138,139,141,140,143,142,153,151,154,152,85,66,65,145,147,144,146,74,454,450,73,163,187,449,448,159,188,72,76,69,77,171,71,169,173,172,75,70,179,178,177,176,78,452,191,190,455,186,185,160,164,81,183,182,194,195,192,193,208,206,209,207,203,205,204,200,202,201,197,199,196,198,212,82,210,127,219,218,217,216,215,214,88,224,223,222,221,90,371,649,232,234,230,279,228,496,229,238,240,89,235,87,236,256,254,257,255,251,253,252,86,250,249,245,247,246,242,244,241,243,270,268,271,269,265,267,266,262,264,263,259,261,258,260,272,273,275,274,276,278,277,231,280,284,286,96,281,94,282,302,300,303,301,297,299,298,93,296,295,291,293,292,288,290,287,289,304,305,307,306,308,310,309,469,457,466,464,456,731,463,446,594,530,652,759,756,499,461,458,758,651,762,451,586,529,550,465,462,572,337,338,524,692,679,515,471,513,658,516,520,653,480,795,809,479,717,718,813,816,819,820,728,363,803,802,360,842,837,367,366,370,841,368,226,847,615,704,701,614,388,387,650,498,497,589,528,531,581,617,378,377,620,691,864,616,713,861,859,858,705,863,867,613,644,741,793,732,643,663,664,898,460,598,696,447,827,823,689,459,595,895,801,654,828,824,700,565,920,539,675,903,908,547,667,561,922,694,953,947,468,786,541,453,678,681,545,467,785,318,412,162,161,157,330,181,440,156,184,315,312,326,416,409,325,335,317,314,334,313,444,437,311,574,343,482,926,585,782,476,716,808,352,349,810,472,769,768,514,967,945,661,927,815,814,656,930,966,940,233,381,380,324,897,879,876,910,549,872,638,688,635,695,552,871,929,344,485,342,346,781,951,519,347,521,965,968,339,952,526,764,383,332,320,384,763,955,826,825,950,760,784,426,921,439,576,577,893,443,788,430,683,504,333,627,510,684,582,699,655,590,909,974,674,432,848,891,928,424,851,980,670,913,571,570,336,623,470,976,542,543,978,849,783,385,554,943,588,474,331,944,584,382,557,850,787,761,319,417,726,729,410,673,790,789,686,755,757,902,697,669,796,715,991,990,833,400,376,373,392,386,912,911,389,866,946,573,860,712,708,551,862,865,941,811,742,745,812,508,925,935,506,870,975,702,878,405,401,703,877,875,977,227,379,328,321,348,420,556,492,942,345,852,915,488,710,406,407,709,985,431,682,607,568,772,767,599,560,427,685,969,441,341,857,442,668,548,553,676,602,880,507,415,939,390,340,932,434,509,411,606,888,555,423,375,641,645,374,397,931,973,626,665,662,979,625,393,938,609,477,353,354,818,735,736,821,794,792,822,596,899,359,597,896,316,404,890,738,720,721,740,734,817,737,402,632,894,754,633,752,750,753,751,747,749,746,748,744,603,323,604,327,322,537,593,329,532,527,771,770,672,484,483,766,765,671,779,777,780,778,774,776,773,775,517,475,580,538,445,438,592,546,601,600,901,724,403,723,350,608,806,804,807,805,419,362,361,798,800,797,799,478,351,481,631,634,355,491,490,356,739,719,357,358,722,725,414,422,535,534,413,421,830,829,831,832,612,835,834,838,365,836,840,839,369,364,846,845,844,843,372,562,579,591,566,659,856,855,854,853,680,396,395,624,394,628,398,391,629,621,399,874,873,639,511,505,869,868,647,502,646,642,501,687,889,887,886,885,884,883,882,698,881,733,563,900,544,743,418,730,500,408,727,892,791,605,428,907,906,905,904,429,558,503,619,618,569,970,660,917,916,919,918,425,540,433,982,984,636,473,489,564,512,493,706,693,937,936,637,934,933,714,690,495,630,657,583,587,487,622,436,949,948,536,518,525,435,956,533,954,963,961,964,962,958,960,957,959,522,494,486,523,677,914,972,971,707,559,640,575,648,578,711,567,986,923,987,924,666,981,983,989,988,611,610,993,992
STAB 1 1 -1 1,9,7,3,10,4,6,14,2,15,17,25,18,8,16,5,22,24,13,11,23,20,12,19,21,28,26,55,56,60,79,39,38,44,98,103,57,31,29,109,54,83,84,30,131,97,68,116,106,137,111,115,128,41,27,32,37,158,74,34,48,63,117,76,172,177,77,113,165,169,179,167,129,118,152,138,139,154,33,127,153,224,43,42,222,235,240,210,250,151,132,52,281,286,130,296,114,108,102,35,107,36,99,51,135,110,40,100,101,112,136,49,126,124,125,123,133,155,279,302,231,287,61,46,92,47,144,95,73,53,91,45,62,81,50,104,105,166,168,228,256,232,241,189,225,180,174,90,78,75,223,173,213,178,59,196,219,58,162,184,182,214,157,181,69,64,72,67,176,70,175,147,150,65,71,170,146,149,171,66,191,452,467,208,444,313,156,161,80,466,449,343,304,471,280,455,459,574,585,416,470,474,326,332,333,458,529,454,550,221,88,220,134,450,462,335,317,463,448,82,211,145,148,212,85,272,270,143,233,226,120,141,258,227,249,239,86,248,87,236,140,245,274,247,251,275,252,89,237,238,254,255,278,242,244,142,277,649,497,681,691,381,442,390,328,348,345,651,653,496,658,371,370,253,257,368,246,243,122,193,295,285,93,294,94,282,119,291,316,293,297,731,298,96,283,284,300,301,720,288,290,121,735,195,513,477,353,344,716,717,453,468,183,451,465,299,215,460,604,537,650,755,761,498,447,197,748,259,749,464,571,199,198,456,218,588,346,347,515,678,694,524,192,305,260,526,519,261,481,746,815,491,309,715,808,747,829,821,719,366,839,844,367,836,846,360,363,273,799,276,230,800,616,713,712,626,400,397,652,499,268,576,543,532,580,628,376,375,629,269,860,615,704,866,764,787,708,773,774,625,632,745,791,733,631,673,676,797,446,607,682,461,894,812,686,206,606,907,905,655,918,893,710,555,916,540,665,892,798,535,670,560,826,679,954,788,457,948,538,469,692,271,533,190,950,325,409,163,164,159,334,188,437,160,187,314,311,200,203,412,318,217,216,315,330,185,186,440,312,209,194,493,776,207,831,475,310,813,356,350,752,473,971,942,523,929,970,660,965,809,750,671,778,780,767,234,265,379,321,891,771,870,888,564,770,647,687,646,683,553,878,967,308,494,339,337,952,832,520,338,518,927,775,342,781,516,859,396,202,329,385,783,956,922,919,785,751,949,425,917,438,589,592,824,435,947,421,695,507,201,618,503,698,579,709,654,575,868,850,662,423,978,897,880,427,963,961,667,941,586,584,331,622,205,958,527,528,848,957,763,384,566,911,572,204,336,869,570,395,567,974,858,756,327,407,727,724,411,663,896,794,689,759,753,962,685,668,964,718,992,834,988,388,378,374,393,398,874,943,399,861,873,587,864,701,705,558,779,777,913,890,743,741,823,501,924,973,505,876,987,711,871,404,413,714,765,766,931,229,380,262,324,264,431,568,483,768,263,923,914,487,700,415,417,699,856,420,696,598,556,972,940,602,561,424,697,933,434,340,936,267,669,563,552,664,599,928,504,406,986,266,341,854,441,500,410,595,910,565,432,377,640,636,373,387,977,935,614,675,674,983,613,392,984,609,307,306,354,830,289,737,820,789,959,754,605,960,357,608,790,303,405,811,739,292,725,744,734,817,736,414,644,827,822,634,810,814,757,760,816,762,795,758,740,593,322,594,319,323,530,603,320,531,542,879,872,657,495,492,875,877,656,862,865,966,930,867,926,863,968,525,476,581,541,436,439,577,536,600,601,806,729,408,730,349,597,901,906,840,845,429,372,369,908,847,898,841,490,355,480,643,633,351,479,478,352,738,728,359,358,722,721,402,433,547,544,401,430,818,819,782,951,611,989,990,843,364,842,807,803,361,365,837,805,802,838,362,559,582,578,554,666,985,934,932,982,693,383,382,621,391,617,386,394,620,624,389,912,946,642,502,506,944,909,638,511,635,639,508,688,887,889,882,881,883,884,886,684,885,732,548,904,534,742,428,723,509,403,726,903,793,596,418,895,804,801,900,419,551,510,630,627,583,945,661,921,920,825,828,426,539,422,853,938,645,472,486,549,522,482,707,680,981,857,648,855,969,703,677,484,619,672,569,573,488,623,445,784,786,546,521,517,443,955,545,953,851,980,796,902,976,899,849,792,512,485,489,514,690,915,772,769,706,562,641,590,637,591,702,557,939,852,975,925,659,937,979,835,833,612,610,993,991
STAB 1 1 1 1,2,6,7,15,3,4,8,9,16,22,21,24,14,5,10,20,19,18,17,12,11,25,13,23,55,28,27,32,34,33,29,31,30,108,99,37,79,56,101,41,43,42,60,91,114,113,123,110,105,136,125,95,54,26,39,57,58,118,44,116,117,133,138,147,146,139,126,69,176,171,72,73,155,173,166,168,178,38,144,213,212,84,83,145,249,236,221,238,223,45,115,295,282,53,284,124,100,36,98,40,103,102,111,50,112,109,35,107,49,104,106,47,46,92,61,62,59,122,121,120,119,48,97,52,68,189,130,129,128,132,131,63,153,137,51,135,64,67,143,142,141,140,80,85,66,65,151,154,152,148,150,134,149,74,455,448,158,214,208,452,450,219,191,165,76,167,77,170,169,71,174,75,172,179,70,180,78,175,177,449,188,186,454,190,183,196,182,127,185,164,192,195,194,193,187,203,205,204,206,209,207,197,199,198,200,202,160,201,211,210,82,81,159,217,218,215,216,163,224,88,225,90,220,222,371,496,241,258,272,302,256,649,270,237,87,235,89,240,239,228,251,253,252,254,257,255,250,86,248,242,244,243,245,247,232,246,229,265,267,266,268,271,269,259,261,260,262,264,234,263,230,276,278,277,273,275,274,287,304,283,94,281,96,286,285,279,297,299,298,300,303,301,296,93,294,288,290,289,291,293,231,292,280,308,310,309,305,307,306,437,440,467,334,330,720,462,412,753,751,380,593,603,379,409,459,757,497,760,315,584,585,574,314,463,570,526,519,339,434,441,342,343,513,681,516,520,691,752,810,478,750,716,609,490,814,818,722,830,360,807,805,363,843,838,366,367,370,840,368,226,845,393,392,613,705,625,708,324,321,651,527,592,783,763,779,626,712,777,653,621,374,373,624,542,577,614,862,865,701,743,634,806,811,890,602,697,901,325,668,669,318,742,633,599,458,685,900,804,568,825,534,674,709,921,917,699,904,906,919,556,662,544,340,955,536,311,784,949,312,341,658,956,466,546,447,446,157,181,162,456,161,457,184,156,451,453,416,326,461,460,317,335,465,464,444,313,469,468,550,471,778,930,529,782,831,717,351,747,746,795,776,772,672,775,522,915,914,512,355,816,972,926,968,657,227,328,652,650,548,877,642,684,880,875,766,928,765,563,698,639,489,344,780,515,346,517,951,338,347,832,486,966,524,525,337,382,787,474,749,580,581,953,422,828,436,762,786,916,920,948,395,858,433,954,445,918,500,687,470,874,888,910,957,675,431,958,912,578,700,710,591,509,688,665,849,976,420,619,336,572,571,873,333,980,859,396,559,851,531,532,963,630,331,332,588,946,586,764,961,562,383,322,748,676,960,959,682,415,723,730,406,323,758,899,664,696,792,354,993,989,835,375,397,713,704,773,909,569,774,391,944,869,394,377,387,868,863,867,583,732,827,414,402,771,938,706,770,511,979,983,502,733,894,984,879,872,707,233,499,381,498,390,670,667,971,495,442,853,945,970,432,686,606,565,982,655,410,411,654,769,484,689,423,555,595,981,679,678,855,345,598,897,503,417,663,549,564,673,937,348,694,934,692,891,607,407,510,427,560,400,987,924,616,376,637,648,378,424,561,975,388,615,925,718,353,477,715,819,316,744,358,600,796,740,962,902,829,964,601,735,631,643,817,731,754,822,739,738,725,812,413,401,721,823,480,479,594,530,352,320,349,319,736,756,755,327,604,761,329,759,537,385,589,508,506,768,767,671,638,635,483,617,620,485,482,389,472,386,514,781,475,384,438,788,538,528,785,896,794,898,608,797,790,481,724,793,801,803,802,798,800,799,419,362,403,361,809,808,350,404,741,815,356,813,491,734,357,719,821,820,737,745,826,421,824,632,535,728,359,476,521,834,833,612,837,836,365,841,369,839,846,364,847,372,842,844,850,566,848,579,856,659,857,680,852,854,543,576,861,860,398,628,866,399,864,629,627,623,871,870,647,573,551,505,878,501,876,646,504,886,885,889,887,882,881,884,552,883,405,695,895,922,644,892,789,683,791,605,418,408,727,907,428,908,429,903,905,618,553,913,558,911,488,487,539,426,547,430,540,425,893,985,703,714,493,929,507,927,473,935,936,939,693,931,932,690,636,933,942,943,940,941,622,660,587,950,541,439,947,518,952,533,545,435,443,554,557,597,596,590,726,582,729,967,523,965,494,986,661,656,492,977,978,711,567,973,974,640,575,677,666,641,645,923,969,702,990,611,988,992,991,610
STAB 1 1 -1 1,9,6,4,10,3,7,8,2,5,11,13,12,14,16,15,20,23,25,17,24,22,18,21,19,27,26,55,56,79,60,39,44,38,40,36,41,34,32,35,37,43,42,33,53,52,48,47,49,51,50,46,45,57,28,29,54,73,74,31,68,63,62,76,75,78,77,61,72,71,70,69,58,59,65,64,67,66,30,81,80,88,83,84,90,89,87,82,86,85,95,97,96,94,91,93,92,107,99,109,108,103,102,137,136,112,98,101,100,110,135,106,123,125,124,126,133,155,302,279,287,231,113,115,114,116,134,132,158,131,130,128,117,127,111,105,104,166,168,256,228,241,232,213,223,178,173,222,177,172,225,174,189,180,118,160,159,129,157,156,164,163,162,161,167,138,165,139,175,179,176,150,147,152,169,171,149,146,170,154,188,449,466,187,313,444,184,181,153,467,452,471,280,343,304,454,458,550,529,326,333,332,416,474,470,459,585,455,574,220,224,221,144,448,463,317,335,462,450,210,212,148,145,211,151,230,229,141,227,226,122,143,234,233,248,236,250,249,240,239,142,242,277,244,254,278,255,235,238,237,251,252,275,245,247,140,274,496,651,658,653,328,345,348,381,390,442,497,691,649,681,371,370,257,253,368,243,246,120,193,294,282,296,295,286,285,121,288,735,290,300,720,301,281,284,283,297,298,731,291,293,119,316,195,513,353,477,344,717,716,312,311,185,315,314,303,216,325,327,329,324,323,322,321,318,200,319,262,320,334,336,202,201,330,217,331,346,347,342,341,340,339,194,308,263,337,338,264,350,349,355,356,306,354,351,352,359,358,357,367,369,372,366,365,364,363,360,276,361,273,272,362,374,373,377,378,375,376,380,379,265,395,396,385,384,398,397,400,399,266,394,393,392,391,382,383,387,386,389,388,413,414,408,405,404,415,417,403,412,411,410,409,401,402,406,203,407,428,429,431,430,433,432,427,426,425,424,418,419,421,420,423,422,441,443,445,440,439,438,437,434,267,435,186,436,460,461,214,182,219,464,191,469,196,208,465,468,197,206,446,447,218,215,451,456,183,190,457,453,205,192,473,472,204,476,475,307,490,491,481,480,493,492,495,494,489,488,487,486,478,479,483,482,485,484,258,268,499,498,509,508,511,510,507,506,505,504,501,500,503,502,522,305,523,524,526,525,521,520,519,518,512,514,515,517,516,542,543,199,537,532,531,545,544,547,546,530,541,540,539,538,527,528,534,533,536,535,563,564,198,558,553,552,566,565,568,567,551,562,561,560,559,548,549,555,554,557,556,583,584,586,588,587,209,590,589,592,591,582,581,580,579,569,570,207,571,573,572,576,575,578,577,603,604,606,605,608,607,602,601,600,599,593,594,596,595,598,597,609,610,612,611,625,626,616,615,628,627,630,629,624,623,622,621,613,614,618,617,620,619,643,644,634,633,646,645,648,647,642,641,640,639,631,632,636,635,638,637,270,652,259,650,261,655,654,671,672,260,666,661,660,674,673,676,675,659,670,669,668,667,656,657,663,662,665,664,690,692,694,693,271,696,695,698,697,689,688,687,686,677,269,678,680,679,683,682,685,684,709,710,712,711,714,713,708,707,706,705,699,700,702,701,704,703,718,310,309,715,728,292,725,722,730,729,721,727,726,719,724,723,299,733,732,734,289,737,736,739,738,744,745,743,742,740,741,795,816,758,762,814,760,810,757,822,759,761,753,748,755,751,756,749,783,859,877,875,940,942,971,872,879,972,863,867,968,926,865,930,862,966,952,831,763,949,950,948,858,947,794,896,793,959,791,789,746,964,898,908,841,847,905,844,839,906,845,901,840,813,815,752,890,823,808,750,809,747,817,830,829,821,820,754,812,893,919,922,894,918,819,818,782,951,988,990,989,842,846,843,803,807,799,836,838,802,805,837,800,978,957,974,963,923,982,932,934,985,936,787,764,864,866,779,773,860,777,861,774,909,944,876,878,770,946,912,766,870,765,871,771,928,885,886,884,883,881,882,889,910,887,811,897,903,824,827,907,790,891,797,960,904,806,962,892,900,801,804,895,798,868,888,943,874,941,915,914,920,921,828,825,916,917,826,852,925,924,776,965,880,967,778,977,854,969,855,973,857,981,984,986,767,913,768,911,869,970,873,788,786,784,785,832,781,954,953,956,955,849,976,792,899,980,902,851,796,927,780,929,775,933,945,769,772,935,850,987,958,931,848,983,961,937,853,979,938,856,939,975,833,835,834,992,991,993
STAB 1 1 -1 1,9,3,7,16,6,4,8,2,15,22,24,21,14,10,5,17,25,23,20,13,11,19,12,18,28,55,26,39,38,44,56,60,79,101,99,41,30,29,108,37,42,43,31,95,125,123,113,110,136,105,114,91,57,27,32,54,73,155,33,126,133,117,166,173,178,168,116,72,171,176,69,58,118,147,138,139,146,34,213,144,221,84,83,223,238,236,212,249,145,53,124,284,282,45,295,115,109,36,107,35,102,103,135,51,106,100,40,98,49,137,112,48,52,97,68,63,74,231,287,279,302,47,92,46,61,153,131,158,132,128,130,62,189,104,50,111,76,77,232,241,228,256,81,90,78,75,225,180,174,222,172,127,177,59,208,214,129,448,455,191,219,450,452,167,64,165,67,179,175,70,152,65,150,170,71,154,66,169,149,182,181,444,196,467,466,454,449,134,313,161,471,304,343,280,184,416,470,474,459,574,585,458,529,550,326,332,156,333,224,220,88,80,157,335,462,463,317,162,211,82,151,85,210,148,272,258,142,496,371,119,140,270,649,250,87,248,86,239,240,141,251,275,252,245,274,247,237,89,235,242,244,277,254,255,143,278,227,381,442,390,497,681,691,651,653,658,328,348,233,345,226,368,246,243,370,253,257,121,195,296,94,294,93,285,286,120,297,731,298,291,316,293,283,96,281,288,290,735,300,301,122,720,193,344,716,717,513,477,353,440,437,190,330,334,292,218,409,757,760,379,603,593,380,412,206,753,268,751,314,570,207,209,315,215,584,516,520,342,441,434,339,194,305,271,526,519,269,810,752,490,814,310,609,478,750,830,722,818,367,840,845,366,838,843,363,360,273,807,276,230,805,392,393,625,708,613,705,321,324,259,542,577,763,783,862,614,701,865,261,624,373,374,621,527,592,626,779,777,712,742,633,901,890,811,599,685,806,318,669,668,325,743,634,602,197,697,904,906,556,919,544,662,699,917,921,709,900,804,825,568,674,534,341,956,546,312,949,784,311,340,260,955,183,536,461,460,159,188,163,465,164,468,187,160,464,469,203,200,447,446,216,217,456,451,186,185,453,457,198,192,930,778,199,831,782,309,355,816,795,746,926,972,657,968,512,914,915,522,351,747,772,776,775,672,229,262,650,652,563,765,639,698,928,766,875,880,877,548,684,642,486,308,966,524,337,525,832,347,338,951,489,780,515,517,346,395,858,204,762,581,580,954,433,918,445,749,948,920,916,786,382,787,422,953,436,828,509,688,205,912,910,888,849,665,420,976,874,591,710,700,578,500,687,675,957,958,431,630,331,588,586,946,201,961,764,383,562,963,532,531,851,619,336,202,572,873,571,859,980,559,396,323,758,664,899,792,696,406,730,723,415,322,748,960,676,682,959,354,993,835,989,377,387,704,713,863,868,583,867,394,869,944,391,375,397,909,773,774,569,733,894,402,414,879,984,707,872,502,983,979,511,732,827,938,771,770,706,234,498,265,499,266,667,670,769,484,267,982,970,945,423,689,595,555,853,654,411,410,655,971,495,686,432,565,606,937,694,692,934,263,607,891,510,407,673,564,549,663,981,264,679,855,678,897,598,417,503,424,561,388,975,925,615,378,648,637,376,427,560,987,400,616,924,715,306,307,718,829,303,740,358,601,964,744,902,962,819,796,600,289,643,631,817,299,822,754,738,739,721,823,401,413,725,812,481,491,604,537,356,329,350,327,737,761,759,319,594,756,320,755,530,384,576,501,505,942,940,656,647,646,492,628,629,494,493,399,473,398,523,952,476,385,439,947,541,543,950,790,789,797,597,898,896,480,729,791,905,839,844,908,847,841,429,372,408,369,815,813,349,405,745,809,352,808,479,734,359,728,820,821,736,741,922,430,893,644,547,719,357,475,518,990,988,611,846,842,364,799,361,803,837,365,800,362,836,802,974,554,978,582,985,666,936,693,923,932,528,589,866,864,386,617,861,389,860,620,618,622,878,876,638,587,558,506,871,508,870,635,507,882,881,887,889,886,885,883,553,884,404,683,907,826,632,903,794,695,793,596,428,403,726,895,418,798,419,892,801,627,552,941,551,943,487,488,540,425,535,421,539,426,824,856,714,703,482,967,504,965,472,973,857,986,680,977,854,677,645,969,768,911,767,913,623,661,573,785,538,438,788,521,781,545,533,443,435,566,567,608,605,575,727,579,724,929,514,927,485,939,660,671,483,931,848,702,557,935,850,641,590,690,659,640,636,852,933,711,834,612,833,991,992,610
STAB 1 1 1 1,2,3,4,5,6,7,8,9,10,11,12,13,14,15,16,17,18,19,20,21,22,23,24,25,26,27,28,29,30,31,32,33,34,35,36,37,38,39,40,41,42,43,44,45,46,47,48,49,50,51,52,53,54,55,56,57,58,59,60,61,62,63,64,65,66,67,68,69,70,71,72,73,74,75,76,77,78,79,80,81,82,83,84,85,86,87,88,89,90,91,92,93,94,95,96,97,98,99,100,101,102,103,104,105,106,107,108,109,110,111,112,113,114,115,116,117,118,119,120,121,122,123,124,125,126,127,128,129,130,131,132,133,134,135,136,137,138,139,140,141,142,143,144,145,146,147,148,149,150,151,152,153,154,155,156,157,158,159,160,161,162,163,164,165,166,167,168,169,170,171,172,173,174,175,176,177,178,179,180,181,182,183,184,185,186,187,188,189,190,191,192,193,194,195,196,197,198,199,200,201,202,203,204,205,206,207,208,209,210,211,212,213,214,215,216,217,218,219,220,221,222,223,224,225,226,227,228,229,230,231,232,233,234,235,236,237,238,239,240,241,242,243,244,245,246,247,248,249,250,251,252,253,254,255,256,257,258,259,260,261,262,263,264,265,266,267,268,269,270,271,272,273,274,275,276,277,278,279,280,281,282,283,284,285,286,287,288,289,290,291,292,293,294,295,296,297,298,299,300,301,302,303,304,305,306,307,308,309,310,311,312,313,314,315,316,317,318,319,320,321,322,323,324,325,326,327,328,329,330,331,332,333,334,335,336,337,338,339,340,341,342,343,344,345,346,347,348,349,350,351,352,353,354,355,356,357,358,359,360,361,362,363,364,365,366,367,368,369,370,371,372,373,374,375,376,377,378,379,380,381,382,383,384,385,386,387,388,389,390,391,392,393,394,395,396,397,398,399,400,401,402,403,404,405,406,407,408,409,410,411,412,413,414,415,416,417,418,419,420,421,422,423,424,425,426,427,428,429,430,431,432,433,434,435,436,437,438,439,440,441,442,443,444,445,446,447,448,449,450,451,452,453,454,455,456,457,458,459,460,461,462,463,464,465,466,467,468,469,470,471,472,473,474,475,476,477,478,479,480,481,482,483,484,485,486,487,488,489,490,491,492,493,494,495,496,497,498,499,500,501,502,503,504,505,506,507,508,509,510,511,512,513,514,515,516,517,518,519,520,521,522,523,524,525,526,527,528,529,530,531,532,533,534,535,536,537,538,539,540,541,542,543,544,545,546,547,548,549,550,551,552,553,554,555,556,557,558,559,560,561,562,563,564,565,566,567,568,569,570,571,572,573,574,575,576,577,578,579,580,581,582,583,584,585,586,587,588,589,590,591,592,593,594,595,596,597,598,599,600,601,602,603,604,605,606,607,608,609,610,611,612,613,614,615,616,617,618,619,620,621,622,623,624,625,626,627,628,629,630,631,632,633,634,635,636,637,638,639,640,641,642,643,644,645,646,647,648,649,650,651,652,653,654,655,656,657,658,659,660,661,662,663,664,665,666,667,668,669,670,671,672,673,674,675,676,677,678,679,680,681,682,683,684,685,686,687,688,689,690,691,692,693,694,695,696,697,698,699,700,701,702,703,704,705,706,707,708,709,710,711,712,713,714,715,716,717,718,719,720,721,722,723,724,725,726,727,728,729,730,731,732,733,734,735,736,737,738,739,740,741,742,743,744,745,746,747,748,749,750,751,752,753,754,755,756,757,758,759,760,761,762,763,764,765,766,767,768,769,770,771,772,773,774,775,776,777,778,779,780,781,782,783,784,785,786,787,788,789,790,791,792,793,794,795,796,797,798,799,800,801,802,803,804,805,806,807,808,809,810,811,812,813,814,815,816,817,818,819,820,821,822,823,824,825,826,827,828,829,830,831,832,833,834,835,836,837,838,839,840,841,842,843,844,845,846,847,848,849,850,851,852,853,854,855,856,857,858,859,860,861,862,863,864,865,866,867,868,869,870,871,872,873,874,875,876,877,878,879,880,881,882,883,884,885,886,887,888,889,890,891,892,893,894,895,896,897,898,899,900,901,902,903,904,905,906,907,908,909,910,911,912,913,914,915,916,917,918,919,920,921,922,923,924,925,926,927,928,929,930,931,932,933,934,935,936,937,938,939,940,941,942,943,944,945,946,947,948,949,950,951,952,953,954,955,956,957,958,959,960,961,962,963,964,965,966,967,968,969,970,971,972,973,974,975,976,977,978,979,980,981,982,983,984,985,986,987,988,989,990,991,992,993
STAB 1 1 -1 1,9,4,6,16,7,3,14,2,5,20,23,19,8,10,15,11,13,24,22,25,17,21,18,12,27,55,26,39,44,38,56,79,60,100,102,57,33,32,107,54,84,83,34,132,124,126,61,112,135,104,92,130,41,28,29,37,158,155,30,123,133,62,166,174,180,168,47,165,170,175,167,129,59,150,64,67,149,31,189,134,220,42,43,225,237,239,211,248,148,131,125,283,285,128,294,46,35,103,108,109,99,36,136,137,49,101,98,40,106,51,110,68,97,52,48,63,74,287,231,302,279,116,114,115,113,80,53,73,95,45,91,117,213,105,111,50,76,77,241,232,256,228,127,222,177,172,223,178,173,90,75,81,78,118,187,163,58,450,454,188,159,448,449,69,138,72,139,70,176,179,65,152,147,171,169,66,154,71,146,164,161,313,160,466,467,455,452,144,444,181,343,280,471,304,156,326,333,332,458,550,529,459,585,574,416,474,184,470,88,221,224,153,162,317,463,462,335,157,212,210,85,151,82,145,230,234,140,649,371,121,142,229,496,86,240,249,250,236,87,143,254,278,255,242,277,244,238,235,89,245,247,274,251,252,141,275,233,328,345,348,651,658,653,497,691,681,381,390,227,442,226,368,243,246,370,257,253,119,195,93,286,295,296,282,94,122,300,720,301,288,735,290,284,281,96,291,293,316,297,298,120,731,193,344,717,716,513,353,477,457,469,186,456,464,289,217,461,758,762,499,756,759,652,446,203,594,265,530,465,572,204,205,451,216,586,516,520,515,679,692,524,192,308,267,337,338,266,795,480,813,816,307,718,809,479,728,820,819,366,841,847,367,837,842,360,363,276,803,273,272,802,704,615,388,387,701,614,498,650,262,859,858,581,531,863,705,613,867,264,861,713,616,864,589,528,378,617,620,377,827,823,898,643,732,689,595,793,447,696,598,460,644,741,663,200,664,903,908,667,547,922,561,675,539,920,565,895,801,828,654,700,824,678,545,785,453,541,786,468,694,263,953,185,947,409,325,219,191,214,314,182,311,208,196,334,437,206,197,318,412,215,218,330,315,190,183,312,440,201,194,926,482,202,476,782,306,815,814,810,349,930,656,940,966,927,661,945,967,808,352,769,472,514,768,270,259,324,380,695,635,871,552,688,638,872,549,879,897,910,876,965,305,968,339,526,952,521,347,519,951,929,485,342,781,346,576,577,207,760,763,384,443,893,430,788,320,439,921,426,784,764,383,826,955,950,825,891,928,209,909,684,510,851,424,670,980,627,848,432,674,974,683,504,699,582,590,655,943,588,331,584,944,198,557,382,787,850,554,385,783,849,913,571,199,570,623,336,542,976,978,543,755,757,697,902,796,669,686,789,790,673,761,319,726,417,410,729,715,991,833,990,712,708,392,373,862,551,941,865,860,573,946,866,400,376,912,386,389,911,405,401,812,745,877,703,977,875,878,702,975,870,811,742,925,508,506,935,258,321,268,379,269,556,420,772,767,271,985,488,915,560,599,685,427,852,568,607,682,431,492,942,406,710,709,407,939,340,434,932,260,411,509,888,606,415,507,880,602,969,261,441,857,341,548,668,676,553,665,662,625,979,938,393,626,973,931,397,555,423,641,375,374,645,354,309,310,609,359,299,822,821,896,597,736,899,596,818,792,794,292,890,404,738,303,740,721,817,734,754,633,894,632,737,402,350,356,327,329,491,537,481,604,725,322,593,748,753,603,749,323,751,580,395,646,647,495,657,972,505,501,971,398,399,523,473,629,493,628,494,525,831,532,948,536,949,396,436,723,730,403,964,901,601,752,959,408,429,369,372,906,845,840,905,844,791,839,355,490,746,733,414,478,747,351,750,739,829,830,722,358,744,634,544,918,433,743,919,357,719,475,518,989,611,988,364,843,846,361,799,807,838,836,362,800,365,805,578,963,559,957,982,923,693,936,666,934,592,527,391,621,773,779,624,774,394,777,558,587,502,642,766,622,618,770,639,771,511,765,564,884,883,885,886,889,887,881,503,882,631,500,428,422,413,904,600,563,806,962,907,797,960,900,892,419,798,418,804,874,698,583,868,630,660,970,425,540,421,535,917,916,534,659,636,984,778,522,687,486,776,648,855,677,854,707,680,986,924,981,672,569,484,619,873,914,869,546,438,538,445,832,517,956,435,954,533,579,575,724,727,567,605,566,608,489,775,512,780,937,487,483,671,637,591,983,961,706,562,987,958,933,856,711,714,853,690,640,612,834,835,993,610,992
STAB 1 1 1 1,2,4,3,15,7,6,14,9,10,17,18,25,8,5,16,11,12,21,22,19,20,24,23,13,26,28,27,32,33,34,29,30,31,109,103,54,44,39,98,57,84,83,38,128,115,116,68,106,111,137,97,131,37,55,56,41,129,118,79,113,117,63,138,152,154,139,48,167,179,169,165,158,74,172,76,77,177,60,153,127,210,43,42,151,250,240,224,235,222,130,114,296,286,132,281,52,40,102,101,100,99,36,105,104,49,108,107,35,112,50,110,61,92,46,47,62,59,121,122,119,120,126,125,124,123,81,45,58,91,53,95,133,144,136,135,51,64,67,142,143,140,141,134,148,149,150,145,146,147,85,65,80,66,155,184,162,73,219,196,181,157,214,182,72,166,69,168,71,171,170,75,174,173,176,175,78,180,70,178,161,164,185,156,183,190,208,191,213,186,188,194,193,192,195,160,200,201,202,197,198,199,206,207,209,203,204,187,205,82,212,211,189,163,216,215,218,217,159,221,220,90,225,88,223,226,233,256,270,272,287,241,227,258,89,239,238,237,236,87,232,245,246,247,242,243,244,249,248,86,254,255,257,251,252,228,253,234,262,263,264,259,260,261,268,269,271,265,266,229,267,230,276,277,278,273,274,275,302,304,96,285,284,283,282,94,231,291,292,293,288,289,290,295,294,93,300,301,303,297,298,279,299,280,308,309,310,305,306,307,468,453,444,465,451,735,335,447,748,749,498,761,755,650,460,416,604,381,537,456,588,474,470,464,317,571,526,519,524,694,678,515,471,344,442,346,347,390,746,481,808,747,477,715,815,491,719,821,829,363,799,800,360,846,836,367,366,368,839,370,371,844,713,616,400,397,712,626,499,652,328,764,787,580,532,773,708,625,774,348,866,704,615,860,576,543,376,628,629,375,894,812,797,631,733,686,606,791,461,682,607,446,632,745,673,326,676,892,798,670,535,826,560,665,540,916,555,907,905,918,655,710,893,692,533,950,469,538,948,457,679,345,954,313,788,412,318,450,452,448,315,449,312,455,454,330,440,459,458,325,409,463,462,334,314,467,466,311,437,333,343,776,493,332,475,831,353,809,750,752,350,778,671,767,780,965,660,970,929,813,356,971,473,523,942,649,651,321,379,683,646,878,553,687,647,770,564,771,891,888,870,927,513,775,342,516,781,518,338,520,832,967,494,339,952,337,589,592,585,751,783,385,435,824,421,947,329,438,917,425,949,859,396,922,956,785,919,897,880,574,868,698,503,963,427,667,961,618,978,423,662,850,695,507,709,579,575,654,911,572,336,570,869,550,567,395,858,974,566,384,763,957,941,586,529,584,622,331,527,958,848,528,759,753,685,962,964,668,689,794,896,663,756,327,727,407,411,724,718,992,988,834,701,705,393,374,779,558,913,777,864,587,873,861,388,378,874,398,399,943,404,413,823,741,765,714,931,766,871,711,987,876,890,743,924,501,505,973,496,324,497,380,691,568,431,972,940,681,856,487,914,561,602,697,424,923,556,598,696,420,483,768,415,700,699,417,986,341,441,854,658,410,500,910,595,406,504,928,599,933,653,434,936,340,563,669,664,552,675,674,613,983,984,392,614,935,977,387,565,432,640,377,373,636,354,717,716,609,357,731,754,820,790,608,737,960,605,830,959,789,720,811,405,739,316,744,725,817,734,822,634,827,644,736,414,349,352,319,320,479,530,480,594,721,323,603,758,757,593,762,322,760,581,382,635,638,484,672,772,506,508,769,386,389,514,472,620,482,617,485,517,782,531,786,546,784,383,445,730,723,408,796,806,600,810,792,403,419,361,362,804,805,807,801,802,793,803,351,478,795,732,402,490,816,355,814,738,819,818,722,358,740,633,534,828,422,742,825,359,728,476,521,835,612,833,365,838,837,369,841,840,843,842,372,847,364,845,591,851,562,849,853,852,680,857,659,855,577,542,394,624,863,862,621,867,391,865,551,573,511,639,875,623,627,872,642,879,502,877,549,883,884,881,882,887,889,885,510,886,643,509,418,433,401,900,601,548,901,902,895,898,899,904,903,429,908,428,906,912,684,569,909,619,661,945,426,539,430,547,921,920,544,666,645,938,930,512,688,489,926,637,934,690,932,706,693,939,925,937,657,583,495,630,946,915,944,536,439,541,436,951,525,955,443,953,545,582,590,729,726,557,596,554,597,486,968,522,966,981,488,492,656,648,578,979,980,707,559,975,976,969,985,702,703,982,677,641,611,990,989,993,610,991
BOUND 1 1 1 1,2,3,4,5,6,7,8,9,10,11,12,13,14,15,16,17,18,19,20,21,22,23,24,25,26,27,28,29,30,31,32,33,34,35,36,37,38,39,40,41,42,43,44,45,46,47,48,49,50,51,52,53,54,55,56,57,58,59,60,61,62,63,64,65,66,67,68,69,70,71,72,73,74,75,76,77,78,79,80,81,82,83,84,85,86,87,88,89,90,91,92,93,94,95,96,97,98,99,100,101,102,103,104,105,106,107,108,109,110,111,112,113,114,115,116,117,118,119,120,121,122,123,124,125,126,127,128,129,130,131,132,133,134,135,136,137,138,139,140,141,142,143,144,145,146,147,148,149,150,151,152,153,154,155,156,157,158,159,160,161,162,163,164,165,166,167,168,169,170,171,172,173,174,175,176,177,178,179,180,181,182,183,184,185,186,187,188,189,190,191,192,193,194,195,196,197,198,199,200,201,202,203,204,205,206,207,208,209,210,211,212,213,214,215,216,217,218,219,220,221,222,223,224,225,226,227,228,229,230,231,232,233,234,235,236,237,238,239,240,241,242,243,244,245,246,247,248,249,250,251,252,253,254,255,256,257,258,259,260,261,262,263,264,265,266,267,268,269,270,271,272,273,274,275,276,277,278,279,280,281,282,283,284,285,286,287,288,289,290,291,292,293,294,295,296,297,298,299,300,301,302,303,304,305,306,307,308,309,310,311,312,313,314,315,316,317,318,319,320,321,322,323,324,325,326,327,328,329,330,331,332,333,334,335,336,337,338,339,340,341,342,343,344,345,346,347,348,349,350,351,352,353,354,355,356,357,358,359,360,361,362,363,364,365,366,367,368,369,370,371,372,373,374,375,376,377,378,379,380,381,382,383,384,385,386,387,388,389,390,391,392,393,394,395,396,397,398,399,400,401,402,403,404,405,406,407,408,409,410,411,412,413,414,415,416,417,418,419,420,421,422,423,424,425,426,427,428,429,430,431,432,433,434,435,436,437,438,439,440,441,442,443,444,445,446,447,448,449,450,451,452,453,454,455,456,457,458,459,460,461,462,463,464,465,466,467,468,469,470,471,472,473,474,475,476,477,478,479,480,481,482,483,484,485,486,487,488,489,490,491,492,493,494,495,496,497,498,499,500,501,502,503,504,505,506,507,508,509,510,511,512,513,514,515,516,517,518,519,520,521,522,523,524,525,526,527,528,529,530,531,532,533,534,535,536,537,538,539,540,541,542,543,544,545,546,547,548,549,550,551,552,553,554,555,556,557,558,559,560,561,562,563,564,565,566,567,568,569,570,571,572,573,574,575,576,577,578,579,580,581,582,583,584,585,586,587,588,589,590,591,592,593,594,595,596,597,598,599,600,601,602,603,604,605,606,607,608,609,610,611,612,613,614,615,616,617,618,619,620,621,622,623,624,625,626,627,628,629,630,631,632,633,634,635,636,637,638,639,640,641,642,643,644,645,646,647,648,649,650,651,652,653,654,655,656,657,658,659,660,661,662,663,664,665,666,667,668,669,670,671,672,673,674,675,676,677,678,679,680,681,682,683,684,685,686,687,688,689,690,691,692,693,694,695,696,697,698,699,700,701,702,703,704,705,706,707,708,709,710,711,712,713,714,715,716,717,718,719,720,721,722,723,724,725,726,727,728,729,730,731,732,733,734,735,736,737,738,739,740,741,742,743,744,745,746,747,748,749,750,751,752,753,754,755,756,757,758,759,760,761,762,763,764,765,766,767,768,769,770,771,772,773,774,775,776,777,778,779,780,781,782,783,784,785,786,787,788,789,790,791,792,793,794,795,796,797,798,799,800,801,802,803,804,805,806,807,808,809,810,811,812,813,814,815,816,817,818,819,820,821,822,823,824,825,826,827,828,829,830,831,832,833,834,835,836,837,838,839,840,841,842,843,844,845,846,847,848,849,850,851,852,853,854,855,856,857,858,859,860,861,862,863,864,865,866,867,868,869,870,871,872,873,874,875,876,877,878,879,880,881,882,883,884,885,886,887,888,889,890,891,892,893,894,895,896,897,898,899,900,901,902,903,904,905,906,907,908,909,910,911,912,913,914,915,916,917,918,919,920,921,922,923,924,925,926,927,928,929,930,931,932,933,934,935,936,937,938,939,940,941,942,943,944,945,946,947,948,949,950,951,952,953,954,955,956,957,958,959,960,961,962,963,964,965,966,967,968,969,970,971,972,973,974,975,976,977,978,979,980,981,982,983,984,985,986,987,988,989,990,991,992,993
BOUND 1 1 -1 1,9,6,4,10,3,7,8,2,5,11,13,12,14,16,15,20,23,25,17,24,22,18,21,19,27,26,55,56,79,60,39,44,38,40,36,41,34,32,35,37,43,42,33,53,52,48,47,49,51,50,46,45,57,28,29,54,73,74,31,68,63,62,76,75,78,77,61,72,71,70,69,58,59,65,64,67,66,30,81,80,88,83,84,90,89,87,82,86,85,95,97,96,94,91,93,92,107,99,109,108,103,102,137,136,112,98,101,100,110,135,106,123,125,124,126,133,155,302,279,287,231,113,115,114,116,134,132,158,131,130,128,117,127,111,105,104,166,168,256,228,241,232,213,223,178,173,222,177,172,225,174,189,180,118,160,159,129,157,156,164,163,162,161,167,138,165,139,175,179,176,150,147,152,169,171,149,146,170,154,188,449,466,187,313,444,184,181,153,467,452,471,280,343,304,454,458,550,529,326,333,332,416,474,470,459,585,455,574,220,224,221,144,448,463,317,335,462,450,210,212,148,145,211,151,230,229,141,227,226,122,143,234,233,248,236,250,249,240,239,142,242,277,244,254,278,255,235,238,237,251,252,275,245,247,140,274,496,651,658,653,328,345,348,381,390,442,497,691,649,681,371,370,257,253,368,243,246,120,193,294,282,296,295,286,285,121,288,735,290,300,720,301,281,284,283,297,298,731,291,293,119,316,195,513,353,477,344,717,716,312,311,185,315,314,303,216,325,327,329,324,323,322,321,318,200,319,262,320,334,336,202,201,330,217,331,346,347,342,341,340,339,194,308,263,337,338,264,350,349,355,356,306,354,351,352,359,358,357,367,369,372,366,365,364,363,360,276,361,273,272,362,374,373,377,378,375,376,380,379,265,395,396,385,384,398,397,400,399,266,394,393,392,391,382,383,387,386,389,388,413,414,408,405,404,415,417,403,412,411,410,409,401,402,406,203,407,428,429,431,430,433,432,427,426,425,424,418,419,421,420,423,422,441,443,445,440,439,438,437,434,267,435,186,436,460,461,214,182,219,464,191,469,196,208,465,468,197,206,446,447,218,215,451,456,183,190,457,453,205,192,473,472,204,476,475,307,490,491,481,480,493,492,495,494,489,488,487,486,478,479,483,482,485,484,258,268,499,498,509,508,511,510,507,506,505,504,501,500,503,502,522,305,523,524,526,525,521,520,519,518,512,514,515,517,516,542,543,199,537,532,531,545,544,547,546,530,541,540,539,538,527,528,534,533,536,535,563,564,198,558,553,552,566,565,568,567,551,562,561,560,559,548,549,555,554,557,556,583,584,586,588,587,209,590,589,592,591,582,581,580,579,569,570,207,571,573,572,576,575,578,577,603,604,606,605,608,607,602,601,600,599,593,594,596,595,598,597,609,610,612,611,625,626,616,615,628,627,630,629,624,623,622,621,613,614,618,617,620,619,643,644,634,633,646,645,648,647,642,641,640,639,631,632,636,635,638,637,270,652,259,650,261,655,654,671,672,260,666,661,660,674,673,676,675,659,670,669,668,667,656,657,663,662,665,664,690,692,694,693,271,696,695,698,697,689,688,687,686,677,269,678,680,679,683,682,685,684,709,710,712,711,714,713,708,707,706,705,699,700,702,701,704,703,718,310,309,715,728,292,725,722,730,729,721,727,726,719,724,723,299,733,732,734,289,737,736,739,738,744,745,743,742,740,741,795,816,758,762,814,760,810,757,822,759,761,753,748,755,751,756,749,783,859,877,875,940,942,971,872,879,972,863,867,968,926,865,930,862,966,952,831,763,949,950,948,858,947,794,896,793,959,791,789,746,964,898,908,841,847,905,844,839,906,845,901,840,813,815,752,890,823,808,750,809,747,817,830,829,821,820,754,812,893,919,922,894,918,819,818,782,951,988,990,989,842,846,843,803,807,799,836,838,802,805,837,800,978,957,974,963,923,982,932,934,985,936,787,764,864,866,779,773,860,777,861,774,909,944,876,878,770,946,912,766,870,765,871,771,928,885,886,884,883,881,882,889,910,887,811,897,903,824,827,907,790,891,797,960,904,806,962,892,900,801,804,895,798,868,888,943,874,941,915,914,920,921,828,825,916,917,826,852,925,924,776,965,880,967,778,977,854,969,855,973,857,981,984,986,767,913,768,911,869,970,873,788,786,784,785,832,781,954,953,956,955,849,976,792,899,980,902,851,796,927,780,929,775,933,945,769,772,935,850,987,958,931,848,983,961,937,853,979,938,856,939,975,833,835,834,992,991,993
CELL 2 1 24
STAB 2 1 -1 2,1,7,4,5,6,3,10,9,8,12,11,13,16,15,14,21,22,20,19,17,18,23,25,24,37,32,29,28,30,31,27,34,33,36,35,26,42,41,40,39,38,44,43,48,47,46,45,50,49,51,53,52,55,54,57,56,63,62,83,92,59,58,67,66,65,64,91,77,78,75,76,74,73,71,72,69,70,84,85,82,81,60,79,80,87,86,90,89,88,68,61,94,93,97,96,95,101,109,100,98,107,108,112,106,105,102,103,99,111,110,104,115,116,113,114,118,117,119,120,122,121,128,132,131,130,212,123,133,126,125,124,129,148,135,137,136,139,138,140,141,143,142,151,153,152,154,134,150,149,144,146,145,147,158,318,330,155,217,200,312,315,216,185,166,165,168,167,173,174,172,171,169,170,180,177,176,179,178,175,440,190,191,412,164,188,203,186,211,182,183,195,194,193,192,206,208,207,209,160,202,201,187,205,204,196,198,197,199,213,189,127,210,218,219,163,159,214,215,225,222,221,224,223,220,360,379,251,265,276,291,245,324,262,238,250,237,235,248,249,254,256,255,257,232,247,246,239,240,236,228,253,252,241,243,242,244,268,270,269,271,234,264,263,229,267,266,258,260,259,261,273,272,274,275,230,278,277,297,308,284,296,283,281,294,295,300,302,301,303,231,293,292,285,286,282,279,299,298,287,289,288,290,305,304,306,307,280,310,309,313,161,311,317,162,316,314,156,320,319,328,329,327,233,326,325,323,321,322,157,332,331,336,335,334,333,338,337,347,348,345,346,344,343,341,342,339,340,352,351,350,349,354,353,356,355,358,357,359,226,362,361,371,372,369,370,368,367,365,366,363,364,376,375,374,373,378,377,227,381,380,385,384,383,382,389,388,387,386,434,399,400,397,398,396,395,393,394,391,392,405,404,419,402,401,407,406,418,416,417,415,184,414,413,411,409,410,408,403,423,422,421,420,432,433,430,431,429,428,426,427,424,425,390,436,435,444,445,443,181,442,441,439,437,438,454,455,456,457,451,450,453,452,446,447,448,449,461,460,459,458,465,464,463,462,469,468,467,466,570,513,514,512,584,517,521,609,481,480,479,478,485,484,483,482,494,495,492,493,491,490,488,489,486,487,499,498,497,496,503,502,501,500,510,511,508,509,506,507,504,505,473,471,472,516,515,475,525,526,524,476,523,522,520,518,519,532,531,586,594,528,527,536,535,534,533,593,546,547,544,545,543,542,540,541,538,539,553,552,572,573,549,548,557,556,555,554,569,567,568,565,566,564,563,561,562,559,560,558,470,574,550,551,571,578,577,576,575,591,592,589,590,587,474,588,529,583,585,581,582,579,580,537,530,598,597,596,595,607,608,605,606,604,603,601,602,599,600,477,611,610,612,616,615,614,613,620,619,618,617,629,630,627,628,626,625,623,624,621,622,634,633,632,631,638,637,636,635,647,648,645,646,644,643,641,642,639,640,650,649,652,651,692,700,699,661,660,679,680,657,656,665,664,663,662,677,675,676,673,674,672,671,669,670,667,668,666,681,658,659,678,685,684,683,682,697,698,695,696,693,694,653,690,691,688,689,686,687,655,654,704,703,702,701,713,714,711,712,710,709,707,708,705,706,716,715,718,717,722,735,736,719,724,723,739,729,730,728,726,727,731,741,743,740,720,721,738,737,725,734,732,745,733,744,742,750,752,751,753,746,748,747,749,754,757,758,755,756,762,761,760,759,764,763,770,771,772,769,768,765,766,767,777,779,778,780,773,775,774,776,782,781,787,788,786,785,783,784,902,796,900,794,801,792,809,790,804,806,805,807,793,803,802,797,799,798,800,810,795,808,812,811,816,815,814,813,822,821,820,819,818,817,827,828,826,825,823,824,830,829,832,831,833,835,834,840,841,839,838,836,837,847,844,843,846,845,842,851,850,849,848,857,854,853,856,855,852,859,858,862,863,860,861,867,866,865,864,873,874,875,872,871,868,869,870,879,878,877,876,888,887,889,884,883,886,885,881,880,882,894,928,901,921,890,898,899,910,895,896,791,892,789,908,905,904,907,906,903,913,897,912,911,909,971,942,919,918,917,916,922,893,920,981,983,935,929,930,891,926,927,938,939,934,933,925,937,936,931,932,945,946,915,944,943,940,941,953,956,954,955,952,951,947,949,950,948,961,963,962,964,957,959,958,960,968,967,966,965,985,972,914,970,979,980,977,978,975,976,973,974,923,986,924,987,969,982,984,993,992,991,990,989,988
STAB 2 1 1 2,9,7,3,14,6,4,10,1,15,18,25,17,16,8,5,21,24,23,19,13,12,20,11,22,29,54,37,41,42,43,57,83,84,98,109,39,30,28,103,26,38,44,31,97,131,128,115,111,137,106,116,68,56,32,27,55,74,158,34,130,129,118,165,169,179,167,114,76,172,177,77,63,117,154,139,138,152,33,210,151,222,79,60,224,235,250,127,240,153,52,132,281,296,48,286,113,99,35,102,36,107,108,135,51,105,100,40,101,50,136,104,45,53,95,91,58,73,291,300,297,288,46,61,47,92,145,125,155,124,123,126,59,211,112,49,110,72,69,245,254,251,242,82,88,70,71,220,175,170,221,171,212,176,62,197,218,133,456,447,183,215,451,453,168,67,166,64,178,180,78,146,66,149,174,75,147,65,173,150,190,440,437,206,468,469,446,457,148,311,312,513,305,344,308,412,409,570,584,460,571,588,461,586,572,325,331,318,336,223,225,90,85,330,334,465,464,314,315,189,81,144,80,213,134,273,268,143,499,363,119,140,259,650,236,86,239,87,248,249,141,228,275,253,232,274,246,237,89,238,256,257,278,241,243,142,277,379,380,441,434,498,678,694,652,692,679,321,340,324,341,360,367,247,255,366,252,244,122,192,282,93,285,94,294,295,120,279,731,299,231,316,292,283,96,284,302,303,720,287,289,121,735,194,343,715,718,471,609,354,181,444,182,157,335,293,214,416,755,761,227,604,537,381,184,196,749,258,748,317,470,198,199,162,219,474,515,524,346,442,390,347,193,304,261,519,526,260,808,747,491,815,309,477,481,746,829,719,821,368,836,846,370,839,844,371,226,272,800,230,276,799,400,397,626,712,616,713,328,233,270,543,576,764,787,860,615,704,866,271,628,376,375,629,532,580,625,774,773,708,745,632,892,894,812,607,682,798,156,673,676,326,733,631,606,208,686,905,907,555,916,540,665,655,918,893,710,791,797,826,560,670,535,345,948,538,161,954,788,313,348,269,950,191,533,458,459,217,186,216,462,185,467,203,200,463,466,187,160,455,454,163,159,448,450,188,164,452,449,207,195,927,775,209,832,781,310,356,813,809,750,929,970,660,965,473,971,942,523,350,752,767,780,778,671,265,234,649,651,564,770,647,687,891,771,870,888,878,553,683,646,494,280,967,520,338,518,831,339,337,952,493,776,516,475,342,396,859,205,759,589,592,949,425,917,438,753,956,922,919,785,385,783,421,947,435,824,507,695,204,911,897,880,850,662,423,978,869,579,709,654,575,503,698,667,961,963,427,622,332,585,529,941,202,957,763,384,566,958,527,528,848,618,333,201,550,868,574,858,974,567,395,327,756,663,896,794,689,407,727,724,411,329,751,964,668,685,962,353,988,834,992,378,388,701,705,861,873,587,864,398,874,943,399,374,393,913,777,779,558,743,890,404,413,876,987,711,871,501,924,973,505,741,823,931,766,765,714,262,497,229,496,267,675,674,768,483,266,986,972,940,420,696,598,556,854,700,415,417,699,914,487,697,424,561,602,936,691,653,933,264,599,928,504,406,669,563,552,664,923,263,658,856,681,910,595,410,500,432,565,387,977,935,614,377,640,636,373,431,568,984,392,613,983,716,306,307,717,830,290,734,357,605,960,744,789,959,820,790,608,301,644,634,822,298,817,754,737,725,736,827,405,414,739,811,478,490,603,593,355,322,351,323,738,760,762,320,530,758,319,757,594,383,577,502,511,915,945,661,639,642,488,624,621,486,489,391,512,394,522,951,521,382,443,953,545,542,955,796,902,804,596,895,899,479,726,900,904,838,843,903,842,837,428,364,418,365,814,816,352,401,742,795,349,810,480,740,359,728,819,818,721,732,920,426,921,643,539,722,358,517,525,991,993,610,845,847,372,805,362,802,841,369,807,361,840,803,980,557,976,590,969,677,937,690,981,939,531,581,865,867,389,620,863,386,862,617,619,630,877,879,635,583,569,508,872,506,875,638,509,889,887,881,882,885,886,884,548,883,402,684,906,825,633,908,792,688,801,597,429,419,729,898,408,806,403,901,793,623,549,946,573,944,495,492,544,433,534,422,547,430,828,855,706,702,485,966,510,968,514,979,852,982,659,975,853,666,641,985,769,912,772,909,627,656,551,786,546,445,784,476,782,541,536,439,436,562,559,600,601,578,730,591,723,926,472,930,482,932,657,672,484,938,851,703,554,925,849,645,582,693,680,648,637,857,934,707,835,612,833,990,989,611
STAB 2 1 -1 2,1,4,7,15,3,6,16,9,8,21,22,24,10,5,14,12,11,17,18,20,19,25,23,13,37,29,32,27,34,33,28,30,31,99,108,55,43,41,101,56,79,60,42,123,113,114,91,105,110,136,95,125,26,54,57,39,133,117,84,115,118,58,139,146,147,138,45,168,178,173,166,155,73,171,72,69,176,83,145,212,213,44,38,144,236,249,223,238,221,126,116,282,295,124,284,53,40,107,98,100,109,35,106,112,50,103,102,36,104,49,111,92,61,47,46,59,62,122,121,119,120,130,131,132,128,82,48,63,68,52,97,129,151,137,135,51,67,64,143,142,140,141,148,134,150,149,153,152,154,80,66,85,65,158,412,315,74,215,206,440,330,218,190,76,165,77,167,75,172,174,71,170,169,177,180,70,175,78,179,312,185,164,318,191,182,197,183,210,188,186,193,194,195,192,200,160,202,201,208,207,209,196,198,199,187,205,203,204,81,127,189,211,216,163,219,214,159,217,222,225,88,220,90,224,360,324,242,259,273,300,254,379,268,89,248,235,237,250,86,245,232,247,246,256,255,257,240,239,87,241,243,244,228,253,251,252,262,234,264,263,270,269,271,258,260,261,229,267,265,266,276,230,278,277,272,274,275,288,305,96,294,281,283,296,93,291,231,293,292,302,301,303,286,285,94,287,289,290,279,299,297,298,308,280,310,309,304,306,307,467,452,437,462,450,720,334,455,751,753,497,760,757,649,459,409,603,380,593,448,585,584,570,463,314,574,519,526,520,691,681,516,513,343,441,342,339,434,750,478,810,752,609,716,814,490,722,818,830,371,805,807,226,845,840,368,370,367,838,366,363,843,705,613,392,393,708,625,496,651,321,763,783,592,527,777,712,626,779,340,865,701,614,862,577,542,373,624,621,374,890,811,804,634,743,697,602,900,458,685,599,454,633,742,669,325,668,901,806,674,534,825,568,662,544,919,556,906,904,917,699,709,921,653,536,955,466,546,956,449,658,341,949,311,784,184,156,451,453,456,162,457,161,447,446,157,181,460,461,326,416,464,465,335,317,468,469,313,444,336,344,780,489,331,517,832,354,795,746,747,351,775,672,772,776,968,657,972,926,816,355,914,512,522,915,650,652,328,227,684,642,877,548,698,639,765,563,766,928,880,875,930,471,778,346,515,782,525,337,524,831,966,486,347,951,338,581,580,588,748,787,382,436,828,422,953,322,445,918,433,954,858,395,920,948,786,916,910,888,571,873,687,500,958,431,675,957,619,976,420,665,849,688,509,710,591,578,700,912,550,333,470,874,572,559,396,859,980,562,383,764,961,946,529,586,474,630,332,532,963,851,531,762,749,682,959,960,676,696,792,899,664,758,323,730,406,415,723,717,989,993,835,704,713,397,375,774,569,909,773,867,583,868,863,387,377,869,394,391,944,402,414,827,732,770,706,938,771,872,707,984,879,894,733,983,502,511,979,499,233,498,381,694,560,427,970,945,678,855,495,971,565,606,686,432,981,555,595,689,423,484,769,411,654,655,410,982,345,442,853,679,417,503,897,598,407,510,891,607,934,692,390,937,348,564,673,663,549,667,670,616,924,987,400,615,925,975,388,561,424,648,378,376,637,353,718,715,477,358,731,754,819,796,600,738,964,601,829,962,902,735,812,401,725,316,744,739,822,740,817,631,823,643,721,413,352,349,320,319,480,594,479,530,736,327,604,756,755,537,759,329,761,589,385,638,635,483,671,767,508,506,768,389,386,472,514,617,485,620,482,475,781,528,785,538,788,384,438,727,724,418,790,798,608,808,794,419,403,362,361,797,799,800,793,803,801,802,350,481,809,741,404,491,813,356,815,737,820,821,719,357,734,632,535,824,421,745,826,359,728,521,476,834,612,833,369,839,841,365,837,836,844,847,364,842,372,846,579,848,566,850,854,857,659,852,680,856,576,543,398,628,861,860,629,864,399,866,573,551,505,647,870,627,623,871,646,876,501,878,552,884,883,887,889,881,882,886,504,885,644,507,408,425,405,791,605,553,892,789,898,895,896,905,908,428,903,429,907,911,683,558,913,618,656,940,430,547,426,539,893,922,540,677,641,931,927,473,695,493,929,636,933,693,939,714,690,932,935,936,660,587,487,622,941,942,943,533,443,545,435,952,518,950,439,947,541,590,582,726,729,554,597,557,596,494,965,523,967,923,492,488,661,640,575,973,974,711,567,977,978,985,969,703,702,986,666,645,610,991,992,988,611,990
STAB 2 1 1 2,9,4,6,14,3,7,16,1,5,19,23,20,10,8,15,12,13,25,18,24,21,17,22,11,32,54,37,41,43,42,57,84,83,100,107,56,34,27,102,55,79,60,33,124,132,130,92,104,135,112,61,126,39,29,28,26,155,158,30,128,129,59,165,170,175,167,46,166,174,180,168,133,62,149,67,64,150,31,211,148,225,38,44,220,237,248,189,239,134,125,131,283,294,123,285,47,36,108,103,99,109,35,137,136,50,98,101,40,105,51,111,91,95,53,45,58,73,300,291,288,297,114,116,113,115,85,52,74,97,48,68,118,210,106,110,49,72,69,254,245,242,251,212,221,176,171,224,179,169,88,71,82,70,117,203,216,63,451,446,186,217,456,457,77,139,76,138,78,177,178,66,146,154,172,173,65,147,75,152,185,312,311,200,469,468,447,453,151,437,440,344,308,513,305,318,325,336,331,461,572,586,460,588,571,409,584,412,570,90,222,223,145,315,314,464,465,334,330,127,213,80,144,81,153,276,262,140,650,363,122,143,265,499,87,249,240,236,250,86,142,241,277,243,256,278,257,235,238,89,232,246,274,228,253,141,275,324,321,341,340,652,679,692,498,694,678,380,434,379,441,360,367,255,247,366,244,252,119,192,94,295,286,282,296,93,121,287,735,289,302,720,303,281,284,96,231,292,316,279,299,120,731,194,343,718,715,471,354,609,449,466,188,448,463,301,159,458,756,759,496,758,762,651,454,187,530,229,594,462,550,205,204,450,163,529,515,524,516,658,653,520,195,280,266,338,337,267,809,479,816,813,307,717,795,480,728,819,820,370,837,842,368,841,847,226,371,230,802,272,273,803,701,614,387,388,704,615,497,649,234,858,859,589,528,861,713,616,864,263,863,705,613,867,581,531,377,620,617,378,823,827,895,644,741,696,598,801,455,689,595,459,643,732,664,160,663,908,903,675,539,920,565,667,547,922,561,898,793,824,700,654,828,681,541,786,452,545,785,467,691,264,947,164,953,416,326,215,183,218,317,190,313,197,206,335,444,196,208,156,184,219,214,157,162,182,191,161,181,202,193,929,485,201,521,781,306,814,815,808,352,927,661,945,967,930,656,940,966,810,349,768,514,472,769,259,270,233,381,688,638,872,549,695,635,871,552,876,910,897,879,968,304,965,347,519,951,476,339,526,952,926,482,346,782,342,577,576,198,761,764,383,439,921,426,784,319,443,893,430,788,763,384,825,950,955,826,928,891,199,913,683,504,848,432,674,974,623,851,424,670,980,684,510,655,590,582,699,944,585,332,474,943,207,554,385,783,849,557,382,787,850,909,574,209,470,627,333,543,978,976,542,757,755,686,789,790,673,697,902,796,669,760,320,729,410,417,726,716,990,833,991,708,712,400,376,860,573,946,866,862,551,941,865,392,373,911,389,386,912,401,405,811,742,878,702,975,870,877,703,977,875,812,745,935,506,508,925,268,328,258,227,260,555,423,767,772,261,969,492,942,568,607,682,431,857,560,599,685,427,488,915,407,709,710,406,932,348,390,939,269,415,507,880,602,411,509,888,606,985,271,442,852,345,553,676,668,548,662,665,626,973,931,397,625,979,938,393,556,420,645,374,375,641,353,310,309,477,359,298,817,818,899,596,721,896,597,821,794,792,293,894,402,737,290,734,736,822,740,754,632,890,633,738,404,351,355,323,322,490,593,478,603,739,329,537,751,749,604,753,327,748,592,396,642,639,487,660,970,511,502,914,394,391,522,512,621,489,624,486,518,832,527,956,533,954,395,435,724,727,419,960,892,605,747,962,418,428,365,364,907,846,836,904,843,900,838,356,491,750,743,413,481,752,350,746,725,830,829,719,357,744,631,540,917,425,733,916,358,722,517,525,992,610,993,372,844,845,362,805,800,839,840,361,807,369,799,575,958,567,961,986,981,690,937,677,933,580,532,399,629,777,774,628,779,398,773,569,583,501,646,771,630,619,765,647,766,505,770,563,883,884,886,885,882,881,887,500,889,634,503,429,421,414,905,608,564,798,959,906,804,964,791,901,403,806,408,797,869,687,587,873,622,657,972,433,544,422,534,918,919,535,680,637,987,775,523,698,494,780,640,856,666,853,711,659,982,983,923,671,558,483,618,868,971,874,538,445,546,438,831,475,948,436,949,536,591,578,723,730,559,601,562,600,493,778,473,776,936,495,484,672,636,579,924,957,714,566,984,963,934,855,707,706,854,693,648,612,835,834,988,611,989
STAB 2 1 1 2,9,3,7,8,4,6,16,1,15,21,24,22,10,14,5,18,25,13,12,23,19,11,20,17,29,37,54,57,83,84,41,42,43,101,108,56,31,28,99,55,60,79,30,125,95,91,114,105,136,110,113,123,39,32,27,26,155,73,33,45,58,118,72,171,176,69,115,166,173,178,168,133,117,146,139,138,147,34,212,145,223,44,38,221,238,249,213,236,144,124,53,284,295,126,282,116,103,107,36,102,35,109,51,135,111,40,100,98,104,137,50,130,132,131,128,129,158,297,288,291,300,92,47,61,46,151,97,74,52,68,48,59,82,49,112,106,165,167,251,242,245,254,211,220,175,170,88,70,71,224,169,210,179,62,206,215,63,315,412,190,218,330,440,77,67,76,64,177,78,180,154,149,66,75,174,152,150,172,65,183,453,468,197,437,311,318,312,85,469,457,344,305,513,308,447,460,571,588,409,570,584,325,331,336,461,586,446,572,222,90,225,148,451,465,334,314,464,456,81,189,153,134,127,80,273,259,142,324,360,120,141,268,379,240,248,87,239,86,250,140,232,274,246,228,275,253,89,237,235,241,243,277,256,257,143,278,650,498,678,694,380,441,434,321,340,341,652,692,499,679,363,366,252,244,367,247,255,121,194,286,294,94,285,93,296,119,231,316,292,279,731,299,96,283,281,287,289,735,302,303,122,720,192,471,609,354,343,715,718,452,467,191,450,462,298,219,459,603,593,649,757,760,497,455,208,751,270,753,463,574,209,207,448,214,585,342,339,516,681,691,520,195,304,269,519,526,271,478,750,814,490,310,716,810,752,830,818,722,370,838,843,368,840,845,226,371,272,805,230,276,807,613,705,708,625,392,393,651,496,258,577,542,527,592,624,373,374,621,260,862,614,701,865,763,783,712,777,779,626,633,742,900,743,634,669,668,804,454,599,685,458,890,811,697,196,602,906,904,699,917,921,709,556,919,544,662,901,806,534,674,568,825,658,949,784,449,956,546,466,653,261,536,182,955,326,416,216,185,217,335,186,444,200,203,317,313,160,187,184,156,159,163,162,157,164,188,181,161,199,193,489,780,198,832,517,309,816,355,351,747,512,914,915,522,926,972,657,968,795,746,672,775,776,772,262,229,227,328,928,766,875,880,563,765,639,698,642,684,548,877,966,280,486,347,338,951,831,524,337,525,930,778,346,782,515,858,395,201,322,382,787,948,920,916,786,748,954,433,918,445,581,580,828,436,953,422,688,509,202,619,500,687,591,710,700,578,873,849,665,420,976,910,888,431,958,957,675,946,529,474,332,630,204,963,532,531,851,961,764,383,562,912,550,205,333,874,470,396,559,980,859,758,323,406,730,723,415,664,899,792,696,762,749,959,682,676,960,717,989,835,993,387,377,375,397,394,869,944,391,863,868,583,867,704,713,569,774,773,909,894,733,732,827,502,983,979,511,879,984,707,872,402,414,706,770,771,938,265,381,234,233,263,427,560,484,769,264,981,971,495,654,411,410,655,855,423,689,595,555,970,945,606,565,432,686,934,390,348,937,266,673,564,549,663,607,891,510,407,982,267,345,853,442,503,417,598,897,561,424,378,648,637,376,388,975,925,615,667,670,924,616,400,987,477,307,306,353,829,301,738,819,902,962,754,601,964,358,600,796,290,401,812,725,293,739,744,740,822,721,413,643,823,817,631,808,815,755,761,813,759,809,756,734,537,329,530,320,327,594,604,319,528,543,876,871,660,487,488,870,878,661,860,866,967,927,864,929,861,965,518,521,589,545,435,443,576,533,608,605,798,726,418,727,352,596,892,907,836,846,428,364,365,903,842,895,837,491,356,479,644,632,350,480,481,349,737,728,359,357,719,736,404,425,539,540,405,426,821,820,781,952,610,992,991,844,372,847,800,802,362,369,841,799,803,839,361,567,590,575,557,677,969,933,939,986,690,384,385,629,399,620,389,398,617,628,386,911,941,646,501,508,943,913,635,505,638,647,506,695,881,882,889,887,884,883,885,683,886,741,553,905,535,745,429,724,507,419,729,908,801,597,408,898,797,793,791,403,573,504,622,623,587,940,656,893,922,826,824,430,547,421,854,931,641,514,494,552,523,485,711,659,923,852,640,856,985,702,666,483,618,671,558,551,492,627,438,788,785,538,476,475,439,950,541,947,848,974,790,789,978,896,850,794,473,482,493,472,693,942,767,768,714,566,645,582,636,579,703,554,932,857,977,935,680,936,973,834,833,612,611,988,990
STAB 2 1 -1 2,1,3,6,5,4,7,16,9,14,19,20,23,10,15,8,18,17,11,12,22,21,13,24,25,54,32,29,28,31,30,27,33,34,102,107,55,83,57,100,56,60,79,84,126,61,92,130,104,112,135,132,124,26,37,41,39,133,62,42,46,59,129,67,149,150,64,128,168,180,174,166,155,158,170,165,167,175,43,148,211,189,38,44,134,239,248,225,237,220,123,47,285,294,125,283,131,98,108,40,101,35,109,49,110,111,36,99,103,105,106,50,114,113,116,115,118,117,120,119,121,122,91,53,95,45,210,68,63,48,97,52,58,85,51,136,137,139,138,141,140,142,143,145,144,147,146,80,65,66,153,154,151,152,73,446,451,74,216,203,457,456,217,186,76,72,77,69,172,75,173,169,171,71,78,178,179,176,177,70,453,183,182,447,188,164,200,185,82,191,190,193,192,195,194,197,196,199,198,187,204,205,160,201,202,208,209,206,207,127,81,213,212,215,214,159,163,219,218,90,223,224,221,222,88,363,650,245,262,276,297,251,499,265,235,249,89,238,86,250,242,241,244,243,228,252,253,87,236,240,232,246,247,256,257,254,255,259,258,261,260,229,266,267,234,263,264,270,271,268,269,273,272,275,274,230,277,278,291,308,281,295,96,284,93,296,288,287,290,289,279,298,299,94,282,286,231,292,293,302,303,300,301,305,304,307,306,280,309,310,466,449,469,463,448,731,464,454,530,594,651,762,758,496,458,461,756,652,759,450,529,586,572,462,465,550,338,337,520,653,658,516,513,471,679,515,524,692,479,809,795,480,718,717,816,813,820,819,728,371,802,803,226,847,841,368,370,366,837,367,360,842,614,701,704,615,387,388,649,497,498,581,531,528,589,620,377,378,617,694,867,613,705,863,858,859,713,861,864,616,643,732,801,741,644,664,663,895,459,595,689,455,823,827,696,460,598,898,793,700,824,828,654,561,922,547,667,908,903,539,675,565,920,691,947,953,467,785,545,452,681,678,541,468,786,156,184,315,312,330,157,440,181,318,412,162,161,325,409,416,326,334,314,317,335,311,437,444,313,571,344,485,929,588,781,521,715,810,349,352,808,514,768,769,472,966,940,656,930,814,815,661,927,967,945,324,380,381,233,910,876,879,897,552,871,635,695,638,688,549,872,926,343,482,346,342,782,952,526,339,476,968,965,347,951,519,763,384,331,319,383,764,950,825,826,955,761,788,430,893,443,577,576,921,439,784,426,684,510,336,623,504,683,590,655,699,582,913,980,670,424,851,928,891,432,848,974,674,909,574,470,333,627,570,978,543,542,976,850,787,382,557,944,585,584,332,943,474,385,554,849,783,760,320,410,729,726,417,669,796,902,697,757,755,789,686,673,790,716,990,991,833,392,373,376,400,389,911,912,386,865,941,551,862,708,712,573,860,866,946,812,745,742,811,506,935,925,508,875,977,703,877,401,405,702,878,870,975,379,227,321,328,340,423,555,488,915,341,857,942,492,709,407,406,710,969,427,685,599,560,767,772,607,568,431,682,985,442,345,852,441,676,553,548,668,606,888,509,411,932,434,348,939,390,507,415,602,880,556,420,374,645,641,375,393,938,979,625,662,665,973,626,397,931,477,609,354,353,821,720,721,818,792,794,817,597,896,359,596,899,316,402,894,737,735,736,734,740,822,738,404,633,890,754,632,747,746,749,748,752,753,750,751,744,604,327,603,323,329,593,537,322,527,532,766,765,671,483,484,771,770,672,774,773,776,775,779,780,777,778,475,517,592,546,438,445,580,538,605,608,892,723,419,724,351,600,798,797,800,799,403,361,362,806,807,804,805,481,350,478,634,631,356,490,491,355,725,722,358,357,719,739,413,421,534,535,414,422,829,830,832,831,612,834,835,839,369,840,836,838,365,372,845,846,843,844,364,566,591,579,562,680,855,856,853,854,659,395,396,628,398,624,394,399,621,629,391,869,868,647,505,511,874,873,639,501,642,646,502,698,882,881,885,886,883,884,889,687,887,743,564,791,540,733,408,727,503,418,730,901,900,601,429,906,907,904,905,428,569,500,618,619,558,972,657,918,919,916,917,433,544,425,986,987,637,512,493,563,473,489,714,690,936,937,636,933,934,706,693,487,622,660,587,583,495,630,435,954,956,533,525,518,436,948,536,949,958,957,960,959,963,964,961,962,523,486,494,522,666,971,970,914,711,567,648,578,640,575,707,559,982,981,984,983,677,923,924,992,993,610,611,988,989
STAB 2 1 1 2,9,6,4,8,7,3,10,1,5,12,13,11,16,14,15,19,23,24,21,25,18,22,17,20,32,37,54,57,84,83,41,43,42,40,35,39,33,27,36,26,44,38,34,52,53,45,46,50,51,49,47,48,56,29,28,55,74,73,31,91,58,59,72,71,70,69,92,76,75,78,77,63,62,66,67,64,65,30,82,85,90,60,79,88,89,86,81,87,80,97,95,96,93,68,94,61,102,109,99,103,108,107,136,137,104,101,98,100,111,135,105,128,131,132,130,129,158,288,297,300,291,115,113,116,114,148,124,155,125,126,123,118,212,110,106,112,165,167,242,251,254,245,210,224,179,169,221,176,171,220,170,211,175,117,200,217,133,330,318,185,216,315,312,168,139,166,138,180,178,177,149,154,146,173,172,150,152,174,147,186,457,469,203,311,437,412,440,145,468,453,513,308,344,305,446,461,572,586,325,336,331,409,584,570,460,588,447,571,225,223,222,151,456,464,314,334,465,451,213,127,134,153,189,144,276,265,141,379,360,121,142,262,324,239,250,236,240,249,248,143,256,278,257,241,277,243,238,235,237,228,253,275,232,246,140,274,499,652,679,692,321,341,340,380,434,441,498,694,650,678,363,366,244,252,367,255,247,120,194,285,296,282,286,295,294,122,302,720,303,287,735,289,284,281,283,279,299,731,231,292,119,316,192,471,354,609,343,718,715,161,313,164,162,317,290,163,326,323,322,233,327,329,328,156,160,320,234,319,335,333,201,202,157,159,332,342,339,346,345,348,347,193,280,264,338,337,263,351,352,356,355,306,353,350,349,359,357,358,368,365,364,370,369,372,371,226,230,362,272,273,361,375,376,378,377,374,373,381,227,229,396,395,382,383,394,393,392,391,267,398,397,400,399,385,384,388,389,386,387,414,413,418,401,402,411,410,419,184,415,417,416,405,404,407,187,406,429,428,427,426,425,424,431,430,433,432,408,403,422,423,420,421,442,439,438,181,443,445,444,390,266,436,188,435,459,458,218,190,215,463,183,466,206,197,462,467,208,196,454,455,214,219,450,448,191,182,449,452,204,195,512,514,205,521,517,307,491,490,478,479,489,488,487,486,493,492,495,494,481,480,484,485,482,483,268,258,496,497,507,506,505,504,509,508,511,510,502,503,500,501,523,304,522,520,519,518,476,524,526,525,473,472,516,475,515,543,542,209,593,527,528,541,540,539,538,594,545,544,547,546,532,531,535,536,533,534,564,563,207,569,548,549,562,561,560,559,573,566,565,568,567,553,552,556,557,554,555,587,474,529,585,583,199,582,581,580,579,590,589,592,591,558,470,198,574,551,550,577,578,575,576,604,603,602,601,600,599,606,605,608,607,537,530,597,598,595,596,477,611,612,610,626,625,613,614,624,623,622,621,628,627,630,629,616,615,619,620,617,618,644,643,631,632,642,641,640,639,646,645,648,647,634,633,637,638,635,636,259,651,270,649,271,699,700,672,671,269,677,656,657,670,669,668,667,680,674,673,676,675,661,660,664,665,662,663,693,653,691,690,261,689,688,687,686,696,695,698,697,666,260,681,659,658,684,685,682,683,710,709,708,707,706,705,712,711,714,713,655,654,703,704,701,702,717,309,310,716,728,293,739,719,727,726,736,730,729,722,723,724,298,743,741,740,301,738,721,725,737,744,742,733,745,734,732,809,813,756,759,815,761,808,755,817,762,760,749,751,757,748,758,753,787,858,878,870,945,915,914,871,876,970,861,864,965,929,866,927,860,967,951,832,764,954,955,956,859,953,792,899,801,962,900,902,750,960,895,903,837,842,904,843,838,907,846,892,836,816,814,747,894,827,810,746,795,752,822,829,830,818,819,754,811,921,916,920,890,917,820,821,781,952,993,991,992,847,845,844,802,800,805,840,839,803,799,841,807,976,961,980,958,981,986,939,933,969,937,783,763,867,865,774,777,862,773,863,779,913,943,879,877,765,941,911,771,875,770,872,766,891,886,885,883,884,887,889,882,897,881,812,910,908,828,823,906,796,928,804,964,905,798,959,901,791,793,797,898,806,873,880,944,869,946,942,971,922,893,824,826,919,918,825,857,935,983,780,968,888,966,775,975,853,985,856,979,852,923,987,982,772,909,769,912,874,972,868,784,785,788,786,831,782,949,947,948,950,850,978,794,896,974,789,848,790,930,776,926,778,934,940,768,767,925,849,984,963,938,851,924,957,936,854,973,931,855,932,977,833,834,835,989,990,988
STAB 2 1 -1 2,1,6,3,15,7,4,10,9,14,18,17,25,16,5,8,19,20,22,21,11,12,24,13,23,54,29,32,27,33,34,28,31,30,103,109,26,84,57,98,39,44,38,83,68,116,115,128,111,106,137,131,97,55,37,41,56,63,117,43,114,118,129,139,154,152,138,130,77,177,172,76,74,158,169,165,167,179,42,151,210,127,79,60,153,240,250,222,235,224,48,113,286,296,52,281,132,100,35,101,40,108,107,110,49,104,99,36,102,50,112,105,46,47,61,92,59,62,121,122,120,119,45,95,53,91,211,126,133,123,124,125,58,145,136,51,135,67,64,142,143,141,140,85,80,65,66,144,147,146,134,149,148,150,73,447,456,155,218,197,453,451,215,183,166,72,168,69,174,173,75,170,71,171,178,78,175,70,180,176,457,186,188,446,182,191,206,190,212,164,185,195,192,193,194,203,187,204,205,196,199,198,208,209,207,160,201,200,202,189,213,81,82,217,159,214,219,163,216,223,90,220,88,225,221,363,499,254,268,273,288,242,650,259,237,86,238,89,249,248,251,228,252,253,241,244,243,236,87,239,256,257,255,232,246,245,247,265,229,266,267,258,261,260,270,271,269,234,263,262,264,276,230,277,278,272,275,274,300,305,283,93,284,96,295,294,297,279,298,299,287,290,289,282,94,285,302,303,301,231,292,291,293,308,280,309,310,304,307,306,444,181,468,335,157,735,465,184,749,748,381,537,604,227,416,460,755,498,761,162,474,588,571,317,464,470,519,526,347,390,442,346,344,471,678,515,524,694,747,808,481,746,715,477,491,815,821,719,829,226,800,799,371,844,839,370,368,366,836,367,360,846,397,400,616,713,626,712,233,328,652,532,580,787,764,774,625,708,773,692,629,375,376,628,543,576,615,860,866,704,733,631,798,812,894,606,686,892,326,676,673,156,745,632,607,461,682,791,797,560,826,535,670,710,893,918,655,905,907,916,555,665,540,348,950,533,313,788,954,161,345,679,948,469,538,455,454,330,440,315,448,312,449,412,318,450,452,409,325,458,459,314,334,462,463,437,311,466,467,572,513,775,927,586,781,832,718,350,752,750,809,780,767,671,778,523,942,971,473,356,813,970,929,965,660,379,321,651,649,553,878,646,683,888,870,771,891,770,564,687,647,493,343,776,516,342,475,952,337,339,831,494,967,520,518,338,385,783,584,753,592,589,947,421,824,435,759,785,919,922,956,396,859,425,949,438,917,503,698,570,869,880,897,961,667,427,963,911,575,654,709,579,507,695,662,850,978,423,618,333,550,574,868,336,974,858,395,567,848,528,527,958,622,332,331,585,941,529,763,957,566,384,329,751,668,964,962,685,411,724,727,407,327,756,896,663,689,794,353,988,992,834,374,393,705,701,777,913,558,779,399,943,874,398,378,388,873,861,864,587,741,823,413,404,766,931,714,765,505,973,924,501,743,890,987,876,871,711,324,496,380,497,434,674,675,914,487,441,854,940,972,424,697,602,561,986,699,417,415,700,768,483,696,420,556,598,923,658,681,856,341,595,910,500,410,664,552,563,669,936,340,691,933,653,928,599,406,504,431,568,392,984,983,613,373,636,640,377,432,565,977,387,614,935,717,354,609,716,820,316,744,357,608,790,734,959,789,830,960,605,720,634,644,822,731,754,817,725,737,739,811,414,405,736,827,479,480,530,594,349,319,352,320,721,758,757,323,603,760,322,762,593,382,581,506,508,769,772,672,635,638,484,620,617,482,485,386,514,389,472,782,517,383,445,784,546,531,786,899,792,895,600,804,796,478,723,801,793,802,803,806,807,805,403,361,419,362,795,810,351,402,732,814,355,816,490,740,358,722,818,819,738,742,825,422,828,633,534,728,359,521,476,835,833,612,841,840,369,837,365,838,845,372,842,364,847,843,849,562,851,591,855,680,852,659,857,853,542,577,863,862,394,624,865,391,867,621,623,627,872,875,639,551,573,511,877,502,879,642,510,885,886,882,881,889,887,883,549,884,401,688,898,920,643,901,902,684,900,601,408,418,730,906,429,903,428,908,904,619,548,909,569,912,492,495,547,430,539,426,544,433,921,969,702,706,489,926,509,930,512,925,937,932,690,938,939,693,637,934,915,944,945,946,630,657,583,955,545,443,953,525,951,536,541,436,439,557,554,596,597,582,729,590,726,966,522,968,486,982,656,661,488,975,976,707,559,979,980,648,578,666,677,645,641,981,985,703,991,610,993,989,990,611
STAB 2 1 1 1,2,7,6,5,4,3,14,9,16,20,19,23,8,15,10,22,21,12,11,18,17,13,25,24,55,27,28,29,31,30,32,34,33,107,102,54,60,56,100,57,83,84,79,130,92,61,126,112,104,135,124,132,37,26,39,41,129,59,38,47,62,133,64,150,149,67,123,167,175,170,165,158,155,174,166,168,180,44,134,189,211,42,43,148,248,239,220,237,225,128,46,294,285,131,283,125,101,103,40,98,36,99,50,111,110,35,109,108,106,105,49,116,115,114,113,117,118,120,119,122,121,68,52,97,48,213,91,58,45,95,53,63,80,51,137,136,138,139,141,140,143,142,153,151,154,152,85,66,65,145,147,144,146,74,454,450,73,163,187,449,448,159,188,72,76,69,77,171,71,169,173,172,75,70,179,178,177,176,78,452,191,190,455,186,185,160,164,81,183,182,194,195,192,193,208,206,209,207,203,205,204,200,202,201,197,199,196,198,212,82,210,127,219,218,217,216,215,214,88,224,223,222,221,90,371,649,232,234,230,279,228,496,229,238,240,89,235,87,236,256,254,257,255,251,253,252,86,250,249,245,247,246,242,244,241,243,270,268,271,269,265,267,266,262,264,263,259,261,258,260,272,273,275,274,276,278,277,231,280,284,286,96,281,94,282,302,300,303,301,297,299,298,93,296,295,291,293,292,288,290,287,289,304,305,307,306,308,310,309,469,457,466,464,456,731,463,446,594,530,652,759,756,499,461,458,758,651,762,451,586,529,550,465,462,572,337,338,524,692,679,515,471,513,658,516,520,653,480,795,809,479,717,718,813,816,819,820,728,363,803,802,360,842,837,367,366,370,841,368,226,847,615,704,701,614,388,387,650,498,497,589,528,531,581,617,378,377,620,691,864,616,713,861,859,858,705,863,867,613,644,741,793,732,643,663,664,898,460,598,696,447,827,823,689,459,595,895,801,654,828,824,700,565,920,539,675,903,908,547,667,561,922,694,953,947,468,786,541,453,678,681,545,467,785,318,412,162,161,157,330,181,440,156,184,315,312,326,416,409,325,335,317,314,334,313,444,437,311,574,343,482,926,585,782,476,716,808,352,349,810,472,769,768,514,967,945,661,927,815,814,656,930,966,940,233,381,380,324,897,879,876,910,549,872,638,688,635,695,552,871,929,344,485,342,346,781,951,519,347,521,965,968,339,952,526,764,383,332,320,384,763,955,826,825,950,760,784,426,921,439,576,577,893,443,788,430,683,504,333,627,510,684,582,699,655,590,909,974,674,432,848,891,928,424,851,980,670,913,571,570,336,623,470,976,542,543,978,849,783,385,554,943,588,474,331,944,584,382,557,850,787,761,319,417,726,729,410,673,790,789,686,755,757,902,697,669,796,715,991,990,833,400,376,373,392,386,912,911,389,866,946,573,860,712,708,551,862,865,941,811,742,745,812,508,925,935,506,870,975,702,878,405,401,703,877,875,977,227,379,328,321,348,420,556,492,942,345,852,915,488,710,406,407,709,985,431,682,607,568,772,767,599,560,427,685,969,441,341,857,442,668,548,553,676,602,880,507,415,939,390,340,932,434,509,411,606,888,555,423,375,641,645,374,397,931,973,626,665,662,979,625,393,938,609,477,353,354,818,735,736,821,794,792,822,596,899,359,597,896,316,404,890,738,720,721,740,734,817,737,402,632,894,754,633,752,750,753,751,747,749,746,748,744,603,323,604,327,322,537,593,329,532,527,771,770,672,484,483,766,765,671,779,777,780,778,774,776,773,775,517,475,580,538,445,438,592,546,601,600,901,724,403,723,350,608,806,804,807,805,419,362,361,798,800,797,799,478,351,481,631,634,355,491,490,356,739,719,357,358,722,725,414,422,535,534,413,421,830,829,831,832,612,835,834,838,365,836,840,839,369,364,846,845,844,843,372,562,579,591,566,659,856,855,854,853,680,396,395,624,394,628,398,391,629,621,399,874,873,639,511,505,869,868,647,502,646,642,501,687,889,887,886,885,884,883,882,698,881,733,563,900,544,743,418,730,500,408,727,892,791,605,428,907,906,905,904,429,558,503,619,618,569,970,660,917,916,919,918,425,540,433,982,984,636,473,489,564,512,493,706,693,937,936,637,934,933,714,690,495,630,657,583,587,487,622,436,949,948,536,518,525,435,956,533,954,963,961,964,962,958,960,957,959,522,494,486,523,677,914,972,971,707,559,640,575,648,578,711,567,986,923,987,924,666,981,983,989,988,611,610,993,992
STAB 2 1 -1 1,9,7,3,10,4,6,14,2,15,17,25,18,8,16,5,22,24,13,11,23,20,12,19,21,28,26,55,56,60,79,39,38,44,98,103,57,31,29,109,54,83,84,30,131,97,68,116,106,137,111,115,128,41,27,32,37,158,74,34,48,63,117,76,172,177,77,113,165,169,179,167,129,118,152,138,139,154,33,127,153,224,43,42,222,235,240,210,250,151,132,52,281,286,130,296,114,108,102,35,107,36,99,51,135,110,40,100,101,112,136,49,126,124,125,123,133,155,279,302,231,287,61,46,92,47,144,95,73,53,91,45,62,81,50,104,105,166,168,228,256,232,241,189,225,180,174,90,78,75,223,173,213,178,59,196,219,58,162,184,182,214,157,181,69,64,72,67,176,70,175,147,150,65,71,170,146,149,171,66,191,452,467,208,444,313,156,161,80,466,449,343,304,471,280,455,459,574,585,416,470,474,326,332,333,458,529,454,550,221,88,220,134,450,462,335,317,463,448,82,211,145,148,212,85,272,270,143,233,226,120,141,258,227,249,239,86,248,87,236,140,245,274,247,251,275,252,89,237,238,254,255,278,242,244,142,277,649,497,681,691,381,442,390,328,348,345,651,653,496,658,371,370,253,257,368,246,243,122,193,295,285,93,294,94,282,119,291,316,293,297,731,298,96,283,284,300,301,720,288,290,121,735,195,513,477,353,344,716,717,453,468,183,451,465,299,215,460,604,537,650,755,761,498,447,197,748,259,749,464,571,199,198,456,218,588,346,347,515,678,694,524,192,305,260,526,519,261,481,746,815,491,309,715,808,747,829,821,719,366,839,844,367,836,846,360,363,273,799,276,230,800,616,713,712,626,400,397,652,499,268,576,543,532,580,628,376,375,629,269,860,615,704,866,764,787,708,773,774,625,632,745,791,733,631,673,676,797,446,607,682,461,894,812,686,206,606,907,905,655,918,893,710,555,916,540,665,892,798,535,670,560,826,679,954,788,457,948,538,469,692,271,533,190,950,325,409,163,164,159,334,188,437,160,187,314,311,200,203,412,318,217,216,315,330,185,186,440,312,209,194,493,776,207,831,475,310,813,356,350,752,473,971,942,523,929,970,660,965,809,750,671,778,780,767,234,265,379,321,891,771,870,888,564,770,647,687,646,683,553,878,967,308,494,339,337,952,832,520,338,518,927,775,342,781,516,859,396,202,329,385,783,956,922,919,785,751,949,425,917,438,589,592,824,435,947,421,695,507,201,618,503,698,579,709,654,575,868,850,662,423,978,897,880,427,963,961,667,941,586,584,331,622,205,958,527,528,848,957,763,384,566,911,572,204,336,869,570,395,567,974,858,756,327,407,727,724,411,663,896,794,689,759,753,962,685,668,964,718,992,834,988,388,378,374,393,398,874,943,399,861,873,587,864,701,705,558,779,777,913,890,743,741,823,501,924,973,505,876,987,711,871,404,413,714,765,766,931,229,380,262,324,264,431,568,483,768,263,923,914,487,700,415,417,699,856,420,696,598,556,972,940,602,561,424,697,933,434,340,936,267,669,563,552,664,599,928,504,406,986,266,341,854,441,500,410,595,910,565,432,377,640,636,373,387,977,935,614,675,674,983,613,392,984,609,307,306,354,830,289,737,820,789,959,754,605,960,357,608,790,303,405,811,739,292,725,744,734,817,736,414,644,827,822,634,810,814,757,760,816,762,795,758,740,593,322,594,319,323,530,603,320,531,542,879,872,657,495,492,875,877,656,862,865,966,930,867,926,863,968,525,476,581,541,436,439,577,536,600,601,806,729,408,730,349,597,901,906,840,845,429,372,369,908,847,898,841,490,355,480,643,633,351,479,478,352,738,728,359,358,722,721,402,433,547,544,401,430,818,819,782,951,611,989,990,843,364,842,807,803,361,365,837,805,802,838,362,559,582,578,554,666,985,934,932,982,693,383,382,621,391,617,386,394,620,624,389,912,946,642,502,506,944,909,638,511,635,639,508,688,887,889,882,881,883,884,886,684,885,732,548,904,534,742,428,723,509,403,726,903,793,596,418,895,804,801,900,419,551,510,630,627,583,945,661,921,920,825,828,426,539,422,853,938,645,472,486,549,522,482,707,680,981,857,648,855,969,703,677,484,619,672,569,573,488,623,445,784,786,546,521,517,443,955,545,953,851,980,796,902,976,899,849,792,512,485,489,514,690,915,772,769,706,562,641,590,637,591,702,557,939,852,975,925,659,937,979,835,833,612,610,993,991
STAB 2 1 1 1,2,6,7,15,3,4,8,9,16,22,21,24,14,5,10,20,19,18,17,12,11,25,13,23,55,28,27,32,34,33,29,31,30,108,99,37,79,56,101,41,43,42,60,91,114,113,123,110,105,136,125,95,54,26,39,57,58,118,44,116,117,133,138,147,146,139,126,69,176,171,72,73,155,173,166,168,178,38,144,213,212,84,83,145,249,236,221,238,223,45,115,295,282,53,284,124,100,36,98,40,103,102,111,50,112,109,35,107,49,104,106,47,46,92,61,62,59,122,121,120,119,48,97,52,68,189,130,129,128,132,131,63,153,137,51,135,64,67,143,142,141,140,80,85,66,65,151,154,152,148,150,134,149,74,455,448,158,214,208,452,450,219,191,165,76,167,77,170,169,71,174,75,172,179,70,180,78,175,177,449,188,186,454,190,183,196,182,127,185,164,192,195,194,193,187,203,205,204,206,209,207,197,199,198,200,202,160,201,211,210,82,81,159,217,218,215,216,163,224,88,225,90,220,222,371,496,241,258,272,302,256,649,270,237,87,235,89,240,239,228,251,253,252,254,257,255,250,86,248,242,244,243,245,247,232,246,229,265,267,266,268,271,269,259,261,260,262,264,234,263,230,276,278,277,273,275,274,287,304,283,94,281,96,286,285,279,297,299,298,300,303,301,296,93,294,288,290,289,291,293,231,292,280,308,310,309,305,307,306,437,440,467,334,330,720,462,412,753,751,380,593,603,379,409,459,757,497,760,315,584,585,574,314,463,570,526,519,339,434,441,342,343,513,681,516,520,691,752,810,478,750,716,609,490,814,818,722,830,360,807,805,363,843,838,366,367,370,840,368,226,845,393,392,613,705,625,708,324,321,651,527,592,783,763,779,626,712,777,653,621,374,373,624,542,577,614,862,865,701,743,634,806,811,890,602,697,901,325,668,669,318,742,633,599,458,685,900,804,568,825,534,674,709,921,917,699,904,906,919,556,662,544,340,955,536,311,784,949,312,341,658,956,466,546,447,446,157,181,162,456,161,457,184,156,451,453,416,326,461,460,317,335,465,464,444,313,469,468,550,471,778,930,529,782,831,717,351,747,746,795,776,772,672,775,522,915,914,512,355,816,972,926,968,657,227,328,652,650,548,877,642,684,880,875,766,928,765,563,698,639,489,344,780,515,346,517,951,338,347,832,486,966,524,525,337,382,787,474,749,580,581,953,422,828,436,762,786,916,920,948,395,858,433,954,445,918,500,687,470,874,888,910,957,675,431,958,912,578,700,710,591,509,688,665,849,976,420,619,336,572,571,873,333,980,859,396,559,851,531,532,963,630,331,332,588,946,586,764,961,562,383,322,748,676,960,959,682,415,723,730,406,323,758,899,664,696,792,354,993,989,835,375,397,713,704,773,909,569,774,391,944,869,394,377,387,868,863,867,583,732,827,414,402,771,938,706,770,511,979,983,502,733,894,984,879,872,707,233,499,381,498,390,670,667,971,495,442,853,945,970,432,686,606,565,982,655,410,411,654,769,484,689,423,555,595,981,679,678,855,345,598,897,503,417,663,549,564,673,937,348,694,934,692,891,607,407,510,427,560,400,987,924,616,376,637,648,378,424,561,975,388,615,925,718,353,477,715,819,316,744,358,600,796,740,962,902,829,964,601,735,631,643,817,731,754,822,739,738,725,812,413,401,721,823,480,479,594,530,352,320,349,319,736,756,755,327,604,761,329,759,537,385,589,508,506,768,767,671,638,635,483,617,620,485,482,389,472,386,514,781,475,384,438,788,538,528,785,896,794,898,608,797,790,481,724,793,801,803,802,798,800,799,419,362,403,361,809,808,350,404,741,815,356,813,491,734,357,719,821,820,737,745,826,421,824,632,535,728,359,476,521,834,833,612,837,836,365,841,369,839,846,364,847,372,842,844,850,566,848,579,856,659,857,680,852,854,543,576,861,860,398,628,866,399,864,629,627,623,871,870,647,573,551,505,878,501,876,646,504,886,885,889,887,882,881,884,552,883,405,695,895,922,644,892,789,683,791,605,418,408,727,907,428,908,429,903,905,618,553,913,558,911,488,487,539,426,547,430,540,425,893,985,703,714,493,929,507,927,473,935,936,939,693,931,932,690,636,933,942,943,940,941,622,660,587,950,541,439,947,518,952,533,545,435,443,554,557,597,596,590,726,582,729,967,523,965,494,986,661,656,492,977,978,711,567,973,974,640,575,677,666,641,645,923,969,702,990,611,988,992,991,610
STAB 2 1 -1 1,9,6,4,10,3,7,8,2,5,11,13,12,14,16,15,20,23,25,17,24,22,18,21,19,27,26,55,56,79,60,39,44,38,40,36,41,34,32,35,37,43,42,33,53,52,48,47,49,51,50,46,45,57,28,29,54,73,74,31,68,63,62,76,75,78,77,61,72,71,70,69,58,59,65,64,67,66,30,81,80,88,83,84,90,89,87,82,86,85,95,97,96,94,91,93,92,107,99,109,108,103,102,137,136,112,98,101,100,110,135,106,123,125,124,126,133,155,302,279,287,231,113,115,114,116,134,132,158,131,130,128,117,127,111,105,104,166,168,256,228,241,232,213,223,178,173,222,177,172,225,174,189,180,118,160,159,129,157,156,164,163,162,161,167,138,165,139,175,179,176,150,147,152,169,171,149,146,170,154,188,449,466,187,313,444,184,181,153,467,452,471,280,343,304,454,458,550,529,326,333,332,416,474,470,459,585,455,574,220,224,221,144,448,463,317,335,462,450,210,212,148,145,211,151,230,229,141,227,226,122,143,234,233,248,236,250,249,240,239,142,242,277,244,254,278,255,235,238,237,251,252,275,245,247,140,274,496,651,658,653,328,345,348,381,390,442,497,691,649,681,371,370,257,253,368,243,246,120,193,294,282,296,295,286,285,121,288,735,290,300,720,301,281,284,283,297,298,731,291,293,119,316,195,513,353,477,344,717,716,312,311,185,315,314,303,216,325,327,329,324,323,322,321,318,200,319,262,320,334,336,202,201,330,217,331,346,347,342,341,340,339,194,308,263,337,338,264,350,349,355,356,306,354,351,352,359,358,357,367,369,372,366,365,364,363,360,276,361,273,272,362,374,373,377,378,375,376,380,379,265,395,396,385,384,398,397,400,399,266,394,393,392,391,382,383,387,386,389,388,413,414,408,405,404,415,417,403,412,411,410,409,401,402,406,203,407,428,429,431,430,433,432,427,426,425,424,418,419,421,420,423,422,441,443,445,440,439,438,437,434,267,435,186,436,460,461,214,182,219,464,191,469,196,208,465,468,197,206,446,447,218,215,451,456,183,190,457,453,205,192,473,472,204,476,475,307,490,491,481,480,493,492,495,494,489,488,487,486,478,479,483,482,485,484,258,268,499,498,509,508,511,510,507,506,505,504,501,500,503,502,522,305,523,524,526,525,521,520,519,518,512,514,515,517,516,542,543,199,537,532,531,545,544,547,546,530,541,540,539,538,527,528,534,533,536,535,563,564,198,558,553,552,566,565,568,567,551,562,561,560,559,548,549,555,554,557,556,583,584,586,588,587,209,590,589,592,591,582,581,580,579,569,570,207,571,573,572,576,575,578,577,603,604,606,605,608,607,602,601,600,599,593,594,596,595,598,597,609,610,612,611,625,626,616,615,628,627,630,629,624,623,622,621,613,614,618,617,620,619,643,644,634,633,646,645,648,647,642,641,640,639,631,632,636,635,638,637,270,652,259,650,261,655,654,671,672,260,666,661,660,674,673,676,675,659,670,669,668,667,656,657,663,662,665,664,690,692,694,693,271,696,695,698,697,689,688,687,686,677,269,678,680,679,683,682,685,684,709,710,712,711,714,713,708,707,706,705,699,700,702,701,704,703,718,310,309,715,728,292,725,722,730,729,721,727,726,719,724,723,299,733,732,734,289,737,736,739,738,744,745,743,742,740,741,795,816,758,762,814,760,810,757,822,759,761,753,748,755,751,756,749,783,859,877,875,940,942,971,872,879,972,863,867,968,926,865,930,862,966,952,831,763,949,950,948,858,947,794,896,793,959,791,789,746,964,898,908,841,847,905,844,839,906,845,901,840,813,815,752,890,823,808,750,809,747,817,830,829,821,820,754,812,893,919,922,894,918,819,818,782,951,988,990,989,842,846,843,803,807,799,836,838,802,805,837,800,978,957,974,963,923,982,932,934,985,936,787,764,864,866,779,773,860,777,861,774,909,944,876,878,770,946,912,766,870,765,871,771,928,885,886,884,883,881,882,889,910,887,811,897,903,824,827,907,790,891,797,960,904,806,962,892,900,801,804,895,798,868,888,943,874,941,915,914,920,921,828,825,916,917,826,852,925,924,776,965,880,967,778,977,854,969,855,973,857,981,984,986,767,913,768,911,869,970,873,788,786,784,785,832,781,954,953,956,955,849,976,792,899,980,902,851,796,927,780,929,775,933,945,769,772,935,850,987,958,931,848,983,961,937,853,979,938,856,939,975,833,835,834,992,991,993
STAB 2 1 -1 1,9,3,7,16,6,4,8,2,15,22,24,21,14,10,5,17,25,23,20,13,11,19,12,18,28,55,26,39,38,44,56,60,79,101,99,41,30,29,108,37,42,43,31,95,125,123,113,110,136,105,114,91,57,27,32,54,73,155,33,126,133,117,166,173,178,168,116,72,171,176,69,58,118,147,138,139,146,34,213,144,221,84,83,223,238,236,212,249,145,53,124,284,282,45,295,115,109,36,107,35,102,103,135,51,106,100,40,98,49,137,112,48,52,97,68,63,74,231,287,279,302,47,92,46,61,153,131,158,132,128,130,62,189,104,50,111,76,77,232,241,228,256,81,90,78,75,225,180,174,222,172,127,177,59,208,214,129,448,455,191,219,450,452,167,64,165,67,179,175,70,152,65,150,170,71,154,66,169,149,182,181,444,196,467,466,454,449,134,313,161,471,304,343,280,184,416,470,474,459,574,585,458,529,550,326,332,156,333,224,220,88,80,157,335,462,463,317,162,211,82,151,85,210,148,272,258,142,496,371,119,140,270,649,250,87,248,86,239,240,141,251,275,252,245,274,247,237,89,235,242,244,277,254,255,143,278,227,381,442,390,497,681,691,651,653,658,328,348,233,345,226,368,246,243,370,253,257,121,195,296,94,294,93,285,286,120,297,731,298,291,316,293,283,96,281,288,290,735,300,301,122,720,193,344,716,717,513,477,353,440,437,190,330,334,292,218,409,757,760,379,603,593,380,412,206,753,268,751,314,570,207,209,315,215,584,516,520,342,441,434,339,194,305,271,526,519,269,810,752,490,814,310,609,478,750,830,722,818,367,840,845,366,838,843,363,360,273,807,276,230,805,392,393,625,708,613,705,321,324,259,542,577,763,783,862,614,701,865,261,624,373,374,621,527,592,626,779,777,712,742,633,901,890,811,599,685,806,318,669,668,325,743,634,602,197,697,904,906,556,919,544,662,699,917,921,709,900,804,825,568,674,534,341,956,546,312,949,784,311,340,260,955,183,536,461,460,159,188,163,465,164,468,187,160,464,469,203,200,447,446,216,217,456,451,186,185,453,457,198,192,930,778,199,831,782,309,355,816,795,746,926,972,657,968,512,914,915,522,351,747,772,776,775,672,229,262,650,652,563,765,639,698,928,766,875,880,877,548,684,642,486,308,966,524,337,525,832,347,338,951,489,780,515,517,346,395,858,204,762,581,580,954,433,918,445,749,948,920,916,786,382,787,422,953,436,828,509,688,205,912,910,888,849,665,420,976,874,591,710,700,578,500,687,675,957,958,431,630,331,588,586,946,201,961,764,383,562,963,532,531,851,619,336,202,572,873,571,859,980,559,396,323,758,664,899,792,696,406,730,723,415,322,748,960,676,682,959,354,993,835,989,377,387,704,713,863,868,583,867,394,869,944,391,375,397,909,773,774,569,733,894,402,414,879,984,707,872,502,983,979,511,732,827,938,771,770,706,234,498,265,499,266,667,670,769,484,267,982,970,945,423,689,595,555,853,654,411,410,655,971,495,686,432,565,606,937,694,692,934,263,607,891,510,407,673,564,549,663,981,264,679,855,678,897,598,417,503,424,561,388,975,925,615,378,648,637,376,427,560,987,400,616,924,715,306,307,718,829,303,740,358,601,964,744,902,962,819,796,600,289,643,631,817,299,822,754,738,739,721,823,401,413,725,812,481,491,604,537,356,329,350,327,737,761,759,319,594,756,320,755,530,384,576,501,505,942,940,656,647,646,492,628,629,494,493,399,473,398,523,952,476,385,439,947,541,543,950,790,789,797,597,898,896,480,729,791,905,839,844,908,847,841,429,372,408,369,815,813,349,405,745,809,352,808,479,734,359,728,820,821,736,741,922,430,893,644,547,719,357,475,518,990,988,611,846,842,364,799,361,803,837,365,800,362,836,802,974,554,978,582,985,666,936,693,923,932,528,589,866,864,386,617,861,389,860,620,618,622,878,876,638,587,558,506,871,508,870,635,507,882,881,887,889,886,885,883,553,884,404,683,907,826,632,903,794,695,793,596,428,403,726,895,418,798,419,892,801,627,552,941,551,943,487,488,540,425,535,421,539,426,824,856,714,703,482,967,504,965,472,973,857,986,680,977,854,677,645,969,768,911,767,913,623,661,573,785,538,438,788,521,781,545,533,443,435,566,567,608,605,575,727,579,724,929,514,927,485,939,660,671,483,931,848,702,557,935,850,641,590,690,659,640,636,852,933,711,834,612,833,991,992,610
STAB 2 1 1 1,2,3,4,5,6,7,8,9,10,11,12,13,14,15,16,17,18,19,20,21,22,23,24,25,26,27,28,29,30,31,32,33,34,35,36,37,38,39,40,41,42,43,44,45,46,47,48,49,50,51,52,53,54,55,56,57,58,59,60,61,62,63,64,65,66,67,68,69,70,71,72,73,74,75,76,77,78,79,80,81,82,83,84,85,86,87,88,89,90,91,92,93,94,95,96,97,98,99,100,101,102,103,104,105,106,107,108,109,110,111,112,113,114,115,116,117,118,119,120,121,122,123,124,125,126,127,128,129,130,131,132,133,134,135,136,137,138,139,140,141,142,143,144,145,146,147,148,149,150,151,152,153,154,155,156,157,158,159,160,161,162,163,164,165,166,167,168,169,170,171,172,173,174,175,176,177,178,179,180,181,182,183,184,185,186,187,188,189,190,191,192,193,194,195,196,197,198,199,200,201,202,203,204,205,206,207,208,209,210,211,212,213,214,215,216,217,218,219,220,221,222,223,224,225,226,227,228,229,230,231,232,233,234,235,236,237,238,239,240,241,242,243,244,245,246,247,248,249,250,251,252,253,254,255,256,257,258,259,260,261,262,263,264,265,266,267,268,269,270,271,272,273,274,275,276,277,278,279,280,281,282,283,284,285,286,287,288,289,290,291,292,293,294,295,296,297,298,299,300,301,302,303,304,305,306,307,308,309,310,311,312,313,314,315,316,317,318,319,320,321,322,323,324,325,326,327,328,329,330,331,332,333,334,335,336,337,338,339,340,341,342,343,344,345,346,347,348,349,350,351,352,353,354,355,356,357,358,359,360,361,362,363,364,365,366,367,368,369,370,371,372,373,374,375,376,377,378,379,380,381,382,383,384,385,386,387,388,389,390,391,392,393,394,395,396,397,398,399,400,401,402,403,404,405,406,407,408,409,410,411,412,413,414,415,416,417,418,419,420,421,422,423,424,425,426,427,428,429,430,431,432,433,434,435,436,437,438,439,440,441,442,443,444,445,446,447,448,449,450,451,452,453,454,455,456,457,458,459,460,461,462,463,464,465,466,467,468,469,470,471,472,473,474,475,476,477,478,479,480,481,482,483,484,485,486,487,488,489,490,491,492,493,494,495,496,497,498,499,500,501,502,503,504,505,506,507,508,509,510,511,512,513,514,515,516,517,518,519,520,521,522,523,524,525,526,527,528,529,530,531,532,533,534,535,536,537,538,539,540,541,542,543,544,545,546,547,548,549,550,551,552,553,554,555,556,557,558,559,560,561,562,563,564,565,566,567,568,569,570,571,572,573,574,575,576,577,578,579,580,581,582,583,584,585,586,587,588,589,590,591,592,593,594,595,596,597,598,599,600,601,602,603,604,605,606,607,608,609,610,611,612,613,614,615,616,617,618,619,620,621,622,623,624,625,626,627,628,629,630,631,632,633,634,635,636,637,638,639,640,641,642,643,644,645,646,647,648,649,650,651,652,653,654,655,656,657,658,659,660,661,662,663,664,665,666,667,668,669,670,671,672,673,674,675,676,677,678,679,680,681,682,683,684,685,686,687,688,689,690,691,692,693,694,695,696,697,698,699,700,701,702,703,704,705,706,707,708,709,710,711,712,713,714,715,716,717,718,719,720,721,722,723,724,725,726,727,728,729,730,731,732,733,734,735,736,737,738,739,740,741,742,743,744,745,746,747,748,749,750,751,752,753,754,755,756,757,758,759,760,761,762,763,764,765,766,767,768,769,770,771,772,773,774,775,776,777,778,779,780,781,782,783,784,785,786,787,788,789,790,791,792,793,794,795,796,797,798,799,800,801,802,803,804,805,806,807,808,809,810,811,812,813,814,815,816,817,818,819,820,821,822,823,824,825,826,827,828,829,830,831,832,833,834,835,836,837,838,839,840,841,842,843,844,845,846,847,848,849,850,851,852,853,854,855,856,857,858,859,860,861,862,863,864,865,866,867,868,869,870,871,872,873,874,875,876,877,878,879,880,881,882,883,884,885,886,887,888,889,890,891,892,893,894,895,896,897,898,899,900,901,902,903,904,905,906,907,908,909,910,911,912,913,914,915,916,917,918,919,920,921,922,923,924,925,926,927,928,929,930,931,932,933,934,935,936,937,938,939,940,941,942,943,944,945,946,947,948,949,950,951,952,953,954,955,956,957,958,959,960,961,962,963,964,965,966,967,968,969,970,971,972,973,974,975,976,977,978,979,980,981,982,983,984,985,986,987,988,989,990,991,992,993
STAB 2 1 -1 1,9,4,6,16,7,3,14,2,5,20,23,19,8,10,15,11,13,24,22,25,17,21,18,12,27,55,26,39,44,38,56,79,60,100,102,57,33,32,107,54,84,83,34,132,124,126,61,112,135,104,92,130,41,28,29,37,158,155,30,123,133,62,166,174,180,168,47,165,170,175,167,129,59,150,64,67,149,31,189,134,220,42,43,225,237,239,211,248,148,131,125,283,285,128,294,46,35,103,108,109,99,36,136,137,49,101,98,40,106,51,110,68,97,52,48,63,74,287,231,302,279,116,114,115,113,80,53,73,95,45,91,117,213,105,111,50,76,77,241,232,256,228,127,222,177,172,223,178,173,90,75,81,78,118,187,163,58,450,454,188,159,448,449,69,138,72,139,70,176,179,65,152,147,171,169,66,154,71,146,164,161,313,160,466,467,455,452,144,444,181,343,280,471,304,156,326,333,332,458,550,529,459,585,574,416,474,184,470,88,221,224,153,162,317,463,462,335,157,212,210,85,151,82,145,230,234,140,649,371,121,142,229,496,86,240,249,250,236,87,143,254,278,255,242,277,244,238,235,89,245,247,274,251,252,141,275,233,328,345,348,651,658,653,497,691,681,381,390,227,442,226,368,243,246,370,257,253,119,195,93,286,295,296,282,94,122,300,720,301,288,735,290,284,281,96,291,293,316,297,298,120,731,193,344,717,716,513,353,477,457,469,186,456,464,289,217,461,758,762,499,756,759,652,446,203,594,265,530,465,572,204,205,451,216,586,516,520,515,679,692,524,192,308,267,337,338,266,795,480,813,816,307,718,809,479,728,820,819,366,841,847,367,837,842,360,363,276,803,273,272,802,704,615,388,387,701,614,498,650,262,859,858,581,531,863,705,613,867,264,861,713,616,864,589,528,378,617,620,377,827,823,898,643,732,689,595,793,447,696,598,460,644,741,663,200,664,903,908,667,547,922,561,675,539,920,565,895,801,828,654,700,824,678,545,785,453,541,786,468,694,263,953,185,947,409,325,219,191,214,314,182,311,208,196,334,437,206,197,318,412,215,218,330,315,190,183,312,440,201,194,926,482,202,476,782,306,815,814,810,349,930,656,940,966,927,661,945,967,808,352,769,472,514,768,270,259,324,380,695,635,871,552,688,638,872,549,879,897,910,876,965,305,968,339,526,952,521,347,519,951,929,485,342,781,346,576,577,207,760,763,384,443,893,430,788,320,439,921,426,784,764,383,826,955,950,825,891,928,209,909,684,510,851,424,670,980,627,848,432,674,974,683,504,699,582,590,655,943,588,331,584,944,198,557,382,787,850,554,385,783,849,913,571,199,570,623,336,542,976,978,543,755,757,697,902,796,669,686,789,790,673,761,319,726,417,410,729,715,991,833,990,712,708,392,373,862,551,941,865,860,573,946,866,400,376,912,386,389,911,405,401,812,745,877,703,977,875,878,702,975,870,811,742,925,508,506,935,258,321,268,379,269,556,420,772,767,271,985,488,915,560,599,685,427,852,568,607,682,431,492,942,406,710,709,407,939,340,434,932,260,411,509,888,606,415,507,880,602,969,261,441,857,341,548,668,676,553,665,662,625,979,938,393,626,973,931,397,555,423,641,375,374,645,354,309,310,609,359,299,822,821,896,597,736,899,596,818,792,794,292,890,404,738,303,740,721,817,734,754,633,894,632,737,402,350,356,327,329,491,537,481,604,725,322,593,748,753,603,749,323,751,580,395,646,647,495,657,972,505,501,971,398,399,523,473,629,493,628,494,525,831,532,948,536,949,396,436,723,730,403,964,901,601,752,959,408,429,369,372,906,845,840,905,844,791,839,355,490,746,733,414,478,747,351,750,739,829,830,722,358,744,634,544,918,433,743,919,357,719,475,518,989,611,988,364,843,846,361,799,807,838,836,362,800,365,805,578,963,559,957,982,923,693,936,666,934,592,527,391,621,773,779,624,774,394,777,558,587,502,642,766,622,618,770,639,771,511,765,564,884,883,885,886,889,887,881,503,882,631,500,428,422,413,904,600,563,806,962,907,797,960,900,892,419,798,418,804,874,698,583,868,630,660,970,425,540,421,535,917,916,534,659,636,984,778,522,687,486,776,648,855,677,854,707,680,986,924,981,672,569,484,619,873,914,869,546,438,538,445,832,517,956,435,954,533,579,575,724,727,567,605,566,608,489,775,512,780,937,487,483,671,637,591,983,961,706,562,987,958,933,856,711,714,853,690,640,612,834,835,993,610,992
STAB 2 1 1 1,2,4,3,15,7,6,14,9,10,17,18,25,8,5,16,11,12,21,22,19,20,24,23,13,26,28,27,32,33,34,29,30,31,109,103,54,44,39,98,57,84,83,38,128,115,116,68,106,111,137,97,131,37,55,56,41,129,118,79,113,117,63,138,152,154,139,48,167,179,169,165,158,74,172,76,77,177,60,153,127,210,43,42,151,250,240,224,235,222,130,114,296,286,132,281,52,40,102,101,100,99,36,105,104,49,108,107,35,112,50,110,61,92,46,47,62,59,121,122,119,120,126,125,124,123,81,45,58,91,53,95,133,144,136,135,51,64,67,142,143,140,141,134,148,149,150,145,146,147,85,65,80,66,155,184,162,73,219,196,181,157,214,182,72,166,69,168,71,171,170,75,174,173,176,175,78,180,70,178,161,164,185,156,183,190,208,191,213,186,188,194,193,192,195,160,200,201,202,197,198,199,206,207,209,203,204,187,205,82,212,211,189,163,216,215,218,217,159,221,220,90,225,88,223,226,233,256,270,272,287,241,227,258,89,239,238,237,236,87,232,245,246,247,242,243,244,249,248,86,254,255,257,251,252,228,253,234,262,263,264,259,260,261,268,269,271,265,266,229,267,230,276,277,278,273,274,275,302,304,96,285,284,283,282,94,231,291,292,293,288,289,290,295,294,93,300,301,303,297,298,279,299,280,308,309,310,305,306,307,468,453,444,465,451,735,335,447,748,749,498,761,755,650,460,416,604,381,537,456,588,474,470,464,317,571,526,519,524,694,678,515,471,344,442,346,347,390,746,481,808,747,477,715,815,491,719,821,829,363,799,800,360,846,836,367,366,368,839,370,371,844,713,616,400,397,712,626,499,652,328,764,787,580,532,773,708,625,774,348,866,704,615,860,576,543,376,628,629,375,894,812,797,631,733,686,606,791,461,682,607,446,632,745,673,326,676,892,798,670,535,826,560,665,540,916,555,907,905,918,655,710,893,692,533,950,469,538,948,457,679,345,954,313,788,412,318,450,452,448,315,449,312,455,454,330,440,459,458,325,409,463,462,334,314,467,466,311,437,333,343,776,493,332,475,831,353,809,750,752,350,778,671,767,780,965,660,970,929,813,356,971,473,523,942,649,651,321,379,683,646,878,553,687,647,770,564,771,891,888,870,927,513,775,342,516,781,518,338,520,832,967,494,339,952,337,589,592,585,751,783,385,435,824,421,947,329,438,917,425,949,859,396,922,956,785,919,897,880,574,868,698,503,963,427,667,961,618,978,423,662,850,695,507,709,579,575,654,911,572,336,570,869,550,567,395,858,974,566,384,763,957,941,586,529,584,622,331,527,958,848,528,759,753,685,962,964,668,689,794,896,663,756,327,727,407,411,724,718,992,988,834,701,705,393,374,779,558,913,777,864,587,873,861,388,378,874,398,399,943,404,413,823,741,765,714,931,766,871,711,987,876,890,743,924,501,505,973,496,324,497,380,691,568,431,972,940,681,856,487,914,561,602,697,424,923,556,598,696,420,483,768,415,700,699,417,986,341,441,854,658,410,500,910,595,406,504,928,599,933,653,434,936,340,563,669,664,552,675,674,613,983,984,392,614,935,977,387,565,432,640,377,373,636,354,717,716,609,357,731,754,820,790,608,737,960,605,830,959,789,720,811,405,739,316,744,725,817,734,822,634,827,644,736,414,349,352,319,320,479,530,480,594,721,323,603,758,757,593,762,322,760,581,382,635,638,484,672,772,506,508,769,386,389,514,472,620,482,617,485,517,782,531,786,546,784,383,445,730,723,408,796,806,600,810,792,403,419,361,362,804,805,807,801,802,793,803,351,478,795,732,402,490,816,355,814,738,819,818,722,358,740,633,534,828,422,742,825,359,728,476,521,835,612,833,365,838,837,369,841,840,843,842,372,847,364,845,591,851,562,849,853,852,680,857,659,855,577,542,394,624,863,862,621,867,391,865,551,573,511,639,875,623,627,872,642,879,502,877,549,883,884,881,882,887,889,885,510,886,643,509,418,433,401,900,601,548,901,902,895,898,899,904,903,429,908,428,906,912,684,569,909,619,661,945,426,539,430,547,921,920,544,666,645,938,930,512,688,489,926,637,934,690,932,706,693,939,925,937,657,583,495,630,946,915,944,536,439,541,436,951,525,955,443,953,545,582,590,729,726,557,596,554,597,486,968,522,966,981,488,492,656,648,578,979,980,707,559,975,976,969,985,702,703,982,677,641,611,990,989,993,610,991
STAB 2 1 -1 9,2,7,6,14,3,4,5,1,16,23,19,20,15,8,10,24,21,18,25,12,13,17,11,22,56,57,41,37,43,42,54,83,84,107,100,32,79,55,102,27,34,33,60,92,130,132,124,135,104,112,126,61,29,39,26,28,59,129,38,131,158,155,167,175,170,165,125,64,150,149,67,62,133,180,168,166,174,44,220,225,148,30,31,211,248,237,134,239,189,46,128,294,283,47,285,123,99,40,103,36,98,101,111,50,136,109,35,108,51,105,137,53,45,91,95,73,58,300,291,297,288,52,68,48,97,223,114,118,115,113,116,74,224,106,49,110,69,72,254,245,251,242,88,82,71,70,210,169,179,212,176,221,171,63,458,462,117,465,461,466,463,464,469,139,77,138,76,146,154,66,178,78,177,152,65,173,75,147,172,467,437,440,459,457,453,460,468,222,312,311,305,513,308,344,409,412,584,570,446,586,572,447,571,588,318,336,325,331,145,151,85,90,334,330,456,451,315,314,153,80,213,81,144,127,370,497,232,498,366,302,256,651,652,236,89,240,87,235,238,228,141,253,275,143,257,278,250,86,249,140,274,246,142,277,241,243,380,379,434,441,499,692,679,650,678,694,324,341,321,340,367,360,255,247,363,252,244,231,471,282,96,286,94,281,284,279,120,299,731,122,303,720,296,93,295,119,316,292,121,735,287,289,343,194,718,715,192,609,354,188,186,449,159,217,301,448,203,759,756,229,594,530,265,187,454,762,496,758,216,205,550,529,163,450,204,524,515,337,267,266,338,280,195,653,520,516,658,813,816,479,809,717,307,480,795,819,728,820,276,842,837,273,803,802,272,230,371,847,226,368,841,388,387,614,701,615,704,262,234,649,528,589,859,858,864,616,713,861,681,617,378,377,620,531,581,613,867,863,705,741,644,903,827,823,598,696,908,160,663,664,200,732,643,595,455,689,801,895,565,920,539,675,654,828,824,700,793,898,922,561,667,547,263,786,541,164,953,947,185,264,691,785,452,545,197,206,335,444,317,218,313,190,416,326,215,183,184,156,208,196,162,157,214,219,181,161,191,182,585,304,965,968,574,951,952,716,352,808,815,814,967,945,661,927,472,769,768,514,349,810,940,966,930,656,381,233,270,259,549,872,638,688,897,879,876,910,871,552,695,635,485,193,929,519,347,521,782,342,346,781,482,926,526,476,339,383,764,470,755,576,577,784,426,921,439,757,955,826,825,950,384,763,430,788,443,893,504,683,474,943,891,928,974,674,432,848,944,582,699,655,590,510,684,670,980,851,424,623,202,207,199,913,332,849,783,385,554,976,542,543,978,627,201,333,198,909,209,787,850,557,382,319,761,673,790,789,686,417,726,729,410,320,760,796,669,697,902,306,833,990,991,376,400,712,708,866,946,573,860,386,912,911,389,373,392,941,865,862,551,742,811,405,401,870,975,702,878,508,925,935,506,745,812,977,875,877,703,328,268,227,258,442,665,662,942,492,390,939,772,767,431,682,607,568,932,710,406,407,709,915,488,685,427,560,599,857,269,261,969,348,602,880,507,415,668,548,553,676,852,345,260,985,271,888,606,411,509,423,555,397,931,973,626,375,641,645,374,420,556,938,393,625,979,310,353,477,309,818,290,734,359,596,899,740,794,792,821,896,597,293,632,633,754,298,817,822,736,721,737,894,404,402,738,890,490,478,593,603,351,323,355,322,739,751,749,329,537,748,327,753,604,396,592,511,502,914,970,660,642,639,487,621,624,489,486,394,522,391,512,832,518,395,435,954,533,527,956,964,962,906,605,907,960,491,727,904,900,843,838,892,836,846,418,365,428,364,750,747,356,413,743,746,350,752,481,744,357,719,829,830,725,733,916,425,917,631,540,722,358,525,517,992,993,610,805,800,362,845,372,844,799,361,840,369,807,839,961,567,958,575,933,690,981,677,937,986,532,580,777,774,399,629,773,398,779,628,630,619,765,771,646,569,583,501,770,505,766,647,500,887,889,885,886,881,882,883,563,884,414,698,804,919,634,798,959,687,905,608,419,429,724,797,403,901,408,806,791,622,564,873,587,869,484,483,534,422,544,433,535,421,918,934,707,711,494,780,503,775,523,983,923,853,666,987,982,659,640,856,971,874,972,868,618,671,558,948,536,436,949,475,831,538,546,438,445,559,562,601,600,591,723,578,730,776,473,778,493,854,672,657,495,984,963,714,566,924,957,636,579,680,693,637,648,936,855,706,989,611,988,834,835,612
STAB 2 1 1 9,1,7,4,10,3,6,5,2,8,13,11,12,15,16,14,24,22,17,25,20,23,18,19,21,41,39,56,55,79,60,26,38,44,36,40,27,43,37,35,32,34,33,42,47,48,52,53,51,49,50,45,46,28,57,54,29,62,63,83,97,74,73,77,78,75,76,95,67,66,65,64,59,58,70,69,72,71,84,90,88,80,31,30,81,87,89,85,86,82,61,68,94,96,92,93,91,108,100,109,107,98,101,106,112,136,103,102,99,135,110,137,124,126,123,125,155,133,302,279,231,287,132,128,130,131,221,113,117,116,114,115,158,222,111,104,105,168,166,256,228,232,241,225,189,174,180,127,172,177,213,178,223,173,129,325,334,118,335,326,311,314,317,313,138,167,139,165,147,152,150,176,175,179,154,149,171,170,146,169,437,467,452,409,161,181,416,444,224,449,466,304,343,280,471,459,455,585,574,156,332,333,184,470,474,454,550,458,529,144,153,134,220,462,450,162,157,448,463,151,148,212,211,145,210,367,380,251,381,368,300,254,321,328,249,237,250,248,235,238,245,140,247,274,143,255,278,240,239,236,141,275,252,142,277,242,244,497,649,691,681,233,348,345,227,442,390,496,658,651,653,370,371,257,253,226,246,243,297,344,295,283,296,294,281,284,291,119,293,316,122,301,720,286,285,282,120,731,298,121,735,288,290,513,195,353,477,193,716,717,185,164,312,216,163,303,315,160,329,327,262,320,319,234,200,318,322,324,323,159,202,336,331,217,330,201,347,346,338,264,263,337,308,194,340,339,342,341,356,355,349,350,354,306,352,351,358,359,357,230,372,369,272,362,361,273,276,360,364,363,366,365,378,377,373,374,376,375,229,265,379,384,385,396,395,399,400,397,398,441,389,388,387,386,383,382,392,391,394,393,404,405,429,414,413,417,415,428,203,407,406,187,402,401,410,412,411,403,408,432,433,430,431,423,422,421,420,419,418,425,424,427,426,266,445,443,186,436,435,188,267,434,438,440,439,196,208,465,468,464,219,469,191,460,461,214,182,447,446,206,197,456,451,215,218,453,457,190,183,584,305,523,522,570,525,518,609,480,481,491,490,494,495,492,493,485,484,483,482,479,478,487,486,489,488,498,499,268,258,510,511,508,509,503,502,501,500,505,504,507,506,472,192,473,526,524,476,517,516,515,475,514,512,519,521,520,531,532,571,604,543,542,546,547,544,545,603,536,535,534,533,528,527,539,538,541,540,552,553,588,587,564,563,567,568,565,566,583,557,556,555,554,549,548,560,559,562,561,551,205,209,198,558,586,591,592,589,590,578,577,576,575,573,204,572,199,569,207,580,579,582,581,530,537,607,608,605,606,598,597,596,595,594,593,600,599,602,601,307,612,610,611,615,616,626,625,629,630,627,628,620,619,618,617,614,613,622,621,624,623,633,634,644,643,647,648,645,646,638,637,636,635,632,631,640,639,642,641,652,270,650,259,678,710,709,660,661,694,693,672,671,675,676,673,674,690,665,664,663,662,657,656,668,667,670,669,659,271,260,666,692,697,698,695,696,685,684,683,682,680,679,261,677,269,687,686,689,688,654,655,713,714,711,712,704,703,702,701,700,699,706,705,708,707,310,718,715,309,722,289,737,728,729,730,738,724,723,719,727,726,299,745,742,744,292,725,739,736,721,734,733,741,732,740,743,814,810,760,757,795,758,816,762,822,753,748,759,761,749,756,751,755,859,783,872,879,972,971,942,877,875,940,865,862,930,966,863,968,867,926,831,952,858,947,948,950,763,949,962,964,904,789,905,959,815,896,906,901,845,840,791,839,844,898,841,908,847,752,746,813,823,890,747,809,750,808,754,820,821,829,830,817,894,918,922,919,812,893,818,819,951,782,988,989,990,807,799,803,843,842,846,800,802,838,837,805,836,963,974,957,978,936,932,982,985,934,923,764,787,779,773,864,866,774,861,777,860,946,912,766,770,878,909,944,876,771,871,765,870,910,889,887,883,884,882,881,885,928,886,827,880,806,917,811,797,960,888,907,790,793,903,794,798,801,900,895,804,892,941,891,874,943,868,769,768,825,828,921,920,826,824,916,937,979,973,967,778,897,776,965,984,986,855,969,924,981,857,977,854,970,873,914,869,911,767,913,954,955,953,956,781,832,788,784,785,786,980,851,902,796,849,792,976,899,775,929,780,927,856,772,915,945,983,961,931,848,987,958,935,850,852,939,925,975,933,853,938,993,991,992,834,835,833
STAB 2 1 -1 9,2,6,7,8,4,3,15,1,16,24,21,22,5,14,10,23,19,12,13,18,25,11,17,20,56,41,57,54,83,84,37,43,42,108,101,29,60,55,99,28,31,30,79,114,91,95,125,136,105,110,123,113,32,39,26,27,118,58,44,53,73,155,69,176,171,72,124,138,147,146,139,117,133,178,168,166,173,38,221,223,145,33,34,212,249,238,144,236,213,115,45,295,284,116,282,126,102,98,36,103,40,100,50,111,135,35,109,107,137,104,51,131,128,130,132,158,129,297,288,300,291,97,48,68,52,225,92,59,46,61,47,74,88,49,106,112,167,165,251,242,254,245,224,210,169,179,82,71,70,211,175,220,170,63,459,463,62,314,409,467,462,334,437,67,77,64,76,149,66,154,180,177,78,65,152,174,172,150,75,466,469,457,458,440,312,325,311,90,453,468,308,513,305,344,461,446,586,572,412,584,570,318,336,331,447,571,460,588,148,85,151,222,464,456,330,315,451,465,80,153,189,127,134,81,370,651,241,321,367,279,228,497,380,239,235,87,240,89,237,256,143,257,278,141,253,275,86,250,248,142,277,243,140,274,232,246,652,499,692,679,379,434,441,324,341,340,650,678,498,694,366,363,252,244,360,255,247,287,343,285,281,94,286,96,283,302,122,303,720,120,299,731,93,296,294,121,735,289,119,316,231,292,471,192,609,354,194,718,715,191,190,452,219,218,298,450,206,593,603,270,753,751,268,208,455,760,649,757,215,209,574,585,214,448,207,339,342,526,271,269,519,304,195,691,520,516,681,490,814,750,478,716,310,752,810,818,830,722,273,843,838,276,807,805,230,272,371,845,226,368,840,625,708,705,613,393,392,259,258,496,592,527,542,577,621,374,373,624,658,779,626,712,777,783,763,701,865,862,614,634,743,904,742,633,668,669,906,196,602,697,197,811,890,685,454,599,804,900,709,921,917,699,568,825,534,674,806,901,544,662,556,919,260,784,949,182,955,536,183,261,653,546,449,956,200,203,317,313,335,217,444,186,326,416,216,185,156,184,187,160,157,162,163,159,161,181,188,164,529,280,486,966,550,951,525,717,747,351,355,816,522,915,914,512,776,772,672,775,746,795,657,968,926,972,328,227,229,262,880,875,766,928,548,877,642,684,639,698,563,765,780,193,489,338,347,832,782,515,346,517,778,930,337,831,524,787,382,333,323,395,858,786,916,920,948,758,953,422,828,436,580,581,918,445,954,433,687,500,332,630,509,688,578,700,710,591,946,957,675,431,958,888,910,420,976,849,665,873,199,204,202,619,474,851,531,532,963,980,859,396,559,874,198,470,201,912,205,383,562,961,764,748,322,415,723,730,406,676,960,959,682,749,762,792,696,664,899,309,835,989,993,397,375,377,387,391,944,869,394,773,909,569,774,713,704,583,867,863,868,827,732,733,894,511,979,983,502,771,938,706,770,414,402,707,872,879,984,381,265,233,234,345,424,561,495,971,348,937,769,484,655,410,411,654,934,432,686,606,565,945,970,595,555,423,689,855,266,264,981,390,663,549,564,673,598,897,503,417,853,442,263,982,267,510,407,607,891,560,427,376,637,648,378,400,987,924,616,670,667,925,615,388,975,307,477,353,306,819,293,739,829,962,902,822,600,796,358,601,964,290,413,823,721,301,738,740,744,754,725,401,631,812,817,643,813,809,759,756,808,755,815,761,734,530,320,537,329,319,604,594,327,543,528,870,878,661,488,487,876,871,660,864,861,929,965,860,967,866,927,521,518,576,533,443,435,589,545,597,596,908,727,428,726,356,605,903,895,842,837,418,365,364,892,836,907,846,479,352,491,632,644,349,481,480,350,736,719,357,359,728,737,405,426,540,539,404,425,820,821,952,781,610,991,992,802,362,800,847,844,372,361,799,841,839,803,369,557,575,590,567,690,933,969,986,939,677,385,384,620,389,629,399,386,628,617,398,943,913,635,508,501,911,941,646,506,647,638,505,683,885,886,887,889,883,884,881,695,882,745,552,801,547,741,419,729,504,429,724,798,905,608,403,797,898,791,793,408,587,507,623,622,573,767,671,824,826,922,893,421,535,430,932,977,640,523,485,553,514,494,702,666,852,923,641,985,856,711,659,492,627,656,551,558,483,618,439,947,950,541,475,476,438,785,538,788,978,850,896,794,848,790,974,789,472,493,482,473,680,768,940,942,703,554,636,579,645,582,714,566,854,936,931,973,693,857,935,990,988,611,612,833,834
STAB 2 1 1 9,1,6,3,10,4,7,15,2,14,25,17,18,5,16,8,23,20,11,13,22,24,12,21,19,57,39,56,55,60,79,26,44,38,103,98,28,83,54,109,29,31,30,84,116,68,97,131,137,106,111,128,115,27,41,37,32,117,63,43,52,74,158,77,177,172,76,132,139,154,152,138,118,129,179,167,165,169,42,222,224,153,34,33,127,240,235,151,250,210,113,48,286,281,114,296,130,107,101,35,108,40,100,49,110,135,36,99,102,136,112,51,125,123,126,124,155,133,279,302,287,231,95,45,91,53,220,61,62,47,92,46,73,90,50,105,104,168,166,228,256,241,232,223,213,173,178,81,75,78,189,180,225,174,58,460,464,59,317,416,468,465,335,444,64,69,67,72,150,65,147,175,176,70,66,146,170,171,149,71,469,466,449,461,181,161,326,313,88,452,467,280,471,304,343,458,454,529,550,184,474,470,156,333,332,455,574,459,585,134,80,144,221,463,448,157,162,450,462,85,145,211,212,148,82,366,652,254,328,368,297,251,498,381,248,238,86,249,89,237,242,142,244,277,141,252,275,87,236,239,143,278,255,140,274,245,247,651,496,653,658,227,390,442,233,345,348,649,681,497,691,370,371,253,257,226,243,246,300,344,294,284,93,295,96,283,288,121,290,735,120,298,731,94,282,285,122,720,301,119,316,291,293,513,195,477,353,193,717,716,183,182,453,215,214,299,451,196,537,604,259,749,748,258,197,447,761,650,755,219,199,571,588,218,456,198,347,346,519,261,260,526,305,192,694,524,515,678,491,815,746,481,715,309,747,808,821,829,719,272,844,839,230,800,799,276,273,363,846,360,367,836,626,712,713,616,397,400,270,268,499,580,532,543,576,629,375,376,628,679,774,625,708,773,787,764,704,866,860,615,631,733,905,745,632,676,673,907,206,606,686,208,812,894,682,446,607,797,791,710,893,918,655,560,826,535,670,798,892,540,665,555,916,269,788,954,190,950,533,191,271,692,538,457,948,160,187,314,311,334,159,437,188,325,409,163,164,318,412,203,200,330,315,216,217,312,440,186,185,586,308,494,967,572,952,518,718,752,350,356,813,523,942,971,473,780,767,671,778,750,809,660,965,929,970,321,379,265,234,888,870,771,891,553,878,646,683,647,687,564,770,776,194,493,337,339,831,781,516,342,475,775,927,338,832,520,783,385,336,327,396,859,785,919,922,956,756,947,421,824,435,592,589,917,438,949,425,698,503,331,622,507,695,575,654,709,579,941,961,667,427,963,880,897,423,978,850,662,868,209,205,201,618,584,848,528,527,958,974,858,395,567,869,207,570,202,911,204,384,566,957,763,751,329,411,724,727,407,668,964,962,685,753,759,794,689,663,896,310,834,992,988,393,374,378,388,399,943,874,398,777,913,558,779,705,701,587,864,861,873,823,741,743,890,505,973,924,501,766,931,714,765,413,404,711,871,876,987,380,229,324,262,341,432,565,487,914,340,936,768,483,699,417,415,700,933,424,697,602,561,940,972,598,556,420,696,856,267,263,923,434,664,552,563,669,595,910,500,410,854,441,264,986,266,504,406,599,928,568,431,373,636,640,377,392,984,983,613,674,675,935,614,387,977,307,609,354,306,820,292,725,830,959,789,817,608,790,357,605,960,303,414,827,736,289,737,734,744,754,739,405,634,811,822,644,816,795,762,758,810,757,814,760,740,594,319,593,322,320,603,530,323,542,531,875,877,656,492,495,879,872,657,867,863,926,968,862,966,865,930,476,525,577,536,439,436,581,541,596,597,903,730,429,729,355,601,908,898,847,841,408,369,372,901,840,906,845,480,349,490,633,643,352,478,479,351,721,722,358,359,728,738,401,430,544,547,402,433,819,818,951,782,611,990,989,803,361,807,842,843,364,362,805,837,838,802,365,554,578,582,559,693,934,985,982,932,666,382,383,617,386,621,391,389,624,620,394,944,909,638,506,502,912,946,642,508,639,635,511,684,886,885,881,882,884,883,887,688,889,742,549,793,539,732,403,726,510,428,723,806,904,600,419,804,895,900,801,418,583,509,627,630,551,772,672,828,825,920,921,422,534,426,939,975,648,522,482,548,472,486,703,677,857,981,645,969,855,707,680,488,623,661,573,569,484,619,443,953,955,545,517,521,445,786,546,784,976,849,899,792,851,796,980,902,514,489,485,512,659,769,945,915,702,557,637,591,641,590,706,562,853,937,938,979,690,852,925,991,993,610,612,833,835
STAB 2 1 1 9,1,4,7,16,6,3,15,2,8,24,22,21,5,10,14,13,11,20,23,17,25,19,18,12,41,56,39,26,38,44,55,79,60,99,101,28,42,37,108,29,30,31,43,113,123,125,95,136,110,105,91,114,27,57,54,32,117,133,84,124,155,73,168,178,173,166,53,139,146,147,138,118,58,176,69,72,171,83,223,221,144,33,34,213,236,238,145,249,212,116,126,282,284,115,295,45,35,98,107,109,100,40,112,106,51,102,103,36,137,49,135,97,68,48,52,74,63,231,287,302,279,131,130,128,132,88,47,62,61,46,92,158,225,104,111,50,77,76,232,241,256,228,222,127,172,177,189,174,180,81,78,90,75,129,409,314,59,463,459,437,334,462,467,64,167,67,165,65,150,152,70,179,175,149,154,71,169,66,170,311,313,161,325,452,449,458,466,220,181,444,280,343,304,471,326,156,332,333,455,585,574,454,550,529,184,470,416,474,80,134,153,224,317,162,450,448,157,335,148,151,82,210,85,211,367,321,242,651,370,291,245,380,497,86,235,248,250,237,89,254,143,255,278,140,247,274,239,240,87,142,277,244,141,275,251,252,328,233,348,345,649,691,681,496,658,653,227,442,381,390,368,226,246,243,371,257,253,288,513,93,281,294,296,283,96,300,122,301,720,119,293,316,285,286,94,121,735,290,120,731,297,298,344,193,716,717,195,353,477,190,191,440,218,219,292,330,208,760,757,268,751,753,270,206,412,593,379,603,214,207,570,584,215,315,209,520,516,519,269,271,526,305,194,434,339,342,441,814,490,752,810,609,310,750,478,722,830,818,272,845,840,230,805,807,276,273,360,843,363,366,838,708,625,393,392,705,613,258,259,324,783,763,577,542,865,701,614,862,341,777,712,626,779,592,527,374,621,624,373,811,890,906,633,742,685,599,904,197,697,602,196,634,743,668,318,669,806,901,662,544,919,556,674,534,825,568,804,900,921,709,699,917,261,546,956,183,536,955,182,260,340,784,312,949,187,160,464,469,465,163,468,164,461,460,159,188,446,447,200,203,451,456,217,216,457,453,185,186,331,308,966,486,336,525,951,354,746,795,816,355,968,657,972,926,775,672,772,776,747,351,915,522,512,914,652,650,262,229,698,639,765,563,684,642,877,548,875,880,928,766,778,192,930,337,524,831,517,346,515,782,780,489,338,832,347,580,581,572,758,858,395,445,918,433,954,323,436,828,422,953,787,382,916,786,948,920,888,910,586,946,688,509,976,420,665,849,630,958,431,675,957,687,500,700,578,591,710,874,198,201,205,912,588,562,383,764,961,559,396,859,980,873,199,571,204,619,202,531,851,963,532,749,762,696,792,899,664,682,959,960,676,748,322,723,415,406,730,309,835,993,989,713,704,387,377,867,583,868,863,774,569,909,773,397,375,944,391,394,869,414,402,894,733,872,707,984,879,770,706,938,771,827,732,979,511,502,983,498,234,499,265,679,561,424,945,970,692,934,484,769,555,595,689,423,937,565,606,686,432,495,971,410,655,654,411,853,263,267,982,694,407,510,891,607,417,503,897,598,855,678,266,981,264,549,663,673,564,670,667,615,925,975,388,616,924,987,400,560,427,637,376,378,648,306,715,718,307,358,299,822,829,964,601,739,796,600,819,902,962,289,823,413,721,303,740,738,754,744,817,643,812,631,725,401,356,350,329,327,481,604,491,537,737,319,594,761,759,530,755,320,756,576,384,647,646,492,656,940,501,505,942,399,398,473,523,628,494,629,493,476,952,543,950,541,947,385,439,726,729,428,896,908,597,813,789,429,408,372,369,898,841,847,791,839,905,844,349,480,815,745,405,479,808,352,809,736,821,820,728,359,734,644,547,893,430,741,922,357,719,518,475,990,611,988,361,803,799,364,846,842,802,800,365,836,362,837,582,978,554,974,932,936,666,923,693,985,589,528,386,617,866,864,620,860,389,861,587,558,506,638,876,618,622,878,635,870,508,871,553,883,884,889,887,885,886,882,507,881,632,504,403,426,404,793,596,552,903,794,797,907,790,801,798,418,892,419,895,943,695,551,941,627,671,767,421,535,425,540,824,826,539,690,640,977,965,472,683,482,967,645,969,680,986,703,677,854,973,857,661,573,488,623,913,768,911,545,435,533,443,781,521,785,438,788,538,575,579,727,724,566,608,567,605,485,927,514,929,852,483,487,660,641,590,935,850,702,557,931,848,856,933,714,711,939,659,636,610,992,991,833,612,834
STAB 2 1 -1 9,2,4,3,14,6,7,15,1,10,25,18,17,5,8,16,13,12,19,23,21,24,20,22,11,39,57,41,37,42,43,54,84,83,109,98,29,38,26,103,28,30,31,44,115,128,131,97,137,111,106,68,116,32,56,55,27,118,129,79,132,158,74,167,179,169,165,52,138,152,154,139,117,63,177,77,76,172,60,224,222,151,34,33,210,250,235,153,240,127,114,130,296,281,113,286,48,36,101,102,99,100,40,104,105,51,107,108,35,136,50,135,95,91,45,53,73,58,291,300,288,297,125,126,123,124,90,46,59,92,47,61,155,220,112,110,49,69,72,245,254,242,251,221,212,171,176,211,170,175,82,70,88,71,133,416,317,62,464,460,444,335,465,468,67,168,64,166,66,149,146,78,178,180,150,147,75,173,65,174,313,311,312,326,453,457,461,469,225,440,437,308,344,305,513,325,318,331,336,447,588,571,446,572,586,412,570,409,584,85,148,145,223,314,315,451,456,330,334,134,144,81,213,80,189,368,328,256,652,366,231,232,381,498,87,238,239,236,237,89,241,142,243,277,140,246,274,248,249,86,143,278,257,141,275,228,253,321,324,340,341,650,694,678,499,679,692,379,441,380,434,367,360,247,255,363,244,252,302,471,94,284,285,282,283,96,287,121,289,735,119,292,316,294,295,93,122,720,303,120,731,279,299,343,194,715,718,192,354,609,182,183,181,214,215,293,157,197,761,755,258,748,749,259,196,184,537,227,604,218,198,470,474,219,162,199,524,515,526,260,261,519,304,193,390,347,346,442,815,491,747,808,477,309,746,481,719,829,821,273,846,836,276,799,800,230,272,226,844,371,370,839,712,626,397,400,713,616,268,270,233,787,764,576,543,866,704,615,860,345,773,708,625,774,580,532,375,629,628,376,812,894,907,632,745,682,607,905,208,686,606,206,631,733,676,156,673,798,892,665,540,916,555,670,535,826,560,797,791,893,710,655,918,271,538,948,191,533,950,190,269,348,788,161,954,203,200,463,466,462,216,467,185,458,459,217,186,454,455,160,187,450,448,159,163,449,452,164,188,332,280,967,494,333,518,952,353,750,809,813,356,965,660,970,929,778,671,767,780,752,350,942,523,473,971,651,649,234,265,687,647,770,564,683,646,878,553,870,888,891,771,775,195,927,338,520,832,475,342,516,781,776,493,337,831,339,592,589,550,756,859,396,438,917,425,949,327,435,824,421,947,783,385,919,785,956,922,880,897,529,941,695,507,978,423,662,850,622,963,427,667,961,698,503,654,575,579,709,869,207,202,204,911,585,566,384,763,957,567,395,858,974,868,209,574,205,618,201,528,848,958,527,753,759,689,794,896,663,685,962,964,668,751,329,724,411,407,727,310,834,988,992,705,701,388,378,864,587,873,861,779,558,913,777,393,374,943,399,398,874,413,404,890,743,871,711,987,876,765,714,931,766,823,741,973,505,501,924,497,262,496,229,658,565,432,940,972,653,933,483,768,556,598,696,420,936,561,602,697,424,487,914,417,699,700,415,854,264,266,986,691,406,504,928,599,410,500,910,595,856,681,267,923,263,552,664,669,563,674,675,614,935,977,387,613,983,984,392,568,431,636,373,377,640,306,716,717,307,357,298,817,830,960,605,725,790,608,820,789,959,301,827,414,736,290,734,737,754,744,822,644,811,634,739,405,355,351,322,323,478,603,490,593,738,320,530,760,762,594,757,319,758,577,383,639,642,488,661,945,502,511,915,391,394,512,522,624,486,621,489,521,951,542,955,545,953,382,443,729,726,429,899,903,596,816,902,428,418,364,365,895,837,842,900,838,904,843,352,479,814,742,401,480,810,349,795,721,818,819,728,359,740,643,539,921,426,732,920,358,722,525,517,991,610,993,362,802,805,372,845,847,803,807,369,840,361,841,590,976,557,980,939,937,677,981,690,969,581,531,389,620,865,867,617,862,386,863,583,569,508,635,879,619,630,877,638,875,506,872,548,884,883,882,881,886,885,889,509,887,633,510,419,430,402,801,597,549,908,792,804,906,796,793,806,408,901,403,898,944,688,573,946,623,672,772,422,534,433,544,828,825,547,693,648,975,968,514,684,485,966,641,985,659,982,702,666,853,979,852,656,551,492,627,909,769,912,541,436,536,439,782,476,786,445,784,546,578,591,730,723,562,600,559,601,482,930,472,926,857,484,495,657,645,582,925,849,703,554,938,851,855,934,706,707,932,680,637,611,989,990,833,612,835
STAB 2 1 1 9,1,3,6,16,7,4,5,2,14,23,20,19,15,10,8,25,17,22,24,11,13,21,12,18,57,56,39,26,44,38,55,60,79,102,100,27,84,54,107,32,33,34,83,61,126,124,132,135,112,104,130,92,28,41,37,29,62,133,42,125,155,158,168,180,174,166,131,67,149,150,64,59,129,175,167,165,170,43,225,220,134,30,31,189,239,237,148,248,211,47,123,285,283,46,294,128,109,40,108,35,101,98,110,49,137,99,36,103,51,106,136,52,48,68,97,74,63,287,231,279,302,53,91,45,95,224,116,117,113,115,114,73,223,105,50,111,77,76,241,232,228,256,90,81,75,78,213,173,178,127,177,222,172,58,461,465,118,462,458,469,464,463,466,138,69,139,72,152,147,65,179,70,176,146,66,169,71,154,171,468,444,181,460,449,452,459,467,221,161,313,304,471,280,343,416,184,474,470,454,529,550,455,574,585,156,333,326,332,153,144,80,88,335,157,448,450,162,317,145,85,210,82,151,212,366,498,245,497,370,288,242,652,651,250,89,249,86,238,235,251,141,252,275,142,244,277,236,87,240,140,274,247,143,278,254,255,381,227,390,442,496,653,658,649,681,691,233,345,328,348,368,226,243,246,371,253,257,291,513,296,96,295,93,284,281,297,120,298,731,121,290,735,282,94,286,119,316,293,122,720,300,301,344,193,717,716,195,477,353,186,188,457,217,159,289,456,187,762,758,265,530,594,229,203,446,759,499,756,163,204,572,586,216,451,205,520,516,338,266,267,337,308,192,692,524,515,679,816,813,480,795,718,307,479,809,820,728,819,230,847,841,272,802,803,273,276,363,842,360,367,837,387,388,615,704,614,701,234,262,650,531,581,858,859,867,613,705,863,678,620,377,378,617,528,589,616,864,861,713,732,643,908,823,827,595,689,903,200,664,663,160,741,644,598,447,696,793,898,561,922,547,667,700,824,828,654,801,895,920,565,675,539,264,785,545,185,947,953,164,263,694,786,453,541,208,196,334,437,314,214,311,182,409,325,219,191,412,318,197,206,315,330,218,215,440,312,183,190,588,305,968,965,571,952,951,715,349,810,814,815,966,940,656,930,514,768,769,472,352,808,945,967,927,661,380,324,259,270,552,871,635,695,910,876,879,897,872,549,688,638,482,194,926,526,339,476,781,346,342,782,485,929,519,521,347,384,763,570,757,577,576,788,430,893,443,755,950,825,826,955,383,764,426,784,439,921,510,684,584,944,928,891,980,670,424,851,943,590,655,699,582,504,683,674,974,848,432,627,201,198,209,909,331,850,787,382,557,978,543,542,976,623,202,336,207,913,199,783,849,554,385,320,760,669,796,902,697,410,729,726,417,319,761,790,673,686,789,306,833,991,990,373,392,708,712,865,941,551,862,389,911,912,386,376,400,946,866,860,573,745,812,401,405,875,977,703,877,506,935,925,508,742,811,975,870,878,702,321,258,379,268,441,662,665,915,488,434,932,767,772,427,685,599,560,939,709,407,406,710,942,492,682,431,568,607,852,260,271,985,340,606,888,509,411,676,553,548,668,857,341,269,969,261,880,602,415,507,420,556,393,938,979,625,374,645,641,375,423,555,931,397,626,973,309,354,609,310,821,303,740,359,597,896,734,792,794,818,899,596,292,633,632,754,299,822,817,721,736,738,890,402,404,737,894,491,481,537,604,350,327,356,329,725,748,753,322,593,751,323,749,603,395,580,505,501,971,972,657,646,647,495,629,628,493,494,398,523,399,473,831,525,396,436,949,536,532,948,960,959,907,601,906,964,490,730,905,791,844,839,901,840,845,408,369,429,372,746,752,355,414,733,750,351,747,478,744,358,722,830,829,739,743,919,433,918,634,544,719,357,518,475,989,988,611,799,807,361,846,364,843,805,362,836,365,800,838,957,559,963,578,934,693,923,666,936,982,527,592,773,779,391,621,777,394,774,624,622,618,770,766,642,558,587,502,765,511,771,639,503,881,882,886,885,887,889,884,564,883,413,687,797,916,631,806,962,698,904,600,403,428,723,804,419,892,418,798,900,630,563,868,583,874,483,484,535,421,540,425,534,422,917,933,711,707,486,776,500,778,522,924,981,854,677,984,986,680,648,855,914,869,970,873,619,672,569,956,533,435,954,517,832,546,538,445,438,567,566,605,608,579,724,575,727,780,512,775,489,853,671,660,487,987,958,706,562,983,961,637,591,659,690,636,640,937,856,714,992,610,993,835,834,612
STAB 2 1 -1 9,2,3,4,8,7,6,5,1,10,13,12,11,15,14,16,25,18,21,24,19,23,22,20,17,39,41,57,54,84,83,37,42,43,35,40,32,44,26,36,27,33,34,38,46,45,53,52,51,50,49,48,47,29,56,55,28,59,58,60,95,73,74,69,70,71,72,97,64,65,66,67,62,63,78,77,76,75,79,88,90,85,31,30,82,86,89,80,87,81,92,91,93,96,61,94,68,103,100,99,102,101,98,105,104,137,108,107,109,135,111,136,132,130,128,131,158,129,288,297,291,300,124,123,126,125,222,115,118,114,116,113,155,221,110,112,106,167,165,242,251,245,254,220,211,170,175,212,171,176,210,179,224,169,133,326,335,117,334,325,313,317,314,311,139,168,138,166,154,146,149,177,180,178,147,150,172,174,152,173,444,468,453,416,312,440,409,437,223,457,469,305,344,308,513,460,447,588,571,318,331,336,412,570,584,446,572,461,586,151,145,148,225,465,451,315,330,456,464,144,134,127,189,153,213,368,381,228,380,367,287,241,328,321,240,237,236,239,238,235,232,140,246,274,142,243,277,249,248,250,141,275,253,143,278,256,257,498,650,694,678,324,340,341,379,441,434,499,679,652,692,366,363,244,252,360,247,255,279,343,286,283,282,285,284,281,231,119,292,316,121,289,735,295,294,296,120,731,299,122,720,302,303,471,192,354,609,194,715,718,164,185,161,163,216,290,162,200,322,323,234,319,320,262,160,156,329,233,327,217,201,333,332,159,157,202,339,342,337,263,264,338,280,193,348,347,346,345,355,356,352,351,353,306,349,350,357,359,358,276,364,365,273,361,362,272,230,226,372,371,370,369,377,378,376,375,373,374,265,229,227,383,382,395,396,391,392,393,394,442,386,387,388,389,384,385,400,399,398,397,402,401,428,413,414,410,411,429,187,406,407,203,404,405,417,184,415,419,418,424,425,426,427,420,421,422,423,403,408,433,432,431,430,267,438,439,188,435,436,186,266,390,445,181,443,206,197,462,467,463,215,466,183,459,458,218,190,455,454,196,208,448,450,219,214,452,449,182,191,474,304,522,523,470,518,525,477,479,478,490,491,486,487,488,489,482,483,484,485,480,481,495,494,493,492,497,496,258,268,504,505,506,507,500,501,502,503,511,510,509,508,514,195,512,519,520,521,475,515,516,517,472,473,526,476,524,528,527,574,603,542,543,538,539,540,541,604,533,534,535,536,531,532,547,546,545,544,549,548,585,583,563,564,559,560,561,562,587,554,555,556,557,552,553,568,567,566,565,573,204,199,207,569,529,579,580,581,582,575,576,577,578,551,205,550,209,558,198,592,591,590,589,594,593,599,600,601,602,595,596,597,598,530,537,608,607,606,605,307,612,611,610,614,613,625,626,621,622,623,624,617,618,619,620,615,616,630,629,628,627,632,631,643,644,639,640,641,642,635,636,637,638,633,634,648,647,646,645,651,259,649,270,681,709,710,657,656,691,690,671,672,667,668,669,670,693,662,663,664,665,660,661,676,675,674,673,680,261,269,677,653,686,687,688,689,682,683,684,685,659,658,271,666,260,698,697,696,695,700,699,705,706,707,708,701,702,703,704,654,655,714,713,712,711,309,717,716,310,719,301,738,728,726,727,737,723,724,722,730,729,298,742,745,744,293,739,725,721,736,740,743,732,741,734,733,815,808,761,755,809,756,813,759,817,749,751,762,760,753,758,748,757,858,787,871,876,970,914,915,878,870,945,866,860,927,967,861,965,864,929,832,951,859,953,956,955,764,954,959,960,905,902,904,962,814,899,907,892,846,836,900,838,843,895,837,903,842,747,750,816,827,894,752,795,746,810,754,819,818,830,829,822,890,917,920,916,811,921,821,820,952,781,993,992,991,800,805,802,844,847,845,807,803,839,841,799,840,958,980,961,976,937,939,986,969,933,981,763,783,774,777,867,865,779,863,773,862,941,911,771,765,877,913,943,879,766,872,770,875,897,882,881,884,883,889,887,886,891,885,823,888,798,918,812,804,964,880,906,796,801,908,792,806,793,791,898,797,901,946,928,869,944,873,768,769,826,824,893,922,825,828,919,936,973,979,966,775,910,780,968,987,982,856,985,983,923,852,975,853,972,868,971,874,912,772,909,949,950,947,948,782,831,784,788,786,785,974,848,789,790,850,794,978,896,778,926,776,930,855,767,942,940,924,957,938,851,984,963,925,849,857,932,935,977,934,854,931,988,990,989,835,834,833
BOUND 2 1 1 1,2,3,4,5,6,7,8,9,10,11,12,13,14,15,16,17,18,19,20,21,22,23,24,25,26,27,28,29,30,31,32,33,34,35,36,37,38,39,40,41,42,43,44,45,46,47,48,49,50,51,52,53,54,55,56,57,58,59,60,61,62,63,64,65,66,67,68,69,70,71,72,73,74,75,76,77,78,79,80,81,82,83,84,85,86,87,88,89,90,91,92,93,94,95,96,97,98,99,100,101,102,103,104,105,106,107,108,109,110,111,112,113,114,115,116,117,118,119,120,121,122,123,124,125,126,127,128,129,130,131,132,133,134,135,136,137,138,139,140,141,142,143,144,145,146,147,148,149,150,151,152,153,154,155,156,157,158,159,160,161,162,163,164,165,166,167,168,169,170,171,172,173,174,175,176,177,178,179,180,181,182,183,184,185,186,187,188,189,190,191,192,193,194,195,196,197,198,199,200,201,202,203,204,205,206,207,208,209,210,211,212,213,214,215,216,217,218,219,220,221,222,223,224,225,226,227,228,229,230,231,232,233,234,235,236,237,238,239,240,241,242,243,244,245,246,247,248,249,250,251,252,253,254,255,256,257,258,259,260,261,262,263,264,265,266,267,268,269,270,271,272,273,274,275,276,277,278,279,280,281,282,283,284,285,286,287,288,289,290,291,292,293,294,295,296,297,298,299,300,301,302,303,304,305,306,307,308,309,310,311,312,313,314,315,316,317,318,319,320,321,322,323,324,325,326,327,328,329,330,331,332,333,334,335,336,337,338,339,340,341,342,343,344,345,346,347,348,349,350,351,352,353,354,355,356,357,358,359,360,361,362,363,364,365,366,367,368,369,370,371,372,373,374,375,376,377,378,379,380,381,382,383,384,385,386,387,388,389,390,391,392,393,394,395,396,397,398,399,400,401,402,403,404,405,406,407,408,409,410,411,412,413,414,415,416,417,418,419,420,421,422,423,424,425,426,427,428,429,430,431,432,433,434,435,436,437,438,439,440,441,442,443,444,445,446,447,448,449,450,451,452,453,454,455,456,457,458,459,460,461,462,463,464,465,466,467,468,469,470,471,472,473,474,475,476,477,478,479,480,481,482,483,484,485,486,487,488,489,490,491,492,493,494,495,496,497,498,499,500,501,502,503,504,505,506,507,508,509,510,511,512,513,514,515,516,517,518,519,520,521,522,523,524,525,526,527,528,529,530,531,532,533,534,535,536,537,538,539,540,541,542,543,544,545,546,547,548,549,550,551,552,553,554,555,556,557,558,559,560,561,562,563,564,565,566,567,568,569,570,571,572,573,574,575,576,577,578,579,580,581,582,583,584,585,586,587,588,589,590,591,592,593,594,595,596,597,598,599,600,601,602,603,604,605,606,607,608,609,610,611,612,613,614,615,616,617,618,619,620,621,622,623,624,625,626,627,628,629,630,631,632,633,634,635,636,637,638,639,640,641,642,643,644,645,646,647,648,649,650,651,652,653,654,655,656,657,658,659,660,661,662,663,664,665,666,667,668,669,670,671,672,673,674,675,676,677,678,679,680,681,682,683,684,685,686,687,688,689,690,691,692,693,694,695,696,697,698,699,700,701,702,703,704,705,706,707,708,709,710,711,712,713,714,715,716,717,718,719,720,721,722,723,724,725,726,727,728,729,730,731,732,733,734,735,736,737,738,739,740,741,742,743,744,745,746,747,748,749,750,751,752,753,754,755,756,757,758,759,760,761,762,763,764,765,766,767,768,769,770,771,772,773,774,775,776,777,778,779,780,781,782,783,784,785,786,787,788,789,790,791,792,793,794,795,796,797,798,799,800,801,802,803,804,805,806,807,808,809,810,811,812,813,814,815,816,817,818,819,820,821,822,823,824,825,826,827,828,829,830,831,832,833,834,835,836,837,838,839,840,841,842,843,844,845,846,847,848,849,850,851,852,853,854,855,856,857,858,859,860,861,862,863,864,865,866,867,868,869,870,871,872,873,874,875,876,877,878,879,880,881,882,883,884,885,886,887,888,889,890,891,892,893,894,895,896,897,898,899,900,901,902,903,904,905,906,907,908,909,910,911,912,913,914,915,916,917,918,919,920,921,922,923,924,925,926,927,928,929,930,931,932,933,934,935,936,937,938,939,940,941,942,943,944,945,946,947,948,949,950,951,952,953,954,955,956,957,958,959,960,961,962,963,964,965,966,967,968,969,970,971,972,973,974,975,976,977,978,979,980,981,982,983,984,985,986,987,988,989,990,991,992,993
BOUND 2 1 -1 2,1,7,4,5,6,3,10,9,8,12,11,13,16,15,14,21,22,20,19,17,18,23,25,24,37,32,29,28,30,31,27,34,33,36,35,26,42,41,40,39,38,44,43,48,47,46,45,50,49,51,53,52,55,54,57,56,63,62,83,92,59,58,67,66,65,64,91,77,78,75,76,74,73,71,72,69,70,84,85,82,81,60,79,80,87,86,90,89,88,68,61,94,93,97,96,95,101,109,100,98,107,108,112,106,105,102,103,99,111,110,104,115,116,113,114,118,117,119,120,122,121,128,132,131,130,212,123,133,126,125,124,129,148,135,137,136,139,138,140,141,143,142,151,153,152,154,134,150,149,144,146,145,147,158,318,330,155,217,200,312,315,216,185,166,165,168,167,173,174,172,171,169,170,180,177,176,179,178,175,440,190,191,412,164,188,203,186,211,182,183,195,194,193,192,206,208,207,209,160,202,201,187,205,204,196,198,197,199,213,189,127,210,218,219,163,159,214,215,225,222,221,224,223,220,360,379,251,265,276,291,245,324,262,238,250,237,235,248,249,254,256,255,257,232,247,246,239,240,236,228,253,252,241,243,242,244,268,270,269,271,234,264,263,229,267,266,258,260,259,261,273,272,274,275,230,278,277,297,308,284,296,283,281,294,295,300,302,301,303,231,293,292,285,286,282,279,299,298,287,289,288,290,305,304,306,307,280,310,309,313,161,311,317,162,316,314,156,320,319,328,329,327,233,326,325,323,321,322,157,332,331,336,335,334,333,338,337,347,348,345,346,344,343,341,342,339,340,352,351,350,349,354,353,356,355,358,357,359,226,362,361,371,372,369,370,368,367,365,366,363,364,376,375,374,373,378,377,227,381,380,385,384,383,382,389,388,387,386,434,399,400,397,398,396,395,393,394,391,392,405,404,419,402,401,407,406,418,416,417,415,184,414,413,411,409,410,408,403,423,422,421,420,432,433,430,431,429,428,426,427,424,425,390,436,435,444,445,443,181,442,441,439,437,438,454,455,456,457,451,450,453,452,446,447,448,449,461,460,459,458,465,464,463,462,469,468,467,466,570,513,514,512,584,517,521,609,481,480,479,478,485,484,483,482,494,495,492,493,491,490,488,489,486,487,499,498,497,496,503,502,501,500,510,511,508,509,506,507,504,505,473,471,472,516,515,475,525,526,524,476,523,522,520,518,519,532,531,586,594,528,527,536,535,534,533,593,546,547,544,545,543,542,540,541,538,539,553,552,572,573,549,548,557,556,555,554,569,567,568,565,566,564,563,561,562,559,560,558,470,574,550,551,571,578,577,576,575,591,592,589,590,587,474,588,529,583,585,581,582,579,580,537,530,598,597,596,595,607,608,605,606,604,603,601,602,599,600,477,611,610,612,616,615,614,613,620,619,618,617,629,630,627,628,626,625,623,624,621,622,634,633,632,631,638,637,636,635,647,648,645,646,644,643,641,642,639,640,650,649,652,651,692,700,699,661,660,679,680,657,656,665,664,663,662,677,675,676,673,674,672,671,669,670,667,668,666,681,658,659,678,685,684,683,682,697,698,695,696,693,694,653,690,691,688,689,686,687,655,654,704,703,702,701,713,714,711,712,710,709,707,708,705,706,716,715,718,717,722,735,736,719,724,723,739,729,730,728,726,727,731,741,743,740,720,721,738,737,725,734,732,745,733,744,742,750,752,751,753,746,748,747,749,754,757,758,755,756,762,761,760,759,764,763,770,771,772,769,768,765,766,767,777,779,778,780,773,775,774,776,782,781,787,788,786,785,783,784,902,796,900,794,801,792,809,790,804,806,805,807,793,803,802,797,799,798,800,810,795,808,812,811,816,815,814,813,822,821,820,819,818,817,827,828,826,825,823,824,830,829,832,831,833,835,834,840,841,839,838,836,837,847,844,843,846,845,842,851,850,849,848,857,854,853,856,855,852,859,858,862,863,860,861,867,866,865,864,873,874,875,872,871,868,869,870,879,878,877,876,888,887,889,884,883,886,885,881,880,882,894,928,901,921,890,898,899,910,895,896,791,892,789,908,905,904,907,906,903,913,897,912,911,909,971,942,919,918,917,916,922,893,920,981,983,935,929,930,891,926,927,938,939,934,933,925,937,936,931,932,945,946,915,944,943,940,941,953,956,954,955,952,951,947,949,950,948,961,963,962,964,957,959,958,960,968,967,966,965,985,972,914,970,979,980,977,978,975,976,973,974,923,986,924,987,969,982,984,993,992,991,990,989,988
BOUND 2 1 -1 9,2,3,4,8,7,6,5,1,10,13,12,11,15,14,16,25,18,21,24,19,23,22,20,17,39,41,57,54,84,83,37,42,43,35,40,32,44,26,36,27,33,34,38,46,45,53,52,51,50,49,48,47,29,56,55,28,59,58,60,95,73,74,69,70,71,72,97,64,65,66,67,62,63,78,77,76,75,79,88,90,85,31,30,82,86,89,80,87,81,92,91,93,96,61,94,68,103,100,99,102,101,98,105,104,137,108,107,109,135,111,136,132,130,128,131,158,129,288,297,291,300,124,123,126,125,222,115,118,114,116,113,155,221,110,112,106,167,165,242,251,245,254,220,211,170,175,212,171,176,210,179,224,169,133,326,335,117,334,325,313,317,314,311,139,168,138,166,154,146,149,177,180,178,147,150,172,174,152,173,444,468,453,416,312,440,409,437,223,457,469,305,344,308,513,460,447,588,571,318,331,336,412,570,584,446,572,461,586,151,145,148,225,465,451,315,330,456,464,144,134,127,189,153,213,368,381,228,380,367,287,241,328,321,240,237,236,239,238,235,232,140,246,274,142,243,277,249,248,250,141,275,253,143,278,256,257,498,650,694,678,324,340,341,379,441,434,499,679,652,692,366,363,244,252,360,247,255,279,343,286,283,282,285,284,281,231,119,292,316,121,289,735,295,294,296,120,731,299,122,720,302,303,471,192,354,609,194,715,718,164,185,161,163,216,290,162,200,322,323,234,319,320,262,160,156,329,233,327,217,201,333,332,159,157,202,339,342,337,263,264,338,280,193,348,347,346,345,355,356,352,351,353,306,349,350,357,359,358,276,364,365,273,361,362,272,230,226,372,371,370,369,377,378,376,375,373,374,265,229,227,383,382,395,396,391,392,393,394,442,386,387,388,389,384,385,400,399,398,397,402,401,428,413,414,410,411,429,187,406,407,203,404,405,417,184,415,419,418,424,425,426,427,420,421,422,423,403,408,433,432,431,430,267,438,439,188,435,436,186,266,390,445,181,443,206,197,462,467,463,215,466,183,459,458,218,190,455,454,196,208,448,450,219,214,452,449,182,191,474,304,522,523,470,518,525,477,479,478,490,491,486,487,488,489,482,483,484,485,480,481,495,494,493,492,497,496,258,268,504,505,506,507,500,501,502,503,511,510,509,508,514,195,512,519,520,521,475,515,516,517,472,473,526,476,524,528,527,574,603,542,543,538,539,540,541,604,533,534,535,536,531,532,547,546,545,544,549,548,585,583,563,564,559,560,561,562,587,554,555,556,557,552,553,568,567,566,565,573,204,199,207,569,529,579,580,581,582,575,576,577,578,551,205,550,209,558,198,592,591,590,589,594,593,599,600,601,602,595,596,597,598,530,537,608,607,606,605,307,612,611,610,614,613,625,626,621,622,623,624,617,618,619,620,615,616,630,629,628,627,632,631,643,644,639,640,641,642,635,636,637,638,633,634,648,647,646,645,651,259,649,270,681,709,710,657,656,691,690,671,672,667,668,669,670,693,662,663,664,665,660,661,676,675,674,673,680,261,269,677,653,686,687,688,689,682,683,684,685,659,658,271,666,260,698,697,696,695,700,699,705,706,707,708,701,702,703,704,654,655,714,713,712,711,309,717,716,310,719,301,738,728,726,727,737,723,724,722,730,729,298,742,745,744,293,739,725,721,736,740,743,732,741,734,733,815,808,761,755,809,756,813,759,817,749,751,762,760,753,758,748,757,858,787,871,876,970,914,915,878,870,945,866,860,927,967,861,965,864,929,832,951,859,953,956,955,764,954,959,960,905,902,904,962,814,899,907,892,846,836,900,838,843,895,837,903,842,747,750,816,827,894,752,795,746,810,754,819,818,830,829,822,890,917,920,916,811,921,821,820,952,781,993,992,991,800,805,802,844,847,845,807,803,839,841,799,840,958,980,961,976,937,939,986,969,933,981,763,783,774,777,867,865,779,863,773,862,941,911,771,765,877,913,943,879,766,872,770,875,897,882,881,884,883,889,887,886,891,885,823,888,798,918,812,804,964,880,906,796,801,908,792,806,793,791,898,797,901,946,928,869,944,873,768,769,826,824,893,922,825,828,919,936,973,979,966,775,910,780,968,987,982,856,985,983,923,852,975,853,972,868,971,874,912,772,909,949,950,947,948,782,831,784,788,786,785,974,848,789,790,850,794,978,896,778,926,776,930,855,767,942,940,924,957,938,851,984,963,925,849,857,932,935,977,934,854,931,988,990,989,835,834,833
CELL 2 2 12
STAB 2 2 1 3,4,6,9,2,1,7,17,10,11,5,15,26,25,16,13,20,23,14,8,22,24,39,44,38,27,12,60,79,56,55,18,21,19,31,34,28,36,48,63,68,103,106,49,116,29,32,47,33,30,76,81,127,57,41,52,97,113,109,40,37,35,61,50,114,92,111,62,181,154,184,153,157,162,156,80,161,66,51,46,64,138,98,137,115,141,143,227,226,233,117,54,120,122,177,193,78,231,136,74,287,43,112,84,99,102,83,110,135,101,100,42,125,123,124,126,279,302,155,133,108,107,73,90,75,53,134,158,132,131,172,222,95,45,77,241,232,228,256,168,166,105,104,173,178,223,213,128,91,130,174,225,180,189,317,159,160,335,58,65,163,164,59,67,224,88,444,313,470,416,474,332,333,326,169,304,280,343,471,71,187,449,466,188,139,165,70,72,69,452,467,170,149,146,171,529,550,458,454,152,147,150,179,176,175,585,459,574,455,220,167,144,221,448,463,118,129,450,462,381,390,348,345,442,328,229,230,89,82,86,94,87,234,85,246,278,368,243,254,255,244,277,242,142,240,236,239,251,252,275,235,238,237,247,245,274,140,653,658,651,496,151,145,148,210,212,211,691,497,681,649,253,257,370,371,250,249,248,96,93,716,720,344,717,300,301,290,735,288,121,286,282,285,297,298,731,281,284,283,293,291,316,119,477,353,513,195,296,295,294,616,214,374,481,182,346,350,219,218,217,655,261,501,258,628,398,646,431,264,196,199,202,385,537,329,532,303,299,789,749,791,746,405,733,408,349,730,320,216,337,526,215,744,736,741,634,307,310,475,270,271,267,652,676,700,713,712,377,674,373,380,417,185,273,276,183,379,499,272,375,400,269,198,201,266,200,268,265,197,384,618,625,669,670,503,553,696,420,558,388,797,192,263,194,403,800,362,404,493,190,509,191,893,433,891,473,186,631,260,262,812,402,259,923,776,924,773,914,661,645,386,666,472,580,788,445,606,209,566,208,844,372,579,407,205,464,469,311,314,325,460,409,461,334,437,468,465,399,523,494,629,327,356,491,604,378,411,607,626,436,414,203,422,476,204,357,359,752,451,315,480,412,753,594,446,931,913,690,683,919,547,933,500,637,619,321,397,376,498,410,654,568,682,764,777,761,778,322,482,382,620,826,745,206,815,355,207,956,822,729,719,958,590,959,545,740,751,588,336,330,331,530,517,750,479,781,531,858,973,549,567,881,883,880,575,577,648,868,787,396,389,383,551,438,870,511,538,552,706,705,693,685,917,539,936,595,935,614,698,950,948,543,774,439,514,882,884,775,802,947,441,435,801,831,525,571,804,952,679,533,805,536,783,456,440,784,786,457,943,964,904,963,942,495,903,554,630,597,829,835,833,951,393,453,312,615,318,668,598,447,878,767,860,765,667,556,394,635,502,484,823,747,352,633,319,421,535,748,946,780,945,779,428,907,915,617,944,485,367,366,432,710,323,324,508,856,798,429,423,419,659,361,836,365,799,660,391,392,627,613,875,872,874,701,866,704,487,839,905,560,369,387,941,583,708,978,889,965,888,977,395,755,707,576,486,510,559,886,771,650,360,772,769,363,697,680,562,561,846,364,850,662,664,854,821,358,734,739,754,725,292,721,338,519,722,953,811,518,955,732,347,308,723,309,737,289,354,715,820,306,305,808,790,516,351,762,758,816,795,760,814,757,810,520,971,505,492,647,678,542,859,341,603,756,940,656,877,593,759,657,972,879,926,968,867,863,930,865,966,862,572,570,949,763,584,586,541,581,793,896,794,515,340,342,339,601,847,841,908,898,694,434,692,845,906,840,901,813,524,490,890,643,743,544,922,644,830,817,609,718,738,728,430,401,478,809,918,894,989,990,988,611,782,818,819,985,699,934,932,982,675,673,957,582,578,974,415,689,838,837,599,427,807,803,843,842,555,564,507,871,665,639,424,622,506,770,587,876,638,909,624,861,642,766,912,565,621,864,709,885,928,684,592,528,527,589,688,887,910,726,824,596,897,960,632,742,406,413,827,600,962,806,768,911,569,573,869,672,563,686,602,663,695,636,418,981,857,855,969,967,548,522,925,852,425,426,687,534,916,504,677,703,825,828,540,921,920,986,984,623,488,892,900,895,873,970,443,608,605,832,785,546,954,727,521,724,899,792,976,849,902,980,796,851,848,641,987,591,483,640,714,711,557,702,929,512,489,927,961,983,938,979,853,937,671,975,939,612,610,993,991,992,834
STAB 2 2 1 3,11,6,5,10,1,7,17,2,4,9,26,15,34,27,12,20,47,36,8,49,33,32,21,19,16,13,61,80,64,62,48,44,38,68,25,63,14,18,28,31,103,106,22,127,76,39,23,24,81,29,30,116,66,35,50,92,156,161,37,40,41,60,52,157,97,162,55,154,181,153,184,114,111,113,79,109,57,46,51,56,226,122,143,233,227,137,141,138,115,193,78,177,98,120,117,54,107,142,67,108,43,112,87,244,102,94,290,163,121,164,42,159,160,234,134,149,349,337,280,287,231,65,85,58,45,126,264,320,202,150,217,93,53,59,105,104,229,373,273,230,241,232,266,403,404,384,329,96,332,420,386,188,187,303,125,123,148,75,73,135,100,77,74,417,86,267,257,205,402,307,130,212,262,445,475,133,263,472,72,189,480,498,180,370,372,69,71,70,500,482,422,279,408,357,530,551,552,531,431,390,172,433,359,436,575,533,595,554,388,362,385,201,615,633,346,348,635,617,265,147,129,194,186,200,228,166,82,89,88,83,84,124,90,248,235,272,249,254,255,99,238,252,136,240,251,239,236,242,375,278,277,379,247,245,185,374,654,659,660,508,398,405,335,400,333,407,682,510,701,662,377,313,139,276,380,243,246,91,95,294,721,338,295,300,301,110,736,354,101,286,722,285,358,734,732,310,309,723,293,291,216,350,204,355,526,476,730,717,716,214,616,140,182,481,118,119,646,628,222,261,655,258,501,218,151,219,152,158,532,537,131,144,199,128,196,317,733,749,789,746,791,145,299,146,302,296,132,316,155,513,634,741,735,744,215,474,281,304,674,712,444,676,652,713,700,271,253,270,256,250,224,274,168,371,499,237,183,368,275,210,696,558,221,173,328,503,381,553,213,625,618,670,669,268,197,269,174,198,220,891,473,343,345,178,893,167,223,190,493,191,509,800,179,797,192,442,645,666,326,914,416,661,776,923,773,924,812,259,631,225,260,471,579,844,169,209,606,208,566,788,165,580,211,470,648,511,312,315,319,535,410,568,331,438,484,619,383,517,479,614,318,352,485,598,376,412,594,620,175,203,414,170,195,477,171,176,933,637,314,449,411,919,607,547,913,931,683,690,753,446,752,452,451,465,322,382,378,466,409,653,461,691,777,764,778,761,321,467,397,626,959,740,545,958,353,590,822,956,719,729,815,207,826,206,745,880,577,330,336,334,529,523,881,494,883,454,973,858,567,549,750,781,751,585,588,464,936,935,389,396,399,550,437,917,469,539,458,705,706,685,693,870,538,868,574,787,629,679,833,786,536,805,440,525,801,952,804,947,802,435,441,882,951,514,597,775,884,698,459,774,543,903,630,439,942,948,495,964,943,963,904,784,457,783,455,456,571,835,829,950,831,394,502,311,448,327,667,604,556,767,878,765,860,668,447,393,450,453,468,915,944,356,463,325,428,460,907,780,946,779,945,421,748,823,462,747,491,361,365,419,704,324,323,496,874,866,423,429,432,658,367,875,366,872,651,392,391,613,627,836,799,856,681,798,710,486,769,886,559,360,395,977,576,707,889,978,888,965,941,387,854,708,583,487,497,560,905,850,664,369,846,839,364,680,697,561,562,772,363,771,649,650,755,821,297,298,739,955,292,725,720,344,518,282,811,953,519,754,731,308,347,283,284,289,737,288,715,820,351,516,790,808,305,306,794,895,869,793,928,885,825,969,521,803,504,478,632,703,534,865,342,596,930,871,673,864,605,932,675,837,974,852,906,845,925,756,859,873,970,592,611,768,892,612,608,540,582,795,813,762,522,339,341,340,602,824,770,861,897,684,443,714,867,968,961,983,896,512,483,954,636,742,527,792,638,834,993,610,718,738,724,418,415,492,976,957,838,819,818,785,570,832,990,989,912,711,960,759,902,657,656,918,581,587,879,401,688,894,972,600,426,980,971,827,766,563,557,506,940,672,640,425,621,507,841,578,921,644,857,623,908,641,842,985,548,622,877,702,814,760,694,572,546,544,569,689,848,927,727,847,603,898,934,647,743,413,406,843,599,853,979,949,796,589,591,816,665,555,687,601,671,677,643,430,975,909,899,810,984,565,515,863,926,424,427,686,542,986,505,695,678,757,849,541,876,939,916,967,624,489,763,851,758,966,862,434,586,593,782,988,528,890,726,520,728,855,922,809,828,982,807,911,900,887,642,937,573,490,639,692,699,564,709,938,524,488,910,840,901,929,806,962,987,663,981,920,584,609,817,991,992,830
STAB 2 2 -1 3,10,1,9,11,6,7,17,4,2,5,26,15,25,13,16,8,39,38,20,44,24,23,22,14,12,27,41,52,51,40,48,49,36,63,34,68,19,18,31,28,106,103,21,127,81,47,32,33,76,30,29,116,97,60,79,57,157,162,55,62,61,35,80,156,66,161,37,153,184,154,181,113,109,114,50,111,92,56,64,46,227,98,137,233,226,143,138,141,115,177,78,193,122,117,120,54,83,136,135,110,112,43,232,241,42,231,287,74,101,77,102,73,75,90,53,95,317,316,96,290,94,125,124,123,126,45,222,335,172,131,158,279,134,100,99,84,88,313,274,89,244,87,221,345,343,333,348,280,332,328,326,69,71,302,65,58,132,160,159,67,59,164,163,444,228,224,256,169,471,304,130,213,225,470,474,91,223,416,189,72,314,378,70,374,407,188,187,180,411,409,414,93,405,477,334,399,396,336,398,385,202,473,476,436,523,525,437,439,381,442,390,173,311,356,350,329,327,325,220,144,128,178,167,174,86,82,166,230,229,107,104,85,234,251,278,275,252,255,254,105,277,249,142,247,248,245,246,243,368,235,238,371,240,239,168,370,321,432,429,323,431,408,320,400,384,372,397,395,367,369,380,373,140,237,377,242,236,133,149,297,720,731,298,301,300,108,735,737,121,293,725,291,716,717,344,281,284,347,286,285,155,346,171,745,744,359,733,734,358,214,616,139,182,481,119,118,628,646,264,258,501,261,655,219,152,218,151,217,537,532,150,147,196,129,199,349,730,746,791,749,789,146,296,145,303,299,148,337,216,741,634,513,736,526,215,475,310,307,712,674,417,713,700,676,652,270,250,271,257,253,267,273,185,379,499,276,183,375,272,210,503,553,266,201,420,696,388,558,212,670,669,625,618,269,198,268,200,197,265,893,433,404,403,194,891,186,263,191,509,190,493,797,192,800,179,362,914,661,386,645,472,666,773,924,776,923,631,260,812,262,259,402,844,579,205,208,566,209,606,580,211,788,165,445,494,629,448,449,462,491,467,626,529,574,604,607,550,585,464,469,450,463,460,468,466,452,465,461,175,170,422,203,176,357,204,195,919,547,480,315,500,933,619,637,683,690,913,931,752,451,753,412,446,594,653,691,498,376,482,322,620,382,778,761,777,764,654,410,682,568,958,353,590,959,740,545,719,729,822,956,826,206,815,207,355,881,883,454,531,530,331,575,880,648,577,330,567,549,973,858,751,588,750,517,781,479,917,539,458,552,551,383,595,936,614,935,389,685,693,705,706,868,787,870,438,538,511,801,831,571,952,804,455,533,679,536,805,435,441,947,802,698,950,459,948,774,543,882,514,775,884,942,495,554,903,597,630,963,904,964,943,783,456,784,440,457,786,829,835,951,833,667,556,615,312,635,394,484,502,765,860,767,878,393,453,668,318,447,598,428,907,633,352,617,915,485,944,779,945,780,946,823,747,421,319,748,535,681,710,658,366,496,508,324,875,872,651,660,659,419,701,874,704,866,423,613,627,392,391,856,798,836,361,799,365,977,755,576,707,649,510,486,886,559,888,965,889,978,487,497,839,560,905,941,387,708,583,846,364,662,850,854,664,561,562,680,697,771,650,772,360,363,769,739,294,295,821,518,282,722,721,732,955,292,811,953,754,519,338,283,723,308,309,288,354,289,820,715,516,351,790,808,306,305,339,644,647,341,544,542,490,492,728,678,859,810,816,971,814,505,795,949,507,621,912,623,892,714,861,709,711,424,587,591,426,506,504,639,641,546,988,603,605,832,608,564,443,342,742,340,976,794,793,762,851,413,672,675,415,569,582,932,573,578,962,982,743,922,757,726,430,813,760,524,758,830,990,989,738,718,520,643,897,969,522,960,855,609,817,570,785,612,993,610,673,974,957,692,901,908,985,934,434,906,699,898,927,899,702,796,925,979,703,828,671,921,541,756,622,770,966,926,871,930,665,968,563,895,565,864,657,970,663,656,909,940,624,972,534,527,589,528,592,928,684,910,686,688,890,406,768,401,918,869,896,824,847,849,911,840,980,596,600,694,845,632,841,876,887,900,766,488,418,636,967,548,894,478,981,857,809,427,425,852,863,848,885,987,865,489,803,483,843,557,555,938,937,975,877,695,593,602,638,640,642,581,586,763,584,611,572,727,954,724,521,838,512,515,827,983,806,599,601,687,862,916,867,825,873,759,879,540,837,939,792,677,689,853,902,920,807,961,986,842,984,929,782,819,818,992,991,834
STAB 2 2 -1 3,2,1,5,4,6,7,17,11,10,9,15,26,34,12,27,8,32,19,20,21,33,47,49,36,13,16,35,50,46,37,18,22,14,28,25,31,38,48,68,63,106,103,44,116,30,23,39,24,29,81,76,127,92,61,80,66,114,111,62,55,60,41,79,113,57,109,40,184,153,181,154,156,161,157,52,162,97,64,56,51,141,122,143,115,138,137,226,227,233,120,54,117,98,193,177,78,94,142,163,290,112,43,104,105,42,107,108,67,121,59,102,65,58,85,45,93,303,216,91,110,83,159,234,160,134,53,217,148,150,202,264,149,126,164,244,87,86,257,185,82,99,84,201,194,263,212,129,133,130,200,262,70,72,349,73,75,320,123,125,74,77,100,135,267,229,417,373,445,472,475,332,384,386,205,307,96,404,402,187,71,315,376,69,140,211,180,189,188,412,410,203,95,145,204,331,383,389,330,151,144,131,192,195,175,517,514,438,440,265,186,147,266,312,352,119,128,318,319,388,385,329,403,362,420,88,89,230,166,228,231,232,90,124,236,235,375,242,255,254,241,238,243,136,247,246,245,248,249,272,278,277,276,240,239,273,139,322,419,423,324,152,146,132,210,213,165,382,387,361,360,250,256,374,379,253,252,251,280,279,358,721,732,734,301,300,287,736,289,101,293,292,291,294,295,338,310,309,308,286,285,337,118,357,740,741,176,299,298,297,616,214,370,481,182,350,346,218,219,158,501,258,655,261,646,431,628,398,222,199,196,172,390,532,348,537,302,296,791,746,789,749,408,730,405,317,733,335,155,316,744,215,526,735,513,634,304,281,474,271,270,224,700,713,652,676,674,380,712,313,377,444,168,274,237,183,371,499,275,368,400,268,197,173,221,174,269,220,198,333,669,670,618,625,696,558,503,328,553,381,800,179,223,178,345,797,442,343,509,191,493,190,891,473,893,433,167,812,259,225,631,471,260,924,773,923,776,645,666,914,326,661,416,788,580,470,566,208,606,209,579,407,844,372,169,479,614,615,480,617,485,482,620,530,595,598,594,551,575,648,511,635,633,535,484,498,500,619,568,436,422,170,414,359,171,477,476,753,446,449,314,452,752,465,451,690,683,931,913,933,637,919,411,547,607,654,682,466,378,467,321,626,397,761,778,764,777,653,409,691,461,815,355,207,826,745,206,729,719,956,822,959,545,958,590,353,750,781,531,454,529,334,585,751,464,588,336,549,567,858,973,880,577,881,523,883,494,870,538,552,458,550,399,574,868,629,787,396,693,685,706,705,936,935,917,437,539,469,882,951,597,884,775,554,459,698,543,774,441,435,802,947,679,833,533,786,805,536,801,525,804,952,784,457,455,783,571,456,904,963,943,964,903,630,942,439,495,948,835,829,831,950,668,447,448,311,450,393,468,453,860,765,878,767,394,502,667,327,556,604,421,748,463,356,462,823,491,747,945,779,946,780,915,944,428,325,907,460,701,704,659,365,508,496,323,836,799,660,651,658,432,681,856,710,798,429,627,613,391,392,874,866,875,367,872,366,941,854,583,708,662,497,487,905,560,965,888,978,889,486,510,769,559,886,977,395,707,576,772,363,649,771,755,650,562,561,697,680,850,664,846,369,364,839,739,716,717,821,519,722,282,720,731,754,725,953,811,955,518,344,723,283,347,284,354,288,737,820,715,305,306,808,790,351,516,340,638,632,342,527,534,483,478,724,703,865,969,869,803,885,504,793,768,506,622,985,624,763,692,908,702,699,425,578,573,427,507,505,640,642,528,785,596,593,782,586,557,434,341,743,339,809,762,795,794,900,406,665,657,401,589,581,759,591,587,853,902,742,792,825,727,418,896,928,512,895,834,818,819,738,718,521,636,898,810,515,934,899,610,993,611,988,584,817,609,656,879,918,714,983,861,912,960,443,968,711,897,910,855,709,911,863,806,678,849,663,876,540,930,621,841,873,852,940,756,672,906,555,758,548,877,675,862,671,673,857,871,623,837,542,544,569,546,572,760,694,927,687,689,954,413,949,415,957,816,813,847,824,828,796,961,807,603,599,684,867,647,770,921,848,851,842,489,430,643,984,565,838,492,975,909,976,426,424,926,925,887,814,937,859,488,971,490,827,564,563,929,987,981,864,677,605,601,644,639,641,582,608,892,612,570,592,726,890,728,520,894,524,522,843,901,979,600,602,686,970,986,845,757,966,932,974,541,972,920,922,695,688,962,982,939,980,840,916,766,967,938,832,989,990,992,991,830
STAB 2 2 -1 1,5,6,11,2,3,7,8,10,9,4,12,13,36,27,26,20,47,34,17,33,49,48,44,38,16,15,62,64,80,61,32,21,19,37,14,35,25,39,41,40,43,42,24,45,50,18,23,22,46,52,51,53,66,63,76,78,65,67,68,31,28,55,29,58,54,59,60,71,72,69,70,75,77,73,56,74,57,81,30,79,86,94,87,85,82,84,89,88,90,93,92,91,83,96,95,97,231,244,161,287,103,102,143,142,112,122,121,164,290,163,106,160,159,234,134,280,337,349,149,108,107,156,233,157,127,126,320,264,202,332,329,193,116,162,241,232,230,273,373,229,105,104,384,404,403,266,217,120,150,386,420,187,188,346,123,125,348,114,113,100,135,111,109,362,226,372,370,436,433,359,172,390,431,445,357,279,408,422,181,180,480,498,189,257,267,153,154,184,482,500,472,133,263,475,531,552,551,530,262,212,130,402,307,205,533,575,554,595,388,417,201,385,615,633,303,148,617,635,400,333,335,405,407,398,166,228,227,141,138,98,137,124,115,246,251,380,243,240,239,136,252,238,99,254,235,255,278,277,379,236,242,375,245,247,374,185,508,660,659,654,200,194,129,265,147,186,510,682,662,701,276,139,313,377,272,249,248,177,117,716,722,730,717,286,285,101,354,736,110,300,721,301,310,309,723,358,734,732,291,293,350,216,476,526,355,204,338,295,294,311,312,274,314,315,317,316,319,318,128,323,324,321,322,327,328,325,326,132,331,330,131,221,336,222,334,118,308,341,342,339,340,345,347,343,155,344,158,119,302,353,352,351,288,306,356,176,297,171,361,360,165,365,366,363,364,369,371,367,168,368,167,140,256,253,376,275,378,250,237,381,387,389,144,213,151,382,210,383,173,393,394,391,392,397,399,395,225,396,220,406,203,146,145,223,401,224,178,411,412,409,410,415,416,413,414,211,421,423,152,418,179,419,426,427,424,425,430,432,428,174,429,170,435,434,169,439,440,437,438,443,444,441,442,175,535,568,616,481,646,648,509,511,532,566,619,484,553,545,547,556,628,634,637,630,499,493,495,502,470,473,192,471,477,195,304,474,483,485,182,449,190,478,457,479,488,489,486,487,492,494,490,467,491,468,501,503,183,466,191,496,469,497,506,507,504,505,258,452,268,453,515,516,517,512,513,514,520,521,518,519,524,525,522,523,305,534,536,537,199,196,454,206,527,446,528,529,540,541,538,539,544,546,542,459,543,460,555,557,558,198,197,458,208,548,461,549,550,561,562,559,560,565,567,563,455,564,447,576,612,608,577,578,606,207,569,572,573,581,582,579,580,589,611,590,597,591,592,583,585,587,588,596,598,209,593,586,594,601,602,599,600,605,607,603,574,604,571,610,609,584,570,618,620,214,448,218,613,456,614,623,624,621,622,627,629,625,462,626,465,636,638,215,463,219,631,464,632,641,642,639,640,645,647,643,450,644,451,674,676,661,664,655,261,653,663,665,666,260,259,651,270,656,652,657,658,669,670,667,668,673,675,671,649,672,650,683,714,684,685,712,269,677,679,680,688,689,686,687,695,696,703,697,698,690,691,693,694,702,704,271,699,692,700,707,708,705,706,711,713,709,681,710,678,718,281,284,715,724,725,292,282,296,719,720,726,727,729,728,283,733,299,731,298,737,289,735,739,738,741,740,742,743,745,744,793,869,895,794,885,928,969,825,956,932,778,919,907,854,880,930,789,903,865,864,836,871,784,803,799,974,837,925,845,906,852,859,756,970,873,884,951,892,768,833,786,973,802,762,813,795,826,746,749,791,943,897,861,770,824,886,788,769,968,867,983,961,896,958,933,954,915,790,881,976,944,993,834,835,821,820,955,914,800,753,792,838,957,989,990,832,831,785,818,819,766,772,827,971,980,872,875,894,947,774,972,893,889,918,879,904,776,902,759,960,912,868,935,777,877,798,945,924,765,764,908,805,857,747,921,767,841,780,985,842,917,860,940,850,760,814,905,952,781,750,801,978,927,848,953,898,783,847,843,748,808,797,891,934,963,979,853,763,851,882,775,758,866,936,965,964,856,977,823,812,939,876,849,757,986,870,959,926,863,773,923,888,751,984,761,941,755,810,899,858,909,975,967,916,878,931,949,796,816,862,966,844,948,942,988,782,883,890,811,822,754,828,809,922,855,807,982,900,911,910,946,938,804,752,779,839,846,787,771,937,815,913,887,901,840,987,962,806,929,874,920,981,950,829,830,992,991,817
STAB 2 2 -1 1,9,6,4,10,3,7,8,2,5,11,13,12,14,16,15,20,23,25,17,24,22,18,21,19,27,26,55,56,79,60,39,44,38,40,36,41,34,32,35,37,43,42,33,53,52,48,47,49,51,50,46,45,57,28,29,54,73,74,31,68,63,62,76,75,78,77,61,72,71,70,69,58,59,65,64,67,66,30,81,80,88,83,84,90,89,87,82,86,85,95,97,96,94,91,93,92,107,99,109,108,103,102,137,136,112,98,101,100,110,135,106,123,125,124,126,133,155,302,279,287,231,113,115,114,116,134,132,158,131,130,128,117,127,111,105,104,166,168,256,228,241,232,213,223,178,173,222,177,172,225,174,189,180,118,160,159,129,157,156,164,163,162,161,167,138,165,139,175,179,176,150,147,152,169,171,149,146,170,154,188,449,466,187,313,444,184,181,153,467,452,471,280,343,304,454,458,550,529,326,333,332,416,474,470,459,585,455,574,220,224,221,144,448,463,317,335,462,450,210,212,148,145,211,151,230,229,141,227,226,122,143,234,233,248,236,250,249,240,239,142,242,277,244,254,278,255,235,238,237,251,252,275,245,247,140,274,496,651,658,653,328,345,348,381,390,442,497,691,649,681,371,370,257,253,368,243,246,120,193,294,282,296,295,286,285,121,288,735,290,300,720,301,281,284,283,297,298,731,291,293,119,316,195,513,353,477,344,717,716,312,311,185,315,314,303,216,325,327,329,324,323,322,321,318,200,319,262,320,334,336,202,201,330,217,331,346,347,342,341,340,339,194,308,263,337,338,264,350,349,355,356,306,354,351,352,359,358,357,367,369,372,366,365,364,363,360,276,361,273,272,362,374,373,377,378,375,376,380,379,265,395,396,385,384,398,397,400,399,266,394,393,392,391,382,383,387,386,389,388,413,414,408,405,404,415,417,403,412,411,410,409,401,402,406,203,407,428,429,431,430,433,432,427,426,425,424,418,419,421,420,423,422,441,443,445,440,439,438,437,434,267,435,186,436,460,461,214,182,219,464,191,469,196,208,465,468,197,206,446,447,218,215,451,456,183,190,457,453,205,192,473,472,204,476,475,307,490,491,481,480,493,492,495,494,489,488,487,486,478,479,483,482,485,484,258,268,499,498,509,508,511,510,507,506,505,504,501,500,503,502,522,305,523,524,526,525,521,520,519,518,512,514,515,517,516,542,543,199,537,532,531,545,544,547,546,530,541,540,539,538,527,528,534,533,536,535,563,564,198,558,553,552,566,565,568,567,551,562,561,560,559,548,549,555,554,557,556,583,584,586,588,587,209,590,589,592,591,582,581,580,579,569,570,207,571,573,572,576,575,578,577,603,604,606,605,608,607,602,601,600,599,593,594,596,595,598,597,609,610,612,611,625,626,616,615,628,627,630,629,624,623,622,621,613,614,618,617,620,619,643,644,634,633,646,645,648,647,642,641,640,639,631,632,636,635,638,637,270,652,259,650,261,655,654,671,672,260,666,661,660,674,673,676,675,659,670,669,668,667,656,657,663,662,665,664,690,692,694,693,271,696,695,698,697,689,688,687,686,677,269,678,680,679,683,682,685,684,709,710,712,711,714,713,708,707,706,705,699,700,702,701,704,703,718,310,309,715,728,292,725,722,730,729,721,727,726,719,724,723,299,733,732,734,289,737,736,739,738,744,745,743,742,740,741,795,816,758,762,814,760,810,757,822,759,761,753,748,755,751,756,749,783,859,877,875,940,942,971,872,879,972,863,867,968,926,865,930,862,966,952,831,763,949,950,948,858,947,794,896,793,959,791,789,746,964,898,908,841,847,905,844,839,906,845,901,840,813,815,752,890,823,808,750,809,747,817,830,829,821,820,754,812,893,919,922,894,918,819,818,782,951,988,990,989,842,846,843,803,807,799,836,838,802,805,837,800,978,957,974,963,923,982,932,934,985,936,787,764,864,866,779,773,860,777,861,774,909,944,876,878,770,946,912,766,870,765,871,771,928,885,886,884,883,881,882,889,910,887,811,897,903,824,827,907,790,891,797,960,904,806,962,892,900,801,804,895,798,868,888,943,874,941,915,914,920,921,828,825,916,917,826,852,925,924,776,965,880,967,778,977,854,969,855,973,857,981,984,986,767,913,768,911,869,970,873,788,786,784,785,832,781,954,953,956,955,849,976,792,899,980,902,851,796,927,780,929,775,933,945,769,772,935,850,987,958,931,848,983,961,937,853,979,938,856,939,975,833,835,834,992,991,993
STAB 2 2 1 1,10,3,11,9,6,7,8,5,2,4,13,12,36,26,27,17,48,38,20,44,49,47,33,34,15,16,63,76,81,68,39,24,25,41,14,40,19,32,37,35,42,43,21,53,51,23,18,22,52,46,50,45,78,62,64,66,75,77,61,60,55,28,56,73,57,74,31,70,69,72,71,65,67,58,29,59,54,80,79,30,89,94,87,90,88,84,86,82,85,96,97,95,83,93,91,92,122,244,164,121,102,103,232,241,106,231,287,161,290,162,112,156,157,233,127,193,346,350,177,101,98,160,234,159,134,116,329,348,332,202,320,280,126,163,142,143,226,370,374,227,136,137,385,405,408,390,335,279,172,398,431,184,181,337,113,114,264,125,123,109,111,135,100,372,230,362,273,445,422,357,150,266,420,436,359,120,403,433,188,154,481,499,153,274,442,189,180,187,493,509,473,117,345,476,532,553,558,537,328,221,131,414,477,470,545,590,566,606,400,407,333,384,616,634,316,222,628,646,388,201,217,404,417,386,138,141,229,228,166,107,104,115,124,278,251,379,277,239,240,105,252,249,99,245,248,247,246,243,380,236,242,377,254,255,373,313,501,661,666,655,326,343,158,381,173,444,503,696,674,712,368,168,185,375,371,238,235,149,133,310,722,723,309,285,286,108,354,737,110,291,725,293,716,717,730,358,734,733,300,301,349,317,475,516,351,474,347,284,281,312,311,257,315,314,216,303,327,325,132,322,321,324,323,319,262,318,200,128,336,334,130,212,331,148,330,155,344,340,339,342,341,263,338,194,118,308,129,302,119,306,356,355,288,353,352,171,297,176,369,367,167,364,363,366,365,361,272,360,139,276,165,256,140,275,378,253,376,237,250,265,397,399,213,144,225,395,220,396,147,392,391,394,393,387,389,382,151,383,210,415,416,178,223,145,413,211,146,410,409,412,411,406,203,401,402,224,430,432,174,428,170,429,425,424,427,426,421,423,418,152,419,179,443,441,175,438,437,440,439,435,186,434,267,169,547,556,615,480,635,637,500,502,531,554,630,495,552,533,535,568,617,633,648,619,498,482,484,511,205,472,471,192,307,304,195,204,492,494,449,182,467,490,468,491,487,486,489,488,483,485,478,190,479,457,508,510,466,183,452,258,453,268,505,504,507,506,496,191,497,469,524,526,525,522,305,523,519,518,521,520,515,517,512,514,513,544,546,530,529,454,196,459,542,460,543,199,539,538,541,540,534,536,527,206,528,446,565,567,551,550,458,197,455,563,447,564,198,560,559,562,561,555,557,548,208,549,461,589,611,597,592,591,595,585,583,588,587,580,579,582,581,576,612,575,608,578,577,569,207,573,572,605,607,574,603,571,604,600,599,602,601,596,598,593,209,594,586,610,609,570,584,627,629,448,214,462,625,465,626,622,621,624,623,618,620,613,218,614,456,645,647,463,215,450,643,451,644,640,639,642,641,636,638,631,219,632,464,662,664,660,676,654,653,261,673,675,659,658,651,259,649,671,650,672,260,668,667,670,669,663,665,656,270,657,652,695,703,698,697,701,691,690,694,693,687,686,689,688,683,682,714,685,684,677,269,680,679,711,713,681,709,678,710,706,705,708,707,702,704,699,271,700,692,715,294,295,718,729,721,720,282,283,728,292,727,726,724,719,296,732,731,299,298,736,735,289,738,739,745,744,743,742,741,740,791,944,907,789,881,880,933,919,955,854,930,825,895,932,928,778,794,892,777,860,842,878,949,839,841,850,846,924,805,804,923,764,761,945,946,883,832,903,942,988,948,935,844,749,808,746,922,795,762,793,911,891,866,872,893,882,947,971,775,774,979,980,790,976,969,953,914,896,885,958,869,993,990,989,820,821,956,915,847,757,959,843,849,835,834,951,782,950,830,829,875,972,894,769,961,770,766,827,788,867,772,824,887,828,771,900,926,962,755,899,874,909,973,865,765,908,970,925,877,859,798,845,936,816,917,940,799,966,856,836,921,864,767,974,751,750,801,781,952,814,905,848,965,978,954,797,763,800,838,758,813,898,897,855,851,983,982,783,963,886,968,748,861,857,927,796,985,931,812,823,986,870,957,753,939,876,792,776,773,863,852,910,760,938,756,913,759,752,960,787,868,987,929,920,871,977,784,964,747,779,780,802,786,768,833,831,884,811,890,754,822,918,815,826,934,840,853,904,943,888,873,984,906,810,862,803,837,858,879,981,809,941,889,806,807,975,902,901,967,912,916,937,785,819,818,991,992,817
STAB 2 2 1 1,2,3,4,5,6,7,8,9,10,11,12,13,14,15,16,17,18,19,20,21,22,23,24,25,26,27,28,29,30,31,32,33,34,35,36,37,38,39,40,41,42,43,44,45,46,47,48,49,50,51,52,53,54,55,56,57,58,59,60,61,62,63,64,65,66,67,68,69,70,71,72,73,74,75,76,77,78,79,80,81,82,83,84,85,86,87,88,89,90,91,92,93,94,95,96,97,98,99,100,101,102,103,104,105,106,107,108,109,110,111,112,113,114,115,116,117,118,119,120,121,122,123,124,125,126,127,128,129,130,131,132,133,134,135,136,137,138,139,140,141,142,143,144,145,146,147,148,149,150,151,152,153,154,155,156,157,158,159,160,161,162,163,164,165,166,167,168,169,170,171,172,173,174,175,176,177,178,179,180,181,182,183,184,185,186,187,188,189,190,191,192,193,194,195,196,197,198,199,200,201,202,203,204,205,206,207,208,209,210,211,212,213,214,215,216,217,218,219,220,221,222,223,224,225,226,227,228,229,230,231,232,233,234,235,236,237,238,239,240,241,242,243,244,245,246,247,248,249,250,251,252,253,254,255,256,257,258,259,260,261,262,263,264,265,266,267,268,269,270,271,272,273,274,275,276,277,278,279,280,281,282,283,284,285,286,287,288,289,290,291,292,293,294,295,296,297,298,299,300,301,302,303,304,305,306,307,308,309,310,311,312,313,314,315,316,317,318,319,320,321,322,323,324,325,326,327,328,329,330,331,332,333,334,335,336,337,338,339,340,341,342,343,344,345,346,347,348,349,350,351,352,353,354,355,356,357,358,359,360,361,362,363,364,365,366,367,368,369,370,371,372,373,374,375,376,377,378,379,380,381,382,383,384,385,386,387,388,389,390,391,392,393,394,395,396,397,398,399,400,401,402,403,404,405,406,407,408,409,410,411,412,413,414,415,416,417,418,419,420,421,422,423,424,425,426,427,428,429,430,431,432,433,434,435,436,437,438,439,440,441,442,443,444,445,446,447,448,449,450,451,452,453,454,455,456,457,458,459,460,461,462,463,464,465,466,467,468,469,470,471,472,473,474,475,476,477,478,479,480,481,482,483,484,485,486,487,488,489,490,491,492,493,494,495,496,497,498,499,500,501,502,503,504,505,506,507,508,509,510,511,512,513,514,515,516,517,518,519,520,521,522,523,524,525,526,527,528,529,530,531,532,533,534,535,536,537,538,539,540,541,542,543,544,545,546,547,548,549,550,551,552,553,554,555,556,557,558,559,560,561,562,563,564,565,566,567,568,569,570,571,572,573,574,575,576,577,578,579,580,581,582,583,584,585,586,587,588,589,590,591,592,593,594,595,596,597,598,599,600,601,602,603,604,605,606,607,608,609,610,611,612,613,614,615,616,617,618,619,620,621,622,623,624,625,626,627,628,629,630,631,632,633,634,635,636,637,638,639,640,641,642,643,644,645,646,647,648,649,650,651,652,653,654,655,656,657,658,659,660,661,662,663,664,665,666,667,668,669,670,671,672,673,674,675,676,677,678,679,680,681,682,683,684,685,686,687,688,689,690,691,692,693,694,695,696,697,698,699,700,701,702,703,704,705,706,707,708,709,710,711,712,713,714,715,716,717,718,719,720,721,722,723,724,725,726,727,728,729,730,731,732,733,734,735,736,737,738,739,740,741,742,743,744,745,746,747,748,749,750,751,752,753,754,755,756,757,758,759,760,761,762,763,764,765,766,767,768,769,770,771,772,773,774,775,776,777,778,779,780,781,782,783,784,785,786,787,788,789,790,791,792,793,794,795,796,797,798,799,800,801,802,803,804,805,806,807,808,809,810,811,812,813,814,815,816,817,818,819,820,821,822,823,824,825,826,827,828,829,830,831,832,833,834,835,836,837,838,839,840,841,842,843,844,845,846,847,848,849,850,851,852,853,854,855,856,857,858,859,860,861,862,863,864,865,866,867,868,869,870,871,872,873,874,875,876,877,878,879,880,881,882,883,884,885,886,887,888,889,890,891,892,893,894,895,896,897,898,899,900,901,902,903,904,905,906,907,908,909,910,911,912,913,914,915,916,917,918,919,920,921,922,923,924,925,926,927,928,929,930,931,932,933,934,935,936,937,938,939,940,941,942,943,944,945,946,947,948,949,950,951,952,953,954,955,956,957,958,959,960,961,962,963,964,965,966,967,968,969,970,971,972,973,974,975,976,977,978,979,980,981,982,983,984,985,986,987,988,989,990,991,992,993
STAB 2 2 1 6,9,1,10,4,3,7,20,11,5,2,16,27,38,13,26,8,39,25,17,24,44,48,49,36,12,15,40,51,52,41,23,22,14,55,19,60,34,47,61,62,112,102,33,126,79,18,32,21,56,80,64,134,97,68,81,78,125,135,63,28,31,37,30,123,54,100,35,187,189,188,180,160,164,159,46,163,92,76,29,50,228,231,232,124,166,104,230,229,234,279,57,133,107,280,149,66,94,241,162,290,106,42,137,136,43,98,101,77,287,74,103,75,73,90,53,96,316,317,95,110,83,157,233,156,127,45,335,222,172,332,348,177,116,161,244,87,89,274,313,88,99,84,333,343,345,221,158,117,131,326,328,71,69,350,58,65,329,113,114,59,67,109,111,442,227,407,374,436,473,476,202,385,398,470,477,93,405,414,184,70,314,378,72,256,224,154,153,181,409,411,416,91,223,474,336,396,399,334,225,213,130,471,304,169,525,523,439,437,381,444,173,390,311,356,302,132,325,327,400,384,320,408,372,431,82,86,226,138,141,122,143,85,115,236,248,377,242,247,245,142,249,277,105,255,278,254,235,238,371,246,243,368,239,240,370,168,323,429,432,321,174,178,128,220,144,167,395,397,369,367,237,140,373,380,275,252,251,193,120,358,725,733,734,293,291,121,737,735,108,301,720,300,281,284,347,716,717,344,285,286,346,155,359,744,745,171,731,298,297,615,448,273,480,449,349,337,462,450,129,508,496,654,653,635,420,617,386,148,529,454,150,266,531,264,530,119,283,793,795,794,762,403,723,404,216,732,217,118,303,740,463,516,289,305,633,195,294,204,681,649,211,710,704,650,664,662,379,701,185,375,186,139,257,250,466,272,498,253,276,388,497,458,147,212,152,691,210,550,201,668,667,627,613,682,551,510,262,552,265,847,170,145,146,263,898,267,194,500,452,482,467,897,472,824,422,165,823,651,151,643,192,658,925,863,852,926,636,659,915,200,660,203,947,581,205,554,455,595,574,582,417,802,362,175,491,626,616,481,628,494,493,629,537,606,607,604,558,590,637,502,646,634,547,495,499,509,630,556,445,433,179,402,357,176,307,475,757,460,182,315,191,810,456,464,677,695,977,941,969,648,825,410,535,598,655,696,183,376,190,324,614,387,756,930,859,865,261,412,269,447,809,351,585,922,741,459,724,728,955,754,792,533,976,575,306,814,952,532,196,199,330,207,760,451,572,331,564,557,787,935,928,592,885,514,884,485,876,541,553,197,198,389,209,909,620,858,383,680,697,707,708,857,973,921,440,540,453,886,832,608,883,968,566,206,684,528,867,434,443,844,788,694,988,545,948,845,546,905,517,906,781,949,468,208,763,586,465,900,851,911,796,892,619,768,438,484,786,989,819,782,785,669,461,214,312,219,392,457,469,864,877,871,940,391,511,670,319,568,594,430,758,215,352,218,812,479,816,970,862,873,966,914,869,418,318,895,446,712,713,666,364,501,258,322,842,841,661,259,260,423,271,985,700,908,419,618,625,394,393,912,861,766,360,770,363,913,932,569,705,674,268,488,801,561,927,910,848,887,489,503,971,562,882,931,382,706,589,972,366,270,879,759,652,559,560,685,693,974,676,837,361,365,803,738,310,309,820,520,722,282,292,299,822,721,954,890,956,521,308,730,296,338,295,354,288,736,821,718,513,353,813,896,355,526,341,647,644,339,542,544,492,490,729,714,777,933,944,839,881,507,791,942,505,623,856,621,783,678,798,711,709,426,591,587,424,504,506,641,639,543,950,605,603,831,571,567,441,340,742,342,815,749,746,789,904,415,675,672,413,576,580,755,578,573,982,962,743,959,919,726,428,790,880,522,907,990,830,829,739,715,518,645,797,752,524,855,960,610,993,612,833,570,817,609,671,771,828,703,979,866,874,899,435,775,702,891,888,934,699,943,773,901,692,957,673,870,539,778,624,799,946,923,767,761,657,804,565,748,563,765,665,779,656,663,936,878,622,846,527,534,583,536,588,751,679,965,688,686,953,401,784,406,849,747,808,800,893,918,964,980,840,593,602,698,774,638,872,917,978,963,836,486,421,631,938,555,843,483,987,868,958,425,427,776,924,889,750,981,764,487,769,478,894,549,548,967,975,937,860,690,596,600,632,642,640,579,597,903,611,584,577,727,811,719,519,827,515,512,838,806,983,601,599,689,945,939,805,753,780,854,850,538,772,916,826,683,687,902,853,986,961,807,920,875,929,984,951,835,834,991,992,818
STAB 2 2 1 6,5,1,2,11,3,7,20,4,9,10,27,16,19,12,15,8,32,34,17,33,21,18,22,14,13,26,37,46,50,35,47,49,36,62,38,61,25,23,60,55,112,102,24,134,80,48,39,44,64,79,56,126,92,31,30,54,159,163,28,63,68,40,81,160,78,164,41,189,187,180,188,123,100,125,51,135,97,29,76,52,229,107,104,234,230,232,166,228,124,149,66,280,231,133,279,57,83,105,111,110,106,42,143,142,43,122,121,59,108,67,103,58,65,85,45,91,216,303,93,290,94,114,115,113,116,53,148,217,150,130,129,120,127,109,99,84,82,185,257,86,244,87,212,263,194,201,264,193,202,262,200,72,70,119,75,73,128,156,157,77,74,161,162,186,141,211,140,175,192,195,131,144,151,205,204,95,145,203,153,69,315,376,71,373,417,181,184,154,410,412,402,96,404,307,330,389,383,331,386,384,332,472,475,445,514,517,440,438,265,267,266,147,312,352,349,320,319,318,210,213,132,146,165,152,89,88,138,226,227,98,137,90,233,251,246,253,252,247,245,136,243,238,241,255,235,254,278,277,276,248,249,272,239,240,139,273,324,423,419,322,420,403,329,388,385,362,387,382,360,361,379,374,256,250,375,242,236,117,177,297,292,299,298,293,291,101,289,736,287,301,721,300,310,309,308,294,295,338,285,286,118,337,176,741,740,357,732,734,358,448,615,168,449,480,302,155,617,635,348,496,508,653,654,450,174,462,225,335,530,531,172,173,454,158,529,350,723,795,793,762,794,178,283,223,316,731,222,346,317,745,633,305,737,516,463,476,716,477,701,662,407,704,710,664,650,649,237,681,274,275,442,370,313,380,498,368,466,377,371,220,510,552,390,333,431,682,400,551,221,667,668,613,627,691,550,497,326,458,381,824,422,405,408,343,897,444,345,452,500,467,482,898,471,847,170,372,915,660,398,636,473,659,863,925,926,852,643,658,823,328,651,414,802,582,470,455,554,574,595,581,224,947,167,436,485,620,214,182,218,479,190,614,199,209,594,598,198,207,451,453,219,215,446,457,183,191,456,447,169,179,433,416,171,359,474,304,825,535,481,314,509,969,630,648,695,677,941,977,810,464,757,409,460,604,261,269,499,378,493,323,629,395,930,756,865,859,655,411,696,556,976,306,575,792,744,533,728,724,754,955,922,459,809,585,351,885,884,196,532,537,336,590,928,637,592,334,557,564,935,787,760,572,814,525,952,491,921,540,197,553,558,396,606,857,626,973,399,697,680,708,707,909,858,876,439,541,502,905,782,586,781,906,208,545,694,546,845,443,434,788,844,684,785,206,786,867,528,886,523,968,883,768,484,566,892,608,619,851,900,796,911,763,465,949,437,468,948,819,989,832,988,670,568,616,311,646,391,495,511,877,864,940,871,392,469,669,325,461,607,418,895,634,356,628,914,494,869,862,970,966,873,812,816,430,327,758,547,271,700,260,363,258,501,321,766,770,259,661,666,429,712,912,713,861,432,625,618,393,394,985,908,842,369,841,364,931,759,589,706,270,503,489,882,562,910,927,887,848,488,268,803,561,801,913,397,705,569,837,365,674,974,932,676,560,559,693,685,879,652,972,367,366,971,738,281,284,820,521,282,722,725,733,956,720,890,954,822,520,347,296,730,344,717,288,354,735,821,718,526,355,896,813,353,513,342,632,638,340,534,527,478,483,719,692,764,752,747,769,750,506,746,784,504,624,874,622,903,703,866,699,702,427,573,578,425,505,507,642,640,536,833,593,596,951,597,549,435,339,743,341,958,789,791,749,963,401,657,665,406,583,579,854,587,591,902,853,742,826,753,727,421,808,751,515,748,818,834,835,739,715,519,631,891,933,512,899,934,609,817,584,950,611,993,610,663,850,849,678,806,798,856,855,441,804,709,797,965,960,711,964,924,983,714,918,656,917,538,761,623,872,780,776,878,778,675,775,548,907,555,860,672,945,673,671,868,767,621,772,544,542,576,543,577,880,698,888,689,687,811,415,942,413,828,944,790,893,800,957,943,807,961,605,601,679,805,644,799,870,889,904,875,487,428,645,929,563,827,490,937,936,815,424,426,923,773,978,881,975,777,486,839,492,838,567,565,984,981,987,765,683,603,599,647,641,639,580,571,783,570,612,588,726,953,729,518,843,522,524,894,979,901,602,600,688,779,920,774,919,946,755,771,539,846,986,959,690,686,982,962,916,840,980,939,836,938,967,831,829,830,991,992,990
STAB 2 2 -1 6,11,3,10,5,1,7,20,9,4,2,27,16,38,26,13,17,48,36,8,49,44,39,24,25,15,12,68,81,76,63,47,33,34,61,19,62,14,23,55,60,102,112,22,134,64,32,18,21,80,56,79,126,78,40,51,97,160,164,41,35,37,31,46,159,92,163,28,180,188,189,187,125,135,123,30,100,54,52,50,29,230,231,232,234,229,104,228,166,124,280,66,149,107,279,133,57,98,241,77,101,42,106,87,244,103,94,290,162,287,161,43,157,156,233,127,177,350,346,193,121,122,75,90,73,53,116,348,329,332,172,335,96,45,74,136,137,227,374,370,226,142,143,390,408,405,385,320,93,202,431,398,181,184,316,114,113,222,65,58,111,109,67,59,407,89,442,274,470,414,477,131,221,328,436,476,117,345,473,69,153,481,499,154,273,362,72,70,71,509,493,433,120,403,359,537,558,553,532,420,266,150,422,357,445,590,545,606,566,400,372,384,333,616,634,337,264,646,628,381,173,158,343,444,326,141,138,88,86,82,83,84,115,85,235,248,371,238,245,247,99,249,252,105,239,251,240,236,242,377,246,243,380,255,254,313,373,655,666,661,501,386,404,217,388,201,417,696,503,712,674,375,185,168,368,379,277,278,95,91,281,725,347,284,291,293,110,737,354,108,285,722,286,358,734,733,716,717,730,301,300,317,349,474,351,516,475,723,309,310,448,615,256,449,480,155,302,635,617,148,653,654,496,508,462,225,450,174,129,531,530,130,213,529,132,454,216,732,762,794,795,793,223,731,178,119,283,128,303,118,305,633,745,289,740,463,204,294,195,662,701,186,664,650,704,710,681,275,649,140,237,211,257,139,272,498,250,466,276,253,220,682,551,212,147,262,510,265,552,144,613,627,667,668,497,458,691,152,550,210,897,472,194,263,146,824,165,145,467,482,452,500,847,170,898,471,267,636,659,200,915,203,660,926,852,863,925,823,651,643,151,658,192,582,802,175,574,595,455,554,947,167,581,224,205,637,502,311,314,327,547,411,556,336,439,495,630,396,525,491,626,325,356,494,607,378,409,604,629,169,416,402,179,304,307,176,171,969,648,315,182,410,825,598,535,941,977,695,677,757,460,810,191,464,456,323,395,376,183,412,261,447,269,865,859,930,756,324,190,387,614,792,744,533,976,306,575,754,955,728,724,809,585,922,459,741,928,592,334,331,330,199,514,885,485,884,196,935,787,557,564,814,952,760,207,572,451,857,973,399,383,389,198,440,921,453,540,197,708,707,697,680,876,541,909,209,858,620,694,988,948,546,845,437,517,905,781,906,788,844,443,434,886,832,523,608,968,883,684,206,867,528,892,619,438,768,786,484,796,911,851,900,949,468,763,208,465,586,989,819,785,782,391,511,312,214,319,670,594,568,940,871,877,864,669,461,392,219,469,457,914,869,352,215,318,418,446,895,966,873,862,970,430,758,812,218,816,479,369,364,429,713,321,322,258,912,861,432,419,423,260,360,766,363,770,259,393,394,625,618,842,841,985,271,908,700,489,971,882,562,367,382,931,589,706,887,848,910,927,913,397,932,705,569,488,268,561,801,974,676,361,837,803,365,693,685,560,559,972,366,879,270,652,759,820,297,298,738,956,720,721,292,308,521,282,890,954,520,822,299,344,338,296,295,735,736,288,718,821,355,526,896,813,513,353,789,907,944,791,880,881,919,933,518,839,507,490,644,714,544,777,339,605,778,878,663,860,596,854,665,846,850,923,804,805,924,761,764,946,945,577,612,942,903,611,597,539,579,746,808,749,512,342,340,341,599,893,872,866,891,698,435,703,774,775,980,979,790,522,492,953,645,743,542,959,647,990,993,610,715,739,729,428,406,483,958,849,843,829,830,950,584,951,834,835,874,702,899,755,962,672,671,828,580,573,771,413,687,827,772,601,425,961,769,894,875,548,567,505,767,657,641,426,624,504,799,591,917,632,936,622,798,640,836,856,563,623,765,711,750,751,679,588,536,534,583,686,978,965,726,800,593,797,855,638,742,401,415,838,602,982,983,784,964,576,578,747,675,565,688,600,656,690,631,421,987,868,960,752,938,555,524,773,776,427,424,689,527,939,506,683,692,753,957,538,870,986,920,929,621,486,783,963,748,780,779,441,571,603,831,833,543,811,727,519,719,934,826,815,918,853,840,943,904,889,639,981,587,478,642,678,709,549,699,984,515,487,888,807,806,967,901,902,975,673,937,916,570,609,817,992,991,818
STAB 2 2 -1 6,4,3,2,9,1,7,20,5,11,10,16,27,19,15,12,17,18,14,8,22,21,32,33,34,26,13,31,30,29,28,23,24,25,60,38,55,36,47,62,61,102,112,49,126,56,39,48,44,79,64,80,134,54,37,46,92,123,100,35,41,40,68,51,125,97,135,63,188,180,187,189,159,163,160,81,164,78,50,52,76,166,107,104,124,228,232,229,230,234,133,57,279,231,149,280,66,122,105,59,121,42,106,84,99,103,83,110,111,108,109,43,114,113,115,116,120,119,118,117,101,98,58,85,65,45,127,129,128,130,150,148,91,53,67,142,143,141,140,139,138,136,137,147,146,145,144,132,95,131,152,151,154,153,216,157,156,217,73,75,162,161,74,77,211,82,186,185,205,203,204,202,201,200,175,195,193,194,192,70,184,182,183,181,168,167,71,69,72,191,190,179,177,178,176,199,198,197,196,174,173,172,170,171,169,207,206,209,208,210,165,213,212,214,215,155,158,219,218,265,266,264,263,267,262,227,226,86,88,89,94,87,233,90,278,246,276,277,245,247,244,243,242,241,239,236,240,251,252,253,248,249,250,255,254,257,256,261,260,259,258,225,223,222,220,221,224,269,268,271,270,275,274,273,272,237,238,235,93,96,310,292,308,309,291,293,290,289,288,287,285,282,286,297,298,299,294,295,296,301,300,303,302,307,306,305,304,283,284,281,615,448,373,480,449,337,349,450,462,335,654,653,508,496,617,386,635,420,348,454,529,332,384,530,320,531,316,731,794,762,793,795,404,732,403,350,723,329,317,346,516,463,740,737,745,633,477,716,476,649,681,442,650,664,710,704,701,375,662,374,379,407,313,370,368,466,380,498,371,377,388,691,550,333,390,326,497,381,458,385,627,613,668,667,510,552,682,431,551,400,898,471,345,343,408,847,372,405,482,467,500,452,824,422,897,472,444,643,658,328,823,414,651,852,926,925,863,915,660,636,398,659,473,581,947,436,595,574,554,455,802,362,582,417,470,451,453,312,315,318,446,412,447,330,440,457,456,389,514,485,620,319,352,479,594,376,410,598,614,445,402,416,433,475,474,359,357,810,464,314,481,409,757,604,460,977,941,677,695,825,535,969,509,648,630,324,387,378,499,411,655,556,696,859,865,756,930,323,493,395,629,922,741,459,809,351,585,955,754,724,728,976,575,792,533,744,760,572,331,334,336,537,525,814,491,952,532,787,935,564,557,885,884,928,590,592,637,909,858,383,399,396,558,439,876,502,541,553,707,708,680,697,921,540,857,606,973,626,684,785,786,528,867,438,523,886,883,968,844,788,434,443,905,782,517,586,906,781,694,545,845,546,763,465,437,949,948,468,911,796,900,851,768,484,892,566,619,608,819,989,988,832,392,469,311,616,325,669,607,461,871,940,864,877,670,568,391,646,511,495,812,816,356,634,327,430,547,758,873,966,970,862,418,895,914,628,869,494,360,363,423,700,322,321,501,985,908,419,432,429,666,369,842,364,841,661,394,393,618,625,766,770,912,712,861,713,488,803,801,561,361,397,913,569,705,848,887,927,910,931,382,759,706,589,489,503,562,882,879,652,367,972,971,366,685,693,559,560,837,365,974,674,676,932,820,358,734,738,822,721,720,725,347,520,722,954,890,521,956,733,338,344,730,717,736,735,354,718,821,353,513,813,896,526,355,749,748,747,746,751,750,753,752,519,769,506,483,638,692,527,764,340,593,761,767,671,765,603,755,672,772,771,776,775,774,773,778,777,780,779,588,584,784,783,570,571,538,580,791,790,789,524,341,339,342,600,800,799,798,797,679,441,678,805,804,807,806,808,515,478,811,631,742,534,826,632,818,817,609,715,739,719,421,413,490,815,828,827,835,834,833,612,831,830,829,856,709,855,854,853,665,663,849,579,591,850,406,686,843,846,602,424,840,839,838,836,565,549,504,878,675,642,427,623,505,872,573,870,647,868,621,866,639,875,874,555,624,860,699,881,880,698,577,543,542,576,687,889,888,727,893,605,891,899,644,743,415,401,894,601,902,901,942,943,583,587,944,657,548,689,599,673,683,645,428,937,936,934,933,929,563,512,924,923,426,425,688,544,920,507,690,714,919,918,539,917,916,939,938,622,487,903,904,907,946,945,435,597,596,951,950,536,953,726,518,729,960,959,958,957,962,961,964,963,978,640,975,578,492,641,703,702,567,711,967,522,486,965,980,979,984,983,982,981,656,987,986,611,610,993,992,991,990
BOUND 2 2 1 1,2,3,4,5,6,7,8,9,10,11,12,13,14,15,16,17,18,19,20,21,22,23,24,25,26,27,28,29,30,31,32,33,34,35,36,37,38,39,40,41,42,43,44,45,46,47,48,49,50,51,52,53,54,55,56,57,58,59,60,61,62,63,64,65,66,67,68,69,70,71,72,73,74,75,76,77,78,79,80,81,82,83,84,85,86,87,88,89,90,91,92,93,94,95,96,97,98,99,100,101,102,103,104,105,106,107,108,109,110,111,112,113,114,115,116,117,118,119,120,121,122,123,124,125,126,127,128,129,130,131,132,133,134,135,136,137,138,139,140,141,142,143,144,145,146,147,148,149,150,151,152,153,154,155,156,157,158,159,160,161,162,163,164,165,166,167,168,169,170,171,172,173,174,175,176,177,178,179,180,181,182,183,184,185,186,187,188,189,190,191,192,193,194,195,196,197,198,199,200,201,202,203,204,205,206,207,208,209,210,211,212,213,214,215,216,217,218,219,220,221,222,223,224,225,226,227,228,229,230,231,232,233,234,235,236,237,238,239,240,241,242,243,244,245,246,247,248,249,250,251,252,253,254,255,256,257,258,259,260,261,262,263,264,265,266,267,268,269,270,271,272,273,274,275,276,277,278,279,280,281,282,283,284,285,286,287,288,289,290,291,292,293,294,295,296,297,298,299,300,301,302,303,304,305,306,307,308,309,310,311,312,313,314,315,316,317,318,319,320,321,322,323,324,325,326,327,328,329,330,331,332,333,334,335,336,337,338,339,340,341,342,343,344,345,346,347,348,349,350,351,352,353,354,355,356,357,358,359,360,361,362,363,364,365,366,367,368,369,370,371,372,373,374,375,376,377,378,379,380,381,382,383,384,385,386,387,388,389,390,391,392,393,394,395,396,397,398,399,400,401,402,403,404,405,406,407,408,409,410,411,412,413,414,415,416,417,418,419,420,421,422,423,424,425,426,427,428,429,430,431,432,433,434,435,436,437,438,439,440,441,442,443,444,445,446,447,448,449,450,451,452,453,454,455,456,457,458,459,460,461,462,463,464,465,466,467,468,469,470,471,472,473,474,475,476,477,478,479,480,481,482,483,484,485,486,487,488,489,490,491,492,493,494,495,496,497,498,499,500,501,502,503,504,505,506,507,508,509,510,511,512,513,514,515,516,517,518,519,520,521,522,523,524,525,526,527,528,529,530,531,532,533,534,535,536,537,538,539,540,541,542,543,544,545,546,547,548,549,550,551,552,553,554,555,556,557,558,559,560,561,562,563,564,565,566,567,568,569,570,571,572,573,574,575,576,577,578,579,580,581,582,583,584,585,586,587,588,589,590,591,592,593,594,595,596,597,598,599,600,601,602,603,604,605,606,607,608,609,610,611,612,613,614,615,616,617,618,619,620,621,622,623,624,625,626,627,628,629,630,631,632,633,634,635,636,637,638,639,640,641,642,643,644,645,646,647,648,649,650,651,652,653,654,655,656,657,658,659,660,661,662,663,664,665,666,667,668,669,670,671,672,673,674,675,676,677,678,679,680,681,682,683,684,685,686,687,688,689,690,691,692,693,694,695,696,697,698,699,700,701,702,703,704,705,706,707,708,709,710,711,712,713,714,715,716,717,718,719,720,721,722,723,724,725,726,727,728,729,730,731,732,733,734,735,736,737,738,739,740,741,742,743,744,745,746,747,748,749,750,751,752,753,754,755,756,757,758,759,760,761,762,763,764,765,766,767,768,769,770,771,772,773,774,775,776,777,778,779,780,781,782,783,784,785,786,787,788,789,790,791,792,793,794,795,796,797,798,799,800,801,802,803,804,805,806,807,808,809,810,811,812,813,814,815,816,817,818,819,820,821,822,823,824,825,826,827,828,829,830,831,832,833,834,835,836,837,838,839,840,841,842,843,844,845,846,847,848,849,850,851,852,853,854,855,856,857,858,859,860,861,862,863,864,865,866,867,868,869,870,871,872,873,874,875,876,877,878,879,880,881,882,883,884,885,886,887,888,889,890,891,892,893,894,895,896,897,898,899,900,901,902,903,904,905,906,907,908,909,910,911,912,913,914,915,916,917,918,919,920,921,922,923,924,925,926,927,928,929,930,931,932,933,934,935,936,937,938,939,940,941,942,943,944,945,946,947,948,949,950,951,952,953,954,955,956,957,958,959,960,961,962,963,964,965,966,967,968,969,970,971,972,973,974,975,976,977,978,979,980,981,982,983,984,985,986,987,988,989,990,991,992,993
BOUND 2 2 -1 6,4,3,2,9,1,7,20,5,11,10,16,27,19,15,12,17,18,14,8,22,21,32,33,34,26,13,31,30,29,28,23,24,25,60,38,55,36,47,62,61,102,112,49,126,56,39,48,44,79,64,80,134,54,37,46,92,123,100,35,41,40,68,51,125,97,135,63,188,180,187,189,159,163,160,81,164,78,50,52,76,166,107,104,124,228,232,229,230,234,133,57,279,231,149,280,66,122,105,59,121,42,106,84,99,103,83,110,111,108,109,43,114,113,115,116,120,119,118,117,101,98,58,85,65,45,127,129,128,130,150,148,91,53,67,142,143,141,140,139,138,136,137,147,146,145,144,132,95,131,152,151,154,153,216,157,156,217,73,75,162,161,74,77,211,82,186,185,205,203,204,202,201,200,175,195,193,194,192,70,184,182,183,181,168,167,71,69,72,191,190,179,177,178,176,199,198,197,196,174,173,172,170,171,169,207,206,209,208,210,165,213,212,214,215,155,158,219,218,265,266,264,263,267,262,227,226,86,88,89,94,87,233,90,278,246,276,277,245,247,244,243,242,241,239,236,240,251,252,253,248,249,250,255,254,257,256,261,260,259,258,225,223,222,220,221,224,269,268,271,270,275,274,273,272,237,238,235,93,96,310,292,308,309,291,293,290,289,288,287,285,282,286,297,298,299,294,295,296,301,300,303,302,307,306,305,304,283,284,281,615,448,373,480,449,337,349,450,462,335,654,653,508,496,617,386,635,420,348,454,529,332,384,530,320,531,316,731,794,762,793,795,404,732,403,350,723,329,317,346,516,463,740,737,745,633,477,716,476,649,681,442,650,664,710,704,701,375,662,374,379,407,313,370,368,466,380,498,371,377,388,691,550,333,390,326,497,381,458,385,627,613,668,667,510,552,682,431,551,400,898,471,345,343,408,847,372,405,482,467,500,452,824,422,897,472,444,643,658,328,823,414,651,852,926,925,863,915,660,636,398,659,473,581,947,436,595,574,554,455,802,362,582,417,470,451,453,312,315,318,446,412,447,330,440,457,456,389,514,485,620,319,352,479,594,376,410,598,614,445,402,416,433,475,474,359,357,810,464,314,481,409,757,604,460,977,941,677,695,825,535,969,509,648,630,324,387,378,499,411,655,556,696,859,865,756,930,323,493,395,629,922,741,459,809,351,585,955,754,724,728,976,575,792,533,744,760,572,331,334,336,537,525,814,491,952,532,787,935,564,557,885,884,928,590,592,637,909,858,383,399,396,558,439,876,502,541,553,707,708,680,697,921,540,857,606,973,626,684,785,786,528,867,438,523,886,883,968,844,788,434,443,905,782,517,586,906,781,694,545,845,546,763,465,437,949,948,468,911,796,900,851,768,484,892,566,619,608,819,989,988,832,392,469,311,616,325,669,607,461,871,940,864,877,670,568,391,646,511,495,812,816,356,634,327,430,547,758,873,966,970,862,418,895,914,628,869,494,360,363,423,700,322,321,501,985,908,419,432,429,666,369,842,364,841,661,394,393,618,625,766,770,912,712,861,713,488,803,801,561,361,397,913,569,705,848,887,927,910,931,382,759,706,589,489,503,562,882,879,652,367,972,971,366,685,693,559,560,837,365,974,674,676,932,820,358,734,738,822,721,720,725,347,520,722,954,890,521,956,733,338,344,730,717,736,735,354,718,821,353,513,813,896,526,355,749,748,747,746,751,750,753,752,519,769,506,483,638,692,527,764,340,593,761,767,671,765,603,755,672,772,771,776,775,774,773,778,777,780,779,588,584,784,783,570,571,538,580,791,790,789,524,341,339,342,600,800,799,798,797,679,441,678,805,804,807,806,808,515,478,811,631,742,534,826,632,818,817,609,715,739,719,421,413,490,815,828,827,835,834,833,612,831,830,829,856,709,855,854,853,665,663,849,579,591,850,406,686,843,846,602,424,840,839,838,836,565,549,504,878,675,642,427,623,505,872,573,870,647,868,621,866,639,875,874,555,624,860,699,881,880,698,577,543,542,576,687,889,888,727,893,605,891,899,644,743,415,401,894,601,902,901,942,943,583,587,944,657,548,689,599,673,683,645,428,937,936,934,933,929,563,512,924,923,426,425,688,544,920,507,690,714,919,918,539,917,916,939,938,622,487,903,904,907,946,945,435,597,596,951,950,536,953,726,518,729,960,959,958,957,962,961,964,963,978,640,975,578,492,641,703,702,567,711,967,522,486,965,980,979,984,983,982,981,656,987,986,611,610,993,992,991,990
BOUND 2 2 -1 3,2,1,5,4,6,7,17,11,10,9,15,26,34,12,27,8,32,19,20,21,33,47,49,36,13,16,35,50,46,37,18,22,14,28,25,31,38,48,68,63,106,103,44,116,30,23,39,24,29,81,76,127,92,61,80,66,114,111,62,55,60,41,79,113,57,109,40,184,153,181,154,156,161,157,52,162,97,64,56,51,141,122,143,115,138,137,226,227,233,120,54,117,98,193,177,78,94,142,163,290,112,43,104,105,42,107,108,67,121,59,102,65,58,85,45,93,303,216,91,110,83,159,234,160,134,53,217,148,150,202,264,149,126,164,244,87,86,257,185,82,99,84,201,194,263,212,129,133,130,200,262,70,72,349,73,75,320,123,125,74,77,100,135,267,229,417,373,445,472,475,332,384,386,205,307,96,404,402,187,71,315,376,69,140,211,180,189,188,412,410,203,95,145,204,331,383,389,330,151,144,131,192,195,175,517,514,438,440,265,186,147,266,312,352,119,128,318,319,388,385,329,403,362,420,88,89,230,166,228,231,232,90,124,236,235,375,242,255,254,241,238,243,136,247,246,245,248,249,272,278,277,276,240,239,273,139,322,419,423,324,152,146,132,210,213,165,382,387,361,360,250,256,374,379,253,252,251,280,279,358,721,732,734,301,300,287,736,289,101,293,292,291,294,295,338,310,309,308,286,285,337,118,357,740,741,176,299,298,297,616,214,370,481,182,350,346,218,219,158,501,258,655,261,646,431,628,398,222,199,196,172,390,532,348,537,302,296,791,746,789,749,408,730,405,317,733,335,155,316,744,215,526,735,513,634,304,281,474,271,270,224,700,713,652,676,674,380,712,313,377,444,168,274,237,183,371,499,275,368,400,268,197,173,221,174,269,220,198,333,669,670,618,625,696,558,503,328,553,381,800,179,223,178,345,797,442,343,509,191,493,190,891,473,893,433,167,812,259,225,631,471,260,924,773,923,776,645,666,914,326,661,416,788,580,470,566,208,606,209,579,407,844,372,169,479,614,615,480,617,485,482,620,530,595,598,594,551,575,648,511,635,633,535,484,498,500,619,568,436,422,170,414,359,171,477,476,753,446,449,314,452,752,465,451,690,683,931,913,933,637,919,411,547,607,654,682,466,378,467,321,626,397,761,778,764,777,653,409,691,461,815,355,207,826,745,206,729,719,956,822,959,545,958,590,353,750,781,531,454,529,334,585,751,464,588,336,549,567,858,973,880,577,881,523,883,494,870,538,552,458,550,399,574,868,629,787,396,693,685,706,705,936,935,917,437,539,469,882,951,597,884,775,554,459,698,543,774,441,435,802,947,679,833,533,786,805,536,801,525,804,952,784,457,455,783,571,456,904,963,943,964,903,630,942,439,495,948,835,829,831,950,668,447,448,311,450,393,468,453,860,765,878,767,394,502,667,327,556,604,421,748,463,356,462,823,491,747,945,779,946,780,915,944,428,325,907,460,701,704,659,365,508,496,323,836,799,660,651,658,432,681,856,710,798,429,627,613,391,392,874,866,875,367,872,366,941,854,583,708,662,497,487,905,560,965,888,978,889,486,510,769,559,886,977,395,707,576,772,363,649,771,755,650,562,561,697,680,850,664,846,369,364,839,739,716,717,821,519,722,282,720,731,754,725,953,811,955,518,344,723,283,347,284,354,288,737,820,715,305,306,808,790,351,516,340,638,632,342,527,534,483,478,724,703,865,969,869,803,885,504,793,768,506,622,985,624,763,692,908,702,699,425,578,573,427,507,505,640,642,528,785,596,593,782,586,557,434,341,743,339,809,762,795,794,900,406,665,657,401,589,581,759,591,587,853,902,742,792,825,727,418,896,928,512,895,834,818,819,738,718,521,636,898,810,515,934,899,610,993,611,988,584,817,609,656,879,918,714,983,861,912,960,443,968,711,897,910,855,709,911,863,806,678,849,663,876,540,930,621,841,873,852,940,756,672,906,555,758,548,877,675,862,671,673,857,871,623,837,542,544,569,546,572,760,694,927,687,689,954,413,949,415,957,816,813,847,824,828,796,961,807,603,599,684,867,647,770,921,848,851,842,489,430,643,984,565,838,492,975,909,976,426,424,926,925,887,814,937,859,488,971,490,827,564,563,929,987,981,864,677,605,601,644,639,641,582,608,892,612,570,592,726,890,728,520,894,524,522,843,901,979,600,602,686,970,986,845,757,966,932,974,541,972,920,922,695,688,962,982,939,980,840,916,766,967,938,832,989,990,992,991,830
BOUND 2 2 1 6,5,1,2,11,3,7,20,4,9,10,27,16,19,12,15,8,32,34,17,33,21,18,22,14,13,26,37,46,50,35,47,49,36,62,38,61,25,23,60,55,112,102,24,134,80,48,39,44,64,79,56,126,92,31,30,54,159,163,28,63,68,40,81,160,78,164,41,189,187,180,188,123,100,125,51,135,97,29,76,52,229,107,104,234,230,232,166,228,124,149,66,280,231,133,279,57,83,105,111,110,106,42,143,142,43,122,121,59,108,67,103,58,65,85,45,91,216,303,93,290,94,114,115,113,116,53,148,217,150,130,129,120,127,109,99,84,82,185,257,86,244,87,212,263,194,201,264,193,202,262,200,72,70,119,75,73,128,156,157,77,74,161,162,186,141,211,140,175,192,195,131,144,151,205,204,95,145,203,153,69,315,376,71,373,417,181,184,154,410,412,402,96,404,307,330,389,383,331,386,384,332,472,475,445,514,517,440,438,265,267,266,147,312,352,349,320,319,318,210,213,132,146,165,152,89,88,138,226,227,98,137,90,233,251,246,253,252,247,245,136,243,238,241,255,235,254,278,277,276,248,249,272,239,240,139,273,324,423,419,322,420,403,329,388,385,362,387,382,360,361,379,374,256,250,375,242,236,117,177,297,292,299,298,293,291,101,289,736,287,301,721,300,310,309,308,294,295,338,285,286,118,337,176,741,740,357,732,734,358,448,615,168,449,480,302,155,617,635,348,496,508,653,654,450,174,462,225,335,530,531,172,173,454,158,529,350,723,795,793,762,794,178,283,223,316,731,222,346,317,745,633,305,737,516,463,476,716,477,701,662,407,704,710,664,650,649,237,681,274,275,442,370,313,380,498,368,466,377,371,220,510,552,390,333,431,682,400,551,221,667,668,613,627,691,550,497,326,458,381,824,422,405,408,343,897,444,345,452,500,467,482,898,471,847,170,372,915,660,398,636,473,659,863,925,926,852,643,658,823,328,651,414,802,582,470,455,554,574,595,581,224,947,167,436,485,620,214,182,218,479,190,614,199,209,594,598,198,207,451,453,219,215,446,457,183,191,456,447,169,179,433,416,171,359,474,304,825,535,481,314,509,969,630,648,695,677,941,977,810,464,757,409,460,604,261,269,499,378,493,323,629,395,930,756,865,859,655,411,696,556,976,306,575,792,744,533,728,724,754,955,922,459,809,585,351,885,884,196,532,537,336,590,928,637,592,334,557,564,935,787,760,572,814,525,952,491,921,540,197,553,558,396,606,857,626,973,399,697,680,708,707,909,858,876,439,541,502,905,782,586,781,906,208,545,694,546,845,443,434,788,844,684,785,206,786,867,528,886,523,968,883,768,484,566,892,608,619,851,900,796,911,763,465,949,437,468,948,819,989,832,988,670,568,616,311,646,391,495,511,877,864,940,871,392,469,669,325,461,607,418,895,634,356,628,914,494,869,862,970,966,873,812,816,430,327,758,547,271,700,260,363,258,501,321,766,770,259,661,666,429,712,912,713,861,432,625,618,393,394,985,908,842,369,841,364,931,759,589,706,270,503,489,882,562,910,927,887,848,488,268,803,561,801,913,397,705,569,837,365,674,974,932,676,560,559,693,685,879,652,972,367,366,971,738,281,284,820,521,282,722,725,733,956,720,890,954,822,520,347,296,730,344,717,288,354,735,821,718,526,355,896,813,353,513,342,632,638,340,534,527,478,483,719,692,764,752,747,769,750,506,746,784,504,624,874,622,903,703,866,699,702,427,573,578,425,505,507,642,640,536,833,593,596,951,597,549,435,339,743,341,958,789,791,749,963,401,657,665,406,583,579,854,587,591,902,853,742,826,753,727,421,808,751,515,748,818,834,835,739,715,519,631,891,933,512,899,934,609,817,584,950,611,993,610,663,850,849,678,806,798,856,855,441,804,709,797,965,960,711,964,924,983,714,918,656,917,538,761,623,872,780,776,878,778,675,775,548,907,555,860,672,945,673,671,868,767,621,772,544,542,576,543,577,880,698,888,689,687,811,415,942,413,828,944,790,893,800,957,943,807,961,605,601,679,805,644,799,870,889,904,875,487,428,645,929,563,827,490,937,936,815,424,426,923,773,978,881,975,777,486,839,492,838,567,565,984,981,987,765,683,603,599,647,641,639,580,571,783,570,612,588,726,953,729,518,843,522,524,894,979,901,602,600,688,779,920,774,919,946,755,771,539,846,986,959,690,686,982,962,916,840,980,939,836,938,967,831,829,830,991,992,990
BOUND 2 2 -1 1,5,6,11,2,3,7,8,10,9,4,12,13,36,27,26,20,47,34,17,33,49,48,44,38,16,15,62,64,80,61,32,21,19,37,14,35,25,39,41,40,43,42,24,45,50,18,23,22,46,52,51,53,66,63,76,78,65,67,68,31,28,55,29,58,54,59,60,71,72,69,70,75,77,73,56,74,57,81,30,79,86,94,87,85,82,84,89,88,90,93,92,91,83,96,95,97,231,244,161,287,103,102,143,142,112,122,121,164,290,163,106,160,159,234,134,280,337,349,149,108,107,156,233,157,127,126,320,264,202,332,329,193,116,162,241,232,230,273,373,229,105,104,384,404,403,266,217,120,150,386,420,187,188,346,123,125,348,114,113,100,135,111,109,362,226,372,370,436,433,359,172,390,431,445,357,279,408,422,181,180,480,498,189,257,267,153,154,184,482,500,472,133,263,475,531,552,551,530,262,212,130,402,307,205,533,575,554,595,388,417,201,385,615,633,303,148,617,635,400,333,335,405,407,398,166,228,227,141,138,98,137,124,115,246,251,380,243,240,239,136,252,238,99,254,235,255,278,277,379,236,242,375,245,247,374,185,508,660,659,654,200,194,129,265,147,186,510,682,662,701,276,139,313,377,272,249,248,177,117,716,722,730,717,286,285,101,354,736,110,300,721,301,310,309,723,358,734,732,291,293,350,216,476,526,355,204,338,295,294,311,312,274,314,315,317,316,319,318,128,323,324,321,322,327,328,325,326,132,331,330,131,221,336,222,334,118,308,341,342,339,340,345,347,343,155,344,158,119,302,353,352,351,288,306,356,176,297,171,361,360,165,365,366,363,364,369,371,367,168,368,167,140,256,253,376,275,378,250,237,381,387,389,144,213,151,382,210,383,173,393,394,391,392,397,399,395,225,396,220,406,203,146,145,223,401,224,178,411,412,409,410,415,416,413,414,211,421,423,152,418,179,419,426,427,424,425,430,432,428,174,429,170,435,434,169,439,440,437,438,443,444,441,442,175,535,568,616,481,646,648,509,511,532,566,619,484,553,545,547,556,628,634,637,630,499,493,495,502,470,473,192,471,477,195,304,474,483,485,182,449,190,478,457,479,488,489,486,487,492,494,490,467,491,468,501,503,183,466,191,496,469,497,506,507,504,505,258,452,268,453,515,516,517,512,513,514,520,521,518,519,524,525,522,523,305,534,536,537,199,196,454,206,527,446,528,529,540,541,538,539,544,546,542,459,543,460,555,557,558,198,197,458,208,548,461,549,550,561,562,559,560,565,567,563,455,564,447,576,612,608,577,578,606,207,569,572,573,581,582,579,580,589,611,590,597,591,592,583,585,587,588,596,598,209,593,586,594,601,602,599,600,605,607,603,574,604,571,610,609,584,570,618,620,214,448,218,613,456,614,623,624,621,622,627,629,625,462,626,465,636,638,215,463,219,631,464,632,641,642,639,640,645,647,643,450,644,451,674,676,661,664,655,261,653,663,665,666,260,259,651,270,656,652,657,658,669,670,667,668,673,675,671,649,672,650,683,714,684,685,712,269,677,679,680,688,689,686,687,695,696,703,697,698,690,691,693,694,702,704,271,699,692,700,707,708,705,706,711,713,709,681,710,678,718,281,284,715,724,725,292,282,296,719,720,726,727,729,728,283,733,299,731,298,737,289,735,739,738,741,740,742,743,745,744,793,869,895,794,885,928,969,825,956,932,778,919,907,854,880,930,789,903,865,864,836,871,784,803,799,974,837,925,845,906,852,859,756,970,873,884,951,892,768,833,786,973,802,762,813,795,826,746,749,791,943,897,861,770,824,886,788,769,968,867,983,961,896,958,933,954,915,790,881,976,944,993,834,835,821,820,955,914,800,753,792,838,957,989,990,832,831,785,818,819,766,772,827,971,980,872,875,894,947,774,972,893,889,918,879,904,776,902,759,960,912,868,935,777,877,798,945,924,765,764,908,805,857,747,921,767,841,780,985,842,917,860,940,850,760,814,905,952,781,750,801,978,927,848,953,898,783,847,843,748,808,797,891,934,963,979,853,763,851,882,775,758,866,936,965,964,856,977,823,812,939,876,849,757,986,870,959,926,863,773,923,888,751,984,761,941,755,810,899,858,909,975,967,916,878,931,949,796,816,862,966,844,948,942,988,782,883,890,811,822,754,828,809,922,855,807,982,900,911,910,946,938,804,752,779,839,846,787,771,937,815,913,887,901,840,987,962,806,929,874,920,981,950,829,830,992,991,817
BOUND 2 2 1 3,11,6,5,10,1,7,17,2,4,9,26,15,34,27,12,20,47,36,8,49,33,32,21,19,16,13,61,80,64,62,48,44,38,68,25,63,14,18,28,31,103,106,22,127,76,39,23,24,81,29,30,116,66,35,50,92,156,161,37,40,41,60,52,157,97,162,55,154,181,153,184,114,111,113,79,109,57,46,51,56,226,122,143,233,227,137,141,138,115,193,78,177,98,120,117,54,107,142,67,108,43,112,87,244,102,94,290,163,121,164,42,159,160,234,134,149,349,337,280,287,231,65,85,58,45,126,264,320,202,150,217,93,53,59,105,104,229,373,273,230,241,232,266,403,404,384,329,96,332,420,386,188,187,303,125,123,148,75,73,135,100,77,74,417,86,267,257,205,402,307,130,212,262,445,475,133,263,472,72,189,480,498,180,370,372,69,71,70,500,482,422,279,408,357,530,551,552,531,431,390,172,433,359,436,575,533,595,554,388,362,385,201,615,633,346,348,635,617,265,147,129,194,186,200,228,166,82,89,88,83,84,124,90,248,235,272,249,254,255,99,238,252,136,240,251,239,236,242,375,278,277,379,247,245,185,374,654,659,660,508,398,405,335,400,333,407,682,510,701,662,377,313,139,276,380,243,246,91,95,294,721,338,295,300,301,110,736,354,101,286,722,285,358,734,732,310,309,723,293,291,216,350,204,355,526,476,730,717,716,214,616,140,182,481,118,119,646,628,222,261,655,258,501,218,151,219,152,158,532,537,131,144,199,128,196,317,733,749,789,746,791,145,299,146,302,296,132,316,155,513,634,741,735,744,215,474,281,304,674,712,444,676,652,713,700,271,253,270,256,250,224,274,168,371,499,237,183,368,275,210,696,558,221,173,328,503,381,553,213,625,618,670,669,268,197,269,174,198,220,891,473,343,345,178,893,167,223,190,493,191,509,800,179,797,192,442,645,666,326,914,416,661,776,923,773,924,812,259,631,225,260,471,579,844,169,209,606,208,566,788,165,580,211,470,648,511,312,315,319,535,410,568,331,438,484,619,383,517,479,614,318,352,485,598,376,412,594,620,175,203,414,170,195,477,171,176,933,637,314,449,411,919,607,547,913,931,683,690,753,446,752,452,451,465,322,382,378,466,409,653,461,691,777,764,778,761,321,467,397,626,959,740,545,958,353,590,822,956,719,729,815,207,826,206,745,880,577,330,336,334,529,523,881,494,883,454,973,858,567,549,750,781,751,585,588,464,936,935,389,396,399,550,437,917,469,539,458,705,706,685,693,870,538,868,574,787,629,679,833,786,536,805,440,525,801,952,804,947,802,435,441,882,951,514,597,775,884,698,459,774,543,903,630,439,942,948,495,964,943,963,904,784,457,783,455,456,571,835,829,950,831,394,502,311,448,327,667,604,556,767,878,765,860,668,447,393,450,453,468,915,944,356,463,325,428,460,907,780,946,779,945,421,748,823,462,747,491,361,365,419,704,324,323,496,874,866,423,429,432,658,367,875,366,872,651,392,391,613,627,836,799,856,681,798,710,486,769,886,559,360,395,977,576,707,889,978,888,965,941,387,854,708,583,487,497,560,905,850,664,369,846,839,364,680,697,561,562,772,363,771,649,650,755,821,297,298,739,955,292,725,720,344,518,282,811,953,519,754,731,308,347,283,284,289,737,288,715,820,351,516,790,808,305,306,794,895,869,793,928,885,825,969,521,803,504,478,632,703,534,865,342,596,930,871,673,864,605,932,675,837,974,852,906,845,925,756,859,873,970,592,611,768,892,612,608,540,582,795,813,762,522,339,341,340,602,824,770,861,897,684,443,714,867,968,961,983,896,512,483,954,636,742,527,792,638,834,993,610,718,738,724,418,415,492,976,957,838,819,818,785,570,832,990,989,912,711,960,759,902,657,656,918,581,587,879,401,688,894,972,600,426,980,971,827,766,563,557,506,940,672,640,425,621,507,841,578,921,644,857,623,908,641,842,985,548,622,877,702,814,760,694,572,546,544,569,689,848,927,727,847,603,898,934,647,743,413,406,843,599,853,979,949,796,589,591,816,665,555,687,601,671,677,643,430,975,909,899,810,984,565,515,863,926,424,427,686,542,986,505,695,678,757,849,541,876,939,916,967,624,489,763,851,758,966,862,434,586,593,782,988,528,890,726,520,728,855,922,809,828,982,807,911,900,887,642,937,573,490,639,692,699,564,709,938,524,488,910,840,901,929,806,962,987,663,981,920,584,609,817,991,992,830
CELL 3 1 24
STAB 3 1 -1 2,1,7,4,5,6,3,10,9,8,12,11,13,16,15,14,21,22,20,19,17,18,23,25,24,37,32,29,28,30,31,27,34,33,36,35,26,42,41,40,39,38,44,43,48,47,46,45,50,49,51,53,52,55,54,57,56,63,62,83,92,59,58,67,66,65,64,91,77,78,75,76,74,73,71,72,69,70,84,85,82,81,60,79,80,87,86,90,89,88,68,61,94,93,97,96,95,101,109,100,98,107,108,112,106,105,102,103,99,111,110,104,115,116,113,114,118,117,119,120,122,121,128,132,131,130,212,123,133,126,125,124,129,148,135,137,136,139,138,140,141,143,142,151,153,152,154,134,150,149,144,146,145,147,158,318,330,155,217,200,312,315,216,185,166,165,168,167,173,174,172,171,169,170,180,177,176,179,178,175,440,190,191,412,164,188,203,186,211,182,183,195,194,193,192,206,208,207,209,160,202,201,187,205,204,196,198,197,199,213,189,127,210,218,219,163,159,214,215,225,222,221,224,223,220,360,379,251,265,276,291,245,324,262,238,250,237,235,248,249,254,256,255,257,232,247,246,239,240,236,228,253,252,241,243,242,244,268,270,269,271,234,264,263,229,267,266,258,260,259,261,273,272,274,275,230,278,277,297,308,284,296,283,281,294,295,300,302,301,303,231,293,292,285,286,282,279,299,298,287,289,288,290,305,304,306,307,280,310,309,313,161,311,317,162,316,314,156,320,319,328,329,327,233,326,325,323,321,322,157,332,331,336,335,334,333,338,337,347,348,345,346,344,343,341,342,339,340,352,351,350,349,354,353,356,355,358,357,359,226,362,361,371,372,369,370,368,367,365,366,363,364,376,375,374,373,378,377,227,381,380,385,384,383,382,389,388,387,386,434,399,400,397,398,396,395,393,394,391,392,405,404,419,402,401,407,406,418,416,417,415,184,414,413,411,409,410,408,403,423,422,421,420,432,433,430,431,429,428,426,427,424,425,390,436,435,444,445,443,181,442,441,439,437,438,454,455,456,457,451,450,453,452,446,447,448,449,461,460,459,458,465,464,463,462,469,468,467,466,570,513,514,512,584,517,521,609,481,480,479,478,485,484,483,482,494,495,492,493,491,490,488,489,486,487,499,498,497,496,503,502,501,500,510,511,508,509,506,507,504,505,473,471,472,516,515,475,525,526,524,476,523,522,520,518,519,532,531,586,594,528,527,536,535,534,533,593,546,547,544,545,543,542,540,541,538,539,553,552,572,573,549,548,557,556,555,554,569,567,568,565,566,564,563,561,562,559,560,558,470,574,550,551,571,578,577,576,575,591,592,589,590,587,474,588,529,583,585,581,582,579,580,537,530,598,597,596,595,607,608,605,606,604,603,601,602,599,600,477,611,610,612,616,615,614,613,620,619,618,617,629,630,627,628,626,625,623,624,621,622,634,633,632,631,638,637,636,635,647,648,645,646,644,643,641,642,639,640,650,649,652,651,692,700,699,661,660,679,680,657,656,665,664,663,662,677,675,676,673,674,672,671,669,670,667,668,666,681,658,659,678,685,684,683,682,697,698,695,696,693,694,653,690,691,688,689,686,687,655,654,704,703,702,701,713,714,711,712,710,709,707,708,705,706,716,715,718,717,722,735,736,719,724,723,739,729,730,728,726,727,731,741,743,740,720,721,738,737,725,734,732,745,733,744,742,750,752,751,753,746,748,747,749,754,757,758,755,756,762,761,760,759,764,763,770,771,772,769,768,765,766,767,777,779,778,780,773,775,774,776,782,781,787,788,786,785,783,784,902,796,900,794,801,792,809,790,804,806,805,807,793,803,802,797,799,798,800,810,795,808,812,811,816,815,814,813,822,821,820,819,818,817,827,828,826,825,823,824,830,829,832,831,833,835,834,840,841,839,838,836,837,847,844,843,846,845,842,851,850,849,848,857,854,853,856,855,852,859,858,862,863,860,861,867,866,865,864,873,874,875,872,871,868,869,870,879,878,877,876,888,887,889,884,883,886,885,881,880,882,894,928,901,921,890,898,899,910,895,896,791,892,789,908,905,904,907,906,903,913,897,912,911,909,971,942,919,918,917,916,922,893,920,981,983,935,929,930,891,926,927,938,939,934,933,925,937,936,931,932,945,946,915,944,943,940,941,953,956,954,955,952,951,947,949,950,948,961,963,962,964,957,959,958,960,968,967,966,965,985,972,914,970,979,980,977,978,975,976,973,974,923,986,924,987,969,982,984,993,992,991,990,989,988
STAB 3 1 -1 2,8,7,12,9,6,3,10,5,1,4,13,11,35,37,32,21,45,42,19,43,50,46,34,33,15,14,58,72,82,91,41,25,24,39,16,40,20,27,26,36,38,44,17,52,51,23,22,18,53,47,49,48,70,59,67,65,71,69,92,83,54,29,57,74,56,73,31,78,77,76,75,66,64,63,28,62,55,85,84,30,89,93,86,88,90,79,87,81,80,96,95,97,60,94,68,61,121,257,185,122,107,108,245,254,105,291,300,312,303,315,104,318,330,324,212,194,342,351,176,98,101,200,262,217,148,114,322,340,331,201,319,308,130,216,143,142,360,366,375,379,137,136,382,401,418,434,334,297,171,394,427,412,440,338,115,116,263,131,128,99,110,135,100,364,276,361,272,438,421,358,149,267,423,435,359,120,419,425,186,147,478,496,145,274,441,211,175,203,489,507,512,118,341,521,527,548,569,593,321,222,125,413,609,570,541,582,562,602,392,406,336,383,613,631,316,221,624,642,387,202,159,402,410,389,139,141,265,251,165,102,112,113,132,277,228,227,278,248,249,106,253,240,109,232,239,246,247,255,381,250,256,378,241,243,376,311,502,656,677,699,325,344,155,380,169,437,500,689,670,708,367,167,164,374,363,235,238,150,129,309,719,724,310,294,295,103,353,738,111,231,739,292,715,718,727,357,740,743,287,289,352,314,517,515,350,584,339,281,284,161,313,244,162,317,163,290,323,326,124,329,328,233,327,320,234,156,160,123,333,335,126,127,332,134,157,158,343,348,347,346,345,264,337,193,117,280,133,288,119,306,355,356,302,354,349,172,279,177,365,368,168,372,371,370,369,362,273,226,138,230,166,242,140,275,377,252,373,237,236,229,393,391,210,151,220,396,225,395,154,400,399,398,397,388,386,385,144,384,213,411,409,179,224,153,414,189,152,417,416,184,415,407,187,405,404,223,426,424,170,429,174,428,433,432,431,430,422,420,408,146,403,178,439,442,180,445,444,181,443,436,188,390,266,173,539,555,614,479,638,636,503,501,528,557,622,487,549,536,534,560,620,632,640,618,497,485,483,505,204,514,513,195,307,305,192,205,488,486,457,190,468,491,467,490,495,494,493,492,484,482,481,182,480,449,506,504,469,191,453,268,452,258,511,510,509,508,499,183,498,466,520,519,518,523,304,522,526,525,476,524,516,475,473,472,471,540,538,594,586,446,206,460,543,459,542,209,547,546,545,544,535,533,532,196,531,454,561,559,573,572,461,208,447,564,455,563,207,568,567,566,565,556,554,553,197,552,458,581,610,596,580,579,598,588,587,585,583,592,591,590,589,577,612,578,600,575,576,558,198,551,550,601,599,571,604,574,603,608,607,606,605,597,595,537,199,530,529,611,477,470,474,623,621,456,218,465,626,462,625,630,629,628,627,619,617,616,214,615,448,641,639,464,219,451,644,450,643,648,647,646,645,637,635,634,215,633,463,665,663,657,668,700,692,271,669,667,680,679,652,270,650,672,649,671,269,676,675,674,673,664,662,661,259,660,651,688,702,687,686,704,694,693,691,690,698,697,696,695,684,685,706,682,683,666,260,659,658,707,705,678,710,681,709,714,713,712,711,703,701,655,261,654,653,716,285,286,717,726,736,735,296,283,728,293,730,729,723,722,282,741,731,298,299,721,720,301,737,725,742,744,733,745,732,734,900,943,906,902,887,888,934,916,950,853,927,826,898,939,891,775,792,901,773,862,847,877,954,838,837,849,845,983,799,797,981,763,760,940,941,884,831,908,915,993,956,925,843,753,810,750,920,809,759,801,912,928,865,871,921,889,953,914,778,779,973,974,796,978,985,947,971,899,886,963,874,988,991,992,819,818,948,942,842,755,962,844,850,834,835,952,781,955,829,830,870,970,890,768,957,765,771,823,784,864,767,828,881,824,766,791,929,959,757,896,869,913,979,866,770,903,972,935,878,858,806,846,937,813,918,945,805,967,855,840,893,867,772,980,748,746,793,782,951,815,904,851,968,976,949,804,764,807,839,756,816,895,910,856,848,924,986,787,958,885,965,751,863,852,930,790,969,938,811,827,982,875,961,749,932,879,794,780,777,861,857,897,761,931,758,909,762,747,964,783,873,984,926,922,872,975,788,960,752,774,776,803,785,769,833,832,883,812,894,754,817,917,814,825,933,836,854,905,944,880,868,987,907,808,860,802,841,859,876,923,795,946,882,798,800,977,789,892,966,911,919,936,786,820,821,990,989,822
STAB 3 1 1 2,9,6,4,8,7,3,10,1,5,12,13,11,16,14,15,19,23,24,21,25,18,22,17,20,32,37,54,57,84,83,41,43,42,40,35,39,33,27,36,26,44,38,34,52,53,45,46,50,51,49,47,48,56,29,28,55,74,73,31,91,58,59,72,71,70,69,92,76,75,78,77,63,62,66,67,64,65,30,82,85,90,60,79,88,89,86,81,87,80,97,95,96,93,68,94,61,102,109,99,103,108,107,136,137,104,101,98,100,111,135,105,128,131,132,130,129,158,288,297,300,291,115,113,116,114,148,124,155,125,126,123,118,212,110,106,112,165,167,242,251,254,245,210,224,179,169,221,176,171,220,170,211,175,117,200,217,133,330,318,185,216,315,312,168,139,166,138,180,178,177,149,154,146,173,172,150,152,174,147,186,457,469,203,311,437,412,440,145,468,453,513,308,344,305,446,461,572,586,325,336,331,409,584,570,460,588,447,571,225,223,222,151,456,464,314,334,465,451,213,127,134,153,189,144,276,265,141,379,360,121,142,262,324,239,250,236,240,249,248,143,256,278,257,241,277,243,238,235,237,228,253,275,232,246,140,274,499,652,679,692,321,341,340,380,434,441,498,694,650,678,363,366,244,252,367,255,247,120,194,285,296,282,286,295,294,122,302,720,303,287,735,289,284,281,283,279,299,731,231,292,119,316,192,471,354,609,343,718,715,161,313,164,162,317,290,163,326,323,322,233,327,329,328,156,160,320,234,319,335,333,201,202,157,159,332,342,339,346,345,348,347,193,280,264,338,337,263,351,352,356,355,306,353,350,349,359,357,358,368,365,364,370,369,372,371,226,230,362,272,273,361,375,376,378,377,374,373,381,227,229,396,395,382,383,394,393,392,391,267,398,397,400,399,385,384,388,389,386,387,414,413,418,401,402,411,410,419,184,415,417,416,405,404,407,187,406,429,428,427,426,425,424,431,430,433,432,408,403,422,423,420,421,442,439,438,181,443,445,444,390,266,436,188,435,459,458,218,190,215,463,183,466,206,197,462,467,208,196,454,455,214,219,450,448,191,182,449,452,204,195,512,514,205,521,517,307,491,490,478,479,489,488,487,486,493,492,495,494,481,480,484,485,482,483,268,258,496,497,507,506,505,504,509,508,511,510,502,503,500,501,523,304,522,520,519,518,476,524,526,525,473,472,516,475,515,543,542,209,593,527,528,541,540,539,538,594,545,544,547,546,532,531,535,536,533,534,564,563,207,569,548,549,562,561,560,559,573,566,565,568,567,553,552,556,557,554,555,587,474,529,585,583,199,582,581,580,579,590,589,592,591,558,470,198,574,551,550,577,578,575,576,604,603,602,601,600,599,606,605,608,607,537,530,597,598,595,596,477,611,612,610,626,625,613,614,624,623,622,621,628,627,630,629,616,615,619,620,617,618,644,643,631,632,642,641,640,639,646,645,648,647,634,633,637,638,635,636,259,651,270,649,271,699,700,672,671,269,677,656,657,670,669,668,667,680,674,673,676,675,661,660,664,665,662,663,693,653,691,690,261,689,688,687,686,696,695,698,697,666,260,681,659,658,684,685,682,683,710,709,708,707,706,705,712,711,714,713,655,654,703,704,701,702,717,309,310,716,728,293,739,719,727,726,736,730,729,722,723,724,298,743,741,740,301,738,721,725,737,744,742,733,745,734,732,809,813,756,759,815,761,808,755,817,762,760,749,751,757,748,758,753,787,858,878,870,945,915,914,871,876,970,861,864,965,929,866,927,860,967,951,832,764,954,955,956,859,953,792,899,801,962,900,902,750,960,895,903,837,842,904,843,838,907,846,892,836,816,814,747,894,827,810,746,795,752,822,829,830,818,819,754,811,921,916,920,890,917,820,821,781,952,993,991,992,847,845,844,802,800,805,840,839,803,799,841,807,976,961,980,958,981,986,939,933,969,937,783,763,867,865,774,777,862,773,863,779,913,943,879,877,765,941,911,771,875,770,872,766,891,886,885,883,884,887,889,882,897,881,812,910,908,828,823,906,796,928,804,964,905,798,959,901,791,793,797,898,806,873,880,944,869,946,942,971,922,893,824,826,919,918,825,857,935,983,780,968,888,966,775,975,853,985,856,979,852,923,987,982,772,909,769,912,874,972,868,784,785,788,786,831,782,949,947,948,950,850,978,794,896,974,789,848,790,930,776,926,778,934,940,768,767,925,849,984,963,938,851,924,957,936,854,973,931,855,932,977,833,834,835,989,990,988
STAB 3 1 1 2,5,6,12,1,7,3,10,8,9,4,11,13,35,32,37,19,46,33,21,34,50,45,43,42,14,15,59,67,85,92,27,17,20,26,16,36,24,41,39,40,44,38,25,48,49,22,23,18,47,53,51,52,65,58,72,70,66,64,91,31,29,54,28,63,55,62,83,75,76,77,78,71,69,74,57,73,56,82,30,84,87,93,86,80,81,79,89,90,88,94,61,68,60,96,97,95,291,257,312,300,108,107,142,143,104,121,122,185,303,216,105,200,217,262,148,308,338,352,150,103,102,318,324,330,212,130,319,263,201,331,322,194,114,315,254,245,276,272,376,265,106,112,383,402,419,267,159,120,149,389,423,203,186,342,128,131,340,116,115,100,135,110,99,361,360,364,366,435,425,359,171,434,427,438,358,297,418,421,440,175,479,497,211,244,266,145,147,412,485,503,514,129,264,517,528,549,573,594,234,127,126,404,307,204,536,578,557,598,387,410,202,382,614,632,290,134,620,638,392,336,334,401,406,394,165,251,379,141,139,101,136,132,113,247,228,381,255,249,248,137,253,235,109,241,238,243,277,278,227,250,256,374,232,246,375,164,506,657,680,700,160,193,133,229,154,188,504,685,665,704,230,138,311,378,273,240,239,176,118,715,719,727,718,295,294,98,353,721,111,287,736,289,309,310,724,357,740,741,231,292,351,163,521,519,356,205,337,286,285,313,161,274,317,162,314,316,320,156,123,327,233,328,329,323,321,326,325,124,332,157,125,222,333,221,335,117,280,345,346,347,348,341,339,344,158,343,155,119,288,354,349,350,302,306,355,177,279,172,362,226,166,369,370,371,372,365,363,368,167,367,168,140,242,252,373,275,377,236,237,380,388,386,151,210,144,385,213,384,169,397,398,399,400,393,391,396,220,395,225,407,187,152,153,224,405,223,179,415,184,416,417,411,409,414,413,189,422,420,146,408,178,403,430,431,432,433,426,424,429,170,428,174,436,390,173,443,181,444,445,439,437,442,441,180,534,560,613,478,642,640,507,505,527,562,618,483,548,541,539,555,624,631,636,622,496,489,487,501,570,512,195,513,609,192,305,584,484,482,190,457,182,481,449,480,492,493,494,495,488,486,491,468,490,467,502,500,191,469,183,499,466,498,508,509,510,511,268,453,258,452,516,515,475,473,471,472,524,476,525,526,520,518,523,522,304,535,533,593,209,206,446,196,532,454,531,586,544,545,546,547,540,538,543,460,542,459,556,554,569,207,208,461,197,553,458,552,572,565,566,567,568,561,559,564,447,563,455,577,612,600,576,575,602,198,558,550,551,589,590,591,592,581,610,582,596,579,580,587,588,583,585,597,595,199,537,529,530,605,606,607,608,601,599,604,571,603,574,611,477,474,470,619,617,218,456,214,616,448,615,627,628,629,630,623,621,626,465,625,462,637,635,219,464,215,634,463,633,645,646,647,648,641,639,644,451,643,450,670,668,656,663,699,271,692,664,662,677,269,270,652,259,661,651,660,679,673,674,675,676,669,667,672,650,671,649,684,706,683,682,708,260,666,658,659,695,696,697,698,688,689,702,686,687,693,694,690,691,703,701,261,655,653,654,711,712,713,714,707,705,710,678,709,681,717,284,281,716,723,739,293,296,282,722,735,729,730,726,728,283,743,298,731,299,738,301,720,725,737,732,734,745,733,742,744,801,874,898,792,886,891,985,826,948,939,775,916,906,853,888,927,902,908,866,867,840,872,788,802,805,980,841,935,846,907,857,858,758,972,868,883,952,901,769,833,785,979,803,759,816,809,825,750,753,900,944,910,863,765,828,885,784,768,965,864,924,957,899,963,934,949,942,796,887,978,943,988,835,834,818,819,950,971,807,749,794,839,961,992,991,831,832,786,821,820,771,767,823,914,974,871,870,890,953,779,970,921,882,917,876,905,780,789,762,964,911,873,925,773,878,806,940,983,770,763,903,799,852,752,893,772,837,776,969,847,918,862,945,849,761,815,904,951,782,746,793,976,930,851,947,895,787,842,844,751,810,804,928,933,958,973,854,764,848,889,778,756,865,937,968,960,855,975,827,811,932,879,850,755,982,875,962,929,861,777,981,880,748,987,760,946,757,808,896,859,913,977,966,919,877,938,954,790,813,860,967,843,956,915,993,781,884,894,812,817,754,824,795,920,856,800,986,791,912,897,941,931,797,747,774,838,845,783,766,936,814,909,881,892,836,984,959,798,926,869,922,923,955,830,829,989,990,822
STAB 3 1 -1 1,5,6,11,2,3,7,8,10,9,4,12,13,36,27,26,20,47,34,17,33,49,48,44,38,16,15,62,64,80,61,32,21,19,37,14,35,25,39,41,40,43,42,24,45,50,18,23,22,46,52,51,53,66,63,76,78,65,67,68,31,28,55,29,58,54,59,60,71,72,69,70,75,77,73,56,74,57,81,30,79,86,94,87,85,82,84,89,88,90,93,92,91,83,96,95,97,231,244,161,287,103,102,143,142,112,122,121,164,290,163,106,160,159,234,134,280,337,349,149,108,107,156,233,157,127,126,320,264,202,332,329,193,116,162,241,232,230,273,373,229,105,104,384,404,403,266,217,120,150,386,420,187,188,346,123,125,348,114,113,100,135,111,109,362,226,372,370,436,433,359,172,390,431,445,357,279,408,422,181,180,480,498,189,257,267,153,154,184,482,500,472,133,263,475,531,552,551,530,262,212,130,402,307,205,533,575,554,595,388,417,201,385,615,633,303,148,617,635,400,333,335,405,407,398,166,228,227,141,138,98,137,124,115,246,251,380,243,240,239,136,252,238,99,254,235,255,278,277,379,236,242,375,245,247,374,185,508,660,659,654,200,194,129,265,147,186,510,682,662,701,276,139,313,377,272,249,248,177,117,716,722,730,717,286,285,101,354,736,110,300,721,301,310,309,723,358,734,732,291,293,350,216,476,526,355,204,338,295,294,311,312,274,314,315,317,316,319,318,128,323,324,321,322,327,328,325,326,132,331,330,131,221,336,222,334,118,308,341,342,339,340,345,347,343,155,344,158,119,302,353,352,351,288,306,356,176,297,171,361,360,165,365,366,363,364,369,371,367,168,368,167,140,256,253,376,275,378,250,237,381,387,389,144,213,151,382,210,383,173,393,394,391,392,397,399,395,225,396,220,406,203,146,145,223,401,224,178,411,412,409,410,415,416,413,414,211,421,423,152,418,179,419,426,427,424,425,430,432,428,174,429,170,435,434,169,439,440,437,438,443,444,441,442,175,535,568,616,481,646,648,509,511,532,566,619,484,553,545,547,556,628,634,637,630,499,493,495,502,470,473,192,471,477,195,304,474,483,485,182,449,190,478,457,479,488,489,486,487,492,494,490,467,491,468,501,503,183,466,191,496,469,497,506,507,504,505,258,452,268,453,515,516,517,512,513,514,520,521,518,519,524,525,522,523,305,534,536,537,199,196,454,206,527,446,528,529,540,541,538,539,544,546,542,459,543,460,555,557,558,198,197,458,208,548,461,549,550,561,562,559,560,565,567,563,455,564,447,576,612,608,577,578,606,207,569,572,573,581,582,579,580,589,611,590,597,591,592,583,585,587,588,596,598,209,593,586,594,601,602,599,600,605,607,603,574,604,571,610,609,584,570,618,620,214,448,218,613,456,614,623,624,621,622,627,629,625,462,626,465,636,638,215,463,219,631,464,632,641,642,639,640,645,647,643,450,644,451,674,676,661,664,655,261,653,663,665,666,260,259,651,270,656,652,657,658,669,670,667,668,673,675,671,649,672,650,683,714,684,685,712,269,677,679,680,688,689,686,687,695,696,703,697,698,690,691,693,694,702,704,271,699,692,700,707,708,705,706,711,713,709,681,710,678,718,281,284,715,724,725,292,282,296,719,720,726,727,729,728,283,733,299,731,298,737,289,735,739,738,741,740,742,743,745,744,793,869,895,794,885,928,969,825,956,932,778,919,907,854,880,930,789,903,865,864,836,871,784,803,799,974,837,925,845,906,852,859,756,970,873,884,951,892,768,833,786,973,802,762,813,795,826,746,749,791,943,897,861,770,824,886,788,769,968,867,983,961,896,958,933,954,915,790,881,976,944,993,834,835,821,820,955,914,800,753,792,838,957,989,990,832,831,785,818,819,766,772,827,971,980,872,875,894,947,774,972,893,889,918,879,904,776,902,759,960,912,868,935,777,877,798,945,924,765,764,908,805,857,747,921,767,841,780,985,842,917,860,940,850,760,814,905,952,781,750,801,978,927,848,953,898,783,847,843,748,808,797,891,934,963,979,853,763,851,882,775,758,866,936,965,964,856,977,823,812,939,876,849,757,986,870,959,926,863,773,923,888,751,984,761,941,755,810,899,858,909,975,967,916,878,931,949,796,816,862,966,844,948,942,988,782,883,890,811,822,754,828,809,922,855,807,982,900,911,910,946,938,804,752,779,839,846,787,771,937,815,913,887,901,840,987,962,806,929,874,920,981,950,829,830,992,991,817
STAB 3 1 -1 1,9,6,4,10,3,7,8,2,5,11,13,12,14,16,15,20,23,25,17,24,22,18,21,19,27,26,55,56,79,60,39,44,38,40,36,41,34,32,35,37,43,42,33,53,52,48,47,49,51,50,46,45,57,28,29,54,73,74,31,68,63,62,76,75,78,77,61,72,71,70,69,58,59,65,64,67,66,30,81,80,88,83,84,90,89,87,82,86,85,95,97,96,94,91,93,92,107,99,109,108,103,102,137,136,112,98,101,100,110,135,106,123,125,124,126,133,155,302,279,287,231,113,115,114,116,134,132,158,131,130,128,117,127,111,105,104,166,168,256,228,241,232,213,223,178,173,222,177,172,225,174,189,180,118,160,159,129,157,156,164,163,162,161,167,138,165,139,175,179,176,150,147,152,169,171,149,146,170,154,188,449,466,187,313,444,184,181,153,467,452,471,280,343,304,454,458,550,529,326,333,332,416,474,470,459,585,455,574,220,224,221,144,448,463,317,335,462,450,210,212,148,145,211,151,230,229,141,227,226,122,143,234,233,248,236,250,249,240,239,142,242,277,244,254,278,255,235,238,237,251,252,275,245,247,140,274,496,651,658,653,328,345,348,381,390,442,497,691,649,681,371,370,257,253,368,243,246,120,193,294,282,296,295,286,285,121,288,735,290,300,720,301,281,284,283,297,298,731,291,293,119,316,195,513,353,477,344,717,716,312,311,185,315,314,303,216,325,327,329,324,323,322,321,318,200,319,262,320,334,336,202,201,330,217,331,346,347,342,341,340,339,194,308,263,337,338,264,350,349,355,356,306,354,351,352,359,358,357,367,369,372,366,365,364,363,360,276,361,273,272,362,374,373,377,378,375,376,380,379,265,395,396,385,384,398,397,400,399,266,394,393,392,391,382,383,387,386,389,388,413,414,408,405,404,415,417,403,412,411,410,409,401,402,406,203,407,428,429,431,430,433,432,427,426,425,424,418,419,421,420,423,422,441,443,445,440,439,438,437,434,267,435,186,436,460,461,214,182,219,464,191,469,196,208,465,468,197,206,446,447,218,215,451,456,183,190,457,453,205,192,473,472,204,476,475,307,490,491,481,480,493,492,495,494,489,488,487,486,478,479,483,482,485,484,258,268,499,498,509,508,511,510,507,506,505,504,501,500,503,502,522,305,523,524,526,525,521,520,519,518,512,514,515,517,516,542,543,199,537,532,531,545,544,547,546,530,541,540,539,538,527,528,534,533,536,535,563,564,198,558,553,552,566,565,568,567,551,562,561,560,559,548,549,555,554,557,556,583,584,586,588,587,209,590,589,592,591,582,581,580,579,569,570,207,571,573,572,576,575,578,577,603,604,606,605,608,607,602,601,600,599,593,594,596,595,598,597,609,610,612,611,625,626,616,615,628,627,630,629,624,623,622,621,613,614,618,617,620,619,643,644,634,633,646,645,648,647,642,641,640,639,631,632,636,635,638,637,270,652,259,650,261,655,654,671,672,260,666,661,660,674,673,676,675,659,670,669,668,667,656,657,663,662,665,664,690,692,694,693,271,696,695,698,697,689,688,687,686,677,269,678,680,679,683,682,685,684,709,710,712,711,714,713,708,707,706,705,699,700,702,701,704,703,718,310,309,715,728,292,725,722,730,729,721,727,726,719,724,723,299,733,732,734,289,737,736,739,738,744,745,743,742,740,741,795,816,758,762,814,760,810,757,822,759,761,753,748,755,751,756,749,783,859,877,875,940,942,971,872,879,972,863,867,968,926,865,930,862,966,952,831,763,949,950,948,858,947,794,896,793,959,791,789,746,964,898,908,841,847,905,844,839,906,845,901,840,813,815,752,890,823,808,750,809,747,817,830,829,821,820,754,812,893,919,922,894,918,819,818,782,951,988,990,989,842,846,843,803,807,799,836,838,802,805,837,800,978,957,974,963,923,982,932,934,985,936,787,764,864,866,779,773,860,777,861,774,909,944,876,878,770,946,912,766,870,765,871,771,928,885,886,884,883,881,882,889,910,887,811,897,903,824,827,907,790,891,797,960,904,806,962,892,900,801,804,895,798,868,888,943,874,941,915,914,920,921,828,825,916,917,826,852,925,924,776,965,880,967,778,977,854,969,855,973,857,981,984,986,767,913,768,911,869,970,873,788,786,784,785,832,781,954,953,956,955,849,976,792,899,980,902,851,796,927,780,929,775,933,945,769,772,935,850,987,958,931,848,983,961,937,853,979,938,856,939,975,833,835,834,992,991,993
STAB 3 1 1 1,10,3,11,9,6,7,8,5,2,4,13,12,36,26,27,17,48,38,20,44,49,47,33,34,15,16,63,76,81,68,39,24,25,41,14,40,19,32,37,35,42,43,21,53,51,23,18,22,52,46,50,45,78,62,64,66,75,77,61,60,55,28,56,73,57,74,31,70,69,72,71,65,67,58,29,59,54,80,79,30,89,94,87,90,88,84,86,82,85,96,97,95,83,93,91,92,122,244,164,121,102,103,232,241,106,231,287,161,290,162,112,156,157,233,127,193,346,350,177,101,98,160,234,159,134,116,329,348,332,202,320,280,126,163,142,143,226,370,374,227,136,137,385,405,408,390,335,279,172,398,431,184,181,337,113,114,264,125,123,109,111,135,100,372,230,362,273,445,422,357,150,266,420,436,359,120,403,433,188,154,481,499,153,274,442,189,180,187,493,509,473,117,345,476,532,553,558,537,328,221,131,414,477,470,545,590,566,606,400,407,333,384,616,634,316,222,628,646,388,201,217,404,417,386,138,141,229,228,166,107,104,115,124,278,251,379,277,239,240,105,252,249,99,245,248,247,246,243,380,236,242,377,254,255,373,313,501,661,666,655,326,343,158,381,173,444,503,696,674,712,368,168,185,375,371,238,235,149,133,310,722,723,309,285,286,108,354,737,110,291,725,293,716,717,730,358,734,733,300,301,349,317,475,516,351,474,347,284,281,312,311,257,315,314,216,303,327,325,132,322,321,324,323,319,262,318,200,128,336,334,130,212,331,148,330,155,344,340,339,342,341,263,338,194,118,308,129,302,119,306,356,355,288,353,352,171,297,176,369,367,167,364,363,366,365,361,272,360,139,276,165,256,140,275,378,253,376,237,250,265,397,399,213,144,225,395,220,396,147,392,391,394,393,387,389,382,151,383,210,415,416,178,223,145,413,211,146,410,409,412,411,406,203,401,402,224,430,432,174,428,170,429,425,424,427,426,421,423,418,152,419,179,443,441,175,438,437,440,439,435,186,434,267,169,547,556,615,480,635,637,500,502,531,554,630,495,552,533,535,568,617,633,648,619,498,482,484,511,205,472,471,192,307,304,195,204,492,494,449,182,467,490,468,491,487,486,489,488,483,485,478,190,479,457,508,510,466,183,452,258,453,268,505,504,507,506,496,191,497,469,524,526,525,522,305,523,519,518,521,520,515,517,512,514,513,544,546,530,529,454,196,459,542,460,543,199,539,538,541,540,534,536,527,206,528,446,565,567,551,550,458,197,455,563,447,564,198,560,559,562,561,555,557,548,208,549,461,589,611,597,592,591,595,585,583,588,587,580,579,582,581,576,612,575,608,578,577,569,207,573,572,605,607,574,603,571,604,600,599,602,601,596,598,593,209,594,586,610,609,570,584,627,629,448,214,462,625,465,626,622,621,624,623,618,620,613,218,614,456,645,647,463,215,450,643,451,644,640,639,642,641,636,638,631,219,632,464,662,664,660,676,654,653,261,673,675,659,658,651,259,649,671,650,672,260,668,667,670,669,663,665,656,270,657,652,695,703,698,697,701,691,690,694,693,687,686,689,688,683,682,714,685,684,677,269,680,679,711,713,681,709,678,710,706,705,708,707,702,704,699,271,700,692,715,294,295,718,729,721,720,282,283,728,292,727,726,724,719,296,732,731,299,298,736,735,289,738,739,745,744,743,742,741,740,791,944,907,789,881,880,933,919,955,854,930,825,895,932,928,778,794,892,777,860,842,878,949,839,841,850,846,924,805,804,923,764,761,945,946,883,832,903,942,988,948,935,844,749,808,746,922,795,762,793,911,891,866,872,893,882,947,971,775,774,979,980,790,976,969,953,914,896,885,958,869,993,990,989,820,821,956,915,847,757,959,843,849,835,834,951,782,950,830,829,875,972,894,769,961,770,766,827,788,867,772,824,887,828,771,900,926,962,755,899,874,909,973,865,765,908,970,925,877,859,798,845,936,816,917,940,799,966,856,836,921,864,767,974,751,750,801,781,952,814,905,848,965,978,954,797,763,800,838,758,813,898,897,855,851,983,982,783,963,886,968,748,861,857,927,796,985,931,812,823,986,870,957,753,939,876,792,776,773,863,852,910,760,938,756,913,759,752,960,787,868,987,929,920,871,977,784,964,747,779,780,802,786,768,833,831,884,811,890,754,822,918,815,826,934,840,853,904,943,888,873,984,906,810,862,803,837,858,879,981,809,941,889,806,807,975,902,901,967,912,916,937,785,819,818,991,992,817
STAB 3 1 1 1,2,3,4,5,6,7,8,9,10,11,12,13,14,15,16,17,18,19,20,21,22,23,24,25,26,27,28,29,30,31,32,33,34,35,36,37,38,39,40,41,42,43,44,45,46,47,48,49,50,51,52,53,54,55,56,57,58,59,60,61,62,63,64,65,66,67,68,69,70,71,72,73,74,75,76,77,78,79,80,81,82,83,84,85,86,87,88,89,90,91,92,93,94,95,96,97,98,99,100,101,102,103,104,105,106,107,108,109,110,111,112,113,114,115,116,117,118,119,120,121,122,123,124,125,126,127,128,129,130,131,132,133,134,135,136,137,138,139,140,141,142,143,144,145,146,147,148,149,150,151,152,153,154,155,156,157,158,159,160,161,162,163,164,165,166,167,168,169,170,171,172,173,174,175,176,177,178,179,180,181,182,183,184,185,186,187,188,189,190,191,192,193,194,195,196,197,198,199,200,201,202,203,204,205,206,207,208,209,210,211,212,213,214,215,216,217,218,219,220,221,222,223,224,225,226,227,228,229,230,231,232,233,234,235,236,237,238,239,240,241,242,243,244,245,246,247,248,249,250,251,252,253,254,255,256,257,258,259,260,261,262,263,264,265,266,267,268,269,270,271,272,273,274,275,276,277,278,279,280,281,282,283,284,285,286,287,288,289,290,291,292,293,294,295,296,297,298,299,300,301,302,303,304,305,306,307,308,309,310,311,312,313,314,315,316,317,318,319,320,321,322,323,324,325,326,327,328,329,330,331,332,333,334,335,336,337,338,339,340,341,342,343,344,345,346,347,348,349,350,351,352,353,354,355,356,357,358,359,360,361,362,363,364,365,366,367,368,369,370,371,372,373,374,375,376,377,378,379,380,381,382,383,384,385,386,387,388,389,390,391,392,393,394,395,396,397,398,399,400,401,402,403,404,405,406,407,408,409,410,411,412,413,414,415,416,417,418,419,420,421,422,423,424,425,426,427,428,429,430,431,432,433,434,435,436,437,438,439,440,441,442,443,444,445,446,447,448,449,450,451,452,453,454,455,456,457,458,459,460,461,462,463,464,465,466,467,468,469,470,471,472,473,474,475,476,477,478,479,480,481,482,483,484,485,486,487,488,489,490,491,492,493,494,495,496,497,498,499,500,501,502,503,504,505,506,507,508,509,510,511,512,513,514,515,516,517,518,519,520,521,522,523,524,525,526,527,528,529,530,531,532,533,534,535,536,537,538,539,540,541,542,543,544,545,546,547,548,549,550,551,552,553,554,555,556,557,558,559,560,561,562,563,564,565,566,567,568,569,570,571,572,573,574,575,576,577,578,579,580,581,582,583,584,585,586,587,588,589,590,591,592,593,594,595,596,597,598,599,600,601,602,603,604,605,606,607,608,609,610,611,612,613,614,615,616,617,618,619,620,621,622,623,624,625,626,627,628,629,630,631,632,633,634,635,636,637,638,639,640,641,642,643,644,645,646,647,648,649,650,651,652,653,654,655,656,657,658,659,660,661,662,663,664,665,666,667,668,669,670,671,672,673,674,675,676,677,678,679,680,681,682,683,684,685,686,687,688,689,690,691,692,693,694,695,696,697,698,699,700,701,702,703,704,705,706,707,708,709,710,711,712,713,714,715,716,717,718,719,720,721,722,723,724,725,726,727,728,729,730,731,732,733,734,735,736,737,738,739,740,741,742,743,744,745,746,747,748,749,750,751,752,753,754,755,756,757,758,759,760,761,762,763,764,765,766,767,768,769,770,771,772,773,774,775,776,777,778,779,780,781,782,783,784,785,786,787,788,789,790,791,792,793,794,795,796,797,798,799,800,801,802,803,804,805,806,807,808,809,810,811,812,813,814,815,816,817,818,819,820,821,822,823,824,825,826,827,828,829,830,831,832,833,834,835,836,837,838,839,840,841,842,843,844,845,846,847,848,849,850,851,852,853,854,855,856,857,858,859,860,861,862,863,864,865,866,867,868,869,870,871,872,873,874,875,876,877,878,879,880,881,882,883,884,885,886,887,888,889,890,891,892,893,894,895,896,897,898,899,900,901,902,903,904,905,906,907,908,909,910,911,912,913,914,915,916,917,918,919,920,921,922,923,924,925,926,927,928,929,930,931,932,933,934,935,936,937,938,939,940,941,942,943,944,945,946,947,948,949,950,951,952,953,954,955,956,957,958,959,960,961,962,963,964,965,966,967,968,969,970,971,972,973,974,975,976,977,978,979,980,981,982,983,984,985,986,987,988,989,990,991,992,993
STAB 3 1 1 5,1,7,11,2,3,6,9,10,8,12,4,13,26,27,36,33,49,17,34,20,47,48,38,44,35,32,64,62,80,61,15,19,21,14,37,16,43,40,41,39,25,24,42,23,18,50,45,46,22,52,53,51,63,66,78,76,55,28,94,92,67,65,59,54,58,29,93,74,57,73,56,77,75,69,70,71,72,87,85,86,79,68,81,30,84,82,90,88,89,60,31,83,91,97,95,96,287,164,161,231,122,121,106,112,142,103,102,244,163,290,143,234,134,160,159,337,280,349,149,107,108,320,329,332,202,201,156,193,127,157,233,264,217,162,232,241,273,230,373,229,104,105,386,187,420,188,116,150,120,384,403,404,266,348,319,331,346,148,262,312,315,303,257,226,362,370,372,390,431,172,359,436,433,181,279,357,422,408,445,438,482,500,410,109,154,402,267,417,480,498,475,263,133,472,533,554,575,595,113,130,212,153,205,307,531,551,552,530,385,184,126,388,617,635,111,114,615,633,398,335,333,407,405,400,361,250,236,265,272,300,254,322,200,243,379,380,246,278,277,245,374,247,185,137,255,235,240,239,251,227,375,242,136,238,252,99,510,662,682,701,115,129,194,141,186,147,508,659,660,654,139,276,313,377,138,248,249,358,338,717,723,730,716,310,309,291,350,293,216,98,301,721,286,285,722,177,732,734,101,736,354,110,526,476,355,204,117,294,295,274,100,311,316,135,317,314,123,128,318,326,132,325,124,328,327,321,323,324,125,131,330,334,222,336,221,308,118,344,158,343,155,347,345,339,340,341,342,352,353,302,119,288,351,356,306,297,176,171,166,165,360,368,167,367,168,371,369,363,364,365,366,376,253,256,140,378,275,228,381,237,213,144,389,387,383,210,382,151,435,396,220,395,225,399,397,391,392,393,394,223,145,423,203,406,224,401,421,414,211,413,189,416,415,409,411,412,178,146,419,179,418,152,429,170,428,174,432,430,424,425,426,427,173,169,434,442,175,441,180,444,443,437,439,440,532,566,619,484,648,646,511,509,535,568,616,481,556,547,545,553,630,637,634,628,502,495,493,499,612,516,517,515,611,514,519,610,449,182,485,483,479,457,478,190,491,468,490,467,494,492,486,487,488,489,466,183,503,501,497,469,496,191,268,453,258,452,504,505,506,507,471,473,192,513,512,195,523,305,522,304,525,524,518,520,521,454,196,597,598,536,534,528,446,527,206,596,543,460,542,459,546,544,538,539,540,541,458,197,577,578,557,555,549,461,548,208,576,564,447,563,455,567,565,559,560,561,562,550,470,606,558,198,608,573,572,569,207,587,588,583,585,591,477,592,537,589,590,579,580,581,582,529,199,594,586,593,209,604,571,603,574,607,605,599,600,601,602,474,584,609,570,448,214,620,618,614,456,613,218,626,465,625,462,629,627,621,622,623,624,463,215,638,636,632,464,631,219,644,451,643,450,647,645,639,640,641,642,676,674,664,661,703,704,702,651,259,684,685,665,663,657,652,656,270,683,672,650,671,649,675,673,667,668,669,670,658,712,666,260,714,680,679,677,269,693,694,690,691,697,698,655,695,696,686,687,688,689,653,261,700,692,699,271,710,678,709,681,713,711,705,706,707,708,281,718,715,284,282,737,289,724,719,296,738,728,283,729,726,727,733,740,743,741,725,292,739,735,720,298,299,744,731,745,742,885,969,928,825,793,895,869,794,956,919,907,932,778,789,930,880,854,865,903,799,974,837,803,784,864,836,871,859,970,756,873,925,906,845,852,951,884,973,802,786,833,892,768,853,943,963,749,886,826,958,813,968,983,867,961,746,769,788,897,770,861,824,933,791,896,915,954,944,976,881,790,955,820,821,835,834,993,838,957,792,753,914,800,990,989,831,832,785,819,818,980,872,971,827,766,772,893,947,894,972,774,875,904,879,918,889,868,759,902,912,960,776,777,935,945,924,877,798,805,908,764,765,780,985,842,841,767,857,747,921,850,940,860,917,927,978,848,781,952,801,750,814,760,905,843,751,979,870,953,891,934,965,748,808,795,783,762,866,882,851,758,775,763,977,797,856,964,936,839,949,757,849,876,939,959,847,986,987,806,858,984,761,898,923,888,967,916,899,810,773,975,909,941,755,862,966,812,816,796,878,931,890,754,811,822,883,782,844,942,988,948,807,900,982,911,828,922,809,855,804,938,946,910,874,846,823,779,901,840,913,887,937,815,787,771,926,920,863,981,752,962,929,817,991,992,830,829,950
STAB 3 1 1 5,8,7,12,10,3,6,9,2,1,11,13,4,37,35,32,33,45,43,34,42,46,50,19,21,27,36,65,70,86,93,40,38,44,39,26,41,17,15,16,14,25,24,20,51,52,48,49,47,53,18,22,23,72,67,59,58,69,71,92,94,66,64,78,77,76,75,61,57,74,56,73,54,29,55,62,28,63,85,87,80,88,91,82,89,90,81,84,79,30,95,96,97,68,83,60,31,108,185,257,107,122,121,254,245,142,300,291,312,216,315,143,319,331,322,201,263,340,353,357,231,287,262,200,148,217,159,324,342,330,212,318,338,202,303,104,105,361,364,253,250,232,241,387,406,421,435,336,358,359,392,425,410,438,308,234,134,194,332,320,244,290,162,161,366,272,360,276,440,418,297,120,186,419,434,171,149,423,427,267,266,483,501,404,313,443,417,445,402,487,505,515,337,339,519,534,555,576,596,323,335,157,415,610,612,539,580,560,600,394,401,334,389,618,636,317,333,622,640,382,130,114,203,412,383,273,229,265,236,362,103,106,160,329,249,227,228,248,278,277,112,375,239,164,137,240,235,255,247,381,379,374,378,136,238,376,311,469,663,683,702,327,347,346,237,436,439,191,687,668,706,369,372,109,256,365,246,243,150,264,295,724,719,294,310,309,102,351,739,163,98,738,721,718,715,727,176,741,743,101,736,352,314,514,512,302,611,341,716,717,100,274,99,135,316,111,110,321,328,233,132,326,124,325,128,115,123,113,156,221,222,127,126,131,116,125,348,345,158,344,155,343,129,118,133,280,117,193,354,349,355,306,356,350,288,119,172,177,279,363,371,370,167,368,168,367,165,139,166,230,138,226,252,373,377,275,242,140,380,251,141,391,393,388,386,400,399,398,397,188,220,396,225,395,210,151,213,384,144,385,409,411,422,407,187,416,184,420,211,414,189,413,224,153,223,145,405,424,426,433,432,431,430,170,429,174,428,179,152,178,403,146,408,437,444,181,175,442,180,441,169,154,173,147,390,541,548,620,485,632,631,497,496,536,549,624,489,557,528,527,562,614,638,642,613,503,479,478,507,307,517,516,475,204,526,472,205,486,488,484,482,495,494,493,492,468,491,467,490,457,190,449,480,182,481,504,506,502,500,511,510,509,508,453,268,452,258,466,498,183,499,518,521,520,525,476,524,305,523,304,522,513,195,471,192,473,538,540,598,597,535,533,547,546,545,544,595,460,543,459,542,446,206,454,531,196,532,559,561,578,577,556,554,568,567,566,565,575,447,564,455,563,461,208,458,552,197,553,579,609,593,582,581,594,592,591,590,589,588,587,585,583,572,570,573,602,207,569,550,551,198,558,599,601,608,607,606,605,571,604,574,603,586,209,529,530,199,537,584,474,470,477,621,623,619,617,630,629,628,627,465,626,462,625,456,218,448,615,214,616,639,641,637,635,648,647,646,645,451,644,450,643,464,219,463,633,215,634,657,656,665,670,704,703,701,667,669,685,684,664,662,676,675,674,673,682,650,672,649,671,652,270,651,660,259,661,686,699,689,688,700,698,697,696,695,694,693,691,690,679,680,708,269,677,658,659,260,666,705,707,714,713,712,711,678,710,681,709,692,271,653,654,261,655,281,286,285,284,726,289,737,723,730,729,301,283,728,296,282,722,740,733,734,732,292,725,293,735,720,742,745,731,744,299,298,963,796,775,853,978,927,899,939,988,902,888,792,891,916,898,906,826,979,925,945,893,860,811,827,772,918,774,806,770,897,987,903,880,878,931,781,832,866,812,817,754,773,894,825,933,885,986,958,854,886,856,751,764,767,870,848,890,823,756,970,787,771,943,887,874,844,839,934,801,900,985,950,992,991,835,834,948,949,875,932,982,947,879,818,819,883,884,822,989,990,921,779,953,784,828,864,974,914,768,765,871,957,814,800,836,795,984,922,919,808,747,977,901,908,799,763,846,858,940,935,983,972,975,790,849,862,867,938,960,980,847,805,837,840,895,793,746,951,782,976,851,904,804,815,942,968,865,961,971,778,944,748,965,912,889,863,920,973,809,750,910,928,924,776,761,813,752,967,954,838,962,842,807,794,755,850,749,873,859,798,868,797,930,941,907,936,789,869,911,892,780,929,923,959,841,937,802,855,969,845,852,769,833,803,785,831,952,915,843,956,993,876,881,753,810,766,759,882,816,760,857,981,758,896,877,788,872,777,917,926,791,966,905,861,824,913,762,783,946,964,757,909,786,821,820,830,829,955
STAB 3 1 -1 5,10,3,11,8,7,6,9,1,2,12,13,4,26,36,27,34,48,44,33,38,47,49,20,17,32,35,66,78,87,94,40,42,43,41,37,39,21,15,14,16,24,25,19,51,53,45,50,46,52,22,18,23,76,64,62,63,77,75,61,93,65,67,70,69,72,71,92,56,73,57,74,55,28,54,59,29,58,80,86,85,90,68,81,89,88,82,79,84,30,97,96,95,91,60,83,31,103,164,244,102,121,122,241,232,143,287,231,161,163,162,142,320,332,329,202,264,348,354,358,291,300,234,160,134,159,217,233,346,157,127,156,337,201,290,112,106,362,372,252,236,245,254,388,407,422,436,333,357,359,400,433,417,445,280,262,148,193,331,319,257,303,315,312,370,273,226,230,181,408,279,120,188,403,390,172,150,420,431,266,267,484,502,402,311,439,410,438,404,495,511,516,338,347,526,535,556,577,597,327,334,330,411,611,612,547,592,568,608,398,405,335,386,619,637,314,336,630,648,385,126,116,187,184,384,272,265,229,250,361,108,105,200,322,240,379,251,239,277,278,104,374,248,185,136,249,238,243,246,380,227,375,377,137,235,373,313,466,664,684,703,323,339,342,237,435,443,183,698,676,714,365,364,99,242,369,247,255,149,263,286,723,722,285,309,310,107,350,725,216,101,737,736,717,716,730,177,732,733,98,721,349,317,472,473,288,610,345,715,718,100,274,109,135,316,110,111,328,321,324,124,325,132,326,123,113,128,115,318,222,221,212,130,125,114,131,340,341,155,343,158,344,133,117,129,308,118,194,353,352,356,306,355,351,302,119,171,176,297,371,363,366,168,367,167,368,166,138,165,276,139,360,253,376,378,275,256,140,381,228,141,399,397,387,389,392,391,394,393,186,225,395,220,396,213,144,210,383,151,382,416,415,421,406,203,409,412,423,189,413,211,414,223,145,224,153,401,432,430,425,424,427,426,174,428,170,429,178,146,179,419,152,418,444,437,440,180,441,175,442,173,147,169,154,434,545,553,617,482,633,634,498,499,533,552,628,493,554,531,532,566,615,635,646,616,500,480,481,509,307,475,515,517,205,519,514,204,494,492,483,485,487,486,489,488,467,490,468,491,449,182,457,479,190,478,510,508,501,503,505,504,507,506,452,258,453,268,469,497,191,496,525,476,524,518,521,520,304,522,305,523,471,192,513,195,512,546,544,595,596,534,536,539,538,541,540,598,459,542,460,543,454,196,446,528,206,527,567,565,575,576,555,557,560,559,562,561,578,455,563,447,564,458,197,461,549,208,548,591,477,537,590,589,530,580,579,582,581,585,583,588,587,550,470,551,606,198,558,572,573,207,569,607,605,600,599,602,601,574,603,571,604,529,199,586,594,209,593,474,584,570,609,629,627,618,620,622,621,624,623,462,625,465,626,448,214,456,614,218,613,647,645,636,638,640,639,642,641,450,643,451,644,463,215,464,632,219,631,660,661,662,674,701,702,704,675,673,682,683,663,665,668,667,670,669,685,649,671,650,672,651,259,652,657,270,656,697,655,696,695,654,687,686,689,688,691,690,694,693,658,659,712,260,666,679,680,269,677,713,711,706,705,708,707,681,709,678,710,653,261,692,700,271,699,284,295,294,281,729,301,738,724,727,726,289,283,728,282,296,719,734,743,740,741,293,739,292,720,735,745,742,731,744,298,299,958,790,778,854,976,930,896,932,993,789,880,794,928,919,895,907,825,973,935,940,921,862,812,823,767,917,779,798,765,910,984,908,888,877,938,782,831,865,811,822,754,777,890,826,934,886,982,963,853,885,855,748,763,772,875,851,894,827,758,972,783,766,944,881,869,843,838,933,793,791,969,955,989,990,834,835,956,954,870,939,986,953,876,821,820,884,883,817,992,991,893,774,947,788,824,867,980,971,769,770,872,961,815,807,840,809,987,920,916,810,752,975,892,903,805,764,845,859,945,925,924,970,977,796,850,860,864,931,964,974,842,799,841,836,898,801,750,952,781,978,848,905,797,814,915,965,866,957,914,775,943,751,968,911,882,861,922,979,795,746,897,891,983,780,760,816,747,966,949,839,959,847,800,792,757,849,753,868,858,806,873,804,927,946,906,937,902,874,912,901,776,926,981,962,837,936,803,856,985,846,857,768,833,802,786,832,951,942,844,948,988,879,887,749,808,771,762,889,813,761,852,923,756,899,878,784,871,773,918,929,900,967,904,863,828,909,759,787,941,960,755,913,785,818,819,829,830,950
STAB 3 1 -1 5,2,3,12,1,7,6,9,8,10,11,4,13,37,32,35,34,50,21,33,19,46,45,42,43,36,27,67,59,85,92,15,20,17,16,26,14,44,40,39,41,24,25,38,23,22,49,48,47,18,53,52,51,58,65,70,72,54,29,93,61,64,66,62,55,63,28,94,73,56,74,57,69,71,77,78,75,76,86,80,87,84,91,82,30,79,81,88,90,89,83,31,60,68,95,97,96,300,185,312,291,121,122,105,104,143,108,107,257,216,303,142,262,148,200,217,338,308,352,150,102,103,319,322,331,201,202,318,194,212,330,324,263,159,315,245,254,272,276,376,265,112,106,389,203,423,186,114,149,120,383,419,402,267,340,320,332,342,134,234,161,162,290,244,360,361,366,364,434,427,171,359,435,425,440,297,358,421,418,438,445,485,503,417,99,147,404,266,410,479,497,517,264,129,514,536,557,578,598,115,126,127,145,204,307,528,573,549,594,382,412,130,387,620,638,110,116,614,632,394,334,336,406,401,392,362,236,250,229,273,287,241,329,160,255,227,381,247,277,278,232,375,246,164,136,243,238,249,248,228,379,374,256,137,235,253,109,504,665,685,704,113,133,193,141,188,154,506,680,657,700,138,230,311,378,139,239,240,357,337,718,724,727,715,309,310,231,351,292,163,101,289,736,295,294,719,176,741,740,98,721,353,111,519,521,356,205,118,285,286,274,100,313,316,135,314,317,128,123,156,325,124,326,132,321,323,328,327,233,131,125,157,335,221,333,222,280,117,343,155,344,158,339,341,347,348,345,346,349,354,288,119,302,350,355,306,279,177,172,165,166,226,367,168,368,167,363,365,371,372,369,370,373,252,242,140,377,275,251,380,237,210,151,386,388,384,213,385,144,436,395,225,396,220,391,393,399,400,397,398,224,153,420,187,407,223,405,422,413,189,414,211,409,411,416,415,184,179,152,403,178,408,146,428,174,429,170,424,426,432,433,430,431,169,173,390,441,180,442,175,437,439,444,443,181,527,562,618,483,640,642,505,507,534,560,613,478,555,539,541,548,622,636,631,624,501,487,489,496,612,515,475,516,610,472,526,611,457,190,482,484,480,449,481,182,490,467,491,468,486,488,494,495,492,493,469,191,500,502,498,466,499,183,258,452,268,453,510,511,508,509,513,512,195,471,473,192,522,304,523,305,518,520,525,524,476,446,206,596,595,533,535,531,454,532,196,597,542,459,543,460,538,540,546,547,544,545,461,208,576,575,554,556,552,458,553,197,577,563,455,564,447,559,561,567,568,565,566,572,570,602,569,207,600,551,550,558,198,583,585,587,588,579,609,580,593,581,582,591,592,589,590,586,209,530,529,537,199,603,574,604,571,599,601,607,608,605,606,584,474,477,470,456,218,617,619,615,448,616,214,625,462,626,465,621,623,629,630,627,628,464,219,635,637,633,463,634,215,643,450,644,451,639,641,647,648,645,646,668,670,663,656,702,701,703,652,270,683,682,662,664,660,651,661,259,684,671,649,672,650,667,669,675,676,673,674,679,708,677,269,706,659,658,666,260,690,691,693,694,686,687,699,688,689,697,698,695,696,692,271,654,653,655,261,709,681,710,678,705,707,713,714,711,712,284,717,716,281,296,738,301,723,722,282,737,728,283,726,729,730,743,734,733,732,739,293,725,720,735,299,298,744,731,742,745,886,985,891,826,801,898,874,792,948,916,906,939,775,902,927,888,853,866,908,805,980,841,802,788,867,840,872,858,972,758,868,935,907,846,857,952,883,979,803,785,833,901,769,854,944,958,753,885,825,963,816,965,924,864,957,750,768,784,910,765,863,828,934,900,899,942,949,943,978,887,796,950,819,818,834,835,988,839,961,794,749,971,807,991,992,832,831,786,820,821,974,871,914,823,771,767,921,953,890,970,779,870,905,876,917,882,873,762,789,911,964,780,773,925,940,983,878,806,799,903,763,770,776,969,847,837,772,852,752,893,849,945,862,918,930,976,851,782,951,793,746,815,761,904,844,748,973,875,947,928,933,968,751,810,809,787,759,865,889,848,756,778,764,975,804,855,960,937,838,954,755,850,879,932,962,842,982,984,798,859,987,760,895,981,880,966,919,896,808,777,977,913,946,757,860,967,811,813,790,877,938,894,754,812,817,884,781,843,915,993,956,800,791,986,912,824,920,795,856,797,931,941,897,869,845,827,774,892,836,909,881,936,814,783,766,929,922,861,923,747,959,926,822,990,989,829,830,955
STAB 3 1 -1 8,9,6,13,2,3,7,1,10,5,12,4,11,39,41,40,42,51,25,43,24,53,52,44,38,35,37,69,73,88,95,14,21,19,15,32,16,34,36,27,26,17,20,33,22,18,50,46,45,23,48,47,49,74,71,75,77,56,57,96,91,72,70,58,29,59,54,93,63,28,62,55,76,78,64,65,66,67,89,82,86,79,97,90,84,30,85,81,80,87,60,83,31,92,68,61,94,231,311,313,287,300,291,137,136,245,98,101,274,314,316,254,321,221,325,334,339,343,355,171,108,107,323,327,333,336,331,326,344,222,335,328,341,330,317,241,232,363,367,377,380,105,104,391,409,424,437,131,176,297,395,428,413,441,345,322,201,347,212,324,185,216,303,257,368,365,371,369,442,432,177,358,439,430,444,279,357,426,429,443,435,486,504,406,109,169,401,434,415,490,258,518,340,155,522,538,559,579,599,132,114,148,224,584,609,542,583,563,603,396,416,125,393,621,639,111,130,625,643,399,157,332,411,414,397,364,250,237,379,366,122,143,319,318,246,265,229,243,255,247,142,378,277,312,106,278,240,235,238,141,381,376,140,112,239,275,100,509,667,686,705,128,118,308,251,440,175,511,690,671,709,165,360,161,373,167,249,248,359,342,716,726,729,717,718,715,121,356,735,315,103,720,738,281,284,728,172,742,744,102,739,306,135,524,525,349,570,158,295,294,244,99,164,290,110,162,163,124,115,200,156,113,160,123,233,329,234,320,262,126,116,217,159,127,202,134,194,129,193,117,280,133,346,348,337,263,264,338,351,353,302,288,119,352,350,354,120,150,149,168,139,276,226,138,230,166,370,372,273,361,362,272,375,253,256,242,374,252,228,227,236,225,220,394,392,382,151,383,210,438,385,144,384,213,398,400,386,387,388,389,189,211,427,412,410,153,402,425,405,145,404,223,184,417,187,407,203,174,170,418,152,419,179,408,146,403,178,431,433,420,421,422,423,180,154,267,390,147,266,173,181,445,188,436,186,543,567,623,488,645,647,508,510,540,565,626,491,561,544,546,564,627,641,644,629,506,492,494,268,610,520,521,519,611,512,515,612,467,468,489,487,478,190,479,457,481,182,480,449,493,495,482,483,484,485,452,453,507,505,496,191,497,469,499,183,498,466,500,501,502,503,304,523,305,195,514,513,473,192,472,471,476,526,475,516,517,459,460,601,602,541,539,527,206,528,446,600,532,196,531,454,545,547,533,534,535,536,455,447,581,582,562,560,548,208,549,461,580,553,197,552,458,566,568,554,555,556,557,585,474,607,587,588,605,569,207,573,572,558,198,551,550,590,477,589,604,592,591,575,576,577,578,574,571,593,209,594,586,537,199,530,529,606,608,595,596,597,598,470,205,307,204,462,465,624,622,613,218,614,456,616,214,615,448,628,630,617,618,619,620,450,451,642,640,631,219,632,464,634,215,633,463,646,648,635,636,637,638,673,675,669,672,707,708,706,649,650,688,689,670,668,656,270,657,652,687,661,259,660,651,674,676,662,663,664,665,691,713,693,694,711,677,269,680,679,666,260,659,658,696,695,710,698,697,682,683,684,685,681,678,699,271,700,692,655,261,654,653,712,714,701,702,703,704,286,310,309,285,283,725,292,727,719,296,721,722,282,730,723,724,745,740,741,743,737,289,736,293,301,731,299,734,298,733,732,889,855,910,920,904,804,911,962,785,922,797,982,965,959,968,897,986,863,806,846,957,805,843,953,779,800,765,783,767,751,913,979,898,841,937,782,883,924,838,955,993,798,914,939,874,978,755,887,916,848,752,930,935,862,850,815,915,954,880,878,777,917,856,905,964,769,788,912,851,882,960,786,830,829,991,992,833,802,974,902,759,768,836,989,990,952,781,956,818,819,849,877,942,811,876,945,918,949,812,940,860,879,793,875,893,885,941,753,792,944,790,967,861,983,772,973,872,892,837,901,787,871,929,934,807,845,970,981,808,828,961,972,774,824,775,963,958,832,831,900,809,795,758,791,803,756,925,771,784,888,985,778,761,747,814,859,757,773,881,976,760,927,858,984,907,933,896,923,844,947,762,980,766,853,789,840,854,931,903,763,977,748,906,936,891,776,826,796,816,866,938,946,868,749,867,926,894,810,899,770,987,823,817,827,822,884,951,839,971,988,950,842,801,932,869,921,919,750,969,895,975,909,928,943,799,890,864,908,847,873,886,852,746,764,870,966,825,865,857,813,794,780,754,835,834,820,821,948
STAB 3 1 -1 8,5,6,12,10,3,7,1,2,9,13,11,4,32,35,37,42,46,34,43,33,45,50,21,19,41,40,70,65,86,93,36,44,38,26,39,27,25,14,16,15,17,20,24,49,48,52,51,53,47,18,23,22,67,72,58,59,64,66,91,96,71,69,75,76,77,78,95,28,63,55,62,29,54,56,73,57,74,82,89,88,80,92,85,87,81,90,30,79,84,61,94,68,97,31,60,83,107,312,257,108,300,291,143,142,245,122,121,185,315,216,254,322,201,319,331,340,263,353,357,287,231,324,318,212,330,334,262,338,217,148,200,342,336,303,105,104,364,361,253,250,241,232,392,410,425,438,202,359,358,387,421,406,435,194,321,221,308,333,323,274,316,317,313,272,366,276,360,186,419,120,297,440,418,267,149,171,427,423,434,441,487,505,413,161,445,415,443,401,483,501,519,339,337,515,539,560,580,600,320,157,335,417,612,610,534,576,555,596,389,402,159,394,622,640,162,332,618,636,383,114,130,412,203,382,363,380,379,237,365,98,137,325,327,248,381,228,249,255,247,136,376,238,311,106,235,240,278,277,227,265,378,374,112,239,375,164,191,668,687,706,329,346,347,236,439,436,469,683,663,702,372,369,109,256,362,243,246,176,341,294,727,719,295,718,715,101,352,736,314,103,721,738,310,309,724,150,743,741,102,739,351,163,512,514,302,611,264,717,716,99,244,100,110,290,111,135,234,233,328,113,156,123,160,115,128,124,132,326,134,127,222,125,116,131,126,345,348,117,193,133,280,118,129,155,343,158,344,306,355,349,354,350,356,119,288,177,172,279,273,370,371,138,226,166,230,139,165,168,367,167,368,275,377,373,252,140,242,229,141,251,386,388,393,391,397,398,399,400,437,144,385,213,384,151,210,225,395,220,396,187,407,426,411,409,184,416,424,145,405,223,404,153,224,189,211,414,420,422,430,431,432,433,146,408,178,403,152,179,174,428,170,429,188,181,444,147,390,173,266,154,169,180,175,442,536,549,624,489,631,632,496,497,541,548,620,485,562,527,528,557,613,642,638,614,507,478,479,503,609,521,520,518,570,524,522,584,482,484,488,486,492,493,494,495,182,481,449,480,190,457,467,490,468,491,500,502,506,504,508,509,510,511,183,499,466,498,452,258,453,268,475,517,516,476,525,526,192,473,471,472,195,513,304,305,523,533,535,602,601,540,538,544,545,546,547,599,196,532,454,531,206,446,459,542,460,543,554,556,582,581,561,559,565,566,567,568,579,197,553,458,552,208,461,455,563,447,564,575,307,594,578,577,593,589,590,591,592,198,558,550,551,207,204,569,598,572,573,585,583,588,587,595,597,605,606,607,608,199,537,529,530,209,586,574,603,571,604,205,470,474,477,617,619,623,621,627,628,629,630,214,616,448,615,218,456,462,625,465,626,635,637,641,639,645,646,647,648,215,634,463,633,219,464,450,643,451,644,656,657,670,665,708,707,705,662,664,689,688,669,667,673,674,675,676,686,259,661,651,660,270,652,649,671,650,672,682,700,685,684,699,695,696,697,698,260,666,658,659,269,677,704,679,680,691,690,694,693,701,703,711,712,713,714,261,655,653,654,271,692,681,709,678,710,286,281,284,285,723,292,725,726,729,730,720,282,722,296,283,728,740,745,744,742,289,737,735,293,301,732,733,298,734,299,731,978,899,927,939,963,775,796,853,988,792,891,902,888,826,906,898,916,925,979,772,918,774,827,811,945,893,860,903,878,880,931,806,897,770,987,832,781,773,894,754,817,866,812,920,856,889,854,848,986,887,933,756,787,970,771,958,823,890,751,767,764,870,874,886,943,839,844,985,900,801,934,948,834,835,991,992,950,947,879,982,932,949,875,819,818,884,883,822,990,989,828,864,784,953,921,779,957,768,914,871,765,974,795,836,800,814,977,919,922,747,808,984,908,901,846,858,799,763,972,983,935,940,938,960,980,867,862,975,790,849,840,837,805,847,804,904,815,782,951,851,976,793,895,746,971,930,863,850,942,965,912,761,778,944,885,865,825,924,750,809,928,910,973,967,748,752,813,776,788,802,794,807,842,962,749,961,755,913,783,892,941,907,968,868,797,923,959,911,869,798,929,780,936,789,845,852,838,969,855,841,937,915,993,843,956,952,831,769,803,785,833,766,882,759,816,876,753,881,810,758,981,857,760,964,872,954,877,861,824,966,905,926,791,777,917,873,757,859,909,896,762,946,955,829,830,820,821,786
STAB 3 1 1 8,10,3,13,5,6,7,1,9,2,12,11,4,39,40,41,43,52,38,42,44,53,51,24,25,37,35,71,75,89,96,36,33,34,27,32,26,19,14,15,16,20,17,21,49,47,46,50,45,48,23,18,22,77,69,73,74,76,78,95,93,70,72,65,64,67,66,91,55,62,28,63,56,57,29,58,54,59,88,86,82,81,97,90,87,80,85,79,30,84,68,94,61,92,60,31,83,98,311,274,101,291,300,232,241,254,231,287,313,314,317,245,323,333,327,336,341,345,306,359,121,122,321,325,221,334,330,328,347,335,222,326,339,331,316,136,137,365,369,275,237,142,143,393,411,426,439,332,357,358,397,430,415,443,343,324,212,344,201,322,257,303,216,185,371,363,368,367,444,429,279,297,437,428,442,177,176,424,432,441,434,488,506,401,164,436,406,435,413,492,508,520,342,346,524,540,561,581,601,329,159,217,407,611,610,544,589,565,605,399,414,157,391,623,641,163,202,627,645,396,125,131,409,416,395,366,379,380,250,364,107,104,318,319,235,265,141,238,247,255,105,378,249,312,112,248,239,246,243,229,381,376,373,106,240,377,161,452,669,688,707,320,337,338,236,438,445,453,695,673,711,362,361,100,140,372,277,278,171,340,281,726,728,284,715,718,108,356,737,315,102,725,739,716,717,729,172,742,745,103,738,355,162,522,523,119,612,348,309,310,99,244,109,110,290,135,111,233,234,262,123,160,113,156,124,132,115,128,200,127,134,148,114,126,130,116,263,264,133,280,117,193,155,158,118,194,129,308,353,351,350,354,349,352,302,288,149,150,120,370,273,272,166,230,138,226,168,167,139,360,165,276,253,375,374,252,256,242,227,228,251,398,400,392,394,387,386,389,388,440,213,384,144,385,225,220,151,382,210,383,184,417,425,410,412,187,203,427,223,404,145,405,189,211,153,224,402,431,433,421,420,423,422,178,403,146,408,174,170,152,418,179,419,181,188,186,173,266,147,390,180,175,154,169,267,546,564,621,486,643,644,258,268,538,563,629,494,559,542,543,567,625,639,647,626,504,490,491,510,609,518,519,521,584,515,512,570,493,495,487,489,483,482,485,484,449,480,182,481,467,468,190,478,457,479,509,511,505,507,501,500,503,502,466,498,183,499,191,496,469,497,476,525,526,475,517,516,471,472,192,473,304,305,195,513,514,545,547,599,600,539,541,534,533,536,535,602,454,531,196,532,459,460,206,527,446,528,566,568,579,580,560,562,555,554,557,556,582,458,552,197,553,455,447,208,548,461,549,590,477,604,591,592,603,576,575,578,577,550,551,198,558,585,474,583,607,588,587,207,569,572,573,606,608,596,595,598,597,529,530,199,537,574,571,209,593,586,594,470,205,204,307,628,630,622,624,618,617,620,619,448,615,214,616,462,465,218,613,456,614,646,648,640,642,636,635,638,637,463,633,215,634,450,451,219,631,464,632,671,672,667,675,705,706,708,674,676,686,687,668,670,663,662,665,664,689,651,660,259,661,649,650,270,656,652,657,696,710,697,698,709,683,682,685,684,658,659,260,666,691,690,713,694,693,269,677,679,680,712,714,702,701,704,703,653,654,261,655,681,678,271,699,692,700,285,294,295,286,730,720,721,727,724,723,292,282,722,283,296,719,744,741,740,743,735,736,289,301,293,733,732,298,734,731,299,848,960,965,986,851,968,964,982,833,959,897,962,910,922,804,797,920,924,983,972,828,867,894,890,970,824,864,892,871,928,977,901,891,872,975,951,952,863,827,822,817,861,823,916,985,887,932,978,939,889,969,761,858,945,879,976,812,811,760,940,859,876,912,882,911,803,802,856,904,905,855,786,990,989,992,991,785,788,771,853,854,784,766,829,830,883,884,754,834,835,918,860,949,954,917,862,849,942,915,878,877,850,746,842,847,750,931,825,826,816,813,938,798,806,837,787,841,783,772,979,973,767,984,899,961,774,779,987,896,957,807,846,845,800,906,900,809,831,832,963,958,791,907,795,769,778,773,974,768,927,874,756,930,869,881,777,919,925,814,815,880,888,935,929,758,810,808,926,947,844,789,840,836,902,762,980,759,941,763,903,913,895,775,909,898,852,792,943,944,908,967,966,857,794,805,923,843,933,934,799,981,914,993,838,955,781,782,971,839,950,988,875,886,755,747,870,757,885,752,748,937,936,751,796,770,953,765,866,893,780,801,776,793,865,921,946,753,764,868,790,749,873,956,819,818,821,820,948
STAB 3 1 1 8,2,3,12,9,6,7,1,5,10,13,4,11,32,37,35,43,50,19,42,21,45,46,33,34,40,41,72,58,82,91,14,24,25,16,39,15,38,36,26,27,20,17,44,22,23,51,52,53,18,47,48,49,59,70,65,67,29,54,93,95,69,71,73,56,74,57,96,62,55,63,28,64,66,76,75,78,77,86,88,89,30,92,85,84,79,90,80,81,87,31,83,60,97,61,68,94,122,312,185,121,291,300,104,105,254,107,108,257,315,303,245,324,212,318,330,342,194,351,176,101,98,322,319,201,331,336,200,308,148,217,262,340,334,216,142,143,366,360,375,379,136,137,394,412,427,440,130,171,297,382,418,401,434,263,323,333,338,221,321,313,317,316,274,276,364,272,361,267,423,149,358,438,421,186,120,359,425,419,435,443,489,507,415,100,175,413,441,406,478,496,521,341,118,512,541,562,582,602,128,125,222,211,570,609,527,569,548,593,383,203,114,392,624,642,135,131,613,631,389,159,202,410,402,387,365,237,250,380,363,231,232,327,325,278,381,227,277,247,255,241,376,243,311,112,246,239,248,249,228,265,378,256,106,240,253,109,500,670,689,708,132,155,344,251,437,169,502,677,656,699,167,367,164,374,165,238,235,357,339,310,727,724,309,715,718,287,352,289,314,102,292,739,294,295,719,150,743,740,103,738,353,111,515,517,350,584,129,284,281,244,99,161,290,110,163,162,115,124,326,160,123,156,113,234,320,233,329,328,116,126,335,157,134,332,127,343,158,280,133,193,117,337,264,346,345,348,347,355,306,119,288,302,356,349,354,279,172,177,139,168,368,230,166,226,138,273,362,370,369,372,371,377,275,140,242,373,252,141,229,236,151,210,391,393,395,225,396,220,439,384,213,385,144,386,388,398,397,400,399,153,224,424,409,411,189,414,426,404,223,405,145,187,407,184,417,416,152,179,428,174,429,170,403,178,408,146,420,422,431,430,433,432,154,180,442,266,173,390,147,188,436,181,445,444,528,557,622,487,636,638,501,503,539,555,614,479,560,534,536,549,618,640,632,620,505,483,485,497,610,519,518,520,612,522,524,611,190,457,486,488,490,467,491,468,480,449,481,182,482,484,493,492,495,494,191,469,504,506,258,452,268,453,498,466,499,183,509,508,511,510,195,514,513,304,523,305,472,471,473,192,475,516,476,526,525,206,446,600,599,538,540,542,459,543,460,601,531,454,532,196,533,535,545,544,547,546,208,461,580,579,559,561,563,455,564,447,581,552,458,553,197,554,556,566,565,568,567,207,204,598,573,572,596,583,585,587,588,551,550,558,198,575,307,576,594,577,578,590,589,592,591,209,586,603,574,604,571,530,529,537,199,595,597,606,605,608,607,205,470,477,474,218,456,621,623,625,462,626,465,615,448,616,214,617,619,628,627,630,629,219,464,639,641,643,450,644,451,633,463,634,215,635,637,646,645,648,647,663,665,668,657,706,705,707,270,652,687,686,667,669,671,649,672,650,688,660,651,661,259,662,664,674,673,676,675,269,704,680,679,702,690,691,693,694,659,658,666,260,682,683,700,684,685,696,695,698,697,271,692,709,681,710,678,654,653,655,261,701,703,712,711,714,713,285,716,717,286,296,721,720,726,728,283,725,722,282,723,730,729,741,744,745,742,736,735,737,301,293,299,731,734,298,732,733,887,934,888,916,900,906,943,902,950,826,898,853,927,792,775,891,939,773,901,837,849,845,838,954,862,847,877,763,940,760,941,983,797,799,981,831,884,925,843,956,993,908,915,986,912,848,759,889,920,978,810,778,973,779,974,809,914,953,928,871,865,921,985,801,796,971,947,874,963,886,899,948,818,819,992,991,988,844,850,962,755,942,842,835,834,781,952,955,830,829,957,765,768,890,870,970,828,784,823,767,864,771,791,766,824,881,913,757,959,869,896,929,866,979,972,935,770,903,846,806,858,878,967,855,840,805,945,937,813,918,980,772,867,893,968,851,976,951,782,904,815,746,748,793,839,761,924,879,949,910,856,930,756,816,750,764,753,863,885,958,751,965,787,938,895,969,790,852,802,788,749,961,875,982,794,807,932,977,892,783,931,758,804,857,897,926,922,964,747,861,984,873,909,762,774,776,827,752,960,872,975,812,817,894,754,883,832,803,769,833,785,836,905,854,944,917,825,814,933,907,987,868,880,911,841,811,860,798,800,946,882,923,795,859,876,780,919,777,936,808,789,966,822,989,990,821,820,786
STAB 3 1 1 9,8,7,13,2,3,6,5,10,1,4,12,11,40,41,39,24,53,43,25,42,51,52,38,44,16,14,73,69,88,95,37,19,21,32,15,35,17,26,27,36,34,33,20,46,50,18,22,23,45,48,49,47,71,74,77,75,70,72,97,83,57,56,54,59,29,58,60,66,67,64,65,78,76,62,55,63,28,90,84,79,86,96,89,82,85,30,87,80,81,93,91,92,31,94,61,68,287,274,313,231,98,101,254,245,136,300,291,311,316,314,137,325,334,321,221,343,339,355,171,107,108,326,328,335,222,125,323,341,336,333,327,344,131,317,232,241,367,363,377,380,104,105,395,413,428,441,330,297,176,391,424,409,437,347,124,126,345,130,132,99,110,111,109,365,368,369,371,439,430,358,177,442,432,443,357,279,429,426,444,173,490,258,223,257,434,224,169,416,486,504,522,155,340,518,542,563,583,603,324,148,114,401,609,584,538,579,559,599,393,415,331,396,625,643,303,212,621,639,397,332,157,414,411,399,168,228,381,251,167,103,106,123,128,243,141,229,246,235,238,112,275,239,100,143,240,278,255,247,265,237,140,376,142,277,378,312,511,671,690,709,318,308,118,379,175,440,509,686,667,705,360,165,161,373,366,248,249,172,158,717,728,729,716,281,284,102,306,739,135,122,738,720,718,715,726,359,744,742,121,735,356,315,525,524,349,570,342,294,295,164,185,244,163,216,162,290,322,200,115,320,262,234,319,329,233,160,156,113,201,217,116,134,202,127,159,129,194,264,338,337,263,348,346,280,133,193,117,288,302,353,351,352,119,354,350,150,120,149,364,276,139,362,272,273,361,372,370,230,166,226,138,242,256,253,375,252,374,250,236,227,392,394,220,225,210,383,151,382,180,388,389,386,387,400,398,384,213,385,144,410,412,170,211,189,402,153,174,407,203,187,406,417,184,404,405,145,425,427,179,419,152,418,422,423,420,421,433,431,403,178,408,146,438,267,154,436,186,188,435,445,181,266,390,147,540,565,626,491,647,645,510,508,543,567,623,488,564,546,544,561,629,644,641,627,268,494,492,506,474,523,305,304,477,513,471,470,487,489,468,467,457,479,190,478,484,485,482,483,495,493,480,449,481,182,505,507,453,452,469,497,191,496,502,503,500,501,498,466,499,183,519,520,521,514,195,512,516,517,475,515,526,476,472,473,192,539,541,604,571,460,459,446,528,206,527,574,535,536,533,534,547,545,531,454,532,196,560,562,587,588,447,455,461,549,208,548,585,556,557,554,555,568,566,552,458,553,197,580,610,605,581,582,607,572,573,207,569,577,578,575,576,592,611,591,601,590,589,551,550,558,198,600,602,586,594,209,593,597,598,595,596,608,606,530,529,537,199,612,307,205,204,622,624,465,462,456,614,218,613,619,620,617,618,630,628,615,448,616,214,640,642,451,450,464,632,219,631,637,638,635,636,648,646,633,463,634,215,675,673,672,669,710,678,681,668,670,693,694,650,649,652,657,270,656,691,664,665,662,663,676,674,660,651,661,259,687,711,688,689,713,679,680,269,677,684,685,682,683,698,697,707,696,695,659,658,666,260,706,708,692,700,271,699,703,704,701,702,714,712,654,653,655,261,310,286,285,309,727,737,289,283,296,719,301,723,724,730,722,282,745,299,298,731,725,292,293,736,721,743,740,732,741,733,734,904,911,804,962,889,910,855,920,785,982,965,922,797,986,897,968,959,806,863,779,800,765,953,843,846,957,805,979,841,898,937,783,751,767,913,883,782,798,914,993,955,924,838,757,752,814,916,815,755,905,874,880,777,878,917,887,954,915,930,862,935,850,964,848,856,788,769,960,882,851,912,833,992,991,829,830,786,768,836,759,902,802,974,990,989,781,952,956,819,818,876,945,811,942,849,877,879,812,949,860,940,918,885,893,875,793,967,792,753,790,944,941,983,861,872,892,772,973,871,787,901,837,981,808,828,970,845,929,934,807,824,774,972,961,758,795,791,831,832,809,900,963,775,958,784,906,859,840,803,761,747,907,888,985,978,925,939,858,976,881,927,760,773,923,778,896,933,984,890,894,853,766,980,762,854,771,789,966,865,866,936,891,756,977,748,868,749,816,796,763,946,938,776,826,770,987,947,899,810,867,926,839,950,971,988,951,884,823,827,822,817,921,750,919,969,842,932,801,869,928,909,975,895,813,864,844,799,764,870,852,746,873,886,908,847,931,794,903,780,943,825,857,948,821,820,834,835,754
STAB 3 1 1 9,1,7,4,10,3,6,5,2,8,13,11,12,15,16,14,24,22,17,25,20,23,18,19,21,41,39,56,55,79,60,26,38,44,36,40,27,43,37,35,32,34,33,42,47,48,52,53,51,49,50,45,46,28,57,54,29,62,63,83,97,74,73,77,78,75,76,95,67,66,65,64,59,58,70,69,72,71,84,90,88,80,31,30,81,87,89,85,86,82,61,68,94,96,92,93,91,108,100,109,107,98,101,106,112,136,103,102,99,135,110,137,124,126,123,125,155,133,302,279,231,287,132,128,130,131,221,113,117,116,114,115,158,222,111,104,105,168,166,256,228,232,241,225,189,174,180,127,172,177,213,178,223,173,129,325,334,118,335,326,311,314,317,313,138,167,139,165,147,152,150,176,175,179,154,149,171,170,146,169,437,467,452,409,161,181,416,444,224,449,466,304,343,280,471,459,455,585,574,156,332,333,184,470,474,454,550,458,529,144,153,134,220,462,450,162,157,448,463,151,148,212,211,145,210,367,380,251,381,368,300,254,321,328,249,237,250,248,235,238,245,140,247,274,143,255,278,240,239,236,141,275,252,142,277,242,244,497,649,691,681,233,348,345,227,442,390,496,658,651,653,370,371,257,253,226,246,243,297,344,295,283,296,294,281,284,291,119,293,316,122,301,720,286,285,282,120,731,298,121,735,288,290,513,195,353,477,193,716,717,185,164,312,216,163,303,315,160,329,327,262,320,319,234,200,318,322,324,323,159,202,336,331,217,330,201,347,346,338,264,263,337,308,194,340,339,342,341,356,355,349,350,354,306,352,351,358,359,357,230,372,369,272,362,361,273,276,360,364,363,366,365,378,377,373,374,376,375,229,265,379,384,385,396,395,399,400,397,398,441,389,388,387,386,383,382,392,391,394,393,404,405,429,414,413,417,415,428,203,407,406,187,402,401,410,412,411,403,408,432,433,430,431,423,422,421,420,419,418,425,424,427,426,266,445,443,186,436,435,188,267,434,438,440,439,196,208,465,468,464,219,469,191,460,461,214,182,447,446,206,197,456,451,215,218,453,457,190,183,584,305,523,522,570,525,518,609,480,481,491,490,494,495,492,493,485,484,483,482,479,478,487,486,489,488,498,499,268,258,510,511,508,509,503,502,501,500,505,504,507,506,472,192,473,526,524,476,517,516,515,475,514,512,519,521,520,531,532,571,604,543,542,546,547,544,545,603,536,535,534,533,528,527,539,538,541,540,552,553,588,587,564,563,567,568,565,566,583,557,556,555,554,549,548,560,559,562,561,551,205,209,198,558,586,591,592,589,590,578,577,576,575,573,204,572,199,569,207,580,579,582,581,530,537,607,608,605,606,598,597,596,595,594,593,600,599,602,601,307,612,610,611,615,616,626,625,629,630,627,628,620,619,618,617,614,613,622,621,624,623,633,634,644,643,647,648,645,646,638,637,636,635,632,631,640,639,642,641,652,270,650,259,678,710,709,660,661,694,693,672,671,675,676,673,674,690,665,664,663,662,657,656,668,667,670,669,659,271,260,666,692,697,698,695,696,685,684,683,682,680,679,261,677,269,687,686,689,688,654,655,713,714,711,712,704,703,702,701,700,699,706,705,708,707,310,718,715,309,722,289,737,728,729,730,738,724,723,719,727,726,299,745,742,744,292,725,739,736,721,734,733,741,732,740,743,814,810,760,757,795,758,816,762,822,753,748,759,761,749,756,751,755,859,783,872,879,972,971,942,877,875,940,865,862,930,966,863,968,867,926,831,952,858,947,948,950,763,949,962,964,904,789,905,959,815,896,906,901,845,840,791,839,844,898,841,908,847,752,746,813,823,890,747,809,750,808,754,820,821,829,830,817,894,918,922,919,812,893,818,819,951,782,988,989,990,807,799,803,843,842,846,800,802,838,837,805,836,963,974,957,978,936,932,982,985,934,923,764,787,779,773,864,866,774,861,777,860,946,912,766,770,878,909,944,876,771,871,765,870,910,889,887,883,884,882,881,885,928,886,827,880,806,917,811,797,960,888,907,790,793,903,794,798,801,900,895,804,892,941,891,874,943,868,769,768,825,828,921,920,826,824,916,937,979,973,967,778,897,776,965,984,986,855,969,924,981,857,977,854,970,873,914,869,911,767,913,954,955,953,956,781,832,788,784,785,786,980,851,902,796,849,792,976,899,775,929,780,927,856,772,915,945,983,961,931,848,987,958,935,850,852,939,925,975,933,853,938,993,991,992,834,835,833
STAB 3 1 -1 9,10,3,13,1,7,6,5,8,2,4,11,12,40,39,41,25,52,44,24,38,51,53,42,43,14,16,74,77,90,97,26,20,17,27,15,36,21,37,32,35,33,34,19,47,49,22,18,23,48,45,50,46,75,73,69,71,78,76,95,60,56,57,55,62,28,63,83,65,64,67,66,70,72,59,54,58,29,88,79,84,87,96,89,81,80,30,86,85,82,94,68,61,31,93,92,91,300,274,311,291,101,98,241,232,137,287,231,313,316,317,136,326,335,328,222,344,347,356,172,102,103,325,321,334,221,131,327,345,333,336,323,343,125,314,245,254,368,371,378,381,112,106,396,414,429,442,157,279,177,399,432,416,444,339,132,130,341,126,124,109,111,110,99,369,367,365,363,443,426,357,176,441,424,439,358,297,428,430,437,169,491,268,224,244,390,223,173,409,494,510,523,158,348,525,543,564,587,604,233,134,116,405,477,474,546,591,567,607,397,411,332,395,626,644,290,127,629,647,393,331,330,413,415,391,167,251,380,228,168,108,105,128,123,255,141,265,247,238,235,104,275,248,100,142,249,277,243,246,229,237,140,373,143,278,377,161,505,672,693,710,156,280,117,227,180,181,507,697,675,713,226,166,312,376,370,239,240,171,155,718,728,726,715,284,281,107,306,725,135,121,737,735,717,716,729,359,744,745,122,720,355,162,518,520,352,470,346,285,286,185,164,257,216,163,315,303,329,160,113,319,234,262,320,322,324,200,318,115,202,159,114,148,201,212,217,133,193,263,337,338,264,340,342,308,129,194,118,302,288,354,350,349,119,353,351,149,120,150,372,230,138,361,273,272,362,364,366,276,165,360,139,256,242,252,374,253,375,236,250,379,400,398,225,220,213,384,144,385,175,387,386,389,388,392,394,383,210,382,151,417,184,174,189,211,404,145,170,406,187,203,407,410,412,402,401,153,433,431,178,403,146,408,421,420,423,422,425,427,419,179,418,152,445,266,147,435,188,186,436,438,440,267,434,154,544,561,625,490,639,641,504,506,542,559,627,492,563,538,540,565,621,643,645,623,258,486,488,508,584,522,304,305,609,471,513,570,495,493,467,468,449,480,182,481,483,482,485,484,487,489,479,457,478,190,511,509,452,453,466,498,183,499,501,500,503,502,497,469,496,191,526,524,476,472,192,473,515,475,517,516,519,521,514,512,195,547,545,603,574,459,460,454,531,196,532,571,534,533,536,535,539,541,528,446,527,206,568,566,583,585,455,447,458,552,197,553,588,555,554,557,556,560,562,549,461,548,208,592,611,601,589,590,599,550,551,198,558,576,575,578,577,580,610,579,605,582,581,573,572,569,207,608,606,529,530,199,537,596,595,598,597,600,602,594,586,593,209,612,307,204,205,630,628,462,465,448,615,214,616,618,617,620,619,622,624,614,456,613,218,648,646,450,451,463,633,215,634,636,635,638,637,640,642,632,464,631,219,667,669,671,673,709,681,678,676,674,690,691,649,650,651,660,259,661,694,663,662,665,664,668,670,657,652,656,270,698,707,695,696,705,658,659,260,666,683,682,685,684,687,686,711,689,688,680,679,677,269,714,712,653,654,261,655,702,701,704,703,706,708,700,692,699,271,309,295,294,310,730,738,301,283,282,722,289,724,723,727,719,296,742,298,299,731,739,293,292,721,736,733,734,741,732,743,740,905,912,797,959,882,897,856,922,786,986,968,920,804,982,910,965,962,798,861,774,807,770,947,844,845,961,799,973,837,895,936,787,748,772,909,884,781,806,971,988,950,983,839,755,747,815,919,814,757,904,869,888,773,877,918,881,949,942,927,860,925,849,960,851,855,784,768,964,889,848,911,833,989,990,830,829,785,769,840,762,789,803,980,991,992,782,951,948,820,821,879,940,812,915,850,878,876,811,954,862,945,917,886,921,870,801,966,794,749,796,943,946,924,863,871,901,767,979,872,783,892,841,923,810,824,972,846,926,933,800,828,779,970,957,756,809,900,832,831,795,791,958,778,963,788,907,858,836,802,760,752,906,880,969,976,935,932,859,978,887,930,761,777,981,775,899,934,987,894,890,854,771,974,759,853,766,902,967,866,865,937,928,758,975,751,873,753,813,790,764,941,931,780,825,765,984,953,896,808,864,929,838,955,914,993,952,883,827,823,817,822,893,746,916,985,847,939,793,874,891,913,977,898,816,867,843,805,763,875,857,750,868,885,903,842,938,792,908,776,944,826,852,956,818,819,835,834,754
STAB 3 1 -1 9,2,3,4,8,7,6,5,1,10,13,12,11,15,14,16,25,18,21,24,19,23,22,20,17,39,41,57,54,84,83,37,42,43,35,40,32,44,26,36,27,33,34,38,46,45,53,52,51,50,49,48,47,29,56,55,28,59,58,60,95,73,74,69,70,71,72,97,64,65,66,67,62,63,78,77,76,75,79,88,90,85,31,30,82,86,89,80,87,81,92,91,93,96,61,94,68,103,100,99,102,101,98,105,104,137,108,107,109,135,111,136,132,130,128,131,158,129,288,297,291,300,124,123,126,125,222,115,118,114,116,113,155,221,110,112,106,167,165,242,251,245,254,220,211,170,175,212,171,176,210,179,224,169,133,326,335,117,334,325,313,317,314,311,139,168,138,166,154,146,149,177,180,178,147,150,172,174,152,173,444,468,453,416,312,440,409,437,223,457,469,305,344,308,513,460,447,588,571,318,331,336,412,570,584,446,572,461,586,151,145,148,225,465,451,315,330,456,464,144,134,127,189,153,213,368,381,228,380,367,287,241,328,321,240,237,236,239,238,235,232,140,246,274,142,243,277,249,248,250,141,275,253,143,278,256,257,498,650,694,678,324,340,341,379,441,434,499,679,652,692,366,363,244,252,360,247,255,279,343,286,283,282,285,284,281,231,119,292,316,121,289,735,295,294,296,120,731,299,122,720,302,303,471,192,354,609,194,715,718,164,185,161,163,216,290,162,200,322,323,234,319,320,262,160,156,329,233,327,217,201,333,332,159,157,202,339,342,337,263,264,338,280,193,348,347,346,345,355,356,352,351,353,306,349,350,357,359,358,276,364,365,273,361,362,272,230,226,372,371,370,369,377,378,376,375,373,374,265,229,227,383,382,395,396,391,392,393,394,442,386,387,388,389,384,385,400,399,398,397,402,401,428,413,414,410,411,429,187,406,407,203,404,405,417,184,415,419,418,424,425,426,427,420,421,422,423,403,408,433,432,431,430,267,438,439,188,435,436,186,266,390,445,181,443,206,197,462,467,463,215,466,183,459,458,218,190,455,454,196,208,448,450,219,214,452,449,182,191,474,304,522,523,470,518,525,477,479,478,490,491,486,487,488,489,482,483,484,485,480,481,495,494,493,492,497,496,258,268,504,505,506,507,500,501,502,503,511,510,509,508,514,195,512,519,520,521,475,515,516,517,472,473,526,476,524,528,527,574,603,542,543,538,539,540,541,604,533,534,535,536,531,532,547,546,545,544,549,548,585,583,563,564,559,560,561,562,587,554,555,556,557,552,553,568,567,566,565,573,204,199,207,569,529,579,580,581,582,575,576,577,578,551,205,550,209,558,198,592,591,590,589,594,593,599,600,601,602,595,596,597,598,530,537,608,607,606,605,307,612,611,610,614,613,625,626,621,622,623,624,617,618,619,620,615,616,630,629,628,627,632,631,643,644,639,640,641,642,635,636,637,638,633,634,648,647,646,645,651,259,649,270,681,709,710,657,656,691,690,671,672,667,668,669,670,693,662,663,664,665,660,661,676,675,674,673,680,261,269,677,653,686,687,688,689,682,683,684,685,659,658,271,666,260,698,697,696,695,700,699,705,706,707,708,701,702,703,704,654,655,714,713,712,711,309,717,716,310,719,301,738,728,726,727,737,723,724,722,730,729,298,742,745,744,293,739,725,721,736,740,743,732,741,734,733,815,808,761,755,809,756,813,759,817,749,751,762,760,753,758,748,757,858,787,871,876,970,914,915,878,870,945,866,860,927,967,861,965,864,929,832,951,859,953,956,955,764,954,959,960,905,902,904,962,814,899,907,892,846,836,900,838,843,895,837,903,842,747,750,816,827,894,752,795,746,810,754,819,818,830,829,822,890,917,920,916,811,921,821,820,952,781,993,992,991,800,805,802,844,847,845,807,803,839,841,799,840,958,980,961,976,937,939,986,969,933,981,763,783,774,777,867,865,779,863,773,862,941,911,771,765,877,913,943,879,766,872,770,875,897,882,881,884,883,889,887,886,891,885,823,888,798,918,812,804,964,880,906,796,801,908,792,806,793,791,898,797,901,946,928,869,944,873,768,769,826,824,893,922,825,828,919,936,973,979,966,775,910,780,968,987,982,856,985,983,923,852,975,853,972,868,971,874,912,772,909,949,950,947,948,782,831,784,788,786,785,974,848,789,790,850,794,978,896,778,926,776,930,855,767,942,940,924,957,938,851,984,963,925,849,857,932,935,977,934,854,931,988,990,989,835,834,833
STAB 3 1 -1 10,8,7,13,5,6,3,2,9,1,11,12,4,41,40,39,44,53,42,38,43,52,51,25,24,26,36,75,71,89,96,35,34,33,32,27,37,20,16,15,14,19,21,17,50,46,47,49,48,45,23,22,18,69,77,74,73,72,70,97,94,78,76,66,67,64,65,68,54,59,29,58,57,56,28,63,55,62,90,87,81,82,95,88,86,85,80,84,30,79,91,93,92,61,83,31,60,101,313,274,98,231,287,245,254,241,291,300,311,317,314,232,327,336,323,333,345,341,306,359,122,121,328,326,222,335,157,321,339,334,221,325,347,332,316,137,136,369,365,275,237,143,142,397,415,430,443,331,358,357,393,426,411,439,344,233,127,343,202,329,244,290,163,164,363,371,367,368,437,428,297,279,444,429,441,176,177,432,424,442,390,492,508,405,185,435,407,436,414,488,506,524,346,342,520,544,565,589,605,322,217,159,406,610,611,540,581,561,601,391,413,330,399,627,645,216,201,623,641,395,131,125,416,409,396,370,227,381,236,372,102,112,156,320,238,229,141,235,246,243,106,377,240,161,104,239,248,247,255,265,380,373,376,105,249,378,312,453,673,695,711,319,338,337,250,445,438,452,688,669,707,361,362,100,140,364,278,277,172,348,284,729,728,281,716,717,103,355,738,162,107,739,725,715,718,726,171,745,742,108,737,356,315,523,522,119,612,340,310,309,109,257,99,111,303,135,110,324,262,234,128,200,115,318,132,124,113,123,160,212,148,134,116,130,126,114,264,263,129,308,118,194,158,155,117,193,133,280,354,350,351,353,352,349,288,302,150,149,120,366,272,273,165,276,139,360,167,168,138,226,166,230,252,374,375,253,242,256,379,251,228,394,392,400,398,388,389,386,387,181,210,383,151,382,220,225,144,385,213,384,412,410,433,417,184,203,187,431,224,402,153,401,211,189,145,223,404,427,425,422,423,420,421,179,419,152,418,170,174,146,408,178,403,440,186,188,169,267,154,434,175,180,147,173,266,538,563,629,494,644,643,268,258,546,564,621,486,567,543,542,559,626,647,639,625,510,491,490,504,477,525,526,476,474,516,473,470,489,487,495,493,484,485,482,483,457,479,190,478,468,467,182,481,449,480,507,505,511,509,502,503,500,501,469,497,191,496,183,499,466,498,521,518,519,517,475,515,513,514,195,512,305,304,192,471,472,541,539,607,608,547,545,535,536,533,534,606,446,528,206,527,460,459,196,532,454,531,562,560,591,592,568,566,556,557,554,555,590,461,549,208,548,447,455,197,553,458,552,582,609,603,579,580,604,577,578,575,576,572,573,207,569,588,584,587,599,585,583,198,558,550,551,602,600,597,598,595,596,586,594,209,593,571,574,199,537,529,530,570,204,205,307,624,622,630,628,619,620,617,618,456,614,218,613,465,462,214,616,448,615,642,640,648,646,637,638,635,636,464,632,219,631,451,450,215,634,463,633,672,671,675,667,713,714,712,670,668,697,698,676,674,664,665,662,663,696,652,657,270,656,650,649,259,661,651,660,689,709,686,687,710,684,685,682,683,679,680,269,677,694,693,705,691,690,260,666,658,659,708,706,703,704,701,702,692,700,271,699,678,681,261,655,653,654,294,285,286,295,727,735,736,730,723,724,293,296,719,283,282,722,744,732,734,733,720,721,301,289,292,743,741,299,740,731,298,851,964,968,982,848,965,960,986,833,962,910,959,897,920,797,804,922,983,924,970,824,864,890,894,972,828,867,901,872,891,975,892,928,871,977,952,951,861,823,817,822,863,827,919,969,881,939,976,932,882,985,760,859,940,876,978,811,812,761,945,858,879,911,889,912,802,803,855,905,904,856,785,991,992,989,990,786,784,766,854,853,788,771,830,829,884,883,754,835,834,917,862,954,949,918,860,850,915,942,877,878,849,750,847,842,746,938,826,825,813,816,931,806,798,841,783,837,787,767,973,979,772,987,896,957,779,774,984,899,961,800,845,846,807,907,791,795,832,831,958,963,900,906,809,768,775,777,980,769,930,869,758,927,874,887,773,916,935,815,814,888,880,925,926,756,808,810,929,953,843,902,836,840,789,759,974,762,946,764,908,909,898,778,913,895,857,794,944,943,903,966,967,852,792,799,981,844,934,933,805,923,971,988,839,950,782,781,914,838,955,993,870,885,757,752,875,755,886,747,751,936,937,748,790,765,947,770,865,921,776,793,780,801,866,893,941,749,763,873,796,753,868,948,820,821,818,819,956
STAB 3 1 -1 10,1,7,11,9,6,3,2,5,8,13,4,12,27,26,36,44,49,20,38,17,48,47,34,33,40,39,76,63,81,68,16,25,24,14,41,15,42,35,37,32,19,21,43,18,23,51,53,52,22,46,45,50,62,78,66,64,28,55,94,97,77,75,74,57,73,56,96,59,54,58,29,67,65,72,71,70,69,87,90,89,30,61,80,79,84,88,85,82,86,31,60,83,95,92,91,93,121,161,164,122,231,287,112,106,241,102,103,244,162,290,232,233,127,156,157,346,193,350,177,98,101,329,320,202,332,333,160,280,134,159,234,348,335,163,143,142,370,226,374,227,137,136,398,184,431,181,126,172,279,385,408,405,390,264,327,336,337,222,328,311,314,316,274,230,372,273,362,266,420,150,357,445,422,188,120,359,433,403,436,439,493,509,411,100,180,414,442,407,481,499,476,345,117,473,545,566,590,606,123,131,221,189,470,477,532,558,553,537,384,187,116,400,628,646,135,125,616,634,386,217,201,417,404,388,369,237,236,381,371,291,245,323,326,277,380,379,278,246,243,254,373,255,313,104,247,248,239,240,251,229,377,242,105,249,252,99,503,674,696,712,124,158,343,228,444,173,501,666,661,655,168,368,185,375,166,235,238,358,347,309,730,723,310,716,717,300,349,301,317,107,293,725,285,286,722,149,733,734,108,737,354,110,516,475,351,474,133,281,284,257,109,312,303,111,216,315,113,132,325,200,128,318,115,262,319,324,322,321,114,130,334,330,148,331,212,344,155,308,129,194,118,338,263,342,341,340,339,356,306,119,302,288,355,352,353,297,171,176,138,167,367,276,165,360,139,272,361,366,365,364,363,378,275,140,256,376,253,141,265,250,144,213,399,397,396,220,395,225,443,383,210,382,151,389,387,394,393,392,391,145,223,432,416,415,211,413,430,402,224,401,153,203,406,412,410,409,146,178,429,170,428,174,419,179,418,152,423,421,427,426,425,424,147,175,441,267,169,434,154,186,435,440,438,437,531,554,630,495,637,635,502,500,547,556,615,480,568,535,533,552,619,648,633,617,511,484,482,498,611,526,525,524,612,523,520,610,182,449,494,492,491,468,490,467,479,457,478,190,485,483,489,488,487,486,183,466,510,508,268,453,258,452,497,469,496,191,507,506,505,504,192,472,471,305,522,304,514,513,512,195,517,515,521,519,518,196,454,608,607,546,544,543,460,542,459,605,528,446,527,206,536,534,541,540,539,538,197,458,592,591,567,565,564,447,563,455,589,549,461,548,208,557,555,562,561,560,559,198,205,595,551,550,597,587,588,583,585,573,572,569,207,578,307,577,530,576,575,582,581,580,579,199,529,604,571,603,574,594,586,593,209,598,596,602,601,600,599,204,570,609,584,214,448,629,627,626,465,625,462,614,456,613,218,620,618,624,623,622,621,215,463,647,645,644,451,643,450,632,464,631,219,638,636,642,641,640,639,664,662,676,660,714,713,711,259,651,698,697,675,673,672,650,671,649,695,657,652,656,270,665,663,670,669,668,667,260,701,659,658,703,693,694,690,691,680,679,677,269,685,684,654,683,682,689,688,687,686,261,653,710,678,709,681,700,692,699,271,704,702,708,707,706,705,294,715,718,295,282,736,735,729,728,283,739,719,296,724,727,726,732,744,742,745,721,720,738,289,292,298,731,740,299,741,743,881,933,880,919,791,907,944,789,955,825,895,854,930,794,778,928,932,777,892,841,850,846,839,949,860,842,878,764,945,761,946,924,804,805,923,832,883,935,844,948,988,903,942,982,911,851,762,882,922,976,808,775,979,774,980,795,971,947,891,872,866,893,969,793,790,914,953,869,958,885,896,956,821,820,989,990,993,843,849,959,757,915,847,834,835,782,951,950,829,830,961,770,769,894,875,972,824,788,827,772,867,766,900,771,828,887,909,755,962,874,899,926,865,973,970,925,765,908,845,798,859,877,966,856,836,799,940,936,816,917,974,767,864,921,965,848,978,952,781,905,814,750,751,801,838,760,983,876,954,897,855,927,758,813,746,763,749,861,886,963,748,968,783,931,898,985,796,857,803,784,753,957,870,986,792,800,939,975,901,787,938,756,797,852,910,929,920,960,752,863,987,868,913,759,779,780,823,747,964,871,977,811,822,890,754,884,831,802,768,833,786,840,904,853,943,918,826,815,934,906,984,873,888,912,837,812,862,806,807,941,889,981,809,858,879,776,916,773,937,810,902,967,817,992,991,818,819,785
STAB 3 1 1 10,9,6,13,1,7,3,2,8,5,11,4,12,41,39,40,38,51,24,44,25,52,53,43,42,36,26,77,74,90,97,16,17,20,15,27,14,33,35,32,37,21,19,34,18,22,49,47,48,23,45,46,50,73,75,71,69,57,56,96,68,76,78,63,28,62,55,94,58,29,59,54,72,70,67,66,65,64,89,81,87,84,95,88,79,30,80,82,85,86,83,60,31,61,91,92,93,291,313,311,300,287,231,136,137,232,101,98,274,317,316,241,328,222,326,335,347,344,356,172,103,102,327,323,336,333,332,325,343,221,334,321,345,157,314,254,245,371,368,378,381,106,112,399,416,432,444,125,177,279,396,429,414,442,341,329,202,339,127,233,164,163,290,244,367,369,363,365,441,424,176,357,443,426,437,297,358,430,428,439,436,494,510,407,99,173,405,390,411,491,268,525,348,158,523,546,567,591,607,124,116,134,223,474,477,543,587,564,604,395,409,131,397,629,647,110,126,626,644,391,330,331,415,413,393,372,236,237,227,370,121,142,320,156,247,229,265,255,243,246,143,377,278,161,105,277,249,238,235,141,380,373,140,104,248,275,100,507,675,697,713,123,117,280,228,181,180,505,693,672,710,166,226,312,376,168,240,239,359,346,715,729,726,718,717,716,122,355,720,162,108,735,737,284,281,728,171,745,744,107,725,306,135,520,518,352,470,155,286,285,257,109,185,303,111,315,216,132,113,160,318,115,200,128,324,322,262,319,234,130,114,159,217,212,201,148,193,133,194,118,308,129,342,340,338,264,263,337,350,354,288,302,119,349,351,353,120,149,150,167,138,230,360,139,276,165,366,364,272,362,361,273,374,252,242,256,375,253,251,379,250,220,225,398,400,385,144,384,213,445,382,151,383,210,394,392,389,388,387,386,211,189,431,184,417,145,404,433,401,153,402,224,412,410,203,406,187,170,174,408,146,403,178,418,152,419,179,427,425,423,422,421,420,175,147,266,434,154,267,169,440,438,186,435,188,542,559,627,492,641,639,506,504,544,561,625,490,565,540,538,563,623,645,643,621,508,488,486,258,611,524,476,526,610,473,516,612,468,467,493,495,481,182,480,449,478,190,479,457,489,487,485,484,483,482,453,452,509,511,499,183,498,466,496,191,497,469,503,502,501,500,305,522,304,192,472,471,512,195,514,513,521,519,517,515,475,460,459,605,606,545,547,532,196,531,454,608,527,206,528,446,541,539,536,535,534,533,447,455,589,590,566,568,553,197,552,458,592,548,208,549,461,562,560,557,556,555,554,588,584,599,583,585,601,558,198,551,550,569,207,573,572,582,609,581,603,580,579,578,577,576,575,571,574,537,199,530,529,593,209,594,586,602,600,598,597,596,595,570,204,307,205,465,462,628,630,616,214,615,448,613,218,614,456,624,622,620,619,618,617,451,450,646,648,634,215,633,463,631,219,632,464,642,640,638,637,636,635,669,667,673,671,711,712,714,650,649,695,696,674,676,661,259,660,651,698,656,270,657,652,670,668,665,664,663,662,694,705,690,691,707,666,260,659,658,677,269,680,679,689,688,709,687,686,685,684,683,682,678,681,655,261,654,653,699,271,700,692,708,706,704,703,702,701,295,309,310,294,283,739,293,730,722,282,736,719,296,727,724,723,742,734,732,733,738,301,721,292,289,731,298,740,299,743,741,882,856,897,922,905,797,912,959,786,920,804,986,968,962,965,910,982,861,798,845,961,799,844,947,774,807,770,787,772,748,909,973,895,837,936,781,884,983,839,950,988,806,971,932,869,976,757,881,919,851,747,927,925,860,849,814,942,949,888,877,773,918,855,904,960,768,784,911,848,889,964,785,829,830,990,989,833,803,980,789,762,769,840,992,991,951,782,948,821,820,850,878,915,812,879,940,917,954,811,945,862,876,801,870,921,886,946,749,794,943,796,966,863,924,767,979,871,901,841,892,783,872,926,933,800,846,972,923,810,824,957,970,779,828,778,958,963,831,832,791,795,809,756,900,802,758,935,766,788,880,969,775,760,752,815,858,755,777,887,978,761,930,859,987,906,934,899,981,843,953,759,974,771,854,902,836,853,938,908,764,975,751,907,937,928,780,825,790,813,865,931,941,873,753,864,929,890,808,896,765,984,827,822,823,817,883,952,838,914,993,955,847,793,939,874,893,916,746,985,898,977,913,891,944,805,894,867,903,842,868,885,857,750,763,875,967,826,866,852,816,792,776,754,834,835,819,818,956
STAB 3 1 1 10,5,6,11,8,7,3,2,1,9,13,12,4,27,36,26,38,47,33,44,34,48,49,17,20,39,40,78,66,87,94,35,43,42,37,41,32,24,16,14,15,21,19,25,50,45,53,51,52,46,22,23,18,64,76,63,62,67,65,68,96,75,77,71,72,69,70,97,29,58,54,59,28,55,57,74,56,73,81,89,90,85,61,80,86,82,88,30,84,79,92,93,91,95,31,83,60,102,161,244,103,287,231,142,143,232,121,122,164,162,163,241,329,202,320,332,348,264,354,358,300,291,233,156,127,157,335,234,337,159,134,160,346,333,290,106,112,372,362,252,236,254,245,400,417,433,445,201,359,357,388,422,407,436,193,328,222,280,336,327,274,316,314,311,273,370,230,226,188,403,120,279,181,408,266,150,172,431,420,390,442,495,511,414,312,438,411,439,405,484,502,526,347,338,516,547,568,592,608,319,330,334,410,612,611,535,577,556,597,386,404,217,398,630,648,315,331,619,637,384,116,126,184,187,385,371,381,227,237,369,101,136,326,323,239,380,251,240,243,246,137,373,235,313,105,238,249,277,278,379,229,377,375,104,248,374,185,183,676,698,714,322,342,339,250,443,435,466,684,664,703,364,365,99,242,361,255,247,177,345,285,730,722,286,717,716,98,349,721,317,108,736,737,309,310,723,149,733,732,107,725,350,216,473,472,288,610,263,718,715,109,257,100,111,303,110,135,262,324,321,115,318,128,200,113,123,132,124,325,148,212,221,131,114,125,130,341,340,118,194,129,308,117,133,158,344,155,343,306,356,352,353,351,355,119,302,176,171,297,272,366,363,139,360,165,276,138,166,167,368,168,367,275,378,376,253,140,256,265,141,228,389,387,397,399,393,394,391,392,444,151,382,210,383,144,213,220,396,225,395,203,406,430,415,416,412,409,432,153,401,224,402,145,223,211,189,413,423,421,426,427,424,425,152,418,179,419,146,178,170,429,174,428,186,440,437,154,434,169,267,147,173,175,180,441,533,552,628,493,634,633,499,498,545,553,617,482,566,532,531,554,616,646,635,615,509,481,480,500,477,476,524,525,470,520,523,474,485,483,492,494,488,489,486,487,190,478,457,479,182,449,468,491,467,490,503,501,508,510,506,507,504,505,191,496,469,497,453,268,452,258,517,475,515,521,518,519,195,512,513,514,192,471,305,304,522,536,534,606,605,544,546,540,541,538,539,607,206,527,446,528,196,454,460,543,459,542,557,555,590,589,565,567,561,562,559,560,591,208,548,461,549,197,458,447,564,455,563,578,307,530,575,576,537,581,582,579,580,207,569,572,573,198,205,558,595,550,551,588,587,585,583,598,596,601,602,599,600,209,593,586,594,199,529,571,604,574,603,204,570,584,609,620,618,627,629,623,624,621,622,218,613,456,614,214,448,465,626,462,625,638,636,645,647,641,642,639,640,219,631,464,632,215,463,451,644,450,643,661,660,674,662,712,711,713,665,663,696,695,673,675,669,670,667,668,697,270,656,652,657,259,651,650,672,649,671,685,654,682,683,655,688,689,686,687,269,677,679,680,260,666,701,658,659,694,693,691,690,704,702,707,708,705,706,271,699,692,700,261,653,678,710,681,709,295,284,281,294,724,293,739,729,726,727,735,296,719,282,283,728,734,742,744,745,301,738,720,292,289,741,743,299,740,298,731,976,896,930,932,958,778,790,854,993,794,928,789,880,825,907,895,919,935,973,767,917,779,823,812,940,921,862,908,877,888,938,798,910,765,984,831,782,777,890,754,822,865,811,922,855,882,853,851,982,881,934,758,783,972,766,963,827,894,748,772,763,875,869,885,944,838,843,969,791,793,933,956,835,834,990,989,955,953,876,986,939,954,870,820,821,883,884,817,991,992,824,867,788,947,893,774,961,769,971,872,770,980,809,840,807,815,975,916,920,752,810,987,903,892,845,859,805,764,970,924,925,945,931,964,974,864,860,977,796,850,836,841,799,842,797,905,814,781,952,848,978,801,898,750,914,927,861,849,915,968,911,760,775,943,886,866,826,983,746,795,891,897,979,966,751,747,816,780,784,803,792,800,847,959,753,957,757,909,787,901,946,906,965,873,804,981,962,912,874,806,926,776,937,902,846,857,839,985,856,837,936,942,988,844,948,951,832,768,802,786,833,771,889,762,813,879,749,887,808,756,923,852,761,960,871,949,878,863,828,967,904,929,900,773,918,868,755,858,913,899,759,941,950,830,829,819,818,785
BOUND 3 1 1 1,2,3,4,5,6,7,8,9,10,11,12,13,14,15,16,17,18,19,20,21,22,23,24,25,26,27,28,29,30,31,32,33,34,35,36,37,38,39,40,41,42,43,44,45,46,47,48,49,50,51,52,53,54,55,56,57,58,59,60,61,62,63,64,65,66,67,68,69,70,71,72,73,74,75,76,77,78,79,80,81,82,83,84,85,86,87,88,89,90,91,92,93,94,95,96,97,98,99,100,101,102,103,104,105,106,107,108,109,110,111,112,113,114,115,116,117,118,119,120,121,122,123,124,125,126,127,128,129,130,131,132,133,134,135,136,137,138,139,140,141,142,143,144,145,146,147,148,149,150,151,152,153,154,155,156,157,158,159,160,161,162,163,164,165,166,167,168,169,170,171,172,173,174,175,176,177,178,179,180,181,182,183,184,185,186,187,188,189,190,191,192,193,194,195,196,197,198,199,200,201,202,203,204,205,206,207,208,209,210,211,212,213,214,215,216,217,218,219,220,221,222,223,224,225,226,227,228,229,230,231,232,233,234,235,236,237,238,239,240,241,242,243,244,245,246,247,248,249,250,251,252,253,254,255,256,257,258,259,260,261,262,263,264,265,266,267,268,269,270,271,272,273,274,275,276,277,278,279,280,281,282,283,284,285,286,287,288,289,290,291,292,293,294,295,296,297,298,299,300,301,302,303,304,305,306,307,308,309,310,311,312,313,314,315,316,317,318,319,320,321,322,323,324,325,326,327,328,329,330,331,332,333,334,335,336,337,338,339,340,341,342,343,344,345,346,347,348,349,350,351,352,353,354,355,356,357,358,359,360,361,362,363,364,365,366,367,368,369,370,371,372,373,374,375,376,377,378,379,380,381,382,383,384,385,386,387,388,389,390,391,392,393,394,395,396,397,398,399,400,401,402,403,404,405,406,407,408,409,410,411,412,413,414,415,416,417,418,419,420,421,422,423,424,425,426,427,428,429,430,431,432,433,434,435,436,437,438,439,440,441,442,443,444,445,446,447,448,449,450,451,452,453,454,455,456,457,458,459,460,461,462,463,464,465,466,467,468,469,470,471,472,473,474,475,476,477,478,479,480,481,482,483,484,485,486,487,488,489,490,491,492,493,494,495,496,497,498,499,500,501,502,503,504,505,506,507,508,509,510,511,512,513,514,515,516,517,518,519,520,521,522,523,524,525,526,527,528,529,530,531,532,533,534,535,536,537,538,539,540,541,542,543,544,545,546,547,548,549,550,551,552,553,554,555,556,557,558,559,560,561,562,563,564,565,566,567,568,569,570,571,572,573,574,575,576,577,578,579,580,581,582,583,584,585,586,587,588,589,590,591,592,593,594,595,596,597,598,599,600,601,602,603,604,605,606,607,608,609,610,611,612,613,614,615,616,617,618,619,620,621,622,623,624,625,626,627,628,629,630,631,632,633,634,635,636,637,638,639,640,641,642,643,644,645,646,647,648,649,650,651,652,653,654,655,656,657,658,659,660,661,662,663,664,665,666,667,668,669,670,671,672,673,674,675,676,677,678,679,680,681,682,683,684,685,686,687,688,689,690,691,692,693,694,695,696,697,698,699,700,701,702,703,704,705,706,707,708,709,710,711,712,713,714,715,716,717,718,719,720,721,722,723,724,725,726,727,728,729,730,731,732,733,734,735,736,737,738,739,740,741,742,743,744,745,746,747,748,749,750,751,752,753,754,755,756,757,758,759,760,761,762,763,764,765,766,767,768,769,770,771,772,773,774,775,776,777,778,779,780,781,782,783,784,785,786,787,788,789,790,791,792,793,794,795,796,797,798,799,800,801,802,803,804,805,806,807,808,809,810,811,812,813,814,815,816,817,818,819,820,821,822,823,824,825,826,827,828,829,830,831,832,833,834,835,836,837,838,839,840,841,842,843,844,845,846,847,848,849,850,851,852,853,854,855,856,857,858,859,860,861,862,863,864,865,866,867,868,869,870,871,872,873,874,875,876,877,878,879,880,881,882,883,884,885,886,887,888,889,890,891,892,893,894,895,896,897,898,899,900,901,902,903,904,905,906,907,908,909,910,911,912,913,914,915,916,917,918,919,920,921,922,923,924,925,926,927,928,929,930,931,932,933,934,935,936,937,938,939,940,941,942,943,944,945,946,947,948,949,950,951,952,953,954,955,956,957,958,959,960,961,962,963,964,965,966,967,968,969,970,971,972,973,974,975,976,977,978,979,980,981,982,983,984,985,986,987,988,989,990,991,992,993
BOUND 3 1 -1 1,5,6,11,2,3,7,8,10,9,4,12,13,36,27,26,20,47,34,17,33,49,48,44,38,16,15,62,64,80,61,32,21,19,37,14,35,25,39,41,40,43,42,24,45,50,18,23,22,46,52,51,53,66,63,76,78,65,67,68,31,28,55,29,58,54,59,60,71,72,69,70,75,77,73,56,74,57,81,30,79,86,94,87,85,82,84,89,88,90,93,92,91,83,96,95,97,231,244,161,287,103,102,143,142,112,122,121,164,290,163,106,160,159,234,134,280,337,349,149,108,107,156,233,157,127,126,320,264,202,332,329,193,116,162,241,232,230,273,373,229,105,104,384,404,403,266,217,120,150,386,420,187,188,346,123,125,348,114,113,100,135,111,109,362,226,372,370,436,433,359,172,390,431,445,357,279,408,422,181,180,480,498,189,257,267,153,154,184,482,500,472,133,263,475,531,552,551,530,262,212,130,402,307,205,533,575,554,595,388,417,201,385,615,633,303,148,617,635,400,333,335,405,407,398,166,228,227,141,138,98,137,124,115,246,251,380,243,240,239,136,252,238,99,254,235,255,278,277,379,236,242,375,245,247,374,185,508,660,659,654,200,194,129,265,147,186,510,682,662,701,276,139,313,377,272,249,248,177,117,716,722,730,717,286,285,101,354,736,110,300,721,301,310,309,723,358,734,732,291,293,350,216,476,526,355,204,338,295,294,311,312,274,314,315,317,316,319,318,128,323,324,321,322,327,328,325,326,132,331,330,131,221,336,222,334,118,308,341,342,339,340,345,347,343,155,344,158,119,302,353,352,351,288,306,356,176,297,171,361,360,165,365,366,363,364,369,371,367,168,368,167,140,256,253,376,275,378,250,237,381,387,389,144,213,151,382,210,383,173,393,394,391,392,397,399,395,225,396,220,406,203,146,145,223,401,224,178,411,412,409,410,415,416,413,414,211,421,423,152,418,179,419,426,427,424,425,430,432,428,174,429,170,435,434,169,439,440,437,438,443,444,441,442,175,535,568,616,481,646,648,509,511,532,566,619,484,553,545,547,556,628,634,637,630,499,493,495,502,470,473,192,471,477,195,304,474,483,485,182,449,190,478,457,479,488,489,486,487,492,494,490,467,491,468,501,503,183,466,191,496,469,497,506,507,504,505,258,452,268,453,515,516,517,512,513,514,520,521,518,519,524,525,522,523,305,534,536,537,199,196,454,206,527,446,528,529,540,541,538,539,544,546,542,459,543,460,555,557,558,198,197,458,208,548,461,549,550,561,562,559,560,565,567,563,455,564,447,576,612,608,577,578,606,207,569,572,573,581,582,579,580,589,611,590,597,591,592,583,585,587,588,596,598,209,593,586,594,601,602,599,600,605,607,603,574,604,571,610,609,584,570,618,620,214,448,218,613,456,614,623,624,621,622,627,629,625,462,626,465,636,638,215,463,219,631,464,632,641,642,639,640,645,647,643,450,644,451,674,676,661,664,655,261,653,663,665,666,260,259,651,270,656,652,657,658,669,670,667,668,673,675,671,649,672,650,683,714,684,685,712,269,677,679,680,688,689,686,687,695,696,703,697,698,690,691,693,694,702,704,271,699,692,700,707,708,705,706,711,713,709,681,710,678,718,281,284,715,724,725,292,282,296,719,720,726,727,729,728,283,733,299,731,298,737,289,735,739,738,741,740,742,743,745,744,793,869,895,794,885,928,969,825,956,932,778,919,907,854,880,930,789,903,865,864,836,871,784,803,799,974,837,925,845,906,852,859,756,970,873,884,951,892,768,833,786,973,802,762,813,795,826,746,749,791,943,897,861,770,824,886,788,769,968,867,983,961,896,958,933,954,915,790,881,976,944,993,834,835,821,820,955,914,800,753,792,838,957,989,990,832,831,785,818,819,766,772,827,971,980,872,875,894,947,774,972,893,889,918,879,904,776,902,759,960,912,868,935,777,877,798,945,924,765,764,908,805,857,747,921,767,841,780,985,842,917,860,940,850,760,814,905,952,781,750,801,978,927,848,953,898,783,847,843,748,808,797,891,934,963,979,853,763,851,882,775,758,866,936,965,964,856,977,823,812,939,876,849,757,986,870,959,926,863,773,923,888,751,984,761,941,755,810,899,858,909,975,967,916,878,931,949,796,816,862,966,844,948,942,988,782,883,890,811,822,754,828,809,922,855,807,982,900,911,910,946,938,804,752,779,839,846,787,771,937,815,913,887,901,840,987,962,806,929,874,920,981,950,829,830,992,991,817
BOUND 3 1 1 5,1,7,11,2,3,6,9,10,8,12,4,13,26,27,36,33,49,17,34,20,47,48,38,44,35,32,64,62,80,61,15,19,21,14,37,16,43,40,41,39,25,24,42,23,18,50,45,46,22,52,53,51,63,66,78,76,55,28,94,92,67,65,59,54,58,29,93,74,57,73,56,77,75,69,70,71,72,87,85,86,79,68,81,30,84,82,90,88,89,60,31,83,91,97,95,96,287,164,161,231,122,121,106,112,142,103,102,244,163,290,143,234,134,160,159,337,280,349,149,107,108,320,329,332,202,201,156,193,127,157,233,264,217,162,232,241,273,230,373,229,104,105,386,187,420,188,116,150,120,384,403,404,266,348,319,331,346,148,262,312,315,303,257,226,362,370,372,390,431,172,359,436,433,181,279,357,422,408,445,438,482,500,410,109,154,402,267,417,480,498,475,263,133,472,533,554,575,595,113,130,212,153,205,307,531,551,552,530,385,184,126,388,617,635,111,114,615,633,398,335,333,407,405,400,361,250,236,265,272,300,254,322,200,243,379,380,246,278,277,245,374,247,185,137,255,235,240,239,251,227,375,242,136,238,252,99,510,662,682,701,115,129,194,141,186,147,508,659,660,654,139,276,313,377,138,248,249,358,338,717,723,730,716,310,309,291,350,293,216,98,301,721,286,285,722,177,732,734,101,736,354,110,526,476,355,204,117,294,295,274,100,311,316,135,317,314,123,128,318,326,132,325,124,328,327,321,323,324,125,131,330,334,222,336,221,308,118,344,158,343,155,347,345,339,340,341,342,352,353,302,119,288,351,356,306,297,176,171,166,165,360,368,167,367,168,371,369,363,364,365,366,376,253,256,140,378,275,228,381,237,213,144,389,387,383,210,382,151,435,396,220,395,225,399,397,391,392,393,394,223,145,423,203,406,224,401,421,414,211,413,189,416,415,409,411,412,178,146,419,179,418,152,429,170,428,174,432,430,424,425,426,427,173,169,434,442,175,441,180,444,443,437,439,440,532,566,619,484,648,646,511,509,535,568,616,481,556,547,545,553,630,637,634,628,502,495,493,499,612,516,517,515,611,514,519,610,449,182,485,483,479,457,478,190,491,468,490,467,494,492,486,487,488,489,466,183,503,501,497,469,496,191,268,453,258,452,504,505,506,507,471,473,192,513,512,195,523,305,522,304,525,524,518,520,521,454,196,597,598,536,534,528,446,527,206,596,543,460,542,459,546,544,538,539,540,541,458,197,577,578,557,555,549,461,548,208,576,564,447,563,455,567,565,559,560,561,562,550,470,606,558,198,608,573,572,569,207,587,588,583,585,591,477,592,537,589,590,579,580,581,582,529,199,594,586,593,209,604,571,603,574,607,605,599,600,601,602,474,584,609,570,448,214,620,618,614,456,613,218,626,465,625,462,629,627,621,622,623,624,463,215,638,636,632,464,631,219,644,451,643,450,647,645,639,640,641,642,676,674,664,661,703,704,702,651,259,684,685,665,663,657,652,656,270,683,672,650,671,649,675,673,667,668,669,670,658,712,666,260,714,680,679,677,269,693,694,690,691,697,698,655,695,696,686,687,688,689,653,261,700,692,699,271,710,678,709,681,713,711,705,706,707,708,281,718,715,284,282,737,289,724,719,296,738,728,283,729,726,727,733,740,743,741,725,292,739,735,720,298,299,744,731,745,742,885,969,928,825,793,895,869,794,956,919,907,932,778,789,930,880,854,865,903,799,974,837,803,784,864,836,871,859,970,756,873,925,906,845,852,951,884,973,802,786,833,892,768,853,943,963,749,886,826,958,813,968,983,867,961,746,769,788,897,770,861,824,933,791,896,915,954,944,976,881,790,955,820,821,835,834,993,838,957,792,753,914,800,990,989,831,832,785,819,818,980,872,971,827,766,772,893,947,894,972,774,875,904,879,918,889,868,759,902,912,960,776,777,935,945,924,877,798,805,908,764,765,780,985,842,841,767,857,747,921,850,940,860,917,927,978,848,781,952,801,750,814,760,905,843,751,979,870,953,891,934,965,748,808,795,783,762,866,882,851,758,775,763,977,797,856,964,936,839,949,757,849,876,939,959,847,986,987,806,858,984,761,898,923,888,967,916,899,810,773,975,909,941,755,862,966,812,816,796,878,931,890,754,811,822,883,782,844,942,988,948,807,900,982,911,828,922,809,855,804,938,946,910,874,846,823,779,901,840,913,887,937,815,787,771,926,920,863,981,752,962,929,817,991,992,830,829,950
BOUND 3 1 -1 5,10,3,11,8,7,6,9,1,2,12,13,4,26,36,27,34,48,44,33,38,47,49,20,17,32,35,66,78,87,94,40,42,43,41,37,39,21,15,14,16,24,25,19,51,53,45,50,46,52,22,18,23,76,64,62,63,77,75,61,93,65,67,70,69,72,71,92,56,73,57,74,55,28,54,59,29,58,80,86,85,90,68,81,89,88,82,79,84,30,97,96,95,91,60,83,31,103,164,244,102,121,122,241,232,143,287,231,161,163,162,142,320,332,329,202,264,348,354,358,291,300,234,160,134,159,217,233,346,157,127,156,337,201,290,112,106,362,372,252,236,245,254,388,407,422,436,333,357,359,400,433,417,445,280,262,148,193,331,319,257,303,315,312,370,273,226,230,181,408,279,120,188,403,390,172,150,420,431,266,267,484,502,402,311,439,410,438,404,495,511,516,338,347,526,535,556,577,597,327,334,330,411,611,612,547,592,568,608,398,405,335,386,619,637,314,336,630,648,385,126,116,187,184,384,272,265,229,250,361,108,105,200,322,240,379,251,239,277,278,104,374,248,185,136,249,238,243,246,380,227,375,377,137,235,373,313,466,664,684,703,323,339,342,237,435,443,183,698,676,714,365,364,99,242,369,247,255,149,263,286,723,722,285,309,310,107,350,725,216,101,737,736,717,716,730,177,732,733,98,721,349,317,472,473,288,610,345,715,718,100,274,109,135,316,110,111,328,321,324,124,325,132,326,123,113,128,115,318,222,221,212,130,125,114,131,340,341,155,343,158,344,133,117,129,308,118,194,353,352,356,306,355,351,302,119,171,176,297,371,363,366,168,367,167,368,166,138,165,276,139,360,253,376,378,275,256,140,381,228,141,399,397,387,389,392,391,394,393,186,225,395,220,396,213,144,210,383,151,382,416,415,421,406,203,409,412,423,189,413,211,414,223,145,224,153,401,432,430,425,424,427,426,174,428,170,429,178,146,179,419,152,418,444,437,440,180,441,175,442,173,147,169,154,434,545,553,617,482,633,634,498,499,533,552,628,493,554,531,532,566,615,635,646,616,500,480,481,509,307,475,515,517,205,519,514,204,494,492,483,485,487,486,489,488,467,490,468,491,449,182,457,479,190,478,510,508,501,503,505,504,507,506,452,258,453,268,469,497,191,496,525,476,524,518,521,520,304,522,305,523,471,192,513,195,512,546,544,595,596,534,536,539,538,541,540,598,459,542,460,543,454,196,446,528,206,527,567,565,575,576,555,557,560,559,562,561,578,455,563,447,564,458,197,461,549,208,548,591,477,537,590,589,530,580,579,582,581,585,583,588,587,550,470,551,606,198,558,572,573,207,569,607,605,600,599,602,601,574,603,571,604,529,199,586,594,209,593,474,584,570,609,629,627,618,620,622,621,624,623,462,625,465,626,448,214,456,614,218,613,647,645,636,638,640,639,642,641,450,643,451,644,463,215,464,632,219,631,660,661,662,674,701,702,704,675,673,682,683,663,665,668,667,670,669,685,649,671,650,672,651,259,652,657,270,656,697,655,696,695,654,687,686,689,688,691,690,694,693,658,659,712,260,666,679,680,269,677,713,711,706,705,708,707,681,709,678,710,653,261,692,700,271,699,284,295,294,281,729,301,738,724,727,726,289,283,728,282,296,719,734,743,740,741,293,739,292,720,735,745,742,731,744,298,299,958,790,778,854,976,930,896,932,993,789,880,794,928,919,895,907,825,973,935,940,921,862,812,823,767,917,779,798,765,910,984,908,888,877,938,782,831,865,811,822,754,777,890,826,934,886,982,963,853,885,855,748,763,772,875,851,894,827,758,972,783,766,944,881,869,843,838,933,793,791,969,955,989,990,834,835,956,954,870,939,986,953,876,821,820,884,883,817,992,991,893,774,947,788,824,867,980,971,769,770,872,961,815,807,840,809,987,920,916,810,752,975,892,903,805,764,845,859,945,925,924,970,977,796,850,860,864,931,964,974,842,799,841,836,898,801,750,952,781,978,848,905,797,814,915,965,866,957,914,775,943,751,968,911,882,861,922,979,795,746,897,891,983,780,760,816,747,966,949,839,959,847,800,792,757,849,753,868,858,806,873,804,927,946,906,937,902,874,912,901,776,926,981,962,837,936,803,856,985,846,857,768,833,802,786,832,951,942,844,948,988,879,887,749,808,771,762,889,813,761,852,923,756,899,878,784,871,773,918,929,900,967,904,863,828,909,759,787,941,960,755,913,785,818,819,829,830,950
BOUND 3 1 -2 1,2,3,4,5,6,7,8,9,10,11,12,13,14,15,16,17,18,19,20,21,22,23,24,25,26,27,28,29,30,31,32,33,34,35,36,37,38,39,40,41,42,43,44,45,46,47,48,49,50,51,52,53,54,55,56,57,58,59,60,61,62,63,64,65,66,67,68,69,70,71,72,73,74,75,76,77,78,79,80,81,82,83,84,85,86,87,88,89,90,91,92,93,94,95,96,97,98,99,100,101,102,103,104,105,106,107,108,109,110,111,112,113,114,115,116,117,118,119,120,121,122,123,124,125,126,127,128,129,130,131,132,133,134,135,136,137,138,139,140,141,142,143,144,145,146,147,148,149,150,151,152,153,154,155,156,157,158,159,160,161,162,163,164,165,166,167,168,169,170,171,172,173,174,175,176,177,178,179,180,181,182,183,184,185,186,187,188,189,190,191,192,193,194,195,196,197,198,199,200,201,202,203,204,205,206,207,208,209,210,211,212,213,214,215,216,217,218,219,220,221,222,223,224,225,226,227,228,229,230,231,232,233,234,235,236,237,238,239,240,241,242,243,244,245,246,247,248,249,250,251,252,253,254,255,256,257,258,259,260,261,262,263,264,265,266,267,268,269,270,271,272,273,274,275,276,277,278,279,280,281,282,283,284,285,286,287,288,289,290,291,292,293,294,295,296,297,298,299,300,301,302,303,304,305,306,307,308,309,310,311,312,313,314,315,316,317,318,319,320,321,322,323,324,325,326,327,328,329,330,331,332,333,334,335,336,337,338,339,340,341,342,343,344,345,346,347,348,349,350,351,352,353,354,355,356,357,358,359,360,361,362,363,364,365,366,367,368,369,370,371,372,373,374,375,376,377,378,379,380,381,382,383,384,385,386,387,388,389,390,391,392,393,394,395,396,397,398,399,400,401,402,403,404,405,406,407,408,409,410,411,412,413,414,415,416,417,418,419,420,421,422,423,424,425,426,427,428,429,430,431,432,433,434,435,436,437,438,439,440,441,442,443,444,445,446,447,448,449,450,451,452,453,454,455,456,457,458,459,460,461,462,463,464,465,466,467,468,469,470,471,472,473,474,475,476,477,478,479,480,481,482,483,484,485,486,487,488,489,490,491,492,493,494,495,496,497,498,499,500,501,502,503,504,505,506,507,508,509,510,511,512,513,514,515,516,517,518,519,520,521,522,523,524,525,526,527,528,529,530,531,532,533,534,535,536,537,538,539,540,541,542,543,544,545,546,547,548,549,550,551,552,553,554,555,556,557,558,559,560,561,562,563,564,565,566,567,568,569,570,571,572,573,574,575,576,577,578,579,580,581,582,583,584,585,586,587,588,589,590,591,592,593,594,595,596,597,598,599,600,601,602,603,604,605,606,607,608,609,610,611,612,613,614,615,616,617,618,619,620,621,622,623,624,625,626,627,628,629,630,631,632,633,634,635,636,637,638,639,640,641,642,643,644,645,646,647,648,649,650,651,652,653,654,655,656,657,658,659,660,661,662,663,664,665,666,667,668,669,670,671,672,673,674,675,676,677,678,679,680,681,682,683,684,685,686,687,688,689,690,691,692,693,694,695,696,697,698,699,700,701,702,703,704,705,706,707,708,709,710,711,712,713,714,715,716,717,718,719,720,721,722,723,724,725,726,727,728,729,730,731,732,733,734,735,736,737,738,739,740,741,742,743,744,745,746,747,748,749,750,751,752,753,754,755,756,757,758,759,760,761,762,763,764,765,766,767,768,769,770,771,772,773,774,775,776,777,778,779,780,781,782,783,784,785,786,787,788,789,790,791,792,793,794,795,796,797,798,799,800,801,802,803,804,805,806,807,808,809,810,811,812,813,814,815,816,817,818,819,820,821,822,823,824,825,826,827,828,829,830,831,832,833,834,835,836,837,838,839,840,841,842,843,844,845,846,847,848,849,850,851,852,853,854,855,856,857,858,859,860,861,862,863,864,865,866,867,868,869,870,871,872,873,874,875,876,877,878,879,880,881,882,883,884,885,886,887,888,889,890,891,892,893,894,895,896,897,898,899,900,901,902,903,904,905,906,907,908,909,910,911,912,913,914,915,916,917,918,919,920,921,922,923,924,925,926,927,928,929,930,931,932,933,934,935,936,937,938,939,940,941,942,943,944,945,946,947,948,949,950,951,952,953,954,955,956,957,958,959,960,961,962,963,964,965,966,967,968,969,970,971,972,973,974,975,976,977,978,979,980,981,982,983,984,985,986,987,988,989,990,991,992,993
BOUND 3 1 2 2,1,7,4,5,6,3,10,9,8,12,11,13,16,15,14,21,22,20,19,17,18,23,25,24,37,32,29,28,30,31,27,34,33,36,35,26,42,41,40,39,38,44,43,48,47,46,45,50,49,51,53,52,55,54,57,56,63,62,83,92,59,58,67,66,65,64,91,77,78,75,76,74,73,71,72,69,70,84,85,82,81,60,79,80,87,86,90,89,88,68,61,94,93,97,96,95,101,109,100,98,107,108,112,106,105,102,103,99,111,110,104,115,116,113,114,118,117,119,120,122,121,128,132,131,130,212,123,133,126,125,124,129,148,135,137,136,139,138,140,141,143,142,151,153,152,154,134,150,149,144,146,145,147,158,318,330,155,217,200,312,315,216,185,166,165,168,167,173,174,172,171,169,170,180,177,176,179,178,175,440,190,191,412,164,188,203,186,211,182,183,195,194,193,192,206,208,207,209,160,202,201,187,205,204,196,198,197,199,213,189,127,210,218,219,163,159,214,215,225,222,221,224,223,220,360,379,251,265,276,291,245,324,262,238,250,237,235,248,249,254,256,255,257,232,247,246,239,240,236,228,253,252,241,243,242,244,268,270,269,271,234,264,263,229,267,266,258,260,259,261,273,272,274,275,230,278,277,297,308,284,296,283,281,294,295,300,302,301,303,231,293,292,285,286,282,279,299,298,287,289,288,290,305,304,306,307,280,310,309,313,161,311,317,162,316,314,156,320,319,328,329,327,233,326,325,323,321,322,157,332,331,336,335,334,333,338,337,347,348,345,346,344,343,341,342,339,340,352,351,350,349,354,353,356,355,358,357,359,226,362,361,371,372,369,370,368,367,365,366,363,364,376,375,374,373,378,377,227,381,380,385,384,383,382,389,388,387,386,434,399,400,397,398,396,395,393,394,391,392,405,404,419,402,401,407,406,418,416,417,415,184,414,413,411,409,410,408,403,423,422,421,420,432,433,430,431,429,428,426,427,424,425,390,436,435,444,445,443,181,442,441,439,437,438,454,455,456,457,451,450,453,452,446,447,448,449,461,460,459,458,465,464,463,462,469,468,467,466,570,513,514,512,584,517,521,609,481,480,479,478,485,484,483,482,494,495,492,493,491,490,488,489,486,487,499,498,497,496,503,502,501,500,510,511,508,509,506,507,504,505,473,471,472,516,515,475,525,526,524,476,523,522,520,518,519,532,531,586,594,528,527,536,535,534,533,593,546,547,544,545,543,542,540,541,538,539,553,552,572,573,549,548,557,556,555,554,569,567,568,565,566,564,563,561,562,559,560,558,470,574,550,551,571,578,577,576,575,591,592,589,590,587,474,588,529,583,585,581,582,579,580,537,530,598,597,596,595,607,608,605,606,604,603,601,602,599,600,477,611,610,612,616,615,614,613,620,619,618,617,629,630,627,628,626,625,623,624,621,622,634,633,632,631,638,637,636,635,647,648,645,646,644,643,641,642,639,640,650,649,652,651,692,700,699,661,660,679,680,657,656,665,664,663,662,677,675,676,673,674,672,671,669,670,667,668,666,681,658,659,678,685,684,683,682,697,698,695,696,693,694,653,690,691,688,689,686,687,655,654,704,703,702,701,713,714,711,712,710,709,707,708,705,706,716,715,718,717,722,735,736,719,724,723,739,729,730,728,726,727,731,741,743,740,720,721,738,737,725,734,732,745,733,744,742,750,752,751,753,746,748,747,749,754,757,758,755,756,762,761,760,759,764,763,770,771,772,769,768,765,766,767,777,779,778,780,773,775,774,776,782,781,787,788,786,785,783,784,902,796,900,794,801,792,809,790,804,806,805,807,793,803,802,797,799,798,800,810,795,808,812,811,816,815,814,813,822,821,820,819,818,817,827,828,826,825,823,824,830,829,832,831,833,835,834,840,841,839,838,836,837,847,844,843,846,845,842,851,850,849,848,857,854,853,856,855,852,859,858,862,863,860,861,867,866,865,864,873,874,875,872,871,868,869,870,879,878,877,876,888,887,889,884,883,886,885,881,880,882,894,928,901,921,890,898,899,910,895,896,791,892,789,908,905,904,907,906,903,913,897,912,911,909,971,942,919,918,917,916,922,893,920,981,983,935,929,930,891,926,927,938,939,934,933,925,937,936,931,932,945,946,915,944,943,940,941,953,956,954,955,952,951,947,949,950,948,961,963,962,964,957,959,958,960,968,967,966,965,985,972,914,970,979,980,977,978,975,976,973,974,923,986,924,987,969,982,984,993,992,991,990,989,988
BOUND 3 1 -2 2,5,6,12,1,7,3,10,8,9,4,11,13,35,32,37,19,46,33,21,34,50,45,43,42,14,15,59,67,85,92,27,17,20,26,16,36,24,41,39,40,44,38,25,48,49,22,23,18,47,53,51,52,65,58,72,70,66,64,91,31,29,54,28,63,55,62,83,75,76,77,78,71,69,74,57,73,56,82,30,84,87,93,86,80,81,79,89,90,88,94,61,68,60,96,97,95,291,257,312,300,108,107,142,143,104,121,122,185,303,216,105,200,217,262,148,308,338,352,150,103,102,318,324,330,212,130,319,263,201,331,322,194,114,315,254,245,276,272,376,265,106,112,383,402,419,267,159,120,149,389,423,203,186,342,128,131,340,116,115,100,135,110,99,361,360,364,366,435,425,359,171,434,427,438,358,297,418,421,440,175,479,497,211,244,266,145,147,412,485,503,514,129,264,517,528,549,573,594,234,127,126,404,307,204,536,578,557,598,387,410,202,382,614,632,290,134,620,638,392,336,334,401,406,394,165,251,379,141,139,101,136,132,113,247,228,381,255,249,248,137,253,235,109,241,238,243,277,278,227,250,256,374,232,246,375,164,506,657,680,700,160,193,133,229,154,188,504,685,665,704,230,138,311,378,273,240,239,176,118,715,719,727,718,295,294,98,353,721,111,287,736,289,309,310,724,357,740,741,231,292,351,163,521,519,356,205,337,286,285,313,161,274,317,162,314,316,320,156,123,327,233,328,329,323,321,326,325,124,332,157,125,222,333,221,335,117,280,345,346,347,348,341,339,344,158,343,155,119,288,354,349,350,302,306,355,177,279,172,362,226,166,369,370,371,372,365,363,368,167,367,168,140,242,252,373,275,377,236,237,380,388,386,151,210,144,385,213,384,169,397,398,399,400,393,391,396,220,395,225,407,187,152,153,224,405,223,179,415,184,416,417,411,409,414,413,189,422,420,146,408,178,403,430,431,432,433,426,424,429,170,428,174,436,390,173,443,181,444,445,439,437,442,441,180,534,560,613,478,642,640,507,505,527,562,618,483,548,541,539,555,624,631,636,622,496,489,487,501,570,512,195,513,609,192,305,584,484,482,190,457,182,481,449,480,492,493,494,495,488,486,491,468,490,467,502,500,191,469,183,499,466,498,508,509,510,511,268,453,258,452,516,515,475,473,471,472,524,476,525,526,520,518,523,522,304,535,533,593,209,206,446,196,532,454,531,586,544,545,546,547,540,538,543,460,542,459,556,554,569,207,208,461,197,553,458,552,572,565,566,567,568,561,559,564,447,563,455,577,612,600,576,575,602,198,558,550,551,589,590,591,592,581,610,582,596,579,580,587,588,583,585,597,595,199,537,529,530,605,606,607,608,601,599,604,571,603,574,611,477,474,470,619,617,218,456,214,616,448,615,627,628,629,630,623,621,626,465,625,462,637,635,219,464,215,634,463,633,645,646,647,648,641,639,644,451,643,450,670,668,656,663,699,271,692,664,662,677,269,270,652,259,661,651,660,679,673,674,675,676,669,667,672,650,671,649,684,706,683,682,708,260,666,658,659,695,696,697,698,688,689,702,686,687,693,694,690,691,703,701,261,655,653,654,711,712,713,714,707,705,710,678,709,681,717,284,281,716,723,739,293,296,282,722,735,729,730,726,728,283,743,298,731,299,738,301,720,725,737,732,734,745,733,742,744,801,874,898,792,886,891,985,826,948,939,775,916,906,853,888,927,902,908,866,867,840,872,788,802,805,980,841,935,846,907,857,858,758,972,868,883,952,901,769,833,785,979,803,759,816,809,825,750,753,900,944,910,863,765,828,885,784,768,965,864,924,957,899,963,934,949,942,796,887,978,943,988,835,834,818,819,950,971,807,749,794,839,961,992,991,831,832,786,821,820,771,767,823,914,974,871,870,890,953,779,970,921,882,917,876,905,780,789,762,964,911,873,925,773,878,806,940,983,770,763,903,799,852,752,893,772,837,776,969,847,918,862,945,849,761,815,904,951,782,746,793,976,930,851,947,895,787,842,844,751,810,804,928,933,958,973,854,764,848,889,778,756,865,937,968,960,855,975,827,811,932,879,850,755,982,875,962,929,861,777,981,880,748,987,760,946,757,808,896,859,913,977,966,919,877,938,954,790,813,860,967,843,956,915,993,781,884,894,812,817,754,824,795,920,856,800,986,791,912,897,941,931,797,747,774,838,845,783,766,936,814,909,881,892,836,984,959,798,926,869,922,923,955,830,829,989,990,822
BOUND 3 1 -2 2,9,6,4,8,7,3,10,1,5,12,13,11,16,14,15,19,23,24,21,25,18,22,17,20,32,37,54,57,84,83,41,43,42,40,35,39,33,27,36,26,44,38,34,52,53,45,46,50,51,49,47,48,56,29,28,55,74,73,31,91,58,59,72,71,70,69,92,76,75,78,77,63,62,66,67,64,65,30,82,85,90,60,79,88,89,86,81,87,80,97,95,96,93,68,94,61,102,109,99,103,108,107,136,137,104,101,98,100,111,135,105,128,131,132,130,129,158,288,297,300,291,115,113,116,114,148,124,155,125,126,123,118,212,110,106,112,165,167,242,251,254,245,210,224,179,169,221,176,171,220,170,211,175,117,200,217,133,330,318,185,216,315,312,168,139,166,138,180,178,177,149,154,146,173,172,150,152,174,147,186,457,469,203,311,437,412,440,145,468,453,513,308,344,305,446,461,572,586,325,336,331,409,584,570,460,588,447,571,225,223,222,151,456,464,314,334,465,451,213,127,134,153,189,144,276,265,141,379,360,121,142,262,324,239,250,236,240,249,248,143,256,278,257,241,277,243,238,235,237,228,253,275,232,246,140,274,499,652,679,692,321,341,340,380,434,441,498,694,650,678,363,366,244,252,367,255,247,120,194,285,296,282,286,295,294,122,302,720,303,287,735,289,284,281,283,279,299,731,231,292,119,316,192,471,354,609,343,718,715,161,313,164,162,317,290,163,326,323,322,233,327,329,328,156,160,320,234,319,335,333,201,202,157,159,332,342,339,346,345,348,347,193,280,264,338,337,263,351,352,356,355,306,353,350,349,359,357,358,368,365,364,370,369,372,371,226,230,362,272,273,361,375,376,378,377,374,373,381,227,229,396,395,382,383,394,393,392,391,267,398,397,400,399,385,384,388,389,386,387,414,413,418,401,402,411,410,419,184,415,417,416,405,404,407,187,406,429,428,427,426,425,424,431,430,433,432,408,403,422,423,420,421,442,439,438,181,443,445,444,390,266,436,188,435,459,458,218,190,215,463,183,466,206,197,462,467,208,196,454,455,214,219,450,448,191,182,449,452,204,195,512,514,205,521,517,307,491,490,478,479,489,488,487,486,493,492,495,494,481,480,484,485,482,483,268,258,496,497,507,506,505,504,509,508,511,510,502,503,500,501,523,304,522,520,519,518,476,524,526,525,473,472,516,475,515,543,542,209,593,527,528,541,540,539,538,594,545,544,547,546,532,531,535,536,533,534,564,563,207,569,548,549,562,561,560,559,573,566,565,568,567,553,552,556,557,554,555,587,474,529,585,583,199,582,581,580,579,590,589,592,591,558,470,198,574,551,550,577,578,575,576,604,603,602,601,600,599,606,605,608,607,537,530,597,598,595,596,477,611,612,610,626,625,613,614,624,623,622,621,628,627,630,629,616,615,619,620,617,618,644,643,631,632,642,641,640,639,646,645,648,647,634,633,637,638,635,636,259,651,270,649,271,699,700,672,671,269,677,656,657,670,669,668,667,680,674,673,676,675,661,660,664,665,662,663,693,653,691,690,261,689,688,687,686,696,695,698,697,666,260,681,659,658,684,685,682,683,710,709,708,707,706,705,712,711,714,713,655,654,703,704,701,702,717,309,310,716,728,293,739,719,727,726,736,730,729,722,723,724,298,743,741,740,301,738,721,725,737,744,742,733,745,734,732,809,813,756,759,815,761,808,755,817,762,760,749,751,757,748,758,753,787,858,878,870,945,915,914,871,876,970,861,864,965,929,866,927,860,967,951,832,764,954,955,956,859,953,792,899,801,962,900,902,750,960,895,903,837,842,904,843,838,907,846,892,836,816,814,747,894,827,810,746,795,752,822,829,830,818,819,754,811,921,916,920,890,917,820,821,781,952,993,991,992,847,845,844,802,800,805,840,839,803,799,841,807,976,961,980,958,981,986,939,933,969,937,783,763,867,865,774,777,862,773,863,779,913,943,879,877,765,941,911,771,875,770,872,766,891,886,885,883,884,887,889,882,897,881,812,910,908,828,823,906,796,928,804,964,905,798,959,901,791,793,797,898,806,873,880,944,869,946,942,971,922,893,824,826,919,918,825,857,935,983,780,968,888,966,775,975,853,985,856,979,852,923,987,982,772,909,769,912,874,972,868,784,785,788,786,831,782,949,947,948,950,850,978,794,896,974,789,848,790,930,776,926,778,934,940,768,767,925,849,984,963,938,851,924,957,936,854,973,931,855,932,977,833,834,835,989,990,988
BOUND 3 1 2 2,8,7,12,9,6,3,10,5,1,4,13,11,35,37,32,21,45,42,19,43,50,46,34,33,15,14,58,72,82,91,41,25,24,39,16,40,20,27,26,36,38,44,17,52,51,23,22,18,53,47,49,48,70,59,67,65,71,69,92,83,54,29,57,74,56,73,31,78,77,76,75,66,64,63,28,62,55,85,84,30,89,93,86,88,90,79,87,81,80,96,95,97,60,94,68,61,121,257,185,122,107,108,245,254,105,291,300,312,303,315,104,318,330,324,212,194,342,351,176,98,101,200,262,217,148,114,322,340,331,201,319,308,130,216,143,142,360,366,375,379,137,136,382,401,418,434,334,297,171,394,427,412,440,338,115,116,263,131,128,99,110,135,100,364,276,361,272,438,421,358,149,267,423,435,359,120,419,425,186,147,478,496,145,274,441,211,175,203,489,507,512,118,341,521,527,548,569,593,321,222,125,413,609,570,541,582,562,602,392,406,336,383,613,631,316,221,624,642,387,202,159,402,410,389,139,141,265,251,165,102,112,113,132,277,228,227,278,248,249,106,253,240,109,232,239,246,247,255,381,250,256,378,241,243,376,311,502,656,677,699,325,344,155,380,169,437,500,689,670,708,367,167,164,374,363,235,238,150,129,309,719,724,310,294,295,103,353,738,111,231,739,292,715,718,727,357,740,743,287,289,352,314,517,515,350,584,339,281,284,161,313,244,162,317,163,290,323,326,124,329,328,233,327,320,234,156,160,123,333,335,126,127,332,134,157,158,343,348,347,346,345,264,337,193,117,280,133,288,119,306,355,356,302,354,349,172,279,177,365,368,168,372,371,370,369,362,273,226,138,230,166,242,140,275,377,252,373,237,236,229,393,391,210,151,220,396,225,395,154,400,399,398,397,388,386,385,144,384,213,411,409,179,224,153,414,189,152,417,416,184,415,407,187,405,404,223,426,424,170,429,174,428,433,432,431,430,422,420,408,146,403,178,439,442,180,445,444,181,443,436,188,390,266,173,539,555,614,479,638,636,503,501,528,557,622,487,549,536,534,560,620,632,640,618,497,485,483,505,204,514,513,195,307,305,192,205,488,486,457,190,468,491,467,490,495,494,493,492,484,482,481,182,480,449,506,504,469,191,453,268,452,258,511,510,509,508,499,183,498,466,520,519,518,523,304,522,526,525,476,524,516,475,473,472,471,540,538,594,586,446,206,460,543,459,542,209,547,546,545,544,535,533,532,196,531,454,561,559,573,572,461,208,447,564,455,563,207,568,567,566,565,556,554,553,197,552,458,581,610,596,580,579,598,588,587,585,583,592,591,590,589,577,612,578,600,575,576,558,198,551,550,601,599,571,604,574,603,608,607,606,605,597,595,537,199,530,529,611,477,470,474,623,621,456,218,465,626,462,625,630,629,628,627,619,617,616,214,615,448,641,639,464,219,451,644,450,643,648,647,646,645,637,635,634,215,633,463,665,663,657,668,700,692,271,669,667,680,679,652,270,650,672,649,671,269,676,675,674,673,664,662,661,259,660,651,688,702,687,686,704,694,693,691,690,698,697,696,695,684,685,706,682,683,666,260,659,658,707,705,678,710,681,709,714,713,712,711,703,701,655,261,654,653,716,285,286,717,726,736,735,296,283,728,293,730,729,723,722,282,741,731,298,299,721,720,301,737,725,742,744,733,745,732,734,900,943,906,902,887,888,934,916,950,853,927,826,898,939,891,775,792,901,773,862,847,877,954,838,837,849,845,983,799,797,981,763,760,940,941,884,831,908,915,993,956,925,843,753,810,750,920,809,759,801,912,928,865,871,921,889,953,914,778,779,973,974,796,978,985,947,971,899,886,963,874,988,991,992,819,818,948,942,842,755,962,844,850,834,835,952,781,955,829,830,870,970,890,768,957,765,771,823,784,864,767,828,881,824,766,791,929,959,757,896,869,913,979,866,770,903,972,935,878,858,806,846,937,813,918,945,805,967,855,840,893,867,772,980,748,746,793,782,951,815,904,851,968,976,949,804,764,807,839,756,816,895,910,856,848,924,986,787,958,885,965,751,863,852,930,790,969,938,811,827,982,875,961,749,932,879,794,780,777,861,857,897,761,931,758,909,762,747,964,783,873,984,926,922,872,975,788,960,752,774,776,803,785,769,833,832,883,812,894,754,817,917,814,825,933,836,854,905,944,880,868,987,907,808,860,802,841,859,876,923,795,946,882,798,800,977,789,892,966,911,919,936,786,820,821,990,989,822
BOUND 3 1 -2 8,2,3,12,9,6,7,1,5,10,13,4,11,32,37,35,43,50,19,42,21,45,46,33,34,40,41,72,58,82,91,14,24,25,16,39,15,38,36,26,27,20,17,44,22,23,51,52,53,18,47,48,49,59,70,65,67,29,54,93,95,69,71,73,56,74,57,96,62,55,63,28,64,66,76,75,78,77,86,88,89,30,92,85,84,79,90,80,81,87,31,83,60,97,61,68,94,122,312,185,121,291,300,104,105,254,107,108,257,315,303,245,324,212,318,330,342,194,351,176,101,98,322,319,201,331,336,200,308,148,217,262,340,334,216,142,143,366,360,375,379,136,137,394,412,427,440,130,171,297,382,418,401,434,263,323,333,338,221,321,313,317,316,274,276,364,272,361,267,423,149,358,438,421,186,120,359,425,419,435,443,489,507,415,100,175,413,441,406,478,496,521,341,118,512,541,562,582,602,128,125,222,211,570,609,527,569,548,593,383,203,114,392,624,642,135,131,613,631,389,159,202,410,402,387,365,237,250,380,363,231,232,327,325,278,381,227,277,247,255,241,376,243,311,112,246,239,248,249,228,265,378,256,106,240,253,109,500,670,689,708,132,155,344,251,437,169,502,677,656,699,167,367,164,374,165,238,235,357,339,310,727,724,309,715,718,287,352,289,314,102,292,739,294,295,719,150,743,740,103,738,353,111,515,517,350,584,129,284,281,244,99,161,290,110,163,162,115,124,326,160,123,156,113,234,320,233,329,328,116,126,335,157,134,332,127,343,158,280,133,193,117,337,264,346,345,348,347,355,306,119,288,302,356,349,354,279,172,177,139,168,368,230,166,226,138,273,362,370,369,372,371,377,275,140,242,373,252,141,229,236,151,210,391,393,395,225,396,220,439,384,213,385,144,386,388,398,397,400,399,153,224,424,409,411,189,414,426,404,223,405,145,187,407,184,417,416,152,179,428,174,429,170,403,178,408,146,420,422,431,430,433,432,154,180,442,266,173,390,147,188,436,181,445,444,528,557,622,487,636,638,501,503,539,555,614,479,560,534,536,549,618,640,632,620,505,483,485,497,610,519,518,520,612,522,524,611,190,457,486,488,490,467,491,468,480,449,481,182,482,484,493,492,495,494,191,469,504,506,258,452,268,453,498,466,499,183,509,508,511,510,195,514,513,304,523,305,472,471,473,192,475,516,476,526,525,206,446,600,599,538,540,542,459,543,460,601,531,454,532,196,533,535,545,544,547,546,208,461,580,579,559,561,563,455,564,447,581,552,458,553,197,554,556,566,565,568,567,207,204,598,573,572,596,583,585,587,588,551,550,558,198,575,307,576,594,577,578,590,589,592,591,209,586,603,574,604,571,530,529,537,199,595,597,606,605,608,607,205,470,477,474,218,456,621,623,625,462,626,465,615,448,616,214,617,619,628,627,630,629,219,464,639,641,643,450,644,451,633,463,634,215,635,637,646,645,648,647,663,665,668,657,706,705,707,270,652,687,686,667,669,671,649,672,650,688,660,651,661,259,662,664,674,673,676,675,269,704,680,679,702,690,691,693,694,659,658,666,260,682,683,700,684,685,696,695,698,697,271,692,709,681,710,678,654,653,655,261,701,703,712,711,714,713,285,716,717,286,296,721,720,726,728,283,725,722,282,723,730,729,741,744,745,742,736,735,737,301,293,299,731,734,298,732,733,887,934,888,916,900,906,943,902,950,826,898,853,927,792,775,891,939,773,901,837,849,845,838,954,862,847,877,763,940,760,941,983,797,799,981,831,884,925,843,956,993,908,915,986,912,848,759,889,920,978,810,778,973,779,974,809,914,953,928,871,865,921,985,801,796,971,947,874,963,886,899,948,818,819,992,991,988,844,850,962,755,942,842,835,834,781,952,955,830,829,957,765,768,890,870,970,828,784,823,767,864,771,791,766,824,881,913,757,959,869,896,929,866,979,972,935,770,903,846,806,858,878,967,855,840,805,945,937,813,918,980,772,867,893,968,851,976,951,782,904,815,746,748,793,839,761,924,879,949,910,856,930,756,816,750,764,753,863,885,958,751,965,787,938,895,969,790,852,802,788,749,961,875,982,794,807,932,977,892,783,931,758,804,857,897,926,922,964,747,861,984,873,909,762,774,776,827,752,960,872,975,812,817,894,754,883,832,803,769,833,785,836,905,854,944,917,825,814,933,907,987,868,880,911,841,811,860,798,800,946,882,923,795,859,876,780,919,777,936,808,789,966,822,989,990,821,820,786
