action	lane	given	key	start_line	old_status	new_status	how	reasons	sentence	row_note
SKIP	chain-itinerary	c825bc73828a	-	-	-	partial	census override DROP	every declaration retired: GroupApproximation.Pestov91.isLEFRing_of_monotone_subrings GroupApproximation.Pestov91.isLEFRing_of_monotone_ringHom_range GroupApproximation.Pestov91.isLEFRing_of_forall_finset_subset_range GroupApproximation.Pestov91.IsLEFRing.of_injective (ms-core-1 sweep 09-13: stale partial half (the R_{Y_*} instance and crossed-product half are closed); key graded by ms-core-2 formalized row)		chain-itinerary: tex lines 1444–1445 "Thus R_{Y_*} is an increasing union of LEF rings and is LEF." Ring half carried: a ring whose finite subsets each lie in the image of an injective ring homomorphism from an LEF ring
SKIP	chain-itinerary	2df08eeac3cb	-	-	-	partial	census override DROP	every declaration retired: GroupApproximation.Pestov91.CrossedProduct.coeffMap GroupApproximation.Pestov91.CrossedProduct.coeffMap_single GroupApproximation.Pestov91.CrossedProduct.coeff_coeffMap GroupApproximation.Pestov91.CrossedProduct.coeffMap_injective GroupApproximation.Pestov91.CrossedProduct.coeffMap_surjective GroupApproximation.Pestov91.CrossedProduct.coeffMap_C GroupApproximation.ChainCore.exists_forall_proj_eq_imp_of_locallyConstant (ms-core-1 sweep 09-13: stale partial half (the R_{Y_*} instance and crossed-product half are closed); key graded by ms-core-2 formalized row)		chain-itinerary: tex lines 1442–1444 "Coefficient pullback gives injective unital maps of crossed products, and every locally constant function is constant on a sufficiently fine partition." Crossed-product half carried:
SKIP	chain-itinerary	fe2bd83087c0	-	-	-	partial	census override DROP	every declaration retired: GroupApproximation.ChainCore.itinerary GroupApproximation.ChainCore.itinerarySubshift GroupApproximation.ChainCore.oneBlock GroupApproximation.ChainCore.continuous_itinerary GroupApproximation.ChainCore.itinerary_zpow_apply GroupApproximation.ChainCore.isClosed_itinerarySubshift GroupApproximation.ChainCore.mapsTo_shift_itinerarySubshift GroupApproximation.ChainCore.continuous_oneBlock GroupApproximation.ChainCore.oneBlock_shift GroupApproximation.ChainCore.oneBlock_itinerary GroupApproximation.ChainCore.oneBlock_image_itinerarySubshift (census successor ms-cite-2 09-13: chain-itinerary is down; ms-compress-1 re-graded this row at bd7b20b28, carrying its residual (the cores Y_m, now itineraryCore), and its row now grades the sentence)		chain-itinerary: tex lines 1429–1432 "Let $\pi_m\colon X\to X_m$ be their itinerary subshifts, and let $Y_m$ be the cores just constructed. Refinement gives one-block factor maps $\rho_{lm}\colon X_l\to X_m$." Carried: f
SKIP	chain-itinerary	ed348643e2ad	-	-	-	partial	census override DROP	every declaration retired: GroupApproximation.ChainCore.inverseLimitCore GroupApproximation.ChainCore.mem_inverseLimitCore GroupApproximation.ChainCore.isClosed_inverseLimitCore GroupApproximation.ChainCore.itinerary_mem_of_le GroupApproximation.ChainCore.preimage_itinerary_antitone GroupApproximation.ChainCore.mapsTo_zpow_inverseLimitCore (census successor ms-cite-2 09-13: chain-itinerary is down; ms-compress-1 re-graded this row at bd7b20b28, carrying its residual (rho_lm(Y_l) subset Y_m, now oneBlock_image_itineraryCore_subset), and its row now grades the sentence)		chain-itinerary: tex lines 1433–1438 "Thus $\rho_{lm}(Y_l)\subseteq Y_m$, and \[ Y_* =\bigcap_m\pi_m^{-1}(Y_m),\qquad \pi_m(Y_*)=\bigcap_{l\ge m}\rho_{lm}(Y_l). \]" Display half carried: for antitone partitions and any f
SKIP	chain-itinerary	807793f12a5e	-	-	-	partial	census override DROP	every declaration retired: GroupApproximation.ChainCore.itinerary_image_inverseLimitCore GroupApproximation.ChainCore.inverseLimitCore_nonempty (census successor ms-cite-2 09-13: chain-itinerary is down; ms-compress-1 re-graded this row at bd7b20b28, carrying its residual (the instance for the cores, now itinerary_image_generalCore), and its row now grades the sentence)		chain-itinerary: tex line 1439 "The second equality follows from compactness in the fibers." Carried on a compact space: for antitone partitions and any closed family Y_m ⊆ X_m with ρ_lm(Y_l) ⊆ Y_m, π_m(Y_*) = ⋂_{l≥m} ρ_
SKIP	chain-reflection	715cbd0f3410	-	-	-	partial	census override DROP	every declaration retired: GroupApproximation.matrixUnitCornerHom GroupApproximation.map_eq_zero_of_forall_entry_mem (ms-core-1 sweep 09-13: stale partial (printed assembly / chain-matricial / chain-itinerary / LEFStablyFiniteInterface all closed); key graded by ct-return-tower or ms-core-1 formalized rows (04240efed))		chain-reflection: tex 1534-1535, "Apply the preceding argument to the unital map r -> phi(rE_11) into this corner"; the corner map is a unital ring hom into Corner A e, and map_eq_zero_of_forall_entry_mem applies the ker
SKIP	chain-reflection	30a44485e5e8	-	-	-	partial	census override DROP	every declaration retired: GroupApproximation.map_eq_zero_of_forall_entry_mem GroupApproximation.killsKernelOfDirectlyFinite_mapMatrix (ms-core-1 sweep 09-13: stale partial (printed assembly / chain-matricial / chain-itinerary / LEFStablyFiniteInterface all closed); key graded by ct-return-tower or ms-core-1 formalized rows (04240efed))		chain-reflection: tex 1535-1536, "Multiplication by the other matrix units shows that phi kills M_m(I)"; single i j x = single i i x * single i j 1, summed over entries, for any set killed by all unital maps into directl
SKIP	chain-reflection	400dde0dbd9d	-	-	-	partial	census override DROP	every declaration retired: GroupApproximation.isUniversalQuotients_of_surjective GroupApproximation.existsUnique_comp_eq_of_surjective (ms-core-1 sweep 09-13: stale partial (printed assembly / chain-matricial / chain-itinerary / LEFStablyFiniteInterface all closed); key graded by ct-return-tower or ms-core-1 formalized rows (04240efed))		chain-reflection: tex 1529-1530, "Since R_Y itself is LEF and therefore stably finite, all three universal properties follow"; proved for any surjective f with LEF target whose kernel is killed by unital maps into direct
SKIP	chain-reflection	42c043ef7ab5	-	-	-	partial	census override DROP	every declaration retired: GroupApproximation.IsUniversalDirectlyFiniteQuotient GroupApproximation.isUniversalQuotients_of_surjective (ms-core-1 sweep 09-13: stale partial (printed assembly / chain-matricial / chain-itinerary / LEFStablyFiniteInterface all closed); key graded by ct-return-tower or ms-core-1 formalized rows (04240efed))		chain-reflection: tex 1518-1519, "Every unital homomorphism from R_X to a directly finite ring factors uniquely through restriction R_X -> R_Y"; first conjunct of isUniversalQuotients_of_surjective, abstract surjection.
SKIP	chain-reflection	8981cd70915a	-	-	-	partial	census override DROP	every declaration retired: GroupApproximation.IsUniversalStablyFiniteQuotient GroupApproximation.IsUniversalLEFQuotient GroupApproximation.isUniversalQuotients_of_surjective (ms-core-1 sweep 09-13: stale partial (printed assembly / chain-matricial / chain-itinerary / LEFStablyFiniteInterface all closed); key graded by ct-return-tower or ms-core-1 formalized rows (04240efed))		chain-reflection: tex 1519-1520, "This is also the universal stably finite and LEF ring quotient"; second and third conjuncts, abstract surjection. Partial: R_X instance pending the printed assembly; LEFStablyFiniteInter
SKIP	chain-reflection	43afa4ee3f10	-	-	-	partial	census override DROP	every declaration retired: GroupApproximation.isUniversalQuotients_mapMatrix GroupApproximation.mapMatrix_surjective_of_surjective (ms-core-1 sweep 09-13: stale partial (printed assembly / chain-matricial / chain-itinerary / LEFStablyFiniteInterface all closed); key graded by ct-return-tower or ms-core-1 formalized rows (04240efed))		chain-reflection: tex 1520-1521, "The same assertions hold for M_m(R_X) -> M_m(R_Y) for every m>=1"; all three universal properties for f.mapMatrix on Fin m. Partial: R_X instance pending the printed assembly. LANDED 578
SKIP	chain-reflection	f2baa4a46f78	-	-	-	partial	census override DROP	every declaration retired: GroupApproximation.Pestov91.IsLEFRing.matrix GroupApproximation.isUniversalQuotients_mapMatrix (ms-core-1 sweep 09-13: stale partial (printed assembly / chain-matricial / chain-itinerary / LEFStablyFiniteInterface all closed); key graded by ct-return-tower or ms-core-1 formalized rows (04240efed))		chain-reflection: tex 1536-1537, "Its quotient M_m(R_Y) is LEF, as follows entrywise from finite ring tables"; IsLEFRing.matrix (on main) gives M_m(S) LEF from S LEF. Partial: R_Y LEF pending chain-itinerary. LANDED 578e
SKIP	chain-reflection	cfbacaa0fffa	-	-	-	partial	census override DROP	every declaration retired: GroupApproximation.directlyFinite_iff_stablyFinite_iff_lef_iff_injective (ms-core-1 sweep 09-13: stale partial (printed assembly / chain-matricial / chain-itinerary / LEFStablyFiniteInterface all closed); key graded by ct-return-tower or ms-core-1 formalized rows (04240efed))		chain-reflection: tex 1521-1523, "R_X is directly finite if and only if it is stably finite, if and only if it is LEF, if and only if every point of X is chain recurrent"; DF iff SF iff LEF iff f injective for an abstrac
SKIP	chain-reflection	b23e0f5197b5	-	-	-	partial	census override DROP	every declaration retired: GroupApproximation.directlyFinite_iff_stablyFinite_iff_lef_iff_injective (ms-core-1 sweep 09-13: stale partial (printed assembly / chain-matricial / chain-itinerary / LEFStablyFiniteInterface all closed); key graded by ct-return-tower or ms-core-1 formalized rows (04240efed))		chain-reflection: tex 1538, "Finally, I=0 exactly when X=Y, giving the stated equivalences"; the deduction from I = 0 (f injective) is formalized abstractly. Partial: I = 0 iff X = Y pending chain-matricial. LANDED 578ec
SKIP	chain-reflection	9dae685e37b9	-	-	-	partial	census override DROP	every declaration retired: GroupApproximation.KillsKernelOfDirectlyFinite (ms-core-1 sweep 09-13: stale partial (printed assembly / chain-matricial / chain-itinerary / LEFStablyFiniteInterface all closed); key graded by ct-return-tower or ms-core-1 formalized rows (04240efed))		chain-reflection: tex 1527-1528, "A unital homomorphism to a directly finite ring kills every d in eq:clopen-defect-pair, hence all of I by Lemma lem:transient-matrices"; KillsKernelOfDirectlyFinite is the consumed shape
SKIP	chain-subshift	f7c8d8aab016	-	-	-	partial	census override DROP	every declaration retired: GroupApproximation.ChainCore.retainedSubshift_succ_subset GroupApproximation.ChainCore.retainedSubshift_antitone GroupApproximation.ChainCore.reflTransGen_init GroupApproximation.ChainCore.wordEdge_init (ms-core-1 sweep 09-13: stale partial (nonemptiness closed: coreSubshift_nonempty, retainedSubshift_nonempty); key graded by ms-traces-3 and ms-core-1 formalized rows (04240efed))		chain-subshift: tex 1402 (proof of lem:chain-core-models), "It is nonempty, and $Z_{r+1}\subseteq Z_r$, since a higher-level cycle projects to a closed walk at a lower level." The inclusion is proved along the printed ro
SKIP	chain-subshift	ded9e9646e4b	-	-	-	partial	census override DROP	every declaration retired: GroupApproximation.ChainCore.coreSubshift_subset GroupApproximation.ChainCore.mem_of_forall_finset_agree (ms-core-1 sweep 09-13: stale partial (nonemptiness closed: coreSubshift_nonempty, retainedSubshift_nonempty); key graded by ms-traces-3 and ms-core-1 formalized rows (04240efed))		chain-subshift: tex 1402 (proof of lem:chain-core-models), "Compactness makes $Y_0$ nonempty, and all its words belong to $X$, so $Y_0\subseteq X$." coreSubshift_subset proves Y_0 ⊆ X along the printed route: every word
SKIP	ct-bilateral-mf	LINE:1599	-	-	-	partial	census override SUPERSEDE	a later row of the lane at this key, already replaced		ct-bilateral-mf: tex 1541-1602, prop:bilateral-three over its two remaining pieces ClopenCrossedProductDirectlyFiniteLEFStatement and ClopenCrossedProductNonzeroDefectStatement; the cell (bilateralThreeCellStatement, 41d
SKIP	hull-euler	d8e1a694d87c	-	-	-	partial	census override DROP	every declaration retired: GroupApproximation.Dynamics.isClosed_chainRecurrentSet GroupApproximation.Dynamics.image_chainRecurrentSet GroupApproximation.Dynamics.apply_mem_chainRecurrentSet_iff (ms-core-1 sweep 09-13: stale partial (nonemptiness closed by printedChainCoreModelsFirstSentence; Y subset Y_* applied by chainRecurrentSet_subset_generalCore); key graded by ms-core-2 or ms-core-1 formalized rows)		hull-euler: lem:chain-core-models "The set $Y$ is nonempty, closed and invariant, and $R_Y$ is LEF." Covers the closed and invariant parts. By the lead's ruling 09-13 16:20, nonemptiness comes from chain-subshift's coreS
SKIP	hull-euler	c99bf0bdb029	-	-	-	partial	census override DROP	every declaration retired: GroupApproximation.Dynamics.mapsTo_chainRecurrentSet (ms-core-1 sweep 09-13: stale partial (nonemptiness closed by printedChainCoreModelsFirstSentence; Y subset Y_* applied by chainRecurrentSet_subset_generalCore); key graded by ms-core-2 or ms-core-1 formalized rows)		hull-euler: proof of lem:chain-core-models "Chain recurrence passes to factors, so $Y\subseteq Y_*$." Covers the first clause, for a continuous semiconjugacy over compact X. The inclusion $Y\subseteq Y_*$ for the itinera
SKIP	hull-respell	LINE:1636	-	-	-	partial	census override DROP	every declaration retired: GroupApproximation.HullSC.hullOneStepStatement_of_quasiGeodesicLeaves GroupApproximation.HullSC.hullBallFormNG_of_quasiGeodesicLeaves GroupApproximation.HullSC.hullInputsCorrected_of_quasiGeodesicLeaves (lead ruling 09-13: historical quasi-geodesic leaves, superseded by nm-endpoints printedHullTheorem*_of_fourLeaves)		thm:hull (Hull Theorem 7.1(a),(c),(e)) over the selection, unbound and quasi-geodesic bridge leaves, with no relator re-spelling leaf: the canonical Lemma 4.4 is applied to the selected family carrying the relator. Resid
SKIP	hull-respell	LINE:1644	-	-	-	partial	census override DROP	every declaration retired: GroupApproximation.HullSC.hullOneStepStatement_of_quasiGeodesicLeaves GroupApproximation.HullSC.hullBallFormNG_of_quasiGeodesicLeaves (lead ruling 09-13: historical quasi-geodesic leaves, superseded by sec5-sentences row 27 printedHullProofParagraph_of_fourLeaves)		"Hull's proof treats m=1 by passing to G/<<r>> for one element r and the general case by induction on m": the one-relator step on Hull's published relator t^-1 u, then the induction hullBallFormNG_of_oneStep. Same three
SKIP	lix-descent	LINE:none	-	-	-	formalized	BAD-KEY			LIX stronger program (not the non-MF tex): odd-primary degree-one constant ((p-1)/2)!; LANDED eabf84751
SKIP	ms-compress-1	b180421b55ab	-	-	-	partial	census override DROP	every declaration retired: GroupApproximation.ChainCore.oneBlock_image_antitone GroupApproximation.ChainCore.isClosed_oneBlock_image GroupApproximation.ChainCore.iInter_oneBlock_image_eq GroupApproximation.ChainCore.cycleCondition_iInter_of_antitone GroupApproximation.ChainCore.cycleCondition_iInter_oneBlock_image GroupApproximation.ChainCore.cycleCondition_itinerary_image_generalCore (ms-core-1 sweep 09-13: stale partial (hcore discharged by cycleCondition_coreSubshift); key graded by ms-core-1 printedItineraryIntersectionCycleCondition row (04240efed))		ms-compress-1 (census successor for chain-itinerary, down): tex 1439-1441, "The sets on its right decrease and satisfy the cycle condition; finite language stabilization proves that their intersection does too." Carried
SKIP	ms-compress-4	f3a27465fade	-	-	-	carrier	STALE-KEY			ms-compress-4: display row (NON_MF_DISPLAY_MAP.tsv), tex 698-701 in the proof of thm:normal-kazhdan, "|tr_{r_n}(W_n(k))-1| <= ||W_n(k)-I_{r_n}||_2 -> 0 (k in K)"; the inequality is norm_normTrace_sub_one_le and the limit
SKIP	ms-core-4	f0c16e5c8519	-	-	-	partial	census override DROP	every declaration retired: GroupApproximation.ClopenCrossedProduct.PrintedTransientIdealGeneratedByDefects GroupApproximation.ClopenCrossedProduct.printedTransientIdealGeneratedByDefects GroupApproximation.ClopenCrossedProduct.transientIdeal_chainRecurrentSet_eq_span GroupApproximation.ClopenCrossedProduct.disjoint_diff_image_chainRecurrentSet (ms-core-1 sweep 09-13: stale partial (locally matricial clause closed: printedTransientMatricesIdealClauses); key graded by ms-units, ms-inverses-3 and ct-bilateral-mf formalized rows)		ms-core-4: tex 1476-1477 (lem:transient-matrices), "The ideal I is locally matricial and is generated by the indicators 1_{P\T(P)} of the defects in Lemma lem:chain-core-models."; the generation clause is closed at Y = C
SKIP	sec5-sentences	LINE:1629	-	-	-	partial	census override DROP	every declaration retired: GroupApproximation.GGT.IsAcylindricallyHyperbolicOsin GroupApproximation.GGT.isAcylindricallyHyperbolic_iff_osin GroupApproximation.GGT.exists_hullGeneratingSet_of_osin GroupApproximation.GGT.SequentialBoundary.IsAcylindricallyHyperbolicLimitSet GroupApproximation.GGT.SequentialBoundary.isAcylindricallyHyperbolicLimitSet_of_osin GroupApproximation.Manuscript.NonMF.TorsionFreeLimitSetNotion.manuscriptSentence_hullGeneratingSetLimitSet (ms-core-4 finding (report 21:32), main's order 23:12: sec5-sentences is down (idle since 17:39); every declaration of its LINE:1629 row is dropped, so key a9dd4b90e479 grades from the cite-hull and ms-torsionfree rows)		choose the generating set A provided by Hull [Theorem 3.12]: Osin's notion (independent-loxodromics spelling) is equivalent to Hull's Cayley form and gives A; it implies the limit-set spelling (easy direction of Osin Thm
SKIP	sk-ms-core-3	13bf024677ad	-	-	-	formalized	STALE-KEY			ms-core-3: tex 171-173 at 9047d0d3c, "The equality holds since transvections generate $\SL_{3N_\ell}(\F_2)$, and those inside one block are commutators of those between blocks." Along the printed route, at the generality
SKIP	sk-ms-core-3	414df07890f1	-	-	-	partial	STALE-KEY			ms-core-3: tex 168-171 at 9047d0d3c, "So $G$ and $\EL_3(M_{N_\ell}(\F_2))=\SL_{3N_\ell}(\F_2)$ are quotients of $\EL_3(F)$, which is generated by the matrices $e_{ij}(1)$ and $e_{ij}(\tau)$ with $\tau\in\{\tau_\pm,\tau_a
SAME-GRADE	agp-units	LINE:1260	64da88cf12a3	1274	formalized	formalized	line 1260->1274 match 0.93>0.13		[(a)] There are orthogonal idempotents $e_1,\dots,e_m$ with sum $1$, $m\ge4$, such that $e_1,\dots,e_{m-1}$ are pairwise equivalent and $e_m$ is equivalent to a	rows/agp-units.tsv: thm:mf-quotient-units item (a) first sentence (orthogonal idempotents, sum 1, m>=4, off-last blocks pairwise equivalent, e_m ~ f <= e_1); carrier states exactly this sentence. LANDED 8a992fe6d (compiled, probe 0911-195701) [census merge 4c3d9dd02]
SAME-GRADE	agp-units	LINE:1262	49ff6f7e8ad6	1276	formalized	formalized	line 1262->1276 match 0.67>0.17		Then $R$ is the ring of $m\times m$ matrices over $T=e_1Re_1$, with identity $\operatorname{diag}(1_T,\dots,1_T,f)$, whose last column has entries in $Tf$ and w	rows/agp-units.tsv: thm:mf-quotient-units item (a) second sentence: R = twisted m x m matrix ring over T = e_1Re_1 with Tf/fT support and u = gvh, for EVERY decomposition meeting (a). LANDED 8a992fe6d (compiled, probe 0911-195701) [census merge 4c3d9dd02]
SAME-GRADE	agp-units	LINE:1230	5c5eeda68a8a	1244	formalized	formalized	line 1230->1244 note-key		The ring $M_n(R)$ is again countable, purely infinite, and simple~\cite[Corollary~1.7]{AGP}, and $K_1(M_n(R))\cong K_1(R)$ by Morita invariance, so it suffices	rows/agp-units.tsv: thm:mf-quotient-units proof sentence 1 (census key 5c5eeda68a8a): all three clauses (Morita landed ace5ecf8d) plus "so it suffices to treat n=1" as PrintedMFQuotientUnitsKOne -> PrintedMFQuotientUnitsKOneAtBaseRing along the printed route. compiled probe 0911-201101 (base aa931d5
SAME-GRADE+UNION2	agp-units,ms-units	LINE:1285,2d6574150d4d	2d6574150d4d	1299	formalized	formalized	line 1285->1299 note-key; key		are products of an element of $\EL_{m-1}(T)$ and a conjugate of its inverse, so they lie in the normal subgroup $N$ as well.	rows/agp-units.tsv: thm:mf-quotient-units (key 2d6574150d4d): both displays as the printed commutators, as products of an element of EL_{m-1}(T) and a conjugate of an inverse, lying in every normal N containing the off-last roots; closed at N=Rad_MF. compiled probe 0911-201101 (base aa931d533); byte
SAME-GRADE	agp-units	LINE:148	8766dc520cfb	148	formalized	formalized	note-key		the unit group of the binary Leavitt algebra, because $H$ is simple and every homomorphism from $H$ to an MF group is trivial. The right module $R_R$ over $R=L_	rows/agp-units.tsv: Introduction tex 145-153 (key 8766dc520cfb): H simple, every hom to an MF group trivial, R_R = R_R+R_R as right modules, H = Aut(R_R), H = GL_n(R) = EL_n(R) for every n>=2, at L_F2(1,2); Khanh-Thanh is attribution. compiled probe 0911-201101 (base aa931d533); bytes on main at 11c
SAME-GRADE	agp-units	LINE:243	0e0ede2715c4	243	formalized	formalized	only-candidate	rows/agp-units.tsv cites no landed commit; its declarations are defined and compiled at origin	For a countable purely infinite simple ring $R$ and $n\ge1$, Theorem~\ref{thm:mf-quotient-units} identifies $\Rad_{\mathrm{MF}}(\GL_n(R))$ with the commutator s	rows/agp-units.tsv: Introduction tex 243-246 (key 0e0ede2715c4): for countable PIS R and n>=1, Rad_MF(GL_n(R)) = [GL_n,GL_n] and GL_n/Rad_MF = K_1(R) (the badged endpoints; K_1(R) MF from the n=1 endpoint). The L_k(1,d) sentence (key 2d6ab84875e0) belongs to leavitt-k1 (LeavittKOneFormulaSentences).
SAME-GRADE	agp-units	LINE:1242	df9b558e0cb8	1256	formalized	formalized	line 1242->1256 note-key		Every nonzero idempotent $e$ of $R$ is infinite~\cite[Proposition~1.5]{AGP}, so $eRe$ contains $s,t$ with $ts=e\ne st$, and $eRe$ is simple, so $e-st$ generates	rows/agp-units.tsv: thm:mf-quotient-units (key df9b558e0cb8) at the printed objects: e infinite (AGP 1.5 proved), eRe = Corner R e he contains s,t with ts = e != st and e-st full, eRe simple, EL_m(eRe) killed for m>=2. compiled probe 0911-201101 (base aa931d533); bytes on main at 11ce37cb0, verified
SAME-GRADE	agp-units	LINE:1246	9fcd02a03747	1266	formalized	formalized	line 1246->1260 note-key		since these units form the image of $\EL_m(eRe)$ under a homomorphism to $H$.	rows/agp-units.tsv: eq:corner-units (key 9fcd02a03747) at the printed objects: for nonzero idempotents e,P and a ring iso theta : M_m(eRe) -> PRP, the units 1-P+theta(A) are the values of one hom EL_m(eRe) -> H, whose range lies in N. compiled probe 0911-201101 (base aa931d533); bytes on main at 11c
SAME-GRADE	agp-units	LINE:1268	1fd773c6c314	1282	formalized	formalized	line 1268->1282 note-key		[(b)] For a nonzero idempotent $e$ and $n\ge2$ there are an idempotent $f<e$ equivalent to $e$ and orthogonal idempotents $r_2,\dots,r_n\le e-f$, each equivalen	rows/agp-units.tsv: item (b) (key 1fd773c6c314), every printed object built: f<e, f~e, r_2..r_n <= e-f each ~1, r_1 = 1-e+f, P = sum r_i, ring iso theta : M_n(R) -> PRP with theta(diag(v,1,...,1)) = (1-e)v(1-e)+f+r_2+...+r_n. Previously agpStepOne (two-coordinate Whitehead route). compiled probe 091
SAME-GRADE	agp-units	LINE:1292	c8680722d041	1306	formalized	formalized	line 1292->1306 note-key		With $\theta$ and $P$ as in (b), $v=1-P+\theta(\operatorname{diag}(v,1,\dots,1))$, which lies in $N$ by~\eqref{eq:corner-units}.	rows/agp-units.tsv: thm:mf-quotient-units last paragraph (key c8680722d041) along the printed route: the K_1 rank n, theta and P from (b), v = 1-P+theta(diag(v,1,...,1)) as the value of A -> 1-P+theta(A), hence in N. compiled probe 0911-201101 (base aa931d533); bytes on main at 11ce37cb0, verified b
SAME-GRADE	agp-units	LINE:1290	ce26fc21c942	1304	structural	structural	line 1290->1304 note-key		So let $v=e+(1-e)v(1-e)$ with $e\ne0$ and $\kappa(v)=0$.	rows/agp-units.tsv: "So let v = e+(1-e)v(1-e) with e != 0 and kappa(v) = 0" (key ce26fc21c942): introduces the binders of the paragraph carrier. compiled probe 0911-201101 (base aa931d533); bytes on main at 11ce37cb0, verified by e0f2f90ed [census merge 4c3d9dd02]
SAME-GRADE	agp-units	LINE:1234	55adb8bf7a88	1248	formalized	formalized	line 1234->1248 note-key		A countable abelian group $A$ is MF: $C^*_{\max}(A)$ is commutative and separable, hence residually finite-dimensional and MF~\cite{BK}, and Lemma~\ref{prop:mf-	rows/agp-units.tsv: thm:mf-quotient-units (key 55adb8bf7a88) along the printed route: C*max(A) commutative (dense span) and separable, RFD (Gelfand characters), MF (separable RFD, BK, proved), Lemma prop:mf-residual-calculus with the faithful canonical map. Replaces the route-different LEF/RF carrie
SAME-GRADE	agp-units	LINE:1277	8c6a65ba3286	1291	formalized	formalized	line 1277->1291 note-key		The elementary matrices with $i,j\le m-1$ form $\EL_{m-1}(T)$ inside $(1-e_m)R(1-e_m)\cong M_{m-1}(T)$, so they lie in $N$ by~\eqref{eq:corner-units}; for disti	rows/agp-units.tsv: thm:mf-quotient-units sentence 8 first clause (key 8c6a65ba3286) at the printed objects: ring iso (1-e_m)R(1-e_m) = M_{m-1}(T), T = e_1Re_1, every off-last root = 1-P+theta(e_ij(c)) with e_ij(c) in EL_{m-1}(T), in N by eq:corner-units; for every item-(a) decomposition. compiled p
SAME-GRADE	agp-units	LINE:1287	f2f92d2bbb71	1300	formalized	formalized	line 1287->1301 note-key		Hence $u\equiv v$ modulo $N$, and $\kappa(v)=\kappa(u)=0$ because $N\le\ker\kappa$.	rows/agp-units.tsv: thm:mf-quotient-units (key f2f92d2bbb71) "Hence u = v modulo N, and kappa(v)=kappa(u)=0" along the printed route for EVERY item-(a) decomposition: off-last roots in N (offLastCorner + eq:corner-units), last-row/column roots via the two Steinberg displays, u v^-1 = g(v h v^-1) in
SAME-GRADE	agp-units	LINE:1277	488237f2dec0	1291	formalized	formalized	line 1277->1291 note-key		Let $u\in\ker\kappa$ and write $u=gvh$ as in (a).	rows/agp-units.tsv: "Let u in ker kappa and write u = gvh as in (a)" (key 488237f2dec0): the factorization u = gvh at every item-(a) decomposition (printed route), replacing the two-index Peirce carrier as the primary citation. LANDED 8a992fe6d (ItemA carriers) [census merge 4c3d9dd02]
SAME-GRADE	audit-intro	be1769283b2f	be1769283b2f	112	definition	definition	key		Here and below, products of $C^*$-algebras mean bounded products, and $\bigoplus$ denotes the ideal of norm-null sequences.	rows/audit-intro.tsv: audit-intro: tex line 112 "products of C*-algebras mean bounded products, and (+) denotes the ideal of norm-null sequences" had no carrier. PrintedBoundedProductsNullIdeal states it at the printed generality: for every sequence of C*-algebras the product is lp infinity (bounded
SAME-GRADE	audit-intro	651e122a919e	651e122a919e	134	definition	definition	key		where $V$ is the ascending HNN extension of $\mathbb Z^3\rtimes\mathrm{SL}_3(\mathbb Z)$ along $(v,A)\mapsto(2v,A)$, the set $X$ is the coset space of $\mathbb	rows/audit-intro.tsv: audit-intro: tex line 134 "V is the ascending HNN extension of Z^3 x| SL_3(Z) along (v,A) -> (2v,A), X is the coset space ..., Cl(X) is generated by involutions c_x and a central involution eps with [c_x,c_y]=eps" had no carrier. PrintedCliffordWitnessGroup states the literal g
SAME-GRADE	audit-intro	ec81a8c16b64	ec81a8c16b64	156	definition	definition	key		We use the group commutator convention $[g,h]=ghg^{-1}h^{-1}$.	rows/audit-intro.tsv: audit-intro: tex line 156 "We use the group commutator convention [g,h]=ghg^-1h^-1" had no carrier. PrintedCommutatorConvention: in every group the bracket used by every Lean statement of the paper is g h g^-1 h^-1. Closed proof manuscriptSentence_commutatorConvention, gated by
SAME-GRADE	audit-intro	9930600167a4	9930600167a4	140	formalized	formalized	key		Every homomorphism from $W$ to an MF group kills $\varepsilon$ (Section~\ref{sec:amenable-nonqd}).\footnote{The Lean proof was registered at Palomar on August~2	rows/audit-intro.tsv: audit-intro: tex line 134 "Every homomorphism from W to an MF group kills epsilon" was carried only by the general theorem manuscriptMapSignEqOneOfIsOperatorMFTarget; main had no specialization to the literal W and no property (T) for AffineSL3Doubling.Gamma. PrintedWitnessMFHo
REPLACE+UNION28	audit-intro,ct-rank-two-limit,fff-periodic,fff-quotient,hull-bridge,hull-count94,hull-unbound,nm-endpoints,sec5-sentences	4895f03fdf5f,4895f03fdf5f,4895f03fdf5f,4895f03fdf5f,LINE:1636,LINE:1636,LINE:1636,LINE:1636,LINE:1636,LINE:1636,LINE:1636,LINE:1636,LINE:1636,LINE:1636,LINE:1636,LINE:1636,LINE:1636,LINE:1636,LINE:1636,LINE:1636,4895f03fdf5f,LINE:1636,LINE:1636,LINE:1636,LINE:1636,LINE:1636,4895f03fdf5f,4895f03fdf5f	4895f03fdf5f	2123	partial	partial	key; line 1636->2121 statement-env	rows/hull-unbound.tsv cites no landed commit; its declarations are defined and compiled at origin; not defined at origin 4c3d9dd02: GroupApproximation.GGT.VanKampen.osinLemma94Section_of_planarRunInputReduced GroupApproximation.GGT.VanKampen.osinLemma94PlanarRunInput_of_reduced GroupApproximation.GGT.VanKampen.OsinLemma94PlanarRunInputReduced GroupApproximation.GGT.VanKampen.OsinLemma94RealizedPolygons.sum_card_kindNonJoins_le_mul	Then there is a surjective homomorphism $\varphi\colon G\to Q$ such that $Q$ is acylindrically hyperbolic, $\varphi(g_i)\in\varphi(N)$ for all $i$, and every el	rows/audit-intro.tsv: audit-intro: thm:hull least-area route, Osin math/0411039v3 Lemma 9.4 inside Hull's proof ("The boundary of Delta~_i decomposes into k_i subpaths"): cyclic run decomposition of the sides of a polygon, the sub-piece of OsinLemma94ClassPolygons asked by hull-count94. For a joinin
REPLACE	audit-nm-1	d4c878a7ac22	d4c878a7ac22	263	formalized	partial	key		There is a sofic group $W=W_0\rtimes\mathbb Z$, with $W_0$ locally residually finite, that is not MF\@.	rows/audit-nm-1.tsv: audit-nm-1: PrintedAmenableNonquasidiagonalTrace binds ∃ W … ¬IsOperatorMF W without Countable W; MF is printed only for countable groups (tex 87), and ¬IsOperatorMF holds for every group of cardinality > 𝔠 (IsOperatorMF, Sofic/OperatorMF.lean:89); formalized once a printed endp
REPLACE	audit-nm-1	2a97fb901bad	2a97fb901bad	284	formalized	partial	key		Since $W_0$ is a direct limit of residually finite groups, it is MF~\cite[Corollary~10 and Proposition~13]{Korchagin}.	rows/audit-nm-1.tsv: audit-nm-1: printed route "direct limit of RF groups ⇒ MF [Korchagin Cor 10, Prop 13]"; the carrier goes locally RF ⇒ LEF ⇒ MF; no MF direct-limit permanence theorem on origin. LANDED a0c769367 (audit-nm-1 ledger, notes/nm-swarm/reports/audit-nm-1.md) [census merge 4c3d9dd02]
REPLACE+UNION2	audit-nm-1,ct-bilateral-mf	c890294ad9b0,LINE:253	c890294ad9b0	252	formalized	formalized	key; match 0.97>0.33		Section~\ref{sec:chain-core} identifies restriction to the chain-recurrent set as the universal directly finite ring quotient, and proves that $R_X$ is directly	rows/audit-nm-1.tsv: audit-nm-1: UNION. The listed carriers display only "R_X directly finite ⇔ GL₃(R_X) MF"; the first clause (universal directly finite ring quotient) is the first conjunct of printedCoreRingReflection_closed (ChainCoreClosures.lean:64, #audit_closed_axioms l.109). LANDED a0c769367
REPLACE+UNION2	audit-nm-1,ms-intro-3	80279f06992b,80279f06992b	80279f06992b	292	formalized	partial	key		Every example above has torsion, and in the lamp construction the obstruction is itself a torsion element.	rows/audit-nm-1.tsv: audit-nm-1: the EL_n clause needs (p:R)=0 with 0<p, but the examples above include EL₄(𝒞) with 𝒞=ℤ⟨s,t⟩/(tᵢsⱼ−δᵢⱼ) and every countable full-defect ring in every characteristic (tex 215–223); fix: w=e₁₂(1)e₂₁(−1)e₁₂(1), w⁴=1≠w. LANDED a0c769367 (audit-nm-1 ledger, notes/nm-swarm/
REPLACE+UNION2	audit-nm-1,audit-sec3	2ff745dd7064,2ff745dd7064	2ff745dd7064	1072	formalized	partial	key	rows/audit-sec3.tsv cites no landed commit; its declarations are defined and compiled at origin	If $R\ne0$ satisfies the hypothesis of Theorem~\ref{thm:full-defect-ring}, then $G=\EL_n(R)$ is countable and nontrivial, and by Theorem~\ref{thm:full-defect-ri	rows/audit-nm-1.tsv: audit-nm-1: PrintedElementaryGroupNotMF quantifies 4≤n and displays no nontriviality; printed at the corollary's n≥2 with "countable and nontrivial"; no rank-two not-MF endpoint on origin. LANDED a0c769367 (audit-nm-1 ledger, notes/nm-swarm/reports/audit-nm-1.md) | rows/audit-se
REPLACE+UNION2	audit-nm-1,leavitt-k1	2d6ab84875e0,2d6ab84875e0	2d6ab84875e0	246	formalized	formalized	key		For the unit group of $L_k(1,d)$ the quotient is $k^\times/(k^\times)^{d-1}$.	rows/audit-nm-1.tsv: audit-nm-1: UNION, closed sibling; manuscriptSentence_unitGroupQuotient takes leading inputs and has only #audit_axioms. LANDED a0c769367 (audit-nm-1 ledger, notes/nm-swarm/reports/audit-nm-1.md) | rows/leavitt-k1.tsv: tex 247 'For the unit group of L_k(1,d) the quotient is k^x/
REPLACE+UNION3	audit-nm-1,ms-intro-1	8d0b87a46a51,8d0b87a46a51,8d0b87a46a51	8d0b87a46a51	106	formalized	formalized	key	rows/ms-intro-1.tsv cites no landed commit; its declarations are defined and compiled at origin	Equivalently, $G$ embeds in the unitary group of the norm matrix corona	rows/audit-nm-1.tsv: audit-nm-1: UNION; the printed corona form has arbitrary positive d_n, while the cited IsCDEOperatorMF needs StrictMono d. LANDED a0c769367 (audit-nm-1 ledger, notes/nm-swarm/reports/audit-nm-1.md) | rows/ms-intro-1.tsv: ms-intro-1: regrade definition -> formalized. Tex line 106
REPLACE+UNION2	audit-nm-4,ms-inverses-3	f5264e48f943,f5264e48f943	f5264e48f943	1489	formalized	partial	key	rows/ms-inverses-3.tsv cites no landed commit; its declarations are defined and compiled at origin	A compact subset $C\subset U$ has a finite cover by wandering clopen sets, say $m$ of them, so each orbit meets $C$ in at most $m$ points.	rows/audit-nm-4.tsv: audit-nm-4 GENERALITY-GAP (fidelity audit of tex 1338-2507 at merge 0e622f840: 232 rows, 231 PASS, 0 FALSE-GREEN): exists_wandering_clopen_cover needs IsClopen K; printed "A compact subset C of U"; restore formalized once a compact-to-clopen shrink lemma is named; the owner ms-i
SAME-GRADE+UNION2	audit-sec3,ms-inverses-2	5870021d2e03,5870021d2e03	5870021d2e03	819	definition	definition	key	rows/audit-sec3.tsv cites no landed commit; its declarations are defined and compiled at origin	Put	rows/audit-sec3.tsv: audit-sec3: tex 806 (proof of lem:two-copies), "Put e=1-st ... Put v_0=s^m, w_0=t^m, v_1, w_1"; the row named no declaration; OneSidedInverse.e is e and RankDescent.ofFull builds the printed v, w; gate Audit.Sec3. | rows/ms-inverses-2.tsv: ms-inverses-2: tex 820-822, display v_0
SAME-GRADE	audit-sec3	18fd64bafd97	18fd64bafd97	1051	definition	definition	key	rows/audit-sec3.tsv cites no landed commit; its declarations are defined and compiled at origin	Let $R$ be a countable unital ring.	rows/audit-sec3.tsv: audit-sec3: tex 1039; the row named no declaration; the named Prop and the closed theorem whose type it is; gate Audit.Sec3. [census merge 4c3d9dd02]
SAME-GRADE+UNION2	audit-sec3,ms-inverses-3	7ce8c636a470,7ce8c636a470	7ce8c636a470	936	formalized	formalized	key	rows/audit-sec3.tsv cites no landed commit; its declarations are defined and compiled at origin	that is, $1-st$ is a \emph{full} idempotent, so that $1=\sum_{j}a_j(1-st)b_j$ for finitely many $a_j,b_j\in R$.	rows/audit-sec3.tsv: audit-sec3: tex 924; the row named only the Prop; adds the closed theorem whose type it is; gate Audit.Sec3. | rows/ms-inverses-3.tsv: ms-inverses-3: tex 935-937, "that is, 1-st is a full idempotent, so that 1=sum_j a_j(1-st)b_j for finitely many a_j,b_j"; idempotent, and span =
SAME-GRADE	audit-sec3	eefa8a852d05	eefa8a852d05	1255	structural	structural	key	rows/audit-sec3.tsv cites no landed commit; its declarations are defined and compiled at origin	We use Theorem~\ref{thm:full-defect-ring} in the following form.	rows/audit-sec3.tsv: audit-sec3: tex 1239, "We use Theorem thm:full-defect-ring in the following form"; the row named only the Prop; adds the closed theorem whose type it is; gate Audit.Sec3. [census merge 4c3d9dd02]
SAME-GRADE	audit-sec3	19abb698ab4a	19abb698ab4a	800	structural	structural	key	rows/audit-sec3.tsv cites no landed commit; its declarations are defined and compiled at origin	The proof of Theorem~\ref{thm:full-defect-ring} runs in rank four over the ring $\mathcal C$, with three coordinates for the subgroup $\EL_3(\mathcal C)$, which	rows/audit-sec3.tsv: audit-sec3: tex 788, the rank-four argument over C with three coordinates carrying property (T); claim-making, the row named no declaration; gate Audit.Sec3. [census merge 4c3d9dd02]
SAME-GRADE	audit-sec3	3a929e3e1455	3a929e3e1455	805	structural	structural	key	rows/audit-sec3.tsv cites no landed commit; its declarations are defined and compiled at origin	The compressor needs only $ts=1$; the ideal condition on $1-st$ enters in the last step of the rank-four argument and in the first lemma.	rows/audit-sec3.tsv: audit-sec3: tex 788, "The compressor needs only ts=1"; claim-making, the row named no declaration; gate Audit.Sec3. [census merge 4c3d9dd02]
SAME-GRADE	audit-sec3	ded89cfcd0e4	ded89cfcd0e4	1253	structural	structural	key	rows/audit-sec3.tsv cites no landed commit; its declarations are defined and compiled at origin	For the converse, a unit in $\ker\kappa$ is reduced modulo $N$ to a unit of the form $e+(1-e)v(1-e)$, which is then the image of a stabilized elementary matrix	rows/audit-sec3.tsv: audit-sec3: tex 1239, the converse (a unit in ker kappa reduces modulo N to e+(1-e)v(1-e)); claim-making, the row named no declaration; gate Audit.Sec3. [census merge 4c3d9dd02]
SAME-GRADE	audit-sec3	718cc7b04afd	718cc7b04afd	884	formalized	formalized	key	rows/audit-sec3.tsv cites no landed commit; its declarations are defined and compiled at origin	For $i=1,2,3$, set	rows/audit-sec3.tsv: audit-sec3: tex 872-875 (lem:ring-compression-cell), printed for every ring R and s,t with ts=1; the old carrier holds only at UniversalPair.pairInverse; carrier RingCompressionCellGeneral, on the wire queue (partial until wired); gate Audit.Sec3. [census merge 4c3d9dd02]
SAME-GRADE	audit-sec3	c0383f82a141	c0383f82a141	900	formalized	formalized	key	rows/audit-sec3.tsv cites no landed commit; its declarations are defined and compiled at origin	invertible as a product of elementary matrices.	rows/audit-sec3.tsv: audit-sec3: tex 876-888 (lem:ring-compression-cell), u=u_3u_2u_1 is the displayed matrix and is invertible, for every ring; the old carrier holds only at UniversalPair.pairInverse; carrier RingCompressionCellGeneral, on the wire queue (partial until wired); gate Audit.Sec3. [cen
SAME-GRADE	audit-sec3	d1142160bf17	d1142160bf17	911	formalized	formalized	key	rows/audit-sec3.tsv cites no landed commit; its declarations are defined and compiled at origin	The element	rows/audit-sec3.tsv: audit-sec3: tex 899-903 (lem:ring-compression-cell), c=[e_41(e),e_14(t)]=diag(1,1,1,1+et), for every ring; the old carrier holds only at UniversalPair.pairInverse; carrier RingCompressionCellGeneral, on the wire queue (partial until wired); gate Audit.Sec3. [census merge 4c3d9dd
SAME-GRADE	audit-sec3	83ed5eb3b38c	83ed5eb3b38c	916	formalized	formalized	key	rows/audit-sec3.tsv cites no landed commit; its declarations are defined and compiled at origin	is computed in the block on coordinates $(1,4)$ using $te=0$, and a diagonal matrix of this shape commutes with every $\operatorname{diag}(A,1)$, so $c\in C_G(L	rows/audit-sec3.tsv: audit-sec3: tex 904-906 (lem:ring-compression-cell), c in C_G(L) along the printed route (L consists of diag(A,1), which commute with diag(1,1,1,1+et)), for every ring; the old carrier holds only at UniversalPair.pairInverse; carrier RingCompressionCellGeneral, on the wire queue
SAME-GRADE	audit-sec3	d47b613bb096	d47b613bb096	1869	structural	structural	key	rows/audit-sec3.tsv cites no landed commit; its declarations are defined and compiled at origin	The models are compressions of a quasi-regular representation of $G$ to a finite set of cosets indexed by a F\o lner set of $A$ and a finite quotient of a finit	rows/audit-sec3.tsv: audit-sec3: tex 1384, the models are compressions of a quasi-regular representation to a finite set of cosets; claim-making, the row named no declaration; gate Audit.Sec4. [census merge 4c3d9dd02]
SAME-GRADE+UNION2	audit-sec3,ms-traces-2	8e53d32e3fb8,8e53d32e3fb8	8e53d32e3fb8	1920	formalized	formalized	key	rows/audit-sec3.tsv cites no landed commit; its declarations are defined and compiled at origin	We now construct a group to which Theorem~\ref{thm:compression-criterion} applies through a finite central subgroup: its intrinsic defect subgroup contains a co	rows/audit-sec3.tsv: audit-sec3: tex 1435, the intrinsic defect subgroup contains a commutator whose square is a central involution; claim-making, the row named no declaration; gate Audit.Sec4. | rows/ms-traces-2.tsv: ms-traces-2: tex 1920-1923 "We now construct a group to which thm:compression-crit
SAME-GRADE	audit-sec3	60898a519f4f	60898a519f4f	1923	definition	definition	key	rows/audit-sec3.tsv cites no landed commit; its declarations are defined and compiled at origin	Let $\Gamma$ be a countable group with property~\textup{(T)}, let $\alpha\colon\Gamma\to\Gamma$ be injective but not surjective, and choose $a\in\Gamma\setminus	rows/audit-sec3.tsv: audit-sec3: tex 1438-1441, "Let Gamma be a countable group with property (T), let alpha be injective but not surjective, and choose a"; the row named no declaration; gate Audit.Sec4. [census merge 4c3d9dd02]
SAME-GRADE	audit-sec3	c180c0186454	c180c0186454	1926	definition	definition	key	rows/audit-sec3.tsv cites no landed commit; its declarations are defined and compiled at origin	Put	rows/audit-sec3.tsv: audit-sec3: tex 1441-1450, "Put T_alpha = lim(Gamma -> Gamma -> ...), V = T_alpha x| <t>"; the row named no declaration; gate Audit.Sec4. [census merge 4c3d9dd02]
SAME-GRADE	audit-sec3	bc2d73bb124a	bc2d73bb124a	2025	definition	definition	key	rows/audit-sec3.tsv cites no landed commit; its declarations are defined and compiled at origin	For $n\ge0$, write $\Gamma_n=t^{-n}\Gamma t^n$ for the image of the $n$th copy of $\Gamma$ in $T_\alpha$.	rows/audit-sec3.tsv: audit-sec3: tex 1540, "write Gamma_n = t^-n Gamma t^n for the image of the nth copy of Gamma in T_alpha"; the row named no declaration; gate Audit.Sec4. [census merge 4c3d9dd02]
SAME-GRADE	audit-sec3	e4ebdec3bbab	e4ebdec3bbab	2034	definition	definition	key	rows/audit-sec3.tsv cites no landed commit; its declarations are defined and compiled at origin	Let $Y$ be the union of the $\Gamma_n$-orbits of these finitely many $x$.	rows/audit-sec3.tsv: audit-sec3: tex 1548-1550, "Let Y be the union of the Gamma_n-orbits of these finitely many x"; the row named no declaration; gate Audit.Sec4. [census merge 4c3d9dd02]
SAME-GRADE	audit-sec3	3229365c29c6	3229365c29c6	2074	definition	definition	key		For a concrete instance, take	rows/audit-sec3.tsv: audit-sec3: tex 1589-1597, the display Gamma-bar = Z^3 x| SL_3(Z) = {[[A,v],[0,1]]} <= GL_4(Z); carrier AffineDoublingLiteralModel (b9772f360, wired); gate Audit.Sec4. [census merge 4c3d9dd02]
SAME-GRADE	audit-sec3	77028123cdd6	77028123cdd6	2083	formalized	formalized	key	rows/audit-sec3.tsv cites no landed commit; its declarations are defined and compiled at origin	It is residually finite, since reduction modulo a suitable integer separates any two distinct integral matrices, and it has property~\textup{(T)}~\cite[Example~	rows/audit-sec3.tsv: audit-sec3: tex 1598; the row named only residual finiteness; adds the clause "it has property (T) [BHV, Example 1.7.4(i)]", the closed gammaBar_hasKazhdanPropertyT; gate Audit.Sec4. [census merge 4c3d9dd02]
SAME-GRADE	audit-sec3	e947a3d4f4a1	e947a3d4f4a1	2088	definition	definition	key		Let	rows/audit-sec3.tsv: audit-sec3: tex 1603-1607, "Let D = diag(2,2,2,1), alpha(g) = DgD^-1"; the row named no declaration; carrier AffineDoublingLiteralModel (b9772f360, wired); gate Audit.Sec4. [census merge 4c3d9dd02]
SAME-GRADE	audit-sec3	80c65e0771e4	80c65e0771e4	2093	formalized	formalized	key		so that $\alpha(v,A)=(2v,A)$.	rows/audit-sec3.tsv: audit-sec3: tex 1608, "alpha(v,A) = (2v,A)"; drops CliffordConstructionSentences.manuscriptSentence_alphaDoublesTranslation, proved on the separate product of Monsters/AffineSL3Doubling, not on gammaBar and conjD; carrier AffineDoublingLiteralModel (b9772f360, wired); gate Audit
SAME-GRADE	audit-sec3	c48c7da870a2	c48c7da870a2	2093	formalized	formalized	key		This is injective, and its image consists of the affine matrices whose translation coordinates are all even, so $[\bar\Gamma:\alpha(\bar\Gamma)]=8$.	rows/audit-sec3.tsv: audit-sec3: tex 1608-1610, "injective, and its image consists of the affine matrices whose translation coordinates are all even, so [Gamma-bar : alpha(Gamma-bar)] = 8"; drops AmenableTraceSentencesB.manuscriptSentence_concreteInstanceDoubling, proved on the separate product of M
SAME-GRADE	audit-sec5	d29816e1de56	d29816e1de56	2190	formalized	formalized	key		The subgroup $\mathfrak D_Q(\varphi(\Gamma))$ is normal in $Q$, and the normal closure of $\varphi(S)$ is $\varphi(N)=Q$, so	rows/audit-sec5.tsv: audit-sec5: "D_Q(phi(Gamma)) is normal in Q, and the normal closure of phi(S) is phi(N)=Q, so D_Q(phi(Gamma))=Q", every clause. The middle clause (Subgroup.map_normalClosure along the lem:saturation surjection) is missing from manuscriptSentence_theoremDefectEqTop, which proves
SAME-GRADE+UNION4	audit-sec5,dgo-geometric,go-sr1,sec5-sentences	f2bf6328169e,LINE:1728,LINE:1728,LINE:1728	f2bf6328169e	2213	formalized	formalized	key; line 1728->2213 match 1.20>0.80; line 1728->2213 match 1.20>0.27; line 1728->2213 match 0.67>0.27		Dahmani, Guirardel, and Osin give simplicity and uniqueness of the trace~\cite[Theorem~2.35]{DGO}, and Gerasimova and Osin give density of the invertible elemen	rows/audit-sec5.tsv: audit-sec5: both citations of the sentence (DGO Theorem 2.35 simplicity and unique trace; Gerasimova-Osin Theorem 1.1 stable rank one) are closed endpoints applied at the printed hypotheses by manuscriptSentence_algebraSimpleUniqueTraceStableRank_closed (TorsionFreeAlgebraSenten
SAME-GRADE+UNION4	baseline-debt,ms-cite-1,ms-intro-1	LINE:99,b1b04e376fe7,b1b04e376fe7,b1b04e376fe7	b1b04e376fe7	99	formalized	formalized	only-candidate; key	rows/ms-intro-1.tsv cites no landed commit; its declarations are defined and compiled at origin	For countable $G$, the second condition may equivalently be required along the full sequence with a constant independent of $g$~\cite[Propositions~2 and~7]{Korc	rows/baseline-debt.tsv: Introduction, strong convergence convention of [GaoEtAl, Schafhauser]: not_isStronglyOperatorMF_of_not_isOperatorMF is the printed contrapositive (verified against the tex); the carrier now has an honest producer, a trivial group is strongly MF (one-point models, both sides e
SAME-GRADE+UNION2	baseline-debt,sec3-sentences	LINE:1008,LINE:1008	a4b5b1a0504a	1020	formalized	formalized	line 1008->1020 only-candidate; line 1008->1020 note-key		The non-MF conclusion passes up from corners: if a nonzero idempotent $p\in R$ is such that the ring $pRp$, with unit $p$, satisfies the hypothesis, then $A\map	rows/baseline-debt.tsv: remark after thm:full-defect-ring: the premise FullDefectPair (Corner R p hp) is the printed hypothesis of the sentence ("the ring pRp, with unit p, satisfies the hypothesis"), carried as printed; FullDefectPair now has an honest producer, L_k(1,d) with d>=2 (s=s_0, t=t_0, t_
SAME-GRADE+UNION2	baseline-debt,sec5-sentences	LINE:1711,LINE:1711	871771af6cba	2197	formalized	formalized	line 1711->2196 match 1.00>0.47; line 1711->2196 match 0.83>0.53		By the last assertion of Theorem~\ref{thm:compression-criterion}, every homomorphism from $Q$ to an MF group is trivial. If a quotient $\bar Q$ of $Q$ is MF, th	rows/baseline-debt.tsv: proof of thm:torsion-free (tex 1713-1716): every homomorphism from Q to an MF group is trivial, so an MF quotient Qbar of Q is trivial. manuscriptSentence_theoremQuotientTrivial is now the closed endpoint PrintedTheoremQuotientTrivial (Q, L with (T) and full defect, surjectio
SAME-GRADE+UNION4	baseline-debt,cite-osin,dgo-analytic,sec5-sentences	LINE:1728,LINE:1725,LINE:1728,LINE:1725	92115dd7edef	2210	formalized	formalized	line 1728->2213 match 0.80>0.63; line 1725->2210 only-candidate; line 1728->2213 note-key		The group $Q$ is countable, torsion-free, and acylindrically hyperbolic, so it contains a non-degenerate hyperbolically embedded subgroup~\cite[Theorem~1.2]{Osi	rows/baseline-debt.tsv: proof of cor:regular-nonmf-algebra (DGO Theorem 2.35 half): NaiveFreeProductProperty G now has an honest producer at countable acylindrically hyperbolic G with K(G)=1, from the closed naiveFreeProductAtAcylindricallyHyperbolic; composite gives Powers' averaging estimate there
REPLACE+UNION8	baseline-debt,cite-hull,ct-rank-two-limit,fff-periodic,hull-bridge,ms-torsionfree,nm-endpoints	LINE:1682,LINE:1675,LINE:1682,dab2f2bfe084,dab2f2bfe084,LINE:1680,dab2f2bfe084,dab2f2bfe084	dab2f2bfe084	2165	partial	partial	override LINE:1682->dab2f2bfe084 key; line 1675->2160 note-key; line 1682->2167 match 1.00>0.25; key; line 1680->2165 match 0.77>0.43		The group $G_0$ is obtained there as a common quotient of two finitely generated acylindrically hyperbolic groups by Hull's theorem~\cite[Corollary~7.4]{Hull},	rows/baseline-debt.tsv: tex 1682 cites Hull Corollary 7.4 (arXiv:1308.4345v2, §7), whose proof uses Hull Lemma 3.5 (§3, p. 12): {H_i} ↪h G and {K^i_j} ↪h H_i for each i imply {K^i_j} ↪h G. printedHullLemma35 : PrintedHullLemma35 at printed generality (all n, all m_i, every universe u); the witness i
SAME-GRADE	chain-core	549aa93e832f	549aa93e832f	1457	formalized	formalized	key		They avoid $Y$: for any compressed clopen $P$, set $p=1_P$, $d=1_{P\setminus T(P)}$ and calculate	rows/chain-core.tsv: chain-core: tex 1457 (proof of lem:chain-core-models), "They avoid $Y$: for any compressed clopen $P$, set $p=1_P$, $d=1_{P\setminus T(P)}$ and calculate" eq:clopen-defect-pair. For every compressed clopen P with R_Y directly finite: ts=1, st=1-d, and (P \ T(P)) ∩ Y = ∅, along t
SAME-GRADE	chain-core	bba38420cf8b	bba38420cf8b	1462	formalized	formalized	key		Restriction to the directly finite ring $R_Y$ forces $d|_Y=0$.	rows/chain-core.tsv: chain-core: tex 1462 (proof of lem:chain-core-models), "Restriction to the directly finite ring $R_Y$ forces $d|_Y=0$." The restriction restrict T k hY : R_X →+* R_Y sends d to 0 when R_Y is directly finite, and P \ T(P) misses Y. Wider generality than printed: any space X, any
SAME-GRADE	chain-core	753b90beed12	753b90beed12	1342	structural	structural	key		We give such a computation for algebraic crossed products arising from zero-dimensional dynamics.	rows/chain-core.tsv: chain-core: tex 1342 (sec:chain-core preamble), "We give such a computation for algebraic crossed products arising from zero-dimensional dynamics."; announces the section and asserts nothing. The crossed product R_X is ClopenCrossedProduct T k (LANDED 0c76b1c47); the computation
SAME-GRADE	chain-itinerary	3d8a2204752a	3d8a2204752a	1428	formalized	formalized	key		For general $X$, choose refining finite clopen partitions $\mathcal P_m$ with mesh tending to zero.	rows/chain-itinerary.tsv: chain-itinerary: tex lines 1428–1429 "For general $X$, choose refining finite clopen partitions $\mathcal P_m$ with mesh tending to zero." Carried on a compact totally disconnected metric space: an antitone sequence of discrete quotients (finite clopen partitions, each refi
SAME-GRADE	chain-reflection	d74779471003	d74779471003	1532	formalized	formalized	key		The corner $eAe$ is directly finite: extend a one-sided inverse pair by $1-e$ in $A$.	rows/chain-reflection.tsv: chain-reflection: tex 1532-1533 (proof of thm:core-ring-reflection), "The corner eAe is directly finite: extend a one-sided inverse pair by 1-e in A"; any ring A and idempotent e, the extension a -> 1-e+a is MFQuotientUnits.oneSubAddCornerHom. LANDED e383572ae (probe GREEN
SAME-GRADE	chain-reflection	5a62e295ac1a	5a62e295ac1a	1531	definition	definition	key		For amplification, let $\varphi\colon M_m(R_X)\to A$ be unital with $A$ directly finite, and put $e=\varphi(E_{11})$.	rows/chain-reflection.tsv: chain-reflection: tex 1531-1532, "For amplification, let phi: M_m(R_X) -> A be unital with A directly finite, and put e=phi(E_11)"; generic coefficient ring and index i; the R_X instance comes with the printed assembly (pending). LANDED e383572ae (probe GREEN 0913-154317-3
SAME-GRADE	chain-subshift	9ea50b0ff631	9ea50b0ff631	1402	definition	definition	key		Retain only the cyclic edges at level $r$, and let $Z_r$ be the subshift read from bi-infinite paths in this graph.	rows/chain-subshift.tsv: chain-subshift: tex 1402 (proof of lem:chain-core-models), "Retain only the cyclic edges at level $r$, and let $Z_r$ be the subshift read from bi-infinite paths in this graph." retainedSubshift X r is the set of points all of whose words of length r + 1 are cyclic edges of t
SAME-GRADE	chain-subshift	b39310f67614	b39310f67614	1408	definition	definition	key		Put $Y_0=\bigcap_r Z_r$.	rows/chain-subshift.tsv: chain-subshift: tex 1402 (proof of lem:chain-core-models), "Put $Y_0=\bigcap_r Z_r$." coreSubshift X := ⋂ r, retainedSubshift X r; closed and shift-invariant. LANDED dbb102249 [census merge 4c3d9dd02]
SAME-GRADE	chain-subshift	758517bf8d56	758517bf8d56	1410	formalized	formalized	key		At each fixed length the decreasing finite languages of $Z_r$ stabilize to the language of $Y_0$.	rows/chain-subshift.tsv: chain-subshift: tex 1402 (proof of lem:chain-core-models), "At each fixed length the decreasing finite languages of $Z_r$ stabilize to the language of $Y_0$." exists_language_retainedSubshift_eq: for each n there is R with language (Z_r) n = language Y_0 n for all r ≥ R (fin
SAME-GRADE	chain-subshift	ffa61d258258	ffa61d258258	1412	formalized	formalized	key		It is precisely the set of points all of whose finite words give cyclic edges in the word graphs of $X$.	rows/chain-subshift.tsv: chain-subshift: tex 1402 (proof of lem:chain-core-models), "It is precisely the set of points all of whose finite words give cyclic edges in the word graphs of $X$." mem_coreSubshift_iff: x ∈ Y_0 ↔ ∀ r i, IsCyclicEdge X r (word x i (r + 1)). LANDED dbb102249 [census merge 4c
SAME-GRADE	chain-subshift	d8f8d764406c	d8f8d764406c	1422	formalized	formalized	key		A noncyclic edge $a\to b$ gives a forward-closed set of vertices: those reachable from $b$, which excludes $a$.	rows/chain-subshift.tsv: chain-subshift: tex 1422 (proof of lem:chain-core-models), "A noncyclic edge $a\to b$ gives a forward-closed set of vertices: those reachable from $b$, which excludes $a$." The vertices reachable from b are {u | ReflTransGen (wordEdge X r) b u}, forward-closed by ReflTransGe
SAME-GRADE	chain-subshift	9c49a2efb0ca	9c49a2efb0ca	1423	formalized	formalized	key		Its cylinder union $P$ satisfies $T(P)\subseteq P$.	rows/chain-subshift.tsv: chain-subshift: tex 1422 (proof of lem:chain-core-models), "Its cylinder union $P$ satisfies $T(P)\subseteq P$." P is X intersected with the clopen cylinder union of the vertices reachable from b, and shift 1 maps P into P. LANDED dbb102249 [census merge 4c3d9dd02]
SAME-GRADE	chain-subshift	854ec7cb0423	854ec7cb0423	1424	formalized	formalized	key		If $x$ starts with that edge, then $Tx\in P\setminus T(P)$.	rows/chain-subshift.tsv: chain-subshift: tex 1422 (proof of lem:chain-core-models), "If $x$ starts with that edge, then $Tx\in P\setminus T(P)$." shift_mem_diff_of_not_isCyclicEdge: if word x 0 (r + 1) = w with w noncyclic, then shift 1 x ∈ P \ shift 1 '' P for P the cylinder union of the vertices r
SAME-GRADE	chain-subshift	048953d87f92	048953d87f92	1415	formalized	formalized	key		Closed approximate orbits at a prescribed window scale give closed walks through the corresponding word.	rows/chain-subshift.tsv: chain-subshift: tex 1415 (proof of lem:chain-core-models), "Closed approximate orbits at a prescribed window scale give closed walks through the corresponding word." For T = shift 1 on X and the entourage windowRel X N of pairs agreeing on [-N, N], reflTransGen_word_of_trans
SAME-GRADE	chain-subshift	ae9c3d8b9922	ae9c3d8b9922	1416	formalized	formalized	key		Conversely, a cycle through a sufficiently long word centered at $x$ gives a closed approximate orbit at $x$: realize successive edges by points of $X$, using $	rows/chain-subshift.tsv: chain-subshift: tex 1415 (proof of lem:chain-core-models), "Conversely, a cycle through a sufficiently long word centered at $x$ gives a closed approximate orbit at $x$: realize successive edges by points of $X$, using $x$ at the initial and final positions." transGen_of_ref
SAME-GRADE	chain-subshift	4fc54b29a740	4fc54b29a740	1419	formalized	formalized	key		Overlap of the words gives the required accuracy.	rows/chain-subshift.tsv: chain-subshift: tex 1415 (proof of lem:chain-core-models), "Overlap of the words gives the required accuracy." chainStep_windowRel_iff: a step from a to b is accurate on [-N, N] iff a (1 + i) = b i for |i| ≤ N, which in transGen_of_reflTransGen is the overlap of consecutive
SAME-GRADE	chain-subshift	a08f25fce44c	a08f25fce44c	1420	formalized	formalized	key		Hence $Y_0=\operatorname{CR}(T)$.	rows/chain-subshift.tsv: chain-subshift: tex 1415 (proof of lem:chain-core-models), "Hence $Y_0=\operatorname{CR}(T)$." coreSubshift_eq_chainRecurrentSet: for closed shift-invariant X over an alphabet with the discrete uniformity, Y_0 is the image in ℤ → A of the chain-recurrent set of T = shift 1 o
SAME-GRADE	cite-cstar	ad33e493e32f	ad33e493e32f	115	formalized	formalized	key		A separable $C^*$-algebra is MF if it embeds in a norm matrix corona~\cite{BK}.	rows/cite-cstar.tsv: L115-116 "A separable C*-algebra is MF if it embeds in a norm matrix corona [BK]"; the printed corona Q_d allows arbitrary positive d_n while HasMFEmbedding adds StrictMono, so the row also names the literal arbitrary-size statement (CurrentManuscriptDefinitionRepairs.lean:153,
SAME-GRADE	cite-cstar	abfcbcb3af2b	abfcbcb3af2b	327	formalized	formalized	key		The MF problem itself was answered negatively in 2020: the failure of the Connes embedding problem~\cite{MIPRE} yields a $\mathrm{II}_1$ factor that embeds in n	rows/cite-cstar.tsv: L316-320 MIPRE + GoldbringHart Prop 6.1/Rem 6.2; conclusion proved via thm:headline; the printed MIP*=RE/GH route is credit, not consumed; no literature input (lead ruling 09-12, supersedes the partial grade landed in 5c11c771e); report LANDED 92b39e073 [census merge 4c3d9dd02]
SAME-GRADE+UNION2	cite-ejz,sec3-sentences	LINE:939,LINE:939	0939d33e1ff4	951	formalized	formalized	line 939->951 starts-at-line; line 939->951 note-key		The ring $\mathcal C$ is nonzero, since it maps onto $L_{\F_2}(1,2)$, and finitely generated, so both groups have property~\textup{(T)} by~\cite[Theorem~1.1]{EJ	rows/cite-ejz.tsv: thm:full-defect-ring proof at the printed L: C nonzero via the surjection onto L_F2(1,2), f.g., G = EL4(C) and L = core on coordinates 1,2,3 both (T) by the in-repo EJZ Thm 1.1, EL4(C) f.g. from (T). LANDED e8057db8a, PROBE GREEN 0912-105047-81911 | rows/sec3-sentences.tsv: thm:fu
SAME-GRADE+UNION3	cite-ejz,jacobson	LINE:1155,LINE:1155,3009704fef89	3009704fef89	1169	formalized	formalized	line 1155->1169 match 1.20>0.23; line 1155->1169 match 1.20>0.37; key		Three coordinates carry property~\textup{(T)}~\cite[Theorem~1.1]{EJZ}, and the fourth makes the compression by $s$ invertible.	rows/cite-ejz.tsv: remark after prop:torsion-defect-ring at the printed J = jacobsonAlgebra. The whole sentence is jacobson's closed, root-imported manuscriptSentence_threePlusOneGeneral over PrintedThreePlusOneGeneral (JacobsonThreePlusOnePresented.lean:47, :58, #audit_closed_axioms at :98). The EJ
SAME-GRADE+UNION3	cite-hull,ms-torsionfree	LINE:1629,LINE:1629,a9dd4b90e479	a9dd4b90e479	2114	formalized	formalized	line 1629->2114 note-key; key		For an acylindrically hyperbolic group $G$, choose the generating set $A$ provided by Hull~\cite[Theorem~3.12]{Hull}.	rows/cite-hull.tsv: "For an acylindrically hyperbolic group G, choose the generating set A provided by Hull [Theorem 3.12]" (row a9dd4b90e479): closed endpoint (#audit_closed_axioms) at the limit-set notion. The former hhard input is GGT.OsinClassification.isAcylindricallyHyperbolicOsin_of_limitSet,
SAME-GRADE+UNION3	cite-hull,cite-osin,sec5-sentences	LINE:1659,LINE:1659,LINE:1659	c650b0a20b89	2144	formalized	formalized	line 1659->2144 only-candidate; line 1659->2144 note-key		The subgroup $N$ is normal, and it is infinite because $G$ is torsion-free and $N\ne1$, so it acts non-elementarily on $\operatorname{Cay}(G,A)$ by Osin~\cite[L	rows/cite-hull.tsv: "By Hull [Corollary 5.7 and Lemma 5.8], N contains two elements h1,h2 such that N0=<h1,h2> is suitable with respect to a generating set A' containing A to which Hull's small cancellation theorem again applies" (row 2d1cd22e5f49): closed endpoint over torsion-free G with A'=A. A'
REPLACE+UNION6	cite-hull,ct-rank-two-limit,fff-periodic,hull-bridge,sec5-sentences	LINE:1659,2d1cd22e5f49,2d1cd22e5f49,LINE:1662,LINE:1662,LINE:1662	2d1cd22e5f49	2147	partial	partial	line 1659->2144 note-key; key; line 1662->2147 starts-at-line; line 1662->2147 match 1.20>0.37; line 1662->2147 match 0.60>0.37		By Hull~\cite[Corollary~5.7 and Lemma~5.8]{Hull}, $N$ contains two elements $h_1,h_2$ such that $N_0=\langle h_1,h_2\rangle$ is suitable with respect to a gener	rows/cite-hull.tsv: "By Hull [Corollary 5.7 and Lemma 5.8], N contains two elements h1,h2 such that N0=<h1,h2> is suitable with respect to a generating set A' containing A to which Hull's small cancellation theorem again applies" (row 2d1cd22e5f49): both cited results are now closed as printed. Clos
SAME-GRADE	ct-bilateral-cell	LINE:1550	331807e9e898	1550	partial	partial	match 1.20>1.00		Take a clopen $P$ with $T(P)\subseteq P$ and nonempty $D=P\setminus T(P)$.	rows/ct-bilateral-cell.tsv: ct-bilateral-cell: tex 1550-1552 (proof of prop:bilateral-three), "Take a clopen P with T(P) in P and nonempty D=P minus T(P). Put p=1_P, d=1_D, and f_ab=u^a d u^-b": the cell of a compressed clopen in R_X, d = 1_{P minus T(P)}, nonzero for nonempty D. LANDED 5d90422ea; c
SAME-GRADE	ct-bilateral-cell	LINE:1552	30e2f83b735e	1552	partial	partial	match 1.20>0.34		Wandering gives $f_{ab}f_{ce}=\delta_{bc}f_{ae}$.	rows/ct-bilateral-cell.tsv: ct-bilateral-cell: tex 1552-1553, "Wandering gives f_ab f_ce = delta_bc f_ae", for every cell of every ring. LANDED 923231b3c/5d90422ea; closed, pending root wiring. [census merge 4c3d9dd02]
SAME-GRADE	ct-bilateral-cell	LINE:1553	8a69e48d6382	1553	partial	partial	match 1.20>0.67		Negative levels lie outside $P$.	rows/ct-bilateral-cell.tsv: ct-bilateral-cell: tex 1553, "Negative levels lie outside P": p f_ab = 0 for a<0 and f_ab p = 0 for b<0. LANDED 923231b3c/5d90422ea; closed, pending root wiring. [census merge 4c3d9dd02]
SAME-GRADE	ct-bilateral-cell	LINE:1554	7753d17ede98	1554	partial	partial	match 1.20>0.30		The unital subalgebra $S\subseteq pR_Xp$ generated by $s=up$, $t=pu^{-1}$ and $kp$ satisfies $ts=p$, $st=p-d$.	rows/ct-bilateral-cell.tsv: ct-bilateral-cell: tex 1554-1555, "The unital subalgebra S in pR_Xp generated by s=up, t=pu^-1 and kp satisfies ts=p, st=p-d": S = cellRing (the subring of the corner ring generated by s, t and p(a.1)p, a in k), identities closed. LANDED 5d90422ea/41d8c3b03; pending root
SAME-GRADE+UNION2	ct-bilateral-cell,ct-bilateral-mf	LINE:1556,LINE:1556	ca8edac58ba3	1556	partial	partial	match 1.03>0.33; starts-at-line		It is finitely generated, so $L=\EL_3(S)$ has property~\textup{(T)}~\cite[Theorem~1.1]{EJZ}.	rows/ct-bilateral-cell.tsv: ct-bilateral-cell: tex 1556-1557, "It is finitely generated, so L=EL_3(S) has property (T)": S finitely generated (closed); (T) of the embedded copy via the repository's Ershov--Jaikin-Zapirain theorem (ct-bilateral-mf's transport), used in the closed bilateralThreeCellSt
SAME-GRADE	ct-bilateral-cell	LINE:1557	9a398d134788	1557	partial	partial	match 1.20>0.35		Embed it in $\GL_3(R_X)$ by adjoining identity on $1-p$.	rows/ct-bilateral-cell.tsv: ct-bilateral-cell: tex 1557-1558, "Embed it in GL_3(R_X) by adjoining identity on 1-p": g -> diag(1-p) + g, injective, image the root subgroup over S. LANDED 41d8c3b03; pending root wiring. [census merge 4c3d9dd02]
SAME-GRADE	ct-bilateral-cell	LINE:1560	732be542bd63	1560	partial	partial	only-candidate		Let $r$ cycle the three negative levels $-1\mapsto-2\mapsto-3\mapsto-1$:	rows/ct-bilateral-cell.tsv: ct-bilateral-cell: tex 1560-1564, "Let r cycle the three negative levels -1 -> -2 -> -3 -> -1: r = ..., W = diag(u,u,u) diag(1,1,r)": r, its inverse cycle, the unit, and the diagonal unit W. LANDED 5d90422ea; pending root wiring. [census merge 4c3d9dd02]
SAME-GRADE	ct-bilateral-cell	LINE:1566	f60fa6d3b787	1566	partial	partial	match 1.20>0.36		The correction $r$ acts outside $P$ and centralizes $L$.	rows/ct-bilateral-cell.tsv: ct-bilateral-cell: tex 1566, "The correction r acts outside P and centralizes L": r a = a = a r on the corner pRp, so W acts on corner roots by u. LANDED 5d90422ea; pending root wiring. [census merge 4c3d9dd02]
SAME-GRADE	ct-bilateral-cell	LINE:1566	4a343ef108b1	1566	partial	partial	match 1.20>0.42		Thus $W$ conjugates $L$ into $L$, sending a root coefficient $a\in S$ to $uau^{-1}=sat$.	rows/ct-bilateral-cell.tsv: ct-bilateral-cell: tex 1566-1568, "Thus W conjugates L into L, sending a root coefficient a in S to uau^-1=sat". LANDED 5d90422ea/41d8c3b03; pending root wiring. [census merge 4c3d9dd02]
SAME-GRADE	ct-bilateral-cell	LINE:1568	0fa967251251	1568	partial	partial	match 1.20>0.33		On its third coordinate $W$ fixes the negative levels $-1$ and $-2$ individually.	rows/ct-bilateral-cell.tsv: ct-bilateral-cell: tex 1568-1569, "On its third coordinate W fixes the negative levels -1 and -2 individually", in the form used: (ur) f_{-1,-2} = f_{-1,-2} (ur). LANDED 5d90422ea; pending root wiring. [census merge 4c3d9dd02]
SAME-GRADE	ct-bilateral-cell	LINE:1572	4a0223a24da4	1569	partial	partial	only-candidate		Put	rows/ct-bilateral-cell.tsv: ct-bilateral-cell: tex 1571-1575, "Put c=e13(f_{-1,-2}), l=e21(p), y=e32(f_{-1,0}), z=1+E33 f_{-1,-2}, B=<L,W,c,y>". LANDED 5d90422ea; pending root wiring, re-grade to definition after wiring. [census merge 4c3d9dd02]
SAME-GRADE	ct-bilateral-cell	LINE:1577	4f649a2dcbfa	1577	partial	partial	only-candidate		Then $c\in C_B(L)$ and	rows/ct-bilateral-cell.tsv: ct-bilateral-cell: tex 1577-1582, "Then c in C_B(L) and WcW^-1=e13(f_{0,-2}), delta=[WcW^-1,l]=e23(-f_{0,-2}), [y,delta]=z^-1", with Mathlib's commutator g h g^-1 h^-1 (every printed sign holds). LANDED 5d90422ea; pending root wiring. [census merge 4c3d9dd02]
SAME-GRADE	ct-bilateral-cell	LINE:1583	15fba9954989	1583	partial	partial	match 1.20>0.53		It commutes with $L$, since both its supports lie outside $P$; with $W$, since its two levels are fixed; and with $c,y$, by the matrix-unit products.	rows/ct-bilateral-cell.tsv: ct-bilateral-cell: tex 1583-1585, "It commutes with L, since both its supports lie outside P; with W, since its two levels are fixed; and with c,y, by the matrix-unit products". LANDED 5d90422ea; pending root wiring. [census merge 4c3d9dd02]
SAME-GRADE+UNION2	ct-bilateral-cell,ct-bilateral-mf	LINE:1589,LINE:1589	10fe7a237145	1589	partial	partial	match 1.20>0.20; match 1.20>0.21		The identities	rows/ct-bilateral-cell.tsv: ct-bilateral-cell: tex 1589-1594, "The identities [z,e31(f_{-2,0})]=e31(f_{-1,0}), [e23(f_{0,-1}),e31(f_{-1,0})]=e21(d) then kill the defect root": both identities closed (closed endpoint printedBilateralThreeCellIdentities); the kill is ct-bilateral-mf's root_killed_of_f
SAME-GRADE	ct-bilateral-mf	LINE:1583	cd7908a482b5	1583	partial	partial	match 1.20>0.43		Hence $z\in\mathfrak D_B(L)$.	rows/ct-bilateral-mf.tsv: ct-bilateral-mf: tex 1583, "Hence z in D_B(L)." proved inside killed_of_finite_central_defect from [y,[WcW^-1,l]] = z^-1 (printedDefect_generator_mem); the relations are the open piece BilateralThreeCellStatement. LANDED dfc4d5221 [census merge 4c3d9dd02]
SAME-GRADE+UNION2	ct-bilateral-mf,ms-inverses-4	LINE:1583,e94a87793eb1	e94a87793eb1	1585	partial	partial	match 1.00>0.73; key		So $\langle z\rangle$ is a nontrivial finite central subgroup of $B$, of order $\operatorname{char}(k)$.	rows/ct-bilateral-mf.tsv: ct-bilateral-mf: tex 1583-1587, "It commutes with L ... So <z> is a nontrivial finite central subgroup of B, of order char(k)." central and finite in B; nontriviality and the order char(k) are not needed by the kill and not carried; relations from the open cell piece. LANDE
SAME-GRADE	ct-bilateral-mf	LINE:1587	3550126258fb	1587	partial	partial	match 1.20>0.50		Theorem~\ref{thm:compression-criterion} kills $z$ under every MF homomorphism from $B$, hence from $\GL_3(R_X)$.	rows/ct-bilateral-mf.tsv: ct-bilateral-mf: tex 1587-1588, "Theorem thm:compression-criterion kills z under every MF homomorphism from B, hence from GL_3(R_X)." via manuscriptOneSidedCompressionCriterion inside the countable B; over the open cell piece. LANDED dfc4d5221 [census merge 4c3d9dd02]
SAME-GRADE	ct-bilateral-mf	LINE:1541	1baaaaa0fb29	1543	formalized	formalized	statement-env		For every finite field $k$ and $n\ge3$, the group $\GL_n(R_X)$ is MF if and only if it is LEF, if and only if $R_X$ is directly finite.	rows/ct-bilateral-mf.tsv: ct-bilateral-mf: tex 1541-1602, prop:bilateral-three as printed, over the single named Prop DynamicRankBudget.CoreModelsLEFStatement (R_Y LEF, lem:chain-core-models); cell, countability, defect span closed; DF => LEF and nonzero defect proved over it (clopenCrossedProductDi
SAME-GRADE	ct-bilateral-mf	LINE:1541	69ef136d809a	1545	formalized	formalized	statement-env		Every homomorphism from $\GL_n(R_X)$ to an MF group kills $\EL_n(R_X,I)$.	rows/ct-bilateral-mf.tsv: ct-bilateral-mf: tex 1541-1602, prop:bilateral-three as printed, over the single named Prop DynamicRankBudget.CoreModelsLEFStatement (R_Y LEF, lem:chain-core-models); cell, countability, defect span closed; DF => LEF and nonzero defect proved over it (clopenCrossedProductDi
SAME-GRADE+UNION2	ct-bilateral-mf,ms-core-4	LINE:1594,7f55f9a11e5a	7f55f9a11e5a	1594	formalized	formalized	match 1.20>1.00; key		Normal root commutators and root addition kill all roots in the ideal generated by $d$.	rows/ct-bilateral-mf.tsv: ct-bilateral-mf: tex 1594-1596, "Normal root commutators and root addition kill all roots in the ideal generated by d. Extending by identity gives the same conclusion in rank n>=3." closed, over the preceding kill as an ordinary hypothesis. LANDED 816a6b699 [census override
SAME-GRADE	ct-bilateral-mf	LINE:1598	0f83142a750a	1598	formalized	formalized	match 1.20>0.57		The defects generate $I$ by Lemma~\ref{lem:transient-matrices}, proving the last assertion.	rows/ct-bilateral-mf.tsv: [census override SUPERSEDE: this lane's rows at LINE:1598 are replaced by GroupApproximation.ChainCore.ChainCoreClosures.printedBilateralThree_closed GroupApproximation.ChainCore.ChainCoreSweep.printedBilateralThreeRootAddition_closed GroupApproximation.ChainCore.ChainCoreS
SAME-GRADE+UNION2	ct-bilateral-mf,ms-core-4	LINE:1599,2016c672dd6a	2016c672dd6a	1599	formalized	formalized	match 1.20>0.33; key		If $R_X$ is not directly finite, some defect is nonzero, so $\GL_n(R_X)$ is not MF\@.	rows/ct-bilateral-mf.tsv: [census override SUPERSEDE: this lane's rows at LINE:1599 are replaced by GroupApproximation.ChainCore.ChainCoreClosures.printedBilateralThree_closed GroupApproximation.ChainCore.ChainCoreSweep.printedBilateralThreeRootAddition_closed GroupApproximation.ChainCore.ChainCoreS
SAME-GRADE	ct-bilateral-mf	LINE:1600	d812630a48ab	1600	formalized	formalized	match 1.20>0.57		Otherwise Theorem~\ref{thm:core-ring-reflection} makes $R_X$, and hence its general linear groups, LEF.	rows/ct-bilateral-mf.tsv: [census override SUPERSEDE: this lane's rows at LINE:1600 are replaced by GroupApproximation.ChainCore.ChainCoreClosures.printedBilateralThree_closed GroupApproximation.ChainCore.ChainCoreSweep.printedBilateralThreeRootAddition_closed GroupApproximation.ChainCore.ChainCoreS
SAME-GRADE+UNION2	ct-bilateral-mf,ct-rank-budget	LINE:1760,LINE:1760	01623e90c350	1760	formalized	formalized	only-candidate		For other finite fields, if $R_X$ is not directly finite then neither is $P_C$: otherwise Theorem~\ref{thm:core-ring-reflection} would make $P_C$ stably finite,	rows/ct-bilateral-mf.tsv: ct-bilateral-mf: tex 1760-1766, rank-budget transfer piece over CoreModelsLEFStatement alone. LANDED 511dec7d2 Regraded formalized by ct-rank-budget on the lead's order (09-13): R_Y LEF is closed (GroupApproximation.ChainCore.coreModelsLEFStatement, ms-core-2 b7e521e57); cl
SAME-GRADE+UNION2	ct-bilateral-mf,ct-return-tower	LINE:1732,LINE:1732	60708f733247	1732	partial	partial	match 1.20>0.33; match 1.20>0.28		Thus $R_X$ is a unital corner of $M_{2r-1}(P_C)$, via $x\mapsto(b_i x a_j)_{ij}$.	rows/ct-bilateral-mf.tsv: ct-bilateral-mf: tex 1732-1733, "Thus R_X is a unital corner of M_{2r-1}(P_C), via x -> (b_i x a_j)_{ij}": the injective non-unital map into M_{2r-1}(A) transported along an identification theta : A = P_C; the identification P_C = LC(C,k) x_{S_C} Z is ReturnRingCrossedProdu
SAME-GRADE+UNION2	ct-bilateral-mf,ct-return-tower	LINE:1739,LINE:1739	9e22ceae062f	1739	partial	partial	match 1.20>0.43; match 1.20>0.42		Unitization embeds $\GL_{nr}(P_C)$ into $\GL_n(R_X)$.	rows/ct-bilateral-mf.tsv: ct-bilateral-mf: tex 1739, "Unitization embeds GL_{nr}(P_C) into GL_n(R_X)." GL_{n r}(A) -> GL_n(R) and GL_r(A) -> R^x (n = 1) injective, over the identification theta. LANDED 552e18164 | rows/ct-return-tower.tsv: "Unitization embeds GL_{nr}(P_C) into GL_n(R_X)": g ↦ (1 - Φ
SAME-GRADE+UNION2	ct-bilateral-mf,ct-return-tower	LINE:1740,LINE:1740	f1769ba5e51c	1740	partial	partial	match 1.20>0.45		For $n\ge2$, block elementary flattening puts the image of $\EL_{nr}(P_C)$ inside $\EL_n(R_X)$.	rows/ct-bilateral-mf.tsv: ct-bilateral-mf: tex 1740-1741, "For n>=2, block elementary flattening puts the image of EL_{nr}(P_C) inside EL_n(R_X)." injective EL_{n r}(A) -> EL_n(R), over the identification theta. LANDED 552e18164 | rows/ct-return-tower.tsv: "For n ≥ 2, block elementary flattening put
REPLACE+UNION3	ct-bilateral-mf,ms-inverses-3,ms-units	LINE:1476,f0c16e5c8519,f0c16e5c8519	f0c16e5c8519	1476	partial	formalized	only-candidate; key		The ideal $I$ is locally matricial and is generated by the indicators $1_{P\setminus T(P)}$ of the defects in Lemma~\ref{lem:chain-core-models}.	rows/ct-bilateral-mf.tsv: ct-bilateral-mf: tex 1476-1478 over F_2, "The ideal I ... is generated by the indicators 1_{P-T(P)} of the defects": closed CoreMFRadicalGLKill.CoreTransientIdealLeDefectIdealStatement (I <= <defects>) from ms-core-4 defectIdeal_eq_transientIdeal_chainRecurrentSet; #audit_c
SAME-GRADE	ct-involution	a3bd73fe42e9	a3bd73fe42e9	1660	definition	definition	key		Write $K_n(I)$ for the general linear restriction kernel, also when $n=1$, and use the same notation for corner ideals with their own identity.	rows/ct-involution.tsv: ct-involution: tex 1660-1661, K_n(I) is the kernel of coreRestrictMatrixUnits T k n (definitionally ChainCore.DynamicRankBudget.glCoreKernel; n = 1 is unitCoreKernel there); corner ideals use the same notation. LANDED 8b453b096, wire-queued. [census merge 4c3d9dd02]
SAME-GRADE	ct-involution	9eb0c9e85459	9eb0c9e85459	1664	definition	definition	key		Let $C$ be a full clopen section with bounded positive return times, put $p_C=1_C$ and $J=p_CIp_C$.	rows/ct-involution.tsv: ct-involution: tex 1664, full clopen section with bounded positive return times spelled IsClopen C, every orbit meets C, and every point of C returns within H positive steps; p_C = coeff (charFn C) and J = p_C I p_C as p_C a p_C with a in coreTransientIdeal. LANDED 8b453b096.
SAME-GRADE	ct-involution	d04eb3acd5c8	d04eb3acd5c8	1665	formalized	formalized	key		Over any finite field, for every finite $F\subset I$ there is $w\in R_X^\times$ with $w-1\in I$, $w^2=1$, and $wFw^{-1}\subset J$.	rows/ct-involution.tsv: ct-involution: lem:involution-localization finite-field clause as printed, closed endpoint with #audit_closed_axioms, along the printed proof. LANDED 0011a8b3a, wire-queued. [census merge 4c3d9dd02]
SAME-GRADE	ct-involution	b13eccd8f0ec	b13eccd8f0ec	1667	formalized	formalized	key		Over $\F_2$, every finite subset of $K_n(I)$ is simultaneously conjugate into the unitized $K_n(J)$ by $wI_n$; for $n\ge2$ this involution lies in $\EL_n(R_X)$.	rows/ct-involution.tsv: ct-involution: tex 1667-1669, the F2 clause as printed (InvolutionLocalizationMatrixClause), carried by the closed endpoint printedInvolutionLocalization_closed (#audit_closed_axioms, LANDED 49663bacb, wire-queued) along the printed proof: involutionLocalizationMatrixClause_o
SAME-GRADE	ct-involution	c869a1161522	c869a1161522	1673	formalized	formalized	key		Let $K\subset X\setminus Y$ contain the sources and ranges of a finite partial-shift description of $F$, and cover $K$ by $m$ wandering clopen sets.	rows/ct-involution.tsv: ct-involution: tex 1673-1674, a clopen K off Y containing the coefficient supports and their translates (1_K x = x = x 1_K for x in F), covered by m wandering clopen sets from the defect cover. LANDED 8b453b096, 0011a8b3a. [census merge 4c3d9dd02]
SAME-GRADE	ct-involution	7bfb9f44e634	7bfb9f44e634	1675	formalized	formalized	key		Each orbit meets $K$ at most $m$ times.	rows/ct-involution.tsv: ct-involution: tex 1674, an orbit meets K at at most m times, counted at the level of times. LANDED bc6aa7b90. [census merge 4c3d9dd02]
SAME-GRADE	ct-involution	a434801aeca5	a434801aeca5	1676	formalized	formalized	key		If $H$ bounds the return gaps, add arrows from every point of $K$ to its first $2m$ strictly future returns to $C$.	rows/ct-involution.tsv: ct-involution: tex 1675-1676, a uniform return bound gives at least r returns to C at times in [1, rH]; r = 2m gives the first 2m returns. LANDED 8b453b096, bc6aa7b90. [census merge 4c3d9dd02]
SAME-GRADE	ct-involution	ad9e7459d990	ad9e7459d990	1677	formalized	formalized	key		Their displacements are bounded by $2mH$ and have finitely many clopen domains.	rows/ct-involution.tsv: ct-involution: tex 1677-1678, displacements 0 < h <= 2mH (IsPlacement.bounds) on clopen domains A j h (IsPlacement.isClopen), finitely many. LANDED bc6aa7b90. [census merge 4c3d9dd02]
SAME-GRADE	ct-involution	07ab0fbe6cfc	07ab0fbe6cfc	1678	partial	partial	key		Apply the finite matrix-block construction of Lemma~\ref{lem:transient-matrices}, refining also by $K$ and $C$.	rows/ct-involution.tsv: ct-involution: tex 1678-1680, the printed proof refines the matrix-block construction of lem:transient-matrices by K and C; Lean uses the piecewise placement over the wandering cover instead (construction-order note in ReturnPlacement). Different route. LANDED bc6aa7b90. [cen
SAME-GRADE	ct-involution	3468c60b2946	3468c60b2946	1681	partial	partial	key		Each generated class contains an original point and its $2m$ distinct return points.	rows/ct-involution.tsv: ct-involution: tex 1681-1682, the 2m distinct return times of each point are card_returns_ge; generated classes are not formed on this route (see 07ab0fbe6cfc). LANDED bc6aa7b90. [census merge 4c3d9dd02]
SAME-GRADE	ct-involution	05241abb9a90	05241abb9a90	1682	formalized	formalized	key		At least $m$ of the latter lie in $C\setminus K$, enough to match every original coordinate to a fresh section coordinate.	rows/ct-involution.tsv: ct-involution: tex 1682-1683, at most m returns lie in K and at most m - 1 in fresh coordinates already used, so every original coordinate receives a fresh coordinate in C minus K. LANDED bc6aa7b90. [census merge 4c3d9dd02]
SAME-GRADE	ct-involution	4e4b1729199c	4e4b1729199c	1684	formalized	formalized	key		Swap the matched pairs and fix the other coordinates.	rows/ct-involution.tsv: ct-involution: tex 1684, the unitized swap moves each matched original cell onto its fresh cell and fixes the rest. LANDED 3bd81b1ad. [census merge 4c3d9dd02]
SAME-GRADE	ct-involution	6baf73489057	6baf73489057	1684	partial	partial	key		The finite clopen partition makes these choices constant on each representative cell.	rows/ct-involution.tsv: ct-involution: tex 1685-1686, the matching is constant on the clopen cells A j h, a finite clopen partition of K, but not the representative cells of lem:transient-matrices (see 07ab0fbe6cfc). LANDED bc6aa7b90. [census merge 4c3d9dd02]
SAME-GRADE	ct-involution	f7ca9d694948	f7ca9d694948	1686	formalized	formalized	key		Unitizing the resulting permutations gives an involution $w$ with $w1_Kw^{-1}\le p_C$, hence $wFw^{-1}\subset J$.	rows/ct-involution.tsv: ct-involution: tex 1686-1687, the unitized swap w satisfies w^-1 = w and w 1_K w^-1 = sum of 1_{T^h A} <= p_C, so w F w^-1 lies in J. LANDED 3bd81b1ad, cc4d23eff. [census merge 4c3d9dd02]
SAME-GRADE	ct-rank-budget	LINE:1697	34c348ec46b9	1697	formalized	formalized	only-candidate		If $T$ has no fixed points, then over any finite field the groups $\GL_n(R_X)$ and $\EL_n(R_X)$, $n\ge2$, are MF if and only if they are LEF, if and only if $R_	rows/ct-rank-budget.tsv: ct-rank-budget: tex 1697-1699 (cor:dynamic-rank-budget) "If T has no fixed points, then over any finite field the groups GL_n(R_X) and EL_n(R_X), n>=2, are MF if and only if they are LEF, if and only if R_X is directly finite"; clause 1 of PrintedDynamicRankBudget as printed
SAME-GRADE	ct-rank-budget	LINE:1700	36ddcaf60cbb	1700	formalized	formalized	match 1.20>0.34		If $T$ has no points of periods one or two, the same equivalence holds for the unit group $R_X^\times$.	rows/ct-rank-budget.tsv: ct-rank-budget: tex 1700-1701 "If T has no points of periods one or two, the same equivalence holds for the unit group R_X^x"; clause 2, over the same three open inputs; LANDED b818e32b3 a2cb17f58 Regraded formalized (09-13): the three open inputs are closed (coreRingReflect
SAME-GRADE	ct-rank-budget	LINE:1701	3ea1fdec31e9	1701	formalized	formalized	match 1.20>0.58		Over $\F_2$, all these MF radicals are exactly the locally finite core restriction kernels.	rows/ct-rank-budget.tsv: ct-rank-budget: tex 1701-1702 "Over F_2, all these MF radicals are exactly the locally finite core restriction kernels"; clauses 3-4 (GL_n and EL_n for n>=2 without fixed points, units without periods one or two), over the same three open inputs; LANDED b818e32b3 a2cb17f58 R
SAME-GRADE	ct-rank-budget	LINE:1703	3e7b0d067ef3	1703	formalized	formalized	match 1.20>0.50		In particular, for every aperiodic system the maximal MF quotient of $R_X^\times$ is its LEF restriction image on the chain-recurrent core.	rows/ct-rank-budget.tsv: ct-rank-budget: tex 1703-1704 "In particular, for every aperiodic system the maximal MF quotient of R_X^x is its LEF restriction image on the chain-recurrent core"; clause 5 (Nonempty (R_X^x / Rad_MF = range of core restriction) and the range is LEF), over the same three ope
SAME-GRADE	ct-rank-budget	LINE:1708	6b63a354455d	1708	structural	structural	match 1.20>0.19		Use $r=2$ for the matrix groups and $r=3$ for the unit group.	rows/ct-rank-budget.tsv: ct-rank-budget: tex 1708 "Use r=2 for the matrix groups and r=3 for the unit group"; the assembly instantiates the closed ReturnEmbeddingStatement at r = 2 and r = 3; LANDED a2cb17f58 b818e32b3 [census merge 4c3d9dd02]
SAME-GRADE	ct-rank-budget	LINE:1743	1cddd9e4b7ba	1743	formalized	formalized	override LINE:1743->1cddd9e4b7ba key		The induced core is $C\cap Y$.	rows/ct-rank-budget.tsv: ct-rank-budget: tex 1743-1750 "The induced core is C cap Y. Indeed its return ring is a corner of the LEF ring R_Y, so it lies in the induced chain-recurrent core. Conversely, saturating that core through the finite towers ... proving the reverse inclusion. The return transi
SAME-GRADE	ct-rank-budget	LINE:1752	197439992d5d	1752	formalized	formalized	match 1.20>0.31		Over $\F_2$, Theorem~\ref{thm:core-mf-radical} kills the whole return kernel in the embedded group in the stated rank ranges.	rows/ct-rank-budget.tsv: ct-rank-budget: tex 1752-1753 "Over F_2, Theorem core-mf-radical kills the whole return kernel in the embedded group in the stated rank ranges"; the kill passes along any homomorphism (map_mfHomKernel_le, closed); the kill itself is the open input CoreMFRadicalKillStatement
SAME-GRADE	ct-rank-budget	LINE:1754	4c1aa0bcba19	1754	formalized	formalized	match 1.20>0.32		That kernel contains the phase-zero placement of every $g\in K_n(J)$, which $\Phi$ sends to $(1-p_C)I_n+g$.	rows/ct-rank-budget.tsv: ct-rank-budget: tex 1754-1755 "That kernel contains the phase-zero placement of every g in K_n(J), which Phi sends to (1-p_C)I_n+g"; every step is closed (placement and its unitization, transport along blockTransport, deviation in the return transient ideal via returnTransie
SAME-GRADE+UNION2	ct-rank-budget	LINE:1756,LINE:1757	ded50f77e36b	1756	formalized	formalized	match 1.20>0.38; only-candidate		Lemma~\ref{lem:involution-localization} conjugates every element of $K_n(I)$ into this corner, so all of $K_n(I)$ is killed. Core restriction has LEF image, giv	rows/ct-rank-budget.tsv: ct-rank-budget: tex 1756-1757 "Lemma involution-localization conjugates every element of K_n(I) into this corner, so all of K_n(I) is killed"; the conjugation is closed (returnEmbeddingStatement_holds over ct-involution's printedInvolutionLocalization_closed), and conjugatio
SAME-GRADE	ct-rank-budget	LINE:1763	7596b825ecdb	1763	formalized	formalized	match 1.20>0.20		Transfer one nonzero invisible defect root using Proposition~\ref{prop:bilateral-three} in general linear rank $nr\ge3$, or Proposition~\ref{prop:torsion-defect	rows/ct-rank-budget.tsv: ct-rank-budget: tex 1763-1765 "Transfer one nonzero invisible defect root using Proposition bilateral-three in general linear rank nr>=3, or Proposition torsion-defect-ring in elementary rank nr>=4"; the transfer along injective embeddings and the elementary root (torsionDef
SAME-GRADE	ct-rank-budget	LINE:1766	49b5df732076	1766	formalized	formalized	match 1.20>0.27		The positive implications follow from the LEF ring models.	rows/ct-rank-budget.tsv: ct-rank-budget: tex 1766 "The positive implications follow from the LEF ring models"; closed given "directly finite implies LEF" (the open input CoreRingReflectionStatement); countability is closed; LANDED fbd3fae3c a2cb17f58 b818e32b3 Regraded formalized (09-13): the three
SAME-GRADE	ct-rank-budget	LINE:257	58fcf9019fc9	257	formalized	formalized	match 1.20>0.77		If $T$ is aperiodic, the same conclusion holds already for the unit group and for every elementary rank $n\ge2$.	rows/ct-rank-budget.tsv: ct-rank-budget: tex 257-259 (Introduction) "If T is aperiodic, the same conclusion holds already for the unit group and for every elementary rank n>=2"; derived from PrintedDynamicRankBudget over the same three open inputs (radical = locally finite core kernel, maximal MF qu
SAME-GRADE	ct-rank-budget	7da9f1c6076f	7da9f1c6076f	1743	partial	partial	key	carrier not root-reachable at origin 4c3d9dd02 (compiled, outside the GroupApproximation import closure): GroupApproximation.Manuscript.NonMFSentences.DynamicRankBudgetInducedCoreSentences	Indeed its return ring is a corner of the LEF ring $R_Y$, so it lies in the induced chain-recurrent core.	rows/ct-rank-budget.tsv: ct-rank-budget: tex 1743-1745 "Indeed its return ring is a corner of the LEF ring R_Y, so it lies in the induced chain-recurrent core."; closed endpoint printedInducedCoreCorner_closed : PrintedInducedCoreCorner (every return section, every finite field): the return ring of
SAME-GRADE	ct-rank-budget	8f8f0c7b59fa	8f8f0c7b59fa	1745	partial	partial	key	carrier not root-reachable at origin 4c3d9dd02 (compiled, outside the GroupApproximation import closure): GroupApproximation.Manuscript.NonMFSentences.DynamicRankBudgetInducedCoreSentences	Conversely, saturating that core through the finite towers gives a closed invariant subsystem whose ring is a corner of a matrix ring over an LEF ring, hence LE	rows/ct-rank-budget.tsv: ct-rank-budget: tex 1745-1747 "Conversely, saturating that core through the finite towers gives a closed invariant subsystem whose ring is a corner of a matrix ring over an LEF ring, hence LEF."; closed endpoint printedCoreSaturationLEF_closed : PrintedCoreSaturationLEF (eve
SAME-GRADE	ct-rank-budget	d5dcf496d149	d5dcf496d149	1747	partial	partial	key	carrier not root-reachable at origin 4c3d9dd02 (compiled, outside the GroupApproximation import closure): GroupApproximation.Manuscript.NonMFSentences.DynamicRankBudgetInducedCoreSentences	Theorem~\ref{thm:core-ring-reflection} applied to this subsystem makes every one of its points chain recurrent in $X$, proving the reverse inclusion.	rows/ct-rank-budget.tsv: ct-rank-budget: tex 1747-1749 "Theorem core-ring-reflection applied to this subsystem makes every one of its points chain recurrent in X, proving the reverse inclusion."; closed endpoint printedCoreSaturationRecurrent_closed : PrintedCoreSaturationRecurrent: thm:core-ring-re
SAME-GRADE	ct-rank-budget	e7f732e9cb78	e7f732e9cb78	1749	partial	partial	key	carrier not root-reachable at origin 4c3d9dd02 (compiled, outside the GroupApproximation import closure): GroupApproximation.Manuscript.NonMFSentences.DynamicRankBudgetInducedCoreSentences	The return transient ideal is therefore $J=p_CIp_C$.	rows/ct-rank-budget.tsv: ct-rank-budget: tex 1749-1750 "The return transient ideal is therefore J=p_C I p_C."; closed endpoint printedReturnTransientIdeal_closed : PrintedReturnTransientIdeal (every return section, every finite field): under returnRingEquiv R_{S_C} = P_C, c lies in the return transi
ADD	ct-rank-budget	d59fc0887768	d59fc0887768	1341	-	partial	key	carrier not root-reachable at origin 4c3d9dd02 (compiled, outside the GroupApproximation import closure): GroupApproximation.Manuscript.NonMFSentences.ChainCoreOpeningSentence	The torsion-defect argument can identify the whole MF radical even when the defect ideal is proper.	rows/ct-rank-budget.tsv: ct-rank-budget (reassigned from ms-core-1 by the coordinator): tex 1341 (sec:chain-core opening) "The torsion-defect argument can identify the whole MF radical even when the defect ideal is proper."; closed endpoint printedChainCoreOpening_closed : PrintedChainCoreOpening wi
SAME-GRADE	ct-rank-two-limit	f31fa0413ffd	f31fa0413ffd	1795	formalized	formalized	key		If the core $Y$ consists of fixed points, every Kazhdan subgroup of $\GL_2(R_X)$ is finite.	rows/ct-rank-two-limit.tsv: ct-rank-two-limit: tex 1795-1796, "If the core Y consists of fixed points, every Kazhdan subgroup of GL_2(R_X) is finite." Closed endpoint (#audit_closed_axioms) along the printed route: Haagerup restriction image (GHW Theorem 4), locally finite remaining kernel (lem:tran
SAME-GRADE	ct-rank-two-limit	2d5721555dfe	2d5721555dfe	1796	formalized	formalized	key		Its finitely generated restriction image lies in a finite product of groups $\GL_2(k[z,z^{-1}])$, hence in a Haagerup group by~\cite[Theorem~4]{GHW}, and is fin	rows/ct-rank-two-limit.tsv: ct-rank-two-limit: tex 1796-1798, "Its finitely generated restriction image lies in a finite product of groups GL_2(k[z,z^-1]), hence in a Haagerup group by [GHW, Theorem 4], and is finite." Closed endpoint (#audit_closed_axioms, no kernel hypothesis): the image of a Kazh
SAME-GRADE	ct-rank-two-limit	dd5ef3eafd48	dd5ef3eafd48	1798	formalized	formalized	key		The remaining kernel is locally finite, so a finite-index subgroup of the Kazhdan group is finitely generated and locally finite, hence finite.	rows/ct-rank-two-limit.tsv: ct-rank-two-limit: tex 1799-1800, "The remaining kernel is locally finite, so a finite-index subgroup of the Kazhdan group is finitely generated and locally finite, hence finite." Closed: the core restriction kernel is locally finite (coreRestrictionLocallyFiniteKernel, o
SAME-GRADE	ct-rank-two-limit	5e4354e1556b	5e4354e1556b	1801	formalized	formalized	key		Finite subgroups have no proper self-compressions, so their compression defects are trivial. The same reasoning applies to unit groups when every core point has	rows/ct-rank-two-limit.tsv: ct-rank-two-limit: tex 1801-1805, TWO printed sentences (census splitter, ct-sentences finding 1). "Finite subgroups have no proper self-compressions, so their compression defects are trivial.": closed for every group and applied in both rank-two cases (printedRankTwoComp
REPLACE+UNION24	ct-rank-two-limit,fff-periodic,fff-quotient,hull-bridge,hull-count94,hull-unbound,nm-endpoints,sec5-sentences	8aead549f1fe,8aead549f1fe,LINE:1636,LINE:1636,LINE:1636,LINE:1636,LINE:1636,LINE:1636,LINE:1636,LINE:1636,LINE:1636,LINE:1636,LINE:1636,LINE:1636,LINE:1636,LINE:1636,LINE:1636,LINE:1636,8aead549f1fe,LINE:1636,LINE:1636,LINE:1636,LINE:1636,LINE:1636	8aead549f1fe	2122	partial	partial	key; line 1636->2121 statement-env	rows/hull-unbound.tsv cites no landed commit; its declarations are defined and compiled at origin; not defined at origin 4c3d9dd02: GroupApproximation.GGT.VanKampen.osinLemma94Section_of_planarRunInputReduced GroupApproximation.GGT.VanKampen.osinLemma94PlanarRunInput_of_reduced GroupApproximation.GGT.VanKampen.OsinLemma94PlanarRunInputReduced	Let $G$ be acylindrically hyperbolic, let $N\le G$ be suitable with respect to $A$, and let $g_1,\dots,g_m\in G$.	rows/ct-rank-two-limit.tsv: ct-rank-two-limit: thm:hull statement (tex 1636); carriers state the printed endpoint over the open waist GGT.VanKampen.RelativeGreendlingerQuasiGeodesicLeastAreaStatement.{0,0,0} alone (hgreendlinger), with the embedded bridge, Kotowski-Ollivier, the Hyde-Lodha group, DG
REPLACE+UNION5	ct-rank-two-limit,fff-periodic,hull-bridge,sec5-sentences	bcc99703f838,bcc99703f838,LINE:1644,LINE:1644,LINE:1644	bcc99703f838	2129	partial	partial	key; line 1644->2129 only-candidate		Hull's proof treats $m=1$ by passing to $G/\normal{r}_G$ for one element $r$ and the general case by induction on $m$, using his clause~(d), that $\varphi(N)$ i	rows/ct-rank-two-limit.tsv: ct-rank-two-limit: the paragraph after thm:hull (tex 1644-1648); carriers state the printed endpoint over the open waist GGT.VanKampen.RelativeGreendlingerQuasiGeodesicLeastAreaStatement.{0,0,0} alone (hgreendlinger), with the embedded bridge, Kotowski-Ollivier, the Hyde-
REPLACE+UNION5	ct-rank-two-limit,fff-periodic,hull-bridge,nm-endpoints,sec5-sentences	2f55113239ce,2f55113239ce,LINE:1650,2f55113239ce,LINE:1650	2f55113239ce	2136	partial	partial	key; line 1650->2135 statement-env		Let $G$ be finitely presented, torsion-free, and acylindrically hyperbolic, and let $N\trianglelefteq G$ be nontrivial. Then there is a surjective homomorphism	rows/ct-rank-two-limit.tsv: ct-rank-two-limit: lem:saturation statement; carriers state the printed endpoint over the open waist GGT.VanKampen.RelativeGreendlingerQuasiGeodesicLeastAreaStatement.{0,0,0} alone (hgreendlinger), with the embedded bridge, Kotowski-Ollivier, the Hyde-Lodha group, DGO 2.3
REPLACE+UNION5	ct-rank-two-limit,fff-periodic,hull-bridge,sec5-sentences	2f997e5af4e6,2f997e5af4e6,LINE:1665,LINE:1665,LINE:1665	2f997e5af4e6	2150	partial	partial	key; line 1665->2150 match 0.57>0.17; line 1665->2150 match 0.98>0.43		Apply Theorem~\ref{thm:hull} to $N_0$, with respect to $A'$, with $g_1,\dots,g_m$ a finite generating set of $G$.	rows/ct-rank-two-limit.tsv: ct-rank-two-limit: applying thm:hull to N_0 in the proof of lem:saturation; carriers state the printed endpoint over the open waist GGT.VanKampen.RelativeGreendlingerQuasiGeodesicLeastAreaStatement.{0,0,0} alone (hgreendlinger), with the embedded bridge, Kotowski-Ollivier
REPLACE+UNION11	ct-rank-two-limit,fff-periodic,hl-lemma46,hull-bridge,hull-respell,kh-ejz,kh-torsion,ko-closed,nm-endpoints,sec5-sentences,simple-group	8097c371f35d,8097c371f35d,LINE:1679,LINE:1675,LINE:1675,LINE:1675,LINE:1675,LINE:1675,8097c371f35d,LINE:1675,LINE:1679	8097c371f35d	2160	partial	partial	key; line 1679->2164 match 1.00>0.27; line 1675->2160 only-candidate		Fournier-Facio constructs a finitely presented torsion-free group $G_0$ with property~\textup{(T)}, a subgroup $\Gamma\le G_0$ with property~\textup{(T)}, an el	rows/ct-rank-two-limit.tsv: ct-rank-two-limit: the Fournier-Facio paragraph (tex 1675-1685); carriers state the printed endpoint over the open waist GGT.VanKampen.RelativeGreendlingerQuasiGeodesicLeastAreaStatement.{0,0,0} alone (hgreendlinger), with the embedded bridge, Kotowski-Ollivier, the Hyde-
REPLACE+UNION5	ct-rank-two-limit,fff-periodic,hull-bridge,sec5-sentences	721da4c14d11,721da4c14d11,LINE:1698,LINE:1698,LINE:1698	721da4c14d11	2183	partial	partial	key; line 1698->2183 match 1.13>0.07; line 1698->2183 match 1.13>0.17; line 1698->2183 match 1.00>0.53		By Lemma~\ref{lem:saturation} applied to $G_0$ and $N$, there is a surjective homomorphism $\varphi\colon G_0\to Q$ with $Q$ two-generated, finitely presented,	rows/ct-rank-two-limit.tsv: ct-rank-two-limit: applying lem:saturation to G_0 and N in the proof of thm:torsion-free; carriers state the printed endpoint over the open waist GGT.VanKampen.RelativeGreendlingerQuasiGeodesicLeastAreaStatement.{0,0,0} alone (hgreendlinger), with the embedded bridge, Kot
REPLACE+UNION5	ct-rank-two-limit,fff-periodic,hull-bridge,nm-endpoints,sec5-sentences	7b1fa3182135,7b1fa3182135,LINE:1718,7b1fa3182135,LINE:1718	7b1fa3182135	2204	partial	partial	key; line 1718->2203 statement-env		The algebra $C^*_{\mathrm r}(Q)$ is separable, unital, simple, and generated by two unitaries.	rows/ct-rank-two-limit.tsv: ct-rank-two-limit: cor:regular-nonmf-algebra statement; carriers state the printed endpoint over the open waist GGT.VanKampen.RelativeGreendlingerQuasiGeodesicLeastAreaStatement.{0,0,0} alone (hgreendlinger), with the embedded bridge, Kotowski-Ollivier, the Hyde-Lodha gro
REPLACE+UNION5	ct-rank-two-limit,fff-periodic,hull-bridge,nm-endpoints,sec5-sentences	8b1ec28a0e73,8b1ec28a0e73,LINE:1718,8b1ec28a0e73,LINE:1718	8b1ec28a0e73	2205	partial	partial	key; line 1718->2203 statement-env		It has a unique tracial state and stable rank one, and it is stably finite but not MF\@.	rows/ct-rank-two-limit.tsv: ct-rank-two-limit: cor:regular-nonmf-algebra statement, second sentence; carriers state the printed endpoint over the open waist GGT.VanKampen.RelativeGreendlingerQuasiGeodesicLeastAreaStatement.{0,0,0} alone (hgreendlinger), with the embedded bridge, Kotowski-Ollivier, t
REPLACE+UNION6	ct-rank-two-limit,fff-periodic,hull-bridge,nm-endpoints,sec5-sentences,theoremc-retire	0f22bdbc4184,0f22bdbc4184,LINE:284,0f22bdbc4184,LINE:284,LINE:284	0f22bdbc4184	297	partial	partial	key; line 284->296 statement-env		There is a two-generated, finitely presented, torsion-free, acylindrically hyperbolic group $Q$ with property~\textup{(T)} such that every homomorphism from $Q$	rows/ct-rank-two-limit.tsv: ct-rank-two-limit: thm:torsion-free statement (tex 284); carriers state the printed endpoint over the open waist GGT.VanKampen.RelativeGreendlingerQuasiGeodesicLeastAreaStatement.{0,0,0} alone (hgreendlinger), with the embedded bridge, Kotowski-Ollivier, the Hyde-Lodha gr
REPLACE+UNION4	ct-rank-two-limit,fff-periodic,nm-endpoints,sec5-sentences	dce7a9ff4e83,dce7a9ff4e83,dce7a9ff4e83,LINE:291	dce7a9ff4e83	305	partial	partial	key; line 291->303 match 0.85>0.63		Its reduced $C^*$-algebra is simple, has a unique tracial state and stable rank one, and is not MF\@.	rows/ct-rank-two-limit.tsv: ct-rank-two-limit: Introduction, the reduced C*-algebra sentence (tex 291), cor:regular-nonmf-algebra; carriers state the printed endpoint over the open waist GGT.VanKampen.RelativeGreendlingerQuasiGeodesicLeastAreaStatement.{0,0,0} alone (hgreendlinger), with the embedde
REPLACE+UNION3	ct-rank-two-limit,fff-periodic,nm-endpoints	a16637da7249,a16637da7249,a16637da7249	a16637da7249	76	partial	partial	key		We also construct a sofic group that is not MF, whose canonical trace on the maximal group $C^*$-algebra is amenable but not quasidiagonal, and a finitely prese	rows/ct-rank-two-limit.tsv: ct-rank-two-limit: Abstract, torsion-free clause (tex 66), thm:torsion-free; carriers state the printed endpoint over the open waist GGT.VanKampen.RelativeGreendlingerQuasiGeodesicLeastAreaStatement.{0,0,0} alone (hgreendlinger), with the embedded bridge, Kotowski-Ollivie
SAME-GRADE	ct-return-tower	LINE:1710	18794db09df6	1710	definition	definition	match 1.20>0.33		Starting with $C_0=\varnothing$, put	rows/ct-return-tower.tsv: "Starting with C_0 = ∅, put C_i = C_{i-1} ∪ (U_i \ ⋃_{|j|<r} T^j C_{i-1})": the printed recursion (cover indexed from 0). LANDED e4a681074 (Dynamics/ReturnSection). [census merge 4c3d9dd02]
SAME-GRADE	ct-return-tower	LINE:1716	0c51973a1e22	1716	formalized	formalized	match 1.20>0.26		Then $C=C_m$ is clopen, separated from its first $r-1$ translates, and $X=\bigcup_{|j|<r}T^jC$.	rows/ct-return-tower.tsv: "Then C = C_m is clopen, separated from its first r-1 translates, and X = ⋃_{|j|<r} T^j C": the three fields of IsReturnSection, proved for sectionStep m. LANDED e4a681074 (Dynamics/ReturnSection). [census merge 4c3d9dd02]
SAME-GRADE	ct-return-tower	LINE:1717	6594ce123649	1717	formalized	formalized	match 1.20>0.27		Its return gaps lie in $[r,2r-1]$: a larger gap would have a middle point at distance at least $r$ from every return.	rows/ct-return-tower.tsv: "Its return gaps lie in [r, 2r-1]: a larger gap would have a middle point at distance at least r from every return": the middle point T^r x meets some T^j C with |j| < r (exists_return), separation gives the lower bound; closed endpoint returnSectionStatement_holds : Return
SAME-GRADE	ct-return-tower	LINE:1719	c3d333b41241	1719	formalized	formalized	match 1.20>0.16		For $r=1$ simply take $C=X$.	rows/ct-return-tower.tsv: "For r = 1 simply take C = X". LANDED e4a681074 (Dynamics/ReturnSection). [census merge 4c3d9dd02]
SAME-GRADE	ct-return-tower	LINE:1721	32b097ac7fe8	1721	formalized	formalized	match 1.20>0.50		Let $C_h$ be the clopen first-return-time cells and $S_C$ the first-return homeomorphism.	rows/ct-return-tower.tsv: "Let C_h be the clopen first-return-time cells and S_C the first-return homeomorphism": cells clopen, S_C x = T^{h(x)} x a homeomorphism of C (inverse = first return of T⁻¹); closed endpoint firstReturnStatement_holds : FirstReturnStatement. LANDED e4a681074 (Dynamics/First
SAME-GRADE	ct-return-tower	LINE:1722	5d45868395fb	1722	definition	definition	match 1.20>0.25		Put $p_C=1_C$ and $P_C=p_CR_Xp_C$.	rows/ct-return-tower.tsv: "Put p_C = 1_C and P_C = p_C R_X p_C": the base idempotent of the tower is coeff (charFn C), and Base is the corner MFQuotientUnits.Corner R τ.p. LANDED 28cd138ca, 7b0a3343c. [census merge 4c3d9dd02]
SAME-GRADE	ct-return-tower	LINE:1727	48a7b49cd9cc	1727	definition	definition	match 1.20>0.14		For $0\le i<2r-1$ put	rows/ct-return-tower.tsv: "For 0 ≤ i < 2r-1 put D_i = ⋃_{h>i} C_h, a_i = u^i 1_{D_i}, b_i = 1_{D_i} u^{-i}": D_i spelled {x ∈ C | i < returnTime x}. LANDED 7b0a3343c (Dynamics/ReturnTowerCrossedProduct). [census merge 4c3d9dd02]
SAME-GRADE	ct-return-tower	LINE:1731	215bfbb4bef3	1731	formalized	formalized	match 1.20>0.28		The tower partition gives $b_i a_j=0$ for $i\ne j$, $b_i a_i=1_{D_i}$ and $\sum_i a_i b_i=1$.	rows/ct-return-tower.tsv: "The tower partition gives b_i a_j = 0 for i ≠ j, b_i a_i = 1_{D_i} and ∑_i a_i b_i = 1": the partition X = ⊔_{i<2r-1} T^i D_i, then the three identities; closed endpoint returnTowerUnitsStatement_holds : ReturnTowerUnitsStatement. LANDED 7b0a3343c. [census merge 4c3d9dd02]
SAME-GRADE	ct-return-tower	LINE:1734	d29d95ef4834	1734	formalized	formalized	match 1.20>0.50		For $i<r$ we have $D_i=C$, so the first $r$ levels give the injection	rows/ct-return-tower.tsv: "For i < r we have D_i = C, so the first r levels give the injection Φ : M_r(P_C) → R_X, Φ(A) = ∑_{i,j<r} a_i A_ij b_j": Φ a non-unital ring hom, injective via b_k Φ(A) a_l = A_kl. LANDED 28cd138ca, 7b0a3343c. [census merge 4c3d9dd02]
SAME-GRADE	ct-return-tower	LINE:1709	d44d8916b7e9	1709	formalized	formalized	match 1.20>0.38		Choose a finite clopen cover $U_1,\dots,U_m$ with $U_i\cap T^jU_i=\varnothing$ for $0<|j|<r$.	rows/ct-return-tower.tsv: "Choose a finite clopen cover U_1, ..., U_m with U_i ∩ T^j U_i = ∅ for 0 < |j| < r": clopen neighbourhoods avoiding the finitely many T^j x (0 < j < r, no short periods), a finite subcover by compactness, and both signs of j (exists_separated_clopen_cover_abs). LANDED cc547
SAME-GRADE	ct-return-tower	LINE:1723	709190a010a1	1723	formalized	formalized	match 1.20>0.50		The unit $v=\sum_h u^h1_{C_h}$ implements $S_C$, and $P_C=\operatorname{LC}(C,k)\rtimes_{S_C}\mathbb Z$: split any partial shift with endpoints in $C$ according	rows/ct-return-tower.tsv: "The unit v = sum_h u^h 1_{C_h} implements S_C, and P_C = LC(C,k) x_{S_C} Z: split any partial shift with endpoints in C according to its successive returns": v is a unit of P_C with inverse w and v f = (f o S_C^-1) v (ReturnRingUnit 71084d8c5); returnRingHom sends coeffici
SAME-GRADE	ct-return-tower	LINE:1726	5a2063e21671	1726	formalized	formalized	match 1.20>0.50		This is a finite splitting for each fixed shift exponent.	rows/ct-return-tower.tsv: "This is a finite splitting for each fixed shift exponent": for each n, p_C u^n p_C is a sum over the finitely many return cells h < 2r, and the cells with h > |n| contribute zero. LANDED 2acee7950 (Dynamics/ReturnCornerGeneration). [census merge 4c3d9dd02]
REPLACE	ct-return-tower	42c043ef7ab5	42c043ef7ab5	1518	partial	formalized	key		Every unital homomorphism from $R_X$ to a directly finite ring factors uniquely through restriction $R_X\to R_Y$.	rows/ct-return-tower.tsv: tex 1518-1519 (thm:core-ring-reflection), "Every unital homomorphism from R_X to a directly finite ring factors uniquely through restriction R_X -> R_Y": IsUniversalDirectlyFiniteQuotient (coreRestrict T k), conjunct 1 of PrintedCoreRingReflection, over the named CoreModels
REPLACE	ct-return-tower	8981cd70915a	8981cd70915a	1519	partial	formalized	key		This is also the universal stably finite and LEF ring quotient.	rows/ct-return-tower.tsv: tex 1519-1520, "This is also the universal stably finite and LEF ring quotient": IsUniversalStablyFiniteQuotient and IsUniversalLEFQuotient of coreRestrict, conjunct 2, over CoreModelsLEFStatement alone. LANDED 17817cdac. Regraded formalized by ct-rank-budget on the lead's
REPLACE	ct-return-tower	43afa4ee3f10	43afa4ee3f10	1520	partial	formalized	key		The same assertions hold for $M_m(R_X)\to M_m(R_Y)$ for every $m\ge1$.	rows/ct-return-tower.tsv: tex 1520-1521, "The same assertions hold for M_m(R_X) -> M_m(R_Y) for every m >= 1": the three universal properties of (coreRestrict T k).mapMatrix, conjunct 3, over CoreModelsLEFStatement alone (via chain-reflection's isUniversalQuotients_mapMatrix). LANDED 17817cdac. Regr
REPLACE	ct-return-tower	cfbacaa0fffa	cfbacaa0fffa	1521	partial	formalized	key		In particular, $R_X$ is directly finite if and only if it is stably finite, if and only if it is LEF, if and only if every point of $X$ is chain recurrent.	rows/ct-return-tower.tsv: tex 1521-1523, "In particular, R_X is directly finite if and only if it is stably finite, if and only if it is LEF, if and only if every point of X is chain recurrent": conjunct 4, and ct-rank-budget's CoreRingReflectionStatement, over CoreModelsLEFStatement alone. LANDED 1
REPLACE	ct-return-tower	9dae685e37b9	9dae685e37b9	1527	partial	formalized	key		A unital homomorphism to a directly finite ring kills every $d$ in \eqref{eq:clopen-defect-pair}, hence all of $I$ by Lemma~\ref{lem:transient-matrices}.	rows/ct-return-tower.tsv: tex 1527-1528, "A unital homomorphism to a directly finite ring kills every d in eq:clopen-defect-pair, hence all of I by Lemma lem:transient-matrices": closed endpoint printedCoreKillsDefectsAndI : PrintedCoreKillsDefectsAndI (#audit_closed_axioms), via map_defectD_eq_zero
REPLACE	ct-return-tower	400dde0dbd9d	400dde0dbd9d	1529	partial	formalized	key		Since $R_Y$ itself is LEF and therefore stably finite, all three universal properties follow.	rows/ct-return-tower.tsv: tex 1529-1530, "Since R_Y itself is LEF and therefore stably finite, all three universal properties follow": LEF => stably finite is closed (lefStablyFiniteInterface); R_Y LEF is the named CoreModelsLEFStatement. LANDED 17817cdac. Regraded formalized by ct-rank-budget on th
REPLACE	ct-return-tower	b23e0f5197b5	b23e0f5197b5	1538	partial	formalized	key		Finally, $I=0$ exactly when $X=Y$, giving the stated equivalences.	rows/ct-return-tower.tsv: tex 1538, "Finally, I=0 exactly when X=Y, giving the stated equivalences": closed endpoint printedCoreIZeroIff : PrintedCoreIZeroIff (transientIdeal = ⊥ iff CR(T) = X; #audit_closed_axioms); its use for the equivalences is directlyFinite_iff_of_coreModels (restrict_injectiv
SAME-GRADE	ct-sentences	bb034089918b	bb034089918b	1605	structural	structural	key		The incoming side of the bilateral shift supplies the auxiliary levels used here.	rows/ct-sentences.tsv: ct-sentences: tex 1605, "The incoming side of the bilateral shift supplies the auxiliary levels used here."; describes where the auxiliary levels of the proof of prop:bilateral-three come from; asserts nothing of its own. [census merge 4c3d9dd02]
SAME-GRADE	ct-sentences	37c90a2ab256	37c90a2ab256	1606	structural	structural	key		The compressor $W$ need not be elementary, so this argument does not give an unrestricted rank-three theorem for $\EL_3(R_X)$.	rows/ct-sentences.tsv: ct-sentences: tex 1606-1607, "The compressor W need not be elementary, so this argument does not give an unrestricted rank-three theorem for EL_3(R_X)."; a remark on the reach of the argument; it claims neither a theorem nor a counterexample. [census merge 4c3d9dd02]
SAME-GRADE	ct-sentences	2ae0af7a44d9	2ae0af7a44d9	1658	structural	structural	key		The matrix rank can be supplied by the dynamics itself.	rows/ct-sentences.tsv: ct-sentences: tex 1658, "The matrix rank can be supplied by the dynamics itself."; announces cor:dynamic-rank-budget, whose rows carry the content. [census merge 4c3d9dd02]
SAME-GRADE	ct-sentences	42fd272878ba	42fd272878ba	1658	structural	structural	key		The following localization makes the passage to a return section particularly simple.	rows/ct-sentences.tsv: ct-sentences: tex 1658-1659, "The following localization makes the passage to a return section particularly simple."; announces lem:involution-localization, whose rows carry the content. [census merge 4c3d9dd02]
SAME-GRADE	ct-sentences	5c87b6c2f4ed	5c87b6c2f4ed	1794	structural	structural	key		There is also a limitation of the compression method at rank two.	rows/ct-sentences.tsv: ct-sentences: tex 1794, "There is also a limitation of the compression method at rank two."; announces the paragraph whose claims are rows f31fa0413ffd, 2d5721555dfe, dd5ef3eafd48 and 5e4354e1556b (ct-rank-two-limit). [census merge 4c3d9dd02]
SAME-GRADE	ct-sentences	076047e005df	076047e005df	1805	structural	structural	key		Thus the threshold three is a limit of this method in these cases, not a proof that the unrestricted $\GL_2$ or $\EL_3$ conclusions are false.	rows/ct-sentences.tsv: ct-sentences: tex 1805-1807, "Thus the threshold three is a limit of this method in these cases, not a proof that the unrestricted GL_2 or EL_3 conclusions are false."; a remark on the method; the mathematics it summarizes is carried by the ct-rank-two-limit rows. [census merg
SAME-GRADE	ct-sentences	7cb6740cda5d	7cb6740cda5d	249	structural	structural	key		The obstruction also computes entire MF radicals in a different family.	rows/ct-sentences.tsv: ct-sentences sweep: tex 249-250 (Introduction), "The obstruction also computes entire MF radicals in a different family."; announces the paragraph whose claims are rows 307b3272f639, 518c40eb5865, c890294ad9b0 and 58fcf9019fc9; asserts nothing of its own. [census merge 4c3d9dd
SAME-GRADE	ct-sentences	307b3272f639	307b3272f639	250	definition	definition	key	rows/ct-sentences.tsv cites no landed commit; its declarations are defined and compiled at origin	For a homeomorphism $T$ of a compact metrizable zero-dimensional space $X$, let $R_X$ be the algebraic crossed product of the locally constant functions over a	rows/ct-sentences.tsv: ct-sentences sweep: tex 250-252 (Introduction), "For a homeomorphism T of a compact metrizable zero-dimensional space X, let R_X be the algebraic crossed product of the locally constant functions over a finite field by T."; ClopenCrossedProduct T k = SkewMonoidAlgebra (ClopenC
SAME-GRADE	ct-sentences	518c40eb5865	518c40eb5865	255	formalized	formalized	key	rows/ct-sentences.tsv cites no landed commit; its declarations are defined and compiled at origin	Over $\F_2$, the MF radical is exactly the locally finite restriction kernel for $\GL_n$, $n\ge3$, and $\EL_n$, $n\ge4$, with LEF quotients.	rows/ct-sentences.tsv: ct-sentences sweep: tex 255-257 (Introduction), "Over F_2, the MF radical is exactly the locally finite restriction kernel for GL_n, n>=3, and EL_n, n>=4, with LEF quotients."; the closed endpoint over ZMod 2, X compact metric totally disconnected nonempty: mfHomKernel GL_n =
SAME-GRADE	ct-sentences	b98536a82318	b98536a82318	1551	definition	definition	key	rows/ct-sentences.tsv cites no landed commit; its declarations are defined and compiled at origin	Put $p=1_P$, $d=1_D$, and $f_{ab}=u^a d u^{-b}$ for $a,b\in\mathbb Z$.	rows/ct-sentences.tsv: ct-sentences sweep: tex 1551-1552, "Put p=1_P, d=1_D, and f_ab=u^a d u^{-b} for a,b in Z."; bilateralCell has p = defectP = 1_P, Cell.d = p - u p u⁻¹, bilateralCell_d identifies it with defectD = 1_{P∖T(P)}, and Cell.f a b = u^a d u^{-b}. [census merge 4c3d9dd02]
SAME-GRADE	ct-sentences	8985ec7b13b2	8985ec7b13b2	1594	formalized	formalized	key	rows/ct-sentences.tsv cites no landed commit; its declarations are defined and compiled at origin	then kill the defect root.	rows/ct-sentences.tsv: ct-sentences sweep: tex 1593-1594, the fragment "then kill the defect root." after the display of the two identities (row 10fe7a237145); root_killed_of_finite_central_defect carries the kill of z along [z,g1]=a, [g2,a]=b to b, the cell gives b = e21(d) (commutator_roots_defect
SAME-GRADE	ct-sentences	512b53c80bd2	512b53c80bd2	1595	formalized	formalized	key	rows/ct-sentences.tsv cites no landed commit; its declarations are defined and compiled at origin	Extending by identity gives the same conclusion in rank $n\ge3$.	rows/ct-sentences.tsv: ct-sentences sweep: tex 1595-1596, "Extending by identity gives the same conclusion in rank n>=3."; glThreeBlockEmbedding is GL_3 -> GL_n extension by identity, and relativeElementary_killed_of_rootThree_killed turns the kill of every e21(d), d in D, into the kill of EL_n(R, s
SAME-GRADE	ct-sentences	5c75b0bf2db4	5c75b0bf2db4	1778	definition	definition	key	rows/ct-sentences.tsv cites no landed commit; its declarations are defined and compiled at origin	where $\GL_{\mathrm{fin}}$ means finite matrix support of $g-1$, and $\mathbb Z$ acts by the bilateral shift.	rows/ct-sentences.tsv: ct-sentences sweep: tex 1778-1779, "where GL_fin means finite matrix support of g-1, and Z acts by the bilateral shift."; GLfin k = {g | HasFiniteMatrixSupport k (g - 1)}, shiftGL e_j = e_{j+1}, and shiftAction is conjugation by its powers. [census merge 4c3d9dd02]
SAME-GRADE	ct-two-ended	LINE:1769	ce4eb6ceb71b	1769	formalized	formalized	match 1.20>0.38		The period hypothesis cannot be removed from a unit-group theorem.	rows/ct-two-ended.tsv: "The period hypothesis cannot be removed from a unit-group theorem.": the two-ended example has core = endpoints, R_X not directly finite and R_X^× LEF (all closed); GL_3(R_X) not MF is assembled over Manuscript.ChainCore.BilateralThree.PrintedBilateralThree (ct-bilateral-mf,
SAME-GRADE	ct-two-ended	LINE:1770	54044aad03be	1770	formalized	formalized	match 1.00>0.13		For the shift on the two-ended compactification $X=\mathbb Z\cup\{-\infty,+\infty\}$, with its endpoints fixed, the core consists of those endpoints.	rows/ct-two-ended.tsv: two-ended compactification ℤ ∪ {−∞, +∞} (IsTwoEndedCompactification), shift j ↦ j + 1 fixing both endpoints, CR(T) = {−∞, +∞}; closed endpoint (#audit_closed_axioms); wire queued. LANDED 049c6689a [census merge 4c3d9dd02]
SAME-GRADE	ct-two-ended	LINE:1772	9fdbaf282687	1772	formalized	formalized	match 0.77>0.27		Over $\F_2$ the ring is not directly finite: $P=\{0,1,\dots\}\cup\{+\infty\}$ has defect $\{0\}$.	rows/ct-two-ended.tsv: P = {0,1,…} ∪ {+∞} clopen with T(P) ⊆ P and P ∖ T(P) = {0}; R_X = LC(X, F_2) ⋊_T ℤ not directly finite; closed endpoint; wire queued. LANDED 049c6689a [census merge 4c3d9dd02]
SAME-GRADE	ct-two-ended	LINE:1774	fbee156f2d6d	1774	formalized	formalized	starts-at-line		Nevertheless its unit group is	rows/ct-two-ended.tsv: R_X^× ≅ GL_fin(ℤ, F_2) ⋊ ℤ, GL_fin = finite matrix support of g − 1, ℤ acting by the bilateral shift; u ↦ (ρ(u)σ^{−a}, a), injective by faithfulness, surjective by TwoEndedMatrixUnits (ct-bilateral-cell 0f53d2260); closed endpoint; wire queued. LANDED 217332545, f4678fca8 [cen
SAME-GRADE	ct-two-ended	LINE:1779	9c225384feb2	1779	formalized	formalized	match 0.80>0.63		To see this, use the faithful action on $\F_2^{(\mathbb Z)}$.	rows/ct-two-ended.tsv: the faithful action of R_X on k^(ℤ): coefficients diagonal at the integer points, u by the bilateral shift; rho_injective; wire queued. LANDED c6fccaa40 [census merge 4c3d9dd02]
SAME-GRADE	ct-two-ended	LINE:1780	a7eb8076fde4	1780	formalized	formalized	match 0.67>0.20		A unit has Laurent symbols $z^{a_-},z^{a_+}$ at the two ends and acts by these translations on the two sufficiently distant tails.	rows/ct-two-ended.tsv: Laurent symbols at the fixed endpoints (symbolOp; multiplicative), units of F_2[z,z⁻¹] are z^a, and ρ(u) translates each far tail by a_±; wire queued. LANDED 12c78de1b, 6bc66c851 [census merge 4c3d9dd02]
SAME-GRADE	ct-two-ended	LINE:1782	9ac1eedef5a7	1782	formalized	formalized	match 0.83>0.21		The tails starting at $-N$ and $N$ span a subspace of codimension $2N-1$, whose image has codimension $2N-1+a_+-a_-$.	rows/ct-two-ended.tsv: the tail span k^((−N,N)ᶜ) has codimension #(−N,N) = 2N − 1 and its image k^((−N+a₋, N+a₊)ᶜ) has codimension 2N − 1 + a₊ − a₋; wire queued. LANDED c42cb1e80, 164ad2149 [census merge 4c3d9dd02]
SAME-GRADE	ct-two-ended	LINE:1784	02525ddc3aa4	1784	formalized	formalized	match 1.20>0.40		Invertibility forces $a_+=a_-$; removing that common shift leaves a finite invertible block extended by identity.	rows/ct-two-ended.tsv: invertibility preserves codimension, so a₊ = a₋ = a, and ρ(u)σ^{−a} ∈ GL_fin(ℤ, F_2) (finite invertible block extended by identity); wire queued. LANDED c42cb1e80, 164ad2149 [census merge 4c3d9dd02]
SAME-GRADE	ct-two-ended	LINE:1791	fb84c069f1fe	1791	formalized	formalized	match 1.20>0.27		Thus $R_X^\times$ is LEF although $\GL_3(R_X)$ is not MF\@.	rows/ct-two-ended.tsv: "Thus R_X^× is LEF although GL_3(R_X) is not MF": LEF closed (printedTwoEndedUnitsLEF via FinitaryGL.printedFinitaryShiftLEF, ms-traces-3 1d55d0846); not MF assembled over Manuscript.ChainCore.BilateralThree.PrintedBilateralThree at n = 3 with not_isDedekindFiniteMonoid (open,
SAME-GRADE+UNION6	ghw-assembly,ghw-charp2,jacobson	b6d1590be7ab,b6d1590be7ab,LINE:1147,LINE:1146,LINE:1146,LINE:1148	b6d1590be7ab	1160	formalized	formalized	key; override LINE:1147->b6d1590be7ab key; line 1146->1160 match 1.20>0.25; line 1146->1160 match 1.20>0.17; line 1148->1162 only-candidate		Every countable subgroup of $\mathrm{GL}_2$ over a field has the Haagerup property~\cite[Theorem~4]{GHW}, and the kernel of $\mathrm{GL}_2(J)\to\mathrm{GL}_2(\F	rows/ghw-assembly.tsv: ghw-assembly grades the row: tex 1146-1151 formalized, both clauses closed with axioms [propext, Classical.choice, Quot.sound]. (1) GHW Theorem 4 at the printed generality: printedGHWTheoremFour : PrintedGHWTheoremFour (every countable subgroup of GL_2 over a field of Type is
SAME-GRADE	hs-vanishes	LINE:572	c36b6021a802	585	formalized	formalized	line 572->584 note-key		Then	rows/hs-vanishes.tsv: row c36b6021a802 (cor:defect-hs), 'Let L<=G have property (T) and let (V_n) be an operator norm asymptotic representation of G. Then ||V_n(d)-1||_2 -> 0 (d in D_G(L))': hsVanishes_of_mem_printedDefect concludes HSVanishes B d itself, for every OpAlmostRepresentation B, every L
SAME-GRADE	hs-vanishes	LINE:717	47c65457b63c	729	formalized	formalized	line 717->729 note-key		By Corollary~\ref{cor:defect-hs}, every operator norm asymptotic representation of \(G\) satisfies \(\hsnorm{V_n(k)-1}\to0\) for \(k\in K\le\mathfrak D_G(L)\).	rows/hs-vanishes.tsv: row 47c65457b63c (thm:compression-criterion, proof, first sentence), 'By Corollary cor:defect-hs, every operator norm asymptotic representation of G satisfies ||V_n(k)-1||_2 -> 0 for k in K <= D_G(L)': closed Prop PrintedCompressionCriterionHSHypothesis at the printed generalit
SAME-GRADE	hs-vanishes	LINE:717	4cd99c2ee1cb	731	formalized	formalized	line 717->729 note-key		By Theorem~\ref{thm:normal-kazhdan}, every corona homomorphism is then trivial on \(K\), and by Lemma~\ref{prop:mf-residual-calculus} so is every homomorphism t	rows/hs-vanishes.tsv: row 4cd99c2ee1cb (thm:compression-criterion, proof, second sentence), first clause 'By Theorem thm:normal-kazhdan, every corona homomorphism is then trivial on K' along the printed route: closed Prop PrintedCompressionCriterionCoronaTrivial (every k in K is ManuscriptCoronaMFIn
SAME-GRADE	hull-euler	49f76a64907a	49f76a64907a	1364	definition	definition	key		For a compatible metric on $X$, a point $x$ is \emph{chain recurrent} if, for every $\varepsilon>0$, there are $r\ge1$ and $x=x_0,x_1,\dots,x_r=x$ with $d(Tx_i,	rows/hull-euler.tsv: hull-euler: sec:chain-core "For a compatible metric on $X$, a point $x$ is \emph{chain recurrent} if, for every $\varepsilon>0$, there are $r\ge1$ and $x=x_0,x_1,\dots,x_r=x$ with $d(Tx_i,x_{i+1})<\varepsilon$." IsMetricChainRecurrent is the printed definition. It agrees with th
SAME-GRADE	hull-euler	d5af28721656	d5af28721656	1367	definition	definition	key		Write $Y=\operatorname{CR}(T)$ for the chain-recurrent set.	rows/hull-euler.tsv: hull-euler: sec:chain-core "Write $Y=\operatorname{CR}(T)$ for the chain-recurrent set." On compact X the set does not depend on the compatible uniformity. LANDED 20911e5b2 [census merge 4c3d9dd02]
SAME-GRADE	hull-euler	3ebdab1c418b	3ebdab1c418b	1368	structural	structural	key		We first construct this set in a form that also supplies finite ring models.	rows/hull-euler.tsv: hull-euler: sec:chain-core "We first construct this set in a form that also supplies finite ring models." This sentence announces the plan. The ring-model construction is chain-core S3, the retained subshift. LANDED 20911e5b2 [census merge 4c3d9dd02]
SAME-GRADE+UNION2	hull-euler,ms-compress-1	0ae6fc9e199c,0ae6fc9e199c	0ae6fc9e199c	1373	formalized	formalized	key		The complement $X\setminus Y$ is covered by translates of sets $P\setminus T(P)$, where $P$ is clopen and $T(P)\subseteq P$.	rows/hull-euler.tsv: hull-euler: lem:chain-core-models "The complement $X\setminus Y$ is covered by translates of sets $P\setminus T(P)$, where $P$ is clopen and $T(P)\subseteq P$." Closed endpoint over compact Hausdorff totally disconnected X. The proof is the atom-graph argument (lead's ruling 09-
SAME-GRADE	hull-euler	73bd8ac910aa	73bd8ac910aa	1375	formalized	formalized	key		Each of these sets is wandering: its distinct integer translates are pairwise disjoint.	rows/hull-euler.tsv: hull-euler: lem:chain-core-models "Each of these sets is wandering: its distinct integer translates are pairwise disjoint." IsWandering is the printed definition. The closed endpoint carries wandering of every P \ T(P) with T(P) ⊆ P. LANDED 20911e5b2 5b63c946c [census merge 4c3d
SAME-GRADE	hull-euler	3ef2a7cdb9bd	3ef2a7cdb9bd	1425	formalized	formalized	key		These defects are wandering by nesting of the translates of $P$.	rows/hull-euler.tsv: hull-euler: proof of lem:chain-core-models "These defects are wandering by nesting of the translates of $P$." Nesting: T^(k+1)(P) ⊆ T(P), so distinct integer translates of P \ T(P) are disjoint. LANDED 20911e5b2 5b63c946c [census merge 4c3d9dd02]
SAME-GRADE+UNION4	jacobson,ms-inverses-4	LINE:1139,LINE:1138,LINE:1141,754a868fc8f5	754a868fc8f5	1152	formalized	formalized	line 1139->1153 only-candidate; line 1138->1152 match 0.77>0.13; line 1141->1155 only-candidate; key		So $\EL_n(J,JeJ)$ is this kernel; the quotient $\EL_n(\F_2[z,z^{-1}])$ is residually finite, so MF, and	rows/jacobson.tsv: "the quotient EL_n(F_2[z,z^{-1}]) is residually finite, so MF": Mal'cev for the finitely generated Laurent ring, then RF => MF. LANDED dd809cfb0 (compiled, probe 0911-210012-67515) | rows/jacobson.tsv: "So EL_n(J,JeJ) is this kernel", acting on V^n as all of GL_fs(V^n). LANDED c2c
SAME-GRADE	jacobson	LINE:1145	6ba4fb85570c	1159	formalized	formalized	line 1145->1159 match 1.20>0.48		an infinite simple locally finite group.	rows/jacobson.tsv: "an infinite simple locally finite group" for the printed union of SL_N(F_2): finitary group over F_2 is simple (Preusser, proved in repo), infinite, locally finite. LANDED 710cc4c94 (compiled, probe 0911-210613-3270) [census merge 4c3d9dd02]
SAME-GRADE+UNION2	jacobson	LINE:1131,LINE:1131	76588fb18d3b	1145	formalized	formalized	line 1131->1145 match 0.97>0.53; line 1131->1145 match 1.20>0.33		Let $\GL_{\mathrm{fs}}(V^n)$ be the group of automorphisms $g$ of $V^n$ such that $g-I$ has finite matrix support in this basis, a condition stronger than finit	rows/jacobson.tsv: GL_fs(V^n): automorphisms g of V^n with g - I of finite matrix support in the standard basis. LANDED 765c0196c (compiled, probe 0911-211942-86799) | rows/jacobson.tsv: "a condition stronger than finite rank of g - I": finite matrix support implies finite rank of g - I, and a rank-
SAME-GRADE	jacobson	LINE:1151	a8ceb0650975	1165	formalized	formalized	line 1151->1165 match 1.20>0.47		A finite subgroup $L$ of a group $G$ admits no proper compression, since $uLu^{-1}\le L$ forces $uLu^{-1}=L$; then $uC_G(L)u^{-1}=C_G(L)$ and $\mathfrak D_G(L)=	rows/jacobson.tsv: "A finite subgroup L of a group G admits no proper compression, since uLu^{-1} <= L forces uLu^{-1} = L; then uC_G(L)u^{-1} = C_G(L) and D_G(L) = 1". LANDED 445d77ea2 (compiled, probe 0911-205347-32113) [census merge 4c3d9dd02]
SAME-GRADE	jacobson	LINE:1145	61b6abd03b91	1159	formalized	formalized	line 1145->1159 match 1.20>0.48		The rank four is three plus one.	rows/jacobson.tsv: "The rank four is three plus one." LANDED 8e0bf35e2 (compiled, probe 0911-204249-81394) [census merge 4c3d9dd02]
SAME-GRADE+UNION2	jacobson	LINE:1135,LINE:1136	7c69447e3d41	1148	formalized	formalized	line 1135->1149 match 0.97>0.33; line 1136->1150 match 1.00>0.21		Over $\F_2$ every element of $\GL_{\mathrm{fs}}(V^n)$ is a product of transvections, and each transvection is a relative root $e_{ij}(f_{uv})$ or, inside one co	rows/jacobson.tsv: "Over F_2 every element of GL_fs(V^n) is a product of transvections": GL_fs(V^n) is generated by the basis transvections, each an involution. LANDED 787ebf06f (compiled, probe 0911-214516-65311) | rows/jacobson.tsv: "each transvection is a relative root e_ij(f_uv) or, inside one c
SAME-GRADE+UNION2	jacobson	LINE:1122,b47d06c5c362	b47d06c5c362	1136	formalized	formalized	line 1122->1136 only-candidate; key		The Toeplitz--Jacobson algebra $J=\F_2\langle s,t\mid ts=1\rangle$ has $1-st\ne0$ of order two, while $J/J(1-st)J\cong\F_2[z,z^{-1}]\ne0$, so $1-st$ is not full	rows/jacobson.tsv: "J = F_2<s,t | ts=1> has 1-st != 0 of order two, while J/J(1-st)J = F_2[z,z^{-1}] != 0, so 1-st is not full": the symbol J -> F_2[z,z^{-1}] of banded shift operators is surjective with kernel J(1-st)J, which is proper. LANDED 71e6a0dc1 (compiled, probe 0911-222217-53098) | rows/ja
SAME-GRADE+UNION2	jacobson	LINE:1127,11137e57b26d	11137e57b26d	1141	formalized	formalized	line 1127->1141 match 1.20>0.30; key		The algebra $J$ acts faithfully on $V=\F_2^{(\mathbb N)}$ by the shift, $e=1-st$ is the projection onto the first vector $b_0$ of the standard basis $(b_j)$, an	rows/jacobson.tsv: "J acts faithfully on V by the shift, e = 1-st is the projection onto b_0, and JeJ is the ring of matrices with finitely many nonzero entries". LANDED 71e6a0dc1 (compiled, probe 0911-222217-53098) | rows/jacobson.tsv: jacobson: "The algebra J acts faithfully on V=F_2^(N) by the sh
SAME-GRADE+UNION2	jacobson	LINE:1126,0a08ffd095d6	0a08ffd095d6	1140	formalized	formalized	line 1126->1140 match 1.20>1.00; key		For $J$ the inclusion of Proposition~\ref{prop:torsion-defect-ring} is an equality.	rows/jacobson.tsv: "For J the inclusion of Proposition prop:torsion-defect-ring is an equality": Rad_MF(EL_n(J)) = EL_n(J,JeJ) for n >= 4. LANDED c2c89c3fd (compiled, probe 0911-232435-14465) | rows/jacobson.tsv: jacobson: "For J the inclusion of Proposition prop:torsion-defect-ring is an equality",
SAME-GRADE+UNION2	jacobson	LINE:1133,d5e56b196927	d5e56b196927	1147	formalized	formalized	line 1133->1147 match 1.20>0.13; key		The kernel of $\EL_n(J)\to\EL_n(\F_2[z,z^{-1}])$ lies in $\GL_{\mathrm{fs}}(V^n)$.	rows/jacobson.tsv: "The kernel of EL_n(J) -> EL_n(F_2[z,z^{-1}]) lies in GL_fs(V^n)." LANDED c2c89c3fd (compiled, probe 0911-232435-14465) | rows/jacobson.tsv: jacobson: "The kernel of EL_n(J) -> EL_n(F_2[z,z^{-1}]) lies in GL_fs(V^n)", for the presented algebra. PrintedToeplitzJacobsonKernelFinitar
SAME-GRADE+UNION2	jacobson	LINE:1157,c149d33e8f7e	c149d33e8f7e	1171	formalized	formalized	line 1157->1171 match 1.20>0.25; key		The two results are complementary: fullness gives trivial MF images at every rank $n\ge2$, torsion of the defect gives non-MF at rank four with no fullness.	rows/jacobson.tsv: "The two results are complementary: fullness gives trivial MF images at every rank n>=2, torsion of the defect gives non-MF at rank four with no fullness." LANDED 7b3522d80 (compiled, probe 0911-225742-69737) | rows/jacobson.tsv: jacobson: "The two results are complementary: fulln
SAME-GRADE+UNION3	leavitt-ge,leavitt-k1,leavitt-units	LINE:1312,4321530b3fec,4321530b3fec	4321530b3fec	1325	formalized	formalized	line 1312->1326 match 0.60>0.44; key		Khanh--Thanh show that $\GL_d(R)=\EL_d(R)D_d(k)$, where $D_d(k)$ is the abelian group of diagonal matrices with entries in $k^\times$, which normalizes $\EL_d(R	rows/leavitt-ge.tsv: cor:leavitt-mf-quotient proof, "Khanh--Thanh show that GL_d(R)=EL_d(R)D_d(k)": the cited result for R=L_k(1,d), every field k and d>=2, as the closed proposition PrintedKhanhThanhDecompositionEveryArity under #audit_closed_axioms, with no literature input (arity-d pencil develop
REPLACE+UNION3	leavitt-ge,leavitt-units,ms-core-1	LINE:1315,f6962254d259,f6962254d259	f6962254d259	1329	formalized	formalized	line 1315->1329 starts-at-line; key		So $[H,H]\le\EL_d(R)$, while $\EL_d(R)\le[H,H]$ because every homomorphism from $\EL_d(R)$ to an MF group is trivial (Theorem~\ref{thm:full-defect-ring}).	rows/leavitt-ge.tsv: cor:leavitt-mf-quotient proof, "So [H,H] <= EL_d(R)": the printed-route consequence of the decomposition (abelian D_d(k), normal EL_d(R)) instantiated with the closed decomposition, as the closed proposition CommutatorInElementaryPrintedEveryArity under #audit_closed_axioms, eve
SAME-GRADE	leavitt-k1	6aef426dfc7a	6aef426dfc7a	1313	formalized	formalized	key		Then $H\cong\GL_d(R)$, and under this identification $\Rad_{\mathrm{MF}}(H)=[H,H]=\EL_d(R)$ and	rows/leavitt-k1.tsv: cor:leavitt-mf-quotient, every clause: H = GL_d(R), Rad_MF(H) = [H,H] = EL_d(R), H/[H,H] = K_1(R), and K_1(R) = k^x/(k^x)^{d-1}, every countable field k and every d >= 2 (closed Prop PrintedLeavittMFQuotientFull); the display H/EL_d(R) = K_1(R) = k^x/(k^x)^{d-1} literally at EL_
SAME-GRADE	leavitt-k1	6d3ca647302e	6d3ca647302e	1334	formalized	formalized	key		For $d=2$ the quotient is trivial for every countable field $k$, so every homomorphism from $L_k(1,2)^\times$ to an MF group is trivial. For $k=\mathbb F_q$ the	rows/leavitt-k1.tsv: tex 1320-1322 'For d=2 the quotient is trivial for every countable field k, so every homomorphism from L_k(1,2)^x to an MF group is trivial. For k=F_q the quotient is cyclic of order gcd(q-1,d-1).': now at the printed quotient of L_k(1,d), not only at the answer group. d = 2: GL
SAME-GRADE	leavitt-units	7916c8696def	7916c8696def	1321	formalized	formalized	key		The maps $x\mapsto(t_1x,\dots,t_dx)$ and $(y_1,\dots,y_d)\mapsto\sum_is_iy_i$ are mutually inverse isomorphisms of right $R$-modules between $R$ and $R^d$, so $	rows/leavitt-units.tsv: tex 1307 'The maps x -> (t_1x,...,t_dx) and (y_1,...,y_d) -> sum_i s_iy_i are mutually inverse isomorphisms of right R-modules between R and R^d, so R = M_d(R) and H = GL_d(R)', every clause, every countable field k and every d >= 2 (closed Prop PrintedLeavittUnitsRightModule
SAME-GRADE	leavitt-units	dcf6fa4be4de	dcf6fa4be4de	1312	definition	definition	key		Let $k$ be a countable field, let $d\ge2$, let $R=L_k(1,d)$, and let $H=R^\times$.	rows/leavitt-units.tsv: tex 1298 'Let k be a countable field, let d >= 2, let R = L_k(1,d), and let H = R^x': naming only; R = L_k(1,d) is AryLeavittAlgebra k d with generators genS (s_i) and genT (t_i), H = (AryLeavittAlgebra k d)^x, and k countable, d >= 2 are the binders of the environment's clos
SAME-GRADE	ms-binary	a71f65809e0b	a71f65809e0b	1184	formalized	formalized	key		The relations give $t_0s_0=1$ and $t_1(1-s_0t_0)s_1=1$, so $R$ satisfies the hypothesis of Theorem~\ref{thm:full-defect-ring}, and every homomorphism from $H$ t	rows/ms-binary.tsv: printed route: R satisfies the thm:full-defect-ring hypothesis (s=s0, t=t0, fullness witness t1(1-s0t0)s1) and the closed every-rank thm:full-defect-ring endpoint at n=4 kills every MF homomorphism; LANDED eb25dd606 (probe 0913-171216-1123 GREEN) [census merge 4c3d9dd02]
SAME-GRADE	ms-binary	8ed259b70c4a	8ed259b70c4a	1208	formalized	formalized	key		It is nontrivial, and every homomorphism from it to an MF group is trivial, so $H$ is not MF\@.	rows/ms-binary.tsv: printed route: nontrivial plus every MF homomorphism trivial, applied to the identity, so H is not MF; LANDED eb25dd606 [census merge 4c3d9dd02]
SAME-GRADE	ms-binary	ecb74cabf11a	ecb74cabf11a	1211	formalized	formalized	key		Since $R\ne0$ satisfies the hypothesis of Theorem~\ref{thm:full-defect-ring}, Corollary~\ref{cor:one-sided-ring-maximal} shows that $C^*_{\mathrm r}(H)$ is sepa	rows/ms-binary.tsv: printed route: closed every-rank cor:one-sided-ring-maximal endpoint at R, s0, t0, n=4: C*_r(H) separable, stably finite, not MF, and a literal proper isometry star v * v = 1, v not a unit, in C*_max(H); LANDED eb25dd606 [census merge 4c3d9dd02]
SAME-GRADE	ms-compress-1	629f562df6bc	629f562df6bc	410	definition	definition	key		An \emph{operator norm asymptotic representation} of a group $G$ is a sequence of maps $V_n\colon G\to\U(d_n)$ such that $V_n(1)=1$ and	rows/ms-compress-1.tsv: ms-compress-1: tex 410-415 as printed, a structure with the field V_n(1) = 1; printedAsymptoticRepresentationNormalization shows it carries the same asymptotic data as OpAlmostRepresentation (whose docstring claim that V_n(1)=1 is built in is false) (LANDED aae8a52a1, probe G
SAME-GRADE+UNION2	ms-compress-1,sec2-sentences	630db09c6f46,630db09c6f46	630db09c6f46	434	definition	definition	key		Coordinatewise conjugation by $V_n(g)$ defines a bijection, denoted $\operatorname{Ad}(V(g))$, of the Hilbert--Schmidt bounded matrix sequences.	rows/ms-compress-1.tsv: ms-compress-1: tex 434-436, Ad(V(g)) is a bijection of the Hilbert-Schmidt bounded sequences at the printed domain (Set.BijOn), closed endpoint (LANDED aae8a52a1) | rows/sec2-sentences.tsv: sec2-sentences: reconfirm; CompressionSentencesA LANDED 1b3021bfe, compiled 0911-21065
SAME-GRADE	ms-compress-1	daecb970c06a	daecb970c06a	455	formalized	formalized	key		So $A$ is finite, and so is $M_k(A)$, which is the corona with matrix sizes $km_n$.	rows/ms-compress-1.tsv: ms-compress-1: tex 455-456 along the printed route, M_k(A) finite because it is the corona of sizes km_n (matrixCoronaAmplificationEquiv); names the theorem sentence_36cd63cf2803_isomorphism instead of the Prop (LANDED aae8a52a1) [census merge 4c3d9dd02]
SAME-GRADE	ms-compress-1	a8e4ac99b640	a8e4ac99b640	364	formalized	formalized	key		Every homomorphism from $G$ to an MF group is trivial on $K$ if and only if every corona homomorphism from $G$ is trivial on $K$.	rows/ms-compress-1.tsv: ms-compress-1: tex 364-366, closed named-Prop endpoint with #audit_closed_axioms (LANDED 43c01c44f, probe GREEN 0913-173237-77904) [census merge 4c3d9dd02]
SAME-GRADE	ms-compress-1	3bd1b6ab184a	3bd1b6ab184a	367	formalized	formalized	key		If $A$ embeds in a norm matrix corona, then $G$ is MF\@.	rows/ms-compress-1.tsv: ms-compress-1: tex 366-368, closed named-Prop endpoint with #audit_closed_axioms (LANDED 43c01c44f, probe GREEN 0913-173237-77904) [census merge 4c3d9dd02]
SAME-GRADE	ms-compress-1	fd2cafafd8fa	fd2cafafd8fa	395	formalized	formalized	key		For an actual representation $\rho\colon G\to\U(d)$ and $u\in G$ with $uLu^{-1}\le L$, the commutant $\mathcal C=\rho(L)'\subseteq M_d(\C)$ satisfies $\rho(u)^*	rows/ms-compress-1.tsv: ms-compress-1: tex 395-400, closed named-Prop endpoint with #audit_closed_axioms (LANDED 43c01c44f, probe GREEN 0913-173237-77904) [census merge 4c3d9dd02]
SAME-GRADE	ms-compress-1	240357aed76a	240357aed76a	402	formalized	formalized	key		Property~\textup{(T)} supplies a Kazhdan projection in its place, and stable finiteness of the corona replaces the dimension count.	rows/ms-compress-1.tsv: ms-compress-1: tex 402-403, closed named-Prop endpoint with #audit_closed_axioms (LANDED 43c01c44f, probe GREEN 0913-173237-77904) [census merge 4c3d9dd02]
SAME-GRADE+UNION2	ms-compress-1,ms-traces-3	53fd5ea7d3d0,53fd5ea7d3d0	53fd5ea7d3d0	1380	structural	structural	key		First suppose $X$ is a subshift over a finite alphabet.	rows/ms-compress-1.tsv: ms-compress-1 (census successor for chain-words, down): tex 1380, "First suppose X is a subshift over a finite alphabet." Setup of the subshift case. The subshift hypotheses appear as the ordinary hypotheses of the symbolic lemmas: shift invariance `∀ n, Set.MapsTo (shift n)
SAME-GRADE+UNION2	ms-compress-1,ms-traces-3	9bc3873fb872,9bc3873fb872	9bc3873fb872	1380	definition	definition	key		Its word graph at level $r$ has the length-$r$ words as vertices and the length-$(r+1)$ words as edges, from prefix to suffix.	rows/ms-compress-1.tsv: ms-compress-1 (census successor for chain-words, down): tex 1380-1382, "Its word graph at level r has the length-r words as vertices and the length-(r+1) words as edges, from prefix to suffix." `language X n` is the words read at position 0 from points of X (all words, for sh
SAME-GRADE+UNION2	ms-compress-1,ms-traces-3	078684fc2a60,078684fc2a60	078684fc2a60	1382	definition	definition	key		Call an edge cyclic if it lies on a directed cycle, and say the subshift satisfies the cycle condition if every edge of every word graph is cyclic.	rows/ms-compress-1.tsv: ms-compress-1 (census successor for chain-words, down): tex 1383-1384, "Call an edge cyclic if it lies on a directed cycle, and say the subshift satisfies the cycle condition if every edge of every word graph is cyclic." `IsCyclicEdge X r w` is w an edge and a directed path (
SAME-GRADE	ms-compress-1	4bb19e581840	4bb19e581840	1432	formalized	formalized	key		Such maps preserve the cycle condition, since cycles map to closed walks.	rows/ms-compress-1.tsv: ms-compress-1 (census successor for chain-itinerary, down): tex 1432-1433, "Such maps preserve the cycle condition, since cycles map to closed walks." Along the printed route: a symbol map sends word-graph edges to edges, walks to walks (`reflTransGen_wordEdge_comp`) and so c
SAME-GRADE	ms-compress-1	fe2bd83087c0	fe2bd83087c0	1429	formalized	formalized	key		Let $\pi_m\colon X\to X_m$ be their itinerary subshifts, and let $Y_m$ be the cores just constructed. Refinement gives one-block factor maps $\rho_{lm}\colon X_	rows/ms-compress-1.tsv: ms-compress-1 re-grade of chain-itinerary's partial row (chain-itinerary down): tex 1429-1432, "Let π_m: X → X_m be their itinerary subshifts, and let Y_m be the cores just constructed. Refinement gives one-block factor maps ρ_lm: X_l → X_m." The residual of the old row ("the
SAME-GRADE	ms-compress-1	ed348643e2ad	ed348643e2ad	1433	formalized	formalized	key		Thus $\rho_{lm}(Y_l)\subseteq Y_m$, and	rows/ms-compress-1.tsv: ms-compress-1 re-grade of chain-itinerary's partial row (chain-itinerary down): tex 1433-1438, "Thus ρ_lm(Y_l) ⊆ Y_m, and Y_* = ⋂_m π_m⁻¹(Y_m), π_m(Y_*) = ⋂_{l≥m} ρ_lm(Y_l)." The old residual ρ_lm(Y_l) ⊆ Y_m is `oneBlock_image_itineraryCore_subset`. Its proof uses the cyclic-
SAME-GRADE	ms-compress-1	807793f12a5e	807793f12a5e	1439	formalized	formalized	key		The second equality follows from compactness in the fibers.	rows/ms-compress-1.tsv: ms-compress-1 re-grade of chain-itinerary's partial row (chain-itinerary down): tex 1439, "The second equality follows from compactness in the fibers." The old residual (the instance for the cores) is `itinerary_image_generalCore`: `itinerary_image_inverseLimitCore` applied t
SAME-GRADE	ms-compress-1	042966c81c7e	042966c81c7e	1456	formalized	formalized	key		Pull back the symbolic defects to cover $X\setminus Y$ by their translates.	rows/ms-compress-1.tsv: ms-compress-1: tex 1456, "Pull back the symbolic defects to cover X∖Y by their translates." Along the printed route: Q = π_S⁻¹(reachableCylinderUnion X_S r b) for chain-subshift's noncyclic-edge defect is clopen with T(Q) ⊆ Q; a noncyclic window of π_S(x) at position i gives
SAME-GRADE	ms-compress-2	b2365e8ebb86	b2365e8ebb86	568	formalized	formalized	key	rows/ms-compress-2.tsv cites no landed commit; its declarations are defined and compiled at origin	So $UP=PU$, and correspondingly $\opnorm{\operatorname{Ad}(V_n(u))P_n-P_n\operatorname{Ad}(V_n(u))}\to0$.	rows/ms-compress-2.tsv: ms-compress-2: tex 568-569 (proof of thm:transport), "So UP=PU, and correspondingly ||Ad(V_n(u))P_n - P_n Ad(V_n(u))|| -> 0"; re-grade: the row named manuscriptSentence_movedFixedSpaceInclusionAndProjectionOrder, a fixed-space lemma on a Hilbert space that states neither clau
SAME-GRADE	ms-compress-2	bdceff578c1b	bdceff578c1b	479	definition	definition	key		Fix a faithful nondegenerate representation of $B$ on a Hilbert space $\mathcal H$, and let $\operatorname{Fix}\pi(L)$ be the space of vectors fixed by $\pi(L)$	rows/ms-compress-2.tsv: ms-compress-2: tex 479-481 (proof of lem:kazhdan-projection-order), "Fix a faithful nondegenerate representation of B on a Hilbert space H"; at printed generality: every unital C*-algebra B in every universe (universal GNS representation when B is nontrivial, the zero represe
SAME-GRADE	ms-compress-2	e425c4fecaee	e425c4fecaee	485	formalized	formalized	key		Since $U^*PU$ is the orthogonal projection onto $U^*\operatorname{Fix}\pi(L)$, it follows that $U^*PU\le P$.	rows/ms-compress-2.tsv: ms-compress-2: tex 486-487 (proof of lem:kazhdan-projection-order), "Since U*PU is the orthogonal projection onto U* Fix pi(L), it follows that U*PU <= P"; closed carrier on the Hilbert space: U*PU is a star projection, its fixed vectors are exactly U* Fix pi(L), and U*PU <=
SAME-GRADE	ms-compress-3	b0058fab44d8	b0058fab44d8	630	formalized	formalized	key		Discard the coordinates on which a fixed projection lift of \(q\) vanishes; infinitely many remain, and on them there are ranks \(r_n\ge1\), an identification o	rows/ms-compress-3.tsv: lem:central-corona-corner statement (tex 630-636 at 68481e4d7) at the printed generality: every projection lift, retained coordinates exactly the nonvanishing set, card r_k = rank(q_n) >= 1, identifications, W, corona equation. LANDED 69f7c6533 (probe 0913-170801-84248 GREEN,
SAME-GRADE	ms-compress-4	7778d54e679f	7778d54e679f	660	formalized	formalized	key		If every operator norm asymptotic representation \((V_n)\) of \(G\) satisfies \(\hsnorm{V_n(k)-1}\to0\) for all \(k\in K\), then every corona homomorphism from	rows/ms-compress-4.tsv: ms-compress-4: tex 660-662 (thm:normal-kazhdan), "If every operator norm asymptotic representation (V_n) of G satisfies ||V_n(k)-1||_2 -> 0 for all k in K, then every corona homomorphism from G is trivial on K"; the printed definition (tex 410-414) requires V_n(1)=1, so the h
SKIP	ms-compress-4,sec2-sentences	LINE:709,fb1df1a24e3f	fb1df1a24e3f	708	formalized	carrier,formalized	only-candidate; key	unknown status	So	
REPLACE	ms-core-1	715cbd0f3410	715cbd0f3410	1534	partial	partial	key	carrier not root-reachable at origin 4c3d9dd02 (compiled, outside the GroupApproximation import closure): GroupApproximation.Manuscript.NonMFSentences.CoreRingReflectionProofClosed	Apply the preceding argument to the unital map $r\mapsto\varphi(rE_{11})$ into this corner.	rows/ms-core-1.tsv: ms-core-1 (conditional-baseline sweep): tex 1534-1535 thm:core-ring-reflection proof, 'Apply the preceding argument to the unital map r -> phi(rE_11) into this corner', at R_X -> R_Y with nothing assumed: the unital map r -> phi(r E_ii) into the directly finite corner kills I (ki
REPLACE	ms-core-1	30a44485e5e8	30a44485e5e8	1535	partial	partial	key	carrier not root-reachable at origin 4c3d9dd02 (compiled, outside the GroupApproximation import closure): GroupApproximation.Manuscript.NonMFSentences.CoreRingReflectionProofClosed	Multiplication by the other matrix units shows that $\varphi$ kills $M_m(I)$.	rows/ms-core-1.tsv: ms-core-1 (conditional-baseline sweep): tex 1535-1536 thm:core-ring-reflection proof, 'Multiplication by the other matrix units shows that phi kills M_m(I)', at R_X with nothing assumed: every unital map from M_m(R_X) to a directly finite ring kills the kernel of M_m(R_X) -> M_m(
REPLACE	ms-core-1	f2baa4a46f78	f2baa4a46f78	1536	partial	partial	key	carrier not root-reachable at origin 4c3d9dd02 (compiled, outside the GroupApproximation import closure): GroupApproximation.Manuscript.NonMFSentences.CoreRingReflectionProofClosed	Its quotient $M_m(R_Y)$ is LEF, as follows entrywise from finite ring tables.	rows/ms-core-1.tsv: ms-core-1 (conditional-baseline sweep): tex 1536-1537 thm:core-ring-reflection proof, 'Its quotient M_m(R_Y) is LEF, as follows entrywise from finite ring tables', closed from coreModelsLEFStatement (b7e521e57) and IsLEFRing.matrix. Supersedes chain-reflection's 'R_Y LEF pending
REPLACE	ms-core-1	b180421b55ab	b180421b55ab	1439	partial	partial	key	carrier not root-reachable at origin 4c3d9dd02 (compiled, outside the GroupApproximation import closure): GroupApproximation.Manuscript.NonMFSentences.ChainCoreItineraryClosed	The sets on its right decrease and satisfy the cycle condition; finite language stabilization proves that their intersection does too.	rows/ms-core-1.tsv: ms-core-1 (conditional-baseline sweep): tex 1439-1441 lem:chain-core-models proof, 'The sets on its right decrease and satisfy the cycle condition; finite language stabilization proves that their intersection does too', as the closed endpoint printedItineraryIntersectionCycleCond
REPLACE	ms-core-1	c99bf0bdb029	c99bf0bdb029	1447	partial	formalized	key		Chain recurrence passes to factors, so $Y\subseteq Y_*$.	rows/ms-core-1.tsv: ms-core-1 (conditional-baseline sweep): tex 1447 lem:chain-core-models proof, 'Chain recurrence passes to factors, so Y subset Y_*', along the printed route: chainRecurrentSet_subset_generalCore applies mapsTo_chainRecurrentSet along each itinerary factor pi_m. Supersedes hull-eu
REPLACE+UNION2	ms-core-1,ms-traces-3	ded9e9646e4b,ded9e9646e4b	ded9e9646e4b	1408	partial	formalized	key		Compactness makes $Y_0$ nonempty, and all its words belong to $X$, so $Y_0\subseteq X$.	rows/ms-core-1.tsv: ms-core-1 (conditional-baseline sweep): tex 1402 lem:chain-core-models proof, 'Compactness makes Y_0 nonempty, and all its words belong to X, so Y_0 subset X': coreSubshift_nonempty (nested nonempty closed retained subshifts) and coreSubshift_subset. Supersedes chain-subshift's '
REPLACE+UNION2	ms-core-1,ms-traces-3	f7c8d8aab016,f7c8d8aab016	f7c8d8aab016	1406	partial	formalized	key		It is nonempty, and $Z_{r+1}\subseteq Z_r$, since a higher-level cycle projects to a closed walk at a lower level.	rows/ms-core-1.tsv: ms-core-1 (conditional-baseline sweep): tex 1402 lem:chain-core-models proof, 'It is nonempty, and Z_{r+1} subset Z_r, since a higher-level cycle projects to a closed walk at a lower level': retainedSubshift_nonempty and retainedSubshift_succ_subset. Supersedes chain-subshift's '
REPLACE	ms-core-2	c825bc73828a	c825bc73828a	1444	partial	formalized	key		Thus $R_{Y_*}$ is an increasing union of LEF rings and is LEF.	rows/ms-core-2.tsv: "R_{Y_*} is an increasing union of LEF rings and is LEF" (tex 1444-1445) along the printed route. Its two hypotheses are proved: subshiftCycleConditionLEFInput (tex 1386, ms-traces-3's isLEFRing_clopenCrossedProduct_of_cycleCondition) and subshiftCoreCycleConditionInput (tex 1411
REPLACE	ms-core-2	2df08eeac3cb	2df08eeac3cb	1442	partial	formalized	key		Coefficient pullback gives injective unital maps of crossed products, and every locally constant function is constant on a sufficiently fine partition.	rows/ms-core-2.tsv: "Coefficient pullback gives injective unital maps of crossed products, and every locally constant function is constant on a sufficiently fine partition" (tex 1442-1444): pullback along a surjective factor map is injective (the unital map is chain-core's ClopenCrossedProduct.comap
SAME-GRADE	ms-core-2	e6626f95fede	e6626f95fede	1447	formalized	formalized	key		Conversely, if $x\in Y_*$, choose $\mathcal P_m$ with mesh below $\varepsilon$.	rows/ms-core-2.tsv: "Conversely, if x in Y_*, choose P_m with mesh below epsilon" (tex 1447-1448). LANDED 0bdeb7074 [census merge 4c3d9dd02]
SAME-GRADE	ms-core-2	2583cbd0c0f2	2583cbd0c0f2	1449	formalized	formalized	key		A sufficiently accurate closed chain at $\pi_m(x)$ makes the zero-coordinate symbol of each next point equal the one-coordinate symbol of the preceding point.	rows/ms-core-2.tsv: "A sufficiently accurate closed chain at pi_m(x) makes the zero-coordinate symbol of each next point equal the one-coordinate symbol of the preceding point" (tex 1449-1451): windowRel 0 through chainStep_windowRel_iff. LANDED 0bdeb7074 [census merge 4c3d9dd02]
SAME-GRADE	ms-core-2	3b218f92cd81	3b218f92cd81	1451	formalized	formalized	key		Lift the intermediate points arbitrarily to $X$, with both endpoint lifts equal to $x$.	rows/ms-core-2.tsv: "Lift the intermediate points arbitrarily to X, with both endpoint lifts equal to x" (tex 1451-1452): induction over every lift. LANDED 0bdeb7074 [census merge 4c3d9dd02]
SAME-GRADE	ms-core-2	fb195144e5c2	fb195144e5c2	1452	formalized	formalized	key		Consecutive lifts satisfy the $\varepsilon$-chain condition because they lie in the same partition atom after shifting.	rows/ms-core-2.tsv: "Consecutive lifts satisfy the epsilon-chain condition because they lie in the same partition atom after shifting" (tex 1452-1454). LANDED 0bdeb7074 [census merge 4c3d9dd02]
SAME-GRADE	ms-core-2	8921296d639a	8921296d639a	1454	formalized	formalized	key		Hence $Y_*=Y$.	rows/ms-core-2.tsv: "Hence Y_* = Y" (tex 1454); Y subset Y_* by hull-euler's mapsTo_chainRecurrentSet along pi_m and chain-subshift's isChainRecurrent_iff_mem_coreSubshift. LANDED 0bdeb7074 [census merge 4c3d9dd02]
REPLACE	ms-core-2	d8e1a694d87c	d8e1a694d87c	1372	partial	formalized	key		The set $Y$ is nonempty, closed and invariant, and $R_Y$ is LEF.	rows/ms-core-2.tsv: lem:chain-core-models first sentence (tex 1372), "The set Y is nonempty, closed and invariant, and R_Y is LEF", as the closed endpoint printedChainCoreModelsFirstSentence (#audit_closed_axioms propext, Classical.choice, Quot.sound). Nonempty through coreSubshift_nonempty on the i
SAME-GRADE	ms-core-3	50c5dd41dff4	50c5dd41dff4	1689	formalized	formalized	key		For kernel matrices, include all entries of their deviations and inverse deviations in $F$.	rows/ms-core-3.tsv: [census override SUPERSEDE: this lane's rows at 50c5dd41dff4 are replaced by GroupApproximation.ClopenCrossedProduct.coreKernelElementaryStatement_holds GroupApproximation.ClopenCrossedProduct.printedInvolutionLocalization_closed (ms-core-4 owner supersede (report 21:32), main's
SAME-GRADE	ms-core-3	5c06eec5555b	5c06eec5555b	1690	formalized	formalized	key		Scalar conjugation then gives the unitized corner kernels.	rows/ms-core-3.tsv: [census override SUPERSEDE: this lane's rows at 5c06eec5555b are replaced by GroupApproximation.ClopenCrossedProduct.coreKernelElementaryStatement_holds GroupApproximation.ClopenCrossedProduct.printedInvolutionLocalization_closed (ms-core-4 owner supersede (report 21:32), main's
SAME-GRADE+UNION2	ms-core-3,ms-units	1c114e2c4209,LINE:1689	1c114e2c4209	1691	formalized	formalized	key; match 1.00>0.43		Over $\F_2$, the finite matrix argument in Theorem~\ref{thm:core-mf-radical} puts $wI_n$ in $\EL_n(R_X)$ for $n\ge2$; it also proves local finiteness of $K_1(I)	rows/ms-core-3.tsv: [census override SUPERSEDE: this lane's rows at 1c114e2c4209 are replaced by GroupApproximation.ClopenCrossedProduct.coreKernelElementaryStatement_holds GroupApproximation.ClopenCrossedProduct.printedInvolutionLocalization_closed (ms-core-4 owner supersede (report 21:32), main's
SAME-GRADE	ms-core-3	275bedb28f9f	275bedb28f9f	1345	definition	definition	key		Let $X$ be a nonempty compact metrizable zero-dimensional space, and let $T\colon X\to X$ be a homeomorphism.	rows/ms-core-3.tsv: ms-core-3: tex 1345, "Let $X$ be a nonempty compact metrizable zero-dimensional space, and let $T\colon X\to X$ be a homeomorphism." X is the carrier type and T : X ≃ₜ X; the printed hypotheses are the instance binders [MetricSpace X] [CompactSpace X] [TotallyDisconnectedSpace X]
SAME-GRADE	ms-core-3	752564275a33	752564275a33	1346	definition	definition	key		For a finite field $k$, put	rows/ms-core-3.tsv: ms-core-3: tex 1345-1350, "For a finite field $k$, put" plus the unnumbered display R_X = LC(X,k) ⋊_T ℤ, u f u^-1 = f ∘ T^-1, which the splitter drops. ClopenCrossedProduct T k is SkewMonoidAlgebra (ClopenCoeff T k) (Multiplicative ℤ) with ofAdd j • f = f ∘ T^(-j); unit_mul_coeff
SAME-GRADE	ms-core-3	a1bda19b475a	a1bda19b475a	1351	formalized	formalized	key		Here $\operatorname{LC}$ denotes locally constant functions and the crossed product is algebraic: its elements have unique finite Laurent expansions $\sum_j f_j	rows/ms-core-3.tsv: ms-core-3: tex 1351-1353, "Here $\operatorname{LC}$ denotes locally constant functions and the crossed product is algebraic: its elements have unique finite Laurent expansions $\sum_j f_j u^j$." Closed endpoint printedLaurentExpansionsUnique (#audit_closed_axioms): every x is sum
SAME-GRADE	ms-core-3	8a557cb954fb	8a557cb954fb	1353	formalized	formalized	key		The powers of $u$ remain formal even if $T$ has finite order.	rows/ms-core-3.tsv: ms-core-3: tex 1353-1354, "The powers of $u$ remain formal even if $T$ has finite order." Closed endpoint printedPowersFormal (#audit_closed_axioms): for every homeomorphism T, including those of finite order, j ↦ u^j is injective, using only X ≠ ∅ and 1 ≠ 0 in k. module landed b
SAME-GRADE	ms-core-3	6011dc411b20	6011dc411b20	1354	definition	definition	key		A ring is \emph{LEF} if every finite subset admits an injective map into a finite ring preserving the additions and multiplications that stay in that subset, an	rows/ms-core-3.tsv: ms-core-3: tex 1354-1357, "A ring is \emph{LEF} if every finite subset admits an injective map into a finite ring preserving the additions and multiplications that stay in that subset, and preserving $0$ and $1$ when present." IsPrintedLEFRing is the printed partial-table definit
SAME-GRADE	ms-core-3	2d1ca8689ac6	2d1ca8689ac6	1357	definition	definition	key		A group is LEF with the analogous multiplicative definition.	rows/ms-core-3.tsv: ms-core-3: tex 1357-1358, "A group is LEF with the analogous multiplicative definition." IsPrintedLEFGroup is the printed partial multiplication-table definition into finite groups; the closed endpoint printedLEFGroupDefinition (#audit_closed_axioms) proves it equivalent to the w
SAME-GRADE	ms-core-4	b1a4887c5412	b1a4887c5412	1358	formalized	formalized	key		Finite inverse-pair tables show that LEF rings are stably finite.	rows/ms-core-4.tsv: ms-core-4: tex 1358-1359 (sec:chain-core), "Finite inverse-pair tables show that LEF rings are stably finite."; the finite model of the table {a, b, b a, 1} sends a b = 1 to a directly finite finite ring, and injectivity gives b a = 1; the same in M_n(A), which is LEF by Pestov91
SAME-GRADE	ms-core-4	1d0bcc92a75f	1d0bcc92a75f	1359	formalized	formalized	key		Entrywise finite ring models, including the entries of inverse matrices, show that their general linear groups are LEF.	rows/ms-core-4.tsv: ms-core-4: tex 1359-1360, "Entrywise finite ring models, including the entries of inverse matrices, show that their general linear groups are LEF."; M_n(A) is LEF entrywise (Pestov91.IsLEFRing.matrix), and Pestov91.IsLEFRing.isLEF_units puts the entries of inverse matrices into t
SAME-GRADE	ms-core-4	1a88ddc187c0	1a88ddc187c0	1361	formalized	formalized	key		Countable LEF groups are MF, by the regular representations of the finite groups in their local models.	rows/ms-core-4.tsv: ms-core-4: tex 1361-1362, "Countable LEF groups are MF, by the regular representations of the finite groups in their local models."; MF is IsOperatorMF, and isWeakMF_of_isLEF (Sofic/WeakMFTransfer) uses the permutation matrices of the left regular action of each finite local mode
SAME-GRADE	ms-core-4	7e27335fac44	7e27335fac44	1647	formalized	formalized	key		Its countability hypothesis holds because $X$ has a countable clopen basis and each clopen subset is a finite union of basis sets.	rows/ms-core-4.tsv: ms-core-4: tex 1647-1649 (proof of thm:core-mf-radical), "Its countability hypothesis holds because X has a countable clopen basis and each clopen subset is a finite union of basis sets."; printedCountableClopenBasis carries both clauses for compact metrizable totally disconnecte
SAME-GRADE	ms-core-4	2546c17d9884	2546c17d9884	1485	formalized	formalized	key		The translates of the defects cover that complement; a finite clopen subdivision subordinate to this cover on each compact coefficient support proves the ideal-	rows/ms-core-4.tsv: ms-core-4: tex 1482-1484 (proof of lem:transient-matrices), "The translates of the defects cover that complement; a finite clopen subdivision subordinate to this cover on each compact coefficient support proves the ideal-generation claim."; the cover is hull-euler's Dynamics.comp
SAME-GRADE	ms-core-4	ccfc792cc48b	ccfc792cc48b	1610	definition	definition	key		Take $k=\F_2$ and write	rows/ms-core-4.tsv: ms-core-4: tex 1610-1613 (thm:core-mf-radical), "Take k=F_2 and write K_n=ker(GL_n(R_X) -> GL_n(R_Y))."; K_n is ct-rank-budget's glCoreKernel T (ZMod 2) n, the kernel of Units.map of the matrix restriction to CR(T), consumed at k = ZMod 2 by PrintedCoreMFRadical. LANDED 49354624f
SAME-GRADE	ms-core-4	521214409259	521214409259	1614	formalized	formalized	key		For $n\ge2$, $K_n=\EL_n(R_X,I)$ is locally finite.	rows/ms-core-4.tsv: ms-core-4: tex 1614, "For n>=2, K_n=EL_n(R_X,I) is locally finite."; closed endpoint printedCoreKernelAndELKill, clause 1: glCoreKernel = EL_n(R_X, coreTransientIdeal) as a subgroup of GL_n, elCoreKernel = EL_n(R_X, I), and IsLocallyFiniteGroup glCoreKernel. LANDED 49354624f (pro
SAME-GRADE	ms-core-4	e94a545b030a	e94a545b030a	1614	formalized	formalized	key		Moreover,	rows/ms-core-4.tsv: ms-core-4: tex 1614-1620, "Moreover, Rad_MF(GL_n(R_X))=K_n (n>=3), Rad_MF(EL_n(R_X))=K_n (n>=4)."; printedCoreMFRadical_of_coreModels, clauses 2-3. Partial: over DynamicRankBudget.CoreModelsLEFStatement (R_Y is LEF; chain-itinerary), which gives the GL kill (prop:bilateral-three
SAME-GRADE	ms-core-4	84bacecbfa4c	84bacecbfa4c	1621	formalized	formalized	key		The elementary restriction is surjective with LEF quotient $\EL_n(R_Y)$.	rows/ms-core-4.tsv: ms-core-4: tex 1621, "The elementary restriction is surjective with LEF quotient EL_n(R_Y)."; surjectivity is closed (elementaryGroupMap_coreRestrict_surjective, clause 3 of printedCoreKernelAndELKill); the LEF quotient (Pestov91.isLEF_elementaryGroup) is over CoreModelsLEFStatem
SAME-GRADE	ms-core-4	cc05d5f6226c	cc05d5f6226c	1622	formalized	formalized	key		The general linear quotient is the LEF restriction image.	rows/ms-core-4.tsv: ms-core-4: tex 1621-1622, "The general linear quotient is the LEF restriction image."; clause 5 of PrintedCoreMFRadical: IsLEF (glCoreRestrict T (ZMod 2) n).range. Partial: over CoreModelsLEFStatement. LANDED 49354624f (probe GREEN 0913-190449-10686), unwired, queued for wiring.
SAME-GRADE	ms-core-4	0c22aa9f1005	0c22aa9f1005	1626	structural	structural	key		First identify the full restriction kernel.	rows/ms-core-4.tsv: ms-core-4: tex 1626, "First identify the full restriction kernel."; announces the kernel identification carried by coreKernel_eq_relativeElementary. LANDED 49354624f (probe GREEN 0913-190449-10686), unwired, queued for wiring. [census merge 4c3d9dd02]
SAME-GRADE	ms-core-4	3b9dae111508	3b9dae111508	1626	formalized	formalized	key		If $g\in\GL_n(R_X)$ restricts to the identity, put all entries of $g-1$ and $g^{-1}-1$ inside one finite matrix-product algebra $B=\prod_a M_{h_a}(\F_2)\subset	rows/ms-core-4.tsv: ms-core-4 (for chain-radical, down): tex 1626-1629, "If g in GL_n(R_X) restricts to the identity, put all entries of g-1 and g^-1-1 inside one finite matrix-product algebra B=prod_a M_{h_a}(F_2) subset I, with local identity p."; chain-radical module 3 (Leavitt/LocallyMatricialCo
SAME-GRADE	ms-core-4	be106727feb1	be106727feb1	1630	formalized	formalized	key		Then $g=(1-p)I_n+h$ with $h\in\GL_n(B)$.	rows/ms-core-4.tsv: ms-core-4 (for chain-radical, down): tex 1630, "Then g=(1-p)I_n+h with h in GL_n(B)."; chain-radical module 2 (Leavitt/CornerUnitHom, on main): cornerMatrixHom M = scalar (1 - phi 1) + M.map phi. LANDED 49354624f (probe GREEN 0913-190449-10686), unwired, queued for wiring. [censu
SAME-GRADE	ms-core-4	4c62dd1963db	4c62dd1963db	1630	formalized	formalized	key		For $n\ge2$,	rows/ms-core-4.tsv: ms-core-4 (for chain-radical, down): tex 1630-1633, "For n>=2, GL_n(B)=EL_n(B) = prod_a SL_{nh_a}(F_2)."; chain-radical module 1 (Leavitt/ElementaryFTwoMatrixProduct, on main). LANDED 49354624f (probe GREEN 0913-190449-10686), unwired, queued for wiring. [census merge 4c3d9dd02]
SAME-GRADE	ms-core-4	fd54e2645afe	fd54e2645afe	1634	formalized	formalized	key		Indeed every invertible matrix over $\F_2$ has determinant one.	rows/ms-core-4.tsv: ms-core-4 (for chain-radical, down): tex 1634, "Indeed every invertible matrix over F_2 has determinant one."; chain-radical module 1. LANDED 49354624f (probe GREEN 0913-190449-10686), unwired, queued for wiring. [census merge 4c3d9dd02]
SAME-GRADE	ms-core-4	2416b0e3e06b	2416b0e3e06b	1635	formalized	formalized	key		Under block flattening, scalar roots across distinct outer blocks are block roots; a scalar root within one block is a commutator through another block.	rows/ms-core-4.tsv: ms-core-4 (for chain-radical, down): tex 1635-1637, "Under block flattening, scalar roots across distinct outer blocks are block roots; a scalar root within one block is a commutator through another block."; chain-radical module 1. LANDED 49354624f (probe GREEN 0913-190449-10686)
SAME-GRADE	ms-core-4	8ffeafc81808	8ffeafc81808	1637	formalized	formalized	key		Thus $g$ is generated by roots with coefficients in $I$.	rows/ms-core-4.tsv: ms-core-4 (for chain-radical, down): tex 1637-1638, "Thus g is generated by roots with coefficients in I."; chain-radical module 3. LANDED 49354624f (probe GREEN 0913-190449-10686), unwired, queued for wiring. [census merge 4c3d9dd02]
SAME-GRADE	ms-core-4	c13ca7c28028	c13ca7c28028	1638	formalized	formalized	key		This proves equality of the elementary and general linear restriction kernels with $\EL_n(R_X,I)$.	rows/ms-core-4.tsv: ms-core-4: tex 1638-1639, "This proves equality of the elementary and general linear restriction kernels with EL_n(R_X,I)."; both equalities at the core restriction, I = coreTransientIdeal. LANDED 49354624f (probe GREEN 0913-190449-10686), unwired, queued for wiring. [census merg
SAME-GRADE	ms-core-4	a47d16c7fbe5	a47d16c7fbe5	1639	formalized	formalized	key		The same argument for finitely many $g$ at once places them in a common finite group, proving local finiteness.	rows/ms-core-4.tsv: ms-core-4: tex 1639-1641, "The same argument for finitely many g at once places them in a common finite group, proving local finiteness."; closed. LANDED 49354624f (probe GREEN 0913-190449-10686), unwired, queued for wiring. [census merge 4c3d9dd02]
SAME-GRADE	ms-core-4	a1d5cde2c840	a1d5cde2c840	1644	formalized	formalized	key		For elementary groups with $n\ge4$, use Proposition~\ref{prop:torsion-defect-ring} on the defects in \eqref{eq:clopen-defect-pair}, which have additive order at	rows/ms-core-4.tsv: ms-core-4: tex 1644-1647, "For elementary groups with n>=4, use Proposition prop:torsion-defect-ring on the defects in eq:clopen-defect-pair, which have additive order at most two and generate I."; per defect d = 1 - st with ts = 1 and 2 d = 0 (two_nsmul_defectD), R_X countable,
SAME-GRADE	ms-core-4	0b84b12a0927	0b84b12a0927	1651	formalized	formalized	key		Lifting elementary coefficients makes the elementary restriction surjective.	rows/ms-core-4.tsv: ms-core-4: tex 1651-1652, "Lifting elementary coefficients makes the elementary restriction surjective."; restriction R_X -> R_Y is onto by coefficientwise extension (Pestov91.CrossedProduct.coeffMap_surjective over theoremc-retire's LocallyConstant.exists_comap_val_eq_of_isClose
SAME-GRADE	ms-core-4	aef6776a7348	aef6776a7348	1652	formalized	formalized	key		Its target is LEF by Lemma~\ref{lem:chain-core-models}, hence MF, which proves the opposite radical inclusion.	rows/ms-core-4.tsv: ms-core-4: tex 1652-1654, "Its target is LEF by Lemma lem:chain-core-models, hence MF, which proves the opposite radical inclusion."; GL_n(R_Y) is MF for countable LEF R_Y, so Rad_MF <= ker of the restriction. Partial: over CoreModelsLEFStatement. LANDED 49354624f (probe GREEN 09
SAME-GRADE	ms-core-4	646debe8463c	646debe8463c	1654	formalized	formalized	key		The general linear restriction image is a subgroup of the LEF group $\GL_n(R_Y)$, giving the other assertion.	rows/ms-core-4.tsv: ms-core-4: tex 1654-1655, "The general linear restriction image is a subgroup of the LEF group GL_n(R_Y), giving the other assertion."; partial: over CoreModelsLEFStatement. LANDED 49354624f (probe GREEN 0913-190449-10686), unwired, queued for wiring. Regraded formalized by ct-ra
SAME-GRADE+UNION2	ms-core-4,ms-core-5	2b6b9904f2d6,2b6b9904f2d6	2b6b9904f2d6	1643	formalized	formalized	key		Proposition~\ref{prop:bilateral-three} kills $\EL_n(R_X,I)$ in every general linear MF image for $n\ge3$.	rows/ms-core-4.tsv: ms-core-4 conditional-baseline sweep: tex 1643-1644, "Proposition prop:bilateral-three kills EL_n(R_X,I) in every general linear MF image for n>=3."; closed endpoint coreMFRadicalKillGLStatement_holds (#audit_closed_axioms): ms-core-5's CoreMFRadicalKillGLStatement over F_2, from
SAME-GRADE	ms-intro-1	e82d3011b6cb	e82d3011b6cb	72	formalized	formalized	key	rows/ms-intro-1.tsv cites no landed commit; its declarations are defined and compiled at origin	The unit group of the binary Leavitt algebra $L_{\F_2}(1,2)$ is a finitely generated simple property-\textup{(T)} group with no nontrivial homomorphism to an MF	rows/ms-intro-1.tsv: ms-intro-1: census correction, no Lean change. Abstract sentence "The unit group of the binary Leavitt algebra L_{F_2}(1,2) is a finitely generated simple property-(T) group with no nontrivial homomorphism to an MF group, and its reduced C*-algebra is separable and stably finite
SAME-GRADE	ms-intro-1	b671ae1aab2b	b671ae1aab2b	162	formalized	formalized	key		An element $c$ of the centralizer $C_G(L)$ commutes with $L$, so $ucu^{-1}$ commutes with $uLu^{-1}$ but need not commute with the rest of $L$.	rows/ms-intro-1.tsv: ms-intro-1 LANDED c28a60924 (probe 0913-170314-63885 GREEN, BUILT). Tex 162-164 "An element c of the centralizer C_G(L) commutes with L, so ucu^-1 commutes with uLu^-1 but need not commute with the rest of L". The old row carried only rank-twelve instances. PrintedCentralizerCon
SAME-GRADE	ms-intro-1	88e8012cb87e	88e8012cb87e	87	formalized	formalized	key		A countable group $G$ is \emph{MF}~\cite{CDE} if there are positive integers $d_n$ and maps $V_n\colon G\to\U(d_n)$, with $V_n(1)=1$, such that	rows/ms-intro-1.tsv: ms-intro-1 LANDED 0f5189f9a (probe 0913-171351-8828 GREEN, BUILT). The printed MF definition (tex 87-98) now also names the corona-form bridge. PrintedMFDefinitionCoronaForm: for every countable G, IsOperatorMF G <-> the printed models (V_n(1)=1, asymptotic multiplicativity, lim
SAME-GRADE	ms-intro-2	270c3118af88	270c3118af88	182	formalized	formalized	key		The criterion behind every example is Theorem~\ref{thm:compression-criterion}: for a property-\textup{(T)} subgroup $L\le G$, every normal property-\textup{(T)}	rows/ms-intro-2.tsv: ms-intro-2: tex 182-185 "dies in every MF image" at the printed form: every homomorphism from a countable G to an MF group is trivial on a normal property-(T) K <= D_G(L), for L with (T), as in thm:compression-criterion. The radical carrier stops at K <= manuscriptCoronaMFResidu
SAME-GRADE	ms-intro-2	9bab404c96c5	9bab404c96c5	207	formalized	formalized	key		The stable letter of an ascending HNN extension of a property-\textup{(T)} group along a proper self-embedding is a compressor.	rows/ms-intro-2.tsv: ms-intro-2: was structural, but the sentence asserts mathematics. For every group L with property (T) and every injective endomorphism phi with phi(L) != L, the stable letter t of HNNExtension L top phi(L) satisfies t of(L) t^-1 <= of(L). LANDED ef4e63c90 (probe 0913-170556-7642
SAME-GRADE	ms-intro-2	6b5d4b5c3081	6b5d4b5c3081	210	formalized	formalized	key		A pair $s,t\in R$ with $ts=1$ gives a compressor in the same way: an explicit element $u\in\EL_4(R)$ conjugates $\EL_3(R)$ into itself by $e_{ij}(a)\mapsto e_{i	rows/ms-intro-2.tsv: ms-intro-2: the previous carriers (FullDefectRingSentences compressorMatrix, intertwine, defectIsEverything) are stated over the universal ring C only; the sentence is for every unital ring R with ts = 1. Closed over every ring: u = compressor of the pair lies in Comp(EL_3), u e
SAME-GRADE	ms-intro-2	29d7a8ccf93a	29d7a8ccf93a	215	formalized	formalized	key		It suffices to do this once, in the universal unital associative ring $\mathcal C=\mathbb Z\langle s_0,s_1,t_0,t_1\rangle/ (t_is_j-\delta_{ij}:i,j\in\{0,1\})$,	rows/ms-intro-2.tsv: ms-intro-2: manuscriptSentence_imageOfBNormallyGeneratesELn is stated over a section variable Q : ProperlyInfiniteUnit R. The closed Prop covers every countable unital R with ts = 1 and 1 - st full and every n >= 2 ("below" = thm:full-defect-ring), through RankDescent.ofFull and
SAME-GRADE	ms-intro-2	0317786bea4d	0317786bea4d	221	formalized	formalized	key		Theorem~\ref{thm:full-defect-ring} carries this to every countable unital ring with such a pair $s,t$ and to every $n\ge2$: every homomorphism from $\EL_n(R)$ t	rows/ms-intro-2.tsv: ms-intro-2: re-pointed. The programme carrier's theorem clause PrintedFullComplementaryIdempotents covers n >= 4; the sentence says every n >= 2, which is PrintedFullComplementaryIdempotentsRankTwo exactly (countable R, ts = 1, 1 - st full, every homomorphism from EL_n(R) to an
SAME-GRADE	ms-intro-2	4bf35a8f555d	4bf35a8f555d	225	definition	definition	key		Let $L_{\F_2}(1,2)$ denote the binary Leavitt algebra~\cite{Leavitt}, the unital $\F_2$-algebra generated by $s_0,s_1,t_0,t_1$ subject to	rows/ms-intro-2.tsv: ms-intro-2: re-pointed. The old carrier FullDefectRingSentences.manuscriptSentence_ringRelations is the relation list of C in the proof of thm:full-defect-ring. L_{F_2}(1,2) is the RingQuot of the five equations of eq:leavitt (BinaryLeavitt.Relation) over the free algebra on s0,
SAME-GRADE	ms-intro-3	664f4f34b841	664f4f34b841	236	formalized	formalized	key		Every homomorphism from $H$ to an MF group is trivial. So $H$ is not MF, and $C^*_{\mathrm r}(H)$ is separable and stably finite but not MF, while $C^*_{\max}(H	rows/ms-intro-3.tsv: ms-intro-3: thm:headline tex 236-239. The literal clause "C*_max(H) is not finite: it contains a proper isometry" is now carried by the closed PrintedHeadlineMaximalProperIsometry (not IsDedekindFiniteMonoid and an element v with star v * v = 1 and not IsUnit v), by prop:max-inf
SAME-GRADE+UNION2	ms-intro-3,sec4-sentences	a96c09324a87,a96c09324a87	a96c09324a87	274	formalized	formalized	key	rows/sec4-sentences.tsv cites no landed commit; its declarations are defined and compiled at origin	The trace answers the question of Brown~\cite[discussion preceding Proposition~3.5.1]{Brown} and of Schafhauser, Tikuisis and White~\cite[Problem~X(1)]{STW} whe	rows/ms-intro-3.tsv: ms-intro-3: tex 274-282. The Brown/STW clause is mathematics, not attribution: closed PrintedAmenableTraceAnswersProblemX1 (the group W of thm:amenable-trace, its canonical maximal tracial state amenable and not quasidiagonal, and not ProblemX1Statement). The TWW clause stays at
SAME-GRADE+UNION2	ms-intro-3,sec5-sentences	abb56744db26,LINE:280	abb56744db26	293	partial	partial	key; line 280->292 match 1.00>0.78		The last group has none.	rows/ms-intro-3.tsv: ms-intro-3: tex 293 "The last group has none." It asserts that Q of thm:torsion-free is torsion-free, which is a clause of the printed theorem; its carriers are over hgreendlinger (W1 wall, other swarm). Regrade structural -> partial. The preceding sentence (80279f06992b) is car
SAME-GRADE	ms-intro-4	523f02126056	523f02126056	342	formalized	formalized	key		Here the rigidity comes from the Kazhdan projection of $L$ in a norm matrix corona, which commutes with the compressor because the corona is stably finite, and	rows/ms-intro-4.tsv: ms-intro-4: Related work, tex 343-349 (68481e4d7). Re-grade: one closed carrier PrintedRelatedWorkKazhdanRigidity with a conjunct per printed clause (projection commutes with the compressor via lem:stable-finite; [ucu^-1,l] -> 1 in HS norm; nontrivial at the rank-twelve configur
SAME-GRADE	ms-inverses-1	e681972f7114	e681972f7114	742	formalized	formalized	key		Then $C^*_{\max}(G)$ contains a proper isometry.	rows/ms-inverses-1.tsv: prop:max-infinite (tex 742-743 at 68481e4d7) "Then C*max(G) contains a proper isometry": literal closed carrier, s in C*max(G) with s*s = 1 and ss* != 1 from the printed hypotheses (countability dropped, more general). LANDED 88180a8b8 (probe 0913-165710-37455 GREEN); queued
SAME-GRADE	ms-inverses-1	901f1b49e4e9	901f1b49e4e9	768	formalized	formalized	key		so $s$ is a proper isometry, and $\operatorname{diag}(s,1,\ldots,1)$ is one in every matrix algebra over $C^*_{\max}(G)$, which is therefore not stably finite.	rows/ms-inverses-1.tsv: proof of prop:max-infinite (tex 768-770) "so s is a proper isometry, and diag(s,1,...,1) is one in every matrix algebra over C*max(G), which is therefore not stably finite": the amplification step is carried in every M_{n+1}. LANDED 88180a8b8 (probe 0913-165710-37455 GREEN);
SAME-GRADE	ms-inverses-1	9b21786b2a7b	9b21786b2a7b	755	formalized	formalized	key		Conjugation by $u$ implements the isomorphism $\Gamma\to t\Gamma t^{-1}$ on canonical unitaries, so by Lemma~\ref{lem:kazhdan-projection-order} applied with $U=	rows/ms-inverses-1.tsv: proof of prop:max-infinite (tex 755-759 at 68481e4d7) "Conjugation by u implements the isomorphism Gamma -> t Gamma t^-1 on canonical unitaries, so by Lemma lem:kazhdan-projection-order applied with U=u, P <= uPu*, where uPu* is the image of the Kazhdan projection of t Gamma
SAME-GRADE	ms-inverses-2	9dbe7e587681	9dbe7e587681	818	formalized	formalized	key		Put $e=1-st$, so that $es=te=0$, and choose $a_j,b_j\in R$, $0\le j<m$, with $\sum_ja_jeb_j=1$.	rows/ms-inverses-2.tsv: ms-inverses-2: tex 818-819 (proof of lem:two-copies), "Put e=1-st, so that es=te=0, and choose a_j,b_j"; the row named only the def ofFull; manuscriptSentence_twoCopiesSetup proves e=1-st, es=0, te=0 (on origin/main 15ab3ebe5) [census merge 4c3d9dd02]
SAME-GRADE	ms-inverses-2	91d76a509a2b	91d76a509a2b	823	formalized	formalized	key		For all $i,j\ge0$, $et^is^je=\delta_{ij}e$: for $j>i$ the middle factor is $s^{j-i}$, which $e$ kills on the left, and for $i>j$ it is $t^{i-j}$, which $e$ kill	rows/ms-inverses-2.tsv: ms-inverses-2: tex 823-825, e t^i s^j e = delta_ij e and the two middle-factor reasons; adds the four lemmas the proof uses (t^i s^j = s^(j-i), t^(i-j); e s^(k+1)=0; t^(k+1) e=0) (on origin/main 15ab3ebe5) [census merge 4c3d9dd02]
SAME-GRADE	ms-inverses-2	0bbf89803d26	0bbf89803d26	827	formalized	formalized	key		Conversely, $w_1(1-v_0w_0)v_1=w_1v_1-(w_1v_0)(w_0v_1)=1$.	rows/ms-inverses-2.tsv: ms-inverses-2: tex 827-828, "Conversely, w_1(1-v_0w_0)v_1 = w_1v_1-(w_1v_0)(w_0v_1) = 1"; adds the bare-data carrier of both equalities (on origin/main 15ab3ebe5) [census merge 4c3d9dd02]
SAME-GRADE	ms-inverses-2	69843250783b	69843250783b	853	formalized	formalized	key		does this by conjugation, since $zf=vf$.	rows/ms-inverses-2.tsv: ms-inverses-2: tex 850-852, display z=vf+fw+1-f-vfw (dropped by the splitter) and "does this by conjugation, since zf=vf"; adds zElt and zElt_eq for the display (on origin/main 15ab3ebe5) [census merge 4c3d9dd02]
SAME-GRADE	ms-inverses-2	db1722e32d5d	db1722e32d5d	861	formalized	formalized	key		puts $h=\operatorname{diag}(z,z)$ in $\EL_2(R)$, and $he_{12}(fr)h^{-1}=e_{12}(zfrz)=e_{12}(v\,frz)\in N$.	rows/ms-inverses-2.tsv: ms-inverses-2: tex 861-862, "h e_12(fr) h^-1 = e_12(zfrz) = e_12(v frz) in N"; adds the carrier of the final membership in N (on origin/main 15ab3ebe5) [census merge 4c3d9dd02]
SAME-GRADE	ms-inverses-2	1eb8329e0e6b	1eb8329e0e6b	870	formalized	formalized	key		In $G=\EL_4(R)$ let $L=\EL_3(R)$ occupy coordinates $1,2,3$.	rows/ms-inverses-2.tsv: ms-inverses-2: tex 870-871, "In G=EL_4(R) let L=EL_3(R) occupy coordinates 1,2,3"; adds coreEmbedding_range (core R is the image of EL_3(R)) (on origin/main 15ab3ebe5) [census merge 4c3d9dd02]
SAME-GRADE	ms-inverses-2	8ed7601a0e35	8ed7601a0e35	900	formalized	formalized	key		For $1\le i\ne j\le3$ and $a\in R$,	rows/ms-inverses-2.tsv: ms-inverses-2: tex 900-904, "For 1<=i!=j<=3 and a in R", eq:intertwine u e_ij(a) = e_ij(sat) u; adds compressor_mul_coreRoot, the printed display itself (the row named only the conjugation form) (on origin/main 15ab3ebe5) [census merge 4c3d9dd02]
SAME-GRADE	ms-inverses-2	419d553a0d48	419d553a0d48	922	formalized	formalized	key		So $ucu^{-1}=e_{12}(e)$, and the Steinberg relation $[e_{12}(e),e_{23}(1)]=e_{13}(e)$ gives the second identity.	rows/ms-inverses-2.tsv: ms-inverses-2: tex 922-924, "So ucu^-1=e_12(e), and the Steinberg relation [e_12(e),e_23(1)]=e_13(e) gives the second identity"; adds the Steinberg relation used by defect_eq (on origin/main 15ab3ebe5) [census merge 4c3d9dd02]
SAME-GRADE	ms-inverses-2	c90393ba6292	c90393ba6292	812	formalized	formalized	key		Conversely, such elements satisfy $w_0v_0=1$ and $w_1(1-v_0w_0)v_1=1$.	rows/ms-inverses-2.tsv: ms-inverses-2: tex 812-813 (statement of lem:two-copies), "Conversely, such elements satisfy w_0v_0=1 and w_1(1-v_0w_0)v_1=1"; the old carrier stated the converse only as some full pair s,t; printedTwoCopiesConverse states both identities for given v,w with w_iv_j=delta_ij, a
SAME-GRADE	ms-inverses-2	f437c7807b77	f437c7807b77	825	formalized	formalized	key		So $w_0v_0=t^ms^m=1$, $w_1v_1=\sum_ja_jeb_j=1$, $w_0v_1=\sum_jt^{m-j}eb_j=0$, and $w_1v_0=\sum_ja_jes^{m-j}=0$.	rows/ms-inverses-2.tsv: ms-inverses-2: tex 825-827 (proof of lem:two-copies), "So w_0v_0=t^ms^m=1, w_1v_1=sum a_jeb_j=1, w_0v_1=sum t^(m-j)eb_j=0, and w_1v_0=sum a_jes^(m-j)=0"; the old carriers full_* stated only the end values; the printed middle sums are now stated link by link; LANDED a74a166ae
SAME-GRADE	ms-inverses-2	0f4f9e94cc50	0f4f9e94cc50	918	formalized	formalized	key		Both $uc$ and $e_{12}(e)u$ equal $u+et\,E_{14}$: the last column of $uc$ is $(e,et,et^2,t^3)^{\mathsf T}(1+et)$ and $e^2=e$, $te=0$, while $e_{12}(e)u$ adds $e$	rows/ms-inverses-2.tsv: ms-inverses-2: tex 918-922 (proof of lem:ring-compression-cell), "Both uc and e_12(e)u equal u+etE_14: the last column of uc is (e,et,et^2,t^3)^T(1+et) ... e_12(e)u adds e times the second row (0,s,0,et) of u to its first row"; the old carrier proved uc=e_12(e)u in one entryw
SAME-GRADE	ms-inverses-3	2e41521883fb	2e41521883fb	976	formalized	formalized	key		By Theorem~\ref{thm:compression-criterion} with $K=G$, every homomorphism from $G$ to an MF group is trivial.	rows/ms-inverses-3.tsv: ms-inverses-3: tex 964-966, "By Theorem thm:compression-criterion with K=G, every homomorphism from G to an MF group is trivial"; the criterion's radical clause (FullDefectRing.manuscriptSaturatedPrintedDefectRadical) at G = EL_4(C), L = core C, (T) by ejz, D_G(L)=G by manusc
SAME-GRADE	ms-inverses-3	7fb55eb3f582	7fb55eb3f582	1002	formalized	formalized	key		Let $\rho$ be a homomorphism from $\EL_2(R)$ to an MF group.	rows/ms-inverses-3.tsv: ms-inverses-3: tex 993, "Let rho be a homomorphism from EL_2(R) to an MF group"; the binder of the carrier. LANDED 72c47f30a [census merge 4c3d9dd02]
SAME-GRADE	ms-inverses-3	16a8406515ce	16a8406515ce	1003	formalized	formalized	key		Composed with $\EL_4(\mathcal C)\to\EL_4(R)\to\EL_2(R)$ it is trivial, so $\rho$ kills the image $\Psi(e_{12}(1))=\operatorname{diag}(1+S_1T_2,1)$ of $e_{12}(1)	rows/ms-inverses-3.tsv: ms-inverses-3: tex 993-997, composite EL_4(C)->EL_4(R)->EL_2(R) trivial, image of e_12(1) is gen(S_1,T_2)=diag(1+S_1T_2,1), rho kills it, it normally generates EL_2(R) (lem:rank-two at S_1,T_1,S_2,T_2); no rank-four input at R. LANDED 72c47f30a [census merge 4c3d9dd02]
SAME-GRADE	ms-inverses-3	1a16fdba9df3	1a16fdba9df3	1008	formalized	formalized	key		So $\rho$ is trivial, and the image of $\EL_4(\mathcal C)$ in $\EL_2(R)$ normally generates $\EL_2(R)$.	rows/ms-inverses-3.tsv: ms-inverses-3: tex 997-998, "So rho is trivial, and the image of EL_4(C) in EL_2(R) normally generates EL_2(R)"; printed route, replaces manuscriptSentence_rhoTrivial (which takes h4 at R). LANDED 72c47f30a [census merge 4c3d9dd02]
SAME-GRADE	ms-inverses-3	8487a62c655f	8487a62c655f	1013	formalized	formalized	key		A homomorphism from $\EL_n(R)$ to an MF group is trivial on that copy, hence trivial, and the image of $\EL_4(\mathcal C)$ in that copy normally generates $\EL_	rows/ms-inverses-3.tsv: ms-inverses-3: tex 1000-1002, trivial on the copy of EL_2(R) hence trivial (normal closure of the copy by manuscriptSentence_allRanksSignedPermutations); image of EL_4(C) in that copy normally generates EL_n(R). LANDED 72c47f30a [census merge 4c3d9dd02]
SAME-GRADE	ms-inverses-3	29118a9b250c	29118a9b250c	931	formalized	formalized	key		Let $R$ be a countable unital associative ring.	rows/ms-inverses-3.tsv: ms-inverses-3: tex 931, thm:full-defect-ring hypothesis; endpoint re-proved along the printed universal-group route. LANDED 72c47f30a [census merge 4c3d9dd02]
SAME-GRADE	ms-inverses-3	5cbedadd4606	5cbedadd4606	931	formalized	formalized	key		Suppose that $s,t\in R$ satisfy	rows/ms-inverses-3.tsv: ms-inverses-3: tex 932-935, ts=1, R(1-st)R=R (TwoSidedIdeal.span {1-st} = top, equivalent to the finite-sum form by the gloss). LANDED 72c47f30a [census merge 4c3d9dd02]
SAME-GRADE	ms-inverses-3	cede6c4edd2c	cede6c4edd2c	938	formalized	formalized	key		For every $n\ge2$, every homomorphism from $\EL_n(R)$ to an MF group is trivial. Every homomorphism from $\EL_4(\mathcal C)$ to an MF group is trivial; that gro	rows/ms-inverses-3.tsv: ms-inverses-3: tex 937-942, both printed clauses (n>=2 triviality; EL_4(C) trivial MF homs, f.g., (T), normally generating hom to EL_n(R)) along the printed route. LANDED 72c47f30a [census merge 4c3d9dd02]
SAME-GRADE	ms-inverses-3	97fcf1f9add1	97fcf1f9add1	1029	formalized	formalized	key		If $R$ is a countable simple unital ring that is not directly finite, then every homomorphism from $\EL_n(R)$ to an MF group is trivial for every $n\ge2$.	rows/ms-inverses-3.tsv: ms-inverses-3: tex 1012-1014, cor:simple-infinite-ring first sentence, via the printed-route theorem. LANDED 72c47f30a [census merge 4c3d9dd02]
SAME-GRADE	ms-inverses-3	017719ec2a80	017719ec2a80	1032	formalized	formalized	key		The same conclusion holds for $R=L_k(1,m)$, for every countable field $k$ and every $m\ge2$.	rows/ms-inverses-3.tsv: ms-inverses-3: tex 1015-1016, L_k(1,m) case via completeMatrixFamily_full and the printed-route theorem. LANDED 72c47f30a [census merge 4c3d9dd02]
SAME-GRADE+UNION2	ms-inverses-3,sec3-sentences	e490d00b41a0,LINE:1035	e490d00b41a0	1047	formalized	formalized	key; line 1035->1047 only-candidate		Theorem~\ref{thm:full-defect-ring} applies in both cases.	rows/ms-inverses-3.tsv: ms-inverses-3: tex 1035, "Theorem thm:full-defect-ring applies in both cases"; both cases over the printed route. LANDED 72c47f30a | rows/sec3-sentences.tsv: cor:simple-infinite-ring "Theorem thm:full-defect-ring applies in both cases": the AllCharacteristics endpoints on exa
SAME-GRADE	ms-inverses-3	eda117e756e6	eda117e756e6	1465	definition	definition	key		Call an algebra \emph{locally matricial} if every finite subset is contained in a finite product of full matrix algebras over its coefficient field; these subal	rows/ms-inverses-3.tsv: ms-inverses-3: tex 1465-1467, "Call an algebra locally matricial if every finite subset is contained in a finite product of full matrix algebras over its coefficient field; these subalgebras may have their own local identities"; the local identity is exists_idempotent. Carrie
SAME-GRADE	ms-inverses-3	7ff20576d4cf	7ff20576d4cf	1470	formalized	formalized	key		Restriction fits into an exact sequence	rows/ms-inverses-3.tsv: ms-inverses-3: tex 1469-1473, "Restriction fits into an exact sequence 0->I->R_X->R_Y->0, I=LC_c(X\Y,k) x_T Z"; all five clauses of lem:transient-matrices in one closed endpoint over every finite field at Y = CR(T): restriction onto (ct-return-tower 17817cdac), kernel I, I =
SAME-GRADE	ms-inverses-3	910136e6e66d	910136e6e66d	1482	formalized	formalized	key		Locally constant functions on a closed subset extend by finite clopen partitions.	rows/ms-inverses-3.tsv: ms-inverses-3: tex 1479-1480, "Locally constant functions on a closed subset extend by finite clopen partitions"; restriction LC(X,k)->LC(Y,k) onto for closed Y, by a finite clopen partition of X tracing the fibers (theoremc-retire 49fbb28f9). LANDED b421d0604 [census merge 4
SAME-GRADE	ms-inverses-3	c05b0ec8b821	c05b0ec8b821	1483	formalized	formalized	key		Their restriction kernel consists exactly of functions compactly supported in the complement.	rows/ms-inverses-3.tsv: ms-inverses-3: tex 1480-1481, "Their restriction kernel consists exactly of functions compactly supported in the complement". LANDED b421d0604 [census merge 4c3d9dd02]
SAME-GRADE	ms-inverses-3	97e43ae93d14	97e43ae93d14	1484	formalized	formalized	key		Laurent normal forms give exactness.	rows/ms-inverses-3.tsv: ms-inverses-3: tex 1481, "Laurent normal forms give exactness"; both ends: x in I iff every Laurent coefficient vanishes on Y, and restriction is onto, by extending each Laurent coefficient over a finite clopen partition (coeffMap_surjective). LANDED 6867e7460. [census merge
REPLACE	ms-inverses-3	e60c16639f70	e60c16639f70	1489	partial	definition	key		Put $U=X\setminus Y$.	rows/ms-inverses-3.tsv: ms-inverses-3: tex 1485, "Put U=X\Y"; U is spelled as the complement of Dynamics.chainRecurrentSet T (x not in CR(T); Disjoint C (chainRecurrentSet T)). LANDED 48794b1c1 [census merge 4c3d9dd02]
REPLACE	ms-inverses-3	4244fb3c658b	4244fb3c658b	1491	partial	formalized	key		Also $U$ has no periodic points.	rows/ms-inverses-3.tsv: ms-inverses-3: tex 1487, "Also U has no periodic points"; a periodic point is chain recurrent (its orbit segment is an exact chain). LANDED 48794b1c1 [census merge 4c3d9dd02]
REPLACE	ms-inverses-3	34e1eeff13be	34e1eeff13be	1492	partial	formalized	key		Express a prescribed finite subset of $I$ as linear combinations of characteristic functions of compact clopen partial shift graphs.	rows/ms-inverses-3.tsv: ms-inverses-3: tex 1487-1489, "Express a prescribed finite subset of I as linear combinations of characteristic functions of compact clopen partial shift graphs"; every x in I is sum_g sum_{c ne 0} c 1_{D_{g,c}} u^g, D_{g,c} the fiber of the u^g coefficient at c, compact clop
REPLACE	ms-inverses-3	cd20a742dd3c	cd20a742dd3c	1494	partial	formalized	key		Include inverse partial shifts, and let $C$ be the union of their sources and ranges.	rows/ms-inverses-3.tsv: ms-inverses-3: tex 1489-1490, "Include inverse partial shifts, and let C be the union of their sources and ranges"; C = union of the sources D and ranges T^{-g}(D) of the graphs of F and of the inverse graphs (T^{-g}(D), g^-1); clopen, compact, off CR(T), carries every coeffi
SAME-GRADE	ms-inverses-3	1687471008a1	1687471008a1	1495	formalized	formalized	key	rows/ms-inverses-3.tsv cites no landed commit; its declarations are defined and compiled at origin	The equivalence relation they generate on $C$ has classes of size at most $m$.	rows/ms-inverses-3.tsv: ms-inverses-3: tex 1490-1491, "The equivalence relation they generate on C has classes of size at most m"; the class of x is its reachable exponent set, of card at most m under ExponentBound. [census merge 4c3d9dd02]
SAME-GRADE	ms-inverses-3	ff376e50f433	ff376e50f433	1496	partial	partial	key	rows/ms-inverses-3.tsv cites no landed commit; its declarations are defined and compiled at origin	Erasing loops shortens any path between related points to at most $m-1$ steps.	rows/ms-inverses-3.tsv: ms-inverses-3: tex 1491-1492, "Erasing loops shortens any path between related points to at most m-1 steps"; the conclusion is proved by stabilization of the increasing reachable sets of card at most m, not by erasing loops. Kept partial (re-checked 23:20): a loop-erasure car
REPLACE	ms-inverses-3	a3598c08b42c	a3598c08b42c	1497	partial	formalized	key		Freeness on $U$ makes the arrow between related points unique.	rows/ms-inverses-3.tsv: ms-inverses-3: tex 1492-1493, "Freeness on U makes the arrow between related points unique"; for x off CR(T), T^d x = T^{d'} x forces d = d', since otherwise x is periodic and so chain recurrent (4244fb3c658b). Printed reason. LANDED 1684652bd. [census merge 4c3d9dd02]
SAME-GRADE	ms-inverses-3	741b64286b55	741b64286b55	1498	formalized	formalized	key	rows/ms-inverses-3.tsv cites no landed commit; its declarations are defined and compiled at origin	The generated relation therefore consists of finitely many partial shifts with compact clopen domains.	rows/ms-inverses-3.tsv: ms-inverses-3: tex 1493-1495, "The generated relation therefore consists of finitely many partial shifts with compact clopen domains"; finitely many exponent classes, each with a clopen domain. [census merge 4c3d9dd02]
SAME-GRADE	ms-inverses-3	1d0f9a56866c	1d0f9a56866c	1502	partial	partial	key	rows/ms-inverses-3.tsv cites no landed commit; its declarations are defined and compiled at origin	Choose a finite clopen partition of $C$ separating distinct points in each class: the finitely many nonidentity partial shifts have no fixed points, so compactn	rows/ms-inverses-3.tsv: ms-inverses-3: tex 1497-1499, "Choose a finite clopen partition of C separating distinct points in each class ... compactness gives such a partition"; no separating partition is built. Kept partial (re-checked 23:20): the Lean representative is the point of least exponent (Ch
SAME-GRADE	ms-inverses-3	fd026a61f84f	fd026a61f84f	1504	partial	partial	key	rows/ms-inverses-3.tsv cites no landed commit; its declarations are defined and compiled at origin	Order its atoms and select the point in the first occupied atom as the class representative.	rows/ms-inverses-3.tsv: ms-inverses-3: tex 1499-1500, "Order its atoms and select the point in the first occupied atom as the class representative"; the representative is the point of least exponent in its class, not the first occupied atom. Kept partial (re-checked 23:20): same reason as 1d0f9a5686
SAME-GRADE	ms-inverses-3	46f3810145ee	46f3810145ee	1506	partial	partial	key	rows/ms-inverses-3.tsv cites no landed commit; its declarations are defined and compiled at origin	The representative set is clopen, because presence of a related point in an earlier atom is a finite clopen test.	rows/ms-inverses-3.tsv: ms-inverses-3: tex 1500-1502, "The representative set is clopen, because presence of a related point in an earlier atom is a finite clopen test"; the least-exponent representative set is clopen because its class exponents form a locally constant finite set. Kept partial (re-c
SAME-GRADE	ms-inverses-3	5079b22a3633	5079b22a3633	1508	partial	partial	key	rows/ms-inverses-3.tsv cites no landed commit; its declarations are defined and compiled at origin	Refine it according to the occupied atoms, the shift exponents to each level, and all original coefficient values.	rows/ms-inverses-3.tsv: ms-inverses-3: tex 1502-1503, "Refine it according to the occupied atoms, the shift exponents to each level, and all original coefficient values"; exists_cells refines the least-exponent representative set by class exponents and coefficient values at every level; there are no
SAME-GRADE	ms-inverses-3	d01cbef361ce	d01cbef361ce	1509	formalized	formalized	key	rows/ms-inverses-3.tsv cites no landed commit; its declarations are defined and compiled at origin	On each cell the classes have a fixed size $h$ and continuously enumerated clopen levels.	rows/ms-inverses-3.tsv: ms-inverses-3: tex 1503-1505, "On each cell the classes have a fixed size h and continuously enumerated clopen levels"; h = card S a, levels transientTowerLevel indexed by the ordered exponents. [census merge 4c3d9dd02]
SAME-GRADE	ms-inverses-3	2a63696d979b	2a63696d979b	1511	formalized	formalized	key	rows/ms-inverses-3.tsv cites no landed commit; its declarations are defined and compiled at origin	The characteristic arrows between these levels form a copy of $M_h(k)$.	rows/ms-inverses-3.tsv: ms-inverses-3: tex 1505-1506, "The characteristic arrows between these levels form a copy of M_h(k)"; nonzero diagonal transientTowerUnit_self_ne_zero gives the injective hom. [census merge 4c3d9dd02]
SAME-GRADE	ms-inverses-3	e55132ef58f5	e55132ef58f5	1512	formalized	formalized	key		The product of these finitely many matrix algebras contains the prescribed elements, proving local matriciality.	rows/ms-inverses-3.tsv: ms-inverses-3: tex 1506-1508, "The product of these finitely many matrix algebras contains the prescribed elements, proving local matriciality"; closed over the cells (ct-involution 49663bacb). [census merge 4c3d9dd02]
SAME-GRADE	ms-traces-1	0fbd72617dcb	0fbd72617dcb	1847	formalized	formalized	key		Asymptotic multiplicativity in operator norm makes $a\mapsto[(\phi_n(a))_n]$ a unital $*$-homomorphism $\Phi\colon C^*_{\max}(G)\to\mathcal Q_{\mathbf d}$.	rows/ms-traces-1.tsv: ms-traces-1: tex 1847-1849, "Asymptotic multiplicativity in operator norm makes a -> [(phi_n(a))_n] a unital *-homomorphism Phi: C*_max(G) -> Q_d." Now carried literally: coronaMap M is Phi built from the quasidiagonal models (through the theorem ucpContractive), and manuscript
SAME-GRADE	ms-traces-1	1c2804634e53	1c2804634e53	1849	formalized	formalized	key		If $\Phi(u_g)=1$, then $\opnorm{\phi_n(u_g)-1}\to0$, so $\tr_{d_n}(\phi_n(u_g))\to1$, while $\tr_{d_n}(\phi_n(u_g))\to\tau_G(u_g)$; so $g=1$.	rows/ms-traces-1.tsv: ms-traces-1: tex 1849-1851, "If Phi(u_g)=1, then ||phi_n(u_g)-1|| -> 0, so tr(phi_n(u_g)) -> 1, while tr(phi_n(u_g)) -> tau_G(u_g); so g=1." Now carried along the printed limit chain, clause by clause: operator-norm-null deviation, normalized trace tends to one, the trace claus
SAME-GRADE	ms-traces-1	53f02dc594db	53f02dc594db	1851	formalized	formalized	key		Hence $g\mapsto\Phi(u_g)$ is a corona homomorphism injective on $G$, and $G$ is MF, contrary to the hypothesis.	rows/ms-traces-1.tsv: ms-traces-1: tex 1851-1853, "Hence g -> Phi(u_g) is a corona homomorphism injective on G, and G is MF, contrary to the hypothesis." generatorCoronaHom is g -> Phi(u_g) (generatorCoronaHom_apply), injective by the kernel sentence; its image in the unitary-sequence corona gives I
SAME-GRADE	ms-traces-2	d5c52ca23af0	d5c52ca23af0	1933	formalized	formalized	key		where $tgt^{-1}=\alpha(g)$ on the level-zero copy of $\Gamma$, so that $V$ is the ascending HNN extension of $\Gamma$ along $\alpha$ and $T_\alpha=\bigcup_{n\ge	rows/ms-traces-2.tsv: ms-traces-2: tex 1933-1935 "so that V is the ascending HNN extension of Gamma along alpha and T_alpha = U_{n>=0} t^-n Gamma t^n". The old carrier gave only the conjugation relation and level representatives; now Vertical ≃* HNNExtension Γ ⊤ α.range (t↦t, ι↦of; closed endpoint)
SAME-GRADE	ms-traces-2	da2fd300384a	da2fd300384a	1888	formalized	formalized	key		This map is u.c.p., and for $g\in \Sigma$ and $\bar gx\in F$,	rows/ms-traces-2.tsv: ms-traces-2: tex 1888-1892, the display g sigma(x) r_q Lambda = sigma(gbar x) r_{theta(b(g,x))q} Lambda; the old carrier gave only membership in T. LANDED b593627ca; wire queued. [census merge 4c3d9dd02]
SAME-GRADE	ms-traces-2	89bc31ec5034	89bc31ec5034	1893	formalized	formalized	key		So for $g,h\in \Sigma$ the identity $\Phi(u_{gh})-\Phi(u_g)\Phi(u_h)=\Pi\lambda(g)(1-\Pi)\lambda(h)\Pi$ and the rank of $(1-\Pi)\lambda(h)\Pi$, at most $|\{x\in	rows/ms-traces-2.tsv: ms-traces-2: tex 1893-1900, the identity Phi(u_gh)-Phi(u_g)Phi(u_h) = Pi lambda(g)(1-Pi)lambda(h)Pi (entrywise) and the printed display ||.||_2^2 <= |{x in F : hbar x notin F}|/|F|; the old carrier bounded by sqrt(1/(n+1)). LANDED b593627ca; wire queued. [census merge 4c3d9dd02
SAME-GRADE	ms-traces-2	1ea7f92c66a1	1ea7f92c66a1	1901	formalized	formalized	key		The normalized trace of $\Phi(u_g)$ is the fraction of points of $T$ fixed by $g$, and for $g\in \Sigma\setminus\{1\}$ it is zero: if $\bar g\ne1$, then $g$ mov	rows/ms-traces-2.tsv: ms-traces-2: tex 1901-1905, the trace is the fixed-point ratio for every g, and the two printed cases gbar != 1 (moves the F-coordinate) and gbar = 1 (theta(b(g,x))q != q); the old carrier used a one-step argument. LANDED b593627ca; wire queued. [census merge 4c3d9dd02]
SAME-GRADE	ms-traces-2	dc43ec6b23ed	dc43ec6b23ed	1945	formalized	formalized	key	rows/ms-traces-2.tsv cites no landed commit; its declarations are defined and compiled at origin	Since $B$ is bilinear,	rows/ms-traces-2.tsv: ms-traces-2: tex 1945 "Since B is bilinear," names the bilinearity lemmas of the printed B (CliffordLamp.crossing). Existing root-imported carriers; no new module. [census merge 4c3d9dd02]
SAME-GRADE	ms-traces-2	5306701b688c	5306701b688c	1971	formalized	formalized	key	rows/ms-traces-2.tsv cites no landed commit; its declarations are defined and compiled at origin	In this way $V$ acts on $\operatorname{Cl}(X)$ through its action on $X$, and we put	rows/ms-traces-2.tsv: ms-traces-2: tex 1971-1975 "In this way V acts on Cl(X) through its action on X, and we put W = Cl(X) ⋊ V" (eq:affine-clifford-witness); the row now also names the definition of W. Existing root-imported carriers. [census merge 4c3d9dd02]
SAME-GRADE+UNION2	ms-traces-3,sec4-sentences	86d7bbda9474,86d7bbda9474	86d7bbda9474	2062	formalized	formalized	key		The permutation matrices $V_n$ of a sofic approximation of $W$ satisfy $\hsnorm{V_n(gh)-V_n(g)V_n(h)}\to0$, while $\hsnorm{V_n(\varepsilon)-1}\to\sqrt2$, becaus	rows/ms-traces-3.tsv: ms-traces-3: tex 2063-2066, "The permutation matrices V_n of a sofic approximation of W satisfy ||V_n(gh)-V_n(g)V_n(h)||_2 -> 0, while ||V_n(eps)-1||_2 -> sqrt 2, because eps != 1 moves almost every point"; carried at the printed generality, every Clifford witness W of prop:cli
SAME-GRADE+UNION2	ms-traces-3,sec4-sentences	42ae3f886537,42ae3f886537	42ae3f886537	2066	formalized	formalized	key		So the collapse of Corollary~\ref{cor:defect-hs} fails for asymptotic representations in normalized Hilbert--Schmidt norm, although $\varepsilon$ is a central i	rows/ms-traces-3.tsv: ms-traces-3: tex 2066-2072, "So the collapse of Corollary cor:defect-hs fails for asymptotic representations in normalized Hilbert--Schmidt norm, although eps is a central involution of W inside D_W(Gamma): ... no version of Theorem thm:compression-criterion for sofic or hyperl
SAME-GRADE	ms-traces-3	c8c11f6bb25a	c8c11f6bb25a	1786	formalized	formalized	key		This semidirect product is LEF: copy any finite table's finitary supports and the translated supports used in its products into a sufficiently long finite cycle	rows/ms-traces-3.tsv: ms-traces-3: tex 1786-1789, "This semidirect product is LEF: copy any finite table's finitary supports and the translated supports used in its products into a sufficiently long finite cycle, replacing the shift by cyclic translation"; GL_fin(Z,F_2) semidirect Z is LEF along the
SAME-GRADE	ms-traces-3	dba179ef6f13	dba179ef6f13	1789	formalized	formalized	key		Products agree without wraparound; equal shift exponents are separated by their finitary parts, and different exponents by points outside those supports.	rows/ms-traces-3.tsv: ms-traces-3: tex 1789-1791, "Products agree without wraparound; equal shift exponents are separated by their finitary parts, and different exponents by points outside those supports"; products agree on the table (cycleModel_mul, through windowLift_cyclePush when reduction mod N
SAME-GRADE	ms-traces-3	dfc6d4510272	dfc6d4510272	1386	formalized	formalized	key		A subshift satisfying the cycle condition has an LEF crossed product.	rows/ms-traces-3.tsv: ms-traces-3 (adopting chain-words): tex 1386, "A subshift satisfying the cycle condition has an LEF crossed product"; closed endpoint printedSubshiftCycleConditionLEF (closed audit) over every finite field; the general theorem holds over every finite ring; LANDED 178808d0a (pro
SAME-GRADE	ms-traces-3	8bf7f40918d5	8bf7f40918d5	1387	formalized	formalized	key		Indeed, fix a finite ring table, express its entries in Laurent form, and choose a window determining all coefficient functions and their translates used in tha	rows/ms-traces-3.tsv: ms-traces-3 (adopting chain-words): tex 1387-1389, a finite table in Laurent form and a window determining the coefficient functions and their translates; exists_radius gives the window [-rho, rho] on the closed subshift, and the table step is the finite set S with degree bound
SAME-GRADE	ms-traces-3	56b6a80cc911	56b6a80cc911	1389	formalized	formalized	key		At a sufficiently high word-graph level, choose cycles containing words witnessing every nonzero coefficient of every difference between distinct entries.	rows/ms-traces-3.tsv: ms-traces-3 (adopting chain-words): tex 1389-1391, at level 2 rho each nonzero coefficient has a witness point whose window word is an edge, cyclic by the cycle condition; LANDED 178808d0a (probe 0913-185523-59976 GREEN) [census merge 4c3d9dd02]
SAME-GRADE	ms-traces-3	2ed7f807a3a6	2ed7f807a3a6	1391	formalized	formalized	key		Reading these cycles gives finite periodic models whose relevant windows all belong to the subshift.	rows/ms-traces-3.tsv: ms-traces-3 (adopting chain-words): tex 1391-1393, reading the cycles gives periodic models all of whose windows are words of the subshift; exists_periodic_of_isCyclicEdge landed by chain-words at 6078315b6; LANDED 178808d0a (probe 0913-185523-59976 GREEN) [census merge 4c3d9dd
SAME-GRADE	ms-traces-3	57cd1b63930c	57cd1b63930c	1393	formalized	formalized	key		Repeat each cycle so its length exceeds twice the largest absolute Laurent degree appearing in the table.	rows/ms-traces-3.tsv: ms-traces-3 (adopting chain-words): tex 1393-1395, each cycle repeated to a common length N > 2B (N a multiple of every period, 2B < N in isLEFRing_skewMonoidAlgebra_of_periodic); LANDED 178808d0a (probe 0913-185523-59976 GREEN) [census merge 4c3d9dd02]
SAME-GRADE	ms-traces-3	0941296cf395	0941296cf395	1395	formalized	formalized	key		On the corresponding finite cyclic sets, evaluate coefficients as diagonal matrices and $u$ as the cyclic shift matrix.	rows/ms-traces-3.tsv: ms-traces-3 (adopting chain-words): tex 1395-1396, coefficients evaluated as diagonal matrices along the realized windows (evalFamily) and u as the cyclic shift matrix (periodicModel, shiftMatrix); LANDED 178808d0a (probe 0913-185523-59976 GREEN) [census merge 4c3d9dd02]
SAME-GRADE	ms-traces-3	4aede6d48b4d	4aede6d48b4d	1396	formalized	formalized	key		The allowed windows preserve the specified products and sums; the separated cyclic diagonals and the chosen witnesses distinguish distinct entries.	rows/ms-traces-3.tsv: ms-traces-3 (adopting chain-words): tex 1396-1398, the allowed windows preserve sums and products (evalFamily is a ring hom, equivariant on the window) and the witnesses separate distinct entries; LANDED 178808d0a (probe 0913-185523-59976 GREEN) [census merge 4c3d9dd02]
SAME-GRADE	ms-traces-3	b94a006ee638	b94a006ee638	1399	formalized	formalized	key		Their product is the required finite matrix-ring model.	rows/ms-traces-3.tsv: ms-traces-3 (adopting chain-words): tex 1398-1399, the product over the witnesses is the finite matrix-ring model (coefficient ring F -> k); LANDED 178808d0a (probe 0913-185523-59976 GREEN) [census merge 4c3d9dd02]
SAME-GRADE	ms-traces-3	533771f4f22d	533771f4f22d	1400	structural	structural	key		The periodic models need not themselves belong to the subshift.	rows/ms-traces-3.tsv: ms-traces-3 (adopting chain-words): tex 1400, "The periodic models need not themselves belong to the subshift"; a remark: exists_periodic_of_isCyclicEdge asserts only that the windows of the periodic word are words of X; LANDED 178808d0a (probe 0913-185523-59976 GREEN) [census
SAME-GRADE	ms-traces-3	cbf45b0e1c51	cbf45b0e1c51	1403	formalized	formalized	key		Every finite path in the retained graph lies in a strongly connected component and extends to a periodic path.	rows/ms-traces-3.tsv: ms-traces-3 (adopting chain-subshift module 6): tex 1403-1405, every finite path in the retained graph returns through its cyclic edges and extends to a periodic path; LANDED 178808d0a (probe 0913-185523-59976 GREEN) [census merge 4c3d9dd02]
SAME-GRADE	ms-traces-3	1d52a79f1fef	1d52a79f1fef	1405	formalized	formalized	key		Thus $Z_r$ has dense periodic points and satisfies the cycle condition.	rows/ms-traces-3.tsv: ms-traces-3 (adopting chain-subshift module 6): tex 1405-1406, "Thus Z_r has dense periodic points and satisfies the cycle condition"; every finite piece of a point of Z_r agrees with a periodic point of Z_r, and CycleCondition (retainedSubshift X r) holds for every X and r; LA
SAME-GRADE	ms-traces-3	647f44a95b8a	647f44a95b8a	1411	formalized	formalized	key		Consequently $Y_0$ satisfies the cycle condition too.	rows/ms-traces-3.tsv: ms-traces-3 (adopting chain-subshift module 6): tex 1410-1411, "Consequently Y_0 satisfies the cycle condition too"; at the edge length the languages of Z_r and Y_0 agree for large r (chain-subshift, dbb102249) and Z_r satisfies the cycle condition; LANDED 178808d0a (probe 0913
SAME-GRADE	ms-units	c34115be7c92	c34115be7c92	1234	formalized	formalized	key		Then every homomorphism from $\GL_n(R)$ to an MF group factors uniquely through the canonical map $\GL_n(R)\to K_1(R)$, and $K_1(R)$, a countable abelian group,	rows/ms-units.tsv: ms-units: every clause of the sentence as a proposition at every n >= 1: unique factorization through the canonical map GL_n(R) -> K_1(R), K_1(R) countable, abelian, and MF (the appositive was carried only by instances). LANDED 9f9f5dedc (probe 0913-170155-54436 GREEN) [census mer
SAME-GRADE+UNION2	sec2-sentences	07642b10d3ee,07642b10d3ee	07642b10d3ee	778	formalized	formalized	key		The ascending HNN extension $V$ of $\mathbb Z^3\rtimes\mathrm{SL}_3(\mathbb Z)$ along $(v,A)\mapsto(2v,A)$, used in Section~\ref{sec:amenable-nonqd}, has the fa	rows/sec2-sentences.tsv: sec2-sentences re-key: the printed faithful realization V ≅ {[[2^k A, v],[0,1]] : A ∈ SL3(Z), v ∈ Z[1/2]^3, k ∈ Z} is proved exactly (injective, range = printed set, Z[1/2] = dyadicSubring). LANDED ebadb3d66 (09-09). NOTE for lead: Sofic/AffineHNNBaseRealization is not impor
SAME-GRADE	sec2-sentences	5c6689ae5e75	5c6689ae5e75	692	formalized	formalized	key		Fix a free ultrafilter \(\omega\) and let \(\tau\) be the limit along \(\omega\) of the normalized traces of the coordinates \(M_{r_n}(\C)\).	rows/sec2-sentences.tsv: sec2-sentences SUPERSEDES: corona-level carrier. τ is a continuous linear functional on Q_r itself with τ([x]) = lim_ω tr(x_n), |τ| ≤ ‖·‖, unital, positive, tracial. B2 LANDED a0ff25d62 (compiled 0911-214558); Route LANDED 4bc478e03, compiled 0911-221323 (ring-b-end); module
SAME-GRADE	sec2-sentences	00691a0fd65c	00691a0fd65c	694	formalized	formalized	key		A norm-null sequence has vanishing traces, since \(|\tr_{r_n}(x)|\le\opnorm x\), so \(\tau\) is a well defined tracial state on \(\mathcal Q_{\mathbf r}\).	rows/sec2-sentences.tsv: sec2-sentences SUPERSEDES: |tr_{r_n}(x)| ≤ ‖x‖ survives ultralimit and quotient, so τ descends to the corona. LANDED 4bc478e03, compiled 0911-221323 (ring-b-end); module not yet wired. [census merge 4c3d9dd02]
SAME-GRADE	sec2-sentences	bd2989c81dc3	bd2989c81dc3	368	formalized	formalized	key		In particular, this applies to the canonical group homomorphisms into $\U(C^*_{\max}(G))$ and $\U(C^*_{\mathrm r}(G))$.	rows/sec2-sentences.tsv: sec2-sentences: CompressionSentencesA LANDED 1b3021bfe, compiled in probe 0911-210656 (ring-b-end): the canonical maps G → U(C*max(G)) and G → U(C*r(G)) are injective and an embedding of either algebra into a norm matrix corona makes G MF. Module not yet wired into the root.
SAME-GRADE	sec2-sentences	46d40014ee9e	46d40014ee9e	376	formalized	formalized	key		The image of a corona homomorphism is a countable MF group.	rows/sec2-sentences.tsv: sec2-sentences: reconfirm; CompressionSentencesA LANDED 1b3021bfe, compiled 0911-210656 (the earlier row cited it while unlanded). [census merge 4c3d9dd02]
SAME-GRADE	sec2-sentences	6c597e046078	6c597e046078	376	formalized	formalized	key		Conversely, compose a homomorphism to an MF group with a corona embedding of its image; the resulting corona homomorphism has the same kernel.	rows/sec2-sentences.tsv: sec2-sentences: reconfirm; CompressionSentencesA LANDED 1b3021bfe, compiled 0911-210656. [census merge 4c3d9dd02]
SAME-GRADE	sec2-sentences	bee886268f33	bee886268f33	378	formalized	formalized	key		If $\iota$ is an embedding as in the last assertion, then $g\mapsto\iota(\pi(g))+1-\iota(1)$ is a corona homomorphism that is injective on $G$; the complement t	rows/sec2-sentences.tsv: sec2-sentences: reconfirm; CompressionSentencesA LANDED 1b3021bfe, compiled 0911-210656. [census merge 4c3d9dd02]
SAME-GRADE	sec2-sentences	186ab929187a	186ab929187a	437	definition	definition	key		A unital $C^*$-algebra is finite if each of its isometries is unitary, and stably finite if all matrix algebras over it are finite.	rows/sec2-sentences.tsv: sec2-sentences: reconfirm; CompressionSentencesA LANDED 1b3021bfe, compiled 0911-210656. [census merge 4c3d9dd02]
SAME-GRADE	sec2-sentences	3df2cd0a86ce	3df2cd0a86ce	523	formalized	formalized	key		A Hilbert--Schmidt bounded sequence $(x_n)$ lies in $\mathcal C_2(V,L)$ if and only if	rows/sec2-sentences.tsv: sec2-sentences: the displayed equivalence (x ∈ 𝒞₂(V,L) iff ‖P_n x_n − x_n‖₂ → 0 for HS-bounded x, any lift P_n of P = f(e_L)) is a closed proposition. LANDED 3d48bf8ef, compiled 0911-212047. [census merge 4c3d9dd02]
SAME-GRADE	sec2-sentences	f494ded864dc	f494ded864dc	643	formalized	formalized	key		Since \(q\ne0\), infinitely many \(q_n\) are nonzero; retain those coordinates and put \(r_n=\operatorname{rank}(q_n)\).	rows/sec2-sentences.tsv: sec2-sentences: infinitely many q_n nonzero; retained coordinates = Nat.nth enumeration with range {n | q_n ≠ 0}; corner at a retained coordinate has exactly rank(q_n) ≥ 1 points. LANDED 3d48bf8ef, compiled 0911-212047. [census merge 4c3d9dd02]
SAME-GRADE	sec2-sentences	f4cdb1554874	f4cdb1554874	608	formalized	formalized	key		Smallness in normalized Hilbert--Schmidt norm does not bound the operator norm: for	rows/sec2-sentences.tsv: sec2-sentences: D_d = diag(−1,1,…,1) ∈ U(d), ‖D_d − 1‖₂ = 2/√d → 0, ‖D_d − 1‖ = 2. LANDED 1b3021bfe, compiled 0911-212711. [census merge 4c3d9dd02]
SAME-GRADE	sec2-sentences	86ee71463acf	86ee71463acf	463	definition	definition	key		For a group $L$ with property~\textup{(T)}, the Kazhdan projection is the central projection $e_L\in C^*_{\max}(L)$ whose image in every unitary representation	rows/sec2-sentences.tsv: sec2-sentences: was graded attribution. For L with property (T), e_L ∈ C*max(L) is a central star projection whose image under the homomorphism induced by every unitary representation, in every universe, fixes exactly the invariant vectors. No Akemann-Walter input. LANDED f8
SAME-GRADE	sec2-sentences	07de7e8a943a	07de7e8a943a	384	formalized	formalized	key		For countable $G$ the quotient $G/\operatorname{Rad}_{\mathrm{MF}}(G)$ is again MF, and hence the largest MF quotient of $G$: enumerate its nontrivial elements	rows/sec2-sentences.tsv: sec2-sentences: printed route of the paragraph. PrintedBlockSumFamily: for countable Q with trivial MF residual, an enumeration of the nontrivial elements, a separating marked model for each, stages with defect ≤ 1/(k+1) on the first k+1 elements while separating its own ele
SAME-GRADE	sec2-sentences	8e54f4138ac7	8e54f4138ac7	390	formalized	formalized	key		This family is asymptotically multiplicative and separates every nontrivial element.	rows/sec2-sentences.tsv: sec2-sentences: the block sums blockSumStage A stage k are asymptotically multiplicative (Tendsto of the defect to 0 for all g,h) and separate every nontrivial element (eventually ≥ ε > 0). LANDED a0ff25d62, compiled 0911-214558. Module not yet wired. [census merge 4c3d9dd02
SAME-GRADE	sec2-sentences	b093f3c88101	b093f3c88101	416	formalized	formalized	key		The elements $g$ with $\hsnorm{V_n(g)-1}\to0$ form a normal subgroup of $G$, because $\hsnorm{a}\le\opnorm{a}$, the Hilbert--Schmidt norm is invariant under adj	rows/sec2-sentences.tsv: sec2-sentences: every clause of the sentence and its three displays: ‖a‖₂ ≤ ‖a‖, adjoint and unitary invariance, ‖V_n(g⁻¹) − V_n(g)*‖ → 0, the three o(1) estimates, and the normal subgroup {g : ‖V_n(g) − 1‖₂ → 0} (= hsKernel). HSNullNormalSubgroupSentences LANDED 477ebb4a1,
SAME-GRADE	sec2-sentences	330d435b12e2	330d435b12e2	792	formalized	formalized	key		and reduction modulo odd integers separates its elements, so $V$ is residually finite and MF~\cite[Corollary~10]{Korchagin}.	rows/sec2-sentences.tsv: sec2-sentences: printed route. Z[1/2] →+* Z/m for odd m, entrywise reduction of the realization gives V →* GL4(Z/m), these separate distinct elements, so V is residually finite and MF (isOperatorMF_of_residuallyFinite, in-repo proof of the cited corollary). DyadicReductionSe
SAME-GRADE	sec2-sentences	4e13d6e99e2d	4e13d6e99e2d	702	formalized	formalized	key		in the normalized Hilbert--Schmidt norm of \(M_{r_n}(\C)\), and therefore \(\tau(\pi(u_k))=1\) for every \(k\in K\), where \(u_k\) is the canonical unitary of \	rows/sec2-sentences.tsv: sec2-sentences: for every k ∈ K, τ(π(u_k)) = 1, where τ is the corona functional ultrafilterNormalizedTraceCLM and π is any *-homomorphism induced by the corner corona homomorphism Θ̂|_K; the HS estimate |tr(W_n(k)) − 1| ≤ ‖W_n(k) − I‖₂ → 0 passes through the free ultrafilte
SAME-GRADE	sec2-sentences	377d3a03266b	377d3a03266b	704	formalized	formalized	key		The trivial character \(\chi\) of \(K\) is the state of \(C^*_{\max}(K)\) with \(\chi(u_k)=1\) for every \(k\), and it has \(\chi(e_K)=1\).	rows/sec2-sentences.tsv: sec2-sentences: χ = maximalGroupCStarTrivialCharacter K is unital and positive (χ(x*x) = |χ(x)|² ≥ 0), with χ(u_k) = 1 for every k and χ(e_K) = 1. LANDED 4bc478e03, compiled 0911-221323 (ring-b-end); module not yet wired. [census merge 4c3d9dd02]
SAME-GRADE	sec2-sentences	82dded1b13b3	82dded1b13b3	706	formalized	formalized	key		The two states \(\tau\circ\pi\) and \(\chi\) agree on every \(u_k\), hence by linearity on the dense subalgebra \(\C[K]\), hence on \(C^*_{\max}(K)\).	rows/sec2-sentences.tsv: sec2-sentences: the three printed clauses in order: τ∘π = χ on every u_k, on every finite combination Σ α_k u_k (linearity), and on all of C*max(K) (continuity and density, maximalGroupCStar_ext_of_generator). LANDED 4bc478e03, compiled 0911-221323 (ring-b-end); module not y
SAME-GRADE	sec2-sentences	7409ff7e2c5f	7409ff7e2c5f	712	formalized	formalized	key		a contradiction.	rows/sec2-sentences.tsv: sec2-sentences: 1 = χ(e_K) = τ(π(e_K)) = τ(0) = 0 is False; the theorem NormalKazhdanRadical is assembled from the printed sentences along the ultrafilter route (hyperfilter ℕ). LANDED 4bc478e03, compiled 0911-221323 (ring-b-end); module not yet wired. [census merge 4c3d9dd0
SAME-GRADE	sec2-sentences	0c1ad4392d72	0c1ad4392d72	687	formalized	formalized	key		Since \(q\) commutes with \(\Theta(K)\), the map \(a\mapsto q\Theta(a)\) is a homomorphism on \(C^*_{\max}(K)\) agreeing with \(\pi\) on \(K\), so \(\pi(e_K)\)	rows/sec2-sentences.tsv: sec2-sentences: the identification of Q_r with the corner (cornerCoronaEmbedCLM, an isometry) composed with π agrees with a ↦ (qΘ(a))| on generators, hence everywhere; at e_K the right side is the restriction of qp = 0, so π(e_K) = 0 in Q_r itself. LANDED 4bc478e03, compiled
SAME-GRADE	sec2-sentences	0239ca7d2b5e	0239ca7d2b5e	685	definition	definition	key		Let \(\pi\colon C^*_{\max}(K)\to\mathcal Q_{\mathbf r}\) be the homomorphism induced by \(\widehat\Theta|_K\).	rows/sec2-sentences.tsv: sec2-sentences: Θ̂ as a group homomorphism G →* U(Q_r) from the corner representation (W_n); π is the lift along maximalGroupCStar_existsUnique_lift_allUniverses of Θ̂|_K. LANDED 4bc478e03, compiled 0911-221323 (ring-b-end); module not yet wired. [census merge 4c3d9dd02]
SAME-GRADE	sec2-sentences	LINE:187	61827aea7807	199	formalized	formalized	note-key		Its limiting trace is then the trivial character of $K$, which takes the value $1$ on that projection (Theorem~\ref{thm:normal-kazhdan}).\footnote{A Hilbert--Sc	rows/sec2-sentences.tsv: Intro outline, row 61827aea7807 (joint with hs-vanishes): "Its limiting trace is then the trivial character of K, which takes the value 1 on that projection" along the printed ultrafilter route (tau o pi = chi on C*max(K); chi(e_K) = 1 = tau(pi(e_K)); the first step is cor:d
SAME-GRADE	sec3-sentences	LINE:896	3e97a39311f3	908	formalized	formalized	line 896->908 note-key		So $uLu^{-1}\le L$, and \eqref{eq:intertwine} gives the last assertion.	rows/sec3-sentences.tsv: lem:ring-compression-cell "So uLu^-1 <= L, and eq:intertwine gives the last assertion": closure induction over generators using eq:intertwine (printed route). Replaces partial row 3e97a39311f3. LANDED a686eaa56 (unverified landing), COMPILED probe 0911-204106-71715 (thm-d, b
SAME-GRADE+UNION2	sec3-sentences	LINE:1027,LINE:1029	4515e83a1b91	1039	formalized	formalized	line 1027->1039 only-candidate; line 1029->1041 only-candidate		In the first case choose $ts=1\ne st$; then $1-st$ is a nonzero idempotent, and since $R$ is simple it generates $R$ as a two-sided ideal. In the second case, w	rows/sec3-sentences.tsv: cor:simple-infinite-ring first case: ts=1!=st, 1-st a nonzero idempotent (the printed reason, carried explicitly), full since R simple. LANDED a686eaa56, COMPILED probe 0911-204106-71715 | rows/sec3-sentences.tsv: cor:simple-infinite-ring second case: from t_i s_j = delta_ij
SAME-GRADE	sec3-sentences	LINE:1051	27586e96ecfe	1063	formalized	formalized	line 1051->1063 starts-at-line		Choose $s,t\in R$ with $ts=1\ne st$, and let $S$ be the unital subring they generate.	rows/sec3-sentences.tsv: cor:one-sided-ring-maximal: choose ts=1!=st, S = Subring.closure {s,t}. LANDED a686eaa56, COMPILED probe 0911-204106-71715 [census merge 4c3d9dd02]
SAME-GRADE	sec3-sentences	LINE:1052	b45891d88426	1064	formalized	formalized	line 1052->1064 match 1.03>0.22		Let $u$ and $L=\EL_3(S)$ be as in Lemma~\ref{lem:ring-compression-cell} for $S$; then $L$ has property~\textup{(T)}~\cite[Theorem~1.1]{EJZ}, and the compression	rows/sec3-sentences.tsv: cor:one-sided-ring-maximal: L = EL3(S) has (T) (formalized EJZ), and the printed strictness reason "e(sat)=0 while e.1=e!=0 puts e12(1) in L minus uLu^-1" via the off-diagonal sandwich clause. LANDED a686eaa56, COMPILED probe 0911-204106-71715 [census merge 4c3d9dd02]
SAME-GRADE	sec3-sentences	LINE:1056	900689d5c4ac	1068	formalized	formalized	line 1056->1068 match 1.03>0.20		By Proposition~\ref{prop:max-infinite} applied to $L\le\EL_n(R)$ and $u$, $C^*_{\max}(\EL_n(R))$ contains a proper isometry.	rows/sec3-sentences.tsv: cor:one-sided-ring-maximal: prop:max-infinite applied to L <= EL_n(R) and u gives a proper isometry. LANDED a686eaa56, COMPILED probe 0911-204106-71715 [census merge 4c3d9dd02]
SAME-GRADE	sec3-sentences	LINE:1066	88cdb5eaabb4	1078	formalized	formalized	line 1066->1078 note-key		Finally, the map $\jmath$ from the proof of Theorem~\ref{thm:full-defect-ring} is injective, since $T_i\jmath(A)S_j=A_{ij}$, and sends $\EL_4(R)$ into $R^\times	rows/sec3-sentences.tsv: cor:one-sided-ring-maximal: T_i j(A) S_j = A_ij, so j is injective and sends EL4(R) into R^x; MF passes to subgroups. Existing row 88cdb5eaabb4 cites only the Prop def PrintedOneSidedRingMaximalReducedCStar. LANDED a686eaa56, COMPILED probe 0911-204106-71715 [census merge 4c
SAME-GRADE	sec3-sentences	LINE:1069	06d71da2d355	1081	formalized	formalized	line 1069->1081 match 1.20>0.27		So $R^\times$ is not MF\@.	rows/sec3-sentences.tsv: cor:one-sided-ring-maximal "So R^x is not MF" (AllCharacteristics endpoint). LANDED a686eaa56, COMPILED probe 0911-204106-71715 [census merge 4c3d9dd02]
SAME-GRADE	sec3-sentences	LINE:830	dbdec0d73e03	842	formalized	formalized	line 830->842 only-candidate		The matrix $e_{12}(v)e_{21}(b)e_{12}(-v)$ has rows $(1+vb,\,-vbv)$ and $(b,\,1-bv)$, so for $bv=0$ it is $1+vb&0\\b&1$, and multiplying by $e_{21}(-b)$ gives $D	rows/sec3-sentences.tsv: lem:rank-two proof: rows (1+vb,-vbv),(b,1-bv) of e12(v)e21(b)e12(-v) at every v,b; for bv=0 it is (1+vb 0; b 1); times e21(-b) gives D=diag(1+vb,1)=[e12(v),e21(b)]. LANDED e2a6257a2, COMPILED probe 0911-205500-38274 (thm-d, base 9b7fea5f4) [census merge 4c3d9dd02]
SAME-GRADE	sec3-sentences	LINE:833	053b6de1fe6b	845	definition	definition	line 833->845 match 0.82>0.07		Let $N$ be the normal closure of $D$ in $\EL_2(R)$.	rows/sec3-sentences.tsv: lem:rank-two proof: N = normal closure of D in EL2(R). LANDED e2a6257a2, COMPILED probe 0911-205500-38274 (thm-d, base 9b7fea5f4) [census merge 4c3d9dd02]
SAME-GRADE	sec3-sentences	LINE:834	717152bfc217	846	formalized	formalized	line 834->846 match 1.20>0.17		For $r\in R$, $[D,e_{12}(ar)]=e_{12}((1+vb)ar-ar)=e_{12}(vr)$, since $ba=1$; so $e_{12}(vR)\le N$.	rows/sec3-sentences.tsv: lem:rank-two proof: [D,e12(ar)] = e12((1+vb)ar-ar) = e12(vr) since ba=1, so e12(vR) <= N (intermediate coefficient carried). LANDED e2a6257a2, COMPILED probe 0911-205500-38274 (thm-d, base 9b7fea5f4) [census merge 4c3d9dd02]
SAME-GRADE	sec3-sentences	LINE:836	828a8cc4992b	848	formalized	formalized	line 836->848 match 0.88>0.27		Put $f=1-vw$, an idempotent with $fv=0=wf$.	rows/sec3-sentences.tsv: lem:rank-two proof: f=1-vw idempotent with fv=0=wf. LANDED e2a6257a2, COMPILED probe 0911-205500-38274 (thm-d, base 9b7fea5f4) [census merge 4c3d9dd02]
SAME-GRADE	sec3-sentences	LINE:837	bd35898b630c	848	formalized	formalized	override LINE:837->bd35898b630c key		Since $r=vwr+fr$, it remains to put $e_{12}(fR)$ in $N$, and the involution	rows/sec3-sentences.tsv: lem:rank-two proof: r = vwr+fr, so e12(fR) <= N suffices; z = vf+fw+1-f-vfw and zf = vf. LANDED e2a6257a2, COMPILED probe 0911-205500-38274 (thm-d, base 9b7fea5f4) [census merge 4c3d9dd02]
SAME-GRADE	sec3-sentences	LINE:841	5e2b45529464	853	formalized	formalized	line 841->853 match 0.53>0.30		Put $x=vf$, $y=fw$, $q=vfw$, and $c=1-f-q$, so that $z=x+y+c$.	rows/sec3-sentences.tsv: lem:rank-two proof: x=vf, y=fw, q=vfw, c=1-f-q, z=x+y+c. LANDED e2a6257a2, COMPILED probe 0911-205500-38274 (thm-d, base 9b7fea5f4) [census merge 4c3d9dd02]
SAME-GRADE	sec3-sentences	LINE:842	a9865697e6f3	853	formalized	formalized	line 842->854 match 0.78>0.50		From $wv=1$ and $fv=wf=0$: $x^2=y^2=0$, $xy=q$, $yx=f$, the idempotents $f$ and $q$ are orthogonal, and $c$ annihilates $x$ and $y$ on both sides; so $z^2=q+f+c	rows/sec3-sentences.tsv: lem:rank-two proof: the whole printed table x^2=y^2=0, xy=q, yx=f, f,q orthogonal idempotents, c annihilates x,y on both sides; z^2=q+f+c=1 and zf=xf+yf+cf=vf. LANDED e2a6257a2, COMPILED probe 0911-205500-38274 (thm-d, base 9b7fea5f4) [census merge 4c3d9dd02]
SAME-GRADE	sec3-sentences	LINE:844	c97ce3c374b2	856	formalized	formalized	line 844->856 starts-at-line		The factorization	rows/sec3-sentences.tsv: lem:rank-two proof: diag(z,z^-1) = e12(z)e21(-z^-1)e12(z) e12(-1)e21(1)e12(-1) (literal word, z^-1=z) puts h=diag(z,z) in EL2(R); h e12(fr) h^-1 = e12(zfrz) = e12(v frz) in N. LANDED e2a6257a2, COMPILED probe 0911-205500-38274 (thm-d, base 9b7fea5f4) [census merge 4c3d9dd02]
SAME-GRADE	sec3-sentences	LINE:850	05233e222ae6	862	formalized	formalized	line 850->862 match 1.03>0.17		So $e_{12}(r)=e_{12}(vwr)\,e_{12}(fr)\in N$ for every $r\in R$, and conjugating by $e_{12}(1)e_{21}(-1)e_{12}(1)$ gives $e_{21}(R)\le N$.	rows/sec3-sentences.tsv: lem:rank-two proof: e12(r) = e12(vwr)e12(fr) in N for every r; conjugating by e12(1)e21(-1)e12(1) (ElementaryWeyl.weyl 0 1, literal word) gives e21(R) <= N; N = EL2(R). LANDED e2a6257a2, COMPILED probe 0911-205500-38274 (thm-d, base 9b7fea5f4) [census merge 4c3d9dd02]
SAME-GRADE	sec3-sentences	LINE:999	f6edc460fb1b	1011	formalized	formalized	line 999->1011 note-key		\emph{All ranks.} For $n\ge3$, signed permutation matrices conjugate $e_{12}(r)$ to $e_{ij}(\pm r)$ for all $i\ne j$, so the copy of $\EL_2(R)$ on coordinates $	rows/sec3-sentences.tsv: thm:full-defect-ring "All ranks": for n = 2+k >= 3 signed permutation (Weyl) conjugations carry e12(r) to e_ij(+-r), so the copy of EL2(R) on coordinates 1,2 (blockEmbed R k) normally generates EL_n(R). Printed route; replaces partial row f6edc460fb1b (Steinberg substitute).
SAME-GRADE	sec3-sentences	LINE:1012	34366ed3b6a0	1024	formalized	formalized	line 1012->1024 note-key		The full-defect hypothesis itself need not pass to $R$, nor need every homomorphism from $\EL_n(R)$ to an MF group be trivial.	rows/sec3-sentences.tsv: remark after thm:full-defect-ring "need not": witness R = L_F2(1,2) x F2, p = (1,0): the corner satisfies the hypothesis, R does not (ts=1 forces st=1 in the commutative factor), and EL_n(R) -> EL_n(F2) is a nontrivial homomorphism to a finite, hence MF, group for every n>=2
SAME-GRADE	sec4-sentences	c41bad22d29b	c41bad22d29b	1964	formalized	formalized	key		Killing $\varepsilon$ leaves $\F_2^{(X)}\cong\bigoplus_XC_2$, so $\operatorname{Cl}(X)$ is a central extension of $\bigoplus_XC_2$ by $C_2$, and $W$ below is a	rows/sec4-sentences.tsv: sec4-sentences: both halves; W/<eps> ≃* Wreath (Multiplicative (ZMod 2)) V X, <eps> central. LANDED ac0342248 [census merge 4c3d9dd02]
SAME-GRADE	sec5-sentences	LINE:1624	ad474b8983df	2109	structural	structural	line 1624->2109 match 1.20>1.00		Theorem~\ref{thm:torsion-free} is proved by passing from Fournier-Facio's group to a two-generated quotient onto which a normal subgroup inside the defect subgr	rows/sec5-sentences.tsv: section outline: Theorem thm:torsion-free is proved by passing to a two-generated quotient; lem:saturation produces such quotients (no declaration) [census merge 4c3d9dd02]
SAME-GRADE	sec5-sentences	LINE:1630	615720614d7a	2115	definition	definition	line 1630->2115 match 1.20>0.17		A subgroup is \emph{suitable} if it acts non-elementarily on the Cayley graph $\operatorname{Cay}(G,A)$ and normalizes no nontrivial finite subgroup~\cite[Defin	rows/sec5-sentences.tsv: Hull Definition 1.4, both clauses: acts non-elementarily on Cay(G,A), normalizes no nontrivial finite subgroup. LANDED c1a7e96ec [census merge 4c3d9dd02]
SAME-GRADE	sec5-sentences	LINE:1667	24d44fae17ad	2152	formalized	formalized	line 1667->2152 starts-at-line		Then $Q=\langle\varphi(g_1),\dots,\varphi(g_m)\rangle\le\varphi(N_0)\le\varphi(N)\le Q$, so $Q=\varphi(N_0)=\langle\varphi(h_1),\varphi(h_2)\rangle$ and $\varph	rows/sec5-sentences.tsv: display Q = <phi(g_i)> <= phi(N0) <= phi(N) <= Q. LANDED ee7ee24a2 [census merge 4c3d9dd02]
SAME-GRADE	sec5-sentences	LINE:1670	c3246ffe1961	2155	formalized	formalized	line 1670->2155 match 0.77>0.11		The quotient is torsion-free by Theorem~\ref{thm:hull} and finitely presented because $\ker\varphi$ is normally generated by $m$ elements.	rows/sec5-sentences.tsv: Q torsion-free by clause (e); finitely presented from the kernel datum. LANDED ee7ee24a2 [census merge 4c3d9dd02]
SAME-GRADE	sec5-sentences	LINE:1684	02b6bf87400f	2169	formalized	formalized	line 1684->2169 match 0.82>0.53		Put $S=tJt^{-1}$.	rows/sec5-sentences.tsv: S = tJt^-1; J and S perfect. LANDED 536ff42ac [census merge 4c3d9dd02]
SAME-GRADE	sec5-sentences	LINE:1687	8e8d5f3f8be0	2172	formalized	formalized	line 1687->2172 only-candidate		For $c\in J$ and $\ell\in S$, the commutator $[tct^{-1},\ell]$ lies in $\mathfrak D_{G_0}(\Gamma)$ by~\eqref{eq:intrinsic-defect}, since $t$ conjugates $\Gamma$	rows/sec5-sentences.tsv: the S <= D_{G0}(Gamma) paragraph and display (tex 1687-1693), by the printed route: [tct^-1, l] in the defect by eq:intrinsic-defect, [S,S] <= D as c ranges over J, S perfect so S <= D. LANDED d67dd4e47 ee7ee24a2 [census merge 4c3d9dd02]
SAME-GRADE	sec5-sentences	LINE:1697	56f937d2ec19	2182	formalized	formalized	line 1697->2182 match 0.87>0.07		Let $N$ be the normal closure of $S$ in $G_0$; it is nontrivial because $S$ is.	rows/sec5-sentences.tsv: N nontrivial because S is. LANDED ee7ee24a2 [census merge 4c3d9dd02]
SAME-GRADE	sec5-sentences	LINE:1702	9d87872de931	2186	formalized	formalized	line 1702->2187 only-candidate		The group $Q$ is infinite because it is acylindrically hyperbolic, and it has property~\textup{(T)} as a quotient of $G_0$.	rows/sec5-sentences.tsv: Q infinite; property (T) as a quotient. LANDED ee7ee24a2 [census merge 4c3d9dd02]
SAME-GRADE	sec5-sentences	LINE:1705	da4a1c0beff4	2190	formalized	formalized	line 1705->2190 match 1.20>0.27		By~\eqref{eq:defect-functorial}, $\varphi(S)\le\mathfrak D_Q(\varphi(\Gamma))$.	rows/sec5-sentences.tsv: eq:defect-functorial; D_Q(phi(Gamma)) = Q. LANDED ee7ee24a2 [census merge 4c3d9dd02]
SAME-GRADE	sec5-sentences	LINE:1731	b7b49212cd37	2216	formalized	formalized	line 1731->2216 match 0.80>0.20		The algebra is separable and generated by the canonical unitaries of the two generators; its canonical trace is faithful, so it is stably finite; and it is not	rows/sec5-sentences.tsv: separable, generated by two canonical unitaries, stably finite, not MF. LANDED ee7ee24a2 [census merge 4c3d9dd02]
SAME-GRADE	torsion-ring	LINE:1073	5970e738b4d9	1085	formalized	formalized	line 1073->1085 match 0.83>0.14		Let $R$ be a countable unital ring, let $s,t\in R$ satisfy $ts=1$, and suppose that $e=1-st$ has finite additive order.	rows/torsion-ring.tsv: prop:torsion-defect-ring statement, first sentence (countable unital R, ts=1, e=1-st of finite additive order); LANDED 016b44a730e2 (compiled; first landed cd9e63074) [census merge 4c3d9dd02]
SAME-GRADE	torsion-ring	LINE:1074	ed1dd8699cf4	1086	formalized	formalized	line 1074->1086 match 1.20>0.17		Then for every $n\ge4$,	rows/torsion-ring.tsv: "Then for every n>=4, EL_n(R,ReR) <= Rad_MF(EL_n(R))"; Rad_MF = MFQuotientUnits.mfHomKernel (intro definition); LANDED 016b44a730e2 (compiled; first landed cd9e63074) [census merge 4c3d9dd02]
SAME-GRADE	torsion-ring	LINE:1078	7774b0de0638	1090	definition	definition	line 1078->1090 match 1.20>0.33	rows/torsion-ring.tsv cites no landed commit; its declarations are defined and compiled at origin	where $\EL_n(R,ReR)$ is the normal closure of the $e_{ij}(a)$ with $a\in ReR$.	rows/torsion-ring.tsv: "where EL_n(R,ReR) is the normal closure of the e_ij(a) with a in ReR"; ReR = TwoSidedIdeal.span {e}; on origin/main (Leavitt/CongruenceSubgroups) [census merge 4c3d9dd02]
SAME-GRADE	torsion-ring	LINE:1079	ef7c374310ee	1091	formalized	formalized	line 1079->1091 match 1.20>0.15		In particular $\EL_n(R)$ is not MF when $e\ne0$, and if $R$ has positive characteristic, then $\EL_4(R)$ MF implies that $R$ is directly finite.	rows/torsion-ring.tsv: both "in particular" clauses; LANDED 016b44a730e2 (compiled; first landed cd9e63074) [census merge 4c3d9dd02]
SAME-GRADE	torsion-ring	LINE:1084	cb0f08ae60a3	1096	formalized	formalized	line 1084->1096 starts-at-line		If $e=0$, then $ReR=0$ and $\EL_n(R,ReR)=1$, so assume $e\ne0$.	rows/torsion-ring.tsv: e=0 case; LANDED 19e04b189cbd (compiled) [census merge 4c3d9dd02]
SAME-GRADE	torsion-ring	LINE:1085	057fe08fb3bb	1097	formalized	formalized	line 1085->1097 match 0.62>0.10		Let $S$ be the unital subring generated by $s,t$, and let $L=\EL_3(S)$ occupy coordinates $1,2,3$ of $\EL_4(S)$; it has property~\textup{(T)}~\cite[Theorem~1.1]	rows/torsion-ring.tsv: S = Subring.closure {s,t}; L = core S has (T) by the in-repo EJZ theorem; LANDED 19e04b189cbd (compiled) [census merge 4c3d9dd02]
SAME-GRADE	torsion-ring	LINE:1087	1538c6bcbbec	1099	formalized	formalized	line 1087->1099 match 0.70>0.18		The criterion is applied to a subgroup $B\le\EL_4(S)$ with a central element of finite order inside $\mathfrak D_B(L)$.	rows/torsion-ring.tsv: outline sentence: central finite-order element of B inside D_B(L); LANDED 19e04b189cbd (compiled) [census merge 4c3d9dd02]
SAME-GRADE	torsion-ring	LINE:1089	1246801a6fc6	1101	definition	definition	line 1089->1101 match 0.93>0.10		Put $f_{ij}=s^iet^j$.	rows/torsion-ring.tsv: f_ij = s^i e t^j; LANDED 19e04b189cbd (compiled) [census merge 4c3d9dd02]
SAME-GRADE	torsion-ring	LINE:1090	647f63b250b2	1102	formalized	formalized	line 1090->1102 match 0.70>0.27		Since $es=te=0$, $f_{ij}f_{kl}=\delta_{jk}f_{il}$, so $f_{ij}^2=0$ for $i\ne j$.	rows/torsion-ring.tsv: es=te=0, f_ij f_kl = delta_jk f_il, f_ij^2=0 for i/=j; LANDED 19e04b189cbd (compiled) [census merge 4c3d9dd02]
SAME-GRADE	torsion-ring	LINE:1091	6efe099d7fdb	1103	formalized	formalized	line 1091->1103 match 0.77>0.27		Write $D(a)=\operatorname{diag}(1,1,1,a)$; for $i\ne j$, $D(1\pm f_{ij})=[e_{41}(f_{ii}),e_{14}(\pm f_{ij})]$ lies in $\EL_4(S)$.	rows/torsion-ring.tsv: D(a)=diag(1,1,1,a); D(1 +- f_ij) = [e_41(f_ii), e_14(+- f_ij)] in EL_4; LANDED 19e04b189cbd (compiled) [census merge 4c3d9dd02]
SAME-GRADE	torsion-ring	LINE:1093	8113a9d8c968	1105	formalized	formalized	line 1093->1105 match 0.93>0.17		Let $u$ be the compressor of Lemma~\ref{lem:ring-compression-cell}, put $w_{ij}=(1+f_{ji})(1-f_{ij})(1+f_{ji})$, $r=w_{14}w_{25}$, and $v=uD(r)$.	rows/torsion-ring.tsv: u = compressor of lem:ring-compression-cell (displayed matrix), w_ij word, r = w_14 w_25, v = u D(r); LANDED 19e04b189cbd (compiled) [census merge 4c3d9dd02]
SAME-GRADE	torsion-ring	LINE:1095	84ce319a4f15	1107	formalized	formalized	line 1095->1107 match 0.99>0.37		Since $D(r)$ centralizes $L$, $vLv^{-1}\le L$.	rows/torsion-ring.tsv: D(r) centralizes L, vLv^-1 <= L; LANDED 19e04b189cbd (compiled) [census merge 4c3d9dd02]
SAME-GRADE	torsion-ring	LINE:1095	7eeed19cdc69	1107	definition	definition	line 1095->1107 match 1.20>0.49		Put	rows/torsion-ring.tsv: "Put c, y, z, l, B"; LANDED 19e04b189cbd (compiled) [census merge 4c3d9dd02]
SAME-GRADE	torsion-ring	LINE:1100	ee85d796d83a	1114	formalized	formalized	line 1100->1114 match 1.07>0.20		Then $c\in C_B(L)$, and from $rf_{02}r^{-1}=f_{05}$, $rf_{12}r^{-1}=f_{45}$, $f_{02}t^3=f_{05}$, and $t^3f_{45}=f_{12}t^3$, direct multiplication with the displ	rows/torsion-ring.tsv: c in C_B(L); r f02 r^-1=f05, r f12 r^-1=f45, f02 t^3=f05, t^3 f45=f12 t^3; vcv^-1=e_14(f02), vzv^-1=z; LANDED 19e04b189cbd (compiled) [census merge 4c3d9dd02]
SAME-GRADE	torsion-ring	LINE:1102	aeeaaeadaad3	1116	formalized	formalized	line 1102->1116 match 0.50>0.13		So $d=[vcv^{-1},\ell]=e_{24}(-f_{02})$ lies in $\mathfrak D_B(L)$, and $[y,d]=D(1-f_{12})=z^{-1}$ since $f_{02}f_{10}=0$ and $f_{10}f_{02}=f_{12}$; hence $z\in\	rows/torsion-ring.tsv: d=[vcv^-1,l]=e_24(-f02) in D_B(L); [y,d]=D(1-f12)=z^-1; z in D_B(L); LANDED 19e04b189cbd (compiled) [census merge 4c3d9dd02]
SAME-GRADE	torsion-ring	LINE:1105	bc99235426ad	1119	formalized	formalized	line 1105->1119 match 0.67>0.07		The element $z$ commutes with $L$ and $v$, and with $c$ and $y$ because $f_{12}f_{02}=f_{02}f_{12}=f_{12}f_{10}=0$, so $\langle z\rangle$ is central in $B$.	rows/torsion-ring.tsv: z commutes with L, v, c, y; <z> central in B; LANDED 19e04b189cbd (compiled) [census merge 4c3d9dd02]
SAME-GRADE	torsion-ring	LINE:1107	5b7bdf2351a7	1121	formalized	formalized	line 1107->1121 match 0.50>0.10		If $me=0$ then $z^m=D(1+mf_{12})=1$, and $z\ne1$ because $tf_{12}s^2=e\ne0$.	rows/torsion-ring.tsv: z^m = D(1+m f12) = 1; z/=1 since t f12 s^2 = e /= 0; LANDED 19e04b189cbd (compiled) [census merge 4c3d9dd02]
SAME-GRADE	torsion-ring	LINE:1108	9627d330af8b	1122	formalized	formalized	line 1108->1122 match 0.97>0.10		So $\langle z\rangle$ is a nontrivial finite central subgroup of $B$ inside $\mathfrak D_B(L)$, and Theorem~\ref{thm:compression-criterion} applied to $B$ kills	rows/torsion-ring.tsv: <z> nontrivial finite central in B inside D_B(L); criterion kills z from B, hence from EL_n(R) (at the printed S); LANDED 19e04b189cbd (compiled) [census merge 4c3d9dd02]
SAME-GRADE	torsion-ring	LINE:1112	7634d6cc067b	1126	formalized	formalized	line 1112->1126 starts-at-line		Then	rows/torsion-ring.tsv: [z,e_41(f20)]=e_41(f10), [e_24(t),e_41(f10)]=e_21(e), killed in EL_n(R); LANDED 19e04b189cbd (compiled) [census merge 4c3d9dd02]
SAME-GRADE	torsion-ring	LINE:1116	f40da910f45b	1130	formalized	formalized	line 1116->1130 match 1.20>0.20		are killed, hence every $e_{ij}(aeb)$ by the Steinberg relations and signed permutations, hence $\EL_n(R,ReR)$.	rows/torsion-ring.tsv: every e_ij(aeb) by Steinberg relations and signed permutations (ElementaryWeyl.weyl), hence EL_n(R,ReR); printed route; LANDED 19e04b189cbd (compiled) [census merge 4c3d9dd02]
SAME-GRADE	torsion-ring	LINE:1117	bbf924af98ec	1131	formalized	formalized	line 1117->1131 match 0.90>0.07		For $e\ne0$, $e_{21}(e)\ne1$.	rows/torsion-ring.tsv: e/=0 => e_21(e)/=1; LANDED 19e04b189cbd (compiled) [census merge 4c3d9dd02]
SAME-GRADE	torsion-ring	LINE:1118	885d8e36762a	1132	formalized	formalized	line 1118->1132 match 1.20>0.20		If $R$ has characteristic $p>0$ then $pe=0$ for every such $e$, and the contrapositive gives direct finiteness.	rows/torsion-ring.tsv: pe=0 in characteristic p, contrapositive gives direct finiteness; LANDED 19e04b189cbd (compiled) [census merge 4c3d9dd02]
