47735 XXXXXYY XXXXYxYxy 120 2,6,1,12,15,17,20,23,3,28,31,33,4,22,35,5,30,37,39,41,7,25,43,8,9,45,47,49,10,14,51,11,36,13,34,16,57,18,59,19,44,21,42,24,65,26,67,27,52,29,50,32,72,71,75,76,60,38,58,40,56,55,83,84,68,46,66,48,88,87,91,92,53,54,95,96,64,63,99,100,61,62,101,102,79,80,105,106,69,70,93,94,73,74,81,82,77,78,113,114,97,98,85,86,107,108,89,90,117,118,109,110,104,103,111,112,120,119,115,116 4,7,10,14,1,18,22,2,26,30,3,29,23,5,32,20,27,25,6,13,39,8,16,37,19,17,9,46,15,11,48,12,53,55,54,56,21,45,24,47,61,63,62,64,40,31,38,28,69,71,70,72,35,33,36,34,77,79,78,80,43,41,44,42,85,87,86,88,51,49,52,50,75,76,74,73,59,57,60,58,83,84,82,81,67,65,68,66,91,92,90,89,109,110,111,112,99,100,98,97,115,116,105,106,104,103,117,118,94,93,96,95,119,120,102,101,108,107,114,113
47736 XXXXXYY XXXXYxyxY 120 2,6,1,12,15,17,20,23,3,28,31,33,4,22,35,5,30,37,39,41,7,25,43,8,9,45,47,49,10,14,51,11,36,13,34,16,57,18,59,19,44,21,42,24,65,26,67,27,52,29,50,32,72,71,75,76,60,38,58,40,56,55,83,84,68,46,66,48,88,87,91,92,53,54,95,96,64,63,99,100,61,62,101,102,79,80,105,106,69,70,93,94,73,74,81,82,77,78,113,114,97,98,85,86,107,108,89,90,117,118,109,110,104,103,111,112,120,119,115,116 4,7,10,14,1,18,22,2,26,30,3,29,23,5,32,20,27,25,6,13,39,8,16,37,19,17,9,46,15,11,48,12,53,55,54,56,21,45,24,47,61,63,62,64,40,31,38,28,69,71,70,72,35,33,36,34,77,79,78,80,43,41,44,42,85,87,86,88,51,49,52,50,75,76,74,73,59,57,60,58,83,84,82,81,67,65,68,66,91,92,90,89,109,110,111,112,99,100,98,97,115,116,105,106,104,103,117,118,94,93,96,95,119,120,102,101,108,107,114,113
48002 XXXXYXY XXYYYxyXy 120 2,6,1,12,15,18,20,22,3,8,13,29,4,33,7,5,39,9,24,37,43,19,47,25,10,46,11,53,27,55,30,34,58,14,42,44,16,36,35,17,50,61,64,21,49,67,45,23,70,51,26,32,31,28,54,79,81,52,83,59,40,85,87,38,86,65,41,92,68,48,94,96,95,73,99,72,80,77,102,56,60,57,82,105,90,62,69,63,104,66,75,88,109,98,71,91,107,74,76,111,113,78,100,106,108,84,110,89,112,93,114,97,103,101,120,119,115,116,117,118 4,7,10,14,1,19,21,2,16,26,3,6,31,17,35,38,5,27,41,18,23,45,8,9,48,28,52,11,54,12,56,13,29,60,62,15,40,49,58,66,30,20,37,69,71,22,64,74,24,25,76,42,67,78,51,57,32,82,33,84,34,63,36,88,39,68,91,43,93,44,72,46,47,75,50,100,53,59,55,103,102,89,80,85,61,106,90,97,65,108,101,86,94,70,110,98,73,112,95,79,77,114,115,81,83,117,87,118,92,119,96,120,99,116,105,104,109,107,113,111
48064 XXXXYxY XXYYXYxyy 120 2,6,1,12,15,18,21,24,3,30,33,36,4,42,44,5,50,46,53,55,58,7,63,65,8,70,9,73,19,47,10,81,83,11,87,25,74,66,13,27,68,96,14,100,101,67,16,104,106,107,17,72,89,97,49,20,112,56,31,95,22,111,102,23,93,110,40,113,103,115,26,69,85,28,71,29,98,52,45,48,57,32,90,94,34,60,64,35,78,37,38,117,39,41,88,91,80,43,118,59,62,86,76,109,99,61,54,92,51,77,82,79,75,105,84,108,119,120,114,116 4,7,10,14,1,19,23,2,28,32,3,37,40,17,45,48,5,33,54,6,59,27,26,66,68,8,72,75,9,78,67,35,84,86,11,89,87,12,70,55,13,71,65,76,102,15,58,105,16,108,110,18,39,57,95,111,20,90,50,21,112,22,81,49,34,80,24,114,25,116,88,109,56,46,77,91,29,98,30,31,51,44,61,96,36,99,92,101,100,93,118,38,103,63,41,52,42,117,43,106,97,74,47,53,64,85,69,60,62,94,119,120,83,107,73,104,79,82,115,113
48070 XXXXYxY XXYYYxyXy 120 2,6,1,12,15,18,21,17,3,28,30,32,4,10,38,5,42,39,44,24,47,7,8,51,9,52,19,40,26,56,11,23,61,13,25,14,35,64,37,16,66,63,46,68,20,71,45,59,22,76,75,57,27,80,29,82,31,84,85,41,87,33,34,36,58,90,43,67,72,94,78,95,50,48,49,98,99,53,91,101,54,55,79,104,96,60,86,62,65,88,109,70,69,112,110,73,74,97,115,77,89,81,83,102,107,108,117,118,116,92,93,111,105,106,103,100,120,119,113,114 4,7,10,14,1,19,13,2,26,29,3,33,35,37,11,12,5,30,22,6,48,25,21,8,46,43,9,54,39,27,28,59,36,51,24,42,17,58,15,61,16,41,18,69,44,20,72,34,71,23,50,77,52,55,38,79,80,31,62,32,81,63,76,66,40,65,56,91,49,45,70,74,47,75,94,60,67,99,53,100,64,84,57,83,105,85,107,98,87,108,93,68,78,73,113,95,112,106,92,82,117,90,101,118,88,86,102,89,119,109,115,114,97,96,120,104,116,103,111,110
48433 XXXYY XXYxYxyxyxy 120 2,6,1,12,15,14,17,19,3,21,23,16,4,9,13,5,20,7,18,8,24,10,22,11,37,39,41,43,45,47,49,51,53,55,57,59,40,25,38,26,44,27,42,28,48,29,46,30,52,31,50,32,56,33,54,34,60,35,58,36,73,75,77,79,81,83,85,87,89,91,93,95,76,61,74,62,80,63,78,64,84,65,82,66,88,67,86,68,92,69,90,70,96,71,94,72,108,107,111,112,100,99,113,114,103,104,109,110,97,98,101,102,106,105,120,119,115,116,117,118 4,7,10,14,1,11,9,2,8,6,3,25,27,5,26,28,29,31,30,32,33,35,34,36,15,12,16,13,19,17,20,18,23,21,24,22,60,61,58,62,63,45,64,47,44,65,42,66,67,55,68,53,50,69,52,70,71,37,72,39,40,38,43,41,48,46,51,49,56,54,59,57,97,79,98,77,74,99,76,100,101,87,102,85,82,103,84,104,105,95,106,93,90,107,92,108,75,73,80,78,83,81,88,86,91,89,96,94,115,116,117,118,119,120,110,109,112,111,114,113
48443 XXXYY XXYxyxYxyxy 120 2,6,1,12,15,14,17,19,3,21,23,16,4,9,13,5,20,7,18,8,24,10,22,11,37,39,41,43,45,47,49,51,53,55,57,59,40,25,38,26,44,27,42,28,48,29,46,30,52,31,50,32,56,33,54,34,60,35,58,36,73,75,77,79,81,83,85,87,89,91,93,95,76,61,74,62,80,63,78,64,84,65,82,66,88,67,86,68,92,69,90,70,96,71,94,72,108,107,111,112,100,99,113,114,103,104,109,110,97,98,101,102,106,105,120,119,115,116,117,118 4,7,10,14,1,11,9,2,8,6,3,25,27,5,26,28,29,31,30,32,33,35,34,36,15,12,16,13,19,17,20,18,23,21,24,22,60,61,58,62,63,45,64,47,44,65,42,66,67,55,68,53,50,69,52,70,71,37,72,39,40,38,43,41,48,46,51,49,56,54,59,57,97,79,98,77,74,99,76,100,101,87,102,85,82,103,84,104,105,95,106,93,90,107,92,108,75,73,80,78,83,81,88,86,91,89,96,94,115,116,117,118,119,120,110,109,112,111,114,113
48444 XXXYY XXYxyxyxYxy 120 2,6,1,12,15,14,17,19,3,21,23,16,4,9,13,5,20,7,18,8,24,10,22,11,37,39,41,43,45,47,49,51,53,55,57,59,40,25,38,26,44,27,42,28,48,29,46,30,52,31,50,32,56,33,54,34,60,35,58,36,73,75,77,79,81,83,85,87,89,91,93,95,76,61,74,62,80,63,78,64,84,65,82,66,88,67,86,68,92,69,90,70,96,71,94,72,108,107,111,112,100,99,113,114,103,104,109,110,97,98,101,102,106,105,120,119,115,116,117,118 4,7,10,14,1,11,9,2,8,6,3,25,27,5,26,28,29,31,30,32,33,35,34,36,15,12,16,13,19,17,20,18,23,21,24,22,60,61,58,62,63,45,64,47,44,65,42,66,67,55,68,53,50,69,52,70,71,37,72,39,40,38,43,41,48,46,51,49,56,54,59,57,97,79,98,77,74,99,76,100,101,87,102,85,82,103,84,104,105,95,106,93,90,107,92,108,75,73,80,78,83,81,88,86,91,89,96,94,115,116,117,118,119,120,110,109,112,111,114,113
48445 XXXYY XXYxyxyxyxY 120 2,6,1,12,15,14,17,19,3,21,23,16,4,9,13,5,20,7,18,8,24,10,22,11,37,39,41,43,45,47,49,51,53,55,57,59,40,25,38,26,44,27,42,28,48,29,46,30,52,31,50,32,56,33,54,34,60,35,58,36,73,75,77,79,81,83,85,87,89,91,93,95,76,61,74,62,80,63,78,64,84,65,82,66,88,67,86,68,92,69,90,70,96,71,94,72,108,107,111,112,100,99,113,114,103,104,109,110,97,98,101,102,106,105,120,119,115,116,117,118 4,7,10,14,1,11,9,2,8,6,3,25,27,5,26,28,29,31,30,32,33,35,34,36,15,12,16,13,19,17,20,18,23,21,24,22,60,61,58,62,63,45,64,47,44,65,42,66,67,55,68,53,50,69,52,70,71,37,72,39,40,38,43,41,48,46,51,49,56,54,59,57,97,79,98,77,74,99,76,100,101,87,102,85,82,103,84,104,105,95,106,93,90,107,92,108,75,73,80,78,83,81,88,86,91,89,96,94,115,116,117,118,119,120,110,109,112,111,114,113
48454 XXXYY XXyxYxYxyxy 120 2,6,1,12,15,14,17,19,3,21,23,16,4,9,13,5,20,7,18,8,24,10,22,11,37,39,41,43,45,47,49,51,53,55,57,59,40,25,38,26,44,27,42,28,48,29,46,30,52,31,50,32,56,33,54,34,60,35,58,36,73,75,77,79,81,83,85,87,89,91,93,95,76,61,74,62,80,63,78,64,84,65,82,66,88,67,86,68,92,69,90,70,96,71,94,72,108,107,111,112,100,99,113,114,103,104,109,110,97,98,101,102,106,105,120,119,115,116,117,118 4,7,10,14,1,11,9,2,8,6,3,25,27,5,26,28,29,31,30,32,33,35,34,36,15,12,16,13,19,17,20,18,23,21,24,22,60,61,58,62,63,45,64,47,44,65,42,66,67,55,68,53,50,69,52,70,71,37,72,39,40,38,43,41,48,46,51,49,56,54,59,57,97,79,98,77,74,99,76,100,101,87,102,85,82,103,84,104,105,95,106,93,90,107,92,108,75,73,80,78,83,81,88,86,91,89,96,94,115,116,117,118,119,120,110,109,112,111,114,113
48455 XXXYY XXyxYxyxYxy 120 2,6,1,12,15,14,17,19,3,21,23,16,4,9,13,5,20,7,18,8,24,10,22,11,37,39,41,43,45,47,49,51,53,55,57,59,40,25,38,26,44,27,42,28,48,29,46,30,52,31,50,32,56,33,54,34,60,35,58,36,73,75,77,79,81,83,85,87,89,91,93,95,76,61,74,62,80,63,78,64,84,65,82,66,88,67,86,68,92,69,90,70,96,71,94,72,108,107,111,112,100,99,113,114,103,104,109,110,97,98,101,102,106,105,120,119,115,116,117,118 4,7,10,14,1,11,9,2,8,6,3,25,27,5,26,28,29,31,30,32,33,35,34,36,15,12,16,13,19,17,20,18,23,21,24,22,60,61,58,62,63,45,64,47,44,65,42,66,67,55,68,53,50,69,52,70,71,37,72,39,40,38,43,41,48,46,51,49,56,54,59,57,97,79,98,77,74,99,76,100,101,87,102,85,82,103,84,104,105,95,106,93,90,107,92,108,75,73,80,78,83,81,88,86,91,89,96,94,115,116,117,118,119,120,110,109,112,111,114,113
48684 XXXYxxY XXXXYxYxY 120 2,6,1,12,15,18,21,24,3,30,33,36,4,39,42,5,45,48,50,52,54,7,37,57,8,47,9,43,22,25,10,67,19,11,71,20,72,13,75,14,32,80,16,35,83,17,86,88,90,92,55,87,59,49,96,23,99,26,101,27,69,28,104,29,51,31,84,63,34,65,93,94,76,38,58,107,40,41,62,114,44,110,113,46,82,112,111,60,103,102,95,89,116,53,119,115,73,56,106,85,120,105,61,81,64,66,118,68,70,117,74,77,78,79,91,108,97,100,109,98 4,7,10,14,1,19,23,2,28,32,3,37,31,41,33,30,5,42,51,6,55,13,40,15,12,8,61,63,9,39,62,68,22,43,11,21,73,27,76,66,79,71,67,16,35,25,17,57,18,93,56,24,20,50,97,38,45,36,26,102,95,103,91,69,29,60,107,89,104,34,65,96,78,105,72,108,74,106,88,83,84,44,110,75,46,82,47,87,48,52,49,80,117,54,53,116,77,64,86,58,85,59,90,118,119,111,115,114,81,70,101,120,112,99,92,113,98,94,100,109
48745 XXXYxxY XYYxyXyxy 120 2,6,1,12,15,18,21,24,3,30,33,36,4,42,45,5,51,53,55,52,57,7,31,35,8,50,9,48,22,25,10,71,19,11,74,20,32,77,13,80,83,28,14,61,87,41,90,16,93,67,79,17,44,66,37,65,54,86,98,23,27,59,101,103,34,26,29,100,97,104,56,70,108,60,109,81,84,38,39,78,40,113,75,73,82,94,43,96,46,88,47,89,91,49,106,58,105,95,107,62,99,63,102,64,68,69,72,76,85,116,120,118,92,112,119,115,110,111,114,117 4,7,10,14,1,19,23,2,28,32,3,37,40,44,46,49,5,45,39,6,43,58,61,62,64,8,56,54,9,57,69,53,72,38,11,75,76,12,27,82,13,85,88,17,29,86,15,36,21,16,34,84,35,18,60,20,95,97,22,99,26,70,24,55,25,91,68,30,63,31,102,80,33,67,87,51,104,111,92,71,101,52,114,41,47,42,79,50,78,116,59,48,83,118,74,113,66,119,65,94,110,73,98,112,120,90,105,115,108,77,109,81,117,96,89,100,93,106,107,103
52403 XXYXyXY XXXXXXYXY 120 2,6,1,12,14,16,19,21,3,26,28,30,4,36,5,31,40,44,35,7,48,8,9,18,53,54,10,33,11,59,45,25,13,62,64,20,29,61,15,47,23,51,17,70,41,72,74,43,65,22,69,24,55,80,27,83,32,82,37,56,86,87,34,39,89,38,42,91,77,67,75,95,46,50,97,49,52,93,99,57,78,102,103,58,60,88,90,63,96,66,109,68,111,71,98,73,110,76,115,79,81,85,104,84,117,118,105,106,112,92,116,94,107,108,101,100,120,119,113,114 4,7,10,5,1,17,8,2,24,11,3,31,34,37,40,42,18,6,45,46,39,51,22,25,9,16,56,57,19,27,32,12,60,35,13,63,38,14,49,41,15,26,68,50,29,47,20,73,21,71,23,78,67,52,81,30,58,28,84,61,33,59,65,66,36,72,79,69,43,92,44,64,75,76,48,91,94,54,53,100,82,55,80,62,105,104,85,107,90,108,74,93,70,99,88,113,98,114,77,83,117,116,101,106,87,86,95,89,96,119,112,120,109,97,110,118,103,102,115,111
52432 XXYXyXY XXyxYxYxy 120 2,6,1,12,14,16,19,21,3,26,28,30,4,36,5,31,40,44,35,7,48,8,9,18,53,54,10,33,11,59,45,25,13,62,64,20,29,61,15,47,23,51,17,70,41,72,74,43,65,22,69,24,55,80,27,83,32,82,37,56,86,87,34,39,89,38,42,91,77,67,75,95,46,50,97,49,52,93,99,57,78,102,103,58,60,88,90,63,96,66,109,68,111,71,98,73,110,76,115,79,81,85,104,84,117,118,105,106,112,92,116,94,107,108,101,100,120,119,113,114 4,7,10,5,1,17,8,2,24,11,3,31,34,37,40,42,18,6,45,46,39,51,22,25,9,16,56,57,19,27,32,12,60,35,13,63,38,14,49,41,15,26,68,50,29,47,20,73,21,71,23,78,67,52,81,30,58,28,84,61,33,59,65,66,36,72,79,69,43,92,44,64,75,76,48,91,94,54,53,100,82,55,80,62,105,104,85,107,90,108,74,93,70,99,88,113,98,114,77,83,117,116,101,106,87,86,95,89,96,119,112,120,109,97,110,118,103,102,115,111
52811 XXYxY XXXXYYYYxxy 120 2,6,1,12,15,18,20,22,3,16,7,8,4,33,36,5,40,9,24,19,46,31,48,27,10,51,11,44,49,42,13,29,30,14,38,25,62,41,37,61,17,59,53,67,50,45,21,57,23,71,39,26,54,28,79,81,32,82,34,58,35,52,87,86,89,65,43,92,93,94,47,70,97,73,88,75,101,68,74,55,84,56,105,60,63,100,66,64,85,108,77,91,96,69,103,72,80,112,113,76,78,109,110,90,104,83,102,106,114,98,95,111,107,99,117,118,120,119,115,116 4,7,10,14,1,15,21,2,24,26,3,29,9,35,37,38,5,22,6,44,32,42,8,50,18,43,53,11,55,12,48,13,58,31,25,40,28,63,16,65,33,17,19,68,20,70,27,73,46,23,75,36,77,51,60,30,71,83,81,34,59,86,76,39,64,41,62,72,45,95,93,47,56,49,99,52,69,54,103,57,90,79,85,97,61,102,105,87,108,66,67,109,98,92,80,101,112,74,91,89,113,78,115,82,117,84,88,118,119,94,96,116,120,100,106,104,114,107,111,110
52848 XXYxY XXXYXyxxYYY 120 2,6,1,12,15,18,20,22,3,16,7,8,4,33,36,5,40,9,24,19,46,31,48,27,10,51,11,44,49,42,13,29,30,14,38,25,62,41,37,61,17,59,53,67,50,45,21,57,23,71,39,26,54,28,79,81,32,82,34,58,35,52,87,86,89,65,43,92,93,94,47,70,97,73,88,75,101,68,74,55,84,56,105,60,63,100,66,64,85,108,77,91,96,69,103,72,80,112,113,76,78,109,110,90,104,83,102,106,114,98,95,111,107,99,117,118,120,119,115,116 4,7,10,14,1,15,21,2,24,26,3,29,9,35,37,38,5,22,6,44,32,42,8,50,18,43,53,11,55,12,48,13,58,31,25,40,28,63,16,65,33,17,19,68,20,70,27,73,46,23,75,36,77,51,60,30,71,83,81,34,59,86,76,39,64,41,62,72,45,95,93,47,56,49,99,52,69,54,103,57,90,79,85,97,61,102,105,87,108,66,67,109,98,92,80,101,112,74,91,89,113,78,115,82,117,84,88,118,119,94,96,116,120,100,106,104,114,107,111,110
52857 XXYxY XXXYYXyxxYY 120 2,6,1,12,15,18,20,22,3,16,7,8,4,33,36,5,40,9,24,19,46,31,48,27,10,51,11,44,49,42,13,29,30,14,38,25,62,41,37,61,17,59,53,67,50,45,21,57,23,71,39,26,54,28,79,81,32,82,34,58,35,52,87,86,89,65,43,92,93,94,47,70,97,73,88,75,101,68,74,55,84,56,105,60,63,100,66,64,85,108,77,91,96,69,103,72,80,112,113,76,78,109,110,90,104,83,102,106,114,98,95,111,107,99,117,118,120,119,115,116 4,7,10,14,1,15,21,2,24,26,3,29,9,35,37,38,5,22,6,44,32,42,8,50,18,43,53,11,55,12,48,13,58,31,25,40,28,63,16,65,33,17,19,68,20,70,27,73,46,23,75,36,77,51,60,30,71,83,81,34,59,86,76,39,64,41,62,72,45,95,93,47,56,49,99,52,69,54,103,57,90,79,85,97,61,102,105,87,108,66,67,109,98,92,80,101,112,74,91,89,113,78,115,82,117,84,88,118,119,94,96,116,120,100,106,104,114,107,111,110
52861 XXYxY XXXYYYXyxxY 120 2,6,1,12,15,18,20,22,3,16,7,8,4,33,36,5,40,9,24,19,46,31,48,27,10,51,11,44,49,42,13,29,30,14,38,25,62,41,37,61,17,59,53,67,50,45,21,57,23,71,39,26,54,28,79,81,32,82,34,58,35,52,87,86,89,65,43,92,93,94,47,70,97,73,88,75,101,68,74,55,84,56,105,60,63,100,66,64,85,108,77,91,96,69,103,72,80,112,113,76,78,109,110,90,104,83,102,106,114,98,95,111,107,99,117,118,120,119,115,116 4,7,10,14,1,15,21,2,24,26,3,29,9,35,37,38,5,22,6,44,32,42,8,50,18,43,53,11,55,12,48,13,58,31,25,40,28,63,16,65,33,17,19,68,20,70,27,73,46,23,75,36,77,51,60,30,71,83,81,34,59,86,76,39,64,41,62,72,45,95,93,47,56,49,99,52,69,54,103,57,90,79,85,97,61,102,105,87,108,66,67,109,98,92,80,101,112,74,91,89,113,78,115,82,117,84,88,118,119,94,96,116,120,100,106,104,114,107,111,110
52913 XXYxY XXYXXYYYYYY 120 2,6,1,12,15,18,20,22,3,16,7,8,4,33,36,5,40,9,24,19,46,31,48,27,10,51,11,44,49,42,13,29,30,14,38,25,62,41,37,61,17,59,53,67,50,45,21,57,23,71,39,26,54,28,79,81,32,82,34,58,35,52,87,86,89,65,43,92,93,94,47,70,97,73,88,75,101,68,74,55,84,56,105,60,63,100,66,64,85,108,77,91,96,69,103,72,80,112,113,76,78,109,110,90,104,83,102,106,114,98,95,111,107,99,117,118,120,119,115,116 4,7,10,14,1,15,21,2,24,26,3,29,9,35,37,38,5,22,6,44,32,42,8,50,18,43,53,11,55,12,48,13,58,31,25,40,28,63,16,65,33,17,19,68,20,70,27,73,46,23,75,36,77,51,60,30,71,83,81,34,59,86,76,39,64,41,62,72,45,95,93,47,56,49,99,52,69,54,103,57,90,79,85,97,61,102,105,87,108,66,67,109,98,92,80,101,112,74,91,89,113,78,115,82,117,84,88,118,119,94,96,116,120,100,106,104,114,107,111,110
52937 XXYxY XXYXYYYYYXY 120 2,6,1,12,15,18,20,22,3,16,7,8,4,33,36,5,40,9,24,19,46,31,48,27,10,51,11,44,49,42,13,29,30,14,38,25,62,41,37,61,17,59,53,67,50,45,21,57,23,71,39,26,54,28,79,81,32,82,34,58,35,52,87,86,89,65,43,92,93,94,47,70,97,73,88,75,101,68,74,55,84,56,105,60,63,100,66,64,85,108,77,91,96,69,103,72,80,112,113,76,78,109,110,90,104,83,102,106,114,98,95,111,107,99,117,118,120,119,115,116 4,7,10,14,1,15,21,2,24,26,3,29,9,35,37,38,5,22,6,44,32,42,8,50,18,43,53,11,55,12,48,13,58,31,25,40,28,63,16,65,33,17,19,68,20,70,27,73,46,23,75,36,77,51,60,30,71,83,81,34,59,86,76,39,64,41,62,72,45,95,93,47,56,49,99,52,69,54,103,57,90,79,85,97,61,102,105,87,108,66,67,109,98,92,80,101,112,74,91,89,113,78,115,82,117,84,88,118,119,94,96,116,120,100,106,104,114,107,111,110
52955 XXYxY XXYXYxxYxyy 120 2,6,1,12,15,18,20,22,3,16,7,8,4,33,36,5,40,9,24,19,46,31,48,27,10,51,11,44,49,42,13,29,30,14,38,25,62,41,37,61,17,59,53,67,50,45,21,57,23,71,39,26,54,28,79,81,32,82,34,58,35,52,87,86,89,65,43,92,93,94,47,70,97,73,88,75,101,68,74,55,84,56,105,60,63,100,66,64,85,108,77,91,96,69,103,72,80,112,113,76,78,109,110,90,104,83,102,106,114,98,95,111,107,99,117,118,120,119,115,116 4,7,10,14,1,15,21,2,24,26,3,29,9,35,37,38,5,22,6,44,32,42,8,50,18,43,53,11,55,12,48,13,58,31,25,40,28,63,16,65,33,17,19,68,20,70,27,73,46,23,75,36,77,51,60,30,71,83,81,34,59,86,76,39,64,41,62,72,45,95,93,47,56,49,99,52,69,54,103,57,90,79,85,97,61,102,105,87,108,66,67,109,98,92,80,101,112,74,91,89,113,78,115,82,117,84,88,118,119,94,96,116,120,100,106,104,114,107,111,110
52961 XXYxY XXYXYxyxYxy 120 2,6,1,12,15,18,20,22,3,16,7,8,4,33,36,5,40,9,24,19,46,31,48,27,10,51,11,44,49,42,13,29,30,14,38,25,62,41,37,61,17,59,53,67,50,45,21,57,23,71,39,26,54,28,79,81,32,82,34,58,35,52,87,86,89,65,43,92,93,94,47,70,97,73,88,75,101,68,74,55,84,56,105,60,63,100,66,64,85,108,77,91,96,69,103,72,80,112,113,76,78,109,110,90,104,83,102,106,114,98,95,111,107,99,117,118,120,119,115,116 4,7,10,14,1,15,21,2,24,26,3,29,9,35,37,38,5,22,6,44,32,42,8,50,18,43,53,11,55,12,48,13,58,31,25,40,28,63,16,65,33,17,19,68,20,70,27,73,46,23,75,36,77,51,60,30,71,83,81,34,59,86,76,39,64,41,62,72,45,95,93,47,56,49,99,52,69,54,103,57,90,79,85,97,61,102,105,87,108,66,67,109,98,92,80,101,112,74,91,89,113,78,115,82,117,84,88,118,119,94,96,116,120,100,106,104,114,107,111,110
53027 XXYxY XXYYYYYxyXy 120 2,6,1,12,15,18,20,22,3,16,7,8,4,33,36,5,40,9,24,19,46,31,48,27,10,51,11,44,49,42,13,29,30,14,38,25,62,41,37,61,17,59,53,67,50,45,21,57,23,71,39,26,54,28,79,81,32,82,34,58,35,52,87,86,89,65,43,92,93,94,47,70,97,73,88,75,101,68,74,55,84,56,105,60,63,100,66,64,85,108,77,91,96,69,103,72,80,112,113,76,78,109,110,90,104,83,102,106,114,98,95,111,107,99,117,118,120,119,115,116 4,7,10,14,1,15,21,2,24,26,3,29,9,35,37,38,5,22,6,44,32,42,8,50,18,43,53,11,55,12,48,13,58,31,25,40,28,63,16,65,33,17,19,68,20,70,27,73,46,23,75,36,77,51,60,30,71,83,81,34,59,86,76,39,64,41,62,72,45,95,93,47,56,49,99,52,69,54,103,57,90,79,85,97,61,102,105,87,108,66,67,109,98,92,80,101,112,74,91,89,113,78,115,82,117,84,88,118,119,94,96,116,120,100,106,104,114,107,111,110
53047 XXYxY XXYYxYYxyyy 120 2,6,1,12,15,18,20,22,3,16,7,8,4,33,36,5,40,9,24,19,46,31,48,27,10,51,11,44,49,42,13,29,30,14,38,25,62,41,37,61,17,59,53,67,50,45,21,57,23,71,39,26,54,28,79,81,32,82,34,58,35,52,87,86,89,65,43,92,93,94,47,70,97,73,88,75,101,68,74,55,84,56,105,60,63,100,66,64,85,108,77,91,96,69,103,72,80,112,113,76,78,109,110,90,104,83,102,106,114,98,95,111,107,99,117,118,120,119,115,116 4,7,10,14,1,15,21,2,24,26,3,29,9,35,37,38,5,22,6,44,32,42,8,50,18,43,53,11,55,12,48,13,58,31,25,40,28,63,16,65,33,17,19,68,20,70,27,73,46,23,75,36,77,51,60,30,71,83,81,34,59,86,76,39,64,41,62,72,45,95,93,47,56,49,99,52,69,54,103,57,90,79,85,97,61,102,105,87,108,66,67,109,98,92,80,101,112,74,91,89,113,78,115,82,117,84,88,118,119,94,96,116,120,100,106,104,114,107,111,110
53062 XXYxY XXYYxyyyxYY 120 2,6,1,12,15,18,20,22,3,16,7,8,4,33,36,5,40,9,24,19,46,31,48,27,10,51,11,44,49,42,13,29,30,14,38,25,62,41,37,61,17,59,53,67,50,45,21,57,23,71,39,26,54,28,79,81,32,82,34,58,35,52,87,86,89,65,43,92,93,94,47,70,97,73,88,75,101,68,74,55,84,56,105,60,63,100,66,64,85,108,77,91,96,69,103,72,80,112,113,76,78,109,110,90,104,83,102,106,114,98,95,111,107,99,117,118,120,119,115,116 4,7,10,14,1,15,21,2,24,26,3,29,9,35,37,38,5,22,6,44,32,42,8,50,18,43,53,11,55,12,48,13,58,31,25,40,28,63,16,65,33,17,19,68,20,70,27,73,46,23,75,36,77,51,60,30,71,83,81,34,59,86,76,39,64,41,62,72,45,95,93,47,56,49,99,52,69,54,103,57,90,79,85,97,61,102,105,87,108,66,67,109,98,92,80,101,112,74,91,89,113,78,115,82,117,84,88,118,119,94,96,116,120,100,106,104,114,107,111,110
53090 XXYxY XXYxxYXYxyy 120 2,6,1,12,15,18,20,22,3,16,7,8,4,33,36,5,40,9,24,19,46,31,48,27,10,51,11,44,49,42,13,29,30,14,38,25,62,41,37,61,17,59,53,67,50,45,21,57,23,71,39,26,54,28,79,81,32,82,34,58,35,52,87,86,89,65,43,92,93,94,47,70,97,73,88,75,101,68,74,55,84,56,105,60,63,100,66,64,85,108,77,91,96,69,103,72,80,112,113,76,78,109,110,90,104,83,102,106,114,98,95,111,107,99,117,118,120,119,115,116 4,7,10,14,1,15,21,2,24,26,3,29,9,35,37,38,5,22,6,44,32,42,8,50,18,43,53,11,55,12,48,13,58,31,25,40,28,63,16,65,33,17,19,68,20,70,27,73,46,23,75,36,77,51,60,30,71,83,81,34,59,86,76,39,64,41,62,72,45,95,93,47,56,49,99,52,69,54,103,57,90,79,85,97,61,102,105,87,108,66,67,109,98,92,80,101,112,74,91,89,113,78,115,82,117,84,88,118,119,94,96,116,120,100,106,104,114,107,111,110
53107 XXYxY XXYxyxYXYxy 120 2,6,1,12,15,18,20,22,3,16,7,8,4,33,36,5,40,9,24,19,46,31,48,27,10,51,11,44,49,42,13,29,30,14,38,25,62,41,37,61,17,59,53,67,50,45,21,57,23,71,39,26,54,28,79,81,32,82,34,58,35,52,87,86,89,65,43,92,93,94,47,70,97,73,88,75,101,68,74,55,84,56,105,60,63,100,66,64,85,108,77,91,96,69,103,72,80,112,113,76,78,109,110,90,104,83,102,106,114,98,95,111,107,99,117,118,120,119,115,116 4,7,10,14,1,15,21,2,24,26,3,29,9,35,37,38,5,22,6,44,32,42,8,50,18,43,53,11,55,12,48,13,58,31,25,40,28,63,16,65,33,17,19,68,20,70,27,73,46,23,75,36,77,51,60,30,71,83,81,34,59,86,76,39,64,41,62,72,45,95,93,47,56,49,99,52,69,54,103,57,90,79,85,97,61,102,105,87,108,66,67,109,98,92,80,101,112,74,91,89,113,78,115,82,117,84,88,118,119,94,96,116,120,100,106,104,114,107,111,110
53129 XXYxY XXyxyxyxyxy 120 2,6,1,12,15,18,20,22,3,16,7,8,4,33,36,5,40,9,24,19,46,31,48,27,10,51,11,44,49,42,13,29,30,14,38,25,62,41,37,61,17,59,53,67,50,45,21,57,23,71,39,26,54,28,79,81,32,82,34,58,35,52,87,86,89,65,43,92,93,94,47,70,97,73,88,75,101,68,74,55,84,56,105,60,63,100,66,64,85,108,77,91,96,69,103,72,80,112,113,76,78,109,110,90,104,83,102,106,114,98,95,111,107,99,117,118,120,119,115,116 4,7,10,14,1,15,21,2,24,26,3,29,9,35,37,38,5,22,6,44,32,42,8,50,18,43,53,11,55,12,48,13,58,31,25,40,28,63,16,65,33,17,19,68,20,70,27,73,46,23,75,36,77,51,60,30,71,83,81,34,59,86,76,39,64,41,62,72,45,95,93,47,56,49,99,52,69,54,103,57,90,79,85,97,61,102,105,87,108,66,67,109,98,92,80,101,112,74,91,89,113,78,115,82,117,84,88,118,119,94,96,116,120,100,106,104,114,107,111,110
53164 XXYxY XYXYxyyyyxY 7 1,4,2,3,6,7,5 2,4,1,6,3,7,5
53210 XXYxY XYYYxyXyyxy 120 2,6,1,12,15,18,20,22,3,16,7,8,4,33,36,5,40,9,24,19,46,31,48,27,10,51,11,44,49,42,13,29,30,14,38,25,62,41,37,61,17,59,53,67,50,45,21,57,23,71,39,26,54,28,79,81,32,82,34,58,35,52,87,86,89,65,43,92,93,94,47,70,97,73,88,75,101,68,74,55,84,56,105,60,63,100,66,64,85,108,77,91,96,69,103,72,80,112,113,76,78,109,110,90,104,83,102,106,114,98,95,111,107,99,117,118,120,119,115,116 4,7,10,14,1,15,21,2,24,26,3,29,9,35,37,38,5,22,6,44,32,42,8,50,18,43,53,11,55,12,48,13,58,31,25,40,28,63,16,65,33,17,19,68,20,70,27,73,46,23,75,36,77,51,60,30,71,83,81,34,59,86,76,39,64,41,62,72,45,95,93,47,56,49,99,52,69,54,103,57,90,79,85,97,61,102,105,87,108,66,67,109,98,92,80,101,112,74,91,89,113,78,115,82,117,84,88,118,119,94,96,116,120,100,106,104,114,107,111,110
54361 XXYxyxY XXXXyxxxy 8 1,4,7,8,2,5,6,3 2,6,1,7,8,3,5,4
54445 XXYxyxY XXyxYXYxy 8 1,4,7,8,2,5,6,3 2,6,1,7,8,3,5,4
54473 XXYxyxY XYYYYXYxY 120 2,6,1,12,15,9,20,23,3,28,31,34,4,39,42,5,47,50,52,55,7,58,60,8,49,66,38,36,10,73,75,11,78,37,80,72,13,83,84,14,30,44,18,16,24,74,92,17,70,96,98,95,19,65,57,103,21,105,22,45,26,53,41,25,35,71,111,27,102,109,87,29,108,67,76,32,99,97,33,101,91,88,100,86,114,40,61,107,43,46,116,93,48,85,62,89,117,115,51,68,54,56,112,81,106,59,118,63,64,94,90,69,82,120,77,119,79,113,104,110 4,7,10,14,1,18,22,2,26,30,3,35,23,41,43,45,5,51,6,56,52,40,61,62,8,67,9,70,15,74,21,44,11,20,81,12,82,13,85,72,87,78,38,73,39,16,33,36,17,97,59,29,100,19,50,104,88,94,37,47,31,58,24,34,25,92,99,76,27,91,28,113,114,89,102,111,32,69,71,115,63,75,65,80,79,53,118,42,107,93,46,116,84,48,49,66,119,110,57,98,55,54,90,86,103,68,60,109,105,64,120,96,83,112,117,77,108,95,106,101
54479 XXYxyxY XYYYYxYxy 120 2,6,1,12,15,9,20,23,3,28,31,34,4,39,42,5,47,50,52,55,7,58,60,8,49,66,38,36,10,73,75,11,78,37,80,72,13,83,84,14,30,44,18,16,24,74,92,17,70,96,98,95,19,65,57,103,21,105,22,45,26,53,41,25,35,71,111,27,102,109,87,29,108,67,76,32,99,97,33,101,91,88,100,86,114,40,61,107,43,46,116,93,48,85,62,89,117,115,51,68,54,56,112,81,106,59,118,63,64,94,90,69,82,120,77,119,79,113,104,110 4,7,10,14,1,18,22,2,26,30,3,35,23,41,43,45,5,51,6,56,52,40,61,62,8,67,9,70,15,74,21,44,11,20,81,12,82,13,85,72,87,78,38,73,39,16,33,36,17,97,59,29,100,19,50,104,88,94,37,47,31,58,24,34,25,92,99,76,27,91,28,113,114,89,102,111,32,69,71,115,63,75,65,80,79,53,118,42,107,93,46,116,84,48,49,66,119,110,57,98,55,54,90,86,103,68,60,109,105,64,120,96,83,112,117,77,108,95,106,101
117818 XXXXXYY XXYXYXYxyy 120 2,6,1,12,15,17,20,23,3,28,31,33,4,22,35,5,30,37,39,41,7,25,43,8,9,45,47,49,10,14,51,11,36,13,34,16,57,18,59,19,44,21,42,24,65,26,67,27,52,29,50,32,72,71,75,76,60,38,58,40,56,55,83,84,68,46,66,48,88,87,91,92,53,54,95,96,64,63,99,100,61,62,101,102,79,80,105,106,69,70,93,94,73,74,81,82,77,78,113,114,97,98,85,86,107,108,89,90,117,118,109,110,104,103,111,112,120,119,115,116 4,7,10,14,1,18,22,2,26,30,3,29,23,5,32,20,27,25,6,13,39,8,16,37,19,17,9,46,15,11,48,12,53,55,54,56,21,45,24,47,61,63,62,64,40,31,38,28,69,71,70,72,35,33,36,34,77,79,78,80,43,41,44,42,85,87,86,88,51,49,52,50,75,76,74,73,59,57,60,58,83,84,82,81,67,65,68,66,91,92,90,89,109,110,111,112,99,100,98,97,115,116,105,106,104,103,117,118,94,93,96,95,119,120,102,101,108,107,114,113
117825 XXXXXYY XXYXyXyxYY 120 2,6,1,12,15,17,20,23,3,28,31,33,4,22,35,5,30,37,39,41,7,25,43,8,9,45,47,49,10,14,51,11,36,13,34,16,57,18,59,19,44,21,42,24,65,26,67,27,52,29,50,32,72,71,75,76,60,38,58,40,56,55,83,84,68,46,66,48,88,87,91,92,53,54,95,96,64,63,99,100,61,62,101,102,79,80,105,106,69,70,93,94,73,74,81,82,77,78,113,114,97,98,85,86,107,108,89,90,117,118,109,110,104,103,111,112,120,119,115,116 4,7,10,14,1,18,22,2,26,30,3,29,23,5,32,20,27,25,6,13,39,8,16,37,19,17,9,46,15,11,48,12,53,55,54,56,21,45,24,47,61,63,62,64,40,31,38,28,69,71,70,72,35,33,36,34,77,79,78,80,43,41,44,42,85,87,86,88,51,49,52,50,75,76,74,73,59,57,60,58,83,84,82,81,67,65,68,66,91,92,90,89,109,110,111,112,99,100,98,97,115,116,105,106,104,103,117,118,94,93,96,95,119,120,102,101,108,107,114,113
117839 XXXXXYY XXYYxYXyXy 120 2,6,1,12,15,17,20,23,3,28,31,33,4,22,35,5,30,37,39,41,7,25,43,8,9,45,47,49,10,14,51,11,36,13,34,16,57,18,59,19,44,21,42,24,65,26,67,27,52,29,50,32,72,71,75,76,60,38,58,40,56,55,83,84,68,46,66,48,88,87,91,92,53,54,95,96,64,63,99,100,61,62,101,102,79,80,105,106,69,70,93,94,73,74,81,82,77,78,113,114,97,98,85,86,107,108,89,90,117,118,109,110,104,103,111,112,120,119,115,116 4,7,10,14,1,18,22,2,26,30,3,29,23,5,32,20,27,25,6,13,39,8,16,37,19,17,9,46,15,11,48,12,53,55,54,56,21,45,24,47,61,63,62,64,40,31,38,28,69,71,70,72,35,33,36,34,77,79,78,80,43,41,44,42,85,87,86,88,51,49,52,50,75,76,74,73,59,57,60,58,83,84,82,81,67,65,68,66,91,92,90,89,109,110,111,112,99,100,98,97,115,116,105,106,104,103,117,118,94,93,96,95,119,120,102,101,108,107,114,113
117840 XXXXXYY XXYYxyXYXy 120 2,6,1,12,15,17,20,23,3,28,31,33,4,22,35,5,30,37,39,41,7,25,43,8,9,45,47,49,10,14,51,11,36,13,34,16,57,18,59,19,44,21,42,24,65,26,67,27,52,29,50,32,72,71,75,76,60,38,58,40,56,55,83,84,68,46,66,48,88,87,91,92,53,54,95,96,64,63,99,100,61,62,101,102,79,80,105,106,69,70,93,94,73,74,81,82,77,78,113,114,97,98,85,86,107,108,89,90,117,118,109,110,104,103,111,112,120,119,115,116 4,7,10,14,1,18,22,2,26,30,3,29,23,5,32,20,27,25,6,13,39,8,16,37,19,17,9,46,15,11,48,12,53,55,54,56,21,45,24,47,61,63,62,64,40,31,38,28,69,71,70,72,35,33,36,34,77,79,78,80,43,41,44,42,85,87,86,88,51,49,52,50,75,76,74,73,59,57,60,58,83,84,82,81,67,65,68,66,91,92,90,89,109,110,111,112,99,100,98,97,115,116,105,106,104,103,117,118,94,93,96,95,119,120,102,101,108,107,114,113
117850 XXXXXYY XYXYYYXyyy 120 2,6,1,12,15,17,20,23,3,28,31,33,4,22,35,5,30,37,39,41,7,25,43,8,9,45,47,49,10,14,51,11,36,13,34,16,57,18,59,19,44,21,42,24,65,26,67,27,52,29,50,32,72,71,75,76,60,38,58,40,56,55,83,84,68,46,66,48,88,87,91,92,53,54,95,96,64,63,99,100,61,62,101,102,79,80,105,106,69,70,93,94,73,74,81,82,77,78,113,114,97,98,85,86,107,108,89,90,117,118,109,110,104,103,111,112,120,119,115,116 4,7,10,14,1,18,22,2,26,30,3,29,23,5,32,20,27,25,6,13,39,8,16,37,19,17,9,46,15,11,48,12,53,55,54,56,21,45,24,47,61,63,62,64,40,31,38,28,69,71,70,72,35,33,36,34,77,79,78,80,43,41,44,42,85,87,86,88,51,49,52,50,75,76,74,73,59,57,60,58,83,84,82,81,67,65,68,66,91,92,90,89,109,110,111,112,99,100,98,97,115,116,105,106,104,103,117,118,94,93,96,95,119,120,102,101,108,107,114,113
117862 XXXXXYYY XXXYXYxxy 120 2,6,1,12,14,9,18,20,3,24,26,28,4,34,5,40,42,44,7,50,8,56,58,60,10,65,11,31,71,72,13,75,77,37,80,82,15,85,59,29,16,90,17,47,92,93,19,94,95,53,97,99,21,101,27,45,22,87,23,62,98,25,49,102,55,52,73,76,43,81,41,91,30,79,107,32,84,33,96,108,35,46,36,111,48,38,39,106,64,69,67,57,83,86,100,118,103,51,88,105,89,54,61,74,63,66,68,70,117,120,78,115,109,119,110,112,114,104,113,116 4,7,10,5,1,16,8,2,22,11,3,29,32,35,38,17,6,45,48,51,54,23,9,44,63,66,68,70,30,12,74,33,13,47,36,14,43,39,15,60,89,91,84,61,46,18,79,49,19,71,52,20,59,55,21,28,78,83,100,88,24,104,64,25,31,67,26,69,27,56,96,102,110,65,41,99,113,94,34,42,107,115,97,37,108,117,62,40,75,92,80,118,77,57,119,50,58,86,112,53,103,109,120,87,82,95,114,116,72,111,73,76,93,81,105,85,98,90,106,101
117871 XXXXXYYY XXYXXYYxy 120 2,6,1,12,14,9,18,20,3,24,26,28,4,34,5,40,42,44,7,50,8,56,58,60,10,65,11,31,71,72,13,75,77,37,80,82,15,85,59,29,16,90,17,47,92,93,19,94,95,53,97,99,21,101,27,45,22,87,23,62,98,25,49,102,55,52,73,76,43,81,41,91,30,79,107,32,84,33,96,108,35,46,36,111,48,38,39,106,64,69,67,57,83,86,100,118,103,51,88,105,89,54,61,74,63,66,68,70,117,120,78,115,109,119,110,112,114,104,113,116 4,7,10,5,1,16,8,2,22,11,3,29,32,35,38,17,6,45,48,51,54,23,9,44,63,66,68,70,30,12,74,33,13,47,36,14,43,39,15,60,89,91,84,61,46,18,79,49,19,71,52,20,59,55,21,28,78,83,100,88,24,104,64,25,31,67,26,69,27,56,96,102,110,65,41,99,113,94,34,42,107,115,97,37,108,117,62,40,75,92,80,118,77,57,119,50,58,86,112,53,103,109,120,87,82,95,114,116,72,111,73,76,93,81,105,85,98,90,106,101
117885 XXXXXYYY XXYYYxyXy 120 2,6,1,12,15,18,21,17,3,28,30,32,4,10,38,5,42,39,44,24,47,7,8,51,9,52,19,40,26,56,11,23,61,13,25,14,35,64,37,16,66,63,46,68,20,71,45,59,22,76,75,57,27,80,29,82,31,84,85,41,87,33,34,36,58,90,43,67,72,94,78,95,50,48,49,98,99,53,91,101,54,55,79,104,96,60,86,62,65,88,109,70,69,112,110,73,74,97,115,77,89,81,83,102,107,108,117,118,116,92,93,111,105,106,103,100,120,119,113,114 4,7,10,14,1,19,13,2,26,29,3,33,35,37,11,12,5,30,22,6,48,25,21,8,46,43,9,54,39,27,28,59,36,51,24,42,17,58,15,61,16,41,18,69,44,20,72,34,71,23,50,77,52,55,38,79,80,31,62,32,81,63,76,66,40,65,56,91,49,45,70,74,47,75,94,60,67,99,53,100,64,84,57,83,105,85,107,98,87,108,93,68,78,73,113,95,112,106,92,82,117,90,101,118,88,86,102,89,119,109,115,114,97,96,120,104,116,103,111,110
118537 XXXXYXY XXYXyyXYxY 120 2,6,1,12,15,18,20,22,3,8,13,29,4,33,7,5,39,9,24,37,43,19,47,25,10,46,11,53,27,55,30,34,58,14,42,44,16,36,35,17,50,61,64,21,49,67,45,23,70,51,26,32,31,28,54,79,81,52,83,59,40,85,87,38,86,65,41,92,68,48,94,96,95,73,99,72,80,77,102,56,60,57,82,105,90,62,69,63,104,66,75,88,109,98,71,91,107,74,76,111,113,78,100,106,108,84,110,89,112,93,114,97,103,101,120,119,115,116,117,118 4,7,10,14,1,19,21,2,16,26,3,6,31,17,35,38,5,27,41,18,23,45,8,9,48,28,52,11,54,12,56,13,29,60,62,15,40,49,58,66,30,20,37,69,71,22,64,74,24,25,76,42,67,78,51,57,32,82,33,84,34,63,36,88,39,68,91,43,93,44,72,46,47,75,50,100,53,59,55,103,102,89,80,85,61,106,90,97,65,108,101,86,94,70,110,98,73,112,95,79,77,114,115,81,83,117,87,118,92,119,96,120,99,116,105,104,109,107,113,111
118562 XXXXYXY XYXyXYxYXy 120 2,6,1,12,15,18,20,22,3,8,13,29,4,33,7,5,39,9,24,37,43,19,47,25,10,46,11,53,27,55,30,34,58,14,42,44,16,36,35,17,50,61,64,21,49,67,45,23,70,51,26,32,31,28,54,79,81,52,83,59,40,85,87,38,86,65,41,92,68,48,94,96,95,73,99,72,80,77,102,56,60,57,82,105,90,62,69,63,104,66,75,88,109,98,71,91,107,74,76,111,113,78,100,106,108,84,110,89,112,93,114,97,103,101,120,119,115,116,117,118 4,7,10,14,1,19,21,2,16,26,3,6,31,17,35,38,5,27,41,18,23,45,8,9,48,28,52,11,54,12,56,13,29,60,62,15,40,49,58,66,30,20,37,69,71,22,64,74,24,25,76,42,67,78,51,57,32,82,33,84,34,63,36,88,39,68,91,43,93,44,72,46,47,75,50,100,53,59,55,103,102,89,80,85,61,106,90,97,65,108,101,86,94,70,110,98,73,112,95,79,77,114,115,81,83,117,87,118,92,119,96,120,99,116,105,104,109,107,113,111
118563 XXXXYXY XYYXYYXyyy 120 2,6,1,12,15,18,20,22,3,8,13,29,4,33,7,5,39,9,24,37,43,19,47,25,10,46,11,53,27,55,30,34,58,14,42,44,16,36,35,17,50,61,64,21,49,67,45,23,70,51,26,32,31,28,54,79,81,52,83,59,40,85,87,38,86,65,41,92,68,48,94,96,95,73,99,72,80,77,102,56,60,57,82,105,90,62,69,63,104,66,75,88,109,98,71,91,107,74,76,111,113,78,100,106,108,84,110,89,112,93,114,97,103,101,120,119,115,116,117,118 4,7,10,14,1,19,21,2,16,26,3,6,31,17,35,38,5,27,41,18,23,45,8,9,48,28,52,11,54,12,56,13,29,60,62,15,40,49,58,66,30,20,37,69,71,22,64,74,24,25,76,42,67,78,51,57,32,82,33,84,34,63,36,88,39,68,91,43,93,44,72,46,47,75,50,100,53,59,55,103,102,89,80,85,61,106,90,97,65,108,101,86,94,70,110,98,73,112,95,79,77,114,115,81,83,117,87,118,92,119,96,120,99,116,105,104,109,107,113,111
118818 XXXXYYY XYXYXyxYxy 336 2,6,1,12,15,18,21,24,3,30,33,36,4,42,45,5,51,44,53,55,57,7,40,64,8,68,9,70,61,73,10,77,79,11,84,52,87,49,13,65,95,48,14,27,43,102,35,16,106,107,39,17,109,19,114,20,69,99,66,22,115,126,23,63,25,134,135,60,26,112,28,29,47,117,82,31,81,32,78,151,34,155,156,76,157,159,161,37,98,38,83,168,162,171,173,41,176,165,178,179,181,183,46,187,186,164,120,50,71,129,116,54,199,72,56,205,206,207,209,58,128,59,216,211,219,221,62,214,223,224,184,227,175,213,195,67,138,234,235,229,236,74,148,75,139,226,238,241,245,217,247,80,249,208,240,88,204,85,255,86,167,256,260,89,90,262,91,202,92,93,174,94,172,96,146,185,97,192,270,100,197,101,177,140,103,193,272,104,105,274,259,108,182,285,110,111,189,287,248,113,291,158,293,169,233,243,150,118,297,119,298,300,121,122,281,154,123,124,222,125,220,127,232,307,130,131,308,132,133,310,284,136,137,196,142,316,141,317,267,143,144,264,145,147,319,149,200,152,321,153,296,318,251,257,170,160,309,239,306,283,163,303,166,265,311,315,304,295,305,188,273,180,230,324,301,266,231,268,280,289,320,190,191,323,327,194,328,278,312,198,329,201,330,203,313,299,218,210,263,277,212,215,253,252,258,322,228,225,242,279,314,271,276,254,288,244,237,269,250,282,246,261,275,302,333,334,290,286,294,292,325,326,336,335,331,332 4,7,10,14,1,19,23,2,28,32,3,37,40,44,46,49,5,35,29,6,58,61,27,41,66,8,26,20,9,74,42,18,80,82,11,85,89,12,92,94,13,97,98,17,100,31,15,104,99,16,91,24,110,33,62,116,118,121,21,123,125,22,128,130,132,129,25,108,55,136,77,138,140,143,30,146,113,148,149,71,153,87,34,145,93,36,78,162,51,155,38,86,39,52,127,175,47,50,43,105,45,96,186,101,48,190,191,59,193,137,53,197,54,201,203,139,56,124,57,211,68,106,119,60,69,200,169,67,63,133,64,131,65,230,231,111,70,117,72,147,73,238,84,234,75,141,76,83,154,79,103,208,150,81,251,252,253,95,163,257,258,259,88,241,215,90,159,263,171,265,220,184,266,268,176,172,181,261,244,107,151,273,275,102,277,199,237,178,280,213,188,209,198,109,287,134,194,112,177,217,204,114,202,115,242,295,282,126,212,299,284,120,165,289,122,302,219,303,152,158,304,305,301,170,135,309,160,223,311,233,228,285,214,314,315,239,271,318,142,205,166,144,236,279,286,156,322,283,290,161,164,250,264,157,325,326,224,246,167,221,180,216,254,168,227,269,173,267,174,255,179,256,281,182,278,183,276,185,187,274,189,262,323,192,288,324,313,195,196,320,218,206,210,235,294,207,331,332,291,248,225,296,293,306,260,222,297,298,312,226,310,229,232,240,292,333,334,243,316,245,317,300,247,249,272,270,335,336,327,328,308,307,321,319,330,329
118838 XXXXYYxy XXXXXXYXY 120 2,6,1,12,14,16,19,21,3,26,28,30,4,36,5,31,40,44,35,7,48,8,9,18,53,54,10,33,11,59,45,25,13,62,64,20,29,61,15,47,23,51,17,70,41,72,74,43,65,22,69,24,55,80,27,83,32,82,37,56,86,87,34,39,89,38,42,91,77,67,75,95,46,50,97,49,52,93,99,57,78,102,103,58,60,88,90,63,96,66,109,68,111,71,98,73,110,76,115,79,81,85,104,84,117,118,105,106,112,92,116,94,107,108,101,100,120,119,113,114 4,7,10,5,1,17,8,2,24,11,3,31,34,37,40,42,18,6,45,46,39,51,22,25,9,16,56,57,19,27,32,12,60,35,13,63,38,14,49,41,15,26,68,50,29,47,20,73,21,71,23,78,67,52,81,30,58,28,84,61,33,59,65,66,36,72,79,69,43,92,44,64,75,76,48,91,94,54,53,100,82,55,80,62,105,104,85,107,90,108,74,93,70,99,88,113,98,114,77,83,117,116,101,106,87,86,95,89,96,119,112,120,109,97,110,118,103,102,115,111
118898 XXXXYYxy XXYXYYXyy 120 2,6,1,12,14,16,19,21,3,26,28,30,4,36,5,31,40,44,35,7,48,8,9,18,53,54,10,33,11,59,45,25,13,62,64,20,29,61,15,47,23,51,17,70,41,72,74,43,65,22,69,24,55,80,27,83,32,82,37,56,86,87,34,39,89,38,42,91,77,67,75,95,46,50,97,49,52,93,99,57,78,102,103,58,60,88,90,63,96,66,109,68,111,71,98,73,110,76,115,79,81,85,104,84,117,118,105,106,112,92,116,94,107,108,101,100,120,119,113,114 4,7,10,5,1,17,8,2,24,11,3,31,34,37,40,42,18,6,45,46,39,51,22,25,9,16,56,57,19,27,32,12,60,35,13,63,38,14,49,41,15,26,68,50,29,47,20,73,21,71,23,78,67,52,81,30,58,28,84,61,33,59,65,66,36,72,79,69,43,92,44,64,75,76,48,91,94,54,53,100,82,55,80,62,105,104,85,107,90,108,74,93,70,99,88,113,98,114,77,83,117,116,101,106,87,86,95,89,96,119,112,120,109,97,110,118,103,102,115,111
118956 XXXXYYxy XXyxYxYxy 120 2,6,1,12,14,16,19,21,3,26,28,30,4,36,5,31,40,44,35,7,48,8,9,18,53,54,10,33,11,59,45,25,13,62,64,20,29,61,15,47,23,51,17,70,41,72,74,43,65,22,69,24,55,80,27,83,32,82,37,56,86,87,34,39,89,38,42,91,77,67,75,95,46,50,97,49,52,93,99,57,78,102,103,58,60,88,90,63,96,66,109,68,111,71,98,73,110,76,115,79,81,85,104,84,117,118,105,106,112,92,116,94,107,108,101,100,120,119,113,114 4,7,10,5,1,17,8,2,24,11,3,31,34,37,40,42,18,6,45,46,39,51,22,25,9,16,56,57,19,27,32,12,60,35,13,63,38,14,49,41,15,26,68,50,29,47,20,73,21,71,23,78,67,52,81,30,58,28,84,61,33,59,65,66,36,72,79,69,43,92,44,64,75,76,48,91,94,54,53,100,82,55,80,62,105,104,85,107,90,108,74,93,70,99,88,113,98,114,77,83,117,116,101,106,87,86,95,89,96,119,112,120,109,97,110,118,103,102,115,111
118964 XXXXYYxy XXyyXYYXY 120 2,6,1,12,14,16,19,21,3,26,28,30,4,36,5,31,40,44,35,7,48,8,9,18,53,54,10,33,11,59,45,25,13,62,64,20,29,61,15,47,23,51,17,70,41,72,74,43,65,22,69,24,55,80,27,83,32,82,37,56,86,87,34,39,89,38,42,91,77,67,75,95,46,50,97,49,52,93,99,57,78,102,103,58,60,88,90,63,96,66,109,68,111,71,98,73,110,76,115,79,81,85,104,84,117,118,105,106,112,92,116,94,107,108,101,100,120,119,113,114 4,7,10,5,1,17,8,2,24,11,3,31,34,37,40,42,18,6,45,46,39,51,22,25,9,16,56,57,19,27,32,12,60,35,13,63,38,14,49,41,15,26,68,50,29,47,20,73,21,71,23,78,67,52,81,30,58,28,84,61,33,59,65,66,36,72,79,69,43,92,44,64,75,76,48,91,94,54,53,100,82,55,80,62,105,104,85,107,90,108,74,93,70,99,88,113,98,114,77,83,117,116,101,106,87,86,95,89,96,119,112,120,109,97,110,118,103,102,115,111
118970 XXXXYYxy XYXYXYXyy 120 2,6,1,12,14,16,19,21,3,26,28,30,4,36,5,31,40,44,35,7,48,8,9,18,53,54,10,33,11,59,45,25,13,62,64,20,29,61,15,47,23,51,17,70,41,72,74,43,65,22,69,24,55,80,27,83,32,82,37,56,86,87,34,39,89,38,42,91,77,67,75,95,46,50,97,49,52,93,99,57,78,102,103,58,60,88,90,63,96,66,109,68,111,71,98,73,110,76,115,79,81,85,104,84,117,118,105,106,112,92,116,94,107,108,101,100,120,119,113,114 4,7,10,5,1,17,8,2,24,11,3,31,34,37,40,42,18,6,45,46,39,51,22,25,9,16,56,57,19,27,32,12,60,35,13,63,38,14,49,41,15,26,68,50,29,47,20,73,21,71,23,78,67,52,81,30,58,28,84,61,33,59,65,66,36,72,79,69,43,92,44,64,75,76,48,91,94,54,53,100,82,55,80,62,105,104,85,107,90,108,74,93,70,99,88,113,98,114,77,83,117,116,101,106,87,86,95,89,96,119,112,120,109,97,110,118,103,102,115,111
119009 XXXXYxY XXXXYxxYxy 120 2,6,1,12,15,18,21,17,3,28,30,32,4,10,38,5,42,39,44,24,47,7,8,51,9,52,19,40,26,56,11,23,61,13,25,14,35,64,37,16,66,63,46,68,20,71,45,59,22,76,75,57,27,80,29,82,31,84,85,41,87,33,34,36,58,90,43,67,72,94,78,95,50,48,49,98,99,53,91,101,54,55,79,104,96,60,86,62,65,88,109,70,69,112,110,73,74,97,115,77,89,81,83,102,107,108,117,118,116,92,93,111,105,106,103,100,120,119,113,114 4,7,10,14,1,19,13,2,26,29,3,33,35,37,11,12,5,30,22,6,48,25,21,8,46,43,9,54,39,27,28,59,36,51,24,42,17,58,15,61,16,41,18,69,44,20,72,34,71,23,50,77,52,55,38,79,80,31,62,32,81,63,76,66,40,65,56,91,49,45,70,74,47,75,94,60,67,99,53,100,64,84,57,83,105,85,107,98,87,108,93,68,78,73,113,95,112,106,92,82,117,90,101,118,88,86,102,89,119,109,115,114,97,96,120,104,116,103,111,110
119020 XXXXYxY XXXYYYxxyy 120 2,6,1,12,15,18,21,24,3,30,33,36,4,42,44,5,50,46,53,55,58,7,63,65,8,70,9,73,19,47,10,81,83,11,87,25,74,66,13,27,68,96,14,100,101,67,16,104,106,107,17,72,89,97,49,20,112,56,31,95,22,111,102,23,93,110,40,113,103,115,26,69,85,28,71,29,98,52,45,48,57,32,90,94,34,60,64,35,78,37,38,117,39,41,88,91,80,43,118,59,62,86,76,109,99,61,54,92,51,77,82,79,75,105,84,108,119,120,114,116 4,7,10,14,1,19,23,2,28,32,3,37,40,17,45,48,5,33,54,6,59,27,26,66,68,8,72,75,9,78,67,35,84,86,11,89,87,12,70,55,13,71,65,76,102,15,58,105,16,108,110,18,39,57,95,111,20,90,50,21,112,22,81,49,34,80,24,114,25,116,88,109,56,46,77,91,29,98,30,31,51,44,61,96,36,99,92,101,100,93,118,38,103,63,41,52,42,117,43,106,97,74,47,53,64,85,69,60,62,94,119,120,83,107,73,104,79,82,115,113
119024 XXXXYxY XXXYxYYxyy 120 2,6,1,12,15,18,21,17,3,28,30,32,4,10,38,5,42,39,44,24,47,7,8,51,9,52,19,40,26,56,11,23,61,13,25,14,35,64,37,16,66,63,46,68,20,71,45,59,22,76,75,57,27,80,29,82,31,84,85,41,87,33,34,36,58,90,43,67,72,94,78,95,50,48,49,98,99,53,91,101,54,55,79,104,96,60,86,62,65,88,109,70,69,112,110,73,74,97,115,77,89,81,83,102,107,108,117,118,116,92,93,111,105,106,103,100,120,119,113,114 4,7,10,14,1,19,13,2,26,29,3,33,35,37,11,12,5,30,22,6,48,25,21,8,46,43,9,54,39,27,28,59,36,51,24,42,17,58,15,61,16,41,18,69,44,20,72,34,71,23,50,77,52,55,38,79,80,31,62,32,81,63,76,66,40,65,56,91,49,45,70,74,47,75,94,60,67,99,53,100,64,84,57,83,105,85,107,98,87,108,93,68,78,73,113,95,112,106,92,82,117,90,101,118,88,86,102,89,119,109,115,114,97,96,120,104,116,103,111,110
119051 XXXXYxY XXYYXyxyxY 120 2,6,1,12,15,18,21,24,3,30,33,36,4,42,44,5,50,46,53,55,58,7,63,65,8,70,9,73,19,47,10,81,83,11,87,25,74,66,13,27,68,96,14,100,101,67,16,104,106,107,17,72,89,97,49,20,112,56,31,95,22,111,102,23,93,110,40,113,103,115,26,69,85,28,71,29,98,52,45,48,57,32,90,94,34,60,64,35,78,37,38,117,39,41,88,91,80,43,118,59,62,86,76,109,99,61,54,92,51,77,82,79,75,105,84,108,119,120,114,116 4,7,10,14,1,19,23,2,28,32,3,37,40,17,45,48,5,33,54,6,59,27,26,66,68,8,72,75,9,78,67,35,84,86,11,89,87,12,70,55,13,71,65,76,102,15,58,105,16,108,110,18,39,57,95,111,20,90,50,21,112,22,81,49,34,80,24,114,25,116,88,109,56,46,77,91,29,98,30,31,51,44,61,96,36,99,92,101,100,93,118,38,103,63,41,52,42,117,43,106,97,74,47,53,64,85,69,60,62,94,119,120,83,107,73,104,79,82,115,113
119063 XXXXYxY XXYxYXYxyy 120 2,6,1,12,15,18,21,17,3,28,30,32,4,10,38,5,42,39,44,24,47,7,8,51,9,52,19,40,26,56,11,23,61,13,25,14,35,64,37,16,66,63,46,68,20,71,45,59,22,76,75,57,27,80,29,82,31,84,85,41,87,33,34,36,58,90,43,67,72,94,78,95,50,48,49,98,99,53,91,101,54,55,79,104,96,60,86,62,65,88,109,70,69,112,110,73,74,97,115,77,89,81,83,102,107,108,117,118,116,92,93,111,105,106,103,100,120,119,113,114 4,7,10,14,1,19,13,2,26,29,3,33,35,37,11,12,5,30,22,6,48,25,21,8,46,43,9,54,39,27,28,59,36,51,24,42,17,58,15,61,16,41,18,69,44,20,72,34,71,23,50,77,52,55,38,79,80,31,62,32,81,63,76,66,40,65,56,91,49,45,70,74,47,75,94,60,67,99,53,100,64,84,57,83,105,85,107,98,87,108,93,68,78,73,113,95,112,106,92,82,117,90,101,118,88,86,102,89,119,109,115,114,97,96,120,104,116,103,111,110
119064 XXXXYxY XXYxYXyyxY 120 2,6,1,12,15,18,21,17,3,28,30,32,4,10,38,5,42,39,44,24,47,7,8,51,9,52,19,40,26,56,11,23,61,13,25,14,35,64,37,16,66,63,46,68,20,71,45,59,22,76,75,57,27,80,29,82,31,84,85,41,87,33,34,36,58,90,43,67,72,94,78,95,50,48,49,98,99,53,91,101,54,55,79,104,96,60,86,62,65,88,109,70,69,112,110,73,74,97,115,77,89,81,83,102,107,108,117,118,116,92,93,111,105,106,103,100,120,119,113,114 4,7,10,14,1,19,13,2,26,29,3,33,35,37,11,12,5,30,22,6,48,25,21,8,46,43,9,54,39,27,28,59,36,51,24,42,17,58,15,61,16,41,18,69,44,20,72,34,71,23,50,77,52,55,38,79,80,31,62,32,81,63,76,66,40,65,56,91,49,45,70,74,47,75,94,60,67,99,53,100,64,84,57,83,105,85,107,98,87,108,93,68,78,73,113,95,112,106,92,82,117,90,101,118,88,86,102,89,119,109,115,114,97,96,120,104,116,103,111,110
123532 XXXYXYXY XYYYYXyXy 120 2,6,1,11,14,3,19,22,20,23,17,4,29,18,5,33,12,15,9,7,39,10,8,43,40,44,45,46,35,13,51,52,36,16,30,34,57,58,25,21,61,62,26,24,28,27,67,68,56,55,32,31,73,74,49,50,38,37,64,63,42,41,59,60,85,86,48,47,89,90,91,92,54,53,95,96,93,94,97,98,87,88,99,100,66,65,82,81,70,69,72,71,78,77,76,75,80,79,84,83,105,106,115,116,102,101,111,112,113,114,108,107,110,109,104,103,120,119,117,118 4,7,9,13,1,17,21,2,25,3,23,22,16,31,32,5,35,6,14,15,24,41,42,8,26,10,11,12,46,45,53,54,55,56,36,18,19,20,58,57,48,47,63,64,65,66,27,28,29,30,33,34,37,38,75,76,77,78,39,40,43,44,83,84,70,69,87,88,49,50,51,52,92,91,71,72,80,79,59,60,61,62,81,82,67,68,103,104,105,106,107,108,73,74,90,89,113,114,98,97,85,86,101,102,117,118,110,109,93,94,95,96,119,120,99,100,112,111,116,115
123956 XXXYXyXY XXXXYXYxy 120 2,6,1,12,15,18,21,24,3,30,33,36,4,41,43,5,48,50,52,54,56,7,59,61,8,45,9,25,38,20,10,73,22,11,76,72,66,13,32,44,83,14,19,75,89,16,91,92,17,96,47,98,95,79,63,40,29,62,82,23,51,46,104,26,27,70,28,55,108,31,68,74,100,101,34,85,35,37,78,39,110,115,114,69,42,81,67,77,99,93,87,60,112,49,102,65,107,58,53,116,57,118,86,113,90,64,117,80,71,120,84,119,97,88,94,111,109,106,103,105 4,7,10,14,1,19,23,2,28,32,3,34,39,17,44,47,5,51,53,6,16,42,26,62,37,8,46,68,9,57,71,35,74,52,11,18,12,79,81,13,56,86,60,88,15,64,30,33,95,78,97,25,55,67,20,50,21,22,98,103,99,94,24,107,75,27,106,69,29,61,110,31,36,111,49,38,59,84,113,104,82,40,72,41,116,102,43,90,115,45,65,114,48,105,91,101,73,96,119,54,77,58,117,118,63,120,66,70,89,83,93,76,112,80,85,109,87,92,108,100
123974 XXXYXyXY XXXyxYYxy 8 1,4,7,3,2,8,6,5 2,6,1,4,8,7,5,3
124818 XXXYY XXYXXYxYxyxy 120 2,6,1,12,15,14,17,19,3,21,23,16,4,9,13,5,20,7,18,8,24,10,22,11,37,39,41,43,45,47,49,51,53,55,57,59,40,25,38,26,44,27,42,28,48,29,46,30,52,31,50,32,56,33,54,34,60,35,58,36,73,75,77,79,81,83,85,87,89,91,93,95,76,61,74,62,80,63,78,64,84,65,82,66,88,67,86,68,92,69,90,70,96,71,94,72,108,107,111,112,100,99,113,114,103,104,109,110,97,98,101,102,106,105,120,119,115,116,117,118 4,7,10,14,1,11,9,2,8,6,3,25,27,5,26,28,29,31,30,32,33,35,34,36,15,12,16,13,19,17,20,18,23,21,24,22,60,61,58,62,63,45,64,47,44,65,42,66,67,55,68,53,50,69,52,70,71,37,72,39,40,38,43,41,48,46,51,49,56,54,59,57,97,79,98,77,74,99,76,100,101,87,102,85,82,103,84,104,105,95,106,93,90,107,92,108,75,73,80,78,83,81,88,86,91,89,96,94,115,116,117,118,119,120,110,109,112,111,114,113
124821 XXXYY XXYXXYxyxYxy 120 2,6,1,12,15,14,17,19,3,21,23,16,4,9,13,5,20,7,18,8,24,10,22,11,37,39,41,43,45,47,49,51,53,55,57,59,40,25,38,26,44,27,42,28,48,29,46,30,52,31,50,32,56,33,54,34,60,35,58,36,73,75,77,79,81,83,85,87,89,91,93,95,76,61,74,62,80,63,78,64,84,65,82,66,88,67,86,68,92,69,90,70,96,71,94,72,108,107,111,112,100,99,113,114,103,104,109,110,97,98,101,102,106,105,120,119,115,116,117,118 4,7,10,14,1,11,9,2,8,6,3,25,27,5,26,28,29,31,30,32,33,35,34,36,15,12,16,13,19,17,20,18,23,21,24,22,60,61,58,62,63,45,64,47,44,65,42,66,67,55,68,53,50,69,52,70,71,37,72,39,40,38,43,41,48,46,51,49,56,54,59,57,97,79,98,77,74,99,76,100,101,87,102,85,82,103,84,104,105,95,106,93,90,107,92,108,75,73,80,78,83,81,88,86,91,89,96,94,115,116,117,118,119,120,110,109,112,111,114,113
124822 XXXYY XXYXXYxyxyxY 120 2,6,1,12,15,14,17,19,3,21,23,16,4,9,13,5,20,7,18,8,24,10,22,11,37,39,41,43,45,47,49,51,53,55,57,59,40,25,38,26,44,27,42,28,48,29,46,30,52,31,50,32,56,33,54,34,60,35,58,36,73,75,77,79,81,83,85,87,89,91,93,95,76,61,74,62,80,63,78,64,84,65,82,66,88,67,86,68,92,69,90,70,96,71,94,72,108,107,111,112,100,99,113,114,103,104,109,110,97,98,101,102,106,105,120,119,115,116,117,118 4,7,10,14,1,11,9,2,8,6,3,25,27,5,26,28,29,31,30,32,33,35,34,36,15,12,16,13,19,17,20,18,23,21,24,22,60,61,58,62,63,45,64,47,44,65,42,66,67,55,68,53,50,69,52,70,71,37,72,39,40,38,43,41,48,46,51,49,56,54,59,57,97,79,98,77,74,99,76,100,101,87,102,85,82,103,84,104,105,95,106,93,90,107,92,108,75,73,80,78,83,81,88,86,91,89,96,94,115,116,117,118,119,120,110,109,112,111,114,113
124824 XXXYY XXYXXyxYxYxy 120 2,6,1,12,15,14,17,19,3,21,23,16,4,9,13,5,20,7,18,8,24,10,22,11,37,39,41,43,45,47,49,51,53,55,57,59,40,25,38,26,44,27,42,28,48,29,46,30,52,31,50,32,56,33,54,34,60,35,58,36,73,75,77,79,81,83,85,87,89,91,93,95,76,61,74,62,80,63,78,64,84,65,82,66,88,67,86,68,92,69,90,70,96,71,94,72,108,107,111,112,100,99,113,114,103,104,109,110,97,98,101,102,106,105,120,119,115,116,117,118 4,7,10,14,1,11,9,2,8,6,3,25,27,5,26,28,29,31,30,32,33,35,34,36,15,12,16,13,19,17,20,18,23,21,24,22,60,61,58,62,63,45,64,47,44,65,42,66,67,55,68,53,50,69,52,70,71,37,72,39,40,38,43,41,48,46,51,49,56,54,59,57,97,79,98,77,74,99,76,100,101,87,102,85,82,103,84,104,105,95,106,93,90,107,92,108,75,73,80,78,83,81,88,86,91,89,96,94,115,116,117,118,119,120,110,109,112,111,114,113
124994 XXXYY XXYxYXXYxyxy 120 2,6,1,12,15,14,17,19,3,21,23,16,4,9,13,5,20,7,18,8,24,10,22,11,37,39,41,43,45,47,49,51,53,55,57,59,40,25,38,26,44,27,42,28,48,29,46,30,52,31,50,32,56,33,54,34,60,35,58,36,73,75,77,79,81,83,85,87,89,91,93,95,76,61,74,62,80,63,78,64,84,65,82,66,88,67,86,68,92,69,90,70,96,71,94,72,108,107,111,112,100,99,113,114,103,104,109,110,97,98,101,102,106,105,120,119,115,116,117,118 4,7,10,14,1,11,9,2,8,6,3,25,27,5,26,28,29,31,30,32,33,35,34,36,15,12,16,13,19,17,20,18,23,21,24,22,60,61,58,62,63,45,64,47,44,65,42,66,67,55,68,53,50,69,52,70,71,37,72,39,40,38,43,41,48,46,51,49,56,54,59,57,97,79,98,77,74,99,76,100,101,87,102,85,82,103,84,104,105,95,106,93,90,107,92,108,75,73,80,78,83,81,88,86,91,89,96,94,115,116,117,118,119,120,110,109,112,111,114,113
124995 XXXYY XXYxYXXyxYxy 120 2,6,1,12,15,14,17,19,3,21,23,16,4,9,13,5,20,7,18,8,24,10,22,11,37,39,41,43,45,47,49,51,53,55,57,59,40,25,38,26,44,27,42,28,48,29,46,30,52,31,50,32,56,33,54,34,60,35,58,36,73,75,77,79,81,83,85,87,89,91,93,95,76,61,74,62,80,63,78,64,84,65,82,66,88,67,86,68,92,69,90,70,96,71,94,72,108,107,111,112,100,99,113,114,103,104,109,110,97,98,101,102,106,105,120,119,115,116,117,118 4,7,10,14,1,11,9,2,8,6,3,25,27,5,26,28,29,31,30,32,33,35,34,36,15,12,16,13,19,17,20,18,23,21,24,22,60,61,58,62,63,45,64,47,44,65,42,66,67,55,68,53,50,69,52,70,71,37,72,39,40,38,43,41,48,46,51,49,56,54,59,57,97,79,98,77,74,99,76,100,101,87,102,85,82,103,84,104,105,95,106,93,90,107,92,108,75,73,80,78,83,81,88,86,91,89,96,94,115,116,117,118,119,120,110,109,112,111,114,113
125013 XXXYY XXYxYxYXXyxy 120 2,6,1,12,15,14,17,19,3,21,23,16,4,9,13,5,20,7,18,8,24,10,22,11,37,39,41,43,45,47,49,51,53,55,57,59,40,25,38,26,44,27,42,28,48,29,46,30,52,31,50,32,56,33,54,34,60,35,58,36,73,75,77,79,81,83,85,87,89,91,93,95,76,61,74,62,80,63,78,64,84,65,82,66,88,67,86,68,92,69,90,70,96,71,94,72,108,107,111,112,100,99,113,114,103,104,109,110,97,98,101,102,106,105,120,119,115,116,117,118 4,7,10,14,1,11,9,2,8,6,3,25,27,5,26,28,29,31,30,32,33,35,34,36,15,12,16,13,19,17,20,18,23,21,24,22,60,61,58,62,63,45,64,47,44,65,42,66,67,55,68,53,50,69,52,70,71,37,72,39,40,38,43,41,48,46,51,49,56,54,59,57,97,79,98,77,74,99,76,100,101,87,102,85,82,103,84,104,105,95,106,93,90,107,92,108,75,73,80,78,83,81,88,86,91,89,96,94,115,116,117,118,119,120,110,109,112,111,114,113
125015 XXXYY XXYxYxYxyXXy 120 2,6,1,12,15,14,17,19,3,21,23,16,4,9,13,5,20,7,18,8,24,10,22,11,37,39,41,43,45,47,49,51,53,55,57,59,40,25,38,26,44,27,42,28,48,29,46,30,52,31,50,32,56,33,54,34,60,35,58,36,73,75,77,79,81,83,85,87,89,91,93,95,76,61,74,62,80,63,78,64,84,65,82,66,88,67,86,68,92,69,90,70,96,71,94,72,108,107,111,112,100,99,113,114,103,104,109,110,97,98,101,102,106,105,120,119,115,116,117,118 4,7,10,14,1,11,9,2,8,6,3,25,27,5,26,28,29,31,30,32,33,35,34,36,15,12,16,13,19,17,20,18,23,21,24,22,60,61,58,62,63,45,64,47,44,65,42,66,67,55,68,53,50,69,52,70,71,37,72,39,40,38,43,41,48,46,51,49,56,54,59,57,97,79,98,77,74,99,76,100,101,87,102,85,82,103,84,104,105,95,106,93,90,107,92,108,75,73,80,78,83,81,88,86,91,89,96,94,115,116,117,118,119,120,110,109,112,111,114,113
125020 XXXYY XXYxYxyXXYxy 120 2,6,1,12,15,14,17,19,3,21,23,16,4,9,13,5,20,7,18,8,24,10,22,11,37,39,41,43,45,47,49,51,53,55,57,59,40,25,38,26,44,27,42,28,48,29,46,30,52,31,50,32,56,33,54,34,60,35,58,36,73,75,77,79,81,83,85,87,89,91,93,95,76,61,74,62,80,63,78,64,84,65,82,66,88,67,86,68,92,69,90,70,96,71,94,72,108,107,111,112,100,99,113,114,103,104,109,110,97,98,101,102,106,105,120,119,115,116,117,118 4,7,10,14,1,11,9,2,8,6,3,25,27,5,26,28,29,31,30,32,33,35,34,36,15,12,16,13,19,17,20,18,23,21,24,22,60,61,58,62,63,45,64,47,44,65,42,66,67,55,68,53,50,69,52,70,71,37,72,39,40,38,43,41,48,46,51,49,56,54,59,57,97,79,98,77,74,99,76,100,101,87,102,85,82,103,84,104,105,95,106,93,90,107,92,108,75,73,80,78,83,81,88,86,91,89,96,94,115,116,117,118,119,120,110,109,112,111,114,113
125021 XXXYY XXYxYxyXXyxY 120 2,6,1,12,15,14,17,19,3,21,23,16,4,9,13,5,20,7,18,8,24,10,22,11,37,39,41,43,45,47,49,51,53,55,57,59,40,25,38,26,44,27,42,28,48,29,46,30,52,31,50,32,56,33,54,34,60,35,58,36,73,75,77,79,81,83,85,87,89,91,93,95,76,61,74,62,80,63,78,64,84,65,82,66,88,67,86,68,92,69,90,70,96,71,94,72,108,107,111,112,100,99,113,114,103,104,109,110,97,98,101,102,106,105,120,119,115,116,117,118 4,7,10,14,1,11,9,2,8,6,3,25,27,5,26,28,29,31,30,32,33,35,34,36,15,12,16,13,19,17,20,18,23,21,24,22,60,61,58,62,63,45,64,47,44,65,42,66,67,55,68,53,50,69,52,70,71,37,72,39,40,38,43,41,48,46,51,49,56,54,59,57,97,79,98,77,74,99,76,100,101,87,102,85,82,103,84,104,105,95,106,93,90,107,92,108,75,73,80,78,83,81,88,86,91,89,96,94,115,116,117,118,119,120,110,109,112,111,114,113
125022 XXXYY XXYxYxyxYXXy 120 2,6,1,12,15,14,17,19,3,21,23,16,4,9,13,5,20,7,18,8,24,10,22,11,37,39,41,43,45,47,49,51,53,55,57,59,40,25,38,26,44,27,42,28,48,29,46,30,52,31,50,32,56,33,54,34,60,35,58,36,73,75,77,79,81,83,85,87,89,91,93,95,76,61,74,62,80,63,78,64,84,65,82,66,88,67,86,68,92,69,90,70,96,71,94,72,108,107,111,112,100,99,113,114,103,104,109,110,97,98,101,102,106,105,120,119,115,116,117,118 4,7,10,14,1,11,9,2,8,6,3,25,27,5,26,28,29,31,30,32,33,35,34,36,15,12,16,13,19,17,20,18,23,21,24,22,60,61,58,62,63,45,64,47,44,65,42,66,67,55,68,53,50,69,52,70,71,37,72,39,40,38,43,41,48,46,51,49,56,54,59,57,97,79,98,77,74,99,76,100,101,87,102,85,82,103,84,104,105,95,106,93,90,107,92,108,75,73,80,78,83,81,88,86,91,89,96,94,115,116,117,118,119,120,110,109,112,111,114,113
125042 XXXYY XXYxyXXYxyxY 120 2,6,1,12,15,14,17,19,3,21,23,16,4,9,13,5,20,7,18,8,24,10,22,11,37,39,41,43,45,47,49,51,53,55,57,59,40,25,38,26,44,27,42,28,48,29,46,30,52,31,50,32,56,33,54,34,60,35,58,36,73,75,77,79,81,83,85,87,89,91,93,95,76,61,74,62,80,63,78,64,84,65,82,66,88,67,86,68,92,69,90,70,96,71,94,72,108,107,111,112,100,99,113,114,103,104,109,110,97,98,101,102,106,105,120,119,115,116,117,118 4,7,10,14,1,11,9,2,8,6,3,25,27,5,26,28,29,31,30,32,33,35,34,36,15,12,16,13,19,17,20,18,23,21,24,22,60,61,58,62,63,45,64,47,44,65,42,66,67,55,68,53,50,69,52,70,71,37,72,39,40,38,43,41,48,46,51,49,56,54,59,57,97,79,98,77,74,99,76,100,101,87,102,85,82,103,84,104,105,95,106,93,90,107,92,108,75,73,80,78,83,81,88,86,91,89,96,94,115,116,117,118,119,120,110,109,112,111,114,113
125076 XXXYY XYXYXYYYXyXy 120 2,6,1,12,15,14,17,19,3,21,23,16,4,9,13,5,20,7,18,8,24,10,22,11,37,39,41,43,45,47,49,51,53,55,57,59,40,25,38,26,44,27,42,28,48,29,46,30,52,31,50,32,56,33,54,34,60,35,58,36,73,75,77,79,81,83,85,87,89,91,93,95,76,61,74,62,80,63,78,64,84,65,82,66,88,67,86,68,92,69,90,70,96,71,94,72,108,107,111,112,100,99,113,114,103,104,109,110,97,98,101,102,106,105,120,119,115,116,117,118 4,7,10,14,1,11,9,2,8,6,3,25,27,5,26,28,29,31,30,32,33,35,34,36,15,12,16,13,19,17,20,18,23,21,24,22,60,61,58,62,63,45,64,47,44,65,42,66,67,55,68,53,50,69,52,70,71,37,72,39,40,38,43,41,48,46,51,49,56,54,59,57,97,79,98,77,74,99,76,100,101,87,102,85,82,103,84,104,105,95,106,93,90,107,92,108,75,73,80,78,83,81,88,86,91,89,96,94,115,116,117,118,119,120,110,109,112,111,114,113
125081 XXXYY XYXYXyXYYYXy 120 2,6,1,12,15,14,17,19,3,21,23,16,4,9,13,5,20,7,18,8,24,10,22,11,37,39,41,43,45,47,49,51,53,55,57,59,40,25,38,26,44,27,42,28,48,29,46,30,52,31,50,32,56,33,54,34,60,35,58,36,73,75,77,79,81,83,85,87,89,91,93,95,76,61,74,62,80,63,78,64,84,65,82,66,88,67,86,68,92,69,90,70,96,71,94,72,108,107,111,112,100,99,113,114,103,104,109,110,97,98,101,102,106,105,120,119,115,116,117,118 4,7,10,14,1,11,9,2,8,6,3,25,27,5,26,28,29,31,30,32,33,35,34,36,15,12,16,13,19,17,20,18,23,21,24,22,60,61,58,62,63,45,64,47,44,65,42,66,67,55,68,53,50,69,52,70,71,37,72,39,40,38,43,41,48,46,51,49,56,54,59,57,97,79,98,77,74,99,76,100,101,87,102,85,82,103,84,104,105,95,106,93,90,107,92,108,75,73,80,78,83,81,88,86,91,89,96,94,115,116,117,118,119,120,110,109,112,111,114,113
125092 XXXYY XYXYYYXYXyXy 120 2,6,1,12,15,14,17,19,3,21,23,16,4,9,13,5,20,7,18,8,24,10,22,11,37,39,41,43,45,47,49,51,53,55,57,59,40,25,38,26,44,27,42,28,48,29,46,30,52,31,50,32,56,33,54,34,60,35,58,36,73,75,77,79,81,83,85,87,89,91,93,95,76,61,74,62,80,63,78,64,84,65,82,66,88,67,86,68,92,69,90,70,96,71,94,72,108,107,111,112,100,99,113,114,103,104,109,110,97,98,101,102,106,105,120,119,115,116,117,118 4,7,10,14,1,11,9,2,8,6,3,25,27,5,26,28,29,31,30,32,33,35,34,36,15,12,16,13,19,17,20,18,23,21,24,22,60,61,58,62,63,45,64,47,44,65,42,66,67,55,68,53,50,69,52,70,71,37,72,39,40,38,43,41,48,46,51,49,56,54,59,57,97,79,98,77,74,99,76,100,101,87,102,85,82,103,84,104,105,95,106,93,90,107,92,108,75,73,80,78,83,81,88,86,91,89,96,94,115,116,117,118,119,120,110,109,112,111,114,113
125093 XXXYY XYXYYYXyXYXy 120 2,6,1,12,15,14,17,19,3,21,23,16,4,9,13,5,20,7,18,8,24,10,22,11,37,39,41,43,45,47,49,51,53,55,57,59,40,25,38,26,44,27,42,28,48,29,46,30,52,31,50,32,56,33,54,34,60,35,58,36,73,75,77,79,81,83,85,87,89,91,93,95,76,61,74,62,80,63,78,64,84,65,82,66,88,67,86,68,92,69,90,70,96,71,94,72,108,107,111,112,100,99,113,114,103,104,109,110,97,98,101,102,106,105,120,119,115,116,117,118 4,7,10,14,1,11,9,2,8,6,3,25,27,5,26,28,29,31,30,32,33,35,34,36,15,12,16,13,19,17,20,18,23,21,24,22,60,61,58,62,63,45,64,47,44,65,42,66,67,55,68,53,50,69,52,70,71,37,72,39,40,38,43,41,48,46,51,49,56,54,59,57,97,79,98,77,74,99,76,100,101,87,102,85,82,103,84,104,105,95,106,93,90,107,92,108,75,73,80,78,83,81,88,86,91,89,96,94,115,116,117,118,119,120,110,109,112,111,114,113
125564 XXXYYxxy XXXXYxYxY 120 2,6,1,12,15,9,20,23,3,28,31,34,4,39,42,5,47,40,51,30,7,57,60,8,32,58,67,50,10,55,65,11,52,37,78,81,13,85,49,14,59,44,89,16,92,93,27,17,18,70,76,19,97,98,21,101,66,22,91,62,103,24,104,83,25,26,48,90,53,29,94,41,99,102,63,33,72,61,35,45,111,36,86,110,64,38,68,82,87,43,77,84,106,46,105,74,95,107,54,108,96,56,79,100,69,71,73,75,116,80,88,120,118,112,114,119,115,109,113,117 4,7,10,14,1,18,22,2,26,30,3,35,23,41,43,45,5,50,6,53,51,59,61,63,8,34,9,68,15,72,73,74,11,77,80,12,84,13,71,81,17,37,76,19,87,16,83,57,67,91,95,93,75,20,100,21,38,98,25,55,48,27,79,24,70,31,88,96,28,56,29,33,60,54,32,39,62,99,58,47,46,112,36,49,113,108,40,42,115,82,44,85,69,118,65,52,89,64,114,66,119,94,117,101,120,110,105,109,78,116,103,106,111,86,102,90,92,97,107,104
125650 XXXYYxxy XXYXXYYYY 120 2,6,1,12,15,9,20,23,3,28,31,34,4,39,42,5,47,40,51,30,7,57,60,8,32,58,67,50,10,55,65,11,52,37,78,81,13,85,49,14,59,44,89,16,92,93,27,17,18,70,76,19,97,98,21,101,66,22,91,62,103,24,104,83,25,26,48,90,53,29,94,41,99,102,63,33,72,61,35,45,111,36,86,110,64,38,68,82,87,43,77,84,106,46,105,74,95,107,54,108,96,56,79,100,69,71,73,75,116,80,88,120,118,112,114,119,115,109,113,117 4,7,10,14,1,18,22,2,26,30,3,35,23,41,43,45,5,50,6,53,51,59,61,63,8,34,9,68,15,72,73,74,11,77,80,12,84,13,71,81,17,37,76,19,87,16,83,57,67,91,95,93,75,20,100,21,38,98,25,55,48,27,79,24,70,31,88,96,28,56,29,33,60,54,32,39,62,99,58,47,46,112,36,49,113,108,40,42,115,82,44,85,69,118,65,52,89,64,114,66,119,94,117,101,120,110,105,109,78,116,103,106,111,86,102,90,92,97,107,104
125665 XXXYYxxy XXYXYYYXY 120 2,6,1,12,15,9,20,23,3,28,31,34,4,39,42,5,47,40,51,30,7,57,60,8,32,58,67,50,10,55,65,11,52,37,78,81,13,85,49,14,59,44,89,16,92,93,27,17,18,70,76,19,97,98,21,101,66,22,91,62,103,24,104,83,25,26,48,90,53,29,94,41,99,102,63,33,72,61,35,45,111,36,86,110,64,38,68,82,87,43,77,84,106,46,105,74,95,107,54,108,96,56,79,100,69,71,73,75,116,80,88,120,118,112,114,119,115,109,113,117 4,7,10,14,1,18,22,2,26,30,3,35,23,41,43,45,5,50,6,53,51,59,61,63,8,34,9,68,15,72,73,74,11,77,80,12,84,13,71,81,17,37,76,19,87,16,83,57,67,91,95,93,75,20,100,21,38,98,25,55,48,27,79,24,70,31,88,96,28,56,29,33,60,54,32,39,62,99,58,47,46,112,36,49,113,108,40,42,115,82,44,85,69,118,65,52,89,64,114,66,119,94,117,101,120,110,105,109,78,116,103,106,111,86,102,90,92,97,107,104
125672 XXXYYxxy XXYXYxYxy 120 2,6,1,12,15,9,20,23,3,28,31,34,4,39,42,5,47,40,51,30,7,57,60,8,32,58,67,50,10,55,65,11,52,37,78,81,13,85,49,14,59,44,89,16,92,93,27,17,18,70,76,19,97,98,21,101,66,22,91,62,103,24,104,83,25,26,48,90,53,29,94,41,99,102,63,33,72,61,35,45,111,36,86,110,64,38,68,82,87,43,77,84,106,46,105,74,95,107,54,108,96,56,79,100,69,71,73,75,116,80,88,120,118,112,114,119,115,109,113,117 4,7,10,14,1,18,22,2,26,30,3,35,23,41,43,45,5,50,6,53,51,59,61,63,8,34,9,68,15,72,73,74,11,77,80,12,84,13,71,81,17,37,76,19,87,16,83,57,67,91,95,93,75,20,100,21,38,98,25,55,48,27,79,24,70,31,88,96,28,56,29,33,60,54,32,39,62,99,58,47,46,112,36,49,113,108,40,42,115,82,44,85,69,118,65,52,89,64,114,66,119,94,117,101,120,110,105,109,78,116,103,106,111,86,102,90,92,97,107,104
125688 XXXYYxxy XXYYXXYxY 120 2,6,1,12,15,9,20,23,3,28,31,34,4,39,42,5,47,40,51,30,7,57,60,8,32,58,67,50,10,55,65,11,52,37,78,81,13,85,49,14,59,44,89,16,92,93,27,17,18,70,76,19,97,98,21,101,66,22,91,62,103,24,104,83,25,26,48,90,53,29,94,41,99,102,63,33,72,61,35,45,111,36,86,110,64,38,68,82,87,43,77,84,106,46,105,74,95,107,54,108,96,56,79,100,69,71,73,75,116,80,88,120,118,112,114,119,115,109,113,117 4,7,10,14,1,18,22,2,26,30,3,35,23,41,43,45,5,50,6,53,51,59,61,63,8,34,9,68,15,72,73,74,11,77,80,12,84,13,71,81,17,37,76,19,87,16,83,57,67,91,95,93,75,20,100,21,38,98,25,55,48,27,79,24,70,31,88,96,28,56,29,33,60,54,32,39,62,99,58,47,46,112,36,49,113,108,40,42,115,82,44,85,69,118,65,52,89,64,114,66,119,94,117,101,120,110,105,109,78,116,103,106,111,86,102,90,92,97,107,104
125800 XXXYYxxy XXyxYxYXY 120 2,6,1,12,15,9,20,23,3,28,31,34,4,39,42,5,47,40,51,30,7,57,60,8,32,58,67,50,10,55,65,11,52,37,78,81,13,85,49,14,59,44,89,16,92,93,27,17,18,70,76,19,97,98,21,101,66,22,91,62,103,24,104,83,25,26,48,90,53,29,94,41,99,102,63,33,72,61,35,45,111,36,86,110,64,38,68,82,87,43,77,84,106,46,105,74,95,107,54,108,96,56,79,100,69,71,73,75,116,80,88,120,118,112,114,119,115,109,113,117 4,7,10,14,1,18,22,2,26,30,3,35,23,41,43,45,5,50,6,53,51,59,61,63,8,34,9,68,15,72,73,74,11,77,80,12,84,13,71,81,17,37,76,19,87,16,83,57,67,91,95,93,75,20,100,21,38,98,25,55,48,27,79,24,70,31,88,96,28,56,29,33,60,54,32,39,62,99,58,47,46,112,36,49,113,108,40,42,115,82,44,85,69,118,65,52,89,64,114,66,119,94,117,101,120,110,105,109,78,116,103,106,111,86,102,90,92,97,107,104
125904 XXXYYxxy XYYxyXyxy 120 2,6,1,12,15,9,20,23,3,28,31,34,4,39,42,5,47,40,51,30,7,57,60,8,32,58,67,50,10,55,65,11,52,37,78,81,13,85,49,14,59,44,89,16,92,93,27,17,18,70,76,19,97,98,21,101,66,22,91,62,103,24,104,83,25,26,48,90,53,29,94,41,99,102,63,33,72,61,35,45,111,36,86,110,64,38,68,82,87,43,77,84,106,46,105,74,95,107,54,108,96,56,79,100,69,71,73,75,116,80,88,120,118,112,114,119,115,109,113,117 4,7,10,14,1,18,22,2,26,30,3,35,23,41,43,45,5,50,6,53,51,59,61,63,8,34,9,68,15,72,73,74,11,77,80,12,84,13,71,81,17,37,76,19,87,16,83,57,67,91,95,93,75,20,100,21,38,98,25,55,48,27,79,24,70,31,88,96,28,56,29,33,60,54,32,39,62,99,58,47,46,112,36,49,113,108,40,42,115,82,44,85,69,118,65,52,89,64,114,66,119,94,117,101,120,110,105,109,78,116,103,106,111,86,102,90,92,97,107,104
125905 XXXYYxxy XYxYXYxyy 120 2,6,1,12,15,9,20,23,3,28,31,34,4,39,42,5,47,40,51,30,7,57,60,8,32,58,67,50,10,55,65,11,52,37,78,81,13,85,49,14,59,44,89,16,92,93,27,17,18,70,76,19,97,98,21,101,66,22,91,62,103,24,104,83,25,26,48,90,53,29,94,41,99,102,63,33,72,61,35,45,111,36,86,110,64,38,68,82,87,43,77,84,106,46,105,74,95,107,54,108,96,56,79,100,69,71,73,75,116,80,88,120,118,112,114,119,115,109,113,117 4,7,10,14,1,18,22,2,26,30,3,35,23,41,43,45,5,50,6,53,51,59,61,63,8,34,9,68,15,72,73,74,11,77,80,12,84,13,71,81,17,37,76,19,87,16,83,57,67,91,95,93,75,20,100,21,38,98,25,55,48,27,79,24,70,31,88,96,28,56,29,33,60,54,32,39,62,99,58,47,46,112,36,49,113,108,40,42,115,82,44,85,69,118,65,52,89,64,114,66,119,94,117,101,120,110,105,109,78,116,103,106,111,86,102,90,92,97,107,104
126265 XXXYxYxY XXYYYYYYY 7 1,2,4,3,7,6,5 2,4,1,6,3,7,5
126302 XXXYxYxY XYYXyxYxy 336 2,6,1,12,15,18,21,24,3,30,33,36,4,42,45,5,51,54,57,60,63,7,69,72,8,78,9,81,67,84,10,90,92,11,97,74,101,104,13,75,111,113,14,88,119,122,55,16,127,129,116,17,107,27,135,136,126,19,141,99,20,146,143,149,152,22,108,158,160,23,40,164,166,53,25,169,171,161,26,155,121,28,29,47,145,115,31,48,73,186,32,137,191,34,194,196,189,35,83,202,205,37,128,76,38,131,39,61,206,214,215,41,52,221,49,43,210,225,44,228,58,232,46,110,236,82,238,240,150,50,243,218,227,245,87,94,56,249,200,184,253,59,80,211,256,254,62,258,260,64,170,144,65,173,66,261,216,241,68,79,70,176,271,71,273,235,157,277,209,279,250,77,282,283,188,153,275,285,85,195,86,198,287,280,89,98,294,95,91,298,159,93,300,139,302,102,96,303,291,248,305,219,100,307,266,223,192,103,117,105,263,106,109,185,276,112,247,309,213,237,312,114,203,229,313,118,181,220,120,315,317,140,281,123,124,224,125,133,175,212,207,130,208,132,314,134,177,239,233,138,255,257,147,142,325,217,326,267,148,242,269,151,162,154,156,197,265,278,259,274,329,163,268,165,179,167,270,168,264,234,172,262,330,174,292,178,296,180,182,183,331,290,301,334,187,286,299,293,190,297,193,289,288,199,322,201,324,204,222,332,333,244,246,226,321,230,323,231,251,252,318,308,316,306,320,319,310,311,284,272,295,336,335,304,327,328 4,7,10,14,1,19,23,2,28,32,3,37,40,44,46,49,5,55,59,6,64,67,71,73,76,8,80,62,9,85,88,56,93,95,11,99,103,12,108,110,13,114,117,54,120,89,15,125,128,16,132,104,17,53,35,18,138,33,29,111,144,20,94,151,21,92,157,22,118,162,27,165,41,24,168,170,25,134,152,26,172,136,176,72,180,30,75,184,31,187,133,190,123,193,195,34,199,115,201,36,137,206,209,69,127,38,197,204,39,167,68,217,219,91,42,223,78,43,227,230,45,226,82,47,231,48,239,149,241,154,50,98,51,52,247,158,248,251,57,58,163,188,60,255,61,174,200,63,119,261,263,141,169,65,130,66,192,140,266,267,269,146,70,210,183,272,74,178,181,249,280,252,77,79,81,257,83,84,287,238,194,86,87,124,250,292,147,90,296,148,222,143,156,211,101,215,106,96,142,97,109,225,289,100,216,245,102,303,107,173,105,302,288,284,304,295,285,112,310,113,276,229,311,116,207,274,131,290,129,126,121,242,122,150,281,286,260,135,153,300,244,258,298,237,159,278,182,198,164,317,175,139,321,323,177,214,145,271,212,191,283,243,155,240,208,202,327,160,328,161,234,306,213,171,166,179,203,233,236,246,315,228,232,308,221,319,218,325,326,320,185,332,186,235,299,333,189,316,196,318,205,305,307,301,265,256,259,275,313,224,220,314,330,329,291,264,294,262,282,279,335,253,336,254,277,273,270,268,334,331,312,297,293,309,324,322
126307 XXXYxYxY XYYYYXyxy 120 2,6,1,11,14,3,19,22,20,23,17,4,29,18,5,34,12,15,9,7,39,10,8,43,40,44,45,46,36,13,35,51,52,31,16,30,57,58,25,21,61,62,26,24,28,27,67,68,55,56,33,32,73,74,50,49,38,37,63,64,42,41,60,59,85,86,48,47,89,90,91,92,54,53,95,96,94,93,97,98,88,87,99,100,66,65,81,82,70,69,72,71,77,78,76,75,80,79,84,83,106,105,115,116,101,102,112,111,113,114,107,108,110,109,104,103,120,119,117,118 4,7,9,13,1,17,21,2,25,3,23,22,31,32,33,5,36,6,14,15,26,41,42,8,24,10,11,12,46,45,18,53,54,55,56,16,19,20,58,57,47,48,63,64,65,66,27,28,29,30,34,35,38,37,75,76,77,78,39,40,43,44,83,84,69,70,87,88,49,50,51,52,92,91,72,71,79,80,59,60,61,62,82,81,67,68,103,104,105,106,107,108,73,74,89,90,113,114,97,98,85,86,102,101,117,118,109,110,93,94,95,96,119,120,99,100,112,111,116,115
126310 XXXYxYxY XYYYYxyXy 120 2,6,1,11,14,3,19,22,20,23,17,4,29,18,5,34,12,15,9,7,39,10,8,43,40,44,45,46,36,13,35,51,52,31,16,30,57,58,25,21,61,62,26,24,28,27,67,68,55,56,33,32,73,74,50,49,38,37,63,64,42,41,60,59,85,86,48,47,89,90,91,92,54,53,95,96,94,93,97,98,88,87,99,100,66,65,81,82,70,69,72,71,77,78,76,75,80,79,84,83,106,105,115,116,101,102,112,111,113,114,107,108,110,109,104,103,120,119,117,118 4,7,9,13,1,17,21,2,25,3,23,22,31,32,33,5,36,6,14,15,26,41,42,8,24,10,11,12,46,45,18,53,54,55,56,16,19,20,58,57,47,48,63,64,65,66,27,28,29,30,34,35,38,37,75,76,77,78,39,40,43,44,83,84,69,70,87,88,49,50,51,52,92,91,72,71,79,80,59,60,61,62,82,81,67,68,103,104,105,106,107,108,73,74,89,90,113,114,97,98,85,86,102,101,117,118,109,110,93,94,95,96,119,120,99,100,112,111,116,115
126717 XXXYxxY XXXYYxyxYY 120 2,6,1,12,15,18,21,24,3,30,33,36,4,39,42,5,45,48,50,52,54,7,37,57,8,47,9,43,22,25,10,67,19,11,71,20,72,13,75,14,32,80,16,35,83,17,86,88,90,92,55,87,59,49,96,23,99,26,101,27,69,28,104,29,51,31,84,63,34,65,93,94,76,38,58,107,40,41,62,114,44,110,113,46,82,112,111,60,103,102,95,89,116,53,119,115,73,56,106,85,120,105,61,81,64,66,118,68,70,117,74,77,78,79,91,108,97,100,109,98 4,7,10,14,1,19,23,2,28,32,3,37,31,41,33,30,5,42,51,6,55,13,40,15,12,8,61,63,9,39,62,68,22,43,11,21,73,27,76,66,79,71,67,16,35,25,17,57,18,93,56,24,20,50,97,38,45,36,26,102,95,103,91,69,29,60,107,89,104,34,65,96,78,105,72,108,74,106,88,83,84,44,110,75,46,82,47,87,48,52,49,80,117,54,53,116,77,64,86,58,85,59,90,118,119,111,115,114,81,70,101,120,112,99,92,113,98,94,100,109
126725 XXXYxxY XXXyxxyxxy 120 2,6,1,12,15,18,21,24,3,30,33,36,4,39,42,5,45,48,50,52,54,7,37,57,8,47,9,43,22,25,10,67,19,11,71,20,72,13,75,14,32,80,16,35,83,17,86,88,90,92,55,87,59,49,96,23,99,26,101,27,69,28,104,29,51,31,84,63,34,65,93,94,76,38,58,107,40,41,62,114,44,110,113,46,82,112,111,60,103,102,95,89,116,53,119,115,73,56,106,85,120,105,61,81,64,66,118,68,70,117,74,77,78,79,91,108,97,100,109,98 4,7,10,14,1,19,23,2,28,32,3,37,31,41,33,30,5,42,51,6,55,13,40,15,12,8,61,63,9,39,62,68,22,43,11,21,73,27,76,66,79,71,67,16,35,25,17,57,18,93,56,24,20,50,97,38,45,36,26,102,95,103,91,69,29,60,107,89,104,34,65,96,78,105,72,108,74,106,88,83,84,44,110,75,46,82,47,87,48,52,49,80,117,54,53,116,77,64,86,58,85,59,90,118,119,111,115,114,81,70,101,120,112,99,92,113,98,94,100,109
126727 XXXYxxY XXYXXYYxYY 120 2,6,1,12,15,18,21,24,3,30,33,36,4,42,45,5,51,53,55,52,57,7,31,35,8,50,9,48,22,25,10,71,19,11,74,20,32,77,13,80,83,28,14,61,87,41,90,16,93,67,79,17,44,66,37,65,54,86,98,23,27,59,101,103,34,26,29,100,97,104,56,70,108,60,109,81,84,38,39,78,40,113,75,73,82,94,43,96,46,88,47,89,91,49,106,58,105,95,107,62,99,63,102,64,68,69,72,76,85,116,120,118,92,112,119,115,110,111,114,117 4,7,10,14,1,19,23,2,28,32,3,37,40,44,46,49,5,45,39,6,43,58,61,62,64,8,56,54,9,57,69,53,72,38,11,75,76,12,27,82,13,85,88,17,29,86,15,36,21,16,34,84,35,18,60,20,95,97,22,99,26,70,24,55,25,91,68,30,63,31,102,80,33,67,87,51,104,111,92,71,101,52,114,41,47,42,79,50,78,116,59,48,83,118,74,113,66,119,65,94,110,73,98,112,120,90,105,115,108,77,109,81,117,96,89,100,93,106,107,103
126761 XXXYxxY XXYYXyxyxY 120 2,6,1,12,15,18,21,24,3,30,33,36,4,42,45,5,51,53,55,52,57,7,31,35,8,50,9,48,22,25,10,71,19,11,74,20,32,77,13,80,83,28,14,61,87,41,90,16,93,67,79,17,44,66,37,65,54,86,98,23,27,59,101,103,34,26,29,100,97,104,56,70,108,60,109,81,84,38,39,78,40,113,75,73,82,94,43,96,46,88,47,89,91,49,106,58,105,95,107,62,99,63,102,64,68,69,72,76,85,116,120,118,92,112,119,115,110,111,114,117 4,7,10,14,1,19,23,2,28,32,3,37,40,44,46,49,5,45,39,6,43,58,61,62,64,8,56,54,9,57,69,53,72,38,11,75,76,12,27,82,13,85,88,17,29,86,15,36,21,16,34,84,35,18,60,20,95,97,22,99,26,70,24,55,25,91,68,30,63,31,102,80,33,67,87,51,104,111,92,71,101,52,114,41,47,42,79,50,78,116,59,48,83,118,74,113,66,119,65,94,110,73,98,112,120,90,105,115,108,77,109,81,117,96,89,100,93,106,107,103
126792 XXXYxxY XXYxYYxyXy 120 2,6,1,12,15,18,21,24,3,30,33,36,4,42,45,5,51,53,55,52,57,7,31,35,8,50,9,48,22,25,10,71,19,11,74,20,32,77,13,80,83,28,14,61,87,41,90,16,93,67,79,17,44,66,37,65,54,86,98,23,27,59,101,103,34,26,29,100,97,104,56,70,108,60,109,81,84,38,39,78,40,113,75,73,82,94,43,96,46,88,47,89,91,49,106,58,105,95,107,62,99,63,102,64,68,69,72,76,85,116,120,118,92,112,119,115,110,111,114,117 4,7,10,14,1,19,23,2,28,32,3,37,40,44,46,49,5,45,39,6,43,58,61,62,64,8,56,54,9,57,69,53,72,38,11,75,76,12,27,82,13,85,88,17,29,86,15,36,21,16,34,84,35,18,60,20,95,97,22,99,26,70,24,55,25,91,68,30,63,31,102,80,33,67,87,51,104,111,92,71,101,52,114,41,47,42,79,50,78,116,59,48,83,118,74,113,66,119,65,94,110,73,98,112,120,90,105,115,108,77,109,81,117,96,89,100,93,106,107,103
126801 XXXYxxY XXYxyxYYXy 120 2,6,1,12,15,18,21,24,3,30,33,36,4,42,45,5,51,53,55,52,57,7,31,35,8,50,9,48,22,25,10,71,19,11,74,20,32,77,13,80,83,28,14,61,87,41,90,16,93,67,79,17,44,66,37,65,54,86,98,23,27,59,101,103,34,26,29,100,97,104,56,70,108,60,109,81,84,38,39,78,40,113,75,73,82,94,43,96,46,88,47,89,91,49,106,58,105,95,107,62,99,63,102,64,68,69,72,76,85,116,120,118,92,112,119,115,110,111,114,117 4,7,10,14,1,19,23,2,28,32,3,37,40,44,46,49,5,45,39,6,43,58,61,62,64,8,56,54,9,57,69,53,72,38,11,75,76,12,27,82,13,85,88,17,29,86,15,36,21,16,34,84,35,18,60,20,95,97,22,99,26,70,24,55,25,91,68,30,63,31,102,80,33,67,87,51,104,111,92,71,101,52,114,41,47,42,79,50,78,116,59,48,83,118,74,113,66,119,65,94,110,73,98,112,120,90,105,115,108,77,109,81,117,96,89,100,93,106,107,103
127209 XXXYxyxY XXXXYxxxY 8 1,4,7,6,2,8,5,3 2,6,1,7,8,3,5,4
127288 XXXYxyxY XXYYXYXYY 120 2,6,1,12,14,9,18,20,3,24,26,28,4,34,5,40,33,43,7,38,8,52,47,54,10,57,11,31,63,25,13,46,50,37,22,48,15,49,66,67,16,17,45,75,19,58,71,32,21,70,61,77,23,30,82,35,59,36,27,84,85,39,87,29,55,90,69,93,41,42,79,73,95,51,97,44,56,100,53,91,60,102,78,104,96,62,88,64,65,86,109,72,111,68,110,74,98,76,80,116,81,89,83,101,108,107,117,118,115,92,112,94,105,106,99,103,120,119,113,114 4,7,10,5,1,16,8,2,22,11,3,29,32,35,38,17,6,44,46,25,50,23,9,55,48,41,34,61,30,12,18,33,13,60,36,14,63,39,15,68,58,71,73,31,40,47,19,20,75,51,21,78,57,66,56,24,80,26,82,27,62,28,65,49,37,81,91,45,52,93,72,42,74,43,64,70,84,69,100,53,54,83,59,99,105,97,107,85,90,108,92,67,76,79,113,111,106,95,77,94,87,117,104,118,88,86,101,89,119,116,114,109,98,96,102,120,115,103,112,110
127308 XXXYxyxY XXYYYxyXy 120 2,6,1,12,15,18,21,17,3,28,30,32,4,10,38,5,42,39,44,24,47,7,8,51,9,52,19,40,26,56,11,23,61,13,25,14,35,64,37,16,66,63,46,68,20,71,45,59,22,76,75,57,27,80,29,82,31,84,85,41,87,33,34,36,58,90,43,67,72,94,78,95,50,48,49,98,99,53,91,101,54,55,79,104,96,60,86,62,65,88,109,70,69,112,110,73,74,97,115,77,89,81,83,102,107,108,117,118,116,92,93,111,105,106,103,100,120,119,113,114 4,7,10,14,1,19,13,2,26,29,3,33,35,37,11,12,5,30,22,6,48,25,21,8,46,43,9,54,39,27,28,59,36,51,24,42,17,58,15,61,16,41,18,69,44,20,72,34,71,23,50,77,52,55,38,79,80,31,62,32,81,63,76,66,40,65,56,91,49,45,70,74,47,75,94,60,67,99,53,100,64,84,57,83,105,85,107,98,87,108,93,68,78,73,113,95,112,106,92,82,117,90,101,118,88,86,102,89,119,109,115,114,97,96,120,104,116,103,111,110
127336 XXXYxyxY XXYxyXyxY 8 1,4,7,6,2,8,5,3 2,6,1,7,8,3,5,4
127339 XXXYxyxY XXYxyxyxY 120 2,6,1,12,15,18,21,17,3,28,30,32,4,10,38,5,42,39,44,24,47,7,8,51,9,52,19,40,26,56,11,23,61,13,25,14,35,64,37,16,66,63,46,68,20,71,45,59,22,76,75,57,27,80,29,82,31,84,85,41,87,33,34,36,58,90,43,67,72,94,78,95,50,48,49,98,99,53,91,101,54,55,79,104,96,60,86,62,65,88,109,70,69,112,110,73,74,97,115,77,89,81,83,102,107,108,117,118,116,92,93,111,105,106,103,100,120,119,113,114 4,7,10,14,1,19,13,2,26,29,3,33,35,37,11,12,5,30,22,6,48,25,21,8,46,43,9,54,39,27,28,59,36,51,24,42,17,58,15,61,16,41,18,69,44,20,72,34,71,23,50,77,52,55,38,79,80,31,62,32,81,63,76,66,40,65,56,91,49,45,70,74,47,75,94,60,67,99,53,100,64,84,57,83,105,85,107,98,87,108,93,68,78,73,113,95,112,106,92,82,117,90,101,118,88,86,102,89,119,109,115,114,97,96,120,104,116,103,111,110
135596 XXYXXyXy XXYXyyyXY 120 2,6,1,12,15,18,21,24,3,30,33,36,4,42,44,5,50,37,53,56,58,7,63,65,8,70,9,20,75,78,10,82,39,11,87,89,59,90,13,93,94,96,14,22,60,76,16,62,27,107,17,72,40,19,112,100,108,104,49,99,92,113,115,23,54,106,34,25,111,91,26,61,28,109,80,29,64,103,105,31,66,71,32,38,52,41,55,35,67,69,81,73,68,98,110,57,102,43,74,85,45,117,46,47,48,83,101,86,51,118,88,84,77,95,79,97,119,120,114,116 4,7,10,14,1,19,23,2,28,32,3,37,40,17,45,48,5,52,55,6,59,61,26,66,69,8,25,74,9,18,58,35,84,86,11,88,76,12,92,71,13,67,87,80,102,15,56,106,16,108,110,107,49,75,57,94,20,51,34,21,96,22,47,50,39,97,24,78,98,105,95,27,36,77,115,91,29,113,30,93,31,46,64,117,33,60,70,118,100,83,38,104,89,116,41,114,42,72,43,44,73,82,65,103,99,53,79,90,85,81,54,68,120,62,119,63,109,101,111,112
135619 XXYXXyXy XYXyXYXyy 120 2,6,1,12,15,18,21,24,3,30,33,36,4,42,44,5,50,37,53,56,58,7,63,65,8,70,9,20,75,78,10,82,39,11,87,89,59,90,13,93,94,96,14,22,60,76,16,62,27,107,17,72,40,19,112,100,108,104,49,99,92,113,115,23,54,106,34,25,111,91,26,61,28,109,80,29,64,103,105,31,66,71,32,38,52,41,55,35,67,69,81,73,68,98,110,57,102,43,74,85,45,117,46,47,48,83,101,86,51,118,88,84,77,95,79,97,119,120,114,116 4,7,10,14,1,19,23,2,28,32,3,37,40,17,45,48,5,52,55,6,59,61,26,66,69,8,25,74,9,18,58,35,84,86,11,88,76,12,92,71,13,67,87,80,102,15,56,106,16,108,110,107,49,75,57,94,20,51,34,21,96,22,47,50,39,97,24,78,98,105,95,27,36,77,115,91,29,113,30,93,31,46,64,117,33,60,70,118,100,83,38,104,89,116,41,114,42,72,43,44,73,82,65,103,99,53,79,90,85,81,54,68,120,62,119,63,109,101,111,112
135624 XXYXXyXy XYYYxyyXy 120 2,6,1,12,15,18,21,24,3,30,33,36,4,42,44,5,50,37,53,56,58,7,63,65,8,70,9,20,75,78,10,82,39,11,87,89,59,90,13,93,94,96,14,22,60,76,16,62,27,107,17,72,40,19,112,100,108,104,49,99,92,113,115,23,54,106,34,25,111,91,26,61,28,109,80,29,64,103,105,31,66,71,32,38,52,41,55,35,67,69,81,73,68,98,110,57,102,43,74,85,45,117,46,47,48,83,101,86,51,118,88,84,77,95,79,97,119,120,114,116 4,7,10,14,1,19,23,2,28,32,3,37,40,17,45,48,5,52,55,6,59,61,26,66,69,8,25,74,9,18,58,35,84,86,11,88,76,12,92,71,13,67,87,80,102,15,56,106,16,108,110,107,49,75,57,94,20,51,34,21,96,22,47,50,39,97,24,78,98,105,95,27,36,77,115,91,29,113,30,93,31,46,64,117,33,60,70,118,100,83,38,104,89,116,41,114,42,72,43,44,73,82,65,103,99,53,79,90,85,81,54,68,120,62,119,63,109,101,111,112
135712 XXYXXyxy XYYYXyyyy 336 2,6,1,12,15,18,21,24,3,30,33,36,4,42,45,5,51,27,56,59,62,7,68,71,8,77,9,82,85,88,10,93,96,11,101,104,106,108,13,112,115,118,14,122,125,107,129,16,134,86,137,17,141,144,147,37,19,155,111,20,161,164,166,168,22,172,175,178,23,124,183,167,186,25,190,34,193,26,195,197,200,203,28,206,209,29,121,215,217,31,220,156,131,32,226,228,165,232,235,201,238,35,157,110,169,244,247,196,38,39,254,256,40,78,261,41,128,264,265,43,268,191,44,270,132,83,46,177,277,47,281,48,154,189,49,50,288,58,52,179,291,53,103,63,54,279,171,55,296,298,300,57,239,208,233,182,299,248,60,251,293,61,210,170,301,307,309,305,64,65,249,214,66,162,262,67,185,211,318,69,70,253,188,72,303,246,73,74,227,269,75,76,324,146,216,79,150,80,322,274,81,225,267,292,174,234,84,317,280,105,319,314,148,87,219,109,142,89,90,297,91,92,231,94,258,135,95,192,198,97,117,243,98,158,133,99,100,302,102,119,184,306,138,152,308,304,294,271,325,333,320,116,295,289,145,202,139,113,278,114,315,328,205,266,290,120,273,173,123,160,207,241,126,311,127,230,194,332,130,136,310,242,204,334,229,221,323,257,159,140,218,143,263,330,313,286,149,285,283,276,151,153,223,199,163,245,255,287,326,224,237,331,222,176,327,321,236,240,180,181,336,187,282,260,213,272,252,212,316,275,335,329,312,250,284,259 4,7,10,14,1,19,23,2,28,32,3,37,40,44,46,49,5,54,58,6,63,66,70,72,75,8,80,84,9,62,91,95,97,99,11,105,107,12,111,114,13,64,121,124,65,128,15,60,78,16,69,140,17,146,18,150,153,156,157,160,20,165,167,21,171,174,22,151,101,182,152,185,24,148,162,25,138,119,26,199,27,36,205,208,210,212,29,216,30,71,139,31,38,225,122,39,231,33,52,34,43,240,35,242,129,245,248,249,251,253,255,244,133,219,262,50,41,73,42,267,94,246,198,271,234,45,202,123,278,264,47,268,48,247,284,286,275,51,273,93,117,79,53,203,257,115,141,295,55,299,56,274,220,57,294,261,223,59,201,297,194,179,61,306,186,308,310,311,313,315,229,307,189,110,317,76,67,158,68,215,83,224,131,87,181,321,211,238,74,309,250,258,241,77,177,163,88,260,175,195,327,81,291,82,239,89,296,226,90,303,85,102,86,290,282,232,254,190,270,170,176,100,92,298,207,277,145,187,96,149,227,316,281,98,301,331,293,276,285,206,103,188,104,328,325,106,314,332,178,108,283,109,335,118,209,318,112,196,113,172,120,180,116,200,155,329,323,305,159,312,166,125,191,126,184,127,164,302,326,130,147,132,134,217,135,142,136,320,137,322,319,183,143,144,256,304,265,287,266,280,252,269,154,161,230,289,236,237,235,336,233,168,218,169,334,173,243,279,259,213,288,204,192,222,193,197,214,333,221,228,292,324,272,330,300,263
135801 XXYXXyy XYXyXYXyxy 120 2,6,1,12,15,18,21,24,3,30,33,36,4,42,45,5,51,53,43,56,32,7,40,63,8,34,9,25,39,20,10,70,22,11,74,75,76,49,13,67,83,85,14,62,19,90,35,16,92,93,29,17,44,61,59,47,95,64,31,99,23,27,54,103,80,26,28,105,72,66,97,100,101,55,52,82,37,87,38,84,79,104,77,41,48,94,112,68,110,88,46,89,91,50,98,57,58,106,96,60,107,108,102,65,86,69,71,73,111,78,120,81,115,116,109,119,118,114,113,117 4,7,10,14,1,19,23,2,28,32,3,37,40,44,46,49,5,54,55,6,57,59,62,41,64,8,48,36,9,68,42,53,71,72,11,18,78,12,81,82,13,86,87,17,39,31,15,20,88,16,80,24,35,29,27,60,73,21,98,22,101,26,33,77,25,56,70,96,30,102,67,58,34,93,89,108,61,51,111,38,85,52,113,97,75,47,50,43,45,115,79,83,69,118,94,74,109,66,119,90,65,63,99,117,110,120,106,114,76,116,105,104,112,84,95,91,92,100,107,103
137770 XXYXyXY XXXXXXYYxy 8 1,3,5,2,8,4,6,7 2,3,1,7,4,6,5,8
137776 XXYXyXY XXXXXYxyxY 120 2,6,1,12,14,16,19,21,3,26,28,30,4,36,5,31,40,44,35,7,48,8,9,18,53,54,10,33,11,59,45,25,13,62,64,20,29,61,15,47,23,51,17,70,41,72,74,43,65,22,69,24,55,80,27,83,32,82,37,56,86,87,34,39,89,38,42,91,77,67,75,95,46,50,97,49,52,93,99,57,78,102,103,58,60,88,90,63,96,66,109,68,111,71,98,73,110,76,115,79,81,85,104,84,117,118,105,106,112,92,116,94,107,108,101,100,120,119,113,114 4,7,10,5,1,17,8,2,24,11,3,31,34,37,40,42,18,6,45,46,39,51,22,25,9,16,56,57,19,27,32,12,60,35,13,63,38,14,49,41,15,26,68,50,29,47,20,73,21,71,23,78,67,52,81,30,58,28,84,61,33,59,65,66,36,72,79,69,43,92,44,64,75,76,48,91,94,54,53,100,82,55,80,62,105,104,85,107,90,108,74,93,70,99,88,113,98,114,77,83,117,116,101,106,87,86,95,89,96,119,112,120,109,97,110,118,103,102,115,111
137797 XXYXyXY XXXYYYXyxy 120 2,6,1,12,14,16,19,21,3,26,28,30,4,36,5,31,40,44,35,7,48,8,9,18,53,54,10,33,11,59,45,25,13,62,64,20,29,61,15,47,23,51,17,70,41,72,74,43,65,22,69,24,55,80,27,83,32,82,37,56,86,87,34,39,89,38,42,91,77,67,75,95,46,50,97,49,52,93,99,57,78,102,103,58,60,88,90,63,96,66,109,68,111,71,98,73,110,76,115,79,81,85,104,84,117,118,105,106,112,92,116,94,107,108,101,100,120,119,113,114 4,7,10,5,1,17,8,2,24,11,3,31,34,37,40,42,18,6,45,46,39,51,22,25,9,16,56,57,19,27,32,12,60,35,13,63,38,14,49,41,15,26,68,50,29,47,20,73,21,71,23,78,67,52,81,30,58,28,84,61,33,59,65,66,36,72,79,69,43,92,44,64,75,76,48,91,94,54,53,100,82,55,80,62,105,104,85,107,90,108,74,93,70,99,88,113,98,114,77,83,117,116,101,106,87,86,95,89,96,119,112,120,109,97,110,118,103,102,115,111
137834 XXYXyXY XXYYYXXyxy 120 2,6,1,12,14,16,19,21,3,26,28,30,4,36,5,31,40,44,35,7,48,8,9,18,53,54,10,33,11,59,45,25,13,62,64,20,29,61,15,47,23,51,17,70,41,72,74,43,65,22,69,24,55,80,27,83,32,82,37,56,86,87,34,39,89,38,42,91,77,67,75,95,46,50,97,49,52,93,99,57,78,102,103,58,60,88,90,63,96,66,109,68,111,71,98,73,110,76,115,79,81,85,104,84,117,118,105,106,112,92,116,94,107,108,101,100,120,119,113,114 4,7,10,5,1,17,8,2,24,11,3,31,34,37,40,42,18,6,45,46,39,51,22,25,9,16,56,57,19,27,32,12,60,35,13,63,38,14,49,41,15,26,68,50,29,47,20,73,21,71,23,78,67,52,81,30,58,28,84,61,33,59,65,66,36,72,79,69,43,92,44,64,75,76,48,91,94,54,53,100,82,55,80,62,105,104,85,107,90,108,74,93,70,99,88,113,98,114,77,83,117,116,101,106,87,86,95,89,96,119,112,120,109,97,110,118,103,102,115,111
142000 XXYxY XXXXYYYxxyxy 120 2,6,1,12,15,18,20,22,3,16,7,8,4,33,36,5,40,9,24,19,46,31,48,27,10,51,11,44,49,42,13,29,30,14,38,25,62,41,37,61,17,59,53,67,50,45,21,57,23,71,39,26,54,28,79,81,32,82,34,58,35,52,87,86,89,65,43,92,93,94,47,70,97,73,88,75,101,68,74,55,84,56,105,60,63,100,66,64,85,108,77,91,96,69,103,72,80,112,113,76,78,109,110,90,104,83,102,106,114,98,95,111,107,99,117,118,120,119,115,116 4,7,10,14,1,15,21,2,24,26,3,29,9,35,37,38,5,22,6,44,32,42,8,50,18,43,53,11,55,12,48,13,58,31,25,40,28,63,16,65,33,17,19,68,20,70,27,73,46,23,75,36,77,51,60,30,71,83,81,34,59,86,76,39,64,41,62,72,45,95,93,47,56,49,99,52,69,54,103,57,90,79,85,97,61,102,105,87,108,66,67,109,98,92,80,101,112,74,91,89,113,78,115,82,117,84,88,118,119,94,96,116,120,100,106,104,114,107,111,110
142047 XXYxY XXXYXYYYYYxy 120 2,6,1,12,15,18,20,22,3,16,7,8,4,33,36,5,40,9,24,19,46,31,48,27,10,51,11,44,49,42,13,29,30,14,38,25,62,41,37,61,17,59,53,67,50,45,21,57,23,71,39,26,54,28,79,81,32,82,34,58,35,52,87,86,89,65,43,92,93,94,47,70,97,73,88,75,101,68,74,55,84,56,105,60,63,100,66,64,85,108,77,91,96,69,103,72,80,112,113,76,78,109,110,90,104,83,102,106,114,98,95,111,107,99,117,118,120,119,115,116 4,7,10,14,1,15,21,2,24,26,3,29,9,35,37,38,5,22,6,44,32,42,8,50,18,43,53,11,55,12,48,13,58,31,25,40,28,63,16,65,33,17,19,68,20,70,27,73,46,23,75,36,77,51,60,30,71,83,81,34,59,86,76,39,64,41,62,72,45,95,93,47,56,49,99,52,69,54,103,57,90,79,85,97,61,102,105,87,108,66,67,109,98,92,80,101,112,74,91,89,113,78,115,82,117,84,88,118,119,94,96,116,120,100,106,104,114,107,111,110
142091 XXYxY XXXYXyxyxxYY 120 2,6,1,12,15,18,20,22,3,16,7,8,4,33,36,5,40,9,24,19,46,31,48,27,10,51,11,44,49,42,13,29,30,14,38,25,62,41,37,61,17,59,53,67,50,45,21,57,23,71,39,26,54,28,79,81,32,82,34,58,35,52,87,86,89,65,43,92,93,94,47,70,97,73,88,75,101,68,74,55,84,56,105,60,63,100,66,64,85,108,77,91,96,69,103,72,80,112,113,76,78,109,110,90,104,83,102,106,114,98,95,111,107,99,117,118,120,119,115,116 4,7,10,14,1,15,21,2,24,26,3,29,9,35,37,38,5,22,6,44,32,42,8,50,18,43,53,11,55,12,48,13,58,31,25,40,28,63,16,65,33,17,19,68,20,70,27,73,46,23,75,36,77,51,60,30,71,83,81,34,59,86,76,39,64,41,62,72,45,95,93,47,56,49,99,52,69,54,103,57,90,79,85,97,61,102,105,87,108,66,67,109,98,92,80,101,112,74,91,89,113,78,115,82,117,84,88,118,119,94,96,116,120,100,106,104,114,107,111,110
142119 XXYxY XXXYYXyxyxxY 120 2,6,1,12,15,18,20,22,3,16,7,8,4,33,36,5,40,9,24,19,46,31,48,27,10,51,11,44,49,42,13,29,30,14,38,25,62,41,37,61,17,59,53,67,50,45,21,57,23,71,39,26,54,28,79,81,32,82,34,58,35,52,87,86,89,65,43,92,93,94,47,70,97,73,88,75,101,68,74,55,84,56,105,60,63,100,66,64,85,108,77,91,96,69,103,72,80,112,113,76,78,109,110,90,104,83,102,106,114,98,95,111,107,99,117,118,120,119,115,116 4,7,10,14,1,15,21,2,24,26,3,29,9,35,37,38,5,22,6,44,32,42,8,50,18,43,53,11,55,12,48,13,58,31,25,40,28,63,16,65,33,17,19,68,20,70,27,73,46,23,75,36,77,51,60,30,71,83,81,34,59,86,76,39,64,41,62,72,45,95,93,47,56,49,99,52,69,54,103,57,90,79,85,97,61,102,105,87,108,66,67,109,98,92,80,101,112,74,91,89,113,78,115,82,117,84,88,118,119,94,96,116,120,100,106,104,114,107,111,110
142197 XXYxY XXXYxYYYYYXy 120 2,6,1,12,15,18,20,22,3,16,7,8,4,33,36,5,40,9,24,19,46,31,48,27,10,51,11,44,49,42,13,29,30,14,38,25,62,41,37,61,17,59,53,67,50,45,21,57,23,71,39,26,54,28,79,81,32,82,34,58,35,52,87,86,89,65,43,92,93,94,47,70,97,73,88,75,101,68,74,55,84,56,105,60,63,100,66,64,85,108,77,91,96,69,103,72,80,112,113,76,78,109,110,90,104,83,102,106,114,98,95,111,107,99,117,118,120,119,115,116 4,7,10,14,1,15,21,2,24,26,3,29,9,35,37,38,5,22,6,44,32,42,8,50,18,43,53,11,55,12,48,13,58,31,25,40,28,63,16,65,33,17,19,68,20,70,27,73,46,23,75,36,77,51,60,30,71,83,81,34,59,86,76,39,64,41,62,72,45,95,93,47,56,49,99,52,69,54,103,57,90,79,85,97,61,102,105,87,108,66,67,109,98,92,80,101,112,74,91,89,113,78,115,82,117,84,88,118,119,94,96,116,120,100,106,104,114,107,111,110
142281 XXYxY XXXyxYxxYxyy 120 2,6,1,12,15,18,20,22,3,16,7,8,4,33,36,5,40,9,24,19,46,31,48,27,10,51,11,44,49,42,13,29,30,14,38,25,62,41,37,61,17,59,53,67,50,45,21,57,23,71,39,26,54,28,79,81,32,82,34,58,35,52,87,86,89,65,43,92,93,94,47,70,97,73,88,75,101,68,74,55,84,56,105,60,63,100,66,64,85,108,77,91,96,69,103,72,80,112,113,76,78,109,110,90,104,83,102,106,114,98,95,111,107,99,117,118,120,119,115,116 4,7,10,14,1,15,21,2,24,26,3,29,9,35,37,38,5,22,6,44,32,42,8,50,18,43,53,11,55,12,48,13,58,31,25,40,28,63,16,65,33,17,19,68,20,70,27,73,46,23,75,36,77,51,60,30,71,83,81,34,59,86,76,39,64,41,62,72,45,95,93,47,56,49,99,52,69,54,103,57,90,79,85,97,61,102,105,87,108,66,67,109,98,92,80,101,112,74,91,89,113,78,115,82,117,84,88,118,119,94,96,116,120,100,106,104,114,107,111,110
142284 XXYxY XXXyxYxyxYxy 120 2,6,1,12,15,18,20,22,3,16,7,8,4,33,36,5,40,9,24,19,46,31,48,27,10,51,11,44,49,42,13,29,30,14,38,25,62,41,37,61,17,59,53,67,50,45,21,57,23,71,39,26,54,28,79,81,32,82,34,58,35,52,87,86,89,65,43,92,93,94,47,70,97,73,88,75,101,68,74,55,84,56,105,60,63,100,66,64,85,108,77,91,96,69,103,72,80,112,113,76,78,109,110,90,104,83,102,106,114,98,95,111,107,99,117,118,120,119,115,116 4,7,10,14,1,15,21,2,24,26,3,29,9,35,37,38,5,22,6,44,32,42,8,50,18,43,53,11,55,12,48,13,58,31,25,40,28,63,16,65,33,17,19,68,20,70,27,73,46,23,75,36,77,51,60,30,71,83,81,34,59,86,76,39,64,41,62,72,45,95,93,47,56,49,99,52,69,54,103,57,90,79,85,97,61,102,105,87,108,66,67,109,98,92,80,101,112,74,91,89,113,78,115,82,117,84,88,118,119,94,96,116,120,100,106,104,114,107,111,110
142336 XXYxY XXYXYXYxxYxy 120 2,6,1,12,15,18,20,22,3,16,7,8,4,33,36,5,40,9,24,19,46,31,48,27,10,51,11,44,49,42,13,29,30,14,38,25,62,41,37,61,17,59,53,67,50,45,21,57,23,71,39,26,54,28,79,81,32,82,34,58,35,52,87,86,89,65,43,92,93,94,47,70,97,73,88,75,101,68,74,55,84,56,105,60,63,100,66,64,85,108,77,91,96,69,103,72,80,112,113,76,78,109,110,90,104,83,102,106,114,98,95,111,107,99,117,118,120,119,115,116 4,7,10,14,1,15,21,2,24,26,3,29,9,35,37,38,5,22,6,44,32,42,8,50,18,43,53,11,55,12,48,13,58,31,25,40,28,63,16,65,33,17,19,68,20,70,27,73,46,23,75,36,77,51,60,30,71,83,81,34,59,86,76,39,64,41,62,72,45,95,93,47,56,49,99,52,69,54,103,57,90,79,85,97,61,102,105,87,108,66,67,109,98,92,80,101,112,74,91,89,113,78,115,82,117,84,88,118,119,94,96,116,120,100,106,104,114,107,111,110
142360 XXYxY XXYXYYYYXyxY 120 2,6,1,12,15,18,20,22,3,16,7,8,4,33,36,5,40,9,24,19,46,31,48,27,10,51,11,44,49,42,13,29,30,14,38,25,62,41,37,61,17,59,53,67,50,45,21,57,23,71,39,26,54,28,79,81,32,82,34,58,35,52,87,86,89,65,43,92,93,94,47,70,97,73,88,75,101,68,74,55,84,56,105,60,63,100,66,64,85,108,77,91,96,69,103,72,80,112,113,76,78,109,110,90,104,83,102,106,114,98,95,111,107,99,117,118,120,119,115,116 4,7,10,14,1,15,21,2,24,26,3,29,9,35,37,38,5,22,6,44,32,42,8,50,18,43,53,11,55,12,48,13,58,31,25,40,28,63,16,65,33,17,19,68,20,70,27,73,46,23,75,36,77,51,60,30,71,83,81,34,59,86,76,39,64,41,62,72,45,95,93,47,56,49,99,52,69,54,103,57,90,79,85,97,61,102,105,87,108,66,67,109,98,92,80,101,112,74,91,89,113,78,115,82,117,84,88,118,119,94,96,116,120,100,106,104,114,107,111,110
142378 XXYxY XXYXYYxYYxyy 120 2,6,1,12,15,18,20,22,3,16,7,8,4,33,36,5,40,9,24,19,46,31,48,27,10,51,11,44,49,42,13,29,30,14,38,25,62,41,37,61,17,59,53,67,50,45,21,57,23,71,39,26,54,28,79,81,32,82,34,58,35,52,87,86,89,65,43,92,93,94,47,70,97,73,88,75,101,68,74,55,84,56,105,60,63,100,66,64,85,108,77,91,96,69,103,72,80,112,113,76,78,109,110,90,104,83,102,106,114,98,95,111,107,99,117,118,120,119,115,116 4,7,10,14,1,15,21,2,24,26,3,29,9,35,37,38,5,22,6,44,32,42,8,50,18,43,53,11,55,12,48,13,58,31,25,40,28,63,16,65,33,17,19,68,20,70,27,73,46,23,75,36,77,51,60,30,71,83,81,34,59,86,76,39,64,41,62,72,45,95,93,47,56,49,99,52,69,54,103,57,90,79,85,97,61,102,105,87,108,66,67,109,98,92,80,101,112,74,91,89,113,78,115,82,117,84,88,118,119,94,96,116,120,100,106,104,114,107,111,110
142397 XXYxY XXYXYxxYXYxy 120 2,6,1,12,15,18,20,22,3,16,7,8,4,33,36,5,40,9,24,19,46,31,48,27,10,51,11,44,49,42,13,29,30,14,38,25,62,41,37,61,17,59,53,67,50,45,21,57,23,71,39,26,54,28,79,81,32,82,34,58,35,52,87,86,89,65,43,92,93,94,47,70,97,73,88,75,101,68,74,55,84,56,105,60,63,100,66,64,85,108,77,91,96,69,103,72,80,112,113,76,78,109,110,90,104,83,102,106,114,98,95,111,107,99,117,118,120,119,115,116 4,7,10,14,1,15,21,2,24,26,3,29,9,35,37,38,5,22,6,44,32,42,8,50,18,43,53,11,55,12,48,13,58,31,25,40,28,63,16,65,33,17,19,68,20,70,27,73,46,23,75,36,77,51,60,30,71,83,81,34,59,86,76,39,64,41,62,72,45,95,93,47,56,49,99,52,69,54,103,57,90,79,85,97,61,102,105,87,108,66,67,109,98,92,80,101,112,74,91,89,113,78,115,82,117,84,88,118,119,94,96,116,120,100,106,104,114,107,111,110
142418 XXYxY XXYXyXYYYYxY 120 2,6,1,12,15,18,20,22,3,16,7,8,4,33,36,5,40,9,24,19,46,31,48,27,10,51,11,44,49,42,13,29,30,14,38,25,62,41,37,61,17,59,53,67,50,45,21,57,23,71,39,26,54,28,79,81,32,82,34,58,35,52,87,86,89,65,43,92,93,94,47,70,97,73,88,75,101,68,74,55,84,56,105,60,63,100,66,64,85,108,77,91,96,69,103,72,80,112,113,76,78,109,110,90,104,83,102,106,114,98,95,111,107,99,117,118,120,119,115,116 4,7,10,14,1,15,21,2,24,26,3,29,9,35,37,38,5,22,6,44,32,42,8,50,18,43,53,11,55,12,48,13,58,31,25,40,28,63,16,65,33,17,19,68,20,70,27,73,46,23,75,36,77,51,60,30,71,83,81,34,59,86,76,39,64,41,62,72,45,95,93,47,56,49,99,52,69,54,103,57,90,79,85,97,61,102,105,87,108,66,67,109,98,92,80,101,112,74,91,89,113,78,115,82,117,84,88,118,119,94,96,116,120,100,106,104,114,107,111,110
142497 XXYxY XXYYXYxyyxYY 120 2,6,1,12,15,18,20,22,3,16,7,8,4,33,36,5,40,9,24,19,46,31,48,27,10,51,11,44,49,42,13,29,30,14,38,25,62,41,37,61,17,59,53,67,50,45,21,57,23,71,39,26,54,28,79,81,32,82,34,58,35,52,87,86,89,65,43,92,93,94,47,70,97,73,88,75,101,68,74,55,84,56,105,60,63,100,66,64,85,108,77,91,96,69,103,72,80,112,113,76,78,109,110,90,104,83,102,106,114,98,95,111,107,99,117,118,120,119,115,116 4,7,10,14,1,15,21,2,24,26,3,29,9,35,37,38,5,22,6,44,32,42,8,50,18,43,53,11,55,12,48,13,58,31,25,40,28,63,16,65,33,17,19,68,20,70,27,73,46,23,75,36,77,51,60,30,71,83,81,34,59,86,76,39,64,41,62,72,45,95,93,47,56,49,99,52,69,54,103,57,90,79,85,97,61,102,105,87,108,66,67,109,98,92,80,101,112,74,91,89,113,78,115,82,117,84,88,118,119,94,96,116,120,100,106,104,114,107,111,110
142499 XXYxY XXYYXyXYYYxY 120 2,6,1,12,15,18,20,22,3,16,7,8,4,33,36,5,40,9,24,19,46,31,48,27,10,51,11,44,49,42,13,29,30,14,38,25,62,41,37,61,17,59,53,67,50,45,21,57,23,71,39,26,54,28,79,81,32,82,34,58,35,52,87,86,89,65,43,92,93,94,47,70,97,73,88,75,101,68,74,55,84,56,105,60,63,100,66,64,85,108,77,91,96,69,103,72,80,112,113,76,78,109,110,90,104,83,102,106,114,98,95,111,107,99,117,118,120,119,115,116 4,7,10,14,1,15,21,2,24,26,3,29,9,35,37,38,5,22,6,44,32,42,8,50,18,43,53,11,55,12,48,13,58,31,25,40,28,63,16,65,33,17,19,68,20,70,27,73,46,23,75,36,77,51,60,30,71,83,81,34,59,86,76,39,64,41,62,72,45,95,93,47,56,49,99,52,69,54,103,57,90,79,85,97,61,102,105,87,108,66,67,109,98,92,80,101,112,74,91,89,113,78,115,82,117,84,88,118,119,94,96,116,120,100,106,104,114,107,111,110
142533 XXYxY XXYYYXyXYYxY 120 2,6,1,12,15,18,20,22,3,16,7,8,4,33,36,5,40,9,24,19,46,31,48,27,10,51,11,44,49,42,13,29,30,14,38,25,62,41,37,61,17,59,53,67,50,45,21,57,23,71,39,26,54,28,79,81,32,82,34,58,35,52,87,86,89,65,43,92,93,94,47,70,97,73,88,75,101,68,74,55,84,56,105,60,63,100,66,64,85,108,77,91,96,69,103,72,80,112,113,76,78,109,110,90,104,83,102,106,114,98,95,111,107,99,117,118,120,119,115,116 4,7,10,14,1,15,21,2,24,26,3,29,9,35,37,38,5,22,6,44,32,42,8,50,18,43,53,11,55,12,48,13,58,31,25,40,28,63,16,65,33,17,19,68,20,70,27,73,46,23,75,36,77,51,60,30,71,83,81,34,59,86,76,39,64,41,62,72,45,95,93,47,56,49,99,52,69,54,103,57,90,79,85,97,61,102,105,87,108,66,67,109,98,92,80,101,112,74,91,89,113,78,115,82,117,84,88,118,119,94,96,116,120,100,106,104,114,107,111,110
142552 XXYxY XXYYYYXyXYxY 120 2,6,1,12,15,18,20,22,3,16,7,8,4,33,36,5,40,9,24,19,46,31,48,27,10,51,11,44,49,42,13,29,30,14,38,25,62,41,37,61,17,59,53,67,50,45,21,57,23,71,39,26,54,28,79,81,32,82,34,58,35,52,87,86,89,65,43,92,93,94,47,70,97,73,88,75,101,68,74,55,84,56,105,60,63,100,66,64,85,108,77,91,96,69,103,72,80,112,113,76,78,109,110,90,104,83,102,106,114,98,95,111,107,99,117,118,120,119,115,116 4,7,10,14,1,15,21,2,24,26,3,29,9,35,37,38,5,22,6,44,32,42,8,50,18,43,53,11,55,12,48,13,58,31,25,40,28,63,16,65,33,17,19,68,20,70,27,73,46,23,75,36,77,51,60,30,71,83,81,34,59,86,76,39,64,41,62,72,45,95,93,47,56,49,99,52,69,54,103,57,90,79,85,97,61,102,105,87,108,66,67,109,98,92,80,101,112,74,91,89,113,78,115,82,117,84,88,118,119,94,96,116,120,100,106,104,114,107,111,110
142558 XXYxY XXYYYYXyyxxy 120 2,6,1,12,15,18,20,22,3,16,7,8,4,33,36,5,40,9,24,19,46,31,48,27,10,51,11,44,49,42,13,29,30,14,38,25,62,41,37,61,17,59,53,67,50,45,21,57,23,71,39,26,54,28,79,81,32,82,34,58,35,52,87,86,89,65,43,92,93,94,47,70,97,73,88,75,101,68,74,55,84,56,105,60,63,100,66,64,85,108,77,91,96,69,103,72,80,112,113,76,78,109,110,90,104,83,102,106,114,98,95,111,107,99,117,118,120,119,115,116 4,7,10,14,1,15,21,2,24,26,3,29,9,35,37,38,5,22,6,44,32,42,8,50,18,43,53,11,55,12,48,13,58,31,25,40,28,63,16,65,33,17,19,68,20,70,27,73,46,23,75,36,77,51,60,30,71,83,81,34,59,86,76,39,64,41,62,72,45,95,93,47,56,49,99,52,69,54,103,57,90,79,85,97,61,102,105,87,108,66,67,109,98,92,80,101,112,74,91,89,113,78,115,82,117,84,88,118,119,94,96,116,120,100,106,104,114,107,111,110
142574 XXYxY XXYYYYxxyyXy 120 2,6,1,12,15,18,20,22,3,16,7,8,4,33,36,5,40,9,24,19,46,31,48,27,10,51,11,44,49,42,13,29,30,14,38,25,62,41,37,61,17,59,53,67,50,45,21,57,23,71,39,26,54,28,79,81,32,82,34,58,35,52,87,86,89,65,43,92,93,94,47,70,97,73,88,75,101,68,74,55,84,56,105,60,63,100,66,64,85,108,77,91,96,69,103,72,80,112,113,76,78,109,110,90,104,83,102,106,114,98,95,111,107,99,117,118,120,119,115,116 4,7,10,14,1,15,21,2,24,26,3,29,9,35,37,38,5,22,6,44,32,42,8,50,18,43,53,11,55,12,48,13,58,31,25,40,28,63,16,65,33,17,19,68,20,70,27,73,46,23,75,36,77,51,60,30,71,83,81,34,59,86,76,39,64,41,62,72,45,95,93,47,56,49,99,52,69,54,103,57,90,79,85,97,61,102,105,87,108,66,67,109,98,92,80,101,112,74,91,89,113,78,115,82,117,84,88,118,119,94,96,116,120,100,106,104,114,107,111,110
142616 XXYxY XXYYxYYXYxyy 120 2,6,1,12,15,18,20,22,3,16,7,8,4,33,36,5,40,9,24,19,46,31,48,27,10,51,11,44,49,42,13,29,30,14,38,25,62,41,37,61,17,59,53,67,50,45,21,57,23,71,39,26,54,28,79,81,32,82,34,58,35,52,87,86,89,65,43,92,93,94,47,70,97,73,88,75,101,68,74,55,84,56,105,60,63,100,66,64,85,108,77,91,96,69,103,72,80,112,113,76,78,109,110,90,104,83,102,106,114,98,95,111,107,99,117,118,120,119,115,116 4,7,10,14,1,15,21,2,24,26,3,29,9,35,37,38,5,22,6,44,32,42,8,50,18,43,53,11,55,12,48,13,58,31,25,40,28,63,16,65,33,17,19,68,20,70,27,73,46,23,75,36,77,51,60,30,71,83,81,34,59,86,76,39,64,41,62,72,45,95,93,47,56,49,99,52,69,54,103,57,90,79,85,97,61,102,105,87,108,66,67,109,98,92,80,101,112,74,91,89,113,78,115,82,117,84,88,118,119,94,96,116,120,100,106,104,114,107,111,110
142676 XXYxY XXYxYXYYYYXy 120 2,6,1,12,15,18,20,22,3,16,7,8,4,33,36,5,40,9,24,19,46,31,48,27,10,51,11,44,49,42,13,29,30,14,38,25,62,41,37,61,17,59,53,67,50,45,21,57,23,71,39,26,54,28,79,81,32,82,34,58,35,52,87,86,89,65,43,92,93,94,47,70,97,73,88,75,101,68,74,55,84,56,105,60,63,100,66,64,85,108,77,91,96,69,103,72,80,112,113,76,78,109,110,90,104,83,102,106,114,98,95,111,107,99,117,118,120,119,115,116 4,7,10,14,1,15,21,2,24,26,3,29,9,35,37,38,5,22,6,44,32,42,8,50,18,43,53,11,55,12,48,13,58,31,25,40,28,63,16,65,33,17,19,68,20,70,27,73,46,23,75,36,77,51,60,30,71,83,81,34,59,86,76,39,64,41,62,72,45,95,93,47,56,49,99,52,69,54,103,57,90,79,85,97,61,102,105,87,108,66,67,109,98,92,80,101,112,74,91,89,113,78,115,82,117,84,88,118,119,94,96,116,120,100,106,104,114,107,111,110
142713 XXYxY XXYxYxYxyyyy 120 2,6,1,12,15,18,20,22,3,16,7,8,4,33,36,5,40,9,24,19,46,31,48,27,10,51,11,44,49,42,13,29,30,14,38,25,62,41,37,61,17,59,53,67,50,45,21,57,23,71,39,26,54,28,79,81,32,82,34,58,35,52,87,86,89,65,43,92,93,94,47,70,97,73,88,75,101,68,74,55,84,56,105,60,63,100,66,64,85,108,77,91,96,69,103,72,80,112,113,76,78,109,110,90,104,83,102,106,114,98,95,111,107,99,117,118,120,119,115,116 4,7,10,14,1,15,21,2,24,26,3,29,9,35,37,38,5,22,6,44,32,42,8,50,18,43,53,11,55,12,48,13,58,31,25,40,28,63,16,65,33,17,19,68,20,70,27,73,46,23,75,36,77,51,60,30,71,83,81,34,59,86,76,39,64,41,62,72,45,95,93,47,56,49,99,52,69,54,103,57,90,79,85,97,61,102,105,87,108,66,67,109,98,92,80,101,112,74,91,89,113,78,115,82,117,84,88,118,119,94,96,116,120,100,106,104,114,107,111,110
142724 XXYxY XXYxYxyyyyxY 120 2,6,1,12,15,18,20,22,3,16,7,8,4,33,36,5,40,9,24,19,46,31,48,27,10,51,11,44,49,42,13,29,30,14,38,25,62,41,37,61,17,59,53,67,50,45,21,57,23,71,39,26,54,28,79,81,32,82,34,58,35,52,87,86,89,65,43,92,93,94,47,70,97,73,88,75,101,68,74,55,84,56,105,60,63,100,66,64,85,108,77,91,96,69,103,72,80,112,113,76,78,109,110,90,104,83,102,106,114,98,95,111,107,99,117,118,120,119,115,116 4,7,10,14,1,15,21,2,24,26,3,29,9,35,37,38,5,22,6,44,32,42,8,50,18,43,53,11,55,12,48,13,58,31,25,40,28,63,16,65,33,17,19,68,20,70,27,73,46,23,75,36,77,51,60,30,71,83,81,34,59,86,76,39,64,41,62,72,45,95,93,47,56,49,99,52,69,54,103,57,90,79,85,97,61,102,105,87,108,66,67,109,98,92,80,101,112,74,91,89,113,78,115,82,117,84,88,118,119,94,96,116,120,100,106,104,114,107,111,110
142727 XXYxY XXYxxYXYXYxy 120 2,6,1,12,15,18,20,22,3,16,7,8,4,33,36,5,40,9,24,19,46,31,48,27,10,51,11,44,49,42,13,29,30,14,38,25,62,41,37,61,17,59,53,67,50,45,21,57,23,71,39,26,54,28,79,81,32,82,34,58,35,52,87,86,89,65,43,92,93,94,47,70,97,73,88,75,101,68,74,55,84,56,105,60,63,100,66,64,85,108,77,91,96,69,103,72,80,112,113,76,78,109,110,90,104,83,102,106,114,98,95,111,107,99,117,118,120,119,115,116 4,7,10,14,1,15,21,2,24,26,3,29,9,35,37,38,5,22,6,44,32,42,8,50,18,43,53,11,55,12,48,13,58,31,25,40,28,63,16,65,33,17,19,68,20,70,27,73,46,23,75,36,77,51,60,30,71,83,81,34,59,86,76,39,64,41,62,72,45,95,93,47,56,49,99,52,69,54,103,57,90,79,85,97,61,102,105,87,108,66,67,109,98,92,80,101,112,74,91,89,113,78,115,82,117,84,88,118,119,94,96,116,120,100,106,104,114,107,111,110
142745 XXYxY XXYxxYxyyyyy 7 1,4,2,3,6,7,5 2,4,1,6,3,7,5
142757 XXYxY XXYxyxYxyyyy 7 1,4,2,3,6,7,5 2,4,1,6,3,7,5
142762 XXYxY XXYxyyxYxyyy 7 1,4,2,3,6,7,5 2,4,1,6,3,7,5
142765 XXYxY XXYxyyyxYxyy 7 1,4,2,3,6,7,5 2,4,1,6,3,7,5
142766 XXYxY XXYxyyyyxYxy 7 1,4,2,3,6,7,5 2,4,1,6,3,7,5
142804 XXYxY XYXYXYXYYxYY 120 2,6,1,12,15,18,20,22,3,16,7,8,4,33,36,5,40,9,24,19,46,31,48,27,10,51,11,44,49,42,13,29,30,14,38,25,62,41,37,61,17,59,53,67,50,45,21,57,23,71,39,26,54,28,79,81,32,82,34,58,35,52,87,86,89,65,43,92,93,94,47,70,97,73,88,75,101,68,74,55,84,56,105,60,63,100,66,64,85,108,77,91,96,69,103,72,80,112,113,76,78,109,110,90,104,83,102,106,114,98,95,111,107,99,117,118,120,119,115,116 4,7,10,14,1,15,21,2,24,26,3,29,9,35,37,38,5,22,6,44,32,42,8,50,18,43,53,11,55,12,48,13,58,31,25,40,28,63,16,65,33,17,19,68,20,70,27,73,46,23,75,36,77,51,60,30,71,83,81,34,59,86,76,39,64,41,62,72,45,95,93,47,56,49,99,52,69,54,103,57,90,79,85,97,61,102,105,87,108,66,67,109,98,92,80,101,112,74,91,89,113,78,115,82,117,84,88,118,119,94,96,116,120,100,106,104,114,107,111,110
142822 XXYxY XYXYXYxyyyxY 7 1,4,2,3,6,7,5 2,4,1,6,3,7,5
142871 XXYxY XYXYYxYXyyxY 120 2,6,1,12,15,18,20,22,3,16,7,8,4,33,36,5,40,9,24,19,46,31,48,27,10,51,11,44,49,42,13,29,30,14,38,25,62,41,37,61,17,59,53,67,50,45,21,57,23,71,39,26,54,28,79,81,32,82,34,58,35,52,87,86,89,65,43,92,93,94,47,70,97,73,88,75,101,68,74,55,84,56,105,60,63,100,66,64,85,108,77,91,96,69,103,72,80,112,113,76,78,109,110,90,104,83,102,106,114,98,95,111,107,99,117,118,120,119,115,116 4,7,10,14,1,15,21,2,24,26,3,29,9,35,37,38,5,22,6,44,32,42,8,50,18,43,53,11,55,12,48,13,58,31,25,40,28,63,16,65,33,17,19,68,20,70,27,73,46,23,75,36,77,51,60,30,71,83,81,34,59,86,76,39,64,41,62,72,45,95,93,47,56,49,99,52,69,54,103,57,90,79,85,97,61,102,105,87,108,66,67,109,98,92,80,101,112,74,91,89,113,78,115,82,117,84,88,118,119,94,96,116,120,100,106,104,114,107,111,110
142889 XXYxY XYXYxYXYYYXy 120 2,6,1,12,15,18,20,22,3,16,7,8,4,33,36,5,40,9,24,19,46,31,48,27,10,51,11,44,49,42,13,29,30,14,38,25,62,41,37,61,17,59,53,67,50,45,21,57,23,71,39,26,54,28,79,81,32,82,34,58,35,52,87,86,89,65,43,92,93,94,47,70,97,73,88,75,101,68,74,55,84,56,105,60,63,100,66,64,85,108,77,91,96,69,103,72,80,112,113,76,78,109,110,90,104,83,102,106,114,98,95,111,107,99,117,118,120,119,115,116 4,7,10,14,1,15,21,2,24,26,3,29,9,35,37,38,5,22,6,44,32,42,8,50,18,43,53,11,55,12,48,13,58,31,25,40,28,63,16,65,33,17,19,68,20,70,27,73,46,23,75,36,77,51,60,30,71,83,81,34,59,86,76,39,64,41,62,72,45,95,93,47,56,49,99,52,69,54,103,57,90,79,85,97,61,102,105,87,108,66,67,109,98,92,80,101,112,74,91,89,113,78,115,82,117,84,88,118,119,94,96,116,120,100,106,104,114,107,111,110
142948 XXYxY XYYXYxYXYYXy 120 2,6,1,12,15,18,20,22,3,16,7,8,4,33,36,5,40,9,24,19,46,31,48,27,10,51,11,44,49,42,13,29,30,14,38,25,62,41,37,61,17,59,53,67,50,45,21,57,23,71,39,26,54,28,79,81,32,82,34,58,35,52,87,86,89,65,43,92,93,94,47,70,97,73,88,75,101,68,74,55,84,56,105,60,63,100,66,64,85,108,77,91,96,69,103,72,80,112,113,76,78,109,110,90,104,83,102,106,114,98,95,111,107,99,117,118,120,119,115,116 4,7,10,14,1,15,21,2,24,26,3,29,9,35,37,38,5,22,6,44,32,42,8,50,18,43,53,11,55,12,48,13,58,31,25,40,28,63,16,65,33,17,19,68,20,70,27,73,46,23,75,36,77,51,60,30,71,83,81,34,59,86,76,39,64,41,62,72,45,95,93,47,56,49,99,52,69,54,103,57,90,79,85,97,61,102,105,87,108,66,67,109,98,92,80,101,112,74,91,89,113,78,115,82,117,84,88,118,119,94,96,116,120,100,106,104,114,107,111,110
142992 XXYxY XYYYYYYxyXyy 7 1,4,2,3,6,7,5 2,4,1,6,3,7,5
143015 XXYxY XYYYxyXyxYXy 120 2,6,1,12,15,18,20,22,3,16,7,8,4,33,36,5,40,9,24,19,46,31,48,27,10,51,11,44,49,42,13,29,30,14,38,25,62,41,37,61,17,59,53,67,50,45,21,57,23,71,39,26,54,28,79,81,32,82,34,58,35,52,87,86,89,65,43,92,93,94,47,70,97,73,88,75,101,68,74,55,84,56,105,60,63,100,66,64,85,108,77,91,96,69,103,72,80,112,113,76,78,109,110,90,104,83,102,106,114,98,95,111,107,99,117,118,120,119,115,116 4,7,10,14,1,15,21,2,24,26,3,29,9,35,37,38,5,22,6,44,32,42,8,50,18,43,53,11,55,12,48,13,58,31,25,40,28,63,16,65,33,17,19,68,20,70,27,73,46,23,75,36,77,51,60,30,71,83,81,34,59,86,76,39,64,41,62,72,45,95,93,47,56,49,99,52,69,54,103,57,90,79,85,97,61,102,105,87,108,66,67,109,98,92,80,101,112,74,91,89,113,78,115,82,117,84,88,118,119,94,96,116,120,100,106,104,114,107,111,110
143042 XXYxY XYYxyXyxYYXy 120 2,6,1,12,15,18,20,22,3,16,7,8,4,33,36,5,40,9,24,19,46,31,48,27,10,51,11,44,49,42,13,29,30,14,38,25,62,41,37,61,17,59,53,67,50,45,21,57,23,71,39,26,54,28,79,81,32,82,34,58,35,52,87,86,89,65,43,92,93,94,47,70,97,73,88,75,101,68,74,55,84,56,105,60,63,100,66,64,85,108,77,91,96,69,103,72,80,112,113,76,78,109,110,90,104,83,102,106,114,98,95,111,107,99,117,118,120,119,115,116 4,7,10,14,1,15,21,2,24,26,3,29,9,35,37,38,5,22,6,44,32,42,8,50,18,43,53,11,55,12,48,13,58,31,25,40,28,63,16,65,33,17,19,68,20,70,27,73,46,23,75,36,77,51,60,30,71,83,81,34,59,86,76,39,64,41,62,72,45,95,93,47,56,49,99,52,69,54,103,57,90,79,85,97,61,102,105,87,108,66,67,109,98,92,80,101,112,74,91,89,113,78,115,82,117,84,88,118,119,94,96,116,120,100,106,104,114,107,111,110
146063 XXYxyxY XXXYYYxYxy 336 2,6,1,12,15,18,21,24,3,30,33,36,4,42,45,5,51,27,56,58,61,7,65,68,8,73,9,78,41,38,10,88,91,11,95,98,100,103,13,108,111,113,14,119,122,19,127,16,25,134,137,17,143,145,147,150,152,155,20,160,163,165,22,171,174,23,180,183,54,188,59,193,196,26,202,204,87,84,28,210,29,212,213,154,31,219,222,224,32,229,231,233,34,170,239,35,158,105,246,164,37,251,216,254,39,257,118,115,40,264,203,266,223,268,207,43,274,276,186,44,182,130,151,280,46,242,285,47,227,48,194,49,291,269,50,295,221,123,205,52,128,249,206,53,120,141,303,55,117,90,273,234,57,306,308,76,235,148,311,294,60,93,168,302,290,62,218,63,256,179,176,64,209,112,289,82,66,263,225,309,67,307,132,238,271,69,140,300,70,116,71,252,318,72,255,110,184,80,74,189,240,81,75,181,200,77,178,79,313,310,107,316,99,83,185,85,192,228,226,86,187,144,190,288,283,149,89,258,125,121,162,299,305,92,248,135,94,286,284,166,146,96,322,97,314,243,237,198,101,279,319,102,245,320,104,297,262,106,331,293,287,167,109,199,201,177,325,236,114,304,312,332,278,220,326,169,217,232,333,197,124,334,247,126,241,281,267,129,131,265,159,133,323,173,215,136,211,335,138,139,261,142,244,292,153,208,253,191,156,157,270,296,161,230,282,172,330,175,277,275,298,214,329,328,317,195,336,315,250,301,324,321,260,259,327,272 4,7,10,14,1,19,23,2,28,32,3,37,40,44,46,49,5,54,57,6,62,64,67,69,71,8,76,80,9,83,86,90,22,48,11,21,102,12,106,110,13,114,117,121,123,126,15,131,133,16,138,141,17,146,18,151,154,156,158,20,56,167,169,173,175,178,182,184,187,24,192,25,197,200,26,205,27,195,209,163,93,29,159,30,217,221,31,225,160,230,166,33,236,34,240,152,35,245,36,248,250,148,253,38,244,259,39,261,180,168,101,41,100,270,42,272,275,43,231,204,53,190,279,45,283,220,223,286,47,149,290,207,278,125,140,50,297,271,51,301,277,52,256,188,238,103,79,143,55,145,211,304,212,307,296,264,58,257,59,312,210,60,314,61,227,293,206,144,315,63,267,306,229,165,319,65,321,322,66,122,78,75,266,323,68,268,109,112,295,70,82,281,186,199,72,237,320,73,287,258,74,247,235,136,98,202,77,292,284,276,81,249,300,260,84,308,328,85,330,119,105,214,87,213,318,88,327,89,203,97,129,91,288,273,92,164,242,94,262,280,95,317,96,127,132,303,99,298,299,170,208,219,130,155,285,104,215,179,302,107,224,108,291,172,111,157,113,282,153,139,115,294,116,194,142,269,118,120,193,226,181,124,331,216,336,177,128,147,324,150,313,334,134,135,305,333,171,137,161,332,234,222,326,228,335,183,162,233,289,255,309,243,325,191,265,252,174,241,198,176,274,201,311,185,189,329,196,246,218,310,232,239,251,254,263,316
146073 XXYxyxY XXXYYxyxYY 120 2,6,1,12,15,18,21,24,3,30,33,36,4,39,42,5,45,48,50,52,54,7,37,57,8,47,9,43,22,25,10,67,19,11,71,20,72,13,75,14,32,80,16,35,83,17,86,88,90,92,55,87,59,49,96,23,99,26,101,27,69,28,104,29,51,31,84,63,34,65,93,94,76,38,58,107,40,41,62,114,44,110,113,46,82,112,111,60,103,102,95,89,116,53,119,115,73,56,106,85,120,105,61,81,64,66,118,68,70,117,74,77,78,79,91,108,97,100,109,98 4,7,10,14,1,19,23,2,28,32,3,37,31,41,33,30,5,42,51,6,55,13,40,15,12,8,61,63,9,39,62,68,22,43,11,21,73,27,76,66,79,71,67,16,35,25,17,57,18,93,56,24,20,50,97,38,45,36,26,102,95,103,91,69,29,60,107,89,104,34,65,96,78,105,72,108,74,106,88,83,84,44,110,75,46,82,47,87,48,52,49,80,117,54,53,116,77,64,86,58,85,59,90,118,119,111,115,114,81,70,101,120,112,99,92,113,98,94,100,109
146089 XXYxyxY XXXYxxyyyy 120 2,6,1,12,15,9,20,23,3,28,31,34,4,39,42,5,47,50,52,55,7,58,60,8,49,66,38,36,10,73,75,11,78,37,80,72,13,83,84,14,30,44,18,16,24,74,92,17,70,96,98,95,19,65,57,103,21,105,22,45,26,53,41,25,35,71,111,27,102,109,87,29,108,67,76,32,99,97,33,101,91,88,100,86,114,40,61,107,43,46,116,93,48,85,62,89,117,115,51,68,54,56,112,81,106,59,118,63,64,94,90,69,82,120,77,119,79,113,104,110 4,7,10,14,1,18,22,2,26,30,3,35,23,41,43,45,5,51,6,56,52,40,61,62,8,67,9,70,15,74,21,44,11,20,81,12,82,13,85,72,87,78,38,73,39,16,33,36,17,97,59,29,100,19,50,104,88,94,37,47,31,58,24,34,25,92,99,76,27,91,28,113,114,89,102,111,32,69,71,115,63,75,65,80,79,53,118,42,107,93,46,116,84,48,49,66,119,110,57,98,55,54,90,86,103,68,60,109,105,64,120,96,83,112,117,77,108,95,106,101
146098 XXYxyxY XXXyxxyxxy 120 2,6,1,12,15,18,21,24,3,30,33,36,4,39,42,5,45,48,50,52,54,7,37,57,8,47,9,43,22,25,10,67,19,11,71,20,72,13,75,14,32,80,16,35,83,17,86,88,90,92,55,87,59,49,96,23,99,26,101,27,69,28,104,29,51,31,84,63,34,65,93,94,76,38,58,107,40,41,62,114,44,110,113,46,82,112,111,60,103,102,95,89,116,53,119,115,73,56,106,85,120,105,61,81,64,66,118,68,70,117,74,77,78,79,91,108,97,100,109,98 4,7,10,14,1,19,23,2,28,32,3,37,31,41,33,30,5,42,51,6,55,13,40,15,12,8,61,63,9,39,62,68,22,43,11,21,73,27,76,66,79,71,67,16,35,25,17,57,18,93,56,24,20,50,97,38,45,36,26,102,95,103,91,69,29,60,107,89,104,34,65,96,78,105,72,108,74,106,88,83,84,44,110,75,46,82,47,87,48,52,49,80,117,54,53,116,77,64,86,58,85,59,90,118,119,111,115,114,81,70,101,120,112,99,92,113,98,94,100,109
146102 XXYxyxY XXXyxyyyxy 336 2,6,1,12,15,18,21,24,3,30,33,36,4,42,45,5,51,27,56,58,61,7,65,68,8,73,9,78,41,38,10,88,91,11,95,98,100,103,13,108,111,113,14,119,122,19,127,16,25,134,137,17,143,145,147,150,152,155,20,160,163,165,22,171,174,23,180,183,54,188,59,193,196,26,202,204,87,84,28,210,29,212,213,154,31,219,222,224,32,229,231,233,34,170,239,35,158,105,246,164,37,251,216,254,39,257,118,115,40,264,203,266,223,268,207,43,274,276,186,44,182,130,151,280,46,242,285,47,227,48,194,49,291,269,50,295,221,123,205,52,128,249,206,53,120,141,303,55,117,90,273,234,57,306,308,76,235,148,311,294,60,93,168,302,290,62,218,63,256,179,176,64,209,112,289,82,66,263,225,309,67,307,132,238,271,69,140,300,70,116,71,252,318,72,255,110,184,80,74,189,240,81,75,181,200,77,178,79,313,310,107,316,99,83,185,85,192,228,226,86,187,144,190,288,283,149,89,258,125,121,162,299,305,92,248,135,94,286,284,166,146,96,322,97,314,243,237,198,101,279,319,102,245,320,104,297,262,106,331,293,287,167,109,199,201,177,325,236,114,304,312,332,278,220,326,169,217,232,333,197,124,334,247,126,241,281,267,129,131,265,159,133,323,173,215,136,211,335,138,139,261,142,244,292,153,208,253,191,156,157,270,296,161,230,282,172,330,175,277,275,298,214,329,328,317,195,336,315,250,301,324,321,260,259,327,272 4,7,10,14,1,19,23,2,28,32,3,37,40,44,46,49,5,54,57,6,62,64,67,69,71,8,76,80,9,83,86,90,22,48,11,21,102,12,106,110,13,114,117,121,123,126,15,131,133,16,138,141,17,146,18,151,154,156,158,20,56,167,169,173,175,178,182,184,187,24,192,25,197,200,26,205,27,195,209,163,93,29,159,30,217,221,31,225,160,230,166,33,236,34,240,152,35,245,36,248,250,148,253,38,244,259,39,261,180,168,101,41,100,270,42,272,275,43,231,204,53,190,279,45,283,220,223,286,47,149,290,207,278,125,140,50,297,271,51,301,277,52,256,188,238,103,79,143,55,145,211,304,212,307,296,264,58,257,59,312,210,60,314,61,227,293,206,144,315,63,267,306,229,165,319,65,321,322,66,122,78,75,266,323,68,268,109,112,295,70,82,281,186,199,72,237,320,73,287,258,74,247,235,136,98,202,77,292,284,276,81,249,300,260,84,308,328,85,330,119,105,214,87,213,318,88,327,89,203,97,129,91,288,273,92,164,242,94,262,280,95,317,96,127,132,303,99,298,299,170,208,219,130,155,285,104,215,179,302,107,224,108,291,172,111,157,113,282,153,139,115,294,116,194,142,269,118,120,193,226,181,124,331,216,336,177,128,147,324,150,313,334,134,135,305,333,171,137,161,332,234,222,326,228,335,183,162,233,289,255,309,243,325,191,265,252,174,241,198,176,274,201,311,185,189,329,196,246,218,310,232,239,251,254,263,316
146157 XXYxyxY XXYYXyyxxy 120 2,6,1,12,15,18,21,24,3,30,33,36,4,39,42,5,45,48,50,52,54,7,37,57,8,47,9,43,22,25,10,67,19,11,71,20,72,13,75,14,32,80,16,35,83,17,86,88,90,92,55,87,59,49,96,23,99,26,101,27,69,28,104,29,51,31,84,63,34,65,93,94,76,38,58,107,40,41,62,114,44,110,113,46,82,112,111,60,103,102,95,89,116,53,119,115,73,56,106,85,120,105,61,81,64,66,118,68,70,117,74,77,78,79,91,108,97,100,109,98 4,7,10,14,1,19,23,2,28,32,3,37,31,41,33,30,5,42,51,6,55,13,40,15,12,8,61,63,9,39,62,68,22,43,11,21,73,27,76,66,79,71,67,16,35,25,17,57,18,93,56,24,20,50,97,38,45,36,26,102,95,103,91,69,29,60,107,89,104,34,65,96,78,105,72,108,74,106,88,83,84,44,110,75,46,82,47,87,48,52,49,80,117,54,53,116,77,64,86,58,85,59,90,118,119,111,115,114,81,70,101,120,112,99,92,113,98,94,100,109
146299 XXYxyxY XYXYXyxyxy 120 2,6,1,12,15,18,21,24,3,30,33,36,4,39,42,5,45,48,50,52,54,7,37,57,8,47,9,43,22,25,10,67,19,11,71,20,72,13,75,14,32,80,16,35,83,17,86,88,90,92,55,87,59,49,96,23,99,26,101,27,69,28,104,29,51,31,84,63,34,65,93,94,76,38,58,107,40,41,62,114,44,110,113,46,82,112,111,60,103,102,95,89,116,53,119,115,73,56,106,85,120,105,61,81,64,66,118,68,70,117,74,77,78,79,91,108,97,100,109,98 4,7,10,14,1,19,23,2,28,32,3,37,31,41,33,30,5,42,51,6,55,13,40,15,12,8,61,63,9,39,62,68,22,43,11,21,73,27,76,66,79,71,67,16,35,25,17,57,18,93,56,24,20,50,97,38,45,36,26,102,95,103,91,69,29,60,107,89,104,34,65,96,78,105,72,108,74,106,88,83,84,44,110,75,46,82,47,87,48,52,49,80,117,54,53,116,77,64,86,58,85,59,90,118,119,111,115,114,81,70,101,120,112,99,92,113,98,94,100,109
146318 XXYxyxY XYXYxyXyxY 8 1,4,7,8,2,5,6,3 2,6,1,7,8,3,5,4
146333 XXYxyxY XYYXYYYYxy 120 2,6,1,12,15,9,20,23,3,28,31,34,4,39,42,5,47,50,52,55,7,58,60,8,49,66,38,36,10,73,75,11,78,37,80,72,13,83,84,14,30,44,18,16,24,74,92,17,70,96,98,95,19,65,57,103,21,105,22,45,26,53,41,25,35,71,111,27,102,109,87,29,108,67,76,32,99,97,33,101,91,88,100,86,114,40,61,107,43,46,116,93,48,85,62,89,117,115,51,68,54,56,112,81,106,59,118,63,64,94,90,69,82,120,77,119,79,113,104,110 4,7,10,14,1,18,22,2,26,30,3,35,23,41,43,45,5,51,6,56,52,40,61,62,8,67,9,70,15,74,21,44,11,20,81,12,82,13,85,72,87,78,38,73,39,16,33,36,17,97,59,29,100,19,50,104,88,94,37,47,31,58,24,34,25,92,99,76,27,91,28,113,114,89,102,111,32,69,71,115,63,75,65,80,79,53,118,42,107,93,46,116,84,48,49,66,119,110,57,98,55,54,90,86,103,68,60,109,105,64,120,96,83,112,117,77,108,95,106,101
179339 XYXYXy XXXXXXYXYXY 120 2,6,1,12,15,17,20,23,3,28,31,33,4,22,35,5,30,37,39,41,7,25,43,8,9,45,47,49,10,14,51,11,36,13,34,16,57,18,59,19,44,21,42,24,65,26,67,27,52,29,50,32,72,71,75,76,60,38,58,40,56,55,83,84,68,46,66,48,88,87,91,92,53,54,95,96,64,63,99,100,61,62,101,102,79,80,105,106,69,70,93,94,73,74,81,82,77,78,113,114,97,98,85,86,107,108,89,90,117,118,109,110,104,103,111,112,120,119,115,116 4,7,10,14,1,18,22,2,26,30,3,29,23,5,32,20,27,25,6,13,39,8,16,37,19,17,9,46,15,11,48,12,53,55,54,56,21,45,24,47,61,63,62,64,40,31,38,28,69,71,70,72,35,33,36,34,77,79,78,80,43,41,44,42,85,87,86,88,51,49,52,50,75,76,74,73,59,57,60,58,83,84,82,81,67,65,68,66,91,92,90,89,109,110,111,112,99,100,98,97,115,116,105,106,104,103,117,118,94,93,96,95,119,120,102,101,108,107,114,113
179343 XYXYXy XXXXXXYxYxy 8 1,3,5,2,7,4,8,6 2,1,4,3,7,8,5,6
179344 XYXYXy XXXXXXYxyxY 8 1,3,5,2,7,4,8,6 2,1,4,3,7,8,5,6
179348 XYXYXy XXXXXYXYYxy 120 2,6,1,12,15,17,20,23,3,28,31,33,4,22,35,5,30,37,39,41,7,25,43,8,9,45,47,49,10,14,51,11,36,13,34,16,57,18,59,19,44,21,42,24,65,26,67,27,52,29,50,32,72,71,75,76,60,38,58,40,56,55,83,84,68,46,66,48,88,87,91,92,53,54,95,96,64,63,99,100,61,62,101,102,79,80,105,106,69,70,93,94,73,74,81,82,77,78,113,114,97,98,85,86,107,108,89,90,117,118,109,110,104,103,111,112,120,119,115,116 4,7,10,14,1,18,22,2,26,30,3,29,23,5,32,20,27,25,6,13,39,8,16,37,19,17,9,46,15,11,48,12,53,55,54,56,21,45,24,47,61,63,62,64,40,31,38,28,69,71,70,72,35,33,36,34,77,79,78,80,43,41,44,42,85,87,86,88,51,49,52,50,75,76,74,73,59,57,60,58,83,84,82,81,67,65,68,66,91,92,90,89,109,110,111,112,99,100,98,97,115,116,105,106,104,103,117,118,94,93,96,95,119,120,102,101,108,107,114,113
179360 XYXYXy XXXXXYxYYXy 120 2,6,1,12,15,17,20,23,3,28,31,33,4,22,35,5,30,37,39,41,7,25,43,8,9,45,47,49,10,14,51,11,36,13,34,16,57,18,59,19,44,21,42,24,65,26,67,27,52,29,50,32,72,71,75,76,60,38,58,40,56,55,83,84,68,46,66,48,88,87,91,92,53,54,95,96,64,63,99,100,61,62,101,102,79,80,105,106,69,70,93,94,73,74,81,82,77,78,113,114,97,98,85,86,107,108,89,90,117,118,109,110,104,103,111,112,120,119,115,116 4,7,10,14,1,18,22,2,26,30,3,29,23,5,32,20,27,25,6,13,39,8,16,37,19,17,9,46,15,11,48,12,53,55,54,56,21,45,24,47,61,63,62,64,40,31,38,28,69,71,70,72,35,33,36,34,77,79,78,80,43,41,44,42,85,87,86,88,51,49,52,50,75,76,74,73,59,57,60,58,83,84,82,81,67,65,68,66,91,92,90,89,109,110,111,112,99,100,98,97,115,116,105,106,104,103,117,118,94,93,96,95,119,120,102,101,108,107,114,113
179396 XYXYXy XXXXYYYYXyy 120 2,6,1,12,15,17,20,23,3,28,31,33,4,22,35,5,30,37,39,41,7,25,43,8,9,45,47,49,10,14,51,11,36,13,34,16,57,18,59,19,44,21,42,24,65,26,67,27,52,29,50,32,72,71,75,76,60,38,58,40,56,55,83,84,68,46,66,48,88,87,91,92,53,54,95,96,64,63,99,100,61,62,101,102,79,80,105,106,69,70,93,94,73,74,81,82,77,78,113,114,97,98,85,86,107,108,89,90,117,118,109,110,104,103,111,112,120,119,115,116 4,7,10,14,1,18,22,2,26,30,3,29,23,5,32,20,27,25,6,13,39,8,16,37,19,17,9,46,15,11,48,12,53,55,54,56,21,45,24,47,61,63,62,64,40,31,38,28,69,71,70,72,35,33,36,34,77,79,78,80,43,41,44,42,85,87,86,88,51,49,52,50,75,76,74,73,59,57,60,58,83,84,82,81,67,65,68,66,91,92,90,89,109,110,111,112,99,100,98,97,115,116,105,106,104,103,117,118,94,93,96,95,119,120,102,101,108,107,114,113
179399 XYXYXy XXXXYYYxyxy 120 2,6,1,12,15,17,20,23,3,28,31,33,4,22,35,5,30,37,39,41,7,25,43,8,9,45,47,49,10,14,51,11,36,13,34,16,57,18,59,19,44,21,42,24,65,26,67,27,52,29,50,32,72,71,75,76,60,38,58,40,56,55,83,84,68,46,66,48,88,87,91,92,53,54,95,96,64,63,99,100,61,62,101,102,79,80,105,106,69,70,93,94,73,74,81,82,77,78,113,114,97,98,85,86,107,108,89,90,117,118,109,110,104,103,111,112,120,119,115,116 4,7,10,14,1,18,22,2,26,30,3,29,23,5,32,20,27,25,6,13,39,8,16,37,19,17,9,46,15,11,48,12,53,55,54,56,21,45,24,47,61,63,62,64,40,31,38,28,69,71,70,72,35,33,36,34,77,79,78,80,43,41,44,42,85,87,86,88,51,49,52,50,75,76,74,73,59,57,60,58,83,84,82,81,67,65,68,66,91,92,90,89,109,110,111,112,99,100,98,97,115,116,105,106,104,103,117,118,94,93,96,95,119,120,102,101,108,107,114,113
179420 XYXYXy XXXXyxYYYxy 120 2,6,1,12,15,17,20,23,3,28,31,33,4,22,35,5,30,37,39,41,7,25,43,8,9,45,47,49,10,14,51,11,36,13,34,16,57,18,59,19,44,21,42,24,65,26,67,27,52,29,50,32,72,71,75,76,60,38,58,40,56,55,83,84,68,46,66,48,88,87,91,92,53,54,95,96,64,63,99,100,61,62,101,102,79,80,105,106,69,70,93,94,73,74,81,82,77,78,113,114,97,98,85,86,107,108,89,90,117,118,109,110,104,103,111,112,120,119,115,116 4,7,10,14,1,18,22,2,26,30,3,29,23,5,32,20,27,25,6,13,39,8,16,37,19,17,9,46,15,11,48,12,53,55,54,56,21,45,24,47,61,63,62,64,40,31,38,28,69,71,70,72,35,33,36,34,77,79,78,80,43,41,44,42,85,87,86,88,51,49,52,50,75,76,74,73,59,57,60,58,83,84,82,81,67,65,68,66,91,92,90,89,109,110,111,112,99,100,98,97,115,116,105,106,104,103,117,118,94,93,96,95,119,120,102,101,108,107,114,113
179485 XYXYXy XXXYYXYYXyy 120 2,6,1,12,15,17,20,23,3,28,31,33,4,22,35,5,30,37,39,41,7,25,43,8,9,45,47,49,10,14,51,11,36,13,34,16,57,18,59,19,44,21,42,24,65,26,67,27,52,29,50,32,72,71,75,76,60,38,58,40,56,55,83,84,68,46,66,48,88,87,91,92,53,54,95,96,64,63,99,100,61,62,101,102,79,80,105,106,69,70,93,94,73,74,81,82,77,78,113,114,97,98,85,86,107,108,89,90,117,118,109,110,104,103,111,112,120,119,115,116 4,7,10,14,1,18,22,2,26,30,3,29,23,5,32,20,27,25,6,13,39,8,16,37,19,17,9,46,15,11,48,12,53,55,54,56,21,45,24,47,61,63,62,64,40,31,38,28,69,71,70,72,35,33,36,34,77,79,78,80,43,41,44,42,85,87,86,88,51,49,52,50,75,76,74,73,59,57,60,58,83,84,82,81,67,65,68,66,91,92,90,89,109,110,111,112,99,100,98,97,115,116,105,106,104,103,117,118,94,93,96,95,119,120,102,101,108,107,114,113
179488 XYXYXy XXXYYXYxyxy 120 2,6,1,12,15,17,20,23,3,28,31,33,4,22,35,5,30,37,39,41,7,25,43,8,9,45,47,49,10,14,51,11,36,13,34,16,57,18,59,19,44,21,42,24,65,26,67,27,52,29,50,32,72,71,75,76,60,38,58,40,56,55,83,84,68,46,66,48,88,87,91,92,53,54,95,96,64,63,99,100,61,62,101,102,79,80,105,106,69,70,93,94,73,74,81,82,77,78,113,114,97,98,85,86,107,108,89,90,117,118,109,110,104,103,111,112,120,119,115,116 4,7,10,14,1,18,22,2,26,30,3,29,23,5,32,20,27,25,6,13,39,8,16,37,19,17,9,46,15,11,48,12,53,55,54,56,21,45,24,47,61,63,62,64,40,31,38,28,69,71,70,72,35,33,36,34,77,79,78,80,43,41,44,42,85,87,86,88,51,49,52,50,75,76,74,73,59,57,60,58,83,84,82,81,67,65,68,66,91,92,90,89,109,110,111,112,99,100,98,97,115,116,105,106,104,103,117,118,94,93,96,95,119,120,102,101,108,107,114,113
179492 XYXYXy XXXYYXyxYxy 120 2,6,1,12,15,17,20,23,3,28,31,33,4,22,35,5,30,37,39,41,7,25,43,8,9,45,47,49,10,14,51,11,36,13,34,16,57,18,59,19,44,21,42,24,65,26,67,27,52,29,50,32,72,71,75,76,60,38,58,40,56,55,83,84,68,46,66,48,88,87,91,92,53,54,95,96,64,63,99,100,61,62,101,102,79,80,105,106,69,70,93,94,73,74,81,82,77,78,113,114,97,98,85,86,107,108,89,90,117,118,109,110,104,103,111,112,120,119,115,116 4,7,10,14,1,18,22,2,26,30,3,29,23,5,32,20,27,25,6,13,39,8,16,37,19,17,9,46,15,11,48,12,53,55,54,56,21,45,24,47,61,63,62,64,40,31,38,28,69,71,70,72,35,33,36,34,77,79,78,80,43,41,44,42,85,87,86,88,51,49,52,50,75,76,74,73,59,57,60,58,83,84,82,81,67,65,68,66,91,92,90,89,109,110,111,112,99,100,98,97,115,116,105,106,104,103,117,118,94,93,96,95,119,120,102,101,108,107,114,113
179494 XYXYXy XXXYYXyxyxY 120 2,6,1,12,15,17,20,23,3,28,31,33,4,22,35,5,30,37,39,41,7,25,43,8,9,45,47,49,10,14,51,11,36,13,34,16,57,18,59,19,44,21,42,24,65,26,67,27,52,29,50,32,72,71,75,76,60,38,58,40,56,55,83,84,68,46,66,48,88,87,91,92,53,54,95,96,64,63,99,100,61,62,101,102,79,80,105,106,69,70,93,94,73,74,81,82,77,78,113,114,97,98,85,86,107,108,89,90,117,118,109,110,104,103,111,112,120,119,115,116 4,7,10,14,1,18,22,2,26,30,3,29,23,5,32,20,27,25,6,13,39,8,16,37,19,17,9,46,15,11,48,12,53,55,54,56,21,45,24,47,61,63,62,64,40,31,38,28,69,71,70,72,35,33,36,34,77,79,78,80,43,41,44,42,85,87,86,88,51,49,52,50,75,76,74,73,59,57,60,58,83,84,82,81,67,65,68,66,91,92,90,89,109,110,111,112,99,100,98,97,115,116,105,106,104,103,117,118,94,93,96,95,119,120,102,101,108,107,114,113
179495 XYXYXy XXXYYXyyXYY 120 2,6,1,12,15,17,20,23,3,28,31,33,4,22,35,5,30,37,39,41,7,25,43,8,9,45,47,49,10,14,51,11,36,13,34,16,57,18,59,19,44,21,42,24,65,26,67,27,52,29,50,32,72,71,75,76,60,38,58,40,56,55,83,84,68,46,66,48,88,87,91,92,53,54,95,96,64,63,99,100,61,62,101,102,79,80,105,106,69,70,93,94,73,74,81,82,77,78,113,114,97,98,85,86,107,108,89,90,117,118,109,110,104,103,111,112,120,119,115,116 4,7,10,14,1,18,22,2,26,30,3,29,23,5,32,20,27,25,6,13,39,8,16,37,19,17,9,46,15,11,48,12,53,55,54,56,21,45,24,47,61,63,62,64,40,31,38,28,69,71,70,72,35,33,36,34,77,79,78,80,43,41,44,42,85,87,86,88,51,49,52,50,75,76,74,73,59,57,60,58,83,84,82,81,67,65,68,66,91,92,90,89,109,110,111,112,99,100,98,97,115,116,105,106,104,103,117,118,94,93,96,95,119,120,102,101,108,107,114,113
179500 XYXYXy XXXYYYYXXyy 120 2,6,1,12,15,17,20,23,3,28,31,33,4,22,35,5,30,37,39,41,7,25,43,8,9,45,47,49,10,14,51,11,36,13,34,16,57,18,59,19,44,21,42,24,65,26,67,27,52,29,50,32,72,71,75,76,60,38,58,40,56,55,83,84,68,46,66,48,88,87,91,92,53,54,95,96,64,63,99,100,61,62,101,102,79,80,105,106,69,70,93,94,73,74,81,82,77,78,113,114,97,98,85,86,107,108,89,90,117,118,109,110,104,103,111,112,120,119,115,116 4,7,10,14,1,18,22,2,26,30,3,29,23,5,32,20,27,25,6,13,39,8,16,37,19,17,9,46,15,11,48,12,53,55,54,56,21,45,24,47,61,63,62,64,40,31,38,28,69,71,70,72,35,33,36,34,77,79,78,80,43,41,44,42,85,87,86,88,51,49,52,50,75,76,74,73,59,57,60,58,83,84,82,81,67,65,68,66,91,92,90,89,109,110,111,112,99,100,98,97,115,116,105,106,104,103,117,118,94,93,96,95,119,120,102,101,108,107,114,113
179534 XYXYXy XXXYxYxYXyy 120 2,6,1,12,15,17,20,23,3,28,31,33,4,22,35,5,30,37,39,41,7,25,43,8,9,45,47,49,10,14,51,11,36,13,34,16,57,18,59,19,44,21,42,24,65,26,67,27,52,29,50,32,72,71,75,76,60,38,58,40,56,55,83,84,68,46,66,48,88,87,91,92,53,54,95,96,64,63,99,100,61,62,101,102,79,80,105,106,69,70,93,94,73,74,81,82,77,78,113,114,97,98,85,86,107,108,89,90,117,118,109,110,104,103,111,112,120,119,115,116 4,7,10,14,1,18,22,2,26,30,3,29,23,5,32,20,27,25,6,13,39,8,16,37,19,17,9,46,15,11,48,12,53,55,54,56,21,45,24,47,61,63,62,64,40,31,38,28,69,71,70,72,35,33,36,34,77,79,78,80,43,41,44,42,85,87,86,88,51,49,52,50,75,76,74,73,59,57,60,58,83,84,82,81,67,65,68,66,91,92,90,89,109,110,111,112,99,100,98,97,115,116,105,106,104,103,117,118,94,93,96,95,119,120,102,101,108,107,114,113
179536 XYXYXy XXXYxYxxyxy 120 2,6,1,12,15,17,20,23,3,28,31,33,4,22,35,5,30,37,39,41,7,25,43,8,9,45,47,49,10,14,51,11,36,13,34,16,57,18,59,19,44,21,42,24,65,26,67,27,52,29,50,32,72,71,75,76,60,38,58,40,56,55,83,84,68,46,66,48,88,87,91,92,53,54,95,96,64,63,99,100,61,62,101,102,79,80,105,106,69,70,93,94,73,74,81,82,77,78,113,114,97,98,85,86,107,108,89,90,117,118,109,110,104,103,111,112,120,119,115,116 4,7,10,14,1,18,22,2,26,30,3,29,23,5,32,20,27,25,6,13,39,8,16,37,19,17,9,46,15,11,48,12,53,55,54,56,21,45,24,47,61,63,62,64,40,31,38,28,69,71,70,72,35,33,36,34,77,79,78,80,43,41,44,42,85,87,86,88,51,49,52,50,75,76,74,73,59,57,60,58,83,84,82,81,67,65,68,66,91,92,90,89,109,110,111,112,99,100,98,97,115,116,105,106,104,103,117,118,94,93,96,95,119,120,102,101,108,107,114,113
179559 XYXYXy XXXYxyxxYxy 120 2,6,1,12,15,17,20,23,3,28,31,33,4,22,35,5,30,37,39,41,7,25,43,8,9,45,47,49,10,14,51,11,36,13,34,16,57,18,59,19,44,21,42,24,65,26,67,27,52,29,50,32,72,71,75,76,60,38,58,40,56,55,83,84,68,46,66,48,88,87,91,92,53,54,95,96,64,63,99,100,61,62,101,102,79,80,105,106,69,70,93,94,73,74,81,82,77,78,113,114,97,98,85,86,107,108,89,90,117,118,109,110,104,103,111,112,120,119,115,116 4,7,10,14,1,18,22,2,26,30,3,29,23,5,32,20,27,25,6,13,39,8,16,37,19,17,9,46,15,11,48,12,53,55,54,56,21,45,24,47,61,63,62,64,40,31,38,28,69,71,70,72,35,33,36,34,77,79,78,80,43,41,44,42,85,87,86,88,51,49,52,50,75,76,74,73,59,57,60,58,83,84,82,81,67,65,68,66,91,92,90,89,109,110,111,112,99,100,98,97,115,116,105,106,104,103,117,118,94,93,96,95,119,120,102,101,108,107,114,113
179560 XYXYXy XXXYxyxxyxY 120 2,6,1,12,15,17,20,23,3,28,31,33,4,22,35,5,30,37,39,41,7,25,43,8,9,45,47,49,10,14,51,11,36,13,34,16,57,18,59,19,44,21,42,24,65,26,67,27,52,29,50,32,72,71,75,76,60,38,58,40,56,55,83,84,68,46,66,48,88,87,91,92,53,54,95,96,64,63,99,100,61,62,101,102,79,80,105,106,69,70,93,94,73,74,81,82,77,78,113,114,97,98,85,86,107,108,89,90,117,118,109,110,104,103,111,112,120,119,115,116 4,7,10,14,1,18,22,2,26,30,3,29,23,5,32,20,27,25,6,13,39,8,16,37,19,17,9,46,15,11,48,12,53,55,54,56,21,45,24,47,61,63,62,64,40,31,38,28,69,71,70,72,35,33,36,34,77,79,78,80,43,41,44,42,85,87,86,88,51,49,52,50,75,76,74,73,59,57,60,58,83,84,82,81,67,65,68,66,91,92,90,89,109,110,111,112,99,100,98,97,115,116,105,106,104,103,117,118,94,93,96,95,119,120,102,101,108,107,114,113
179575 XYXYXy XXXyxYxxYxy 120 2,6,1,12,15,17,20,23,3,28,31,33,4,22,35,5,30,37,39,41,7,25,43,8,9,45,47,49,10,14,51,11,36,13,34,16,57,18,59,19,44,21,42,24,65,26,67,27,52,29,50,32,72,71,75,76,60,38,58,40,56,55,83,84,68,46,66,48,88,87,91,92,53,54,95,96,64,63,99,100,61,62,101,102,79,80,105,106,69,70,93,94,73,74,81,82,77,78,113,114,97,98,85,86,107,108,89,90,117,118,109,110,104,103,111,112,120,119,115,116 4,7,10,14,1,18,22,2,26,30,3,29,23,5,32,20,27,25,6,13,39,8,16,37,19,17,9,46,15,11,48,12,53,55,54,56,21,45,24,47,61,63,62,64,40,31,38,28,69,71,70,72,35,33,36,34,77,79,78,80,43,41,44,42,85,87,86,88,51,49,52,50,75,76,74,73,59,57,60,58,83,84,82,81,67,65,68,66,91,92,90,89,109,110,111,112,99,100,98,97,115,116,105,106,104,103,117,118,94,93,96,95,119,120,102,101,108,107,114,113
179674 XYXYXy XXYYXXYYXyy 120 2,6,1,12,15,17,20,23,3,28,31,33,4,22,35,5,30,37,39,41,7,25,43,8,9,45,47,49,10,14,51,11,36,13,34,16,57,18,59,19,44,21,42,24,65,26,67,27,52,29,50,32,72,71,75,76,60,38,58,40,56,55,83,84,68,46,66,48,88,87,91,92,53,54,95,96,64,63,99,100,61,62,101,102,79,80,105,106,69,70,93,94,73,74,81,82,77,78,113,114,97,98,85,86,107,108,89,90,117,118,109,110,104,103,111,112,120,119,115,116 4,7,10,14,1,18,22,2,26,30,3,29,23,5,32,20,27,25,6,13,39,8,16,37,19,17,9,46,15,11,48,12,53,55,54,56,21,45,24,47,61,63,62,64,40,31,38,28,69,71,70,72,35,33,36,34,77,79,78,80,43,41,44,42,85,87,86,88,51,49,52,50,75,76,74,73,59,57,60,58,83,84,82,81,67,65,68,66,91,92,90,89,109,110,111,112,99,100,98,97,115,116,105,106,104,103,117,118,94,93,96,95,119,120,102,101,108,107,114,113
179677 XYXYXy XXYYXXYxyxy 120 2,6,1,12,15,17,20,23,3,28,31,33,4,22,35,5,30,37,39,41,7,25,43,8,9,45,47,49,10,14,51,11,36,13,34,16,57,18,59,19,44,21,42,24,65,26,67,27,52,29,50,32,72,71,75,76,60,38,58,40,56,55,83,84,68,46,66,48,88,87,91,92,53,54,95,96,64,63,99,100,61,62,101,102,79,80,105,106,69,70,93,94,73,74,81,82,77,78,113,114,97,98,85,86,107,108,89,90,117,118,109,110,104,103,111,112,120,119,115,116 4,7,10,14,1,18,22,2,26,30,3,29,23,5,32,20,27,25,6,13,39,8,16,37,19,17,9,46,15,11,48,12,53,55,54,56,21,45,24,47,61,63,62,64,40,31,38,28,69,71,70,72,35,33,36,34,77,79,78,80,43,41,44,42,85,87,86,88,51,49,52,50,75,76,74,73,59,57,60,58,83,84,82,81,67,65,68,66,91,92,90,89,109,110,111,112,99,100,98,97,115,116,105,106,104,103,117,118,94,93,96,95,119,120,102,101,108,107,114,113
179679 XYXYXy XXYYXXyxYxy 120 2,6,1,12,15,17,20,23,3,28,31,33,4,22,35,5,30,37,39,41,7,25,43,8,9,45,47,49,10,14,51,11,36,13,34,16,57,18,59,19,44,21,42,24,65,26,67,27,52,29,50,32,72,71,75,76,60,38,58,40,56,55,83,84,68,46,66,48,88,87,91,92,53,54,95,96,64,63,99,100,61,62,101,102,79,80,105,106,69,70,93,94,73,74,81,82,77,78,113,114,97,98,85,86,107,108,89,90,117,118,109,110,104,103,111,112,120,119,115,116 4,7,10,14,1,18,22,2,26,30,3,29,23,5,32,20,27,25,6,13,39,8,16,37,19,17,9,46,15,11,48,12,53,55,54,56,21,45,24,47,61,63,62,64,40,31,38,28,69,71,70,72,35,33,36,34,77,79,78,80,43,41,44,42,85,87,86,88,51,49,52,50,75,76,74,73,59,57,60,58,83,84,82,81,67,65,68,66,91,92,90,89,109,110,111,112,99,100,98,97,115,116,105,106,104,103,117,118,94,93,96,95,119,120,102,101,108,107,114,113
179682 XYXYXy XXYYXYYXXyy 120 2,6,1,12,15,17,20,23,3,28,31,33,4,22,35,5,30,37,39,41,7,25,43,8,9,45,47,49,10,14,51,11,36,13,34,16,57,18,59,19,44,21,42,24,65,26,67,27,52,29,50,32,72,71,75,76,60,38,58,40,56,55,83,84,68,46,66,48,88,87,91,92,53,54,95,96,64,63,99,100,61,62,101,102,79,80,105,106,69,70,93,94,73,74,81,82,77,78,113,114,97,98,85,86,107,108,89,90,117,118,109,110,104,103,111,112,120,119,115,116 4,7,10,14,1,18,22,2,26,30,3,29,23,5,32,20,27,25,6,13,39,8,16,37,19,17,9,46,15,11,48,12,53,55,54,56,21,45,24,47,61,63,62,64,40,31,38,28,69,71,70,72,35,33,36,34,77,79,78,80,43,41,44,42,85,87,86,88,51,49,52,50,75,76,74,73,59,57,60,58,83,84,82,81,67,65,68,66,91,92,90,89,109,110,111,112,99,100,98,97,115,116,105,106,104,103,117,118,94,93,96,95,119,120,102,101,108,107,114,113
179781 XYXYXy XXYxYxYXXyy 120 2,6,1,12,15,17,20,23,3,28,31,33,4,22,35,5,30,37,39,41,7,25,43,8,9,45,47,49,10,14,51,11,36,13,34,16,57,18,59,19,44,21,42,24,65,26,67,27,52,29,50,32,72,71,75,76,60,38,58,40,56,55,83,84,68,46,66,48,88,87,91,92,53,54,95,96,64,63,99,100,61,62,101,102,79,80,105,106,69,70,93,94,73,74,81,82,77,78,113,114,97,98,85,86,107,108,89,90,117,118,109,110,104,103,111,112,120,119,115,116 4,7,10,14,1,18,22,2,26,30,3,29,23,5,32,20,27,25,6,13,39,8,16,37,19,17,9,46,15,11,48,12,53,55,54,56,21,45,24,47,61,63,62,64,40,31,38,28,69,71,70,72,35,33,36,34,77,79,78,80,43,41,44,42,85,87,86,88,51,49,52,50,75,76,74,73,59,57,60,58,83,84,82,81,67,65,68,66,91,92,90,89,109,110,111,112,99,100,98,97,115,116,105,106,104,103,117,118,94,93,96,95,119,120,102,101,108,107,114,113
181189 XYXyxy XXXXXXyxyxy 8 1,4,7,3,2,8,6,5 2,6,1,4,8,7,5,3
181191 XYXyxy XXXXXXyyxyy 8 1,4,7,3,2,8,6,5 2,6,1,4,8,7,5,3
181213 XYXyxy XXXXXyxyyxy 120 2,6,1,12,15,18,21,24,3,30,33,36,4,39,42,5,45,48,50,52,54,7,41,57,8,43,9,25,37,20,10,68,22,11,70,72,13,32,75,14,78,19,80,16,83,17,35,88,90,79,56,94,58,96,23,98,49,100,26,27,66,28,53,29,105,31,63,95,34,76,65,111,38,107,112,40,74,113,114,92,84,44,55,109,46,47,64,60,103,99,93,51,117,89,118,108,77,120,104,115,81,59,61,62,73,67,119,69,116,71,87,86,85,82,91,97,106,110,101,102 4,7,10,14,1,19,23,2,28,32,3,21,38,41,22,25,5,49,51,6,50,40,56,42,30,8,44,63,9,12,67,39,13,16,11,18,31,74,54,77,79,55,15,59,33,26,17,89,91,90,93,57,20,48,97,99,92,24,53,69,27,102,68,34,29,62,107,36,46,37,35,94,106,78,72,73,98,96,88,83,43,85,76,45,101,81,47,87,71,103,65,116,61,115,52,111,117,114,60,80,58,119,64,82,66,120,75,86,70,84,110,118,112,108,109,105,104,100,95,113
181254 XYXyxy XXXXYxyxxxy 120 2,6,1,12,15,18,21,24,3,30,33,36,4,39,42,5,45,48,50,52,54,7,41,57,8,43,9,25,37,20,10,68,22,11,70,72,13,32,75,14,78,19,80,16,83,17,35,88,90,79,56,94,58,96,23,98,49,100,26,27,66,28,53,29,105,31,63,95,34,76,65,111,38,107,112,40,74,113,114,92,84,44,55,109,46,47,64,60,103,99,93,51,117,89,118,108,77,120,104,115,81,59,61,62,73,67,119,69,116,71,87,86,85,82,91,97,106,110,101,102 4,7,10,14,1,19,23,2,28,32,3,21,38,41,22,25,5,49,51,6,50,40,56,42,30,8,44,63,9,12,67,39,13,16,11,18,31,74,54,77,79,55,15,59,33,26,17,89,91,90,93,57,20,48,97,99,92,24,53,69,27,102,68,34,29,62,107,36,46,37,35,94,106,78,72,73,98,96,88,83,43,85,76,45,101,81,47,87,71,103,65,116,61,115,52,111,117,114,60,80,58,119,64,82,66,120,75,86,70,84,110,118,112,108,109,105,104,100,95,113
181281 XYXyxy XXXXyXyxyyy 120 2,6,1,12,15,18,21,24,3,30,33,36,4,39,42,5,45,48,50,52,54,7,41,57,8,43,9,25,37,20,10,68,22,11,70,72,13,32,75,14,78,19,80,16,83,17,35,88,90,79,56,94,58,96,23,98,49,100,26,27,66,28,53,29,105,31,63,95,34,76,65,111,38,107,112,40,74,113,114,92,84,44,55,109,46,47,64,60,103,99,93,51,117,89,118,108,77,120,104,115,81,59,61,62,73,67,119,69,116,71,87,86,85,82,91,97,106,110,101,102 4,7,10,14,1,19,23,2,28,32,3,21,38,41,22,25,5,49,51,6,50,40,56,42,30,8,44,63,9,12,67,39,13,16,11,18,31,74,54,77,79,55,15,59,33,26,17,89,91,90,93,57,20,48,97,99,92,24,53,69,27,102,68,34,29,62,107,36,46,37,35,94,106,78,72,73,98,96,88,83,43,85,76,45,101,81,47,87,71,103,65,116,61,115,52,111,117,114,60,80,58,119,64,82,66,120,75,86,70,84,110,118,112,108,109,105,104,100,95,113
181306 XYXyxy XXXXyyXyXyy 336 2,6,1,12,15,18,21,24,3,30,33,36,4,39,42,5,45,27,50,53,56,7,59,62,8,65,9,70,73,76,10,79,82,11,85,88,13,92,95,14,98,100,102,16,107,17,110,112,115,118,19,121,124,20,127,130,22,134,137,23,140,142,144,25,149,26,152,154,157,160,28,163,166,29,139,171,31,175,177,32,180,182,184,34,189,35,191,90,131,37,195,198,38,151,146,40,205,162,41,105,209,170,43,213,44,148,216,114,46,220,47,222,48,225,227,49,179,231,51,210,208,52,93,237,111,54,242,55,244,132,232,57,185,183,58,243,240,60,254,78,61,147,258,87,63,203,64,172,200,156,66,265,67,215,68,269,271,69,97,275,71,278,280,72,282,202,284,74,75,286,173,89,77,289,291,109,104,80,294,268,81,187,297,274,83,299,84,106,300,86,302,247,116,169,167,91,307,309,264,94,261,246,96,313,314,99,221,316,318,101,308,103,178,322,250,176,204,108,119,326,256,199,113,259,257,135,329,153,117,306,219,188,120,317,122,123,241,295,125,252,126,251,128,290,129,168,158,133,298,333,136,138,324,323,141,266,335,283,143,145,336,253,150,223,277,331,155,332,305,233,293,245,159,334,276,161,330,315,190,186,164,224,165,230,321,320,193,273,272,174,255,214,192,310,181,303,328,319,281,279,262,260,207,194,285,196,249,197,236,234,201,235,301,327,206,312,229,270,211,212,263,311,304,217,218,239,288,226,287,228,296,238,267,248,325,292 4,7,10,14,1,19,23,2,28,32,3,21,38,41,22,25,5,48,52,6,50,58,61,51,54,8,68,72,9,12,78,81,13,16,11,89,91,94,56,97,47,60,15,66,57,103,17,114,18,112,120,123,113,116,20,131,133,136,118,139,67,122,24,128,119,145,26,156,27,30,162,165,31,34,29,172,174,176,36,179,87,40,33,46,37,185,35,192,193,194,197,39,199,201,202,204,161,130,207,141,42,138,210,43,153,44,135,45,177,132,218,154,224,226,155,158,49,232,212,234,222,85,129,108,53,229,223,239,55,246,247,190,249,59,250,214,182,253,77,231,256,236,62,235,259,63,245,64,233,65,95,219,263,70,268,270,71,74,69,148,277,279,76,127,170,80,73,86,195,75,287,126,288,211,79,292,293,262,267,88,296,99,82,96,134,83,111,84,93,280,90,102,273,305,92,220,143,166,105,310,186,181,312,242,98,209,306,100,255,121,101,319,252,104,106,251,107,324,109,248,110,188,260,327,215,230,150,115,330,117,187,168,275,261,313,331,328,124,332,125,284,282,137,264,281,144,169,265,238,147,314,325,294,140,258,334,142,309,225,308,146,149,301,151,320,152,326,304,160,274,164,157,289,159,241,317,298,163,311,329,217,171,266,178,167,173,184,257,175,302,271,285,283,180,297,244,206,183,203,200,189,196,191,336,237,333,198,291,295,323,335,321,205,300,227,228,208,221,315,290,213,240,216,254,299,307,322,303,318,278,286,269,243,276,272,316
181452 XYXyxy XXXYxyxxYxy 120 2,6,1,12,15,18,21,24,3,30,33,36,4,39,42,5,45,48,50,52,54,7,41,57,8,43,9,25,37,20,10,68,22,11,70,72,13,32,75,14,78,19,80,16,83,17,35,88,90,79,56,94,58,96,23,98,49,100,26,27,66,28,53,29,105,31,63,95,34,76,65,111,38,107,112,40,74,113,114,92,84,44,55,109,46,47,64,60,103,99,93,51,117,89,118,108,77,120,104,115,81,59,61,62,73,67,119,69,116,71,87,86,85,82,91,97,106,110,101,102 4,7,10,14,1,19,23,2,28,32,3,21,38,41,22,25,5,49,51,6,50,40,56,42,30,8,44,63,9,12,67,39,13,16,11,18,31,74,54,77,79,55,15,59,33,26,17,89,91,90,93,57,20,48,97,99,92,24,53,69,27,102,68,34,29,62,107,36,46,37,35,94,106,78,72,73,98,96,88,83,43,85,76,45,101,81,47,87,71,103,65,116,61,115,52,111,117,114,60,80,58,119,64,82,66,120,75,86,70,84,110,118,112,108,109,105,104,100,95,113
181524 XYXyxy XXXyxYXyxyy 120 2,6,1,12,15,18,21,24,3,30,33,36,4,39,42,5,45,48,50,52,54,7,41,57,8,43,9,25,37,20,10,68,22,11,70,72,13,32,75,14,78,19,80,16,83,17,35,88,90,79,56,94,58,96,23,98,49,100,26,27,66,28,53,29,105,31,63,95,34,76,65,111,38,107,112,40,74,113,114,92,84,44,55,109,46,47,64,60,103,99,93,51,117,89,118,108,77,120,104,115,81,59,61,62,73,67,119,69,116,71,87,86,85,82,91,97,106,110,101,102 4,7,10,14,1,19,23,2,28,32,3,21,38,41,22,25,5,49,51,6,50,40,56,42,30,8,44,63,9,12,67,39,13,16,11,18,31,74,54,77,79,55,15,59,33,26,17,89,91,90,93,57,20,48,97,99,92,24,53,69,27,102,68,34,29,62,107,36,46,37,35,94,106,78,72,73,98,96,88,83,43,85,76,45,101,81,47,87,71,103,65,116,61,115,52,111,117,114,60,80,58,119,64,82,66,120,75,86,70,84,110,118,112,108,109,105,104,100,95,113
181594 XYXyxy XXYXYxyyxxy 120 2,6,1,12,15,18,21,24,3,30,33,36,4,39,42,5,45,48,50,52,54,7,41,57,8,43,9,25,37,20,10,68,22,11,70,72,13,32,75,14,78,19,80,16,83,17,35,88,90,79,56,94,58,96,23,98,49,100,26,27,66,28,53,29,105,31,63,95,34,76,65,111,38,107,112,40,74,113,114,92,84,44,55,109,46,47,64,60,103,99,93,51,117,89,118,108,77,120,104,115,81,59,61,62,73,67,119,69,116,71,87,86,85,82,91,97,106,110,101,102 4,7,10,14,1,19,23,2,28,32,3,21,38,41,22,25,5,49,51,6,50,40,56,42,30,8,44,63,9,12,67,39,13,16,11,18,31,74,54,77,79,55,15,59,33,26,17,89,91,90,93,57,20,48,97,99,92,24,53,69,27,102,68,34,29,62,107,36,46,37,35,94,106,78,72,73,98,96,88,83,43,85,76,45,101,81,47,87,71,103,65,116,61,115,52,111,117,114,60,80,58,119,64,82,66,120,75,86,70,84,110,118,112,108,109,105,104,100,95,113
181617 XYXyxy XXYXyxxYXyy 120 2,6,1,12,15,18,21,24,3,30,33,36,4,39,42,5,45,48,50,52,54,7,41,57,8,43,9,25,37,20,10,68,22,11,70,72,13,32,75,14,78,19,80,16,83,17,35,88,90,79,56,94,58,96,23,98,49,100,26,27,66,28,53,29,105,31,63,95,34,76,65,111,38,107,112,40,74,113,114,92,84,44,55,109,46,47,64,60,103,99,93,51,117,89,118,108,77,120,104,115,81,59,61,62,73,67,119,69,116,71,87,86,85,82,91,97,106,110,101,102 4,7,10,14,1,19,23,2,28,32,3,21,38,41,22,25,5,49,51,6,50,40,56,42,30,8,44,63,9,12,67,39,13,16,11,18,31,74,54,77,79,55,15,59,33,26,17,89,91,90,93,57,20,48,97,99,92,24,53,69,27,102,68,34,29,62,107,36,46,37,35,94,106,78,72,73,98,96,88,83,43,85,76,45,101,81,47,87,71,103,65,116,61,115,52,111,117,114,60,80,58,119,64,82,66,120,75,86,70,84,110,118,112,108,109,105,104,100,95,113
181667 XYXyxy XXYYXyyXyxy 120 2,6,1,12,15,18,21,24,3,30,33,36,4,39,42,5,45,48,50,52,54,7,41,57,8,43,9,25,37,20,10,68,22,11,70,72,13,32,75,14,78,19,80,16,83,17,35,88,90,79,56,94,58,96,23,98,49,100,26,27,66,28,53,29,105,31,63,95,34,76,65,111,38,107,112,40,74,113,114,92,84,44,55,109,46,47,64,60,103,99,93,51,117,89,118,108,77,120,104,115,81,59,61,62,73,67,119,69,116,71,87,86,85,82,91,97,106,110,101,102 4,7,10,14,1,19,23,2,28,32,3,21,38,41,22,25,5,49,51,6,50,40,56,42,30,8,44,63,9,12,67,39,13,16,11,18,31,74,54,77,79,55,15,59,33,26,17,89,91,90,93,57,20,48,97,99,92,24,53,69,27,102,68,34,29,62,107,36,46,37,35,94,106,78,72,73,98,96,88,83,43,85,76,45,101,81,47,87,71,103,65,116,61,115,52,111,117,114,60,80,58,119,64,82,66,120,75,86,70,84,110,118,112,108,109,105,104,100,95,113
181690 XYXyxy XXYxYXyXyxy 120 2,6,1,12,15,18,21,24,3,30,33,36,4,39,42,5,45,48,50,52,54,7,41,57,8,43,9,25,37,20,10,68,22,11,70,72,13,32,75,14,78,19,80,16,83,17,35,88,90,79,56,94,58,96,23,98,49,100,26,27,66,28,53,29,105,31,63,95,34,76,65,111,38,107,112,40,74,113,114,92,84,44,55,109,46,47,64,60,103,99,93,51,117,89,118,108,77,120,104,115,81,59,61,62,73,67,119,69,116,71,87,86,85,82,91,97,106,110,101,102 4,7,10,14,1,19,23,2,28,32,3,21,38,41,22,25,5,49,51,6,50,40,56,42,30,8,44,63,9,12,67,39,13,16,11,18,31,74,54,77,79,55,15,59,33,26,17,89,91,90,93,57,20,48,97,99,92,24,53,69,27,102,68,34,29,62,107,36,46,37,35,94,106,78,72,73,98,96,88,83,43,85,76,45,101,81,47,87,71,103,65,116,61,115,52,111,117,114,60,80,58,119,64,82,66,120,75,86,70,84,110,118,112,108,109,105,104,100,95,113
181693 XYXyxy XXYxYXyxyxY 120 2,6,1,12,15,18,21,24,3,30,33,36,4,39,42,5,45,48,50,52,54,7,41,57,8,43,9,25,37,20,10,68,22,11,70,72,13,32,75,14,78,19,80,16,83,17,35,88,90,79,56,94,58,96,23,98,49,100,26,27,66,28,53,29,105,31,63,95,34,76,65,111,38,107,112,40,74,113,114,92,84,44,55,109,46,47,64,60,103,99,93,51,117,89,118,108,77,120,104,115,81,59,61,62,73,67,119,69,116,71,87,86,85,82,91,97,106,110,101,102 4,7,10,14,1,19,23,2,28,32,3,21,38,41,22,25,5,49,51,6,50,40,56,42,30,8,44,63,9,12,67,39,13,16,11,18,31,74,54,77,79,55,15,59,33,26,17,89,91,90,93,57,20,48,97,99,92,24,53,69,27,102,68,34,29,62,107,36,46,37,35,94,106,78,72,73,98,96,88,83,43,85,76,45,101,81,47,87,71,103,65,116,61,115,52,111,117,114,60,80,58,119,64,82,66,120,75,86,70,84,110,118,112,108,109,105,104,100,95,113
181722 XYXyxy XXYxYxyxYxY 120 2,6,1,12,15,18,21,24,3,30,33,36,4,39,42,5,45,48,50,52,54,7,41,57,8,43,9,25,37,20,10,68,22,11,70,72,13,32,75,14,78,19,80,16,83,17,35,88,90,79,56,94,58,96,23,98,49,100,26,27,66,28,53,29,105,31,63,95,34,76,65,111,38,107,112,40,74,113,114,92,84,44,55,109,46,47,64,60,103,99,93,51,117,89,118,108,77,120,104,115,81,59,61,62,73,67,119,69,116,71,87,86,85,82,91,97,106,110,101,102 4,7,10,14,1,19,23,2,28,32,3,21,38,41,22,25,5,49,51,6,50,40,56,42,30,8,44,63,9,12,67,39,13,16,11,18,31,74,54,77,79,55,15,59,33,26,17,89,91,90,93,57,20,48,97,99,92,24,53,69,27,102,68,34,29,62,107,36,46,37,35,94,106,78,72,73,98,96,88,83,43,85,76,45,101,81,47,87,71,103,65,116,61,115,52,111,117,114,60,80,58,119,64,82,66,120,75,86,70,84,110,118,112,108,109,105,104,100,95,113
181727 XYXyxy XXYxxYXXyxy 120 2,6,1,12,15,18,21,24,3,30,33,36,4,39,42,5,45,48,50,52,54,7,41,57,8,43,9,25,37,20,10,68,22,11,70,72,13,32,75,14,78,19,80,16,83,17,35,88,90,79,56,94,58,96,23,98,49,100,26,27,66,28,53,29,105,31,63,95,34,76,65,111,38,107,112,40,74,113,114,92,84,44,55,109,46,47,64,60,103,99,93,51,117,89,118,108,77,120,104,115,81,59,61,62,73,67,119,69,116,71,87,86,85,82,91,97,106,110,101,102 4,7,10,14,1,19,23,2,28,32,3,21,38,41,22,25,5,49,51,6,50,40,56,42,30,8,44,63,9,12,67,39,13,16,11,18,31,74,54,77,79,55,15,59,33,26,17,89,91,90,93,57,20,48,97,99,92,24,53,69,27,102,68,34,29,62,107,36,46,37,35,94,106,78,72,73,98,96,88,83,43,85,76,45,101,81,47,87,71,103,65,116,61,115,52,111,117,114,60,80,58,119,64,82,66,120,75,86,70,84,110,118,112,108,109,105,104,100,95,113
181819 XYXyxy XXyXyXyXXyy 120 2,6,1,12,15,9,20,23,3,28,31,34,4,37,39,5,42,44,47,50,7,53,55,8,58,60,63,66,10,69,71,11,74,35,13,78,81,14,41,85,16,89,17,92,18,86,77,19,97,51,21,75,72,22,57,104,24,107,25,109,26,105,100,27,112,67,29,98,95,30,73,102,32,101,33,99,96,65,36,114,82,38,90,61,94,40,80,76,91,117,43,93,45,46,115,48,113,49,118,111,52,54,83,110,56,87,108,59,84,62,64,79,68,120,70,88,119,116,103,106 4,7,10,14,1,18,22,2,26,30,3,20,36,17,21,24,5,46,6,44,52,25,45,48,8,62,9,12,68,33,13,16,11,76,77,80,50,83,54,15,59,51,86,60,91,49,61,64,19,99,100,87,92,103,94,23,98,93,105,28,108,65,29,32,27,88,55,114,34,90,38,31,43,35,53,57,110,37,113,72,63,115,58,39,102,109,40,41,101,42,106,118,71,119,47,78,84,69,96,70,79,82,97,85,66,56,89,120,116,117,75,67,107,81,104,73,74,111,112,95
