2026-09-11 18:09:56 rescue-lix d9a4490a7744aa8d631d67eb86f9387a01be3f40 notes/lix-stronger-lane-reports/sp-cupone.md notes/lix-stronger-lane-reports/sp-descent.md notes/lix-stronger-lane-reports/sp-endpoint.md notes/lix-stronger-lane-reports/sp-evenside-n.md notes/lix-stronger-lane-reports/sp-lh.md notes/lix-stronger-lane-reports/sp-oddside-n.md notes/lix-stronger-lane-reports/sp-relhomotopy.md notes/lix-stronger-lane-reports/sp-thom.md notes/lix-stronger-lane-reports/tools/check_general.py notes/lix-stronger-lane-reports/tools/descent_ext.py notes/lix-stronger-lane-reports/tools/descent_lemmas.py
2026-09-11 18:32:45 census ec5dd716e9f60bbd184b4e67e6089ae7316dd393 metadata/NON_MF_SENTENCE_MAP.tsv metadata/NON_MF_CENSUS_CONDITIONAL_BASELINE.txt metadata/NON_MF_SENTENCE_CENSUS.tsv metadata/NON_MF_SENTENCE_CENSUS.md
2026-09-11 18:54:22 kh-hyperbolic c54e3a03d340c02867552998b37124511cda0082 experiments/w8_triangle_search/README.md experiments/w8_triangle_search/w8model.py experiments/w8_triangle_search/w8encode.py experiments/w8_triangle_search/w8decode.py experiments/w8_triangle_search/run_search.sbatch
2026-09-11 19:17:25 rescue-lix 8cdb6b3fb9b39fed60800fd771edd3db2053d9cb GroupApproximation/Analysis/LIXLemmaSixFrameGeneric.lean GroupApproximation/Analysis/LIXPowersAngle.lean GroupApproximation/CharClass/KroneckerContractible.lean GroupApproximation/CharClass/KroneckerEquiv.lean GroupApproximation/CharClass/LIXKCount.lean GroupApproximation/CharClass/LIXKGenMap.lean GroupApproximation/CharClass/LIXKGenSection.lean GroupApproximation/CharClass/LIXKMap.lean GroupApproximation/CharClass/LIXKSection.lean GroupApproximation/CharClass/OddPDescentClifford.lean GroupApproximation/CharClass/OddPDescentComplex.lean GroupApproximation/CharClass/OddPDescentPairing.lean GroupApproximation/CharClass/OddPDescentShift.lean GroupApproximation/CharClass/OddPDescentWord.lean GroupApproximation/CharClass/ParityPAxiomGuard.lean GroupApproximation/CharClass/ParityPCoeffBridge.lean
2026-09-11 19:23:25 sec2-sentences 1b3021bfe277111082c5d3a562e6c5de34e240e2 GroupApproximation/Manuscript/NonMFSentences/CompressionSentencesA.lean GroupApproximation/Manuscript/NonMFSentences/CompressionSentencesB2.lean GroupApproximation/Manuscript/NonMFSentences/TransportCharacterizationIffSentence.lean GroupApproximation/Manuscript/NonMFSentences/CentralCoronaCornerRanks.lean GroupApproximation/Manuscript/NonMFSentences/HSOperatorNormGapSentences.lean GroupApproximation/Manuscript/NonMFSentences/NormalKazhdanUltrafilterRoute.lean GroupApproximation/Manuscript/NonMFSentences/KazhdanProjectionExistenceSentence.lean GroupApproximation/Manuscript/NonMFSentences/MFRadicalQuotientBlockSumSentences.lean GroupApproximation/Manuscript/NonMFSentences/HSNullNormalSubgroupSentences.lean
2026-09-11 19:23:38 hull-bridge b9d6e90f091763a039a0f363579c5e788171ff8c GroupApproximation/GGT/HullSCLemma51QuasiGeodesicTransfer.lean GroupApproximation/GGT/HullSCLemma44DehnTransferRefutation.lean GroupApproximation/GGT/HullSCLemma51EmbeddedBridge.lean GroupApproximation/GGT/HullSCLemma44BoundedBridge.lean GroupApproximation/GGT/HullSCLemma44BoundedFamilyBridge.lean GroupApproximation/Algebra/DiscreteStokes.lean GroupApproximation/Algebra/DiscreteStokesArea.lean GroupApproximation/Algebra/DiscreteStokesPaths.lean GroupApproximation/Algebra/LinearStokesQuadrangle.lean GroupApproximation/Algebra/CayleyPathVertices.lean GroupApproximation/Algebra/BowditchH4.lean GroupApproximation/Algebra/BowditchFellowTraveller.lean GroupApproximation/Algebra/BowditchCorner.lean
2026-09-11 19:23:59 simple-group 4491fd865d87320628136d320395bfb663468489 GroupApproximation/GroupTheory/HigmanThompson/GridAffine.lean GroupApproximation/GroupTheory/DoubleCosetFinitePresentation.lean GroupApproximation/GroupTheory/HigmanThompson/Generators.lean GroupApproximation/GroupTheory/HigmanThompson/BrownPresentation.lean GroupApproximation/GroupTheory/HigmanThompson/UniformWords.lean GroupApproximation/GroupTheory/HigmanThompson/GeometricF.lean GroupApproximation/GroupTheory/HigmanThompson/CompactE.lean GroupApproximation/GroupTheory/HigmanThompson/CompactConj.lean GroupApproximation/GroupTheory/HydeLodha/StrictMonoTorsionFree.lean GroupApproximation/GroupTheory/HigmanThompson/CompactTrunc.lean
2026-09-11 19:24:07 hull-select 63fba645d091e27fdb71e34fe09af245fe45c685 GroupApproximation/GGT/VanKampen/Estimating/SelectionOrderedDichotomy.lean GroupApproximation/GGT/VanKampen/SurgeryGCellCollapse.lean GroupApproximation/GGT/VanKampen/Estimating/OsinAppendixSections.lean GroupApproximation/GGT/VanKampen/Estimating/OsinAppendixSectionBridge.lean GroupApproximation/GGT/VanKampen/Estimating/OsinAppendixSectionDarts.lean GroupApproximation/GGT/VanKampen/Estimating/OsinAppendixSectionCounting.lean GroupApproximation/GGT/VanKampen/Estimating/OsinAppendixSectionPieces.lean GroupApproximation/GGT/VanKampen/Estimating/OsinAppendixLeastAreaCut.lean GroupApproximation/GGT/VanKampen/Estimating/OsinAppendixSectionInterior.lean GroupApproximation/GGT/VanKampen/ShelledDiscDiagram.lean GroupApproximation/GGT/VanKampen/Estimating/OsinAppendixSectionMultipleEdge.lean GroupApproximation/GGT/VanKampen/Estimating/OsinAppendixSectionInduction.lean
2026-09-11 19:24:09 hull-select-attic fec8c3352db3c1ad81bec05d42f12cce3dfe726e GroupApproximation/GGT/VanKampen/Estimating/SelectionDichotomy.lean
2026-09-11 19:24:21 sec5-sentences-attic 9298cc060988d432979d2bd74d56e3d76ddf4aa8 GroupApproximation/Manuscript/NonMF/TorsionFreeSaturationFromCorrected.lean
2026-09-11 19:24:25 sec5-sentences 89fb5c8a761b547b67c10da4794466b0b4ff1161 GroupApproximation/GGT/HullSCRelativeLeastAreaDiagram.lean GroupApproximation/GGT/HullSCLemma49LeastAreaPowerDiagram.lean
2026-09-11 19:24:29 sec5-sentences 5c9d75b10dd74977b30a42402e7ce9d078fd24dd GroupApproximation/Manuscript/NonMF/TorsionFreeLeafAssembly.lean GroupApproximation/Manuscript/NonMF/TorsionFreeSectionSentences.lean
2026-09-11 19:24:50 go-sr1 156fb35dddb6bf21b5d0da32054e0a317982b203 GroupApproximation/Manuscript/NonMF/GerasimovaOsinTheorem11Slice.lean GroupApproximation/Manuscript/NonMF/GerasimovaOsinGeometricInputs.lean
2026-09-11 19:24:59 jacobson 63544ec9e7380428e86d84f54fde2a7867052550 GroupApproximation/Algebra/LaurentBinaryLinearMF.lean GroupApproximation/Kazhdan/HaagerupKazhdanFinite.lean GroupApproximation/Manuscript/OneSidedMFRadical/JacobsonRankTwoInert.lean GroupApproximation/Algebra/FinitaryLinearGroup.lean GroupApproximation/Algebra/FinitaryLinearBlocks.lean GroupApproximation/Algebra/FinitaryLinearBinarySimple.lean GroupApproximation/Algebra/FinitaryLinearBinarySLUnion.lean GroupApproximation/Kazhdan/HalfSpaceBoundedOrbits.lean GroupApproximation/Kazhdan/TreeHalfSpaces.lean GroupApproximation/Algebra/FinitaryLinearBinaryPower.lean GroupApproximation/Algebra/FinitaryLinearFiniteRank.lean
2026-09-11 19:25:04 sec5-sentences-attic 0e994d4d3786e12c0935fc8e7e0fdbde2cc475d9 GroupApproximation/GGT/HullSCLeastAreaGreendlingerTwins.lean
2026-09-11 19:25:23 go-sr1 e611980a5cebdb546f1fb11fd1f261b503894ad1 GroupApproximation/Analysis/SubexponentialNormComparison.lean GroupApproximation/Manuscript/NonMF/GerasimovaOsinSpectralRadius.lean GroupApproximation/Analysis/CFCStarMulSelfIntertwine.lean GroupApproximation/Analysis/DistanceToInvertibles.lean GroupApproximation/Analysis/RordamDistanceOne.lean GroupApproximation/Manuscript/NonMF/GerasimovaOsinFreeSemigroupNorm.lean GroupApproximation/Manuscript/NonMF/DykemaDeLaHarpeTheorem14Proof.lean GroupApproximation/Manuscript/NonMF/GerasimovaOsinCombingSum.lean GroupApproximation/Manuscript/NonMF/GerasimovaOsinAlternatingWord.lean GroupApproximation/Manuscript/NonMF/GerasimovaOsinLemma43.lean
2026-09-11 19:26:42 leavitt-ge 2980cbcd1db7996bb3303989d3ac5fbb10b7ef74 GroupApproximation/KOne/AryPencilEntry.lean GroupApproximation/Manuscript/OneSidedMFRadical/KhanhThanhDecompositionResidual.lean GroupApproximation/KOne/AryStackDichotomy.lean GroupApproximation/KOne/AryWindowProductClosure.lean GroupApproximation/KOne/AryGradedComponents.lean GroupApproximation/KOne/AryPrefixCodes.lean GroupApproximation/KOne/AryCodeChangeUnits.lean GroupApproximation/KOne/AryPureTailNilpotency.lean GroupApproximation/KOne/AryOppositeTranspose.lean GroupApproximation/KOne/AryShapeCalculus.lean GroupApproximation/KOne/AryCylinderCornerRank.lean GroupApproximation/KOne/AryRankNormalForm.lean GroupApproximation/KOne/AryNilpotentTailKill.lean GroupApproximation/KOne/AryThetaStable.lean GroupApproximation/KOne/AryZeroKOne.lean GroupApproximation/KOne/AryWidthTwoReduction.lean GroupApproximation/KOne/AryWindowNonnegReduction.lean GroupApproximation/KOne/AryWindowNonposReduction.lean GroupApproximation/KOne/AryPencilCodeMoves.lean GroupApproximation/KOne/AryRefineStep.lean GroupApproximation/KOne/AryCodeSupply.lean
2026-09-11 19:26:59 dgo-geometric a3a0c7c5f6cf2ee14e9a37cca91696395263c70b GroupApproximation/Manuscript/NonMF/LoxodromicHypEmbeddedClosureProof.lean GroupApproximation/GGT/LoxodromicCyclicEmbeddedAvoiding.lean
2026-09-11 19:27:03 go-sr1 dc55124115205dd6b28408bc41b84063f43fd150 GroupApproximation/Manuscript/NonMF/GerasimovaOsinCombingNorm.lean
2026-09-11 19:27:11 sec5-sentences 30c48bf790689b8a4baa6378c89bea77f87f5c87 GroupApproximation/GGT/HullSCLeastAreaGreendlingerTwins.lean
2026-09-11 19:27:21 kh-torsion 5f20bd6231ebbca84619ee90a8b1307ff43b11dc GroupApproximation/GGT/KazhdanHypCactusDeletionCounting.lean GroupApproximation/GGT/KazhdanHypCopyMateParity.lean GroupApproximation/GGT/VanKampen/SpikeDeletion.lean GroupApproximation/GGT/VanKampen/OneFaceWordTrivial.lean GroupApproximation/GGT/VanKampen/EdgeDeletionFaces.lean
2026-09-11 19:27:28 kh-torsion-attic d6651284271342449f0b23b8a904c22215bd11c0 GroupApproximation/GGT/KazhdanHypGirthEightTorsionExtraction.lean
2026-09-11 19:27:38 dgo-geometric dcbb7b6bf9aad35fb41c9bfea573c8bbafbfbdd7 GroupApproximation/GGT/PNaiveShadow.lean GroupApproximation/GGT/PNaiveTransversal.lean GroupApproximation/GGT/PNaivePingPong.lean GroupApproximation/GGT/AcylindricalEllipticOrEscaping.lean GroupApproximation/GGT/PNaiveChain.lean GroupApproximation/GGT/PNaiveUniform.lean GroupApproximation/GGT/PNaiveAcylindrical.lean GroupApproximation/GGT/PNaiveDoubleCoset.lean
2026-09-11 19:27:47 dgo-geometric-attic 0bd6f22451c1fa1fea7b4e689a56046c822c6930 GroupApproximation/GGT/HypEmbeddedCentralizer.lean
2026-09-11 19:28:00 dgo-analytic 100539f34093cd4fc84a884164c6073dc42a7ba2 GroupApproximation/Algebra/NaiveFreeProductProperty.lean
2026-09-11 19:28:05 dgo-analytic-attic cdde2bc19997de0d7e36455c2b5779729761b501 GroupApproximation/Manuscript/NonMF/DGOTheorem235Slice.lean
2026-09-11 19:28:27 hull-respell 7a8d4d6f87493b2981f3259a549e81dba0d583d3 GroupApproximation/GGT/HullSCOneStepQuasiGeodesicLeaves.lean GroupApproximation/GGT/HullSCCyclicPeripheralRemoval.lean GroupApproximation/GGT/HullSCUnconeExpansion.lean GroupApproximation/GGT/HullSCUnconeClosingJump.lean GroupApproximation/GGT/HullSCUnconeCosetAvoidance.lean GroupApproximation/GGT/HullSCUnconeTriangleConnectors.lean GroupApproximation/GGT/HullSCUnconePathPoints.lean GroupApproximation/GGT/HullSCUnconeCosetCoordinates.lean
2026-09-11 19:28:38 simple-group-attic 25fdc9f866530a6184d4c10e5f79648b4ed96527 GroupApproximation/GroupTheory/HigmanThompson/CompactTrunc.lean
2026-09-11 19:29:00 dgo-analytic 460831be004726bfa189d955776b724dc89aee97 GroupApproximation/Analysis/PowersAveragingComposition.lean GroupApproximation/Analysis/PowersAveragingUniqueTrace.lean GroupApproximation/Analysis/GroupHilbertSubsetProjection.lean GroupApproximation/Analysis/PowersAveragingFromPartition.lean GroupApproximation/Analysis/PowersAveragingFromPowersProperty.lean GroupApproximation/Analysis/PowersAveragingSingleClass.lean GroupApproximation/Manuscript/NonMF/DGO235UniqueTraceFromAveraging.lean GroupApproximation/Manuscript/NonMF/DGO235FromPowersProperty.lean GroupApproximation/Manuscript/NonMF/DGO235PowersRoute.lean GroupApproximation/Manuscript/NonMF/DGO235PrintedFromGeometry.lean GroupApproximation/Manuscript/NonMF/NaiveFreeProductAtAcylindricallyHyperbolic.lean GroupApproximation/Algebra/PingPongTranslates.lean GroupApproximation/Algebra/NaiveFreeProductPingPong.lean GroupApproximation/Analysis/PowersPingPongEstimate.lean GroupApproximation/Analysis/ConjugateAveragingCriterion.lean GroupApproximation/Manuscript/NonMF/DGO235FromNaiveFreeProduct.lean
2026-09-11 19:30:12 torsion-ring cd9e630742557d3b2a6d8c2b1839524ebd56a84d GroupApproximation/Manuscript/OneSidedMFRadical/TorsionComplementaryIdempotentsDefect.lean GroupApproximation/Manuscript/OneSidedMFRadical/TorsionComplementaryIdempotents.lean GroupApproximation/Manuscript/OneSidedMFRadical/TorsionComplementaryIdempotentsJacobson.lean GroupApproximation/Manuscript/OneSidedMFRadical/TorsionComplementaryIdempotentsSignedPermutations.lean GroupApproximation/Manuscript/OneSidedMFRadical/TorsionComplementaryIdempotentsSentences.lean
2026-09-11 19:30:48 leavitt-k1 e9fd7d78a3cc1de6e258787cdc9ca737be12dd03 GroupApproximation/KOne/LeavittDegreeZeroTower.lean GroupApproximation/KOne/LeavittShiftDecomposition.lean GroupApproximation/KOne/FiniteRankDeterminant.lean GroupApproximation/KOne/RegularizedDeterminant.lean GroupApproximation/KOne/ToeplitzWordSpace.lean GroupApproximation/KOne/ToeplitzLeavittLift.lean GroupApproximation/KOne/ToeplitzRankTwo.lean GroupApproximation/KOne/LeavittKOneScalarKernel.lean
2026-09-11 19:30:58 leavitt-k1-attic 63f914958ff881799614c1cc96290c57f4f49e76 GroupApproximation/KOne/LeavittKOnePowerColimit.lean GroupApproximation/Manuscript/OneSidedMFRadical/LeavittKOneFormula.lean
2026-09-11 19:31:08 kh-hyperbolic 888400dcc1e70af9e7ab9fefbd3399e9a325c664 GroupApproximation/GGT/KazhdanHypGirthEightSpurCountermodel.lean GroupApproximation/GGT/KazhdanHypSharpExistenceResiduals.lean GroupApproximation/GGT/KazhdanHypGirthEightLinearIsoperimetric.lean
2026-09-11 19:31:13 kh-hyperbolic 7563eed7d7e3c1a5712fba47246028a1cce3fde6 experiments/w8_triangle_search/README.md
2026-09-11 19:31:18 agp-units 11ce37cb0cb542268632f2d7c4183ac95f4c9c1a GroupApproximation/KOne/AlgebraicKOneNestedUnion.lean GroupApproximation/Algebra/PeirceElementaryCornerUnits.lean GroupApproximation/Leavitt/BinaryLeavittAllRanksUnits.lean GroupApproximation/Manuscript/NonMFSentences/MFQuotientUnitsSteinberg.lean GroupApproximation/Manuscript/NonMFSentences/IntroUnitGroupSentences.lean GroupApproximation/Manuscript/NonMFSentences/CountableAbelianMFPrintedRoute.lean GroupApproximation/Manuscript/NonMFSentences/MFQuotientUnitsCornerUnits.lean GroupApproximation/Manuscript/NonMFSentences/MFQuotientUnitsItemB.lean GroupApproximation/Manuscript/NonMFSentences/MFQuotientUnitsStepOnePrinted.lean GroupApproximation/Manuscript/NonMFSentences/MFQuotientUnitsOffLastCorner.lean GroupApproximation/Manuscript/NonMFSentences/MFQuotientUnitsCongruencePrinted.lean
2026-09-11 19:31:30 sec3-sentences a686eaa5604dad79be286f8c5c96e11ce0d1939d GroupApproximation/Manuscript/NonMFSentences/OneSidedSentences.lean GroupApproximation/Manuscript/NonMFSentences/RankTwoPrintedSteps.lean GroupApproximation/Manuscript/NonMFSentences/FullDefectCornerRemark.lean GroupApproximation/Manuscript/NonMFSentences/OneSidedCorollarySentences.lean GroupApproximation/Manuscript/NonMFSentences/UniversalRingSentences.lean
2026-09-11 19:31:39 sec3-sentences-attic cfbcd90a82232871f55d1da63fd4cbb802ebc033 GroupApproximation/Manuscript/NonMFSentences/FullDefectAllRanksSignedPermutations.lean GroupApproximation/Manuscript/NonMFSentences/FullDefectAllRanksSentences.lean
2026-09-11 19:31:51 agp-units-attic a400bbf44268aa6f962de35cb8d4750c93728ff4 GroupApproximation/Algebra/ExchangeRing.lean GroupApproximation/Manuscript/NonMFSentences/MFQuotientUnitsItemA.lean
2026-09-11 19:32:06 rescue-lix e76e62198cba4ea172c092e01e18942e555a3560 GroupApproximation/CharClass/OddPTupleBd.lean GroupApproximation/CharClass/OddPTupleSlot.lean GroupApproximation/CharClass/OddPDescentDomino.lean GroupApproximation/CharClass/OddPDescentValue.lean GroupApproximation/Analysis/LIXPowersPinch.lean GroupApproximation/Analysis/LIXPowersNormalise.lean GroupApproximation/Analysis/LIXPowersChain.lean GroupApproximation/Analysis/LIXPowersHomotopy.lean GroupApproximation/Analysis/LIXPowersExport.lean
2026-09-11 19:32:16 rescue-lix-attic 8dc05f669d53728fff2b5afac54a49b192c4b008 GroupApproximation/CharClass/LerayHirschCover.lean GroupApproximation/CharClass/LerayHirschPeel.lean GroupApproximation/CharClass/LerayHirschPeelCP.lean GroupApproximation/CharClass/LerayHirschPeelClosed.lean GroupApproximation/CharClass/LerayHirschRankTwo.lean GroupApproximation/CharClass/LerayHirschShift.lean lakefile.toml .github/workflows/palomar-check.yml .github/workflows/palomar-comparator.yml scripts/check_palomar_statement_match.sh scripts/check_palomar_submission.py
2026-09-11 19:32:39 hull-respell 275f511af5037982b1fbe3aaa02e1d0c601072cb GroupApproximation/GGT/HullSCLemma44BoundedJointRespellingHullRelator.lean GroupApproximation/GGT/HullSCUnconeLemmaA.lean
2026-09-11 19:32:56 hull-unbound bab91fd733838bb079f7ca07f3edbd824c3b3f50 GroupApproximation/GGT/VanKampen/Estimating/UnboundScaledCounterexample.lean
2026-09-11 19:33:06 hull-unbound 7a3939d6b8cad01f7e96262c610e183c1f18be49 GroupApproximation/GGT/VanKampen/Estimating/UnboundWordPolygonMonotone.lean
2026-09-11 19:33:15 hull-unbound d3f4bb7729420b87b8eaf6f6102152849d3dbea7 GroupApproximation/GGT/VanKampen/Estimating/SingletonFaceRegion.lean
2026-09-11 19:33:23 dgo-geometric 3e7744e53fd523f00b976d380506ed486b3590c0 GroupApproximation/Manuscript/NonMF/NaiveFreeProductAtAcylindricallyHyperbolicProof.lean
2026-09-11 19:33:50 rescue-lix 81a64c86fbe8aaaf7fd24352e554fa9861a539e6 Palomar/LIXStrongSolution.lean Palomar/comparator-lix-strong.json scripts/PalomarLIXStrongAxioms.lean scripts/PalomarLIXStrongChallengeType.lean scripts/PalomarLIXStrongSolutionType.lean
2026-09-11 19:33:53 rescue-lix-attic 20fc92c1a3d11bb7da07d9d5cb70a704170ddd5a Palomar/LIXStrongChallenge.lean
2026-09-11 19:34:31 sec4-sentences-attic 9d3adaf82a8382a7424ab0a50f42692ebdd38e36 GroupApproximation/Manuscript/NonMFSentences/AmenableTraceSentencesB.lean GroupApproximation/Manuscript/OneSidedMFRadical/MaximalCStarWNotNuclear.lean
2026-09-11 19:34:58 sec4-sentences e7dedcd34db0634fba4ccde5dba1a2add5eeb0bf GroupApproximation/Analysis/KestenAmenability.lean GroupApproximation/Analysis/LanceMaximalReiter.lean GroupApproximation/Analysis/LanceMaximalNuclear.lean GroupApproximation/Manuscript/OneSidedMFRadical/MaximalCStarWNotNuclearUnconditional.lean GroupApproximation/Sofic/CliffordWitnessHSRemark.lean
2026-09-11 19:36:10 rescue-lix 70f6d12cefaaed32ecbcd6c2ffad404114cac7f6 Palomar/LIXStrongChallenge.lean
2026-09-11 19:36:19 rescue-lix 5c0663f0a06e1a758328f645da517da61ecda9c6 GroupApproximation/CharClass/LIXKGenPunctured.lean GroupApproximation/CharClass/LIXKGenSphere.lean GroupApproximation/CharClass/LIXKPunctured.lean GroupApproximation/CharClass/LIXKRelativeMV.lean GroupApproximation/CharClass/LIXKStepC.lean GroupApproximation/CharClass/LIXKStepCTwo.lean GroupApproximation/CharClass/LIXKStepCWired.lean GroupApproximation/CharClass/LIXShapeGenericRank.lean GroupApproximation/CharClass/LIXStepDGenAxiomCheck.lean GroupApproximation/CharClass/LIXStepDGenData.lean GroupApproximation/CharClass/LIXStepDGenParity.lean GroupApproximation/CharClass/RelHomotopyInvariance.lean GroupApproximation/CharClass/RelHomotopyPrism.lean
2026-09-11 19:36:29 rescue-lix-attic dbad50286fb5a7e6f8ed9b0a54bd698b4a6a0769 GroupApproximation/CharClass/ChernEulerBundle.lean GroupApproximation/CharClass/ChernRelation.lean GroupApproximation/CharClass/GysinFromLerayHirsch.lean GroupApproximation/CharClass/GysinPair.lean GroupApproximation/CharClass/GysinRanged.lean GroupApproximation/CharClass/LerayHirschBridge.lean GroupApproximation/CharClass/LerayHirschChartClassGen.lean GroupApproximation/CharClass/LerayHirschColumn.lean GroupApproximation/CharClass/LerayHirschDegree.lean GroupApproximation/CharClass/LerayHirschGradedIso.lean GroupApproximation/CharClass/LerayHirschHomotopy.lean GroupApproximation/CharClass/LerayHirschInduction.lean GroupApproximation/CharClass/LerayHirschNatural.lean GroupApproximation/CharClass/LerayHirschNaturalCoeff.lean GroupApproximation/CharClass/LerayHirschShiftTerm.lean GroupApproximation/CharClass/LerayHirschSquares.lean GroupApproximation/CharClass/LerayHirschTowerBridge.lean GroupApproximation/CharClass/LerayHirschTransport.lean GroupApproximation/CharClass/MayerVietorisSequence.lean GroupApproximation/CharClass/ProjectiveSpaceCohomology.lean GroupApproximation/CharClass/ProjectiveSpaceComputation.lean GroupApproximation/CharClass/ProjectiveSpaceRing.lean GroupApproximation/CharClass/RelativeDual.lean GroupApproximation/CharClass/RelativeExcision.lean GroupApproximation/CharClass/RelativeHomotopyInvariance.lean GroupApproximation/CharClass/RelativeLES.lean GroupApproximation/CharClass/RelativeLocal.lean GroupApproximation/CharClass/RelativeSmallChains.lean GroupApproximation/CharClass/ThomBridgeChartHom.lean GroupApproximation/CharClass/ThomBridgeNaturalHyper.lean GroupApproximation/CharClass/ThomBridgeNaturalSquare.lean GroupApproximation/CharClass/ThomChartSquare.lean GroupApproximation/CharClass/ThomEulerNaturality.lean GroupApproximation/CharClass/ThomFibreRestriction.lean GroupApproximation/CharClass/ThomFieldTwo.lean GroupApproximation/CharClass/ThomHyperSquare.lean GroupApproximation/CharClass/ThomPuncturedPi.lean GroupApproximation/CharClass/ThomPuncturedRecursion.lean
2026-09-11 19:40:07 simple-group f443c58e70e796f40f2358ffbcae6b5362bf80ed GroupApproximation/GroupTheory/HigmanThompson/CompactRangeA.lean
2026-09-11 19:41:41 leavitt-ge 943519ebe1203046d32ece3b70cced19682dfcf6 GroupApproximation/KOne/AryPencilForm.lean GroupApproximation/KOne/AryPencilReshape.lean GroupApproximation/KOne/AryEntrywiseKill.lean GroupApproximation/KOne/AryRefineLoopDischarge.lean
2026-09-11 19:41:45 leavitt-ge-attic eabfe6efa56c484599b0e94210899ee79b309e93 GroupApproximation/KOne/AryCodeSupply.lean
2026-09-11 19:41:55 hull-bridge-attic ac19c010ffa0c494494dc6145f65cf37c70b0f14 GroupApproximation/GGT/HullSCLemma51QuasiGeodesicTransfer.lean GroupApproximation/GGT/HullSCLemma51EmbeddedBridge.lean GroupApproximation/GGT/HullSCLemma44BoundedBridge.lean GroupApproximation/GGT/HullSCLemma44BoundedFamilyBridge.lean
2026-09-11 19:42:02 rescue-lix-attic 036f19c472d016191cfb2481c24af47edfc4c904 GroupApproximation/CharClass/RelHomotopyInvariance.lean
2026-09-11 19:42:09 sec5-sentences 8964169aacc70451edc71066e84d7662115d6ccc GroupApproximation/GGT/HullSCLemma44BoundedLeastAreaCanonical.lean GroupApproximation/Manuscript/NonMF/TorsionFreeLeastAreaAssembly.lean
2026-09-11 19:43:05 leavitt-ge 8bac223e28bbbb0628474c30dd700c5aa3ca7004 GroupApproximation/Manuscript/OneSidedMFRadical/KhanhThanhDecompositionClosed.lean
2026-09-11 19:43:27 simple-group 075038c74dacc5fd9694b67aeca9daf2b28b7539 GroupApproximation/GroupTheory/HigmanThompson/CompactRangeB.lean
2026-09-11 19:43:42 hull-select 59193c02ae5d38c87d49985887447560fa04e487 GroupApproximation/GGT/VanKampen/Estimating/SelectionDichotomy.lean GroupApproximation/GGT/VanKampen/Estimating/SelectionOrderedDichotomy.lean GroupApproximation/GGT/VanKampen/Estimating/OsinAppendixSections.lean GroupApproximation/GGT/VanKampen/Estimating/OsinAppendixSectionCounting.lean GroupApproximation/GGT/VanKampen/Estimating/OsinAppendixSectionPieces.lean GroupApproximation/GGT/VanKampen/ShelledDiscDiagram.lean
2026-09-11 19:44:43 jacobson e438070c18152934a06bba400520b1151fd49154 GroupApproximation/Algebra/FinitaryLinearTransvections.lean
2026-09-11 19:44:46 jacobson-attic e1d0663f3efe50a4609fb8f70fcbda4637920e7d GroupApproximation/Algebra/FinitaryLinearBlocks.lean GroupApproximation/Algebra/FinitaryLinearBinarySimple.lean
2026-09-11 19:45:18 hull-unbound 2a9a3f1e16db44dbd4d7afe3b455dab53f56534a GroupApproximation/GGT/VanKampen/SurgeryInnerCollapse.lean
2026-09-11 19:47:10 jacobson 95a54e8ed010972bc338d76d6ed0f33235cc0a63 GroupApproximation/Manuscript/OneSidedMFRadical/JacobsonRankFourSentences.lean
2026-09-11 19:48:23 hull-select-attic 6408debf5c296d2a279419084631a7fae360c862 GroupApproximation/GGT/VanKampen/Estimating/OsinAppendixSectionBridge.lean GroupApproximation/GGT/VanKampen/Estimating/OsinAppendixSectionInterior.lean GroupApproximation/GGT/VanKampen/Estimating/OsinAppendixLeastAreaCut.lean GroupApproximation/GGT/VanKampen/SurgeryGCellCollapse.lean
2026-09-11 19:48:43 kh-torsion 8761795a023d06e11290abc1dd9f6f32cff62f5c GroupApproximation/Algebra/FreeResolutionPrimeOrder.lean
2026-09-11 19:49:38 hull-unbound b2fd40cadc5272da52b61765a3c09e3b56526168 GroupApproximation/GGT/VanKampen/Estimating/UnboundScaledCounterexample.lean
2026-09-11 19:49:41 hull-unbound bd53291cd43109ef2fcef5c09d9622fad78184c9 GroupApproximation/GGT/VanKampen/Estimating/SingletonFaceRegion.lean
2026-09-11 19:51:38 jacobson 6de3e52e1b9ff1ab179e22d6d0a67e38490d5559 GroupApproximation/Kazhdan/LevelTreeAcyclic.lean
2026-09-11 19:52:00 sec2-sentences 695f37bfcd7d1db21fa1792791577885f82164f1 GroupApproximation/Manuscript/NonMFSentences/DyadicReductionSeparation.lean
2026-09-11 19:52:40 hull-select 093a9f3021b8737c7bdcbe21e6c29bc219037f7a GroupApproximation/GGT/VanKampen/Estimating/OsinAppendixSectionBridge.lean GroupApproximation/GGT/VanKampen/Estimating/OsinAppendixSectionDarts.lean GroupApproximation/GGT/VanKampen/Estimating/OsinAppendixLeastAreaCut.lean GroupApproximation/GGT/VanKampen/Estimating/OsinAppendixSectionInterior.lean GroupApproximation/GGT/VanKampen/SurgeryGCellCollapse.lean
2026-09-11 19:54:11 sec3-sentences-attic 66ea1827b0153ac56b7e8c6e2a264a3667d430af GroupApproximation/Manuscript/NonMFSentences/FullDefectCornerRemark.lean
2026-09-11 19:55:43 hull-select-attic a156340fb0f51ac499df0ec1937433b6f9ae4005 GroupApproximation/GGT/VanKampen/Estimating/OsinAppendixSectionMultipleEdge.lean
2026-09-11 19:55:46 leavitt-k1 b4289e235e56288038dae360dee588c35491f03b GroupApproximation/Manuscript/NonMFSentences/LeavittKOneFormulaSentences.lean
2026-09-11 19:56:08 hull-respell 5f08943efc0ab91b7018dcf3b1f8b03b6efdbba1 GroupApproximation/GGT/HullSCUnconeWalk.lean GroupApproximation/GGT/HullSCUnconeLemmaB.lean
2026-09-11 19:56:40 hull-unbound b0e3b35c8a66d0448d05960538246c2608a6ffbb GroupApproximation/GGT/VanKampen/SurgeryInnerCollapseDarts.lean
2026-09-11 19:57:37 hull-unbound 23f99b77fd6423c80bbb6c0063edff31d0cc6bec GroupApproximation/GGT/VanKampen/SurgeryInnerCollapse.lean
2026-09-11 19:59:20 hull-respell 0a4cc1e190ef7ae9b2194914154f524d6884c23f GroupApproximation/GGT/HullSCUnconeSides.lean GroupApproximation/GGT/HullSCUnconeThin.lean
2026-09-11 20:00:15 jacobson 52e24d6c05a135a1562287f1a87c325899ac491b GroupApproximation/Algebra/ValuedMatrixTwo.lean
2026-09-11 20:00:54 hull-unbound 305016d99ec62dd554fbac74e5669e6a48ce80d8 GroupApproximation/GGT/VanKampen/SurgeryInnerCollapseRegions.lean
2026-09-11 20:00:58 hull-select 9220a28ff2fc4ffa61ee3b4c1fcd275fb23a39b8 GroupApproximation/GGT/VanKampen/FaceCycle.lean
2026-09-11 20:01:59 dgo-geometric 9fbec071e9cf17c69d4a3f0ab74528ee6bfd4dc2 GroupApproximation/GGT/HypEmbeddedCentralizer.lean
2026-09-11 20:03:05 simple-group-attic 86cbb9857142b07af1a27638b4b6e71bf52253fb GroupApproximation/GroupTheory/HigmanThompson/GridAffine.lean GroupApproximation/GroupTheory/DoubleCosetFinitePresentation.lean GroupApproximation/GroupTheory/HigmanThompson/Generators.lean GroupApproximation/GroupTheory/HigmanThompson/GeometricF.lean GroupApproximation/GroupTheory/HigmanThompson/UniformWords.lean GroupApproximation/GroupTheory/HigmanThompson/CompactTrunc.lean GroupApproximation/GroupTheory/HigmanThompson/CompactE.lean GroupApproximation/GroupTheory/HigmanThompson/CompactRangeA.lean GroupApproximation/GroupTheory/HigmanThompson/CompactRangeB.lean
2026-09-11 20:03:52 dgo-geometric 110ba458c34f5922c719bdde10fff3207af1c395 GroupApproximation/GGT/GerasimovaOsinCyclicWord.lean GroupApproximation/GGT/GerasimovaOsinCyclicTwoSided.lean GroupApproximation/Manuscript/NonMF/GerasimovaOsinLemma42Proof.lean
2026-09-11 20:04:06 dgo-geometric-attic 641081001764817608fa8b6434f073fe8eaa3ad1 GroupApproximation/GGT/LoxodromicCyclicEmbeddedAvoiding.lean GroupApproximation/Manuscript/NonMF/LoxodromicHypEmbeddedClosureProof.lean
2026-09-11 20:05:08 jacobson 40a70d7b8fb3662f2cce147bf4f41cd5afc5f0e5 GroupApproximation/Algebra/ValuedMatrixTwoCartan.lean
2026-09-11 20:05:35 dgo-geometric-attic 2b7e8298deb0a4dbe73ae0f6157308cd255d5b92 GroupApproximation/Manuscript/NonMF/GerasimovaOsinLemma42Proof.lean
2026-09-11 20:07:03 sec5-sentences 5449aeba01d3e029e81bdfd24fce2522e7d98f41 GroupApproximation/GGT/GromovSequentialBoundary.lean GroupApproximation/GGT/AcylindricallyHyperbolicOsin.lean GroupApproximation/Manuscript/NonMF/TorsionFreeOsinNotion.lean
2026-09-11 20:07:50 jacobson f7dbff253b0746ce0712b06b8808bad4778a4fe8 GroupApproximation/Kazhdan/BruhatTitsTwoTree.lean
2026-09-11 20:08:17 kh-torsion 39c49c45c1a1abebfbf82875e755c042be9be43d GroupApproximation/Algebra/FreeResolutionPrimeOrder.lean GroupApproximation/GGT/KazhdanHypCopyMateParity.lean GroupApproximation/GGT/KazhdanHypGirthEightTorsionExtraction.lean
2026-09-11 20:08:20 kh-torsion b210e33135f65b98deadd214602825779374c789 GroupApproximation/GGT/KazhdanHypLiteralFilling.lean
2026-09-11 20:08:27 rescue-lix dd28464fc18640f3d10160ebf457c208ba52464c GroupApproximation/CharClass/ChernEulerBundle.lean GroupApproximation/CharClass/ChernRelation.lean GroupApproximation/CharClass/GysinFromLerayHirsch.lean GroupApproximation/CharClass/GysinPair.lean GroupApproximation/CharClass/GysinRanged.lean GroupApproximation/CharClass/LerayHirschBridge.lean GroupApproximation/CharClass/LerayHirschChartClassGen.lean GroupApproximation/CharClass/LerayHirschColumn.lean GroupApproximation/CharClass/LerayHirschDegree.lean GroupApproximation/CharClass/LerayHirschGradedIso.lean GroupApproximation/CharClass/LerayHirschHomotopy.lean GroupApproximation/CharClass/LerayHirschInduction.lean GroupApproximation/CharClass/LerayHirschNatural.lean GroupApproximation/CharClass/LerayHirschNaturalCoeff.lean GroupApproximation/CharClass/LerayHirschShiftTerm.lean GroupApproximation/CharClass/LerayHirschSquares.lean GroupApproximation/CharClass/LerayHirschTowerBridge.lean GroupApproximation/CharClass/LerayHirschTransport.lean GroupApproximation/CharClass/MayerVietorisSequence.lean GroupApproximation/CharClass/ProjectiveSpaceCohomology.lean GroupApproximation/CharClass/ProjectiveSpaceComputation.lean GroupApproximation/CharClass/ProjectiveSpaceRing.lean GroupApproximation/CharClass/RelativeDual.lean GroupApproximation/CharClass/RelativeExcision.lean GroupApproximation/CharClass/RelativeHomotopyInvariance.lean GroupApproximation/CharClass/RelativeLES.lean GroupApproximation/CharClass/RelativeLocal.lean GroupApproximation/CharClass/RelativeSmallChains.lean GroupApproximation/CharClass/ThomBridgeChartHom.lean GroupApproximation/CharClass/ThomBridgeNaturalHyper.lean GroupApproximation/CharClass/ThomBridgeNaturalSquare.lean GroupApproximation/CharClass/ThomChartSquare.lean GroupApproximation/CharClass/ThomEulerNaturality.lean GroupApproximation/CharClass/ThomFibreRestriction.lean GroupApproximation/CharClass/ThomFieldTwo.lean GroupApproximation/CharClass/ThomHyperSquare.lean GroupApproximation/CharClass/ThomPuncturedPi.lean GroupApproximation/CharClass/ThomPuncturedRecursion.lean GroupApproximation/CharClass/LIXKGenPunctured.lean GroupApproximation/CharClass/LIXKGenSphere.lean GroupApproximation/CharClass/LIXKPunctured.lean GroupApproximation/CharClass/LIXKRelativeMV.lean GroupApproximation/CharClass/LIXKStepC.lean GroupApproximation/CharClass/LIXKStepCTwo.lean GroupApproximation/CharClass/LIXKStepCWired.lean GroupApproximation/CharClass/LIXShapeGenericRank.lean GroupApproximation/CharClass/LIXStepDGenAxiomCheck.lean GroupApproximation/CharClass/LIXStepDGenData.lean GroupApproximation/CharClass/LIXStepDGenParity.lean GroupApproximation/CharClass/RelHomotopyInvariance.lean GroupApproximation/CharClass/RelHomotopyPrism.lean
2026-09-11 20:09:46 dgo-geometric-attic c6e7db20e90c834ef66b89c7c72b9e068a5d2bd4 GroupApproximation/GGT/PNaiveShadow.lean
2026-09-11 20:10:04 agp-units 8a992fe6d57e460d2b5a78b372d87e4149922382 GroupApproximation/Manuscript/NonMFSentences/MFQuotientUnitsItemA.lean GroupApproximation/Algebra/ExchangeRing.lean
2026-09-11 20:10:27 kh-torsion-attic aa931d533cbe646bed4f578ba5acd60b16bc13bf GroupApproximation/GGT/VanKampen/SpikeDeletion.lean GroupApproximation/GGT/KazhdanHypCactusDeletionCounting.lean
2026-09-11 20:11:03 hull-select-attic 5d24c66a03025f0391c7849e8e9cae7166fd2321 GroupApproximation/GGT/VanKampen/Estimating/OsinAppendixSectionMultipleEdge.lean
2026-09-11 20:11:06 hull-select 9d444e207a2b3bd30d7acdd66383d3d3d953edbc GroupApproximation/GGT/VanKampen/EdgeDeletionFaceRotation.lean
2026-09-11 20:12:45 jacobson dd53368cd5a086741b1d9b0b880ebb4bbab7313b GroupApproximation/Algebra/LaurentBinaryPlaces.lean
2026-09-11 20:15:00 simple-group ff5d5d021e21ab1a06e9fe44e392edabe6ac7dbf GroupApproximation/GroupTheory/HydeLodha/HigmanEpstein.lean
2026-09-11 20:15:04 sec3-sentences 08140ca71973284411908ac7735240667c4ca1fa GroupApproximation/Manuscript/NonMFSentences/FullDefectAllRanksSentences.lean
2026-09-11 20:15:46 jacobson a186a0575148a903082f25c54c0ee969d1dfbf93 GroupApproximation/Manuscript/OneSidedMFRadical/JacobsonLaurentKazhdanFinite.lean
2026-09-11 20:16:43 dgo-geometric 95447a0f1d89d2bc57783b65e1e69b889da59bd9 GroupApproximation/Manuscript/NonMF/LoxodromicHypEmbeddedClosureProof.lean GroupApproximation/GGT/LoxodromicCyclicEmbeddedAvoiding.lean
2026-09-11 20:16:46 dgo-geometric-attic eb105a22fe48a850486043dec2e0179a89bfc81e GroupApproximation/GGT/AcylindricalEllipticOrEscaping.lean GroupApproximation/GGT/GerasimovaOsinCyclicWord.lean
2026-09-11 20:17:47 kh-torsion 9b9a519439c2eee1ab04546dbb16e0eaf92f8e53 GroupApproximation/GGT/VanKampen/PendantEdgeMap.lean
2026-09-11 20:20:35 hull-bridge 3e770c34a7cc1c727f2a2d60a80798b08eb5a53f GroupApproximation/GGT/HullSCRelativeLeastAreaDiagram.lean GroupApproximation/Algebra/DiscreteStokes.lean GroupApproximation/Algebra/DiscreteStokesArea.lean
2026-09-11 20:20:56 leavitt-k1 269ee355acdab74a6fd4fea6071c0966eb4b435d GroupApproximation/KOne/LeavittKOnePowerColimit.lean GroupApproximation/Manuscript/OneSidedMFRadical/LeavittKOneFormula.lean
2026-09-11 20:21:39 kh-torsion adecebd7ab22b25143a5af19292beb9d027f31c9 GroupApproximation/GGT/VanKampen/VertexJoinMap.lean
2026-09-11 20:22:32 jacobson b5f6accaabf884a5d9589c9cc186570b29fde9b7 GroupApproximation/Manuscript/OneSidedMFRadical/JacobsonSymbol.lean
2026-09-11 20:23:49 hull-bridge 7d4d4378fcda698d5c0d9dd0f3b7b5de216729f4 GroupApproximation/Algebra/BowditchTriangle.lean GroupApproximation/Algebra/BowditchCentre.lean GroupApproximation/Algebra/BowditchCentreAssembly.lean GroupApproximation/Algebra/BowditchSlim.lean GroupApproximation/Algebra/LinearIsoperimetricHyperbolic.lean GroupApproximation/GGT/HullSCLemma44BoundedLeastAreaFamilyBridge.lean
2026-09-11 20:23:53 hull-bridge-attic e261225a6dd3a722e13fa1c390084a4562ed0acf GroupApproximation/Algebra/DiscreteStokesPaths.lean GroupApproximation/Algebra/LinearStokesQuadrangle.lean GroupApproximation/GGT/HullSCLemma51QuasiGeodesicTransfer.lean
2026-09-11 20:25:52 leavitt-ge-attic d69606505aded5d7ebdd144ae91f497a6abfcf16 GroupApproximation/KOne/AryWindowNonnegReduction.lean
2026-09-11 20:26:12 leavitt-ge-attic 1294d7d91b878b95c08e5d371025cdc6660e076e GroupApproximation/KOne/AryCodeSupply.lean GroupApproximation/KOne/AryCodeChangeUnits.lean GroupApproximation/KOne/AryOppositeTranspose.lean GroupApproximation/KOne/AryPencilForm.lean
2026-09-11 20:26:22 kh-torsion d9747b5fee6c0b747c6f680e6cbf1d9399126d1a GroupApproximation/GGT/VanKampen/FoldMap.lean
2026-09-11 20:26:30 hull-respell 192e79b0d114b07e60568c2e2af8558aae646fcc GroupApproximation/GGT/HullSCAuxiliaryAdjoinFinite.lean GroupApproximation/GGT/HullSCBoundedImageEmbedding.lean GroupApproximation/GGT/RelHypOsin24PublishedHullStep.lean GroupApproximation/GGT/RelHypProp23FromHullStep.lean
2026-09-11 20:26:34 jacobson-attic bab4f5f766b6bd9cf921f87b5071613776f1c0bf GroupApproximation/Algebra/LaurentBinaryLinearMF.lean GroupApproximation/Kazhdan/HaagerupKazhdanFinite.lean GroupApproximation/Algebra/FinitaryLinearGroup.lean GroupApproximation/Kazhdan/TreeHalfSpaces.lean GroupApproximation/Manuscript/OneSidedMFRadical/JacobsonRankTwoInert.lean GroupApproximation/Algebra/FinitaryLinearFiniteRank.lean GroupApproximation/Algebra/FinitaryLinearTransvections.lean GroupApproximation/Manuscript/OneSidedMFRadical/JacobsonRankFourSentences.lean GroupApproximation/Manuscript/OneSidedMFRadical/JacobsonLaurentKazhdanFinite.lean
2026-09-11 20:26:46 hull-respell-attic feedd5e929f63c020245b5fc82e84a5ad54b98d3 GroupApproximation/GGT/HullSCCyclicPeripheralRemoval.lean GroupApproximation/GGT/HullSCUnconeThin.lean GroupApproximation/GGT/HullSCOneStepQuasiGeodesicLeaves.lean
2026-09-11 20:27:44 simple-group fa5105fd07d2788bcc28bf6e94f2db8e2483799c GroupApproximation/GroupTheory/DoubleCosetFinitePresentation.lean GroupApproximation/GroupTheory/HigmanThompson/GridAffine.lean GroupApproximation/GroupTheory/HigmanThompson/Generators.lean GroupApproximation/GroupTheory/HigmanThompson/CompactE.lean
2026-09-11 20:28:12 kh-torsion afb9bb7321ed66ae789d6d6e8223c84d9416f4da GroupApproximation/GGT/VanKampen/SpikeDeletion.lean GroupApproximation/GGT/KazhdanHypCactusDeletionCounting.lean
2026-09-11 20:28:14 simple-group-attic 1ddb5264f0e1ab21fabaf75a6673cf06728b2f79 GroupApproximation/GroupTheory/HigmanThompson/BrownPresentation.lean
2026-09-11 20:30:42 kh-torsion-attic fbe876582391463eca87aa1dee5c8aacd04404be GroupApproximation/GGT/VanKampen/OneFaceWordTrivial.lean GroupApproximation/GGT/KazhdanHypLiteralFilling.lean
2026-09-11 20:30:56 jacobson e19bd8687423a7ddf2aacdf3403013ba334a50d4 GroupApproximation/Manuscript/OneSidedMFRadical/JacobsonFiniteMatrices.lean
2026-09-11 20:31:31 dgo-geometric 390719905f4dedab93f2aa16cee3a2d8610293f6 GroupApproximation/Manuscript/NonMF/DGOTheorem235Proof.lean
2026-09-11 20:32:00 leavitt-k1 7a8eb3c29296afd7f9d07411d256032df539cc41 GroupApproximation/KOne/LeavittShiftDecomposition.lean
2026-09-11 20:33:30 go-sr1 143cb1fc4f343b0b0a3771e1e4dba22fb2180d9f GroupApproximation/Manuscript/NonMF/GerasimovaOsinLemma44.lean GroupApproximation/Manuscript/NonMF/GerasimovaOsinLemma45.lean
2026-09-11 20:33:38 simple-group 8f808f27bbaafabd1db4781bdb2b03158435ba0d GroupApproximation/GroupTheory/HigmanThompson/PLMoves.lean
2026-09-11 20:34:49 kh-hyperbolic a0b240b1dfbc07880f16746fdc6494378f396b34 experiments/w8_triangle_search/README.md
2026-09-11 20:35:19 kh-torsion 1a36d7dcb7995369fe820dd9002eae49417b200e GroupApproximation/GGT/VanKampen/PendantEdgeWalks.lean
2026-09-11 20:35:46 leavitt-ge 48e1d481e93a5669612c7335e1f3d5be399cfdbd GroupApproximation/KOne/AryOppositeTranspose.lean GroupApproximation/KOne/AryThetaStable.lean GroupApproximation/KOne/AryPencilForm.lean
2026-09-11 20:36:45 jacobson 9a534ddaa055c4fa965bebb5e15f08818e442ace GroupApproximation/Manuscript/OneSidedMFRadical/JacobsonBlockAction.lean
2026-09-11 20:37:49 go-sr1 8e88b8267399dae7a87af6dd2ebde73ddf6c25b9 GroupApproximation/Analysis/SubexponentialNormComparison.lean GroupApproximation/Analysis/CFCStarMulSelfIntertwine.lean GroupApproximation/Analysis/DistanceToInvertibles.lean
2026-09-11 20:38:35 kh-hyperbolic b2c9d8f508abf37fd5ea9e90579380d28e8076e4 GroupApproximation/GGT/KazhdanHypGirthEightSpurCountermodel.lean
2026-09-11 20:38:42 jacobson e188939f3466888ae4eaeb6a93200109135a0416 GroupApproximation/Manuscript/OneSidedMFRadical/JacobsonKernelFinitary.lean
2026-09-11 20:39:11 leavitt-ge-attic 3bb8333488a72c118b20e3e496ac6a2a60c299c4 GroupApproximation/KOne/AryWindowNonnegReduction.lean GroupApproximation/KOne/AryCodeSupply.lean GroupApproximation/KOne/AryCodeChangeUnits.lean
2026-09-11 20:39:42 kh-torsion bca8484203b93ee4b04fa79d7ff05f54028f5281 GroupApproximation/GGT/VanKampen/PendantEdgeDiagram.lean
2026-09-11 20:40:23 jacobson 8e0bf35e2980177233c10cbbeabc4e5cf849d975 GroupApproximation/Algebra/FinitaryLinearGroup.lean GroupApproximation/Kazhdan/HaagerupKazhdanFinite.lean GroupApproximation/Kazhdan/TreeHalfSpaces.lean GroupApproximation/Manuscript/OneSidedMFRadical/JacobsonRankFourSentences.lean
2026-09-11 20:40:47 leavitt-k1 20b945cd99f7c0ac28cf522273ee7d3c6bcfe4b6 GroupApproximation/KOne/FiniteRankDeterminant.lean
2026-09-11 20:40:52 hull-unbound-attic e74187162128d028e959b7580901e14d32b3400e GroupApproximation/GGT/VanKampen/SurgeryInnerCollapseDarts.lean GroupApproximation/GGT/VanKampen/SurgeryInnerCollapseRegions.lean
2026-09-11 20:41:27 sec5-sentences 73c7e4339fd9f632a169a9cf635ece10ac9d0d1d GroupApproximation/GGT/HullSCQuotientSuitabilityWithTorsion.lean GroupApproximation/GGT/HullSCTheorem71General.lean GroupApproximation/GGT/HullSCTheorem71GeneralBounded.lean GroupApproximation/GGT/HullSCTheorem71GeneralLeastArea.lean GroupApproximation/Manuscript/NonMF/TorsionFreeHullPrintedGeneral.lean GroupApproximation/Manuscript/NonMF/TorsionFreeHullPrintedLeastArea.lean GroupApproximation/Manuscript/NonMF/TorsionFreeLiteratureInputsLeastArea.lean
2026-09-11 20:41:30 sec5-sentences-attic 0e2e965afea19aab5e0f65970054679a95f59245 GroupApproximation/Manuscript/NonMF/TorsionFreeLeastAreaAssembly.lean GroupApproximation/Manuscript/NonMF/TorsionFreeOsinNotion.lean
2026-09-11 20:41:41 hull-select 7218d933a764a12da4c58f8f5401ffd699ff9745 GroupApproximation/GGT/VanKampen/EdgeDeletionFaceCycles.lean GroupApproximation/GGT/VanKampen/PlanarVanKampen.lean
2026-09-11 20:42:14 simple-group 9cd4147d1fdabe8547aab902bb86cc1e88f16531 GroupApproximation/GroupTheory/HigmanThompson/BrownPresentation.lean
2026-09-11 20:42:31 leavitt-k1-attic 129a7be53c5a8cb17231fba022bf2ed29e79568d GroupApproximation/KOne/RegularizedDeterminant.lean GroupApproximation/KOne/ToeplitzRankTwo.lean
2026-09-11 20:42:38 agp-units e0f2f90ed8e47704c232dd482218abcf4f6f68a8 GroupApproximation/Algebra/PeirceElementaryCornerUnits.lean GroupApproximation/Leavitt/BinaryLeavittAllRanksUnits.lean GroupApproximation/Manuscript/NonMFSentences/IntroUnitGroupSentences.lean GroupApproximation/Manuscript/NonMFSentences/MFQuotientUnitsSteinberg.lean GroupApproximation/Manuscript/NonMFSentences/MFQuotientUnitsCornerUnits.lean GroupApproximation/Manuscript/NonMFSentences/MFQuotientUnitsItemB.lean GroupApproximation/Manuscript/NonMFSentences/MFQuotientUnitsStepOnePrinted.lean
2026-09-11 20:42:42 leavitt-ge f81b2de123ab4f0db96938fc84adef60aa314637 GroupApproximation/KOne/AryPencilEntry.lean GroupApproximation/Manuscript/OneSidedMFRadical/KhanhThanhDecompositionResidual.lean GroupApproximation/KOne/AryStackDichotomy.lean GroupApproximation/KOne/AryWindowProductClosure.lean GroupApproximation/KOne/AryGradedComponents.lean GroupApproximation/KOne/AryPrefixCodes.lean GroupApproximation/KOne/AryCodeChangeUnits.lean GroupApproximation/KOne/AryPureTailNilpotency.lean GroupApproximation/KOne/AryOppositeTranspose.lean GroupApproximation/KOne/AryShapeCalculus.lean GroupApproximation/KOne/AryCylinderCornerRank.lean GroupApproximation/KOne/AryRankNormalForm.lean GroupApproximation/KOne/AryNilpotentTailKill.lean GroupApproximation/KOne/AryThetaStable.lean GroupApproximation/KOne/AryZeroKOne.lean GroupApproximation/KOne/AryWidthTwoReduction.lean GroupApproximation/KOne/AryWindowNonnegReduction.lean GroupApproximation/KOne/AryWindowNonposReduction.lean GroupApproximation/KOne/AryPencilCodeMoves.lean GroupApproximation/KOne/AryRefineStep.lean GroupApproximation/KOne/AryCodeSupply.lean GroupApproximation/KOne/AryPencilForm.lean GroupApproximation/KOne/AryPencilReshape.lean GroupApproximation/KOne/AryEntrywiseKill.lean GroupApproximation/KOne/AryRefineLoopDischarge.lean GroupApproximation/Manuscript/OneSidedMFRadical/KhanhThanhDecompositionClosed.lean
2026-09-11 20:42:49 jacobson-attic 66dcaaf85ba66523d7c8884a9fe3fe4a1abf83e1 GroupApproximation/Algebra/LaurentBinaryLinearMF.lean GroupApproximation/Manuscript/OneSidedMFRadical/JacobsonRankTwoInert.lean GroupApproximation/Algebra/ValuedMatrixTwo.lean GroupApproximation/Algebra/FinitaryLinearBlocks.lean GroupApproximation/Kazhdan/LevelTreeAcyclic.lean
2026-09-11 20:43:20 dgo-geometric 85ade2397858ba42f72226a06ff80652d6477fe5 GroupApproximation/GGT/OsinChainLemma.lean
2026-09-11 20:43:25 simple-group 9c90448bca1bfc3a10d5a898312d0e9f2f18ee85 GroupApproximation/GroupTheory/HigmanThompson/ResidueInvariance.lean
2026-09-11 20:43:31 simple-group-attic aa24cedfa1e18ad6203e4aa324cae13c386a7915 GroupApproximation/GroupTheory/HigmanThompson/UniformWords.lean GroupApproximation/GroupTheory/HydeLodha/HigmanEpstein.lean
2026-09-11 20:44:07 hull-unbound 62c0912113aa418a3bcbfc81f9db8220d8a6f420 GroupApproximation/GGT/VanKampen/SurgeryInnerCollapseDarts.lean GroupApproximation/GGT/VanKampen/SurgeryInnerCollapseRegions.lean
2026-09-11 20:44:17 kh-torsion 789b1b556bf6ac48bfde11546182c36db6e9d233 GroupApproximation/GGT/VanKampen/OneFaceWordTrivial.lean GroupApproximation/GGT/VanKampen/EdgeDeletionFaces.lean GroupApproximation/GGT/KazhdanHypLiteralFilling.lean
2026-09-11 20:44:23 jacobson d08c8e5e7b04261e956d3fea81e4432322723784 GroupApproximation/Manuscript/OneSidedMFRadical/JacobsonRankTwoCarrier.lean
2026-09-11 20:44:57 hull-bridge 07a36877d7e80d4fc8f6b6b0760716e9575979ad GroupApproximation/Algebra/DiscreteStokesPaths.lean GroupApproximation/GGT/HullSCLemma51QuasiGeodesicTransfer.lean
2026-09-11 20:45:14 hull-select 1452a624bcdf968b5e3ed8afbcbf3f3d6a79c762 GroupApproximation/GGT/VanKampen/Estimating/OsinAppendixSectionMultipleEdge.lean GroupApproximation/GGT/VanKampen/Estimating/OsinAppendixSectionInduction.lean
2026-09-11 20:45:20 leavitt-ge-attic 9d13d1dc6c5ed583f5bf4eaa71afaffee97fb0db GroupApproximation/Manuscript/OneSidedMFRadical/KhanhThanhDecompositionClosed.lean
2026-09-11 20:46:00 jacobson 6bd80cf68390ade91663730ed7a3a5aab1059fe3 GroupApproximation/Manuscript/OneSidedMFRadical/JacobsonComplementarySentence.lean
2026-09-11 20:46:31 dgo-geometric 03c9fad28451f26c6355e85fb5e4ed593d00243c GroupApproximation/GGT/OsinQuasiFixedProduct.lean
2026-09-11 20:47:26 hull-unbound bec6e8f352d31f665c700ed0146b63718b87d36a GroupApproximation/GGT/VanKampen/GFaceSplitFaces.lean
2026-09-11 20:47:34 jacobson bb3efdf061db64da7072e4d12f071344c7f509f5 GroupApproximation/Kazhdan/LevelTreeAcyclic.lean
2026-09-11 20:47:48 simple-group 6eae856fe79cb1018a740e5b0d85f0d8cf15a86b GroupApproximation/GroupTheory/HigmanThompson/CompactCore.lean
2026-09-11 20:48:13 go-sr1 a2d8ead0d275eac3136594fb0fe022fbc35cd1b5 GroupApproximation/Manuscript/NonMF/GerasimovaOsinFreeSemigroupNorm.lean
2026-09-11 20:48:29 leavitt-k1 464137f6333df53bc3bac7b90f054b38291ecc7b GroupApproximation/KOne/RegularizedDeterminant.lean
2026-09-11 20:48:54 sec5-sentences 046cf3d92d4d3453e5f4cec1f481670554204b01 GroupApproximation/GGT/AcylindricallyHyperbolicLimitSetEasy.lean
2026-09-11 20:49:08 rescue-lix 9d5cf111f17966d76ca9e783d0560bb4579673fe GroupApproximation/Analysis/LIXPowersPinch.lean GroupApproximation/Analysis/LIXPowersNormalise.lean
2026-09-11 20:49:52 agp-units 6d9cda8c96f27344852f15abaeb623b5efc96883 GroupApproximation/Manuscript/NonMFSentences/CountableAbelianMFPrintedRoute.lean GroupApproximation/Manuscript/NonMFSentences/MFQuotientUnitsOffLastCorner.lean
2026-09-11 20:49:57 dgo-geometric 6c6ffa2a068f48c289e40d7a2f724c3ee0cc0b6d GroupApproximation/GGT/OsinFarQuasiStabilizer.lean
2026-09-11 20:50:14 rescue-lix-attic 2525ed98786aaf1176cc8916bb7ee4ed3baca317 GroupApproximation/Analysis/LIXPowersHomotopy.lean
2026-09-11 20:50:20 kh-torsion-attic c06bceeb22841d6417e96a7cfe3720cebf56259f GroupApproximation/GGT/VanKampen/PendantEdgeMap.lean GroupApproximation/GGT/VanKampen/VertexJoinMap.lean GroupApproximation/GGT/VanKampen/FoldMap.lean GroupApproximation/GGT/VanKampen/PendantEdgeWalks.lean
2026-09-11 20:50:29 leavitt-ge 8f413f38ad66a42b30407977e9d19ad9970f0ebe GroupApproximation/Kazhdan/FoxComplexZ.lean
2026-09-11 20:50:40 leavitt-k1-attic 8271a4793669429ec89bf0f9a6fcfcd939ce68f9 GroupApproximation/KOne/ToeplitzWordSpace.lean
2026-09-11 20:50:52 dgo-geometric ce8419e51760c9e2a317e585eac35d2c7a8a9433 GroupApproximation/GGT/PNaiveShadow.lean GroupApproximation/GGT/PNaiveTransversal.lean GroupApproximation/GGT/PNaiveChain.lean GroupApproximation/GGT/PNaiveDoubleCoset.lean GroupApproximation/GGT/AcylindricalEllipticOrEscaping.lean
2026-09-11 20:51:16 hull-unbound 161b519d5c3d474b6f2212adeafe4493c5262052 GroupApproximation/GGT/VanKampen/SurgeryInnerCollapseMerged.lean
2026-09-11 20:51:21 dgo-analytic 04cc4aa443fb91304895890e31cc13aaf24a555f GroupApproximation/Manuscript/NonMF/DGOTheorem235Slice.lean
2026-09-11 20:51:30 sec5-sentences 2d4bbd0084c492e79959c0c745a0016f260d0329 GroupApproximation/Manuscript/NonMF/TorsionFreeHullParagraphGeneral.lean
2026-09-11 20:51:36 dgo-geometric-attic a82c0d10f0513fbd6a6a87547d2a7025c72bd5d7 GroupApproximation/GGT/GerasimovaOsinCyclicWord.lean GroupApproximation/GGT/PNaivePingPong.lean GroupApproximation/GGT/PNaiveUniform.lean
2026-09-11 20:51:43 hull-respell bc101c6fc3bb9374035871402406687d206bb3cf GroupApproximation/GGT/HullSCCyclicPeripheralRemoval.lean GroupApproximation/GGT/HullSCUnconeExpansion.lean GroupApproximation/GGT/HullSCUnconeCosetCoordinates.lean GroupApproximation/GGT/HullSCOneStepQuasiGeodesicLeaves.lean GroupApproximation/GGT/HullSCAuxiliaryAdjoinFinite.lean
2026-09-11 20:51:52 leavitt-ge 3a912e98f07e11794e14c35fdc0d7d9a6daa4614 GroupApproximation/Kazhdan/FoxComplexLowExact.lean
2026-09-11 20:53:19 torsion-ring 016b44a730e29469941db427af82a45f95ed23a0 GroupApproximation/Manuscript/OneSidedMFRadical/TorsionComplementaryIdempotents.lean GroupApproximation/Manuscript/OneSidedMFRadical/TorsionComplementaryIdempotentsSignedPermutations.lean
2026-09-11 20:53:45 jacobson-attic 5a3a3758756b60cb0a0d63c039fce162faac0a11 GroupApproximation/Algebra/ValuedMatrixTwo.lean GroupApproximation/Algebra/ValuedMatrixTwoCartan.lean GroupApproximation/Kazhdan/BruhatTitsTwoTree.lean GroupApproximation/Algebra/FinitaryLinearBlocks.lean GroupApproximation/Manuscript/OneSidedMFRadical/JacobsonRankTwoInert.lean GroupApproximation/Algebra/LaurentBinaryLinearMF.lean
2026-09-11 20:54:26 leavitt-ge f3b93fee5e4423bbca0dff61a8d9b06ab38a99a0 GroupApproximation/Manuscript/OneSidedMFRadical/KhanhThanhDecompositionClosed.lean
2026-09-11 20:54:34 leavitt-ge 726371e96a9aae7cbd151e3e5d83876069e26bf5 GroupApproximation/Kazhdan/FreeGroupFoxHomotopy.lean
2026-09-11 20:54:51 agp-units 946460f3f759075ab354f02112faa99d4f51093a GroupApproximation/Manuscript/NonMFSentences/MFQuotientUnitsCongruencePrinted.lean
2026-09-11 20:55:00 sec3-sentences-attic 9b7fea5f4f483c575adfb8accf8299cbef61d23d GroupApproximation/Manuscript/NonMFSentences/RankTwoPrintedSteps.lean
2026-09-11 20:56:15 simple-group 95d972b3efc0ddfb63d8890d2abbb6820803e357 GroupApproximation/GroupTheory/HigmanThompson/CompactCoreGerms.lean
2026-09-11 20:56:53 simple-group 7266845c2f8bbd783d6c690a39d451ec2b811f97 GroupApproximation/GroupTheory/HydeLodha/HigmanEpstein.lean GroupApproximation/GroupTheory/HigmanThompson/UniformWords.lean
2026-09-11 20:57:10 hull-select-attic cf5cc8fa86383b885719401c2ff57b7d95d09a52 GroupApproximation/GGT/VanKampen/FaceCycle.lean GroupApproximation/GGT/VanKampen/EdgeDeletionFaceCycles.lean
2026-09-11 20:57:21 dgo-geometric 10b81e31f19de4920f1e94f36f13f50e3d447d94 GroupApproximation/GGT/OsinUniformlyProperSteps.lean
2026-09-11 20:57:44 jacobson 445d77ea2b4f02d7f2791dda1919b7d54d259c4a GroupApproximation/Manuscript/OneSidedMFRadical/JacobsonRankTwoInert.lean
2026-09-11 20:58:09 simple-group-attic b6fdae18526a317ae0ccf55d8e51857f5a7388ec GroupApproximation/GroupTheory/HigmanThompson/GeometricF.lean
2026-09-11 20:58:32 sec3-sentences e2a6257a2905a3359f44d859cd8c8f8d2ce7504b GroupApproximation/Manuscript/NonMFSentences/RankTwoPrintedSteps.lean
2026-09-11 20:58:59 torsion-ring 19e04b189cbda225a420fa0f125c48f6c1727ec8 GroupApproximation/Manuscript/OneSidedMFRadical/TorsionComplementaryIdempotentsJacobson.lean GroupApproximation/Manuscript/OneSidedMFRadical/TorsionComplementaryIdempotentsSentences.lean
2026-09-11 21:00:12 jacobson-attic 428b0f6367f838316b7d985297ec07f832993b81 GroupApproximation/Algebra/ValuedMatrixTwo.lean GroupApproximation/Algebra/LaurentBinaryLinearMF.lean GroupApproximation/Algebra/FinitaryLinearBlocks.lean
2026-09-11 21:00:24 leavitt-ge 41ba372b58d760dc8e306f6765a31088ab619c58 GroupApproximation/Kazhdan/FoxFreeCalculus.lean
2026-09-11 21:01:07 dgo-geometric 1bf43864b9868132c53d4c5f5150d7996d18adc4 GroupApproximation/GGT/OsinUniformlyProper.lean
2026-09-11 21:01:21 rescue-lix 00b07a9b968510ac7d0628484af3da32bb3d246f GroupApproximation/Analysis/LIXPowersHomotopy.lean GroupApproximation/Analysis/LIXPowersChain.lean GroupApproximation/Analysis/LIXPowersExport.lean
2026-09-11 21:01:25 leavitt-ge b052922900c7f76e23e869c04ca17037b0c7f848 GroupApproximation/Kazhdan/FoxRelationSequence.lean
2026-09-11 21:01:30 sec3-sentences-attic 52746794fc580b92e9c35010ac9f6d6bab7ea6f3 GroupApproximation/Manuscript/NonMFSentences/FullDefectAllRanksSentences.lean GroupApproximation/Manuscript/NonMFSentences/FullDefectCornerRemark.lean GroupApproximation/Manuscript/NonMFSentences/UniversalRingSentences.lean
2026-09-11 21:01:36 sec5-sentences-attic e2607106f22635510073b31b88be08c20b1d51cc GroupApproximation/GGT/GromovSequentialBoundary.lean GroupApproximation/GGT/AcylindricallyHyperbolicLimitSetEasy.lean GroupApproximation/Manuscript/NonMF/TorsionFreeSectionSentences.lean GroupApproximation/Manuscript/NonMF/TorsionFreeHullParagraphGeneral.lean GroupApproximation/Manuscript/NonMF/TorsionFreeHullPrintedLeastArea.lean
2026-09-11 21:01:48 leavitt-ge 38172e61dc1c4d0d28dd83265618a8fc239d6ecc GroupApproximation/Kazhdan/FoxComplexExact.lean
2026-09-11 21:02:03 dgo-analytic 2a711b6bd7190944bf718b013714fc252049a5b9 GroupApproximation/Algebra/NaiveFreeProductPingPong.lean GroupApproximation/Analysis/PowersAveragingComposition.lean GroupApproximation/Manuscript/NonMF/DGO235PrintedFromGeometry.lean
2026-09-11 21:02:16 hull-respell d5cc414536087e19a194c2701a63d351e9955e43 GroupApproximation/GGT/HullSCUnconePathPoints.lean
2026-09-11 21:02:53 jacobson dd809cfb088f908b8c39c77cff0ef7ed77faa608 GroupApproximation/Algebra/FinitaryLinearBlocks.lean GroupApproximation/Algebra/LaurentBinaryLinearMF.lean GroupApproximation/Algebra/LaurentBinaryPlaces.lean GroupApproximation/Algebra/ValuedMatrixTwo.lean
2026-09-11 21:03:03 dgo-geometric-attic 0abac0bedbe09f5b89d5ad94a52533109fe2410c GroupApproximation/GGT/PNaivePingPong.lean
2026-09-11 21:03:19 sec5-sentences 40d4e1c8d5a9c986748ee736b10f354502a90694 GroupApproximation/Manuscript/NonMF/TorsionFreeSaturationFromCorrected.lean
2026-09-11 21:03:44 sec3-sentences c043f3fc486d981bc6304dc878900246c2bad207 GroupApproximation/Manuscript/NonMFSentences/FullDefectAllRanksSentences.lean GroupApproximation/Manuscript/NonMFSentences/FullDefectCornerRemark.lean GroupApproximation/Manuscript/NonMFSentences/UniversalRingSentences.lean
2026-09-11 21:04:03 simple-group 10397d89cdeb37cc9ec836ac1a9d48053163975d GroupApproximation/GroupTheory/HigmanThompson/GeometricF.lean GroupApproximation/GroupTheory/HigmanThompson/PLMoves.lean GroupApproximation/GroupTheory/HigmanThompson/ResidueInvariance.lean GroupApproximation/GroupTheory/HigmanThompson/CompactConj.lean GroupApproximation/GroupTheory/HigmanThompson/CompactCore.lean
2026-09-11 21:04:06 simple-group d7a7dc2ae04616ad2e8210c32516ab47e9465bd1 GroupApproximation/GroupTheory/HydeLodha/PeriodicCore.lean
2026-09-11 21:04:09 go-sr1 43224712a4e00a9e7e688d9e27997da5eab9ba57 GroupApproximation/Analysis/RordamDistanceOne.lean GroupApproximation/Manuscript/NonMF/GerasimovaOsinCombingSum.lean GroupApproximation/Manuscript/NonMF/GerasimovaOsinAlternatingWord.lean
2026-09-11 21:04:20 hull-unbound 54c72af42f19945abb41e3256d4fbb1af4e5ba66 GroupApproximation/GGT/VanKampen/GFaceSplitCorners.lean
2026-09-11 21:05:17 simple-group-attic cc8140de5759d2a2aa1a620fbc515e24a14be1ad GroupApproximation/GroupTheory/HigmanThompson/CompactTrunc.lean GroupApproximation/GroupTheory/HigmanThompson/CompactCoreGerms.lean
2026-09-11 21:05:20 hull-respell 5e494ef9a53aa5300fc6574b645827040ea563ae GroupApproximation/GGT/HullSCUnconeLemmaA.lean GroupApproximation/GGT/HullSCUnconeWalk.lean
2026-09-11 21:05:24 kh-torsion 2bc53e089e6d844ebe9c496adbe9922a9485d836 GroupApproximation/GGT/VanKampen/VertexJoinMap.lean GroupApproximation/GGT/VanKampen/FoldMap.lean
2026-09-11 21:05:57 jacobson-attic 37190f190e73e0abfea7f64184d0bd08172d434d GroupApproximation/Algebra/ValuedMatrixTwoCartan.lean GroupApproximation/Algebra/FinitaryLinearBinarySimple.lean GroupApproximation/Algebra/FinitaryLinearBinarySLUnion.lean
2026-09-11 21:06:49 sec5-sentences-attic 730254f5b865c989812312764db53f9806471b23 GroupApproximation/Manuscript/NonMF/TorsionFreeLiteratureInputsLeastArea.lean
2026-09-11 21:06:52 kh-torsion-attic 85fb2f7fc817453a229c5b89261dd61a5aaa4f71 GroupApproximation/GGT/VanKampen/PendantEdgeMap.lean GroupApproximation/GGT/VanKampen/PendantEdgeWalks.lean
2026-09-11 21:06:55 hull-select c3d5885dda4c0520cc749d73bc1848337536c15b GroupApproximation/GGT/VanKampen/Estimating/OsinAppendixSectionDegenerate.lean
2026-09-11 21:07:11 kh-torsion 958ac3750a897091d6340fecaf377adfc7cc75ba GroupApproximation/GGT/KazhdanHypLiteralFillingDegree.lean
2026-09-11 21:07:15 hull-bridge 98ec0a5bb4497dd98413267631cc555c1e71b903 GroupApproximation/Algebra/LinearStokesQuadrangle.lean GroupApproximation/GGT/HullSCLemma51EmbeddedBridge.lean GroupApproximation/GGT/HullSCLemma44BoundedBridge.lean GroupApproximation/GGT/HullSCLemma44BoundedFamilyBridge.lean GroupApproximation/GGT/HullSCLemma44BoundedLeastAreaFamilyBridge.lean GroupApproximation/GGT/HullSCLemma44BoundedInput.lean
2026-09-11 21:07:28 dgo-geometric b913437eca24f1f9782fda7d7c11cf5407348141 GroupApproximation/GGT/PNaiveUniform.lean GroupApproximation/GGT/GerasimovaOsinCyclicWord.lean GroupApproximation/GGT/OsinChainLemma.lean GroupApproximation/GGT/OsinQuasiFixedProduct.lean GroupApproximation/GGT/OsinFarQuasiStabilizer.lean
2026-09-11 21:07:36 leavitt-ge-attic b005f856b781254a57e066a698d9b6d0ea5878d7 GroupApproximation/Kazhdan/FoxComplexZ.lean GroupApproximation/Kazhdan/FoxFreeCalculus.lean
2026-09-11 21:07:41 hull-unbound 60c68d5b6def435849d59c9279104484c9678d39 GroupApproximation/GGT/VanKampen/GFaceSplitFaces.lean GroupApproximation/GGT/VanKampen/GFaceSplitCorners.lean
2026-09-11 21:08:39 dgo-geometric 62dd27210a24e2834c316fe096b2d41895963d3b GroupApproximation/GGT/OsinTheorem11.lean
2026-09-11 21:08:42 go-sr1 0f82b38c28823296308ea9545ba14dc0706bafff GroupApproximation/Manuscript/NonMF/GerasimovaOsinLemma43.lean
2026-09-11 21:08:46 dgo-geometric-attic 4ac077236eea7a76b122fe881ec2a47d6141bc46 GroupApproximation/GGT/GerasimovaOsinCyclicTwoSided.lean
2026-09-11 21:09:39 sec5-sentences 8688f1f89e53844cb6185101a5e92268e695a281 GroupApproximation/Manuscript/NonMF/TorsionFreeSectionSentences.lean GroupApproximation/GGT/GromovSequentialBoundary.lean GroupApproximation/GGT/AcylindricallyHyperbolicLimitSetEasy.lean GroupApproximation/Manuscript/NonMF/TorsionFreeHullParagraphGeneral.lean
2026-09-11 21:09:59 jacobson 710cc4c94f2823bb0a4440dfb50ebdc45dadcb26 GroupApproximation/Algebra/FinitaryLinearBinarySimple.lean GroupApproximation/Algebra/FinitaryLinearBinarySLUnion.lean
2026-09-11 21:11:47 hull-select-attic 4c6b20259306ea6db7c82c9012a31fd7a39f003b GroupApproximation/GGT/VanKampen/Estimating/OsinAppendixSections.lean GroupApproximation/GGT/VanKampen/Estimating/OsinAppendixSectionBridge.lean GroupApproximation/GGT/VanKampen/Estimating/OsinAppendixSectionDarts.lean GroupApproximation/GGT/VanKampen/Estimating/OsinAppendixSectionInduction.lean
2026-09-11 21:12:09 go-sr1 c11e3f0999469179edc224d0beff28e0b2640fcc GroupApproximation/Manuscript/NonMF/GerasimovaOsinCombingConstruction.lean GroupApproximation/Manuscript/NonMF/GerasimovaOsinLemma48.lean GroupApproximation/Manuscript/NonMF/GerasimovaOsinProposition41.lean
2026-09-11 21:12:18 simple-group 1f7aef281ac0d3476175c60355256b8bfa65a7a7 GroupApproximation/GroupTheory/HigmanThompson/CompactTrunc.lean GroupApproximation/GroupTheory/HigmanThompson/CompactCoreGerms.lean
2026-09-11 21:12:25 simple-group 907310bd0703c2e52277e6dea4d8c5b183f02828 GroupApproximation/GroupTheory/HydeLodha/GammaTwo.lean
2026-09-11 21:12:33 kh-torsion 988a30a53977c8d538963c4f0bbc7adac18c6303 GroupApproximation/GGT/KazhdanHypSymRelators.lean GroupApproximation/GGT/KazhdanHypSymmetrizedFilling.lean
2026-09-11 21:12:59 kh-torsion 775aa08e4d6057d02fe53c339fa0dcbe48e8e1ae GroupApproximation/GGT/VanKampen/PendantEdgeMap.lean GroupApproximation/GGT/VanKampen/PendantEdgeWalks.lean
2026-09-11 21:13:19 dgo-analytic d748a8d40f61e555e04721448b89ea5f8add2c82 GroupApproximation/Analysis/PowersAveragingFromPartition.lean GroupApproximation/Analysis/PowersPingPongEstimate.lean
2026-09-11 21:13:47 go-sr1 c285d36ad1996884890ca9d3b0a8980193e59761 GroupApproximation/Manuscript/NonMF/DykemaDeLaHarpeTheorem14Proof.lean
2026-09-11 21:13:53 hull-respell e02f5f27aaf1fe561033ba03778f9486eeade69f GroupApproximation/GGT/HullSCBoundedImageEmbeddingLeastArea.lean GroupApproximation/GGT/RelHypProp23FromLeastAreaLeaves.lean
2026-09-11 21:13:56 kh-hyperbolic 77d56a682bf4d822f0095bbe37d22b3d8be1491e experiments/kms_ghb7_quotient/README.md experiments/kms_ghb7_quotient/kms_quotient_check.py
2026-09-11 21:14:01 hull-respell-attic 9b3ca22cb7081d4ef56e0d6603d47b3f647c634e GroupApproximation/GGT/HullSCBoundedImageEmbedding.lean
2026-09-11 21:14:39 hull-unbound 64e1a784fca6ba2f79c59b2edab78f5e2a6ca9cb GroupApproximation/GGT/VanKampen/GFaceQuadrilateralRegion.lean
2026-09-11 21:14:45 hull-respell 31feff72426632a3335c804b8190bd72e785707d GroupApproximation/GGT/HullSCUnconeLemmaB.lean GroupApproximation/GGT/HullSCUnconeSides.lean
2026-09-11 21:15:12 simple-group-attic d3dc64fc419e5efd9d40c51950cd308a2a5544c9 GroupApproximation/GroupTheory/HigmanThompson/CompactRangeA.lean GroupApproximation/GroupTheory/HigmanThompson/CompactRangeB.lean GroupApproximation/GroupTheory/HydeLodha/PeriodicCore.lean
2026-09-11 21:15:41 kh-torsion-attic 1939d82751744f73d723adba73bfa8e66f12fcae GroupApproximation/GGT/KazhdanHypLiteralFillingDegree.lean GroupApproximation/GGT/VanKampen/PendantEdgeDiagram.lean
2026-09-11 21:16:06 leavitt-ge b89dd8b510ecebe167c5d78d3d4a7ee9a06baf80 GroupApproximation/Kazhdan/FoxComplexZ.lean GroupApproximation/Kazhdan/FoxComplexLowExact.lean GroupApproximation/Kazhdan/FreeGroupFoxHomotopy.lean GroupApproximation/Kazhdan/FoxFreeCalculus.lean
2026-09-11 21:16:19 sec5-sentences d9e6f859fff7927c897fd2d23241a7dfa2d55cea GroupApproximation/Manuscript/NonMF/TorsionFreeLimitSetNotion.lean
2026-09-11 21:16:46 dgo-geometric 9b369d7361358c647c14d9fa2d908199b8d5cf8a GroupApproximation/GGT/OsinLinealAxis.lean GroupApproximation/GGT/OsinLinealExclusion.lean
2026-09-11 21:16:55 kh-hyperbolic f2d8712cd9d1fe16d1d4887f097107014c56f2fa GroupApproximation/Kazhdan/KMSGroupPresentation.lean
2026-09-11 21:17:06 leavitt-ge-attic e7ccef753c9e65976a84824e71340c2340d004ca GroupApproximation/Kazhdan/FoxRelationSequence.lean
2026-09-11 21:17:17 hull-bridge c2185b6a2b009228242de836e327a029655e28e7 GroupApproximation/Algebra/HyperbolicLinearStokes.lean GroupApproximation/Algebra/QuotientLinearStokes.lean GroupApproximation/GGT/HullSCLemma51QuotientStokes.lean GroupApproximation/GGT/HullSCLemma51EmbeddedProducer.lean
2026-09-11 21:17:24 leavitt-k1 994afa75dee52be8725bf75ed1427fd66ea11ab5 GroupApproximation/KOne/ToeplitzWordSpace.lean
2026-09-11 21:17:30 sec5-sentences 5c9df7f240c7bbda44ea70c0b556725d99e19cb6 GroupApproximation/Manuscript/NonMF/TorsionFreeLimitSetEndpoints.lean
2026-09-11 21:17:40 simple-group b842a215157cab6c2ac3e1ab1fb28aac3e1e5ae2 GroupApproximation/GroupTheory/HydeLodha/CommutatorGeneration.lean
2026-09-11 21:18:17 hull-bridge 01af56711c500c90f4d7df2dbaf16f7d78dfe7c1 GroupApproximation/Algebra/CayleyPathVertices.lean GroupApproximation/Algebra/BowditchH4.lean GroupApproximation/Algebra/BowditchFellowTraveller.lean GroupApproximation/Algebra/BowditchCorner.lean GroupApproximation/Algebra/BowditchTriangle.lean
2026-09-11 21:18:47 hull-select 91ef6bb32fa9b40343be9eb5c909ca9755e07eda GroupApproximation/GGT/VanKampen/VanKampenMerge.lean
2026-09-11 21:19:04 go-sr1-attic dc96d178600dd6b52687bd35789511c2c33ea44b GroupApproximation/Manuscript/NonMF/GerasimovaOsinLemma44.lean GroupApproximation/Manuscript/NonMF/GerasimovaOsinLemma48.lean GroupApproximation/Manuscript/NonMF/GerasimovaOsinCombingNorm.lean
2026-09-11 21:19:08 go-sr1 936f272a819610f6e1e6ffd23d30da9907c6ebc2 GroupApproximation/Manuscript/NonMF/GerasimovaOsinTheorem11Closed.lean
2026-09-11 21:19:33 dgo-geometric 102f16b58ad60341286f3d4d7d788c0e86920f3d GroupApproximation/GGT/OsinLimitSetSpelling.lean
2026-09-11 21:19:42 jacobson-attic 0a3c03ba6f59f069c8e73d2b6e33d55a66fc9378 GroupApproximation/Algebra/ValuedMatrixTwoCartan.lean GroupApproximation/Algebra/FinitaryLinearBinaryPower.lean
2026-09-11 21:20:12 sec4-sentences 890c2aa4d5466f6eb402002b46c37e841acdad7a GroupApproximation/Analysis/KestenAmenability.lean
2026-09-11 21:20:58 dgo-analytic 14914dfd2e28f117d40f3be7b9331d5a13ef29a2 GroupApproximation/Analysis/PowersAveragingFromPowersProperty.lean GroupApproximation/Analysis/ConjugateAveragingCriterion.lean GroupApproximation/Manuscript/NonMF/DGO235FromPowersProperty.lean GroupApproximation/Manuscript/NonMF/DGO235PowersRoute.lean GroupApproximation/Manuscript/NonMF/DGO235FromNaiveFreeProduct.lean
2026-09-11 21:21:08 sec2-sentences-attic 3a08dfe6a8a9767813e3f45ecbe6f77a72bdec9d GroupApproximation/Manuscript/NonMFSentences/CompressionSentencesB.lean GroupApproximation/Manuscript/NonMFSentences/CompressionSentencesB2.lean GroupApproximation/Manuscript/NonMFSentences/TransportCharacterizationIffSentence.lean GroupApproximation/Manuscript/NonMFSentences/CentralCoronaCornerRanks.lean GroupApproximation/Manuscript/NonMFSentences/NormalKazhdanUltrafilterRoute.lean GroupApproximation/Manuscript/NonMFSentences/KazhdanProjectionExistenceSentence.lean GroupApproximation/Manuscript/NonMFSentences/MFRadicalQuotientBlockSumSentences.lean GroupApproximation/Manuscript/NonMFSentences/DyadicReductionSeparation.lean
2026-09-11 21:21:31 sec5-sentences-attic b1fd7a7cbdad5c5aea6e442e20c285c737442f0e GroupApproximation/Manuscript/NonMF/TorsionFreeLiteratureInputsLeastArea.lean GroupApproximation/Manuscript/NonMF/TorsionFreeLimitSetEndpoints.lean
2026-09-11 21:21:49 hull-select-attic e30491fe75b34e21d31ee7e0053abf473948f12e GroupApproximation/GGT/VanKampen/VanKampenMerge.lean
2026-09-11 21:21:54 simple-group daffd6e7ccb7f411054e0cb50f8b7d2ec3e46fdd GroupApproximation/GroupTheory/HigmanThompson/CompactRangeA.lean
2026-09-11 21:21:59 jacobson 53c31c92fda4cda2b4cdb35785850c4ef31cf8a4 GroupApproximation/Kazhdan/HaagerupUnion.lean
2026-09-11 21:22:23 leavitt-k1-attic 4ca378f3fec5f4bd05abf2a701866cf5a8f540b4 GroupApproximation/KOne/ToeplitzLeavittLift.lean GroupApproximation/KOne/ToeplitzRankTwo.lean GroupApproximation/KOne/LeavittKOneScalarKernel.lean
2026-09-11 21:22:31 go-sr1 eecec2bdb07821ddbb1112f253b3f5a0d30b12c0 GroupApproximation/Manuscript/NonMF/GerasimovaOsinCombingNorm.lean GroupApproximation/Manuscript/NonMF/GerasimovaOsinLemma44.lean GroupApproximation/Manuscript/NonMF/GerasimovaOsinLemma45.lean
2026-09-11 21:22:41 simple-group 1c6af8086a5a21f9b35327ee1ccd012af0ecd93f GroupApproximation/GroupTheory/HydeLodha/GammaTwoPeriodic.lean
2026-09-11 21:22:46 simple-group-attic 9dfe111bff1aef69bc92272d1c2e272cf9708f00 GroupApproximation/GroupTheory/HigmanThompson/CompactRangeB.lean
2026-09-11 21:23:20 lix-evenside-n 1aaaa40d6a758d4ae5ed679b36024df6e69c25b5 GroupApproximation/CharClass/LIXStepDGenModP.lean GroupApproximation/CharClass/LIXStepDGenHalf.lean
2026-09-11 21:23:44 fff-periodic-attic ee0c26d19f2eff5ff0d7c8ad98db514018789a4c GroupApproximation/GroupTheory/HydeLodha/PeriodicCore.lean
2026-09-11 21:24:34 dgo-geometric-attic 14719900a04edae72a2229f472d786db24c43f48 GroupApproximation/GGT/PNaivePingPong.lean GroupApproximation/GGT/OsinLimitSetSpelling.lean
2026-09-11 21:24:47 sec2-sentences 3d48bf8efacc0b7e548aa2ab431b59f8d350e5b2 GroupApproximation/Manuscript/NonMFSentences/CompressionSentencesA.lean GroupApproximation/Manuscript/NonMFSentences/TransportCharacterizationIffSentence.lean GroupApproximation/Manuscript/NonMFSentences/CentralCoronaCornerRanks.lean
2026-09-11 21:24:55 hull-bridge c910e3c9fa36ca19c4d1800fad457f66025d1fc0 GroupApproximation/Algebra/BowditchCentre.lean GroupApproximation/Algebra/BowditchCentreAssembly.lean GroupApproximation/Algebra/BowditchSlim.lean GroupApproximation/Algebra/LinearIsoperimetricHyperbolic.lean
2026-09-11 21:25:01 leavitt-ge f7f9eec2c6ff5858dcab791f251a103d93a37dc0 GroupApproximation/Kazhdan/FoxRelationSequence.lean GroupApproximation/Kazhdan/FoxComplexExact.lean
2026-09-11 21:25:08 lix-oddside-n 69b2bd3324963efba3d36e0ecbc4851083cf9644 GroupApproximation/CharClass/LIXKGenSect.lean
2026-09-11 21:25:17 lix-evenside-n-attic e644de5e045b478bbce870b011c418bef660f214 GroupApproximation/CharClass/LIXStepDGenHalf.lean
2026-09-11 21:25:37 kh-torsion f15bd829ad8b83919a75824b7169f87310413819 GroupApproximation/GGT/KazhdanHypLiteralFillingDegree.lean GroupApproximation/GGT/VanKampen/PendantEdgeDiagram.lean GroupApproximation/GGT/KazhdanHypSymmetrizedFilling.lean
2026-09-11 21:25:44 hull-unbound-attic a5f072e92d93c7e3d041216fbb373a0e2dd073b3 GroupApproximation/GGT/VanKampen/GFaceQuadrilateralRegion.lean
2026-09-11 21:26:16 kh-torsion 0a55337bdc19a3c7a9db9a731ab842e1dfbeabbb GroupApproximation/GGT/VanKampen/FoldFaceCycles.lean
2026-09-11 21:26:24 simple-group 23c01810a075cffaf79aa16007e93f9e76831945 GroupApproximation/GroupTheory/HigmanThompson/CompactRangeB.lean
2026-09-11 21:26:33 dgo-analytic 47c5d4b441f0508d35eaf48129c698e5693b5c08 GroupApproximation/Analysis/PowersAveragingSingleClass.lean
2026-09-11 21:26:43 lix-thom d06e1ce09d1511c9b33e192e7d411e453336e9a0 GroupApproximation/CharClass/ThomStepCEulerOf.lean
2026-09-11 21:26:50 lix-thom-attic e106ff1c1b505703b598f5a549ee4ccf26b720d3 GroupApproximation/CharClass/GysinFromGraded.lean GroupApproximation/CharClass/ThomBridgeChart.lean GroupApproximation/CharClass/ThomBundlePair.lean
2026-09-11 21:27:12 lix-cupone d244e90db04c7bd3a866f96bfcbdafa648582a92 GroupApproximation/CharClass/KroneckerSphereHomology.lean GroupApproximation/CharClass/KroneckerSphere.lean
2026-09-11 21:27:18 rescue-lix 852a5e45af349fcfc72337df07a406e1a58fd53d GroupApproximation/Manuscript/NinetyNineProblems/ProblemLIXStrongAssembly.lean
2026-09-11 21:27:21 rescue-lix-attic cfbf8ca424e227d713dee3b41ffe968fab0dcbd5 GroupApproximation/Manuscript/NinetyNineProblems/ProblemLIXStrong.lean
2026-09-11 21:27:35 lix-coeff 09bbb409d844339597a75e2631cd7607e6927c96 GroupApproximation/CharClass/RelHomotopyIdentity.lean GroupApproximation/CharClass/RelativeSplitField.lean GroupApproximation/CharClass/RelativeSubspaceIsoOf.lean GroupApproximation/CharClass/RelativeProdContractibleOf.lean
2026-09-11 21:28:04 leavitt-k1 055b135a158439e3f3f714b457a6b25ec7472d6c GroupApproximation/KOne/ToeplitzLeavittLift.lean
2026-09-11 21:28:11 jacobson adf930ff03c58352268d9eb81381de029b2b980c GroupApproximation/Kazhdan/HaagerupAffineSums.lean
2026-09-11 21:28:22 dgo-analytic 0cdf0b9242dc576df5c499520742348b60c7df95 GroupApproximation/Manuscript/NonMF/SimpleUniqueTraceFromNaiveFreeProduct.lean
2026-09-11 21:28:36 dgo-geometric 2ec9cfdba53a94c254b55885ab5ee9ae36ba46a1 GroupApproximation/GGT/GerasimovaOsinCyclicTwoSided.lean GroupApproximation/GGT/OsinUniformlyProperSteps.lean GroupApproximation/GGT/OsinUniformlyProper.lean GroupApproximation/GGT/OsinTheorem11.lean
2026-09-11 21:28:41 simple-group-attic 492323dfa058e5152b0591cd121390ab4d2899d3 GroupApproximation/GroupTheory/HydeLodha/CommutatorGeneration.lean
2026-09-11 21:28:49 sec5-sentences-attic c79537599d41a7155311498b753f2480b763e518 GroupApproximation/Manuscript/NonMF/TorsionFreeLiteratureInputsLeastArea.lean GroupApproximation/Manuscript/NonMF/TorsionFreeLimitSetEndpoints.lean
2026-09-11 21:29:08 go-sr1 f7b691de1c3ed575c1fc227eaad96ec1c58731cb GroupApproximation/Manuscript/NonMF/GerasimovaOsinCombingConstruction.lean
2026-09-11 21:29:16 lix-lh 0b20e149e4cf11d37f7f4b14932000e83ff29e48 GroupApproximation/CharClass/ChernTotalRingOf.lean
2026-09-11 21:29:35 lix-lh-attic e8c44817be9d28cde2db9f45c78fefb405350383 GroupApproximation/CharClass/CohomologyChartFreeness.lean GroupApproximation/CharClass/CohomologyChartGenBridge.lean GroupApproximation/CharClass/CohomologyChartInduction.lean GroupApproximation/CharClass/CohomologyChartRankTwoInterface.lean GroupApproximation/CharClass/CohomologyChartTower.lean GroupApproximation/CharClass/CohomologyChartTowerTop.lean GroupApproximation/CharClass/ProjectiveSpaceGenHyp.lean GroupApproximation/CharClass/LerayHirschCover.lean
2026-09-11 21:29:52 jacobson 765c0196c727108ecd972a7af4558d9de6b926ff GroupApproximation/Algebra/FinitaryLinearBinaryPower.lean
2026-09-11 21:29:58 dgo-geometric-attic d88fb28297d5e9f2d0e864b00f24fb9152c2c421 GroupApproximation/GGT/PNaiveAcylindrical.lean
2026-09-11 21:30:09 jacobson c6fe9f03528da8fa532c2c03ec29c297468d4968 GroupApproximation/Algebra/LaurentBinaryHaagerup.lean
2026-09-11 21:30:13 lix-tower d90e1b849dfe68dc7b4b9cbd08c9f4d40aaee485 GroupApproximation/Analysis/LIXCor4PowersShape.lean
2026-09-11 21:30:17 sec4-sentences ac0342248e4533380cdffef76d240b549e64e59c GroupApproximation/Analysis/LanceMaximalReiter.lean GroupApproximation/Analysis/LanceMaximalNuclear.lean GroupApproximation/Sofic/CliffordWitnessHSRemark.lean GroupApproximation/Manuscript/NonMFSentences/AmenableTraceSentencesB.lean GroupApproximation/Manuscript/OneSidedMFRadical/MaximalCStarWNotNuclear.lean
2026-09-11 21:30:38 sec5-sentences 2187b804e4ead89afff2b568bc5277e40b3066c1 GroupApproximation/Manuscript/NonMF/TorsionFreeLeastAreaAssembly.lean GroupApproximation/Manuscript/NonMF/TorsionFreeOsinNotion.lean GroupApproximation/Manuscript/NonMF/TorsionFreeHullPrintedLeastArea.lean
2026-09-11 21:30:53 lix-cupone-attic 43caa525f3373b5be2103c8c97a2c9662b700f44 GroupApproximation/CharClass/KroneckerSphereHomology.lean GroupApproximation/CharClass/KroneckerSphere.lean
2026-09-11 21:31:10 hull-respell 3832abdb7c4bef18a7f8525cd8f6f9b3d76d0be4 GroupApproximation/GGT/HullSCUnconeThin.lean GroupApproximation/GGT/HullSCLemma44BoundedJointRespellingHullRelator.lean GroupApproximation/GGT/HullSCBoundedImageEmbedding.lean GroupApproximation/GGT/HullSCBoundedImageEmbeddingLeastArea.lean GroupApproximation/GGT/RelHypOsin24PublishedHullStep.lean GroupApproximation/GGT/RelHypProp23FromHullStep.lean GroupApproximation/GGT/RelHypProp23FromLeastAreaLeaves.lean
2026-09-11 21:31:58 lix-coeff f54bd92fe2b8591fa9deee58e6a2c71832e2a906 GroupApproximation/CharClass/RelativeLocalModelOf.lean
2026-09-11 21:32:12 leavitt-k1-attic b637b3dab8779cb0a3be2c714ab6157a9c7e0281 GroupApproximation/KOne/ToeplitzRankTwo.lean GroupApproximation/KOne/LeavittKOneScalarKernel.lean
2026-09-11 21:32:58 sec2-sentences f88d7583067baf1abe1478839527ba971264178e GroupApproximation/Manuscript/NonMFSentences/CompressionSentencesB.lean GroupApproximation/Manuscript/NonMFSentences/HSOperatorNormGapSentences.lean GroupApproximation/Manuscript/NonMFSentences/KazhdanProjectionExistenceSentence.lean
2026-09-11 21:33:48 sec4-sentences 029b756d7872788da88f6f1c4e3c1ce7a23a2f33 GroupApproximation/Manuscript/OneSidedMFRadical/MaximalCStarWNotNuclearUnconditional.lean
2026-09-11 21:34:05 lix-coeff-attic 652e20fccb78e50236f6b73d208d00240abf1a45 GroupApproximation/CharClass/RelativeLocalModelOf.lean
2026-09-11 21:34:13 kh-torsion 062ca1c5316e2e06a8352d721e6dd4874290a49e GroupApproximation/GGT/VanKampen/FoldTransport.lean
2026-09-11 21:34:52 simple-group eaaf7fb676d7ad8ae428f547fe8877847b823bd0 GroupApproximation/GroupTheory/HydeLodha/CommutatorGeneration.lean
2026-09-11 21:34:59 lix-descent-attic 2fc0c8bd8d0bc7aced1d395b72d78ce552be499e GroupApproximation/CharClass/OddPDescentDomino.lean GroupApproximation/CharClass/OddPDescentValue.lean
2026-09-11 21:35:16 lix-descent 854bddeb281d030ebcf19aa181121f71e57db0fd notes/lix-stronger-lane-reports/lix-descent.md notes/lix-stronger-lane-reports/tools/descent_levels.py
2026-09-11 21:35:24 jacobson-attic 78fc36f5379b91d3250fda80c9d5ec72beae3590 GroupApproximation/Algebra/ValuedMatrixTwoCartan.lean GroupApproximation/Algebra/FinitaryLinearTransvections.lean GroupApproximation/Algebra/FinitaryLinearFiniteRank.lean
2026-09-11 21:35:29 hull-bridge 8fbe2df439b8aa4d11c7254c58fa373dae9c4c59 GroupApproximation/Algebra/HyperbolicLinearStokes.lean
2026-09-11 21:35:50 lix-thom-attic cfa2f2dea1d9ab6d8bf4790b10c3497ecdaabf59 GroupApproximation/CharClass/ThomStepCEulerOf.lean
2026-09-11 21:36:00 sec5-sentences 4b56e4c0cb93f4f67e59a2c48a1498bf34143210 GroupApproximation/Manuscript/NonMF/TorsionFreeSectionSentencesLeastArea.lean
2026-09-11 21:36:04 hull-select be09939843c5b01a3fb65c68c159483f631d0f25 GroupApproximation/GGT/VanKampen/FaceCycle.lean GroupApproximation/GGT/VanKampen/EdgeDeletionFaceRotation.lean
2026-09-11 21:36:09 hull-select-attic 9c64728fb7eb3c8e060ca0ed75554bf2ee507173 GroupApproximation/GGT/VanKampen/EdgeDeletionFaceCycles.lean GroupApproximation/GGT/VanKampen/VanKampenMerge.lean
2026-09-11 21:36:16 dgo-geometric-attic 83fa02da1fd4dfbe1239deef103306b2d5ec6ec6 GroupApproximation/GGT/OsinLinealAxis.lean
2026-09-11 21:36:39 fff-periodic 7fea7f5807a74b30c5cedbee82731b79c32cf548 GroupApproximation/GroupTheory/HydeLodha/PeriodicDisplacement.lean GroupApproximation/GroupTheory/HydeLodha/GammaOrbits.lean
2026-09-11 21:36:59 go-sr1 d38ea3ffa887433c2f8574810633df8b19d4d922 GroupApproximation/Manuscript/NonMF/GerasimovaOsinSection2Printed.lean GroupApproximation/Manuscript/NonMF/GerasimovaOsinProposition36.lean
2026-09-11 21:37:06 hull-unbound-attic 47f6dfc2f35a69f3220c8828e7afe41d30e0406a GroupApproximation/GGT/VanKampen/GFaceQuadrilateralRegion.lean
2026-09-11 21:37:15 lix-lh 35c6f5056b0c06760f259d20e4d33171c167c9de GroupApproximation/CharClass/MayerVietorisElementOf.lean GroupApproximation/CharClass/MayerVietorisSequenceOf.lean GroupApproximation/CharClass/MayerVietorisZeroOf.lean
2026-09-11 21:37:32 leavitt-k1-attic eaf5ead139d762593e358c223f8e05c03770f728 GroupApproximation/KOne/ToeplitzRankTwo.lean
2026-09-11 21:37:37 kh-torsion 68d8087024c6f6706a73b0c71e0631d0494856f2 GroupApproximation/GGT/VanKampen/SingleEdgeDisc.lean
2026-09-11 21:37:52 lix-coeff 91bd59ea4bd7a45d43c85c465d010219db895a57 GroupApproximation/CharClass/CohomologyKunnethSplitOf.lean
2026-09-11 21:38:01 hull-select 2a51242d7fb1bd0e4e35344d69228502d8df277a GroupApproximation/GGT/VanKampen/Estimating/OsinAppendixO52Prep.lean
2026-09-11 21:38:04 lix-oddside-n 48f2ff1de81ef0676dfccbb0c5825392c80dd733 GroupApproximation/CharClass/LIXKGenChart.lean GroupApproximation/CharClass/LIXKGenDeriv.lean GroupApproximation/CharClass/LIXKGenLocalHomeo.lean
2026-09-11 21:38:13 lix-cupone c6e6986f9d79c0dbb2a51d441d431a1e3dd9ea28 GroupApproximation/CharClass/CupOneTotal.lean
2026-09-11 21:38:20 lix-oddside fdc38fd6f036445ac9786fe50265665e81d84755 GroupApproximation/CharClass/LIXKLocalSplit.lean
2026-09-11 21:38:28 lix-powers 2f42d479b4ad55d0b25b8b7d79fed9ca58364573 GroupApproximation/Analysis/LIXPowersSphere.lean GroupApproximation/Analysis/LIXPowersEquator.lean
2026-09-11 21:38:37 simple-group 311873525b918a604b84728a7c1fa6cf8dcb3493 GroupApproximation/GroupTheory/FinitePresentationExtension.lean
2026-09-11 21:39:09 lix-steenrod fa64592697d9e9936ada56cf5754c0c036a9fcc2 GroupApproximation/CharClass/OddPTupleD.lean
2026-09-11 21:39:26 lix-oddside-n cca8b3156f5512297650cb3de18502d0d233c005 GroupApproximation/CharClass/LIXKGenSectInverse.lean
2026-09-11 21:39:48 fff-periodic-attic 30e3019e13e72c73b71dc26b8b9af143e7bfbdb0 GroupApproximation/GroupTheory/HydeLodha/PeriodicDisplacement.lean
2026-09-11 21:40:13 hull-unbound c7cf9800ea7bd90f372d76301546c36ee965c13b GroupApproximation/GGT/VanKampen/Estimating/OsinUnboundCaseOne.lean
2026-09-11 21:40:30 lix-tower c2b6b7f79ec6d66ebb84aecaad083bbdae807610 GroupApproximation/Analysis/LIXCor4PowersField.lean
2026-09-11 21:40:35 lix-cupone 6a36d7897e5c52a109ef287b6978327029001df4 notes/lix-stronger-lane-reports/lix-cupone.md
2026-09-11 21:40:54 hull-select-attic 19550980260cb540b9ae6092c7a6ee67289c69e1 GroupApproximation/GGT/VanKampen/Estimating/OsinAppendixSectionPieces.lean GroupApproximation/GGT/VanKampen/Estimating/OsinAppendixSectionInterior.lean GroupApproximation/GGT/VanKampen/Estimating/OsinAppendixSectionMultipleEdge.lean GroupApproximation/GGT/VanKampen/Estimating/OsinAppendixSectionInduction.lean
2026-09-11 21:42:14 jacobson 3c03dd16c70717e8e09714ae3315a3281df7568c GroupApproximation/Algebra/FinitaryLinearFiniteRank.lean
2026-09-11 21:42:34 lix-thom 0291a8ac0cfc6293b29acbf0919902f29cc9f4f3 GroupApproximation/CharClass/ThomToolkitInstanceOf.lean
2026-09-11 21:42:56 kh-torsion 93eb4c667ffec34a5bd7bbabc9a1da3d52cd8477 GroupApproximation/GGT/VanKampen/EdgeInsertionFaceCycles.lean
2026-09-11 21:43:08 lix-lh b5f0dee2f13ab00267443b52268933940ececff0 GroupApproximation/CharClass/MayerVietorisPullOf.lean
2026-09-11 21:43:44 leavitt-k1 87dab0c924876527dc7ab6ff4e6ed656a187419f GroupApproximation/KOne/ToeplitzRankTwo.lean
2026-09-11 21:45:10 dgo-geometric cebe6f695e7983067b82d0833d61204c59a1bd43 GroupApproximation/GGT/PNaivePingPong.lean GroupApproximation/GGT/PNaiveAcylindrical.lean GroupApproximation/Manuscript/NonMF/NaiveFreeProductAtAcylindricallyHyperbolicProof.lean GroupApproximation/Manuscript/NonMF/DGOTheorem235Proof.lean
2026-09-11 21:45:16 jacobson-attic 63ee64e02a5978aa0c26c817af80be45026cc58d GroupApproximation/Algebra/ValuedMatrixTwoCartan.lean GroupApproximation/Algebra/FinitaryLinearTransvections.lean GroupApproximation/Kazhdan/HaagerupUnion.lean GroupApproximation/Manuscript/OneSidedMFRadical/JacobsonSymbol.lean GroupApproximation/Manuscript/OneSidedMFRadical/JacobsonRankTwoCarrier.lean
2026-09-11 21:45:32 lead-wire d02e576c788910dc2d4874b81b1fab50fc6038df GroupApproximation.Algebra.DiscreteStokes GroupApproximation.Algebra.DiscreteStokesArea GroupApproximation.Algebra.FreeResolutionPrimeOrder GroupApproximation.Analysis.LIXLemmaSixFrameGeneric GroupApproximation.Analysis.LIXPowersAngle GroupApproximation.CharClass.KroneckerContractible GroupApproximation.CharClass.LIXKCount GroupApproximation.CharClass.LIXKGenPunctured GroupApproximation.CharClass.LIXKGenSection GroupApproximation.CharClass.LIXKRelativeMV GroupApproximation.CharClass.LIXKStepCTwo GroupApproximation.CharClass.LIXKStepCWired GroupApproximation.CharClass.LIXShapeGenericRank GroupApproximation.CharClass.LIXStepDGenAxiomCheck GroupApproximation.CharClass.OddPDescentPairing GroupApproximation.CharClass.ParityPAxiomGuard GroupApproximation.CharClass.RelHomotopyInvariance GroupApproximation.GGT.HullSCLemma44DehnTransferRefutation GroupApproximation.GGT.HullSCRelativeLeastAreaDiagram GroupApproximation.GGT.HullSCUnconeClosingJump GroupApproximation.GGT.HullSCUnconeCosetAvoidance GroupApproximation.GGT.HullSCUnconeTriangleConnectors GroupApproximation.GGT.KazhdanHypCactusDeletionCounting GroupApproximation.GGT.KazhdanHypCopyMateParity GroupApproximation.GGT.KazhdanHypGirthEightLinearIsoperimetric GroupApproximation.GGT.KazhdanHypGirthEightSpurCountermodel GroupApproximation.GGT.KazhdanHypSharpExistenceResiduals GroupApproximation.GGT.LoxodromicCyclicEmbeddedAvoiding GroupApproximation.GGT.VanKampen.Estimating.OsinAppendixSectionCounting GroupApproximation.GGT.VanKampen.Estimating.OsinAppendixSectionPieces GroupApproximation.GGT.VanKampen.Estimating.OsinAppendixSections GroupApproximation.GGT.VanKampen.Estimating.SelectionOrderedDichotomy GroupApproximation.GGT.VanKampen.Estimating.SingletonFaceRegion GroupApproximation.GGT.VanKampen.Estimating.UnboundScaledCounterexample GroupApproximation.GGT.VanKampen.Estimating.UnboundWordPolygonMonotone GroupApproximation.GGT.VanKampen.ShelledDiscDiagram GroupApproximation.GGT.VanKampen.SpikeDeletion GroupApproximation.GGT.VanKampen.SurgeryInnerCollapse GroupApproximation.GroupTheory.DoubleCosetFinitePresentation GroupApproximation.GroupTheory.HigmanThompson.CompactE GroupApproximation.GroupTheory.HigmanThompson.Generators GroupApproximation.GroupTheory.HigmanThompson.GridAffine GroupApproximation.GroupTheory.HydeLodha.StrictMonoTorsionFree GroupApproximation.KOne.AlgebraicKOneNestedUnion GroupApproximation.KOne.AryCylinderCornerRank GroupApproximation.KOne.AryEntrywiseKill GroupApproximation.KOne.AryGradedComponents GroupApproximation.KOne.AryNilpotentTailKill GroupApproximation.KOne.AryOppositeTranspose GroupApproximation.KOne.AryPencilCodeMoves GroupApproximation.KOne.AryPencilEntry GroupApproximation.KOne.AryPencilForm GroupApproximation.KOne.AryPrefixCodes GroupApproximation.KOne.AryPureTailNilpotency GroupApproximation.KOne.AryRankNormalForm GroupApproximation.KOne.AryRefineStep GroupApproximation.KOne.AryShapeCalculus GroupApproximation.KOne.AryStackDichotomy GroupApproximation.KOne.AryWidthTwoReduction GroupApproximation.KOne.AryWindowProductClosure GroupApproximation.KOne.AryZeroKOne GroupApproximation.KOne.LeavittDegreeZeroTower GroupApproximation.KOne.LeavittShiftDecomposition GroupApproximation.Manuscript.NonMF.GerasimovaOsinGeometricInputs GroupApproximation.Manuscript.NonMF.GerasimovaOsinSpectralRadius GroupApproximation.Manuscript.NonMF.GerasimovaOsinTheorem11Slice GroupApproximation.Manuscript.NonMF.LoxodromicHypEmbeddedClosureProof GroupApproximation.Manuscript.OneSidedMFRadical.KhanhThanhDecompositionResidual
2026-09-11 21:45:40 fff-periodic f565510be566cdcd6c1877dd015007f9907a3ab8 GroupApproximation/GroupTheory/HydeLodha/PeriodicCore.lean
2026-09-11 21:45:46 lix-oddside-n 43a160311c14cb50e116c54543699cabf629624c GroupApproximation/CharClass/LIXKGenSector.lean
2026-09-11 21:46:03 simple-group 0e4f08edf60d4dc278407865785f517e39ba0bb2 GroupApproximation/GroupTheory/FGAbelianFinitePresentation.lean GroupApproximation/GroupTheory/CasingPair.lean
2026-09-11 21:46:54 hull-unbound-attic 3a174453559532a70c58f11252ec8d1d20b8b27c GroupApproximation/GGT/VanKampen/GFaceQuadrilateralRegion.lean GroupApproximation/GGT/VanKampen/Estimating/OsinUnboundCaseOne.lean
2026-09-11 21:46:58 go-sr1 e1fd6f8156e74645f3242794d2e8e433e2462ed4 GroupApproximation/Manuscript/NonMF/GerasimovaOsinLemma48.lean GroupApproximation/Manuscript/NonMF/GerasimovaOsinProposition36.lean
2026-09-11 21:47:13 lix-powers dffff86dfc00e482b9b2f002ab9c09da1da24e86 GroupApproximation/Analysis/LIXPowersEquatorChart.lean notes/lix-stronger-lane-reports/lix-powers.md
2026-09-11 21:47:17 simple-group-attic d42a4586d210b457954516b64560b1ac441c7662 GroupApproximation/GroupTheory/FinitePresentationExtension.lean
2026-09-11 21:47:25 lix-evenside-n-attic 36226d62e35027033c994153bb62677b46e2a3c7 GroupApproximation/CharClass/LIXStepDGenHalf.lean
2026-09-11 21:47:41 kh-torsion-attic 71f9d589d4c0af8ebe525f84e2dd3a576216de7a GroupApproximation/GGT/VanKampen/SingleEdgeDisc.lean
2026-09-11 21:47:55 lix-powers-attic 2ee2ffbdbb94d395fecf4c54ffd73b9467fe217d GroupApproximation/Analysis/LIXPowersEquator.lean
2026-09-11 21:48:32 lix-thom-attic 4a3677a081a2cabaac3a3c9bebeee5c480a3036e GroupApproximation/CharClass/GysinRetract.lean GroupApproximation/CharClass/GysinTautFields.lean
2026-09-11 21:48:39 go-sr1-attic 76797269b335786e62fc07d2ed8b93b7c12ac118 GroupApproximation/Manuscript/NonMF/GerasimovaOsinProposition41.lean
2026-09-11 21:48:49 go-lemma42 5558478e0eb79c45424134a3d0a9abf681c6b436 GroupApproximation/Manuscript/NonMF/GerasimovaOsinLemma42Proof.lean
2026-09-11 21:48:52 hull-select db973001052cac8245ecacf0e3ddd17c82039d24 GroupApproximation/GGT/VanKampen/EdgeDeletionFaceCycles.lean
2026-09-11 21:49:19 jacobson 787ebf06f6644933d64b8ef3f5746253649bc207 GroupApproximation/Algebra/ValuedMatrixTwoCartan.lean GroupApproximation/Algebra/FinitaryLinearTransvections.lean GroupApproximation/Kazhdan/HaagerupUnion.lean GroupApproximation/Manuscript/OneSidedMFRadical/JacobsonSymbol.lean
2026-09-11 21:49:36 lix-tower fac6541799add6dacb3e827cb4244efb58d60fff GroupApproximation/Analysis/LIXCor4PowersStage.lean
2026-09-11 21:49:39 leavitt-k1-attic 440763bb21f7970e1e1a030327ab7c05aff4af6b GroupApproximation/KOne/LeavittKOneScalarKernel.lean
2026-09-11 21:49:45 kh-cckw 025c07e2890978e6a937dd224eaf00e01914db14 GroupApproximation/Kazhdan/GHBQuotientMatrices.lean GroupApproximation/Kazhdan/CCKWFiniteSubgroupsStatement.lean GroupApproximation/Kazhdan/GHBQuotientVertexForms.lean GroupApproximation/Kazhdan/GHBLatticeRoute.lean
2026-09-11 21:49:54 sec5-sentences 0939b7d4f85bda571460fa4d4538371bb775a6a9 GroupApproximation/Manuscript/NonMF/TorsionFreeLiteratureInputsLeastArea.lean GroupApproximation/Manuscript/NonMF/TorsionFreeLimitSetNotion.lean GroupApproximation/Manuscript/NonMF/TorsionFreeLimitSetEndpoints.lean
2026-09-11 21:50:00 hull-bridge 27d916713841cec4dcce43712226240ea9291b5c GroupApproximation/Algebra/QuotientLinearStokes.lean
2026-09-11 21:51:53 jacobson-attic 45e8a9c3afbcbfef7deafa5d21ec71bbf97464d2 GroupApproximation/Kazhdan/BruhatTitsTwoTree.lean GroupApproximation/Kazhdan/HaagerupAffineSums.lean GroupApproximation/Manuscript/OneSidedMFRadical/JacobsonFiniteMatrices.lean
2026-09-11 21:52:05 sec5-sentences 1f433421dfc5df289f107070b7f61dcc4bac7289 GroupApproximation/Manuscript/NonMF/TorsionFreeSectionAssembly.lean
2026-09-11 21:53:00 leavitt-k1 10553f39c0cc5055f7a9c52c4ccb4a1a9cc3d4f7 GroupApproximation/KOne/LeavittKOneScalarKernel.lean
2026-09-11 21:53:09 fff-quotient b2a12437acc1bda3a3fdeaca548da62060f53d96 GroupApproximation/GroupTheory/HydeLodha/GammaTwo.lean
2026-09-11 21:53:52 dgo-geometric dcdc49f55933c2576931428ef4b0709f0abcb350 GroupApproximation/GGT/OsinLinealAxis.lean
2026-09-11 21:54:04 simple-group 9711289164e1ea5bc4c65ad7f86479fcdf3eb21b GroupApproximation/GroupTheory/FinitePresentationExtension.lean
2026-09-11 21:55:21 dgo-geometric-attic 9376e760541b8e84a16d1bdaa78e030cd8b36573 GroupApproximation/GGT/OsinLinealExclusion.lean
2026-09-11 21:57:02 lix-evenside 5929e3699d5e2f95aa62ee44b580baef26d58547 GroupApproximation/CharClass/ParityPTwistSymm.lean GroupApproximation/CharClass/ParityPWuValue.lean
2026-09-11 21:57:08 kh-hyperbolic f1505ea1ea0d4ef48d3bb106baeeb0eadd9d22c7 GroupApproximation/GGT/KazhdanHypGirthEightHyperbolicityBridge.lean
2026-09-11 21:57:16 hull-component e9bb7f86722437910b54ffcee00cf64f0bb56359 GroupApproximation/GGT/RelativeCosetPieces.lean
2026-09-11 21:57:21 sec2-sentences a0ff25d62f3610038593f2bffd72eb7104d730b1 GroupApproximation/Manuscript/NonMFSentences/CompressionSentencesB2.lean GroupApproximation/Manuscript/NonMFSentences/MFRadicalQuotientBlockSumSentences.lean
2026-09-11 21:57:41 fff-periodic-attic bfbabedb3a2e1ea86597f675689d757c3b374713 GroupApproximation/GroupTheory/HydeLodha/PeriodicDisplacement.lean
2026-09-11 21:57:45 lix-cupone 19c641d2597c50d3611b6c022843ce7469e17bc4 GroupApproximation/CharClass/KroneckerSphereHomology.lean GroupApproximation/CharClass/KroneckerSphere.lean
2026-09-11 21:58:35 lix-cupone-attic d0f2cc746aa5ee872f0348f238675e3f8c6fe7cb GroupApproximation/CharClass/CupOneTotal.lean
2026-09-11 21:58:46 lix-coeff 1c3905806e243f6f2dc65931b0fb975d63519f78 GroupApproximation/CharClass/CohomologyKunnethSphereOf.lean GroupApproximation/CharClass/CohomologyKunnethHemiOf.lean
2026-09-11 21:58:59 go-sr1 b42b3e553de1bb5a17057ae727b7b01bbf6fa1d9 GroupApproximation/Manuscript/NonMF/GerasimovaOsinProposition41.lean GroupApproximation/Manuscript/NonMF/GerasimovaOsinTheorem11Closed.lean
2026-09-11 21:59:10 hull-unbound c657430efaf33f552fc476c1c65c4254b7a7000d GroupApproximation/GGT/VanKampen/GFaceQuadrilateralRegion.lean GroupApproximation/GGT/VanKampen/Estimating/OsinUnboundCaseOne.lean
2026-09-11 22:00:16 rescue-lix ad2f71c9f3ed20128c7e5fd5083448331fd5957a lakefile.toml .github/workflows/palomar-check.yml .github/workflows/palomar-comparator.yml scripts/check_palomar_statement_match.sh scripts/check_palomar_submission.py
2026-09-11 22:00:32 kh-hyperbolic 81cc287f42498a8c3fc82622c7ca0a5184cd280a GroupApproximation/GGT/KazhdanHypGirthEightHyperbolicityFromFilling.lean
2026-09-11 22:00:42 lix-cupone 75844be9164da916ae16fcf600d16a9aeac3f100 GroupApproximation/CharClass/CupOneTotal.lean
2026-09-11 22:01:18 kh-torsion-attic f6168bcf3a4d0369f8a9f2d6dec4f6b8cb02779f GroupApproximation/GGT/VanKampen/EdgeInsertionFaceCycles.lean
2026-09-11 22:01:26 lix-cupone e300acd31b7a4ff2036f3a50c882d2999c1bda33 notes/lix-stronger-lane-reports/lix-cupone.md
2026-09-11 22:01:31 lix-oddside-n a9233182998b86e779647d15fd5380c10eba5128 GroupApproximation/CharClass/LIXKGenBundle.lean GroupApproximation/CharClass/LIXKGenStepCWired.lean
2026-09-11 22:02:12 fff-quotient 4c0b596dc3eee531040d6d00c763220f3ca71e41 GroupApproximation/GroupTheory/HydeLodha/GammaTwoLambda.lean GroupApproximation/GroupTheory/HydeLodha/GammaTwoStabilizer.lean
2026-09-11 22:02:54 lix-coeff 32551de64d0a801d73e5ee04cdfc3dc1d53b5c3e GroupApproximation/CharClass/CohomologyLHDegreewiseOf.lean
2026-09-11 22:03:05 lix-thom a82df617e5f6cc8f65293ded6fcf352dfc580ec0 GroupApproximation/CharClass/ThomStepCEulerOf.lean GroupApproximation/CharClass/ThomToolkitInstanceOf.lean GroupApproximation/CharClass/GysinFromGraded.lean GroupApproximation/CharClass/ThomBridgeChart.lean GroupApproximation/CharClass/ThomBundlePair.lean
2026-09-11 22:03:20 lix-tower e9abfe09a76a66f6b793491f161fce5a4ae76007 GroupApproximation/Analysis/LIXCor4PowersAssembly.lean
2026-09-11 22:03:55 sec2-sentences-attic 5cc526b5147826d3cf0ffc11e9198df79051e584 GroupApproximation/Manuscript/NonMFSentences/HSNullNormalSubgroupSentences.lean GroupApproximation/Manuscript/NonMFSentences/DyadicReductionSeparation.lean GroupApproximation/Manuscript/NonMFSentences/NormalKazhdanUltrafilterRoute.lean
2026-09-11 22:04:03 simple-group e71764121962f072907c422705a47bddf8c48351 GroupApproximation/GroupTheory/AscendingHNNRecognition.lean
2026-09-11 22:04:18 simple-group-attic f7cfc1c288d61be245c69159677ab4df18e01877 GroupApproximation/GroupTheory/FGAbelianFinitePresentation.lean
2026-09-11 22:04:25 jacobson 270c8cfec8847aafab5b4b4d734ec5e50d200d41 GroupApproximation/Algebra/ValuationWithTopInt.lean
2026-09-11 22:04:28 sec5-sentences-attic 4a5bb71b45e0fbbcba8d74f860589bed95de2681 GroupApproximation/Manuscript/NonMF/TorsionFreeSectionAssembly.lean
2026-09-11 22:04:41 sec5-sentences c7e299a8caedf732068e4497c6e98fd34ebf4456 GroupApproximation/Manuscript/NonMF/TorsionFreeSectionAssemblyClosedGO.lean
2026-09-11 22:04:48 dgo-geometric 085c2f41877be5ae645bc398f4097ff990c07cca GroupApproximation/GGT/OsinLinealExclusion.lean
2026-09-11 22:05:00 lix-oddside-n c3be9d45df4af1ad2b58d4413ee7b8676273e79d GroupApproximation/CharClass/LIXKGenChartZero.lean
2026-09-11 22:05:05 jacobson 2634a5830addb9bd1b8da01944a18edff6404bf2 GroupApproximation/Kazhdan/BruhatTitsTwoTree.lean GroupApproximation/Kazhdan/HaagerupAffineSums.lean GroupApproximation/Algebra/LaurentBinaryHaagerup.lean GroupApproximation/Manuscript/OneSidedMFRadical/JacobsonLaurentKazhdanFinite.lean
2026-09-11 22:05:38 lix-lh 3b4df4ec0dbd526eca4e061f4adda59a13217eda GroupApproximation/CharClass/CohomologyChartRankTwoInterface.lean GroupApproximation/CharClass/CohomologyChartInduction.lean GroupApproximation/CharClass/CohomologyChartGenBridge.lean GroupApproximation/CharClass/ProjectiveSpaceGenHyp.lean GroupApproximation/CharClass/ChernTotalRingOf.lean GroupApproximation/CharClass/MayerVietorisElementOf.lean GroupApproximation/CharClass/MayerVietorisSequenceOf.lean GroupApproximation/CharClass/MayerVietorisZeroOf.lean
2026-09-11 22:05:58 lix-thom 97a94b2f3c2d43545cf6fd2ae93483d3aa2477df GroupApproximation/CharClass/GysinRetractOf.lean GroupApproximation/CharClass/GysinSphereOf.lean GroupApproximation/CharClass/ThomDataOf.lean GroupApproximation/CharClass/ThomStepCLocalOf.lean
2026-09-11 22:06:07 lix-thom-attic f4dc2a884953860bc3f972f0f3df128d7b0883ab GroupApproximation/CharClass/ThomBridgeChartHom.lean
2026-09-11 22:06:41 hull-bridge dfe8f003f5fc2f917dc0d2194d54004003795d15 GroupApproximation/GGT/HullSCLemma51QuotientStokes.lean GroupApproximation/GGT/HullSCLemma51EmbeddedProducer.lean
2026-09-11 22:06:52 simple-group 7f5003634550321e7e1cbde1f53eb1d262495ccb GroupApproximation/GroupTheory/FGAbelianFinitePresentation.lean GroupApproximation/GroupTheory/CasingPair.lean GroupApproximation/GroupTheory/AscendingHNNRecognition.lean
2026-09-11 22:07:29 leavitt-ge 8ef1e0afc9312115225b2dd85cea37613caa0362 GroupApproximation/Kazhdan/FoxAsphericalAssembly.lean
2026-09-11 22:07:37 sec2-sentences 477ebb4a132550aaace5e4e913ba9658adf8a222 GroupApproximation/Manuscript/NonMFSentences/HSNullNormalSubgroupSentences.lean GroupApproximation/Manuscript/NonMFSentences/DyadicReductionSeparation.lean
2026-09-11 22:07:44 hull-select-attic d75f31b2a472ff1a6ec767bdd8052ca7c5e9a5b4 GroupApproximation/GGT/VanKampen/PlanarVanKampen.lean GroupApproximation/GGT/VanKampen/VanKampenMerge.lean
2026-09-11 22:08:03 hull-select b48fc59752bd228beebb263b564da36a2410b8b2 GroupApproximation/GGT/VanKampen/VanKampenCancel.lean
2026-09-11 22:08:08 sec5-sentences-attic 3efd71ea11d57445587559406272031926b790d5 GroupApproximation/Manuscript/NonMF/TorsionFreeSectionAssemblyClosedGO.lean
2026-09-11 22:08:14 fff-periodic f9cf9937e1b61c0d5f1cdaa088c5d8f1df33fd75 GroupApproximation/GroupTheory/HydeLodha/PeriodicDisplacement.lean
2026-09-11 22:08:25 sec5-sentences 5a91e0c80c53b77eb81c0041d47eed9ebd13ba3a GroupApproximation/GGT/OsinLemma71PrintedReductionClosedCitations.lean
2026-09-11 22:08:36 lix-evenside b1467418a25770019853db111e777b3cd946ed53 GroupApproximation/CharClass/ParityPDecomposable.lean
2026-09-11 22:08:40 lix-evenside-n 8b8f85baf6f325b2322013aaae1261bed0f8c32b GroupApproximation/CharClass/LIXStepDGenModP.lean GroupApproximation/CharClass/LIXStepDGenHalf.lean
2026-09-11 22:08:51 dgo-analytic ce6930740e6529453381cbfde75554cd9cddb26b GroupApproximation/GGT/VanKampen/Estimating/OsinAppendixAssembly.lean
2026-09-11 22:08:56 lix-coeff dcdfecefab08b0f2187be02ac74bcf106fbc3c0c GroupApproximation/CharClass/CohomologyKunnethStepOf.lean GroupApproximation/CharClass/CohomologyKunnethZeroOf.lean
2026-09-11 22:09:07 lix-oddside 9aac2035806ddeeee407dc8e81552f72022f1d67 GroupApproximation/CharClass/LIXKLocalRestrict.lean
2026-09-11 22:09:16 sec2-sentences-attic 37b2f2b5ea5ebbf311a17b6c012529a9bd935304 GroupApproximation/Manuscript/NonMFSentences/NormalKazhdanUltrafilterRoute.lean
2026-09-11 22:09:23 hull-bridge 24c49c5ce194de76c9b4aeb90dfb78cdf061ca23 GroupApproximation/GGT/HullSCLemma51LetterWords.lean
2026-09-11 22:09:43 jacobson-attic ce21c983e8d4a6ffb26a75223c7424978e516502 GroupApproximation/Manuscript/OneSidedMFRadical/JacobsonFiniteMatrices.lean GroupApproximation/Manuscript/OneSidedMFRadical/JacobsonBlockAction.lean
2026-09-11 22:09:51 lix-oddside-n-attic e13a30f396e40c6ad072491c61d660d597456a65 GroupApproximation/CharClass/LIXKGenSect.lean GroupApproximation/CharClass/LIXKGenChart.lean GroupApproximation/CharClass/LIXKGenDeriv.lean
2026-09-11 22:09:59 kh-torsion 8dd29d4c7918d631c86d9c0413404b1489ec68c4 GroupApproximation/GGT/VanKampen/SingleEdgeDisc.lean GroupApproximation/GGT/VanKampen/EdgeInsertionFaceCycles.lean
2026-09-11 22:10:13 sec5-sentences 9c0697aa3e19595f559ab999097cb5648cd35dad GroupApproximation/Manuscript/NonMF/TorsionFreeAlgebraSentencesClosed.lean
2026-09-11 22:10:40 simple-group f4dc3a3d594961f47b5ad51d43af20167ff3c1a7 GroupApproximation/GroupTheory/HigmanThompson/RstabIso.lean GroupApproximation/GroupTheory/HigmanThompson/Proximal.lean
2026-09-11 22:11:07 leavitt-ge 4c18a1b25927d8f4f822bc799c64e11c2c32f668 GroupApproximation/Kazhdan/FoxMagnusKernel.lean
2026-09-11 22:11:13 kh-torsion 46db3278482fe0e07118491885a658f71213752f GroupApproximation/GGT/VanKampen/DiscTransport.lean
2026-09-11 22:11:15 dgo-geometric 6b5a5f75ea6547c8974ec26aa1a929544d77552c GroupApproximation/GGT/OsinLimitSetSpelling.lean
2026-09-11 22:11:38 lix-oddside-n 33531de45a306b789f7f3bbb5741b98115713996 GroupApproximation/CharClass/LIXKGenSphereChartHomeo.lean
2026-09-11 22:13:02 lix-lh bd470aa8f3bca7263e8535f139440b20d4379ac6 GroupApproximation/CharClass/CohomologyDeltaLiftOf.lean GroupApproximation/CharClass/CohomologyDeltaSpecOf.lean GroupApproximation/CharClass/CohomologyDeltaCupOf.lean GroupApproximation/CharClass/CohomologyDeltaNaturalOf.lean GroupApproximation/CharClass/MayerVietorisDisjointOf.lean
2026-09-11 22:13:06 lix-lh-attic a9c47cd19ff8d8458a93379fd98fe14f4a15aa57 GroupApproximation/CharClass/MayerVietorisPullOf.lean GroupApproximation/CharClass/LerayHirschRankTwo.lean
2026-09-11 22:13:14 lix-evenside-n 93e1d2992c65fff8c06ff0870eb0c698c1d16992 GroupApproximation/CharClass/LIXLemmaTwoGenStepA.lean GroupApproximation/CharClass/LIXLemmaTwoGenGlue.lean
2026-09-11 22:13:19 lix-coeff 9d6fc7dbc79b8e0163ae8a88571bdbb15ecec28a GroupApproximation/CharClass/RelHomotopyIdentity.lean GroupApproximation/CharClass/RelativeSplitField.lean GroupApproximation/CharClass/RelativeSubspaceIsoOf.lean GroupApproximation/CharClass/RelativeProdContractibleOf.lean GroupApproximation/CharClass/RelativeLocalModelOf.lean GroupApproximation/CharClass/CohomologyKunnethSplitOf.lean GroupApproximation/CharClass/CohomologyKunnethSphereOf.lean
2026-09-11 22:13:23 sec2-sentences-attic 266be4d07cbe03ba88c3f71fe0c6b70963c3598f GroupApproximation/Manuscript/NonMFSentences/NormalKazhdanUltrafilterRoute.lean
2026-09-11 22:14:06 lix-oddside-n fb298522cb5cce2257d7e83d860e70885e9dc8e5 GroupApproximation/CharClass/LIXKGenZeroChartHomeo.lean
2026-09-11 22:14:40 lix-oddside c7f8926dc0d8b8dec44017ea72c5b34e64d3f0f9 GroupApproximation/CharClass/LIXKStepCExponent.lean
2026-09-11 22:14:48 lix-coeff b45a4422dabe47333bf7caed4dceaecfc47790aa notes/lix-stronger-lane-reports/lix-coeff.md
2026-09-11 22:14:51 hull-select-attic 1d24a1512927735ac29f4d6d4a3736ef72add8e9 GroupApproximation/GGT/VanKampen/Estimating/OsinAppendixSections.lean GroupApproximation/GGT/VanKampen/Estimating/OsinAppendixSectionBridge.lean GroupApproximation/GGT/VanKampen/Estimating/OsinAppendixSectionMultipleEdge.lean GroupApproximation/GGT/VanKampen/Estimating/OsinAppendixSectionInduction.lean
2026-09-11 22:14:56 hull-select-attic 02212af9ef5b1b1032a42112a39de1ed2f640574 GroupApproximation/GGT/VanKampen/Estimating/OsinAppendixO52Prep.lean
2026-09-11 22:15:08 lix-thom fe512ef71c03d7579ad4ead09d3696fa53c1c493 GroupApproximation/CharClass/ThomChernDegreewiseOf.lean GroupApproximation/CharClass/ThomHabsOf.lean GroupApproximation/CharClass/GysinPairTautOf.lean GroupApproximation/CharClass/GysinPairRetractOf.lean
2026-09-11 22:15:31 leavitt-ge 2df9abe633d6fe4cc3081fec5f9cf550188a6cd7 GroupApproximation/Kazhdan/FoxIdentityLists.lean
2026-09-11 22:15:35 jacobson-attic c5903eb3facac74f5b42f9a756978c976a5f72e8 GroupApproximation/Manuscript/OneSidedMFRadical/JacobsonFiniteMatrices.lean
2026-09-11 22:15:45 lix-coeff 190c7a03fdf4763d7c59f6af902cbb53adda1186 GroupApproximation/CharClass/CohomologyKunnethStepDeltaOf.lean GroupApproximation/CharClass/CohomologyKunnethInjectiveOf.lean
2026-09-11 22:16:03 jacobson-attic 49f746fb1ef266539746034a7eb24d75347c88df GroupApproximation/Algebra/ValuationWithTopInt.lean
2026-09-11 22:16:28 kh-torsion 952f0196399d0e4014a7cc3d69366c9268670b9d GroupApproximation/GGT/VanKampen/FoldDiagram.lean
2026-09-11 22:16:39 lix-thom 343a27cd7bf74d13253e2550be2d810c1319087d GroupApproximation/CharClass/ThomBridgeChartHom.lean GroupApproximation/CharClass/GysinRetractOf.lean GroupApproximation/CharClass/GysinSphereOf.lean GroupApproximation/CharClass/ThomStepCLocalOf.lean
2026-09-11 22:16:47 lix-lh 4252ac7670faccf968edf9a90c7e4c3a07170939 GroupApproximation/CharClass/LerayHirschMVOf.lean
2026-09-11 22:17:02 kh-hyperbolic 8e9bd8324fd58a7aa645247c69ed6745ca644bdf GroupApproximation/Kazhdan/UnipotentSylowCounts.lean GroupApproximation/GGT/KazhdanHypSymLocalData.lean GroupApproximation/GGT/KazhdanHypGirthEightSymHyperbolicity.lean
2026-09-11 22:17:10 lix-coeff 0586d38f30c8e34d009f1145dd5da7093992faab notes/lix-stronger-lane-reports/lix-coeff.md
2026-09-11 22:17:16 sec4-sentences e3abff08c1b9f423cf997bd2508ac3ee0e4a5e0c GroupApproximation/GGT/SystolicDefs.lean
2026-09-11 22:17:23 fff-periodic fcfbff41317fdbee83727a769f81476ed4e7c2be GroupApproximation/GroupTheory/HydeLodha/GammaOrbitsTelescope.lean GroupApproximation/GroupTheory/HydeLodha/GammaOrbitsZero.lean
2026-09-11 22:17:34 fff-quotient 66583df0365309aa604880a1214b2d0f776b9554 GroupApproximation/GroupTheory/HydeLodha/GammaTwoCoreMoves.lean
2026-09-11 22:17:42 lix-thom-attic 3e84d2862cacc1e8f2722d97e8085491c47a98a4 GroupApproximation/CharClass/ThomDataOf.lean
2026-09-11 22:17:58 fff-quotient-attic 86bf3fadec65b602574f2ce5b408722df2ea00b2 GroupApproximation/GroupTheory/HydeLodha/GammaTwoStabilizer.lean GroupApproximation/GroupTheory/HydeLodha/GammaTwoPeriodic.lean
2026-09-11 22:18:08 simple-group b72f291995d886248b8579f10e27c0816a573c04 GroupApproximation/GroupTheory/HigmanThompson/Orbits.lean
2026-09-11 22:18:20 leavitt-ge 1d5d2fb9b4cc1901f22e914089cce8ebf51542cf GroupApproximation/Kazhdan/FoxAsphericalReduction.lean
2026-09-11 22:19:15 lix-oddside-n 2749542ef69e12389c0148111b3ab969a0485137 GroupApproximation/CharClass/LIXKGenSect.lean GroupApproximation/CharClass/LIXKGenChart.lean GroupApproximation/CharClass/LIXKGenDeriv.lean GroupApproximation/CharClass/LIXKGenLocalHomeo.lean
2026-09-11 22:19:39 lix-evenside b019518fe36ab2002959e04b13b2506b60a50c15 GroupApproximation/CharClass/ParityPWuComponent.lean
2026-09-11 22:19:43 kh-cckw 488d092a47df504ac0217982168f6aea02e361a0 GroupApproximation/Kazhdan/GHBQuotientVertexFamilies.lean
2026-09-11 22:19:50 kh-hyperbolic 0ba438594dc55097842d2766edba73b1164742e2 experiments/w8_triangle_search/README.md
2026-09-11 22:19:59 kh-cckw-attic d05c85a30837a336432c4d802180829ad1cd77ef GroupApproximation/Kazhdan/GHBQuotientVertexForms.lean GroupApproximation/Kazhdan/CCKWFiniteSubgroupsStatement.lean
2026-09-11 22:20:39 sec2-sentences 4bc478e0375d5ed2b623e0ee8afd14c7eee546b1 GroupApproximation/Manuscript/NonMFSentences/NormalKazhdanUltrafilterRoute.lean
2026-09-11 22:21:13 jacobson a3f5e67dfe5757d1042a45ca64f36773f6a28a1c GroupApproximation/Kazhdan/GHWPlaces.lean
2026-09-11 22:21:22 fff-periodic-attic 62ce4952e1708e1a1b8303bb57ad342fd75841e1 GroupApproximation/GroupTheory/HydeLodha/GammaOrbitsZero.lean
2026-09-11 22:21:27 sec5-sentences b0962ca493a37dd3ff675c95dbcb1ceb59b6f743 GroupApproximation/Manuscript/NonMF/TorsionFreeSectionAssembly.lean GroupApproximation/Manuscript/NonMF/TorsionFreeSectionAssemblyClosedGO.lean
2026-09-11 22:21:54 hull-select aaf7e5eb66422e7ba9feef1a0c392728d3a87c86 GroupApproximation/GGT/VanKampen/PlanarVanKampen.lean
2026-09-11 22:22:01 lix-tower 434d65bfbadc7ed07a6ecdcb7391b77143f7ccde GroupApproximation/Analysis/LIXCor4PowersDiagChain.lean GroupApproximation/Analysis/LIXCor4PowersDiag.lean
2026-09-11 22:22:07 lix-lh 8f9194b189ece0acb4797533b05ad85f409b5017 GroupApproximation/CharClass/ChernClassesOf.lean
2026-09-11 22:22:14 lix-oddside-n-attic e2a3a3092e730357cec248a7a24b594395889b71 GroupApproximation/CharClass/LIXKGenSectInverse.lean GroupApproximation/CharClass/LIXKGenSector.lean GroupApproximation/CharClass/LIXKGenBundle.lean GroupApproximation/CharClass/LIXKGenStepCWired.lean
2026-09-11 22:22:22 lix-lh-attic 60b86c9337e68ae1de1407176d26d72da4557193 GroupApproximation/CharClass/LerayHirschColumnPack.lean
2026-09-11 22:22:28 lix-thom f9a0d04c2116066d790bf281fc67afd10514dbe3 GroupApproximation/CharClass/ThomBridgeTotalOf.lean
2026-09-11 22:23:08 lix-descent 1a28ab8df30955d9500bc874331d715db59de48f GroupApproximation/CharClass/OddPDescentDomino.lean
2026-09-11 22:23:17 lix-oddside-n c477e30ebecbf5418d2bc380700a39c0781de95e GroupApproximation/CharClass/LIXKGenStepCHalf.lean
2026-09-11 22:23:31 lix-steenrod 2304ffd1fb4ce4a7ff2968ba5ec89938e73aa610 GroupApproximation/CharClass/OddPTupleAction.lean
2026-09-11 22:23:43 leavitt-ge-attic 9a88fe0b32922fb83d6fea9228b7bc92607c6c0d GroupApproximation/Kazhdan/FoxMagnusKernel.lean GroupApproximation/Kazhdan/FoxAsphericalAssembly.lean
2026-09-11 22:24:02 fff-periodic 568ba461633a577702d2eb04e3d47500bef4d8de GroupApproximation/GroupTheory/HydeLodha/GammaOrbitsZero.lean
2026-09-11 22:24:11 lix-evenside-n d974391a7257a5d7f5ece385f4883cf32e5f3328 notes/lix-stronger-lane-reports/lix-evenside-n.md
2026-09-11 22:24:20 kh-cckw 315707922678a48e945272f65e9690e0e9562d48 GroupApproximation/Kazhdan/GHBQuotientMatrices.lean GroupApproximation/Kazhdan/CCKWFiniteSubgroupsStatement.lean GroupApproximation/Kazhdan/GHBQuotientVertexFamilies.lean GroupApproximation/Kazhdan/GHBQuotientVertexForms.lean GroupApproximation/Kazhdan/GHBLatticeRoute.lean
2026-09-11 22:24:24 hull-select-attic f34642a27d4cc1be743a6260615e0efd12b44a54 GroupApproximation/GGT/VanKampen/Estimating/OsinAppendixSectionDegenerate.lean GroupApproximation/GGT/VanKampen/Estimating/OsinAppendixSectionBridge.lean GroupApproximation/GGT/VanKampen/VanKampenMerge.lean
2026-09-11 22:24:51 kh-ejz 405f3566440127eff0a27693fbd3f47f8ba6bb54 GroupApproximation/PropertyT/ThreeVertexDuality.lean
2026-09-11 22:25:02 lix-tower 15fbf0bdc50105ea8f8bc0b37244f6ca56697ae5 GroupApproximation/Analysis/LIXCor4PowersStage.lean
2026-09-11 22:25:55 leavitt-k1 7a7e453f922651d03f85defee23841d37f6b6bb9 GroupApproximation/KOne/LeavittKOneScalarQuotient.lean GroupApproximation/Manuscript/NonMFSentences/LeavittKOneQuotientEvaluations.lean
2026-09-11 22:26:29 simple-group 0a07cc6a5e8100693ee89fcf8dda571da976bd13 GroupApproximation/GroupTheory/HigmanThompson/RstabGerms.lean
2026-09-11 22:26:39 leavitt-ge cc73fd131008b1430b92960718ad8a8d7257674c GroupApproximation/Kazhdan/FoxAsphericalAssembly.lean GroupApproximation/Kazhdan/FoxMagnusKernel.lean
2026-09-11 22:26:52 lix-tower 878b6b5f2c10fc243b1270dbae4dab2958546a3b GroupApproximation/Analysis/LIXCor4PowersDiagChain.lean
2026-09-11 22:27:12 lix-thom 415f263b0e06b565bbe091cc34fd042504a865c7 GroupApproximation/CharClass/ThomKunnethOf.lean
2026-09-11 22:28:05 kh-torsion-attic 273518e31e54c056dfd37b800c071e63492c65b6 GroupApproximation/GGT/VanKampen/VertexJoinMap.lean GroupApproximation/GGT/VanKampen/FoldMap.lean GroupApproximation/GGT/VanKampen/FoldFaceCycles.lean GroupApproximation/GGT/VanKampen/FoldTransport.lean
2026-09-11 22:28:28 lix-lh 4ad91fa8a91fb7e8ec280f4e3e654b487685d918 GroupApproximation/CharClass/MayerVietorisPullOf.lean GroupApproximation/CharClass/CohomologyDeltaLiftOf.lean GroupApproximation/CharClass/CohomologyDeltaSpecOf.lean GroupApproximation/CharClass/CohomologyDeltaCupOf.lean GroupApproximation/CharClass/CohomologyDeltaNaturalOf.lean GroupApproximation/CharClass/MayerVietorisDisjointOf.lean GroupApproximation/CharClass/LerayHirschCover.lean GroupApproximation/CharClass/LerayHirschRankTwo.lean GroupApproximation/CharClass/LerayHirschShift.lean GroupApproximation/CharClass/CohomologyChartTower.lean GroupApproximation/CharClass/CohomologyChartTowerTop.lean GroupApproximation/CharClass/CohomologyChartFreeness.lean
2026-09-11 22:29:07 fff-quotient 6afef9323d274d7895090073445e5663d0b5e2db GroupApproximation/GroupTheory/HydeLodha/GammaTwoGeneration.lean GroupApproximation/GroupTheory/HydeLodha/GammaTwoSimple.lean
2026-09-11 22:29:37 fff-quotient-attic a8d0b7226298062ad6508243dde9c517461a373e GroupApproximation/GroupTheory/HydeLodha/GammaTwoStabilizer.lean GroupApproximation/GroupTheory/HydeLodha/GammaTwoPeriodic.lean
2026-09-11 22:30:30 leavitt-ge-attic 18b504fb011926c48a0bb81534d7671a1ea889d9 GroupApproximation/Kazhdan/FoxIdentityLists.lean
2026-09-11 22:30:40 lix-descent eabf84751675a0aac6d0c6df2a58081cdfea526e GroupApproximation/CharClass/OddPDescentValue.lean
2026-09-11 22:30:55 kh-hyperbolic a49d5985331a77c086fcefcf4681017893af98a0 GroupApproximation/GGT/KazhdanHypSymPowerDisc.lean
2026-09-11 22:31:18 lead-wire 4a49dba9c3eaad334226437f63abef935ca2d036 GroupApproximation.Algebra.DiscreteStokesPaths GroupApproximation.Algebra.FinitaryLinearBinarySimple GroupApproximation.Algebra.FinitaryLinearBinarySLUnion GroupApproximation.Algebra.FinitaryLinearBlocks GroupApproximation.Algebra.FinitaryLinearGroup GroupApproximation.Algebra.LaurentBinaryLinearMF GroupApproximation.Algebra.LinearStokesQuadrangle GroupApproximation.Algebra.NaiveFreeProductProperty GroupApproximation.Algebra.PeirceElementaryCornerUnits GroupApproximation.Algebra.PingPongTranslates GroupApproximation.Algebra.ValuedMatrixTwo GroupApproximation.Analysis.ConjugateAveragingCriterion GroupApproximation.Analysis.GroupHilbertSubsetProjection GroupApproximation.Analysis.KestenAmenability GroupApproximation.Analysis.LanceMaximalNuclear GroupApproximation.Analysis.LanceMaximalReiter GroupApproximation.Analysis.LIXPowersExport GroupApproximation.Analysis.LIXPowersNormalise GroupApproximation.Analysis.LIXPowersPinch GroupApproximation.Analysis.PowersAveragingFromPowersProperty GroupApproximation.Analysis.PowersAveragingSingleClass GroupApproximation.Analysis.PowersAveragingUniqueTrace GroupApproximation.CharClass.KroneckerContractible GroupApproximation.GGT.AcylindricalEllipticOrEscaping GroupApproximation.GGT.AcylindricallyHyperbolicLimitSetEasy GroupApproximation.GGT.GerasimovaOsinCyclicTwoSided GroupApproximation.GGT.GerasimovaOsinCyclicWord GroupApproximation.GGT.GromovSequentialBoundary GroupApproximation.GGT.HullSCAuxiliaryAdjoinFinite GroupApproximation.GGT.HullSCBoundedImageEmbedding GroupApproximation.GGT.HullSCBoundedImageEmbeddingLeastArea GroupApproximation.GGT.HullSCCyclicPeripheralRemoval GroupApproximation.GGT.HullSCLemma44BoundedBridge GroupApproximation.GGT.HullSCLemma44BoundedJointRespellingHullRelator GroupApproximation.GGT.HullSCLemma51EmbeddedBridge GroupApproximation.GGT.HullSCLemma51QuasiGeodesicTransfer GroupApproximation.GGT.HullSCOneStepQuasiGeodesicLeaves GroupApproximation.GGT.HullSCUnconeCosetCoordinates GroupApproximation.GGT.HullSCUnconeExpansion GroupApproximation.GGT.HullSCUnconeLemmaA GroupApproximation.GGT.HullSCUnconeLemmaB GroupApproximation.GGT.HullSCUnconePathPoints GroupApproximation.GGT.HullSCUnconeSides GroupApproximation.GGT.HullSCUnconeThin GroupApproximation.GGT.HullSCUnconeWalk GroupApproximation.GGT.KazhdanHypLiteralFilling GroupApproximation.GGT.KazhdanHypLiteralFillingDegree GroupApproximation.GGT.KazhdanHypSymmetrizedFilling GroupApproximation.GGT.KazhdanHypSymRelators GroupApproximation.GGT.OsinChainLemma GroupApproximation.GGT.OsinFarQuasiStabilizer GroupApproximation.GGT.OsinQuasiFixedProduct GroupApproximation.GGT.OsinTheorem11 GroupApproximation.GGT.OsinUniformlyProper GroupApproximation.GGT.OsinUniformlyProperSteps GroupApproximation.GGT.PNaiveAcylindrical GroupApproximation.GGT.PNaiveChain GroupApproximation.GGT.PNaiveDoubleCoset GroupApproximation.GGT.PNaivePingPong GroupApproximation.GGT.PNaiveShadow GroupApproximation.GGT.PNaiveTransversal GroupApproximation.GGT.PNaiveUniform GroupApproximation.GGT.RelHypOsin24PublishedHullStep GroupApproximation.GGT.RelHypProp23FromHullStep GroupApproximation.GGT.RelHypProp23FromLeastAreaLeaves GroupApproximation.GGT.VanKampen.EdgeDeletionFaces GroupApproximation.GGT.VanKampen.Estimating.OsinAppendixSectionInduction GroupApproximation.GGT.VanKampen.Estimating.OsinAppendixSectionMultipleEdge GroupApproximation.GGT.VanKampen.FaceCycle GroupApproximation.GGT.VanKampen.FoldMap GroupApproximation.GGT.VanKampen.OneFaceWordTrivial GroupApproximation.GGT.VanKampen.PendantEdgeDiagram GroupApproximation.GGT.VanKampen.PendantEdgeMap GroupApproximation.GGT.VanKampen.PendantEdgeWalks GroupApproximation.GGT.VanKampen.SurgeryInnerCollapseDarts GroupApproximation.GGT.VanKampen.SurgeryInnerCollapseRegions GroupApproximation.GGT.VanKampen.VertexJoinMap GroupApproximation.GroupTheory.HigmanThompson.BrownPresentation GroupApproximation.GroupTheory.HigmanThompson.CompactRangeA GroupApproximation.GroupTheory.HigmanThompson.UniformWords GroupApproximation.GroupTheory.HydeLodha.HigmanEpstein GroupApproximation.GroupTheory.HydeLodha.PeriodicCore GroupApproximation.Kazhdan.FoxComplexExact GroupApproximation.Kazhdan.FoxComplexLowExact GroupApproximation.Kazhdan.FoxComplexZ GroupApproximation.Kazhdan.FoxFreeCalculus GroupApproximation.Kazhdan.FoxRelationSequence GroupApproximation.Kazhdan.FreeGroupFoxHomotopy GroupApproximation.Kazhdan.HaagerupKazhdanFinite GroupApproximation.Kazhdan.HalfSpaceBoundedOrbits GroupApproximation.Kazhdan.KMSGroupPresentation GroupApproximation.Kazhdan.TreeHalfSpaces GroupApproximation.KOne.AryCodeChangeUnits GroupApproximation.KOne.AryCodeSupply GroupApproximation.KOne.AryPencilReshape GroupApproximation.KOne.AryRefineLoopDischarge GroupApproximation.KOne.AryThetaStable GroupApproximation.KOne.AryWindowNonnegReduction GroupApproximation.KOne.AryWindowNonposReduction GroupApproximation.KOne.FiniteRankDeterminant GroupApproximation.KOne.RegularizedDeterminant GroupApproximation.KOne.ToeplitzLeavittLift GroupApproximation.KOne.ToeplitzRankTwo GroupApproximation.KOne.ToeplitzWordSpace GroupApproximation.Leavitt.BinaryLeavittAllRanksUnits GroupApproximation.Manuscript.NonMF.DGO235FromNaiveFreeProduct GroupApproximation.Manuscript.NonMF.DGO235FromPowersProperty GroupApproximation.Manuscript.NonMF.DGO235PowersRoute GroupApproximation.Manuscript.NonMF.DGO235UniqueTraceFromAveraging GroupApproximation.Manuscript.NonMF.DGOTheorem235Proof GroupApproximation.Manuscript.NonMF.GerasimovaOsinLemma42Proof GroupApproximation.Manuscript.NonMF.GerasimovaOsinLemma43 GroupApproximation.Manuscript.NonMF.GerasimovaOsinLemma48 GroupApproximation.Manuscript.NonMF.GerasimovaOsinProposition36 GroupApproximation.Manuscript.NonMF.NaiveFreeProductAtAcylindricallyHyperbolic GroupApproximation.Manuscript.NonMF.NaiveFreeProductAtAcylindricallyHyperbolicProof GroupApproximation.Manuscript.NonMF.SimpleUniqueTraceFromNaiveFreeProduct GroupApproximation.Manuscript.NonMF.TorsionFreeHullParagraphGeneral GroupApproximation.Manuscript.NonMF.TorsionFreeSectionSentences GroupApproximation.Manuscript.NonMFSentences.CentralCoronaCornerRanks GroupApproximation.Manuscript.NonMFSentences.CompressionSentencesA GroupApproximation.Manuscript.NonMFSentences.CompressionSentencesB GroupApproximation.Manuscript.NonMFSentences.CountableAbelianMFPrintedRoute GroupApproximation.Manuscript.NonMFSentences.FullDefectAllRanksSentences GroupApproximation.Manuscript.NonMFSentences.FullDefectCornerRemark GroupApproximation.Manuscript.NonMFSentences.HSOperatorNormGapSentences GroupApproximation.Manuscript.NonMFSentences.IntroUnitGroupSentences GroupApproximation.Manuscript.NonMFSentences.KazhdanProjectionExistenceSentence GroupApproximation.Manuscript.NonMFSentences.MFQuotientUnitsCongruencePrinted GroupApproximation.Manuscript.NonMFSentences.MFQuotientUnitsCornerUnits GroupApproximation.Manuscript.NonMFSentences.MFQuotientUnitsItemB GroupApproximation.Manuscript.NonMFSentences.MFQuotientUnitsOffLastCorner GroupApproximation.Manuscript.NonMFSentences.MFQuotientUnitsSteinberg GroupApproximation.Manuscript.NonMFSentences.MFQuotientUnitsStepOnePrinted GroupApproximation.Manuscript.NonMFSentences.OneSidedCorollarySentences GroupApproximation.Manuscript.NonMFSentences.OneSidedSentences GroupApproximation.Manuscript.NonMFSentences.RankTwoPrintedSteps GroupApproximation.Manuscript.NonMFSentences.TransportCharacterizationIffSentence GroupApproximation.Manuscript.NonMFSentences.UniversalRingSentences GroupApproximation.Manuscript.OneSidedMFRadical.JacobsonRankFourSentences GroupApproximation.Manuscript.OneSidedMFRadical.JacobsonRankTwoInert GroupApproximation.Manuscript.OneSidedMFRadical.KhanhThanhDecompositionClosed GroupApproximation.Manuscript.OneSidedMFRadical.MaximalCStarWNotNuclearUnconditional GroupApproximation.Manuscript.OneSidedMFRadical.TorsionComplementaryIdempotents GroupApproximation.Manuscript.OneSidedMFRadical.TorsionComplementaryIdempotentsDefect GroupApproximation.Manuscript.OneSidedMFRadical.TorsionComplementaryIdempotentsJacobson GroupApproximation.Manuscript.OneSidedMFRadical.TorsionComplementaryIdempotentsSentences GroupApproximation.Manuscript.OneSidedMFRadical.TorsionComplementaryIdempotentsSignedPermutations GroupApproximation.Sofic.CliffordWitnessHSRemark
2026-09-11 22:32:06 jacobson 71e6a0dc19e6e3a9d438c07b796eacbea92f0662 GroupApproximation/Algebra/ValuationWithTopInt.lean GroupApproximation/Kazhdan/GHWPlaces.lean GroupApproximation/Manuscript/OneSidedMFRadical/JacobsonFiniteMatrices.lean
2026-09-11 22:33:20 lix-descent ec55c31e84c9522c87fb6224ba36170ec5802483 notes/lix-stronger-lane-reports/lix-descent.md
2026-09-11 22:34:03 lix-descent 134eef740700033bd95faa0aa617231c2a5c4042 notes/lix-stronger-lane-reports/lix-descent.md
2026-09-11 22:34:30 hull-select 32d4d17b4c96bc5f05a7ef05075d2786929987e7 GroupApproximation/GGT/VanKampen/VanKampenMerge.lean
2026-09-11 22:34:38 lix-evenside 924c01f0cb49ec915fade02e63490cbb88bdbe7f GroupApproximation/CharClass/ParityPWuTransport.lean
2026-09-11 22:34:42 hull-select-attic 41e03f214a2d2b40ecdb62caed38a0d3f693de85 GroupApproximation/GGT/VanKampen/Estimating/OsinAppendixSectionDegenerate.lean GroupApproximation/GGT/VanKampen/Estimating/OsinAppendixO52Prep.lean GroupApproximation/GGT/VanKampen/VanKampenCancel.lean
2026-09-11 22:34:48 lix-oddside-n 93bb40412b3eeb275917c6aef3773d222dc9d47e GroupApproximation/CharClass/LIXKGenBundle.lean GroupApproximation/CharClass/LIXKGenStepCWired.lean GroupApproximation/CharClass/LIXKGenSectInverse.lean GroupApproximation/CharClass/LIXKGenSector.lean
2026-09-11 22:35:00 lix-evenside-attic 26d553ddce63743840076ca0ea9bc372001bf81e GroupApproximation/CharClass/ParityPWuComponent.lean
2026-09-11 22:35:07 dgo-analytic a956f3d3d0f6ecd55c3abb6e2f75fcfa8ea3f5aa GroupApproximation/GGT/VanKampen/Estimating/OsinAppendixAssemblyPocket.lean
2026-09-11 22:35:10 rescue-lix 29e95e247c296ffe817fa7c7d240983e943f2528 GroupApproximation/Manuscript/NinetyNineProblems/ProblemLIXStrong.lean GroupApproximation/Manuscript/NinetyNineProblems/ProblemLIXStrongAssembly.lean
2026-09-11 22:35:16 lix-lh 6a5fd08abbf2b15659f5bee810c37fecff577021 GroupApproximation/CharClass/LerayHirschMVOf.lean GroupApproximation/CharClass/LerayHirschPeel.lean GroupApproximation/CharClass/LerayHirschPeelCP.lean GroupApproximation/CharClass/LerayHirschPeelClosed.lean GroupApproximation/CharClass/LerayHirschColumnPack.lean
2026-09-11 22:35:27 fff-quotient a13b4a961a1b99fb5ce806809188ff1b90127001 GroupApproximation/GroupTheory/HydeLodha/GammaTwoStabilizer.lean GroupApproximation/GroupTheory/HydeLodha/GammaTwoPeriodic.lean GroupApproximation/GroupTheory/HydeLodha/GammaTwoCoreMoves.lean
2026-09-11 22:36:13 rescue-lix 7aa5d8ba0e1d3c38ed9f10d1c42595e01d6b803f GroupApproximation/Manuscript/NinetyNineProblems/ProblemLIXStrongAssemblyHalves.lean
2026-09-11 22:36:15 kh-cckw 1f64ecd7ef8dbdd6b7a0fee74597f439a3e0befb GroupApproximation/Kazhdan/CCKWLinkRelations.lean
2026-09-11 22:36:24 lix-evenside 251dd56c090d0b0f7a761e789864f8b9169c2377 GroupApproximation/CharClass/ParityPWuComponent.lean GroupApproximation/CharClass/ParityPWuTransport.lean
2026-09-11 22:36:34 go-lemma42 8f999a341a30365d31249100ca17a274883151f8 metadata/NON_MF_SENTENCE_MAP.tsv metadata/NON_MF_CENSUS_CONDITIONAL_BASELINE.txt metadata/NON_MF_SENTENCE_CENSUS.tsv metadata/NON_MF_SENTENCE_CENSUS.md
2026-09-11 22:36:49 kh-torsion bb7865a6028bf6a59ddb07ee79d684b28030445f GroupApproximation/GGT/VanKampen/VertexJoinMap.lean GroupApproximation/GGT/VanKampen/FoldMap.lean GroupApproximation/GGT/VanKampen/FoldFaceCycles.lean
2026-09-11 22:37:21 kh-cckw 5819edb5fa65c3374d604277c1d86e68672b9092 GroupApproximation/Kazhdan/CCKWLinkRelations.lean
2026-09-11 22:37:26 kh-torsion-attic dbcbd70747025cc0bffc8bd3b128c562c9fd3ad8 GroupApproximation/GGT/VanKampen/FoldTransport.lean
