0 {"a": "bbc", "b": "bbcb", "c": "cbba"} m=1 gates+2 gates-3 polys=2964 infeasible-exact
1 {"a": "bcc", "b": "accb", "c": "cbcc"} m=1 gates+3 gates-2 polys=2964 infeasible-exact
2 {"a": "cbb", "b": "bcbb", "c": "abbc"} m=1 gates+3 gates-2 polys=2964 infeasible-exact
3 {"a": "ccb", "b": "bcca", "c": "ccbc"} m=1 gates+2 gates-3 polys=2964 infeasible-exact
4 {"a": "aaba", "b": "baac", "c": "aab"} m=1 gates+2 gates-3 polys=2964 infeasible-exact
5 {"a": "aaca", "b": "aac", "c": "caab"} m=1 gates+2 gates-3 polys=2964 infeasible-exact
6 {"a": "abaa", "b": "caab", "c": "baa"} m=1 gates+3 gates-2 polys=2964 infeasible-exact
7 {"a": "abbc", "b": "bbab", "c": "bba"} m=1 gates+2 gates-3 polys=2964 infeasible-exact
8 {"a": "acaa", "b": "caa", "c": "baac"} m=1 gates+3 gates-2 polys=2964 infeasible-exact
9 {"a": "accb", "b": "cca", "c": "ccac"} m=1 gates+2 gates-3 polys=2964 infeasible-exact
10 {"a": "bcca", "b": "acc", "c": "cacc"} m=1 gates+3 gates-2 polys=2964 infeasible-exact
11 {"a": "cbba", "b": "babb", "c": "abb"} m=1 gates+3 gates-2 polys=2964 infeasible-exact
12 {"a": "abc", "b": "cbbb", "c": "babc"} m=1 gates+3 gates-2 polys=3303 infeasible-exact
13 {"a": "acb", "b": "cacb", "c": "bccc"} m=1 gates+3 gates-2 polys=3303 infeasible-exact
14 {"a": "bbc", "b": "bbcb", "c": "cbca"} m=1 gates+2 gates-3 polys=2901 infeasible-exact
15 {"a": "bbc", "b": "bbcb", "c": "ccba"} m=1 gates+2 gates-3 polys=7597 infeasible-exact
16 {"a": "bca", "b": "bcac", "c": "cccb"} m=1 gates+2 gates-3 polys=3303 infeasible-exact
17 {"a": "bcc", "b": "abcb", "c": "cbcc"} m=1 gates+3 gates-2 polys=2901 infeasible-exact
18 {"a": "bcc", "b": "acbb", "c": "cbcc"} m=1 gates+3 gates-2 polys=7597 infeasible-exact
19 {"a": "cba", "b": "bbbc", "c": "cbab"} m=1 gates+2 gates-3 polys=3303 infeasible-exact
20 {"a": "cbb", "b": "bcbb", "c": "abcc"} m=1 gates+3 gates-2 polys=7597 infeasible-exact
21 {"a": "cbb", "b": "bcbb", "c": "acbc"} m=1 gates+3 gates-2 polys=2901 infeasible-exact
22 {"a": "ccb", "b": "bbca", "c": "ccbc"} m=1 gates+2 gates-3 polys=7597 infeasible-exact
23 {"a": "ccb", "b": "bcba", "c": "ccbc"} m=1 gates+2 gates-3 polys=2901 infeasible-exact
24 {"a": "aaab", "b": "baca", "c": "bac"} m=1 gates+2 gates-3 polys=3303 infeasible-exact
25 {"a": "aaac", "b": "cab", "c": "caba"} m=1 gates+2 gates-3 polys=3303 infeasible-exact
26 {"a": "aaba", "b": "babc", "c": "aab"} m=1 gates+2 gates-3 polys=2901 infeasible-exact
27 {"a": "aaba", "b": "bbac", "c": "aab"} m=1 gates+2 gates-3 polys=7597 infeasible-exact
28 {"a": "aabc", "b": "bbab", "c": "bba"} m=1 gates+2 gates-3 polys=7597 infeasible-exact
29 {"a": "aaca", "b": "aac", "c": "cacb"} m=1 gates+2 gates-3 polys=2901 infeasible-exact
30 {"a": "aaca", "b": "aac", "c": "ccab"} m=1 gates+2 gates-3 polys=7597 infeasible-exact
31 {"a": "aacb", "b": "cca", "c": "ccac"} m=1 gates+2 gates-3 polys=7597 infeasible-exact
32 {"a": "abaa", "b": "cabb", "c": "baa"} m=1 gates+3 gates-2 polys=7597 infeasible-exact
33 {"a": "abaa", "b": "cbab", "c": "baa"} m=1 gates+3 gates-2 polys=2901 infeasible-exact
34 {"a": "abac", "b": "bbab", "c": "bba"} m=1 gates+2 gates-3 polys=2901 infeasible-exact
35 {"a": "abcb", "b": "bbba", "c": "abc"} m=1 gates+2 gates-3 polys=3303 infeasible-exact
36 {"a": "acaa", "b": "caa", "c": "bacc"} m=1 gates+3 gates-2 polys=7597 infeasible-exact
37 {"a": "acaa", "b": "caa", "c": "bcac"} m=1 gates+3 gates-2 polys=2901 infeasible-exact
38 {"a": "acab", "b": "cca", "c": "ccac"} m=1 gates+2 gates-3 polys=2901 infeasible-exact
39 {"a": "acbc", "b": "acb", "c": "ccca"} m=1 gates+2 gates-3 polys=3303 infeasible-exact
40 {"a": "baaa", "b": "acab", "c": "cab"} m=1 gates+3 gates-2 polys=3303 infeasible-exact
41 {"a": "baca", "b": "acc", "c": "cacc"} m=1 gates+3 gates-2 polys=2901 infeasible-exact
42 {"a": "bcaa", "b": "acc", "c": "cacc"} m=1 gates+3 gates-2 polys=7597 infeasible-exact
43 {"a": "bcba", "b": "abbb", "c": "cba"} m=1 gates+3 gates-2 polys=3303 infeasible-exact
44 {"a": "caaa", "b": "bac", "c": "abac"} m=1 gates+3 gates-2 polys=3303 infeasible-exact
45 {"a": "caba", "b": "babb", "c": "abb"} m=1 gates+3 gates-2 polys=2901 infeasible-exact
46 {"a": "cbaa", "b": "babb", "c": "abb"} m=1 gates+3 gates-2 polys=7597 infeasible-exact
47 {"a": "cbca", "b": "bca", "c": "accc"} m=1 gates+3 gates-2 polys=3303 infeasible-exact
48 {"a": "bbc", "b": "ccca", "c": "bbcb"} m=1 gates+2 gates-3 polys=7532 infeasible-exact
49 {"a": "bcc", "b": "cbcc", "c": "abbb"} m=1 gates+3 gates-2 polys=7532 infeasible-exact
50 {"a": "cbb", "b": "accc", "c": "bcbb"} m=1 gates+3 gates-2 polys=7532 infeasible-exact
51 {"a": "ccb", "b": "ccbc", "c": "bbba"} m=1 gates+2 gates-3 polys=7532 infeasible-exact
52 {"a": "babb", "b": "caaa", "c": "abb"} m=1 gates+3 gates-2 polys=7532 infeasible-exact
53 {"a": "bbab", "b": "aaac", "c": "bba"} m=1 gates+2 gates-3 polys=7532 infeasible-exact
54 {"a": "bbbc", "b": "aaba", "c": "aab"} m=1 gates+2 gates-3 polys=7532 infeasible-exact
55 {"a": "bccc", "b": "caa", "c": "acaa"} m=1 gates+3 gates-2 polys=7532 infeasible-exact
56 {"a": "cacc", "b": "acc", "c": "baaa"} m=1 gates+3 gates-2 polys=7532 infeasible-exact
57 {"a": "cbbb", "b": "abaa", "c": "baa"} m=1 gates+3 gates-2 polys=7532 infeasible-exact
58 {"a": "ccac", "b": "cca", "c": "aaab"} m=1 gates+2 gates-3 polys=7532 infeasible-exact
59 {"a": "cccb", "b": "aac", "c": "aaca"} m=1 gates+2 gates-3 polys=7532 infeasible-exact
60 {"a": "bbc", "b": "cbca", "c": "bbcb"} m=1 gates+2 gates-3 polys=3247 infeasible-exact
61 {"a": "bbc", "b": "ccba", "c": "bbcb"} m=1 gates+2 gates-3 polys=8389 infeasible-exact
62 {"a": "bcc", "b": "cbcc", "c": "abcb"} m=1 gates+3 gates-2 polys=3247 infeasible-exact
63 {"a": "bcc", "b": "cbcc", "c": "acbb"} m=1 gates+3 gates-2 polys=8389 infeasible-exact
64 {"a": "cbb", "b": "abcc", "c": "bcbb"} m=1 gates+3 gates-2 polys=8389 infeasible-exact
65 {"a": "cbb", "b": "acbc", "c": "bcbb"} m=1 gates+3 gates-2 polys=3247 infeasible-exact
66 {"a": "ccb", "b": "ccbc", "c": "bbca"} m=1 gates+2 gates-3 polys=8389 infeasible-exact
67 {"a": "ccb", "b": "ccbc", "c": "bcba"} m=1 gates+2 gates-3 polys=3247 infeasible-exact
68 {"a": "babb", "b": "caba", "c": "abb"} m=1 gates+3 gates-2 polys=3247 infeasible-exact
69 {"a": "babb", "b": "cbaa", "c": "abb"} m=1 gates+3 gates-2 polys=8389 infeasible-exact
70 {"a": "babc", "b": "aaba", "c": "aab"} m=1 gates+2 gates-3 polys=3247 infeasible-exact
71 {"a": "bacc", "b": "caa", "c": "acaa"} m=1 gates+3 gates-2 polys=8389 infeasible-exact
72 {"a": "bbab", "b": "aabc", "c": "bba"} m=1 gates+2 gates-3 polys=8389 infeasible-exact
73 {"a": "bbab", "b": "abac", "c": "bba"} m=1 gates+2 gates-3 polys=3247 infeasible-exact
74 {"a": "bbac", "b": "aaba", "c": "aab"} m=1 gates+2 gates-3 polys=8389 infeasible-exact
75 {"a": "bcac", "b": "caa", "c": "acaa"} m=1 gates+3 gates-2 polys=3247 infeasible-exact
76 {"a": "cabb", "b": "abaa", "c": "baa"} m=1 gates+3 gates-2 polys=8389 infeasible-exact
77 {"a": "cacb", "b": "aac", "c": "aaca"} m=1 gates+2 gates-3 polys=3247 infeasible-exact
78 {"a": "cacc", "b": "acc", "c": "baca"} m=1 gates+3 gates-2 polys=3247 infeasible-exact
79 {"a": "cacc", "b": "acc", "c": "bcaa"} m=1 gates+3 gates-2 polys=8389 infeasible-exact
80 {"a": "cbab", "b": "abaa", "c": "baa"} m=1 gates+3 gates-2 polys=3247 infeasible-exact
81 {"a": "ccab", "b": "aac", "c": "aaca"} m=1 gates+2 gates-3 polys=8389 infeasible-exact
82 {"a": "ccac", "b": "cca", "c": "aacb"} m=1 gates+2 gates-3 polys=8389 infeasible-exact
83 {"a": "ccac", "b": "cca", "c": "acab"} m=1 gates+2 gates-3 polys=3247 infeasible-exact
84 {"a": "abb", "b": "cabb", "c": "bccc"} m=1 gates+3 gates-2 polys=2727 infeasible-exact
85 {"a": "acc", "b": "cbbb", "c": "bacc"} m=1 gates+3 gates-2 polys=2727 infeasible-exact
86 {"a": "bba", "b": "bbac", "c": "cccb"} m=1 gates+2 gates-3 polys=2727 infeasible-exact
87 {"a": "bbc", "b": "bbcb", "c": "ccca"} m=1 gates+2 gates-3 polys=8206 infeasible-exact
88 {"a": "bcc", "b": "abbb", "c": "cbcc"} m=1 gates+3 gates-2 polys=8206 infeasible-exact
89 {"a": "cbb", "b": "bcbb", "c": "accc"} m=1 gates+3 gates-2 polys=8206 infeasible-exact
90 {"a": "cca", "b": "bbbc", "c": "ccab"} m=1 gates+2 gates-3 polys=2727 infeasible-exact
91 {"a": "ccb", "b": "bbba", "c": "ccbc"} m=1 gates+2 gates-3 polys=8206 infeasible-exact
92 {"a": "aaab", "b": "cca", "c": "ccac"} m=1 gates+2 gates-3 polys=8206 infeasible-exact
93 {"a": "aaab", "b": "bbca", "c": "bbc"} m=1 gates+2 gates-3 polys=2727 infeasible-exact
94 {"a": "aaac", "b": "ccb", "c": "ccba"} m=1 gates+2 gates-3 polys=2727 infeasible-exact
95 {"a": "aaac", "b": "bbab", "c": "bba"} m=1 gates+2 gates-3 polys=8206 infeasible-exact
96 {"a": "aaba", "b": "bbbc", "c": "aab"} m=1 gates+2 gates-3 polys=8206 infeasible-exact
97 {"a": "aabc", "b": "aab", "c": "ccca"} m=1 gates+2 gates-3 polys=2727 infeasible-exact
98 {"a": "aaca", "b": "aac", "c": "cccb"} m=1 gates+2 gates-3 polys=8206 infeasible-exact
99 {"a": "aacb", "b": "bbba", "c": "aac"} m=1 gates+2 gates-3 polys=2727 infeasible-exact
stats m=1 [0,100) {"infeasible-exact": 100} time 183.7
100 {"a": "abaa", "b": "cbbb", "c": "baa"} m=1 gates+3 gates-2 polys=8206 infeasible-exact
101 {"a": "acaa", "b": "caa", "c": "bccc"} m=1 gates+3 gates-2 polys=8206 infeasible-exact
102 {"a": "baaa", "b": "acc", "c": "cacc"} m=1 gates+3 gates-2 polys=8206 infeasible-exact
103 {"a": "baaa", "b": "acbb", "c": "cbb"} m=1 gates+3 gates-2 polys=2727 infeasible-exact
104 {"a": "bcaa", "b": "abbb", "c": "caa"} m=1 gates+3 gates-2 polys=2727 infeasible-exact
105 {"a": "caaa", "b": "bcc", "c": "abcc"} m=1 gates+3 gates-2 polys=2727 infeasible-exact
106 {"a": "caaa", "b": "babb", "c": "abb"} m=1 gates+3 gates-2 polys=8206 infeasible-exact
107 {"a": "cbaa", "b": "baa", "c": "accc"} m=1 gates+3 gates-2 polys=2727 infeasible-exact
108 {"a": "abb", "b": "bccc", "c": "cabb"} m=1 gates+3 gates-2 polys=3932 infeasible-exact
109 {"a": "acc", "b": "bacc", "c": "cbbb"} m=1 gates+3 gates-2 polys=3932 infeasible-exact
110 {"a": "bba", "b": "cccb", "c": "bbac"} m=1 gates+2 gates-3 polys=3932 infeasible-exact
111 {"a": "bbc", "b": "cbba", "c": "bbcb"} m=1 gates+2 gates-3 polys=3942 infeasible-exact
112 {"a": "bcc", "b": "cbcc", "c": "accb"} m=1 gates+3 gates-2 polys=3942 infeasible-exact
113 {"a": "cbb", "b": "abbc", "c": "bcbb"} m=1 gates+3 gates-2 polys=3942 infeasible-exact
114 {"a": "cca", "b": "ccab", "c": "bbbc"} m=1 gates+2 gates-3 polys=3932 infeasible-exact
115 {"a": "ccb", "b": "ccbc", "c": "bcca"} m=1 gates+2 gates-3 polys=3942 infeasible-exact
116 {"a": "abbb", "b": "bcaa", "c": "caa"} m=1 gates+3 gates-2 polys=3932 infeasible-exact
117 {"a": "abcc", "b": "bcc", "c": "caaa"} m=1 gates+3 gates-2 polys=3932 infeasible-exact
118 {"a": "acbb", "b": "baaa", "c": "cbb"} m=1 gates+3 gates-2 polys=3932 infeasible-exact
119 {"a": "accc", "b": "baa", "c": "cbaa"} m=1 gates+3 gates-2 polys=3932 infeasible-exact
120 {"a": "baac", "b": "caa", "c": "acaa"} m=1 gates+3 gates-2 polys=3942 infeasible-exact
121 {"a": "baac", "b": "aaba", "c": "aab"} m=1 gates+2 gates-3 polys=3942 infeasible-exact
122 {"a": "babb", "b": "cbba", "c": "abb"} m=1 gates+3 gates-2 polys=3942 infeasible-exact
123 {"a": "bbab", "b": "abbc", "c": "bba"} m=1 gates+2 gates-3 polys=3942 infeasible-exact
124 {"a": "bbba", "b": "aacb", "c": "aac"} m=1 gates+2 gates-3 polys=3932 infeasible-exact
125 {"a": "bbca", "b": "aaab", "c": "bbc"} m=1 gates+2 gates-3 polys=3932 infeasible-exact
126 {"a": "caab", "b": "aac", "c": "aaca"} m=1 gates+2 gates-3 polys=3942 infeasible-exact
127 {"a": "caab", "b": "abaa", "c": "baa"} m=1 gates+3 gates-2 polys=3942 infeasible-exact
128 {"a": "cacc", "b": "acc", "c": "bcca"} m=1 gates+3 gates-2 polys=3942 infeasible-exact
129 {"a": "ccac", "b": "cca", "c": "accb"} m=1 gates+2 gates-3 polys=3942 infeasible-exact
130 {"a": "ccba", "b": "ccb", "c": "aaac"} m=1 gates+2 gates-3 polys=3932 infeasible-exact
131 {"a": "ccca", "b": "aab", "c": "aabc"} m=1 gates+2 gates-3 polys=3932 infeasible-exact
132 {"a": "abc", "b": "babc", "c": "cbbb"} m=1 gates+3 gates-2 polys=2040 infeasible-exact
133 {"a": "acb", "b": "bccc", "c": "cacb"} m=1 gates+3 gates-2 polys=2040 infeasible-exact
134 {"a": "bca", "b": "cccb", "c": "bcac"} m=1 gates+2 gates-3 polys=2040 infeasible-exact
135 {"a": "cba", "b": "cbab", "c": "bbbc"} m=1 gates+2 gates-3 polys=2040 infeasible-exact
136 {"a": "abac", "b": "bac", "c": "caaa"} m=1 gates+3 gates-2 polys=2040 infeasible-exact
137 {"a": "abbb", "b": "bcba", "c": "cba"} m=1 gates+3 gates-2 polys=2040 infeasible-exact
138 {"a": "acab", "b": "baaa", "c": "cab"} m=1 gates+3 gates-2 polys=2040 infeasible-exact
139 {"a": "accc", "b": "bca", "c": "cbca"} m=1 gates+3 gates-2 polys=2040 infeasible-exact
140 {"a": "baca", "b": "aaab", "c": "bac"} m=1 gates+2 gates-3 polys=2040 infeasible-exact
141 {"a": "bbba", "b": "abcb", "c": "abc"} m=1 gates+2 gates-3 polys=2040 infeasible-exact
142 {"a": "caba", "b": "cab", "c": "aaac"} m=1 gates+2 gates-3 polys=2040 infeasible-exact
143 {"a": "ccca", "b": "acb", "c": "acbc"} m=1 gates+2 gates-3 polys=2040 infeasible-exact
144 {"a": "bcb", "b": "aabc", "c": "bcba"} m=1 gates+2 gates-3 polys=825 infeasible-exact
145 {"a": "bcb", "b": "cbaa", "c": "abcb"} m=1 gates+3 gates-2 polys=825 infeasible-exact
146 {"a": "cbc", "b": "acbc", "c": "bcaa"} m=1 gates+3 gates-2 polys=825 infeasible-exact
147 {"a": "cbc", "b": "cbca", "c": "aacb"} m=1 gates+2 gates-3 polys=825 infeasible-exact
148 {"a": "babc", "b": "ccba", "c": "bab"} m=1 gates+2 gates-3 polys=825 infeasible-exact
149 {"a": "bacc", "b": "caba", "c": "aba"} m=1 gates+3 gates-2 polys=825 infeasible-exact
150 {"a": "bbac", "b": "aca", "c": "acab"} m=1 gates+2 gates-3 polys=825 infeasible-exact
151 {"a": "bcac", "b": "cac", "c": "acbb"} m=1 gates+3 gates-2 polys=825 infeasible-exact
152 {"a": "cabb", "b": "aca", "c": "baca"} m=1 gates+3 gates-2 polys=825 infeasible-exact
153 {"a": "cacb", "b": "cac", "c": "bbca"} m=1 gates+2 gates-3 polys=825 infeasible-exact
154 {"a": "cbab", "b": "abcc", "c": "bab"} m=1 gates+3 gates-2 polys=825 infeasible-exact
155 {"a": "ccab", "b": "abac", "c": "aba"} m=1 gates+2 gates-3 polys=825 infeasible-exact
156 {"a": "abc", "b": "bbab", "c": "bba"} m=1 gates+2 gates-3 polys=2606 infeasible-exact
157 {"a": "abc", "b": "bcab", "c": "abca"} m=1 gates+2 gates-3 polys=463 infeasible-exact
158 {"a": "acb", "b": "cca", "c": "ccac"} m=1 gates+2 gates-3 polys=2606 infeasible-exact
159 {"a": "acb", "b": "acba", "c": "cbac"} m=1 gates+2 gates-3 polys=463 infeasible-exact
160 {"a": "bbc", "b": "bbcb", "c": "cba"} m=1 gates+2 gates-3 polys=2606 infeasible-exact
161 {"a": "bca", "b": "acc", "c": "cacc"} m=1 gates+3 gates-2 polys=2606 infeasible-exact
162 {"a": "bca", "b": "abca", "c": "cabc"} m=1 gates+3 gates-2 polys=463 infeasible-exact
163 {"a": "bcc", "b": "acb", "c": "cbcc"} m=1 gates+3 gates-2 polys=2606 infeasible-exact
164 {"a": "cba", "b": "babb", "c": "abb"} m=1 gates+3 gates-2 polys=2606 infeasible-exact
165 {"a": "cba", "b": "bacb", "c": "acba"} m=1 gates+3 gates-2 polys=463 infeasible-exact
166 {"a": "cbb", "b": "bcbb", "c": "abc"} m=1 gates+3 gates-2 polys=2606 infeasible-exact
167 {"a": "ccb", "b": "bca", "c": "ccbc"} m=1 gates+2 gates-3 polys=2606 infeasible-exact
168 {"a": "aaba", "b": "bac", "c": "aab"} m=1 gates+2 gates-3 polys=2606 infeasible-exact
169 {"a": "aaca", "b": "aac", "c": "cab"} m=1 gates+2 gates-3 polys=2606 infeasible-exact
170 {"a": "abaa", "b": "cab", "c": "baa"} m=1 gates+3 gates-2 polys=2606 infeasible-exact
171 {"a": "abca", "b": "cab", "c": "bcab"} m=1 gates+3 gates-2 polys=463 infeasible-exact
172 {"a": "abca", "b": "cabc", "c": "cab"} m=1 gates+2 gates-3 polys=463 infeasible-exact
173 {"a": "acaa", "b": "caa", "c": "bac"} m=1 gates+3 gates-2 polys=2606 infeasible-exact
174 {"a": "acba", "b": "bac", "c": "bacb"} m=1 gates+2 gates-3 polys=463 infeasible-exact
175 {"a": "acba", "b": "cbac", "c": "bac"} m=1 gates+3 gates-2 polys=463 infeasible-exact
176 {"a": "bacb", "b": "acb", "c": "cbac"} m=1 gates+3 gates-2 polys=463 infeasible-exact
177 {"a": "bcab", "b": "bca", "c": "cabc"} m=1 gates+2 gates-3 polys=463 infeasible-exact
178 {"a": "cabc", "b": "bcab", "c": "abc"} m=1 gates+3 gates-2 polys=463 infeasible-exact
179 {"a": "cbac", "b": "bacb", "c": "cba"} m=1 gates+2 gates-3 polys=463 infeasible-exact
180 {"a": "bac", "b": "acba", "c": "bacb"} m=1 gates+2 gates-3 polys=463 infeasible-exact
181 {"a": "bac", "b": "cbac", "c": "acba"} m=1 gates+3 gates-2 polys=463 infeasible-exact
182 {"a": "cab", "b": "abca", "c": "bcab"} m=1 gates+3 gates-2 polys=463 infeasible-exact
183 {"a": "cab", "b": "cabc", "c": "abca"} m=1 gates+2 gates-3 polys=463 infeasible-exact
184 {"a": "bacb", "b": "cba", "c": "acba"} m=1 gates+3 gates-2 polys=463 infeasible-exact
185 {"a": "bacb", "b": "cbac", "c": "acb"} m=1 gates+3 gates-2 polys=463 infeasible-exact
186 {"a": "bcab", "b": "abc", "c": "abca"} m=1 gates+2 gates-3 polys=463 infeasible-exact
187 {"a": "bcab", "b": "cabc", "c": "bca"} m=1 gates+2 gates-3 polys=463 infeasible-exact
188 {"a": "cabc", "b": "abc", "c": "bcab"} m=1 gates+3 gates-2 polys=463 infeasible-exact
189 {"a": "cabc", "b": "abca", "c": "bca"} m=1 gates+3 gates-2 polys=463 infeasible-exact
190 {"a": "cbac", "b": "cba", "c": "bacb"} m=1 gates+2 gates-3 polys=463 infeasible-exact
191 {"a": "cbac", "b": "acba", "c": "acb"} m=1 gates+2 gates-3 polys=463 infeasible-exact
192 {"a": "abb", "b": "caba", "c": "babb"} m=1 gates+3 gates-2 polys=3247 NEGATIVE -0.500000
193 {"a": "abb", "b": "cbaa", "c": "babb"} m=1 gates+3 gates-2 polys=8389 infeasible-exact
194 {"a": "acc", "b": "cacc", "c": "baca"} m=1 gates+3 gates-2 polys=3247 NEGATIVE -0.500000
195 {"a": "acc", "b": "cacc", "c": "bcaa"} m=1 gates+3 gates-2 polys=8389 infeasible-exact
196 {"a": "bba", "b": "aabc", "c": "bbab"} m=1 gates+2 gates-3 polys=8389 infeasible-exact
197 {"a": "bba", "b": "abac", "c": "bbab"} m=1 gates+2 gates-3 polys=3247 NEGATIVE -0.500000
198 {"a": "bbc", "b": "aaab", "c": "bbca"} m=1 gates+2 gates-3 polys=3932 infeasible-exact
199 {"a": "bcc", "b": "abcc", "c": "caaa"} m=1 gates+3 gates-2 polys=3932 infeasible-exact
stats m=1 [100,200) {"infeasible-exact": 97, "NEGATIVE": 3} time 104.3
200 {"a": "cbb", "b": "baaa", "c": "acbb"} m=1 gates+3 gates-2 polys=3932 infeasible-exact
201 {"a": "cca", "b": "ccac", "c": "aacb"} m=1 gates+2 gates-3 polys=8389 infeasible-exact
202 {"a": "cca", "b": "ccac", "c": "acab"} m=1 gates+2 gates-3 polys=3247 NEGATIVE -0.500000
203 {"a": "ccb", "b": "ccba", "c": "aaac"} m=1 gates+2 gates-3 polys=3932 infeasible-exact
204 {"a": "abbb", "b": "caa", "c": "bcaa"} m=1 gates+3 gates-2 polys=3932 infeasible-exact
205 {"a": "accc", "b": "cbaa", "c": "baa"} m=1 gates+3 gates-2 polys=3932 infeasible-exact
206 {"a": "babc", "b": "aab", "c": "aaba"} m=1 gates+2 gates-3 polys=3247 NEGATIVE -0.500000
207 {"a": "bacc", "b": "acc", "c": "cbbb"} m=1 gates+3 gates-2 polys=3932 infeasible-exact
208 {"a": "bacc", "b": "acaa", "c": "caa"} m=1 gates+3 gates-2 polys=8389 infeasible-exact
209 {"a": "bbac", "b": "aab", "c": "aaba"} m=1 gates+2 gates-3 polys=8389 infeasible-exact
210 {"a": "bbac", "b": "cccb", "c": "bba"} m=1 gates+2 gates-3 polys=3932 infeasible-exact
211 {"a": "bbba", "b": "aac", "c": "aacb"} m=1 gates+2 gates-3 polys=3932 infeasible-exact
212 {"a": "bbcb", "b": "cbca", "c": "bbc"} m=1 gates+2 gates-3 polys=3247 NEGATIVE -0.500000
213 {"a": "bbcb", "b": "ccba", "c": "bbc"} m=1 gates+2 gates-3 polys=8389 infeasible-exact
214 {"a": "bcac", "b": "acaa", "c": "caa"} m=1 gates+3 gates-2 polys=3247 NEGATIVE -0.500000
215 {"a": "bcbb", "b": "abcc", "c": "cbb"} m=1 gates+3 gates-2 polys=8389 infeasible-exact
216 {"a": "bcbb", "b": "acbc", "c": "cbb"} m=1 gates+3 gates-2 polys=3247 NEGATIVE -0.500000
217 {"a": "cabb", "b": "baa", "c": "abaa"} m=1 gates+3 gates-2 polys=8389 infeasible-exact
218 {"a": "cabb", "b": "bccc", "c": "abb"} m=1 gates+3 gates-2 polys=3932 infeasible-exact
219 {"a": "cacb", "b": "aaca", "c": "aac"} m=1 gates+2 gates-3 polys=3247 NEGATIVE -0.500000
220 {"a": "cbab", "b": "baa", "c": "abaa"} m=1 gates+3 gates-2 polys=3247 NEGATIVE -0.500000
221 {"a": "cbcc", "b": "bcc", "c": "abcb"} m=1 gates+3 gates-2 polys=3247 NEGATIVE -0.500000
222 {"a": "cbcc", "b": "bcc", "c": "acbb"} m=1 gates+3 gates-2 polys=8389 infeasible-exact
223 {"a": "ccab", "b": "cca", "c": "bbbc"} m=1 gates+2 gates-3 polys=3932 infeasible-exact
224 {"a": "ccab", "b": "aaca", "c": "aac"} m=1 gates+2 gates-3 polys=8389 infeasible-exact
225 {"a": "ccbc", "b": "ccb", "c": "bbca"} m=1 gates+2 gates-3 polys=8389 infeasible-exact
226 {"a": "ccbc", "b": "ccb", "c": "bcba"} m=1 gates+2 gates-3 polys=3247 NEGATIVE -0.500000
227 {"a": "ccca", "b": "aabc", "c": "aab"} m=1 gates+2 gates-3 polys=3932 infeasible-exact
228 {"a": "aab", "b": "aabc", "c": "ccca"} m=1 gates+2 gates-3 polys=2727 infeasible-exact
229 {"a": "aac", "b": "bbba", "c": "aacb"} m=1 gates+2 gates-3 polys=2727 infeasible-exact
230 {"a": "baa", "b": "cbaa", "c": "accc"} m=1 gates+3 gates-2 polys=2727 infeasible-exact
231 {"a": "caa", "b": "abbb", "c": "bcaa"} m=1 gates+3 gates-2 polys=2727 infeasible-exact
232 {"a": "aaab", "b": "bbc", "c": "bbca"} m=1 gates+2 gates-3 polys=2727 infeasible-exact
233 {"a": "aaac", "b": "ccba", "c": "ccb"} m=1 gates+2 gates-3 polys=2727 infeasible-exact
234 {"a": "baaa", "b": "cbb", "c": "acbb"} m=1 gates+3 gates-2 polys=2727 infeasible-exact
235 {"a": "bacc", "b": "cbbb", "c": "acc"} m=1 gates+3 gates-2 polys=2727 infeasible-exact
236 {"a": "bbac", "b": "bba", "c": "cccb"} m=1 gates+2 gates-3 polys=2727 infeasible-exact
237 {"a": "caaa", "b": "abcc", "c": "bcc"} m=1 gates+3 gates-2 polys=2727 infeasible-exact
238 {"a": "cabb", "b": "abb", "c": "bccc"} m=1 gates+3 gates-2 polys=2727 infeasible-exact
239 {"a": "ccab", "b": "bbbc", "c": "cca"} m=1 gates+2 gates-3 polys=2727 infeasible-exact
240 {"a": "ab", "b": "bbbc", "c": "aba"} m=1 gates+2 gates-3 polys=2542 infeasible-exact
241 {"a": "ac", "b": "aca", "c": "cccb"} m=1 gates+2 gates-3 polys=2542 infeasible-exact
242 {"a": "ba", "b": "cbbb", "c": "aba"} m=1 gates+3 gates-2 polys=2542 infeasible-exact
243 {"a": "ca", "b": "aca", "c": "bccc"} m=1 gates+3 gates-2 polys=2542 infeasible-exact
244 {"a": "aab", "b": "babc", "c": "aaba"} m=1 gates+2 gates-3 polys=2901 infeasible-exact
245 {"a": "aab", "b": "bbac", "c": "aaba"} m=1 gates+2 gates-3 polys=7597 infeasible-exact
246 {"a": "aac", "b": "aaca", "c": "cacb"} m=1 gates+2 gates-3 polys=2901 infeasible-exact
247 {"a": "aac", "b": "aaca", "c": "ccab"} m=1 gates+2 gates-3 polys=7597 infeasible-exact
248 {"a": "abb", "b": "bcba", "c": "cba"} m=1 gates+3 gates-2 polys=1731 infeasible-exact
249 {"a": "abc", "b": "babc", "c": "cbb"} m=1 gates+3 gates-2 polys=1731 infeasible-exact
250 {"a": "abc", "b": "bcba", "c": "bcb"} m=1 gates+2 gates-3 polys=801 infeasible-exact
251 {"a": "acb", "b": "bcc", "c": "cacb"} m=1 gates+3 gates-2 polys=1731 infeasible-exact
252 {"a": "acb", "b": "cbc", "c": "cbca"} m=1 gates+2 gates-3 polys=801 infeasible-exact
253 {"a": "acc", "b": "bca", "c": "cbca"} m=1 gates+3 gates-2 polys=1731 infeasible-exact
254 {"a": "baa", "b": "cabb", "c": "abaa"} m=1 gates+3 gates-2 polys=7597 infeasible-exact
255 {"a": "baa", "b": "cbab", "c": "abaa"} m=1 gates+3 gates-2 polys=2901 infeasible-exact
256 {"a": "bab", "b": "babc", "c": "cba"} m=1 gates+2 gates-3 polys=801 infeasible-exact
257 {"a": "bab", "b": "cbab", "c": "abc"} m=1 gates+3 gates-2 polys=801 infeasible-exact
258 {"a": "bba", "b": "abcb", "c": "abc"} m=1 gates+2 gates-3 polys=1731 infeasible-exact
259 {"a": "bca", "b": "cbc", "c": "acbc"} m=1 gates+3 gates-2 polys=801 infeasible-exact
260 {"a": "bca", "b": "ccb", "c": "bcac"} m=1 gates+2 gates-3 polys=1731 infeasible-exact
261 {"a": "bcb", "b": "bc", "c": "ccca"} m=1 gates+2 gates-3 polys=2542 infeasible-exact
262 {"a": "bcb", "b": "cb", "c": "accc"} m=1 gates+3 gates-2 polys=2542 infeasible-exact
263 {"a": "caa", "b": "acaa", "c": "bacc"} m=1 gates+3 gates-2 polys=7597 infeasible-exact
264 {"a": "caa", "b": "acaa", "c": "bcac"} m=1 gates+3 gates-2 polys=2901 infeasible-exact
265 {"a": "cac", "b": "acb", "c": "bcac"} m=1 gates+3 gates-2 polys=801 infeasible-exact
266 {"a": "cac", "b": "bca", "c": "cacb"} m=1 gates+2 gates-3 polys=801 infeasible-exact
267 {"a": "cba", "b": "abcb", "c": "bcb"} m=1 gates+3 gates-2 polys=801 infeasible-exact
268 {"a": "cba", "b": "cbab", "c": "bbc"} m=1 gates+2 gates-3 polys=1731 infeasible-exact
269 {"a": "cbc", "b": "abbb", "c": "bc"} m=1 gates+3 gates-2 polys=2542 infeasible-exact
270 {"a": "cbc", "b": "bbba", "c": "cb"} m=1 gates+2 gates-3 polys=2542 infeasible-exact
271 {"a": "cca", "b": "acb", "c": "acbc"} m=1 gates+2 gates-3 polys=1731 infeasible-exact
272 {"a": "aaab", "b": "cac", "c": "ca"} m=1 gates+2 gates-3 polys=2542 infeasible-exact
273 {"a": "aaac", "b": "ba", "c": "bab"} m=1 gates+2 gates-3 polys=2542 infeasible-exact
274 {"a": "aabc", "b": "bba", "c": "bbab"} m=1 gates+2 gates-3 polys=7597 infeasible-exact
275 {"a": "aacb", "b": "ccac", "c": "cca"} m=1 gates+2 gates-3 polys=7597 infeasible-exact
276 {"a": "abac", "b": "aba", "c": "cab"} m=1 gates+2 gates-3 polys=801 infeasible-exact
277 {"a": "abac", "b": "bac", "c": "caa"} m=1 gates+3 gates-2 polys=1731 infeasible-exact
278 {"a": "abac", "b": "bba", "c": "bbab"} m=1 gates+2 gates-3 polys=2901 infeasible-exact
279 {"a": "acab", "b": "baa", "c": "cab"} m=1 gates+3 gates-2 polys=1731 infeasible-exact
280 {"a": "acab", "b": "bac", "c": "aca"} m=1 gates+2 gates-3 polys=801 infeasible-exact
281 {"a": "acab", "b": "ccac", "c": "cca"} m=1 gates+2 gates-3 polys=2901 infeasible-exact
282 {"a": "baaa", "b": "cac", "c": "ac"} m=1 gates+3 gates-2 polys=2542 infeasible-exact
283 {"a": "baca", "b": "aab", "c": "bac"} m=1 gates+2 gates-3 polys=1731 infeasible-exact
284 {"a": "baca", "b": "cab", "c": "aca"} m=1 gates+3 gates-2 polys=801 infeasible-exact
285 {"a": "baca", "b": "cacc", "c": "acc"} m=1 gates+3 gates-2 polys=2901 infeasible-exact
286 {"a": "bbcb", "b": "bbc", "c": "cbca"} m=1 gates+2 gates-3 polys=2901 infeasible-exact
287 {"a": "bbcb", "b": "bbc", "c": "ccba"} m=1 gates+2 gates-3 polys=7597 infeasible-exact
288 {"a": "bcaa", "b": "cacc", "c": "acc"} m=1 gates+3 gates-2 polys=7597 infeasible-exact
289 {"a": "bcbb", "b": "cbb", "c": "abcc"} m=1 gates+3 gates-2 polys=7597 infeasible-exact
290 {"a": "bcbb", "b": "cbb", "c": "acbc"} m=1 gates+3 gates-2 polys=2901 infeasible-exact
291 {"a": "caaa", "b": "ab", "c": "bab"} m=1 gates+3 gates-2 polys=2542 infeasible-exact
292 {"a": "caba", "b": "aba", "c": "bac"} m=1 gates+3 gates-2 polys=801 infeasible-exact
293 {"a": "caba", "b": "abb", "c": "babb"} m=1 gates+3 gates-2 polys=2901 infeasible-exact
294 {"a": "caba", "b": "cab", "c": "aac"} m=1 gates+2 gates-3 polys=1731 infeasible-exact
295 {"a": "cbaa", "b": "abb", "c": "babb"} m=1 gates+3 gates-2 polys=7597 infeasible-exact
296 {"a": "cbcc", "b": "abcb", "c": "bcc"} m=1 gates+3 gates-2 polys=2901 infeasible-exact
297 {"a": "cbcc", "b": "acbb", "c": "bcc"} m=1 gates+3 gates-2 polys=7597 infeasible-exact
298 {"a": "ccbc", "b": "bbca", "c": "ccb"} m=1 gates+2 gates-3 polys=7597 infeasible-exact
299 {"a": "ccbc", "b": "bcba", "c": "ccb"} m=1 gates+2 gates-3 polys=2901 infeasible-exact
stats m=1 [200,300) {"infeasible-exact": 91, "NEGATIVE": 9} time 121.2
300 {"a": "abb", "b": "caaa", "c": "babb"} m=1 gates+3 gates-2 polys=7532 infeasible-exact
301 {"a": "acc", "b": "cacc", "c": "baaa"} m=1 gates+3 gates-2 polys=7532 infeasible-exact
302 {"a": "bba", "b": "aaac", "c": "bbab"} m=1 gates+2 gates-3 polys=7532 infeasible-exact
303 {"a": "cca", "b": "ccac", "c": "aaab"} m=1 gates+2 gates-3 polys=7532 infeasible-exact
304 {"a": "bbbc", "b": "aab", "c": "aaba"} m=1 gates+2 gates-3 polys=7532 infeasible-exact
305 {"a": "bbcb", "b": "ccca", "c": "bbc"} m=1 gates+2 gates-3 polys=7532 infeasible-exact
306 {"a": "bcbb", "b": "accc", "c": "cbb"} m=1 gates+3 gates-2 polys=7532 infeasible-exact
307 {"a": "bccc", "b": "acaa", "c": "caa"} m=1 gates+3 gates-2 polys=7532 infeasible-exact
308 {"a": "cbbb", "b": "baa", "c": "abaa"} m=1 gates+3 gates-2 polys=7532 infeasible-exact
309 {"a": "cbcc", "b": "bcc", "c": "abbb"} m=1 gates+3 gates-2 polys=7532 infeasible-exact
310 {"a": "ccbc", "b": "ccb", "c": "bbba"} m=1 gates+2 gates-3 polys=7532 infeasible-exact
311 {"a": "cccb", "b": "aaca", "c": "aac"} m=1 gates+2 gates-3 polys=7532 infeasible-exact
312 {"a": "bac", "b": "aaab", "c": "baca"} m=1 gates+2 gates-3 polys=2040 infeasible-exact
313 {"a": "bac", "b": "abac", "c": "caaa"} m=1 gates+3 gates-2 polys=2040 infeasible-exact
314 {"a": "cab", "b": "baaa", "c": "acab"} m=1 gates+3 gates-2 polys=2040 infeasible-exact
315 {"a": "cab", "b": "caba", "c": "aaac"} m=1 gates+2 gates-3 polys=2040 infeasible-exact
316 {"a": "abbb", "b": "cba", "c": "bcba"} m=1 gates+3 gates-2 polys=2040 infeasible-exact
317 {"a": "accc", "b": "cbca", "c": "bca"} m=1 gates+3 gates-2 polys=2040 infeasible-exact
318 {"a": "babc", "b": "abc", "c": "cbbb"} m=1 gates+3 gates-2 polys=2040 infeasible-exact
319 {"a": "bbba", "b": "abc", "c": "abcb"} m=1 gates+2 gates-3 polys=2040 infeasible-exact
320 {"a": "bcac", "b": "cccb", "c": "bca"} m=1 gates+2 gates-3 polys=2040 infeasible-exact
321 {"a": "cacb", "b": "bccc", "c": "acb"} m=1 gates+3 gates-2 polys=2040 infeasible-exact
322 {"a": "cbab", "b": "cba", "c": "bbbc"} m=1 gates+2 gates-3 polys=2040 infeasible-exact
323 {"a": "ccca", "b": "acbc", "c": "acb"} m=1 gates+2 gates-3 polys=2040 infeasible-exact
324 {"a": "ab", "b": "cab", "c": "bccc"} m=1 gates+3 gates-2 polys=1285 infeasible-exact
325 {"a": "ac", "b": "cbbb", "c": "bac"} m=1 gates+3 gates-2 polys=1285 infeasible-exact
326 {"a": "ba", "b": "bac", "c": "cccb"} m=1 gates+2 gates-3 polys=1285 infeasible-exact
327 {"a": "bc", "b": "bcb", "c": "ccca"} m=1 gates+2 gates-3 polys=2542 infeasible-exact
328 {"a": "bc", "b": "abbb", "c": "cbc"} m=1 gates+3 gates-2 polys=2542 infeasible-exact
329 {"a": "ca", "b": "bbbc", "c": "cab"} m=1 gates+2 gates-3 polys=1285 infeasible-exact
330 {"a": "cb", "b": "bcb", "c": "accc"} m=1 gates+3 gates-2 polys=2542 infeasible-exact
331 {"a": "cb", "b": "bbba", "c": "cbc"} m=1 gates+2 gates-3 polys=2542 infeasible-exact
332 {"a": "aab", "b": "cca", "c": "ccac"} m=1 gates+2 gates-3 polys=7121 infeasible-exact
333 {"a": "aab", "b": "bbca", "c": "bbc"} m=1 gates+2 gates-3 polys=2340 infeasible-exact
334 {"a": "aac", "b": "ccb", "c": "ccba"} m=1 gates+2 gates-3 polys=2340 infeasible-exact
335 {"a": "aac", "b": "bbab", "c": "bba"} m=1 gates+2 gates-3 polys=7121 infeasible-exact
336 {"a": "aba", "b": "abac", "c": "ccab"} m=1 gates+2 gates-3 polys=2188 infeasible-exact
337 {"a": "aba", "b": "bbbc", "c": "ab"} m=1 gates+2 gates-3 polys=2542 infeasible-exact
338 {"a": "aba", "b": "caba", "c": "bacc"} m=1 gates+3 gates-2 polys=2188 infeasible-exact
339 {"a": "aba", "b": "cbbb", "c": "ba"} m=1 gates+3 gates-2 polys=2542 infeasible-exact
340 {"a": "abb", "b": "cabb", "c": "bcc"} m=1 gates+3 gates-2 polys=2340 infeasible-exact
341 {"a": "abc", "b": "ab", "c": "ccca"} m=1 gates+2 gates-3 polys=1285 infeasible-exact
342 {"a": "aca", "b": "ac", "c": "cccb"} m=1 gates+2 gates-3 polys=2542 infeasible-exact
343 {"a": "aca", "b": "ca", "c": "bccc"} m=1 gates+3 gates-2 polys=2542 infeasible-exact
344 {"a": "aca", "b": "bbac", "c": "acab"} m=1 gates+2 gates-3 polys=2188 infeasible-exact
345 {"a": "aca", "b": "cabb", "c": "baca"} m=1 gates+3 gates-2 polys=2188 infeasible-exact
346 {"a": "acb", "b": "bbba", "c": "ac"} m=1 gates+2 gates-3 polys=1285 infeasible-exact
347 {"a": "acc", "b": "cbb", "c": "bacc"} m=1 gates+3 gates-2 polys=2340 infeasible-exact
348 {"a": "baa", "b": "acc", "c": "cacc"} m=1 gates+3 gates-2 polys=7121 infeasible-exact
349 {"a": "baa", "b": "acbb", "c": "cbb"} m=1 gates+3 gates-2 polys=2340 infeasible-exact
350 {"a": "bba", "b": "bbac", "c": "ccb"} m=1 gates+2 gates-3 polys=2340 infeasible-exact
351 {"a": "bbc", "b": "bbcb", "c": "cca"} m=1 gates+2 gates-3 polys=7121 infeasible-exact
352 {"a": "bca", "b": "abbb", "c": "ca"} m=1 gates+3 gates-2 polys=1285 infeasible-exact
353 {"a": "bcc", "b": "abb", "c": "cbcc"} m=1 gates+3 gates-2 polys=7121 infeasible-exact
354 {"a": "caa", "b": "bcc", "c": "abcc"} m=1 gates+3 gates-2 polys=2340 infeasible-exact
355 {"a": "caa", "b": "babb", "c": "abb"} m=1 gates+3 gates-2 polys=7121 infeasible-exact
356 {"a": "cba", "b": "ba", "c": "accc"} m=1 gates+3 gates-2 polys=1285 infeasible-exact
357 {"a": "cbb", "b": "bcbb", "c": "acc"} m=1 gates+3 gates-2 polys=7121 infeasible-exact
358 {"a": "cca", "b": "bbc", "c": "ccab"} m=1 gates+2 gates-3 polys=2340 infeasible-exact
359 {"a": "ccb", "b": "bba", "c": "ccbc"} m=1 gates+2 gates-3 polys=7121 infeasible-exact
360 {"a": "aaab", "b": "ca", "c": "cac"} m=1 gates+2 gates-3 polys=2542 infeasible-exact
361 {"a": "aaab", "b": "bca", "c": "bc"} m=1 gates+2 gates-3 polys=1285 infeasible-exact
362 {"a": "aaac", "b": "cb", "c": "cba"} m=1 gates+2 gates-3 polys=1285 infeasible-exact
363 {"a": "aaac", "b": "bab", "c": "ba"} m=1 gates+2 gates-3 polys=2542 infeasible-exact
364 {"a": "aaba", "b": "bbc", "c": "aab"} m=1 gates+2 gates-3 polys=7121 infeasible-exact
365 {"a": "aabc", "b": "aab", "c": "cca"} m=1 gates+2 gates-3 polys=2340 infeasible-exact
366 {"a": "aabc", "b": "bcb", "c": "bcba"} m=1 gates+2 gates-3 polys=2188 infeasible-exact
367 {"a": "aaca", "b": "aac", "c": "ccb"} m=1 gates+2 gates-3 polys=7121 infeasible-exact
368 {"a": "aacb", "b": "bba", "c": "aac"} m=1 gates+2 gates-3 polys=2340 infeasible-exact
369 {"a": "aacb", "b": "cbca", "c": "cbc"} m=1 gates+2 gates-3 polys=2188 infeasible-exact
370 {"a": "abaa", "b": "cbb", "c": "baa"} m=1 gates+3 gates-2 polys=7121 infeasible-exact
371 {"a": "acaa", "b": "caa", "c": "bcc"} m=1 gates+3 gates-2 polys=7121 infeasible-exact
372 {"a": "baaa", "b": "ac", "c": "cac"} m=1 gates+3 gates-2 polys=2542 infeasible-exact
373 {"a": "baaa", "b": "acb", "c": "cb"} m=1 gates+3 gates-2 polys=1285 infeasible-exact
374 {"a": "babc", "b": "bab", "c": "ccba"} m=1 gates+2 gates-3 polys=2188 infeasible-exact
375 {"a": "bcaa", "b": "abb", "c": "caa"} m=1 gates+3 gates-2 polys=2340 infeasible-exact
376 {"a": "bcaa", "b": "acbc", "c": "cbc"} m=1 gates+3 gates-2 polys=2188 infeasible-exact
377 {"a": "bcac", "b": "acbb", "c": "cac"} m=1 gates+3 gates-2 polys=2188 infeasible-exact
378 {"a": "caaa", "b": "bc", "c": "abc"} m=1 gates+3 gates-2 polys=1285 infeasible-exact
379 {"a": "caaa", "b": "bab", "c": "ab"} m=1 gates+3 gates-2 polys=2542 infeasible-exact
380 {"a": "cacb", "b": "bbca", "c": "cac"} m=1 gates+2 gates-3 polys=2188 infeasible-exact
381 {"a": "cbaa", "b": "baa", "c": "acc"} m=1 gates+3 gates-2 polys=2340 infeasible-exact
382 {"a": "cbaa", "b": "bcb", "c": "abcb"} m=1 gates+3 gates-2 polys=2188 infeasible-exact
383 {"a": "cbab", "b": "bab", "c": "abcc"} m=1 gates+3 gates-2 polys=2188 infeasible-exact
384 {"a": "bbc", "b": "cca", "c": "bbcb"} m=1 gates+2 gates-3 polys=6576 infeasible-exact
385 {"a": "bbc", "b": "aaba", "c": "aab"} m=1 gates+2 gates-3 polys=6576 infeasible-exact
386 {"a": "bcc", "b": "caa", "c": "acaa"} m=1 gates+3 gates-2 polys=6576 infeasible-exact
387 {"a": "bcc", "b": "cbcc", "c": "abb"} m=1 gates+3 gates-2 polys=6576 infeasible-exact
388 {"a": "cbb", "b": "acc", "c": "bcbb"} m=1 gates+3 gates-2 polys=6576 infeasible-exact
389 {"a": "cbb", "b": "abaa", "c": "baa"} m=1 gates+3 gates-2 polys=6576 infeasible-exact
390 {"a": "ccb", "b": "aac", "c": "aaca"} m=1 gates+2 gates-3 polys=6576 infeasible-exact
391 {"a": "ccb", "b": "ccbc", "c": "bba"} m=1 gates+2 gates-3 polys=6576 infeasible-exact
392 {"a": "babb", "b": "caa", "c": "abb"} m=1 gates+3 gates-2 polys=6576 infeasible-exact
393 {"a": "bbab", "b": "aac", "c": "bba"} m=1 gates+2 gates-3 polys=6576 infeasible-exact
394 {"a": "cacc", "b": "acc", "c": "baa"} m=1 gates+3 gates-2 polys=6576 infeasible-exact
395 {"a": "ccac", "b": "cca", "c": "aab"} m=1 gates+2 gates-3 polys=6576 infeasible-exact
396 {"a": "abc", "b": "cabc", "c": "bab"} m=1 gates+3 gates-2 polys=866 infeasible-exact
397 {"a": "acb", "b": "cac", "c": "bacb"} m=1 gates+3 gates-2 polys=866 infeasible-exact
398 {"a": "bca", "b": "cac", "c": "bcab"} m=1 gates+2 gates-3 polys=866 infeasible-exact
399 {"a": "bcb", "b": "abca", "c": "abc"} m=1 gates+2 gates-3 polys=866 infeasible-exact
stats m=1 [300,400) {"infeasible-exact": 100} time 107.0
400 {"a": "bcb", "b": "acba", "c": "cba"} m=1 gates+3 gates-2 polys=866 infeasible-exact
401 {"a": "cba", "b": "cbac", "c": "bab"} m=1 gates+2 gates-3 polys=866 infeasible-exact
402 {"a": "cbc", "b": "acb", "c": "acba"} m=1 gates+2 gates-3 polys=866 infeasible-exact
403 {"a": "cbc", "b": "bca", "c": "abca"} m=1 gates+3 gates-2 polys=866 infeasible-exact
404 {"a": "bacb", "b": "aca", "c": "bac"} m=1 gates+2 gates-3 polys=866 infeasible-exact
405 {"a": "bcab", "b": "aca", "c": "cab"} m=1 gates+3 gates-2 polys=866 infeasible-exact
406 {"a": "cabc", "b": "cab", "c": "aba"} m=1 gates+2 gates-3 polys=866 infeasible-exact
407 {"a": "cbac", "b": "bac", "c": "aba"} m=1 gates+3 gates-2 polys=866 infeasible-exact
408 {"a": "bc", "b": "cbc", "c": "accb"} m=1 gates+3 gates-2 polys=1114 infeasible-exact
409 {"a": "bc", "b": "cbba", "c": "bcb"} m=1 gates+2 gates-3 polys=1114 infeasible-exact
410 {"a": "cb", "b": "cbc", "c": "bcca"} m=1 gates+2 gates-3 polys=1114 infeasible-exact
411 {"a": "cb", "b": "abbc", "c": "bcb"} m=1 gates+3 gates-2 polys=1114 infeasible-exact
412 {"a": "aab", "b": "baac", "c": "aaba"} m=1 gates+2 gates-3 polys=2964 infeasible-exact
413 {"a": "aac", "b": "aaca", "c": "caab"} m=1 gates+2 gates-3 polys=2964 infeasible-exact
414 {"a": "abb", "b": "bcc", "c": "cabb"} m=1 gates+3 gates-2 polys=3545 infeasible-exact
415 {"a": "abb", "b": "bcaa", "c": "caa"} m=1 gates+3 gates-2 polys=3545 infeasible-exact
416 {"a": "acc", "b": "baa", "c": "cbaa"} m=1 gates+3 gates-2 polys=3545 infeasible-exact
417 {"a": "acc", "b": "bacc", "c": "cbb"} m=1 gates+3 gates-2 polys=3545 infeasible-exact
418 {"a": "baa", "b": "caab", "c": "abaa"} m=1 gates+3 gates-2 polys=2964 infeasible-exact
419 {"a": "bab", "b": "abbc", "c": "ba"} m=1 gates+2 gates-3 polys=1114 infeasible-exact
420 {"a": "bab", "b": "cbba", "c": "ab"} m=1 gates+3 gates-2 polys=1114 infeasible-exact
421 {"a": "bba", "b": "ccb", "c": "bbac"} m=1 gates+2 gates-3 polys=3545 infeasible-exact
422 {"a": "bba", "b": "aacb", "c": "aac"} m=1 gates+2 gates-3 polys=3545 infeasible-exact
423 {"a": "caa", "b": "acaa", "c": "baac"} m=1 gates+3 gates-2 polys=2964 infeasible-exact
424 {"a": "cac", "b": "ac", "c": "bcca"} m=1 gates+3 gates-2 polys=1114 infeasible-exact
425 {"a": "cac", "b": "ca", "c": "accb"} m=1 gates+2 gates-3 polys=1114 infeasible-exact
426 {"a": "cca", "b": "aab", "c": "aabc"} m=1 gates+2 gates-3 polys=3545 infeasible-exact
427 {"a": "cca", "b": "ccab", "c": "bbc"} m=1 gates+2 gates-3 polys=3545 infeasible-exact
428 {"a": "abbc", "b": "bba", "c": "bbab"} m=1 gates+2 gates-3 polys=2964 infeasible-exact
429 {"a": "abcc", "b": "bcc", "c": "caa"} m=1 gates+3 gates-2 polys=3545 infeasible-exact
430 {"a": "acbb", "b": "baa", "c": "cbb"} m=1 gates+3 gates-2 polys=3545 infeasible-exact
431 {"a": "accb", "b": "ccac", "c": "cca"} m=1 gates+2 gates-3 polys=2964 infeasible-exact
432 {"a": "baac", "b": "ca", "c": "aca"} m=1 gates+3 gates-2 polys=1114 infeasible-exact
433 {"a": "baac", "b": "aba", "c": "ab"} m=1 gates+2 gates-3 polys=1114 infeasible-exact
434 {"a": "bbca", "b": "aab", "c": "bbc"} m=1 gates+2 gates-3 polys=3545 infeasible-exact
435 {"a": "bbcb", "b": "bbc", "c": "cbba"} m=1 gates+2 gates-3 polys=2964 infeasible-exact
436 {"a": "bcbb", "b": "cbb", "c": "abbc"} m=1 gates+3 gates-2 polys=2964 infeasible-exact
437 {"a": "bcca", "b": "cacc", "c": "acc"} m=1 gates+3 gates-2 polys=2964 infeasible-exact
438 {"a": "caab", "b": "ac", "c": "aca"} m=1 gates+2 gates-3 polys=1114 infeasible-exact
439 {"a": "caab", "b": "aba", "c": "ba"} m=1 gates+3 gates-2 polys=1114 infeasible-exact
440 {"a": "cbba", "b": "abb", "c": "babb"} m=1 gates+3 gates-2 polys=2964 infeasible-exact
441 {"a": "cbcc", "b": "accb", "c": "bcc"} m=1 gates+3 gates-2 polys=2964 infeasible-exact
442 {"a": "ccba", "b": "ccb", "c": "aac"} m=1 gates+2 gates-3 polys=3545 infeasible-exact
443 {"a": "ccbc", "b": "bcca", "c": "ccb"} m=1 gates+2 gates-3 polys=2964 infeasible-exact
444 {"a": "bc", "b": "cbc", "c": "abbb"} m=1 gates+3 gates-2 polys=1826 infeasible-exact
445 {"a": "bc", "b": "ccca", "c": "bcb"} m=1 gates+2 gates-3 polys=1826 infeasible-exact
446 {"a": "cb", "b": "cbc", "c": "bbba"} m=1 gates+2 gates-3 polys=1826 infeasible-exact
447 {"a": "cb", "b": "accc", "c": "bcb"} m=1 gates+3 gates-2 polys=1826 infeasible-exact
448 {"a": "bab", "b": "aaac", "c": "ba"} m=1 gates+2 gates-3 polys=1826 infeasible-exact
449 {"a": "bab", "b": "caaa", "c": "ab"} m=1 gates+3 gates-2 polys=1826 infeasible-exact
450 {"a": "cac", "b": "ac", "c": "baaa"} m=1 gates+3 gates-2 polys=1826 infeasible-exact
451 {"a": "cac", "b": "ca", "c": "aaab"} m=1 gates+2 gates-3 polys=1826 infeasible-exact
452 {"a": "bbbc", "b": "aba", "c": "ab"} m=1 gates+2 gates-3 polys=1826 infeasible-exact
453 {"a": "bccc", "b": "ca", "c": "aca"} m=1 gates+3 gates-2 polys=1826 infeasible-exact
454 {"a": "cbbb", "b": "aba", "c": "ba"} m=1 gates+3 gates-2 polys=1826 infeasible-exact
455 {"a": "cccb", "b": "ac", "c": "aca"} m=1 gates+2 gates-3 polys=1826 infeasible-exact
456 {"a": "ab", "b": "abc", "c": "ccca"} m=1 gates+2 gates-3 polys=1285 infeasible-exact
457 {"a": "ab", "b": "bcab", "c": "cbc"} m=1 gates+3 gates-2 polys=888 infeasible-exact
458 {"a": "ac", "b": "bcb", "c": "cbac"} m=1 gates+3 gates-2 polys=888 infeasible-exact
459 {"a": "ac", "b": "bbba", "c": "acb"} m=1 gates+2 gates-3 polys=1285 infeasible-exact
460 {"a": "ba", "b": "cba", "c": "accc"} m=1 gates+3 gates-2 polys=1285 infeasible-exact
461 {"a": "ba", "b": "bacb", "c": "cbc"} m=1 gates+2 gates-3 polys=888 infeasible-exact
462 {"a": "ca", "b": "bcb", "c": "cabc"} m=1 gates+2 gates-3 polys=888 infeasible-exact
463 {"a": "ca", "b": "abbb", "c": "bca"} m=1 gates+3 gates-2 polys=1285 infeasible-exact
464 {"a": "aab", "b": "bbc", "c": "bbca"} m=1 gates+2 gates-3 polys=2340 infeasible-exact
465 {"a": "aab", "b": "aabc", "c": "cca"} m=1 gates+2 gates-3 polys=2340 infeasible-exact
466 {"a": "aac", "b": "bba", "c": "aacb"} m=1 gates+2 gates-3 polys=2340 infeasible-exact
467 {"a": "aac", "b": "ccba", "c": "ccb"} m=1 gates+2 gates-3 polys=2340 infeasible-exact
468 {"a": "aba", "b": "bac", "c": "cbac"} m=1 gates+3 gates-2 polys=859 infeasible-exact
469 {"a": "aba", "b": "cab", "c": "cabc"} m=1 gates+2 gates-3 polys=859 infeasible-exact
470 {"a": "aba", "b": "bacb", "c": "cb"} m=1 gates+3 gates-2 polys=888 infeasible-exact
471 {"a": "aba", "b": "bcab", "c": "bc"} m=1 gates+2 gates-3 polys=888 infeasible-exact
472 {"a": "abc", "b": "bab", "c": "cabc"} m=1 gates+3 gates-2 polys=859 infeasible-exact
473 {"a": "aca", "b": "bc", "c": "cabc"} m=1 gates+3 gates-2 polys=888 infeasible-exact
474 {"a": "aca", "b": "cb", "c": "cbac"} m=1 gates+2 gates-3 polys=888 infeasible-exact
475 {"a": "aca", "b": "bacb", "c": "bac"} m=1 gates+2 gates-3 polys=859 infeasible-exact
476 {"a": "aca", "b": "bcab", "c": "cab"} m=1 gates+3 gates-2 polys=859 infeasible-exact
477 {"a": "acb", "b": "bacb", "c": "cac"} m=1 gates+3 gates-2 polys=859 infeasible-exact
478 {"a": "baa", "b": "cbb", "c": "acbb"} m=1 gates+3 gates-2 polys=2340 infeasible-exact
479 {"a": "baa", "b": "cbaa", "c": "acc"} m=1 gates+3 gates-2 polys=2340 infeasible-exact
480 {"a": "bac", "b": "ba", "c": "cccb"} m=1 gates+2 gates-3 polys=1285 infeasible-exact
481 {"a": "bac", "b": "cbbb", "c": "ac"} m=1 gates+3 gates-2 polys=1285 infeasible-exact
482 {"a": "bca", "b": "bcab", "c": "cac"} m=1 gates+2 gates-3 polys=859 infeasible-exact
483 {"a": "caa", "b": "abb", "c": "bcaa"} m=1 gates+3 gates-2 polys=2340 infeasible-exact
484 {"a": "caa", "b": "abcc", "c": "bcc"} m=1 gates+3 gates-2 polys=2340 infeasible-exact
485 {"a": "cab", "b": "ab", "c": "bccc"} m=1 gates+3 gates-2 polys=1285 infeasible-exact
486 {"a": "cab", "b": "bbbc", "c": "ca"} m=1 gates+2 gates-3 polys=1285 infeasible-exact
487 {"a": "cba", "b": "bab", "c": "cbac"} m=1 gates+2 gates-3 polys=859 infeasible-exact
488 {"a": "aaab", "b": "bc", "c": "bca"} m=1 gates+2 gates-3 polys=1285 infeasible-exact
489 {"a": "aaac", "b": "cba", "c": "cb"} m=1 gates+2 gates-3 polys=1285 infeasible-exact
490 {"a": "abca", "b": "ab", "c": "cac"} m=1 gates+2 gates-3 polys=888 infeasible-exact
491 {"a": "abca", "b": "bab", "c": "ca"} m=1 gates+3 gates-2 polys=888 infeasible-exact
492 {"a": "abca", "b": "bca", "c": "cbc"} m=1 gates+3 gates-2 polys=859 infeasible-exact
493 {"a": "abca", "b": "bcb", "c": "abc"} m=1 gates+2 gates-3 polys=859 infeasible-exact
494 {"a": "acba", "b": "ba", "c": "cac"} m=1 gates+3 gates-2 polys=888 infeasible-exact
495 {"a": "acba", "b": "acb", "c": "cbc"} m=1 gates+2 gates-3 polys=859 infeasible-exact
496 {"a": "acba", "b": "bab", "c": "ac"} m=1 gates+2 gates-3 polys=888 infeasible-exact
497 {"a": "acba", "b": "bcb", "c": "cba"} m=1 gates+3 gates-2 polys=859 infeasible-exact
498 {"a": "baaa", "b": "cb", "c": "acb"} m=1 gates+3 gates-2 polys=1285 infeasible-exact
499 {"a": "bacc", "b": "cbb", "c": "acc"} m=1 gates+3 gates-2 polys=2340 infeasible-exact
stats m=1 [400,500) {"infeasible-exact": 100} time 52.3
500 {"a": "bbac", "b": "bba", "c": "ccb"} m=1 gates+2 gates-3 polys=2340 infeasible-exact
501 {"a": "caaa", "b": "abc", "c": "bc"} m=1 gates+3 gates-2 polys=1285 infeasible-exact
502 {"a": "cabb", "b": "abb", "c": "bcc"} m=1 gates+3 gates-2 polys=2340 infeasible-exact
503 {"a": "ccab", "b": "bbc", "c": "cca"} m=1 gates+2 gates-3 polys=2340 infeasible-exact
504 {"a": "ab", "b": "cbc", "c": "bcab"} m=1 gates+3 gates-2 polys=444 infeasible-exact
505 {"a": "ab", "b": "cbba", "c": "bab"} m=1 gates+3 gates-2 polys=1114 infeasible-exact
506 {"a": "ac", "b": "cac", "c": "bcca"} m=1 gates+3 gates-2 polys=1114 infeasible-exact
507 {"a": "ac", "b": "cbac", "c": "bcb"} m=1 gates+3 gates-2 polys=444 infeasible-exact
508 {"a": "ba", "b": "cbc", "c": "bacb"} m=1 gates+2 gates-3 polys=444 infeasible-exact
509 {"a": "ba", "b": "abbc", "c": "bab"} m=1 gates+2 gates-3 polys=1114 infeasible-exact
510 {"a": "bc", "b": "abc", "c": "cbca"} m=1 gates+3 gates-2 polys=696 infeasible-exact
511 {"a": "bc", "b": "bcb", "c": "cbba"} m=1 gates+2 gates-3 polys=1194 infeasible-exact
512 {"a": "bc", "b": "cab", "c": "bcca"} m=1 gates+2 gates-3 polys=468 infeasible-exact
513 {"a": "bc", "b": "abbc", "c": "cab"} m=1 gates+3 gates-2 polys=468 infeasible-exact
514 {"a": "bc", "b": "abcb", "c": "bca"} m=1 gates+2 gates-3 polys=696 infeasible-exact
515 {"a": "bc", "b": "accb", "c": "cbc"} m=1 gates+3 gates-2 polys=1194 infeasible-exact
516 {"a": "ca", "b": "cac", "c": "accb"} m=1 gates+2 gates-3 polys=1114 infeasible-exact
517 {"a": "ca", "b": "cabc", "c": "bcb"} m=1 gates+2 gates-3 polys=444 infeasible-exact
518 {"a": "cb", "b": "bac", "c": "accb"} m=1 gates+3 gates-2 polys=468 infeasible-exact
519 {"a": "cb", "b": "bcb", "c": "abbc"} m=1 gates+3 gates-2 polys=1194 infeasible-exact
520 {"a": "cb", "b": "cba", "c": "acbc"} m=1 gates+2 gates-3 polys=696 infeasible-exact
521 {"a": "cb", "b": "bcba", "c": "acb"} m=1 gates+3 gates-2 polys=696 infeasible-exact
522 {"a": "cb", "b": "bcca", "c": "cbc"} m=1 gates+2 gates-3 polys=1194 infeasible-exact
523 {"a": "cb", "b": "cbba", "c": "bac"} m=1 gates+2 gates-3 polys=468 infeasible-exact
524 {"a": "aba", "b": "baac", "c": "ab"} m=1 gates+2 gates-3 polys=1194 infeasible-exact
525 {"a": "aba", "b": "caab", "c": "ba"} m=1 gates+3 gates-2 polys=1194 infeasible-exact
526 {"a": "abb", "b": "cba", "c": "bcba"} m=1 gates+3 gates-2 polys=1731 infeasible-exact
527 {"a": "abc", "b": "ca", "c": "bcca"} m=1 gates+3 gates-2 polys=468 infeasible-exact
528 {"a": "aca", "b": "ac", "c": "caab"} m=1 gates+2 gates-3 polys=1194 infeasible-exact
529 {"a": "aca", "b": "ca", "c": "baac"} m=1 gates+3 gates-2 polys=1194 infeasible-exact
530 {"a": "acb", "b": "cbba", "c": "ba"} m=1 gates+3 gates-2 polys=468 infeasible-exact
531 {"a": "acc", "b": "cbca", "c": "bca"} m=1 gates+3 gates-2 polys=1731 infeasible-exact
532 {"a": "bab", "b": "abc", "c": "cbab"} m=1 gates+3 gates-2 polys=550 infeasible-exact
533 {"a": "bab", "b": "cba", "c": "babc"} m=1 gates+2 gates-3 polys=550 infeasible-exact
534 {"a": "bab", "b": "abca", "c": "ca"} m=1 gates+3 gates-2 polys=444 infeasible-exact
535 {"a": "bab", "b": "acba", "c": "ac"} m=1 gates+2 gates-3 polys=444 infeasible-exact
536 {"a": "bac", "b": "ac", "c": "cacb"} m=1 gates+3 gates-2 polys=696 infeasible-exact
537 {"a": "bac", "b": "aab", "c": "baca"} m=1 gates+2 gates-3 polys=1731 infeasible-exact
538 {"a": "bac", "b": "aba", "c": "caba"} m=1 gates+3 gates-2 polys=550 infeasible-exact
539 {"a": "bac", "b": "abac", "c": "caa"} m=1 gates+3 gates-2 polys=1731 infeasible-exact
540 {"a": "bac", "b": "acab", "c": "aca"} m=1 gates+2 gates-3 polys=550 infeasible-exact
541 {"a": "bac", "b": "cbab", "c": "ba"} m=1 gates+2 gates-3 polys=696 infeasible-exact
542 {"a": "bba", "b": "abc", "c": "abcb"} m=1 gates+2 gates-3 polys=1731 infeasible-exact
543 {"a": "bca", "b": "abbc", "c": "ab"} m=1 gates+2 gates-3 polys=468 infeasible-exact
544 {"a": "bcb", "b": "abbc", "c": "cb"} m=1 gates+3 gates-2 polys=1114 infeasible-exact
545 {"a": "bcb", "b": "cbba", "c": "bc"} m=1 gates+2 gates-3 polys=1114 infeasible-exact
546 {"a": "cab", "b": "ca", "c": "bcac"} m=1 gates+2 gates-3 polys=696 infeasible-exact
547 {"a": "cab", "b": "aba", "c": "abac"} m=1 gates+2 gates-3 polys=550 infeasible-exact
548 {"a": "cab", "b": "baa", "c": "acab"} m=1 gates+3 gates-2 polys=1731 infeasible-exact
549 {"a": "cab", "b": "babc", "c": "ab"} m=1 gates+3 gates-2 polys=696 infeasible-exact
550 {"a": "cab", "b": "baca", "c": "aca"} m=1 gates+3 gates-2 polys=550 infeasible-exact
551 {"a": "cab", "b": "caba", "c": "aac"} m=1 gates+2 gates-3 polys=1731 infeasible-exact
552 {"a": "cac", "b": "ab", "c": "abca"} m=1 gates+2 gates-3 polys=444 infeasible-exact
553 {"a": "cac", "b": "ba", "c": "acba"} m=1 gates+3 gates-2 polys=444 infeasible-exact
554 {"a": "cac", "b": "bcac", "c": "acb"} m=1 gates+3 gates-2 polys=550 infeasible-exact
555 {"a": "cac", "b": "cacb", "c": "bca"} m=1 gates+2 gates-3 polys=550 infeasible-exact
556 {"a": "cba", "b": "ac", "c": "accb"} m=1 gates+2 gates-3 polys=468 infeasible-exact
557 {"a": "cbc", "b": "bc", "c": "accb"} m=1 gates+3 gates-2 polys=1114 infeasible-exact
558 {"a": "cbc", "b": "cb", "c": "bcca"} m=1 gates+2 gates-3 polys=1114 infeasible-exact
559 {"a": "cca", "b": "acbc", "c": "acb"} m=1 gates+2 gates-3 polys=1731 infeasible-exact
560 {"a": "abac", "b": "cba", "c": "ba"} m=1 gates+3 gates-2 polys=696 infeasible-exact
561 {"a": "abbc", "b": "bab", "c": "ba"} m=1 gates+2 gates-3 polys=1194 infeasible-exact
562 {"a": "abcb", "b": "cba", "c": "bcb"} m=1 gates+3 gates-2 polys=550 infeasible-exact
563 {"a": "acab", "b": "ca", "c": "bca"} m=1 gates+3 gates-2 polys=696 infeasible-exact
564 {"a": "acbc", "b": "cbc", "c": "bca"} m=1 gates+3 gates-2 polys=550 infeasible-exact
565 {"a": "accb", "b": "ca", "c": "cac"} m=1 gates+2 gates-3 polys=1194 infeasible-exact
566 {"a": "baac", "b": "ab", "c": "aba"} m=1 gates+2 gates-3 polys=1114 infeasible-exact
567 {"a": "baac", "b": "ac", "c": "cba"} m=1 gates+3 gates-2 polys=468 infeasible-exact
568 {"a": "baac", "b": "aca", "c": "ca"} m=1 gates+3 gates-2 polys=1114 infeasible-exact
569 {"a": "baac", "b": "acb", "c": "ba"} m=1 gates+2 gates-3 polys=468 infeasible-exact
570 {"a": "babc", "b": "abc", "c": "cbb"} m=1 gates+3 gates-2 polys=1731 infeasible-exact
571 {"a": "baca", "b": "ac", "c": "acb"} m=1 gates+2 gates-3 polys=696 infeasible-exact
572 {"a": "bacb", "b": "aba", "c": "cb"} m=1 gates+3 gates-2 polys=444 infeasible-exact
573 {"a": "bcab", "b": "aba", "c": "bc"} m=1 gates+2 gates-3 polys=444 infeasible-exact
574 {"a": "bcac", "b": "ccb", "c": "bca"} m=1 gates+2 gates-3 polys=1731 infeasible-exact
575 {"a": "bcba", "b": "abc", "c": "bcb"} m=1 gates+2 gates-3 polys=550 infeasible-exact
576 {"a": "bcca", "b": "ac", "c": "cac"} m=1 gates+3 gates-2 polys=1194 infeasible-exact
577 {"a": "caab", "b": "ba", "c": "aba"} m=1 gates+3 gates-2 polys=1114 infeasible-exact
578 {"a": "caab", "b": "ca", "c": "abc"} m=1 gates+2 gates-3 polys=468 infeasible-exact
579 {"a": "caab", "b": "aca", "c": "ac"} m=1 gates+2 gates-3 polys=1114 infeasible-exact
580 {"a": "caab", "b": "bca", "c": "ab"} m=1 gates+3 gates-2 polys=468 infeasible-exact
581 {"a": "caba", "b": "abc", "c": "ab"} m=1 gates+2 gates-3 polys=696 infeasible-exact
582 {"a": "cabc", "b": "bc", "c": "aca"} m=1 gates+3 gates-2 polys=444 infeasible-exact
583 {"a": "cacb", "b": "bcc", "c": "acb"} m=1 gates+3 gates-2 polys=1731 infeasible-exact
584 {"a": "cbab", "b": "cba", "c": "bbc"} m=1 gates+2 gates-3 polys=1731 infeasible-exact
585 {"a": "cbac", "b": "cb", "c": "aca"} m=1 gates+2 gates-3 polys=444 infeasible-exact
586 {"a": "cbba", "b": "bab", "c": "ab"} m=1 gates+3 gates-2 polys=1194 infeasible-exact
587 {"a": "cbca", "b": "cbc", "c": "acb"} m=1 gates+2 gates-3 polys=550 infeasible-exact
588 {"a": "abb", "b": "caa", "c": "bcaa"} m=1 gates+3 gates-2 polys=3545 infeasible-exact
589 {"a": "abb", "b": "cba", "c": "babb"} m=1 gates+3 gates-2 polys=3439 infeasible-exact
590 {"a": "acc", "b": "cacc", "c": "bca"} m=1 gates+3 gates-2 polys=3439 infeasible-exact
591 {"a": "acc", "b": "cbaa", "c": "baa"} m=1 gates+3 gates-2 polys=3545 infeasible-exact
592 {"a": "bac", "b": "aab", "c": "aaba"} m=1 gates+2 gates-3 polys=3439 infeasible-exact
593 {"a": "bac", "b": "acaa", "c": "caa"} m=1 gates+3 gates-2 polys=3439 infeasible-exact
594 {"a": "bba", "b": "aac", "c": "aacb"} m=1 gates+2 gates-3 polys=3545 infeasible-exact
595 {"a": "bba", "b": "abc", "c": "bbab"} m=1 gates+2 gates-3 polys=3439 infeasible-exact
596 {"a": "bbc", "b": "aab", "c": "bbca"} m=1 gates+2 gates-3 polys=3545 infeasible-exact
597 {"a": "bcc", "b": "abcc", "c": "caa"} m=1 gates+3 gates-2 polys=3545 infeasible-exact
598 {"a": "cab", "b": "baa", "c": "abaa"} m=1 gates+3 gates-2 polys=3439 infeasible-exact
599 {"a": "cab", "b": "aaca", "c": "aac"} m=1 gates+2 gates-3 polys=3439 infeasible-exact
stats m=1 [500,600) {"infeasible-exact": 100} time 45.3
600 {"a": "cbb", "b": "baa", "c": "acbb"} m=1 gates+3 gates-2 polys=3545 infeasible-exact
601 {"a": "cca", "b": "aabc", "c": "aab"} m=1 gates+2 gates-3 polys=3545 infeasible-exact
602 {"a": "cca", "b": "ccac", "c": "acb"} m=1 gates+2 gates-3 polys=3439 infeasible-exact
603 {"a": "ccb", "b": "ccba", "c": "aac"} m=1 gates+2 gates-3 polys=3545 infeasible-exact
604 {"a": "bacc", "b": "acc", "c": "cbb"} m=1 gates+3 gates-2 polys=3545 infeasible-exact
605 {"a": "bbac", "b": "ccb", "c": "bba"} m=1 gates+2 gates-3 polys=3545 infeasible-exact
606 {"a": "bbcb", "b": "cba", "c": "bbc"} m=1 gates+2 gates-3 polys=3439 infeasible-exact
607 {"a": "bcbb", "b": "abc", "c": "cbb"} m=1 gates+3 gates-2 polys=3439 infeasible-exact
608 {"a": "cabb", "b": "bcc", "c": "abb"} m=1 gates+3 gates-2 polys=3545 infeasible-exact
609 {"a": "cbcc", "b": "bcc", "c": "acb"} m=1 gates+3 gates-2 polys=3439 infeasible-exact
610 {"a": "ccab", "b": "cca", "c": "bbc"} m=1 gates+2 gates-3 polys=3545 infeasible-exact
611 {"a": "ccbc", "b": "ccb", "c": "bca"} m=1 gates+2 gates-3 polys=3439 infeasible-exact
612 {"a": "ab", "b": "bbc", "c": "bbca"} m=1 gates+2 gates-3 polys=631 infeasible-exact
613 {"a": "ab", "b": "babc", "c": "cab"} m=1 gates+3 gates-2 polys=696 infeasible-exact
614 {"a": "ab", "b": "bcba", "c": "cba"} m=1 gates+3 gates-2 polys=748 infeasible-exact
615 {"a": "ac", "b": "bac", "c": "cacb"} m=1 gates+3 gates-2 polys=696 infeasible-exact
616 {"a": "ac", "b": "bca", "c": "cbca"} m=1 gates+3 gates-2 polys=748 infeasible-exact
617 {"a": "ac", "b": "ccba", "c": "ccb"} m=1 gates+2 gates-3 polys=631 infeasible-exact
618 {"a": "ba", "b": "cbb", "c": "acbb"} m=1 gates+3 gates-2 polys=631 infeasible-exact
619 {"a": "ba", "b": "abcb", "c": "abc"} m=1 gates+2 gates-3 polys=748 infeasible-exact
620 {"a": "ba", "b": "cbab", "c": "bac"} m=1 gates+2 gates-3 polys=696 infeasible-exact
621 {"a": "ca", "b": "acb", "c": "acbc"} m=1 gates+2 gates-3 polys=748 infeasible-exact
622 {"a": "ca", "b": "cab", "c": "bcac"} m=1 gates+2 gates-3 polys=696 infeasible-exact
623 {"a": "ca", "b": "abcc", "c": "bcc"} m=1 gates+3 gates-2 polys=631 infeasible-exact
624 {"a": "aab", "b": "bac", "c": "baca"} m=1 gates+2 gates-3 polys=2698 infeasible-exact
625 {"a": "aab", "b": "bbc", "c": "aaba"} m=1 gates+2 gates-3 polys=7121 infeasible-exact
626 {"a": "aab", "b": "aabc", "c": "ca"} m=1 gates+2 gates-3 polys=631 infeasible-exact
627 {"a": "aab", "b": "ccac", "c": "cca"} m=1 gates+2 gates-3 polys=7121 infeasible-exact
628 {"a": "aac", "b": "ba", "c": "aacb"} m=1 gates+2 gates-3 polys=631 infeasible-exact
629 {"a": "aac", "b": "bba", "c": "bbab"} m=1 gates+2 gates-3 polys=7121 infeasible-exact
630 {"a": "aac", "b": "aaca", "c": "ccb"} m=1 gates+2 gates-3 polys=7121 infeasible-exact
631 {"a": "aac", "b": "caba", "c": "cab"} m=1 gates+2 gates-3 polys=2698 infeasible-exact
632 {"a": "abc", "b": "bc", "c": "cbca"} m=1 gates+3 gates-2 polys=696 infeasible-exact
633 {"a": "abc", "b": "bba", "c": "abcb"} m=1 gates+2 gates-3 polys=2698 infeasible-exact
634 {"a": "abc", "b": "babc", "c": "cb"} m=1 gates+3 gates-2 polys=748 infeasible-exact
635 {"a": "acb", "b": "bc", "c": "cacb"} m=1 gates+3 gates-2 polys=748 infeasible-exact
636 {"a": "acb", "b": "acbc", "c": "cca"} m=1 gates+2 gates-3 polys=2698 infeasible-exact
637 {"a": "acb", "b": "bcba", "c": "cb"} m=1 gates+3 gates-2 polys=696 infeasible-exact
638 {"a": "baa", "b": "cab", "c": "acab"} m=1 gates+3 gates-2 polys=2698 infeasible-exact
639 {"a": "baa", "b": "cbb", "c": "abaa"} m=1 gates+3 gates-2 polys=7121 infeasible-exact
640 {"a": "baa", "b": "cacc", "c": "acc"} m=1 gates+3 gates-2 polys=7121 infeasible-exact
641 {"a": "baa", "b": "cbaa", "c": "ac"} m=1 gates+3 gates-2 polys=631 infeasible-exact
642 {"a": "bca", "b": "cb", "c": "bcac"} m=1 gates+2 gates-3 polys=748 infeasible-exact
643 {"a": "bca", "b": "abcb", "c": "bc"} m=1 gates+2 gates-3 polys=696 infeasible-exact
644 {"a": "bca", "b": "cbca", "c": "acc"} m=1 gates+3 gates-2 polys=2698 infeasible-exact
645 {"a": "caa", "b": "ab", "c": "bcaa"} m=1 gates+3 gates-2 polys=631 infeasible-exact
646 {"a": "caa", "b": "abb", "c": "babb"} m=1 gates+3 gates-2 polys=7121 infeasible-exact
647 {"a": "caa", "b": "abac", "c": "bac"} m=1 gates+3 gates-2 polys=2698 infeasible-exact
648 {"a": "caa", "b": "acaa", "c": "bcc"} m=1 gates+3 gates-2 polys=7121 infeasible-exact
649 {"a": "cba", "b": "cb", "c": "acbc"} m=1 gates+2 gates-3 polys=696 infeasible-exact
650 {"a": "cba", "b": "abb", "c": "bcba"} m=1 gates+3 gates-2 polys=2698 infeasible-exact
651 {"a": "cba", "b": "cbab", "c": "bc"} m=1 gates+2 gates-3 polys=748 infeasible-exact
652 {"a": "abac", "b": "ba", "c": "cba"} m=1 gates+3 gates-2 polys=696 infeasible-exact
653 {"a": "abac", "b": "bac", "c": "ca"} m=1 gates+3 gates-2 polys=748 infeasible-exact
654 {"a": "acab", "b": "ba", "c": "cab"} m=1 gates+3 gates-2 polys=748 infeasible-exact
655 {"a": "acab", "b": "bca", "c": "ca"} m=1 gates+3 gates-2 polys=696 infeasible-exact
656 {"a": "babc", "b": "cbb", "c": "abc"} m=1 gates+3 gates-2 polys=2698 infeasible-exact
657 {"a": "baca", "b": "ab", "c": "bac"} m=1 gates+2 gates-3 polys=748 infeasible-exact
658 {"a": "baca", "b": "acb", "c": "ac"} m=1 gates+2 gates-3 polys=696 infeasible-exact
659 {"a": "bacc", "b": "cb", "c": "acc"} m=1 gates+3 gates-2 polys=631 infeasible-exact
660 {"a": "bbac", "b": "bba", "c": "cb"} m=1 gates+2 gates-3 polys=631 infeasible-exact
661 {"a": "bbcb", "b": "bbc", "c": "cca"} m=1 gates+2 gates-3 polys=7121 infeasible-exact
662 {"a": "bcac", "b": "bca", "c": "ccb"} m=1 gates+2 gates-3 polys=2698 infeasible-exact
663 {"a": "bcbb", "b": "cbb", "c": "acc"} m=1 gates+3 gates-2 polys=7121 infeasible-exact
664 {"a": "caba", "b": "ab", "c": "abc"} m=1 gates+2 gates-3 polys=696 infeasible-exact
665 {"a": "caba", "b": "cab", "c": "ac"} m=1 gates+2 gates-3 polys=748 infeasible-exact
666 {"a": "cabb", "b": "abb", "c": "bc"} m=1 gates+3 gates-2 polys=631 infeasible-exact
667 {"a": "cacb", "b": "acb", "c": "bcc"} m=1 gates+3 gates-2 polys=2698 infeasible-exact
668 {"a": "cbab", "b": "bbc", "c": "cba"} m=1 gates+2 gates-3 polys=2698 infeasible-exact
669 {"a": "cbcc", "b": "abb", "c": "bcc"} m=1 gates+3 gates-2 polys=7121 infeasible-exact
670 {"a": "ccab", "b": "bc", "c": "cca"} m=1 gates+2 gates-3 polys=631 infeasible-exact
671 {"a": "ccbc", "b": "bba", "c": "ccb"} m=1 gates+2 gates-3 polys=7121 infeasible-exact
672 {"a": "abb", "b": "caa", "c": "babb"} m=1 gates+3 gates-2 polys=6576 infeasible-exact
673 {"a": "acc", "b": "cacc", "c": "baa"} m=1 gates+3 gates-2 polys=6576 infeasible-exact
674 {"a": "bba", "b": "aac", "c": "bbab"} m=1 gates+2 gates-3 polys=6576 infeasible-exact
675 {"a": "bbc", "b": "aab", "c": "aaba"} m=1 gates+2 gates-3 polys=6576 infeasible-exact
676 {"a": "bcc", "b": "acaa", "c": "caa"} m=1 gates+3 gates-2 polys=6576 infeasible-exact
677 {"a": "cbb", "b": "baa", "c": "abaa"} m=1 gates+3 gates-2 polys=6576 infeasible-exact
678 {"a": "cca", "b": "ccac", "c": "aab"} m=1 gates+2 gates-3 polys=6576 infeasible-exact
679 {"a": "ccb", "b": "aaca", "c": "aac"} m=1 gates+2 gates-3 polys=6576 infeasible-exact
680 {"a": "bbcb", "b": "cca", "c": "bbc"} m=1 gates+2 gates-3 polys=6576 infeasible-exact
681 {"a": "bcbb", "b": "acc", "c": "cbb"} m=1 gates+3 gates-2 polys=6576 infeasible-exact
682 {"a": "cbcc", "b": "bcc", "c": "abb"} m=1 gates+3 gates-2 polys=6576 infeasible-exact
683 {"a": "ccbc", "b": "ccb", "c": "bba"} m=1 gates+2 gates-3 polys=6576 infeasible-exact
684 {"a": "ab", "b": "babc", "c": "aba"} m=1 gates+2 gates-3 polys=437 infeasible-exact
685 {"a": "ab", "b": "bbac", "c": "aba"} m=1 gates+2 gates-3 polys=2095 infeasible-exact
686 {"a": "ab", "b": "bccc", "c": "cab"} m=1 gates+3 gates-2 polys=1282 infeasible-exact
687 {"a": "ac", "b": "aca", "c": "cacb"} m=1 gates+2 gates-3 polys=437 infeasible-exact
688 {"a": "ac", "b": "aca", "c": "ccab"} m=1 gates+2 gates-3 polys=2095 infeasible-exact
689 {"a": "ac", "b": "bac", "c": "cbbb"} m=1 gates+3 gates-2 polys=1282 infeasible-exact
690 {"a": "ba", "b": "cabb", "c": "aba"} m=1 gates+3 gates-2 polys=2095 infeasible-exact
691 {"a": "ba", "b": "cbab", "c": "aba"} m=1 gates+3 gates-2 polys=437 infeasible-exact
692 {"a": "ba", "b": "cccb", "c": "bac"} m=1 gates+2 gates-3 polys=1282 infeasible-exact
693 {"a": "ca", "b": "aca", "c": "bacc"} m=1 gates+3 gates-2 polys=2095 infeasible-exact
694 {"a": "ca", "b": "aca", "c": "bcac"} m=1 gates+3 gates-2 polys=437 infeasible-exact
695 {"a": "ca", "b": "cab", "c": "bbbc"} m=1 gates+2 gates-3 polys=1282 infeasible-exact
696 {"a": "aab", "b": "bac", "c": "aaba"} m=1 gates+2 gates-3 polys=2606 infeasible-exact
697 {"a": "aac", "b": "aaca", "c": "cab"} m=1 gates+2 gates-3 polys=2606 infeasible-exact
698 {"a": "abc", "b": "bc", "c": "caaa"} m=1 gates+3 gates-2 polys=1282 infeasible-exact
699 {"a": "abc", "b": "bba", "c": "bbab"} m=1 gates+2 gates-3 polys=2606 infeasible-exact
stats m=1 [600,700) {"infeasible-exact": 100} time 92.7
700 {"a": "acb", "b": "baaa", "c": "cb"} m=1 gates+3 gates-2 polys=1282 infeasible-exact
701 {"a": "acb", "b": "ccac", "c": "cca"} m=1 gates+2 gates-3 polys=2606 infeasible-exact
702 {"a": "baa", "b": "cab", "c": "abaa"} m=1 gates+3 gates-2 polys=2606 infeasible-exact
703 {"a": "bca", "b": "aaab", "c": "bc"} m=1 gates+2 gates-3 polys=1282 infeasible-exact
704 {"a": "bca", "b": "cacc", "c": "acc"} m=1 gates+3 gates-2 polys=2606 infeasible-exact
705 {"a": "bcb", "b": "bc", "c": "cbca"} m=1 gates+2 gates-3 polys=437 infeasible-exact
706 {"a": "bcb", "b": "bc", "c": "ccba"} m=1 gates+2 gates-3 polys=2095 infeasible-exact
707 {"a": "bcb", "b": "cb", "c": "abcc"} m=1 gates+3 gates-2 polys=2095 infeasible-exact
708 {"a": "bcb", "b": "cb", "c": "acbc"} m=1 gates+3 gates-2 polys=437 infeasible-exact
709 {"a": "caa", "b": "acaa", "c": "bac"} m=1 gates+3 gates-2 polys=2606 infeasible-exact
710 {"a": "cba", "b": "cb", "c": "aaac"} m=1 gates+2 gates-3 polys=1282 infeasible-exact
711 {"a": "cba", "b": "abb", "c": "babb"} m=1 gates+3 gates-2 polys=2606 infeasible-exact
712 {"a": "cbc", "b": "abcb", "c": "bc"} m=1 gates+3 gates-2 polys=437 infeasible-exact
713 {"a": "cbc", "b": "acbb", "c": "bc"} m=1 gates+3 gates-2 polys=2095 infeasible-exact
714 {"a": "cbc", "b": "bbca", "c": "cb"} m=1 gates+2 gates-3 polys=2095 infeasible-exact
715 {"a": "cbc", "b": "bcba", "c": "cb"} m=1 gates+2 gates-3 polys=437 infeasible-exact
716 {"a": "aabc", "b": "ba", "c": "bab"} m=1 gates+2 gates-3 polys=2095 infeasible-exact
717 {"a": "aacb", "b": "cac", "c": "ca"} m=1 gates+2 gates-3 polys=2095 infeasible-exact
718 {"a": "abac", "b": "ba", "c": "bab"} m=1 gates+2 gates-3 polys=437 infeasible-exact
719 {"a": "abbb", "b": "bca", "c": "ca"} m=1 gates+3 gates-2 polys=1282 infeasible-exact
720 {"a": "acab", "b": "cac", "c": "ca"} m=1 gates+2 gates-3 polys=437 infeasible-exact
721 {"a": "accc", "b": "ba", "c": "cba"} m=1 gates+3 gates-2 polys=1282 infeasible-exact
722 {"a": "baca", "b": "cac", "c": "ac"} m=1 gates+3 gates-2 polys=437 infeasible-exact
723 {"a": "bbba", "b": "acb", "c": "ac"} m=1 gates+2 gates-3 polys=1282 infeasible-exact
724 {"a": "bbcb", "b": "bbc", "c": "cba"} m=1 gates+2 gates-3 polys=2606 infeasible-exact
725 {"a": "bcaa", "b": "cac", "c": "ac"} m=1 gates+3 gates-2 polys=2095 infeasible-exact
726 {"a": "bcbb", "b": "cbb", "c": "abc"} m=1 gates+3 gates-2 polys=2606 infeasible-exact
727 {"a": "caba", "b": "ab", "c": "bab"} m=1 gates+3 gates-2 polys=437 infeasible-exact
728 {"a": "cbaa", "b": "ab", "c": "bab"} m=1 gates+3 gates-2 polys=2095 infeasible-exact
729 {"a": "cbcc", "b": "acb", "c": "bcc"} m=1 gates+3 gates-2 polys=2606 infeasible-exact
730 {"a": "ccbc", "b": "bca", "c": "ccb"} m=1 gates+2 gates-3 polys=2606 infeasible-exact
731 {"a": "ccca", "b": "ab", "c": "abc"} m=1 gates+2 gates-3 polys=1282 infeasible-exact
732 {"a": "bc", "b": "cab", "c": "abbc"} m=1 gates+3 gates-2 polys=915 infeasible-exact
733 {"a": "bc", "b": "bcca", "c": "cab"} m=1 gates+2 gates-3 polys=915 infeasible-exact
734 {"a": "cb", "b": "bac", "c": "cbba"} m=1 gates+2 gates-3 polys=915 infeasible-exact
735 {"a": "cb", "b": "accb", "c": "bac"} m=1 gates+3 gates-2 polys=915 infeasible-exact
736 {"a": "abc", "b": "ca", "c": "caab"} m=1 gates+2 gates-3 polys=915 infeasible-exact
737 {"a": "acb", "b": "baac", "c": "ba"} m=1 gates+2 gates-3 polys=915 infeasible-exact
738 {"a": "bca", "b": "caab", "c": "ab"} m=1 gates+3 gates-2 polys=915 infeasible-exact
739 {"a": "cba", "b": "ac", "c": "baac"} m=1 gates+3 gates-2 polys=915 infeasible-exact
740 {"a": "abbc", "b": "bca", "c": "ab"} m=1 gates+2 gates-3 polys=915 infeasible-exact
741 {"a": "accb", "b": "ac", "c": "cba"} m=1 gates+2 gates-3 polys=915 infeasible-exact
742 {"a": "bcca", "b": "ca", "c": "abc"} m=1 gates+3 gates-2 polys=915 infeasible-exact
743 {"a": "cbba", "b": "acb", "c": "ba"} m=1 gates+3 gates-2 polys=915 infeasible-exact
744 {"a": "ab", "b": "caba", "c": "bab"} m=1 gates+3 gates-2 polys=613 infeasible-exact
745 {"a": "ab", "b": "cbaa", "c": "bab"} m=1 gates+3 gates-2 polys=1721 infeasible-exact
746 {"a": "ac", "b": "cac", "c": "baca"} m=1 gates+3 gates-2 polys=613 infeasible-exact
747 {"a": "ac", "b": "cac", "c": "bcaa"} m=1 gates+3 gates-2 polys=1721 infeasible-exact
748 {"a": "ba", "b": "aabc", "c": "bab"} m=1 gates+2 gates-3 polys=1721 infeasible-exact
749 {"a": "ba", "b": "abac", "c": "bab"} m=1 gates+2 gates-3 polys=613 infeasible-exact
750 {"a": "bc", "b": "abc", "c": "caaa"} m=1 gates+3 gates-2 polys=1282 infeasible-exact
751 {"a": "bc", "b": "aaab", "c": "bca"} m=1 gates+2 gates-3 polys=1282 infeasible-exact
752 {"a": "ca", "b": "cac", "c": "aacb"} m=1 gates+2 gates-3 polys=1721 infeasible-exact
753 {"a": "ca", "b": "cac", "c": "acab"} m=1 gates+2 gates-3 polys=613 infeasible-exact
754 {"a": "cb", "b": "cba", "c": "aaac"} m=1 gates+2 gates-3 polys=1282 infeasible-exact
755 {"a": "cb", "b": "baaa", "c": "acb"} m=1 gates+3 gates-2 polys=1282 infeasible-exact
756 {"a": "bac", "b": "ac", "c": "cbbb"} m=1 gates+3 gates-2 polys=1282 infeasible-exact
757 {"a": "bac", "b": "cccb", "c": "ba"} m=1 gates+2 gates-3 polys=1282 infeasible-exact
758 {"a": "bcb", "b": "abcc", "c": "cb"} m=1 gates+3 gates-2 polys=1721 infeasible-exact
759 {"a": "bcb", "b": "acbc", "c": "cb"} m=1 gates+3 gates-2 polys=613 infeasible-exact
760 {"a": "bcb", "b": "cbca", "c": "bc"} m=1 gates+2 gates-3 polys=613 infeasible-exact
761 {"a": "bcb", "b": "ccba", "c": "bc"} m=1 gates+2 gates-3 polys=1721 infeasible-exact
762 {"a": "cab", "b": "ca", "c": "bbbc"} m=1 gates+2 gates-3 polys=1282 infeasible-exact
763 {"a": "cab", "b": "bccc", "c": "ab"} m=1 gates+3 gates-2 polys=1282 infeasible-exact
764 {"a": "cbc", "b": "bc", "c": "abcb"} m=1 gates+3 gates-2 polys=613 infeasible-exact
765 {"a": "cbc", "b": "bc", "c": "acbb"} m=1 gates+3 gates-2 polys=1721 infeasible-exact
766 {"a": "cbc", "b": "cb", "c": "bbca"} m=1 gates+2 gates-3 polys=1721 infeasible-exact
767 {"a": "cbc", "b": "cb", "c": "bcba"} m=1 gates+2 gates-3 polys=613 infeasible-exact
768 {"a": "abbb", "b": "ca", "c": "bca"} m=1 gates+3 gates-2 polys=1282 infeasible-exact
769 {"a": "accc", "b": "cba", "c": "ba"} m=1 gates+3 gates-2 polys=1282 infeasible-exact
770 {"a": "babc", "b": "ab", "c": "aba"} m=1 gates+2 gates-3 polys=613 infeasible-exact
771 {"a": "bacc", "b": "aca", "c": "ca"} m=1 gates+3 gates-2 polys=1721 infeasible-exact
772 {"a": "bbac", "b": "ab", "c": "aba"} m=1 gates+2 gates-3 polys=1721 infeasible-exact
773 {"a": "bbba", "b": "ac", "c": "acb"} m=1 gates+2 gates-3 polys=1282 infeasible-exact
774 {"a": "bcac", "b": "aca", "c": "ca"} m=1 gates+3 gates-2 polys=613 infeasible-exact
775 {"a": "cabb", "b": "ba", "c": "aba"} m=1 gates+3 gates-2 polys=1721 infeasible-exact
776 {"a": "cacb", "b": "aca", "c": "ac"} m=1 gates+2 gates-3 polys=613 infeasible-exact
777 {"a": "cbab", "b": "ba", "c": "aba"} m=1 gates+3 gates-2 polys=613 infeasible-exact
778 {"a": "ccab", "b": "aca", "c": "ac"} m=1 gates+2 gates-3 polys=1721 infeasible-exact
779 {"a": "ccca", "b": "abc", "c": "ab"} m=1 gates+2 gates-3 polys=1282 infeasible-exact
780 {"a": "ab", "b": "bca", "c": "abbc"} m=1 gates+2 gates-3 polys=915 infeasible-exact
781 {"a": "ab", "b": "cab", "c": "babc"} m=1 gates+3 gates-2 polys=696 infeasible-exact
782 {"a": "ab", "b": "cba", "c": "bcba"} m=1 gates+3 gates-2 polys=748 infeasible-exact
783 {"a": "ab", "b": "baca", "c": "bac"} m=1 gates+2 gates-3 polys=555 infeasible-exact
784 {"a": "ac", "b": "cab", "c": "caba"} m=1 gates+2 gates-3 polys=555 infeasible-exact
785 {"a": "ac", "b": "accb", "c": "cba"} m=1 gates+2 gates-3 polys=915 infeasible-exact
786 {"a": "ac", "b": "cacb", "c": "bac"} m=1 gates+3 gates-2 polys=696 infeasible-exact
787 {"a": "ac", "b": "cbca", "c": "bca"} m=1 gates+3 gates-2 polys=748 infeasible-exact
788 {"a": "ba", "b": "abc", "c": "abcb"} m=1 gates+2 gates-3 polys=748 infeasible-exact
789 {"a": "ba", "b": "acb", "c": "cbba"} m=1 gates+3 gates-2 polys=915 infeasible-exact
790 {"a": "ba", "b": "bac", "c": "cbab"} m=1 gates+2 gates-3 polys=696 infeasible-exact
791 {"a": "ba", "b": "acab", "c": "cab"} m=1 gates+3 gates-2 polys=555 infeasible-exact
792 {"a": "bc", "b": "acb", "c": "cbc"} m=1 gates+3 gates-2 polys=636 infeasible-exact
793 {"a": "bc", "b": "bcb", "c": "cba"} m=1 gates+2 gates-3 polys=636 infeasible-exact
794 {"a": "ca", "b": "bac", "c": "abac"} m=1 gates+3 gates-2 polys=555 infeasible-exact
795 {"a": "ca", "b": "acbc", "c": "acb"} m=1 gates+2 gates-3 polys=748 infeasible-exact
796 {"a": "ca", "b": "bcac", "c": "cab"} m=1 gates+2 gates-3 polys=696 infeasible-exact
797 {"a": "ca", "b": "bcca", "c": "abc"} m=1 gates+3 gates-2 polys=915 infeasible-exact
798 {"a": "cb", "b": "bca", "c": "cbc"} m=1 gates+2 gates-3 polys=636 infeasible-exact
799 {"a": "cb", "b": "bcb", "c": "abc"} m=1 gates+3 gates-2 polys=636 infeasible-exact
stats m=1 [700,800) {"infeasible-exact": 100} time 44.5
800 {"a": "aba", "b": "bac", "c": "ab"} m=1 gates+2 gates-3 polys=636 infeasible-exact
801 {"a": "aba", "b": "cab", "c": "ba"} m=1 gates+3 gates-2 polys=636 infeasible-exact
802 {"a": "abc", "b": "ab", "c": "caba"} m=1 gates+2 gates-3 polys=696 infeasible-exact
803 {"a": "abc", "b": "cb", "c": "babc"} m=1 gates+3 gates-2 polys=555 infeasible-exact
804 {"a": "abc", "b": "bab", "c": "ba"} m=1 gates+2 gates-3 polys=636 infeasible-exact
805 {"a": "abc", "b": "caab", "c": "ca"} m=1 gates+2 gates-3 polys=915 infeasible-exact
806 {"a": "aca", "b": "ac", "c": "cab"} m=1 gates+2 gates-3 polys=636 infeasible-exact
807 {"a": "aca", "b": "ca", "c": "bac"} m=1 gates+3 gates-2 polys=636 infeasible-exact
808 {"a": "acb", "b": "ba", "c": "baac"} m=1 gates+2 gates-3 polys=915 infeasible-exact
809 {"a": "acb", "b": "ca", "c": "cac"} m=1 gates+2 gates-3 polys=636 infeasible-exact
810 {"a": "acb", "b": "baca", "c": "ac"} m=1 gates+2 gates-3 polys=696 infeasible-exact
811 {"a": "acb", "b": "cacb", "c": "bc"} m=1 gates+3 gates-2 polys=555 infeasible-exact
812 {"a": "bac", "b": "ab", "c": "baca"} m=1 gates+2 gates-3 polys=748 infeasible-exact
813 {"a": "bac", "b": "abac", "c": "ca"} m=1 gates+3 gates-2 polys=748 infeasible-exact
814 {"a": "bca", "b": "ab", "c": "caab"} m=1 gates+3 gates-2 polys=915 infeasible-exact
815 {"a": "bca", "b": "ac", "c": "cac"} m=1 gates+3 gates-2 polys=636 infeasible-exact
816 {"a": "bca", "b": "acab", "c": "ca"} m=1 gates+3 gates-2 polys=696 infeasible-exact
817 {"a": "bca", "b": "bcac", "c": "cb"} m=1 gates+2 gates-3 polys=555 infeasible-exact
818 {"a": "cab", "b": "ba", "c": "acab"} m=1 gates+3 gates-2 polys=748 infeasible-exact
819 {"a": "cab", "b": "caba", "c": "ac"} m=1 gates+2 gates-3 polys=748 infeasible-exact
820 {"a": "cba", "b": "ba", "c": "abac"} m=1 gates+3 gates-2 polys=696 infeasible-exact
821 {"a": "cba", "b": "bc", "c": "cbab"} m=1 gates+2 gates-3 polys=555 infeasible-exact
822 {"a": "cba", "b": "bab", "c": "ab"} m=1 gates+3 gates-2 polys=636 infeasible-exact
823 {"a": "cba", "b": "baac", "c": "ac"} m=1 gates+3 gates-2 polys=915 infeasible-exact
824 {"a": "abbc", "b": "cab", "c": "bc"} m=1 gates+3 gates-2 polys=915 infeasible-exact
825 {"a": "abcb", "b": "ba", "c": "abc"} m=1 gates+2 gates-3 polys=555 infeasible-exact
826 {"a": "abcb", "b": "bca", "c": "bc"} m=1 gates+2 gates-3 polys=696 infeasible-exact
827 {"a": "acbc", "b": "cb", "c": "cba"} m=1 gates+2 gates-3 polys=696 infeasible-exact
828 {"a": "acbc", "b": "acb", "c": "ca"} m=1 gates+2 gates-3 polys=555 infeasible-exact
829 {"a": "accb", "b": "cb", "c": "bac"} m=1 gates+3 gates-2 polys=915 infeasible-exact
830 {"a": "babc", "b": "abc", "c": "cb"} m=1 gates+3 gates-2 polys=748 infeasible-exact
831 {"a": "bcac", "b": "cb", "c": "bca"} m=1 gates+2 gates-3 polys=748 infeasible-exact
832 {"a": "bcba", "b": "ab", "c": "cba"} m=1 gates+3 gates-2 polys=555 infeasible-exact
833 {"a": "bcba", "b": "acb", "c": "cb"} m=1 gates+3 gates-2 polys=696 infeasible-exact
834 {"a": "bcca", "b": "bc", "c": "cab"} m=1 gates+2 gates-3 polys=915 infeasible-exact
835 {"a": "cacb", "b": "bc", "c": "acb"} m=1 gates+3 gates-2 polys=748 infeasible-exact
836 {"a": "cbab", "b": "cba", "c": "bc"} m=1 gates+2 gates-3 polys=748 infeasible-exact
837 {"a": "cbba", "b": "bac", "c": "cb"} m=1 gates+2 gates-3 polys=915 infeasible-exact
838 {"a": "cbca", "b": "bc", "c": "abc"} m=1 gates+3 gates-2 polys=696 infeasible-exact
839 {"a": "cbca", "b": "bca", "c": "ac"} m=1 gates+3 gates-2 polys=555 infeasible-exact
840 {"a": "bc", "b": "caa", "c": "acaa"} m=1 gates+3 gates-2 polys=2998 infeasible-exact
841 {"a": "bc", "b": "cbc", "c": "abb"} m=1 gates+3 gates-2 polys=1526 infeasible-exact
842 {"a": "bc", "b": "cca", "c": "bcb"} m=1 gates+2 gates-3 polys=1526 infeasible-exact
843 {"a": "bc", "b": "aaba", "c": "aab"} m=1 gates+2 gates-3 polys=2998 infeasible-exact
844 {"a": "cb", "b": "aac", "c": "aaca"} m=1 gates+2 gates-3 polys=2998 infeasible-exact
845 {"a": "cb", "b": "acc", "c": "bcb"} m=1 gates+3 gates-2 polys=1526 infeasible-exact
846 {"a": "cb", "b": "cbc", "c": "bba"} m=1 gates+2 gates-3 polys=1526 infeasible-exact
847 {"a": "cb", "b": "abaa", "c": "baa"} m=1 gates+3 gates-2 polys=2998 infeasible-exact
848 {"a": "bab", "b": "aac", "c": "ba"} m=1 gates+2 gates-3 polys=1526 infeasible-exact
849 {"a": "bab", "b": "caa", "c": "ab"} m=1 gates+3 gates-2 polys=1526 infeasible-exact
850 {"a": "bbc", "b": "ca", "c": "bbcb"} m=1 gates+2 gates-3 polys=2998 infeasible-exact
851 {"a": "bbc", "b": "aba", "c": "ab"} m=1 gates+2 gates-3 polys=1526 infeasible-exact
852 {"a": "bcc", "b": "ca", "c": "aca"} m=1 gates+3 gates-2 polys=1526 infeasible-exact
853 {"a": "bcc", "b": "cbcc", "c": "ab"} m=1 gates+3 gates-2 polys=2998 infeasible-exact
854 {"a": "cac", "b": "ac", "c": "baa"} m=1 gates+3 gates-2 polys=1526 infeasible-exact
855 {"a": "cac", "b": "ca", "c": "aab"} m=1 gates+2 gates-3 polys=1526 infeasible-exact
856 {"a": "cbb", "b": "ac", "c": "bcbb"} m=1 gates+3 gates-2 polys=2998 infeasible-exact
857 {"a": "cbb", "b": "aba", "c": "ba"} m=1 gates+3 gates-2 polys=1526 infeasible-exact
858 {"a": "ccb", "b": "ac", "c": "aca"} m=1 gates+2 gates-3 polys=1526 infeasible-exact
859 {"a": "ccb", "b": "ccbc", "c": "ba"} m=1 gates+2 gates-3 polys=2998 infeasible-exact
860 {"a": "babb", "b": "ca", "c": "abb"} m=1 gates+3 gates-2 polys=2998 infeasible-exact
861 {"a": "bbab", "b": "ac", "c": "bba"} m=1 gates+2 gates-3 polys=2998 infeasible-exact
862 {"a": "cacc", "b": "acc", "c": "ba"} m=1 gates+3 gates-2 polys=2998 infeasible-exact
863 {"a": "ccac", "b": "cca", "c": "ab"} m=1 gates+2 gates-3 polys=2998 infeasible-exact
864 {"a": "ab", "b": "baac", "c": "aba"} m=1 gates+2 gates-3 polys=1194 infeasible-exact
865 {"a": "ac", "b": "aca", "c": "caab"} m=1 gates+2 gates-3 polys=1194 infeasible-exact
866 {"a": "ba", "b": "caab", "c": "aba"} m=1 gates+3 gates-2 polys=1194 infeasible-exact
867 {"a": "bc", "b": "aba", "c": "bcab"} m=1 gates+2 gates-3 polys=444 infeasible-exact
868 {"a": "bc", "b": "cba", "c": "bcb"} m=1 gates+2 gates-3 polys=411 infeasible-exact
869 {"a": "bc", "b": "cbc", "c": "acb"} m=1 gates+3 gates-2 polys=411 infeasible-exact
870 {"a": "bc", "b": "cabc", "c": "aca"} m=1 gates+3 gates-2 polys=444 infeasible-exact
871 {"a": "ca", "b": "aca", "c": "baac"} m=1 gates+3 gates-2 polys=1194 infeasible-exact
872 {"a": "cb", "b": "aba", "c": "bacb"} m=1 gates+3 gates-2 polys=444 infeasible-exact
873 {"a": "cb", "b": "abc", "c": "bcb"} m=1 gates+3 gates-2 polys=411 infeasible-exact
874 {"a": "cb", "b": "cbc", "c": "bca"} m=1 gates+2 gates-3 polys=411 infeasible-exact
875 {"a": "cb", "b": "cbac", "c": "aca"} m=1 gates+2 gates-3 polys=444 infeasible-exact
876 {"a": "bab", "b": "ac", "c": "acba"} m=1 gates+2 gates-3 polys=444 infeasible-exact
877 {"a": "bab", "b": "ca", "c": "abca"} m=1 gates+3 gates-2 polys=444 infeasible-exact
878 {"a": "bab", "b": "abc", "c": "ba"} m=1 gates+2 gates-3 polys=411 infeasible-exact
879 {"a": "bab", "b": "cba", "c": "ab"} m=1 gates+3 gates-2 polys=411 infeasible-exact
880 {"a": "bac", "b": "ca", "c": "aca"} m=1 gates+3 gates-2 polys=411 infeasible-exact
881 {"a": "bac", "b": "aba", "c": "ab"} m=1 gates+2 gates-3 polys=411 infeasible-exact
882 {"a": "bcb", "b": "bc", "c": "cbba"} m=1 gates+2 gates-3 polys=1194 infeasible-exact
883 {"a": "bcb", "b": "cb", "c": "abbc"} m=1 gates+3 gates-2 polys=1194 infeasible-exact
884 {"a": "cab", "b": "ac", "c": "aca"} m=1 gates+2 gates-3 polys=411 infeasible-exact
885 {"a": "cab", "b": "aba", "c": "ba"} m=1 gates+3 gates-2 polys=411 infeasible-exact
886 {"a": "cac", "b": "ac", "c": "bca"} m=1 gates+3 gates-2 polys=411 infeasible-exact
887 {"a": "cac", "b": "ca", "c": "acb"} m=1 gates+2 gates-3 polys=411 infeasible-exact
888 {"a": "cac", "b": "abca", "c": "ab"} m=1 gates+2 gates-3 polys=444 infeasible-exact
889 {"a": "cac", "b": "acba", "c": "ba"} m=1 gates+3 gates-2 polys=444 infeasible-exact
890 {"a": "cbc", "b": "accb", "c": "bc"} m=1 gates+3 gates-2 polys=1194 infeasible-exact
891 {"a": "cbc", "b": "bcca", "c": "cb"} m=1 gates+2 gates-3 polys=1194 infeasible-exact
892 {"a": "abbc", "b": "ba", "c": "bab"} m=1 gates+2 gates-3 polys=1194 infeasible-exact
893 {"a": "accb", "b": "cac", "c": "ca"} m=1 gates+2 gates-3 polys=1194 infeasible-exact
894 {"a": "bacb", "b": "cbc", "c": "ba"} m=1 gates+2 gates-3 polys=444 infeasible-exact
895 {"a": "bcab", "b": "cbc", "c": "ab"} m=1 gates+3 gates-2 polys=444 infeasible-exact
896 {"a": "bcca", "b": "cac", "c": "ac"} m=1 gates+3 gates-2 polys=1194 infeasible-exact
897 {"a": "cabc", "b": "ca", "c": "bcb"} m=1 gates+2 gates-3 polys=444 infeasible-exact
898 {"a": "cbac", "b": "ac", "c": "bcb"} m=1 gates+3 gates-2 polys=444 infeasible-exact
899 {"a": "cbba", "b": "ab", "c": "bab"} m=1 gates+3 gates-2 polys=1194 infeasible-exact
stats m=1 [800,900) {"infeasible-exact": 100} time 41.8
900 {"a": "ab", "b": "cab", "c": "bcc"} m=1 gates+3 gates-2 polys=1106 infeasible-exact
901 {"a": "ab", "b": "abca", "c": "cac"} m=1 gates+2 gates-3 polys=888 infeasible-exact
902 {"a": "ac", "b": "bab", "c": "acba"} m=1 gates+2 gates-3 polys=888 infeasible-exact
903 {"a": "ac", "b": "cbb", "c": "bac"} m=1 gates+3 gates-2 polys=1106 infeasible-exact
904 {"a": "ba", "b": "bac", "c": "ccb"} m=1 gates+2 gates-3 polys=1106 infeasible-exact
905 {"a": "ba", "b": "acba", "c": "cac"} m=1 gates+3 gates-2 polys=888 infeasible-exact
906 {"a": "bc", "b": "abb", "c": "cbc"} m=1 gates+3 gates-2 polys=2079 infeasible-exact
907 {"a": "bc", "b": "bcb", "c": "cca"} m=1 gates+2 gates-3 polys=2079 infeasible-exact
908 {"a": "ca", "b": "bab", "c": "abca"} m=1 gates+3 gates-2 polys=888 infeasible-exact
909 {"a": "ca", "b": "bbc", "c": "cab"} m=1 gates+2 gates-3 polys=1106 infeasible-exact
910 {"a": "cb", "b": "bba", "c": "cbc"} m=1 gates+2 gates-3 polys=2079 infeasible-exact
911 {"a": "cb", "b": "bcb", "c": "acc"} m=1 gates+3 gates-2 polys=2079 infeasible-exact
912 {"a": "aab", "b": "ca", "c": "cac"} m=1 gates+2 gates-3 polys=2079 infeasible-exact
913 {"a": "aab", "b": "bca", "c": "bc"} m=1 gates+2 gates-3 polys=1106 infeasible-exact
914 {"a": "aac", "b": "cb", "c": "cba"} m=1 gates+2 gates-3 polys=1106 infeasible-exact
915 {"a": "aac", "b": "bab", "c": "ba"} m=1 gates+2 gates-3 polys=2079 infeasible-exact
916 {"a": "aba", "b": "bc", "c": "bcab"} m=1 gates+2 gates-3 polys=888 infeasible-exact
917 {"a": "aba", "b": "cb", "c": "bacb"} m=1 gates+3 gates-2 polys=888 infeasible-exact
918 {"a": "aba", "b": "bbc", "c": "ab"} m=1 gates+2 gates-3 polys=2079 infeasible-exact
919 {"a": "aba", "b": "cbb", "c": "ba"} m=1 gates+3 gates-2 polys=2079 infeasible-exact
920 {"a": "abc", "b": "ab", "c": "cca"} m=1 gates+2 gates-3 polys=1106 infeasible-exact
921 {"a": "aca", "b": "ac", "c": "ccb"} m=1 gates+2 gates-3 polys=2079 infeasible-exact
922 {"a": "aca", "b": "ca", "c": "bcc"} m=1 gates+3 gates-2 polys=2079 infeasible-exact
923 {"a": "aca", "b": "cabc", "c": "bc"} m=1 gates+3 gates-2 polys=888 infeasible-exact
924 {"a": "aca", "b": "cbac", "c": "cb"} m=1 gates+2 gates-3 polys=888 infeasible-exact
925 {"a": "acb", "b": "bba", "c": "ac"} m=1 gates+2 gates-3 polys=1106 infeasible-exact
926 {"a": "baa", "b": "ac", "c": "cac"} m=1 gates+3 gates-2 polys=2079 infeasible-exact
927 {"a": "baa", "b": "acb", "c": "cb"} m=1 gates+3 gates-2 polys=1106 infeasible-exact
928 {"a": "bca", "b": "abb", "c": "ca"} m=1 gates+3 gates-2 polys=1106 infeasible-exact
929 {"a": "caa", "b": "bc", "c": "abc"} m=1 gates+3 gates-2 polys=1106 infeasible-exact
930 {"a": "caa", "b": "bab", "c": "ab"} m=1 gates+3 gates-2 polys=2079 infeasible-exact
931 {"a": "cba", "b": "ba", "c": "acc"} m=1 gates+3 gates-2 polys=1106 infeasible-exact
932 {"a": "bacb", "b": "ba", "c": "cbc"} m=1 gates+2 gates-3 polys=888 infeasible-exact
933 {"a": "bcab", "b": "ab", "c": "cbc"} m=1 gates+3 gates-2 polys=888 infeasible-exact
934 {"a": "cabc", "b": "bcb", "c": "ca"} m=1 gates+2 gates-3 polys=888 infeasible-exact
935 {"a": "cbac", "b": "bcb", "c": "ac"} m=1 gates+3 gates-2 polys=888 infeasible-exact
936 {"a": "ab", "b": "abc", "c": "caba"} m=1 gates+2 gates-3 polys=696 infeasible-exact
937 {"a": "ab", "b": "bac", "c": "baca"} m=1 gates+2 gates-3 polys=555 infeasible-exact
938 {"a": "ab", "b": "bbc", "c": "aba"} m=1 gates+2 gates-3 polys=2079 infeasible-exact
939 {"a": "ab", "b": "bca", "c": "caab"} m=1 gates+3 gates-2 polys=468 infeasible-exact
940 {"a": "ab", "b": "bcc", "c": "cab"} m=1 gates+3 gates-2 polys=1105 infeasible-exact
941 {"a": "ab", "b": "bcaa", "c": "caa"} m=1 gates+3 gates-2 polys=1924 infeasible-exact
942 {"a": "ab", "b": "ccac", "c": "cca"} m=1 gates+2 gates-3 polys=2078 infeasible-exact
943 {"a": "ac", "b": "aca", "c": "ccb"} m=1 gates+2 gates-3 polys=2079 infeasible-exact
944 {"a": "ac", "b": "baa", "c": "cbaa"} m=1 gates+3 gates-2 polys=1924 infeasible-exact
945 {"a": "ac", "b": "bac", "c": "cbb"} m=1 gates+3 gates-2 polys=1105 infeasible-exact
946 {"a": "ac", "b": "bba", "c": "bbab"} m=1 gates+2 gates-3 polys=2078 infeasible-exact
947 {"a": "ac", "b": "baac", "c": "cba"} m=1 gates+3 gates-2 polys=468 infeasible-exact
948 {"a": "ac", "b": "baca", "c": "acb"} m=1 gates+2 gates-3 polys=696 infeasible-exact
949 {"a": "ac", "b": "caba", "c": "cab"} m=1 gates+2 gates-3 polys=555 infeasible-exact
950 {"a": "ba", "b": "acb", "c": "baac"} m=1 gates+2 gates-3 polys=468 infeasible-exact
951 {"a": "ba", "b": "cab", "c": "acab"} m=1 gates+3 gates-2 polys=555 infeasible-exact
952 {"a": "ba", "b": "cba", "c": "abac"} m=1 gates+3 gates-2 polys=696 infeasible-exact
953 {"a": "ba", "b": "cbb", "c": "aba"} m=1 gates+3 gates-2 polys=2079 infeasible-exact
954 {"a": "ba", "b": "ccb", "c": "bac"} m=1 gates+2 gates-3 polys=1105 infeasible-exact
955 {"a": "ba", "b": "aacb", "c": "aac"} m=1 gates+2 gates-3 polys=1924 infeasible-exact
956 {"a": "ba", "b": "cacc", "c": "acc"} m=1 gates+3 gates-2 polys=2078 infeasible-exact
957 {"a": "ca", "b": "aab", "c": "aabc"} m=1 gates+2 gates-3 polys=1924 infeasible-exact
958 {"a": "ca", "b": "abb", "c": "babb"} m=1 gates+3 gates-2 polys=2078 infeasible-exact
959 {"a": "ca", "b": "aca", "c": "bcc"} m=1 gates+3 gates-2 polys=2079 infeasible-exact
960 {"a": "ca", "b": "cab", "c": "bbc"} m=1 gates+2 gates-3 polys=1105 infeasible-exact
961 {"a": "ca", "b": "abac", "c": "bac"} m=1 gates+3 gates-2 polys=555 infeasible-exact
962 {"a": "ca", "b": "acab", "c": "bca"} m=1 gates+3 gates-2 polys=696 infeasible-exact
963 {"a": "ca", "b": "caab", "c": "abc"} m=1 gates+2 gates-3 polys=468 infeasible-exact
964 {"a": "aab", "b": "bc", "c": "aaba"} m=1 gates+2 gates-3 polys=2078 infeasible-exact
965 {"a": "aab", "b": "cac", "c": "ca"} m=1 gates+2 gates-3 polys=2079 infeasible-exact
966 {"a": "aac", "b": "ba", "c": "bab"} m=1 gates+2 gates-3 polys=2079 infeasible-exact
967 {"a": "aac", "b": "aaca", "c": "cb"} m=1 gates+2 gates-3 polys=2078 infeasible-exact
968 {"a": "abb", "b": "bc", "c": "cabb"} m=1 gates+3 gates-2 polys=1924 infeasible-exact
969 {"a": "abb", "b": "bca", "c": "ca"} m=1 gates+3 gates-2 polys=1105 infeasible-exact
970 {"a": "abc", "b": "ba", "c": "abcb"} m=1 gates+2 gates-3 polys=555 infeasible-exact
971 {"a": "abc", "b": "bc", "c": "caa"} m=1 gates+3 gates-2 polys=1105 infeasible-exact
972 {"a": "abc", "b": "bcca", "c": "ca"} m=1 gates+3 gates-2 polys=468 infeasible-exact
973 {"a": "acb", "b": "ba", "c": "cbba"} m=1 gates+3 gates-2 polys=468 infeasible-exact
974 {"a": "acb", "b": "baa", "c": "cb"} m=1 gates+3 gates-2 polys=1105 infeasible-exact
975 {"a": "acb", "b": "acbc", "c": "ca"} m=1 gates+2 gates-3 polys=555 infeasible-exact
976 {"a": "acc", "b": "ba", "c": "cba"} m=1 gates+3 gates-2 polys=1105 infeasible-exact
977 {"a": "acc", "b": "bacc", "c": "cb"} m=1 gates+3 gates-2 polys=1924 infeasible-exact
978 {"a": "baa", "b": "cb", "c": "abaa"} m=1 gates+3 gates-2 polys=2078 infeasible-exact
979 {"a": "baa", "b": "cac", "c": "ac"} m=1 gates+3 gates-2 polys=2079 infeasible-exact
980 {"a": "bac", "b": "ba", "c": "cbab"} m=1 gates+2 gates-3 polys=696 infeasible-exact
981 {"a": "bac", "b": "cacb", "c": "ac"} m=1 gates+3 gates-2 polys=696 infeasible-exact
982 {"a": "bba", "b": "cb", "c": "bbac"} m=1 gates+2 gates-3 polys=1924 infeasible-exact
983 {"a": "bba", "b": "acb", "c": "ac"} m=1 gates+2 gates-3 polys=1105 infeasible-exact
984 {"a": "bca", "b": "ab", "c": "abbc"} m=1 gates+2 gates-3 polys=468 infeasible-exact
985 {"a": "bca", "b": "aab", "c": "bc"} m=1 gates+2 gates-3 polys=1105 infeasible-exact
986 {"a": "bca", "b": "cbca", "c": "ac"} m=1 gates+3 gates-2 polys=555 infeasible-exact
987 {"a": "bcb", "b": "bc", "c": "cca"} m=1 gates+2 gates-3 polys=2079 infeasible-exact
988 {"a": "bcb", "b": "cb", "c": "acc"} m=1 gates+3 gates-2 polys=2079 infeasible-exact
989 {"a": "caa", "b": "ab", "c": "bab"} m=1 gates+3 gates-2 polys=2079 infeasible-exact
990 {"a": "caa", "b": "acaa", "c": "bc"} m=1 gates+3 gates-2 polys=2078 infeasible-exact
991 {"a": "cab", "b": "ab", "c": "babc"} m=1 gates+3 gates-2 polys=696 infeasible-exact
992 {"a": "cab", "b": "bcac", "c": "ca"} m=1 gates+2 gates-3 polys=696 infeasible-exact
993 {"a": "cba", "b": "ab", "c": "bcba"} m=1 gates+3 gates-2 polys=555 infeasible-exact
994 {"a": "cba", "b": "cb", "c": "aac"} m=1 gates+2 gates-3 polys=1105 infeasible-exact
995 {"a": "cba", "b": "accb", "c": "ac"} m=1 gates+2 gates-3 polys=468 infeasible-exact
996 {"a": "cbc", "b": "abb", "c": "bc"} m=1 gates+3 gates-2 polys=2079 infeasible-exact
997 {"a": "cbc", "b": "bba", "c": "cb"} m=1 gates+2 gates-3 polys=2079 infeasible-exact
998 {"a": "cca", "b": "ab", "c": "abc"} m=1 gates+2 gates-3 polys=1105 infeasible-exact
999 {"a": "cca", "b": "ccab", "c": "bc"} m=1 gates+2 gates-3 polys=1924 infeasible-exact
stats m=1 [900,1000) {"infeasible-exact": 100} time 48.0
1000 {"a": "abbc", "b": "bc", "c": "cab"} m=1 gates+3 gates-2 polys=468 infeasible-exact
1001 {"a": "abcb", "b": "bc", "c": "bca"} m=1 gates+2 gates-3 polys=696 infeasible-exact
1002 {"a": "abcc", "b": "bcc", "c": "ca"} m=1 gates+3 gates-2 polys=1924 infeasible-exact
1003 {"a": "acbb", "b": "ba", "c": "cbb"} m=1 gates+3 gates-2 polys=1924 infeasible-exact
1004 {"a": "acbc", "b": "cba", "c": "cb"} m=1 gates+2 gates-3 polys=696 infeasible-exact
1005 {"a": "accb", "b": "bac", "c": "cb"} m=1 gates+3 gates-2 polys=468 infeasible-exact
1006 {"a": "babc", "b": "cb", "c": "abc"} m=1 gates+3 gates-2 polys=555 infeasible-exact
1007 {"a": "bbca", "b": "ab", "c": "bbc"} m=1 gates+2 gates-3 polys=1924 infeasible-exact
1008 {"a": "bbcb", "b": "bbc", "c": "ca"} m=1 gates+2 gates-3 polys=2078 infeasible-exact
1009 {"a": "bcac", "b": "bca", "c": "cb"} m=1 gates+2 gates-3 polys=555 infeasible-exact
1010 {"a": "bcba", "b": "cb", "c": "acb"} m=1 gates+3 gates-2 polys=696 infeasible-exact
1011 {"a": "bcbb", "b": "cbb", "c": "ac"} m=1 gates+3 gates-2 polys=2078 infeasible-exact
1012 {"a": "bcca", "b": "cab", "c": "bc"} m=1 gates+2 gates-3 polys=468 infeasible-exact
1013 {"a": "cacb", "b": "acb", "c": "bc"} m=1 gates+3 gates-2 polys=555 infeasible-exact
1014 {"a": "cbab", "b": "bc", "c": "cba"} m=1 gates+2 gates-3 polys=555 infeasible-exact
1015 {"a": "cbba", "b": "cb", "c": "bac"} m=1 gates+2 gates-3 polys=468 infeasible-exact
1016 {"a": "cbca", "b": "abc", "c": "bc"} m=1 gates+3 gates-2 polys=696 infeasible-exact
1017 {"a": "cbcc", "b": "ab", "c": "bcc"} m=1 gates+3 gates-2 polys=2078 infeasible-exact
1018 {"a": "ccba", "b": "ccb", "c": "ac"} m=1 gates+2 gates-3 polys=1924 infeasible-exact
1019 {"a": "ccbc", "b": "ba", "c": "ccb"} m=1 gates+2 gates-3 polys=2078 infeasible-exact
1020 {"a": "ab", "b": "caaa", "c": "bab"} m=1 gates+3 gates-2 polys=1826 infeasible-exact
1021 {"a": "ac", "b": "cac", "c": "baaa"} m=1 gates+3 gates-2 polys=1826 infeasible-exact
1022 {"a": "ba", "b": "aaac", "c": "bab"} m=1 gates+2 gates-3 polys=1826 infeasible-exact
1023 {"a": "bc", "b": "aab", "c": "aaba"} m=1 gates+2 gates-3 polys=2998 NEGATIVE -0.500000
1024 {"a": "bc", "b": "acaa", "c": "caa"} m=1 gates+3 gates-2 polys=2998 NEGATIVE -0.500000
1025 {"a": "ca", "b": "cac", "c": "aaab"} m=1 gates+2 gates-3 polys=1826 infeasible-exact
1026 {"a": "cb", "b": "baa", "c": "abaa"} m=1 gates+3 gates-2 polys=2998 NEGATIVE -0.500000
1027 {"a": "cb", "b": "aaca", "c": "aac"} m=1 gates+2 gates-3 polys=2998 NEGATIVE -0.500000
1028 {"a": "abb", "b": "ca", "c": "babb"} m=1 gates+3 gates-2 polys=2998 NEGATIVE -0.500000
1029 {"a": "acc", "b": "cacc", "c": "ba"} m=1 gates+3 gates-2 polys=2998 NEGATIVE -0.500000
1030 {"a": "bba", "b": "ac", "c": "bbab"} m=1 gates+2 gates-3 polys=2998 NEGATIVE -0.500000
1031 {"a": "bcb", "b": "accc", "c": "cb"} m=1 gates+3 gates-2 polys=1826 infeasible-exact
1032 {"a": "bcb", "b": "ccca", "c": "bc"} m=1 gates+2 gates-3 polys=1826 infeasible-exact
1033 {"a": "cbc", "b": "bc", "c": "abbb"} m=1 gates+3 gates-2 polys=1826 infeasible-exact
1034 {"a": "cbc", "b": "cb", "c": "bbba"} m=1 gates+2 gates-3 polys=1826 infeasible-exact
1035 {"a": "cca", "b": "ccac", "c": "ab"} m=1 gates+2 gates-3 polys=2998 NEGATIVE -0.500000
1036 {"a": "bbbc", "b": "ab", "c": "aba"} m=1 gates+2 gates-3 polys=1826 infeasible-exact
1037 {"a": "bbcb", "b": "ca", "c": "bbc"} m=1 gates+2 gates-3 polys=2998 NEGATIVE -0.500000
1038 {"a": "bcbb", "b": "ac", "c": "cbb"} m=1 gates+3 gates-2 polys=2998 NEGATIVE -0.500000
1039 {"a": "bccc", "b": "aca", "c": "ca"} m=1 gates+3 gates-2 polys=1826 infeasible-exact
1040 {"a": "cbbb", "b": "ba", "c": "aba"} m=1 gates+3 gates-2 polys=1826 infeasible-exact
1041 {"a": "cbcc", "b": "bcc", "c": "ab"} m=1 gates+3 gates-2 polys=2998 NEGATIVE -0.500000
1042 {"a": "ccbc", "b": "ccb", "c": "ba"} m=1 gates+2 gates-3 polys=2998 NEGATIVE -0.500000
1043 {"a": "cccb", "b": "aca", "c": "ac"} m=1 gates+2 gates-3 polys=1826 infeasible-exact
1044 {"a": "ab", "b": "bac", "c": "aba"} m=1 gates+2 gates-3 polys=636 infeasible-exact
1045 {"a": "ac", "b": "aca", "c": "cab"} m=1 gates+2 gates-3 polys=636 infeasible-exact
1046 {"a": "ba", "b": "cab", "c": "aba"} m=1 gates+3 gates-2 polys=636 infeasible-exact
1047 {"a": "ca", "b": "aca", "c": "bac"} m=1 gates+3 gates-2 polys=636 infeasible-exact
1048 {"a": "abc", "b": "ba", "c": "bab"} m=1 gates+2 gates-3 polys=636 infeasible-exact
1049 {"a": "acb", "b": "cac", "c": "ca"} m=1 gates+2 gates-3 polys=636 infeasible-exact
1050 {"a": "bca", "b": "cac", "c": "ac"} m=1 gates+3 gates-2 polys=636 infeasible-exact
1051 {"a": "bcb", "b": "bc", "c": "cba"} m=1 gates+2 gates-3 polys=636 infeasible-exact
1052 {"a": "bcb", "b": "cb", "c": "abc"} m=1 gates+3 gates-2 polys=636 infeasible-exact
1053 {"a": "cba", "b": "ab", "c": "bab"} m=1 gates+3 gates-2 polys=636 infeasible-exact
1054 {"a": "cbc", "b": "acb", "c": "bc"} m=1 gates+3 gates-2 polys=636 infeasible-exact
1055 {"a": "cbc", "b": "bca", "c": "cb"} m=1 gates+2 gates-3 polys=636 infeasible-exact
1056 {"a": "ab", "b": "caa", "c": "bab"} m=1 gates+3 gates-2 polys=1526 infeasible-exact
1057 {"a": "ac", "b": "cac", "c": "baa"} m=1 gates+3 gates-2 polys=1526 infeasible-exact
1058 {"a": "ba", "b": "aac", "c": "bab"} m=1 gates+2 gates-3 polys=1526 infeasible-exact
1059 {"a": "ca", "b": "cac", "c": "aab"} m=1 gates+2 gates-3 polys=1526 infeasible-exact
1060 {"a": "bbc", "b": "ab", "c": "aba"} m=1 gates+2 gates-3 polys=1526 infeasible-exact
1061 {"a": "bcb", "b": "acc", "c": "cb"} m=1 gates+3 gates-2 polys=1526 infeasible-exact
1062 {"a": "bcb", "b": "cca", "c": "bc"} m=1 gates+2 gates-3 polys=1526 infeasible-exact
1063 {"a": "bcc", "b": "aca", "c": "ca"} m=1 gates+3 gates-2 polys=1526 infeasible-exact
1064 {"a": "cbb", "b": "ba", "c": "aba"} m=1 gates+3 gates-2 polys=1526 infeasible-exact
1065 {"a": "cbc", "b": "bc", "c": "abb"} m=1 gates+3 gates-2 polys=1526 infeasible-exact
1066 {"a": "cbc", "b": "cb", "c": "bba"} m=1 gates+2 gates-3 polys=1526 infeasible-exact
1067 {"a": "ccb", "b": "aca", "c": "ac"} m=1 gates+2 gates-3 polys=1526 infeasible-exact
1068 {"a": "bbc", "b": "bbcb", "c": "bbba"} m=1 gates+1 gates-3 polys=342 infeasible-exact
1069 {"a": "bcc", "b": "accc", "c": "cbcc"} m=1 gates+3 gates-1 polys=342 infeasible-exact
1070 {"a": "cbb", "b": "bcbb", "c": "abbb"} m=1 gates+3 gates-1 polys=342 infeasible-exact
1071 {"a": "ccb", "b": "ccca", "c": "ccbc"} m=1 gates+1 gates-3 polys=342 infeasible-exact
1072 {"a": "aaba", "b": "aaac", "c": "aab"} m=1 gates+1 gates-3 polys=342 infeasible-exact
1073 {"a": "aaca", "b": "aac", "c": "aaab"} m=1 gates+1 gates-3 polys=342 infeasible-exact
1074 {"a": "abaa", "b": "caaa", "c": "baa"} m=1 gates+3 gates-1 polys=342 infeasible-exact
1075 {"a": "acaa", "b": "caa", "c": "baaa"} m=1 gates+3 gates-1 polys=342 infeasible-exact
1076 {"a": "bbbc", "b": "bbab", "c": "bba"} m=1 gates+1 gates-3 polys=342 infeasible-exact
1077 {"a": "bccc", "b": "acc", "c": "cacc"} m=1 gates+3 gates-1 polys=342 infeasible-exact
1078 {"a": "cbbb", "b": "babb", "c": "abb"} m=1 gates+3 gates-1 polys=342 infeasible-exact
1079 {"a": "cccb", "b": "cca", "c": "ccac"} m=1 gates+1 gates-3 polys=342 infeasible-exact
1080 {"a": "abb", "b": "bbbc", "c": "abbb"} m=1 gates+2 gates-2 polys=1947 infeasible-exact
1081 {"a": "abb", "b": "bbbc", "c": "babb"} m=1 gates+2 gates-2 polys=2059 infeasible-exact
1082 {"a": "abb", "b": "cbbb", "c": "babb"} m=1 gates+3 gates-1 polys=342 infeasible-exact
1083 {"a": "acc", "b": "accc", "c": "cccb"} m=1 gates+2 gates-2 polys=1947 infeasible-exact
1084 {"a": "acc", "b": "cacc", "c": "bccc"} m=1 gates+3 gates-1 polys=342 infeasible-exact
1085 {"a": "acc", "b": "cacc", "c": "cccb"} m=1 gates+2 gates-2 polys=2059 infeasible-exact
1086 {"a": "bba", "b": "bbbc", "c": "bbab"} m=1 gates+1 gates-3 polys=342 infeasible-exact
1087 {"a": "bba", "b": "cbbb", "c": "bbab"} m=1 gates+2 gates-2 polys=2059 infeasible-exact
1088 {"a": "bba", "b": "cbbb", "c": "bbba"} m=1 gates+2 gates-2 polys=1947 infeasible-exact
1089 {"a": "bbc", "b": "bbbc", "c": "cabb"} m=1 gates+2 gates-2 polys=812 infeasible-exact
1090 {"a": "bbc", "b": "bbbc", "c": "cbab"} m=1 gates+2 gates-2 polys=1456 infeasible-exact
1091 {"a": "bbc", "b": "bbbc", "c": "cbba"} m=1 gates+2 gates-2 polys=1526 infeasible-exact
1092 {"a": "bbc", "b": "bbcb", "c": "bbca"} m=1 gates+1 gates-3 polys=332 infeasible-exact
1093 {"a": "bbc", "b": "bbcb", "c": "bcba"} m=1 gates+1 gates-3 polys=332 infeasible-exact
1094 {"a": "bcc", "b": "abcc", "c": "cbcc"} m=1 gates+3 gates-1 polys=332 infeasible-exact
1095 {"a": "bcc", "b": "acbc", "c": "cbcc"} m=1 gates+3 gates-1 polys=332 infeasible-exact
1096 {"a": "bcc", "b": "accb", "c": "bccc"} m=1 gates+2 gates-2 polys=1526 infeasible-exact
1097 {"a": "bcc", "b": "cacb", "c": "bccc"} m=1 gates+2 gates-2 polys=1456 infeasible-exact
1098 {"a": "bcc", "b": "ccab", "c": "bccc"} m=1 gates+2 gates-2 polys=812 infeasible-exact
1099 {"a": "cbb", "b": "bcbb", "c": "abcb"} m=1 gates+3 gates-1 polys=332 infeasible-exact
stats m=1 [1000,1100) {"infeasible-exact": 88, "NEGATIVE": 12} time 51.2
1100 {"a": "cbb", "b": "bcbb", "c": "acbb"} m=1 gates+3 gates-1 polys=332 infeasible-exact
1101 {"a": "cbb", "b": "cbbb", "c": "abbc"} m=1 gates+2 gates-2 polys=1526 infeasible-exact
1102 {"a": "cbb", "b": "cbbb", "c": "babc"} m=1 gates+2 gates-2 polys=1456 infeasible-exact
1103 {"a": "cbb", "b": "cbbb", "c": "bbac"} m=1 gates+2 gates-2 polys=812 infeasible-exact
1104 {"a": "cca", "b": "ccac", "c": "bccc"} m=1 gates+2 gates-2 polys=2059 infeasible-exact
1105 {"a": "cca", "b": "ccac", "c": "cccb"} m=1 gates+1 gates-3 polys=342 infeasible-exact
1106 {"a": "cca", "b": "ccca", "c": "bccc"} m=1 gates+2 gates-2 polys=1947 infeasible-exact
1107 {"a": "ccb", "b": "bacc", "c": "cccb"} m=1 gates+2 gates-2 polys=812 infeasible-exact
1108 {"a": "ccb", "b": "bcac", "c": "cccb"} m=1 gates+2 gates-2 polys=1456 infeasible-exact
1109 {"a": "ccb", "b": "bcca", "c": "cccb"} m=1 gates+2 gates-2 polys=1526 infeasible-exact
1110 {"a": "ccb", "b": "cbca", "c": "ccbc"} m=1 gates+1 gates-3 polys=332 infeasible-exact
1111 {"a": "ccb", "b": "ccba", "c": "ccbc"} m=1 gates+1 gates-3 polys=332 infeasible-exact
1112 {"a": "aaab", "b": "aaca", "c": "aac"} m=1 gates+1 gates-3 polys=342 infeasible-exact
1113 {"a": "aaab", "b": "acaa", "c": "caa"} m=1 gates+2 gates-2 polys=2059 infeasible-exact
1114 {"a": "aaab", "b": "baac", "c": "aab"} m=1 gates+2 gates-2 polys=1526 infeasible-exact
1115 {"a": "aaab", "b": "baca", "c": "aab"} m=1 gates+2 gates-2 polys=1456 infeasible-exact
1116 {"a": "aaab", "b": "bcaa", "c": "aab"} m=1 gates+2 gates-2 polys=812 infeasible-exact
1117 {"a": "aaab", "b": "caaa", "c": "caa"} m=1 gates+2 gates-2 polys=1947 infeasible-exact
1118 {"a": "aaac", "b": "aab", "c": "aaba"} m=1 gates+1 gates-3 polys=342 infeasible-exact
1119 {"a": "aaac", "b": "aac", "c": "caab"} m=1 gates+2 gates-2 polys=1526 infeasible-exact
1120 {"a": "aaac", "b": "aac", "c": "caba"} m=1 gates+2 gates-2 polys=1456 infeasible-exact
1121 {"a": "aaac", "b": "aac", "c": "cbaa"} m=1 gates+2 gates-2 polys=812 infeasible-exact
1122 {"a": "aaac", "b": "baa", "c": "abaa"} m=1 gates+2 gates-2 polys=2059 infeasible-exact
1123 {"a": "aaac", "b": "baa", "c": "baaa"} m=1 gates+2 gates-2 polys=1947 infeasible-exact
1124 {"a": "aaba", "b": "aabc", "c": "aab"} m=1 gates+1 gates-3 polys=332 infeasible-exact
1125 {"a": "aaba", "b": "abac", "c": "aab"} m=1 gates+1 gates-3 polys=332 infeasible-exact
1126 {"a": "aaca", "b": "aac", "c": "aacb"} m=1 gates+1 gates-3 polys=332 infeasible-exact
1127 {"a": "aaca", "b": "aac", "c": "acab"} m=1 gates+1 gates-3 polys=332 infeasible-exact
1128 {"a": "abaa", "b": "caba", "c": "baa"} m=1 gates+3 gates-1 polys=332 infeasible-exact
1129 {"a": "abaa", "b": "cbaa", "c": "baa"} m=1 gates+3 gates-1 polys=332 infeasible-exact
1130 {"a": "abbc", "b": "bbba", "c": "bba"} m=1 gates+2 gates-2 polys=1526 infeasible-exact
1131 {"a": "abcb", "b": "bbba", "c": "bba"} m=1 gates+2 gates-2 polys=1456 infeasible-exact
1132 {"a": "abcc", "b": "cca", "c": "ccca"} m=1 gates+2 gates-2 polys=812 infeasible-exact
1133 {"a": "acaa", "b": "caa", "c": "baca"} m=1 gates+3 gates-1 polys=332 infeasible-exact
1134 {"a": "acaa", "b": "caa", "c": "bcaa"} m=1 gates+3 gates-1 polys=332 infeasible-exact
1135 {"a": "acbb", "b": "bbba", "c": "bba"} m=1 gates+2 gates-2 polys=812 infeasible-exact
1136 {"a": "acbc", "b": "cca", "c": "ccca"} m=1 gates+2 gates-2 polys=1456 infeasible-exact
1137 {"a": "accb", "b": "cca", "c": "ccca"} m=1 gates+2 gates-2 polys=1526 infeasible-exact
1138 {"a": "baaa", "b": "aaac", "c": "aac"} m=1 gates+2 gates-2 polys=1947 infeasible-exact
1139 {"a": "baaa", "b": "aaca", "c": "aac"} m=1 gates+2 gates-2 polys=2059 infeasible-exact
1140 {"a": "baaa", "b": "aacb", "c": "baa"} m=1 gates+2 gates-2 polys=812 infeasible-exact
1141 {"a": "baaa", "b": "acaa", "c": "caa"} m=1 gates+3 gates-1 polys=342 infeasible-exact
1142 {"a": "baaa", "b": "acab", "c": "baa"} m=1 gates+2 gates-2 polys=1456 infeasible-exact
1143 {"a": "baaa", "b": "caab", "c": "baa"} m=1 gates+2 gates-2 polys=1526 infeasible-exact
1144 {"a": "babc", "b": "bbab", "c": "bba"} m=1 gates+1 gates-3 polys=332 infeasible-exact
1145 {"a": "bacc", "b": "acc", "c": "cacc"} m=1 gates+3 gates-1 polys=332 infeasible-exact
1146 {"a": "bbac", "b": "bbab", "c": "bba"} m=1 gates+1 gates-3 polys=332 infeasible-exact
1147 {"a": "bbbc", "b": "abbb", "c": "bbc"} m=1 gates+2 gates-2 polys=1947 infeasible-exact
1148 {"a": "bbca", "b": "abbb", "c": "abb"} m=1 gates+2 gates-2 polys=812 infeasible-exact
1149 {"a": "bbcb", "b": "abbb", "c": "bbc"} m=1 gates+2 gates-2 polys=2059 infeasible-exact
1150 {"a": "bbcb", "b": "bbba", "c": "bbc"} m=1 gates+1 gates-3 polys=342 infeasible-exact
1151 {"a": "bcac", "b": "acc", "c": "cacc"} m=1 gates+3 gates-1 polys=332 infeasible-exact
1152 {"a": "bcba", "b": "abbb", "c": "abb"} m=1 gates+2 gates-2 polys=1456 infeasible-exact
1153 {"a": "bcbb", "b": "abbb", "c": "cbb"} m=1 gates+3 gates-1 polys=342 infeasible-exact
1154 {"a": "bcbb", "b": "bbba", "c": "cbb"} m=1 gates+2 gates-2 polys=2059 infeasible-exact
1155 {"a": "bcca", "b": "acc", "c": "accc"} m=1 gates+2 gates-2 polys=1526 infeasible-exact
1156 {"a": "bccc", "b": "bcc", "c": "ccca"} m=1 gates+2 gates-2 polys=1947 infeasible-exact
1157 {"a": "caaa", "b": "aab", "c": "aaab"} m=1 gates+2 gates-2 polys=1947 infeasible-exact
1158 {"a": "caaa", "b": "aab", "c": "aaba"} m=1 gates+2 gates-2 polys=2059 infeasible-exact
1159 {"a": "caaa", "b": "baa", "c": "abaa"} m=1 gates+3 gates-1 polys=342 infeasible-exact
1160 {"a": "caaa", "b": "caa", "c": "aabc"} m=1 gates+2 gates-2 polys=812 infeasible-exact
1161 {"a": "caaa", "b": "caa", "c": "abac"} m=1 gates+2 gates-2 polys=1456 infeasible-exact
1162 {"a": "caaa", "b": "caa", "c": "baac"} m=1 gates+2 gates-2 polys=1526 infeasible-exact
1163 {"a": "cabb", "b": "babb", "c": "abb"} m=1 gates+3 gates-1 polys=332 infeasible-exact
1164 {"a": "cacb", "b": "cca", "c": "ccac"} m=1 gates+1 gates-3 polys=332 infeasible-exact
1165 {"a": "cbab", "b": "babb", "c": "abb"} m=1 gates+3 gates-1 polys=332 infeasible-exact
1166 {"a": "cbba", "b": "abbb", "c": "abb"} m=1 gates+2 gates-2 polys=1526 infeasible-exact
1167 {"a": "cbbb", "b": "bbba", "c": "cbb"} m=1 gates+2 gates-2 polys=1947 infeasible-exact
1168 {"a": "cbca", "b": "acc", "c": "accc"} m=1 gates+2 gates-2 polys=1456 infeasible-exact
1169 {"a": "cbcc", "b": "bcc", "c": "accc"} m=1 gates+3 gates-1 polys=342 infeasible-exact
1170 {"a": "cbcc", "b": "bcc", "c": "ccca"} m=1 gates+2 gates-2 polys=2059 infeasible-exact
1171 {"a": "ccab", "b": "cca", "c": "ccac"} m=1 gates+1 gates-3 polys=332 infeasible-exact
1172 {"a": "ccba", "b": "acc", "c": "accc"} m=1 gates+2 gates-2 polys=812 infeasible-exact
1173 {"a": "ccbc", "b": "ccb", "c": "accc"} m=1 gates+2 gates-2 polys=2059 infeasible-exact
1174 {"a": "ccbc", "b": "ccb", "c": "ccca"} m=1 gates+1 gates-3 polys=342 infeasible-exact
1175 {"a": "cccb", "b": "ccb", "c": "accc"} m=1 gates+2 gates-2 polys=1947 infeasible-exact
1176 {"a": "abc", "b": "abcc", "c": "cccb"} m=1 gates+2 gates-2 polys=3190 infeasible-exact
1177 {"a": "abc", "b": "bbbc", "c": "abcb"} m=1 gates+2 gates-2 polys=2001 infeasible-exact
1178 {"a": "abc", "b": "bbcb", "c": "babc"} m=1 gates+2 gates-2 polys=932 infeasible-exact
1179 {"a": "abc", "b": "bcbb", "c": "babc"} m=1 gates+2 gates-2 polys=1348 infeasible-exact
1180 {"a": "abc", "b": "cabc", "c": "bccc"} m=1 gates+3 gates-1 polys=330 infeasible-exact
1181 {"a": "abc", "b": "cabc", "c": "cccb"} m=1 gates+2 gates-2 polys=1531 infeasible-exact
1182 {"a": "acb", "b": "acbc", "c": "cccb"} m=1 gates+2 gates-2 polys=2001 infeasible-exact
1183 {"a": "acb", "b": "bbbc", "c": "acbb"} m=1 gates+2 gates-2 polys=3190 infeasible-exact
1184 {"a": "acb", "b": "bbbc", "c": "bacb"} m=1 gates+2 gates-2 polys=1531 infeasible-exact
1185 {"a": "acb", "b": "cacb", "c": "cbcc"} m=1 gates+2 gates-2 polys=1348 infeasible-exact
1186 {"a": "acb", "b": "cacb", "c": "ccbc"} m=1 gates+2 gates-2 polys=932 infeasible-exact
1187 {"a": "acb", "b": "cbbb", "c": "bacb"} m=1 gates+3 gates-1 polys=330 infeasible-exact
1188 {"a": "bac", "b": "bacc", "c": "cccb"} m=1 gates+2 gates-2 polys=1551 infeasible-exact
1189 {"a": "bac", "b": "cbbb", "c": "bbac"} m=1 gates+2 gates-2 polys=1551 infeasible-exact
1190 {"a": "bbc", "b": "bbbc", "c": "cacb"} m=1 gates+2 gates-2 polys=2767 infeasible-exact
1191 {"a": "bbc", "b": "bbbc", "c": "cbca"} m=1 gates+2 gates-2 polys=1462 infeasible-exact
1192 {"a": "bbc", "b": "bbbc", "c": "ccab"} m=1 gates+2 gates-2 polys=2525 infeasible-exact
1193 {"a": "bbc", "b": "bbbc", "c": "ccba"} m=1 gates+2 gates-2 polys=3841 infeasible-exact
1194 {"a": "bbc", "b": "bbcb", "c": "bcca"} m=1 gates+1 gates-3 polys=320 infeasible-exact
1195 {"a": "bbc", "b": "bbcb", "c": "cabc"} m=1 gates+2 gates-2 polys=3158 infeasible-exact
1196 {"a": "bbc", "b": "bbcb", "c": "cbac"} m=1 gates+2 gates-2 polys=2622 infeasible-exact
1197 {"a": "bca", "b": "bbbc", "c": "bcab"} m=1 gates+1 gates-3 polys=330 infeasible-exact
1198 {"a": "bca", "b": "bcac", "c": "cbcc"} m=1 gates+2 gates-2 polys=932 infeasible-exact
1199 {"a": "bca", "b": "bcac", "c": "ccbc"} m=1 gates+2 gates-2 polys=1348 infeasible-exact
stats m=1 [1100,1200) {"infeasible-exact": 100} time 75.0
1200 {"a": "bca", "b": "cbbb", "c": "bbca"} m=1 gates+2 gates-2 polys=3190 infeasible-exact
1201 {"a": "bca", "b": "cbbb", "c": "bcab"} m=1 gates+2 gates-2 polys=1531 infeasible-exact
1202 {"a": "bca", "b": "cbca", "c": "bccc"} m=1 gates+2 gates-2 polys=2001 infeasible-exact
1203 {"a": "bcb", "b": "bbcb", "c": "cabc"} m=1 gates+2 gates-2 polys=1945 infeasible-exact
1204 {"a": "bcb", "b": "bbcb", "c": "cbac"} m=1 gates+2 gates-2 polys=1255 infeasible-exact
1205 {"a": "bcb", "b": "bcbb", "c": "cabc"} m=1 gates+2 gates-2 polys=1255 infeasible-exact
1206 {"a": "bcb", "b": "bcbb", "c": "cbac"} m=1 gates+2 gates-2 polys=1945 infeasible-exact
1207 {"a": "bcc", "b": "abbc", "c": "cbcc"} m=1 gates+3 gates-1 polys=320 infeasible-exact
1208 {"a": "bcc", "b": "abcb", "c": "bccc"} m=1 gates+2 gates-2 polys=1462 infeasible-exact
1209 {"a": "bcc", "b": "acbb", "c": "bccc"} m=1 gates+2 gates-2 polys=3841 infeasible-exact
1210 {"a": "bcc", "b": "bacb", "c": "cbcc"} m=1 gates+2 gates-2 polys=2622 infeasible-exact
1211 {"a": "bcc", "b": "bcab", "c": "cbcc"} m=1 gates+2 gates-2 polys=3158 infeasible-exact
1212 {"a": "bcc", "b": "cabb", "c": "bccc"} m=1 gates+2 gates-2 polys=2525 infeasible-exact
1213 {"a": "bcc", "b": "cbab", "c": "bccc"} m=1 gates+2 gates-2 polys=2767 infeasible-exact
1214 {"a": "cab", "b": "bbbc", "c": "cabb"} m=1 gates+2 gates-2 polys=1551 infeasible-exact
1215 {"a": "cab", "b": "ccab", "c": "bccc"} m=1 gates+2 gates-2 polys=1551 infeasible-exact
1216 {"a": "cba", "b": "bbcb", "c": "cbab"} m=1 gates+2 gates-2 polys=1348 infeasible-exact
1217 {"a": "cba", "b": "bcbb", "c": "cbab"} m=1 gates+2 gates-2 polys=932 infeasible-exact
1218 {"a": "cba", "b": "cbac", "c": "bccc"} m=1 gates+2 gates-2 polys=1531 infeasible-exact
1219 {"a": "cba", "b": "cbac", "c": "cccb"} m=1 gates+1 gates-3 polys=330 infeasible-exact
1220 {"a": "cba", "b": "cbbb", "c": "bcba"} m=1 gates+2 gates-2 polys=2001 infeasible-exact
1221 {"a": "cba", "b": "ccba", "c": "bccc"} m=1 gates+2 gates-2 polys=3190 infeasible-exact
1222 {"a": "cbb", "b": "bcbb", "c": "accb"} m=1 gates+3 gates-1 polys=320 infeasible-exact
1223 {"a": "cbb", "b": "bcbb", "c": "cabc"} m=1 gates+2 gates-2 polys=2622 infeasible-exact
1224 {"a": "cbb", "b": "bcbb", "c": "cbac"} m=1 gates+2 gates-2 polys=3158 infeasible-exact
1225 {"a": "cbb", "b": "cbbb", "c": "abcc"} m=1 gates+2 gates-2 polys=3841 infeasible-exact
1226 {"a": "cbb", "b": "cbbb", "c": "acbc"} m=1 gates+2 gates-2 polys=1462 infeasible-exact
1227 {"a": "cbb", "b": "cbbb", "c": "bacc"} m=1 gates+2 gates-2 polys=2525 infeasible-exact
1228 {"a": "cbb", "b": "cbbb", "c": "bcac"} m=1 gates+2 gates-2 polys=2767 infeasible-exact
1229 {"a": "cbc", "b": "bacb", "c": "cbcc"} m=1 gates+2 gates-2 polys=1255 infeasible-exact
1230 {"a": "cbc", "b": "bacb", "c": "ccbc"} m=1 gates+2 gates-2 polys=1945 infeasible-exact
1231 {"a": "cbc", "b": "bcab", "c": "cbcc"} m=1 gates+2 gates-2 polys=1945 infeasible-exact
1232 {"a": "cbc", "b": "bcab", "c": "ccbc"} m=1 gates+2 gates-2 polys=1255 infeasible-exact
1233 {"a": "ccb", "b": "babc", "c": "cccb"} m=1 gates+2 gates-2 polys=2767 infeasible-exact
1234 {"a": "ccb", "b": "bacb", "c": "ccbc"} m=1 gates+2 gates-2 polys=3158 infeasible-exact
1235 {"a": "ccb", "b": "bbac", "c": "cccb"} m=1 gates+2 gates-2 polys=2525 infeasible-exact
1236 {"a": "ccb", "b": "bbca", "c": "cccb"} m=1 gates+2 gates-2 polys=3841 infeasible-exact
1237 {"a": "ccb", "b": "bcab", "c": "ccbc"} m=1 gates+2 gates-2 polys=2622 infeasible-exact
1238 {"a": "ccb", "b": "bcba", "c": "cccb"} m=1 gates+2 gates-2 polys=1462 infeasible-exact
1239 {"a": "ccb", "b": "cbba", "c": "ccbc"} m=1 gates+1 gates-3 polys=320 infeasible-exact
1240 {"a": "aaab", "b": "abca", "c": "abc"} m=1 gates+1 gates-3 polys=330 infeasible-exact
1241 {"a": "aaab", "b": "acba", "c": "cba"} m=1 gates+2 gates-2 polys=1531 infeasible-exact
1242 {"a": "aaab", "b": "babc", "c": "aab"} m=1 gates+2 gates-2 polys=1462 infeasible-exact
1243 {"a": "aaab", "b": "bbac", "c": "aab"} m=1 gates+2 gates-2 polys=3841 infeasible-exact
1244 {"a": "aaab", "b": "bbca", "c": "aab"} m=1 gates+2 gates-2 polys=2525 infeasible-exact
1245 {"a": "aaab", "b": "bcaa", "c": "bca"} m=1 gates+2 gates-2 polys=1551 infeasible-exact
1246 {"a": "aaab", "b": "bcba", "c": "aab"} m=1 gates+2 gates-2 polys=2767 infeasible-exact
1247 {"a": "aaab", "b": "caba", "c": "cab"} m=1 gates+2 gates-2 polys=2001 infeasible-exact
1248 {"a": "aaab", "b": "cbaa", "c": "cba"} m=1 gates+2 gates-2 polys=3190 infeasible-exact
1249 {"a": "aaac", "b": "aac", "c": "cacb"} m=1 gates+2 gates-2 polys=1462 infeasible-exact
1250 {"a": "aaac", "b": "aac", "c": "cbca"} m=1 gates+2 gates-2 polys=2767 infeasible-exact
1251 {"a": "aaac", "b": "aac", "c": "ccab"} m=1 gates+2 gates-2 polys=3841 infeasible-exact
1252 {"a": "aaac", "b": "aac", "c": "ccba"} m=1 gates+2 gates-2 polys=2525 infeasible-exact
1253 {"a": "aaac", "b": "acb", "c": "acba"} m=1 gates+1 gates-3 polys=330 infeasible-exact
1254 {"a": "aaac", "b": "bac", "c": "baca"} m=1 gates+2 gates-2 polys=2001 infeasible-exact
1255 {"a": "aaac", "b": "bca", "c": "abca"} m=1 gates+2 gates-2 polys=1531 infeasible-exact
1256 {"a": "aaac", "b": "bca", "c": "bcaa"} m=1 gates+2 gates-2 polys=3190 infeasible-exact
1257 {"a": "aaac", "b": "cba", "c": "cbaa"} m=1 gates+2 gates-2 polys=1551 infeasible-exact
1258 {"a": "aaba", "b": "abbc", "c": "aab"} m=1 gates+1 gates-3 polys=320 infeasible-exact
1259 {"a": "aaba", "b": "acab", "c": "cab"} m=1 gates+2 gates-2 polys=932 infeasible-exact
1260 {"a": "aaba", "b": "baca", "c": "bac"} m=1 gates+2 gates-2 polys=1348 infeasible-exact
1261 {"a": "aaba", "b": "bacb", "c": "aab"} m=1 gates+2 gates-2 polys=2622 infeasible-exact
1262 {"a": "aaba", "b": "bacb", "c": "aba"} m=1 gates+2 gates-2 polys=1255 infeasible-exact
1263 {"a": "aaba", "b": "bcab", "c": "aab"} m=1 gates+2 gates-2 polys=3158 infeasible-exact
1264 {"a": "aaba", "b": "bcab", "c": "aba"} m=1 gates+2 gates-2 polys=1945 infeasible-exact
1265 {"a": "aabc", "b": "cca", "c": "ccca"} m=1 gates+2 gates-2 polys=2525 infeasible-exact
1266 {"a": "aabc", "b": "bbba", "c": "bba"} m=1 gates+2 gates-2 polys=3841 infeasible-exact
1267 {"a": "aaca", "b": "aac", "c": "accb"} m=1 gates+1 gates-3 polys=320 infeasible-exact
1268 {"a": "aaca", "b": "aac", "c": "cabc"} m=1 gates+2 gates-2 polys=2622 infeasible-exact
1269 {"a": "aaca", "b": "aac", "c": "cbac"} m=1 gates+2 gates-2 polys=3158 infeasible-exact
1270 {"a": "aaca", "b": "aca", "c": "cabc"} m=1 gates+2 gates-2 polys=1255 infeasible-exact
1271 {"a": "aaca", "b": "aca", "c": "cbac"} m=1 gates+2 gates-2 polys=1945 infeasible-exact
1272 {"a": "aaca", "b": "bac", "c": "abac"} m=1 gates+2 gates-2 polys=932 infeasible-exact
1273 {"a": "aaca", "b": "cab", "c": "caba"} m=1 gates+2 gates-2 polys=1348 infeasible-exact
1274 {"a": "aacb", "b": "cca", "c": "ccca"} m=1 gates+2 gates-2 polys=3841 infeasible-exact
1275 {"a": "aacb", "b": "bbba", "c": "bba"} m=1 gates+2 gates-2 polys=2525 infeasible-exact
1276 {"a": "abaa", "b": "acab", "c": "cab"} m=1 gates+2 gates-2 polys=1348 infeasible-exact
1277 {"a": "abaa", "b": "baca", "c": "bac"} m=1 gates+2 gates-2 polys=932 infeasible-exact
1278 {"a": "abaa", "b": "bacb", "c": "aba"} m=1 gates+2 gates-2 polys=1945 infeasible-exact
1279 {"a": "abaa", "b": "bacb", "c": "baa"} m=1 gates+2 gates-2 polys=3158 infeasible-exact
1280 {"a": "abaa", "b": "bcab", "c": "aba"} m=1 gates+2 gates-2 polys=1255 infeasible-exact
1281 {"a": "abaa", "b": "bcab", "c": "baa"} m=1 gates+2 gates-2 polys=2622 infeasible-exact
1282 {"a": "abaa", "b": "cbba", "c": "baa"} m=1 gates+3 gates-1 polys=320 infeasible-exact
1283 {"a": "abac", "b": "cca", "c": "ccca"} m=1 gates+2 gates-2 polys=2767 infeasible-exact
1284 {"a": "abac", "b": "bbba", "c": "bba"} m=1 gates+2 gates-2 polys=1462 infeasible-exact
1285 {"a": "abca", "b": "acc", "c": "cacc"} m=1 gates+2 gates-2 polys=2622 infeasible-exact
1286 {"a": "abca", "b": "cac", "c": "cacc"} m=1 gates+2 gates-2 polys=1255 infeasible-exact
1287 {"a": "abca", "b": "cac", "c": "ccac"} m=1 gates+2 gates-2 polys=1945 infeasible-exact
1288 {"a": "abca", "b": "cca", "c": "ccac"} m=1 gates+2 gates-2 polys=3158 infeasible-exact
1289 {"a": "abca", "b": "babb", "c": "abb"} m=1 gates+2 gates-2 polys=3158 infeasible-exact
1290 {"a": "abca", "b": "babb", "c": "bab"} m=1 gates+2 gates-2 polys=1945 infeasible-exact
1291 {"a": "abca", "b": "bbab", "c": "bab"} m=1 gates+2 gates-2 polys=1255 infeasible-exact
1292 {"a": "abca", "b": "bbab", "c": "bba"} m=1 gates+2 gates-2 polys=2622 infeasible-exact
1293 {"a": "abcb", "b": "babb", "c": "abc"} m=1 gates+2 gates-2 polys=932 infeasible-exact
1294 {"a": "abcb", "b": "bbab", "c": "abc"} m=1 gates+2 gates-2 polys=1348 infeasible-exact
1295 {"a": "abcc", "b": "abc", "c": "ccca"} m=1 gates+2 gates-2 polys=1551 infeasible-exact
1296 {"a": "acaa", "b": "aca", "c": "cabc"} m=1 gates+2 gates-2 polys=1945 infeasible-exact
1297 {"a": "acaa", "b": "aca", "c": "cbac"} m=1 gates+2 gates-2 polys=1255 infeasible-exact
1298 {"a": "acaa", "b": "bac", "c": "abac"} m=1 gates+2 gates-2 polys=1348 infeasible-exact
1299 {"a": "acaa", "b": "caa", "c": "bcca"} m=1 gates+3 gates-1 polys=320 infeasible-exact
stats m=1 [1200,1300) {"infeasible-exact": 100} time 102.1
1300 {"a": "acaa", "b": "caa", "c": "cabc"} m=1 gates+2 gates-2 polys=3158 infeasible-exact
1301 {"a": "acaa", "b": "caa", "c": "cbac"} m=1 gates+2 gates-2 polys=2622 infeasible-exact
1302 {"a": "acaa", "b": "cab", "c": "caba"} m=1 gates+2 gates-2 polys=932 infeasible-exact
1303 {"a": "acab", "b": "cca", "c": "ccca"} m=1 gates+2 gates-2 polys=1462 infeasible-exact
1304 {"a": "acab", "b": "bbba", "c": "bba"} m=1 gates+2 gates-2 polys=2767 infeasible-exact
1305 {"a": "acba", "b": "acc", "c": "cacc"} m=1 gates+2 gates-2 polys=3158 infeasible-exact
1306 {"a": "acba", "b": "cac", "c": "cacc"} m=1 gates+2 gates-2 polys=1945 infeasible-exact
1307 {"a": "acba", "b": "cac", "c": "ccac"} m=1 gates+2 gates-2 polys=1255 infeasible-exact
1308 {"a": "acba", "b": "cca", "c": "ccac"} m=1 gates+2 gates-2 polys=2622 infeasible-exact
1309 {"a": "acba", "b": "babb", "c": "abb"} m=1 gates+2 gates-2 polys=2622 infeasible-exact
1310 {"a": "acba", "b": "babb", "c": "bab"} m=1 gates+2 gates-2 polys=1255 infeasible-exact
1311 {"a": "acba", "b": "bbab", "c": "bab"} m=1 gates+2 gates-2 polys=1945 infeasible-exact
1312 {"a": "acba", "b": "bbab", "c": "bba"} m=1 gates+2 gates-2 polys=3158 infeasible-exact
1313 {"a": "acbb", "b": "bbba", "c": "acb"} m=1 gates+2 gates-2 polys=1551 infeasible-exact
1314 {"a": "acbc", "b": "acb", "c": "cacc"} m=1 gates+2 gates-2 polys=932 infeasible-exact
1315 {"a": "acbc", "b": "acb", "c": "ccac"} m=1 gates+2 gates-2 polys=1348 infeasible-exact
1316 {"a": "baaa", "b": "aabc", "c": "abc"} m=1 gates+2 gates-2 polys=3190 infeasible-exact
1317 {"a": "baaa", "b": "aacb", "c": "acb"} m=1 gates+2 gates-2 polys=1551 infeasible-exact
1318 {"a": "baaa", "b": "abac", "c": "bac"} m=1 gates+2 gates-2 polys=2001 infeasible-exact
1319 {"a": "baaa", "b": "abca", "c": "abc"} m=1 gates+2 gates-2 polys=1531 infeasible-exact
1320 {"a": "baaa", "b": "abcb", "c": "baa"} m=1 gates+2 gates-2 polys=2767 infeasible-exact
1321 {"a": "baaa", "b": "acba", "c": "cba"} m=1 gates+3 gates-1 polys=330 infeasible-exact
1322 {"a": "baaa", "b": "acbb", "c": "baa"} m=1 gates+2 gates-2 polys=2525 infeasible-exact
1323 {"a": "baaa", "b": "cabb", "c": "baa"} m=1 gates+2 gates-2 polys=3841 infeasible-exact
1324 {"a": "baaa", "b": "cbab", "c": "baa"} m=1 gates+2 gates-2 polys=1462 infeasible-exact
1325 {"a": "baac", "b": "acc", "c": "cacc"} m=1 gates+3 gates-1 polys=320 infeasible-exact
1326 {"a": "baac", "b": "bbab", "c": "bba"} m=1 gates+1 gates-3 polys=320 infeasible-exact
1327 {"a": "babc", "b": "abbb", "c": "abc"} m=1 gates+2 gates-2 polys=2001 infeasible-exact
1328 {"a": "baca", "b": "acc", "c": "accc"} m=1 gates+2 gates-2 polys=1462 infeasible-exact
1329 {"a": "baca", "b": "abbb", "c": "abb"} m=1 gates+2 gates-2 polys=2767 infeasible-exact
1330 {"a": "bacb", "b": "abbb", "c": "bac"} m=1 gates+2 gates-2 polys=1531 infeasible-exact
1331 {"a": "bacb", "b": "bbba", "c": "bac"} m=1 gates+1 gates-3 polys=330 infeasible-exact
1332 {"a": "bacc", "b": "bac", "c": "ccca"} m=1 gates+2 gates-2 polys=3190 infeasible-exact
1333 {"a": "bbac", "b": "abbb", "c": "bac"} m=1 gates+2 gates-2 polys=3190 infeasible-exact
1334 {"a": "bbca", "b": "abbb", "c": "bca"} m=1 gates+2 gates-2 polys=1551 infeasible-exact
1335 {"a": "bcaa", "b": "acc", "c": "accc"} m=1 gates+2 gates-2 polys=3841 infeasible-exact
1336 {"a": "bcaa", "b": "abbb", "c": "abb"} m=1 gates+2 gates-2 polys=2525 infeasible-exact
1337 {"a": "bcab", "b": "abbb", "c": "cab"} m=1 gates+3 gates-1 polys=330 infeasible-exact
1338 {"a": "bcab", "b": "bbba", "c": "cab"} m=1 gates+2 gates-2 polys=1531 infeasible-exact
1339 {"a": "bcac", "b": "bca", "c": "ccca"} m=1 gates+2 gates-2 polys=2001 infeasible-exact
1340 {"a": "bcba", "b": "babb", "c": "cba"} m=1 gates+2 gates-2 polys=1348 infeasible-exact
1341 {"a": "bcba", "b": "bbab", "c": "cba"} m=1 gates+2 gates-2 polys=932 infeasible-exact
1342 {"a": "caaa", "b": "abc", "c": "aabc"} m=1 gates+2 gates-2 polys=1551 infeasible-exact
1343 {"a": "caaa", "b": "acb", "c": "aacb"} m=1 gates+2 gates-2 polys=3190 infeasible-exact
1344 {"a": "caaa", "b": "acb", "c": "acba"} m=1 gates+2 gates-2 polys=1531 infeasible-exact
1345 {"a": "caaa", "b": "bca", "c": "abca"} m=1 gates+3 gates-1 polys=330 infeasible-exact
1346 {"a": "caaa", "b": "caa", "c": "abcc"} m=1 gates+2 gates-2 polys=2525 infeasible-exact
1347 {"a": "caaa", "b": "caa", "c": "acbc"} m=1 gates+2 gates-2 polys=2767 infeasible-exact
1348 {"a": "caaa", "b": "caa", "c": "bacc"} m=1 gates+2 gates-2 polys=3841 infeasible-exact
1349 {"a": "caaa", "b": "caa", "c": "bcac"} m=1 gates+2 gates-2 polys=1462 infeasible-exact
1350 {"a": "caaa", "b": "cab", "c": "acab"} m=1 gates+2 gates-2 polys=2001 infeasible-exact
1351 {"a": "caab", "b": "cca", "c": "ccac"} m=1 gates+1 gates-3 polys=320 infeasible-exact
1352 {"a": "caab", "b": "babb", "c": "abb"} m=1 gates+3 gates-1 polys=320 infeasible-exact
1353 {"a": "caba", "b": "acc", "c": "accc"} m=1 gates+2 gates-2 polys=2767 infeasible-exact
1354 {"a": "caba", "b": "abbb", "c": "abb"} m=1 gates+2 gates-2 polys=1462 infeasible-exact
1355 {"a": "cabb", "b": "bbba", "c": "cab"} m=1 gates+2 gates-2 polys=3190 infeasible-exact
1356 {"a": "cabc", "b": "cab", "c": "accc"} m=1 gates+2 gates-2 polys=1531 infeasible-exact
1357 {"a": "cabc", "b": "cab", "c": "ccca"} m=1 gates+1 gates-3 polys=330 infeasible-exact
1358 {"a": "cacb", "b": "acb", "c": "accc"} m=1 gates+2 gates-2 polys=2001 infeasible-exact
1359 {"a": "cbaa", "b": "acc", "c": "accc"} m=1 gates+2 gates-2 polys=2525 infeasible-exact
1360 {"a": "cbaa", "b": "abbb", "c": "abb"} m=1 gates+2 gates-2 polys=3841 infeasible-exact
1361 {"a": "cbab", "b": "bbba", "c": "cba"} m=1 gates+2 gates-2 polys=2001 infeasible-exact
1362 {"a": "cbac", "b": "bac", "c": "accc"} m=1 gates+3 gates-1 polys=330 infeasible-exact
1363 {"a": "cbac", "b": "bac", "c": "ccca"} m=1 gates+2 gates-2 polys=1531 infeasible-exact
1364 {"a": "cbca", "b": "bca", "c": "cacc"} m=1 gates+2 gates-2 polys=1348 infeasible-exact
1365 {"a": "cbca", "b": "bca", "c": "ccac"} m=1 gates+2 gates-2 polys=932 infeasible-exact
1366 {"a": "ccab", "b": "cab", "c": "accc"} m=1 gates+2 gates-2 polys=3190 infeasible-exact
1367 {"a": "ccba", "b": "cba", "c": "accc"} m=1 gates+2 gates-2 polys=1551 infeasible-exact
1368 {"a": "bbc", "b": "accc", "c": "bbcb"} m=1 gates+2 gates-2 polys=3497 infeasible-exact
1369 {"a": "bbc", "b": "cacc", "c": "bbcb"} m=1 gates+2 gates-2 polys=3446 infeasible-exact
1370 {"a": "bbc", "b": "ccac", "c": "bbcb"} m=1 gates+2 gates-2 polys=5954 infeasible-exact
1371 {"a": "bcb", "b": "accc", "c": "bbcb"} m=1 gates+2 gates-2 polys=2572 infeasible-exact
1372 {"a": "bcb", "b": "accc", "c": "bcbb"} m=1 gates+2 gates-2 polys=3472 infeasible-exact
1373 {"a": "bcb", "b": "cacc", "c": "bbcb"} m=1 gates+2 gates-2 polys=2732 infeasible-exact
1374 {"a": "bcb", "b": "cacc", "c": "bcbb"} m=1 gates+2 gates-2 polys=3188 infeasible-exact
1375 {"a": "bcb", "b": "ccac", "c": "bbcb"} m=1 gates+2 gates-2 polys=3188 infeasible-exact
1376 {"a": "bcb", "b": "ccac", "c": "bcbb"} m=1 gates+2 gates-2 polys=2732 infeasible-exact
1377 {"a": "bcb", "b": "ccca", "c": "bbcb"} m=1 gates+2 gates-2 polys=3472 infeasible-exact
1378 {"a": "bcb", "b": "ccca", "c": "bcbb"} m=1 gates+2 gates-2 polys=2572 infeasible-exact
1379 {"a": "bcc", "b": "cbcc", "c": "babb"} m=1 gates+2 gates-2 polys=5954 infeasible-exact
1380 {"a": "bcc", "b": "cbcc", "c": "bbab"} m=1 gates+2 gates-2 polys=3446 infeasible-exact
1381 {"a": "bcc", "b": "cbcc", "c": "bbba"} m=1 gates+2 gates-2 polys=3497 infeasible-exact
1382 {"a": "cbb", "b": "cacc", "c": "bcbb"} m=1 gates+2 gates-2 polys=5954 infeasible-exact
1383 {"a": "cbb", "b": "ccac", "c": "bcbb"} m=1 gates+2 gates-2 polys=3446 infeasible-exact
1384 {"a": "cbb", "b": "ccca", "c": "bcbb"} m=1 gates+2 gates-2 polys=3497 infeasible-exact
1385 {"a": "cbc", "b": "cbcc", "c": "abbb"} m=1 gates+2 gates-2 polys=3472 infeasible-exact
1386 {"a": "cbc", "b": "cbcc", "c": "babb"} m=1 gates+2 gates-2 polys=3188 infeasible-exact
1387 {"a": "cbc", "b": "cbcc", "c": "bbab"} m=1 gates+2 gates-2 polys=2732 infeasible-exact
1388 {"a": "cbc", "b": "cbcc", "c": "bbba"} m=1 gates+2 gates-2 polys=2572 infeasible-exact
1389 {"a": "cbc", "b": "ccbc", "c": "abbb"} m=1 gates+2 gates-2 polys=2572 infeasible-exact
1390 {"a": "cbc", "b": "ccbc", "c": "babb"} m=1 gates+2 gates-2 polys=2732 infeasible-exact
1391 {"a": "cbc", "b": "ccbc", "c": "bbab"} m=1 gates+2 gates-2 polys=3188 infeasible-exact
1392 {"a": "cbc", "b": "ccbc", "c": "bbba"} m=1 gates+2 gates-2 polys=3472 infeasible-exact
1393 {"a": "ccb", "b": "ccbc", "c": "abbb"} m=1 gates+2 gates-2 polys=3497 infeasible-exact
1394 {"a": "ccb", "b": "ccbc", "c": "babb"} m=1 gates+2 gates-2 polys=3446 infeasible-exact
1395 {"a": "ccb", "b": "ccbc", "c": "bbab"} m=1 gates+2 gates-2 polys=5954 infeasible-exact
1396 {"a": "babb", "b": "aaac", "c": "abb"} m=1 gates+2 gates-2 polys=3497 infeasible-exact
1397 {"a": "babb", "b": "aaac", "c": "bab"} m=1 gates+2 gates-2 polys=2572 infeasible-exact
1398 {"a": "babb", "b": "aaca", "c": "abb"} m=1 gates+2 gates-2 polys=3446 infeasible-exact
1399 {"a": "babb", "b": "aaca", "c": "bab"} m=1 gates+2 gates-2 polys=2732 infeasible-exact
stats m=1 [1300,1400) {"infeasible-exact": 100} time 154.8
1400 {"a": "babb", "b": "acaa", "c": "abb"} m=1 gates+2 gates-2 polys=5954 infeasible-exact
1401 {"a": "babb", "b": "acaa", "c": "bab"} m=1 gates+2 gates-2 polys=3188 infeasible-exact
1402 {"a": "babb", "b": "caaa", "c": "bab"} m=1 gates+2 gates-2 polys=3472 infeasible-exact
1403 {"a": "bbab", "b": "aaac", "c": "bab"} m=1 gates+2 gates-2 polys=3472 infeasible-exact
1404 {"a": "bbab", "b": "aaca", "c": "bab"} m=1 gates+2 gates-2 polys=3188 infeasible-exact
1405 {"a": "bbab", "b": "aaca", "c": "bba"} m=1 gates+2 gates-2 polys=5954 infeasible-exact
1406 {"a": "bbab", "b": "acaa", "c": "bab"} m=1 gates+2 gates-2 polys=2732 infeasible-exact
1407 {"a": "bbab", "b": "acaa", "c": "bba"} m=1 gates+2 gates-2 polys=3446 infeasible-exact
1408 {"a": "bbab", "b": "caaa", "c": "bab"} m=1 gates+2 gates-2 polys=2572 infeasible-exact
1409 {"a": "bbab", "b": "caaa", "c": "bba"} m=1 gates+2 gates-2 polys=3497 infeasible-exact
1410 {"a": "bbbc", "b": "aaba", "c": "aba"} m=1 gates+2 gates-2 polys=3472 infeasible-exact
1411 {"a": "bbbc", "b": "abaa", "c": "aba"} m=1 gates+2 gates-2 polys=2572 infeasible-exact
1412 {"a": "bbbc", "b": "abaa", "c": "baa"} m=1 gates+2 gates-2 polys=3497 infeasible-exact
1413 {"a": "bbcb", "b": "aaba", "c": "aab"} m=1 gates+2 gates-2 polys=5954 infeasible-exact
1414 {"a": "bbcb", "b": "aaba", "c": "aba"} m=1 gates+2 gates-2 polys=3188 infeasible-exact
1415 {"a": "bbcb", "b": "abaa", "c": "aba"} m=1 gates+2 gates-2 polys=2732 infeasible-exact
1416 {"a": "bbcb", "b": "abaa", "c": "baa"} m=1 gates+2 gates-2 polys=3446 infeasible-exact
1417 {"a": "bcbb", "b": "aaba", "c": "aab"} m=1 gates+2 gates-2 polys=3446 infeasible-exact
1418 {"a": "bcbb", "b": "aaba", "c": "aba"} m=1 gates+2 gates-2 polys=2732 infeasible-exact
1419 {"a": "bcbb", "b": "abaa", "c": "aba"} m=1 gates+2 gates-2 polys=3188 infeasible-exact
1420 {"a": "bcbb", "b": "abaa", "c": "baa"} m=1 gates+2 gates-2 polys=5954 infeasible-exact
1421 {"a": "bccc", "b": "aac", "c": "aaca"} m=1 gates+2 gates-2 polys=3497 infeasible-exact
1422 {"a": "bccc", "b": "aca", "c": "aaca"} m=1 gates+2 gates-2 polys=2572 infeasible-exact
1423 {"a": "bccc", "b": "aca", "c": "acaa"} m=1 gates+2 gates-2 polys=3472 infeasible-exact
1424 {"a": "cacc", "b": "acc", "c": "aaab"} m=1 gates+2 gates-2 polys=3497 infeasible-exact
1425 {"a": "cacc", "b": "acc", "c": "aaba"} m=1 gates+2 gates-2 polys=3446 infeasible-exact
1426 {"a": "cacc", "b": "acc", "c": "abaa"} m=1 gates+2 gates-2 polys=5954 infeasible-exact
1427 {"a": "cacc", "b": "cac", "c": "aaab"} m=1 gates+2 gates-2 polys=2572 infeasible-exact
1428 {"a": "cacc", "b": "cac", "c": "aaba"} m=1 gates+2 gates-2 polys=2732 infeasible-exact
1429 {"a": "cacc", "b": "cac", "c": "abaa"} m=1 gates+2 gates-2 polys=3188 infeasible-exact
1430 {"a": "cacc", "b": "cac", "c": "baaa"} m=1 gates+2 gates-2 polys=3472 infeasible-exact
1431 {"a": "cbbb", "b": "aaba", "c": "aab"} m=1 gates+2 gates-2 polys=3497 infeasible-exact
1432 {"a": "cbbb", "b": "aaba", "c": "aba"} m=1 gates+2 gates-2 polys=2572 infeasible-exact
1433 {"a": "cbbb", "b": "abaa", "c": "aba"} m=1 gates+2 gates-2 polys=3472 infeasible-exact
1434 {"a": "cbcc", "b": "aac", "c": "aaca"} m=1 gates+2 gates-2 polys=3446 infeasible-exact
1435 {"a": "cbcc", "b": "aca", "c": "aaca"} m=1 gates+2 gates-2 polys=2732 infeasible-exact
1436 {"a": "cbcc", "b": "aca", "c": "acaa"} m=1 gates+2 gates-2 polys=3188 infeasible-exact
1437 {"a": "cbcc", "b": "caa", "c": "acaa"} m=1 gates+2 gates-2 polys=5954 infeasible-exact
1438 {"a": "ccac", "b": "cac", "c": "aaab"} m=1 gates+2 gates-2 polys=3472 infeasible-exact
1439 {"a": "ccac", "b": "cac", "c": "aaba"} m=1 gates+2 gates-2 polys=3188 infeasible-exact
1440 {"a": "ccac", "b": "cac", "c": "abaa"} m=1 gates+2 gates-2 polys=2732 infeasible-exact
1441 {"a": "ccac", "b": "cac", "c": "baaa"} m=1 gates+2 gates-2 polys=2572 infeasible-exact
1442 {"a": "ccac", "b": "cca", "c": "aaba"} m=1 gates+2 gates-2 polys=5954 infeasible-exact
1443 {"a": "ccac", "b": "cca", "c": "abaa"} m=1 gates+2 gates-2 polys=3446 infeasible-exact
1444 {"a": "ccac", "b": "cca", "c": "baaa"} m=1 gates+2 gates-2 polys=3497 infeasible-exact
1445 {"a": "ccbc", "b": "aac", "c": "aaca"} m=1 gates+2 gates-2 polys=5954 infeasible-exact
1446 {"a": "ccbc", "b": "aca", "c": "aaca"} m=1 gates+2 gates-2 polys=3188 infeasible-exact
1447 {"a": "ccbc", "b": "aca", "c": "acaa"} m=1 gates+2 gates-2 polys=2732 infeasible-exact
1448 {"a": "ccbc", "b": "caa", "c": "acaa"} m=1 gates+2 gates-2 polys=3446 infeasible-exact
1449 {"a": "cccb", "b": "aca", "c": "aaca"} m=1 gates+2 gates-2 polys=3472 infeasible-exact
1450 {"a": "cccb", "b": "aca", "c": "acaa"} m=1 gates+2 gates-2 polys=2572 infeasible-exact
1451 {"a": "cccb", "b": "caa", "c": "acaa"} m=1 gates+2 gates-2 polys=3497 infeasible-exact
1452 {"a": "bbc", "b": "abcc", "c": "bbcb"} m=1 gates+2 gates-2 polys=3093 infeasible-exact
1453 {"a": "bbc", "b": "acbc", "c": "bbcb"} m=1 gates+2 gates-2 polys=2702 infeasible-exact
1454 {"a": "bbc", "b": "accb", "c": "bbbc"} m=1 gates+2 gates-2 polys=5687 infeasible-exact
1455 {"a": "bbc", "b": "bcca", "c": "bbcb"} m=1 gates+1 gates-3 polys=320 infeasible-exact
1456 {"a": "bbc", "b": "cabc", "c": "bbcb"} m=1 gates+2 gates-2 polys=3382 infeasible-exact
1457 {"a": "bbc", "b": "cacb", "c": "bbbc"} m=1 gates+2 gates-2 polys=3889 infeasible-exact
1458 {"a": "bbc", "b": "cbac", "c": "bbcb"} m=1 gates+2 gates-2 polys=2203 infeasible-exact
1459 {"a": "bbc", "b": "ccab", "c": "bbbc"} m=1 gates+2 gates-2 polys=4457 infeasible-exact
1460 {"a": "bcb", "b": "abcc", "c": "bbcb"} m=1 gates+2 gates-2 polys=2381 infeasible-exact
1461 {"a": "bcb", "b": "abcc", "c": "bcbb"} m=1 gates+2 gates-2 polys=3887 infeasible-exact
1462 {"a": "bcb", "b": "acbc", "c": "bbcb"} m=1 gates+2 gates-2 polys=2727 infeasible-exact
1463 {"a": "bcb", "b": "acbc", "c": "bcbb"} m=1 gates+2 gates-2 polys=1800 infeasible-exact
1464 {"a": "bcb", "b": "cabc", "c": "bbcb"} m=1 gates+2 gates-2 polys=2636 infeasible-exact
1465 {"a": "bcb", "b": "cabc", "c": "bcbb"} m=1 gates+2 gates-2 polys=1541 infeasible-exact
1466 {"a": "bcb", "b": "cbac", "c": "bbcb"} m=1 gates+2 gates-2 polys=1541 infeasible-exact
1467 {"a": "bcb", "b": "cbac", "c": "bcbb"} m=1 gates+2 gates-2 polys=2636 infeasible-exact
1468 {"a": "bcb", "b": "cbca", "c": "bbcb"} m=1 gates+2 gates-2 polys=1800 infeasible-exact
1469 {"a": "bcb", "b": "cbca", "c": "bcbb"} m=1 gates+2 gates-2 polys=2727 infeasible-exact
1470 {"a": "bcb", "b": "ccba", "c": "bbcb"} m=1 gates+2 gates-2 polys=3887 infeasible-exact
1471 {"a": "bcb", "b": "ccba", "c": "bcbb"} m=1 gates+2 gates-2 polys=2381 infeasible-exact
1472 {"a": "bcc", "b": "bccc", "c": "cabb"} m=1 gates+2 gates-2 polys=4457 infeasible-exact
1473 {"a": "bcc", "b": "bccc", "c": "cbab"} m=1 gates+2 gates-2 polys=3889 infeasible-exact
1474 {"a": "bcc", "b": "bccc", "c": "cbba"} m=1 gates+2 gates-2 polys=5687 infeasible-exact
1475 {"a": "bcc", "b": "cbcc", "c": "abbc"} m=1 gates+3 gates-1 polys=320 infeasible-exact
1476 {"a": "bcc", "b": "cbcc", "c": "bacb"} m=1 gates+2 gates-2 polys=2203 infeasible-exact
1477 {"a": "bcc", "b": "cbcc", "c": "bbca"} m=1 gates+2 gates-2 polys=3093 infeasible-exact
1478 {"a": "bcc", "b": "cbcc", "c": "bcab"} m=1 gates+2 gates-2 polys=3382 infeasible-exact
1479 {"a": "bcc", "b": "cbcc", "c": "bcba"} m=1 gates+2 gates-2 polys=2702 infeasible-exact
1480 {"a": "cbb", "b": "accb", "c": "bcbb"} m=1 gates+3 gates-1 polys=320 infeasible-exact
1481 {"a": "cbb", "b": "bacc", "c": "cbbb"} m=1 gates+2 gates-2 polys=4457 infeasible-exact
1482 {"a": "cbb", "b": "bcac", "c": "cbbb"} m=1 gates+2 gates-2 polys=3889 infeasible-exact
1483 {"a": "cbb", "b": "bcca", "c": "cbbb"} m=1 gates+2 gates-2 polys=5687 infeasible-exact
1484 {"a": "cbb", "b": "cabc", "c": "bcbb"} m=1 gates+2 gates-2 polys=2203 infeasible-exact
1485 {"a": "cbb", "b": "cbac", "c": "bcbb"} m=1 gates+2 gates-2 polys=3382 infeasible-exact
1486 {"a": "cbb", "b": "cbca", "c": "bcbb"} m=1 gates+2 gates-2 polys=2702 infeasible-exact
1487 {"a": "cbb", "b": "ccba", "c": "bcbb"} m=1 gates+2 gates-2 polys=3093 infeasible-exact
1488 {"a": "cbc", "b": "cbcc", "c": "abcb"} m=1 gates+2 gates-2 polys=1800 infeasible-exact
1489 {"a": "cbc", "b": "cbcc", "c": "acbb"} m=1 gates+2 gates-2 polys=3887 infeasible-exact
1490 {"a": "cbc", "b": "cbcc", "c": "bacb"} m=1 gates+2 gates-2 polys=1541 infeasible-exact
1491 {"a": "cbc", "b": "cbcc", "c": "bbca"} m=1 gates+2 gates-2 polys=2381 infeasible-exact
1492 {"a": "cbc", "b": "cbcc", "c": "bcab"} m=1 gates+2 gates-2 polys=2636 infeasible-exact
1493 {"a": "cbc", "b": "cbcc", "c": "bcba"} m=1 gates+2 gates-2 polys=2727 infeasible-exact
1494 {"a": "cbc", "b": "ccbc", "c": "abcb"} m=1 gates+2 gates-2 polys=2727 infeasible-exact
1495 {"a": "cbc", "b": "ccbc", "c": "acbb"} m=1 gates+2 gates-2 polys=2381 infeasible-exact
1496 {"a": "cbc", "b": "ccbc", "c": "bacb"} m=1 gates+2 gates-2 polys=2636 infeasible-exact
1497 {"a": "cbc", "b": "ccbc", "c": "bbca"} m=1 gates+2 gates-2 polys=3887 infeasible-exact
1498 {"a": "cbc", "b": "ccbc", "c": "bcab"} m=1 gates+2 gates-2 polys=1541 infeasible-exact
1499 {"a": "cbc", "b": "ccbc", "c": "bcba"} m=1 gates+2 gates-2 polys=1800 infeasible-exact
stats m=1 [1400,1500) {"infeasible-exact": 100} time 236.2
1500 {"a": "ccb", "b": "ccbc", "c": "abcb"} m=1 gates+2 gates-2 polys=2702 infeasible-exact
1501 {"a": "ccb", "b": "ccbc", "c": "acbb"} m=1 gates+2 gates-2 polys=3093 infeasible-exact
1502 {"a": "ccb", "b": "ccbc", "c": "bacb"} m=1 gates+2 gates-2 polys=3382 infeasible-exact
1503 {"a": "ccb", "b": "ccbc", "c": "bcab"} m=1 gates+2 gates-2 polys=2203 infeasible-exact
1504 {"a": "ccb", "b": "ccbc", "c": "cbba"} m=1 gates+1 gates-3 polys=320 infeasible-exact
1505 {"a": "ccb", "b": "cccb", "c": "abbc"} m=1 gates+2 gates-2 polys=5687 infeasible-exact
1506 {"a": "ccb", "b": "cccb", "c": "babc"} m=1 gates+2 gates-2 polys=3889 infeasible-exact
1507 {"a": "ccb", "b": "cccb", "c": "bbac"} m=1 gates+2 gates-2 polys=4457 infeasible-exact
1508 {"a": "abbb", "b": "baac", "c": "abb"} m=1 gates+2 gates-2 polys=5687 infeasible-exact
1509 {"a": "abbb", "b": "baca", "c": "abb"} m=1 gates+2 gates-2 polys=3889 infeasible-exact
1510 {"a": "abbb", "b": "bcaa", "c": "abb"} m=1 gates+2 gates-2 polys=4457 infeasible-exact
1511 {"a": "abbc", "b": "aaba", "c": "aab"} m=1 gates+1 gates-3 polys=320 infeasible-exact
1512 {"a": "abbc", "b": "baaa", "c": "baa"} m=1 gates+2 gates-2 polys=5687 infeasible-exact
1513 {"a": "abcb", "b": "baaa", "c": "baa"} m=1 gates+2 gates-2 polys=3889 infeasible-exact
1514 {"a": "abcc", "b": "caa", "c": "caaa"} m=1 gates+2 gates-2 polys=4457 infeasible-exact
1515 {"a": "acbb", "b": "baaa", "c": "baa"} m=1 gates+2 gates-2 polys=4457 infeasible-exact
1516 {"a": "acbc", "b": "caa", "c": "caaa"} m=1 gates+2 gates-2 polys=3889 infeasible-exact
1517 {"a": "accb", "b": "aac", "c": "aaca"} m=1 gates+1 gates-3 polys=320 infeasible-exact
1518 {"a": "accb", "b": "caa", "c": "caaa"} m=1 gates+2 gates-2 polys=5687 infeasible-exact
1519 {"a": "accc", "b": "acc", "c": "caab"} m=1 gates+2 gates-2 polys=5687 infeasible-exact
1520 {"a": "accc", "b": "acc", "c": "caba"} m=1 gates+2 gates-2 polys=3889 infeasible-exact
1521 {"a": "accc", "b": "acc", "c": "cbaa"} m=1 gates+2 gates-2 polys=4457 infeasible-exact
1522 {"a": "babb", "b": "aabc", "c": "abb"} m=1 gates+2 gates-2 polys=3093 infeasible-exact
1523 {"a": "babb", "b": "aabc", "c": "bab"} m=1 gates+2 gates-2 polys=2381 infeasible-exact
1524 {"a": "babb", "b": "abac", "c": "abb"} m=1 gates+2 gates-2 polys=2702 infeasible-exact
1525 {"a": "babb", "b": "abac", "c": "bab"} m=1 gates+2 gates-2 polys=2727 infeasible-exact
1526 {"a": "babb", "b": "abca", "c": "abb"} m=1 gates+2 gates-2 polys=3382 infeasible-exact
1527 {"a": "babb", "b": "abca", "c": "bab"} m=1 gates+2 gates-2 polys=2636 infeasible-exact
1528 {"a": "babb", "b": "acba", "c": "abb"} m=1 gates+2 gates-2 polys=2203 infeasible-exact
1529 {"a": "babb", "b": "acba", "c": "bab"} m=1 gates+2 gates-2 polys=1541 infeasible-exact
1530 {"a": "babb", "b": "caab", "c": "abb"} m=1 gates+3 gates-1 polys=320 infeasible-exact
1531 {"a": "babb", "b": "caba", "c": "bab"} m=1 gates+2 gates-2 polys=1800 infeasible-exact
1532 {"a": "babb", "b": "cbaa", "c": "bab"} m=1 gates+2 gates-2 polys=3887 infeasible-exact
1533 {"a": "babc", "b": "aaba", "c": "aba"} m=1 gates+2 gates-2 polys=1800 infeasible-exact
1534 {"a": "babc", "b": "abaa", "c": "aba"} m=1 gates+2 gates-2 polys=2727 infeasible-exact
1535 {"a": "babc", "b": "abaa", "c": "baa"} m=1 gates+2 gates-2 polys=2702 infeasible-exact
1536 {"a": "bacb", "b": "aaba", "c": "aab"} m=1 gates+2 gates-2 polys=2203 infeasible-exact
1537 {"a": "bacb", "b": "aaba", "c": "aba"} m=1 gates+2 gates-2 polys=1541 infeasible-exact
1538 {"a": "bacb", "b": "abaa", "c": "aba"} m=1 gates+2 gates-2 polys=2636 infeasible-exact
1539 {"a": "bacb", "b": "abaa", "c": "baa"} m=1 gates+2 gates-2 polys=3382 infeasible-exact
1540 {"a": "bacc", "b": "aac", "c": "aaca"} m=1 gates+2 gates-2 polys=3093 infeasible-exact
1541 {"a": "bacc", "b": "aca", "c": "aaca"} m=1 gates+2 gates-2 polys=2381 infeasible-exact
1542 {"a": "bacc", "b": "aca", "c": "acaa"} m=1 gates+2 gates-2 polys=3887 infeasible-exact
1543 {"a": "bbab", "b": "aabc", "c": "bab"} m=1 gates+2 gates-2 polys=3887 infeasible-exact
1544 {"a": "bbab", "b": "abac", "c": "bab"} m=1 gates+2 gates-2 polys=1800 infeasible-exact
1545 {"a": "bbab", "b": "abca", "c": "bab"} m=1 gates+2 gates-2 polys=1541 infeasible-exact
1546 {"a": "bbab", "b": "abca", "c": "bba"} m=1 gates+2 gates-2 polys=2203 infeasible-exact
1547 {"a": "bbab", "b": "acba", "c": "bab"} m=1 gates+2 gates-2 polys=2636 infeasible-exact
1548 {"a": "bbab", "b": "acba", "c": "bba"} m=1 gates+2 gates-2 polys=3382 infeasible-exact
1549 {"a": "bbab", "b": "baac", "c": "bba"} m=1 gates+1 gates-3 polys=320 infeasible-exact
1550 {"a": "bbab", "b": "caba", "c": "bab"} m=1 gates+2 gates-2 polys=2727 infeasible-exact
1551 {"a": "bbab", "b": "caba", "c": "bba"} m=1 gates+2 gates-2 polys=2702 infeasible-exact
1552 {"a": "bbab", "b": "cbaa", "c": "bab"} m=1 gates+2 gates-2 polys=2381 infeasible-exact
1553 {"a": "bbab", "b": "cbaa", "c": "bba"} m=1 gates+2 gates-2 polys=3093 infeasible-exact
1554 {"a": "bbac", "b": "aaba", "c": "aba"} m=1 gates+2 gates-2 polys=3887 infeasible-exact
1555 {"a": "bbac", "b": "abaa", "c": "aba"} m=1 gates+2 gates-2 polys=2381 infeasible-exact
1556 {"a": "bbac", "b": "abaa", "c": "baa"} m=1 gates+2 gates-2 polys=3093 infeasible-exact
1557 {"a": "bbba", "b": "aacb", "c": "bba"} m=1 gates+2 gates-2 polys=4457 infeasible-exact
1558 {"a": "bbba", "b": "acab", "c": "bba"} m=1 gates+2 gates-2 polys=3889 infeasible-exact
1559 {"a": "bbba", "b": "caab", "c": "bba"} m=1 gates+2 gates-2 polys=5687 infeasible-exact
1560 {"a": "bbca", "b": "aaab", "c": "aab"} m=1 gates+2 gates-2 polys=4457 infeasible-exact
1561 {"a": "bcab", "b": "aaba", "c": "aab"} m=1 gates+2 gates-2 polys=3382 infeasible-exact
1562 {"a": "bcab", "b": "aaba", "c": "aba"} m=1 gates+2 gates-2 polys=2636 infeasible-exact
1563 {"a": "bcab", "b": "abaa", "c": "aba"} m=1 gates+2 gates-2 polys=1541 infeasible-exact
1564 {"a": "bcab", "b": "abaa", "c": "baa"} m=1 gates+2 gates-2 polys=2203 infeasible-exact
1565 {"a": "bcac", "b": "aac", "c": "aaca"} m=1 gates+2 gates-2 polys=2702 infeasible-exact
1566 {"a": "bcac", "b": "aca", "c": "aaca"} m=1 gates+2 gates-2 polys=2727 infeasible-exact
1567 {"a": "bcac", "b": "aca", "c": "acaa"} m=1 gates+2 gates-2 polys=1800 infeasible-exact
1568 {"a": "bcba", "b": "aaab", "c": "aab"} m=1 gates+2 gates-2 polys=3889 infeasible-exact
1569 {"a": "bcca", "b": "aac", "c": "aaac"} m=1 gates+2 gates-2 polys=5687 infeasible-exact
1570 {"a": "bcca", "b": "caa", "c": "acaa"} m=1 gates+3 gates-1 polys=320 infeasible-exact
1571 {"a": "cabb", "b": "aaba", "c": "aab"} m=1 gates+2 gates-2 polys=3093 infeasible-exact
1572 {"a": "cabb", "b": "aaba", "c": "aba"} m=1 gates+2 gates-2 polys=2381 infeasible-exact
1573 {"a": "cabb", "b": "abaa", "c": "aba"} m=1 gates+2 gates-2 polys=3887 infeasible-exact
1574 {"a": "cabc", "b": "aac", "c": "aaca"} m=1 gates+2 gates-2 polys=2203 infeasible-exact
1575 {"a": "cabc", "b": "aca", "c": "aaca"} m=1 gates+2 gates-2 polys=1541 infeasible-exact
1576 {"a": "cabc", "b": "aca", "c": "acaa"} m=1 gates+2 gates-2 polys=2636 infeasible-exact
1577 {"a": "cabc", "b": "caa", "c": "acaa"} m=1 gates+2 gates-2 polys=3382 infeasible-exact
1578 {"a": "cacb", "b": "aca", "c": "aaca"} m=1 gates+2 gates-2 polys=1800 infeasible-exact
1579 {"a": "cacb", "b": "aca", "c": "acaa"} m=1 gates+2 gates-2 polys=2727 infeasible-exact
1580 {"a": "cacb", "b": "caa", "c": "acaa"} m=1 gates+2 gates-2 polys=2702 infeasible-exact
1581 {"a": "cacc", "b": "acc", "c": "aacb"} m=1 gates+2 gates-2 polys=3093 infeasible-exact
1582 {"a": "cacc", "b": "acc", "c": "abca"} m=1 gates+2 gates-2 polys=2203 infeasible-exact
1583 {"a": "cacc", "b": "acc", "c": "acab"} m=1 gates+2 gates-2 polys=2702 infeasible-exact
1584 {"a": "cacc", "b": "acc", "c": "acba"} m=1 gates+2 gates-2 polys=3382 infeasible-exact
1585 {"a": "cacc", "b": "acc", "c": "baac"} m=1 gates+3 gates-1 polys=320 infeasible-exact
1586 {"a": "cacc", "b": "cac", "c": "aacb"} m=1 gates+2 gates-2 polys=2381 infeasible-exact
1587 {"a": "cacc", "b": "cac", "c": "abca"} m=1 gates+2 gates-2 polys=1541 infeasible-exact
1588 {"a": "cacc", "b": "cac", "c": "acab"} m=1 gates+2 gates-2 polys=2727 infeasible-exact
1589 {"a": "cacc", "b": "cac", "c": "acba"} m=1 gates+2 gates-2 polys=2636 infeasible-exact
1590 {"a": "cacc", "b": "cac", "c": "baca"} m=1 gates+2 gates-2 polys=1800 infeasible-exact
1591 {"a": "cacc", "b": "cac", "c": "bcaa"} m=1 gates+2 gates-2 polys=3887 infeasible-exact
1592 {"a": "cbab", "b": "aaba", "c": "aab"} m=1 gates+2 gates-2 polys=2702 infeasible-exact
1593 {"a": "cbab", "b": "aaba", "c": "aba"} m=1 gates+2 gates-2 polys=2727 infeasible-exact
1594 {"a": "cbab", "b": "abaa", "c": "aba"} m=1 gates+2 gates-2 polys=1800 infeasible-exact
1595 {"a": "cbac", "b": "aac", "c": "aaca"} m=1 gates+2 gates-2 polys=3382 infeasible-exact
1596 {"a": "cbac", "b": "aca", "c": "aaca"} m=1 gates+2 gates-2 polys=2636 infeasible-exact
1597 {"a": "cbac", "b": "aca", "c": "acaa"} m=1 gates+2 gates-2 polys=1541 infeasible-exact
1598 {"a": "cbac", "b": "caa", "c": "acaa"} m=1 gates+2 gates-2 polys=2203 infeasible-exact
1599 {"a": "cbba", "b": "aaab", "c": "aab"} m=1 gates+2 gates-2 polys=5687 infeasible-exact
stats m=1 [1500,1600) {"infeasible-exact": 100} time 198.8
1600 {"a": "cbba", "b": "abaa", "c": "baa"} m=1 gates+3 gates-1 polys=320 infeasible-exact
1601 {"a": "cbca", "b": "aac", "c": "aaac"} m=1 gates+2 gates-2 polys=3889 infeasible-exact
1602 {"a": "ccab", "b": "aca", "c": "aaca"} m=1 gates+2 gates-2 polys=3887 infeasible-exact
1603 {"a": "ccab", "b": "aca", "c": "acaa"} m=1 gates+2 gates-2 polys=2381 infeasible-exact
1604 {"a": "ccab", "b": "caa", "c": "acaa"} m=1 gates+2 gates-2 polys=3093 infeasible-exact
1605 {"a": "ccac", "b": "cac", "c": "aacb"} m=1 gates+2 gates-2 polys=3887 infeasible-exact
1606 {"a": "ccac", "b": "cac", "c": "abca"} m=1 gates+2 gates-2 polys=2636 infeasible-exact
1607 {"a": "ccac", "b": "cac", "c": "acab"} m=1 gates+2 gates-2 polys=1800 infeasible-exact
1608 {"a": "ccac", "b": "cac", "c": "acba"} m=1 gates+2 gates-2 polys=1541 infeasible-exact
1609 {"a": "ccac", "b": "cac", "c": "baca"} m=1 gates+2 gates-2 polys=2727 infeasible-exact
1610 {"a": "ccac", "b": "cac", "c": "bcaa"} m=1 gates+2 gates-2 polys=2381 infeasible-exact
1611 {"a": "ccac", "b": "cca", "c": "abca"} m=1 gates+2 gates-2 polys=3382 infeasible-exact
1612 {"a": "ccac", "b": "cca", "c": "acba"} m=1 gates+2 gates-2 polys=2203 infeasible-exact
1613 {"a": "ccac", "b": "cca", "c": "baca"} m=1 gates+2 gates-2 polys=2702 infeasible-exact
1614 {"a": "ccac", "b": "cca", "c": "bcaa"} m=1 gates+2 gates-2 polys=3093 infeasible-exact
1615 {"a": "ccac", "b": "cca", "c": "caab"} m=1 gates+1 gates-3 polys=320 infeasible-exact
1616 {"a": "ccba", "b": "aac", "c": "aaac"} m=1 gates+2 gates-2 polys=4457 infeasible-exact
1617 {"a": "ccca", "b": "cca", "c": "aabc"} m=1 gates+2 gates-2 polys=4457 infeasible-exact
1618 {"a": "ccca", "b": "cca", "c": "abac"} m=1 gates+2 gates-2 polys=3889 infeasible-exact
1619 {"a": "ccca", "b": "cca", "c": "baac"} m=1 gates+2 gates-2 polys=5687 infeasible-exact
1620 {"a": "abb", "b": "abbc", "c": "cccb"} m=1 gates+2 gates-2 polys=2661 infeasible-exact
1621 {"a": "abb", "b": "cabb", "c": "cbcc"} m=1 gates+2 gates-2 polys=1048 infeasible-exact
1622 {"a": "abb", "b": "cabb", "c": "ccbc"} m=1 gates+2 gates-2 polys=824 infeasible-exact
1623 {"a": "acc", "b": "bbbc", "c": "accb"} m=1 gates+2 gates-2 polys=2661 infeasible-exact
1624 {"a": "acc", "b": "bbcb", "c": "bacc"} m=1 gates+2 gates-2 polys=824 infeasible-exact
1625 {"a": "acc", "b": "bcbb", "c": "bacc"} m=1 gates+2 gates-2 polys=1048 infeasible-exact
1626 {"a": "bab", "b": "babc", "c": "cccb"} m=1 gates+2 gates-2 polys=2221 infeasible-exact
1627 {"a": "bab", "b": "cbab", "c": "bccc"} m=1 gates+2 gates-2 polys=2221 infeasible-exact
1628 {"a": "bba", "b": "bbac", "c": "cbcc"} m=1 gates+2 gates-2 polys=824 infeasible-exact
1629 {"a": "bba", "b": "bbac", "c": "ccbc"} m=1 gates+2 gates-2 polys=1048 infeasible-exact
1630 {"a": "bba", "b": "cbba", "c": "bccc"} m=1 gates+2 gates-2 polys=2661 infeasible-exact
1631 {"a": "bbc", "b": "bbbc", "c": "ccca"} m=1 gates+2 gates-2 polys=3804 infeasible-exact
1632 {"a": "bbc", "b": "bbcb", "c": "cacc"} m=1 gates+2 gates-2 polys=3261 infeasible-exact
1633 {"a": "bbc", "b": "bbcb", "c": "ccac"} m=1 gates+2 gates-2 polys=5829 infeasible-exact
1634 {"a": "bcb", "b": "bbcb", "c": "cacc"} m=1 gates+2 gates-2 polys=2741 infeasible-exact
1635 {"a": "bcb", "b": "bbcb", "c": "ccac"} m=1 gates+2 gates-2 polys=4037 infeasible-exact
1636 {"a": "bcb", "b": "bcbb", "c": "cacc"} m=1 gates+2 gates-2 polys=4037 infeasible-exact
1637 {"a": "bcb", "b": "bcbb", "c": "ccac"} m=1 gates+2 gates-2 polys=2741 infeasible-exact
1638 {"a": "bcc", "b": "abbb", "c": "bccc"} m=1 gates+2 gates-2 polys=3804 infeasible-exact
1639 {"a": "bcc", "b": "babb", "c": "cbcc"} m=1 gates+2 gates-2 polys=5829 infeasible-exact
1640 {"a": "bcc", "b": "bbab", "c": "cbcc"} m=1 gates+2 gates-2 polys=3261 infeasible-exact
1641 {"a": "cac", "b": "bbbc", "c": "cacb"} m=1 gates+2 gates-2 polys=2221 infeasible-exact
1642 {"a": "cac", "b": "cbbb", "c": "bcac"} m=1 gates+2 gates-2 polys=2221 infeasible-exact
1643 {"a": "cbb", "b": "bcbb", "c": "cacc"} m=1 gates+2 gates-2 polys=5829 infeasible-exact
1644 {"a": "cbb", "b": "bcbb", "c": "ccac"} m=1 gates+2 gates-2 polys=3261 infeasible-exact
1645 {"a": "cbb", "b": "cbbb", "c": "accc"} m=1 gates+2 gates-2 polys=3804 infeasible-exact
1646 {"a": "cbc", "b": "babb", "c": "cbcc"} m=1 gates+2 gates-2 polys=4037 infeasible-exact
1647 {"a": "cbc", "b": "babb", "c": "ccbc"} m=1 gates+2 gates-2 polys=2741 infeasible-exact
1648 {"a": "cbc", "b": "bbab", "c": "cbcc"} m=1 gates+2 gates-2 polys=2741 infeasible-exact
1649 {"a": "cbc", "b": "bbab", "c": "ccbc"} m=1 gates+2 gates-2 polys=4037 infeasible-exact
1650 {"a": "cca", "b": "bbcb", "c": "ccab"} m=1 gates+2 gates-2 polys=1048 infeasible-exact
1651 {"a": "cca", "b": "bcbb", "c": "ccab"} m=1 gates+2 gates-2 polys=824 infeasible-exact
1652 {"a": "cca", "b": "cbbb", "c": "bcca"} m=1 gates+2 gates-2 polys=2661 infeasible-exact
1653 {"a": "ccb", "b": "babb", "c": "ccbc"} m=1 gates+2 gates-2 polys=3261 infeasible-exact
1654 {"a": "ccb", "b": "bbab", "c": "ccbc"} m=1 gates+2 gates-2 polys=5829 infeasible-exact
1655 {"a": "ccb", "b": "bbba", "c": "cccb"} m=1 gates+2 gates-2 polys=3804 infeasible-exact
1656 {"a": "aaab", "b": "cca", "c": "ccca"} m=1 gates+2 gates-2 polys=3804 infeasible-exact
1657 {"a": "aaab", "b": "bbbc", "c": "aab"} m=1 gates+2 gates-2 polys=3804 infeasible-exact
1658 {"a": "aaab", "b": "bcba", "c": "bcb"} m=1 gates+2 gates-2 polys=2221 infeasible-exact
1659 {"a": "aaab", "b": "cbba", "c": "cbb"} m=1 gates+2 gates-2 polys=2661 infeasible-exact
1660 {"a": "aaac", "b": "aac", "c": "cccb"} m=1 gates+2 gates-2 polys=3804 infeasible-exact
1661 {"a": "aaac", "b": "bcc", "c": "bcca"} m=1 gates+2 gates-2 polys=2661 infeasible-exact
1662 {"a": "aaac", "b": "cbc", "c": "cbca"} m=1 gates+2 gates-2 polys=2221 infeasible-exact
1663 {"a": "aaac", "b": "bbba", "c": "bba"} m=1 gates+2 gates-2 polys=3804 infeasible-exact
1664 {"a": "aaba", "b": "acc", "c": "cacc"} m=1 gates+2 gates-2 polys=3261 infeasible-exact
1665 {"a": "aaba", "b": "cac", "c": "cacc"} m=1 gates+2 gates-2 polys=2741 infeasible-exact
1666 {"a": "aaba", "b": "cac", "c": "ccac"} m=1 gates+2 gates-2 polys=4037 infeasible-exact
1667 {"a": "aaba", "b": "cca", "c": "ccac"} m=1 gates+2 gates-2 polys=5829 infeasible-exact
1668 {"a": "aaba", "b": "acbb", "c": "cbb"} m=1 gates+2 gates-2 polys=824 infeasible-exact
1669 {"a": "aaba", "b": "bbca", "c": "bbc"} m=1 gates+2 gates-2 polys=1048 infeasible-exact
1670 {"a": "aaba", "b": "bbcb", "c": "aab"} m=1 gates+2 gates-2 polys=5829 infeasible-exact
1671 {"a": "aaba", "b": "bbcb", "c": "aba"} m=1 gates+2 gates-2 polys=4037 infeasible-exact
1672 {"a": "aaba", "b": "bcbb", "c": "aab"} m=1 gates+2 gates-2 polys=3261 infeasible-exact
1673 {"a": "aaba", "b": "bcbb", "c": "aba"} m=1 gates+2 gates-2 polys=2741 infeasible-exact
1674 {"a": "aabc", "b": "aab", "c": "cacc"} m=1 gates+2 gates-2 polys=824 infeasible-exact
1675 {"a": "aabc", "b": "aab", "c": "ccac"} m=1 gates+2 gates-2 polys=1048 infeasible-exact
1676 {"a": "aaca", "b": "aac", "c": "cbcc"} m=1 gates+2 gates-2 polys=3261 infeasible-exact
1677 {"a": "aaca", "b": "aac", "c": "ccbc"} m=1 gates+2 gates-2 polys=5829 infeasible-exact
1678 {"a": "aaca", "b": "aca", "c": "cbcc"} m=1 gates+2 gates-2 polys=2741 infeasible-exact
1679 {"a": "aaca", "b": "aca", "c": "ccbc"} m=1 gates+2 gates-2 polys=4037 infeasible-exact
1680 {"a": "aaca", "b": "bcc", "c": "abcc"} m=1 gates+2 gates-2 polys=824 infeasible-exact
1681 {"a": "aaca", "b": "ccb", "c": "ccba"} m=1 gates+2 gates-2 polys=1048 infeasible-exact
1682 {"a": "aaca", "b": "babb", "c": "abb"} m=1 gates+2 gates-2 polys=3261 infeasible-exact
1683 {"a": "aaca", "b": "babb", "c": "bab"} m=1 gates+2 gates-2 polys=2741 infeasible-exact
1684 {"a": "aaca", "b": "bbab", "c": "bab"} m=1 gates+2 gates-2 polys=4037 infeasible-exact
1685 {"a": "aaca", "b": "bbab", "c": "bba"} m=1 gates+2 gates-2 polys=5829 infeasible-exact
1686 {"a": "aacb", "b": "babb", "c": "aac"} m=1 gates+2 gates-2 polys=824 infeasible-exact
1687 {"a": "aacb", "b": "bbab", "c": "aac"} m=1 gates+2 gates-2 polys=1048 infeasible-exact
1688 {"a": "abaa", "b": "acc", "c": "cacc"} m=1 gates+2 gates-2 polys=5829 infeasible-exact
1689 {"a": "abaa", "b": "cac", "c": "cacc"} m=1 gates+2 gates-2 polys=4037 infeasible-exact
1690 {"a": "abaa", "b": "cac", "c": "ccac"} m=1 gates+2 gates-2 polys=2741 infeasible-exact
1691 {"a": "abaa", "b": "cca", "c": "ccac"} m=1 gates+2 gates-2 polys=3261 infeasible-exact
1692 {"a": "abaa", "b": "acbb", "c": "cbb"} m=1 gates+2 gates-2 polys=1048 infeasible-exact
1693 {"a": "abaa", "b": "bbca", "c": "bbc"} m=1 gates+2 gates-2 polys=824 infeasible-exact
1694 {"a": "abaa", "b": "bbcb", "c": "aba"} m=1 gates+2 gates-2 polys=2741 infeasible-exact
1695 {"a": "abaa", "b": "bbcb", "c": "baa"} m=1 gates+2 gates-2 polys=3261 infeasible-exact
1696 {"a": "abaa", "b": "bcbb", "c": "aba"} m=1 gates+2 gates-2 polys=4037 infeasible-exact
1697 {"a": "abaa", "b": "bcbb", "c": "baa"} m=1 gates+2 gates-2 polys=5829 infeasible-exact
1698 {"a": "abac", "b": "aba", "c": "ccca"} m=1 gates+2 gates-2 polys=2221 infeasible-exact
1699 {"a": "acaa", "b": "aca", "c": "cbcc"} m=1 gates+2 gates-2 polys=4037 infeasible-exact
stats m=1 [1600,1700) {"infeasible-exact": 100} time 170.1
1700 {"a": "acaa", "b": "aca", "c": "ccbc"} m=1 gates+2 gates-2 polys=2741 infeasible-exact
1701 {"a": "acaa", "b": "bcc", "c": "abcc"} m=1 gates+2 gates-2 polys=1048 infeasible-exact
1702 {"a": "acaa", "b": "caa", "c": "cbcc"} m=1 gates+2 gates-2 polys=5829 infeasible-exact
1703 {"a": "acaa", "b": "caa", "c": "ccbc"} m=1 gates+2 gates-2 polys=3261 infeasible-exact
1704 {"a": "acaa", "b": "ccb", "c": "ccba"} m=1 gates+2 gates-2 polys=824 infeasible-exact
1705 {"a": "acaa", "b": "babb", "c": "abb"} m=1 gates+2 gates-2 polys=5829 infeasible-exact
1706 {"a": "acaa", "b": "babb", "c": "bab"} m=1 gates+2 gates-2 polys=4037 infeasible-exact
1707 {"a": "acaa", "b": "bbab", "c": "bab"} m=1 gates+2 gates-2 polys=2741 infeasible-exact
1708 {"a": "acaa", "b": "bbab", "c": "bba"} m=1 gates+2 gates-2 polys=3261 infeasible-exact
1709 {"a": "acab", "b": "bbba", "c": "aca"} m=1 gates+2 gates-2 polys=2221 infeasible-exact
1710 {"a": "baaa", "b": "acc", "c": "accc"} m=1 gates+2 gates-2 polys=3804 infeasible-exact
1711 {"a": "baaa", "b": "abbc", "c": "bbc"} m=1 gates+2 gates-2 polys=2661 infeasible-exact
1712 {"a": "baaa", "b": "abcb", "c": "bcb"} m=1 gates+2 gates-2 polys=2221 infeasible-exact
1713 {"a": "baaa", "b": "cbbb", "c": "baa"} m=1 gates+2 gates-2 polys=3804 infeasible-exact
1714 {"a": "baac", "b": "baa", "c": "ccca"} m=1 gates+2 gates-2 polys=2661 infeasible-exact
1715 {"a": "baac", "b": "abbb", "c": "aac"} m=1 gates+2 gates-2 polys=2661 infeasible-exact
1716 {"a": "baca", "b": "abbb", "c": "aca"} m=1 gates+2 gates-2 polys=2221 infeasible-exact
1717 {"a": "bcaa", "b": "babb", "c": "caa"} m=1 gates+2 gates-2 polys=1048 infeasible-exact
1718 {"a": "bcaa", "b": "bbab", "c": "caa"} m=1 gates+2 gates-2 polys=824 infeasible-exact
1719 {"a": "caaa", "b": "caa", "c": "bccc"} m=1 gates+2 gates-2 polys=3804 infeasible-exact
1720 {"a": "caaa", "b": "cbc", "c": "acbc"} m=1 gates+2 gates-2 polys=2221 infeasible-exact
1721 {"a": "caaa", "b": "ccb", "c": "accb"} m=1 gates+2 gates-2 polys=2661 infeasible-exact
1722 {"a": "caaa", "b": "abbb", "c": "abb"} m=1 gates+2 gates-2 polys=3804 infeasible-exact
1723 {"a": "caab", "b": "aab", "c": "accc"} m=1 gates+2 gates-2 polys=2661 infeasible-exact
1724 {"a": "caab", "b": "bbba", "c": "caa"} m=1 gates+2 gates-2 polys=2661 infeasible-exact
1725 {"a": "caba", "b": "aba", "c": "accc"} m=1 gates+2 gates-2 polys=2221 infeasible-exact
1726 {"a": "cbaa", "b": "baa", "c": "cacc"} m=1 gates+2 gates-2 polys=1048 infeasible-exact
1727 {"a": "cbaa", "b": "baa", "c": "ccac"} m=1 gates+2 gates-2 polys=824 infeasible-exact
1728 {"a": "abb", "b": "cbcc", "c": "cabb"} m=1 gates+2 gates-2 polys=1065 infeasible-exact
1729 {"a": "abb", "b": "ccbc", "c": "cabb"} m=1 gates+2 gates-2 polys=889 infeasible-exact
1730 {"a": "acc", "b": "bacc", "c": "bbcb"} m=1 gates+2 gates-2 polys=889 infeasible-exact
1731 {"a": "acc", "b": "bacc", "c": "bcbb"} m=1 gates+2 gates-2 polys=1065 infeasible-exact
1732 {"a": "bab", "b": "bccc", "c": "cbab"} m=1 gates+2 gates-2 polys=1578 infeasible-exact
1733 {"a": "bab", "b": "cccb", "c": "babc"} m=1 gates+2 gates-2 polys=1578 infeasible-exact
1734 {"a": "bba", "b": "cbcc", "c": "bbac"} m=1 gates+2 gates-2 polys=889 infeasible-exact
1735 {"a": "bba", "b": "ccbc", "c": "bbac"} m=1 gates+2 gates-2 polys=1065 infeasible-exact
1736 {"a": "bbc", "b": "abbc", "c": "bbcb"} m=1 gates+2 gates-2 polys=2713 infeasible-exact
1737 {"a": "bbc", "b": "abcb", "c": "bbbc"} m=1 gates+2 gates-2 polys=3307 infeasible-exact
1738 {"a": "bbc", "b": "acbb", "c": "bbbc"} m=1 gates+2 gates-2 polys=3634 infeasible-exact
1739 {"a": "bbc", "b": "bbca", "c": "bbcb"} m=1 gates+1 gates-3 polys=332 infeasible-exact
1740 {"a": "bbc", "b": "bcba", "c": "bbcb"} m=1 gates+1 gates-3 polys=332 infeasible-exact
1741 {"a": "bbc", "b": "cabb", "c": "bbbc"} m=1 gates+2 gates-2 polys=1364 infeasible-exact
1742 {"a": "bbc", "b": "cbab", "c": "bbbc"} m=1 gates+2 gates-2 polys=3307 infeasible-exact
1743 {"a": "bcb", "b": "abbc", "c": "bbcb"} m=1 gates+2 gates-2 polys=2475 infeasible-exact
1744 {"a": "bcb", "b": "abbc", "c": "bcbb"} m=1 gates+2 gates-2 polys=2484 infeasible-exact
1745 {"a": "bcb", "b": "cbba", "c": "bbcb"} m=1 gates+2 gates-2 polys=2484 infeasible-exact
1746 {"a": "bcb", "b": "cbba", "c": "bcbb"} m=1 gates+2 gates-2 polys=2475 infeasible-exact
1747 {"a": "bcc", "b": "bccc", "c": "cacb"} m=1 gates+2 gates-2 polys=3307 infeasible-exact
1748 {"a": "bcc", "b": "bccc", "c": "cbca"} m=1 gates+2 gates-2 polys=3307 infeasible-exact
1749 {"a": "bcc", "b": "bccc", "c": "ccab"} m=1 gates+2 gates-2 polys=1364 infeasible-exact
1750 {"a": "bcc", "b": "bccc", "c": "ccba"} m=1 gates+2 gates-2 polys=3634 infeasible-exact
1751 {"a": "bcc", "b": "cbcc", "c": "abcc"} m=1 gates+3 gates-1 polys=332 infeasible-exact
1752 {"a": "bcc", "b": "cbcc", "c": "acbc"} m=1 gates+3 gates-1 polys=332 infeasible-exact
1753 {"a": "bcc", "b": "cbcc", "c": "bcca"} m=1 gates+2 gates-2 polys=2713 infeasible-exact
1754 {"a": "cac", "b": "bcac", "c": "cbbb"} m=1 gates+2 gates-2 polys=1578 infeasible-exact
1755 {"a": "cac", "b": "cacb", "c": "bbbc"} m=1 gates+2 gates-2 polys=1578 infeasible-exact
1756 {"a": "cbb", "b": "abcb", "c": "bcbb"} m=1 gates+3 gates-1 polys=332 infeasible-exact
1757 {"a": "cbb", "b": "acbb", "c": "bcbb"} m=1 gates+3 gates-1 polys=332 infeasible-exact
1758 {"a": "cbb", "b": "babc", "c": "cbbb"} m=1 gates+2 gates-2 polys=3307 infeasible-exact
1759 {"a": "cbb", "b": "bbac", "c": "cbbb"} m=1 gates+2 gates-2 polys=1364 infeasible-exact
1760 {"a": "cbb", "b": "bbca", "c": "cbbb"} m=1 gates+2 gates-2 polys=3634 infeasible-exact
1761 {"a": "cbb", "b": "bcba", "c": "cbbb"} m=1 gates+2 gates-2 polys=3307 infeasible-exact
1762 {"a": "cbb", "b": "cbba", "c": "bcbb"} m=1 gates+2 gates-2 polys=2713 infeasible-exact
1763 {"a": "cbc", "b": "cbcc", "c": "accb"} m=1 gates+2 gates-2 polys=2484 infeasible-exact
1764 {"a": "cbc", "b": "cbcc", "c": "bcca"} m=1 gates+2 gates-2 polys=2475 infeasible-exact
1765 {"a": "cbc", "b": "ccbc", "c": "accb"} m=1 gates+2 gates-2 polys=2475 infeasible-exact
1766 {"a": "cbc", "b": "ccbc", "c": "bcca"} m=1 gates+2 gates-2 polys=2484 infeasible-exact
1767 {"a": "cca", "b": "ccab", "c": "bbcb"} m=1 gates+2 gates-2 polys=1065 infeasible-exact
1768 {"a": "cca", "b": "ccab", "c": "bcbb"} m=1 gates+2 gates-2 polys=889 infeasible-exact
1769 {"a": "ccb", "b": "ccbc", "c": "accb"} m=1 gates+2 gates-2 polys=2713 infeasible-exact
1770 {"a": "ccb", "b": "ccbc", "c": "cbca"} m=1 gates+1 gates-3 polys=332 infeasible-exact
1771 {"a": "ccb", "b": "ccbc", "c": "ccba"} m=1 gates+1 gates-3 polys=332 infeasible-exact
1772 {"a": "ccb", "b": "cccb", "c": "abcc"} m=1 gates+2 gates-2 polys=3634 infeasible-exact
1773 {"a": "ccb", "b": "cccb", "c": "acbc"} m=1 gates+2 gates-2 polys=3307 infeasible-exact
1774 {"a": "ccb", "b": "cccb", "c": "bacc"} m=1 gates+2 gates-2 polys=1364 infeasible-exact
1775 {"a": "ccb", "b": "cccb", "c": "bcac"} m=1 gates+2 gates-2 polys=3307 infeasible-exact
1776 {"a": "aabc", "b": "caa", "c": "caaa"} m=1 gates+2 gates-2 polys=1364 infeasible-exact
1777 {"a": "aabc", "b": "aaba", "c": "aab"} m=1 gates+1 gates-3 polys=332 infeasible-exact
1778 {"a": "aabc", "b": "baaa", "c": "baa"} m=1 gates+2 gates-2 polys=3634 infeasible-exact
1779 {"a": "aacb", "b": "aac", "c": "aaca"} m=1 gates+1 gates-3 polys=332 infeasible-exact
1780 {"a": "aacb", "b": "caa", "c": "caaa"} m=1 gates+2 gates-2 polys=3634 infeasible-exact
1781 {"a": "aacb", "b": "baaa", "c": "baa"} m=1 gates+2 gates-2 polys=1364 infeasible-exact
1782 {"a": "abac", "b": "caa", "c": "caaa"} m=1 gates+2 gates-2 polys=3307 infeasible-exact
1783 {"a": "abac", "b": "aaba", "c": "aab"} m=1 gates+1 gates-3 polys=332 infeasible-exact
1784 {"a": "abac", "b": "baaa", "c": "baa"} m=1 gates+2 gates-2 polys=3307 infeasible-exact
1785 {"a": "abbb", "b": "babc", "c": "abb"} m=1 gates+2 gates-2 polys=3307 infeasible-exact
1786 {"a": "abbb", "b": "baca", "c": "aca"} m=1 gates+2 gates-2 polys=1578 infeasible-exact
1787 {"a": "abbb", "b": "bbac", "c": "abb"} m=1 gates+2 gates-2 polys=3634 infeasible-exact
1788 {"a": "abbb", "b": "bbca", "c": "abb"} m=1 gates+2 gates-2 polys=1364 infeasible-exact
1789 {"a": "abbb", "b": "bcba", "c": "abb"} m=1 gates+2 gates-2 polys=3307 infeasible-exact
1790 {"a": "abcb", "b": "baaa", "c": "bcb"} m=1 gates+2 gates-2 polys=1578 infeasible-exact
1791 {"a": "abcc", "b": "bcc", "c": "aaca"} m=1 gates+2 gates-2 polys=889 infeasible-exact
1792 {"a": "abcc", "b": "bcc", "c": "acaa"} m=1 gates+2 gates-2 polys=1065 infeasible-exact
1793 {"a": "acab", "b": "aac", "c": "aaca"} m=1 gates+1 gates-3 polys=332 infeasible-exact
1794 {"a": "acab", "b": "caa", "c": "caaa"} m=1 gates+2 gates-2 polys=3307 infeasible-exact
1795 {"a": "acab", "b": "baaa", "c": "baa"} m=1 gates+2 gates-2 polys=3307 infeasible-exact
1796 {"a": "acbb", "b": "aaba", "c": "cbb"} m=1 gates+2 gates-2 polys=889 infeasible-exact
1797 {"a": "acbb", "b": "abaa", "c": "cbb"} m=1 gates+2 gates-2 polys=1065 infeasible-exact
1798 {"a": "acbc", "b": "cbc", "c": "caaa"} m=1 gates+2 gates-2 polys=1578 infeasible-exact
1799 {"a": "accc", "b": "aba", "c": "caba"} m=1 gates+2 gates-2 polys=1578 infeasible-exact
stats m=1 [1700,1800) {"infeasible-exact": 100} time 135.6
1800 {"a": "accc", "b": "acc", "c": "cacb"} m=1 gates+2 gates-2 polys=3307 infeasible-exact
1801 {"a": "accc", "b": "acc", "c": "cbca"} m=1 gates+2 gates-2 polys=3307 infeasible-exact
1802 {"a": "accc", "b": "acc", "c": "ccab"} m=1 gates+2 gates-2 polys=3634 infeasible-exact
1803 {"a": "accc", "b": "acc", "c": "ccba"} m=1 gates+2 gates-2 polys=1364 infeasible-exact
1804 {"a": "baac", "b": "aac", "c": "aaca"} m=1 gates+2 gates-2 polys=2713 infeasible-exact
1805 {"a": "baac", "b": "aca", "c": "aaca"} m=1 gates+2 gates-2 polys=2475 infeasible-exact
1806 {"a": "baac", "b": "aca", "c": "acaa"} m=1 gates+2 gates-2 polys=2484 infeasible-exact
1807 {"a": "baac", "b": "aaba", "c": "aba"} m=1 gates+2 gates-2 polys=2484 infeasible-exact
1808 {"a": "baac", "b": "abaa", "c": "aba"} m=1 gates+2 gates-2 polys=2475 infeasible-exact
1809 {"a": "baac", "b": "abaa", "c": "baa"} m=1 gates+2 gates-2 polys=2713 infeasible-exact
1810 {"a": "babb", "b": "aacb", "c": "aac"} m=1 gates+2 gates-2 polys=889 infeasible-exact
1811 {"a": "babb", "b": "abbc", "c": "abb"} m=1 gates+2 gates-2 polys=2713 infeasible-exact
1812 {"a": "babb", "b": "abbc", "c": "bab"} m=1 gates+2 gates-2 polys=2475 infeasible-exact
1813 {"a": "babb", "b": "bcaa", "c": "caa"} m=1 gates+2 gates-2 polys=1065 infeasible-exact
1814 {"a": "babb", "b": "cabb", "c": "abb"} m=1 gates+3 gates-1 polys=332 infeasible-exact
1815 {"a": "babb", "b": "cbab", "c": "abb"} m=1 gates+3 gates-1 polys=332 infeasible-exact
1816 {"a": "babb", "b": "cbba", "c": "bab"} m=1 gates+2 gates-2 polys=2484 infeasible-exact
1817 {"a": "baca", "b": "aac", "c": "aaac"} m=1 gates+2 gates-2 polys=3307 infeasible-exact
1818 {"a": "baca", "b": "caa", "c": "acaa"} m=1 gates+3 gates-1 polys=332 infeasible-exact
1819 {"a": "baca", "b": "aaab", "c": "aab"} m=1 gates+2 gates-2 polys=3307 infeasible-exact
1820 {"a": "bbab", "b": "aacb", "c": "aac"} m=1 gates+2 gates-2 polys=1065 infeasible-exact
1821 {"a": "bbab", "b": "abbc", "c": "bab"} m=1 gates+2 gates-2 polys=2484 infeasible-exact
1822 {"a": "bbab", "b": "babc", "c": "bba"} m=1 gates+1 gates-3 polys=332 infeasible-exact
1823 {"a": "bbab", "b": "bbac", "c": "bba"} m=1 gates+1 gates-3 polys=332 infeasible-exact
1824 {"a": "bbab", "b": "bcaa", "c": "caa"} m=1 gates+2 gates-2 polys=889 infeasible-exact
1825 {"a": "bbab", "b": "cbba", "c": "bab"} m=1 gates+2 gates-2 polys=2475 infeasible-exact
1826 {"a": "bbab", "b": "cbba", "c": "bba"} m=1 gates+2 gates-2 polys=2713 infeasible-exact
1827 {"a": "bbba", "b": "abcb", "c": "bba"} m=1 gates+2 gates-2 polys=3307 infeasible-exact
1828 {"a": "bbba", "b": "acab", "c": "aca"} m=1 gates+2 gates-2 polys=1578 infeasible-exact
1829 {"a": "bbba", "b": "acbb", "c": "bba"} m=1 gates+2 gates-2 polys=1364 infeasible-exact
1830 {"a": "bbba", "b": "cabb", "c": "bba"} m=1 gates+2 gates-2 polys=3634 infeasible-exact
1831 {"a": "bbba", "b": "cbab", "c": "bba"} m=1 gates+2 gates-2 polys=3307 infeasible-exact
1832 {"a": "bbca", "b": "aaba", "c": "bbc"} m=1 gates+2 gates-2 polys=1065 infeasible-exact
1833 {"a": "bbca", "b": "abaa", "c": "bbc"} m=1 gates+2 gates-2 polys=889 infeasible-exact
1834 {"a": "bcaa", "b": "aac", "c": "aaac"} m=1 gates+2 gates-2 polys=3634 infeasible-exact
1835 {"a": "bcaa", "b": "caa", "c": "acaa"} m=1 gates+3 gates-1 polys=332 infeasible-exact
1836 {"a": "bcaa", "b": "aaab", "c": "aab"} m=1 gates+2 gates-2 polys=1364 infeasible-exact
1837 {"a": "bcba", "b": "aaab", "c": "bcb"} m=1 gates+2 gates-2 polys=1578 infeasible-exact
1838 {"a": "caab", "b": "aca", "c": "aaca"} m=1 gates+2 gates-2 polys=2484 infeasible-exact
1839 {"a": "caab", "b": "aca", "c": "acaa"} m=1 gates+2 gates-2 polys=2475 infeasible-exact
1840 {"a": "caab", "b": "caa", "c": "acaa"} m=1 gates+2 gates-2 polys=2713 infeasible-exact
1841 {"a": "caab", "b": "aaba", "c": "aab"} m=1 gates+2 gates-2 polys=2713 infeasible-exact
1842 {"a": "caab", "b": "aaba", "c": "aba"} m=1 gates+2 gates-2 polys=2475 infeasible-exact
1843 {"a": "caab", "b": "abaa", "c": "aba"} m=1 gates+2 gates-2 polys=2484 infeasible-exact
1844 {"a": "caba", "b": "aac", "c": "aaac"} m=1 gates+2 gates-2 polys=3307 infeasible-exact
1845 {"a": "caba", "b": "aaab", "c": "aab"} m=1 gates+2 gates-2 polys=3307 infeasible-exact
1846 {"a": "caba", "b": "abaa", "c": "baa"} m=1 gates+3 gates-1 polys=332 infeasible-exact
1847 {"a": "cacc", "b": "aab", "c": "aabc"} m=1 gates+2 gates-2 polys=889 infeasible-exact
1848 {"a": "cacc", "b": "acc", "c": "accb"} m=1 gates+2 gates-2 polys=2713 infeasible-exact
1849 {"a": "cacc", "b": "acc", "c": "bacc"} m=1 gates+3 gates-1 polys=332 infeasible-exact
1850 {"a": "cacc", "b": "acc", "c": "bcac"} m=1 gates+3 gates-1 polys=332 infeasible-exact
1851 {"a": "cacc", "b": "baa", "c": "cbaa"} m=1 gates+2 gates-2 polys=1065 infeasible-exact
1852 {"a": "cacc", "b": "cac", "c": "accb"} m=1 gates+2 gates-2 polys=2475 infeasible-exact
1853 {"a": "cacc", "b": "cac", "c": "bcca"} m=1 gates+2 gates-2 polys=2484 infeasible-exact
1854 {"a": "cbaa", "b": "aac", "c": "aaac"} m=1 gates+2 gates-2 polys=1364 infeasible-exact
1855 {"a": "cbaa", "b": "aaab", "c": "aab"} m=1 gates+2 gates-2 polys=3634 infeasible-exact
1856 {"a": "cbaa", "b": "abaa", "c": "baa"} m=1 gates+3 gates-1 polys=332 infeasible-exact
1857 {"a": "cbca", "b": "cbc", "c": "aaac"} m=1 gates+2 gates-2 polys=1578 infeasible-exact
1858 {"a": "ccac", "b": "aab", "c": "aabc"} m=1 gates+2 gates-2 polys=1065 infeasible-exact
1859 {"a": "ccac", "b": "baa", "c": "cbaa"} m=1 gates+2 gates-2 polys=889 infeasible-exact
1860 {"a": "ccac", "b": "cac", "c": "accb"} m=1 gates+2 gates-2 polys=2484 infeasible-exact
1861 {"a": "ccac", "b": "cac", "c": "bcca"} m=1 gates+2 gates-2 polys=2475 infeasible-exact
1862 {"a": "ccac", "b": "cca", "c": "bcca"} m=1 gates+2 gates-2 polys=2713 infeasible-exact
1863 {"a": "ccac", "b": "cca", "c": "cacb"} m=1 gates+1 gates-3 polys=332 infeasible-exact
1864 {"a": "ccac", "b": "cca", "c": "ccab"} m=1 gates+1 gates-3 polys=332 infeasible-exact
1865 {"a": "ccba", "b": "ccb", "c": "aaca"} m=1 gates+2 gates-2 polys=1065 infeasible-exact
1866 {"a": "ccba", "b": "ccb", "c": "acaa"} m=1 gates+2 gates-2 polys=889 infeasible-exact
1867 {"a": "ccca", "b": "aba", "c": "abac"} m=1 gates+2 gates-2 polys=1578 infeasible-exact
1868 {"a": "ccca", "b": "cca", "c": "abcc"} m=1 gates+2 gates-2 polys=1364 infeasible-exact
1869 {"a": "ccca", "b": "cca", "c": "acbc"} m=1 gates+2 gates-2 polys=3307 infeasible-exact
1870 {"a": "ccca", "b": "cca", "c": "bacc"} m=1 gates+2 gates-2 polys=3634 infeasible-exact
1871 {"a": "ccca", "b": "cca", "c": "bcac"} m=1 gates+2 gates-2 polys=3307 infeasible-exact
1872 {"a": "abc", "b": "babc", "c": "bbcb"} m=1 gates+2 gates-2 polys=845 infeasible-exact
1873 {"a": "abc", "b": "babc", "c": "bcbb"} m=1 gates+2 gates-2 polys=757 infeasible-exact
1874 {"a": "abc", "b": "bccc", "c": "cabc"} m=1 gates+3 gates-1 polys=330 infeasible-exact
1875 {"a": "abc", "b": "cccb", "c": "cabc"} m=1 gates+2 gates-2 polys=899 infeasible-exact
1876 {"a": "acb", "b": "bacb", "c": "bbbc"} m=1 gates+2 gates-2 polys=899 infeasible-exact
1877 {"a": "acb", "b": "bacb", "c": "cbbb"} m=1 gates+3 gates-1 polys=330 infeasible-exact
1878 {"a": "acb", "b": "cbcc", "c": "cacb"} m=1 gates+2 gates-2 polys=757 infeasible-exact
1879 {"a": "acb", "b": "ccbc", "c": "cacb"} m=1 gates+2 gates-2 polys=845 infeasible-exact
1880 {"a": "bac", "b": "bbac", "c": "cbbb"} m=1 gates+2 gates-2 polys=557 infeasible-exact
1881 {"a": "bac", "b": "cccb", "c": "bacc"} m=1 gates+2 gates-2 polys=557 infeasible-exact
1882 {"a": "bbc", "b": "abbb", "c": "bbbc"} m=1 gates+2 gates-2 polys=1947 infeasible-exact
1883 {"a": "bbc", "b": "bbba", "c": "bbcb"} m=1 gates+1 gates-3 polys=342 infeasible-exact
1884 {"a": "bca", "b": "bcab", "c": "bbbc"} m=1 gates+1 gates-3 polys=330 infeasible-exact
1885 {"a": "bca", "b": "bcab", "c": "cbbb"} m=1 gates+2 gates-2 polys=899 infeasible-exact
1886 {"a": "bca", "b": "cbcc", "c": "bcac"} m=1 gates+2 gates-2 polys=845 infeasible-exact
1887 {"a": "bca", "b": "ccbc", "c": "bcac"} m=1 gates+2 gates-2 polys=757 infeasible-exact
1888 {"a": "bcc", "b": "bccc", "c": "ccca"} m=1 gates+2 gates-2 polys=1947 infeasible-exact
1889 {"a": "bcc", "b": "cbcc", "c": "accc"} m=1 gates+3 gates-1 polys=342 infeasible-exact
1890 {"a": "cab", "b": "bccc", "c": "ccab"} m=1 gates+2 gates-2 polys=557 infeasible-exact
1891 {"a": "cab", "b": "cabb", "c": "bbbc"} m=1 gates+2 gates-2 polys=557 infeasible-exact
1892 {"a": "cba", "b": "bccc", "c": "cbac"} m=1 gates+2 gates-2 polys=899 infeasible-exact
1893 {"a": "cba", "b": "cbab", "c": "bbcb"} m=1 gates+2 gates-2 polys=757 infeasible-exact
1894 {"a": "cba", "b": "cbab", "c": "bcbb"} m=1 gates+2 gates-2 polys=845 infeasible-exact
1895 {"a": "cba", "b": "cccb", "c": "cbac"} m=1 gates+1 gates-3 polys=330 infeasible-exact
1896 {"a": "cbb", "b": "abbb", "c": "bcbb"} m=1 gates+3 gates-1 polys=342 infeasible-exact
1897 {"a": "cbb", "b": "bbba", "c": "cbbb"} m=1 gates+2 gates-2 polys=1947 infeasible-exact
1898 {"a": "ccb", "b": "ccbc", "c": "ccca"} m=1 gates+1 gates-3 polys=342 infeasible-exact
1899 {"a": "ccb", "b": "cccb", "c": "accc"} m=1 gates+2 gates-2 polys=1947 infeasible-exact
stats m=1 [1800,1900) {"infeasible-exact": 100} time 88.8
1900 {"a": "aaab", "b": "aac", "c": "aaca"} m=1 gates+1 gates-3 polys=342 infeasible-exact
1901 {"a": "aaab", "b": "caa", "c": "caaa"} m=1 gates+2 gates-2 polys=1947 infeasible-exact
1902 {"a": "aaac", "b": "aaba", "c": "aab"} m=1 gates+1 gates-3 polys=342 infeasible-exact
1903 {"a": "aaac", "b": "baaa", "c": "baa"} m=1 gates+2 gates-2 polys=1947 infeasible-exact
1904 {"a": "aabc", "b": "abc", "c": "caaa"} m=1 gates+2 gates-2 polys=557 infeasible-exact
1905 {"a": "aacb", "b": "baaa", "c": "acb"} m=1 gates+2 gates-2 polys=557 infeasible-exact
1906 {"a": "abac", "b": "bac", "c": "aaca"} m=1 gates+2 gates-2 polys=845 infeasible-exact
1907 {"a": "abac", "b": "bac", "c": "acaa"} m=1 gates+2 gates-2 polys=757 infeasible-exact
1908 {"a": "abbb", "b": "bacb", "c": "bac"} m=1 gates+2 gates-2 polys=899 infeasible-exact
1909 {"a": "abbb", "b": "bbbc", "c": "abb"} m=1 gates+2 gates-2 polys=1947 infeasible-exact
1910 {"a": "abbb", "b": "bbca", "c": "bca"} m=1 gates+2 gates-2 polys=557 infeasible-exact
1911 {"a": "abbb", "b": "bcab", "c": "cab"} m=1 gates+3 gates-1 polys=330 infeasible-exact
1912 {"a": "abca", "b": "bca", "c": "aaac"} m=1 gates+2 gates-2 polys=899 infeasible-exact
1913 {"a": "abca", "b": "bca", "c": "caaa"} m=1 gates+3 gates-1 polys=330 infeasible-exact
1914 {"a": "abca", "b": "aaab", "c": "abc"} m=1 gates+1 gates-3 polys=330 infeasible-exact
1915 {"a": "abca", "b": "baaa", "c": "abc"} m=1 gates+2 gates-2 polys=899 infeasible-exact
1916 {"a": "acab", "b": "aaba", "c": "cab"} m=1 gates+2 gates-2 polys=845 infeasible-exact
1917 {"a": "acab", "b": "abaa", "c": "cab"} m=1 gates+2 gates-2 polys=757 infeasible-exact
1918 {"a": "acba", "b": "acb", "c": "aaac"} m=1 gates+1 gates-3 polys=330 infeasible-exact
1919 {"a": "acba", "b": "acb", "c": "caaa"} m=1 gates+2 gates-2 polys=899 infeasible-exact
1920 {"a": "acba", "b": "aaab", "c": "cba"} m=1 gates+2 gates-2 polys=899 infeasible-exact
1921 {"a": "acba", "b": "baaa", "c": "cba"} m=1 gates+3 gates-1 polys=330 infeasible-exact
1922 {"a": "accc", "b": "acc", "c": "cccb"} m=1 gates+2 gates-2 polys=1947 infeasible-exact
1923 {"a": "accc", "b": "bac", "c": "cbac"} m=1 gates+3 gates-1 polys=330 infeasible-exact
1924 {"a": "accc", "b": "cab", "c": "cabc"} m=1 gates+2 gates-2 polys=899 infeasible-exact
1925 {"a": "accc", "b": "cba", "c": "ccba"} m=1 gates+2 gates-2 polys=557 infeasible-exact
1926 {"a": "baaa", "b": "aac", "c": "aaac"} m=1 gates+2 gates-2 polys=1947 infeasible-exact
1927 {"a": "baaa", "b": "caa", "c": "acaa"} m=1 gates+3 gates-1 polys=342 infeasible-exact
1928 {"a": "babb", "b": "abcb", "c": "abc"} m=1 gates+2 gates-2 polys=845 infeasible-exact
1929 {"a": "babb", "b": "bcba", "c": "cba"} m=1 gates+2 gates-2 polys=757 infeasible-exact
1930 {"a": "babb", "b": "cbbb", "c": "abb"} m=1 gates+3 gates-1 polys=342 infeasible-exact
1931 {"a": "baca", "b": "aaba", "c": "bac"} m=1 gates+2 gates-2 polys=757 infeasible-exact
1932 {"a": "baca", "b": "abaa", "c": "bac"} m=1 gates+2 gates-2 polys=845 infeasible-exact
1933 {"a": "bbab", "b": "abcb", "c": "abc"} m=1 gates+2 gates-2 polys=757 infeasible-exact
1934 {"a": "bbab", "b": "bbbc", "c": "bba"} m=1 gates+1 gates-3 polys=342 infeasible-exact
1935 {"a": "bbab", "b": "bcba", "c": "cba"} m=1 gates+2 gates-2 polys=845 infeasible-exact
1936 {"a": "bbba", "b": "acbb", "c": "acb"} m=1 gates+2 gates-2 polys=557 infeasible-exact
1937 {"a": "bbba", "b": "bacb", "c": "bac"} m=1 gates+1 gates-3 polys=330 infeasible-exact
1938 {"a": "bbba", "b": "bcab", "c": "cab"} m=1 gates+2 gates-2 polys=899 infeasible-exact
1939 {"a": "bbba", "b": "cbbb", "c": "bba"} m=1 gates+2 gates-2 polys=1947 infeasible-exact
1940 {"a": "bcaa", "b": "aaab", "c": "bca"} m=1 gates+2 gates-2 polys=557 infeasible-exact
1941 {"a": "caaa", "b": "aaab", "c": "aab"} m=1 gates+2 gates-2 polys=1947 infeasible-exact
1942 {"a": "caaa", "b": "abaa", "c": "baa"} m=1 gates+3 gates-1 polys=342 infeasible-exact
1943 {"a": "caba", "b": "cab", "c": "aaca"} m=1 gates+2 gates-2 polys=757 infeasible-exact
1944 {"a": "caba", "b": "cab", "c": "acaa"} m=1 gates+2 gates-2 polys=845 infeasible-exact
1945 {"a": "cacc", "b": "acb", "c": "acbc"} m=1 gates+2 gates-2 polys=845 infeasible-exact
1946 {"a": "cacc", "b": "acc", "c": "bccc"} m=1 gates+3 gates-1 polys=342 infeasible-exact
1947 {"a": "cacc", "b": "bca", "c": "cbca"} m=1 gates+2 gates-2 polys=757 infeasible-exact
1948 {"a": "cbaa", "b": "cba", "c": "aaac"} m=1 gates+2 gates-2 polys=557 infeasible-exact
1949 {"a": "ccac", "b": "acb", "c": "acbc"} m=1 gates+2 gates-2 polys=757 infeasible-exact
1950 {"a": "ccac", "b": "bca", "c": "cbca"} m=1 gates+2 gates-2 polys=845 infeasible-exact
1951 {"a": "ccac", "b": "cca", "c": "cccb"} m=1 gates+1 gates-3 polys=342 infeasible-exact
1952 {"a": "ccca", "b": "abc", "c": "abcc"} m=1 gates+2 gates-2 polys=557 infeasible-exact
1953 {"a": "ccca", "b": "bac", "c": "cbac"} m=1 gates+2 gates-2 polys=899 infeasible-exact
1954 {"a": "ccca", "b": "cab", "c": "cabc"} m=1 gates+1 gates-3 polys=330 infeasible-exact
1955 {"a": "ccca", "b": "cca", "c": "bccc"} m=1 gates+2 gates-2 polys=1947 infeasible-exact
1956 {"a": "bbc", "b": "aabc", "c": "bbca"} m=1 gates+2 gates-2 polys=888 infeasible-exact
1957 {"a": "bbc", "b": "abbc", "c": "aaab"} m=1 gates+2 gates-2 polys=494 infeasible-exact
1958 {"a": "bbc", "b": "abbc", "c": "aaba"} m=1 gates+2 gates-2 polys=584 infeasible-exact
1959 {"a": "bbc", "b": "abbc", "c": "abaa"} m=1 gates+2 gates-2 polys=576 infeasible-exact
1960 {"a": "bbc", "b": "abbc", "c": "baaa"} m=1 gates+2 gates-2 polys=688 infeasible-exact
1961 {"a": "bbc", "b": "abca", "c": "bbca"} m=1 gates+2 gates-2 polys=1030 infeasible-exact
1962 {"a": "bbc", "b": "bbca", "c": "aaab"} m=1 gates+1 gates-3 polys=302 infeasible-exact
1963 {"a": "bcb", "b": "aabc", "c": "abcb"} m=1 gates+2 gates-2 polys=409 infeasible-exact
1964 {"a": "bcb", "b": "abca", "c": "abcb"} m=1 gates+2 gates-2 polys=420 infeasible-exact
1965 {"a": "bcb", "b": "abca", "c": "bcba"} m=1 gates+2 gates-2 polys=720 infeasible-exact
1966 {"a": "bcb", "b": "acba", "c": "abcb"} m=1 gates+2 gates-2 polys=720 infeasible-exact
1967 {"a": "bcb", "b": "acba", "c": "bcba"} m=1 gates+2 gates-2 polys=420 infeasible-exact
1968 {"a": "bcb", "b": "cbaa", "c": "bcba"} m=1 gates+2 gates-2 polys=409 infeasible-exact
1969 {"a": "bcc", "b": "aaac", "c": "bcca"} m=1 gates+2 gates-2 polys=688 infeasible-exact
1970 {"a": "bcc", "b": "aaca", "c": "bcca"} m=1 gates+2 gates-2 polys=576 infeasible-exact
1971 {"a": "bcc", "b": "abcc", "c": "abca"} m=1 gates+2 gates-2 polys=1030 infeasible-exact
1972 {"a": "bcc", "b": "abcc", "c": "bcaa"} m=1 gates+2 gates-2 polys=888 infeasible-exact
1973 {"a": "bcc", "b": "acaa", "c": "bcca"} m=1 gates+2 gates-2 polys=584 infeasible-exact
1974 {"a": "bcc", "b": "caaa", "c": "abcc"} m=1 gates+3 gates-1 polys=302 infeasible-exact
1975 {"a": "bcc", "b": "caaa", "c": "bcca"} m=1 gates+2 gates-2 polys=494 infeasible-exact
1976 {"a": "cbb", "b": "acba", "c": "acbb"} m=1 gates+2 gates-2 polys=1030 infeasible-exact
1977 {"a": "cbb", "b": "acbb", "c": "baaa"} m=1 gates+3 gates-1 polys=302 infeasible-exact
1978 {"a": "cbb", "b": "cbaa", "c": "acbb"} m=1 gates+2 gates-2 polys=888 infeasible-exact
1979 {"a": "cbb", "b": "cbba", "c": "aaab"} m=1 gates+2 gates-2 polys=688 infeasible-exact
1980 {"a": "cbb", "b": "cbba", "c": "aaba"} m=1 gates+2 gates-2 polys=576 infeasible-exact
1981 {"a": "cbb", "b": "cbba", "c": "abaa"} m=1 gates+2 gates-2 polys=584 infeasible-exact
1982 {"a": "cbb", "b": "cbba", "c": "baaa"} m=1 gates+2 gates-2 polys=494 infeasible-exact
1983 {"a": "cbc", "b": "acbc", "c": "aacb"} m=1 gates+2 gates-2 polys=409 infeasible-exact
1984 {"a": "cbc", "b": "acbc", "c": "abca"} m=1 gates+2 gates-2 polys=720 infeasible-exact
1985 {"a": "cbc", "b": "acbc", "c": "acba"} m=1 gates+2 gates-2 polys=420 infeasible-exact
1986 {"a": "cbc", "b": "cbca", "c": "abca"} m=1 gates+2 gates-2 polys=420 infeasible-exact
1987 {"a": "cbc", "b": "cbca", "c": "acba"} m=1 gates+2 gates-2 polys=720 infeasible-exact
1988 {"a": "cbc", "b": "cbca", "c": "bcaa"} m=1 gates+2 gates-2 polys=409 infeasible-exact
1989 {"a": "ccb", "b": "aaac", "c": "accb"} m=1 gates+2 gates-2 polys=494 infeasible-exact
1990 {"a": "ccb", "b": "aaac", "c": "ccba"} m=1 gates+1 gates-3 polys=302 infeasible-exact
1991 {"a": "ccb", "b": "aaca", "c": "accb"} m=1 gates+2 gates-2 polys=584 infeasible-exact
1992 {"a": "ccb", "b": "acaa", "c": "accb"} m=1 gates+2 gates-2 polys=576 infeasible-exact
1993 {"a": "ccb", "b": "caaa", "c": "accb"} m=1 gates+2 gates-2 polys=688 infeasible-exact
1994 {"a": "ccb", "b": "ccba", "c": "aacb"} m=1 gates+2 gates-2 polys=888 infeasible-exact
1995 {"a": "ccb", "b": "ccba", "c": "acba"} m=1 gates+2 gates-2 polys=1030 infeasible-exact
1996 {"a": "aabc", "b": "ccca", "c": "aab"} m=1 gates+1 gates-3 polys=302 infeasible-exact
1997 {"a": "aacb", "b": "aac", "c": "bbba"} m=1 gates+1 gates-3 polys=302 infeasible-exact
1998 {"a": "baac", "b": "aac", "c": "abbb"} m=1 gates+2 gates-2 polys=688 infeasible-exact
1999 {"a": "baac", "b": "aac", "c": "babb"} m=1 gates+2 gates-2 polys=576 infeasible-exact
stats m=1 [1900,2000) {"infeasible-exact": 100} time 32.8
2000 {"a": "baac", "b": "aac", "c": "bbab"} m=1 gates+2 gates-2 polys=584 infeasible-exact
2001 {"a": "baac", "b": "aac", "c": "bbba"} m=1 gates+2 gates-2 polys=494 infeasible-exact
2002 {"a": "baac", "b": "accc", "c": "baa"} m=1 gates+2 gates-2 polys=494 infeasible-exact
2003 {"a": "baac", "b": "cacc", "c": "baa"} m=1 gates+2 gates-2 polys=584 infeasible-exact
2004 {"a": "baac", "b": "ccac", "c": "baa"} m=1 gates+2 gates-2 polys=576 infeasible-exact
2005 {"a": "baac", "b": "ccca", "c": "baa"} m=1 gates+2 gates-2 polys=688 infeasible-exact
2006 {"a": "babc", "b": "abcc", "c": "bab"} m=1 gates+2 gates-2 polys=409 infeasible-exact
2007 {"a": "babc", "b": "cabc", "c": "bab"} m=1 gates+2 gates-2 polys=420 infeasible-exact
2008 {"a": "babc", "b": "cbac", "c": "bab"} m=1 gates+2 gates-2 polys=720 infeasible-exact
2009 {"a": "bacb", "b": "aac", "c": "aacb"} m=1 gates+2 gates-2 polys=1030 infeasible-exact
2010 {"a": "bacb", "b": "aca", "c": "acab"} m=1 gates+2 gates-2 polys=720 infeasible-exact
2011 {"a": "bacb", "b": "aca", "c": "baca"} m=1 gates+2 gates-2 polys=420 infeasible-exact
2012 {"a": "bacc", "b": "acc", "c": "acbb"} m=1 gates+2 gates-2 polys=888 infeasible-exact
2013 {"a": "bacc", "b": "acc", "c": "bacb"} m=1 gates+2 gates-2 polys=1030 infeasible-exact
2014 {"a": "bacc", "b": "abac", "c": "aba"} m=1 gates+2 gates-2 polys=409 infeasible-exact
2015 {"a": "bacc", "b": "cbaa", "c": "baa"} m=1 gates+2 gates-2 polys=888 infeasible-exact
2016 {"a": "bbac", "b": "aac", "c": "aacb"} m=1 gates+2 gates-2 polys=888 infeasible-exact
2017 {"a": "bbac", "b": "aca", "c": "baca"} m=1 gates+2 gates-2 polys=409 infeasible-exact
2018 {"a": "bbac", "b": "cbac", "c": "bba"} m=1 gates+2 gates-2 polys=1030 infeasible-exact
2019 {"a": "bbac", "b": "ccba", "c": "bba"} m=1 gates+2 gates-2 polys=888 infeasible-exact
2020 {"a": "bbbc", "b": "acc", "c": "accb"} m=1 gates+2 gates-2 polys=688 infeasible-exact
2021 {"a": "bbbc", "b": "cca", "c": "bcca"} m=1 gates+2 gates-2 polys=494 infeasible-exact
2022 {"a": "bbbc", "b": "cca", "c": "ccab"} m=1 gates+1 gates-3 polys=302 infeasible-exact
2023 {"a": "bbcb", "b": "acc", "c": "accb"} m=1 gates+2 gates-2 polys=576 infeasible-exact
2024 {"a": "bbcb", "b": "cca", "c": "bcca"} m=1 gates+2 gates-2 polys=584 infeasible-exact
2025 {"a": "bcaa", "b": "caa", "c": "abbb"} m=1 gates+3 gates-1 polys=302 infeasible-exact
2026 {"a": "bcab", "b": "aca", "c": "acab"} m=1 gates+2 gates-2 polys=420 infeasible-exact
2027 {"a": "bcab", "b": "aca", "c": "baca"} m=1 gates+2 gates-2 polys=720 infeasible-exact
2028 {"a": "bcab", "b": "caa", "c": "bcaa"} m=1 gates+2 gates-2 polys=1030 infeasible-exact
2029 {"a": "bcac", "b": "cac", "c": "bacb"} m=1 gates+2 gates-2 polys=720 infeasible-exact
2030 {"a": "bcac", "b": "cac", "c": "bbca"} m=1 gates+2 gates-2 polys=409 infeasible-exact
2031 {"a": "bcac", "b": "cac", "c": "bcab"} m=1 gates+2 gates-2 polys=420 infeasible-exact
2032 {"a": "bcbb", "b": "acc", "c": "accb"} m=1 gates+2 gates-2 polys=584 infeasible-exact
2033 {"a": "bcbb", "b": "cca", "c": "bcca"} m=1 gates+2 gates-2 polys=576 infeasible-exact
2034 {"a": "bccc", "b": "abbc", "c": "abb"} m=1 gates+2 gates-2 polys=494 infeasible-exact
2035 {"a": "bccc", "b": "cabb", "c": "abb"} m=1 gates+3 gates-1 polys=302 infeasible-exact
2036 {"a": "bccc", "b": "cbba", "c": "bba"} m=1 gates+2 gates-2 polys=688 infeasible-exact
2037 {"a": "caab", "b": "caa", "c": "abbb"} m=1 gates+2 gates-2 polys=494 infeasible-exact
2038 {"a": "caab", "b": "caa", "c": "babb"} m=1 gates+2 gates-2 polys=584 infeasible-exact
2039 {"a": "caab", "b": "caa", "c": "bbab"} m=1 gates+2 gates-2 polys=576 infeasible-exact
2040 {"a": "caab", "b": "caa", "c": "bbba"} m=1 gates+2 gates-2 polys=688 infeasible-exact
2041 {"a": "caab", "b": "accc", "c": "aab"} m=1 gates+2 gates-2 polys=688 infeasible-exact
2042 {"a": "caab", "b": "cacc", "c": "aab"} m=1 gates+2 gates-2 polys=576 infeasible-exact
2043 {"a": "caab", "b": "ccac", "c": "aab"} m=1 gates+2 gates-2 polys=584 infeasible-exact
2044 {"a": "caab", "b": "ccca", "c": "aab"} m=1 gates+2 gates-2 polys=494 infeasible-exact
2045 {"a": "cabb", "b": "aca", "c": "acab"} m=1 gates+2 gates-2 polys=409 infeasible-exact
2046 {"a": "cabb", "b": "caa", "c": "bcaa"} m=1 gates+2 gates-2 polys=888 infeasible-exact
2047 {"a": "cabb", "b": "abcc", "c": "abb"} m=1 gates+2 gates-2 polys=888 infeasible-exact
2048 {"a": "cabb", "b": "cabc", "c": "abb"} m=1 gates+2 gates-2 polys=1030 infeasible-exact
2049 {"a": "cabc", "b": "aabc", "c": "aab"} m=1 gates+2 gates-2 polys=1030 infeasible-exact
2050 {"a": "cabc", "b": "abac", "c": "aba"} m=1 gates+2 gates-2 polys=720 infeasible-exact
2051 {"a": "cabc", "b": "caba", "c": "aba"} m=1 gates+2 gates-2 polys=420 infeasible-exact
2052 {"a": "cacb", "b": "cac", "c": "acbb"} m=1 gates+2 gates-2 polys=409 infeasible-exact
2053 {"a": "cacb", "b": "cac", "c": "bacb"} m=1 gates+2 gates-2 polys=420 infeasible-exact
2054 {"a": "cacb", "b": "cac", "c": "bcab"} m=1 gates+2 gates-2 polys=720 infeasible-exact
2055 {"a": "cbaa", "b": "accc", "c": "baa"} m=1 gates+3 gates-1 polys=302 infeasible-exact
2056 {"a": "cbab", "b": "cabc", "c": "bab"} m=1 gates+2 gates-2 polys=720 infeasible-exact
2057 {"a": "cbab", "b": "cbac", "c": "bab"} m=1 gates+2 gates-2 polys=420 infeasible-exact
2058 {"a": "cbab", "b": "ccba", "c": "bab"} m=1 gates+2 gates-2 polys=409 infeasible-exact
2059 {"a": "cbac", "b": "abac", "c": "aba"} m=1 gates+2 gates-2 polys=420 infeasible-exact
2060 {"a": "cbac", "b": "caba", "c": "aba"} m=1 gates+2 gates-2 polys=720 infeasible-exact
2061 {"a": "cbac", "b": "cbaa", "c": "baa"} m=1 gates+2 gates-2 polys=1030 infeasible-exact
2062 {"a": "cbbb", "b": "acc", "c": "accb"} m=1 gates+2 gates-2 polys=494 infeasible-exact
2063 {"a": "cbbb", "b": "acc", "c": "bacc"} m=1 gates+3 gates-1 polys=302 infeasible-exact
2064 {"a": "cbbb", "b": "cca", "c": "bcca"} m=1 gates+2 gates-2 polys=688 infeasible-exact
2065 {"a": "cbcc", "b": "abbc", "c": "abb"} m=1 gates+2 gates-2 polys=584 infeasible-exact
2066 {"a": "cbcc", "b": "cbba", "c": "bba"} m=1 gates+2 gates-2 polys=576 infeasible-exact
2067 {"a": "ccab", "b": "cca", "c": "bbca"} m=1 gates+2 gates-2 polys=888 infeasible-exact
2068 {"a": "ccab", "b": "cca", "c": "bcab"} m=1 gates+2 gates-2 polys=1030 infeasible-exact
2069 {"a": "ccab", "b": "aabc", "c": "aab"} m=1 gates+2 gates-2 polys=888 infeasible-exact
2070 {"a": "ccab", "b": "caba", "c": "aba"} m=1 gates+2 gates-2 polys=409 infeasible-exact
2071 {"a": "ccbc", "b": "abbc", "c": "abb"} m=1 gates+2 gates-2 polys=576 infeasible-exact
2072 {"a": "ccbc", "b": "cbba", "c": "bba"} m=1 gates+2 gates-2 polys=584 infeasible-exact
2073 {"a": "cccb", "b": "abbc", "c": "abb"} m=1 gates+2 gates-2 polys=688 infeasible-exact
2074 {"a": "cccb", "b": "bbac", "c": "bba"} m=1 gates+1 gates-3 polys=302 infeasible-exact
2075 {"a": "cccb", "b": "cbba", "c": "bba"} m=1 gates+2 gates-2 polys=494 infeasible-exact
2076 {"a": "ab", "b": "bbbc", "c": "abb"} m=1 gates+2 gates-2 polys=1855 infeasible-exact
2077 {"a": "ab", "b": "bbbc", "c": "bab"} m=1 gates+2 gates-2 polys=1145 infeasible-exact
2078 {"a": "ab", "b": "cbbb", "c": "bab"} m=1 gates+3 gates-1 polys=294 infeasible-exact
2079 {"a": "ac", "b": "acc", "c": "cccb"} m=1 gates+2 gates-2 polys=1855 infeasible-exact
2080 {"a": "ac", "b": "cac", "c": "bccc"} m=1 gates+3 gates-1 polys=294 infeasible-exact
2081 {"a": "ac", "b": "cac", "c": "cccb"} m=1 gates+2 gates-2 polys=1145 infeasible-exact
2082 {"a": "ba", "b": "bbbc", "c": "bab"} m=1 gates+1 gates-3 polys=294 infeasible-exact
2083 {"a": "ba", "b": "cbbb", "c": "bab"} m=1 gates+2 gates-2 polys=1145 infeasible-exact
2084 {"a": "ba", "b": "cbbb", "c": "bba"} m=1 gates+2 gates-2 polys=1855 infeasible-exact
2085 {"a": "ca", "b": "cac", "c": "bccc"} m=1 gates+2 gates-2 polys=1145 infeasible-exact
2086 {"a": "ca", "b": "cac", "c": "cccb"} m=1 gates+1 gates-3 polys=294 infeasible-exact
2087 {"a": "ca", "b": "cca", "c": "bccc"} m=1 gates+2 gates-2 polys=1855 infeasible-exact
2088 {"a": "abc", "b": "cca", "c": "ccca"} m=1 gates+2 gates-2 polys=661 infeasible-exact
2089 {"a": "abc", "b": "aabc", "c": "cbca"} m=1 gates+2 gates-2 polys=524 infeasible-exact
2090 {"a": "abc", "b": "abca", "c": "cbca"} m=1 gates+2 gates-2 polys=430 infeasible-exact
2091 {"a": "abc", "b": "abcb", "c": "abca"} m=1 gates+1 gates-3 polys=296 infeasible-exact
2092 {"a": "abc", "b": "acab", "c": "cabc"} m=1 gates+2 gates-2 polys=1614 infeasible-exact
2093 {"a": "abc", "b": "babc", "c": "abca"} m=1 gates+2 gates-2 polys=466 infeasible-exact
2094 {"a": "abc", "b": "bbba", "c": "bba"} m=1 gates+2 gates-2 polys=1348 infeasible-exact
2095 {"a": "abc", "b": "bbca", "c": "abca"} m=1 gates+2 gates-2 polys=972 infeasible-exact
2096 {"a": "abc", "b": "bcab", "c": "aabc"} m=1 gates+2 gates-2 polys=533 infeasible-exact
2097 {"a": "abc", "b": "bcba", "c": "abca"} m=1 gates+2 gates-2 polys=508 infeasible-exact
2098 {"a": "abc", "b": "caab", "c": "cabc"} m=1 gates+2 gates-2 polys=448 infeasible-exact
2099 {"a": "acb", "b": "cca", "c": "ccca"} m=1 gates+2 gates-2 polys=1348 infeasible-exact
stats m=1 [2000,2100) {"infeasible-exact": 100} time 30.4
2100 {"a": "acb", "b": "aacb", "c": "cbac"} m=1 gates+2 gates-2 polys=533 infeasible-exact
2101 {"a": "acb", "b": "acba", "c": "acbc"} m=1 gates+1 gates-3 polys=296 infeasible-exact
2102 {"a": "acb", "b": "acba", "c": "cacb"} m=1 gates+2 gates-2 polys=466 infeasible-exact
2103 {"a": "acb", "b": "acba", "c": "cbca"} m=1 gates+2 gates-2 polys=508 infeasible-exact
2104 {"a": "acb", "b": "acba", "c": "ccba"} m=1 gates+2 gates-2 polys=972 infeasible-exact
2105 {"a": "acb", "b": "bacb", "c": "abac"} m=1 gates+2 gates-2 polys=1614 infeasible-exact
2106 {"a": "acb", "b": "bacb", "c": "baac"} m=1 gates+2 gates-2 polys=448 infeasible-exact
2107 {"a": "acb", "b": "bbba", "c": "bba"} m=1 gates+2 gates-2 polys=661 infeasible-exact
2108 {"a": "acb", "b": "bcba", "c": "aacb"} m=1 gates+2 gates-2 polys=524 infeasible-exact
2109 {"a": "acb", "b": "bcba", "c": "acba"} m=1 gates+2 gates-2 polys=430 infeasible-exact
2110 {"a": "bac", "b": "acc", "c": "cacc"} m=1 gates+3 gates-1 polys=311 infeasible-exact
2111 {"a": "bac", "b": "abac", "c": "cbac"} m=1 gates+3 gates-1 polys=296 infeasible-exact
2112 {"a": "bac", "b": "acba", "c": "cbac"} m=1 gates+3 gates-1 polys=346 infeasible-exact
2113 {"a": "bac", "b": "bacb", "c": "acba"} m=1 gates+1 gates-3 polys=346 infeasible-exact
2114 {"a": "bac", "b": "bacb", "c": "baca"} m=1 gates+1 gates-3 polys=296 infeasible-exact
2115 {"a": "bac", "b": "bbab", "c": "bba"} m=1 gates+1 gates-3 polys=311 infeasible-exact
2116 {"a": "bbc", "b": "abbb", "c": "bc"} m=1 gates+2 gates-2 polys=1855 infeasible-exact
2117 {"a": "bbc", "b": "bbbc", "c": "cab"} m=1 gates+2 gates-2 polys=661 infeasible-exact
2118 {"a": "bbc", "b": "bbbc", "c": "cba"} m=1 gates+2 gates-2 polys=1348 infeasible-exact
2119 {"a": "bbc", "b": "bbcb", "c": "bca"} m=1 gates+1 gates-3 polys=311 infeasible-exact
2120 {"a": "bca", "b": "acc", "c": "accc"} m=1 gates+2 gates-2 polys=1348 infeasible-exact
2121 {"a": "bca", "b": "abbb", "c": "abb"} m=1 gates+2 gates-2 polys=661 infeasible-exact
2122 {"a": "bca", "b": "abca", "c": "abcc"} m=1 gates+2 gates-2 polys=972 infeasible-exact
2123 {"a": "bca", "b": "abca", "c": "acbc"} m=1 gates+2 gates-2 polys=508 infeasible-exact
2124 {"a": "bca", "b": "abca", "c": "bcac"} m=1 gates+2 gates-2 polys=466 infeasible-exact
2125 {"a": "bca", "b": "abca", "c": "cbca"} m=1 gates+3 gates-1 polys=296 infeasible-exact
2126 {"a": "bca", "b": "abcb", "c": "abca"} m=1 gates+2 gates-2 polys=430 infeasible-exact
2127 {"a": "bca", "b": "abcb", "c": "bcaa"} m=1 gates+2 gates-2 polys=524 infeasible-exact
2128 {"a": "bca", "b": "bcaa", "c": "cabc"} m=1 gates+2 gates-2 polys=533 infeasible-exact
2129 {"a": "bca", "b": "bcab", "c": "caab"} m=1 gates+2 gates-2 polys=448 infeasible-exact
2130 {"a": "bca", "b": "bcab", "c": "caba"} m=1 gates+2 gates-2 polys=1614 infeasible-exact
2131 {"a": "bcb", "b": "abbb", "c": "bc"} m=1 gates+2 gates-2 polys=1145 infeasible-exact
2132 {"a": "bcb", "b": "abbb", "c": "cb"} m=1 gates+3 gates-1 polys=294 infeasible-exact
2133 {"a": "bcb", "b": "bbba", "c": "bc"} m=1 gates+1 gates-3 polys=294 infeasible-exact
2134 {"a": "bcb", "b": "bbba", "c": "cb"} m=1 gates+2 gates-2 polys=1145 infeasible-exact
2135 {"a": "bcc", "b": "bc", "c": "ccca"} m=1 gates+2 gates-2 polys=1855 infeasible-exact
2136 {"a": "bcc", "b": "abc", "c": "cbcc"} m=1 gates+3 gates-1 polys=311 infeasible-exact
2137 {"a": "bcc", "b": "acb", "c": "bccc"} m=1 gates+2 gates-2 polys=1348 infeasible-exact
2138 {"a": "bcc", "b": "cab", "c": "bccc"} m=1 gates+2 gates-2 polys=661 infeasible-exact
2139 {"a": "cab", "b": "cca", "c": "ccac"} m=1 gates+1 gates-3 polys=311 infeasible-exact
2140 {"a": "cab", "b": "abca", "c": "cabc"} m=1 gates+1 gates-3 polys=346 infeasible-exact
2141 {"a": "cab", "b": "babb", "c": "abb"} m=1 gates+3 gates-1 polys=311 infeasible-exact
2142 {"a": "cab", "b": "bcab", "c": "abca"} m=1 gates+3 gates-1 polys=346 infeasible-exact
2143 {"a": "cab", "b": "bcab", "c": "acab"} m=1 gates+3 gates-1 polys=296 infeasible-exact
2144 {"a": "cab", "b": "caba", "c": "cabc"} m=1 gates+1 gates-3 polys=296 infeasible-exact
2145 {"a": "cba", "b": "acc", "c": "accc"} m=1 gates+2 gates-2 polys=661 infeasible-exact
2146 {"a": "cba", "b": "abbb", "c": "abb"} m=1 gates+2 gates-2 polys=1348 infeasible-exact
2147 {"a": "cba", "b": "abcb", "c": "acba"} m=1 gates+2 gates-2 polys=508 infeasible-exact
2148 {"a": "cba", "b": "acba", "c": "acbc"} m=1 gates+2 gates-2 polys=430 infeasible-exact
2149 {"a": "cba", "b": "acbb", "c": "acba"} m=1 gates+2 gates-2 polys=972 infeasible-exact
2150 {"a": "cba", "b": "baac", "c": "cbac"} m=1 gates+2 gates-2 polys=448 infeasible-exact
2151 {"a": "cba", "b": "baca", "c": "cbac"} m=1 gates+2 gates-2 polys=1614 infeasible-exact
2152 {"a": "cba", "b": "bacb", "c": "cbaa"} m=1 gates+2 gates-2 polys=533 infeasible-exact
2153 {"a": "cba", "b": "bcba", "c": "acba"} m=1 gates+3 gates-1 polys=296 infeasible-exact
2154 {"a": "cba", "b": "cbaa", "c": "acbc"} m=1 gates+2 gates-2 polys=524 infeasible-exact
2155 {"a": "cba", "b": "cbab", "c": "acba"} m=1 gates+2 gates-2 polys=466 infeasible-exact
2156 {"a": "cbb", "b": "bbba", "c": "cb"} m=1 gates+2 gates-2 polys=1855 infeasible-exact
2157 {"a": "cbb", "b": "bcbb", "c": "acb"} m=1 gates+3 gates-1 polys=311 infeasible-exact
2158 {"a": "cbb", "b": "cbbb", "c": "abc"} m=1 gates+2 gates-2 polys=1348 infeasible-exact
2159 {"a": "cbb", "b": "cbbb", "c": "bac"} m=1 gates+2 gates-2 polys=661 infeasible-exact
2160 {"a": "cbc", "b": "bc", "c": "accc"} m=1 gates+3 gates-1 polys=294 infeasible-exact
2161 {"a": "cbc", "b": "bc", "c": "ccca"} m=1 gates+2 gates-2 polys=1145 infeasible-exact
2162 {"a": "cbc", "b": "cb", "c": "accc"} m=1 gates+2 gates-2 polys=1145 infeasible-exact
2163 {"a": "cbc", "b": "cb", "c": "ccca"} m=1 gates+1 gates-3 polys=294 infeasible-exact
2164 {"a": "ccb", "b": "cb", "c": "accc"} m=1 gates+2 gates-2 polys=1855 infeasible-exact
2165 {"a": "ccb", "b": "bac", "c": "cccb"} m=1 gates+2 gates-2 polys=661 infeasible-exact
2166 {"a": "ccb", "b": "bca", "c": "cccb"} m=1 gates+2 gates-2 polys=1348 infeasible-exact
2167 {"a": "ccb", "b": "cba", "c": "ccbc"} m=1 gates+1 gates-3 polys=311 infeasible-exact
2168 {"a": "aaab", "b": "aca", "c": "ac"} m=1 gates+1 gates-3 polys=294 infeasible-exact
2169 {"a": "aaab", "b": "aca", "c": "ca"} m=1 gates+2 gates-2 polys=1145 infeasible-exact
2170 {"a": "aaab", "b": "bac", "c": "aab"} m=1 gates+2 gates-2 polys=1348 infeasible-exact
2171 {"a": "aaab", "b": "bca", "c": "aab"} m=1 gates+2 gates-2 polys=661 infeasible-exact
2172 {"a": "aaab", "b": "caa", "c": "ca"} m=1 gates+2 gates-2 polys=1855 infeasible-exact
2173 {"a": "aaac", "b": "ab", "c": "aba"} m=1 gates+1 gates-3 polys=294 infeasible-exact
2174 {"a": "aaac", "b": "ba", "c": "aba"} m=1 gates+2 gates-2 polys=1145 infeasible-exact
2175 {"a": "aaac", "b": "ba", "c": "baa"} m=1 gates+2 gates-2 polys=1855 infeasible-exact
2176 {"a": "aaac", "b": "aac", "c": "cab"} m=1 gates+2 gates-2 polys=1348 infeasible-exact
2177 {"a": "aaac", "b": "aac", "c": "cba"} m=1 gates+2 gates-2 polys=661 infeasible-exact
2178 {"a": "aaba", "b": "abc", "c": "aab"} m=1 gates+1 gates-3 polys=311 infeasible-exact
2179 {"a": "aabc", "b": "cabc", "c": "cab"} m=1 gates+2 gates-2 polys=972 infeasible-exact
2180 {"a": "aaca", "b": "aac", "c": "acb"} m=1 gates+1 gates-3 polys=311 infeasible-exact
2181 {"a": "aacb", "b": "bac", "c": "bacb"} m=1 gates+2 gates-2 polys=972 infeasible-exact
2182 {"a": "abaa", "b": "cba", "c": "baa"} m=1 gates+3 gates-1 polys=311 infeasible-exact
2183 {"a": "abac", "b": "bac", "c": "bacb"} m=1 gates+2 gates-2 polys=466 infeasible-exact
2184 {"a": "abac", "b": "cabc", "c": "cab"} m=1 gates+2 gates-2 polys=508 infeasible-exact
2185 {"a": "abac", "b": "cbac", "c": "bac"} m=1 gates+3 gates-1 polys=296 infeasible-exact
2186 {"a": "abac", "b": "cbac", "c": "cba"} m=1 gates+2 gates-2 polys=430 infeasible-exact
2187 {"a": "abac", "b": "ccba", "c": "cba"} m=1 gates+2 gates-2 polys=524 infeasible-exact
2188 {"a": "abbc", "b": "cab", "c": "cabc"} m=1 gates+2 gates-2 polys=448 infeasible-exact
2189 {"a": "abca", "b": "abc", "c": "abcb"} m=1 gates+1 gates-3 polys=296 infeasible-exact
2190 {"a": "abca", "b": "abc", "c": "bcab"} m=1 gates+1 gates-3 polys=346 infeasible-exact
2191 {"a": "abca", "b": "bca", "c": "abbc"} m=1 gates+2 gates-2 polys=448 infeasible-exact
2192 {"a": "abca", "b": "bca", "c": "babc"} m=1 gates+2 gates-2 polys=1614 infeasible-exact
2193 {"a": "abca", "b": "cab", "c": "cabb"} m=1 gates+2 gates-2 polys=533 infeasible-exact
2194 {"a": "abca", "b": "bcac", "c": "abc"} m=1 gates+2 gates-2 polys=1614 infeasible-exact
2195 {"a": "abca", "b": "bcca", "c": "abc"} m=1 gates+2 gates-2 polys=448 infeasible-exact
2196 {"a": "abca", "b": "cabc", "c": "bca"} m=1 gates+3 gates-1 polys=346 infeasible-exact
2197 {"a": "abca", "b": "cbca", "c": "bca"} m=1 gates+3 gates-1 polys=296 infeasible-exact
2198 {"a": "abca", "b": "ccab", "c": "cab"} m=1 gates+2 gates-2 polys=533 infeasible-exact
2199 {"a": "abcb", "b": "cab", "c": "cabc"} m=1 gates+2 gates-2 polys=1614 infeasible-exact
stats m=1 [2100,2200) {"infeasible-exact": 100} time 30.8
2200 {"a": "abcc", "b": "bcab", "c": "abc"} m=1 gates+2 gates-2 polys=533 infeasible-exact
2201 {"a": "acaa", "b": "caa", "c": "bca"} m=1 gates+3 gates-1 polys=311 infeasible-exact
2202 {"a": "acab", "b": "bac", "c": "bacb"} m=1 gates+2 gates-2 polys=508 infeasible-exact
2203 {"a": "acab", "b": "bca", "c": "bbca"} m=1 gates+2 gates-2 polys=524 infeasible-exact
2204 {"a": "acab", "b": "bca", "c": "bcab"} m=1 gates+2 gates-2 polys=430 infeasible-exact
2205 {"a": "acab", "b": "cab", "c": "bcab"} m=1 gates+3 gates-1 polys=296 infeasible-exact
2206 {"a": "acab", "b": "cabc", "c": "cab"} m=1 gates+2 gates-2 polys=466 infeasible-exact
2207 {"a": "acba", "b": "acb", "c": "cbab"} m=1 gates+2 gates-2 polys=1614 infeasible-exact
2208 {"a": "acba", "b": "acb", "c": "cbba"} m=1 gates+2 gates-2 polys=448 infeasible-exact
2209 {"a": "acba", "b": "bac", "c": "bbac"} m=1 gates+2 gates-2 polys=533 infeasible-exact
2210 {"a": "acba", "b": "cba", "c": "bacb"} m=1 gates+3 gates-1 polys=346 infeasible-exact
2211 {"a": "acba", "b": "cba", "c": "bcba"} m=1 gates+3 gates-1 polys=296 infeasible-exact
2212 {"a": "acba", "b": "acbc", "c": "acb"} m=1 gates+1 gates-3 polys=296 infeasible-exact
2213 {"a": "acba", "b": "accb", "c": "cba"} m=1 gates+2 gates-2 polys=448 infeasible-exact
2214 {"a": "acba", "b": "bacc", "c": "bac"} m=1 gates+2 gates-2 polys=533 infeasible-exact
2215 {"a": "acba", "b": "cacb", "c": "cba"} m=1 gates+2 gates-2 polys=1614 infeasible-exact
2216 {"a": "acba", "b": "cbac", "c": "acb"} m=1 gates+1 gates-3 polys=346 infeasible-exact
2217 {"a": "acbb", "b": "acb", "c": "cbac"} m=1 gates+2 gates-2 polys=533 infeasible-exact
2218 {"a": "acbc", "b": "bacb", "c": "bac"} m=1 gates+2 gates-2 polys=1614 infeasible-exact
2219 {"a": "accb", "b": "bacb", "c": "bac"} m=1 gates+2 gates-2 polys=448 infeasible-exact
2220 {"a": "baaa", "b": "aac", "c": "ac"} m=1 gates+2 gates-2 polys=1855 infeasible-exact
2221 {"a": "baaa", "b": "aca", "c": "ac"} m=1 gates+2 gates-2 polys=1145 infeasible-exact
2222 {"a": "baaa", "b": "aca", "c": "ca"} m=1 gates+3 gates-1 polys=294 infeasible-exact
2223 {"a": "baaa", "b": "acb", "c": "baa"} m=1 gates+2 gates-2 polys=661 infeasible-exact
2224 {"a": "baaa", "b": "cab", "c": "baa"} m=1 gates+2 gates-2 polys=1348 infeasible-exact
2225 {"a": "babc", "b": "abc", "c": "cabc"} m=1 gates+3 gates-1 polys=296 infeasible-exact
2226 {"a": "baca", "b": "acb", "c": "acbb"} m=1 gates+2 gates-2 polys=524 infeasible-exact
2227 {"a": "baca", "b": "acb", "c": "bacb"} m=1 gates+2 gates-2 polys=430 infeasible-exact
2228 {"a": "baca", "b": "bac", "c": "bacb"} m=1 gates+1 gates-3 polys=296 infeasible-exact
2229 {"a": "baca", "b": "cab", "c": "bcab"} m=1 gates+2 gates-2 polys=508 infeasible-exact
2230 {"a": "baca", "b": "cbac", "c": "bac"} m=1 gates+2 gates-2 polys=466 infeasible-exact
2231 {"a": "bacb", "b": "acb", "c": "acbc"} m=1 gates+2 gates-2 polys=466 infeasible-exact
2232 {"a": "bacb", "b": "acb", "c": "bacc"} m=1 gates+2 gates-2 polys=972 infeasible-exact
2233 {"a": "bacb", "b": "acb", "c": "bcac"} m=1 gates+2 gates-2 polys=508 infeasible-exact
2234 {"a": "bacb", "b": "acb", "c": "cacb"} m=1 gates+3 gates-1 polys=296 infeasible-exact
2235 {"a": "bacb", "b": "bac", "c": "cacb"} m=1 gates+2 gates-2 polys=430 infeasible-exact
2236 {"a": "bacb", "b": "cba", "c": "cbac"} m=1 gates+1 gates-3 polys=346 infeasible-exact
2237 {"a": "bacc", "b": "cbab", "c": "bac"} m=1 gates+2 gates-2 polys=524 infeasible-exact
2238 {"a": "bbac", "b": "bac", "c": "cacb"} m=1 gates+2 gates-2 polys=524 infeasible-exact
2239 {"a": "bbca", "b": "bca", "c": "cabc"} m=1 gates+2 gates-2 polys=533 infeasible-exact
2240 {"a": "bcaa", "b": "cab", "c": "bcab"} m=1 gates+2 gates-2 polys=972 infeasible-exact
2241 {"a": "bcab", "b": "abc", "c": "cabc"} m=1 gates+3 gates-1 polys=346 infeasible-exact
2242 {"a": "bcab", "b": "bca", "c": "bcac"} m=1 gates+1 gates-3 polys=296 infeasible-exact
2243 {"a": "bcab", "b": "bca", "c": "cacb"} m=1 gates+2 gates-2 polys=508 infeasible-exact
2244 {"a": "bcab", "b": "bca", "c": "cbca"} m=1 gates+2 gates-2 polys=466 infeasible-exact
2245 {"a": "bcab", "b": "bca", "c": "ccab"} m=1 gates+2 gates-2 polys=972 infeasible-exact
2246 {"a": "bcab", "b": "cab", "c": "bcac"} m=1 gates+2 gates-2 polys=430 infeasible-exact
2247 {"a": "bcac", "b": "bcab", "c": "bca"} m=1 gates+1 gates-3 polys=296 infeasible-exact
2248 {"a": "bcba", "b": "bac", "c": "cbac"} m=1 gates+2 gates-2 polys=1614 infeasible-exact
2249 {"a": "bcca", "b": "bcab", "c": "cab"} m=1 gates+2 gates-2 polys=448 infeasible-exact
2250 {"a": "caaa", "b": "ab", "c": "aab"} m=1 gates+2 gates-2 polys=1855 infeasible-exact
2251 {"a": "caaa", "b": "ab", "c": "aba"} m=1 gates+2 gates-2 polys=1145 infeasible-exact
2252 {"a": "caaa", "b": "ba", "c": "aba"} m=1 gates+3 gates-1 polys=294 infeasible-exact
2253 {"a": "caaa", "b": "caa", "c": "abc"} m=1 gates+2 gates-2 polys=661 infeasible-exact
2254 {"a": "caaa", "b": "caa", "c": "bac"} m=1 gates+2 gates-2 polys=1348 infeasible-exact
2255 {"a": "caba", "b": "cab", "c": "bcab"} m=1 gates+2 gates-2 polys=466 infeasible-exact
2256 {"a": "caba", "b": "abcc", "c": "abc"} m=1 gates+2 gates-2 polys=524 infeasible-exact
2257 {"a": "caba", "b": "cabc", "c": "abc"} m=1 gates+2 gates-2 polys=430 infeasible-exact
2258 {"a": "caba", "b": "cabc", "c": "cab"} m=1 gates+1 gates-3 polys=296 infeasible-exact
2259 {"a": "caba", "b": "cbac", "c": "bac"} m=1 gates+2 gates-2 polys=508 infeasible-exact
2260 {"a": "cabb", "b": "cab", "c": "bcac"} m=1 gates+2 gates-2 polys=524 infeasible-exact
2261 {"a": "cabc", "b": "abcb", "c": "abc"} m=1 gates+2 gates-2 polys=466 infeasible-exact
2262 {"a": "cabc", "b": "babc", "c": "abc"} m=1 gates+3 gates-1 polys=296 infeasible-exact
2263 {"a": "cabc", "b": "babc", "c": "cab"} m=1 gates+2 gates-2 polys=430 infeasible-exact
2264 {"a": "cabc", "b": "bcab", "c": "bca"} m=1 gates+1 gates-3 polys=346 infeasible-exact
2265 {"a": "cabc", "b": "cabb", "c": "abc"} m=1 gates+2 gates-2 polys=972 infeasible-exact
2266 {"a": "cabc", "b": "cbab", "c": "abc"} m=1 gates+2 gates-2 polys=508 infeasible-exact
2267 {"a": "cacb", "b": "bacb", "c": "acb"} m=1 gates+3 gates-1 polys=296 infeasible-exact
2268 {"a": "cbaa", "b": "cbac", "c": "bac"} m=1 gates+2 gates-2 polys=972 infeasible-exact
2269 {"a": "cbab", "b": "cba", "c": "cbac"} m=1 gates+1 gates-3 polys=296 infeasible-exact
2270 {"a": "cbac", "b": "babc", "c": "cba"} m=1 gates+2 gates-2 polys=508 infeasible-exact
2271 {"a": "cbac", "b": "bacb", "c": "acb"} m=1 gates+3 gates-1 polys=346 infeasible-exact
2272 {"a": "cbac", "b": "bbac", "c": "cba"} m=1 gates+2 gates-2 polys=972 infeasible-exact
2273 {"a": "cbac", "b": "bcba", "c": "cba"} m=1 gates+2 gates-2 polys=466 infeasible-exact
2274 {"a": "cbac", "b": "cbab", "c": "bac"} m=1 gates+2 gates-2 polys=430 infeasible-exact
2275 {"a": "cbac", "b": "cbab", "c": "cba"} m=1 gates+1 gates-3 polys=296 infeasible-exact
2276 {"a": "cbba", "b": "bac", "c": "cbac"} m=1 gates+2 gates-2 polys=448 infeasible-exact
2277 {"a": "cbca", "b": "bcab", "c": "cab"} m=1 gates+2 gates-2 polys=1614 infeasible-exact
2278 {"a": "ccab", "b": "babc", "c": "cab"} m=1 gates+2 gates-2 polys=524 infeasible-exact
2279 {"a": "ccba", "b": "bacb", "c": "cba"} m=1 gates+2 gates-2 polys=533 infeasible-exact
2280 {"a": "abc", "b": "abca", "c": "abcb"} m=1 gates+1 gates-3 polys=296 infeasible-exact
2281 {"a": "abc", "b": "abca", "c": "bcab"} m=1 gates+1 gates-3 polys=346 infeasible-exact
2282 {"a": "abc", "b": "abcc", "c": "caab"} m=1 gates+2 gates-2 polys=828 infeasible-exact
2283 {"a": "abc", "b": "abcc", "c": "caba"} m=1 gates+2 gates-2 polys=1959 infeasible-exact
2284 {"a": "abc", "b": "bcac", "c": "abca"} m=1 gates+2 gates-2 polys=516 infeasible-exact
2285 {"a": "abc", "b": "bcca", "c": "abca"} m=1 gates+2 gates-2 polys=387 infeasible-exact
2286 {"a": "abc", "b": "cabc", "c": "caab"} m=1 gates+2 gates-2 polys=772 infeasible-exact
2287 {"a": "abc", "b": "cabc", "c": "caba"} m=1 gates+2 gates-2 polys=1058 infeasible-exact
2288 {"a": "acb", "b": "acba", "c": "cbab"} m=1 gates+2 gates-2 polys=516 infeasible-exact
2289 {"a": "acb", "b": "acba", "c": "cbba"} m=1 gates+2 gates-2 polys=387 infeasible-exact
2290 {"a": "acb", "b": "acbc", "c": "acba"} m=1 gates+1 gates-3 polys=296 infeasible-exact
2291 {"a": "acb", "b": "baac", "c": "acbb"} m=1 gates+2 gates-2 polys=828 infeasible-exact
2292 {"a": "acb", "b": "baac", "c": "bacb"} m=1 gates+2 gates-2 polys=772 infeasible-exact
2293 {"a": "acb", "b": "baca", "c": "acbb"} m=1 gates+2 gates-2 polys=1959 infeasible-exact
2294 {"a": "acb", "b": "baca", "c": "bacb"} m=1 gates+2 gates-2 polys=1058 infeasible-exact
2295 {"a": "acb", "b": "cbac", "c": "acba"} m=1 gates+1 gates-3 polys=346 infeasible-exact
2296 {"a": "bac", "b": "aacb", "c": "bbac"} m=1 gates+2 gates-2 polys=976 infeasible-exact
2297 {"a": "bac", "b": "abac", "c": "bacb"} m=1 gates+2 gates-2 polys=1573 infeasible-exact
2298 {"a": "bac", "b": "acab", "c": "bbac"} m=1 gates+2 gates-2 polys=1578 infeasible-exact
2299 {"a": "bac", "b": "baca", "c": "bacb"} m=1 gates+1 gates-3 polys=296 infeasible-exact
stats m=1 [2200,2300) {"infeasible-exact": 100} time 31.0
2300 {"a": "bac", "b": "bacc", "c": "caba"} m=1 gates+2 gates-2 polys=1578 infeasible-exact
2301 {"a": "bac", "b": "bacc", "c": "cbaa"} m=1 gates+2 gates-2 polys=976 infeasible-exact
2302 {"a": "bac", "b": "cbac", "c": "abac"} m=1 gates+3 gates-1 polys=296 infeasible-exact
2303 {"a": "bac", "b": "cbac", "c": "baca"} m=1 gates+2 gates-2 polys=1573 infeasible-exact
2304 {"a": "bca", "b": "abca", "c": "abbc"} m=1 gates+2 gates-2 polys=387 infeasible-exact
2305 {"a": "bca", "b": "abca", "c": "babc"} m=1 gates+2 gates-2 polys=516 infeasible-exact
2306 {"a": "bca", "b": "acab", "c": "bbca"} m=1 gates+2 gates-2 polys=1959 infeasible-exact
2307 {"a": "bca", "b": "acab", "c": "bcab"} m=1 gates+2 gates-2 polys=1058 infeasible-exact
2308 {"a": "bca", "b": "caab", "c": "bbca"} m=1 gates+2 gates-2 polys=828 infeasible-exact
2309 {"a": "bca", "b": "caab", "c": "bcab"} m=1 gates+2 gates-2 polys=772 infeasible-exact
2310 {"a": "bca", "b": "cabc", "c": "abca"} m=1 gates+3 gates-1 polys=346 infeasible-exact
2311 {"a": "bca", "b": "cbca", "c": "abca"} m=1 gates+3 gates-1 polys=296 infeasible-exact
2312 {"a": "cab", "b": "acab", "c": "bcab"} m=1 gates+3 gates-1 polys=296 infeasible-exact
2313 {"a": "cab", "b": "baca", "c": "cabb"} m=1 gates+2 gates-2 polys=1578 infeasible-exact
2314 {"a": "cab", "b": "bcaa", "c": "cabb"} m=1 gates+2 gates-2 polys=976 infeasible-exact
2315 {"a": "cab", "b": "caba", "c": "bcab"} m=1 gates+2 gates-2 polys=1573 infeasible-exact
2316 {"a": "cab", "b": "cabc", "c": "acab"} m=1 gates+2 gates-2 polys=1573 infeasible-exact
2317 {"a": "cab", "b": "cabc", "c": "caba"} m=1 gates+1 gates-3 polys=296 infeasible-exact
2318 {"a": "cab", "b": "ccab", "c": "aabc"} m=1 gates+2 gates-2 polys=976 infeasible-exact
2319 {"a": "cab", "b": "ccab", "c": "abac"} m=1 gates+2 gates-2 polys=1578 infeasible-exact
2320 {"a": "cba", "b": "acba", "c": "bacb"} m=1 gates+3 gates-1 polys=346 infeasible-exact
2321 {"a": "cba", "b": "acba", "c": "bcba"} m=1 gates+3 gates-1 polys=296 infeasible-exact
2322 {"a": "cba", "b": "accb", "c": "acba"} m=1 gates+2 gates-2 polys=387 infeasible-exact
2323 {"a": "cba", "b": "cacb", "c": "acba"} m=1 gates+2 gates-2 polys=516 infeasible-exact
2324 {"a": "cba", "b": "cbac", "c": "abac"} m=1 gates+2 gates-2 polys=1058 infeasible-exact
2325 {"a": "cba", "b": "cbac", "c": "baac"} m=1 gates+2 gates-2 polys=772 infeasible-exact
2326 {"a": "cba", "b": "ccba", "c": "abac"} m=1 gates+2 gates-2 polys=1959 infeasible-exact
2327 {"a": "cba", "b": "ccba", "c": "baac"} m=1 gates+2 gates-2 polys=828 infeasible-exact
2328 {"a": "abbc", "b": "bca", "c": "abca"} m=1 gates+2 gates-2 polys=772 infeasible-exact
2329 {"a": "abbc", "b": "bca", "c": "bcaa"} m=1 gates+2 gates-2 polys=828 infeasible-exact
2330 {"a": "abbc", "b": "cabc", "c": "cab"} m=1 gates+2 gates-2 polys=387 infeasible-exact
2331 {"a": "abcb", "b": "abc", "c": "abca"} m=1 gates+1 gates-3 polys=296 infeasible-exact
2332 {"a": "abcb", "b": "bca", "c": "abca"} m=1 gates+2 gates-2 polys=1058 infeasible-exact
2333 {"a": "abcb", "b": "bca", "c": "bcaa"} m=1 gates+2 gates-2 polys=1959 infeasible-exact
2334 {"a": "abcb", "b": "cba", "c": "cbaa"} m=1 gates+2 gates-2 polys=1578 infeasible-exact
2335 {"a": "abcb", "b": "cabc", "c": "cab"} m=1 gates+2 gates-2 polys=516 infeasible-exact
2336 {"a": "abcc", "b": "abc", "c": "cabb"} m=1 gates+2 gates-2 polys=976 infeasible-exact
2337 {"a": "abcc", "b": "abc", "c": "cbab"} m=1 gates+2 gates-2 polys=1578 infeasible-exact
2338 {"a": "abcc", "b": "bcaa", "c": "bca"} m=1 gates+2 gates-2 polys=976 infeasible-exact
2339 {"a": "acbb", "b": "cba", "c": "cbaa"} m=1 gates+2 gates-2 polys=976 infeasible-exact
2340 {"a": "acbb", "b": "bacc", "c": "acb"} m=1 gates+2 gates-2 polys=976 infeasible-exact
2341 {"a": "acbb", "b": "bcac", "c": "acb"} m=1 gates+2 gates-2 polys=1578 infeasible-exact
2342 {"a": "acbc", "b": "bac", "c": "bacb"} m=1 gates+2 gates-2 polys=516 infeasible-exact
2343 {"a": "acbc", "b": "acba", "c": "acb"} m=1 gates+1 gates-3 polys=296 infeasible-exact
2344 {"a": "acbc", "b": "acba", "c": "cba"} m=1 gates+2 gates-2 polys=1058 infeasible-exact
2345 {"a": "acbc", "b": "bcaa", "c": "bca"} m=1 gates+2 gates-2 polys=1578 infeasible-exact
2346 {"a": "acbc", "b": "cbaa", "c": "cba"} m=1 gates+2 gates-2 polys=1959 infeasible-exact
2347 {"a": "accb", "b": "bac", "c": "bacb"} m=1 gates+2 gates-2 polys=387 infeasible-exact
2348 {"a": "accb", "b": "acba", "c": "cba"} m=1 gates+2 gates-2 polys=772 infeasible-exact
2349 {"a": "accb", "b": "cbaa", "c": "cba"} m=1 gates+2 gates-2 polys=828 infeasible-exact
2350 {"a": "babc", "b": "abc", "c": "abca"} m=1 gates+2 gates-2 polys=1573 infeasible-exact
2351 {"a": "babc", "b": "cabc", "c": "abc"} m=1 gates+3 gates-1 polys=296 infeasible-exact
2352 {"a": "bacb", "b": "acb", "c": "abac"} m=1 gates+2 gates-2 polys=516 infeasible-exact
2353 {"a": "bacb", "b": "acb", "c": "baac"} m=1 gates+2 gates-2 polys=387 infeasible-exact
2354 {"a": "bacb", "b": "bac", "c": "acba"} m=1 gates+1 gates-3 polys=346 infeasible-exact
2355 {"a": "bacb", "b": "bac", "c": "baca"} m=1 gates+1 gates-3 polys=296 infeasible-exact
2356 {"a": "bacb", "b": "acbc", "c": "acb"} m=1 gates+2 gates-2 polys=1573 infeasible-exact
2357 {"a": "bacb", "b": "accb", "c": "bac"} m=1 gates+2 gates-2 polys=772 infeasible-exact
2358 {"a": "bacb", "b": "cacb", "c": "acb"} m=1 gates+3 gates-1 polys=296 infeasible-exact
2359 {"a": "bacb", "b": "cacb", "c": "bac"} m=1 gates+2 gates-2 polys=1058 infeasible-exact
2360 {"a": "bacb", "b": "cbac", "c": "cba"} m=1 gates+1 gates-3 polys=346 infeasible-exact
2361 {"a": "bacc", "b": "bac", "c": "cbab"} m=1 gates+2 gates-2 polys=1959 infeasible-exact
2362 {"a": "bacc", "b": "bac", "c": "cbba"} m=1 gates+2 gates-2 polys=828 infeasible-exact
2363 {"a": "bbac", "b": "accb", "c": "bac"} m=1 gates+2 gates-2 polys=828 infeasible-exact
2364 {"a": "bbac", "b": "cacb", "c": "bac"} m=1 gates+2 gates-2 polys=1959 infeasible-exact
2365 {"a": "bbca", "b": "abc", "c": "aabc"} m=1 gates+2 gates-2 polys=976 infeasible-exact
2366 {"a": "bbca", "b": "cacb", "c": "bca"} m=1 gates+2 gates-2 polys=1578 infeasible-exact
2367 {"a": "bbca", "b": "ccab", "c": "bca"} m=1 gates+2 gates-2 polys=976 infeasible-exact
2368 {"a": "bcab", "b": "bca", "c": "caab"} m=1 gates+2 gates-2 polys=387 infeasible-exact
2369 {"a": "bcab", "b": "bca", "c": "caba"} m=1 gates+2 gates-2 polys=516 infeasible-exact
2370 {"a": "bcab", "b": "cab", "c": "abca"} m=1 gates+3 gates-1 polys=346 infeasible-exact
2371 {"a": "bcab", "b": "cab", "c": "acab"} m=1 gates+3 gates-1 polys=296 infeasible-exact
2372 {"a": "bcab", "b": "bcac", "c": "bca"} m=1 gates+1 gates-3 polys=296 infeasible-exact
2373 {"a": "bcab", "b": "bcac", "c": "cab"} m=1 gates+2 gates-2 polys=1058 infeasible-exact
2374 {"a": "bcab", "b": "bcca", "c": "cab"} m=1 gates+2 gates-2 polys=772 infeasible-exact
2375 {"a": "bcab", "b": "cabc", "c": "abc"} m=1 gates+3 gates-1 polys=346 infeasible-exact
2376 {"a": "bcab", "b": "cbca", "c": "bca"} m=1 gates+2 gates-2 polys=1573 infeasible-exact
2377 {"a": "bcac", "b": "bca", "c": "bcab"} m=1 gates+1 gates-3 polys=296 infeasible-exact
2378 {"a": "bcac", "b": "abca", "c": "bca"} m=1 gates+2 gates-2 polys=1573 infeasible-exact
2379 {"a": "bcba", "b": "abc", "c": "aabc"} m=1 gates+2 gates-2 polys=1578 infeasible-exact
2380 {"a": "bcba", "b": "acb", "c": "aacb"} m=1 gates+2 gates-2 polys=1959 infeasible-exact
2381 {"a": "bcba", "b": "acb", "c": "acba"} m=1 gates+2 gates-2 polys=1058 infeasible-exact
2382 {"a": "bcba", "b": "cba", "c": "acba"} m=1 gates+3 gates-1 polys=296 infeasible-exact
2383 {"a": "bcba", "b": "cbac", "c": "bac"} m=1 gates+2 gates-2 polys=516 infeasible-exact
2384 {"a": "bcca", "b": "cab", "c": "bcab"} m=1 gates+2 gates-2 polys=387 infeasible-exact
2385 {"a": "bcca", "b": "aabc", "c": "abc"} m=1 gates+2 gates-2 polys=828 infeasible-exact
2386 {"a": "bcca", "b": "abca", "c": "abc"} m=1 gates+2 gates-2 polys=772 infeasible-exact
2387 {"a": "cabb", "b": "bcac", "c": "cab"} m=1 gates+2 gates-2 polys=1959 infeasible-exact
2388 {"a": "cabb", "b": "bcca", "c": "cab"} m=1 gates+2 gates-2 polys=828 infeasible-exact
2389 {"a": "cabc", "b": "abc", "c": "abcb"} m=1 gates+2 gates-2 polys=1573 infeasible-exact
2390 {"a": "cabc", "b": "abc", "c": "babc"} m=1 gates+3 gates-1 polys=296 infeasible-exact
2391 {"a": "cabc", "b": "bca", "c": "bcab"} m=1 gates+1 gates-3 polys=346 infeasible-exact
2392 {"a": "cabc", "b": "cab", "c": "abbc"} m=1 gates+2 gates-2 polys=772 infeasible-exact
2393 {"a": "cabc", "b": "cab", "c": "babc"} m=1 gates+2 gates-2 polys=1058 infeasible-exact
2394 {"a": "cabc", "b": "abca", "c": "cab"} m=1 gates+1 gates-3 polys=346 infeasible-exact
2395 {"a": "cabc", "b": "acab", "c": "abc"} m=1 gates+2 gates-2 polys=516 infeasible-exact
2396 {"a": "cabc", "b": "caab", "c": "abc"} m=1 gates+2 gates-2 polys=387 infeasible-exact
2397 {"a": "cabc", "b": "caba", "c": "cab"} m=1 gates+1 gates-3 polys=296 infeasible-exact
2398 {"a": "cacb", "b": "acb", "c": "bacb"} m=1 gates+3 gates-1 polys=296 infeasible-exact
2399 {"a": "cacb", "b": "acba", "c": "acb"} m=1 gates+2 gates-2 polys=1573 infeasible-exact
stats m=1 [2300,2400) {"infeasible-exact": 100} time 40.1
2400 {"a": "cbab", "b": "cba", "c": "acba"} m=1 gates+2 gates-2 polys=1573 infeasible-exact
2401 {"a": "cbab", "b": "cbac", "c": "cba"} m=1 gates+1 gates-3 polys=296 infeasible-exact
2402 {"a": "cbac", "b": "acb", "c": "bacb"} m=1 gates+3 gates-1 polys=346 infeasible-exact
2403 {"a": "cbac", "b": "bac", "c": "cbab"} m=1 gates+2 gates-2 polys=1058 infeasible-exact
2404 {"a": "cbac", "b": "bac", "c": "cbba"} m=1 gates+2 gates-2 polys=772 infeasible-exact
2405 {"a": "cbac", "b": "cba", "c": "bcba"} m=1 gates+2 gates-2 polys=1573 infeasible-exact
2406 {"a": "cbac", "b": "cba", "c": "cbab"} m=1 gates+1 gates-3 polys=296 infeasible-exact
2407 {"a": "cbac", "b": "abac", "c": "bac"} m=1 gates+3 gates-1 polys=296 infeasible-exact
2408 {"a": "cbac", "b": "acba", "c": "bac"} m=1 gates+3 gates-1 polys=346 infeasible-exact
2409 {"a": "cbac", "b": "baac", "c": "cba"} m=1 gates+2 gates-2 polys=387 infeasible-exact
2410 {"a": "cbac", "b": "baca", "c": "cba"} m=1 gates+2 gates-2 polys=516 infeasible-exact
2411 {"a": "cbba", "b": "acb", "c": "aacb"} m=1 gates+2 gates-2 polys=828 infeasible-exact
2412 {"a": "cbba", "b": "acb", "c": "acba"} m=1 gates+2 gates-2 polys=772 infeasible-exact
2413 {"a": "cbba", "b": "cbac", "c": "bac"} m=1 gates+2 gates-2 polys=387 infeasible-exact
2414 {"a": "cbca", "b": "cab", "c": "bcab"} m=1 gates+2 gates-2 polys=516 infeasible-exact
2415 {"a": "cbca", "b": "aabc", "c": "abc"} m=1 gates+2 gates-2 polys=1959 infeasible-exact
2416 {"a": "cbca", "b": "aacb", "c": "acb"} m=1 gates+2 gates-2 polys=1578 infeasible-exact
2417 {"a": "cbca", "b": "abca", "c": "abc"} m=1 gates+2 gates-2 polys=1058 infeasible-exact
2418 {"a": "cbca", "b": "abca", "c": "bca"} m=1 gates+3 gates-1 polys=296 infeasible-exact
2419 {"a": "ccab", "b": "cab", "c": "abbc"} m=1 gates+2 gates-2 polys=828 infeasible-exact
2420 {"a": "ccab", "b": "cab", "c": "babc"} m=1 gates+2 gates-2 polys=1959 infeasible-exact
2421 {"a": "ccba", "b": "cba", "c": "babc"} m=1 gates+2 gates-2 polys=1578 infeasible-exact
2422 {"a": "ccba", "b": "cba", "c": "bbac"} m=1 gates+2 gates-2 polys=976 infeasible-exact
2423 {"a": "ccba", "b": "aacb", "c": "acb"} m=1 gates+2 gates-2 polys=976 infeasible-exact
2424 {"a": "abb", "b": "baac", "c": "abbb"} m=1 gates+2 gates-2 polys=5687 infeasible-exact
2425 {"a": "abb", "b": "baac", "c": "babb"} m=1 gates+2 gates-2 polys=3824 infeasible-exact
2426 {"a": "abb", "b": "baca", "c": "abbb"} m=1 gates+2 gates-2 polys=3889 infeasible-exact
2427 {"a": "abb", "b": "baca", "c": "babb"} m=1 gates+2 gates-2 polys=3930 infeasible-exact
2428 {"a": "abb", "b": "bcaa", "c": "abbb"} m=1 gates+2 gates-2 polys=4457 infeasible-exact
2429 {"a": "abb", "b": "bcaa", "c": "babb"} m=1 gates+2 gates-2 polys=5486 infeasible-exact
2430 {"a": "abb", "b": "caab", "c": "babb"} m=1 gates+3 gates-1 polys=320 infeasible-exact
2431 {"a": "acc", "b": "accc", "c": "caab"} m=1 gates+2 gates-2 polys=5687 infeasible-exact
2432 {"a": "acc", "b": "accc", "c": "caba"} m=1 gates+2 gates-2 polys=3889 infeasible-exact
2433 {"a": "acc", "b": "accc", "c": "cbaa"} m=1 gates+2 gates-2 polys=4457 infeasible-exact
2434 {"a": "acc", "b": "cacc", "c": "baac"} m=1 gates+3 gates-1 polys=320 infeasible-exact
2435 {"a": "acc", "b": "cacc", "c": "caab"} m=1 gates+2 gates-2 polys=3824 infeasible-exact
2436 {"a": "acc", "b": "cacc", "c": "caba"} m=1 gates+2 gates-2 polys=3930 infeasible-exact
2437 {"a": "acc", "b": "cacc", "c": "cbaa"} m=1 gates+2 gates-2 polys=5486 infeasible-exact
2438 {"a": "bab", "b": "aabc", "c": "babb"} m=1 gates+2 gates-2 polys=2381 infeasible-exact
2439 {"a": "bab", "b": "aabc", "c": "bbab"} m=1 gates+2 gates-2 polys=3887 infeasible-exact
2440 {"a": "bab", "b": "abac", "c": "babb"} m=1 gates+2 gates-2 polys=2727 infeasible-exact
2441 {"a": "bab", "b": "abac", "c": "bbab"} m=1 gates+2 gates-2 polys=1800 NEGATIVE -0.500000
2442 {"a": "bab", "b": "abca", "c": "babb"} m=1 gates+2 gates-2 polys=2636 infeasible-exact
2443 {"a": "bab", "b": "abca", "c": "bbab"} m=1 gates+2 gates-2 polys=1541 infeasible-exact
2444 {"a": "bab", "b": "acba", "c": "babb"} m=1 gates+2 gates-2 polys=1541 infeasible-exact
2445 {"a": "bab", "b": "acba", "c": "bbab"} m=1 gates+2 gates-2 polys=2636 infeasible-exact
2446 {"a": "bab", "b": "caba", "c": "babb"} m=1 gates+2 gates-2 polys=1800 NEGATIVE -0.500000
2447 {"a": "bab", "b": "caba", "c": "bbab"} m=1 gates+2 gates-2 polys=2727 infeasible-exact
2448 {"a": "bab", "b": "cbaa", "c": "babb"} m=1 gates+2 gates-2 polys=3887 infeasible-exact
2449 {"a": "bab", "b": "cbaa", "c": "bbab"} m=1 gates+2 gates-2 polys=2381 infeasible-exact
2450 {"a": "bba", "b": "aacb", "c": "bbab"} m=1 gates+2 gates-2 polys=5486 infeasible-exact
2451 {"a": "bba", "b": "aacb", "c": "bbba"} m=1 gates+2 gates-2 polys=4457 infeasible-exact
2452 {"a": "bba", "b": "acab", "c": "bbab"} m=1 gates+2 gates-2 polys=3930 infeasible-exact
2453 {"a": "bba", "b": "acab", "c": "bbba"} m=1 gates+2 gates-2 polys=3889 infeasible-exact
2454 {"a": "bba", "b": "baac", "c": "bbab"} m=1 gates+1 gates-3 polys=320 infeasible-exact
2455 {"a": "bba", "b": "caab", "c": "bbab"} m=1 gates+2 gates-2 polys=3824 infeasible-exact
2456 {"a": "bba", "b": "caab", "c": "bbba"} m=1 gates+2 gates-2 polys=5687 infeasible-exact
2457 {"a": "bbc", "b": "aaab", "c": "abbc"} m=1 gates+2 gates-2 polys=1538 infeasible-exact
2458 {"a": "bbc", "b": "aaba", "c": "bbca"} m=1 gates+2 gates-2 polys=2498 infeasible-exact
2459 {"a": "bbc", "b": "abaa", "c": "bbca"} m=1 gates+2 gates-2 polys=1703 infeasible-exact
2460 {"a": "bcb", "b": "aaba", "c": "abcb"} m=1 gates+2 gates-2 polys=1301 infeasible-exact
2461 {"a": "bcb", "b": "aaba", "c": "bcba"} m=1 gates+2 gates-2 polys=906 infeasible-exact
2462 {"a": "bcb", "b": "abaa", "c": "abcb"} m=1 gates+2 gates-2 polys=906 infeasible-exact
2463 {"a": "bcb", "b": "abaa", "c": "bcba"} m=1 gates+2 gates-2 polys=1301 infeasible-exact
2464 {"a": "bcc", "b": "abcc", "c": "aaca"} m=1 gates+2 gates-2 polys=1703 infeasible-exact
2465 {"a": "bcc", "b": "abcc", "c": "acaa"} m=1 gates+2 gates-2 polys=2498 infeasible-exact
2466 {"a": "bcc", "b": "bcca", "c": "caaa"} m=1 gates+2 gates-2 polys=1538 infeasible-exact
2467 {"a": "cac", "b": "cacc", "c": "aacb"} m=1 gates+2 gates-2 polys=2381 infeasible-exact
2468 {"a": "cac", "b": "cacc", "c": "abca"} m=1 gates+2 gates-2 polys=1541 infeasible-exact
2469 {"a": "cac", "b": "cacc", "c": "acab"} m=1 gates+2 gates-2 polys=2727 infeasible-exact
2470 {"a": "cac", "b": "cacc", "c": "acba"} m=1 gates+2 gates-2 polys=2636 infeasible-exact
2471 {"a": "cac", "b": "cacc", "c": "baca"} m=1 gates+2 gates-2 polys=1800 NEGATIVE -0.500000
2472 {"a": "cac", "b": "cacc", "c": "bcaa"} m=1 gates+2 gates-2 polys=3887 infeasible-exact
2473 {"a": "cac", "b": "ccac", "c": "aacb"} m=1 gates+2 gates-2 polys=3887 infeasible-exact
2474 {"a": "cac", "b": "ccac", "c": "abca"} m=1 gates+2 gates-2 polys=2636 infeasible-exact
2475 {"a": "cac", "b": "ccac", "c": "acab"} m=1 gates+2 gates-2 polys=1800 NEGATIVE -0.500000
2476 {"a": "cac", "b": "ccac", "c": "acba"} m=1 gates+2 gates-2 polys=1541 infeasible-exact
2477 {"a": "cac", "b": "ccac", "c": "baca"} m=1 gates+2 gates-2 polys=2727 infeasible-exact
2478 {"a": "cac", "b": "ccac", "c": "bcaa"} m=1 gates+2 gates-2 polys=2381 infeasible-exact
2479 {"a": "cbb", "b": "aaba", "c": "acbb"} m=1 gates+2 gates-2 polys=1703 infeasible-exact
2480 {"a": "cbb", "b": "abaa", "c": "acbb"} m=1 gates+2 gates-2 polys=2498 infeasible-exact
2481 {"a": "cbb", "b": "baaa", "c": "cbba"} m=1 gates+2 gates-2 polys=1538 infeasible-exact
2482 {"a": "cbc", "b": "acbc", "c": "aaca"} m=1 gates+2 gates-2 polys=1301 infeasible-exact
2483 {"a": "cbc", "b": "acbc", "c": "acaa"} m=1 gates+2 gates-2 polys=906 infeasible-exact
2484 {"a": "cbc", "b": "cbca", "c": "aaca"} m=1 gates+2 gates-2 polys=906 infeasible-exact
2485 {"a": "cbc", "b": "cbca", "c": "acaa"} m=1 gates+2 gates-2 polys=1301 infeasible-exact
2486 {"a": "cca", "b": "ccac", "c": "aabc"} m=1 gates+2 gates-2 polys=5486 infeasible-exact
2487 {"a": "cca", "b": "ccac", "c": "abac"} m=1 gates+2 gates-2 polys=3930 infeasible-exact
2488 {"a": "cca", "b": "ccac", "c": "baac"} m=1 gates+2 gates-2 polys=3824 infeasible-exact
2489 {"a": "cca", "b": "ccac", "c": "caab"} m=1 gates+1 gates-3 polys=320 infeasible-exact
2490 {"a": "cca", "b": "ccca", "c": "aabc"} m=1 gates+2 gates-2 polys=4457 infeasible-exact
2491 {"a": "cca", "b": "ccca", "c": "abac"} m=1 gates+2 gates-2 polys=3889 infeasible-exact
2492 {"a": "cca", "b": "ccca", "c": "baac"} m=1 gates+2 gates-2 polys=5687 infeasible-exact
2493 {"a": "ccb", "b": "accb", "c": "aaac"} m=1 gates+2 gates-2 polys=1538 infeasible-exact
2494 {"a": "ccb", "b": "ccba", "c": "aaca"} m=1 gates+2 gates-2 polys=2498 infeasible-exact
2495 {"a": "ccb", "b": "ccba", "c": "acaa"} m=1 gates+2 gates-2 polys=1703 infeasible-exact
2496 {"a": "abbb", "b": "caa", "c": "caab"} m=1 gates+2 gates-2 polys=1538 infeasible-exact
2497 {"a": "abbc", "b": "aab", "c": "aaba"} m=1 gates+1 gates-3 polys=320 infeasible-exact
2498 {"a": "abbc", "b": "baa", "c": "abaa"} m=1 gates+2 gates-2 polys=3824 infeasible-exact
2499 {"a": "abbc", "b": "baa", "c": "baaa"} m=1 gates+2 gates-2 polys=5687 infeasible-exact
stats m=1 [2400,2500) {"infeasible-exact": 96, "NEGATIVE": 4} time 74.6
2500 {"a": "abbc", "b": "bccc", "c": "abb"} m=1 gates+2 gates-2 polys=1538 infeasible-exact
2501 {"a": "abcb", "b": "baa", "c": "abaa"} m=1 gates+2 gates-2 polys=3930 infeasible-exact
2502 {"a": "abcb", "b": "baa", "c": "baaa"} m=1 gates+2 gates-2 polys=3889 infeasible-exact
2503 {"a": "abcc", "b": "acaa", "c": "caa"} m=1 gates+2 gates-2 polys=5486 infeasible-exact
2504 {"a": "abcc", "b": "caaa", "c": "caa"} m=1 gates+2 gates-2 polys=4457 infeasible-exact
2505 {"a": "acbb", "b": "baa", "c": "abaa"} m=1 gates+2 gates-2 polys=5486 infeasible-exact
2506 {"a": "acbb", "b": "baa", "c": "baaa"} m=1 gates+2 gates-2 polys=4457 infeasible-exact
2507 {"a": "acbc", "b": "acaa", "c": "caa"} m=1 gates+2 gates-2 polys=3930 infeasible-exact
2508 {"a": "acbc", "b": "caaa", "c": "caa"} m=1 gates+2 gates-2 polys=3889 infeasible-exact
2509 {"a": "accb", "b": "acc", "c": "cbbb"} m=1 gates+2 gates-2 polys=1538 infeasible-exact
2510 {"a": "accb", "b": "aaca", "c": "aac"} m=1 gates+1 gates-3 polys=320 infeasible-exact
2511 {"a": "accb", "b": "acaa", "c": "caa"} m=1 gates+2 gates-2 polys=3824 infeasible-exact
2512 {"a": "accb", "b": "caaa", "c": "caa"} m=1 gates+2 gates-2 polys=5687 infeasible-exact
2513 {"a": "accc", "b": "baac", "c": "baa"} m=1 gates+2 gates-2 polys=1538 infeasible-exact
2514 {"a": "babb", "b": "aac", "c": "aacb"} m=1 gates+2 gates-2 polys=1703 infeasible-exact
2515 {"a": "babb", "b": "aca", "c": "acab"} m=1 gates+2 gates-2 polys=1301 infeasible-exact
2516 {"a": "babb", "b": "aca", "c": "baca"} m=1 gates+2 gates-2 polys=906 infeasible-exact
2517 {"a": "babb", "b": "caa", "c": "bcaa"} m=1 gates+2 gates-2 polys=2498 infeasible-exact
2518 {"a": "babc", "b": "aba", "c": "aaba"} m=1 gates+2 gates-2 polys=1800 NEGATIVE -0.500000
2519 {"a": "babc", "b": "aba", "c": "abaa"} m=1 gates+2 gates-2 polys=2727 infeasible-exact
2520 {"a": "babc", "b": "cbcc", "c": "bab"} m=1 gates+2 gates-2 polys=1301 infeasible-exact
2521 {"a": "babc", "b": "ccbc", "c": "bab"} m=1 gates+2 gates-2 polys=906 infeasible-exact
2522 {"a": "bacb", "b": "aba", "c": "aaba"} m=1 gates+2 gates-2 polys=1541 infeasible-exact
2523 {"a": "bacb", "b": "aba", "c": "abaa"} m=1 gates+2 gates-2 polys=2636 infeasible-exact
2524 {"a": "bacc", "b": "acc", "c": "bbcb"} m=1 gates+2 gates-2 polys=1703 infeasible-exact
2525 {"a": "bacc", "b": "acc", "c": "bcbb"} m=1 gates+2 gates-2 polys=2498 infeasible-exact
2526 {"a": "bacc", "b": "aaca", "c": "aca"} m=1 gates+2 gates-2 polys=2381 infeasible-exact
2527 {"a": "bacc", "b": "acaa", "c": "aca"} m=1 gates+2 gates-2 polys=3887 infeasible-exact
2528 {"a": "bbab", "b": "aac", "c": "aacb"} m=1 gates+2 gates-2 polys=2498 infeasible-exact
2529 {"a": "bbab", "b": "aca", "c": "acab"} m=1 gates+2 gates-2 polys=906 infeasible-exact
2530 {"a": "bbab", "b": "aca", "c": "baca"} m=1 gates+2 gates-2 polys=1301 infeasible-exact
2531 {"a": "bbab", "b": "caa", "c": "bcaa"} m=1 gates+2 gates-2 polys=1703 infeasible-exact
2532 {"a": "bbac", "b": "aba", "c": "aaba"} m=1 gates+2 gates-2 polys=3887 infeasible-exact
2533 {"a": "bbac", "b": "aba", "c": "abaa"} m=1 gates+2 gates-2 polys=2381 infeasible-exact
2534 {"a": "bbac", "b": "cbcc", "c": "bba"} m=1 gates+2 gates-2 polys=1703 infeasible-exact
2535 {"a": "bbac", "b": "ccbc", "c": "bba"} m=1 gates+2 gates-2 polys=2498 infeasible-exact
2536 {"a": "bbba", "b": "aac", "c": "baac"} m=1 gates+2 gates-2 polys=1538 infeasible-exact
2537 {"a": "bbbc", "b": "accb", "c": "bbc"} m=1 gates+2 gates-2 polys=5687 infeasible-exact
2538 {"a": "bbbc", "b": "cacb", "c": "bbc"} m=1 gates+2 gates-2 polys=3889 infeasible-exact
2539 {"a": "bbbc", "b": "ccab", "c": "bbc"} m=1 gates+2 gates-2 polys=4457 infeasible-exact
2540 {"a": "bbca", "b": "aab", "c": "aaab"} m=1 gates+2 gates-2 polys=4457 infeasible-exact
2541 {"a": "bbca", "b": "aab", "c": "aaba"} m=1 gates+2 gates-2 polys=5486 infeasible-exact
2542 {"a": "bbcb", "b": "abcc", "c": "bcb"} m=1 gates+2 gates-2 polys=2381 infeasible-exact
2543 {"a": "bbcb", "b": "acbc", "c": "bcb"} m=1 gates+2 gates-2 polys=2727 infeasible-exact
2544 {"a": "bbcb", "b": "accb", "c": "bbc"} m=1 gates+2 gates-2 polys=3824 infeasible-exact
2545 {"a": "bbcb", "b": "bcca", "c": "bbc"} m=1 gates+1 gates-3 polys=320 infeasible-exact
2546 {"a": "bbcb", "b": "cabc", "c": "bcb"} m=1 gates+2 gates-2 polys=2636 infeasible-exact
2547 {"a": "bbcb", "b": "cacb", "c": "bbc"} m=1 gates+2 gates-2 polys=3930 infeasible-exact
2548 {"a": "bbcb", "b": "cbac", "c": "bcb"} m=1 gates+2 gates-2 polys=1541 infeasible-exact
2549 {"a": "bbcb", "b": "cbca", "c": "bcb"} m=1 gates+2 gates-2 polys=1800 NEGATIVE -0.500000
2550 {"a": "bbcb", "b": "ccab", "c": "bbc"} m=1 gates+2 gates-2 polys=5486 infeasible-exact
2551 {"a": "bbcb", "b": "ccba", "c": "bcb"} m=1 gates+2 gates-2 polys=3887 infeasible-exact
2552 {"a": "bcab", "b": "aba", "c": "aaba"} m=1 gates+2 gates-2 polys=2636 infeasible-exact
2553 {"a": "bcab", "b": "aba", "c": "abaa"} m=1 gates+2 gates-2 polys=1541 infeasible-exact
2554 {"a": "bcac", "b": "cac", "c": "bbcb"} m=1 gates+2 gates-2 polys=1301 infeasible-exact
2555 {"a": "bcac", "b": "cac", "c": "bcbb"} m=1 gates+2 gates-2 polys=906 infeasible-exact
2556 {"a": "bcac", "b": "aaca", "c": "aca"} m=1 gates+2 gates-2 polys=2727 infeasible-exact
2557 {"a": "bcac", "b": "acaa", "c": "aca"} m=1 gates+2 gates-2 polys=1800 NEGATIVE -0.500000
2558 {"a": "bcba", "b": "aab", "c": "aaab"} m=1 gates+2 gates-2 polys=3889 infeasible-exact
2559 {"a": "bcba", "b": "aab", "c": "aaba"} m=1 gates+2 gates-2 polys=3930 infeasible-exact
2560 {"a": "bcbb", "b": "abcc", "c": "bcb"} m=1 gates+2 gates-2 polys=3887 infeasible-exact
2561 {"a": "bcbb", "b": "acbc", "c": "bcb"} m=1 gates+2 gates-2 polys=1800 NEGATIVE -0.500000
2562 {"a": "bcbb", "b": "accb", "c": "cbb"} m=1 gates+3 gates-1 polys=320 infeasible-exact
2563 {"a": "bcbb", "b": "bacc", "c": "cbb"} m=1 gates+2 gates-2 polys=5486 infeasible-exact
2564 {"a": "bcbb", "b": "bcac", "c": "cbb"} m=1 gates+2 gates-2 polys=3930 infeasible-exact
2565 {"a": "bcbb", "b": "bcca", "c": "cbb"} m=1 gates+2 gates-2 polys=3824 infeasible-exact
2566 {"a": "bcbb", "b": "cabc", "c": "bcb"} m=1 gates+2 gates-2 polys=1541 infeasible-exact
2567 {"a": "bcbb", "b": "cbac", "c": "bcb"} m=1 gates+2 gates-2 polys=2636 infeasible-exact
2568 {"a": "bcbb", "b": "cbca", "c": "bcb"} m=1 gates+2 gates-2 polys=2727 infeasible-exact
2569 {"a": "bcbb", "b": "ccba", "c": "bcb"} m=1 gates+2 gates-2 polys=2381 infeasible-exact
2570 {"a": "bcca", "b": "cca", "c": "bbbc"} m=1 gates+2 gates-2 polys=1538 infeasible-exact
2571 {"a": "bcca", "b": "aaac", "c": "aac"} m=1 gates+2 gates-2 polys=5687 infeasible-exact
2572 {"a": "bcca", "b": "aaca", "c": "aac"} m=1 gates+2 gates-2 polys=3824 infeasible-exact
2573 {"a": "bcca", "b": "acaa", "c": "caa"} m=1 gates+3 gates-1 polys=320 infeasible-exact
2574 {"a": "bccc", "b": "bcc", "c": "cabb"} m=1 gates+2 gates-2 polys=4457 infeasible-exact
2575 {"a": "bccc", "b": "bcc", "c": "cbab"} m=1 gates+2 gates-2 polys=3889 infeasible-exact
2576 {"a": "bccc", "b": "bcc", "c": "cbba"} m=1 gates+2 gates-2 polys=5687 infeasible-exact
2577 {"a": "cabb", "b": "aba", "c": "aaba"} m=1 gates+2 gates-2 polys=2381 infeasible-exact
2578 {"a": "cabb", "b": "aba", "c": "abaa"} m=1 gates+2 gates-2 polys=3887 infeasible-exact
2579 {"a": "cabb", "b": "cbcc", "c": "abb"} m=1 gates+2 gates-2 polys=2498 infeasible-exact
2580 {"a": "cabb", "b": "ccbc", "c": "abb"} m=1 gates+2 gates-2 polys=1703 infeasible-exact
2581 {"a": "cabc", "b": "aaca", "c": "aca"} m=1 gates+2 gates-2 polys=1541 infeasible-exact
2582 {"a": "cabc", "b": "acaa", "c": "aca"} m=1 gates+2 gates-2 polys=2636 infeasible-exact
2583 {"a": "cacb", "b": "cac", "c": "bbcb"} m=1 gates+2 gates-2 polys=906 infeasible-exact
2584 {"a": "cacb", "b": "cac", "c": "bcbb"} m=1 gates+2 gates-2 polys=1301 infeasible-exact
2585 {"a": "cacb", "b": "aaca", "c": "aca"} m=1 gates+2 gates-2 polys=1800 NEGATIVE -0.500000
2586 {"a": "cacb", "b": "acaa", "c": "aca"} m=1 gates+2 gates-2 polys=2727 infeasible-exact
2587 {"a": "cacc", "b": "aabc", "c": "aab"} m=1 gates+2 gates-2 polys=1703 infeasible-exact
2588 {"a": "cacc", "b": "abac", "c": "aba"} m=1 gates+2 gates-2 polys=1301 infeasible-exact
2589 {"a": "cacc", "b": "caba", "c": "aba"} m=1 gates+2 gates-2 polys=906 infeasible-exact
2590 {"a": "cacc", "b": "cbaa", "c": "baa"} m=1 gates+2 gates-2 polys=2498 infeasible-exact
2591 {"a": "cbab", "b": "aba", "c": "aaba"} m=1 gates+2 gates-2 polys=2727 infeasible-exact
2592 {"a": "cbab", "b": "aba", "c": "abaa"} m=1 gates+2 gates-2 polys=1800 NEGATIVE -0.500000
2593 {"a": "cbab", "b": "cbcc", "c": "bab"} m=1 gates+2 gates-2 polys=906 infeasible-exact
2594 {"a": "cbab", "b": "ccbc", "c": "bab"} m=1 gates+2 gates-2 polys=1301 infeasible-exact
2595 {"a": "cbac", "b": "aaca", "c": "aca"} m=1 gates+2 gates-2 polys=2636 infeasible-exact
2596 {"a": "cbac", "b": "acaa", "c": "aca"} m=1 gates+2 gates-2 polys=1541 infeasible-exact
2597 {"a": "cbba", "b": "aab", "c": "aaab"} m=1 gates+2 gates-2 polys=5687 infeasible-exact
2598 {"a": "cbba", "b": "aab", "c": "aaba"} m=1 gates+2 gates-2 polys=3824 infeasible-exact
2599 {"a": "cbba", "b": "baa", "c": "abaa"} m=1 gates+3 gates-1 polys=320 infeasible-exact
stats m=1 [2500,2600) {"infeasible-exact": 94, "NEGATIVE": 6} time 82.7
2600 {"a": "cbba", "b": "cccb", "c": "bba"} m=1 gates+2 gates-2 polys=1538 infeasible-exact
2601 {"a": "cbbb", "b": "bacc", "c": "cbb"} m=1 gates+2 gates-2 polys=4457 infeasible-exact
2602 {"a": "cbbb", "b": "bcac", "c": "cbb"} m=1 gates+2 gates-2 polys=3889 infeasible-exact
2603 {"a": "cbbb", "b": "bcca", "c": "cbb"} m=1 gates+2 gates-2 polys=5687 infeasible-exact
2604 {"a": "cbca", "b": "aaac", "c": "aac"} m=1 gates+2 gates-2 polys=3889 infeasible-exact
2605 {"a": "cbca", "b": "aaca", "c": "aac"} m=1 gates+2 gates-2 polys=3930 infeasible-exact
2606 {"a": "cbcc", "b": "bcc", "c": "abbc"} m=1 gates+3 gates-1 polys=320 infeasible-exact
2607 {"a": "cbcc", "b": "bcc", "c": "cabb"} m=1 gates+2 gates-2 polys=5486 infeasible-exact
2608 {"a": "cbcc", "b": "bcc", "c": "cbab"} m=1 gates+2 gates-2 polys=3930 infeasible-exact
2609 {"a": "cbcc", "b": "bcc", "c": "cbba"} m=1 gates+2 gates-2 polys=3824 infeasible-exact
2610 {"a": "cbcc", "b": "cbc", "c": "abcb"} m=1 gates+2 gates-2 polys=1800 NEGATIVE -0.500000
2611 {"a": "cbcc", "b": "cbc", "c": "acbb"} m=1 gates+2 gates-2 polys=3887 infeasible-exact
2612 {"a": "cbcc", "b": "cbc", "c": "bacb"} m=1 gates+2 gates-2 polys=1541 infeasible-exact
2613 {"a": "cbcc", "b": "cbc", "c": "bbca"} m=1 gates+2 gates-2 polys=2381 infeasible-exact
2614 {"a": "cbcc", "b": "cbc", "c": "bcab"} m=1 gates+2 gates-2 polys=2636 infeasible-exact
2615 {"a": "cbcc", "b": "cbc", "c": "bcba"} m=1 gates+2 gates-2 polys=2727 infeasible-exact
2616 {"a": "ccab", "b": "cca", "c": "bbcb"} m=1 gates+2 gates-2 polys=2498 infeasible-exact
2617 {"a": "ccab", "b": "cca", "c": "bcbb"} m=1 gates+2 gates-2 polys=1703 infeasible-exact
2618 {"a": "ccab", "b": "aaca", "c": "aca"} m=1 gates+2 gates-2 polys=3887 infeasible-exact
2619 {"a": "ccab", "b": "acaa", "c": "aca"} m=1 gates+2 gates-2 polys=2381 infeasible-exact
2620 {"a": "ccac", "b": "aabc", "c": "aab"} m=1 gates+2 gates-2 polys=2498 infeasible-exact
2621 {"a": "ccac", "b": "abac", "c": "aba"} m=1 gates+2 gates-2 polys=906 infeasible-exact
2622 {"a": "ccac", "b": "caba", "c": "aba"} m=1 gates+2 gates-2 polys=1301 infeasible-exact
2623 {"a": "ccac", "b": "cbaa", "c": "baa"} m=1 gates+2 gates-2 polys=1703 infeasible-exact
2624 {"a": "ccba", "b": "aaac", "c": "aac"} m=1 gates+2 gates-2 polys=4457 infeasible-exact
2625 {"a": "ccba", "b": "aaca", "c": "aac"} m=1 gates+2 gates-2 polys=5486 infeasible-exact
2626 {"a": "ccbc", "b": "cbc", "c": "abcb"} m=1 gates+2 gates-2 polys=2727 infeasible-exact
2627 {"a": "ccbc", "b": "cbc", "c": "acbb"} m=1 gates+2 gates-2 polys=2381 infeasible-exact
2628 {"a": "ccbc", "b": "cbc", "c": "bacb"} m=1 gates+2 gates-2 polys=2636 infeasible-exact
2629 {"a": "ccbc", "b": "cbc", "c": "bbca"} m=1 gates+2 gates-2 polys=3887 infeasible-exact
2630 {"a": "ccbc", "b": "cbc", "c": "bcab"} m=1 gates+2 gates-2 polys=1541 infeasible-exact
2631 {"a": "ccbc", "b": "cbc", "c": "bcba"} m=1 gates+2 gates-2 polys=1800 NEGATIVE -0.500000
2632 {"a": "ccbc", "b": "ccb", "c": "abbc"} m=1 gates+2 gates-2 polys=3824 infeasible-exact
2633 {"a": "ccbc", "b": "ccb", "c": "babc"} m=1 gates+2 gates-2 polys=3930 infeasible-exact
2634 {"a": "ccbc", "b": "ccb", "c": "bbac"} m=1 gates+2 gates-2 polys=5486 infeasible-exact
2635 {"a": "ccbc", "b": "ccb", "c": "cbba"} m=1 gates+1 gates-3 polys=320 infeasible-exact
2636 {"a": "ccca", "b": "caab", "c": "aab"} m=1 gates+2 gates-2 polys=1538 infeasible-exact
2637 {"a": "cccb", "b": "ccb", "c": "abbc"} m=1 gates+2 gates-2 polys=5687 infeasible-exact
2638 {"a": "cccb", "b": "ccb", "c": "babc"} m=1 gates+2 gates-2 polys=3889 infeasible-exact
2639 {"a": "cccb", "b": "ccb", "c": "bbac"} m=1 gates+2 gates-2 polys=4457 infeasible-exact
2640 {"a": "aab", "b": "caab", "c": "cacc"} m=1 gates+2 gates-2 polys=2332 infeasible-exact
2641 {"a": "aab", "b": "caab", "c": "ccac"} m=1 gates+2 gates-2 polys=2942 infeasible-exact
2642 {"a": "aac", "b": "babb", "c": "baac"} m=1 gates+2 gates-2 polys=2332 infeasible-exact
2643 {"a": "aac", "b": "bbab", "c": "baac"} m=1 gates+2 gates-2 polys=2942 infeasible-exact
2644 {"a": "aba", "b": "abac", "c": "cacc"} m=1 gates+2 gates-2 polys=1164 infeasible-exact
2645 {"a": "aba", "b": "abac", "c": "ccac"} m=1 gates+2 gates-2 polys=2286 infeasible-exact
2646 {"a": "aba", "b": "caba", "c": "cacc"} m=1 gates+2 gates-2 polys=2286 infeasible-exact
2647 {"a": "aba", "b": "caba", "c": "ccac"} m=1 gates+2 gates-2 polys=1164 infeasible-exact
2648 {"a": "aca", "b": "babb", "c": "acab"} m=1 gates+2 gates-2 polys=1164 infeasible-exact
2649 {"a": "aca", "b": "babb", "c": "baca"} m=1 gates+2 gates-2 polys=2286 infeasible-exact
2650 {"a": "aca", "b": "bbab", "c": "acab"} m=1 gates+2 gates-2 polys=2286 infeasible-exact
2651 {"a": "aca", "b": "bbab", "c": "baca"} m=1 gates+2 gates-2 polys=1164 infeasible-exact
2652 {"a": "baa", "b": "baac", "c": "cacc"} m=1 gates+2 gates-2 polys=2942 infeasible-exact
2653 {"a": "baa", "b": "baac", "c": "ccac"} m=1 gates+2 gates-2 polys=2332 infeasible-exact
2654 {"a": "caa", "b": "babb", "c": "caab"} m=1 gates+2 gates-2 polys=2942 infeasible-exact
2655 {"a": "caa", "b": "bbab", "c": "caab"} m=1 gates+2 gates-2 polys=2332 infeasible-exact
2656 {"a": "aaba", "b": "bbc", "c": "abbc"} m=1 gates+2 gates-2 polys=2942 infeasible-exact
2657 {"a": "aaba", "b": "bcb", "c": "abcb"} m=1 gates+2 gates-2 polys=1164 infeasible-exact
2658 {"a": "aaba", "b": "bcb", "c": "bcba"} m=1 gates+2 gates-2 polys=2286 infeasible-exact
2659 {"a": "aaba", "b": "cbb", "c": "cbba"} m=1 gates+2 gates-2 polys=2332 infeasible-exact
2660 {"a": "aaca", "b": "acbc", "c": "cbc"} m=1 gates+2 gates-2 polys=1164 infeasible-exact
2661 {"a": "aaca", "b": "accb", "c": "ccb"} m=1 gates+2 gates-2 polys=2942 infeasible-exact
2662 {"a": "aaca", "b": "bcca", "c": "bcc"} m=1 gates+2 gates-2 polys=2332 infeasible-exact
2663 {"a": "aaca", "b": "cbca", "c": "cbc"} m=1 gates+2 gates-2 polys=2286 infeasible-exact
2664 {"a": "abaa", "b": "bbc", "c": "abbc"} m=1 gates+2 gates-2 polys=2332 infeasible-exact
2665 {"a": "abaa", "b": "bcb", "c": "abcb"} m=1 gates+2 gates-2 polys=2286 infeasible-exact
2666 {"a": "abaa", "b": "bcb", "c": "bcba"} m=1 gates+2 gates-2 polys=1164 infeasible-exact
2667 {"a": "abaa", "b": "cbb", "c": "cbba"} m=1 gates+2 gates-2 polys=2942 infeasible-exact
2668 {"a": "abbc", "b": "abb", "c": "cbcc"} m=1 gates+2 gates-2 polys=2942 infeasible-exact
2669 {"a": "abbc", "b": "abb", "c": "ccbc"} m=1 gates+2 gates-2 polys=2332 infeasible-exact
2670 {"a": "acaa", "b": "acbc", "c": "cbc"} m=1 gates+2 gates-2 polys=2286 infeasible-exact
2671 {"a": "acaa", "b": "accb", "c": "ccb"} m=1 gates+2 gates-2 polys=2332 infeasible-exact
2672 {"a": "acaa", "b": "bcca", "c": "bcc"} m=1 gates+2 gates-2 polys=2942 infeasible-exact
2673 {"a": "acaa", "b": "cbca", "c": "cbc"} m=1 gates+2 gates-2 polys=1164 infeasible-exact
2674 {"a": "accb", "b": "bbcb", "c": "acc"} m=1 gates+2 gates-2 polys=2332 infeasible-exact
2675 {"a": "accb", "b": "bcbb", "c": "acc"} m=1 gates+2 gates-2 polys=2942 infeasible-exact
2676 {"a": "babc", "b": "bab", "c": "cbcc"} m=1 gates+2 gates-2 polys=1164 infeasible-exact
2677 {"a": "babc", "b": "bab", "c": "ccbc"} m=1 gates+2 gates-2 polys=2286 infeasible-exact
2678 {"a": "bcac", "b": "bbcb", "c": "cac"} m=1 gates+2 gates-2 polys=1164 infeasible-exact
2679 {"a": "bcac", "b": "bcbb", "c": "cac"} m=1 gates+2 gates-2 polys=2286 infeasible-exact
2680 {"a": "bcca", "b": "bbcb", "c": "cca"} m=1 gates+2 gates-2 polys=2942 infeasible-exact
2681 {"a": "bcca", "b": "bcbb", "c": "cca"} m=1 gates+2 gates-2 polys=2332 infeasible-exact
2682 {"a": "cacb", "b": "bbcb", "c": "cac"} m=1 gates+2 gates-2 polys=2286 infeasible-exact
2683 {"a": "cacb", "b": "bcbb", "c": "cac"} m=1 gates+2 gates-2 polys=1164 infeasible-exact
2684 {"a": "cbab", "b": "bab", "c": "cbcc"} m=1 gates+2 gates-2 polys=2286 infeasible-exact
2685 {"a": "cbab", "b": "bab", "c": "ccbc"} m=1 gates+2 gates-2 polys=1164 infeasible-exact
2686 {"a": "cbba", "b": "bba", "c": "cbcc"} m=1 gates+2 gates-2 polys=2332 infeasible-exact
2687 {"a": "cbba", "b": "bba", "c": "ccbc"} m=1 gates+2 gates-2 polys=2942 infeasible-exact
2688 {"a": "ab", "b": "bbbc", "c": "aab"} m=1 gates+2 gates-2 polys=2711 infeasible-exact
2689 {"a": "ac", "b": "aac", "c": "cccb"} m=1 gates+2 gates-2 polys=2711 infeasible-exact
2690 {"a": "ba", "b": "cbbb", "c": "baa"} m=1 gates+2 gates-2 polys=2711 infeasible-exact
2691 {"a": "bc", "b": "bcc", "c": "ccca"} m=1 gates+2 gates-2 polys=1855 infeasible-exact
2692 {"a": "bc", "b": "cbc", "c": "accc"} m=1 gates+3 gates-1 polys=294 infeasible-exact
2693 {"a": "bc", "b": "abbb", "c": "bbc"} m=1 gates+2 gates-2 polys=1855 infeasible-exact
2694 {"a": "bc", "b": "bbba", "c": "bcb"} m=1 gates+1 gates-3 polys=294 infeasible-exact
2695 {"a": "ca", "b": "caa", "c": "bccc"} m=1 gates+2 gates-2 polys=2711 infeasible-exact
2696 {"a": "cb", "b": "cbc", "c": "ccca"} m=1 gates+1 gates-3 polys=294 infeasible-exact
2697 {"a": "cb", "b": "ccb", "c": "accc"} m=1 gates+2 gates-2 polys=1855 infeasible-exact
2698 {"a": "cb", "b": "abbb", "c": "bcb"} m=1 gates+3 gates-1 polys=294 infeasible-exact
2699 {"a": "cb", "b": "bbba", "c": "cbb"} m=1 gates+2 gates-2 polys=1855 infeasible-exact
stats m=1 [2600,2700) {"infeasible-exact": 98, "NEGATIVE": 2} time 70.4
2700 {"a": "aab", "b": "abbc", "c": "aaba"} m=1 gates+1 gates-3 polys=320 infeasible-exact
2701 {"a": "aab", "b": "abcc", "c": "caab"} m=1 gates+2 gates-2 polys=599 infeasible-exact
2702 {"a": "aab", "b": "babc", "c": "aaab"} m=1 gates+2 gates-2 polys=1462 infeasible-exact
2703 {"a": "aab", "b": "bbac", "c": "aaab"} m=1 gates+2 gates-2 polys=3841 infeasible-exact
2704 {"a": "aab", "b": "bbca", "c": "aaab"} m=1 gates+2 gates-2 polys=2525 infeasible-exact
2705 {"a": "aab", "b": "bbca", "c": "aaba"} m=1 gates+2 gates-2 polys=6400 infeasible-exact
2706 {"a": "aab", "b": "bcba", "c": "aaab"} m=1 gates+2 gates-2 polys=2767 infeasible-exact
2707 {"a": "aab", "b": "bcba", "c": "aaba"} m=1 gates+2 gates-2 polys=3238 infeasible-exact
2708 {"a": "aab", "b": "cabc", "c": "caab"} m=1 gates+2 gates-2 polys=602 infeasible-exact
2709 {"a": "aac", "b": "aaac", "c": "cacb"} m=1 gates+2 gates-2 polys=1462 infeasible-exact
2710 {"a": "aac", "b": "aaac", "c": "cbca"} m=1 gates+2 gates-2 polys=2767 infeasible-exact
2711 {"a": "aac", "b": "aaac", "c": "ccab"} m=1 gates+2 gates-2 polys=3841 infeasible-exact
2712 {"a": "aac", "b": "aaac", "c": "ccba"} m=1 gates+2 gates-2 polys=2525 infeasible-exact
2713 {"a": "aac", "b": "aaca", "c": "accb"} m=1 gates+1 gates-3 polys=320 infeasible-exact
2714 {"a": "aac", "b": "aaca", "c": "cbca"} m=1 gates+2 gates-2 polys=3238 infeasible-exact
2715 {"a": "aac", "b": "aaca", "c": "ccba"} m=1 gates+2 gates-2 polys=6400 infeasible-exact
2716 {"a": "aac", "b": "baac", "c": "acbb"} m=1 gates+2 gates-2 polys=599 infeasible-exact
2717 {"a": "aac", "b": "baac", "c": "bacb"} m=1 gates+2 gates-2 polys=602 infeasible-exact
2718 {"a": "aba", "b": "bacb", "c": "aaba"} m=1 gates+2 gates-2 polys=1255 infeasible-exact
2719 {"a": "aba", "b": "bacb", "c": "abaa"} m=1 gates+2 gates-2 polys=1945 infeasible-exact
2720 {"a": "aba", "b": "bacc", "c": "abac"} m=1 gates+2 gates-2 polys=811 infeasible-exact
2721 {"a": "aba", "b": "bacc", "c": "caba"} m=1 gates+3 gates-1 polys=320 infeasible-exact
2722 {"a": "aba", "b": "bcab", "c": "aaba"} m=1 gates+2 gates-2 polys=1945 infeasible-exact
2723 {"a": "aba", "b": "bcab", "c": "abaa"} m=1 gates+2 gates-2 polys=1255 infeasible-exact
2724 {"a": "aba", "b": "ccab", "c": "abac"} m=1 gates+1 gates-3 polys=320 infeasible-exact
2725 {"a": "aba", "b": "ccab", "c": "caba"} m=1 gates+2 gates-2 polys=811 infeasible-exact
2726 {"a": "abb", "b": "abbc", "c": "cab"} m=1 gates+2 gates-2 polys=1073 infeasible-exact
2727 {"a": "abb", "b": "bacb", "c": "bac"} m=1 gates+2 gates-2 polys=753 infeasible-exact
2728 {"a": "abb", "b": "bbbc", "c": "ab"} m=1 gates+2 gates-2 polys=1855 infeasible-exact
2729 {"a": "abb", "b": "bbca", "c": "bca"} m=1 gates+2 gates-2 polys=508 infeasible-exact
2730 {"a": "abb", "b": "bcab", "c": "cab"} m=1 gates+3 gates-1 polys=311 infeasible-exact
2731 {"a": "abc", "b": "bcc", "c": "bcca"} m=1 gates+2 gates-2 polys=1073 infeasible-exact
2732 {"a": "abc", "b": "bcc", "c": "cabc"} m=1 gates+3 gates-1 polys=311 infeasible-exact
2733 {"a": "abc", "b": "cbc", "c": "cbca"} m=1 gates+2 gates-2 polys=810 infeasible-exact
2734 {"a": "abc", "b": "ccb", "c": "cabc"} m=1 gates+2 gates-2 polys=753 infeasible-exact
2735 {"a": "abc", "b": "babc", "c": "bcb"} m=1 gates+2 gates-2 polys=656 infeasible-exact
2736 {"a": "aca", "b": "aaca", "c": "cabc"} m=1 gates+2 gates-2 polys=1255 infeasible-exact
2737 {"a": "aca", "b": "aaca", "c": "cbac"} m=1 gates+2 gates-2 polys=1945 infeasible-exact
2738 {"a": "aca", "b": "acaa", "c": "cabc"} m=1 gates+2 gates-2 polys=1945 infeasible-exact
2739 {"a": "aca", "b": "acaa", "c": "cbac"} m=1 gates+2 gates-2 polys=1255 infeasible-exact
2740 {"a": "aca", "b": "acab", "c": "bbac"} m=1 gates+1 gates-3 polys=320 infeasible-exact
2741 {"a": "aca", "b": "acab", "c": "cabb"} m=1 gates+2 gates-2 polys=811 infeasible-exact
2742 {"a": "aca", "b": "baca", "c": "bbac"} m=1 gates+2 gates-2 polys=811 infeasible-exact
2743 {"a": "aca", "b": "baca", "c": "cabb"} m=1 gates+3 gates-1 polys=320 infeasible-exact
2744 {"a": "acb", "b": "cbc", "c": "cacb"} m=1 gates+2 gates-2 polys=656 infeasible-exact
2745 {"a": "acb", "b": "bacb", "c": "bbc"} m=1 gates+2 gates-2 polys=753 infeasible-exact
2746 {"a": "acb", "b": "bacb", "c": "cbb"} m=1 gates+3 gates-1 polys=311 infeasible-exact
2747 {"a": "acb", "b": "bcba", "c": "bcb"} m=1 gates+2 gates-2 polys=810 infeasible-exact
2748 {"a": "acb", "b": "cbba", "c": "cbb"} m=1 gates+2 gates-2 polys=1073 infeasible-exact
2749 {"a": "acc", "b": "ac", "c": "cccb"} m=1 gates+2 gates-2 polys=1855 infeasible-exact
2750 {"a": "acc", "b": "bac", "c": "accb"} m=1 gates+2 gates-2 polys=1073 infeasible-exact
2751 {"a": "acc", "b": "bac", "c": "cbac"} m=1 gates+3 gates-1 polys=311 infeasible-exact
2752 {"a": "acc", "b": "cab", "c": "cabc"} m=1 gates+2 gates-2 polys=753 infeasible-exact
2753 {"a": "acc", "b": "cba", "c": "ccba"} m=1 gates+2 gates-2 polys=508 infeasible-exact
2754 {"a": "baa", "b": "abcb", "c": "abaa"} m=1 gates+2 gates-2 polys=3238 infeasible-exact
2755 {"a": "baa", "b": "abcb", "c": "baaa"} m=1 gates+2 gates-2 polys=2767 infeasible-exact
2756 {"a": "baa", "b": "acbb", "c": "abaa"} m=1 gates+2 gates-2 polys=6400 infeasible-exact
2757 {"a": "baa", "b": "acbb", "c": "baaa"} m=1 gates+2 gates-2 polys=2525 infeasible-exact
2758 {"a": "baa", "b": "cabb", "c": "baaa"} m=1 gates+2 gates-2 polys=3841 infeasible-exact
2759 {"a": "baa", "b": "cbab", "c": "baaa"} m=1 gates+2 gates-2 polys=1462 infeasible-exact
2760 {"a": "baa", "b": "cbac", "c": "baac"} m=1 gates+2 gates-2 polys=602 infeasible-exact
2761 {"a": "baa", "b": "cbba", "c": "abaa"} m=1 gates+3 gates-1 polys=320 infeasible-exact
2762 {"a": "baa", "b": "ccba", "c": "baac"} m=1 gates+2 gates-2 polys=599 infeasible-exact
2763 {"a": "bab", "b": "abcb", "c": "abc"} m=1 gates+2 gates-2 polys=656 infeasible-exact
2764 {"a": "bab", "b": "babc", "c": "cab"} m=1 gates+2 gates-2 polys=810 infeasible-exact
2765 {"a": "bab", "b": "bbbc", "c": "ba"} m=1 gates+1 gates-3 polys=294 infeasible-exact
2766 {"a": "bab", "b": "bcba", "c": "cba"} m=1 gates+2 gates-2 polys=656 infeasible-exact
2767 {"a": "bab", "b": "cbab", "c": "bac"} m=1 gates+2 gates-2 polys=810 infeasible-exact
2768 {"a": "bab", "b": "cbbb", "c": "ab"} m=1 gates+3 gates-1 polys=294 infeasible-exact
2769 {"a": "bac", "b": "ccb", "c": "bacc"} m=1 gates+2 gates-2 polys=508 infeasible-exact
2770 {"a": "bac", "b": "bbac", "c": "cbb"} m=1 gates+2 gates-2 polys=508 infeasible-exact
2771 {"a": "bba", "b": "acbb", "c": "acb"} m=1 gates+2 gates-2 polys=508 infeasible-exact
2772 {"a": "bba", "b": "bacb", "c": "bac"} m=1 gates+1 gates-3 polys=311 infeasible-exact
2773 {"a": "bba", "b": "bcab", "c": "cab"} m=1 gates+2 gates-2 polys=753 infeasible-exact
2774 {"a": "bba", "b": "cbba", "c": "bac"} m=1 gates+2 gates-2 polys=1073 infeasible-exact
2775 {"a": "bba", "b": "cbbb", "c": "ba"} m=1 gates+2 gates-2 polys=1855 infeasible-exact
2776 {"a": "bbc", "b": "bc", "c": "ccca"} m=1 gates+2 gates-2 polys=2711 infeasible-exact
2777 {"a": "bca", "b": "cbc", "c": "bcac"} m=1 gates+2 gates-2 polys=656 infeasible-exact
2778 {"a": "bca", "b": "abbc", "c": "bbc"} m=1 gates+2 gates-2 polys=1073 infeasible-exact
2779 {"a": "bca", "b": "abcb", "c": "bcb"} m=1 gates+2 gates-2 polys=810 infeasible-exact
2780 {"a": "bca", "b": "bcab", "c": "bbc"} m=1 gates+1 gates-3 polys=311 infeasible-exact
2781 {"a": "bca", "b": "bcab", "c": "cbb"} m=1 gates+2 gates-2 polys=753 infeasible-exact
2782 {"a": "bcc", "b": "abbb", "c": "bc"} m=1 gates+2 gates-2 polys=2711 infeasible-exact
2783 {"a": "caa", "b": "acaa", "c": "abcc"} m=1 gates+2 gates-2 polys=6400 infeasible-exact
2784 {"a": "caa", "b": "acaa", "c": "acbc"} m=1 gates+2 gates-2 polys=3238 infeasible-exact
2785 {"a": "caa", "b": "acaa", "c": "bcca"} m=1 gates+3 gates-1 polys=320 infeasible-exact
2786 {"a": "caa", "b": "caaa", "c": "abcc"} m=1 gates+2 gates-2 polys=2525 infeasible-exact
2787 {"a": "caa", "b": "caaa", "c": "acbc"} m=1 gates+2 gates-2 polys=2767 infeasible-exact
2788 {"a": "caa", "b": "caaa", "c": "bacc"} m=1 gates+2 gates-2 polys=3841 infeasible-exact
2789 {"a": "caa", "b": "caaa", "c": "bcac"} m=1 gates+2 gates-2 polys=1462 infeasible-exact
2790 {"a": "caa", "b": "caab", "c": "bbca"} m=1 gates+2 gates-2 polys=599 infeasible-exact
2791 {"a": "caa", "b": "caab", "c": "bcab"} m=1 gates+2 gates-2 polys=602 infeasible-exact
2792 {"a": "cab", "b": "bcc", "c": "ccab"} m=1 gates+2 gates-2 polys=508 infeasible-exact
2793 {"a": "cab", "b": "cabb", "c": "bbc"} m=1 gates+2 gates-2 polys=508 infeasible-exact
2794 {"a": "cac", "b": "ac", "c": "bccc"} m=1 gates+3 gates-1 polys=294 infeasible-exact
2795 {"a": "cac", "b": "ca", "c": "cccb"} m=1 gates+1 gates-3 polys=294 infeasible-exact
2796 {"a": "cac", "b": "acb", "c": "acbc"} m=1 gates+2 gates-2 polys=656 infeasible-exact
2797 {"a": "cac", "b": "bac", "c": "cacb"} m=1 gates+2 gates-2 polys=810 infeasible-exact
2798 {"a": "cac", "b": "bca", "c": "cbca"} m=1 gates+2 gates-2 polys=656 infeasible-exact
2799 {"a": "cac", "b": "cab", "c": "bcac"} m=1 gates+2 gates-2 polys=810 infeasible-exact
stats m=1 [2700,2800) {"infeasible-exact": 100} time 39.8
2800 {"a": "cba", "b": "bcc", "c": "cbac"} m=1 gates+2 gates-2 polys=753 infeasible-exact
2801 {"a": "cba", "b": "cbc", "c": "acbc"} m=1 gates+2 gates-2 polys=810 infeasible-exact
2802 {"a": "cba", "b": "ccb", "c": "accb"} m=1 gates+2 gates-2 polys=1073 infeasible-exact
2803 {"a": "cba", "b": "ccb", "c": "cbac"} m=1 gates+1 gates-3 polys=311 infeasible-exact
2804 {"a": "cba", "b": "cbab", "c": "bcb"} m=1 gates+2 gates-2 polys=656 infeasible-exact
2805 {"a": "cbb", "b": "cb", "c": "accc"} m=1 gates+2 gates-2 polys=2711 infeasible-exact
2806 {"a": "cca", "b": "ca", "c": "bccc"} m=1 gates+2 gates-2 polys=1855 infeasible-exact
2807 {"a": "cca", "b": "abc", "c": "abcc"} m=1 gates+2 gates-2 polys=508 infeasible-exact
2808 {"a": "cca", "b": "bac", "c": "cbac"} m=1 gates+2 gates-2 polys=753 infeasible-exact
2809 {"a": "cca", "b": "cab", "c": "bcca"} m=1 gates+2 gates-2 polys=1073 infeasible-exact
2810 {"a": "cca", "b": "cab", "c": "cabc"} m=1 gates+1 gates-3 polys=311 infeasible-exact
2811 {"a": "ccb", "b": "bbba", "c": "cb"} m=1 gates+2 gates-2 polys=2711 infeasible-exact
2812 {"a": "aaab", "b": "ac", "c": "aca"} m=1 gates+1 gates-3 polys=294 infeasible-exact
2813 {"a": "aaab", "b": "ca", "c": "caa"} m=1 gates+2 gates-2 polys=1855 infeasible-exact
2814 {"a": "aaab", "b": "cca", "c": "ca"} m=1 gates+2 gates-2 polys=2711 infeasible-exact
2815 {"a": "aaac", "b": "ba", "c": "bba"} m=1 gates+2 gates-2 polys=2711 infeasible-exact
2816 {"a": "aaac", "b": "aba", "c": "ab"} m=1 gates+1 gates-3 polys=294 infeasible-exact
2817 {"a": "aaac", "b": "baa", "c": "ba"} m=1 gates+2 gates-2 polys=1855 infeasible-exact
2818 {"a": "aabc", "b": "abc", "c": "caa"} m=1 gates+2 gates-2 polys=508 infeasible-exact
2819 {"a": "aabc", "b": "bba", "c": "bbba"} m=1 gates+2 gates-2 polys=3841 infeasible-exact
2820 {"a": "aabc", "b": "ccac", "c": "cca"} m=1 gates+2 gates-2 polys=6400 infeasible-exact
2821 {"a": "aabc", "b": "ccca", "c": "cca"} m=1 gates+2 gates-2 polys=2525 infeasible-exact
2822 {"a": "aacb", "b": "baa", "c": "acb"} m=1 gates+2 gates-2 polys=508 infeasible-exact
2823 {"a": "aacb", "b": "bba", "c": "bbab"} m=1 gates+2 gates-2 polys=6400 infeasible-exact
2824 {"a": "aacb", "b": "bba", "c": "bbba"} m=1 gates+2 gates-2 polys=2525 infeasible-exact
2825 {"a": "aacb", "b": "ccca", "c": "cca"} m=1 gates+2 gates-2 polys=3841 infeasible-exact
2826 {"a": "abac", "b": "aba", "c": "cba"} m=1 gates+2 gates-2 polys=810 infeasible-exact
2827 {"a": "abac", "b": "bac", "c": "aca"} m=1 gates+2 gates-2 polys=656 infeasible-exact
2828 {"a": "abac", "b": "bba", "c": "bbba"} m=1 gates+2 gates-2 polys=1462 infeasible-exact
2829 {"a": "abac", "b": "ccac", "c": "cca"} m=1 gates+2 gates-2 polys=3238 infeasible-exact
2830 {"a": "abac", "b": "ccca", "c": "cca"} m=1 gates+2 gates-2 polys=2767 infeasible-exact
2831 {"a": "abbc", "b": "bbc", "c": "abca"} m=1 gates+2 gates-2 polys=602 infeasible-exact
2832 {"a": "abbc", "b": "bbc", "c": "bcaa"} m=1 gates+2 gates-2 polys=599 infeasible-exact
2833 {"a": "abca", "b": "aab", "c": "abc"} m=1 gates+1 gates-3 polys=311 infeasible-exact
2834 {"a": "abca", "b": "baa", "c": "abc"} m=1 gates+2 gates-2 polys=753 infeasible-exact
2835 {"a": "abca", "b": "bab", "c": "babb"} m=1 gates+2 gates-2 polys=1945 infeasible-exact
2836 {"a": "abca", "b": "bab", "c": "bbab"} m=1 gates+2 gates-2 polys=1255 infeasible-exact
2837 {"a": "abca", "b": "bca", "c": "aac"} m=1 gates+2 gates-2 polys=753 infeasible-exact
2838 {"a": "abca", "b": "bca", "c": "caa"} m=1 gates+3 gates-1 polys=311 infeasible-exact
2839 {"a": "abca", "b": "cacc", "c": "cac"} m=1 gates+2 gates-2 polys=1255 infeasible-exact
2840 {"a": "abca", "b": "ccac", "c": "cac"} m=1 gates+2 gates-2 polys=1945 infeasible-exact
2841 {"a": "abcb", "b": "bcb", "c": "aabc"} m=1 gates+2 gates-2 polys=811 infeasible-exact
2842 {"a": "abcb", "b": "bcb", "c": "cbaa"} m=1 gates+3 gates-1 polys=320 infeasible-exact
2843 {"a": "abcc", "b": "bab", "c": "babc"} m=1 gates+2 gates-2 polys=811 infeasible-exact
2844 {"a": "abcc", "b": "bab", "c": "cbab"} m=1 gates+3 gates-1 polys=320 infeasible-exact
2845 {"a": "acab", "b": "aba", "c": "cab"} m=1 gates+2 gates-2 polys=656 infeasible-exact
2846 {"a": "acab", "b": "bba", "c": "bbab"} m=1 gates+2 gates-2 polys=3238 infeasible-exact
2847 {"a": "acab", "b": "bba", "c": "bbba"} m=1 gates+2 gates-2 polys=2767 infeasible-exact
2848 {"a": "acab", "b": "bca", "c": "aca"} m=1 gates+2 gates-2 polys=810 infeasible-exact
2849 {"a": "acab", "b": "ccca", "c": "cca"} m=1 gates+2 gates-2 polys=1462 infeasible-exact
2850 {"a": "acba", "b": "aab", "c": "cba"} m=1 gates+2 gates-2 polys=753 infeasible-exact
2851 {"a": "acba", "b": "acb", "c": "aac"} m=1 gates+1 gates-3 polys=311 infeasible-exact
2852 {"a": "acba", "b": "acb", "c": "caa"} m=1 gates+2 gates-2 polys=753 infeasible-exact
2853 {"a": "acba", "b": "baa", "c": "cba"} m=1 gates+3 gates-1 polys=311 infeasible-exact
2854 {"a": "acba", "b": "bab", "c": "babb"} m=1 gates+2 gates-2 polys=1255 infeasible-exact
2855 {"a": "acba", "b": "bab", "c": "bbab"} m=1 gates+2 gates-2 polys=1945 infeasible-exact
2856 {"a": "acba", "b": "cacc", "c": "cac"} m=1 gates+2 gates-2 polys=1945 infeasible-exact
2857 {"a": "acba", "b": "ccac", "c": "cac"} m=1 gates+2 gates-2 polys=1255 infeasible-exact
2858 {"a": "acbb", "b": "bcac", "c": "cac"} m=1 gates+3 gates-1 polys=320 infeasible-exact
2859 {"a": "acbb", "b": "cacb", "c": "cac"} m=1 gates+2 gates-2 polys=811 infeasible-exact
2860 {"a": "acbc", "b": "aacb", "c": "cbc"} m=1 gates+2 gates-2 polys=811 infeasible-exact
2861 {"a": "acbc", "b": "bcaa", "c": "cbc"} m=1 gates+3 gates-1 polys=320 infeasible-exact
2862 {"a": "accb", "b": "acba", "c": "ccb"} m=1 gates+2 gates-2 polys=602 infeasible-exact
2863 {"a": "accb", "b": "cbaa", "c": "ccb"} m=1 gates+2 gates-2 polys=599 infeasible-exact
2864 {"a": "baaa", "b": "ac", "c": "aac"} m=1 gates+2 gates-2 polys=1855 infeasible-exact
2865 {"a": "baaa", "b": "ca", "c": "aca"} m=1 gates+3 gates-1 polys=294 infeasible-exact
2866 {"a": "baaa", "b": "acc", "c": "ac"} m=1 gates+2 gates-2 polys=2711 infeasible-exact
2867 {"a": "baac", "b": "acb", "c": "aac"} m=1 gates+2 gates-2 polys=1073 infeasible-exact
2868 {"a": "baac", "b": "baa", "c": "cba"} m=1 gates+2 gates-2 polys=1073 infeasible-exact
2869 {"a": "baac", "b": "bba", "c": "bbab"} m=1 gates+1 gates-3 polys=320 infeasible-exact
2870 {"a": "baac", "b": "cacc", "c": "acc"} m=1 gates+3 gates-1 polys=320 infeasible-exact
2871 {"a": "baca", "b": "aba", "c": "bac"} m=1 gates+2 gates-2 polys=656 infeasible-exact
2872 {"a": "baca", "b": "abb", "c": "abbb"} m=1 gates+2 gates-2 polys=2767 infeasible-exact
2873 {"a": "baca", "b": "abb", "c": "babb"} m=1 gates+2 gates-2 polys=3238 infeasible-exact
2874 {"a": "baca", "b": "acb", "c": "aca"} m=1 gates+2 gates-2 polys=810 infeasible-exact
2875 {"a": "baca", "b": "accc", "c": "acc"} m=1 gates+2 gates-2 polys=1462 infeasible-exact
2876 {"a": "bacb", "b": "accb", "c": "acc"} m=1 gates+2 gates-2 polys=602 infeasible-exact
2877 {"a": "bacc", "b": "bba", "c": "cbba"} m=1 gates+2 gates-2 polys=599 infeasible-exact
2878 {"a": "bbac", "b": "accb", "c": "acc"} m=1 gates+2 gates-2 polys=599 infeasible-exact
2879 {"a": "bbbc", "b": "bbc", "c": "cacb"} m=1 gates+2 gates-2 polys=2767 infeasible-exact
2880 {"a": "bbbc", "b": "bbc", "c": "cbca"} m=1 gates+2 gates-2 polys=1462 infeasible-exact
2881 {"a": "bbbc", "b": "bbc", "c": "ccab"} m=1 gates+2 gates-2 polys=2525 infeasible-exact
2882 {"a": "bbbc", "b": "bbc", "c": "ccba"} m=1 gates+2 gates-2 polys=3841 infeasible-exact
2883 {"a": "bbca", "b": "bcac", "c": "cac"} m=1 gates+2 gates-2 polys=811 infeasible-exact
2884 {"a": "bbca", "b": "cacb", "c": "cac"} m=1 gates+1 gates-3 polys=320 infeasible-exact
2885 {"a": "bbcb", "b": "bbc", "c": "bcca"} m=1 gates+1 gates-3 polys=320 infeasible-exact
2886 {"a": "bbcb", "b": "bbc", "c": "cacb"} m=1 gates+2 gates-2 polys=3238 infeasible-exact
2887 {"a": "bbcb", "b": "bbc", "c": "ccab"} m=1 gates+2 gates-2 polys=6400 infeasible-exact
2888 {"a": "bbcb", "b": "bcb", "c": "cabc"} m=1 gates+2 gates-2 polys=1945 infeasible-exact
2889 {"a": "bbcb", "b": "bcb", "c": "cbac"} m=1 gates+2 gates-2 polys=1255 infeasible-exact
2890 {"a": "bcaa", "b": "aab", "c": "bca"} m=1 gates+2 gates-2 polys=508 infeasible-exact
2891 {"a": "bcaa", "b": "abb", "c": "abbb"} m=1 gates+2 gates-2 polys=2525 infeasible-exact
2892 {"a": "bcaa", "b": "abb", "c": "babb"} m=1 gates+2 gates-2 polys=6400 infeasible-exact
2893 {"a": "bcaa", "b": "accc", "c": "acc"} m=1 gates+2 gates-2 polys=3841 infeasible-exact
2894 {"a": "bcab", "b": "bcca", "c": "cca"} m=1 gates+2 gates-2 polys=602 infeasible-exact
2895 {"a": "bcba", "b": "bcb", "c": "aabc"} m=1 gates+1 gates-3 polys=320 infeasible-exact
2896 {"a": "bcba", "b": "bcb", "c": "cbaa"} m=1 gates+2 gates-2 polys=811 infeasible-exact
2897 {"a": "bcbb", "b": "bcb", "c": "cabc"} m=1 gates+2 gates-2 polys=1255 infeasible-exact
2898 {"a": "bcbb", "b": "bcb", "c": "cbac"} m=1 gates+2 gates-2 polys=1945 infeasible-exact
2899 {"a": "bcbb", "b": "cbb", "c": "accb"} m=1 gates+3 gates-1 polys=320 infeasible-exact
stats m=1 [2800,2900) {"infeasible-exact": 100} time 40.2
2900 {"a": "bcbb", "b": "cbb", "c": "bacc"} m=1 gates+2 gates-2 polys=6400 infeasible-exact
2901 {"a": "bcbb", "b": "cbb", "c": "bcac"} m=1 gates+2 gates-2 polys=3238 infeasible-exact
2902 {"a": "bcca", "b": "aabc", "c": "bcc"} m=1 gates+2 gates-2 polys=599 infeasible-exact
2903 {"a": "bcca", "b": "abca", "c": "bcc"} m=1 gates+2 gates-2 polys=602 infeasible-exact
2904 {"a": "bccc", "b": "abcb", "c": "bcc"} m=1 gates+2 gates-2 polys=1462 infeasible-exact
2905 {"a": "bccc", "b": "acbb", "c": "bcc"} m=1 gates+2 gates-2 polys=3841 infeasible-exact
2906 {"a": "bccc", "b": "cabb", "c": "bcc"} m=1 gates+2 gates-2 polys=2525 infeasible-exact
2907 {"a": "bccc", "b": "cbab", "c": "bcc"} m=1 gates+2 gates-2 polys=2767 infeasible-exact
2908 {"a": "caaa", "b": "ab", "c": "abb"} m=1 gates+2 gates-2 polys=2711 infeasible-exact
2909 {"a": "caaa", "b": "aab", "c": "ab"} m=1 gates+2 gates-2 polys=1855 infeasible-exact
2910 {"a": "caaa", "b": "aba", "c": "ba"} m=1 gates+3 gates-1 polys=294 infeasible-exact
2911 {"a": "caab", "b": "aab", "c": "abc"} m=1 gates+2 gates-2 polys=1073 infeasible-exact
2912 {"a": "caab", "b": "abb", "c": "babb"} m=1 gates+3 gates-1 polys=320 infeasible-exact
2913 {"a": "caab", "b": "bca", "c": "caa"} m=1 gates+2 gates-2 polys=1073 infeasible-exact
2914 {"a": "caab", "b": "ccac", "c": "cca"} m=1 gates+1 gates-3 polys=320 infeasible-exact
2915 {"a": "caba", "b": "aba", "c": "abc"} m=1 gates+2 gates-2 polys=810 infeasible-exact
2916 {"a": "caba", "b": "abb", "c": "abbb"} m=1 gates+2 gates-2 polys=1462 infeasible-exact
2917 {"a": "caba", "b": "cab", "c": "aca"} m=1 gates+2 gates-2 polys=656 infeasible-exact
2918 {"a": "caba", "b": "accc", "c": "acc"} m=1 gates+2 gates-2 polys=2767 infeasible-exact
2919 {"a": "caba", "b": "cacc", "c": "acc"} m=1 gates+2 gates-2 polys=3238 infeasible-exact
2920 {"a": "cabb", "b": "bcca", "c": "cca"} m=1 gates+2 gates-2 polys=599 infeasible-exact
2921 {"a": "cabc", "b": "abb", "c": "abbc"} m=1 gates+2 gates-2 polys=602 infeasible-exact
2922 {"a": "cbaa", "b": "abb", "c": "abbb"} m=1 gates+2 gates-2 polys=3841 infeasible-exact
2923 {"a": "cbaa", "b": "cba", "c": "aac"} m=1 gates+2 gates-2 polys=508 infeasible-exact
2924 {"a": "cbaa", "b": "accc", "c": "acc"} m=1 gates+2 gates-2 polys=2525 infeasible-exact
2925 {"a": "cbaa", "b": "cacc", "c": "acc"} m=1 gates+2 gates-2 polys=6400 infeasible-exact
2926 {"a": "cbac", "b": "bba", "c": "cbba"} m=1 gates+2 gates-2 polys=602 infeasible-exact
2927 {"a": "cbba", "b": "cbb", "c": "aacb"} m=1 gates+2 gates-2 polys=599 infeasible-exact
2928 {"a": "cbba", "b": "cbb", "c": "acba"} m=1 gates+2 gates-2 polys=602 infeasible-exact
2929 {"a": "cbbb", "b": "cbb", "c": "abcc"} m=1 gates+2 gates-2 polys=3841 infeasible-exact
2930 {"a": "cbbb", "b": "cbb", "c": "acbc"} m=1 gates+2 gates-2 polys=1462 infeasible-exact
2931 {"a": "cbbb", "b": "cbb", "c": "bacc"} m=1 gates+2 gates-2 polys=2525 infeasible-exact
2932 {"a": "cbbb", "b": "cbb", "c": "bcac"} m=1 gates+2 gates-2 polys=2767 infeasible-exact
2933 {"a": "cbca", "b": "aacb", "c": "cbc"} m=1 gates+1 gates-3 polys=320 infeasible-exact
2934 {"a": "cbca", "b": "bcaa", "c": "cbc"} m=1 gates+2 gates-2 polys=811 infeasible-exact
2935 {"a": "cbcc", "b": "abbc", "c": "bcc"} m=1 gates+3 gates-1 polys=320 infeasible-exact
2936 {"a": "cbcc", "b": "bacb", "c": "cbc"} m=1 gates+2 gates-2 polys=1255 infeasible-exact
2937 {"a": "cbcc", "b": "bcab", "c": "cbc"} m=1 gates+2 gates-2 polys=1945 infeasible-exact
2938 {"a": "cbcc", "b": "cabb", "c": "bcc"} m=1 gates+2 gates-2 polys=6400 infeasible-exact
2939 {"a": "cbcc", "b": "cbab", "c": "bcc"} m=1 gates+2 gates-2 polys=3238 infeasible-exact
2940 {"a": "ccab", "b": "abb", "c": "abbc"} m=1 gates+2 gates-2 polys=599 infeasible-exact
2941 {"a": "ccba", "b": "bab", "c": "babc"} m=1 gates+1 gates-3 polys=320 infeasible-exact
2942 {"a": "ccba", "b": "bab", "c": "cbab"} m=1 gates+2 gates-2 polys=811 infeasible-exact
2943 {"a": "ccbc", "b": "babc", "c": "ccb"} m=1 gates+2 gates-2 polys=3238 infeasible-exact
2944 {"a": "ccbc", "b": "bacb", "c": "cbc"} m=1 gates+2 gates-2 polys=1945 infeasible-exact
2945 {"a": "ccbc", "b": "bbac", "c": "ccb"} m=1 gates+2 gates-2 polys=6400 infeasible-exact
2946 {"a": "ccbc", "b": "bcab", "c": "cbc"} m=1 gates+2 gates-2 polys=1255 infeasible-exact
2947 {"a": "ccbc", "b": "cbba", "c": "ccb"} m=1 gates+1 gates-3 polys=320 infeasible-exact
2948 {"a": "cccb", "b": "babc", "c": "ccb"} m=1 gates+2 gates-2 polys=2767 infeasible-exact
2949 {"a": "cccb", "b": "bbac", "c": "ccb"} m=1 gates+2 gates-2 polys=2525 infeasible-exact
2950 {"a": "cccb", "b": "bbca", "c": "ccb"} m=1 gates+2 gates-2 polys=3841 infeasible-exact
2951 {"a": "cccb", "b": "bcba", "c": "ccb"} m=1 gates+2 gates-2 polys=1462 infeasible-exact
2952 {"a": "abc", "b": "abca", "c": "aaab"} m=1 gates+1 gates-3 polys=330 infeasible-exact
2953 {"a": "acb", "b": "aaac", "c": "acba"} m=1 gates+1 gates-3 polys=330 infeasible-exact
2954 {"a": "bac", "b": "aaac", "c": "baca"} m=1 gates+2 gates-2 polys=631 infeasible-exact
2955 {"a": "bac", "b": "aaca", "c": "baca"} m=1 gates+2 gates-2 polys=600 infeasible-exact
2956 {"a": "bac", "b": "abac", "c": "aaab"} m=1 gates+2 gates-2 polys=690 infeasible-exact
2957 {"a": "bac", "b": "abac", "c": "aaba"} m=1 gates+2 gates-2 polys=552 infeasible-exact
2958 {"a": "bac", "b": "abac", "c": "abaa"} m=1 gates+2 gates-2 polys=600 infeasible-exact
2959 {"a": "bac", "b": "abac", "c": "baaa"} m=1 gates+2 gates-2 polys=631 infeasible-exact
2960 {"a": "bac", "b": "acaa", "c": "baca"} m=1 gates+2 gates-2 polys=552 infeasible-exact
2961 {"a": "bac", "b": "baca", "c": "aaab"} m=1 gates+1 gates-3 polys=294 infeasible-exact
2962 {"a": "bac", "b": "caaa", "c": "abac"} m=1 gates+3 gates-1 polys=294 infeasible-exact
2963 {"a": "bac", "b": "caaa", "c": "baca"} m=1 gates+2 gates-2 polys=690 infeasible-exact
2964 {"a": "bbc", "b": "acc", "c": "accb"} m=1 gates+2 gates-2 polys=647 infeasible-exact
2965 {"a": "bbc", "b": "cca", "c": "bcca"} m=1 gates+2 gates-2 polys=435 infeasible-exact
2966 {"a": "bbc", "b": "cca", "c": "ccab"} m=1 gates+1 gates-3 polys=287 infeasible-exact
2967 {"a": "bbc", "b": "abbc", "c": "aab"} m=1 gates+2 gates-2 polys=435 infeasible-exact
2968 {"a": "bbc", "b": "abbc", "c": "aba"} m=1 gates+2 gates-2 polys=518 infeasible-exact
2969 {"a": "bbc", "b": "abbc", "c": "baa"} m=1 gates+2 gates-2 polys=647 infeasible-exact
2970 {"a": "bbc", "b": "bbca", "c": "aab"} m=1 gates+1 gates-3 polys=287 infeasible-exact
2971 {"a": "bca", "b": "caaa", "c": "abca"} m=1 gates+3 gates-1 polys=330 infeasible-exact
2972 {"a": "bcb", "b": "acc", "c": "accb"} m=1 gates+2 gates-2 polys=518 infeasible-exact
2973 {"a": "bcb", "b": "cca", "c": "bcca"} m=1 gates+2 gates-2 polys=518 infeasible-exact
2974 {"a": "bcc", "b": "aac", "c": "bcca"} m=1 gates+2 gates-2 polys=647 infeasible-exact
2975 {"a": "bcc", "b": "aca", "c": "bcca"} m=1 gates+2 gates-2 polys=518 infeasible-exact
2976 {"a": "bcc", "b": "caa", "c": "abcc"} m=1 gates+3 gates-1 polys=287 infeasible-exact
2977 {"a": "bcc", "b": "caa", "c": "bcca"} m=1 gates+2 gates-2 polys=435 infeasible-exact
2978 {"a": "bcc", "b": "abbc", "c": "abb"} m=1 gates+2 gates-2 polys=435 infeasible-exact
2979 {"a": "bcc", "b": "cabb", "c": "abb"} m=1 gates+3 gates-1 polys=287 infeasible-exact
2980 {"a": "bcc", "b": "cbba", "c": "bba"} m=1 gates+2 gates-2 polys=647 infeasible-exact
2981 {"a": "cab", "b": "aaac", "c": "acab"} m=1 gates+2 gates-2 polys=690 infeasible-exact
2982 {"a": "cab", "b": "aaac", "c": "caba"} m=1 gates+1 gates-3 polys=294 infeasible-exact
2983 {"a": "cab", "b": "aaca", "c": "acab"} m=1 gates+2 gates-2 polys=552 infeasible-exact
2984 {"a": "cab", "b": "acaa", "c": "acab"} m=1 gates+2 gates-2 polys=600 infeasible-exact
2985 {"a": "cab", "b": "acab", "c": "baaa"} m=1 gates+3 gates-1 polys=294 infeasible-exact
2986 {"a": "cab", "b": "caaa", "c": "acab"} m=1 gates+2 gates-2 polys=631 infeasible-exact
2987 {"a": "cab", "b": "caba", "c": "aaab"} m=1 gates+2 gates-2 polys=631 infeasible-exact
2988 {"a": "cab", "b": "caba", "c": "aaba"} m=1 gates+2 gates-2 polys=600 infeasible-exact
2989 {"a": "cab", "b": "caba", "c": "abaa"} m=1 gates+2 gates-2 polys=552 infeasible-exact
2990 {"a": "cab", "b": "caba", "c": "baaa"} m=1 gates+2 gates-2 polys=690 infeasible-exact
2991 {"a": "cba", "b": "acba", "c": "baaa"} m=1 gates+3 gates-1 polys=330 infeasible-exact
2992 {"a": "cbb", "b": "acc", "c": "accb"} m=1 gates+2 gates-2 polys=435 infeasible-exact
2993 {"a": "cbb", "b": "acc", "c": "bacc"} m=1 gates+3 gates-1 polys=287 infeasible-exact
2994 {"a": "cbb", "b": "cca", "c": "bcca"} m=1 gates+2 gates-2 polys=647 infeasible-exact
2995 {"a": "cbb", "b": "acbb", "c": "baa"} m=1 gates+3 gates-1 polys=287 infeasible-exact
2996 {"a": "cbb", "b": "cbba", "c": "aab"} m=1 gates+2 gates-2 polys=647 infeasible-exact
2997 {"a": "cbb", "b": "cbba", "c": "aba"} m=1 gates+2 gates-2 polys=518 infeasible-exact
2998 {"a": "cbb", "b": "cbba", "c": "baa"} m=1 gates+2 gates-2 polys=435 infeasible-exact
2999 {"a": "cbc", "b": "abbc", "c": "abb"} m=1 gates+2 gates-2 polys=518 infeasible-exact
stats m=1 [2900,3000) {"infeasible-exact": 100} time 35.0
3000 {"a": "cbc", "b": "cbba", "c": "bba"} m=1 gates+2 gates-2 polys=518 infeasible-exact
3001 {"a": "ccb", "b": "aac", "c": "accb"} m=1 gates+2 gates-2 polys=435 infeasible-exact
3002 {"a": "ccb", "b": "aac", "c": "ccba"} m=1 gates+1 gates-3 polys=287 infeasible-exact
3003 {"a": "ccb", "b": "aca", "c": "accb"} m=1 gates+2 gates-2 polys=518 infeasible-exact
3004 {"a": "ccb", "b": "caa", "c": "accb"} m=1 gates+2 gates-2 polys=647 infeasible-exact
3005 {"a": "ccb", "b": "abbc", "c": "abb"} m=1 gates+2 gates-2 polys=647 infeasible-exact
3006 {"a": "ccb", "b": "bbac", "c": "bba"} m=1 gates+1 gates-3 polys=287 infeasible-exact
3007 {"a": "ccb", "b": "cbba", "c": "bba"} m=1 gates+2 gates-2 polys=435 infeasible-exact
3008 {"a": "aabc", "b": "cca", "c": "aab"} m=1 gates+1 gates-3 polys=287 infeasible-exact
3009 {"a": "aacb", "b": "aac", "c": "bba"} m=1 gates+1 gates-3 polys=287 infeasible-exact
3010 {"a": "abcb", "b": "abc", "c": "bbba"} m=1 gates+1 gates-3 polys=294 infeasible-exact
3011 {"a": "acbc", "b": "ccca", "c": "acb"} m=1 gates+1 gates-3 polys=294 infeasible-exact
3012 {"a": "baac", "b": "aac", "c": "abb"} m=1 gates+2 gates-2 polys=647 infeasible-exact
3013 {"a": "baac", "b": "aac", "c": "bab"} m=1 gates+2 gates-2 polys=518 infeasible-exact
3014 {"a": "baac", "b": "aac", "c": "bba"} m=1 gates+2 gates-2 polys=435 infeasible-exact
3015 {"a": "baac", "b": "acc", "c": "baa"} m=1 gates+2 gates-2 polys=435 infeasible-exact
3016 {"a": "baac", "b": "cac", "c": "baa"} m=1 gates+2 gates-2 polys=518 infeasible-exact
3017 {"a": "baac", "b": "cca", "c": "baa"} m=1 gates+2 gates-2 polys=647 infeasible-exact
3018 {"a": "babc", "b": "abc", "c": "abbb"} m=1 gates+2 gates-2 polys=631 infeasible-exact
3019 {"a": "babc", "b": "abc", "c": "babb"} m=1 gates+2 gates-2 polys=600 infeasible-exact
3020 {"a": "babc", "b": "abc", "c": "bbab"} m=1 gates+2 gates-2 polys=552 infeasible-exact
3021 {"a": "babc", "b": "abc", "c": "bbba"} m=1 gates+2 gates-2 polys=690 infeasible-exact
3022 {"a": "bacb", "b": "bac", "c": "bbba"} m=1 gates+1 gates-3 polys=330 infeasible-exact
3023 {"a": "bbbc", "b": "abc", "c": "abcb"} m=1 gates+2 gates-2 polys=631 infeasible-exact
3024 {"a": "bbbc", "b": "bca", "c": "bcab"} m=1 gates+1 gates-3 polys=330 infeasible-exact
3025 {"a": "bbbc", "b": "cba", "c": "bcba"} m=1 gates+2 gates-2 polys=690 infeasible-exact
3026 {"a": "bbbc", "b": "cba", "c": "cbab"} m=1 gates+1 gates-3 polys=294 infeasible-exact
3027 {"a": "bbcb", "b": "abc", "c": "abcb"} m=1 gates+2 gates-2 polys=600 infeasible-exact
3028 {"a": "bbcb", "b": "cba", "c": "bcba"} m=1 gates+2 gates-2 polys=552 infeasible-exact
3029 {"a": "bcaa", "b": "caa", "c": "abb"} m=1 gates+3 gates-1 polys=287 infeasible-exact
3030 {"a": "bcab", "b": "cab", "c": "abbb"} m=1 gates+3 gates-1 polys=330 infeasible-exact
3031 {"a": "bcac", "b": "accc", "c": "bca"} m=1 gates+2 gates-2 polys=690 infeasible-exact
3032 {"a": "bcac", "b": "cacc", "c": "bca"} m=1 gates+2 gates-2 polys=552 infeasible-exact
3033 {"a": "bcac", "b": "ccac", "c": "bca"} m=1 gates+2 gates-2 polys=600 infeasible-exact
3034 {"a": "bcac", "b": "ccca", "c": "bca"} m=1 gates+2 gates-2 polys=631 infeasible-exact
3035 {"a": "bcba", "b": "cba", "c": "abbb"} m=1 gates+3 gates-1 polys=294 infeasible-exact
3036 {"a": "bcbb", "b": "abc", "c": "abcb"} m=1 gates+2 gates-2 polys=552 infeasible-exact
3037 {"a": "bcbb", "b": "cba", "c": "bcba"} m=1 gates+2 gates-2 polys=600 infeasible-exact
3038 {"a": "bccc", "b": "acbc", "c": "acb"} m=1 gates+2 gates-2 polys=690 infeasible-exact
3039 {"a": "bccc", "b": "cabc", "c": "abc"} m=1 gates+3 gates-1 polys=330 infeasible-exact
3040 {"a": "bccc", "b": "cacb", "c": "acb"} m=1 gates+3 gates-1 polys=294 infeasible-exact
3041 {"a": "bccc", "b": "cbca", "c": "bca"} m=1 gates+2 gates-2 polys=631 infeasible-exact
3042 {"a": "caab", "b": "acc", "c": "aab"} m=1 gates+2 gates-2 polys=647 infeasible-exact
3043 {"a": "caab", "b": "caa", "c": "abb"} m=1 gates+2 gates-2 polys=435 infeasible-exact
3044 {"a": "caab", "b": "caa", "c": "bab"} m=1 gates+2 gates-2 polys=518 infeasible-exact
3045 {"a": "caab", "b": "caa", "c": "bba"} m=1 gates+2 gates-2 polys=647 infeasible-exact
3046 {"a": "caab", "b": "cac", "c": "aab"} m=1 gates+2 gates-2 polys=518 infeasible-exact
3047 {"a": "caab", "b": "cca", "c": "aab"} m=1 gates+2 gates-2 polys=435 infeasible-exact
3048 {"a": "cabc", "b": "ccca", "c": "cab"} m=1 gates+1 gates-3 polys=330 infeasible-exact
3049 {"a": "cacb", "b": "accc", "c": "acb"} m=1 gates+2 gates-2 polys=631 infeasible-exact
3050 {"a": "cacb", "b": "cacc", "c": "acb"} m=1 gates+2 gates-2 polys=600 infeasible-exact
3051 {"a": "cacb", "b": "ccac", "c": "acb"} m=1 gates+2 gates-2 polys=552 infeasible-exact
3052 {"a": "cacb", "b": "ccca", "c": "acb"} m=1 gates+2 gates-2 polys=690 infeasible-exact
3053 {"a": "cbaa", "b": "acc", "c": "baa"} m=1 gates+3 gates-1 polys=287 infeasible-exact
3054 {"a": "cbab", "b": "cba", "c": "abbb"} m=1 gates+2 gates-2 polys=690 infeasible-exact
3055 {"a": "cbab", "b": "cba", "c": "babb"} m=1 gates+2 gates-2 polys=552 infeasible-exact
3056 {"a": "cbab", "b": "cba", "c": "bbab"} m=1 gates+2 gates-2 polys=600 infeasible-exact
3057 {"a": "cbab", "b": "cba", "c": "bbba"} m=1 gates+2 gates-2 polys=631 infeasible-exact
3058 {"a": "cbac", "b": "accc", "c": "bac"} m=1 gates+3 gates-1 polys=330 infeasible-exact
3059 {"a": "cbbb", "b": "abc", "c": "abcb"} m=1 gates+2 gates-2 polys=690 infeasible-exact
3060 {"a": "cbbb", "b": "abc", "c": "babc"} m=1 gates+3 gates-1 polys=294 infeasible-exact
3061 {"a": "cbbb", "b": "acb", "c": "bacb"} m=1 gates+3 gates-1 polys=330 infeasible-exact
3062 {"a": "cbbb", "b": "cba", "c": "bcba"} m=1 gates+2 gates-2 polys=631 infeasible-exact
3063 {"a": "cbca", "b": "accc", "c": "bca"} m=1 gates+3 gates-1 polys=294 infeasible-exact
3064 {"a": "cbcc", "b": "acbc", "c": "acb"} m=1 gates+2 gates-2 polys=552 infeasible-exact
3065 {"a": "cbcc", "b": "cbca", "c": "bca"} m=1 gates+2 gates-2 polys=600 infeasible-exact
3066 {"a": "ccbc", "b": "acbc", "c": "acb"} m=1 gates+2 gates-2 polys=600 infeasible-exact
3067 {"a": "ccbc", "b": "cbca", "c": "bca"} m=1 gates+2 gates-2 polys=552 infeasible-exact
3068 {"a": "cccb", "b": "acbc", "c": "acb"} m=1 gates+2 gates-2 polys=631 infeasible-exact
3069 {"a": "cccb", "b": "bcac", "c": "bca"} m=1 gates+1 gates-3 polys=294 infeasible-exact
3070 {"a": "cccb", "b": "cbac", "c": "cba"} m=1 gates+1 gates-3 polys=330 infeasible-exact
3071 {"a": "cccb", "b": "cbca", "c": "bca"} m=1 gates+2 gates-2 polys=690 infeasible-exact
3072 {"a": "bab", "b": "aaac", "c": "babb"} m=1 gates+2 gates-2 polys=2572 infeasible-exact
3073 {"a": "bab", "b": "aaac", "c": "bbab"} m=1 gates+2 gates-2 polys=3472 infeasible-exact
3074 {"a": "bab", "b": "aaca", "c": "babb"} m=1 gates+2 gates-2 polys=2732 infeasible-exact
3075 {"a": "bab", "b": "aaca", "c": "bbab"} m=1 gates+2 gates-2 polys=3188 infeasible-exact
3076 {"a": "bab", "b": "acaa", "c": "babb"} m=1 gates+2 gates-2 polys=3188 infeasible-exact
3077 {"a": "bab", "b": "acaa", "c": "bbab"} m=1 gates+2 gates-2 polys=2732 infeasible-exact
3078 {"a": "bab", "b": "caaa", "c": "babb"} m=1 gates+2 gates-2 polys=3472 infeasible-exact
3079 {"a": "bab", "b": "caaa", "c": "bbab"} m=1 gates+2 gates-2 polys=2572 infeasible-exact
3080 {"a": "cac", "b": "cacc", "c": "aaab"} m=1 gates+2 gates-2 polys=2572 infeasible-exact
3081 {"a": "cac", "b": "cacc", "c": "aaba"} m=1 gates+2 gates-2 polys=2732 infeasible-exact
3082 {"a": "cac", "b": "cacc", "c": "abaa"} m=1 gates+2 gates-2 polys=3188 infeasible-exact
3083 {"a": "cac", "b": "cacc", "c": "baaa"} m=1 gates+2 gates-2 polys=3472 infeasible-exact
3084 {"a": "cac", "b": "ccac", "c": "aaab"} m=1 gates+2 gates-2 polys=3472 infeasible-exact
3085 {"a": "cac", "b": "ccac", "c": "aaba"} m=1 gates+2 gates-2 polys=3188 infeasible-exact
3086 {"a": "cac", "b": "ccac", "c": "abaa"} m=1 gates+2 gates-2 polys=2732 infeasible-exact
3087 {"a": "cac", "b": "ccac", "c": "baaa"} m=1 gates+2 gates-2 polys=2572 infeasible-exact
3088 {"a": "bbbc", "b": "aba", "c": "aaba"} m=1 gates+2 gates-2 polys=3472 infeasible-exact
3089 {"a": "bbbc", "b": "aba", "c": "abaa"} m=1 gates+2 gates-2 polys=2572 infeasible-exact
3090 {"a": "bbcb", "b": "aba", "c": "aaba"} m=1 gates+2 gates-2 polys=3188 infeasible-exact
3091 {"a": "bbcb", "b": "aba", "c": "abaa"} m=1 gates+2 gates-2 polys=2732 infeasible-exact
3092 {"a": "bbcb", "b": "accc", "c": "bcb"} m=1 gates+2 gates-2 polys=2572 infeasible-exact
3093 {"a": "bbcb", "b": "cacc", "c": "bcb"} m=1 gates+2 gates-2 polys=2732 infeasible-exact
3094 {"a": "bbcb", "b": "ccac", "c": "bcb"} m=1 gates+2 gates-2 polys=3188 infeasible-exact
3095 {"a": "bbcb", "b": "ccca", "c": "bcb"} m=1 gates+2 gates-2 polys=3472 infeasible-exact
3096 {"a": "bcbb", "b": "aba", "c": "aaba"} m=1 gates+2 gates-2 polys=2732 infeasible-exact
3097 {"a": "bcbb", "b": "aba", "c": "abaa"} m=1 gates+2 gates-2 polys=3188 infeasible-exact
3098 {"a": "bcbb", "b": "accc", "c": "bcb"} m=1 gates+2 gates-2 polys=3472 infeasible-exact
3099 {"a": "bcbb", "b": "cacc", "c": "bcb"} m=1 gates+2 gates-2 polys=3188 infeasible-exact
stats m=1 [3000,3100) {"infeasible-exact": 100} time 37.5
3100 {"a": "bcbb", "b": "ccac", "c": "bcb"} m=1 gates+2 gates-2 polys=2732 infeasible-exact
3101 {"a": "bcbb", "b": "ccca", "c": "bcb"} m=1 gates+2 gates-2 polys=2572 infeasible-exact
3102 {"a": "bccc", "b": "aaca", "c": "aca"} m=1 gates+2 gates-2 polys=2572 infeasible-exact
3103 {"a": "bccc", "b": "acaa", "c": "aca"} m=1 gates+2 gates-2 polys=3472 infeasible-exact
3104 {"a": "cbbb", "b": "aba", "c": "aaba"} m=1 gates+2 gates-2 polys=2572 infeasible-exact
3105 {"a": "cbbb", "b": "aba", "c": "abaa"} m=1 gates+2 gates-2 polys=3472 infeasible-exact
3106 {"a": "cbcc", "b": "cbc", "c": "abbb"} m=1 gates+2 gates-2 polys=3472 infeasible-exact
3107 {"a": "cbcc", "b": "cbc", "c": "babb"} m=1 gates+2 gates-2 polys=3188 infeasible-exact
3108 {"a": "cbcc", "b": "cbc", "c": "bbab"} m=1 gates+2 gates-2 polys=2732 infeasible-exact
3109 {"a": "cbcc", "b": "cbc", "c": "bbba"} m=1 gates+2 gates-2 polys=2572 infeasible-exact
3110 {"a": "cbcc", "b": "aaca", "c": "aca"} m=1 gates+2 gates-2 polys=2732 infeasible-exact
3111 {"a": "cbcc", "b": "acaa", "c": "aca"} m=1 gates+2 gates-2 polys=3188 infeasible-exact
3112 {"a": "ccbc", "b": "cbc", "c": "abbb"} m=1 gates+2 gates-2 polys=2572 infeasible-exact
3113 {"a": "ccbc", "b": "cbc", "c": "babb"} m=1 gates+2 gates-2 polys=2732 infeasible-exact
3114 {"a": "ccbc", "b": "cbc", "c": "bbab"} m=1 gates+2 gates-2 polys=3188 infeasible-exact
3115 {"a": "ccbc", "b": "cbc", "c": "bbba"} m=1 gates+2 gates-2 polys=3472 infeasible-exact
3116 {"a": "ccbc", "b": "aaca", "c": "aca"} m=1 gates+2 gates-2 polys=3188 infeasible-exact
3117 {"a": "ccbc", "b": "acaa", "c": "aca"} m=1 gates+2 gates-2 polys=2732 infeasible-exact
3118 {"a": "cccb", "b": "aaca", "c": "aca"} m=1 gates+2 gates-2 polys=3472 infeasible-exact
3119 {"a": "cccb", "b": "acaa", "c": "aca"} m=1 gates+2 gates-2 polys=2572 infeasible-exact
3120 {"a": "bc", "b": "acc", "c": "cacc"} m=1 gates+3 gates-1 polys=290 infeasible-exact
3121 {"a": "bc", "b": "bbab", "c": "bba"} m=1 gates+1 gates-3 polys=290 infeasible-exact
3122 {"a": "cb", "b": "cca", "c": "ccac"} m=1 gates+1 gates-3 polys=290 infeasible-exact
3123 {"a": "cb", "b": "babb", "c": "abb"} m=1 gates+3 gates-1 polys=290 infeasible-exact
3124 {"a": "aab", "b": "accc", "c": "caab"} m=1 gates+2 gates-2 polys=647 infeasible-exact
3125 {"a": "aab", "b": "cacc", "c": "caab"} m=1 gates+2 gates-2 polys=745 infeasible-exact
3126 {"a": "aab", "b": "ccac", "c": "caab"} m=1 gates+2 gates-2 polys=721 infeasible-exact
3127 {"a": "aab", "b": "ccca", "c": "aabc"} m=1 gates+1 gates-3 polys=302 infeasible-exact
3128 {"a": "aab", "b": "ccca", "c": "caab"} m=1 gates+2 gates-2 polys=713 infeasible-exact
3129 {"a": "aac", "b": "aacb", "c": "bbba"} m=1 gates+1 gates-3 polys=302 infeasible-exact
3130 {"a": "aac", "b": "baac", "c": "abbb"} m=1 gates+2 gates-2 polys=647 infeasible-exact
3131 {"a": "aac", "b": "baac", "c": "babb"} m=1 gates+2 gates-2 polys=745 infeasible-exact
3132 {"a": "aac", "b": "baac", "c": "bbab"} m=1 gates+2 gates-2 polys=721 infeasible-exact
3133 {"a": "aac", "b": "baac", "c": "bbba"} m=1 gates+2 gates-2 polys=713 infeasible-exact
3134 {"a": "abc", "b": "aaab", "c": "abca"} m=1 gates+1 gates-3 polys=330 infeasible-exact
3135 {"a": "abc", "b": "aabc", "c": "caaa"} m=1 gates+2 gates-2 polys=557 infeasible-exact
3136 {"a": "abc", "b": "abca", "c": "caaa"} m=1 gates+2 gates-2 polys=562 infeasible-exact
3137 {"a": "abc", "b": "abcb", "c": "bba"} m=1 gates+1 gates-3 polys=279 infeasible-exact
3138 {"a": "abc", "b": "baaa", "c": "abca"} m=1 gates+2 gates-2 polys=1762 infeasible-exact
3139 {"a": "abc", "b": "babc", "c": "abb"} m=1 gates+2 gates-2 polys=518 infeasible-exact
3140 {"a": "abc", "b": "babc", "c": "bab"} m=1 gates+2 gates-2 polys=616 infeasible-exact
3141 {"a": "abc", "b": "babc", "c": "bba"} m=1 gates+2 gates-2 polys=663 infeasible-exact
3142 {"a": "abc", "b": "cbab", "c": "bab"} m=1 gates+3 gates-1 polys=311 infeasible-exact
3143 {"a": "acb", "b": "acc", "c": "cacb"} m=1 gates+2 gates-2 polys=518 infeasible-exact
3144 {"a": "acb", "b": "cac", "c": "bcac"} m=1 gates+3 gates-1 polys=311 infeasible-exact
3145 {"a": "acb", "b": "cac", "c": "cacb"} m=1 gates+2 gates-2 polys=616 infeasible-exact
3146 {"a": "acb", "b": "cca", "c": "acbc"} m=1 gates+1 gates-3 polys=279 infeasible-exact
3147 {"a": "acb", "b": "cca", "c": "cacb"} m=1 gates+2 gates-2 polys=663 infeasible-exact
3148 {"a": "acb", "b": "acba", "c": "aaac"} m=1 gates+1 gates-3 polys=330 infeasible-exact
3149 {"a": "acb", "b": "acba", "c": "caaa"} m=1 gates+2 gates-2 polys=1762 infeasible-exact
3150 {"a": "acb", "b": "baaa", "c": "aacb"} m=1 gates+2 gates-2 polys=557 infeasible-exact
3151 {"a": "acb", "b": "baaa", "c": "acba"} m=1 gates+2 gates-2 polys=562 infeasible-exact
3152 {"a": "baa", "b": "accc", "c": "baac"} m=1 gates+2 gates-2 polys=713 infeasible-exact
3153 {"a": "baa", "b": "accc", "c": "cbaa"} m=1 gates+3 gates-1 polys=302 infeasible-exact
3154 {"a": "baa", "b": "cacc", "c": "baac"} m=1 gates+2 gates-2 polys=721 infeasible-exact
3155 {"a": "baa", "b": "ccac", "c": "baac"} m=1 gates+2 gates-2 polys=745 infeasible-exact
3156 {"a": "baa", "b": "ccca", "c": "baac"} m=1 gates+2 gates-2 polys=647 infeasible-exact
3157 {"a": "bac", "b": "acc", "c": "accb"} m=1 gates+2 gates-2 polys=595 infeasible-exact
3158 {"a": "bac", "b": "acc", "c": "cbac"} m=1 gates+3 gates-1 polys=311 infeasible-exact
3159 {"a": "bac", "b": "aaab", "c": "abac"} m=1 gates+2 gates-2 polys=1760 infeasible-exact
3160 {"a": "bac", "b": "aaba", "c": "baca"} m=1 gates+2 gates-2 polys=976 infeasible-exact
3161 {"a": "bac", "b": "abaa", "c": "baca"} m=1 gates+2 gates-2 polys=1593 infeasible-exact
3162 {"a": "bac", "b": "abac", "c": "aaca"} m=1 gates+2 gates-2 polys=1593 infeasible-exact
3163 {"a": "bac", "b": "abac", "c": "acaa"} m=1 gates+2 gates-2 polys=976 infeasible-exact
3164 {"a": "bac", "b": "baca", "c": "caaa"} m=1 gates+2 gates-2 polys=1760 infeasible-exact
3165 {"a": "bac", "b": "bacb", "c": "bba"} m=1 gates+1 gates-3 polys=311 infeasible-exact
3166 {"a": "bac", "b": "cbba", "c": "bba"} m=1 gates+2 gates-2 polys=595 infeasible-exact
3167 {"a": "bbc", "b": "abbc", "c": "bca"} m=1 gates+2 gates-2 polys=595 infeasible-exact
3168 {"a": "bbc", "b": "abcb", "c": "abc"} m=1 gates+2 gates-2 polys=518 infeasible-exact
3169 {"a": "bbc", "b": "bbcb", "c": "ba"} m=1 gates+1 gates-3 polys=290 infeasible-exact
3170 {"a": "bbc", "b": "bcab", "c": "bca"} m=1 gates+1 gates-3 polys=311 infeasible-exact
3171 {"a": "bbc", "b": "bcba", "c": "cba"} m=1 gates+2 gates-2 polys=663 infeasible-exact
3172 {"a": "bbc", "b": "cbab", "c": "cba"} m=1 gates+1 gates-3 polys=279 infeasible-exact
3173 {"a": "bca", "b": "acc", "c": "bcac"} m=1 gates+2 gates-2 polys=663 infeasible-exact
3174 {"a": "bca", "b": "acc", "c": "cbca"} m=1 gates+3 gates-1 polys=279 infeasible-exact
3175 {"a": "bca", "b": "cac", "c": "bcac"} m=1 gates+2 gates-2 polys=616 infeasible-exact
3176 {"a": "bca", "b": "cac", "c": "cacb"} m=1 gates+1 gates-3 polys=311 infeasible-exact
3177 {"a": "bca", "b": "cca", "c": "bcac"} m=1 gates+2 gates-2 polys=518 infeasible-exact
3178 {"a": "bca", "b": "aaab", "c": "abca"} m=1 gates+2 gates-2 polys=562 infeasible-exact
3179 {"a": "bca", "b": "aaab", "c": "bcaa"} m=1 gates+2 gates-2 polys=557 infeasible-exact
3180 {"a": "bca", "b": "abca", "c": "aaac"} m=1 gates+2 gates-2 polys=1762 infeasible-exact
3181 {"a": "bca", "b": "abca", "c": "caaa"} m=1 gates+3 gates-1 polys=330 infeasible-exact
3182 {"a": "bcb", "b": "abcb", "c": "abc"} m=1 gates+2 gates-2 polys=616 infeasible-exact
3183 {"a": "bcb", "b": "abcb", "c": "cba"} m=1 gates+3 gates-1 polys=311 infeasible-exact
3184 {"a": "bcb", "b": "bcba", "c": "abc"} m=1 gates+1 gates-3 polys=311 infeasible-exact
3185 {"a": "bcb", "b": "bcba", "c": "cba"} m=1 gates+2 gates-2 polys=616 infeasible-exact
3186 {"a": "bcc", "b": "ac", "c": "cbcc"} m=1 gates+3 gates-1 polys=290 infeasible-exact
3187 {"a": "bcc", "b": "abc", "c": "bcca"} m=1 gates+2 gates-2 polys=595 infeasible-exact
3188 {"a": "bcc", "b": "abc", "c": "cabc"} m=1 gates+3 gates-1 polys=311 infeasible-exact
3189 {"a": "bcc", "b": "acb", "c": "acbc"} m=1 gates+2 gates-2 polys=663 infeasible-exact
3190 {"a": "bcc", "b": "acb", "c": "cacb"} m=1 gates+3 gates-1 polys=279 infeasible-exact
3191 {"a": "bcc", "b": "bca", "c": "cbca"} m=1 gates+2 gates-2 polys=518 infeasible-exact
3192 {"a": "caa", "b": "bcaa", "c": "abbb"} m=1 gates+3 gates-1 polys=302 infeasible-exact
3193 {"a": "caa", "b": "caab", "c": "abbb"} m=1 gates+2 gates-2 polys=713 infeasible-exact
3194 {"a": "caa", "b": "caab", "c": "babb"} m=1 gates+2 gates-2 polys=721 infeasible-exact
3195 {"a": "caa", "b": "caab", "c": "bbab"} m=1 gates+2 gates-2 polys=745 infeasible-exact
3196 {"a": "caa", "b": "caab", "c": "bbba"} m=1 gates+2 gates-2 polys=647 infeasible-exact
3197 {"a": "cab", "b": "cca", "c": "bcca"} m=1 gates+2 gates-2 polys=595 infeasible-exact
3198 {"a": "cab", "b": "cca", "c": "cabc"} m=1 gates+1 gates-3 polys=311 infeasible-exact
3199 {"a": "cab", "b": "aaba", "c": "acab"} m=1 gates+2 gates-2 polys=1593 infeasible-exact
stats m=1 [3100,3200) {"infeasible-exact": 100} time 36.7
3200 {"a": "cab", "b": "abaa", "c": "acab"} m=1 gates+2 gates-2 polys=976 infeasible-exact
3201 {"a": "cab", "b": "abbc", "c": "abb"} m=1 gates+2 gates-2 polys=595 infeasible-exact
3202 {"a": "cab", "b": "acab", "c": "aaac"} m=1 gates+2 gates-2 polys=1760 infeasible-exact
3203 {"a": "cab", "b": "baaa", "c": "caba"} m=1 gates+2 gates-2 polys=1760 infeasible-exact
3204 {"a": "cab", "b": "bcab", "c": "abb"} m=1 gates+3 gates-1 polys=311 infeasible-exact
3205 {"a": "cab", "b": "caba", "c": "aaca"} m=1 gates+2 gates-2 polys=976 infeasible-exact
3206 {"a": "cab", "b": "caba", "c": "acaa"} m=1 gates+2 gates-2 polys=1593 infeasible-exact
3207 {"a": "cba", "b": "aaab", "c": "acba"} m=1 gates+2 gates-2 polys=1762 infeasible-exact
3208 {"a": "cba", "b": "acba", "c": "aaac"} m=1 gates+2 gates-2 polys=562 infeasible-exact
3209 {"a": "cba", "b": "baaa", "c": "acba"} m=1 gates+3 gates-1 polys=330 infeasible-exact
3210 {"a": "cba", "b": "babc", "c": "bab"} m=1 gates+1 gates-3 polys=311 infeasible-exact
3211 {"a": "cba", "b": "bcba", "c": "abb"} m=1 gates+3 gates-1 polys=279 infeasible-exact
3212 {"a": "cba", "b": "cbaa", "c": "aaac"} m=1 gates+2 gates-2 polys=557 infeasible-exact
3213 {"a": "cba", "b": "cbab", "c": "abb"} m=1 gates+2 gates-2 polys=663 infeasible-exact
3214 {"a": "cba", "b": "cbab", "c": "bab"} m=1 gates+2 gates-2 polys=616 infeasible-exact
3215 {"a": "cba", "b": "cbab", "c": "bba"} m=1 gates+2 gates-2 polys=518 infeasible-exact
3216 {"a": "cbb", "b": "abcb", "c": "abc"} m=1 gates+2 gates-2 polys=663 infeasible-exact
3217 {"a": "cbb", "b": "babc", "c": "abc"} m=1 gates+3 gates-1 polys=279 infeasible-exact
3218 {"a": "cbb", "b": "bacb", "c": "acb"} m=1 gates+3 gates-1 polys=311 infeasible-exact
3219 {"a": "cbb", "b": "bcba", "c": "cba"} m=1 gates+2 gates-2 polys=518 infeasible-exact
3220 {"a": "cbb", "b": "bcbb", "c": "ab"} m=1 gates+3 gates-1 polys=290 infeasible-exact
3221 {"a": "cbb", "b": "cbba", "c": "acb"} m=1 gates+2 gates-2 polys=595 infeasible-exact
3222 {"a": "cbc", "b": "acb", "c": "acbc"} m=1 gates+2 gates-2 polys=616 infeasible-exact
3223 {"a": "cbc", "b": "acb", "c": "cbca"} m=1 gates+1 gates-3 polys=311 infeasible-exact
3224 {"a": "cbc", "b": "bca", "c": "acbc"} m=1 gates+3 gates-1 polys=311 infeasible-exact
3225 {"a": "cbc", "b": "bca", "c": "cbca"} m=1 gates+2 gates-2 polys=616 infeasible-exact
3226 {"a": "ccb", "b": "ca", "c": "ccbc"} m=1 gates+1 gates-3 polys=290 infeasible-exact
3227 {"a": "ccb", "b": "acb", "c": "acbc"} m=1 gates+2 gates-2 polys=518 infeasible-exact
3228 {"a": "ccb", "b": "bca", "c": "bcac"} m=1 gates+1 gates-3 polys=279 infeasible-exact
3229 {"a": "ccb", "b": "bca", "c": "cbca"} m=1 gates+2 gates-2 polys=663 infeasible-exact
3230 {"a": "ccb", "b": "cba", "c": "accb"} m=1 gates+2 gates-2 polys=595 infeasible-exact
3231 {"a": "ccb", "b": "cba", "c": "cbac"} m=1 gates+1 gates-3 polys=311 infeasible-exact
3232 {"a": "aaba", "b": "ac", "c": "aab"} m=1 gates+1 gates-3 polys=290 infeasible-exact
3233 {"a": "aaca", "b": "aac", "c": "ab"} m=1 gates+1 gates-3 polys=290 infeasible-exact
3234 {"a": "abaa", "b": "ca", "c": "baa"} m=1 gates+3 gates-1 polys=290 infeasible-exact
3235 {"a": "abac", "b": "bac", "c": "aab"} m=1 gates+2 gates-2 polys=663 infeasible-exact
3236 {"a": "abac", "b": "bac", "c": "aba"} m=1 gates+2 gates-2 polys=616 infeasible-exact
3237 {"a": "abac", "b": "bac", "c": "baa"} m=1 gates+2 gates-2 polys=518 infeasible-exact
3238 {"a": "abac", "b": "caa", "c": "bac"} m=1 gates+3 gates-1 polys=279 infeasible-exact
3239 {"a": "abac", "b": "cab", "c": "aba"} m=1 gates+1 gates-3 polys=311 infeasible-exact
3240 {"a": "abbb", "b": "bac", "c": "bacb"} m=1 gates+2 gates-2 polys=1762 infeasible-exact
3241 {"a": "abbb", "b": "bca", "c": "bbca"} m=1 gates+2 gates-2 polys=557 infeasible-exact
3242 {"a": "abbb", "b": "bca", "c": "bcab"} m=1 gates+2 gates-2 polys=562 infeasible-exact
3243 {"a": "abbb", "b": "cab", "c": "bcab"} m=1 gates+3 gates-1 polys=330 infeasible-exact
3244 {"a": "abbb", "b": "cba", "c": "cbab"} m=1 gates+2 gates-2 polys=1760 infeasible-exact
3245 {"a": "abbc", "b": "bbc", "c": "aaab"} m=1 gates+2 gates-2 polys=713 infeasible-exact
3246 {"a": "abbc", "b": "bbc", "c": "aaba"} m=1 gates+2 gates-2 polys=721 infeasible-exact
3247 {"a": "abbc", "b": "bbc", "c": "abaa"} m=1 gates+2 gates-2 polys=745 infeasible-exact
3248 {"a": "abbc", "b": "bbc", "c": "baaa"} m=1 gates+2 gates-2 polys=647 infeasible-exact
3249 {"a": "abca", "b": "abc", "c": "aab"} m=1 gates+1 gates-3 polys=311 infeasible-exact
3250 {"a": "abca", "b": "caa", "c": "bca"} m=1 gates+3 gates-1 polys=311 infeasible-exact
3251 {"a": "abcb", "b": "abc", "c": "cbbb"} m=1 gates+2 gates-2 polys=1760 infeasible-exact
3252 {"a": "abcc", "b": "caaa", "c": "bcc"} m=1 gates+3 gates-1 polys=302 infeasible-exact
3253 {"a": "acaa", "b": "caa", "c": "ba"} m=1 gates+3 gates-1 polys=290 infeasible-exact
3254 {"a": "acab", "b": "aac", "c": "cab"} m=1 gates+2 gates-2 polys=663 infeasible-exact
3255 {"a": "acab", "b": "aca", "c": "bac"} m=1 gates+1 gates-3 polys=311 infeasible-exact
3256 {"a": "acab", "b": "aca", "c": "cab"} m=1 gates+2 gates-2 polys=616 infeasible-exact
3257 {"a": "acab", "b": "caa", "c": "cab"} m=1 gates+2 gates-2 polys=518 infeasible-exact
3258 {"a": "acab", "b": "cab", "c": "baa"} m=1 gates+3 gates-1 polys=279 infeasible-exact
3259 {"a": "acba", "b": "aac", "c": "acb"} m=1 gates+1 gates-3 polys=311 infeasible-exact
3260 {"a": "acba", "b": "cba", "c": "baa"} m=1 gates+3 gates-1 polys=311 infeasible-exact
3261 {"a": "acbb", "b": "cbb", "c": "baaa"} m=1 gates+3 gates-1 polys=302 infeasible-exact
3262 {"a": "acbc", "b": "bccc", "c": "acb"} m=1 gates+2 gates-2 polys=1760 infeasible-exact
3263 {"a": "accb", "b": "aaac", "c": "ccb"} m=1 gates+2 gates-2 polys=713 infeasible-exact
3264 {"a": "accb", "b": "aaca", "c": "ccb"} m=1 gates+2 gates-2 polys=721 infeasible-exact
3265 {"a": "accb", "b": "acaa", "c": "ccb"} m=1 gates+2 gates-2 polys=745 infeasible-exact
3266 {"a": "accb", "b": "caaa", "c": "ccb"} m=1 gates+2 gates-2 polys=647 infeasible-exact
3267 {"a": "accc", "b": "bcac", "c": "bca"} m=1 gates+2 gates-2 polys=1760 infeasible-exact
3268 {"a": "accc", "b": "cabc", "c": "cab"} m=1 gates+2 gates-2 polys=1762 infeasible-exact
3269 {"a": "accc", "b": "cbac", "c": "bac"} m=1 gates+3 gates-1 polys=330 infeasible-exact
3270 {"a": "accc", "b": "cbac", "c": "cba"} m=1 gates+2 gates-2 polys=562 infeasible-exact
3271 {"a": "accc", "b": "ccba", "c": "cba"} m=1 gates+2 gates-2 polys=557 infeasible-exact
3272 {"a": "baac", "b": "aac", "c": "acb"} m=1 gates+2 gates-2 polys=595 infeasible-exact
3273 {"a": "baac", "b": "cba", "c": "baa"} m=1 gates+2 gates-2 polys=595 infeasible-exact
3274 {"a": "babb", "b": "abc", "c": "abcb"} m=1 gates+2 gates-2 polys=1593 infeasible-exact
3275 {"a": "babb", "b": "cba", "c": "bcba"} m=1 gates+2 gates-2 polys=976 infeasible-exact
3276 {"a": "babc", "b": "abc", "c": "bbcb"} m=1 gates+2 gates-2 polys=1593 infeasible-exact
3277 {"a": "babc", "b": "abc", "c": "bcbb"} m=1 gates+2 gates-2 polys=976 infeasible-exact
3278 {"a": "baca", "b": "aac", "c": "bac"} m=1 gates+2 gates-2 polys=518 infeasible-exact
3279 {"a": "baca", "b": "aca", "c": "bac"} m=1 gates+2 gates-2 polys=616 infeasible-exact
3280 {"a": "baca", "b": "aca", "c": "cab"} m=1 gates+3 gates-1 polys=311 infeasible-exact
3281 {"a": "baca", "b": "bac", "c": "aab"} m=1 gates+1 gates-3 polys=279 infeasible-exact
3282 {"a": "baca", "b": "caa", "c": "bac"} m=1 gates+2 gates-2 polys=663 infeasible-exact
3283 {"a": "bacb", "b": "acb", "c": "bbbc"} m=1 gates+2 gates-2 polys=1762 infeasible-exact
3284 {"a": "bacb", "b": "acb", "c": "cbbb"} m=1 gates+3 gates-1 polys=330 infeasible-exact
3285 {"a": "bacb", "b": "bac", "c": "cbbb"} m=1 gates+2 gates-2 polys=562 infeasible-exact
3286 {"a": "bacc", "b": "cccb", "c": "bac"} m=1 gates+2 gates-2 polys=557 infeasible-exact
3287 {"a": "bbab", "b": "abc", "c": "abcb"} m=1 gates+2 gates-2 polys=976 infeasible-exact
3288 {"a": "bbab", "b": "cba", "c": "bcba"} m=1 gates+2 gates-2 polys=1593 infeasible-exact
3289 {"a": "bbac", "b": "bac", "c": "cbbb"} m=1 gates+2 gates-2 polys=557 infeasible-exact
3290 {"a": "bbba", "b": "abc", "c": "babc"} m=1 gates+2 gates-2 polys=1760 infeasible-exact
3291 {"a": "bbba", "b": "acb", "c": "acbb"} m=1 gates+2 gates-2 polys=557 infeasible-exact
3292 {"a": "bbba", "b": "acb", "c": "bacb"} m=1 gates+2 gates-2 polys=562 infeasible-exact
3293 {"a": "bbba", "b": "bac", "c": "bacb"} m=1 gates+1 gates-3 polys=330 infeasible-exact
3294 {"a": "bbba", "b": "cab", "c": "bcab"} m=1 gates+2 gates-2 polys=1762 infeasible-exact
3295 {"a": "bbbc", "b": "accb", "c": "acc"} m=1 gates+2 gates-2 polys=647 infeasible-exact
3296 {"a": "bbbc", "b": "bcca", "c": "cca"} m=1 gates+2 gates-2 polys=713 infeasible-exact
3297 {"a": "bbbc", "b": "ccab", "c": "cca"} m=1 gates+1 gates-3 polys=302 infeasible-exact
3298 {"a": "bbca", "b": "bbc", "c": "aaab"} m=1 gates+1 gates-3 polys=302 infeasible-exact
3299 {"a": "bbcb", "b": "accb", "c": "acc"} m=1 gates+2 gates-2 polys=745 infeasible-exact
stats m=1 [3200,3300) {"infeasible-exact": 100} time 20.6
3300 {"a": "bbcb", "b": "bcca", "c": "cca"} m=1 gates+2 gates-2 polys=721 infeasible-exact
3301 {"a": "bcab", "b": "bca", "c": "bbbc"} m=1 gates+1 gates-3 polys=330 infeasible-exact
3302 {"a": "bcab", "b": "bca", "c": "cbbb"} m=1 gates+2 gates-2 polys=1762 infeasible-exact
3303 {"a": "bcab", "b": "cab", "c": "bbbc"} m=1 gates+2 gates-2 polys=562 infeasible-exact
3304 {"a": "bcac", "b": "cbcc", "c": "bca"} m=1 gates+2 gates-2 polys=1593 infeasible-exact
3305 {"a": "bcac", "b": "ccbc", "c": "bca"} m=1 gates+2 gates-2 polys=976 infeasible-exact
3306 {"a": "bcba", "b": "cba", "c": "bbbc"} m=1 gates+2 gates-2 polys=1760 infeasible-exact
3307 {"a": "bcbb", "b": "accb", "c": "acc"} m=1 gates+2 gates-2 polys=721 infeasible-exact
3308 {"a": "bcbb", "b": "bcca", "c": "cca"} m=1 gates+2 gates-2 polys=745 infeasible-exact
3309 {"a": "bcca", "b": "aaac", "c": "bcc"} m=1 gates+2 gates-2 polys=647 infeasible-exact
3310 {"a": "bcca", "b": "aaca", "c": "bcc"} m=1 gates+2 gates-2 polys=745 infeasible-exact
3311 {"a": "bcca", "b": "acaa", "c": "bcc"} m=1 gates+2 gates-2 polys=721 infeasible-exact
3312 {"a": "bcca", "b": "caaa", "c": "bcc"} m=1 gates+2 gates-2 polys=713 infeasible-exact
3313 {"a": "bccc", "b": "abb", "c": "abbc"} m=1 gates+2 gates-2 polys=713 infeasible-exact
3314 {"a": "bccc", "b": "abb", "c": "cabb"} m=1 gates+3 gates-1 polys=302 infeasible-exact
3315 {"a": "bccc", "b": "bba", "c": "cbba"} m=1 gates+2 gates-2 polys=647 infeasible-exact
3316 {"a": "caab", "b": "abc", "c": "aab"} m=1 gates+2 gates-2 polys=595 infeasible-exact
3317 {"a": "caab", "b": "caa", "c": "bca"} m=1 gates+2 gates-2 polys=595 infeasible-exact
3318 {"a": "caba", "b": "aac", "c": "cab"} m=1 gates+1 gates-3 polys=279 infeasible-exact
3319 {"a": "caba", "b": "bac", "c": "aba"} m=1 gates+3 gates-1 polys=311 infeasible-exact
3320 {"a": "caba", "b": "cab", "c": "aab"} m=1 gates+2 gates-2 polys=518 infeasible-exact
3321 {"a": "caba", "b": "cab", "c": "aba"} m=1 gates+2 gates-2 polys=616 infeasible-exact
3322 {"a": "caba", "b": "cab", "c": "baa"} m=1 gates+2 gates-2 polys=663 infeasible-exact
3323 {"a": "cabb", "b": "cab", "c": "bbbc"} m=1 gates+2 gates-2 polys=557 infeasible-exact
3324 {"a": "cabc", "b": "bccc", "c": "abc"} m=1 gates+3 gates-1 polys=330 infeasible-exact
3325 {"a": "cabc", "b": "bccc", "c": "cab"} m=1 gates+2 gates-2 polys=562 infeasible-exact
3326 {"a": "cabc", "b": "cccb", "c": "abc"} m=1 gates+2 gates-2 polys=1762 infeasible-exact
3327 {"a": "cacb", "b": "cbcc", "c": "acb"} m=1 gates+2 gates-2 polys=976 infeasible-exact
3328 {"a": "cacb", "b": "ccbc", "c": "acb"} m=1 gates+2 gates-2 polys=1593 infeasible-exact
3329 {"a": "cacc", "b": "acbc", "c": "acb"} m=1 gates+2 gates-2 polys=1593 infeasible-exact
3330 {"a": "cacc", "b": "cbca", "c": "bca"} m=1 gates+2 gates-2 polys=976 infeasible-exact
3331 {"a": "cbab", "b": "cba", "c": "bbcb"} m=1 gates+2 gates-2 polys=976 infeasible-exact
3332 {"a": "cbab", "b": "cba", "c": "bcbb"} m=1 gates+2 gates-2 polys=1593 infeasible-exact
3333 {"a": "cbac", "b": "bccc", "c": "cba"} m=1 gates+2 gates-2 polys=1762 infeasible-exact
3334 {"a": "cbac", "b": "cccb", "c": "bac"} m=1 gates+2 gates-2 polys=562 infeasible-exact
3335 {"a": "cbac", "b": "cccb", "c": "cba"} m=1 gates+1 gates-3 polys=330 infeasible-exact
3336 {"a": "cbba", "b": "cbb", "c": "aaab"} m=1 gates+2 gates-2 polys=647 infeasible-exact
3337 {"a": "cbba", "b": "cbb", "c": "aaba"} m=1 gates+2 gates-2 polys=745 infeasible-exact
3338 {"a": "cbba", "b": "cbb", "c": "abaa"} m=1 gates+2 gates-2 polys=721 infeasible-exact
3339 {"a": "cbba", "b": "cbb", "c": "baaa"} m=1 gates+2 gates-2 polys=713 infeasible-exact
3340 {"a": "cbbb", "b": "accb", "c": "acc"} m=1 gates+2 gates-2 polys=713 infeasible-exact
3341 {"a": "cbbb", "b": "bacc", "c": "acc"} m=1 gates+3 gates-1 polys=302 infeasible-exact
3342 {"a": "cbbb", "b": "bcca", "c": "cca"} m=1 gates+2 gates-2 polys=647 infeasible-exact
3343 {"a": "cbca", "b": "cccb", "c": "bca"} m=1 gates+2 gates-2 polys=1760 infeasible-exact
3344 {"a": "cbcc", "b": "abb", "c": "abbc"} m=1 gates+2 gates-2 polys=721 infeasible-exact
3345 {"a": "cbcc", "b": "bba", "c": "cbba"} m=1 gates+2 gates-2 polys=745 infeasible-exact
3346 {"a": "ccab", "b": "bccc", "c": "cab"} m=1 gates+2 gates-2 polys=557 infeasible-exact
3347 {"a": "ccac", "b": "acbc", "c": "acb"} m=1 gates+2 gates-2 polys=976 infeasible-exact
3348 {"a": "ccac", "b": "cbca", "c": "bca"} m=1 gates+2 gates-2 polys=1593 infeasible-exact
3349 {"a": "ccba", "b": "aaac", "c": "ccb"} m=1 gates+1 gates-3 polys=302 infeasible-exact
3350 {"a": "ccbc", "b": "abb", "c": "abbc"} m=1 gates+2 gates-2 polys=745 infeasible-exact
3351 {"a": "ccbc", "b": "bba", "c": "cbba"} m=1 gates+2 gates-2 polys=721 infeasible-exact
3352 {"a": "ccca", "b": "abcc", "c": "abc"} m=1 gates+2 gates-2 polys=557 infeasible-exact
3353 {"a": "ccca", "b": "cabc", "c": "abc"} m=1 gates+2 gates-2 polys=562 infeasible-exact
3354 {"a": "ccca", "b": "cabc", "c": "cab"} m=1 gates+1 gates-3 polys=330 infeasible-exact
3355 {"a": "ccca", "b": "cacb", "c": "acb"} m=1 gates+2 gates-2 polys=1760 infeasible-exact
3356 {"a": "ccca", "b": "cbac", "c": "bac"} m=1 gates+2 gates-2 polys=1762 infeasible-exact
3357 {"a": "cccb", "b": "abb", "c": "abbc"} m=1 gates+2 gates-2 polys=647 infeasible-exact
3358 {"a": "cccb", "b": "bba", "c": "bbac"} m=1 gates+1 gates-3 polys=302 infeasible-exact
3359 {"a": "cccb", "b": "bba", "c": "cbba"} m=1 gates+2 gates-2 polys=713 infeasible-exact
3360 {"a": "ab", "b": "abc", "c": "cccb"} m=1 gates+2 gates-2 polys=1059 infeasible-exact
3361 {"a": "ab", "b": "cab", "c": "cbcc"} m=1 gates+2 gates-2 polys=1002 infeasible-exact
3362 {"a": "ab", "b": "cab", "c": "ccbc"} m=1 gates+2 gates-2 polys=790 infeasible-exact
3363 {"a": "ac", "b": "bbbc", "c": "acb"} m=1 gates+2 gates-2 polys=1059 infeasible-exact
3364 {"a": "ac", "b": "bbcb", "c": "bac"} m=1 gates+2 gates-2 polys=790 infeasible-exact
3365 {"a": "ac", "b": "bcbb", "c": "bac"} m=1 gates+2 gates-2 polys=1002 infeasible-exact
3366 {"a": "ba", "b": "bac", "c": "cbcc"} m=1 gates+2 gates-2 polys=790 infeasible-exact
3367 {"a": "ba", "b": "bac", "c": "ccbc"} m=1 gates+2 gates-2 polys=1002 infeasible-exact
3368 {"a": "ba", "b": "cba", "c": "bccc"} m=1 gates+2 gates-2 polys=1059 infeasible-exact
3369 {"a": "bc", "b": "bbc", "c": "ccca"} m=1 gates+2 gates-2 polys=2711 infeasible-exact
3370 {"a": "bc", "b": "bcb", "c": "cacc"} m=1 gates+2 gates-2 polys=1637 infeasible-exact
3371 {"a": "bc", "b": "bcb", "c": "ccac"} m=1 gates+2 gates-2 polys=1449 infeasible-exact
3372 {"a": "bc", "b": "abbb", "c": "bcc"} m=1 gates+2 gates-2 polys=2711 infeasible-exact
3373 {"a": "bc", "b": "babb", "c": "cbc"} m=1 gates+2 gates-2 polys=1449 infeasible-exact
3374 {"a": "bc", "b": "bbab", "c": "cbc"} m=1 gates+2 gates-2 polys=1637 infeasible-exact
3375 {"a": "ca", "b": "bbcb", "c": "cab"} m=1 gates+2 gates-2 polys=1002 infeasible-exact
3376 {"a": "ca", "b": "bcbb", "c": "cab"} m=1 gates+2 gates-2 polys=790 infeasible-exact
3377 {"a": "ca", "b": "cbbb", "c": "bca"} m=1 gates+2 gates-2 polys=1059 infeasible-exact
3378 {"a": "cb", "b": "bcb", "c": "cacc"} m=1 gates+2 gates-2 polys=1449 infeasible-exact
3379 {"a": "cb", "b": "bcb", "c": "ccac"} m=1 gates+2 gates-2 polys=1637 infeasible-exact
3380 {"a": "cb", "b": "cbb", "c": "accc"} m=1 gates+2 gates-2 polys=2711 infeasible-exact
3381 {"a": "cb", "b": "babb", "c": "cbc"} m=1 gates+2 gates-2 polys=1637 infeasible-exact
3382 {"a": "cb", "b": "bbab", "c": "cbc"} m=1 gates+2 gates-2 polys=1449 infeasible-exact
3383 {"a": "cb", "b": "bbba", "c": "ccb"} m=1 gates+2 gates-2 polys=2711 infeasible-exact
3384 {"a": "aab", "b": "cca", "c": "ccca"} m=1 gates+2 gates-2 polys=3226 infeasible-exact
3385 {"a": "aab", "b": "aabc", "c": "ccab"} m=1 gates+2 gates-2 polys=567 infeasible-exact
3386 {"a": "aab", "b": "bbbc", "c": "ab"} m=1 gates+2 gates-2 polys=2711 infeasible-exact
3387 {"a": "aab", "b": "bcba", "c": "bcb"} m=1 gates+2 gates-2 polys=1902 infeasible-exact
3388 {"a": "aab", "b": "caab", "c": "cabc"} m=1 gates+2 gates-2 polys=1354 infeasible-exact
3389 {"a": "aab", "b": "cbba", "c": "cbb"} m=1 gates+2 gates-2 polys=2340 infeasible-exact
3390 {"a": "aac", "b": "ac", "c": "cccb"} m=1 gates+2 gates-2 polys=2711 infeasible-exact
3391 {"a": "aac", "b": "bcc", "c": "bcca"} m=1 gates+2 gates-2 polys=2340 infeasible-exact
3392 {"a": "aac", "b": "cbc", "c": "cbca"} m=1 gates+2 gates-2 polys=1902 infeasible-exact
3393 {"a": "aac", "b": "bacb", "c": "baac"} m=1 gates+2 gates-2 polys=1354 infeasible-exact
3394 {"a": "aac", "b": "bbac", "c": "aacb"} m=1 gates+2 gates-2 polys=567 infeasible-exact
3395 {"a": "aac", "b": "bbba", "c": "bba"} m=1 gates+2 gates-2 polys=3226 infeasible-exact
3396 {"a": "aba", "b": "acc", "c": "cacc"} m=1 gates+2 gates-2 polys=2118 infeasible-exact
3397 {"a": "aba", "b": "cac", "c": "cacc"} m=1 gates+2 gates-2 polys=954 infeasible-exact
3398 {"a": "aba", "b": "cac", "c": "ccac"} m=1 gates+2 gates-2 polys=954 infeasible-exact
3399 {"a": "aba", "b": "cca", "c": "ccac"} m=1 gates+2 gates-2 polys=2118 infeasible-exact
stats m=1 [3300,3400) {"infeasible-exact": 100} time 27.8
3400 {"a": "aba", "b": "abac", "c": "cabc"} m=1 gates+2 gates-2 polys=933 infeasible-exact
3401 {"a": "aba", "b": "abac", "c": "cbac"} m=1 gates+2 gates-2 polys=1088 infeasible-exact
3402 {"a": "aba", "b": "acbb", "c": "cbb"} m=1 gates+2 gates-2 polys=849 infeasible-exact
3403 {"a": "aba", "b": "bbca", "c": "bbc"} m=1 gates+2 gates-2 polys=849 infeasible-exact
3404 {"a": "aba", "b": "bbcb", "c": "ab"} m=1 gates+2 gates-2 polys=1449 infeasible-exact
3405 {"a": "aba", "b": "bbcb", "c": "ba"} m=1 gates+2 gates-2 polys=1637 infeasible-exact
3406 {"a": "aba", "b": "bcbb", "c": "ab"} m=1 gates+2 gates-2 polys=1637 infeasible-exact
3407 {"a": "aba", "b": "bcbb", "c": "ba"} m=1 gates+2 gates-2 polys=1449 infeasible-exact
3408 {"a": "aba", "b": "caba", "c": "cabc"} m=1 gates+2 gates-2 polys=1088 infeasible-exact
3409 {"a": "aba", "b": "caba", "c": "cbac"} m=1 gates+2 gates-2 polys=933 infeasible-exact
3410 {"a": "abb", "b": "abbc", "c": "ccb"} m=1 gates+2 gates-2 polys=2340 infeasible-exact
3411 {"a": "abb", "b": "cabb", "c": "cbc"} m=1 gates+2 gates-2 polys=849 infeasible-exact
3412 {"a": "abc", "b": "ab", "c": "cacc"} m=1 gates+2 gates-2 polys=790 infeasible-exact
3413 {"a": "abc", "b": "ab", "c": "ccac"} m=1 gates+2 gates-2 polys=1002 infeasible-exact
3414 {"a": "aca", "b": "ac", "c": "cbcc"} m=1 gates+2 gates-2 polys=1637 infeasible-exact
3415 {"a": "aca", "b": "ac", "c": "ccbc"} m=1 gates+2 gates-2 polys=1449 infeasible-exact
3416 {"a": "aca", "b": "ca", "c": "cbcc"} m=1 gates+2 gates-2 polys=1449 infeasible-exact
3417 {"a": "aca", "b": "ca", "c": "ccbc"} m=1 gates+2 gates-2 polys=1637 infeasible-exact
3418 {"a": "aca", "b": "bcc", "c": "abcc"} m=1 gates+2 gates-2 polys=849 infeasible-exact
3419 {"a": "aca", "b": "ccb", "c": "ccba"} m=1 gates+2 gates-2 polys=849 infeasible-exact
3420 {"a": "aca", "b": "babb", "c": "abb"} m=1 gates+2 gates-2 polys=2118 infeasible-exact
3421 {"a": "aca", "b": "babb", "c": "bab"} m=1 gates+2 gates-2 polys=954 infeasible-exact
3422 {"a": "aca", "b": "bacb", "c": "acab"} m=1 gates+2 gates-2 polys=933 infeasible-exact
3423 {"a": "aca", "b": "bacb", "c": "baca"} m=1 gates+2 gates-2 polys=1088 infeasible-exact
3424 {"a": "aca", "b": "bbab", "c": "bab"} m=1 gates+2 gates-2 polys=954 infeasible-exact
3425 {"a": "aca", "b": "bbab", "c": "bba"} m=1 gates+2 gates-2 polys=2118 infeasible-exact
3426 {"a": "aca", "b": "bcab", "c": "acab"} m=1 gates+2 gates-2 polys=1088 infeasible-exact
3427 {"a": "aca", "b": "bcab", "c": "baca"} m=1 gates+2 gates-2 polys=933 infeasible-exact
3428 {"a": "acb", "b": "babb", "c": "ac"} m=1 gates+2 gates-2 polys=790 infeasible-exact
3429 {"a": "acb", "b": "bbab", "c": "ac"} m=1 gates+2 gates-2 polys=1002 infeasible-exact
3430 {"a": "acc", "b": "bbc", "c": "accb"} m=1 gates+2 gates-2 polys=2340 infeasible-exact
3431 {"a": "acc", "b": "bcb", "c": "bacc"} m=1 gates+2 gates-2 polys=849 infeasible-exact
3432 {"a": "baa", "b": "acc", "c": "accc"} m=1 gates+2 gates-2 polys=3226 infeasible-exact
3433 {"a": "baa", "b": "abbc", "c": "bbc"} m=1 gates+2 gates-2 polys=2340 infeasible-exact
3434 {"a": "baa", "b": "abcb", "c": "bcb"} m=1 gates+2 gates-2 polys=1902 infeasible-exact
3435 {"a": "baa", "b": "baac", "c": "cbac"} m=1 gates+2 gates-2 polys=1354 infeasible-exact
3436 {"a": "baa", "b": "cbaa", "c": "bacc"} m=1 gates+2 gates-2 polys=567 infeasible-exact
3437 {"a": "baa", "b": "cbbb", "c": "ba"} m=1 gates+2 gates-2 polys=2711 infeasible-exact
3438 {"a": "bab", "b": "babc", "c": "ccb"} m=1 gates+2 gates-2 polys=1902 infeasible-exact
3439 {"a": "bab", "b": "cbab", "c": "bcc"} m=1 gates+2 gates-2 polys=1902 infeasible-exact
3440 {"a": "bac", "b": "ba", "c": "ccca"} m=1 gates+2 gates-2 polys=1059 infeasible-exact
3441 {"a": "bac", "b": "abbb", "c": "ac"} m=1 gates+2 gates-2 polys=1059 infeasible-exact
3442 {"a": "bba", "b": "bbac", "c": "cbc"} m=1 gates+2 gates-2 polys=849 infeasible-exact
3443 {"a": "bba", "b": "cbba", "c": "bcc"} m=1 gates+2 gates-2 polys=2340 infeasible-exact
3444 {"a": "bbc", "b": "bbbc", "c": "cca"} m=1 gates+2 gates-2 polys=3226 infeasible-exact
3445 {"a": "bbc", "b": "bbcb", "c": "cac"} m=1 gates+2 gates-2 polys=2118 infeasible-exact
3446 {"a": "bca", "b": "babb", "c": "ca"} m=1 gates+2 gates-2 polys=1002 infeasible-exact
3447 {"a": "bca", "b": "bbab", "c": "ca"} m=1 gates+2 gates-2 polys=790 infeasible-exact
3448 {"a": "bcb", "b": "bbcb", "c": "cac"} m=1 gates+2 gates-2 polys=954 infeasible-exact
3449 {"a": "bcb", "b": "bcbb", "c": "cac"} m=1 gates+2 gates-2 polys=954 infeasible-exact
3450 {"a": "bcc", "b": "abb", "c": "bccc"} m=1 gates+2 gates-2 polys=3226 infeasible-exact
3451 {"a": "bcc", "b": "bab", "c": "cbcc"} m=1 gates+2 gates-2 polys=2118 infeasible-exact
3452 {"a": "caa", "b": "ca", "c": "bccc"} m=1 gates+2 gates-2 polys=2711 infeasible-exact
3453 {"a": "caa", "b": "cbc", "c": "acbc"} m=1 gates+2 gates-2 polys=1902 infeasible-exact
3454 {"a": "caa", "b": "ccb", "c": "accb"} m=1 gates+2 gates-2 polys=2340 infeasible-exact
3455 {"a": "caa", "b": "abbb", "c": "abb"} m=1 gates+2 gates-2 polys=3226 infeasible-exact
3456 {"a": "caa", "b": "bcab", "c": "caab"} m=1 gates+2 gates-2 polys=1354 infeasible-exact
3457 {"a": "caa", "b": "cabb", "c": "bcaa"} m=1 gates+2 gates-2 polys=567 infeasible-exact
3458 {"a": "cab", "b": "ab", "c": "accc"} m=1 gates+2 gates-2 polys=1059 infeasible-exact
3459 {"a": "cab", "b": "bbba", "c": "ca"} m=1 gates+2 gates-2 polys=1059 infeasible-exact
3460 {"a": "cac", "b": "bbc", "c": "cacb"} m=1 gates+2 gates-2 polys=1902 infeasible-exact
3461 {"a": "cac", "b": "cbb", "c": "bcac"} m=1 gates+2 gates-2 polys=1902 infeasible-exact
3462 {"a": "cba", "b": "ba", "c": "cacc"} m=1 gates+2 gates-2 polys=1002 infeasible-exact
3463 {"a": "cba", "b": "ba", "c": "ccac"} m=1 gates+2 gates-2 polys=790 infeasible-exact
3464 {"a": "cbb", "b": "bcbb", "c": "cac"} m=1 gates+2 gates-2 polys=2118 infeasible-exact
3465 {"a": "cbb", "b": "cbbb", "c": "acc"} m=1 gates+2 gates-2 polys=3226 infeasible-exact
3466 {"a": "cbc", "b": "bab", "c": "cbcc"} m=1 gates+2 gates-2 polys=954 infeasible-exact
3467 {"a": "cbc", "b": "bab", "c": "ccbc"} m=1 gates+2 gates-2 polys=954 infeasible-exact
3468 {"a": "cca", "b": "bcb", "c": "ccab"} m=1 gates+2 gates-2 polys=849 infeasible-exact
3469 {"a": "cca", "b": "cbb", "c": "bcca"} m=1 gates+2 gates-2 polys=2340 infeasible-exact
3470 {"a": "ccb", "b": "bab", "c": "ccbc"} m=1 gates+2 gates-2 polys=2118 infeasible-exact
3471 {"a": "ccb", "b": "bba", "c": "cccb"} m=1 gates+2 gates-2 polys=3226 infeasible-exact
3472 {"a": "aaab", "b": "ca", "c": "cca"} m=1 gates+2 gates-2 polys=2711 infeasible-exact
3473 {"a": "aaab", "b": "bbc", "c": "aab"} m=1 gates+2 gates-2 polys=3226 infeasible-exact
3474 {"a": "aaab", "b": "cba", "c": "cb"} m=1 gates+2 gates-2 polys=1059 infeasible-exact
3475 {"a": "aaac", "b": "bc", "c": "bca"} m=1 gates+2 gates-2 polys=1059 infeasible-exact
3476 {"a": "aaac", "b": "aac", "c": "ccb"} m=1 gates+2 gates-2 polys=3226 infeasible-exact
3477 {"a": "aaac", "b": "bba", "c": "ba"} m=1 gates+2 gates-2 polys=2711 infeasible-exact
3478 {"a": "aaba", "b": "ac", "c": "cac"} m=1 gates+2 gates-2 polys=1637 infeasible-exact
3479 {"a": "aaba", "b": "ca", "c": "cac"} m=1 gates+2 gates-2 polys=1449 infeasible-exact
3480 {"a": "aaba", "b": "acb", "c": "cb"} m=1 gates+2 gates-2 polys=790 infeasible-exact
3481 {"a": "aaba", "b": "bca", "c": "bc"} m=1 gates+2 gates-2 polys=1002 infeasible-exact
3482 {"a": "aaba", "b": "bcb", "c": "aab"} m=1 gates+2 gates-2 polys=2118 infeasible-exact
3483 {"a": "aaba", "b": "bcb", "c": "aba"} m=1 gates+2 gates-2 polys=954 infeasible-exact
3484 {"a": "aabc", "b": "aab", "c": "cac"} m=1 gates+2 gates-2 polys=849 infeasible-exact
3485 {"a": "aabc", "b": "bbc", "c": "bbca"} m=1 gates+2 gates-2 polys=567 infeasible-exact
3486 {"a": "aaca", "b": "bc", "c": "abc"} m=1 gates+2 gates-2 polys=790 infeasible-exact
3487 {"a": "aaca", "b": "cb", "c": "cba"} m=1 gates+2 gates-2 polys=1002 infeasible-exact
3488 {"a": "aaca", "b": "aac", "c": "cbc"} m=1 gates+2 gates-2 polys=2118 infeasible-exact
3489 {"a": "aaca", "b": "aca", "c": "cbc"} m=1 gates+2 gates-2 polys=954 infeasible-exact
3490 {"a": "aaca", "b": "bab", "c": "ab"} m=1 gates+2 gates-2 polys=1637 infeasible-exact
3491 {"a": "aaca", "b": "bab", "c": "ba"} m=1 gates+2 gates-2 polys=1449 infeasible-exact
3492 {"a": "aacb", "b": "bab", "c": "aac"} m=1 gates+2 gates-2 polys=849 infeasible-exact
3493 {"a": "aacb", "b": "ccba", "c": "ccb"} m=1 gates+2 gates-2 polys=567 infeasible-exact
3494 {"a": "abaa", "b": "ac", "c": "cac"} m=1 gates+2 gates-2 polys=1449 infeasible-exact
3495 {"a": "abaa", "b": "ca", "c": "cac"} m=1 gates+2 gates-2 polys=1637 infeasible-exact
3496 {"a": "abaa", "b": "acb", "c": "cb"} m=1 gates+2 gates-2 polys=1002 infeasible-exact
3497 {"a": "abaa", "b": "bca", "c": "bc"} m=1 gates+2 gates-2 polys=790 infeasible-exact
3498 {"a": "abaa", "b": "bcb", "c": "aba"} m=1 gates+2 gates-2 polys=954 infeasible-exact
3499 {"a": "abaa", "b": "bcb", "c": "baa"} m=1 gates+2 gates-2 polys=2118 infeasible-exact
stats m=1 [3400,3500) {"infeasible-exact": 100} time 32.3
3500 {"a": "abac", "b": "aba", "c": "cca"} m=1 gates+2 gates-2 polys=1902 infeasible-exact
3501 {"a": "abbc", "b": "abb", "c": "cabc"} m=1 gates+2 gates-2 polys=1354 infeasible-exact
3502 {"a": "abca", "b": "bbc", "c": "abbc"} m=1 gates+2 gates-2 polys=1354 infeasible-exact
3503 {"a": "abca", "b": "bcb", "c": "abcb"} m=1 gates+2 gates-2 polys=1088 infeasible-exact
3504 {"a": "abca", "b": "bcb", "c": "bcba"} m=1 gates+2 gates-2 polys=933 infeasible-exact
3505 {"a": "abca", "b": "acbc", "c": "cbc"} m=1 gates+2 gates-2 polys=933 infeasible-exact
3506 {"a": "abca", "b": "bcca", "c": "bcc"} m=1 gates+2 gates-2 polys=1354 infeasible-exact
3507 {"a": "abca", "b": "cbca", "c": "cbc"} m=1 gates+2 gates-2 polys=1088 infeasible-exact
3508 {"a": "acaa", "b": "bc", "c": "abc"} m=1 gates+2 gates-2 polys=1002 infeasible-exact
3509 {"a": "acaa", "b": "cb", "c": "cba"} m=1 gates+2 gates-2 polys=790 infeasible-exact
3510 {"a": "acaa", "b": "aca", "c": "cbc"} m=1 gates+2 gates-2 polys=954 infeasible-exact
3511 {"a": "acaa", "b": "bab", "c": "ab"} m=1 gates+2 gates-2 polys=1449 infeasible-exact
3512 {"a": "acaa", "b": "bab", "c": "ba"} m=1 gates+2 gates-2 polys=1637 infeasible-exact
3513 {"a": "acaa", "b": "caa", "c": "cbc"} m=1 gates+2 gates-2 polys=2118 infeasible-exact
3514 {"a": "acab", "b": "bba", "c": "aca"} m=1 gates+2 gates-2 polys=1902 infeasible-exact
3515 {"a": "acba", "b": "bcb", "c": "abcb"} m=1 gates+2 gates-2 polys=933 infeasible-exact
3516 {"a": "acba", "b": "bcb", "c": "bcba"} m=1 gates+2 gates-2 polys=1088 infeasible-exact
3517 {"a": "acba", "b": "cbb", "c": "cbba"} m=1 gates+2 gates-2 polys=1354 infeasible-exact
3518 {"a": "acba", "b": "acbc", "c": "cbc"} m=1 gates+2 gates-2 polys=1088 infeasible-exact
3519 {"a": "acba", "b": "accb", "c": "ccb"} m=1 gates+2 gates-2 polys=1354 infeasible-exact
3520 {"a": "acba", "b": "cbca", "c": "cbc"} m=1 gates+2 gates-2 polys=933 infeasible-exact
3521 {"a": "accb", "b": "bacb", "c": "acc"} m=1 gates+2 gates-2 polys=1354 infeasible-exact
3522 {"a": "baaa", "b": "ac", "c": "acc"} m=1 gates+2 gates-2 polys=2711 infeasible-exact
3523 {"a": "baaa", "b": "abc", "c": "bc"} m=1 gates+2 gates-2 polys=1059 infeasible-exact
3524 {"a": "baaa", "b": "cbb", "c": "baa"} m=1 gates+2 gates-2 polys=3226 infeasible-exact
3525 {"a": "baac", "b": "abb", "c": "aac"} m=1 gates+2 gates-2 polys=2340 infeasible-exact
3526 {"a": "baac", "b": "baa", "c": "cca"} m=1 gates+2 gates-2 polys=2340 infeasible-exact
3527 {"a": "babc", "b": "bab", "c": "cabc"} m=1 gates+2 gates-2 polys=1088 infeasible-exact
3528 {"a": "babc", "b": "bab", "c": "cbac"} m=1 gates+2 gates-2 polys=933 infeasible-exact
3529 {"a": "baca", "b": "abb", "c": "aca"} m=1 gates+2 gates-2 polys=1902 infeasible-exact
3530 {"a": "bacc", "b": "acbb", "c": "acc"} m=1 gates+2 gates-2 polys=567 infeasible-exact
3531 {"a": "bbac", "b": "bba", "c": "ccba"} m=1 gates+2 gates-2 polys=567 infeasible-exact
3532 {"a": "bcaa", "b": "bab", "c": "caa"} m=1 gates+2 gates-2 polys=849 infeasible-exact
3533 {"a": "bcaa", "b": "abcc", "c": "bcc"} m=1 gates+2 gates-2 polys=567 infeasible-exact
3534 {"a": "bcac", "b": "bacb", "c": "cac"} m=1 gates+2 gates-2 polys=933 infeasible-exact
3535 {"a": "bcac", "b": "bcab", "c": "cac"} m=1 gates+2 gates-2 polys=1088 infeasible-exact
3536 {"a": "bcca", "b": "bcab", "c": "cca"} m=1 gates+2 gates-2 polys=1354 infeasible-exact
3537 {"a": "caaa", "b": "cb", "c": "acb"} m=1 gates+2 gates-2 polys=1059 infeasible-exact
3538 {"a": "caaa", "b": "abb", "c": "ab"} m=1 gates+2 gates-2 polys=2711 infeasible-exact
3539 {"a": "caaa", "b": "caa", "c": "bcc"} m=1 gates+2 gates-2 polys=3226 infeasible-exact
3540 {"a": "caab", "b": "aab", "c": "acc"} m=1 gates+2 gates-2 polys=2340 infeasible-exact
3541 {"a": "caab", "b": "bba", "c": "caa"} m=1 gates+2 gates-2 polys=2340 infeasible-exact
3542 {"a": "caba", "b": "aba", "c": "acc"} m=1 gates+2 gates-2 polys=1902 infeasible-exact
3543 {"a": "cabb", "b": "abb", "c": "abcc"} m=1 gates+2 gates-2 polys=567 infeasible-exact
3544 {"a": "cacb", "b": "bacb", "c": "cac"} m=1 gates+2 gates-2 polys=1088 infeasible-exact
3545 {"a": "cacb", "b": "bcab", "c": "cac"} m=1 gates+2 gates-2 polys=933 infeasible-exact
3546 {"a": "cbaa", "b": "baa", "c": "cac"} m=1 gates+2 gates-2 polys=849 infeasible-exact
3547 {"a": "cbaa", "b": "cbb", "c": "acbb"} m=1 gates+2 gates-2 polys=567 infeasible-exact
3548 {"a": "cbab", "b": "bab", "c": "cabc"} m=1 gates+2 gates-2 polys=933 infeasible-exact
3549 {"a": "cbab", "b": "bab", "c": "cbac"} m=1 gates+2 gates-2 polys=1088 infeasible-exact
3550 {"a": "cbba", "b": "bba", "c": "cbac"} m=1 gates+2 gates-2 polys=1354 infeasible-exact
3551 {"a": "ccab", "b": "bbca", "c": "cca"} m=1 gates+2 gates-2 polys=567 infeasible-exact
3552 {"a": "bbc", "b": "acc", "c": "bbcb"} m=1 gates+2 gates-2 polys=2633 infeasible-exact
3553 {"a": "bbc", "b": "cac", "c": "bbcb"} m=1 gates+2 gates-2 polys=2435 infeasible-exact
3554 {"a": "bbc", "b": "aaba", "c": "aba"} m=1 gates+2 gates-2 polys=2983 infeasible-exact
3555 {"a": "bbc", "b": "abaa", "c": "aba"} m=1 gates+2 gates-2 polys=2083 infeasible-exact
3556 {"a": "bbc", "b": "abaa", "c": "baa"} m=1 gates+2 gates-2 polys=2633 infeasible-exact
3557 {"a": "bcb", "b": "acc", "c": "bbcb"} m=1 gates+2 gates-2 polys=2083 infeasible-exact
3558 {"a": "bcb", "b": "acc", "c": "bcbb"} m=1 gates+2 gates-2 polys=2983 infeasible-exact
3559 {"a": "bcb", "b": "cac", "c": "bbcb"} m=1 gates+2 gates-2 polys=1923 infeasible-exact
3560 {"a": "bcb", "b": "cac", "c": "bcbb"} m=1 gates+2 gates-2 polys=1923 infeasible-exact
3561 {"a": "bcb", "b": "cca", "c": "bbcb"} m=1 gates+2 gates-2 polys=2983 infeasible-exact
3562 {"a": "bcb", "b": "cca", "c": "bcbb"} m=1 gates+2 gates-2 polys=2083 infeasible-exact
3563 {"a": "bcb", "b": "aaba", "c": "aab"} m=1 gates+2 gates-2 polys=2435 infeasible-exact
3564 {"a": "bcb", "b": "aaba", "c": "aba"} m=1 gates+2 gates-2 polys=1923 infeasible-exact
3565 {"a": "bcb", "b": "abaa", "c": "aba"} m=1 gates+2 gates-2 polys=1923 infeasible-exact
3566 {"a": "bcb", "b": "abaa", "c": "baa"} m=1 gates+2 gates-2 polys=2435 infeasible-exact
3567 {"a": "bcc", "b": "aac", "c": "aaca"} m=1 gates+2 gates-2 polys=2633 infeasible-exact
3568 {"a": "bcc", "b": "aca", "c": "aaca"} m=1 gates+2 gates-2 polys=2083 infeasible-exact
3569 {"a": "bcc", "b": "aca", "c": "acaa"} m=1 gates+2 gates-2 polys=2983 infeasible-exact
3570 {"a": "bcc", "b": "cbcc", "c": "bab"} m=1 gates+2 gates-2 polys=2435 infeasible-exact
3571 {"a": "bcc", "b": "cbcc", "c": "bba"} m=1 gates+2 gates-2 polys=2633 infeasible-exact
3572 {"a": "cbb", "b": "cac", "c": "bcbb"} m=1 gates+2 gates-2 polys=2435 infeasible-exact
3573 {"a": "cbb", "b": "cca", "c": "bcbb"} m=1 gates+2 gates-2 polys=2633 infeasible-exact
3574 {"a": "cbb", "b": "aaba", "c": "aab"} m=1 gates+2 gates-2 polys=2633 infeasible-exact
3575 {"a": "cbb", "b": "aaba", "c": "aba"} m=1 gates+2 gates-2 polys=2083 infeasible-exact
3576 {"a": "cbb", "b": "abaa", "c": "aba"} m=1 gates+2 gates-2 polys=2983 infeasible-exact
3577 {"a": "cbc", "b": "aac", "c": "aaca"} m=1 gates+2 gates-2 polys=2435 infeasible-exact
3578 {"a": "cbc", "b": "aca", "c": "aaca"} m=1 gates+2 gates-2 polys=1923 infeasible-exact
3579 {"a": "cbc", "b": "aca", "c": "acaa"} m=1 gates+2 gates-2 polys=1923 infeasible-exact
3580 {"a": "cbc", "b": "caa", "c": "acaa"} m=1 gates+2 gates-2 polys=2435 infeasible-exact
3581 {"a": "cbc", "b": "cbcc", "c": "abb"} m=1 gates+2 gates-2 polys=2983 infeasible-exact
3582 {"a": "cbc", "b": "cbcc", "c": "bab"} m=1 gates+2 gates-2 polys=1923 infeasible-exact
3583 {"a": "cbc", "b": "cbcc", "c": "bba"} m=1 gates+2 gates-2 polys=2083 infeasible-exact
3584 {"a": "cbc", "b": "ccbc", "c": "abb"} m=1 gates+2 gates-2 polys=2083 infeasible-exact
3585 {"a": "cbc", "b": "ccbc", "c": "bab"} m=1 gates+2 gates-2 polys=1923 infeasible-exact
3586 {"a": "cbc", "b": "ccbc", "c": "bba"} m=1 gates+2 gates-2 polys=2983 infeasible-exact
3587 {"a": "ccb", "b": "aca", "c": "aaca"} m=1 gates+2 gates-2 polys=2983 infeasible-exact
3588 {"a": "ccb", "b": "aca", "c": "acaa"} m=1 gates+2 gates-2 polys=2083 infeasible-exact
3589 {"a": "ccb", "b": "caa", "c": "acaa"} m=1 gates+2 gates-2 polys=2633 infeasible-exact
3590 {"a": "ccb", "b": "ccbc", "c": "abb"} m=1 gates+2 gates-2 polys=2633 infeasible-exact
3591 {"a": "ccb", "b": "ccbc", "c": "bab"} m=1 gates+2 gates-2 polys=2435 infeasible-exact
3592 {"a": "babb", "b": "aac", "c": "abb"} m=1 gates+2 gates-2 polys=2633 infeasible-exact
3593 {"a": "babb", "b": "aac", "c": "bab"} m=1 gates+2 gates-2 polys=2083 infeasible-exact
3594 {"a": "babb", "b": "aca", "c": "abb"} m=1 gates+2 gates-2 polys=2435 infeasible-exact
3595 {"a": "babb", "b": "aca", "c": "bab"} m=1 gates+2 gates-2 polys=1923 infeasible-exact
3596 {"a": "babb", "b": "caa", "c": "bab"} m=1 gates+2 gates-2 polys=2983 infeasible-exact
3597 {"a": "bbab", "b": "aac", "c": "bab"} m=1 gates+2 gates-2 polys=2983 infeasible-exact
3598 {"a": "bbab", "b": "aca", "c": "bab"} m=1 gates+2 gates-2 polys=1923 infeasible-exact
3599 {"a": "bbab", "b": "aca", "c": "bba"} m=1 gates+2 gates-2 polys=2435 infeasible-exact
stats m=1 [3500,3600) {"infeasible-exact": 100} time 46.8
3600 {"a": "bbab", "b": "caa", "c": "bab"} m=1 gates+2 gates-2 polys=2083 infeasible-exact
3601 {"a": "bbab", "b": "caa", "c": "bba"} m=1 gates+2 gates-2 polys=2633 infeasible-exact
3602 {"a": "cacc", "b": "acc", "c": "aab"} m=1 gates+2 gates-2 polys=2633 infeasible-exact
3603 {"a": "cacc", "b": "acc", "c": "aba"} m=1 gates+2 gates-2 polys=2435 infeasible-exact
3604 {"a": "cacc", "b": "cac", "c": "aab"} m=1 gates+2 gates-2 polys=2083 infeasible-exact
3605 {"a": "cacc", "b": "cac", "c": "aba"} m=1 gates+2 gates-2 polys=1923 infeasible-exact
3606 {"a": "cacc", "b": "cac", "c": "baa"} m=1 gates+2 gates-2 polys=2983 infeasible-exact
3607 {"a": "ccac", "b": "cac", "c": "aab"} m=1 gates+2 gates-2 polys=2983 infeasible-exact
3608 {"a": "ccac", "b": "cac", "c": "aba"} m=1 gates+2 gates-2 polys=1923 infeasible-exact
3609 {"a": "ccac", "b": "cac", "c": "baa"} m=1 gates+2 gates-2 polys=2083 infeasible-exact
3610 {"a": "ccac", "b": "cca", "c": "aba"} m=1 gates+2 gates-2 polys=2435 infeasible-exact
3611 {"a": "ccac", "b": "cca", "c": "baa"} m=1 gates+2 gates-2 polys=2633 infeasible-exact
3612 {"a": "bac", "b": "acc", "c": "bacb"} m=1 gates+2 gates-2 polys=765 infeasible-exact
3613 {"a": "bac", "b": "cac", "c": "bacb"} m=1 gates+2 gates-2 polys=800 infeasible-exact
3614 {"a": "bac", "b": "cbac", "c": "bab"} m=1 gates+2 gates-2 polys=800 infeasible-exact
3615 {"a": "bac", "b": "cbac", "c": "bba"} m=1 gates+2 gates-2 polys=765 infeasible-exact
3616 {"a": "bbc", "b": "abca", "c": "bca"} m=1 gates+2 gates-2 polys=765 infeasible-exact
3617 {"a": "bcb", "b": "abca", "c": "bca"} m=1 gates+2 gates-2 polys=800 infeasible-exact
3618 {"a": "bcb", "b": "acba", "c": "acb"} m=1 gates+2 gates-2 polys=800 infeasible-exact
3619 {"a": "bcc", "b": "abc", "c": "abca"} m=1 gates+2 gates-2 polys=765 infeasible-exact
3620 {"a": "cab", "b": "cac", "c": "bcab"} m=1 gates+2 gates-2 polys=800 infeasible-exact
3621 {"a": "cab", "b": "cca", "c": "bcab"} m=1 gates+2 gates-2 polys=765 infeasible-exact
3622 {"a": "cab", "b": "cabc", "c": "abb"} m=1 gates+2 gates-2 polys=765 infeasible-exact
3623 {"a": "cab", "b": "cabc", "c": "bab"} m=1 gates+2 gates-2 polys=800 infeasible-exact
3624 {"a": "cbb", "b": "acba", "c": "acb"} m=1 gates+2 gates-2 polys=765 infeasible-exact
3625 {"a": "cbc", "b": "abc", "c": "abca"} m=1 gates+2 gates-2 polys=800 infeasible-exact
3626 {"a": "cbc", "b": "cba", "c": "acba"} m=1 gates+2 gates-2 polys=800 infeasible-exact
3627 {"a": "ccb", "b": "cba", "c": "acba"} m=1 gates+2 gates-2 polys=765 infeasible-exact
3628 {"a": "bacb", "b": "aac", "c": "acb"} m=1 gates+2 gates-2 polys=765 infeasible-exact
3629 {"a": "bacb", "b": "aca", "c": "acb"} m=1 gates+2 gates-2 polys=800 infeasible-exact
3630 {"a": "bcab", "b": "aca", "c": "bca"} m=1 gates+2 gates-2 polys=800 infeasible-exact
3631 {"a": "bcab", "b": "caa", "c": "bca"} m=1 gates+2 gates-2 polys=765 infeasible-exact
3632 {"a": "cabc", "b": "abc", "c": "aab"} m=1 gates+2 gates-2 polys=765 infeasible-exact
3633 {"a": "cabc", "b": "abc", "c": "aba"} m=1 gates+2 gates-2 polys=800 infeasible-exact
3634 {"a": "cbac", "b": "cba", "c": "aba"} m=1 gates+2 gates-2 polys=800 infeasible-exact
3635 {"a": "cbac", "b": "cba", "c": "baa"} m=1 gates+2 gates-2 polys=765 infeasible-exact
3636 {"a": "bc", "b": "bcc", "c": "cacb"} m=1 gates+2 gates-2 polys=1705 infeasible-exact
3637 {"a": "bc", "b": "bcc", "c": "cbca"} m=1 gates+2 gates-2 polys=1705 infeasible-exact
3638 {"a": "bc", "b": "bcc", "c": "ccab"} m=1 gates+2 gates-2 polys=1026 infeasible-exact
3639 {"a": "bc", "b": "bcc", "c": "ccba"} m=1 gates+2 gates-2 polys=2361 infeasible-exact
3640 {"a": "bc", "b": "cbc", "c": "abcc"} m=1 gates+3 gates-1 polys=296 infeasible-exact
3641 {"a": "bc", "b": "cbc", "c": "acbc"} m=1 gates+3 gates-1 polys=308 infeasible-exact
3642 {"a": "bc", "b": "cbc", "c": "bcca"} m=1 gates+2 gates-2 polys=811 infeasible-exact
3643 {"a": "bc", "b": "abbc", "c": "bcb"} m=1 gates+2 gates-2 polys=811 infeasible-exact
3644 {"a": "bc", "b": "abcb", "c": "bbc"} m=1 gates+2 gates-2 polys=1705 infeasible-exact
3645 {"a": "bc", "b": "acbb", "c": "bbc"} m=1 gates+2 gates-2 polys=2361 infeasible-exact
3646 {"a": "bc", "b": "bbca", "c": "bcb"} m=1 gates+1 gates-3 polys=296 infeasible-exact
3647 {"a": "bc", "b": "bcba", "c": "bcb"} m=1 gates+1 gates-3 polys=308 infeasible-exact
3648 {"a": "bc", "b": "cabb", "c": "bbc"} m=1 gates+2 gates-2 polys=1026 infeasible-exact
3649 {"a": "bc", "b": "cbab", "c": "bbc"} m=1 gates+2 gates-2 polys=1705 infeasible-exact
3650 {"a": "cb", "b": "cbc", "c": "accb"} m=1 gates+2 gates-2 polys=811 infeasible-exact
3651 {"a": "cb", "b": "cbc", "c": "cbca"} m=1 gates+1 gates-3 polys=308 infeasible-exact
3652 {"a": "cb", "b": "cbc", "c": "ccba"} m=1 gates+1 gates-3 polys=296 infeasible-exact
3653 {"a": "cb", "b": "ccb", "c": "abcc"} m=1 gates+2 gates-2 polys=2361 infeasible-exact
3654 {"a": "cb", "b": "ccb", "c": "acbc"} m=1 gates+2 gates-2 polys=1705 infeasible-exact
3655 {"a": "cb", "b": "ccb", "c": "bacc"} m=1 gates+2 gates-2 polys=1026 infeasible-exact
3656 {"a": "cb", "b": "ccb", "c": "bcac"} m=1 gates+2 gates-2 polys=1705 infeasible-exact
3657 {"a": "cb", "b": "abcb", "c": "bcb"} m=1 gates+3 gates-1 polys=308 infeasible-exact
3658 {"a": "cb", "b": "acbb", "c": "bcb"} m=1 gates+3 gates-1 polys=296 infeasible-exact
3659 {"a": "cb", "b": "babc", "c": "cbb"} m=1 gates+2 gates-2 polys=1705 infeasible-exact
3660 {"a": "cb", "b": "bbac", "c": "cbb"} m=1 gates+2 gates-2 polys=1026 infeasible-exact
3661 {"a": "cb", "b": "bbca", "c": "cbb"} m=1 gates+2 gates-2 polys=2361 infeasible-exact
3662 {"a": "cb", "b": "bcba", "c": "cbb"} m=1 gates+2 gates-2 polys=1705 infeasible-exact
3663 {"a": "cb", "b": "cbba", "c": "bcb"} m=1 gates+2 gates-2 polys=811 infeasible-exact
3664 {"a": "aab", "b": "aabc", "c": "aaba"} m=1 gates+1 gates-3 polys=332 infeasible-exact
3665 {"a": "aab", "b": "abac", "c": "aaba"} m=1 gates+1 gates-3 polys=332 infeasible-exact
3666 {"a": "aab", "b": "baac", "c": "aaab"} m=1 gates+2 gates-2 polys=1526 infeasible-exact
3667 {"a": "aab", "b": "baca", "c": "aaab"} m=1 gates+2 gates-2 polys=1456 infeasible-exact
3668 {"a": "aab", "b": "baca", "c": "aaba"} m=1 gates+2 gates-2 polys=3174 infeasible-exact
3669 {"a": "aab", "b": "bcaa", "c": "aaab"} m=1 gates+2 gates-2 polys=812 infeasible-exact
3670 {"a": "aab", "b": "bcaa", "c": "aaba"} m=1 gates+2 gates-2 polys=2413 infeasible-exact
3671 {"a": "aac", "b": "aaac", "c": "caab"} m=1 gates+2 gates-2 polys=1526 infeasible-exact
3672 {"a": "aac", "b": "aaac", "c": "caba"} m=1 gates+2 gates-2 polys=1456 infeasible-exact
3673 {"a": "aac", "b": "aaac", "c": "cbaa"} m=1 gates+2 gates-2 polys=812 infeasible-exact
3674 {"a": "aac", "b": "aaca", "c": "aacb"} m=1 gates+1 gates-3 polys=332 infeasible-exact
3675 {"a": "aac", "b": "aaca", "c": "acab"} m=1 gates+1 gates-3 polys=332 infeasible-exact
3676 {"a": "aac", "b": "aaca", "c": "caba"} m=1 gates+2 gates-2 polys=3174 infeasible-exact
3677 {"a": "aac", "b": "aaca", "c": "cbaa"} m=1 gates+2 gates-2 polys=2413 infeasible-exact
3678 {"a": "abb", "b": "cbc", "c": "cabb"} m=1 gates+2 gates-2 polys=868 infeasible-exact
3679 {"a": "abb", "b": "babc", "c": "ab"} m=1 gates+2 gates-2 polys=1705 infeasible-exact
3680 {"a": "abb", "b": "baca", "c": "aca"} m=1 gates+2 gates-2 polys=1343 infeasible-exact
3681 {"a": "abb", "b": "bbac", "c": "ab"} m=1 gates+2 gates-2 polys=2361 infeasible-exact
3682 {"a": "abb", "b": "bbca", "c": "ab"} m=1 gates+2 gates-2 polys=1026 infeasible-exact
3683 {"a": "abb", "b": "bcba", "c": "ab"} m=1 gates+2 gates-2 polys=1705 infeasible-exact
3684 {"a": "abb", "b": "cabc", "c": "cab"} m=1 gates+2 gates-2 polys=497 infeasible-exact
3685 {"a": "abc", "b": "bcc", "c": "abca"} m=1 gates+2 gates-2 polys=497 infeasible-exact
3686 {"a": "abc", "b": "abca", "c": "bcb"} m=1 gates+1 gates-3 polys=295 infeasible-exact
3687 {"a": "acb", "b": "cbc", "c": "acba"} m=1 gates+1 gates-3 polys=295 infeasible-exact
3688 {"a": "acb", "b": "acba", "c": "cbb"} m=1 gates+2 gates-2 polys=497 infeasible-exact
3689 {"a": "acc", "b": "ac", "c": "cacb"} m=1 gates+2 gates-2 polys=1705 infeasible-exact
3690 {"a": "acc", "b": "ac", "c": "cbca"} m=1 gates+2 gates-2 polys=1705 infeasible-exact
3691 {"a": "acc", "b": "ac", "c": "ccab"} m=1 gates+2 gates-2 polys=2361 infeasible-exact
3692 {"a": "acc", "b": "ac", "c": "ccba"} m=1 gates+2 gates-2 polys=1026 infeasible-exact
3693 {"a": "acc", "b": "aba", "c": "caba"} m=1 gates+2 gates-2 polys=1343 infeasible-exact
3694 {"a": "acc", "b": "bac", "c": "bacb"} m=1 gates+2 gates-2 polys=497 infeasible-exact
3695 {"a": "acc", "b": "bacc", "c": "bcb"} m=1 gates+2 gates-2 polys=868 infeasible-exact
3696 {"a": "baa", "b": "aacb", "c": "abaa"} m=1 gates+2 gates-2 polys=2413 infeasible-exact
3697 {"a": "baa", "b": "aacb", "c": "baaa"} m=1 gates+2 gates-2 polys=812 infeasible-exact
3698 {"a": "baa", "b": "acab", "c": "abaa"} m=1 gates+2 gates-2 polys=3174 infeasible-exact
3699 {"a": "baa", "b": "acab", "c": "baaa"} m=1 gates+2 gates-2 polys=1456 infeasible-exact
stats m=1 [3600,3700) {"infeasible-exact": 100} time 34.7
3700 {"a": "baa", "b": "caab", "c": "baaa"} m=1 gates+2 gates-2 polys=1526 infeasible-exact
3701 {"a": "baa", "b": "caba", "c": "abaa"} m=1 gates+3 gates-1 polys=332 infeasible-exact
3702 {"a": "baa", "b": "cbaa", "c": "abaa"} m=1 gates+3 gates-1 polys=332 infeasible-exact
3703 {"a": "bab", "b": "bcc", "c": "cbab"} m=1 gates+2 gates-2 polys=1343 infeasible-exact
3704 {"a": "bab", "b": "ccb", "c": "babc"} m=1 gates+2 gates-2 polys=1343 infeasible-exact
3705 {"a": "bab", "b": "aacb", "c": "aac"} m=1 gates+2 gates-2 polys=868 infeasible-exact
3706 {"a": "bab", "b": "abbc", "c": "ab"} m=1 gates+2 gates-2 polys=811 infeasible-exact
3707 {"a": "bab", "b": "babc", "c": "ba"} m=1 gates+1 gates-3 polys=308 infeasible-exact
3708 {"a": "bab", "b": "bbac", "c": "ba"} m=1 gates+1 gates-3 polys=296 infeasible-exact
3709 {"a": "bab", "b": "bcaa", "c": "caa"} m=1 gates+2 gates-2 polys=868 infeasible-exact
3710 {"a": "bab", "b": "cabb", "c": "ab"} m=1 gates+3 gates-1 polys=296 infeasible-exact
3711 {"a": "bab", "b": "cabc", "c": "abc"} m=1 gates+3 gates-1 polys=295 infeasible-exact
3712 {"a": "bab", "b": "cbab", "c": "ab"} m=1 gates+3 gates-1 polys=308 infeasible-exact
3713 {"a": "bab", "b": "cbac", "c": "cba"} m=1 gates+1 gates-3 polys=295 infeasible-exact
3714 {"a": "bab", "b": "cbba", "c": "ba"} m=1 gates+2 gates-2 polys=811 infeasible-exact
3715 {"a": "bba", "b": "cbc", "c": "bbac"} m=1 gates+2 gates-2 polys=868 infeasible-exact
3716 {"a": "bba", "b": "abcb", "c": "ba"} m=1 gates+2 gates-2 polys=1705 infeasible-exact
3717 {"a": "bba", "b": "acab", "c": "aca"} m=1 gates+2 gates-2 polys=1343 infeasible-exact
3718 {"a": "bba", "b": "acbb", "c": "ba"} m=1 gates+2 gates-2 polys=1026 infeasible-exact
3719 {"a": "bba", "b": "cabb", "c": "ba"} m=1 gates+2 gates-2 polys=2361 infeasible-exact
3720 {"a": "bba", "b": "cbab", "c": "ba"} m=1 gates+2 gates-2 polys=1705 infeasible-exact
3721 {"a": "bba", "b": "cbac", "c": "bac"} m=1 gates+2 gates-2 polys=497 infeasible-exact
3722 {"a": "bca", "b": "cbc", "c": "abca"} m=1 gates+3 gates-1 polys=295 infeasible-exact
3723 {"a": "bca", "b": "abca", "c": "bbc"} m=1 gates+2 gates-2 polys=497 infeasible-exact
3724 {"a": "caa", "b": "acaa", "c": "aabc"} m=1 gates+2 gates-2 polys=2413 infeasible-exact
3725 {"a": "caa", "b": "acaa", "c": "abac"} m=1 gates+2 gates-2 polys=3174 infeasible-exact
3726 {"a": "caa", "b": "acaa", "c": "baca"} m=1 gates+3 gates-1 polys=332 infeasible-exact
3727 {"a": "caa", "b": "acaa", "c": "bcaa"} m=1 gates+3 gates-1 polys=332 infeasible-exact
3728 {"a": "caa", "b": "caaa", "c": "aabc"} m=1 gates+2 gates-2 polys=812 infeasible-exact
3729 {"a": "caa", "b": "caaa", "c": "abac"} m=1 gates+2 gates-2 polys=1456 infeasible-exact
3730 {"a": "caa", "b": "caaa", "c": "baac"} m=1 gates+2 gates-2 polys=1526 infeasible-exact
3731 {"a": "cac", "b": "ac", "c": "accb"} m=1 gates+2 gates-2 polys=811 infeasible-exact
3732 {"a": "cac", "b": "ac", "c": "bacc"} m=1 gates+3 gates-1 polys=296 infeasible-exact
3733 {"a": "cac", "b": "ac", "c": "bcac"} m=1 gates+3 gates-1 polys=308 infeasible-exact
3734 {"a": "cac", "b": "ca", "c": "bcca"} m=1 gates+2 gates-2 polys=811 infeasible-exact
3735 {"a": "cac", "b": "ca", "c": "cacb"} m=1 gates+1 gates-3 polys=308 infeasible-exact
3736 {"a": "cac", "b": "ca", "c": "ccab"} m=1 gates+1 gates-3 polys=296 infeasible-exact
3737 {"a": "cac", "b": "aab", "c": "aabc"} m=1 gates+2 gates-2 polys=868 infeasible-exact
3738 {"a": "cac", "b": "acb", "c": "bacb"} m=1 gates+3 gates-1 polys=295 infeasible-exact
3739 {"a": "cac", "b": "baa", "c": "cbaa"} m=1 gates+2 gates-2 polys=868 infeasible-exact
3740 {"a": "cac", "b": "bca", "c": "bcab"} m=1 gates+1 gates-3 polys=295 infeasible-exact
3741 {"a": "cac", "b": "bcac", "c": "cbb"} m=1 gates+2 gates-2 polys=1343 infeasible-exact
3742 {"a": "cac", "b": "cacb", "c": "bbc"} m=1 gates+2 gates-2 polys=1343 infeasible-exact
3743 {"a": "cba", "b": "ccb", "c": "acba"} m=1 gates+2 gates-2 polys=497 infeasible-exact
3744 {"a": "cba", "b": "acba", "c": "bcb"} m=1 gates+3 gates-1 polys=295 infeasible-exact
3745 {"a": "cca", "b": "ca", "c": "abcc"} m=1 gates+2 gates-2 polys=1026 infeasible-exact
3746 {"a": "cca", "b": "ca", "c": "acbc"} m=1 gates+2 gates-2 polys=1705 infeasible-exact
3747 {"a": "cca", "b": "ca", "c": "bacc"} m=1 gates+2 gates-2 polys=2361 infeasible-exact
3748 {"a": "cca", "b": "ca", "c": "bcac"} m=1 gates+2 gates-2 polys=1705 infeasible-exact
3749 {"a": "cca", "b": "aba", "c": "abac"} m=1 gates+2 gates-2 polys=1343 infeasible-exact
3750 {"a": "cca", "b": "cab", "c": "bcab"} m=1 gates+2 gates-2 polys=497 infeasible-exact
3751 {"a": "cca", "b": "ccab", "c": "bcb"} m=1 gates+2 gates-2 polys=868 infeasible-exact
3752 {"a": "aabc", "b": "ca", "c": "caa"} m=1 gates+2 gates-2 polys=1026 infeasible-exact
3753 {"a": "aabc", "b": "aba", "c": "ab"} m=1 gates+1 gates-3 polys=296 infeasible-exact
3754 {"a": "aabc", "b": "baa", "c": "ba"} m=1 gates+2 gates-2 polys=2361 infeasible-exact
3755 {"a": "aacb", "b": "ac", "c": "aca"} m=1 gates+1 gates-3 polys=296 infeasible-exact
3756 {"a": "aacb", "b": "ca", "c": "caa"} m=1 gates+2 gates-2 polys=2361 infeasible-exact
3757 {"a": "aacb", "b": "baa", "c": "ba"} m=1 gates+2 gates-2 polys=1026 infeasible-exact
3758 {"a": "abac", "b": "ca", "c": "caa"} m=1 gates+2 gates-2 polys=1705 infeasible-exact
3759 {"a": "abac", "b": "aba", "c": "ab"} m=1 gates+1 gates-3 polys=308 infeasible-exact
3760 {"a": "abac", "b": "baa", "c": "ba"} m=1 gates+2 gates-2 polys=1705 infeasible-exact
3761 {"a": "abbc", "b": "bba", "c": "bbba"} m=1 gates+2 gates-2 polys=1526 infeasible-exact
3762 {"a": "abcb", "b": "baa", "c": "bcb"} m=1 gates+2 gates-2 polys=1343 infeasible-exact
3763 {"a": "abcb", "b": "bba", "c": "bbab"} m=1 gates+2 gates-2 polys=3174 infeasible-exact
3764 {"a": "abcb", "b": "bba", "c": "bbba"} m=1 gates+2 gates-2 polys=1456 infeasible-exact
3765 {"a": "abcc", "b": "bcc", "c": "aca"} m=1 gates+2 gates-2 polys=868 infeasible-exact
3766 {"a": "abcc", "b": "ccac", "c": "cca"} m=1 gates+2 gates-2 polys=2413 infeasible-exact
3767 {"a": "abcc", "b": "ccca", "c": "cca"} m=1 gates+2 gates-2 polys=812 infeasible-exact
3768 {"a": "acab", "b": "ac", "c": "aca"} m=1 gates+1 gates-3 polys=308 infeasible-exact
3769 {"a": "acab", "b": "ca", "c": "caa"} m=1 gates+2 gates-2 polys=1705 infeasible-exact
3770 {"a": "acab", "b": "baa", "c": "ba"} m=1 gates+2 gates-2 polys=1705 infeasible-exact
3771 {"a": "acbb", "b": "aba", "c": "cbb"} m=1 gates+2 gates-2 polys=868 infeasible-exact
3772 {"a": "acbb", "b": "bba", "c": "bbab"} m=1 gates+2 gates-2 polys=2413 infeasible-exact
3773 {"a": "acbb", "b": "bba", "c": "bbba"} m=1 gates+2 gates-2 polys=812 infeasible-exact
3774 {"a": "acbc", "b": "cbc", "c": "caa"} m=1 gates+2 gates-2 polys=1343 infeasible-exact
3775 {"a": "acbc", "b": "ccac", "c": "cca"} m=1 gates+2 gates-2 polys=3174 infeasible-exact
3776 {"a": "acbc", "b": "ccca", "c": "cca"} m=1 gates+2 gates-2 polys=1456 infeasible-exact
3777 {"a": "accb", "b": "ccca", "c": "cca"} m=1 gates+2 gates-2 polys=1526 infeasible-exact
3778 {"a": "baac", "b": "ac", "c": "aca"} m=1 gates+2 gates-2 polys=811 infeasible-exact
3779 {"a": "baac", "b": "aba", "c": "ba"} m=1 gates+2 gates-2 polys=811 infeasible-exact
3780 {"a": "babc", "b": "bba", "c": "bbab"} m=1 gates+1 gates-3 polys=332 infeasible-exact
3781 {"a": "baca", "b": "ac", "c": "aac"} m=1 gates+2 gates-2 polys=1705 infeasible-exact
3782 {"a": "baca", "b": "ca", "c": "aca"} m=1 gates+3 gates-1 polys=308 infeasible-exact
3783 {"a": "baca", "b": "aab", "c": "ab"} m=1 gates+2 gates-2 polys=1705 infeasible-exact
3784 {"a": "bacb", "b": "acb", "c": "aac"} m=1 gates+2 gates-2 polys=497 infeasible-exact
3785 {"a": "bacb", "b": "bac", "c": "aca"} m=1 gates+1 gates-3 polys=295 infeasible-exact
3786 {"a": "bacc", "b": "cacc", "c": "acc"} m=1 gates+3 gates-1 polys=332 infeasible-exact
3787 {"a": "bbac", "b": "bba", "c": "bbab"} m=1 gates+1 gates-3 polys=332 infeasible-exact
3788 {"a": "bbbc", "b": "bbc", "c": "cabb"} m=1 gates+2 gates-2 polys=812 infeasible-exact
3789 {"a": "bbbc", "b": "bbc", "c": "cbab"} m=1 gates+2 gates-2 polys=1456 infeasible-exact
3790 {"a": "bbbc", "b": "bbc", "c": "cbba"} m=1 gates+2 gates-2 polys=1526 infeasible-exact
3791 {"a": "bbca", "b": "aba", "c": "bbc"} m=1 gates+2 gates-2 polys=868 infeasible-exact
3792 {"a": "bbca", "b": "abb", "c": "abbb"} m=1 gates+2 gates-2 polys=812 infeasible-exact
3793 {"a": "bbca", "b": "abb", "c": "babb"} m=1 gates+2 gates-2 polys=2413 infeasible-exact
3794 {"a": "bbcb", "b": "bbc", "c": "bbca"} m=1 gates+1 gates-3 polys=332 infeasible-exact
3795 {"a": "bbcb", "b": "bbc", "c": "bcba"} m=1 gates+1 gates-3 polys=332 infeasible-exact
3796 {"a": "bbcb", "b": "bbc", "c": "cabb"} m=1 gates+2 gates-2 polys=2413 infeasible-exact
3797 {"a": "bbcb", "b": "bbc", "c": "cbab"} m=1 gates+2 gates-2 polys=3174 infeasible-exact
3798 {"a": "bcaa", "b": "ac", "c": "aac"} m=1 gates+2 gates-2 polys=2361 infeasible-exact
3799 {"a": "bcaa", "b": "ca", "c": "aca"} m=1 gates+3 gates-1 polys=296 infeasible-exact
stats m=1 [3700,3800) {"infeasible-exact": 100} time 32.5
3800 {"a": "bcaa", "b": "aab", "c": "ab"} m=1 gates+2 gates-2 polys=1026 infeasible-exact
3801 {"a": "bcab", "b": "bca", "c": "caa"} m=1 gates+2 gates-2 polys=497 infeasible-exact
3802 {"a": "bcab", "b": "cab", "c": "aca"} m=1 gates+3 gates-1 polys=295 infeasible-exact
3803 {"a": "bcac", "b": "cacc", "c": "acc"} m=1 gates+3 gates-1 polys=332 infeasible-exact
3804 {"a": "bcba", "b": "aab", "c": "bcb"} m=1 gates+2 gates-2 polys=1343 infeasible-exact
3805 {"a": "bcba", "b": "abb", "c": "abbb"} m=1 gates+2 gates-2 polys=1456 infeasible-exact
3806 {"a": "bcba", "b": "abb", "c": "babb"} m=1 gates+2 gates-2 polys=3174 infeasible-exact
3807 {"a": "bcbb", "b": "cbb", "c": "abcb"} m=1 gates+3 gates-1 polys=332 infeasible-exact
3808 {"a": "bcbb", "b": "cbb", "c": "acbb"} m=1 gates+3 gates-1 polys=332 infeasible-exact
3809 {"a": "bcbb", "b": "cbb", "c": "babc"} m=1 gates+2 gates-2 polys=3174 infeasible-exact
3810 {"a": "bcbb", "b": "cbb", "c": "bbac"} m=1 gates+2 gates-2 polys=2413 infeasible-exact
3811 {"a": "bcca", "b": "accc", "c": "acc"} m=1 gates+2 gates-2 polys=1526 infeasible-exact
3812 {"a": "bccc", "b": "accb", "c": "bcc"} m=1 gates+2 gates-2 polys=1526 infeasible-exact
3813 {"a": "bccc", "b": "cacb", "c": "bcc"} m=1 gates+2 gates-2 polys=1456 infeasible-exact
3814 {"a": "bccc", "b": "ccab", "c": "bcc"} m=1 gates+2 gates-2 polys=812 infeasible-exact
3815 {"a": "caab", "b": "ca", "c": "aca"} m=1 gates+2 gates-2 polys=811 infeasible-exact
3816 {"a": "caab", "b": "aba", "c": "ab"} m=1 gates+2 gates-2 polys=811 infeasible-exact
3817 {"a": "caba", "b": "ac", "c": "aac"} m=1 gates+2 gates-2 polys=1705 infeasible-exact
3818 {"a": "caba", "b": "aab", "c": "ab"} m=1 gates+2 gates-2 polys=1705 infeasible-exact
3819 {"a": "caba", "b": "aba", "c": "ba"} m=1 gates+3 gates-1 polys=308 infeasible-exact
3820 {"a": "cabb", "b": "abb", "c": "babb"} m=1 gates+3 gates-1 polys=332 infeasible-exact
3821 {"a": "cabc", "b": "aab", "c": "abc"} m=1 gates+2 gates-2 polys=497 infeasible-exact
3822 {"a": "cabc", "b": "aba", "c": "cab"} m=1 gates+1 gates-3 polys=295 infeasible-exact
3823 {"a": "cacb", "b": "ccac", "c": "cca"} m=1 gates+1 gates-3 polys=332 infeasible-exact
3824 {"a": "cbaa", "b": "ac", "c": "aac"} m=1 gates+2 gates-2 polys=1026 infeasible-exact
3825 {"a": "cbaa", "b": "aab", "c": "ab"} m=1 gates+2 gates-2 polys=2361 infeasible-exact
3826 {"a": "cbaa", "b": "aba", "c": "ba"} m=1 gates+3 gates-1 polys=296 infeasible-exact
3827 {"a": "cbab", "b": "abb", "c": "babb"} m=1 gates+3 gates-1 polys=332 infeasible-exact
3828 {"a": "cbac", "b": "aba", "c": "bac"} m=1 gates+3 gates-1 polys=295 infeasible-exact
3829 {"a": "cbac", "b": "baa", "c": "cba"} m=1 gates+2 gates-2 polys=497 infeasible-exact
3830 {"a": "cbba", "b": "abb", "c": "abbb"} m=1 gates+2 gates-2 polys=1526 infeasible-exact
3831 {"a": "cbbb", "b": "cbb", "c": "abbc"} m=1 gates+2 gates-2 polys=1526 infeasible-exact
3832 {"a": "cbbb", "b": "cbb", "c": "babc"} m=1 gates+2 gates-2 polys=1456 infeasible-exact
3833 {"a": "cbbb", "b": "cbb", "c": "bbac"} m=1 gates+2 gates-2 polys=812 infeasible-exact
3834 {"a": "cbca", "b": "cbc", "c": "aac"} m=1 gates+2 gates-2 polys=1343 infeasible-exact
3835 {"a": "cbca", "b": "accc", "c": "acc"} m=1 gates+2 gates-2 polys=1456 infeasible-exact
3836 {"a": "cbca", "b": "cacc", "c": "acc"} m=1 gates+2 gates-2 polys=3174 infeasible-exact
3837 {"a": "cbcc", "b": "abcc", "c": "bcc"} m=1 gates+3 gates-1 polys=332 infeasible-exact
3838 {"a": "cbcc", "b": "acbc", "c": "bcc"} m=1 gates+3 gates-1 polys=332 infeasible-exact
3839 {"a": "cbcc", "b": "cacb", "c": "bcc"} m=1 gates+2 gates-2 polys=3174 infeasible-exact
3840 {"a": "cbcc", "b": "ccab", "c": "bcc"} m=1 gates+2 gates-2 polys=2413 infeasible-exact
3841 {"a": "ccab", "b": "ccac", "c": "cca"} m=1 gates+1 gates-3 polys=332 infeasible-exact
3842 {"a": "ccba", "b": "ccb", "c": "aca"} m=1 gates+2 gates-2 polys=868 infeasible-exact
3843 {"a": "ccba", "b": "accc", "c": "acc"} m=1 gates+2 gates-2 polys=812 infeasible-exact
3844 {"a": "ccba", "b": "cacc", "c": "acc"} m=1 gates+2 gates-2 polys=2413 infeasible-exact
3845 {"a": "ccbc", "b": "bacc", "c": "ccb"} m=1 gates+2 gates-2 polys=2413 infeasible-exact
3846 {"a": "ccbc", "b": "bcac", "c": "ccb"} m=1 gates+2 gates-2 polys=3174 infeasible-exact
3847 {"a": "ccbc", "b": "cbca", "c": "ccb"} m=1 gates+1 gates-3 polys=332 infeasible-exact
3848 {"a": "ccbc", "b": "ccba", "c": "ccb"} m=1 gates+1 gates-3 polys=332 infeasible-exact
3849 {"a": "cccb", "b": "bacc", "c": "ccb"} m=1 gates+2 gates-2 polys=812 infeasible-exact
3850 {"a": "cccb", "b": "bcac", "c": "ccb"} m=1 gates+2 gates-2 polys=1456 infeasible-exact
3851 {"a": "cccb", "b": "bcca", "c": "ccb"} m=1 gates+2 gates-2 polys=1526 infeasible-exact
3852 {"a": "bc", "b": "cbc", "c": "babb"} m=1 gates+2 gates-2 polys=1820 infeasible-exact
3853 {"a": "bc", "b": "cbc", "c": "bbab"} m=1 gates+2 gates-2 polys=966 infeasible-exact
3854 {"a": "bc", "b": "cbc", "c": "bbba"} m=1 gates+2 gates-2 polys=1279 infeasible-exact
3855 {"a": "bc", "b": "accc", "c": "bcb"} m=1 gates+2 gates-2 polys=1279 infeasible-exact
3856 {"a": "bc", "b": "cacc", "c": "bcb"} m=1 gates+2 gates-2 polys=966 infeasible-exact
3857 {"a": "bc", "b": "ccac", "c": "bcb"} m=1 gates+2 gates-2 polys=1820 infeasible-exact
3858 {"a": "cb", "b": "cbc", "c": "abbb"} m=1 gates+2 gates-2 polys=1279 infeasible-exact
3859 {"a": "cb", "b": "cbc", "c": "babb"} m=1 gates+2 gates-2 polys=966 infeasible-exact
3860 {"a": "cb", "b": "cbc", "c": "bbab"} m=1 gates+2 gates-2 polys=1820 infeasible-exact
3861 {"a": "cb", "b": "cacc", "c": "bcb"} m=1 gates+2 gates-2 polys=1820 infeasible-exact
3862 {"a": "cb", "b": "ccac", "c": "bcb"} m=1 gates+2 gates-2 polys=966 infeasible-exact
3863 {"a": "cb", "b": "ccca", "c": "bcb"} m=1 gates+2 gates-2 polys=1279 infeasible-exact
3864 {"a": "bab", "b": "aaac", "c": "ab"} m=1 gates+2 gates-2 polys=1279 infeasible-exact
3865 {"a": "bab", "b": "aaca", "c": "ab"} m=1 gates+2 gates-2 polys=966 infeasible-exact
3866 {"a": "bab", "b": "aaca", "c": "ba"} m=1 gates+2 gates-2 polys=1820 infeasible-exact
3867 {"a": "bab", "b": "acaa", "c": "ab"} m=1 gates+2 gates-2 polys=1820 infeasible-exact
3868 {"a": "bab", "b": "acaa", "c": "ba"} m=1 gates+2 gates-2 polys=966 infeasible-exact
3869 {"a": "bab", "b": "caaa", "c": "ba"} m=1 gates+2 gates-2 polys=1279 infeasible-exact
3870 {"a": "cac", "b": "ac", "c": "aaab"} m=1 gates+2 gates-2 polys=1279 infeasible-exact
3871 {"a": "cac", "b": "ac", "c": "aaba"} m=1 gates+2 gates-2 polys=966 infeasible-exact
3872 {"a": "cac", "b": "ac", "c": "abaa"} m=1 gates+2 gates-2 polys=1820 infeasible-exact
3873 {"a": "cac", "b": "ca", "c": "aaba"} m=1 gates+2 gates-2 polys=1820 infeasible-exact
3874 {"a": "cac", "b": "ca", "c": "abaa"} m=1 gates+2 gates-2 polys=966 infeasible-exact
3875 {"a": "cac", "b": "ca", "c": "baaa"} m=1 gates+2 gates-2 polys=1279 infeasible-exact
3876 {"a": "bbbc", "b": "aba", "c": "ba"} m=1 gates+2 gates-2 polys=1279 infeasible-exact
3877 {"a": "bbcb", "b": "aba", "c": "ab"} m=1 gates+2 gates-2 polys=1820 infeasible-exact
3878 {"a": "bbcb", "b": "aba", "c": "ba"} m=1 gates+2 gates-2 polys=966 infeasible-exact
3879 {"a": "bcbb", "b": "aba", "c": "ab"} m=1 gates+2 gates-2 polys=966 infeasible-exact
3880 {"a": "bcbb", "b": "aba", "c": "ba"} m=1 gates+2 gates-2 polys=1820 infeasible-exact
3881 {"a": "bccc", "b": "ac", "c": "aca"} m=1 gates+2 gates-2 polys=1279 infeasible-exact
3882 {"a": "cbbb", "b": "aba", "c": "ab"} m=1 gates+2 gates-2 polys=1279 infeasible-exact
3883 {"a": "cbcc", "b": "ac", "c": "aca"} m=1 gates+2 gates-2 polys=966 infeasible-exact
3884 {"a": "cbcc", "b": "ca", "c": "aca"} m=1 gates+2 gates-2 polys=1820 infeasible-exact
3885 {"a": "ccbc", "b": "ac", "c": "aca"} m=1 gates+2 gates-2 polys=1820 infeasible-exact
3886 {"a": "ccbc", "b": "ca", "c": "aca"} m=1 gates+2 gates-2 polys=966 infeasible-exact
3887 {"a": "cccb", "b": "ca", "c": "aca"} m=1 gates+2 gates-2 polys=1279 infeasible-exact
3888 {"a": "ab", "b": "cab", "c": "cacc"} m=1 gates+2 gates-2 polys=708 infeasible-exact
3889 {"a": "ab", "b": "cab", "c": "ccac"} m=1 gates+2 gates-2 polys=726 infeasible-exact
3890 {"a": "ab", "b": "abcb", "c": "cbc"} m=1 gates+2 gates-2 polys=667 infeasible-exact
3891 {"a": "ab", "b": "bcab", "c": "bcc"} m=1 gates+2 gates-2 polys=682 infeasible-exact
3892 {"a": "ab", "b": "cbab", "c": "cbc"} m=1 gates+2 gates-2 polys=740 infeasible-exact
3893 {"a": "ac", "b": "bcb", "c": "acbc"} m=1 gates+2 gates-2 polys=667 infeasible-exact
3894 {"a": "ac", "b": "bcb", "c": "bcac"} m=1 gates+2 gates-2 polys=740 infeasible-exact
3895 {"a": "ac", "b": "cbb", "c": "cbac"} m=1 gates+2 gates-2 polys=682 infeasible-exact
3896 {"a": "ac", "b": "babb", "c": "bac"} m=1 gates+2 gates-2 polys=708 infeasible-exact
3897 {"a": "ac", "b": "bbab", "c": "bac"} m=1 gates+2 gates-2 polys=726 infeasible-exact
3898 {"a": "ba", "b": "bac", "c": "cacc"} m=1 gates+2 gates-2 polys=726 infeasible-exact
3899 {"a": "ba", "b": "bac", "c": "ccac"} m=1 gates+2 gates-2 polys=708 infeasible-exact
stats m=1 [3800,3900) {"infeasible-exact": 100} time 32.1
3900 {"a": "ba", "b": "babc", "c": "cbc"} m=1 gates+2 gates-2 polys=740 infeasible-exact
3901 {"a": "ba", "b": "bacb", "c": "ccb"} m=1 gates+2 gates-2 polys=682 infeasible-exact
3902 {"a": "ba", "b": "bcba", "c": "cbc"} m=1 gates+2 gates-2 polys=667 infeasible-exact
3903 {"a": "ca", "b": "bbc", "c": "cabc"} m=1 gates+2 gates-2 polys=682 infeasible-exact
3904 {"a": "ca", "b": "bcb", "c": "cacb"} m=1 gates+2 gates-2 polys=740 infeasible-exact
3905 {"a": "ca", "b": "bcb", "c": "cbca"} m=1 gates+2 gates-2 polys=667 infeasible-exact
3906 {"a": "ca", "b": "babb", "c": "cab"} m=1 gates+2 gates-2 polys=726 infeasible-exact
3907 {"a": "ca", "b": "bbab", "c": "cab"} m=1 gates+2 gates-2 polys=708 infeasible-exact
3908 {"a": "aab", "b": "cab", "c": "cabc"} m=1 gates+2 gates-2 polys=1074 infeasible-exact
3909 {"a": "aab", "b": "bcab", "c": "bc"} m=1 gates+2 gates-2 polys=682 infeasible-exact
3910 {"a": "aab", "b": "caab", "c": "cac"} m=1 gates+2 gates-2 polys=1621 infeasible-exact
3911 {"a": "aac", "b": "cb", "c": "cbac"} m=1 gates+2 gates-2 polys=682 infeasible-exact
3912 {"a": "aac", "b": "bab", "c": "baac"} m=1 gates+2 gates-2 polys=1621 infeasible-exact
3913 {"a": "aac", "b": "bacb", "c": "bac"} m=1 gates+2 gates-2 polys=1074 infeasible-exact
3914 {"a": "aba", "b": "abc", "c": "cabc"} m=1 gates+2 gates-2 polys=420 infeasible-exact
3915 {"a": "aba", "b": "bac", "c": "bacc"} m=1 gates+2 gates-2 polys=416 infeasible-exact
3916 {"a": "aba", "b": "bbc", "c": "abbc"} m=1 gates+2 gates-2 polys=1621 infeasible-exact
3917 {"a": "aba", "b": "bcb", "c": "abcb"} m=1 gates+2 gates-2 polys=619 infeasible-exact
3918 {"a": "aba", "b": "bcb", "c": "bcba"} m=1 gates+2 gates-2 polys=619 infeasible-exact
3919 {"a": "aba", "b": "cab", "c": "ccab"} m=1 gates+2 gates-2 polys=416 infeasible-exact
3920 {"a": "aba", "b": "cba", "c": "cbac"} m=1 gates+2 gates-2 polys=420 infeasible-exact
3921 {"a": "aba", "b": "cbb", "c": "cbba"} m=1 gates+2 gates-2 polys=1621 infeasible-exact
3922 {"a": "aba", "b": "abac", "c": "cac"} m=1 gates+2 gates-2 polys=619 infeasible-exact
3923 {"a": "aba", "b": "abcb", "c": "cb"} m=1 gates+2 gates-2 polys=740 infeasible-exact
3924 {"a": "aba", "b": "babc", "c": "bc"} m=1 gates+2 gates-2 polys=667 infeasible-exact
3925 {"a": "aba", "b": "bcba", "c": "bc"} m=1 gates+2 gates-2 polys=740 infeasible-exact
3926 {"a": "aba", "b": "caba", "c": "cac"} m=1 gates+2 gates-2 polys=619 infeasible-exact
3927 {"a": "aba", "b": "cbab", "c": "cb"} m=1 gates+2 gates-2 polys=667 infeasible-exact
3928 {"a": "abc", "b": "ab", "c": "cbcc"} m=1 gates+2 gates-2 polys=726 infeasible-exact
3929 {"a": "abc", "b": "ab", "c": "ccbc"} m=1 gates+2 gates-2 polys=708 infeasible-exact
3930 {"a": "abc", "b": "abb", "c": "cabc"} m=1 gates+2 gates-2 polys=1074 infeasible-exact
3931 {"a": "abc", "b": "bab", "c": "abcc"} m=1 gates+2 gates-2 polys=416 infeasible-exact
3932 {"a": "aca", "b": "bc", "c": "acbc"} m=1 gates+2 gates-2 polys=740 infeasible-exact
3933 {"a": "aca", "b": "bc", "c": "bcac"} m=1 gates+2 gates-2 polys=667 infeasible-exact
3934 {"a": "aca", "b": "cb", "c": "cacb"} m=1 gates+2 gates-2 polys=667 infeasible-exact
3935 {"a": "aca", "b": "cb", "c": "cbca"} m=1 gates+2 gates-2 polys=740 infeasible-exact
3936 {"a": "aca", "b": "bab", "c": "acab"} m=1 gates+2 gates-2 polys=619 infeasible-exact
3937 {"a": "aca", "b": "bab", "c": "baca"} m=1 gates+2 gates-2 polys=619 infeasible-exact
3938 {"a": "aca", "b": "acbc", "c": "cbc"} m=1 gates+2 gates-2 polys=619 infeasible-exact
3939 {"a": "aca", "b": "accb", "c": "ccb"} m=1 gates+2 gates-2 polys=1621 infeasible-exact
3940 {"a": "aca", "b": "bacb", "c": "acb"} m=1 gates+2 gates-2 polys=420 infeasible-exact
3941 {"a": "aca", "b": "bbac", "c": "bac"} m=1 gates+2 gates-2 polys=416 infeasible-exact
3942 {"a": "aca", "b": "bcab", "c": "bca"} m=1 gates+2 gates-2 polys=420 infeasible-exact
3943 {"a": "aca", "b": "bcca", "c": "bcc"} m=1 gates+2 gates-2 polys=1621 infeasible-exact
3944 {"a": "aca", "b": "cabb", "c": "cab"} m=1 gates+2 gates-2 polys=416 infeasible-exact
3945 {"a": "aca", "b": "cbca", "c": "cbc"} m=1 gates+2 gates-2 polys=619 infeasible-exact
3946 {"a": "acb", "b": "acbb", "c": "cac"} m=1 gates+2 gates-2 polys=416 infeasible-exact
3947 {"a": "acb", "b": "bacb", "c": "acc"} m=1 gates+2 gates-2 polys=1074 infeasible-exact
3948 {"a": "acb", "b": "bbcb", "c": "ac"} m=1 gates+2 gates-2 polys=708 infeasible-exact
3949 {"a": "acb", "b": "bcbb", "c": "ac"} m=1 gates+2 gates-2 polys=726 infeasible-exact
3950 {"a": "baa", "b": "bac", "c": "cbac"} m=1 gates+2 gates-2 polys=1074 infeasible-exact
3951 {"a": "baa", "b": "baac", "c": "cac"} m=1 gates+2 gates-2 polys=1621 infeasible-exact
3952 {"a": "baa", "b": "bacb", "c": "cb"} m=1 gates+2 gates-2 polys=682 infeasible-exact
3953 {"a": "bac", "b": "bab", "c": "cbac"} m=1 gates+2 gates-2 polys=420 infeasible-exact
3954 {"a": "bac", "b": "bacb", "c": "cac"} m=1 gates+2 gates-2 polys=420 infeasible-exact
3955 {"a": "bca", "b": "bbca", "c": "cac"} m=1 gates+2 gates-2 polys=416 infeasible-exact
3956 {"a": "bca", "b": "bbcb", "c": "ca"} m=1 gates+2 gates-2 polys=726 infeasible-exact
3957 {"a": "bca", "b": "bcab", "c": "cca"} m=1 gates+2 gates-2 polys=1074 infeasible-exact
3958 {"a": "bca", "b": "bcbb", "c": "ca"} m=1 gates+2 gates-2 polys=708 infeasible-exact
3959 {"a": "caa", "b": "bc", "c": "cabc"} m=1 gates+2 gates-2 polys=682 infeasible-exact
3960 {"a": "caa", "b": "bab", "c": "caab"} m=1 gates+2 gates-2 polys=1621 infeasible-exact
3961 {"a": "caa", "b": "bcab", "c": "cab"} m=1 gates+2 gates-2 polys=1074 infeasible-exact
3962 {"a": "cab", "b": "bab", "c": "cabc"} m=1 gates+2 gates-2 polys=420 infeasible-exact
3963 {"a": "cab", "b": "bcab", "c": "cac"} m=1 gates+2 gates-2 polys=420 infeasible-exact
3964 {"a": "cba", "b": "ba", "c": "cbcc"} m=1 gates+2 gates-2 polys=708 infeasible-exact
3965 {"a": "cba", "b": "ba", "c": "ccbc"} m=1 gates+2 gates-2 polys=726 infeasible-exact
3966 {"a": "cba", "b": "bab", "c": "ccba"} m=1 gates+2 gates-2 polys=416 infeasible-exact
3967 {"a": "cba", "b": "bba", "c": "cbac"} m=1 gates+2 gates-2 polys=1074 infeasible-exact
3968 {"a": "aaba", "b": "bc", "c": "abc"} m=1 gates+2 gates-2 polys=726 infeasible-exact
3969 {"a": "aaba", "b": "cb", "c": "cba"} m=1 gates+2 gates-2 polys=708 infeasible-exact
3970 {"a": "aabc", "b": "bcb", "c": "abc"} m=1 gates+2 gates-2 polys=416 infeasible-exact
3971 {"a": "aaca", "b": "acb", "c": "cb"} m=1 gates+2 gates-2 polys=726 infeasible-exact
3972 {"a": "aaca", "b": "bca", "c": "bc"} m=1 gates+2 gates-2 polys=708 infeasible-exact
3973 {"a": "aacb", "b": "acb", "c": "cbc"} m=1 gates+2 gates-2 polys=416 infeasible-exact
3974 {"a": "abaa", "b": "bc", "c": "abc"} m=1 gates+2 gates-2 polys=708 infeasible-exact
3975 {"a": "abaa", "b": "cb", "c": "cba"} m=1 gates+2 gates-2 polys=726 infeasible-exact
3976 {"a": "abac", "b": "ab", "c": "cac"} m=1 gates+2 gates-2 polys=740 infeasible-exact
3977 {"a": "abac", "b": "bab", "c": "ac"} m=1 gates+2 gates-2 polys=667 infeasible-exact
3978 {"a": "abbc", "b": "abb", "c": "cbc"} m=1 gates+2 gates-2 polys=1621 infeasible-exact
3979 {"a": "abca", "b": "ab", "c": "cca"} m=1 gates+2 gates-2 polys=682 infeasible-exact
3980 {"a": "abca", "b": "abb", "c": "ca"} m=1 gates+2 gates-2 polys=682 infeasible-exact
3981 {"a": "abca", "b": "abc", "c": "cbc"} m=1 gates+2 gates-2 polys=420 infeasible-exact
3982 {"a": "abca", "b": "bbc", "c": "abc"} m=1 gates+2 gates-2 polys=1074 infeasible-exact
3983 {"a": "abca", "b": "bca", "c": "bcc"} m=1 gates+2 gates-2 polys=1074 infeasible-exact
3984 {"a": "abca", "b": "bcb", "c": "bca"} m=1 gates+2 gates-2 polys=420 infeasible-exact
3985 {"a": "acaa", "b": "acb", "c": "cb"} m=1 gates+2 gates-2 polys=708 infeasible-exact
3986 {"a": "acaa", "b": "bca", "c": "bc"} m=1 gates+2 gates-2 polys=726 infeasible-exact
3987 {"a": "acab", "b": "ab", "c": "cac"} m=1 gates+2 gates-2 polys=667 infeasible-exact
3988 {"a": "acab", "b": "bab", "c": "ac"} m=1 gates+2 gates-2 polys=740 infeasible-exact
3989 {"a": "acba", "b": "ba", "c": "acc"} m=1 gates+2 gates-2 polys=682 infeasible-exact
3990 {"a": "acba", "b": "acb", "c": "ccb"} m=1 gates+2 gates-2 polys=1074 infeasible-exact
3991 {"a": "acba", "b": "bba", "c": "ac"} m=1 gates+2 gates-2 polys=682 infeasible-exact
3992 {"a": "acba", "b": "bcb", "c": "acb"} m=1 gates+2 gates-2 polys=420 infeasible-exact
3993 {"a": "acba", "b": "cba", "c": "cbc"} m=1 gates+2 gates-2 polys=420 infeasible-exact
3994 {"a": "acba", "b": "cbb", "c": "cba"} m=1 gates+2 gates-2 polys=1074 infeasible-exact
3995 {"a": "accb", "b": "bcb", "c": "acc"} m=1 gates+2 gates-2 polys=1621 infeasible-exact
3996 {"a": "babc", "b": "bab", "c": "cbc"} m=1 gates+2 gates-2 polys=619 infeasible-exact
3997 {"a": "baca", "b": "ba", "c": "cac"} m=1 gates+2 gates-2 polys=667 infeasible-exact
3998 {"a": "baca", "b": "bab", "c": "ca"} m=1 gates+2 gates-2 polys=740 infeasible-exact
3999 {"a": "bcaa", "b": "bca", "c": "cbc"} m=1 gates+2 gates-2 polys=416 infeasible-exact
stats m=1 [3900,4000) {"infeasible-exact": 100} time 18.0
4000 {"a": "bcac", "b": "bcb", "c": "cac"} m=1 gates+2 gates-2 polys=619 infeasible-exact
4001 {"a": "bcca", "b": "bcb", "c": "cca"} m=1 gates+2 gates-2 polys=1621 infeasible-exact
4002 {"a": "caba", "b": "ba", "c": "cac"} m=1 gates+2 gates-2 polys=740 infeasible-exact
4003 {"a": "caba", "b": "bab", "c": "ca"} m=1 gates+2 gates-2 polys=667 infeasible-exact
4004 {"a": "cacb", "b": "bcb", "c": "cac"} m=1 gates+2 gates-2 polys=619 infeasible-exact
4005 {"a": "cbaa", "b": "bcb", "c": "cba"} m=1 gates+2 gates-2 polys=416 infeasible-exact
4006 {"a": "cbab", "b": "bab", "c": "cbc"} m=1 gates+2 gates-2 polys=619 infeasible-exact
4007 {"a": "cbba", "b": "bba", "c": "cbc"} m=1 gates+2 gates-2 polys=1621 infeasible-exact
4008 {"a": "ab", "b": "bcc", "c": "bcab"} m=1 gates+2 gates-2 polys=686 infeasible-exact
4009 {"a": "ab", "b": "cbc", "c": "cbab"} m=1 gates+2 gates-2 polys=376 infeasible-exact
4010 {"a": "ab", "b": "babc", "c": "abb"} m=1 gates+2 gates-2 polys=1705 infeasible-exact
4011 {"a": "ab", "b": "babc", "c": "bab"} m=1 gates+2 gates-2 polys=528 infeasible-exact
4012 {"a": "ab", "b": "bbac", "c": "abb"} m=1 gates+2 gates-2 polys=2361 infeasible-exact
4013 {"a": "ab", "b": "bbac", "c": "bab"} m=1 gates+2 gates-2 polys=1048 infeasible-exact
4014 {"a": "ab", "b": "bbca", "c": "abb"} m=1 gates+2 gates-2 polys=1026 infeasible-exact
4015 {"a": "ab", "b": "bbca", "c": "bab"} m=1 gates+2 gates-2 polys=1147 infeasible-exact
4016 {"a": "ab", "b": "bcba", "c": "abb"} m=1 gates+2 gates-2 polys=1705 infeasible-exact
4017 {"a": "ab", "b": "bcba", "c": "bab"} m=1 gates+2 gates-2 polys=509 infeasible-exact
4018 {"a": "ab", "b": "cabb", "c": "bab"} m=1 gates+3 gates-1 polys=296 infeasible-exact
4019 {"a": "ab", "b": "cbab", "c": "bab"} m=1 gates+3 gates-1 polys=308 infeasible-exact
4020 {"a": "ac", "b": "acc", "c": "cacb"} m=1 gates+2 gates-2 polys=1705 infeasible-exact
4021 {"a": "ac", "b": "acc", "c": "cbca"} m=1 gates+2 gates-2 polys=1705 infeasible-exact
4022 {"a": "ac", "b": "acc", "c": "ccab"} m=1 gates+2 gates-2 polys=2361 infeasible-exact
4023 {"a": "ac", "b": "acc", "c": "ccba"} m=1 gates+2 gates-2 polys=1026 infeasible-exact
4024 {"a": "ac", "b": "cac", "c": "bacc"} m=1 gates+3 gates-1 polys=296 infeasible-exact
4025 {"a": "ac", "b": "cac", "c": "bcac"} m=1 gates+3 gates-1 polys=308 infeasible-exact
4026 {"a": "ac", "b": "cac", "c": "cacb"} m=1 gates+2 gates-2 polys=528 infeasible-exact
4027 {"a": "ac", "b": "cac", "c": "cbca"} m=1 gates+2 gates-2 polys=509 infeasible-exact
4028 {"a": "ac", "b": "cac", "c": "ccab"} m=1 gates+2 gates-2 polys=1048 infeasible-exact
4029 {"a": "ac", "b": "cac", "c": "ccba"} m=1 gates+2 gates-2 polys=1147 infeasible-exact
4030 {"a": "ac", "b": "bcac", "c": "bcb"} m=1 gates+2 gates-2 polys=376 infeasible-exact
4031 {"a": "ac", "b": "cbac", "c": "cbb"} m=1 gates+2 gates-2 polys=686 infeasible-exact
4032 {"a": "ba", "b": "cbc", "c": "babc"} m=1 gates+2 gates-2 polys=376 infeasible-exact
4033 {"a": "ba", "b": "ccb", "c": "bacb"} m=1 gates+2 gates-2 polys=686 infeasible-exact
4034 {"a": "ba", "b": "abcb", "c": "bab"} m=1 gates+2 gates-2 polys=509 infeasible-exact
4035 {"a": "ba", "b": "abcb", "c": "bba"} m=1 gates+2 gates-2 polys=1705 infeasible-exact
4036 {"a": "ba", "b": "acbb", "c": "bab"} m=1 gates+2 gates-2 polys=1147 infeasible-exact
4037 {"a": "ba", "b": "acbb", "c": "bba"} m=1 gates+2 gates-2 polys=1026 infeasible-exact
4038 {"a": "ba", "b": "babc", "c": "bab"} m=1 gates+1 gates-3 polys=308 infeasible-exact
4039 {"a": "ba", "b": "bbac", "c": "bab"} m=1 gates+1 gates-3 polys=296 infeasible-exact
4040 {"a": "ba", "b": "cabb", "c": "bab"} m=1 gates+2 gates-2 polys=1048 infeasible-exact
4041 {"a": "ba", "b": "cabb", "c": "bba"} m=1 gates+2 gates-2 polys=2361 infeasible-exact
4042 {"a": "ba", "b": "cbab", "c": "bab"} m=1 gates+2 gates-2 polys=528 infeasible-exact
4043 {"a": "ba", "b": "cbab", "c": "bba"} m=1 gates+2 gates-2 polys=1705 infeasible-exact
4044 {"a": "bc", "b": "abc", "c": "bcca"} m=1 gates+2 gates-2 polys=448 infeasible-exact
4045 {"a": "bc", "b": "abc", "c": "cabc"} m=1 gates+3 gates-1 polys=302 infeasible-exact
4046 {"a": "bc", "b": "acb", "c": "acbc"} m=1 gates+2 gates-2 polys=649 infeasible-exact
4047 {"a": "bc", "b": "acb", "c": "bcac"} m=1 gates+2 gates-2 polys=690 infeasible-exact
4048 {"a": "bc", "b": "acb", "c": "cacb"} m=1 gates+3 gates-1 polys=278 infeasible-exact
4049 {"a": "bc", "b": "bbc", "c": "cabb"} m=1 gates+2 gates-2 polys=672 infeasible-exact
4050 {"a": "bc", "b": "bbc", "c": "cbab"} m=1 gates+2 gates-2 polys=993 infeasible-exact
4051 {"a": "bc", "b": "bbc", "c": "cbba"} m=1 gates+2 gates-2 polys=1217 infeasible-exact
4052 {"a": "bc", "b": "bca", "c": "cbca"} m=1 gates+2 gates-2 polys=344 infeasible-exact
4053 {"a": "bc", "b": "bcb", "c": "bbca"} m=1 gates+1 gates-3 polys=296 infeasible-exact
4054 {"a": "bc", "b": "bcb", "c": "bcba"} m=1 gates+1 gates-3 polys=308 infeasible-exact
4055 {"a": "bc", "b": "abbc", "c": "bca"} m=1 gates+2 gates-2 polys=448 infeasible-exact
4056 {"a": "bc", "b": "abcb", "c": "abc"} m=1 gates+2 gates-2 polys=344 infeasible-exact
4057 {"a": "bc", "b": "abcc", "c": "cbc"} m=1 gates+3 gates-1 polys=296 infeasible-exact
4058 {"a": "bc", "b": "acbc", "c": "cbc"} m=1 gates+3 gates-1 polys=308 infeasible-exact
4059 {"a": "bc", "b": "accb", "c": "bcc"} m=1 gates+2 gates-2 polys=1217 infeasible-exact
4060 {"a": "bc", "b": "babc", "c": "cba"} m=1 gates+2 gates-2 polys=690 infeasible-exact
4061 {"a": "bc", "b": "bcab", "c": "bca"} m=1 gates+1 gates-3 polys=302 infeasible-exact
4062 {"a": "bc", "b": "bcba", "c": "cba"} m=1 gates+2 gates-2 polys=649 infeasible-exact
4063 {"a": "bc", "b": "cacb", "c": "bcc"} m=1 gates+2 gates-2 polys=993 infeasible-exact
4064 {"a": "bc", "b": "cbab", "c": "cba"} m=1 gates+1 gates-3 polys=278 infeasible-exact
4065 {"a": "bc", "b": "ccab", "c": "bcc"} m=1 gates+2 gates-2 polys=672 infeasible-exact
4066 {"a": "ca", "b": "cac", "c": "abcc"} m=1 gates+2 gates-2 polys=1147 infeasible-exact
4067 {"a": "ca", "b": "cac", "c": "acbc"} m=1 gates+2 gates-2 polys=509 infeasible-exact
4068 {"a": "ca", "b": "cac", "c": "bacc"} m=1 gates+2 gates-2 polys=1048 infeasible-exact
4069 {"a": "ca", "b": "cac", "c": "bcac"} m=1 gates+2 gates-2 polys=528 infeasible-exact
4070 {"a": "ca", "b": "cac", "c": "cacb"} m=1 gates+1 gates-3 polys=308 infeasible-exact
4071 {"a": "ca", "b": "cac", "c": "ccab"} m=1 gates+1 gates-3 polys=296 infeasible-exact
4072 {"a": "ca", "b": "cca", "c": "abcc"} m=1 gates+2 gates-2 polys=1026 infeasible-exact
4073 {"a": "ca", "b": "cca", "c": "acbc"} m=1 gates+2 gates-2 polys=1705 infeasible-exact
4074 {"a": "ca", "b": "cca", "c": "bacc"} m=1 gates+2 gates-2 polys=2361 infeasible-exact
4075 {"a": "ca", "b": "cca", "c": "bcac"} m=1 gates+2 gates-2 polys=1705 infeasible-exact
4076 {"a": "ca", "b": "cabc", "c": "bbc"} m=1 gates+2 gates-2 polys=686 infeasible-exact
4077 {"a": "ca", "b": "cacb", "c": "bcb"} m=1 gates+2 gates-2 polys=376 infeasible-exact
4078 {"a": "cb", "b": "acb", "c": "acbc"} m=1 gates+2 gates-2 polys=344 infeasible-exact
4079 {"a": "cb", "b": "bca", "c": "bcac"} m=1 gates+1 gates-3 polys=278 infeasible-exact
4080 {"a": "cb", "b": "bca", "c": "cacb"} m=1 gates+2 gates-2 polys=690 infeasible-exact
4081 {"a": "cb", "b": "bca", "c": "cbca"} m=1 gates+2 gates-2 polys=649 infeasible-exact
4082 {"a": "cb", "b": "bcb", "c": "abcb"} m=1 gates+3 gates-1 polys=308 infeasible-exact
4083 {"a": "cb", "b": "bcb", "c": "acbb"} m=1 gates+3 gates-1 polys=296 infeasible-exact
4084 {"a": "cb", "b": "cba", "c": "accb"} m=1 gates+2 gates-2 polys=448 infeasible-exact
4085 {"a": "cb", "b": "cba", "c": "cbac"} m=1 gates+1 gates-3 polys=302 infeasible-exact
4086 {"a": "cb", "b": "cbb", "c": "abbc"} m=1 gates+2 gates-2 polys=1217 infeasible-exact
4087 {"a": "cb", "b": "cbb", "c": "babc"} m=1 gates+2 gates-2 polys=993 infeasible-exact
4088 {"a": "cb", "b": "cbb", "c": "bbac"} m=1 gates+2 gates-2 polys=672 infeasible-exact
4089 {"a": "cb", "b": "abcb", "c": "abc"} m=1 gates+2 gates-2 polys=649 infeasible-exact
4090 {"a": "cb", "b": "babc", "c": "abc"} m=1 gates+3 gates-1 polys=278 infeasible-exact
4091 {"a": "cb", "b": "bacb", "c": "acb"} m=1 gates+3 gates-1 polys=302 infeasible-exact
4092 {"a": "cb", "b": "bacc", "c": "ccb"} m=1 gates+2 gates-2 polys=672 infeasible-exact
4093 {"a": "cb", "b": "bcac", "c": "ccb"} m=1 gates+2 gates-2 polys=993 infeasible-exact
4094 {"a": "cb", "b": "bcba", "c": "cba"} m=1 gates+2 gates-2 polys=344 infeasible-exact
4095 {"a": "cb", "b": "bcca", "c": "ccb"} m=1 gates+2 gates-2 polys=1217 infeasible-exact
4096 {"a": "cb", "b": "cbab", "c": "abc"} m=1 gates+2 gates-2 polys=690 infeasible-exact
4097 {"a": "cb", "b": "cbba", "c": "acb"} m=1 gates+2 gates-2 polys=448 infeasible-exact
4098 {"a": "cb", "b": "cbca", "c": "cbc"} m=1 gates+1 gates-3 polys=308 infeasible-exact
4099 {"a": "cb", "b": "ccba", "c": "cbc"} m=1 gates+1 gates-3 polys=296 infeasible-exact
stats m=1 [4000,4100) {"infeasible-exact": 100} time 21.7
4100 {"a": "aab", "b": "acc", "c": "caab"} m=1 gates+2 gates-2 polys=605 infeasible-exact
4101 {"a": "aab", "b": "cac", "c": "caab"} m=1 gates+2 gates-2 polys=656 infeasible-exact
4102 {"a": "aab", "b": "cca", "c": "aabc"} m=1 gates+1 gates-3 polys=287 infeasible-exact
4103 {"a": "aab", "b": "cca", "c": "caab"} m=1 gates+2 gates-2 polys=655 infeasible-exact
4104 {"a": "aab", "b": "aaca", "c": "aac"} m=1 gates+1 gates-3 polys=315 infeasible-exact
4105 {"a": "aab", "b": "acaa", "c": "caa"} m=1 gates+2 gates-2 polys=1865 infeasible-exact
4106 {"a": "aab", "b": "baac", "c": "ab"} m=1 gates+2 gates-2 polys=1217 infeasible-exact
4107 {"a": "aab", "b": "baca", "c": "ab"} m=1 gates+2 gates-2 polys=993 infeasible-exact
4108 {"a": "aab", "b": "bcaa", "c": "ab"} m=1 gates+2 gates-2 polys=672 infeasible-exact
4109 {"a": "aab", "b": "caaa", "c": "caa"} m=1 gates+2 gates-2 polys=1765 infeasible-exact
4110 {"a": "aac", "b": "ac", "c": "caab"} m=1 gates+2 gates-2 polys=1217 infeasible-exact
4111 {"a": "aac", "b": "ac", "c": "caba"} m=1 gates+2 gates-2 polys=993 infeasible-exact
4112 {"a": "aac", "b": "ac", "c": "cbaa"} m=1 gates+2 gates-2 polys=672 infeasible-exact
4113 {"a": "aac", "b": "aab", "c": "aaba"} m=1 gates+1 gates-3 polys=315 infeasible-exact
4114 {"a": "aac", "b": "baa", "c": "abaa"} m=1 gates+2 gates-2 polys=1865 infeasible-exact
4115 {"a": "aac", "b": "baa", "c": "baaa"} m=1 gates+2 gates-2 polys=1765 infeasible-exact
4116 {"a": "aac", "b": "aacb", "c": "bba"} m=1 gates+1 gates-3 polys=287 infeasible-exact
4117 {"a": "aac", "b": "baac", "c": "abb"} m=1 gates+2 gates-2 polys=605 infeasible-exact
4118 {"a": "aac", "b": "baac", "c": "bab"} m=1 gates+2 gates-2 polys=656 infeasible-exact
4119 {"a": "aac", "b": "baac", "c": "bba"} m=1 gates+2 gates-2 polys=655 infeasible-exact
4120 {"a": "aba", "b": "aabc", "c": "ab"} m=1 gates+1 gates-3 polys=296 infeasible-exact
4121 {"a": "aba", "b": "abac", "c": "ab"} m=1 gates+1 gates-3 polys=308 infeasible-exact
4122 {"a": "aba", "b": "caba", "c": "ba"} m=1 gates+3 gates-1 polys=308 infeasible-exact
4123 {"a": "aba", "b": "cbaa", "c": "ba"} m=1 gates+3 gates-1 polys=296 infeasible-exact
4124 {"a": "abb", "b": "abc", "c": "cabb"} m=1 gates+2 gates-2 polys=1136 infeasible-exact
4125 {"a": "abb", "b": "bac", "c": "bacb"} m=1 gates+2 gates-2 polys=1418 infeasible-exact
4126 {"a": "abb", "b": "bbc", "c": "abbb"} m=1 gates+2 gates-2 polys=1765 infeasible-exact
4127 {"a": "abb", "b": "bbc", "c": "babb"} m=1 gates+2 gates-2 polys=1865 infeasible-exact
4128 {"a": "abb", "b": "bca", "c": "bbca"} m=1 gates+2 gates-2 polys=508 infeasible-exact
4129 {"a": "abb", "b": "bca", "c": "bcab"} m=1 gates+2 gates-2 polys=490 infeasible-exact
4130 {"a": "abb", "b": "cab", "c": "bcab"} m=1 gates+3 gates-1 polys=311 infeasible-exact
4131 {"a": "abb", "b": "cba", "c": "cbab"} m=1 gates+2 gates-2 polys=1308 infeasible-exact
4132 {"a": "abb", "b": "cbb", "c": "babb"} m=1 gates+3 gates-1 polys=315 infeasible-exact
4133 {"a": "abb", "b": "abca", "c": "ca"} m=1 gates+2 gates-2 polys=686 infeasible-exact
4134 {"a": "abc", "b": "aab", "c": "abca"} m=1 gates+1 gates-3 polys=311 infeasible-exact
4135 {"a": "abc", "b": "aba", "c": "caba"} m=1 gates+2 gates-2 polys=408 infeasible-exact
4136 {"a": "abc", "b": "baa", "c": "abca"} m=1 gates+2 gates-2 polys=1418 infeasible-exact
4137 {"a": "abc", "b": "aabc", "c": "caa"} m=1 gates+2 gates-2 polys=508 infeasible-exact
4138 {"a": "abc", "b": "abca", "c": "caa"} m=1 gates+2 gates-2 polys=490 infeasible-exact
4139 {"a": "abc", "b": "abcb", "c": "ba"} m=1 gates+1 gates-3 polys=278 infeasible-exact
4140 {"a": "abc", "b": "babc", "c": "ab"} m=1 gates+2 gates-2 polys=344 infeasible-exact
4141 {"a": "abc", "b": "babc", "c": "ba"} m=1 gates+2 gates-2 polys=649 infeasible-exact
4142 {"a": "abc", "b": "bcba", "c": "ba"} m=1 gates+2 gates-2 polys=690 infeasible-exact
4143 {"a": "aca", "b": "ac", "c": "aacb"} m=1 gates+1 gates-3 polys=296 infeasible-exact
4144 {"a": "aca", "b": "ac", "c": "acab"} m=1 gates+1 gates-3 polys=308 infeasible-exact
4145 {"a": "aca", "b": "ca", "c": "baca"} m=1 gates+3 gates-1 polys=308 infeasible-exact
4146 {"a": "aca", "b": "ca", "c": "bcaa"} m=1 gates+3 gates-1 polys=296 infeasible-exact
4147 {"a": "acb", "b": "ac", "c": "cacb"} m=1 gates+2 gates-2 polys=344 infeasible-exact
4148 {"a": "acb", "b": "ca", "c": "acbc"} m=1 gates+1 gates-3 polys=278 infeasible-exact
4149 {"a": "acb", "b": "ca", "c": "cacb"} m=1 gates+2 gates-2 polys=649 infeasible-exact
4150 {"a": "acb", "b": "ca", "c": "cbca"} m=1 gates+2 gates-2 polys=690 infeasible-exact
4151 {"a": "acb", "b": "baa", "c": "aacb"} m=1 gates+2 gates-2 polys=508 infeasible-exact
4152 {"a": "acb", "b": "baa", "c": "acba"} m=1 gates+2 gates-2 polys=490 infeasible-exact
4153 {"a": "acb", "b": "acba", "c": "aac"} m=1 gates+1 gates-3 polys=311 infeasible-exact
4154 {"a": "acb", "b": "acba", "c": "caa"} m=1 gates+2 gates-2 polys=1418 infeasible-exact
4155 {"a": "acb", "b": "baca", "c": "aca"} m=1 gates+2 gates-2 polys=408 infeasible-exact
4156 {"a": "acc", "b": "ba", "c": "acba"} m=1 gates+2 gates-2 polys=686 infeasible-exact
4157 {"a": "acc", "b": "accc", "c": "ccb"} m=1 gates+2 gates-2 polys=1765 infeasible-exact
4158 {"a": "acc", "b": "bacc", "c": "acb"} m=1 gates+2 gates-2 polys=1136 infeasible-exact
4159 {"a": "acc", "b": "bcac", "c": "bca"} m=1 gates+2 gates-2 polys=1308 infeasible-exact
4160 {"a": "acc", "b": "cabc", "c": "cab"} m=1 gates+2 gates-2 polys=1418 infeasible-exact
4161 {"a": "acc", "b": "cacc", "c": "bcc"} m=1 gates+3 gates-1 polys=315 infeasible-exact
4162 {"a": "acc", "b": "cacc", "c": "ccb"} m=1 gates+2 gates-2 polys=1865 infeasible-exact
4163 {"a": "acc", "b": "cbac", "c": "bac"} m=1 gates+3 gates-1 polys=311 infeasible-exact
4164 {"a": "acc", "b": "cbac", "c": "cba"} m=1 gates+2 gates-2 polys=490 infeasible-exact
4165 {"a": "acc", "b": "ccba", "c": "cba"} m=1 gates+2 gates-2 polys=508 infeasible-exact
4166 {"a": "baa", "b": "acc", "c": "baac"} m=1 gates+2 gates-2 polys=655 infeasible-exact
4167 {"a": "baa", "b": "acc", "c": "cbaa"} m=1 gates+3 gates-1 polys=287 infeasible-exact
4168 {"a": "baa", "b": "cac", "c": "baac"} m=1 gates+2 gates-2 polys=656 infeasible-exact
4169 {"a": "baa", "b": "cca", "c": "baac"} m=1 gates+2 gates-2 polys=605 infeasible-exact
4170 {"a": "baa", "b": "aaac", "c": "aac"} m=1 gates+2 gates-2 polys=1765 infeasible-exact
4171 {"a": "baa", "b": "aaca", "c": "aac"} m=1 gates+2 gates-2 polys=1865 infeasible-exact
4172 {"a": "baa", "b": "aacb", "c": "ba"} m=1 gates+2 gates-2 polys=672 infeasible-exact
4173 {"a": "baa", "b": "acaa", "c": "caa"} m=1 gates+3 gates-1 polys=315 infeasible-exact
4174 {"a": "baa", "b": "acab", "c": "ba"} m=1 gates+2 gates-2 polys=993 infeasible-exact
4175 {"a": "baa", "b": "caab", "c": "ba"} m=1 gates+2 gates-2 polys=1217 infeasible-exact
4176 {"a": "bab", "b": "abc", "c": "abcb"} m=1 gates+2 gates-2 polys=493 infeasible-exact
4177 {"a": "bab", "b": "bac", "c": "cbab"} m=1 gates+2 gates-2 polys=408 infeasible-exact
4178 {"a": "bab", "b": "cab", "c": "babc"} m=1 gates+2 gates-2 polys=408 infeasible-exact
4179 {"a": "bab", "b": "cba", "c": "bcba"} m=1 gates+2 gates-2 polys=493 infeasible-exact
4180 {"a": "bab", "b": "acab", "c": "ac"} m=1 gates+2 gates-2 polys=376 infeasible-exact
4181 {"a": "bab", "b": "baca", "c": "ca"} m=1 gates+2 gates-2 polys=376 infeasible-exact
4182 {"a": "bac", "b": "ac", "c": "accb"} m=1 gates+2 gates-2 polys=448 infeasible-exact
4183 {"a": "bac", "b": "ac", "c": "cbac"} m=1 gates+3 gates-1 polys=302 infeasible-exact
4184 {"a": "bac", "b": "aab", "c": "abac"} m=1 gates+2 gates-2 polys=1308 infeasible-exact
4185 {"a": "bac", "b": "aba", "c": "baca"} m=1 gates+2 gates-2 polys=493 infeasible-exact
4186 {"a": "bac", "b": "baa", "c": "cbaa"} m=1 gates+2 gates-2 polys=1136 infeasible-exact
4187 {"a": "bac", "b": "aacb", "c": "aac"} m=1 gates+2 gates-2 polys=1136 infeasible-exact
4188 {"a": "bac", "b": "abac", "c": "aca"} m=1 gates+2 gates-2 polys=493 infeasible-exact
4189 {"a": "bac", "b": "baca", "c": "caa"} m=1 gates+2 gates-2 polys=1308 infeasible-exact
4190 {"a": "bac", "b": "bacb", "c": "ba"} m=1 gates+1 gates-3 polys=302 infeasible-exact
4191 {"a": "bac", "b": "cbba", "c": "ba"} m=1 gates+2 gates-2 polys=448 infeasible-exact
4192 {"a": "bba", "b": "abc", "c": "babc"} m=1 gates+2 gates-2 polys=1308 infeasible-exact
4193 {"a": "bba", "b": "acb", "c": "acbb"} m=1 gates+2 gates-2 polys=508 infeasible-exact
4194 {"a": "bba", "b": "acb", "c": "bacb"} m=1 gates+2 gates-2 polys=490 infeasible-exact
4195 {"a": "bba", "b": "bac", "c": "bacb"} m=1 gates+1 gates-3 polys=311 infeasible-exact
4196 {"a": "bba", "b": "bbc", "c": "bbab"} m=1 gates+1 gates-3 polys=315 infeasible-exact
4197 {"a": "bba", "b": "cab", "c": "bcab"} m=1 gates+2 gates-2 polys=1418 infeasible-exact
4198 {"a": "bba", "b": "cba", "c": "bbac"} m=1 gates+2 gates-2 polys=1136 infeasible-exact
4199 {"a": "bba", "b": "cbb", "c": "bbab"} m=1 gates+2 gates-2 polys=1865 infeasible-exact
stats m=1 [4100,4200) {"infeasible-exact": 100} time 21.6
4200 {"a": "bba", "b": "cbb", "c": "bbba"} m=1 gates+2 gates-2 polys=1765 infeasible-exact
4201 {"a": "bba", "b": "acba", "c": "ac"} m=1 gates+2 gates-2 polys=686 infeasible-exact
4202 {"a": "bbc", "b": "abcb", "c": "bc"} m=1 gates+2 gates-2 polys=1705 infeasible-exact
4203 {"a": "bbc", "b": "acbb", "c": "bc"} m=1 gates+2 gates-2 polys=2361 infeasible-exact
4204 {"a": "bbc", "b": "accb", "c": "acc"} m=1 gates+2 gates-2 polys=605 infeasible-exact
4205 {"a": "bbc", "b": "bcca", "c": "cca"} m=1 gates+2 gates-2 polys=655 infeasible-exact
4206 {"a": "bbc", "b": "cabb", "c": "bc"} m=1 gates+2 gates-2 polys=1026 infeasible-exact
4207 {"a": "bbc", "b": "cbab", "c": "bc"} m=1 gates+2 gates-2 polys=1705 infeasible-exact
4208 {"a": "bbc", "b": "ccab", "c": "cca"} m=1 gates+1 gates-3 polys=287 infeasible-exact
4209 {"a": "bca", "b": "ac", "c": "acbc"} m=1 gates+2 gates-2 polys=690 infeasible-exact
4210 {"a": "bca", "b": "ac", "c": "bcac"} m=1 gates+2 gates-2 polys=649 infeasible-exact
4211 {"a": "bca", "b": "ac", "c": "cbca"} m=1 gates+3 gates-1 polys=278 infeasible-exact
4212 {"a": "bca", "b": "ca", "c": "bcac"} m=1 gates+2 gates-2 polys=344 infeasible-exact
4213 {"a": "bca", "b": "aab", "c": "abca"} m=1 gates+2 gates-2 polys=490 infeasible-exact
4214 {"a": "bca", "b": "aab", "c": "bcaa"} m=1 gates+2 gates-2 polys=508 infeasible-exact
4215 {"a": "bca", "b": "abca", "c": "aac"} m=1 gates+2 gates-2 polys=1418 infeasible-exact
4216 {"a": "bca", "b": "abca", "c": "caa"} m=1 gates+3 gates-1 polys=311 infeasible-exact
4217 {"a": "bca", "b": "acab", "c": "aca"} m=1 gates+2 gates-2 polys=408 infeasible-exact
4218 {"a": "bcb", "b": "abcb", "c": "bc"} m=1 gates+2 gates-2 polys=528 infeasible-exact
4219 {"a": "bcb", "b": "abcb", "c": "cb"} m=1 gates+3 gates-1 polys=308 infeasible-exact
4220 {"a": "bcb", "b": "acbb", "c": "bc"} m=1 gates+2 gates-2 polys=1048 infeasible-exact
4221 {"a": "bcb", "b": "acbb", "c": "cb"} m=1 gates+3 gates-1 polys=296 infeasible-exact
4222 {"a": "bcb", "b": "accb", "c": "acc"} m=1 gates+2 gates-2 polys=656 infeasible-exact
4223 {"a": "bcb", "b": "babc", "c": "cb"} m=1 gates+2 gates-2 polys=509 infeasible-exact
4224 {"a": "bcb", "b": "bbac", "c": "cb"} m=1 gates+2 gates-2 polys=1147 infeasible-exact
4225 {"a": "bcb", "b": "bbca", "c": "bc"} m=1 gates+1 gates-3 polys=296 infeasible-exact
4226 {"a": "bcb", "b": "bbca", "c": "cb"} m=1 gates+2 gates-2 polys=1048 infeasible-exact
4227 {"a": "bcb", "b": "bcba", "c": "bc"} m=1 gates+1 gates-3 polys=308 infeasible-exact
4228 {"a": "bcb", "b": "bcba", "c": "cb"} m=1 gates+2 gates-2 polys=528 infeasible-exact
4229 {"a": "bcb", "b": "bcca", "c": "cca"} m=1 gates+2 gates-2 polys=656 infeasible-exact
4230 {"a": "bcb", "b": "cabb", "c": "bc"} m=1 gates+2 gates-2 polys=1147 infeasible-exact
4231 {"a": "bcb", "b": "cbab", "c": "bc"} m=1 gates+2 gates-2 polys=509 infeasible-exact
4232 {"a": "bcc", "b": "bc", "c": "cacb"} m=1 gates+2 gates-2 polys=1705 infeasible-exact
4233 {"a": "bcc", "b": "bc", "c": "cbca"} m=1 gates+2 gates-2 polys=1705 infeasible-exact
4234 {"a": "bcc", "b": "bc", "c": "ccab"} m=1 gates+2 gates-2 polys=1026 infeasible-exact
4235 {"a": "bcc", "b": "bc", "c": "ccba"} m=1 gates+2 gates-2 polys=2361 infeasible-exact
4236 {"a": "bcc", "b": "abb", "c": "abbc"} m=1 gates+2 gates-2 polys=655 infeasible-exact
4237 {"a": "bcc", "b": "abb", "c": "cabb"} m=1 gates+3 gates-1 polys=287 infeasible-exact
4238 {"a": "bcc", "b": "bba", "c": "cbba"} m=1 gates+2 gates-2 polys=605 infeasible-exact
4239 {"a": "caa", "b": "ca", "c": "aabc"} m=1 gates+2 gates-2 polys=672 infeasible-exact
4240 {"a": "caa", "b": "ca", "c": "abac"} m=1 gates+2 gates-2 polys=993 infeasible-exact
4241 {"a": "caa", "b": "ca", "c": "baac"} m=1 gates+2 gates-2 polys=1217 infeasible-exact
4242 {"a": "caa", "b": "aab", "c": "aaab"} m=1 gates+2 gates-2 polys=1765 infeasible-exact
4243 {"a": "caa", "b": "aab", "c": "aaba"} m=1 gates+2 gates-2 polys=1865 infeasible-exact
4244 {"a": "caa", "b": "baa", "c": "abaa"} m=1 gates+3 gates-1 polys=315 infeasible-exact
4245 {"a": "caa", "b": "bcaa", "c": "abb"} m=1 gates+3 gates-1 polys=287 infeasible-exact
4246 {"a": "caa", "b": "caab", "c": "abb"} m=1 gates+2 gates-2 polys=655 infeasible-exact
4247 {"a": "caa", "b": "caab", "c": "bab"} m=1 gates+2 gates-2 polys=656 infeasible-exact
4248 {"a": "caa", "b": "caab", "c": "bba"} m=1 gates+2 gates-2 polys=605 infeasible-exact
4249 {"a": "cab", "b": "ca", "c": "bcca"} m=1 gates+2 gates-2 polys=448 infeasible-exact
4250 {"a": "cab", "b": "ca", "c": "cabc"} m=1 gates+1 gates-3 polys=302 infeasible-exact
4251 {"a": "cab", "b": "aab", "c": "aabc"} m=1 gates+2 gates-2 polys=1136 infeasible-exact
4252 {"a": "cab", "b": "aba", "c": "acab"} m=1 gates+2 gates-2 polys=493 infeasible-exact
4253 {"a": "cab", "b": "baa", "c": "caba"} m=1 gates+2 gates-2 polys=1308 infeasible-exact
4254 {"a": "cab", "b": "abbc", "c": "ab"} m=1 gates+2 gates-2 polys=448 infeasible-exact
4255 {"a": "cab", "b": "acab", "c": "aac"} m=1 gates+2 gates-2 polys=1308 infeasible-exact
4256 {"a": "cab", "b": "bcaa", "c": "caa"} m=1 gates+2 gates-2 polys=1136 infeasible-exact
4257 {"a": "cab", "b": "bcab", "c": "ab"} m=1 gates+3 gates-1 polys=302 infeasible-exact
4258 {"a": "cab", "b": "caba", "c": "aca"} m=1 gates+2 gates-2 polys=493 infeasible-exact
4259 {"a": "cac", "b": "ab", "c": "abac"} m=1 gates+2 gates-2 polys=376 infeasible-exact
4260 {"a": "cac", "b": "ba", "c": "caba"} m=1 gates+2 gates-2 polys=376 infeasible-exact
4261 {"a": "cac", "b": "acbc", "c": "acb"} m=1 gates+2 gates-2 polys=493 infeasible-exact
4262 {"a": "cac", "b": "bcac", "c": "cab"} m=1 gates+2 gates-2 polys=408 infeasible-exact
4263 {"a": "cac", "b": "cacb", "c": "bac"} m=1 gates+2 gates-2 polys=408 infeasible-exact
4264 {"a": "cac", "b": "cbca", "c": "bca"} m=1 gates+2 gates-2 polys=493 infeasible-exact
4265 {"a": "cba", "b": "aab", "c": "acba"} m=1 gates+2 gates-2 polys=1418 infeasible-exact
4266 {"a": "cba", "b": "aba", "c": "abac"} m=1 gates+2 gates-2 polys=408 infeasible-exact
4267 {"a": "cba", "b": "baa", "c": "acba"} m=1 gates+3 gates-1 polys=311 infeasible-exact
4268 {"a": "cba", "b": "abcb", "c": "ab"} m=1 gates+2 gates-2 polys=690 infeasible-exact
4269 {"a": "cba", "b": "acba", "c": "aac"} m=1 gates+2 gates-2 polys=490 infeasible-exact
4270 {"a": "cba", "b": "bcba", "c": "ab"} m=1 gates+3 gates-1 polys=278 infeasible-exact
4271 {"a": "cba", "b": "cbaa", "c": "aac"} m=1 gates+2 gates-2 polys=508 infeasible-exact
4272 {"a": "cba", "b": "cbab", "c": "ab"} m=1 gates+2 gates-2 polys=649 infeasible-exact
4273 {"a": "cba", "b": "cbab", "c": "ba"} m=1 gates+2 gates-2 polys=344 infeasible-exact
4274 {"a": "cbb", "b": "accb", "c": "acc"} m=1 gates+2 gates-2 polys=655 infeasible-exact
4275 {"a": "cbb", "b": "babc", "c": "cb"} m=1 gates+2 gates-2 polys=1705 infeasible-exact
4276 {"a": "cbb", "b": "bacc", "c": "acc"} m=1 gates+3 gates-1 polys=287 infeasible-exact
4277 {"a": "cbb", "b": "bbac", "c": "cb"} m=1 gates+2 gates-2 polys=1026 infeasible-exact
4278 {"a": "cbb", "b": "bbca", "c": "cb"} m=1 gates+2 gates-2 polys=2361 infeasible-exact
4279 {"a": "cbb", "b": "bcba", "c": "cb"} m=1 gates+2 gates-2 polys=1705 infeasible-exact
4280 {"a": "cbb", "b": "bcca", "c": "cca"} m=1 gates+2 gates-2 polys=605 infeasible-exact
4281 {"a": "cbc", "b": "bc", "c": "abcc"} m=1 gates+3 gates-1 polys=296 infeasible-exact
4282 {"a": "cbc", "b": "bc", "c": "acbc"} m=1 gates+3 gates-1 polys=308 infeasible-exact
4283 {"a": "cbc", "b": "bc", "c": "cacb"} m=1 gates+2 gates-2 polys=509 infeasible-exact
4284 {"a": "cbc", "b": "bc", "c": "cbca"} m=1 gates+2 gates-2 polys=528 infeasible-exact
4285 {"a": "cbc", "b": "bc", "c": "ccab"} m=1 gates+2 gates-2 polys=1147 infeasible-exact
4286 {"a": "cbc", "b": "bc", "c": "ccba"} m=1 gates+2 gates-2 polys=1048 infeasible-exact
4287 {"a": "cbc", "b": "cb", "c": "abcc"} m=1 gates+2 gates-2 polys=1048 infeasible-exact
4288 {"a": "cbc", "b": "cb", "c": "acbc"} m=1 gates+2 gates-2 polys=528 infeasible-exact
4289 {"a": "cbc", "b": "cb", "c": "bacc"} m=1 gates+2 gates-2 polys=1147 infeasible-exact
4290 {"a": "cbc", "b": "cb", "c": "bcac"} m=1 gates+2 gates-2 polys=509 infeasible-exact
4291 {"a": "cbc", "b": "cb", "c": "cbca"} m=1 gates+1 gates-3 polys=308 infeasible-exact
4292 {"a": "cbc", "b": "cb", "c": "ccba"} m=1 gates+1 gates-3 polys=296 infeasible-exact
4293 {"a": "cbc", "b": "abb", "c": "abbc"} m=1 gates+2 gates-2 polys=656 infeasible-exact
4294 {"a": "cbc", "b": "bba", "c": "cbba"} m=1 gates+2 gates-2 polys=656 infeasible-exact
4295 {"a": "cca", "b": "ab", "c": "abca"} m=1 gates+2 gates-2 polys=686 infeasible-exact
4296 {"a": "cca", "b": "abcc", "c": "abc"} m=1 gates+2 gates-2 polys=508 infeasible-exact
4297 {"a": "cca", "b": "cabc", "c": "abc"} m=1 gates+2 gates-2 polys=490 infeasible-exact
4298 {"a": "cca", "b": "cabc", "c": "cab"} m=1 gates+1 gates-3 polys=311 infeasible-exact
4299 {"a": "cca", "b": "cacb", "c": "acb"} m=1 gates+2 gates-2 polys=1308 infeasible-exact
stats m=1 [4200,4300) {"infeasible-exact": 100} time 19.7
4300 {"a": "cca", "b": "cbac", "c": "bac"} m=1 gates+2 gates-2 polys=1418 infeasible-exact
4301 {"a": "cca", "b": "ccab", "c": "bca"} m=1 gates+2 gates-2 polys=1136 infeasible-exact
4302 {"a": "cca", "b": "ccac", "c": "bcc"} m=1 gates+2 gates-2 polys=1865 infeasible-exact
4303 {"a": "cca", "b": "ccac", "c": "ccb"} m=1 gates+1 gates-3 polys=315 infeasible-exact
4304 {"a": "cca", "b": "ccca", "c": "bcc"} m=1 gates+2 gates-2 polys=1765 infeasible-exact
4305 {"a": "ccb", "b": "cb", "c": "abcc"} m=1 gates+2 gates-2 polys=2361 infeasible-exact
4306 {"a": "ccb", "b": "cb", "c": "acbc"} m=1 gates+2 gates-2 polys=1705 infeasible-exact
4307 {"a": "ccb", "b": "cb", "c": "bacc"} m=1 gates+2 gates-2 polys=1026 infeasible-exact
4308 {"a": "ccb", "b": "cb", "c": "bcac"} m=1 gates+2 gates-2 polys=1705 infeasible-exact
4309 {"a": "ccb", "b": "abb", "c": "abbc"} m=1 gates+2 gates-2 polys=605 infeasible-exact
4310 {"a": "ccb", "b": "bba", "c": "bbac"} m=1 gates+1 gates-3 polys=287 infeasible-exact
4311 {"a": "ccb", "b": "bba", "c": "cbba"} m=1 gates+2 gates-2 polys=655 infeasible-exact
4312 {"a": "aabc", "b": "ab", "c": "aba"} m=1 gates+1 gates-3 polys=296 infeasible-exact
4313 {"a": "aabc", "b": "ba", "c": "aba"} m=1 gates+2 gates-2 polys=1048 infeasible-exact
4314 {"a": "aabc", "b": "ba", "c": "baa"} m=1 gates+2 gates-2 polys=2361 infeasible-exact
4315 {"a": "aabc", "b": "aca", "c": "ca"} m=1 gates+2 gates-2 polys=1147 infeasible-exact
4316 {"a": "aabc", "b": "caa", "c": "ca"} m=1 gates+2 gates-2 polys=1026 infeasible-exact
4317 {"a": "aacb", "b": "ba", "c": "aba"} m=1 gates+2 gates-2 polys=1147 infeasible-exact
4318 {"a": "aacb", "b": "ba", "c": "baa"} m=1 gates+2 gates-2 polys=1026 infeasible-exact
4319 {"a": "aacb", "b": "aca", "c": "ac"} m=1 gates+1 gates-3 polys=296 infeasible-exact
4320 {"a": "aacb", "b": "aca", "c": "ca"} m=1 gates+2 gates-2 polys=1048 infeasible-exact
4321 {"a": "aacb", "b": "caa", "c": "ca"} m=1 gates+2 gates-2 polys=2361 infeasible-exact
4322 {"a": "abac", "b": "ab", "c": "aba"} m=1 gates+1 gates-3 polys=308 infeasible-exact
4323 {"a": "abac", "b": "ac", "c": "cab"} m=1 gates+2 gates-2 polys=690 infeasible-exact
4324 {"a": "abac", "b": "ba", "c": "aba"} m=1 gates+2 gates-2 polys=528 infeasible-exact
4325 {"a": "abac", "b": "ba", "c": "baa"} m=1 gates+2 gates-2 polys=1705 infeasible-exact
4326 {"a": "abac", "b": "ca", "c": "bac"} m=1 gates+3 gates-1 polys=278 infeasible-exact
4327 {"a": "abac", "b": "aca", "c": "ca"} m=1 gates+2 gates-2 polys=509 infeasible-exact
4328 {"a": "abac", "b": "bac", "c": "ab"} m=1 gates+2 gates-2 polys=649 infeasible-exact
4329 {"a": "abac", "b": "bac", "c": "ba"} m=1 gates+2 gates-2 polys=344 infeasible-exact
4330 {"a": "abac", "b": "caa", "c": "ca"} m=1 gates+2 gates-2 polys=1705 infeasible-exact
4331 {"a": "abbc", "b": "bba", "c": "ba"} m=1 gates+2 gates-2 polys=1217 infeasible-exact
4332 {"a": "abbc", "b": "bbc", "c": "aab"} m=1 gates+2 gates-2 polys=655 infeasible-exact
4333 {"a": "abbc", "b": "bbc", "c": "aba"} m=1 gates+2 gates-2 polys=656 infeasible-exact
4334 {"a": "abbc", "b": "bbc", "c": "baa"} m=1 gates+2 gates-2 polys=605 infeasible-exact
4335 {"a": "abca", "b": "ca", "c": "bca"} m=1 gates+3 gates-1 polys=302 infeasible-exact
4336 {"a": "abca", "b": "abc", "c": "ab"} m=1 gates+1 gates-3 polys=302 infeasible-exact
4337 {"a": "abcb", "b": "aba", "c": "cb"} m=1 gates+2 gates-2 polys=376 infeasible-exact
4338 {"a": "abcb", "b": "abc", "c": "cbb"} m=1 gates+2 gates-2 polys=1308 infeasible-exact
4339 {"a": "abcb", "b": "bba", "c": "ba"} m=1 gates+2 gates-2 polys=993 infeasible-exact
4340 {"a": "abcb", "b": "bca", "c": "bcb"} m=1 gates+2 gates-2 polys=408 infeasible-exact
4341 {"a": "abcc", "b": "ca", "c": "cca"} m=1 gates+2 gates-2 polys=672 infeasible-exact
4342 {"a": "abcc", "b": "bcc", "c": "bca"} m=1 gates+2 gates-2 polys=1136 infeasible-exact
4343 {"a": "abcc", "b": "caa", "c": "bcc"} m=1 gates+3 gates-1 polys=287 infeasible-exact
4344 {"a": "acab", "b": "ac", "c": "cab"} m=1 gates+2 gates-2 polys=649 infeasible-exact
4345 {"a": "acab", "b": "ba", "c": "aba"} m=1 gates+2 gates-2 polys=509 infeasible-exact
4346 {"a": "acab", "b": "ba", "c": "baa"} m=1 gates+2 gates-2 polys=1705 infeasible-exact
4347 {"a": "acab", "b": "ca", "c": "cab"} m=1 gates+2 gates-2 polys=344 infeasible-exact
4348 {"a": "acab", "b": "aca", "c": "ac"} m=1 gates+1 gates-3 polys=308 infeasible-exact
4349 {"a": "acab", "b": "aca", "c": "ca"} m=1 gates+2 gates-2 polys=528 infeasible-exact
4350 {"a": "acab", "b": "bac", "c": "ab"} m=1 gates+2 gates-2 polys=690 infeasible-exact
4351 {"a": "acab", "b": "caa", "c": "ca"} m=1 gates+2 gates-2 polys=1705 infeasible-exact
4352 {"a": "acab", "b": "cab", "c": "ba"} m=1 gates+3 gates-1 polys=278 infeasible-exact
4353 {"a": "acba", "b": "ac", "c": "acb"} m=1 gates+1 gates-3 polys=302 infeasible-exact
4354 {"a": "acba", "b": "cba", "c": "ba"} m=1 gates+3 gates-1 polys=302 infeasible-exact
4355 {"a": "acbb", "b": "bba", "c": "ba"} m=1 gates+2 gates-2 polys=672 infeasible-exact
4356 {"a": "acbb", "b": "cba", "c": "cbb"} m=1 gates+2 gates-2 polys=1136 infeasible-exact
4357 {"a": "acbb", "b": "cbb", "c": "baa"} m=1 gates+3 gates-1 polys=287 infeasible-exact
4358 {"a": "acbc", "b": "bc", "c": "aca"} m=1 gates+2 gates-2 polys=376 infeasible-exact
4359 {"a": "acbc", "b": "ca", "c": "cca"} m=1 gates+2 gates-2 polys=993 infeasible-exact
4360 {"a": "acbc", "b": "bcc", "c": "acb"} m=1 gates+2 gates-2 polys=1308 infeasible-exact
4361 {"a": "acbc", "b": "cbc", "c": "cba"} m=1 gates+2 gates-2 polys=408 infeasible-exact
4362 {"a": "accb", "b": "ca", "c": "cca"} m=1 gates+2 gates-2 polys=1217 infeasible-exact
4363 {"a": "accb", "b": "aac", "c": "ccb"} m=1 gates+2 gates-2 polys=655 infeasible-exact
4364 {"a": "accb", "b": "aca", "c": "ccb"} m=1 gates+2 gates-2 polys=656 infeasible-exact
4365 {"a": "accb", "b": "caa", "c": "ccb"} m=1 gates+2 gates-2 polys=605 infeasible-exact
4366 {"a": "baac", "b": "ac", "c": "acb"} m=1 gates+2 gates-2 polys=448 infeasible-exact
4367 {"a": "baac", "b": "cba", "c": "ba"} m=1 gates+2 gates-2 polys=448 infeasible-exact
4368 {"a": "babc", "b": "abc", "c": "bcb"} m=1 gates+2 gates-2 polys=493 infeasible-exact
4369 {"a": "babc", "b": "bab", "c": "ba"} m=1 gates+1 gates-3 polys=308 infeasible-exact
4370 {"a": "baca", "b": "ab", "c": "aab"} m=1 gates+2 gates-2 polys=1705 infeasible-exact
4371 {"a": "baca", "b": "ab", "c": "aba"} m=1 gates+2 gates-2 polys=509 infeasible-exact
4372 {"a": "baca", "b": "ac", "c": "bac"} m=1 gates+2 gates-2 polys=344 infeasible-exact
4373 {"a": "baca", "b": "ca", "c": "bac"} m=1 gates+2 gates-2 polys=649 infeasible-exact
4374 {"a": "baca", "b": "aac", "c": "ac"} m=1 gates+2 gates-2 polys=1705 infeasible-exact
4375 {"a": "baca", "b": "aca", "c": "ac"} m=1 gates+2 gates-2 polys=528 infeasible-exact
4376 {"a": "baca", "b": "aca", "c": "ca"} m=1 gates+3 gates-1 polys=308 infeasible-exact
4377 {"a": "baca", "b": "bac", "c": "ab"} m=1 gates+1 gates-3 polys=278 infeasible-exact
4378 {"a": "baca", "b": "cab", "c": "ba"} m=1 gates+2 gates-2 polys=690 infeasible-exact
4379 {"a": "bacb", "b": "acb", "c": "bbc"} m=1 gates+2 gates-2 polys=1418 infeasible-exact
4380 {"a": "bacb", "b": "acb", "c": "cbb"} m=1 gates+3 gates-1 polys=311 infeasible-exact
4381 {"a": "bacb", "b": "baa", "c": "cb"} m=1 gates+2 gates-2 polys=686 infeasible-exact
4382 {"a": "bacb", "b": "bac", "c": "cbb"} m=1 gates+2 gates-2 polys=490 infeasible-exact
4383 {"a": "bacc", "b": "ac", "c": "cac"} m=1 gates+3 gates-1 polys=296 infeasible-exact
4384 {"a": "bacc", "b": "ccb", "c": "bac"} m=1 gates+2 gates-2 polys=508 infeasible-exact
4385 {"a": "bbac", "b": "bab", "c": "ba"} m=1 gates+1 gates-3 polys=296 infeasible-exact
4386 {"a": "bbac", "b": "bac", "c": "cbb"} m=1 gates+2 gates-2 polys=508 infeasible-exact
4387 {"a": "bbbc", "b": "abb", "c": "bbc"} m=1 gates+2 gates-2 polys=1765 infeasible-exact
4388 {"a": "bbca", "b": "abb", "c": "ab"} m=1 gates+2 gates-2 polys=672 infeasible-exact
4389 {"a": "bbca", "b": "abc", "c": "bbc"} m=1 gates+2 gates-2 polys=1136 infeasible-exact
4390 {"a": "bbca", "b": "bbc", "c": "aab"} m=1 gates+1 gates-3 polys=287 infeasible-exact
4391 {"a": "bbcb", "b": "abb", "c": "bbc"} m=1 gates+2 gates-2 polys=1865 infeasible-exact
4392 {"a": "bbcb", "b": "bba", "c": "bbc"} m=1 gates+1 gates-3 polys=315 infeasible-exact
4393 {"a": "bcaa", "b": "ab", "c": "aab"} m=1 gates+2 gates-2 polys=1026 infeasible-exact
4394 {"a": "bcaa", "b": "ab", "c": "aba"} m=1 gates+2 gates-2 polys=1147 infeasible-exact
4395 {"a": "bcaa", "b": "aac", "c": "ac"} m=1 gates+2 gates-2 polys=2361 infeasible-exact
4396 {"a": "bcaa", "b": "aca", "c": "ac"} m=1 gates+2 gates-2 polys=1048 infeasible-exact
4397 {"a": "bcaa", "b": "aca", "c": "ca"} m=1 gates+3 gates-1 polys=296 infeasible-exact
4398 {"a": "bcab", "b": "aab", "c": "bc"} m=1 gates+2 gates-2 polys=686 infeasible-exact
4399 {"a": "bcab", "b": "bca", "c": "bbc"} m=1 gates+1 gates-3 polys=311 infeasible-exact
stats m=1 [4300,4400) {"infeasible-exact": 100} time 24.0
4400 {"a": "bcab", "b": "bca", "c": "cbb"} m=1 gates+2 gates-2 polys=1418 infeasible-exact
4401 {"a": "bcab", "b": "cab", "c": "bbc"} m=1 gates+2 gates-2 polys=490 infeasible-exact
4402 {"a": "bcac", "b": "ac", "c": "cac"} m=1 gates+3 gates-1 polys=308 infeasible-exact
4403 {"a": "bcac", "b": "cbc", "c": "bca"} m=1 gates+2 gates-2 polys=493 infeasible-exact
4404 {"a": "bcba", "b": "aba", "c": "bc"} m=1 gates+2 gates-2 polys=376 infeasible-exact
4405 {"a": "bcba", "b": "abb", "c": "ab"} m=1 gates+2 gates-2 polys=993 infeasible-exact
4406 {"a": "bcba", "b": "acb", "c": "bcb"} m=1 gates+2 gates-2 polys=408 infeasible-exact
4407 {"a": "bcba", "b": "cba", "c": "bbc"} m=1 gates+2 gates-2 polys=1308 infeasible-exact
4408 {"a": "bcbb", "b": "abb", "c": "cbb"} m=1 gates+3 gates-1 polys=315 infeasible-exact
4409 {"a": "bcbb", "b": "bba", "c": "cbb"} m=1 gates+2 gates-2 polys=1865 infeasible-exact
4410 {"a": "bcca", "b": "ac", "c": "acc"} m=1 gates+2 gates-2 polys=1217 infeasible-exact
4411 {"a": "bcca", "b": "aac", "c": "bcc"} m=1 gates+2 gates-2 polys=605 infeasible-exact
4412 {"a": "bcca", "b": "aca", "c": "bcc"} m=1 gates+2 gates-2 polys=656 infeasible-exact
4413 {"a": "bcca", "b": "caa", "c": "bcc"} m=1 gates+2 gates-2 polys=655 infeasible-exact
4414 {"a": "bccc", "b": "bcc", "c": "cca"} m=1 gates+2 gates-2 polys=1765 infeasible-exact
4415 {"a": "caab", "b": "ca", "c": "bca"} m=1 gates+2 gates-2 polys=448 infeasible-exact
4416 {"a": "caab", "b": "abc", "c": "ab"} m=1 gates+2 gates-2 polys=448 infeasible-exact
4417 {"a": "caba", "b": "ab", "c": "aab"} m=1 gates+2 gates-2 polys=1705 infeasible-exact
4418 {"a": "caba", "b": "ab", "c": "aba"} m=1 gates+2 gates-2 polys=528 infeasible-exact
4419 {"a": "caba", "b": "ac", "c": "cab"} m=1 gates+1 gates-3 polys=278 infeasible-exact
4420 {"a": "caba", "b": "ba", "c": "aba"} m=1 gates+3 gates-1 polys=308 infeasible-exact
4421 {"a": "caba", "b": "ca", "c": "bac"} m=1 gates+2 gates-2 polys=690 infeasible-exact
4422 {"a": "caba", "b": "aac", "c": "ac"} m=1 gates+2 gates-2 polys=1705 infeasible-exact
4423 {"a": "caba", "b": "aca", "c": "ac"} m=1 gates+2 gates-2 polys=509 infeasible-exact
4424 {"a": "caba", "b": "cab", "c": "ab"} m=1 gates+2 gates-2 polys=344 infeasible-exact
4425 {"a": "caba", "b": "cab", "c": "ba"} m=1 gates+2 gates-2 polys=649 infeasible-exact
4426 {"a": "cabb", "b": "bab", "c": "ab"} m=1 gates+3 gates-1 polys=296 infeasible-exact
4427 {"a": "cabb", "b": "cab", "c": "bbc"} m=1 gates+2 gates-2 polys=508 infeasible-exact
4428 {"a": "cabc", "b": "bc", "c": "caa"} m=1 gates+2 gates-2 polys=686 infeasible-exact
4429 {"a": "cabc", "b": "bcc", "c": "abc"} m=1 gates+3 gates-1 polys=311 infeasible-exact
4430 {"a": "cabc", "b": "bcc", "c": "cab"} m=1 gates+2 gates-2 polys=490 infeasible-exact
4431 {"a": "cabc", "b": "ccb", "c": "abc"} m=1 gates+2 gates-2 polys=1418 infeasible-exact
4432 {"a": "cacb", "b": "ca", "c": "cac"} m=1 gates+1 gates-3 polys=308 infeasible-exact
4433 {"a": "cacb", "b": "cbc", "c": "acb"} m=1 gates+2 gates-2 polys=493 infeasible-exact
4434 {"a": "cbaa", "b": "ab", "c": "aab"} m=1 gates+2 gates-2 polys=2361 infeasible-exact
4435 {"a": "cbaa", "b": "ab", "c": "aba"} m=1 gates+2 gates-2 polys=1048 infeasible-exact
4436 {"a": "cbaa", "b": "ba", "c": "aba"} m=1 gates+3 gates-1 polys=296 infeasible-exact
4437 {"a": "cbaa", "b": "aac", "c": "ac"} m=1 gates+2 gates-2 polys=1026 infeasible-exact
4438 {"a": "cbaa", "b": "aca", "c": "ac"} m=1 gates+2 gates-2 polys=1147 infeasible-exact
4439 {"a": "cbab", "b": "bab", "c": "ab"} m=1 gates+3 gates-1 polys=308 infeasible-exact
4440 {"a": "cbab", "b": "cba", "c": "bcb"} m=1 gates+2 gates-2 polys=493 infeasible-exact
4441 {"a": "cbac", "b": "cb", "c": "aac"} m=1 gates+2 gates-2 polys=686 infeasible-exact
4442 {"a": "cbac", "b": "bcc", "c": "cba"} m=1 gates+2 gates-2 polys=1418 infeasible-exact
4443 {"a": "cbac", "b": "ccb", "c": "bac"} m=1 gates+2 gates-2 polys=490 infeasible-exact
4444 {"a": "cbac", "b": "ccb", "c": "cba"} m=1 gates+1 gates-3 polys=311 infeasible-exact
4445 {"a": "cbba", "b": "abb", "c": "ab"} m=1 gates+2 gates-2 polys=1217 infeasible-exact
4446 {"a": "cbba", "b": "cbb", "c": "aab"} m=1 gates+2 gates-2 polys=605 infeasible-exact
4447 {"a": "cbba", "b": "cbb", "c": "aba"} m=1 gates+2 gates-2 polys=656 infeasible-exact
4448 {"a": "cbba", "b": "cbb", "c": "baa"} m=1 gates+2 gates-2 polys=655 infeasible-exact
4449 {"a": "cbbb", "b": "bba", "c": "cbb"} m=1 gates+2 gates-2 polys=1765 infeasible-exact
4450 {"a": "cbca", "b": "ac", "c": "acc"} m=1 gates+2 gates-2 polys=993 infeasible-exact
4451 {"a": "cbca", "b": "cb", "c": "aca"} m=1 gates+2 gates-2 polys=376 infeasible-exact
4452 {"a": "cbca", "b": "cbc", "c": "abc"} m=1 gates+2 gates-2 polys=408 infeasible-exact
4453 {"a": "cbca", "b": "ccb", "c": "bca"} m=1 gates+2 gates-2 polys=1308 infeasible-exact
4454 {"a": "cbcc", "b": "bcc", "c": "acc"} m=1 gates+3 gates-1 polys=315 infeasible-exact
4455 {"a": "cbcc", "b": "bcc", "c": "cca"} m=1 gates+2 gates-2 polys=1865 infeasible-exact
4456 {"a": "ccab", "b": "ca", "c": "cac"} m=1 gates+1 gates-3 polys=296 infeasible-exact
4457 {"a": "ccab", "b": "bcc", "c": "cab"} m=1 gates+2 gates-2 polys=508 infeasible-exact
4458 {"a": "ccba", "b": "ac", "c": "acc"} m=1 gates+2 gates-2 polys=672 infeasible-exact
4459 {"a": "ccba", "b": "aac", "c": "ccb"} m=1 gates+1 gates-3 polys=287 infeasible-exact
4460 {"a": "ccba", "b": "ccb", "c": "acb"} m=1 gates+2 gates-2 polys=1136 infeasible-exact
4461 {"a": "ccbc", "b": "ccb", "c": "acc"} m=1 gates+2 gates-2 polys=1865 infeasible-exact
4462 {"a": "ccbc", "b": "ccb", "c": "cca"} m=1 gates+1 gates-3 polys=315 infeasible-exact
4463 {"a": "cccb", "b": "ccb", "c": "acc"} m=1 gates+2 gates-2 polys=1765 infeasible-exact
4464 {"a": "bc", "b": "aca", "c": "bcca"} m=1 gates+2 gates-2 polys=531 infeasible-exact
4465 {"a": "bc", "b": "aca", "c": "cabc"} m=1 gates+3 gates-1 polys=298 infeasible-exact
4466 {"a": "bc", "b": "bcb", "c": "bbba"} m=1 gates+1 gates-3 polys=294 infeasible-exact
4467 {"a": "bc", "b": "caa", "c": "bcca"} m=1 gates+2 gates-2 polys=446 infeasible-exact
4468 {"a": "bc", "b": "abbc", "c": "aab"} m=1 gates+2 gates-2 polys=446 infeasible-exact
4469 {"a": "bc", "b": "abbc", "c": "aba"} m=1 gates+2 gates-2 polys=531 infeasible-exact
4470 {"a": "bc", "b": "accc", "c": "cbc"} m=1 gates+3 gates-1 polys=294 infeasible-exact
4471 {"a": "bc", "b": "bcab", "c": "aba"} m=1 gates+1 gates-3 polys=298 infeasible-exact
4472 {"a": "cb", "b": "aac", "c": "accb"} m=1 gates+2 gates-2 polys=446 infeasible-exact
4473 {"a": "cb", "b": "aca", "c": "accb"} m=1 gates+2 gates-2 polys=531 infeasible-exact
4474 {"a": "cb", "b": "aca", "c": "cbac"} m=1 gates+1 gates-3 polys=298 infeasible-exact
4475 {"a": "cb", "b": "bcb", "c": "abbb"} m=1 gates+3 gates-1 polys=294 infeasible-exact
4476 {"a": "cb", "b": "bacb", "c": "aba"} m=1 gates+3 gates-1 polys=298 infeasible-exact
4477 {"a": "cb", "b": "cbba", "c": "aba"} m=1 gates+2 gates-2 polys=531 infeasible-exact
4478 {"a": "cb", "b": "cbba", "c": "baa"} m=1 gates+2 gates-2 polys=446 infeasible-exact
4479 {"a": "cb", "b": "ccca", "c": "cbc"} m=1 gates+1 gates-3 polys=294 infeasible-exact
4480 {"a": "aba", "b": "aaac", "c": "ab"} m=1 gates+1 gates-3 polys=294 infeasible-exact
4481 {"a": "aba", "b": "caaa", "c": "ba"} m=1 gates+3 gates-1 polys=294 infeasible-exact
4482 {"a": "abb", "b": "bac", "c": "abbb"} m=1 gates+2 gates-2 polys=4450 infeasible-exact
4483 {"a": "abb", "b": "bac", "c": "babb"} m=1 gates+2 gates-2 polys=2436 infeasible-exact
4484 {"a": "abb", "b": "bca", "c": "abbb"} m=1 gates+2 gates-2 polys=2404 infeasible-exact
4485 {"a": "abb", "b": "bca", "c": "babb"} m=1 gates+2 gates-2 polys=2370 infeasible-exact
4486 {"a": "abb", "b": "caa", "c": "caab"} m=1 gates+2 gates-2 polys=1290 infeasible-exact
4487 {"a": "abb", "b": "cab", "c": "babb"} m=1 gates+3 gates-1 polys=311 infeasible-exact
4488 {"a": "abc", "b": "aab", "c": "aaba"} m=1 gates+1 gates-3 polys=311 infeasible-exact
4489 {"a": "abc", "b": "baa", "c": "abaa"} m=1 gates+2 gates-2 polys=2436 infeasible-exact
4490 {"a": "abc", "b": "baa", "c": "baaa"} m=1 gates+2 gates-2 polys=4450 infeasible-exact
4491 {"a": "abc", "b": "acaa", "c": "caa"} m=1 gates+2 gates-2 polys=2370 infeasible-exact
4492 {"a": "abc", "b": "caaa", "c": "caa"} m=1 gates+2 gates-2 polys=2404 infeasible-exact
4493 {"a": "aca", "b": "ac", "c": "aaab"} m=1 gates+1 gates-3 polys=294 infeasible-exact
4494 {"a": "aca", "b": "ca", "c": "baaa"} m=1 gates+3 gates-1 polys=294 infeasible-exact
4495 {"a": "acb", "b": "baa", "c": "abaa"} m=1 gates+2 gates-2 polys=2370 infeasible-exact
4496 {"a": "acb", "b": "baa", "c": "baaa"} m=1 gates+2 gates-2 polys=2404 infeasible-exact
4497 {"a": "acb", "b": "aaca", "c": "aac"} m=1 gates+1 gates-3 polys=311 infeasible-exact
4498 {"a": "acb", "b": "acaa", "c": "caa"} m=1 gates+2 gates-2 polys=2436 infeasible-exact
4499 {"a": "acb", "b": "caaa", "c": "caa"} m=1 gates+2 gates-2 polys=4450 infeasible-exact
stats m=1 [4400,4500) {"infeasible-exact": 100} time 26.7
4500 {"a": "acc", "b": "accc", "c": "cab"} m=1 gates+2 gates-2 polys=4450 infeasible-exact
4501 {"a": "acc", "b": "accc", "c": "cba"} m=1 gates+2 gates-2 polys=2404 infeasible-exact
4502 {"a": "acc", "b": "baac", "c": "baa"} m=1 gates+2 gates-2 polys=1290 infeasible-exact
4503 {"a": "acc", "b": "cacc", "c": "bac"} m=1 gates+3 gates-1 polys=311 infeasible-exact
4504 {"a": "acc", "b": "cacc", "c": "cab"} m=1 gates+2 gates-2 polys=2436 infeasible-exact
4505 {"a": "acc", "b": "cacc", "c": "cba"} m=1 gates+2 gates-2 polys=2370 infeasible-exact
4506 {"a": "bab", "b": "aac", "c": "aacb"} m=1 gates+2 gates-2 polys=1207 infeasible-exact
4507 {"a": "bab", "b": "abc", "c": "babb"} m=1 gates+2 gates-2 polys=1901 infeasible-exact
4508 {"a": "bab", "b": "abc", "c": "bbab"} m=1 gates+2 gates-2 polys=1910 infeasible-exact
4509 {"a": "bab", "b": "aca", "c": "acab"} m=1 gates+2 gates-2 polys=473 infeasible-exact
4510 {"a": "bab", "b": "aca", "c": "baca"} m=1 gates+2 gates-2 polys=473 infeasible-exact
4511 {"a": "bab", "b": "caa", "c": "bcaa"} m=1 gates+2 gates-2 polys=1207 infeasible-exact
4512 {"a": "bab", "b": "cba", "c": "babb"} m=1 gates+2 gates-2 polys=1910 infeasible-exact
4513 {"a": "bab", "b": "cba", "c": "bbab"} m=1 gates+2 gates-2 polys=1901 infeasible-exact
4514 {"a": "bac", "b": "aba", "c": "aaba"} m=1 gates+2 gates-2 polys=1910 infeasible-exact
4515 {"a": "bac", "b": "aba", "c": "abaa"} m=1 gates+2 gates-2 polys=1901 infeasible-exact
4516 {"a": "bac", "b": "aaca", "c": "aca"} m=1 gates+2 gates-2 polys=1901 infeasible-exact
4517 {"a": "bac", "b": "acaa", "c": "aca"} m=1 gates+2 gates-2 polys=1910 infeasible-exact
4518 {"a": "bba", "b": "aac", "c": "baac"} m=1 gates+2 gates-2 polys=1290 infeasible-exact
4519 {"a": "bba", "b": "acb", "c": "bbab"} m=1 gates+2 gates-2 polys=2370 infeasible-exact
4520 {"a": "bba", "b": "acb", "c": "bbba"} m=1 gates+2 gates-2 polys=2404 infeasible-exact
4521 {"a": "bba", "b": "bac", "c": "bbab"} m=1 gates+1 gates-3 polys=311 infeasible-exact
4522 {"a": "bba", "b": "cab", "c": "bbab"} m=1 gates+2 gates-2 polys=2436 infeasible-exact
4523 {"a": "bba", "b": "cab", "c": "bbba"} m=1 gates+2 gates-2 polys=4450 infeasible-exact
4524 {"a": "bbc", "b": "ca", "c": "bcca"} m=1 gates+2 gates-2 polys=446 infeasible-exact
4525 {"a": "bbc", "b": "aab", "c": "abbc"} m=1 gates+2 gates-2 polys=1290 infeasible-exact
4526 {"a": "bbc", "b": "aba", "c": "bbca"} m=1 gates+2 gates-2 polys=1207 infeasible-exact
4527 {"a": "bca", "b": "aab", "c": "aaab"} m=1 gates+2 gates-2 polys=2404 infeasible-exact
4528 {"a": "bca", "b": "aab", "c": "aaba"} m=1 gates+2 gates-2 polys=2370 infeasible-exact
4529 {"a": "bca", "b": "aaac", "c": "aac"} m=1 gates+2 gates-2 polys=4450 infeasible-exact
4530 {"a": "bca", "b": "aaca", "c": "aac"} m=1 gates+2 gates-2 polys=2436 infeasible-exact
4531 {"a": "bca", "b": "acaa", "c": "caa"} m=1 gates+3 gates-1 polys=311 infeasible-exact
4532 {"a": "bcb", "b": "ac", "c": "accb"} m=1 gates+2 gates-2 polys=531 infeasible-exact
4533 {"a": "bcb", "b": "ac", "c": "cbac"} m=1 gates+3 gates-1 polys=298 infeasible-exact
4534 {"a": "bcb", "b": "ca", "c": "bcca"} m=1 gates+2 gates-2 polys=531 infeasible-exact
4535 {"a": "bcb", "b": "ca", "c": "cabc"} m=1 gates+1 gates-3 polys=298 infeasible-exact
4536 {"a": "bcb", "b": "aba", "c": "abcb"} m=1 gates+2 gates-2 polys=473 infeasible-exact
4537 {"a": "bcb", "b": "aba", "c": "bcba"} m=1 gates+2 gates-2 polys=473 infeasible-exact
4538 {"a": "bcc", "b": "abbc", "c": "ab"} m=1 gates+2 gates-2 polys=446 infeasible-exact
4539 {"a": "bcc", "b": "abcc", "c": "aca"} m=1 gates+2 gates-2 polys=1207 infeasible-exact
4540 {"a": "bcc", "b": "bcca", "c": "caa"} m=1 gates+2 gates-2 polys=1290 infeasible-exact
4541 {"a": "cab", "b": "aba", "c": "aaba"} m=1 gates+2 gates-2 polys=1901 infeasible-exact
4542 {"a": "cab", "b": "aba", "c": "abaa"} m=1 gates+2 gates-2 polys=1910 infeasible-exact
4543 {"a": "cab", "b": "aaca", "c": "aca"} m=1 gates+2 gates-2 polys=1910 infeasible-exact
4544 {"a": "cab", "b": "acaa", "c": "aca"} m=1 gates+2 gates-2 polys=1901 infeasible-exact
4545 {"a": "cac", "b": "aabc", "c": "aab"} m=1 gates+2 gates-2 polys=1207 infeasible-exact
4546 {"a": "cac", "b": "abac", "c": "aba"} m=1 gates+2 gates-2 polys=473 infeasible-exact
4547 {"a": "cac", "b": "caba", "c": "aba"} m=1 gates+2 gates-2 polys=473 infeasible-exact
4548 {"a": "cac", "b": "cacc", "c": "acb"} m=1 gates+2 gates-2 polys=1901 infeasible-exact
4549 {"a": "cac", "b": "cacc", "c": "bca"} m=1 gates+2 gates-2 polys=1910 infeasible-exact
4550 {"a": "cac", "b": "cbaa", "c": "baa"} m=1 gates+2 gates-2 polys=1207 infeasible-exact
4551 {"a": "cac", "b": "ccac", "c": "acb"} m=1 gates+2 gates-2 polys=1910 infeasible-exact
4552 {"a": "cac", "b": "ccac", "c": "bca"} m=1 gates+2 gates-2 polys=1901 infeasible-exact
4553 {"a": "cba", "b": "aab", "c": "aaab"} m=1 gates+2 gates-2 polys=4450 infeasible-exact
4554 {"a": "cba", "b": "aab", "c": "aaba"} m=1 gates+2 gates-2 polys=2436 infeasible-exact
4555 {"a": "cba", "b": "baa", "c": "abaa"} m=1 gates+3 gates-1 polys=311 infeasible-exact
4556 {"a": "cba", "b": "aaac", "c": "aac"} m=1 gates+2 gates-2 polys=2404 infeasible-exact
4557 {"a": "cba", "b": "aaca", "c": "aac"} m=1 gates+2 gates-2 polys=2370 infeasible-exact
4558 {"a": "cbb", "b": "ac", "c": "accb"} m=1 gates+2 gates-2 polys=446 infeasible-exact
4559 {"a": "cbb", "b": "aba", "c": "acbb"} m=1 gates+2 gates-2 polys=1207 infeasible-exact
4560 {"a": "cbb", "b": "baa", "c": "cbba"} m=1 gates+2 gates-2 polys=1290 infeasible-exact
4561 {"a": "cbc", "b": "abbc", "c": "ab"} m=1 gates+2 gates-2 polys=531 infeasible-exact
4562 {"a": "cbc", "b": "acbc", "c": "aca"} m=1 gates+2 gates-2 polys=473 infeasible-exact
4563 {"a": "cbc", "b": "bacb", "c": "ba"} m=1 gates+1 gates-3 polys=298 infeasible-exact
4564 {"a": "cbc", "b": "bcab", "c": "ab"} m=1 gates+3 gates-1 polys=298 infeasible-exact
4565 {"a": "cbc", "b": "cbba", "c": "ba"} m=1 gates+2 gates-2 polys=531 infeasible-exact
4566 {"a": "cbc", "b": "cbca", "c": "aca"} m=1 gates+2 gates-2 polys=473 infeasible-exact
4567 {"a": "cca", "b": "caab", "c": "aab"} m=1 gates+2 gates-2 polys=1290 infeasible-exact
4568 {"a": "cca", "b": "ccac", "c": "abc"} m=1 gates+2 gates-2 polys=2370 infeasible-exact
4569 {"a": "cca", "b": "ccac", "c": "bac"} m=1 gates+2 gates-2 polys=2436 infeasible-exact
4570 {"a": "cca", "b": "ccac", "c": "cab"} m=1 gates+1 gates-3 polys=311 infeasible-exact
4571 {"a": "cca", "b": "ccca", "c": "abc"} m=1 gates+2 gates-2 polys=2404 infeasible-exact
4572 {"a": "cca", "b": "ccca", "c": "bac"} m=1 gates+2 gates-2 polys=4450 infeasible-exact
4573 {"a": "ccb", "b": "accb", "c": "aac"} m=1 gates+2 gates-2 polys=1290 infeasible-exact
4574 {"a": "ccb", "b": "cbba", "c": "ba"} m=1 gates+2 gates-2 polys=446 infeasible-exact
4575 {"a": "ccb", "b": "ccba", "c": "aca"} m=1 gates+2 gates-2 polys=1207 infeasible-exact
4576 {"a": "abbc", "b": "bcc", "c": "abb"} m=1 gates+2 gates-2 polys=1290 infeasible-exact
4577 {"a": "abca", "b": "ca", "c": "bab"} m=1 gates+3 gates-1 polys=298 infeasible-exact
4578 {"a": "abca", "b": "cac", "c": "ab"} m=1 gates+1 gates-3 polys=298 infeasible-exact
4579 {"a": "acba", "b": "ac", "c": "bab"} m=1 gates+1 gates-3 polys=298 infeasible-exact
4580 {"a": "acba", "b": "cac", "c": "ba"} m=1 gates+3 gates-1 polys=298 infeasible-exact
4581 {"a": "accb", "b": "acc", "c": "cbb"} m=1 gates+2 gates-2 polys=1290 infeasible-exact
4582 {"a": "baac", "b": "ac", "c": "bab"} m=1 gates+2 gates-2 polys=531 infeasible-exact
4583 {"a": "baac", "b": "ac", "c": "bba"} m=1 gates+2 gates-2 polys=446 infeasible-exact
4584 {"a": "baac", "b": "acc", "c": "ba"} m=1 gates+2 gates-2 polys=446 infeasible-exact
4585 {"a": "baac", "b": "cac", "c": "ba"} m=1 gates+2 gates-2 polys=531 infeasible-exact
4586 {"a": "babc", "b": "cbc", "c": "bab"} m=1 gates+2 gates-2 polys=473 infeasible-exact
4587 {"a": "bacc", "b": "acc", "c": "bcb"} m=1 gates+2 gates-2 polys=1207 infeasible-exact
4588 {"a": "bbac", "b": "cbc", "c": "bba"} m=1 gates+2 gates-2 polys=1207 infeasible-exact
4589 {"a": "bbbc", "b": "acb", "c": "bbc"} m=1 gates+2 gates-2 polys=4450 infeasible-exact
4590 {"a": "bbbc", "b": "bab", "c": "ba"} m=1 gates+1 gates-3 polys=294 infeasible-exact
4591 {"a": "bbbc", "b": "cab", "c": "bbc"} m=1 gates+2 gates-2 polys=2404 infeasible-exact
4592 {"a": "bbcb", "b": "abc", "c": "bcb"} m=1 gates+2 gates-2 polys=1901 infeasible-exact
4593 {"a": "bbcb", "b": "acb", "c": "bbc"} m=1 gates+2 gates-2 polys=2436 infeasible-exact
4594 {"a": "bbcb", "b": "bca", "c": "bbc"} m=1 gates+1 gates-3 polys=311 infeasible-exact
4595 {"a": "bbcb", "b": "cab", "c": "bbc"} m=1 gates+2 gates-2 polys=2370 infeasible-exact
4596 {"a": "bbcb", "b": "cba", "c": "bcb"} m=1 gates+2 gates-2 polys=1910 infeasible-exact
4597 {"a": "bcac", "b": "cac", "c": "bcb"} m=1 gates+2 gates-2 polys=473 infeasible-exact
4598 {"a": "bcbb", "b": "abc", "c": "bcb"} m=1 gates+2 gates-2 polys=1910 infeasible-exact
4599 {"a": "bcbb", "b": "acb", "c": "cbb"} m=1 gates+3 gates-1 polys=311 infeasible-exact
stats m=1 [4500,4600) {"infeasible-exact": 100} time 34.7
4600 {"a": "bcbb", "b": "bac", "c": "cbb"} m=1 gates+2 gates-2 polys=2370 infeasible-exact
4601 {"a": "bcbb", "b": "bca", "c": "cbb"} m=1 gates+2 gates-2 polys=2436 infeasible-exact
4602 {"a": "bcbb", "b": "cba", "c": "bcb"} m=1 gates+2 gates-2 polys=1901 infeasible-exact
4603 {"a": "bcca", "b": "cca", "c": "bbc"} m=1 gates+2 gates-2 polys=1290 infeasible-exact
4604 {"a": "bccc", "b": "ac", "c": "cac"} m=1 gates+3 gates-1 polys=294 infeasible-exact
4605 {"a": "bccc", "b": "bcc", "c": "cab"} m=1 gates+2 gates-2 polys=2404 infeasible-exact
4606 {"a": "bccc", "b": "bcc", "c": "cba"} m=1 gates+2 gates-2 polys=4450 infeasible-exact
4607 {"a": "caab", "b": "ca", "c": "abb"} m=1 gates+2 gates-2 polys=446 infeasible-exact
4608 {"a": "caab", "b": "ca", "c": "bab"} m=1 gates+2 gates-2 polys=531 infeasible-exact
4609 {"a": "caab", "b": "cac", "c": "ab"} m=1 gates+2 gates-2 polys=531 infeasible-exact
4610 {"a": "caab", "b": "cca", "c": "ab"} m=1 gates+2 gates-2 polys=446 infeasible-exact
4611 {"a": "cabb", "b": "cbc", "c": "abb"} m=1 gates+2 gates-2 polys=1207 infeasible-exact
4612 {"a": "cacb", "b": "cac", "c": "bcb"} m=1 gates+2 gates-2 polys=473 infeasible-exact
4613 {"a": "cbab", "b": "cbc", "c": "bab"} m=1 gates+2 gates-2 polys=473 infeasible-exact
4614 {"a": "cbba", "b": "ccb", "c": "bba"} m=1 gates+2 gates-2 polys=1290 infeasible-exact
4615 {"a": "cbbb", "b": "bab", "c": "ab"} m=1 gates+3 gates-1 polys=294 infeasible-exact
4616 {"a": "cbbb", "b": "bac", "c": "cbb"} m=1 gates+2 gates-2 polys=2404 infeasible-exact
4617 {"a": "cbbb", "b": "bca", "c": "cbb"} m=1 gates+2 gates-2 polys=4450 infeasible-exact
4618 {"a": "cbcc", "b": "bcc", "c": "abc"} m=1 gates+3 gates-1 polys=311 infeasible-exact
4619 {"a": "cbcc", "b": "bcc", "c": "cab"} m=1 gates+2 gates-2 polys=2370 infeasible-exact
4620 {"a": "cbcc", "b": "bcc", "c": "cba"} m=1 gates+2 gates-2 polys=2436 infeasible-exact
4621 {"a": "cbcc", "b": "cbc", "c": "acb"} m=1 gates+2 gates-2 polys=1910 infeasible-exact
4622 {"a": "cbcc", "b": "cbc", "c": "bca"} m=1 gates+2 gates-2 polys=1901 infeasible-exact
4623 {"a": "ccab", "b": "cca", "c": "bcb"} m=1 gates+2 gates-2 polys=1207 infeasible-exact
4624 {"a": "ccbc", "b": "cbc", "c": "acb"} m=1 gates+2 gates-2 polys=1901 infeasible-exact
4625 {"a": "ccbc", "b": "cbc", "c": "bca"} m=1 gates+2 gates-2 polys=1910 infeasible-exact
4626 {"a": "ccbc", "b": "ccb", "c": "abc"} m=1 gates+2 gates-2 polys=2436 infeasible-exact
4627 {"a": "ccbc", "b": "ccb", "c": "bac"} m=1 gates+2 gates-2 polys=2370 infeasible-exact
4628 {"a": "ccbc", "b": "ccb", "c": "cba"} m=1 gates+1 gates-3 polys=311 infeasible-exact
4629 {"a": "cccb", "b": "ca", "c": "cac"} m=1 gates+1 gates-3 polys=294 infeasible-exact
4630 {"a": "cccb", "b": "ccb", "c": "abc"} m=1 gates+2 gates-2 polys=4450 infeasible-exact
4631 {"a": "cccb", "b": "ccb", "c": "bac"} m=1 gates+2 gates-2 polys=2404 infeasible-exact
4632 {"a": "ab", "b": "bbc", "c": "bcab"} m=1 gates+2 gates-2 polys=547 infeasible-exact
4633 {"a": "ab", "b": "bcb", "c": "abbc"} m=1 gates+2 gates-2 polys=692 infeasible-exact
4634 {"a": "ab", "b": "bcb", "c": "cbab"} m=1 gates+3 gates-1 polys=294 infeasible-exact
4635 {"a": "ab", "b": "abbc", "c": "bca"} m=1 gates+1 gates-3 polys=296 infeasible-exact
4636 {"a": "ab", "b": "abbc", "c": "cab"} m=1 gates+2 gates-2 polys=681 infeasible-exact
4637 {"a": "ab", "b": "bacb", "c": "bac"} m=1 gates+2 gates-2 polys=426 infeasible-exact
4638 {"a": "ab", "b": "bbca", "c": "bca"} m=1 gates+2 gates-2 polys=477 infeasible-exact
4639 {"a": "ab", "b": "bcab", "c": "abc"} m=1 gates+2 gates-2 polys=374 infeasible-exact
4640 {"a": "ab", "b": "bcab", "c": "cab"} m=1 gates+3 gates-1 polys=302 infeasible-exact
4641 {"a": "ac", "b": "acb", "c": "cbac"} m=1 gates+2 gates-2 polys=374 infeasible-exact
4642 {"a": "ac", "b": "bac", "c": "accb"} m=1 gates+2 gates-2 polys=681 infeasible-exact
4643 {"a": "ac", "b": "bac", "c": "cbac"} m=1 gates+3 gates-1 polys=302 infeasible-exact
4644 {"a": "ac", "b": "cab", "c": "cabc"} m=1 gates+2 gates-2 polys=426 infeasible-exact
4645 {"a": "ac", "b": "cba", "c": "accb"} m=1 gates+1 gates-3 polys=296 infeasible-exact
4646 {"a": "ac", "b": "cba", "c": "ccba"} m=1 gates+2 gates-2 polys=477 infeasible-exact
4647 {"a": "ac", "b": "accb", "c": "cbc"} m=1 gates+2 gates-2 polys=692 infeasible-exact
4648 {"a": "ac", "b": "bcac", "c": "cbc"} m=1 gates+3 gates-1 polys=294 infeasible-exact
4649 {"a": "ac", "b": "cbac", "c": "ccb"} m=1 gates+2 gates-2 polys=547 infeasible-exact
4650 {"a": "ba", "b": "bcb", "c": "babc"} m=1 gates+1 gates-3 polys=294 infeasible-exact
4651 {"a": "ba", "b": "bcb", "c": "cbba"} m=1 gates+2 gates-2 polys=692 infeasible-exact
4652 {"a": "ba", "b": "cbb", "c": "bacb"} m=1 gates+2 gates-2 polys=547 infeasible-exact
4653 {"a": "ba", "b": "acbb", "c": "acb"} m=1 gates+2 gates-2 polys=477 infeasible-exact
4654 {"a": "ba", "b": "bacb", "c": "bac"} m=1 gates+1 gates-3 polys=302 infeasible-exact
4655 {"a": "ba", "b": "bacb", "c": "cba"} m=1 gates+2 gates-2 polys=374 infeasible-exact
4656 {"a": "ba", "b": "bcab", "c": "cab"} m=1 gates+2 gates-2 polys=426 infeasible-exact
4657 {"a": "ba", "b": "cbba", "c": "acb"} m=1 gates+3 gates-1 polys=296 infeasible-exact
4658 {"a": "ba", "b": "cbba", "c": "bac"} m=1 gates+2 gates-2 polys=681 infeasible-exact
4659 {"a": "ca", "b": "abc", "c": "abcc"} m=1 gates+2 gates-2 polys=477 infeasible-exact
4660 {"a": "ca", "b": "abc", "c": "bcca"} m=1 gates+3 gates-1 polys=296 infeasible-exact
4661 {"a": "ca", "b": "bac", "c": "cbac"} m=1 gates+2 gates-2 polys=426 infeasible-exact
4662 {"a": "ca", "b": "bca", "c": "cabc"} m=1 gates+2 gates-2 polys=374 infeasible-exact
4663 {"a": "ca", "b": "cab", "c": "bcca"} m=1 gates+2 gates-2 polys=681 infeasible-exact
4664 {"a": "ca", "b": "cab", "c": "cabc"} m=1 gates+1 gates-3 polys=302 infeasible-exact
4665 {"a": "ca", "b": "bcca", "c": "cbc"} m=1 gates+2 gates-2 polys=692 infeasible-exact
4666 {"a": "ca", "b": "cabc", "c": "bcc"} m=1 gates+2 gates-2 polys=547 infeasible-exact
4667 {"a": "ca", "b": "cacb", "c": "cbc"} m=1 gates+1 gates-3 polys=294 infeasible-exact
4668 {"a": "aab", "b": "abc", "c": "abca"} m=1 gates+1 gates-3 polys=311 infeasible-exact
4669 {"a": "aab", "b": "abc", "c": "caab"} m=1 gates+2 gates-2 polys=350 infeasible-exact
4670 {"a": "aab", "b": "bbc", "c": "aaab"} m=1 gates+2 gates-2 polys=3226 infeasible-exact
4671 {"a": "aab", "b": "bca", "c": "abca"} m=1 gates+2 gates-2 polys=1449 infeasible-exact
4672 {"a": "aab", "b": "bca", "c": "bcaa"} m=1 gates+2 gates-2 polys=1358 infeasible-exact
4673 {"a": "aab", "b": "cba", "c": "cbaa"} m=1 gates+2 gates-2 polys=2789 infeasible-exact
4674 {"a": "aab", "b": "abca", "c": "ca"} m=1 gates+2 gates-2 polys=547 infeasible-exact
4675 {"a": "aab", "b": "ccca", "c": "cca"} m=1 gates+2 gates-2 polys=3226 infeasible-exact
4676 {"a": "aac", "b": "ba", "c": "acba"} m=1 gates+2 gates-2 polys=547 infeasible-exact
4677 {"a": "aac", "b": "bba", "c": "bbba"} m=1 gates+2 gates-2 polys=3226 infeasible-exact
4678 {"a": "aac", "b": "aaac", "c": "ccb"} m=1 gates+2 gates-2 polys=3226 infeasible-exact
4679 {"a": "aac", "b": "acba", "c": "acb"} m=1 gates+1 gates-3 polys=311 infeasible-exact
4680 {"a": "aac", "b": "acba", "c": "cba"} m=1 gates+2 gates-2 polys=1449 infeasible-exact
4681 {"a": "aac", "b": "baac", "c": "acb"} m=1 gates+2 gates-2 polys=350 infeasible-exact
4682 {"a": "aac", "b": "bcaa", "c": "bca"} m=1 gates+2 gates-2 polys=2789 infeasible-exact
4683 {"a": "aac", "b": "cbaa", "c": "cba"} m=1 gates+2 gates-2 polys=1358 infeasible-exact
4684 {"a": "aba", "b": "bac", "c": "abac"} m=1 gates+2 gates-2 polys=625 infeasible-exact
4685 {"a": "aba", "b": "bac", "c": "caba"} m=1 gates+3 gates-1 polys=311 infeasible-exact
4686 {"a": "aba", "b": "bcb", "c": "aaba"} m=1 gates+2 gates-2 polys=954 infeasible-exact
4687 {"a": "aba", "b": "bcb", "c": "abaa"} m=1 gates+2 gates-2 polys=954 infeasible-exact
4688 {"a": "aba", "b": "cab", "c": "abac"} m=1 gates+1 gates-3 polys=311 infeasible-exact
4689 {"a": "aba", "b": "cab", "c": "caba"} m=1 gates+2 gates-2 polys=625 infeasible-exact
4690 {"a": "aba", "b": "acab", "c": "ac"} m=1 gates+1 gates-3 polys=294 infeasible-exact
4691 {"a": "aba", "b": "baac", "c": "ac"} m=1 gates+2 gates-2 polys=692 infeasible-exact
4692 {"a": "aba", "b": "baca", "c": "ca"} m=1 gates+3 gates-1 polys=294 infeasible-exact
4693 {"a": "aba", "b": "caab", "c": "ca"} m=1 gates+2 gates-2 polys=692 infeasible-exact
4694 {"a": "aba", "b": "cacc", "c": "cac"} m=1 gates+2 gates-2 polys=954 infeasible-exact
4695 {"a": "aba", "b": "ccac", "c": "cac"} m=1 gates+2 gates-2 polys=954 infeasible-exact
4696 {"a": "abc", "b": "bc", "c": "bcca"} m=1 gates+2 gates-2 polys=681 infeasible-exact
4697 {"a": "abc", "b": "bc", "c": "cabc"} m=1 gates+3 gates-1 polys=302 infeasible-exact
4698 {"a": "abc", "b": "cb", "c": "cabc"} m=1 gates+2 gates-2 polys=426 infeasible-exact
4699 {"a": "abc", "b": "bab", "c": "babc"} m=1 gates+2 gates-2 polys=625 infeasible-exact
stats m=1 [4600,4700) {"infeasible-exact": 100} time 25.8
4700 {"a": "abc", "b": "bab", "c": "cbab"} m=1 gates+3 gates-1 polys=311 infeasible-exact
4701 {"a": "abc", "b": "abcc", "c": "cca"} m=1 gates+2 gates-2 polys=1358 infeasible-exact
4702 {"a": "abc", "b": "bcab", "c": "bc"} m=1 gates+2 gates-2 polys=374 infeasible-exact
4703 {"a": "abc", "b": "cabc", "c": "cca"} m=1 gates+2 gates-2 polys=1449 infeasible-exact
4704 {"a": "aca", "b": "ab", "c": "abac"} m=1 gates+1 gates-3 polys=294 infeasible-exact
4705 {"a": "aca", "b": "ab", "c": "caab"} m=1 gates+2 gates-2 polys=692 infeasible-exact
4706 {"a": "aca", "b": "ba", "c": "baac"} m=1 gates+2 gates-2 polys=692 infeasible-exact
4707 {"a": "aca", "b": "ba", "c": "caba"} m=1 gates+3 gates-1 polys=294 infeasible-exact
4708 {"a": "aca", "b": "bab", "c": "babb"} m=1 gates+2 gates-2 polys=954 infeasible-exact
4709 {"a": "aca", "b": "bab", "c": "bbab"} m=1 gates+2 gates-2 polys=954 infeasible-exact
4710 {"a": "aca", "b": "aaca", "c": "cbc"} m=1 gates+2 gates-2 polys=954 infeasible-exact
4711 {"a": "aca", "b": "acaa", "c": "cbc"} m=1 gates+2 gates-2 polys=954 infeasible-exact
4712 {"a": "aca", "b": "acab", "c": "bac"} m=1 gates+1 gates-3 polys=311 infeasible-exact
4713 {"a": "aca", "b": "acab", "c": "cab"} m=1 gates+2 gates-2 polys=625 infeasible-exact
4714 {"a": "aca", "b": "baca", "c": "bac"} m=1 gates+2 gates-2 polys=625 infeasible-exact
4715 {"a": "aca", "b": "baca", "c": "cab"} m=1 gates+3 gates-1 polys=311 infeasible-exact
4716 {"a": "acb", "b": "cb", "c": "cbac"} m=1 gates+2 gates-2 polys=374 infeasible-exact
4717 {"a": "acb", "b": "bba", "c": "acbb"} m=1 gates+2 gates-2 polys=1358 infeasible-exact
4718 {"a": "acb", "b": "bba", "c": "bacb"} m=1 gates+2 gates-2 polys=1449 infeasible-exact
4719 {"a": "acb", "b": "bacb", "c": "bc"} m=1 gates+2 gates-2 polys=426 infeasible-exact
4720 {"a": "acb", "b": "bacb", "c": "cb"} m=1 gates+3 gates-1 polys=302 infeasible-exact
4721 {"a": "acb", "b": "bcac", "c": "cac"} m=1 gates+3 gates-1 polys=311 infeasible-exact
4722 {"a": "acb", "b": "cacb", "c": "cac"} m=1 gates+2 gates-2 polys=625 infeasible-exact
4723 {"a": "acb", "b": "cbba", "c": "cb"} m=1 gates+2 gates-2 polys=681 infeasible-exact
4724 {"a": "baa", "b": "abc", "c": "aabc"} m=1 gates+2 gates-2 polys=2789 infeasible-exact
4725 {"a": "baa", "b": "acb", "c": "aacb"} m=1 gates+2 gates-2 polys=1358 infeasible-exact
4726 {"a": "baa", "b": "acb", "c": "acba"} m=1 gates+2 gates-2 polys=1449 infeasible-exact
4727 {"a": "baa", "b": "cba", "c": "acba"} m=1 gates+3 gates-1 polys=311 infeasible-exact
4728 {"a": "baa", "b": "cba", "c": "baac"} m=1 gates+2 gates-2 polys=350 infeasible-exact
4729 {"a": "baa", "b": "cbb", "c": "baaa"} m=1 gates+2 gates-2 polys=3226 infeasible-exact
4730 {"a": "baa", "b": "acba", "c": "ac"} m=1 gates+2 gates-2 polys=547 infeasible-exact
4731 {"a": "baa", "b": "accc", "c": "acc"} m=1 gates+2 gates-2 polys=3226 infeasible-exact
4732 {"a": "bac", "b": "cb", "c": "accb"} m=1 gates+3 gates-1 polys=296 infeasible-exact
4733 {"a": "bac", "b": "cb", "c": "bacc"} m=1 gates+2 gates-2 polys=477 infeasible-exact
4734 {"a": "bac", "b": "abb", "c": "bbac"} m=1 gates+2 gates-2 polys=2789 infeasible-exact
4735 {"a": "bac", "b": "bba", "c": "bacb"} m=1 gates+1 gates-3 polys=311 infeasible-exact
4736 {"a": "bac", "b": "bba", "c": "cbba"} m=1 gates+2 gates-2 polys=350 infeasible-exact
4737 {"a": "bac", "b": "accb", "c": "acc"} m=1 gates+2 gates-2 polys=350 infeasible-exact
4738 {"a": "bac", "b": "bacc", "c": "cca"} m=1 gates+2 gates-2 polys=2789 infeasible-exact
4739 {"a": "bac", "b": "bbac", "c": "cb"} m=1 gates+2 gates-2 polys=477 infeasible-exact
4740 {"a": "bac", "b": "cbac", "c": "acc"} m=1 gates+3 gates-1 polys=311 infeasible-exact
4741 {"a": "bac", "b": "cbba", "c": "cb"} m=1 gates+1 gates-3 polys=296 infeasible-exact
4742 {"a": "bca", "b": "bc", "c": "cabc"} m=1 gates+2 gates-2 polys=374 infeasible-exact
4743 {"a": "bca", "b": "abb", "c": "bbca"} m=1 gates+2 gates-2 polys=1358 infeasible-exact
4744 {"a": "bca", "b": "abb", "c": "bcab"} m=1 gates+2 gates-2 polys=1449 infeasible-exact
4745 {"a": "bca", "b": "abbc", "c": "bc"} m=1 gates+2 gates-2 polys=681 infeasible-exact
4746 {"a": "bca", "b": "bcab", "c": "bc"} m=1 gates+1 gates-3 polys=302 infeasible-exact
4747 {"a": "bca", "b": "bcab", "c": "cb"} m=1 gates+2 gates-2 polys=426 infeasible-exact
4748 {"a": "bca", "b": "bcac", "c": "cac"} m=1 gates+2 gates-2 polys=625 infeasible-exact
4749 {"a": "bca", "b": "cacb", "c": "cac"} m=1 gates+1 gates-3 polys=311 infeasible-exact
4750 {"a": "caa", "b": "ab", "c": "abca"} m=1 gates+2 gates-2 polys=547 infeasible-exact
4751 {"a": "caa", "b": "abb", "c": "abbb"} m=1 gates+2 gates-2 polys=3226 infeasible-exact
4752 {"a": "caa", "b": "aabc", "c": "abc"} m=1 gates+2 gates-2 polys=1358 infeasible-exact
4753 {"a": "caa", "b": "aacb", "c": "acb"} m=1 gates+2 gates-2 polys=2789 infeasible-exact
4754 {"a": "caa", "b": "abca", "c": "abc"} m=1 gates+2 gates-2 polys=1449 infeasible-exact
4755 {"a": "caa", "b": "abca", "c": "bca"} m=1 gates+3 gates-1 polys=311 infeasible-exact
4756 {"a": "caa", "b": "caaa", "c": "bcc"} m=1 gates+2 gates-2 polys=3226 infeasible-exact
4757 {"a": "caa", "b": "caab", "c": "bca"} m=1 gates+2 gates-2 polys=350 infeasible-exact
4758 {"a": "cab", "b": "bc", "c": "bcca"} m=1 gates+1 gates-3 polys=296 infeasible-exact
4759 {"a": "cab", "b": "bc", "c": "ccab"} m=1 gates+2 gates-2 polys=477 infeasible-exact
4760 {"a": "cab", "b": "abb", "c": "abbc"} m=1 gates+2 gates-2 polys=350 infeasible-exact
4761 {"a": "cab", "b": "abb", "c": "bcab"} m=1 gates+3 gates-1 polys=311 infeasible-exact
4762 {"a": "cab", "b": "bba", "c": "cabb"} m=1 gates+2 gates-2 polys=2789 infeasible-exact
4763 {"a": "cab", "b": "abbc", "c": "bc"} m=1 gates+3 gates-1 polys=296 infeasible-exact
4764 {"a": "cab", "b": "bcca", "c": "cca"} m=1 gates+2 gates-2 polys=350 infeasible-exact
4765 {"a": "cab", "b": "cabb", "c": "bc"} m=1 gates+2 gates-2 polys=477 infeasible-exact
4766 {"a": "cab", "b": "cabc", "c": "cca"} m=1 gates+1 gates-3 polys=311 infeasible-exact
4767 {"a": "cab", "b": "ccab", "c": "acc"} m=1 gates+2 gates-2 polys=2789 infeasible-exact
4768 {"a": "cba", "b": "bc", "c": "cbac"} m=1 gates+2 gates-2 polys=426 infeasible-exact
4769 {"a": "cba", "b": "cb", "c": "accb"} m=1 gates+2 gates-2 polys=681 infeasible-exact
4770 {"a": "cba", "b": "cb", "c": "cbac"} m=1 gates+1 gates-3 polys=302 infeasible-exact
4771 {"a": "cba", "b": "bab", "c": "babc"} m=1 gates+1 gates-3 polys=311 infeasible-exact
4772 {"a": "cba", "b": "bab", "c": "cbab"} m=1 gates+2 gates-2 polys=625 infeasible-exact
4773 {"a": "cba", "b": "bacb", "c": "cb"} m=1 gates+2 gates-2 polys=374 infeasible-exact
4774 {"a": "cba", "b": "cbac", "c": "acc"} m=1 gates+2 gates-2 polys=1449 infeasible-exact
4775 {"a": "cba", "b": "ccba", "c": "acc"} m=1 gates+2 gates-2 polys=1358 infeasible-exact
4776 {"a": "aabc", "b": "abc", "c": "ca"} m=1 gates+2 gates-2 polys=477 infeasible-exact
4777 {"a": "aacb", "b": "ba", "c": "acb"} m=1 gates+2 gates-2 polys=477 infeasible-exact
4778 {"a": "abbc", "b": "bab", "c": "bc"} m=1 gates+2 gates-2 polys=692 infeasible-exact
4779 {"a": "abbc", "b": "bbc", "c": "bca"} m=1 gates+2 gates-2 polys=350 infeasible-exact
4780 {"a": "abca", "b": "ab", "c": "abc"} m=1 gates+1 gates-3 polys=302 infeasible-exact
4781 {"a": "abca", "b": "ab", "c": "cab"} m=1 gates+2 gates-2 polys=374 infeasible-exact
4782 {"a": "abca", "b": "ba", "c": "abc"} m=1 gates+2 gates-2 polys=426 infeasible-exact
4783 {"a": "abca", "b": "bca", "c": "ac"} m=1 gates+2 gates-2 polys=426 infeasible-exact
4784 {"a": "abca", "b": "bca", "c": "ca"} m=1 gates+3 gates-1 polys=302 infeasible-exact
4785 {"a": "abca", "b": "cab", "c": "ca"} m=1 gates+2 gates-2 polys=374 infeasible-exact
4786 {"a": "abcb", "b": "bab", "c": "cb"} m=1 gates+3 gates-1 polys=294 infeasible-exact
4787 {"a": "abcb", "b": "bcb", "c": "abc"} m=1 gates+2 gates-2 polys=625 infeasible-exact
4788 {"a": "abcb", "b": "bcb", "c": "cba"} m=1 gates+3 gates-1 polys=311 infeasible-exact
4789 {"a": "abcc", "b": "abc", "c": "ccb"} m=1 gates+2 gates-2 polys=2789 infeasible-exact
4790 {"a": "acba", "b": "ab", "c": "cba"} m=1 gates+2 gates-2 polys=426 infeasible-exact
4791 {"a": "acba", "b": "ba", "c": "bac"} m=1 gates+2 gates-2 polys=374 infeasible-exact
4792 {"a": "acba", "b": "ba", "c": "cba"} m=1 gates+3 gates-1 polys=302 infeasible-exact
4793 {"a": "acba", "b": "acb", "c": "ac"} m=1 gates+1 gates-3 polys=302 infeasible-exact
4794 {"a": "acba", "b": "acb", "c": "ca"} m=1 gates+2 gates-2 polys=426 infeasible-exact
4795 {"a": "acba", "b": "bac", "c": "ac"} m=1 gates+2 gates-2 polys=374 infeasible-exact
4796 {"a": "acbb", "b": "bbc", "c": "acb"} m=1 gates+2 gates-2 polys=2789 infeasible-exact
4797 {"a": "acbc", "b": "bc", "c": "cac"} m=1 gates+3 gates-1 polys=294 infeasible-exact
4798 {"a": "acbc", "b": "acb", "c": "cbc"} m=1 gates+2 gates-2 polys=625 infeasible-exact
4799 {"a": "acbc", "b": "bca", "c": "cbc"} m=1 gates+3 gates-1 polys=311 infeasible-exact
stats m=1 [4700,4800) {"infeasible-exact": 100} time 20.5
4800 {"a": "accb", "b": "cb", "c": "cac"} m=1 gates+2 gates-2 polys=692 infeasible-exact
4801 {"a": "accb", "b": "cba", "c": "ccb"} m=1 gates+2 gates-2 polys=350 infeasible-exact
4802 {"a": "baac", "b": "ba", "c": "acb"} m=1 gates+1 gates-3 polys=296 infeasible-exact
4803 {"a": "baac", "b": "ba", "c": "cba"} m=1 gates+2 gates-2 polys=681 infeasible-exact
4804 {"a": "baac", "b": "acb", "c": "ac"} m=1 gates+2 gates-2 polys=681 infeasible-exact
4805 {"a": "baac", "b": "cba", "c": "ac"} m=1 gates+3 gates-1 polys=296 infeasible-exact
4806 {"a": "bacb", "b": "bba", "c": "cb"} m=1 gates+2 gates-2 polys=547 infeasible-exact
4807 {"a": "bacb", "b": "cbb", "c": "acb"} m=1 gates+3 gates-1 polys=311 infeasible-exact
4808 {"a": "bacb", "b": "cbb", "c": "bac"} m=1 gates+2 gates-2 polys=1449 infeasible-exact
4809 {"a": "bacc", "b": "bac", "c": "ccb"} m=1 gates+2 gates-2 polys=1358 infeasible-exact
4810 {"a": "bbac", "b": "cbb", "c": "bac"} m=1 gates+2 gates-2 polys=1358 infeasible-exact
4811 {"a": "bbbc", "b": "bbc", "c": "cca"} m=1 gates+2 gates-2 polys=3226 infeasible-exact
4812 {"a": "bbca", "b": "cbb", "c": "bca"} m=1 gates+2 gates-2 polys=2789 infeasible-exact
4813 {"a": "bbcb", "b": "bcb", "c": "cac"} m=1 gates+2 gates-2 polys=954 infeasible-exact
4814 {"a": "bcaa", "b": "ab", "c": "bca"} m=1 gates+2 gates-2 polys=477 infeasible-exact
4815 {"a": "bcab", "b": "abb", "c": "bc"} m=1 gates+2 gates-2 polys=547 infeasible-exact
4816 {"a": "bcab", "b": "bbc", "c": "bca"} m=1 gates+1 gates-3 polys=311 infeasible-exact
4817 {"a": "bcab", "b": "bbc", "c": "cab"} m=1 gates+2 gates-2 polys=1449 infeasible-exact
4818 {"a": "bcba", "b": "bab", "c": "bc"} m=1 gates+1 gates-3 polys=294 infeasible-exact
4819 {"a": "bcba", "b": "bcb", "c": "abc"} m=1 gates+1 gates-3 polys=311 infeasible-exact
4820 {"a": "bcba", "b": "bcb", "c": "cba"} m=1 gates+2 gates-2 polys=625 infeasible-exact
4821 {"a": "bcbb", "b": "bcb", "c": "cac"} m=1 gates+2 gates-2 polys=954 infeasible-exact
4822 {"a": "bcca", "b": "bc", "c": "cac"} m=1 gates+2 gates-2 polys=692 infeasible-exact
4823 {"a": "bcca", "b": "abc", "c": "bcc"} m=1 gates+2 gates-2 polys=350 infeasible-exact
4824 {"a": "bccc", "b": "abb", "c": "bcc"} m=1 gates+2 gates-2 polys=3226 infeasible-exact
4825 {"a": "caab", "b": "ab", "c": "abc"} m=1 gates+2 gates-2 polys=681 infeasible-exact
4826 {"a": "caab", "b": "ab", "c": "bca"} m=1 gates+3 gates-1 polys=296 infeasible-exact
4827 {"a": "caab", "b": "abc", "c": "ca"} m=1 gates+1 gates-3 polys=296 infeasible-exact
4828 {"a": "caab", "b": "bca", "c": "ca"} m=1 gates+2 gates-2 polys=681 infeasible-exact
4829 {"a": "cabb", "b": "bbc", "c": "cab"} m=1 gates+2 gates-2 polys=1358 infeasible-exact
4830 {"a": "cabc", "b": "bc", "c": "cca"} m=1 gates+2 gates-2 polys=547 infeasible-exact
4831 {"a": "cabc", "b": "abc", "c": "bcc"} m=1 gates+3 gates-1 polys=311 infeasible-exact
4832 {"a": "cabc", "b": "cab", "c": "bcc"} m=1 gates+2 gates-2 polys=1449 infeasible-exact
4833 {"a": "cbaa", "b": "cba", "c": "ac"} m=1 gates+2 gates-2 polys=477 infeasible-exact
4834 {"a": "cbac", "b": "cb", "c": "acc"} m=1 gates+2 gates-2 polys=547 infeasible-exact
4835 {"a": "cbac", "b": "bac", "c": "ccb"} m=1 gates+2 gates-2 polys=1449 infeasible-exact
4836 {"a": "cbac", "b": "cba", "c": "ccb"} m=1 gates+1 gates-3 polys=311 infeasible-exact
4837 {"a": "cbba", "b": "bab", "c": "cb"} m=1 gates+2 gates-2 polys=692 infeasible-exact
4838 {"a": "cbba", "b": "cbb", "c": "acb"} m=1 gates+2 gates-2 polys=350 infeasible-exact
4839 {"a": "cbbb", "b": "cbb", "c": "acc"} m=1 gates+2 gates-2 polys=3226 infeasible-exact
4840 {"a": "cbca", "b": "cb", "c": "cac"} m=1 gates+1 gates-3 polys=294 infeasible-exact
4841 {"a": "cbca", "b": "acb", "c": "cbc"} m=1 gates+1 gates-3 polys=311 infeasible-exact
4842 {"a": "cbca", "b": "bca", "c": "cbc"} m=1 gates+2 gates-2 polys=625 infeasible-exact
4843 {"a": "cbcc", "b": "bab", "c": "cbc"} m=1 gates+2 gates-2 polys=954 infeasible-exact
4844 {"a": "ccab", "b": "cab", "c": "bcc"} m=1 gates+2 gates-2 polys=1358 infeasible-exact
4845 {"a": "ccba", "b": "cba", "c": "bcc"} m=1 gates+2 gates-2 polys=2789 infeasible-exact
4846 {"a": "ccbc", "b": "bab", "c": "cbc"} m=1 gates+2 gates-2 polys=954 infeasible-exact
4847 {"a": "cccb", "b": "bba", "c": "ccb"} m=1 gates+2 gates-2 polys=3226 infeasible-exact
4848 {"a": "bab", "b": "aac", "c": "babb"} m=1 gates+2 gates-2 polys=2083 infeasible-exact
4849 {"a": "bab", "b": "aac", "c": "bbab"} m=1 gates+2 gates-2 polys=2983 infeasible-exact
4850 {"a": "bab", "b": "aca", "c": "babb"} m=1 gates+2 gates-2 polys=1923 infeasible-exact
4851 {"a": "bab", "b": "aca", "c": "bbab"} m=1 gates+2 gates-2 polys=1923 infeasible-exact
4852 {"a": "bab", "b": "caa", "c": "babb"} m=1 gates+2 gates-2 polys=2983 infeasible-exact
4853 {"a": "bab", "b": "caa", "c": "bbab"} m=1 gates+2 gates-2 polys=2083 infeasible-exact
4854 {"a": "bbc", "b": "aba", "c": "aaba"} m=1 gates+2 gates-2 polys=2983 infeasible-exact
4855 {"a": "bbc", "b": "aba", "c": "abaa"} m=1 gates+2 gates-2 polys=2083 infeasible-exact
4856 {"a": "bcb", "b": "aba", "c": "aaba"} m=1 gates+2 gates-2 polys=1923 infeasible-exact
4857 {"a": "bcb", "b": "aba", "c": "abaa"} m=1 gates+2 gates-2 polys=1923 infeasible-exact
4858 {"a": "bcc", "b": "aaca", "c": "aca"} m=1 gates+2 gates-2 polys=2083 infeasible-exact
4859 {"a": "bcc", "b": "acaa", "c": "aca"} m=1 gates+2 gates-2 polys=2983 infeasible-exact
4860 {"a": "cac", "b": "cacc", "c": "aab"} m=1 gates+2 gates-2 polys=2083 infeasible-exact
4861 {"a": "cac", "b": "cacc", "c": "aba"} m=1 gates+2 gates-2 polys=1923 infeasible-exact
4862 {"a": "cac", "b": "cacc", "c": "baa"} m=1 gates+2 gates-2 polys=2983 infeasible-exact
4863 {"a": "cac", "b": "ccac", "c": "aab"} m=1 gates+2 gates-2 polys=2983 infeasible-exact
4864 {"a": "cac", "b": "ccac", "c": "aba"} m=1 gates+2 gates-2 polys=1923 infeasible-exact
4865 {"a": "cac", "b": "ccac", "c": "baa"} m=1 gates+2 gates-2 polys=2083 infeasible-exact
4866 {"a": "cbb", "b": "aba", "c": "aaba"} m=1 gates+2 gates-2 polys=2083 infeasible-exact
4867 {"a": "cbb", "b": "aba", "c": "abaa"} m=1 gates+2 gates-2 polys=2983 infeasible-exact
4868 {"a": "cbc", "b": "aaca", "c": "aca"} m=1 gates+2 gates-2 polys=1923 infeasible-exact
4869 {"a": "cbc", "b": "acaa", "c": "aca"} m=1 gates+2 gates-2 polys=1923 infeasible-exact
4870 {"a": "ccb", "b": "aaca", "c": "aca"} m=1 gates+2 gates-2 polys=2983 infeasible-exact
4871 {"a": "ccb", "b": "acaa", "c": "aca"} m=1 gates+2 gates-2 polys=2083 infeasible-exact
4872 {"a": "bbcb", "b": "acc", "c": "bcb"} m=1 gates+2 gates-2 polys=2083 infeasible-exact
4873 {"a": "bbcb", "b": "cac", "c": "bcb"} m=1 gates+2 gates-2 polys=1923 infeasible-exact
4874 {"a": "bbcb", "b": "cca", "c": "bcb"} m=1 gates+2 gates-2 polys=2983 infeasible-exact
4875 {"a": "bcbb", "b": "acc", "c": "bcb"} m=1 gates+2 gates-2 polys=2983 infeasible-exact
4876 {"a": "bcbb", "b": "cac", "c": "bcb"} m=1 gates+2 gates-2 polys=1923 infeasible-exact
4877 {"a": "bcbb", "b": "cca", "c": "bcb"} m=1 gates+2 gates-2 polys=2083 infeasible-exact
4878 {"a": "cbcc", "b": "cbc", "c": "abb"} m=1 gates+2 gates-2 polys=2983 infeasible-exact
4879 {"a": "cbcc", "b": "cbc", "c": "bab"} m=1 gates+2 gates-2 polys=1923 infeasible-exact
4880 {"a": "cbcc", "b": "cbc", "c": "bba"} m=1 gates+2 gates-2 polys=2083 infeasible-exact
4881 {"a": "ccbc", "b": "cbc", "c": "abb"} m=1 gates+2 gates-2 polys=2083 infeasible-exact
4882 {"a": "ccbc", "b": "cbc", "c": "bab"} m=1 gates+2 gates-2 polys=1923 infeasible-exact
4883 {"a": "ccbc", "b": "cbc", "c": "bba"} m=1 gates+2 gates-2 polys=2983 infeasible-exact
4884 {"a": "ab", "b": "abbc", "c": "aba"} m=1 gates+1 gates-3 polys=296 infeasible-exact
4885 {"a": "ab", "b": "babc", "c": "aab"} m=1 gates+2 gates-2 polys=893 infeasible-exact
4886 {"a": "ab", "b": "bbac", "c": "aab"} m=1 gates+2 gates-2 polys=2464 infeasible-exact
4887 {"a": "ab", "b": "bbca", "c": "aab"} m=1 gates+2 gates-2 polys=1559 infeasible-exact
4888 {"a": "ab", "b": "bbca", "c": "aba"} m=1 gates+2 gates-2 polys=1300 infeasible-exact
4889 {"a": "ab", "b": "bcba", "c": "aab"} m=1 gates+2 gates-2 polys=1441 infeasible-exact
4890 {"a": "ab", "b": "bcba", "c": "aba"} m=1 gates+2 gates-2 polys=430 infeasible-exact
4891 {"a": "ab", "b": "cbcc", "c": "cab"} m=1 gates+2 gates-2 polys=565 infeasible-exact
4892 {"a": "ab", "b": "ccbc", "c": "cab"} m=1 gates+2 gates-2 polys=581 infeasible-exact
4893 {"a": "ac", "b": "aac", "c": "cacb"} m=1 gates+2 gates-2 polys=893 infeasible-exact
4894 {"a": "ac", "b": "aac", "c": "cbca"} m=1 gates+2 gates-2 polys=1441 infeasible-exact
4895 {"a": "ac", "b": "aac", "c": "ccab"} m=1 gates+2 gates-2 polys=2464 infeasible-exact
4896 {"a": "ac", "b": "aac", "c": "ccba"} m=1 gates+2 gates-2 polys=1559 infeasible-exact
4897 {"a": "ac", "b": "aca", "c": "accb"} m=1 gates+1 gates-3 polys=296 infeasible-exact
4898 {"a": "ac", "b": "aca", "c": "cbca"} m=1 gates+2 gates-2 polys=430 infeasible-exact
4899 {"a": "ac", "b": "aca", "c": "ccba"} m=1 gates+2 gates-2 polys=1300 infeasible-exact
stats m=1 [4800,4900) {"infeasible-exact": 100} time 38.1
4900 {"a": "ac", "b": "bac", "c": "bbcb"} m=1 gates+2 gates-2 polys=581 infeasible-exact
4901 {"a": "ac", "b": "bac", "c": "bcbb"} m=1 gates+2 gates-2 polys=565 infeasible-exact
4902 {"a": "ba", "b": "abcb", "c": "aba"} m=1 gates+2 gates-2 polys=430 infeasible-exact
4903 {"a": "ba", "b": "abcb", "c": "baa"} m=1 gates+2 gates-2 polys=1441 infeasible-exact
4904 {"a": "ba", "b": "acbb", "c": "aba"} m=1 gates+2 gates-2 polys=1300 infeasible-exact
4905 {"a": "ba", "b": "acbb", "c": "baa"} m=1 gates+2 gates-2 polys=1559 infeasible-exact
4906 {"a": "ba", "b": "cabb", "c": "baa"} m=1 gates+2 gates-2 polys=2464 infeasible-exact
4907 {"a": "ba", "b": "cbab", "c": "baa"} m=1 gates+2 gates-2 polys=893 infeasible-exact
4908 {"a": "ba", "b": "cbba", "c": "aba"} m=1 gates+3 gates-1 polys=296 infeasible-exact
4909 {"a": "ba", "b": "cbcc", "c": "bac"} m=1 gates+2 gates-2 polys=581 infeasible-exact
4910 {"a": "ba", "b": "ccbc", "c": "bac"} m=1 gates+2 gates-2 polys=565 infeasible-exact
4911 {"a": "ca", "b": "aca", "c": "abcc"} m=1 gates+2 gates-2 polys=1300 infeasible-exact
4912 {"a": "ca", "b": "aca", "c": "acbc"} m=1 gates+2 gates-2 polys=430 infeasible-exact
4913 {"a": "ca", "b": "aca", "c": "bcca"} m=1 gates+3 gates-1 polys=296 infeasible-exact
4914 {"a": "ca", "b": "caa", "c": "abcc"} m=1 gates+2 gates-2 polys=1559 infeasible-exact
4915 {"a": "ca", "b": "caa", "c": "acbc"} m=1 gates+2 gates-2 polys=1441 infeasible-exact
4916 {"a": "ca", "b": "caa", "c": "bacc"} m=1 gates+2 gates-2 polys=2464 infeasible-exact
4917 {"a": "ca", "b": "caa", "c": "bcac"} m=1 gates+2 gates-2 polys=893 infeasible-exact
4918 {"a": "ca", "b": "cab", "c": "bbcb"} m=1 gates+2 gates-2 polys=565 infeasible-exact
4919 {"a": "ca", "b": "cab", "c": "bcbb"} m=1 gates+2 gates-2 polys=581 infeasible-exact
4920 {"a": "aab", "b": "aac", "c": "aaca"} m=1 gates+1 gates-3 polys=315 infeasible-exact
4921 {"a": "aab", "b": "abc", "c": "aaba"} m=1 gates+1 gates-3 polys=311 infeasible-exact
4922 {"a": "aab", "b": "bac", "c": "aaab"} m=1 gates+2 gates-2 polys=1348 infeasible-exact
4923 {"a": "aab", "b": "bca", "c": "aaab"} m=1 gates+2 gates-2 polys=661 infeasible-exact
4924 {"a": "aab", "b": "bca", "c": "aaba"} m=1 gates+2 gates-2 polys=2695 infeasible-exact
4925 {"a": "aab", "b": "caa", "c": "caaa"} m=1 gates+2 gates-2 polys=1765 infeasible-exact
4926 {"a": "aac", "b": "aaac", "c": "cab"} m=1 gates+2 gates-2 polys=1348 infeasible-exact
4927 {"a": "aac", "b": "aaac", "c": "cba"} m=1 gates+2 gates-2 polys=661 infeasible-exact
4928 {"a": "aac", "b": "aaba", "c": "aab"} m=1 gates+1 gates-3 polys=315 infeasible-exact
4929 {"a": "aac", "b": "aaca", "c": "acb"} m=1 gates+1 gates-3 polys=311 infeasible-exact
4930 {"a": "aac", "b": "aaca", "c": "cba"} m=1 gates+2 gates-2 polys=2695 infeasible-exact
4931 {"a": "aac", "b": "baaa", "c": "baa"} m=1 gates+2 gates-2 polys=1765 infeasible-exact
4932 {"a": "abc", "b": "bc", "c": "aaca"} m=1 gates+2 gates-2 polys=581 infeasible-exact
4933 {"a": "abc", "b": "bc", "c": "acaa"} m=1 gates+2 gates-2 polys=565 infeasible-exact
4934 {"a": "abc", "b": "bba", "c": "bbba"} m=1 gates+2 gates-2 polys=1348 infeasible-exact
4935 {"a": "abc", "b": "ccac", "c": "cca"} m=1 gates+2 gates-2 polys=2695 infeasible-exact
4936 {"a": "abc", "b": "ccca", "c": "cca"} m=1 gates+2 gates-2 polys=661 infeasible-exact
4937 {"a": "acb", "b": "bba", "c": "bbab"} m=1 gates+2 gates-2 polys=2695 infeasible-exact
4938 {"a": "acb", "b": "bba", "c": "bbba"} m=1 gates+2 gates-2 polys=661 infeasible-exact
4939 {"a": "acb", "b": "aaba", "c": "cb"} m=1 gates+2 gates-2 polys=581 infeasible-exact
4940 {"a": "acb", "b": "abaa", "c": "cb"} m=1 gates+2 gates-2 polys=565 infeasible-exact
4941 {"a": "acb", "b": "ccca", "c": "cca"} m=1 gates+2 gates-2 polys=1348 infeasible-exact
4942 {"a": "baa", "b": "aac", "c": "aaac"} m=1 gates+2 gates-2 polys=1765 infeasible-exact
4943 {"a": "baa", "b": "acb", "c": "abaa"} m=1 gates+2 gates-2 polys=2695 infeasible-exact
4944 {"a": "baa", "b": "acb", "c": "baaa"} m=1 gates+2 gates-2 polys=661 infeasible-exact
4945 {"a": "baa", "b": "caa", "c": "acaa"} m=1 gates+3 gates-1 polys=315 infeasible-exact
4946 {"a": "baa", "b": "cab", "c": "baaa"} m=1 gates+2 gates-2 polys=1348 infeasible-exact
4947 {"a": "baa", "b": "cba", "c": "abaa"} m=1 gates+3 gates-1 polys=311 infeasible-exact
4948 {"a": "bac", "b": "bba", "c": "bbab"} m=1 gates+1 gates-3 polys=311 infeasible-exact
4949 {"a": "bac", "b": "cacc", "c": "acc"} m=1 gates+3 gates-1 polys=311 infeasible-exact
4950 {"a": "bbc", "b": "bc", "c": "cacb"} m=1 gates+2 gates-2 polys=1441 infeasible-exact
4951 {"a": "bbc", "b": "bc", "c": "cbca"} m=1 gates+2 gates-2 polys=893 infeasible-exact
4952 {"a": "bbc", "b": "bc", "c": "ccab"} m=1 gates+2 gates-2 polys=1559 infeasible-exact
4953 {"a": "bbc", "b": "bc", "c": "ccba"} m=1 gates+2 gates-2 polys=2464 infeasible-exact
4954 {"a": "bbc", "b": "abb", "c": "bbbc"} m=1 gates+2 gates-2 polys=1765 infeasible-exact
4955 {"a": "bbc", "b": "bba", "c": "bbcb"} m=1 gates+1 gates-3 polys=315 infeasible-exact
4956 {"a": "bca", "b": "abb", "c": "abbb"} m=1 gates+2 gates-2 polys=661 infeasible-exact
4957 {"a": "bca", "b": "abb", "c": "babb"} m=1 gates+2 gates-2 polys=2695 infeasible-exact
4958 {"a": "bca", "b": "aaba", "c": "bc"} m=1 gates+2 gates-2 polys=565 infeasible-exact
4959 {"a": "bca", "b": "abaa", "c": "bc"} m=1 gates+2 gates-2 polys=581 infeasible-exact
4960 {"a": "bca", "b": "accc", "c": "acc"} m=1 gates+2 gates-2 polys=1348 infeasible-exact
4961 {"a": "bcb", "b": "bc", "c": "bcca"} m=1 gates+1 gates-3 polys=296 infeasible-exact
4962 {"a": "bcb", "b": "bc", "c": "cacb"} m=1 gates+2 gates-2 polys=430 infeasible-exact
4963 {"a": "bcb", "b": "bc", "c": "ccab"} m=1 gates+2 gates-2 polys=1300 infeasible-exact
4964 {"a": "bcb", "b": "cb", "c": "accb"} m=1 gates+3 gates-1 polys=296 infeasible-exact
4965 {"a": "bcb", "b": "cb", "c": "bacc"} m=1 gates+2 gates-2 polys=1300 infeasible-exact
4966 {"a": "bcb", "b": "cb", "c": "bcac"} m=1 gates+2 gates-2 polys=430 infeasible-exact
4967 {"a": "bcc", "b": "abcb", "c": "bc"} m=1 gates+2 gates-2 polys=893 infeasible-exact
4968 {"a": "bcc", "b": "acbb", "c": "bc"} m=1 gates+2 gates-2 polys=2464 infeasible-exact
4969 {"a": "bcc", "b": "bccc", "c": "cca"} m=1 gates+2 gates-2 polys=1765 infeasible-exact
4970 {"a": "bcc", "b": "cabb", "c": "bc"} m=1 gates+2 gates-2 polys=1559 infeasible-exact
4971 {"a": "bcc", "b": "cbab", "c": "bc"} m=1 gates+2 gates-2 polys=1441 infeasible-exact
4972 {"a": "bcc", "b": "cbcc", "c": "acc"} m=1 gates+3 gates-1 polys=315 infeasible-exact
4973 {"a": "caa", "b": "aaab", "c": "aab"} m=1 gates+2 gates-2 polys=1765 infeasible-exact
4974 {"a": "caa", "b": "abaa", "c": "baa"} m=1 gates+3 gates-1 polys=315 infeasible-exact
4975 {"a": "caa", "b": "acaa", "c": "abc"} m=1 gates+2 gates-2 polys=2695 infeasible-exact
4976 {"a": "caa", "b": "acaa", "c": "bca"} m=1 gates+3 gates-1 polys=311 infeasible-exact
4977 {"a": "caa", "b": "caaa", "c": "abc"} m=1 gates+2 gates-2 polys=661 infeasible-exact
4978 {"a": "caa", "b": "caaa", "c": "bac"} m=1 gates+2 gates-2 polys=1348 infeasible-exact
4979 {"a": "cab", "b": "abb", "c": "babb"} m=1 gates+3 gates-1 polys=311 infeasible-exact
4980 {"a": "cab", "b": "ccac", "c": "cca"} m=1 gates+1 gates-3 polys=311 infeasible-exact
4981 {"a": "cba", "b": "cb", "c": "aaca"} m=1 gates+2 gates-2 polys=565 infeasible-exact
4982 {"a": "cba", "b": "cb", "c": "acaa"} m=1 gates+2 gates-2 polys=581 infeasible-exact
4983 {"a": "cba", "b": "abb", "c": "abbb"} m=1 gates+2 gates-2 polys=1348 infeasible-exact
4984 {"a": "cba", "b": "accc", "c": "acc"} m=1 gates+2 gates-2 polys=661 infeasible-exact
4985 {"a": "cba", "b": "cacc", "c": "acc"} m=1 gates+2 gates-2 polys=2695 infeasible-exact
4986 {"a": "cbb", "b": "cb", "c": "abcc"} m=1 gates+2 gates-2 polys=2464 infeasible-exact
4987 {"a": "cbb", "b": "cb", "c": "acbc"} m=1 gates+2 gates-2 polys=893 infeasible-exact
4988 {"a": "cbb", "b": "cb", "c": "bacc"} m=1 gates+2 gates-2 polys=1559 infeasible-exact
4989 {"a": "cbb", "b": "cb", "c": "bcac"} m=1 gates+2 gates-2 polys=1441 infeasible-exact
4990 {"a": "cbb", "b": "abb", "c": "bcbb"} m=1 gates+3 gates-1 polys=315 infeasible-exact
4991 {"a": "cbb", "b": "bba", "c": "cbbb"} m=1 gates+2 gates-2 polys=1765 infeasible-exact
4992 {"a": "cbc", "b": "abbc", "c": "bc"} m=1 gates+3 gates-1 polys=296 infeasible-exact
4993 {"a": "cbc", "b": "babc", "c": "cb"} m=1 gates+2 gates-2 polys=430 infeasible-exact
4994 {"a": "cbc", "b": "bbac", "c": "cb"} m=1 gates+2 gates-2 polys=1300 infeasible-exact
4995 {"a": "cbc", "b": "cabb", "c": "bc"} m=1 gates+2 gates-2 polys=1300 infeasible-exact
4996 {"a": "cbc", "b": "cbab", "c": "bc"} m=1 gates+2 gates-2 polys=430 infeasible-exact
4997 {"a": "cbc", "b": "cbba", "c": "cb"} m=1 gates+1 gates-3 polys=296 infeasible-exact
4998 {"a": "ccb", "b": "babc", "c": "cb"} m=1 gates+2 gates-2 polys=1441 infeasible-exact
4999 {"a": "ccb", "b": "bbac", "c": "cb"} m=1 gates+2 gates-2 polys=1559 infeasible-exact
stats m=1 [4900,5000) {"infeasible-exact": 100} time 32.4
5000 {"a": "ccb", "b": "bbca", "c": "cb"} m=1 gates+2 gates-2 polys=2464 infeasible-exact
5001 {"a": "ccb", "b": "bcba", "c": "cb"} m=1 gates+2 gates-2 polys=893 infeasible-exact
5002 {"a": "ccb", "b": "ccbc", "c": "cca"} m=1 gates+1 gates-3 polys=315 infeasible-exact
5003 {"a": "ccb", "b": "cccb", "c": "acc"} m=1 gates+2 gates-2 polys=1765 infeasible-exact
5004 {"a": "aabc", "b": "ba", "c": "bba"} m=1 gates+2 gates-2 polys=2464 infeasible-exact
5005 {"a": "aabc", "b": "cac", "c": "ca"} m=1 gates+2 gates-2 polys=1300 infeasible-exact
5006 {"a": "aabc", "b": "cca", "c": "ca"} m=1 gates+2 gates-2 polys=1559 infeasible-exact
5007 {"a": "aacb", "b": "ba", "c": "bab"} m=1 gates+2 gates-2 polys=1300 infeasible-exact
5008 {"a": "aacb", "b": "ba", "c": "bba"} m=1 gates+2 gates-2 polys=1559 infeasible-exact
5009 {"a": "aacb", "b": "cca", "c": "ca"} m=1 gates+2 gates-2 polys=2464 infeasible-exact
5010 {"a": "abac", "b": "ba", "c": "bba"} m=1 gates+2 gates-2 polys=893 infeasible-exact
5011 {"a": "abac", "b": "cac", "c": "ca"} m=1 gates+2 gates-2 polys=430 infeasible-exact
5012 {"a": "abac", "b": "cca", "c": "ca"} m=1 gates+2 gates-2 polys=1441 infeasible-exact
5013 {"a": "abbb", "b": "bbc", "c": "abb"} m=1 gates+2 gates-2 polys=1765 infeasible-exact
5014 {"a": "acab", "b": "ba", "c": "bab"} m=1 gates+2 gates-2 polys=430 infeasible-exact
5015 {"a": "acab", "b": "ba", "c": "bba"} m=1 gates+2 gates-2 polys=1441 infeasible-exact
5016 {"a": "acab", "b": "cca", "c": "ca"} m=1 gates+2 gates-2 polys=893 infeasible-exact
5017 {"a": "accc", "b": "acc", "c": "ccb"} m=1 gates+2 gates-2 polys=1765 infeasible-exact
5018 {"a": "baac", "b": "ba", "c": "bab"} m=1 gates+1 gates-3 polys=296 infeasible-exact
5019 {"a": "baac", "b": "cac", "c": "ac"} m=1 gates+3 gates-1 polys=296 infeasible-exact
5020 {"a": "babb", "b": "acb", "c": "ac"} m=1 gates+2 gates-2 polys=581 infeasible-exact
5021 {"a": "babb", "b": "bca", "c": "ca"} m=1 gates+2 gates-2 polys=565 infeasible-exact
5022 {"a": "babb", "b": "cbb", "c": "abb"} m=1 gates+3 gates-1 polys=315 infeasible-exact
5023 {"a": "baca", "b": "ab", "c": "abb"} m=1 gates+2 gates-2 polys=1441 infeasible-exact
5024 {"a": "baca", "b": "ab", "c": "bab"} m=1 gates+2 gates-2 polys=430 infeasible-exact
5025 {"a": "baca", "b": "acc", "c": "ac"} m=1 gates+2 gates-2 polys=893 infeasible-exact
5026 {"a": "bbab", "b": "acb", "c": "ac"} m=1 gates+2 gates-2 polys=565 infeasible-exact
5027 {"a": "bbab", "b": "bbc", "c": "bba"} m=1 gates+1 gates-3 polys=315 infeasible-exact
5028 {"a": "bbab", "b": "bca", "c": "ca"} m=1 gates+2 gates-2 polys=581 infeasible-exact
5029 {"a": "bbba", "b": "cbb", "c": "bba"} m=1 gates+2 gates-2 polys=1765 infeasible-exact
5030 {"a": "bbbc", "b": "bbc", "c": "cab"} m=1 gates+2 gates-2 polys=661 infeasible-exact
5031 {"a": "bbbc", "b": "bbc", "c": "cba"} m=1 gates+2 gates-2 polys=1348 infeasible-exact
5032 {"a": "bbcb", "b": "bbc", "c": "bca"} m=1 gates+1 gates-3 polys=311 infeasible-exact
5033 {"a": "bbcb", "b": "bbc", "c": "cab"} m=1 gates+2 gates-2 polys=2695 infeasible-exact
5034 {"a": "bcaa", "b": "ab", "c": "abb"} m=1 gates+2 gates-2 polys=1559 infeasible-exact
5035 {"a": "bcaa", "b": "ab", "c": "bab"} m=1 gates+2 gates-2 polys=1300 infeasible-exact
5036 {"a": "bcaa", "b": "acc", "c": "ac"} m=1 gates+2 gates-2 polys=2464 infeasible-exact
5037 {"a": "bcbb", "b": "cbb", "c": "acb"} m=1 gates+3 gates-1 polys=311 infeasible-exact
5038 {"a": "bcbb", "b": "cbb", "c": "bac"} m=1 gates+2 gates-2 polys=2695 infeasible-exact
5039 {"a": "bccc", "b": "acb", "c": "bcc"} m=1 gates+2 gates-2 polys=1348 infeasible-exact
5040 {"a": "bccc", "b": "cab", "c": "bcc"} m=1 gates+2 gates-2 polys=661 infeasible-exact
5041 {"a": "caab", "b": "ab", "c": "bab"} m=1 gates+3 gates-1 polys=296 infeasible-exact
5042 {"a": "caab", "b": "cac", "c": "ca"} m=1 gates+1 gates-3 polys=296 infeasible-exact
5043 {"a": "caba", "b": "ab", "c": "abb"} m=1 gates+2 gates-2 polys=893 infeasible-exact
5044 {"a": "caba", "b": "acc", "c": "ac"} m=1 gates+2 gates-2 polys=1441 infeasible-exact
5045 {"a": "caba", "b": "cac", "c": "ac"} m=1 gates+2 gates-2 polys=430 infeasible-exact
5046 {"a": "cacc", "b": "ab", "c": "abc"} m=1 gates+2 gates-2 polys=581 infeasible-exact
5047 {"a": "cacc", "b": "ba", "c": "cba"} m=1 gates+2 gates-2 polys=565 infeasible-exact
5048 {"a": "cacc", "b": "acc", "c": "bcc"} m=1 gates+3 gates-1 polys=315 infeasible-exact
5049 {"a": "cbaa", "b": "ab", "c": "abb"} m=1 gates+2 gates-2 polys=2464 infeasible-exact
5050 {"a": "cbaa", "b": "acc", "c": "ac"} m=1 gates+2 gates-2 polys=1559 infeasible-exact
5051 {"a": "cbaa", "b": "cac", "c": "ac"} m=1 gates+2 gates-2 polys=1300 infeasible-exact
5052 {"a": "cbbb", "b": "cbb", "c": "abc"} m=1 gates+2 gates-2 polys=1348 infeasible-exact
5053 {"a": "cbbb", "b": "cbb", "c": "bac"} m=1 gates+2 gates-2 polys=661 infeasible-exact
5054 {"a": "cbcc", "b": "abc", "c": "bcc"} m=1 gates+3 gates-1 polys=311 infeasible-exact
5055 {"a": "cbcc", "b": "cab", "c": "bcc"} m=1 gates+2 gates-2 polys=2695 infeasible-exact
5056 {"a": "ccac", "b": "ab", "c": "abc"} m=1 gates+2 gates-2 polys=565 infeasible-exact
5057 {"a": "ccac", "b": "ba", "c": "cba"} m=1 gates+2 gates-2 polys=581 infeasible-exact
5058 {"a": "ccac", "b": "cca", "c": "ccb"} m=1 gates+1 gates-3 polys=315 infeasible-exact
5059 {"a": "ccbc", "b": "bac", "c": "ccb"} m=1 gates+2 gates-2 polys=2695 infeasible-exact
5060 {"a": "ccbc", "b": "cba", "c": "ccb"} m=1 gates+1 gates-3 polys=311 infeasible-exact
5061 {"a": "ccca", "b": "cca", "c": "bcc"} m=1 gates+2 gates-2 polys=1765 infeasible-exact
5062 {"a": "cccb", "b": "bac", "c": "ccb"} m=1 gates+2 gates-2 polys=661 infeasible-exact
5063 {"a": "cccb", "b": "bca", "c": "ccb"} m=1 gates+2 gates-2 polys=1348 infeasible-exact
5064 {"a": "bc", "b": "abc", "c": "abcb"} m=1 gates+2 gates-2 polys=507 infeasible-exact
5065 {"a": "bc", "b": "abc", "c": "bbca"} m=1 gates+2 gates-2 polys=514 infeasible-exact
5066 {"a": "bc", "b": "abc", "c": "bcab"} m=1 gates+2 gates-2 polys=377 infeasible-exact
5067 {"a": "bc", "b": "abc", "c": "bcba"} m=1 gates+2 gates-2 polys=391 infeasible-exact
5068 {"a": "bc", "b": "bca", "c": "abcb"} m=1 gates+1 gates-3 polys=292 infeasible-exact
5069 {"a": "bc", "b": "bca", "c": "bcab"} m=1 gates+1 gates-3 polys=302 infeasible-exact
5070 {"a": "bc", "b": "cba", "c": "bcba"} m=1 gates+2 gates-2 polys=340 infeasible-exact
5071 {"a": "bc", "b": "cba", "c": "cbab"} m=1 gates+1 gates-3 polys=278 infeasible-exact
5072 {"a": "bc", "b": "abcc", "c": "bca"} m=1 gates+2 gates-2 polys=514 infeasible-exact
5073 {"a": "bc", "b": "acbc", "c": "acb"} m=1 gates+2 gates-2 polys=340 infeasible-exact
5074 {"a": "bc", "b": "acbc", "c": "bca"} m=1 gates+2 gates-2 polys=391 infeasible-exact
5075 {"a": "bc", "b": "cabc", "c": "abc"} m=1 gates+3 gates-1 polys=302 infeasible-exact
5076 {"a": "bc", "b": "cabc", "c": "bca"} m=1 gates+2 gates-2 polys=377 infeasible-exact
5077 {"a": "bc", "b": "cacb", "c": "acb"} m=1 gates+3 gates-1 polys=278 infeasible-exact
5078 {"a": "bc", "b": "cbca", "c": "abc"} m=1 gates+3 gates-1 polys=292 infeasible-exact
5079 {"a": "bc", "b": "cbca", "c": "bca"} m=1 gates+2 gates-2 polys=507 infeasible-exact
5080 {"a": "cb", "b": "abc", "c": "abcb"} m=1 gates+2 gates-2 polys=340 infeasible-exact
5081 {"a": "cb", "b": "abc", "c": "babc"} m=1 gates+3 gates-1 polys=278 infeasible-exact
5082 {"a": "cb", "b": "acb", "c": "bacb"} m=1 gates+3 gates-1 polys=302 infeasible-exact
5083 {"a": "cb", "b": "acb", "c": "bcba"} m=1 gates+3 gates-1 polys=292 infeasible-exact
5084 {"a": "cb", "b": "cba", "c": "abcb"} m=1 gates+2 gates-2 polys=391 infeasible-exact
5085 {"a": "cb", "b": "cba", "c": "acbb"} m=1 gates+2 gates-2 polys=514 infeasible-exact
5086 {"a": "cb", "b": "cba", "c": "bacb"} m=1 gates+2 gates-2 polys=377 infeasible-exact
5087 {"a": "cb", "b": "cba", "c": "bcba"} m=1 gates+2 gates-2 polys=507 infeasible-exact
5088 {"a": "cb", "b": "acbc", "c": "acb"} m=1 gates+2 gates-2 polys=507 infeasible-exact
5089 {"a": "cb", "b": "acbc", "c": "cba"} m=1 gates+1 gates-3 polys=292 infeasible-exact
5090 {"a": "cb", "b": "bcac", "c": "bca"} m=1 gates+1 gates-3 polys=278 infeasible-exact
5091 {"a": "cb", "b": "cbac", "c": "acb"} m=1 gates+2 gates-2 polys=377 infeasible-exact
5092 {"a": "cb", "b": "cbac", "c": "cba"} m=1 gates+1 gates-3 polys=302 infeasible-exact
5093 {"a": "cb", "b": "cbca", "c": "acb"} m=1 gates+2 gates-2 polys=391 infeasible-exact
5094 {"a": "cb", "b": "cbca", "c": "bca"} m=1 gates+2 gates-2 polys=340 infeasible-exact
5095 {"a": "cb", "b": "ccba", "c": "acb"} m=1 gates+2 gates-2 polys=514 infeasible-exact
5096 {"a": "aab", "b": "aac", "c": "aaba"} m=1 gates+1 gates-3 polys=315 infeasible-exact
5097 {"a": "aac", "b": "aaca", "c": "aab"} m=1 gates+1 gates-3 polys=315 infeasible-exact
5098 {"a": "abc", "b": "abca", "c": "ab"} m=1 gates+1 gates-3 polys=302 infeasible-exact
5099 {"a": "abc", "b": "caba", "c": "ab"} m=1 gates+1 gates-3 polys=292 infeasible-exact
stats m=1 [5000,5100) {"infeasible-exact": 100} time 25.2
5100 {"a": "acb", "b": "ac", "c": "acba"} m=1 gates+1 gates-3 polys=302 infeasible-exact
5101 {"a": "acb", "b": "ac", "c": "baca"} m=1 gates+1 gates-3 polys=292 infeasible-exact
5102 {"a": "baa", "b": "caa", "c": "abaa"} m=1 gates+3 gates-1 polys=315 infeasible-exact
5103 {"a": "bac", "b": "ac", "c": "aacb"} m=1 gates+2 gates-2 polys=514 infeasible-exact
5104 {"a": "bac", "b": "ac", "c": "acab"} m=1 gates+2 gates-2 polys=391 infeasible-exact
5105 {"a": "bac", "b": "ac", "c": "acba"} m=1 gates+2 gates-2 polys=377 infeasible-exact
5106 {"a": "bac", "b": "ac", "c": "baca"} m=1 gates+2 gates-2 polys=507 infeasible-exact
5107 {"a": "bac", "b": "ca", "c": "abac"} m=1 gates+3 gates-1 polys=278 infeasible-exact
5108 {"a": "bac", "b": "ca", "c": "baca"} m=1 gates+2 gates-2 polys=340 infeasible-exact
5109 {"a": "bac", "b": "abac", "c": "ab"} m=1 gates+2 gates-2 polys=340 infeasible-exact
5110 {"a": "bac", "b": "abac", "c": "ba"} m=1 gates+2 gates-2 polys=507 infeasible-exact
5111 {"a": "bac", "b": "acba", "c": "ba"} m=1 gates+2 gates-2 polys=377 infeasible-exact
5112 {"a": "bac", "b": "baca", "c": "ab"} m=1 gates+1 gates-3 polys=278 infeasible-exact
5113 {"a": "bac", "b": "caba", "c": "ba"} m=1 gates+2 gates-2 polys=391 infeasible-exact
5114 {"a": "bac", "b": "cbaa", "c": "ba"} m=1 gates+2 gates-2 polys=514 infeasible-exact
5115 {"a": "bbc", "b": "bba", "c": "bbab"} m=1 gates+1 gates-3 polys=315 infeasible-exact
5116 {"a": "bca", "b": "ca", "c": "abca"} m=1 gates+3 gates-1 polys=302 infeasible-exact
5117 {"a": "bca", "b": "ca", "c": "acab"} m=1 gates+3 gates-1 polys=292 infeasible-exact
5118 {"a": "bcc", "b": "cacc", "c": "acc"} m=1 gates+3 gates-1 polys=315 infeasible-exact
5119 {"a": "caa", "b": "acaa", "c": "baa"} m=1 gates+3 gates-1 polys=315 infeasible-exact
5120 {"a": "cab", "b": "ac", "c": "acab"} m=1 gates+2 gates-2 polys=340 infeasible-exact
5121 {"a": "cab", "b": "ac", "c": "caba"} m=1 gates+1 gates-3 polys=278 infeasible-exact
5122 {"a": "cab", "b": "ca", "c": "abca"} m=1 gates+2 gates-2 polys=377 infeasible-exact
5123 {"a": "cab", "b": "ca", "c": "acab"} m=1 gates+2 gates-2 polys=507 infeasible-exact
5124 {"a": "cab", "b": "ca", "c": "baca"} m=1 gates+2 gates-2 polys=391 infeasible-exact
5125 {"a": "cab", "b": "ca", "c": "bcaa"} m=1 gates+2 gates-2 polys=514 infeasible-exact
5126 {"a": "cab", "b": "aabc", "c": "ab"} m=1 gates+2 gates-2 polys=514 infeasible-exact
5127 {"a": "cab", "b": "abac", "c": "ab"} m=1 gates+2 gates-2 polys=391 infeasible-exact
5128 {"a": "cab", "b": "abca", "c": "ab"} m=1 gates+2 gates-2 polys=377 infeasible-exact
5129 {"a": "cab", "b": "acab", "c": "ba"} m=1 gates+3 gates-1 polys=278 infeasible-exact
5130 {"a": "cab", "b": "caba", "c": "ab"} m=1 gates+2 gates-2 polys=507 infeasible-exact
5131 {"a": "cab", "b": "caba", "c": "ba"} m=1 gates+2 gates-2 polys=340 infeasible-exact
5132 {"a": "cba", "b": "abac", "c": "ba"} m=1 gates+3 gates-1 polys=292 infeasible-exact
5133 {"a": "cba", "b": "acba", "c": "ba"} m=1 gates+3 gates-1 polys=302 infeasible-exact
5134 {"a": "cbb", "b": "abb", "c": "babb"} m=1 gates+3 gates-1 polys=315 infeasible-exact
5135 {"a": "ccb", "b": "ccac", "c": "cca"} m=1 gates+1 gates-3 polys=315 infeasible-exact
5136 {"a": "abcb", "b": "abc", "c": "ba"} m=1 gates+1 gates-3 polys=278 infeasible-exact
5137 {"a": "acbc", "b": "ca", "c": "acb"} m=1 gates+1 gates-3 polys=278 infeasible-exact
5138 {"a": "babc", "b": "abc", "c": "ab"} m=1 gates+2 gates-2 polys=507 infeasible-exact
5139 {"a": "babc", "b": "abc", "c": "ba"} m=1 gates+2 gates-2 polys=340 infeasible-exact
5140 {"a": "babc", "b": "cab", "c": "ab"} m=1 gates+3 gates-1 polys=292 infeasible-exact
5141 {"a": "babc", "b": "cba", "c": "ba"} m=1 gates+2 gates-2 polys=391 infeasible-exact
5142 {"a": "bacb", "b": "bac", "c": "ba"} m=1 gates+1 gates-3 polys=302 infeasible-exact
5143 {"a": "bacb", "b": "cba", "c": "ba"} m=1 gates+2 gates-2 polys=377 infeasible-exact
5144 {"a": "bacc", "b": "ac", "c": "acb"} m=1 gates+2 gates-2 polys=514 infeasible-exact
5145 {"a": "bbac", "b": "cba", "c": "ba"} m=1 gates+2 gates-2 polys=514 infeasible-exact
5146 {"a": "bbcb", "b": "bbc", "c": "bba"} m=1 gates+1 gates-3 polys=315 infeasible-exact
5147 {"a": "bcab", "b": "abc", "c": "ab"} m=1 gates+2 gates-2 polys=377 infeasible-exact
5148 {"a": "bcab", "b": "cab", "c": "ab"} m=1 gates+3 gates-1 polys=302 infeasible-exact
5149 {"a": "bcac", "b": "ac", "c": "acb"} m=1 gates+2 gates-2 polys=391 infeasible-exact
5150 {"a": "bcac", "b": "ac", "c": "bca"} m=1 gates+2 gates-2 polys=340 infeasible-exact
5151 {"a": "bcac", "b": "ca", "c": "bca"} m=1 gates+2 gates-2 polys=507 infeasible-exact
5152 {"a": "bcac", "b": "ca", "c": "cab"} m=1 gates+1 gates-3 polys=292 infeasible-exact
5153 {"a": "bcba", "b": "cba", "c": "ab"} m=1 gates+3 gates-1 polys=278 infeasible-exact
5154 {"a": "bcbb", "b": "cbb", "c": "abb"} m=1 gates+3 gates-1 polys=315 infeasible-exact
5155 {"a": "cabb", "b": "abc", "c": "ab"} m=1 gates+2 gates-2 polys=514 infeasible-exact
5156 {"a": "cabc", "b": "ca", "c": "bca"} m=1 gates+2 gates-2 polys=377 infeasible-exact
5157 {"a": "cabc", "b": "ca", "c": "cab"} m=1 gates+1 gates-3 polys=302 infeasible-exact
5158 {"a": "cacb", "b": "ac", "c": "acb"} m=1 gates+2 gates-2 polys=507 infeasible-exact
5159 {"a": "cacb", "b": "ac", "c": "bac"} m=1 gates+3 gates-1 polys=292 infeasible-exact
5160 {"a": "cacb", "b": "ca", "c": "acb"} m=1 gates+2 gates-2 polys=340 infeasible-exact
5161 {"a": "cacb", "b": "ca", "c": "bca"} m=1 gates+2 gates-2 polys=391 infeasible-exact
5162 {"a": "cbab", "b": "abc", "c": "ab"} m=1 gates+2 gates-2 polys=391 infeasible-exact
5163 {"a": "cbab", "b": "bac", "c": "ba"} m=1 gates+1 gates-3 polys=292 infeasible-exact
5164 {"a": "cbab", "b": "cba", "c": "ab"} m=1 gates+2 gates-2 polys=340 infeasible-exact
5165 {"a": "cbab", "b": "cba", "c": "ba"} m=1 gates+2 gates-2 polys=507 infeasible-exact
5166 {"a": "cbac", "b": "ac", "c": "acb"} m=1 gates+2 gates-2 polys=377 infeasible-exact
5167 {"a": "cbac", "b": "ac", "c": "bac"} m=1 gates+3 gates-1 polys=302 infeasible-exact
5168 {"a": "cbca", "b": "ac", "c": "bca"} m=1 gates+3 gates-1 polys=278 infeasible-exact
5169 {"a": "cbcc", "b": "acc", "c": "bcc"} m=1 gates+3 gates-1 polys=315 infeasible-exact
5170 {"a": "ccab", "b": "ca", "c": "bca"} m=1 gates+2 gates-2 polys=514 infeasible-exact
5171 {"a": "ccbc", "b": "cca", "c": "ccb"} m=1 gates+1 gates-3 polys=315 infeasible-exact
5172 {"a": "ab", "b": "accc", "c": "cab"} m=1 gates+2 gates-2 polys=611 infeasible-exact
5173 {"a": "ab", "b": "baac", "c": "abb"} m=1 gates+2 gates-2 polys=3053 infeasible-exact
5174 {"a": "ab", "b": "baac", "c": "bab"} m=1 gates+2 gates-2 polys=860 infeasible-exact
5175 {"a": "ab", "b": "baca", "c": "abb"} m=1 gates+2 gates-2 polys=2036 infeasible-exact
5176 {"a": "ab", "b": "baca", "c": "bab"} m=1 gates+2 gates-2 polys=546 infeasible-exact
5177 {"a": "ab", "b": "bcaa", "c": "abb"} m=1 gates+2 gates-2 polys=2314 infeasible-exact
5178 {"a": "ab", "b": "bcaa", "c": "bab"} m=1 gates+2 gates-2 polys=1488 infeasible-exact
5179 {"a": "ab", "b": "caab", "c": "bab"} m=1 gates+3 gates-1 polys=296 infeasible-exact
5180 {"a": "ab", "b": "cacc", "c": "cab"} m=1 gates+2 gates-2 polys=507 infeasible-exact
5181 {"a": "ab", "b": "ccac", "c": "cab"} m=1 gates+2 gates-2 polys=387 infeasible-exact
5182 {"a": "ab", "b": "ccca", "c": "abc"} m=1 gates+1 gates-3 polys=282 infeasible-exact
5183 {"a": "ab", "b": "ccca", "c": "cab"} m=1 gates+2 gates-2 polys=499 infeasible-exact
5184 {"a": "ac", "b": "acb", "c": "bbba"} m=1 gates+1 gates-3 polys=282 infeasible-exact
5185 {"a": "ac", "b": "acc", "c": "caab"} m=1 gates+2 gates-2 polys=3053 infeasible-exact
5186 {"a": "ac", "b": "acc", "c": "caba"} m=1 gates+2 gates-2 polys=2036 infeasible-exact
5187 {"a": "ac", "b": "acc", "c": "cbaa"} m=1 gates+2 gates-2 polys=2314 infeasible-exact
5188 {"a": "ac", "b": "bac", "c": "abbb"} m=1 gates+2 gates-2 polys=611 infeasible-exact
5189 {"a": "ac", "b": "bac", "c": "babb"} m=1 gates+2 gates-2 polys=507 infeasible-exact
5190 {"a": "ac", "b": "bac", "c": "bbab"} m=1 gates+2 gates-2 polys=387 infeasible-exact
5191 {"a": "ac", "b": "bac", "c": "bbba"} m=1 gates+2 gates-2 polys=499 infeasible-exact
5192 {"a": "ac", "b": "cac", "c": "baac"} m=1 gates+3 gates-1 polys=296 infeasible-exact
5193 {"a": "ac", "b": "cac", "c": "caab"} m=1 gates+2 gates-2 polys=860 infeasible-exact
5194 {"a": "ac", "b": "cac", "c": "caba"} m=1 gates+2 gates-2 polys=546 infeasible-exact
5195 {"a": "ac", "b": "cac", "c": "cbaa"} m=1 gates+2 gates-2 polys=1488 infeasible-exact
5196 {"a": "ba", "b": "aacb", "c": "bab"} m=1 gates+2 gates-2 polys=1488 infeasible-exact
5197 {"a": "ba", "b": "aacb", "c": "bba"} m=1 gates+2 gates-2 polys=2314 infeasible-exact
5198 {"a": "ba", "b": "acab", "c": "bab"} m=1 gates+2 gates-2 polys=546 infeasible-exact
5199 {"a": "ba", "b": "acab", "c": "bba"} m=1 gates+2 gates-2 polys=2036 infeasible-exact
stats m=1 [5100,5200) {"infeasible-exact": 100} time 18.2
5200 {"a": "ba", "b": "accc", "c": "bac"} m=1 gates+2 gates-2 polys=499 infeasible-exact
5201 {"a": "ba", "b": "accc", "c": "cba"} m=1 gates+3 gates-1 polys=282 infeasible-exact
5202 {"a": "ba", "b": "baac", "c": "bab"} m=1 gates+1 gates-3 polys=296 infeasible-exact
5203 {"a": "ba", "b": "caab", "c": "bab"} m=1 gates+2 gates-2 polys=860 infeasible-exact
5204 {"a": "ba", "b": "caab", "c": "bba"} m=1 gates+2 gates-2 polys=3053 infeasible-exact
5205 {"a": "ba", "b": "cacc", "c": "bac"} m=1 gates+2 gates-2 polys=387 infeasible-exact
5206 {"a": "ba", "b": "ccac", "c": "bac"} m=1 gates+2 gates-2 polys=507 infeasible-exact
5207 {"a": "ba", "b": "ccca", "c": "bac"} m=1 gates+2 gates-2 polys=611 infeasible-exact
5208 {"a": "bc", "b": "abc", "c": "aaca"} m=1 gates+2 gates-2 polys=667 infeasible-exact
5209 {"a": "bc", "b": "abc", "c": "acaa"} m=1 gates+2 gates-2 polys=746 infeasible-exact
5210 {"a": "bc", "b": "acc", "c": "cbc"} m=1 gates+3 gates-1 polys=275 infeasible-exact
5211 {"a": "bc", "b": "bca", "c": "caaa"} m=1 gates+2 gates-2 polys=508 infeasible-exact
5212 {"a": "bc", "b": "bcb", "c": "bba"} m=1 gates+1 gates-3 polys=275 infeasible-exact
5213 {"a": "bc", "b": "aaab", "c": "abc"} m=1 gates+2 gates-2 polys=508 infeasible-exact
5214 {"a": "bc", "b": "aaba", "c": "bca"} m=1 gates+2 gates-2 polys=746 infeasible-exact
5215 {"a": "bc", "b": "abaa", "c": "bca"} m=1 gates+2 gates-2 polys=667 infeasible-exact
5216 {"a": "ca", "b": "bca", "c": "abbb"} m=1 gates+3 gates-1 polys=282 infeasible-exact
5217 {"a": "ca", "b": "cab", "c": "abbb"} m=1 gates+2 gates-2 polys=499 infeasible-exact
5218 {"a": "ca", "b": "cab", "c": "babb"} m=1 gates+2 gates-2 polys=387 infeasible-exact
5219 {"a": "ca", "b": "cab", "c": "bbab"} m=1 gates+2 gates-2 polys=507 infeasible-exact
5220 {"a": "ca", "b": "cab", "c": "bbba"} m=1 gates+2 gates-2 polys=611 infeasible-exact
5221 {"a": "ca", "b": "cac", "c": "aabc"} m=1 gates+2 gates-2 polys=1488 infeasible-exact
5222 {"a": "ca", "b": "cac", "c": "abac"} m=1 gates+2 gates-2 polys=546 infeasible-exact
5223 {"a": "ca", "b": "cac", "c": "baac"} m=1 gates+2 gates-2 polys=860 infeasible-exact
5224 {"a": "ca", "b": "cac", "c": "caab"} m=1 gates+1 gates-3 polys=296 infeasible-exact
5225 {"a": "ca", "b": "cca", "c": "aabc"} m=1 gates+2 gates-2 polys=2314 infeasible-exact
5226 {"a": "ca", "b": "cca", "c": "abac"} m=1 gates+2 gates-2 polys=2036 infeasible-exact
5227 {"a": "ca", "b": "cca", "c": "baac"} m=1 gates+2 gates-2 polys=3053 infeasible-exact
5228 {"a": "cb", "b": "acb", "c": "aaac"} m=1 gates+2 gates-2 polys=508 infeasible-exact
5229 {"a": "cb", "b": "bcb", "c": "abb"} m=1 gates+3 gates-1 polys=275 infeasible-exact
5230 {"a": "cb", "b": "cba", "c": "aaca"} m=1 gates+2 gates-2 polys=746 infeasible-exact
5231 {"a": "cb", "b": "cba", "c": "acaa"} m=1 gates+2 gates-2 polys=667 infeasible-exact
5232 {"a": "cb", "b": "cca", "c": "cbc"} m=1 gates+1 gates-3 polys=275 infeasible-exact
5233 {"a": "cb", "b": "aaba", "c": "acb"} m=1 gates+2 gates-2 polys=667 infeasible-exact
5234 {"a": "cb", "b": "abaa", "c": "acb"} m=1 gates+2 gates-2 polys=746 infeasible-exact
5235 {"a": "cb", "b": "baaa", "c": "cba"} m=1 gates+2 gates-2 polys=508 infeasible-exact
5236 {"a": "aba", "b": "aac", "c": "ab"} m=1 gates+1 gates-3 polys=275 infeasible-exact
5237 {"a": "aba", "b": "caa", "c": "ba"} m=1 gates+3 gates-1 polys=275 infeasible-exact
5238 {"a": "abc", "b": "bc", "c": "aaab"} m=1 gates+2 gates-2 polys=499 infeasible-exact
5239 {"a": "abc", "b": "bc", "c": "aaba"} m=1 gates+2 gates-2 polys=387 infeasible-exact
5240 {"a": "abc", "b": "bc", "c": "abaa"} m=1 gates+2 gates-2 polys=507 infeasible-exact
5241 {"a": "abc", "b": "bc", "c": "baaa"} m=1 gates+2 gates-2 polys=611 infeasible-exact
5242 {"a": "abc", "b": "bccc", "c": "ab"} m=1 gates+2 gates-2 polys=508 infeasible-exact
5243 {"a": "abc", "b": "caaa", "c": "bc"} m=1 gates+3 gates-1 polys=282 infeasible-exact
5244 {"a": "aca", "b": "ac", "c": "aab"} m=1 gates+1 gates-3 polys=275 infeasible-exact
5245 {"a": "aca", "b": "ca", "c": "baa"} m=1 gates+3 gates-1 polys=275 infeasible-exact
5246 {"a": "acb", "b": "ac", "c": "cbbb"} m=1 gates+2 gates-2 polys=508 infeasible-exact
5247 {"a": "acb", "b": "cb", "c": "baaa"} m=1 gates+3 gates-1 polys=282 infeasible-exact
5248 {"a": "acb", "b": "aaac", "c": "cb"} m=1 gates+2 gates-2 polys=499 infeasible-exact
5249 {"a": "acb", "b": "aaca", "c": "cb"} m=1 gates+2 gates-2 polys=387 infeasible-exact
5250 {"a": "acb", "b": "acaa", "c": "cb"} m=1 gates+2 gates-2 polys=507 infeasible-exact
5251 {"a": "acb", "b": "caaa", "c": "cb"} m=1 gates+2 gates-2 polys=611 infeasible-exact
5252 {"a": "bac", "b": "ac", "c": "bbcb"} m=1 gates+2 gates-2 polys=667 infeasible-exact
5253 {"a": "bac", "b": "ac", "c": "bcbb"} m=1 gates+2 gates-2 polys=746 infeasible-exact
5254 {"a": "bac", "b": "cbcc", "c": "ba"} m=1 gates+2 gates-2 polys=667 infeasible-exact
5255 {"a": "bac", "b": "ccbc", "c": "ba"} m=1 gates+2 gates-2 polys=746 infeasible-exact
5256 {"a": "bbc", "b": "bab", "c": "ba"} m=1 gates+1 gates-3 polys=275 infeasible-exact
5257 {"a": "bbc", "b": "accb", "c": "bc"} m=1 gates+2 gates-2 polys=3053 infeasible-exact
5258 {"a": "bbc", "b": "cacb", "c": "bc"} m=1 gates+2 gates-2 polys=2036 infeasible-exact
5259 {"a": "bbc", "b": "ccab", "c": "bc"} m=1 gates+2 gates-2 polys=2314 infeasible-exact
5260 {"a": "bca", "b": "bc", "c": "aaab"} m=1 gates+1 gates-3 polys=282 infeasible-exact
5261 {"a": "bca", "b": "ca", "c": "bbbc"} m=1 gates+2 gates-2 polys=508 infeasible-exact
5262 {"a": "bca", "b": "aaac", "c": "bc"} m=1 gates+2 gates-2 polys=611 infeasible-exact
5263 {"a": "bca", "b": "aaca", "c": "bc"} m=1 gates+2 gates-2 polys=507 infeasible-exact
5264 {"a": "bca", "b": "acaa", "c": "bc"} m=1 gates+2 gates-2 polys=387 infeasible-exact
5265 {"a": "bca", "b": "caaa", "c": "bc"} m=1 gates+2 gates-2 polys=499 infeasible-exact
5266 {"a": "bcb", "b": "accb", "c": "bc"} m=1 gates+2 gates-2 polys=860 infeasible-exact
5267 {"a": "bcb", "b": "accb", "c": "cb"} m=1 gates+3 gates-1 polys=296 infeasible-exact
5268 {"a": "bcb", "b": "bacc", "c": "cb"} m=1 gates+2 gates-2 polys=1488 infeasible-exact
5269 {"a": "bcb", "b": "bcac", "c": "cb"} m=1 gates+2 gates-2 polys=546 infeasible-exact
5270 {"a": "bcb", "b": "bcca", "c": "bc"} m=1 gates+1 gates-3 polys=296 infeasible-exact
5271 {"a": "bcb", "b": "bcca", "c": "cb"} m=1 gates+2 gates-2 polys=860 infeasible-exact
5272 {"a": "bcb", "b": "cacb", "c": "bc"} m=1 gates+2 gates-2 polys=546 infeasible-exact
5273 {"a": "bcb", "b": "ccab", "c": "bc"} m=1 gates+2 gates-2 polys=1488 infeasible-exact
5274 {"a": "bcc", "b": "ac", "c": "cac"} m=1 gates+3 gates-1 polys=275 infeasible-exact
5275 {"a": "bcc", "b": "bc", "c": "cabb"} m=1 gates+2 gates-2 polys=2314 infeasible-exact
5276 {"a": "bcc", "b": "bc", "c": "cbab"} m=1 gates+2 gates-2 polys=2036 infeasible-exact
5277 {"a": "bcc", "b": "bc", "c": "cbba"} m=1 gates+2 gates-2 polys=3053 infeasible-exact
5278 {"a": "cab", "b": "ca", "c": "bbcb"} m=1 gates+2 gates-2 polys=746 infeasible-exact
5279 {"a": "cab", "b": "ca", "c": "bcbb"} m=1 gates+2 gates-2 polys=667 infeasible-exact
5280 {"a": "cab", "b": "cbcc", "c": "ab"} m=1 gates+2 gates-2 polys=746 infeasible-exact
5281 {"a": "cab", "b": "ccbc", "c": "ab"} m=1 gates+2 gates-2 polys=667 infeasible-exact
5282 {"a": "cba", "b": "cb", "c": "aaab"} m=1 gates+2 gates-2 polys=611 infeasible-exact
5283 {"a": "cba", "b": "cb", "c": "aaba"} m=1 gates+2 gates-2 polys=507 infeasible-exact
5284 {"a": "cba", "b": "cb", "c": "abaa"} m=1 gates+2 gates-2 polys=387 infeasible-exact
5285 {"a": "cba", "b": "cb", "c": "baaa"} m=1 gates+2 gates-2 polys=499 infeasible-exact
5286 {"a": "cba", "b": "aaac", "c": "cb"} m=1 gates+1 gates-3 polys=282 infeasible-exact
5287 {"a": "cba", "b": "cccb", "c": "ba"} m=1 gates+2 gates-2 polys=508 infeasible-exact
5288 {"a": "cbb", "b": "bab", "c": "ab"} m=1 gates+3 gates-1 polys=275 infeasible-exact
5289 {"a": "cbb", "b": "bacc", "c": "cb"} m=1 gates+2 gates-2 polys=2314 infeasible-exact
5290 {"a": "cbb", "b": "bcac", "c": "cb"} m=1 gates+2 gates-2 polys=2036 infeasible-exact
5291 {"a": "cbb", "b": "bcca", "c": "cb"} m=1 gates+2 gates-2 polys=3053 infeasible-exact
5292 {"a": "cbc", "b": "bc", "c": "abbc"} m=1 gates+3 gates-1 polys=296 infeasible-exact
5293 {"a": "cbc", "b": "bc", "c": "cabb"} m=1 gates+2 gates-2 polys=1488 infeasible-exact
5294 {"a": "cbc", "b": "bc", "c": "cbab"} m=1 gates+2 gates-2 polys=546 infeasible-exact
5295 {"a": "cbc", "b": "bc", "c": "cbba"} m=1 gates+2 gates-2 polys=860 infeasible-exact
5296 {"a": "cbc", "b": "cb", "c": "abbc"} m=1 gates+2 gates-2 polys=860 infeasible-exact
5297 {"a": "cbc", "b": "cb", "c": "babc"} m=1 gates+2 gates-2 polys=546 infeasible-exact
5298 {"a": "cbc", "b": "cb", "c": "bbac"} m=1 gates+2 gates-2 polys=1488 infeasible-exact
5299 {"a": "cbc", "b": "cb", "c": "cbba"} m=1 gates+1 gates-3 polys=296 infeasible-exact
stats m=1 [5200,5300) {"infeasible-exact": 100} time 20.3
5300 {"a": "ccb", "b": "ca", "c": "cac"} m=1 gates+1 gates-3 polys=275 infeasible-exact
5301 {"a": "ccb", "b": "cb", "c": "abbc"} m=1 gates+2 gates-2 polys=3053 infeasible-exact
5302 {"a": "ccb", "b": "cb", "c": "babc"} m=1 gates+2 gates-2 polys=2036 infeasible-exact
5303 {"a": "ccb", "b": "cb", "c": "bbac"} m=1 gates+2 gates-2 polys=2314 infeasible-exact
5304 {"a": "abbb", "b": "ca", "c": "cab"} m=1 gates+2 gates-2 polys=508 infeasible-exact
5305 {"a": "abbc", "b": "ab", "c": "aba"} m=1 gates+1 gates-3 polys=296 infeasible-exact
5306 {"a": "abbc", "b": "ba", "c": "aba"} m=1 gates+2 gates-2 polys=860 infeasible-exact
5307 {"a": "abbc", "b": "ba", "c": "baa"} m=1 gates+2 gates-2 polys=3053 infeasible-exact
5308 {"a": "abcb", "b": "ba", "c": "aba"} m=1 gates+2 gates-2 polys=546 infeasible-exact
5309 {"a": "abcb", "b": "ba", "c": "baa"} m=1 gates+2 gates-2 polys=2036 infeasible-exact
5310 {"a": "abcc", "b": "aca", "c": "ca"} m=1 gates+2 gates-2 polys=1488 infeasible-exact
5311 {"a": "abcc", "b": "caa", "c": "ca"} m=1 gates+2 gates-2 polys=2314 infeasible-exact
5312 {"a": "acbb", "b": "ba", "c": "aba"} m=1 gates+2 gates-2 polys=1488 infeasible-exact
5313 {"a": "acbb", "b": "ba", "c": "baa"} m=1 gates+2 gates-2 polys=2314 infeasible-exact
5314 {"a": "acbc", "b": "aca", "c": "ca"} m=1 gates+2 gates-2 polys=546 infeasible-exact
5315 {"a": "acbc", "b": "caa", "c": "ca"} m=1 gates+2 gates-2 polys=2036 infeasible-exact
5316 {"a": "accb", "b": "aca", "c": "ac"} m=1 gates+1 gates-3 polys=296 infeasible-exact
5317 {"a": "accb", "b": "aca", "c": "ca"} m=1 gates+2 gates-2 polys=860 infeasible-exact
5318 {"a": "accb", "b": "caa", "c": "ca"} m=1 gates+2 gates-2 polys=3053 infeasible-exact
5319 {"a": "accc", "b": "bac", "c": "ba"} m=1 gates+2 gates-2 polys=508 infeasible-exact
5320 {"a": "babb", "b": "ac", "c": "acb"} m=1 gates+2 gates-2 polys=667 infeasible-exact
5321 {"a": "babb", "b": "ca", "c": "bca"} m=1 gates+2 gates-2 polys=746 infeasible-exact
5322 {"a": "bbab", "b": "ac", "c": "acb"} m=1 gates+2 gates-2 polys=746 infeasible-exact
5323 {"a": "bbab", "b": "ca", "c": "bca"} m=1 gates+2 gates-2 polys=667 infeasible-exact
5324 {"a": "bbba", "b": "ac", "c": "bac"} m=1 gates+2 gates-2 polys=508 infeasible-exact
5325 {"a": "bbbc", "b": "acb", "c": "ac"} m=1 gates+2 gates-2 polys=611 infeasible-exact
5326 {"a": "bbbc", "b": "bca", "c": "ca"} m=1 gates+2 gates-2 polys=499 infeasible-exact
5327 {"a": "bbbc", "b": "cab", "c": "ca"} m=1 gates+1 gates-3 polys=282 infeasible-exact
5328 {"a": "bbca", "b": "ab", "c": "aab"} m=1 gates+2 gates-2 polys=2314 infeasible-exact
5329 {"a": "bbca", "b": "ab", "c": "aba"} m=1 gates+2 gates-2 polys=1488 infeasible-exact
5330 {"a": "bbcb", "b": "acb", "c": "ac"} m=1 gates+2 gates-2 polys=507 infeasible-exact
5331 {"a": "bbcb", "b": "bca", "c": "ca"} m=1 gates+2 gates-2 polys=387 infeasible-exact
5332 {"a": "bcba", "b": "ab", "c": "aab"} m=1 gates+2 gates-2 polys=2036 infeasible-exact
5333 {"a": "bcba", "b": "ab", "c": "aba"} m=1 gates+2 gates-2 polys=546 infeasible-exact
5334 {"a": "bcbb", "b": "acb", "c": "ac"} m=1 gates+2 gates-2 polys=387 infeasible-exact
5335 {"a": "bcbb", "b": "bca", "c": "ca"} m=1 gates+2 gates-2 polys=507 infeasible-exact
5336 {"a": "bcca", "b": "aac", "c": "ac"} m=1 gates+2 gates-2 polys=3053 infeasible-exact
5337 {"a": "bcca", "b": "aca", "c": "ac"} m=1 gates+2 gates-2 polys=860 infeasible-exact
5338 {"a": "bcca", "b": "aca", "c": "ca"} m=1 gates+3 gates-1 polys=296 infeasible-exact
5339 {"a": "bccc", "b": "ab", "c": "abc"} m=1 gates+2 gates-2 polys=499 infeasible-exact
5340 {"a": "bccc", "b": "ab", "c": "cab"} m=1 gates+3 gates-1 polys=282 infeasible-exact
5341 {"a": "bccc", "b": "ba", "c": "cba"} m=1 gates+2 gates-2 polys=611 infeasible-exact
5342 {"a": "cacc", "b": "abc", "c": "ab"} m=1 gates+2 gates-2 polys=667 infeasible-exact
5343 {"a": "cacc", "b": "cba", "c": "ba"} m=1 gates+2 gates-2 polys=746 infeasible-exact
5344 {"a": "cbba", "b": "ab", "c": "aab"} m=1 gates+2 gates-2 polys=3053 infeasible-exact
5345 {"a": "cbba", "b": "ab", "c": "aba"} m=1 gates+2 gates-2 polys=860 infeasible-exact
5346 {"a": "cbba", "b": "ba", "c": "aba"} m=1 gates+3 gates-1 polys=296 infeasible-exact
5347 {"a": "cbbb", "b": "acb", "c": "ac"} m=1 gates+2 gates-2 polys=499 infeasible-exact
5348 {"a": "cbbb", "b": "bac", "c": "ac"} m=1 gates+3 gates-1 polys=282 infeasible-exact
5349 {"a": "cbbb", "b": "bca", "c": "ca"} m=1 gates+2 gates-2 polys=611 infeasible-exact
5350 {"a": "cbca", "b": "aac", "c": "ac"} m=1 gates+2 gates-2 polys=2036 infeasible-exact
5351 {"a": "cbca", "b": "aca", "c": "ac"} m=1 gates+2 gates-2 polys=546 infeasible-exact
5352 {"a": "cbcc", "b": "ab", "c": "abc"} m=1 gates+2 gates-2 polys=387 infeasible-exact
5353 {"a": "cbcc", "b": "ba", "c": "cba"} m=1 gates+2 gates-2 polys=507 infeasible-exact
5354 {"a": "ccac", "b": "abc", "c": "ab"} m=1 gates+2 gates-2 polys=746 infeasible-exact
5355 {"a": "ccac", "b": "cba", "c": "ba"} m=1 gates+2 gates-2 polys=667 infeasible-exact
5356 {"a": "ccba", "b": "aac", "c": "ac"} m=1 gates+2 gates-2 polys=2314 infeasible-exact
5357 {"a": "ccba", "b": "aca", "c": "ac"} m=1 gates+2 gates-2 polys=1488 infeasible-exact
5358 {"a": "ccbc", "b": "ab", "c": "abc"} m=1 gates+2 gates-2 polys=507 infeasible-exact
5359 {"a": "ccbc", "b": "ba", "c": "cba"} m=1 gates+2 gates-2 polys=387 infeasible-exact
5360 {"a": "ccca", "b": "cab", "c": "ab"} m=1 gates+2 gates-2 polys=508 infeasible-exact
5361 {"a": "cccb", "b": "ab", "c": "abc"} m=1 gates+2 gates-2 polys=611 infeasible-exact
5362 {"a": "cccb", "b": "ba", "c": "bac"} m=1 gates+1 gates-3 polys=282 infeasible-exact
5363 {"a": "cccb", "b": "ba", "c": "cba"} m=1 gates+2 gates-2 polys=499 infeasible-exact
5364 {"a": "ab", "b": "abc", "c": "cabb"} m=1 gates+2 gates-2 polys=813 infeasible-exact
5365 {"a": "ab", "b": "abc", "c": "cbab"} m=1 gates+2 gates-2 polys=388 infeasible-exact
5366 {"a": "ab", "b": "bac", "c": "bacb"} m=1 gates+2 gates-2 polys=338 infeasible-exact
5367 {"a": "ab", "b": "bbc", "c": "abb"} m=1 gates+2 gates-2 polys=1608 infeasible-exact
5368 {"a": "ab", "b": "bbc", "c": "bab"} m=1 gates+2 gates-2 polys=901 infeasible-exact
5369 {"a": "ab", "b": "bca", "c": "bbca"} m=1 gates+2 gates-2 polys=477 infeasible-exact
5370 {"a": "ab", "b": "bca", "c": "bcab"} m=1 gates+2 gates-2 polys=363 infeasible-exact
5371 {"a": "ab", "b": "cab", "c": "bcab"} m=1 gates+3 gates-1 polys=302 infeasible-exact
5372 {"a": "ab", "b": "cba", "c": "cbab"} m=1 gates+2 gates-2 polys=351 infeasible-exact
5373 {"a": "ab", "b": "cbb", "c": "bab"} m=1 gates+3 gates-1 polys=275 infeasible-exact
5374 {"a": "ab", "b": "aabc", "c": "cab"} m=1 gates+2 gates-2 polys=336 infeasible-exact
5375 {"a": "ab", "b": "abac", "c": "cab"} m=1 gates+2 gates-2 polys=645 infeasible-exact
5376 {"a": "ab", "b": "abca", "c": "abc"} m=1 gates+1 gates-3 polys=302 infeasible-exact
5377 {"a": "ab", "b": "abca", "c": "cab"} m=1 gates+2 gates-2 polys=369 infeasible-exact
5378 {"a": "ab", "b": "acba", "c": "cba"} m=1 gates+2 gates-2 polys=1102 infeasible-exact
5379 {"a": "ab", "b": "bcaa", "c": "bca"} m=1 gates+2 gates-2 polys=787 infeasible-exact
5380 {"a": "ab", "b": "caab", "c": "bca"} m=1 gates+3 gates-1 polys=296 infeasible-exact
5381 {"a": "ab", "b": "caba", "c": "abc"} m=1 gates+1 gates-3 polys=292 infeasible-exact
5382 {"a": "ab", "b": "caba", "c": "cab"} m=1 gates+2 gates-2 polys=517 infeasible-exact
5383 {"a": "ab", "b": "cbaa", "c": "cba"} m=1 gates+2 gates-2 polys=1354 infeasible-exact
5384 {"a": "ac", "b": "acb", "c": "acba"} m=1 gates+1 gates-3 polys=302 infeasible-exact
5385 {"a": "ac", "b": "acb", "c": "baca"} m=1 gates+1 gates-3 polys=292 infeasible-exact
5386 {"a": "ac", "b": "acc", "c": "ccb"} m=1 gates+2 gates-2 polys=1608 infeasible-exact
5387 {"a": "ac", "b": "bac", "c": "aacb"} m=1 gates+2 gates-2 polys=336 infeasible-exact
5388 {"a": "ac", "b": "bac", "c": "acab"} m=1 gates+2 gates-2 polys=645 infeasible-exact
5389 {"a": "ac", "b": "bac", "c": "acba"} m=1 gates+2 gates-2 polys=369 infeasible-exact
5390 {"a": "ac", "b": "bac", "c": "baca"} m=1 gates+2 gates-2 polys=517 infeasible-exact
5391 {"a": "ac", "b": "bca", "c": "abca"} m=1 gates+2 gates-2 polys=1102 infeasible-exact
5392 {"a": "ac", "b": "bca", "c": "bcaa"} m=1 gates+2 gates-2 polys=1354 infeasible-exact
5393 {"a": "ac", "b": "cac", "c": "bcc"} m=1 gates+3 gates-1 polys=275 infeasible-exact
5394 {"a": "ac", "b": "cac", "c": "ccb"} m=1 gates+2 gates-2 polys=901 infeasible-exact
5395 {"a": "ac", "b": "cba", "c": "baac"} m=1 gates+3 gates-1 polys=296 infeasible-exact
5396 {"a": "ac", "b": "cba", "c": "cbaa"} m=1 gates+2 gates-2 polys=787 infeasible-exact
5397 {"a": "ac", "b": "bacc", "c": "acb"} m=1 gates+2 gates-2 polys=813 infeasible-exact
5398 {"a": "ac", "b": "bcac", "c": "acb"} m=1 gates+2 gates-2 polys=388 infeasible-exact
5399 {"a": "ac", "b": "bcac", "c": "bca"} m=1 gates+2 gates-2 polys=351 infeasible-exact
stats m=1 [5300,5400) {"infeasible-exact": 100} time 21.2
5400 {"a": "ac", "b": "cabc", "c": "cab"} m=1 gates+2 gates-2 polys=338 infeasible-exact
5401 {"a": "ac", "b": "cbac", "c": "bac"} m=1 gates+3 gates-1 polys=302 infeasible-exact
5402 {"a": "ac", "b": "cbac", "c": "cba"} m=1 gates+2 gates-2 polys=363 infeasible-exact
5403 {"a": "ac", "b": "ccba", "c": "cba"} m=1 gates+2 gates-2 polys=477 infeasible-exact
5404 {"a": "ba", "b": "abc", "c": "babc"} m=1 gates+2 gates-2 polys=351 infeasible-exact
5405 {"a": "ba", "b": "acb", "c": "acbb"} m=1 gates+2 gates-2 polys=477 infeasible-exact
5406 {"a": "ba", "b": "acb", "c": "bacb"} m=1 gates+2 gates-2 polys=363 infeasible-exact
5407 {"a": "ba", "b": "bac", "c": "bacb"} m=1 gates+1 gates-3 polys=302 infeasible-exact
5408 {"a": "ba", "b": "bbc", "c": "bab"} m=1 gates+1 gates-3 polys=275 infeasible-exact
5409 {"a": "ba", "b": "cab", "c": "bcab"} m=1 gates+2 gates-2 polys=338 infeasible-exact
5410 {"a": "ba", "b": "cba", "c": "babc"} m=1 gates+2 gates-2 polys=388 infeasible-exact
5411 {"a": "ba", "b": "cba", "c": "bbac"} m=1 gates+2 gates-2 polys=813 infeasible-exact
5412 {"a": "ba", "b": "cbb", "c": "bab"} m=1 gates+2 gates-2 polys=901 infeasible-exact
5413 {"a": "ba", "b": "cbb", "c": "bba"} m=1 gates+2 gates-2 polys=1608 infeasible-exact
5414 {"a": "ba", "b": "aabc", "c": "abc"} m=1 gates+2 gates-2 polys=1354 infeasible-exact
5415 {"a": "ba", "b": "aacb", "c": "acb"} m=1 gates+2 gates-2 polys=787 infeasible-exact
5416 {"a": "ba", "b": "abac", "c": "bac"} m=1 gates+2 gates-2 polys=517 infeasible-exact
5417 {"a": "ba", "b": "abac", "c": "cba"} m=1 gates+3 gates-1 polys=292 infeasible-exact
5418 {"a": "ba", "b": "abca", "c": "abc"} m=1 gates+2 gates-2 polys=1102 infeasible-exact
5419 {"a": "ba", "b": "acba", "c": "bac"} m=1 gates+2 gates-2 polys=369 infeasible-exact
5420 {"a": "ba", "b": "acba", "c": "cba"} m=1 gates+3 gates-1 polys=302 infeasible-exact
5421 {"a": "ba", "b": "baac", "c": "acb"} m=1 gates+1 gates-3 polys=296 infeasible-exact
5422 {"a": "ba", "b": "caba", "c": "bac"} m=1 gates+2 gates-2 polys=645 infeasible-exact
5423 {"a": "ba", "b": "cbaa", "c": "bac"} m=1 gates+2 gates-2 polys=336 infeasible-exact
5424 {"a": "bc", "b": "abb", "c": "abbc"} m=1 gates+2 gates-2 polys=545 infeasible-exact
5425 {"a": "bc", "b": "abb", "c": "cabb"} m=1 gates+3 gates-1 polys=286 infeasible-exact
5426 {"a": "bc", "b": "abc", "c": "cbc"} m=1 gates+3 gates-1 polys=287 infeasible-exact
5427 {"a": "bc", "b": "acb", "c": "bcc"} m=1 gates+2 gates-2 polys=956 infeasible-exact
5428 {"a": "bc", "b": "bab", "c": "bcba"} m=1 gates+1 gates-3 polys=294 infeasible-exact
5429 {"a": "bc", "b": "bba", "c": "cbba"} m=1 gates+2 gates-2 polys=613 infeasible-exact
5430 {"a": "bc", "b": "bbc", "c": "cab"} m=1 gates+2 gates-2 polys=473 infeasible-exact
5431 {"a": "bc", "b": "bbc", "c": "cba"} m=1 gates+2 gates-2 polys=956 infeasible-exact
5432 {"a": "bc", "b": "bcb", "c": "bca"} m=1 gates+1 gates-3 polys=287 infeasible-exact
5433 {"a": "bc", "b": "cab", "c": "bcc"} m=1 gates+2 gates-2 polys=473 infeasible-exact
5434 {"a": "bc", "b": "acbc", "c": "cac"} m=1 gates+3 gates-1 polys=294 infeasible-exact
5435 {"a": "bc", "b": "accb", "c": "acc"} m=1 gates+2 gates-2 polys=613 infeasible-exact
5436 {"a": "bc", "b": "bcca", "c": "cca"} m=1 gates+2 gates-2 polys=545 infeasible-exact
5437 {"a": "bc", "b": "ccab", "c": "cca"} m=1 gates+1 gates-3 polys=286 infeasible-exact
5438 {"a": "ca", "b": "abc", "c": "aabc"} m=1 gates+2 gates-2 polys=787 infeasible-exact
5439 {"a": "ca", "b": "abc", "c": "caab"} m=1 gates+1 gates-3 polys=296 infeasible-exact
5440 {"a": "ca", "b": "acb", "c": "aacb"} m=1 gates+2 gates-2 polys=1354 infeasible-exact
5441 {"a": "ca", "b": "acb", "c": "acba"} m=1 gates+2 gates-2 polys=1102 infeasible-exact
5442 {"a": "ca", "b": "bca", "c": "abca"} m=1 gates+3 gates-1 polys=302 infeasible-exact
5443 {"a": "ca", "b": "bca", "c": "acab"} m=1 gates+3 gates-1 polys=292 infeasible-exact
5444 {"a": "ca", "b": "cab", "c": "abca"} m=1 gates+2 gates-2 polys=369 infeasible-exact
5445 {"a": "ca", "b": "cab", "c": "acab"} m=1 gates+2 gates-2 polys=517 infeasible-exact
5446 {"a": "ca", "b": "cab", "c": "baca"} m=1 gates+2 gates-2 polys=645 infeasible-exact
5447 {"a": "ca", "b": "cab", "c": "bcaa"} m=1 gates+2 gates-2 polys=336 infeasible-exact
5448 {"a": "ca", "b": "cac", "c": "bcc"} m=1 gates+2 gates-2 polys=901 infeasible-exact
5449 {"a": "ca", "b": "cac", "c": "ccb"} m=1 gates+1 gates-3 polys=275 infeasible-exact
5450 {"a": "ca", "b": "cca", "c": "bcc"} m=1 gates+2 gates-2 polys=1608 infeasible-exact
5451 {"a": "ca", "b": "abcc", "c": "abc"} m=1 gates+2 gates-2 polys=477 infeasible-exact
5452 {"a": "ca", "b": "cabc", "c": "abc"} m=1 gates+2 gates-2 polys=363 infeasible-exact
5453 {"a": "ca", "b": "cabc", "c": "cab"} m=1 gates+1 gates-3 polys=302 infeasible-exact
5454 {"a": "ca", "b": "cacb", "c": "acb"} m=1 gates+2 gates-2 polys=351 infeasible-exact
5455 {"a": "ca", "b": "cacb", "c": "bca"} m=1 gates+2 gates-2 polys=388 infeasible-exact
5456 {"a": "ca", "b": "cbac", "c": "bac"} m=1 gates+2 gates-2 polys=338 infeasible-exact
5457 {"a": "ca", "b": "ccab", "c": "bca"} m=1 gates+2 gates-2 polys=813 infeasible-exact
5458 {"a": "cb", "b": "abb", "c": "abbc"} m=1 gates+2 gates-2 polys=613 infeasible-exact
5459 {"a": "cb", "b": "bab", "c": "abcb"} m=1 gates+3 gates-1 polys=294 infeasible-exact
5460 {"a": "cb", "b": "bac", "c": "ccb"} m=1 gates+2 gates-2 polys=473 infeasible-exact
5461 {"a": "cb", "b": "bba", "c": "bbac"} m=1 gates+1 gates-3 polys=286 infeasible-exact
5462 {"a": "cb", "b": "bba", "c": "cbba"} m=1 gates+2 gates-2 polys=545 infeasible-exact
5463 {"a": "cb", "b": "bca", "c": "ccb"} m=1 gates+2 gates-2 polys=956 infeasible-exact
5464 {"a": "cb", "b": "bcb", "c": "acb"} m=1 gates+3 gates-1 polys=287 infeasible-exact
5465 {"a": "cb", "b": "cba", "c": "cbc"} m=1 gates+1 gates-3 polys=287 infeasible-exact
5466 {"a": "cb", "b": "cbb", "c": "abc"} m=1 gates+2 gates-2 polys=956 infeasible-exact
5467 {"a": "cb", "b": "cbb", "c": "bac"} m=1 gates+2 gates-2 polys=473 infeasible-exact
5468 {"a": "cb", "b": "accb", "c": "acc"} m=1 gates+2 gates-2 polys=545 infeasible-exact
5469 {"a": "cb", "b": "bacc", "c": "acc"} m=1 gates+3 gates-1 polys=286 infeasible-exact
5470 {"a": "cb", "b": "bcca", "c": "cca"} m=1 gates+2 gates-2 polys=613 infeasible-exact
5471 {"a": "cb", "b": "cbca", "c": "cac"} m=1 gates+1 gates-3 polys=294 infeasible-exact
5472 {"a": "aab", "b": "ac", "c": "caab"} m=1 gates+2 gates-2 polys=613 infeasible-exact
5473 {"a": "aab", "b": "ca", "c": "aabc"} m=1 gates+1 gates-3 polys=286 infeasible-exact
5474 {"a": "aab", "b": "ca", "c": "caab"} m=1 gates+2 gates-2 polys=545 infeasible-exact
5475 {"a": "aab", "b": "aca", "c": "ac"} m=1 gates+1 gates-3 polys=275 infeasible-exact
5476 {"a": "aab", "b": "aca", "c": "ca"} m=1 gates+2 gates-2 polys=901 infeasible-exact
5477 {"a": "aab", "b": "bac", "c": "ab"} m=1 gates+2 gates-2 polys=956 infeasible-exact
5478 {"a": "aab", "b": "bca", "c": "ab"} m=1 gates+2 gates-2 polys=473 infeasible-exact
5479 {"a": "aab", "b": "caa", "c": "ca"} m=1 gates+2 gates-2 polys=1608 infeasible-exact
5480 {"a": "aac", "b": "ab", "c": "aba"} m=1 gates+1 gates-3 polys=275 infeasible-exact
5481 {"a": "aac", "b": "ac", "c": "cab"} m=1 gates+2 gates-2 polys=956 infeasible-exact
5482 {"a": "aac", "b": "ac", "c": "cba"} m=1 gates+2 gates-2 polys=473 infeasible-exact
5483 {"a": "aac", "b": "ba", "c": "aba"} m=1 gates+2 gates-2 polys=901 infeasible-exact
5484 {"a": "aac", "b": "ba", "c": "baa"} m=1 gates+2 gates-2 polys=1608 infeasible-exact
5485 {"a": "aac", "b": "aacb", "c": "ba"} m=1 gates+1 gates-3 polys=286 infeasible-exact
5486 {"a": "aac", "b": "baac", "c": "ab"} m=1 gates+2 gates-2 polys=613 infeasible-exact
5487 {"a": "aac", "b": "baac", "c": "ba"} m=1 gates+2 gates-2 polys=545 infeasible-exact
5488 {"a": "aba", "b": "ac", "c": "acab"} m=1 gates+1 gates-3 polys=294 infeasible-exact
5489 {"a": "aba", "b": "ca", "c": "baca"} m=1 gates+3 gates-1 polys=294 infeasible-exact
5490 {"a": "aba", "b": "abc", "c": "ab"} m=1 gates+1 gates-3 polys=287 infeasible-exact
5491 {"a": "aba", "b": "cba", "c": "ba"} m=1 gates+3 gates-1 polys=287 infeasible-exact
5492 {"a": "abc", "b": "ab", "c": "abca"} m=1 gates+1 gates-3 polys=302 infeasible-exact
5493 {"a": "abc", "b": "ba", "c": "abca"} m=1 gates+2 gates-2 polys=338 infeasible-exact
5494 {"a": "abc", "b": "bc", "c": "abcb"} m=1 gates+2 gates-2 polys=517 infeasible-exact
5495 {"a": "abc", "b": "bc", "c": "bbca"} m=1 gates+2 gates-2 polys=336 infeasible-exact
5496 {"a": "abc", "b": "bc", "c": "bcab"} m=1 gates+2 gates-2 polys=369 infeasible-exact
5497 {"a": "abc", "b": "bc", "c": "bcba"} m=1 gates+2 gates-2 polys=645 infeasible-exact
5498 {"a": "abc", "b": "ca", "c": "cca"} m=1 gates+2 gates-2 polys=473 infeasible-exact
5499 {"a": "abc", "b": "bba", "c": "ba"} m=1 gates+2 gates-2 polys=956 infeasible-exact
stats m=1 [5400,5500) {"infeasible-exact": 100} time 14.0
5500 {"a": "abc", "b": "aabc", "c": "ca"} m=1 gates+2 gates-2 polys=477 infeasible-exact
5501 {"a": "abc", "b": "abca", "c": "ca"} m=1 gates+2 gates-2 polys=363 infeasible-exact
5502 {"a": "abc", "b": "abcc", "c": "cb"} m=1 gates+2 gates-2 polys=1354 infeasible-exact
5503 {"a": "abc", "b": "cabc", "c": "bc"} m=1 gates+3 gates-1 polys=302 infeasible-exact
5504 {"a": "abc", "b": "cabc", "c": "cb"} m=1 gates+2 gates-2 polys=1102 infeasible-exact
5505 {"a": "abc", "b": "cbca", "c": "bc"} m=1 gates+3 gates-1 polys=292 infeasible-exact
5506 {"a": "aca", "b": "ac", "c": "acb"} m=1 gates+1 gates-3 polys=287 infeasible-exact
5507 {"a": "aca", "b": "ca", "c": "bca"} m=1 gates+3 gates-1 polys=287 infeasible-exact
5508 {"a": "aca", "b": "abac", "c": "ab"} m=1 gates+1 gates-3 polys=294 infeasible-exact
5509 {"a": "aca", "b": "caba", "c": "ba"} m=1 gates+3 gates-1 polys=294 infeasible-exact
5510 {"a": "acb", "b": "ba", "c": "aacb"} m=1 gates+2 gates-2 polys=477 infeasible-exact
5511 {"a": "acb", "b": "ba", "c": "acba"} m=1 gates+2 gates-2 polys=363 infeasible-exact
5512 {"a": "acb", "b": "bc", "c": "acbb"} m=1 gates+2 gates-2 polys=1354 infeasible-exact
5513 {"a": "acb", "b": "bc", "c": "bacb"} m=1 gates+2 gates-2 polys=1102 infeasible-exact
5514 {"a": "acb", "b": "ca", "c": "cca"} m=1 gates+2 gates-2 polys=956 infeasible-exact
5515 {"a": "acb", "b": "cb", "c": "bacb"} m=1 gates+3 gates-1 polys=302 infeasible-exact
5516 {"a": "acb", "b": "cb", "c": "bcba"} m=1 gates+3 gates-1 polys=292 infeasible-exact
5517 {"a": "acb", "b": "bba", "c": "ba"} m=1 gates+2 gates-2 polys=473 infeasible-exact
5518 {"a": "acb", "b": "acba", "c": "ac"} m=1 gates+1 gates-3 polys=302 infeasible-exact
5519 {"a": "acb", "b": "acba", "c": "ca"} m=1 gates+2 gates-2 polys=338 infeasible-exact
5520 {"a": "acb", "b": "acbc", "c": "cb"} m=1 gates+2 gates-2 polys=517 infeasible-exact
5521 {"a": "acb", "b": "cbac", "c": "cb"} m=1 gates+2 gates-2 polys=369 infeasible-exact
5522 {"a": "acb", "b": "cbca", "c": "cb"} m=1 gates+2 gates-2 polys=645 infeasible-exact
5523 {"a": "acb", "b": "ccba", "c": "cb"} m=1 gates+2 gates-2 polys=336 infeasible-exact
5524 {"a": "baa", "b": "ac", "c": "baac"} m=1 gates+2 gates-2 polys=545 infeasible-exact
5525 {"a": "baa", "b": "ac", "c": "cbaa"} m=1 gates+3 gates-1 polys=286 infeasible-exact
5526 {"a": "baa", "b": "ca", "c": "baac"} m=1 gates+2 gates-2 polys=613 infeasible-exact
5527 {"a": "baa", "b": "aac", "c": "ac"} m=1 gates+2 gates-2 polys=1608 infeasible-exact
5528 {"a": "baa", "b": "aca", "c": "ac"} m=1 gates+2 gates-2 polys=901 infeasible-exact
5529 {"a": "baa", "b": "aca", "c": "ca"} m=1 gates+3 gates-1 polys=275 infeasible-exact
5530 {"a": "baa", "b": "acb", "c": "ba"} m=1 gates+2 gates-2 polys=473 infeasible-exact
5531 {"a": "baa", "b": "cab", "c": "ba"} m=1 gates+2 gates-2 polys=956 infeasible-exact
5532 {"a": "bac", "b": "ab", "c": "abac"} m=1 gates+2 gates-2 polys=351 infeasible-exact
5533 {"a": "bac", "b": "ac", "c": "cac"} m=1 gates+3 gates-1 polys=287 infeasible-exact
5534 {"a": "bac", "b": "ba", "c": "caba"} m=1 gates+2 gates-2 polys=388 infeasible-exact
5535 {"a": "bac", "b": "ba", "c": "cbaa"} m=1 gates+2 gates-2 polys=813 infeasible-exact
5536 {"a": "bac", "b": "cb", "c": "bbac"} m=1 gates+2 gates-2 polys=787 infeasible-exact
5537 {"a": "bac", "b": "cb", "c": "cbba"} m=1 gates+1 gates-3 polys=296 infeasible-exact
5538 {"a": "bac", "b": "bab", "c": "ba"} m=1 gates+1 gates-3 polys=287 infeasible-exact
5539 {"a": "bac", "b": "aacb", "c": "ac"} m=1 gates+2 gates-2 polys=813 infeasible-exact
5540 {"a": "bac", "b": "acab", "c": "ac"} m=1 gates+2 gates-2 polys=388 infeasible-exact
5541 {"a": "bac", "b": "accb", "c": "cb"} m=1 gates+3 gates-1 polys=296 infeasible-exact
5542 {"a": "bac", "b": "baca", "c": "ca"} m=1 gates+2 gates-2 polys=351 infeasible-exact
5543 {"a": "bac", "b": "bacc", "c": "cb"} m=1 gates+2 gates-2 polys=787 infeasible-exact
5544 {"a": "bbc", "b": "abb", "c": "bc"} m=1 gates+2 gates-2 polys=1608 infeasible-exact
5545 {"a": "bca", "b": "ab", "c": "abca"} m=1 gates+2 gates-2 polys=363 infeasible-exact
5546 {"a": "bca", "b": "ab", "c": "bcaa"} m=1 gates+2 gates-2 polys=477 infeasible-exact
5547 {"a": "bca", "b": "ac", "c": "acc"} m=1 gates+2 gates-2 polys=956 infeasible-exact
5548 {"a": "bca", "b": "bc", "c": "abcb"} m=1 gates+1 gates-3 polys=292 infeasible-exact
5549 {"a": "bca", "b": "bc", "c": "bcab"} m=1 gates+1 gates-3 polys=302 infeasible-exact
5550 {"a": "bca", "b": "cb", "c": "bbca"} m=1 gates+2 gates-2 polys=1354 infeasible-exact
5551 {"a": "bca", "b": "cb", "c": "bcab"} m=1 gates+2 gates-2 polys=1102 infeasible-exact
5552 {"a": "bca", "b": "abb", "c": "ab"} m=1 gates+2 gates-2 polys=473 infeasible-exact
5553 {"a": "bca", "b": "abca", "c": "ac"} m=1 gates+2 gates-2 polys=338 infeasible-exact
5554 {"a": "bca", "b": "abca", "c": "ca"} m=1 gates+3 gates-1 polys=302 infeasible-exact
5555 {"a": "bca", "b": "abcc", "c": "bc"} m=1 gates+2 gates-2 polys=336 infeasible-exact
5556 {"a": "bca", "b": "acbc", "c": "bc"} m=1 gates+2 gates-2 polys=645 infeasible-exact
5557 {"a": "bca", "b": "cabc", "c": "bc"} m=1 gates+2 gates-2 polys=369 infeasible-exact
5558 {"a": "bca", "b": "cbca", "c": "bc"} m=1 gates+2 gates-2 polys=517 infeasible-exact
5559 {"a": "bcb", "b": "abb", "c": "bc"} m=1 gates+2 gates-2 polys=901 infeasible-exact
5560 {"a": "bcb", "b": "abb", "c": "cb"} m=1 gates+3 gates-1 polys=275 infeasible-exact
5561 {"a": "bcb", "b": "bba", "c": "bc"} m=1 gates+1 gates-3 polys=275 infeasible-exact
5562 {"a": "bcb", "b": "bba", "c": "cb"} m=1 gates+2 gates-2 polys=901 infeasible-exact
5563 {"a": "bcc", "b": "bc", "c": "cca"} m=1 gates+2 gates-2 polys=1608 infeasible-exact
5564 {"a": "caa", "b": "ab", "c": "aab"} m=1 gates+2 gates-2 polys=1608 infeasible-exact
5565 {"a": "caa", "b": "ab", "c": "aba"} m=1 gates+2 gates-2 polys=901 infeasible-exact
5566 {"a": "caa", "b": "ba", "c": "aba"} m=1 gates+3 gates-1 polys=275 infeasible-exact
5567 {"a": "caa", "b": "ca", "c": "abc"} m=1 gates+2 gates-2 polys=473 infeasible-exact
5568 {"a": "caa", "b": "ca", "c": "bac"} m=1 gates+2 gates-2 polys=956 infeasible-exact
5569 {"a": "caa", "b": "bcaa", "c": "ab"} m=1 gates+3 gates-1 polys=286 infeasible-exact
5570 {"a": "caa", "b": "caab", "c": "ab"} m=1 gates+2 gates-2 polys=545 infeasible-exact
5571 {"a": "caa", "b": "caab", "c": "ba"} m=1 gates+2 gates-2 polys=613 infeasible-exact
5572 {"a": "cab", "b": "ab", "c": "aabc"} m=1 gates+2 gates-2 polys=813 infeasible-exact
5573 {"a": "cab", "b": "ab", "c": "abac"} m=1 gates+2 gates-2 polys=388 infeasible-exact
5574 {"a": "cab", "b": "ba", "c": "caba"} m=1 gates+2 gates-2 polys=351 infeasible-exact
5575 {"a": "cab", "b": "bc", "c": "abbc"} m=1 gates+3 gates-1 polys=296 infeasible-exact
5576 {"a": "cab", "b": "bc", "c": "cabb"} m=1 gates+2 gates-2 polys=787 infeasible-exact
5577 {"a": "cab", "b": "ca", "c": "cac"} m=1 gates+1 gates-3 polys=287 infeasible-exact
5578 {"a": "cab", "b": "bab", "c": "ab"} m=1 gates+3 gates-1 polys=287 infeasible-exact
5579 {"a": "cab", "b": "acab", "c": "ac"} m=1 gates+2 gates-2 polys=351 infeasible-exact
5580 {"a": "cab", "b": "baca", "c": "ca"} m=1 gates+2 gates-2 polys=388 infeasible-exact
5581 {"a": "cab", "b": "bcaa", "c": "ca"} m=1 gates+2 gates-2 polys=813 infeasible-exact
5582 {"a": "cab", "b": "bcca", "c": "bc"} m=1 gates+1 gates-3 polys=296 infeasible-exact
5583 {"a": "cab", "b": "ccab", "c": "bc"} m=1 gates+2 gates-2 polys=787 infeasible-exact
5584 {"a": "cba", "b": "ab", "c": "acba"} m=1 gates+2 gates-2 polys=338 infeasible-exact
5585 {"a": "cba", "b": "ac", "c": "acc"} m=1 gates+2 gates-2 polys=473 infeasible-exact
5586 {"a": "cba", "b": "ba", "c": "acba"} m=1 gates+3 gates-1 polys=302 infeasible-exact
5587 {"a": "cba", "b": "cb", "c": "abcb"} m=1 gates+2 gates-2 polys=645 infeasible-exact
5588 {"a": "cba", "b": "cb", "c": "acbb"} m=1 gates+2 gates-2 polys=336 infeasible-exact
5589 {"a": "cba", "b": "cb", "c": "bacb"} m=1 gates+2 gates-2 polys=369 infeasible-exact
5590 {"a": "cba", "b": "cb", "c": "bcba"} m=1 gates+2 gates-2 polys=517 infeasible-exact
5591 {"a": "cba", "b": "abb", "c": "ab"} m=1 gates+2 gates-2 polys=956 infeasible-exact
5592 {"a": "cba", "b": "acba", "c": "ac"} m=1 gates+2 gates-2 polys=363 infeasible-exact
5593 {"a": "cba", "b": "acbc", "c": "cb"} m=1 gates+1 gates-3 polys=292 infeasible-exact
5594 {"a": "cba", "b": "cbaa", "c": "ac"} m=1 gates+2 gates-2 polys=477 infeasible-exact
5595 {"a": "cba", "b": "cbac", "c": "bc"} m=1 gates+2 gates-2 polys=1102 infeasible-exact
5596 {"a": "cba", "b": "cbac", "c": "cb"} m=1 gates+1 gates-3 polys=302 infeasible-exact
5597 {"a": "cba", "b": "ccba", "c": "bc"} m=1 gates+2 gates-2 polys=1354 infeasible-exact
5598 {"a": "cbb", "b": "bba", "c": "cb"} m=1 gates+2 gates-2 polys=1608 infeasible-exact
5599 {"a": "cbc", "b": "bc", "c": "acc"} m=1 gates+3 gates-1 polys=275 infeasible-exact
stats m=1 [5500,5600) {"infeasible-exact": 100} time 16.0
5600 {"a": "cbc", "b": "bc", "c": "cca"} m=1 gates+2 gates-2 polys=901 infeasible-exact
5601 {"a": "cbc", "b": "cb", "c": "acc"} m=1 gates+2 gates-2 polys=901 infeasible-exact
5602 {"a": "cbc", "b": "cb", "c": "cca"} m=1 gates+1 gates-3 polys=275 infeasible-exact
5603 {"a": "ccb", "b": "cb", "c": "acc"} m=1 gates+2 gates-2 polys=1608 infeasible-exact
5604 {"a": "abbc", "b": "ab", "c": "bca"} m=1 gates+1 gates-3 polys=296 infeasible-exact
5605 {"a": "abbc", "b": "bbc", "c": "ab"} m=1 gates+2 gates-2 polys=545 infeasible-exact
5606 {"a": "abbc", "b": "bbc", "c": "ba"} m=1 gates+2 gates-2 polys=613 infeasible-exact
5607 {"a": "abcb", "b": "abc", "c": "cb"} m=1 gates+2 gates-2 polys=351 infeasible-exact
5608 {"a": "abcb", "b": "cba", "c": "cb"} m=1 gates+2 gates-2 polys=388 infeasible-exact
5609 {"a": "abcc", "b": "bc", "c": "bca"} m=1 gates+2 gates-2 polys=813 infeasible-exact
5610 {"a": "abcc", "b": "ca", "c": "bcc"} m=1 gates+3 gates-1 polys=286 infeasible-exact
5611 {"a": "abcc", "b": "abc", "c": "ca"} m=1 gates+2 gates-2 polys=787 infeasible-exact
5612 {"a": "acbb", "b": "ba", "c": "acb"} m=1 gates+2 gates-2 polys=787 infeasible-exact
5613 {"a": "acbb", "b": "cba", "c": "cb"} m=1 gates+2 gates-2 polys=813 infeasible-exact
5614 {"a": "acbb", "b": "cbb", "c": "ba"} m=1 gates+3 gates-1 polys=286 infeasible-exact
5615 {"a": "acbc", "b": "bc", "c": "acb"} m=1 gates+2 gates-2 polys=351 infeasible-exact
5616 {"a": "acbc", "b": "bc", "c": "bca"} m=1 gates+2 gates-2 polys=388 infeasible-exact
5617 {"a": "accb", "b": "ac", "c": "ccb"} m=1 gates+2 gates-2 polys=545 infeasible-exact
5618 {"a": "accb", "b": "ca", "c": "ccb"} m=1 gates+2 gates-2 polys=613 infeasible-exact
5619 {"a": "accb", "b": "cba", "c": "ac"} m=1 gates+1 gates-3 polys=296 infeasible-exact
5620 {"a": "babc", "b": "ab", "c": "abc"} m=1 gates+2 gates-2 polys=517 infeasible-exact
5621 {"a": "babc", "b": "ab", "c": "cab"} m=1 gates+3 gates-1 polys=292 infeasible-exact
5622 {"a": "babc", "b": "ba", "c": "cba"} m=1 gates+2 gates-2 polys=645 infeasible-exact
5623 {"a": "babc", "b": "bcb", "c": "ba"} m=1 gates+1 gates-3 polys=294 infeasible-exact
5624 {"a": "bacb", "b": "ab", "c": "bac"} m=1 gates+2 gates-2 polys=1102 infeasible-exact
5625 {"a": "bacb", "b": "ba", "c": "bac"} m=1 gates+1 gates-3 polys=302 infeasible-exact
5626 {"a": "bacb", "b": "ba", "c": "cba"} m=1 gates+2 gates-2 polys=369 infeasible-exact
5627 {"a": "bacb", "b": "acb", "c": "bc"} m=1 gates+2 gates-2 polys=338 infeasible-exact
5628 {"a": "bacb", "b": "acb", "c": "cb"} m=1 gates+3 gates-1 polys=302 infeasible-exact
5629 {"a": "bacb", "b": "bac", "c": "cb"} m=1 gates+2 gates-2 polys=363 infeasible-exact
5630 {"a": "bacc", "b": "cb", "c": "bac"} m=1 gates+2 gates-2 polys=477 infeasible-exact
5631 {"a": "bacc", "b": "acb", "c": "ac"} m=1 gates+2 gates-2 polys=336 infeasible-exact
5632 {"a": "bacc", "b": "bac", "c": "ca"} m=1 gates+2 gates-2 polys=1354 infeasible-exact
5633 {"a": "bbac", "b": "ab", "c": "bac"} m=1 gates+2 gates-2 polys=1354 infeasible-exact
5634 {"a": "bbac", "b": "ba", "c": "cba"} m=1 gates+2 gates-2 polys=336 infeasible-exact
5635 {"a": "bbac", "b": "bac", "c": "cb"} m=1 gates+2 gates-2 polys=477 infeasible-exact
5636 {"a": "bbca", "b": "ab", "c": "bca"} m=1 gates+2 gates-2 polys=787 infeasible-exact
5637 {"a": "bbca", "b": "abc", "c": "bc"} m=1 gates+2 gates-2 polys=813 infeasible-exact
5638 {"a": "bbca", "b": "bbc", "c": "ab"} m=1 gates+1 gates-3 polys=286 infeasible-exact
5639 {"a": "bcab", "b": "ab", "c": "abc"} m=1 gates+2 gates-2 polys=369 infeasible-exact
5640 {"a": "bcab", "b": "ab", "c": "cab"} m=1 gates+3 gates-1 polys=302 infeasible-exact
5641 {"a": "bcab", "b": "ba", "c": "cab"} m=1 gates+2 gates-2 polys=1102 infeasible-exact
5642 {"a": "bcab", "b": "bca", "c": "bc"} m=1 gates+1 gates-3 polys=302 infeasible-exact
5643 {"a": "bcab", "b": "bca", "c": "cb"} m=1 gates+2 gates-2 polys=338 infeasible-exact
5644 {"a": "bcab", "b": "cab", "c": "bc"} m=1 gates+2 gates-2 polys=363 infeasible-exact
5645 {"a": "bcac", "b": "ac", "c": "cbc"} m=1 gates+3 gates-1 polys=294 infeasible-exact
5646 {"a": "bcac", "b": "acb", "c": "ac"} m=1 gates+2 gates-2 polys=645 infeasible-exact
5647 {"a": "bcac", "b": "bca", "c": "ca"} m=1 gates+2 gates-2 polys=517 infeasible-exact
5648 {"a": "bcac", "b": "cab", "c": "ca"} m=1 gates+1 gates-3 polys=292 infeasible-exact
5649 {"a": "bcba", "b": "abc", "c": "bc"} m=1 gates+2 gates-2 polys=388 infeasible-exact
5650 {"a": "bcba", "b": "cba", "c": "bc"} m=1 gates+2 gates-2 polys=351 infeasible-exact
5651 {"a": "bcca", "b": "ac", "c": "bcc"} m=1 gates+2 gates-2 polys=613 infeasible-exact
5652 {"a": "bcca", "b": "ca", "c": "bcc"} m=1 gates+2 gates-2 polys=545 infeasible-exact
5653 {"a": "bcca", "b": "abc", "c": "ca"} m=1 gates+3 gates-1 polys=296 infeasible-exact
5654 {"a": "cabb", "b": "ab", "c": "abc"} m=1 gates+2 gates-2 polys=336 infeasible-exact
5655 {"a": "cabb", "b": "ba", "c": "cab"} m=1 gates+2 gates-2 polys=1354 infeasible-exact
5656 {"a": "cabb", "b": "cab", "c": "bc"} m=1 gates+2 gates-2 polys=477 infeasible-exact
5657 {"a": "cabc", "b": "bc", "c": "abc"} m=1 gates+3 gates-1 polys=302 infeasible-exact
5658 {"a": "cabc", "b": "bc", "c": "cab"} m=1 gates+2 gates-2 polys=363 infeasible-exact
5659 {"a": "cabc", "b": "cb", "c": "abc"} m=1 gates+2 gates-2 polys=338 infeasible-exact
5660 {"a": "cabc", "b": "bca", "c": "ca"} m=1 gates+2 gates-2 polys=369 infeasible-exact
5661 {"a": "cabc", "b": "cab", "c": "ac"} m=1 gates+2 gates-2 polys=1102 infeasible-exact
5662 {"a": "cabc", "b": "cab", "c": "ca"} m=1 gates+1 gates-3 polys=302 infeasible-exact
5663 {"a": "cacb", "b": "ca", "c": "cbc"} m=1 gates+1 gates-3 polys=294 infeasible-exact
5664 {"a": "cacb", "b": "acb", "c": "ac"} m=1 gates+2 gates-2 polys=517 infeasible-exact
5665 {"a": "cacb", "b": "bac", "c": "ac"} m=1 gates+3 gates-1 polys=292 infeasible-exact
5666 {"a": "cacb", "b": "bca", "c": "ca"} m=1 gates+2 gates-2 polys=645 infeasible-exact
5667 {"a": "cbab", "b": "ab", "c": "abc"} m=1 gates+2 gates-2 polys=645 infeasible-exact
5668 {"a": "cbab", "b": "ba", "c": "bac"} m=1 gates+1 gates-3 polys=292 infeasible-exact
5669 {"a": "cbab", "b": "ba", "c": "cba"} m=1 gates+2 gates-2 polys=517 infeasible-exact
5670 {"a": "cbab", "b": "bcb", "c": "ab"} m=1 gates+3 gates-1 polys=294 infeasible-exact
5671 {"a": "cbac", "b": "bc", "c": "cba"} m=1 gates+2 gates-2 polys=338 infeasible-exact
5672 {"a": "cbac", "b": "cb", "c": "bac"} m=1 gates+2 gates-2 polys=363 infeasible-exact
5673 {"a": "cbac", "b": "cb", "c": "cba"} m=1 gates+1 gates-3 polys=302 infeasible-exact
5674 {"a": "cbac", "b": "acb", "c": "ac"} m=1 gates+2 gates-2 polys=369 infeasible-exact
5675 {"a": "cbac", "b": "bac", "c": "ac"} m=1 gates+3 gates-1 polys=302 infeasible-exact
5676 {"a": "cbac", "b": "bac", "c": "ca"} m=1 gates+2 gates-2 polys=1102 infeasible-exact
5677 {"a": "cbba", "b": "ba", "c": "acb"} m=1 gates+3 gates-1 polys=296 infeasible-exact
5678 {"a": "cbba", "b": "cbb", "c": "ab"} m=1 gates+2 gates-2 polys=613 infeasible-exact
5679 {"a": "cbba", "b": "cbb", "c": "ba"} m=1 gates+2 gates-2 polys=545 infeasible-exact
5680 {"a": "cbca", "b": "cb", "c": "acb"} m=1 gates+2 gates-2 polys=388 infeasible-exact
5681 {"a": "cbca", "b": "cb", "c": "bca"} m=1 gates+2 gates-2 polys=351 infeasible-exact
5682 {"a": "ccab", "b": "bc", "c": "cab"} m=1 gates+2 gates-2 polys=477 infeasible-exact
5683 {"a": "ccab", "b": "bca", "c": "ca"} m=1 gates+2 gates-2 polys=336 infeasible-exact
5684 {"a": "ccab", "b": "cab", "c": "ac"} m=1 gates+2 gates-2 polys=1354 infeasible-exact
5685 {"a": "ccba", "b": "ac", "c": "ccb"} m=1 gates+1 gates-3 polys=286 infeasible-exact
5686 {"a": "ccba", "b": "cb", "c": "acb"} m=1 gates+2 gates-2 polys=813 infeasible-exact
5687 {"a": "ccba", "b": "cba", "c": "ac"} m=1 gates+2 gates-2 polys=787 infeasible-exact
5688 {"a": "bc", "b": "aac", "c": "aaca"} m=1 gates+2 gates-2 polys=1516 infeasible-exact
5689 {"a": "bc", "b": "abc", "c": "aaab"} m=1 gates+2 gates-2 polys=494 infeasible-exact
5690 {"a": "bc", "b": "abc", "c": "aaba"} m=1 gates+2 gates-2 polys=564 infeasible-exact
5691 {"a": "bc", "b": "abc", "c": "abaa"} m=1 gates+2 gates-2 polys=572 infeasible-exact
5692 {"a": "bc", "b": "abc", "c": "baaa"} m=1 gates+2 gates-2 polys=455 infeasible-exact
5693 {"a": "bc", "b": "aca", "c": "aaca"} m=1 gates+2 gates-2 polys=1296 infeasible-exact
5694 {"a": "bc", "b": "aca", "c": "acaa"} m=1 gates+2 gates-2 polys=1740 infeasible-exact
5695 {"a": "bc", "b": "acc", "c": "bcb"} m=1 gates+2 gates-2 polys=957 infeasible-exact
5696 {"a": "bc", "b": "bca", "c": "aaab"} m=1 gates+1 gates-3 polys=282 infeasible-exact
5697 {"a": "bc", "b": "cac", "c": "bcb"} m=1 gates+2 gates-2 polys=443 infeasible-exact
5698 {"a": "bc", "b": "cbc", "c": "bab"} m=1 gates+2 gates-2 polys=443 infeasible-exact
5699 {"a": "bc", "b": "cbc", "c": "bba"} m=1 gates+2 gates-2 polys=957 infeasible-exact
stats m=1 [5600,5700) {"infeasible-exact": 100} time 17.7
5700 {"a": "bc", "b": "aaac", "c": "bca"} m=1 gates+2 gates-2 polys=455 infeasible-exact
5701 {"a": "bc", "b": "aaba", "c": "aba"} m=1 gates+2 gates-2 polys=1740 infeasible-exact
5702 {"a": "bc", "b": "aaca", "c": "bca"} m=1 gates+2 gates-2 polys=572 infeasible-exact
5703 {"a": "bc", "b": "abaa", "c": "aba"} m=1 gates+2 gates-2 polys=1296 infeasible-exact
5704 {"a": "bc", "b": "abaa", "c": "baa"} m=1 gates+2 gates-2 polys=1516 infeasible-exact
5705 {"a": "bc", "b": "acaa", "c": "bca"} m=1 gates+2 gates-2 polys=564 infeasible-exact
5706 {"a": "bc", "b": "caaa", "c": "abc"} m=1 gates+3 gates-1 polys=282 infeasible-exact
5707 {"a": "bc", "b": "caaa", "c": "bca"} m=1 gates+2 gates-2 polys=494 infeasible-exact
5708 {"a": "cb", "b": "aca", "c": "aaca"} m=1 gates+2 gates-2 polys=1740 infeasible-exact
5709 {"a": "cb", "b": "aca", "c": "acaa"} m=1 gates+2 gates-2 polys=1296 infeasible-exact
5710 {"a": "cb", "b": "acb", "c": "baaa"} m=1 gates+3 gates-1 polys=282 infeasible-exact
5711 {"a": "cb", "b": "caa", "c": "acaa"} m=1 gates+2 gates-2 polys=1516 infeasible-exact
5712 {"a": "cb", "b": "cac", "c": "bcb"} m=1 gates+2 gates-2 polys=443 infeasible-exact
5713 {"a": "cb", "b": "cba", "c": "aaab"} m=1 gates+2 gates-2 polys=455 infeasible-exact
5714 {"a": "cb", "b": "cba", "c": "aaba"} m=1 gates+2 gates-2 polys=572 infeasible-exact
5715 {"a": "cb", "b": "cba", "c": "abaa"} m=1 gates+2 gates-2 polys=564 infeasible-exact
5716 {"a": "cb", "b": "cba", "c": "baaa"} m=1 gates+2 gates-2 polys=494 infeasible-exact
5717 {"a": "cb", "b": "cbc", "c": "abb"} m=1 gates+2 gates-2 polys=957 infeasible-exact
5718 {"a": "cb", "b": "cbc", "c": "bab"} m=1 gates+2 gates-2 polys=443 infeasible-exact
5719 {"a": "cb", "b": "cca", "c": "bcb"} m=1 gates+2 gates-2 polys=957 infeasible-exact
5720 {"a": "cb", "b": "aaac", "c": "acb"} m=1 gates+2 gates-2 polys=494 infeasible-exact
5721 {"a": "cb", "b": "aaac", "c": "cba"} m=1 gates+1 gates-3 polys=282 infeasible-exact
5722 {"a": "cb", "b": "aaba", "c": "aab"} m=1 gates+2 gates-2 polys=1516 infeasible-exact
5723 {"a": "cb", "b": "aaba", "c": "aba"} m=1 gates+2 gates-2 polys=1296 infeasible-exact
5724 {"a": "cb", "b": "aaca", "c": "acb"} m=1 gates+2 gates-2 polys=564 infeasible-exact
5725 {"a": "cb", "b": "abaa", "c": "aba"} m=1 gates+2 gates-2 polys=1740 infeasible-exact
5726 {"a": "cb", "b": "acaa", "c": "acb"} m=1 gates+2 gates-2 polys=572 infeasible-exact
5727 {"a": "cb", "b": "caaa", "c": "acb"} m=1 gates+2 gates-2 polys=455 infeasible-exact
5728 {"a": "abc", "b": "ccca", "c": "ab"} m=1 gates+1 gates-3 polys=282 infeasible-exact
5729 {"a": "acb", "b": "ac", "c": "bbba"} m=1 gates+1 gates-3 polys=282 infeasible-exact
5730 {"a": "bab", "b": "aac", "c": "ab"} m=1 gates+2 gates-2 polys=957 infeasible-exact
5731 {"a": "bab", "b": "aca", "c": "ab"} m=1 gates+2 gates-2 polys=443 infeasible-exact
5732 {"a": "bab", "b": "aca", "c": "ba"} m=1 gates+2 gates-2 polys=443 infeasible-exact
5733 {"a": "bab", "b": "caa", "c": "ba"} m=1 gates+2 gates-2 polys=957 infeasible-exact
5734 {"a": "bac", "b": "ac", "c": "abbb"} m=1 gates+2 gates-2 polys=455 infeasible-exact
5735 {"a": "bac", "b": "ac", "c": "babb"} m=1 gates+2 gates-2 polys=572 infeasible-exact
5736 {"a": "bac", "b": "ac", "c": "bbab"} m=1 gates+2 gates-2 polys=564 infeasible-exact
5737 {"a": "bac", "b": "ac", "c": "bbba"} m=1 gates+2 gates-2 polys=494 infeasible-exact
5738 {"a": "bac", "b": "accc", "c": "ba"} m=1 gates+2 gates-2 polys=494 infeasible-exact
5739 {"a": "bac", "b": "cacc", "c": "ba"} m=1 gates+2 gates-2 polys=564 infeasible-exact
5740 {"a": "bac", "b": "ccac", "c": "ba"} m=1 gates+2 gates-2 polys=572 infeasible-exact
5741 {"a": "bac", "b": "ccca", "c": "ba"} m=1 gates+2 gates-2 polys=455 infeasible-exact
5742 {"a": "bbc", "b": "ac", "c": "bbcb"} m=1 gates+2 gates-2 polys=1516 infeasible-exact
5743 {"a": "bbc", "b": "aba", "c": "ba"} m=1 gates+2 gates-2 polys=957 infeasible-exact
5744 {"a": "bca", "b": "ca", "c": "abbb"} m=1 gates+3 gates-1 polys=282 infeasible-exact
5745 {"a": "bcb", "b": "ac", "c": "bbcb"} m=1 gates+2 gates-2 polys=1296 infeasible-exact
5746 {"a": "bcb", "b": "ac", "c": "bcbb"} m=1 gates+2 gates-2 polys=1740 infeasible-exact
5747 {"a": "bcb", "b": "ca", "c": "bbcb"} m=1 gates+2 gates-2 polys=1740 infeasible-exact
5748 {"a": "bcb", "b": "ca", "c": "bcbb"} m=1 gates+2 gates-2 polys=1296 infeasible-exact
5749 {"a": "bcb", "b": "aba", "c": "ab"} m=1 gates+2 gates-2 polys=443 infeasible-exact
5750 {"a": "bcb", "b": "aba", "c": "ba"} m=1 gates+2 gates-2 polys=443 infeasible-exact
5751 {"a": "bcc", "b": "ac", "c": "aca"} m=1 gates+2 gates-2 polys=957 infeasible-exact
5752 {"a": "bcc", "b": "cbcc", "c": "ba"} m=1 gates+2 gates-2 polys=1516 infeasible-exact
5753 {"a": "cab", "b": "ca", "c": "abbb"} m=1 gates+2 gates-2 polys=494 infeasible-exact
5754 {"a": "cab", "b": "ca", "c": "babb"} m=1 gates+2 gates-2 polys=564 infeasible-exact
5755 {"a": "cab", "b": "ca", "c": "bbab"} m=1 gates+2 gates-2 polys=572 infeasible-exact
5756 {"a": "cab", "b": "ca", "c": "bbba"} m=1 gates+2 gates-2 polys=455 infeasible-exact
5757 {"a": "cab", "b": "accc", "c": "ab"} m=1 gates+2 gates-2 polys=455 infeasible-exact
5758 {"a": "cab", "b": "cacc", "c": "ab"} m=1 gates+2 gates-2 polys=572 infeasible-exact
5759 {"a": "cab", "b": "ccac", "c": "ab"} m=1 gates+2 gates-2 polys=564 infeasible-exact
5760 {"a": "cab", "b": "ccca", "c": "ab"} m=1 gates+2 gates-2 polys=494 infeasible-exact
5761 {"a": "cac", "b": "ac", "c": "aab"} m=1 gates+2 gates-2 polys=957 infeasible-exact
5762 {"a": "cac", "b": "ac", "c": "aba"} m=1 gates+2 gates-2 polys=443 infeasible-exact
5763 {"a": "cac", "b": "ca", "c": "aba"} m=1 gates+2 gates-2 polys=443 infeasible-exact
5764 {"a": "cac", "b": "ca", "c": "baa"} m=1 gates+2 gates-2 polys=957 infeasible-exact
5765 {"a": "cba", "b": "accc", "c": "ba"} m=1 gates+3 gates-1 polys=282 infeasible-exact
5766 {"a": "cbb", "b": "ca", "c": "bcbb"} m=1 gates+2 gates-2 polys=1516 infeasible-exact
5767 {"a": "cbb", "b": "aba", "c": "ab"} m=1 gates+2 gates-2 polys=957 infeasible-exact
5768 {"a": "cbc", "b": "ac", "c": "aca"} m=1 gates+2 gates-2 polys=443 infeasible-exact
5769 {"a": "cbc", "b": "ca", "c": "aca"} m=1 gates+2 gates-2 polys=443 infeasible-exact
5770 {"a": "cbc", "b": "cbcc", "c": "ab"} m=1 gates+2 gates-2 polys=1740 infeasible-exact
5771 {"a": "cbc", "b": "cbcc", "c": "ba"} m=1 gates+2 gates-2 polys=1296 infeasible-exact
5772 {"a": "cbc", "b": "ccbc", "c": "ab"} m=1 gates+2 gates-2 polys=1296 infeasible-exact
5773 {"a": "cbc", "b": "ccbc", "c": "ba"} m=1 gates+2 gates-2 polys=1740 infeasible-exact
5774 {"a": "ccb", "b": "ca", "c": "aca"} m=1 gates+2 gates-2 polys=957 infeasible-exact
5775 {"a": "ccb", "b": "ccbc", "c": "ab"} m=1 gates+2 gates-2 polys=1516 infeasible-exact
5776 {"a": "babb", "b": "ac", "c": "abb"} m=1 gates+2 gates-2 polys=1516 infeasible-exact
5777 {"a": "babb", "b": "ac", "c": "bab"} m=1 gates+2 gates-2 polys=1296 infeasible-exact
5778 {"a": "babb", "b": "ca", "c": "bab"} m=1 gates+2 gates-2 polys=1740 infeasible-exact
5779 {"a": "bbab", "b": "ac", "c": "bab"} m=1 gates+2 gates-2 polys=1740 infeasible-exact
5780 {"a": "bbab", "b": "ca", "c": "bab"} m=1 gates+2 gates-2 polys=1296 infeasible-exact
5781 {"a": "bbab", "b": "ca", "c": "bba"} m=1 gates+2 gates-2 polys=1516 infeasible-exact
5782 {"a": "bbbc", "b": "ac", "c": "acb"} m=1 gates+2 gates-2 polys=455 infeasible-exact
5783 {"a": "bbbc", "b": "ca", "c": "bca"} m=1 gates+2 gates-2 polys=494 infeasible-exact
5784 {"a": "bbbc", "b": "ca", "c": "cab"} m=1 gates+1 gates-3 polys=282 infeasible-exact
5785 {"a": "bbcb", "b": "ac", "c": "acb"} m=1 gates+2 gates-2 polys=572 infeasible-exact
5786 {"a": "bbcb", "b": "ca", "c": "bca"} m=1 gates+2 gates-2 polys=564 infeasible-exact
5787 {"a": "bcbb", "b": "ac", "c": "acb"} m=1 gates+2 gates-2 polys=564 infeasible-exact
5788 {"a": "bcbb", "b": "ca", "c": "bca"} m=1 gates+2 gates-2 polys=572 infeasible-exact
5789 {"a": "bccc", "b": "abc", "c": "ab"} m=1 gates+2 gates-2 polys=494 infeasible-exact
5790 {"a": "bccc", "b": "cab", "c": "ab"} m=1 gates+3 gates-1 polys=282 infeasible-exact
5791 {"a": "bccc", "b": "cba", "c": "ba"} m=1 gates+2 gates-2 polys=455 infeasible-exact
5792 {"a": "cacc", "b": "acc", "c": "ab"} m=1 gates+2 gates-2 polys=1516 infeasible-exact
5793 {"a": "cacc", "b": "cac", "c": "ab"} m=1 gates+2 gates-2 polys=1296 infeasible-exact
5794 {"a": "cacc", "b": "cac", "c": "ba"} m=1 gates+2 gates-2 polys=1740 infeasible-exact
5795 {"a": "cbbb", "b": "ac", "c": "acb"} m=1 gates+2 gates-2 polys=494 infeasible-exact
5796 {"a": "cbbb", "b": "ac", "c": "bac"} m=1 gates+3 gates-1 polys=282 infeasible-exact
5797 {"a": "cbbb", "b": "ca", "c": "bca"} m=1 gates+2 gates-2 polys=455 infeasible-exact
5798 {"a": "cbcc", "b": "abc", "c": "ab"} m=1 gates+2 gates-2 polys=564 infeasible-exact
5799 {"a": "cbcc", "b": "cba", "c": "ba"} m=1 gates+2 gates-2 polys=572 infeasible-exact
stats m=1 [5700,5800) {"infeasible-exact": 100} time 23.7
5800 {"a": "ccac", "b": "cac", "c": "ab"} m=1 gates+2 gates-2 polys=1740 infeasible-exact
5801 {"a": "ccac", "b": "cac", "c": "ba"} m=1 gates+2 gates-2 polys=1296 infeasible-exact
5802 {"a": "ccac", "b": "cca", "c": "ba"} m=1 gates+2 gates-2 polys=1516 infeasible-exact
5803 {"a": "ccbc", "b": "abc", "c": "ab"} m=1 gates+2 gates-2 polys=572 infeasible-exact
5804 {"a": "ccbc", "b": "cba", "c": "ba"} m=1 gates+2 gates-2 polys=564 infeasible-exact
5805 {"a": "cccb", "b": "abc", "c": "ab"} m=1 gates+2 gates-2 polys=455 infeasible-exact
5806 {"a": "cccb", "b": "bac", "c": "ba"} m=1 gates+1 gates-3 polys=282 infeasible-exact
5807 {"a": "cccb", "b": "cba", "c": "ba"} m=1 gates+2 gates-2 polys=494 infeasible-exact
5808 {"a": "ab", "b": "cac", "c": "abca"} m=1 gates+1 gates-3 polys=298 infeasible-exact
5809 {"a": "ab", "b": "cac", "c": "caab"} m=1 gates+2 gates-2 polys=418 infeasible-exact
5810 {"a": "ab", "b": "cca", "c": "caab"} m=1 gates+2 gates-2 polys=515 infeasible-exact
5811 {"a": "ab", "b": "aabc", "c": "aba"} m=1 gates+1 gates-3 polys=296 infeasible-exact
5812 {"a": "ab", "b": "abac", "c": "aba"} m=1 gates+1 gates-3 polys=308 infeasible-exact
5813 {"a": "ab", "b": "baac", "c": "aab"} m=1 gates+2 gates-2 polys=1217 infeasible-exact
5814 {"a": "ab", "b": "baca", "c": "aab"} m=1 gates+2 gates-2 polys=993 infeasible-exact
5815 {"a": "ab", "b": "baca", "c": "aba"} m=1 gates+2 gates-2 polys=446 infeasible-exact
5816 {"a": "ab", "b": "bcaa", "c": "aab"} m=1 gates+2 gates-2 polys=672 infeasible-exact
5817 {"a": "ab", "b": "bcaa", "c": "aba"} m=1 gates+2 gates-2 polys=987 infeasible-exact
5818 {"a": "ac", "b": "aac", "c": "caab"} m=1 gates+2 gates-2 polys=1217 infeasible-exact
5819 {"a": "ac", "b": "aac", "c": "caba"} m=1 gates+2 gates-2 polys=993 infeasible-exact
5820 {"a": "ac", "b": "aac", "c": "cbaa"} m=1 gates+2 gates-2 polys=672 infeasible-exact
5821 {"a": "ac", "b": "aca", "c": "aacb"} m=1 gates+1 gates-3 polys=296 infeasible-exact
5822 {"a": "ac", "b": "aca", "c": "acab"} m=1 gates+1 gates-3 polys=308 infeasible-exact
5823 {"a": "ac", "b": "aca", "c": "caba"} m=1 gates+2 gates-2 polys=446 infeasible-exact
5824 {"a": "ac", "b": "aca", "c": "cbaa"} m=1 gates+2 gates-2 polys=987 infeasible-exact
5825 {"a": "ac", "b": "acba", "c": "bab"} m=1 gates+1 gates-3 polys=298 infeasible-exact
5826 {"a": "ac", "b": "baac", "c": "bab"} m=1 gates+2 gates-2 polys=418 infeasible-exact
5827 {"a": "ac", "b": "baac", "c": "bba"} m=1 gates+2 gates-2 polys=515 infeasible-exact
5828 {"a": "ba", "b": "acc", "c": "baac"} m=1 gates+2 gates-2 polys=515 infeasible-exact
5829 {"a": "ba", "b": "cac", "c": "acba"} m=1 gates+3 gates-1 polys=298 infeasible-exact
5830 {"a": "ba", "b": "cac", "c": "baac"} m=1 gates+2 gates-2 polys=418 infeasible-exact
5831 {"a": "ba", "b": "aacb", "c": "aba"} m=1 gates+2 gates-2 polys=987 infeasible-exact
5832 {"a": "ba", "b": "aacb", "c": "baa"} m=1 gates+2 gates-2 polys=672 infeasible-exact
5833 {"a": "ba", "b": "acab", "c": "aba"} m=1 gates+2 gates-2 polys=446 infeasible-exact
5834 {"a": "ba", "b": "acab", "c": "baa"} m=1 gates+2 gates-2 polys=993 infeasible-exact
5835 {"a": "ba", "b": "caab", "c": "baa"} m=1 gates+2 gates-2 polys=1217 infeasible-exact
5836 {"a": "ba", "b": "caba", "c": "aba"} m=1 gates+3 gates-1 polys=308 infeasible-exact
5837 {"a": "ba", "b": "cbaa", "c": "aba"} m=1 gates+3 gates-1 polys=296 infeasible-exact
5838 {"a": "bc", "b": "aab", "c": "abbc"} m=1 gates+2 gates-2 polys=622 infeasible-exact
5839 {"a": "bc", "b": "aba", "c": "bcba"} m=1 gates+2 gates-2 polys=375 infeasible-exact
5840 {"a": "bc", "b": "abc", "c": "bcb"} m=1 gates+2 gates-2 polys=466 infeasible-exact
5841 {"a": "bc", "b": "acb", "c": "bbc"} m=1 gates+2 gates-2 polys=2304 infeasible-exact
5842 {"a": "bc", "b": "bba", "c": "bbab"} m=1 gates+1 gates-3 polys=290 infeasible-exact
5843 {"a": "bc", "b": "bca", "c": "bcb"} m=1 gates+1 gates-3 polys=287 infeasible-exact
5844 {"a": "bc", "b": "bcc", "c": "cab"} m=1 gates+2 gates-2 polys=1253 infeasible-exact
5845 {"a": "bc", "b": "bcc", "c": "cba"} m=1 gates+2 gates-2 polys=2304 infeasible-exact
5846 {"a": "bc", "b": "cab", "c": "bbc"} m=1 gates+2 gates-2 polys=1253 infeasible-exact
5847 {"a": "bc", "b": "cbc", "c": "abc"} m=1 gates+3 gates-1 polys=287 infeasible-exact
5848 {"a": "bc", "b": "cbc", "c": "bca"} m=1 gates+2 gates-2 polys=466 infeasible-exact
5849 {"a": "bc", "b": "acbc", "c": "aca"} m=1 gates+2 gates-2 polys=375 infeasible-exact
5850 {"a": "bc", "b": "bcca", "c": "caa"} m=1 gates+2 gates-2 polys=622 infeasible-exact
5851 {"a": "bc", "b": "cacc", "c": "acc"} m=1 gates+3 gates-1 polys=290 infeasible-exact
5852 {"a": "ca", "b": "aca", "c": "aabc"} m=1 gates+2 gates-2 polys=987 infeasible-exact
5853 {"a": "ca", "b": "aca", "c": "abac"} m=1 gates+2 gates-2 polys=446 infeasible-exact
5854 {"a": "ca", "b": "aca", "c": "baca"} m=1 gates+3 gates-1 polys=308 infeasible-exact
5855 {"a": "ca", "b": "aca", "c": "bcaa"} m=1 gates+3 gates-1 polys=296 infeasible-exact
5856 {"a": "ca", "b": "caa", "c": "aabc"} m=1 gates+2 gates-2 polys=672 infeasible-exact
5857 {"a": "ca", "b": "caa", "c": "abac"} m=1 gates+2 gates-2 polys=993 infeasible-exact
5858 {"a": "ca", "b": "caa", "c": "baac"} m=1 gates+2 gates-2 polys=1217 infeasible-exact
5859 {"a": "ca", "b": "abca", "c": "bab"} m=1 gates+3 gates-1 polys=298 infeasible-exact
5860 {"a": "ca", "b": "caab", "c": "abb"} m=1 gates+2 gates-2 polys=515 infeasible-exact
5861 {"a": "ca", "b": "caab", "c": "bab"} m=1 gates+2 gates-2 polys=418 infeasible-exact
5862 {"a": "cb", "b": "aba", "c": "abcb"} m=1 gates+2 gates-2 polys=375 infeasible-exact
5863 {"a": "cb", "b": "abb", "c": "babb"} m=1 gates+3 gates-1 polys=290 infeasible-exact
5864 {"a": "cb", "b": "acb", "c": "bcb"} m=1 gates+3 gates-1 polys=287 infeasible-exact
5865 {"a": "cb", "b": "baa", "c": "cbba"} m=1 gates+2 gates-2 polys=622 infeasible-exact
5866 {"a": "cb", "b": "bac", "c": "cbb"} m=1 gates+2 gates-2 polys=1253 infeasible-exact
5867 {"a": "cb", "b": "bca", "c": "cbb"} m=1 gates+2 gates-2 polys=2304 infeasible-exact
5868 {"a": "cb", "b": "cba", "c": "bcb"} m=1 gates+2 gates-2 polys=466 infeasible-exact
5869 {"a": "cb", "b": "cbc", "c": "acb"} m=1 gates+2 gates-2 polys=466 infeasible-exact
5870 {"a": "cb", "b": "cbc", "c": "cba"} m=1 gates+1 gates-3 polys=287 infeasible-exact
5871 {"a": "cb", "b": "ccb", "c": "abc"} m=1 gates+2 gates-2 polys=2304 infeasible-exact
5872 {"a": "cb", "b": "ccb", "c": "bac"} m=1 gates+2 gates-2 polys=1253 infeasible-exact
5873 {"a": "cb", "b": "accb", "c": "aac"} m=1 gates+2 gates-2 polys=622 infeasible-exact
5874 {"a": "cb", "b": "cbca", "c": "aca"} m=1 gates+2 gates-2 polys=375 infeasible-exact
5875 {"a": "cb", "b": "ccac", "c": "cca"} m=1 gates+1 gates-3 polys=290 infeasible-exact
5876 {"a": "aab", "b": "ac", "c": "aaba"} m=1 gates+1 gates-3 polys=290 infeasible-exact
5877 {"a": "aac", "b": "aaca", "c": "ab"} m=1 gates+1 gates-3 polys=290 infeasible-exact
5878 {"a": "abb", "b": "ca", "c": "caab"} m=1 gates+2 gates-2 polys=622 infeasible-exact
5879 {"a": "abb", "b": "bac", "c": "ab"} m=1 gates+2 gates-2 polys=2304 infeasible-exact
5880 {"a": "abb", "b": "bca", "c": "ab"} m=1 gates+2 gates-2 polys=1253 infeasible-exact
5881 {"a": "abc", "b": "ca", "c": "caa"} m=1 gates+2 gates-2 polys=1253 infeasible-exact
5882 {"a": "abc", "b": "aba", "c": "ab"} m=1 gates+1 gates-3 polys=287 infeasible-exact
5883 {"a": "abc", "b": "baa", "c": "ba"} m=1 gates+2 gates-2 polys=2304 infeasible-exact
5884 {"a": "acb", "b": "ac", "c": "aca"} m=1 gates+1 gates-3 polys=287 infeasible-exact
5885 {"a": "acb", "b": "ca", "c": "caa"} m=1 gates+2 gates-2 polys=2304 infeasible-exact
5886 {"a": "acb", "b": "baa", "c": "ba"} m=1 gates+2 gates-2 polys=1253 infeasible-exact
5887 {"a": "acc", "b": "ac", "c": "cab"} m=1 gates+2 gates-2 polys=2304 infeasible-exact
5888 {"a": "acc", "b": "ac", "c": "cba"} m=1 gates+2 gates-2 polys=1253 infeasible-exact
5889 {"a": "acc", "b": "baac", "c": "ba"} m=1 gates+2 gates-2 polys=622 infeasible-exact
5890 {"a": "baa", "b": "ca", "c": "abaa"} m=1 gates+3 gates-1 polys=290 infeasible-exact
5891 {"a": "bab", "b": "ac", "c": "acab"} m=1 gates+2 gates-2 polys=375 infeasible-exact
5892 {"a": "bab", "b": "ca", "c": "baca"} m=1 gates+2 gates-2 polys=375 infeasible-exact
5893 {"a": "bab", "b": "abc", "c": "ab"} m=1 gates+2 gates-2 polys=466 infeasible-exact
5894 {"a": "bab", "b": "bac", "c": "ba"} m=1 gates+1 gates-3 polys=287 infeasible-exact
5895 {"a": "bab", "b": "cab", "c": "ab"} m=1 gates+3 gates-1 polys=287 infeasible-exact
5896 {"a": "bab", "b": "cba", "c": "ba"} m=1 gates+2 gates-2 polys=466 infeasible-exact
5897 {"a": "bac", "b": "ac", "c": "aca"} m=1 gates+2 gates-2 polys=466 infeasible-exact
5898 {"a": "bac", "b": "aba", "c": "ba"} m=1 gates+2 gates-2 polys=466 infeasible-exact
5899 {"a": "bba", "b": "ac", "c": "baac"} m=1 gates+2 gates-2 polys=622 infeasible-exact
stats m=1 [5800,5900) {"infeasible-exact": 100} time 19.1
5900 {"a": "bba", "b": "acb", "c": "ba"} m=1 gates+2 gates-2 polys=1253 infeasible-exact
5901 {"a": "bba", "b": "cab", "c": "ba"} m=1 gates+2 gates-2 polys=2304 infeasible-exact
5902 {"a": "bbc", "b": "bc", "c": "cabb"} m=1 gates+2 gates-2 polys=672 infeasible-exact
5903 {"a": "bbc", "b": "bc", "c": "cbab"} m=1 gates+2 gates-2 polys=993 infeasible-exact
5904 {"a": "bbc", "b": "bc", "c": "cbba"} m=1 gates+2 gates-2 polys=1217 infeasible-exact
5905 {"a": "bbc", "b": "bcca", "c": "ca"} m=1 gates+2 gates-2 polys=515 infeasible-exact
5906 {"a": "bca", "b": "ac", "c": "aac"} m=1 gates+2 gates-2 polys=2304 infeasible-exact
5907 {"a": "bca", "b": "ca", "c": "aca"} m=1 gates+3 gates-1 polys=287 infeasible-exact
5908 {"a": "bca", "b": "aab", "c": "ab"} m=1 gates+2 gates-2 polys=1253 infeasible-exact
5909 {"a": "bcb", "b": "bc", "c": "bbca"} m=1 gates+1 gates-3 polys=296 infeasible-exact
5910 {"a": "bcb", "b": "bc", "c": "bcba"} m=1 gates+1 gates-3 polys=308 infeasible-exact
5911 {"a": "bcb", "b": "bc", "c": "cabb"} m=1 gates+2 gates-2 polys=987 infeasible-exact
5912 {"a": "bcb", "b": "bc", "c": "cbab"} m=1 gates+2 gates-2 polys=446 infeasible-exact
5913 {"a": "bcb", "b": "cb", "c": "abcb"} m=1 gates+3 gates-1 polys=308 infeasible-exact
5914 {"a": "bcb", "b": "cb", "c": "acbb"} m=1 gates+3 gates-1 polys=296 infeasible-exact
5915 {"a": "bcb", "b": "cb", "c": "babc"} m=1 gates+2 gates-2 polys=446 infeasible-exact
5916 {"a": "bcb", "b": "cb", "c": "bbac"} m=1 gates+2 gates-2 polys=987 infeasible-exact
5917 {"a": "bcb", "b": "accb", "c": "ac"} m=1 gates+2 gates-2 polys=418 infeasible-exact
5918 {"a": "bcb", "b": "bcca", "c": "ca"} m=1 gates+2 gates-2 polys=418 infeasible-exact
5919 {"a": "bcb", "b": "cabc", "c": "ca"} m=1 gates+1 gates-3 polys=298 infeasible-exact
5920 {"a": "bcb", "b": "cbac", "c": "ac"} m=1 gates+3 gates-1 polys=298 infeasible-exact
5921 {"a": "bcc", "b": "ab", "c": "abbc"} m=1 gates+2 gates-2 polys=515 infeasible-exact
5922 {"a": "bcc", "b": "accb", "c": "bc"} m=1 gates+2 gates-2 polys=1217 infeasible-exact
5923 {"a": "bcc", "b": "cacb", "c": "bc"} m=1 gates+2 gates-2 polys=993 infeasible-exact
5924 {"a": "bcc", "b": "ccab", "c": "bc"} m=1 gates+2 gates-2 polys=672 infeasible-exact
5925 {"a": "caa", "b": "acaa", "c": "ba"} m=1 gates+3 gates-1 polys=290 infeasible-exact
5926 {"a": "cab", "b": "ca", "c": "aca"} m=1 gates+2 gates-2 polys=466 infeasible-exact
5927 {"a": "cab", "b": "aba", "c": "ab"} m=1 gates+2 gates-2 polys=466 infeasible-exact
5928 {"a": "cac", "b": "ac", "c": "acb"} m=1 gates+2 gates-2 polys=466 infeasible-exact
5929 {"a": "cac", "b": "ac", "c": "bac"} m=1 gates+3 gates-1 polys=287 infeasible-exact
5930 {"a": "cac", "b": "ca", "c": "bca"} m=1 gates+2 gates-2 polys=466 infeasible-exact
5931 {"a": "cac", "b": "ca", "c": "cab"} m=1 gates+1 gates-3 polys=287 infeasible-exact
5932 {"a": "cac", "b": "abac", "c": "ab"} m=1 gates+2 gates-2 polys=375 infeasible-exact
5933 {"a": "cac", "b": "caba", "c": "ba"} m=1 gates+2 gates-2 polys=375 infeasible-exact
5934 {"a": "cba", "b": "ac", "c": "aac"} m=1 gates+2 gates-2 polys=1253 infeasible-exact
5935 {"a": "cba", "b": "aab", "c": "ab"} m=1 gates+2 gates-2 polys=2304 infeasible-exact
5936 {"a": "cba", "b": "aba", "c": "ba"} m=1 gates+3 gates-1 polys=287 infeasible-exact
5937 {"a": "cbb", "b": "cb", "c": "abbc"} m=1 gates+2 gates-2 polys=1217 infeasible-exact
5938 {"a": "cbb", "b": "cb", "c": "babc"} m=1 gates+2 gates-2 polys=993 infeasible-exact
5939 {"a": "cbb", "b": "cb", "c": "bbac"} m=1 gates+2 gates-2 polys=672 infeasible-exact
5940 {"a": "cbb", "b": "accb", "c": "ac"} m=1 gates+2 gates-2 polys=515 infeasible-exact
5941 {"a": "cbc", "b": "ab", "c": "abbc"} m=1 gates+2 gates-2 polys=418 infeasible-exact
5942 {"a": "cbc", "b": "ab", "c": "bcab"} m=1 gates+3 gates-1 polys=298 infeasible-exact
5943 {"a": "cbc", "b": "ba", "c": "bacb"} m=1 gates+1 gates-3 polys=298 infeasible-exact
5944 {"a": "cbc", "b": "ba", "c": "cbba"} m=1 gates+2 gates-2 polys=418 infeasible-exact
5945 {"a": "cbc", "b": "abcc", "c": "bc"} m=1 gates+3 gates-1 polys=296 infeasible-exact
5946 {"a": "cbc", "b": "acbc", "c": "bc"} m=1 gates+3 gates-1 polys=308 infeasible-exact
5947 {"a": "cbc", "b": "bacc", "c": "cb"} m=1 gates+2 gates-2 polys=987 infeasible-exact
5948 {"a": "cbc", "b": "bcac", "c": "cb"} m=1 gates+2 gates-2 polys=446 infeasible-exact
5949 {"a": "cbc", "b": "cacb", "c": "bc"} m=1 gates+2 gates-2 polys=446 infeasible-exact
5950 {"a": "cbc", "b": "cbca", "c": "cb"} m=1 gates+1 gates-3 polys=308 infeasible-exact
5951 {"a": "cbc", "b": "ccab", "c": "bc"} m=1 gates+2 gates-2 polys=987 infeasible-exact
5952 {"a": "cbc", "b": "ccba", "c": "cb"} m=1 gates+1 gates-3 polys=296 infeasible-exact
5953 {"a": "cca", "b": "ca", "c": "abc"} m=1 gates+2 gates-2 polys=1253 infeasible-exact
5954 {"a": "cca", "b": "ca", "c": "bac"} m=1 gates+2 gates-2 polys=2304 infeasible-exact
5955 {"a": "cca", "b": "caab", "c": "ab"} m=1 gates+2 gates-2 polys=622 infeasible-exact
5956 {"a": "ccb", "b": "ba", "c": "cbba"} m=1 gates+2 gates-2 polys=515 infeasible-exact
5957 {"a": "ccb", "b": "bacc", "c": "cb"} m=1 gates+2 gates-2 polys=672 infeasible-exact
5958 {"a": "ccb", "b": "bcac", "c": "cb"} m=1 gates+2 gates-2 polys=993 infeasible-exact
5959 {"a": "ccb", "b": "bcca", "c": "cb"} m=1 gates+2 gates-2 polys=1217 infeasible-exact
5960 {"a": "abbc", "b": "ba", "c": "bba"} m=1 gates+2 gates-2 polys=1217 infeasible-exact
5961 {"a": "abbc", "b": "bc", "c": "aab"} m=1 gates+2 gates-2 polys=515 infeasible-exact
5962 {"a": "abbc", "b": "bc", "c": "aba"} m=1 gates+2 gates-2 polys=418 infeasible-exact
5963 {"a": "abbc", "b": "bcc", "c": "ab"} m=1 gates+2 gates-2 polys=622 infeasible-exact
5964 {"a": "abcb", "b": "ba", "c": "bab"} m=1 gates+2 gates-2 polys=446 infeasible-exact
5965 {"a": "abcb", "b": "ba", "c": "bba"} m=1 gates+2 gates-2 polys=993 infeasible-exact
5966 {"a": "abcc", "b": "cac", "c": "ca"} m=1 gates+2 gates-2 polys=987 infeasible-exact
5967 {"a": "abcc", "b": "cca", "c": "ca"} m=1 gates+2 gates-2 polys=672 infeasible-exact
5968 {"a": "acbb", "b": "ba", "c": "bab"} m=1 gates+2 gates-2 polys=987 infeasible-exact
5969 {"a": "acbb", "b": "ba", "c": "bba"} m=1 gates+2 gates-2 polys=672 infeasible-exact
5970 {"a": "acbc", "b": "cac", "c": "ca"} m=1 gates+2 gates-2 polys=446 infeasible-exact
5971 {"a": "acbc", "b": "cca", "c": "ca"} m=1 gates+2 gates-2 polys=993 infeasible-exact
5972 {"a": "accb", "b": "ac", "c": "cbb"} m=1 gates+2 gates-2 polys=622 infeasible-exact
5973 {"a": "accb", "b": "aac", "c": "cb"} m=1 gates+2 gates-2 polys=515 infeasible-exact
5974 {"a": "accb", "b": "aca", "c": "cb"} m=1 gates+2 gates-2 polys=418 infeasible-exact
5975 {"a": "accb", "b": "cca", "c": "ca"} m=1 gates+2 gates-2 polys=1217 infeasible-exact
5976 {"a": "babc", "b": "ba", "c": "bab"} m=1 gates+1 gates-3 polys=308 infeasible-exact
5977 {"a": "babc", "b": "cbc", "c": "ba"} m=1 gates+2 gates-2 polys=375 infeasible-exact
5978 {"a": "bacb", "b": "cb", "c": "aba"} m=1 gates+3 gates-1 polys=298 infeasible-exact
5979 {"a": "bacc", "b": "cac", "c": "ac"} m=1 gates+3 gates-1 polys=296 infeasible-exact
5980 {"a": "bbac", "b": "ba", "c": "bab"} m=1 gates+1 gates-3 polys=296 infeasible-exact
5981 {"a": "bbca", "b": "ab", "c": "abb"} m=1 gates+2 gates-2 polys=672 infeasible-exact
5982 {"a": "bbca", "b": "ab", "c": "bab"} m=1 gates+2 gates-2 polys=987 infeasible-exact
5983 {"a": "bbcb", "b": "bbc", "c": "ba"} m=1 gates+1 gates-3 polys=290 infeasible-exact
5984 {"a": "bcab", "b": "bc", "c": "aba"} m=1 gates+1 gates-3 polys=298 infeasible-exact
5985 {"a": "bcac", "b": "ac", "c": "bcb"} m=1 gates+2 gates-2 polys=375 infeasible-exact
5986 {"a": "bcac", "b": "cac", "c": "ac"} m=1 gates+3 gates-1 polys=308 infeasible-exact
5987 {"a": "bcba", "b": "ab", "c": "abb"} m=1 gates+2 gates-2 polys=993 infeasible-exact
5988 {"a": "bcba", "b": "ab", "c": "bab"} m=1 gates+2 gates-2 polys=446 infeasible-exact
5989 {"a": "bcbb", "b": "cbb", "c": "ab"} m=1 gates+3 gates-1 polys=290 infeasible-exact
5990 {"a": "bcca", "b": "ca", "c": "bbc"} m=1 gates+2 gates-2 polys=622 infeasible-exact
5991 {"a": "bcca", "b": "aca", "c": "bc"} m=1 gates+2 gates-2 polys=418 infeasible-exact
5992 {"a": "bcca", "b": "acc", "c": "ac"} m=1 gates+2 gates-2 polys=1217 infeasible-exact
5993 {"a": "bcca", "b": "caa", "c": "bc"} m=1 gates+2 gates-2 polys=515 infeasible-exact
5994 {"a": "cabb", "b": "ab", "c": "bab"} m=1 gates+3 gates-1 polys=296 infeasible-exact
5995 {"a": "cabc", "b": "aca", "c": "bc"} m=1 gates+3 gates-1 polys=298 infeasible-exact
5996 {"a": "cacb", "b": "ca", "c": "bcb"} m=1 gates+2 gates-2 polys=375 infeasible-exact
5997 {"a": "cacb", "b": "cac", "c": "ca"} m=1 gates+1 gates-3 polys=308 infeasible-exact
5998 {"a": "cbab", "b": "ab", "c": "bab"} m=1 gates+3 gates-1 polys=308 infeasible-exact
5999 {"a": "cbab", "b": "cbc", "c": "ab"} m=1 gates+2 gates-2 polys=375 infeasible-exact
stats m=1 [5900,6000) {"infeasible-exact": 100} time 18.0
6000 {"a": "cbac", "b": "aca", "c": "cb"} m=1 gates+1 gates-3 polys=298 infeasible-exact
6001 {"a": "cbba", "b": "ab", "c": "abb"} m=1 gates+2 gates-2 polys=1217 infeasible-exact
6002 {"a": "cbba", "b": "cb", "c": "aba"} m=1 gates+2 gates-2 polys=418 infeasible-exact
6003 {"a": "cbba", "b": "cb", "c": "baa"} m=1 gates+2 gates-2 polys=515 infeasible-exact
6004 {"a": "cbba", "b": "ccb", "c": "ba"} m=1 gates+2 gates-2 polys=622 infeasible-exact
6005 {"a": "cbca", "b": "acc", "c": "ac"} m=1 gates+2 gates-2 polys=993 infeasible-exact
6006 {"a": "cbca", "b": "cac", "c": "ac"} m=1 gates+2 gates-2 polys=446 infeasible-exact
6007 {"a": "cbcc", "b": "ac", "c": "bcc"} m=1 gates+3 gates-1 polys=290 infeasible-exact
6008 {"a": "ccab", "b": "cac", "c": "ca"} m=1 gates+1 gates-3 polys=296 infeasible-exact
6009 {"a": "ccba", "b": "acc", "c": "ac"} m=1 gates+2 gates-2 polys=672 infeasible-exact
6010 {"a": "ccba", "b": "cac", "c": "ac"} m=1 gates+2 gates-2 polys=987 infeasible-exact
6011 {"a": "ccbc", "b": "ca", "c": "ccb"} m=1 gates+1 gates-3 polys=290 infeasible-exact
6012 {"a": "ab", "b": "abc", "c": "ccb"} m=1 gates+2 gates-2 polys=910 infeasible-exact
6013 {"a": "ab", "b": "cab", "c": "cbc"} m=1 gates+2 gates-2 polys=803 infeasible-exact
6014 {"a": "ab", "b": "abca", "c": "cca"} m=1 gates+2 gates-2 polys=493 infeasible-exact
6015 {"a": "ab", "b": "acab", "c": "cac"} m=1 gates+2 gates-2 polys=667 infeasible-exact
6016 {"a": "ab", "b": "caab", "c": "cac"} m=1 gates+2 gates-2 polys=800 infeasible-exact
6017 {"a": "ac", "b": "bab", "c": "abac"} m=1 gates+2 gates-2 polys=667 infeasible-exact
6018 {"a": "ac", "b": "bab", "c": "baac"} m=1 gates+2 gates-2 polys=800 infeasible-exact
6019 {"a": "ac", "b": "bba", "c": "acba"} m=1 gates+2 gates-2 polys=493 infeasible-exact
6020 {"a": "ac", "b": "bbc", "c": "acb"} m=1 gates+2 gates-2 polys=910 infeasible-exact
6021 {"a": "ac", "b": "bcb", "c": "bac"} m=1 gates+2 gates-2 polys=803 infeasible-exact
6022 {"a": "ba", "b": "bac", "c": "cbc"} m=1 gates+2 gates-2 polys=803 infeasible-exact
6023 {"a": "ba", "b": "cba", "c": "bcc"} m=1 gates+2 gates-2 polys=910 infeasible-exact
6024 {"a": "ba", "b": "acba", "c": "acc"} m=1 gates+2 gates-2 polys=493 infeasible-exact
6025 {"a": "ba", "b": "baac", "c": "cac"} m=1 gates+2 gates-2 polys=800 infeasible-exact
6026 {"a": "ba", "b": "baca", "c": "cac"} m=1 gates+2 gates-2 polys=667 infeasible-exact
6027 {"a": "bc", "b": "abb", "c": "bcc"} m=1 gates+2 gates-2 polys=2271 infeasible-exact
6028 {"a": "bc", "b": "bab", "c": "cbc"} m=1 gates+2 gates-2 polys=486 infeasible-exact
6029 {"a": "bc", "b": "bbc", "c": "cca"} m=1 gates+2 gates-2 polys=2271 infeasible-exact
6030 {"a": "bc", "b": "bcb", "c": "cac"} m=1 gates+2 gates-2 polys=486 infeasible-exact
6031 {"a": "ca", "b": "abb", "c": "abca"} m=1 gates+2 gates-2 polys=493 infeasible-exact
6032 {"a": "ca", "b": "bab", "c": "caab"} m=1 gates+2 gates-2 polys=800 infeasible-exact
6033 {"a": "ca", "b": "bab", "c": "caba"} m=1 gates+2 gates-2 polys=667 infeasible-exact
6034 {"a": "ca", "b": "bcb", "c": "cab"} m=1 gates+2 gates-2 polys=803 infeasible-exact
6035 {"a": "ca", "b": "cbb", "c": "bca"} m=1 gates+2 gates-2 polys=910 infeasible-exact
6036 {"a": "cb", "b": "bab", "c": "cbc"} m=1 gates+2 gates-2 polys=486 infeasible-exact
6037 {"a": "cb", "b": "bba", "c": "ccb"} m=1 gates+2 gates-2 polys=2271 infeasible-exact
6038 {"a": "cb", "b": "bcb", "c": "cac"} m=1 gates+2 gates-2 polys=486 infeasible-exact
6039 {"a": "cb", "b": "cbb", "c": "acc"} m=1 gates+2 gates-2 polys=2271 infeasible-exact
6040 {"a": "aab", "b": "bc", "c": "bcab"} m=1 gates+2 gates-2 polys=493 infeasible-exact
6041 {"a": "aab", "b": "ca", "c": "cca"} m=1 gates+2 gates-2 polys=2271 infeasible-exact
6042 {"a": "aab", "b": "bbc", "c": "ab"} m=1 gates+2 gates-2 polys=2271 infeasible-exact
6043 {"a": "aab", "b": "cba", "c": "cb"} m=1 gates+2 gates-2 polys=910 infeasible-exact
6044 {"a": "aac", "b": "ac", "c": "ccb"} m=1 gates+2 gates-2 polys=2271 infeasible-exact
6045 {"a": "aac", "b": "bc", "c": "bca"} m=1 gates+2 gates-2 polys=910 infeasible-exact
6046 {"a": "aac", "b": "bba", "c": "ba"} m=1 gates+2 gates-2 polys=2271 infeasible-exact
6047 {"a": "aac", "b": "cbac", "c": "cb"} m=1 gates+2 gates-2 polys=493 infeasible-exact
6048 {"a": "aba", "b": "ac", "c": "cac"} m=1 gates+2 gates-2 polys=486 infeasible-exact
6049 {"a": "aba", "b": "bc", "c": "abbc"} m=1 gates+2 gates-2 polys=800 infeasible-exact
6050 {"a": "aba", "b": "bc", "c": "babc"} m=1 gates+2 gates-2 polys=667 infeasible-exact
6051 {"a": "aba", "b": "ca", "c": "cac"} m=1 gates+2 gates-2 polys=486 infeasible-exact
6052 {"a": "aba", "b": "cb", "c": "cbab"} m=1 gates+2 gates-2 polys=667 infeasible-exact
6053 {"a": "aba", "b": "cb", "c": "cbba"} m=1 gates+2 gates-2 polys=800 infeasible-exact
6054 {"a": "aba", "b": "acb", "c": "cb"} m=1 gates+2 gates-2 polys=803 infeasible-exact
6055 {"a": "aba", "b": "bca", "c": "bc"} m=1 gates+2 gates-2 polys=803 infeasible-exact
6056 {"a": "aba", "b": "bcb", "c": "ab"} m=1 gates+2 gates-2 polys=486 infeasible-exact
6057 {"a": "aba", "b": "bcb", "c": "ba"} m=1 gates+2 gates-2 polys=486 infeasible-exact
6058 {"a": "abc", "b": "ab", "c": "cac"} m=1 gates+2 gates-2 polys=803 infeasible-exact
6059 {"a": "aca", "b": "ac", "c": "cbc"} m=1 gates+2 gates-2 polys=486 infeasible-exact
6060 {"a": "aca", "b": "bc", "c": "abc"} m=1 gates+2 gates-2 polys=803 infeasible-exact
6061 {"a": "aca", "b": "ca", "c": "cbc"} m=1 gates+2 gates-2 polys=486 infeasible-exact
6062 {"a": "aca", "b": "cb", "c": "cba"} m=1 gates+2 gates-2 polys=803 infeasible-exact
6063 {"a": "aca", "b": "bab", "c": "ab"} m=1 gates+2 gates-2 polys=486 infeasible-exact
6064 {"a": "aca", "b": "bab", "c": "ba"} m=1 gates+2 gates-2 polys=486 infeasible-exact
6065 {"a": "aca", "b": "accb", "c": "cb"} m=1 gates+2 gates-2 polys=800 infeasible-exact
6066 {"a": "aca", "b": "bcac", "c": "bc"} m=1 gates+2 gates-2 polys=667 infeasible-exact
6067 {"a": "aca", "b": "bcca", "c": "bc"} m=1 gates+2 gates-2 polys=800 infeasible-exact
6068 {"a": "aca", "b": "cacb", "c": "cb"} m=1 gates+2 gates-2 polys=667 infeasible-exact
6069 {"a": "acb", "b": "bab", "c": "ac"} m=1 gates+2 gates-2 polys=803 infeasible-exact
6070 {"a": "baa", "b": "ac", "c": "acc"} m=1 gates+2 gates-2 polys=2271 infeasible-exact
6071 {"a": "baa", "b": "cb", "c": "bacb"} m=1 gates+2 gates-2 polys=493 infeasible-exact
6072 {"a": "baa", "b": "abc", "c": "bc"} m=1 gates+2 gates-2 polys=910 infeasible-exact
6073 {"a": "baa", "b": "cbb", "c": "ba"} m=1 gates+2 gates-2 polys=2271 infeasible-exact
6074 {"a": "bac", "b": "ba", "c": "cca"} m=1 gates+2 gates-2 polys=910 infeasible-exact
6075 {"a": "bac", "b": "abb", "c": "ac"} m=1 gates+2 gates-2 polys=910 infeasible-exact
6076 {"a": "bca", "b": "bab", "c": "ca"} m=1 gates+2 gates-2 polys=803 infeasible-exact
6077 {"a": "caa", "b": "ca", "c": "bcc"} m=1 gates+2 gates-2 polys=2271 infeasible-exact
6078 {"a": "caa", "b": "cb", "c": "acb"} m=1 gates+2 gates-2 polys=910 infeasible-exact
6079 {"a": "caa", "b": "abb", "c": "ab"} m=1 gates+2 gates-2 polys=2271 infeasible-exact
6080 {"a": "caa", "b": "cabc", "c": "bc"} m=1 gates+2 gates-2 polys=493 infeasible-exact
6081 {"a": "cab", "b": "ab", "c": "acc"} m=1 gates+2 gates-2 polys=910 infeasible-exact
6082 {"a": "cab", "b": "bba", "c": "ca"} m=1 gates+2 gates-2 polys=910 infeasible-exact
6083 {"a": "cba", "b": "ba", "c": "cac"} m=1 gates+2 gates-2 polys=803 infeasible-exact
6084 {"a": "abbc", "b": "ab", "c": "cbc"} m=1 gates+2 gates-2 polys=800 infeasible-exact
6085 {"a": "abcb", "b": "ab", "c": "cbc"} m=1 gates+2 gates-2 polys=667 infeasible-exact
6086 {"a": "acbc", "b": "bcb", "c": "ac"} m=1 gates+2 gates-2 polys=667 infeasible-exact
6087 {"a": "accb", "b": "bcb", "c": "ac"} m=1 gates+2 gates-2 polys=800 infeasible-exact
6088 {"a": "bacb", "b": "ba", "c": "ccb"} m=1 gates+2 gates-2 polys=493 infeasible-exact
6089 {"a": "bcab", "b": "ab", "c": "bcc"} m=1 gates+2 gates-2 polys=493 infeasible-exact
6090 {"a": "bcba", "b": "ba", "c": "cbc"} m=1 gates+2 gates-2 polys=667 infeasible-exact
6091 {"a": "bcca", "b": "bcb", "c": "ca"} m=1 gates+2 gates-2 polys=800 infeasible-exact
6092 {"a": "cabc", "b": "bbc", "c": "ca"} m=1 gates+2 gates-2 polys=493 infeasible-exact
6093 {"a": "cbac", "b": "cbb", "c": "ac"} m=1 gates+2 gates-2 polys=493 infeasible-exact
6094 {"a": "cbba", "b": "ba", "c": "cbc"} m=1 gates+2 gates-2 polys=800 infeasible-exact
6095 {"a": "cbca", "b": "bcb", "c": "ca"} m=1 gates+2 gates-2 polys=667 infeasible-exact
6096 {"a": "ab", "b": "abc", "c": "abca"} m=1 gates+1 gates-3 polys=302 infeasible-exact
6097 {"a": "ab", "b": "abc", "c": "caab"} m=1 gates+2 gates-2 polys=363 infeasible-exact
6098 {"a": "ab", "b": "bac", "c": "acab"} m=1 gates+2 gates-2 polys=690 infeasible-exact
6099 {"a": "ab", "b": "bbc", "c": "aab"} m=1 gates+2 gates-2 polys=2271 infeasible-exact
stats m=1 [6000,6100) {"infeasible-exact": 100} time 19.2
6100 {"a": "ab", "b": "bca", "c": "abca"} m=1 gates+2 gates-2 polys=353 infeasible-exact
6101 {"a": "ab", "b": "bca", "c": "bcaa"} m=1 gates+2 gates-2 polys=787 infeasible-exact
6102 {"a": "ab", "b": "cba", "c": "cbaa"} m=1 gates+2 gates-2 polys=1354 infeasible-exact
6103 {"a": "ab", "b": "cbc", "c": "cab"} m=1 gates+2 gates-2 polys=368 infeasible-exact
6104 {"a": "ab", "b": "abac", "c": "aca"} m=1 gates+1 gates-3 polys=294 infeasible-exact
6105 {"a": "ab", "b": "abca", "c": "caa"} m=1 gates+2 gates-2 polys=478 infeasible-exact
6106 {"a": "ab", "b": "baca", "c": "aca"} m=1 gates+2 gates-2 polys=466 infeasible-exact
6107 {"a": "ab", "b": "ccca", "c": "cca"} m=1 gates+2 gates-2 polys=638 infeasible-exact
6108 {"a": "ac", "b": "aac", "c": "ccb"} m=1 gates+2 gates-2 polys=2271 infeasible-exact
6109 {"a": "ac", "b": "aba", "c": "acab"} m=1 gates+1 gates-3 polys=294 infeasible-exact
6110 {"a": "ac", "b": "aba", "c": "caba"} m=1 gates+2 gates-2 polys=466 infeasible-exact
6111 {"a": "ac", "b": "baa", "c": "acba"} m=1 gates+2 gates-2 polys=478 infeasible-exact
6112 {"a": "ac", "b": "bac", "c": "bcb"} m=1 gates+2 gates-2 polys=368 infeasible-exact
6113 {"a": "ac", "b": "bba", "c": "bbba"} m=1 gates+2 gates-2 polys=638 infeasible-exact
6114 {"a": "ac", "b": "abac", "c": "cab"} m=1 gates+2 gates-2 polys=690 infeasible-exact
6115 {"a": "ac", "b": "acba", "c": "acb"} m=1 gates+1 gates-3 polys=302 infeasible-exact
6116 {"a": "ac", "b": "acba", "c": "cba"} m=1 gates+2 gates-2 polys=353 infeasible-exact
6117 {"a": "ac", "b": "baac", "c": "acb"} m=1 gates+2 gates-2 polys=363 infeasible-exact
6118 {"a": "ac", "b": "bcaa", "c": "bca"} m=1 gates+2 gates-2 polys=1354 infeasible-exact
6119 {"a": "ac", "b": "cbaa", "c": "cba"} m=1 gates+2 gates-2 polys=787 infeasible-exact
6120 {"a": "ba", "b": "abc", "c": "aabc"} m=1 gates+2 gates-2 polys=1354 infeasible-exact
6121 {"a": "ba", "b": "acb", "c": "aacb"} m=1 gates+2 gates-2 polys=787 infeasible-exact
6122 {"a": "ba", "b": "acb", "c": "acba"} m=1 gates+2 gates-2 polys=353 infeasible-exact
6123 {"a": "ba", "b": "cab", "c": "baca"} m=1 gates+2 gates-2 polys=690 infeasible-exact
6124 {"a": "ba", "b": "cba", "c": "acba"} m=1 gates+3 gates-1 polys=302 infeasible-exact
6125 {"a": "ba", "b": "cba", "c": "baac"} m=1 gates+2 gates-2 polys=363 infeasible-exact
6126 {"a": "ba", "b": "cbb", "c": "baa"} m=1 gates+2 gates-2 polys=2271 infeasible-exact
6127 {"a": "ba", "b": "cbc", "c": "bac"} m=1 gates+2 gates-2 polys=368 infeasible-exact
6128 {"a": "ba", "b": "acab", "c": "aca"} m=1 gates+2 gates-2 polys=466 infeasible-exact
6129 {"a": "ba", "b": "acba", "c": "aac"} m=1 gates+2 gates-2 polys=478 infeasible-exact
6130 {"a": "ba", "b": "accc", "c": "acc"} m=1 gates+2 gates-2 polys=638 infeasible-exact
6131 {"a": "ba", "b": "caba", "c": "aca"} m=1 gates+3 gates-1 polys=294 infeasible-exact
6132 {"a": "bc", "b": "abb", "c": "bbc"} m=1 gates+2 gates-2 polys=1608 infeasible-exact
6133 {"a": "bc", "b": "bba", "c": "bcb"} m=1 gates+1 gates-3 polys=275 infeasible-exact
6134 {"a": "bc", "b": "bcc", "c": "cca"} m=1 gates+2 gates-2 polys=1608 infeasible-exact
6135 {"a": "bc", "b": "cbc", "c": "acc"} m=1 gates+3 gates-1 polys=275 infeasible-exact
6136 {"a": "ca", "b": "aab", "c": "abca"} m=1 gates+2 gates-2 polys=478 infeasible-exact
6137 {"a": "ca", "b": "aba", "c": "abac"} m=1 gates+2 gates-2 polys=466 infeasible-exact
6138 {"a": "ca", "b": "aba", "c": "baca"} m=1 gates+3 gates-1 polys=294 infeasible-exact
6139 {"a": "ca", "b": "abb", "c": "abbb"} m=1 gates+2 gates-2 polys=638 infeasible-exact
6140 {"a": "ca", "b": "caa", "c": "bcc"} m=1 gates+2 gates-2 polys=2271 infeasible-exact
6141 {"a": "ca", "b": "cab", "c": "bcb"} m=1 gates+2 gates-2 polys=368 infeasible-exact
6142 {"a": "ca", "b": "aabc", "c": "abc"} m=1 gates+2 gates-2 polys=787 infeasible-exact
6143 {"a": "ca", "b": "aacb", "c": "acb"} m=1 gates+2 gates-2 polys=1354 infeasible-exact
6144 {"a": "ca", "b": "abca", "c": "abc"} m=1 gates+2 gates-2 polys=353 infeasible-exact
6145 {"a": "ca", "b": "abca", "c": "bca"} m=1 gates+3 gates-1 polys=302 infeasible-exact
6146 {"a": "ca", "b": "caab", "c": "bca"} m=1 gates+2 gates-2 polys=363 infeasible-exact
6147 {"a": "ca", "b": "caba", "c": "bac"} m=1 gates+2 gates-2 polys=690 infeasible-exact
6148 {"a": "cb", "b": "abb", "c": "bcb"} m=1 gates+3 gates-1 polys=275 infeasible-exact
6149 {"a": "cb", "b": "bba", "c": "cbb"} m=1 gates+2 gates-2 polys=1608 infeasible-exact
6150 {"a": "cb", "b": "cbc", "c": "cca"} m=1 gates+1 gates-3 polys=275 infeasible-exact
6151 {"a": "cb", "b": "ccb", "c": "acc"} m=1 gates+2 gates-2 polys=1608 infeasible-exact
6152 {"a": "aab", "b": "ac", "c": "aca"} m=1 gates+1 gates-3 polys=275 infeasible-exact
6153 {"a": "aab", "b": "bc", "c": "aaab"} m=1 gates+2 gates-2 polys=638 infeasible-exact
6154 {"a": "aab", "b": "ca", "c": "caa"} m=1 gates+2 gates-2 polys=1608 infeasible-exact
6155 {"a": "aab", "b": "cca", "c": "ca"} m=1 gates+2 gates-2 polys=2271 infeasible-exact
6156 {"a": "aac", "b": "ba", "c": "bba"} m=1 gates+2 gates-2 polys=2271 infeasible-exact
6157 {"a": "aac", "b": "aba", "c": "ab"} m=1 gates+1 gates-3 polys=275 infeasible-exact
6158 {"a": "aac", "b": "baa", "c": "ba"} m=1 gates+2 gates-2 polys=1608 infeasible-exact
6159 {"a": "aac", "b": "aaac", "c": "cb"} m=1 gates+2 gates-2 polys=638 infeasible-exact
6160 {"a": "abb", "b": "bc", "c": "bcab"} m=1 gates+2 gates-2 polys=478 infeasible-exact
6161 {"a": "abb", "b": "bbc", "c": "ab"} m=1 gates+2 gates-2 polys=1608 infeasible-exact
6162 {"a": "abc", "b": "ba", "c": "bcba"} m=1 gates+2 gates-2 polys=690 infeasible-exact
6163 {"a": "abc", "b": "bc", "c": "aca"} m=1 gates+2 gates-2 polys=368 infeasible-exact
6164 {"a": "abc", "b": "abcc", "c": "ca"} m=1 gates+2 gates-2 polys=787 infeasible-exact
6165 {"a": "abc", "b": "cabc", "c": "ca"} m=1 gates+2 gates-2 polys=353 infeasible-exact
6166 {"a": "acb", "b": "ba", "c": "acbb"} m=1 gates+2 gates-2 polys=787 infeasible-exact
6167 {"a": "acb", "b": "ba", "c": "bacb"} m=1 gates+2 gates-2 polys=353 infeasible-exact
6168 {"a": "acb", "b": "aba", "c": "cb"} m=1 gates+2 gates-2 polys=368 infeasible-exact
6169 {"a": "acb", "b": "cbca", "c": "ca"} m=1 gates+2 gates-2 polys=690 infeasible-exact
6170 {"a": "acc", "b": "ac", "c": "ccb"} m=1 gates+2 gates-2 polys=1608 infeasible-exact
6171 {"a": "acc", "b": "cbac", "c": "cb"} m=1 gates+2 gates-2 polys=478 infeasible-exact
6172 {"a": "baa", "b": "ac", "c": "aac"} m=1 gates+2 gates-2 polys=1608 infeasible-exact
6173 {"a": "baa", "b": "ca", "c": "aca"} m=1 gates+3 gates-1 polys=275 infeasible-exact
6174 {"a": "baa", "b": "cb", "c": "baaa"} m=1 gates+2 gates-2 polys=638 infeasible-exact
6175 {"a": "baa", "b": "acc", "c": "ac"} m=1 gates+2 gates-2 polys=2271 infeasible-exact
6176 {"a": "bab", "b": "bc", "c": "bcba"} m=1 gates+1 gates-3 polys=294 infeasible-exact
6177 {"a": "bab", "b": "bc", "c": "cbab"} m=1 gates+2 gates-2 polys=466 infeasible-exact
6178 {"a": "bab", "b": "cb", "c": "abcb"} m=1 gates+3 gates-1 polys=294 infeasible-exact
6179 {"a": "bab", "b": "cb", "c": "babc"} m=1 gates+2 gates-2 polys=466 infeasible-exact
6180 {"a": "bab", "b": "acb", "c": "ac"} m=1 gates+2 gates-2 polys=368 infeasible-exact
6181 {"a": "bab", "b": "bbc", "c": "ba"} m=1 gates+1 gates-3 polys=275 infeasible-exact
6182 {"a": "bab", "b": "bca", "c": "ca"} m=1 gates+2 gates-2 polys=368 infeasible-exact
6183 {"a": "bab", "b": "cbb", "c": "ab"} m=1 gates+3 gates-1 polys=275 infeasible-exact
6184 {"a": "bac", "b": "ab", "c": "bbac"} m=1 gates+2 gates-2 polys=1354 infeasible-exact
6185 {"a": "bac", "b": "ba", "c": "bacb"} m=1 gates+1 gates-3 polys=302 infeasible-exact
6186 {"a": "bac", "b": "ba", "c": "cbba"} m=1 gates+2 gates-2 polys=363 infeasible-exact
6187 {"a": "bac", "b": "accb", "c": "ac"} m=1 gates+2 gates-2 polys=363 infeasible-exact
6188 {"a": "bac", "b": "bacc", "c": "ca"} m=1 gates+2 gates-2 polys=1354 infeasible-exact
6189 {"a": "bac", "b": "cbac", "c": "ac"} m=1 gates+3 gates-1 polys=302 infeasible-exact
6190 {"a": "bba", "b": "cb", "c": "bacb"} m=1 gates+2 gates-2 polys=478 infeasible-exact
6191 {"a": "bba", "b": "cbb", "c": "ba"} m=1 gates+2 gates-2 polys=1608 infeasible-exact
6192 {"a": "bbc", "b": "bc", "c": "cca"} m=1 gates+2 gates-2 polys=2271 infeasible-exact
6193 {"a": "bca", "b": "ab", "c": "bbca"} m=1 gates+2 gates-2 polys=787 infeasible-exact
6194 {"a": "bca", "b": "ab", "c": "bcab"} m=1 gates+2 gates-2 polys=353 infeasible-exact
6195 {"a": "bca", "b": "aba", "c": "bc"} m=1 gates+2 gates-2 polys=368 infeasible-exact
6196 {"a": "bca", "b": "acbc", "c": "ac"} m=1 gates+2 gates-2 polys=690 infeasible-exact
6197 {"a": "bcc", "b": "abb", "c": "bc"} m=1 gates+2 gates-2 polys=2271 infeasible-exact
6198 {"a": "caa", "b": "ab", "c": "abb"} m=1 gates+2 gates-2 polys=2271 infeasible-exact
6199 {"a": "caa", "b": "aab", "c": "ab"} m=1 gates+2 gates-2 polys=1608 infeasible-exact
stats m=1 [6100,6200) {"infeasible-exact": 100} time 21.2
6200 {"a": "caa", "b": "aba", "c": "ba"} m=1 gates+3 gates-1 polys=275 infeasible-exact
6201 {"a": "caa", "b": "caaa", "c": "bc"} m=1 gates+2 gates-2 polys=638 infeasible-exact
6202 {"a": "cab", "b": "ab", "c": "abbc"} m=1 gates+2 gates-2 polys=363 infeasible-exact
6203 {"a": "cab", "b": "ab", "c": "bcab"} m=1 gates+3 gates-1 polys=302 infeasible-exact
6204 {"a": "cab", "b": "ba", "c": "cabb"} m=1 gates+2 gates-2 polys=1354 infeasible-exact
6205 {"a": "cab", "b": "bcca", "c": "ca"} m=1 gates+2 gates-2 polys=363 infeasible-exact
6206 {"a": "cab", "b": "cabc", "c": "ca"} m=1 gates+1 gates-3 polys=302 infeasible-exact
6207 {"a": "cab", "b": "ccab", "c": "ac"} m=1 gates+2 gates-2 polys=1354 infeasible-exact
6208 {"a": "cac", "b": "ab", "c": "abc"} m=1 gates+2 gates-2 polys=368 infeasible-exact
6209 {"a": "cac", "b": "ac", "c": "bcc"} m=1 gates+3 gates-1 polys=275 infeasible-exact
6210 {"a": "cac", "b": "ba", "c": "cba"} m=1 gates+2 gates-2 polys=368 infeasible-exact
6211 {"a": "cac", "b": "ca", "c": "ccb"} m=1 gates+1 gates-3 polys=275 infeasible-exact
6212 {"a": "cac", "b": "acbc", "c": "bc"} m=1 gates+3 gates-1 polys=294 infeasible-exact
6213 {"a": "cac", "b": "bcac", "c": "cb"} m=1 gates+2 gates-2 polys=466 infeasible-exact
6214 {"a": "cac", "b": "cacb", "c": "bc"} m=1 gates+2 gates-2 polys=466 infeasible-exact
6215 {"a": "cac", "b": "cbca", "c": "cb"} m=1 gates+1 gates-3 polys=294 infeasible-exact
6216 {"a": "cba", "b": "ab", "c": "abcb"} m=1 gates+2 gates-2 polys=690 infeasible-exact
6217 {"a": "cba", "b": "cb", "c": "aca"} m=1 gates+2 gates-2 polys=368 infeasible-exact
6218 {"a": "cba", "b": "cbac", "c": "ac"} m=1 gates+2 gates-2 polys=353 infeasible-exact
6219 {"a": "cba", "b": "ccba", "c": "ac"} m=1 gates+2 gates-2 polys=787 infeasible-exact
6220 {"a": "cbb", "b": "cb", "c": "acc"} m=1 gates+2 gates-2 polys=2271 infeasible-exact
6221 {"a": "cca", "b": "ca", "c": "bcc"} m=1 gates+2 gates-2 polys=1608 infeasible-exact
6222 {"a": "cca", "b": "cabc", "c": "bc"} m=1 gates+2 gates-2 polys=478 infeasible-exact
6223 {"a": "ccb", "b": "bba", "c": "cb"} m=1 gates+2 gates-2 polys=2271 infeasible-exact
6224 {"a": "abbc", "b": "bc", "c": "bca"} m=1 gates+2 gates-2 polys=363 infeasible-exact
6225 {"a": "abcb", "b": "ba", "c": "bcb"} m=1 gates+2 gates-2 polys=466 infeasible-exact
6226 {"a": "abcc", "b": "abc", "c": "cb"} m=1 gates+2 gates-2 polys=1354 infeasible-exact
6227 {"a": "acbb", "b": "bc", "c": "acb"} m=1 gates+2 gates-2 polys=1354 infeasible-exact
6228 {"a": "acbc", "b": "cbc", "c": "ca"} m=1 gates+2 gates-2 polys=466 infeasible-exact
6229 {"a": "accb", "b": "cba", "c": "cb"} m=1 gates+2 gates-2 polys=363 infeasible-exact
6230 {"a": "babc", "b": "ba", "c": "bcb"} m=1 gates+1 gates-3 polys=294 infeasible-exact
6231 {"a": "babc", "b": "bc", "c": "cba"} m=1 gates+2 gates-2 polys=690 infeasible-exact
6232 {"a": "bacb", "b": "ba", "c": "cbb"} m=1 gates+2 gates-2 polys=478 infeasible-exact
6233 {"a": "bacb", "b": "cb", "c": "acb"} m=1 gates+3 gates-1 polys=302 infeasible-exact
6234 {"a": "bacb", "b": "cb", "c": "bac"} m=1 gates+2 gates-2 polys=353 infeasible-exact
6235 {"a": "bacc", "b": "bac", "c": "cb"} m=1 gates+2 gates-2 polys=787 infeasible-exact
6236 {"a": "bbac", "b": "cb", "c": "bac"} m=1 gates+2 gates-2 polys=787 infeasible-exact
6237 {"a": "bbbc", "b": "bbc", "c": "ca"} m=1 gates+2 gates-2 polys=638 infeasible-exact
6238 {"a": "bbca", "b": "cb", "c": "bca"} m=1 gates+2 gates-2 polys=1354 infeasible-exact
6239 {"a": "bcab", "b": "ab", "c": "bbc"} m=1 gates+2 gates-2 polys=478 infeasible-exact
6240 {"a": "bcab", "b": "bc", "c": "bca"} m=1 gates+1 gates-3 polys=302 infeasible-exact
6241 {"a": "bcab", "b": "bc", "c": "cab"} m=1 gates+2 gates-2 polys=353 infeasible-exact
6242 {"a": "bcac", "b": "acb", "c": "bc"} m=1 gates+2 gates-2 polys=690 infeasible-exact
6243 {"a": "bcac", "b": "cbc", "c": "ac"} m=1 gates+3 gates-1 polys=294 infeasible-exact
6244 {"a": "bcba", "b": "ab", "c": "bcb"} m=1 gates+2 gates-2 polys=466 infeasible-exact
6245 {"a": "bcca", "b": "abc", "c": "bc"} m=1 gates+2 gates-2 polys=363 infeasible-exact
6246 {"a": "bccc", "b": "ab", "c": "bcc"} m=1 gates+2 gates-2 polys=638 infeasible-exact
6247 {"a": "cabb", "b": "bc", "c": "cab"} m=1 gates+2 gates-2 polys=787 infeasible-exact
6248 {"a": "cabc", "b": "abc", "c": "bc"} m=1 gates+3 gates-1 polys=302 infeasible-exact
6249 {"a": "cabc", "b": "bcc", "c": "ca"} m=1 gates+2 gates-2 polys=478 infeasible-exact
6250 {"a": "cabc", "b": "cab", "c": "bc"} m=1 gates+2 gates-2 polys=353 infeasible-exact
6251 {"a": "cacb", "b": "bca", "c": "cb"} m=1 gates+2 gates-2 polys=690 infeasible-exact
6252 {"a": "cacb", "b": "cbc", "c": "ca"} m=1 gates+1 gates-3 polys=294 infeasible-exact
6253 {"a": "cbab", "b": "ab", "c": "bcb"} m=1 gates+3 gates-1 polys=294 infeasible-exact
6254 {"a": "cbab", "b": "cb", "c": "abc"} m=1 gates+2 gates-2 polys=690 infeasible-exact
6255 {"a": "cbac", "b": "bac", "c": "cb"} m=1 gates+2 gates-2 polys=353 infeasible-exact
6256 {"a": "cbac", "b": "cba", "c": "cb"} m=1 gates+1 gates-3 polys=302 infeasible-exact
6257 {"a": "cbac", "b": "ccb", "c": "ac"} m=1 gates+2 gates-2 polys=478 infeasible-exact
6258 {"a": "cbba", "b": "cb", "c": "acb"} m=1 gates+2 gates-2 polys=363 infeasible-exact
6259 {"a": "cbbb", "b": "cbb", "c": "ac"} m=1 gates+2 gates-2 polys=638 infeasible-exact
6260 {"a": "cbca", "b": "cbc", "c": "ac"} m=1 gates+2 gates-2 polys=466 infeasible-exact
6261 {"a": "ccab", "b": "cab", "c": "bc"} m=1 gates+2 gates-2 polys=787 infeasible-exact
6262 {"a": "ccba", "b": "cba", "c": "bc"} m=1 gates+2 gates-2 polys=1354 infeasible-exact
6263 {"a": "cccb", "b": "ba", "c": "ccb"} m=1 gates+2 gates-2 polys=638 infeasible-exact
6264 {"a": "bc", "b": "aba", "c": "aaba"} m=1 gates+2 gates-2 polys=1740 NEGATIVE -0.500000
6265 {"a": "bc", "b": "aba", "c": "abaa"} m=1 gates+2 gates-2 polys=1296 infeasible-exact
6266 {"a": "bc", "b": "aaca", "c": "aca"} m=1 gates+2 gates-2 polys=1296 infeasible-exact
6267 {"a": "bc", "b": "acaa", "c": "aca"} m=1 gates+2 gates-2 polys=1740 NEGATIVE -0.500000
6268 {"a": "cb", "b": "aba", "c": "aaba"} m=1 gates+2 gates-2 polys=1296 infeasible-exact
6269 {"a": "cb", "b": "aba", "c": "abaa"} m=1 gates+2 gates-2 polys=1740 NEGATIVE -0.500000
6270 {"a": "cb", "b": "aaca", "c": "aca"} m=1 gates+2 gates-2 polys=1740 NEGATIVE -0.500000
6271 {"a": "cb", "b": "acaa", "c": "aca"} m=1 gates+2 gates-2 polys=1296 infeasible-exact
6272 {"a": "bab", "b": "ac", "c": "babb"} m=1 gates+2 gates-2 polys=1296 infeasible-exact
6273 {"a": "bab", "b": "ac", "c": "bbab"} m=1 gates+2 gates-2 polys=1740 NEGATIVE -0.500000
6274 {"a": "bab", "b": "ca", "c": "babb"} m=1 gates+2 gates-2 polys=1740 NEGATIVE -0.500000
6275 {"a": "bab", "b": "ca", "c": "bbab"} m=1 gates+2 gates-2 polys=1296 infeasible-exact
6276 {"a": "cac", "b": "cacc", "c": "ab"} m=1 gates+2 gates-2 polys=1296 infeasible-exact
6277 {"a": "cac", "b": "cacc", "c": "ba"} m=1 gates+2 gates-2 polys=1740 NEGATIVE -0.500000
6278 {"a": "cac", "b": "ccac", "c": "ab"} m=1 gates+2 gates-2 polys=1740 NEGATIVE -0.500000
6279 {"a": "cac", "b": "ccac", "c": "ba"} m=1 gates+2 gates-2 polys=1296 infeasible-exact
6280 {"a": "bbcb", "b": "ac", "c": "bcb"} m=1 gates+2 gates-2 polys=1296 infeasible-exact
6281 {"a": "bbcb", "b": "ca", "c": "bcb"} m=1 gates+2 gates-2 polys=1740 NEGATIVE -0.500000
6282 {"a": "bcbb", "b": "ac", "c": "bcb"} m=1 gates+2 gates-2 polys=1740 NEGATIVE -0.500000
6283 {"a": "bcbb", "b": "ca", "c": "bcb"} m=1 gates+2 gates-2 polys=1296 infeasible-exact
6284 {"a": "cbcc", "b": "cbc", "c": "ab"} m=1 gates+2 gates-2 polys=1740 NEGATIVE -0.500000
6285 {"a": "cbcc", "b": "cbc", "c": "ba"} m=1 gates+2 gates-2 polys=1296 infeasible-exact
6286 {"a": "ccbc", "b": "cbc", "c": "ab"} m=1 gates+2 gates-2 polys=1296 infeasible-exact
6287 {"a": "ccbc", "b": "cbc", "c": "ba"} m=1 gates+2 gates-2 polys=1740 NEGATIVE -0.500000
6288 {"a": "ab", "b": "aaac", "c": "aba"} m=1 gates+1 gates-3 polys=294 infeasible-exact
6289 {"a": "ac", "b": "aca", "c": "aaab"} m=1 gates+1 gates-3 polys=294 infeasible-exact
6290 {"a": "ba", "b": "caaa", "c": "aba"} m=1 gates+3 gates-1 polys=294 infeasible-exact
6291 {"a": "bc", "b": "aac", "c": "bca"} m=1 gates+2 gates-2 polys=414 infeasible-exact
6292 {"a": "bc", "b": "abc", "c": "aab"} m=1 gates+2 gates-2 polys=435 infeasible-exact
6293 {"a": "bc", "b": "abc", "c": "aba"} m=1 gates+2 gates-2 polys=498 infeasible-exact
6294 {"a": "bc", "b": "abc", "c": "baa"} m=1 gates+2 gates-2 polys=414 infeasible-exact
6295 {"a": "bc", "b": "aca", "c": "bca"} m=1 gates+2 gates-2 polys=498 infeasible-exact
6296 {"a": "bc", "b": "bca", "c": "aab"} m=1 gates+1 gates-3 polys=267 infeasible-exact
6297 {"a": "bc", "b": "caa", "c": "abc"} m=1 gates+3 gates-1 polys=267 infeasible-exact
6298 {"a": "bc", "b": "caa", "c": "bca"} m=1 gates+2 gates-2 polys=435 infeasible-exact
6299 {"a": "ca", "b": "aca", "c": "baaa"} m=1 gates+3 gates-1 polys=294 infeasible-exact
stats m=1 [6200,6300) {"infeasible-exact": 88, "NEGATIVE": 12} time 21.3
6300 {"a": "cb", "b": "aac", "c": "acb"} m=1 gates+2 gates-2 polys=435 infeasible-exact
6301 {"a": "cb", "b": "aac", "c": "cba"} m=1 gates+1 gates-3 polys=267 infeasible-exact
6302 {"a": "cb", "b": "aca", "c": "acb"} m=1 gates+2 gates-2 polys=498 infeasible-exact
6303 {"a": "cb", "b": "acb", "c": "baa"} m=1 gates+3 gates-1 polys=267 infeasible-exact
6304 {"a": "cb", "b": "caa", "c": "acb"} m=1 gates+2 gates-2 polys=414 infeasible-exact
6305 {"a": "cb", "b": "cba", "c": "aab"} m=1 gates+2 gates-2 polys=414 infeasible-exact
6306 {"a": "cb", "b": "cba", "c": "aba"} m=1 gates+2 gates-2 polys=498 infeasible-exact
6307 {"a": "cb", "b": "cba", "c": "baa"} m=1 gates+2 gates-2 polys=435 infeasible-exact
6308 {"a": "abc", "b": "cca", "c": "ab"} m=1 gates+1 gates-3 polys=267 infeasible-exact
6309 {"a": "acb", "b": "ac", "c": "bba"} m=1 gates+1 gates-3 polys=267 infeasible-exact
6310 {"a": "bac", "b": "ac", "c": "abb"} m=1 gates+2 gates-2 polys=414 infeasible-exact
6311 {"a": "bac", "b": "ac", "c": "bab"} m=1 gates+2 gates-2 polys=498 infeasible-exact
6312 {"a": "bac", "b": "ac", "c": "bba"} m=1 gates+2 gates-2 polys=435 infeasible-exact
6313 {"a": "bac", "b": "acc", "c": "ba"} m=1 gates+2 gates-2 polys=435 infeasible-exact
6314 {"a": "bac", "b": "cac", "c": "ba"} m=1 gates+2 gates-2 polys=498 infeasible-exact
6315 {"a": "bac", "b": "cca", "c": "ba"} m=1 gates+2 gates-2 polys=414 infeasible-exact
6316 {"a": "bbc", "b": "ac", "c": "acb"} m=1 gates+2 gates-2 polys=414 infeasible-exact
6317 {"a": "bbc", "b": "ca", "c": "bca"} m=1 gates+2 gates-2 polys=435 infeasible-exact
6318 {"a": "bbc", "b": "ca", "c": "cab"} m=1 gates+1 gates-3 polys=267 infeasible-exact
6319 {"a": "bca", "b": "ca", "c": "abb"} m=1 gates+3 gates-1 polys=267 infeasible-exact
6320 {"a": "bcb", "b": "ac", "c": "acb"} m=1 gates+2 gates-2 polys=498 infeasible-exact
6321 {"a": "bcb", "b": "bc", "c": "bbba"} m=1 gates+1 gates-3 polys=294 infeasible-exact
6322 {"a": "bcb", "b": "ca", "c": "bca"} m=1 gates+2 gates-2 polys=498 infeasible-exact
6323 {"a": "bcb", "b": "cb", "c": "abbb"} m=1 gates+3 gates-1 polys=294 infeasible-exact
6324 {"a": "bcc", "b": "abc", "c": "ab"} m=1 gates+2 gates-2 polys=435 infeasible-exact
6325 {"a": "bcc", "b": "cab", "c": "ab"} m=1 gates+3 gates-1 polys=267 infeasible-exact
6326 {"a": "bcc", "b": "cba", "c": "ba"} m=1 gates+2 gates-2 polys=414 infeasible-exact
6327 {"a": "cab", "b": "ca", "c": "abb"} m=1 gates+2 gates-2 polys=435 infeasible-exact
6328 {"a": "cab", "b": "ca", "c": "bab"} m=1 gates+2 gates-2 polys=498 infeasible-exact
6329 {"a": "cab", "b": "ca", "c": "bba"} m=1 gates+2 gates-2 polys=414 infeasible-exact
6330 {"a": "cab", "b": "acc", "c": "ab"} m=1 gates+2 gates-2 polys=414 infeasible-exact
6331 {"a": "cab", "b": "cac", "c": "ab"} m=1 gates+2 gates-2 polys=498 infeasible-exact
6332 {"a": "cab", "b": "cca", "c": "ab"} m=1 gates+2 gates-2 polys=435 infeasible-exact
6333 {"a": "cba", "b": "acc", "c": "ba"} m=1 gates+3 gates-1 polys=267 infeasible-exact
6334 {"a": "cbb", "b": "ac", "c": "acb"} m=1 gates+2 gates-2 polys=435 infeasible-exact
6335 {"a": "cbb", "b": "ac", "c": "bac"} m=1 gates+3 gates-1 polys=267 infeasible-exact
6336 {"a": "cbb", "b": "ca", "c": "bca"} m=1 gates+2 gates-2 polys=414 infeasible-exact
6337 {"a": "cbc", "b": "abc", "c": "ab"} m=1 gates+2 gates-2 polys=498 infeasible-exact
6338 {"a": "cbc", "b": "cba", "c": "ba"} m=1 gates+2 gates-2 polys=498 infeasible-exact
6339 {"a": "cbc", "b": "accc", "c": "bc"} m=1 gates+3 gates-1 polys=294 infeasible-exact
6340 {"a": "cbc", "b": "ccca", "c": "cb"} m=1 gates+1 gates-3 polys=294 infeasible-exact
6341 {"a": "ccb", "b": "abc", "c": "ab"} m=1 gates+2 gates-2 polys=414 infeasible-exact
6342 {"a": "ccb", "b": "bac", "c": "ba"} m=1 gates+1 gates-3 polys=267 infeasible-exact
6343 {"a": "ccb", "b": "cba", "c": "ba"} m=1 gates+2 gates-2 polys=435 infeasible-exact
6344 {"a": "bbbc", "b": "ba", "c": "bab"} m=1 gates+1 gates-3 polys=294 infeasible-exact
6345 {"a": "bccc", "b": "cac", "c": "ac"} m=1 gates+3 gates-1 polys=294 infeasible-exact
6346 {"a": "cbbb", "b": "ab", "c": "bab"} m=1 gates+3 gates-1 polys=294 infeasible-exact
6347 {"a": "cccb", "b": "cac", "c": "ca"} m=1 gates+1 gates-3 polys=294 infeasible-exact
6348 {"a": "ab", "b": "aac", "c": "aaca"} m=1 gates+1 gates-3 polys=290 infeasible-exact
6349 {"a": "ab", "b": "abc", "c": "aba"} m=1 gates+1 gates-3 polys=287 infeasible-exact
6350 {"a": "ab", "b": "bac", "c": "aab"} m=1 gates+2 gates-2 polys=956 infeasible-exact
6351 {"a": "ab", "b": "bca", "c": "aab"} m=1 gates+2 gates-2 polys=473 infeasible-exact
6352 {"a": "ab", "b": "bca", "c": "aba"} m=1 gates+2 gates-2 polys=343 infeasible-exact
6353 {"a": "ab", "b": "caa", "c": "caaa"} m=1 gates+2 gates-2 polys=2561 infeasible-exact
6354 {"a": "ac", "b": "aac", "c": "cab"} m=1 gates+2 gates-2 polys=956 infeasible-exact
6355 {"a": "ac", "b": "aac", "c": "cba"} m=1 gates+2 gates-2 polys=473 infeasible-exact
6356 {"a": "ac", "b": "aca", "c": "acb"} m=1 gates+1 gates-3 polys=287 infeasible-exact
6357 {"a": "ac", "b": "aca", "c": "cba"} m=1 gates+2 gates-2 polys=343 infeasible-exact
6358 {"a": "ac", "b": "aaba", "c": "aab"} m=1 gates+1 gates-3 polys=290 infeasible-exact
6359 {"a": "ac", "b": "baaa", "c": "baa"} m=1 gates+2 gates-2 polys=2561 infeasible-exact
6360 {"a": "ba", "b": "aac", "c": "aaac"} m=1 gates+2 gates-2 polys=2561 infeasible-exact
6361 {"a": "ba", "b": "acb", "c": "aba"} m=1 gates+2 gates-2 polys=343 infeasible-exact
6362 {"a": "ba", "b": "acb", "c": "baa"} m=1 gates+2 gates-2 polys=473 infeasible-exact
6363 {"a": "ba", "b": "caa", "c": "acaa"} m=1 gates+3 gates-1 polys=290 infeasible-exact
6364 {"a": "ba", "b": "cab", "c": "baa"} m=1 gates+2 gates-2 polys=956 infeasible-exact
6365 {"a": "ba", "b": "cba", "c": "aba"} m=1 gates+3 gates-1 polys=287 infeasible-exact
6366 {"a": "ca", "b": "aca", "c": "abc"} m=1 gates+2 gates-2 polys=343 infeasible-exact
6367 {"a": "ca", "b": "aca", "c": "bca"} m=1 gates+3 gates-1 polys=287 infeasible-exact
6368 {"a": "ca", "b": "caa", "c": "abc"} m=1 gates+2 gates-2 polys=473 infeasible-exact
6369 {"a": "ca", "b": "caa", "c": "bac"} m=1 gates+2 gates-2 polys=956 infeasible-exact
6370 {"a": "ca", "b": "aaab", "c": "aab"} m=1 gates+2 gates-2 polys=2561 infeasible-exact
6371 {"a": "ca", "b": "abaa", "c": "baa"} m=1 gates+3 gates-1 polys=290 infeasible-exact
6372 {"a": "abc", "b": "ba", "c": "bba"} m=1 gates+2 gates-2 polys=956 infeasible-exact
6373 {"a": "abc", "b": "cac", "c": "ca"} m=1 gates+2 gates-2 polys=343 infeasible-exact
6374 {"a": "abc", "b": "cca", "c": "ca"} m=1 gates+2 gates-2 polys=473 infeasible-exact
6375 {"a": "acb", "b": "ba", "c": "bab"} m=1 gates+2 gates-2 polys=343 infeasible-exact
6376 {"a": "acb", "b": "ba", "c": "bba"} m=1 gates+2 gates-2 polys=473 infeasible-exact
6377 {"a": "acb", "b": "cca", "c": "ca"} m=1 gates+2 gates-2 polys=956 infeasible-exact
6378 {"a": "bac", "b": "ba", "c": "bab"} m=1 gates+1 gates-3 polys=287 infeasible-exact
6379 {"a": "bac", "b": "cac", "c": "ac"} m=1 gates+3 gates-1 polys=287 infeasible-exact
6380 {"a": "bbc", "b": "ab", "c": "bbbc"} m=1 gates+2 gates-2 polys=2561 infeasible-exact
6381 {"a": "bbc", "b": "ba", "c": "bbcb"} m=1 gates+1 gates-3 polys=290 infeasible-exact
6382 {"a": "bbc", "b": "bc", "c": "cab"} m=1 gates+2 gates-2 polys=473 infeasible-exact
6383 {"a": "bbc", "b": "bc", "c": "cba"} m=1 gates+2 gates-2 polys=956 infeasible-exact
6384 {"a": "bca", "b": "ab", "c": "abb"} m=1 gates+2 gates-2 polys=473 infeasible-exact
6385 {"a": "bca", "b": "ab", "c": "bab"} m=1 gates+2 gates-2 polys=343 infeasible-exact
6386 {"a": "bca", "b": "acc", "c": "ac"} m=1 gates+2 gates-2 polys=956 infeasible-exact
6387 {"a": "bcb", "b": "bc", "c": "bca"} m=1 gates+1 gates-3 polys=287 infeasible-exact
6388 {"a": "bcb", "b": "bc", "c": "cab"} m=1 gates+2 gates-2 polys=343 infeasible-exact
6389 {"a": "bcb", "b": "cb", "c": "acb"} m=1 gates+3 gates-1 polys=287 infeasible-exact
6390 {"a": "bcb", "b": "cb", "c": "bac"} m=1 gates+2 gates-2 polys=343 infeasible-exact
6391 {"a": "bcc", "b": "acb", "c": "bc"} m=1 gates+2 gates-2 polys=956 infeasible-exact
6392 {"a": "bcc", "b": "cab", "c": "bc"} m=1 gates+2 gates-2 polys=473 infeasible-exact
6393 {"a": "bcc", "b": "bccc", "c": "ca"} m=1 gates+2 gates-2 polys=2561 infeasible-exact
6394 {"a": "bcc", "b": "cbcc", "c": "ac"} m=1 gates+3 gates-1 polys=290 infeasible-exact
6395 {"a": "cab", "b": "ab", "c": "bab"} m=1 gates+3 gates-1 polys=287 infeasible-exact
6396 {"a": "cab", "b": "cac", "c": "ca"} m=1 gates+1 gates-3 polys=287 infeasible-exact
6397 {"a": "cba", "b": "ab", "c": "abb"} m=1 gates+2 gates-2 polys=956 infeasible-exact
6398 {"a": "cba", "b": "acc", "c": "ac"} m=1 gates+2 gates-2 polys=473 infeasible-exact
6399 {"a": "cba", "b": "cac", "c": "ac"} m=1 gates+2 gates-2 polys=343 infeasible-exact
stats m=1 [6300,6400) {"infeasible-exact": 100} time 17.2
6400 {"a": "cbb", "b": "ab", "c": "bcbb"} m=1 gates+3 gates-1 polys=290 infeasible-exact
6401 {"a": "cbb", "b": "ba", "c": "cbbb"} m=1 gates+2 gates-2 polys=2561 infeasible-exact
6402 {"a": "cbb", "b": "cb", "c": "abc"} m=1 gates+2 gates-2 polys=956 infeasible-exact
6403 {"a": "cbb", "b": "cb", "c": "bac"} m=1 gates+2 gates-2 polys=473 infeasible-exact
6404 {"a": "cbc", "b": "abc", "c": "bc"} m=1 gates+3 gates-1 polys=287 infeasible-exact
6405 {"a": "cbc", "b": "bac", "c": "cb"} m=1 gates+2 gates-2 polys=343 infeasible-exact
6406 {"a": "cbc", "b": "cab", "c": "bc"} m=1 gates+2 gates-2 polys=343 infeasible-exact
6407 {"a": "cbc", "b": "cba", "c": "cb"} m=1 gates+1 gates-3 polys=287 infeasible-exact
6408 {"a": "ccb", "b": "bac", "c": "cb"} m=1 gates+2 gates-2 polys=473 infeasible-exact
6409 {"a": "ccb", "b": "bca", "c": "cb"} m=1 gates+2 gates-2 polys=956 infeasible-exact
6410 {"a": "ccb", "b": "ccbc", "c": "ca"} m=1 gates+1 gates-3 polys=290 infeasible-exact
6411 {"a": "ccb", "b": "cccb", "c": "ac"} m=1 gates+2 gates-2 polys=2561 infeasible-exact
6412 {"a": "abbb", "b": "bc", "c": "abb"} m=1 gates+2 gates-2 polys=2561 infeasible-exact
6413 {"a": "accc", "b": "acc", "c": "cb"} m=1 gates+2 gates-2 polys=2561 infeasible-exact
6414 {"a": "babb", "b": "cb", "c": "abb"} m=1 gates+3 gates-1 polys=290 infeasible-exact
6415 {"a": "bbab", "b": "bc", "c": "bba"} m=1 gates+1 gates-3 polys=290 infeasible-exact
6416 {"a": "bbba", "b": "cb", "c": "bba"} m=1 gates+2 gates-2 polys=2561 infeasible-exact
6417 {"a": "cacc", "b": "acc", "c": "bc"} m=1 gates+3 gates-1 polys=290 infeasible-exact
6418 {"a": "ccac", "b": "cca", "c": "cb"} m=1 gates+1 gates-3 polys=290 infeasible-exact
6419 {"a": "ccca", "b": "cca", "c": "bc"} m=1 gates+2 gates-2 polys=2561 infeasible-exact
stats m=1 [6400,6500) {"infeasible-exact": 20} time 6.5
