phi0 {'a': 'bbc', 'b': 'bbcb', 'c': 'cbba'} m 1 phi {'a': 'bbc', 'b': 'bbcb', 'c': 'cbba'} gates bbcABC maxval 4 words 4240 (all legal primitive zero-homology cyclic words, len<=10, |w|+|f(w)|<=600)
done ACac uncovered-dart
done AcaC uncovered-dart
done BCbc uncovered-dart
done BcbC uncovered-dart
done AACaac uncovered-dart
done AAcaaC uncovered-dart
done ABCabc uncovered-dart
done ABCacb uncovered-dart
done ABCbac uncovered-dart
done ABcaCb uncovered-dart
done ABcabC uncovered-dart
done ABcbaC uncovered-dart
done ACBcab uncovered-dart
done ACCacc uncovered-dart
done ACaBcb uncovered-dart
done ACabcB uncovered-dart
done ACbaBc uncovered-dart
done ACbacB uncovered-dart
done ACbcaB uncovered-dart
done AcBCab uncovered-dart
done AcaBCb uncovered-dart
done AcabCB uncovered-dart
done AcbCaB uncovered-dart
done AcbaBC uncovered-dart
done AcbaCB uncovered-dart
done AccaCC uncovered-dart
done BBCbbc uncovered-dart
done BBcbbC uncovered-dart
done BCCbcc uncovered-dart
done BccbCC uncovered-dart
done AAACaaac uncovered-dart
done AAAcaaaC uncovered-dart
done AABCaabc uncovered-dart
done AABCaacb uncovered-dart
done AABCabac uncovered-dart
done AABCacab uncovered-dart
done AABCbaac uncovered-dart
done AABcaCab uncovered-dart
done AABcaaCb uncovered-dart
done AABcaabC uncovered-dart
done AABcabaC uncovered-dart
done AABcbaaC uncovered-dart
done AACBcaab uncovered-dart
done AACCaacc uncovered-dart
done AACCacac uncovered-dart
done AACaBcab uncovered-dart
done AACaCacc uncovered-dart
done AACaaBcb uncovered-dart
done AACaabcB uncovered-dart
done AACabaBc uncovered-dart
done AACabacB uncovered-dart
done AACabcaB uncovered-dart
done AACacbaB uncovered-dart
done AACaccaC uncovered-dart
done AACbaaBc uncovered-dart
done AACbaacB uncovered-dart
done AACbacaB uncovered-dart
done AACbcaaB uncovered-dart
done AAcBCaab uncovered-dart
done AAcaBCab uncovered-dart
done AAcaCCac uncovered-dart
done AAcaCbaB uncovered-dart
done AAcaaBCb uncovered-dart
done AAcaabCB uncovered-dart
done AAcabCaB uncovered-dart
done AAcabaBC uncovered-dart
done AAcabaCB uncovered-dart
done AAcacaCC uncovered-dart
done AAcbCaaB uncovered-dart
done AAcbaCaB uncovered-dart
done AAcbaaBC uncovered-dart
done AAcbaaCB uncovered-dart
done AAccaCaC uncovered-dart
done AAccaaCC uncovered-dart
done ABACaabc uncovered-dart
done ABACaacb uncovered-dart
done ABACabac uncovered-dart
done ABACacab uncovered-dart
done ABACbaac uncovered-dart
done ABAcaCab uncovered-dart
done ABAcaaCb uncovered-dart
done ABAcaabC uncovered-dart
done ABAcabaC uncovered-dart
done ABAcbaaC uncovered-dart
done ABBCabbc uncovered-dart
done ABBCabcb uncovered-dart
done ABBCacbb uncovered-dart
done ABBCbabc uncovered-dart
done ABBCbacb uncovered-dart
done ABBCbbac uncovered-dart
done ABBCbcab uncovered-dart
done ABBcaCbb uncovered-dart
done ABBcabCb uncovered-dart
done ABBcabbC uncovered-dart
done ABBcbCab uncovered-dart
done ABBcbaCb uncovered-dart
done ABBcbabC uncovered-dart
done ABBcbbaC uncovered-dart
done ABCAcaab uncovered-dart
done ABCBcabb uncovered-dart
done ABCBcbab uncovered-dart
done ABCCabcc uncovered-dart
done ABCCacbc uncovered-dart
done ABCCaccb uncovered-dart
done ABCCbacc uncovered-dart
done ABCCbcac uncovered-dart
done ABCaBcbb uncovered-dart
done ABCaCbcc uncovered-dart
done ABCaabAc uncovered-dart
done ABCabbcB uncovered-dart
done ABCaccbC uncovered-dart
done ABCbCacc uncovered-dart
done ABCbaBcb uncovered-dart
done ABCbabcB uncovered-dart
done ABCbbaBc uncovered-dart
done ABCbbacB uncovered-dart
done ABCbbcaB uncovered-dart
done ABCbcbaB uncovered-dart
done ABCbccaC uncovered-dart
done ABcACaab uncovered-dart
done ABcBCabb uncovered-dart
done ABcBCbab uncovered-dart
done ABcaBCbb uncovered-dart
done ABcaCCbc uncovered-dart
done ABcaabAC uncovered-dart
done ABcabbCB uncovered-dart
done ABcacbCC uncovered-dart
done ABcbCCac uncovered-dart
done ABcbCbaB uncovered-dart
done ABcbaBCb uncovered-dart
done ABcbabCB uncovered-dart
done ABcbbCaB uncovered-dart
done ABcbbaBC uncovered-dart
done ABcbbaCB uncovered-dart
done ABcbcaCC uncovered-dart
done ABccaCCb uncovered-dart
done ABccaCbC uncovered-dart
done ABccabCC uncovered-dart
done ABccbCaC uncovered-dart
done ABccbaCC uncovered-dart
done ACACaacc uncovered-dart
done ACACacac uncovered-dart
done ACAcaCac uncovered-dart
done ACAcabaB uncovered-dart
done ACAcacaC uncovered-dart
done ACAcbaaB uncovered-dart
done ACAccaaC uncovered-dart
done ACBAcaab uncovered-dart
done ACBBcabb uncovered-dart
done ACBBcbab uncovered-dart
done ACBCabcc uncovered-dart
done ACBCacbc uncovered-dart
done ACBCaccb uncovered-dart
done ACBCbacc uncovered-dart
done ACBCbcac uncovered-dart
done ACBcaCbc uncovered-dart
done ACBcacbC uncovered-dart
done ACBcbCac uncovered-dart
done ACBcbbaB uncovered-dart
done ACBcbcaC uncovered-dart
done ACBccaCb uncovered-dart
done ACBccabC uncovered-dart
done ACBccbaC uncovered-dart
done ACCAcaac uncovered-dart
done ACCBcabc uncovered-dart
done ACCBcacb uncovered-dart
done ACCBcbac uncovered-dart
done ACCBccab uncovered-dart
done ACCCaccc uncovered-dart
done ACCaBcbc uncovered-dart
done ACCaBccb uncovered-dart
done ACCaacAc uncovered-dart
done ACCabcBc uncovered-dart
done ACCabccB uncovered-dart
done ACCacBcb uncovered-dart
done ACCacbcB uncovered-dart
done ACCbaBcc uncovered-dart
done ACCbacBc uncovered-dart
done ACCbaccB uncovered-dart
done ACCbcaBc uncovered-dart
done ACCbcacB uncovered-dart
done ACCbccaB uncovered-dart
done ACaBAcab uncovered-dart
done ACaBBcbb uncovered-dart
done ACaBCbcc uncovered-dart
done ACaBccbC uncovered-dart
done ACaCAcac uncovered-dart
done ACaCBcbc uncovered-dart
done ACaCBccb uncovered-dart
done ACaCacAc uncovered-dart
done ACaCbcBc uncovered-dart
done ACaCbccB uncovered-dart
done ACaaBAcb uncovered-dart
done ACaaCAcc uncovered-dart
done ACaabAcB uncovered-dart
done ACabAcaB uncovered-dart
done ACabCBcc uncovered-dart
done ACabaBAc uncovered-dart
done ACabbcBB uncovered-dart
done ACabccBC uncovered-dart
done ACacAcaC uncovered-dart
done ACacBCbc uncovered-dart
done ACacBcbC uncovered-dart
done ACacaCAc uncovered-dart
done ACacbCBc uncovered-dart
done ACacbcBC uncovered-dart
done ACaccBCb uncovered-dart
done ACaccbCB uncovered-dart
done ACbAcaaB uncovered-dart
done ACbCBcac uncovered-dart
done ACbCaBcc uncovered-dart
done ACbCacBc uncovered-dart
done ACbCaccB uncovered-dart
done ACbaBBcb uncovered-dart
done ACbaCBcc uncovered-dart
done ACbaaBAc uncovered-dart
done ACbabcBB uncovered-dart
done ACbaccBC uncovered-dart
done ACbbaBBc uncovered-dart
done ACbbaBcB uncovered-dart
done ACbbacBB uncovered-dart
done ACbbcaBB uncovered-dart
done ACbcBCac uncovered-dart
done ACbcBcaC uncovered-dart
done ACbcaCBc uncovered-dart
done ACbcacBC uncovered-dart
done ACbcbaBB uncovered-dart
done ACbccaBC uncovered-dart
done ACbccaCB uncovered-dart
done AcAcaCaC uncovered-dart
done AcAcaaCC uncovered-dart
done AcBBCabb uncovered-dart
done AcBBCbab uncovered-dart
done AcBCCabc uncovered-dart
done AcBCCacb uncovered-dart
done AcBCCbac uncovered-dart
done AcBCaCbc uncovered-dart
done AcBCacbC uncovered-dart
done AcBCbCac uncovered-dart
done AcBCbbaB uncovered-dart
done AcBCbcaC uncovered-dart
done AcBcaCCb uncovered-dart
done AcBcaCbC uncovered-dart
done AcBcabCC uncovered-dart
done AcBcbCaC uncovered-dart
done AcBcbaCC uncovered-dart
done AcaBBCbb uncovered-dart
done AcaBCCbc uncovered-dart
done AcaBcbCC uncovered-dart
done AcaCBCbc uncovered-dart
done AcaCBcbC uncovered-dart
done AcaCCBcb uncovered-dart
done AcaCCbcB uncovered-dart
done AcaCbCBc uncovered-dart
done AcaCbcBC uncovered-dart
done AcabCCBc uncovered-dart
done AcabbCBB uncovered-dart
done AcabcBCC uncovered-dart
done AcacBCCb uncovered-dart
done AcacBCbC uncovered-dart
done AcacbCBC uncovered-dart
done AcacbCCB uncovered-dart
done AcbCBCac uncovered-dart
done AcbCBcaC uncovered-dart
done AcbCCaBc uncovered-dart
done AcbCCacB uncovered-dart
done AcbCaCBc uncovered-dart
done AcbCacBC uncovered-dart
done AcbCbaBB uncovered-dart
done AcbaBBCb uncovered-dart
done AcbaCCBc uncovered-dart
done AcbabCBB uncovered-dart
done AcbacBCC uncovered-dart
done AcbbCaBB uncovered-dart
done AcbbaBBC uncovered-dart
done AcbbaBCB uncovered-dart
done AcbbaCBB uncovered-dart
done AcbcBCaC uncovered-dart
done AcbcaBCC uncovered-dart
done AcbcaCBC uncovered-dart
done AcbcaCCB uncovered-dart
done AccBCCab uncovered-dart
done AccBCaCb uncovered-dart
done AccBCabC uncovered-dart
done AccBCbaC uncovered-dart
done AccaBCCb uncovered-dart
done AccaBCbC uncovered-dart
done AccaCBCb uncovered-dart
done AccaCbCB uncovered-dart
done AccabCBC uncovered-dart
done AccabCCB uncovered-dart
done AccbCCaB uncovered-dart
done AccbCaBC uncovered-dart
done AccbCaCB uncovered-dart
done AccbaBCC uncovered-dart
done AccbaCBC uncovered-dart
done AccbaCCB uncovered-dart
done AcccaCCC uncovered-dart
done BBBCbbbc uncovered-dart
done BBBcbbbC uncovered-dart
done BBCCbbcc uncovered-dart
done BBCCbcbc uncovered-dart
done BBCbCbcc uncovered-dart
done BBCbccbC uncovered-dart
done BBcbCCbc uncovered-dart
done BBcbcbCC uncovered-dart
done BBccbCbC uncovered-dart
done BBccbbCC uncovered-dart
done BCBCbbcc uncovered-dart
done BCBCbcbc uncovered-dart
done BCBcbCbc uncovered-dart
done BCBcbcbC uncovered-dart
done BCBccbbC uncovered-dart
done BCCBcbbc uncovered-dart
done BCCCbccc uncovered-dart
done BCCbbcBc uncovered-dart
done BCbCBcbc uncovered-dart
done BCbCbcBc uncovered-dart
done BCbbCBcc uncovered-dart
done BCbcBcbC uncovered-dart
done BCbcbCBc uncovered-dart
done BcBcbCbC uncovered-dart
done BcBcbbCC uncovered-dart
done BcccbCCC uncovered-dart
done AAAACaaaac uncovered-dart
done AAAAcaaaaC uncovered-dart
done AAABCaaabc uncovered-dart
done AAABCaaacb uncovered-dart
done AAABCaabac uncovered-dart
done AAABCaacab uncovered-dart
done AAABCabaac uncovered-dart
done AAABCacaab uncovered-dart
done AAABCbaaac uncovered-dart
done AAABcaCaab uncovered-dart
done AAABcaaCab uncovered-dart
done AAABcaaaCb uncovered-dart
done AAABcaaabC uncovered-dart
done AAABcaabaC uncovered-dart
done AAABcabaaC uncovered-dart
done AAABcbaaaC uncovered-dart
done AAACBcaaab uncovered-dart
done AAACCaaacc uncovered-dart
done AAACCaacac uncovered-dart
done AAACCacaac uncovered-dart
done AAACaBcaab uncovered-dart
done AAACaCaacc uncovered-dart
done AAACaCacac uncovered-dart
done AAACaaBcab uncovered-dart
done AAACaaCacc uncovered-dart
done AAACaaaBcb uncovered-dart
done AAACaaabcB uncovered-dart
done AAACaabaBc uncovered-dart
done AAACaabacB uncovered-dart
done AAACaabcaB uncovered-dart
done AAACaacbaB uncovered-dart
done AAACaaccaC uncovered-dart
done AAACabaaBc uncovered-dart
done AAACabaacB uncovered-dart
done AAACabacaB uncovered-dart
done AAACabcaaB uncovered-dart
done AAACacaCac uncovered-dart
done AAACacabaB uncovered-dart
done AAACacacaC uncovered-dart
done AAACacbaaB uncovered-dart
done AAACaccaaC uncovered-dart
done AAACbaaaBc uncovered-dart
done AAACbaaacB uncovered-dart
done AAACbaacaB uncovered-dart
done AAACbacaaB uncovered-dart
done AAACbcaaaB uncovered-dart
done AAAcBCaaab uncovered-dart
done AAAcaBCaab uncovered-dart
done AAAcaCCaac uncovered-dart
done AAAcaCaCac uncovered-dart
done AAAcaCabaB uncovered-dart
done AAAcaCacaC uncovered-dart
done AAAcaCbaaB uncovered-dart
done AAAcaaBCab uncovered-dart
done AAAcaaCCac uncovered-dart
done AAAcaaCbaB uncovered-dart
done AAAcaaaBCb uncovered-dart
done AAAcaaabCB uncovered-dart
done AAAcaabCaB uncovered-dart
done AAAcaabaBC uncovered-dart
done AAAcaabaCB uncovered-dart
done AAAcaacaCC uncovered-dart
done AAAcabCaaB uncovered-dart
done AAAcabaCaB uncovered-dart
done AAAcabaaBC uncovered-dart
done AAAcabaaCB uncovered-dart
done AAAcacaCaC uncovered-dart
done AAAcacaaCC uncovered-dart
done AAAcbCaaaB uncovered-dart
done AAAcbaCaaB uncovered-dart
done AAAcbaaCaB uncovered-dart
done AAAcbaaaBC uncovered-dart
done AAAcbaaaCB uncovered-dart
done AAAccaCaaC uncovered-dart
done AAAccaaCaC uncovered-dart
done AAAccaaaCC uncovered-dart
done AABACaaabc uncovered-dart
done AABACaaacb uncovered-dart
done AABACaabac uncovered-dart
done AABACaacab uncovered-dart
done AABACabaac uncovered-dart
done AABACacaab uncovered-dart
done AABACbaaac uncovered-dart
done AABAcaCaab uncovered-dart
done AABAcaaCab uncovered-dart
done AABAcaaaCb uncovered-dart
done AABAcaaabC uncovered-dart
done AABAcaabaC uncovered-dart
done AABAcabaaC uncovered-dart
done AABAcbaaaC uncovered-dart
done AABBCaabbc uncovered-dart
done AABBCaabcb uncovered-dart
done AABBCaacbb uncovered-dart
done AABBCababc uncovered-dart
done AABBCabacb uncovered-dart
done AABBCabbac uncovered-dart
done AABBCabcab uncovered-dart
done AABBCacabb uncovered-dart
done AABBCacbab uncovered-dart
done AABBCbaabc uncovered-dart
done AABBCbaacb uncovered-dart
done AABBCbabac uncovered-dart
done AABBCbacab uncovered-dart
done AABBCbbaac uncovered-dart
done AABBCbcaab uncovered-dart
done AABBcaCabb uncovered-dart
done AABBcaCbab uncovered-dart
done AABBcaaCbb uncovered-dart
done AABBcaabCb uncovered-dart
done AABBcaabbC uncovered-dart
done AABBcabCab uncovered-dart
done AABBcabaCb uncovered-dart
done AABBcababC uncovered-dart
done AABBcabbaC uncovered-dart
done AABBcbCaab uncovered-dart
done AABBcbaCab uncovered-dart
done AABBcbaaCb uncovered-dart
done AABBcbaabC uncovered-dart
done AABBcbabaC uncovered-dart
done AABBcbbaaC uncovered-dart
done AABCAcaaab uncovered-dart
done AABCBcaabb uncovered-dart
done AABCBcabab uncovered-dart
done AABCBcbaab uncovered-dart
done AABCCaabcc uncovered-dart
done AABCCaacbc uncovered-dart
done AABCCaaccb uncovered-dart
done AABCCabacc uncovered-dart
done AABCCabcac uncovered-dart
done AABCCacabc uncovered-dart
done AABCCacacb uncovered-dart
done AABCCacbac uncovered-dart
done AABCCaccab uncovered-dart
done AABCCbaacc uncovered-dart
done AABCCbacac uncovered-dart
done AABCCbcaac uncovered-dart
done AABCaBcabb uncovered-dart
done AABCaBcbab uncovered-dart
done AABCaCabcc uncovered-dart
done AABCaCacbc uncovered-dart
done AABCaCaccb uncovered-dart
done AABCaCbacc uncovered-dart
done AABCaCbcac uncovered-dart
done AABCaaBcbb uncovered-dart
done AABCaaCbcc uncovered-dart
done AABCaaabAc uncovered-dart
done AABCaabbcB uncovered-dart
done AABCaaccbC uncovered-dart
done AABCabCacc uncovered-dart
done AABCabaBcb uncovered-dart
done AABCababcB uncovered-dart
done AABCabbaBc uncovered-dart
done AABCabbacB uncovered-dart
done AABCabbcaB uncovered-dart
done AABCabcbaB uncovered-dart
done AABCabccaC uncovered-dart
done AABCacaCbc uncovered-dart
done AABCacacbC uncovered-dart
done AABCacbCac uncovered-dart
done AABCacbbaB uncovered-dart
done AABCacbcaC uncovered-dart
done AABCaccaCb uncovered-dart
done AABCaccabC uncovered-dart
done AABCaccbaC uncovered-dart
done AABCbCaacc uncovered-dart
done AABCbCacac uncovered-dart
done AABCbaBcab uncovered-dart
done AABCbaCacc uncovered-dart
done AABCbaaBcb uncovered-dart
done AABCbaabcB uncovered-dart
done AABCbabaBc uncovered-dart
done AABCbabacB uncovered-dart
done AABCbabcaB uncovered-dart
done AABCbacbaB uncovered-dart
done AABCbaccaC uncovered-dart
done AABCbbaaBc uncovered-dart
done AABCbbaacB uncovered-dart
done AABCbbacaB uncovered-dart
done AABCbbcaaB uncovered-dart
done AABCbcaCac uncovered-dart
done AABCbcabaB uncovered-dart
done AABCbcacaC uncovered-dart
done AABCbcbaaB uncovered-dart
done AABCbccaaC uncovered-dart
done AABcACaaab uncovered-dart
done AABcBCaabb uncovered-dart
done AABcBCabab uncovered-dart
done AABcBCbaab uncovered-dart
done AABcaBCabb uncovered-dart
done AABcaBCbab uncovered-dart
done AABcaCCabc uncovered-dart
done AABcaCCacb uncovered-dart
done AABcaCCbac uncovered-dart
done AABcaCaCbc uncovered-dart
done AABcaCacbC uncovered-dart
done AABcaCbCac uncovered-dart
done AABcaCbbaB uncovered-dart
done AABcaCbcaC uncovered-dart
done AABcaaBCbb uncovered-dart
done AABcaaCCbc uncovered-dart
done AABcaaabAC uncovered-dart
done AABcaabbCB uncovered-dart
done AABcaacbCC uncovered-dart
done AABcabCCac uncovered-dart
done AABcabCbaB uncovered-dart
done AABcabaBCb uncovered-dart
done AABcababCB uncovered-dart
done AABcabbCaB uncovered-dart
done AABcabbaBC uncovered-dart
done AABcabbaCB uncovered-dart
done AABcabcaCC uncovered-dart
done AABcacaCCb uncovered-dart
done AABcacaCbC uncovered-dart
done AABcacabCC uncovered-dart
done AABcacbCaC uncovered-dart
done AABcacbaCC uncovered-dart
done AABcbCCaac uncovered-dart
done AABcbCaCac uncovered-dart
done AABcbCabaB uncovered-dart
done AABcbCacaC uncovered-dart
done AABcbCbaaB uncovered-dart
done AABcbaBCab uncovered-dart
done AABcbaCCac uncovered-dart
done AABcbaCbaB uncovered-dart
done AABcbaaBCb uncovered-dart
done AABcbaabCB uncovered-dart
done AABcbabCaB uncovered-dart
done AABcbabaBC uncovered-dart
done AABcbabaCB uncovered-dart
done AABcbacaCC uncovered-dart
done AABcbbCaaB uncovered-dart
done AABcbbaCaB uncovered-dart
done AABcbbaaBC uncovered-dart
done AABcbbaaCB uncovered-dart
done AABcbcaCaC uncovered-dart
done AABcbcaaCC uncovered-dart
done AABccaCCab uncovered-dart
done AABccaCaCb uncovered-dart
done AABccaCabC uncovered-dart
done AABccaCbaC uncovered-dart
done AABccaaCCb uncovered-dart
done AABccaaCbC uncovered-dart
done AABccaabCC uncovered-dart
done AABccabCaC uncovered-dart
done AABccabaCC uncovered-dart
done AABccbCaaC uncovered-dart
done AABccbaCaC uncovered-dart
done AABccbaaCC uncovered-dart
done AACABcaaab uncovered-dart
done AACACaaacc uncovered-dart
done AACACaacac uncovered-dart
done AACACacaac uncovered-dart
done AACAcaCaac uncovered-dart
done AACAcaaCac uncovered-dart
done AACAcaabaB uncovered-dart
done AACAcaacaC uncovered-dart
done AACAcabaaB uncovered-dart
done AACAcacaaC uncovered-dart
done AACAcbaaaB uncovered-dart
done AACAccaaaC uncovered-dart
done AACBAcaaab uncovered-dart
done AACBBcaabb uncovered-dart
done AACBBcabab uncovered-dart
done AACBBcbaab uncovered-dart
done AACBCaabcc uncovered-dart
done AACBCaacbc uncovered-dart
done AACBCaaccb uncovered-dart
done AACBCabacc uncovered-dart
done AACBCabcac uncovered-dart
done AACBCacabc uncovered-dart
done AACBCacacb uncovered-dart
done AACBCacbac uncovered-dart
done AACBCaccab uncovered-dart
done AACBCbaacc uncovered-dart
done AACBCbacac uncovered-dart
done AACBCbcaac uncovered-dart
done AACBcaCabc uncovered-dart
done AACBcaCacb uncovered-dart
done AACBcaCbac uncovered-dart
done AACBcaaCbc uncovered-dart
done AACBcaacbC uncovered-dart
done AACBcabCac uncovered-dart
done AACBcabbaB uncovered-dart
done AACBcabcaC uncovered-dart
done AACBcacaCb uncovered-dart
done AACBcacabC uncovered-dart
done AACBcacbaC uncovered-dart
done AACBcbCaac uncovered-dart
done AACBcbaCac uncovered-dart
done AACBcbabaB uncovered-dart
done AACBcbacaC uncovered-dart
done AACBcbbaaB uncovered-dart
done AACBcbcaaC uncovered-dart
done AACBccaCab uncovered-dart
done AACBccaaCb uncovered-dart
done AACBccaabC uncovered-dart
done AACBccabaC uncovered-dart
done AACBccbaaC uncovered-dart
done AACCAcaaac uncovered-dart
done AACCBcaabc uncovered-dart
done AACCBcaacb uncovered-dart
done AACCBcabac uncovered-dart
done AACCBcacab uncovered-dart
done AACCBcbaac uncovered-dart
done AACCBccaab uncovered-dart
done AACCCaaccc uncovered-dart
done AACCCacacc uncovered-dart
done AACCCaccac uncovered-dart
done AACCaBcabc uncovered-dart
done AACCaBcacb uncovered-dart
done AACCaBcbac uncovered-dart
done AACCaBccab uncovered-dart
done AACCaCaccc uncovered-dart
done AACCaaBcbc uncovered-dart
done AACCaaBccb uncovered-dart
done AACCaaacAc uncovered-dart
done AACCaabcBc uncovered-dart
done AACCaabccB uncovered-dart
done AACCaacBcb uncovered-dart
done AACCaacbcB uncovered-dart
done AACCabaBcc uncovered-dart
done AACCabacBc uncovered-dart
done AACCabaccB uncovered-dart
done AACCabcaBc uncovered-dart
done AACCabcacB uncovered-dart
done AACCabccaB uncovered-dart
done AACCacBcab uncovered-dart
done AACCacaBcb uncovered-dart
done AACCacabcB uncovered-dart
done AACCacbaBc uncovered-dart
done AACCacbacB uncovered-dart
done AACCacbcaB uncovered-dart
done AACCaccbaB uncovered-dart
done AACCacccaC uncovered-dart
done AACCbaBcac uncovered-dart
done AACCbaaBcc uncovered-dart
done AACCbaacBc uncovered-dart
done AACCbaaccB uncovered-dart
done AACCbacaBc uncovered-dart
done AACCbacacB uncovered-dart
done AACCbaccaB uncovered-dart
done AACCbcaaBc uncovered-dart
done AACCbcaacB uncovered-dart
done AACCbcacaB uncovered-dart
done AACCbccaaB uncovered-dart
done AACaBAcaab uncovered-dart
done AACaBBcabb uncovered-dart
done AACaBBcbab uncovered-dart
done AACaBCabcc uncovered-dart
done AACaBCacbc uncovered-dart
done AACaBCaccb uncovered-dart
done AACaBCbacc uncovered-dart
done AACaBCbcac uncovered-dart
done AACaBcaCbc uncovered-dart
done AACaBcacbC uncovered-dart
done AACaBcbCac uncovered-dart
done AACaBcbbaB uncovered-dart
done AACaBcbcaC uncovered-dart
done AACaBccaCb uncovered-dart
done AACaBccabC uncovered-dart
done AACaBccbaC uncovered-dart
done AACaCAcaac uncovered-dart
done AACaCBcabc uncovered-dart
done AACaCBcacb uncovered-dart
done AACaCBcbac uncovered-dart
done AACaCBccab uncovered-dart
done AACaCCaccc uncovered-dart
done AACaCaBcbc uncovered-dart
done AACaCaBccb uncovered-dart
done AACaCaacAc uncovered-dart
done AACaCabcBc uncovered-dart
done AACaCabccB uncovered-dart
done AACaCacBcb uncovered-dart
done AACaCacbcB uncovered-dart
done AACaCbaBcc uncovered-dart
done AACaCbacBc uncovered-dart
done AACaCbaccB uncovered-dart
done AACaCbcaBc uncovered-dart
done AACaCbcacB uncovered-dart
done AACaCbccaB uncovered-dart
done AACaaBAcab uncovered-dart
done AACaaBBcbb uncovered-dart
done AACaaBCbcc uncovered-dart
done AACaaBccbC uncovered-dart
done AACaaCAcac uncovered-dart
done AACaaCBcbc uncovered-dart
done AACaaCBccb uncovered-dart
done AACaaCacAc uncovered-dart
done AACaaCbcBc uncovered-dart
done AACaaCbccB uncovered-dart
done AACaaaBAcb uncovered-dart
done AACaaaCAcc uncovered-dart
done AACaaabABc uncovered-dart
done AACaaabAcB uncovered-dart
done AACaaabcAB uncovered-dart
done AACaaacbAB uncovered-dart
done AACaaaccAC uncovered-dart
done AACaabAcaB uncovered-dart
done AACaabCBcc uncovered-dart
done AACaabaBAc uncovered-dart
done AACaabacAB uncovered-dart
done AACaabbcBB uncovered-dart
done AACaabccBC uncovered-dart
done AACaacACac uncovered-dart
done AACaacAcaC uncovered-dart
done AACaacBCbc uncovered-dart
done AACaacBcbC uncovered-dart
done AACaacaCAc uncovered-dart
done AACaacabAB uncovered-dart
done AACaacacAC uncovered-dart
done AACaacbCBc uncovered-dart
done AACaacbcBC uncovered-dart
done AACaaccBCb uncovered-dart
done AACaaccbCB uncovered-dart
done AACabAcaaB uncovered-dart
done AACabCBcac uncovered-dart
done AACabCaBcc uncovered-dart
done AACabCacBc uncovered-dart
done AACabCaccB uncovered-dart
done AACabaBBcb uncovered-dart
done AACabaCBcc uncovered-dart
done AACabaaBAc uncovered-dart
done AACabaacAB uncovered-dart
done AACababcBB uncovered-dart
done AACabaccBC uncovered-dart
done AACabbaBBc uncovered-dart
done AACabbaBcB uncovered-dart
done AACabbacBB uncovered-dart
done AACabbcaBB uncovered-dart
done AACabcBCac uncovered-dart
done AACabcBcaC uncovered-dart
done AACabcaCBc uncovered-dart
done AACabcacBC uncovered-dart
done AACabcbaBB uncovered-dart
done AACabccaBC uncovered-dart
done AACabccaCB uncovered-dart
done AACacACaac uncovered-dart
done AACacAcaaC uncovered-dart
done AACacBCabc uncovered-dart
done AACacBCacb uncovered-dart
done AACacBCbac uncovered-dart
done AACacBcaCb uncovered-dart
done AACacBcabC uncovered-dart
done AACacBcbaC uncovered-dart
done AACacaBCbc uncovered-dart
done AACacaBcbC uncovered-dart
done AACacaCBcb uncovered-dart
done AACacaCbcB uncovered-dart
done AACacaaCAc uncovered-dart
done AACacaabAB uncovered-dart
done AACacaacAC uncovered-dart
done AACacabCBc uncovered-dart
done AACacabcBC uncovered-dart
done AACacacBCb uncovered-dart
done AACacacbCB uncovered-dart
done AACacbCaBc uncovered-dart
done AACacbCacB uncovered-dart
done AACacbaCBc uncovered-dart
done AACacbacBC uncovered-dart
done AACacbbaBB uncovered-dart
done AACacbcaBC uncovered-dart
done AACacbcaCB uncovered-dart
done AACaccBCab uncovered-dart
done AACaccaBCb uncovered-dart
done AACaccabCB uncovered-dart
done AACaccbCaB uncovered-dart
done AACaccbaBC uncovered-dart
done AACaccbaCB uncovered-dart
done AACacccaCC uncovered-dart
done AACbAcaaaB uncovered-dart
done AACbCBcaac uncovered-dart
done AACbCaBcac uncovered-dart
done AACbCaaBcc uncovered-dart
done AACbCaacBc uncovered-dart
done AACbCaaccB uncovered-dart
done AACbCacaBc uncovered-dart
done AACbCacacB uncovered-dart
done AACbCaccaB uncovered-dart
done AACbaBBcab uncovered-dart
done AACbaBCacc uncovered-dart
done AACbaBcbaB uncovered-dart
done AACbaBccaC uncovered-dart
done AACbaCBcac uncovered-dart
done AACbaCaBcc uncovered-dart
done AACbaCacBc uncovered-dart
done AACbaCaccB uncovered-dart
done AACbaaBBcb uncovered-dart
done AACbaaCBcc uncovered-dart
done AACbaaaBAc uncovered-dart
done AACbaaacAB uncovered-dart
done AACbaabcBB uncovered-dart
done AACbaaccBC uncovered-dart
done AACbabaBBc uncovered-dart
done AACbabaBcB uncovered-dart
done AACbabacBB uncovered-dart
done AACbabcaBB uncovered-dart
done AACbacBCac uncovered-dart
done AACbacBcaC uncovered-dart
done AACbacaCBc uncovered-dart
done AACbacacBC uncovered-dart
done AACbacbaBB uncovered-dart
done AACbaccaBC uncovered-dart
done AACbaccaCB uncovered-dart
done AACbbaBcaB uncovered-dart
done AACbbaaBBc uncovered-dart
done AACbbaaBcB uncovered-dart
done AACbbaacBB uncovered-dart
done AACbbacaBB uncovered-dart
done AACbbcaaBB uncovered-dart
done AACbcBCaac uncovered-dart
done AACbcBcaaC uncovered-dart
done AACbcaBCac uncovered-dart
done AACbcaBcaC uncovered-dart
done AACbcaCaBc uncovered-dart
done AACbcaCacB uncovered-dart
done AACbcaaCBc uncovered-dart
done AACbcaacBC uncovered-dart
done AACbcabaBB uncovered-dart
done AACbcacaBC uncovered-dart
done AACbcacaCB uncovered-dart
done AACbcbaaBB uncovered-dart
done AACbccaCaB uncovered-dart
done AACbccaaBC uncovered-dart
done AACbccaaCB uncovered-dart
done AAcABCaaab uncovered-dart
done AAcACCaaac uncovered-dart
done AAcACaCaac uncovered-dart
done AAcACaaCac uncovered-dart
done AAcACaabaB uncovered-dart
done AAcACaacaC uncovered-dart
done AAcACabaaB uncovered-dart
done AAcACacaaC uncovered-dart
done AAcACbaaaB uncovered-dart
done AAcAcaCaaC uncovered-dart
done AAcAcaaCaC uncovered-dart
done AAcAcaaaCC uncovered-dart
done AAcBACaaab uncovered-dart
done AAcBBCaabb uncovered-dart
done AAcBBCabab uncovered-dart
done AAcBBCbaab uncovered-dart
done AAcBCCaabc uncovered-dart
done AAcBCCaacb uncovered-dart
done AAcBCCabac uncovered-dart
done AAcBCCacab uncovered-dart
done AAcBCCbaac uncovered-dart
done AAcBCaCabc uncovered-dart
done AAcBCaCacb uncovered-dart
done AAcBCaCbac uncovered-dart
done AAcBCaaCbc uncovered-dart
done AAcBCaacbC uncovered-dart
done AAcBCabCac uncovered-dart
done AAcBCabbaB uncovered-dart
done AAcBCabcaC uncovered-dart
done AAcBCacaCb uncovered-dart
done AAcBCacabC uncovered-dart
done AAcBCacbaC uncovered-dart
done AAcBCbCaac uncovered-dart
done AAcBCbaCac uncovered-dart
done AAcBCbabaB uncovered-dart
done AAcBCbacaC uncovered-dart
done AAcBCbbaaB uncovered-dart
done AAcBCbcaaC uncovered-dart
done AAcBcaCCab uncovered-dart
done AAcBcaCaCb uncovered-dart
done AAcBcaCabC uncovered-dart
done AAcBcaCbaC uncovered-dart
done AAcBcaaCCb uncovered-dart
done AAcBcaaCbC uncovered-dart
done AAcBcaabCC uncovered-dart
done AAcBcabCaC uncovered-dart
done AAcBcabaCC uncovered-dart
done AAcBcbCaaC uncovered-dart
done AAcBcbaCaC uncovered-dart
done AAcBcbaaCC uncovered-dart
done AAcaBACaab uncovered-dart
done AAcaBBCabb uncovered-dart
done AAcaBBCbab uncovered-dart
done AAcaBCCabc uncovered-dart
done AAcaBCCacb uncovered-dart
done AAcaBCCbac uncovered-dart
done AAcaBCaCbc uncovered-dart
done AAcaBCacbC uncovered-dart
done AAcaBCbCac uncovered-dart
done AAcaBCbbaB uncovered-dart
done AAcaBCbcaC uncovered-dart
done AAcaBcaCCb uncovered-dart
done AAcaBcaCbC uncovered-dart
done AAcaBcabCC uncovered-dart
done AAcaBcbCaC uncovered-dart
done AAcaBcbaCC uncovered-dart
done AAcaCACaac uncovered-dart
done AAcaCAcaaC uncovered-dart
done AAcaCBCabc uncovered-dart
done AAcaCBCacb uncovered-dart
done AAcaCBCbac uncovered-dart
done AAcaCBcaCb uncovered-dart
done AAcaCBcabC uncovered-dart
done AAcaCBcbaC uncovered-dart
done AAcaCCBcab uncovered-dart
done AAcaCCCacc uncovered-dart
done AAcaCCaBcb uncovered-dart
done AAcaCCabcB uncovered-dart
done AAcaCCbaBc uncovered-dart
done AAcaCCbacB uncovered-dart
done AAcaCCbcaB uncovered-dart
done AAcaCaBCbc uncovered-dart
done AAcaCaBcbC uncovered-dart
done AAcaCaCBcb uncovered-dart
done AAcaCaCbcB uncovered-dart
done AAcaCaaCAc uncovered-dart
done AAcaCaabAB uncovered-dart
done AAcaCaacAC uncovered-dart
done AAcaCabCBc uncovered-dart
done AAcaCabcBC uncovered-dart
done AAcaCacBCb uncovered-dart
done AAcaCacbCB uncovered-dart
done AAcaCbCaBc uncovered-dart
done AAcaCbCacB uncovered-dart
done AAcaCbaCBc uncovered-dart
done AAcaCbacBC uncovered-dart
done AAcaCbbaBB uncovered-dart
done AAcaCbcaBC uncovered-dart
done AAcaCbcaCB uncovered-dart
done AAcaaBACab uncovered-dart
done AAcaaBBCbb uncovered-dart
done AAcaaBCCbc uncovered-dart
done AAcaaBcbCC uncovered-dart
done AAcaaCACac uncovered-dart
done AAcaaCAcaC uncovered-dart
done AAcaaCBCbc uncovered-dart
done AAcaaCBcbC uncovered-dart
done AAcaaCCBcb uncovered-dart
done AAcaaCCbcB uncovered-dart
done AAcaaCaCAc uncovered-dart
done AAcaaCabAB uncovered-dart
done AAcaaCacAC uncovered-dart
done AAcaaCbCBc uncovered-dart
done AAcaaCbcBC uncovered-dart
done AAcaaaBACb uncovered-dart
done AAcaaaCCAc uncovered-dart
done AAcaaaCbAB uncovered-dart
done AAcaaabABC uncovered-dart
done AAcaaabACB uncovered-dart
done AAcaaabCAB uncovered-dart
done AAcaaacACC uncovered-dart
done AAcaabACaB uncovered-dart
done AAcaabCCBc uncovered-dart
done AAcaabaBAC uncovered-dart
done AAcaabaCAB uncovered-dart
done AAcaabbCBB uncovered-dart
done AAcaabcBCC uncovered-dart
done AAcaacACaC uncovered-dart
done AAcaacBCCb uncovered-dart
done AAcaacBCbC uncovered-dart
done AAcaacaCAC uncovered-dart
done AAcaacbCBC uncovered-dart
done AAcaacbCCB uncovered-dart
done AAcabACaaB uncovered-dart
done AAcabCBCac uncovered-dart
done AAcabCBcaC uncovered-dart
done AAcabCCaBc uncovered-dart
done AAcabCCacB uncovered-dart
done AAcabCaCBc uncovered-dart
done AAcabCacBC uncovered-dart
done AAcabCbaBB uncovered-dart
done AAcabaBBCb uncovered-dart
done AAcabaCCBc uncovered-dart
done AAcabaaBAC uncovered-dart
done AAcabaaCAB uncovered-dart
done AAcababCBB uncovered-dart
done AAcabacBCC uncovered-dart
done AAcabbCaBB uncovered-dart
done AAcabbaBBC uncovered-dart
done AAcabbaBCB uncovered-dart
done AAcabbaCBB uncovered-dart
done AAcabcBCaC uncovered-dart
done AAcabcaBCC uncovered-dart
done AAcabcaCBC uncovered-dart
done AAcabcaCCB uncovered-dart
done AAcacACaaC uncovered-dart
done AAcacBCCab uncovered-dart
done AAcacBCaCb uncovered-dart
done AAcacBCabC uncovered-dart
done AAcacBCbaC uncovered-dart
done AAcacaBCCb uncovered-dart
done AAcacaBCbC uncovered-dart
done AAcacaCBCb uncovered-dart
done AAcacaCbCB uncovered-dart
done AAcacaaCAC uncovered-dart
done AAcacabCBC uncovered-dart
done AAcacabCCB uncovered-dart
done AAcacbCCaB uncovered-dart
done AAcacbCaBC uncovered-dart
done AAcacbCaCB uncovered-dart
done AAcacbaBCC uncovered-dart
done AAcacbaCBC uncovered-dart
done AAcacbaCCB uncovered-dart
done AAcaccaCCC uncovered-dart
done AAcbACaaaB uncovered-dart
done AAcbCBCaac uncovered-dart
done AAcbCBcaaC uncovered-dart
done AAcbCCaaBc uncovered-dart
done AAcbCCaacB uncovered-dart
done AAcbCCacaB uncovered-dart
done AAcbCaBCac uncovered-dart
done AAcbCaBcaC uncovered-dart
done AAcbCaCaBc uncovered-dart
done AAcbCaCacB uncovered-dart
done AAcbCaaCBc uncovered-dart
done AAcbCaacBC uncovered-dart
done AAcbCabaBB uncovered-dart
done AAcbCacaBC uncovered-dart
done AAcbCacaCB uncovered-dart
done AAcbCbaaBB uncovered-dart
done AAcbaBBCab uncovered-dart
done AAcbaBCCac uncovered-dart
done AAcbaBCbaB uncovered-dart
done AAcbaBcaCC uncovered-dart
done AAcbaCBCac uncovered-dart
done AAcbaCBcaC uncovered-dart
done AAcbaCCaBc uncovered-dart
done AAcbaCCacB uncovered-dart
done AAcbaCaCBc uncovered-dart
done AAcbaCacBC uncovered-dart
done AAcbaCbaBB uncovered-dart
done AAcbaaBBCb uncovered-dart
done AAcbaaCCBc uncovered-dart
done AAcbaaaBAC uncovered-dart
done AAcbaaaCAB uncovered-dart
done AAcbaabCBB uncovered-dart
done AAcbaacBCC uncovered-dart
done AAcbabCaBB uncovered-dart
done AAcbabaBBC uncovered-dart
done AAcbabaBCB uncovered-dart
done AAcbabaCBB uncovered-dart
done AAcbacBCaC uncovered-dart
done AAcbacaBCC uncovered-dart
done AAcbacaCBC uncovered-dart
done AAcbacaCCB uncovered-dart
done AAcbbCaaBB uncovered-dart
done AAcbbaBCaB uncovered-dart
done AAcbbaCaBB uncovered-dart
done AAcbbaaBBC uncovered-dart
done AAcbbaaBCB uncovered-dart
done AAcbbaaCBB uncovered-dart
done AAcbcBCaaC uncovered-dart
done AAcbcaBCaC uncovered-dart
done AAcbcaCCaB uncovered-dart
done AAcbcaCaBC uncovered-dart
done AAcbcaCaCB uncovered-dart
done AAcbcaaBCC uncovered-dart
done AAcbcaaCBC uncovered-dart
done AAcbcaaCCB uncovered-dart
done AAccACaaaC uncovered-dart
done AAccBCCaab uncovered-dart
done AAccBCaCab uncovered-dart
done AAccBCaaCb uncovered-dart
done AAccBCaabC uncovered-dart
done AAccBCabaC uncovered-dart
done AAccBCbaaC uncovered-dart
done AAccaBCCab uncovered-dart
done AAccaBCaCb uncovered-dart
done AAccaBCabC uncovered-dart
done AAccaBCbaC uncovered-dart
done AAccaCBCab uncovered-dart
done AAccaCCCac uncovered-dart
done AAccaCCbaB uncovered-dart
done AAccaCaBCb uncovered-dart
done AAccaCabCB uncovered-dart
done AAccaCbCaB uncovered-dart
done AAccaCbaBC uncovered-dart
done AAccaCbaCB uncovered-dart
done AAccaaBCCb uncovered-dart
done AAccaaBCbC uncovered-dart
done AAccaaCBCb uncovered-dart
done AAccaaCbCB uncovered-dart
done AAccaaaCAC uncovered-dart
done AAccaabCBC uncovered-dart
done AAccaabCCB uncovered-dart
done AAccabCCaB uncovered-dart
done AAccabCaBC uncovered-dart
done AAccabCaCB uncovered-dart
done AAccabaBCC uncovered-dart
done AAccabaCBC uncovered-dart
done AAccabaCCB uncovered-dart
done AAccacaCCC uncovered-dart
done AAccbCCaaB uncovered-dart
done AAccbCaCaB uncovered-dart
done AAccbCaaBC uncovered-dart
done AAccbCaaCB uncovered-dart
done AAccbaBCaC uncovered-dart
done AAccbaCCaB uncovered-dart
done AAccbaCaBC uncovered-dart
done AAccbaCaCB uncovered-dart
done AAccbaaBCC uncovered-dart
done AAccbaaCBC uncovered-dart
done AAccbaaCCB uncovered-dart
done AAcccaCCaC uncovered-dart
done AAcccaCaCC uncovered-dart
done AAcccaaCCC uncovered-dart
done ABABCaabbc uncovered-dart
done ABABCaabcb uncovered-dart
done ABABCaacbb uncovered-dart
done ABABCababc uncovered-dart
done ABABCabacb uncovered-dart
done ABABCabbac uncovered-dart
done ABABCabcab uncovered-dart
done ABABCacabb uncovered-dart
done ABABCacbab uncovered-dart
done ABABCbaabc uncovered-dart
done ABABCbaacb uncovered-dart
done ABABCbabac uncovered-dart
done ABABCbacab uncovered-dart
done ABABCbbaac uncovered-dart
done ABABCbcaab uncovered-dart
done ABABcaCabb uncovered-dart
done ABABcaCbab uncovered-dart
done ABABcaaCbb uncovered-dart
done ABABcaabCb uncovered-dart
done ABABcaabbC uncovered-dart
done ABABcabCab uncovered-dart
done ABABcabaCb uncovered-dart
done ABABcababC uncovered-dart
done ABABcabbaC uncovered-dart
done ABABcbCaab uncovered-dart
done ABABcbaCab uncovered-dart
done ABABcbaaCb uncovered-dart
done ABABcbaabC uncovered-dart
done ABABcbabaC uncovered-dart
done ABABcbbaaC uncovered-dart
done ABACAcaaab uncovered-dart
done ABACBcaabb uncovered-dart
done ABACBcabab uncovered-dart
done ABACBcbaab uncovered-dart
done ABACCaabcc uncovered-dart
done ABACCaacbc uncovered-dart
done ABACCaaccb uncovered-dart
done ABACCabacc uncovered-dart
done ABACCabcac uncovered-dart
done ABACCacabc uncovered-dart
done ABACCacacb uncovered-dart
done ABACCacbac uncovered-dart
done ABACCaccab uncovered-dart
done ABACCbaacc uncovered-dart
done ABACCbacac uncovered-dart
done ABACCbcaac uncovered-dart
done ABACaBcabb uncovered-dart
done ABACaBcbab uncovered-dart
done ABACaCabcc uncovered-dart
done ABACaCacbc uncovered-dart
done ABACaCaccb uncovered-dart
done ABACaCbacc uncovered-dart
done ABACaCbcac uncovered-dart
done ABACaaBcbb uncovered-dart
done ABACaaCbcc uncovered-dart
done ABACaaabAc uncovered-dart
done ABACaabbcB uncovered-dart
done ABACaaccbC uncovered-dart
done ABACabCacc uncovered-dart
done ABACabaBcb uncovered-dart
done ABACababcB uncovered-dart
done ABACabbaBc uncovered-dart
done ABACabbacB uncovered-dart
done ABACabbcaB uncovered-dart
done ABACabcbaB uncovered-dart
done ABACabccaC uncovered-dart
done ABACacaCbc uncovered-dart
done ABACacacbC uncovered-dart
done ABACacbCac uncovered-dart
done ABACacbbaB uncovered-dart
done ABACacbcaC uncovered-dart
done ABACaccaCb uncovered-dart
done ABACaccabC uncovered-dart
done ABACaccbaC uncovered-dart
done ABACbCaacc uncovered-dart
done ABACbCacac uncovered-dart
done ABACbaBcab uncovered-dart
done ABACbaCacc uncovered-dart
done ABACbaaBcb uncovered-dart
done ABACbaabcB uncovered-dart
done ABACbabaBc uncovered-dart
done ABACbabacB uncovered-dart
done ABACbabcaB uncovered-dart
done ABACbacbaB uncovered-dart
done ABACbaccaC uncovered-dart
done ABACbbaaBc uncovered-dart
done ABACbbaacB uncovered-dart
done ABACbbacaB uncovered-dart
done ABACbbcaaB uncovered-dart
done ABACbcaCac uncovered-dart
done ABACbcabaB uncovered-dart
done ABACbcacaC uncovered-dart
done ABACbcbaaB uncovered-dart
done ABACbccaaC uncovered-dart
done ABAcACaaab uncovered-dart
done ABAcBCaabb uncovered-dart
done ABAcBCabab uncovered-dart
done ABAcBCbaab uncovered-dart
done ABAcaBCabb uncovered-dart
done ABAcaBCbab uncovered-dart
done ABAcaCCabc uncovered-dart
done ABAcaCCacb uncovered-dart
done ABAcaCCbac uncovered-dart
done ABAcaCaCbc uncovered-dart
done ABAcaCacbC uncovered-dart
done ABAcaCbCac uncovered-dart
done ABAcaCbbaB uncovered-dart
done ABAcaCbcaC uncovered-dart
done ABAcaaBCbb uncovered-dart
done ABAcaaCCbc uncovered-dart
done ABAcaaabAC uncovered-dart
done ABAcaabbCB uncovered-dart
done ABAcaacbCC uncovered-dart
done ABAcabCCac uncovered-dart
done ABAcabCbaB uncovered-dart
done ABAcabaBCb uncovered-dart
done ABAcababCB uncovered-dart
done ABAcabbCaB uncovered-dart
done ABAcabbaBC uncovered-dart
done ABAcabbaCB uncovered-dart
done ABAcabcaCC uncovered-dart
done ABAcacaCCb uncovered-dart
done ABAcacaCbC uncovered-dart
done ABAcacabCC uncovered-dart
done ABAcacbCaC uncovered-dart
done ABAcacbaCC uncovered-dart
done ABAcbCCaac uncovered-dart
done ABAcbCaCac uncovered-dart
done ABAcbCabaB uncovered-dart
done ABAcbCacaC uncovered-dart
done ABAcbCbaaB uncovered-dart
done ABAcbaBCab uncovered-dart
done ABAcbaCCac uncovered-dart
done ABAcbaCbaB uncovered-dart
done ABAcbaaBCb uncovered-dart
done ABAcbaabCB uncovered-dart
done ABAcbabCaB uncovered-dart
done ABAcbabaBC uncovered-dart
done ABAcbabaCB uncovered-dart
done ABAcbacaCC uncovered-dart
done ABAcbbCaaB uncovered-dart
done ABAcbbaCaB uncovered-dart
done ABAcbbaaBC uncovered-dart
done ABAcbbaaCB uncovered-dart
done ABAcbcaCaC uncovered-dart
done ABAcbcaaCC uncovered-dart
done ABAccaCCab uncovered-dart
done ABAccaCaCb uncovered-dart
done ABAccaCabC uncovered-dart
done ABAccaCbaC uncovered-dart
done ABAccaaCCb uncovered-dart
done ABAccaaCbC uncovered-dart
done ABAccaabCC uncovered-dart
done ABAccabCaC uncovered-dart
done ABAccabaCC uncovered-dart
done ABAccbCaaC uncovered-dart
done ABAccbaCaC uncovered-dart
done ABAccbaaCC uncovered-dart
done ABBACaabbc uncovered-dart
done ABBACaabcb uncovered-dart
done ABBACaacbb uncovered-dart
done ABBACababc uncovered-dart
done ABBACabacb uncovered-dart
done ABBACabbac uncovered-dart
done ABBACabcab uncovered-dart
done ABBACacabb uncovered-dart
done ABBACacbab uncovered-dart
done ABBACbaabc uncovered-dart
done ABBACbaacb uncovered-dart
done ABBACbabac uncovered-dart
done ABBACbacab uncovered-dart
done ABBACbbaac uncovered-dart
done ABBACbcaab uncovered-dart
done ABBAcaCabb uncovered-dart
done ABBAcaCbab uncovered-dart
done ABBAcaaCbb uncovered-dart
done ABBAcaabCb uncovered-dart
done ABBAcaabbC uncovered-dart
done ABBAcabCab uncovered-dart
done ABBAcabaCb uncovered-dart
done ABBAcababC uncovered-dart
done ABBAcabbaC uncovered-dart
done ABBAcbCaab uncovered-dart
done ABBAcbaCab uncovered-dart
done ABBAcbaaCb uncovered-dart
done ABBAcbaabC uncovered-dart
done ABBAcbabaC uncovered-dart
done ABBAcbbaaC uncovered-dart
done ABBBCabbbc uncovered-dart
done ABBBCabbcb uncovered-dart
done ABBBCabcbb uncovered-dart
done ABBBCacbbb uncovered-dart
done ABBBCbabbc uncovered-dart
done ABBBCbabcb uncovered-dart
done ABBBCbacbb uncovered-dart
done ABBBCbbabc uncovered-dart
done ABBBCbbacb uncovered-dart
done ABBBCbbbac uncovered-dart
done ABBBCbbcab uncovered-dart
done ABBBCbcabb uncovered-dart
done ABBBCbcbab uncovered-dart
done ABBBcaCbbb uncovered-dart
done ABBBcabCbb uncovered-dart
done ABBBcabbCb uncovered-dart
done ABBBcabbbC uncovered-dart
done ABBBcbCabb uncovered-dart
done ABBBcbCbab farkas
done ABBBcbaCbb uncovered-dart
done ABBBcbabCb farkas
done ABBBcbabbC uncovered-dart
done ABBBcbbCab uncovered-dart
done ABBBcbbaCb uncovered-dart
done ABBBcbbabC uncovered-dart
done ABBBcbbbaC uncovered-dart
done ABBCAcaabb uncovered-dart
done ABBCAcabab uncovered-dart
done ABBCAcbaab uncovered-dart
done ABBCBcabbb uncovered-dart
done ABBCBcbabb uncovered-dart
done ABBCBcbbab uncovered-dart
done ABBCCabbcc uncovered-dart
done ABBCCabcbc uncovered-dart
done ABBCCabccb uncovered-dart
done ABBCCacbbc uncovered-dart
done ABBCCacbcb uncovered-dart
done ABBCCaccbb uncovered-dart
done ABBCCbabcc uncovered-dart
done ABBCCbacbc uncovered-dart
done ABBCCbaccb uncovered-dart
done ABBCCbbacc uncovered-dart
done ABBCCbbcac uncovered-dart
done ABBCCbcabc uncovered-dart
done ABBCCbcacb uncovered-dart
done ABBCCbcbac uncovered-dart
done ABBCCbccab uncovered-dart
done ABBCaBcbbb uncovered-dart
done ABBCaCbbcc uncovered-dart
done ABBCaCbcbc uncovered-dart
done ABBCaCbccb uncovered-dart
done ABBCaabAcb uncovered-dart
done ABBCaabbAc uncovered-dart
done ABBCabAcab uncovered-dart
done ABBCabCbcc uncovered-dart
done ABBCababAc uncovered-dart
done ABBCabbbcB uncovered-dart
done ABBCabccbC uncovered-dart
done ABBCacbCbc uncovered-dart
done ABBCacbcbC uncovered-dart
done ABBCaccbCb uncovered-dart
done ABBCaccbbC uncovered-dart
done ABBCbAcaab uncovered-dart
done ABBCbCabcc uncovered-dart
done ABBCbCacbc uncovered-dart
done ABBCbCaccb uncovered-dart
done ABBCbCbacc uncovered-dart
done ABBCbCbcac uncovered-dart
done ABBCbaBcbb uncovered-dart
done ABBCbaCbcc uncovered-dart
done ABBCbaabAc uncovered-dart
done ABBCbabbcB uncovered-dart
done ABBCbaccbC uncovered-dart
done ABBCbbCacc uncovered-dart
done ABBCbbaBcb uncovered-dart
done ABBCbbabcB uncovered-dart
done ABBCbbbaBc uncovered-dart
done ABBCbbbacB uncovered-dart
done ABBCbbbcaB uncovered-dart
done ABBCbbcbaB uncovered-dart
done ABBCbbccaC uncovered-dart
done ABBCbcaCbc uncovered-dart
done ABBCbcacbC uncovered-dart
done ABBCbcbCac uncovered-dart
done ABBCbcbbaB uncovered-dart
done ABBCbcbcaC uncovered-dart
done ABBCbccaCb uncovered-dart
done ABBCbccabC uncovered-dart
done ABBCbccbaC uncovered-dart
done ABBcACaabb uncovered-dart
done ABBcACabab uncovered-dart
done ABBcACbaab uncovered-dart
done ABBcBCabbb uncovered-dart
done ABBcBCbabb uncovered-dart
done ABBcBCbbab uncovered-dart
done ABBcaBCbbb uncovered-dart
done ABBcaCCbbc uncovered-dart
done ABBcaCCbcb uncovered-dart
done ABBcaCbCbc uncovered-dart
done ABBcaCbcbC uncovered-dart
done ABBcaabACb uncovered-dart
done ABBcaabbAC uncovered-dart
done ABBcabACab uncovered-dart
done ABBcabCCbc uncovered-dart
done ABBcababAC uncovered-dart
done ABBcabbbCB uncovered-dart
done ABBcabcbCC uncovered-dart
done ABBcacbCCb uncovered-dart
done ABBcacbCbC uncovered-dart
done ABBcacbbCC uncovered-dart
done ABBcbACaab uncovered-dart
done ABBcbCCabc uncovered-dart
done ABBcbCCacb uncovered-dart
done ABBcbCCbac uncovered-dart
done ABBcbCaCbc uncovered-dart
done ABBcbCacbC uncovered-dart
done ABBcbCbCac uncovered-dart
done ABBcbCbbaB uncovered-dart
done ABBcbCbcaC uncovered-dart
done ABBcbaBCbb uncovered-dart
done ABBcbaCCbc uncovered-dart
done ABBcbaabAC uncovered-dart
done ABBcbabbCB uncovered-dart
done ABBcbacbCC uncovered-dart
done ABBcbbCCac uncovered-dart
done ABBcbbCbaB uncovered-dart
done ABBcbbaBCb uncovered-dart
done ABBcbbabCB uncovered-dart
done ABBcbbbCaB uncovered-dart
done ABBcbbbaBC uncovered-dart
done ABBcbbbaCB uncovered-dart
done ABBcbbcaCC uncovered-dart
done ABBcbcaCCb uncovered-dart
done ABBcbcaCbC uncovered-dart
done ABBcbcabCC uncovered-dart
done ABBcbcbCaC uncovered-dart
done ABBcbcbaCC uncovered-dart
done ABBccaCCbb uncovered-dart
done ABBccaCbCb uncovered-dart
done ABBccaCbbC uncovered-dart
done ABBccabCCb uncovered-dart
done ABBccabCbC uncovered-dart
done ABBccabbCC uncovered-dart
done ABBccbCCab uncovered-dart
done ABBccbCaCb uncovered-dart
done ABBccbCabC uncovered-dart
done ABBccbCbaC uncovered-dart
done ABBccbaCCb uncovered-dart
done ABBccbaCbC uncovered-dart
done ABBccbabCC uncovered-dart
done ABBccbbCaC uncovered-dart
done ABBccbbaCC uncovered-dart
done ABCABcaabb uncovered-dart
done ABCABcabab uncovered-dart
done ABCABcbaab uncovered-dart
done ABCACaabcc uncovered-dart
done ABCACaacbc uncovered-dart
done ABCACaaccb uncovered-dart
done ABCACabacc uncovered-dart
done ABCACabcac uncovered-dart
done ABCACacabc uncovered-dart
done ABCACacacb uncovered-dart
done ABCACacbac uncovered-dart
done ABCACaccab uncovered-dart
done ABCACbaacc uncovered-dart
done ABCACbacac uncovered-dart
done ABCACbcaac uncovered-dart
done ABCAcaCabc uncovered-dart
done ABCAcaCacb uncovered-dart
done ABCAcaCbac uncovered-dart
done ABCAcaaCbc uncovered-dart
done ABCAcaacbC uncovered-dart
done ABCAcabCac uncovered-dart
done ABCAcabbaB uncovered-dart
done ABCAcabcaC uncovered-dart
done ABCAcacaCb uncovered-dart
done ABCAcacabC uncovered-dart
done ABCAcacbaC uncovered-dart
done ABCAcbCaac uncovered-dart
done ABCAcbaCac uncovered-dart
done ABCAcbabaB uncovered-dart
done ABCAcbacaC uncovered-dart
done ABCAcbbaaB uncovered-dart
done ABCAcbcaaC uncovered-dart
done ABCAccaCab uncovered-dart
done ABCAccaaCb uncovered-dart
done ABCAccaabC uncovered-dart
done ABCAccabaC uncovered-dart
done ABCAccbaaC uncovered-dart
done ABCBAcaabb uncovered-dart
done ABCBAcabab uncovered-dart
done ABCBAcbaab uncovered-dart
done ABCBBcabbb uncovered-dart
done ABCBBcbabb uncovered-dart
done ABCBBcbbab uncovered-dart
done ABCBCabbcc uncovered-dart
done ABCBCabcbc uncovered-dart
done ABCBCabccb uncovered-dart
done ABCBCacbbc uncovered-dart
done ABCBCacbcb uncovered-dart
done ABCBCaccbb uncovered-dart
done ABCBCbabcc uncovered-dart
done ABCBCbacbc uncovered-dart
done ABCBCbaccb uncovered-dart
done ABCBCbbacc uncovered-dart
done ABCBCbbcac uncovered-dart
done ABCBCbcabc uncovered-dart
done ABCBCbcacb uncovered-dart
done ABCBCbcbac uncovered-dart
done ABCBCbccab uncovered-dart
done ABCBcaCbbc uncovered-dart
done ABCBcaCbcb uncovered-dart
done ABCBcabCbc uncovered-dart
done ABCBcabcbC uncovered-dart
done ABCBcacbCb uncovered-dart
done ABCBcacbbC uncovered-dart
done ABCBcbCabc uncovered-dart
done ABCBcbCacb uncovered-dart
done ABCBcbCbac uncovered-dart
done ABCBcbaCbc uncovered-dart
done ABCBcbacbC uncovered-dart
done ABCBcbbCac uncovered-dart
done ABCBcbbbaB uncovered-dart
done ABCBcbbcaC uncovered-dart
done ABCBcbcaCb uncovered-dart
done ABCBcbcabC uncovered-dart
done ABCBcbcbaC uncovered-dart
done ABCBccaCbb uncovered-dart
done ABCBccabCb uncovered-dart
done ABCBccabbC uncovered-dart
done ABCBccbCab uncovered-dart
done ABCBccbaCb uncovered-dart
done ABCBccbabC uncovered-dart
done ABCBccbbaC uncovered-dart
done ABCCAcaabc uncovered-dart
done ABCCAcaacb uncovered-dart
done ABCCAcabac uncovered-dart
done ABCCAcacab uncovered-dart
done ABCCAcbaac uncovered-dart
done ABCCAccaab uncovered-dart
done ABCCBcabbc uncovered-dart
done ABCCBcabcb uncovered-dart
done ABCCBcacbb uncovered-dart
done ABCCBcbabc uncovered-dart
done ABCCBcbacb uncovered-dart
done ABCCBcbbac uncovered-dart
done ABCCBcbcab uncovered-dart
done ABCCBccabb uncovered-dart
done ABCCBccbab uncovered-dart
done ABCCCabccc uncovered-dart
done ABCCCacbcc uncovered-dart
done ABCCCaccbc uncovered-dart
done ABCCCacccb uncovered-dart
done ABCCCbaccc uncovered-dart
done ABCCCbcacc uncovered-dart
done ABCCCbccac uncovered-dart
done ABCCaBcbbc uncovered-dart
done ABCCaBcbcb uncovered-dart
done ABCCaBccbb uncovered-dart
done ABCCaCbccc uncovered-dart
done ABCCaabAcc uncovered-dart
done ABCCaabcAc uncovered-dart
done ABCCaacAcb uncovered-dart
done ABCCaacbAc uncovered-dart
done ABCCabAcac uncovered-dart
done ABCCabacAc uncovered-dart
done ABCCabbcBc uncovered-dart
done ABCCabbccB uncovered-dart
done ABCCabcBcb uncovered-dart
done ABCCabcbcB uncovered-dart
done ABCCacAcab uncovered-dart
done ABCCacBcbb uncovered-dart
done ABCCacabAc uncovered-dart
done ABCCacbbcB uncovered-dart
done ABCCacccbC uncovered-dart
done ABCCbAcaac uncovered-dart
done ABCCbCaccc uncovered-dart
done ABCCbaBcbc uncovered-dart
done ABCCbaBccb uncovered-dart
done ABCCbaacAc uncovered-dart
done ABCCbabcBc uncovered-dart
done ABCCbabccB uncovered-dart
done ABCCbacBcb uncovered-dart
done ABCCbacbcB uncovered-dart
done ABCCbbaBcc uncovered-dart
done ABCCbbacBc uncovered-dart
done ABCCbbaccB uncovered-dart
done ABCCbbcaBc uncovered-dart
done ABCCbbcacB uncovered-dart
done ABCCbbccaB uncovered-dart
done ABCCbcBcab uncovered-dart
done ABCCbcaBcb uncovered-dart
done ABCCbcabcB uncovered-dart
done ABCCbcbaBc uncovered-dart
done ABCCbcbacB uncovered-dart
done ABCCbcbcaB uncovered-dart
done ABCCbccbaB uncovered-dart
done ABCCbcccaC uncovered-dart
done ABCaBAcabb uncovered-dart
done ABCaBAcbab uncovered-dart
done ABCaBBcbbb uncovered-dart
done ABCaBCbbcc uncovered-dart
done ABCaBCbcbc uncovered-dart
done ABCaBCbccb uncovered-dart
done ABCaBcbCbc uncovered-dart
done ABCaBcbcbC uncovered-dart
done ABCaBccbCb uncovered-dart
done ABCaBccbbC uncovered-dart
done ABCaCAcabc uncovered-dart
done ABCaCAcacb uncovered-dart
done ABCaCAcbac uncovered-dart
done ABCaCAccab uncovered-dart
done ABCaCBcbbc uncovered-dart
done ABCaCBcbcb uncovered-dart
done ABCaCBccbb uncovered-dart
done ABCaCCbccc uncovered-dart
done ABCaCabAcc uncovered-dart
done ABCaCabcAc uncovered-dart
done ABCaCacAcb uncovered-dart
done ABCaCacbAc uncovered-dart
done ABCaCbAcac uncovered-dart
done ABCaCbacAc uncovered-dart
done ABCaCbbcBc uncovered-dart
done ABCaCbbccB uncovered-dart
done ABCaCbcBcb uncovered-dart
done ABCaCbcbcB uncovered-dart
done ABCaaBAcbb uncovered-dart
done ABCaaCAcbc uncovered-dart
done ABCaaCAccb uncovered-dart
done ABCaaCbAcc uncovered-dart
done ABCaaCbcAc uncovered-dart
done ABCaabABcb uncovered-dart
done ABCaabCAcc uncovered-dart
done ABCaabbABc uncovered-dart
done ABCaabbAcB uncovered-dart
done ABCaabccAC uncovered-dart
done ABCaacACbc uncovered-dart
done ABCaacAcbC uncovered-dart
done ABCaacbCAc uncovered-dart
done ABCaacbcAC uncovered-dart
done ABCaaccACb uncovered-dart
done ABCaaccbAC uncovered-dart
done ABCabABcab uncovered-dart
done ABCabACacc uncovered-dart
done ABCabAcbaB uncovered-dart
done ABCabAccaC uncovered-dart
done ABCabCAcac uncovered-dart
done ABCabCBcbc uncovered-dart
done ABCabCBccb uncovered-dart
done ABCabCacAc uncovered-dart
done ABCabCbcBc uncovered-dart
done ABCabCbccB uncovered-dart
done ABCabaBAcb uncovered-dart
done ABCabaCAcc uncovered-dart
done ABCababABc uncovered-dart
done ABCababAcB uncovered-dart
done ABCabaccAC uncovered-dart
done ABCabbAcaB uncovered-dart
done ABCabbCBcc uncovered-dart
done ABCabbaBAc uncovered-dart
done ABCabbbcBB uncovered-dart
done ABCabbccBC uncovered-dart
done ABCabcACac uncovered-dart
done ABCabcAcaC uncovered-dart
done ABCabcBCbc uncovered-dart
done ABCabcBcbC uncovered-dart
done ABCabcaCAc uncovered-dart
done ABCabcacAC uncovered-dart
done ABCabcbCBc uncovered-dart
done ABCabcbcBC uncovered-dart
done ABCabccBCb uncovered-dart
done ABCabccbCB uncovered-dart
done ABCacACabc uncovered-dart
done ABCacACacb uncovered-dart
done ABCacACbac uncovered-dart
done ABCacAcaCb uncovered-dart
done ABCacAcabC uncovered-dart
done ABCacAcbaC uncovered-dart
done ABCacBCbbc uncovered-dart
done ABCacBCbcb uncovered-dart
done ABCacBcbCb uncovered-dart
done ABCacBcbbC uncovered-dart
done ABCacaCAcb uncovered-dart
done ABCacaCbAc uncovered-dart
done ABCacabCAc uncovered-dart
done ABCacabcAC uncovered-dart
done ABCacacACb uncovered-dart
done ABCacacbAC uncovered-dart
done ABCacbACac uncovered-dart
done ABCacbAcaC uncovered-dart
done ABCacbCBcb uncovered-dart
done ABCacbCbcB uncovered-dart
done ABCacbaCAc uncovered-dart
done ABCacbacAC uncovered-dart
done ABCacbbCBc uncovered-dart
done ABCacbbcBC uncovered-dart
done ABCacbcBCb uncovered-dart
done ABCacbcbCB uncovered-dart
done ABCaccACab uncovered-dart
done ABCaccBCbb uncovered-dart
done ABCaccabAC uncovered-dart
done ABCaccbbCB uncovered-dart
done ABCacccbCC uncovered-dart
done ABCbABcaab uncovered-dart
done ABCbACaacc uncovered-dart
done ABCbACacac uncovered-dart
done ABCbAcaCac uncovered-dart
done ABCbAcabaB uncovered-dart
done ABCbAcacaC uncovered-dart
done ABCbAcbaaB uncovered-dart
done ABCbAccaaC uncovered-dart
done ABCbCAcaac uncovered-dart
done ABCbCBcabc uncovered-dart
done ABCbCBcacb uncovered-dart
done ABCbCBcbac uncovered-dart
done ABCbCBccab uncovered-dart
done ABCbCCaccc uncovered-dart
done ABCbCaBcbc uncovered-dart
done ABCbCaBccb uncovered-dart
done ABCbCaacAc uncovered-dart
done ABCbCabcBc uncovered-dart
done ABCbCabccB uncovered-dart
done ABCbCacBcb uncovered-dart
done ABCbCacbcB uncovered-dart
done ABCbCbaBcc uncovered-dart
done ABCbCbacBc uncovered-dart
done ABCbCbaccB uncovered-dart
done ABCbCbcaBc uncovered-dart
done ABCbCbcacB uncovered-dart
done ABCbCbccaB uncovered-dart
done ABCbaBAcab uncovered-dart
done ABCbaBBcbb uncovered-dart
done ABCbaBCbcc uncovered-dart
done ABCbaBccbC uncovered-dart
done ABCbaCAcac uncovered-dart
done ABCbaCBcbc uncovered-dart
done ABCbaCBccb uncovered-dart
done ABCbaCacAc uncovered-dart
done ABCbaCbcBc uncovered-dart
done ABCbaCbccB uncovered-dart
done ABCbaaBAcb uncovered-dart
done ABCbaaCAcc uncovered-dart
done ABCbaabABc uncovered-dart
done ABCbaabAcB uncovered-dart
done ABCbaaccAC uncovered-dart
done ABCbabAcaB uncovered-dart
done ABCbabCBcc uncovered-dart
done ABCbabaBAc uncovered-dart
done ABCbabbcBB uncovered-dart
done ABCbabccBC uncovered-dart
done ABCbacACac uncovered-dart
done ABCbacAcaC uncovered-dart
done ABCbacBCbc uncovered-dart
done ABCbacBcbC uncovered-dart
done ABCbacaCAc uncovered-dart
done ABCbacacAC uncovered-dart
done ABCbacbCBc uncovered-dart
done ABCbacbcBC uncovered-dart
done ABCbaccBCb uncovered-dart
done ABCbaccbCB uncovered-dart
done ABCbbAcaaB uncovered-dart
done ABCbbCBcac uncovered-dart
done ABCbbCaBcc uncovered-dart
done ABCbbCacBc uncovered-dart
done ABCbbCaccB uncovered-dart
done ABCbbaBBcb uncovered-dart
done ABCbbaCBcc uncovered-dart
done ABCbbaaBAc uncovered-dart
done ABCbbabcBB uncovered-dart
done ABCbbaccBC uncovered-dart
done ABCbbbaBBc uncovered-dart
done ABCbbbaBcB farkas
done ABCbbbacBB uncovered-dart
done ABCbbbcaBB uncovered-dart
done ABCbbcBCac uncovered-dart
done ABCbbcBcaC uncovered-dart
done ABCbbcaCBc uncovered-dart
done ABCbbcacBC uncovered-dart
done ABCbbcbaBB uncovered-dart
done ABCbbccaBC uncovered-dart
done ABCbbccaCB uncovered-dart
done ABCbcACaac uncovered-dart
done ABCbcAcaaC uncovered-dart
done ABCbcBCabc uncovered-dart
done ABCbcBCacb uncovered-dart
done ABCbcBCbac uncovered-dart
done ABCbcBcaCb uncovered-dart
done ABCbcBcabC uncovered-dart
done ABCbcBcbaC uncovered-dart
done ABCbcaBCbc uncovered-dart
done ABCbcaBcbC uncovered-dart
done ABCbcaCBcb uncovered-dart
done ABCbcaCbcB uncovered-dart
done ABCbcaaCAc uncovered-dart
done ABCbcaacAC uncovered-dart
done ABCbcabCBc uncovered-dart
done ABCbcabcBC uncovered-dart
done ABCbcacBCb uncovered-dart
done ABCbcacbCB uncovered-dart
done ABCbcbCaBc uncovered-dart
done ABCbcbCacB uncovered-dart
done ABCbcbaCBc uncovered-dart
done ABCbcbacBC uncovered-dart
done ABCbcbbaBB uncovered-dart
done ABCbcbcaBC uncovered-dart
done ABCbcbcaCB uncovered-dart
done ABCbccBCab uncovered-dart
done ABCbccaBCb uncovered-dart
done ABCbccabCB uncovered-dart
done ABCbccbCaB uncovered-dart
done ABCbccbaBC uncovered-dart
done ABCbccbaCB uncovered-dart
done ABCbcccaCC uncovered-dart
done ABcACCaabc uncovered-dart
done ABcACCaacb uncovered-dart
done ABcACCabac uncovered-dart
done ABcACCacab uncovered-dart
done ABcACCbaac uncovered-dart
done ABcACaCabc uncovered-dart
done ABcACaCacb uncovered-dart
done ABcACaCbac uncovered-dart
done ABcACaaCbc uncovered-dart
done ABcACaacbC uncovered-dart
done ABcACabCac uncovered-dart
done ABcACabbaB uncovered-dart
done ABcACabcaC uncovered-dart
done ABcACacaCb uncovered-dart
done ABcACacabC uncovered-dart
done ABcACacbaC uncovered-dart
done ABcACbCaac uncovered-dart
done ABcACbaCac uncovered-dart
done ABcACbabaB uncovered-dart
done ABcACbacaC uncovered-dart
done ABcACbbaaB uncovered-dart
done ABcACbcaaC uncovered-dart
done ABcAcaCCab uncovered-dart
done ABcAcaCaCb uncovered-dart
done ABcAcaCabC uncovered-dart
done ABcAcaCbaC uncovered-dart
done ABcAcaaCCb uncovered-dart
done ABcAcaaCbC uncovered-dart
done ABcAcaabCC uncovered-dart
done ABcAcabCaC uncovered-dart
done ABcAcabaCC uncovered-dart
done ABcAcbCaaC uncovered-dart
done ABcAcbaCaC uncovered-dart
done ABcAcbaaCC uncovered-dart
done ABcBACaabb uncovered-dart
done ABcBACabab uncovered-dart
done ABcBACbaab uncovered-dart
done ABcBBCabbb uncovered-dart
done ABcBBCbabb uncovered-dart
done ABcBBCbbab uncovered-dart
done ABcBCCabbc uncovered-dart
done ABcBCCabcb uncovered-dart
done ABcBCCacbb uncovered-dart
done ABcBCCbabc uncovered-dart
done ABcBCCbacb uncovered-dart
done ABcBCCbbac uncovered-dart
done ABcBCCbcab uncovered-dart
done ABcBCaCbbc uncovered-dart
done ABcBCaCbcb uncovered-dart
done ABcBCabCbc uncovered-dart
done ABcBCabcbC uncovered-dart
done ABcBCacbCb uncovered-dart
done ABcBCacbbC uncovered-dart
done ABcBCbCabc uncovered-dart
done ABcBCbCacb uncovered-dart
done ABcBCbCbac uncovered-dart
done ABcBCbaCbc uncovered-dart
done ABcBCbacbC uncovered-dart
done ABcBCbbCac uncovered-dart
done ABcBCbbbaB farkas
done ABcBCbbcaC uncovered-dart
done ABcBCbcaCb uncovered-dart
done ABcBCbcabC uncovered-dart
done ABcBCbcbaC uncovered-dart
done ABcBcaCCbb uncovered-dart
done ABcBcaCbCb uncovered-dart
done ABcBcaCbbC uncovered-dart
done ABcBcabCCb uncovered-dart
done ABcBcabCbC uncovered-dart
done ABcBcabbCC uncovered-dart
done ABcBcbCCab uncovered-dart
done ABcBcbCaCb uncovered-dart
done ABcBcbCabC uncovered-dart
done ABcBcbCbaC uncovered-dart
done ABcBcbaCCb uncovered-dart
done ABcBcbaCbC uncovered-dart
done ABcBcbabCC uncovered-dart
done ABcBcbbCaC uncovered-dart
done ABcBcbbaCC uncovered-dart
done ABcaBACabb uncovered-dart
done ABcaBACbab uncovered-dart
done ABcaBBCbbb uncovered-dart
done ABcaBCCbbc uncovered-dart
done ABcaBCCbcb uncovered-dart
done ABcaBCbCbc uncovered-dart
done ABcaBCbcbC uncovered-dart
done ABcaBcbCCb uncovered-dart
done ABcaBcbCbC uncovered-dart
done ABcaBcbbCC uncovered-dart
done ABcaCACabc uncovered-dart
done ABcaCACacb uncovered-dart
done ABcaCACbac uncovered-dart
done ABcaCAcaCb uncovered-dart
done ABcaCAcabC uncovered-dart
done ABcaCAcbaC uncovered-dart
done ABcaCBCbbc uncovered-dart
done ABcaCBCbcb uncovered-dart
done ABcaCBcbCb uncovered-dart
done ABcaCBcbbC uncovered-dart
done ABcaCCAcab uncovered-dart
done ABcaCCBcbb uncovered-dart
done ABcaCCCbcc uncovered-dart
done ABcaCCabAc uncovered-dart
done ABcaCCbbcB uncovered-dart
done ABcaCaCAcb uncovered-dart
done ABcaCaCbAc uncovered-dart
done ABcaCabCAc uncovered-dart
done ABcaCabcAC uncovered-dart
done ABcaCacACb uncovered-dart
done ABcaCacbAC uncovered-dart
done ABcaCbACac uncovered-dart
done ABcaCbAcaC uncovered-dart
done ABcaCbCBcb uncovered-dart
done ABcaCbCbcB uncovered-dart
done ABcaCbaCAc uncovered-dart
done ABcaCbacAC uncovered-dart
done ABcaCbbCBc uncovered-dart
done ABcaCbbcBC uncovered-dart
done ABcaCbcBCb uncovered-dart
done ABcaCbcbCB uncovered-dart
done ABcaaBACbb uncovered-dart
done ABcaaCACbc uncovered-dart
done ABcaaCAcbC uncovered-dart
done ABcaaCCAcb uncovered-dart
done ABcaaCCbAc uncovered-dart
done ABcaaCbCAc uncovered-dart
done ABcaaCbcAC uncovered-dart
done ABcaabCCAc uncovered-dart
done ABcaabbACB uncovered-dart
done ABcaabcACC uncovered-dart
done ABcaacACCb uncovered-dart
done ABcaacACbC uncovered-dart
done ABcaacbACC uncovered-dart
done ABcaacbCAC uncovered-dart
done ABcabACCac uncovered-dart
done ABcabACbaB uncovered-dart
done ABcabAcaCC uncovered-dart
done ABcabCACac uncovered-dart
done ABcabCAcaC uncovered-dart
done ABcabCBCbc uncovered-dart
done ABcabCBcbC uncovered-dart
done ABcabCCBcb uncovered-dart
done ABcabCCbcB uncovered-dart
done ABcabCaCAc uncovered-dart
done ABcabCacAC uncovered-dart
done ABcabCbCBc uncovered-dart
done ABcabCbcBC uncovered-dart
done ABcabaBACb uncovered-dart
done ABcabaCCAc uncovered-dart
done ABcababACB uncovered-dart
done ABcabacACC uncovered-dart
done ABcabbACaB uncovered-dart
done ABcabbCCBc uncovered-dart
done ABcabbaBAC uncovered-dart
done ABcabbbCBB uncovered-dart
done ABcabbcBCC uncovered-dart
done ABcabcACaC uncovered-dart
done ABcabcBCCb uncovered-dart
done ABcabcBCbC uncovered-dart
done ABcabcaCAC uncovered-dart
done ABcabcbCBC uncovered-dart
done ABcabcbCCB uncovered-dart
done ABcacACCab uncovered-dart
done ABcacACaCb uncovered-dart
done ABcacACabC uncovered-dart
done ABcacACbaC uncovered-dart
done ABcacBCCbb uncovered-dart
done ABcacBCbCb uncovered-dart
done ABcacBCbbC uncovered-dart
done ABcacaCACb uncovered-dart
done ABcacaCbAC uncovered-dart
done ABcacabACC uncovered-dart
done ABcacabCAC uncovered-dart
done ABcacbACaC uncovered-dart
done ABcacbCBCb uncovered-dart
done ABcacbCbCB uncovered-dart
done ABcacbaCAC uncovered-dart
done ABcacbbCBC uncovered-dart
done ABcacbbCCB uncovered-dart
done ABcaccbCCC uncovered-dart
done ABcbACCaac uncovered-dart
done ABcbACaCac uncovered-dart
done ABcbACabaB uncovered-dart
done ABcbACacaC uncovered-dart
done ABcbACbaaB uncovered-dart
done ABcbAcaCaC uncovered-dart
done ABcbAcaaCC uncovered-dart
done ABcbCACaac uncovered-dart
done ABcbCAcaaC uncovered-dart
done ABcbCBCabc uncovered-dart
done ABcbCBCacb uncovered-dart
done ABcbCBCbac uncovered-dart
done ABcbCBcaCb uncovered-dart
done ABcbCBcabC uncovered-dart
done ABcbCBcbaC uncovered-dart
done ABcbCCBcab uncovered-dart
done ABcbCCCacc uncovered-dart
done ABcbCCaBcb uncovered-dart
done ABcbCCabcB uncovered-dart
done ABcbCCbaBc uncovered-dart
done ABcbCCbacB uncovered-dart
done ABcbCCbcaB uncovered-dart
done ABcbCaBCbc uncovered-dart
done ABcbCaBcbC uncovered-dart
done ABcbCaCBcb uncovered-dart
done ABcbCaCbcB uncovered-dart
done ABcbCaaCAc uncovered-dart
done ABcbCaacAC uncovered-dart
done ABcbCabCBc uncovered-dart
done ABcbCabcBC uncovered-dart
done ABcbCacBCb uncovered-dart
done ABcbCacbCB uncovered-dart
done ABcbCbCaBc uncovered-dart
done ABcbCbCacB uncovered-dart
done ABcbCbaCBc uncovered-dart
done ABcbCbacBC uncovered-dart
done ABcbCbbaBB uncovered-dart
done ABcbCbcaBC uncovered-dart
done ABcbCbcaCB uncovered-dart
done ABcbaBACab uncovered-dart
done ABcbaBBCbb uncovered-dart
done ABcbaBCCbc uncovered-dart
done ABcbaBcbCC uncovered-dart
done ABcbaCACac uncovered-dart
done ABcbaCAcaC uncovered-dart
done ABcbaCBCbc uncovered-dart
done ABcbaCBcbC uncovered-dart
done ABcbaCCBcb uncovered-dart
done ABcbaCCbcB uncovered-dart
done ABcbaCaCAc uncovered-dart
done ABcbaCacAC uncovered-dart
done ABcbaCbCBc uncovered-dart
done ABcbaCbcBC uncovered-dart
done ABcbaaBACb uncovered-dart
done ABcbaaCCAc uncovered-dart
done ABcbaabACB uncovered-dart
done ABcbaacACC uncovered-dart
done ABcbabACaB uncovered-dart
done ABcbabCCBc uncovered-dart
done ABcbabaBAC uncovered-dart
done ABcbabbCBB uncovered-dart
done ABcbabcBCC uncovered-dart
done ABcbacACaC uncovered-dart
done ABcbacBCCb uncovered-dart
done ABcbacBCbC uncovered-dart
done ABcbacaCAC uncovered-dart
done ABcbacbCBC uncovered-dart
done ABcbacbCCB uncovered-dart
done ABcbbACaaB uncovered-dart
done ABcbbCBCac uncovered-dart
done ABcbbCBcaC uncovered-dart
done ABcbbCCaBc uncovered-dart
done ABcbbCCacB uncovered-dart
done ABcbbCaCBc uncovered-dart
done ABcbbCacBC uncovered-dart
done ABcbbCbaBB uncovered-dart
done ABcbbaBBCb uncovered-dart
done ABcbbaCCBc uncovered-dart
done ABcbbaaBAC uncovered-dart
done ABcbbabCBB uncovered-dart
done ABcbbacBCC uncovered-dart
done ABcbbbCaBB uncovered-dart
done ABcbbbaBBC uncovered-dart
done ABcbbbaBCB uncovered-dart
done ABcbbbaCBB uncovered-dart
done ABcbbcBCaC uncovered-dart
done ABcbbcaBCC uncovered-dart
done ABcbbcaCBC uncovered-dart
done ABcbbcaCCB uncovered-dart
done ABcbcACaaC uncovered-dart
done ABcbcBCCab uncovered-dart
done ABcbcBCaCb uncovered-dart
done ABcbcBCabC uncovered-dart
done ABcbcBCbaC uncovered-dart
done ABcbcaBCCb uncovered-dart
done ABcbcaBCbC uncovered-dart
done ABcbcaCBCb uncovered-dart
done ABcbcaCbCB uncovered-dart
done ABcbcaaCAC uncovered-dart
done ABcbcabCBC uncovered-dart
done ABcbcabCCB uncovered-dart
done ABcbcbCCaB uncovered-dart
done ABcbcbCaBC uncovered-dart
done ABcbcbCaCB uncovered-dart
done ABcbcbaBCC uncovered-dart
done ABcbcbaCBC uncovered-dart
done ABcbcbaCCB uncovered-dart
done ABcbccaCCC uncovered-dart
done ABccACCaab uncovered-dart
done ABccACaCab uncovered-dart
done ABccACaaCb uncovered-dart
done ABccACaabC uncovered-dart
done ABccACabaC uncovered-dart
done ABccACbaaC uncovered-dart
done ABccBCCabb uncovered-dart
done ABccBCCbab uncovered-dart
done ABccBCaCbb uncovered-dart
done ABccBCabCb uncovered-dart
done ABccBCabbC uncovered-dart
done ABccBCbCab uncovered-dart
done ABccBCbaCb uncovered-dart
done ABccBCbabC uncovered-dart
done ABccBCbbaC uncovered-dart
done ABccaBCCbb uncovered-dart
done ABccaBCbCb uncovered-dart
done ABccaBCbbC uncovered-dart
done ABccaCACab uncovered-dart
done ABccaCBCbb uncovered-dart
done ABccaCCCbc uncovered-dart
done ABccaCabAC uncovered-dart
done ABccaCbbCB uncovered-dart
done ABccaaCACb uncovered-dart
done ABccaaCbAC uncovered-dart
done ABccaabACC uncovered-dart
done ABccaabCAC uncovered-dart
done ABccabACaC uncovered-dart
done ABccabCBCb uncovered-dart
done ABccabCbCB uncovered-dart
done ABccabaCAC uncovered-dart
done ABccabbCBC uncovered-dart
done ABccabbCCB uncovered-dart
done ABccacbCCC uncovered-dart
done ABccbACaaC uncovered-dart
done ABccbCBCab uncovered-dart
done ABccbCCCac uncovered-dart
done ABccbCCbaB uncovered-dart
done ABccbCaBCb uncovered-dart
done ABccbCabCB uncovered-dart
done ABccbCbCaB uncovered-dart
done ABccbCbaBC uncovered-dart
done ABccbCbaCB uncovered-dart
done ABccbaBCCb uncovered-dart
done ABccbaBCbC uncovered-dart
done ABccbaCBCb uncovered-dart
done ABccbaCbCB uncovered-dart
done ABccbaaCAC uncovered-dart
done ABccbabCBC uncovered-dart
done ABccbabCCB uncovered-dart
done ABccbbCCaB uncovered-dart
done ABccbbCaBC uncovered-dart
done ABccbbCaCB uncovered-dart
done ABccbbaBCC uncovered-dart
done ABccbbaCBC uncovered-dart
done ABccbbaCCB uncovered-dart
done ABccbcaCCC uncovered-dart
done ABcccaCCCb uncovered-dart
done ABcccaCCbC uncovered-dart
done ABcccaCbCC uncovered-dart
done ABcccabCCC uncovered-dart
done ABcccbCCaC uncovered-dart
done ABcccbCaCC uncovered-dart
done ABcccbaCCC uncovered-dart
done ACACAcaaac uncovered-dart
done ACACBcaabc uncovered-dart
done ACACBcaacb uncovered-dart
done ACACBcabac uncovered-dart
done ACACBcacab uncovered-dart
done ACACBcbaac uncovered-dart
done ACACBccaab uncovered-dart
done ACACCaaccc uncovered-dart
done ACACCacacc uncovered-dart
done ACACCaccac uncovered-dart
done ACACaBcabc uncovered-dart
done ACACaBcacb uncovered-dart
done ACACaBcbac uncovered-dart
done ACACaBccab uncovered-dart
done ACACaCaccc uncovered-dart
done ACACaaBcbc uncovered-dart
done ACACaaBccb uncovered-dart
done ACACaaacAc uncovered-dart
done ACACaabcBc uncovered-dart
done ACACaabccB uncovered-dart
done ACACaacBcb uncovered-dart
done ACACaacbcB uncovered-dart
done ACACabaBcc uncovered-dart
done ACACabacBc uncovered-dart
done ACACabaccB uncovered-dart
done ACACabcaBc uncovered-dart
done ACACabcacB uncovered-dart
done ACACabccaB uncovered-dart
done ACACacBcab uncovered-dart
done ACACacaBcb uncovered-dart
done ACACacabcB uncovered-dart
done ACACacbaBc uncovered-dart
done ACACacbacB uncovered-dart
done ACACacbcaB uncovered-dart
done ACACaccbaB uncovered-dart
done ACACacccaC uncovered-dart
done ACACbaBcac uncovered-dart
done ACACbaaBcc uncovered-dart
done ACACbaacBc uncovered-dart
done ACACbaaccB uncovered-dart
done ACACbacaBc uncovered-dart
done ACACbacacB uncovered-dart
done ACACbaccaB uncovered-dart
done ACACbcaaBc uncovered-dart
done ACACbcaacB uncovered-dart
done ACACbcacaB uncovered-dart
done ACACbccaaB uncovered-dart
done ACAcACaaac uncovered-dart
done ACAcAcaaaC uncovered-dart
done ACAcBCaabc uncovered-dart
done ACAcBCaacb uncovered-dart
done ACAcBCabac uncovered-dart
done ACAcBCacab uncovered-dart
done ACAcBCbaac uncovered-dart
done ACAcBcaCab uncovered-dart
done ACAcBcaaCb uncovered-dart
done ACAcBcaabC uncovered-dart
done ACAcBcabaC uncovered-dart
done ACAcBcbaaC uncovered-dart
done ACAcaBCabc uncovered-dart
done ACAcaBCacb uncovered-dart
done ACAcaBCbac uncovered-dart
done ACAcaBcaCb uncovered-dart
done ACAcaBcabC uncovered-dart
done ACAcaBcbaC uncovered-dart
done ACAcaCBcab uncovered-dart
done ACAcaCCacc uncovered-dart
done ACAcaCaBcb uncovered-dart
done ACAcaCabcB uncovered-dart
done ACAcaCbaBc uncovered-dart
done ACAcaCbacB uncovered-dart
done ACAcaCbcaB uncovered-dart
done ACAcaaBCbc uncovered-dart
done ACAcaaBcbC uncovered-dart
done ACAcaaCBcb uncovered-dart
done ACAcaaCbcB uncovered-dart
done ACAcaaaCAc uncovered-dart
done ACAcaabCBc uncovered-dart
done ACAcaabcBC uncovered-dart
done ACAcaacBCb uncovered-dart
done ACAcaacbCB uncovered-dart
done ACAcabCaBc uncovered-dart
done ACAcabCacB uncovered-dart
done ACAcabaCBc uncovered-dart
done ACAcabacBC uncovered-dart
done ACAcabbaBB uncovered-dart
done ACAcabcaBC uncovered-dart
done ACAcabcaCB uncovered-dart
done ACAcacBCab uncovered-dart
done ACAcacaBCb uncovered-dart
done ACAcacabCB uncovered-dart
done ACAcacbCaB uncovered-dart
done ACAcacbaBC uncovered-dart
done ACAcacbaCB uncovered-dart
done ACAcaccaCC uncovered-dart
done ACAcbCaaBc uncovered-dart
done ACAcbCaacB uncovered-dart
done ACAcbCacaB uncovered-dart
done ACAcbaBCac uncovered-dart
done ACAcbaBcaC uncovered-dart
done ACAcbaCaBc uncovered-dart
done ACAcbaCacB uncovered-dart
done ACAcbaaCBc uncovered-dart
done ACAcbaacBC uncovered-dart
done ACAcbabaBB uncovered-dart
done ACAcbacaBC uncovered-dart
done ACAcbacaCB uncovered-dart
done ACAcbbaaBB uncovered-dart
done ACAcbcaCaB uncovered-dart
done ACAcbcaaBC uncovered-dart
done ACAcbcaaCB uncovered-dart
done ACAccBCaab uncovered-dart
done ACAccaBCab uncovered-dart
done ACAccaCCac uncovered-dart
done ACAccaCbaB uncovered-dart
done ACAccaaBCb uncovered-dart
done ACAccaabCB uncovered-dart
done ACAccabCaB uncovered-dart
done ACAccabaBC uncovered-dart
done ACAccabaCB uncovered-dart
done ACAccacaCC uncovered-dart
done ACAccbCaaB uncovered-dart
done ACAccbaCaB uncovered-dart
done ACAccbaaBC uncovered-dart
done ACAccbaaCB uncovered-dart
done ACAcccaCaC uncovered-dart
done ACAcccaaCC uncovered-dart
done ACBACaabcc uncovered-dart
done ACBACaacbc uncovered-dart
done ACBACaaccb uncovered-dart
done ACBACabacc uncovered-dart
done ACBACabcac uncovered-dart
done ACBACacabc uncovered-dart
done ACBACacacb uncovered-dart
done ACBACacbac uncovered-dart
done ACBACaccab uncovered-dart
done ACBACbaacc uncovered-dart
done ACBACbacac uncovered-dart
done ACBACbcaac uncovered-dart
done ACBAcaCabc uncovered-dart
done ACBAcaCacb uncovered-dart
done ACBAcaCbac uncovered-dart
done ACBAcaaCbc uncovered-dart
done ACBAcaacbC uncovered-dart
done ACBAcabCac uncovered-dart
done ACBAcabbaB uncovered-dart
done ACBAcabcaC uncovered-dart
done ACBAcacaCb uncovered-dart
done ACBAcacabC uncovered-dart
done ACBAcacbaC uncovered-dart
done ACBAcbCaac uncovered-dart
done ACBAcbaCac uncovered-dart
done ACBAcbabaB uncovered-dart
done ACBAcbacaC uncovered-dart
done ACBAcbbaaB uncovered-dart
done ACBAcbcaaC uncovered-dart
done ACBAccaCab uncovered-dart
done ACBAccaaCb uncovered-dart
done ACBAccaabC uncovered-dart
done ACBAccabaC uncovered-dart
done ACBAccbaaC uncovered-dart
done ACBBAcaabb uncovered-dart
done ACBBAcabab uncovered-dart
done ACBBAcbaab uncovered-dart
done ACBBBcabbb uncovered-dart
done ACBBBcbabb uncovered-dart
done ACBBBcbbab uncovered-dart
done ACBBCabbcc uncovered-dart
done ACBBCabcbc uncovered-dart
done ACBBCabccb uncovered-dart
done ACBBCacbbc uncovered-dart
done ACBBCacbcb uncovered-dart
done ACBBCaccbb uncovered-dart
done ACBBCbabcc uncovered-dart
done ACBBCbacbc uncovered-dart
done ACBBCbaccb uncovered-dart
done ACBBCbbacc uncovered-dart
done ACBBCbbcac uncovered-dart
done ACBBCbcabc uncovered-dart
done ACBBCbcacb uncovered-dart
done ACBBCbcbac uncovered-dart
done ACBBCbccab uncovered-dart
done ACBBcaCbbc uncovered-dart
done ACBBcaCbcb uncovered-dart
done ACBBcabCbc uncovered-dart
done ACBBcabcbC uncovered-dart
done ACBBcacbCb uncovered-dart
done ACBBcacbbC uncovered-dart
done ACBBcbCabc uncovered-dart
done ACBBcbCacb uncovered-dart
done ACBBcbCbac uncovered-dart
done ACBBcbaCbc uncovered-dart
done ACBBcbacbC uncovered-dart
done ACBBcbbCac uncovered-dart
done ACBBcbbbaB uncovered-dart
done ACBBcbbcaC uncovered-dart
done ACBBcbcaCb uncovered-dart
done ACBBcbcabC uncovered-dart
done ACBBcbcbaC uncovered-dart
done ACBBccaCbb uncovered-dart
done ACBBccabCb uncovered-dart
done ACBBccabbC uncovered-dart
done ACBBccbCab uncovered-dart
done ACBBccbaCb uncovered-dart
done ACBBccbabC uncovered-dart
done ACBBccbbaC uncovered-dart
done ACBCAcaabc uncovered-dart
done ACBCAcaacb uncovered-dart
done ACBCAcabac uncovered-dart
done ACBCAcacab uncovered-dart
done ACBCAcbaac uncovered-dart
done ACBCAccaab uncovered-dart
done ACBCBcabbc uncovered-dart
done ACBCBcabcb uncovered-dart
done ACBCBcacbb uncovered-dart
done ACBCBcbabc uncovered-dart
done ACBCBcbacb uncovered-dart
done ACBCBcbbac uncovered-dart
done ACBCBcbcab uncovered-dart
done ACBCBccabb uncovered-dart
done ACBCBccbab uncovered-dart
done ACBCCabccc uncovered-dart
done ACBCCacbcc uncovered-dart
done ACBCCaccbc uncovered-dart
done ACBCCacccb uncovered-dart
done ACBCCbaccc uncovered-dart
done ACBCCbcacc uncovered-dart
done ACBCCbccac uncovered-dart
done ACBCaBcbbc uncovered-dart
done ACBCaBcbcb uncovered-dart
done ACBCaBccbb uncovered-dart
done ACBCaCbccc uncovered-dart
done ACBCaabAcc uncovered-dart
done ACBCaabcAc uncovered-dart
done ACBCaacAcb uncovered-dart
done ACBCaacbAc uncovered-dart
done ACBCabAcac uncovered-dart
done ACBCabacAc uncovered-dart
done ACBCabbcBc uncovered-dart
done ACBCabbccB uncovered-dart
done ACBCabcBcb uncovered-dart
done ACBCabcbcB uncovered-dart
done ACBCacAcab uncovered-dart
done ACBCacBcbb uncovered-dart
done ACBCacabAc uncovered-dart
done ACBCacbbcB uncovered-dart
done ACBCacccbC uncovered-dart
done ACBCbAcaac uncovered-dart
done ACBCbCaccc uncovered-dart
done ACBCbaBcbc uncovered-dart
done ACBCbaBccb uncovered-dart
done ACBCbaacAc uncovered-dart
done ACBCbabcBc uncovered-dart
done ACBCbabccB uncovered-dart
done ACBCbacBcb uncovered-dart
done ACBCbacbcB uncovered-dart
done ACBCbbaBcc uncovered-dart
done ACBCbbacBc uncovered-dart
done ACBCbbaccB uncovered-dart
done ACBCbbcaBc uncovered-dart
done ACBCbbcacB uncovered-dart
done ACBCbbccaB uncovered-dart
done ACBCbcBcab uncovered-dart
done ACBCbcaBcb uncovered-dart
done ACBCbcabcB uncovered-dart
done ACBCbcbaBc uncovered-dart
done ACBCbcbacB uncovered-dart
done ACBCbcbcaB uncovered-dart
done ACBCbccbaB uncovered-dart
done ACBCbcccaC uncovered-dart
done ACBcACaabc uncovered-dart
done ACBcACaacb uncovered-dart
done ACBcACabac uncovered-dart
done ACBcACacab uncovered-dart
done ACBcACbaac uncovered-dart
done ACBcAcaCab uncovered-dart
done ACBcAcaaCb uncovered-dart
done ACBcAcaabC uncovered-dart
done ACBcAcabaC uncovered-dart
done ACBcAcbaaC uncovered-dart
done ACBcBCabbc uncovered-dart
done ACBcBCabcb uncovered-dart
done ACBcBCacbb uncovered-dart
done ACBcBCbabc uncovered-dart
done ACBcBCbacb uncovered-dart
done ACBcBCbbac uncovered-dart
done ACBcBCbcab uncovered-dart
done ACBcBcaCbb uncovered-dart
done ACBcBcabCb uncovered-dart
done ACBcBcabbC uncovered-dart
done ACBcBcbCab uncovered-dart
done ACBcBcbaCb uncovered-dart
done ACBcBcbabC uncovered-dart
done ACBcBcbbaC uncovered-dart
done ACBcaBCbbc uncovered-dart
done ACBcaBCbcb uncovered-dart
done ACBcaBcbCb uncovered-dart
done ACBcaBcbbC uncovered-dart
done ACBcaCAcab uncovered-dart
done ACBcaCBcbb uncovered-dart
done ACBcaCCbcc uncovered-dart
done ACBcaCabAc uncovered-dart
done ACBcaCbbcB uncovered-dart
done ACBcaaCAcb uncovered-dart
done ACBcaaCbAc uncovered-dart
done ACBcaabCAc uncovered-dart
done ACBcaacACb uncovered-dart
done ACBcabACac uncovered-dart
done ACBcabAcaC uncovered-dart
done ACBcabCBcb uncovered-dart
done ACBcabCbcB uncovered-dart
done ACBcabaCAc uncovered-dart
done ACBcabbCBc uncovered-dart
done ACBcabbcBC uncovered-dart
done ACBcabcBCb uncovered-dart
done ACBcabcbCB uncovered-dart
done ACBcacACab uncovered-dart
done ACBcacBCbb uncovered-dart
done ACBcacbbCB uncovered-dart
done ACBcaccbCC uncovered-dart
done ACBcbACaac uncovered-dart
done ACBcbAcaaC uncovered-dart
done ACBcbCBcab uncovered-dart
done ACBcbCCacc uncovered-dart
done ACBcbCaBcb uncovered-dart
done ACBcbCabcB uncovered-dart
done ACBcbCbaBc uncovered-dart
done ACBcbCbacB uncovered-dart
done ACBcbCbcaB uncovered-dart
done ACBcbaBCbc uncovered-dart
done ACBcbaBcbC uncovered-dart
done ACBcbaCBcb uncovered-dart
done ACBcbaCbcB uncovered-dart
done ACBcbaaCAc uncovered-dart
done ACBcbabCBc uncovered-dart
done ACBcbabcBC uncovered-dart
done ACBcbacBCb uncovered-dart
done ACBcbacbCB uncovered-dart
done ACBcbbCaBc uncovered-dart
done ACBcbbCacB uncovered-dart
done ACBcbbaCBc uncovered-dart
done ACBcbbacBC uncovered-dart
done ACBcbbbaBB uncovered-dart
done ACBcbbcaBC uncovered-dart
done ACBcbbcaCB uncovered-dart
done ACBcbcBCab uncovered-dart
done ACBcbcaBCb uncovered-dart
done ACBcbcabCB uncovered-dart
done ACBcbcbCaB uncovered-dart
done ACBcbcbaBC uncovered-dart
done ACBcbcbaCB uncovered-dart
done ACBcbccaCC uncovered-dart
done ACBccACaab uncovered-dart
done ACBccBCabb uncovered-dart
done ACBccBCbab uncovered-dart
done ACBccaBCbb uncovered-dart
done ACBccaCCbc uncovered-dart
done ACBccabbCB uncovered-dart
done ACBccacbCC uncovered-dart
done ACBccbCCac uncovered-dart
done ACBccbCbaB uncovered-dart
done ACBccbaBCb uncovered-dart
done ACBccbabCB uncovered-dart
done ACBccbbCaB uncovered-dart
done ACBccbbaBC uncovered-dart
done ACBccbbaCB uncovered-dart
done ACBccbcaCC uncovered-dart
done ACBcccaCCb uncovered-dart
done ACBcccaCbC uncovered-dart
done ACBcccabCC uncovered-dart
done ACBcccbCaC uncovered-dart
done ACBcccbaCC uncovered-dart
done ACCACaaccc uncovered-dart
done ACCACacacc uncovered-dart
done ACCACaccac uncovered-dart
done ACCAcBcaab uncovered-dart
done ACCAcaBcab uncovered-dart
done ACCAcaCacc uncovered-dart
done ACCAcaaBcb uncovered-dart
done ACCAcaabcB uncovered-dart
done ACCAcabaBc uncovered-dart
done ACCAcabacB uncovered-dart
done ACCAcabcaB uncovered-dart
done ACCAcacbaB uncovered-dart
done ACCAcaccaC uncovered-dart
done ACCAcbaaBc uncovered-dart
done ACCAcbaacB uncovered-dart
done ACCAcbacaB uncovered-dart
done ACCAcbcaaB uncovered-dart
done ACCAccaCac uncovered-dart
done ACCAccabaB uncovered-dart
done ACCAccacaC uncovered-dart
done ACCAccbaaB uncovered-dart
done ACCAcccaaC uncovered-dart
done ACCBAcaabc uncovered-dart
done ACCBAcaacb uncovered-dart
done ACCBAcabac uncovered-dart
done ACCBAcacab uncovered-dart
done ACCBAcbaac uncovered-dart
done ACCBAccaab uncovered-dart
done ACCBBcabbc uncovered-dart
done ACCBBcabcb uncovered-dart
done ACCBBcacbb uncovered-dart
done ACCBBcbabc uncovered-dart
done ACCBBcbacb uncovered-dart
done ACCBBcbbac uncovered-dart
done ACCBBcbcab uncovered-dart
done ACCBBccabb uncovered-dart
done ACCBBccbab uncovered-dart
done ACCBCabccc uncovered-dart
done ACCBCacbcc uncovered-dart
done ACCBCaccbc uncovered-dart
done ACCBCacccb uncovered-dart
done ACCBCbaccc uncovered-dart
done ACCBCbcacc uncovered-dart
done ACCBCbccac uncovered-dart
done ACCBcAcaab uncovered-dart
done ACCBcBcabb uncovered-dart
done ACCBcBcbab uncovered-dart
done ACCBcaBcbb uncovered-dart
done ACCBcaCbcc uncovered-dart
done ACCBcaabAc uncovered-dart
done ACCBcabbcB uncovered-dart
done ACCBcaccbC uncovered-dart
done ACCBcbCacc uncovered-dart
done ACCBcbaBcb uncovered-dart
done ACCBcbabcB uncovered-dart
done ACCBcbbaBc uncovered-dart
done ACCBcbbacB uncovered-dart
done ACCBcbbcaB uncovered-dart
done ACCBcbcbaB uncovered-dart
done ACCBcbccaC uncovered-dart
done ACCBccaCbc uncovered-dart
done ACCBccacbC uncovered-dart
done ACCBccbCac uncovered-dart
done ACCBccbbaB uncovered-dart
done ACCBccbcaC uncovered-dart
done ACCBcccaCb uncovered-dart
done ACCBcccabC uncovered-dart
done ACCBcccbaC uncovered-dart
done ACCCAcaacc uncovered-dart
done ACCCAcacac uncovered-dart
done ACCCAccaac uncovered-dart
done ACCCBcabcc uncovered-dart
done ACCCBcacbc uncovered-dart
done ACCCBcaccb uncovered-dart
done ACCCBcbacc uncovered-dart
done ACCCBcbcac uncovered-dart
done ACCCBccabc uncovered-dart
done ACCCBccacb uncovered-dart
done ACCCBccbac uncovered-dart
done ACCCBcccab uncovered-dart
done ACCCCacccc uncovered-dart
done ACCCaBcbcc uncovered-dart
done ACCCaBccbc uncovered-dart
done ACCCaBcccb uncovered-dart
done ACCCaacAcc uncovered-dart
done ACCCaaccAc uncovered-dart
done ACCCabcBcc uncovered-dart
done ACCCabccBc uncovered-dart
done ACCCabcccB uncovered-dart
done ACCCacAcac uncovered-dart
done ACCCacBcbc uncovered-dart
done ACCCacBccb uncovered-dart
done ACCCacacAc uncovered-dart
done ACCCacbcBc uncovered-dart
done ACCCacbccB uncovered-dart
done ACCCaccBcb uncovered-dart
done ACCCaccbcB uncovered-dart
done ACCCbaBccc uncovered-dart
done ACCCbacBcc uncovered-dart
done ACCCbaccBc uncovered-dart
done ACCCbacccB uncovered-dart
done ACCCbcBcac uncovered-dart
done ACCCbcaBcc uncovered-dart
done ACCCbcacBc uncovered-dart
done ACCCbcaccB uncovered-dart
done ACCCbccaBc uncovered-dart
done ACCCbccacB uncovered-dart
done ACCCbcccaB uncovered-dart
done ACCaBAcabc uncovered-dart
done ACCaBAcacb uncovered-dart
done ACCaBAcbac uncovered-dart
done ACCaBAccab uncovered-dart
done ACCaBBcbbc uncovered-dart
done ACCaBBcbcb uncovered-dart
done ACCaBBccbb uncovered-dart
done ACCaBCbccc uncovered-dart
done ACCaBcAcab uncovered-dart
done ACCaBcBcbb uncovered-dart
done ACCaBcabAc uncovered-dart
done ACCaBcbbcB uncovered-dart
done ACCaBcccbC uncovered-dart
done ACCaCAcacc uncovered-dart
done ACCaCAccac uncovered-dart
done ACCaCBcbcc uncovered-dart
done ACCaCBccbc uncovered-dart
done ACCaCBcccb uncovered-dart
done ACCaCacAcc uncovered-dart
done ACCaCaccAc uncovered-dart
done ACCaCbcBcc uncovered-dart
done ACCaCbccBc uncovered-dart
done ACCaCbcccB uncovered-dart
done ACCaaBAcbc uncovered-dart
done ACCaaBAccb uncovered-dart
done ACCaaBcAcb uncovered-dart
done ACCaaBcbAc uncovered-dart
done ACCaaCAccc uncovered-dart
done ACCaabAcBc uncovered-dart
done ACCaabAccB uncovered-dart
done ACCaabcAcB uncovered-dart
done ACCaabcBAc uncovered-dart
done ACCaacBAcb uncovered-dart
done ACCaacbAcB uncovered-dart
done ACCabAcaBc uncovered-dart
done ACCabAcacB uncovered-dart
done ACCabAccaB uncovered-dart
done ACCabCBccc uncovered-dart
done ACCabaBAcc uncovered-dart
done ACCabaBcAc uncovered-dart
done ACCabacAcB uncovered-dart
done ACCabacBAc uncovered-dart
done ACCabbcBBc uncovered-dart
done ACCabbcBcB uncovered-dart
done ACCabbccBB uncovered-dart
done ACCabcAcaB uncovered-dart
done ACCabcBBcb uncovered-dart
done ACCabcaBAc uncovered-dart
done ACCabcbcBB uncovered-dart
done ACCabcccBC uncovered-dart
done ACCacACacc uncovered-dart
done ACCacAcbaB uncovered-dart
done ACCacAccaC uncovered-dart
done ACCacBAcab uncovered-dart
done ACCacBBcbb uncovered-dart
done ACCacBCbcc uncovered-dart
done ACCacBccbC uncovered-dart
done ACCacaBAcb uncovered-dart
done ACCacaCAcc uncovered-dart
done ACCacabAcB uncovered-dart
done ACCacbAcaB uncovered-dart
done ACCacbCBcc uncovered-dart
done ACCacbaBAc uncovered-dart
done ACCacbbcBB uncovered-dart
done ACCacbccBC uncovered-dart
done ACCaccACac uncovered-dart
done ACCaccAcaC uncovered-dart
done ACCaccBCbc uncovered-dart
done ACCaccBcbC uncovered-dart
done ACCaccaCAc uncovered-dart
done ACCaccbCBc uncovered-dart
done ACCaccbcBC uncovered-dart
done ACCacccBCb uncovered-dart
done ACCacccbCB uncovered-dart
done ACCbAcaaBc uncovered-dart
done ACCbAcaacB uncovered-dart
done ACCbAcacaB uncovered-dart
done ACCbAccaaB uncovered-dart
done ACCbCBcacc uncovered-dart
done ACCbCBccac uncovered-dart
done ACCbCaBccc uncovered-dart
done ACCbCacBcc uncovered-dart
done ACCbCaccBc uncovered-dart
done ACCbCacccB uncovered-dart
done ACCbaBAcac uncovered-dart
done ACCbaBBcbc uncovered-dart
done ACCbaBBccb uncovered-dart
done ACCbaBcBcb uncovered-dart
done ACCbaBcbcB uncovered-dart
done ACCbaCBccc uncovered-dart
done ACCbaaBAcc uncovered-dart
done ACCbaaBcAc uncovered-dart
done ACCbaacAcB uncovered-dart
done ACCbaacBAc uncovered-dart
done ACCbabcBBc uncovered-dart
done ACCbabcBcB uncovered-dart
done ACCbabccBB uncovered-dart
done ACCbacAcaB uncovered-dart
done ACCbacBBcb uncovered-dart
done ACCbacaBAc uncovered-dart
done ACCbacbcBB uncovered-dart
done ACCbacccBC uncovered-dart
done ACCbbaBBcc uncovered-dart
done ACCbbaBcBc uncovered-dart
done ACCbbaBccB uncovered-dart
done ACCbbacBBc uncovered-dart
done ACCbbacBcB uncovered-dart
done ACCbbaccBB uncovered-dart
done ACCbbcBcaB uncovered-dart
done ACCbbcaBBc uncovered-dart
done ACCbbcaBcB uncovered-dart
done ACCbbcacBB uncovered-dart
done ACCbbccaBB uncovered-dart
done ACCbcAcaaB uncovered-dart
done ACCbcBBcab uncovered-dart
done ACCbcBCacc uncovered-dart
done ACCbcBcbaB uncovered-dart
done ACCbcBccaC uncovered-dart
done ACCbcaBBcb uncovered-dart
done ACCbcaCBcc uncovered-dart
done ACCbcaaBAc uncovered-dart
done ACCbcabcBB uncovered-dart
done ACCbcaccBC uncovered-dart
done ACCbcbaBBc uncovered-dart
done ACCbcbaBcB uncovered-dart
done ACCbcbacBB uncovered-dart
done ACCbcbcaBB uncovered-dart
done ACCbccBCac uncovered-dart
done ACCbccBcaC uncovered-dart
done ACCbccaCBc uncovered-dart
done ACCbccacBC uncovered-dart
done ACCbccbaBB uncovered-dart
done ACCbcccaBC uncovered-dart
done ACCbcccaCB uncovered-dart
done ACaBACabcc uncovered-dart
done ACaBACacbc uncovered-dart
done ACaBACaccb uncovered-dart
done ACaBACbacc uncovered-dart
done ACaBACbcac uncovered-dart
done ACaBAcaCbc uncovered-dart
done ACaBAcacbC uncovered-dart
done ACaBAcbCac uncovered-dart
done ACaBAcbbaB uncovered-dart
done ACaBAcbcaC uncovered-dart
done ACaBAccaCb uncovered-dart
done ACaBAccabC uncovered-dart
done ACaBAccbaC uncovered-dart
done ACaBBAcabb uncovered-dart
done ACaBBAcbab uncovered-dart
done ACaBBBcbbb uncovered-dart
done ACaBBCbbcc uncovered-dart
done ACaBBCbcbc uncovered-dart
done ACaBBCbccb uncovered-dart
done ACaBBcbCbc uncovered-dart
done ACaBBcbcbC uncovered-dart
done ACaBBccbCb uncovered-dart
done ACaBBccbbC uncovered-dart
done ACaBCAcabc uncovered-dart
done ACaBCAcacb uncovered-dart
done ACaBCAcbac uncovered-dart
done ACaBCAccab uncovered-dart
done ACaBCBcbbc uncovered-dart
done ACaBCBcbcb uncovered-dart
done ACaBCBccbb uncovered-dart
done ACaBCCbccc uncovered-dart
done ACaBCabAcc uncovered-dart
done ACaBCabcAc uncovered-dart
done ACaBCacAcb uncovered-dart
done ACaBCacbAc uncovered-dart
done ACaBCbAcac uncovered-dart
done ACaBCbacAc uncovered-dart
done ACaBCbbcBc uncovered-dart
done ACaBCbbccB uncovered-dart
done ACaBCbcBcb uncovered-dart
done ACaBCbcbcB uncovered-dart
done ACaBcACabc uncovered-dart
done ACaBcACacb uncovered-dart
done ACaBcACbac uncovered-dart
done ACaBcAcaCb uncovered-dart
done ACaBcAcabC uncovered-dart
done ACaBcAcbaC uncovered-dart
done ACaBcBCbbc uncovered-dart
done ACaBcBCbcb uncovered-dart
done ACaBcBcbCb uncovered-dart
done ACaBcBcbbC uncovered-dart
done ACaBcaCAcb uncovered-dart
done ACaBcaCbAc uncovered-dart
done ACaBcabCAc uncovered-dart
done ACaBcacACb uncovered-dart
done ACaBcbACac uncovered-dart
done ACaBcbAcaC uncovered-dart
done ACaBcbCBcb uncovered-dart
done ACaBcbCbcB uncovered-dart
done ACaBcbaCAc uncovered-dart
done ACaBcbbCBc uncovered-dart
done ACaBcbbcBC uncovered-dart
done ACaBcbcBCb uncovered-dart
done ACaBcbcbCB uncovered-dart
done ACaBccACab uncovered-dart
done ACaBccBCbb uncovered-dart
done ACaBccbbCB uncovered-dart
done ACaBcccbCC uncovered-dart
done ACaCACaccc uncovered-dart
done ACaCAcBcab uncovered-dart
done ACaCAcaBcb uncovered-dart
done ACaCAcabcB uncovered-dart
done ACaCAcbaBc uncovered-dart
done ACaCAcbacB uncovered-dart
done ACaCAcbcaB uncovered-dart
done ACaCAccbaB uncovered-dart
done ACaCAcccaC uncovered-dart
done ACaCBAcabc uncovered-dart
done ACaCBAcacb uncovered-dart
done ACaCBAcbac uncovered-dart
done ACaCBAccab uncovered-dart
done ACaCBBcbbc uncovered-dart
done ACaCBBcbcb uncovered-dart
done ACaCBBccbb uncovered-dart
done ACaCBCbccc uncovered-dart
done ACaCBcAcab uncovered-dart
done ACaCBcBcbb uncovered-dart
done ACaCBcabAc uncovered-dart
done ACaCBcbbcB uncovered-dart
done ACaCBcccbC uncovered-dart
done ACaCCAcacc uncovered-dart
done ACaCCAccac uncovered-dart
done ACaCCBcbcc uncovered-dart
done ACaCCBccbc uncovered-dart
done ACaCCBcccb uncovered-dart
done ACaCCacAcc uncovered-dart
done ACaCCaccAc uncovered-dart
done ACaCCbcBcc uncovered-dart
done ACaCCbccBc uncovered-dart
done ACaCCbcccB uncovered-dart
done ACaCaBAcbc uncovered-dart
done ACaCaBAccb uncovered-dart
done ACaCaBcAcb uncovered-dart
done ACaCaBcbAc uncovered-dart
done ACaCaCAccc uncovered-dart
done ACaCabAcBc uncovered-dart
done ACaCabAccB uncovered-dart
done ACaCabcAcB uncovered-dart
done ACaCabcBAc uncovered-dart
done ACaCacBAcb uncovered-dart
done ACaCacbAcB uncovered-dart
done ACaCbAcaBc uncovered-dart
done ACaCbAcacB uncovered-dart
done ACaCbAccaB uncovered-dart
done ACaCbCBccc uncovered-dart
done ACaCbaBAcc uncovered-dart
done ACaCbaBcAc uncovered-dart
done ACaCbacAcB uncovered-dart
done ACaCbacBAc uncovered-dart
done ACaCbbcBBc uncovered-dart
done ACaCbbcBcB uncovered-dart
done ACaCbbccBB uncovered-dart
done ACaCbcAcaB uncovered-dart
done ACaCbcBBcb uncovered-dart
done ACaCbcaBAc uncovered-dart
done ACaCbcbcBB uncovered-dart
done ACaCbcccBC uncovered-dart
done ACaaBACbcc uncovered-dart
done ACaaBAccbC uncovered-dart
done ACaaBBAcbb uncovered-dart
done ACaaBCAcbc uncovered-dart
done ACaaBCAccb uncovered-dart
done ACaaBCbAcc uncovered-dart
done ACaaBCbcAc uncovered-dart
done ACaaBcACbc uncovered-dart
done ACaaBcAcbC uncovered-dart
done ACaaBcbCAc uncovered-dart
done ACaaBccACb uncovered-dart
done ACaaCAcBcb uncovered-dart
done ACaaCAcbcB uncovered-dart
done ACaaCBAcbc uncovered-dart
done ACaaCBAccb uncovered-dart
done ACaaCBcAcb uncovered-dart
done ACaaCBcbAc uncovered-dart
done ACaaCCAccc uncovered-dart
done ACaaCbAcBc uncovered-dart
done ACaaCbAccB uncovered-dart
done ACaaCbcAcB uncovered-dart
done ACaaCbcBAc uncovered-dart
done ACaaaCAcAc uncovered-dart
done ACaabAccBC uncovered-dart
done ACaabCAcBc uncovered-dart
done ACaabCAccB uncovered-dart
done ACaabCBAcc uncovered-dart
done ACaabCBcAc uncovered-dart
done ACaabbAcBB uncovered-dart
done ACaabcAcBC uncovered-dart
done ACaabcBCAc uncovered-dart
done ACaacACbcB uncovered-dart
done ACaacAcBCb uncovered-dart
done ACaacAcbCB uncovered-dart
done ACaacBACbc uncovered-dart
done ACaacBAcbC uncovered-dart
done ACaacBCAcb uncovered-dart
done ACaacBCbAc uncovered-dart
done ACaacBcACb uncovered-dart
done ACaacbAcBC uncovered-dart
done ACaacbCAcB uncovered-dart
done ACaacbCBAc uncovered-dart
done ACaaccBACb uncovered-dart
done ACabACacBc uncovered-dart
done ACabACaccB uncovered-dart
done ACabAcBCac uncovered-dart
done ACabAcBcaC uncovered-dart
done ACabAcaCBc uncovered-dart
done ACabAcacBC uncovered-dart
done ACabAcbaBB uncovered-dart
done ACabAccaBC uncovered-dart
done ACabAccaCB uncovered-dart
done ACabCAcaBc uncovered-dart
done ACabCAcacB uncovered-dart
done ACabCAccaB uncovered-dart
done ACabCBAcac uncovered-dart
done ACabCBBcbc uncovered-dart
done ACabCBBccb uncovered-dart
done ACabCBcBcb uncovered-dart
done ACabCBcbcB uncovered-dart
done ACabCCBccc uncovered-dart
done ACabCaBAcc uncovered-dart
done ACabCaBcAc uncovered-dart
done ACabCacAcB uncovered-dart
done ACabCacBAc uncovered-dart
done ACabCbcBBc uncovered-dart
done ACabCbcBcB uncovered-dart
done ACabCbccBB uncovered-dart
done ACabaBBAcb uncovered-dart
done ACabaBCAcc uncovered-dart
done ACabaCAcBc uncovered-dart
done ACabaCAccB uncovered-dart
done ACabaCBAcc uncovered-dart
done ACabaCBcAc uncovered-dart
done ACababAcBB uncovered-dart
done ACabacAcBC uncovered-dart
done ACabacBCAc uncovered-dart
done ACabbAcaBB uncovered-dart
done ACabbCBBcc uncovered-dart
done ACabbCBcBc uncovered-dart
done ACabbCBccB uncovered-dart
done ACabbaBAcB uncovered-dart
done ACabbaBBAc uncovered-dart
done ACabbbcBBB uncovered-dart
done ACabbcBCBc uncovered-dart
done ACabbcBcBC uncovered-dart
done ACabbccBBC uncovered-dart
done ACabbccBCB uncovered-dart
done ACabcACacB uncovered-dart
done ACabcAcaBC uncovered-dart
done ACabcAcaCB uncovered-dart
done ACabcBACac uncovered-dart
done ACabcBAcaC uncovered-dart
done ACabcBBCbc uncovered-dart
done ACabcBBcbC uncovered-dart
done ACabcBCBcb uncovered-dart
done ACabcBCbcB uncovered-dart
done ACabcBcBCb uncovered-dart
done ACabcBcbCB uncovered-dart
done ACabcaBCAc uncovered-dart
done ACabcaCAcB uncovered-dart
done ACabcaCBAc uncovered-dart
done ACabcbCBBc uncovered-dart
done ACabcbCBcB uncovered-dart
done ACabcbcBBC uncovered-dart
done ACabcbcBCB uncovered-dart
done ACabccBBCb uncovered-dart
done ACabccbCBB uncovered-dart
done ACabcccBCC uncovered-dart
done ACacACbaBc uncovered-dart
done ACacACbacB uncovered-dart
done ACacACbcaB uncovered-dart
done ACacAcBCab uncovered-dart
done ACacAcaBCb uncovered-dart
done ACacAcabCB uncovered-dart
done ACacAcbCaB uncovered-dart
done ACacAcbaBC uncovered-dart
done ACacAcbaCB uncovered-dart
done ACacAccaCC uncovered-dart
done ACacBACacb uncovered-dart
done ACacBACbac uncovered-dart
done ACacBAcaCb uncovered-dart
done ACacBAcabC uncovered-dart
done ACacBAcbaC uncovered-dart
done ACacBBCbbc uncovered-dart
done ACacBBCbcb uncovered-dart
done ACacBBcbCb uncovered-dart
done ACacBBcbbC uncovered-dart
done ACacBCAcab uncovered-dart
done ACacBCBcbb uncovered-dart
done ACacBCCbcc uncovered-dart
done ACacBCabAc uncovered-dart
done ACacBCbbcB uncovered-dart
done ACacBcBCbb uncovered-dart
done ACacBcbbCB uncovered-dart
done ACacBccbCC uncovered-dart
done ACacaBACbc uncovered-dart
done ACacaBAcbC uncovered-dart
done ACacaBCAcb uncovered-dart
done ACacaBCbAc uncovered-dart
done ACacaBcACb uncovered-dart
done ACacaCBAcb uncovered-dart
done ACacaCCAcc uncovered-dart
done ACacaCbAcB uncovered-dart
done ACacabAcBC uncovered-dart
done ACacabCAcB uncovered-dart
done ACacabCBAc uncovered-dart
done ACacacBACb uncovered-dart
done ACacbAcaBC uncovered-dart
done ACacbAcaCB uncovered-dart
done ACacbCAcaB uncovered-dart
done ACacbCBBcb uncovered-dart
done ACacbCCBcc uncovered-dart
done ACacbCaBAc uncovered-dart
done ACacbCbcBB uncovered-dart
done ACacbaBCAc uncovered-dart
done ACacbaCAcB uncovered-dart
done ACacbaCBAc uncovered-dart
done ACacbbCBBc uncovered-dart
done ACacbbCBcB uncovered-dart
done ACacbbcBBC uncovered-dart
done ACacbbcBCB uncovered-dart
done ACacbcBBCb uncovered-dart
done ACacbcbCBB uncovered-dart
done ACacbccBCC uncovered-dart
done ACaccACbaB uncovered-dart
done ACaccAcaCC uncovered-dart
done ACaccBBCbb uncovered-dart
done ACaccBCCbc uncovered-dart
done ACaccBcbCC uncovered-dart
done ACaccaBACb uncovered-dart
done ACaccaCCAc uncovered-dart
done ACaccbCCBc uncovered-dart
done ACaccbbCBB uncovered-dart
done ACaccbcBCC uncovered-dart
done ACacccBCCb uncovered-dart
done ACacccBCbC uncovered-dart
done ACacccbCBC uncovered-dart
done ACacccbCCB uncovered-dart
done ACbAcBCaac uncovered-dart
done ACbAcBcaaC uncovered-dart
done ACbAcaBCac uncovered-dart
done ACbAcaBcaC uncovered-dart
done ACbAcaCaBc uncovered-dart
done ACbAcaCacB uncovered-dart
done ACbAcaaCBc uncovered-dart
done ACbAcaacBC uncovered-dart
done ACbAcabaBB uncovered-dart
done ACbAcacaBC uncovered-dart
done ACbAcacaCB uncovered-dart
done ACbAcbaaBB uncovered-dart
done ACbAccaCaB uncovered-dart
done ACbAccaaBC uncovered-dart
done ACbAccaaCB uncovered-dart
done ACbCAcaaBc uncovered-dart
done ACbCAcaacB uncovered-dart
done ACbCAcacaB uncovered-dart
done ACbCAccaaB uncovered-dart
done ACbCBAcaac uncovered-dart
done ACbCBBcabc uncovered-dart
done ACbCBBcacb uncovered-dart
done ACbCBBcbac uncovered-dart
done ACbCBBccab uncovered-dart
done ACbCBCaccc uncovered-dart
done ACbCBcBcab uncovered-dart
done ACbCBcaBcb uncovered-dart
done ACbCBcabcB uncovered-dart
done ACbCBcbaBc uncovered-dart
done ACbCBcbacB uncovered-dart
done ACbCBcbcaB uncovered-dart
done ACbCBccbaB uncovered-dart
done ACbCBcccaC uncovered-dart
done ACbCCBcacc uncovered-dart
done ACbCCBccac uncovered-dart
done ACbCCaBccc uncovered-dart
done ACbCCacBcc uncovered-dart
done ACbCCaccBc uncovered-dart
done ACbCCacccB uncovered-dart
done ACbCaBAcac uncovered-dart
done ACbCaBBcbc uncovered-dart
done ACbCaBBccb uncovered-dart
done ACbCaBcBcb uncovered-dart
done ACbCaBcbcB uncovered-dart
done ACbCaCBccc uncovered-dart
done ACbCaaBAcc uncovered-dart
done ACbCaaBcAc uncovered-dart
done ACbCaacAcB uncovered-dart
done ACbCaacBAc uncovered-dart
done ACbCabcBBc uncovered-dart
done ACbCabcBcB uncovered-dart
done ACbCabccBB uncovered-dart
done ACbCacAcaB uncovered-dart
done ACbCacBBcb uncovered-dart
done ACbCacaBAc uncovered-dart
done ACbCacbcBB uncovered-dart
done ACbCacccBC uncovered-dart
done ACbCbaBBcc uncovered-dart
done ACbCbaBcBc uncovered-dart
done ACbCbaBccB uncovered-dart
done ACbCbacBBc uncovered-dart
done ACbCbacBcB uncovered-dart
done ACbCbaccBB uncovered-dart
done ACbCbcBcaB uncovered-dart
done ACbCbcaBBc uncovered-dart
done ACbCbcaBcB uncovered-dart
done ACbCbcacBB uncovered-dart
done ACbCbccaBB uncovered-dart
done ACbaBAcbaB uncovered-dart
done ACbaBAccaC uncovered-dart
done ACbaBBAcab uncovered-dart
done ACbaBBBcbb uncovered-dart
done ACbaBBCbcc uncovered-dart
done ACbaBBccbC uncovered-dart
done ACbaBCAcac uncovered-dart
done ACbaBCBcbc uncovered-dart
done ACbaBCBccb uncovered-dart
done ACbaBCacAc uncovered-dart
done ACbaBCbcBc uncovered-dart
done ACbaBCbccB uncovered-dart
done ACbaBcAcaC uncovered-dart
done ACbaBcBCbc uncovered-dart
done ACbaBcBcbC uncovered-dart
done ACbaBcaCAc uncovered-dart
done ACbaBcbCBc uncovered-dart
done ACbaBcbcBC uncovered-dart
done ACbaBccBCb uncovered-dart
done ACbaBccbCB uncovered-dart
done ACbaCAcaBc uncovered-dart
done ACbaCAcacB uncovered-dart
done ACbaCAccaB uncovered-dart
done ACbaCBAcac uncovered-dart
done ACbaCBBcbc uncovered-dart
done ACbaCBBccb uncovered-dart
done ACbaCBcBcb uncovered-dart
done ACbaCBcbcB uncovered-dart
done ACbaCCBccc uncovered-dart
done ACbaCaBAcc uncovered-dart
done ACbaCaBcAc uncovered-dart
done ACbaCacAcB uncovered-dart
done ACbaCacBAc uncovered-dart
done ACbaCbcBBc uncovered-dart
done ACbaCbcBcB uncovered-dart
done ACbaCbccBB uncovered-dart
done ACbaaBBAcb uncovered-dart
done ACbaaBCAcc uncovered-dart
done ACbaaCAcBc uncovered-dart
done ACbaaCAccB uncovered-dart
done ACbaaCBAcc uncovered-dart
done ACbaaCBcAc uncovered-dart
done ACbaabAcBB uncovered-dart
done ACbaacAcBC uncovered-dart
done ACbaacBCAc uncovered-dart
done ACbabAcaBB uncovered-dart
done ACbabCBBcc uncovered-dart
done ACbabCBcBc uncovered-dart
done ACbabCBccB uncovered-dart
done ACbabaBAcB uncovered-dart
done ACbabaBBAc uncovered-dart
done ACbabbcBBB uncovered-dart
done ACbabcBCBc uncovered-dart
done ACbabcBcBC uncovered-dart
done ACbabccBBC uncovered-dart
done ACbabccBCB uncovered-dart
done ACbacAcaBC uncovered-dart
done ACbacAcaCB uncovered-dart
done ACbacBAcaC uncovered-dart
done ACbacBBCbc uncovered-dart
done ACbacBBcbC uncovered-dart
done ACbacBCBcb uncovered-dart
done ACbacBCbcB uncovered-dart
done ACbacBcBCb uncovered-dart
done ACbacBcbCB uncovered-dart
done ACbacaBCAc uncovered-dart
done ACbacaCAcB uncovered-dart
done ACbacaCBAc uncovered-dart
done ACbacbCBBc uncovered-dart
done ACbacbCBcB uncovered-dart
done ACbacbcBBC uncovered-dart
done ACbacbcBCB uncovered-dart
done ACbaccBBCb uncovered-dart
done ACbaccbCBB uncovered-dart
done ACbacccBCC uncovered-dart
done ACbbAcaaBB uncovered-dart
done ACbbCBBcac uncovered-dart
done ACbbCBcaBc uncovered-dart
done ACbbCBcacB uncovered-dart
done ACbbCBccaB uncovered-dart
done ACbbCaBBcc uncovered-dart
done ACbbCaBcBc uncovered-dart
done ACbbCaBccB uncovered-dart
done ACbbCacBBc uncovered-dart
done ACbbCacBcB uncovered-dart
done ACbbCaccBB uncovered-dart
done ACbbaBAcaB uncovered-dart
done ACbbaBBBcb uncovered-dart
done ACbbaBCBcc uncovered-dart
done ACbbaBccBC uncovered-dart
done ACbbaCBBcc uncovered-dart
done ACbbaCBcBc uncovered-dart
done ACbbaCBccB uncovered-dart
done ACbbaaBAcB uncovered-dart
done ACbbaaBBAc uncovered-dart
done ACbbabcBBB uncovered-dart
done ACbbacBCBc uncovered-dart
done ACbbacBcBC uncovered-dart
done ACbbaccBBC uncovered-dart
done ACbbaccBCB uncovered-dart
done ACbbbaBBBc uncovered-dart
done ACbbbaBBcB uncovered-dart
done ACbbbaBcBB uncovered-dart
done ACbbbacBBB uncovered-dart
done ACbbbcaBBB uncovered-dart
done ACbbcBBCac uncovered-dart
done ACbbcBBcaC uncovered-dart
done ACbbcBCaBc uncovered-dart
done ACbbcBCacB uncovered-dart
done ACbbcBcaBC uncovered-dart
done ACbbcBcaCB uncovered-dart
done ACbbcaBCBc uncovered-dart
done ACbbcaBcBC uncovered-dart
done ACbbcaCBBc uncovered-dart
done ACbbcaCBcB uncovered-dart
done ACbbcacBBC uncovered-dart
done ACbbcacBCB uncovered-dart
done ACbbcbaBBB uncovered-dart
done ACbbccBCaB uncovered-dart
done ACbbccaBBC uncovered-dart
done ACbbccaBCB uncovered-dart
done ACbbccaCBB uncovered-dart
done ACbcAcaCaB uncovered-dart
done ACbcAcaaBC uncovered-dart
done ACbcAcaaCB uncovered-dart
done ACbcBAcaaC uncovered-dart
done ACbcBBCabc uncovered-dart
done ACbcBBCacb uncovered-dart
done ACbcBBCbac uncovered-dart
done ACbcBBcaCb uncovered-dart
done ACbcBBcabC uncovered-dart
done ACbcBBcbaC uncovered-dart
done ACbcBCBcab uncovered-dart
done ACbcBCCacc uncovered-dart
done ACbcBCaBcb uncovered-dart
done ACbcBCabcB uncovered-dart
done ACbcBCbaBc uncovered-dart
done ACbcBCbacB uncovered-dart
done ACbcBCbcaB uncovered-dart
done ACbcBcBCab uncovered-dart
done ACbcBcaBCb uncovered-dart
done ACbcBcabCB uncovered-dart
done ACbcBcbCaB uncovered-dart
done ACbcBcbaBC uncovered-dart
done ACbcBcbaCB uncovered-dart
done ACbcBccaCC uncovered-dart
done ACbcaBAcaC uncovered-dart
done ACbcaBBCbc uncovered-dart
done ACbcaBBcbC uncovered-dart
done ACbcaBCBcb uncovered-dart
done ACbcaBCbcB uncovered-dart
done ACbcaBcBCb uncovered-dart
done ACbcaBcbCB uncovered-dart
done ACbcaCAcaB uncovered-dart
done ACbcaCBBcb uncovered-dart
done ACbcaCCBcc uncovered-dart
done ACbcaCaBAc uncovered-dart
done ACbcaCbcBB uncovered-dart
done ACbcaaBCAc uncovered-dart
done ACbcaaCAcB uncovered-dart
done ACbcaaCBAc uncovered-dart
done ACbcabCBBc uncovered-dart
done ACbcabCBcB uncovered-dart
done ACbcabcBBC uncovered-dart
done ACbcabcBCB uncovered-dart
done ACbcacBBCb uncovered-dart
done ACbcacbCBB uncovered-dart
done ACbcaccBCC uncovered-dart
done ACbcbCBcaB uncovered-dart
done ACbcbCaBBc uncovered-dart
done ACbcbCaBcB uncovered-dart
done ACbcbCacBB uncovered-dart
done ACbcbaBCBc uncovered-dart
done ACbcbaBcBC uncovered-dart
done ACbcbaCBBc uncovered-dart
done ACbcbaCBcB uncovered-dart
done ACbcbacBBC uncovered-dart
done ACbcbacBCB uncovered-dart
done ACbcbbaBBB uncovered-dart
done ACbcbcBCaB uncovered-dart
done ACbcbcaBBC uncovered-dart
done ACbcbcaBCB uncovered-dart
done ACbcbcaCBB uncovered-dart
done ACbccBBCab uncovered-dart
done ACbccBCCac uncovered-dart
done ACbccBCbaB uncovered-dart
done ACbccBcaCC uncovered-dart
done ACbccaBBCb uncovered-dart
done ACbccaCCBc uncovered-dart
done ACbccabCBB uncovered-dart
done ACbccacBCC uncovered-dart
done ACbccbCaBB uncovered-dart
done ACbccbaBBC uncovered-dart
done ACbccbaBCB uncovered-dart
done ACbccbaCBB uncovered-dart
done ACbcccBCaC uncovered-dart
done ACbcccaBCC uncovered-dart
done ACbcccaCBC uncovered-dart
done ACbcccaCCB uncovered-dart
done AcAcBCCaab uncovered-dart
done AcAcBCaCab uncovered-dart
done AcAcBCaaCb uncovered-dart
done AcAcBCaabC uncovered-dart
done AcAcBCabaC uncovered-dart
done AcAcBCbaaC uncovered-dart
done AcAcaBCCab uncovered-dart
done AcAcaBCaCb uncovered-dart
done AcAcaBCabC uncovered-dart
done AcAcaBCbaC uncovered-dart
done AcAcaCBCab uncovered-dart
done AcAcaCCCac uncovered-dart
done AcAcaCCbaB uncovered-dart
done AcAcaCaBCb uncovered-dart
done AcAcaCabCB uncovered-dart
done AcAcaCbCaB uncovered-dart
done AcAcaCbaBC uncovered-dart
done AcAcaCbaCB uncovered-dart
done AcAcaaBCCb uncovered-dart
done AcAcaaBCbC uncovered-dart
done AcAcaaCBCb uncovered-dart
done AcAcaaCbCB uncovered-dart
done AcAcaabCBC uncovered-dart
done AcAcaabCCB uncovered-dart
done AcAcabCCaB uncovered-dart
done AcAcabCaBC uncovered-dart
done AcAcabCaCB uncovered-dart
done AcAcabaBCC uncovered-dart
done AcAcabaCBC uncovered-dart
done AcAcabaCCB uncovered-dart
done AcAcacaCCC uncovered-dart
done AcAcbCCaaB uncovered-dart
done AcAcbCaCaB uncovered-dart
done AcAcbCaaBC uncovered-dart
done AcAcbCaaCB uncovered-dart
done AcAcbaBCaC uncovered-dart
done AcAcbaCCaB uncovered-dart
done AcAcbaCaBC uncovered-dart
done AcAcbaCaCB uncovered-dart
done AcAcbaaBCC uncovered-dart
done AcAcbaaCBC uncovered-dart
done AcAcbaaCCB uncovered-dart
done AcAccaCCaC uncovered-dart
done AcAccaCaCC uncovered-dart
done AcAccaaCCC uncovered-dart
done AcBAcaCCab uncovered-dart
done AcBAcaCaCb uncovered-dart
done AcBAcaCabC uncovered-dart
done AcBAcaCbaC uncovered-dart
done AcBAcaaCCb uncovered-dart
done AcBAcaaCbC uncovered-dart
done AcBAcaabCC uncovered-dart
done AcBAcabCaC uncovered-dart
done AcBAcabaCC uncovered-dart
done AcBAcbCaaC uncovered-dart
done AcBAcbaCaC uncovered-dart
done AcBAcbaaCC uncovered-dart
done AcBBBCabbb uncovered-dart
done AcBBBCbabb uncovered-dart
done AcBBBCbbab uncovered-dart
done AcBBCCabbc uncovered-dart
done AcBBCCabcb uncovered-dart
done AcBBCCacbb uncovered-dart
done AcBBCCbabc uncovered-dart
done AcBBCCbacb uncovered-dart
done AcBBCCbbac uncovered-dart
done AcBBCCbcab uncovered-dart
done AcBBCaCbbc uncovered-dart
done AcBBCaCbcb uncovered-dart
done AcBBCabCbc uncovered-dart
done AcBBCabcbC uncovered-dart
done AcBBCacbCb uncovered-dart
done AcBBCacbbC uncovered-dart
done AcBBCbCabc uncovered-dart
done AcBBCbCacb uncovered-dart
done AcBBCbCbac uncovered-dart
done AcBBCbaCbc uncovered-dart
done AcBBCbacbC uncovered-dart
done AcBBCbbCac uncovered-dart
done AcBBCbbbaB uncovered-dart
done AcBBCbbcaC uncovered-dart
done AcBBCbcaCb uncovered-dart
done AcBBCbcabC uncovered-dart
done AcBBCbcbaC uncovered-dart
done AcBBcaCCbb uncovered-dart
done AcBBcaCbCb uncovered-dart
done AcBBcaCbbC uncovered-dart
done AcBBcabCCb uncovered-dart
done AcBBcabCbC uncovered-dart
done AcBBcabbCC uncovered-dart
done AcBBcbCCab uncovered-dart
done AcBBcbCaCb uncovered-dart
done AcBBcbCabC uncovered-dart
done AcBBcbCbaC uncovered-dart
done AcBBcbaCCb uncovered-dart
done AcBBcbaCbC uncovered-dart
done AcBBcbabCC uncovered-dart
done AcBBcbbCaC uncovered-dart
done AcBBcbbaCC uncovered-dart
done AcBCAcaCab uncovered-dart
done AcBCAcaaCb uncovered-dart
done AcBCAcaabC uncovered-dart
done AcBCAcabaC uncovered-dart
done AcBCAcbaaC uncovered-dart
done AcBCBCabbc uncovered-dart
done AcBCBCabcb uncovered-dart
done AcBCBCacbb uncovered-dart
done AcBCBCbabc uncovered-dart
done AcBCBCbacb uncovered-dart
done AcBCBCbbac uncovered-dart
done AcBCBCbcab uncovered-dart
done AcBCBcaCbb uncovered-dart
done AcBCBcabCb uncovered-dart
done AcBCBcabbC uncovered-dart
done AcBCBcbCab uncovered-dart
done AcBCBcbaCb uncovered-dart
done AcBCBcbabC uncovered-dart
done AcBCBcbbaC uncovered-dart
done AcBCCAcaab uncovered-dart
done AcBCCBcabb uncovered-dart
done AcBCCBcbab uncovered-dart
done AcBCCCabcc uncovered-dart
done AcBCCCacbc uncovered-dart
done AcBCCCaccb uncovered-dart
done AcBCCCbacc uncovered-dart
done AcBCCCbcac uncovered-dart
done AcBCCaBcbb uncovered-dart
done AcBCCaCbcc uncovered-dart
done AcBCCabbcB uncovered-dart
done AcBCCaccbC uncovered-dart
done AcBCCbCacc uncovered-dart
done AcBCCbaBcb uncovered-dart
done AcBCCbabcB uncovered-dart
done AcBCCbbaBc uncovered-dart
done AcBCCbbacB uncovered-dart
done AcBCCbbcaB uncovered-dart
done AcBCCbcbaB uncovered-dart
done AcBCCbccaC uncovered-dart
done AcBCaBCbbc uncovered-dart
done AcBCaBCbcb uncovered-dart
done AcBCaBcbCb uncovered-dart
done AcBCaBcbbC uncovered-dart
done AcBCaCAcab uncovered-dart
done AcBCaCBcbb uncovered-dart
done AcBCaCCbcc uncovered-dart
done AcBCaCbbcB uncovered-dart
done AcBCaaCAcb uncovered-dart
done AcBCabAcaC uncovered-dart
done AcBCabCBcb uncovered-dart
done AcBCabCbcB uncovered-dart
done AcBCabbCBc uncovered-dart
done AcBCabbcBC uncovered-dart
done AcBCabcBCb uncovered-dart
done AcBCabcbCB uncovered-dart
done AcBCacBCbb uncovered-dart
done AcBCacbbCB uncovered-dart
done AcBCaccbCC uncovered-dart
done AcBCbAcaaC uncovered-dart
done AcBCbCBcab uncovered-dart
done AcBCbCCacc uncovered-dart
done AcBCbCaBcb uncovered-dart
done AcBCbCabcB uncovered-dart
done AcBCbCbaBc uncovered-dart
done AcBCbCbacB uncovered-dart
done AcBCbCbcaB uncovered-dart
done AcBCbaBCbc uncovered-dart
done AcBCbaBcbC uncovered-dart
done AcBCbaCBcb uncovered-dart
done AcBCbaCbcB uncovered-dart
done AcBCbabCBc uncovered-dart
done AcBCbabcBC uncovered-dart
done AcBCbacBCb uncovered-dart
done AcBCbacbCB uncovered-dart
done AcBCbbCaBc uncovered-dart
done AcBCbbCacB uncovered-dart
done AcBCbbaCBc uncovered-dart
done AcBCbbacBC uncovered-dart
done AcBCbbbaBB uncovered-dart
done AcBCbbcaBC uncovered-dart
done AcBCbbcaCB uncovered-dart
done AcBCbcBCab uncovered-dart
done AcBCbcaBCb uncovered-dart
done AcBCbcabCB uncovered-dart
done AcBCbcbCaB uncovered-dart
done AcBCbcbaBC uncovered-dart
done AcBCbcbaCB uncovered-dart
done AcBCbccaCC uncovered-dart
done AcBcBCCabb uncovered-dart
done AcBcBCCbab uncovered-dart
done AcBcBCaCbb uncovered-dart
done AcBcBCabCb uncovered-dart
done AcBcBCabbC uncovered-dart
done AcBcBCbCab uncovered-dart
done AcBcBCbaCb uncovered-dart
done AcBcBCbabC uncovered-dart
done AcBcBCbbaC uncovered-dart
done AcBcaBCCbb uncovered-dart
done AcBcaBCbCb uncovered-dart
done AcBcaBCbbC uncovered-dart
done AcBcaCBCbb uncovered-dart
done AcBcaCCCbc uncovered-dart
done AcBcaCbbCB uncovered-dart
done AcBcabCBCb uncovered-dart
done AcBcabCbCB uncovered-dart
done AcBcabbCBC uncovered-dart
done AcBcabbCCB uncovered-dart
done AcBcacbCCC uncovered-dart
done AcBcbCBCab uncovered-dart
done AcBcbCCCac uncovered-dart
done AcBcbCCbaB uncovered-dart
done AcBcbCaBCb uncovered-dart
done AcBcbCabCB uncovered-dart
done AcBcbCbCaB uncovered-dart
done AcBcbCbaBC uncovered-dart
done AcBcbCbaCB uncovered-dart
done AcBcbaBCCb uncovered-dart
done AcBcbaBCbC uncovered-dart
done AcBcbaCBCb uncovered-dart
done AcBcbaCbCB uncovered-dart
done AcBcbabCBC uncovered-dart
done AcBcbabCCB uncovered-dart
done AcBcbbCCaB uncovered-dart
done AcBcbbCaBC uncovered-dart
done AcBcbbCaCB uncovered-dart
done AcBcbbaBCC uncovered-dart
done AcBcbbaCBC uncovered-dart
done AcBcbbaCCB uncovered-dart
done AcBcbcaCCC uncovered-dart
done AcBccaCCCb uncovered-dart
done AcBccaCCbC uncovered-dart
done AcBccaCbCC uncovered-dart
done AcBccabCCC uncovered-dart
done AcBccbCCaC uncovered-dart
done AcBccbCaCC uncovered-dart
done AcBccbaCCC uncovered-dart
done AcaBAcaCCb uncovered-dart
done AcaBAcaCbC uncovered-dart
done AcaBAcabCC uncovered-dart
done AcaBAcbCaC uncovered-dart
done AcaBAcbaCC uncovered-dart
done AcaBBBCbbb uncovered-dart
done AcaBBCCbbc uncovered-dart
done AcaBBCCbcb uncovered-dart
done AcaBBCbCbc uncovered-dart
done AcaBBCbcbC uncovered-dart
done AcaBBcbCCb uncovered-dart
done AcaBBcbCbC uncovered-dart
done AcaBBcbbCC uncovered-dart
done AcaBCAcaCb uncovered-dart
done AcaBCAcabC uncovered-dart
done AcaBCAcbaC uncovered-dart
done AcaBCBCbbc uncovered-dart
done AcaBCBCbcb uncovered-dart
done AcaBCBcbCb uncovered-dart
done AcaBCBcbbC uncovered-dart
done AcaBCCAcab uncovered-dart
done AcaBCCBcbb uncovered-dart
done AcaBCCCbcc uncovered-dart
done AcaBCCbbcB uncovered-dart
done AcaBCaCAcb uncovered-dart
done AcaBCbAcaC uncovered-dart
done AcaBCbCBcb uncovered-dart
done AcaBCbCbcB uncovered-dart
done AcaBCbbCBc uncovered-dart
done AcaBCbbcBC uncovered-dart
done AcaBCbcBCb uncovered-dart
done AcaBCbcbCB uncovered-dart
done AcaBcBCCbb uncovered-dart
done AcaBcBCbCb uncovered-dart
done AcaBcBCbbC uncovered-dart
done AcaBcbCBCb uncovered-dart
done AcaBcbCbCB uncovered-dart
done AcaBcbbCBC uncovered-dart
done AcaBcbbCCB uncovered-dart
done AcaBccbCCC uncovered-dart
done AcaCAcabCB uncovered-dart
done AcaCAcbCaB uncovered-dart
done AcaCAcbaBC uncovered-dart
done AcaCAcbaCB uncovered-dart
done AcaCAccaCC uncovered-dart
done AcaCBAcaCb uncovered-dart
done AcaCBAcabC uncovered-dart
done AcaCBAcbaC uncovered-dart
done AcaCBBCbbc uncovered-dart
done AcaCBBCbcb uncovered-dart
done AcaCBBcbCb uncovered-dart
done AcaCBBcbbC uncovered-dart
done AcaCBCAcab uncovered-dart
done AcaCBCBcbb uncovered-dart
done AcaCBCCbcc uncovered-dart
done AcaCBCbbcB uncovered-dart
done AcaCBcBCbb uncovered-dart
done AcaCBcbbCB uncovered-dart
done AcaCBccbCC uncovered-dart
done AcaCCAcbaB uncovered-dart
done AcaCCAccaC uncovered-dart
done AcaCCBAcab uncovered-dart
done AcaCCBBcbb uncovered-dart
done AcaCCBCbcc uncovered-dart
done AcaCCBccbC uncovered-dart
done AcaCCCAcac uncovered-dart
done AcaCCCBcbc uncovered-dart
done AcaCCCBccb uncovered-dart
done AcaCCCbcBc uncovered-dart
done AcaCCCbccB uncovered-dart
done AcaCCaBAcb uncovered-dart
done AcaCCaCAcc uncovered-dart
done AcaCCbCBcc uncovered-dart
done AcaCCbbcBB uncovered-dart
done AcaCCbccBC uncovered-dart
done AcaCaBAcbC uncovered-dart
done AcaCaBCAcb uncovered-dart
done AcaCaCBAcb uncovered-dart
done AcaCaCCAcc uncovered-dart
done AcaCbCBBcb uncovered-dart
done AcaCbCCBcc uncovered-dart
done AcaCbCbcBB uncovered-dart
done AcaCbbCBBc uncovered-dart
done AcaCbbCBcB uncovered-dart
done AcaCbbcBBC uncovered-dart
done AcaCbbcBCB uncovered-dart
done AcaCbcBBCb uncovered-dart
done AcaCbcbCBB uncovered-dart
done AcaCbccBCC uncovered-dart
done AcaaBAcbCC uncovered-dart
done AcaaBCAcbC uncovered-dart
done AcaaBCCAcb uncovered-dart
done AcaaCAcbCB uncovered-dart
done AcaaCBAcbC uncovered-dart
done AcaaCBCAcb uncovered-dart
done AcaaCCBAcb uncovered-dart
done AcaaCCCAcc uncovered-dart
done AcabCBBCbc uncovered-dart
done AcabCBBcbC uncovered-dart
done AcabCBCBcb uncovered-dart
done AcabCBCbcB uncovered-dart
done AcabCBcBCb uncovered-dart
done AcabCBcbCB uncovered-dart
done AcabCCBBcb uncovered-dart
done AcabCCCBcc uncovered-dart
done AcabCCbcBB uncovered-dart
done AcabCbCBBc uncovered-dart
done AcabCbCBcB uncovered-dart
done AcabCbcBBC uncovered-dart
done AcabCbcBCB uncovered-dart
done AcabbCBCBc uncovered-dart
done AcabbCBcBC uncovered-dart
done AcabbCCBBc uncovered-dart
done AcabbCCBcB uncovered-dart
done AcabbbCBBB uncovered-dart
done AcabbcBBCC uncovered-dart
done AcabbcBCBC uncovered-dart
done AcabbcBCCB uncovered-dart
done AcabcBBCCb uncovered-dart
done AcabcBBCbC uncovered-dart
done AcabcBCBCb uncovered-dart
done AcabcBCbCB uncovered-dart
done AcabcbCBBC uncovered-dart
done AcabcbCBCB uncovered-dart
done AcabcbCCBB uncovered-dart
done AcabccBCCC uncovered-dart
done AcacBBCCbb uncovered-dart
done AcacBBCbCb uncovered-dart
done AcacBBCbbC uncovered-dart
done AcacBCBCbb uncovered-dart
done AcacBCCCbc uncovered-dart
done AcacBCbbCB uncovered-dart
done AcacBcbCCC uncovered-dart
done AcacbCBBCb uncovered-dart
done AcacbCCCBc uncovered-dart
done AcacbCbCBB uncovered-dart
done AcacbbCBBC uncovered-dart
done AcacbbCBCB uncovered-dart
done AcacbbCCBB uncovered-dart
done AcacbcBCCC uncovered-dart
done AcaccBCCCb uncovered-dart
done AcaccBCCbC uncovered-dart
done AcaccBCbCC uncovered-dart
done AcaccbCBCC uncovered-dart
done AcaccbCCBC uncovered-dart
done AcaccbCCCB uncovered-dart
done AcbCBBCabc uncovered-dart
done AcbCBBCacb uncovered-dart
done AcbCBBCbac uncovered-dart
done AcbCBBcaCb uncovered-dart
done AcbCBBcabC uncovered-dart
done AcbCBBcbaC uncovered-dart
done AcbCBCBcab uncovered-dart
done AcbCBCCacc uncovered-dart
done AcbCBCaBcb uncovered-dart
done AcbCBCabcB uncovered-dart
done AcbCBCbaBc uncovered-dart
done AcbCBCbacB uncovered-dart
done AcbCBCbcaB uncovered-dart
done AcbCBcBCab uncovered-dart
done AcbCBcaBCb uncovered-dart
done AcbCBcabCB uncovered-dart
done AcbCBcbCaB uncovered-dart
done AcbCBcbaBC uncovered-dart
done AcbCBcbaCB uncovered-dart
done AcbCBccaCC uncovered-dart
done AcbCCBBcab uncovered-dart
done AcbCCBCacc uncovered-dart
done AcbCCBcbaB uncovered-dart
done AcbCCBccaC uncovered-dart
done AcbCCCBcac uncovered-dart
done AcbCCCaBcc uncovered-dart
done AcbCCCacBc uncovered-dart
done AcbCCCaccB uncovered-dart
done AcbCCaBBcb uncovered-dart
done AcbCCaCBcc uncovered-dart
done AcbCCabcBB uncovered-dart
done AcbCCaccBC uncovered-dart
done AcbCCbaBBc uncovered-dart
done AcbCCbaBcB uncovered-dart
done AcbCCbacBB uncovered-dart
done AcbCCbcaBB uncovered-dart
done AcbCaBBCbc uncovered-dart
done AcbCaBBcbC uncovered-dart
done AcbCaBCBcb uncovered-dart
done AcbCaBCbcB uncovered-dart
done AcbCaBcBCb uncovered-dart
done AcbCaBcbCB uncovered-dart
done AcbCaCBBcb uncovered-dart
done AcbCaCCBcc uncovered-dart
done AcbCaCbcBB uncovered-dart
done AcbCabCBBc uncovered-dart
done AcbCabCBcB uncovered-dart
done AcbCabcBBC uncovered-dart
done AcbCabcBCB uncovered-dart
done AcbCacBBCb uncovered-dart
done AcbCacbCBB uncovered-dart
done AcbCaccBCC uncovered-dart
done AcbCbCBcaB uncovered-dart
done AcbCbCaBBc uncovered-dart
done AcbCbCaBcB uncovered-dart
done AcbCbCacBB uncovered-dart
done AcbCbaBCBc uncovered-dart
done AcbCbaBcBC uncovered-dart
done AcbCbaCBBc uncovered-dart
done AcbCbaCBcB uncovered-dart
done AcbCbacBBC uncovered-dart
done AcbCbacBCB uncovered-dart
done AcbCbbaBBB uncovered-dart
done AcbCbcBCaB uncovered-dart
done AcbCbcaBBC uncovered-dart
done AcbCbcaBCB uncovered-dart
done AcbCbcaCBB uncovered-dart
done AcbaBBBCbb uncovered-dart
done AcbaBBCCbc uncovered-dart
done AcbaBBcbCC uncovered-dart
done AcbaBCBCbc uncovered-dart
done AcbaBCBcbC uncovered-dart
done AcbaBCCBcb uncovered-dart
done AcbaBCCbcB uncovered-dart
done AcbaBCbCBc uncovered-dart
done AcbaBCbcBC uncovered-dart
done AcbaBcBCCb uncovered-dart
done AcbaBcBCbC uncovered-dart
done AcbaBcbCBC uncovered-dart
done AcbaBcbCCB uncovered-dart
done AcbaCBBCbc uncovered-dart
done AcbaCBBcbC uncovered-dart
done AcbaCBCBcb uncovered-dart
done AcbaCBCbcB uncovered-dart
done AcbaCBcBCb uncovered-dart
done AcbaCBcbCB uncovered-dart
done AcbaCCBBcb uncovered-dart
done AcbaCCCBcc uncovered-dart
done AcbaCCbcBB uncovered-dart
done AcbaCbCBBc uncovered-dart
done AcbaCbCBcB uncovered-dart
done AcbaCbcBBC uncovered-dart
done AcbaCbcBCB uncovered-dart
done AcbabCBCBc uncovered-dart
done AcbabCBcBC uncovered-dart
done AcbabCCBBc uncovered-dart
done AcbabCCBcB uncovered-dart
done AcbabbCBBB uncovered-dart
done AcbabcBBCC uncovered-dart
done AcbabcBCBC uncovered-dart
done AcbabcBCCB uncovered-dart
done AcbacBBCCb uncovered-dart
done AcbacBBCbC uncovered-dart
done AcbacBCBCb uncovered-dart
done AcbacBCbCB uncovered-dart
done AcbacbCBBC uncovered-dart
done AcbacbCBCB uncovered-dart
done AcbacbCCBB uncovered-dart
done AcbaccBCCC uncovered-dart
done AcbbCBBCac uncovered-dart
done AcbbCBBcaC uncovered-dart
done AcbbCBCaBc uncovered-dart
done AcbbCBCacB uncovered-dart
done AcbbCBcaBC uncovered-dart
done AcbbCBcaCB uncovered-dart
done AcbbCCBcaB uncovered-dart
done AcbbCCaBBc uncovered-dart
done AcbbCCaBcB uncovered-dart
done AcbbCCacBB uncovered-dart
done AcbbCaBCBc uncovered-dart
done AcbbCaBcBC uncovered-dart
done AcbbCaCBBc uncovered-dart
done AcbbCaCBcB uncovered-dart
done AcbbCacBBC uncovered-dart
done AcbbCacBCB uncovered-dart
done AcbbCbaBBB uncovered-dart
done AcbbaBBBCb uncovered-dart
done AcbbaBCCBc uncovered-dart
done AcbbaBcBCC uncovered-dart
done AcbbaCBCBc uncovered-dart
done AcbbaCBcBC uncovered-dart
done AcbbaCCBBc uncovered-dart
done AcbbaCCBcB uncovered-dart
done AcbbabCBBB uncovered-dart
done AcbbacBBCC uncovered-dart
done AcbbacBCBC uncovered-dart
done AcbbacBCCB uncovered-dart
done AcbbbCaBBB uncovered-dart
done AcbbbaBBBC uncovered-dart
done AcbbbaBBCB uncovered-dart
done AcbbbaBCBB uncovered-dart
done AcbbbaCBBB uncovered-dart
done AcbbcBBCaC uncovered-dart
done AcbbcBCCaB uncovered-dart
done AcbbcBCaBC uncovered-dart
done AcbbcBCaCB uncovered-dart
done AcbbcaBBCC uncovered-dart
done AcbbcaBCBC uncovered-dart
done AcbbcaBCCB uncovered-dart
done AcbbcaCBBC uncovered-dart
done AcbbcaCBCB uncovered-dart
done AcbbcaCCBB uncovered-dart
done AcbcBBCCab uncovered-dart
done AcbcBBCaCb uncovered-dart
done AcbcBBCabC uncovered-dart
done AcbcBBCbaC uncovered-dart
done AcbcBCBCab uncovered-dart
done AcbcBCCCac uncovered-dart
done AcbcBCCbaB uncovered-dart
done AcbcBCaBCb uncovered-dart
done AcbcBCabCB uncovered-dart
done AcbcBCbCaB uncovered-dart
done AcbcBCbaBC uncovered-dart
done AcbcBCbaCB uncovered-dart
done AcbcBcaCCC uncovered-dart
done AcbcaBBCCb uncovered-dart
done AcbcaBBCbC uncovered-dart
done AcbcaBCBCb uncovered-dart
done AcbcaBCbCB uncovered-dart
done AcbcaCBBCb uncovered-dart
done AcbcaCCCBc uncovered-dart
done AcbcaCbCBB uncovered-dart
done AcbcabCBBC uncovered-dart
done AcbcabCBCB uncovered-dart
done AcbcabCCBB uncovered-dart
done AcbcacBCCC uncovered-dart
done AcbcbCBCaB uncovered-dart
done AcbcbCCaBB uncovered-dart
done AcbcbCaBBC uncovered-dart
done AcbcbCaBCB uncovered-dart
done AcbcbCaCBB uncovered-dart
done AcbcbaBBCC uncovered-dart
done AcbcbaBCBC uncovered-dart
done AcbcbaBCCB uncovered-dart
done AcbcbaCBBC uncovered-dart
done AcbcbaCBCB uncovered-dart
done AcbcbaCCBB uncovered-dart
done AcbccBCCaC uncovered-dart
done AcbccBCaCC uncovered-dart
done AcbccaBCCC uncovered-dart
done AcbccaCBCC uncovered-dart
done AcbccaCCBC uncovered-dart
done AcbccaCCCB uncovered-dart
done AccBBCCabb uncovered-dart
done AccBBCCbab uncovered-dart
done AccBBCaCbb uncovered-dart
done AccBBCabCb uncovered-dart
done AccBBCabbC uncovered-dart
done AccBBCbCab uncovered-dart
done AccBBCbaCb uncovered-dart
done AccBBCbabC uncovered-dart
done AccBBCbbaC uncovered-dart
done AccBCBCabb uncovered-dart
done AccBCBCbab uncovered-dart
done AccBCCCabc uncovered-dart
done AccBCCCacb uncovered-dart
done AccBCCCbac uncovered-dart
done AccBCCaCbc uncovered-dart
done AccBCCacbC uncovered-dart
done AccBCCbCac uncovered-dart
done AccBCCbbaB uncovered-dart
done AccBCCbcaC uncovered-dart
done AccBCaBCbb uncovered-dart
done AccBCaCCbc uncovered-dart
done AccBCabbCB uncovered-dart
done AccBCacbCC uncovered-dart
done AccBCbCCac uncovered-dart
done AccBCbCbaB uncovered-dart
done AccBCbaBCb uncovered-dart
done AccBCbabCB uncovered-dart
done AccBCbbCaB uncovered-dart
done AccBCbbaBC uncovered-dart
done AccBCbbaCB uncovered-dart
done AccBCbcaCC uncovered-dart
done AccBcaCCCb uncovered-dart
done AccBcaCCbC uncovered-dart
done AccBcaCbCC uncovered-dart
done AccBcabCCC uncovered-dart
done AccBcbCCaC uncovered-dart
done AccBcbCaCC uncovered-dart
done AccBcbaCCC uncovered-dart
done AccaBBCCbb uncovered-dart
done AccaBBCbCb uncovered-dart
done AccaBBCbbC uncovered-dart
done AccaBCBCbb uncovered-dart
done AccaBCCCbc uncovered-dart
done AccaBCbbCB uncovered-dart
done AccaBcbCCC uncovered-dart
done AccaCBBCbb uncovered-dart
done AccaCBCCbc uncovered-dart
done AccaCBcbCC uncovered-dart
done AccaCCBCbc uncovered-dart
done AccaCCBcbC uncovered-dart
done AccaCCCBcb uncovered-dart
done AccaCCCbcB uncovered-dart
done AccaCCbCBc uncovered-dart
done AccaCCbcBC uncovered-dart
done AccaCbCCBc uncovered-dart
done AccaCbbCBB uncovered-dart
done AccaCbcBCC uncovered-dart
done AccabCBBCb uncovered-dart
done AccabCCCBc uncovered-dart
done AccabCbCBB uncovered-dart
done AccabbCBBC uncovered-dart
done AccabbCBCB uncovered-dart
done AccabbCCBB uncovered-dart
done AccabcBCCC uncovered-dart
done AccacBCCCb uncovered-dart
done AccacBCCbC uncovered-dart
done AccacBCbCC uncovered-dart
done AccacbCBCC uncovered-dart
done AccacbCCBC uncovered-dart
done AccacbCCCB uncovered-dart
done AccbCBBCab uncovered-dart
done AccbCBCCac uncovered-dart
done AccbCBCbaB uncovered-dart
done AccbCBcaCC uncovered-dart
done AccbCCBCac uncovered-dart
done AccbCCBcaC uncovered-dart
done AccbCCCaBc uncovered-dart
done AccbCCCacB uncovered-dart
done AccbCCaCBc uncovered-dart
done AccbCCacBC uncovered-dart
done AccbCCbaBB uncovered-dart
done AccbCaBBCb uncovered-dart
done AccbCaCCBc uncovered-dart
done AccbCabCBB uncovered-dart
done AccbCacBCC uncovered-dart
done AccbCbCaBB uncovered-dart
done AccbCbaBBC uncovered-dart
done AccbCbaBCB uncovered-dart
done AccbCbaCBB uncovered-dart
done AccbaBBCCb uncovered-dart
done AccbaBBCbC uncovered-dart
done AccbaBCBCb uncovered-dart
done AccbaBCbCB uncovered-dart
done AccbaCBBCb uncovered-dart
done AccbaCCCBc uncovered-dart
done AccbaCbCBB uncovered-dart
done AccbabCBBC uncovered-dart
done AccbabCBCB uncovered-dart
done AccbabCCBB uncovered-dart
done AccbacBCCC uncovered-dart
done AccbbCBCaB uncovered-dart
done AccbbCCaBB uncovered-dart
done AccbbCaBBC uncovered-dart
done AccbbCaBCB uncovered-dart
done AccbbCaCBB uncovered-dart
done AccbbaBBCC uncovered-dart
done AccbbaBCBC uncovered-dart
done AccbbaBCCB uncovered-dart
done AccbbaCBBC uncovered-dart
done AccbbaCBCB uncovered-dart
done AccbbaCCBB uncovered-dart
done AccbcBCCaC uncovered-dart
done AccbcBCaCC uncovered-dart
done AccbcaBCCC uncovered-dart
done AccbcaCBCC uncovered-dart
done AccbcaCCBC uncovered-dart
done AccbcaCCCB uncovered-dart
done AcccBCCCab uncovered-dart
done AcccBCCaCb uncovered-dart
done AcccBCCabC uncovered-dart
done AcccBCCbaC uncovered-dart
done AcccBCaCCb uncovered-dart
done AcccBCaCbC uncovered-dart
done AcccBCabCC uncovered-dart
done AcccBCbCaC uncovered-dart
done AcccBCbaCC uncovered-dart
done AcccaBCCCb uncovered-dart
done AcccaBCCbC uncovered-dart
done AcccaBCbCC uncovered-dart
done AcccaCBCCb uncovered-dart
done AcccaCBCbC uncovered-dart
done AcccaCCBCb uncovered-dart
done AcccaCCbCB uncovered-dart
done AcccaCbCBC uncovered-dart
done AcccaCbCCB uncovered-dart
done AcccabCBCC uncovered-dart
done AcccabCCBC uncovered-dart
done AcccabCCCB uncovered-dart
done AcccbCBCaC uncovered-dart
done AcccbCCCaB uncovered-dart
done AcccbCCaBC uncovered-dart
done AcccbCCaCB uncovered-dart
done AcccbCaBCC uncovered-dart
done AcccbCaCBC uncovered-dart
done AcccbCaCCB uncovered-dart
done AcccbaBCCC uncovered-dart
done AcccbaCBCC uncovered-dart
done AcccbaCCBC uncovered-dart
done AcccbaCCCB uncovered-dart
done AccccaCCCC uncovered-dart
done BBBBCbbbbc uncovered-dart
done BBBBcbbbbC uncovered-dart
done BBBCCbbbcc uncovered-dart
done BBBCCbbcbc uncovered-dart
done BBBCCbcbbc uncovered-dart
done BBBCbCbbcc uncovered-dart
done BBBCbCbcbc uncovered-dart
done BBBCbbCbcc uncovered-dart
done BBBCbbccbC uncovered-dart
done BBBCbcbCbc uncovered-dart
done BBBCbcbcbC uncovered-dart
done BBBCbccbbC uncovered-dart
done BBBcbCCbbc uncovered-dart
done BBBcbCbCbc uncovered-dart
done BBBcbCbcbC uncovered-dart
done BBBcbbCCbc uncovered-dart
done BBBcbbcbCC uncovered-dart
done BBBcbcbCbC uncovered-dart
done BBBcbcbbCC uncovered-dart
done BBBccbCbbC uncovered-dart
done BBBccbbCbC uncovered-dart
done BBBccbbbCC uncovered-dart
done BBCBCbbbcc uncovered-dart
done BBCBCbbcbc uncovered-dart
done BBCBCbcbbc uncovered-dart
done BBCBcbCbbc uncovered-dart
done BBCBcbbCbc uncovered-dart
done BBCBcbbcbC uncovered-dart
done BBCBcbcbbC uncovered-dart
done BBCBccbbbC uncovered-dart
done BBCCBcbbbc uncovered-dart
done BBCCCbbccc uncovered-dart
done BBCCCbcbcc uncovered-dart
done BBCCCbccbc uncovered-dart
done BBCCbCbccc uncovered-dart
done BBCCbbbcBc uncovered-dart
done BBCCbcccbC uncovered-dart
done BBCbCBcbbc uncovered-dart
done BBCbCCbccc uncovered-dart
done BBCbCbbcBc uncovered-dart
done BBCbbCBcbc uncovered-dart
done BBCbbCbcBc uncovered-dart
done BBCbbbCBcc uncovered-dart
done BBCbbbccBC uncovered-dart
done BBCbbcBCbc uncovered-dart
done BBCbbcBcbC uncovered-dart
done BBCbbcbCBc uncovered-dart
done BBCbbcbcBC uncovered-dart
done BBCbcBCbbc uncovered-dart
done BBCbcBcbbC uncovered-dart
done BBCbcbbCBc uncovered-dart
done BBCbcbbcBC uncovered-dart
done BBCbcccbCC uncovered-dart
done BBcBCCbbbc uncovered-dart
done BBcBCbCbbc uncovered-dart
done BBcBCbbCbc uncovered-dart
done BBcBCbbcbC uncovered-dart
done BBcBCbcbbC uncovered-dart
done BBcBcbCbbC uncovered-dart
done BBcBcbbCbC uncovered-dart
done BBcBcbbbCC uncovered-dart
done BBcbCBCbbc uncovered-dart
done BBcbCBcbbC uncovered-dart
done BBcbCCCbcc uncovered-dart
done BBcbCbbCBc uncovered-dart
done BBcbCbbcBC uncovered-dart
done BBcbbCBCbc uncovered-dart
done BBcbbCBcbC uncovered-dart
done BBcbbCbCBc uncovered-dart
done BBcbbCbcBC uncovered-dart
done BBcbbbCCBc uncovered-dart
done BBcbbbcBCC uncovered-dart
done BBcbbcBCbC uncovered-dart
done BBcbbcbCBC uncovered-dart
done BBcbcBCbbC uncovered-dart
done BBcbcbbCBC uncovered-dart
done BBcbccbCCC uncovered-dart
done BBccBCbbbC uncovered-dart
done BBccbCCCbc uncovered-dart
done BBccbbbCBC uncovered-dart
done BBccbcbCCC uncovered-dart
done BBcccbCCbC uncovered-dart
done BBcccbCbCC uncovered-dart
done BBcccbbCCC uncovered-dart
done BCBCBcbbbc uncovered-dart
done BCBCCbbccc uncovered-dart
done BCBCCbcbcc uncovered-dart
done BCBCCbccbc uncovered-dart
done BCBCbCbccc uncovered-dart
done BCBCbbbcBc uncovered-dart
done BCBCbcccbC uncovered-dart
done BCBcBCbbbc uncovered-dart
done BCBcBcbbbC uncovered-dart
done BCBcbCCbcc uncovered-dart
done BCBcbbbCBc uncovered-dart
done BCBcbccbCC uncovered-dart
done BCBccbCCbc uncovered-dart
done BCBccbcbCC uncovered-dart
done BCBcccbCbC uncovered-dart
done BCBcccbbCC uncovered-dart
done BCCBCbbccc uncovered-dart
done BCCBCbcbcc uncovered-dart
done BCCBCbccbc uncovered-dart
done BCCBcbCbcc uncovered-dart
done BCCBcbccbC uncovered-dart
done BCCBccbCbc uncovered-dart
done BCCBccbcbC uncovered-dart
done BCCBcccbbC uncovered-dart
done BCCCBcbbcc uncovered-dart
done BCCCBcbcbc uncovered-dart
done BCCCBccbbc uncovered-dart
done BCCCCbcccc uncovered-dart
done BCCCbbcBcc uncovered-dart
done BCCCbbccBc uncovered-dart
done BCCCbcBcbc uncovered-dart
done BCCCbcbcBc uncovered-dart
done BCCbCBcbcc uncovered-dart
done BCCbCBccbc uncovered-dart
done BCCbCbcBcc uncovered-dart
done BCCbCbccBc uncovered-dart
done BCCbbCBccc uncovered-dart
done BCCbcBCbcc uncovered-dart
done BCCbcBccbC uncovered-dart
done BCCbcbCBcc uncovered-dart
done BCCbccBCbc uncovered-dart
done BCCbccBcbC uncovered-dart
done BCCbccbCBc uncovered-dart
done BCbCBCbccc uncovered-dart
done BCbCBcccbC uncovered-dart
done BCbCCBcbcc uncovered-dart
done BCbCCBccbc uncovered-dart
done BCbCCbcBcc uncovered-dart
done BCbCCbccBc uncovered-dart
done BCbCbCBccc uncovered-dart
done BCbbCCBccc uncovered-dart
done BCbbbCBcBc uncovered-dart
done BCbcBccbCC uncovered-dart
done BCbcbCCBcc uncovered-dart
done BCbccBcbCC uncovered-dart
done BCbccbCCBc uncovered-dart
done BcBcbCCCbc uncovered-dart
done BcBcbcbCCC uncovered-dart
done BcBccbCCbC uncovered-dart
done BcBccbCbCC uncovered-dart
done BcBccbbCCC uncovered-dart
done BcbCBccbCC uncovered-dart
done BcbCCBccbC uncovered-dart
done BcbCCCBcbc uncovered-dart
done BcbCCbCBcc uncovered-dart
done BcbCbCCBcc uncovered-dart
done BcbbCCCBcc uncovered-dart
done BccccbCCCC uncovered-dart
stats {('uncovered-dart', True): 4236, ('farkas', True): 4} time 23.6
