phi0 {'a': 'b', 'b': 'c', 'c': 'ab'} m 1 phi {'a': 'b', 'b': 'c', 'c': 'ab'} gates abcCBC maxval 4 words 4240 (all legal primitive zero-homology cyclic words, len<=10, |w|+|f(w)|<=600)
done ABab uncovered-dart
done AbaB uncovered-dart
done BCbc uncovered-dart
done BcbC uncovered-dart
done AABaab uncovered-dart
done AAbaaB uncovered-dart
done ABBabb uncovered-dart
done ABCacb uncovered-dart
done ABacbC uncovered-dart
done ABcabC uncovered-dart
done ACBacb uncovered-dart
done ACBcab uncovered-dart
done ACaBcb uncovered-dart
done ACabcB uncovered-dart
done ACbacB uncovered-dart
done ACbcaB uncovered-dart
done AbCacB uncovered-dart
done AbacBC uncovered-dart
done AbbaBB uncovered-dart
done AbcaBC uncovered-dart
done AcBCab uncovered-dart
done AcBabC uncovered-dart
done AcaBCb uncovered-dart
done AcabCB uncovered-dart
done AcbCaB uncovered-dart
done AcbaBC uncovered-dart
done BBCbbc uncovered-dart
done BBcbbC uncovered-dart
done BCCbcc uncovered-dart
done BccbCC uncovered-dart
done AAABaaab uncovered-dart
done AAAbaaaB uncovered-dart
done AABBaabb uncovered-dart
done AABBabab uncovered-dart
done AABCaacb uncovered-dart
done AABCacab uncovered-dart
done AABaBabb uncovered-dart
done AABaacbC uncovered-dart
done AABabbaB uncovered-dart
done AABacabC uncovered-dart
done AABcaabC uncovered-dart
done AACBaacb uncovered-dart
done AACBacab uncovered-dart
done AACBcaab uncovered-dart
done AACaBacb uncovered-dart
done AACaBcab uncovered-dart
done AACaaBcb uncovered-dart
done AACaabcB uncovered-dart
done AACabacB uncovered-dart
done AACabcaB uncovered-dart
done AACacBab uncovered-dart
done AACacbaB uncovered-dart
done AACbaacB uncovered-dart
done AACbacaB uncovered-dart
done AACbcaaB uncovered-dart
done AAbCaacB uncovered-dart
done AAbCacaB uncovered-dart
done AAbaBBab uncovered-dart
done AAbaacBC uncovered-dart
done AAbabaBB uncovered-dart
done AAbacaBC uncovered-dart
done AAbbaBaB uncovered-dart
done AAbbaaBB uncovered-dart
done AAbcaaBC uncovered-dart
done AAcBCaab uncovered-dart
done AAcBaabC uncovered-dart
done AAcaBCab uncovered-dart
done AAcaBabC uncovered-dart
done AAcaaBCb uncovered-dart
done AAcaabCB uncovered-dart
done AAcabCaB uncovered-dart
done AAcabaBC uncovered-dart
done AAcbCaaB uncovered-dart
done AAcbaaBC uncovered-dart
done ABABaabb uncovered-dart
done ABABabab uncovered-dart
done ABACaacb uncovered-dart
done ABACacab uncovered-dart
done ABAbaBab uncovered-dart
done ABAbabaB uncovered-dart
done ABAbbaaB uncovered-dart
done ABAcaabC uncovered-dart
done ABBAbaab uncovered-dart
done ABBBabbb uncovered-dart
done ABBCabcb uncovered-dart
done ABBCacbb uncovered-dart
done ABBCbacb uncovered-dart
done ABBCbcab uncovered-dart
done ABBaabAb uncovered-dart
done ABBabcbC uncovered-dart
done ABBacbCb uncovered-dart
done ABBacbbC uncovered-dart
done ABBcabCb uncovered-dart
done ABBcabbC uncovered-dart
done ABBcbCab uncovered-dart
done ABBcbabC uncovered-dart
done ABCAcaab uncovered-dart
done ABCBabcb uncovered-dart
done ABCBacbb uncovered-dart
done ABCBcabb uncovered-dart
done ABCBcbab uncovered-dart
done ABCCaccb uncovered-dart
done ABCaBcbb uncovered-dart
done ABCabbcB uncovered-dart
done ABCaccbC uncovered-dart
done ABCbaBcb uncovered-dart
done ABCbabcB uncovered-dart
done ABCbbacB uncovered-dart
done ABCbbcaB uncovered-dart
done ABCbcBab uncovered-dart
done ABCbcbaB uncovered-dart
done ABaBAbab uncovered-dart
done ABaBCbcb uncovered-dart
done ABaBabAb uncovered-dart
done ABaBcbCb uncovered-dart
done ABaBcbbC uncovered-dart
done ABaaBAbb uncovered-dart
done ABaacbAC uncovered-dart
done ABabAbaB uncovered-dart
done ABabCBcb uncovered-dart
done ABabCbcB uncovered-dart
done ABabaBAb uncovered-dart
done ABabbcBC uncovered-dart
done ABabcBCb uncovered-dart
done ABabcbCB uncovered-dart
done ABacBCbb uncovered-dart
done ABacabAC uncovered-dart
done ABacbbCB uncovered-dart
done ABaccbCC uncovered-dart
done ABcBCabb uncovered-dart
done ABcBCbab uncovered-dart
done ABcBabCb uncovered-dart
done ABcBabbC uncovered-dart
done ABcaBCbb uncovered-dart
done ABcaabAC uncovered-dart
done ABcabbCB uncovered-dart
done ABcacbCC uncovered-dart
done ABcbCBab uncovered-dart
done ABcbCbaB uncovered-dart
done ABcbaBCb uncovered-dart
done ABcbabCB uncovered-dart
done ABcbbCaB uncovered-dart
done ABcbbaBC uncovered-dart
done ABccabCC uncovered-dart
done ACAbaacB uncovered-dart
done ACAbacaB uncovered-dart
done ACAbcaaB uncovered-dart
done ACAcBaab uncovered-dart
done ACAcaBab uncovered-dart
done ACAcabaB uncovered-dart
done ACAcbaaB uncovered-dart
done ACBAcaab uncovered-dart
done ACBBabcb uncovered-dart
done ACBBacbb uncovered-dart
done ACBBcabb uncovered-dart
done ACBBcbab uncovered-dart
done ACBCaccb uncovered-dart
done ACBaBcbb uncovered-dart
done ACBabbcB uncovered-dart
done ACBaccbC uncovered-dart
done ACBcBabb uncovered-dart
done ACBcacbC uncovered-dart
done ACBcbbaB uncovered-dart
done ACBccabC uncovered-dart
done ACCBaccb uncovered-dart
done ACCBcacb uncovered-dart
done ACCBccab uncovered-dart
done ACCaBccb uncovered-dart
done ACCabccB uncovered-dart
done ACCacBcb uncovered-dart
done ACCacbcB uncovered-dart
done ACCbaccB uncovered-dart
done ACCbcacB uncovered-dart
done ACCbccaB uncovered-dart
done ACaBAcab uncovered-dart
done ACaBBcbb uncovered-dart
done ACaBccbC uncovered-dart
done ACaaBAcb uncovered-dart
done ACaabAcB uncovered-dart
done ACaacBAb uncovered-dart
done ACabAcaB uncovered-dart
done ACabbcBB uncovered-dart
done ACabccBC uncovered-dart
done ACacBcbC uncovered-dart
done ACacaBAb uncovered-dart
done ACacbcBC uncovered-dart
done ACaccBCb uncovered-dart
done ACaccbCB uncovered-dart
done ACbAcaaB uncovered-dart
done ACbCaccB uncovered-dart
done ACbaBBcb uncovered-dart
done ACbabcBB uncovered-dart
done ACbaccBC uncovered-dart
done ACbbaBcB uncovered-dart
done ACbbacBB uncovered-dart
done ACbbcBaB uncovered-dart
done ACbbcaBB uncovered-dart
done ACbcBBab uncovered-dart
done ACbcacBC uncovered-dart
done ACbcbaBB uncovered-dart
done ACbccaBC uncovered-dart
done AbAbaBaB uncovered-dart
done AbAbaaBB uncovered-dart
done AbAcaaBC uncovered-dart
done AbCAcaaB uncovered-dart
done AbCBBacb uncovered-dart
done AbCBBcab uncovered-dart
done AbCBaBcb uncovered-dart
done AbCBabcB uncovered-dart
done AbCBcBab uncovered-dart
done AbCBcbaB uncovered-dart
done AbCCaccB uncovered-dart
done AbCaBBcb uncovered-dart
done AbCabcBB uncovered-dart
done AbCaccBC uncovered-dart
done AbCbaBcB uncovered-dart
done AbCbacBB uncovered-dart
done AbCbcBaB uncovered-dart
done AbCbcaBB uncovered-dart
done AbaBBcbC uncovered-dart
done AbaBCBcb uncovered-dart
done AbaBCbcB uncovered-dart
done AbaBcBCb uncovered-dart
done AbaBcbCB uncovered-dart
done AbabCBcB uncovered-dart
done AbabcBBC uncovered-dart
done AbabcBCB uncovered-dart
done AbacBBCb uncovered-dart
done AbacbCBB uncovered-dart
done AbaccBCC uncovered-dart
done AbbCBacB uncovered-dart
done AbbCBcaB uncovered-dart
done AbbCaBcB uncovered-dart
done AbbCacBB uncovered-dart
done AbbaBcBC uncovered-dart
done AbbacBBC uncovered-dart
done AbbacBCB uncovered-dart
done AbbbaBBB uncovered-dart
done AbbcBCaB uncovered-dart
done AbbcBaBC uncovered-dart
done AbbcaBBC uncovered-dart
done AbbcaBCB uncovered-dart
done AbcBBCab uncovered-dart
done AbcBBabC uncovered-dart
done AbcBCBab uncovered-dart
done AbcBCbaB uncovered-dart
done AbcBaBCb uncovered-dart
done AbcBabCB uncovered-dart
done AbcaBBCb uncovered-dart
done AbcabCBB uncovered-dart
done AbcacBCC uncovered-dart
done AbcbCBaB uncovered-dart
done AbcbCaBB uncovered-dart
done AbcbaBBC uncovered-dart
done AbcbaBCB uncovered-dart
done AbccaBCC uncovered-dart
done AcBBCabb uncovered-dart
done AcBBCbab uncovered-dart
done AcBBabCb uncovered-dart
done AcBBabbC uncovered-dart
done AcBCBabb uncovered-dart
done AcBCCacb uncovered-dart
done AcBCacbC uncovered-dart
done AcBCbbaB uncovered-dart
done AcBaBCbb uncovered-dart
done AcBabbCB uncovered-dart
done AcBacbCC uncovered-dart
done AcBcabCC uncovered-dart
done AcaBBCbb uncovered-dart
done AcaBcbCC uncovered-dart
done AcabbCBB uncovered-dart
done AcabcBCC uncovered-dart
done AcacBCCb uncovered-dart
done AcacBCbC uncovered-dart
done AcacbCBC uncovered-dart
done AcacbCCB uncovered-dart
done AcbCBBab uncovered-dart
done AcbCCacB uncovered-dart
done AcbCacBC uncovered-dart
done AcbCbaBB uncovered-dart
done AcbaBBCb uncovered-dart
done AcbabCBB uncovered-dart
done AcbacBCC uncovered-dart
done AcbbCBaB uncovered-dart
done AcbbCaBB uncovered-dart
done AcbbaBBC uncovered-dart
done AcbbaBCB uncovered-dart
done AcbcaBCC uncovered-dart
done AccBCCab uncovered-dart
done AccBCabC uncovered-dart
done AccBabCC uncovered-dart
done AccaBCCb uncovered-dart
done AccaBCbC uncovered-dart
done AccabCBC uncovered-dart
done AccabCCB uncovered-dart
done AccbCCaB uncovered-dart
done AccbCaBC uncovered-dart
done AccbaBCC uncovered-dart
done BBBCbbbc uncovered-dart
done BBBcbbbC uncovered-dart
done BBCCbbcc uncovered-dart
done BBCCbcbc uncovered-dart
done BBCbCbcc uncovered-dart
done BBCbccbC uncovered-dart
done BBcbCCbc uncovered-dart
done BBcbcbCC uncovered-dart
done BBccbCbC uncovered-dart
done BBccbbCC uncovered-dart
done BCBCbbcc uncovered-dart
done BCBCbcbc uncovered-dart
done BCBcbCbc uncovered-dart
done BCBcbcbC uncovered-dart
done BCBccbbC uncovered-dart
done BCCBcbbc uncovered-dart
done BCCCbccc uncovered-dart
done BCCbbcBc uncovered-dart
done BCbCBcbc uncovered-dart
done BCbCbcBc uncovered-dart
done BCbbCBcc uncovered-dart
done BCbcBcbC uncovered-dart
done BCbcbCBc uncovered-dart
done BcBcbCbC uncovered-dart
done BcBcbbCC uncovered-dart
done BcccbCCC uncovered-dart
done AAAABaaaab uncovered-dart
done AAAAbaaaaB uncovered-dart
done AAABBaaabb uncovered-dart
done AAABBaabab uncovered-dart
done AAABBabaab uncovered-dart
done AAABCaaacb uncovered-dart
done AAABCaacab uncovered-dart
done AAABCacaab uncovered-dart
done AAABaBaabb uncovered-dart
done AAABaBabab uncovered-dart
done AAABaaBabb uncovered-dart
done AAABaaacbC uncovered-dart
done AAABaabbaB uncovered-dart
done AAABaacabC uncovered-dart
done AAABabaBab uncovered-dart
done AAABababaB uncovered-dart
done AAABabbaaB uncovered-dart
done AAABacaabC uncovered-dart
done AAABcaaabC uncovered-dart
done AAACBaaacb uncovered-dart
done AAACBaacab uncovered-dart
done AAACBacaab uncovered-dart
done AAACBcaaab uncovered-dart
done AAACaBaacb uncovered-dart
done AAACaBacab uncovered-dart
done AAACaBcaab uncovered-dart
done AAACaaBacb uncovered-dart
done AAACaaBcab uncovered-dart
done AAACaaaBcb uncovered-dart
done AAACaaabcB uncovered-dart
done AAACaabacB uncovered-dart
done AAACaabcaB uncovered-dart
done AAACaacBab uncovered-dart
done AAACaacbaB uncovered-dart
done AAACabaacB uncovered-dart
done AAACabacaB uncovered-dart
done AAACabcaaB uncovered-dart
done AAACacBaab uncovered-dart
done AAACacaBab uncovered-dart
done AAACacabaB uncovered-dart
done AAACacbaaB uncovered-dart
done AAACbaaacB uncovered-dart
done AAACbaacaB uncovered-dart
done AAACbacaaB uncovered-dart
done AAACbcaaaB uncovered-dart
done AAAbCaaacB uncovered-dart
done AAAbCaacaB uncovered-dart
done AAAbCacaaB uncovered-dart
done AAAbaBBaab uncovered-dart
done AAAbaBaBab uncovered-dart
done AAAbaBabaB uncovered-dart
done AAAbaaBBab uncovered-dart
done AAAbaaacBC uncovered-dart
done AAAbaabaBB uncovered-dart
done AAAbaacaBC uncovered-dart
done AAAbabaBaB uncovered-dart
done AAAbabaaBB uncovered-dart
done AAAbacaaBC uncovered-dart
done AAAbbaBaaB uncovered-dart
done AAAbbaaBaB uncovered-dart
done AAAbbaaaBB uncovered-dart
done AAAbcaaaBC uncovered-dart
done AAAcBCaaab uncovered-dart
done AAAcBaaabC uncovered-dart
done AAAcaBCaab uncovered-dart
done AAAcaBaabC uncovered-dart
done AAAcaaBCab uncovered-dart
done AAAcaaBabC uncovered-dart
done AAAcaaaBCb uncovered-dart
done AAAcaaabCB uncovered-dart
done AAAcaabCaB uncovered-dart
done AAAcaabaBC uncovered-dart
done AAAcabCaaB uncovered-dart
done AAAcabaaBC uncovered-dart
done AAAcbCaaaB uncovered-dart
done AAAcbaaaBC uncovered-dart
done AABABaaabb uncovered-dart
done AABABaabab uncovered-dart
done AABABabaab uncovered-dart
done AABACaaacb uncovered-dart
done AABACaacab uncovered-dart
done AABACacaab uncovered-dart
done AABAbaBaab uncovered-dart
done AABAbaaBab uncovered-dart
done AABAbaabaB uncovered-dart
done AABAbabaaB uncovered-dart
done AABAbbaaaB uncovered-dart
done AABAcaaabC uncovered-dart
done AABBAbaaab uncovered-dart
done AABBBaabbb uncovered-dart
done AABBBababb uncovered-dart
done AABBBabbab uncovered-dart
done AABBCaabcb uncovered-dart
done AABBCaacbb uncovered-dart
done AABBCabacb uncovered-dart
done AABBCabcab uncovered-dart
done AABBCacabb uncovered-dart
done AABBCacbab uncovered-dart
done AABBCbaacb uncovered-dart
done AABBCbacab uncovered-dart
done AABBCbcaab uncovered-dart
done AABBaBabbb uncovered-dart
done AABBaaabAb uncovered-dart
done AABBaabcbC uncovered-dart
done AABBaacbCb uncovered-dart
done AABBaacbbC uncovered-dart
done AABBabCacb uncovered-dart
done AABBabacbC uncovered-dart
done AABBabbbaB uncovered-dart
done AABBabcabC uncovered-dart
done AABBacabCb uncovered-dart
done AABBacabbC uncovered-dart
done AABBacbCab uncovered-dart
done AABBacbabC uncovered-dart
done AABBcaabCb uncovered-dart
done AABBcaabbC uncovered-dart
done AABBcabCab uncovered-dart
done AABBcababC uncovered-dart
done AABBcbCaab uncovered-dart
done AABBcbaabC uncovered-dart
done AABCAcaaab uncovered-dart
done AABCBaabcb uncovered-dart
done AABCBaacbb uncovered-dart
done AABCBabacb uncovered-dart
done AABCBabcab uncovered-dart
done AABCBacabb uncovered-dart
done AABCBacbab uncovered-dart
done AABCBcaabb uncovered-dart
done AABCBcabab uncovered-dart
done AABCBcbaab uncovered-dart
done AABCCaaccb uncovered-dart
done AABCCacacb uncovered-dart
done AABCCaccab uncovered-dart
done AABCaBabcb uncovered-dart
done AABCaBacbb uncovered-dart
done AABCaBcabb uncovered-dart
done AABCaBcbab uncovered-dart
done AABCaaBcbb uncovered-dart
done AABCaabbcB uncovered-dart
done AABCaaccbC uncovered-dart
done AABCabaBcb uncovered-dart
done AABCababcB uncovered-dart
done AABCabbacB uncovered-dart
done AABCabbcaB uncovered-dart
done AABCabcBab uncovered-dart
done AABCabcbaB uncovered-dart
done AABCacBabb uncovered-dart
done AABCacacbC uncovered-dart
done AABCacbbaB uncovered-dart
done AABCaccabC uncovered-dart
done AABCbaBacb uncovered-dart
done AABCbaBcab uncovered-dart
done AABCbaaBcb uncovered-dart
done AABCbaabcB uncovered-dart
done AABCbabacB uncovered-dart
done AABCbabcaB uncovered-dart
done AABCbacBab uncovered-dart
done AABCbacbaB uncovered-dart
done AABCbbaacB uncovered-dart
done AABCbbacaB uncovered-dart
done AABCbbcaaB uncovered-dart
done AABCbcBaab uncovered-dart
done AABCbcaBab uncovered-dart
done AABCbcabaB uncovered-dart
done AABCbcbaaB uncovered-dart
done AABaBAbaab uncovered-dart
done AABaBBabbb uncovered-dart
done AABaBCabcb uncovered-dart
done AABaBCacbb uncovered-dart
done AABaBCbacb uncovered-dart
done AABaBCbcab uncovered-dart
done AABaBaabAb uncovered-dart
done AABaBabcbC uncovered-dart
done AABaBacbCb uncovered-dart
done AABaBacbbC uncovered-dart
done AABaBcabCb uncovered-dart
done AABaBcabbC uncovered-dart
done AABaBcbCab uncovered-dart
done AABaBcbabC uncovered-dart
done AABaaBAbab uncovered-dart
done AABaaBCbcb uncovered-dart
done AABaaBabAb uncovered-dart
done AABaaBcbCb uncovered-dart
done AABaaBcbbC uncovered-dart
done AABaaaBAbb uncovered-dart
done AABaaabbAB uncovered-dart
done AABaaacbAC uncovered-dart
done AABaabABab uncovered-dart
done AABaabAbaB uncovered-dart
done AABaabCBcb uncovered-dart
done AABaabCbcB uncovered-dart
done AABaabaBAb uncovered-dart
done AABaababAB uncovered-dart
done AABaabbcBC uncovered-dart
done AABaabcBCb uncovered-dart
done AABaabcbCB uncovered-dart
done AABaacBCbb uncovered-dart
done AABaacabAC uncovered-dart
done AABaacbbCB uncovered-dart
done AABaaccbCC uncovered-dart
done AABabABaab uncovered-dart
done AABabAbaaB uncovered-dart
done AABabCBacb uncovered-dart
done AABabCBcab uncovered-dart
done AABabCaBcb uncovered-dart
done AABabCabcB uncovered-dart
done AABabCbacB uncovered-dart
done AABabCbcaB uncovered-dart
done AABabaBcbC uncovered-dart
done AABabaaBAb uncovered-dart
done AABabaabAB uncovered-dart
done AABababcBC uncovered-dart
done AABabacBCb uncovered-dart
done AABabacbCB uncovered-dart
done AABabbCacB uncovered-dart
done AABabbacBC uncovered-dart
done AABabbbaBB uncovered-dart
done AABabbcaBC uncovered-dart
done AABabcBCab uncovered-dart
done AABabcBabC uncovered-dart
done AABabcaBCb uncovered-dart
done AABabcabCB uncovered-dart
done AABabcbCaB uncovered-dart
done AABabcbaBC uncovered-dart
done AABacBCabb uncovered-dart
done AABacBCbab uncovered-dart
done AABacBabCb uncovered-dart
done AABacBabbC uncovered-dart
done AABacaBCbb uncovered-dart
done AABacaabAC uncovered-dart
done AABacabbCB uncovered-dart
done AABacacbCC uncovered-dart
done AABacbCBab uncovered-dart
done AABacbCbaB uncovered-dart
done AABacbaBCb uncovered-dart
done AABacbabCB uncovered-dart
done AABacbbCaB uncovered-dart
done AABacbbaBC uncovered-dart
done AABaccabCC uncovered-dart
done AABcBCaabb uncovered-dart
done AABcBCabab uncovered-dart
done AABcBCbaab uncovered-dart
done AABcBaabCb uncovered-dart
done AABcBaabbC uncovered-dart
done AABcBabCab uncovered-dart
done AABcBababC uncovered-dart
done AABcaBCabb uncovered-dart
done AABcaBCbab uncovered-dart
done AABcaBabCb uncovered-dart
done AABcaBabbC uncovered-dart
done AABcaaBCbb uncovered-dart
done AABcaaabAC uncovered-dart
done AABcaabbCB uncovered-dart
done AABcaacbCC uncovered-dart
done AABcabCBab uncovered-dart
done AABcabCbaB uncovered-dart
done AABcabaBCb uncovered-dart
done AABcababCB uncovered-dart
done AABcabbCaB uncovered-dart
done AABcabbaBC uncovered-dart
done AABcacabCC uncovered-dart
done AABcbCBaab uncovered-dart
done AABcbCaBab uncovered-dart
done AABcbCabaB uncovered-dart
done AABcbCbaaB uncovered-dart
done AABcbaBCab uncovered-dart
done AABcbaBabC uncovered-dart
done AABcbaaBCb uncovered-dart
done AABcbaabCB uncovered-dart
done AABcbabCaB uncovered-dart
done AABcbabaBC uncovered-dart
done AABcbbCaaB uncovered-dart
done AABcbbaaBC uncovered-dart
done AABccaabCC uncovered-dart
done AACABaaacb uncovered-dart
done AACABaacab uncovered-dart
done AACABacaab uncovered-dart
done AACABcaaab uncovered-dart
done AACAbaaacB uncovered-dart
done AACAbaacaB uncovered-dart
done AACAbacaaB uncovered-dart
done AACAbcaaaB uncovered-dart
done AACAcBaaab uncovered-dart
done AACAcaBaab uncovered-dart
done AACAcaaBab uncovered-dart
done AACAcaabaB uncovered-dart
done AACAcabaaB uncovered-dart
done AACAcbaaaB uncovered-dart
done AACBAcaaab uncovered-dart
done AACBBaabcb uncovered-dart
done AACBBaacbb uncovered-dart
done AACBBabacb uncovered-dart
done AACBBabcab uncovered-dart
done AACBBacabb uncovered-dart
done AACBBacbab uncovered-dart
done AACBBcaabb uncovered-dart
done AACBBcabab uncovered-dart
done AACBBcbaab uncovered-dart
done AACBCaaccb uncovered-dart
done AACBCacacb uncovered-dart
done AACBCaccab uncovered-dart
done AACBaBabcb uncovered-dart
done AACBaBacbb uncovered-dart
done AACBaBcabb uncovered-dart
done AACBaBcbab uncovered-dart
done AACBaaBcbb uncovered-dart
done AACBaabbcB uncovered-dart
done AACBaaccbC uncovered-dart
done AACBabaBcb uncovered-dart
done AACBababcB uncovered-dart
done AACBabbacB uncovered-dart
done AACBabbcaB uncovered-dart
done AACBabcBab uncovered-dart
done AACBabcbaB uncovered-dart
done AACBacBabb uncovered-dart
done AACBacacbC uncovered-dart
done AACBacbbaB uncovered-dart
done AACBaccabC uncovered-dart
done AACBcBaabb uncovered-dart
done AACBcBabab uncovered-dart
done AACBcaBabb uncovered-dart
done AACBcaacbC uncovered-dart
done AACBcabbaB uncovered-dart
done AACBcacabC uncovered-dart
done AACBcbaBab uncovered-dart
done AACBcbabaB uncovered-dart
done AACBcbbaaB uncovered-dart
done AACBccaabC uncovered-dart
done AACCBaaccb uncovered-dart
done AACCBacacb uncovered-dart
done AACCBaccab uncovered-dart
done AACCBcaacb uncovered-dart
done AACCBcacab uncovered-dart
done AACCBccaab uncovered-dart
done AACCaBaccb uncovered-dart
done AACCaBcacb uncovered-dart
done AACCaBccab uncovered-dart
done AACCaaBccb uncovered-dart
done AACCaabccB uncovered-dart
done AACCaacBcb uncovered-dart
done AACCaacbcB uncovered-dart
done AACCabaccB uncovered-dart
done AACCabcacB uncovered-dart
done AACCabccaB uncovered-dart
done AACCacBacb uncovered-dart
done AACCacBcab uncovered-dart
done AACCacaBcb uncovered-dart
done AACCacabcB uncovered-dart
done AACCacbacB uncovered-dart
done AACCacbcaB uncovered-dart
done AACCaccBab uncovered-dart
done AACCaccbaB uncovered-dart
done AACCbaaccB uncovered-dart
done AACCbacacB uncovered-dart
done AACCbaccaB uncovered-dart
done AACCbcaacB uncovered-dart
done AACCbcacaB uncovered-dart
done AACCbccaaB uncovered-dart
done AACaBAcaab uncovered-dart
done AACaBBabcb uncovered-dart
done AACaBBacbb uncovered-dart
done AACaBBcabb uncovered-dart
done AACaBBcbab uncovered-dart
done AACaBCaccb uncovered-dart
done AACaBaBcbb uncovered-dart
done AACaBabbcB uncovered-dart
done AACaBaccbC uncovered-dart
done AACaBcBabb uncovered-dart
done AACaBcacbC uncovered-dart
done AACaBcbbaB uncovered-dart
done AACaBccabC uncovered-dart
done AACaaBAcab uncovered-dart
done AACaaBBcbb uncovered-dart
done AACaaBccbC uncovered-dart
done AACaaaBAcb uncovered-dart
done AACaaabAcB uncovered-dart
done AACaaacBAb uncovered-dart
done AACaaacbAB uncovered-dart
done AACaabAcaB uncovered-dart
done AACaabbcBB uncovered-dart
done AACaabccBC uncovered-dart
done AACaacBcbC uncovered-dart
done AACaacaBAb uncovered-dart
done AACaacabAB uncovered-dart
done AACaacbcBC uncovered-dart
done AACaaccBCb uncovered-dart
done AACaaccbCB uncovered-dart
done AACabAcaaB uncovered-dart
done AACabCaccB uncovered-dart
done AACabaBBcb uncovered-dart
done AACababcBB uncovered-dart
done AACabaccBC uncovered-dart
done AACabbaBcB uncovered-dart
done AACabbacBB uncovered-dart
done AACabbcBaB uncovered-dart
done AACabbcaBB uncovered-dart
done AACabcBBab uncovered-dart
done AACabcacBC uncovered-dart
done AACabcbaBB uncovered-dart
done AACabccaBC uncovered-dart
done AACacBBabb uncovered-dart
done AACacBCacb uncovered-dart
done AACacBacbC uncovered-dart
done AACacBcabC uncovered-dart
done AACacaBcbC uncovered-dart
done AACacaaBAb uncovered-dart
done AACacaabAB uncovered-dart
done AACacabcBC uncovered-dart
done AACacacBCb uncovered-dart
done AACacacbCB uncovered-dart
done AACacbCacB uncovered-dart
done AACacbacBC uncovered-dart
done AACacbbaBB uncovered-dart
done AACacbcaBC uncovered-dart
done AACaccBCab uncovered-dart
done AACaccBabC uncovered-dart
done AACaccaBCb uncovered-dart
done AACaccabCB uncovered-dart
done AACaccbCaB uncovered-dart
done AACaccbaBC uncovered-dart
done AACbAcaaaB uncovered-dart
done AACbCaaccB uncovered-dart
done AACbCacacB uncovered-dart
done AACbCaccaB uncovered-dart
done AACbaBBacb uncovered-dart
done AACbaBBcab uncovered-dart
done AACbaBaBcb uncovered-dart
done AACbaBabcB uncovered-dart
done AACbaBcBab uncovered-dart
done AACbaBcbaB uncovered-dart
done AACbaaBBcb uncovered-dart
done AACbaabcBB uncovered-dart
done AACbaaccBC uncovered-dart
done AACbabaBcB uncovered-dart
done AACbabacBB uncovered-dart
done AACbabcBaB uncovered-dart
done AACbabcaBB uncovered-dart
done AACbacBBab uncovered-dart
done AACbacacBC uncovered-dart
done AACbacbaBB uncovered-dart
done AACbaccaBC uncovered-dart
done AACbbaBacB uncovered-dart
done AACbbaBcaB uncovered-dart
done AACbbaaBcB uncovered-dart
done AACbbaacBB uncovered-dart
done AACbbacBaB uncovered-dart
done AACbbacaBB uncovered-dart
done AACbbcBaaB uncovered-dart
done AACbbcaBaB uncovered-dart
done AACbbcaaBB uncovered-dart
done AACbcBBaab uncovered-dart
done AACbcBaBab uncovered-dart
done AACbcBabaB uncovered-dart
done AACbcaBBab uncovered-dart
done AACbcaacBC uncovered-dart
done AACbcabaBB uncovered-dart
done AACbcacaBC uncovered-dart
done AACbcbaBaB uncovered-dart
done AACbcbaaBB uncovered-dart
done AACbccaaBC uncovered-dart
done AAbABBaaab uncovered-dart
done AAbABaBaab uncovered-dart
done AAbABaaBab uncovered-dart
done AAbABaabaB uncovered-dart
done AAbABabaaB uncovered-dart
done AAbACaaacB uncovered-dart
done AAbACaacaB uncovered-dart
done AAbACacaaB uncovered-dart
done AAbAbaBaaB uncovered-dart
done AAbAbaaBaB uncovered-dart
done AAbAbaaaBB uncovered-dart
done AAbAcaaaBC uncovered-dart
done AAbCAcaaaB uncovered-dart
done AAbCBBaacb uncovered-dart
done AAbCBBacab uncovered-dart
done AAbCBBcaab uncovered-dart
done AAbCBaBacb uncovered-dart
done AAbCBaBcab uncovered-dart
done AAbCBaaBcb uncovered-dart
done AAbCBaabcB uncovered-dart
done AAbCBabacB uncovered-dart
done AAbCBabcaB uncovered-dart
done AAbCBacBab uncovered-dart
done AAbCBacbaB uncovered-dart
done AAbCBcBaab uncovered-dart
done AAbCBcaBab uncovered-dart
done AAbCBcabaB uncovered-dart
done AAbCBcbaaB uncovered-dart
done AAbCCaaccB uncovered-dart
done AAbCCacacB uncovered-dart
done AAbCCaccaB uncovered-dart
done AAbCaBBacb uncovered-dart
done AAbCaBBcab uncovered-dart
done AAbCaBaBcb uncovered-dart
done AAbCaBabcB uncovered-dart
done AAbCaBcBab uncovered-dart
done AAbCaBcbaB uncovered-dart
done AAbCaaBBcb uncovered-dart
done AAbCaabcBB uncovered-dart
done AAbCaaccBC uncovered-dart
done AAbCabaBcB uncovered-dart
done AAbCabacBB uncovered-dart
done AAbCabcBaB uncovered-dart
done AAbCabcaBB uncovered-dart
done AAbCacBBab uncovered-dart
done AAbCacacBC uncovered-dart
done AAbCacbaBB uncovered-dart
done AAbCaccaBC uncovered-dart
done AAbCbaBacB uncovered-dart
done AAbCbaBcaB uncovered-dart
done AAbCbaaBcB uncovered-dart
done AAbCbaacBB uncovered-dart
done AAbCbacBaB uncovered-dart
done AAbCbacaBB uncovered-dart
done AAbCbcBaaB uncovered-dart
done AAbCbcaBaB uncovered-dart
done AAbCbcaaBB uncovered-dart
done AAbaBABaab uncovered-dart
done AAbaBAbaaB uncovered-dart
done AAbaBBBabb uncovered-dart
done AAbaBBCacb uncovered-dart
done AAbaBBacbC uncovered-dart
done AAbaBBcabC uncovered-dart
done AAbaBCBacb uncovered-dart
done AAbaBCBcab uncovered-dart
done AAbaBCaBcb uncovered-dart
done AAbaBCabcB uncovered-dart
done AAbaBCbacB uncovered-dart
done AAbaBCbcaB uncovered-dart
done AAbaBaBcbC uncovered-dart
done AAbaBaaBAb uncovered-dart
done AAbaBaabAB uncovered-dart
done AAbaBabcBC uncovered-dart
done AAbaBacBCb uncovered-dart
done AAbaBacbCB uncovered-dart
done AAbaBcBCab uncovered-dart
done AAbaBcBabC uncovered-dart
done AAbaBcaBCb uncovered-dart
done AAbaBcabCB uncovered-dart
done AAbaBcbCaB uncovered-dart
done AAbaBcbaBC uncovered-dart
done AAbaaBABab uncovered-dart
done AAbaaBAbaB uncovered-dart
done AAbaaBBcbC uncovered-dart
done AAbaaBCBcb uncovered-dart
done AAbaaBCbcB uncovered-dart
done AAbaaBaBAb uncovered-dart
done AAbaaBabAB uncovered-dart
done AAbaaBcBCb uncovered-dart
done AAbaaBcbCB uncovered-dart
done AAbaaaBBAb uncovered-dart
done AAbaaabABB uncovered-dart
done AAbaaacBAC uncovered-dart
done AAbaabABaB uncovered-dart
done AAbaabCBcB uncovered-dart
done AAbaabaBAB uncovered-dart
done AAbaabcBBC uncovered-dart
done AAbaabcBCB uncovered-dart
done AAbaacBBCb uncovered-dart
done AAbaacaBAC uncovered-dart
done AAbaacbCBB uncovered-dart
done AAbaaccBCC uncovered-dart
done AAbabABaaB uncovered-dart
done AAbabCBacB uncovered-dart
done AAbabCBcaB uncovered-dart
done AAbabCaBcB uncovered-dart
done AAbabCacBB uncovered-dart
done AAbabaBcBC uncovered-dart
done AAbabaaBAB uncovered-dart
done AAbabacBBC uncovered-dart
done AAbabacBCB uncovered-dart
done AAbabbaBBB uncovered-dart
done AAbabcBCaB uncovered-dart
done AAbabcBaBC uncovered-dart
done AAbabcaBBC uncovered-dart
done AAbabcaBCB uncovered-dart
done AAbacBBCab uncovered-dart
done AAbacBBabC uncovered-dart
done AAbacBCBab uncovered-dart
done AAbacBCbaB uncovered-dart
done AAbacBaBCb uncovered-dart
done AAbacBabCB uncovered-dart
done AAbacaBBCb uncovered-dart
done AAbacaaBAC uncovered-dart
done AAbacabCBB uncovered-dart
done AAbacacBCC uncovered-dart
done AAbacbCBaB uncovered-dart
done AAbacbCaBB uncovered-dart
done AAbacbaBBC uncovered-dart
done AAbacbaBCB uncovered-dart
done AAbaccaBCC uncovered-dart
done AAbbABaaaB uncovered-dart
done AAbbCBaacB uncovered-dart
done AAbbCBacaB uncovered-dart
done AAbbCBcaaB uncovered-dart
done AAbbCaBacB uncovered-dart
done AAbbCaBcaB uncovered-dart
done AAbbCaaBcB uncovered-dart
done AAbbCaacBB uncovered-dart
done AAbbCacBaB uncovered-dart
done AAbbCacaBB uncovered-dart
done AAbbaBBBab uncovered-dart
done AAbbaBCacB uncovered-dart
done AAbbaBacBC uncovered-dart
done AAbbaBcaBC uncovered-dart
done AAbbaaBcBC uncovered-dart
done AAbbaaaBAB uncovered-dart
done AAbbaacBBC uncovered-dart
done AAbbaacBCB uncovered-dart
done AAbbabaBBB uncovered-dart
done AAbbacBCaB uncovered-dart
done AAbbacBaBC uncovered-dart
done AAbbacaBBC uncovered-dart
done AAbbacaBCB uncovered-dart
done AAbbbaBBaB uncovered-dart
done AAbbbaBaBB uncovered-dart
done AAbbbaaBBB uncovered-dart
done AAbbcBCaaB uncovered-dart
done AAbbcBaaBC uncovered-dart
done AAbbcaBCaB uncovered-dart
done AAbbcaBaBC uncovered-dart
done AAbbcaaBBC uncovered-dart
done AAbbcaaBCB uncovered-dart
done AAbcBBCaab uncovered-dart
done AAbcBBaabC uncovered-dart
done AAbcBCBaab uncovered-dart
done AAbcBCaBab uncovered-dart
done AAbcBCabaB uncovered-dart
done AAbcBCbaaB uncovered-dart
done AAbcBaBCab uncovered-dart
done AAbcBaBabC uncovered-dart
done AAbcBaaBCb uncovered-dart
done AAbcBaabCB uncovered-dart
done AAbcBabCaB uncovered-dart
done AAbcBabaBC uncovered-dart
done AAbcaBBCab uncovered-dart
done AAbcaBBabC uncovered-dart
done AAbcaBCBab uncovered-dart
done AAbcaBCbaB uncovered-dart
done AAbcaBaBCb uncovered-dart
done AAbcaBabCB uncovered-dart
done AAbcaaBBCb uncovered-dart
done AAbcaaaBAC uncovered-dart
done AAbcaabCBB uncovered-dart
done AAbcaacBCC uncovered-dart
done AAbcabCBaB uncovered-dart
done AAbcabCaBB uncovered-dart
done AAbcabaBBC uncovered-dart
done AAbcabaBCB uncovered-dart
done AAbcacaBCC uncovered-dart
done AAbcbCBaaB uncovered-dart
done AAbcbCaBaB uncovered-dart
done AAbcbCaaBB uncovered-dart
done AAbcbaBCaB uncovered-dart
done AAbcbaBaBC uncovered-dart
done AAbcbaaBBC uncovered-dart
done AAbcbaaBCB uncovered-dart
done AAbccaaBCC uncovered-dart
done AAcBACaaab uncovered-dart
done AAcBBCaabb uncovered-dart
done AAcBBCabab uncovered-dart
done AAcBBCbaab uncovered-dart
done AAcBBaabCb uncovered-dart
done AAcBBaabbC uncovered-dart
done AAcBBabCab uncovered-dart
done AAcBBababC uncovered-dart
done AAcBCBaabb uncovered-dart
done AAcBCBabab uncovered-dart
done AAcBCCaacb uncovered-dart
done AAcBCCacab uncovered-dart
done AAcBCaBabb uncovered-dart
done AAcBCaacbC uncovered-dart
done AAcBCabbaB uncovered-dart
done AAcBCacabC uncovered-dart
done AAcBCbaBab uncovered-dart
done AAcBCbabaB uncovered-dart
done AAcBCbbaaB uncovered-dart
done AAcBaBCabb uncovered-dart
done AAcBaBCbab uncovered-dart
done AAcBaBabCb uncovered-dart
done AAcBaBabbC uncovered-dart
done AAcBaaBCbb uncovered-dart
done AAcBaaabAC uncovered-dart
done AAcBaabbCB uncovered-dart
done AAcBaacbCC uncovered-dart
done AAcBabCBab uncovered-dart
done AAcBabCbaB uncovered-dart
done AAcBabaBCb uncovered-dart
done AAcBababCB uncovered-dart
done AAcBabbCaB uncovered-dart
done AAcBabbaBC uncovered-dart
done AAcBacabCC uncovered-dart
done AAcBcaabCC uncovered-dart
done AAcaBACaab uncovered-dart
done AAcaBBCabb uncovered-dart
done AAcaBBCbab uncovered-dart
done AAcaBBabCb uncovered-dart
done AAcaBBabbC uncovered-dart
done AAcaBCBabb uncovered-dart
done AAcaBCCacb uncovered-dart
done AAcaBCacbC uncovered-dart
done AAcaBCbbaB uncovered-dart
done AAcaBaBCbb uncovered-dart
done AAcaBaabAC uncovered-dart
done AAcaBabbCB uncovered-dart
done AAcaBacbCC uncovered-dart
done AAcaBcabCC uncovered-dart
done AAcaaBACab uncovered-dart
done AAcaaBBCbb uncovered-dart
done AAcaaBabAC uncovered-dart
done AAcaaBcbCC uncovered-dart
done AAcaaaBACb uncovered-dart
done AAcaaaBAbC uncovered-dart
done AAcaaaBCAb uncovered-dart
done AAcaaabABC uncovered-dart
done AAcaaabACB uncovered-dart
done AAcaaabCAB uncovered-dart
done AAcaabACaB uncovered-dart
done AAcaabaBAC uncovered-dart
done AAcaabbCBB uncovered-dart
done AAcaabcBCC uncovered-dart
done AAcaacBCCb uncovered-dart
done AAcaacBCbC uncovered-dart
done AAcaacbCBC uncovered-dart
done AAcaacbCCB uncovered-dart
done AAcabACaaB uncovered-dart
done AAcabCBBab uncovered-dart
done AAcabCCacB uncovered-dart
done AAcabCacBC uncovered-dart
done AAcabCbaBB uncovered-dart
done AAcabaBBCb uncovered-dart
done AAcabaaBAC uncovered-dart
done AAcababCBB uncovered-dart
done AAcabacBCC uncovered-dart
done AAcabbCBaB uncovered-dart
done AAcabbCaBB uncovered-dart
done AAcabbaBBC uncovered-dart
done AAcabbaBCB uncovered-dart
done AAcabcaBCC uncovered-dart
done AAcacBCCab uncovered-dart
done AAcacBCabC uncovered-dart
done AAcacBabCC uncovered-dart
done AAcacaBCCb uncovered-dart
done AAcacaBCbC uncovered-dart
done AAcacabCBC uncovered-dart
done AAcacabCCB uncovered-dart
done AAcacbCCaB uncovered-dart
done AAcacbCaBC uncovered-dart
done AAcacbaBCC uncovered-dart
done AAcbACaaaB uncovered-dart
done AAcbCBBaab uncovered-dart
done AAcbCBaBab uncovered-dart
done AAcbCBabaB uncovered-dart
done AAcbCCaacB uncovered-dart
done AAcbCCacaB uncovered-dart
done AAcbCaBBab uncovered-dart
done AAcbCaacBC uncovered-dart
done AAcbCabaBB uncovered-dart
done AAcbCacaBC uncovered-dart
done AAcbCbaBaB uncovered-dart
done AAcbCbaaBB uncovered-dart
done AAcbaBBCab uncovered-dart
done AAcbaBBabC uncovered-dart
done AAcbaBCBab uncovered-dart
done AAcbaBCbaB uncovered-dart
done AAcbaBaBCb uncovered-dart
done AAcbaBabCB uncovered-dart
done AAcbaaBBCb uncovered-dart
done AAcbaaaBAC uncovered-dart
done AAcbaabCBB uncovered-dart
done AAcbaacBCC uncovered-dart
done AAcbabCBaB uncovered-dart
done AAcbabCaBB uncovered-dart
done AAcbabaBBC uncovered-dart
done AAcbabaBCB uncovered-dart
done AAcbacaBCC uncovered-dart
done AAcbbCBaaB uncovered-dart
done AAcbbCaBaB uncovered-dart
done AAcbbCaaBB uncovered-dart
done AAcbbaBCaB uncovered-dart
done AAcbbaBaBC uncovered-dart
done AAcbbaaBBC uncovered-dart
done AAcbbaaBCB uncovered-dart
done AAcbcaaBCC uncovered-dart
done AAccBCCaab uncovered-dart
done AAccBCaabC uncovered-dart
done AAccBaabCC uncovered-dart
done AAccaBCCab uncovered-dart
done AAccaBCabC uncovered-dart
done AAccaBabCC uncovered-dart
done AAccaaBCCb uncovered-dart
done AAccaaBCbC uncovered-dart
done AAccaabCBC uncovered-dart
done AAccaabCCB uncovered-dart
done AAccabCCaB uncovered-dart
done AAccabCaBC uncovered-dart
done AAccabaBCC uncovered-dart
done AAccbCCaaB uncovered-dart
done AAccbCaaBC uncovered-dart
done AAccbaaBCC uncovered-dart
done ABABAbaaab uncovered-dart
done ABABBaabbb uncovered-dart
done ABABBababb uncovered-dart
done ABABBabbab uncovered-dart
done ABABCaabcb uncovered-dart
done ABABCaacbb uncovered-dart
done ABABCabacb uncovered-dart
done ABABCabcab uncovered-dart
done ABABCacabb uncovered-dart
done ABABCacbab uncovered-dart
done ABABCbaacb uncovered-dart
done ABABCbacab uncovered-dart
done ABABCbcaab uncovered-dart
done ABABaBabbb uncovered-dart
done ABABaaabAb uncovered-dart
done ABABaabcbC uncovered-dart
done ABABaacbCb uncovered-dart
done ABABaacbbC uncovered-dart
done ABABabCacb uncovered-dart
done ABABabacbC uncovered-dart
done ABABabbbaB uncovered-dart
done ABABabcabC uncovered-dart
done ABABacabCb uncovered-dart
done ABABacabbC uncovered-dart
done ABABacbCab uncovered-dart
done ABABacbabC uncovered-dart
done ABABcaabCb uncovered-dart
done ABABcaabbC uncovered-dart
done ABABcabCab uncovered-dart
done ABABcababC uncovered-dart
done ABABcbCaab uncovered-dart
done ABABcbaabC uncovered-dart
done ABACAcaaab uncovered-dart
done ABACBaabcb uncovered-dart
done ABACBaacbb uncovered-dart
done ABACBabacb uncovered-dart
done ABACBabcab uncovered-dart
done ABACBacabb uncovered-dart
done ABACBacbab uncovered-dart
done ABACBcaabb uncovered-dart
done ABACBcabab uncovered-dart
done ABACBcbaab uncovered-dart
done ABACCaaccb uncovered-dart
done ABACCacacb uncovered-dart
done ABACCaccab uncovered-dart
done ABACaBabcb uncovered-dart
done ABACaBacbb uncovered-dart
done ABACaBcabb uncovered-dart
done ABACaBcbab uncovered-dart
done ABACaaBcbb uncovered-dart
done ABACaabbcB uncovered-dart
done ABACaaccbC uncovered-dart
done ABACabaBcb uncovered-dart
done ABACababcB uncovered-dart
done ABACabbacB uncovered-dart
done ABACabbcaB uncovered-dart
done ABACabcBab uncovered-dart
done ABACabcbaB uncovered-dart
done ABACacBabb uncovered-dart
done ABACacacbC uncovered-dart
done ABACacbbaB uncovered-dart
done ABACaccabC uncovered-dart
done ABACbaBacb uncovered-dart
done ABACbaBcab uncovered-dart
done ABACbaaBcb uncovered-dart
done ABACbaabcB uncovered-dart
done ABACbabacB uncovered-dart
done ABACbabcaB uncovered-dart
done ABACbacBab uncovered-dart
done ABACbacbaB uncovered-dart
done ABACbbaacB uncovered-dart
done ABACbbacaB uncovered-dart
done ABACbbcaaB uncovered-dart
done ABACbcBaab uncovered-dart
done ABACbcaBab uncovered-dart
done ABACbcabaB uncovered-dart
done ABACbcbaaB uncovered-dart
done ABAbABaaab uncovered-dart
done ABAbAbaaaB uncovered-dart
done ABAbCBaacb uncovered-dart
done ABAbCBacab uncovered-dart
done ABAbCBcaab uncovered-dart
done ABAbCaBacb uncovered-dart
done ABAbCaBcab uncovered-dart
done ABAbCaaBcb uncovered-dart
done ABAbCaabcB uncovered-dart
done ABAbCabacB uncovered-dart
done ABAbCabcaB uncovered-dart
done ABAbCacBab uncovered-dart
done ABAbCacbaB uncovered-dart
done ABAbCbaacB uncovered-dart
done ABAbCbacaB uncovered-dart
done ABAbCbcaaB uncovered-dart
done ABAbaBBabb uncovered-dart
done ABAbaBCacb uncovered-dart
done ABAbaBacbC uncovered-dart
done ABAbaBcabC uncovered-dart
done ABAbaaBcbC uncovered-dart
done ABAbaaaBAb uncovered-dart
done ABAbaabcBC uncovered-dart
done ABAbaacBCb uncovered-dart
done ABAbaacbCB uncovered-dart
done ABAbabCacB uncovered-dart
done ABAbabacBC uncovered-dart
done ABAbabbaBB uncovered-dart
done ABAbabcaBC uncovered-dart
done ABAbacBCab uncovered-dart
done ABAbacBabC uncovered-dart
done ABAbacaBCb uncovered-dart
done ABAbacabCB uncovered-dart
done ABAbacbCaB uncovered-dart
done ABAbacbaBC uncovered-dart
done ABAbbCaacB uncovered-dart
done ABAbbCacaB uncovered-dart
done ABAbbaBBab uncovered-dart
done ABAbbaacBC uncovered-dart
done ABAbbabaBB uncovered-dart
done ABAbbacaBC uncovered-dart
done ABAbbbaBaB uncovered-dart
done ABAbbbaaBB uncovered-dart
done ABAbbcaaBC uncovered-dart
done ABAbcBCaab uncovered-dart
done ABAbcBaabC uncovered-dart
done ABAbcaBCab uncovered-dart
done ABAbcaBabC uncovered-dart
done ABAbcaaBCb uncovered-dart
done ABAbcaabCB uncovered-dart
done ABAbcabCaB uncovered-dart
done ABAbcabaBC uncovered-dart
done ABAbcbCaaB uncovered-dart
done ABAbcbaaBC uncovered-dart
done ABAcBCaabb uncovered-dart
done ABAcBCabab uncovered-dart
done ABAcBCbaab uncovered-dart
done ABAcBaabCb uncovered-dart
done ABAcBaabbC uncovered-dart
done ABAcBabCab uncovered-dart
done ABAcBababC uncovered-dart
done ABAcaBCabb uncovered-dart
done ABAcaBCbab uncovered-dart
done ABAcaBabCb uncovered-dart
done ABAcaBabbC uncovered-dart
done ABAcaaBCbb uncovered-dart
done ABAcaaabAC uncovered-dart
done ABAcaabbCB uncovered-dart
done ABAcaacbCC uncovered-dart
done ABAcabCBab uncovered-dart
done ABAcabCbaB uncovered-dart
done ABAcabaBCb uncovered-dart
done ABAcababCB uncovered-dart
done ABAcabbCaB uncovered-dart
done ABAcabbaBC uncovered-dart
done ABAcacabCC uncovered-dart
done ABAcbCBaab uncovered-dart
done ABAcbCaBab uncovered-dart
done ABAcbCabaB uncovered-dart
done ABAcbCbaaB uncovered-dart
done ABAcbaBCab uncovered-dart
done ABAcbaBabC uncovered-dart
done ABAcbaaBCb uncovered-dart
done ABAcbaabCB uncovered-dart
done ABAcbabCaB uncovered-dart
done ABAcbabaBC uncovered-dart
done ABAcbbCaaB uncovered-dart
done ABAcbbaaBC uncovered-dart
done ABAccaabCC uncovered-dart
done ABBABaabbb uncovered-dart
done ABBABababb uncovered-dart
done ABBABabbab uncovered-dart
done ABBACaabcb uncovered-dart
done ABBACaacbb uncovered-dart
done ABBACabacb uncovered-dart
done ABBACabcab uncovered-dart
done ABBACacabb uncovered-dart
done ABBACacbab uncovered-dart
done ABBACbaacb uncovered-dart
done ABBACbacab uncovered-dart
done ABBACbcaab uncovered-dart
done ABBAbCaacb uncovered-dart
done ABBAbCacab uncovered-dart
done ABBAbaBabb uncovered-dart
done ABBAbaacbC uncovered-dart
done ABBAbabbaB uncovered-dart
done ABBAbacabC uncovered-dart
done ABBAbbaBab uncovered-dart
done ABBAbbabaB uncovered-dart
done ABBAbbbaaB uncovered-dart
done ABBAbcaabC uncovered-dart
done ABBAcaabCb uncovered-dart
done ABBAcaabbC uncovered-dart
done ABBAcabCab uncovered-dart
done ABBAcababC uncovered-dart
done ABBAcbCaab uncovered-dart
done ABBAcbaabC uncovered-dart
done ABBBAbaabb uncovered-dart
done ABBBAbabab uncovered-dart
done ABBBAbbaab uncovered-dart
done ABBBBabbbb uncovered-dart
done ABBBCabbcb uncovered-dart
done ABBBCabcbb uncovered-dart
done ABBBCacbbb uncovered-dart
done ABBBCbabcb uncovered-dart
done ABBBCbacbb uncovered-dart
done ABBBCbbacb uncovered-dart
done ABBBCbbcab uncovered-dart
done ABBBCbcabb uncovered-dart
done ABBBCbcbab uncovered-dart
done ABBBaabAbb uncovered-dart
done ABBBaabbAb uncovered-dart
done ABBBabAbab uncovered-dart
done ABBBabCbcb uncovered-dart
done ABBBababAb uncovered-dart
done ABBBabbcbC uncovered-dart
done ABBBabcbCb uncovered-dart
done ABBBabcbbC uncovered-dart
done ABBBacbCbb uncovered-dart
done ABBBacbbCb uncovered-dart
done ABBBacbbbC uncovered-dart
done ABBBcabCbb uncovered-dart
done ABBBcabbCb uncovered-dart
done ABBBcabbbC uncovered-dart
done ABBBcbCabb uncovered-dart
done ABBBcbCbab uncovered-dart
done ABBBcbabCb uncovered-dart
done ABBBcbabbC uncovered-dart
done ABBBcbbCab uncovered-dart
done ABBBcbbabC uncovered-dart
done ABBCAbaacb uncovered-dart
done ABBCAbacab uncovered-dart
done ABBCAbcaab uncovered-dart
done ABBCAcaabb uncovered-dart
done ABBCAcabab uncovered-dart
done ABBCAcbaab uncovered-dart
done ABBCBabbcb uncovered-dart
done ABBCBabcbb uncovered-dart
done ABBCBacbbb uncovered-dart
done ABBCBcabbb uncovered-dart
done ABBCBcbabb uncovered-dart
done ABBCBcbbab uncovered-dart
done ABBCCabccb uncovered-dart
done ABBCCacbcb uncovered-dart
done ABBCCaccbb uncovered-dart
done ABBCCbaccb uncovered-dart
done ABBCCbcacb uncovered-dart
done ABBCCbccab uncovered-dart
done ABBCaBcbbb uncovered-dart
done ABBCaabAcb uncovered-dart
done ABBCaacbAb uncovered-dart
done ABBCabAcab uncovered-dart
done ABBCabbbcB uncovered-dart
done ABBCabccbC uncovered-dart
done ABBCacabAb uncovered-dart
done ABBCacbcbC uncovered-dart
done ABBCaccbCb uncovered-dart
done ABBCaccbbC uncovered-dart
done ABBCbAcaab uncovered-dart
done ABBCbCaccb uncovered-dart
done ABBCbaBcbb uncovered-dart
done ABBCbabbcB uncovered-dart
done ABBCbaccbC uncovered-dart
done ABBCbbaBcb uncovered-dart
done ABBCbbabcB uncovered-dart
done ABBCbbbacB uncovered-dart
done ABBCbbbcaB uncovered-dart
done ABBCbbcBab uncovered-dart
done ABBCbbcbaB uncovered-dart
done ABBCbcBabb uncovered-dart
done ABBCbcacbC uncovered-dart
done ABBCbcbbaB uncovered-dart
done ABBCbccabC uncovered-dart
done ABBaBAbabb uncovered-dart
done ABBaBAbbab uncovered-dart
done ABBaBCbbcb uncovered-dart
done ABBaBCbcbb uncovered-dart
done ABBaBabAbb uncovered-dart
done ABBaBabbAb uncovered-dart
done ABBaBcbCbb uncovered-dart
done ABBaBcbbCb uncovered-dart
done ABBaBcbbbC uncovered-dart
done ABBaaBAbbb uncovered-dart
done ABBaabAcbC uncovered-dart
done ABBaabCAcb uncovered-dart
done ABBaabcbAC uncovered-dart
done ABBaacbACb uncovered-dart
done ABBaacbAbC uncovered-dart
done ABBaacbCAb uncovered-dart
done ABBaacbbAC uncovered-dart
done ABBabABabb uncovered-dart
done ABBabACacb uncovered-dart
done ABBabAbbaB uncovered-dart
done ABBabAcabC uncovered-dart
done ABBabCAcab uncovered-dart
done ABBabCBcbb uncovered-dart
done ABBabCbbcB uncovered-dart
done ABBabaBAbb uncovered-dart
done ABBabacbAC uncovered-dart
done ABBabbABab uncovered-dart
done ABBabbAbaB uncovered-dart
done ABBabbCBcb uncovered-dart
done ABBabbCbcB uncovered-dart
done ABBabbaBAb uncovered-dart
done ABBabbbcBC uncovered-dart
done ABBabbcBCb uncovered-dart
done ABBabbcbCB uncovered-dart
done ABBabcBCbb uncovered-dart
done ABBabcabAC uncovered-dart
done ABBabcbbCB uncovered-dart
done ABBabccbCC uncovered-dart
done ABBacBCbbb uncovered-dart
done ABBacabACb uncovered-dart
done ABBacabAbC uncovered-dart
done ABBacabCAb uncovered-dart
done ABBacabbAC uncovered-dart
done ABBacbACab uncovered-dart
done ABBacbabAC uncovered-dart
done ABBacbbbCB uncovered-dart
done ABBacbcbCC uncovered-dart
done ABBaccbCCb uncovered-dart
done ABBaccbCbC uncovered-dart
done ABBaccbbCC uncovered-dart
done ABBcBCabbb uncovered-dart
done ABBcBCbabb uncovered-dart
done ABBcBCbbab uncovered-dart
done ABBcBabCbb uncovered-dart
done ABBcBabbCb uncovered-dart
done ABBcBabbbC uncovered-dart
done ABBcaBCbbb uncovered-dart
done ABBcaabACb uncovered-dart
done ABBcaabAbC uncovered-dart
done ABBcaabCAb uncovered-dart
done ABBcaabbAC uncovered-dart
done ABBcabACab uncovered-dart
done ABBcababAC uncovered-dart
done ABBcabbbCB uncovered-dart
done ABBcabcbCC uncovered-dart
done ABBcacbCCb uncovered-dart
done ABBcacbCbC uncovered-dart
done ABBcacbbCC uncovered-dart
done ABBcbACaab uncovered-dart
done ABBcbCBabb uncovered-dart
done ABBcbCCacb uncovered-dart
done ABBcbCacbC uncovered-dart
done ABBcbCbbaB uncovered-dart
done ABBcbaBCbb uncovered-dart
done ABBcbaabAC uncovered-dart
done ABBcbabbCB uncovered-dart
done ABBcbacbCC uncovered-dart
done ABBcbbCBab uncovered-dart
done ABBcbbCbaB uncovered-dart
done ABBcbbaBCb uncovered-dart
done ABBcbbabCB uncovered-dart
done ABBcbbbCaB uncovered-dart
done ABBcbbbaBC uncovered-dart
done ABBcbcabCC uncovered-dart
done ABBccabCCb uncovered-dart
done ABBccabCbC uncovered-dart
done ABBccabbCC uncovered-dart
done ABBccbCCab uncovered-dart
done ABBccbCabC uncovered-dart
done ABBccbabCC uncovered-dart
done ABCABaabcb uncovered-dart
done ABCABaacbb uncovered-dart
done ABCABabacb uncovered-dart
done ABCABabcab uncovered-dart
done ABCABacabb uncovered-dart
done ABCABacbab uncovered-dart
done ABCABcaabb uncovered-dart
done ABCABcabab uncovered-dart
done ABCABcbaab uncovered-dart
done ABCACaaccb uncovered-dart
done ABCACacacb uncovered-dart
done ABCACaccab uncovered-dart
done ABCAbaBacb uncovered-dart
done ABCAbaBcab uncovered-dart
done ABCAbaaBcb uncovered-dart
done ABCAbaabcB uncovered-dart
done ABCAbabacB uncovered-dart
done ABCAbabcaB uncovered-dart
done ABCAbacBab uncovered-dart
done ABCAbacbaB uncovered-dart
done ABCAbbaacB uncovered-dart
done ABCAbbacaB uncovered-dart
done ABCAbbcaaB uncovered-dart
done ABCAbcBaab uncovered-dart
done ABCAbcaBab uncovered-dart
done ABCAbcabaB uncovered-dart
done ABCAbcbaaB uncovered-dart
done ABCAcBaabb uncovered-dart
done ABCAcBabab uncovered-dart
done ABCAcaBabb uncovered-dart
done ABCAcaacbC uncovered-dart
done ABCAcabbaB uncovered-dart
done ABCAcacabC uncovered-dart
done ABCAcbaBab uncovered-dart
done ABCAcbabaB uncovered-dart
done ABCAcbbaaB uncovered-dart
done ABCAccaabC uncovered-dart
done ABCBAbaacb uncovered-dart
done ABCBAbacab uncovered-dart
done ABCBAbcaab uncovered-dart
done ABCBAcaabb uncovered-dart
done ABCBAcabab uncovered-dart
done ABCBAcbaab uncovered-dart
done ABCBBabbcb uncovered-dart
done ABCBBabcbb uncovered-dart
done ABCBBacbbb uncovered-dart
done ABCBBcabbb uncovered-dart
done ABCBBcbabb uncovered-dart
done ABCBBcbbab uncovered-dart
done ABCBCabccb uncovered-dart
done ABCBCacbcb uncovered-dart
done ABCBCaccbb uncovered-dart
done ABCBCbaccb uncovered-dart
done ABCBCbcacb uncovered-dart
done ABCBCbccab uncovered-dart
done ABCBaBcbbb uncovered-dart
done ABCBaabAcb uncovered-dart
done ABCBaacbAb uncovered-dart
done ABCBabAcab uncovered-dart
done ABCBabbbcB uncovered-dart
done ABCBabccbC uncovered-dart
done ABCBacabAb uncovered-dart
done ABCBacbcbC uncovered-dart
done ABCBaccbCb uncovered-dart
done ABCBaccbbC uncovered-dart
done ABCBcBabbb uncovered-dart
done ABCBcaabAb uncovered-dart
done ABCBcabcbC uncovered-dart
done ABCBcacbCb uncovered-dart
done ABCBcacbbC uncovered-dart
done ABCBcbCacb uncovered-dart
done ABCBcbacbC uncovered-dart
done ABCBcbbbaB uncovered-dart
done ABCBcbcabC uncovered-dart
done ABCBccabCb uncovered-dart
done ABCBccabbC uncovered-dart
done ABCBccbCab uncovered-dart
done ABCBccbabC uncovered-dart
done ABCCAcaacb uncovered-dart
done ABCCAcacab uncovered-dart
done ABCCAccaab uncovered-dart
done ABCCBabccb uncovered-dart
done ABCCBacbcb uncovered-dart
done ABCCBaccbb uncovered-dart
done ABCCBcabcb uncovered-dart
done ABCCBcacbb uncovered-dart
done ABCCBcbacb uncovered-dart
done ABCCBcbcab uncovered-dart
done ABCCBccabb uncovered-dart
done ABCCBccbab uncovered-dart
done ABCCCacccb uncovered-dart
done ABCCaBcbcb uncovered-dart
done ABCCaBccbb uncovered-dart
done ABCCabbccB uncovered-dart
done ABCCabcBcb uncovered-dart
done ABCCabcbcB uncovered-dart
done ABCCacBcbb uncovered-dart
done ABCCacbbcB uncovered-dart
done ABCCacccbC uncovered-dart
done ABCCbaBccb uncovered-dart
done ABCCbabccB uncovered-dart
done ABCCbacBcb uncovered-dart
done ABCCbacbcB uncovered-dart
done ABCCbbaccB uncovered-dart
done ABCCbbcacB uncovered-dart
done ABCCbbccaB uncovered-dart
done ABCCbcBacb uncovered-dart
done ABCCbcBcab uncovered-dart
done ABCCbcaBcb uncovered-dart
done ABCCbcabcB uncovered-dart
done ABCCbcbacB uncovered-dart
done ABCCbcbcaB uncovered-dart
done ABCCbccBab uncovered-dart
done ABCCbccbaB uncovered-dart
done ABCaBAbacb uncovered-dart
done ABCaBAbcab uncovered-dart
done ABCaBAcabb uncovered-dart
done ABCaBAcbab uncovered-dart
done ABCaBBcbbb uncovered-dart
done ABCaBCbccb uncovered-dart
done ABCaBabAcb uncovered-dart
done ABCaBacbAb uncovered-dart
done ABCaBcabAb uncovered-dart
done ABCaBcbcbC uncovered-dart
done ABCaBccbCb uncovered-dart
done ABCaBccbbC uncovered-dart
done ABCaaBAbcb uncovered-dart
done ABCaaBAcbb uncovered-dart
done ABCaaBcbAb uncovered-dart
done ABCaabABcb uncovered-dart
done ABCaabAbcB uncovered-dart
done ABCaabbAcB uncovered-dart
done ABCaabcBAb uncovered-dart
done ABCaacBAbb uncovered-dart
done ABCaaccbAC uncovered-dart
done ABCabABacb uncovered-dart
done ABCabABcab uncovered-dart
done ABCabAbacB uncovered-dart
done ABCabAbcaB uncovered-dart
done ABCabAcBab uncovered-dart
done ABCabAcbaB uncovered-dart
done ABCabCBccb uncovered-dart
done ABCabCbccB uncovered-dart
done ABCabaBAcb uncovered-dart
done ABCababAcB uncovered-dart
done ABCabacBAb uncovered-dart
done ABCabbAcaB uncovered-dart
done ABCabbbcBB uncovered-dart
done ABCabbccBC uncovered-dart
done ABCabcBcbC uncovered-dart
done ABCabcaBAb uncovered-dart
done ABCabcbcBC uncovered-dart
done ABCabccBCb uncovered-dart
done ABCabccbCB uncovered-dart
done ABCacBAbab uncovered-dart
done ABCacBCbcb uncovered-dart
done ABCacBabAb uncovered-dart
done ABCacBcbCb uncovered-dart
done ABCacBcbbC uncovered-dart
done ABCacaBAbb uncovered-dart
done ABCacacbAC uncovered-dart
done ABCacbABab uncovered-dart
done ABCacbAbaB uncovered-dart
done ABCacbCBcb uncovered-dart
done ABCacbCbcB uncovered-dart
done ABCacbaBAb uncovered-dart
done ABCacbbcBC uncovered-dart
done ABCacbcBCb uncovered-dart
done ABCacbcbCB uncovered-dart
done ABCaccBCbb uncovered-dart
done ABCaccabAC uncovered-dart
done ABCaccbbCB uncovered-dart
done ABCacccbCC uncovered-dart
done ABCbABaacb uncovered-dart
done ABCbABacab uncovered-dart
done ABCbABcaab uncovered-dart
done ABCbAbaacB uncovered-dart
done ABCbAbacaB uncovered-dart
done ABCbAbcaaB uncovered-dart
done ABCbAcBaab uncovered-dart
done ABCbAcaBab uncovered-dart
done ABCbAcabaB uncovered-dart
done ABCbAcbaaB uncovered-dart
done ABCbCBaccb uncovered-dart
done ABCbCBcacb uncovered-dart
done ABCbCBccab uncovered-dart
done ABCbCaBccb uncovered-dart
done ABCbCabccB uncovered-dart
done ABCbCacBcb uncovered-dart
done ABCbCacbcB uncovered-dart
done ABCbCbaccB uncovered-dart
done ABCbCbcacB uncovered-dart
done ABCbCbccaB uncovered-dart
done ABCbaBAcab uncovered-dart
done ABCbaBBcbb uncovered-dart
done ABCbaBccbC uncovered-dart
done ABCbaaBAcb uncovered-dart
done ABCbaabAcB uncovered-dart
done ABCbaacBAb uncovered-dart
done ABCbabAcaB uncovered-dart
done ABCbabbcBB uncovered-dart
done ABCbabccBC uncovered-dart
done ABCbacBcbC uncovered-dart
done ABCbacaBAb uncovered-dart
done ABCbacbcBC uncovered-dart
done ABCbaccBCb uncovered-dart
done ABCbaccbCB uncovered-dart
done ABCbbAcaaB uncovered-dart
done ABCbbCaccB uncovered-dart
done ABCbbaBBcb uncovered-dart
done ABCbbabcBB uncovered-dart
done ABCbbaccBC uncovered-dart
done ABCbbbaBcB uncovered-dart
done ABCbbbacBB uncovered-dart
done ABCbbbcBaB uncovered-dart
done ABCbbbcaBB uncovered-dart
done ABCbbcBBab uncovered-dart
done ABCbbcacBC uncovered-dart
done ABCbbcbaBB uncovered-dart
done ABCbbccaBC uncovered-dart
done ABCbcBBabb uncovered-dart
done ABCbcBCacb uncovered-dart
done ABCbcBacbC uncovered-dart
done ABCbcBcabC uncovered-dart
done ABCbcaBcbC uncovered-dart
done ABCbcaaBAb uncovered-dart
done ABCbcabcBC uncovered-dart
done ABCbcacBCb uncovered-dart
done ABCbcacbCB uncovered-dart
done ABCbcbCacB uncovered-dart
done ABCbcbacBC uncovered-dart
done ABCbcbbaBB uncovered-dart
done ABCbcbcaBC uncovered-dart
done ABCbccBCab uncovered-dart
done ABCbccBabC uncovered-dart
done ABCbccaBCb uncovered-dart
done ABCbccabCB uncovered-dart
done ABCbccbCaB uncovered-dart
done ABCbccbaBC uncovered-dart
done ABaBABabbb uncovered-dart
done ABaBACabcb uncovered-dart
done ABaBACacbb uncovered-dart
done ABaBACbacb uncovered-dart
done ABaBACbcab uncovered-dart
done ABaBAbCacb uncovered-dart
done ABaBAbacbC uncovered-dart
done ABaBAbbbaB uncovered-dart
done ABaBAbcabC uncovered-dart
done ABaBAcabCb uncovered-dart
done ABaBAcabbC uncovered-dart
done ABaBAcbCab uncovered-dart
done ABaBAcbabC uncovered-dart
done ABaBBAbabb uncovered-dart
done ABaBBAbbab uncovered-dart
done ABaBBCbbcb uncovered-dart
done ABaBBCbcbb uncovered-dart
done ABaBBabAbb uncovered-dart
done ABaBBabbAb uncovered-dart
done ABaBBcbCbb uncovered-dart
done ABaBBcbbCb uncovered-dart
done ABaBBcbbbC uncovered-dart
done ABaBCAbacb uncovered-dart
done ABaBCAbcab uncovered-dart
done ABaBCAcabb uncovered-dart
done ABaBCAcbab uncovered-dart
done ABaBCBcbbb uncovered-dart
done ABaBCCbccb uncovered-dart
done ABaBCabAcb uncovered-dart
done ABaBCacbAb uncovered-dart
done ABaBCbAcab uncovered-dart
done ABaBCbbbcB uncovered-dart
done ABaBCbccbC uncovered-dart
done ABaBaBAbbb uncovered-dart
done ABaBabAcbC uncovered-dart
done ABaBabCAcb uncovered-dart
done ABaBabcbAC uncovered-dart
done ABaBacbACb uncovered-dart
done ABaBacbAbC uncovered-dart
done ABaBacbCAb uncovered-dart
done ABaBacbbAC uncovered-dart
done ABaBcBCbbb uncovered-dart
done ABaBcabACb uncovered-dart
done ABaBcabAbC uncovered-dart
done ABaBcabCAb uncovered-dart
done ABaBcabbAC uncovered-dart
done ABaBcbACab uncovered-dart
done ABaBcbabAC uncovered-dart
done ABaBcbbbCB uncovered-dart
done ABaBcbcbCC uncovered-dart
done ABaBccbCCb uncovered-dart
done ABaBccbCbC uncovered-dart
done ABaBccbbCC uncovered-dart
done ABaaBACbcb uncovered-dart
done ABaaBAbcbC uncovered-dart
done ABaaBAcbCb uncovered-dart
done ABaaBAcbbC uncovered-dart
done ABaaBBAbbb uncovered-dart
done ABaaBCAbcb uncovered-dart
done ABaaBCAcbb uncovered-dart
done ABaaBCbAcb uncovered-dart
done ABaaBcbACb uncovered-dart
done ABaaBcbAbC uncovered-dart
done ABaaBcbCAb uncovered-dart
done ABaaBcbbAC uncovered-dart
done ABaaaBAbAb uncovered-dart
done ABaabABcbC uncovered-dart
done ABaabACBcb uncovered-dart
done ABaabACbcB uncovered-dart
done ABaabAbcBC uncovered-dart
done ABaabAcBCb uncovered-dart
done ABaabAcbCB uncovered-dart
done ABaabCABcb uncovered-dart
done ABaabCAbcB uncovered-dart
done ABaabCBAcb uncovered-dart
done ABaabCbAcB uncovered-dart
done ABaabbAcBC uncovered-dart
done ABaabbCAcB uncovered-dart
done ABaabbcBAC uncovered-dart
done ABaabcBACb uncovered-dart
done ABaabcBAbC uncovered-dart
done ABaabcBCAb uncovered-dart
done ABaabcbACB uncovered-dart
done ABaacBACbb uncovered-dart
done ABaacBAbCb uncovered-dart
done ABaacBAbbC uncovered-dart
done ABaacBCAbb uncovered-dart
done ABaacBCbAb uncovered-dart
done ABaacbAbCB uncovered-dart
done ABaacbCBAb uncovered-dart
done ABaacbbACB uncovered-dart
done ABaaccbACC uncovered-dart
done ABaaccbCAC uncovered-dart
done ABabABacbC uncovered-dart
done ABabABcabC uncovered-dart
done ABabACBacb uncovered-dart
done ABabACBcab uncovered-dart
done ABabACaBcb uncovered-dart
done ABabACabcB uncovered-dart
done ABabACbacB uncovered-dart
done ABabACbcaB uncovered-dart
done ABabAbCacB uncovered-dart
done ABabAbacBC uncovered-dart
done ABabAbbaBB uncovered-dart
done ABabAbcaBC uncovered-dart
done ABabAcBCab uncovered-dart
done ABabAcBabC uncovered-dart
done ABabAcaBCb uncovered-dart
done ABabAcabCB uncovered-dart
done ABabAcbCaB uncovered-dart
done ABabAcbaBC uncovered-dart
done ABabCABacb uncovered-dart
done ABabCABcab uncovered-dart
done ABabCAbacB uncovered-dart
done ABabCAbcaB uncovered-dart
done ABabCAcBab uncovered-dart
done ABabCAcbaB uncovered-dart
done ABabCBAcab uncovered-dart
done ABabCBBcbb uncovered-dart
done ABabCBccbC uncovered-dart
done ABabCCBccb uncovered-dart
done ABabCCbccB uncovered-dart
done ABabCaBAcb uncovered-dart
done ABabCabAcB uncovered-dart
done ABabCacBAb uncovered-dart
done ABabCbAcaB uncovered-dart
done ABabCbbcBB uncovered-dart
done ABabCbccBC uncovered-dart
done ABabaBAcbC uncovered-dart
done ABabaBBAbb uncovered-dart
done ABabaBCAcb uncovered-dart
done ABabaBcbAC uncovered-dart
done ABababAcBC uncovered-dart
done ABababCAcB uncovered-dart
done ABababcBAC uncovered-dart
done ABabacBACb uncovered-dart
done ABabacBAbC uncovered-dart
done ABabacBCAb uncovered-dart
done ABabacbACB uncovered-dart
done ABabbACacB uncovered-dart
done ABabbAbaBB uncovered-dart
done ABabbAcaBC uncovered-dart
done ABabbCAcaB uncovered-dart
done ABabbCBBcb uncovered-dart
done ABabbCbcBB uncovered-dart
done ABabbaBBAb uncovered-dart
done ABabbacBAC uncovered-dart
done ABabbbCBcB uncovered-dart
done ABabbbcBBC uncovered-dart
done ABabbbcBCB uncovered-dart
done ABabbcBBCb uncovered-dart
done ABabbcaBAC uncovered-dart
done ABabbcbCBB uncovered-dart
done ABabbccBCC uncovered-dart
done ABabcBACab uncovered-dart
done ABabcBBCbb uncovered-dart
done ABabcBabAC uncovered-dart
done ABabcBcbCC uncovered-dart
done ABabcaBACb uncovered-dart
done ABabcaBAbC uncovered-dart
done ABabcaBCAb uncovered-dart
done ABabcabACB uncovered-dart
done ABabcbACaB uncovered-dart
done ABabcbaBAC uncovered-dart
done ABabcbbCBB uncovered-dart
done ABabcbcBCC uncovered-dart
done ABabccBCCb uncovered-dart
done ABabccBCbC uncovered-dart
done ABabccbCBC uncovered-dart
done ABabccbCCB uncovered-dart
done ABacBACabb uncovered-dart
done ABacBACbab uncovered-dart
done ABacBAbCab uncovered-dart
done ABacBAbabC uncovered-dart
done ABacBBCbbb uncovered-dart
done ABacBCAbab uncovered-dart
done ABacBCCbcb uncovered-dart
done ABacBCabAb uncovered-dart
done ABacBCbcbC uncovered-dart
done ABacBabACb uncovered-dart
done ABacBabAbC uncovered-dart
done ABacBabCAb uncovered-dart
done ABacBabbAC uncovered-dart
done ABacBcbCCb uncovered-dart
done ABacBcbCbC uncovered-dart
done ABacBcbbCC uncovered-dart
done ABacaBACbb uncovered-dart
done ABacaBAbCb uncovered-dart
done ABacaBAbbC uncovered-dart
done ABacaBCAbb uncovered-dart
done ABacaBCbAb uncovered-dart
done ABacabAbCB uncovered-dart
done ABacabCBAb uncovered-dart
done ABacabbACB uncovered-dart
done ABacacbACC uncovered-dart
done ABacacbCAC uncovered-dart
done ABacbACBab uncovered-dart
done ABacbACbaB uncovered-dart
done ABacbAbCaB uncovered-dart
done ABacbAbaBC uncovered-dart
done ABacbCAbaB uncovered-dart
done ABacbCBcbC uncovered-dart
done ABacbCCBcb uncovered-dart
done ABacbCCbcB uncovered-dart
done ABacbCaBAb uncovered-dart
done ABacbCbcBC uncovered-dart
done ABacbaBACb uncovered-dart
done ABacbaBAbC uncovered-dart
done ABacbaBCAb uncovered-dart
done ABacbabACB uncovered-dart
done ABacbbACaB uncovered-dart
done ABacbbaBAC uncovered-dart
done ABacbbbCBB uncovered-dart
done ABacbbcBCC uncovered-dart
done ABacbcBCCb uncovered-dart
done ABacbcBCbC uncovered-dart
done ABacbcbCBC uncovered-dart
done ABacbcbCCB uncovered-dart
done ABaccBCCbb uncovered-dart
done ABaccBCbCb uncovered-dart
done ABaccBCbbC uncovered-dart
done ABaccabACC uncovered-dart
done ABaccabCAC uncovered-dart
done ABaccbCBCb uncovered-dart
done ABaccbCbCB uncovered-dart
done ABaccbbCBC uncovered-dart
done ABaccbbCCB uncovered-dart
done ABacccbCCC uncovered-dart
done ABcBACaabb uncovered-dart
done ABcBACabab uncovered-dart
done ABcBACbaab uncovered-dart
done ABcBAbCaab uncovered-dart
done ABcBAbaabC uncovered-dart
done ABcBBCabbb uncovered-dart
done ABcBBCbabb uncovered-dart
done ABcBBCbbab uncovered-dart
done ABcBBabCbb uncovered-dart
done ABcBBabbCb uncovered-dart
done ABcBBabbbC uncovered-dart
done ABcBCAbaab uncovered-dart
done ABcBCBabbb uncovered-dart
done ABcBCCabcb uncovered-dart
done ABcBCCacbb uncovered-dart
done ABcBCCbacb uncovered-dart
done ABcBCCbcab uncovered-dart
done ABcBCaabAb uncovered-dart
done ABcBCabcbC uncovered-dart
done ABcBCacbCb uncovered-dart
done ABcBCacbbC uncovered-dart
done ABcBCbCacb uncovered-dart
done ABcBCbacbC uncovered-dart
done ABcBCbbbaB uncovered-dart
done ABcBCbcabC uncovered-dart
done ABcBaBCbbb uncovered-dart
done ABcBaabACb uncovered-dart
done ABcBaabAbC uncovered-dart
done ABcBaabCAb uncovered-dart
done ABcBaabbAC uncovered-dart
done ABcBabACab uncovered-dart
done ABcBababAC uncovered-dart
done ABcBabbbCB uncovered-dart
done ABcBabcbCC uncovered-dart
done ABcBacbCCb uncovered-dart
done ABcBacbCbC uncovered-dart
done ABcBacbbCC uncovered-dart
done ABcBcabCCb uncovered-dart
done ABcBcabCbC uncovered-dart
done ABcBcabbCC uncovered-dart
done ABcBcbCCab uncovered-dart
done ABcBcbCabC uncovered-dart
done ABcBcbabCC uncovered-dart
done ABcaBACabb uncovered-dart
done ABcaBACbab uncovered-dart
done ABcaBAbCab uncovered-dart
done ABcaBAbabC uncovered-dart
done ABcaBBCbbb uncovered-dart
done ABcaBCAbab uncovered-dart
done ABcaBCCbcb uncovered-dart
done ABcaBCabAb uncovered-dart
done ABcaBCbcbC uncovered-dart
done ABcaBabACb uncovered-dart
done ABcaBabAbC uncovered-dart
done ABcaBabCAb uncovered-dart
done ABcaBabbAC uncovered-dart
done ABcaBcbCCb uncovered-dart
done ABcaBcbCbC uncovered-dart
done ABcaBcbbCC uncovered-dart
done ABcaaBACbb uncovered-dart
done ABcaaBAbCb uncovered-dart
done ABcaaBAbbC uncovered-dart
done ABcaaBCAbb uncovered-dart
done ABcaaBCbAb uncovered-dart
done ABcaabAbCB uncovered-dart
done ABcaabCBAb uncovered-dart
done ABcaabbACB uncovered-dart
done ABcaacbACC uncovered-dart
done ABcaacbCAC uncovered-dart
done ABcabACBab uncovered-dart
done ABcabACbaB uncovered-dart
done ABcabAbCaB uncovered-dart
done ABcabAbaBC uncovered-dart
done ABcabCAbaB uncovered-dart
done ABcabCBcbC uncovered-dart
done ABcabCCBcb uncovered-dart
done ABcabCCbcB uncovered-dart
done ABcabCaBAb uncovered-dart
done ABcabCbcBC uncovered-dart
done ABcabaBACb uncovered-dart
done ABcabaBAbC uncovered-dart
done ABcabaBCAb uncovered-dart
done ABcababACB uncovered-dart
done ABcabbACaB uncovered-dart
done ABcabbaBAC uncovered-dart
done ABcabbbCBB uncovered-dart
done ABcabbcBCC uncovered-dart
done ABcabcBCCb uncovered-dart
done ABcabcBCbC uncovered-dart
done ABcabcbCBC uncovered-dart
done ABcabcbCCB uncovered-dart
done ABcacBCCbb uncovered-dart
done ABcacBCbCb uncovered-dart
done ABcacBCbbC uncovered-dart
done ABcacabACC uncovered-dart
done ABcacabCAC uncovered-dart
done ABcacbCBCb uncovered-dart
done ABcacbCbCB uncovered-dart
done ABcacbbCBC uncovered-dart
done ABcacbbCCB uncovered-dart
done ABcaccbCCC uncovered-dart
done ABcbACBaab uncovered-dart
done ABcbACaBab uncovered-dart
done ABcbACabaB uncovered-dart
done ABcbACbaaB uncovered-dart
done ABcbAbCaaB uncovered-dart
done ABcbAbaaBC uncovered-dart
done ABcbCAbaaB uncovered-dart
done ABcbCBBabb uncovered-dart
done ABcbCBCacb uncovered-dart
done ABcbCBacbC uncovered-dart
done ABcbCBcabC uncovered-dart
done ABcbCCBacb uncovered-dart
done ABcbCCBcab uncovered-dart
done ABcbCCaBcb uncovered-dart
done ABcbCCabcB uncovered-dart
done ABcbCCbacB uncovered-dart
done ABcbCCbcaB uncovered-dart
done ABcbCaBcbC uncovered-dart
done ABcbCaaBAb uncovered-dart
done ABcbCabcBC uncovered-dart
done ABcbCacBCb uncovered-dart
done ABcbCacbCB uncovered-dart
done ABcbCbCacB uncovered-dart
done ABcbCbacBC uncovered-dart
done ABcbCbbaBB uncovered-dart
done ABcbCbcaBC uncovered-dart
done ABcbaBACab uncovered-dart
done ABcbaBBCbb uncovered-dart
done ABcbaBabAC uncovered-dart
done ABcbaBcbCC uncovered-dart
done ABcbaaBACb uncovered-dart
done ABcbaaBAbC uncovered-dart
done ABcbaaBCAb uncovered-dart
done ABcbaabACB uncovered-dart
done ABcbabACaB uncovered-dart
done ABcbabaBAC uncovered-dart
done ABcbabbCBB uncovered-dart
done ABcbabcBCC uncovered-dart
done ABcbacBCCb uncovered-dart
done ABcbacBCbC uncovered-dart
done ABcbacbCBC uncovered-dart
done ABcbacbCCB uncovered-dart
done ABcbbACaaB uncovered-dart
done ABcbbCBBab uncovered-dart
done ABcbbCCacB uncovered-dart
done ABcbbCacBC uncovered-dart
done ABcbbCbaBB uncovered-dart
done ABcbbaBBCb uncovered-dart
done ABcbbaaBAC uncovered-dart
done ABcbbabCBB uncovered-dart
done ABcbbacBCC uncovered-dart
done ABcbbbCBaB uncovered-dart
done ABcbbbCaBB uncovered-dart
done ABcbbbaBBC uncovered-dart
done ABcbbbaBCB uncovered-dart
done ABcbbcaBCC uncovered-dart
done ABcbcBCCab uncovered-dart
done ABcbcBCabC uncovered-dart
done ABcbcBabCC uncovered-dart
done ABcbcaBCCb uncovered-dart
done ABcbcaBCbC uncovered-dart
done ABcbcabCBC uncovered-dart
done ABcbcabCCB uncovered-dart
done ABcbcbCCaB uncovered-dart
done ABcbcbCaBC uncovered-dart
done ABcbcbaBCC uncovered-dart
done ABccBCCabb uncovered-dart
done ABccBCCbab uncovered-dart
done ABccBCabCb uncovered-dart
done ABccBCabbC uncovered-dart
done ABccBCbCab uncovered-dart
done ABccBCbabC uncovered-dart
done ABccBabCCb uncovered-dart
done ABccBabCbC uncovered-dart
done ABccBabbCC uncovered-dart
done ABccaBCCbb uncovered-dart
done ABccaBCbCb uncovered-dart
done ABccaBCbbC uncovered-dart
done ABccaabACC uncovered-dart
done ABccaabCAC uncovered-dart
done ABccabCBCb uncovered-dart
done ABccabCbCB uncovered-dart
done ABccabbCBC uncovered-dart
done ABccabbCCB uncovered-dart
done ABccacbCCC uncovered-dart
done ABccbCBCab uncovered-dart
done ABccbCBabC uncovered-dart
done ABccbCCBab uncovered-dart
done ABccbCCbaB uncovered-dart
done ABccbCaBCb uncovered-dart
done ABccbCabCB uncovered-dart
done ABccbCbCaB uncovered-dart
done ABccbCbaBC uncovered-dart
done ABccbaBCCb uncovered-dart
done ABccbaBCbC uncovered-dart
done ABccbabCBC uncovered-dart
done ABccbabCCB uncovered-dart
done ABccbbCCaB uncovered-dart
done ABccbbCaBC uncovered-dart
done ABccbbaBCC uncovered-dart
done ABcccabCCC uncovered-dart
done ACACBaaccb uncovered-dart
done ACACBacacb uncovered-dart
done ACACBaccab uncovered-dart
done ACACBcaacb uncovered-dart
done ACACBcacab uncovered-dart
done ACACBccaab uncovered-dart
done ACACaBaccb uncovered-dart
done ACACaBcacb uncovered-dart
done ACACaBccab uncovered-dart
done ACACaaBccb uncovered-dart
done ACACaabccB uncovered-dart
done ACACaacBcb uncovered-dart
done ACACaacbcB uncovered-dart
done ACACabaccB uncovered-dart
done ACACabcacB uncovered-dart
done ACACabccaB uncovered-dart
done ACACacBacb uncovered-dart
done ACACacBcab uncovered-dart
done ACACacaBcb uncovered-dart
done ACACacabcB uncovered-dart
done ACACacbacB uncovered-dart
done ACACacbcaB uncovered-dart
done ACACaccBab uncovered-dart
done ACACaccbaB uncovered-dart
done ACACbaaccB uncovered-dart
done ACACbacacB uncovered-dart
done ACACbaccaB uncovered-dart
done ACACbcaacB uncovered-dart
done ACACbcacaB uncovered-dart
done ACACbccaaB uncovered-dart
done ACAbAcaaaB uncovered-dart
done ACAbCaaccB uncovered-dart
done ACAbCacacB uncovered-dart
done ACAbCaccaB uncovered-dart
done ACAbaBBacb uncovered-dart
done ACAbaBBcab uncovered-dart
done ACAbaBaBcb uncovered-dart
done ACAbaBabcB uncovered-dart
done ACAbaBcBab uncovered-dart
done ACAbaBcbaB uncovered-dart
done ACAbaaBBcb uncovered-dart
done ACAbaabcBB uncovered-dart
done ACAbaaccBC uncovered-dart
done ACAbabaBcB uncovered-dart
done ACAbabacBB uncovered-dart
done ACAbabcBaB uncovered-dart
done ACAbabcaBB uncovered-dart
done ACAbacBBab uncovered-dart
done ACAbacacBC uncovered-dart
done ACAbacbaBB uncovered-dart
done ACAbaccaBC uncovered-dart
done ACAbbaBacB uncovered-dart
done ACAbbaBcaB uncovered-dart
done ACAbbaaBcB uncovered-dart
done ACAbbaacBB uncovered-dart
done ACAbbacBaB uncovered-dart
done ACAbbacaBB uncovered-dart
done ACAbbcBaaB uncovered-dart
done ACAbbcaBaB uncovered-dart
done ACAbbcaaBB uncovered-dart
done ACAbcBBaab uncovered-dart
done ACAbcBaBab uncovered-dart
done ACAbcBabaB uncovered-dart
done ACAbcaBBab uncovered-dart
done ACAbcaacBC uncovered-dart
done ACAbcabaBB uncovered-dart
done ACAbcacaBC uncovered-dart
done ACAbcbaBaB uncovered-dart
done ACAbcbaaBB uncovered-dart
done ACAbccaaBC uncovered-dart
done ACAcBBaabb uncovered-dart
done ACAcBBabab uncovered-dart
done ACAcBCaacb uncovered-dart
done ACAcBCacab uncovered-dart
done ACAcBaBabb uncovered-dart
done ACAcBaacbC uncovered-dart
done ACAcBabbaB uncovered-dart
done ACAcBacabC uncovered-dart
done ACAcBcaabC uncovered-dart
done ACAcaBBabb uncovered-dart
done ACAcaBCacb uncovered-dart
done ACAcaBacbC uncovered-dart
done ACAcaBcabC uncovered-dart
done ACAcaaBcbC uncovered-dart
done ACAcaaaBAb uncovered-dart
done ACAcaabcBC uncovered-dart
done ACAcaacBCb uncovered-dart
done ACAcaacbCB uncovered-dart
done ACAcabCacB uncovered-dart
done ACAcabacBC uncovered-dart
done ACAcabbaBB uncovered-dart
done ACAcabcaBC uncovered-dart
done ACAcacBCab uncovered-dart
done ACAcacBabC uncovered-dart
done ACAcacaBCb uncovered-dart
done ACAcacabCB uncovered-dart
done ACAcacbCaB uncovered-dart
done ACAcacbaBC uncovered-dart
done ACAcbCaacB uncovered-dart
done ACAcbCacaB uncovered-dart
done ACAcbaBBab uncovered-dart
done ACAcbaacBC uncovered-dart
done ACAcbabaBB uncovered-dart
done ACAcbacaBC uncovered-dart
done ACAcbbaBaB uncovered-dart
done ACAcbbaaBB uncovered-dart
done ACAcbcaaBC uncovered-dart
done ACAccBCaab uncovered-dart
done ACAccBaabC uncovered-dart
done ACAccaBCab uncovered-dart
done ACAccaBabC uncovered-dart
done ACAccaaBCb uncovered-dart
done ACAccaabCB uncovered-dart
done ACAccabCaB uncovered-dart
done ACAccabaBC uncovered-dart
done ACAccbCaaB uncovered-dart
done ACAccbaaBC uncovered-dart
done ACBACaaccb uncovered-dart
done ACBACacacb uncovered-dart
done ACBACaccab uncovered-dart
done ACBAbaBacb uncovered-dart
done ACBAbaBcab uncovered-dart
done ACBAbaaBcb uncovered-dart
done ACBAbaabcB uncovered-dart
done ACBAbabacB uncovered-dart
done ACBAbabcaB uncovered-dart
done ACBAbacBab uncovered-dart
done ACBAbacbaB uncovered-dart
done ACBAbbaacB uncovered-dart
done ACBAbbacaB uncovered-dart
done ACBAbbcaaB uncovered-dart
done ACBAbcBaab uncovered-dart
done ACBAbcaBab uncovered-dart
done ACBAbcabaB uncovered-dart
done ACBAbcbaaB uncovered-dart
done ACBAcBaabb uncovered-dart
done ACBAcBabab uncovered-dart
done ACBAcaBabb uncovered-dart
done ACBAcaacbC uncovered-dart
done ACBAcabbaB uncovered-dart
done ACBAcacabC uncovered-dart
done ACBAcbaBab uncovered-dart
done ACBAcbabaB uncovered-dart
done ACBAcbbaaB uncovered-dart
done ACBAccaabC uncovered-dart
done ACBBAbaacb uncovered-dart
done ACBBAbacab uncovered-dart
done ACBBAbcaab uncovered-dart
done ACBBAcaabb uncovered-dart
done ACBBAcabab uncovered-dart
done ACBBAcbaab uncovered-dart
done ACBBBabbcb uncovered-dart
done ACBBBabcbb uncovered-dart
done ACBBBacbbb uncovered-dart
done ACBBBcabbb uncovered-dart
done ACBBBcbabb uncovered-dart
done ACBBBcbbab uncovered-dart
done ACBBCabccb uncovered-dart
done ACBBCacbcb uncovered-dart
done ACBBCaccbb uncovered-dart
done ACBBCbaccb uncovered-dart
done ACBBCbcacb uncovered-dart
done ACBBCbccab uncovered-dart
done ACBBaBcbbb uncovered-dart
done ACBBaabAcb uncovered-dart
done ACBBaacbAb uncovered-dart
done ACBBabAcab uncovered-dart
done ACBBabbbcB uncovered-dart
done ACBBabccbC uncovered-dart
done ACBBacabAb uncovered-dart
done ACBBacbcbC uncovered-dart
done ACBBaccbCb uncovered-dart
done ACBBaccbbC uncovered-dart
done ACBBcBabbb uncovered-dart
done ACBBcaabAb uncovered-dart
done ACBBcabcbC uncovered-dart
done ACBBcacbCb uncovered-dart
done ACBBcacbbC uncovered-dart
done ACBBcbCacb uncovered-dart
done ACBBcbacbC uncovered-dart
done ACBBcbbbaB uncovered-dart
done ACBBcbcabC uncovered-dart
done ACBBccabCb uncovered-dart
done ACBBccabbC uncovered-dart
done ACBBccbCab uncovered-dart
done ACBBccbabC uncovered-dart
done ACBCAcaacb uncovered-dart
done ACBCAcacab uncovered-dart
done ACBCAccaab uncovered-dart
done ACBCBabccb uncovered-dart
done ACBCBacbcb uncovered-dart
done ACBCBaccbb uncovered-dart
done ACBCBcabcb uncovered-dart
done ACBCBcacbb uncovered-dart
done ACBCBcbacb uncovered-dart
done ACBCBcbcab uncovered-dart
done ACBCBccabb uncovered-dart
done ACBCBccbab uncovered-dart
done ACBCCacccb uncovered-dart
done ACBCaBcbcb uncovered-dart
done ACBCaBccbb uncovered-dart
done ACBCabbccB uncovered-dart
done ACBCabcBcb uncovered-dart
done ACBCabcbcB uncovered-dart
done ACBCacBcbb uncovered-dart
done ACBCacbbcB uncovered-dart
done ACBCacccbC uncovered-dart
done ACBCbaBccb uncovered-dart
done ACBCbabccB uncovered-dart
done ACBCbacBcb uncovered-dart
done ACBCbacbcB uncovered-dart
done ACBCbbaccB uncovered-dart
done ACBCbbcacB uncovered-dart
done ACBCbbccaB uncovered-dart
done ACBCbcBacb uncovered-dart
done ACBCbcBcab uncovered-dart
done ACBCbcaBcb uncovered-dart
done ACBCbcabcB uncovered-dart
done ACBCbcbacB uncovered-dart
done ACBCbcbcaB uncovered-dart
done ACBCbccBab uncovered-dart
done ACBCbccbaB uncovered-dart
done ACBaBAbacb uncovered-dart
done ACBaBAbcab uncovered-dart
done ACBaBAcabb uncovered-dart
done ACBaBAcbab uncovered-dart
done ACBaBBcbbb uncovered-dart
done ACBaBCbccb uncovered-dart
done ACBaBabAcb uncovered-dart
done ACBaBacbAb uncovered-dart
done ACBaBcabAb uncovered-dart
done ACBaBcbcbC uncovered-dart
done ACBaBccbCb uncovered-dart
done ACBaBccbbC uncovered-dart
done ACBaaBAbcb uncovered-dart
done ACBaaBAcbb uncovered-dart
done ACBaaBcbAb uncovered-dart
done ACBaabAbcB uncovered-dart
done ACBaabbAcB uncovered-dart
done ACBaabcBAb uncovered-dart
done ACBaacBAbb uncovered-dart
done ACBabAbacB uncovered-dart
done ACBabAbcaB uncovered-dart
done ACBabAcBab uncovered-dart
done ACBabAcbaB uncovered-dart
done ACBabCBccb uncovered-dart
done ACBabCbccB uncovered-dart
done ACBabaBAcb uncovered-dart
done ACBababAcB uncovered-dart
done ACBabacBAb uncovered-dart
done ACBabbAcaB uncovered-dart
done ACBabbbcBB uncovered-dart
done ACBabbccBC uncovered-dart
done ACBabcBcbC uncovered-dart
done ACBabcaBAb uncovered-dart
done ACBabcbcBC uncovered-dart
done ACBabccBCb uncovered-dart
done ACBabccbCB uncovered-dart
done ACBacBAbab uncovered-dart
done ACBacBCbcb uncovered-dart
done ACBacBabAb uncovered-dart
done ACBacBcbCb uncovered-dart
done ACBacBcbbC uncovered-dart
done ACBacaBAbb uncovered-dart
done ACBacbAbaB uncovered-dart
done ACBacbCBcb uncovered-dart
done ACBacbCbcB uncovered-dart
done ACBacbaBAb uncovered-dart
done ACBacbbcBC uncovered-dart
done ACBacbcBCb uncovered-dart
done ACBacbcbCB uncovered-dart
done ACBaccBCbb uncovered-dart
done ACBaccbbCB uncovered-dart
done ACBacccbCC uncovered-dart
done ACBcBAbaab uncovered-dart
done ACBcBBabbb uncovered-dart
done ACBcBCabcb uncovered-dart
done ACBcBCacbb uncovered-dart
done ACBcBCbacb uncovered-dart
done ACBcBCbcab uncovered-dart
done ACBcBaabAb uncovered-dart
done ACBcBabcbC uncovered-dart
done ACBcBacbCb uncovered-dart
done ACBcBacbbC uncovered-dart
done ACBcBcabCb uncovered-dart
done ACBcBcabbC uncovered-dart
done ACBcBcbCab uncovered-dart
done ACBcBcbabC uncovered-dart
done ACBcaBAbab uncovered-dart
done ACBcaBCbcb uncovered-dart
done ACBcaBabAb uncovered-dart
done ACBcaBcbCb uncovered-dart
done ACBcaBcbbC uncovered-dart
done ACBcaaBAbb uncovered-dart
done ACBcabAbaB uncovered-dart
done ACBcabCBcb uncovered-dart
done ACBcabCbcB uncovered-dart
done ACBcabaBAb uncovered-dart
done ACBcabbcBC uncovered-dart
done ACBcabcBCb uncovered-dart
done ACBcabcbCB uncovered-dart
done ACBcacBCbb uncovered-dart
done ACBcacbbCB uncovered-dart
done ACBcaccbCC uncovered-dart
done ACBcbAbaaB uncovered-dart
done ACBcbCBacb uncovered-dart
done ACBcbCBcab uncovered-dart
done ACBcbCaBcb uncovered-dart
done ACBcbCabcB uncovered-dart
done ACBcbCbacB uncovered-dart
done ACBcbCbcaB uncovered-dart
done ACBcbaBcbC uncovered-dart
done ACBcbaaBAb uncovered-dart
done ACBcbabcBC uncovered-dart
done ACBcbacBCb uncovered-dart
done ACBcbacbCB uncovered-dart
done ACBcbbCacB uncovered-dart
done ACBcbbacBC uncovered-dart
done ACBcbbbaBB uncovered-dart
done ACBcbbcaBC uncovered-dart
done ACBcbcBCab uncovered-dart
done ACBcbcBabC uncovered-dart
done ACBcbcaBCb uncovered-dart
done ACBcbcabCB uncovered-dart
done ACBcbcbCaB uncovered-dart
done ACBcbcbaBC uncovered-dart
done ACBccBCabb uncovered-dart
done ACBccBCbab uncovered-dart
done ACBccBabCb uncovered-dart
done ACBccBabbC uncovered-dart
done ACBccaBCbb uncovered-dart
done ACBccabbCB uncovered-dart
done ACBccacbCC uncovered-dart
done ACBccbCBab uncovered-dart
done ACBccbCbaB uncovered-dart
done ACBccbaBCb uncovered-dart
done ACBccbabCB uncovered-dart
done ACBccbbCaB uncovered-dart
done ACBccbbaBC uncovered-dart
done ACBcccabCC uncovered-dart
done ACCAbaaccB uncovered-dart
done ACCAbacacB uncovered-dart
done ACCAbaccaB uncovered-dart
done ACCAbcaacB uncovered-dart
done ACCAbcacaB uncovered-dart
done ACCAbccaaB uncovered-dart
done ACCAcBaacb uncovered-dart
done ACCAcBacab uncovered-dart
done ACCAcBcaab uncovered-dart
done ACCAcaBacb uncovered-dart
done ACCAcaBcab uncovered-dart
done ACCAcaaBcb uncovered-dart
done ACCAcaabcB uncovered-dart
done ACCAcabacB uncovered-dart
done ACCAcabcaB uncovered-dart
done ACCAcacBab uncovered-dart
done ACCAcacbaB uncovered-dart
done ACCAcbaacB uncovered-dart
done ACCAcbacaB uncovered-dart
done ACCAcbcaaB uncovered-dart
done ACCAccBaab uncovered-dart
done ACCAccaBab uncovered-dart
done ACCAccabaB uncovered-dart
done ACCAccbaaB uncovered-dart
done ACCBAcaacb uncovered-dart
done ACCBAcacab uncovered-dart
done ACCBAccaab uncovered-dart
done ACCBBabccb uncovered-dart
done ACCBBacbcb uncovered-dart
done ACCBBaccbb uncovered-dart
done ACCBBcabcb uncovered-dart
done ACCBBcacbb uncovered-dart
done ACCBBcbacb uncovered-dart
done ACCBBcbcab uncovered-dart
done ACCBBccabb uncovered-dart
done ACCBBccbab uncovered-dart
done ACCBCacccb uncovered-dart
done ACCBaBcbcb uncovered-dart
done ACCBaBccbb uncovered-dart
done ACCBabbccB uncovered-dart
done ACCBabcBcb uncovered-dart
done ACCBabcbcB uncovered-dart
done ACCBacBcbb uncovered-dart
done ACCBacbbcB uncovered-dart
done ACCBacccbC uncovered-dart
done ACCBcBabcb uncovered-dart
done ACCBcBacbb uncovered-dart
done ACCBcBcabb uncovered-dart
done ACCBcBcbab uncovered-dart
done ACCBcaBcbb uncovered-dart
done ACCBcabbcB uncovered-dart
done ACCBcaccbC uncovered-dart
done ACCBcbaBcb uncovered-dart
done ACCBcbabcB uncovered-dart
done ACCBcbbacB uncovered-dart
done ACCBcbbcaB uncovered-dart
done ACCBcbcBab uncovered-dart
done ACCBcbcbaB uncovered-dart
done ACCBccBabb uncovered-dart
done ACCBccacbC uncovered-dart
done ACCBccbbaB uncovered-dart
done ACCBcccabC uncovered-dart
done ACCCBacccb uncovered-dart
done ACCCBcaccb uncovered-dart
done ACCCBccacb uncovered-dart
done ACCCBcccab uncovered-dart
done ACCCaBcccb uncovered-dart
done ACCCabcccB uncovered-dart
done ACCCacBccb uncovered-dart
done ACCCacbccB uncovered-dart
done ACCCaccBcb uncovered-dart
done ACCCaccbcB uncovered-dart
done ACCCbacccB uncovered-dart
done ACCCbcaccB uncovered-dart
done ACCCbccacB uncovered-dart
done ACCCbcccaB uncovered-dart
done ACCaBAcacb uncovered-dart
done ACCaBAccab uncovered-dart
done ACCaBBcbcb uncovered-dart
done ACCaBBccbb uncovered-dart
done ACCaBcBcbb uncovered-dart
done ACCaBcbbcB uncovered-dart
done ACCaBcccbC uncovered-dart
done ACCaaBAccb uncovered-dart
done ACCaabAccB uncovered-dart
done ACCaacBAcb uncovered-dart
done ACCaacbAcB uncovered-dart
done ACCaaccBAb uncovered-dart
done ACCabAcacB uncovered-dart
done ACCabAccaB uncovered-dart
done ACCabbcBcB uncovered-dart
done ACCabbccBB uncovered-dart
done ACCabcBBcb uncovered-dart
done ACCabcbcBB uncovered-dart
done ACCabcccBC uncovered-dart
done ACCacBAcab uncovered-dart
done ACCacBBcbb uncovered-dart
done ACCacBccbC uncovered-dart
done ACCacaBAcb uncovered-dart
done ACCacabAcB uncovered-dart
done ACCacacBAb uncovered-dart
done ACCacbAcaB uncovered-dart
done ACCacbbcBB uncovered-dart
done ACCacbccBC uncovered-dart
done ACCaccBcbC uncovered-dart
done ACCaccaBAb uncovered-dart
done ACCaccbcBC uncovered-dart
done ACCacccBCb uncovered-dart
done ACCacccbCB uncovered-dart
done ACCbAcaacB uncovered-dart
done ACCbAcacaB uncovered-dart
done ACCbAccaaB uncovered-dart
done ACCbCacccB uncovered-dart
done ACCbaBBccb uncovered-dart
done ACCbaBcBcb uncovered-dart
done ACCbaBcbcB uncovered-dart
done ACCbabcBcB uncovered-dart
done ACCbabccBB uncovered-dart
done ACCbacBBcb uncovered-dart
done ACCbacbcBB uncovered-dart
done ACCbacccBC uncovered-dart
done ACCbbaBccB uncovered-dart
done ACCbbacBcB uncovered-dart
done ACCbbaccBB uncovered-dart
done ACCbbcBacB uncovered-dart
done ACCbbcBcaB uncovered-dart
done ACCbbcaBcB uncovered-dart
done ACCbbcacBB uncovered-dart
done ACCbbccBaB uncovered-dart
done ACCbbccaBB uncovered-dart
done ACCbcBBacb uncovered-dart
done ACCbcBBcab uncovered-dart
done ACCbcBaBcb uncovered-dart
done ACCbcBabcB uncovered-dart
done ACCbcBcBab uncovered-dart
done ACCbcBcbaB uncovered-dart
done ACCbcaBBcb uncovered-dart
done ACCbcabcBB uncovered-dart
done ACCbcaccBC uncovered-dart
done ACCbcbaBcB uncovered-dart
done ACCbcbacBB uncovered-dart
done ACCbcbcBaB uncovered-dart
done ACCbcbcaBB uncovered-dart
done ACCbccBBab uncovered-dart
done ACCbccacBC uncovered-dart
done ACCbccbaBB uncovered-dart
done ACCbcccaBC uncovered-dart
done ACaBACaccb uncovered-dart
done ACaBAbaBcb uncovered-dart
done ACaBAbabcB uncovered-dart
done ACaBAbbacB uncovered-dart
done ACaBAbbcaB uncovered-dart
done ACaBAbcBab uncovered-dart
done ACaBAbcbaB uncovered-dart
done ACaBAcBabb uncovered-dart
done ACaBAcacbC uncovered-dart
done ACaBAcbbaB uncovered-dart
done ACaBAccabC uncovered-dart
done ACaBBAbacb uncovered-dart
done ACaBBAbcab uncovered-dart
done ACaBBAcabb uncovered-dart
done ACaBBAcbab uncovered-dart
done ACaBBBcbbb uncovered-dart
done ACaBBCbccb uncovered-dart
done ACaBBabAcb uncovered-dart
done ACaBBacbAb uncovered-dart
done ACaBBcabAb uncovered-dart
done ACaBBcbcbC uncovered-dart
done ACaBBccbCb uncovered-dart
done ACaBBccbbC uncovered-dart
done ACaBCAcacb uncovered-dart
done ACaBCAccab uncovered-dart
done ACaBCBcbcb uncovered-dart
done ACaBCBccbb uncovered-dart
done ACaBCbbccB uncovered-dart
done ACaBCbcBcb uncovered-dart
done ACaBCbcbcB uncovered-dart
done ACaBaBAbcb uncovered-dart
done ACaBaBAcbb uncovered-dart
done ACaBaBcbAb uncovered-dart
done ACaBabAbcB uncovered-dart
done ACaBabbAcB uncovered-dart
done ACaBabcBAb uncovered-dart
done ACaBacBAbb uncovered-dart
done ACaBcBAbab uncovered-dart
done ACaBcBCbcb uncovered-dart
done ACaBcBabAb uncovered-dart
done ACaBcBcbCb uncovered-dart
done ACaBcBcbbC uncovered-dart
done ACaBcaBAbb uncovered-dart
done ACaBcbAbaB uncovered-dart
done ACaBcbCBcb uncovered-dart
done ACaBcbCbcB uncovered-dart
done ACaBcbaBAb uncovered-dart
done ACaBcbbcBC uncovered-dart
done ACaBcbcBCb uncovered-dart
done ACaBcbcbCB uncovered-dart
done ACaBccBCbb uncovered-dart
done ACaBccbbCB uncovered-dart
done ACaBcccbCC uncovered-dart
done ACaaBAbbcB uncovered-dart
done ACaaBAccbC uncovered-dart
done ACaaBBAbcb uncovered-dart
done ACaaBBAcbb uncovered-dart
done ACaaBBcbAb uncovered-dart
done ACaaBCAccb uncovered-dart
done ACaaBcBAbb uncovered-dart
done ACaabAbcBB uncovered-dart
done ACaabAccBC uncovered-dart
done ACaabCAccB uncovered-dart
done ACaabbAcBB uncovered-dart
done ACaabcBBAb uncovered-dart
done ACaacBAcbC uncovered-dart
done ACaacBBAbb uncovered-dart
done ACaacBCAcb uncovered-dart
done ACaacbAcBC uncovered-dart
done ACaacbCAcB uncovered-dart
done ACaaccBACb uncovered-dart
done ACaaccBAbC uncovered-dart
done ACaaccBCAb uncovered-dart
done ACabACaccB uncovered-dart
done ACabAbaBcB uncovered-dart
done ACabAbacBB uncovered-dart
done ACabAbcBaB uncovered-dart
done ACabAbcaBB uncovered-dart
done ACabAcBBab uncovered-dart
done ACabAcacBC uncovered-dart
done ACabAcbaBB uncovered-dart
done ACabAccaBC uncovered-dart
done ACabCAcacB uncovered-dart
done ACabCAccaB uncovered-dart
done ACabCBBccb uncovered-dart
done ACabCBcBcb uncovered-dart
done ACabCBcbcB uncovered-dart
done ACabCbcBcB uncovered-dart
done ACabCbccBB uncovered-dart
done ACabaBAbcB uncovered-dart
done ACabaBBAcb uncovered-dart
done ACabaBcBAb uncovered-dart
done ACababAcBB uncovered-dart
done ACabacBBAb uncovered-dart
done ACabbAcBaB uncovered-dart
done ACabbAcaBB uncovered-dart
done ACabbCBccB uncovered-dart
done ACabbaBAcB uncovered-dart
done ACabbbcBBB uncovered-dart
done ACabbcBcBC uncovered-dart
done ACabbccBBC uncovered-dart
done ACabbccBCB uncovered-dart
done ACabcBAbaB uncovered-dart
done ACabcBBcbC uncovered-dart
done ACabcBCBcb uncovered-dart
done ACabcBCbcB uncovered-dart
done ACabcBaBAb uncovered-dart
done ACabcBcBCb uncovered-dart
done ACabcBcbCB uncovered-dart
done ACabcaBBAb uncovered-dart
done ACabcbCBcB uncovered-dart
done ACabcbcBBC uncovered-dart
done ACabcbcBCB uncovered-dart
done ACabccBBCb uncovered-dart
done ACabccbCBB uncovered-dart
done ACabcccBCC uncovered-dart
done ACacBACacb uncovered-dart
done ACacBAbbaB uncovered-dart
done ACacBAcabC uncovered-dart
done ACacBBAbab uncovered-dart
done ACacBBCbcb uncovered-dart
done ACacBBabAb uncovered-dart
done ACacBBcbCb uncovered-dart
done ACacBBcbbC uncovered-dart
done ACacBCAcab uncovered-dart
done ACacBCBcbb uncovered-dart
done ACacBCbbcB uncovered-dart
done ACacBaBAbb uncovered-dart
done ACacBcBCbb uncovered-dart
done ACacBcbbCB uncovered-dart
done ACacBccbCC uncovered-dart
done ACacaBAcbC uncovered-dart
done ACacaBBAbb uncovered-dart
done ACacaBCAcb uncovered-dart
done ACacabAcBC uncovered-dart
done ACacabCAcB uncovered-dart
done ACacacBACb uncovered-dart
done ACacacBAbC uncovered-dart
done ACacacBCAb uncovered-dart
done ACacbAbaBB uncovered-dart
done ACacbAcaBC uncovered-dart
done ACacbCAcaB uncovered-dart
done ACacbCBBcb uncovered-dart
done ACacbCbcBB uncovered-dart
done ACacbaBBAb uncovered-dart
done ACacbbCBcB uncovered-dart
done ACacbbcBBC uncovered-dart
done ACacbbcBCB uncovered-dart
done ACacbcBBCb uncovered-dart
done ACacbcbCBB uncovered-dart
done ACacbccBCC uncovered-dart
done ACaccBBCbb uncovered-dart
done ACaccBcbCC uncovered-dart
done ACaccaBACb uncovered-dart
done ACaccaBAbC uncovered-dart
done ACaccaBCAb uncovered-dart
done ACaccbbCBB uncovered-dart
done ACaccbcBCC uncovered-dart
done ACacccBCCb uncovered-dart
done ACacccBCbC uncovered-dart
done ACacccbCBC uncovered-dart
done ACacccbCCB uncovered-dart
done ACbAbaBacB uncovered-dart
done ACbAbaBcaB uncovered-dart
done ACbAbaaBcB uncovered-dart
done ACbAbaacBB uncovered-dart
done ACbAbacBaB uncovered-dart
done ACbAbacaBB uncovered-dart
done ACbAbcBaaB uncovered-dart
done ACbAbcaBaB uncovered-dart
done ACbAbcaaBB uncovered-dart
done ACbAcBBaab uncovered-dart
done ACbAcBaBab uncovered-dart
done ACbAcBabaB uncovered-dart
done ACbAcaBBab uncovered-dart
done ACbAcaacBC uncovered-dart
done ACbAcabaBB uncovered-dart
done ACbAcacaBC uncovered-dart
done ACbAcbaBaB uncovered-dart
done ACbAcbaaBB uncovered-dart
done ACbAccaaBC uncovered-dart
done ACbCAcaacB uncovered-dart
done ACbCAcacaB uncovered-dart
done ACbCAccaaB uncovered-dart
done ACbCBBaccb uncovered-dart
done ACbCBBcacb uncovered-dart
done ACbCBBccab uncovered-dart
done ACbCBaBccb uncovered-dart
done ACbCBabccB uncovered-dart
done ACbCBacBcb uncovered-dart
done ACbCBacbcB uncovered-dart
done ACbCBcBacb uncovered-dart
done ACbCBcBcab uncovered-dart
done ACbCBcaBcb uncovered-dart
done ACbCBcabcB uncovered-dart
done ACbCBcbacB uncovered-dart
done ACbCBcbcaB uncovered-dart
done ACbCBccBab uncovered-dart
done ACbCBccbaB uncovered-dart
done ACbCCacccB uncovered-dart
done ACbCaBBccb uncovered-dart
done ACbCaBcBcb uncovered-dart
done ACbCaBcbcB uncovered-dart
done ACbCabcBcB uncovered-dart
done ACbCabccBB uncovered-dart
done ACbCacBBcb uncovered-dart
done ACbCacbcBB uncovered-dart
done ACbCacccBC uncovered-dart
done ACbCbaBccB uncovered-dart
done ACbCbacBcB uncovered-dart
done ACbCbaccBB uncovered-dart
done ACbCbcBacB uncovered-dart
done ACbCbcBcaB uncovered-dart
done ACbCbcaBcB uncovered-dart
done ACbCbcacBB uncovered-dart
done ACbCbccBaB uncovered-dart
done ACbCbccaBB uncovered-dart
done ACbaBAbacB uncovered-dart
done ACbaBAbcaB uncovered-dart
done ACbaBAcBab uncovered-dart
done ACbaBAcbaB uncovered-dart
done ACbaBBAcab uncovered-dart
done ACbaBBBcbb uncovered-dart
done ACbaBBccbC uncovered-dart
done ACbaBCBccb uncovered-dart
done ACbaBCbccB uncovered-dart
done ACbaBaBAcb uncovered-dart
done ACbaBabAcB uncovered-dart
done ACbaBacBAb uncovered-dart
done ACbaBcBcbC uncovered-dart
done ACbaBcaBAb uncovered-dart
done ACbaBcbcBC uncovered-dart
done ACbaBccBCb uncovered-dart
done ACbaBccbCB uncovered-dart
done ACbaaBAbcB uncovered-dart
done ACbaaBBAcb uncovered-dart
done ACbaaBcBAb uncovered-dart
done ACbaabAcBB uncovered-dart
done ACbaacBBAb uncovered-dart
done ACbabAcBaB uncovered-dart
done ACbabAcaBB uncovered-dart
done ACbabCBccB uncovered-dart
done ACbabaBAcB uncovered-dart
done ACbabbcBBB uncovered-dart
done ACbabcBcBC uncovered-dart
done ACbabccBBC uncovered-dart
done ACbabccBCB uncovered-dart
done ACbacBAbaB uncovered-dart
done ACbacBBcbC uncovered-dart
done ACbacBCBcb uncovered-dart
done ACbacBCbcB uncovered-dart
done ACbacBaBAb uncovered-dart
done ACbacBcBCb uncovered-dart
done ACbacBcbCB uncovered-dart
done ACbacaBBAb uncovered-dart
done ACbacbCBcB uncovered-dart
done ACbacbcBBC uncovered-dart
done ACbacbcBCB uncovered-dart
done ACbaccBBCb uncovered-dart
done ACbaccbCBB uncovered-dart
done ACbacccBCC uncovered-dart
done ACbbAcBaaB uncovered-dart
done ACbbAcaBaB uncovered-dart
done ACbbAcaaBB uncovered-dart
done ACbbCBaccB uncovered-dart
done ACbbCBcacB uncovered-dart
done ACbbCBccaB uncovered-dart
done ACbbCaBccB uncovered-dart
done ACbbCacBcB uncovered-dart
done ACbbCaccBB uncovered-dart
done ACbbaBAcaB uncovered-dart
done ACbbaBBBcb uncovered-dart
done ACbbaBccBC uncovered-dart
done ACbbaaBAcB uncovered-dart
done ACbbabcBBB uncovered-dart
done ACbbacBcBC uncovered-dart
done ACbbaccBBC uncovered-dart
done ACbbaccBCB uncovered-dart
done ACbbbaBBcB uncovered-dart
done ACbbbaBcBB uncovered-dart
done ACbbbacBBB uncovered-dart
done ACbbbcBBaB uncovered-dart
done ACbbbcBaBB uncovered-dart
done ACbbbcaBBB uncovered-dart
done ACbbcBBBab uncovered-dart
done ACbbcBCacB uncovered-dart
done ACbbcBacBC uncovered-dart
done ACbbcBcaBC uncovered-dart
done ACbbcaBcBC uncovered-dart
done ACbbcacBBC uncovered-dart
done ACbbcacBCB uncovered-dart
done ACbbcbaBBB uncovered-dart
done ACbbccBCaB uncovered-dart
done ACbbccBaBC uncovered-dart
done ACbbccaBBC uncovered-dart
done ACbbccaBCB uncovered-dart
done ACbcBAbaaB uncovered-dart
done ACbcBBBabb uncovered-dart
done ACbcBBCacb uncovered-dart
done ACbcBBacbC uncovered-dart
done ACbcBBcabC uncovered-dart
done ACbcBCBacb uncovered-dart
done ACbcBCBcab uncovered-dart
done ACbcBCaBcb uncovered-dart
done ACbcBCabcB uncovered-dart
done ACbcBCbacB uncovered-dart
done ACbcBCbcaB uncovered-dart
done ACbcBaBcbC uncovered-dart
done ACbcBaaBAb uncovered-dart
done ACbcBabcBC uncovered-dart
done ACbcBacBCb uncovered-dart
done ACbcBacbCB uncovered-dart
done ACbcBcBCab uncovered-dart
done ACbcBcBabC uncovered-dart
done ACbcBcaBCb uncovered-dart
done ACbcBcabCB uncovered-dart
done ACbcBcbCaB uncovered-dart
done ACbcBcbaBC uncovered-dart
done ACbcaBAbaB uncovered-dart
done ACbcaBBcbC uncovered-dart
done ACbcaBCBcb uncovered-dart
done ACbcaBCbcB uncovered-dart
done ACbcaBaBAb uncovered-dart
done ACbcaBcBCb uncovered-dart
done ACbcaBcbCB uncovered-dart
done ACbcaaBBAb uncovered-dart
done ACbcabCBcB uncovered-dart
done ACbcabcBBC uncovered-dart
done ACbcabcBCB uncovered-dart
done ACbcacBBCb uncovered-dart
done ACbcacbCBB uncovered-dart
done ACbcaccBCC uncovered-dart
done ACbcbCBacB uncovered-dart
done ACbcbCBcaB uncovered-dart
done ACbcbCaBcB uncovered-dart
done ACbcbCacBB uncovered-dart
done ACbcbaBcBC uncovered-dart
done ACbcbacBBC uncovered-dart
done ACbcbacBCB uncovered-dart
done ACbcbbaBBB uncovered-dart
done ACbcbcBCaB uncovered-dart
done ACbcbcBaBC uncovered-dart
done ACbcbcaBBC uncovered-dart
done ACbcbcaBCB uncovered-dart
done ACbccBBCab uncovered-dart
done ACbccBBabC uncovered-dart
done ACbccBCBab uncovered-dart
done ACbccBCbaB uncovered-dart
done ACbccBaBCb uncovered-dart
done ACbccBabCB uncovered-dart
done ACbccaBBCb uncovered-dart
done ACbccabCBB uncovered-dart
done ACbccacBCC uncovered-dart
done ACbccbCBaB uncovered-dart
done ACbccbCaBB uncovered-dart
done ACbccbaBBC uncovered-dart
done ACbccbaBCB uncovered-dart
done ACbcccaBCC uncovered-dart
done AbAbCBaacB uncovered-dart
done AbAbCBacaB uncovered-dart
done AbAbCBcaaB uncovered-dart
done AbAbCaBacB uncovered-dart
done AbAbCaBcaB uncovered-dart
done AbAbCaaBcB uncovered-dart
done AbAbCaacBB uncovered-dart
done AbAbCacBaB uncovered-dart
done AbAbCacaBB uncovered-dart
done AbAbaBBBab uncovered-dart
done AbAbaBCacB uncovered-dart
done AbAbaBacBC uncovered-dart
done AbAbaBcaBC uncovered-dart
done AbAbaaBcBC uncovered-dart
done AbAbaacBBC uncovered-dart
done AbAbaacBCB uncovered-dart
done AbAbabaBBB uncovered-dart
done AbAbacBCaB uncovered-dart
done AbAbacBaBC uncovered-dart
done AbAbacaBBC uncovered-dart
done AbAbacaBCB uncovered-dart
done AbAbbaBBaB uncovered-dart
done AbAbbaBaBB uncovered-dart
done AbAbbaaBBB uncovered-dart
done AbAbcBCaaB uncovered-dart
done AbAbcBaaBC uncovered-dart
done AbAbcaBCaB uncovered-dart
done AbAbcaBaBC uncovered-dart
done AbAbcaaBBC uncovered-dart
done AbAbcaaBCB uncovered-dart
done AbAcBBCaab uncovered-dart
done AbAcBBaabC uncovered-dart
done AbAcBCBaab uncovered-dart
done AbAcBCaBab uncovered-dart
done AbAcBCabaB uncovered-dart
done AbAcBCbaaB uncovered-dart
done AbAcBaBCab uncovered-dart
done AbAcBaBabC uncovered-dart
done AbAcBaaBCb uncovered-dart
done AbAcBaabCB uncovered-dart
done AbAcBabCaB uncovered-dart
done AbAcBabaBC uncovered-dart
done AbAcaBBCab uncovered-dart
done AbAcaBBabC uncovered-dart
done AbAcaBCBab uncovered-dart
done AbAcaBCbaB uncovered-dart
done AbAcaBaBCb uncovered-dart
done AbAcaBabCB uncovered-dart
done AbAcaaBBCb uncovered-dart
done AbAcaabCBB uncovered-dart
done AbAcaacBCC uncovered-dart
done AbAcabCBaB uncovered-dart
done AbAcabCaBB uncovered-dart
done AbAcabaBBC uncovered-dart
done AbAcabaBCB uncovered-dart
done AbAcacaBCC uncovered-dart
done AbAcbCBaaB uncovered-dart
done AbAcbCaBaB uncovered-dart
done AbAcbCaaBB uncovered-dart
done AbAcbaBCaB uncovered-dart
done AbAcbaBaBC uncovered-dart
done AbAcbaaBBC uncovered-dart
done AbAcbaaBCB uncovered-dart
done AbAccaaBCC uncovered-dart
done AbCAbaBacB uncovered-dart
done AbCAbaBcaB uncovered-dart
done AbCAbaaBcB uncovered-dart
done AbCAbaacBB uncovered-dart
done AbCAbacBaB uncovered-dart
done AbCAbacaBB uncovered-dart
done AbCAbcBaaB uncovered-dart
done AbCAbcaBaB uncovered-dart
done AbCAbcaaBB uncovered-dart
done AbCAcBBaab uncovered-dart
done AbCAcBaBab uncovered-dart
done AbCAcBabaB uncovered-dart
done AbCAcaBBab uncovered-dart
done AbCAcaacBC uncovered-dart
done AbCAcabaBB uncovered-dart
done AbCAcacaBC uncovered-dart
done AbCAcbaBaB uncovered-dart
done AbCAcbaaBB uncovered-dart
done AbCAccaaBC uncovered-dart
done AbCBAbaacB uncovered-dart
done AbCBAbacaB uncovered-dart
done AbCBAbcaaB uncovered-dart
done AbCBAcBaab uncovered-dart
done AbCBAcaBab uncovered-dart
done AbCBAcabaB uncovered-dart
done AbCBAcbaaB uncovered-dart
done AbCBBAcaab uncovered-dart
done AbCBBBabcb uncovered-dart
done AbCBBBacbb uncovered-dart
done AbCBBBcabb uncovered-dart
done AbCBBBcbab uncovered-dart
done AbCBBCaccb uncovered-dart
done AbCBBaBcbb uncovered-dart
done AbCBBabbcB uncovered-dart
done AbCBBaccbC uncovered-dart
done AbCBBcBabb uncovered-dart
done AbCBBcacbC uncovered-dart
done AbCBBcbbaB uncovered-dart
done AbCBBccabC uncovered-dart
done AbCBCBaccb uncovered-dart
done AbCBCBcacb uncovered-dart
done AbCBCBccab uncovered-dart
done AbCBCaBccb uncovered-dart
done AbCBCabccB uncovered-dart
done AbCBCacBcb uncovered-dart
done AbCBCacbcB uncovered-dart
done AbCBCbaccB uncovered-dart
done AbCBCbcacB uncovered-dart
done AbCBCbccaB uncovered-dart
done AbCBaBAcab uncovered-dart
done AbCBaBBcbb uncovered-dart
done AbCBaBccbC uncovered-dart
done AbCBaaBAcb uncovered-dart
done AbCBaabAcB uncovered-dart
done AbCBabAcaB uncovered-dart
done AbCBabbcBB uncovered-dart
done AbCBabccBC uncovered-dart
done AbCBacBcbC uncovered-dart
done AbCBacbcBC uncovered-dart
done AbCBaccBCb uncovered-dart
done AbCBaccbCB uncovered-dart
done AbCBcBBabb uncovered-dart
done AbCBcBCacb uncovered-dart
done AbCBcBacbC uncovered-dart
done AbCBcBcabC uncovered-dart
done AbCBcaBcbC uncovered-dart
done AbCBcabcBC uncovered-dart
done AbCBcacBCb uncovered-dart
done AbCBcacbCB uncovered-dart
done AbCBcbCacB uncovered-dart
done AbCBcbacBC uncovered-dart
done AbCBcbbaBB uncovered-dart
done AbCBcbcaBC uncovered-dart
done AbCBccBCab uncovered-dart
done AbCBccBabC uncovered-dart
done AbCBccaBCb uncovered-dart
done AbCBccabCB uncovered-dart
done AbCBccbCaB uncovered-dart
done AbCBccbaBC uncovered-dart
done AbCCAcaacB uncovered-dart
done AbCCAcacaB uncovered-dart
done AbCCAccaaB uncovered-dart
done AbCCBBaccb uncovered-dart
done AbCCBBcacb uncovered-dart
done AbCCBBccab uncovered-dart
done AbCCBaBccb uncovered-dart
done AbCCBabccB uncovered-dart
done AbCCBacBcb uncovered-dart
done AbCCBacbcB uncovered-dart
done AbCCBcBacb uncovered-dart
done AbCCBcBcab uncovered-dart
done AbCCBcaBcb uncovered-dart
done AbCCBcabcB uncovered-dart
done AbCCBcbacB uncovered-dart
done AbCCBcbcaB uncovered-dart
done AbCCBccBab uncovered-dart
done AbCCBccbaB uncovered-dart
done AbCCCacccB uncovered-dart
done AbCCaBBccb uncovered-dart
done AbCCaBcBcb uncovered-dart
done AbCCaBcbcB uncovered-dart
done AbCCabcBcB uncovered-dart
done AbCCabccBB uncovered-dart
done AbCCacBBcb uncovered-dart
done AbCCacbcBB uncovered-dart
done AbCCacccBC uncovered-dart
done AbCCbaBccB uncovered-dart
done AbCCbacBcB uncovered-dart
done AbCCbaccBB uncovered-dart
done AbCCbcBacB uncovered-dart
done AbCCbcBcaB uncovered-dart
done AbCCbcaBcB uncovered-dart
done AbCCbcacBB uncovered-dart
done AbCCbccBaB uncovered-dart
done AbCCbccaBB uncovered-dart
done AbCaBAbacB uncovered-dart
done AbCaBAbcaB uncovered-dart
done AbCaBAcBab uncovered-dart
done AbCaBAcbaB uncovered-dart
done AbCaBBAcab uncovered-dart
done AbCaBBBcbb uncovered-dart
done AbCaBBccbC uncovered-dart
done AbCaBCBccb uncovered-dart
done AbCaBCbccB uncovered-dart
done AbCaBaBAcb uncovered-dart
done AbCaBabAcB uncovered-dart
done AbCaBcBcbC uncovered-dart
done AbCaBcbcBC uncovered-dart
done AbCaBccBCb uncovered-dart
done AbCaBccbCB uncovered-dart
done AbCaaBAbcB uncovered-dart
done AbCaaBBAcb uncovered-dart
done AbCaabAcBB uncovered-dart
done AbCabAcBaB uncovered-dart
done AbCabAcaBB uncovered-dart
done AbCabCBccB uncovered-dart
done AbCabaBAcB uncovered-dart
done AbCabbcBBB uncovered-dart
done AbCabcBcBC uncovered-dart
done AbCabccBBC uncovered-dart
done AbCabccBCB uncovered-dart
done AbCacBAbaB uncovered-dart
done AbCacBBcbC uncovered-dart
done AbCacBCBcb uncovered-dart
done AbCacBCbcB uncovered-dart
done AbCacBcBCb uncovered-dart
done AbCacBcbCB uncovered-dart
done AbCacbCBcB uncovered-dart
done AbCacbcBBC uncovered-dart
done AbCacbcBCB uncovered-dart
done AbCaccBBCb uncovered-dart
done AbCaccbCBB uncovered-dart
done AbCacccBCC uncovered-dart
done AbCbAcBaaB uncovered-dart
done AbCbAcaBaB uncovered-dart
done AbCbAcaaBB uncovered-dart
done AbCbCBaccB uncovered-dart
done AbCbCBcacB uncovered-dart
done AbCbCBccaB uncovered-dart
done AbCbCaBccB uncovered-dart
done AbCbCacBcB uncovered-dart
done AbCbCaccBB uncovered-dart
done AbCbaBAcaB uncovered-dart
done AbCbaBBBcb uncovered-dart
done AbCbaBccBC uncovered-dart
done AbCbaaBAcB uncovered-dart
done AbCbabcBBB uncovered-dart
done AbCbacBcBC uncovered-dart
done AbCbaccBBC uncovered-dart
done AbCbaccBCB uncovered-dart
done AbCbbaBBcB uncovered-dart
done AbCbbaBcBB uncovered-dart
done AbCbbacBBB uncovered-dart
done AbCbbcBBaB uncovered-dart
done AbCbbcBaBB uncovered-dart
done AbCbbcaBBB uncovered-dart
done AbCbcBBBab uncovered-dart
done AbCbcBCacB uncovered-dart
done AbCbcBacBC uncovered-dart
done AbCbcBcaBC uncovered-dart
done AbCbcaBcBC uncovered-dart
done AbCbcacBBC uncovered-dart
done AbCbcacBCB uncovered-dart
done AbCbcbaBBB uncovered-dart
done AbCbccBCaB uncovered-dart
done AbCbccBaBC uncovered-dart
done AbCbccaBBC uncovered-dart
done AbCbccaBCB uncovered-dart
done AbaBAbacBC uncovered-dart
done AbaBAbbaBB uncovered-dart
done AbaBAbcaBC uncovered-dart
done AbaBAcBCab uncovered-dart
done AbaBAcBabC uncovered-dart
done AbaBAcaBCb uncovered-dart
done AbaBAcabCB uncovered-dart
done AbaBAcbCaB uncovered-dart
done AbaBAcbaBC uncovered-dart
done AbaBBAbbaB uncovered-dart
done AbaBBAcabC uncovered-dart
done AbaBBBAbab uncovered-dart
done AbaBBBCbcb uncovered-dart
done AbaBBBcbCb uncovered-dart
done AbaBBBcbbC uncovered-dart
done AbaBBCAcab uncovered-dart
done AbaBBCBcbb uncovered-dart
done AbaBBCbbcB uncovered-dart
done AbaBBaBAbb uncovered-dart
done AbaBBcBCbb uncovered-dart
done AbaBBcbbCB uncovered-dart
done AbaBBccbCC uncovered-dart
done AbaBCAbacB uncovered-dart
done AbaBCAbcaB uncovered-dart
done AbaBCAcBab uncovered-dart
done AbaBCAcbaB uncovered-dart
done AbaBCBAcab uncovered-dart
done AbaBCBBcbb uncovered-dart
done AbaBCBccbC uncovered-dart
done AbaBCCBccb uncovered-dart
done AbaBCCbccB uncovered-dart
done AbaBCaBAcb uncovered-dart
done AbaBCabAcB uncovered-dart
done AbaBCbAcaB uncovered-dart
done AbaBCbbcBB uncovered-dart
done AbaBCbccBC uncovered-dart
done AbaBaBAcbC uncovered-dart
done AbaBaBBAbb uncovered-dart
done AbaBaBCAcb uncovered-dart
done AbaBabAcBC uncovered-dart
done AbaBabCAcB uncovered-dart
done AbaBcBBCbb uncovered-dart
done AbaBcBcbCC uncovered-dart
done AbaBcbbCBB uncovered-dart
done AbaBcbcBCC uncovered-dart
done AbaBccBCCb uncovered-dart
done AbaBccBCbC uncovered-dart
done AbaBccbCBC uncovered-dart
done AbaBccbCCB uncovered-dart
done AbaaBAbcBC uncovered-dart
done AbaaBAcBCb uncovered-dart
done AbaaBAcbCB uncovered-dart
done AbaaBBAcbC uncovered-dart
done AbaaBBBAbb uncovered-dart
done AbaaBBCAcb uncovered-dart
done AbaaBCAbcB uncovered-dart
done AbaaBCBAcb uncovered-dart
done AbaaBCbAcB uncovered-dart
done AbaabAcBBC uncovered-dart
done AbaabAcBCB uncovered-dart
done AbaabCAcBB uncovered-dart
done AbaabCBAcB uncovered-dart
done AbabAcBCaB uncovered-dart
done AbabAcBaBC uncovered-dart
done AbabAcaBBC uncovered-dart
done AbabAcaBCB uncovered-dart
done AbabCAcBaB uncovered-dart
done AbabCAcaBB uncovered-dart
done AbabCBAcaB uncovered-dart
done AbabCBBBcb uncovered-dart
done AbabCBccBC uncovered-dart
done AbabCCBccB uncovered-dart
done AbabCaBAcB uncovered-dart
done AbabCbcBBB uncovered-dart
done AbabaBAcBC uncovered-dart
done AbabaBCAcB uncovered-dart
done AbabbCBBcB uncovered-dart
done AbabbCBcBB uncovered-dart
done AbabbcBBBC uncovered-dart
done AbabbcBBCB uncovered-dart
done AbabbcBCBB uncovered-dart
done AbabcBBBCb uncovered-dart
done AbabcBcBCC uncovered-dart
done AbabcbCBBB uncovered-dart
done AbabccBBCC uncovered-dart
done AbabccBCBC uncovered-dart
done AbabccBCCB uncovered-dart
done AbacBBBCbb uncovered-dart
done AbacBBcbCC uncovered-dart
done AbacBCBcbC uncovered-dart
done AbacBCCBcb uncovered-dart
done AbacBCCbcB uncovered-dart
done AbacBCbcBC uncovered-dart
done AbacBcBCCb uncovered-dart
done AbacBcBCbC uncovered-dart
done AbacBcbCBC uncovered-dart
done AbacBcbCCB uncovered-dart
done AbacbCBcBC uncovered-dart
done AbacbCCBcB uncovered-dart
done AbacbbCBBB uncovered-dart
done AbacbcBBCC uncovered-dart
done AbacbcBCBC uncovered-dart
done AbacbcBCCB uncovered-dart
done AbaccBBCCb uncovered-dart
done AbaccBBCbC uncovered-dart
done AbaccBCBCb uncovered-dart
done AbaccBCbCB uncovered-dart
done AbaccbCBBC uncovered-dart
done AbaccbCBCB uncovered-dart
done AbaccbCCBB uncovered-dart
done AbacccBCCC uncovered-dart
done AbbAcBCaaB uncovered-dart
done AbbAcBaaBC uncovered-dart
done AbbAcaBCaB uncovered-dart
done AbbAcaBaBC uncovered-dart
done AbbAcaaBBC uncovered-dart
done AbbAcaaBCB uncovered-dart
done AbbCAcBaaB uncovered-dart
done AbbCAcaBaB uncovered-dart
done AbbCAcaaBB uncovered-dart
done AbbCBAcaaB uncovered-dart
done AbbCBBBacb uncovered-dart
done AbbCBBBcab uncovered-dart
done AbbCBBaBcb uncovered-dart
done AbbCBBabcB uncovered-dart
done AbbCBBcBab uncovered-dart
done AbbCBBcbaB uncovered-dart
done AbbCBCaccB uncovered-dart
done AbbCBaBBcb uncovered-dart
done AbbCBabcBB uncovered-dart
done AbbCBaccBC uncovered-dart
done AbbCBcBBab uncovered-dart
done AbbCBcacBC uncovered-dart
done AbbCBcbaBB uncovered-dart
done AbbCBccaBC uncovered-dart
done AbbCCBaccB uncovered-dart
done AbbCCBcacB uncovered-dart
done AbbCCBccaB uncovered-dart
done AbbCCaBccB uncovered-dart
done AbbCCacBcB uncovered-dart
done AbbCCaccBB uncovered-dart
done AbbCaBAcaB uncovered-dart
done AbbCaBBBcb uncovered-dart
done AbbCaBccBC uncovered-dart
done AbbCaaBAcB uncovered-dart
done AbbCabcBBB uncovered-dart
done AbbCacBcBC uncovered-dart
done AbbCaccBBC uncovered-dart
done AbbCaccBCB uncovered-dart
done AbbCbaBBcB uncovered-dart
done AbbCbaBcBB uncovered-dart
done AbbCbacBBB uncovered-dart
done AbbCbcBBaB uncovered-dart
done AbbCbcBaBB uncovered-dart
done AbbCbcaBBB uncovered-dart
done AbbaBAcaBC uncovered-dart
done AbbaBBBcbC uncovered-dart
done AbbaBBCBcb uncovered-dart
done AbbaBBCbcB uncovered-dart
done AbbaBBcBCb uncovered-dart
done AbbaBBcbCB uncovered-dart
done AbbaBCAcaB uncovered-dart
done AbbaBCBBcb uncovered-dart
done AbbaBCbcBB uncovered-dart
done AbbaBcBBCb uncovered-dart
done AbbaBcbCBB uncovered-dart
done AbbaBccBCC uncovered-dart
done AbbaaBAcBC uncovered-dart
done AbbaaBCAcB uncovered-dart
done AbbabCBBcB uncovered-dart
done AbbabCBcBB uncovered-dart
done AbbabcBBBC uncovered-dart
done AbbabcBBCB uncovered-dart
done AbbabcBCBB uncovered-dart
done AbbacBBBCb uncovered-dart
done AbbacBcBCC uncovered-dart
done AbbacbCBBB uncovered-dart
done AbbaccBBCC uncovered-dart
done AbbaccBCBC uncovered-dart
done AbbaccBCCB uncovered-dart
done AbbbCBBacB uncovered-dart
done AbbbCBBcaB uncovered-dart
done AbbbCBaBcB uncovered-dart
done AbbbCBacBB uncovered-dart
done AbbbCBcBaB uncovered-dart
done AbbbCBcaBB uncovered-dart
done AbbbCaBBcB uncovered-dart
done AbbbCaBcBB uncovered-dart
done AbbbCacBBB uncovered-dart
done AbbbaBBcBC uncovered-dart
done AbbbaBCBcB uncovered-dart
done AbbbaBcBBC uncovered-dart
done AbbbaBcBCB uncovered-dart
done AbbbacBBBC uncovered-dart
done AbbbacBBCB uncovered-dart
done AbbbacBCBB uncovered-dart
done AbbbbaBBBB uncovered-dart
done AbbbcBBCaB uncovered-dart
done AbbbcBBaBC uncovered-dart
done AbbbcBCBaB uncovered-dart
done AbbbcBCaBB uncovered-dart
done AbbbcBaBBC uncovered-dart
done AbbbcBaBCB uncovered-dart
done AbbbcaBBBC uncovered-dart
done AbbbcaBBCB uncovered-dart
done AbbbcaBCBB uncovered-dart
done AbbcBBBCab uncovered-dart
done AbbcBBBabC uncovered-dart
done AbbcBBCBab uncovered-dart
done AbbcBBCbaB uncovered-dart
done AbbcBBaBCb uncovered-dart
done AbbcBBabCB uncovered-dart
done AbbcBCBBab uncovered-dart
done AbbcBCCacB uncovered-dart
done AbbcBCacBC uncovered-dart
done AbbcBCbaBB uncovered-dart
done AbbcBaBBCb uncovered-dart
done AbbcBabCBB uncovered-dart
done AbbcBacBCC uncovered-dart
done AbbcBcaBCC uncovered-dart
done AbbcaBBBCb uncovered-dart
done AbbcaBcBCC uncovered-dart
done AbbcabCBBB uncovered-dart
done AbbcacBBCC uncovered-dart
done AbbcacBCBC uncovered-dart
done AbbcacBCCB uncovered-dart
done AbbcbCBBaB uncovered-dart
done AbbcbCBaBB uncovered-dart
done AbbcbCaBBB uncovered-dart
done AbbcbaBBBC uncovered-dart
done AbbcbaBBCB uncovered-dart
done AbbcbaBCBB uncovered-dart
done AbbccBCCaB uncovered-dart
done AbbccBCaBC uncovered-dart
done AbbccBaBCC uncovered-dart
done AbbccaBBCC uncovered-dart
done AbbccaBCBC uncovered-dart
done AbbccaBCCB uncovered-dart
done AbcBBBCabb uncovered-dart
done AbcBBBCbab uncovered-dart
done AbcBBBabCb uncovered-dart
done AbcBBBabbC uncovered-dart
done AbcBBCBabb uncovered-dart
done AbcBBCCacb uncovered-dart
done AbcBBCacbC uncovered-dart
done AbcBBCbbaB uncovered-dart
done AbcBBaBCbb uncovered-dart
done AbcBBabbCB uncovered-dart
done AbcBBacbCC uncovered-dart
done AbcBBcabCC uncovered-dart
done AbcBCBBabb uncovered-dart
done AbcBCBCacb uncovered-dart
done AbcBCBacbC uncovered-dart
done AbcBCBcabC uncovered-dart
done AbcBCCBacb uncovered-dart
done AbcBCCBcab uncovered-dart
done AbcBCCaBcb uncovered-dart
done AbcBCCabcB uncovered-dart
done AbcBCCbacB uncovered-dart
done AbcBCCbcaB uncovered-dart
done AbcBCaBcbC uncovered-dart
done AbcBCabcBC uncovered-dart
done AbcBCacBCb uncovered-dart
done AbcBCacbCB uncovered-dart
done AbcBCbCacB uncovered-dart
done AbcBCbacBC uncovered-dart
done AbcBCbbaBB uncovered-dart
done AbcBCbcaBC uncovered-dart
done AbcBaBBCbb uncovered-dart
done AbcBaBcbCC uncovered-dart
done AbcBabbCBB uncovered-dart
done AbcBabcBCC uncovered-dart
done AbcBacBCCb uncovered-dart
done AbcBacBCbC uncovered-dart
done AbcBacbCBC uncovered-dart
done AbcBacbCCB uncovered-dart
done AbcBcBCCab uncovered-dart
done AbcBcBCabC uncovered-dart
done AbcBcBabCC uncovered-dart
done AbcBcaBCCb uncovered-dart
done AbcBcaBCbC uncovered-dart
done AbcBcabCBC uncovered-dart
done AbcBcabCCB uncovered-dart
done AbcBcbCCaB uncovered-dart
done AbcBcbCaBC uncovered-dart
done AbcBcbaBCC uncovered-dart
done AbcaBBBCbb uncovered-dart
done AbcaBBcbCC uncovered-dart
done AbcaBCBcbC uncovered-dart
done AbcaBCCBcb uncovered-dart
done AbcaBCCbcB uncovered-dart
done AbcaBCbcBC uncovered-dart
done AbcaBcBCCb uncovered-dart
done AbcaBcBCbC uncovered-dart
done AbcaBcbCBC uncovered-dart
done AbcaBcbCCB uncovered-dart
done AbcabCBcBC uncovered-dart
done AbcabCCBcB uncovered-dart
done AbcabbCBBB uncovered-dart
done AbcabcBBCC uncovered-dart
done AbcabcBCBC uncovered-dart
done AbcabcBCCB uncovered-dart
done AbcacBBCCb uncovered-dart
done AbcacBBCbC uncovered-dart
done AbcacBCBCb uncovered-dart
done AbcacBCbCB uncovered-dart
done AbcacbCBBC uncovered-dart
done AbcacbCBCB uncovered-dart
done AbcacbCCBB uncovered-dart
done AbcaccBCCC uncovered-dart
done AbcbCBBBab uncovered-dart
done AbcbCBCacB uncovered-dart
done AbcbCBacBC uncovered-dart
done AbcbCBcaBC uncovered-dart
done AbcbCCBacB uncovered-dart
done AbcbCCBcaB uncovered-dart
done AbcbCCaBcB uncovered-dart
done AbcbCCacBB uncovered-dart
done AbcbCaBcBC uncovered-dart
done AbcbCacBBC uncovered-dart
done AbcbCacBCB uncovered-dart
done AbcbCbaBBB uncovered-dart
done AbcbaBBBCb uncovered-dart
done AbcbaBcBCC uncovered-dart
done AbcbabCBBB uncovered-dart
done AbcbacBBCC uncovered-dart
done AbcbacBCBC uncovered-dart
done AbcbacBCCB uncovered-dart
done AbcbbCBBaB uncovered-dart
done AbcbbCBaBB uncovered-dart
done AbcbbCaBBB uncovered-dart
done AbcbbaBBBC uncovered-dart
done AbcbbaBBCB uncovered-dart
done AbcbbaBCBB uncovered-dart
done AbcbcBCCaB uncovered-dart
done AbcbcBCaBC uncovered-dart
done AbcbcBaBCC uncovered-dart
done AbcbcaBBCC uncovered-dart
done AbcbcaBCBC uncovered-dart
done AbcbcaBCCB uncovered-dart
done AbccBBCCab uncovered-dart
done AbccBBCabC uncovered-dart
done AbccBBabCC uncovered-dart
done AbccBCBCab uncovered-dart
done AbccBCBabC uncovered-dart
done AbccBCCBab uncovered-dart
done AbccBCCbaB uncovered-dart
done AbccBCaBCb uncovered-dart
done AbccBCabCB uncovered-dart
done AbccBCbCaB uncovered-dart
done AbccBCbaBC uncovered-dart
done AbccBaBCCb uncovered-dart
done AbccBaBCbC uncovered-dart
done AbccBabCBC uncovered-dart
done AbccBabCCB uncovered-dart
done AbccaBBCCb uncovered-dart
done AbccaBBCbC uncovered-dart
done AbccaBCBCb uncovered-dart
done AbccaBCbCB uncovered-dart
done AbccabCBBC uncovered-dart
done AbccabCBCB uncovered-dart
done AbccabCCBB uncovered-dart
done AbccacBCCC uncovered-dart
done AbccbCBCaB uncovered-dart
done AbccbCBaBC uncovered-dart
done AbccbCCBaB uncovered-dart
done AbccbCCaBB uncovered-dart
done AbccbCaBBC uncovered-dart
done AbccbCaBCB uncovered-dart
done AbccbaBBCC uncovered-dart
done AbccbaBCBC uncovered-dart
done AbccbaBCCB uncovered-dart
done AbcccaBCCC uncovered-dart
done AcBAcaabCC uncovered-dart
done AcBBBCabbb uncovered-dart
done AcBBBCbabb uncovered-dart
done AcBBBCbbab uncovered-dart
done AcBBBabCbb uncovered-dart
done AcBBBabbCb uncovered-dart
done AcBBBabbbC uncovered-dart
done AcBBCBabbb uncovered-dart
done AcBBCCabcb uncovered-dart
done AcBBCCacbb uncovered-dart
done AcBBCCbacb uncovered-dart
done AcBBCCbcab uncovered-dart
done AcBBCabcbC uncovered-dart
done AcBBCacbCb uncovered-dart
done AcBBCacbbC uncovered-dart
done AcBBCbCacb uncovered-dart
done AcBBCbacbC uncovered-dart
done AcBBCbbbaB uncovered-dart
done AcBBCbcabC uncovered-dart
done AcBBaBCbbb uncovered-dart
done AcBBabbbCB uncovered-dart
done AcBBabcbCC uncovered-dart
done AcBBacbCCb uncovered-dart
done AcBBacbCbC uncovered-dart
done AcBBacbbCC uncovered-dart
done AcBBcabCCb uncovered-dart
done AcBBcabCbC uncovered-dart
done AcBBcabbCC uncovered-dart
done AcBBcbCCab uncovered-dart
done AcBBcbCabC uncovered-dart
done AcBBcbabCC uncovered-dart
done AcBCAcaabC uncovered-dart
done AcBCBBabbb uncovered-dart
done AcBCBCabcb uncovered-dart
done AcBCBCacbb uncovered-dart
done AcBCBCbacb uncovered-dart
done AcBCBCbcab uncovered-dart
done AcBCBabcbC uncovered-dart
done AcBCBacbCb uncovered-dart
done AcBCBacbbC uncovered-dart
done AcBCBcabCb uncovered-dart
done AcBCBcabbC uncovered-dart
done AcBCBcbCab uncovered-dart
done AcBCBcbabC uncovered-dart
done AcBCCAcaab uncovered-dart
done AcBCCBabcb uncovered-dart
done AcBCCBacbb uncovered-dart
done AcBCCBcabb uncovered-dart
done AcBCCBcbab uncovered-dart
done AcBCCCaccb uncovered-dart
done AcBCCaBcbb uncovered-dart
done AcBCCabbcB uncovered-dart
done AcBCCaccbC uncovered-dart
done AcBCCbaBcb uncovered-dart
done AcBCCbabcB uncovered-dart
done AcBCCbbacB uncovered-dart
done AcBCCbbcaB uncovered-dart
done AcBCCbcBab uncovered-dart
done AcBCCbcbaB uncovered-dart
done AcBCaBCbcb uncovered-dart
done AcBCaBcbCb uncovered-dart
done AcBCaBcbbC uncovered-dart
done AcBCabCBcb uncovered-dart
done AcBCabCbcB uncovered-dart
done AcBCabbcBC uncovered-dart
done AcBCabcBCb uncovered-dart
done AcBCabcbCB uncovered-dart
done AcBCacBCbb uncovered-dart
done AcBCacbbCB uncovered-dart
done AcBCaccbCC uncovered-dart
done AcBCbCBacb uncovered-dart
done AcBCbCBcab uncovered-dart
done AcBCbCaBcb uncovered-dart
done AcBCbCabcB uncovered-dart
done AcBCbCbacB uncovered-dart
done AcBCbCbcaB uncovered-dart
done AcBCbaBcbC uncovered-dart
done AcBCbabcBC uncovered-dart
done AcBCbacBCb uncovered-dart
done AcBCbacbCB uncovered-dart
done AcBCbbCacB uncovered-dart
done AcBCbbacBC uncovered-dart
done AcBCbbbaBB uncovered-dart
done AcBCbbcaBC uncovered-dart
done AcBCbcBCab uncovered-dart
done AcBCbcBabC uncovered-dart
done AcBCbcaBCb uncovered-dart
done AcBCbcabCB uncovered-dart
done AcBCbcbCaB uncovered-dart
done AcBCbcbaBC uncovered-dart
done AcBaBBCbbb uncovered-dart
done AcBaBCCbcb uncovered-dart
done AcBaBCbcbC uncovered-dart
done AcBaBcbCCb uncovered-dart
done AcBaBcbCbC uncovered-dart
done AcBaBcbbCC uncovered-dart
done AcBabCBcbC uncovered-dart
done AcBabCCBcb uncovered-dart
done AcBabCCbcB uncovered-dart
done AcBabCbcBC uncovered-dart
done AcBabbbCBB uncovered-dart
done AcBabbcBCC uncovered-dart
done AcBabcBCCb uncovered-dart
done AcBabcBCbC uncovered-dart
done AcBabcbCBC uncovered-dart
done AcBabcbCCB uncovered-dart
done AcBacBCCbb uncovered-dart
done AcBacBCbCb uncovered-dart
done AcBacBCbbC uncovered-dart
done AcBacbCBCb uncovered-dart
done AcBacbCbCB uncovered-dart
done AcBacbbCBC uncovered-dart
done AcBacbbCCB uncovered-dart
done AcBaccbCCC uncovered-dart
done AcBcBCCabb uncovered-dart
done AcBcBCCbab uncovered-dart
done AcBcBCabCb uncovered-dart
done AcBcBCabbC uncovered-dart
done AcBcBCbCab uncovered-dart
done AcBcBCbabC uncovered-dart
done AcBcBabCCb uncovered-dart
done AcBcBabCbC uncovered-dart
done AcBcBabbCC uncovered-dart
done AcBcaBCCbb uncovered-dart
done AcBcaBCbCb uncovered-dart
done AcBcaBCbbC uncovered-dart
done AcBcabCBCb uncovered-dart
done AcBcabCbCB uncovered-dart
done AcBcabbCBC uncovered-dart
done AcBcabbCCB uncovered-dart
done AcBcacbCCC uncovered-dart
done AcBcbCBCab uncovered-dart
done AcBcbCBabC uncovered-dart
done AcBcbCCBab uncovered-dart
done AcBcbCCbaB uncovered-dart
done AcBcbCaBCb uncovered-dart
done AcBcbCabCB uncovered-dart
done AcBcbCbCaB uncovered-dart
done AcBcbCbaBC uncovered-dart
done AcBcbaBCCb uncovered-dart
done AcBcbaBCbC uncovered-dart
done AcBcbabCBC uncovered-dart
done AcBcbabCCB uncovered-dart
done AcBcbbCCaB uncovered-dart
done AcBcbbCaBC uncovered-dart
done AcBcbbaBCC uncovered-dart
done AcBccabCCC uncovered-dart
done AcaBAcabCC uncovered-dart
done AcaBBBCbbb uncovered-dart
done AcaBBCCbcb uncovered-dart
done AcaBBCbcbC uncovered-dart
done AcaBBcbCCb uncovered-dart
done AcaBBcbCbC uncovered-dart
done AcaBBcbbCC uncovered-dart
done AcaBCAcabC uncovered-dart
done AcaBCBCbcb uncovered-dart
done AcaBCBcbCb uncovered-dart
done AcaBCBcbbC uncovered-dart
done AcaBCCAcab uncovered-dart
done AcaBCCBcbb uncovered-dart
done AcaBCCbbcB uncovered-dart
done AcaBCbCBcb uncovered-dart
done AcaBCbCbcB uncovered-dart
done AcaBCbbcBC uncovered-dart
done AcaBCbcBCb uncovered-dart
done AcaBCbcbCB uncovered-dart
done AcaBcBCCbb uncovered-dart
done AcaBcBCbCb uncovered-dart
done AcaBcBCbbC uncovered-dart
done AcaBcbCBCb uncovered-dart
done AcaBcbCbCB uncovered-dart
done AcaBcbbCBC uncovered-dart
done AcaBcbbCCB uncovered-dart
done AcaBccbCCC uncovered-dart
done AcaaBAcbCC uncovered-dart
done AcaaBCAcbC uncovered-dart
done AcaaBCCAcb uncovered-dart
done AcabCBBcbC uncovered-dart
done AcabCBCBcb uncovered-dart
done AcabCBCbcB uncovered-dart
done AcabCBcBCb uncovered-dart
done AcabCBcbCB uncovered-dart
done AcabCCBBcb uncovered-dart
done AcabCCbcBB uncovered-dart
done AcabCbCBcB uncovered-dart
done AcabCbcBBC uncovered-dart
done AcabCbcBCB uncovered-dart
done AcabbCBcBC uncovered-dart
done AcabbCCBcB uncovered-dart
done AcabbbCBBB uncovered-dart
done AcabbcBBCC uncovered-dart
done AcabbcBCBC uncovered-dart
done AcabbcBCCB uncovered-dart
done AcabcBBCCb uncovered-dart
done AcabcBBCbC uncovered-dart
done AcabcBCBCb uncovered-dart
done AcabcBCbCB uncovered-dart
done AcabcbCBBC uncovered-dart
done AcabcbCBCB uncovered-dart
done AcabcbCCBB uncovered-dart
done AcabccBCCC uncovered-dart
done AcacBBCCbb uncovered-dart
done AcacBBCbCb uncovered-dart
done AcacBBCbbC uncovered-dart
done AcacBCBCbb uncovered-dart
done AcacBCbbCB uncovered-dart
done AcacBcbCCC uncovered-dart
done AcacbCBBCb uncovered-dart
done AcacbCbCBB uncovered-dart
done AcacbbCBBC uncovered-dart
done AcacbbCBCB uncovered-dart
done AcacbbCCBB uncovered-dart
done AcacbcBCCC uncovered-dart
done AcaccBCCCb uncovered-dart
done AcaccBCCbC uncovered-dart
done AcaccBCbCC uncovered-dart
done AcaccbCBCC uncovered-dart
done AcaccbCCBC uncovered-dart
done AcaccbCCCB uncovered-dart
done AcbCBBBabb uncovered-dart
done AcbCBBCacb uncovered-dart
done AcbCBBacbC uncovered-dart
done AcbCBBcabC uncovered-dart
done AcbCBCBacb uncovered-dart
done AcbCBCBcab uncovered-dart
done AcbCBCaBcb uncovered-dart
done AcbCBCabcB uncovered-dart
done AcbCBCbacB uncovered-dart
done AcbCBCbcaB uncovered-dart
done AcbCBaBcbC uncovered-dart
done AcbCBabcBC uncovered-dart
done AcbCBacBCb uncovered-dart
done AcbCBacbCB uncovered-dart
done AcbCBcBCab uncovered-dart
done AcbCBcBabC uncovered-dart
done AcbCBcaBCb uncovered-dart
done AcbCBcabCB uncovered-dart
done AcbCBcbCaB uncovered-dart
done AcbCBcbaBC uncovered-dart
done AcbCCBBacb uncovered-dart
done AcbCCBBcab uncovered-dart
done AcbCCBaBcb uncovered-dart
done AcbCCBabcB uncovered-dart
done AcbCCBcBab uncovered-dart
done AcbCCBcbaB uncovered-dart
done AcbCCCaccB uncovered-dart
done AcbCCaBBcb uncovered-dart
done AcbCCabcBB uncovered-dart
done AcbCCaccBC uncovered-dart
done AcbCCbaBcB uncovered-dart
done AcbCCbacBB uncovered-dart
done AcbCCbcBaB uncovered-dart
done AcbCCbcaBB uncovered-dart
done AcbCaBBcbC uncovered-dart
done AcbCaBCBcb uncovered-dart
done AcbCaBCbcB uncovered-dart
done AcbCaBcBCb uncovered-dart
done AcbCaBcbCB uncovered-dart
done AcbCabCBcB uncovered-dart
done AcbCabcBBC uncovered-dart
done AcbCabcBCB uncovered-dart
done AcbCacBBCb uncovered-dart
done AcbCacbCBB uncovered-dart
done AcbCaccBCC uncovered-dart
done AcbCbCBacB uncovered-dart
done AcbCbCBcaB uncovered-dart
done AcbCbCaBcB uncovered-dart
done AcbCbCacBB uncovered-dart
done AcbCbaBcBC uncovered-dart
done AcbCbacBBC uncovered-dart
done AcbCbacBCB uncovered-dart
done AcbCbbaBBB uncovered-dart
done AcbCbcBCaB uncovered-dart
done AcbCbcBaBC uncovered-dart
done AcbCbcaBBC uncovered-dart
done AcbCbcaBCB uncovered-dart
done AcbaBBBCbb uncovered-dart
done AcbaBBcbCC uncovered-dart
done AcbaBCBcbC uncovered-dart
done AcbaBCCBcb uncovered-dart
done AcbaBCCbcB uncovered-dart
done AcbaBCbcBC uncovered-dart
done AcbaBcBCCb uncovered-dart
done AcbaBcBCbC uncovered-dart
done AcbaBcbCBC uncovered-dart
done AcbaBcbCCB uncovered-dart
done AcbabCBcBC uncovered-dart
done AcbabCCBcB uncovered-dart
done AcbabbCBBB uncovered-dart
done AcbabcBBCC uncovered-dart
done AcbabcBCBC uncovered-dart
done AcbabcBCCB uncovered-dart
done AcbacBBCCb uncovered-dart
done AcbacBBCbC uncovered-dart
done AcbacBCBCb uncovered-dart
done AcbacBCbCB uncovered-dart
done AcbacbCBBC uncovered-dart
done AcbacbCBCB uncovered-dart
done AcbacbCCBB uncovered-dart
done AcbaccBCCC uncovered-dart
done AcbbCBBBab uncovered-dart
done AcbbCBCacB uncovered-dart
done AcbbCBacBC uncovered-dart
done AcbbCBcaBC uncovered-dart
done AcbbCCBacB uncovered-dart
done AcbbCCBcaB uncovered-dart
done AcbbCCaBcB uncovered-dart
done AcbbCCacBB uncovered-dart
done AcbbCaBcBC uncovered-dart
done AcbbCacBBC uncovered-dart
done AcbbCacBCB uncovered-dart
done AcbbCbaBBB uncovered-dart
done AcbbaBBBCb uncovered-dart
done AcbbaBcBCC uncovered-dart
done AcbbabCBBB uncovered-dart
done AcbbacBBCC uncovered-dart
done AcbbacBCBC uncovered-dart
done AcbbacBCCB uncovered-dart
done AcbbbCBBaB uncovered-dart
done AcbbbCBaBB uncovered-dart
done AcbbbCaBBB uncovered-dart
done AcbbbaBBBC uncovered-dart
done AcbbbaBBCB uncovered-dart
done AcbbbaBCBB uncovered-dart
done AcbbcBCCaB uncovered-dart
done AcbbcBCaBC uncovered-dart
done AcbbcBaBCC uncovered-dart
done AcbbcaBBCC uncovered-dart
done AcbbcaBCBC uncovered-dart
done AcbbcaBCCB uncovered-dart
done AcbcBBCCab uncovered-dart
done AcbcBBCabC uncovered-dart
done AcbcBBabCC uncovered-dart
done AcbcBCBCab uncovered-dart
done AcbcBCBabC uncovered-dart
done AcbcBCCBab uncovered-dart
done AcbcBCCbaB uncovered-dart
done AcbcBCaBCb uncovered-dart
done AcbcBCabCB uncovered-dart
done AcbcBCbCaB uncovered-dart
done AcbcBCbaBC uncovered-dart
done AcbcBaBCCb uncovered-dart
done AcbcBaBCbC uncovered-dart
done AcbcBabCBC uncovered-dart
done AcbcBabCCB uncovered-dart
done AcbcaBBCCb uncovered-dart
done AcbcaBBCbC uncovered-dart
done AcbcaBCBCb uncovered-dart
done AcbcaBCbCB uncovered-dart
done AcbcabCBBC uncovered-dart
done AcbcabCBCB uncovered-dart
done AcbcabCCBB uncovered-dart
done AcbcacBCCC uncovered-dart
done AcbcbCBCaB uncovered-dart
done AcbcbCBaBC uncovered-dart
done AcbcbCCBaB uncovered-dart
done AcbcbCCaBB uncovered-dart
done AcbcbCaBBC uncovered-dart
done AcbcbCaBCB uncovered-dart
done AcbcbaBBCC uncovered-dart
done AcbcbaBCBC uncovered-dart
done AcbcbaBCCB uncovered-dart
done AcbccaBCCC uncovered-dart
done AccBBCCabb uncovered-dart
done AccBBCCbab uncovered-dart
done AccBBCabCb uncovered-dart
done AccBBCabbC uncovered-dart
done AccBBCbCab uncovered-dart
done AccBBCbabC uncovered-dart
done AccBBabCCb uncovered-dart
done AccBBabCbC uncovered-dart
done AccBBabbCC uncovered-dart
done AccBCBCabb uncovered-dart
done AccBCBCbab uncovered-dart
done AccBCBabCb uncovered-dart
done AccBCBabbC uncovered-dart
done AccBCCBabb uncovered-dart
done AccBCCCacb uncovered-dart
done AccBCCacbC uncovered-dart
done AccBCCbbaB uncovered-dart
done AccBCaBCbb uncovered-dart
done AccBCabbCB uncovered-dart
done AccBCacbCC uncovered-dart
done AccBCbCBab uncovered-dart
done AccBCbCbaB uncovered-dart
done AccBCbaBCb uncovered-dart
done AccBCbabCB uncovered-dart
done AccBCbbCaB uncovered-dart
done AccBCbbaBC uncovered-dart
done AccBaBCCbb uncovered-dart
done AccBaBCbCb uncovered-dart
done AccBaBCbbC uncovered-dart
done AccBabCBCb uncovered-dart
done AccBabCbCB uncovered-dart
done AccBabbCBC uncovered-dart
done AccBabbCCB uncovered-dart
done AccBacbCCC uncovered-dart
done AccBcabCCC uncovered-dart
done AccaBBCCbb uncovered-dart
done AccaBBCbCb uncovered-dart
done AccaBBCbbC uncovered-dart
done AccaBCBCbb uncovered-dart
done AccaBCbbCB uncovered-dart
done AccaBcbCCC uncovered-dart
done AccabCBBCb uncovered-dart
done AccabCbCBB uncovered-dart
done AccabbCBBC uncovered-dart
done AccabbCBCB uncovered-dart
done AccabbCCBB uncovered-dart
done AccabcBCCC uncovered-dart
done AccacBCCCb uncovered-dart
done AccacBCCbC uncovered-dart
done AccacBCbCC uncovered-dart
done AccacbCBCC uncovered-dart
done AccacbCCBC uncovered-dart
done AccacbCCCB uncovered-dart
done AccbCBBCab uncovered-dart
done AccbCBBabC uncovered-dart
done AccbCBCBab uncovered-dart
done AccbCBCbaB uncovered-dart
done AccbCBaBCb uncovered-dart
done AccbCBabCB uncovered-dart
done AccbCCBBab uncovered-dart
done AccbCCCacB uncovered-dart
done AccbCCacBC uncovered-dart
done AccbCCbaBB uncovered-dart
done AccbCaBBCb uncovered-dart
done AccbCabCBB uncovered-dart
done AccbCacBCC uncovered-dart
done AccbCbCBaB uncovered-dart
done AccbCbCaBB uncovered-dart
done AccbCbaBBC uncovered-dart
done AccbCbaBCB uncovered-dart
done AccbaBBCCb uncovered-dart
done AccbaBBCbC uncovered-dart
done AccbaBCBCb uncovered-dart
done AccbaBCbCB uncovered-dart
done AccbabCBBC uncovered-dart
done AccbabCBCB uncovered-dart
done AccbabCCBB uncovered-dart
done AccbacBCCC uncovered-dart
done AccbbCBCaB uncovered-dart
done AccbbCBaBC uncovered-dart
done AccbbCCBaB uncovered-dart
done AccbbCCaBB uncovered-dart
done AccbbCaBBC uncovered-dart
done AccbbCaBCB uncovered-dart
done AccbbaBBCC uncovered-dart
done AccbbaBCBC uncovered-dart
done AccbbaBCCB uncovered-dart
done AccbcaBCCC uncovered-dart
done AcccBCCCab uncovered-dart
done AcccBCCabC uncovered-dart
done AcccBCabCC uncovered-dart
done AcccBabCCC uncovered-dart
done AcccaBCCCb uncovered-dart
done AcccaBCCbC uncovered-dart
done AcccaBCbCC uncovered-dart
done AcccabCBCC uncovered-dart
done AcccabCCBC uncovered-dart
done AcccabCCCB uncovered-dart
done AcccbCCCaB uncovered-dart
done AcccbCCaBC uncovered-dart
done AcccbCaBCC uncovered-dart
done AcccbaBCCC uncovered-dart
done BBBBCbbbbc uncovered-dart
done BBBBcbbbbC uncovered-dart
done BBBCCbbbcc uncovered-dart
done BBBCCbbcbc uncovered-dart
done BBBCCbcbbc uncovered-dart
done BBBCbCbbcc uncovered-dart
done BBBCbCbcbc uncovered-dart
done BBBCbbCbcc uncovered-dart
done BBBCbbccbC uncovered-dart
done BBBCbcbCbc uncovered-dart
done BBBCbcbcbC uncovered-dart
done BBBCbccbbC uncovered-dart
done BBBcbCCbbc uncovered-dart
done BBBcbCbCbc uncovered-dart
done BBBcbCbcbC uncovered-dart
done BBBcbbCCbc uncovered-dart
done BBBcbbcbCC uncovered-dart
done BBBcbcbCbC uncovered-dart
done BBBcbcbbCC uncovered-dart
done BBBccbCbbC uncovered-dart
done BBBccbbCbC uncovered-dart
done BBBccbbbCC uncovered-dart
done BBCBCbbbcc uncovered-dart
done BBCBCbbcbc uncovered-dart
done BBCBCbcbbc uncovered-dart
done BBCBcbCbbc uncovered-dart
done BBCBcbbCbc uncovered-dart
done BBCBcbbcbC uncovered-dart
done BBCBcbcbbC uncovered-dart
done BBCBccbbbC uncovered-dart
done BBCCBcbbbc uncovered-dart
done BBCCCbbccc uncovered-dart
done BBCCCbcbcc uncovered-dart
done BBCCCbccbc uncovered-dart
done BBCCbCbccc uncovered-dart
done BBCCbbbcBc uncovered-dart
done BBCCbcccbC uncovered-dart
done BBCbCBcbbc uncovered-dart
done BBCbCCbccc uncovered-dart
done BBCbCbbcBc uncovered-dart
done BBCbbCBcbc uncovered-dart
done BBCbbCbcBc uncovered-dart
done BBCbbbCBcc uncovered-dart
done BBCbbbccBC uncovered-dart
done BBCbbcBCbc uncovered-dart
done BBCbbcBcbC uncovered-dart
done BBCbbcbCBc uncovered-dart
done BBCbbcbcBC uncovered-dart
done BBCbcBCbbc uncovered-dart
done BBCbcBcbbC uncovered-dart
done BBCbcbbCBc uncovered-dart
done BBCbcbbcBC uncovered-dart
done BBCbcccbCC uncovered-dart
done BBcBCCbbbc uncovered-dart
done BBcBCbCbbc uncovered-dart
done BBcBCbbCbc uncovered-dart
done BBcBCbbcbC uncovered-dart
done BBcBCbcbbC uncovered-dart
done BBcBcbCbbC uncovered-dart
done BBcBcbbCbC uncovered-dart
done BBcBcbbbCC uncovered-dart
done BBcbCBCbbc uncovered-dart
done BBcbCBcbbC uncovered-dart
done BBcbCCCbcc uncovered-dart
done BBcbCbbCBc uncovered-dart
done BBcbCbbcBC uncovered-dart
done BBcbbCBCbc uncovered-dart
done BBcbbCBcbC uncovered-dart
done BBcbbCbCBc uncovered-dart
done BBcbbCbcBC uncovered-dart
done BBcbbbCCBc uncovered-dart
done BBcbbbcBCC uncovered-dart
done BBcbbcBCbC uncovered-dart
done BBcbbcbCBC uncovered-dart
done BBcbcBCbbC uncovered-dart
done BBcbcbbCBC uncovered-dart
done BBcbccbCCC uncovered-dart
done BBccBCbbbC uncovered-dart
done BBccbCCCbc uncovered-dart
done BBccbbbCBC uncovered-dart
done BBccbcbCCC uncovered-dart
done BBcccbCCbC uncovered-dart
done BBcccbCbCC uncovered-dart
done BBcccbbCCC uncovered-dart
done BCBCBcbbbc uncovered-dart
done BCBCCbbccc uncovered-dart
done BCBCCbcbcc uncovered-dart
done BCBCCbccbc uncovered-dart
done BCBCbCbccc uncovered-dart
done BCBCbbbcBc uncovered-dart
done BCBCbcccbC uncovered-dart
done BCBcBCbbbc uncovered-dart
done BCBcBcbbbC uncovered-dart
done BCBcbCCbcc uncovered-dart
done BCBcbbbCBc uncovered-dart
done BCBcbccbCC uncovered-dart
done BCBccbCCbc uncovered-dart
done BCBccbcbCC uncovered-dart
done BCBcccbCbC uncovered-dart
done BCBcccbbCC uncovered-dart
done BCCBCbbccc uncovered-dart
done BCCBCbcbcc uncovered-dart
done BCCBCbccbc uncovered-dart
done BCCBcbCbcc uncovered-dart
done BCCBcbccbC uncovered-dart
done BCCBccbCbc uncovered-dart
done BCCBccbcbC uncovered-dart
done BCCBcccbbC uncovered-dart
done BCCCBcbbcc uncovered-dart
done BCCCBcbcbc uncovered-dart
done BCCCBccbbc uncovered-dart
done BCCCCbcccc uncovered-dart
done BCCCbbcBcc uncovered-dart
done BCCCbbccBc uncovered-dart
done BCCCbcBcbc uncovered-dart
done BCCCbcbcBc uncovered-dart
done BCCbCBcbcc uncovered-dart
done BCCbCBccbc uncovered-dart
done BCCbCbcBcc uncovered-dart
done BCCbCbccBc uncovered-dart
done BCCbbCBccc uncovered-dart
done BCCbcBCbcc uncovered-dart
done BCCbcBccbC uncovered-dart
done BCCbcbCBcc uncovered-dart
done BCCbccBCbc uncovered-dart
done BCCbccBcbC uncovered-dart
done BCCbccbCBc uncovered-dart
done BCbCBCbccc uncovered-dart
done BCbCBcccbC uncovered-dart
done BCbCCBcbcc uncovered-dart
done BCbCCBccbc uncovered-dart
done BCbCCbcBcc uncovered-dart
done BCbCCbccBc uncovered-dart
done BCbCbCBccc uncovered-dart
done BCbbCCBccc uncovered-dart
done BCbbbCBcBc uncovered-dart
done BCbcBccbCC uncovered-dart
done BCbcbCCBcc uncovered-dart
done BCbccBcbCC uncovered-dart
done BCbccbCCBc uncovered-dart
done BcBcbCCCbc uncovered-dart
done BcBcbcbCCC uncovered-dart
done BcBccbCCbC uncovered-dart
done BcBccbCbCC uncovered-dart
done BcBccbbCCC uncovered-dart
done BcbCBccbCC uncovered-dart
done BcbCCBccbC uncovered-dart
done BcbCCCBcbc uncovered-dart
done BcbCCbCBcc uncovered-dart
done BcbCbCCBcc uncovered-dart
done BcbbCCCBcc uncovered-dart
done BccccbCCCC uncovered-dart
stats {('uncovered-dart', True): 4240} time 1.8
