ℹ [1824/1846] Replayed GroupApproximation.BooneHigman.Metabelian.AffineFPIdentities
info: GroupApproximation/BooneHigman/Metabelian/AffineFPIdentities.lean:40:14: 'GroupApproximation.BooneHigman.Metabelian.AffineFP.commute_commutator_of' depends on axioms: [propext]
info: GroupApproximation/BooneHigman/Metabelian/AffineFPIdentities.lean:65:14: 'GroupApproximation.BooneHigman.Metabelian.AffineFP.commute_of_shear' depends on axioms: [propext, Quot.sound]
info: GroupApproximation/BooneHigman/Metabelian/AffineFPIdentities.lean:85:14: 'GroupApproximation.BooneHigman.Metabelian.AffineFP.mul_commutator_eq_one' depends on axioms: [propext, Quot.sound]
info: GroupApproximation/BooneHigman/Metabelian/AffineFPIdentities.lean:110:14: 'GroupApproximation.BooneHigman.Metabelian.AffineFP.exists_ne_three' depends on axioms: [propext,
 Classical.choice,
 Quot.sound]
ℹ [1827/1854] Replayed GroupApproximation.BooneHigman.Metabelian.EnvelopeWreath
info: GroupApproximation/BooneHigman/Metabelian/EnvelopeWreath.lean:42:14: 'GroupApproximation.BooneHigman.Metabelian.Envelope.shiftAut' depends on axioms: [propext, Quot.sound]
info: GroupApproximation/BooneHigman/Metabelian/EnvelopeWreath.lean:56:14: 'GroupApproximation.BooneHigman.Metabelian.Envelope.shiftHom' depends on axioms: [propext, Quot.sound]
info: GroupApproximation/BooneHigman/Metabelian/EnvelopeWreath.lean:61:14: 'GroupApproximation.BooneHigman.Metabelian.Envelope.RegularWreath' depends on axioms: [propext, Quot.sound]
info: GroupApproximation/BooneHigman/Metabelian/EnvelopeWreath.lean:77:14: 'GroupApproximation.BooneHigman.Metabelian.Envelope.kkCoord' depends on axioms: [propext, Classical.choice, Quot.sound]
info: GroupApproximation/BooneHigman/Metabelian/EnvelopeWreath.lean:105:14: 'GroupApproximation.BooneHigman.Metabelian.Envelope.kkHom' depends on axioms: [propext, Classical.choice, Quot.sound]
info: GroupApproximation/BooneHigman/Metabelian/EnvelopeWreath.lean:117:14: 'GroupApproximation.BooneHigman.Metabelian.Envelope.kkHom_injective' depends on axioms: [propext,
 Classical.choice,
 Quot.sound]
info: GroupApproximation/BooneHigman/Metabelian/EnvelopeWreath.lean:127:14: 'GroupApproximation.BooneHigman.Metabelian.Envelope.exists_injective_regularWreath' depends on axioms: [propext,
 Classical.choice,
 Quot.sound]
ℹ [1839/1863] Replayed GroupApproximation.BooneHigman.Metabelian.EnvelopeCantorAction
info: GroupApproximation/BooneHigman/Metabelian/EnvelopeCantorAction.lean:35:14: 'GroupApproximation.BooneHigman.Metabelian.Envelope.firstWord_eq_take' depends on axioms: [propext, Quot.sound]
info: GroupApproximation/BooneHigman/Metabelian/EnvelopeCantorAction.lean:41:14: 'GroupApproximation.BooneHigman.Metabelian.Envelope.streamFun' depends on axioms: [propext,
 Classical.choice,
 Quot.sound]
info: GroupApproximation/BooneHigman/Metabelian/EnvelopeCantorAction.lean:60:14: 'GroupApproximation.BooneHigman.Metabelian.Envelope.firstWord_streamFun' depends on axioms: [propext,
 Classical.choice,
 Quot.sound]
info: GroupApproximation/BooneHigman/Metabelian/EnvelopeCantorAction.lean:73:14: 'GroupApproximation.BooneHigman.Metabelian.Envelope.streamFun_mul' depends on axioms: [propext,
 Classical.choice,
 Quot.sound]
info: GroupApproximation/BooneHigman/Metabelian/EnvelopeCantorAction.lean:86:14: 'GroupApproximation.BooneHigman.Metabelian.Envelope.streamFun_one' depends on axioms: [propext,
 Classical.choice,
 Quot.sound]
info: GroupApproximation/BooneHigman/Metabelian/EnvelopeCantorAction.lean:99:14: 'GroupApproximation.BooneHigman.Metabelian.Envelope.cantorPerm' depends on axioms: [propext,
 Classical.choice,
 Quot.sound]
info: GroupApproximation/BooneHigman/Metabelian/EnvelopeCantorAction.lean:107:14: 'GroupApproximation.BooneHigman.Metabelian.Envelope.cantorHom' depends on axioms: [propext,
 Classical.choice,
 Quot.sound]
info: GroupApproximation/BooneHigman/Metabelian/EnvelopeCantorAction.lean:111:14: 'GroupApproximation.BooneHigman.Metabelian.Envelope.cantorHom_apply' depends on axioms: [propext,
 Classical.choice,
 Quot.sound]
info: GroupApproximation/BooneHigman/Metabelian/EnvelopeCantorAction.lean:119:14: 'GroupApproximation.BooneHigman.Metabelian.Envelope.firstWord_length_prepend' depends on axioms: [propext, Quot.sound]
info: GroupApproximation/BooneHigman/Metabelian/EnvelopeCantorAction.lean:131:14: 'GroupApproximation.BooneHigman.Metabelian.Envelope.cantorHom_injective' depends on axioms: [propext,
 Classical.choice,
 Quot.sound]
ℹ [1846/1864] Replayed GroupApproximation.BooneHigman.Metabelian.EnvelopeRN
info: GroupApproximation/BooneHigman/Metabelian/EnvelopeRN.lean:37:14: 'GroupApproximation.BooneHigman.Metabelian.Envelope.localize_nil' depends on axioms: [propext,
 Classical.choice,
 Quot.sound]
info: GroupApproximation/BooneHigman/Metabelian/EnvelopeRN.lean:46:14: 'GroupApproximation.BooneHigman.Metabelian.Envelope.rnGenerators' depends on axioms: [propext,
 Classical.choice,
 Quot.sound]
info: GroupApproximation/BooneHigman/Metabelian/EnvelopeRN.lean:53:14: 'GroupApproximation.BooneHigman.Metabelian.Envelope.roverNekrashevych' depends on axioms: [propext,
 Classical.choice,
 Quot.sound]
info: GroupApproximation/BooneHigman/Metabelian/EnvelopeRN.lean:59:14: 'GroupApproximation.BooneHigman.Metabelian.Envelope.higmanThompsonV_le_rn' depends on axioms: [propext,
 Classical.choice,
 Quot.sound]
info: GroupApproximation/BooneHigman/Metabelian/EnvelopeRN.lean:65:14: 'GroupApproximation.BooneHigman.Metabelian.Envelope.localize_mem_roverNekrashevych' depends on axioms: [propext,
 Classical.choice,
 Quot.sound]
info: GroupApproximation/BooneHigman/Metabelian/EnvelopeRN.lean:72:14: 'GroupApproximation.BooneHigman.Metabelian.Envelope.cantorHom_mem_roverNekrashevych' depends on axioms: [propext,
 Classical.choice,
 Quot.sound]
info: GroupApproximation/BooneHigman/Metabelian/EnvelopeRN.lean:79:14: 'GroupApproximation.BooneHigman.Metabelian.Envelope.rnEmbedding' depends on axioms: [propext,
 Classical.choice,
 Quot.sound]
info: GroupApproximation/BooneHigman/Metabelian/EnvelopeRN.lean:85:14: 'GroupApproximation.BooneHigman.Metabelian.Envelope.rnEmbedding_injective' depends on axioms: [propext,
 Classical.choice,
 Quot.sound]
ℹ [1850/1879] Replayed GroupApproximation.BooneHigman.Metabelian.ChainHost
info: GroupApproximation/BooneHigman/Metabelian/ChainHost.lean:47:14: 'GroupApproximation.BooneHigman.Metabelian.Chain.affineAction' depends on axioms: [propext,
 Classical.choice,
 Quot.sound]
info: GroupApproximation/BooneHigman/Metabelian/ChainHost.lean:53:14: 'GroupApproximation.BooneHigman.Metabelian.Chain.AffineElementaryGroup' depends on axioms: [propext,
 Classical.choice,
 Quot.sound]
info: GroupApproximation/BooneHigman/Metabelian/ChainHost.lean:63:14: 'GroupApproximation.BooneHigman.Metabelian.Chain.AffineExtensionFPStatement' depends on axioms: [propext,
 Classical.choice,
 Quot.sound]
info: GroupApproximation/BooneHigman/Metabelian/ChainHost.lean:79:2: 'GroupApproximation.BooneHigman.Metabelian.Chain.embedsInFPSelfSimilarGroup_of_affineHost' depends on axioms: [propext,
 Classical.choice,
 Quot.sound]
info: GroupApproximation/BooneHigman/Metabelian/ChainHost.lean:88:14: 'GroupApproximation.BooneHigman.Metabelian.Chain.finiteType_int_transfer' depends on axioms: [propext,
 Classical.choice,
 Quot.sound]
info: GroupApproximation/BooneHigman/Metabelian/ChainHost.lean:96:14: 'GroupApproximation.BooneHigman.Metabelian.Chain.finiteType_int_of_surjective' depends on axioms: [propext,
 Classical.choice,
 Quot.sound]
ℹ [3024/3062] Replayed GroupApproximation.BooneHigman.Metabelian.EnvelopeFPStatement
info: GroupApproximation/BooneHigman/Metabelian/EnvelopeFPStatement.lean:34:14: 'GroupApproximation.BooneHigman.Metabelian.Envelope.RNFinitelyPresentedStatement'' depends on axioms: [propext,
 Classical.choice,
 Quot.sound]
ℹ [3026/3062] Replayed GroupApproximation.GroupTheory.HydeLodha.HigmanEpstein
info: GroupApproximation/GroupTheory/HydeLodha/HigmanEpstein.lean:366:14: 'GroupApproximation.HydeLodha.commutator_le_of_normal_commutator' depends on axioms: [propext,
 Classical.choice,
 Quot.sound]
info: GroupApproximation/GroupTheory/HydeLodha/HigmanEpstein.lean:367:14: 'GroupApproximation.HydeLodha.isSimpleGroup_commutator' depends on axioms: [propext, Classical.choice, Quot.sound]
info: GroupApproximation/GroupTheory/HydeLodha/HigmanEpstein.lean:368:14: 'GroupApproximation.HydeLodha.commutator_le_of_decomposition' depends on axioms: [propext, Classical.choice, Quot.sound]
ℹ [3036/3071] Replayed GroupApproximation.BooneHigman.Metabelian.EnvelopeFPFree
info: GroupApproximation/BooneHigman/Metabelian/EnvelopeFPFree.lean:39:14: 'GroupApproximation.BooneHigman.Metabelian.Envelope.RNFree' depends on axioms: [propext, Classical.choice, Quot.sound]
info: GroupApproximation/BooneHigman/Metabelian/EnvelopeFPFree.lean:48:14: 'GroupApproximation.BooneHigman.Metabelian.Envelope.rnFreeToPerm' depends on axioms: [propext,
 Classical.choice,
 Quot.sound]
info: GroupApproximation/BooneHigman/Metabelian/EnvelopeFPFree.lean:54:14: 'GroupApproximation.BooneHigman.Metabelian.Envelope.rnFreeToPerm_inl' depends on axioms: [propext,
 Classical.choice,
 Quot.sound]
info: GroupApproximation/BooneHigman/Metabelian/EnvelopeFPFree.lean:60:14: 'GroupApproximation.BooneHigman.Metabelian.Envelope.rnFreeToPerm_inr_inl' depends on axioms: [propext,
 Classical.choice,
 Quot.sound]
info: GroupApproximation/BooneHigman/Metabelian/EnvelopeFPFree.lean:67:14: 'GroupApproximation.BooneHigman.Metabelian.Envelope.rnFreeToPerm_inr_inr' depends on axioms: [propext,
 Classical.choice,
 Quot.sound]
info: GroupApproximation/BooneHigman/Metabelian/EnvelopeFPFree.lean:89:14: 'GroupApproximation.BooneHigman.Metabelian.Envelope.rnFreeToPerm_mem' depends on axioms: [propext,
 Classical.choice,
 Quot.sound]
info: GroupApproximation/BooneHigman/Metabelian/EnvelopeFPFree.lean:95:14: 'GroupApproximation.BooneHigman.Metabelian.Envelope.rnFreeHom' depends on axioms: [propext,
 Classical.choice,
 Quot.sound]
info: GroupApproximation/BooneHigman/Metabelian/EnvelopeFPFree.lean:116:14: 'GroupApproximation.BooneHigman.Metabelian.Envelope.mem_range_of_mem_rnGenerators' depends on axioms: [propext,
 Classical.choice,
 Quot.sound]
info: GroupApproximation/BooneHigman/Metabelian/EnvelopeFPFree.lean:122:14: 'GroupApproximation.BooneHigman.Metabelian.Envelope.roverNekrashevych_le_range' depends on axioms: [propext,
 Classical.choice,
 Quot.sound]
info: GroupApproximation/BooneHigman/Metabelian/EnvelopeFPFree.lean:130:14: 'GroupApproximation.BooneHigman.Metabelian.Envelope.rnFreeHom_surjective' depends on axioms: [propext,
 Classical.choice,
 Quot.sound]
info: GroupApproximation/BooneHigman/Metabelian/EnvelopeFPFree.lean:138:14: 'GroupApproximation.BooneHigman.Metabelian.Envelope.rnFreeGenerators' depends on axioms: [propext,
 Classical.choice,
 Quot.sound]
info: GroupApproximation/BooneHigman/Metabelian/EnvelopeFPFree.lean:159:14: 'GroupApproximation.BooneHigman.Metabelian.Envelope.closure_rnFreeGenerators' depends on axioms: [propext,
 Classical.choice,
 Quot.sound]
ℹ [3039/3075] Replayed GroupApproximation.BooneHigman.Metabelian.EnvelopeFPSection
info: GroupApproximation/BooneHigman/Metabelian/EnvelopeFPSection.lean:63:14: 'GroupApproximation.BooneHigman.Metabelian.Envelope.RNFreeSectionStatement' depends on axioms: [propext,
 Classical.choice,
 Quot.sound]
info: GroupApproximation/BooneHigman/Metabelian/EnvelopeFPSection.lean:74:14: 'GroupApproximation.BooneHigman.Metabelian.Envelope.rnFinitelyPresented_of_freeSection' depends on axioms: [propext,
 Classical.choice,
 Quot.sound]
ℹ [3040/3075] Replayed GroupApproximation.BooneHigman.Metabelian.EnvelopeHigmanVStatement
info: GroupApproximation/BooneHigman/Metabelian/EnvelopeHigmanVStatement.lean:37:14: 'GroupApproximation.BooneHigman.Metabelian.Envelope.HigmanVFPStatement' depends on axioms: [propext,
 Classical.choice,
 Quot.sound]
info: GroupApproximation/BooneHigman/Metabelian/EnvelopeHigmanVStatement.lean:52:14: 'GroupApproximation.BooneHigman.Metabelian.Envelope.RNFreeSectionCoreStatement' depends on axioms: [propext,
 Classical.choice,
 Quot.sound]
info: GroupApproximation/BooneHigman/Metabelian/EnvelopeHigmanVStatement.lean:61:14: 'GroupApproximation.BooneHigman.Metabelian.Envelope.rnFreeSection_of_higmanV_core' depends on axioms: [propext,
 Classical.choice,
 Quot.sound]
ℹ [3041/3075] Replayed GroupApproximation.BooneHigman.Metabelian.EnvelopeHigmanVAlphabet
info: GroupApproximation/BooneHigman/Metabelian/EnvelopeHigmanVAlphabet.lean:37:14: 'GroupApproximation.BooneHigman.Metabelian.Envelope.cantorCongr' depends on axioms: [Quot.sound]
info: GroupApproximation/BooneHigman/Metabelian/EnvelopeHigmanVAlphabet.lean:43:14: 'GroupApproximation.BooneHigman.Metabelian.Envelope.cantorCongr_apply' depends on axioms: [Quot.sound]
info: GroupApproximation/BooneHigman/Metabelian/EnvelopeHigmanVAlphabet.lean:48:14: 'GroupApproximation.BooneHigman.Metabelian.Envelope.cantorCongr_symm' depends on axioms: [Quot.sound]
info: GroupApproximation/BooneHigman/Metabelian/EnvelopeHigmanVAlphabet.lean:54:14: 'GroupApproximation.BooneHigman.Metabelian.Envelope.cantorCongr_apply_symm_apply' depends on axioms: [Quot.sound]
info: GroupApproximation/BooneHigman/Metabelian/EnvelopeHigmanVAlphabet.lean:72:14: 'GroupApproximation.BooneHigman.Metabelian.Envelope.prepend_map' depends on axioms: [propext, Quot.sound]
info: GroupApproximation/BooneHigman/Metabelian/EnvelopeHigmanVAlphabet.lean:88:14: 'GroupApproximation.BooneHigman.Metabelian.Envelope.permCongr_mem_higmanThompsonV' depends on axioms: [propext,
 Classical.choice,
 Quot.sound]
info: GroupApproximation/BooneHigman/Metabelian/EnvelopeHigmanVAlphabet.lean:104:14: 'GroupApproximation.BooneHigman.Metabelian.Envelope.higmanVCongr' depends on axioms: [propext,
 Classical.choice,
 Quot.sound]
info: GroupApproximation/BooneHigman/Metabelian/EnvelopeHigmanVAlphabet.lean:111:14: 'GroupApproximation.BooneHigman.Metabelian.Envelope.HigmanVFinFPStatement' depends on axioms: [propext,
 Classical.choice,
 Quot.sound]
info: GroupApproximation/BooneHigman/Metabelian/EnvelopeHigmanVAlphabet.lean:119:14: 'GroupApproximation.BooneHigman.Metabelian.Envelope.higmanVFP_of_fin' depends on axioms: [propext,
 Classical.choice,
 Quot.sound]
ℹ [3042/3075] Replayed GroupApproximation.BooneHigman.Metabelian.EnvelopeSimpleCore
info: GroupApproximation/BooneHigman/Metabelian/EnvelopeSimpleCore.lean:52:14: 'GroupApproximation.BooneHigman.Metabelian.Envelope.conjCore' depends on axioms: [propext]
info: GroupApproximation/BooneHigman/Metabelian/EnvelopeSimpleCore.lean:58:14: 'GroupApproximation.BooneHigman.Metabelian.Envelope.mem_conjCore' depends on axioms: [propext]
info: GroupApproximation/BooneHigman/Metabelian/EnvelopeSimpleCore.lean:65:14: 'GroupApproximation.BooneHigman.Metabelian.Envelope.mem_of_mem_conjCore' depends on axioms: [propext]
info: GroupApproximation/BooneHigman/Metabelian/EnvelopeSimpleCore.lean:75:14: 'GroupApproximation.BooneHigman.Metabelian.Envelope.conj_mem_conjCore' depends on axioms: [propext]
info: GroupApproximation/BooneHigman/Metabelian/EnvelopeSimpleCore.lean:82:14: 'GroupApproximation.BooneHigman.Metabelian.Envelope.commutatorElement_mul_right_eq' depends on axioms: [propext]
info: GroupApproximation/BooneHigman/Metabelian/EnvelopeSimpleCore.lean:89:14: 'GroupApproximation.BooneHigman.Metabelian.Envelope.commutatorElement_mul_left_eq' depends on axioms: [propext]
info: GroupApproximation/BooneHigman/Metabelian/EnvelopeSimpleCore.lean:103:14: 'GroupApproximation.BooneHigman.Metabelian.Envelope.commutator_listProd_right_mem' depends on axioms: [propext]
info: GroupApproximation/BooneHigman/Metabelian/EnvelopeSimpleCore.lean:122:14: 'GroupApproximation.BooneHigman.Metabelian.Envelope.commutator_listProd_mem' depends on axioms: [propext]
info: GroupApproximation/BooneHigman/Metabelian/EnvelopeSimpleCore.lean:138:14: 'GroupApproximation.BooneHigman.Metabelian.Envelope.commutator_le_of_fragments' depends on axioms: [propext,
 Classical.choice,
 Quot.sound]
ℹ [3045/3077] Replayed GroupApproximation.BooneHigman.Metabelian.EnvelopeHigmanVSection
info: GroupApproximation/BooneHigman/Metabelian/EnvelopeHigmanVSection.lean:59:14: 'GroupApproximation.BooneHigman.Metabelian.Envelope.HigmanVFinSectionStatement' depends on axioms: [propext,
 Classical.choice,
 Quot.sound]
info: GroupApproximation/BooneHigman/Metabelian/EnvelopeHigmanVSection.lean:73:14: 'GroupApproximation.BooneHigman.Metabelian.Envelope.higmanVFinFP_of_section' depends on axioms: [propext,
 Classical.choice,
 Quot.sound]
info: GroupApproximation/BooneHigman/Metabelian/EnvelopeHigmanVSection.lean:80:14: 'GroupApproximation.BooneHigman.Metabelian.Envelope.higmanVFP_of_finSection' depends on axioms: [propext,
 Classical.choice,
 Quot.sound]
info: GroupApproximation/BooneHigman/Metabelian/EnvelopeHigmanVSection.lean:88:14: 'GroupApproximation.BooneHigman.Metabelian.Envelope.rnFreeSection_of_finSection_core' depends on axioms: [propext,
 Classical.choice,
 Quot.sound]
ℹ [3046/3077] Replayed GroupApproximation.BooneHigman.Metabelian.EnvelopeSimpleEpstein
info: GroupApproximation/BooneHigman/Metabelian/EnvelopeSimpleEpstein.lean:32:14: 'GroupApproximation.BooneHigman.Metabelian.Envelope.ThreeRoom' depends on axioms: [propext,
 Classical.choice,
 Quot.sound]
info: GroupApproximation/BooneHigman/Metabelian/EnvelopeSimpleEpstein.lean:38:14: 'GroupApproximation.BooneHigman.Metabelian.Envelope.Compressible' depends on axioms: [propext,
 Classical.choice,
 Quot.sound]
info: GroupApproximation/BooneHigman/Metabelian/EnvelopeSimpleEpstein.lean:47:14: 'GroupApproximation.BooneHigman.Metabelian.Envelope.Fragments' depends on axioms: [propext,
 Classical.choice,
 Quot.sound]
info: GroupApproximation/BooneHigman/Metabelian/EnvelopeSimpleEpstein.lean:92:14: 'GroupApproximation.BooneHigman.Metabelian.Envelope.commutatorElement_mem_of_room' depends on axioms: [propext,
 Classical.choice,
 Quot.sound]
info: GroupApproximation/BooneHigman/Metabelian/EnvelopeSimpleEpstein.lean:118:14: 'GroupApproximation.BooneHigman.Metabelian.Envelope.commutator_le_of_room_fragments' depends on axioms: [propext,
 Classical.choice,
 Quot.sound]
info: GroupApproximation/BooneHigman/Metabelian/EnvelopeSimpleEpstein.lean:149:14: 'GroupApproximation.BooneHigman.Metabelian.Envelope.isSimpleGroup_of_room_fragments' depends on axioms: [propext,
 Classical.choice,
 Quot.sound]
ℹ [3049/3084] Replayed GroupApproximation.BooneHigman.Metabelian.CharPCoordsStatement
info: GroupApproximation/BooneHigman/Metabelian/CharPCoordsStatement.lean:58:2: 'GroupApproximation.BooneHigman.Metabelian.CharPCoords.CharPPolynomialCoordinatesStatement' depends on axioms: [propext,
 Classical.choice,
 Quot.sound]
info: GroupApproximation/BooneHigman/Metabelian/CharPCoordsStatement.lean:69:2: 'GroupApproximation.BooneHigman.Metabelian.CharPCoords.FiniteDomainAwayEmbeddingStatement' depends on axioms: [propext,
 Classical.choice,
 Quot.sound]
ℹ [3054/3091] Replayed GroupApproximation.Manuscript.SimpleKazhdanSofic.LeavittFP.CommutatorCalculus
info: GroupApproximation/Manuscript/SimpleKazhdanSofic/LeavittFP/CommutatorCalculus.lean:83:14: 'GroupApproximation.Manuscript.SimpleKazhdanSofic.LeavittFP.comm_mul_left' depends on axioms: [propext]
info: GroupApproximation/Manuscript/SimpleKazhdanSofic/LeavittFP/CommutatorCalculus.lean:84:14: 'GroupApproximation.Manuscript.SimpleKazhdanSofic.LeavittFP.comm_mul_right' depends on axioms: [propext]
info: GroupApproximation/Manuscript/SimpleKazhdanSofic/LeavittFP/CommutatorCalculus.lean:85:14: 'GroupApproximation.Manuscript.SimpleKazhdanSofic.LeavittFP.comm_assoc' depends on axioms: [propext]
info: GroupApproximation/Manuscript/SimpleKazhdanSofic/LeavittFP/CommutatorCalculus.lean:86:14: 'GroupApproximation.Manuscript.SimpleKazhdanSofic.LeavittFP.commute_commutatorElement_right' depends on axioms: [propext]
info: GroupApproximation/Manuscript/SimpleKazhdanSofic/LeavittFP/CommutatorCalculus.lean:87:14: 'GroupApproximation.Manuscript.SimpleKazhdanSofic.LeavittFP.commute_commutatorElement_left' depends on axioms: [propext]
info: GroupApproximation/Manuscript/SimpleKazhdanSofic/LeavittFP/CommutatorCalculus.lean:88:14: 'GroupApproximation.Manuscript.SimpleKazhdanSofic.LeavittFP.commute_of_mem_closure' depends on axioms: [propext,
 Classical.choice,
 Quot.sound]
ℹ [3068/3107] Replayed GroupApproximation.BooneHigman.Metabelian.ElemFPKMGroup
info: GroupApproximation/BooneHigman/Metabelian/ElemFPKMGroup.lean:162:14: 'GroupApproximation.BooneHigman.Metabelian.ElemFP.Gen' depends on axioms: []
info: GroupApproximation/BooneHigman/Metabelian/ElemFPKMGroup.lean:163:14: 'GroupApproximation.BooneHigman.Metabelian.ElemFP.R1Dom' depends on axioms: []
info: GroupApproximation/BooneHigman/Metabelian/ElemFPKMGroup.lean:164:14: 'GroupApproximation.BooneHigman.Metabelian.ElemFP.R2Dom' depends on axioms: []
info: GroupApproximation/BooneHigman/Metabelian/ElemFPKMGroup.lean:165:14: 'GroupApproximation.BooneHigman.Metabelian.ElemFP.R3Dom' depends on axioms: []
info: GroupApproximation/BooneHigman/Metabelian/ElemFPKMGroup.lean:166:14: 'GroupApproximation.BooneHigman.Metabelian.ElemFP.r0' depends on axioms: []
info: GroupApproximation/BooneHigman/Metabelian/ElemFPKMGroup.lean:167:14: 'GroupApproximation.BooneHigman.Metabelian.ElemFP.r1' depends on axioms: [propext, Quot.sound]
info: GroupApproximation/BooneHigman/Metabelian/ElemFPKMGroup.lean:168:14: 'GroupApproximation.BooneHigman.Metabelian.ElemFP.r2' depends on axioms: [propext, Quot.sound]
info: GroupApproximation/BooneHigman/Metabelian/ElemFPKMGroup.lean:169:14: 'GroupApproximation.BooneHigman.Metabelian.ElemFP.r3' depends on axioms: [propext, Quot.sound]
info: GroupApproximation/BooneHigman/Metabelian/ElemFPKMGroup.lean:170:14: 'GroupApproximation.BooneHigman.Metabelian.ElemFP.rels' depends on axioms: [propext, Quot.sound]
info: GroupApproximation/BooneHigman/Metabelian/ElemFPKMGroup.lean:171:14: 'GroupApproximation.BooneHigman.Metabelian.ElemFP.rels_finite' depends on axioms: [propext,
 Classical.choice,
 Quot.sound]
info: GroupApproximation/BooneHigman/Metabelian/ElemFPKMGroup.lean:172:14: 'GroupApproximation.BooneHigman.Metabelian.ElemFP.KMGroup' depends on axioms: [propext, Classical.choice, Quot.sound]
info: GroupApproximation/BooneHigman/Metabelian/ElemFPKMGroup.lean:173:14: 'GroupApproximation.BooneHigman.Metabelian.ElemFP.kmGroup_isFinitelyPresented' depends on axioms: [propext,
 Classical.choice,
 Quot.sound]
info: GroupApproximation/BooneHigman/Metabelian/ElemFPKMGroup.lean:174:14: 'GroupApproximation.BooneHigman.Metabelian.ElemFP.gen' depends on axioms: [propext, Classical.choice, Quot.sound]
info: GroupApproximation/BooneHigman/Metabelian/ElemFPKMGroup.lean:175:14: 'GroupApproximation.BooneHigman.Metabelian.ElemFP.gen_diag' depends on axioms: [propext, Classical.choice, Quot.sound]
info: GroupApproximation/BooneHigman/Metabelian/ElemFPKMGroup.lean:176:14: 'GroupApproximation.BooneHigman.Metabelian.ElemFP.gen_commute' depends on axioms: [propext,
 Classical.choice,
 Quot.sound]
info: GroupApproximation/BooneHigman/Metabelian/ElemFPKMGroup.lean:177:14: 'GroupApproximation.BooneHigman.Metabelian.ElemFP.gen_adj_none' depends on axioms: [propext,
 Classical.choice,
 Quot.sound]
info: GroupApproximation/BooneHigman/Metabelian/ElemFPKMGroup.lean:178:14: 'GroupApproximation.BooneHigman.Metabelian.ElemFP.gen_adj_some' depends on axioms: [propext,
 Classical.choice,
 Quot.sound]
info: GroupApproximation/BooneHigman/Metabelian/ElemFPKMGroup.lean:179:14: 'GroupApproximation.BooneHigman.Metabelian.ElemFP.spare' depends on axioms: [propext, Classical.choice, Quot.sound]
info: GroupApproximation/BooneHigman/Metabelian/ElemFPKMGroup.lean:180:14: 'GroupApproximation.BooneHigman.Metabelian.ElemFP.spare_ne_left' depends on axioms: [propext,
 Classical.choice,
 Quot.sound]
info: GroupApproximation/BooneHigman/Metabelian/ElemFPKMGroup.lean:181:14: 'GroupApproximation.BooneHigman.Metabelian.ElemFP.spare_ne_right' depends on axioms: [propext,
 Classical.choice,
 Quot.sound]
info: GroupApproximation/BooneHigman/Metabelian/ElemFPKMGroup.lean:182:14: 'GroupApproximation.BooneHigman.Metabelian.ElemFP.word' depends on axioms: [propext, Classical.choice, Quot.sound]
info: GroupApproximation/BooneHigman/Metabelian/ElemFPKMGroup.lean:183:14: 'GroupApproximation.BooneHigman.Metabelian.ElemFP.word_nil' depends on axioms: [propext, Classical.choice, Quot.sound]
info: GroupApproximation/BooneHigman/Metabelian/ElemFPKMGroup.lean:184:14: 'GroupApproximation.BooneHigman.Metabelian.ElemFP.word_cons' depends on axioms: [propext, Classical.choice, Quot.sound]
ℹ [3069/3107] Replayed GroupApproximation.BooneHigman.Metabelian.ElemFPPolyPresentation
info: GroupApproximation/BooneHigman/Metabelian/ElemFPPolyPresentation.lean:152:14: 'GroupApproximation.BooneHigman.Metabelian.ElemFP.polyQuotientMap' depends on axioms: [propext,
 Classical.choice,
 Quot.sound]
info: GroupApproximation/BooneHigman/Metabelian/ElemFPPolyPresentation.lean:153:14: 'GroupApproximation.BooneHigman.Metabelian.ElemFP.polyQuotientMap_ι' depends on axioms: [propext,
 Classical.choice,
 Quot.sound]
info: GroupApproximation/BooneHigman/Metabelian/ElemFPPolyPresentation.lean:154:14: 'GroupApproximation.BooneHigman.Metabelian.ElemFP.polyQuotientMap_surjective' depends on axioms: [propext,
 Classical.choice,
 Quot.sound]
info: GroupApproximation/BooneHigman/Metabelian/ElemFPPolyPresentation.lean:155:14: 'GroupApproximation.BooneHigman.Metabelian.ElemFP.polyRelators' depends on axioms: [propext, Quot.sound]
info: GroupApproximation/BooneHigman/Metabelian/ElemFPPolyPresentation.lean:156:14: 'GroupApproximation.BooneHigman.Metabelian.ElemFP.polyRelators_finite' depends on axioms: [propext,
 Classical.choice,
 Quot.sound]
info: GroupApproximation/BooneHigman/Metabelian/ElemFPPolyPresentation.lean:157:14: 'GroupApproximation.BooneHigman.Metabelian.ElemFP.natCast_mem_polyRelators' depends on axioms: [propext, Quot.sound]
info: GroupApproximation/BooneHigman/Metabelian/ElemFPPolyPresentation.lean:158:14: 'GroupApproximation.BooneHigman.Metabelian.ElemFP.comm_mem_polyRelators' depends on axioms: [propext, Quot.sound]
info: GroupApproximation/BooneHigman/Metabelian/ElemFPPolyPresentation.lean:159:14: 'GroupApproximation.BooneHigman.Metabelian.ElemFP.span_polyRelators_le_ker' depends on axioms: [propext,
 Classical.choice,
 Quot.sound]
info: GroupApproximation/BooneHigman/Metabelian/ElemFPPolyPresentation.lean:160:14: 'GroupApproximation.BooneHigman.Metabelian.ElemFP.RelQuot' depends on axioms: [propext, Quot.sound]
info: GroupApproximation/BooneHigman/Metabelian/ElemFPPolyPresentation.lean:161:14: 'GroupApproximation.BooneHigman.Metabelian.ElemFP.relQuotMk' depends on axioms: [propext, Quot.sound]
info: GroupApproximation/BooneHigman/Metabelian/ElemFPPolyPresentation.lean:162:14: 'GroupApproximation.BooneHigman.Metabelian.ElemFP.ker_relQuotMk' depends on axioms: [propext, Quot.sound]
info: GroupApproximation/BooneHigman/Metabelian/ElemFPPolyPresentation.lean:163:14: 'GroupApproximation.BooneHigman.Metabelian.ElemFP.relQuotMk_surjective' depends on axioms: [propext, Quot.sound]
info: GroupApproximation/BooneHigman/Metabelian/ElemFPPolyPresentation.lean:164:14: 'GroupApproximation.BooneHigman.Metabelian.ElemFP.relQuotMk_relator' depends on axioms: [propext, Quot.sound]
info: GroupApproximation/BooneHigman/Metabelian/ElemFPPolyPresentation.lean:165:14: 'GroupApproximation.BooneHigman.Metabelian.ElemFP.relQuotMk_ι_comm' depends on axioms: [propext,
 Classical.choice,
 Quot.sound]
info: GroupApproximation/BooneHigman/Metabelian/ElemFPPolyPresentation.lean:166:14: 'GroupApproximation.BooneHigman.Metabelian.ElemFP.relQuotMk_commute' depends on axioms: [propext,
 Classical.choice,
 Quot.sound]
info: GroupApproximation/BooneHigman/Metabelian/ElemFPPolyPresentation.lean:167:14: 'GroupApproximation.BooneHigman.Metabelian.ElemFP.relQuotMk_mem_center' depends on axioms: [propext,
 Classical.choice,
 Quot.sound]
info: GroupApproximation/BooneHigman/Metabelian/ElemFPPolyPresentation.lean:168:14: 'GroupApproximation.BooneHigman.Metabelian.ElemFP.relQuot_natCast_p' depends on axioms: [propext, Quot.sound]
info: GroupApproximation/BooneHigman/Metabelian/ElemFPPolyPresentation.lean:169:14: 'GroupApproximation.BooneHigman.Metabelian.ElemFP.center_natCast_p' depends on axioms: [propext,
 Classical.choice,
 Quot.sound]
ℹ [3072/3107] Replayed GroupApproximation.BooneHigman.Metabelian.ElemFPKMPhi
info: GroupApproximation/BooneHigman/Metabelian/ElemFPKMPhi.lean:102:14: 'GroupApproximation.BooneHigman.Metabelian.ElemFP.coef' depends on axioms: [propext]
info: GroupApproximation/BooneHigman/Metabelian/ElemFPKMPhi.lean:103:14: 'GroupApproximation.BooneHigman.Metabelian.ElemFP.coef_none' depends on axioms: [propext]
info: GroupApproximation/BooneHigman/Metabelian/ElemFPKMPhi.lean:104:14: 'GroupApproximation.BooneHigman.Metabelian.ElemFP.coef_some' depends on axioms: [propext]
info: GroupApproximation/BooneHigman/Metabelian/ElemFPKMPhi.lean:105:14: 'GroupApproximation.BooneHigman.Metabelian.ElemFP.phiGen' depends on axioms: [propext, Classical.choice, Quot.sound]
info: GroupApproximation/BooneHigman/Metabelian/ElemFPKMPhi.lean:106:14: 'GroupApproximation.BooneHigman.Metabelian.ElemFP.phiGen_diag' depends on axioms: [propext,
 Classical.choice,
 Quot.sound]
info: GroupApproximation/BooneHigman/Metabelian/ElemFPKMPhi.lean:107:14: 'GroupApproximation.BooneHigman.Metabelian.ElemFP.phiGen_of_ne' depends on axioms: [propext,
 Classical.choice,
 Quot.sound]
info: GroupApproximation/BooneHigman/Metabelian/ElemFPKMPhi.lean:108:14: 'GroupApproximation.BooneHigman.Metabelian.ElemFP.phi_rels' depends on axioms: [propext, Classical.choice, Quot.sound]
info: GroupApproximation/BooneHigman/Metabelian/ElemFPKMPhi.lean:109:14: 'GroupApproximation.BooneHigman.Metabelian.ElemFP.phi' depends on axioms: [propext, Classical.choice, Quot.sound]
info: GroupApproximation/BooneHigman/Metabelian/ElemFPKMPhi.lean:110:14: 'GroupApproximation.BooneHigman.Metabelian.ElemFP.phi_gen' depends on axioms: [propext, Classical.choice, Quot.sound]
info: GroupApproximation/BooneHigman/Metabelian/ElemFPKMPhi.lean:111:14: 'GroupApproximation.BooneHigman.Metabelian.ElemFP.phi_word' depends on axioms: [propext, Classical.choice, Quot.sound]
ℹ [3075/3111] Replayed GroupApproximation.BooneHigman.Metabelian.ElemFPKMWords
info: GroupApproximation/BooneHigman/Metabelian/ElemFPKMWords.lean:116:14: 'GroupApproximation.BooneHigman.Metabelian.ElemFP.Cgw' depends on axioms: [propext, Classical.choice, Quot.sound]
info: GroupApproximation/BooneHigman/Metabelian/ElemFPKMWords.lean:117:14: 'GroupApproximation.BooneHigman.Metabelian.ElemFP.Cww' depends on axioms: [propext, Classical.choice, Quot.sound]
info: GroupApproximation/BooneHigman/Metabelian/ElemFPKMWords.lean:118:14: 'GroupApproximation.BooneHigman.Metabelian.ElemFP.A0' depends on axioms: [propext, Classical.choice, Quot.sound]
info: GroupApproximation/BooneHigman/Metabelian/ElemFPKMWords.lean:119:14: 'GroupApproximation.BooneHigman.Metabelian.ElemFP.Ins' depends on axioms: [propext, Classical.choice, Quot.sound]
info: GroupApproximation/BooneHigman/Metabelian/ElemFPKMWords.lean:120:14: 'GroupApproximation.BooneHigman.Metabelian.ElemFP.ins_of' depends on axioms: [propext, Classical.choice, Quot.sound]
info: GroupApproximation/BooneHigman/Metabelian/ElemFPKMWords.lean:121:14: 'GroupApproximation.BooneHigman.Metabelian.ElemFP.cgw_cons' depends on axioms: [propext, Classical.choice, Quot.sound]
info: GroupApproximation/BooneHigman/Metabelian/ElemFPKMWords.lean:122:14: 'GroupApproximation.BooneHigman.Metabelian.ElemFP.cww_cons' depends on axioms: [propext, Classical.choice, Quot.sound]
info: GroupApproximation/BooneHigman/Metabelian/ElemFPKMWords.lean:123:14: 'GroupApproximation.BooneHigman.Metabelian.ElemFP.a0_cons' depends on axioms: [propext, Classical.choice, Quot.sound]
ℹ [3076/3111] Replayed GroupApproximation.BooneHigman.Metabelian.ElemFPPolyKernel
info: GroupApproximation/BooneHigman/Metabelian/ElemFPPolyKernel.lean:62:14: 'GroupApproximation.BooneHigman.Metabelian.ElemFP.zmodToCenter' depends on axioms: [propext,
 Classical.choice,
 Quot.sound]
info: GroupApproximation/BooneHigman/Metabelian/ElemFPPolyKernel.lean:63:14: 'GroupApproximation.BooneHigman.Metabelian.ElemFP.centerGen' depends on axioms: [propext, Classical.choice, Quot.sound]
info: GroupApproximation/BooneHigman/Metabelian/ElemFPPolyKernel.lean:64:14: 'GroupApproximation.BooneHigman.Metabelian.ElemFP.polyLift' depends on axioms: [propext, Classical.choice, Quot.sound]
info: GroupApproximation/BooneHigman/Metabelian/ElemFPPolyKernel.lean:65:14: 'GroupApproximation.BooneHigman.Metabelian.ElemFP.polyLift_comp' depends on axioms: [propext,
 Classical.choice,
 Quot.sound]
info: GroupApproximation/BooneHigman/Metabelian/ElemFPPolyKernel.lean:66:14: 'GroupApproximation.BooneHigman.Metabelian.ElemFP.ker_polyQuotientMap' depends on axioms: [propext,
 Classical.choice,
 Quot.sound]
ℹ [3078/3114] Replayed GroupApproximation.BooneHigman.Metabelian.ElemFPKMWordPackage
info: GroupApproximation/BooneHigman/Metabelian/ElemFPKMWordPackage.lean:108:14: 'GroupApproximation.BooneHigman.Metabelian.ElemFP.word_package' depends on axioms: [propext,
 Classical.choice,
 Quot.sound]
info: GroupApproximation/BooneHigman/Metabelian/ElemFPKMWordPackage.lean:109:14: 'GroupApproximation.BooneHigman.Metabelian.ElemFP.word_commute_gen' depends on axioms: [propext,
 Classical.choice,
 Quot.sound]
info: GroupApproximation/BooneHigman/Metabelian/ElemFPKMWordPackage.lean:110:14: 'GroupApproximation.BooneHigman.Metabelian.ElemFP.word_commute_word' depends on axioms: [propext,
 Classical.choice,
 Quot.sound]
info: GroupApproximation/BooneHigman/Metabelian/ElemFPKMWordPackage.lean:111:14: 'GroupApproximation.BooneHigman.Metabelian.ElemFP.gen_none_word' depends on axioms: [propext,
 Classical.choice,
 Quot.sound]
info: GroupApproximation/BooneHigman/Metabelian/ElemFPKMWordPackage.lean:112:14: 'GroupApproximation.BooneHigman.Metabelian.ElemFP.word_cons_eq' depends on axioms: [propext,
 Classical.choice,
 Quot.sound]
info: GroupApproximation/BooneHigman/Metabelian/ElemFPKMWordPackage.lean:113:14: 'GroupApproximation.BooneHigman.Metabelian.ElemFP.word_append' depends on axioms: [propext,
 Classical.choice,
 Quot.sound]
ℹ [3079/3114] Replayed GroupApproximation.BooneHigman.Metabelian.ElemFPKMRoots
info: GroupApproximation/BooneHigman/Metabelian/ElemFPKMRoots.lean:171:14: 'GroupApproximation.BooneHigman.Metabelian.ElemFP.rootWords' depends on axioms: [propext, Classical.choice, Quot.sound]
info: GroupApproximation/BooneHigman/Metabelian/ElemFPKMRoots.lean:172:14: 'GroupApproximation.BooneHigman.Metabelian.ElemFP.closure_commute' depends on axioms: [propext,
 Classical.choice,
 Quot.sound]
info: GroupApproximation/BooneHigman/Metabelian/ElemFPKMRoots.lean:173:14: 'GroupApproximation.BooneHigman.Metabelian.ElemFP.RootGroup' depends on axioms: [propext, Classical.choice, Quot.sound]
info: GroupApproximation/BooneHigman/Metabelian/ElemFPKMRoots.lean:174:14: 'GroupApproximation.BooneHigman.Metabelian.ElemFP.rootGroup_commGroup' depends on axioms: [propext,
 Classical.choice,
 Quot.sound]
info: GroupApproximation/BooneHigman/Metabelian/ElemFPKMRoots.lean:175:14: 'GroupApproximation.BooneHigman.Metabelian.ElemFP.rootElem' depends on axioms: [propext, Classical.choice, Quot.sound]
info: GroupApproximation/BooneHigman/Metabelian/ElemFPKMRoots.lean:176:14: 'GroupApproximation.BooneHigman.Metabelian.ElemFP.rootSum' depends on axioms: [propext, Classical.choice, Quot.sound]
info: GroupApproximation/BooneHigman/Metabelian/ElemFPKMRoots.lean:177:14: 'GroupApproximation.BooneHigman.Metabelian.ElemFP.rootSum_add' depends on axioms: [propext,
 Classical.choice,
 Quot.sound]
info: GroupApproximation/BooneHigman/Metabelian/ElemFPKMRoots.lean:178:14: 'GroupApproximation.BooneHigman.Metabelian.ElemFP.rootSum_monomial' depends on axioms: [propext,
 Classical.choice,
 Quot.sound]
info: GroupApproximation/BooneHigman/Metabelian/ElemFPKMRoots.lean:179:14: 'GroupApproximation.BooneHigman.Metabelian.ElemFP.psiRoot' depends on axioms: [propext, Classical.choice, Quot.sound]
info: GroupApproximation/BooneHigman/Metabelian/ElemFPKMRoots.lean:180:14: 'GroupApproximation.BooneHigman.Metabelian.ElemFP.psiRoot_add' depends on axioms: [propext,
 Classical.choice,
 Quot.sound]
info: GroupApproximation/BooneHigman/Metabelian/ElemFPKMRoots.lean:181:14: 'GroupApproximation.BooneHigman.Metabelian.ElemFP.psiRoot_monomial' depends on axioms: [propext,
 Classical.choice,
 Quot.sound]
info: GroupApproximation/BooneHigman/Metabelian/ElemFPKMRoots.lean:182:14: 'GroupApproximation.BooneHigman.Metabelian.ElemFP.psiRoot_mem' depends on axioms: [propext,
 Classical.choice,
 Quot.sound]
info: GroupApproximation/BooneHigman/Metabelian/ElemFPKMRoots.lean:183:14: 'GroupApproximation.BooneHigman.Metabelian.ElemFP.psiRoot_commute' depends on axioms: [propext,
 Classical.choice,
 Quot.sound]
info: GroupApproximation/BooneHigman/Metabelian/ElemFPKMRoots.lean:184:14: 'GroupApproximation.BooneHigman.Metabelian.ElemFP.psiRoot_zero' depends on axioms: [propext,
 Classical.choice,
 Quot.sound]
info: GroupApproximation/BooneHigman/Metabelian/ElemFPKMRoots.lean:185:14: 'GroupApproximation.BooneHigman.Metabelian.ElemFP.psiRoot_neg' depends on axioms: [propext,
 Classical.choice,
 Quot.sound]
info: GroupApproximation/BooneHigman/Metabelian/ElemFPKMRoots.lean:186:14: 'GroupApproximation.BooneHigman.Metabelian.ElemFP.freeAlgebra_induction' depends on axioms: [propext,
 Classical.choice,
 Quot.sound]
info: GroupApproximation/BooneHigman/Metabelian/ElemFPKMRoots.lean:187:14: 'GroupApproximation.BooneHigman.Metabelian.ElemFP.adj_word' depends on axioms: [propext, Classical.choice, Quot.sound]
ℹ [3080/3114] Replayed GroupApproximation.BooneHigman.Metabelian.ElemFPKMIso
info: GroupApproximation/BooneHigman/Metabelian/ElemFPKMIso.lean:126:14: 'GroupApproximation.BooneHigman.Metabelian.ElemFP.psiRoot_adjacent' depends on axioms: [propext,
 Classical.choice,
 Quot.sound]
info: GroupApproximation/BooneHigman/Metabelian/ElemFPKMIso.lean:127:14: 'GroupApproximation.BooneHigman.Metabelian.ElemFP.psiGen' depends on axioms: [propext, Classical.choice, Quot.sound]
info: GroupApproximation/BooneHigman/Metabelian/ElemFPKMIso.lean:128:14: 'GroupApproximation.BooneHigman.Metabelian.ElemFP.psi_rels' depends on axioms: [propext, Classical.choice, Quot.sound]
info: GroupApproximation/BooneHigman/Metabelian/ElemFPKMIso.lean:129:14: 'GroupApproximation.BooneHigman.Metabelian.ElemFP.psi' depends on axioms: [propext, Classical.choice, Quot.sound]
info: GroupApproximation/BooneHigman/Metabelian/ElemFPKMIso.lean:130:14: 'GroupApproximation.BooneHigman.Metabelian.ElemFP.psi_x' depends on axioms: [propext, Classical.choice, Quot.sound]
info: GroupApproximation/BooneHigman/Metabelian/ElemFPKMIso.lean:131:14: 'GroupApproximation.BooneHigman.Metabelian.ElemFP.psi_comp_phi' depends on axioms: [propext,
 Classical.choice,
 Quot.sound]
info: GroupApproximation/BooneHigman/Metabelian/ElemFPKMIso.lean:132:14: 'GroupApproximation.BooneHigman.Metabelian.ElemFP.phi_psiRoot' depends on axioms: [propext,
 Classical.choice,
 Quot.sound]
info: GroupApproximation/BooneHigman/Metabelian/ElemFPKMIso.lean:133:14: 'GroupApproximation.BooneHigman.Metabelian.ElemFP.phi_comp_psi' depends on axioms: [propext,
 Classical.choice,
 Quot.sound]
info: GroupApproximation/BooneHigman/Metabelian/ElemFPKMIso.lean:134:14: 'GroupApproximation.BooneHigman.Metabelian.ElemFP.kmEquiv' depends on axioms: [propext, Classical.choice, Quot.sound]
info: GroupApproximation/BooneHigman/Metabelian/ElemFPKMIso.lean:136:2: 'GroupApproximation.BooneHigman.Metabelian.ElemFP.steinbergFreeAlgebra_isFinitelyPresented' depends on axioms: [propext,
 Classical.choice,
 Quot.sound]
ℹ [3082/3114] Replayed GroupApproximation.BooneHigman.Metabelian.ChainCharZero
info: GroupApproximation/BooneHigman/Metabelian/ChainCharZero.lean:39:14: 'GroupApproximation.BooneHigman.Metabelian.Chain.SIntPoly' depends on axioms: [propext, Classical.choice, Quot.sound]
info: GroupApproximation/BooneHigman/Metabelian/ChainCharZero.lean:50:14: 'GroupApproximation.BooneHigman.Metabelian.Chain.CharZeroPolynomialCoordinatesStatement' depends on axioms: [propext,
 Classical.choice,
 Quot.sound]
info: GroupApproximation/BooneHigman/Metabelian/ChainCharZero.lean:62:14: 'GroupApproximation.BooneHigman.Metabelian.Chain.CharZeroElementaryAbsorptionStatement' depends on axioms: [propext,
 Classical.choice,
 Quot.sound]
info: GroupApproximation/BooneHigman/Metabelian/ChainCharZero.lean:70:14: 'GroupApproximation.BooneHigman.Metabelian.Chain.CharZeroElementaryFPStatement' depends on axioms: [propext,
 Classical.choice,
 Quot.sound]
info: GroupApproximation/BooneHigman/Metabelian/ChainCharZero.lean:81:14: 'GroupApproximation.BooneHigman.Metabelian.Chain.CharZeroAffineSelfSimilarStatement' depends on axioms: [propext,
 Classical.choice,
 Quot.sound]
info: GroupApproximation/BooneHigman/Metabelian/ChainCharZero.lean:90:14: 'GroupApproximation.BooneHigman.Metabelian.Chain.CharZeroLinearHostStatement' depends on axioms: [propext,
 Classical.choice,
 Quot.sound]
info: GroupApproximation/BooneHigman/Metabelian/ChainCharZero.lean:98:14: 'GroupApproximation.BooneHigman.Metabelian.Chain.sIntPoly_finiteType' depends on axioms: [propext,
 Classical.choice,
 Quot.sound]
info: GroupApproximation/BooneHigman/Metabelian/ChainCharZero.lean:118:14: 'GroupApproximation.BooneHigman.Metabelian.Chain.charZeroLinearHostStatement_of_chain' depends on axioms: [propext,
 Classical.choice,
 Quot.sound]
ℹ [3083/3114] Replayed GroupApproximation.BooneHigman.Metabelian.ElemFPCharZeroRingPresentation
info: GroupApproximation/BooneHigman/Metabelian/ElemFPCharZeroRingPresentation.lean:149:14: 'GroupApproximation.BooneHigman.Metabelian.ElemFPCharZero.freeToPoly' depends on axioms: [propext,
 Classical.choice,
 Quot.sound]
info: GroupApproximation/BooneHigman/Metabelian/ElemFPCharZeroRingPresentation.lean:150:14: 'GroupApproximation.BooneHigman.Metabelian.ElemFPCharZero.freeToPoly_ι' depends on axioms: [propext,
 Classical.choice,
 Quot.sound]
info: GroupApproximation/BooneHigman/Metabelian/ElemFPCharZeroRingPresentation.lean:151:14: 'GroupApproximation.BooneHigman.Metabelian.ElemFPCharZero.freeToPoly_surjective' depends on axioms: [propext,
 Classical.choice,
 Quot.sound]
info: GroupApproximation/BooneHigman/Metabelian/ElemFPCharZeroRingPresentation.lean:152:14: 'GroupApproximation.BooneHigman.Metabelian.ElemFPCharZero.liftRel' depends on axioms: [propext,
 Classical.choice,
 Quot.sound]
info: GroupApproximation/BooneHigman/Metabelian/ElemFPCharZeroRingPresentation.lean:153:14: 'GroupApproximation.BooneHigman.Metabelian.ElemFPCharZero.freeToPoly_liftRel' depends on axioms: [propext,
 Classical.choice,
 Quot.sound]
info: GroupApproximation/BooneHigman/Metabelian/ElemFPCharZeroRingPresentation.lean:154:14: 'GroupApproximation.BooneHigman.Metabelian.ElemFPCharZero.polyRelators' depends on axioms: [propext,
 Classical.choice,
 Quot.sound]
info: GroupApproximation/BooneHigman/Metabelian/ElemFPCharZeroRingPresentation.lean:155:14: 'GroupApproximation.BooneHigman.Metabelian.ElemFPCharZero.polyRelators_finite' depends on axioms: [propext,
 Classical.choice,
 Quot.sound]
info: GroupApproximation/BooneHigman/Metabelian/ElemFPCharZeroRingPresentation.lean:156:14: 'GroupApproximation.BooneHigman.Metabelian.ElemFPCharZero.liftRel_mem_polyRelators' depends on axioms: [propext,
 Classical.choice,
 Quot.sound]
info: GroupApproximation/BooneHigman/Metabelian/ElemFPCharZeroRingPresentation.lean:157:14: 'GroupApproximation.BooneHigman.Metabelian.ElemFPCharZero.comm_mem_polyRelators' depends on axioms: [propext,
 Classical.choice,
 Quot.sound]
info: GroupApproximation/BooneHigman/Metabelian/ElemFPCharZeroRingPresentation.lean:158:14: 'GroupApproximation.BooneHigman.Metabelian.ElemFPCharZero.RelQuot' depends on axioms: [propext,
 Classical.choice,
 Quot.sound]
info: GroupApproximation/BooneHigman/Metabelian/ElemFPCharZeroRingPresentation.lean:159:14: 'GroupApproximation.BooneHigman.Metabelian.ElemFPCharZero.relQuotMk' depends on axioms: [propext,
 Classical.choice,
 Quot.sound]
info: GroupApproximation/BooneHigman/Metabelian/ElemFPCharZeroRingPresentation.lean:160:14: 'GroupApproximation.BooneHigman.Metabelian.ElemFPCharZero.ker_relQuotMk' depends on axioms: [propext,
 Classical.choice,
 Quot.sound]
info: GroupApproximation/BooneHigman/Metabelian/ElemFPCharZeroRingPresentation.lean:161:14: 'GroupApproximation.BooneHigman.Metabelian.ElemFPCharZero.relQuotMk_surjective' depends on axioms: [propext,
 Classical.choice,
 Quot.sound]
info: GroupApproximation/BooneHigman/Metabelian/ElemFPCharZeroRingPresentation.lean:162:14: 'GroupApproximation.BooneHigman.Metabelian.ElemFPCharZero.relQuotMk_relator' depends on axioms: [propext,
 Classical.choice,
 Quot.sound]
info: GroupApproximation/BooneHigman/Metabelian/ElemFPCharZeroRingPresentation.lean:163:14: 'GroupApproximation.BooneHigman.Metabelian.ElemFPCharZero.relQuotMk_ι_comm' depends on axioms: [propext,
 Classical.choice,
 Quot.sound]
info: GroupApproximation/BooneHigman/Metabelian/ElemFPCharZeroRingPresentation.lean:164:14: 'GroupApproximation.BooneHigman.Metabelian.ElemFPCharZero.relQuotMk_commute' depends on axioms: [propext,
 Classical.choice,
 Quot.sound]
info: GroupApproximation/BooneHigman/Metabelian/ElemFPCharZeroRingPresentation.lean:165:14: 'GroupApproximation.BooneHigman.Metabelian.ElemFPCharZero.relQuotMk_mem_center' depends on axioms: [propext,
 Classical.choice,
 Quot.sound]
ℹ [3086/3118] Replayed GroupApproximation.BooneHigman.Metabelian.ElemFPEndpoint
info: GroupApproximation/BooneHigman/Metabelian/ElemFPEndpoint.lean:96:2: 'GroupApproximation.BooneHigman.Metabelian.ElemFP.steinbergPoly_isFinitelyPresented' depends on axioms: [propext,
 Classical.choice,
 Quot.sound]
info: GroupApproximation/BooneHigman/Metabelian/ElemFPEndpoint.lean:97:14: 'GroupApproximation.BooneHigman.Metabelian.ElemFP.PolynomialFpElementaryFPStatement' depends on axioms: [propext,
 Classical.choice,
 Quot.sound]
info: GroupApproximation/BooneHigman/Metabelian/ElemFPEndpoint.lean:98:14: 'GroupApproximation.BooneHigman.Metabelian.ElemFP.PolynomialFpK2VanishingStatement' depends on axioms: [propext,
 Classical.choice,
 Quot.sound]
info: GroupApproximation/BooneHigman/Metabelian/ElemFPEndpoint.lean:100:2: 'GroupApproximation.BooneHigman.Metabelian.ElemFP.polynomialFpElementaryFP_of_polynomialFpK2Vanishing' depends on axioms: [propext,
 Classical.choice,
 Quot.sound]
ℹ [3087/3118] Replayed GroupApproximation.BooneHigman.Metabelian.ElemFPCharZeroRingKernel
info: GroupApproximation/BooneHigman/Metabelian/ElemFPCharZeroRingKernel.lean:133:14: 'GroupApproximation.BooneHigman.Metabelian.ElemFPCharZero.centerGen' depends on axioms: [propext,
 Classical.choice,
 Quot.sound]
info: GroupApproximation/BooneHigman/Metabelian/ElemFPCharZeroRingKernel.lean:134:14: 'GroupApproximation.BooneHigman.Metabelian.ElemFPCharZero.polyLiftC' depends on axioms: [propext,
 Classical.choice,
 Quot.sound]
info: GroupApproximation/BooneHigman/Metabelian/ElemFPCharZeroRingKernel.lean:135:14: 'GroupApproximation.BooneHigman.Metabelian.ElemFPCharZero.polyLift' depends on axioms: [propext,
 Classical.choice,
 Quot.sound]
info: GroupApproximation/BooneHigman/Metabelian/ElemFPCharZeroRingKernel.lean:136:14: 'GroupApproximation.BooneHigman.Metabelian.ElemFPCharZero.polyLift_apply' depends on axioms: [propext,
 Classical.choice,
 Quot.sound]
info: GroupApproximation/BooneHigman/Metabelian/ElemFPCharZeroRingKernel.lean:137:14: 'GroupApproximation.BooneHigman.Metabelian.ElemFPCharZero.polyLift_comp' depends on axioms: [propext,
 Classical.choice,
 Quot.sound]
info: GroupApproximation/BooneHigman/Metabelian/ElemFPCharZeroRingKernel.lean:138:14: 'GroupApproximation.BooneHigman.Metabelian.ElemFPCharZero.polyLiftC_eq_zero' depends on axioms: [propext,
 Classical.choice,
 Quot.sound]
info: GroupApproximation/BooneHigman/Metabelian/ElemFPCharZeroRingKernel.lean:139:14: 'GroupApproximation.BooneHigman.Metabelian.ElemFPCharZero.span_le_ker_polyLiftC' depends on axioms: [propext,
 Classical.choice,
 Quot.sound]
info: GroupApproximation/BooneHigman/Metabelian/ElemFPCharZeroRingKernel.lean:140:14: 'GroupApproximation.BooneHigman.Metabelian.ElemFPCharZero.ker_comp_freeToPoly' depends on axioms: [propext,
 Classical.choice,
 Quot.sound]
info: GroupApproximation/BooneHigman/Metabelian/ElemFPCharZeroRingKernel.lean:142:2: 'GroupApproximation.BooneHigman.Metabelian.ElemFPCharZero.steinberg_isFinitelyPresented_of_presentation' depends on axioms: [propext,
 Classical.choice,
 Quot.sound]
info: GroupApproximation/BooneHigman/Metabelian/ElemFPCharZeroRingKernel.lean:144:2: 'GroupApproximation.BooneHigman.Metabelian.ElemFPCharZero.steinberg_isFinitelyPresented_of_finitePresentation' depends on axioms: [propext,
 Classical.choice,
 Quot.sound]
ℹ [3088/3118] Replayed GroupApproximation.BooneHigman.Metabelian.ElemFPCharZeroEndpoint
info: GroupApproximation/BooneHigman/Metabelian/ElemFPCharZeroEndpoint.lean:99:2: 'GroupApproximation.BooneHigman.Metabelian.ElemFPCharZero.steinbergSIntPoly_isFinitelyPresented' depends on axioms: [propext,
 Classical.choice,
 Quot.sound]
info: GroupApproximation/BooneHigman/Metabelian/ElemFPCharZeroEndpoint.lean:101:2: 'GroupApproximation.BooneHigman.Metabelian.ElemFPCharZero.k2_isFinitelyNormallyGenerated_of_fg' depends on axioms: [propext,
 Classical.choice,
 Quot.sound]
info: GroupApproximation/BooneHigman/Metabelian/ElemFPCharZeroEndpoint.lean:103:2: 'GroupApproximation.BooneHigman.Metabelian.ElemFPCharZero.isFinitelyPresented_elementaryGroup_of_fg' depends on axioms: [propext,
 Classical.choice,
 Quot.sound]
info: GroupApproximation/BooneHigman/Metabelian/ElemFPCharZeroEndpoint.lean:104:14: 'GroupApproximation.BooneHigman.Metabelian.ElemFPCharZero.CharZeroStableK2FGStatement' depends on axioms: [propext,
 Classical.choice,
 Quot.sound]
info: GroupApproximation/BooneHigman/Metabelian/ElemFPCharZeroEndpoint.lean:105:14: 'GroupApproximation.BooneHigman.Metabelian.ElemFPCharZero.CharZeroRankFourFPStatement' depends on axioms: [propext,
 Classical.choice,
 Quot.sound]
info: GroupApproximation/BooneHigman/Metabelian/ElemFPCharZeroEndpoint.lean:107:2: 'GroupApproximation.BooneHigman.Metabelian.ElemFPCharZero.CharZeroElementaryFPGapStatement' depends on axioms: [propext,
 Classical.choice,
 Quot.sound]
info: GroupApproximation/BooneHigman/Metabelian/ElemFPCharZeroEndpoint.lean:108:14: 'GroupApproximation.BooneHigman.Metabelian.ElemFPCharZero.charZeroElementaryFP_of_gap' depends on axioms: [propext,
 Classical.choice,
 Quot.sound]
ℹ [3090/3118] Replayed GroupApproximation.BooneHigman.Metabelian.CharPCoordsNagata
info: GroupApproximation/BooneHigman/Metabelian/CharPCoordsNagata.lean:42:14: 'GroupApproximation.BooneHigman.Metabelian.CharPCoords.Nagata.lt_up' depends on axioms: [propext,
 Classical.choice,
 Quot.sound]
info: GroupApproximation/BooneHigman/Metabelian/CharPCoordsNagata.lean:53:14: 'GroupApproximation.BooneHigman.Metabelian.CharPCoords.Nagata.T1' depends on axioms: [propext,
 Classical.choice,
 Quot.sound]
info: GroupApproximation/BooneHigman/Metabelian/CharPCoordsNagata.lean:60:14: 'GroupApproximation.BooneHigman.Metabelian.CharPCoords.Nagata.t1_comp_t1_neg' depends on axioms: [propext,
 Classical.choice,
 Quot.sound]
info: GroupApproximation/BooneHigman/Metabelian/CharPCoordsNagata.lean:66:14: 'GroupApproximation.BooneHigman.Metabelian.CharPCoords.Nagata.T' depends on axioms: [propext,
 Classical.choice,
 Quot.sound]
info: GroupApproximation/BooneHigman/Metabelian/CharPCoordsNagata.lean:77:14: 'GroupApproximation.BooneHigman.Metabelian.CharPCoords.Nagata.sum_r_mul_ne' depends on axioms: [propext,
 Classical.choice,
 Quot.sound]
info: GroupApproximation/BooneHigman/Metabelian/CharPCoordsNagata.lean:95:14: 'GroupApproximation.BooneHigman.Metabelian.CharPCoords.Nagata.degreeOf_zero_t' depends on axioms: [propext,
 Classical.choice,
 Quot.sound]
info: GroupApproximation/BooneHigman/Metabelian/CharPCoordsNagata.lean:106:14: 'GroupApproximation.BooneHigman.Metabelian.CharPCoords.Nagata.degreeOf_t_ne_of_ne' depends on axioms: [propext,
 Classical.choice,
 Quot.sound]
info: GroupApproximation/BooneHigman/Metabelian/CharPCoordsNagata.lean:127:2: 'GroupApproximation.BooneHigman.Metabelian.CharPCoords.Nagata.leadingCoeff_finSuccEquiv_t' depends on axioms: [propext,
 Classical.choice,
 Quot.sound]
info: GroupApproximation/BooneHigman/Metabelian/CharPCoordsNagata.lean:157:14: 'GroupApproximation.BooneHigman.Metabelian.CharPCoords.Nagata.T_leadingcoeff_isUnit' depends on axioms: [propext,
 Classical.choice,
 Quot.sound]
info: GroupApproximation/BooneHigman/Metabelian/CharPCoordsNagata.lean:170:2: 'GroupApproximation.BooneHigman.Metabelian.CharPCoords.Nagata.exists_algEquiv_isUnit_leadingCoeff' depends on axioms: [propext,
 Classical.choice,
 Quot.sound]
ℹ [3091/3124] Replayed GroupApproximation.BooneHigman.Metabelian.ChainCharP
info: GroupApproximation/BooneHigman/Metabelian/ChainCharP.lean:47:14: 'GroupApproximation.BooneHigman.Metabelian.Chain.CharPPoly' depends on axioms: [propext, Quot.sound]
info: GroupApproximation/BooneHigman/Metabelian/ChainCharP.lean:58:14: 'GroupApproximation.BooneHigman.Metabelian.Chain.CharPElementaryAbsorptionStatement' depends on axioms: [propext,
 Classical.choice,
 Quot.sound]
info: GroupApproximation/BooneHigman/Metabelian/ChainCharP.lean:69:14: 'GroupApproximation.BooneHigman.Metabelian.Chain.CharPAffineSelfSimilarStatement' depends on axioms: [propext,
 Classical.choice,
 Quot.sound]
info: GroupApproximation/BooneHigman/Metabelian/ChainCharP.lean:79:14: 'GroupApproximation.BooneHigman.Metabelian.Chain.CharPLinearHostStatement' depends on axioms: [propext,
 Classical.choice,
 Quot.sound]
info: GroupApproximation/BooneHigman/Metabelian/ChainCharP.lean:88:14: 'GroupApproximation.BooneHigman.Metabelian.Chain.glLift' depends on axioms: [propext, Classical.choice, Quot.sound]
info: GroupApproximation/BooneHigman/Metabelian/ChainCharP.lean:96:14: 'GroupApproximation.BooneHigman.Metabelian.Chain.glLift_injective' depends on axioms: [propext,
 Classical.choice,
 Quot.sound]
info: GroupApproximation/BooneHigman/Metabelian/ChainCharP.lean:103:14: 'GroupApproximation.BooneHigman.Metabelian.Chain.charPPoly_map_surjective' depends on axioms: [propext,
 Classical.choice,
 Quot.sound]
info: GroupApproximation/BooneHigman/Metabelian/ChainCharP.lean:130:14: 'GroupApproximation.BooneHigman.Metabelian.Chain.charPLinearHostStatement_of_chain' depends on axioms: [propext,
 Classical.choice,
 Quot.sound]
ℹ [3092/3124] Replayed GroupApproximation.BooneHigman.Metabelian.ChainQuasiLinear
info: GroupApproximation/BooneHigman/Metabelian/ChainQuasiLinear.lean:39:14: 'GroupApproximation.BooneHigman.Metabelian.Chain.IsQuasiLinear' depends on axioms: [propext,
 Classical.choice,
 Quot.sound]
info: GroupApproximation/BooneHigman/Metabelian/ChainQuasiLinear.lean:46:14: 'GroupApproximation.BooneHigman.Metabelian.Chain.QuasiLinearHostStatement' depends on axioms: [propext,
 Classical.choice,
 Quot.sound]
info: GroupApproximation/BooneHigman/Metabelian/ChainQuasiLinear.lean:58:14: 'GroupApproximation.BooneHigman.Metabelian.Chain.linearHostStatement_of_charP_charZero' depends on axioms: [propext,
 Classical.choice,
 Quot.sound]
info: GroupApproximation/BooneHigman/Metabelian/ChainQuasiLinear.lean:66:14: 'GroupApproximation.BooneHigman.Metabelian.Chain.coordHom' depends on axioms: [propext, Classical.choice, Quot.sound]
info: GroupApproximation/BooneHigman/Metabelian/ChainQuasiLinear.lean:84:14: 'GroupApproximation.BooneHigman.Metabelian.Chain.quasiLinearHostStatement_of_linearHost' depends on axioms: [propext,
 Classical.choice,
 Quot.sound]
info: GroupApproximation/BooneHigman/Metabelian/ChainQuasiLinear.lean:100:14: 'GroupApproximation.BooneHigman.Metabelian.Chain.quasiLinearHostStatement_of_chain' depends on axioms: [propext,
 Classical.choice,
 Quot.sound]
ℹ [3093/3124] Replayed GroupApproximation.BooneHigman.Metabelian.CharPCoordsAway
info: GroupApproximation/BooneHigman/Metabelian/CharPCoordsAway.lean:43:14: 'GroupApproximation.BooneHigman.Metabelian.CharPCoords.quotSpanEquivAdjoinRoot' depends on axioms: [propext,
 Classical.choice,
 Quot.sound]
info: GroupApproximation/BooneHigman/Metabelian/CharPCoordsAway.lean:76:14: 'GroupApproximation.BooneHigman.Metabelian.CharPCoords.matrixEmbedding_adjoinRoot' depends on axioms: [propext,
 Classical.choice,
 Quot.sound]
info: GroupApproximation/BooneHigman/Metabelian/CharPCoordsAway.lean:91:2: 'GroupApproximation.BooneHigman.Metabelian.CharPCoords.matrixEmbedding_localizationAway' depends on axioms: [propext,
 Classical.choice,
 Quot.sound]
ℹ [3095/3124] Replayed GroupApproximation.BooneHigman.Metabelian.CharPCoordsAssembly
info: GroupApproximation/BooneHigman/Metabelian/CharPCoordsAssembly.lean:79:2: 'GroupApproximation.BooneHigman.Metabelian.CharPCoords.charPCoordinates_of_finiteDomainAway' depends on axioms: [propext,
 Classical.choice,
 Quot.sound]
ℹ [3097/3124] Replayed GroupApproximation.BooneHigman.Metabelian.CharPCoordsFreeMul
info: GroupApproximation/BooneHigman/Metabelian/CharPCoordsFreeMul.lean:63:14: 'GroupApproximation.BooneHigman.Metabelian.CharPCoords.awayMulLeft' depends on axioms: [propext,
 Classical.choice,
 Quot.sound]
info: GroupApproximation/BooneHigman/Metabelian/CharPCoordsFreeMul.lean:74:14: 'GroupApproximation.BooneHigman.Metabelian.CharPCoords.awayMulLeft_mk' depends on axioms: [propext,
 Classical.choice,
 Quot.sound]
info: GroupApproximation/BooneHigman/Metabelian/CharPCoordsFreeMul.lean:94:14: 'GroupApproximation.BooneHigman.Metabelian.CharPCoords.awayMulLeft_injective' depends on axioms: [propext,
 Classical.choice,
 Quot.sound]
info: GroupApproximation/BooneHigman/Metabelian/CharPCoordsFreeMul.lean:114:2: 'GroupApproximation.BooneHigman.Metabelian.CharPCoords.matrixEmbedding_of_basis_away' depends on axioms: [propext,
 Classical.choice,
 Quot.sound]
ℹ [3098/3126] Replayed GroupApproximation.BooneHigman.Metabelian.ChainAssembly
info: GroupApproximation/BooneHigman/Metabelian/ChainAssembly.lean:55:14: 'GroupApproximation.BooneHigman.Metabelian.Chain.CoprimaryLinearQuotientsStatement' depends on axioms: [propext,
 Classical.choice,
 Quot.sound]
info: GroupApproximation/BooneHigman/Metabelian/ChainAssembly.lean:75:14: 'GroupApproximation.BooneHigman.Metabelian.Chain.isQuasiLinear_of_quotients' depends on axioms: [propext,
 Classical.choice,
 Quot.sound]
info: GroupApproximation/BooneHigman/Metabelian/ChainAssembly.lean:85:2: 'GroupApproximation.BooneHigman.Metabelian.Chain.isQuasiLinear_of_coprimaryLinearQuotients' depends on axioms: [propext,
 Classical.choice,
 Quot.sound]
info: GroupApproximation/BooneHigman/Metabelian/ChainAssembly.lean:97:2: 'GroupApproximation.BooneHigman.Metabelian.Chain.metabelianPiecesStatement_of_quasiLinear' depends on axioms: [propext,
 Classical.choice,
 Quot.sound]
info: GroupApproximation/BooneHigman/Metabelian/ChainAssembly.lean:116:2: 'GroupApproximation.BooneHigman.Metabelian.Chain.finitelyPresentedMetabelianStatement_of_chain' depends on axioms: [propext,
 Classical.choice,
 Quot.sound]
ℹ [3099/3126] Replayed GroupApproximation.BooneHigman.Metabelian.ChainFiveCharZero
info: GroupApproximation/BooneHigman/Metabelian/ChainFiveCharZero.lean:40:14: 'GroupApproximation.BooneHigman.Metabelian.Chain.CharZeroElementaryFPFiveStatement' depends on axioms: [propext,
 Classical.choice,
 Quot.sound]
info: GroupApproximation/BooneHigman/Metabelian/ChainFiveCharZero.lean:48:2: 'GroupApproximation.BooneHigman.Metabelian.Chain.charZeroElementaryFPFive_of_charZeroElementaryFP' depends on axioms: [propext,
 Classical.choice,
 Quot.sound]
info: GroupApproximation/BooneHigman/Metabelian/ChainFiveCharZero.lean:69:2: 'GroupApproximation.BooneHigman.Metabelian.Chain.charZeroLinearHostStatement_of_chainFive' depends on axioms: [propext,
 Classical.choice,
 Quot.sound]
info: GroupApproximation/BooneHigman/Metabelian/ChainFiveCharZero.lean:85:14: 'GroupApproximation.BooneHigman.Metabelian.Chain.quasiLinearHostStatement_of_chainFive' depends on axioms: [propext,
 Classical.choice,
 Quot.sound]
info: GroupApproximation/BooneHigman/Metabelian/ChainFiveCharZero.lean:106:2: 'GroupApproximation.BooneHigman.Metabelian.Chain.finitelyPresentedMetabelianStatement_of_chainFive' depends on axioms: [propext,
 Classical.choice,
 Quot.sound]
ℹ [3101/3126] Replayed GroupApproximation.BooneHigman.Metabelian.AbsorptionEmbedding
info: GroupApproximation/BooneHigman/Metabelian/AbsorptionEmbedding.lean:40:14: 'GroupApproximation.BooneHigman.Metabelian.Absorption.fromBlocks_diag_mul' depends on axioms: [propext,
 Classical.choice,
 Quot.sound]
info: GroupApproximation/BooneHigman/Metabelian/AbsorptionEmbedding.lean:53:14: 'GroupApproximation.BooneHigman.Metabelian.Absorption.blockUnits' depends on axioms: [propext,
 Classical.choice,
 Quot.sound]
info: GroupApproximation/BooneHigman/Metabelian/AbsorptionEmbedding.lean:64:14: 'GroupApproximation.BooneHigman.Metabelian.Absorption.blockUnits_mul' depends on axioms: [propext,
 Classical.choice,
 Quot.sound]
info: GroupApproximation/BooneHigman/Metabelian/AbsorptionEmbedding.lean:71:14: 'GroupApproximation.BooneHigman.Metabelian.Absorption.blockUnits_mul_one' depends on axioms: [propext,
 Classical.choice,
 Quot.sound]
info: GroupApproximation/BooneHigman/Metabelian/AbsorptionEmbedding.lean:80:14: 'GroupApproximation.BooneHigman.Metabelian.Absorption.blockUnits_one' depends on axioms: [propext,
 Classical.choice,
 Quot.sound]
info: GroupApproximation/BooneHigman/Metabelian/AbsorptionEmbedding.lean:91:14: 'GroupApproximation.BooneHigman.Metabelian.Absorption.blockUnits_left_eq' depends on axioms: [propext,
 Classical.choice,
 Quot.sound]
info: GroupApproximation/BooneHigman/Metabelian/AbsorptionEmbedding.lean:100:14: 'GroupApproximation.BooneHigman.Metabelian.Absorption.blockUnits_det' depends on axioms: [propext,
 Classical.choice,
 Quot.sound]
info: GroupApproximation/BooneHigman/Metabelian/AbsorptionEmbedding.lean:123:14: 'GroupApproximation.BooneHigman.Metabelian.Absorption.invTransposeHom' depends on axioms: [propext,
 Classical.choice,
 Quot.sound]
info: GroupApproximation/BooneHigman/Metabelian/AbsorptionEmbedding.lean:130:14: 'GroupApproximation.BooneHigman.Metabelian.Absorption.invTransposeHom_val' depends on axioms: [propext,
 Classical.choice,
 Quot.sound]
info: GroupApproximation/BooneHigman/Metabelian/AbsorptionEmbedding.lean:144:14: 'GroupApproximation.BooneHigman.Metabelian.Absorption.absorptionIndexEquiv' depends on axioms: [propext, Quot.sound]
info: GroupApproximation/BooneHigman/Metabelian/AbsorptionEmbedding.lean:171:14: 'GroupApproximation.BooneHigman.Metabelian.Absorption.absorptionUnits' depends on axioms: [propext,
 Classical.choice,
 Quot.sound]
info: GroupApproximation/BooneHigman/Metabelian/AbsorptionEmbedding.lean:183:14: 'GroupApproximation.BooneHigman.Metabelian.Absorption.absorptionUnits_injective' depends on axioms: [propext,
 Classical.choice,
 Quot.sound]
info: GroupApproximation/BooneHigman/Metabelian/AbsorptionEmbedding.lean:198:14: 'GroupApproximation.BooneHigman.Metabelian.Absorption.absorptionUnits_det' depends on axioms: [propext,
 Classical.choice,
 Quot.sound]
ℹ [3103/3126] Replayed GroupApproximation.BooneHigman.Metabelian.ChainFiveStableK2
info: GroupApproximation/BooneHigman/Metabelian/ChainFiveStableK2.lean:38:2: 'GroupApproximation.BooneHigman.Metabelian.Chain.charZeroElementaryFPFive_of_stableK2FG' depends on axioms: [propext,
 Classical.choice,
 Quot.sound]
info: GroupApproximation/BooneHigman/Metabelian/ChainFiveStableK2.lean:57:2: 'GroupApproximation.BooneHigman.Metabelian.Chain.finitelyPresentedMetabelianStatement_of_chainStableK2' depends on axioms: [propext,
 Classical.choice,
 Quot.sound]
ℹ [3104/3128] Replayed GroupApproximation.BooneHigman.Metabelian.AbsorptionEndpoint
info: GroupApproximation/BooneHigman/Metabelian/AbsorptionEndpoint.lean:41:14: 'GroupApproximation.BooneHigman.Metabelian.Absorption.SpecialLinearInElementary' depends on axioms: [propext,
 Classical.choice,
 Quot.sound]
info: GroupApproximation/BooneHigman/Metabelian/AbsorptionEndpoint.lean:57:2: 'GroupApproximation.BooneHigman.Metabelian.Absorption.exists_injective_hom_elementaryGroup' depends on axioms: [propext,
 Classical.choice,
 Quot.sound]
info: GroupApproximation/BooneHigman/Metabelian/AbsorptionEndpoint.lean:68:14: 'GroupApproximation.BooneHigman.Metabelian.Absorption.PolynomialSuslinStatement' depends on axioms: [propext,
 Classical.choice,
 Quot.sound]
info: GroupApproximation/BooneHigman/Metabelian/AbsorptionEndpoint.lean:77:2: 'GroupApproximation.BooneHigman.Metabelian.Absorption.charPElementaryAbsorptionStatement_of_suslin' depends on axioms: [propext,
 Classical.choice,
 Quot.sound]
info: GroupApproximation/BooneHigman/Metabelian/AbsorptionEndpoint.lean:86:2: 'GroupApproximation.BooneHigman.Metabelian.Absorption.charZeroElementaryAbsorptionStatement_of_suslin' depends on axioms: [propext,
 Classical.choice,
 Quot.sound]
info: GroupApproximation/BooneHigman/Metabelian/AbsorptionEndpoint.lean:95:2: 'GroupApproximation.BooneHigman.Metabelian.Absorption.elementaryAbsorptionStatements_of_suslin' depends on axioms: [propext,
 Classical.choice,
 Quot.sound]
ℹ [3185/3219] Replayed GroupApproximation.Leavitt.LeavittModuleRank
info: GroupApproximation/Leavitt/LeavittModuleRank.lean:217:21: 'GroupApproximation.UniversalLeavitt.nonuniqueModuleRank' depends on axioms: [propext, Classical.choice, Quot.sound]
ℹ [3186/3219] Replayed GroupApproximation.Leavitt.BinaryLeavittAllRanksUnits
info: GroupApproximation/Leavitt/BinaryLeavittAllRanksUnits.lean:201:21: 'GroupApproximation.UniversalLeavitt.manuscriptSentence_glElUnitsAllRanks' depends on axioms: [propext,
 Classical.choice,
 Quot.sound]
info: GroupApproximation/Leavitt/BinaryLeavittAllRanksUnits.lean:202:21: 'GroupApproximation.UniversalLeavitt.manuscriptSentence_rightModuleSelfSimilarity' depends on axioms: [propext,
 Classical.choice,
 Quot.sound]
ℹ [3191/3227] Replayed GroupApproximation.BooneHigman.Metabelian.ElemFPK2SplitStab
info: GroupApproximation/BooneHigman/Metabelian/ElemFPK2SplitStab.lean:30:14: 'GroupApproximation.BooneHigman.Metabelian.ElemFP.eq_one_of_K2_eq_bot' depends on axioms: [propext,
 Classical.choice,
 Quot.sound]
info: GroupApproximation/BooneHigman/Metabelian/ElemFPK2SplitStab.lean:44:14: 'GroupApproximation.BooneHigman.Metabelian.ElemFP.k2StabInjective_of_injective' depends on axioms: [propext,
 Classical.choice,
 Quot.sound]
info: GroupApproximation/BooneHigman/Metabelian/ElemFPK2SplitStab.lean:52:14: 'GroupApproximation.BooneHigman.Metabelian.ElemFP.K2IndexMap_K2Map' depends on axioms: [propext,
 Classical.choice,
 Quot.sound]
ℹ [3192/3227] Replayed GroupApproximation.BooneHigman.Metabelian.ElemFPK2Split
info: GroupApproximation/BooneHigman/Metabelian/ElemFPK2Split.lean:41:14: 'GroupApproximation.BooneHigman.Metabelian.ElemFP.PolyK2InjectiveStabilityStatement' depends on axioms: [propext,
 Classical.choice,
 Quot.sound]
info: GroupApproximation/BooneHigman/Metabelian/ElemFPK2Split.lean:52:14: 'GroupApproximation.BooneHigman.Metabelian.ElemFP.PolyK2HomotopyStatement' depends on axioms: [propext,
 Classical.choice,
 Quot.sound]
info: GroupApproximation/BooneHigman/Metabelian/ElemFPK2Split.lean:58:14: 'GroupApproximation.BooneHigman.Metabelian.ElemFP.FieldK2VanishingStatement' depends on axioms: [propext,
 Classical.choice,
 Quot.sound]
info: GroupApproximation/BooneHigman/Metabelian/ElemFPK2Split.lean:75:14: 'GroupApproximation.BooneHigman.Metabelian.ElemFP.polynomialFpK2Vanishing_of_split' depends on axioms: [propext,
 Classical.choice,
 Quot.sound]
ℹ [3193/3227] Replayed GroupApproximation.BooneHigman.Metabelian.CharPHost.Carry
info: GroupApproximation/BooneHigman/Metabelian/CharPHost/Carry.lean:65:14: 'GroupApproximation.BooneHigman.Metabelian.CharPHost.carrySubst_X_self' depends on axioms: [propext,
 Classical.choice,
 Quot.sound]
info: GroupApproximation/BooneHigman/Metabelian/CharPHost/Carry.lean:71:14: 'GroupApproximation.BooneHigman.Metabelian.CharPHost.carrySubst_X_of_ne' depends on axioms: [propext,
 Classical.choice,
 Quot.sound]
info: GroupApproximation/BooneHigman/Metabelian/CharPHost/Carry.lean:97:14: 'GroupApproximation.BooneHigman.Metabelian.CharPHost.exists_eq_C_eval_add_X_mul' depends on axioms: [propext,
 Classical.choice,
 Quot.sound]
info: GroupApproximation/BooneHigman/Metabelian/CharPHost/Carry.lean:109:14: 'GroupApproximation.BooneHigman.Metabelian.CharPHost.carrySubst_X_exists' depends on axioms: [propext,
 Classical.choice,
 Quot.sound]
info: GroupApproximation/BooneHigman/Metabelian/CharPHost/Carry.lean:118:14: 'GroupApproximation.BooneHigman.Metabelian.CharPHost.carrySubst_exists' depends on axioms: [propext,
 Classical.choice,
 Quot.sound]
info: GroupApproximation/BooneHigman/Metabelian/CharPHost/Carry.lean:126:14: 'GroupApproximation.BooneHigman.Metabelian.CharPHost.X_dvd_carrySubst_sub' depends on axioms: [propext,
 Classical.choice,
 Quot.sound]
info: GroupApproximation/BooneHigman/Metabelian/CharPHost/Carry.lean:137:14: 'GroupApproximation.BooneHigman.Metabelian.CharPHost.carrySubst_eq_add_carryQuot' depends on axioms: [propext,
 Classical.choice,
 Quot.sound]
info: GroupApproximation/BooneHigman/Metabelian/CharPHost/Carry.lean:146:14: 'GroupApproximation.BooneHigman.Metabelian.CharPHost.carryQuot_unique' depends on axioms: [propext,
 Classical.choice,
 Quot.sound]
info: GroupApproximation/BooneHigman/Metabelian/CharPHost/Carry.lean:160:14: 'GroupApproximation.BooneHigman.Metabelian.CharPHost.charPSubst_X_zero' depends on axioms: [propext,
 Classical.choice,
 Quot.sound]
info: GroupApproximation/BooneHigman/Metabelian/CharPHost/Carry.lean:167:14: 'GroupApproximation.BooneHigman.Metabelian.CharPHost.charPSubst_X_of_ne' depends on axioms: [propext,
 Classical.choice,
 Quot.sound]
info: GroupApproximation/BooneHigman/Metabelian/CharPHost/Carry.lean:177:14: 'GroupApproximation.BooneHigman.Metabelian.CharPHost.charPCarry' depends on axioms: [propext,
 Classical.choice,
 Quot.sound]
ℹ [3194/3229] Replayed GroupApproximation.BooneHigman.Metabelian.ElemFPK2Homotopy
info: GroupApproximation/BooneHigman/Metabelian/ElemFPK2Homotopy.lean:47:14: 'GroupApproximation.BooneHigman.Metabelian.ElemFP.K2Map_constantCoeff_K2Map_C' depends on axioms: [propext,
 Classical.choice,
 Quot.sound]
info: GroupApproximation/BooneHigman/Metabelian/ElemFPK2Homotopy.lean:57:14: 'GroupApproximation.BooneHigman.Metabelian.ElemFP.K2Map_C_injective' depends on axioms: [propext,
 Classical.choice,
 Quot.sound]
info: GroupApproximation/BooneHigman/Metabelian/ElemFPK2Homotopy.lean:66:14: 'GroupApproximation.BooneHigman.Metabelian.ElemFP.K2Map_constantCoeff_split' depends on axioms: [propext,
 Classical.choice,
 Quot.sound]
info: GroupApproximation/BooneHigman/Metabelian/ElemFPK2Homotopy.lean:80:2: 'GroupApproximation.BooneHigman.Metabelian.ElemFP.K2Map_constantCoeff_injective_of_isEmpty' depends on axioms: [propext,
 Classical.choice,
 Quot.sound]
info: GroupApproximation/BooneHigman/Metabelian/ElemFPK2Homotopy.lean:88:2: 'GroupApproximation.BooneHigman.Metabelian.ElemFP.eq_one_of_K2Map_constantCoeff_eq_one' depends on axioms: [propext,
 Classical.choice,
 Quot.sound]
info: GroupApproximation/BooneHigman/Metabelian/ElemFPK2Homotopy.lean:101:14: 'GroupApproximation.BooneHigman.Metabelian.ElemFP.PolyK2NilStatement' depends on axioms: [propext,
 Classical.choice,
 Quot.sound]
info: GroupApproximation/BooneHigman/Metabelian/ElemFPK2Homotopy.lean:111:14: 'GroupApproximation.BooneHigman.Metabelian.ElemFP.PolyK2NilPosStatement' depends on axioms: [propext,
 Classical.choice,
 Quot.sound]
info: GroupApproximation/BooneHigman/Metabelian/ElemFPK2Homotopy.lean:121:14: 'GroupApproximation.BooneHigman.Metabelian.ElemFP.polyK2Nil_of_pos' depends on axioms: [propext,
 Classical.choice,
 Quot.sound]
info: GroupApproximation/BooneHigman/Metabelian/ElemFPK2Homotopy.lean:132:14: 'GroupApproximation.BooneHigman.Metabelian.ElemFP.polyK2Homotopy_of_nil' depends on axioms: [propext,
 Classical.choice,
 Quot.sound]
info: GroupApproximation/BooneHigman/Metabelian/ElemFPK2Homotopy.lean:146:14: 'GroupApproximation.BooneHigman.Metabelian.ElemFP.polyK2Nil_of_homotopy' depends on axioms: [propext,
 Classical.choice,
 Quot.sound]
ℹ [3195/3229] Replayed GroupApproximation.BooneHigman.Metabelian.CharPHost.TreeShift
info: GroupApproximation/BooneHigman/Metabelian/CharPHost/TreeShift.lean:39:14: 'GroupApproximation.BooneHigman.Metabelian.CharPHost.TreeHost.Letter' depends on axioms: []
info: GroupApproximation/BooneHigman/Metabelian/CharPHost/TreeShift.lean:47:14: 'GroupApproximation.BooneHigman.Metabelian.CharPHost.TreeHost.extParam' depends on axioms: [propext, Quot.sound]
info: GroupApproximation/BooneHigman/Metabelian/CharPHost/TreeShift.lean:53:14: 'GroupApproximation.BooneHigman.Metabelian.CharPHost.TreeHost.shift' depends on axioms: [propext,
 Classical.choice,
 Quot.sound]
info: GroupApproximation/BooneHigman/Metabelian/CharPHost/TreeShift.lean:59:14: 'GroupApproximation.BooneHigman.Metabelian.CharPHost.TreeHost.digitEval' depends on axioms: [propext,
 Classical.choice,
 Quot.sound]
info: GroupApproximation/BooneHigman/Metabelian/CharPHost/TreeShift.lean:65:14: 'GroupApproximation.BooneHigman.Metabelian.CharPHost.TreeHost.carryDiv' depends on axioms: [propext,
 Classical.choice,
 Quot.sound]
info: GroupApproximation/BooneHigman/Metabelian/CharPHost/TreeShift.lean:71:14: 'GroupApproximation.BooneHigman.Metabelian.CharPHost.TreeHost.shift_eq_add' depends on axioms: [propext,
 Classical.choice,
 Quot.sound]
info: GroupApproximation/BooneHigman/Metabelian/CharPHost/TreeShift.lean:77:14: 'GroupApproximation.BooneHigman.Metabelian.CharPHost.TreeHost.shift_C' depends on axioms: [propext,
 Classical.choice,
 Quot.sound]
info: GroupApproximation/BooneHigman/Metabelian/CharPHost/TreeShift.lean:85:14: 'GroupApproximation.BooneHigman.Metabelian.CharPHost.TreeHost.eval_zero_C_add_X_mul' depends on axioms: [propext,
 Classical.choice,
 Quot.sound]
info: GroupApproximation/BooneHigman/Metabelian/CharPHost/TreeShift.lean:98:14: 'GroupApproximation.BooneHigman.Metabelian.CharPHost.TreeHost.shift_unique' depends on axioms: [propext,
 Classical.choice,
 Quot.sound]
info: GroupApproximation/BooneHigman/Metabelian/CharPHost/TreeShift.lean:107:14: 'GroupApproximation.BooneHigman.Metabelian.CharPHost.TreeHost.image' depends on axioms: [propext,
 Classical.choice,
 Quot.sound]
info: GroupApproximation/BooneHigman/Metabelian/CharPHost/TreeShift.lean:114:14: 'GroupApproximation.BooneHigman.Metabelian.CharPHost.TreeHost.digit' depends on axioms: [propext,
 Classical.choice,
 Quot.sound]
info: GroupApproximation/BooneHigman/Metabelian/CharPHost/TreeShift.lean:121:14: 'GroupApproximation.BooneHigman.Metabelian.CharPHost.TreeHost.carry' depends on axioms: [propext,
 Classical.choice,
 Quot.sound]
info: GroupApproximation/BooneHigman/Metabelian/CharPHost/TreeShift.lean:128:14: 'GroupApproximation.BooneHigman.Metabelian.CharPHost.TreeHost.shift_image' depends on axioms: [propext,
 Classical.choice,
 Quot.sound]
info: GroupApproximation/BooneHigman/Metabelian/CharPHost/TreeShift.lean:135:14: 'GroupApproximation.BooneHigman.Metabelian.CharPHost.TreeHost.shift_comp_C' depends on axioms: [propext,
 Classical.choice,
 Quot.sound]
info: GroupApproximation/BooneHigman/Metabelian/CharPHost/TreeShift.lean:145:14: 'GroupApproximation.BooneHigman.Metabelian.CharPHost.TreeHost.mulVec_add_X_mul' depends on axioms: [propext,
 Classical.choice,
 Quot.sound]
ℹ [3196/3229] Replayed GroupApproximation.BooneHigman.Metabelian.CharPHost.CarryRecursion
info: GroupApproximation/BooneHigman/Metabelian/CharPHost/CarryRecursion.lean:61:14: 'GroupApproximation.BooneHigman.Metabelian.CharPHost.aeval_carrySubst' depends on axioms: [propext,
 Classical.choice,
 Quot.sound]
info: GroupApproximation/BooneHigman/Metabelian/CharPHost/CarryRecursion.lean:84:14: 'GroupApproximation.BooneHigman.Metabelian.CharPHost.carrySubstList_append' depends on axioms: [propext,
 Classical.choice,
 Quot.sound]
info: GroupApproximation/BooneHigman/Metabelian/CharPHost/CarryRecursion.lean:92:14: 'GroupApproximation.BooneHigman.Metabelian.CharPHost.carrySubstList_X_self' depends on axioms: [propext,
 Classical.choice,
 Quot.sound]
info: GroupApproximation/BooneHigman/Metabelian/CharPHost/CarryRecursion.lean:120:14: 'GroupApproximation.BooneHigman.Metabelian.CharPHost.carrySubstList_X_of_ne' depends on axioms: [propext,
 Classical.choice,
 Quot.sound]
info: GroupApproximation/BooneHigman/Metabelian/CharPHost/CarryRecursion.lean:145:14: 'GroupApproximation.BooneHigman.Metabelian.CharPHost.aeval_carrySubstList' depends on axioms: [propext,
 Classical.choice,
 Quot.sound]
ℹ [3198/3229] Replayed GroupApproximation.BooneHigman.Metabelian.ElemFPK2OneVarTransport
info: GroupApproximation/BooneHigman/Metabelian/ElemFPK2OneVarTransport.lean:34:14: 'GroupApproximation.BooneHigman.Metabelian.ElemFP.K2Map_K2Map' depends on axioms: [propext,
 Classical.choice,
 Quot.sound]
info: GroupApproximation/BooneHigman/Metabelian/ElemFPK2OneVarTransport.lean:40:14: 'GroupApproximation.BooneHigman.Metabelian.ElemFP.K2Map_id' depends on axioms: [propext, Classical.choice, Quot.sound]
info: GroupApproximation/BooneHigman/Metabelian/ElemFPK2OneVarTransport.lean:47:14: 'GroupApproximation.BooneHigman.Metabelian.ElemFP.K2Map_K2Map_of_comp_eq_id' depends on axioms: [propext,
 Classical.choice,
 Quot.sound]
info: GroupApproximation/BooneHigman/Metabelian/ElemFPK2OneVarTransport.lean:55:14: 'GroupApproximation.BooneHigman.Metabelian.ElemFP.K2MapEquiv' depends on axioms: [propext, Classical.choice, Quot.sound]
info: GroupApproximation/BooneHigman/Metabelian/ElemFPK2OneVarTransport.lean:71:14: 'GroupApproximation.BooneHigman.Metabelian.ElemFP.K2IndexMap_castLEEmb_castLEEmb' depends on axioms: [propext,
 Classical.choice,
 Quot.sound]
info: GroupApproximation/BooneHigman/Metabelian/ElemFPK2OneVarTransport.lean:81:14: 'GroupApproximation.BooneHigman.Metabelian.ElemFP.K2IndexMap_eq_one_of_le' depends on axioms: [propext,
 Classical.choice,
 Quot.sound]
info: GroupApproximation/BooneHigman/Metabelian/ElemFPK2OneVarTransport.lean:95:14: 'GroupApproximation.BooneHigman.Metabelian.ElemFP.evalRingHom_zero_comp_C' depends on axioms: [propext,
 Classical.choice,
 Quot.sound]
info: GroupApproximation/BooneHigman/Metabelian/ElemFPK2OneVarTransport.lean:105:14: 'GroupApproximation.BooneHigman.Metabelian.ElemFP.constantCoeff_eval_zero_finSuccEquiv' depends on axioms: [propext,
 Classical.choice,
 Quot.sound]
info: GroupApproximation/BooneHigman/Metabelian/ElemFPK2OneVarTransport.lean:115:14: 'GroupApproximation.BooneHigman.Metabelian.ElemFP.constantCoeff_comp_finSuccEquiv' depends on axioms: [propext,
 Classical.choice,
 Quot.sound]
ℹ [3199/3229] Replayed GroupApproximation.BooneHigman.Metabelian.CharPHost.TreeWord
info: GroupApproximation/BooneHigman/Metabelian/CharPHost/TreeWord.lean:43:14: 'GroupApproximation.BooneHigman.Metabelian.CharPHost.TreeHost.act' depends on axioms: [propext,
 Classical.choice,
 Quot.sound]
info: GroupApproximation/BooneHigman/Metabelian/CharPHost/TreeWord.lean:51:14: 'GroupApproximation.BooneHigman.Metabelian.CharPHost.TreeHost.act_cons' depends on axioms: [propext,
 Classical.choice,
 Quot.sound]
info: GroupApproximation/BooneHigman/Metabelian/CharPHost/TreeWord.lean:61:14: 'GroupApproximation.BooneHigman.Metabelian.CharPHost.TreeHost.length_act' depends on axioms: [propext,
 Classical.choice,
 Quot.sound]
info: GroupApproximation/BooneHigman/Metabelian/CharPHost/TreeWord.lean:72:14: 'GroupApproximation.BooneHigman.Metabelian.CharPHost.TreeHost.act_prefix' depends on axioms: [propext,
 Classical.choice,
 Quot.sound]
info: GroupApproximation/BooneHigman/Metabelian/CharPHost/TreeWord.lean:78:14: 'GroupApproximation.BooneHigman.Metabelian.CharPHost.TreeHost.isTreeMap_act' depends on axioms: [propext,
 Classical.choice,
 Quot.sound]
info: GroupApproximation/BooneHigman/Metabelian/CharPHost/TreeWord.lean:87:14: 'GroupApproximation.BooneHigman.Metabelian.CharPHost.TreeHost.image_one_apply' depends on axioms: [propext,
 Classical.choice,
 Quot.sound]
info: GroupApproximation/BooneHigman/Metabelian/CharPHost/TreeWord.lean:97:14: 'GroupApproximation.BooneHigman.Metabelian.CharPHost.TreeHost.digit_carry_one' depends on axioms: [propext,
 Classical.choice,
 Quot.sound]
info: GroupApproximation/BooneHigman/Metabelian/CharPHost/TreeWord.lean:104:14: 'GroupApproximation.BooneHigman.Metabelian.CharPHost.TreeHost.map_one_shift' depends on axioms: [propext,
 Classical.choice,
 Quot.sound]
info: GroupApproximation/BooneHigman/Metabelian/CharPHost/TreeWord.lean:116:14: 'GroupApproximation.BooneHigman.Metabelian.CharPHost.TreeHost.act_one' depends on axioms: [propext,
 Classical.choice,
 Quot.sound]
info: GroupApproximation/BooneHigman/Metabelian/CharPHost/TreeWord.lean:127:14: 'GroupApproximation.BooneHigman.Metabelian.CharPHost.TreeHost.image_mul' depends on axioms: [propext,
 Classical.choice,
 Quot.sound]
info: GroupApproximation/BooneHigman/Metabelian/CharPHost/TreeWord.lean:154:14: 'GroupApproximation.BooneHigman.Metabelian.CharPHost.TreeHost.digit_carry_mul' depends on axioms: [propext,
 Classical.choice,
 Quot.sound]
info: GroupApproximation/BooneHigman/Metabelian/CharPHost/TreeWord.lean:167:14: 'GroupApproximation.BooneHigman.Metabelian.CharPHost.TreeHost.act_act' depends on axioms: [propext,
 Classical.choice,
 Quot.sound]
ℹ [3200/3229] Replayed GroupApproximation.BooneHigman.Metabelian.ElemFPK2Stability
info: GroupApproximation/BooneHigman/Metabelian/ElemFPK2Stability.lean:34:14: 'GroupApproximation.BooneHigman.Metabelian.ElemFP.PolyK2NilStabilityPosStatement' depends on axioms: [propext,
 Classical.choice,
 Quot.sound]
info: GroupApproximation/BooneHigman/Metabelian/ElemFPK2Stability.lean:48:14: 'GroupApproximation.BooneHigman.Metabelian.ElemFP.polyK2InjectiveStability_of_nilPos' depends on axioms: [propext,
 Classical.choice,
 Quot.sound]
info: GroupApproximation/BooneHigman/Metabelian/ElemFPK2Stability.lean:58:14: 'GroupApproximation.BooneHigman.Metabelian.ElemFP.polynomialFpK2Vanishing_of_nilPos' depends on axioms: [propext,
 Classical.choice,
 Quot.sound]
ℹ [3202/3229] Built GroupApproximation.BooneHigman.Metabelian.AffineFPRelations (43s)
info: GroupApproximation/BooneHigman/Metabelian/AffineFPRelations.lean:44:14: 'GroupApproximation.BooneHigman.Metabelian.AffineFP.AffineRel' depends on axioms: [propext,
 Classical.choice,
 Quot.sound]
info: GroupApproximation/BooneHigman/Metabelian/AffineFPRelations.lean:56:14: 'GroupApproximation.BooneHigman.Metabelian.AffineFP.AffineRel.x_zero' depends on axioms: [propext,
 Classical.choice,
 Quot.sound]
info: GroupApproximation/BooneHigman/Metabelian/AffineFPRelations.lean:62:14: 'GroupApproximation.BooneHigman.Metabelian.AffineFP.AffineRel.x_neg' depends on axioms: [propext,
 Classical.choice,
 Quot.sound]
info: GroupApproximation/BooneHigman/Metabelian/AffineFPRelations.lean:74:14: 'GroupApproximation.BooneHigman.Metabelian.AffineFP.AffineRel.conj_x_left' depends on axioms: [propext,
 Classical.choice,
 Quot.sound]
info: GroupApproximation/BooneHigman/Metabelian/AffineFPRelations.lean:86:14: 'GroupApproximation.BooneHigman.Metabelian.AffineFP.AffineRel.conj_x_right' depends on axioms: [propext,
 Classical.choice,
 Quot.sound]
info: GroupApproximation/BooneHigman/Metabelian/AffineFPRelations.lean:92:14: 'GroupApproximation.BooneHigman.Metabelian.AffineFP.AffineRel.GoodCoeff' depends on axioms: []
info: GroupApproximation/BooneHigman/Metabelian/AffineFPRelations.lean:103:14: 'GroupApproximation.BooneHigman.Metabelian.AffineFP.AffineRel.goodCoeff_mul' depends on axioms: [propext,
 Classical.choice,
 Quot.sound]
info: GroupApproximation/BooneHigman/Metabelian/AffineFPRelations.lean:120:14: 'GroupApproximation.BooneHigman.Metabelian.AffineFP.AffineRel.goodSubring' depends on axioms: [propext,
 Classical.choice,
 Quot.sound]
info: GroupApproximation/BooneHigman/Metabelian/AffineFPRelations.lean:133:14: 'GroupApproximation.BooneHigman.Metabelian.AffineFP.AffineRel.commute_x_tau' depends on axioms: [propext,
 Classical.choice,
 Quot.sound]
info: GroupApproximation/BooneHigman/Metabelian/AffineFPRelations.lean:150:14: 'GroupApproximation.BooneHigman.Metabelian.AffineFP.AffineRel.commute_tau_y' depends on axioms: [propext,
 Classical.choice,
 Quot.sound]
✖ [3203/3229] Building GroupApproximation.BooneHigman.Metabelian.AffineFPModel (55s)
trace: .> LEAN_PATH=/projects/standard/hsiehph/sauer354/nonsofic_existence/.lake/packages/Cli/.lake/build/lib/lean:/projects/standard/hsiehph/sauer354/nonsofic_existence/.lake/packages/batteries/.lake/build/lib/lean:/projects/standard/hsiehph/sauer354/nonsofic_existence/.lake/packages/Qq/.lake/build/lib/lean:/projects/standard/hsiehph/sauer354/nonsofic_existence/.lake/packages/aesop/.lake/build/lib/lean:/projects/standard/hsiehph/sauer354/nonsofic_existence/.lake/packages/proofwidgets/.lake/build/lib/lean:/projects/standard/hsiehph/sauer354/nonsofic_existence/.lake/packages/importGraph/.lake/build/lib/lean:/projects/standard/hsiehph/sauer354/nonsofic_existence/.lake/packages/LeanSearchClient/.lake/build/lib/lean:/projects/standard/hsiehph/sauer354/nonsofic_existence/.lake/packages/plausible/.lake/build/lib/lean:/projects/standard/hsiehph/sauer354/nonsofic_existence/.lake/packages/mathlib/.lake/build/lib/lean:/projects/standard/hsiehph/sauer354/nonsofic_existence/.lake/build/lib/lean /projects/standard/hsiehph/sauer354/.elan/toolchains/leanprover--lean4---v4.32.0/bin/lean -DwarningAsError=true /projects/standard/hsiehph/sauer354/nonsofic_existence/GroupApproximation/BooneHigman/Metabelian/AffineFPModel.lean -o /projects/standard/hsiehph/sauer354/nonsofic_existence/.lake/build/lib/lean/GroupApproximation/BooneHigman/Metabelian/AffineFPModel.olean -i /projects/standard/hsiehph/sauer354/nonsofic_existence/.lake/build/lib/lean/GroupApproximation/BooneHigman/Metabelian/AffineFPModel.ilean -c /projects/standard/hsiehph/sauer354/nonsofic_existence/.lake/build/ir/GroupApproximation/BooneHigman/Metabelian/AffineFPModel.c --setup /projects/standard/hsiehph/sauer354/nonsofic_existence/.lake/build/ir/GroupApproximation/BooneHigman/Metabelian/AffineFPModel.setup.json --json
info: GroupApproximation/BooneHigman/Metabelian/AffineFPModel.lean:52:14: 'GroupApproximation.BooneHigman.Metabelian.AffineFP.vecEquiv' depends on axioms: [propext, Classical.choice, Quot.sound]
info: GroupApproximation/BooneHigman/Metabelian/AffineFPModel.lean:69:14: 'GroupApproximation.BooneHigman.Metabelian.AffineFP.vecAction' depends on axioms: [propext,
 Classical.choice,
 Quot.sound]
info: GroupApproximation/BooneHigman/Metabelian/AffineFPModel.lean:75:14: 'GroupApproximation.BooneHigman.Metabelian.AffineFP.affAction' depends on axioms: [propext,
 Classical.choice,
 Quot.sound]
info: GroupApproximation/BooneHigman/Metabelian/AffineFPModel.lean:81:14: 'GroupApproximation.BooneHigman.Metabelian.AffineFP.AffineElementary' depends on axioms: [propext,
 Classical.choice,
 Quot.sound]
info: GroupApproximation/BooneHigman/Metabelian/AffineFPModel.lean:93:14: 'GroupApproximation.BooneHigman.Metabelian.AffineFP.elementaryUnit_mulVec' depends on axioms: [propext,
 Classical.choice,
 Quot.sound]
info: GroupApproximation/BooneHigman/Metabelian/AffineFPModel.lean:101:14: 'GroupApproximation.BooneHigman.Metabelian.AffineFP.affAction_root' depends on axioms: [propext,
 Classical.choice,
 Quot.sound]
info: GroupApproximation/BooneHigman/Metabelian/AffineFPModel.lean:115:14: 'GroupApproximation.BooneHigman.Metabelian.AffineFP.closure_single_eq_top' depends on axioms: [propext,
 Classical.choice,
 Quot.sound]
info: GroupApproximation/BooneHigman/Metabelian/AffineFPModel.lean:124:14: 'GroupApproximation.BooneHigman.Metabelian.AffineFP.vec_hom_ext' depends on axioms: [propext,
 Classical.choice,
 Quot.sound]
info: GroupApproximation/BooneHigman/Metabelian/AffineFPModel.lean:135:14: 'GroupApproximation.BooneHigman.Metabelian.AffineFP.model_conj_single' depends on axioms: [propext,
 Classical.choice,
 Quot.sound]
info: GroupApproximation/BooneHigman/Metabelian/AffineFPModel.lean:144:14: 'GroupApproximation.BooneHigman.Metabelian.AffineFP.model_c1' depends on axioms: [propext, Classical.choice, Quot.sound]
info: GroupApproximation/BooneHigman/Metabelian/AffineFPModel.lean:157:14: 'GroupApproximation.BooneHigman.Metabelian.AffineFP.model_c2' depends on axioms: [propext, Classical.choice, Quot.sound]
info: GroupApproximation/BooneHigman/Metabelian/AffineFPModel.lean:168:14: 'GroupApproximation.BooneHigman.Metabelian.AffineFP.model_c3' depends on axioms: [propext, Classical.choice, Quot.sound]
error: GroupApproximation/BooneHigman/Metabelian/AffineFPModel.lean:174:4: typeclass instance problem is stuck
  Group ?m.20

Note: Lean will not try to resolve this typeclass instance problem because the type argument to `Group` is a metavariable. This argument must be fully determined before Lean will try to resolve the typeclass.

Hint: Adding type annotations and supplying implicit arguments to functions can give Lean more information for typeclass resolution. For example, if you have a variable `x` that you intend to be a `Nat`, but Lean reports it as having an unresolved type like `?m`, replacing `x` with `(x : Nat)` can get typeclass resolution un-stuck.
error: GroupApproximation/BooneHigman/Metabelian/AffineFPModel.lean:182:14: Unknown constant `GroupApproximation.BooneHigman.Metabelian.AffineFP.model_commutator`
error: Lean exited with code 1
ℹ [3204/3229] Replayed GroupApproximation.BooneHigman.Metabelian.ElemFPK2StabRange
info: GroupApproximation/BooneHigman/Metabelian/ElemFPK2StabRange.lean:63:14: 'GroupApproximation.BooneHigman.Metabelian.ElemFP.eq_one_of_K2Stab_retract' depends on axioms: [propext,
 Classical.choice,
 Quot.sound]
info: GroupApproximation/BooneHigman/Metabelian/ElemFPK2StabRange.lean:73:14: 'GroupApproximation.BooneHigman.Metabelian.ElemFP.PolyK2StabRangeDiagStatement' depends on axioms: [propext,
 Classical.choice,
 Quot.sound]
info: GroupApproximation/BooneHigman/Metabelian/ElemFPK2StabRange.lean:91:14: 'GroupApproximation.BooneHigman.Metabelian.ElemFP.polyK2NilStabilityPos_of_diag' depends on axioms: [propext,
 Classical.choice,
 Quot.sound]
info: GroupApproximation/BooneHigman/Metabelian/ElemFPK2StabRange.lean:101:2: 'GroupApproximation.BooneHigman.Metabelian.ElemFP.polynomialFpK2Vanishing_of_stabRangeDiag' depends on axioms: [propext,
 Classical.choice,
 Quot.sound]
ℹ [3205/3229] Replayed GroupApproximation.BooneHigman.Metabelian.ElemFPK2OneVar
info: GroupApproximation/BooneHigman/Metabelian/ElemFPK2OneVar.lean:51:14: 'GroupApproximation.BooneHigman.Metabelian.ElemFP.PolyK2OneVarNilStatement' depends on axioms: [propext,
 Classical.choice,
 Quot.sound]
info: GroupApproximation/BooneHigman/Metabelian/ElemFPK2OneVar.lean:80:14: 'GroupApproximation.BooneHigman.Metabelian.ElemFP.nil_of_factor' depends on axioms: [propext,
 Classical.choice,
 Quot.sound]
info: GroupApproximation/BooneHigman/Metabelian/ElemFPK2OneVar.lean:99:14: 'GroupApproximation.BooneHigman.Metabelian.ElemFP.polyK2Nil_of_oneVar' depends on axioms: [propext,
 Classical.choice,
 Quot.sound]
info: GroupApproximation/BooneHigman/Metabelian/ElemFPK2OneVar.lean:106:14: 'GroupApproximation.BooneHigman.Metabelian.ElemFP.polyK2NilPos_of_oneVar' depends on axioms: [propext,
 Classical.choice,
 Quot.sound]
info: GroupApproximation/BooneHigman/Metabelian/ElemFPK2OneVar.lean:124:14: 'GroupApproximation.BooneHigman.Metabelian.ElemFP.polyK2OneVarNil_of_nilPos' depends on axioms: [propext,
 Classical.choice,
 Quot.sound]
info: GroupApproximation/BooneHigman/Metabelian/ElemFPK2OneVar.lean:133:14: 'GroupApproximation.BooneHigman.Metabelian.ElemFP.polynomialFpK2Vanishing_of_oneVar' depends on axioms: [propext,
 Classical.choice,
 Quot.sound]
ℹ [3206/3229] Built GroupApproximation.BooneHigman.Metabelian.EnvelopeSimpleDisplaceLocal (33s)
info: GroupApproximation/BooneHigman/Metabelian/EnvelopeSimpleDisplaceLocal.lean:30:14: 'GroupApproximation.BooneHigman.Metabelian.Envelope.StreamAgree' depends on axioms: []
info: GroupApproximation/BooneHigman/Metabelian/EnvelopeSimpleDisplaceLocal.lean:37:14: 'GroupApproximation.BooneHigman.Metabelian.Envelope.StreamAgree.symm' depends on axioms: []
info: GroupApproximation/BooneHigman/Metabelian/EnvelopeSimpleDisplaceLocal.lean:44:14: 'GroupApproximation.BooneHigman.Metabelian.Envelope.StreamAgree.mono' depends on axioms: []
info: GroupApproximation/BooneHigman/Metabelian/EnvelopeSimpleDisplaceLocal.lean:51:14: 'GroupApproximation.BooneHigman.Metabelian.Envelope.firstWord_eq_of_streamAgree' depends on axioms: [Quot.sound]
info: GroupApproximation/BooneHigman/Metabelian/EnvelopeSimpleDisplaceLocal.lean:63:14: 'GroupApproximation.BooneHigman.Metabelian.Envelope.streamAgree_of_firstWord_eq' depends on axioms: [propext,
 Quot.sound]
info: GroupApproximation/BooneHigman/Metabelian/EnvelopeSimpleDisplaceLocal.lean:73:14: 'GroupApproximation.BooneHigman.Metabelian.Envelope.streamAgree_of_mem_cone_firstWord' depends on axioms: [propext,
 Quot.sound]
info: GroupApproximation/BooneHigman/Metabelian/EnvelopeSimpleDisplaceLocal.lean:81:14: 'GroupApproximation.BooneHigman.Metabelian.Envelope.isStreamPrefix_of_streamAgree' depends on axioms: []
info: GroupApproximation/BooneHigman/Metabelian/EnvelopeSimpleDisplaceLocal.lean:91:14: 'GroupApproximation.BooneHigman.Metabelian.Envelope.streamAgree_prepend' depends on axioms: [propext, Quot.sound]
info: GroupApproximation/BooneHigman/Metabelian/EnvelopeSimpleDisplaceLocal.lean:98:14: 'GroupApproximation.BooneHigman.Metabelian.Envelope.LocallyDetermined' depends on axioms: []
info: GroupApproximation/BooneHigman/Metabelian/EnvelopeSimpleDisplaceLocal.lean:104:14: 'GroupApproximation.BooneHigman.Metabelian.Envelope.locallyDetermined_id' depends on axioms: []
info: GroupApproximation/BooneHigman/Metabelian/EnvelopeSimpleDisplaceLocal.lean:113:14: 'GroupApproximation.BooneHigman.Metabelian.Envelope.LocallyDetermined.comp' depends on axioms: []
info: GroupApproximation/BooneHigman/Metabelian/EnvelopeSimpleDisplaceLocal.lean:134:14: 'GroupApproximation.BooneHigman.Metabelian.Envelope.locallyDetermined_of_hasDepth' depends on axioms: [propext,
 Quot.sound]
info: GroupApproximation/BooneHigman/Metabelian/EnvelopeSimpleDisplaceLocal.lean:143:14: 'GroupApproximation.BooneHigman.Metabelian.Envelope.locallyDetermined_cantorHom' depends on axioms: [propext,
 Classical.choice,
 Quot.sound]
info: GroupApproximation/BooneHigman/Metabelian/EnvelopeSimpleDisplaceLocal.lean:168:14: 'GroupApproximation.BooneHigman.Metabelian.Envelope.locallyDetermined_localize' depends on axioms: [propext,
 Classical.choice,
 Quot.sound]
ℹ [3207/3229] Built GroupApproximation.BooneHigman.Metabelian.EnvelopeSimpleStatement (34s)
info: GroupApproximation/BooneHigman/Metabelian/EnvelopeSimpleStatement.lean:35:14: 'GroupApproximation.BooneHigman.Metabelian.Envelope.RNCommutatorSimpleStatement'' depends on axioms: [propext,
 Classical.choice,
 Quot.sound]
info: GroupApproximation/BooneHigman/Metabelian/EnvelopeSimpleStatement.lean:44:14: 'GroupApproximation.BooneHigman.Metabelian.Envelope.isSimpleGroup_commutator_of_bracket' depends on axioms: [propext,
 Classical.choice,
 Quot.sound]
ℹ [3208/3236] Replayed GroupApproximation.BooneHigman.Metabelian.CharZeroHost.Group
info: GroupApproximation/BooneHigman/Metabelian/CharZeroHost/Group.lean:48:14: 'GroupApproximation.BooneHigman.Metabelian.CharZeroHost.vecAction' depends on axioms: [propext,
 Classical.choice,
 Quot.sound]
info: GroupApproximation/BooneHigman/Metabelian/CharZeroHost/Group.lean:53:14: 'GroupApproximation.BooneHigman.Metabelian.CharZeroHost.Aff' depends on axioms: [propext, Classical.choice, Quot.sound]
info: GroupApproximation/BooneHigman/Metabelian/CharZeroHost/Group.lean:60:14: 'GroupApproximation.BooneHigman.Metabelian.CharZeroHost.vec' depends on axioms: [propext, Classical.choice, Quot.sound]
info: GroupApproximation/BooneHigman/Metabelian/CharZeroHost/Group.lean:65:14: 'GroupApproximation.BooneHigman.Metabelian.CharZeroHost.mat' depends on axioms: [propext, Classical.choice, Quot.sound]
info: GroupApproximation/BooneHigman/Metabelian/CharZeroHost/Group.lean:70:14: 'GroupApproximation.BooneHigman.Metabelian.CharZeroHost.mk' depends on axioms: [propext, Classical.choice, Quot.sound]
info: GroupApproximation/BooneHigman/Metabelian/CharZeroHost/Group.lean:74:14: 'GroupApproximation.BooneHigman.Metabelian.CharZeroHost.vec_mul' depends on axioms: [propext,
 Classical.choice,
 Quot.sound]
info: GroupApproximation/BooneHigman/Metabelian/CharZeroHost/Group.lean:78:14: 'GroupApproximation.BooneHigman.Metabelian.CharZeroHost.mat_mul' depends on axioms: [propext,
 Classical.choice,
 Quot.sound]
info: GroupApproximation/BooneHigman/Metabelian/CharZeroHost/Group.lean:82:14: 'GroupApproximation.BooneHigman.Metabelian.CharZeroHost.vec_mk' depends on axioms: [propext,
 Classical.choice,
 Quot.sound]
info: GroupApproximation/BooneHigman/Metabelian/CharZeroHost/Group.lean:86:14: 'GroupApproximation.BooneHigman.Metabelian.CharZeroHost.right_mk' depends on axioms: [propext,
 Classical.choice,
 Quot.sound]
info: GroupApproximation/BooneHigman/Metabelian/CharZeroHost/Group.lean:91:14: 'GroupApproximation.BooneHigman.Metabelian.CharZeroHost.mat_mk' depends on axioms: [propext,
 Classical.choice,
 Quot.sound]
info: GroupApproximation/BooneHigman/Metabelian/CharZeroHost/Group.lean:95:14: 'GroupApproximation.BooneHigman.Metabelian.CharZeroHost.vec_one' depends on axioms: [propext,
 Classical.choice,
 Quot.sound]
info: GroupApproximation/BooneHigman/Metabelian/CharZeroHost/Group.lean:99:14: 'GroupApproximation.BooneHigman.Metabelian.CharZeroHost.mat_one' depends on axioms: [propext,
 Classical.choice,
 Quot.sound]
info: GroupApproximation/BooneHigman/Metabelian/CharZeroHost/Group.lean:109:14: 'GroupApproximation.BooneHigman.Metabelian.CharZeroHost.eq_one_of_vec_mat' depends on axioms: [propext,
 Classical.choice,
 Quot.sound]
ℹ [3209/3239] Replayed GroupApproximation.BooneHigman.Metabelian.CharZeroHost.Letters
info: GroupApproximation/BooneHigman/Metabelian/CharZeroHost/Letters.lean:38:14: 'GroupApproximation.BooneHigman.Metabelian.CharZeroHost.DigitData' depends on axioms: [propext, Quot.sound]
info: GroupApproximation/BooneHigman/Metabelian/CharZeroHost/Letters.lean:46:14: 'GroupApproximation.BooneHigman.Metabelian.CharZeroHost.evalN' depends on axioms: [propext,
 Classical.choice,
 Quot.sound]
info: GroupApproximation/BooneHigman/Metabelian/CharZeroHost/Letters.lean:51:14: 'GroupApproximation.BooneHigman.Metabelian.CharZeroHost.evalN_C' depends on axioms: [propext,
 Classical.choice,
 Quot.sound]
info: GroupApproximation/BooneHigman/Metabelian/CharZeroHost/Letters.lean:57:14: 'GroupApproximation.BooneHigman.Metabelian.CharZeroHost.evalN_X' depends on axioms: [propext,
 Classical.choice,
 Quot.sound]
info: GroupApproximation/BooneHigman/Metabelian/CharZeroHost/Letters.lean:65:14: 'GroupApproximation.BooneHigman.Metabelian.CharZeroHost.sigma' depends on axioms: [propext,
 Classical.choice,
 Quot.sound]
info: GroupApproximation/BooneHigman/Metabelian/CharZeroHost/Letters.lean:70:14: 'GroupApproximation.BooneHigman.Metabelian.CharZeroHost.sigma_C' depends on axioms: [propext,
 Classical.choice,
 Quot.sound]
info: GroupApproximation/BooneHigman/Metabelian/CharZeroHost/Letters.lean:77:14: 'GroupApproximation.BooneHigman.Metabelian.CharZeroHost.sigma_X' depends on axioms: [propext,
 Classical.choice,
 Quot.sound]
info: GroupApproximation/BooneHigman/Metabelian/CharZeroHost/Letters.lean:100:14: 'GroupApproximation.BooneHigman.Metabelian.CharZeroHost.exists_sigma_eq' depends on axioms: [propext,
 Classical.choice,
 Quot.sound]
info: GroupApproximation/BooneHigman/Metabelian/CharZeroHost/Letters.lean:107:14: 'GroupApproximation.BooneHigman.Metabelian.CharZeroHost.divP' depends on axioms: [propext, Classical.choice, Quot.sound]
info: GroupApproximation/BooneHigman/Metabelian/CharZeroHost/Letters.lean:114:14: 'GroupApproximation.BooneHigman.Metabelian.CharZeroHost.eq_mul_divP' depends on axioms: [propext,
 Classical.choice,
 Quot.sound]
info: GroupApproximation/BooneHigman/Metabelian/CharZeroHost/Letters.lean:120:14: 'GroupApproximation.BooneHigman.Metabelian.CharZeroHost.sigmaZ' depends on axioms: [propext,
 Classical.choice,
 Quot.sound]
info: GroupApproximation/BooneHigman/Metabelian/CharZeroHost/Letters.lean:128:14: 'GroupApproximation.BooneHigman.Metabelian.CharZeroHost.dig' depends on axioms: [propext, Classical.choice, Quot.sound]
info: GroupApproximation/BooneHigman/Metabelian/CharZeroHost/Letters.lean:140:14: 'GroupApproximation.BooneHigman.Metabelian.CharZeroHost.exists_sigmaZ_eq_mul' depends on axioms: [propext,
 Classical.choice,
 Quot.sound]
info: GroupApproximation/BooneHigman/Metabelian/CharZeroHost/Letters.lean:146:14: 'GroupApproximation.BooneHigman.Metabelian.CharZeroHost.castVec' depends on axioms: [propext,
 Classical.choice,
 Quot.sound]
info: GroupApproximation/BooneHigman/Metabelian/CharZeroHost/Letters.lean:153:14: 'GroupApproximation.BooneHigman.Metabelian.CharZeroHost.dig_castVec' depends on axioms: [propext,
 Classical.choice,
 Quot.sound]
ℹ [3210/3239] Built GroupApproximation.BooneHigman.Metabelian.EnvelopeSimpleRoom (37s)
info: GroupApproximation/BooneHigman/Metabelian/EnvelopeSimpleRoom.lean:31:14: 'GroupApproximation.BooneHigman.Metabelian.Envelope.not_isStreamPrefix_cons_prepend' depends on axioms: [propext,
 Classical.choice,
 Quot.sound]
info: GroupApproximation/BooneHigman/Metabelian/EnvelopeSimpleRoom.lean:37:14: 'GroupApproximation.BooneHigman.Metabelian.Envelope.not_prefix_append_of_ne' depends on axioms: [propext, Quot.sound]
info: GroupApproximation/BooneHigman/Metabelian/EnvelopeSimpleRoom.lean:64:14: 'GroupApproximation.BooneHigman.Metabelian.Envelope.threeRoom_cone' depends on axioms: [propext,
 Classical.choice,
 Quot.sound]
info: GroupApproximation/BooneHigman/Metabelian/EnvelopeSimpleRoom.lean:93:14: 'GroupApproximation.BooneHigman.Metabelian.Envelope.commutator_rn_ne_bot' depends on axioms: [propext,
 Classical.choice,
 Quot.sound]
ℹ [3211/3239] Built GroupApproximation.BooneHigman.Metabelian.CharPCoordsFree (47s)
info: GroupApproximation/BooneHigman/Metabelian/CharPCoordsFree.lean:45:14: 'GroupApproximation.BooneHigman.Metabelian.CharPCoords.exists_matrixEmbedding_away' depends on axioms: [propext,
 Classical.choice,
 Quot.sound]
info: GroupApproximation/BooneHigman/Metabelian/CharPCoordsFree.lean:55:14: 'GroupApproximation.BooneHigman.Metabelian.CharPCoords.finiteDomainAwayEmbedding' depends on axioms: [propext,
 Classical.choice,
 Quot.sound]
✖ [3212/3239] Building GroupApproximation.BooneHigman.Metabelian.CharPHost.TreeGroup (48s)
trace: .> LEAN_PATH=/projects/standard/hsiehph/sauer354/nonsofic_existence/.lake/packages/Cli/.lake/build/lib/lean:/projects/standard/hsiehph/sauer354/nonsofic_existence/.lake/packages/batteries/.lake/build/lib/lean:/projects/standard/hsiehph/sauer354/nonsofic_existence/.lake/packages/Qq/.lake/build/lib/lean:/projects/standard/hsiehph/sauer354/nonsofic_existence/.lake/packages/aesop/.lake/build/lib/lean:/projects/standard/hsiehph/sauer354/nonsofic_existence/.lake/packages/proofwidgets/.lake/build/lib/lean:/projects/standard/hsiehph/sauer354/nonsofic_existence/.lake/packages/importGraph/.lake/build/lib/lean:/projects/standard/hsiehph/sauer354/nonsofic_existence/.lake/packages/LeanSearchClient/.lake/build/lib/lean:/projects/standard/hsiehph/sauer354/nonsofic_existence/.lake/packages/plausible/.lake/build/lib/lean:/projects/standard/hsiehph/sauer354/nonsofic_existence/.lake/packages/mathlib/.lake/build/lib/lean:/projects/standard/hsiehph/sauer354/nonsofic_existence/.lake/build/lib/lean /projects/standard/hsiehph/sauer354/.elan/toolchains/leanprover--lean4---v4.32.0/bin/lean -DwarningAsError=true /projects/standard/hsiehph/sauer354/nonsofic_existence/GroupApproximation/BooneHigman/Metabelian/CharPHost/TreeGroup.lean -o /projects/standard/hsiehph/sauer354/nonsofic_existence/.lake/build/lib/lean/GroupApproximation/BooneHigman/Metabelian/CharPHost/TreeGroup.olean -i /projects/standard/hsiehph/sauer354/nonsofic_existence/.lake/build/lib/lean/GroupApproximation/BooneHigman/Metabelian/CharPHost/TreeGroup.ilean -c /projects/standard/hsiehph/sauer354/nonsofic_existence/.lake/build/ir/GroupApproximation/BooneHigman/Metabelian/CharPHost/TreeGroup.c --setup /projects/standard/hsiehph/sauer354/nonsofic_existence/.lake/build/ir/GroupApproximation/BooneHigman/Metabelian/CharPHost/TreeGroup.setup.json --json
info: GroupApproximation/BooneHigman/Metabelian/CharPHost/TreeGroup.lean:39:14: 'GroupApproximation.BooneHigman.Metabelian.CharPHost.TreeHost.affMat' depends on axioms: [propext,
 Classical.choice,
 Quot.sound]
info: GroupApproximation/BooneHigman/Metabelian/CharPHost/TreeGroup.lean:45:14: 'GroupApproximation.BooneHigman.Metabelian.CharPHost.TreeHost.affVec' depends on axioms: [propext,
 Classical.choice,
 Quot.sound]
error: GroupApproximation/BooneHigman/Metabelian/CharPHost/TreeGroup.lean:47:0: automatically included section variable(s) unused in theorem `GroupApproximation.BooneHigman.Metabelian.CharPHost.TreeHost.affMat_mul`:
  [DecidableEq σ]
consider restructuring your `variable` declarations so that the variables are not in scope or explicitly omit them:
  omit [DecidableEq σ] in theorem ...

Note: This linter can be disabled with `set_option linter.unusedSectionVars false`
info: GroupApproximation/BooneHigman/Metabelian/CharPHost/TreeGroup.lean:51:14: 'GroupApproximation.BooneHigman.Metabelian.CharPHost.TreeHost.affMat_mul' depends on axioms: [propext,
 Classical.choice,
 Quot.sound]
error: GroupApproximation/BooneHigman/Metabelian/CharPHost/TreeGroup.lean:53:0: automatically included section variable(s) unused in theorem `GroupApproximation.BooneHigman.Metabelian.CharPHost.TreeHost.affVec_mul`:
  [DecidableEq σ]
consider restructuring your `variable` declarations so that the variables are not in scope or explicitly omit them:
  omit [DecidableEq σ] in theorem ...

Note: This linter can be disabled with `set_option linter.unusedSectionVars false`
info: GroupApproximation/BooneHigman/Metabelian/CharPHost/TreeGroup.lean:57:14: 'GroupApproximation.BooneHigman.Metabelian.CharPHost.TreeHost.affVec_mul' depends on axioms: [propext,
 Classical.choice,
 Quot.sound]
error: GroupApproximation/BooneHigman/Metabelian/CharPHost/TreeGroup.lean:59:0: automatically included section variable(s) unused in theorem `GroupApproximation.BooneHigman.Metabelian.CharPHost.TreeHost.affMat_one`:
  [DecidableEq σ]
consider restructuring your `variable` declarations so that the variables are not in scope or explicitly omit them:
  omit [DecidableEq σ] in theorem ...

Note: This linter can be disabled with `set_option linter.unusedSectionVars false`
info: GroupApproximation/BooneHigman/Metabelian/CharPHost/TreeGroup.lean:62:14: 'GroupApproximation.BooneHigman.Metabelian.CharPHost.TreeHost.affMat_one' depends on axioms: [propext,
 Classical.choice,
 Quot.sound]
error: GroupApproximation/BooneHigman/Metabelian/CharPHost/TreeGroup.lean:64:0: automatically included section variable(s) unused in theorem `GroupApproximation.BooneHigman.Metabelian.CharPHost.TreeHost.affVec_one`:
  [DecidableEq σ]
consider restructuring your `variable` declarations so that the variables are not in scope or explicitly omit them:
  omit [DecidableEq σ] in theorem ...

Note: This linter can be disabled with `set_option linter.unusedSectionVars false`
info: GroupApproximation/BooneHigman/Metabelian/CharPHost/TreeGroup.lean:67:14: 'GroupApproximation.BooneHigman.Metabelian.CharPHost.TreeHost.affVec_one' depends on axioms: [propext,
 Classical.choice,
 Quot.sound]
info: GroupApproximation/BooneHigman/Metabelian/CharPHost/TreeGroup.lean:81:14: 'GroupApproximation.BooneHigman.Metabelian.CharPHost.TreeHost.affPerm' depends on axioms: [propext,
 Classical.choice,
 Quot.sound]
info: GroupApproximation/BooneHigman/Metabelian/CharPHost/TreeGroup.lean:98:14: 'GroupApproximation.BooneHigman.Metabelian.CharPHost.TreeHost.treeRep' depends on axioms: [propext,
 Classical.choice,
 Quot.sound]
info: GroupApproximation/BooneHigman/Metabelian/CharPHost/TreeGroup.lean:104:14: 'GroupApproximation.BooneHigman.Metabelian.CharPHost.TreeHost.treeRep_smul' depends on axioms: [propext,
 Classical.choice,
 Quot.sound]
info: GroupApproximation/BooneHigman/Metabelian/CharPHost/TreeGroup.lean:112:14: 'GroupApproximation.BooneHigman.Metabelian.CharPHost.TreeHost.stateElem' depends on axioms: [propext,
 Classical.choice,
 Quot.sound]
info: GroupApproximation/BooneHigman/Metabelian/CharPHost/TreeGroup.lean:124:14: 'GroupApproximation.BooneHigman.Metabelian.CharPHost.TreeHost.state_treeRep' depends on axioms: [propext,
 Classical.choice,
 Quot.sound]
info: GroupApproximation/BooneHigman/Metabelian/CharPHost/TreeGroup.lean:131:14: 'GroupApproximation.BooneHigman.Metabelian.CharPHost.TreeHost.isSelfSimilar_treeRep' depends on axioms: [propext,
 Classical.choice,
 Quot.sound]
error: Lean exited with code 1
ℹ [3213/3239] Built GroupApproximation.BooneHigman.Metabelian.CharPHost.TreeEval (46s)
info: GroupApproximation/BooneHigman/Metabelian/CharPHost/TreeEval.lean:43:14: 'GroupApproximation.BooneHigman.Metabelian.CharPHost.TreeHost.mulVec_add_mul' depends on axioms: [propext, Quot.sound]
info: GroupApproximation/BooneHigman/Metabelian/CharPHost/TreeEval.lean:51:14: 'GroupApproximation.BooneHigman.Metabelian.CharPHost.TreeHost.ev' depends on axioms: [propext,
 Classical.choice,
 Quot.sound]
info: GroupApproximation/BooneHigman/Metabelian/CharPHost/TreeEval.lean:58:14: 'GroupApproximation.BooneHigman.Metabelian.CharPHost.TreeHost.ev_shift' depends on axioms: [propext,
 Classical.choice,
 Quot.sound]
info: GroupApproximation/BooneHigman/Metabelian/CharPHost/TreeEval.lean:64:14: 'GroupApproximation.BooneHigman.Metabelian.CharPHost.TreeHost.ev_C' depends on axioms: [propext,
 Classical.choice,
 Quot.sound]
info: GroupApproximation/BooneHigman/Metabelian/CharPHost/TreeEval.lean:71:14: 'GroupApproximation.BooneHigman.Metabelian.CharPHost.TreeHost.ev_X_self' depends on axioms: [propext,
 Classical.choice,
 Quot.sound]
info: GroupApproximation/BooneHigman/Metabelian/CharPHost/TreeEval.lean:77:14: 'GroupApproximation.BooneHigman.Metabelian.CharPHost.TreeHost.ev_comp_C' depends on axioms: [propext,
 Classical.choice,
 Quot.sound]
info: GroupApproximation/BooneHigman/Metabelian/CharPHost/TreeEval.lean:86:14: 'GroupApproximation.BooneHigman.Metabelian.CharPHost.TreeHost.vecOf' depends on axioms: [propext,
 Classical.choice,
 Quot.sound]
info: GroupApproximation/BooneHigman/Metabelian/CharPHost/TreeEval.lean:92:14: 'GroupApproximation.BooneHigman.Metabelian.CharPHost.TreeHost.params' depends on axioms: [propext, Quot.sound]
info: GroupApproximation/BooneHigman/Metabelian/CharPHost/TreeEval.lean:114:14: 'GroupApproximation.BooneHigman.Metabelian.CharPHost.TreeHost.eval_step' depends on axioms: [propext,
 Classical.choice,
 Quot.sound]
info: GroupApproximation/BooneHigman/Metabelian/CharPHost/TreeEval.lean:136:14: 'GroupApproximation.BooneHigman.Metabelian.CharPHost.TreeHost.exists_vecOf_act' depends on axioms: [propext,
 Classical.choice,
 Quot.sound]
ℹ [3214/3239] Built GroupApproximation.BooneHigman.Metabelian.AffineFPTranslations (38s)
info: GroupApproximation/BooneHigman/Metabelian/AffineFPTranslations.lean:41:14: 'GroupApproximation.BooneHigman.Metabelian.AffineFP.AffineRel.yk_mul_neg' depends on axioms: [propext,
 Classical.choice,
 Quot.sound]
info: GroupApproximation/BooneHigman/Metabelian/AffineFPTranslations.lean:53:14: 'GroupApproximation.BooneHigman.Metabelian.AffineFP.AffineRel.yk_indep' depends on axioms: [propext,
 Classical.choice,
 Quot.sound]
info: GroupApproximation/BooneHigman/Metabelian/AffineFPTranslations.lean:59:14: 'GroupApproximation.BooneHigman.Metabelian.AffineFP.AffineRel.kOf' depends on axioms: [propext,
 Classical.choice,
 Quot.sound]
info: GroupApproximation/BooneHigman/Metabelian/AffineFPTranslations.lean:64:14: 'GroupApproximation.BooneHigman.Metabelian.AffineFP.AffineRel.kOf_ne' depends on axioms: [propext,
 Classical.choice,
 Quot.sound]
info: GroupApproximation/BooneHigman/Metabelian/AffineFPTranslations.lean:70:14: 'GroupApproximation.BooneHigman.Metabelian.AffineFP.AffineRel.yi' depends on axioms: [propext,
 Classical.choice,
 Quot.sound]
info: GroupApproximation/BooneHigman/Metabelian/AffineFPTranslations.lean:76:14: 'GroupApproximation.BooneHigman.Metabelian.AffineFP.AffineRel.yi_eq' depends on axioms: [propext,
 Classical.choice,
 Quot.sound]
info: GroupApproximation/BooneHigman/Metabelian/AffineFPTranslations.lean:91:14: 'GroupApproximation.BooneHigman.Metabelian.AffineFP.AffineRel.y_add' depends on axioms: [propext,
 Classical.choice,
 Quot.sound]
info: GroupApproximation/BooneHigman/Metabelian/AffineFPTranslations.lean:100:14: 'GroupApproximation.BooneHigman.Metabelian.AffineFP.AffineRel.yi_add' depends on axioms: [propext,
 Classical.choice,
 Quot.sound]
info: GroupApproximation/BooneHigman/Metabelian/AffineFPTranslations.lean:105:14: 'GroupApproximation.BooneHigman.Metabelian.AffineFP.AffineRel.yi_zero' depends on axioms: [propext,
 Classical.choice,
 Quot.sound]
info: GroupApproximation/BooneHigman/Metabelian/AffineFPTranslations.lean:111:14: 'GroupApproximation.BooneHigman.Metabelian.AffineFP.AffineRel.yi_one' depends on axioms: [propext,
 Classical.choice,
 Quot.sound]
info: GroupApproximation/BooneHigman/Metabelian/AffineFPTranslations.lean:119:14: 'GroupApproximation.BooneHigman.Metabelian.AffineFP.AffineRel.yiHom' depends on axioms: [propext,
 Classical.choice,
 Quot.sound]
info: GroupApproximation/BooneHigman/Metabelian/AffineFPTranslations.lean:125:14: 'GroupApproximation.BooneHigman.Metabelian.AffineFP.AffineRel.yiHom_apply' depends on axioms: [propext,
 Classical.choice,
 Quot.sound]
ℹ [3215/3240] Built GroupApproximation.BooneHigman.Metabelian.CharZeroHost.ZInv (49s)
info: GroupApproximation/BooneHigman/Metabelian/CharZeroHost/ZInv.lean:34:14: 'GroupApproximation.BooneHigman.Metabelian.CharZeroHost.isDomain_away' depends on axioms: [propext,
 Classical.choice,
 Quot.sound]
info: GroupApproximation/BooneHigman/Metabelian/CharZeroHost/ZInv.lean:41:14: 'GroupApproximation.BooneHigman.Metabelian.CharZeroHost.charZero_away' depends on axioms: [propext,
 Classical.choice,
 Quot.sound]
info: GroupApproximation/BooneHigman/Metabelian/CharZeroHost/ZInv.lean:46:14: 'GroupApproximation.BooneHigman.Metabelian.CharZeroHost.isNoetherianRing_away' depends on axioms: [propext,
 Classical.choice,
 Quot.sound]
info: GroupApproximation/BooneHigman/Metabelian/CharZeroHost/ZInv.lean:53:14: 'GroupApproximation.BooneHigman.Metabelian.CharZeroHost.isUnit_castRingHom' depends on axioms: [propext,
 Classical.choice,
 Quot.sound]
info: GroupApproximation/BooneHigman/Metabelian/CharZeroHost/ZInv.lean:60:14: 'GroupApproximation.BooneHigman.Metabelian.CharZeroHost.redAway' depends on axioms: [propext,
 Classical.choice,
 Quot.sound]
info: GroupApproximation/BooneHigman/Metabelian/CharZeroHost/ZInv.lean:81:14: 'GroupApproximation.BooneHigman.Metabelian.CharZeroHost.redAway_exists_eq_mul' depends on axioms: [propext,
 Classical.choice,
 Quot.sound]
info: GroupApproximation/BooneHigman/Metabelian/CharZeroHost/ZInv.lean:89:14: 'GroupApproximation.BooneHigman.Metabelian.CharZeroHost.digitAway' depends on axioms: [propext,
 Classical.choice,
 Quot.sound]
info: GroupApproximation/BooneHigman/Metabelian/CharZeroHost/ZInv.lean:97:14: 'GroupApproximation.BooneHigman.Metabelian.CharZeroHost.exists_prime_not_dvd' depends on axioms: [propext,
 Classical.choice,
 Quot.sound]
info: GroupApproximation/BooneHigman/Metabelian/CharZeroHost/ZInv.lean:107:14: 'GroupApproximation.BooneHigman.Metabelian.CharZeroHost.away_zero_eq_one' depends on axioms: [propext,
 Classical.choice,
 Quot.sound]
ℹ [3225/3258] Replayed GroupApproximation.BooneHigman.Metabelian.CoprimaryModule
info: GroupApproximation/BooneHigman/Metabelian/CoprimaryModule.lean:39:14: 'GroupApproximation.BooneHigman.Metabelian.Coprimary.DerivedModule' depends on axioms: [propext,
 Classical.choice,
 Quot.sound]
info: GroupApproximation/BooneHigman/Metabelian/CoprimaryModule.lean:46:14: 'GroupApproximation.BooneHigman.Metabelian.Coprimary.dcls' depends on axioms: [propext, Classical.choice, Quot.sound]
info: GroupApproximation/BooneHigman/Metabelian/CoprimaryModule.lean:51:14: 'GroupApproximation.BooneHigman.Metabelian.Coprimary.dcls_mul' depends on axioms: [propext,
 Classical.choice,
 Quot.sound]
info: GroupApproximation/BooneHigman/Metabelian/CoprimaryModule.lean:56:14: 'GroupApproximation.BooneHigman.Metabelian.Coprimary.dcls_one' depends on axioms: [propext,
 Classical.choice,
 Quot.sound]
info: GroupApproximation/BooneHigman/Metabelian/CoprimaryModule.lean:61:14: 'GroupApproximation.BooneHigman.Metabelian.Coprimary.dcls_inv' depends on axioms: [propext,
 Classical.choice,
 Quot.sound]
info: GroupApproximation/BooneHigman/Metabelian/CoprimaryModule.lean:66:14: 'GroupApproximation.BooneHigman.Metabelian.Coprimary.dcls_pow' depends on axioms: [propext,
 Classical.choice,
 Quot.sound]
info: GroupApproximation/BooneHigman/Metabelian/CoprimaryModule.lean:75:14: 'GroupApproximation.BooneHigman.Metabelian.Coprimary.endHom_ext' depends on axioms: [propext,
 Classical.choice,
 Quot.sound]
info: GroupApproximation/BooneHigman/Metabelian/CoprimaryModule.lean:81:14: 'GroupApproximation.BooneHigman.Metabelian.Coprimary.conjEnd' depends on axioms: [propext, Classical.choice, Quot.sound]
info: GroupApproximation/BooneHigman/Metabelian/CoprimaryModule.lean:87:14: 'GroupApproximation.BooneHigman.Metabelian.Coprimary.conjEnd_dcls' depends on axioms: [propext,
 Classical.choice,
 Quot.sound]
info: GroupApproximation/BooneHigman/Metabelian/CoprimaryModule.lean:100:14: 'GroupApproximation.BooneHigman.Metabelian.Coprimary.conj' depends on axioms: [propext, Classical.choice, Quot.sound]
info: GroupApproximation/BooneHigman/Metabelian/CoprimaryModule.lean:106:14: 'GroupApproximation.BooneHigman.Metabelian.Coprimary.conj_dcls' depends on axioms: [propext,
 Classical.choice,
 Quot.sound]
info: GroupApproximation/BooneHigman/Metabelian/CoprimaryModule.lean:120:14: 'GroupApproximation.BooneHigman.Metabelian.Coprimary.commutator_le_ker_conj' depends on axioms: [propext,
 Classical.choice,
 Quot.sound]
info: GroupApproximation/BooneHigman/Metabelian/CoprimaryModule.lean:127:14: 'GroupApproximation.BooneHigman.Metabelian.Coprimary.conjQ' depends on axioms: [propext, Classical.choice, Quot.sound]
info: GroupApproximation/BooneHigman/Metabelian/CoprimaryModule.lean:132:14: 'GroupApproximation.BooneHigman.Metabelian.Coprimary.conjQ_of' depends on axioms: [propext,
 Classical.choice,
 Quot.sound]
info: GroupApproximation/BooneHigman/Metabelian/CoprimaryModule.lean:140:14: 'GroupApproximation.BooneHigman.Metabelian.Coprimary.instModuleDerived' depends on axioms: [propext,
 Classical.choice,
 Quot.sound]
info: GroupApproximation/BooneHigman/Metabelian/CoprimaryModule.lean:147:14: 'GroupApproximation.BooneHigman.Metabelian.Coprimary.of_smul' depends on axioms: [propext, Classical.choice, Quot.sound]
info: GroupApproximation/BooneHigman/Metabelian/CoprimaryModule.lean:154:14: 'GroupApproximation.BooneHigman.Metabelian.Coprimary.of_smul_dcls' depends on axioms: [propext,
 Classical.choice,
 Quot.sound]
ℹ [3226/3261] Built GroupApproximation.BooneHigman.Metabelian.AffineFPPresentation (53s)
info: GroupApproximation/BooneHigman/Metabelian/AffineFPPresentation.lean:36:14: 'GroupApproximation.BooneHigman.Metabelian.AffineFP.FreeAff' depends on axioms: [propext, Classical.choice, Quot.sound]
info: GroupApproximation/BooneHigman/Metabelian/AffineFPPresentation.lean:44:14: 'GroupApproximation.BooneHigman.Metabelian.AffineFP.relsC1' depends on axioms: [propext, Classical.choice, Quot.sound]
info: GroupApproximation/BooneHigman/Metabelian/AffineFPPresentation.lean:53:14: 'GroupApproximation.BooneHigman.Metabelian.AffineFP.relsC2' depends on axioms: [propext, Classical.choice, Quot.sound]
info: GroupApproximation/BooneHigman/Metabelian/AffineFPPresentation.lean:60:14: 'GroupApproximation.BooneHigman.Metabelian.AffineFP.relsC3' depends on axioms: [propext, Classical.choice, Quot.sound]
info: GroupApproximation/BooneHigman/Metabelian/AffineFPPresentation.lean:65:14: 'GroupApproximation.BooneHigman.Metabelian.AffineFP.rels' depends on axioms: [propext, Classical.choice, Quot.sound]
info: GroupApproximation/BooneHigman/Metabelian/AffineFPPresentation.lean:70:14: 'GroupApproximation.BooneHigman.Metabelian.AffineFP.relN' depends on axioms: [propext, Classical.choice, Quot.sound]
info: GroupApproximation/BooneHigman/Metabelian/AffineFPPresentation.lean:75:14: 'GroupApproximation.BooneHigman.Metabelian.AffineFP.PresAff' depends on axioms: [propext, Classical.choice, Quot.sound]
info: GroupApproximation/BooneHigman/Metabelian/AffineFPPresentation.lean:81:14: 'GroupApproximation.BooneHigman.Metabelian.AffineFP.φP' depends on axioms: [propext, Classical.choice, Quot.sound]
info: GroupApproximation/BooneHigman/Metabelian/AffineFPPresentation.lean:87:14: 'GroupApproximation.BooneHigman.Metabelian.AffineFP.xP' depends on axioms: [propext, Classical.choice, Quot.sound]
info: GroupApproximation/BooneHigman/Metabelian/AffineFPPresentation.lean:93:14: 'GroupApproximation.BooneHigman.Metabelian.AffineFP.τP' depends on axioms: [propext, Classical.choice, Quot.sound]
info: GroupApproximation/BooneHigman/Metabelian/AffineFPPresentation.lean:126:14: 'GroupApproximation.BooneHigman.Metabelian.AffineFP.rels_finite' depends on axioms: [propext,
 Classical.choice,
 Quot.sound]
info: GroupApproximation/BooneHigman/Metabelian/AffineFPPresentation.lean:133:14: 'GroupApproximation.BooneHigman.Metabelian.AffineFP.isFinitelyPresented_presAff' depends on axioms: [propext,
 Classical.choice,
 Quot.sound]
info: GroupApproximation/BooneHigman/Metabelian/AffineFPPresentation.lean:146:14: 'GroupApproximation.BooneHigman.Metabelian.AffineFP.exists_finite_ring_generators' depends on axioms: [propext,
 Classical.choice,
 Quot.sound]
info: GroupApproximation/BooneHigman/Metabelian/AffineFPPresentation.lean:195:14: 'GroupApproximation.BooneHigman.Metabelian.AffineFP.affineRel_presAff' depends on axioms: [propext,
 Classical.choice,
 Quot.sound]
ℹ [3227/3261] Replayed GroupApproximation.BooneHigman.Metabelian.CharZeroCoordsDenominators
info: GroupApproximation/BooneHigman/Metabelian/CharZeroCoordsDenominators.lean:54:14: 'GroupApproximation.BooneHigman.Metabelian.CharZeroHost.away_ringHom_injective' depends on axioms: [propext,
 Classical.choice,
 Quot.sound]
info: GroupApproximation/BooneHigman/Metabelian/CharZeroCoordsDenominators.lean:78:14: 'GroupApproximation.BooneHigman.Metabelian.CharZeroHost.rat_mem_range_of_den_dvd' depends on axioms: [propext,
 Classical.choice,
 Quot.sound]
info: GroupApproximation/BooneHigman/Metabelian/CharZeroCoordsDenominators.lean:89:2: 'GroupApproximation.BooneHigman.Metabelian.CharZeroHost.mvPolynomial_mem_range_of_den_dvd' depends on axioms: [propext,
 Classical.choice,
 Quot.sound]
info: GroupApproximation/BooneHigman/Metabelian/CharZeroCoordsDenominators.lean:100:14: 'GroupApproximation.BooneHigman.Metabelian.CharZeroHost.matrix_mem_range_mapMatrix' depends on axioms: [propext,
 Classical.choice,
 Quot.sound]
info: GroupApproximation/BooneHigman/Metabelian/CharZeroCoordsDenominators.lean:111:14: 'GroupApproximation.BooneHigman.Metabelian.CharZeroHost.exists_den_dvd' depends on axioms: [propext,
 Classical.choice,
 Quot.sound]
info: GroupApproximation/BooneHigman/Metabelian/CharZeroCoordsDenominators.lean:153:2: 'GroupApproximation.BooneHigman.Metabelian.CharZeroHost.exists_matrixEmbedding_of_den_dvd' depends on axioms: [propext,
 Classical.choice,
 Quot.sound]
info: GroupApproximation/BooneHigman/Metabelian/CharZeroCoordsDenominators.lean:174:2: 'GroupApproximation.BooneHigman.Metabelian.CharZeroHost.exists_matrixEmbedding_away_of_closure' depends on axioms: [propext,
 Classical.choice,
 Quot.sound]
ℹ [3228/3267] Replayed GroupApproximation.BooneHigman.Metabelian.EnvelopeWreathEmbedCone
info: GroupApproximation/BooneHigman/Metabelian/EnvelopeWreathEmbedCone.lean:35:14: 'GroupApproximation.BooneHigman.Metabelian.Envelope.ConesSeparated' depends on axioms: []
info: GroupApproximation/BooneHigman/Metabelian/EnvelopeWreathEmbedCone.lean:44:14: 'GroupApproximation.BooneHigman.Metabelian.Envelope.conesSeparated_of_length' depends on axioms: [propext, Quot.sound]
info: GroupApproximation/BooneHigman/Metabelian/EnvelopeWreathEmbedCone.lean:54:14: 'GroupApproximation.BooneHigman.Metabelian.Envelope.coneMapFun' depends on axioms: [propext,
 Classical.choice,
 Quot.sound]
info: GroupApproximation/BooneHigman/Metabelian/EnvelopeWreathEmbedCone.lean:61:14: 'GroupApproximation.BooneHigman.Metabelian.Envelope.coneMapFun_of_exists' depends on axioms: [propext,
 Classical.choice,
 Quot.sound]
info: GroupApproximation/BooneHigman/Metabelian/EnvelopeWreathEmbedCone.lean:67:14: 'GroupApproximation.BooneHigman.Metabelian.Envelope.coneMapFun_of_not' depends on axioms: [propext,
 Classical.choice,
 Quot.sound]
info: GroupApproximation/BooneHigman/Metabelian/EnvelopeWreathEmbedCone.lean:75:14: 'GroupApproximation.BooneHigman.Metabelian.Envelope.coneMapFun_prepend' depends on axioms: [propext,
 Classical.choice,
 Quot.sound]
info: GroupApproximation/BooneHigman/Metabelian/EnvelopeWreathEmbedCone.lean:87:14: 'GroupApproximation.BooneHigman.Metabelian.Envelope.coneMapFun_comp' depends on axioms: [propext,
 Classical.choice,
 Quot.sound]
info: GroupApproximation/BooneHigman/Metabelian/EnvelopeWreathEmbedCone.lean:97:14: 'GroupApproximation.BooneHigman.Metabelian.Envelope.coneMapFun_one' depends on axioms: [propext,
 Classical.choice,
 Quot.sound]
info: GroupApproximation/BooneHigman/Metabelian/EnvelopeWreathEmbedCone.lean:118:14: 'GroupApproximation.BooneHigman.Metabelian.Envelope.coneMap' depends on axioms: [propext, Classical.choice, Quot.sound]
info: GroupApproximation/BooneHigman/Metabelian/EnvelopeWreathEmbedCone.lean:125:14: 'GroupApproximation.BooneHigman.Metabelian.Envelope.coneMap_prepend' depends on axioms: [propext,
 Classical.choice,
 Quot.sound]
info: GroupApproximation/BooneHigman/Metabelian/EnvelopeWreathEmbedCone.lean:132:14: 'GroupApproximation.BooneHigman.Metabelian.Envelope.coneMap_of_not' depends on axioms: [propext,
 Classical.choice,
 Quot.sound]
info: GroupApproximation/BooneHigman/Metabelian/EnvelopeWreathEmbedCone.lean:139:14: 'GroupApproximation.BooneHigman.Metabelian.Envelope.coneMap_mul' depends on axioms: [propext,
 Classical.choice,
 Quot.sound]
info: GroupApproximation/BooneHigman/Metabelian/EnvelopeWreathEmbedCone.lean:155:14: 'GroupApproximation.BooneHigman.Metabelian.Envelope.coneMap_eq_one' depends on axioms: [propext,
 Classical.choice,
 Quot.sound]
ℹ [3229/3267] Built GroupApproximation.BooneHigman.Metabelian.EnvelopeSimpleGap (42s)
info: GroupApproximation/BooneHigman/Metabelian/EnvelopeSimpleGap.lean:52:14: 'GroupApproximation.BooneHigman.Metabelian.Envelope.MissesCone' depends on axioms: [propext,
 Classical.choice,
 Quot.sound]
info: GroupApproximation/BooneHigman/Metabelian/EnvelopeSimpleGap.lean:63:14: 'GroupApproximation.BooneHigman.Metabelian.Envelope.RNDisplaceCompressStatement' depends on axioms: [propext,
 Classical.choice,
 Quot.sound]
info: GroupApproximation/BooneHigman/Metabelian/EnvelopeSimpleGap.lean:77:14: 'GroupApproximation.BooneHigman.Metabelian.Envelope.rnCommutatorSimple_of_gap' depends on axioms: [propext,
 Classical.choice,
 Quot.sound]
✖ [3230/3267] Building GroupApproximation.BooneHigman.Metabelian.CharZeroHost.State (61s)
trace: .> LEAN_PATH=/projects/standard/hsiehph/sauer354/nonsofic_existence/.lake/packages/Cli/.lake/build/lib/lean:/projects/standard/hsiehph/sauer354/nonsofic_existence/.lake/packages/batteries/.lake/build/lib/lean:/projects/standard/hsiehph/sauer354/nonsofic_existence/.lake/packages/Qq/.lake/build/lib/lean:/projects/standard/hsiehph/sauer354/nonsofic_existence/.lake/packages/aesop/.lake/build/lib/lean:/projects/standard/hsiehph/sauer354/nonsofic_existence/.lake/packages/proofwidgets/.lake/build/lib/lean:/projects/standard/hsiehph/sauer354/nonsofic_existence/.lake/packages/importGraph/.lake/build/lib/lean:/projects/standard/hsiehph/sauer354/nonsofic_existence/.lake/packages/LeanSearchClient/.lake/build/lib/lean:/projects/standard/hsiehph/sauer354/nonsofic_existence/.lake/packages/plausible/.lake/build/lib/lean:/projects/standard/hsiehph/sauer354/nonsofic_existence/.lake/packages/mathlib/.lake/build/lib/lean:/projects/standard/hsiehph/sauer354/nonsofic_existence/.lake/build/lib/lean /projects/standard/hsiehph/sauer354/.elan/toolchains/leanprover--lean4---v4.32.0/bin/lean -DwarningAsError=true /projects/standard/hsiehph/sauer354/nonsofic_existence/GroupApproximation/BooneHigman/Metabelian/CharZeroHost/State.lean -o /projects/standard/hsiehph/sauer354/nonsofic_existence/.lake/build/lib/lean/GroupApproximation/BooneHigman/Metabelian/CharZeroHost/State.olean -i /projects/standard/hsiehph/sauer354/nonsofic_existence/.lake/build/lib/lean/GroupApproximation/BooneHigman/Metabelian/CharZeroHost/State.ilean -c /projects/standard/hsiehph/sauer354/nonsofic_existence/.lake/build/ir/GroupApproximation/BooneHigman/Metabelian/CharZeroHost/State.c --setup /projects/standard/hsiehph/sauer354/nonsofic_existence/.lake/build/ir/GroupApproximation/BooneHigman/Metabelian/CharZeroHost/State.setup.json --json
info: GroupApproximation/BooneHigman/Metabelian/CharZeroHost/State.lean:35:14: 'GroupApproximation.BooneHigman.Metabelian.CharZeroHost.Letter' depends on axioms: []
error: GroupApproximation/BooneHigman/Metabelian/CharZeroHost/State.lean:40:4: failed to compile definition, consider marking it as 'noncomputable' because it depends on 'AddMonoidAlgebra.nonAssocSemiring', which is 'noncomputable'
info: GroupApproximation/BooneHigman/Metabelian/CharZeroHost/State.lean:43:14: 'GroupApproximation.BooneHigman.Metabelian.CharZeroHost.outDigit' depends on axioms: [propext,
 Classical.choice,
 Quot.sound]
error: GroupApproximation/BooneHigman/Metabelian/CharZeroHost/State.lean:46:4: failed to compile definition, consider marking it as 'noncomputable' because it depends on 'outDigit', which is 'noncomputable'
info: GroupApproximation/BooneHigman/Metabelian/CharZeroHost/State.lean:49:14: 'GroupApproximation.BooneHigman.Metabelian.CharZeroHost.letter' depends on axioms: [propext,
 Classical.choice,
 Quot.sound]
error: GroupApproximation/BooneHigman/Metabelian/CharZeroHost/State.lean:52:4: failed to compile definition, consider marking it as 'noncomputable' because it depends on 'AddMonoidAlgebra.ring', which is 'noncomputable'
info: GroupApproximation/BooneHigman/Metabelian/CharZeroHost/State.lean:56:14: 'GroupApproximation.BooneHigman.Metabelian.CharZeroHost.z' depends on axioms: [propext, Classical.choice, Quot.sound]
info: GroupApproximation/BooneHigman/Metabelian/CharZeroHost/State.lean:63:14: 'GroupApproximation.BooneHigman.Metabelian.CharZeroHost.stateVec' depends on axioms: [propext,
 Classical.choice,
 Quot.sound]
info: GroupApproximation/BooneHigman/Metabelian/CharZeroHost/State.lean:70:14: 'GroupApproximation.BooneHigman.Metabelian.CharZeroHost.stateG' depends on axioms: [propext,
 Classical.choice,
 Quot.sound]
info: GroupApproximation/BooneHigman/Metabelian/CharZeroHost/State.lean:80:14: 'GroupApproximation.BooneHigman.Metabelian.CharZeroHost.dig_z' depends on axioms: [propext,
 Classical.choice,
 Quot.sound]
info: GroupApproximation/BooneHigman/Metabelian/CharZeroHost/State.lean:86:14: 'GroupApproximation.BooneHigman.Metabelian.CharZeroHost.sigmaZ_z' depends on axioms: [propext,
 Classical.choice,
 Quot.sound]
info: GroupApproximation/BooneHigman/Metabelian/CharZeroHost/State.lean:94:14: 'GroupApproximation.BooneHigman.Metabelian.CharZeroHost.dig_mulVec_z' depends on axioms: [propext,
 Classical.choice,
 Quot.sound]
info: GroupApproximation/BooneHigman/Metabelian/CharZeroHost/State.lean:109:14: 'GroupApproximation.BooneHigman.Metabelian.CharZeroHost.outDigit_mul' depends on axioms: [propext,
 Classical.choice,
 Quot.sound]
info: GroupApproximation/BooneHigman/Metabelian/CharZeroHost/State.lean:122:14: 'GroupApproximation.BooneHigman.Metabelian.CharZeroHost.z_mul' depends on axioms: [propext,
 Classical.choice,
 Quot.sound]
info: GroupApproximation/BooneHigman/Metabelian/CharZeroHost/State.lean:141:14: 'GroupApproximation.BooneHigman.Metabelian.CharZeroHost.stateVec_mul' depends on axioms: [propext,
 Classical.choice,
 Quot.sound]
info: GroupApproximation/BooneHigman/Metabelian/CharZeroHost/State.lean:152:14: 'GroupApproximation.BooneHigman.Metabelian.CharZeroHost.stateG_mul' depends on axioms: [propext,
 Classical.choice,
 Quot.sound]
error: Lean exited with code 1
ℹ [3231/3267] Built GroupApproximation.BooneHigman.Metabelian.EnvelopeReduction (101s)
info: GroupApproximation/BooneHigman/Metabelian/EnvelopeReduction.lean:73:14: 'GroupApproximation.BooneHigman.Metabelian.Envelope.RoverNekrashevychEnvelopeStatement' depends on axioms: [propext,
 Classical.choice,
 Quot.sound]
info: GroupApproximation/BooneHigman/Metabelian/EnvelopeReduction.lean:89:14: 'GroupApproximation.BooneHigman.Metabelian.Envelope.fpSelfSimilarEnvelope_of_rnEnvelope' depends on axioms: [propext,
 Classical.choice,
 Quot.sound]
✖ [3232/3272] Building GroupApproximation.BooneHigman.Metabelian.AffineFPConjugation (36s)
trace: .> LEAN_PATH=/projects/standard/hsiehph/sauer354/nonsofic_existence/.lake/packages/Cli/.lake/build/lib/lean:/projects/standard/hsiehph/sauer354/nonsofic_existence/.lake/packages/batteries/.lake/build/lib/lean:/projects/standard/hsiehph/sauer354/nonsofic_existence/.lake/packages/Qq/.lake/build/lib/lean:/projects/standard/hsiehph/sauer354/nonsofic_existence/.lake/packages/aesop/.lake/build/lib/lean:/projects/standard/hsiehph/sauer354/nonsofic_existence/.lake/packages/proofwidgets/.lake/build/lib/lean:/projects/standard/hsiehph/sauer354/nonsofic_existence/.lake/packages/importGraph/.lake/build/lib/lean:/projects/standard/hsiehph/sauer354/nonsofic_existence/.lake/packages/LeanSearchClient/.lake/build/lib/lean:/projects/standard/hsiehph/sauer354/nonsofic_existence/.lake/packages/plausible/.lake/build/lib/lean:/projects/standard/hsiehph/sauer354/nonsofic_existence/.lake/packages/mathlib/.lake/build/lib/lean:/projects/standard/hsiehph/sauer354/nonsofic_existence/.lake/build/lib/lean /projects/standard/hsiehph/sauer354/.elan/toolchains/leanprover--lean4---v4.32.0/bin/lean -DwarningAsError=true /projects/standard/hsiehph/sauer354/nonsofic_existence/GroupApproximation/BooneHigman/Metabelian/AffineFPConjugation.lean -o /projects/standard/hsiehph/sauer354/nonsofic_existence/.lake/build/lib/lean/GroupApproximation/BooneHigman/Metabelian/AffineFPConjugation.olean -i /projects/standard/hsiehph/sauer354/nonsofic_existence/.lake/build/lib/lean/GroupApproximation/BooneHigman/Metabelian/AffineFPConjugation.ilean -c /projects/standard/hsiehph/sauer354/nonsofic_existence/.lake/build/ir/GroupApproximation/BooneHigman/Metabelian/AffineFPConjugation.c --setup /projects/standard/hsiehph/sauer354/nonsofic_existence/.lake/build/ir/GroupApproximation/BooneHigman/Metabelian/AffineFPConjugation.setup.json --json
info: GroupApproximation/BooneHigman/Metabelian/AffineFPConjugation.lean:40:14: 'GroupApproximation.BooneHigman.Metabelian.AffineFP.AffineRel.yi_commute' depends on axioms: [propext,
 Classical.choice,
 Quot.sound]
info: GroupApproximation/BooneHigman/Metabelian/AffineFPConjugation.lean:50:14: 'GroupApproximation.BooneHigman.Metabelian.AffineFP.AffineRel.conj_yi_ne' depends on axioms: [propext,
 Classical.choice,
 Quot.sound]
info: GroupApproximation/BooneHigman/Metabelian/AffineFPConjugation.lean:69:14: 'GroupApproximation.BooneHigman.Metabelian.AffineFP.AffineRel.conj_yi_same' depends on axioms: [propext,
 Classical.choice,
 Quot.sound]
info: GroupApproximation/BooneHigman/Metabelian/AffineFPConjugation.lean:78:14: 'GroupApproximation.BooneHigman.Metabelian.AffineFP.AffineRel.yiHom_commute' depends on axioms: [propext,
 Classical.choice,
 Quot.sound]
info: GroupApproximation/BooneHigman/Metabelian/AffineFPConjugation.lean:89:14: 'GroupApproximation.BooneHigman.Metabelian.AffineFP.AffineRel.zHom' depends on axioms: [propext,
 Classical.choice,
 Quot.sound]
error: GroupApproximation/BooneHigman/Metabelian/AffineFPConjugation.lean:98:47: Application type mismatch: The argument
  r
has type
  R
but is expected to have type
  ?m.74 i
in the application
  Pi.single i r
error: GroupApproximation/BooneHigman/Metabelian/AffineFPConjugation.lean:100:47: Application type mismatch: The argument
  r
has type
  R
but is expected to have type
  ?m.84 i
in the application
  Pi.single i r
error: GroupApproximation/BooneHigman/Metabelian/AffineFPConjugation.lean:107:14: 'GroupApproximation.BooneHigman.Metabelian.AffineFP.AffineRel.zHom_single' depends on axioms outside the classical allowlist: [sorryAx]
  full closure: [propext, sorryAx, Classical.choice, Quot.sound]
  permitted: [propext, Classical.choice, Quot.sound]
error: Lean exited with code 1
ℹ [3238/3272] Built GroupApproximation.BooneHigman.Metabelian.CharPCoordsFreeClosed (54s)
info: GroupApproximation/BooneHigman/Metabelian/CharPCoordsFreeClosed.lean:25:14: 'GroupApproximation.BooneHigman.Metabelian.CharPCoords.charPPolynomialCoordinates' depends on axioms: [propext,
 Classical.choice,
 Quot.sound]
✖ [3241/3272] Building GroupApproximation.BooneHigman.Metabelian.CharPHost.TreeFaithful (45s)
trace: .> LEAN_PATH=/projects/standard/hsiehph/sauer354/nonsofic_existence/.lake/packages/Cli/.lake/build/lib/lean:/projects/standard/hsiehph/sauer354/nonsofic_existence/.lake/packages/batteries/.lake/build/lib/lean:/projects/standard/hsiehph/sauer354/nonsofic_existence/.lake/packages/Qq/.lake/build/lib/lean:/projects/standard/hsiehph/sauer354/nonsofic_existence/.lake/packages/aesop/.lake/build/lib/lean:/projects/standard/hsiehph/sauer354/nonsofic_existence/.lake/packages/proofwidgets/.lake/build/lib/lean:/projects/standard/hsiehph/sauer354/nonsofic_existence/.lake/packages/importGraph/.lake/build/lib/lean:/projects/standard/hsiehph/sauer354/nonsofic_existence/.lake/packages/LeanSearchClient/.lake/build/lib/lean:/projects/standard/hsiehph/sauer354/nonsofic_existence/.lake/packages/plausible/.lake/build/lib/lean:/projects/standard/hsiehph/sauer354/nonsofic_existence/.lake/packages/mathlib/.lake/build/lib/lean:/projects/standard/hsiehph/sauer354/nonsofic_existence/.lake/build/lib/lean /projects/standard/hsiehph/sauer354/.elan/toolchains/leanprover--lean4---v4.32.0/bin/lean -DwarningAsError=true /projects/standard/hsiehph/sauer354/nonsofic_existence/GroupApproximation/BooneHigman/Metabelian/CharPHost/TreeFaithful.lean -o /projects/standard/hsiehph/sauer354/nonsofic_existence/.lake/build/lib/lean/GroupApproximation/BooneHigman/Metabelian/CharPHost/TreeFaithful.olean -i /projects/standard/hsiehph/sauer354/nonsofic_existence/.lake/build/lib/lean/GroupApproximation/BooneHigman/Metabelian/CharPHost/TreeFaithful.ilean -c /projects/standard/hsiehph/sauer354/nonsofic_existence/.lake/build/ir/GroupApproximation/BooneHigman/Metabelian/CharPHost/TreeFaithful.c --setup /projects/standard/hsiehph/sauer354/nonsofic_existence/.lake/build/ir/GroupApproximation/BooneHigman/Metabelian/CharPHost/TreeFaithful.setup.json --json
info: GroupApproximation/BooneHigman/Metabelian/CharPHost/TreeFaithful.lean:40:2: 'GroupApproximation.BooneHigman.Metabelian.CharPHost.TreeHost.eq_zero_of_forall_X_pow_dvd' depends on axioms: [propext,
 Classical.choice,
 Quot.sound]
info: GroupApproximation/BooneHigman/Metabelian/CharPHost/TreeFaithful.lean:51:14: 'GroupApproximation.BooneHigman.Metabelian.CharPHost.TreeHost.embed' depends on axioms: [propext,
 Classical.choice,
 Quot.sound]
info: GroupApproximation/BooneHigman/Metabelian/CharPHost/TreeFaithful.lean:57:14: 'GroupApproximation.BooneHigman.Metabelian.CharPHost.TreeHost.retract' depends on axioms: [propext,
 Classical.choice,
 Quot.sound]
info: GroupApproximation/BooneHigman/Metabelian/CharPHost/TreeFaithful.lean:71:14: 'GroupApproximation.BooneHigman.Metabelian.CharPHost.TreeHost.retract_embed' depends on axioms: [propext,
 Classical.choice,
 Quot.sound]
info: GroupApproximation/BooneHigman/Metabelian/CharPHost/TreeFaithful.lean:87:14: 'GroupApproximation.BooneHigman.Metabelian.CharPHost.TreeHost.eval_embed' depends on axioms: [propext,
 Classical.choice,
 Quot.sound]
info: GroupApproximation/BooneHigman/Metabelian/CharPHost/TreeFaithful.lean:98:14: 'GroupApproximation.BooneHigman.Metabelian.CharPHost.TreeHost.eq_zero_of_forall_ev' depends on axioms: [propext,
 Classical.choice,
 Quot.sound]
info: GroupApproximation/BooneHigman/Metabelian/CharPHost/TreeFaithful.lean:110:14: 'GroupApproximation.BooneHigman.Metabelian.CharPHost.TreeHost.wordOf' depends on axioms: [propext,
 Classical.choice,
 Quot.sound]
error: GroupApproximation/BooneHigman/Metabelian/CharPHost/TreeFaithful.lean:112:0: automatically included section variable(s) unused in theorem `GroupApproximation.BooneHigman.Metabelian.CharPHost.TreeHost.length_wordOf`:
  [DecidableEq σ]
  [Fintype m]
consider restructuring your `variable` declarations so that the variables are not in scope or explicitly omit them:
  omit [DecidableEq σ] [Fintype m] in theorem ...

Note: This linter can be disabled with `set_option linter.unusedSectionVars false`
info: GroupApproximation/BooneHigman/Metabelian/CharPHost/TreeFaithful.lean:119:14: 'GroupApproximation.BooneHigman.Metabelian.CharPHost.TreeHost.length_wordOf' depends on axioms: [propext,
 Classical.choice,
 Quot.sound]
error: GroupApproximation/BooneHigman/Metabelian/CharPHost/TreeFaithful.lean:121:0: automatically included section variable(s) unused in theorem `GroupApproximation.BooneHigman.Metabelian.CharPHost.TreeHost.vecOf_wordOf`:
  [DecidableEq σ]
  [Fintype m]
consider restructuring your `variable` declarations so that the variables are not in scope or explicitly omit them:
  omit [DecidableEq σ] [Fintype m] in theorem ...

Note: This linter can be disabled with `set_option linter.unusedSectionVars false`
info: GroupApproximation/BooneHigman/Metabelian/CharPHost/TreeFaithful.lean:135:14: 'GroupApproximation.BooneHigman.Metabelian.CharPHost.TreeHost.vecOf_wordOf' depends on axioms: [propext,
 Classical.choice,
 Quot.sound]
error: GroupApproximation/BooneHigman/Metabelian/CharPHost/TreeFaithful.lean:137:0: automatically included section variable(s) unused in theorem `GroupApproximation.BooneHigman.Metabelian.CharPHost.TreeHost.listPoint_wordOf`:
  [Fintype m]
consider restructuring your `variable` declarations so that the variables are not in scope or explicitly omit them:
  omit [Fintype m] in theorem ...

Note: This linter can be disabled with `set_option linter.unusedSectionVars false`
info: GroupApproximation/BooneHigman/Metabelian/CharPHost/TreeFaithful.lean:152:14: 'GroupApproximation.BooneHigman.Metabelian.CharPHost.TreeHost.listPoint_wordOf' depends on axioms: [propext,
 Classical.choice,
 Quot.sound]
error: GroupApproximation/BooneHigman/Metabelian/CharPHost/TreeFaithful.lean:154:0: automatically included section variable(s) unused in theorem `GroupApproximation.BooneHigman.Metabelian.CharPHost.TreeHost.vecOf_sub`:
  [DecidableEq σ]
  [Fintype m]
consider restructuring your `variable` declarations so that the variables are not in scope or explicitly omit them:
  omit [DecidableEq σ] [Fintype m] in theorem ...

Note: This linter can be disabled with `set_option linter.unusedSectionVars false`
info: GroupApproximation/BooneHigman/Metabelian/CharPHost/TreeFaithful.lean:166:14: 'GroupApproximation.BooneHigman.Metabelian.CharPHost.TreeHost.vecOf_sub' depends on axioms: [propext,
 Classical.choice,
 Quot.sound]
error: Lean exited with code 1
ℹ [3246/3276] Replayed GroupApproximation.BooneHigman.Metabelian.PureCharZeroCocycle
info: GroupApproximation/BooneHigman/Metabelian/PureCharZeroCocycle.lean:42:14: 'GroupApproximation.BooneHigman.Metabelian.Coprimary.translEnd' depends on axioms: [Quot.sound]
info: GroupApproximation/BooneHigman/Metabelian/PureCharZeroCocycle.lean:52:14: 'GroupApproximation.BooneHigman.Metabelian.Coprimary.transl' depends on axioms: [propext, Quot.sound]
info: GroupApproximation/BooneHigman/Metabelian/PureCharZeroCocycle.lean:59:14: 'GroupApproximation.BooneHigman.Metabelian.Coprimary.instModuleTransl' depends on axioms: [propext,
 Classical.choice,
 Quot.sound]
info: GroupApproximation/BooneHigman/Metabelian/PureCharZeroCocycle.lean:67:14: 'GroupApproximation.BooneHigman.Metabelian.Coprimary.of_smul_transl' depends on axioms: [propext,
 Classical.choice,
 Quot.sound]
info: GroupApproximation/BooneHigman/Metabelian/PureCharZeroCocycle.lean:78:14: 'GroupApproximation.BooneHigman.Metabelian.Coprimary.abOf_surjective' depends on axioms: [propext,
 Classical.choice,
 Quot.sound]
info: GroupApproximation/BooneHigman/Metabelian/PureCharZeroCocycle.lean:85:14: 'GroupApproximation.BooneHigman.Metabelian.Coprimary.kkSection' depends on axioms: [propext,
 Classical.choice,
 Quot.sound]
info: GroupApproximation/BooneHigman/Metabelian/PureCharZeroCocycle.lean:90:14: 'GroupApproximation.BooneHigman.Metabelian.Coprimary.of_kkSection' depends on axioms: [propext,
 Classical.choice,
 Quot.sound]
info: GroupApproximation/BooneHigman/Metabelian/PureCharZeroCocycle.lean:97:14: 'GroupApproximation.BooneHigman.Metabelian.Coprimary.kkElt_mem' depends on axioms: [propext,
 Classical.choice,
 Quot.sound]
info: GroupApproximation/BooneHigman/Metabelian/PureCharZeroCocycle.lean:103:14: 'GroupApproximation.BooneHigman.Metabelian.Coprimary.kkElt' depends on axioms: [propext, Classical.choice, Quot.sound]
info: GroupApproximation/BooneHigman/Metabelian/PureCharZeroCocycle.lean:115:14: 'GroupApproximation.BooneHigman.Metabelian.Coprimary.kkElt_mul' depends on axioms: [propext,
 Classical.choice,
 Quot.sound]
info: GroupApproximation/BooneHigman/Metabelian/PureCharZeroCocycle.lean:121:14: 'GroupApproximation.BooneHigman.Metabelian.Coprimary.KKSpace' depends on axioms: [propext, Classical.choice, Quot.sound]
info: GroupApproximation/BooneHigman/Metabelian/PureCharZeroCocycle.lean:127:14: 'GroupApproximation.BooneHigman.Metabelian.Coprimary.kkCocycle' depends on axioms: [propext,
 Classical.choice,
 Quot.sound]
info: GroupApproximation/BooneHigman/Metabelian/PureCharZeroCocycle.lean:139:14: 'GroupApproximation.BooneHigman.Metabelian.Coprimary.kkCocycle_mul' depends on axioms: [propext,
 Classical.choice,
 Quot.sound]
info: GroupApproximation/BooneHigman/Metabelian/PureCharZeroCocycle.lean:148:14: 'GroupApproximation.BooneHigman.Metabelian.Coprimary.kkHom' depends on axioms: [propext, Classical.choice, Quot.sound]
info: GroupApproximation/BooneHigman/Metabelian/PureCharZeroCocycle.lean:163:14: 'GroupApproximation.BooneHigman.Metabelian.Coprimary.eq_one_of_abOf_eq_one' depends on axioms: [propext,
 Classical.choice,
 Quot.sound]
info: GroupApproximation/BooneHigman/Metabelian/PureCharZeroCocycle.lean:178:14: 'GroupApproximation.BooneHigman.Metabelian.Coprimary.kkHom_injective' depends on axioms: [propext,
 Classical.choice,
 Quot.sound]
info: GroupApproximation/BooneHigman/Metabelian/PureCharZeroCocycle.lean:195:14: 'GroupApproximation.BooneHigman.Metabelian.Coprimary.isMulTorsionFree_abDerived' depends on axioms: [propext,
 Classical.choice,
 Quot.sound]
info: GroupApproximation/BooneHigman/Metabelian/PureCharZeroCocycle.lean:204:14: 'GroupApproximation.BooneHigman.Metabelian.Coprimary.isAddTorsionFree_kkSpace' depends on axioms: [propext,
 Classical.choice,
 Quot.sound]
ℹ [3247/3276] Replayed GroupApproximation.BooneHigman.Metabelian.PureCharZeroMatrix
info: GroupApproximation/BooneHigman/Metabelian/PureCharZeroMatrix.lean:36:14: 'GroupApproximation.BooneHigman.Metabelian.Coprimary.kkAffMat' depends on axioms: [propext,
 Classical.choice,
 Quot.sound]
info: GroupApproximation/BooneHigman/Metabelian/PureCharZeroMatrix.lean:54:14: 'GroupApproximation.BooneHigman.Metabelian.Coprimary.kkAffMat_mul' depends on axioms: [propext,
 Classical.choice,
 Quot.sound]
info: GroupApproximation/BooneHigman/Metabelian/PureCharZeroMatrix.lean:64:14: 'GroupApproximation.BooneHigman.Metabelian.Coprimary.kkAffMat_one' depends on axioms: [propext,
 Classical.choice,
 Quot.sound]
info: GroupApproximation/BooneHigman/Metabelian/PureCharZeroMatrix.lean:75:14: 'GroupApproximation.BooneHigman.Metabelian.Coprimary.kkAffMatHom' depends on axioms: [propext,
 Classical.choice,
 Quot.sound]
info: GroupApproximation/BooneHigman/Metabelian/PureCharZeroMatrix.lean:86:14: 'GroupApproximation.BooneHigman.Metabelian.Coprimary.kkAffGL' depends on axioms: [propext, Classical.choice, Quot.sound]
info: GroupApproximation/BooneHigman/Metabelian/PureCharZeroMatrix.lean:103:14: 'GroupApproximation.BooneHigman.Metabelian.Coprimary.kkAffGL_injective' depends on axioms: [propext,
 Classical.choice,
 Quot.sound]
ℹ [3248/3277] Built GroupApproximation.BooneHigman.Metabelian.EnvelopeWreathEmbedConeV (37s)
info: GroupApproximation/BooneHigman/Metabelian/EnvelopeWreathEmbedConeV.lean:42:14: 'GroupApproximation.BooneHigman.Metabelian.Envelope.coneMap_eq_mul' depends on axioms: [propext,
 Classical.choice,
 Quot.sound]
info: GroupApproximation/BooneHigman/Metabelian/EnvelopeWreathEmbedConeV.lean:60:14: 'GroupApproximation.BooneHigman.Metabelian.Envelope.coneMap_single' depends on axioms: [propext,
 Classical.choice,
 Quot.sound]
info: GroupApproximation/BooneHigman/Metabelian/EnvelopeWreathEmbedConeV.lean:75:14: 'GroupApproximation.BooneHigman.Metabelian.Envelope.coneMap_mem_higmanThompsonV' depends on axioms: [propext,
 Classical.choice,
 Quot.sound]
info: GroupApproximation/BooneHigman/Metabelian/EnvelopeWreathEmbedConeV.lean:84:14: 'GroupApproximation.BooneHigman.Metabelian.Envelope.conePermHom' depends on axioms: [propext,
 Classical.choice,
 Quot.sound]
info: GroupApproximation/BooneHigman/Metabelian/EnvelopeWreathEmbedConeV.lean:89:14: 'GroupApproximation.BooneHigman.Metabelian.Envelope.conePermHom_apply' depends on axioms: [propext,
 Classical.choice,
 Quot.sound]
info: GroupApproximation/BooneHigman/Metabelian/EnvelopeWreathEmbedConeV.lean:98:14: 'GroupApproximation.BooneHigman.Metabelian.Envelope.coneBaseHom' depends on axioms: [propext,
 Classical.choice,
 Quot.sound]
info: GroupApproximation/BooneHigman/Metabelian/EnvelopeWreathEmbedConeV.lean:110:14: 'GroupApproximation.BooneHigman.Metabelian.Envelope.coneBaseHom_mem' depends on axioms: [propext,
 Classical.choice,
 Quot.sound]
info: GroupApproximation/BooneHigman/Metabelian/EnvelopeWreathEmbedConeV.lean:121:14: 'GroupApproximation.BooneHigman.Metabelian.Envelope.localize_mem_commutator' depends on axioms: [propext,
 Classical.choice,
 Quot.sound]
info: GroupApproximation/BooneHigman/Metabelian/EnvelopeWreathEmbedConeV.lean:135:14: 'GroupApproximation.BooneHigman.Metabelian.Envelope.exists_words' depends on axioms: [propext,
 Classical.choice,
 Quot.sound]
info: GroupApproximation/BooneHigman/Metabelian/EnvelopeWreathEmbedConeV.lean:149:14: 'GroupApproximation.BooneHigman.Metabelian.Envelope.localize_mem_rn' depends on axioms: [propext,
 Classical.choice,
 Quot.sound]
✖ [3249/3277] Building GroupApproximation.BooneHigman.Metabelian.EnvelopeSimpleFragCantor (35s)
trace: .> LEAN_PATH=/projects/standard/hsiehph/sauer354/nonsofic_existence/.lake/packages/Cli/.lake/build/lib/lean:/projects/standard/hsiehph/sauer354/nonsofic_existence/.lake/packages/batteries/.lake/build/lib/lean:/projects/standard/hsiehph/sauer354/nonsofic_existence/.lake/packages/Qq/.lake/build/lib/lean:/projects/standard/hsiehph/sauer354/nonsofic_existence/.lake/packages/aesop/.lake/build/lib/lean:/projects/standard/hsiehph/sauer354/nonsofic_existence/.lake/packages/proofwidgets/.lake/build/lib/lean:/projects/standard/hsiehph/sauer354/nonsofic_existence/.lake/packages/importGraph/.lake/build/lib/lean:/projects/standard/hsiehph/sauer354/nonsofic_existence/.lake/packages/LeanSearchClient/.lake/build/lib/lean:/projects/standard/hsiehph/sauer354/nonsofic_existence/.lake/packages/plausible/.lake/build/lib/lean:/projects/standard/hsiehph/sauer354/nonsofic_existence/.lake/packages/mathlib/.lake/build/lib/lean:/projects/standard/hsiehph/sauer354/nonsofic_existence/.lake/build/lib/lean /projects/standard/hsiehph/sauer354/.elan/toolchains/leanprover--lean4---v4.32.0/bin/lean -DwarningAsError=true /projects/standard/hsiehph/sauer354/nonsofic_existence/GroupApproximation/BooneHigman/Metabelian/EnvelopeSimpleFragCantor.lean -o /projects/standard/hsiehph/sauer354/nonsofic_existence/.lake/build/lib/lean/GroupApproximation/BooneHigman/Metabelian/EnvelopeSimpleFragCantor.olean -i /projects/standard/hsiehph/sauer354/nonsofic_existence/.lake/build/lib/lean/GroupApproximation/BooneHigman/Metabelian/EnvelopeSimpleFragCantor.ilean -c /projects/standard/hsiehph/sauer354/nonsofic_existence/.lake/build/ir/GroupApproximation/BooneHigman/Metabelian/EnvelopeSimpleFragCantor.c --setup /projects/standard/hsiehph/sauer354/nonsofic_existence/.lake/build/ir/GroupApproximation/BooneHigman/Metabelian/EnvelopeSimpleFragCantor.setup.json --json
info: GroupApproximation/BooneHigman/Metabelian/EnvelopeSimpleFragCantor.lean:30:14: 'GroupApproximation.BooneHigman.Metabelian.Envelope.frag_firstWord_prepend' depends on axioms: [propext, Quot.sound]
error: GroupApproximation/BooneHigman/Metabelian/EnvelopeSimpleFragCantor.lean:35:49: Type mismatch
  fun i => b i
has type
  ℕ → X
but is expected to have type
  Fin (M + (n + 1)) → X
error: GroupApproximation/BooneHigman/Metabelian/EnvelopeSimpleFragCantor.lean:37:20: Invalid `⟨...⟩` notation: The expected type of this term could not be determined
error: GroupApproximation/BooneHigman/Metabelian/EnvelopeSimpleFragCantor.lean:39:14: 'GroupApproximation.BooneHigman.Metabelian.Envelope.frag_eq_of_firstWord' depends on axioms outside the classical allowlist: [sorryAx]
  full closure: [sorryAx, Quot.sound]
  permitted: [propext, Classical.choice, Quot.sound]
error: GroupApproximation/BooneHigman/Metabelian/EnvelopeSimpleFragCantor.lean:50:14: 'GroupApproximation.BooneHigman.Metabelian.Envelope.frag_cantorHom_prepend' depends on axioms outside the classical allowlist: [sorryAx]
  full closure: [propext, sorryAx, Classical.choice, Quot.sound]
  permitted: [propext, Classical.choice, Quot.sound]
error: Lean exited with code 1
ℹ [3257/3293] Replayed GroupApproximation.BooneHigman.Metabelian.TorsionFreeCoprimaryBlock
info: GroupApproximation/BooneHigman/Metabelian/TorsionFreeCoprimaryBlock.lean:43:14: 'GroupApproximation.BooneHigman.Metabelian.Coprimary.blockEnd' depends on axioms: [propext,
 Classical.choice,
 Quot.sound]
info: GroupApproximation/BooneHigman/Metabelian/TorsionFreeCoprimaryBlock.lean:64:14: 'GroupApproximation.BooneHigman.Metabelian.Coprimary.exists_matrix_of_end' depends on axioms: [propext,
 Classical.choice,
 Quot.sound]
info: GroupApproximation/BooneHigman/Metabelian/TorsionFreeCoprimaryBlock.lean:82:14: 'GroupApproximation.BooneHigman.Metabelian.Coprimary.exists_linearization_of_pieces' depends on axioms: [propext,
 Classical.choice,
 Quot.sound]
info: GroupApproximation/BooneHigman/Metabelian/TorsionFreeCoprimaryBlock.lean:109:14: 'GroupApproximation.BooneHigman.Metabelian.Coprimary.exists_linearization_of_field_pieces' depends on axioms: [propext,
 Classical.choice,
 Quot.sound]
ℹ [3261/3296] Replayed GroupApproximation.BooneHigman.Metabelian.TorsionFreeNoetherTranscendence
info: GroupApproximation/BooneHigman/Metabelian/TorsionFreeNoetherTranscendence.lean:71:14: 'GroupApproximation.BooneHigman.Metabelian.Coprimary.noether_exists_transcendence_lift' depends on axioms: [propext,
 Classical.choice,
 Quot.sound]
ℹ [3263/3300] Replayed GroupApproximation.BooneHigman.Metabelian.TorsionFreeNoetherFinite
info: GroupApproximation/BooneHigman/Metabelian/TorsionFreeNoetherFinite.lean:62:14: 'GroupApproximation.BooneHigman.Metabelian.Coprimary.noether_finiteDimensional_of_adjoin' depends on axioms: [propext,
 Classical.choice,
 Quot.sound]
ℹ [3265/3301] Replayed GroupApproximation.BooneHigman.Metabelian.TorsionFreeNoetherLocalize
info: GroupApproximation/BooneHigman/Metabelian/TorsionFreeNoetherLocalize.lean:151:14: 'GroupApproximation.BooneHigman.Metabelian.Coprimary.noether_exists_fd_embedding' depends on axioms: [propext,
 Classical.choice,
 Quot.sound]
ℹ [3267/3302] Replayed GroupApproximation.BooneHigman.Metabelian.PureCharPrimeEStatement
info: GroupApproximation/BooneHigman/Metabelian/PureCharPrimeEStatement.lean:58:14: 'GroupApproximation.BooneHigman.Metabelian.Coprimary.PureCharPrimeEOneStatement' depends on axioms: [propext,
 Classical.choice,
 Quot.sound]
info: GroupApproximation/BooneHigman/Metabelian/PureCharPrimeEStatement.lean:70:14: 'GroupApproximation.BooneHigman.Metabelian.Coprimary.PureCharPrimeEHighStatement' depends on axioms: [propext,
 Classical.choice,
 Quot.sound]
ℹ [3268/3306] Replayed GroupApproximation.BooneHigman.Metabelian.TorsionFreeCoprimaryField
info: GroupApproximation/BooneHigman/Metabelian/TorsionFreeCoprimaryField.lean:45:14: 'GroupApproximation.BooneHigman.Metabelian.Coprimary.exists_common_field' depends on axioms: [propext,
 Classical.choice,
 Quot.sound]
info: GroupApproximation/BooneHigman/Metabelian/TorsionFreeCoprimaryField.lean:64:14: 'GroupApproximation.BooneHigman.Metabelian.Coprimary.exists_common_field_finset' depends on axioms: [propext,
 Classical.choice,
 Quot.sound]
ℹ [3269/3306] Replayed GroupApproximation.BooneHigman.Metabelian.PureCharPrimeEOneProofField
info: GroupApproximation/BooneHigman/Metabelian/PureCharPrimeEOneProofField.lean:47:14: 'GroupApproximation.BooneHigman.Metabelian.Coprimary.exists_common_field_charP' depends on axioms: [propext,
 Classical.choice,
 Quot.sound]
info: GroupApproximation/BooneHigman/Metabelian/PureCharPrimeEOneProofField.lean:66:14: 'GroupApproximation.BooneHigman.Metabelian.Coprimary.exists_common_field_charP_finset' depends on axioms: [propext,
 Classical.choice,
 Quot.sound]
ℹ [3341/3388] Built GroupApproximation.BooneHigman.Metabelian.CoprimaryPieces (50s)
info: GroupApproximation/BooneHigman/Metabelian/CoprimaryPieces.lean:55:14: 'GroupApproximation.BooneHigman.Metabelian.Coprimary.pieceSubgroup' depends on axioms: [propext,
 Classical.choice,
 Quot.sound]
info: GroupApproximation/BooneHigman/Metabelian/CoprimaryPieces.lean:62:14: 'GroupApproximation.BooneHigman.Metabelian.Coprimary.mem_pieceSubgroup' depends on axioms: [propext,
 Classical.choice,
 Quot.sound]
info: GroupApproximation/BooneHigman/Metabelian/CoprimaryPieces.lean:75:14: 'GroupApproximation.BooneHigman.Metabelian.Coprimary.pieceSubgroup_normal' depends on axioms: [propext,
 Classical.choice,
 Quot.sound]
info: GroupApproximation/BooneHigman/Metabelian/CoprimaryPieces.lean:82:14: 'GroupApproximation.BooneHigman.Metabelian.Coprimary.pieceSubgroup_le' depends on axioms: [propext,
 Classical.choice,
 Quot.sound]
info: GroupApproximation/BooneHigman/Metabelian/CoprimaryPieces.lean:90:14: 'GroupApproximation.BooneHigman.Metabelian.Coprimary.commutator_quotient_eq' depends on axioms: [propext,
 Classical.choice,
 Quot.sound]
info: GroupApproximation/BooneHigman/Metabelian/CoprimaryPieces.lean:98:14: 'GroupApproximation.BooneHigman.Metabelian.Coprimary.IsPureCharacteristic' depends on axioms: [propext,
 Classical.choice,
 Quot.sound]
info: GroupApproximation/BooneHigman/Metabelian/CoprimaryPieces.lean:121:14: 'GroupApproximation.BooneHigman.Metabelian.Coprimary.isPureCharacteristic_zero' depends on axioms: [propext,
 Classical.choice,
 Quot.sound]
info: GroupApproximation/BooneHigman/Metabelian/CoprimaryPieces.lean:144:14: 'GroupApproximation.BooneHigman.Metabelian.Coprimary.isPureCharacteristic_prime' depends on axioms: [propext,
 Classical.choice,
 Quot.sound]
info: GroupApproximation/BooneHigman/Metabelian/CoprimaryPieces.lean:165:14: 'GroupApproximation.BooneHigman.Metabelian.Coprimary.eq_one_of_forall_mem_piece' depends on axioms: [propext,
 Classical.choice,
 Quot.sound]
info: GroupApproximation/BooneHigman/Metabelian/CoprimaryPieces.lean:174:14: 'GroupApproximation.BooneHigman.Metabelian.Coprimary.isMetabelianGroup_quotient' depends on axioms: [propext,
 Classical.choice,
 Quot.sound]
ℹ [3362/3406] Built GroupApproximation.BooneHigman.Metabelian.EnvelopeSimpleDisplaceClauses (34s)
info: GroupApproximation/BooneHigman/Metabelian/EnvelopeSimpleDisplaceClauses.lean:28:14: 'GroupApproximation.BooneHigman.Metabelian.Envelope.RNDisplaceStatement' depends on axioms: [propext,
 Classical.choice,
 Quot.sound]
info: GroupApproximation/BooneHigman/Metabelian/EnvelopeSimpleDisplaceClauses.lean:36:14: 'GroupApproximation.BooneHigman.Metabelian.Envelope.RNCompressStatement' depends on axioms: [propext,
 Classical.choice,
 Quot.sound]
info: GroupApproximation/BooneHigman/Metabelian/EnvelopeSimpleDisplaceClauses.lean:43:14: 'GroupApproximation.BooneHigman.Metabelian.Envelope.RNFragmentsStatement' depends on axioms: [propext,
 Classical.choice,
 Quot.sound]
info: GroupApproximation/BooneHigman/Metabelian/EnvelopeSimpleDisplaceClauses.lean:51:14: 'GroupApproximation.BooneHigman.Metabelian.Envelope.rnDisplaceCompress_of_clauses' depends on axioms: [propext,
 Classical.choice,
 Quot.sound]
ℹ [3365/3406] Built GroupApproximation.BooneHigman.Metabelian.EnvelopeSimpleCompressImage (39s)
info: GroupApproximation/BooneHigman/Metabelian/EnvelopeSimpleCompressImage.lean:29:14: 'GroupApproximation.BooneHigman.Metabelian.Envelope.ConeInImage' depends on axioms: [Quot.sound]
info: GroupApproximation/BooneHigman/Metabelian/EnvelopeSimpleCompressImage.lean:34:14: 'GroupApproximation.BooneHigman.Metabelian.Envelope.coneInImage_one' depends on axioms: [Quot.sound]
info: GroupApproximation/BooneHigman/Metabelian/EnvelopeSimpleCompressImage.lean:46:14: 'GroupApproximation.BooneHigman.Metabelian.Envelope.ConeInImage.mul' depends on axioms: [Quot.sound]
info: GroupApproximation/BooneHigman/Metabelian/EnvelopeSimpleCompressImage.lean:57:14: 'GroupApproximation.BooneHigman.Metabelian.Envelope.coneInImage_of_hasDepth' depends on axioms: [propext,
 Classical.choice,
 Quot.sound]
info: GroupApproximation/BooneHigman/Metabelian/EnvelopeSimpleCompressImage.lean:64:14: 'GroupApproximation.BooneHigman.Metabelian.Envelope.firstWord_length_of_isStreamPrefix' depends on axioms: [propext,
 Quot.sound]
info: GroupApproximation/BooneHigman/Metabelian/EnvelopeSimpleCompressImage.lean:77:14: 'GroupApproximation.BooneHigman.Metabelian.Envelope.coneInImage_cantorHom' depends on axioms: [propext,
 Classical.choice,
 Quot.sound]
info: GroupApproximation/BooneHigman/Metabelian/EnvelopeSimpleCompressImage.lean:100:14: 'GroupApproximation.BooneHigman.Metabelian.Envelope.coneInImage_localize' depends on axioms: [propext,
 Classical.choice,
 Quot.sound]
info: GroupApproximation/BooneHigman/Metabelian/EnvelopeSimpleCompressImage.lean:130:14: 'GroupApproximation.BooneHigman.Metabelian.Envelope.coneInImage_rn_and_inv' depends on axioms: [propext,
 Classical.choice,
 Quot.sound]
info: GroupApproximation/BooneHigman/Metabelian/EnvelopeSimpleCompressImage.lean:145:14: 'GroupApproximation.BooneHigman.Metabelian.Envelope.missesCone_image_rn' depends on axioms: [propext,
 Classical.choice,
 Quot.sound]
ℹ [3367/3406] Replayed GroupApproximation.BooneHigman.Metabelian.PureCharPrimeEBase
info: GroupApproximation/BooneHigman/Metabelian/PureCharPrimeEBase.lean:29:14: 'GroupApproximation.BooneHigman.Metabelian.Coprimary.eBase' depends on axioms: [propext, Quot.sound]
info: GroupApproximation/BooneHigman/Metabelian/PureCharPrimeEBase.lean:35:14: 'GroupApproximation.BooneHigman.Metabelian.Coprimary.eBase_inr_mem' depends on axioms: [propext,
 Classical.choice,
 Quot.sound]
info: GroupApproximation/BooneHigman/Metabelian/PureCharPrimeEBase.lean:44:14: 'GroupApproximation.BooneHigman.Metabelian.Coprimary.eBase_aut_mem' depends on axioms: [propext,
 Classical.choice,
 Quot.sound]
info: GroupApproximation/BooneHigman/Metabelian/PureCharPrimeEBase.lean:61:14: 'GroupApproximation.BooneHigman.Metabelian.Coprimary.eBaseAutOf' depends on axioms: [propext,
 Classical.choice,
 Quot.sound]
info: GroupApproximation/BooneHigman/Metabelian/PureCharPrimeEBase.lean:74:14: 'GroupApproximation.BooneHigman.Metabelian.Coprimary.eBaseAut' depends on axioms: [propext,
 Classical.choice,
 Quot.sound]
info: GroupApproximation/BooneHigman/Metabelian/PureCharPrimeEBase.lean:82:14: 'GroupApproximation.BooneHigman.Metabelian.Coprimary.eBase_left_mem' depends on axioms: [propext,
 Classical.choice,
 Quot.sound]
info: GroupApproximation/BooneHigman/Metabelian/PureCharPrimeEBase.lean:91:14: 'GroupApproximation.BooneHigman.Metabelian.Coprimary.eBaseHom' depends on axioms: [propext,
 Classical.choice,
 Quot.sound]
info: GroupApproximation/BooneHigman/Metabelian/PureCharPrimeEBase.lean:102:14: 'GroupApproximation.BooneHigman.Metabelian.Coprimary.eBaseHom_injective' depends on axioms: [propext,
 Classical.choice,
 Quot.sound]
info: GroupApproximation/BooneHigman/Metabelian/PureCharPrimeEBase.lean:115:14: 'GroupApproximation.BooneHigman.Metabelian.Coprimary.eBaseHom_surjective' depends on axioms: [propext,
 Classical.choice,
 Quot.sound]
info: GroupApproximation/BooneHigman/Metabelian/PureCharPrimeEBase.lean:122:14: 'GroupApproximation.BooneHigman.Metabelian.Coprimary.eBase_fg' depends on axioms: [propext,
 Classical.choice,
 Quot.sound]
info: GroupApproximation/BooneHigman/Metabelian/PureCharPrimeEBase.lean:127:14: 'GroupApproximation.BooneHigman.Metabelian.Coprimary.eBase_comm' depends on axioms: [propext, Quot.sound]
info: GroupApproximation/BooneHigman/Metabelian/PureCharPrimeEBase.lean:132:14: 'GroupApproximation.BooneHigman.Metabelian.Coprimary.eBase_pow' depends on axioms: [propext, Quot.sound]
info: GroupApproximation/BooneHigman/Metabelian/PureCharPrimeEBase.lean:143:14: 'GroupApproximation.BooneHigman.Metabelian.Coprimary.exists_gl_of_eBase' depends on axioms: [propext,
 Classical.choice,
 Quot.sound]
ℹ [3368/3407] Built GroupApproximation.BooneHigman.Metabelian.EnvelopeSimpleFragPieces (33s)
info: GroupApproximation/BooneHigman/Metabelian/EnvelopeSimpleFragPieces.lean:46:14: 'GroupApproximation.BooneHigman.Metabelian.Envelope.frag_exists_word_ne' depends on axioms: [propext,
 Classical.choice,
 Quot.sound]
info: GroupApproximation/BooneHigman/Metabelian/EnvelopeSimpleFragPieces.lean:55:14: 'GroupApproximation.BooneHigman.Metabelian.Envelope.fragPieces' depends on axioms: [propext,
 Classical.choice,
 Quot.sound]
info: GroupApproximation/BooneHigman/Metabelian/EnvelopeSimpleFragPieces.lean:62:14: 'GroupApproximation.BooneHigman.Metabelian.Envelope.mem_fragPieces' depends on axioms: [propext,
 Classical.choice,
 Quot.sound]
info: GroupApproximation/BooneHigman/Metabelian/EnvelopeSimpleFragPieces.lean:69:14: 'GroupApproximation.BooneHigman.Metabelian.Envelope.fragPieces_inv' depends on axioms: [propext,
 Classical.choice,
 Quot.sound]
info: GroupApproximation/BooneHigman/Metabelian/EnvelopeSimpleFragPieces.lean:79:14: 'GroupApproximation.BooneHigman.Metabelian.Envelope.fragPieces_of_long' depends on axioms: [propext,
 Classical.choice,
 Quot.sound]
info: GroupApproximation/BooneHigman/Metabelian/EnvelopeSimpleFragPieces.lean:95:14: 'GroupApproximation.BooneHigman.Metabelian.Envelope.frag_pair' depends on axioms: [propext,
 Classical.choice,
 Quot.sound]
info: GroupApproximation/BooneHigman/Metabelian/EnvelopeSimpleFragPieces.lean:110:14: 'GroupApproximation.BooneHigman.Metabelian.Envelope.frag_localize_mem' depends on axioms: [propext,
 Classical.choice,
 Quot.sound]
info: GroupApproximation/BooneHigman/Metabelian/EnvelopeSimpleFragPieces.lean:118:14: 'GroupApproximation.BooneHigman.Metabelian.Envelope.frag_localize_mem_pieces' depends on axioms: [propext,
 Classical.choice,
 Quot.sound]
info: GroupApproximation/BooneHigman/Metabelian/EnvelopeSimpleFragPieces.lean:124:14: 'GroupApproximation.BooneHigman.Metabelian.Envelope.frag_closure_le' depends on axioms: [propext,
 Classical.choice,
 Quot.sound]
info: GroupApproximation/BooneHigman/Metabelian/EnvelopeSimpleFragPieces.lean:140:14: 'GroupApproximation.BooneHigman.Metabelian.Envelope.frag_exists_list' depends on axioms: [propext,
 Classical.choice,
 Quot.sound]
ℹ [3370/3407] Replayed GroupApproximation.BooneHigman.Metabelian.PureCharPrimeEAffine
info: GroupApproximation/BooneHigman/Metabelian/PureCharPrimeEAffine.lean:33:14: 'GroupApproximation.BooneHigman.Metabelian.Coprimary.eAffineMatrix' depends on axioms: [propext,
 Classical.choice,
 Quot.sound]
info: GroupApproximation/BooneHigman/Metabelian/PureCharPrimeEAffine.lean:55:14: 'GroupApproximation.BooneHigman.Metabelian.Coprimary.eAffineMatrix_mul' depends on axioms: [propext,
 Classical.choice,
 Quot.sound]
info: GroupApproximation/BooneHigman/Metabelian/PureCharPrimeEAffine.lean:63:14: 'GroupApproximation.BooneHigman.Metabelian.Coprimary.eAffineMatrix_one' depends on axioms: [propext,
 Classical.choice,
 Quot.sound]
info: GroupApproximation/BooneHigman/Metabelian/PureCharPrimeEAffine.lean:74:14: 'GroupApproximation.BooneHigman.Metabelian.Coprimary.eAffineHom' depends on axioms: [propext,
 Classical.choice,
 Quot.sound]
info: GroupApproximation/BooneHigman/Metabelian/PureCharPrimeEAffine.lean:94:14: 'GroupApproximation.BooneHigman.Metabelian.Coprimary.eAffineHom_injective' depends on axioms: [propext,
 Classical.choice,
 Quot.sound]
info: GroupApproximation/BooneHigman/Metabelian/PureCharPrimeEAffine.lean:104:14: 'GroupApproximation.BooneHigman.Metabelian.Coprimary.eAffineGL' depends on axioms: [propext,
 Classical.choice,
 Quot.sound]
info: GroupApproximation/BooneHigman/Metabelian/PureCharPrimeEAffine.lean:120:14: 'GroupApproximation.BooneHigman.Metabelian.Coprimary.eAffineGL_injective' depends on axioms: [propext,
 Classical.choice,
 Quot.sound]
ℹ [3371/3411] Built GroupApproximation.BooneHigman.Metabelian.PureCharZeroSpan (42s)
info: GroupApproximation/BooneHigman/Metabelian/PureCharZeroSpan.lean:32:14: 'GroupApproximation.BooneHigman.Metabelian.Coprimary.kkCocycle_one' depends on axioms: [propext,
 Classical.choice,
 Quot.sound]
info: GroupApproximation/BooneHigman/Metabelian/PureCharZeroSpan.lean:39:14: 'GroupApproximation.BooneHigman.Metabelian.Coprimary.kkSpan' depends on axioms: [propext, Classical.choice, Quot.sound]
info: GroupApproximation/BooneHigman/Metabelian/PureCharZeroSpan.lean:69:14: 'GroupApproximation.BooneHigman.Metabelian.Coprimary.kkCocycle_mem_span_image' depends on axioms: [propext,
 Classical.choice,
 Quot.sound]
info: GroupApproximation/BooneHigman/Metabelian/PureCharZeroSpan.lean:79:14: 'GroupApproximation.BooneHigman.Metabelian.Coprimary.kkSpan_eq_span_image' depends on axioms: [propext,
 Classical.choice,
 Quot.sound]
info: GroupApproximation/BooneHigman/Metabelian/PureCharZeroSpan.lean:88:14: 'GroupApproximation.BooneHigman.Metabelian.Coprimary.kkSpan_finite' depends on axioms: [propext,
 Classical.choice,
 Quot.sound]
info: GroupApproximation/BooneHigman/Metabelian/PureCharZeroSpan.lean:96:14: 'GroupApproximation.BooneHigman.Metabelian.Coprimary.isAddTorsionFree_kkSpan' depends on axioms: [propext,
 Classical.choice,
 Quot.sound]
info: GroupApproximation/BooneHigman/Metabelian/PureCharZeroSpan.lean:111:14: 'GroupApproximation.BooneHigman.Metabelian.Coprimary.kkSpanHom' depends on axioms: [propext,
 Classical.choice,
 Quot.sound]
info: GroupApproximation/BooneHigman/Metabelian/PureCharZeroSpan.lean:119:14: 'GroupApproximation.BooneHigman.Metabelian.Coprimary.kkSpanHom_injective' depends on axioms: [propext,
 Classical.choice,
 Quot.sound]
info: GroupApproximation/BooneHigman/Metabelian/PureCharZeroSpan.lean:135:14: 'GroupApproximation.BooneHigman.Metabelian.Coprimary.exists_affine_embedding' depends on axioms: [propext,
 Classical.choice,
 Quot.sound]
ℹ [3375/3414] Replayed GroupApproximation.BooneHigman.Metabelian.PureCharPrimeEOneModule
info: GroupApproximation/BooneHigman/Metabelian/PureCharPrimeEOneModule.lean:31:14: 'GroupApproximation.BooneHigman.Metabelian.Coprimary.EOneMod' depends on axioms: [propext, Quot.sound]
info: GroupApproximation/BooneHigman/Metabelian/PureCharPrimeEOneModule.lean:38:14: 'GroupApproximation.BooneHigman.Metabelian.Coprimary.eOneOf' depends on axioms: [propext, Quot.sound]
info: GroupApproximation/BooneHigman/Metabelian/PureCharPrimeEOneModule.lean:43:14: 'GroupApproximation.BooneHigman.Metabelian.Coprimary.eOneTo' depends on axioms: [propext, Quot.sound]
info: GroupApproximation/BooneHigman/Metabelian/PureCharPrimeEOneModule.lean:48:14: 'GroupApproximation.BooneHigman.Metabelian.Coprimary.instAddCommGroupEOneMod' depends on axioms: [propext, Quot.sound]
info: GroupApproximation/BooneHigman/Metabelian/PureCharPrimeEOneModule.lean:54:14: 'GroupApproximation.BooneHigman.Metabelian.Coprimary.eOneMod_nsmul' depends on axioms: [propext, Quot.sound]
info: GroupApproximation/BooneHigman/Metabelian/PureCharPrimeEOneModule.lean:59:14: 'GroupApproximation.BooneHigman.Metabelian.Coprimary.instModuleZModEOneMod' depends on axioms: [propext, Quot.sound]
info: GroupApproximation/BooneHigman/Metabelian/PureCharPrimeEOneModule.lean:72:14: 'GroupApproximation.BooneHigman.Metabelian.Coprimary.eOneAddHom' depends on axioms: [propext, Quot.sound]
info: GroupApproximation/BooneHigman/Metabelian/PureCharPrimeEOneModule.lean:85:14: 'GroupApproximation.BooneHigman.Metabelian.Coprimary.eOneRep' depends on axioms: [propext, Quot.sound]
info: GroupApproximation/BooneHigman/Metabelian/PureCharPrimeEOneModule.lean:91:14: 'GroupApproximation.BooneHigman.Metabelian.Coprimary.instModuleEOneMod' depends on axioms: [propext,
 Classical.choice,
 Quot.sound]
info: GroupApproximation/BooneHigman/Metabelian/PureCharPrimeEOneModule.lean:99:14: 'GroupApproximation.BooneHigman.Metabelian.Coprimary.eOne_smul' depends on axioms: [propext,
 Classical.choice,
 Quot.sound]
info: GroupApproximation/BooneHigman/Metabelian/PureCharPrimeEOneModule.lean:107:14: 'GroupApproximation.BooneHigman.Metabelian.Coprimary.eOne_mem_span_smul' depends on axioms: [propext,
 Classical.choice,
 Quot.sound]
info: GroupApproximation/BooneHigman/Metabelian/PureCharPrimeEOneModule.lean:144:14: 'GroupApproximation.BooneHigman.Metabelian.Coprimary.eOne_finite' depends on axioms: [propext,
 Classical.choice,
 Quot.sound]
ℹ [3377/3414] Replayed GroupApproximation.BooneHigman.Metabelian.PureCharPrimeEHighModule
info: GroupApproximation/BooneHigman/Metabelian/PureCharPrimeEHighModule.lean:74:14: 'GroupApproximation.BooneHigman.Metabelian.Coprimary.PureCharPrimeEHighModuleStatement' depends on axioms: [propext,
 Classical.choice,
 Quot.sound]
ℹ [3378/3414] Replayed GroupApproximation.BooneHigman.Metabelian.PureCharPrimeEOne
info: GroupApproximation/BooneHigman/Metabelian/PureCharPrimeEOne.lean:79:14: 'GroupApproximation.BooneHigman.Metabelian.Coprimary.exists_gl_of_exponent_prime_comm' depends on axioms: [propext,
 Classical.choice,
 Quot.sound]
info: GroupApproximation/BooneHigman/Metabelian/PureCharPrimeEOne.lean:90:14: 'GroupApproximation.BooneHigman.Metabelian.Coprimary.exists_gl_of_exponent_prime' depends on axioms: [propext,
 Classical.choice,
 Quot.sound]
ℹ [3380/3414] Replayed GroupApproximation.BooneHigman.Metabelian.PureCharPrimeEHighConj
info: GroupApproximation/BooneHigman/Metabelian/PureCharPrimeEHighConj.lean:29:14: 'GroupApproximation.BooneHigman.Metabelian.Coprimary.eHighConj_comp' depends on axioms: [propext,
 Classical.choice,
 Quot.sound]
info: GroupApproximation/BooneHigman/Metabelian/PureCharPrimeEHighConj.lean:37:14: 'GroupApproximation.BooneHigman.Metabelian.Coprimary.eHighConjGL' depends on axioms: [propext,
 Classical.choice,
 Quot.sound]
info: GroupApproximation/BooneHigman/Metabelian/PureCharPrimeEHighConj.lean:45:14: 'GroupApproximation.BooneHigman.Metabelian.Coprimary.eHighConjGL_apply' depends on axioms: [propext,
 Classical.choice,
 Quot.sound]
info: GroupApproximation/BooneHigman/Metabelian/PureCharPrimeEHighConj.lean:64:14: 'GroupApproximation.BooneHigman.Metabelian.Coprimary.eHighConjGL_injective' depends on axioms: [propext,
 Classical.choice,
 Quot.sound]
ℹ [3381/3414] Replayed GroupApproximation.BooneHigman.Metabelian.PureCharPrimeEHighReduce
info: GroupApproximation/BooneHigman/Metabelian/PureCharPrimeEHighReduce.lean:56:14: 'GroupApproximation.BooneHigman.Metabelian.Coprimary.eHighInl' depends on axioms: [propext,
 Classical.choice,
 Quot.sound]
info: GroupApproximation/BooneHigman/Metabelian/PureCharPrimeEHighReduce.lean:72:14: 'GroupApproximation.BooneHigman.Metabelian.Coprimary.eHighInl_injective' depends on axioms: [propext,
 Classical.choice,
 Quot.sound]
info: GroupApproximation/BooneHigman/Metabelian/PureCharPrimeEHighReduce.lean:135:14: 'GroupApproximation.BooneHigman.Metabelian.Coprimary.exists_gl_of_eHigh_module_comm' depends on axioms: [propext,
 Classical.choice,
 Quot.sound]
info: GroupApproximation/BooneHigman/Metabelian/PureCharPrimeEHighReduce.lean:144:14: 'GroupApproximation.BooneHigman.Metabelian.Coprimary.pureCharPrimeEHigh_of_module' depends on axioms: [propext,
 Classical.choice,
 Quot.sound]
ℹ [3382/3414] Replayed GroupApproximation.BooneHigman.Metabelian.PureCharPrimeEOneProofCover
info: GroupApproximation/BooneHigman/Metabelian/PureCharPrimeEOneProofCover.lean:51:14: 'GroupApproximation.BooneHigman.Metabelian.Coprimary.exists_finset_pow_cover' depends on axioms: [propext,
 Classical.choice,
 Quot.sound]
info: GroupApproximation/BooneHigman/Metabelian/PureCharPrimeEOneProofCover.lean:122:14: 'GroupApproximation.BooneHigman.Metabelian.Coprimary.twist_finite' depends on axioms: [propext,
 Classical.choice,
 Quot.sound]
ℹ [3438/3476] Built GroupApproximation.BooneHigman.Metabelian.EnvelopeWreathEmbedTop (37s)
info: GroupApproximation/BooneHigman/Metabelian/EnvelopeWreathEmbedTop.lean:35:14: 'GroupApproximation.BooneHigman.Metabelian.Envelope.topFun' depends on axioms: [propext]
info: GroupApproximation/BooneHigman/Metabelian/EnvelopeWreathEmbedTop.lean:54:14: 'GroupApproximation.BooneHigman.Metabelian.Envelope.topPerm' depends on axioms: [propext]
info: GroupApproximation/BooneHigman/Metabelian/EnvelopeWreathEmbedTop.lean:65:14: 'GroupApproximation.BooneHigman.Metabelian.Envelope.topPerm_mul' depends on axioms: [propext, Quot.sound]
info: GroupApproximation/BooneHigman/Metabelian/EnvelopeWreathEmbedTop.lean:70:14: 'GroupApproximation.BooneHigman.Metabelian.Envelope.halfFun' depends on axioms: []
info: GroupApproximation/BooneHigman/Metabelian/EnvelopeWreathEmbedTop.lean:87:14: 'GroupApproximation.BooneHigman.Metabelian.Envelope.halfPerm' depends on axioms: [propext]
info: GroupApproximation/BooneHigman/Metabelian/EnvelopeWreathEmbedTop.lean:103:14: 'GroupApproximation.BooneHigman.Metabelian.Envelope.flipPerm' depends on axioms: []
info: GroupApproximation/BooneHigman/Metabelian/EnvelopeWreathEmbedTop.lean:113:14: 'GroupApproximation.BooneHigman.Metabelian.Envelope.topPerm_mul_flipPerm_mul_halfPerm' depends on axioms: [propext,
 Quot.sound]
info: GroupApproximation/BooneHigman/Metabelian/EnvelopeWreathEmbedTop.lean:119:14: 'GroupApproximation.BooneHigman.Metabelian.Envelope.commutator_halfPerm_flipPerm' depends on axioms: [propext,
 Classical.choice,
 Quot.sound]
info: GroupApproximation/BooneHigman/Metabelian/EnvelopeWreathEmbedTop.lean:125:14: 'GroupApproximation.BooneHigman.Metabelian.Envelope.gcFun' depends on axioms: [propext]
info: GroupApproximation/BooneHigman/Metabelian/EnvelopeWreathEmbedTop.lean:141:14: 'GroupApproximation.BooneHigman.Metabelian.Envelope.coneMap_topPerm_mem' depends on axioms: [propext,
 Classical.choice,
 Quot.sound]
ℹ [3465/3508] Replayed GroupApproximation.BooneHigman.Metabelian.AbsorptionSuslinEuclidKill
info: GroupApproximation/BooneHigman/Metabelian/AbsorptionSuslinEuclidKill.lean:36:14: 'GroupApproximation.BooneHigman.Metabelian.Absorption.HasWellFoundedDivision' depends on axioms: []
info: GroupApproximation/BooneHigman/Metabelian/AbsorptionSuslinEuclidKill.lean:51:14: 'GroupApproximation.BooneHigman.Metabelian.Absorption.suslin_exists_step' depends on axioms: [propext,
 Classical.choice,
 Quot.sound]
info: GroupApproximation/BooneHigman/Metabelian/AbsorptionSuslinEuclidKill.lean:88:14: 'GroupApproximation.BooneHigman.Metabelian.Absorption.suslin_exists_kill_entry' depends on axioms: [propext,
 Classical.choice,
 Quot.sound]
info: GroupApproximation/BooneHigman/Metabelian/AbsorptionSuslinEuclidKill.lean:123:14: 'GroupApproximation.BooneHigman.Metabelian.Absorption.suslin_exists_row_killed' depends on axioms: [propext,
 Classical.choice,
 Quot.sound]
info: GroupApproximation/BooneHigman/Metabelian/AbsorptionSuslinEuclidKill.lean:153:14: 'GroupApproximation.BooneHigman.Metabelian.Absorption.suslin_exists_diag_one' depends on axioms: [propext,
 Classical.choice,
 Quot.sound]
ℹ [3506/3547] Built GroupApproximation.BooneHigman.Metabelian.EnvelopeSimpleDisplace (28s)
info: GroupApproximation/BooneHigman/Metabelian/EnvelopeSimpleDisplace.lean:55:14: 'GroupApproximation.BooneHigman.Metabelian.Envelope.determinedSubgroup' depends on axioms: [propext,
 Classical.choice,
 Quot.sound]
info: GroupApproximation/BooneHigman/Metabelian/EnvelopeSimpleDisplace.lean:61:14: 'GroupApproximation.BooneHigman.Metabelian.Envelope.mem_determinedSubgroup' depends on axioms: [propext,
 Classical.choice,
 Quot.sound]
info: GroupApproximation/BooneHigman/Metabelian/EnvelopeSimpleDisplace.lean:84:2: 'GroupApproximation.BooneHigman.Metabelian.Envelope.roverNekrashevych_le_determinedSubgroup' depends on axioms: [propext,
 Classical.choice,
 Quot.sound]
info: GroupApproximation/BooneHigman/Metabelian/EnvelopeSimpleDisplace.lean:100:14: 'GroupApproximation.BooneHigman.Metabelian.Envelope.exists_disjoint_image_cone' depends on axioms: [propext,
 Classical.choice,
 Quot.sound]
info: GroupApproximation/BooneHigman/Metabelian/EnvelopeSimpleDisplace.lean:110:14: 'GroupApproximation.BooneHigman.Metabelian.Envelope.rnDisplace' depends on axioms: [propext,
 Classical.choice,
 Quot.sound]
info: GroupApproximation/BooneHigman/Metabelian/EnvelopeSimpleDisplace.lean:118:2: 'GroupApproximation.BooneHigman.Metabelian.Envelope.rnDisplaceCompress_of_compress_fragments' depends on axioms: [propext,
 Classical.choice,
 Quot.sound]
ℹ [3525/3562] Built GroupApproximation.BooneHigman.Metabelian.EnvelopeSimpleCompressShrink (28s)
info: GroupApproximation/BooneHigman/Metabelian/EnvelopeSimpleCompressShrink.lean:34:14: 'GroupApproximation.BooneHigman.Metabelian.Envelope.notMem_cone_of_mapsCone' depends on axioms: [propext, Quot.sound]
info: GroupApproximation/BooneHigman/Metabelian/EnvelopeSimpleCompressShrink.lean:43:14: 'GroupApproximation.BooneHigman.Metabelian.Envelope.mem_cone_singleton_of_eq' depends on axioms: [propext]
info: GroupApproximation/BooneHigman/Metabelian/EnvelopeSimpleCompressShrink.lean:92:14: 'GroupApproximation.BooneHigman.Metabelian.Envelope.exists_shrink_list' depends on axioms: [propext,
 Classical.choice,
 Quot.sound]
info: GroupApproximation/BooneHigman/Metabelian/EnvelopeSimpleCompressShrink.lean:104:14: 'GroupApproximation.BooneHigman.Metabelian.Envelope.exists_shrink' depends on axioms: [propext,
 Classical.choice,
 Quot.sound]
info: GroupApproximation/BooneHigman/Metabelian/EnvelopeSimpleCompressShrink.lean:126:14: 'GroupApproximation.BooneHigman.Metabelian.Envelope.exists_commutator_shrink' depends on axioms: [propext,
 Classical.choice,
 Quot.sound]
info: GroupApproximation/BooneHigman/Metabelian/EnvelopeSimpleCompressShrink.lean:146:14: 'GroupApproximation.BooneHigman.Metabelian.Envelope.exists_commutator_compress_cone' depends on axioms: [propext,
 Classical.choice,
 Quot.sound]
ℹ [3586/3629] Built GroupApproximation.BooneHigman.Metabelian.EnvelopeSplitEmbed (62s)
info: GroupApproximation/BooneHigman/Metabelian/EnvelopeSplitEmbed.lean:34:14: 'GroupApproximation.BooneHigman.Metabelian.Envelope.envelopeY' depends on axioms: []
info: GroupApproximation/BooneHigman/Metabelian/EnvelopeSplitEmbed.lean:40:14: 'GroupApproximation.BooneHigman.Metabelian.Envelope.embedFun' depends on axioms: [propext, Classical.choice, Quot.sound]
info: GroupApproximation/BooneHigman/Metabelian/EnvelopeSplitEmbed.lean:46:14: 'GroupApproximation.BooneHigman.Metabelian.Envelope.length_embedFun' depends on axioms: [propext,
 Classical.choice,
 Quot.sound]
info: GroupApproximation/BooneHigman/Metabelian/EnvelopeSplitEmbed.lean:52:14: 'GroupApproximation.BooneHigman.Metabelian.Envelope.map_fst_embedFun' depends on axioms: [propext,
 Classical.choice,
 Quot.sound]
info: GroupApproximation/BooneHigman/Metabelian/EnvelopeSplitEmbed.lean:58:14: 'GroupApproximation.BooneHigman.Metabelian.Envelope.map_snd_embedFun' depends on axioms: [propext,
 Classical.choice,
 Quot.sound]
info: GroupApproximation/BooneHigman/Metabelian/EnvelopeSplitEmbed.lean:65:14: 'GroupApproximation.BooneHigman.Metabelian.Envelope.embedFun_embedFun' depends on axioms: [propext,
 Classical.choice,
 Quot.sound]
info: GroupApproximation/BooneHigman/Metabelian/EnvelopeSplitEmbed.lean:71:14: 'GroupApproximation.BooneHigman.Metabelian.Envelope.embedFun_one' depends on axioms: [propext,
 Classical.choice,
 Quot.sound]
info: GroupApproximation/BooneHigman/Metabelian/EnvelopeSplitEmbed.lean:81:14: 'GroupApproximation.BooneHigman.Metabelian.Envelope.isTreeMap_embedFun' depends on axioms: [propext,
 Classical.choice,
 Quot.sound]
info: GroupApproximation/BooneHigman/Metabelian/EnvelopeSplitEmbed.lean:90:14: 'GroupApproximation.BooneHigman.Metabelian.Envelope.embedPerm' depends on axioms: [propext,
 Classical.choice,
 Quot.sound]
info: GroupApproximation/BooneHigman/Metabelian/EnvelopeSplitEmbed.lean:99:14: 'GroupApproximation.BooneHigman.Metabelian.Envelope.envelopeEmbed' depends on axioms: [propext,
 Classical.choice,
 Quot.sound]
info: GroupApproximation/BooneHigman/Metabelian/EnvelopeSplitEmbed.lean:104:14: 'GroupApproximation.BooneHigman.Metabelian.Envelope.envelopeEmbed_smul' depends on axioms: [propext,
 Classical.choice,
 Quot.sound]
info: GroupApproximation/BooneHigman/Metabelian/EnvelopeSplitEmbed.lean:116:14: 'GroupApproximation.BooneHigman.Metabelian.Envelope.envelopeEmbed_injective' depends on axioms: [propext,
 Classical.choice,
 Quot.sound]
info: GroupApproximation/BooneHigman/Metabelian/EnvelopeSplitEmbed.lean:125:14: 'GroupApproximation.BooneHigman.Metabelian.Envelope.state_envelopeEmbed' depends on axioms: [propext,
 Classical.choice,
 Quot.sound]
info: GroupApproximation/BooneHigman/Metabelian/EnvelopeSplitEmbed.lean:132:14: 'GroupApproximation.BooneHigman.Metabelian.Envelope.envelopeK' depends on axioms: [propext,
 Classical.choice,
 Quot.sound]
info: GroupApproximation/BooneHigman/Metabelian/EnvelopeSplitEmbed.lean:140:14: 'GroupApproximation.BooneHigman.Metabelian.Envelope.isSelfSimilar_envelopeK' depends on axioms: [propext,
 Classical.choice,
 Quot.sound]
info: GroupApproximation/BooneHigman/Metabelian/EnvelopeSplitEmbed.lean:148:14: 'GroupApproximation.BooneHigman.Metabelian.Envelope.envelopeHom' depends on axioms: [propext,
 Classical.choice,
 Quot.sound]
info: GroupApproximation/BooneHigman/Metabelian/EnvelopeSplitEmbed.lean:155:14: 'GroupApproximation.BooneHigman.Metabelian.Envelope.envelopeHom_injective' depends on axioms: [propext,
 Classical.choice,
 Quot.sound]
info: GroupApproximation/BooneHigman/Metabelian/EnvelopeSplitEmbed.lean:162:14: 'GroupApproximation.BooneHigman.Metabelian.Envelope.envelopeHom_surjective' depends on axioms: [propext,
 Classical.choice,
 Quot.sound]
info: GroupApproximation/BooneHigman/Metabelian/EnvelopeSplitEmbed.lean:169:14: 'GroupApproximation.BooneHigman.Metabelian.Envelope.isFinitelyPresented_envelopeK' depends on axioms: [propext,
 Classical.choice,
 Quot.sound]
ℹ [3611/3656] Built GroupApproximation.BooneHigman.Metabelian.EnvelopeSimpleFragSwap (28s)
info: GroupApproximation/BooneHigman/Metabelian/EnvelopeSimpleFragSwap.lean:40:14: 'GroupApproximation.BooneHigman.Metabelian.Envelope.frag_cone_sep' depends on axioms: [propext,
 Classical.choice,
 Quot.sound]
info: GroupApproximation/BooneHigman/Metabelian/EnvelopeSimpleFragSwap.lean:110:14: 'GroupApproximation.BooneHigman.Metabelian.Envelope.frag_swap_family' depends on axioms: [propext,
 Classical.choice,
 Quot.sound]
ℹ [3666/3696] Built GroupApproximation.BooneHigman.Metabelian.CoprimaryHall (42s)
info: GroupApproximation/BooneHigman/Metabelian/CoprimaryHall.lean:41:14: 'GroupApproximation.BooneHigman.Metabelian.Coprimary.commClass' depends on axioms: [propext,
 Classical.choice,
 Quot.sound]
info: GroupApproximation/BooneHigman/Metabelian/CoprimaryHall.lean:69:14: 'GroupApproximation.BooneHigman.Metabelian.Coprimary.commutator_le_of_closure' depends on axioms: [propext,
 Classical.choice,
 Quot.sound]
info: GroupApproximation/BooneHigman/Metabelian/CoprimaryHall.lean:89:14: 'GroupApproximation.BooneHigman.Metabelian.Coprimary.module_finite' depends on axioms: [propext,
 Classical.choice,
 Quot.sound]
ℹ [3674/3705] Built GroupApproximation.BooneHigman.Metabelian.PureCharPrimeEOneProofLocalize (41s)
info: GroupApproximation/BooneHigman/Metabelian/PureCharPrimeEOneProofLocalize.lean:52:2: 'GroupApproximation.BooneHigman.Metabelian.Coprimary.exists_matrix_of_domain_torsionFree' depends on axioms: [propext,
 Classical.choice,
 Quot.sound]
ℹ [3970/4011] Built GroupApproximation.BooneHigman.Metabelian.EnvelopeSimpleCompressClose (37s)
info: GroupApproximation/BooneHigman/Metabelian/EnvelopeSimpleCompressClose.lean:47:14: 'GroupApproximation.BooneHigman.Metabelian.Envelope.exists_disjoint_extensions' depends on axioms: [propext,
 Classical.choice,
 Quot.sound]
info: GroupApproximation/BooneHigman/Metabelian/EnvelopeSimpleCompressClose.lean:64:14: 'GroupApproximation.BooneHigman.Metabelian.Envelope.exists_commutator_image_subset_cone' depends on axioms: [propext,
 Classical.choice,
 Quot.sound]
info: GroupApproximation/BooneHigman/Metabelian/EnvelopeSimpleCompressClose.lean:71:14: 'GroupApproximation.BooneHigman.Metabelian.Envelope.compressible_rn' depends on axioms: [propext,
 Classical.choice,
 Quot.sound]
info: GroupApproximation/BooneHigman/Metabelian/EnvelopeSimpleCompressClose.lean:78:14: 'GroupApproximation.BooneHigman.Metabelian.Envelope.rnCompressStatement_holds' depends on axioms: [propext,
 Classical.choice,
 Quot.sound]
ℹ [4086/4150] Built GroupApproximation.BooneHigman.Metabelian.EnvelopeSimpleFragPark (40s)
info: GroupApproximation/BooneHigman/Metabelian/EnvelopeSimpleFragPark.lean:84:14: 'GroupApproximation.BooneHigman.Metabelian.Envelope.frag_park_of_family' depends on axioms: [propext,
 Classical.choice,
 Quot.sound]
info: GroupApproximation/BooneHigman/Metabelian/EnvelopeSimpleFragPark.lean:93:14: 'GroupApproximation.BooneHigman.Metabelian.Envelope.frag_words_finset' depends on axioms: [propext,
 Classical.choice,
 Quot.sound]
info: GroupApproximation/BooneHigman/Metabelian/EnvelopeSimpleFragPark.lean:102:14: 'GroupApproximation.BooneHigman.Metabelian.Envelope.frag_park' depends on axioms: [propext,
 Classical.choice,
 Quot.sound]
ℹ [4094/4150] Replayed GroupApproximation.BooneHigman.Metabelian.ElemFPK2StabDiagAction
info: GroupApproximation/BooneHigman/Metabelian/ElemFPK2StabDiagAction.lean:53:14: 'GroupApproximation.BooneHigman.Metabelian.ElemFP.LastRootAction' depends on axioms: [propext,
 Classical.choice,
 Quot.sound]
info: GroupApproximation/BooneHigman/Metabelian/ElemFPK2StabDiagAction.lean:70:14: 'GroupApproximation.BooneHigman.Metabelian.ElemFP.LastRootAction.T_add' depends on axioms: [propext,
 Classical.choice,
 Quot.sound]
info: GroupApproximation/BooneHigman/Metabelian/ElemFPK2StabDiagAction.lean:91:14: 'GroupApproximation.BooneHigman.Metabelian.ElemFP.LastRootAction.T_commute' depends on axioms: [propext,
 Classical.choice,
 Quot.sound]
info: GroupApproximation/BooneHigman/Metabelian/ElemFPK2StabDiagAction.lean:110:14: 'GroupApproximation.BooneHigman.Metabelian.ElemFP.LastRootAction.T_adjacent' depends on axioms: [propext,
 Classical.choice,
 Quot.sound]
info: GroupApproximation/BooneHigman/Metabelian/ElemFPK2StabDiagAction.lean:117:14: 'GroupApproximation.BooneHigman.Metabelian.ElemFP.LastRootAction.generatorPerm' depends on axioms: [propext,
 Classical.choice,
 Quot.sound]
info: GroupApproximation/BooneHigman/Metabelian/ElemFPK2StabDiagAction.lean:141:2: 'GroupApproximation.BooneHigman.Metabelian.ElemFP.LastRootAction.generatorPerm_kills_relations' depends on axioms: [propext,
 Classical.choice,
 Quot.sound]
info: GroupApproximation/BooneHigman/Metabelian/ElemFPK2StabDiagAction.lean:147:14: 'GroupApproximation.BooneHigman.Metabelian.ElemFP.LastRootAction.lift' depends on axioms: [propext,
 Classical.choice,
 Quot.sound]
info: GroupApproximation/BooneHigman/Metabelian/ElemFPK2StabDiagAction.lean:153:14: 'GroupApproximation.BooneHigman.Metabelian.ElemFP.LastRootAction.lift_x' depends on axioms: [propext,
 Classical.choice,
 Quot.sound]
info: GroupApproximation/BooneHigman/Metabelian/ElemFPK2StabDiagAction.lean:163:14: 'GroupApproximation.BooneHigman.Metabelian.ElemFP.LastRootAction.lift_comp_stab' depends on axioms: [propext,
 Classical.choice,
 Quot.sound]
info: GroupApproximation/BooneHigman/Metabelian/ElemFPK2StabDiagAction.lean:171:2: 'GroupApproximation.BooneHigman.Metabelian.ElemFP.LastRootAction.act_eq_one_of_stab_eq_one' depends on axioms: [propext,
 Classical.choice,
 Quot.sound]
info: GroupApproximation/BooneHigman/Metabelian/ElemFPK2StabDiagAction.lean:184:14: 'GroupApproximation.BooneHigman.Metabelian.ElemFP.eq_one_of_K2Stab_of_lastRootAction' depends on axioms: [propext,
 Classical.choice,
 Quot.sound]
ℹ [4096/4156] Replayed GroupApproximation.BooneHigman.Metabelian.ElemFPK2StabDiagEndpoint
info: GroupApproximation/BooneHigman/Metabelian/ElemFPK2StabDiagEndpoint.lean:58:14: 'GroupApproximation.BooneHigman.Metabelian.ElemFP.stabDiagLeftPerm' depends on axioms: [propext,
 Classical.choice,
 Quot.sound]
info: GroupApproximation/BooneHigman/Metabelian/ElemFPK2StabDiagEndpoint.lean:77:14: 'GroupApproximation.BooneHigman.Metabelian.ElemFP.stabDiagLeftRegular' depends on axioms: [propext,
 Classical.choice,
 Quot.sound]
info: GroupApproximation/BooneHigman/Metabelian/ElemFPK2StabDiagEndpoint.lean:90:14: 'GroupApproximation.BooneHigman.Metabelian.ElemFP.StabDiagLastRootActionStatement' depends on axioms: [propext,
 Classical.choice,
 Quot.sound]
info: GroupApproximation/BooneHigman/Metabelian/ElemFPK2StabDiagEndpoint.lean:101:14: 'GroupApproximation.BooneHigman.Metabelian.ElemFP.polyK2StabRangeDiag_of_lastRootAction' depends on axioms: [propext,
 Classical.choice,
 Quot.sound]
info: GroupApproximation/BooneHigman/Metabelian/ElemFPK2StabDiagEndpoint.lean:118:2: 'GroupApproximation.BooneHigman.Metabelian.ElemFP.stabDiagLastRootAction_of_polyK2StabRangeDiag' depends on axioms: [propext,
 Classical.choice,
 Quot.sound]
info: GroupApproximation/BooneHigman/Metabelian/ElemFPK2StabDiagEndpoint.lean:128:2: 'GroupApproximation.BooneHigman.Metabelian.ElemFP.polynomialFpK2Vanishing_of_lastRootAction' depends on axioms: [propext,
 Classical.choice,
 Quot.sound]
ℹ [4099/4156] Replayed GroupApproximation.BooneHigman.Metabelian.ElemFPK2OneVarNilCubeMaps
info: GroupApproximation/BooneHigman/Metabelian/ElemFPK2OneVarNilCubeMaps.lean:36:14: 'GroupApproximation.BooneHigman.Metabelian.ElemFP.cubeKill' depends on axioms: [propext, Classical.choice, Quot.sound]
info: GroupApproximation/BooneHigman/Metabelian/ElemFPK2OneVarNilCubeMaps.lean:43:14: 'GroupApproximation.BooneHigman.Metabelian.ElemFP.cubeUnit' depends on axioms: [propext, Classical.choice, Quot.sound]
info: GroupApproximation/BooneHigman/Metabelian/ElemFPK2OneVarNilCubeMaps.lean:51:14: 'GroupApproximation.BooneHigman.Metabelian.ElemFP.cubeScale' depends on axioms: [propext, Classical.choice, Quot.sound]
info: GroupApproximation/BooneHigman/Metabelian/ElemFPK2OneVarNilCubeMaps.lean:56:14: 'GroupApproximation.BooneHigman.Metabelian.ElemFP.cubeKill_C' depends on axioms: [propext, Classical.choice, Quot.sound]
info: GroupApproximation/BooneHigman/Metabelian/ElemFPK2OneVarNilCubeMaps.lean:61:14: 'GroupApproximation.BooneHigman.Metabelian.ElemFP.cubeUnit_C' depends on axioms: [propext, Classical.choice, Quot.sound]
info: GroupApproximation/BooneHigman/Metabelian/ElemFPK2OneVarNilCubeMaps.lean:66:14: 'GroupApproximation.BooneHigman.Metabelian.ElemFP.cubeScale_C' depends on axioms: [propext,
 Classical.choice,
 Quot.sound]
info: GroupApproximation/BooneHigman/Metabelian/ElemFPK2OneVarNilCubeMaps.lean:72:14: 'GroupApproximation.BooneHigman.Metabelian.ElemFP.cubeKill_X' depends on axioms: [propext, Classical.choice, Quot.sound]
info: GroupApproximation/BooneHigman/Metabelian/ElemFPK2OneVarNilCubeMaps.lean:78:14: 'GroupApproximation.BooneHigman.Metabelian.ElemFP.cubeUnit_X' depends on axioms: [propext, Classical.choice, Quot.sound]
info: GroupApproximation/BooneHigman/Metabelian/ElemFPK2OneVarNilCubeMaps.lean:84:14: 'GroupApproximation.BooneHigman.Metabelian.ElemFP.cubeScale_X' depends on axioms: [propext,
 Classical.choice,
 Quot.sound]
info: GroupApproximation/BooneHigman/Metabelian/ElemFPK2OneVarNilCubeMaps.lean:89:14: 'GroupApproximation.BooneHigman.Metabelian.ElemFP.cubeKill_X_of_eq' depends on axioms: [propext,
 Classical.choice,
 Quot.sound]
info: GroupApproximation/BooneHigman/Metabelian/ElemFPK2OneVarNilCubeMaps.lean:95:14: 'GroupApproximation.BooneHigman.Metabelian.ElemFP.cubeKill_X_of_ne' depends on axioms: [propext,
 Classical.choice,
 Quot.sound]
info: GroupApproximation/BooneHigman/Metabelian/ElemFPK2OneVarNilCubeMaps.lean:100:14: 'GroupApproximation.BooneHigman.Metabelian.ElemFP.cubeUnit_X_of_eq' depends on axioms: [propext,
 Classical.choice,
 Quot.sound]
info: GroupApproximation/BooneHigman/Metabelian/ElemFPK2OneVarNilCubeMaps.lean:106:14: 'GroupApproximation.BooneHigman.Metabelian.ElemFP.cubeUnit_X_of_ne' depends on axioms: [propext,
 Classical.choice,
 Quot.sound]
info: GroupApproximation/BooneHigman/Metabelian/ElemFPK2OneVarNilCubeMaps.lean:112:14: 'GroupApproximation.BooneHigman.Metabelian.ElemFP.cubeScale_X_of_eq' depends on axioms: [propext,
 Classical.choice,
 Quot.sound]
info: GroupApproximation/BooneHigman/Metabelian/ElemFPK2OneVarNilCubeMaps.lean:118:14: 'GroupApproximation.BooneHigman.Metabelian.ElemFP.cubeScale_X_of_ne' depends on axioms: [propext,
 Classical.choice,
 Quot.sound]
info: GroupApproximation/BooneHigman/Metabelian/ElemFPK2OneVarNilCubeMaps.lean:127:14: 'GroupApproximation.BooneHigman.Metabelian.ElemFP.cubeKill_idem' depends on axioms: [propext,
 Classical.choice,
 Quot.sound]
info: GroupApproximation/BooneHigman/Metabelian/ElemFPK2OneVarNilCubeMaps.lean:141:14: 'GroupApproximation.BooneHigman.Metabelian.ElemFP.cubeKill_comp_comm' depends on axioms: [propext,
 Classical.choice,
 Quot.sound]
info: GroupApproximation/BooneHigman/Metabelian/ElemFPK2OneVarNilCubeMaps.lean:151:14: 'GroupApproximation.BooneHigman.Metabelian.ElemFP.constantCoeff_comp_cubeKill' depends on axioms: [propext,
 Classical.choice,
 Quot.sound]
info: GroupApproximation/BooneHigman/Metabelian/ElemFPK2OneVarNilCubeMaps.lean:166:14: 'GroupApproximation.BooneHigman.Metabelian.ElemFP.cubeKill_comp_cubeScale' depends on axioms: [propext,
 Classical.choice,
 Quot.sound]
info: GroupApproximation/BooneHigman/Metabelian/ElemFPK2OneVarNilCubeMaps.lean:179:14: 'GroupApproximation.BooneHigman.Metabelian.ElemFP.cubeUnit_comp_cubeScale_comp_cubeKill' depends on axioms: [propext,
 Classical.choice,
 Quot.sound]
info: GroupApproximation/BooneHigman/Metabelian/ElemFPK2OneVarNilCubeMaps.lean:195:14: 'GroupApproximation.BooneHigman.Metabelian.ElemFP.cubeKill_comp_cubeScale_of_ne' depends on axioms: [propext,
 Classical.choice,
 Quot.sound]
info: GroupApproximation/BooneHigman/Metabelian/ElemFPK2OneVarNilCubeMaps.lean:206:14: 'GroupApproximation.BooneHigman.Metabelian.ElemFP.constantCoeff_comp_cubeScale' depends on axioms: [propext,
 Classical.choice,
 Quot.sound]
ℹ [4101/4156] Replayed GroupApproximation.BooneHigman.Metabelian.ElemFPK2OneVarNilCube
info: GroupApproximation/BooneHigman/Metabelian/ElemFPK2OneVarNilCube.lean:41:14: 'GroupApproximation.BooneHigman.Metabelian.ElemFP.K2DiesAfterPadding' depends on axioms: [propext,
 Classical.choice,
 Quot.sound]
info: GroupApproximation/BooneHigman/Metabelian/ElemFPK2OneVarNilCube.lean:52:14: 'GroupApproximation.BooneHigman.Metabelian.ElemFP.diesAfterPadding_mul' depends on axioms: [propext,
 Classical.choice,
 Quot.sound]
info: GroupApproximation/BooneHigman/Metabelian/ElemFPK2OneVarNilCube.lean:59:14: 'GroupApproximation.BooneHigman.Metabelian.ElemFP.diesAfterPadding_K2Map' depends on axioms: [propext,
 Classical.choice,
 Quot.sound]
info: GroupApproximation/BooneHigman/Metabelian/ElemFPK2OneVarNilCube.lean:101:14: 'GroupApproximation.BooneHigman.Metabelian.ElemFP.cube_step' depends on axioms: [propext, Classical.choice, Quot.sound]
info: GroupApproximation/BooneHigman/Metabelian/ElemFPK2OneVarNilCube.lean:120:14: 'GroupApproximation.BooneHigman.Metabelian.ElemFP.nil_of_cube' depends on axioms: [propext,
 Classical.choice,
 Quot.sound]
info: GroupApproximation/BooneHigman/Metabelian/ElemFPK2OneVarNilCube.lean:131:14: 'GroupApproximation.BooneHigman.Metabelian.ElemFP.PolyK2CubeNilStatement' depends on axioms: [propext,
 Classical.choice,
 Quot.sound]
info: GroupApproximation/BooneHigman/Metabelian/ElemFPK2OneVarNilCube.lean:138:14: 'GroupApproximation.BooneHigman.Metabelian.ElemFP.polyK2NilPos_of_cubeNil' depends on axioms: [propext,
 Classical.choice,
 Quot.sound]
info: GroupApproximation/BooneHigman/Metabelian/ElemFPK2OneVarNilCube.lean:147:14: 'GroupApproximation.BooneHigman.Metabelian.ElemFP.polyK2CubeNil_of_nilPos' depends on axioms: [propext,
 Classical.choice,
 Quot.sound]
info: GroupApproximation/BooneHigman/Metabelian/ElemFPK2OneVarNilCube.lean:153:14: 'GroupApproximation.BooneHigman.Metabelian.ElemFP.polyK2OneVarNil_of_cubeNil' depends on axioms: [propext,
 Classical.choice,
 Quot.sound]
info: GroupApproximation/BooneHigman/Metabelian/ElemFPK2OneVarNilCube.lean:162:14: 'GroupApproximation.BooneHigman.Metabelian.ElemFP.polynomialFpK2Vanishing_of_cubeNil' depends on axioms: [propext,
 Classical.choice,
 Quot.sound]
ℹ [4103/4156] Replayed GroupApproximation.BooneHigman.Metabelian.ElemFPK2LocalQuillenMaps
info: GroupApproximation/BooneHigman/Metabelian/ElemFPK2LocalQuillenMaps.lean:34:14: 'GroupApproximation.BooneHigman.Metabelian.ElemFP.quillenShift' depends on axioms: [propext,
 Classical.choice,
 Quot.sound]
info: GroupApproximation/BooneHigman/Metabelian/ElemFPK2LocalQuillenMaps.lean:43:14: 'GroupApproximation.BooneHigman.Metabelian.ElemFP.quillenScale' depends on axioms: [propext,
 Classical.choice,
 Quot.sound]
info: GroupApproximation/BooneHigman/Metabelian/ElemFPK2LocalQuillenMaps.lean:51:14: 'GroupApproximation.BooneHigman.Metabelian.ElemFP.quillenTranslate' depends on axioms: [propext,
 Classical.choice,
 Quot.sound]
info: GroupApproximation/BooneHigman/Metabelian/ElemFPK2LocalQuillenMaps.lean:61:14: 'GroupApproximation.BooneHigman.Metabelian.ElemFP.quillenCollapse' depends on axioms: [propext,
 Classical.choice,
 Quot.sound]
info: GroupApproximation/BooneHigman/Metabelian/ElemFPK2LocalQuillenMaps.lean:67:14: 'GroupApproximation.BooneHigman.Metabelian.ElemFP.quillenShift_C' depends on axioms: [propext,
 Classical.choice,
 Quot.sound]
info: GroupApproximation/BooneHigman/Metabelian/ElemFPK2LocalQuillenMaps.lean:74:14: 'GroupApproximation.BooneHigman.Metabelian.ElemFP.quillenShift_X' depends on axioms: [propext,
 Classical.choice,
 Quot.sound]
info: GroupApproximation/BooneHigman/Metabelian/ElemFPK2LocalQuillenMaps.lean:80:14: 'GroupApproximation.BooneHigman.Metabelian.ElemFP.quillenScale_C' depends on axioms: [propext,
 Classical.choice,
 Quot.sound]
info: GroupApproximation/BooneHigman/Metabelian/ElemFPK2LocalQuillenMaps.lean:86:14: 'GroupApproximation.BooneHigman.Metabelian.ElemFP.quillenScale_X' depends on axioms: [propext,
 Classical.choice,
 Quot.sound]
info: GroupApproximation/BooneHigman/Metabelian/ElemFPK2LocalQuillenMaps.lean:92:14: 'GroupApproximation.BooneHigman.Metabelian.ElemFP.quillenTranslate_C' depends on axioms: [propext,
 Classical.choice,
 Quot.sound]
info: GroupApproximation/BooneHigman/Metabelian/ElemFPK2LocalQuillenMaps.lean:98:14: 'GroupApproximation.BooneHigman.Metabelian.ElemFP.quillenTranslate_X' depends on axioms: [propext,
 Classical.choice,
 Quot.sound]
info: GroupApproximation/BooneHigman/Metabelian/ElemFPK2LocalQuillenMaps.lean:105:14: 'GroupApproximation.BooneHigman.Metabelian.ElemFP.quillenCollapse_C' depends on axioms: [propext,
 Classical.choice,
 Quot.sound]
info: GroupApproximation/BooneHigman/Metabelian/ElemFPK2LocalQuillenMaps.lean:111:14: 'GroupApproximation.BooneHigman.Metabelian.ElemFP.quillenCollapse_X' depends on axioms: [propext,
 Classical.choice,
 Quot.sound]
ℹ [4104/4156] Replayed GroupApproximation.BooneHigman.Metabelian.ElemFPK2LocalQuillenComp
info: GroupApproximation/BooneHigman/Metabelian/ElemFPK2LocalQuillenComp.lean:35:14: 'GroupApproximation.BooneHigman.Metabelian.ElemFP.quillenShift_zero' depends on axioms: [propext,
 Classical.choice,
 Quot.sound]
info: GroupApproximation/BooneHigman/Metabelian/ElemFPK2LocalQuillenComp.lean:47:14: 'GroupApproximation.BooneHigman.Metabelian.ElemFP.quillenScale_comp_shift' depends on axioms: [propext,
 Classical.choice,
 Quot.sound]
info: GroupApproximation/BooneHigman/Metabelian/ElemFPK2LocalQuillenComp.lean:55:14: 'GroupApproximation.BooneHigman.Metabelian.ElemFP.quillenScale_comp_C' depends on axioms: [propext,
 Classical.choice,
 Quot.sound]
info: GroupApproximation/BooneHigman/Metabelian/ElemFPK2LocalQuillenComp.lean:69:14: 'GroupApproximation.BooneHigman.Metabelian.ElemFP.quillenTranslate_comp_shift' depends on axioms: [propext,
 Classical.choice,
 Quot.sound]
info: GroupApproximation/BooneHigman/Metabelian/ElemFPK2LocalQuillenComp.lean:77:14: 'GroupApproximation.BooneHigman.Metabelian.ElemFP.quillenTranslate_comp_C' depends on axioms: [propext,
 Classical.choice,
 Quot.sound]
info: GroupApproximation/BooneHigman/Metabelian/ElemFPK2LocalQuillenComp.lean:91:14: 'GroupApproximation.BooneHigman.Metabelian.ElemFP.quillenCollapse_comp_shift_one' depends on axioms: [propext,
 Classical.choice,
 Quot.sound]
info: GroupApproximation/BooneHigman/Metabelian/ElemFPK2LocalQuillenComp.lean:101:14: 'GroupApproximation.BooneHigman.Metabelian.ElemFP.quillenCollapse_comp_C' depends on axioms: [propext,
 Classical.choice,
 Quot.sound]
ℹ [4105/4156] Replayed GroupApproximation.BooneHigman.Metabelian.ElemFPK2LocalQuillenIdeal
info: GroupApproximation/BooneHigman/Metabelian/ElemFPK2LocalQuillenIdeal.lean:40:14: 'GroupApproximation.BooneHigman.Metabelian.ElemFP.diesAfterPadding_one' depends on axioms: [propext,
 Classical.choice,
 Quot.sound]
info: GroupApproximation/BooneHigman/Metabelian/ElemFPK2LocalQuillenIdeal.lean:47:14: 'GroupApproximation.BooneHigman.Metabelian.ElemFP.diesAfterPadding_inv' depends on axioms: [propext,
 Classical.choice,
 Quot.sound]
info: GroupApproximation/BooneHigman/Metabelian/ElemFPK2LocalQuillenIdeal.lean:61:14: 'GroupApproximation.BooneHigman.Metabelian.ElemFP.quillenDiff' depends on axioms: [propext,
 Classical.choice,
 Quot.sound]
info: GroupApproximation/BooneHigman/Metabelian/ElemFPK2LocalQuillenIdeal.lean:66:14: 'GroupApproximation.BooneHigman.Metabelian.ElemFP.quillenDiff_zero' depends on axioms: [propext,
 Classical.choice,
 Quot.sound]
info: GroupApproximation/BooneHigman/Metabelian/ElemFPK2LocalQuillenIdeal.lean:74:14: 'GroupApproximation.BooneHigman.Metabelian.ElemFP.K2Map_quillenScale_quillenDiff' depends on axioms: [propext,
 Classical.choice,
 Quot.sound]
info: GroupApproximation/BooneHigman/Metabelian/ElemFPK2LocalQuillenIdeal.lean:82:14: 'GroupApproximation.BooneHigman.Metabelian.ElemFP.quillenDiff_add' depends on axioms: [propext,
 Classical.choice,
 Quot.sound]
info: GroupApproximation/BooneHigman/Metabelian/ElemFPK2LocalQuillenIdeal.lean:91:14: 'GroupApproximation.BooneHigman.Metabelian.ElemFP.quillenDiff_one_collapse' depends on axioms: [propext,
 Classical.choice,
 Quot.sound]
info: GroupApproximation/BooneHigman/Metabelian/ElemFPK2LocalQuillenIdeal.lean:98:14: 'GroupApproximation.BooneHigman.Metabelian.ElemFP.diesAfterPadding_quillenDiff_zero' depends on axioms: [propext,
 Classical.choice,
 Quot.sound]
info: GroupApproximation/BooneHigman/Metabelian/ElemFPK2LocalQuillenIdeal.lean:106:14: 'GroupApproximation.BooneHigman.Metabelian.ElemFP.diesAfterPadding_quillenDiff_add' depends on axioms: [propext,
 Classical.choice,
 Quot.sound]
info: GroupApproximation/BooneHigman/Metabelian/ElemFPK2LocalQuillenIdeal.lean:113:14: 'GroupApproximation.BooneHigman.Metabelian.ElemFP.diesAfterPadding_quillenDiff_mul' depends on axioms: [propext,
 Classical.choice,
 Quot.sound]
info: GroupApproximation/BooneHigman/Metabelian/ElemFPK2LocalQuillenIdeal.lean:122:14: 'GroupApproximation.BooneHigman.Metabelian.ElemFP.quillenIdeal' depends on axioms: [propext,
 Classical.choice,
 Quot.sound]
info: GroupApproximation/BooneHigman/Metabelian/ElemFPK2LocalQuillenIdeal.lean:128:14: 'GroupApproximation.BooneHigman.Metabelian.ElemFP.mem_quillenIdeal' depends on axioms: [propext,
 Classical.choice,
 Quot.sound]
info: GroupApproximation/BooneHigman/Metabelian/ElemFPK2LocalQuillenIdeal.lean:138:2: 'GroupApproximation.BooneHigman.Metabelian.ElemFP.diesAfterPadding_of_one_mem_quillenIdeal' depends on axioms: [propext,
 Classical.choice,
 Quot.sound]
info: GroupApproximation/BooneHigman/Metabelian/ElemFPK2LocalQuillenIdeal.lean:154:14: 'GroupApproximation.BooneHigman.Metabelian.ElemFP.diesAfterPadding_of_local' depends on axioms: [propext,
 Classical.choice,
 Quot.sound]
info: GroupApproximation/BooneHigman/Metabelian/ElemFPK2LocalQuillenIdeal.lean:164:2: 'GroupApproximation.BooneHigman.Metabelian.ElemFP.diesAfterPadding_quillenDiff_of_diesAfterPadding' depends on axioms: [propext,
 Classical.choice,
 Quot.sound]
info: GroupApproximation/BooneHigman/Metabelian/ElemFPK2LocalQuillenIdeal.lean:173:2: 'GroupApproximation.BooneHigman.Metabelian.ElemFP.quillenIdeal_eq_top_of_diesAfterPadding' depends on axioms: [propext,
 Classical.choice,
 Quot.sound]
ℹ [4108/4168] Replayed GroupApproximation.Manuscript.SimpleKazhdanSofic.LeavittK2.Weyl.Basic
info: GroupApproximation/Manuscript/SimpleKazhdanSofic/LeavittK2/Weyl/Basic.lean:45:14: 'GroupApproximation.Manuscript.SimpleKazhdanSofic.LeavittK2.WeylCalc.neg_self_of_two_eq_zero' depends on axioms: [propext]
info: GroupApproximation/Manuscript/SimpleKazhdanSofic/LeavittK2/Weyl/Basic.lean:53:14: 'GroupApproximation.Manuscript.SimpleKazhdanSofic.LeavittK2.WeylCalc.x_congr' depends on axioms: [propext,
 Classical.choice,
 Quot.sound]
info: GroupApproximation/Manuscript/SimpleKazhdanSofic/LeavittK2/Weyl/Basic.lean:60:14: 'GroupApproximation.Manuscript.SimpleKazhdanSofic.LeavittK2.WeylCalc.x_mul_self' depends on axioms: [propext,
 Classical.choice,
 Quot.sound]
info: GroupApproximation/Manuscript/SimpleKazhdanSofic/LeavittK2/Weyl/Basic.lean:67:14: 'GroupApproximation.Manuscript.SimpleKazhdanSofic.LeavittK2.WeylCalc.conj_of_commute' depends on axioms: [propext]
info: GroupApproximation/Manuscript/SimpleKazhdanSofic/LeavittK2/Weyl/Basic.lean:75:14: 'GroupApproximation.Manuscript.SimpleKazhdanSofic.LeavittK2.WeylCalc.conj_adj_left' depends on axioms: [propext,
 Classical.choice,
 Quot.sound]
info: GroupApproximation/Manuscript/SimpleKazhdanSofic/LeavittK2/Weyl/Basic.lean:84:14: 'GroupApproximation.Manuscript.SimpleKazhdanSofic.LeavittK2.WeylCalc.conj_adj_right' depends on axioms: [propext,
 Classical.choice,
 Quot.sound]
info: GroupApproximation/Manuscript/SimpleKazhdanSofic/LeavittK2/Weyl/Basic.lean:92:14: 'GroupApproximation.Manuscript.SimpleKazhdanSofic.LeavittK2.WeylCalc.conj_adj_right_two' depends on axioms: [propext,
 Classical.choice,
 Quot.sound]
info: GroupApproximation/Manuscript/SimpleKazhdanSofic/LeavittK2/Weyl/Basic.lean:105:14: 'GroupApproximation.Manuscript.SimpleKazhdanSofic.LeavittK2.weyl' depends on axioms: [propext,
 Classical.choice,
 Quot.sound]
info: GroupApproximation/Manuscript/SimpleKazhdanSofic/LeavittK2/Weyl/Basic.lean:113:14: 'GroupApproximation.Manuscript.SimpleKazhdanSofic.LeavittK2.weyl_congr' depends on axioms: [propext,
 Classical.choice,
 Quot.sound]
info: GroupApproximation/Manuscript/SimpleKazhdanSofic/LeavittK2/Weyl/Basic.lean:129:14: 'GroupApproximation.Manuscript.SimpleKazhdanSofic.LeavittK2.weyl_mul_self' depends on axioms: [propext,
 Classical.choice,
 Quot.sound]
info: GroupApproximation/Manuscript/SimpleKazhdanSofic/LeavittK2/Weyl/Basic.lean:136:14: 'GroupApproximation.Manuscript.SimpleKazhdanSofic.LeavittK2.weyl_inv' depends on axioms: [propext,
 Classical.choice,
 Quot.sound]
info: GroupApproximation/Manuscript/SimpleKazhdanSofic/LeavittK2/Weyl/Basic.lean:148:14: 'GroupApproximation.Manuscript.SimpleKazhdanSofic.LeavittK2.weyl_conj_via' depends on axioms: [propext,
 Classical.choice,
 Quot.sound]
ℹ [4110/4168] Replayed GroupApproximation.Manuscript.SimpleKazhdanSofic.LeavittK2.Weyl.Conjugation
info: GroupApproximation/Manuscript/SimpleKazhdanSofic/LeavittK2/Weyl/Conjugation.lean:38:14: 'GroupApproximation.Manuscript.SimpleKazhdanSofic.LeavittK2.weyl_conj_disjoint' depends on axioms: [propext,
 Classical.choice,
 Quot.sound]
info: GroupApproximation/Manuscript/SimpleKazhdanSofic/LeavittK2/Weyl/Conjugation.lean:60:14: 'GroupApproximation.Manuscript.SimpleKazhdanSofic.LeavittK2.weyl_conj_row_left' depends on axioms: [propext,
 Classical.choice,
 Quot.sound]
info: GroupApproximation/Manuscript/SimpleKazhdanSofic/LeavittK2/Weyl/Conjugation.lean:85:14: 'GroupApproximation.Manuscript.SimpleKazhdanSofic.LeavittK2.weyl_conj_row_right' depends on axioms: [propext,
 Classical.choice,
 Quot.sound]
info: GroupApproximation/Manuscript/SimpleKazhdanSofic/LeavittK2/Weyl/Conjugation.lean:110:14: 'GroupApproximation.Manuscript.SimpleKazhdanSofic.LeavittK2.weyl_conj_col_left' depends on axioms: [propext,
 Classical.choice,
 Quot.sound]
info: GroupApproximation/Manuscript/SimpleKazhdanSofic/LeavittK2/Weyl/Conjugation.lean:132:14: 'GroupApproximation.Manuscript.SimpleKazhdanSofic.LeavittK2.weyl_conj_col_right' depends on axioms: [propext,
 Classical.choice,
 Quot.sound]
ℹ [4111/4168] Replayed GroupApproximation.Manuscript.SimpleKazhdanSofic.SkRows.SteinbergWeyl.Defs
info: GroupApproximation/Manuscript/SimpleKazhdanSofic/SkRows/SteinbergWeyl/Defs.lean:106:14: 'GroupApproximation.SimpleKazhdanSofic.SkRows.SteinbergWeyl.conj_of_commute' depends on axioms: [propext]
info: GroupApproximation/Manuscript/SimpleKazhdanSofic/SkRows/SteinbergWeyl/Defs.lean:107:14: 'GroupApproximation.SimpleKazhdanSofic.SkRows.SteinbergWeyl.conj_mul' depends on axioms: [propext]
info: GroupApproximation/Manuscript/SimpleKazhdanSofic/SkRows/SteinbergWeyl/Defs.lean:108:14: 'GroupApproximation.SimpleKazhdanSofic.SkRows.SteinbergWeyl.x_congr' depends on axioms: [propext,
 Classical.choice,
 Quot.sound]
info: GroupApproximation/Manuscript/SimpleKazhdanSofic/SkRows/SteinbergWeyl/Defs.lean:109:14: 'GroupApproximation.SimpleKazhdanSofic.SkRows.SteinbergWeyl.conj_x_left' depends on axioms: [propext,
 Classical.choice,
 Quot.sound]
info: GroupApproximation/Manuscript/SimpleKazhdanSofic/SkRows/SteinbergWeyl/Defs.lean:110:14: 'GroupApproximation.SimpleKazhdanSofic.SkRows.SteinbergWeyl.conj_x_right' depends on axioms: [propext,
 Classical.choice,
 Quot.sound]
info: GroupApproximation/Manuscript/SimpleKazhdanSofic/SkRows/SteinbergWeyl/Defs.lean:111:14: 'GroupApproximation.SimpleKazhdanSofic.SkRows.SteinbergWeyl.w_conj_expand' depends on axioms: [propext,
 Classical.choice,
 Quot.sound]
info: GroupApproximation/Manuscript/SimpleKazhdanSofic/SkRows/SteinbergWeyl/Defs.lean:112:14: 'GroupApproximation.SimpleKazhdanSofic.SkRows.SteinbergWeyl.w_inv' depends on axioms: [propext,
 Classical.choice,
 Quot.sound]
ℹ [4113/4168] Replayed GroupApproximation.KOne.StableWhitehead
info: GroupApproximation/KOne/StableWhitehead.lean:308:14: 'GroupApproximation.StableWhitehead.exists_unit_of_mem_elementary2' depends on axioms: [propext,
 Classical.choice,
 Quot.sound]
info: GroupApproximation/KOne/StableWhitehead.lean:309:14: 'GroupApproximation.StableWhitehead.twoBlockUnitEquiv_val_of_diagonalPair' depends on axioms: [propext,
 Classical.choice,
 Quot.sound]
info: GroupApproximation/KOne/StableWhitehead.lean:310:14: 'GroupApproximation.StableWhitehead.glStab_commutator_mem' depends on axioms: [propext, Classical.choice, Quot.sound]
info: GroupApproximation/KOne/StableWhitehead.lean:311:14: 'GroupApproximation.StableWhitehead.commutator_le_elementaryColim' depends on axioms: [propext,
 Classical.choice,
 Quot.sound]
info: GroupApproximation/KOne/StableWhitehead.lean:312:14: 'GroupApproximation.StableWhitehead.elementaryColim_normal' depends on axioms: [propext, Classical.choice, Quot.sound]
ℹ [4114/4168] Replayed GroupApproximation.Manuscript.SimpleKazhdanSofic.LeavittK2.Weyl.Corner
info: GroupApproximation/Manuscript/SimpleKazhdanSofic/LeavittK2/Weyl/Corner.lean:40:14: 'GroupApproximation.Manuscript.SimpleKazhdanSofic.LeavittK2.WeylCalc.exists_third' depends on axioms: [propext,
 Classical.choice,
 Quot.sound]
info: GroupApproximation/Manuscript/SimpleKazhdanSofic/LeavittK2/Weyl/Corner.lean:55:14: 'GroupApproximation.Manuscript.SimpleKazhdanSofic.LeavittK2.weyl_conj_corner' depends on axioms: [propext,
 Classical.choice,
 Quot.sound]
info: GroupApproximation/Manuscript/SimpleKazhdanSofic/LeavittK2/Weyl/Corner.lean:68:14: 'GroupApproximation.Manuscript.SimpleKazhdanSofic.LeavittK2.weyl_conj_corner_symm' depends on axioms: [propext,
 Classical.choice,
 Quot.sound]
info: GroupApproximation/Manuscript/SimpleKazhdanSofic/LeavittK2/Weyl/Corner.lean:109:14: 'GroupApproximation.Manuscript.SimpleKazhdanSofic.LeavittK2.weyl_conj_x_of_third' depends on axioms: [propext,
 Classical.choice,
 Quot.sound]
info: GroupApproximation/Manuscript/SimpleKazhdanSofic/LeavittK2/Weyl/Corner.lean:119:14: 'GroupApproximation.Manuscript.SimpleKazhdanSofic.LeavittK2.weyl_conj_x' depends on axioms: [propext,
 Classical.choice,
 Quot.sound]
ℹ [4115/4168] Replayed GroupApproximation.Manuscript.SimpleKazhdanSofic.SkRows.SteinbergWeyl.Projection
info: GroupApproximation/Manuscript/SimpleKazhdanSofic/SkRows/SteinbergWeyl/Projection.lean:59:14: 'GroupApproximation.SimpleKazhdanSofic.SkRows.SteinbergWeyl.projection_x_val' depends on axioms: [propext,
 Classical.choice,
 Quot.sound]
info: GroupApproximation/Manuscript/SimpleKazhdanSofic/SkRows/SteinbergWeyl/Projection.lean:60:14: 'GroupApproximation.SimpleKazhdanSofic.SkRows.SteinbergWeyl.w_projection_val' depends on axioms: [propext,
 Classical.choice,
 Quot.sound]
ℹ [4116/4168] Replayed GroupApproximation.KOne.AlgebraicKOne
info: GroupApproximation/KOne/AlgebraicKOne.lean:136:14: 'GroupApproximation.AlgebraicK.algebraicKOneCommGroup' depends on axioms: [propext, Classical.choice, Quot.sound]
info: GroupApproximation/KOne/AlgebraicKOne.lean:137:14: 'GroupApproximation.AlgebraicK.kappa' depends on axioms: [propext, Classical.choice, Quot.sound]
info: GroupApproximation/KOne/AlgebraicKOne.lean:138:14: 'GroupApproximation.AlgebraicK.kappa_eq_one_iff' depends on axioms: [propext, Classical.choice, Quot.sound]
info: GroupApproximation/KOne/AlgebraicKOne.lean:139:14: 'GroupApproximation.AlgebraicK.classicalGLColim_countable' depends on axioms: [propext, Classical.choice, Quot.sound]
info: GroupApproximation/KOne/AlgebraicKOne.lean:140:14: 'GroupApproximation.AlgebraicK.algebraicKOne_countable' depends on axioms: [propext, Classical.choice, Quot.sound]
ℹ [4117/4168] Replayed GroupApproximation.Manuscript.SimpleKazhdanSofic.LeavittK2.FieldTwoRootSpan
info: GroupApproximation/Manuscript/SimpleKazhdanSofic/LeavittK2/FieldTwoRootSpan.lean:28:14: 'GroupApproximation.Manuscript.SimpleKazhdanSofic.LeavittK2.FieldTwo.rootSpan' depends on axioms: [propext,
 Classical.choice,
 Quot.sound]
info: GroupApproximation/Manuscript/SimpleKazhdanSofic/LeavittK2/FieldTwoRootSpan.lean:34:14: 'GroupApproximation.Manuscript.SimpleKazhdanSofic.LeavittK2.FieldTwo.x_mem_rootSpan' depends on axioms: [propext,
 Classical.choice,
 Quot.sound]
info: GroupApproximation/Manuscript/SimpleKazhdanSofic/LeavittK2/FieldTwoRootSpan.lean:54:14: 'GroupApproximation.Manuscript.SimpleKazhdanSofic.LeavittK2.FieldTwo.rootSpan_induction' depends on axioms: [propext,
 Classical.choice,
 Quot.sound]
info: GroupApproximation/Manuscript/SimpleKazhdanSofic/LeavittK2/FieldTwoRootSpan.lean:62:14: 'GroupApproximation.Manuscript.SimpleKazhdanSofic.LeavittK2.FieldTwo.rootSpan_mono' depends on axioms: [propext,
 Classical.choice,
 Quot.sound]
info: GroupApproximation/Manuscript/SimpleKazhdanSofic/LeavittK2/FieldTwoRootSpan.lean:79:14: 'GroupApproximation.Manuscript.SimpleKazhdanSofic.LeavittK2.FieldTwo.rootSpan_conj_mem' depends on axioms: [propext,
 Classical.choice,
 Quot.sound]
info: GroupApproximation/Manuscript/SimpleKazhdanSofic/LeavittK2/FieldTwoRootSpan.lean:104:14: 'GroupApproximation.Manuscript.SimpleKazhdanSofic.LeavittK2.FieldTwo.rootSpan_normalizes' depends on axioms: [propext,
 Classical.choice,
 Quot.sound]
info: GroupApproximation/Manuscript/SimpleKazhdanSofic/LeavittK2/FieldTwoRootSpan.lean:112:14: 'GroupApproximation.Manuscript.SimpleKazhdanSofic.LeavittK2.FieldTwo.commute_of_rootSpan' depends on axioms: [propext,
 Classical.choice,
 Quot.sound]
info: GroupApproximation/Manuscript/SimpleKazhdanSofic/LeavittK2/FieldTwoRootSpan.lean:140:14: 'GroupApproximation.Manuscript.SimpleKazhdanSofic.LeavittK2.FieldTwo.exists_split' depends on axioms: [propext,
 Classical.choice,
 Quot.sound]
info: GroupApproximation/Manuscript/SimpleKazhdanSofic/LeavittK2/FieldTwoRootSpan.lean:149:14: 'GroupApproximation.Manuscript.SimpleKazhdanSofic.LeavittK2.FieldTwo.mem_rootSpan_true' depends on axioms: [propext,
 Classical.choice,
 Quot.sound]
ℹ [4118/4168] Built GroupApproximation.BooneHigman.Metabelian.AbsorptionSuslinEuclidStep (72s)
info: GroupApproximation/BooneHigman/Metabelian/AbsorptionSuslinEuclidStep.lean:57:14: 'GroupApproximation.BooneHigman.Metabelian.Absorption.suslin_exists_clear_step' depends on axioms: [propext,
 Classical.choice,
 Quot.sound]
info: GroupApproximation/BooneHigman/Metabelian/AbsorptionSuslinEuclidStep.lean:96:14: 'GroupApproximation.BooneHigman.Metabelian.Absorption.suslin_exists_cleared_erase' depends on axioms: [propext,
 Classical.choice,
 Quot.sound]
info: GroupApproximation/BooneHigman/Metabelian/AbsorptionSuslinEuclidStep.lean:112:14: 'GroupApproximation.BooneHigman.Metabelian.Absorption.suslin_eq_elementary_mul_diagAt' depends on axioms: [propext,
 Classical.choice,
 Quot.sound]
info: GroupApproximation/BooneHigman/Metabelian/AbsorptionSuslinEuclidStep.lean:128:2: 'GroupApproximation.BooneHigman.Metabelian.Absorption.suslin_det_eq_one_of_mem_elementaryGroup' depends on axioms: [propext,
 Classical.choice,
 Quot.sound]
info: GroupApproximation/BooneHigman/Metabelian/AbsorptionSuslinEuclidStep.lean:136:14: 'GroupApproximation.BooneHigman.Metabelian.Absorption.suslin_det_diagAt' depends on axioms: [propext,
 Classical.choice,
 Quot.sound]
info: GroupApproximation/BooneHigman/Metabelian/AbsorptionSuslinEuclidStep.lean:147:14: 'GroupApproximation.BooneHigman.Metabelian.Absorption.suslin_diagAt_one' depends on axioms: [propext,
 Classical.choice,
 Quot.sound]
info: GroupApproximation/BooneHigman/Metabelian/AbsorptionSuslinEuclidStep.lean:169:2: 'GroupApproximation.BooneHigman.Metabelian.Absorption.specialLinearInElementary_of_hasWellFoundedDivision' depends on axioms: [propext,
 Classical.choice,
 Quot.sound]
ℹ [4119/4168] Replayed GroupApproximation.KOne.AlgebraicKOneFunctor
info: GroupApproximation/KOne/AlgebraicKOneFunctor.lean:224:14: 'GroupApproximation.AlgebraicK.stabMatrix_map' depends on axioms: [propext, Quot.sound]
info: GroupApproximation/KOne/AlgebraicKOneFunctor.lean:225:14: 'GroupApproximation.AlgebraicK.glColimMap' depends on axioms: [propext, Classical.choice, Quot.sound]
info: GroupApproximation/KOne/AlgebraicKOneFunctor.lean:226:14: 'GroupApproximation.AlgebraicK.elementaryColim_map_le' depends on axioms: [propext, Classical.choice, Quot.sound]
info: GroupApproximation/KOne/AlgebraicKOneFunctor.lean:227:14: 'GroupApproximation.AlgebraicK.glColimEquiv' depends on axioms: [propext, Classical.choice, Quot.sound]
info: GroupApproximation/KOne/AlgebraicKOneFunctor.lean:228:14: 'GroupApproximation.AlgebraicK.elementaryColim_map_equiv' depends on axioms: [propext, Classical.choice, Quot.sound]
info: GroupApproximation/KOne/AlgebraicKOneFunctor.lean:229:14: 'GroupApproximation.AlgebraicK.algebraicKOneCongr' depends on axioms: [propext, Classical.choice, Quot.sound]
info: GroupApproximation/KOne/AlgebraicKOneFunctor.lean:230:14: 'GroupApproximation.AlgebraicK.moritaKOne_of_selfSimilar' depends on axioms: [propext, Classical.choice, Quot.sound]
ℹ [4120/4168] Replayed GroupApproximation.KOne.MoritaKOne
info: GroupApproximation/KOne/MoritaKOne.lean:607:14: 'GroupApproximation.AlgebraicK.blockIndex_lt_iff' depends on axioms: [propext]
info: GroupApproximation/KOne/MoritaKOne.lean:608:14: 'GroupApproximation.AlgebraicK.blockFlatten_stabMatrix' depends on axioms: [propext, Classical.choice, Quot.sound]
info: GroupApproximation/KOne/MoritaKOne.lean:609:14: 'GroupApproximation.AlgebraicK.blockFlatUnitEquiv_glStab' depends on axioms: [propext, Classical.choice, Quot.sound]
info: GroupApproximation/KOne/MoritaKOne.lean:610:14: 'GroupApproximation.AlgebraicK.blockFlatUnitEquiv_elementary_map' depends on axioms: [propext,
 Classical.choice,
 Quot.sound]
info: GroupApproximation/KOne/MoritaKOne.lean:611:14: 'GroupApproximation.AlgebraicK.glStab_elementaryGroup_le' depends on axioms: [propext, Classical.choice, Quot.sound]
info: GroupApproximation/KOne/MoritaKOne.lean:612:14: 'GroupApproximation.AlgebraicK.moritaGLEquiv' depends on axioms: [propext, Classical.choice, Quot.sound]
info: GroupApproximation/KOne/MoritaKOne.lean:613:14: 'GroupApproximation.AlgebraicK.moritaGLEquiv_elementaryColim' depends on axioms: [propext, Classical.choice, Quot.sound]
info: GroupApproximation/KOne/MoritaKOne.lean:614:14: 'GroupApproximation.AlgebraicK.moritaKOneEquiv' depends on axioms: [propext, Classical.choice, Quot.sound]
info: GroupApproximation/KOne/MoritaKOne.lean:615:14: 'GroupApproximation.AlgebraicK.morita_algebraicKOne' depends on axioms: [propext, Classical.choice, Quot.sound]
info: GroupApproximation/KOne/MoritaKOne.lean:616:14: 'GroupApproximation.AlgebraicK.moritaKOneEquiv_kappa' depends on axioms: [propext, Classical.choice, Quot.sound]
ℹ [4121/4168] Replayed GroupApproximation.KOne.FieldKOneDeterminant
info: GroupApproximation/KOne/FieldKOneDeterminant.lean:403:14: 'GroupApproximation.AlgebraicK.detUnits_elementaryUnit' depends on axioms: [propext, Classical.choice, Quot.sound]
info: GroupApproximation/KOne/FieldKOneDeterminant.lean:404:14: 'GroupApproximation.AlgebraicK.detUnits_diagAt' depends on axioms: [propext, Classical.choice, Quot.sound]
info: GroupApproximation/KOne/FieldKOneDeterminant.lean:405:14: 'GroupApproximation.AlgebraicK.hasSingleSandwichDivision_of_field' depends on axioms: [propext,
 Classical.choice,
 Quot.sound]
info: GroupApproximation/KOne/FieldKOneDeterminant.lean:406:14: 'GroupApproximation.AlgebraicK.ker_detUnits' depends on axioms: [propext, Classical.choice, Quot.sound]
info: GroupApproximation/KOne/FieldKOneDeterminant.lean:407:14: 'GroupApproximation.AlgebraicK.glStab_diagAt' depends on axioms: [propext, Classical.choice, Quot.sound]
info: GroupApproximation/KOne/FieldKOneDeterminant.lean:408:14: 'GroupApproximation.AlgebraicK.detUnits_glStab' depends on axioms: [propext, Classical.choice, Quot.sound]
info: GroupApproximation/KOne/FieldKOneDeterminant.lean:409:14: 'GroupApproximation.AlgebraicK.ker_detColim' depends on axioms: [propext, Classical.choice, Quot.sound]
info: GroupApproximation/KOne/FieldKOneDeterminant.lean:410:14: 'GroupApproximation.AlgebraicK.fieldKOneEquiv' depends on axioms: [propext, Classical.choice, Quot.sound]
info: GroupApproximation/KOne/FieldKOneDeterminant.lean:411:14: 'GroupApproximation.AlgebraicK.fieldKOneEquiv_kappa' depends on axioms: [propext, Classical.choice, Quot.sound]
info: GroupApproximation/KOne/FieldKOneDeterminant.lean:412:14: 'GroupApproximation.AlgebraicK.field_algebraicKOne' depends on axioms: [propext, Classical.choice, Quot.sound]
info: GroupApproximation/KOne/FieldKOneDeterminant.lean:413:14: 'GroupApproximation.AlgebraicK.algebraicKOneMap' depends on axioms: [propext, Classical.choice, Quot.sound]
info: GroupApproximation/KOne/FieldKOneDeterminant.lean:414:14: 'GroupApproximation.AlgebraicK.detUnits_blockFlat_map_scalar' depends on axioms: [propext, Classical.choice, Quot.sound]
info: GroupApproximation/KOne/FieldKOneDeterminant.lean:415:14: 'GroupApproximation.AlgebraicK.fieldKOneEquiv_scalarMap' depends on axioms: [propext, Classical.choice, Quot.sound]
ℹ [4122/4179] Replayed GroupApproximation.BooneHigman.Metabelian.AbsorptionSuslinTransport
info: GroupApproximation/BooneHigman/Metabelian/AbsorptionSuslinTransport.lean:49:2: 'GroupApproximation.BooneHigman.Metabelian.Absorption.specialLinearInElementary_of_ringEquiv' depends on axioms: [propext,
 Classical.choice,
 Quot.sound]
info: GroupApproximation/BooneHigman/Metabelian/AbsorptionSuslinTransport.lean:56:14: 'GroupApproximation.BooneHigman.Metabelian.Absorption.specialLinearInElementary_congr' depends on axioms: [propext,
 Classical.choice,
 Quot.sound]
info: GroupApproximation/BooneHigman/Metabelian/AbsorptionSuslinTransport.lean:67:2: 'GroupApproximation.BooneHigman.Metabelian.Absorption.specialLinearInElementary_of_subsingleton' depends on axioms: [propext,
 Classical.choice,
 Quot.sound]
info: GroupApproximation/BooneHigman/Metabelian/AbsorptionSuslinTransport.lean:80:2: 'GroupApproximation.BooneHigman.Metabelian.Absorption.specialLinearInElementary_of_field' depends on axioms: [propext,
 Classical.choice,
 Quot.sound]
✖ [4123/4179] Building GroupApproximation.BooneHigman.Metabelian.CoprimarySplitting (58s)
trace: .> LEAN_PATH=/projects/standard/hsiehph/sauer354/nonsofic_existence/.lake/packages/Cli/.lake/build/lib/lean:/projects/standard/hsiehph/sauer354/nonsofic_existence/.lake/packages/batteries/.lake/build/lib/lean:/projects/standard/hsiehph/sauer354/nonsofic_existence/.lake/packages/Qq/.lake/build/lib/lean:/projects/standard/hsiehph/sauer354/nonsofic_existence/.lake/packages/aesop/.lake/build/lib/lean:/projects/standard/hsiehph/sauer354/nonsofic_existence/.lake/packages/proofwidgets/.lake/build/lib/lean:/projects/standard/hsiehph/sauer354/nonsofic_existence/.lake/packages/importGraph/.lake/build/lib/lean:/projects/standard/hsiehph/sauer354/nonsofic_existence/.lake/packages/LeanSearchClient/.lake/build/lib/lean:/projects/standard/hsiehph/sauer354/nonsofic_existence/.lake/packages/plausible/.lake/build/lib/lean:/projects/standard/hsiehph/sauer354/nonsofic_existence/.lake/packages/mathlib/.lake/build/lib/lean:/projects/standard/hsiehph/sauer354/nonsofic_existence/.lake/build/lib/lean /projects/standard/hsiehph/sauer354/.elan/toolchains/leanprover--lean4---v4.32.0/bin/lean -DwarningAsError=true /projects/standard/hsiehph/sauer354/nonsofic_existence/GroupApproximation/BooneHigman/Metabelian/CoprimarySplitting.lean -o /projects/standard/hsiehph/sauer354/nonsofic_existence/.lake/build/lib/lean/GroupApproximation/BooneHigman/Metabelian/CoprimarySplitting.olean -i /projects/standard/hsiehph/sauer354/nonsofic_existence/.lake/build/lib/lean/GroupApproximation/BooneHigman/Metabelian/CoprimarySplitting.ilean -c /projects/standard/hsiehph/sauer354/nonsofic_existence/.lake/build/ir/GroupApproximation/BooneHigman/Metabelian/CoprimarySplitting.c --setup /projects/standard/hsiehph/sauer354/nonsofic_existence/.lake/build/ir/GroupApproximation/BooneHigman/Metabelian/CoprimarySplitting.setup.json --json
error: GroupApproximation/BooneHigman/Metabelian/CoprimarySplitting.lean:37:4: failed to compile definition, consider marking it as 'noncomputable' because it depends on 'MonoidAlgebra.semiring', which is 'noncomputable'
info: GroupApproximation/BooneHigman/Metabelian/CoprimarySplitting.lean:42:14: 'GroupApproximation.BooneHigman.Metabelian.Coprimary.consTop' depends on axioms: [propext, Classical.choice, Quot.sound]
info: GroupApproximation/BooneHigman/Metabelian/CoprimarySplitting.lean:49:14: 'GroupApproximation.BooneHigman.Metabelian.Coprimary.consTop_zero' depends on axioms: [propext,
 Classical.choice,
 Quot.sound]
info: GroupApproximation/BooneHigman/Metabelian/CoprimarySplitting.lean:56:14: 'GroupApproximation.BooneHigman.Metabelian.Coprimary.consTop_succ' depends on axioms: [propext,
 Classical.choice,
 Quot.sound]
info: GroupApproximation/BooneHigman/Metabelian/CoprimarySplitting.lean:65:14: 'GroupApproximation.BooneHigman.Metabelian.Coprimary.isPureCharacteristic_top' depends on axioms: [propext,
 Classical.choice,
 Quot.sound]
info: GroupApproximation/BooneHigman/Metabelian/CoprimarySplitting.lean:82:14: 'GroupApproximation.BooneHigman.Metabelian.Coprimary.exists_pure_of_coprimary' depends on axioms: [propext,
 Classical.choice,
 Quot.sound]
info: GroupApproximation/BooneHigman/Metabelian/CoprimarySplitting.lean:99:14: 'GroupApproximation.BooneHigman.Metabelian.Coprimary.exists_pure_consTop' depends on axioms: [propext,
 Classical.choice,
 Quot.sound]
info: GroupApproximation/BooneHigman/Metabelian/CoprimarySplitting.lean:122:14: 'GroupApproximation.BooneHigman.Metabelian.Coprimary.exists_pureCharacteristic_split' depends on axioms: [propext,
 Classical.choice,
 Quot.sound]
error: Lean exited with code 1
ℹ [4128/4179] Replayed GroupApproximation.Manuscript.SimpleKazhdanSofic.SkRows.SteinbergWeyl.Conjugation
info: GroupApproximation/Manuscript/SimpleKazhdanSofic/SkRows/SteinbergWeyl/Conjugation.lean:121:14: 'GroupApproximation.SimpleKazhdanSofic.SkRows.SteinbergWeyl.w_conj_x_row_i' depends on axioms: [propext,
 Classical.choice,
 Quot.sound]
info: GroupApproximation/Manuscript/SimpleKazhdanSofic/SkRows/SteinbergWeyl/Conjugation.lean:122:14: 'GroupApproximation.SimpleKazhdanSofic.SkRows.SteinbergWeyl.w_conj_x_row_j' depends on axioms: [propext,
 Classical.choice,
 Quot.sound]
info: GroupApproximation/Manuscript/SimpleKazhdanSofic/SkRows/SteinbergWeyl/Conjugation.lean:123:14: 'GroupApproximation.SimpleKazhdanSofic.SkRows.SteinbergWeyl.w_conj_x_col_i' depends on axioms: [propext,
 Classical.choice,
 Quot.sound]
info: GroupApproximation/Manuscript/SimpleKazhdanSofic/SkRows/SteinbergWeyl/Conjugation.lean:124:14: 'GroupApproximation.SimpleKazhdanSofic.SkRows.SteinbergWeyl.w_conj_x_col_j' depends on axioms: [propext,
 Classical.choice,
 Quot.sound]
info: GroupApproximation/Manuscript/SimpleKazhdanSofic/SkRows/SteinbergWeyl/Conjugation.lean:125:14: 'GroupApproximation.SimpleKazhdanSofic.SkRows.SteinbergWeyl.w_conj_x_disjoint' depends on axioms: [propext,
 Classical.choice,
 Quot.sound]
ℹ [4133/4182] Replayed GroupApproximation.BooneHigman.Metabelian.ElemFPFieldK2WeylSelf
info: GroupApproximation/BooneHigman/Metabelian/ElemFPFieldK2WeylSelf.lean:128:14: 'GroupApproximation.BooneHigman.Metabelian.ElemFP.FieldK2.conj_commutator'' depends on axioms: [propext]
info: GroupApproximation/BooneHigman/Metabelian/ElemFPFieldK2WeylSelf.lean:129:14: 'GroupApproximation.BooneHigman.Metabelian.ElemFP.FieldK2.conj_mul_three' depends on axioms: [propext]
info: GroupApproximation/BooneHigman/Metabelian/ElemFPFieldK2WeylSelf.lean:130:14: 'GroupApproximation.BooneHigman.Metabelian.ElemFP.FieldK2.braid_of_conj' depends on axioms: [propext]
info: GroupApproximation/BooneHigman/Metabelian/ElemFPFieldK2WeylSelf.lean:131:14: 'GroupApproximation.BooneHigman.Metabelian.ElemFP.FieldK2.x_eq_commutator' depends on axioms: [propext,
 Classical.choice,
 Quot.sound]
info: GroupApproximation/BooneHigman/Metabelian/ElemFPFieldK2WeylSelf.lean:132:14: 'GroupApproximation.BooneHigman.Metabelian.ElemFP.FieldK2.w_conj_x_self' depends on axioms: [propext,
 Classical.choice,
 Quot.sound]
info: GroupApproximation/BooneHigman/Metabelian/ElemFPFieldK2WeylSelf.lean:133:14: 'GroupApproximation.BooneHigman.Metabelian.ElemFP.FieldK2.w_conj_x_self_symm' depends on axioms: [propext,
 Classical.choice,
 Quot.sound]
info: GroupApproximation/BooneHigman/Metabelian/ElemFPFieldK2WeylSelf.lean:134:14: 'GroupApproximation.BooneHigman.Metabelian.ElemFP.FieldK2.w_eq_alt' depends on axioms: [propext,
 Classical.choice,
 Quot.sound]
info: GroupApproximation/BooneHigman/Metabelian/ElemFPFieldK2WeylSelf.lean:135:14: 'GroupApproximation.BooneHigman.Metabelian.ElemFP.FieldK2.coeff_neg_one_left' depends on axioms: [propext,
 Classical.choice,
 Quot.sound]
info: GroupApproximation/BooneHigman/Metabelian/ElemFPFieldK2WeylSelf.lean:136:14: 'GroupApproximation.BooneHigman.Metabelian.ElemFP.FieldK2.coeff_neg_one_mid' depends on axioms: [propext,
 Classical.choice,
 Quot.sound]
info: GroupApproximation/BooneHigman/Metabelian/ElemFPFieldK2WeylSelf.lean:137:14: 'GroupApproximation.BooneHigman.Metabelian.ElemFP.FieldK2.w_conj_w_neg_one' depends on axioms: [propext,
 Classical.choice,
 Quot.sound]
info: GroupApproximation/BooneHigman/Metabelian/ElemFPFieldK2WeylSelf.lean:138:14: 'GroupApproximation.BooneHigman.Metabelian.ElemFP.FieldK2.h_eq_w_mul_w' depends on axioms: [propext,
 Classical.choice,
 Quot.sound]
ℹ [4136/4183] Replayed GroupApproximation.BooneHigman.Metabelian.ElemFPFieldK2HConj
info: GroupApproximation/BooneHigman/Metabelian/ElemFPFieldK2HConj.lean:87:14: 'GroupApproximation.BooneHigman.Metabelian.ElemFP.FieldK2.h_conj_split' depends on axioms: [propext,
 Classical.choice,
 Quot.sound]
info: GroupApproximation/BooneHigman/Metabelian/ElemFPFieldK2HConj.lean:88:14: 'GroupApproximation.BooneHigman.Metabelian.ElemFP.FieldK2.h_conj_ij' depends on axioms: [propext,
 Classical.choice,
 Quot.sound]
info: GroupApproximation/BooneHigman/Metabelian/ElemFPFieldK2HConj.lean:89:14: 'GroupApproximation.BooneHigman.Metabelian.ElemFP.FieldK2.h_conj_ji' depends on axioms: [propext,
 Classical.choice,
 Quot.sound]
info: GroupApproximation/BooneHigman/Metabelian/ElemFPFieldK2HConj.lean:90:14: 'GroupApproximation.BooneHigman.Metabelian.ElemFP.FieldK2.h_conj_iq' depends on axioms: [propext,
 Classical.choice,
 Quot.sound]
info: GroupApproximation/BooneHigman/Metabelian/ElemFPFieldK2HConj.lean:91:14: 'GroupApproximation.BooneHigman.Metabelian.ElemFP.FieldK2.h_conj_jq' depends on axioms: [propext,
 Classical.choice,
 Quot.sound]
info: GroupApproximation/BooneHigman/Metabelian/ElemFPFieldK2HConj.lean:92:14: 'GroupApproximation.BooneHigman.Metabelian.ElemFP.FieldK2.h_conj_pi' depends on axioms: [propext,
 Classical.choice,
 Quot.sound]
info: GroupApproximation/BooneHigman/Metabelian/ElemFPFieldK2HConj.lean:93:14: 'GroupApproximation.BooneHigman.Metabelian.ElemFP.FieldK2.h_conj_pj' depends on axioms: [propext,
 Classical.choice,
 Quot.sound]
info: GroupApproximation/BooneHigman/Metabelian/ElemFPFieldK2HConj.lean:94:14: 'GroupApproximation.BooneHigman.Metabelian.ElemFP.FieldK2.h_conj_pq' depends on axioms: [propext,
 Classical.choice,
 Quot.sound]
ℹ [4137/4183] Replayed GroupApproximation.BooneHigman.Metabelian.ElemFPCharZeroK2Split
info: GroupApproximation/BooneHigman/Metabelian/ElemFPCharZeroK2Split.lean:83:14: 'GroupApproximation.BooneHigman.Metabelian.ElemFPCharZero.k2_fg_of_base_of_nil' depends on axioms: [propext,
 Classical.choice,
 Quot.sound]
info: GroupApproximation/BooneHigman/Metabelian/ElemFPCharZeroK2Split.lean:95:2: 'GroupApproximation.BooneHigman.Metabelian.ElemFPCharZero.k2_fg_mvPolynomial_of_isEmpty' depends on axioms: [propext,
 Classical.choice,
 Quot.sound]
info: GroupApproximation/BooneHigman/Metabelian/ElemFPCharZeroK2Split.lean:110:14: 'GroupApproximation.BooneHigman.Metabelian.ElemFPCharZero.K2NilFGAt' depends on axioms: [propext,
 Classical.choice,
 Quot.sound]
info: GroupApproximation/BooneHigman/Metabelian/ElemFPCharZeroK2Split.lean:117:14: 'GroupApproximation.BooneHigman.Metabelian.ElemFPCharZero.K2NilPosAt' depends on axioms: [propext,
 Classical.choice,
 Quot.sound]
info: GroupApproximation/BooneHigman/Metabelian/ElemFPCharZeroK2Split.lean:130:14: 'GroupApproximation.BooneHigman.Metabelian.ElemFPCharZero.k2NilFGAt_of_nilPosAt' depends on axioms: [propext,
 Classical.choice,
 Quot.sound]
info: GroupApproximation/BooneHigman/Metabelian/ElemFPCharZeroK2Split.lean:141:2: 'GroupApproximation.BooneHigman.Metabelian.ElemFPCharZero.k2_fg_of_fg_mvPolynomial_fin_zero' depends on axioms: [propext,
 Classical.choice,
 Quot.sound]
info: GroupApproximation/BooneHigman/Metabelian/ElemFPCharZeroK2Split.lean:149:14: 'GroupApproximation.BooneHigman.Metabelian.ElemFPCharZero.CharZeroK2BaseFGStatement' depends on axioms: [propext,
 Classical.choice,
 Quot.sound]
info: GroupApproximation/BooneHigman/Metabelian/ElemFPCharZeroK2Split.lean:156:14: 'GroupApproximation.BooneHigman.Metabelian.ElemFPCharZero.CharZeroK2NilFGPosStatement' depends on axioms: [propext,
 Classical.choice,
 Quot.sound]
info: GroupApproximation/BooneHigman/Metabelian/ElemFPCharZeroK2Split.lean:162:14: 'GroupApproximation.BooneHigman.Metabelian.ElemFPCharZero.CharZeroK2SplitGapStatement' depends on axioms: [propext,
 Classical.choice,
 Quot.sound]
info: GroupApproximation/BooneHigman/Metabelian/ElemFPCharZeroK2Split.lean:175:2: 'GroupApproximation.BooneHigman.Metabelian.ElemFPCharZero.charZeroStableK2FG_of_splitGap' depends on axioms: [propext,
 Classical.choice,
 Quot.sound]
info: GroupApproximation/BooneHigman/Metabelian/ElemFPCharZeroK2Split.lean:184:2: 'GroupApproximation.BooneHigman.Metabelian.ElemFPCharZero.charZeroK2BaseFG_of_stableK2FG' depends on axioms: [propext,
 Classical.choice,
 Quot.sound]
info: GroupApproximation/BooneHigman/Metabelian/ElemFPCharZeroK2Split.lean:193:14: 'GroupApproximation.BooneHigman.Metabelian.ElemFPCharZero.CharZeroK2NilPosStatement' depends on axioms: [propext,
 Classical.choice,
 Quot.sound]
info: GroupApproximation/BooneHigman/Metabelian/ElemFPCharZeroK2Split.lean:200:14: 'GroupApproximation.BooneHigman.Metabelian.ElemFPCharZero.charZeroK2NilFGPos_of_nilPos' depends on axioms: [propext,
 Classical.choice,
 Quot.sound]
ℹ [4138/4183] Replayed GroupApproximation.BooneHigman.Metabelian.ElemFPCharZeroK2BaseTrivial
info: GroupApproximation/BooneHigman/Metabelian/ElemFPCharZeroK2BaseTrivial.lean:43:14: 'GroupApproximation.BooneHigman.Metabelian.ElemFPCharZero.steinbergGroup_subsingleton' depends on axioms: [propext,
 Classical.choice,
 Quot.sound]
info: GroupApproximation/BooneHigman/Metabelian/ElemFPCharZeroK2BaseTrivial.lean:51:14: 'GroupApproximation.BooneHigman.Metabelian.ElemFPCharZero.k2_fg_of_subsingleton' depends on axioms: [propext,
 Classical.choice,
 Quot.sound]
info: GroupApproximation/BooneHigman/Metabelian/ElemFPCharZeroK2BaseTrivial.lean:59:14: 'GroupApproximation.BooneHigman.Metabelian.ElemFPCharZero.k2_fg_of_ringEquiv' depends on axioms: [propext,
 Classical.choice,
 Quot.sound]
info: GroupApproximation/BooneHigman/Metabelian/ElemFPCharZeroK2BaseTrivial.lean:65:14: 'GroupApproximation.BooneHigman.Metabelian.ElemFPCharZero.k2_fg_iff_of_ringEquiv' depends on axioms: [propext,
 Classical.choice,
 Quot.sound]
info: GroupApproximation/BooneHigman/Metabelian/ElemFPCharZeroK2BaseTrivial.lean:81:2: 'GroupApproximation.BooneHigman.Metabelian.ElemFPCharZero.localizationAway_subsingleton_of_eq_zero' depends on axioms: [propext,
 Classical.choice,
 Quot.sound]
info: GroupApproximation/BooneHigman/Metabelian/ElemFPCharZeroK2BaseTrivial.lean:91:2: 'GroupApproximation.BooneHigman.Metabelian.ElemFPCharZero.k2_fg_localizationAway_of_eq_zero' depends on axioms: [propext,
 Classical.choice,
 Quot.sound]
info: GroupApproximation/BooneHigman/Metabelian/ElemFPCharZeroK2BaseTrivial.lean:101:2: 'GroupApproximation.BooneHigman.Metabelian.ElemFPCharZero.k2_fg_localizationAway_iff_of_eq_one' depends on axioms: [propext,
 Classical.choice,
 Quot.sound]
ℹ [4139/4183] Replayed GroupApproximation.BooneHigman.Metabelian.ElemFPFieldK2Central
info: GroupApproximation/BooneHigman/Metabelian/ElemFPFieldK2Central.lean:103:14: 'GroupApproximation.BooneHigman.Metabelian.ElemFP.FieldK2.symbol' depends on axioms: [propext,
 Classical.choice,
 Quot.sound]
info: GroupApproximation/BooneHigman/Metabelian/ElemFPFieldK2Central.lean:104:14: 'GroupApproximation.BooneHigman.Metabelian.ElemFP.FieldK2.conj_symbol_eq' depends on axioms: [propext,
 Classical.choice,
 Quot.sound]
info: GroupApproximation/BooneHigman/Metabelian/ElemFPFieldK2Central.lean:105:14: 'GroupApproximation.BooneHigman.Metabelian.ElemFP.FieldK2.symbol_conj_ij' depends on axioms: [propext,
 Classical.choice,
 Quot.sound]
info: GroupApproximation/BooneHigman/Metabelian/ElemFPFieldK2Central.lean:106:14: 'GroupApproximation.BooneHigman.Metabelian.ElemFP.FieldK2.symbol_conj_ji' depends on axioms: [propext,
 Classical.choice,
 Quot.sound]
info: GroupApproximation/BooneHigman/Metabelian/ElemFPFieldK2Central.lean:107:14: 'GroupApproximation.BooneHigman.Metabelian.ElemFP.FieldK2.symbol_conj_iq' depends on axioms: [propext,
 Classical.choice,
 Quot.sound]
info: GroupApproximation/BooneHigman/Metabelian/ElemFPFieldK2Central.lean:108:14: 'GroupApproximation.BooneHigman.Metabelian.ElemFP.FieldK2.symbol_conj_jq' depends on axioms: [propext,
 Classical.choice,
 Quot.sound]
info: GroupApproximation/BooneHigman/Metabelian/ElemFPFieldK2Central.lean:109:14: 'GroupApproximation.BooneHigman.Metabelian.ElemFP.FieldK2.symbol_conj_pi' depends on axioms: [propext,
 Classical.choice,
 Quot.sound]
info: GroupApproximation/BooneHigman/Metabelian/ElemFPFieldK2Central.lean:110:14: 'GroupApproximation.BooneHigman.Metabelian.ElemFP.FieldK2.symbol_conj_pj' depends on axioms: [propext,
 Classical.choice,
 Quot.sound]
info: GroupApproximation/BooneHigman/Metabelian/ElemFPFieldK2Central.lean:111:14: 'GroupApproximation.BooneHigman.Metabelian.ElemFP.FieldK2.symbol_conj_pq' depends on axioms: [propext,
 Classical.choice,
 Quot.sound]
ℹ [4140/4183] Replayed GroupApproximation.BooneHigman.Metabelian.ElemFPCharZeroK2BaseCentral
info: GroupApproximation/BooneHigman/Metabelian/ElemFPCharZeroK2BaseCentral.lean:39:2: 'GroupApproximation.BooneHigman.Metabelian.ElemFPCharZero.normalClosure_eq_closure_of_subset_center' depends on axioms: [propext,
 Classical.choice,
 Quot.sound]
info: GroupApproximation/BooneHigman/Metabelian/ElemFPCharZeroK2BaseCentral.lean:60:14: 'GroupApproximation.BooneHigman.Metabelian.ElemFPCharZero.k2_fg_of_le_center' depends on axioms: [propext,
 Classical.choice,
 Quot.sound]
ℹ [4141/4183] Built GroupApproximation.BooneHigman.Metabelian.PureCharPrimeEOneProofPiece (65s)
info: GroupApproximation/BooneHigman/Metabelian/PureCharPrimeEOneProofPiece.lean:99:2: 'GroupApproximation.BooneHigman.Metabelian.Coprimary.exists_charP_linearization_of_coprimary' depends on axioms: [propext,
 Classical.choice,
 Quot.sound]
ℹ [4142/4183] Replayed GroupApproximation.BooneHigman.Metabelian.ElemFPFieldK2Commute
info: GroupApproximation/BooneHigman/Metabelian/ElemFPFieldK2Commute.lean:61:14: 'GroupApproximation.BooneHigman.Metabelian.ElemFP.FieldK2.symbol_conj_x' depends on axioms: [propext,
 Classical.choice,
 Quot.sound]
info: GroupApproximation/BooneHigman/Metabelian/ElemFPFieldK2Commute.lean:62:14: 'GroupApproximation.BooneHigman.Metabelian.ElemFP.FieldK2.symbol_commute' depends on axioms: [propext,
 Classical.choice,
 Quot.sound]
ℹ [4143/4183] Built GroupApproximation.BooneHigman.Metabelian.EnvelopeSplit (74s)
info: GroupApproximation/BooneHigman/Metabelian/EnvelopeSplit.lean:41:14: 'GroupApproximation.BooneHigman.Metabelian.Envelope.envelopeV' depends on axioms: [propext,
 Classical.choice,
 Quot.sound]
info: GroupApproximation/BooneHigman/Metabelian/EnvelopeSplit.lean:48:14: 'GroupApproximation.BooneHigman.Metabelian.Envelope.RNFinitelyPresentedStatement' depends on axioms: [propext,
 Classical.choice,
 Quot.sound]
info: GroupApproximation/BooneHigman/Metabelian/EnvelopeSplit.lean:55:14: 'GroupApproximation.BooneHigman.Metabelian.Envelope.RNCommutatorFiniteIndexStatement' depends on axioms: [propext,
 Classical.choice,
 Quot.sound]
info: GroupApproximation/BooneHigman/Metabelian/EnvelopeSplit.lean:62:14: 'GroupApproximation.BooneHigman.Metabelian.Envelope.RNCommutatorSimpleStatement' depends on axioms: [propext,
 Classical.choice,
 Quot.sound]
info: GroupApproximation/BooneHigman/Metabelian/EnvelopeSplit.lean:74:14: 'GroupApproximation.BooneHigman.Metabelian.Envelope.RNWreathEmbedStatement' depends on axioms: [propext,
 Classical.choice,
 Quot.sound]
info: GroupApproximation/BooneHigman/Metabelian/EnvelopeSplit.lean:85:14: 'GroupApproximation.BooneHigman.Metabelian.Envelope.rnEnvelope_of_four' depends on axioms: [propext,
 Classical.choice,
 Quot.sound]
ℹ [4144/4184] Replayed GroupApproximation.BooneHigman.Metabelian.ElemFPFieldK2Bimul
info: GroupApproximation/BooneHigman/Metabelian/ElemFPFieldK2Bimul.lean:126:14: 'GroupApproximation.BooneHigman.Metabelian.ElemFP.FieldK2.conj_mul_two' depends on axioms: [propext]
info: GroupApproximation/BooneHigman/Metabelian/ElemFPFieldK2Bimul.lean:127:14: 'GroupApproximation.BooneHigman.Metabelian.ElemFP.FieldK2.conj_inv'' depends on axioms: [propext]
info: GroupApproximation/BooneHigman/Metabelian/ElemFPFieldK2Bimul.lean:128:14: 'GroupApproximation.BooneHigman.Metabelian.ElemFP.FieldK2.commutator_mul_right'' depends on axioms: [propext]
info: GroupApproximation/BooneHigman/Metabelian/ElemFPFieldK2Bimul.lean:129:14: 'GroupApproximation.BooneHigman.Metabelian.ElemFP.FieldK2.commutator_mul_left'' depends on axioms: [propext]
info: GroupApproximation/BooneHigman/Metabelian/ElemFPFieldK2Bimul.lean:130:14: 'GroupApproximation.BooneHigman.Metabelian.ElemFP.FieldK2.commutator_central_mul_right' depends on axioms: [propext]
info: GroupApproximation/BooneHigman/Metabelian/ElemFPFieldK2Bimul.lean:131:14: 'GroupApproximation.BooneHigman.Metabelian.ElemFP.FieldK2.commutator_central_mul_left' depends on axioms: [propext]
info: GroupApproximation/BooneHigman/Metabelian/ElemFPFieldK2Bimul.lean:132:14: 'GroupApproximation.BooneHigman.Metabelian.ElemFP.FieldK2.h_conj_w' depends on axioms: [propext,
 Classical.choice,
 Quot.sound]
info: GroupApproximation/BooneHigman/Metabelian/ElemFPFieldK2Bimul.lean:133:14: 'GroupApproximation.BooneHigman.Metabelian.ElemFP.FieldK2.commutator_h_h' depends on axioms: [propext,
 Classical.choice,
 Quot.sound]
info: GroupApproximation/BooneHigman/Metabelian/ElemFPFieldK2Bimul.lean:134:14: 'GroupApproximation.BooneHigman.Metabelian.ElemFP.FieldK2.symbol_mul_right' depends on axioms: [propext,
 Classical.choice,
 Quot.sound]
info: GroupApproximation/BooneHigman/Metabelian/ElemFPFieldK2Bimul.lean:135:14: 'GroupApproximation.BooneHigman.Metabelian.ElemFP.FieldK2.symbol_mul_left' depends on axioms: [propext,
 Classical.choice,
 Quot.sound]
info: GroupApproximation/BooneHigman/Metabelian/ElemFPFieldK2Bimul.lean:136:14: 'GroupApproximation.BooneHigman.Metabelian.ElemFP.FieldK2.symbol_swap_index' depends on axioms: [propext,
 Classical.choice,
 Quot.sound]
✖ [4145/4184] Building GroupApproximation.Manuscript.SimpleKazhdanSofic.LeavittK2.RowColumn.VecProd (44s)
trace: .> LEAN_PATH=/projects/standard/hsiehph/sauer354/nonsofic_existence/.lake/packages/Cli/.lake/build/lib/lean:/projects/standard/hsiehph/sauer354/nonsofic_existence/.lake/packages/batteries/.lake/build/lib/lean:/projects/standard/hsiehph/sauer354/nonsofic_existence/.lake/packages/Qq/.lake/build/lib/lean:/projects/standard/hsiehph/sauer354/nonsofic_existence/.lake/packages/aesop/.lake/build/lib/lean:/projects/standard/hsiehph/sauer354/nonsofic_existence/.lake/packages/proofwidgets/.lake/build/lib/lean:/projects/standard/hsiehph/sauer354/nonsofic_existence/.lake/packages/importGraph/.lake/build/lib/lean:/projects/standard/hsiehph/sauer354/nonsofic_existence/.lake/packages/LeanSearchClient/.lake/build/lib/lean:/projects/standard/hsiehph/sauer354/nonsofic_existence/.lake/packages/plausible/.lake/build/lib/lean:/projects/standard/hsiehph/sauer354/nonsofic_existence/.lake/packages/mathlib/.lake/build/lib/lean:/projects/standard/hsiehph/sauer354/nonsofic_existence/.lake/build/lib/lean /projects/standard/hsiehph/sauer354/.elan/toolchains/leanprover--lean4---v4.32.0/bin/lean -DwarningAsError=true /projects/standard/hsiehph/sauer354/nonsofic_existence/GroupApproximation/Manuscript/SimpleKazhdanSofic/LeavittK2/RowColumn/VecProd.lean -o /projects/standard/hsiehph/sauer354/nonsofic_existence/.lake/build/lib/lean/GroupApproximation/Manuscript/SimpleKazhdanSofic/LeavittK2/RowColumn/VecProd.olean -i /projects/standard/hsiehph/sauer354/nonsofic_existence/.lake/build/lib/lean/GroupApproximation/Manuscript/SimpleKazhdanSofic/LeavittK2/RowColumn/VecProd.ilean -c /projects/standard/hsiehph/sauer354/nonsofic_existence/.lake/build/ir/GroupApproximation/Manuscript/SimpleKazhdanSofic/LeavittK2/RowColumn/VecProd.c --setup /projects/standard/hsiehph/sauer354/nonsofic_existence/.lake/build/ir/GroupApproximation/Manuscript/SimpleKazhdanSofic/LeavittK2/RowColumn/VecProd.setup.json --json
info: GroupApproximation/Manuscript/SimpleKazhdanSofic/LeavittK2/RowColumn/VecProd.lean:33:14: 'GroupApproximation.Manuscript.SimpleKazhdanSofic.LeavittK2.RowColumn.rootVecProd' depends on axioms: [propext,
 Classical.choice,
 Quot.sound]
error: GroupApproximation/Manuscript/SimpleKazhdanSofic/LeavittK2/RowColumn/VecProd.lean:35:0: automatically included section variable(s) unused in theorem `GroupApproximation.Manuscript.SimpleKazhdanSofic.LeavittK2.RowColumn.rootVecProd_add`:
  [DecidableEq ι]
consider restructuring your `variable` declarations so that the variables are not in scope or explicitly omit them:
  omit [DecidableEq ι] in theorem ...

Note: This linter can be disabled with `set_option linter.unusedSectionVars false`
info: GroupApproximation/Manuscript/SimpleKazhdanSofic/LeavittK2/RowColumn/VecProd.lean:46:14: 'GroupApproximation.Manuscript.SimpleKazhdanSofic.LeavittK2.RowColumn.rootVecProd_add' depends on axioms: [propext,
 Classical.choice,
 Quot.sound]
info: GroupApproximation/Manuscript/SimpleKazhdanSofic/LeavittK2/RowColumn/VecProd.lean:58:14: 'GroupApproximation.Manuscript.SimpleKazhdanSofic.LeavittK2.RowColumn.rootVecProd_update_zero' depends on axioms: [propext,
 Classical.choice,
 Quot.sound]
error: GroupApproximation/Manuscript/SimpleKazhdanSofic/LeavittK2/RowColumn/VecProd.lean:60:0: automatically included section variable(s) unused in theorem `GroupApproximation.Manuscript.SimpleKazhdanSofic.LeavittK2.RowColumn.rootVecProd_commute`:
  [DecidableEq ι]
  [AddMonoid A]
consider restructuring your `variable` declarations so that the variables are not in scope or explicitly omit them:
  omit [DecidableEq ι] [AddMonoid A] in theorem ...

Note: This linter can be disabled with `set_option linter.unusedSectionVars false`
info: GroupApproximation/Manuscript/SimpleKazhdanSofic/LeavittK2/RowColumn/VecProd.lean:64:14: 'GroupApproximation.Manuscript.SimpleKazhdanSofic.LeavittK2.RowColumn.rootVecProd_commute' depends on axioms: [propext,
 Classical.choice,
 Quot.sound]
info: GroupApproximation/Manuscript/SimpleKazhdanSofic/LeavittK2/RowColumn/VecProd.lean:82:14: 'GroupApproximation.Manuscript.SimpleKazhdanSofic.LeavittK2.RowColumn.rootVecProd_split' depends on axioms: [propext,
 Classical.choice,
 Quot.sound]
info: GroupApproximation/Manuscript/SimpleKazhdanSofic/LeavittK2/RowColumn/VecProd.lean:95:14: 'GroupApproximation.Manuscript.SimpleKazhdanSofic.LeavittK2.RowColumn.conj_split' depends on axioms: [propext]
info: GroupApproximation/Manuscript/SimpleKazhdanSofic/LeavittK2/RowColumn/VecProd.lean:105:14: 'GroupApproximation.Manuscript.SimpleKazhdanSofic.LeavittK2.RowColumn.one_add_single_mulVec' depends on axioms: [propext,
 Classical.choice,
 Quot.sound]
info: GroupApproximation/Manuscript/SimpleKazhdanSofic/LeavittK2/RowColumn/VecProd.lean:121:14: 'GroupApproximation.Manuscript.SimpleKazhdanSofic.LeavittK2.RowColumn.vecMul_single_eq' depends on axioms: [propext,
 Classical.choice,
 Quot.sound]
info: GroupApproximation/Manuscript/SimpleKazhdanSofic/LeavittK2/RowColumn/VecProd.lean:127:14: 'GroupApproximation.Manuscript.SimpleKazhdanSofic.LeavittK2.RowColumn.vecMul_one_add_single' depends on axioms: [propext,
 Classical.choice,
 Quot.sound]
error: Lean exited with code 1
✖ [4146/4189] Building GroupApproximation.Manuscript.SimpleKazhdanSofic.LeavittK2.FieldTwoAction (52s)
trace: .> LEAN_PATH=/projects/standard/hsiehph/sauer354/nonsofic_existence/.lake/packages/Cli/.lake/build/lib/lean:/projects/standard/hsiehph/sauer354/nonsofic_existence/.lake/packages/batteries/.lake/build/lib/lean:/projects/standard/hsiehph/sauer354/nonsofic_existence/.lake/packages/Qq/.lake/build/lib/lean:/projects/standard/hsiehph/sauer354/nonsofic_existence/.lake/packages/aesop/.lake/build/lib/lean:/projects/standard/hsiehph/sauer354/nonsofic_existence/.lake/packages/proofwidgets/.lake/build/lib/lean:/projects/standard/hsiehph/sauer354/nonsofic_existence/.lake/packages/importGraph/.lake/build/lib/lean:/projects/standard/hsiehph/sauer354/nonsofic_existence/.lake/packages/LeanSearchClient/.lake/build/lib/lean:/projects/standard/hsiehph/sauer354/nonsofic_existence/.lake/packages/plausible/.lake/build/lib/lean:/projects/standard/hsiehph/sauer354/nonsofic_existence/.lake/packages/mathlib/.lake/build/lib/lean:/projects/standard/hsiehph/sauer354/nonsofic_existence/.lake/build/lib/lean /projects/standard/hsiehph/sauer354/.elan/toolchains/leanprover--lean4---v4.32.0/bin/lean -DwarningAsError=true /projects/standard/hsiehph/sauer354/nonsofic_existence/GroupApproximation/Manuscript/SimpleKazhdanSofic/LeavittK2/FieldTwoAction.lean -o /projects/standard/hsiehph/sauer354/nonsofic_existence/.lake/build/lib/lean/GroupApproximation/Manuscript/SimpleKazhdanSofic/LeavittK2/FieldTwoAction.olean -i /projects/standard/hsiehph/sauer354/nonsofic_existence/.lake/build/lib/lean/GroupApproximation/Manuscript/SimpleKazhdanSofic/LeavittK2/FieldTwoAction.ilean -c /projects/standard/hsiehph/sauer354/nonsofic_existence/.lake/build/ir/GroupApproximation/Manuscript/SimpleKazhdanSofic/LeavittK2/FieldTwoAction.c --setup /projects/standard/hsiehph/sauer354/nonsofic_existence/.lake/build/ir/GroupApproximation/Manuscript/SimpleKazhdanSofic/LeavittK2/FieldTwoAction.setup.json --json
info: GroupApproximation/Manuscript/SimpleKazhdanSofic/LeavittK2/FieldTwoAction.lean:26:14: 'GroupApproximation.Manuscript.SimpleKazhdanSofic.LeavittK2.FieldTwo.act' depends on axioms: [propext,
 Classical.choice,
 Quot.sound]
info: GroupApproximation/Manuscript/SimpleKazhdanSofic/LeavittK2/FieldTwoAction.lean:32:14: 'GroupApproximation.Manuscript.SimpleKazhdanSofic.LeavittK2.FieldTwo.act_mul' depends on axioms: [propext,
 Classical.choice,
 Quot.sound]
info: GroupApproximation/Manuscript/SimpleKazhdanSofic/LeavittK2/FieldTwoAction.lean:37:14: 'GroupApproximation.Manuscript.SimpleKazhdanSofic.LeavittK2.FieldTwo.act_one' depends on axioms: [propext,
 Classical.choice,
 Quot.sound]
info: GroupApproximation/Manuscript/SimpleKazhdanSofic/LeavittK2/FieldTwoAction.lean:43:14: 'GroupApproximation.Manuscript.SimpleKazhdanSofic.LeavittK2.FieldTwo.act_of_projection_eq_one' depends on axioms: [propext,
 Classical.choice,
 Quot.sound]
info: GroupApproximation/Manuscript/SimpleKazhdanSofic/LeavittK2/FieldTwoAction.lean:52:14: 'GroupApproximation.Manuscript.SimpleKazhdanSofic.LeavittK2.FieldTwo.act_x_apply' depends on axioms: [propext,
 Classical.choice,
 Quot.sound]
info: GroupApproximation/Manuscript/SimpleKazhdanSofic/LeavittK2/FieldTwoAction.lean:57:14: 'GroupApproximation.Manuscript.SimpleKazhdanSofic.LeavittK2.FieldTwo.unitVec' depends on axioms: []
error: GroupApproximation/Manuscript/SimpleKazhdanSofic/LeavittK2/FieldTwoAction.lean:59:0: automatically included section variable(s) unused in theorem `GroupApproximation.Manuscript.SimpleKazhdanSofic.LeavittK2.FieldTwo.unitVec_apply`:
  [Fintype I]
consider restructuring your `variable` declarations so that the variables are not in scope or explicitly omit them:
  omit [Fintype I] in theorem ...

Note: This linter can be disabled with `set_option linter.unusedSectionVars false`
info: GroupApproximation/Manuscript/SimpleKazhdanSofic/LeavittK2/FieldTwoAction.lean:61:14: 'GroupApproximation.Manuscript.SimpleKazhdanSofic.LeavittK2.FieldTwo.unitVec_apply' depends on axioms: [propext,
 Quot.sound]
info: GroupApproximation/Manuscript/SimpleKazhdanSofic/LeavittK2/FieldTwoAction.lean:76:14: 'GroupApproximation.Manuscript.SimpleKazhdanSofic.LeavittK2.FieldTwo.act_apply_of_rootSpan' depends on axioms: [propext,
 Classical.choice,
 Quot.sound]
info: GroupApproximation/Manuscript/SimpleKazhdanSofic/LeavittK2/FieldTwoAction.lean:91:14: 'GroupApproximation.Manuscript.SimpleKazhdanSofic.LeavittK2.FieldTwo.act_eq_self_of_rootSpan' depends on axioms: [propext,
 Classical.choice,
 Quot.sound]
error: Lean exited with code 1
ℹ [4148/4189] Replayed GroupApproximation.BooneHigman.Metabelian.ElemFPFieldK2Index
info: GroupApproximation/BooneHigman/Metabelian/ElemFPFieldK2Index.lean:67:14: 'GroupApproximation.BooneHigman.Metabelian.ElemFP.FieldK2.weyl_conj_w' depends on axioms: [propext,
 Classical.choice,
 Quot.sound]
info: GroupApproximation/BooneHigman/Metabelian/ElemFPFieldK2Index.lean:68:14: 'GroupApproximation.BooneHigman.Metabelian.ElemFP.FieldK2.weyl_conj_h' depends on axioms: [propext,
 Classical.choice,
 Quot.sound]
info: GroupApproximation/BooneHigman/Metabelian/ElemFPFieldK2Index.lean:69:14: 'GroupApproximation.BooneHigman.Metabelian.ElemFP.FieldK2.symbol_index' depends on axioms: [propext,
 Classical.choice,
 Quot.sound]
info: GroupApproximation/BooneHigman/Metabelian/ElemFPFieldK2Index.lean:70:14: 'GroupApproximation.BooneHigman.Metabelian.ElemFP.FieldK2.symbol_antisymm' depends on axioms: [propext,
 Classical.choice,
 Quot.sound]
✖ [4151/4189] Building GroupApproximation.Manuscript.SimpleKazhdanSofic.SkRows.SteinbergWeyl.Diagonal (52s)
trace: .> LEAN_PATH=/projects/standard/hsiehph/sauer354/nonsofic_existence/.lake/packages/Cli/.lake/build/lib/lean:/projects/standard/hsiehph/sauer354/nonsofic_existence/.lake/packages/batteries/.lake/build/lib/lean:/projects/standard/hsiehph/sauer354/nonsofic_existence/.lake/packages/Qq/.lake/build/lib/lean:/projects/standard/hsiehph/sauer354/nonsofic_existence/.lake/packages/aesop/.lake/build/lib/lean:/projects/standard/hsiehph/sauer354/nonsofic_existence/.lake/packages/proofwidgets/.lake/build/lib/lean:/projects/standard/hsiehph/sauer354/nonsofic_existence/.lake/packages/importGraph/.lake/build/lib/lean:/projects/standard/hsiehph/sauer354/nonsofic_existence/.lake/packages/LeanSearchClient/.lake/build/lib/lean:/projects/standard/hsiehph/sauer354/nonsofic_existence/.lake/packages/plausible/.lake/build/lib/lean:/projects/standard/hsiehph/sauer354/nonsofic_existence/.lake/packages/mathlib/.lake/build/lib/lean:/projects/standard/hsiehph/sauer354/nonsofic_existence/.lake/build/lib/lean /projects/standard/hsiehph/sauer354/.elan/toolchains/leanprover--lean4---v4.32.0/bin/lean -DwarningAsError=true /projects/standard/hsiehph/sauer354/nonsofic_existence/GroupApproximation/Manuscript/SimpleKazhdanSofic/SkRows/SteinbergWeyl/Diagonal.lean -o /projects/standard/hsiehph/sauer354/nonsofic_existence/.lake/build/lib/lean/GroupApproximation/Manuscript/SimpleKazhdanSofic/SkRows/SteinbergWeyl/Diagonal.olean -i /projects/standard/hsiehph/sauer354/nonsofic_existence/.lake/build/lib/lean/GroupApproximation/Manuscript/SimpleKazhdanSofic/SkRows/SteinbergWeyl/Diagonal.ilean -c /projects/standard/hsiehph/sauer354/nonsofic_existence/.lake/build/ir/GroupApproximation/Manuscript/SimpleKazhdanSofic/SkRows/SteinbergWeyl/Diagonal.c --setup /projects/standard/hsiehph/sauer354/nonsofic_existence/.lake/build/ir/GroupApproximation/Manuscript/SimpleKazhdanSofic/SkRows/SteinbergWeyl/Diagonal.setup.json --json
error: GroupApproximation/Manuscript/SimpleKazhdanSofic/SkRows/SteinbergWeyl/Diagonal.lean:90:16: Tactic `simp` failed with a nested error:
maximum recursion depth has been reached
use `set_option maxRecDepth <num>` to increase limit
use `set_option diagnostics true` to get diagnostic information
info: GroupApproximation/Manuscript/SimpleKazhdanSofic/SkRows/SteinbergWeyl/Diagonal.lean:102:14: 'GroupApproximation.SimpleKazhdanSofic.SkRows.SteinbergWeyl.h_projection_val' depends on axioms: [propext,
 Classical.choice,
 Quot.sound]
error: GroupApproximation/Manuscript/SimpleKazhdanSofic/SkRows/SteinbergWeyl/Diagonal.lean:103:14: 'GroupApproximation.SimpleKazhdanSofic.SkRows.SteinbergWeyl.diagonal_weyl_eq' depends on axioms outside the classical allowlist: [sorryAx]
  full closure: [propext, sorryAx, Quot.sound]
  permitted: [propext, Classical.choice, Quot.sound]
error: GroupApproximation/Manuscript/SimpleKazhdanSofic/SkRows/SteinbergWeyl/Diagonal.lean:104:14: 'GroupApproximation.SimpleKazhdanSofic.SkRows.SteinbergWeyl.manuscriptSentence_projectionDiagonalElement' depends on axioms outside the classical allowlist: [sorryAx]
  full closure: [propext, sorryAx, Classical.choice, Quot.sound]
  permitted: [propext, Classical.choice, Quot.sound]
error: Lean exited with code 1
ℹ [4152/4189] Built GroupApproximation.BooneHigman.Metabelian.ElemFPK2CubeNilLocal (58s)
info: GroupApproximation/BooneHigman/Metabelian/ElemFPK2CubeNilLocal.lean:99:2: 'GroupApproximation.BooneHigman.Metabelian.ElemFP.evalZero_finSuccEquiv_comp_cubeKill_zero' depends on axioms: [propext,
 Classical.choice,
 Quot.sound]
info: GroupApproximation/BooneHigman/Metabelian/ElemFPK2CubeNilLocal.lean:114:14: 'GroupApproximation.BooneHigman.Metabelian.ElemFP.PolyK2CubeNilLocalStatement' depends on axioms: [propext,
 Classical.choice,
 Quot.sound]
info: GroupApproximation/BooneHigman/Metabelian/ElemFPK2CubeNilLocal.lean:131:14: 'GroupApproximation.BooneHigman.Metabelian.ElemFP.polyK2CubeNil_of_cubeLocal' depends on axioms: [propext,
 Classical.choice,
 Quot.sound]
info: GroupApproximation/BooneHigman/Metabelian/ElemFPK2CubeNilLocal.lean:142:14: 'GroupApproximation.BooneHigman.Metabelian.ElemFP.polyK2CubeNilLocal_of_cubeNil' depends on axioms: [propext,
 Classical.choice,
 Quot.sound]
info: GroupApproximation/BooneHigman/Metabelian/ElemFPK2CubeNilLocal.lean:148:14: 'GroupApproximation.BooneHigman.Metabelian.ElemFP.polyK2NilPos_of_cubeLocal' depends on axioms: [propext,
 Classical.choice,
 Quot.sound]
info: GroupApproximation/BooneHigman/Metabelian/ElemFPK2CubeNilLocal.lean:155:14: 'GroupApproximation.BooneHigman.Metabelian.ElemFP.polyK2OneVarNil_of_cubeLocal' depends on axioms: [propext,
 Classical.choice,
 Quot.sound]
ℹ [4158/4191] Replayed GroupApproximation.BooneHigman.Metabelian.ElemFPFieldK2SteinbergRel
info: GroupApproximation/BooneHigman/Metabelian/ElemFPFieldK2SteinbergRel.lean:154:14: 'GroupApproximation.BooneHigman.Metabelian.ElemFP.FieldK2.conj_back' depends on axioms: [propext]
info: GroupApproximation/BooneHigman/Metabelian/ElemFPFieldK2SteinbergRel.lean:155:14: 'GroupApproximation.BooneHigman.Metabelian.ElemFP.FieldK2.regroup_eight' depends on axioms: [propext]
info: GroupApproximation/BooneHigman/Metabelian/ElemFPFieldK2SteinbergRel.lean:156:14: 'GroupApproximation.BooneHigman.Metabelian.ElemFP.FieldK2.mul_three_mid' depends on axioms: [propext]
info: GroupApproximation/BooneHigman/Metabelian/ElemFPFieldK2SteinbergRel.lean:157:14: 'GroupApproximation.BooneHigman.Metabelian.ElemFP.FieldK2.rel_y_split' depends on axioms: [propext,
 Classical.choice,
 Quot.sound]
info: GroupApproximation/BooneHigman/Metabelian/ElemFPFieldK2SteinbergRel.lean:158:14: 'GroupApproximation.BooneHigman.Metabelian.ElemFP.FieldK2.rel_y_of_w' depends on axioms: [propext,
 Classical.choice,
 Quot.sound]
info: GroupApproximation/BooneHigman/Metabelian/ElemFPFieldK2SteinbergRel.lean:159:14: 'GroupApproximation.BooneHigman.Metabelian.ElemFP.FieldK2.rel_x_neg_one' depends on axioms: [propext,
 Classical.choice,
 Quot.sound]
info: GroupApproximation/BooneHigman/Metabelian/ElemFPFieldK2SteinbergRel.lean:160:14: 'GroupApproximation.BooneHigman.Metabelian.ElemFP.FieldK2.rel_x_left' depends on axioms: [propext,
 Classical.choice,
 Quot.sound]
info: GroupApproximation/BooneHigman/Metabelian/ElemFPFieldK2SteinbergRel.lean:161:14: 'GroupApproximation.BooneHigman.Metabelian.ElemFP.FieldK2.rel_x_right' depends on axioms: [propext,
 Classical.choice,
 Quot.sound]
info: GroupApproximation/BooneHigman/Metabelian/ElemFPFieldK2SteinbergRel.lean:162:14: 'GroupApproximation.BooneHigman.Metabelian.ElemFP.FieldK2.rel_w_left' depends on axioms: [propext,
 Classical.choice,
 Quot.sound]
info: GroupApproximation/BooneHigman/Metabelian/ElemFPFieldK2SteinbergRel.lean:163:14: 'GroupApproximation.BooneHigman.Metabelian.ElemFP.FieldK2.rel_w_right' depends on axioms: [propext,
 Classical.choice,
 Quot.sound]
info: GroupApproximation/BooneHigman/Metabelian/ElemFPFieldK2SteinbergRel.lean:164:14: 'GroupApproximation.BooneHigman.Metabelian.ElemFP.FieldK2.rel_w_neg_one' depends on axioms: [propext,
 Classical.choice,
 Quot.sound]
info: GroupApproximation/BooneHigman/Metabelian/ElemFPFieldK2SteinbergRel.lean:165:14: 'GroupApproximation.BooneHigman.Metabelian.ElemFP.FieldK2.w_mul_of_add_eq_one' depends on axioms: [propext,
 Classical.choice,
 Quot.sound]
info: GroupApproximation/BooneHigman/Metabelian/ElemFPFieldK2SteinbergRel.lean:166:14: 'GroupApproximation.BooneHigman.Metabelian.ElemFP.FieldK2.h_mul_of_add_eq_one' depends on axioms: [propext,
 Classical.choice,
 Quot.sound]
info: GroupApproximation/BooneHigman/Metabelian/ElemFPFieldK2SteinbergRel.lean:167:14: 'GroupApproximation.BooneHigman.Metabelian.ElemFP.FieldK2.symbol_eq_one_of_add_eq_one' depends on axioms: [propext,
 Classical.choice,
 Quot.sound]
ℹ [4160/4192] Replayed GroupApproximation.BooneHigman.Metabelian.ElemFPFieldK2Finite
info: GroupApproximation/BooneHigman/Metabelian/ElemFPFieldK2Finite.lean:118:14: 'GroupApproximation.BooneHigman.Metabelian.ElemFP.FieldK2.pow_odd_of_mul_self_eq_one' depends on axioms: [propext]
info: GroupApproximation/BooneHigman/Metabelian/ElemFPFieldK2Finite.lean:119:14: 'GroupApproximation.BooneHigman.Metabelian.ElemFP.FieldK2.odd_exp_of_not_isSquare' depends on axioms: [propext,
 Classical.choice,
 Quot.sound]
info: GroupApproximation/BooneHigman/Metabelian/ElemFPFieldK2Finite.lean:120:14: 'GroupApproximation.BooneHigman.Metabelian.ElemFP.FieldK2.exists_nonsquare_pair' depends on axioms: [propext,
 Classical.choice,
 Quot.sound]
info: GroupApproximation/BooneHigman/Metabelian/ElemFPFieldK2Finite.lean:121:14: 'GroupApproximation.BooneHigman.Metabelian.ElemFP.FieldK2.eq_one_of_bimul_steinberg' depends on axioms: [propext,
 Classical.choice,
 Quot.sound]
info: GroupApproximation/BooneHigman/Metabelian/ElemFPFieldK2Finite.lean:122:14: 'GroupApproximation.BooneHigman.Metabelian.ElemFP.FieldK2.symbol_eq_one_zmod' depends on axioms: [propext,
 Classical.choice,
 Quot.sound]
ℹ [4162/4192] Replayed GroupApproximation.BooneHigman.Metabelian.ElemFPCharZeroK2NilGeneric
info: GroupApproximation/BooneHigman/Metabelian/ElemFPCharZeroK2NilGeneric.lean:52:14: 'GroupApproximation.BooneHigman.Metabelian.ElemFP.PolyK2OneVarNilStatementOver' depends on axioms: [propext,
 Classical.choice,
 Quot.sound]
info: GroupApproximation/BooneHigman/Metabelian/ElemFPCharZeroK2NilGeneric.lean:63:14: 'GroupApproximation.BooneHigman.Metabelian.ElemFP.PolyK2NilStatementOver' depends on axioms: [propext,
 Classical.choice,
 Quot.sound]
info: GroupApproximation/BooneHigman/Metabelian/ElemFPCharZeroK2NilGeneric.lean:72:14: 'GroupApproximation.BooneHigman.Metabelian.ElemFP.PolyK2StabRangeDiagStatementOver' depends on axioms: [propext,
 Classical.choice,
 Quot.sound]
info: GroupApproximation/BooneHigman/Metabelian/ElemFPCharZeroK2NilGeneric.lean:81:14: 'GroupApproximation.BooneHigman.Metabelian.ElemFP.PolyK2NilStabilityStatementOver' depends on axioms: [propext,
 Classical.choice,
 Quot.sound]
info: GroupApproximation/BooneHigman/Metabelian/ElemFPCharZeroK2NilGeneric.lean:88:14: 'GroupApproximation.BooneHigman.Metabelian.ElemFP.PolyK2NilGapStatementOver' depends on axioms: [propext,
 Classical.choice,
 Quot.sound]
info: GroupApproximation/BooneHigman/Metabelian/ElemFPCharZeroK2NilGeneric.lean:97:14: 'GroupApproximation.BooneHigman.Metabelian.ElemFP.PolyK2NilPosStatementOver' depends on axioms: [propext,
 Classical.choice,
 Quot.sound]
info: GroupApproximation/BooneHigman/Metabelian/ElemFPCharZeroK2NilGeneric.lean:119:14: 'GroupApproximation.BooneHigman.Metabelian.ElemFP.polyK2NilOver_of_oneVar' depends on axioms: [propext,
 Classical.choice,
 Quot.sound]
info: GroupApproximation/BooneHigman/Metabelian/ElemFPCharZeroK2NilGeneric.lean:137:14: 'GroupApproximation.BooneHigman.Metabelian.ElemFP.polyK2NilStabilityOver_of_diag' depends on axioms: [propext,
 Classical.choice,
 Quot.sound]
ℹ [4163/4195] Replayed GroupApproximation.BooneHigman.Metabelian.ElemFPFieldK2Statement
info: GroupApproximation/BooneHigman/Metabelian/ElemFPFieldK2Statement.lean:70:14: 'GroupApproximation.BooneHigman.Metabelian.ElemFP.FieldK2.SymbolGenerationStatement' depends on axioms: [propext,
 Classical.choice,
 Quot.sound]
info: GroupApproximation/BooneHigman/Metabelian/ElemFPFieldK2Statement.lean:71:14: 'GroupApproximation.BooneHigman.Metabelian.ElemFP.FieldK2.exists_third_index' depends on axioms: [propext,
 Classical.choice,
 Quot.sound]
info: GroupApproximation/BooneHigman/Metabelian/ElemFPFieldK2Statement.lean:72:14: 'GroupApproximation.BooneHigman.Metabelian.ElemFP.FieldK2.fieldK2_bot_of_symbolGen' depends on axioms: [propext,
 Classical.choice,
 Quot.sound]
info: GroupApproximation/BooneHigman/Metabelian/ElemFPFieldK2Statement.lean:73:14: 'GroupApproximation.BooneHigman.Metabelian.ElemFP.FieldK2.fieldK2Vanishing_of_symbolGen' depends on axioms: [propext,
 Classical.choice,
 Quot.sound]
ℹ [4165/4195] Replayed GroupApproximation.BooneHigman.Metabelian.ElemFPZInvK2Cube
info: GroupApproximation/BooneHigman/Metabelian/ElemFPZInvK2Cube.lean:49:14: 'GroupApproximation.BooneHigman.Metabelian.ElemFPCharZero.PolyK2CubeNilStatementOver' depends on axioms: [propext,
 Classical.choice,
 Quot.sound]
info: GroupApproximation/BooneHigman/Metabelian/ElemFPZInvK2Cube.lean:61:14: 'GroupApproximation.BooneHigman.Metabelian.ElemFPCharZero.polyK2NilOver_of_cubeNil' depends on axioms: [propext,
 Classical.choice,
 Quot.sound]
info: GroupApproximation/BooneHigman/Metabelian/ElemFPZInvK2Cube.lean:79:14: 'GroupApproximation.BooneHigman.Metabelian.ElemFPCharZero.polyK2OneVarNilOver_of_nil' depends on axioms: [propext,
 Classical.choice,
 Quot.sound]
info: GroupApproximation/BooneHigman/Metabelian/ElemFPZInvK2Cube.lean:87:2: 'GroupApproximation.BooneHigman.Metabelian.ElemFPCharZero.polyK2OneVarNilOver_of_cubeNil' depends on axioms: [propext,
 Classical.choice,
 Quot.sound]
info: GroupApproximation/BooneHigman/Metabelian/ElemFPZInvK2Cube.lean:97:14: 'GroupApproximation.BooneHigman.Metabelian.ElemFPCharZero.polyK2CubeNilOver_of_nil' depends on axioms: [propext,
 Classical.choice,
 Quot.sound]
info: GroupApproximation/BooneHigman/Metabelian/ElemFPZInvK2Cube.lean:104:14: 'GroupApproximation.BooneHigman.Metabelian.ElemFPCharZero.polyK2CubeNilOver_of_oneVar' depends on axioms: [propext,
 Classical.choice,
 Quot.sound]
ℹ [4166/4195] Replayed GroupApproximation.BooneHigman.Metabelian.ElemFPZInvK2Trivial
info: GroupApproximation/BooneHigman/Metabelian/ElemFPZInvK2Trivial.lean:34:14: 'GroupApproximation.BooneHigman.Metabelian.ElemFPCharZero.k2_eq_one_of_subsingleton' depends on axioms: [propext,
 Classical.choice,
 Quot.sound]
info: GroupApproximation/BooneHigman/Metabelian/ElemFPZInvK2Trivial.lean:51:2: 'GroupApproximation.BooneHigman.Metabelian.ElemFPCharZero.polyK2NilGapOver_of_subsingleton' depends on axioms: [propext,
 Classical.choice,
 Quot.sound]
info: GroupApproximation/BooneHigman/Metabelian/ElemFPZInvK2Trivial.lean:62:2: 'GroupApproximation.BooneHigman.Metabelian.ElemFPCharZero.polyK2NilPosOver_of_subsingleton' depends on axioms: [propext,
 Classical.choice,
 Quot.sound]
info: GroupApproximation/BooneHigman/Metabelian/ElemFPZInvK2Trivial.lean:71:14: 'GroupApproximation.BooneHigman.Metabelian.ElemFPCharZero.charZeroK2NilGap_zero' depends on axioms: [propext,
 Classical.choice,
 Quot.sound]
ℹ [4167/4195] Replayed GroupApproximation.BooneHigman.Metabelian.ElemFPCharZeroK2NilTelescope
info: GroupApproximation/BooneHigman/Metabelian/ElemFPCharZeroK2NilTelescope.lean:39:14: 'GroupApproximation.BooneHigman.Metabelian.ElemFP.K2IndexMap_castLEEmb_self' depends on axioms: [propext,
 Classical.choice,
 Quot.sound]
info: GroupApproximation/BooneHigman/Metabelian/ElemFPCharZeroK2NilTelescope.lean:46:14: 'GroupApproximation.BooneHigman.Metabelian.ElemFP.K2Stab_eq_K2IndexMap_castLEEmb' depends on axioms: [propext,
 Classical.choice,
 Quot.sound]
info: GroupApproximation/BooneHigman/Metabelian/ElemFPCharZeroK2NilTelescope.lean:69:2: 'GroupApproximation.BooneHigman.Metabelian.ElemFP.eq_one_of_K2IndexMap_eq_one_of_nilStab' depends on axioms: [propext,
 Classical.choice,
 Quot.sound]
info: GroupApproximation/BooneHigman/Metabelian/ElemFPCharZeroK2NilTelescope.lean:86:14: 'GroupApproximation.BooneHigman.Metabelian.ElemFP.polyK2NilPosOver_of_oneVar_of_diag' depends on axioms: [propext,
 Classical.choice,
 Quot.sound]
info: GroupApproximation/BooneHigman/Metabelian/ElemFPCharZeroK2NilTelescope.lean:93:14: 'GroupApproximation.BooneHigman.Metabelian.ElemFP.polyK2NilPosOver_of_gap' depends on axioms: [propext,
 Classical.choice,
 Quot.sound]
info: GroupApproximation/BooneHigman/Metabelian/ElemFPCharZeroK2NilTelescope.lean:101:14: 'GroupApproximation.BooneHigman.Metabelian.ElemFP.polyK2StabRangeDiagOver_of_nilPos' depends on axioms: [propext,
 Classical.choice,
 Quot.sound]
info: GroupApproximation/BooneHigman/Metabelian/ElemFPCharZeroK2NilTelescope.lean:119:14: 'GroupApproximation.BooneHigman.Metabelian.ElemFP.polyK2OneVarNilOver_of_nilPos' depends on axioms: [propext,
 Classical.choice,
 Quot.sound]
info: GroupApproximation/BooneHigman/Metabelian/ElemFPCharZeroK2NilTelescope.lean:126:14: 'GroupApproximation.BooneHigman.Metabelian.ElemFP.polyK2NilGapOver_of_nilPos' depends on axioms: [propext,
 Classical.choice,
 Quot.sound]
ℹ [4168/4202] Built GroupApproximation.BooneHigman.Metabelian.ElemFPCharZeroK2BaseEndpoint (55s)
info: GroupApproximation/BooneHigman/Metabelian/ElemFPCharZeroK2BaseEndpoint.lean:60:14: 'GroupApproximation.BooneHigman.Metabelian.ElemFPCharZero.charZeroK2Base_zero' depends on axioms: [propext,
 Classical.choice,
 Quot.sound]
info: GroupApproximation/BooneHigman/Metabelian/ElemFPCharZeroK2BaseEndpoint.lean:68:14: 'GroupApproximation.BooneHigman.Metabelian.ElemFPCharZero.CharZeroK2BasePosFGStatement' depends on axioms: [propext,
 Classical.choice,
 Quot.sound]
info: GroupApproximation/BooneHigman/Metabelian/ElemFPCharZeroK2BaseEndpoint.lean:78:14: 'GroupApproximation.BooneHigman.Metabelian.ElemFPCharZero.charZeroK2BaseFG_of_pos' depends on axioms: [propext,
 Classical.choice,
 Quot.sound]
info: GroupApproximation/BooneHigman/Metabelian/ElemFPCharZeroK2BaseEndpoint.lean:85:14: 'GroupApproximation.BooneHigman.Metabelian.ElemFPCharZero.charZeroK2BasePos_of_baseFG' depends on axioms: [propext,
 Classical.choice,
 Quot.sound]
info: GroupApproximation/BooneHigman/Metabelian/ElemFPCharZeroK2BaseEndpoint.lean:91:14: 'GroupApproximation.BooneHigman.Metabelian.ElemFPCharZero.CharZeroK2IntFGStatement' depends on axioms: [propext,
 Classical.choice,
 Quot.sound]
info: GroupApproximation/BooneHigman/Metabelian/ElemFPCharZeroK2BaseEndpoint.lean:99:14: 'GroupApproximation.BooneHigman.Metabelian.ElemFPCharZero.charZeroK2IntFG_of_basePos' depends on axioms: [propext,
 Classical.choice,
 Quot.sound]
info: GroupApproximation/BooneHigman/Metabelian/ElemFPCharZeroK2BaseEndpoint.lean:107:2: 'GroupApproximation.BooneHigman.Metabelian.ElemFPCharZero.charZeroStableK2FG_of_basePos_of_nil' depends on axioms: [propext,
 Classical.choice,
 Quot.sound]
ℹ [4169/4206] Replayed GroupApproximation.BooneHigman.Metabelian.EnvelopeHigmanVGenConj
info: GroupApproximation/BooneHigman/Metabelian/EnvelopeHigmanVGenConj.lean:34:14: 'GroupApproximation.BooneHigman.Metabelian.Envelope.vgen_mapsCone_coneSwap_fix' depends on axioms: [propext,
 Classical.choice,
 Quot.sound]
info: GroupApproximation/BooneHigman/Metabelian/EnvelopeHigmanVGenConj.lean:49:14: 'GroupApproximation.BooneHigman.Metabelian.Envelope.vgen_not_prefix_inv' depends on axioms: [propext, Quot.sound]
info: GroupApproximation/BooneHigman/Metabelian/EnvelopeHigmanVGenConj.lean:69:14: 'GroupApproximation.BooneHigman.Metabelian.Envelope.vgen_conj_coneSwap' depends on axioms: [propext,
 Classical.choice,
 Quot.sound]
ℹ [4170/4206] Replayed GroupApproximation.BooneHigman.Metabelian.EnvelopeHigmanVGenWords
info: GroupApproximation/BooneHigman/Metabelian/EnvelopeHigmanVGenWords.lean:27:14: 'GroupApproximation.BooneHigman.Metabelian.Envelope.vgen_exists_avoid1' depends on axioms: [propext,
 Classical.choice,
 Quot.sound]
info: GroupApproximation/BooneHigman/Metabelian/EnvelopeHigmanVGenWords.lean:52:14: 'GroupApproximation.BooneHigman.Metabelian.Envelope.vgen_exists_avoid2' depends on axioms: [propext,
 Classical.choice,
 Quot.sound]
info: GroupApproximation/BooneHigman/Metabelian/EnvelopeHigmanVGenWords.lean:58:14: 'GroupApproximation.BooneHigman.Metabelian.Envelope.vgen_not_prefix_append_left' depends on axioms: [propext]
info: GroupApproximation/BooneHigman/Metabelian/EnvelopeHigmanVGenWords.lean:67:14: 'GroupApproximation.BooneHigman.Metabelian.Envelope.vgen_not_prefix_append_right' depends on axioms: []
info: GroupApproximation/BooneHigman/Metabelian/EnvelopeHigmanVGenWords.lean:74:14: 'GroupApproximation.BooneHigman.Metabelian.Envelope.vgen_not_prefix_append_swap' depends on axioms: [propext]
ℹ [4171/4206] Replayed GroupApproximation.BooneHigman.Metabelian.EnvelopeHigmanVGenStep
info: GroupApproximation/BooneHigman/Metabelian/EnvelopeHigmanVGenStep.lean:28:14: 'GroupApproximation.BooneHigman.Metabelian.Envelope.VGenSwapIn' depends on axioms: [propext,
 Classical.choice,
 Quot.sound]
info: GroupApproximation/BooneHigman/Metabelian/EnvelopeHigmanVGenStep.lean:44:14: 'GroupApproximation.BooneHigman.Metabelian.Envelope.vgen_shorten_left' depends on axioms: [propext,
 Classical.choice,
 Quot.sound]
info: GroupApproximation/BooneHigman/Metabelian/EnvelopeHigmanVGenStep.lean:60:14: 'GroupApproximation.BooneHigman.Metabelian.Envelope.vgen_shorten_right' depends on axioms: [propext,
 Classical.choice,
 Quot.sound]
info: GroupApproximation/BooneHigman/Metabelian/EnvelopeHigmanVGenStep.lean:75:14: 'GroupApproximation.BooneHigman.Metabelian.Envelope.vgen_shorten_both' depends on axioms: [propext,
 Classical.choice,
 Quot.sound]
ℹ [4172/4206] Replayed GroupApproximation.BooneHigman.Metabelian.EnvelopeHigmanVGenInduct
info: GroupApproximation/BooneHigman/Metabelian/EnvelopeHigmanVGenInduct.lean:35:14: 'GroupApproximation.BooneHigman.Metabelian.Envelope.vgen_split_last' depends on axioms: [propext,
 Classical.choice,
 Quot.sound]
info: GroupApproximation/BooneHigman/Metabelian/EnvelopeHigmanVGenInduct.lean:57:14: 'GroupApproximation.BooneHigman.Metabelian.Envelope.vgen_step_left' depends on axioms: [propext,
 Classical.choice,
 Quot.sound]
info: GroupApproximation/BooneHigman/Metabelian/EnvelopeHigmanVGenInduct.lean:77:14: 'GroupApproximation.BooneHigman.Metabelian.Envelope.vgen_step_right' depends on axioms: [propext,
 Classical.choice,
 Quot.sound]
ℹ [4173/4206] Replayed GroupApproximation.BooneHigman.Metabelian.EnvelopeHigmanVGenAll
info: GroupApproximation/BooneHigman/Metabelian/EnvelopeHigmanVGenAll.lean:56:14: 'GroupApproximation.BooneHigman.Metabelian.Envelope.vgen_step' depends on axioms: [propext,
 Classical.choice,
 Quot.sound]
info: GroupApproximation/BooneHigman/Metabelian/EnvelopeHigmanVGenAll.lean:71:14: 'GroupApproximation.BooneHigman.Metabelian.Envelope.vgen_all' depends on axioms: [propext, Classical.choice, Quot.sound]
info: GroupApproximation/BooneHigman/Metabelian/EnvelopeHigmanVGenAll.lean:79:14: 'GroupApproximation.BooneHigman.Metabelian.Envelope.vgen_swapIn_of_short' depends on axioms: [propext,
 Classical.choice,
 Quot.sound]
ℹ [4174/4206] Built GroupApproximation.BooneHigman.Metabelian.PureCharPrimeEOneProof (59s)
info: GroupApproximation/BooneHigman/Metabelian/PureCharPrimeEOneProof.lean:56:14: 'GroupApproximation.BooneHigman.Metabelian.Coprimary.pureCharPrimeEOne' depends on axioms: [propext,
 Classical.choice,
 Quot.sound]
ℹ [4175/4206] Replayed GroupApproximation.BooneHigman.Metabelian.EnvelopeHigmanVGenFamily
info: GroupApproximation/BooneHigman/Metabelian/EnvelopeHigmanVGenFamily.lean:29:14: 'GroupApproximation.BooneHigman.Metabelian.Envelope.vgenSwapOrOne' depends on axioms: [propext,
 Classical.choice,
 Quot.sound]
info: GroupApproximation/BooneHigman/Metabelian/EnvelopeHigmanVGenFamily.lean:35:14: 'GroupApproximation.BooneHigman.Metabelian.Envelope.vgenSwapOrOne_eq' depends on axioms: [propext,
 Classical.choice,
 Quot.sound]
info: GroupApproximation/BooneHigman/Metabelian/EnvelopeHigmanVGenFamily.lean:42:14: 'GroupApproximation.BooneHigman.Metabelian.Envelope.vgenShortPairs' depends on axioms: []
info: GroupApproximation/BooneHigman/Metabelian/EnvelopeHigmanVGenFamily.lean:48:14: 'GroupApproximation.BooneHigman.Metabelian.Envelope.vgenShortPairs_finite' depends on axioms: [propext,
 Classical.choice,
 Quot.sound]
info: GroupApproximation/BooneHigman/Metabelian/EnvelopeHigmanVGenFamily.lean:55:14: 'GroupApproximation.BooneHigman.Metabelian.Envelope.vgenShortEquiv' depends on axioms: [propext,
 Classical.choice,
 Quot.sound]
info: GroupApproximation/BooneHigman/Metabelian/EnvelopeHigmanVGenFamily.lean:63:14: 'GroupApproximation.BooneHigman.Metabelian.Envelope.vgenShortSwaps' depends on axioms: [propext,
 Classical.choice,
 Quot.sound]
info: GroupApproximation/BooneHigman/Metabelian/EnvelopeHigmanVGenFamily.lean:75:14: 'GroupApproximation.BooneHigman.Metabelian.Envelope.vgenShortSwaps_mem' depends on axioms: [propext,
 Classical.choice,
 Quot.sound]
info: GroupApproximation/BooneHigman/Metabelian/EnvelopeHigmanVGenFamily.lean:94:14: 'GroupApproximation.BooneHigman.Metabelian.Envelope.vgenShortSwaps_closure' depends on axioms: [propext,
 Classical.choice,
 Quot.sound]
ℹ [4176/4210] Replayed GroupApproximation.BooneHigman.Metabelian.EnvelopeHigmanVGenReduce
info: GroupApproximation/BooneHigman/Metabelian/EnvelopeHigmanVGenReduce.lean:43:14: 'GroupApproximation.BooneHigman.Metabelian.Envelope.HigmanVSwapSectionStatement' depends on axioms: [propext,
 Classical.choice,
 Quot.sound]
info: GroupApproximation/BooneHigman/Metabelian/EnvelopeHigmanVGenReduce.lean:53:14: 'GroupApproximation.BooneHigman.Metabelian.Envelope.higmanVFinSection_of_swapSection' depends on axioms: [propext,
 Classical.choice,
 Quot.sound]
ℹ [4177/4216] Replayed GroupApproximation.BooneHigman.Metabelian.EnvelopeGenTorsionNakayama
info: GroupApproximation/BooneHigman/Metabelian/EnvelopeGenTorsionNakayama.lean:52:14: 'GroupApproximation.BooneHigman.Metabelian.Envelope.gentorsion_exists_exponent' depends on axioms: [propext,
 Classical.choice,
 Quot.sound]
info: GroupApproximation/BooneHigman/Metabelian/EnvelopeGenTorsionNakayama.lean:79:14: 'GroupApproximation.BooneHigman.Metabelian.Envelope.gentorsion_transfer' depends on axioms: [propext,
 Classical.choice,
 Quot.sound]
info: GroupApproximation/BooneHigman/Metabelian/EnvelopeGenTorsionNakayama.lean:88:14: 'GroupApproximation.BooneHigman.Metabelian.Envelope.gentorsion_mem_commutator_subtype' depends on axioms: [propext,
 Classical.choice,
 Quot.sound]
info: GroupApproximation/BooneHigman/Metabelian/EnvelopeGenTorsionNakayama.lean:99:14: 'GroupApproximation.BooneHigman.Metabelian.Envelope.gentorsion_class_eq_of_conj' depends on axioms: [propext,
 Classical.choice,
 Quot.sound]
info: GroupApproximation/BooneHigman/Metabelian/EnvelopeGenTorsionNakayama.lean:120:14: 'GroupApproximation.BooneHigman.Metabelian.Envelope.gentorsion_class_sq' depends on axioms: [propext,
 Classical.choice,
 Quot.sound]
ℹ [4180/4216] Replayed GroupApproximation.BooneHigman.Metabelian.EnvelopeFiniteIndexAbel
info: GroupApproximation/BooneHigman/Metabelian/EnvelopeFiniteIndexAbel.lean:47:14: 'GroupApproximation.BooneHigman.Metabelian.Envelope.closure_sup_commutator_eq_top' depends on axioms: [propext,
 Classical.choice,
 Quot.sound]
info: GroupApproximation/BooneHigman/Metabelian/EnvelopeFiniteIndexAbel.lean:60:14: 'GroupApproximation.BooneHigman.Metabelian.Envelope.closure_image_of_eq_top' depends on axioms: [propext,
 Classical.choice,
 Quot.sound]
info: GroupApproximation/BooneHigman/Metabelian/EnvelopeFiniteIndexAbel.lean:81:14: 'GroupApproximation.BooneHigman.Metabelian.Envelope.isTorsion_abelianization' depends on axioms: [propext,
 Classical.choice,
 Quot.sound]
info: GroupApproximation/BooneHigman/Metabelian/EnvelopeFiniteIndexAbel.lean:96:14: 'GroupApproximation.BooneHigman.Metabelian.Envelope.commutator_finiteIndex_of_gens' depends on axioms: [propext,
 Classical.choice,
 Quot.sound]
✖ [4181/4216] Building GroupApproximation.Manuscript.SimpleKazhdanSofic.LeavittK2.PaddedCentral.MatrixId (38s)
trace: .> LEAN_PATH=/projects/standard/hsiehph/sauer354/nonsofic_existence/.lake/packages/Cli/.lake/build/lib/lean:/projects/standard/hsiehph/sauer354/nonsofic_existence/.lake/packages/batteries/.lake/build/lib/lean:/projects/standard/hsiehph/sauer354/nonsofic_existence/.lake/packages/Qq/.lake/build/lib/lean:/projects/standard/hsiehph/sauer354/nonsofic_existence/.lake/packages/aesop/.lake/build/lib/lean:/projects/standard/hsiehph/sauer354/nonsofic_existence/.lake/packages/proofwidgets/.lake/build/lib/lean:/projects/standard/hsiehph/sauer354/nonsofic_existence/.lake/packages/importGraph/.lake/build/lib/lean:/projects/standard/hsiehph/sauer354/nonsofic_existence/.lake/packages/LeanSearchClient/.lake/build/lib/lean:/projects/standard/hsiehph/sauer354/nonsofic_existence/.lake/packages/plausible/.lake/build/lib/lean:/projects/standard/hsiehph/sauer354/nonsofic_existence/.lake/packages/mathlib/.lake/build/lib/lean:/projects/standard/hsiehph/sauer354/nonsofic_existence/.lake/build/lib/lean /projects/standard/hsiehph/sauer354/.elan/toolchains/leanprover--lean4---v4.32.0/bin/lean -DwarningAsError=true /projects/standard/hsiehph/sauer354/nonsofic_existence/GroupApproximation/Manuscript/SimpleKazhdanSofic/LeavittK2/PaddedCentral/MatrixId.lean -o /projects/standard/hsiehph/sauer354/nonsofic_existence/.lake/build/lib/lean/GroupApproximation/Manuscript/SimpleKazhdanSofic/LeavittK2/PaddedCentral/MatrixId.olean -i /projects/standard/hsiehph/sauer354/nonsofic_existence/.lake/build/lib/lean/GroupApproximation/Manuscript/SimpleKazhdanSofic/LeavittK2/PaddedCentral/MatrixId.ilean -c /projects/standard/hsiehph/sauer354/nonsofic_existence/.lake/build/ir/GroupApproximation/Manuscript/SimpleKazhdanSofic/LeavittK2/PaddedCentral/MatrixId.c --setup /projects/standard/hsiehph/sauer354/nonsofic_existence/.lake/build/ir/GroupApproximation/Manuscript/SimpleKazhdanSofic/LeavittK2/PaddedCentral/MatrixId.setup.json --json
info: GroupApproximation/Manuscript/SimpleKazhdanSofic/LeavittK2/PaddedCentral/MatrixId.lean:29:14: 'GroupApproximation.Manuscript.SimpleKazhdanSofic.LeavittK2.PaddedCentral.single_mulVec_eq_pi' depends on axioms: [propext,
 Classical.choice,
 Quot.sound]
info: GroupApproximation/Manuscript/SimpleKazhdanSofic/LeavittK2/PaddedCentral/MatrixId.lean:35:14: 'GroupApproximation.Manuscript.SimpleKazhdanSofic.LeavittK2.PaddedCentral.one_add_single_mulVec_single_same' depends on axioms: [propext,
 Classical.choice,
 Quot.sound]
error: GroupApproximation/Manuscript/SimpleKazhdanSofic/LeavittK2/PaddedCentral/MatrixId.lean:39:65: Tactic `rewrite` failed: Did not find an occurrence of the pattern
  Pi.single p ?m.63 j
in the target expression
  Pi.single p a + Pi.single i (b * Pi.single p a j) = Pi.single p a

R : Type u_1
inst✝ : Ring R
n : ℕ
i j p : Fin n
hp : p ≠ j
b a : R
⊢ Pi.single p a + Pi.single i (b * Pi.single p a j) = Pi.single p a
error: GroupApproximation/Manuscript/SimpleKazhdanSofic/LeavittK2/PaddedCentral/MatrixId.lean:42:14: 'GroupApproximation.Manuscript.SimpleKazhdanSofic.LeavittK2.PaddedCentral.one_add_single_mulVec_single_of_ne' depends on axioms outside the classical allowlist: [sorryAx]
  full closure: [propext, sorryAx, Classical.choice, Quot.sound]
  permitted: [propext, Classical.choice, Quot.sound]
info: GroupApproximation/Manuscript/SimpleKazhdanSofic/LeavittK2/PaddedCentral/MatrixId.lean:49:14: 'GroupApproximation.Manuscript.SimpleKazhdanSofic.LeavittK2.PaddedCentral.single_vecMul_apply' depends on axioms: [propext,
 Classical.choice,
 Quot.sound]
info: GroupApproximation/Manuscript/SimpleKazhdanSofic/LeavittK2/PaddedCentral/MatrixId.lean:59:14: 'GroupApproximation.Manuscript.SimpleKazhdanSofic.LeavittK2.PaddedCentral.single_vecMul_single_same' depends on axioms: [propext,
 Classical.choice,
 Quot.sound]
info: GroupApproximation/Manuscript/SimpleKazhdanSofic/LeavittK2/PaddedCentral/MatrixId.lean:67:14: 'GroupApproximation.Manuscript.SimpleKazhdanSofic.LeavittK2.PaddedCentral.single_vecMul_single_of_ne' depends on axioms: [propext,
 Classical.choice,
 Quot.sound]
info: GroupApproximation/Manuscript/SimpleKazhdanSofic/LeavittK2/PaddedCentral/MatrixId.lean:73:14: 'GroupApproximation.Manuscript.SimpleKazhdanSofic.LeavittK2.PaddedCentral.single_vecMul_one_add_single_same' depends on axioms: [propext,
 Classical.choice,
 Quot.sound]
info: GroupApproximation/Manuscript/SimpleKazhdanSofic/LeavittK2/PaddedCentral/MatrixId.lean:79:14: 'GroupApproximation.Manuscript.SimpleKazhdanSofic.LeavittK2.PaddedCentral.single_vecMul_one_add_single_of_ne' depends on axioms: [propext,
 Classical.choice,
 Quot.sound]
error: Lean exited with code 1
ℹ [4182/4222] Replayed GroupApproximation.BooneHigman.Metabelian.EnvelopeHigmanVSwapGenCount
info: GroupApproximation/BooneHigman/Metabelian/EnvelopeHigmanVSwapGenCount.lean:32:14: 'GroupApproximation.BooneHigman.Metabelian.Envelope.swapGen_getElem_eq' depends on axioms: []
info: GroupApproximation/BooneHigman/Metabelian/EnvelopeHigmanVSwapGenCount.lean:43:14: 'GroupApproximation.BooneHigman.Metabelian.Envelope.swapGen_exists_source' depends on axioms: [propext, Quot.sound]
info: GroupApproximation/BooneHigman/Metabelian/EnvelopeHigmanVSwapGenCount.lean:57:14: 'GroupApproximation.BooneHigman.Metabelian.Envelope.swapGen_take_eq_of_prepend_eq' depends on axioms: [propext,
 Quot.sound]
info: GroupApproximation/BooneHigman/Metabelian/EnvelopeHigmanVSwapGenCount.lean:70:14: 'GroupApproximation.BooneHigman.Metabelian.Envelope.swapGen_source_eq_of_prefix' depends on axioms: [propext,
 Quot.sound]
info: GroupApproximation/BooneHigman/Metabelian/EnvelopeHigmanVSwapGenCount.lean:131:14: 'GroupApproximation.BooneHigman.Metabelian.Envelope.swapGen_length_eq_of_le' depends on axioms: [propext,
 Classical.choice,
 Quot.sound]
info: GroupApproximation/BooneHigman/Metabelian/EnvelopeHigmanVSwapGenCount.lean:149:14: 'GroupApproximation.BooneHigman.Metabelian.Envelope.swapGen_inv_ge' depends on axioms: [propext, Quot.sound]
ℹ [4183/4224] Replayed GroupApproximation.BooneHigman.Metabelian.EnvelopeHigmanVSwapGenLeaf
info: GroupApproximation/BooneHigman/Metabelian/EnvelopeHigmanVSwapGenLeaf.lean:23:14: 'GroupApproximation.BooneHigman.Metabelian.Envelope.swapGen_not_prefix' depends on axioms: []
info: GroupApproximation/BooneHigman/Metabelian/EnvelopeHigmanVSwapGenLeaf.lean:33:14: 'GroupApproximation.BooneHigman.Metabelian.Envelope.swapGen_fix_same_length' depends on axioms: [propext,
 Classical.choice,
 Quot.sound]
info: GroupApproximation/BooneHigman/Metabelian/EnvelopeHigmanVSwapGenLeaf.lean:98:14: 'GroupApproximation.BooneHigman.Metabelian.Envelope.swapGen_leaf' depends on axioms: [propext,
 Classical.choice,
 Quot.sound]
ℹ [4184/4239] Replayed GroupApproximation.BooneHigman.Metabelian.EnvelopeHigmanVSwapGenMove
info: GroupApproximation/BooneHigman/Metabelian/EnvelopeHigmanVSwapGenMove.lean:35:14: 'GroupApproximation.BooneHigman.Metabelian.Envelope.swapGen_move_incomparable' depends on axioms: [propext, Quot.sound]
info: GroupApproximation/BooneHigman/Metabelian/EnvelopeHigmanVSwapGenMove.lean:73:14: 'GroupApproximation.BooneHigman.Metabelian.Envelope.swapGen_move' depends on axioms: [propext,
 Classical.choice,
 Quot.sound]
ℹ [4185/4239] Replayed GroupApproximation.BooneHigman.Metabelian.EnvelopeHigmanVSwapGenAll
info: GroupApproximation/BooneHigman/Metabelian/EnvelopeHigmanVSwapGenAll.lean:43:14: 'GroupApproximation.BooneHigman.Metabelian.Envelope.swapGen_mem_base' depends on axioms: [propext,
 Classical.choice,
 Quot.sound]
info: GroupApproximation/BooneHigman/Metabelian/EnvelopeHigmanVSwapGenAll.lean:122:14: 'GroupApproximation.BooneHigman.Metabelian.Envelope.swapGen_mem_step' depends on axioms: [propext,
 Classical.choice,
 Quot.sound]
info: GroupApproximation/BooneHigman/Metabelian/EnvelopeHigmanVSwapGenAll.lean:135:14: 'GroupApproximation.BooneHigman.Metabelian.Envelope.swapGen_mem_of_bound' depends on axioms: [propext,
 Classical.choice,
 Quot.sound]
info: GroupApproximation/BooneHigman/Metabelian/EnvelopeHigmanVSwapGenAll.lean:153:14: 'GroupApproximation.BooneHigman.Metabelian.Envelope.swapGen_mem_of_coneSwap_mem' depends on axioms: [propext,
 Classical.choice,
 Quot.sound]
info: GroupApproximation/BooneHigman/Metabelian/EnvelopeHigmanVSwapGenAll.lean:170:14: 'GroupApproximation.BooneHigman.Metabelian.Envelope.swapGen_closure_eq_top' depends on axioms: [propext,
 Classical.choice,
 Quot.sound]
ℹ [4186/4242] Replayed GroupApproximation.BooneHigman.Metabelian.EnvelopeVPerfectChain
info: GroupApproximation/BooneHigman/Metabelian/EnvelopeVPerfectChain.lean:26:14: 'GroupApproximation.BooneHigman.Metabelian.Envelope.vPerfect_inc_cross' depends on axioms: [propext]
info: GroupApproximation/BooneHigman/Metabelian/EnvelopeVPerfectChain.lean:33:14: 'GroupApproximation.BooneHigman.Metabelian.Envelope.vPerfect_inc_letter' depends on axioms: [propext, Quot.sound]
info: GroupApproximation/BooneHigman/Metabelian/EnvelopeVPerfectChain.lean:40:14: 'GroupApproximation.BooneHigman.Metabelian.Envelope.vPerfect_not_isStreamPrefix' depends on axioms: [propext,
 Classical.choice,
 Quot.sound]
info: GroupApproximation/BooneHigman/Metabelian/EnvelopeVPerfectChain.lean:51:14: 'GroupApproximation.BooneHigman.Metabelian.Envelope.vPerfect_prepend_head' depends on axioms: [propext, Quot.sound]
info: GroupApproximation/BooneHigman/Metabelian/EnvelopeVPerfectChain.lean:61:14: 'GroupApproximation.BooneHigman.Metabelian.Envelope.vPerfectChild' depends on axioms: [propext,
 Classical.choice,
 Quot.sound]
info: GroupApproximation/BooneHigman/Metabelian/EnvelopeVPerfectChain.lean:69:14: 'GroupApproximation.BooneHigman.Metabelian.Envelope.vPerfectChain' depends on axioms: [propext,
 Classical.choice,
 Quot.sound]
info: GroupApproximation/BooneHigman/Metabelian/EnvelopeVPerfectChain.lean:74:14: 'GroupApproximation.BooneHigman.Metabelian.Envelope.vPerfectChain_nil' depends on axioms: [propext,
 Classical.choice,
 Quot.sound]
info: GroupApproximation/BooneHigman/Metabelian/EnvelopeVPerfectChain.lean:79:14: 'GroupApproximation.BooneHigman.Metabelian.Envelope.vPerfectChain_cons' depends on axioms: [propext,
 Classical.choice,
 Quot.sound]
info: GroupApproximation/BooneHigman/Metabelian/EnvelopeVPerfectChain.lean:87:14: 'GroupApproximation.BooneHigman.Metabelian.Envelope.vPerfectChain_cons_coe' depends on axioms: [propext,
 Classical.choice,
 Quot.sound]
info: GroupApproximation/BooneHigman/Metabelian/EnvelopeVPerfectChain.lean:100:14: 'GroupApproximation.BooneHigman.Metabelian.Envelope.vPerfectChain_fix' depends on axioms: [propext,
 Classical.choice,
 Quot.sound]
info: GroupApproximation/BooneHigman/Metabelian/EnvelopeVPerfectChain.lean:114:14: 'GroupApproximation.BooneHigman.Metabelian.Envelope.vPerfectChain_fix_left' depends on axioms: [propext,
 Classical.choice,
 Quot.sound]
info: GroupApproximation/BooneHigman/Metabelian/EnvelopeVPerfectChain.lean:128:14: 'GroupApproximation.BooneHigman.Metabelian.Envelope.vPerfectChain_fix_right' depends on axioms: [propext,
 Classical.choice,
 Quot.sound]
✖ [4187/4242] Building GroupApproximation.BooneHigman.Metabelian.EnvelopeWreathEmbed (69s)
trace: .> LEAN_PATH=/projects/standard/hsiehph/sauer354/nonsofic_existence/.lake/packages/Cli/.lake/build/lib/lean:/projects/standard/hsiehph/sauer354/nonsofic_existence/.lake/packages/batteries/.lake/build/lib/lean:/projects/standard/hsiehph/sauer354/nonsofic_existence/.lake/packages/Qq/.lake/build/lib/lean:/projects/standard/hsiehph/sauer354/nonsofic_existence/.lake/packages/aesop/.lake/build/lib/lean:/projects/standard/hsiehph/sauer354/nonsofic_existence/.lake/packages/proofwidgets/.lake/build/lib/lean:/projects/standard/hsiehph/sauer354/nonsofic_existence/.lake/packages/importGraph/.lake/build/lib/lean:/projects/standard/hsiehph/sauer354/nonsofic_existence/.lake/packages/LeanSearchClient/.lake/build/lib/lean:/projects/standard/hsiehph/sauer354/nonsofic_existence/.lake/packages/plausible/.lake/build/lib/lean:/projects/standard/hsiehph/sauer354/nonsofic_existence/.lake/packages/mathlib/.lake/build/lib/lean:/projects/standard/hsiehph/sauer354/nonsofic_existence/.lake/build/lib/lean /projects/standard/hsiehph/sauer354/.elan/toolchains/leanprover--lean4---v4.32.0/bin/lean -DwarningAsError=true /projects/standard/hsiehph/sauer354/nonsofic_existence/GroupApproximation/BooneHigman/Metabelian/EnvelopeWreathEmbed.lean -o /projects/standard/hsiehph/sauer354/nonsofic_existence/.lake/build/lib/lean/GroupApproximation/BooneHigman/Metabelian/EnvelopeWreathEmbed.olean -i /projects/standard/hsiehph/sauer354/nonsofic_existence/.lake/build/lib/lean/GroupApproximation/BooneHigman/Metabelian/EnvelopeWreathEmbed.ilean -c /projects/standard/hsiehph/sauer354/nonsofic_existence/.lake/build/ir/GroupApproximation/BooneHigman/Metabelian/EnvelopeWreathEmbed.c --setup /projects/standard/hsiehph/sauer354/nonsofic_existence/.lake/build/ir/GroupApproximation/BooneHigman/Metabelian/EnvelopeWreathEmbed.setup.json --json
info: GroupApproximation/BooneHigman/Metabelian/EnvelopeWreathEmbed.lean:57:14: 'GroupApproximation.BooneHigman.Metabelian.Envelope.wreathConeHom' depends on axioms: [propext,
 Classical.choice,
 Quot.sound]
info: GroupApproximation/BooneHigman/Metabelian/EnvelopeWreathEmbed.lean:73:14: 'GroupApproximation.BooneHigman.Metabelian.Envelope.wreathConeHom_injective' depends on axioms: [propext,
 Classical.choice,
 Quot.sound]
info: GroupApproximation/BooneHigman/Metabelian/EnvelopeWreathEmbed.lean:88:14: 'GroupApproximation.BooneHigman.Metabelian.Envelope.wreathConeHom_mem' depends on axioms: [propext,
 Classical.choice,
 Quot.sound]
error: GroupApproximation/BooneHigman/Metabelian/EnvelopeWreathEmbed.lean:101:4: failed to synthesize instance of type class
  CommMagma (↥V ⧸ commutator ↥V)

Hint: Type class instance resolution failures can be inspected with the `set_option trace.Meta.synthInstance true` command.
error: GroupApproximation/BooneHigman/Metabelian/EnvelopeWreathEmbed.lean:123:14: 'GroupApproximation.BooneHigman.Metabelian.Envelope.exists_injective_wreath_commutator' depends on axioms outside the classical allowlist: [sorryAx]
  full closure: [propext, sorryAx, Classical.choice, Quot.sound]
  permitted: [propext, Classical.choice, Quot.sound]
error: GroupApproximation/BooneHigman/Metabelian/EnvelopeWreathEmbed.lean:131:14: 'GroupApproximation.BooneHigman.Metabelian.Envelope.rnWreathEmbed' depends on axioms outside the classical allowlist: [sorryAx]
  full closure: [propext, sorryAx, Classical.choice, Quot.sound]
  permitted: [propext, Classical.choice, Quot.sound]
error: Lean exited with code 1
ℹ [4204/4261] Replayed GroupApproximation.BooneHigman.Metabelian.PureCharPrimeEHighWittPoly
info: GroupApproximation/BooneHigman/Metabelian/PureCharPrimeEHighWittPoly.lean:46:14: 'GroupApproximation.BooneHigman.Metabelian.Coprimary.eHighWitt_hwt' depends on axioms: []
info: GroupApproximation/BooneHigman/Metabelian/PureCharPrimeEHighWittPoly.lean:51:14: 'GroupApproximation.BooneHigman.Metabelian.Coprimary.eHighWitt_hpt' depends on axioms: [propext, Quot.sound]
info: GroupApproximation/BooneHigman/Metabelian/PureCharPrimeEHighWittPoly.lean:60:14: 'GroupApproximation.BooneHigman.Metabelian.Coprimary.eHighWitt_IsWeightPoly' depends on axioms: [propext,
 Classical.choice,
 Quot.sound]
info: GroupApproximation/BooneHigman/Metabelian/PureCharPrimeEHighWittPoly.lean:67:14: 'GroupApproximation.BooneHigman.Metabelian.Coprimary.eHighWitt_evalMap' depends on axioms: [propext,
 Classical.choice,
 Quot.sound]
info: GroupApproximation/BooneHigman/Metabelian/PureCharPrimeEHighWittPoly.lean:72:14: 'GroupApproximation.BooneHigman.Metabelian.Coprimary.eHighWitt_evalMap_apply' depends on axioms: [propext,
 Classical.choice,
 Quot.sound]
info: GroupApproximation/BooneHigman/Metabelian/PureCharPrimeEHighWittPoly.lean:79:14: 'GroupApproximation.BooneHigman.Metabelian.Coprimary.eHighWitt_polySpace' depends on axioms: [propext,
 Classical.choice,
 Quot.sound]
info: GroupApproximation/BooneHigman/Metabelian/PureCharPrimeEHighWittPoly.lean:85:14: 'GroupApproximation.BooneHigman.Metabelian.Coprimary.eHighWitt_isWH_of_eq' depends on axioms: [propext,
 Classical.choice,
 Quot.sound]
info: GroupApproximation/BooneHigman/Metabelian/PureCharPrimeEHighWittPoly.lean:98:14: 'GroupApproximation.BooneHigman.Metabelian.Coprimary.eHighWitt_isWH_X_pow' depends on axioms: [propext,
 Classical.choice,
 Quot.sound]
info: GroupApproximation/BooneHigman/Metabelian/PureCharPrimeEHighWittPoly.lean:113:14: 'GroupApproximation.BooneHigman.Metabelian.Coprimary.eHighWitt_isWH_bind₁' depends on axioms: [propext,
 Classical.choice,
 Quot.sound]
ℹ [4205/4262] Replayed GroupApproximation.BooneHigman.Metabelian.PureCharPrimeEHighWittEPad
info: GroupApproximation/BooneHigman/Metabelian/PureCharPrimeEHighWittEPad.lean:37:14: 'GroupApproximation.BooneHigman.Metabelian.Coprimary.eHighWittE_Pad' depends on axioms: [propext,
 Classical.choice,
 Quot.sound]
info: GroupApproximation/BooneHigman/Metabelian/PureCharPrimeEHighWittEPad.lean:44:14: 'GroupApproximation.BooneHigman.Metabelian.Coprimary.eHighWittE_pad_of_eq' depends on axioms: [propext,
 Classical.choice,
 Quot.sound]
info: GroupApproximation/BooneHigman/Metabelian/PureCharPrimeEHighWittEPad.lean:53:14: 'GroupApproximation.BooneHigman.Metabelian.Coprimary.eHighWittE_pad_const' depends on axioms: [propext,
 Classical.choice,
 Quot.sound]
info: GroupApproximation/BooneHigman/Metabelian/PureCharPrimeEHighWittEPad.lean:61:14: 'GroupApproximation.BooneHigman.Metabelian.Coprimary.eHighWittE_pad_add' depends on axioms: [propext,
 Classical.choice,
 Quot.sound]
info: GroupApproximation/BooneHigman/Metabelian/PureCharPrimeEHighWittEPad.lean:69:14: 'GroupApproximation.BooneHigman.Metabelian.Coprimary.eHighWittE_pad_mul' depends on axioms: [propext,
 Classical.choice,
 Quot.sound]
info: GroupApproximation/BooneHigman/Metabelian/PureCharPrimeEHighWittEPad.lean:77:14: 'GroupApproximation.BooneHigman.Metabelian.Coprimary.eHighWittE_pad_pow' depends on axioms: [propext,
 Classical.choice,
 Quot.sound]
info: GroupApproximation/BooneHigman/Metabelian/PureCharPrimeEHighWittEPad.lean:85:14: 'GroupApproximation.BooneHigman.Metabelian.Coprimary.eHighWittE_pad_mono' depends on axioms: [propext,
 Classical.choice,
 Quot.sound]
info: GroupApproximation/BooneHigman/Metabelian/PureCharPrimeEHighWittEPad.lean:99:14: 'GroupApproximation.BooneHigman.Metabelian.Coprimary.eHighWittE_pad_sum' depends on axioms: [propext,
 Classical.choice,
 Quot.sound]
info: GroupApproximation/BooneHigman/Metabelian/PureCharPrimeEHighWittEPad.lean:109:14: 'GroupApproximation.BooneHigman.Metabelian.Coprimary.eHighWittE_pad_prod' depends on axioms: [propext,
 Classical.choice,
 Quot.sound]
info: GroupApproximation/BooneHigman/Metabelian/PureCharPrimeEHighWittEPad.lean:115:14: 'GroupApproximation.BooneHigman.Metabelian.Coprimary.eHighWittE_pad_coord' depends on axioms: [propext,
 Classical.choice,
 Quot.sound]
info: GroupApproximation/BooneHigman/Metabelian/PureCharPrimeEHighWittEPad.lean:121:14: 'GroupApproximation.BooneHigman.Metabelian.Coprimary.eHighWittE_isWeightPoly_of_pad' depends on axioms: [propext,
 Classical.choice,
 Quot.sound]
info: GroupApproximation/BooneHigman/Metabelian/PureCharPrimeEHighWittEPad.lean:140:14: 'GroupApproximation.BooneHigman.Metabelian.Coprimary.eHighWittE_pad_subst' depends on axioms: [propext,
 Classical.choice,
 Quot.sound]
✖ [4211/4281] Building GroupApproximation.Manuscript.SimpleKazhdanSofic.LeavittK2.PaddedCentral.Vectors (50s)
trace: .> LEAN_PATH=/projects/standard/hsiehph/sauer354/nonsofic_existence/.lake/packages/Cli/.lake/build/lib/lean:/projects/standard/hsiehph/sauer354/nonsofic_existence/.lake/packages/batteries/.lake/build/lib/lean:/projects/standard/hsiehph/sauer354/nonsofic_existence/.lake/packages/Qq/.lake/build/lib/lean:/projects/standard/hsiehph/sauer354/nonsofic_existence/.lake/packages/aesop/.lake/build/lib/lean:/projects/standard/hsiehph/sauer354/nonsofic_existence/.lake/packages/proofwidgets/.lake/build/lib/lean:/projects/standard/hsiehph/sauer354/nonsofic_existence/.lake/packages/importGraph/.lake/build/lib/lean:/projects/standard/hsiehph/sauer354/nonsofic_existence/.lake/packages/LeanSearchClient/.lake/build/lib/lean:/projects/standard/hsiehph/sauer354/nonsofic_existence/.lake/packages/plausible/.lake/build/lib/lean:/projects/standard/hsiehph/sauer354/nonsofic_existence/.lake/packages/mathlib/.lake/build/lib/lean:/projects/standard/hsiehph/sauer354/nonsofic_existence/.lake/build/lib/lean /projects/standard/hsiehph/sauer354/.elan/toolchains/leanprover--lean4---v4.32.0/bin/lean -DwarningAsError=true /projects/standard/hsiehph/sauer354/nonsofic_existence/GroupApproximation/Manuscript/SimpleKazhdanSofic/LeavittK2/PaddedCentral/Vectors.lean -o /projects/standard/hsiehph/sauer354/nonsofic_existence/.lake/build/lib/lean/GroupApproximation/Manuscript/SimpleKazhdanSofic/LeavittK2/PaddedCentral/Vectors.olean -i /projects/standard/hsiehph/sauer354/nonsofic_existence/.lake/build/lib/lean/GroupApproximation/Manuscript/SimpleKazhdanSofic/LeavittK2/PaddedCentral/Vectors.ilean -c /projects/standard/hsiehph/sauer354/nonsofic_existence/.lake/build/ir/GroupApproximation/Manuscript/SimpleKazhdanSofic/LeavittK2/PaddedCentral/Vectors.c --setup /projects/standard/hsiehph/sauer354/nonsofic_existence/.lake/build/ir/GroupApproximation/Manuscript/SimpleKazhdanSofic/LeavittK2/PaddedCentral/Vectors.setup.json --json
info: GroupApproximation/Manuscript/SimpleKazhdanSofic/LeavittK2/PaddedCentral/Vectors.lean:33:14: 'GroupApproximation.Manuscript.SimpleKazhdanSofic.LeavittK2.PaddedCentral.colHom' depends on axioms: [propext,
 Classical.choice,
 Quot.sound]
info: GroupApproximation/Manuscript/SimpleKazhdanSofic/LeavittK2/PaddedCentral/Vectors.lean:41:14: 'GroupApproximation.Manuscript.SimpleKazhdanSofic.LeavittK2.PaddedCentral.rowHom' depends on axioms: [propext,
 Classical.choice,
 Quot.sound]
info: GroupApproximation/Manuscript/SimpleKazhdanSofic/LeavittK2/PaddedCentral/Vectors.lean:49:14: 'GroupApproximation.Manuscript.SimpleKazhdanSofic.LeavittK2.PaddedCentral.colHom_commute' depends on axioms: [propext,
 Classical.choice,
 Quot.sound]
info: GroupApproximation/Manuscript/SimpleKazhdanSofic/LeavittK2/PaddedCentral/Vectors.lean:57:14: 'GroupApproximation.Manuscript.SimpleKazhdanSofic.LeavittK2.PaddedCentral.rowHom_commute' depends on axioms: [propext,
 Classical.choice,
 Quot.sound]
info: GroupApproximation/Manuscript/SimpleKazhdanSofic/LeavittK2/PaddedCentral/Vectors.lean:63:14: 'GroupApproximation.Manuscript.SimpleKazhdanSofic.LeavittK2.PaddedCentral.colPi' depends on axioms: [propext,
 Classical.choice,
 Quot.sound]
info: GroupApproximation/Manuscript/SimpleKazhdanSofic/LeavittK2/PaddedCentral/Vectors.lean:69:14: 'GroupApproximation.Manuscript.SimpleKazhdanSofic.LeavittK2.PaddedCentral.rowPi' depends on axioms: [propext,
 Classical.choice,
 Quot.sound]
info: GroupApproximation/Manuscript/SimpleKazhdanSofic/LeavittK2/PaddedCentral/Vectors.lean:75:14: 'GroupApproximation.Manuscript.SimpleKazhdanSofic.LeavittK2.PaddedCentral.padCol' depends on axioms: [propext,
 Classical.choice,
 Quot.sound]
info: GroupApproximation/Manuscript/SimpleKazhdanSofic/LeavittK2/PaddedCentral/Vectors.lean:81:14: 'GroupApproximation.Manuscript.SimpleKazhdanSofic.LeavittK2.PaddedCentral.padRow' depends on axioms: [propext,
 Classical.choice,
 Quot.sound]
info: GroupApproximation/Manuscript/SimpleKazhdanSofic/LeavittK2/PaddedCentral/Vectors.lean:86:14: 'GroupApproximation.Manuscript.SimpleKazhdanSofic.LeavittK2.PaddedCentral.padCol_add' depends on axioms: [propext,
 Classical.choice,
 Quot.sound]
info: GroupApproximation/Manuscript/SimpleKazhdanSofic/LeavittK2/PaddedCentral/Vectors.lean:91:14: 'GroupApproximation.Manuscript.SimpleKazhdanSofic.LeavittK2.PaddedCentral.padRow_add' depends on axioms: [propext,
 Classical.choice,
 Quot.sound]
info: GroupApproximation/Manuscript/SimpleKazhdanSofic/LeavittK2/PaddedCentral/Vectors.lean:96:14: 'GroupApproximation.Manuscript.SimpleKazhdanSofic.LeavittK2.PaddedCentral.padCol_zero' depends on axioms: [propext,
 Classical.choice,
 Quot.sound]
info: GroupApproximation/Manuscript/SimpleKazhdanSofic/LeavittK2/PaddedCentral/Vectors.lean:101:14: 'GroupApproximation.Manuscript.SimpleKazhdanSofic.LeavittK2.PaddedCentral.padRow_zero' depends on axioms: [propext,
 Classical.choice,
 Quot.sound]
info: GroupApproximation/Manuscript/SimpleKazhdanSofic/LeavittK2/PaddedCentral/Vectors.lean:111:14: 'GroupApproximation.Manuscript.SimpleKazhdanSofic.LeavittK2.PaddedCentral.ofAdd_single' depends on axioms: [Quot.sound]
error: GroupApproximation/Manuscript/SimpleKazhdanSofic/LeavittK2/PaddedCentral/Vectors.lean:117:48: Application type mismatch: The argument
  Multiplicative.ofAdd a
has type
  Multiplicative R
but is expected to have type
  ?m.46 p
in the application
  MonoidHom.noncommPiCoprod_mulSingle ?m.48 p (Multiplicative.ofAdd a)
error: GroupApproximation/Manuscript/SimpleKazhdanSofic/LeavittK2/PaddedCentral/Vectors.lean:119:14: 'GroupApproximation.Manuscript.SimpleKazhdanSofic.LeavittK2.PaddedCentral.padCol_single' depends on axioms outside the classical allowlist: [sorryAx]
  full closure: [propext, sorryAx, Classical.choice, Quot.sound]
  permitted: [propext, Classical.choice, Quot.sound]
error: GroupApproximation/Manuscript/SimpleKazhdanSofic/LeavittK2/PaddedCentral/Vectors.lean:125:48: Application type mismatch: The argument
  Multiplicative.ofAdd a
has type
  Multiplicative R
but is expected to have type
  ?m.46 p
in the application
  MonoidHom.noncommPiCoprod_mulSingle ?m.48 p (Multiplicative.ofAdd a)
error: GroupApproximation/Manuscript/SimpleKazhdanSofic/LeavittK2/PaddedCentral/Vectors.lean:127:14: 'GroupApproximation.Manuscript.SimpleKazhdanSofic.LeavittK2.PaddedCentral.padRow_single' depends on axioms outside the classical allowlist: [sorryAx]
  full closure: [propext, sorryAx, Classical.choice, Quot.sound]
  permitted: [propext, Classical.choice, Quot.sound]
info: GroupApproximation/Manuscript/SimpleKazhdanSofic/LeavittK2/PaddedCentral/Vectors.lean:133:14: 'GroupApproximation.Manuscript.SimpleKazhdanSofic.LeavittK2.PaddedCentral.padMat' depends on axioms: [propext,
 Classical.choice,
 Quot.sound]
info: GroupApproximation/Manuscript/SimpleKazhdanSofic/LeavittK2/PaddedCentral/Vectors.lean:142:14: 'GroupApproximation.Manuscript.SimpleKazhdanSofic.LeavittK2.PaddedCentral.padMat_x' depends on axioms: [propext,
 Classical.choice,
 Quot.sound]
info: GroupApproximation/Manuscript/SimpleKazhdanSofic/LeavittK2/PaddedCentral/Vectors.lean:150:14: 'GroupApproximation.Manuscript.SimpleKazhdanSofic.LeavittK2.PaddedCentral.padMat_of_mem_K2' depends on axioms: [propext,
 Classical.choice,
 Quot.sound]
error: Lean exited with code 1
ℹ [4227/4293] Replayed GroupApproximation.BooneHigman.Metabelian.PureCharPrimeEHighWittPolyFun
info: GroupApproximation/BooneHigman/Metabelian/PureCharPrimeEHighWittPolyFun.lean:58:14: 'GroupApproximation.BooneHigman.Metabelian.Coprimary.eHighWitt_polySpace_comp' depends on axioms: [propext,
 Classical.choice,
 Quot.sound]
info: GroupApproximation/BooneHigman/Metabelian/PureCharPrimeEHighWittPolyFun.lean:70:14: 'GroupApproximation.BooneHigman.Metabelian.Coprimary.eHighWitt_polySpace_finite' depends on axioms: [propext,
 Classical.choice,
 Quot.sound]
info: GroupApproximation/BooneHigman/Metabelian/PureCharPrimeEHighWittPolyFun.lean:89:14: 'GroupApproximation.BooneHigman.Metabelian.Coprimary.eHighWitt_polySpace_sep' depends on axioms: [propext,
 Classical.choice,
 Quot.sound]
info: GroupApproximation/BooneHigman/Metabelian/PureCharPrimeEHighWittPolyFun.lean:108:2: 'GroupApproximation.BooneHigman.Metabelian.Coprimary.eHighWitt_exists_polyFun_of_weightPoly' depends on axioms: [propext,
 Classical.choice,
 Quot.sound]
ℹ [4246/4305] Replayed GroupApproximation.BooneHigman.Metabelian.PureCharPrimeEHighWittEChain
info: GroupApproximation/BooneHigman/Metabelian/PureCharPrimeEHighWittEChain.lean:44:14: 'GroupApproximation.BooneHigman.Metabelian.Coprimary.eHighWittE_IsChain' depends on axioms: []
info: GroupApproximation/BooneHigman/Metabelian/PureCharPrimeEHighWittEChain.lean:69:14: 'GroupApproximation.BooneHigman.Metabelian.Coprimary.eHighWittE_val' depends on axioms: [propext,
 Classical.choice,
 Quot.sound]
info: GroupApproximation/BooneHigman/Metabelian/PureCharPrimeEHighWittEChain.lean:86:14: 'GroupApproximation.BooneHigman.Metabelian.Coprimary.eHighWittE_ann' depends on axioms: [propext,
 Classical.choice,
 Quot.sound]
info: GroupApproximation/BooneHigman/Metabelian/PureCharPrimeEHighWittEChain.lean:107:14: 'GroupApproximation.BooneHigman.Metabelian.Coprimary.eHighWittE_ideal' depends on axioms: [propext,
 Classical.choice,
 Quot.sound]
info: GroupApproximation/BooneHigman/Metabelian/PureCharPrimeEHighWittEChain.lean:127:14: 'GroupApproximation.BooneHigman.Metabelian.Coprimary.eHighWittE_baer' depends on axioms: [propext,
 Classical.choice,
 Quot.sound]
info: GroupApproximation/BooneHigman/Metabelian/PureCharPrimeEHighWittEChain.lean:133:14: 'GroupApproximation.BooneHigman.Metabelian.Coprimary.eHighWittE_selfInj' depends on axioms: [propext,
 Classical.choice,
 Quot.sound]
info: GroupApproximation/BooneHigman/Metabelian/PureCharPrimeEHighWittEChain.lean:159:14: 'GroupApproximation.BooneHigman.Metabelian.Coprimary.eHighWittE_exists_ne_zero' depends on axioms: [propext,
 Classical.choice,
 Quot.sound]
info: GroupApproximation/BooneHigman/Metabelian/PureCharPrimeEHighWittEChain.lean:188:14: 'GroupApproximation.BooneHigman.Metabelian.Coprimary.eHighWittE_embed_of_artinian' depends on axioms: [propext,
 Classical.choice,
 Quot.sound]
info: GroupApproximation/BooneHigman/Metabelian/PureCharPrimeEHighWittEChain.lean:206:14: 'GroupApproximation.BooneHigman.Metabelian.Coprimary.eHighWittE_isArtinianRing' depends on axioms: [propext,
 Classical.choice,
 Quot.sound]
ℹ [4248/4308] Replayed GroupApproximation.BooneHigman.Metabelian.PureCharPrimeEHighWittEBase
info: GroupApproximation/BooneHigman/Metabelian/PureCharPrimeEHighWittEBase.lean:41:14: 'GroupApproximation.BooneHigman.Metabelian.Coprimary.eHighWittE_red' depends on axioms: [propext,
 Classical.choice,
 Quot.sound]
info: GroupApproximation/BooneHigman/Metabelian/PureCharPrimeEHighWittEBase.lean:47:14: 'GroupApproximation.BooneHigman.Metabelian.Coprimary.eHighWittE_S' depends on axioms: [propext,
 Classical.choice,
 Quot.sound]
info: GroupApproximation/BooneHigman/Metabelian/PureCharPrimeEHighWittEBase.lean:52:14: 'GroupApproximation.BooneHigman.Metabelian.Coprimary.eHighWittE_D' depends on axioms: [propext,
 Classical.choice,
 Quot.sound]
info: GroupApproximation/BooneHigman/Metabelian/PureCharPrimeEHighWittEBase.lean:65:14: 'GroupApproximation.BooneHigman.Metabelian.Coprimary.eHighWittE_zmod_ker' depends on axioms: [propext,
 Classical.choice,
 Quot.sound]
info: GroupApproximation/BooneHigman/Metabelian/PureCharPrimeEHighWittEBase.lean:81:14: 'GroupApproximation.BooneHigman.Metabelian.Coprimary.eHighWittE_red_eq_zero' depends on axioms: [propext,
 Classical.choice,
 Quot.sound]
info: GroupApproximation/BooneHigman/Metabelian/PureCharPrimeEHighWittEBase.lean:98:14: 'GroupApproximation.BooneHigman.Metabelian.Coprimary.eHighWittE_zmod_cast_eq_zero' depends on axioms: [propext,
 Classical.choice,
 Quot.sound]
info: GroupApproximation/BooneHigman/Metabelian/PureCharPrimeEHighWittEBase.lean:114:14: 'GroupApproximation.BooneHigman.Metabelian.Coprimary.eHighWittE_red_eq_zero_of_pow_mul' depends on axioms: [propext,
 Classical.choice,
 Quot.sound]
info: GroupApproximation/BooneHigman/Metabelian/PureCharPrimeEHighWittEBase.lean:121:14: 'GroupApproximation.BooneHigman.Metabelian.Coprimary.eHighWittE_red_ne_zero_of_mem' depends on axioms: [propext,
 Classical.choice,
 Quot.sound]
info: GroupApproximation/BooneHigman/Metabelian/PureCharPrimeEHighWittEBase.lean:128:14: 'GroupApproximation.BooneHigman.Metabelian.Coprimary.eHighWittE_mem_of_red_ne_zero' depends on axioms: [propext,
 Classical.choice,
 Quot.sound]
info: GroupApproximation/BooneHigman/Metabelian/PureCharPrimeEHighWittEBase.lean:142:14: 'GroupApproximation.BooneHigman.Metabelian.Coprimary.eHighWittE_eq_p_mul_of_red' depends on axioms: [propext,
 Classical.choice,
 Quot.sound]
info: GroupApproximation/BooneHigman/Metabelian/PureCharPrimeEHighWittEBase.lean:157:14: 'GroupApproximation.BooneHigman.Metabelian.Coprimary.eHighWittE_isUnit_or' depends on axioms: [propext,
 Classical.choice,
 Quot.sound]
info: GroupApproximation/BooneHigman/Metabelian/PureCharPrimeEHighWittEBase.lean:166:14: 'GroupApproximation.BooneHigman.Metabelian.Coprimary.eHighWittE_p_pow_eq_zero' depends on axioms: [propext,
 Classical.choice,
 Quot.sound]
info: GroupApproximation/BooneHigman/Metabelian/PureCharPrimeEHighWittEBase.lean:178:14: 'GroupApproximation.BooneHigman.Metabelian.Coprimary.eHighWittE_p_pow_ne_zero' depends on axioms: [propext,
 Classical.choice,
 Quot.sound]
info: GroupApproximation/BooneHigman/Metabelian/PureCharPrimeEHighWittEBase.lean:186:14: 'GroupApproximation.BooneHigman.Metabelian.Coprimary.eHighWittE_isChain' depends on axioms: [propext,
 Classical.choice,
 Quot.sound]
ℹ [4249/4309] Built GroupApproximation.BooneHigman.Metabelian.ElemFPCharZeroK2NilEndpoint (51s)
info: GroupApproximation/BooneHigman/Metabelian/ElemFPCharZeroK2NilEndpoint.lean:66:14: 'GroupApproximation.BooneHigman.Metabelian.ElemFPCharZero.CharZeroK2NilGapStatement' depends on axioms: [propext,
 Classical.choice,
 Quot.sound]
info: GroupApproximation/BooneHigman/Metabelian/ElemFPCharZeroK2NilEndpoint.lean:77:2: 'GroupApproximation.BooneHigman.Metabelian.ElemFPCharZero.charZeroK2NilPos_iff_forall_over' depends on axioms: [propext,
 Classical.choice,
 Quot.sound]
info: GroupApproximation/BooneHigman/Metabelian/ElemFPCharZeroK2NilEndpoint.lean:84:14: 'GroupApproximation.BooneHigman.Metabelian.ElemFPCharZero.charZeroK2NilPos_of_nilGap' depends on axioms: [propext,
 Classical.choice,
 Quot.sound]
info: GroupApproximation/BooneHigman/Metabelian/ElemFPCharZeroK2NilEndpoint.lean:91:14: 'GroupApproximation.BooneHigman.Metabelian.ElemFPCharZero.charZeroK2NilGap_of_nilPos' depends on axioms: [propext,
 Classical.choice,
 Quot.sound]
info: GroupApproximation/BooneHigman/Metabelian/ElemFPCharZeroK2NilEndpoint.lean:99:2: 'GroupApproximation.BooneHigman.Metabelian.ElemFPCharZero.charZeroK2NilFGPos_of_nilGap' depends on axioms: [propext,
 Classical.choice,
 Quot.sound]
info: GroupApproximation/BooneHigman/Metabelian/ElemFPCharZeroK2NilEndpoint.lean:107:2: 'GroupApproximation.BooneHigman.Metabelian.ElemFPCharZero.charZeroStableK2FG_of_base_of_nilGap' depends on axioms: [propext,
 Classical.choice,
 Quot.sound]
info: GroupApproximation/BooneHigman/Metabelian/ElemFPCharZeroK2NilEndpoint.lean:118:2: 'GroupApproximation.BooneHigman.Metabelian.ElemFPCharZero.charZeroK2NilPosOffset_of_gap' depends on axioms: [propext,
 Classical.choice,
 Quot.sound]
ℹ [4251/4309] Built GroupApproximation.BooneHigman.Metabelian.EnvelopeSimpleBridge (71s)
info: GroupApproximation/BooneHigman/Metabelian/EnvelopeSimpleBridge.lean:26:14: 'GroupApproximation.BooneHigman.Metabelian.Envelope.rnCommutatorSimple_of_prime' depends on axioms: [propext,
 Classical.choice,
 Quot.sound]
ℹ [4252/4309] Replayed GroupApproximation.BooneHigman.Metabelian.PureCharPrimeEHighWittTransport
info: GroupApproximation/BooneHigman/Metabelian/PureCharPrimeEHighWittTransport.lean:55:14: 'GroupApproximation.BooneHigman.Metabelian.Coprimary.eHighWitt_transport' depends on axioms: [propext,
 Classical.choice,
 Quot.sound]
ℹ [4253/4311] Replayed GroupApproximation.BooneHigman.Metabelian.PureCharPrimeEHighWittModRedFin
info: GroupApproximation/BooneHigman/Metabelian/PureCharPrimeEHighWittModRedFin.lean:67:14: 'GroupApproximation.BooneHigman.Metabelian.Coprimary.eHighWittModRed_finite' depends on axioms: [propext,
 Classical.choice,
 Quot.sound]
ℹ [4254/4312] Built GroupApproximation.BooneHigman.Metabelian.EnvelopeNormalFormCantor (36s)
info: GroupApproximation/BooneHigman/Metabelian/EnvelopeNormalFormCantor.lean:41:14: 'GroupApproximation.BooneHigman.Metabelian.Envelope.nf_firstWord_succ_prepend' depends on axioms: [propext, Quot.sound]
info: GroupApproximation/BooneHigman/Metabelian/EnvelopeNormalFormCantor.lean:48:14: 'GroupApproximation.BooneHigman.Metabelian.Envelope.nf_eq_of_firstWord_succ' depends on axioms: [propext, Quot.sound]
info: GroupApproximation/BooneHigman/Metabelian/EnvelopeNormalFormCantor.lean:58:14: 'GroupApproximation.BooneHigman.Metabelian.Envelope.nf_cantorHom_prepend_singleton' depends on axioms: [propext,
 Classical.choice,
 Quot.sound]
info: GroupApproximation/BooneHigman/Metabelian/EnvelopeNormalFormCantor.lean:64:14: 'GroupApproximation.BooneHigman.Metabelian.Envelope.nfRootShift' depends on axioms: [propext,
 Classical.choice,
 Quot.sound]
info: GroupApproximation/BooneHigman/Metabelian/EnvelopeNormalFormCantor.lean:71:14: 'GroupApproximation.BooneHigman.Metabelian.Envelope.nfRootShift_apply' depends on axioms: [propext,
 Classical.choice,
 Quot.sound]
info: GroupApproximation/BooneHigman/Metabelian/EnvelopeNormalFormCantor.lean:78:14: 'GroupApproximation.BooneHigman.Metabelian.Envelope.nfRootShift_mem' depends on axioms: [propext,
 Classical.choice,
 Quot.sound]
info: GroupApproximation/BooneHigman/Metabelian/EnvelopeNormalFormCantor.lean:87:14: 'GroupApproximation.BooneHigman.Metabelian.Envelope.nf_not_isStreamPrefix_singleton' depends on axioms: [propext]
info: GroupApproximation/BooneHigman/Metabelian/EnvelopeNormalFormCantor.lean:93:14: 'GroupApproximation.BooneHigman.Metabelian.Envelope.nfLevelProd' depends on axioms: [propext,
 Classical.choice,
 Quot.sound]
info: GroupApproximation/BooneHigman/Metabelian/EnvelopeNormalFormCantor.lean:99:14: 'GroupApproximation.BooneHigman.Metabelian.Envelope.nfLevelProd_cons' depends on axioms: [propext,
 Classical.choice,
 Quot.sound]
info: GroupApproximation/BooneHigman/Metabelian/EnvelopeNormalFormCantor.lean:111:14: 'GroupApproximation.BooneHigman.Metabelian.Envelope.nfLevelProd_apply_of_not_mem' depends on axioms: [propext,
 Classical.choice,
 Quot.sound]
info: GroupApproximation/BooneHigman/Metabelian/EnvelopeNormalFormCantor.lean:127:14: 'GroupApproximation.BooneHigman.Metabelian.Envelope.nfLevelProd_apply_of_mem' depends on axioms: [propext,
 Classical.choice,
 Quot.sound]
info: GroupApproximation/BooneHigman/Metabelian/EnvelopeNormalFormCantor.lean:139:14: 'GroupApproximation.BooneHigman.Metabelian.Envelope.nf_wreath' depends on axioms: [propext,
 Classical.choice,
 Quot.sound]
ℹ [4256/4312] Built GroupApproximation.BooneHigman.Metabelian.EnvelopeVPerfectSplit (43s)
info: GroupApproximation/BooneHigman/Metabelian/EnvelopeVPerfectSplit.lean:48:14: 'GroupApproximation.BooneHigman.Metabelian.Envelope.vPerfectChain_maps' depends on axioms: [propext,
 Classical.choice,
 Quot.sound]
info: GroupApproximation/BooneHigman/Metabelian/EnvelopeVPerfectSplit.lean:73:14: 'GroupApproximation.BooneHigman.Metabelian.Envelope.vPerfectChain_eq_coneSwap' depends on axioms: [propext,
 Classical.choice,
 Quot.sound]
info: GroupApproximation/BooneHigman/Metabelian/EnvelopeVPerfectSplit.lean:81:14: 'GroupApproximation.BooneHigman.Metabelian.Envelope.vPerfectCls' depends on axioms: [propext,
 Classical.choice,
 Quot.sound]
info: GroupApproximation/BooneHigman/Metabelian/EnvelopeVPerfectSplit.lean:90:14: 'GroupApproximation.BooneHigman.Metabelian.Envelope.vPerfectCls_sq' depends on axioms: [propext,
 Classical.choice,
 Quot.sound]
info: GroupApproximation/BooneHigman/Metabelian/EnvelopeVPerfectSplit.lean:102:14: 'GroupApproximation.BooneHigman.Metabelian.Envelope.vPerfectCls_move' depends on axioms: [propext,
 Classical.choice,
 Quot.sound]
info: GroupApproximation/BooneHigman/Metabelian/EnvelopeVPerfectSplit.lean:111:14: 'GroupApproximation.BooneHigman.Metabelian.Envelope.vPerfectCls_symm' depends on axioms: [propext,
 Classical.choice,
 Quot.sound]
ℹ [4257/4312] Replayed GroupApproximation.BooneHigman.Metabelian.PureCharPrimeEHighETwoUnits
info: GroupApproximation/BooneHigman/Metabelian/PureCharPrimeEHighETwoUnits.lean:48:14: 'GroupApproximation.BooneHigman.Metabelian.Coprimary.eHighETwo_autEnd' depends on axioms: [propext, Quot.sound]
info: GroupApproximation/BooneHigman/Metabelian/PureCharPrimeEHighETwoUnits.lean:57:14: 'GroupApproximation.BooneHigman.Metabelian.Coprimary.eHighETwo_lmul_comp' depends on axioms: [propext, Quot.sound]
info: GroupApproximation/BooneHigman/Metabelian/PureCharPrimeEHighETwoUnits.lean:90:14: 'GroupApproximation.BooneHigman.Metabelian.Coprimary.eHighETwo_exists_gl_of_units' depends on axioms: [propext,
 Classical.choice,
 Quot.sound]
ℹ [4258/4312] Built GroupApproximation.BooneHigman.Metabelian.EnvelopeNormalFormLocal (36s)
info: GroupApproximation/BooneHigman/Metabelian/EnvelopeNormalFormLocal.lean:31:14: 'GroupApproximation.BooneHigman.Metabelian.Envelope.nfV' depends on axioms: [propext, Classical.choice, Quot.sound]
info: GroupApproximation/BooneHigman/Metabelian/EnvelopeNormalFormLocal.lean:37:14: 'GroupApproximation.BooneHigman.Metabelian.Envelope.nfH' depends on axioms: [propext, Classical.choice, Quot.sound]
info: GroupApproximation/BooneHigman/Metabelian/EnvelopeNormalFormLocal.lean:43:14: 'GroupApproximation.BooneHigman.Metabelian.Envelope.nfL' depends on axioms: [propext, Classical.choice, Quot.sound]
info: GroupApproximation/BooneHigman/Metabelian/EnvelopeNormalFormLocal.lean:49:14: 'GroupApproximation.BooneHigman.Metabelian.Envelope.nf_toPerm_V' depends on axioms: [propext,
 Classical.choice,
 Quot.sound]
info: GroupApproximation/BooneHigman/Metabelian/EnvelopeNormalFormLocal.lean:55:14: 'GroupApproximation.BooneHigman.Metabelian.Envelope.nf_toPerm_H' depends on axioms: [propext,
 Classical.choice,
 Quot.sound]
info: GroupApproximation/BooneHigman/Metabelian/EnvelopeNormalFormLocal.lean:61:14: 'GroupApproximation.BooneHigman.Metabelian.Envelope.nf_toPerm_L' depends on axioms: [propext,
 Classical.choice,
 Quot.sound]
info: GroupApproximation/BooneHigman/Metabelian/EnvelopeNormalFormLocal.lean:68:14: 'GroupApproximation.BooneHigman.Metabelian.Envelope.nf_mem_ker_iff' depends on axioms: [propext,
 Classical.choice,
 Quot.sound]
info: GroupApproximation/BooneHigman/Metabelian/EnvelopeNormalFormLocal.lean:76:14: 'GroupApproximation.BooneHigman.Metabelian.Envelope.nfCommRelators' depends on axioms: [propext,
 Classical.choice,
 Quot.sound]
info: GroupApproximation/BooneHigman/Metabelian/EnvelopeNormalFormLocal.lean:90:14: 'GroupApproximation.BooneHigman.Metabelian.Envelope.nfCommRelators_subset_ker' depends on axioms: [propext,
 Classical.choice,
 Quot.sound]
info: GroupApproximation/BooneHigman/Metabelian/EnvelopeNormalFormLocal.lean:100:14: 'GroupApproximation.BooneHigman.Metabelian.Envelope.nfDisjRelators' depends on axioms: [propext,
 Classical.choice,
 Quot.sound]
info: GroupApproximation/BooneHigman/Metabelian/EnvelopeNormalFormLocal.lean:110:14: 'GroupApproximation.BooneHigman.Metabelian.Envelope.nfDisjRelators_subset_ker' depends on axioms: [propext,
 Classical.choice,
 Quot.sound]
ℹ [4259/4312] Built GroupApproximation.BooneHigman.Metabelian.AbsorptionSuslinEuclidInstances (131s)
info: GroupApproximation/BooneHigman/Metabelian/AbsorptionSuslinEuclidInstances.lean:39:2: 'GroupApproximation.BooneHigman.Metabelian.Absorption.hasWellFoundedDivision_of_euclideanDomain' depends on axioms: [propext]
info: GroupApproximation/BooneHigman/Metabelian/AbsorptionSuslinEuclidInstances.lean:48:2: 'GroupApproximation.BooneHigman.Metabelian.Absorption.specialLinearInElementary_zmodPolynomial' depends on axioms: [propext,
 Classical.choice,
 Quot.sound]
info: GroupApproximation/BooneHigman/Metabelian/AbsorptionSuslinEuclidInstances.lean:56:14: 'GroupApproximation.BooneHigman.Metabelian.Absorption.suslinAwaySize' depends on axioms: [propext,
 Classical.choice,
 Quot.sound]
info: GroupApproximation/BooneHigman/Metabelian/AbsorptionSuslinEuclidInstances.lean:67:14: 'GroupApproximation.BooneHigman.Metabelian.Absorption.suslinAwaySize_spec' depends on axioms: [propext,
 Classical.choice,
 Quot.sound]
info: GroupApproximation/BooneHigman/Metabelian/AbsorptionSuslinEuclidInstances.lean:76:14: 'GroupApproximation.BooneHigman.Metabelian.Absorption.suslinAwaySize_le' depends on axioms: [propext,
 Classical.choice,
 Quot.sound]
info: GroupApproximation/BooneHigman/Metabelian/AbsorptionSuslinEuclidInstances.lean:126:14: 'GroupApproximation.BooneHigman.Metabelian.Absorption.hasWellFoundedDivision_away' depends on axioms: [propext,
 Classical.choice,
 Quot.sound]
info: GroupApproximation/BooneHigman/Metabelian/AbsorptionSuslinEuclidInstances.lean:133:14: 'GroupApproximation.BooneHigman.Metabelian.Absorption.specialLinearInElementary_away' depends on axioms: [propext,
 Classical.choice,
 Quot.sound]
✖ [4260/4316] Building GroupApproximation.BooneHigman.Metabelian.PureCharPrimeEHighWittECoeff (49s)
trace: .> LEAN_PATH=/projects/standard/hsiehph/sauer354/nonsofic_existence/.lake/packages/Cli/.lake/build/lib/lean:/projects/standard/hsiehph/sauer354/nonsofic_existence/.lake/packages/batteries/.lake/build/lib/lean:/projects/standard/hsiehph/sauer354/nonsofic_existence/.lake/packages/Qq/.lake/build/lib/lean:/projects/standard/hsiehph/sauer354/nonsofic_existence/.lake/packages/aesop/.lake/build/lib/lean:/projects/standard/hsiehph/sauer354/nonsofic_existence/.lake/packages/proofwidgets/.lake/build/lib/lean:/projects/standard/hsiehph/sauer354/nonsofic_existence/.lake/packages/importGraph/.lake/build/lib/lean:/projects/standard/hsiehph/sauer354/nonsofic_existence/.lake/packages/LeanSearchClient/.lake/build/lib/lean:/projects/standard/hsiehph/sauer354/nonsofic_existence/.lake/packages/plausible/.lake/build/lib/lean:/projects/standard/hsiehph/sauer354/nonsofic_existence/.lake/packages/mathlib/.lake/build/lib/lean:/projects/standard/hsiehph/sauer354/nonsofic_existence/.lake/build/lib/lean /projects/standard/hsiehph/sauer354/.elan/toolchains/leanprover--lean4---v4.32.0/bin/lean -DwarningAsError=true /projects/standard/hsiehph/sauer354/nonsofic_existence/GroupApproximation/BooneHigman/Metabelian/PureCharPrimeEHighWittECoeff.lean -o /projects/standard/hsiehph/sauer354/nonsofic_existence/.lake/build/lib/lean/GroupApproximation/BooneHigman/Metabelian/PureCharPrimeEHighWittECoeff.olean -i /projects/standard/hsiehph/sauer354/nonsofic_existence/.lake/build/lib/lean/GroupApproximation/BooneHigman/Metabelian/PureCharPrimeEHighWittECoeff.ilean -c /projects/standard/hsiehph/sauer354/nonsofic_existence/.lake/build/ir/GroupApproximation/BooneHigman/Metabelian/PureCharPrimeEHighWittECoeff.c --setup /projects/standard/hsiehph/sauer354/nonsofic_existence/.lake/build/ir/GroupApproximation/BooneHigman/Metabelian/PureCharPrimeEHighWittECoeff.setup.json --json
info: GroupApproximation/BooneHigman/Metabelian/PureCharPrimeEHighWittECoeff.lean:32:14: 'GroupApproximation.BooneHigman.Metabelian.Coprimary.eHighWittE_init_coeff_lt' depends on axioms: [propext,
 Classical.choice,
 Quot.sound]
info: GroupApproximation/BooneHigman/Metabelian/PureCharPrimeEHighWittECoeff.lean:40:14: 'GroupApproximation.BooneHigman.Metabelian.Coprimary.eHighWittE_init_coeff_ge' depends on axioms: [propext,
 Classical.choice,
 Quot.sound]
info: GroupApproximation/BooneHigman/Metabelian/PureCharPrimeEHighWittECoeff.lean:48:14: 'GroupApproximation.BooneHigman.Metabelian.Coprimary.eHighWittE_tail_coeff_lt' depends on axioms: [propext,
 Classical.choice,
 Quot.sound]
info: GroupApproximation/BooneHigman/Metabelian/PureCharPrimeEHighWittECoeff.lean:56:14: 'GroupApproximation.BooneHigman.Metabelian.Coprimary.eHighWittE_tail_coeff_ge' depends on axioms: [propext,
 Classical.choice,
 Quot.sound]
info: GroupApproximation/BooneHigman/Metabelian/PureCharPrimeEHighWittECoeff.lean:65:14: 'GroupApproximation.BooneHigman.Metabelian.Coprimary.eHighWittE_decomp' depends on axioms: [propext,
 Classical.choice,
 Quot.sound]
error: GroupApproximation/BooneHigman/Metabelian/PureCharPrimeEHighWittECoeff.lean:67:0: automatically included section variable(s) unused in theorem `GroupApproximation.BooneHigman.Metabelian.Coprimary.eHighWittE_shift_coeff_zero`:
  [Fact (Nat.Prime p)]
consider restructuring your `variable` declarations so that the variables are not in scope or explicitly omit them:
  omit [Fact (Nat.Prime p)] in theorem ...

Note: This linter can be disabled with `set_option linter.unusedSectionVars false`
info: GroupApproximation/BooneHigman/Metabelian/PureCharPrimeEHighWittECoeff.lean:71:14: 'GroupApproximation.BooneHigman.Metabelian.Coprimary.eHighWittE_shift_coeff_zero' depends on axioms: [propext,
 Classical.choice,
 Quot.sound]
info: GroupApproximation/BooneHigman/Metabelian/PureCharPrimeEHighWittECoeff.lean:95:14: 'GroupApproximation.BooneHigman.Metabelian.Coprimary.eHighWittE_coeff_add_V' depends on axioms: [propext,
 Classical.choice,
 Quot.sound]
info: GroupApproximation/BooneHigman/Metabelian/PureCharPrimeEHighWittECoeff.lean:110:14: 'GroupApproximation.BooneHigman.Metabelian.Coprimary.eHighWittE_coeff_add' depends on axioms: [propext,
 Classical.choice,
 Quot.sound]
info: GroupApproximation/BooneHigman/Metabelian/PureCharPrimeEHighWittECoeff.lean:122:14: 'GroupApproximation.BooneHigman.Metabelian.Coprimary.eHighWittE_coeff_mul' depends on axioms: [propext,
 Classical.choice,
 Quot.sound]
error: Lean exited with code 1
ℹ [4269/4319] Replayed GroupApproximation.BooneHigman.Metabelian.PureCharPrimeEHighCoprimaryTrans
info: GroupApproximation/BooneHigman/Metabelian/PureCharPrimeEHighCoprimaryTrans.lean:32:14: 'GroupApproximation.BooneHigman.Metabelian.Coprimary.eHighCoprimaryTrans' depends on axioms: [propext, Quot.sound]
info: GroupApproximation/BooneHigman/Metabelian/PureCharPrimeEHighCoprimaryTrans.lean:38:14: 'GroupApproximation.BooneHigman.Metabelian.Coprimary.eHighCoprimaryTrans_zero' depends on axioms: [propext, Quot.sound]
info: GroupApproximation/BooneHigman/Metabelian/PureCharPrimeEHighCoprimaryTrans.lean:47:14: 'GroupApproximation.BooneHigman.Metabelian.Coprimary.eHighCoprimaryTrans_add' depends on axioms: [propext,
 Classical.choice,
 Quot.sound]
info: GroupApproximation/BooneHigman/Metabelian/PureCharPrimeEHighCoprimaryTrans.lean:54:14: 'GroupApproximation.BooneHigman.Metabelian.Coprimary.eHighCoprimaryDiag' depends on axioms: [propext, Quot.sound]
info: GroupApproximation/BooneHigman/Metabelian/PureCharPrimeEHighCoprimaryTrans.lean:60:14: 'GroupApproximation.BooneHigman.Metabelian.Coprimary.eHighCoprimaryDiag_one' depends on axioms: [propext, Quot.sound]
info: GroupApproximation/BooneHigman/Metabelian/PureCharPrimeEHighCoprimaryTrans.lean:68:14: 'GroupApproximation.BooneHigman.Metabelian.Coprimary.eHighCoprimaryDiag_mul' depends on axioms: [propext,
 Classical.choice,
 Quot.sound]
info: GroupApproximation/BooneHigman/Metabelian/PureCharPrimeEHighCoprimaryTrans.lean:77:14: 'GroupApproximation.BooneHigman.Metabelian.Coprimary.eHighCoprimaryTrans_mul_diag' depends on axioms: [propext,
 Classical.choice,
 Quot.sound]
info: GroupApproximation/BooneHigman/Metabelian/PureCharPrimeEHighCoprimaryTrans.lean:92:14: 'GroupApproximation.BooneHigman.Metabelian.Coprimary.eHighCoprimaryTransHom' depends on axioms: [propext,
 Classical.choice,
 Quot.sound]
info: GroupApproximation/BooneHigman/Metabelian/PureCharPrimeEHighCoprimaryTrans.lean:107:14: 'GroupApproximation.BooneHigman.Metabelian.Coprimary.eHighCoprimaryDiagHom' depends on axioms: [propext,
 Classical.choice,
 Quot.sound]
info: GroupApproximation/BooneHigman/Metabelian/PureCharPrimeEHighCoprimaryTrans.lean:115:14: 'GroupApproximation.BooneHigman.Metabelian.Coprimary.eHighCoprimaryReindex' depends on axioms: [propext,
 Classical.choice,
 Quot.sound]
info: GroupApproximation/BooneHigman/Metabelian/PureCharPrimeEHighCoprimaryTrans.lean:164:2: 'GroupApproximation.BooneHigman.Metabelian.Coprimary.eHighCoprimary_exists_gl_of_additive' depends on axioms: [propext,
 Classical.choice,
 Quot.sound]
ℹ [4270/4320] Replayed GroupApproximation.BooneHigman.Metabelian.PureCharPrimeEHighMixedFinite
info: GroupApproximation/BooneHigman/Metabelian/PureCharPrimeEHighMixedFinite.lean:46:14: 'GroupApproximation.BooneHigman.Metabelian.Coprimary.eHighMixed_transPerm' depends on axioms: [propext,
 Classical.choice,
 Quot.sound]
info: GroupApproximation/BooneHigman/Metabelian/PureCharPrimeEHighMixedFinite.lean:56:14: 'GroupApproximation.BooneHigman.Metabelian.Coprimary.eHighMixed_transPerm_injective' depends on axioms: [propext,
 Classical.choice,
 Quot.sound]
info: GroupApproximation/BooneHigman/Metabelian/PureCharPrimeEHighMixedFinite.lean:77:14: 'GroupApproximation.BooneHigman.Metabelian.Coprimary.eHighMixed_actPerm' depends on axioms: [propext,
 Classical.choice,
 Quot.sound]
info: GroupApproximation/BooneHigman/Metabelian/PureCharPrimeEHighMixedFinite.lean:89:14: 'GroupApproximation.BooneHigman.Metabelian.Coprimary.eHighMixed_transPerm_conj' depends on axioms: [propext,
 Classical.choice,
 Quot.sound]
info: GroupApproximation/BooneHigman/Metabelian/PureCharPrimeEHighMixedFinite.lean:114:2: 'GroupApproximation.BooneHigman.Metabelian.Coprimary.eHighMixed_permMatrixUnits_injective' depends on axioms: [propext,
 Classical.choice,
 Quot.sound]
info: GroupApproximation/BooneHigman/Metabelian/PureCharPrimeEHighMixedFinite.lean:122:14: 'GroupApproximation.BooneHigman.Metabelian.Coprimary.eHighMixed_permRep' depends on axioms: [propext,
 Classical.choice,
 Quot.sound]
info: GroupApproximation/BooneHigman/Metabelian/PureCharPrimeEHighMixedFinite.lean:134:14: 'GroupApproximation.BooneHigman.Metabelian.Coprimary.eHighMixed_permRep_injective' depends on axioms: [propext,
 Classical.choice,
 Quot.sound]
info: GroupApproximation/BooneHigman/Metabelian/PureCharPrimeEHighMixedFinite.lean:158:14: 'GroupApproximation.BooneHigman.Metabelian.Coprimary.eHighMixed_exists_gl_of_finite' depends on axioms: [propext,
 Classical.choice,
 Quot.sound]
info: GroupApproximation/BooneHigman/Metabelian/PureCharPrimeEHighMixedFinite.lean:175:2: 'GroupApproximation.BooneHigman.Metabelian.Coprimary.eHighMixed_exists_gl_of_finite_charP' depends on axioms: [propext,
 Classical.choice,
 Quot.sound]
ℹ [4271/4320] Replayed GroupApproximation.BooneHigman.Metabelian.PureCharPrimeEHighCoprimaryFp
info: GroupApproximation/BooneHigman/Metabelian/PureCharPrimeEHighCoprimaryFp.lean:39:14: 'GroupApproximation.BooneHigman.Metabelian.Coprimary.eHighCoprimaryEnd' depends on axioms: [propext,
 Classical.choice,
 Quot.sound]
info: GroupApproximation/BooneHigman/Metabelian/PureCharPrimeEHighCoprimaryFp.lean:45:14: 'GroupApproximation.BooneHigman.Metabelian.Coprimary.eHighCoprimaryEnd_apply' depends on axioms: [propext,
 Classical.choice,
 Quot.sound]
info: GroupApproximation/BooneHigman/Metabelian/PureCharPrimeEHighCoprimaryFp.lean:61:14: 'GroupApproximation.BooneHigman.Metabelian.Coprimary.eHighCoprimaryRep' depends on axioms: [propext,
 Classical.choice,
 Quot.sound]
info: GroupApproximation/BooneHigman/Metabelian/PureCharPrimeEHighCoprimaryFp.lean:69:14: 'GroupApproximation.BooneHigman.Metabelian.Coprimary.eHighCoprimaryAlgHom' depends on axioms: [propext,
 Classical.choice,
 Quot.sound]
info: GroupApproximation/BooneHigman/Metabelian/PureCharPrimeEHighCoprimaryFp.lean:76:14: 'GroupApproximation.BooneHigman.Metabelian.Coprimary.eHighCoprimaryAlgHom_of' depends on axioms: [propext,
 Classical.choice,
 Quot.sound]
info: GroupApproximation/BooneHigman/Metabelian/PureCharPrimeEHighCoprimaryFp.lean:83:14: 'GroupApproximation.BooneHigman.Metabelian.Coprimary.eHighCoprimaryFpModule' depends on axioms: [propext,
 Classical.choice,
 Quot.sound]
info: GroupApproximation/BooneHigman/Metabelian/PureCharPrimeEHighCoprimaryFp.lean:137:14: 'GroupApproximation.BooneHigman.Metabelian.Coprimary.eHighCoprimaryFp_finite' depends on axioms: [propext,
 Classical.choice,
 Quot.sound]
ℹ [4272/4320] Replayed GroupApproximation.BooneHigman.Metabelian.PureCharPrimeEHighDevissageStatement
info: GroupApproximation/BooneHigman/Metabelian/PureCharPrimeEHighDevissageStatement.lean:83:14: 'GroupApproximation.BooneHigman.Metabelian.Coprimary.EHighDevissageCoprimaryStatement' depends on axioms: [propext,
 Classical.choice,
 Quot.sound]
ℹ [4274/4325] Built GroupApproximation.BooneHigman.Metabelian.PureCharPrimeEHighWittENorm (53s)
info: GroupApproximation/BooneHigman/Metabelian/PureCharPrimeEHighWittENorm.lean:77:14: 'GroupApproximation.BooneHigman.Metabelian.Coprimary.eHighWittE_normalization' depends on axioms: [propext,
 Classical.choice,
 Quot.sound]
ℹ [4275/4325] Built GroupApproximation.BooneHigman.Metabelian.EnvelopeFiniteIndex (71s)
info: GroupApproximation/BooneHigman/Metabelian/EnvelopeFiniteIndex.lean:48:14: 'GroupApproximation.BooneHigman.Metabelian.Envelope.RNGeneratorTorsionStatement' depends on axioms: [propext,
 Classical.choice,
 Quot.sound]
info: GroupApproximation/BooneHigman/Metabelian/EnvelopeFiniteIndex.lean:58:14: 'GroupApproximation.BooneHigman.Metabelian.Envelope.rnFiniteIndex_of_generatorTorsion' depends on axioms: [propext,
 Classical.choice,
 Quot.sound]
ℹ [4277/4325] Built GroupApproximation.BooneHigman.Metabelian.ElemFPZInvK2Endpoint (50s)
info: GroupApproximation/BooneHigman/Metabelian/ElemFPZInvK2Endpoint.lean:70:2: 'GroupApproximation.BooneHigman.Metabelian.ElemFPCharZero.CharZeroK2CubeGapPosStatement' depends on axioms: [propext,
 Classical.choice,
 Quot.sound]
info: GroupApproximation/BooneHigman/Metabelian/ElemFPZInvK2Endpoint.lean:81:2: 'GroupApproximation.BooneHigman.Metabelian.ElemFPCharZero.charZeroK2NilGap_of_cubeGapPos' depends on axioms: [propext,
 Classical.choice,
 Quot.sound]
info: GroupApproximation/BooneHigman/Metabelian/ElemFPZInvK2Endpoint.lean:89:2: 'GroupApproximation.BooneHigman.Metabelian.ElemFPCharZero.charZeroK2CubeGapPos_of_nilGap' depends on axioms: [propext,
 Classical.choice,
 Quot.sound]
info: GroupApproximation/BooneHigman/Metabelian/ElemFPZInvK2Endpoint.lean:97:2: 'GroupApproximation.BooneHigman.Metabelian.ElemFPCharZero.charZeroK2NilPos_of_cubeGapPos' depends on axioms: [propext,
 Classical.choice,
 Quot.sound]
info: GroupApproximation/BooneHigman/Metabelian/ElemFPZInvK2Endpoint.lean:105:2: 'GroupApproximation.BooneHigman.Metabelian.ElemFPCharZero.charZeroStableK2FG_of_base_of_cubeGapPos' depends on axioms: [propext,
 Classical.choice,
 Quot.sound]
info: GroupApproximation/BooneHigman/Metabelian/ElemFPZInvK2Endpoint.lean:114:2: 'GroupApproximation.BooneHigman.Metabelian.ElemFPCharZero.charZeroStableK2FG_of_basePos_of_cubeGapPos' depends on axioms: [propext,
 Classical.choice,
 Quot.sound]
ℹ [4279/4325] Built GroupApproximation.BooneHigman.Metabelian.ChainWiredEnvelope (65s)
info: GroupApproximation/BooneHigman/Metabelian/ChainWiredEnvelope.lean:50:14: 'GroupApproximation.BooneHigman.Metabelian.Chain.rnFinitelyPresented_of_prime' depends on axioms: [propext,
 Classical.choice,
 Quot.sound]
info: GroupApproximation/BooneHigman/Metabelian/ChainWiredEnvelope.lean:73:14: 'GroupApproximation.BooneHigman.Metabelian.Chain.fpSelfSimilarEnvelope_of_frontier' depends on axioms: [propext,
 Classical.choice,
 Quot.sound]
ℹ [4284/4325] Built GroupApproximation.BooneHigman.Metabelian.EnvelopeNormalFormSplit (37s)
info: GroupApproximation/BooneHigman/Metabelian/EnvelopeNormalFormSplit.lean:43:14: 'GroupApproximation.BooneHigman.Metabelian.Envelope.nf_prod_conj_eq' depends on axioms: [propext,
 Classical.choice,
 Quot.sound]
info: GroupApproximation/BooneHigman/Metabelian/EnvelopeNormalFormSplit.lean:56:14: 'GroupApproximation.BooneHigman.Metabelian.Envelope.nfSplitRelators' depends on axioms: [propext,
 Classical.choice,
 Quot.sound]
info: GroupApproximation/BooneHigman/Metabelian/EnvelopeNormalFormSplit.lean:65:14: 'GroupApproximation.BooneHigman.Metabelian.Envelope.nfSplitRelators_subset_ker' depends on axioms: [propext,
 Classical.choice,
 Quot.sound]
info: GroupApproximation/BooneHigman/Metabelian/EnvelopeNormalFormSplit.lean:78:14: 'GroupApproximation.BooneHigman.Metabelian.Envelope.nfRootRelators' depends on axioms: [propext,
 Classical.choice,
 Quot.sound]
info: GroupApproximation/BooneHigman/Metabelian/EnvelopeNormalFormSplit.lean:87:14: 'GroupApproximation.BooneHigman.Metabelian.Envelope.nfRootRelators_subset_ker' depends on axioms: [propext,
 Classical.choice,
 Quot.sound]
info: GroupApproximation/BooneHigman/Metabelian/EnvelopeNormalFormSplit.lean:93:14: 'GroupApproximation.BooneHigman.Metabelian.Envelope.nfRelators' depends on axioms: [propext,
 Classical.choice,
 Quot.sound]
info: GroupApproximation/BooneHigman/Metabelian/EnvelopeNormalFormSplit.lean:103:14: 'GroupApproximation.BooneHigman.Metabelian.Envelope.nfRelators_subset_ker' depends on axioms: [propext,
 Classical.choice,
 Quot.sound]
✖ [4285/4325] Building GroupApproximation.BooneHigman.Metabelian.PureCharPrimeEHighArtinHasseAlg (73s)
trace: .> LEAN_PATH=/projects/standard/hsiehph/sauer354/nonsofic_existence/.lake/packages/Cli/.lake/build/lib/lean:/projects/standard/hsiehph/sauer354/nonsofic_existence/.lake/packages/batteries/.lake/build/lib/lean:/projects/standard/hsiehph/sauer354/nonsofic_existence/.lake/packages/Qq/.lake/build/lib/lean:/projects/standard/hsiehph/sauer354/nonsofic_existence/.lake/packages/aesop/.lake/build/lib/lean:/projects/standard/hsiehph/sauer354/nonsofic_existence/.lake/packages/proofwidgets/.lake/build/lib/lean:/projects/standard/hsiehph/sauer354/nonsofic_existence/.lake/packages/importGraph/.lake/build/lib/lean:/projects/standard/hsiehph/sauer354/nonsofic_existence/.lake/packages/LeanSearchClient/.lake/build/lib/lean:/projects/standard/hsiehph/sauer354/nonsofic_existence/.lake/packages/plausible/.lake/build/lib/lean:/projects/standard/hsiehph/sauer354/nonsofic_existence/.lake/packages/mathlib/.lake/build/lib/lean:/projects/standard/hsiehph/sauer354/nonsofic_existence/.lake/build/lib/lean /projects/standard/hsiehph/sauer354/.elan/toolchains/leanprover--lean4---v4.32.0/bin/lean -DwarningAsError=true /projects/standard/hsiehph/sauer354/nonsofic_existence/GroupApproximation/BooneHigman/Metabelian/PureCharPrimeEHighArtinHasseAlg.lean -o /projects/standard/hsiehph/sauer354/nonsofic_existence/.lake/build/lib/lean/GroupApproximation/BooneHigman/Metabelian/PureCharPrimeEHighArtinHasseAlg.olean -i /projects/standard/hsiehph/sauer354/nonsofic_existence/.lake/build/lib/lean/GroupApproximation/BooneHigman/Metabelian/PureCharPrimeEHighArtinHasseAlg.ilean -c /projects/standard/hsiehph/sauer354/nonsofic_existence/.lake/build/ir/GroupApproximation/BooneHigman/Metabelian/PureCharPrimeEHighArtinHasseAlg.c --setup /projects/standard/hsiehph/sauer354/nonsofic_existence/.lake/build/ir/GroupApproximation/BooneHigman/Metabelian/PureCharPrimeEHighArtinHasseAlg.setup.json --json
info: GroupApproximation/BooneHigman/Metabelian/PureCharPrimeEHighArtinHasseAlg.lean:54:14: 'GroupApproximation.BooneHigman.Metabelian.Coprimary.eHighArtinHasse_precomp' depends on axioms: [propext, Quot.sound]
info: GroupApproximation/BooneHigman/Metabelian/PureCharPrimeEHighArtinHasseAlg.lean:70:14: 'GroupApproximation.BooneHigman.Metabelian.Coprimary.eHighArtinHasse_trans' depends on axioms: [propext, Quot.sound]
info: GroupApproximation/BooneHigman/Metabelian/PureCharPrimeEHighArtinHasseAlg.lean:85:14: 'GroupApproximation.BooneHigman.Metabelian.Coprimary.eHighArtinHasse_psi' depends on axioms: [propext, Quot.sound]
info: GroupApproximation/BooneHigman/Metabelian/PureCharPrimeEHighArtinHasseAlg.lean:94:14: 'GroupApproximation.BooneHigman.Metabelian.Coprimary.eHighArtinHasse_conj' depends on axioms: [propext, Quot.sound]
info: GroupApproximation/BooneHigman/Metabelian/PureCharPrimeEHighArtinHasseAlg.lean:110:14: 'GroupApproximation.BooneHigman.Metabelian.Coprimary.eHighArtinHasse_conj_trans' depends on axioms: [propext,
 Quot.sound]
info: GroupApproximation/BooneHigman/Metabelian/PureCharPrimeEHighArtinHasseAlg.lean:140:14: 'GroupApproximation.BooneHigman.Metabelian.Coprimary.eHighArtinHasse_conj_mul' depends on axioms: [propext, Quot.sound]
info: GroupApproximation/BooneHigman/Metabelian/PureCharPrimeEHighArtinHasseAlg.lean:161:14: 'GroupApproximation.BooneHigman.Metabelian.Coprimary.eHighArtinHasse_conj_one' depends on axioms: [propext, Quot.sound]
info: GroupApproximation/BooneHigman/Metabelian/PureCharPrimeEHighArtinHasseAlg.lean:168:14: 'GroupApproximation.BooneHigman.Metabelian.Coprimary.eHighArtinHasse_alg' depends on axioms: [propext,
 Classical.choice,
 Quot.sound]
info: GroupApproximation/BooneHigman/Metabelian/PureCharPrimeEHighArtinHasseAlg.lean:187:14: 'GroupApproximation.BooneHigman.Metabelian.Coprimary.eHighArtinHasse_conj_mem' depends on axioms: [propext,
 Classical.choice,
 Quot.sound]
info: GroupApproximation/BooneHigman/Metabelian/PureCharPrimeEHighArtinHasseAlg.lean:194:14: 'GroupApproximation.BooneHigman.Metabelian.Coprimary.eHighArtinHasse_restr' depends on axioms: [propext, Quot.sound]
error: GroupApproximation/BooneHigman/Metabelian/PureCharPrimeEHighArtinHasseAlg.lean:203:2: (deterministic) timeout at `whnf`, maximum number of heartbeats (200000) has been reached

Note: Use `set_option maxHeartbeats <num>` to set the limit.

Hint: Additional diagnostic information may be available using the `set_option diagnostics true` command.
error: GroupApproximation/BooneHigman/Metabelian/PureCharPrimeEHighArtinHasseAlg.lean:206:14: Unknown constant `GroupApproximation.BooneHigman.Metabelian.Coprimary.eHighArtinHasse_conjB`
error: GroupApproximation/BooneHigman/Metabelian/PureCharPrimeEHighArtinHasseAlg.lean:214:5: Function expected at
  eHighArtinHasse_conjB
but this term has type
  ?m.1

Note: Expected a function because this term is being applied to the argument
  act

Hint: The identifier `eHighArtinHasse_conjB` is unknown, and Lean's `autoImplicit` option causes an unknown identifier to be treated as an implicitly bound variable with an unknown type. However, the unknown type cannot be a function, and a function is what Lean expects here. This is often the result of a typo or a missing `import` or `open` statement.
error: GroupApproximation/BooneHigman/Metabelian/PureCharPrimeEHighArtinHasseAlg.lean:218:14: 'GroupApproximation.BooneHigman.Metabelian.Coprimary.eHighArtinHasse_conjB_val' depends on axioms outside the classical allowlist: [sorryAx]
  full closure: [propext, sorryAx, Classical.choice, Quot.sound]
  permitted: [propext, Classical.choice, Quot.sound]
error: GroupApproximation/BooneHigman/Metabelian/PureCharPrimeEHighArtinHasseAlg.lean:226:4: Function expected at
  eHighArtinHasse_conjB
but this term has type
  ?m.1

Note: Expected a function because this term is being applied to the argument
  act

Hint: The identifier `eHighArtinHasse_conjB` is unknown, and Lean's `autoImplicit` option causes an unknown identifier to be treated as an implicitly bound variable with an unknown type. However, the unknown type cannot be a function, and a function is what Lean expects here. This is often the result of a typo or a missing `import` or `open` statement.
error: GroupApproximation/BooneHigman/Metabelian/PureCharPrimeEHighArtinHasseAlg.lean:227:6: Function expected at
  eHighArtinHasse_conjB
but this term has type
  ?m.1

Note: Expected a function because this term is being applied to the argument
  act

Hint: The identifier `eHighArtinHasse_conjB` is unknown, and Lean's `autoImplicit` option causes an unknown identifier to be treated as an implicitly bound variable with an unknown type. However, the unknown type cannot be a function, and a function is what Lean expects here. This is often the result of a typo or a missing `import` or `open` statement.
error: GroupApproximation/BooneHigman/Metabelian/PureCharPrimeEHighArtinHasseAlg.lean:233:14: Unknown constant `GroupApproximation.BooneHigman.Metabelian.Coprimary.eHighArtinHasse_conjB_mul`
error: GroupApproximation/BooneHigman/Metabelian/PureCharPrimeEHighArtinHasseAlg.lean:241:4: Function expected at
  eHighArtinHasse_conjB
but this term has type
  ?m.1

Note: Expected a function because this term is being applied to the argument
  act

Hint: The identifier `eHighArtinHasse_conjB` is unknown, and Lean's `autoImplicit` option causes an unknown identifier to be treated as an implicitly bound variable with an unknown type. However, the unknown type cannot be a function, and a function is what Lean expects here. This is often the result of a typo or a missing `import` or `open` statement.
error: GroupApproximation/BooneHigman/Metabelian/PureCharPrimeEHighArtinHasseAlg.lean:246:14: 'GroupApproximation.BooneHigman.Metabelian.Coprimary.eHighArtinHasse_conjB_one' depends on axioms outside the classical allowlist: [sorryAx]
  full closure: [propext, sorryAx, Classical.choice, Quot.sound]
  permitted: [propext, Classical.choice, Quot.sound]
error: GroupApproximation/BooneHigman/Metabelian/PureCharPrimeEHighArtinHasseAlg.lean:255:32: Unknown identifier `eHighArtinHasse_conjB`
error: GroupApproximation/BooneHigman/Metabelian/PureCharPrimeEHighArtinHasseAlg.lean:256:5: Unknown identifier `eHighArtinHasse_conjB`
error: GroupApproximation/BooneHigman/Metabelian/PureCharPrimeEHighArtinHasseAlg.lean:258:48: Unknown identifier `eHighArtinHasse_conjB_mul`
error: GroupApproximation/BooneHigman/Metabelian/PureCharPrimeEHighArtinHasseAlg.lean:257:25: unsolved goals
L M Q : Type
inst✝² : Field L
inst✝¹ : AddCommGroup M
inst✝ : Group Q
act : Q → M → M
hadd : ∀ (q : Q) (x y : M), act q (x + y) = act q x + act q y
hmul : ∀ (q r : Q) (x : M), act (q * r) x = act q (act r x)
hone : ∀ (x : M), act 1 x = x
V : Submodule L (M → L)
htrans : ∀ (m : M), ∀ f ∈ V, (fun x => f (x + m)) ∈ V
hact : ∀ (q : Q), ∀ f ∈ V, (fun x => f (act q x)) ∈ V
q : Q
b : ↥(eHighArtinHasse_alg V htrans)
⊢ sorry (sorry b) = b
error: GroupApproximation/BooneHigman/Metabelian/PureCharPrimeEHighArtinHasseAlg.lean:261:48: Unknown identifier `eHighArtinHasse_conjB_mul`
error: GroupApproximation/BooneHigman/Metabelian/PureCharPrimeEHighArtinHasseAlg.lean:260:25: unsolved goals
L M Q : Type
inst✝² : Field L
inst✝¹ : AddCommGroup M
inst✝ : Group Q
act : Q → M → M
hadd : ∀ (q : Q) (x y : M), act q (x + y) = act q x + act q y
hmul : ∀ (q r : Q) (x : M), act (q * r) x = act q (act r x)
hone : ∀ (x : M), act 1 x = x
V : Submodule L (M → L)
htrans : ∀ (m : M), ∀ f ∈ V, (fun x => f (x + m)) ∈ V
hact : ∀ (q : Q), ∀ f ∈ V, (fun x => f (act q x)) ∈ V
q : Q
b : ↥(eHighArtinHasse_alg V htrans)
⊢ sorry (sorry b) = b
error: GroupApproximation/BooneHigman/Metabelian/PureCharPrimeEHighArtinHasseAlg.lean:268:10: Unknown identifier `eHighArtinHasse_conjB_mul`
error: GroupApproximation/BooneHigman/Metabelian/PureCharPrimeEHighArtinHasseAlg.lean:270:14: 'GroupApproximation.BooneHigman.Metabelian.Coprimary.eHighArtinHasse_sigma' depends on axioms outside the classical allowlist: [sorryAx]
  full closure: [propext, sorryAx, Classical.choice, Quot.sound]
  permitted: [propext, Classical.choice, Quot.sound]
info: GroupApproximation/BooneHigman/Metabelian/PureCharPrimeEHighArtinHasseAlg.lean:280:14: 'GroupApproximation.BooneHigman.Metabelian.Coprimary.eHighArtinHasse_theta' depends on axioms: [propext,
 Classical.choice,
 Quot.sound]
error: GroupApproximation/BooneHigman/Metabelian/PureCharPrimeEHighArtinHasseAlg.lean:304:7: failed to synthesize instance of type class
  Ring ↥(eHighArtinHasse_alg V htrans)

Hint: Type class instance resolution failures can be inspected with the `set_option trace.Meta.synthInstance true` command.
error: GroupApproximation/BooneHigman/Metabelian/PureCharPrimeEHighArtinHasseAlg.lean:306:47: failed to synthesize instance of type class
  Algebra L ↥(eHighArtinHasse_alg V htrans)

Hint: Type class instance resolution failures can be inspected with the `set_option trace.Meta.synthInstance true` command.
error: GroupApproximation/BooneHigman/Metabelian/PureCharPrimeEHighArtinHasseAlg.lean:328:14: 'GroupApproximation.BooneHigman.Metabelian.Coprimary.eHighArtinHasse_exists_units_of_polyFun' depends on axioms outside the classical allowlist: [sorryAx]
  full closure: [propext, sorryAx, Classical.choice, Quot.sound]
  permitted: [propext, Classical.choice, Quot.sound]
error: Lean exited with code 1
ℹ [4286/4325] Built GroupApproximation.BooneHigman.Metabelian.PureCharPrimeEHighDevissageBlock (53s)
info: GroupApproximation/BooneHigman/Metabelian/PureCharPrimeEHighDevissageBlock.lean:53:14: 'GroupApproximation.BooneHigman.Metabelian.Coprimary.eHighDevissage_exists_gl_of_end_conj' depends on axioms: [propext,
 Classical.choice,
 Quot.sound]
info: GroupApproximation/BooneHigman/Metabelian/PureCharPrimeEHighDevissageBlock.lean:108:14: 'GroupApproximation.BooneHigman.Metabelian.Coprimary.eHighDevissage_exists_gl_of_field_pieces' depends on axioms: [propext,
 Classical.choice,
 Quot.sound]
ℹ [4287/4325] Built GroupApproximation.BooneHigman.Metabelian.PureCharPrimeEHighCoprimaryExpP (60s)
info: GroupApproximation/BooneHigman/Metabelian/PureCharPrimeEHighCoprimaryExpP.lean:32:14: 'GroupApproximation.BooneHigman.Metabelian.Coprimary.eHighCoprimary_pow_nsmul_eq_zero' depends on axioms: [propext,
 Classical.choice,
 Quot.sound]
info: GroupApproximation/BooneHigman/Metabelian/PureCharPrimeEHighCoprimaryExpP.lean:50:2: 'GroupApproximation.BooneHigman.Metabelian.Coprimary.eHighCoprimary_two_le_of_nsmul_ne_zero' depends on axioms: [propext,
 Classical.choice,
 Quot.sound]
info: GroupApproximation/BooneHigman/Metabelian/PureCharPrimeEHighCoprimaryExpP.lean:81:2: 'GroupApproximation.BooneHigman.Metabelian.Coprimary.eHighCoprimary_exists_gl_of_nsmul_eq_zero' depends on axioms: [propext,
 Classical.choice,
 Quot.sound]
ℹ [4288/4325] Built GroupApproximation.BooneHigman.Metabelian.PureCharPrimeEHighWittEMod (58s)
info: GroupApproximation/BooneHigman/Metabelian/PureCharPrimeEHighWittEMod.lean:117:14: 'GroupApproximation.BooneHigman.Metabelian.Coprimary.eHighWittE_module' depends on axioms: [propext,
 Classical.choice,
 Quot.sound]
✖ [4289/4325] Building GroupApproximation.BooneHigman.Metabelian.AbsorptionSuslinReduction (82s)
trace: .> LEAN_PATH=/projects/standard/hsiehph/sauer354/nonsofic_existence/.lake/packages/Cli/.lake/build/lib/lean:/projects/standard/hsiehph/sauer354/nonsofic_existence/.lake/packages/batteries/.lake/build/lib/lean:/projects/standard/hsiehph/sauer354/nonsofic_existence/.lake/packages/Qq/.lake/build/lib/lean:/projects/standard/hsiehph/sauer354/nonsofic_existence/.lake/packages/aesop/.lake/build/lib/lean:/projects/standard/hsiehph/sauer354/nonsofic_existence/.lake/packages/proofwidgets/.lake/build/lib/lean:/projects/standard/hsiehph/sauer354/nonsofic_existence/.lake/packages/importGraph/.lake/build/lib/lean:/projects/standard/hsiehph/sauer354/nonsofic_existence/.lake/packages/LeanSearchClient/.lake/build/lib/lean:/projects/standard/hsiehph/sauer354/nonsofic_existence/.lake/packages/plausible/.lake/build/lib/lean:/projects/standard/hsiehph/sauer354/nonsofic_existence/.lake/packages/mathlib/.lake/build/lib/lean:/projects/standard/hsiehph/sauer354/nonsofic_existence/.lake/build/lib/lean /projects/standard/hsiehph/sauer354/.elan/toolchains/leanprover--lean4---v4.32.0/bin/lean -DwarningAsError=true /projects/standard/hsiehph/sauer354/nonsofic_existence/GroupApproximation/BooneHigman/Metabelian/AbsorptionSuslinReduction.lean -o /projects/standard/hsiehph/sauer354/nonsofic_existence/.lake/build/lib/lean/GroupApproximation/BooneHigman/Metabelian/AbsorptionSuslinReduction.olean -i /projects/standard/hsiehph/sauer354/nonsofic_existence/.lake/build/lib/lean/GroupApproximation/BooneHigman/Metabelian/AbsorptionSuslinReduction.ilean -c /projects/standard/hsiehph/sauer354/nonsofic_existence/.lake/build/ir/GroupApproximation/BooneHigman/Metabelian/AbsorptionSuslinReduction.c --setup /projects/standard/hsiehph/sauer354/nonsofic_existence/.lake/build/ir/GroupApproximation/BooneHigman/Metabelian/AbsorptionSuslinReduction.setup.json --json
error: GroupApproximation/BooneHigman/Metabelian/AbsorptionSuslinReduction.lean:49:8: failed to synthesize instance of type class
  CommRing (Polynomial (Chain.SIntPoly m k))

Hint: Type class instance resolution failures can be inspected with the `set_option trace.Meta.synthInstance true` command.
error: GroupApproximation/BooneHigman/Metabelian/AbsorptionSuslinReduction.lean:51:14: 'GroupApproximation.BooneHigman.Metabelian.Absorption.SuslinOneVariableStatement' depends on axioms outside the classical allowlist: [sorryAx]
  full closure: [propext, sorryAx, Classical.choice, Quot.sound]
  permitted: [propext, Classical.choice, Quot.sound]
info: GroupApproximation/BooneHigman/Metabelian/AbsorptionSuslinReduction.lean:59:14: 'GroupApproximation.BooneHigman.Metabelian.Absorption.suslin_mvPolynomial_zero' depends on axioms: [propext,
 Classical.choice,
 Quot.sound]
info: GroupApproximation/BooneHigman/Metabelian/AbsorptionSuslinReduction.lean:67:14: 'GroupApproximation.BooneHigman.Metabelian.Absorption.suslin_mvPolynomial_succ' depends on axioms: [propext,
 Classical.choice,
 Quot.sound]
info: GroupApproximation/BooneHigman/Metabelian/AbsorptionSuslinReduction.lean:78:2: 'GroupApproximation.BooneHigman.Metabelian.Absorption.specialLinearInElementary_charPPoly_one' depends on axioms: [propext,
 Classical.choice,
 Quot.sound]
error: GroupApproximation/BooneHigman/Metabelian/AbsorptionSuslinReduction.lean:81:8: declaration uses `sorry`
error: GroupApproximation/BooneHigman/Metabelian/AbsorptionSuslinReduction.lean:103:14: 'GroupApproximation.BooneHigman.Metabelian.Absorption.polynomialSuslin_of_oneVariable' depends on axioms outside the classical allowlist: [sorryAx]
  full closure: [propext, sorryAx, Classical.choice, Quot.sound]
  permitted: [propext, Classical.choice, Quot.sound]
error: GroupApproximation/BooneHigman/Metabelian/AbsorptionSuslinReduction.lean:111:2: 'GroupApproximation.BooneHigman.Metabelian.Absorption.elementaryAbsorptionStatements_of_oneVariable' depends on axioms outside the classical allowlist: [sorryAx]
  full closure: [propext, sorryAx, Classical.choice, Quot.sound]
  permitted: [propext, Classical.choice, Quot.sound]
error: Lean exited with code 1
ℹ [4298/4325] Built GroupApproximation.BooneHigman.Metabelian.EnvelopeNormalFormSection (51s)
info: GroupApproximation/BooneHigman/Metabelian/EnvelopeNormalFormSection.lean:61:14: 'GroupApproximation.BooneHigman.Metabelian.Envelope.RNNormalFormRelatorsStatement' depends on axioms: [propext,
 Classical.choice,
 Quot.sound]
info: GroupApproximation/BooneHigman/Metabelian/EnvelopeNormalFormSection.lean:71:14: 'GroupApproximation.BooneHigman.Metabelian.Envelope.nfSection' depends on axioms: [propext,
 Classical.choice,
 Quot.sound]
info: GroupApproximation/BooneHigman/Metabelian/EnvelopeNormalFormSection.lean:78:14: 'GroupApproximation.BooneHigman.Metabelian.Envelope.nfSection_one' depends on axioms: [propext,
 Classical.choice,
 Quot.sound]
info: GroupApproximation/BooneHigman/Metabelian/EnvelopeNormalFormSection.lean:90:14: 'GroupApproximation.BooneHigman.Metabelian.Envelope.nfSection_mul' depends on axioms: [propext,
 Classical.choice,
 Quot.sound]
info: GroupApproximation/BooneHigman/Metabelian/EnvelopeNormalFormSection.lean:103:14: 'GroupApproximation.BooneHigman.Metabelian.Envelope.rnFreeSectionCore_of_normalForm' depends on axioms: [propext,
 Classical.choice,
 Quot.sound]
ℹ [4299/4325] Built GroupApproximation.BooneHigman.Metabelian.PureCharPrimeEHighDevissage (54s)
info: GroupApproximation/BooneHigman/Metabelian/PureCharPrimeEHighDevissage.lean:43:14: 'GroupApproximation.BooneHigman.Metabelian.Coprimary.eHighDevissage_natCast_pow_eq_zero' depends on axioms: [propext,
 Classical.choice,
 Quot.sound]
info: GroupApproximation/BooneHigman/Metabelian/PureCharPrimeEHighDevissage.lean:100:14: 'GroupApproximation.BooneHigman.Metabelian.Coprimary.pureCharPrimeEHighModule_of_eHighDevissageCoprimary' depends on axioms: [propext,
 Classical.choice,
 Quot.sound]
ℹ [4300/4325] Built GroupApproximation.BooneHigman.Metabelian.EnvelopeRelatorsFiniteCommute (40s)
info: GroupApproximation/BooneHigman/Metabelian/EnvelopeRelatorsFiniteCommute.lean:42:14: 'GroupApproximation.BooneHigman.Metabelian.Envelope.rf_commute_closure' depends on axioms: [propext,
 Classical.choice,
 Quot.sound]
info: GroupApproximation/BooneHigman/Metabelian/EnvelopeRelatorsFiniteCommute.lean:51:14: 'GroupApproximation.BooneHigman.Metabelian.Envelope.rf_mem_of_commute' depends on axioms: [propext,
 Classical.choice,
 Quot.sound]
info: GroupApproximation/BooneHigman/Metabelian/EnvelopeRelatorsFiniteCommute.lean:61:14: 'GroupApproximation.BooneHigman.Metabelian.Envelope.rf_commute_of_mem' depends on axioms: [propext,
 Classical.choice,
 Quot.sound]
info: GroupApproximation/BooneHigman/Metabelian/EnvelopeRelatorsFiniteCommute.lean:69:14: 'GroupApproximation.BooneHigman.Metabelian.Envelope.rf_fg_of_isFinitelyPresented' depends on axioms: [propext,
 Classical.choice,
 Quot.sound]
info: GroupApproximation/BooneHigman/Metabelian/EnvelopeRelatorsFiniteCommute.lean:80:14: 'GroupApproximation.BooneHigman.Metabelian.Envelope.rfL' depends on axioms: [propext, Classical.choice, Quot.sound]
info: GroupApproximation/BooneHigman/Metabelian/EnvelopeRelatorsFiniteCommute.lean:86:14: 'GroupApproximation.BooneHigman.Metabelian.Envelope.rfL_apply' depends on axioms: [propext,
 Classical.choice,
 Quot.sound]
info: GroupApproximation/BooneHigman/Metabelian/EnvelopeRelatorsFiniteCommute.lean:94:14: 'GroupApproximation.BooneHigman.Metabelian.Envelope.rfV' depends on axioms: [propext, Classical.choice, Quot.sound]
info: GroupApproximation/BooneHigman/Metabelian/EnvelopeRelatorsFiniteCommute.lean:100:14: 'GroupApproximation.BooneHigman.Metabelian.Envelope.rfV_apply' depends on axioms: [propext,
 Classical.choice,
 Quot.sound]
info: GroupApproximation/BooneHigman/Metabelian/EnvelopeRelatorsFiniteCommute.lean:107:14: 'GroupApproximation.BooneHigman.Metabelian.Envelope.rfConjL' depends on axioms: [propext, Classical.choice, Quot.sound]
info: GroupApproximation/BooneHigman/Metabelian/EnvelopeRelatorsFiniteCommute.lean:115:14: 'GroupApproximation.BooneHigman.Metabelian.Envelope.rfConjL_apply' depends on axioms: [propext,
 Classical.choice,
 Quot.sound]
ℹ [4301/4325] Built GroupApproximation.BooneHigman.Metabelian.EnvelopeRelatorsFiniteCore (47s)
info: GroupApproximation/BooneHigman/Metabelian/EnvelopeRelatorsFiniteCore.lean:36:14: 'GroupApproximation.BooneHigman.Metabelian.Envelope.nfCommRelatorsOn' depends on axioms: [propext,
 Classical.choice,
 Quot.sound]
info: GroupApproximation/BooneHigman/Metabelian/EnvelopeRelatorsFiniteCore.lean:45:14: 'GroupApproximation.BooneHigman.Metabelian.Envelope.nfDisjRelatorsOn' depends on axioms: [propext,
 Classical.choice,
 Quot.sound]
info: GroupApproximation/BooneHigman/Metabelian/EnvelopeRelatorsFiniteCore.lean:53:14: 'GroupApproximation.BooneHigman.Metabelian.Envelope.nfCommGen' depends on axioms: [propext,
 Classical.choice,
 Quot.sound]
info: GroupApproximation/BooneHigman/Metabelian/EnvelopeRelatorsFiniteCore.lean:62:14: 'GroupApproximation.BooneHigman.Metabelian.Envelope.nfDisjGen' depends on axioms: [propext,
 Classical.choice,
 Quot.sound]
info: GroupApproximation/BooneHigman/Metabelian/EnvelopeRelatorsFiniteCore.lean:69:14: 'GroupApproximation.BooneHigman.Metabelian.Envelope.nfCommGen_finite' depends on axioms: [propext,
 Classical.choice,
 Quot.sound]
info: GroupApproximation/BooneHigman/Metabelian/EnvelopeRelatorsFiniteCore.lean:76:14: 'GroupApproximation.BooneHigman.Metabelian.Envelope.nfDisjGen_finite' depends on axioms: [propext,
 Classical.choice,
 Quot.sound]
info: GroupApproximation/BooneHigman/Metabelian/EnvelopeRelatorsFiniteCore.lean:96:14: 'GroupApproximation.BooneHigman.Metabelian.Envelope.nfFiniteRelators_subset' depends on axioms: [propext,
 Classical.choice,
 Quot.sound]
info: GroupApproximation/BooneHigman/Metabelian/EnvelopeRelatorsFiniteCore.lean:115:14: 'GroupApproximation.BooneHigman.Metabelian.Envelope.nfCommRelatorsOn_subset' depends on axioms: [propext,
 Classical.choice,
 Quot.sound]
info: GroupApproximation/BooneHigman/Metabelian/EnvelopeRelatorsFiniteCore.lean:135:14: 'GroupApproximation.BooneHigman.Metabelian.Envelope.nfDisjRelatorsOn_subset' depends on axioms: [propext,
 Classical.choice,
 Quot.sound]
ℹ [4302/4325] Built GroupApproximation.BooneHigman.Metabelian.PureCharPrimeEHighCoprimaryMixed (65s)
info: GroupApproximation/BooneHigman/Metabelian/PureCharPrimeEHighCoprimaryMixed.lean:51:14: 'GroupApproximation.BooneHigman.Metabelian.Coprimary.EHighCoprimaryMixedStatement' depends on axioms: [propext,
 Classical.choice,
 Quot.sound]
info: GroupApproximation/BooneHigman/Metabelian/PureCharPrimeEHighCoprimaryMixed.lean:65:14: 'GroupApproximation.BooneHigman.Metabelian.Coprimary.eHighCoprimary_devissage_of_mixed' depends on axioms: [propext,
 Classical.choice,
 Quot.sound]
info: GroupApproximation/BooneHigman/Metabelian/PureCharPrimeEHighCoprimaryMixed.lean:74:2: 'GroupApproximation.BooneHigman.Metabelian.Coprimary.eHighCoprimary_pureCharPrimeEHighModule_of_mixed' depends on axioms: [propext,
 Classical.choice,
 Quot.sound]
ℹ [4303/4325] Built GroupApproximation.BooneHigman.Metabelian.EnvelopeRelatorsFiniteStatement (37s)
info: GroupApproximation/BooneHigman/Metabelian/EnvelopeRelatorsFiniteStatement.lean:57:14: 'GroupApproximation.BooneHigman.Metabelian.Envelope.RNRelatorsFiniteCoreStatement' depends on axioms: [propext,
 Classical.choice,
 Quot.sound]
info: GroupApproximation/BooneHigman/Metabelian/EnvelopeRelatorsFiniteStatement.lean:78:14: 'GroupApproximation.BooneHigman.Metabelian.Envelope.rnNormalFormRelators_of_finiteCore' depends on axioms: [propext,
 Classical.choice,
 Quot.sound]
ℹ [4305/4325] Built GroupApproximation.BooneHigman.Metabelian.PureCharPrimeEHighMixed (64s)
info: GroupApproximation/BooneHigman/Metabelian/PureCharPrimeEHighMixed.lean:68:14: 'GroupApproximation.BooneHigman.Metabelian.Coprimary.eHighMixed_InfiniteStatement' depends on axioms: [propext,
 Classical.choice,
 Quot.sound]
info: GroupApproximation/BooneHigman/Metabelian/PureCharPrimeEHighMixed.lean:80:14: 'GroupApproximation.BooneHigman.Metabelian.Coprimary.eHighMixed_mixed_of_infinite' depends on axioms: [propext,
 Classical.choice,
 Quot.sound]
info: GroupApproximation/BooneHigman/Metabelian/PureCharPrimeEHighMixed.lean:88:14: 'GroupApproximation.BooneHigman.Metabelian.Coprimary.eHighMixed_devissage_of_infinite' depends on axioms: [propext,
 Classical.choice,
 Quot.sound]
info: GroupApproximation/BooneHigman/Metabelian/PureCharPrimeEHighMixed.lean:97:2: 'GroupApproximation.BooneHigman.Metabelian.Coprimary.eHighMixed_pureCharPrimeEHighModule_of_infinite' depends on axioms: [propext,
 Classical.choice,
 Quot.sound]
ℹ [4307/4325] Built GroupApproximation.BooneHigman.Metabelian.EnvelopeRelatorsCoreCones (44s)
info: GroupApproximation/BooneHigman/Metabelian/EnvelopeRelatorsCoreCones.lean:28:14: 'GroupApproximation.BooneHigman.Metabelian.Envelope.rcore_not_isStreamPrefix' depends on axioms: [propext, Quot.sound]
info: GroupApproximation/BooneHigman/Metabelian/EnvelopeRelatorsCoreCones.lean:37:14: 'GroupApproximation.BooneHigman.Metabelian.Envelope.rcore_mapsCone_coneSwap_fix' depends on axioms: [propext,
 Classical.choice,
 Quot.sound]
info: GroupApproximation/BooneHigman/Metabelian/EnvelopeRelatorsCoreCones.lean:43:14: 'GroupApproximation.BooneHigman.Metabelian.Envelope.rcore_append_singleton_incomp' depends on axioms: [propext,
 Quot.sound]
info: GroupApproximation/BooneHigman/Metabelian/EnvelopeRelatorsCoreCones.lean:64:14: 'GroupApproximation.BooneHigman.Metabelian.Envelope.rcore_swap_image' depends on axioms: [propext,
 Classical.choice,
 Quot.sound]
info: GroupApproximation/BooneHigman/Metabelian/EnvelopeRelatorsCoreCones.lean:89:14: 'GroupApproximation.BooneHigman.Metabelian.Envelope.rcore_exists_to_root' depends on axioms: [propext,
 Classical.choice,
 Quot.sound]
info: GroupApproximation/BooneHigman/Metabelian/EnvelopeRelatorsCoreCones.lean:132:14: 'GroupApproximation.BooneHigman.Metabelian.Envelope.rcore_exists_stab_mapsCone' depends on axioms: [propext,
 Classical.choice,
 Quot.sound]
ℹ [4308/4325] Built GroupApproximation.BooneHigman.Metabelian.EnvelopeRelatorsCoreStabLeaf (43s)
info: GroupApproximation/BooneHigman/Metabelian/EnvelopeRelatorsCoreStabLeaf.lean:29:14: 'GroupApproximation.BooneHigman.Metabelian.Envelope.rnCoreSwapHyp' depends on axioms: [propext,
 Classical.choice,
 Quot.sound]
info: GroupApproximation/BooneHigman/Metabelian/EnvelopeRelatorsCoreStabLeaf.lean:39:14: 'GroupApproximation.BooneHigman.Metabelian.Envelope.rnCore_not_prefix_root' depends on axioms: [propext, Quot.sound]
info: GroupApproximation/BooneHigman/Metabelian/EnvelopeRelatorsCoreStabLeaf.lean:48:14: 'GroupApproximation.BooneHigman.Metabelian.Envelope.rnCore_swap_fix' depends on axioms: [propext,
 Classical.choice,
 Quot.sound]
info: GroupApproximation/BooneHigman/Metabelian/EnvelopeRelatorsCoreStabLeaf.lean:56:14: 'GroupApproximation.BooneHigman.Metabelian.Envelope.rnCore_target_avoid' depends on axioms: [propext, Quot.sound]
info: GroupApproximation/BooneHigman/Metabelian/EnvelopeRelatorsCoreStabLeaf.lean:64:14: 'GroupApproximation.BooneHigman.Metabelian.Envelope.rnCore_moved_avoid' depends on axioms: [propext, Quot.sound]
info: GroupApproximation/BooneHigman/Metabelian/EnvelopeRelatorsCoreStabLeaf.lean:134:14: 'GroupApproximation.BooneHigman.Metabelian.Envelope.rnCore_leaf' depends on axioms: [propext,
 Classical.choice,
 Quot.sound]
ℹ [4309/4325] Built GroupApproximation.BooneHigman.Metabelian.EnvelopeRelatorsCoreConj (45s)
info: GroupApproximation/BooneHigman/Metabelian/EnvelopeRelatorsCoreConj.lean:31:14: 'GroupApproximation.BooneHigman.Metabelian.Envelope.rcore_rfConjL_eq' depends on axioms: [propext,
 Classical.choice,
 Quot.sound]
info: GroupApproximation/BooneHigman/Metabelian/EnvelopeRelatorsCoreConj.lean:39:14: 'GroupApproximation.BooneHigman.Metabelian.Envelope.rcore_conj_rfConjL' depends on axioms: [propext,
 Classical.choice,
 Quot.sound]
info: GroupApproximation/BooneHigman/Metabelian/EnvelopeRelatorsCoreConj.lean:49:14: 'GroupApproximation.BooneHigman.Metabelian.Envelope.rcore_rfL_commute_fix' depends on axioms: [propext,
 Classical.choice,
 Quot.sound]
info: GroupApproximation/BooneHigman/Metabelian/EnvelopeRelatorsCoreConj.lean:57:14: 'GroupApproximation.BooneHigman.Metabelian.Envelope.rcore_conj_rfL_fix' depends on axioms: [propext,
 Classical.choice,
 Quot.sound]
info: GroupApproximation/BooneHigman/Metabelian/EnvelopeRelatorsCoreConj.lean:73:14: 'GroupApproximation.BooneHigman.Metabelian.Envelope.rcore_rfConjL_mul_fix' depends on axioms: [propext,
 Classical.choice,
 Quot.sound]
info: GroupApproximation/BooneHigman/Metabelian/EnvelopeRelatorsCoreConj.lean:84:14: 'GroupApproximation.BooneHigman.Metabelian.Envelope.rcore_rfConjL_congr' depends on axioms: [propext,
 Classical.choice,
 Quot.sound]
info: GroupApproximation/BooneHigman/Metabelian/EnvelopeRelatorsCoreConj.lean:97:14: 'GroupApproximation.BooneHigman.Metabelian.Envelope.rcore_commute_transport' depends on axioms: [propext,
 Classical.choice,
 Quot.sound]
info: GroupApproximation/BooneHigman/Metabelian/EnvelopeRelatorsCoreConj.lean:115:14: 'GroupApproximation.BooneHigman.Metabelian.Envelope.rcore_disj_subset' depends on axioms: [propext,
 Classical.choice,
 Quot.sound]
info: GroupApproximation/BooneHigman/Metabelian/EnvelopeRelatorsCoreConj.lean:135:14: 'GroupApproximation.BooneHigman.Metabelian.Envelope.rcore_commute_rfConjL_incomp' depends on axioms: [propext,
 Classical.choice,
 Quot.sound]
ℹ [4310/4325] Built GroupApproximation.BooneHigman.Metabelian.EnvelopeRelatorsCoreProd (52s)
info: GroupApproximation/BooneHigman/Metabelian/EnvelopeRelatorsCoreProd.lean:42:14: 'GroupApproximation.BooneHigman.Metabelian.Envelope.rcore_prod_mul_prod' depends on axioms: [propext, Quot.sound]
info: GroupApproximation/BooneHigman/Metabelian/EnvelopeRelatorsCoreProd.lean:51:14: 'GroupApproximation.BooneHigman.Metabelian.Envelope.rcore_prod_perm' depends on axioms: [propext,
 Classical.choice,
 Quot.sound]
info: GroupApproximation/BooneHigman/Metabelian/EnvelopeRelatorsCoreProd.lean:60:14: 'GroupApproximation.BooneHigman.Metabelian.Envelope.rcore_cantor_ext' depends on axioms: [propext, Quot.sound]
info: GroupApproximation/BooneHigman/Metabelian/EnvelopeRelatorsCoreProd.lean:67:14: 'GroupApproximation.BooneHigman.Metabelian.Envelope.rcore_nfRootShift_mul' depends on axioms: [propext,
 Classical.choice,
 Quot.sound]
info: GroupApproximation/BooneHigman/Metabelian/EnvelopeRelatorsCoreProd.lean:73:14: 'GroupApproximation.BooneHigman.Metabelian.Envelope.rcore_rootPerm_mul' depends on axioms: [propext,
 Classical.choice,
 Quot.sound]
info: GroupApproximation/BooneHigman/Metabelian/EnvelopeRelatorsCoreProd.lean:79:14: 'GroupApproximation.BooneHigman.Metabelian.Envelope.rcoreShift' depends on axioms: [propext,
 Classical.choice,
 Quot.sound]
info: GroupApproximation/BooneHigman/Metabelian/EnvelopeRelatorsCoreProd.lean:88:14: 'GroupApproximation.BooneHigman.Metabelian.Envelope.rcoreShift_mul' depends on axioms: [propext,
 Classical.choice,
 Quot.sound]
info: GroupApproximation/BooneHigman/Metabelian/EnvelopeRelatorsCoreProd.lean:95:14: 'GroupApproximation.BooneHigman.Metabelian.Envelope.rcore_mapsCone_shift' depends on axioms: [propext,
 Classical.choice,
 Quot.sound]
info: GroupApproximation/BooneHigman/Metabelian/EnvelopeRelatorsCoreProd.lean:103:14: 'GroupApproximation.BooneHigman.Metabelian.Envelope.rcoreE' depends on axioms: [propext, Classical.choice, Quot.sound]
info: GroupApproximation/BooneHigman/Metabelian/EnvelopeRelatorsCoreProd.lean:113:14: 'GroupApproximation.BooneHigman.Metabelian.Envelope.rcoreE_spec' depends on axioms: [propext,
 Classical.choice,
 Quot.sound]
info: GroupApproximation/BooneHigman/Metabelian/EnvelopeRelatorsCoreProd.lean:119:14: 'GroupApproximation.BooneHigman.Metabelian.Envelope.rcoreSt' depends on axioms: [propext, Classical.choice, Quot.sound]
info: GroupApproximation/BooneHigman/Metabelian/EnvelopeRelatorsCoreProd.lean:130:14: 'GroupApproximation.BooneHigman.Metabelian.Envelope.rcoreSt_mul' depends on axioms: [propext,
 Classical.choice,
 Quot.sound]
info: GroupApproximation/BooneHigman/Metabelian/EnvelopeRelatorsCoreProd.lean:137:14: 'GroupApproximation.BooneHigman.Metabelian.Envelope.rcore_exists_list' depends on axioms: [propext,
 Classical.choice,
 Quot.sound]
ℹ [4311/4325] Built GroupApproximation.BooneHigman.Metabelian.EnvelopeRelatorsCoreStabGen (53s)
info: GroupApproximation/BooneHigman/Metabelian/EnvelopeRelatorsCoreStabGen.lean:35:14: 'GroupApproximation.BooneHigman.Metabelian.Envelope.rnCore_target_ne_nil' depends on axioms: [propext, Quot.sound]
info: GroupApproximation/BooneHigman/Metabelian/EnvelopeRelatorsCoreStabGen.lean:49:14: 'GroupApproximation.BooneHigman.Metabelian.Envelope.rnCore_mem_base' depends on axioms: [propext,
 Classical.choice,
 Quot.sound]
info: GroupApproximation/BooneHigman/Metabelian/EnvelopeRelatorsCoreStabGen.lean:143:14: 'GroupApproximation.BooneHigman.Metabelian.Envelope.rnCore_mem_step' depends on axioms: [propext,
 Classical.choice,
 Quot.sound]
info: GroupApproximation/BooneHigman/Metabelian/EnvelopeRelatorsCoreStabGen.lean:156:14: 'GroupApproximation.BooneHigman.Metabelian.Envelope.rnCore_mem_of_bound' depends on axioms: [propext,
 Classical.choice,
 Quot.sound]
info: GroupApproximation/BooneHigman/Metabelian/EnvelopeRelatorsCoreStabGen.lean:173:14: 'GroupApproximation.BooneHigman.Metabelian.Envelope.rnCore_mem_of_fix' depends on axioms: [propext,
 Classical.choice,
 Quot.sound]
ℹ [4312/4325] Built GroupApproximation.BooneHigman.Metabelian.EnvelopeRelatorsCoreStabSwaps (39s)
info: GroupApproximation/BooneHigman/Metabelian/EnvelopeRelatorsCoreStabSwaps.lean:31:14: 'GroupApproximation.BooneHigman.Metabelian.Envelope.rnCoreShortHyp' depends on axioms: [propext,
 Classical.choice,
 Quot.sound]
info: GroupApproximation/BooneHigman/Metabelian/EnvelopeRelatorsCoreStabSwaps.lean:36:14: 'GroupApproximation.BooneHigman.Metabelian.Envelope.rnCore_cons_incomp' depends on axioms: [propext, Quot.sound]
info: GroupApproximation/BooneHigman/Metabelian/EnvelopeRelatorsCoreStabSwaps.lean:41:14: 'GroupApproximation.BooneHigman.Metabelian.Envelope.rnCore_not_root_cons' depends on axioms: [propext, Quot.sound]
info: GroupApproximation/BooneHigman/Metabelian/EnvelopeRelatorsCoreStabSwaps.lean:49:14: 'GroupApproximation.BooneHigman.Metabelian.Envelope.rnCore_not_prefix_cons' depends on axioms: [propext, Quot.sound]
info: GroupApproximation/BooneHigman/Metabelian/EnvelopeRelatorsCoreStabSwaps.lean:81:14: 'GroupApproximation.BooneHigman.Metabelian.Envelope.rnCore_localize_coneSwap' depends on axioms: [propext,
 Classical.choice,
 Quot.sound]
info: GroupApproximation/BooneHigman/Metabelian/EnvelopeRelatorsCoreStabSwaps.lean:88:14: 'GroupApproximation.BooneHigman.Metabelian.Envelope.rnCore_localize_mapsCone' depends on axioms: [propext,
 Classical.choice,
 Quot.sound]
info: GroupApproximation/BooneHigman/Metabelian/EnvelopeRelatorsCoreStabSwaps.lean:97:14: 'GroupApproximation.BooneHigman.Metabelian.Envelope.rnCore_localize_fix' depends on axioms: [propext,
 Classical.choice,
 Quot.sound]
info: GroupApproximation/BooneHigman/Metabelian/EnvelopeRelatorsCoreStabSwaps.lean:106:14: 'GroupApproximation.BooneHigman.Metabelian.Envelope.rnCore_exists_short' depends on axioms: [propext,
 Classical.choice,
 Quot.sound]
info: GroupApproximation/BooneHigman/Metabelian/EnvelopeRelatorsCoreStabSwaps.lean:123:14: 'GroupApproximation.BooneHigman.Metabelian.Envelope.rnCore_localize_mem' depends on axioms: [propext,
 Classical.choice,
 Quot.sound]
info: GroupApproximation/BooneHigman/Metabelian/EnvelopeRelatorsCoreStabSwaps.lean:159:14: 'GroupApproximation.BooneHigman.Metabelian.Envelope.rnCore_swapHyp' depends on axioms: [propext,
 Classical.choice,
 Quot.sound]
info: GroupApproximation/BooneHigman/Metabelian/EnvelopeRelatorsCoreStabSwaps.lean:167:14: 'GroupApproximation.BooneHigman.Metabelian.Envelope.rnCoreStabGens' depends on axioms: [propext,
 Classical.choice,
 Quot.sound]
info: GroupApproximation/BooneHigman/Metabelian/EnvelopeRelatorsCoreStabSwaps.lean:175:14: 'GroupApproximation.BooneHigman.Metabelian.Envelope.rnCoreStabGens_finite' depends on axioms: [propext,
 Classical.choice,
 Quot.sound]
info: GroupApproximation/BooneHigman/Metabelian/EnvelopeRelatorsCoreStabSwaps.lean:183:14: 'GroupApproximation.BooneHigman.Metabelian.Envelope.rnCoreStabGens_fix' depends on axioms: [propext,
 Classical.choice,
 Quot.sound]
info: GroupApproximation/BooneHigman/Metabelian/EnvelopeRelatorsCoreStabSwaps.lean:198:14: 'GroupApproximation.BooneHigman.Metabelian.Envelope.rnCore_stab_closure' depends on axioms: [propext,
 Classical.choice,
 Quot.sound]
ℹ [4313/4325] Built GroupApproximation.BooneHigman.Metabelian.EnvelopeRelatorsCoreSplit (41s)
info: GroupApproximation/BooneHigman/Metabelian/EnvelopeRelatorsCoreSplit.lean:31:14: 'GroupApproximation.BooneHigman.Metabelian.Envelope.rcore_E_append_spec' depends on axioms: [propext,
 Classical.choice,
 Quot.sound]
info: GroupApproximation/BooneHigman/Metabelian/EnvelopeRelatorsCoreSplit.lean:41:14: 'GroupApproximation.BooneHigman.Metabelian.Envelope.rcore_commute_append' depends on axioms: [propext,
 Classical.choice,
 Quot.sound]
info: GroupApproximation/BooneHigman/Metabelian/EnvelopeRelatorsCoreSplit.lean:70:14: 'GroupApproximation.BooneHigman.Metabelian.Envelope.rcore_shift_conj' depends on axioms: [propext,
 Classical.choice,
 Quot.sound]
info: GroupApproximation/BooneHigman/Metabelian/EnvelopeRelatorsCoreSplit.lean:78:14: 'GroupApproximation.BooneHigman.Metabelian.Envelope.rcoreW' depends on axioms: [propext, Classical.choice, Quot.sound]
info: GroupApproximation/BooneHigman/Metabelian/EnvelopeRelatorsCoreSplit.lean:98:14: 'GroupApproximation.BooneHigman.Metabelian.Envelope.rcoreW_mul' depends on axioms: [propext,
 Classical.choice,
 Quot.sound]
info: GroupApproximation/BooneHigman/Metabelian/EnvelopeRelatorsCoreSplit.lean:107:14: 'GroupApproximation.BooneHigman.Metabelian.Envelope.rcoreWHom' depends on axioms: [propext,
 Classical.choice,
 Quot.sound]
info: GroupApproximation/BooneHigman/Metabelian/EnvelopeRelatorsCoreSplit.lean:123:14: 'GroupApproximation.BooneHigman.Metabelian.Envelope.rcore_mk_relator' depends on axioms: [propext,
 Classical.choice,
 Quot.sound]
info: GroupApproximation/BooneHigman/Metabelian/EnvelopeRelatorsCoreSplit.lean:148:14: 'GroupApproximation.BooneHigman.Metabelian.Envelope.rcore_image_eq' depends on axioms: [propext,
 Classical.choice,
 Quot.sound]
info: GroupApproximation/BooneHigman/Metabelian/EnvelopeRelatorsCoreSplit.lean:166:14: 'GroupApproximation.BooneHigman.Metabelian.Envelope.rcore_relator_mem' depends on axioms: [propext,
 Classical.choice,
 Quot.sound]
info: GroupApproximation/BooneHigman/Metabelian/EnvelopeRelatorsCoreSplit.lean:187:14: 'GroupApproximation.BooneHigman.Metabelian.Envelope.rcore_relators_of_gen' depends on axioms: [propext,
 Classical.choice,
 Quot.sound]
