ℹ [3018/3072] Replayed GroupApproximation.GroupTheory.HydeLodha.HigmanEpstein
info: GroupApproximation/GroupTheory/HydeLodha/HigmanEpstein.lean:366:14: 'GroupApproximation.HydeLodha.commutator_le_of_normal_commutator' depends on axioms: [propext,
 Classical.choice,
 Quot.sound]
info: GroupApproximation/GroupTheory/HydeLodha/HigmanEpstein.lean:367:14: 'GroupApproximation.HydeLodha.isSimpleGroup_commutator' depends on axioms: [propext, Classical.choice, Quot.sound]
info: GroupApproximation/GroupTheory/HydeLodha/HigmanEpstein.lean:368:14: 'GroupApproximation.HydeLodha.commutator_le_of_decomposition' depends on axioms: [propext, Classical.choice, Quot.sound]
✔ [3059/3248] Built GroupApproximation.BooneHigman.Trees.TreeAut (23s)
✔ [3061/3256] Built GroupApproximation.BooneHigman.V.Cantor (21s)
✖ [3063/3256] Building GroupApproximation.BooneHigman.Metabelian.AffineFPIdentities (22s)
trace: .> LEAN_PATH=/projects/standard/hsiehph/sauer354/nonsofic_existence/.lake/packages/Cli/.lake/build/lib/lean:/projects/standard/hsiehph/sauer354/nonsofic_existence/.lake/packages/batteries/.lake/build/lib/lean:/projects/standard/hsiehph/sauer354/nonsofic_existence/.lake/packages/Qq/.lake/build/lib/lean:/projects/standard/hsiehph/sauer354/nonsofic_existence/.lake/packages/aesop/.lake/build/lib/lean:/projects/standard/hsiehph/sauer354/nonsofic_existence/.lake/packages/proofwidgets/.lake/build/lib/lean:/projects/standard/hsiehph/sauer354/nonsofic_existence/.lake/packages/importGraph/.lake/build/lib/lean:/projects/standard/hsiehph/sauer354/nonsofic_existence/.lake/packages/LeanSearchClient/.lake/build/lib/lean:/projects/standard/hsiehph/sauer354/nonsofic_existence/.lake/packages/plausible/.lake/build/lib/lean:/projects/standard/hsiehph/sauer354/nonsofic_existence/.lake/packages/mathlib/.lake/build/lib/lean:/projects/standard/hsiehph/sauer354/nonsofic_existence/.lake/build/lib/lean /projects/standard/hsiehph/sauer354/.elan/toolchains/leanprover--lean4---v4.32.0/bin/lean -DwarningAsError=true /projects/standard/hsiehph/sauer354/nonsofic_existence/GroupApproximation/BooneHigman/Metabelian/AffineFPIdentities.lean -o /projects/standard/hsiehph/sauer354/nonsofic_existence/.lake/build/lib/lean/GroupApproximation/BooneHigman/Metabelian/AffineFPIdentities.olean -i /projects/standard/hsiehph/sauer354/nonsofic_existence/.lake/build/lib/lean/GroupApproximation/BooneHigman/Metabelian/AffineFPIdentities.ilean -c /projects/standard/hsiehph/sauer354/nonsofic_existence/.lake/build/ir/GroupApproximation/BooneHigman/Metabelian/AffineFPIdentities.c --setup /projects/standard/hsiehph/sauer354/nonsofic_existence/.lake/build/ir/GroupApproximation/BooneHigman/Metabelian/AffineFPIdentities.setup.json --json
info: GroupApproximation/BooneHigman/Metabelian/AffineFPIdentities.lean:39:14: 'GroupApproximation.BooneHigman.Metabelian.AffineFP.commute_commutator_of' depends on axioms: [propext]
error: GroupApproximation/BooneHigman/Metabelian/AffineFPIdentities.lean:55:15: Invalid field `map`: The environment does not contain `Eq.map`, so it is not possible to project the field `map` from an expression
  hY
of type
  s * (g * t * g⁻¹) = g * t * g⁻¹ * s
error: GroupApproximation/BooneHigman/Metabelian/AffineFPIdentities.lean:64:14: 'GroupApproximation.BooneHigman.Metabelian.AffineFP.commute_of_shear' depends on axioms outside the classical allowlist: [sorryAx]
  full closure: [propext, sorryAx]
  permitted: [propext, Classical.choice, Quot.sound]
error: GroupApproximation/BooneHigman/Metabelian/AffineFPIdentities.lean:73:16: Invalid field `map`: The environment does not contain `Eq.map`, so it is not possible to project the field `map` from an expression
  hbc
of type `b * c = c * b`
error: GroupApproximation/BooneHigman/Metabelian/AffineFPIdentities.lean:84:14: 'GroupApproximation.BooneHigman.Metabelian.AffineFP.mul_commutator_eq_one' depends on axioms outside the classical allowlist: [sorryAx]
  full closure: [propext, sorryAx]
  permitted: [propext, Classical.choice, Quot.sound]
info: GroupApproximation/BooneHigman/Metabelian/AffineFPIdentities.lean:109:14: 'GroupApproximation.BooneHigman.Metabelian.AffineFP.exists_ne_three' depends on axioms: [propext,
 Classical.choice,
 Quot.sound]
error: Lean exited with code 1
ℹ [3064/3256] Built GroupApproximation.BooneHigman.Metabelian.EnvelopeWreath (25s)
info: GroupApproximation/BooneHigman/Metabelian/EnvelopeWreath.lean:42:14: 'GroupApproximation.BooneHigman.Metabelian.Envelope.shiftAut' depends on axioms: [propext, Quot.sound]
info: GroupApproximation/BooneHigman/Metabelian/EnvelopeWreath.lean:56:14: 'GroupApproximation.BooneHigman.Metabelian.Envelope.shiftHom' depends on axioms: [propext, Quot.sound]
info: GroupApproximation/BooneHigman/Metabelian/EnvelopeWreath.lean:61:14: 'GroupApproximation.BooneHigman.Metabelian.Envelope.RegularWreath' depends on axioms: [propext, Quot.sound]
info: GroupApproximation/BooneHigman/Metabelian/EnvelopeWreath.lean:77:14: 'GroupApproximation.BooneHigman.Metabelian.Envelope.kkCoord' depends on axioms: [propext, Classical.choice, Quot.sound]
info: GroupApproximation/BooneHigman/Metabelian/EnvelopeWreath.lean:105:14: 'GroupApproximation.BooneHigman.Metabelian.Envelope.kkHom' depends on axioms: [propext, Classical.choice, Quot.sound]
info: GroupApproximation/BooneHigman/Metabelian/EnvelopeWreath.lean:117:14: 'GroupApproximation.BooneHigman.Metabelian.Envelope.kkHom_injective' depends on axioms: [propext,
 Classical.choice,
 Quot.sound]
info: GroupApproximation/BooneHigman/Metabelian/EnvelopeWreath.lean:127:14: 'GroupApproximation.BooneHigman.Metabelian.Envelope.exists_injective_regularWreath' depends on axioms: [propext,
 Classical.choice,
 Quot.sound]
✔ [3065/3256] Built GroupApproximation.BooneHigman.Products.FinitePi (28s)
ℹ [3070/3261] Built GroupApproximation.Manuscript.SimpleKazhdanSofic.LeavittFP.CommutatorCalculus (21s)
info: GroupApproximation/Manuscript/SimpleKazhdanSofic/LeavittFP/CommutatorCalculus.lean:83:14: 'GroupApproximation.Manuscript.SimpleKazhdanSofic.LeavittFP.comm_mul_left' depends on axioms: [propext]
info: GroupApproximation/Manuscript/SimpleKazhdanSofic/LeavittFP/CommutatorCalculus.lean:84:14: 'GroupApproximation.Manuscript.SimpleKazhdanSofic.LeavittFP.comm_mul_right' depends on axioms: [propext]
info: GroupApproximation/Manuscript/SimpleKazhdanSofic/LeavittFP/CommutatorCalculus.lean:85:14: 'GroupApproximation.Manuscript.SimpleKazhdanSofic.LeavittFP.comm_assoc' depends on axioms: [propext]
info: GroupApproximation/Manuscript/SimpleKazhdanSofic/LeavittFP/CommutatorCalculus.lean:86:14: 'GroupApproximation.Manuscript.SimpleKazhdanSofic.LeavittFP.commute_commutatorElement_right' depends on axioms: [propext]
info: GroupApproximation/Manuscript/SimpleKazhdanSofic/LeavittFP/CommutatorCalculus.lean:87:14: 'GroupApproximation.Manuscript.SimpleKazhdanSofic.LeavittFP.commute_commutatorElement_left' depends on axioms: [propext]
info: GroupApproximation/Manuscript/SimpleKazhdanSofic/LeavittFP/CommutatorCalculus.lean:88:14: 'GroupApproximation.Manuscript.SimpleKazhdanSofic.LeavittFP.commute_of_mem_closure' depends on axioms: [propext,
 Classical.choice,
 Quot.sound]
ℹ [3078/3294] Built GroupApproximation.BooneHigman.Metabelian.EnvelopeSimpleCore (22s)
info: GroupApproximation/BooneHigman/Metabelian/EnvelopeSimpleCore.lean:52:14: 'GroupApproximation.BooneHigman.Metabelian.Envelope.conjCore' depends on axioms: [propext]
info: GroupApproximation/BooneHigman/Metabelian/EnvelopeSimpleCore.lean:58:14: 'GroupApproximation.BooneHigman.Metabelian.Envelope.mem_conjCore' depends on axioms: [propext]
info: GroupApproximation/BooneHigman/Metabelian/EnvelopeSimpleCore.lean:65:14: 'GroupApproximation.BooneHigman.Metabelian.Envelope.mem_of_mem_conjCore' depends on axioms: [propext]
info: GroupApproximation/BooneHigman/Metabelian/EnvelopeSimpleCore.lean:75:14: 'GroupApproximation.BooneHigman.Metabelian.Envelope.conj_mem_conjCore' depends on axioms: [propext]
info: GroupApproximation/BooneHigman/Metabelian/EnvelopeSimpleCore.lean:82:14: 'GroupApproximation.BooneHigman.Metabelian.Envelope.commutatorElement_mul_right_eq' depends on axioms: [propext]
info: GroupApproximation/BooneHigman/Metabelian/EnvelopeSimpleCore.lean:89:14: 'GroupApproximation.BooneHigman.Metabelian.Envelope.commutatorElement_mul_left_eq' depends on axioms: [propext]
info: GroupApproximation/BooneHigman/Metabelian/EnvelopeSimpleCore.lean:103:14: 'GroupApproximation.BooneHigman.Metabelian.Envelope.commutator_listProd_right_mem' depends on axioms: [propext]
info: GroupApproximation/BooneHigman/Metabelian/EnvelopeSimpleCore.lean:122:14: 'GroupApproximation.BooneHigman.Metabelian.Envelope.commutator_listProd_mem' depends on axioms: [propext]
info: GroupApproximation/BooneHigman/Metabelian/EnvelopeSimpleCore.lean:138:14: 'GroupApproximation.BooneHigman.Metabelian.Envelope.commutator_le_of_fragments' depends on axioms: [propext,
 Classical.choice,
 Quot.sound]
✖ [3081/3296] Building GroupApproximation.BooneHigman.Metabelian.AffineFPModel (29s)
trace: .> LEAN_PATH=/projects/standard/hsiehph/sauer354/nonsofic_existence/.lake/packages/Cli/.lake/build/lib/lean:/projects/standard/hsiehph/sauer354/nonsofic_existence/.lake/packages/batteries/.lake/build/lib/lean:/projects/standard/hsiehph/sauer354/nonsofic_existence/.lake/packages/Qq/.lake/build/lib/lean:/projects/standard/hsiehph/sauer354/nonsofic_existence/.lake/packages/aesop/.lake/build/lib/lean:/projects/standard/hsiehph/sauer354/nonsofic_existence/.lake/packages/proofwidgets/.lake/build/lib/lean:/projects/standard/hsiehph/sauer354/nonsofic_existence/.lake/packages/importGraph/.lake/build/lib/lean:/projects/standard/hsiehph/sauer354/nonsofic_existence/.lake/packages/LeanSearchClient/.lake/build/lib/lean:/projects/standard/hsiehph/sauer354/nonsofic_existence/.lake/packages/plausible/.lake/build/lib/lean:/projects/standard/hsiehph/sauer354/nonsofic_existence/.lake/packages/mathlib/.lake/build/lib/lean:/projects/standard/hsiehph/sauer354/nonsofic_existence/.lake/build/lib/lean /projects/standard/hsiehph/sauer354/.elan/toolchains/leanprover--lean4---v4.32.0/bin/lean -DwarningAsError=true /projects/standard/hsiehph/sauer354/nonsofic_existence/GroupApproximation/BooneHigman/Metabelian/AffineFPModel.lean -o /projects/standard/hsiehph/sauer354/nonsofic_existence/.lake/build/lib/lean/GroupApproximation/BooneHigman/Metabelian/AffineFPModel.olean -i /projects/standard/hsiehph/sauer354/nonsofic_existence/.lake/build/lib/lean/GroupApproximation/BooneHigman/Metabelian/AffineFPModel.ilean -c /projects/standard/hsiehph/sauer354/nonsofic_existence/.lake/build/ir/GroupApproximation/BooneHigman/Metabelian/AffineFPModel.c --setup /projects/standard/hsiehph/sauer354/nonsofic_existence/.lake/build/ir/GroupApproximation/BooneHigman/Metabelian/AffineFPModel.setup.json --json
info: GroupApproximation/BooneHigman/Metabelian/AffineFPModel.lean:52:14: 'GroupApproximation.BooneHigman.Metabelian.AffineFP.vecEquiv' depends on axioms: [propext, Classical.choice, Quot.sound]
info: GroupApproximation/BooneHigman/Metabelian/AffineFPModel.lean:69:14: 'GroupApproximation.BooneHigman.Metabelian.AffineFP.vecAction' depends on axioms: [propext,
 Classical.choice,
 Quot.sound]
info: GroupApproximation/BooneHigman/Metabelian/AffineFPModel.lean:75:14: 'GroupApproximation.BooneHigman.Metabelian.AffineFP.affAction' depends on axioms: [propext,
 Classical.choice,
 Quot.sound]
info: GroupApproximation/BooneHigman/Metabelian/AffineFPModel.lean:81:14: 'GroupApproximation.BooneHigman.Metabelian.AffineFP.AffineElementary' depends on axioms: [propext,
 Classical.choice,
 Quot.sound]
info: GroupApproximation/BooneHigman/Metabelian/AffineFPModel.lean:93:14: 'GroupApproximation.BooneHigman.Metabelian.AffineFP.elementaryUnit_mulVec' depends on axioms: [propext,
 Classical.choice,
 Quot.sound]
info: GroupApproximation/BooneHigman/Metabelian/AffineFPModel.lean:101:14: 'GroupApproximation.BooneHigman.Metabelian.AffineFP.affAction_root' depends on axioms: [propext,
 Classical.choice,
 Quot.sound]
info: GroupApproximation/BooneHigman/Metabelian/AffineFPModel.lean:115:14: 'GroupApproximation.BooneHigman.Metabelian.AffineFP.closure_single_eq_top' depends on axioms: [propext,
 Classical.choice,
 Quot.sound]
info: GroupApproximation/BooneHigman/Metabelian/AffineFPModel.lean:124:14: 'GroupApproximation.BooneHigman.Metabelian.AffineFP.vec_hom_ext' depends on axioms: [propext,
 Classical.choice,
 Quot.sound]
error: GroupApproximation/BooneHigman/Metabelian/AffineFPModel.lean:132:62: Type mismatch
  Pi.single k ?m.62 j
has type
  ?m.59 j
but is expected to have type
  R
error: GroupApproximation/BooneHigman/Metabelian/AffineFPModel.lean:135:14: Unknown constant `GroupApproximation.BooneHigman.Metabelian.AffineFP.model_conj_single`
error: GroupApproximation/BooneHigman/Metabelian/AffineFPModel.lean:140:12: Unknown identifier `model_conj_single`
error: GroupApproximation/BooneHigman/Metabelian/AffineFPModel.lean:139:86: unsolved goals
I : Type u_1
R : Type u_2
inst✝² : Fintype I
inst✝¹ : DecidableEq I
inst✝ : CommRing R
i j : I
h : i ≠ j
ε : R
k : I
hk : k ≠ j
⊢ Commute (SemidirectProduct.inr (elementaryRoot i j h ε))
    (SemidirectProduct.inl (Multiplicative.ofAdd (Pi.single k 1)))
error: GroupApproximation/BooneHigman/Metabelian/AffineFPModel.lean:144:14: 'GroupApproximation.BooneHigman.Metabelian.AffineFP.model_c1' depends on axioms outside the classical allowlist: [sorryAx]
  full closure: [propext, sorryAx, Classical.choice, Quot.sound]
  permitted: [propext, Classical.choice, Quot.sound]
error: GroupApproximation/BooneHigman/Metabelian/AffineFPModel.lean:152:6: Unknown identifier `model_conj_single`
error: GroupApproximation/BooneHigman/Metabelian/AffineFPModel.lean:151:84: unsolved goals
I : Type u_1
R : Type u_2
inst✝² : Fintype I
inst✝¹ : DecidableEq I
inst✝ : CommRing R
i j : I
h : i ≠ j
⊢ SemidirectProduct.inr (elementaryRoot i j h 1) * SemidirectProduct.inl (Multiplicative.ofAdd (Pi.single j 1)) *
      (SemidirectProduct.inr (elementaryRoot i j h 1))⁻¹ =
    SemidirectProduct.inl (Multiplicative.ofAdd (Pi.single j 1)) *
      SemidirectProduct.inl (Multiplicative.ofAdd (Pi.single i 1))
error: GroupApproximation/BooneHigman/Metabelian/AffineFPModel.lean:157:14: 'GroupApproximation.BooneHigman.Metabelian.AffineFP.model_c2' depends on axioms outside the classical allowlist: [sorryAx]
  full closure: [propext, sorryAx, Classical.choice, Quot.sound]
  permitted: [propext, Classical.choice, Quot.sound]
info: GroupApproximation/BooneHigman/Metabelian/AffineFPModel.lean:166:14: 'GroupApproximation.BooneHigman.Metabelian.AffineFP.model_c3' depends on axioms: [propext, Classical.choice, Quot.sound]
error: GroupApproximation/BooneHigman/Metabelian/AffineFPModel.lean:172:4: typeclass instance problem is stuck
  Group ?m.20

Note: Lean will not try to resolve this typeclass instance problem because the type argument to `Group` is a metavariable. This argument must be fully determined before Lean will try to resolve the typeclass.

Hint: Adding type annotations and supplying implicit arguments to functions can give Lean more information for typeclass resolution. For example, if you have a variable `x` that you intend to be a `Nat`, but Lean reports it as having an unresolved type like `?m`, replacing `x` with `(x : Nat)` can get typeclass resolution un-stuck.
error: GroupApproximation/BooneHigman/Metabelian/AffineFPModel.lean:180:14: Unknown constant `GroupApproximation.BooneHigman.Metabelian.AffineFP.model_commutator`
error: Lean exited with code 1
✔ [3085/3300] Built GroupApproximation.Leavitt.LeavittSelfSimilarity (24s)
✔ [3087/3302] Built GroupApproximation.Algebra.FinitePresentationTietze (26s)
✖ [3088/3302] Building GroupApproximation.BooneHigman.Metabelian.CharZeroHost.Letters (26s)
trace: .> LEAN_PATH=/projects/standard/hsiehph/sauer354/nonsofic_existence/.lake/packages/Cli/.lake/build/lib/lean:/projects/standard/hsiehph/sauer354/nonsofic_existence/.lake/packages/batteries/.lake/build/lib/lean:/projects/standard/hsiehph/sauer354/nonsofic_existence/.lake/packages/Qq/.lake/build/lib/lean:/projects/standard/hsiehph/sauer354/nonsofic_existence/.lake/packages/aesop/.lake/build/lib/lean:/projects/standard/hsiehph/sauer354/nonsofic_existence/.lake/packages/proofwidgets/.lake/build/lib/lean:/projects/standard/hsiehph/sauer354/nonsofic_existence/.lake/packages/importGraph/.lake/build/lib/lean:/projects/standard/hsiehph/sauer354/nonsofic_existence/.lake/packages/LeanSearchClient/.lake/build/lib/lean:/projects/standard/hsiehph/sauer354/nonsofic_existence/.lake/packages/plausible/.lake/build/lib/lean:/projects/standard/hsiehph/sauer354/nonsofic_existence/.lake/packages/mathlib/.lake/build/lib/lean:/projects/standard/hsiehph/sauer354/nonsofic_existence/.lake/build/lib/lean /projects/standard/hsiehph/sauer354/.elan/toolchains/leanprover--lean4---v4.32.0/bin/lean -DwarningAsError=true /projects/standard/hsiehph/sauer354/nonsofic_existence/GroupApproximation/BooneHigman/Metabelian/CharZeroHost/Letters.lean -o /projects/standard/hsiehph/sauer354/nonsofic_existence/.lake/build/lib/lean/GroupApproximation/BooneHigman/Metabelian/CharZeroHost/Letters.olean -i /projects/standard/hsiehph/sauer354/nonsofic_existence/.lake/build/lib/lean/GroupApproximation/BooneHigman/Metabelian/CharZeroHost/Letters.ilean -c /projects/standard/hsiehph/sauer354/nonsofic_existence/.lake/build/ir/GroupApproximation/BooneHigman/Metabelian/CharZeroHost/Letters.c --setup /projects/standard/hsiehph/sauer354/nonsofic_existence/.lake/build/ir/GroupApproximation/BooneHigman/Metabelian/CharZeroHost/Letters.setup.json --json
info: GroupApproximation/BooneHigman/Metabelian/CharZeroHost/Letters.lean:36:14: 'GroupApproximation.BooneHigman.Metabelian.CharZeroHost.DigitData' depends on axioms: [propext, Quot.sound]
info: GroupApproximation/BooneHigman/Metabelian/CharZeroHost/Letters.lean:44:14: 'GroupApproximation.BooneHigman.Metabelian.CharZeroHost.evalN' depends on axioms: [propext,
 Classical.choice,
 Quot.sound]
info: GroupApproximation/BooneHigman/Metabelian/CharZeroHost/Letters.lean:49:14: 'GroupApproximation.BooneHigman.Metabelian.CharZeroHost.evalN_C' depends on axioms: [propext,
 Classical.choice,
 Quot.sound]
info: GroupApproximation/BooneHigman/Metabelian/CharZeroHost/Letters.lean:55:14: 'GroupApproximation.BooneHigman.Metabelian.CharZeroHost.evalN_X' depends on axioms: [propext,
 Classical.choice,
 Quot.sound]
error: GroupApproximation/BooneHigman/Metabelian/CharZeroHost/Letters.lean:60:4: failed to compile definition, consider marking it as 'noncomputable' because it depends on 'AddMonoidAlgebra.commSemiring', which is 'noncomputable'
info: GroupApproximation/BooneHigman/Metabelian/CharZeroHost/Letters.lean:63:14: 'GroupApproximation.BooneHigman.Metabelian.CharZeroHost.sigma' depends on axioms: [propext,
 Classical.choice,
 Quot.sound]
info: GroupApproximation/BooneHigman/Metabelian/CharZeroHost/Letters.lean:68:14: 'GroupApproximation.BooneHigman.Metabelian.CharZeroHost.sigma_C' depends on axioms: [propext,
 Classical.choice,
 Quot.sound]
info: GroupApproximation/BooneHigman/Metabelian/CharZeroHost/Letters.lean:75:14: 'GroupApproximation.BooneHigman.Metabelian.CharZeroHost.sigma_X' depends on axioms: [propext,
 Classical.choice,
 Quot.sound]
info: GroupApproximation/BooneHigman/Metabelian/CharZeroHost/Letters.lean:98:14: 'GroupApproximation.BooneHigman.Metabelian.CharZeroHost.exists_sigma_eq' depends on axioms: [propext,
 Classical.choice,
 Quot.sound]
info: GroupApproximation/BooneHigman/Metabelian/CharZeroHost/Letters.lean:105:14: 'GroupApproximation.BooneHigman.Metabelian.CharZeroHost.divP' depends on axioms: [propext, Classical.choice, Quot.sound]
info: GroupApproximation/BooneHigman/Metabelian/CharZeroHost/Letters.lean:112:14: 'GroupApproximation.BooneHigman.Metabelian.CharZeroHost.eq_mul_divP' depends on axioms: [propext,
 Classical.choice,
 Quot.sound]
error: GroupApproximation/BooneHigman/Metabelian/CharZeroHost/Letters.lean:115:4: failed to compile definition, consider marking it as 'noncomputable' because it depends on 'sigma', which is 'noncomputable'
info: GroupApproximation/BooneHigman/Metabelian/CharZeroHost/Letters.lean:118:14: 'GroupApproximation.BooneHigman.Metabelian.CharZeroHost.sigmaZ' depends on axioms: [propext,
 Classical.choice,
 Quot.sound]
error: GroupApproximation/BooneHigman/Metabelian/CharZeroHost/Letters.lean:123:4: failed to compile definition, consider marking it as 'noncomputable' because it depends on 'AddMonoidAlgebra.nonAssocSemiring', which is 'noncomputable'
info: GroupApproximation/BooneHigman/Metabelian/CharZeroHost/Letters.lean:126:14: 'GroupApproximation.BooneHigman.Metabelian.CharZeroHost.dig' depends on axioms: [propext, Classical.choice, Quot.sound]
info: GroupApproximation/BooneHigman/Metabelian/CharZeroHost/Letters.lean:138:14: 'GroupApproximation.BooneHigman.Metabelian.CharZeroHost.exists_sigmaZ_eq_mul' depends on axioms: [propext,
 Classical.choice,
 Quot.sound]
error: GroupApproximation/BooneHigman/Metabelian/CharZeroHost/Letters.lean:141:4: failed to compile definition, consider marking it as 'noncomputable' because it depends on 'AddMonoidAlgebra.ring', which is 'noncomputable'
info: GroupApproximation/BooneHigman/Metabelian/CharZeroHost/Letters.lean:144:14: 'GroupApproximation.BooneHigman.Metabelian.CharZeroHost.castVec' depends on axioms: [propext,
 Classical.choice,
 Quot.sound]
info: GroupApproximation/BooneHigman/Metabelian/CharZeroHost/Letters.lean:151:14: 'GroupApproximation.BooneHigman.Metabelian.CharZeroHost.dig_castVec' depends on axioms: [propext,
 Classical.choice,
 Quot.sound]
error: Lean exited with code 1
✔ [3092/3302] Built GroupApproximation.BooneHigman.RNPresentation.SectionCriterion (27s)
✔ [3093/3302] Built GroupApproximation.KOne.StackDichotomy (26s)
ℹ [3094/3302] Built GroupApproximation.BooneHigman.Metabelian.CharPHost.Carry (26s)
info: GroupApproximation/BooneHigman/Metabelian/CharPHost/Carry.lean:65:14: 'GroupApproximation.BooneHigman.Metabelian.CharPHost.carrySubst_X_self' depends on axioms: [propext,
 Classical.choice,
 Quot.sound]
info: GroupApproximation/BooneHigman/Metabelian/CharPHost/Carry.lean:71:14: 'GroupApproximation.BooneHigman.Metabelian.CharPHost.carrySubst_X_of_ne' depends on axioms: [propext,
 Classical.choice,
 Quot.sound]
info: GroupApproximation/BooneHigman/Metabelian/CharPHost/Carry.lean:97:14: 'GroupApproximation.BooneHigman.Metabelian.CharPHost.exists_eq_C_eval_add_X_mul' depends on axioms: [propext,
 Classical.choice,
 Quot.sound]
info: GroupApproximation/BooneHigman/Metabelian/CharPHost/Carry.lean:109:14: 'GroupApproximation.BooneHigman.Metabelian.CharPHost.carrySubst_X_exists' depends on axioms: [propext,
 Classical.choice,
 Quot.sound]
info: GroupApproximation/BooneHigman/Metabelian/CharPHost/Carry.lean:118:14: 'GroupApproximation.BooneHigman.Metabelian.CharPHost.carrySubst_exists' depends on axioms: [propext,
 Classical.choice,
 Quot.sound]
info: GroupApproximation/BooneHigman/Metabelian/CharPHost/Carry.lean:126:14: 'GroupApproximation.BooneHigman.Metabelian.CharPHost.X_dvd_carrySubst_sub' depends on axioms: [propext,
 Classical.choice,
 Quot.sound]
info: GroupApproximation/BooneHigman/Metabelian/CharPHost/Carry.lean:137:14: 'GroupApproximation.BooneHigman.Metabelian.CharPHost.carrySubst_eq_add_carryQuot' depends on axioms: [propext,
 Classical.choice,
 Quot.sound]
info: GroupApproximation/BooneHigman/Metabelian/CharPHost/Carry.lean:146:14: 'GroupApproximation.BooneHigman.Metabelian.CharPHost.carryQuot_unique' depends on axioms: [propext,
 Classical.choice,
 Quot.sound]
info: GroupApproximation/BooneHigman/Metabelian/CharPHost/Carry.lean:160:14: 'GroupApproximation.BooneHigman.Metabelian.CharPHost.charPSubst_X_zero' depends on axioms: [propext,
 Classical.choice,
 Quot.sound]
info: GroupApproximation/BooneHigman/Metabelian/CharPHost/Carry.lean:167:14: 'GroupApproximation.BooneHigman.Metabelian.CharPHost.charPSubst_X_of_ne' depends on axioms: [propext,
 Classical.choice,
 Quot.sound]
info: GroupApproximation/BooneHigman/Metabelian/CharPHost/Carry.lean:177:14: 'GroupApproximation.BooneHigman.Metabelian.CharPHost.charPCarry' depends on axioms: [propext,
 Classical.choice,
 Quot.sound]
✔ [3095/3302] Built GroupApproximation.Sofic.CentralCoverInheritance (27s)
✔ [3096/3303] Built GroupApproximation.BooneHigman.GroupRing.Semidirect (26s)
ℹ [3097/3303] Built GroupApproximation.BooneHigman.Metabelian.ElemFPCharZeroRingPresentation (27s)
info: GroupApproximation/BooneHigman/Metabelian/ElemFPCharZeroRingPresentation.lean:149:14: 'GroupApproximation.BooneHigman.Metabelian.ElemFPCharZero.freeToPoly' depends on axioms: [propext,
 Classical.choice,
 Quot.sound]
info: GroupApproximation/BooneHigman/Metabelian/ElemFPCharZeroRingPresentation.lean:150:14: 'GroupApproximation.BooneHigman.Metabelian.ElemFPCharZero.freeToPoly_ι' depends on axioms: [propext,
 Classical.choice,
 Quot.sound]
info: GroupApproximation/BooneHigman/Metabelian/ElemFPCharZeroRingPresentation.lean:151:14: 'GroupApproximation.BooneHigman.Metabelian.ElemFPCharZero.freeToPoly_surjective' depends on axioms: [propext,
 Classical.choice,
 Quot.sound]
info: GroupApproximation/BooneHigman/Metabelian/ElemFPCharZeroRingPresentation.lean:152:14: 'GroupApproximation.BooneHigman.Metabelian.ElemFPCharZero.liftRel' depends on axioms: [propext,
 Classical.choice,
 Quot.sound]
info: GroupApproximation/BooneHigman/Metabelian/ElemFPCharZeroRingPresentation.lean:153:14: 'GroupApproximation.BooneHigman.Metabelian.ElemFPCharZero.freeToPoly_liftRel' depends on axioms: [propext,
 Classical.choice,
 Quot.sound]
info: GroupApproximation/BooneHigman/Metabelian/ElemFPCharZeroRingPresentation.lean:154:14: 'GroupApproximation.BooneHigman.Metabelian.ElemFPCharZero.polyRelators' depends on axioms: [propext,
 Classical.choice,
 Quot.sound]
info: GroupApproximation/BooneHigman/Metabelian/ElemFPCharZeroRingPresentation.lean:155:14: 'GroupApproximation.BooneHigman.Metabelian.ElemFPCharZero.polyRelators_finite' depends on axioms: [propext,
 Classical.choice,
 Quot.sound]
info: GroupApproximation/BooneHigman/Metabelian/ElemFPCharZeroRingPresentation.lean:156:14: 'GroupApproximation.BooneHigman.Metabelian.ElemFPCharZero.liftRel_mem_polyRelators' depends on axioms: [propext,
 Classical.choice,
 Quot.sound]
info: GroupApproximation/BooneHigman/Metabelian/ElemFPCharZeroRingPresentation.lean:157:14: 'GroupApproximation.BooneHigman.Metabelian.ElemFPCharZero.comm_mem_polyRelators' depends on axioms: [propext,
 Classical.choice,
 Quot.sound]
info: GroupApproximation/BooneHigman/Metabelian/ElemFPCharZeroRingPresentation.lean:158:14: 'GroupApproximation.BooneHigman.Metabelian.ElemFPCharZero.RelQuot' depends on axioms: [propext,
 Classical.choice,
 Quot.sound]
info: GroupApproximation/BooneHigman/Metabelian/ElemFPCharZeroRingPresentation.lean:159:14: 'GroupApproximation.BooneHigman.Metabelian.ElemFPCharZero.relQuotMk' depends on axioms: [propext,
 Classical.choice,
 Quot.sound]
info: GroupApproximation/BooneHigman/Metabelian/ElemFPCharZeroRingPresentation.lean:160:14: 'GroupApproximation.BooneHigman.Metabelian.ElemFPCharZero.ker_relQuotMk' depends on axioms: [propext,
 Classical.choice,
 Quot.sound]
info: GroupApproximation/BooneHigman/Metabelian/ElemFPCharZeroRingPresentation.lean:161:14: 'GroupApproximation.BooneHigman.Metabelian.ElemFPCharZero.relQuotMk_surjective' depends on axioms: [propext,
 Classical.choice,
 Quot.sound]
info: GroupApproximation/BooneHigman/Metabelian/ElemFPCharZeroRingPresentation.lean:162:14: 'GroupApproximation.BooneHigman.Metabelian.ElemFPCharZero.relQuotMk_relator' depends on axioms: [propext,
 Classical.choice,
 Quot.sound]
info: GroupApproximation/BooneHigman/Metabelian/ElemFPCharZeroRingPresentation.lean:163:14: 'GroupApproximation.BooneHigman.Metabelian.ElemFPCharZero.relQuotMk_ι_comm' depends on axioms: [propext,
 Classical.choice,
 Quot.sound]
info: GroupApproximation/BooneHigman/Metabelian/ElemFPCharZeroRingPresentation.lean:164:14: 'GroupApproximation.BooneHigman.Metabelian.ElemFPCharZero.relQuotMk_commute' depends on axioms: [propext,
 Classical.choice,
 Quot.sound]
info: GroupApproximation/BooneHigman/Metabelian/ElemFPCharZeroRingPresentation.lean:165:14: 'GroupApproximation.BooneHigman.Metabelian.ElemFPCharZero.relQuotMk_mem_center' depends on axioms: [propext,
 Classical.choice,
 Quot.sound]
✔ [3098/3303] Built GroupApproximation.KOne.VandermondeExtraction (27s)
✔ [3099/3303] Built GroupApproximation.BooneHigman.GroupRing.Noetherian (27s)
✔ [3100/3303] Built GroupApproximation.KOne.GLPairNormalization (27s)
✔ [3102/3303] Built GroupApproximation.Leavitt.LeavittNormalForm (28s)
ℹ [3103/3306] Built GroupApproximation.Leavitt.LeavittModuleRank (28s)
info: GroupApproximation/Leavitt/LeavittModuleRank.lean:217:21: 'GroupApproximation.UniversalLeavitt.nonuniqueModuleRank' depends on axioms: [propext, Classical.choice, Quot.sound]
ℹ [3111/3319] Built GroupApproximation.BooneHigman.Metabelian.ElemFPPolyPresentation (29s)
info: GroupApproximation/BooneHigman/Metabelian/ElemFPPolyPresentation.lean:152:14: 'GroupApproximation.BooneHigman.Metabelian.ElemFP.polyQuotientMap' depends on axioms: [propext,
 Classical.choice,
 Quot.sound]
info: GroupApproximation/BooneHigman/Metabelian/ElemFPPolyPresentation.lean:153:14: 'GroupApproximation.BooneHigman.Metabelian.ElemFP.polyQuotientMap_ι' depends on axioms: [propext,
 Classical.choice,
 Quot.sound]
info: GroupApproximation/BooneHigman/Metabelian/ElemFPPolyPresentation.lean:154:14: 'GroupApproximation.BooneHigman.Metabelian.ElemFP.polyQuotientMap_surjective' depends on axioms: [propext,
 Classical.choice,
 Quot.sound]
info: GroupApproximation/BooneHigman/Metabelian/ElemFPPolyPresentation.lean:155:14: 'GroupApproximation.BooneHigman.Metabelian.ElemFP.polyRelators' depends on axioms: [propext, Quot.sound]
info: GroupApproximation/BooneHigman/Metabelian/ElemFPPolyPresentation.lean:156:14: 'GroupApproximation.BooneHigman.Metabelian.ElemFP.polyRelators_finite' depends on axioms: [propext,
 Classical.choice,
 Quot.sound]
info: GroupApproximation/BooneHigman/Metabelian/ElemFPPolyPresentation.lean:157:14: 'GroupApproximation.BooneHigman.Metabelian.ElemFP.natCast_mem_polyRelators' depends on axioms: [propext, Quot.sound]
info: GroupApproximation/BooneHigman/Metabelian/ElemFPPolyPresentation.lean:158:14: 'GroupApproximation.BooneHigman.Metabelian.ElemFP.comm_mem_polyRelators' depends on axioms: [propext, Quot.sound]
info: GroupApproximation/BooneHigman/Metabelian/ElemFPPolyPresentation.lean:159:14: 'GroupApproximation.BooneHigman.Metabelian.ElemFP.span_polyRelators_le_ker' depends on axioms: [propext,
 Classical.choice,
 Quot.sound]
info: GroupApproximation/BooneHigman/Metabelian/ElemFPPolyPresentation.lean:160:14: 'GroupApproximation.BooneHigman.Metabelian.ElemFP.RelQuot' depends on axioms: [propext, Quot.sound]
info: GroupApproximation/BooneHigman/Metabelian/ElemFPPolyPresentation.lean:161:14: 'GroupApproximation.BooneHigman.Metabelian.ElemFP.relQuotMk' depends on axioms: [propext, Quot.sound]
info: GroupApproximation/BooneHigman/Metabelian/ElemFPPolyPresentation.lean:162:14: 'GroupApproximation.BooneHigman.Metabelian.ElemFP.ker_relQuotMk' depends on axioms: [propext, Quot.sound]
info: GroupApproximation/BooneHigman/Metabelian/ElemFPPolyPresentation.lean:163:14: 'GroupApproximation.BooneHigman.Metabelian.ElemFP.relQuotMk_surjective' depends on axioms: [propext, Quot.sound]
info: GroupApproximation/BooneHigman/Metabelian/ElemFPPolyPresentation.lean:164:14: 'GroupApproximation.BooneHigman.Metabelian.ElemFP.relQuotMk_relator' depends on axioms: [propext, Quot.sound]
info: GroupApproximation/BooneHigman/Metabelian/ElemFPPolyPresentation.lean:165:14: 'GroupApproximation.BooneHigman.Metabelian.ElemFP.relQuotMk_ι_comm' depends on axioms: [propext,
 Classical.choice,
 Quot.sound]
info: GroupApproximation/BooneHigman/Metabelian/ElemFPPolyPresentation.lean:166:14: 'GroupApproximation.BooneHigman.Metabelian.ElemFP.relQuotMk_commute' depends on axioms: [propext,
 Classical.choice,
 Quot.sound]
info: GroupApproximation/BooneHigman/Metabelian/ElemFPPolyPresentation.lean:167:14: 'GroupApproximation.BooneHigman.Metabelian.ElemFP.relQuotMk_mem_center' depends on axioms: [propext,
 Classical.choice,
 Quot.sound]
info: GroupApproximation/BooneHigman/Metabelian/ElemFPPolyPresentation.lean:168:14: 'GroupApproximation.BooneHigman.Metabelian.ElemFP.relQuot_natCast_p' depends on axioms: [propext, Quot.sound]
info: GroupApproximation/BooneHigman/Metabelian/ElemFPPolyPresentation.lean:169:14: 'GroupApproximation.BooneHigman.Metabelian.ElemFP.center_natCast_p' depends on axioms: [propext,
 Classical.choice,
 Quot.sound]
✔ [3112/3319] Built GroupApproximation.KOne.StableRankOne (28s)
✔ [3113/3319] Built GroupApproximation.KOne.CodePairTransport (28s)
✔ [3134/3340] Built GroupApproximation.Steinberg.ElementaryIndexPadding (29s)
✔ [3174/3388] Built GroupApproximation.BooneHigman.Coordinates.MatrixEmbedding (30s)
ℹ [3175/3388] Built GroupApproximation.BooneHigman.Metabelian.CharZeroHost.Group (29s)
info: GroupApproximation/BooneHigman/Metabelian/CharZeroHost/Group.lean:48:14: 'GroupApproximation.BooneHigman.Metabelian.CharZeroHost.vecAction' depends on axioms: [propext,
 Classical.choice,
 Quot.sound]
info: GroupApproximation/BooneHigman/Metabelian/CharZeroHost/Group.lean:53:14: 'GroupApproximation.BooneHigman.Metabelian.CharZeroHost.Aff' depends on axioms: [propext, Classical.choice, Quot.sound]
info: GroupApproximation/BooneHigman/Metabelian/CharZeroHost/Group.lean:60:14: 'GroupApproximation.BooneHigman.Metabelian.CharZeroHost.vec' depends on axioms: [propext, Classical.choice, Quot.sound]
info: GroupApproximation/BooneHigman/Metabelian/CharZeroHost/Group.lean:65:14: 'GroupApproximation.BooneHigman.Metabelian.CharZeroHost.mat' depends on axioms: [propext, Classical.choice, Quot.sound]
info: GroupApproximation/BooneHigman/Metabelian/CharZeroHost/Group.lean:70:14: 'GroupApproximation.BooneHigman.Metabelian.CharZeroHost.mk' depends on axioms: [propext, Classical.choice, Quot.sound]
info: GroupApproximation/BooneHigman/Metabelian/CharZeroHost/Group.lean:74:14: 'GroupApproximation.BooneHigman.Metabelian.CharZeroHost.vec_mul' depends on axioms: [propext,
 Classical.choice,
 Quot.sound]
info: GroupApproximation/BooneHigman/Metabelian/CharZeroHost/Group.lean:78:14: 'GroupApproximation.BooneHigman.Metabelian.CharZeroHost.mat_mul' depends on axioms: [propext,
 Classical.choice,
 Quot.sound]
info: GroupApproximation/BooneHigman/Metabelian/CharZeroHost/Group.lean:82:14: 'GroupApproximation.BooneHigman.Metabelian.CharZeroHost.vec_mk' depends on axioms: [propext,
 Classical.choice,
 Quot.sound]
info: GroupApproximation/BooneHigman/Metabelian/CharZeroHost/Group.lean:86:14: 'GroupApproximation.BooneHigman.Metabelian.CharZeroHost.right_mk' depends on axioms: [propext,
 Classical.choice,
 Quot.sound]
info: GroupApproximation/BooneHigman/Metabelian/CharZeroHost/Group.lean:91:14: 'GroupApproximation.BooneHigman.Metabelian.CharZeroHost.mat_mk' depends on axioms: [propext,
 Classical.choice,
 Quot.sound]
info: GroupApproximation/BooneHigman/Metabelian/CharZeroHost/Group.lean:95:14: 'GroupApproximation.BooneHigman.Metabelian.CharZeroHost.vec_one' depends on axioms: [propext,
 Classical.choice,
 Quot.sound]
info: GroupApproximation/BooneHigman/Metabelian/CharZeroHost/Group.lean:99:14: 'GroupApproximation.BooneHigman.Metabelian.CharZeroHost.mat_one' depends on axioms: [propext,
 Classical.choice,
 Quot.sound]
info: GroupApproximation/BooneHigman/Metabelian/CharZeroHost/Group.lean:109:14: 'GroupApproximation.BooneHigman.Metabelian.CharZeroHost.eq_one_of_vec_mat' depends on axioms: [propext,
 Classical.choice,
 Quot.sound]
ℹ [3188/3405] Built GroupApproximation.BooneHigman.Metabelian.AbsorptionEmbedding (30s)
info: GroupApproximation/BooneHigman/Metabelian/AbsorptionEmbedding.lean:40:14: 'GroupApproximation.BooneHigman.Metabelian.Absorption.fromBlocks_diag_mul' depends on axioms: [propext,
 Classical.choice,
 Quot.sound]
info: GroupApproximation/BooneHigman/Metabelian/AbsorptionEmbedding.lean:53:14: 'GroupApproximation.BooneHigman.Metabelian.Absorption.blockUnits' depends on axioms: [propext,
 Classical.choice,
 Quot.sound]
info: GroupApproximation/BooneHigman/Metabelian/AbsorptionEmbedding.lean:64:14: 'GroupApproximation.BooneHigman.Metabelian.Absorption.blockUnits_mul' depends on axioms: [propext,
 Classical.choice,
 Quot.sound]
info: GroupApproximation/BooneHigman/Metabelian/AbsorptionEmbedding.lean:71:14: 'GroupApproximation.BooneHigman.Metabelian.Absorption.blockUnits_mul_one' depends on axioms: [propext,
 Classical.choice,
 Quot.sound]
info: GroupApproximation/BooneHigman/Metabelian/AbsorptionEmbedding.lean:80:14: 'GroupApproximation.BooneHigman.Metabelian.Absorption.blockUnits_one' depends on axioms: [propext,
 Classical.choice,
 Quot.sound]
info: GroupApproximation/BooneHigman/Metabelian/AbsorptionEmbedding.lean:91:14: 'GroupApproximation.BooneHigman.Metabelian.Absorption.blockUnits_left_eq' depends on axioms: [propext,
 Classical.choice,
 Quot.sound]
info: GroupApproximation/BooneHigman/Metabelian/AbsorptionEmbedding.lean:100:14: 'GroupApproximation.BooneHigman.Metabelian.Absorption.blockUnits_det' depends on axioms: [propext,
 Classical.choice,
 Quot.sound]
info: GroupApproximation/BooneHigman/Metabelian/AbsorptionEmbedding.lean:123:14: 'GroupApproximation.BooneHigman.Metabelian.Absorption.invTransposeHom' depends on axioms: [propext,
 Classical.choice,
 Quot.sound]
info: GroupApproximation/BooneHigman/Metabelian/AbsorptionEmbedding.lean:130:14: 'GroupApproximation.BooneHigman.Metabelian.Absorption.invTransposeHom_val' depends on axioms: [propext,
 Classical.choice,
 Quot.sound]
info: GroupApproximation/BooneHigman/Metabelian/AbsorptionEmbedding.lean:144:14: 'GroupApproximation.BooneHigman.Metabelian.Absorption.absorptionIndexEquiv' depends on axioms: [propext, Quot.sound]
info: GroupApproximation/BooneHigman/Metabelian/AbsorptionEmbedding.lean:171:14: 'GroupApproximation.BooneHigman.Metabelian.Absorption.absorptionUnits' depends on axioms: [propext,
 Classical.choice,
 Quot.sound]
info: GroupApproximation/BooneHigman/Metabelian/AbsorptionEmbedding.lean:183:14: 'GroupApproximation.BooneHigman.Metabelian.Absorption.absorptionUnits_injective' depends on axioms: [propext,
 Classical.choice,
 Quot.sound]
info: GroupApproximation/BooneHigman/Metabelian/AbsorptionEmbedding.lean:198:14: 'GroupApproximation.BooneHigman.Metabelian.Absorption.absorptionUnits_det' depends on axioms: [propext,
 Classical.choice,
 Quot.sound]
✔ [3209/3407] Built GroupApproximation.BooneHigman.Products.ProductTree (17s)
✖ [3211/3411] Building GroupApproximation.BooneHigman.Metabelian.EnvelopeCantorAction (17s)
trace: .> LEAN_PATH=/projects/standard/hsiehph/sauer354/nonsofic_existence/.lake/packages/Cli/.lake/build/lib/lean:/projects/standard/hsiehph/sauer354/nonsofic_existence/.lake/packages/batteries/.lake/build/lib/lean:/projects/standard/hsiehph/sauer354/nonsofic_existence/.lake/packages/Qq/.lake/build/lib/lean:/projects/standard/hsiehph/sauer354/nonsofic_existence/.lake/packages/aesop/.lake/build/lib/lean:/projects/standard/hsiehph/sauer354/nonsofic_existence/.lake/packages/proofwidgets/.lake/build/lib/lean:/projects/standard/hsiehph/sauer354/nonsofic_existence/.lake/packages/importGraph/.lake/build/lib/lean:/projects/standard/hsiehph/sauer354/nonsofic_existence/.lake/packages/LeanSearchClient/.lake/build/lib/lean:/projects/standard/hsiehph/sauer354/nonsofic_existence/.lake/packages/plausible/.lake/build/lib/lean:/projects/standard/hsiehph/sauer354/nonsofic_existence/.lake/packages/mathlib/.lake/build/lib/lean:/projects/standard/hsiehph/sauer354/nonsofic_existence/.lake/build/lib/lean /projects/standard/hsiehph/sauer354/.elan/toolchains/leanprover--lean4---v4.32.0/bin/lean -DwarningAsError=true /projects/standard/hsiehph/sauer354/nonsofic_existence/GroupApproximation/BooneHigman/Metabelian/EnvelopeCantorAction.lean -o /projects/standard/hsiehph/sauer354/nonsofic_existence/.lake/build/lib/lean/GroupApproximation/BooneHigman/Metabelian/EnvelopeCantorAction.olean -i /projects/standard/hsiehph/sauer354/nonsofic_existence/.lake/build/lib/lean/GroupApproximation/BooneHigman/Metabelian/EnvelopeCantorAction.ilean -c /projects/standard/hsiehph/sauer354/nonsofic_existence/.lake/build/ir/GroupApproximation/BooneHigman/Metabelian/EnvelopeCantorAction.c --setup /projects/standard/hsiehph/sauer354/nonsofic_existence/.lake/build/ir/GroupApproximation/BooneHigman/Metabelian/EnvelopeCantorAction.setup.json --json
info: GroupApproximation/BooneHigman/Metabelian/EnvelopeCantorAction.lean:35:14: 'GroupApproximation.BooneHigman.Metabelian.Envelope.firstWord_eq_take' depends on axioms: [propext, Quot.sound]
info: GroupApproximation/BooneHigman/Metabelian/EnvelopeCantorAction.lean:41:14: 'GroupApproximation.BooneHigman.Metabelian.Envelope.streamFun' depends on axioms: [propext,
 Classical.choice,
 Quot.sound]
info: GroupApproximation/BooneHigman/Metabelian/EnvelopeCantorAction.lean:60:14: 'GroupApproximation.BooneHigman.Metabelian.Envelope.firstWord_streamFun' depends on axioms: [propext,
 Classical.choice,
 Quot.sound]
info: GroupApproximation/BooneHigman/Metabelian/EnvelopeCantorAction.lean:73:14: 'GroupApproximation.BooneHigman.Metabelian.Envelope.streamFun_mul' depends on axioms: [propext,
 Classical.choice,
 Quot.sound]
error: GroupApproximation/BooneHigman/Metabelian/EnvelopeCantorAction.lean:75:60: unsolved goals
X : Type u_1
x : Cantor X
n : ℕ
hn : n < (firstWord (n + 1) x).length
⊢ (x 0 :: List.ofFn fun i => x (↑i + 1))[n] = x n
error: GroupApproximation/BooneHigman/Metabelian/EnvelopeCantorAction.lean:85:14: 'GroupApproximation.BooneHigman.Metabelian.Envelope.streamFun_one' depends on axioms outside the classical allowlist: [sorryAx]
  full closure: [propext, sorryAx, Classical.choice, Quot.sound]
  permitted: [propext, Classical.choice, Quot.sound]
error: GroupApproximation/BooneHigman/Metabelian/EnvelopeCantorAction.lean:98:14: 'GroupApproximation.BooneHigman.Metabelian.Envelope.cantorPerm' depends on axioms outside the classical allowlist: [sorryAx]
  full closure: [propext, sorryAx, Classical.choice, Quot.sound]
  permitted: [propext, Classical.choice, Quot.sound]
error: GroupApproximation/BooneHigman/Metabelian/EnvelopeCantorAction.lean:106:14: 'GroupApproximation.BooneHigman.Metabelian.Envelope.cantorHom' depends on axioms outside the classical allowlist: [sorryAx]
  full closure: [propext, sorryAx, Classical.choice, Quot.sound]
  permitted: [propext, Classical.choice, Quot.sound]
error: GroupApproximation/BooneHigman/Metabelian/EnvelopeCantorAction.lean:110:14: 'GroupApproximation.BooneHigman.Metabelian.Envelope.cantorHom_apply' depends on axioms outside the classical allowlist: [sorryAx]
  full closure: [propext, sorryAx, Classical.choice, Quot.sound]
  permitted: [propext, Classical.choice, Quot.sound]
info: GroupApproximation/BooneHigman/Metabelian/EnvelopeCantorAction.lean:118:14: 'GroupApproximation.BooneHigman.Metabelian.Envelope.firstWord_length_prepend' depends on axioms: [propext, Quot.sound]
error: GroupApproximation/BooneHigman/Metabelian/EnvelopeCantorAction.lean:130:14: 'GroupApproximation.BooneHigman.Metabelian.Envelope.cantorHom_injective' depends on axioms outside the classical allowlist: [sorryAx]
  full closure: [propext, sorryAx, Classical.choice, Quot.sound]
  permitted: [propext, Classical.choice, Quot.sound]
error: Lean exited with code 1
✔ [3214/3414] Built GroupApproximation.BooneHigman.V.Group (17s)
ℹ [3218/3414] Built GroupApproximation.BooneHigman.Metabelian.CharPCoordsNagata (34s)
info: GroupApproximation/BooneHigman/Metabelian/CharPCoordsNagata.lean:42:14: 'GroupApproximation.BooneHigman.Metabelian.CharPCoords.Nagata.lt_up' depends on axioms: [propext,
 Classical.choice,
 Quot.sound]
info: GroupApproximation/BooneHigman/Metabelian/CharPCoordsNagata.lean:53:14: 'GroupApproximation.BooneHigman.Metabelian.CharPCoords.Nagata.T1' depends on axioms: [propext,
 Classical.choice,
 Quot.sound]
info: GroupApproximation/BooneHigman/Metabelian/CharPCoordsNagata.lean:60:14: 'GroupApproximation.BooneHigman.Metabelian.CharPCoords.Nagata.t1_comp_t1_neg' depends on axioms: [propext,
 Classical.choice,
 Quot.sound]
info: GroupApproximation/BooneHigman/Metabelian/CharPCoordsNagata.lean:66:14: 'GroupApproximation.BooneHigman.Metabelian.CharPCoords.Nagata.T' depends on axioms: [propext,
 Classical.choice,
 Quot.sound]
info: GroupApproximation/BooneHigman/Metabelian/CharPCoordsNagata.lean:77:14: 'GroupApproximation.BooneHigman.Metabelian.CharPCoords.Nagata.sum_r_mul_ne' depends on axioms: [propext,
 Classical.choice,
 Quot.sound]
info: GroupApproximation/BooneHigman/Metabelian/CharPCoordsNagata.lean:95:14: 'GroupApproximation.BooneHigman.Metabelian.CharPCoords.Nagata.degreeOf_zero_t' depends on axioms: [propext,
 Classical.choice,
 Quot.sound]
info: GroupApproximation/BooneHigman/Metabelian/CharPCoordsNagata.lean:106:14: 'GroupApproximation.BooneHigman.Metabelian.CharPCoords.Nagata.degreeOf_t_ne_of_ne' depends on axioms: [propext,
 Classical.choice,
 Quot.sound]
info: GroupApproximation/BooneHigman/Metabelian/CharPCoordsNagata.lean:127:2: 'GroupApproximation.BooneHigman.Metabelian.CharPCoords.Nagata.leadingCoeff_finSuccEquiv_t' depends on axioms: [propext,
 Classical.choice,
 Quot.sound]
info: GroupApproximation/BooneHigman/Metabelian/CharPCoordsNagata.lean:157:14: 'GroupApproximation.BooneHigman.Metabelian.CharPCoords.Nagata.T_leadingcoeff_isUnit' depends on axioms: [propext,
 Classical.choice,
 Quot.sound]
info: GroupApproximation/BooneHigman/Metabelian/CharPCoordsNagata.lean:170:2: 'GroupApproximation.BooneHigman.Metabelian.CharPCoords.Nagata.exists_algEquiv_isUnit_leadingCoeff' depends on axioms: [propext,
 Classical.choice,
 Quot.sound]
✔ [3220/3414] Built GroupApproximation.Algebra.FiniteIndexTransversal (42s)
✔ [3221/3414] Built GroupApproximation.Algebra.WordMetricComparison (42s)
✖ [3225/3414] Building GroupApproximation.BooneHigman.Metabelian.CoprimaryModule (23s)
trace: .> LEAN_PATH=/projects/standard/hsiehph/sauer354/nonsofic_existence/.lake/packages/Cli/.lake/build/lib/lean:/projects/standard/hsiehph/sauer354/nonsofic_existence/.lake/packages/batteries/.lake/build/lib/lean:/projects/standard/hsiehph/sauer354/nonsofic_existence/.lake/packages/Qq/.lake/build/lib/lean:/projects/standard/hsiehph/sauer354/nonsofic_existence/.lake/packages/aesop/.lake/build/lib/lean:/projects/standard/hsiehph/sauer354/nonsofic_existence/.lake/packages/proofwidgets/.lake/build/lib/lean:/projects/standard/hsiehph/sauer354/nonsofic_existence/.lake/packages/importGraph/.lake/build/lib/lean:/projects/standard/hsiehph/sauer354/nonsofic_existence/.lake/packages/LeanSearchClient/.lake/build/lib/lean:/projects/standard/hsiehph/sauer354/nonsofic_existence/.lake/packages/plausible/.lake/build/lib/lean:/projects/standard/hsiehph/sauer354/nonsofic_existence/.lake/packages/mathlib/.lake/build/lib/lean:/projects/standard/hsiehph/sauer354/nonsofic_existence/.lake/build/lib/lean /projects/standard/hsiehph/sauer354/.elan/toolchains/leanprover--lean4---v4.32.0/bin/lean -DwarningAsError=true /projects/standard/hsiehph/sauer354/nonsofic_existence/GroupApproximation/BooneHigman/Metabelian/CoprimaryModule.lean -o /projects/standard/hsiehph/sauer354/nonsofic_existence/.lake/build/lib/lean/GroupApproximation/BooneHigman/Metabelian/CoprimaryModule.olean -i /projects/standard/hsiehph/sauer354/nonsofic_existence/.lake/build/lib/lean/GroupApproximation/BooneHigman/Metabelian/CoprimaryModule.ilean -c /projects/standard/hsiehph/sauer354/nonsofic_existence/.lake/build/ir/GroupApproximation/BooneHigman/Metabelian/CoprimaryModule.c --setup /projects/standard/hsiehph/sauer354/nonsofic_existence/.lake/build/ir/GroupApproximation/BooneHigman/Metabelian/CoprimaryModule.setup.json --json
info: GroupApproximation/BooneHigman/Metabelian/CoprimaryModule.lean:37:14: 'GroupApproximation.BooneHigman.Metabelian.Coprimary.DerivedModule' depends on axioms: [propext,
 Classical.choice,
 Quot.sound]
info: GroupApproximation/BooneHigman/Metabelian/CoprimaryModule.lean:44:14: 'GroupApproximation.BooneHigman.Metabelian.Coprimary.dcls' depends on axioms: [propext, Classical.choice, Quot.sound]
info: GroupApproximation/BooneHigman/Metabelian/CoprimaryModule.lean:49:14: 'GroupApproximation.BooneHigman.Metabelian.Coprimary.dcls_mul' depends on axioms: [propext,
 Classical.choice,
 Quot.sound]
info: GroupApproximation/BooneHigman/Metabelian/CoprimaryModule.lean:54:14: 'GroupApproximation.BooneHigman.Metabelian.Coprimary.dcls_one' depends on axioms: [propext,
 Classical.choice,
 Quot.sound]
info: GroupApproximation/BooneHigman/Metabelian/CoprimaryModule.lean:59:14: 'GroupApproximation.BooneHigman.Metabelian.Coprimary.dcls_inv' depends on axioms: [propext,
 Classical.choice,
 Quot.sound]
info: GroupApproximation/BooneHigman/Metabelian/CoprimaryModule.lean:64:14: 'GroupApproximation.BooneHigman.Metabelian.Coprimary.dcls_pow' depends on axioms: [propext,
 Classical.choice,
 Quot.sound]
info: GroupApproximation/BooneHigman/Metabelian/CoprimaryModule.lean:73:14: 'GroupApproximation.BooneHigman.Metabelian.Coprimary.endHom_ext' depends on axioms: [propext,
 Classical.choice,
 Quot.sound]
info: GroupApproximation/BooneHigman/Metabelian/CoprimaryModule.lean:79:14: 'GroupApproximation.BooneHigman.Metabelian.Coprimary.conjEnd' depends on axioms: [propext, Classical.choice, Quot.sound]
info: GroupApproximation/BooneHigman/Metabelian/CoprimaryModule.lean:85:14: 'GroupApproximation.BooneHigman.Metabelian.Coprimary.conjEnd_dcls' depends on axioms: [propext,
 Classical.choice,
 Quot.sound]
info: GroupApproximation/BooneHigman/Metabelian/CoprimaryModule.lean:98:14: 'GroupApproximation.BooneHigman.Metabelian.Coprimary.conj' depends on axioms: [propext, Classical.choice, Quot.sound]
info: GroupApproximation/BooneHigman/Metabelian/CoprimaryModule.lean:104:14: 'GroupApproximation.BooneHigman.Metabelian.Coprimary.conj_dcls' depends on axioms: [propext,
 Classical.choice,
 Quot.sound]
info: GroupApproximation/BooneHigman/Metabelian/CoprimaryModule.lean:118:14: 'GroupApproximation.BooneHigman.Metabelian.Coprimary.commutator_le_ker_conj' depends on axioms: [propext,
 Classical.choice,
 Quot.sound]
info: GroupApproximation/BooneHigman/Metabelian/CoprimaryModule.lean:125:14: 'GroupApproximation.BooneHigman.Metabelian.Coprimary.conjQ' depends on axioms: [propext, Classical.choice, Quot.sound]
info: GroupApproximation/BooneHigman/Metabelian/CoprimaryModule.lean:130:14: 'GroupApproximation.BooneHigman.Metabelian.Coprimary.conjQ_of' depends on axioms: [propext,
 Classical.choice,
 Quot.sound]
error: GroupApproximation/BooneHigman/Metabelian/CoprimaryModule.lean:133:9: failed to compile definition, consider marking it as 'noncomputable' because it depends on 'MonoidAlgebra.semiring', which is 'noncomputable'
info: GroupApproximation/BooneHigman/Metabelian/CoprimaryModule.lean:138:14: 'GroupApproximation.BooneHigman.Metabelian.Coprimary.instModuleDerived' depends on axioms: [propext,
 Classical.choice,
 Quot.sound]
info: GroupApproximation/BooneHigman/Metabelian/CoprimaryModule.lean:145:14: 'GroupApproximation.BooneHigman.Metabelian.Coprimary.of_smul' depends on axioms: [propext, Classical.choice, Quot.sound]
info: GroupApproximation/BooneHigman/Metabelian/CoprimaryModule.lean:152:14: 'GroupApproximation.BooneHigman.Metabelian.Coprimary.of_smul_dcls' depends on axioms: [propext,
 Classical.choice,
 Quot.sound]
error: Lean exited with code 1
ℹ [3226/3414] Built GroupApproximation.BooneHigman.Metabelian.EnvelopeSimpleEpstein (21s)
info: GroupApproximation/BooneHigman/Metabelian/EnvelopeSimpleEpstein.lean:32:14: 'GroupApproximation.BooneHigman.Metabelian.Envelope.ThreeRoom' depends on axioms: [propext,
 Classical.choice,
 Quot.sound]
info: GroupApproximation/BooneHigman/Metabelian/EnvelopeSimpleEpstein.lean:38:14: 'GroupApproximation.BooneHigman.Metabelian.Envelope.Compressible' depends on axioms: [propext,
 Classical.choice,
 Quot.sound]
info: GroupApproximation/BooneHigman/Metabelian/EnvelopeSimpleEpstein.lean:47:14: 'GroupApproximation.BooneHigman.Metabelian.Envelope.Fragments' depends on axioms: [propext,
 Classical.choice,
 Quot.sound]
info: GroupApproximation/BooneHigman/Metabelian/EnvelopeSimpleEpstein.lean:92:14: 'GroupApproximation.BooneHigman.Metabelian.Envelope.commutatorElement_mem_of_room' depends on axioms: [propext,
 Classical.choice,
 Quot.sound]
info: GroupApproximation/BooneHigman/Metabelian/EnvelopeSimpleEpstein.lean:118:14: 'GroupApproximation.BooneHigman.Metabelian.Envelope.commutator_le_of_room_fragments' depends on axioms: [propext,
 Classical.choice,
 Quot.sound]
info: GroupApproximation/BooneHigman/Metabelian/EnvelopeSimpleEpstein.lean:149:14: 'GroupApproximation.BooneHigman.Metabelian.Envelope.isSimpleGroup_of_room_fragments' depends on axioms: [propext,
 Classical.choice,
 Quot.sound]
✔ [3228/3414] Built GroupApproximation.BooneHigman.Primary.Coprimary (26s)
✖ [3230/3417] Building GroupApproximation.BooneHigman.Metabelian.TorsionFreeCoprimaryBlock (28s)
trace: .> LEAN_PATH=/projects/standard/hsiehph/sauer354/nonsofic_existence/.lake/packages/Cli/.lake/build/lib/lean:/projects/standard/hsiehph/sauer354/nonsofic_existence/.lake/packages/batteries/.lake/build/lib/lean:/projects/standard/hsiehph/sauer354/nonsofic_existence/.lake/packages/Qq/.lake/build/lib/lean:/projects/standard/hsiehph/sauer354/nonsofic_existence/.lake/packages/aesop/.lake/build/lib/lean:/projects/standard/hsiehph/sauer354/nonsofic_existence/.lake/packages/proofwidgets/.lake/build/lib/lean:/projects/standard/hsiehph/sauer354/nonsofic_existence/.lake/packages/importGraph/.lake/build/lib/lean:/projects/standard/hsiehph/sauer354/nonsofic_existence/.lake/packages/LeanSearchClient/.lake/build/lib/lean:/projects/standard/hsiehph/sauer354/nonsofic_existence/.lake/packages/plausible/.lake/build/lib/lean:/projects/standard/hsiehph/sauer354/nonsofic_existence/.lake/packages/mathlib/.lake/build/lib/lean:/projects/standard/hsiehph/sauer354/nonsofic_existence/.lake/build/lib/lean /projects/standard/hsiehph/sauer354/.elan/toolchains/leanprover--lean4---v4.32.0/bin/lean -DwarningAsError=true /projects/standard/hsiehph/sauer354/nonsofic_existence/GroupApproximation/BooneHigman/Metabelian/TorsionFreeCoprimaryBlock.lean -o /projects/standard/hsiehph/sauer354/nonsofic_existence/.lake/build/lib/lean/GroupApproximation/BooneHigman/Metabelian/TorsionFreeCoprimaryBlock.olean -i /projects/standard/hsiehph/sauer354/nonsofic_existence/.lake/build/lib/lean/GroupApproximation/BooneHigman/Metabelian/TorsionFreeCoprimaryBlock.ilean -c /projects/standard/hsiehph/sauer354/nonsofic_existence/.lake/build/ir/GroupApproximation/BooneHigman/Metabelian/TorsionFreeCoprimaryBlock.c --setup /projects/standard/hsiehph/sauer354/nonsofic_existence/.lake/build/ir/GroupApproximation/BooneHigman/Metabelian/TorsionFreeCoprimaryBlock.setup.json --json
error: GroupApproximation/BooneHigman/Metabelian/TorsionFreeCoprimaryBlock.lean:33:53: expected token
error: GroupApproximation/BooneHigman/Metabelian/TorsionFreeCoprimaryBlock.lean:41:14: 'GroupApproximation.BooneHigman.Metabelian.Coprimary.blockEnd' depends on axioms outside the classical allowlist: [sorryAx]
  full closure: [propext, sorryAx, Classical.choice, Quot.sound]
  permitted: [propext, Classical.choice, Quot.sound]
error: GroupApproximation/BooneHigman/Metabelian/TorsionFreeCoprimaryBlock.lean:57:68: expected token
error: GroupApproximation/BooneHigman/Metabelian/TorsionFreeCoprimaryBlock.lean:57:38: typeclass instance problem is stuck
  HMul (Matrix (Fin (Module.finrank L V)) (Fin (Module.finrank L V)) L) ?m.193 (Fin (Module.finrank L V) → L)

Note: Lean will not try to resolve this typeclass instance problem because the second type argument to `HMul` is a metavariable. This argument must be fully determined before Lean will try to resolve the typeclass.

Hint: Adding type annotations and supplying implicit arguments to functions can give Lean more information for typeclass resolution. For example, if you have a variable `x` that you intend to be a `Nat`, but Lean reports it as having an unresolved type like `?m`, replacing `x` with `(x : Nat)` can get typeclass resolution un-stuck.
error: GroupApproximation/BooneHigman/Metabelian/TorsionFreeCoprimaryBlock.lean:62:14: 'GroupApproximation.BooneHigman.Metabelian.Coprimary.exists_matrix_of_end' depends on axioms outside the classical allowlist: [sorryAx]
  full closure: [propext, sorryAx, Classical.choice, Quot.sound]
  permitted: [propext, Classical.choice, Quot.sound]
error: GroupApproximation/BooneHigman/Metabelian/TorsionFreeCoprimaryBlock.lean:80:14: 'GroupApproximation.BooneHigman.Metabelian.Coprimary.exists_linearization_of_pieces' depends on axioms outside the classical allowlist: [sorryAx]
  full closure: [propext, sorryAx, Classical.choice, Quot.sound]
  permitted: [propext, Classical.choice, Quot.sound]
error: GroupApproximation/BooneHigman/Metabelian/TorsionFreeCoprimaryBlock.lean:104:65: expected token
error: GroupApproximation/BooneHigman/Metabelian/TorsionFreeCoprimaryBlock.lean:104:7: typeclass instance problem is stuck
  HMul (Matrix (Fin (d j)) (Fin (d j)) L) ?m.210 L

Note: Lean will not try to resolve this typeclass instance problem because the second type argument to `HMul` is a metavariable. This argument must be fully determined before Lean will try to resolve the typeclass.

Hint: Adding type annotations and supplying implicit arguments to functions can give Lean more information for typeclass resolution. For example, if you have a variable `x` that you intend to be a `Nat`, but Lean reports it as having an unresolved type like `?m`, replacing `x` with `(x : Nat)` can get typeclass resolution un-stuck.
error: GroupApproximation/BooneHigman/Metabelian/TorsionFreeCoprimaryBlock.lean:107:14: 'GroupApproximation.BooneHigman.Metabelian.Coprimary.exists_linearization_of_field_pieces' depends on axioms outside the classical allowlist: [sorryAx]
  full closure: [propext, sorryAx, Classical.choice, Quot.sound]
  permitted: [propext, Classical.choice, Quot.sound]
error: Lean exited with code 1
✔ [3273/3468] Built GroupApproximation.Algebra.FinitePresentationKernel (25s)
✖ [3302/3497] Building GroupApproximation.BooneHigman.Metabelian.CharPHost.CarryRecursion (25s)
trace: .> LEAN_PATH=/projects/standard/hsiehph/sauer354/nonsofic_existence/.lake/packages/Cli/.lake/build/lib/lean:/projects/standard/hsiehph/sauer354/nonsofic_existence/.lake/packages/batteries/.lake/build/lib/lean:/projects/standard/hsiehph/sauer354/nonsofic_existence/.lake/packages/Qq/.lake/build/lib/lean:/projects/standard/hsiehph/sauer354/nonsofic_existence/.lake/packages/aesop/.lake/build/lib/lean:/projects/standard/hsiehph/sauer354/nonsofic_existence/.lake/packages/proofwidgets/.lake/build/lib/lean:/projects/standard/hsiehph/sauer354/nonsofic_existence/.lake/packages/importGraph/.lake/build/lib/lean:/projects/standard/hsiehph/sauer354/nonsofic_existence/.lake/packages/LeanSearchClient/.lake/build/lib/lean:/projects/standard/hsiehph/sauer354/nonsofic_existence/.lake/packages/plausible/.lake/build/lib/lean:/projects/standard/hsiehph/sauer354/nonsofic_existence/.lake/packages/mathlib/.lake/build/lib/lean:/projects/standard/hsiehph/sauer354/nonsofic_existence/.lake/build/lib/lean /projects/standard/hsiehph/sauer354/.elan/toolchains/leanprover--lean4---v4.32.0/bin/lean -DwarningAsError=true /projects/standard/hsiehph/sauer354/nonsofic_existence/GroupApproximation/BooneHigman/Metabelian/CharPHost/CarryRecursion.lean -o /projects/standard/hsiehph/sauer354/nonsofic_existence/.lake/build/lib/lean/GroupApproximation/BooneHigman/Metabelian/CharPHost/CarryRecursion.olean -i /projects/standard/hsiehph/sauer354/nonsofic_existence/.lake/build/lib/lean/GroupApproximation/BooneHigman/Metabelian/CharPHost/CarryRecursion.ilean -c /projects/standard/hsiehph/sauer354/nonsofic_existence/.lake/build/ir/GroupApproximation/BooneHigman/Metabelian/CharPHost/CarryRecursion.c --setup /projects/standard/hsiehph/sauer354/nonsofic_existence/.lake/build/ir/GroupApproximation/BooneHigman/Metabelian/CharPHost/CarryRecursion.setup.json --json
info: GroupApproximation/BooneHigman/Metabelian/CharPHost/CarryRecursion.lean:61:14: 'GroupApproximation.BooneHigman.Metabelian.CharPHost.aeval_carrySubst' depends on axioms: [propext,
 Classical.choice,
 Quot.sound]
info: GroupApproximation/BooneHigman/Metabelian/CharPHost/CarryRecursion.lean:84:14: 'GroupApproximation.BooneHigman.Metabelian.CharPHost.carrySubstList_append' depends on axioms: [propext,
 Classical.choice,
 Quot.sound]
info: GroupApproximation/BooneHigman/Metabelian/CharPHost/CarryRecursion.lean:92:14: 'GroupApproximation.BooneHigman.Metabelian.CharPHost.carrySubstList_X_self' depends on axioms: [propext,
 Classical.choice,
 Quot.sound]
error: GroupApproximation/BooneHigman/Metabelian/CharPHost/CarryRecursion.lean:99:0: automatically included section variable(s) unused in theorem `GroupApproximation.BooneHigman.Metabelian.CharPHost.carryDigits_nil`:
  [DecidableEq ι]
consider restructuring your `variable` declarations so that the variables are not in scope or explicitly omit them:
  omit [DecidableEq ι] in theorem ...

Note: This linter can be disabled with `set_option linter.unusedSectionVars false`
error: GroupApproximation/BooneHigman/Metabelian/CharPHost/CarryRecursion.lean:101:0: automatically included section variable(s) unused in theorem `GroupApproximation.BooneHigman.Metabelian.CharPHost.carryDigits_cons`:
  [DecidableEq ι]
consider restructuring your `variable` declarations so that the variables are not in scope or explicitly omit them:
  omit [DecidableEq ι] in theorem ...

Note: This linter can be disabled with `set_option linter.unusedSectionVars false`
info: GroupApproximation/BooneHigman/Metabelian/CharPHost/CarryRecursion.lean:118:14: 'GroupApproximation.BooneHigman.Metabelian.CharPHost.carrySubstList_X_of_ne' depends on axioms: [propext,
 Classical.choice,
 Quot.sound]
error: GroupApproximation/BooneHigman/Metabelian/CharPHost/CarryRecursion.lean:125:0: automatically included section variable(s) unused in theorem `GroupApproximation.BooneHigman.Metabelian.CharPHost.listPoint_nil`:
  [DecidableEq ι]
consider restructuring your `variable` declarations so that the variables are not in scope or explicitly omit them:
  omit [DecidableEq ι] in theorem ...

Note: This linter can be disabled with `set_option linter.unusedSectionVars false`
error: GroupApproximation/BooneHigman/Metabelian/CharPHost/CarryRecursion.lean:127:0: automatically included section variable(s) unused in theorem `GroupApproximation.BooneHigman.Metabelian.CharPHost.listPoint_cons`:
  [DecidableEq ι]
consider restructuring your `variable` declarations so that the variables are not in scope or explicitly omit them:
  omit [DecidableEq ι] in theorem ...

Note: This linter can be disabled with `set_option linter.unusedSectionVars false`
info: GroupApproximation/BooneHigman/Metabelian/CharPHost/CarryRecursion.lean:141:14: 'GroupApproximation.BooneHigman.Metabelian.CharPHost.aeval_carrySubstList' depends on axioms: [propext,
 Classical.choice,
 Quot.sound]
error: Lean exited with code 1
✔ [3308/3502] Built GroupApproximation.BooneHigman.GroupRing.Generation (24s)
ℹ [3310/3508] Built GroupApproximation.BooneHigman.Metabelian.CharPHost.TreeShift (25s)
info: GroupApproximation/BooneHigman/Metabelian/CharPHost/TreeShift.lean:39:14: 'GroupApproximation.BooneHigman.Metabelian.CharPHost.TreeHost.Letter' depends on axioms: []
info: GroupApproximation/BooneHigman/Metabelian/CharPHost/TreeShift.lean:47:14: 'GroupApproximation.BooneHigman.Metabelian.CharPHost.TreeHost.extParam' depends on axioms: [propext, Quot.sound]
info: GroupApproximation/BooneHigman/Metabelian/CharPHost/TreeShift.lean:53:14: 'GroupApproximation.BooneHigman.Metabelian.CharPHost.TreeHost.shift' depends on axioms: [propext,
 Classical.choice,
 Quot.sound]
info: GroupApproximation/BooneHigman/Metabelian/CharPHost/TreeShift.lean:59:14: 'GroupApproximation.BooneHigman.Metabelian.CharPHost.TreeHost.digitEval' depends on axioms: [propext,
 Classical.choice,
 Quot.sound]
info: GroupApproximation/BooneHigman/Metabelian/CharPHost/TreeShift.lean:65:14: 'GroupApproximation.BooneHigman.Metabelian.CharPHost.TreeHost.carryDiv' depends on axioms: [propext,
 Classical.choice,
 Quot.sound]
info: GroupApproximation/BooneHigman/Metabelian/CharPHost/TreeShift.lean:71:14: 'GroupApproximation.BooneHigman.Metabelian.CharPHost.TreeHost.shift_eq_add' depends on axioms: [propext,
 Classical.choice,
 Quot.sound]
info: GroupApproximation/BooneHigman/Metabelian/CharPHost/TreeShift.lean:77:14: 'GroupApproximation.BooneHigman.Metabelian.CharPHost.TreeHost.shift_C' depends on axioms: [propext,
 Classical.choice,
 Quot.sound]
info: GroupApproximation/BooneHigman/Metabelian/CharPHost/TreeShift.lean:85:14: 'GroupApproximation.BooneHigman.Metabelian.CharPHost.TreeHost.eval_zero_C_add_X_mul' depends on axioms: [propext,
 Classical.choice,
 Quot.sound]
info: GroupApproximation/BooneHigman/Metabelian/CharPHost/TreeShift.lean:98:14: 'GroupApproximation.BooneHigman.Metabelian.CharPHost.TreeHost.shift_unique' depends on axioms: [propext,
 Classical.choice,
 Quot.sound]
info: GroupApproximation/BooneHigman/Metabelian/CharPHost/TreeShift.lean:107:14: 'GroupApproximation.BooneHigman.Metabelian.CharPHost.TreeHost.image' depends on axioms: [propext,
 Classical.choice,
 Quot.sound]
info: GroupApproximation/BooneHigman/Metabelian/CharPHost/TreeShift.lean:114:14: 'GroupApproximation.BooneHigman.Metabelian.CharPHost.TreeHost.digit' depends on axioms: [propext,
 Classical.choice,
 Quot.sound]
info: GroupApproximation/BooneHigman/Metabelian/CharPHost/TreeShift.lean:121:14: 'GroupApproximation.BooneHigman.Metabelian.CharPHost.TreeHost.carry' depends on axioms: [propext,
 Classical.choice,
 Quot.sound]
info: GroupApproximation/BooneHigman/Metabelian/CharPHost/TreeShift.lean:128:14: 'GroupApproximation.BooneHigman.Metabelian.CharPHost.TreeHost.shift_image' depends on axioms: [propext,
 Classical.choice,
 Quot.sound]
info: GroupApproximation/BooneHigman/Metabelian/CharPHost/TreeShift.lean:135:14: 'GroupApproximation.BooneHigman.Metabelian.CharPHost.TreeHost.shift_comp_C' depends on axioms: [propext,
 Classical.choice,
 Quot.sound]
info: GroupApproximation/BooneHigman/Metabelian/CharPHost/TreeShift.lean:145:14: 'GroupApproximation.BooneHigman.Metabelian.CharPHost.TreeHost.mulVec_add_X_mul' depends on axioms: [propext,
 Classical.choice,
 Quot.sound]
ℹ [3321/3514] Built GroupApproximation.BooneHigman.Metabelian.TorsionFreeNoetherTranscendence (30s)
info: GroupApproximation/BooneHigman/Metabelian/TorsionFreeNoetherTranscendence.lean:71:14: 'GroupApproximation.BooneHigman.Metabelian.Coprimary.noether_exists_transcendence_lift' depends on axioms: [propext,
 Classical.choice,
 Quot.sound]
ℹ [3369/3562] Built GroupApproximation.BooneHigman.Metabelian.PureCharPrimeEStatement (28s)
info: GroupApproximation/BooneHigman/Metabelian/PureCharPrimeEStatement.lean:58:14: 'GroupApproximation.BooneHigman.Metabelian.Coprimary.PureCharPrimeEOneStatement' depends on axioms: [propext,
 Classical.choice,
 Quot.sound]
info: GroupApproximation/BooneHigman/Metabelian/PureCharPrimeEStatement.lean:70:14: 'GroupApproximation.BooneHigman.Metabelian.Coprimary.PureCharPrimeEHighStatement' depends on axioms: [propext,
 Classical.choice,
 Quot.sound]
✔ [3373/3564] Built GroupApproximation.Steinberg.Basic (28s)
✔ [3374/3564] Built GroupApproximation.KOne.GLVectorNormalization (27s)
ℹ [3375/3564] Built GroupApproximation.BooneHigman.Metabelian.TorsionFreeNoetherFinite (30s)
info: GroupApproximation/BooneHigman/Metabelian/TorsionFreeNoetherFinite.lean:62:14: 'GroupApproximation.BooneHigman.Metabelian.Coprimary.noether_finiteDimensional_of_adjoin' depends on axioms: [propext,
 Classical.choice,
 Quot.sound]
ℹ [3376/3564] Built GroupApproximation.BooneHigman.Metabelian.TorsionFreeCoprimaryField (29s)
info: GroupApproximation/BooneHigman/Metabelian/TorsionFreeCoprimaryField.lean:45:14: 'GroupApproximation.BooneHigman.Metabelian.Coprimary.exists_common_field' depends on axioms: [propext,
 Classical.choice,
 Quot.sound]
info: GroupApproximation/BooneHigman/Metabelian/TorsionFreeCoprimaryField.lean:64:14: 'GroupApproximation.BooneHigman.Metabelian.Coprimary.exists_common_field_finset' depends on axioms: [propext,
 Classical.choice,
 Quot.sound]
ℹ [3377/3577] Built GroupApproximation.BooneHigman.Metabelian.PureCharPrimeEOneProofField (29s)
info: GroupApproximation/BooneHigman/Metabelian/PureCharPrimeEOneProofField.lean:47:14: 'GroupApproximation.BooneHigman.Metabelian.Coprimary.exists_common_field_charP' depends on axioms: [propext,
 Classical.choice,
 Quot.sound]
info: GroupApproximation/BooneHigman/Metabelian/PureCharPrimeEOneProofField.lean:66:14: 'GroupApproximation.BooneHigman.Metabelian.Coprimary.exists_common_field_charP_finset' depends on axioms: [propext,
 Classical.choice,
 Quot.sound]
✔ [3378/3580] Built GroupApproximation.KOne.EntryStrip (27s)
✖ [3380/3595] Building GroupApproximation.BooneHigman.Metabelian.PureCharZeroMatrix (28s)
trace: .> LEAN_PATH=/projects/standard/hsiehph/sauer354/nonsofic_existence/.lake/packages/Cli/.lake/build/lib/lean:/projects/standard/hsiehph/sauer354/nonsofic_existence/.lake/packages/batteries/.lake/build/lib/lean:/projects/standard/hsiehph/sauer354/nonsofic_existence/.lake/packages/Qq/.lake/build/lib/lean:/projects/standard/hsiehph/sauer354/nonsofic_existence/.lake/packages/aesop/.lake/build/lib/lean:/projects/standard/hsiehph/sauer354/nonsofic_existence/.lake/packages/proofwidgets/.lake/build/lib/lean:/projects/standard/hsiehph/sauer354/nonsofic_existence/.lake/packages/importGraph/.lake/build/lib/lean:/projects/standard/hsiehph/sauer354/nonsofic_existence/.lake/packages/LeanSearchClient/.lake/build/lib/lean:/projects/standard/hsiehph/sauer354/nonsofic_existence/.lake/packages/plausible/.lake/build/lib/lean:/projects/standard/hsiehph/sauer354/nonsofic_existence/.lake/packages/mathlib/.lake/build/lib/lean:/projects/standard/hsiehph/sauer354/nonsofic_existence/.lake/build/lib/lean /projects/standard/hsiehph/sauer354/.elan/toolchains/leanprover--lean4---v4.32.0/bin/lean -DwarningAsError=true /projects/standard/hsiehph/sauer354/nonsofic_existence/GroupApproximation/BooneHigman/Metabelian/PureCharZeroMatrix.lean -o /projects/standard/hsiehph/sauer354/nonsofic_existence/.lake/build/lib/lean/GroupApproximation/BooneHigman/Metabelian/PureCharZeroMatrix.olean -i /projects/standard/hsiehph/sauer354/nonsofic_existence/.lake/build/lib/lean/GroupApproximation/BooneHigman/Metabelian/PureCharZeroMatrix.ilean -c /projects/standard/hsiehph/sauer354/nonsofic_existence/.lake/build/ir/GroupApproximation/BooneHigman/Metabelian/PureCharZeroMatrix.c --setup /projects/standard/hsiehph/sauer354/nonsofic_existence/.lake/build/ir/GroupApproximation/BooneHigman/Metabelian/PureCharZeroMatrix.setup.json --json
info: GroupApproximation/BooneHigman/Metabelian/PureCharZeroMatrix.lean:34:14: 'GroupApproximation.BooneHigman.Metabelian.Coprimary.kkAffMat' depends on axioms: [propext,
 Classical.choice,
 Quot.sound]
info: GroupApproximation/BooneHigman/Metabelian/PureCharZeroMatrix.lean:52:14: 'GroupApproximation.BooneHigman.Metabelian.Coprimary.kkAffMat_mul' depends on axioms: [propext,
 Classical.choice,
 Quot.sound]
info: GroupApproximation/BooneHigman/Metabelian/PureCharZeroMatrix.lean:62:14: 'GroupApproximation.BooneHigman.Metabelian.Coprimary.kkAffMat_one' depends on axioms: [propext,
 Classical.choice,
 Quot.sound]
info: GroupApproximation/BooneHigman/Metabelian/PureCharZeroMatrix.lean:73:14: 'GroupApproximation.BooneHigman.Metabelian.Coprimary.kkAffMatHom' depends on axioms: [propext,
 Classical.choice,
 Quot.sound]
error: GroupApproximation/BooneHigman/Metabelian/PureCharZeroMatrix.lean:76:4: failed to compile definition, consider marking it as 'noncomputable' because it depends on 'GroupRing.affineAction', which is 'noncomputable'
info: GroupApproximation/BooneHigman/Metabelian/PureCharZeroMatrix.lean:84:14: 'GroupApproximation.BooneHigman.Metabelian.Coprimary.kkAffGL' depends on axioms: [propext, Classical.choice, Quot.sound]
info: GroupApproximation/BooneHigman/Metabelian/PureCharZeroMatrix.lean:101:14: 'GroupApproximation.BooneHigman.Metabelian.Coprimary.kkAffGL_injective' depends on axioms: [propext,
 Classical.choice,
 Quot.sound]
error: Lean exited with code 1
✖ [3403/3631] Building GroupApproximation.BooneHigman.Metabelian.PureCharZeroCocycle (29s)
trace: .> LEAN_PATH=/projects/standard/hsiehph/sauer354/nonsofic_existence/.lake/packages/Cli/.lake/build/lib/lean:/projects/standard/hsiehph/sauer354/nonsofic_existence/.lake/packages/batteries/.lake/build/lib/lean:/projects/standard/hsiehph/sauer354/nonsofic_existence/.lake/packages/Qq/.lake/build/lib/lean:/projects/standard/hsiehph/sauer354/nonsofic_existence/.lake/packages/aesop/.lake/build/lib/lean:/projects/standard/hsiehph/sauer354/nonsofic_existence/.lake/packages/proofwidgets/.lake/build/lib/lean:/projects/standard/hsiehph/sauer354/nonsofic_existence/.lake/packages/importGraph/.lake/build/lib/lean:/projects/standard/hsiehph/sauer354/nonsofic_existence/.lake/packages/LeanSearchClient/.lake/build/lib/lean:/projects/standard/hsiehph/sauer354/nonsofic_existence/.lake/packages/plausible/.lake/build/lib/lean:/projects/standard/hsiehph/sauer354/nonsofic_existence/.lake/packages/mathlib/.lake/build/lib/lean:/projects/standard/hsiehph/sauer354/nonsofic_existence/.lake/build/lib/lean /projects/standard/hsiehph/sauer354/.elan/toolchains/leanprover--lean4---v4.32.0/bin/lean -DwarningAsError=true /projects/standard/hsiehph/sauer354/nonsofic_existence/GroupApproximation/BooneHigman/Metabelian/PureCharZeroCocycle.lean -o /projects/standard/hsiehph/sauer354/nonsofic_existence/.lake/build/lib/lean/GroupApproximation/BooneHigman/Metabelian/PureCharZeroCocycle.olean -i /projects/standard/hsiehph/sauer354/nonsofic_existence/.lake/build/lib/lean/GroupApproximation/BooneHigman/Metabelian/PureCharZeroCocycle.ilean -c /projects/standard/hsiehph/sauer354/nonsofic_existence/.lake/build/ir/GroupApproximation/BooneHigman/Metabelian/PureCharZeroCocycle.c --setup /projects/standard/hsiehph/sauer354/nonsofic_existence/.lake/build/ir/GroupApproximation/BooneHigman/Metabelian/PureCharZeroCocycle.setup.json --json
info: GroupApproximation/BooneHigman/Metabelian/PureCharZeroCocycle.lean:40:14: 'GroupApproximation.BooneHigman.Metabelian.Coprimary.translEnd' depends on axioms: [Quot.sound]
info: GroupApproximation/BooneHigman/Metabelian/PureCharZeroCocycle.lean:50:14: 'GroupApproximation.BooneHigman.Metabelian.Coprimary.transl' depends on axioms: [propext, Quot.sound]
error: GroupApproximation/BooneHigman/Metabelian/PureCharZeroCocycle.lean:53:9: failed to compile definition, consider marking it as 'noncomputable' because it depends on 'MonoidAlgebra.semiring', which is 'noncomputable'
info: GroupApproximation/BooneHigman/Metabelian/PureCharZeroCocycle.lean:57:14: 'GroupApproximation.BooneHigman.Metabelian.Coprimary.instModuleTransl' depends on axioms: [propext,
 Classical.choice,
 Quot.sound]
info: GroupApproximation/BooneHigman/Metabelian/PureCharZeroCocycle.lean:65:14: 'GroupApproximation.BooneHigman.Metabelian.Coprimary.of_smul_transl' depends on axioms: [propext,
 Classical.choice,
 Quot.sound]
info: GroupApproximation/BooneHigman/Metabelian/PureCharZeroCocycle.lean:76:14: 'GroupApproximation.BooneHigman.Metabelian.Coprimary.abOf_surjective' depends on axioms: [propext,
 Classical.choice,
 Quot.sound]
info: GroupApproximation/BooneHigman/Metabelian/PureCharZeroCocycle.lean:83:14: 'GroupApproximation.BooneHigman.Metabelian.Coprimary.kkSection' depends on axioms: [propext,
 Classical.choice,
 Quot.sound]
info: GroupApproximation/BooneHigman/Metabelian/PureCharZeroCocycle.lean:88:14: 'GroupApproximation.BooneHigman.Metabelian.Coprimary.of_kkSection' depends on axioms: [propext,
 Classical.choice,
 Quot.sound]
info: GroupApproximation/BooneHigman/Metabelian/PureCharZeroCocycle.lean:95:14: 'GroupApproximation.BooneHigman.Metabelian.Coprimary.kkElt_mem' depends on axioms: [propext,
 Classical.choice,
 Quot.sound]
info: GroupApproximation/BooneHigman/Metabelian/PureCharZeroCocycle.lean:101:14: 'GroupApproximation.BooneHigman.Metabelian.Coprimary.kkElt' depends on axioms: [propext, Classical.choice, Quot.sound]
info: GroupApproximation/BooneHigman/Metabelian/PureCharZeroCocycle.lean:113:14: 'GroupApproximation.BooneHigman.Metabelian.Coprimary.kkElt_mul' depends on axioms: [propext,
 Classical.choice,
 Quot.sound]
info: GroupApproximation/BooneHigman/Metabelian/PureCharZeroCocycle.lean:119:14: 'GroupApproximation.BooneHigman.Metabelian.Coprimary.KKSpace' depends on axioms: [propext, Classical.choice, Quot.sound]
info: GroupApproximation/BooneHigman/Metabelian/PureCharZeroCocycle.lean:125:14: 'GroupApproximation.BooneHigman.Metabelian.Coprimary.kkCocycle' depends on axioms: [propext,
 Classical.choice,
 Quot.sound]
info: GroupApproximation/BooneHigman/Metabelian/PureCharZeroCocycle.lean:137:14: 'GroupApproximation.BooneHigman.Metabelian.Coprimary.kkCocycle_mul' depends on axioms: [propext,
 Classical.choice,
 Quot.sound]
info: GroupApproximation/BooneHigman/Metabelian/PureCharZeroCocycle.lean:146:14: 'GroupApproximation.BooneHigman.Metabelian.Coprimary.kkHom' depends on axioms: [propext, Classical.choice, Quot.sound]
info: GroupApproximation/BooneHigman/Metabelian/PureCharZeroCocycle.lean:161:14: 'GroupApproximation.BooneHigman.Metabelian.Coprimary.eq_one_of_abOf_eq_one' depends on axioms: [propext,
 Classical.choice,
 Quot.sound]
info: GroupApproximation/BooneHigman/Metabelian/PureCharZeroCocycle.lean:176:14: 'GroupApproximation.BooneHigman.Metabelian.Coprimary.kkHom_injective' depends on axioms: [propext,
 Classical.choice,
 Quot.sound]
info: GroupApproximation/BooneHigman/Metabelian/PureCharZeroCocycle.lean:193:14: 'GroupApproximation.BooneHigman.Metabelian.Coprimary.isMulTorsionFree_abDerived' depends on axioms: [propext,
 Classical.choice,
 Quot.sound]
info: GroupApproximation/BooneHigman/Metabelian/PureCharZeroCocycle.lean:202:14: 'GroupApproximation.BooneHigman.Metabelian.Coprimary.isAddTorsionFree_kkSpace' depends on axioms: [propext,
 Classical.choice,
 Quot.sound]
error: Lean exited with code 1
✔ [3408/3635] Built GroupApproximation.Leavitt.LeavittSimplicity (28s)
ℹ [3427/3649] Built GroupApproximation.BooneHigman.Metabelian.ElemFPPolyKernel (28s)
info: GroupApproximation/BooneHigman/Metabelian/ElemFPPolyKernel.lean:62:14: 'GroupApproximation.BooneHigman.Metabelian.ElemFP.zmodToCenter' depends on axioms: [propext,
 Classical.choice,
 Quot.sound]
info: GroupApproximation/BooneHigman/Metabelian/ElemFPPolyKernel.lean:63:14: 'GroupApproximation.BooneHigman.Metabelian.ElemFP.centerGen' depends on axioms: [propext, Classical.choice, Quot.sound]
info: GroupApproximation/BooneHigman/Metabelian/ElemFPPolyKernel.lean:64:14: 'GroupApproximation.BooneHigman.Metabelian.ElemFP.polyLift' depends on axioms: [propext, Classical.choice, Quot.sound]
info: GroupApproximation/BooneHigman/Metabelian/ElemFPPolyKernel.lean:65:14: 'GroupApproximation.BooneHigman.Metabelian.ElemFP.polyLift_comp' depends on axioms: [propext,
 Classical.choice,
 Quot.sound]
info: GroupApproximation/BooneHigman/Metabelian/ElemFPPolyKernel.lean:66:14: 'GroupApproximation.BooneHigman.Metabelian.ElemFP.ker_polyQuotientMap' depends on axioms: [propext,
 Classical.choice,
 Quot.sound]
ℹ [3433/3664] Built GroupApproximation.BooneHigman.Metabelian.CharPCoordsStatement (28s)
info: GroupApproximation/BooneHigman/Metabelian/CharPCoordsStatement.lean:58:2: 'GroupApproximation.BooneHigman.Metabelian.CharPCoords.CharPPolynomialCoordinatesStatement' depends on axioms: [propext,
 Classical.choice,
 Quot.sound]
info: GroupApproximation/BooneHigman/Metabelian/CharPCoordsStatement.lean:69:2: 'GroupApproximation.BooneHigman.Metabelian.CharPCoords.FiniteDomainAwayEmbeddingStatement' depends on axioms: [propext,
 Classical.choice,
 Quot.sound]
✖ [3444/3673] Building GroupApproximation.BooneHigman.Metabelian.CharPCoordsFreeMul (28s)
trace: .> LEAN_PATH=/projects/standard/hsiehph/sauer354/nonsofic_existence/.lake/packages/Cli/.lake/build/lib/lean:/projects/standard/hsiehph/sauer354/nonsofic_existence/.lake/packages/batteries/.lake/build/lib/lean:/projects/standard/hsiehph/sauer354/nonsofic_existence/.lake/packages/Qq/.lake/build/lib/lean:/projects/standard/hsiehph/sauer354/nonsofic_existence/.lake/packages/aesop/.lake/build/lib/lean:/projects/standard/hsiehph/sauer354/nonsofic_existence/.lake/packages/proofwidgets/.lake/build/lib/lean:/projects/standard/hsiehph/sauer354/nonsofic_existence/.lake/packages/importGraph/.lake/build/lib/lean:/projects/standard/hsiehph/sauer354/nonsofic_existence/.lake/packages/LeanSearchClient/.lake/build/lib/lean:/projects/standard/hsiehph/sauer354/nonsofic_existence/.lake/packages/plausible/.lake/build/lib/lean:/projects/standard/hsiehph/sauer354/nonsofic_existence/.lake/packages/mathlib/.lake/build/lib/lean:/projects/standard/hsiehph/sauer354/nonsofic_existence/.lake/build/lib/lean /projects/standard/hsiehph/sauer354/.elan/toolchains/leanprover--lean4---v4.32.0/bin/lean -DwarningAsError=true /projects/standard/hsiehph/sauer354/nonsofic_existence/GroupApproximation/BooneHigman/Metabelian/CharPCoordsFreeMul.lean -o /projects/standard/hsiehph/sauer354/nonsofic_existence/.lake/build/lib/lean/GroupApproximation/BooneHigman/Metabelian/CharPCoordsFreeMul.olean -i /projects/standard/hsiehph/sauer354/nonsofic_existence/.lake/build/lib/lean/GroupApproximation/BooneHigman/Metabelian/CharPCoordsFreeMul.ilean -c /projects/standard/hsiehph/sauer354/nonsofic_existence/.lake/build/ir/GroupApproximation/BooneHigman/Metabelian/CharPCoordsFreeMul.c --setup /projects/standard/hsiehph/sauer354/nonsofic_existence/.lake/build/ir/GroupApproximation/BooneHigman/Metabelian/CharPCoordsFreeMul.setup.json --json
error: GroupApproximation/BooneHigman/Metabelian/CharPCoordsFreeMul.lean:35:22: Unknown constant `Localization.Away`
error: GroupApproximation/BooneHigman/Metabelian/CharPCoordsFreeMul.lean:62:14: 'GroupApproximation.BooneHigman.Metabelian.CharPCoords.awayMulLeft' depends on axioms outside the classical allowlist: [sorryAx]
  full closure: [sorryAx]
  permitted: [propext, Classical.choice, Quot.sound]
error: GroupApproximation/BooneHigman/Metabelian/CharPCoordsFreeMul.lean:65:8: declaration uses `sorry`
error: GroupApproximation/BooneHigman/Metabelian/CharPCoordsFreeMul.lean:73:14: 'GroupApproximation.BooneHigman.Metabelian.CharPCoords.awayMulLeft_mk' depends on axioms outside the classical allowlist: [sorryAx]
  full closure: [propext, sorryAx, Classical.choice, Quot.sound]
  permitted: [propext, Classical.choice, Quot.sound]
error: GroupApproximation/BooneHigman/Metabelian/CharPCoordsFreeMul.lean:79:36: Invalid argument name `A` for function `awayMulLeft`

Hint: Perhaps you meant one of the following parameter names:
  • `P`: A̵P̲
  • `r`: A̵r̲
error: GroupApproximation/BooneHigman/Metabelian/CharPCoordsFreeMul.lean:93:14: Unknown constant `GroupApproximation.BooneHigman.Metabelian.CharPCoords.awayMulLeft_injective`
error: GroupApproximation/BooneHigman/Metabelian/CharPCoordsFreeMul.lean:100:25: Unknown constant `Localization.Away`
error: GroupApproximation/BooneHigman/Metabelian/CharPCoordsFreeMul.lean:101:23: Unknown constant `Localization.Away`
error: GroupApproximation/BooneHigman/Metabelian/CharPCoordsFreeMul.lean:113:2: 'GroupApproximation.BooneHigman.Metabelian.CharPCoords.matrixEmbedding_of_basis_away' depends on axioms outside the classical allowlist: [sorryAx]
  full closure: [propext, sorryAx, Classical.choice, Quot.sound]
  permitted: [propext, Classical.choice, Quot.sound]
error: Lean exited with code 1
✔ [3539/3769] Built GroupApproximation.BooneHigman.Coordinates.FGSubring (29s)
✖ [3580/3849] Building GroupApproximation.BooneHigman.Metabelian.PureCharPrimeEBase (29s)
trace: .> LEAN_PATH=/projects/standard/hsiehph/sauer354/nonsofic_existence/.lake/packages/Cli/.lake/build/lib/lean:/projects/standard/hsiehph/sauer354/nonsofic_existence/.lake/packages/batteries/.lake/build/lib/lean:/projects/standard/hsiehph/sauer354/nonsofic_existence/.lake/packages/Qq/.lake/build/lib/lean:/projects/standard/hsiehph/sauer354/nonsofic_existence/.lake/packages/aesop/.lake/build/lib/lean:/projects/standard/hsiehph/sauer354/nonsofic_existence/.lake/packages/proofwidgets/.lake/build/lib/lean:/projects/standard/hsiehph/sauer354/nonsofic_existence/.lake/packages/importGraph/.lake/build/lib/lean:/projects/standard/hsiehph/sauer354/nonsofic_existence/.lake/packages/LeanSearchClient/.lake/build/lib/lean:/projects/standard/hsiehph/sauer354/nonsofic_existence/.lake/packages/plausible/.lake/build/lib/lean:/projects/standard/hsiehph/sauer354/nonsofic_existence/.lake/packages/mathlib/.lake/build/lib/lean:/projects/standard/hsiehph/sauer354/nonsofic_existence/.lake/build/lib/lean /projects/standard/hsiehph/sauer354/.elan/toolchains/leanprover--lean4---v4.32.0/bin/lean -DwarningAsError=true /projects/standard/hsiehph/sauer354/nonsofic_existence/GroupApproximation/BooneHigman/Metabelian/PureCharPrimeEBase.lean -o /projects/standard/hsiehph/sauer354/nonsofic_existence/.lake/build/lib/lean/GroupApproximation/BooneHigman/Metabelian/PureCharPrimeEBase.olean -i /projects/standard/hsiehph/sauer354/nonsofic_existence/.lake/build/lib/lean/GroupApproximation/BooneHigman/Metabelian/PureCharPrimeEBase.ilean -c /projects/standard/hsiehph/sauer354/nonsofic_existence/.lake/build/ir/GroupApproximation/BooneHigman/Metabelian/PureCharPrimeEBase.c --setup /projects/standard/hsiehph/sauer354/nonsofic_existence/.lake/build/ir/GroupApproximation/BooneHigman/Metabelian/PureCharPrimeEBase.setup.json --json
info: GroupApproximation/BooneHigman/Metabelian/PureCharPrimeEBase.lean:29:14: 'GroupApproximation.BooneHigman.Metabelian.Coprimary.eBase' depends on axioms: [propext, Quot.sound]
info: GroupApproximation/BooneHigman/Metabelian/PureCharPrimeEBase.lean:35:14: 'GroupApproximation.BooneHigman.Metabelian.Coprimary.eBase_inr_mem' depends on axioms: [propext,
 Classical.choice,
 Quot.sound]
info: GroupApproximation/BooneHigman/Metabelian/PureCharPrimeEBase.lean:44:14: 'GroupApproximation.BooneHigman.Metabelian.Coprimary.eBase_aut_mem' depends on axioms: [propext,
 Classical.choice,
 Quot.sound]
error: GroupApproximation/BooneHigman/Metabelian/PureCharPrimeEBase.lean:53:27: Application type mismatch: The argument
  φ q⁻¹
has type
  MulAut B
of sort `Type` but is expected to have type
  Type ?u.64
of sort `Type (?u.64 + 1)` in the application
  @MulAut.mul_apply (φ q⁻¹)
error: GroupApproximation/BooneHigman/Metabelian/PureCharPrimeEBase.lean:51:29: unsolved goals
B Q : Type
inst✝¹ : Group B
inst✝ : Group Q
φ : Q →* MulAut B
H : Subgroup (B ⋊[φ] Q)
hQ : SemidirectProduct.inr.range ≤ H
q : Q
b : ↥(eBase H)
⊢ (φ q⁻¹) ((φ q) ↑b) = ↑b
error: GroupApproximation/BooneHigman/Metabelian/PureCharPrimeEBase.lean:57:27: Application type mismatch: The argument
  φ q
has type
  MulAut B
of sort `Type` but is expected to have type
  Type ?u.78
of sort `Type (?u.78 + 1)` in the application
  @MulAut.mul_apply (φ q)
error: GroupApproximation/BooneHigman/Metabelian/PureCharPrimeEBase.lean:55:30: unsolved goals
B Q : Type
inst✝¹ : Group B
inst✝ : Group Q
φ : Q →* MulAut B
H : Subgroup (B ⋊[φ] Q)
hQ : SemidirectProduct.inr.range ≤ H
q : Q
b : ↥(eBase H)
⊢ (φ q) ((φ q⁻¹) ↑b) = ↑b
error: GroupApproximation/BooneHigman/Metabelian/PureCharPrimeEBase.lean:61:14: 'GroupApproximation.BooneHigman.Metabelian.Coprimary.eBaseAutOf' depends on axioms outside the classical allowlist: [sorryAx]
  full closure: [propext, sorryAx, Classical.choice, Quot.sound]
  permitted: [propext, Classical.choice, Quot.sound]
error: GroupApproximation/BooneHigman/Metabelian/PureCharPrimeEBase.lean:74:14: 'GroupApproximation.BooneHigman.Metabelian.Coprimary.eBaseAut' depends on axioms outside the classical allowlist: [sorryAx]
  full closure: [propext, sorryAx, Classical.choice, Quot.sound]
  permitted: [propext, Classical.choice, Quot.sound]
info: GroupApproximation/BooneHigman/Metabelian/PureCharPrimeEBase.lean:82:14: 'GroupApproximation.BooneHigman.Metabelian.Coprimary.eBase_left_mem' depends on axioms: [propext,
 Classical.choice,
 Quot.sound]
error: GroupApproximation/BooneHigman/Metabelian/PureCharPrimeEBase.lean:91:14: 'GroupApproximation.BooneHigman.Metabelian.Coprimary.eBaseHom' depends on axioms outside the classical allowlist: [sorryAx]
  full closure: [propext, sorryAx, Classical.choice, Quot.sound]
  permitted: [propext, Classical.choice, Quot.sound]
error: GroupApproximation/BooneHigman/Metabelian/PureCharPrimeEBase.lean:102:14: 'GroupApproximation.BooneHigman.Metabelian.Coprimary.eBaseHom_injective' depends on axioms outside the classical allowlist: [sorryAx]
  full closure: [propext, sorryAx, Classical.choice, Quot.sound]
  permitted: [propext, Classical.choice, Quot.sound]
error: GroupApproximation/BooneHigman/Metabelian/PureCharPrimeEBase.lean:115:14: 'GroupApproximation.BooneHigman.Metabelian.Coprimary.eBaseHom_surjective' depends on axioms outside the classical allowlist: [sorryAx]
  full closure: [propext, sorryAx, Classical.choice, Quot.sound]
  permitted: [propext, Classical.choice, Quot.sound]
error: GroupApproximation/BooneHigman/Metabelian/PureCharPrimeEBase.lean:122:14: 'GroupApproximation.BooneHigman.Metabelian.Coprimary.eBase_fg' depends on axioms outside the classical allowlist: [sorryAx]
  full closure: [propext, sorryAx, Classical.choice, Quot.sound]
  permitted: [propext, Classical.choice, Quot.sound]
info: GroupApproximation/BooneHigman/Metabelian/PureCharPrimeEBase.lean:127:14: 'GroupApproximation.BooneHigman.Metabelian.Coprimary.eBase_comm' depends on axioms: [propext, Quot.sound]
info: GroupApproximation/BooneHigman/Metabelian/PureCharPrimeEBase.lean:132:14: 'GroupApproximation.BooneHigman.Metabelian.Coprimary.eBase_pow' depends on axioms: [propext, Quot.sound]
error: GroupApproximation/BooneHigman/Metabelian/PureCharPrimeEBase.lean:143:14: 'GroupApproximation.BooneHigman.Metabelian.Coprimary.exists_gl_of_eBase' depends on axioms outside the classical allowlist: [sorryAx]
  full closure: [propext, sorryAx, Classical.choice, Quot.sound]
  permitted: [propext, Classical.choice, Quot.sound]
error: Lean exited with code 1
ℹ [3618/3886] Built GroupApproximation.BooneHigman.Metabelian.PureCharPrimeEAffine (29s)
info: GroupApproximation/BooneHigman/Metabelian/PureCharPrimeEAffine.lean:33:14: 'GroupApproximation.BooneHigman.Metabelian.Coprimary.eAffineMatrix' depends on axioms: [propext,
 Classical.choice,
 Quot.sound]
info: GroupApproximation/BooneHigman/Metabelian/PureCharPrimeEAffine.lean:55:14: 'GroupApproximation.BooneHigman.Metabelian.Coprimary.eAffineMatrix_mul' depends on axioms: [propext,
 Classical.choice,
 Quot.sound]
info: GroupApproximation/BooneHigman/Metabelian/PureCharPrimeEAffine.lean:63:14: 'GroupApproximation.BooneHigman.Metabelian.Coprimary.eAffineMatrix_one' depends on axioms: [propext,
 Classical.choice,
 Quot.sound]
info: GroupApproximation/BooneHigman/Metabelian/PureCharPrimeEAffine.lean:74:14: 'GroupApproximation.BooneHigman.Metabelian.Coprimary.eAffineHom' depends on axioms: [propext,
 Classical.choice,
 Quot.sound]
info: GroupApproximation/BooneHigman/Metabelian/PureCharPrimeEAffine.lean:94:14: 'GroupApproximation.BooneHigman.Metabelian.Coprimary.eAffineHom_injective' depends on axioms: [propext,
 Classical.choice,
 Quot.sound]
info: GroupApproximation/BooneHigman/Metabelian/PureCharPrimeEAffine.lean:104:14: 'GroupApproximation.BooneHigman.Metabelian.Coprimary.eAffineGL' depends on axioms: [propext,
 Classical.choice,
 Quot.sound]
info: GroupApproximation/BooneHigman/Metabelian/PureCharPrimeEAffine.lean:120:14: 'GroupApproximation.BooneHigman.Metabelian.Coprimary.eAffineGL_injective' depends on axioms: [propext,
 Classical.choice,
 Quot.sound]
✔ [3666/3972] Built GroupApproximation.BooneHigman.V.ConeSwap (18s)
ℹ [3680/3984] Built GroupApproximation.BooneHigman.Metabelian.EnvelopeWreathEmbedCone (19s)
info: GroupApproximation/BooneHigman/Metabelian/EnvelopeWreathEmbedCone.lean:35:14: 'GroupApproximation.BooneHigman.Metabelian.Envelope.ConesSeparated' depends on axioms: []
info: GroupApproximation/BooneHigman/Metabelian/EnvelopeWreathEmbedCone.lean:44:14: 'GroupApproximation.BooneHigman.Metabelian.Envelope.conesSeparated_of_length' depends on axioms: [propext, Quot.sound]
info: GroupApproximation/BooneHigman/Metabelian/EnvelopeWreathEmbedCone.lean:54:14: 'GroupApproximation.BooneHigman.Metabelian.Envelope.coneMapFun' depends on axioms: [propext,
 Classical.choice,
 Quot.sound]
info: GroupApproximation/BooneHigman/Metabelian/EnvelopeWreathEmbedCone.lean:61:14: 'GroupApproximation.BooneHigman.Metabelian.Envelope.coneMapFun_of_exists' depends on axioms: [propext,
 Classical.choice,
 Quot.sound]
info: GroupApproximation/BooneHigman/Metabelian/EnvelopeWreathEmbedCone.lean:67:14: 'GroupApproximation.BooneHigman.Metabelian.Envelope.coneMapFun_of_not' depends on axioms: [propext,
 Classical.choice,
 Quot.sound]
info: GroupApproximation/BooneHigman/Metabelian/EnvelopeWreathEmbedCone.lean:75:14: 'GroupApproximation.BooneHigman.Metabelian.Envelope.coneMapFun_prepend' depends on axioms: [propext,
 Classical.choice,
 Quot.sound]
info: GroupApproximation/BooneHigman/Metabelian/EnvelopeWreathEmbedCone.lean:87:14: 'GroupApproximation.BooneHigman.Metabelian.Envelope.coneMapFun_comp' depends on axioms: [propext,
 Classical.choice,
 Quot.sound]
info: GroupApproximation/BooneHigman/Metabelian/EnvelopeWreathEmbedCone.lean:97:14: 'GroupApproximation.BooneHigman.Metabelian.Envelope.coneMapFun_one' depends on axioms: [propext,
 Classical.choice,
 Quot.sound]
info: GroupApproximation/BooneHigman/Metabelian/EnvelopeWreathEmbedCone.lean:118:14: 'GroupApproximation.BooneHigman.Metabelian.Envelope.coneMap' depends on axioms: [propext, Classical.choice, Quot.sound]
info: GroupApproximation/BooneHigman/Metabelian/EnvelopeWreathEmbedCone.lean:125:14: 'GroupApproximation.BooneHigman.Metabelian.Envelope.coneMap_prepend' depends on axioms: [propext,
 Classical.choice,
 Quot.sound]
info: GroupApproximation/BooneHigman/Metabelian/EnvelopeWreathEmbedCone.lean:132:14: 'GroupApproximation.BooneHigman.Metabelian.Envelope.coneMap_of_not' depends on axioms: [propext,
 Classical.choice,
 Quot.sound]
info: GroupApproximation/BooneHigman/Metabelian/EnvelopeWreathEmbedCone.lean:139:14: 'GroupApproximation.BooneHigman.Metabelian.Envelope.coneMap_mul' depends on axioms: [propext,
 Classical.choice,
 Quot.sound]
info: GroupApproximation/BooneHigman/Metabelian/EnvelopeWreathEmbedCone.lean:155:14: 'GroupApproximation.BooneHigman.Metabelian.Envelope.coneMap_eq_one' depends on axioms: [propext,
 Classical.choice,
 Quot.sound]
✔ [3850/4156] Built GroupApproximation.BooneHigman.Products.Assembly (30s)
ℹ [3856/4162] Built GroupApproximation.BooneHigman.Metabelian.PureCharPrimeEHighModule (30s)
info: GroupApproximation/BooneHigman/Metabelian/PureCharPrimeEHighModule.lean:74:14: 'GroupApproximation.BooneHigman.Metabelian.Coprimary.PureCharPrimeEHighModuleStatement' depends on axioms: [propext,
 Classical.choice,
 Quot.sound]
ℹ [3857/4168] Built GroupApproximation.BooneHigman.Metabelian.PureCharPrimeEOneModule (31s)
info: GroupApproximation/BooneHigman/Metabelian/PureCharPrimeEOneModule.lean:31:14: 'GroupApproximation.BooneHigman.Metabelian.Coprimary.EOneMod' depends on axioms: [propext, Quot.sound]
info: GroupApproximation/BooneHigman/Metabelian/PureCharPrimeEOneModule.lean:38:14: 'GroupApproximation.BooneHigman.Metabelian.Coprimary.eOneOf' depends on axioms: [propext, Quot.sound]
info: GroupApproximation/BooneHigman/Metabelian/PureCharPrimeEOneModule.lean:43:14: 'GroupApproximation.BooneHigman.Metabelian.Coprimary.eOneTo' depends on axioms: [propext, Quot.sound]
info: GroupApproximation/BooneHigman/Metabelian/PureCharPrimeEOneModule.lean:48:14: 'GroupApproximation.BooneHigman.Metabelian.Coprimary.instAddCommGroupEOneMod' depends on axioms: [propext, Quot.sound]
info: GroupApproximation/BooneHigman/Metabelian/PureCharPrimeEOneModule.lean:54:14: 'GroupApproximation.BooneHigman.Metabelian.Coprimary.eOneMod_nsmul' depends on axioms: [propext, Quot.sound]
info: GroupApproximation/BooneHigman/Metabelian/PureCharPrimeEOneModule.lean:59:14: 'GroupApproximation.BooneHigman.Metabelian.Coprimary.instModuleZModEOneMod' depends on axioms: [propext, Quot.sound]
info: GroupApproximation/BooneHigman/Metabelian/PureCharPrimeEOneModule.lean:72:14: 'GroupApproximation.BooneHigman.Metabelian.Coprimary.eOneAddHom' depends on axioms: [propext, Quot.sound]
info: GroupApproximation/BooneHigman/Metabelian/PureCharPrimeEOneModule.lean:85:14: 'GroupApproximation.BooneHigman.Metabelian.Coprimary.eOneRep' depends on axioms: [propext, Quot.sound]
info: GroupApproximation/BooneHigman/Metabelian/PureCharPrimeEOneModule.lean:91:14: 'GroupApproximation.BooneHigman.Metabelian.Coprimary.instModuleEOneMod' depends on axioms: [propext,
 Classical.choice,
 Quot.sound]
info: GroupApproximation/BooneHigman/Metabelian/PureCharPrimeEOneModule.lean:99:14: 'GroupApproximation.BooneHigman.Metabelian.Coprimary.eOne_smul' depends on axioms: [propext,
 Classical.choice,
 Quot.sound]
info: GroupApproximation/BooneHigman/Metabelian/PureCharPrimeEOneModule.lean:107:14: 'GroupApproximation.BooneHigman.Metabelian.Coprimary.eOne_mem_span_smul' depends on axioms: [propext,
 Classical.choice,
 Quot.sound]
info: GroupApproximation/BooneHigman/Metabelian/PureCharPrimeEOneModule.lean:144:14: 'GroupApproximation.BooneHigman.Metabelian.Coprimary.eOne_finite' depends on axioms: [propext,
 Classical.choice,
 Quot.sound]
ℹ [3858/4168] Built GroupApproximation.BooneHigman.Metabelian.PureCharPrimeEHighConj (29s)
info: GroupApproximation/BooneHigman/Metabelian/PureCharPrimeEHighConj.lean:29:14: 'GroupApproximation.BooneHigman.Metabelian.Coprimary.eHighConj_comp' depends on axioms: [propext,
 Classical.choice,
 Quot.sound]
info: GroupApproximation/BooneHigman/Metabelian/PureCharPrimeEHighConj.lean:37:14: 'GroupApproximation.BooneHigman.Metabelian.Coprimary.eHighConjGL' depends on axioms: [propext,
 Classical.choice,
 Quot.sound]
info: GroupApproximation/BooneHigman/Metabelian/PureCharPrimeEHighConj.lean:45:14: 'GroupApproximation.BooneHigman.Metabelian.Coprimary.eHighConjGL_apply' depends on axioms: [propext,
 Classical.choice,
 Quot.sound]
info: GroupApproximation/BooneHigman/Metabelian/PureCharPrimeEHighConj.lean:64:14: 'GroupApproximation.BooneHigman.Metabelian.Coprimary.eHighConjGL_injective' depends on axioms: [propext,
 Classical.choice,
 Quot.sound]
ℹ [3859/4168] Built GroupApproximation.BooneHigman.Metabelian.CharPCoordsAway (31s)
info: GroupApproximation/BooneHigman/Metabelian/CharPCoordsAway.lean:43:14: 'GroupApproximation.BooneHigman.Metabelian.CharPCoords.quotSpanEquivAdjoinRoot' depends on axioms: [propext,
 Classical.choice,
 Quot.sound]
info: GroupApproximation/BooneHigman/Metabelian/CharPCoordsAway.lean:76:14: 'GroupApproximation.BooneHigman.Metabelian.CharPCoords.matrixEmbedding_adjoinRoot' depends on axioms: [propext,
 Classical.choice,
 Quot.sound]
info: GroupApproximation/BooneHigman/Metabelian/CharPCoordsAway.lean:91:2: 'GroupApproximation.BooneHigman.Metabelian.CharPCoords.matrixEmbedding_localizationAway' depends on axioms: [propext,
 Classical.choice,
 Quot.sound]
✔ [3860/4183] Built GroupApproximation.Matching.PermutationConservation (22s)
✔ [3861/4189] Built GroupApproximation.Sofic.SoficErrors (24s)
✖ [3862/4191] Building GroupApproximation.BooneHigman.Metabelian.CharZeroCoordsDenominators (48s)
trace: .> LEAN_PATH=/projects/standard/hsiehph/sauer354/nonsofic_existence/.lake/packages/Cli/.lake/build/lib/lean:/projects/standard/hsiehph/sauer354/nonsofic_existence/.lake/packages/batteries/.lake/build/lib/lean:/projects/standard/hsiehph/sauer354/nonsofic_existence/.lake/packages/Qq/.lake/build/lib/lean:/projects/standard/hsiehph/sauer354/nonsofic_existence/.lake/packages/aesop/.lake/build/lib/lean:/projects/standard/hsiehph/sauer354/nonsofic_existence/.lake/packages/proofwidgets/.lake/build/lib/lean:/projects/standard/hsiehph/sauer354/nonsofic_existence/.lake/packages/importGraph/.lake/build/lib/lean:/projects/standard/hsiehph/sauer354/nonsofic_existence/.lake/packages/LeanSearchClient/.lake/build/lib/lean:/projects/standard/hsiehph/sauer354/nonsofic_existence/.lake/packages/plausible/.lake/build/lib/lean:/projects/standard/hsiehph/sauer354/nonsofic_existence/.lake/packages/mathlib/.lake/build/lib/lean:/projects/standard/hsiehph/sauer354/nonsofic_existence/.lake/build/lib/lean /projects/standard/hsiehph/sauer354/.elan/toolchains/leanprover--lean4---v4.32.0/bin/lean -DwarningAsError=true /projects/standard/hsiehph/sauer354/nonsofic_existence/GroupApproximation/BooneHigman/Metabelian/CharZeroCoordsDenominators.lean -o /projects/standard/hsiehph/sauer354/nonsofic_existence/.lake/build/lib/lean/GroupApproximation/BooneHigman/Metabelian/CharZeroCoordsDenominators.olean -i /projects/standard/hsiehph/sauer354/nonsofic_existence/.lake/build/lib/lean/GroupApproximation/BooneHigman/Metabelian/CharZeroCoordsDenominators.ilean -c /projects/standard/hsiehph/sauer354/nonsofic_existence/.lake/build/ir/GroupApproximation/BooneHigman/Metabelian/CharZeroCoordsDenominators.c --setup /projects/standard/hsiehph/sauer354/nonsofic_existence/.lake/build/ir/GroupApproximation/BooneHigman/Metabelian/CharZeroCoordsDenominators.setup.json --json
info: GroupApproximation/BooneHigman/Metabelian/CharZeroCoordsDenominators.lean:54:14: 'GroupApproximation.BooneHigman.Metabelian.CharZeroHost.away_ringHom_injective' depends on axioms: [propext,
 Classical.choice,
 Quot.sound]
info: GroupApproximation/BooneHigman/Metabelian/CharZeroCoordsDenominators.lean:78:14: 'GroupApproximation.BooneHigman.Metabelian.CharZeroHost.rat_mem_range_of_den_dvd' depends on axioms: [propext,
 Classical.choice,
 Quot.sound]
error: GroupApproximation/BooneHigman/Metabelian/CharZeroCoordsDenominators.lean:84:43: Application type mismatch: The argument
  MvPolynomial.map θ
has type
  @RingHom (MvPolynomial σ (Localization.Away ↑m)) (MvPolynomial σ ℚ) AddMonoidAlgebra.nonAssocSemiring
    AddMonoidAlgebra.nonAssocSemiring
but is expected to have type
  @RingHom ?m.25 (MvPolynomial σ ℚ) NonAssocRing.toNonAssocSemiring AddMonoidAlgebra.nonAssocRing.toNonAssocSemiring
in the application
  (MvPolynomial.map θ).range
error: GroupApproximation/BooneHigman/Metabelian/CharZeroCoordsDenominators.lean:90:2: Unknown constant `GroupApproximation.BooneHigman.Metabelian.CharZeroHost.mvPolynomial_mem_range_of_den_dvd`
info: GroupApproximation/BooneHigman/Metabelian/CharZeroCoordsDenominators.lean:101:14: 'GroupApproximation.BooneHigman.Metabelian.CharZeroHost.matrix_mem_range_mapMatrix' depends on axioms: [propext,
 Classical.choice,
 Quot.sound]
info: GroupApproximation/BooneHigman/Metabelian/CharZeroCoordsDenominators.lean:112:14: 'GroupApproximation.BooneHigman.Metabelian.CharZeroHost.exists_den_dvd' depends on axioms: [propext,
 Classical.choice,
 Quot.sound]
error: GroupApproximation/BooneHigman/Metabelian/CharZeroCoordsDenominators.lean:134:6: Unknown identifier `mvPolynomial_mem_range_of_den_dvd`
error: GroupApproximation/BooneHigman/Metabelian/CharZeroCoordsDenominators.lean:114:0: (deterministic) timeout at `whnf`, maximum number of heartbeats (200000) has been reached

Note: Use `set_option maxHeartbeats <num>` to set the limit.

Hint: Additional diagnostic information may be available using the `set_option diagnostics true` command.
info: GroupApproximation/BooneHigman/Metabelian/CharZeroCoordsDenominators.lean:153:2: 'GroupApproximation.BooneHigman.Metabelian.CharZeroHost.exists_matrixEmbedding_away_of_closure' depends on axioms: []
error: Lean exited with code 1
ℹ [3863/4202] Built GroupApproximation.BooneHigman.Metabelian.PureCharPrimeEOneProofCover (35s)
info: GroupApproximation/BooneHigman/Metabelian/PureCharPrimeEOneProofCover.lean:51:14: 'GroupApproximation.BooneHigman.Metabelian.Coprimary.exists_finset_pow_cover' depends on axioms: [propext,
 Classical.choice,
 Quot.sound]
info: GroupApproximation/BooneHigman/Metabelian/PureCharPrimeEOneProofCover.lean:122:14: 'GroupApproximation.BooneHigman.Metabelian.Coprimary.twist_finite' depends on axioms: [propext,
 Classical.choice,
 Quot.sound]
✖ [3866/4206] Building GroupApproximation.BooneHigman.Metabelian.CharPHost.TreeWord (27s)
trace: .> LEAN_PATH=/projects/standard/hsiehph/sauer354/nonsofic_existence/.lake/packages/Cli/.lake/build/lib/lean:/projects/standard/hsiehph/sauer354/nonsofic_existence/.lake/packages/batteries/.lake/build/lib/lean:/projects/standard/hsiehph/sauer354/nonsofic_existence/.lake/packages/Qq/.lake/build/lib/lean:/projects/standard/hsiehph/sauer354/nonsofic_existence/.lake/packages/aesop/.lake/build/lib/lean:/projects/standard/hsiehph/sauer354/nonsofic_existence/.lake/packages/proofwidgets/.lake/build/lib/lean:/projects/standard/hsiehph/sauer354/nonsofic_existence/.lake/packages/importGraph/.lake/build/lib/lean:/projects/standard/hsiehph/sauer354/nonsofic_existence/.lake/packages/LeanSearchClient/.lake/build/lib/lean:/projects/standard/hsiehph/sauer354/nonsofic_existence/.lake/packages/plausible/.lake/build/lib/lean:/projects/standard/hsiehph/sauer354/nonsofic_existence/.lake/packages/mathlib/.lake/build/lib/lean:/projects/standard/hsiehph/sauer354/nonsofic_existence/.lake/build/lib/lean /projects/standard/hsiehph/sauer354/.elan/toolchains/leanprover--lean4---v4.32.0/bin/lean -DwarningAsError=true /projects/standard/hsiehph/sauer354/nonsofic_existence/GroupApproximation/BooneHigman/Metabelian/CharPHost/TreeWord.lean -o /projects/standard/hsiehph/sauer354/nonsofic_existence/.lake/build/lib/lean/GroupApproximation/BooneHigman/Metabelian/CharPHost/TreeWord.olean -i /projects/standard/hsiehph/sauer354/nonsofic_existence/.lake/build/lib/lean/GroupApproximation/BooneHigman/Metabelian/CharPHost/TreeWord.ilean -c /projects/standard/hsiehph/sauer354/nonsofic_existence/.lake/build/ir/GroupApproximation/BooneHigman/Metabelian/CharPHost/TreeWord.c --setup /projects/standard/hsiehph/sauer354/nonsofic_existence/.lake/build/ir/GroupApproximation/BooneHigman/Metabelian/CharPHost/TreeWord.setup.json --json
info: GroupApproximation/BooneHigman/Metabelian/CharPHost/TreeWord.lean:43:14: 'GroupApproximation.BooneHigman.Metabelian.CharPHost.TreeHost.act' depends on axioms: [propext,
 Classical.choice,
 Quot.sound]
info: GroupApproximation/BooneHigman/Metabelian/CharPHost/TreeWord.lean:51:14: 'GroupApproximation.BooneHigman.Metabelian.CharPHost.TreeHost.act_cons' depends on axioms: [propext,
 Classical.choice,
 Quot.sound]
info: GroupApproximation/BooneHigman/Metabelian/CharPHost/TreeWord.lean:61:14: 'GroupApproximation.BooneHigman.Metabelian.CharPHost.TreeHost.length_act' depends on axioms: [propext,
 Classical.choice,
 Quot.sound]
info: GroupApproximation/BooneHigman/Metabelian/CharPHost/TreeWord.lean:72:14: 'GroupApproximation.BooneHigman.Metabelian.CharPHost.TreeHost.act_prefix' depends on axioms: [propext,
 Classical.choice,
 Quot.sound]
info: GroupApproximation/BooneHigman/Metabelian/CharPHost/TreeWord.lean:78:14: 'GroupApproximation.BooneHigman.Metabelian.CharPHost.TreeHost.isTreeMap_act' depends on axioms: [propext,
 Classical.choice,
 Quot.sound]
error: GroupApproximation/BooneHigman/Metabelian/CharPHost/TreeWord.lean:82:0: automatically included section variable(s) unused in theorem `GroupApproximation.BooneHigman.Metabelian.CharPHost.TreeHost.image_one_apply`:
  [DecidableEq σ]
consider restructuring your `variable` declarations so that the variables are not in scope or explicitly omit them:
  omit [DecidableEq σ] in theorem ...

Note: This linter can be disabled with `set_option linter.unusedSectionVars false`
info: GroupApproximation/BooneHigman/Metabelian/CharPHost/TreeWord.lean:86:14: 'GroupApproximation.BooneHigman.Metabelian.CharPHost.TreeHost.image_one_apply' depends on axioms: [propext,
 Classical.choice,
 Quot.sound]
info: GroupApproximation/BooneHigman/Metabelian/CharPHost/TreeWord.lean:96:14: 'GroupApproximation.BooneHigman.Metabelian.CharPHost.TreeHost.digit_carry_one' depends on axioms: [propext,
 Classical.choice,
 Quot.sound]
error: GroupApproximation/BooneHigman/Metabelian/CharPHost/TreeWord.lean:98:0: automatically included section variable(s) unused in theorem `GroupApproximation.BooneHigman.Metabelian.CharPHost.TreeHost.map_one_shift`:
  [Fintype m]
consider restructuring your `variable` declarations so that the variables are not in scope or explicitly omit them:
  omit [Fintype m] in theorem ...

Note: This linter can be disabled with `set_option linter.unusedSectionVars false`
info: GroupApproximation/BooneHigman/Metabelian/CharPHost/TreeWord.lean:102:14: 'GroupApproximation.BooneHigman.Metabelian.CharPHost.TreeHost.map_one_shift' depends on axioms: [propext,
 Classical.choice,
 Quot.sound]
info: GroupApproximation/BooneHigman/Metabelian/CharPHost/TreeWord.lean:114:14: 'GroupApproximation.BooneHigman.Metabelian.CharPHost.TreeHost.act_one' depends on axioms: [propext,
 Classical.choice,
 Quot.sound]
error: GroupApproximation/BooneHigman/Metabelian/CharPHost/TreeWord.lean:119:0: automatically included section variable(s) unused in theorem `GroupApproximation.BooneHigman.Metabelian.CharPHost.TreeHost.image_mul`:
  [DecidableEq σ]
consider restructuring your `variable` declarations so that the variables are not in scope or explicitly omit them:
  omit [DecidableEq σ] in theorem ...

Note: This linter can be disabled with `set_option linter.unusedSectionVars false`
info: GroupApproximation/BooneHigman/Metabelian/CharPHost/TreeWord.lean:124:14: 'GroupApproximation.BooneHigman.Metabelian.CharPHost.TreeHost.image_mul' depends on axioms: [propext,
 Classical.choice,
 Quot.sound]
info: GroupApproximation/BooneHigman/Metabelian/CharPHost/TreeWord.lean:151:14: 'GroupApproximation.BooneHigman.Metabelian.CharPHost.TreeHost.digit_carry_mul' depends on axioms: [propext,
 Classical.choice,
 Quot.sound]
info: GroupApproximation/BooneHigman/Metabelian/CharPHost/TreeWord.lean:164:14: 'GroupApproximation.BooneHigman.Metabelian.CharPHost.TreeHost.act_act' depends on axioms: [propext,
 Classical.choice,
 Quot.sound]
error: Lean exited with code 1
✔ [3869/4212] Built GroupApproximation.Matching.Localization (24s)
✔ [3870/4216] Built GroupApproximation.Matching.Selection (24s)
✔ [3871/4216] Built GroupApproximation.Leavitt.ElementaryNoFiniteQuotients (29s)
✔ [3872/4216] Built GroupApproximation.BooneHigman.V.Transitive (21s)
✔ [3877/4216] Built GroupApproximation.Matching.FiniteGraph (27s)
✔ [3878/4216] Built GroupApproximation.Sofic.MultiplicativeApproximation (23s)
✔ [3879/4216] Built GroupApproximation.BooneHigman.V.Supports (22s)
✔ [3886/4217] Built GroupApproximation.Steinberg.Perfect (28s)
✔ [3887/4217] Built GroupApproximation.Leavitt.BinaryLeavittDiagonal (26s)
✔ [3903/4228] Built GroupApproximation.Algebra.CountableMatrixUnits (22s)
✔ [3915/4250] Built GroupApproximation.Criterion.CompressionSetup (32s)
✔ [3923/4250] Built GroupApproximation.Steinberg.Functoriality (28s)
✔ [3926/4258] Built GroupApproximation.Algebra.SchreierGenerators (38s)
✖ [3928/4261] Building GroupApproximation.Manuscript.SimpleKazhdanSofic.LeavittK2.RowColumn.VecProd (23s)
trace: .> LEAN_PATH=/projects/standard/hsiehph/sauer354/nonsofic_existence/.lake/packages/Cli/.lake/build/lib/lean:/projects/standard/hsiehph/sauer354/nonsofic_existence/.lake/packages/batteries/.lake/build/lib/lean:/projects/standard/hsiehph/sauer354/nonsofic_existence/.lake/packages/Qq/.lake/build/lib/lean:/projects/standard/hsiehph/sauer354/nonsofic_existence/.lake/packages/aesop/.lake/build/lib/lean:/projects/standard/hsiehph/sauer354/nonsofic_existence/.lake/packages/proofwidgets/.lake/build/lib/lean:/projects/standard/hsiehph/sauer354/nonsofic_existence/.lake/packages/importGraph/.lake/build/lib/lean:/projects/standard/hsiehph/sauer354/nonsofic_existence/.lake/packages/LeanSearchClient/.lake/build/lib/lean:/projects/standard/hsiehph/sauer354/nonsofic_existence/.lake/packages/plausible/.lake/build/lib/lean:/projects/standard/hsiehph/sauer354/nonsofic_existence/.lake/packages/mathlib/.lake/build/lib/lean:/projects/standard/hsiehph/sauer354/nonsofic_existence/.lake/build/lib/lean /projects/standard/hsiehph/sauer354/.elan/toolchains/leanprover--lean4---v4.32.0/bin/lean -DwarningAsError=true /projects/standard/hsiehph/sauer354/nonsofic_existence/GroupApproximation/Manuscript/SimpleKazhdanSofic/LeavittK2/RowColumn/VecProd.lean -o /projects/standard/hsiehph/sauer354/nonsofic_existence/.lake/build/lib/lean/GroupApproximation/Manuscript/SimpleKazhdanSofic/LeavittK2/RowColumn/VecProd.olean -i /projects/standard/hsiehph/sauer354/nonsofic_existence/.lake/build/lib/lean/GroupApproximation/Manuscript/SimpleKazhdanSofic/LeavittK2/RowColumn/VecProd.ilean -c /projects/standard/hsiehph/sauer354/nonsofic_existence/.lake/build/ir/GroupApproximation/Manuscript/SimpleKazhdanSofic/LeavittK2/RowColumn/VecProd.c --setup /projects/standard/hsiehph/sauer354/nonsofic_existence/.lake/build/ir/GroupApproximation/Manuscript/SimpleKazhdanSofic/LeavittK2/RowColumn/VecProd.setup.json --json
info: GroupApproximation/Manuscript/SimpleKazhdanSofic/LeavittK2/RowColumn/VecProd.lean:33:14: 'GroupApproximation.Manuscript.SimpleKazhdanSofic.LeavittK2.RowColumn.rootVecProd' depends on axioms: [propext,
 Classical.choice,
 Quot.sound]
error: GroupApproximation/Manuscript/SimpleKazhdanSofic/LeavittK2/RowColumn/VecProd.lean:35:0: automatically included section variable(s) unused in theorem `GroupApproximation.Manuscript.SimpleKazhdanSofic.LeavittK2.RowColumn.rootVecProd_add`:
  [DecidableEq ι]
consider restructuring your `variable` declarations so that the variables are not in scope or explicitly omit them:
  omit [DecidableEq ι] in theorem ...

Note: This linter can be disabled with `set_option linter.unusedSectionVars false`
info: GroupApproximation/Manuscript/SimpleKazhdanSofic/LeavittK2/RowColumn/VecProd.lean:46:14: 'GroupApproximation.Manuscript.SimpleKazhdanSofic.LeavittK2.RowColumn.rootVecProd_add' depends on axioms: [propext,
 Classical.choice,
 Quot.sound]
info: GroupApproximation/Manuscript/SimpleKazhdanSofic/LeavittK2/RowColumn/VecProd.lean:58:14: 'GroupApproximation.Manuscript.SimpleKazhdanSofic.LeavittK2.RowColumn.rootVecProd_update_zero' depends on axioms: [propext,
 Classical.choice,
 Quot.sound]
error: GroupApproximation/Manuscript/SimpleKazhdanSofic/LeavittK2/RowColumn/VecProd.lean:60:0: automatically included section variable(s) unused in theorem `GroupApproximation.Manuscript.SimpleKazhdanSofic.LeavittK2.RowColumn.rootVecProd_commute`:
  [DecidableEq ι]
  [AddMonoid A]
consider restructuring your `variable` declarations so that the variables are not in scope or explicitly omit them:
  omit [DecidableEq ι] [AddMonoid A] in theorem ...

Note: This linter can be disabled with `set_option linter.unusedSectionVars false`
info: GroupApproximation/Manuscript/SimpleKazhdanSofic/LeavittK2/RowColumn/VecProd.lean:64:14: 'GroupApproximation.Manuscript.SimpleKazhdanSofic.LeavittK2.RowColumn.rootVecProd_commute' depends on axioms: [propext,
 Classical.choice,
 Quot.sound]
info: GroupApproximation/Manuscript/SimpleKazhdanSofic/LeavittK2/RowColumn/VecProd.lean:82:14: 'GroupApproximation.Manuscript.SimpleKazhdanSofic.LeavittK2.RowColumn.rootVecProd_split' depends on axioms: [propext,
 Classical.choice,
 Quot.sound]
info: GroupApproximation/Manuscript/SimpleKazhdanSofic/LeavittK2/RowColumn/VecProd.lean:95:14: 'GroupApproximation.Manuscript.SimpleKazhdanSofic.LeavittK2.RowColumn.conj_split' depends on axioms: [propext]
info: GroupApproximation/Manuscript/SimpleKazhdanSofic/LeavittK2/RowColumn/VecProd.lean:105:14: 'GroupApproximation.Manuscript.SimpleKazhdanSofic.LeavittK2.RowColumn.one_add_single_mulVec' depends on axioms: [propext,
 Classical.choice,
 Quot.sound]
info: GroupApproximation/Manuscript/SimpleKazhdanSofic/LeavittK2/RowColumn/VecProd.lean:121:14: 'GroupApproximation.Manuscript.SimpleKazhdanSofic.LeavittK2.RowColumn.vecMul_single_eq' depends on axioms: [propext,
 Classical.choice,
 Quot.sound]
info: GroupApproximation/Manuscript/SimpleKazhdanSofic/LeavittK2/RowColumn/VecProd.lean:127:14: 'GroupApproximation.Manuscript.SimpleKazhdanSofic.LeavittK2.RowColumn.vecMul_one_add_single' depends on axioms: [propext,
 Classical.choice,
 Quot.sound]
error: Lean exited with code 1
✔ [3933/4262] Built GroupApproximation.Leavitt.Whitehead (23s)
✔ [3945/4277] Built GroupApproximation.PropertyT.FreeRootFunctionalValuation (26s)
✔ [3956/4277] Built GroupApproximation.Leavitt.MatrixDiagonalization (29s)
✖ [3957/4277] Building GroupApproximation.BooneHigman.Metabelian.TorsionFreeNoetherLocalize (31s)
trace: .> LEAN_PATH=/projects/standard/hsiehph/sauer354/nonsofic_existence/.lake/packages/Cli/.lake/build/lib/lean:/projects/standard/hsiehph/sauer354/nonsofic_existence/.lake/packages/batteries/.lake/build/lib/lean:/projects/standard/hsiehph/sauer354/nonsofic_existence/.lake/packages/Qq/.lake/build/lib/lean:/projects/standard/hsiehph/sauer354/nonsofic_existence/.lake/packages/aesop/.lake/build/lib/lean:/projects/standard/hsiehph/sauer354/nonsofic_existence/.lake/packages/proofwidgets/.lake/build/lib/lean:/projects/standard/hsiehph/sauer354/nonsofic_existence/.lake/packages/importGraph/.lake/build/lib/lean:/projects/standard/hsiehph/sauer354/nonsofic_existence/.lake/packages/LeanSearchClient/.lake/build/lib/lean:/projects/standard/hsiehph/sauer354/nonsofic_existence/.lake/packages/plausible/.lake/build/lib/lean:/projects/standard/hsiehph/sauer354/nonsofic_existence/.lake/packages/mathlib/.lake/build/lib/lean:/projects/standard/hsiehph/sauer354/nonsofic_existence/.lake/build/lib/lean /projects/standard/hsiehph/sauer354/.elan/toolchains/leanprover--lean4---v4.32.0/bin/lean -DwarningAsError=true /projects/standard/hsiehph/sauer354/nonsofic_existence/GroupApproximation/BooneHigman/Metabelian/TorsionFreeNoetherLocalize.lean -o /projects/standard/hsiehph/sauer354/nonsofic_existence/.lake/build/lib/lean/GroupApproximation/BooneHigman/Metabelian/TorsionFreeNoetherLocalize.olean -i /projects/standard/hsiehph/sauer354/nonsofic_existence/.lake/build/lib/lean/GroupApproximation/BooneHigman/Metabelian/TorsionFreeNoetherLocalize.ilean -c /projects/standard/hsiehph/sauer354/nonsofic_existence/.lake/build/ir/GroupApproximation/BooneHigman/Metabelian/TorsionFreeNoetherLocalize.c --setup /projects/standard/hsiehph/sauer354/nonsofic_existence/.lake/build/ir/GroupApproximation/BooneHigman/Metabelian/TorsionFreeNoetherLocalize.setup.json --json
error: GroupApproximation/BooneHigman/Metabelian/TorsionFreeNoetherLocalize.lean:129:16: unexpected token ':='; expected '}'
error: GroupApproximation/BooneHigman/Metabelian/TorsionFreeNoetherLocalize.lean:120:4: Insufficient number of fields for `⟨...⟩` constructor: Constructor `Exists.intro` has 2 explicit field, but only 1 was provided
error: GroupApproximation/BooneHigman/Metabelian/TorsionFreeNoetherLocalize.lean:120:5: Fields missing: `map_one'`, `map_mul'`
error: GroupApproximation/BooneHigman/Metabelian/TorsionFreeNoetherLocalize.lean:121:10: invalid {...} notation, expected type is not known
error: GroupApproximation/BooneHigman/Metabelian/TorsionFreeNoetherLocalize.lean:43:54: unsolved goals
A W : Type
inst✝³ : CommRing A
inst✝² : AddCommGroup W
inst✝¹ : Module A W
inst✝ : Module.Finite A W
t : Set A
ht : t.Finite
hcl : Subring.closure t = ⊤
P : Ideal A
e : ℕ
hW : Primary.IsCoprimaryWith A W P e
hP : ∀ (n : ℤ), n ≠ 0 → ↑n ∉ P
ι : Type
g : MvPolynomial ι ℤ →+* A
hgP : ∀ (d : MvPolynomial ι ℤ), d ≠ 0 → g d ∉ P
halg : ∀ (a : A), ∃ p, p ≠ 0 ∧ Polynomial.eval₂ g a p ∈ P
S : Submonoid A
hSP : ∀ s ∈ S, s ∉ P
hgS : ∀ d ∈ nonZeroDivisors (MvPolynomial ι ℤ), g d ∈ S
hSg : ∀ s ∈ S, ∃ d ∈ nonZeroDivisors (MvPolynomial ι ℤ), g d = s
φ : FractionRing (MvPolynomial ι ℤ) →+* Localization S
hφ :
  ∀ (d : MvPolynomial ι ℤ),
    φ ((algebraMap (MvPolynomial ι ℤ) (FractionRing (MvPolynomial ι ℤ))) d) = (algebraMap A (Localization S)) (g d)
this✝ : Algebra (FractionRing (MvPolynomial ι ℤ)) (Localization S) := φ.toAlgebra
instKM : Module (FractionRing (MvPolynomial ι ℤ)) (LocalizedModule S W) :=
  Module.compHom (LocalizedModule S W) (algebraMap (FractionRing (MvPolynomial ι ℤ)) (Localization S))
this : IsScalarTower (FractionRing (MvPolynomial ι ℤ)) (Localization S) (LocalizedModule S W)
hmk :
  ∀ (r : A) (w : W) (s : ↥S), (algebraMap A (Localization S)) r • LocalizedModule.mk w s = LocalizedModule.mk (r • w) s
hA :
  ∀ (a : A),
    (algebraMap A (Localization S)) a ∈
      Algebra.adjoin (FractionRing (MvPolynomial ι ℤ)) (⇑(algebraMap A (Localization S)) '' t)
hadj : Algebra.adjoin (FractionRing (MvPolynomial ι ℤ)) (⇑(algebraMap A (Localization S)) '' t) = ⊤
hcompφ :
  (algebraMap (FractionRing (MvPolynomial ι ℤ)) (Localization S)).comp
      (algebraMap (MvPolynomial ι ℤ) (FractionRing (MvPolynomial ι ℤ))) =
    (algebraMap A (Localization S)).comp g
hkill :
  ∀ b ∈ ⇑(algebraMap A (Localization S)) '' t, ∃ p, p ≠ 0 ∧ ∀ (m : LocalizedModule S W), (Polynomial.aeval b) p • m = 0
hfd : FiniteDimensional (FractionRing (MvPolynomial ι ℤ)) (LocalizedModule S W)
τ : A →* Module.End (FractionRing (MvPolynomial ι ℤ)) (LocalizedModule S W)
hτ : ∀ (a : A) (m : LocalizedModule S W), (τ a) m = (algebraMap A (Localization S)) a • m
⊢ ∃ K x V x_1 x_2,
    ringChar K = 0 ∧
      FiniteDimensional K V ∧ ∃ τ ι₀, Function.Injective ⇑ι₀ ∧ ∀ (a : A) (w : W), ι₀ (a • w) = (τ a) (ι₀ w)
error: GroupApproximation/BooneHigman/Metabelian/TorsionFreeNoetherLocalize.lean:151:14: 'GroupApproximation.BooneHigman.Metabelian.Coprimary.noether_exists_fd_embedding' depends on axioms outside the classical allowlist: [sorryAx]
  full closure: [propext, sorryAx, Classical.choice, Quot.sound]
  permitted: [propext, Classical.choice, Quot.sound]
error: Lean exited with code 1
✔ [3958/4280] Built GroupApproximation.PropertyTT.Basic (35s)
ℹ [3960/4280] Built GroupApproximation.Manuscript.SimpleKazhdanSofic.SkRows.SteinbergWeyl.Defs (26s)
info: GroupApproximation/Manuscript/SimpleKazhdanSofic/SkRows/SteinbergWeyl/Defs.lean:106:14: 'GroupApproximation.SimpleKazhdanSofic.SkRows.SteinbergWeyl.conj_of_commute' depends on axioms: [propext]
info: GroupApproximation/Manuscript/SimpleKazhdanSofic/SkRows/SteinbergWeyl/Defs.lean:107:14: 'GroupApproximation.SimpleKazhdanSofic.SkRows.SteinbergWeyl.conj_mul' depends on axioms: [propext]
info: GroupApproximation/Manuscript/SimpleKazhdanSofic/SkRows/SteinbergWeyl/Defs.lean:108:14: 'GroupApproximation.SimpleKazhdanSofic.SkRows.SteinbergWeyl.x_congr' depends on axioms: [propext,
 Classical.choice,
 Quot.sound]
info: GroupApproximation/Manuscript/SimpleKazhdanSofic/SkRows/SteinbergWeyl/Defs.lean:109:14: 'GroupApproximation.SimpleKazhdanSofic.SkRows.SteinbergWeyl.conj_x_left' depends on axioms: [propext,
 Classical.choice,
 Quot.sound]
info: GroupApproximation/Manuscript/SimpleKazhdanSofic/SkRows/SteinbergWeyl/Defs.lean:110:14: 'GroupApproximation.SimpleKazhdanSofic.SkRows.SteinbergWeyl.conj_x_right' depends on axioms: [propext,
 Classical.choice,
 Quot.sound]
info: GroupApproximation/Manuscript/SimpleKazhdanSofic/SkRows/SteinbergWeyl/Defs.lean:111:14: 'GroupApproximation.SimpleKazhdanSofic.SkRows.SteinbergWeyl.w_conj_expand' depends on axioms: [propext,
 Classical.choice,
 Quot.sound]
info: GroupApproximation/Manuscript/SimpleKazhdanSofic/SkRows/SteinbergWeyl/Defs.lean:112:14: 'GroupApproximation.SimpleKazhdanSofic.SkRows.SteinbergWeyl.w_inv' depends on axioms: [propext,
 Classical.choice,
 Quot.sound]
ℹ [3961/4280] Built GroupApproximation.Manuscript.SimpleKazhdanSofic.LeavittK2.Weyl.Basic (26s)
info: GroupApproximation/Manuscript/SimpleKazhdanSofic/LeavittK2/Weyl/Basic.lean:45:14: 'GroupApproximation.Manuscript.SimpleKazhdanSofic.LeavittK2.WeylCalc.neg_self_of_two_eq_zero' depends on axioms: [propext]
info: GroupApproximation/Manuscript/SimpleKazhdanSofic/LeavittK2/Weyl/Basic.lean:53:14: 'GroupApproximation.Manuscript.SimpleKazhdanSofic.LeavittK2.WeylCalc.x_congr' depends on axioms: [propext,
 Classical.choice,
 Quot.sound]
info: GroupApproximation/Manuscript/SimpleKazhdanSofic/LeavittK2/Weyl/Basic.lean:60:14: 'GroupApproximation.Manuscript.SimpleKazhdanSofic.LeavittK2.WeylCalc.x_mul_self' depends on axioms: [propext,
 Classical.choice,
 Quot.sound]
info: GroupApproximation/Manuscript/SimpleKazhdanSofic/LeavittK2/Weyl/Basic.lean:67:14: 'GroupApproximation.Manuscript.SimpleKazhdanSofic.LeavittK2.WeylCalc.conj_of_commute' depends on axioms: [propext]
info: GroupApproximation/Manuscript/SimpleKazhdanSofic/LeavittK2/Weyl/Basic.lean:75:14: 'GroupApproximation.Manuscript.SimpleKazhdanSofic.LeavittK2.WeylCalc.conj_adj_left' depends on axioms: [propext,
 Classical.choice,
 Quot.sound]
info: GroupApproximation/Manuscript/SimpleKazhdanSofic/LeavittK2/Weyl/Basic.lean:84:14: 'GroupApproximation.Manuscript.SimpleKazhdanSofic.LeavittK2.WeylCalc.conj_adj_right' depends on axioms: [propext,
 Classical.choice,
 Quot.sound]
info: GroupApproximation/Manuscript/SimpleKazhdanSofic/LeavittK2/Weyl/Basic.lean:92:14: 'GroupApproximation.Manuscript.SimpleKazhdanSofic.LeavittK2.WeylCalc.conj_adj_right_two' depends on axioms: [propext,
 Classical.choice,
 Quot.sound]
info: GroupApproximation/Manuscript/SimpleKazhdanSofic/LeavittK2/Weyl/Basic.lean:105:14: 'GroupApproximation.Manuscript.SimpleKazhdanSofic.LeavittK2.weyl' depends on axioms: [propext,
 Classical.choice,
 Quot.sound]
info: GroupApproximation/Manuscript/SimpleKazhdanSofic/LeavittK2/Weyl/Basic.lean:113:14: 'GroupApproximation.Manuscript.SimpleKazhdanSofic.LeavittK2.weyl_congr' depends on axioms: [propext,
 Classical.choice,
 Quot.sound]
info: GroupApproximation/Manuscript/SimpleKazhdanSofic/LeavittK2/Weyl/Basic.lean:129:14: 'GroupApproximation.Manuscript.SimpleKazhdanSofic.LeavittK2.weyl_mul_self' depends on axioms: [propext,
 Classical.choice,
 Quot.sound]
info: GroupApproximation/Manuscript/SimpleKazhdanSofic/LeavittK2/Weyl/Basic.lean:136:14: 'GroupApproximation.Manuscript.SimpleKazhdanSofic.LeavittK2.weyl_inv' depends on axioms: [propext,
 Classical.choice,
 Quot.sound]
info: GroupApproximation/Manuscript/SimpleKazhdanSofic/LeavittK2/Weyl/Basic.lean:148:14: 'GroupApproximation.Manuscript.SimpleKazhdanSofic.LeavittK2.weyl_conj_via' depends on axioms: [propext,
 Classical.choice,
 Quot.sound]
✔ [3962/4280] Built GroupApproximation.BooneHigman.Products.Hosts (26s)
ℹ [3963/4280] Built GroupApproximation.BooneHigman.Metabelian.PureCharPrimeEOne (26s)
info: GroupApproximation/BooneHigman/Metabelian/PureCharPrimeEOne.lean:79:14: 'GroupApproximation.BooneHigman.Metabelian.Coprimary.exists_gl_of_exponent_prime_comm' depends on axioms: [propext,
 Classical.choice,
 Quot.sound]
info: GroupApproximation/BooneHigman/Metabelian/PureCharPrimeEOne.lean:90:14: 'GroupApproximation.BooneHigman.Metabelian.Coprimary.exists_gl_of_exponent_prime' depends on axioms: [propext,
 Classical.choice,
 Quot.sound]
ℹ [3966/4280] Built GroupApproximation.BooneHigman.Metabelian.PureCharPrimeEHighReduce (26s)
info: GroupApproximation/BooneHigman/Metabelian/PureCharPrimeEHighReduce.lean:56:14: 'GroupApproximation.BooneHigman.Metabelian.Coprimary.eHighInl' depends on axioms: [propext,
 Classical.choice,
 Quot.sound]
info: GroupApproximation/BooneHigman/Metabelian/PureCharPrimeEHighReduce.lean:72:14: 'GroupApproximation.BooneHigman.Metabelian.Coprimary.eHighInl_injective' depends on axioms: [propext,
 Classical.choice,
 Quot.sound]
info: GroupApproximation/BooneHigman/Metabelian/PureCharPrimeEHighReduce.lean:135:14: 'GroupApproximation.BooneHigman.Metabelian.Coprimary.exists_gl_of_eHigh_module_comm' depends on axioms: [propext,
 Classical.choice,
 Quot.sound]
info: GroupApproximation/BooneHigman/Metabelian/PureCharPrimeEHighReduce.lean:144:14: 'GroupApproximation.BooneHigman.Metabelian.Coprimary.pureCharPrimeEHigh_of_module' depends on axioms: [propext,
 Classical.choice,
 Quot.sound]
ℹ [3975/4287] Built GroupApproximation.BooneHigman.Metabelian.EnvelopeHigmanVGenConj (13s)
info: GroupApproximation/BooneHigman/Metabelian/EnvelopeHigmanVGenConj.lean:34:14: 'GroupApproximation.BooneHigman.Metabelian.Envelope.vgen_mapsCone_coneSwap_fix' depends on axioms: [propext,
 Classical.choice,
 Quot.sound]
info: GroupApproximation/BooneHigman/Metabelian/EnvelopeHigmanVGenConj.lean:49:14: 'GroupApproximation.BooneHigman.Metabelian.Envelope.vgen_not_prefix_inv' depends on axioms: [propext, Quot.sound]
info: GroupApproximation/BooneHigman/Metabelian/EnvelopeHigmanVGenConj.lean:69:14: 'GroupApproximation.BooneHigman.Metabelian.Envelope.vgen_conj_coneSwap' depends on axioms: [propext,
 Classical.choice,
 Quot.sound]
✖ [3979/4287] Building GroupApproximation.Manuscript.SimpleKazhdanSofic.LeavittK2.PaddedCentral.MatrixId (17s)
trace: .> LEAN_PATH=/projects/standard/hsiehph/sauer354/nonsofic_existence/.lake/packages/Cli/.lake/build/lib/lean:/projects/standard/hsiehph/sauer354/nonsofic_existence/.lake/packages/batteries/.lake/build/lib/lean:/projects/standard/hsiehph/sauer354/nonsofic_existence/.lake/packages/Qq/.lake/build/lib/lean:/projects/standard/hsiehph/sauer354/nonsofic_existence/.lake/packages/aesop/.lake/build/lib/lean:/projects/standard/hsiehph/sauer354/nonsofic_existence/.lake/packages/proofwidgets/.lake/build/lib/lean:/projects/standard/hsiehph/sauer354/nonsofic_existence/.lake/packages/importGraph/.lake/build/lib/lean:/projects/standard/hsiehph/sauer354/nonsofic_existence/.lake/packages/LeanSearchClient/.lake/build/lib/lean:/projects/standard/hsiehph/sauer354/nonsofic_existence/.lake/packages/plausible/.lake/build/lib/lean:/projects/standard/hsiehph/sauer354/nonsofic_existence/.lake/packages/mathlib/.lake/build/lib/lean:/projects/standard/hsiehph/sauer354/nonsofic_existence/.lake/build/lib/lean /projects/standard/hsiehph/sauer354/.elan/toolchains/leanprover--lean4---v4.32.0/bin/lean -DwarningAsError=true /projects/standard/hsiehph/sauer354/nonsofic_existence/GroupApproximation/Manuscript/SimpleKazhdanSofic/LeavittK2/PaddedCentral/MatrixId.lean -o /projects/standard/hsiehph/sauer354/nonsofic_existence/.lake/build/lib/lean/GroupApproximation/Manuscript/SimpleKazhdanSofic/LeavittK2/PaddedCentral/MatrixId.olean -i /projects/standard/hsiehph/sauer354/nonsofic_existence/.lake/build/lib/lean/GroupApproximation/Manuscript/SimpleKazhdanSofic/LeavittK2/PaddedCentral/MatrixId.ilean -c /projects/standard/hsiehph/sauer354/nonsofic_existence/.lake/build/ir/GroupApproximation/Manuscript/SimpleKazhdanSofic/LeavittK2/PaddedCentral/MatrixId.c --setup /projects/standard/hsiehph/sauer354/nonsofic_existence/.lake/build/ir/GroupApproximation/Manuscript/SimpleKazhdanSofic/LeavittK2/PaddedCentral/MatrixId.setup.json --json
info: GroupApproximation/Manuscript/SimpleKazhdanSofic/LeavittK2/PaddedCentral/MatrixId.lean:29:14: 'GroupApproximation.Manuscript.SimpleKazhdanSofic.LeavittK2.PaddedCentral.single_mulVec_eq_pi' depends on axioms: [propext,
 Classical.choice,
 Quot.sound]
info: GroupApproximation/Manuscript/SimpleKazhdanSofic/LeavittK2/PaddedCentral/MatrixId.lean:35:14: 'GroupApproximation.Manuscript.SimpleKazhdanSofic.LeavittK2.PaddedCentral.one_add_single_mulVec_single_same' depends on axioms: [propext,
 Classical.choice,
 Quot.sound]
error: GroupApproximation/Manuscript/SimpleKazhdanSofic/LeavittK2/PaddedCentral/MatrixId.lean:39:65: Tactic `rewrite` failed: Did not find an occurrence of the pattern
  Pi.single p ?m.63 j
in the target expression
  Pi.single p a + Pi.single i (b * Pi.single p a j) = Pi.single p a

R : Type u_1
inst✝ : Ring R
n : ℕ
i j p : Fin n
hp : p ≠ j
b a : R
⊢ Pi.single p a + Pi.single i (b * Pi.single p a j) = Pi.single p a
error: GroupApproximation/Manuscript/SimpleKazhdanSofic/LeavittK2/PaddedCentral/MatrixId.lean:42:14: 'GroupApproximation.Manuscript.SimpleKazhdanSofic.LeavittK2.PaddedCentral.one_add_single_mulVec_single_of_ne' depends on axioms outside the classical allowlist: [sorryAx]
  full closure: [propext, sorryAx, Classical.choice, Quot.sound]
  permitted: [propext, Classical.choice, Quot.sound]
info: GroupApproximation/Manuscript/SimpleKazhdanSofic/LeavittK2/PaddedCentral/MatrixId.lean:49:14: 'GroupApproximation.Manuscript.SimpleKazhdanSofic.LeavittK2.PaddedCentral.single_vecMul_apply' depends on axioms: [propext,
 Classical.choice,
 Quot.sound]
info: GroupApproximation/Manuscript/SimpleKazhdanSofic/LeavittK2/PaddedCentral/MatrixId.lean:59:14: 'GroupApproximation.Manuscript.SimpleKazhdanSofic.LeavittK2.PaddedCentral.single_vecMul_single_same' depends on axioms: [propext,
 Classical.choice,
 Quot.sound]
info: GroupApproximation/Manuscript/SimpleKazhdanSofic/LeavittK2/PaddedCentral/MatrixId.lean:67:14: 'GroupApproximation.Manuscript.SimpleKazhdanSofic.LeavittK2.PaddedCentral.single_vecMul_single_of_ne' depends on axioms: [propext,
 Classical.choice,
 Quot.sound]
info: GroupApproximation/Manuscript/SimpleKazhdanSofic/LeavittK2/PaddedCentral/MatrixId.lean:73:14: 'GroupApproximation.Manuscript.SimpleKazhdanSofic.LeavittK2.PaddedCentral.single_vecMul_one_add_single_same' depends on axioms: [propext,
 Classical.choice,
 Quot.sound]
info: GroupApproximation/Manuscript/SimpleKazhdanSofic/LeavittK2/PaddedCentral/MatrixId.lean:79:14: 'GroupApproximation.Manuscript.SimpleKazhdanSofic.LeavittK2.PaddedCentral.single_vecMul_one_add_single_of_ne' depends on axioms: [propext,
 Classical.choice,
 Quot.sound]
error: Lean exited with code 1
✔ [3980/4288] Built GroupApproximation.Matching.InverseNormalization (15s)
ℹ [3981/4288] Built GroupApproximation.BooneHigman.Metabelian.EnvelopeHigmanVGenWords (15s)
info: GroupApproximation/BooneHigman/Metabelian/EnvelopeHigmanVGenWords.lean:27:14: 'GroupApproximation.BooneHigman.Metabelian.Envelope.vgen_exists_avoid1' depends on axioms: [propext,
 Classical.choice,
 Quot.sound]
info: GroupApproximation/BooneHigman/Metabelian/EnvelopeHigmanVGenWords.lean:52:14: 'GroupApproximation.BooneHigman.Metabelian.Envelope.vgen_exists_avoid2' depends on axioms: [propext,
 Classical.choice,
 Quot.sound]
info: GroupApproximation/BooneHigman/Metabelian/EnvelopeHigmanVGenWords.lean:58:14: 'GroupApproximation.BooneHigman.Metabelian.Envelope.vgen_not_prefix_append_left' depends on axioms: [propext]
info: GroupApproximation/BooneHigman/Metabelian/EnvelopeHigmanVGenWords.lean:67:14: 'GroupApproximation.BooneHigman.Metabelian.Envelope.vgen_not_prefix_append_right' depends on axioms: []
info: GroupApproximation/BooneHigman/Metabelian/EnvelopeHigmanVGenWords.lean:74:14: 'GroupApproximation.BooneHigman.Metabelian.Envelope.vgen_not_prefix_append_swap' depends on axioms: [propext]
✖ [3982/4288] Building GroupApproximation.BooneHigman.Metabelian.CharPCoordsAssembly (22s)
trace: .> LEAN_PATH=/projects/standard/hsiehph/sauer354/nonsofic_existence/.lake/packages/Cli/.lake/build/lib/lean:/projects/standard/hsiehph/sauer354/nonsofic_existence/.lake/packages/batteries/.lake/build/lib/lean:/projects/standard/hsiehph/sauer354/nonsofic_existence/.lake/packages/Qq/.lake/build/lib/lean:/projects/standard/hsiehph/sauer354/nonsofic_existence/.lake/packages/aesop/.lake/build/lib/lean:/projects/standard/hsiehph/sauer354/nonsofic_existence/.lake/packages/proofwidgets/.lake/build/lib/lean:/projects/standard/hsiehph/sauer354/nonsofic_existence/.lake/packages/importGraph/.lake/build/lib/lean:/projects/standard/hsiehph/sauer354/nonsofic_existence/.lake/packages/LeanSearchClient/.lake/build/lib/lean:/projects/standard/hsiehph/sauer354/nonsofic_existence/.lake/packages/plausible/.lake/build/lib/lean:/projects/standard/hsiehph/sauer354/nonsofic_existence/.lake/packages/mathlib/.lake/build/lib/lean:/projects/standard/hsiehph/sauer354/nonsofic_existence/.lake/build/lib/lean /projects/standard/hsiehph/sauer354/.elan/toolchains/leanprover--lean4---v4.32.0/bin/lean -DwarningAsError=true /projects/standard/hsiehph/sauer354/nonsofic_existence/GroupApproximation/BooneHigman/Metabelian/CharPCoordsAssembly.lean -o /projects/standard/hsiehph/sauer354/nonsofic_existence/.lake/build/lib/lean/GroupApproximation/BooneHigman/Metabelian/CharPCoordsAssembly.olean -i /projects/standard/hsiehph/sauer354/nonsofic_existence/.lake/build/lib/lean/GroupApproximation/BooneHigman/Metabelian/CharPCoordsAssembly.ilean -c /projects/standard/hsiehph/sauer354/nonsofic_existence/.lake/build/ir/GroupApproximation/BooneHigman/Metabelian/CharPCoordsAssembly.c --setup /projects/standard/hsiehph/sauer354/nonsofic_existence/.lake/build/ir/GroupApproximation/BooneHigman/Metabelian/CharPCoordsAssembly.setup.json --json
error: GroupApproximation/BooneHigman/Metabelian/CharPCoordsAssembly.lean:60:12: Unknown constant `Algebra.fg_adjoin_finset`
error: GroupApproximation/BooneHigman/Metabelian/CharPCoordsAssembly.lean:61:33: failed to synthesize instance of type class
  Field (ZMod p)

Hint: Type class instance resolution failures can be inspected with the `set_option trace.Meta.synthInstance true` command.
error: GroupApproximation/BooneHigman/Metabelian/CharPCoordsAssembly.lean:61:9: Tactic `rcases` failed: `x✝ : ?m.175` is not an inductive datatype
error: GroupApproximation/BooneHigman/Metabelian/CharPCoordsAssembly.lean:78:2: 'GroupApproximation.BooneHigman.Metabelian.CharPCoords.charPCoordinates_of_finiteDomainAway' depends on axioms outside the classical allowlist: [sorryAx]
  full closure: [propext, sorryAx, Classical.choice, Quot.sound]
  permitted: [propext, Classical.choice, Quot.sound]
error: Lean exited with code 1
✔ [3984/4293] Built GroupApproximation.Kun.KunFiniteMarkov (37s)
✔ [3986/4293] Built GroupApproximation.Matching.SlowThreshold (16s)
✔ [3987/4305] Built GroupApproximation.Criterion.LocalizedApproximation (17s)
✖ [3989/4307] Building GroupApproximation.BooneHigman.Metabelian.EnvelopeGenTorsionNakayama (19s)
trace: .> LEAN_PATH=/projects/standard/hsiehph/sauer354/nonsofic_existence/.lake/packages/Cli/.lake/build/lib/lean:/projects/standard/hsiehph/sauer354/nonsofic_existence/.lake/packages/batteries/.lake/build/lib/lean:/projects/standard/hsiehph/sauer354/nonsofic_existence/.lake/packages/Qq/.lake/build/lib/lean:/projects/standard/hsiehph/sauer354/nonsofic_existence/.lake/packages/aesop/.lake/build/lib/lean:/projects/standard/hsiehph/sauer354/nonsofic_existence/.lake/packages/proofwidgets/.lake/build/lib/lean:/projects/standard/hsiehph/sauer354/nonsofic_existence/.lake/packages/importGraph/.lake/build/lib/lean:/projects/standard/hsiehph/sauer354/nonsofic_existence/.lake/packages/LeanSearchClient/.lake/build/lib/lean:/projects/standard/hsiehph/sauer354/nonsofic_existence/.lake/packages/plausible/.lake/build/lib/lean:/projects/standard/hsiehph/sauer354/nonsofic_existence/.lake/packages/mathlib/.lake/build/lib/lean:/projects/standard/hsiehph/sauer354/nonsofic_existence/.lake/build/lib/lean /projects/standard/hsiehph/sauer354/.elan/toolchains/leanprover--lean4---v4.32.0/bin/lean -DwarningAsError=true /projects/standard/hsiehph/sauer354/nonsofic_existence/GroupApproximation/BooneHigman/Metabelian/EnvelopeGenTorsionNakayama.lean -o /projects/standard/hsiehph/sauer354/nonsofic_existence/.lake/build/lib/lean/GroupApproximation/BooneHigman/Metabelian/EnvelopeGenTorsionNakayama.olean -i /projects/standard/hsiehph/sauer354/nonsofic_existence/.lake/build/lib/lean/GroupApproximation/BooneHigman/Metabelian/EnvelopeGenTorsionNakayama.ilean -c /projects/standard/hsiehph/sauer354/nonsofic_existence/.lake/build/ir/GroupApproximation/BooneHigman/Metabelian/EnvelopeGenTorsionNakayama.c --setup /projects/standard/hsiehph/sauer354/nonsofic_existence/.lake/build/ir/GroupApproximation/BooneHigman/Metabelian/EnvelopeGenTorsionNakayama.setup.json --json
info: GroupApproximation/BooneHigman/Metabelian/EnvelopeGenTorsionNakayama.lean:52:14: 'GroupApproximation.BooneHigman.Metabelian.Envelope.gentorsion_exists_exponent' depends on axioms: [propext,
 Classical.choice,
 Quot.sound]
error: GroupApproximation/BooneHigman/Metabelian/EnvelopeGenTorsionNakayama.lean:61:8: Unknown constant `Subgroup.map_closure`
error: GroupApproximation/BooneHigman/Metabelian/EnvelopeGenTorsionNakayama.lean:60:62: unsolved goals
G : Type u_1
inst✝ : Group G
V : Subgroup G
T : Set ↥V
x : ↥V
hx : Abelianization.of x ∈ Subgroup.closure (⇑Abelianization.of '' T)
⊢ ↑x ∈ Subgroup.closure (Subtype.val '' T) ⊔ ⁅V, V⁆
error: GroupApproximation/BooneHigman/Metabelian/EnvelopeGenTorsionNakayama.lean:79:14: 'GroupApproximation.BooneHigman.Metabelian.Envelope.gentorsion_transfer' depends on axioms outside the classical allowlist: [sorryAx]
  full closure: [propext, sorryAx, Classical.choice, Quot.sound]
  permitted: [propext, Classical.choice, Quot.sound]
info: GroupApproximation/BooneHigman/Metabelian/EnvelopeGenTorsionNakayama.lean:88:14: 'GroupApproximation.BooneHigman.Metabelian.Envelope.gentorsion_mem_commutator_subtype' depends on axioms: [propext,
 Classical.choice,
 Quot.sound]
info: GroupApproximation/BooneHigman/Metabelian/EnvelopeGenTorsionNakayama.lean:99:14: 'GroupApproximation.BooneHigman.Metabelian.Envelope.gentorsion_class_eq_of_conj' depends on axioms: [propext,
 Classical.choice,
 Quot.sound]
info: GroupApproximation/BooneHigman/Metabelian/EnvelopeGenTorsionNakayama.lean:120:14: 'GroupApproximation.BooneHigman.Metabelian.Envelope.gentorsion_class_sq' depends on axioms: [propext,
 Classical.choice,
 Quot.sound]
error: Lean exited with code 1
✔ [3994/4326] Built GroupApproximation.Matching.Pinning (17s)
✔ [3995/4326] Built GroupApproximation.Matching.FiniteMedian (18s)
✔ [3996/4326] Built GroupApproximation.Covers.TableCover (23s)
✔ [3997/4326] Built GroupApproximation.Matching.Refinement (20s)
✔ [3998/4326] Built GroupApproximation.PropertyT.CharacterMass (41s)
ℹ [3999/4326] Built GroupApproximation.BooneHigman.Metabelian.PureCharPrimeEHighWittPoly (22s)
info: GroupApproximation/BooneHigman/Metabelian/PureCharPrimeEHighWittPoly.lean:46:14: 'GroupApproximation.BooneHigman.Metabelian.Coprimary.eHighWitt_hwt' depends on axioms: []
info: GroupApproximation/BooneHigman/Metabelian/PureCharPrimeEHighWittPoly.lean:51:14: 'GroupApproximation.BooneHigman.Metabelian.Coprimary.eHighWitt_hpt' depends on axioms: [propext, Quot.sound]
info: GroupApproximation/BooneHigman/Metabelian/PureCharPrimeEHighWittPoly.lean:60:14: 'GroupApproximation.BooneHigman.Metabelian.Coprimary.eHighWitt_IsWeightPoly' depends on axioms: [propext,
 Classical.choice,
 Quot.sound]
info: GroupApproximation/BooneHigman/Metabelian/PureCharPrimeEHighWittPoly.lean:67:14: 'GroupApproximation.BooneHigman.Metabelian.Coprimary.eHighWitt_evalMap' depends on axioms: [propext,
 Classical.choice,
 Quot.sound]
info: GroupApproximation/BooneHigman/Metabelian/PureCharPrimeEHighWittPoly.lean:72:14: 'GroupApproximation.BooneHigman.Metabelian.Coprimary.eHighWitt_evalMap_apply' depends on axioms: [propext,
 Classical.choice,
 Quot.sound]
info: GroupApproximation/BooneHigman/Metabelian/PureCharPrimeEHighWittPoly.lean:79:14: 'GroupApproximation.BooneHigman.Metabelian.Coprimary.eHighWitt_polySpace' depends on axioms: [propext,
 Classical.choice,
 Quot.sound]
info: GroupApproximation/BooneHigman/Metabelian/PureCharPrimeEHighWittPoly.lean:85:14: 'GroupApproximation.BooneHigman.Metabelian.Coprimary.eHighWitt_isWH_of_eq' depends on axioms: [propext,
 Classical.choice,
 Quot.sound]
info: GroupApproximation/BooneHigman/Metabelian/PureCharPrimeEHighWittPoly.lean:98:14: 'GroupApproximation.BooneHigman.Metabelian.Coprimary.eHighWitt_isWH_X_pow' depends on axioms: [propext,
 Classical.choice,
 Quot.sound]
info: GroupApproximation/BooneHigman/Metabelian/PureCharPrimeEHighWittPoly.lean:113:14: 'GroupApproximation.BooneHigman.Metabelian.Coprimary.eHighWitt_isWH_bind₁' depends on axioms: [propext,
 Classical.choice,
 Quot.sound]
✔ [4000/4326] Built GroupApproximation.BooneHigman.SteinbergBasic.Kernel (23s)
✖ [4001/4326] Building GroupApproximation.BooneHigman.Metabelian.EnvelopeFiniteIndexAbel (26s)
trace: .> LEAN_PATH=/projects/standard/hsiehph/sauer354/nonsofic_existence/.lake/packages/Cli/.lake/build/lib/lean:/projects/standard/hsiehph/sauer354/nonsofic_existence/.lake/packages/batteries/.lake/build/lib/lean:/projects/standard/hsiehph/sauer354/nonsofic_existence/.lake/packages/Qq/.lake/build/lib/lean:/projects/standard/hsiehph/sauer354/nonsofic_existence/.lake/packages/aesop/.lake/build/lib/lean:/projects/standard/hsiehph/sauer354/nonsofic_existence/.lake/packages/proofwidgets/.lake/build/lib/lean:/projects/standard/hsiehph/sauer354/nonsofic_existence/.lake/packages/importGraph/.lake/build/lib/lean:/projects/standard/hsiehph/sauer354/nonsofic_existence/.lake/packages/LeanSearchClient/.lake/build/lib/lean:/projects/standard/hsiehph/sauer354/nonsofic_existence/.lake/packages/plausible/.lake/build/lib/lean:/projects/standard/hsiehph/sauer354/nonsofic_existence/.lake/packages/mathlib/.lake/build/lib/lean:/projects/standard/hsiehph/sauer354/nonsofic_existence/.lake/build/lib/lean /projects/standard/hsiehph/sauer354/.elan/toolchains/leanprover--lean4---v4.32.0/bin/lean -DwarningAsError=true /projects/standard/hsiehph/sauer354/nonsofic_existence/GroupApproximation/BooneHigman/Metabelian/EnvelopeFiniteIndexAbel.lean -o /projects/standard/hsiehph/sauer354/nonsofic_existence/.lake/build/lib/lean/GroupApproximation/BooneHigman/Metabelian/EnvelopeFiniteIndexAbel.olean -i /projects/standard/hsiehph/sauer354/nonsofic_existence/.lake/build/lib/lean/GroupApproximation/BooneHigman/Metabelian/EnvelopeFiniteIndexAbel.ilean -c /projects/standard/hsiehph/sauer354/nonsofic_existence/.lake/build/ir/GroupApproximation/BooneHigman/Metabelian/EnvelopeFiniteIndexAbel.c --setup /projects/standard/hsiehph/sauer354/nonsofic_existence/.lake/build/ir/GroupApproximation/BooneHigman/Metabelian/EnvelopeFiniteIndexAbel.setup.json --json
error: GroupApproximation/BooneHigman/Metabelian/EnvelopeFiniteIndexAbel.lean:34:26: Unknown constant `Subgroup.map_closure`
error: GroupApproximation/BooneHigman/Metabelian/EnvelopeFiniteIndexAbel.lean:36:4: Unknown constant `Subgroup.closure_le.mpr`
error: GroupApproximation/BooneHigman/Metabelian/EnvelopeFiniteIndexAbel.lean:47:14: 'GroupApproximation.BooneHigman.Metabelian.Envelope.closure_sup_commutator_eq_top' depends on axioms outside the classical allowlist: [sorryAx]
  full closure: [propext, sorryAx, Classical.choice, Quot.sound]
  permitted: [propext, Classical.choice, Quot.sound]
error: GroupApproximation/BooneHigman/Metabelian/EnvelopeFiniteIndexAbel.lean:56:42: Unknown constant `Subgroup.map_closure`
error: GroupApproximation/BooneHigman/Metabelian/EnvelopeFiniteIndexAbel.lean:50:81: unsolved goals
G : Type u_1
inst✝ : Group G
V : Subgroup G
T : Set ↥V
htop : Subgroup.closure T ⊔ commutator ↥V = ⊤
hsurj : Function.Surjective ⇑Abelianization.of
hbot : Subgroup.map Abelianization.of (commutator ↥V) = ⊥
h1 : Subgroup.map Abelianization.of (Subgroup.closure T) = Subgroup.map Abelianization.of ⊤
⊢ Subgroup.closure (⇑Abelianization.of '' T) = ⊤
error: GroupApproximation/BooneHigman/Metabelian/EnvelopeFiniteIndexAbel.lean:60:14: 'GroupApproximation.BooneHigman.Metabelian.Envelope.closure_image_of_eq_top' depends on axioms outside the classical allowlist: [sorryAx]
  full closure: [propext, sorryAx, Classical.choice, Quot.sound]
  permitted: [propext, Classical.choice, Quot.sound]
error: GroupApproximation/BooneHigman/Metabelian/EnvelopeFiniteIndexAbel.lean:68:11: Unknown constant `Subgroup.closure_le.mpr`
error: GroupApproximation/BooneHigman/Metabelian/EnvelopeFiniteIndexAbel.lean:69:4: No goals to be solved
error: GroupApproximation/BooneHigman/Metabelian/EnvelopeFiniteIndexAbel.lean:81:14: 'GroupApproximation.BooneHigman.Metabelian.Envelope.isTorsion_abelianization' depends on axioms outside the classical allowlist: [sorryAx]
  full closure: [propext, sorryAx, Classical.choice, Quot.sound]
  permitted: [propext, Classical.choice, Quot.sound]
error: GroupApproximation/BooneHigman/Metabelian/EnvelopeFiniteIndexAbel.lean:96:14: 'GroupApproximation.BooneHigman.Metabelian.Envelope.commutator_finiteIndex_of_gens' depends on axioms outside the classical allowlist: [sorryAx]
  full closure: [propext, sorryAx, Classical.choice, Quot.sound]
  permitted: [propext, Classical.choice, Quot.sound]
error: Lean exited with code 1
ℹ [4002/4326] Built GroupApproximation.BooneHigman.Metabelian.PureCharPrimeEHighWittTransport (21s)
info: GroupApproximation/BooneHigman/Metabelian/PureCharPrimeEHighWittTransport.lean:55:14: 'GroupApproximation.BooneHigman.Metabelian.Coprimary.eHighWitt_transport' depends on axioms: [propext,
 Classical.choice,
 Quot.sound]
✔ [4003/4326] Built GroupApproximation.Steinberg.KervaireSteinberg (24s)
✔ [4004/4326] Built GroupApproximation.Steinberg.QuotientExactness (24s)
ℹ [4005/4326] Built GroupApproximation.BooneHigman.Metabelian.PureCharPrimeEHighWittModRedFin (23s)
info: GroupApproximation/BooneHigman/Metabelian/PureCharPrimeEHighWittModRedFin.lean:67:14: 'GroupApproximation.BooneHigman.Metabelian.Coprimary.eHighWittModRed_finite' depends on axioms: [propext,
 Classical.choice,
 Quot.sound]
✔ [4006/4326] Built GroupApproximation.Leavitt.UniversalCompressionSetup (26s)
ℹ [4007/4326] Built GroupApproximation.BooneHigman.Metabelian.PureCharPrimeEHighETwoUnits (23s)
info: GroupApproximation/BooneHigman/Metabelian/PureCharPrimeEHighETwoUnits.lean:48:14: 'GroupApproximation.BooneHigman.Metabelian.Coprimary.eHighETwo_autEnd' depends on axioms: [propext, Quot.sound]
info: GroupApproximation/BooneHigman/Metabelian/PureCharPrimeEHighETwoUnits.lean:57:14: 'GroupApproximation.BooneHigman.Metabelian.Coprimary.eHighETwo_lmul_comp' depends on axioms: [propext, Quot.sound]
info: GroupApproximation/BooneHigman/Metabelian/PureCharPrimeEHighETwoUnits.lean:90:14: 'GroupApproximation.BooneHigman.Metabelian.Coprimary.eHighETwo_exists_gl_of_units' depends on axioms: [propext,
 Classical.choice,
 Quot.sound]
✔ [4008/4326] Built GroupApproximation.Leavitt.DiagonalClassGroup (23s)
✖ [4009/4326] Building GroupApproximation.BooneHigman.Metabelian.PureCharPrimeEHighWittECoeff (25s)
trace: .> LEAN_PATH=/projects/standard/hsiehph/sauer354/nonsofic_existence/.lake/packages/Cli/.lake/build/lib/lean:/projects/standard/hsiehph/sauer354/nonsofic_existence/.lake/packages/batteries/.lake/build/lib/lean:/projects/standard/hsiehph/sauer354/nonsofic_existence/.lake/packages/Qq/.lake/build/lib/lean:/projects/standard/hsiehph/sauer354/nonsofic_existence/.lake/packages/aesop/.lake/build/lib/lean:/projects/standard/hsiehph/sauer354/nonsofic_existence/.lake/packages/proofwidgets/.lake/build/lib/lean:/projects/standard/hsiehph/sauer354/nonsofic_existence/.lake/packages/importGraph/.lake/build/lib/lean:/projects/standard/hsiehph/sauer354/nonsofic_existence/.lake/packages/LeanSearchClient/.lake/build/lib/lean:/projects/standard/hsiehph/sauer354/nonsofic_existence/.lake/packages/plausible/.lake/build/lib/lean:/projects/standard/hsiehph/sauer354/nonsofic_existence/.lake/packages/mathlib/.lake/build/lib/lean:/projects/standard/hsiehph/sauer354/nonsofic_existence/.lake/build/lib/lean /projects/standard/hsiehph/sauer354/.elan/toolchains/leanprover--lean4---v4.32.0/bin/lean -DwarningAsError=true /projects/standard/hsiehph/sauer354/nonsofic_existence/GroupApproximation/BooneHigman/Metabelian/PureCharPrimeEHighWittECoeff.lean -o /projects/standard/hsiehph/sauer354/nonsofic_existence/.lake/build/lib/lean/GroupApproximation/BooneHigman/Metabelian/PureCharPrimeEHighWittECoeff.olean -i /projects/standard/hsiehph/sauer354/nonsofic_existence/.lake/build/lib/lean/GroupApproximation/BooneHigman/Metabelian/PureCharPrimeEHighWittECoeff.ilean -c /projects/standard/hsiehph/sauer354/nonsofic_existence/.lake/build/ir/GroupApproximation/BooneHigman/Metabelian/PureCharPrimeEHighWittECoeff.c --setup /projects/standard/hsiehph/sauer354/nonsofic_existence/.lake/build/ir/GroupApproximation/BooneHigman/Metabelian/PureCharPrimeEHighWittECoeff.setup.json --json
error: GroupApproximation/BooneHigman/Metabelian/PureCharPrimeEHighWittECoeff.lean:26:0: automatically included section variable(s) unused in theorem `GroupApproximation.BooneHigman.Metabelian.Coprimary.eHighWittE_init_coeff_lt`:
  [Fact (Nat.Prime p)]
consider restructuring your `variable` declarations so that the variables are not in scope or explicitly omit them:
  omit [Fact (Nat.Prime p)] in theorem ...

Note: This linter can be disabled with `set_option linter.unusedSectionVars false`
info: GroupApproximation/BooneHigman/Metabelian/PureCharPrimeEHighWittECoeff.lean:31:14: 'GroupApproximation.BooneHigman.Metabelian.Coprimary.eHighWittE_init_coeff_lt' depends on axioms: [propext,
 Classical.choice,
 Quot.sound]
error: GroupApproximation/BooneHigman/Metabelian/PureCharPrimeEHighWittECoeff.lean:33:0: automatically included section variable(s) unused in theorem `GroupApproximation.BooneHigman.Metabelian.Coprimary.eHighWittE_init_coeff_ge`:
  [Fact (Nat.Prime p)]
consider restructuring your `variable` declarations so that the variables are not in scope or explicitly omit them:
  omit [Fact (Nat.Prime p)] in theorem ...

Note: This linter can be disabled with `set_option linter.unusedSectionVars false`
info: GroupApproximation/BooneHigman/Metabelian/PureCharPrimeEHighWittECoeff.lean:38:14: 'GroupApproximation.BooneHigman.Metabelian.Coprimary.eHighWittE_init_coeff_ge' depends on axioms: [propext,
 Classical.choice,
 Quot.sound]
error: GroupApproximation/BooneHigman/Metabelian/PureCharPrimeEHighWittECoeff.lean:40:0: automatically included section variable(s) unused in theorem `GroupApproximation.BooneHigman.Metabelian.Coprimary.eHighWittE_tail_coeff_lt`:
  [Fact (Nat.Prime p)]
consider restructuring your `variable` declarations so that the variables are not in scope or explicitly omit them:
  omit [Fact (Nat.Prime p)] in theorem ...

Note: This linter can be disabled with `set_option linter.unusedSectionVars false`
info: GroupApproximation/BooneHigman/Metabelian/PureCharPrimeEHighWittECoeff.lean:45:14: 'GroupApproximation.BooneHigman.Metabelian.Coprimary.eHighWittE_tail_coeff_lt' depends on axioms: [propext,
 Classical.choice,
 Quot.sound]
error: GroupApproximation/BooneHigman/Metabelian/PureCharPrimeEHighWittECoeff.lean:47:0: automatically included section variable(s) unused in theorem `GroupApproximation.BooneHigman.Metabelian.Coprimary.eHighWittE_tail_coeff_ge`:
  [Fact (Nat.Prime p)]
consider restructuring your `variable` declarations so that the variables are not in scope or explicitly omit them:
  omit [Fact (Nat.Prime p)] in theorem ...

Note: This linter can be disabled with `set_option linter.unusedSectionVars false`
info: GroupApproximation/BooneHigman/Metabelian/PureCharPrimeEHighWittECoeff.lean:52:14: 'GroupApproximation.BooneHigman.Metabelian.Coprimary.eHighWittE_tail_coeff_ge' depends on axioms: [propext,
 Classical.choice,
 Quot.sound]
info: GroupApproximation/BooneHigman/Metabelian/PureCharPrimeEHighWittECoeff.lean:61:14: 'GroupApproximation.BooneHigman.Metabelian.Coprimary.eHighWittE_decomp' depends on axioms: [propext,
 Classical.choice,
 Quot.sound]
info: GroupApproximation/BooneHigman/Metabelian/PureCharPrimeEHighWittECoeff.lean:67:14: 'GroupApproximation.BooneHigman.Metabelian.Coprimary.eHighWittE_shift_coeff_zero' depends on axioms: [propext,
 Classical.choice,
 Quot.sound]
info: GroupApproximation/BooneHigman/Metabelian/PureCharPrimeEHighWittECoeff.lean:91:14: 'GroupApproximation.BooneHigman.Metabelian.Coprimary.eHighWittE_coeff_add_V' depends on axioms: [propext,
 Classical.choice,
 Quot.sound]
info: GroupApproximation/BooneHigman/Metabelian/PureCharPrimeEHighWittECoeff.lean:106:14: 'GroupApproximation.BooneHigman.Metabelian.Coprimary.eHighWittE_coeff_add' depends on axioms: [propext,
 Classical.choice,
 Quot.sound]
info: GroupApproximation/BooneHigman/Metabelian/PureCharPrimeEHighWittECoeff.lean:118:14: 'GroupApproximation.BooneHigman.Metabelian.Coprimary.eHighWittE_coeff_mul' depends on axioms: [propext,
 Classical.choice,
 Quot.sound]
error: Lean exited with code 1
ℹ [4011/4326] Built GroupApproximation.BooneHigman.Metabelian.PureCharPrimeEHighWittEChain (25s)
info: GroupApproximation/BooneHigman/Metabelian/PureCharPrimeEHighWittEChain.lean:44:14: 'GroupApproximation.BooneHigman.Metabelian.Coprimary.eHighWittE_IsChain' depends on axioms: []
info: GroupApproximation/BooneHigman/Metabelian/PureCharPrimeEHighWittEChain.lean:69:14: 'GroupApproximation.BooneHigman.Metabelian.Coprimary.eHighWittE_val' depends on axioms: [propext,
 Classical.choice,
 Quot.sound]
info: GroupApproximation/BooneHigman/Metabelian/PureCharPrimeEHighWittEChain.lean:86:14: 'GroupApproximation.BooneHigman.Metabelian.Coprimary.eHighWittE_ann' depends on axioms: [propext,
 Classical.choice,
 Quot.sound]
info: GroupApproximation/BooneHigman/Metabelian/PureCharPrimeEHighWittEChain.lean:107:14: 'GroupApproximation.BooneHigman.Metabelian.Coprimary.eHighWittE_ideal' depends on axioms: [propext,
 Classical.choice,
 Quot.sound]
info: GroupApproximation/BooneHigman/Metabelian/PureCharPrimeEHighWittEChain.lean:127:14: 'GroupApproximation.BooneHigman.Metabelian.Coprimary.eHighWittE_baer' depends on axioms: [propext,
 Classical.choice,
 Quot.sound]
info: GroupApproximation/BooneHigman/Metabelian/PureCharPrimeEHighWittEChain.lean:133:14: 'GroupApproximation.BooneHigman.Metabelian.Coprimary.eHighWittE_selfInj' depends on axioms: [propext,
 Classical.choice,
 Quot.sound]
info: GroupApproximation/BooneHigman/Metabelian/PureCharPrimeEHighWittEChain.lean:159:14: 'GroupApproximation.BooneHigman.Metabelian.Coprimary.eHighWittE_exists_ne_zero' depends on axioms: [propext,
 Classical.choice,
 Quot.sound]
info: GroupApproximation/BooneHigman/Metabelian/PureCharPrimeEHighWittEChain.lean:188:14: 'GroupApproximation.BooneHigman.Metabelian.Coprimary.eHighWittE_embed_of_artinian' depends on axioms: [propext,
 Classical.choice,
 Quot.sound]
info: GroupApproximation/BooneHigman/Metabelian/PureCharPrimeEHighWittEChain.lean:206:14: 'GroupApproximation.BooneHigman.Metabelian.Coprimary.eHighWittE_isArtinianRing' depends on axioms: [propext,
 Classical.choice,
 Quot.sound]
ℹ [4012/4326] Built GroupApproximation.Manuscript.SimpleKazhdanSofic.SkRows.SteinbergWeyl.Conjugation (24s)
info: GroupApproximation/Manuscript/SimpleKazhdanSofic/SkRows/SteinbergWeyl/Conjugation.lean:121:14: 'GroupApproximation.SimpleKazhdanSofic.SkRows.SteinbergWeyl.w_conj_x_row_i' depends on axioms: [propext,
 Classical.choice,
 Quot.sound]
info: GroupApproximation/Manuscript/SimpleKazhdanSofic/SkRows/SteinbergWeyl/Conjugation.lean:122:14: 'GroupApproximation.SimpleKazhdanSofic.SkRows.SteinbergWeyl.w_conj_x_row_j' depends on axioms: [propext,
 Classical.choice,
 Quot.sound]
info: GroupApproximation/Manuscript/SimpleKazhdanSofic/SkRows/SteinbergWeyl/Conjugation.lean:123:14: 'GroupApproximation.SimpleKazhdanSofic.SkRows.SteinbergWeyl.w_conj_x_col_i' depends on axioms: [propext,
 Classical.choice,
 Quot.sound]
info: GroupApproximation/Manuscript/SimpleKazhdanSofic/SkRows/SteinbergWeyl/Conjugation.lean:124:14: 'GroupApproximation.SimpleKazhdanSofic.SkRows.SteinbergWeyl.w_conj_x_col_j' depends on axioms: [propext,
 Classical.choice,
 Quot.sound]
info: GroupApproximation/Manuscript/SimpleKazhdanSofic/SkRows/SteinbergWeyl/Conjugation.lean:125:14: 'GroupApproximation.SimpleKazhdanSofic.SkRows.SteinbergWeyl.w_conj_x_disjoint' depends on axioms: [propext,
 Classical.choice,
 Quot.sound]
ℹ [4013/4326] Built GroupApproximation.Manuscript.SimpleKazhdanSofic.SkRows.SteinbergWeyl.Projection (24s)
info: GroupApproximation/Manuscript/SimpleKazhdanSofic/SkRows/SteinbergWeyl/Projection.lean:59:14: 'GroupApproximation.SimpleKazhdanSofic.SkRows.SteinbergWeyl.projection_x_val' depends on axioms: [propext,
 Classical.choice,
 Quot.sound]
info: GroupApproximation/Manuscript/SimpleKazhdanSofic/SkRows/SteinbergWeyl/Projection.lean:60:14: 'GroupApproximation.SimpleKazhdanSofic.SkRows.SteinbergWeyl.w_projection_val' depends on axioms: [propext,
 Classical.choice,
 Quot.sound]
ℹ [4014/4326] Built GroupApproximation.BooneHigman.Metabelian.EnvelopeHigmanVGenStep (17s)
info: GroupApproximation/BooneHigman/Metabelian/EnvelopeHigmanVGenStep.lean:28:14: 'GroupApproximation.BooneHigman.Metabelian.Envelope.VGenSwapIn' depends on axioms: [propext,
 Classical.choice,
 Quot.sound]
info: GroupApproximation/BooneHigman/Metabelian/EnvelopeHigmanVGenStep.lean:44:14: 'GroupApproximation.BooneHigman.Metabelian.Envelope.vgen_shorten_left' depends on axioms: [propext,
 Classical.choice,
 Quot.sound]
info: GroupApproximation/BooneHigman/Metabelian/EnvelopeHigmanVGenStep.lean:60:14: 'GroupApproximation.BooneHigman.Metabelian.Envelope.vgen_shorten_right' depends on axioms: [propext,
 Classical.choice,
 Quot.sound]
info: GroupApproximation/BooneHigman/Metabelian/EnvelopeHigmanVGenStep.lean:75:14: 'GroupApproximation.BooneHigman.Metabelian.Envelope.vgen_shorten_both' depends on axioms: [propext,
 Classical.choice,
 Quot.sound]
ℹ [4015/4326] Built GroupApproximation.Manuscript.SimpleKazhdanSofic.LeavittK2.Weyl.Conjugation (25s)
info: GroupApproximation/Manuscript/SimpleKazhdanSofic/LeavittK2/Weyl/Conjugation.lean:38:14: 'GroupApproximation.Manuscript.SimpleKazhdanSofic.LeavittK2.weyl_conj_disjoint' depends on axioms: [propext,
 Classical.choice,
 Quot.sound]
info: GroupApproximation/Manuscript/SimpleKazhdanSofic/LeavittK2/Weyl/Conjugation.lean:60:14: 'GroupApproximation.Manuscript.SimpleKazhdanSofic.LeavittK2.weyl_conj_row_left' depends on axioms: [propext,
 Classical.choice,
 Quot.sound]
info: GroupApproximation/Manuscript/SimpleKazhdanSofic/LeavittK2/Weyl/Conjugation.lean:85:14: 'GroupApproximation.Manuscript.SimpleKazhdanSofic.LeavittK2.weyl_conj_row_right' depends on axioms: [propext,
 Classical.choice,
 Quot.sound]
info: GroupApproximation/Manuscript/SimpleKazhdanSofic/LeavittK2/Weyl/Conjugation.lean:110:14: 'GroupApproximation.Manuscript.SimpleKazhdanSofic.LeavittK2.weyl_conj_col_left' depends on axioms: [propext,
 Classical.choice,
 Quot.sound]
info: GroupApproximation/Manuscript/SimpleKazhdanSofic/LeavittK2/Weyl/Conjugation.lean:132:14: 'GroupApproximation.Manuscript.SimpleKazhdanSofic.LeavittK2.weyl_conj_col_right' depends on axioms: [propext,
 Classical.choice,
 Quot.sound]
ℹ [4016/4326] Built GroupApproximation.BooneHigman.Metabelian.EnvelopeVPerfectChain (17s)
info: GroupApproximation/BooneHigman/Metabelian/EnvelopeVPerfectChain.lean:26:14: 'GroupApproximation.BooneHigman.Metabelian.Envelope.vPerfect_inc_cross' depends on axioms: [propext]
info: GroupApproximation/BooneHigman/Metabelian/EnvelopeVPerfectChain.lean:33:14: 'GroupApproximation.BooneHigman.Metabelian.Envelope.vPerfect_inc_letter' depends on axioms: [propext, Quot.sound]
info: GroupApproximation/BooneHigman/Metabelian/EnvelopeVPerfectChain.lean:40:14: 'GroupApproximation.BooneHigman.Metabelian.Envelope.vPerfect_not_isStreamPrefix' depends on axioms: [propext,
 Classical.choice,
 Quot.sound]
info: GroupApproximation/BooneHigman/Metabelian/EnvelopeVPerfectChain.lean:51:14: 'GroupApproximation.BooneHigman.Metabelian.Envelope.vPerfect_prepend_head' depends on axioms: [propext, Quot.sound]
info: GroupApproximation/BooneHigman/Metabelian/EnvelopeVPerfectChain.lean:61:14: 'GroupApproximation.BooneHigman.Metabelian.Envelope.vPerfectChild' depends on axioms: [propext,
 Classical.choice,
 Quot.sound]
info: GroupApproximation/BooneHigman/Metabelian/EnvelopeVPerfectChain.lean:69:14: 'GroupApproximation.BooneHigman.Metabelian.Envelope.vPerfectChain' depends on axioms: [propext,
 Classical.choice,
 Quot.sound]
info: GroupApproximation/BooneHigman/Metabelian/EnvelopeVPerfectChain.lean:74:14: 'GroupApproximation.BooneHigman.Metabelian.Envelope.vPerfectChain_nil' depends on axioms: [propext,
 Classical.choice,
 Quot.sound]
info: GroupApproximation/BooneHigman/Metabelian/EnvelopeVPerfectChain.lean:79:14: 'GroupApproximation.BooneHigman.Metabelian.Envelope.vPerfectChain_cons' depends on axioms: [propext,
 Classical.choice,
 Quot.sound]
info: GroupApproximation/BooneHigman/Metabelian/EnvelopeVPerfectChain.lean:87:14: 'GroupApproximation.BooneHigman.Metabelian.Envelope.vPerfectChain_cons_coe' depends on axioms: [propext,
 Classical.choice,
 Quot.sound]
info: GroupApproximation/BooneHigman/Metabelian/EnvelopeVPerfectChain.lean:100:14: 'GroupApproximation.BooneHigman.Metabelian.Envelope.vPerfectChain_fix' depends on axioms: [propext,
 Classical.choice,
 Quot.sound]
info: GroupApproximation/BooneHigman/Metabelian/EnvelopeVPerfectChain.lean:114:14: 'GroupApproximation.BooneHigman.Metabelian.Envelope.vPerfectChain_fix_left' depends on axioms: [propext,
 Classical.choice,
 Quot.sound]
info: GroupApproximation/BooneHigman/Metabelian/EnvelopeVPerfectChain.lean:128:14: 'GroupApproximation.BooneHigman.Metabelian.Envelope.vPerfectChain_fix_right' depends on axioms: [propext,
 Classical.choice,
 Quot.sound]
ℹ [4018/4326] Built GroupApproximation.BooneHigman.Metabelian.ChainHost (25s)
info: GroupApproximation/BooneHigman/Metabelian/ChainHost.lean:47:14: 'GroupApproximation.BooneHigman.Metabelian.Chain.affineAction' depends on axioms: [propext,
 Classical.choice,
 Quot.sound]
info: GroupApproximation/BooneHigman/Metabelian/ChainHost.lean:53:14: 'GroupApproximation.BooneHigman.Metabelian.Chain.AffineElementaryGroup' depends on axioms: [propext,
 Classical.choice,
 Quot.sound]
info: GroupApproximation/BooneHigman/Metabelian/ChainHost.lean:63:14: 'GroupApproximation.BooneHigman.Metabelian.Chain.AffineExtensionFPStatement' depends on axioms: [propext,
 Classical.choice,
 Quot.sound]
info: GroupApproximation/BooneHigman/Metabelian/ChainHost.lean:79:2: 'GroupApproximation.BooneHigman.Metabelian.Chain.embedsInFPSelfSimilarGroup_of_affineHost' depends on axioms: [propext,
 Classical.choice,
 Quot.sound]
info: GroupApproximation/BooneHigman/Metabelian/ChainHost.lean:88:14: 'GroupApproximation.BooneHigman.Metabelian.Chain.finiteType_int_transfer' depends on axioms: [propext,
 Classical.choice,
 Quot.sound]
info: GroupApproximation/BooneHigman/Metabelian/ChainHost.lean:96:14: 'GroupApproximation.BooneHigman.Metabelian.Chain.finiteType_int_of_surjective' depends on axioms: [propext,
 Classical.choice,
 Quot.sound]
ℹ [4022/4326] Built GroupApproximation.BooneHigman.Metabelian.EnvelopeHigmanVSwapGenCount (19s)
info: GroupApproximation/BooneHigman/Metabelian/EnvelopeHigmanVSwapGenCount.lean:32:14: 'GroupApproximation.BooneHigman.Metabelian.Envelope.swapGen_getElem_eq' depends on axioms: []
info: GroupApproximation/BooneHigman/Metabelian/EnvelopeHigmanVSwapGenCount.lean:43:14: 'GroupApproximation.BooneHigman.Metabelian.Envelope.swapGen_exists_source' depends on axioms: [propext, Quot.sound]
info: GroupApproximation/BooneHigman/Metabelian/EnvelopeHigmanVSwapGenCount.lean:57:14: 'GroupApproximation.BooneHigman.Metabelian.Envelope.swapGen_take_eq_of_prepend_eq' depends on axioms: [propext,
 Quot.sound]
info: GroupApproximation/BooneHigman/Metabelian/EnvelopeHigmanVSwapGenCount.lean:70:14: 'GroupApproximation.BooneHigman.Metabelian.Envelope.swapGen_source_eq_of_prefix' depends on axioms: [propext,
 Quot.sound]
info: GroupApproximation/BooneHigman/Metabelian/EnvelopeHigmanVSwapGenCount.lean:131:14: 'GroupApproximation.BooneHigman.Metabelian.Envelope.swapGen_length_eq_of_le' depends on axioms: [propext,
 Classical.choice,
 Quot.sound]
info: GroupApproximation/BooneHigman/Metabelian/EnvelopeHigmanVSwapGenCount.lean:149:14: 'GroupApproximation.BooneHigman.Metabelian.Envelope.swapGen_inv_ge' depends on axioms: [propext, Quot.sound]
✖ [4023/4326] Building GroupApproximation.BooneHigman.Metabelian.PureCharPrimeEHighCoprimaryFp (23s)
trace: .> LEAN_PATH=/projects/standard/hsiehph/sauer354/nonsofic_existence/.lake/packages/Cli/.lake/build/lib/lean:/projects/standard/hsiehph/sauer354/nonsofic_existence/.lake/packages/batteries/.lake/build/lib/lean:/projects/standard/hsiehph/sauer354/nonsofic_existence/.lake/packages/Qq/.lake/build/lib/lean:/projects/standard/hsiehph/sauer354/nonsofic_existence/.lake/packages/aesop/.lake/build/lib/lean:/projects/standard/hsiehph/sauer354/nonsofic_existence/.lake/packages/proofwidgets/.lake/build/lib/lean:/projects/standard/hsiehph/sauer354/nonsofic_existence/.lake/packages/importGraph/.lake/build/lib/lean:/projects/standard/hsiehph/sauer354/nonsofic_existence/.lake/packages/LeanSearchClient/.lake/build/lib/lean:/projects/standard/hsiehph/sauer354/nonsofic_existence/.lake/packages/plausible/.lake/build/lib/lean:/projects/standard/hsiehph/sauer354/nonsofic_existence/.lake/packages/mathlib/.lake/build/lib/lean:/projects/standard/hsiehph/sauer354/nonsofic_existence/.lake/build/lib/lean /projects/standard/hsiehph/sauer354/.elan/toolchains/leanprover--lean4---v4.32.0/bin/lean -DwarningAsError=true /projects/standard/hsiehph/sauer354/nonsofic_existence/GroupApproximation/BooneHigman/Metabelian/PureCharPrimeEHighCoprimaryFp.lean -o /projects/standard/hsiehph/sauer354/nonsofic_existence/.lake/build/lib/lean/GroupApproximation/BooneHigman/Metabelian/PureCharPrimeEHighCoprimaryFp.olean -i /projects/standard/hsiehph/sauer354/nonsofic_existence/.lake/build/lib/lean/GroupApproximation/BooneHigman/Metabelian/PureCharPrimeEHighCoprimaryFp.ilean -c /projects/standard/hsiehph/sauer354/nonsofic_existence/.lake/build/ir/GroupApproximation/BooneHigman/Metabelian/PureCharPrimeEHighCoprimaryFp.c --setup /projects/standard/hsiehph/sauer354/nonsofic_existence/.lake/build/ir/GroupApproximation/BooneHigman/Metabelian/PureCharPrimeEHighCoprimaryFp.setup.json --json
error: GroupApproximation/BooneHigman/Metabelian/PureCharPrimeEHighCoprimaryFp.lean:32:4: failed to compile definition, consider marking it as 'noncomputable' because it depends on 'MonoidAlgebra.semiring', which is 'noncomputable'
info: GroupApproximation/BooneHigman/Metabelian/PureCharPrimeEHighCoprimaryFp.lean:37:14: 'GroupApproximation.BooneHigman.Metabelian.Coprimary.eHighCoprimaryEnd' depends on axioms: [propext,
 Classical.choice,
 Quot.sound]
info: GroupApproximation/BooneHigman/Metabelian/PureCharPrimeEHighCoprimaryFp.lean:43:14: 'GroupApproximation.BooneHigman.Metabelian.Coprimary.eHighCoprimaryEnd_apply' depends on axioms: [propext,
 Classical.choice,
 Quot.sound]
info: GroupApproximation/BooneHigman/Metabelian/PureCharPrimeEHighCoprimaryFp.lean:59:14: 'GroupApproximation.BooneHigman.Metabelian.Coprimary.eHighCoprimaryRep' depends on axioms: [propext,
 Classical.choice,
 Quot.sound]
info: GroupApproximation/BooneHigman/Metabelian/PureCharPrimeEHighCoprimaryFp.lean:67:14: 'GroupApproximation.BooneHigman.Metabelian.Coprimary.eHighCoprimaryAlgHom' depends on axioms: [propext,
 Classical.choice,
 Quot.sound]
info: GroupApproximation/BooneHigman/Metabelian/PureCharPrimeEHighCoprimaryFp.lean:74:14: 'GroupApproximation.BooneHigman.Metabelian.Coprimary.eHighCoprimaryAlgHom_of' depends on axioms: [propext,
 Classical.choice,
 Quot.sound]
info: GroupApproximation/BooneHigman/Metabelian/PureCharPrimeEHighCoprimaryFp.lean:81:14: 'GroupApproximation.BooneHigman.Metabelian.Coprimary.eHighCoprimaryFpModule' depends on axioms: [propext,
 Classical.choice,
 Quot.sound]
info: GroupApproximation/BooneHigman/Metabelian/PureCharPrimeEHighCoprimaryFp.lean:135:14: 'GroupApproximation.BooneHigman.Metabelian.Coprimary.eHighCoprimaryFp_finite' depends on axioms: [propext,
 Classical.choice,
 Quot.sound]
error: Lean exited with code 1
ℹ [4024/4326] Built GroupApproximation.BooneHigman.Metabelian.PureCharPrimeEHighCoprimaryTrans (26s)
info: GroupApproximation/BooneHigman/Metabelian/PureCharPrimeEHighCoprimaryTrans.lean:32:14: 'GroupApproximation.BooneHigman.Metabelian.Coprimary.eHighCoprimaryTrans' depends on axioms: [propext, Quot.sound]
info: GroupApproximation/BooneHigman/Metabelian/PureCharPrimeEHighCoprimaryTrans.lean:38:14: 'GroupApproximation.BooneHigman.Metabelian.Coprimary.eHighCoprimaryTrans_zero' depends on axioms: [propext, Quot.sound]
info: GroupApproximation/BooneHigman/Metabelian/PureCharPrimeEHighCoprimaryTrans.lean:47:14: 'GroupApproximation.BooneHigman.Metabelian.Coprimary.eHighCoprimaryTrans_add' depends on axioms: [propext,
 Classical.choice,
 Quot.sound]
info: GroupApproximation/BooneHigman/Metabelian/PureCharPrimeEHighCoprimaryTrans.lean:54:14: 'GroupApproximation.BooneHigman.Metabelian.Coprimary.eHighCoprimaryDiag' depends on axioms: [propext, Quot.sound]
info: GroupApproximation/BooneHigman/Metabelian/PureCharPrimeEHighCoprimaryTrans.lean:60:14: 'GroupApproximation.BooneHigman.Metabelian.Coprimary.eHighCoprimaryDiag_one' depends on axioms: [propext, Quot.sound]
info: GroupApproximation/BooneHigman/Metabelian/PureCharPrimeEHighCoprimaryTrans.lean:68:14: 'GroupApproximation.BooneHigman.Metabelian.Coprimary.eHighCoprimaryDiag_mul' depends on axioms: [propext,
 Classical.choice,
 Quot.sound]
info: GroupApproximation/BooneHigman/Metabelian/PureCharPrimeEHighCoprimaryTrans.lean:77:14: 'GroupApproximation.BooneHigman.Metabelian.Coprimary.eHighCoprimaryTrans_mul_diag' depends on axioms: [propext,
 Classical.choice,
 Quot.sound]
info: GroupApproximation/BooneHigman/Metabelian/PureCharPrimeEHighCoprimaryTrans.lean:92:14: 'GroupApproximation.BooneHigman.Metabelian.Coprimary.eHighCoprimaryTransHom' depends on axioms: [propext,
 Classical.choice,
 Quot.sound]
info: GroupApproximation/BooneHigman/Metabelian/PureCharPrimeEHighCoprimaryTrans.lean:107:14: 'GroupApproximation.BooneHigman.Metabelian.Coprimary.eHighCoprimaryDiagHom' depends on axioms: [propext,
 Classical.choice,
 Quot.sound]
info: GroupApproximation/BooneHigman/Metabelian/PureCharPrimeEHighCoprimaryTrans.lean:115:14: 'GroupApproximation.BooneHigman.Metabelian.Coprimary.eHighCoprimaryReindex' depends on axioms: [propext,
 Classical.choice,
 Quot.sound]
info: GroupApproximation/BooneHigman/Metabelian/PureCharPrimeEHighCoprimaryTrans.lean:164:2: 'GroupApproximation.BooneHigman.Metabelian.Coprimary.eHighCoprimary_exists_gl_of_additive' depends on axioms: [propext,
 Classical.choice,
 Quot.sound]
✔ [4026/4326] Built GroupApproximation.Sofic.SoficRestriction (20s)
✔ [4027/4326] Built GroupApproximation.Algebra.ReidemeisterSchreier (34s)
✔ [4028/4326] Built GroupApproximation.Matching.MedianNormalization (19s)
✔ [4029/4326] Built GroupApproximation.Matching.EdgeEditing (19s)
ℹ [4030/4326] Built GroupApproximation.BooneHigman.Metabelian.PureCharPrimeEHighDevissageStatement (25s)
info: GroupApproximation/BooneHigman/Metabelian/PureCharPrimeEHighDevissageStatement.lean:83:14: 'GroupApproximation.BooneHigman.Metabelian.Coprimary.EHighDevissageCoprimaryStatement' depends on axioms: [propext,
 Classical.choice,
 Quot.sound]
✔ [4033/4326] Built GroupApproximation.Sofic.SoficSequential (23s)
ℹ [4034/4326] Built GroupApproximation.BooneHigman.Metabelian.PureCharPrimeEHighMixedFinite (31s)
info: GroupApproximation/BooneHigman/Metabelian/PureCharPrimeEHighMixedFinite.lean:46:14: 'GroupApproximation.BooneHigman.Metabelian.Coprimary.eHighMixed_transPerm' depends on axioms: [propext,
 Classical.choice,
 Quot.sound]
info: GroupApproximation/BooneHigman/Metabelian/PureCharPrimeEHighMixedFinite.lean:56:14: 'GroupApproximation.BooneHigman.Metabelian.Coprimary.eHighMixed_transPerm_injective' depends on axioms: [propext,
 Classical.choice,
 Quot.sound]
info: GroupApproximation/BooneHigman/Metabelian/PureCharPrimeEHighMixedFinite.lean:77:14: 'GroupApproximation.BooneHigman.Metabelian.Coprimary.eHighMixed_actPerm' depends on axioms: [propext,
 Classical.choice,
 Quot.sound]
info: GroupApproximation/BooneHigman/Metabelian/PureCharPrimeEHighMixedFinite.lean:89:14: 'GroupApproximation.BooneHigman.Metabelian.Coprimary.eHighMixed_transPerm_conj' depends on axioms: [propext,
 Classical.choice,
 Quot.sound]
info: GroupApproximation/BooneHigman/Metabelian/PureCharPrimeEHighMixedFinite.lean:114:2: 'GroupApproximation.BooneHigman.Metabelian.Coprimary.eHighMixed_permMatrixUnits_injective' depends on axioms: [propext,
 Classical.choice,
 Quot.sound]
info: GroupApproximation/BooneHigman/Metabelian/PureCharPrimeEHighMixedFinite.lean:122:14: 'GroupApproximation.BooneHigman.Metabelian.Coprimary.eHighMixed_permRep' depends on axioms: [propext,
 Classical.choice,
 Quot.sound]
info: GroupApproximation/BooneHigman/Metabelian/PureCharPrimeEHighMixedFinite.lean:134:14: 'GroupApproximation.BooneHigman.Metabelian.Coprimary.eHighMixed_permRep_injective' depends on axioms: [propext,
 Classical.choice,
 Quot.sound]
info: GroupApproximation/BooneHigman/Metabelian/PureCharPrimeEHighMixedFinite.lean:158:14: 'GroupApproximation.BooneHigman.Metabelian.Coprimary.eHighMixed_exists_gl_of_finite' depends on axioms: [propext,
 Classical.choice,
 Quot.sound]
info: GroupApproximation/BooneHigman/Metabelian/PureCharPrimeEHighMixedFinite.lean:175:2: 'GroupApproximation.BooneHigman.Metabelian.Coprimary.eHighMixed_exists_gl_of_finite_charP' depends on axioms: [propext,
 Classical.choice,
 Quot.sound]
✖ [4036/4326] Building GroupApproximation.BooneHigman.Metabelian.PureCharPrimeEHighArtinHasseAlg (42s)
trace: .> LEAN_PATH=/projects/standard/hsiehph/sauer354/nonsofic_existence/.lake/packages/Cli/.lake/build/lib/lean:/projects/standard/hsiehph/sauer354/nonsofic_existence/.lake/packages/batteries/.lake/build/lib/lean:/projects/standard/hsiehph/sauer354/nonsofic_existence/.lake/packages/Qq/.lake/build/lib/lean:/projects/standard/hsiehph/sauer354/nonsofic_existence/.lake/packages/aesop/.lake/build/lib/lean:/projects/standard/hsiehph/sauer354/nonsofic_existence/.lake/packages/proofwidgets/.lake/build/lib/lean:/projects/standard/hsiehph/sauer354/nonsofic_existence/.lake/packages/importGraph/.lake/build/lib/lean:/projects/standard/hsiehph/sauer354/nonsofic_existence/.lake/packages/LeanSearchClient/.lake/build/lib/lean:/projects/standard/hsiehph/sauer354/nonsofic_existence/.lake/packages/plausible/.lake/build/lib/lean:/projects/standard/hsiehph/sauer354/nonsofic_existence/.lake/packages/mathlib/.lake/build/lib/lean:/projects/standard/hsiehph/sauer354/nonsofic_existence/.lake/build/lib/lean /projects/standard/hsiehph/sauer354/.elan/toolchains/leanprover--lean4---v4.32.0/bin/lean -DwarningAsError=true /projects/standard/hsiehph/sauer354/nonsofic_existence/GroupApproximation/BooneHigman/Metabelian/PureCharPrimeEHighArtinHasseAlg.lean -o /projects/standard/hsiehph/sauer354/nonsofic_existence/.lake/build/lib/lean/GroupApproximation/BooneHigman/Metabelian/PureCharPrimeEHighArtinHasseAlg.olean -i /projects/standard/hsiehph/sauer354/nonsofic_existence/.lake/build/lib/lean/GroupApproximation/BooneHigman/Metabelian/PureCharPrimeEHighArtinHasseAlg.ilean -c /projects/standard/hsiehph/sauer354/nonsofic_existence/.lake/build/ir/GroupApproximation/BooneHigman/Metabelian/PureCharPrimeEHighArtinHasseAlg.c --setup /projects/standard/hsiehph/sauer354/nonsofic_existence/.lake/build/ir/GroupApproximation/BooneHigman/Metabelian/PureCharPrimeEHighArtinHasseAlg.setup.json --json
info: GroupApproximation/BooneHigman/Metabelian/PureCharPrimeEHighArtinHasseAlg.lean:54:14: 'GroupApproximation.BooneHigman.Metabelian.Coprimary.eHighArtinHasse_precomp' depends on axioms: [propext, Quot.sound]
info: GroupApproximation/BooneHigman/Metabelian/PureCharPrimeEHighArtinHasseAlg.lean:70:14: 'GroupApproximation.BooneHigman.Metabelian.Coprimary.eHighArtinHasse_trans' depends on axioms: [propext, Quot.sound]
info: GroupApproximation/BooneHigman/Metabelian/PureCharPrimeEHighArtinHasseAlg.lean:85:14: 'GroupApproximation.BooneHigman.Metabelian.Coprimary.eHighArtinHasse_psi' depends on axioms: [propext, Quot.sound]
info: GroupApproximation/BooneHigman/Metabelian/PureCharPrimeEHighArtinHasseAlg.lean:94:14: 'GroupApproximation.BooneHigman.Metabelian.Coprimary.eHighArtinHasse_conj' depends on axioms: [propext, Quot.sound]
info: GroupApproximation/BooneHigman/Metabelian/PureCharPrimeEHighArtinHasseAlg.lean:110:14: 'GroupApproximation.BooneHigman.Metabelian.Coprimary.eHighArtinHasse_conj_trans' depends on axioms: [propext,
 Quot.sound]
error: GroupApproximation/BooneHigman/Metabelian/PureCharPrimeEHighArtinHasseAlg.lean:113:0: automatically included section variable(s) unused in theorem `GroupApproximation.BooneHigman.Metabelian.Coprimary.eHighArtinHasse_conj_mul`:
  [AddCommGroup M]
consider restructuring your `variable` declarations so that the variables are not in scope or explicitly omit them:
  omit [AddCommGroup M] in theorem ...

Note: This linter can be disabled with `set_option linter.unusedSectionVars false`
info: GroupApproximation/BooneHigman/Metabelian/PureCharPrimeEHighArtinHasseAlg.lean:139:14: 'GroupApproximation.BooneHigman.Metabelian.Coprimary.eHighArtinHasse_conj_mul' depends on axioms: [propext, Quot.sound]
error: GroupApproximation/BooneHigman/Metabelian/PureCharPrimeEHighArtinHasseAlg.lean:142:0: automatically included section variable(s) unused in theorem `GroupApproximation.BooneHigman.Metabelian.Coprimary.eHighArtinHasse_conj_one`:
  [AddCommGroup M]
consider restructuring your `variable` declarations so that the variables are not in scope or explicitly omit them:
  omit [AddCommGroup M] in theorem ...

Note: This linter can be disabled with `set_option linter.unusedSectionVars false`
info: GroupApproximation/BooneHigman/Metabelian/PureCharPrimeEHighArtinHasseAlg.lean:159:14: 'GroupApproximation.BooneHigman.Metabelian.Coprimary.eHighArtinHasse_conj_one' depends on axioms: [propext, Quot.sound]
info: GroupApproximation/BooneHigman/Metabelian/PureCharPrimeEHighArtinHasseAlg.lean:166:14: 'GroupApproximation.BooneHigman.Metabelian.Coprimary.eHighArtinHasse_alg' depends on axioms: [propext,
 Classical.choice,
 Quot.sound]
info: GroupApproximation/BooneHigman/Metabelian/PureCharPrimeEHighArtinHasseAlg.lean:185:14: 'GroupApproximation.BooneHigman.Metabelian.Coprimary.eHighArtinHasse_conj_mem' depends on axioms: [propext,
 Classical.choice,
 Quot.sound]
info: GroupApproximation/BooneHigman/Metabelian/PureCharPrimeEHighArtinHasseAlg.lean:192:14: 'GroupApproximation.BooneHigman.Metabelian.Coprimary.eHighArtinHasse_restr' depends on axioms: [propext, Quot.sound]
error: GroupApproximation/BooneHigman/Metabelian/PureCharPrimeEHighArtinHasseAlg.lean:217:4: Application type mismatch: The argument
  eHighArtinHasse_conj_one act hmul hone V hact ↑b
has type
  (eHighArtinHasse_conj act hmul hone V hact 1) ↑b = ↑b
but is expected to have type
  ↑((AlgEquiv.ofAlgHom (?m.156 1) (?m.157 1) ⋯ ⋯) b) = ↑(1 b)
in the application
  Subtype.ext (eHighArtinHasse_conj_one act hmul hone V hact ↑b)
error: GroupApproximation/BooneHigman/Metabelian/PureCharPrimeEHighArtinHasseAlg.lean:219:4: Application type mismatch: The argument
  eHighArtinHasse_conj_mul act hmul hone V hact q r ↑b
has type
  (eHighArtinHasse_conj act hmul hone V hact (q * r)) ↑b =
    (eHighArtinHasse_conj act hmul hone V hact q) ((eHighArtinHasse_conj act hmul hone V hact r) ↑b)
but is expected to have type
  ↑((AlgEquiv.ofAlgHom (?m.156 (q * r)) (?m.157 (q * r)) ⋯ ⋯) b) =
    ↑((AlgEquiv.ofAlgHom ?m.96 ?m.121 ⋯ ⋯ * AlgEquiv.ofAlgHom ?m.96 ?m.121 ⋯ ⋯) b)
in the application
  Subtype.ext (eHighArtinHasse_conj_mul act hmul hone V hact q r ↑b)
error: GroupApproximation/BooneHigman/Metabelian/PureCharPrimeEHighArtinHasseAlg.lean:202:4: (deterministic) timeout at `whnf`, maximum number of heartbeats (200000) has been reached

Note: Use `set_option maxHeartbeats <num>` to set the limit.

Hint: Additional diagnostic information may be available using the `set_option diagnostics true` command.
error: GroupApproximation/BooneHigman/Metabelian/PureCharPrimeEHighArtinHasseAlg.lean:221:14: Unknown constant `GroupApproximation.BooneHigman.Metabelian.Coprimary.eHighArtinHasse_sigma`
info: GroupApproximation/BooneHigman/Metabelian/PureCharPrimeEHighArtinHasseAlg.lean:231:14: 'GroupApproximation.BooneHigman.Metabelian.Coprimary.eHighArtinHasse_theta' depends on axioms: [propext,
 Classical.choice,
 Quot.sound]
error: GroupApproximation/BooneHigman/Metabelian/PureCharPrimeEHighArtinHasseAlg.lean:254:40: failed to synthesize instance of type class
  CommRing ↥(eHighArtinHasse_alg V htrans)

Hint: Type class instance resolution failures can be inspected with the `set_option trace.Meta.synthInstance true` command.
error: GroupApproximation/BooneHigman/Metabelian/PureCharPrimeEHighArtinHasseAlg.lean:255:36: Unknown identifier `eHighArtinHasse_sigma`
error: GroupApproximation/BooneHigman/Metabelian/PureCharPrimeEHighArtinHasseAlg.lean:276:14: 'GroupApproximation.BooneHigman.Metabelian.Coprimary.eHighArtinHasse_exists_units_of_polyFun' depends on axioms outside the classical allowlist: [sorryAx]
  full closure: [propext, sorryAx, Classical.choice, Quot.sound]
  permitted: [propext, Classical.choice, Quot.sound]
error: Lean exited with code 1
ℹ [4037/4326] Built GroupApproximation.BooneHigman.Metabelian.PureCharPrimeEHighWittPolyFun (26s)
info: GroupApproximation/BooneHigman/Metabelian/PureCharPrimeEHighWittPolyFun.lean:58:14: 'GroupApproximation.BooneHigman.Metabelian.Coprimary.eHighWitt_polySpace_comp' depends on axioms: [propext,
 Classical.choice,
 Quot.sound]
info: GroupApproximation/BooneHigman/Metabelian/PureCharPrimeEHighWittPolyFun.lean:70:14: 'GroupApproximation.BooneHigman.Metabelian.Coprimary.eHighWitt_polySpace_finite' depends on axioms: [propext,
 Classical.choice,
 Quot.sound]
info: GroupApproximation/BooneHigman/Metabelian/PureCharPrimeEHighWittPolyFun.lean:89:14: 'GroupApproximation.BooneHigman.Metabelian.Coprimary.eHighWitt_polySpace_sep' depends on axioms: [propext,
 Classical.choice,
 Quot.sound]
info: GroupApproximation/BooneHigman/Metabelian/PureCharPrimeEHighWittPolyFun.lean:108:2: 'GroupApproximation.BooneHigman.Metabelian.Coprimary.eHighWitt_exists_polyFun_of_weightPoly' depends on axioms: [propext,
 Classical.choice,
 Quot.sound]
ℹ [4038/4326] Built GroupApproximation.BooneHigman.Metabelian.PureCharPrimeEHighWittEPad (26s)
info: GroupApproximation/BooneHigman/Metabelian/PureCharPrimeEHighWittEPad.lean:37:14: 'GroupApproximation.BooneHigman.Metabelian.Coprimary.eHighWittE_Pad' depends on axioms: [propext,
 Classical.choice,
 Quot.sound]
info: GroupApproximation/BooneHigman/Metabelian/PureCharPrimeEHighWittEPad.lean:44:14: 'GroupApproximation.BooneHigman.Metabelian.Coprimary.eHighWittE_pad_of_eq' depends on axioms: [propext,
 Classical.choice,
 Quot.sound]
info: GroupApproximation/BooneHigman/Metabelian/PureCharPrimeEHighWittEPad.lean:53:14: 'GroupApproximation.BooneHigman.Metabelian.Coprimary.eHighWittE_pad_const' depends on axioms: [propext,
 Classical.choice,
 Quot.sound]
info: GroupApproximation/BooneHigman/Metabelian/PureCharPrimeEHighWittEPad.lean:61:14: 'GroupApproximation.BooneHigman.Metabelian.Coprimary.eHighWittE_pad_add' depends on axioms: [propext,
 Classical.choice,
 Quot.sound]
info: GroupApproximation/BooneHigman/Metabelian/PureCharPrimeEHighWittEPad.lean:69:14: 'GroupApproximation.BooneHigman.Metabelian.Coprimary.eHighWittE_pad_mul' depends on axioms: [propext,
 Classical.choice,
 Quot.sound]
info: GroupApproximation/BooneHigman/Metabelian/PureCharPrimeEHighWittEPad.lean:77:14: 'GroupApproximation.BooneHigman.Metabelian.Coprimary.eHighWittE_pad_pow' depends on axioms: [propext,
 Classical.choice,
 Quot.sound]
info: GroupApproximation/BooneHigman/Metabelian/PureCharPrimeEHighWittEPad.lean:85:14: 'GroupApproximation.BooneHigman.Metabelian.Coprimary.eHighWittE_pad_mono' depends on axioms: [propext,
 Classical.choice,
 Quot.sound]
info: GroupApproximation/BooneHigman/Metabelian/PureCharPrimeEHighWittEPad.lean:99:14: 'GroupApproximation.BooneHigman.Metabelian.Coprimary.eHighWittE_pad_sum' depends on axioms: [propext,
 Classical.choice,
 Quot.sound]
info: GroupApproximation/BooneHigman/Metabelian/PureCharPrimeEHighWittEPad.lean:109:14: 'GroupApproximation.BooneHigman.Metabelian.Coprimary.eHighWittE_pad_prod' depends on axioms: [propext,
 Classical.choice,
 Quot.sound]
info: GroupApproximation/BooneHigman/Metabelian/PureCharPrimeEHighWittEPad.lean:115:14: 'GroupApproximation.BooneHigman.Metabelian.Coprimary.eHighWittE_pad_coord' depends on axioms: [propext,
 Classical.choice,
 Quot.sound]
info: GroupApproximation/BooneHigman/Metabelian/PureCharPrimeEHighWittEPad.lean:121:14: 'GroupApproximation.BooneHigman.Metabelian.Coprimary.eHighWittE_isWeightPoly_of_pad' depends on axioms: [propext,
 Classical.choice,
 Quot.sound]
info: GroupApproximation/BooneHigman/Metabelian/PureCharPrimeEHighWittEPad.lean:140:14: 'GroupApproximation.BooneHigman.Metabelian.Coprimary.eHighWittE_pad_subst' depends on axioms: [propext,
 Classical.choice,
 Quot.sound]
✔ [4042/4326] Built GroupApproximation.Kun.KunBoundary (37s)
ℹ [4043/4326] Built GroupApproximation.BooneHigman.Metabelian.EnvelopeHigmanVGenInduct (20s)
info: GroupApproximation/BooneHigman/Metabelian/EnvelopeHigmanVGenInduct.lean:35:14: 'GroupApproximation.BooneHigman.Metabelian.Envelope.vgen_split_last' depends on axioms: [propext,
 Classical.choice,
 Quot.sound]
info: GroupApproximation/BooneHigman/Metabelian/EnvelopeHigmanVGenInduct.lean:57:14: 'GroupApproximation.BooneHigman.Metabelian.Envelope.vgen_step_left' depends on axioms: [propext,
 Classical.choice,
 Quot.sound]
info: GroupApproximation/BooneHigman/Metabelian/EnvelopeHigmanVGenInduct.lean:77:14: 'GroupApproximation.BooneHigman.Metabelian.Envelope.vgen_step_right' depends on axioms: [propext,
 Classical.choice,
 Quot.sound]
ℹ [4044/4326] Built GroupApproximation.BooneHigman.Metabelian.ElemFPCharZeroK2BaseCentral (30s)
info: GroupApproximation/BooneHigman/Metabelian/ElemFPCharZeroK2BaseCentral.lean:39:2: 'GroupApproximation.BooneHigman.Metabelian.ElemFPCharZero.normalClosure_eq_closure_of_subset_center' depends on axioms: [propext,
 Classical.choice,
 Quot.sound]
info: GroupApproximation/BooneHigman/Metabelian/ElemFPCharZeroK2BaseCentral.lean:60:14: 'GroupApproximation.BooneHigman.Metabelian.ElemFPCharZero.k2_fg_of_le_center' depends on axioms: [propext,
 Classical.choice,
 Quot.sound]
ℹ [4045/4326] Built GroupApproximation.BooneHigman.Metabelian.ElemFPKMGroup (29s)
info: GroupApproximation/BooneHigman/Metabelian/ElemFPKMGroup.lean:162:14: 'GroupApproximation.BooneHigman.Metabelian.ElemFP.Gen' depends on axioms: []
info: GroupApproximation/BooneHigman/Metabelian/ElemFPKMGroup.lean:163:14: 'GroupApproximation.BooneHigman.Metabelian.ElemFP.R1Dom' depends on axioms: []
info: GroupApproximation/BooneHigman/Metabelian/ElemFPKMGroup.lean:164:14: 'GroupApproximation.BooneHigman.Metabelian.ElemFP.R2Dom' depends on axioms: []
info: GroupApproximation/BooneHigman/Metabelian/ElemFPKMGroup.lean:165:14: 'GroupApproximation.BooneHigman.Metabelian.ElemFP.R3Dom' depends on axioms: []
info: GroupApproximation/BooneHigman/Metabelian/ElemFPKMGroup.lean:166:14: 'GroupApproximation.BooneHigman.Metabelian.ElemFP.r0' depends on axioms: []
info: GroupApproximation/BooneHigman/Metabelian/ElemFPKMGroup.lean:167:14: 'GroupApproximation.BooneHigman.Metabelian.ElemFP.r1' depends on axioms: [propext, Quot.sound]
info: GroupApproximation/BooneHigman/Metabelian/ElemFPKMGroup.lean:168:14: 'GroupApproximation.BooneHigman.Metabelian.ElemFP.r2' depends on axioms: [propext, Quot.sound]
info: GroupApproximation/BooneHigman/Metabelian/ElemFPKMGroup.lean:169:14: 'GroupApproximation.BooneHigman.Metabelian.ElemFP.r3' depends on axioms: [propext, Quot.sound]
info: GroupApproximation/BooneHigman/Metabelian/ElemFPKMGroup.lean:170:14: 'GroupApproximation.BooneHigman.Metabelian.ElemFP.rels' depends on axioms: [propext, Quot.sound]
info: GroupApproximation/BooneHigman/Metabelian/ElemFPKMGroup.lean:171:14: 'GroupApproximation.BooneHigman.Metabelian.ElemFP.rels_finite' depends on axioms: [propext,
 Classical.choice,
 Quot.sound]
info: GroupApproximation/BooneHigman/Metabelian/ElemFPKMGroup.lean:172:14: 'GroupApproximation.BooneHigman.Metabelian.ElemFP.KMGroup' depends on axioms: [propext, Classical.choice, Quot.sound]
info: GroupApproximation/BooneHigman/Metabelian/ElemFPKMGroup.lean:173:14: 'GroupApproximation.BooneHigman.Metabelian.ElemFP.kmGroup_isFinitelyPresented' depends on axioms: [propext,
 Classical.choice,
 Quot.sound]
info: GroupApproximation/BooneHigman/Metabelian/ElemFPKMGroup.lean:174:14: 'GroupApproximation.BooneHigman.Metabelian.ElemFP.gen' depends on axioms: [propext, Classical.choice, Quot.sound]
info: GroupApproximation/BooneHigman/Metabelian/ElemFPKMGroup.lean:175:14: 'GroupApproximation.BooneHigman.Metabelian.ElemFP.gen_diag' depends on axioms: [propext, Classical.choice, Quot.sound]
info: GroupApproximation/BooneHigman/Metabelian/ElemFPKMGroup.lean:176:14: 'GroupApproximation.BooneHigman.Metabelian.ElemFP.gen_commute' depends on axioms: [propext,
 Classical.choice,
 Quot.sound]
info: GroupApproximation/BooneHigman/Metabelian/ElemFPKMGroup.lean:177:14: 'GroupApproximation.BooneHigman.Metabelian.ElemFP.gen_adj_none' depends on axioms: [propext,
 Classical.choice,
 Quot.sound]
info: GroupApproximation/BooneHigman/Metabelian/ElemFPKMGroup.lean:178:14: 'GroupApproximation.BooneHigman.Metabelian.ElemFP.gen_adj_some' depends on axioms: [propext,
 Classical.choice,
 Quot.sound]
info: GroupApproximation/BooneHigman/Metabelian/ElemFPKMGroup.lean:179:14: 'GroupApproximation.BooneHigman.Metabelian.ElemFP.spare' depends on axioms: [propext, Classical.choice, Quot.sound]
info: GroupApproximation/BooneHigman/Metabelian/ElemFPKMGroup.lean:180:14: 'GroupApproximation.BooneHigman.Metabelian.ElemFP.spare_ne_left' depends on axioms: [propext,
 Classical.choice,
 Quot.sound]
info: GroupApproximation/BooneHigman/Metabelian/ElemFPKMGroup.lean:181:14: 'GroupApproximation.BooneHigman.Metabelian.ElemFP.spare_ne_right' depends on axioms: [propext,
 Classical.choice,
 Quot.sound]
info: GroupApproximation/BooneHigman/Metabelian/ElemFPKMGroup.lean:182:14: 'GroupApproximation.BooneHigman.Metabelian.ElemFP.word' depends on axioms: [propext, Classical.choice, Quot.sound]
info: GroupApproximation/BooneHigman/Metabelian/ElemFPKMGroup.lean:183:14: 'GroupApproximation.BooneHigman.Metabelian.ElemFP.word_nil' depends on axioms: [propext, Classical.choice, Quot.sound]
info: GroupApproximation/BooneHigman/Metabelian/ElemFPKMGroup.lean:184:14: 'GroupApproximation.BooneHigman.Metabelian.ElemFP.word_cons' depends on axioms: [propext, Classical.choice, Quot.sound]
ℹ [4046/4326] Built GroupApproximation.BooneHigman.Metabelian.EnvelopeHigmanVSwapGenLeaf (22s)
info: GroupApproximation/BooneHigman/Metabelian/EnvelopeHigmanVSwapGenLeaf.lean:23:14: 'GroupApproximation.BooneHigman.Metabelian.Envelope.swapGen_not_prefix' depends on axioms: []
info: GroupApproximation/BooneHigman/Metabelian/EnvelopeHigmanVSwapGenLeaf.lean:33:14: 'GroupApproximation.BooneHigman.Metabelian.Envelope.swapGen_fix_same_length' depends on axioms: [propext,
 Classical.choice,
 Quot.sound]
info: GroupApproximation/BooneHigman/Metabelian/EnvelopeHigmanVSwapGenLeaf.lean:98:14: 'GroupApproximation.BooneHigman.Metabelian.Envelope.swapGen_leaf' depends on axioms: [propext,
 Classical.choice,
 Quot.sound]
✔ [4048/4326] Built GroupApproximation.KOne.GLIsElementary (29s)
✔ [4049/4326] Built GroupApproximation.BooneHigman.SteinbergBasic.Naturality (33s)
✔ [4054/4326] Built GroupApproximation.KOne.StableUnitsGenerators (31s)
✔ [4055/4326] Built GroupApproximation.Leavitt.LeavittDiagonalClass (31s)
✔ [4056/4326] Built GroupApproximation.Leavitt.WhiteheadFlip (31s)
ℹ [4057/4326] Built GroupApproximation.BooneHigman.Metabelian.ElemFPFieldK2WeylSelf (29s)
info: GroupApproximation/BooneHigman/Metabelian/ElemFPFieldK2WeylSelf.lean:128:14: 'GroupApproximation.BooneHigman.Metabelian.ElemFP.FieldK2.conj_commutator'' depends on axioms: [propext]
info: GroupApproximation/BooneHigman/Metabelian/ElemFPFieldK2WeylSelf.lean:129:14: 'GroupApproximation.BooneHigman.Metabelian.ElemFP.FieldK2.conj_mul_three' depends on axioms: [propext]
info: GroupApproximation/BooneHigman/Metabelian/ElemFPFieldK2WeylSelf.lean:130:14: 'GroupApproximation.BooneHigman.Metabelian.ElemFP.FieldK2.braid_of_conj' depends on axioms: [propext]
info: GroupApproximation/BooneHigman/Metabelian/ElemFPFieldK2WeylSelf.lean:131:14: 'GroupApproximation.BooneHigman.Metabelian.ElemFP.FieldK2.x_eq_commutator' depends on axioms: [propext,
 Classical.choice,
 Quot.sound]
info: GroupApproximation/BooneHigman/Metabelian/ElemFPFieldK2WeylSelf.lean:132:14: 'GroupApproximation.BooneHigman.Metabelian.ElemFP.FieldK2.w_conj_x_self' depends on axioms: [propext,
 Classical.choice,
 Quot.sound]
info: GroupApproximation/BooneHigman/Metabelian/ElemFPFieldK2WeylSelf.lean:133:14: 'GroupApproximation.BooneHigman.Metabelian.ElemFP.FieldK2.w_conj_x_self_symm' depends on axioms: [propext,
 Classical.choice,
 Quot.sound]
info: GroupApproximation/BooneHigman/Metabelian/ElemFPFieldK2WeylSelf.lean:134:14: 'GroupApproximation.BooneHigman.Metabelian.ElemFP.FieldK2.w_eq_alt' depends on axioms: [propext,
 Classical.choice,
 Quot.sound]
info: GroupApproximation/BooneHigman/Metabelian/ElemFPFieldK2WeylSelf.lean:135:14: 'GroupApproximation.BooneHigman.Metabelian.ElemFP.FieldK2.coeff_neg_one_left' depends on axioms: [propext,
 Classical.choice,
 Quot.sound]
info: GroupApproximation/BooneHigman/Metabelian/ElemFPFieldK2WeylSelf.lean:136:14: 'GroupApproximation.BooneHigman.Metabelian.ElemFP.FieldK2.coeff_neg_one_mid' depends on axioms: [propext,
 Classical.choice,
 Quot.sound]
info: GroupApproximation/BooneHigman/Metabelian/ElemFPFieldK2WeylSelf.lean:137:14: 'GroupApproximation.BooneHigman.Metabelian.ElemFP.FieldK2.w_conj_w_neg_one' depends on axioms: [propext,
 Classical.choice,
 Quot.sound]
info: GroupApproximation/BooneHigman/Metabelian/ElemFPFieldK2WeylSelf.lean:138:14: 'GroupApproximation.BooneHigman.Metabelian.ElemFP.FieldK2.h_eq_w_mul_w' depends on axioms: [propext,
 Classical.choice,
 Quot.sound]
✖ [4058/4326] Building GroupApproximation.Manuscript.SimpleKazhdanSofic.SkRows.SteinbergWeyl.Diagonal (29s)
trace: .> LEAN_PATH=/projects/standard/hsiehph/sauer354/nonsofic_existence/.lake/packages/Cli/.lake/build/lib/lean:/projects/standard/hsiehph/sauer354/nonsofic_existence/.lake/packages/batteries/.lake/build/lib/lean:/projects/standard/hsiehph/sauer354/nonsofic_existence/.lake/packages/Qq/.lake/build/lib/lean:/projects/standard/hsiehph/sauer354/nonsofic_existence/.lake/packages/aesop/.lake/build/lib/lean:/projects/standard/hsiehph/sauer354/nonsofic_existence/.lake/packages/proofwidgets/.lake/build/lib/lean:/projects/standard/hsiehph/sauer354/nonsofic_existence/.lake/packages/importGraph/.lake/build/lib/lean:/projects/standard/hsiehph/sauer354/nonsofic_existence/.lake/packages/LeanSearchClient/.lake/build/lib/lean:/projects/standard/hsiehph/sauer354/nonsofic_existence/.lake/packages/plausible/.lake/build/lib/lean:/projects/standard/hsiehph/sauer354/nonsofic_existence/.lake/packages/mathlib/.lake/build/lib/lean:/projects/standard/hsiehph/sauer354/nonsofic_existence/.lake/build/lib/lean /projects/standard/hsiehph/sauer354/.elan/toolchains/leanprover--lean4---v4.32.0/bin/lean -DwarningAsError=true /projects/standard/hsiehph/sauer354/nonsofic_existence/GroupApproximation/Manuscript/SimpleKazhdanSofic/SkRows/SteinbergWeyl/Diagonal.lean -o /projects/standard/hsiehph/sauer354/nonsofic_existence/.lake/build/lib/lean/GroupApproximation/Manuscript/SimpleKazhdanSofic/SkRows/SteinbergWeyl/Diagonal.olean -i /projects/standard/hsiehph/sauer354/nonsofic_existence/.lake/build/lib/lean/GroupApproximation/Manuscript/SimpleKazhdanSofic/SkRows/SteinbergWeyl/Diagonal.ilean -c /projects/standard/hsiehph/sauer354/nonsofic_existence/.lake/build/ir/GroupApproximation/Manuscript/SimpleKazhdanSofic/SkRows/SteinbergWeyl/Diagonal.c --setup /projects/standard/hsiehph/sauer354/nonsofic_existence/.lake/build/ir/GroupApproximation/Manuscript/SimpleKazhdanSofic/SkRows/SteinbergWeyl/Diagonal.setup.json --json
error: GroupApproximation/Manuscript/SimpleKazhdanSofic/SkRows/SteinbergWeyl/Diagonal.lean:90:16: Tactic `simp` failed with a nested error:
maximum recursion depth has been reached
use `set_option maxRecDepth <num>` to increase limit
use `set_option diagnostics true` to get diagnostic information
info: GroupApproximation/Manuscript/SimpleKazhdanSofic/SkRows/SteinbergWeyl/Diagonal.lean:102:14: 'GroupApproximation.SimpleKazhdanSofic.SkRows.SteinbergWeyl.h_projection_val' depends on axioms: [propext,
 Classical.choice,
 Quot.sound]
error: GroupApproximation/Manuscript/SimpleKazhdanSofic/SkRows/SteinbergWeyl/Diagonal.lean:103:14: 'GroupApproximation.SimpleKazhdanSofic.SkRows.SteinbergWeyl.diagonal_weyl_eq' depends on axioms outside the classical allowlist: [sorryAx]
  full closure: [propext, sorryAx, Quot.sound]
  permitted: [propext, Classical.choice, Quot.sound]
error: GroupApproximation/Manuscript/SimpleKazhdanSofic/SkRows/SteinbergWeyl/Diagonal.lean:104:14: 'GroupApproximation.SimpleKazhdanSofic.SkRows.SteinbergWeyl.manuscriptSentence_projectionDiagonalElement' depends on axioms outside the classical allowlist: [sorryAx]
  full closure: [propext, sorryAx, Classical.choice, Quot.sound]
  permitted: [propext, Classical.choice, Quot.sound]
error: Lean exited with code 1
✖ [4059/4326] Building GroupApproximation.BooneHigman.Metabelian.PureCharPrimeEHighWittEBase (33s)
trace: .> LEAN_PATH=/projects/standard/hsiehph/sauer354/nonsofic_existence/.lake/packages/Cli/.lake/build/lib/lean:/projects/standard/hsiehph/sauer354/nonsofic_existence/.lake/packages/batteries/.lake/build/lib/lean:/projects/standard/hsiehph/sauer354/nonsofic_existence/.lake/packages/Qq/.lake/build/lib/lean:/projects/standard/hsiehph/sauer354/nonsofic_existence/.lake/packages/aesop/.lake/build/lib/lean:/projects/standard/hsiehph/sauer354/nonsofic_existence/.lake/packages/proofwidgets/.lake/build/lib/lean:/projects/standard/hsiehph/sauer354/nonsofic_existence/.lake/packages/importGraph/.lake/build/lib/lean:/projects/standard/hsiehph/sauer354/nonsofic_existence/.lake/packages/LeanSearchClient/.lake/build/lib/lean:/projects/standard/hsiehph/sauer354/nonsofic_existence/.lake/packages/plausible/.lake/build/lib/lean:/projects/standard/hsiehph/sauer354/nonsofic_existence/.lake/packages/mathlib/.lake/build/lib/lean:/projects/standard/hsiehph/sauer354/nonsofic_existence/.lake/build/lib/lean /projects/standard/hsiehph/sauer354/.elan/toolchains/leanprover--lean4---v4.32.0/bin/lean -DwarningAsError=true /projects/standard/hsiehph/sauer354/nonsofic_existence/GroupApproximation/BooneHigman/Metabelian/PureCharPrimeEHighWittEBase.lean -o /projects/standard/hsiehph/sauer354/nonsofic_existence/.lake/build/lib/lean/GroupApproximation/BooneHigman/Metabelian/PureCharPrimeEHighWittEBase.olean -i /projects/standard/hsiehph/sauer354/nonsofic_existence/.lake/build/lib/lean/GroupApproximation/BooneHigman/Metabelian/PureCharPrimeEHighWittEBase.ilean -c /projects/standard/hsiehph/sauer354/nonsofic_existence/.lake/build/ir/GroupApproximation/BooneHigman/Metabelian/PureCharPrimeEHighWittEBase.c --setup /projects/standard/hsiehph/sauer354/nonsofic_existence/.lake/build/ir/GroupApproximation/BooneHigman/Metabelian/PureCharPrimeEHighWittEBase.setup.json --json
info: GroupApproximation/BooneHigman/Metabelian/PureCharPrimeEHighWittEBase.lean:40:14: 'GroupApproximation.BooneHigman.Metabelian.Coprimary.eHighWittE_red' depends on axioms: [propext,
 Classical.choice,
 Quot.sound]
info: GroupApproximation/BooneHigman/Metabelian/PureCharPrimeEHighWittEBase.lean:46:14: 'GroupApproximation.BooneHigman.Metabelian.Coprimary.eHighWittE_S' depends on axioms: [propext,
 Classical.choice,
 Quot.sound]
info: GroupApproximation/BooneHigman/Metabelian/PureCharPrimeEHighWittEBase.lean:51:14: 'GroupApproximation.BooneHigman.Metabelian.Coprimary.eHighWittE_D' depends on axioms: [propext,
 Classical.choice,
 Quot.sound]
info: GroupApproximation/BooneHigman/Metabelian/PureCharPrimeEHighWittEBase.lean:64:14: 'GroupApproximation.BooneHigman.Metabelian.Coprimary.eHighWittE_zmod_ker' depends on axioms: [propext,
 Classical.choice,
 Quot.sound]
info: GroupApproximation/BooneHigman/Metabelian/PureCharPrimeEHighWittEBase.lean:80:14: 'GroupApproximation.BooneHigman.Metabelian.Coprimary.eHighWittE_red_eq_zero' depends on axioms: [propext,
 Classical.choice,
 Quot.sound]
info: GroupApproximation/BooneHigman/Metabelian/PureCharPrimeEHighWittEBase.lean:97:14: 'GroupApproximation.BooneHigman.Metabelian.Coprimary.eHighWittE_zmod_cast_eq_zero' depends on axioms: [propext,
 Classical.choice,
 Quot.sound]
info: GroupApproximation/BooneHigman/Metabelian/PureCharPrimeEHighWittEBase.lean:113:14: 'GroupApproximation.BooneHigman.Metabelian.Coprimary.eHighWittE_red_eq_zero_of_pow_mul' depends on axioms: [propext,
 Classical.choice,
 Quot.sound]
info: GroupApproximation/BooneHigman/Metabelian/PureCharPrimeEHighWittEBase.lean:120:14: 'GroupApproximation.BooneHigman.Metabelian.Coprimary.eHighWittE_red_ne_zero_of_mem' depends on axioms: [propext,
 Classical.choice,
 Quot.sound]
error: GroupApproximation/BooneHigman/Metabelian/PureCharPrimeEHighWittEBase.lean:125:27: failed to synthesize instance of type class
  NoZeroDivisors (MvPolynomial σ (ZMod p))

Hint: Type class instance resolution failures can be inspected with the `set_option trace.Meta.synthInstance true` command.
error: GroupApproximation/BooneHigman/Metabelian/PureCharPrimeEHighWittEBase.lean:127:14: 'GroupApproximation.BooneHigman.Metabelian.Coprimary.eHighWittE_mem_of_red_ne_zero' depends on axioms outside the classical allowlist: [sorryAx]
  full closure: [propext, sorryAx, Classical.choice, Quot.sound]
  permitted: [propext, Classical.choice, Quot.sound]
info: GroupApproximation/BooneHigman/Metabelian/PureCharPrimeEHighWittEBase.lean:141:14: 'GroupApproximation.BooneHigman.Metabelian.Coprimary.eHighWittE_eq_p_mul_of_red' depends on axioms: [propext,
 Classical.choice,
 Quot.sound]
error: GroupApproximation/BooneHigman/Metabelian/PureCharPrimeEHighWittEBase.lean:156:14: 'GroupApproximation.BooneHigman.Metabelian.Coprimary.eHighWittE_isUnit_or' depends on axioms outside the classical allowlist: [sorryAx]
  full closure: [propext, sorryAx, Classical.choice, Quot.sound]
  permitted: [propext, Classical.choice, Quot.sound]
info: GroupApproximation/BooneHigman/Metabelian/PureCharPrimeEHighWittEBase.lean:165:14: 'GroupApproximation.BooneHigman.Metabelian.Coprimary.eHighWittE_p_pow_eq_zero' depends on axioms: [propext,
 Classical.choice,
 Quot.sound]
info: GroupApproximation/BooneHigman/Metabelian/PureCharPrimeEHighWittEBase.lean:177:14: 'GroupApproximation.BooneHigman.Metabelian.Coprimary.eHighWittE_p_pow_ne_zero' depends on axioms: [propext,
 Classical.choice,
 Quot.sound]
error: GroupApproximation/BooneHigman/Metabelian/PureCharPrimeEHighWittEBase.lean:185:14: 'GroupApproximation.BooneHigman.Metabelian.Coprimary.eHighWittE_isChain' depends on axioms outside the classical allowlist: [sorryAx]
  full closure: [propext, sorryAx, Classical.choice, Quot.sound]
  permitted: [propext, Classical.choice, Quot.sound]
error: Lean exited with code 1
ℹ [4064/4326] Built GroupApproximation.Manuscript.SimpleKazhdanSofic.LeavittK2.Weyl.Corner (29s)
info: GroupApproximation/Manuscript/SimpleKazhdanSofic/LeavittK2/Weyl/Corner.lean:40:14: 'GroupApproximation.Manuscript.SimpleKazhdanSofic.LeavittK2.WeylCalc.exists_third' depends on axioms: [propext,
 Classical.choice,
 Quot.sound]
info: GroupApproximation/Manuscript/SimpleKazhdanSofic/LeavittK2/Weyl/Corner.lean:55:14: 'GroupApproximation.Manuscript.SimpleKazhdanSofic.LeavittK2.weyl_conj_corner' depends on axioms: [propext,
 Classical.choice,
 Quot.sound]
info: GroupApproximation/Manuscript/SimpleKazhdanSofic/LeavittK2/Weyl/Corner.lean:68:14: 'GroupApproximation.Manuscript.SimpleKazhdanSofic.LeavittK2.weyl_conj_corner_symm' depends on axioms: [propext,
 Classical.choice,
 Quot.sound]
info: GroupApproximation/Manuscript/SimpleKazhdanSofic/LeavittK2/Weyl/Corner.lean:109:14: 'GroupApproximation.Manuscript.SimpleKazhdanSofic.LeavittK2.weyl_conj_x_of_third' depends on axioms: [propext,
 Classical.choice,
 Quot.sound]
info: GroupApproximation/Manuscript/SimpleKazhdanSofic/LeavittK2/Weyl/Corner.lean:119:14: 'GroupApproximation.Manuscript.SimpleKazhdanSofic.LeavittK2.weyl_conj_x' depends on axioms: [propext,
 Classical.choice,
 Quot.sound]
✔ [4065/4326] Built GroupApproximation.Criterion.Criterion (26s)
✔ [4066/4326] Built GroupApproximation.Matching.EdgeWitnessDistance (25s)
ℹ [4067/4326] Built GroupApproximation.BooneHigman.Metabelian.ChainCharZero (31s)
info: GroupApproximation/BooneHigman/Metabelian/ChainCharZero.lean:39:14: 'GroupApproximation.BooneHigman.Metabelian.Chain.SIntPoly' depends on axioms: [propext, Classical.choice, Quot.sound]
info: GroupApproximation/BooneHigman/Metabelian/ChainCharZero.lean:50:14: 'GroupApproximation.BooneHigman.Metabelian.Chain.CharZeroPolynomialCoordinatesStatement' depends on axioms: [propext,
 Classical.choice,
 Quot.sound]
info: GroupApproximation/BooneHigman/Metabelian/ChainCharZero.lean:62:14: 'GroupApproximation.BooneHigman.Metabelian.Chain.CharZeroElementaryAbsorptionStatement' depends on axioms: [propext,
 Classical.choice,
 Quot.sound]
info: GroupApproximation/BooneHigman/Metabelian/ChainCharZero.lean:70:14: 'GroupApproximation.BooneHigman.Metabelian.Chain.CharZeroElementaryFPStatement' depends on axioms: [propext,
 Classical.choice,
 Quot.sound]
info: GroupApproximation/BooneHigman/Metabelian/ChainCharZero.lean:81:14: 'GroupApproximation.BooneHigman.Metabelian.Chain.CharZeroAffineSelfSimilarStatement' depends on axioms: [propext,
 Classical.choice,
 Quot.sound]
info: GroupApproximation/BooneHigman/Metabelian/ChainCharZero.lean:90:14: 'GroupApproximation.BooneHigman.Metabelian.Chain.CharZeroLinearHostStatement' depends on axioms: [propext,
 Classical.choice,
 Quot.sound]
info: GroupApproximation/BooneHigman/Metabelian/ChainCharZero.lean:98:14: 'GroupApproximation.BooneHigman.Metabelian.Chain.sIntPoly_finiteType' depends on axioms: [propext,
 Classical.choice,
 Quot.sound]
info: GroupApproximation/BooneHigman/Metabelian/ChainCharZero.lean:118:14: 'GroupApproximation.BooneHigman.Metabelian.Chain.charZeroLinearHostStatement_of_chain' depends on axioms: [propext,
 Classical.choice,
 Quot.sound]
✔ [4071/4326] Built GroupApproximation.PropertyT.FreeRootPlaneMassBase (50s)
ℹ [4072/4326] Built GroupApproximation.BooneHigman.Metabelian.EnvelopeHigmanVGenAll (18s)
info: GroupApproximation/BooneHigman/Metabelian/EnvelopeHigmanVGenAll.lean:56:14: 'GroupApproximation.BooneHigman.Metabelian.Envelope.vgen_step' depends on axioms: [propext,
 Classical.choice,
 Quot.sound]
info: GroupApproximation/BooneHigman/Metabelian/EnvelopeHigmanVGenAll.lean:71:14: 'GroupApproximation.BooneHigman.Metabelian.Envelope.vgen_all' depends on axioms: [propext, Classical.choice, Quot.sound]
info: GroupApproximation/BooneHigman/Metabelian/EnvelopeHigmanVGenAll.lean:79:14: 'GroupApproximation.BooneHigman.Metabelian.Envelope.vgen_swapIn_of_short' depends on axioms: [propext,
 Classical.choice,
 Quot.sound]
✔ [4073/4326] Built GroupApproximation.Sofic.NearAction (30s)
ℹ [4074/4326] Built GroupApproximation.BooneHigman.Metabelian.EnvelopeHigmanVSwapGenMove (17s)
info: GroupApproximation/BooneHigman/Metabelian/EnvelopeHigmanVSwapGenMove.lean:35:14: 'GroupApproximation.BooneHigman.Metabelian.Envelope.swapGen_move_incomparable' depends on axioms: [propext, Quot.sound]
info: GroupApproximation/BooneHigman/Metabelian/EnvelopeHigmanVSwapGenMove.lean:73:14: 'GroupApproximation.BooneHigman.Metabelian.Envelope.swapGen_move' depends on axioms: [propext,
 Classical.choice,
 Quot.sound]
✔ [4076/4326] Built GroupApproximation.Algebra.FreeGroupFiniteRank (39s)
ℹ [4087/4326] Built GroupApproximation.BooneHigman.Metabelian.ElemFPKMWords (22s)
info: GroupApproximation/BooneHigman/Metabelian/ElemFPKMWords.lean:116:14: 'GroupApproximation.BooneHigman.Metabelian.ElemFP.Cgw' depends on axioms: [propext, Classical.choice, Quot.sound]
info: GroupApproximation/BooneHigman/Metabelian/ElemFPKMWords.lean:117:14: 'GroupApproximation.BooneHigman.Metabelian.ElemFP.Cww' depends on axioms: [propext, Classical.choice, Quot.sound]
info: GroupApproximation/BooneHigman/Metabelian/ElemFPKMWords.lean:118:14: 'GroupApproximation.BooneHigman.Metabelian.ElemFP.A0' depends on axioms: [propext, Classical.choice, Quot.sound]
info: GroupApproximation/BooneHigman/Metabelian/ElemFPKMWords.lean:119:14: 'GroupApproximation.BooneHigman.Metabelian.ElemFP.Ins' depends on axioms: [propext, Classical.choice, Quot.sound]
info: GroupApproximation/BooneHigman/Metabelian/ElemFPKMWords.lean:120:14: 'GroupApproximation.BooneHigman.Metabelian.ElemFP.ins_of' depends on axioms: [propext, Classical.choice, Quot.sound]
info: GroupApproximation/BooneHigman/Metabelian/ElemFPKMWords.lean:121:14: 'GroupApproximation.BooneHigman.Metabelian.ElemFP.cgw_cons' depends on axioms: [propext, Classical.choice, Quot.sound]
info: GroupApproximation/BooneHigman/Metabelian/ElemFPKMWords.lean:122:14: 'GroupApproximation.BooneHigman.Metabelian.ElemFP.cww_cons' depends on axioms: [propext, Classical.choice, Quot.sound]
info: GroupApproximation/BooneHigman/Metabelian/ElemFPKMWords.lean:123:14: 'GroupApproximation.BooneHigman.Metabelian.ElemFP.a0_cons' depends on axioms: [propext, Classical.choice, Quot.sound]
ℹ [4088/4326] Built GroupApproximation.BooneHigman.Metabelian.ElemFPKMPhi (23s)
info: GroupApproximation/BooneHigman/Metabelian/ElemFPKMPhi.lean:102:14: 'GroupApproximation.BooneHigman.Metabelian.ElemFP.coef' depends on axioms: [propext]
info: GroupApproximation/BooneHigman/Metabelian/ElemFPKMPhi.lean:103:14: 'GroupApproximation.BooneHigman.Metabelian.ElemFP.coef_none' depends on axioms: [propext]
info: GroupApproximation/BooneHigman/Metabelian/ElemFPKMPhi.lean:104:14: 'GroupApproximation.BooneHigman.Metabelian.ElemFP.coef_some' depends on axioms: [propext]
info: GroupApproximation/BooneHigman/Metabelian/ElemFPKMPhi.lean:105:14: 'GroupApproximation.BooneHigman.Metabelian.ElemFP.phiGen' depends on axioms: [propext, Classical.choice, Quot.sound]
info: GroupApproximation/BooneHigman/Metabelian/ElemFPKMPhi.lean:106:14: 'GroupApproximation.BooneHigman.Metabelian.ElemFP.phiGen_diag' depends on axioms: [propext,
 Classical.choice,
 Quot.sound]
info: GroupApproximation/BooneHigman/Metabelian/ElemFPKMPhi.lean:107:14: 'GroupApproximation.BooneHigman.Metabelian.ElemFP.phiGen_of_ne' depends on axioms: [propext,
 Classical.choice,
 Quot.sound]
info: GroupApproximation/BooneHigman/Metabelian/ElemFPKMPhi.lean:108:14: 'GroupApproximation.BooneHigman.Metabelian.ElemFP.phi_rels' depends on axioms: [propext, Classical.choice, Quot.sound]
info: GroupApproximation/BooneHigman/Metabelian/ElemFPKMPhi.lean:109:14: 'GroupApproximation.BooneHigman.Metabelian.ElemFP.phi' depends on axioms: [propext, Classical.choice, Quot.sound]
info: GroupApproximation/BooneHigman/Metabelian/ElemFPKMPhi.lean:110:14: 'GroupApproximation.BooneHigman.Metabelian.ElemFP.phi_gen' depends on axioms: [propext, Classical.choice, Quot.sound]
info: GroupApproximation/BooneHigman/Metabelian/ElemFPKMPhi.lean:111:14: 'GroupApproximation.BooneHigman.Metabelian.ElemFP.phi_word' depends on axioms: [propext, Classical.choice, Quot.sound]
✔ [4089/4326] Built GroupApproximation.Matching.BlockEnumeration (16s)
✔ [4090/4326] Built GroupApproximation.Matching.MatchedComponents (16s)
✔ [4091/4326] Built GroupApproximation.Matching.EdgeWitnessRestriction (16s)
✔ [4092/4326] Built GroupApproximation.Leavitt.FamilyDiagonalClass (22s)
ℹ [4093/4326] Built GroupApproximation.BooneHigman.Metabelian.ElemFPK2StabDiagAction (23s)
info: GroupApproximation/BooneHigman/Metabelian/ElemFPK2StabDiagAction.lean:53:14: 'GroupApproximation.BooneHigman.Metabelian.ElemFP.LastRootAction' depends on axioms: [propext,
 Classical.choice,
 Quot.sound]
info: GroupApproximation/BooneHigman/Metabelian/ElemFPK2StabDiagAction.lean:70:14: 'GroupApproximation.BooneHigman.Metabelian.ElemFP.LastRootAction.T_add' depends on axioms: [propext,
 Classical.choice,
 Quot.sound]
info: GroupApproximation/BooneHigman/Metabelian/ElemFPK2StabDiagAction.lean:91:14: 'GroupApproximation.BooneHigman.Metabelian.ElemFP.LastRootAction.T_commute' depends on axioms: [propext,
 Classical.choice,
 Quot.sound]
info: GroupApproximation/BooneHigman/Metabelian/ElemFPK2StabDiagAction.lean:110:14: 'GroupApproximation.BooneHigman.Metabelian.ElemFP.LastRootAction.T_adjacent' depends on axioms: [propext,
 Classical.choice,
 Quot.sound]
info: GroupApproximation/BooneHigman/Metabelian/ElemFPK2StabDiagAction.lean:117:14: 'GroupApproximation.BooneHigman.Metabelian.ElemFP.LastRootAction.generatorPerm' depends on axioms: [propext,
 Classical.choice,
 Quot.sound]
info: GroupApproximation/BooneHigman/Metabelian/ElemFPK2StabDiagAction.lean:141:2: 'GroupApproximation.BooneHigman.Metabelian.ElemFP.LastRootAction.generatorPerm_kills_relations' depends on axioms: [propext,
 Classical.choice,
 Quot.sound]
info: GroupApproximation/BooneHigman/Metabelian/ElemFPK2StabDiagAction.lean:147:14: 'GroupApproximation.BooneHigman.Metabelian.ElemFP.LastRootAction.lift' depends on axioms: [propext,
 Classical.choice,
 Quot.sound]
info: GroupApproximation/BooneHigman/Metabelian/ElemFPK2StabDiagAction.lean:153:14: 'GroupApproximation.BooneHigman.Metabelian.ElemFP.LastRootAction.lift_x' depends on axioms: [propext,
 Classical.choice,
 Quot.sound]
info: GroupApproximation/BooneHigman/Metabelian/ElemFPK2StabDiagAction.lean:163:14: 'GroupApproximation.BooneHigman.Metabelian.ElemFP.LastRootAction.lift_comp_stab' depends on axioms: [propext,
 Classical.choice,
 Quot.sound]
info: GroupApproximation/BooneHigman/Metabelian/ElemFPK2StabDiagAction.lean:171:2: 'GroupApproximation.BooneHigman.Metabelian.ElemFP.LastRootAction.act_eq_one_of_stab_eq_one' depends on axioms: [propext,
 Classical.choice,
 Quot.sound]
info: GroupApproximation/BooneHigman/Metabelian/ElemFPK2StabDiagAction.lean:184:14: 'GroupApproximation.BooneHigman.Metabelian.ElemFP.eq_one_of_K2Stab_of_lastRootAction' depends on axioms: [propext,
 Classical.choice,
 Quot.sound]
✔ [4095/4326] Built GroupApproximation.KOne.IncomparableUnipotents (22s)
✔ [4096/4326] Built GroupApproximation.Matching.GeneratorGraphEditing (18s)
ℹ [4097/4326] Built GroupApproximation.BooneHigman.Metabelian.ElemFPFieldK2HConj (22s)
info: GroupApproximation/BooneHigman/Metabelian/ElemFPFieldK2HConj.lean:87:14: 'GroupApproximation.BooneHigman.Metabelian.ElemFP.FieldK2.h_conj_split' depends on axioms: [propext,
 Classical.choice,
 Quot.sound]
info: GroupApproximation/BooneHigman/Metabelian/ElemFPFieldK2HConj.lean:88:14: 'GroupApproximation.BooneHigman.Metabelian.ElemFP.FieldK2.h_conj_ij' depends on axioms: [propext,
 Classical.choice,
 Quot.sound]
info: GroupApproximation/BooneHigman/Metabelian/ElemFPFieldK2HConj.lean:89:14: 'GroupApproximation.BooneHigman.Metabelian.ElemFP.FieldK2.h_conj_ji' depends on axioms: [propext,
 Classical.choice,
 Quot.sound]
info: GroupApproximation/BooneHigman/Metabelian/ElemFPFieldK2HConj.lean:90:14: 'GroupApproximation.BooneHigman.Metabelian.ElemFP.FieldK2.h_conj_iq' depends on axioms: [propext,
 Classical.choice,
 Quot.sound]
info: GroupApproximation/BooneHigman/Metabelian/ElemFPFieldK2HConj.lean:91:14: 'GroupApproximation.BooneHigman.Metabelian.ElemFP.FieldK2.h_conj_jq' depends on axioms: [propext,
 Classical.choice,
 Quot.sound]
info: GroupApproximation/BooneHigman/Metabelian/ElemFPFieldK2HConj.lean:92:14: 'GroupApproximation.BooneHigman.Metabelian.ElemFP.FieldK2.h_conj_pi' depends on axioms: [propext,
 Classical.choice,
 Quot.sound]
info: GroupApproximation/BooneHigman/Metabelian/ElemFPFieldK2HConj.lean:93:14: 'GroupApproximation.BooneHigman.Metabelian.ElemFP.FieldK2.h_conj_pj' depends on axioms: [propext,
 Classical.choice,
 Quot.sound]
info: GroupApproximation/BooneHigman/Metabelian/ElemFPFieldK2HConj.lean:94:14: 'GroupApproximation.BooneHigman.Metabelian.ElemFP.FieldK2.h_conj_pq' depends on axioms: [propext,
 Classical.choice,
 Quot.sound]
✔ [4098/4326] Built GroupApproximation.Matching.MaximalCutRepair (18s)
✔ [4099/4326] Built GroupApproximation.Kun.KunSupport (31s)
✔ [4100/4326] Built GroupApproximation.Kun.KunRounding (31s)
✔ [4101/4326] Built GroupApproximation.Matching.CompletionGraphEditing (19s)
✖ [4102/4326] Building GroupApproximation.Manuscript.SimpleKazhdanSofic.LeavittK2.PaddedCentral.Vectors (25s)
trace: .> LEAN_PATH=/projects/standard/hsiehph/sauer354/nonsofic_existence/.lake/packages/Cli/.lake/build/lib/lean:/projects/standard/hsiehph/sauer354/nonsofic_existence/.lake/packages/batteries/.lake/build/lib/lean:/projects/standard/hsiehph/sauer354/nonsofic_existence/.lake/packages/Qq/.lake/build/lib/lean:/projects/standard/hsiehph/sauer354/nonsofic_existence/.lake/packages/aesop/.lake/build/lib/lean:/projects/standard/hsiehph/sauer354/nonsofic_existence/.lake/packages/proofwidgets/.lake/build/lib/lean:/projects/standard/hsiehph/sauer354/nonsofic_existence/.lake/packages/importGraph/.lake/build/lib/lean:/projects/standard/hsiehph/sauer354/nonsofic_existence/.lake/packages/LeanSearchClient/.lake/build/lib/lean:/projects/standard/hsiehph/sauer354/nonsofic_existence/.lake/packages/plausible/.lake/build/lib/lean:/projects/standard/hsiehph/sauer354/nonsofic_existence/.lake/packages/mathlib/.lake/build/lib/lean:/projects/standard/hsiehph/sauer354/nonsofic_existence/.lake/build/lib/lean /projects/standard/hsiehph/sauer354/.elan/toolchains/leanprover--lean4---v4.32.0/bin/lean -DwarningAsError=true /projects/standard/hsiehph/sauer354/nonsofic_existence/GroupApproximation/Manuscript/SimpleKazhdanSofic/LeavittK2/PaddedCentral/Vectors.lean -o /projects/standard/hsiehph/sauer354/nonsofic_existence/.lake/build/lib/lean/GroupApproximation/Manuscript/SimpleKazhdanSofic/LeavittK2/PaddedCentral/Vectors.olean -i /projects/standard/hsiehph/sauer354/nonsofic_existence/.lake/build/lib/lean/GroupApproximation/Manuscript/SimpleKazhdanSofic/LeavittK2/PaddedCentral/Vectors.ilean -c /projects/standard/hsiehph/sauer354/nonsofic_existence/.lake/build/ir/GroupApproximation/Manuscript/SimpleKazhdanSofic/LeavittK2/PaddedCentral/Vectors.c --setup /projects/standard/hsiehph/sauer354/nonsofic_existence/.lake/build/ir/GroupApproximation/Manuscript/SimpleKazhdanSofic/LeavittK2/PaddedCentral/Vectors.setup.json --json
info: GroupApproximation/Manuscript/SimpleKazhdanSofic/LeavittK2/PaddedCentral/Vectors.lean:33:14: 'GroupApproximation.Manuscript.SimpleKazhdanSofic.LeavittK2.PaddedCentral.colHom' depends on axioms: [propext,
 Classical.choice,
 Quot.sound]
info: GroupApproximation/Manuscript/SimpleKazhdanSofic/LeavittK2/PaddedCentral/Vectors.lean:41:14: 'GroupApproximation.Manuscript.SimpleKazhdanSofic.LeavittK2.PaddedCentral.rowHom' depends on axioms: [propext,
 Classical.choice,
 Quot.sound]
info: GroupApproximation/Manuscript/SimpleKazhdanSofic/LeavittK2/PaddedCentral/Vectors.lean:49:14: 'GroupApproximation.Manuscript.SimpleKazhdanSofic.LeavittK2.PaddedCentral.colHom_commute' depends on axioms: [propext,
 Classical.choice,
 Quot.sound]
info: GroupApproximation/Manuscript/SimpleKazhdanSofic/LeavittK2/PaddedCentral/Vectors.lean:57:14: 'GroupApproximation.Manuscript.SimpleKazhdanSofic.LeavittK2.PaddedCentral.rowHom_commute' depends on axioms: [propext,
 Classical.choice,
 Quot.sound]
info: GroupApproximation/Manuscript/SimpleKazhdanSofic/LeavittK2/PaddedCentral/Vectors.lean:63:14: 'GroupApproximation.Manuscript.SimpleKazhdanSofic.LeavittK2.PaddedCentral.colPi' depends on axioms: [propext,
 Classical.choice,
 Quot.sound]
info: GroupApproximation/Manuscript/SimpleKazhdanSofic/LeavittK2/PaddedCentral/Vectors.lean:69:14: 'GroupApproximation.Manuscript.SimpleKazhdanSofic.LeavittK2.PaddedCentral.rowPi' depends on axioms: [propext,
 Classical.choice,
 Quot.sound]
info: GroupApproximation/Manuscript/SimpleKazhdanSofic/LeavittK2/PaddedCentral/Vectors.lean:75:14: 'GroupApproximation.Manuscript.SimpleKazhdanSofic.LeavittK2.PaddedCentral.padCol' depends on axioms: [propext,
 Classical.choice,
 Quot.sound]
info: GroupApproximation/Manuscript/SimpleKazhdanSofic/LeavittK2/PaddedCentral/Vectors.lean:81:14: 'GroupApproximation.Manuscript.SimpleKazhdanSofic.LeavittK2.PaddedCentral.padRow' depends on axioms: [propext,
 Classical.choice,
 Quot.sound]
info: GroupApproximation/Manuscript/SimpleKazhdanSofic/LeavittK2/PaddedCentral/Vectors.lean:86:14: 'GroupApproximation.Manuscript.SimpleKazhdanSofic.LeavittK2.PaddedCentral.padCol_add' depends on axioms: [propext,
 Classical.choice,
 Quot.sound]
info: GroupApproximation/Manuscript/SimpleKazhdanSofic/LeavittK2/PaddedCentral/Vectors.lean:91:14: 'GroupApproximation.Manuscript.SimpleKazhdanSofic.LeavittK2.PaddedCentral.padRow_add' depends on axioms: [propext,
 Classical.choice,
 Quot.sound]
info: GroupApproximation/Manuscript/SimpleKazhdanSofic/LeavittK2/PaddedCentral/Vectors.lean:96:14: 'GroupApproximation.Manuscript.SimpleKazhdanSofic.LeavittK2.PaddedCentral.padCol_zero' depends on axioms: [propext,
 Classical.choice,
 Quot.sound]
info: GroupApproximation/Manuscript/SimpleKazhdanSofic/LeavittK2/PaddedCentral/Vectors.lean:101:14: 'GroupApproximation.Manuscript.SimpleKazhdanSofic.LeavittK2.PaddedCentral.padRow_zero' depends on axioms: [propext,
 Classical.choice,
 Quot.sound]
info: GroupApproximation/Manuscript/SimpleKazhdanSofic/LeavittK2/PaddedCentral/Vectors.lean:111:14: 'GroupApproximation.Manuscript.SimpleKazhdanSofic.LeavittK2.PaddedCentral.ofAdd_single' depends on axioms: [Quot.sound]
error: GroupApproximation/Manuscript/SimpleKazhdanSofic/LeavittK2/PaddedCentral/Vectors.lean:117:48: Application type mismatch: The argument
  Multiplicative.ofAdd a
has type
  Multiplicative R
but is expected to have type
  ?m.46 p
in the application
  MonoidHom.noncommPiCoprod_mulSingle ?m.48 p (Multiplicative.ofAdd a)
error: GroupApproximation/Manuscript/SimpleKazhdanSofic/LeavittK2/PaddedCentral/Vectors.lean:119:14: 'GroupApproximation.Manuscript.SimpleKazhdanSofic.LeavittK2.PaddedCentral.padCol_single' depends on axioms outside the classical allowlist: [sorryAx]
  full closure: [propext, sorryAx, Classical.choice, Quot.sound]
  permitted: [propext, Classical.choice, Quot.sound]
error: GroupApproximation/Manuscript/SimpleKazhdanSofic/LeavittK2/PaddedCentral/Vectors.lean:125:48: Application type mismatch: The argument
  Multiplicative.ofAdd a
has type
  Multiplicative R
but is expected to have type
  ?m.46 p
in the application
  MonoidHom.noncommPiCoprod_mulSingle ?m.48 p (Multiplicative.ofAdd a)
error: GroupApproximation/Manuscript/SimpleKazhdanSofic/LeavittK2/PaddedCentral/Vectors.lean:127:14: 'GroupApproximation.Manuscript.SimpleKazhdanSofic.LeavittK2.PaddedCentral.padRow_single' depends on axioms outside the classical allowlist: [sorryAx]
  full closure: [propext, sorryAx, Classical.choice, Quot.sound]
  permitted: [propext, Classical.choice, Quot.sound]
info: GroupApproximation/Manuscript/SimpleKazhdanSofic/LeavittK2/PaddedCentral/Vectors.lean:133:14: 'GroupApproximation.Manuscript.SimpleKazhdanSofic.LeavittK2.PaddedCentral.padMat' depends on axioms: [propext,
 Classical.choice,
 Quot.sound]
info: GroupApproximation/Manuscript/SimpleKazhdanSofic/LeavittK2/PaddedCentral/Vectors.lean:142:14: 'GroupApproximation.Manuscript.SimpleKazhdanSofic.LeavittK2.PaddedCentral.padMat_x' depends on axioms: [propext,
 Classical.choice,
 Quot.sound]
info: GroupApproximation/Manuscript/SimpleKazhdanSofic/LeavittK2/PaddedCentral/Vectors.lean:150:14: 'GroupApproximation.Manuscript.SimpleKazhdanSofic.LeavittK2.PaddedCentral.padMat_of_mem_K2' depends on axioms: [propext,
 Classical.choice,
 Quot.sound]
error: Lean exited with code 1
ℹ [4106/4326] Built GroupApproximation.Manuscript.SimpleKazhdanSofic.LeavittK2.FieldTwoRootSpan (22s)
info: GroupApproximation/Manuscript/SimpleKazhdanSofic/LeavittK2/FieldTwoRootSpan.lean:28:14: 'GroupApproximation.Manuscript.SimpleKazhdanSofic.LeavittK2.FieldTwo.rootSpan' depends on axioms: [propext,
 Classical.choice,
 Quot.sound]
info: GroupApproximation/Manuscript/SimpleKazhdanSofic/LeavittK2/FieldTwoRootSpan.lean:34:14: 'GroupApproximation.Manuscript.SimpleKazhdanSofic.LeavittK2.FieldTwo.x_mem_rootSpan' depends on axioms: [propext,
 Classical.choice,
 Quot.sound]
info: GroupApproximation/Manuscript/SimpleKazhdanSofic/LeavittK2/FieldTwoRootSpan.lean:54:14: 'GroupApproximation.Manuscript.SimpleKazhdanSofic.LeavittK2.FieldTwo.rootSpan_induction' depends on axioms: [propext,
 Classical.choice,
 Quot.sound]
info: GroupApproximation/Manuscript/SimpleKazhdanSofic/LeavittK2/FieldTwoRootSpan.lean:62:14: 'GroupApproximation.Manuscript.SimpleKazhdanSofic.LeavittK2.FieldTwo.rootSpan_mono' depends on axioms: [propext,
 Classical.choice,
 Quot.sound]
info: GroupApproximation/Manuscript/SimpleKazhdanSofic/LeavittK2/FieldTwoRootSpan.lean:79:14: 'GroupApproximation.Manuscript.SimpleKazhdanSofic.LeavittK2.FieldTwo.rootSpan_conj_mem' depends on axioms: [propext,
 Classical.choice,
 Quot.sound]
info: GroupApproximation/Manuscript/SimpleKazhdanSofic/LeavittK2/FieldTwoRootSpan.lean:104:14: 'GroupApproximation.Manuscript.SimpleKazhdanSofic.LeavittK2.FieldTwo.rootSpan_normalizes' depends on axioms: [propext,
 Classical.choice,
 Quot.sound]
info: GroupApproximation/Manuscript/SimpleKazhdanSofic/LeavittK2/FieldTwoRootSpan.lean:112:14: 'GroupApproximation.Manuscript.SimpleKazhdanSofic.LeavittK2.FieldTwo.commute_of_rootSpan' depends on axioms: [propext,
 Classical.choice,
 Quot.sound]
info: GroupApproximation/Manuscript/SimpleKazhdanSofic/LeavittK2/FieldTwoRootSpan.lean:140:14: 'GroupApproximation.Manuscript.SimpleKazhdanSofic.LeavittK2.FieldTwo.exists_split' depends on axioms: [propext,
 Classical.choice,
 Quot.sound]
info: GroupApproximation/Manuscript/SimpleKazhdanSofic/LeavittK2/FieldTwoRootSpan.lean:149:14: 'GroupApproximation.Manuscript.SimpleKazhdanSofic.LeavittK2.FieldTwo.mem_rootSpan_true' depends on axioms: [propext,
 Classical.choice,
 Quot.sound]
✔ [4107/4326] Built GroupApproximation.Criterion.LocalCriterion (21s)
✖ [4108/4326] Building GroupApproximation.BooneHigman.Metabelian.EnvelopeHigmanVGenFamily (14s)
trace: .> LEAN_PATH=/projects/standard/hsiehph/sauer354/nonsofic_existence/.lake/packages/Cli/.lake/build/lib/lean:/projects/standard/hsiehph/sauer354/nonsofic_existence/.lake/packages/batteries/.lake/build/lib/lean:/projects/standard/hsiehph/sauer354/nonsofic_existence/.lake/packages/Qq/.lake/build/lib/lean:/projects/standard/hsiehph/sauer354/nonsofic_existence/.lake/packages/aesop/.lake/build/lib/lean:/projects/standard/hsiehph/sauer354/nonsofic_existence/.lake/packages/proofwidgets/.lake/build/lib/lean:/projects/standard/hsiehph/sauer354/nonsofic_existence/.lake/packages/importGraph/.lake/build/lib/lean:/projects/standard/hsiehph/sauer354/nonsofic_existence/.lake/packages/LeanSearchClient/.lake/build/lib/lean:/projects/standard/hsiehph/sauer354/nonsofic_existence/.lake/packages/plausible/.lake/build/lib/lean:/projects/standard/hsiehph/sauer354/nonsofic_existence/.lake/packages/mathlib/.lake/build/lib/lean:/projects/standard/hsiehph/sauer354/nonsofic_existence/.lake/build/lib/lean /projects/standard/hsiehph/sauer354/.elan/toolchains/leanprover--lean4---v4.32.0/bin/lean -DwarningAsError=true /projects/standard/hsiehph/sauer354/nonsofic_existence/GroupApproximation/BooneHigman/Metabelian/EnvelopeHigmanVGenFamily.lean -o /projects/standard/hsiehph/sauer354/nonsofic_existence/.lake/build/lib/lean/GroupApproximation/BooneHigman/Metabelian/EnvelopeHigmanVGenFamily.olean -i /projects/standard/hsiehph/sauer354/nonsofic_existence/.lake/build/lib/lean/GroupApproximation/BooneHigman/Metabelian/EnvelopeHigmanVGenFamily.ilean -c /projects/standard/hsiehph/sauer354/nonsofic_existence/.lake/build/ir/GroupApproximation/BooneHigman/Metabelian/EnvelopeHigmanVGenFamily.c --setup /projects/standard/hsiehph/sauer354/nonsofic_existence/.lake/build/ir/GroupApproximation/BooneHigman/Metabelian/EnvelopeHigmanVGenFamily.setup.json --json
info: GroupApproximation/BooneHigman/Metabelian/EnvelopeHigmanVGenFamily.lean:27:14: 'GroupApproximation.BooneHigman.Metabelian.Envelope.vgenSwapOrOne' depends on axioms: [propext,
 Classical.choice,
 Quot.sound]
info: GroupApproximation/BooneHigman/Metabelian/EnvelopeHigmanVGenFamily.lean:33:14: 'GroupApproximation.BooneHigman.Metabelian.Envelope.vgenSwapOrOne_eq' depends on axioms: [propext,
 Classical.choice,
 Quot.sound]
info: GroupApproximation/BooneHigman/Metabelian/EnvelopeHigmanVGenFamily.lean:40:14: 'GroupApproximation.BooneHigman.Metabelian.Envelope.vgenShortPairs' depends on axioms: []
info: GroupApproximation/BooneHigman/Metabelian/EnvelopeHigmanVGenFamily.lean:46:14: 'GroupApproximation.BooneHigman.Metabelian.Envelope.vgenShortPairs_finite' depends on axioms: [propext,
 Classical.choice,
 Quot.sound]
info: GroupApproximation/BooneHigman/Metabelian/EnvelopeHigmanVGenFamily.lean:53:14: 'GroupApproximation.BooneHigman.Metabelian.Envelope.vgenShortEquiv' depends on axioms: [propext,
 Classical.choice,
 Quot.sound]
info: GroupApproximation/BooneHigman/Metabelian/EnvelopeHigmanVGenFamily.lean:61:14: 'GroupApproximation.BooneHigman.Metabelian.Envelope.vgenShortSwaps' depends on axioms: [propext,
 Classical.choice,
 Quot.sound]
info: GroupApproximation/BooneHigman/Metabelian/EnvelopeHigmanVGenFamily.lean:73:14: 'GroupApproximation.BooneHigman.Metabelian.Envelope.vgenShortSwaps_mem' depends on axioms: [propext,
 Classical.choice,
 Quot.sound]
error: GroupApproximation/BooneHigman/Metabelian/EnvelopeHigmanVGenFamily.lean:79:6: Unknown constant `Subgroup.closure`
error: GroupApproximation/BooneHigman/Metabelian/EnvelopeHigmanVGenFamily.lean:80:26: Unknown constant `Subgroup.closure`
error: GroupApproximation/BooneHigman/Metabelian/EnvelopeHigmanVGenFamily.lean:84:10: Unknown constant `Subgroup.mem_map.mpr`
error: GroupApproximation/BooneHigman/Metabelian/EnvelopeHigmanVGenFamily.lean:87:25: Unknown constant `Subgroup.mem_map.mp`
error: GroupApproximation/BooneHigman/Metabelian/EnvelopeHigmanVGenFamily.lean:87:9: Tactic `rcases` failed: `x✝ : ?m.15 h1 h2` is not an inductive datatype
error: GroupApproximation/BooneHigman/Metabelian/EnvelopeHigmanVGenFamily.lean:92:14: Unknown constant `GroupApproximation.BooneHigman.Metabelian.Envelope.vgenShortSwaps_closure`
error: Lean exited with code 1
✔ [4110/4326] Built GroupApproximation.Sofic.AlmostAutomorphism (22s)
✖ [4111/4326] Building GroupApproximation.BooneHigman.Metabelian.EnvelopeHigmanVSwapGenAll (14s)
trace: .> LEAN_PATH=/projects/standard/hsiehph/sauer354/nonsofic_existence/.lake/packages/Cli/.lake/build/lib/lean:/projects/standard/hsiehph/sauer354/nonsofic_existence/.lake/packages/batteries/.lake/build/lib/lean:/projects/standard/hsiehph/sauer354/nonsofic_existence/.lake/packages/Qq/.lake/build/lib/lean:/projects/standard/hsiehph/sauer354/nonsofic_existence/.lake/packages/aesop/.lake/build/lib/lean:/projects/standard/hsiehph/sauer354/nonsofic_existence/.lake/packages/proofwidgets/.lake/build/lib/lean:/projects/standard/hsiehph/sauer354/nonsofic_existence/.lake/packages/importGraph/.lake/build/lib/lean:/projects/standard/hsiehph/sauer354/nonsofic_existence/.lake/packages/LeanSearchClient/.lake/build/lib/lean:/projects/standard/hsiehph/sauer354/nonsofic_existence/.lake/packages/plausible/.lake/build/lib/lean:/projects/standard/hsiehph/sauer354/nonsofic_existence/.lake/packages/mathlib/.lake/build/lib/lean:/projects/standard/hsiehph/sauer354/nonsofic_existence/.lake/build/lib/lean /projects/standard/hsiehph/sauer354/.elan/toolchains/leanprover--lean4---v4.32.0/bin/lean -DwarningAsError=true /projects/standard/hsiehph/sauer354/nonsofic_existence/GroupApproximation/BooneHigman/Metabelian/EnvelopeHigmanVSwapGenAll.lean -o /projects/standard/hsiehph/sauer354/nonsofic_existence/.lake/build/lib/lean/GroupApproximation/BooneHigman/Metabelian/EnvelopeHigmanVSwapGenAll.olean -i /projects/standard/hsiehph/sauer354/nonsofic_existence/.lake/build/lib/lean/GroupApproximation/BooneHigman/Metabelian/EnvelopeHigmanVSwapGenAll.ilean -c /projects/standard/hsiehph/sauer354/nonsofic_existence/.lake/build/ir/GroupApproximation/BooneHigman/Metabelian/EnvelopeHigmanVSwapGenAll.c --setup /projects/standard/hsiehph/sauer354/nonsofic_existence/.lake/build/ir/GroupApproximation/BooneHigman/Metabelian/EnvelopeHigmanVSwapGenAll.setup.json --json
info: GroupApproximation/BooneHigman/Metabelian/EnvelopeHigmanVSwapGenAll.lean:41:14: 'GroupApproximation.BooneHigman.Metabelian.Envelope.swapGen_mem_base' depends on axioms: [propext,
 Classical.choice,
 Quot.sound]
info: GroupApproximation/BooneHigman/Metabelian/EnvelopeHigmanVSwapGenAll.lean:120:14: 'GroupApproximation.BooneHigman.Metabelian.Envelope.swapGen_mem_step' depends on axioms: [propext,
 Classical.choice,
 Quot.sound]
info: GroupApproximation/BooneHigman/Metabelian/EnvelopeHigmanVSwapGenAll.lean:133:14: 'GroupApproximation.BooneHigman.Metabelian.Envelope.swapGen_mem_of_bound' depends on axioms: [propext,
 Classical.choice,
 Quot.sound]
info: GroupApproximation/BooneHigman/Metabelian/EnvelopeHigmanVSwapGenAll.lean:151:14: 'GroupApproximation.BooneHigman.Metabelian.Envelope.swapGen_mem_of_coneSwap_mem' depends on axioms: [propext,
 Classical.choice,
 Quot.sound]
error: GroupApproximation/BooneHigman/Metabelian/EnvelopeHigmanVSwapGenAll.lean:157:8: failed to synthesize instance of type class
  Top (Subgroup ↥(higmanThompsonV X))

Hint: Type class instance resolution failures can be inspected with the `set_option trace.Meta.synthInstance true` command.
error: GroupApproximation/BooneHigman/Metabelian/EnvelopeHigmanVSwapGenAll.lean:158:9: failed to synthesize instance of type class
  OrderTop (Subgroup ↥(higmanThompsonV X))

Hint: Type class instance resolution failures can be inspected with the `set_option trace.Meta.synthInstance true` command.
error: GroupApproximation/BooneHigman/Metabelian/EnvelopeHigmanVSwapGenAll.lean:157:13: unsolved goals
X : Type u_1
inst✝¹ : Finite X
inst✝ : Nontrivial X
H : Subgroup ↥(higmanThompsonV X)
hH : ∀ (v w : List X) (h1 : ¬v <+: w) (h2 : ¬w <+: v), ⟨coneSwap v w h1 h2, ⋯⟩ ∈ H
⊢ H = ⊤
error: GroupApproximation/BooneHigman/Metabelian/EnvelopeHigmanVSwapGenAll.lean:168:14: Unknown constant `GroupApproximation.BooneHigman.Metabelian.Envelope.swapGen_closure_eq_top`
error: Lean exited with code 1
✔ [4126/4326] Built GroupApproximation.Sofic.NearActionFolner (19s)
✔ [4127/4326] Built GroupApproximation.Matching.BlockIndex (14s)
✔ [4128/4326] Built GroupApproximation.Matching.BlockWordCrossing (15s)
ℹ [4129/4326] Built GroupApproximation.BooneHigman.Metabelian.ElemFPKMWordPackage (18s)
info: GroupApproximation/BooneHigman/Metabelian/ElemFPKMWordPackage.lean:108:14: 'GroupApproximation.BooneHigman.Metabelian.ElemFP.word_package' depends on axioms: [propext,
 Classical.choice,
 Quot.sound]
info: GroupApproximation/BooneHigman/Metabelian/ElemFPKMWordPackage.lean:109:14: 'GroupApproximation.BooneHigman.Metabelian.ElemFP.word_commute_gen' depends on axioms: [propext,
 Classical.choice,
 Quot.sound]
info: GroupApproximation/BooneHigman/Metabelian/ElemFPKMWordPackage.lean:110:14: 'GroupApproximation.BooneHigman.Metabelian.ElemFP.word_commute_word' depends on axioms: [propext,
 Classical.choice,
 Quot.sound]
info: GroupApproximation/BooneHigman/Metabelian/ElemFPKMWordPackage.lean:111:14: 'GroupApproximation.BooneHigman.Metabelian.ElemFP.gen_none_word' depends on axioms: [propext,
 Classical.choice,
 Quot.sound]
info: GroupApproximation/BooneHigman/Metabelian/ElemFPKMWordPackage.lean:112:14: 'GroupApproximation.BooneHigman.Metabelian.ElemFP.word_cons_eq' depends on axioms: [propext,
 Classical.choice,
 Quot.sound]
info: GroupApproximation/BooneHigman/Metabelian/ElemFPKMWordPackage.lean:113:14: 'GroupApproximation.BooneHigman.Metabelian.ElemFP.word_append' depends on axioms: [propext,
 Classical.choice,
 Quot.sound]
✔ [4130/4326] Built GroupApproximation.Leavitt.FamilyDescent (19s)
✔ [4131/4326] Built GroupApproximation.KOne.FieldMatrixReduction (20s)
ℹ [4132/4326] Built GroupApproximation.BooneHigman.Metabelian.ElemFPFieldK2Central (19s)
info: GroupApproximation/BooneHigman/Metabelian/ElemFPFieldK2Central.lean:103:14: 'GroupApproximation.BooneHigman.Metabelian.ElemFP.FieldK2.symbol' depends on axioms: [propext,
 Classical.choice,
 Quot.sound]
info: GroupApproximation/BooneHigman/Metabelian/ElemFPFieldK2Central.lean:104:14: 'GroupApproximation.BooneHigman.Metabelian.ElemFP.FieldK2.conj_symbol_eq' depends on axioms: [propext,
 Classical.choice,
 Quot.sound]
info: GroupApproximation/BooneHigman/Metabelian/ElemFPFieldK2Central.lean:105:14: 'GroupApproximation.BooneHigman.Metabelian.ElemFP.FieldK2.symbol_conj_ij' depends on axioms: [propext,
 Classical.choice,
 Quot.sound]
info: GroupApproximation/BooneHigman/Metabelian/ElemFPFieldK2Central.lean:106:14: 'GroupApproximation.BooneHigman.Metabelian.ElemFP.FieldK2.symbol_conj_ji' depends on axioms: [propext,
 Classical.choice,
 Quot.sound]
info: GroupApproximation/BooneHigman/Metabelian/ElemFPFieldK2Central.lean:107:14: 'GroupApproximation.BooneHigman.Metabelian.ElemFP.FieldK2.symbol_conj_iq' depends on axioms: [propext,
 Classical.choice,
 Quot.sound]
info: GroupApproximation/BooneHigman/Metabelian/ElemFPFieldK2Central.lean:108:14: 'GroupApproximation.BooneHigman.Metabelian.ElemFP.FieldK2.symbol_conj_jq' depends on axioms: [propext,
 Classical.choice,
 Quot.sound]
info: GroupApproximation/BooneHigman/Metabelian/ElemFPFieldK2Central.lean:109:14: 'GroupApproximation.BooneHigman.Metabelian.ElemFP.FieldK2.symbol_conj_pi' depends on axioms: [propext,
 Classical.choice,
 Quot.sound]
info: GroupApproximation/BooneHigman/Metabelian/ElemFPFieldK2Central.lean:110:14: 'GroupApproximation.BooneHigman.Metabelian.ElemFP.FieldK2.symbol_conj_pj' depends on axioms: [propext,
 Classical.choice,
 Quot.sound]
info: GroupApproximation/BooneHigman/Metabelian/ElemFPFieldK2Central.lean:111:14: 'GroupApproximation.BooneHigman.Metabelian.ElemFP.FieldK2.symbol_conj_pq' depends on axioms: [propext,
 Classical.choice,
 Quot.sound]
✔ [4133/4326] Built GroupApproximation.KOne.CodeScalarMoves (20s)
✖ [4134/4326] Building GroupApproximation.Manuscript.SimpleKazhdanSofic.LeavittK2.FieldTwoAction (19s)
trace: .> LEAN_PATH=/projects/standard/hsiehph/sauer354/nonsofic_existence/.lake/packages/Cli/.lake/build/lib/lean:/projects/standard/hsiehph/sauer354/nonsofic_existence/.lake/packages/batteries/.lake/build/lib/lean:/projects/standard/hsiehph/sauer354/nonsofic_existence/.lake/packages/Qq/.lake/build/lib/lean:/projects/standard/hsiehph/sauer354/nonsofic_existence/.lake/packages/aesop/.lake/build/lib/lean:/projects/standard/hsiehph/sauer354/nonsofic_existence/.lake/packages/proofwidgets/.lake/build/lib/lean:/projects/standard/hsiehph/sauer354/nonsofic_existence/.lake/packages/importGraph/.lake/build/lib/lean:/projects/standard/hsiehph/sauer354/nonsofic_existence/.lake/packages/LeanSearchClient/.lake/build/lib/lean:/projects/standard/hsiehph/sauer354/nonsofic_existence/.lake/packages/plausible/.lake/build/lib/lean:/projects/standard/hsiehph/sauer354/nonsofic_existence/.lake/packages/mathlib/.lake/build/lib/lean:/projects/standard/hsiehph/sauer354/nonsofic_existence/.lake/build/lib/lean /projects/standard/hsiehph/sauer354/.elan/toolchains/leanprover--lean4---v4.32.0/bin/lean -DwarningAsError=true /projects/standard/hsiehph/sauer354/nonsofic_existence/GroupApproximation/Manuscript/SimpleKazhdanSofic/LeavittK2/FieldTwoAction.lean -o /projects/standard/hsiehph/sauer354/nonsofic_existence/.lake/build/lib/lean/GroupApproximation/Manuscript/SimpleKazhdanSofic/LeavittK2/FieldTwoAction.olean -i /projects/standard/hsiehph/sauer354/nonsofic_existence/.lake/build/lib/lean/GroupApproximation/Manuscript/SimpleKazhdanSofic/LeavittK2/FieldTwoAction.ilean -c /projects/standard/hsiehph/sauer354/nonsofic_existence/.lake/build/ir/GroupApproximation/Manuscript/SimpleKazhdanSofic/LeavittK2/FieldTwoAction.c --setup /projects/standard/hsiehph/sauer354/nonsofic_existence/.lake/build/ir/GroupApproximation/Manuscript/SimpleKazhdanSofic/LeavittK2/FieldTwoAction.setup.json --json
info: GroupApproximation/Manuscript/SimpleKazhdanSofic/LeavittK2/FieldTwoAction.lean:26:14: 'GroupApproximation.Manuscript.SimpleKazhdanSofic.LeavittK2.FieldTwo.act' depends on axioms: [propext,
 Classical.choice,
 Quot.sound]
info: GroupApproximation/Manuscript/SimpleKazhdanSofic/LeavittK2/FieldTwoAction.lean:32:14: 'GroupApproximation.Manuscript.SimpleKazhdanSofic.LeavittK2.FieldTwo.act_mul' depends on axioms: [propext,
 Classical.choice,
 Quot.sound]
info: GroupApproximation/Manuscript/SimpleKazhdanSofic/LeavittK2/FieldTwoAction.lean:37:14: 'GroupApproximation.Manuscript.SimpleKazhdanSofic.LeavittK2.FieldTwo.act_one' depends on axioms: [propext,
 Classical.choice,
 Quot.sound]
info: GroupApproximation/Manuscript/SimpleKazhdanSofic/LeavittK2/FieldTwoAction.lean:43:14: 'GroupApproximation.Manuscript.SimpleKazhdanSofic.LeavittK2.FieldTwo.act_of_projection_eq_one' depends on axioms: [propext,
 Classical.choice,
 Quot.sound]
info: GroupApproximation/Manuscript/SimpleKazhdanSofic/LeavittK2/FieldTwoAction.lean:52:14: 'GroupApproximation.Manuscript.SimpleKazhdanSofic.LeavittK2.FieldTwo.act_x_apply' depends on axioms: [propext,
 Classical.choice,
 Quot.sound]
info: GroupApproximation/Manuscript/SimpleKazhdanSofic/LeavittK2/FieldTwoAction.lean:57:14: 'GroupApproximation.Manuscript.SimpleKazhdanSofic.LeavittK2.FieldTwo.unitVec' depends on axioms: []
error: GroupApproximation/Manuscript/SimpleKazhdanSofic/LeavittK2/FieldTwoAction.lean:59:0: automatically included section variable(s) unused in theorem `GroupApproximation.Manuscript.SimpleKazhdanSofic.LeavittK2.FieldTwo.unitVec_apply`:
  [Fintype I]
consider restructuring your `variable` declarations so that the variables are not in scope or explicitly omit them:
  omit [Fintype I] in theorem ...

Note: This linter can be disabled with `set_option linter.unusedSectionVars false`
info: GroupApproximation/Manuscript/SimpleKazhdanSofic/LeavittK2/FieldTwoAction.lean:61:14: 'GroupApproximation.Manuscript.SimpleKazhdanSofic.LeavittK2.FieldTwo.unitVec_apply' depends on axioms: [propext,
 Quot.sound]
info: GroupApproximation/Manuscript/SimpleKazhdanSofic/LeavittK2/FieldTwoAction.lean:76:14: 'GroupApproximation.Manuscript.SimpleKazhdanSofic.LeavittK2.FieldTwo.act_apply_of_rootSpan' depends on axioms: [propext,
 Classical.choice,
 Quot.sound]
info: GroupApproximation/Manuscript/SimpleKazhdanSofic/LeavittK2/FieldTwoAction.lean:91:14: 'GroupApproximation.Manuscript.SimpleKazhdanSofic.LeavittK2.FieldTwo.act_eq_self_of_rootSpan' depends on axioms: [propext,
 Classical.choice,
 Quot.sound]
error: Lean exited with code 1
✔ [4139/4326] Built GroupApproximation.Matching.DirectedCoarea (18s)
✔ [4140/4326] Built GroupApproximation.PropertyT.FreeRootPlaneMass (35s)
✔ [4141/4326] Built GroupApproximation.Kun.KunRemoval (26s)
✔ [4142/4326] Built GroupApproximation.Matching.FiniteMarkov (16s)
✔ [4143/4326] Built GroupApproximation.Matching.BlockTransport (16s)
✔ [4144/4326] Built GroupApproximation.Kun.KunUniformMovement (28s)
✔ [4145/4326] Built GroupApproximation.Kun.KunThreshold (29s)
✔ [4146/4326] Built GroupApproximation.Matching.ComponentDivergence (17s)
✔ [4147/4326] Built GroupApproximation.Sofic.NearActionModel (23s)
✖ [4148/4326] Building GroupApproximation.BooneHigman.Metabelian.ElemFPKMRoots (20s)
trace: .> LEAN_PATH=/projects/standard/hsiehph/sauer354/nonsofic_existence/.lake/packages/Cli/.lake/build/lib/lean:/projects/standard/hsiehph/sauer354/nonsofic_existence/.lake/packages/batteries/.lake/build/lib/lean:/projects/standard/hsiehph/sauer354/nonsofic_existence/.lake/packages/Qq/.lake/build/lib/lean:/projects/standard/hsiehph/sauer354/nonsofic_existence/.lake/packages/aesop/.lake/build/lib/lean:/projects/standard/hsiehph/sauer354/nonsofic_existence/.lake/packages/proofwidgets/.lake/build/lib/lean:/projects/standard/hsiehph/sauer354/nonsofic_existence/.lake/packages/importGraph/.lake/build/lib/lean:/projects/standard/hsiehph/sauer354/nonsofic_existence/.lake/packages/LeanSearchClient/.lake/build/lib/lean:/projects/standard/hsiehph/sauer354/nonsofic_existence/.lake/packages/plausible/.lake/build/lib/lean:/projects/standard/hsiehph/sauer354/nonsofic_existence/.lake/packages/mathlib/.lake/build/lib/lean:/projects/standard/hsiehph/sauer354/nonsofic_existence/.lake/build/lib/lean /projects/standard/hsiehph/sauer354/.elan/toolchains/leanprover--lean4---v4.32.0/bin/lean -DwarningAsError=true /projects/standard/hsiehph/sauer354/nonsofic_existence/GroupApproximation/BooneHigman/Metabelian/ElemFPKMRoots.lean -o /projects/standard/hsiehph/sauer354/nonsofic_existence/.lake/build/lib/lean/GroupApproximation/BooneHigman/Metabelian/ElemFPKMRoots.olean -i /projects/standard/hsiehph/sauer354/nonsofic_existence/.lake/build/lib/lean/GroupApproximation/BooneHigman/Metabelian/ElemFPKMRoots.ilean -c /projects/standard/hsiehph/sauer354/nonsofic_existence/.lake/build/ir/GroupApproximation/BooneHigman/Metabelian/ElemFPKMRoots.c --setup /projects/standard/hsiehph/sauer354/nonsofic_existence/.lake/build/ir/GroupApproximation/BooneHigman/Metabelian/ElemFPKMRoots.setup.json --json
error: GroupApproximation/BooneHigman/Metabelian/ElemFPKMRoots.lean:45:5: `inferInstanceAs` failed, expected type contains metavariables
  ?m.14

Note: `inferInstanceAs` requires full knowledge of the expected ("target") type to do its instance translation. If you do not intend to transport instances between two types, consider using `inferInstance` or `(inferInstance : expectedType)` instead.
error: GroupApproximation/BooneHigman/Metabelian/ElemFPKMRoots.lean:45:2: expected structure
error: GroupApproximation/BooneHigman/Metabelian/ElemFPKMRoots.lean:82:2: Type mismatch
  congrArg (fun z => ↑(Additive.toMul z)) (rootSum_add X d i j hij p q)
has type
  ↑(Additive.toMul (rootSum X d i j hij (p + q))) = ↑(Additive.toMul (rootSum X d i j hij p + rootSum X d i j hij q))
but is expected to have type
  psiRoot X d i j hij (p + q) = psiRoot X d i j hij p * psiRoot X d i j hij q
info: GroupApproximation/BooneHigman/Metabelian/ElemFPKMRoots.lean:170:14: 'GroupApproximation.BooneHigman.Metabelian.ElemFP.rootWords' depends on axioms: [propext, Classical.choice, Quot.sound]
info: GroupApproximation/BooneHigman/Metabelian/ElemFPKMRoots.lean:171:14: 'GroupApproximation.BooneHigman.Metabelian.ElemFP.closure_commute' depends on axioms: [propext,
 Classical.choice,
 Quot.sound]
info: GroupApproximation/BooneHigman/Metabelian/ElemFPKMRoots.lean:172:14: 'GroupApproximation.BooneHigman.Metabelian.ElemFP.RootGroup' depends on axioms: [propext, Classical.choice, Quot.sound]
error: GroupApproximation/BooneHigman/Metabelian/ElemFPKMRoots.lean:173:14: 'GroupApproximation.BooneHigman.Metabelian.ElemFP.rootGroup_commGroup' depends on axioms outside the classical allowlist: [sorryAx]
  full closure: [propext, sorryAx, Classical.choice, Quot.sound]
  permitted: [propext, Classical.choice, Quot.sound]
info: GroupApproximation/BooneHigman/Metabelian/ElemFPKMRoots.lean:174:14: 'GroupApproximation.BooneHigman.Metabelian.ElemFP.rootElem' depends on axioms: [propext, Classical.choice, Quot.sound]
error: GroupApproximation/BooneHigman/Metabelian/ElemFPKMRoots.lean:175:14: 'GroupApproximation.BooneHigman.Metabelian.ElemFP.rootSum' depends on axioms outside the classical allowlist: [sorryAx]
  full closure: [propext, sorryAx, Classical.choice, Quot.sound]
  permitted: [propext, Classical.choice, Quot.sound]
error: GroupApproximation/BooneHigman/Metabelian/ElemFPKMRoots.lean:176:14: 'GroupApproximation.BooneHigman.Metabelian.ElemFP.rootSum_add' depends on axioms outside the classical allowlist: [sorryAx]
  full closure: [propext, sorryAx, Classical.choice, Quot.sound]
  permitted: [propext, Classical.choice, Quot.sound]
error: GroupApproximation/BooneHigman/Metabelian/ElemFPKMRoots.lean:177:14: 'GroupApproximation.BooneHigman.Metabelian.ElemFP.rootSum_monomial' depends on axioms outside the classical allowlist: [sorryAx]
  full closure: [propext, sorryAx, Classical.choice, Quot.sound]
  permitted: [propext, Classical.choice, Quot.sound]
error: GroupApproximation/BooneHigman/Metabelian/ElemFPKMRoots.lean:178:14: 'GroupApproximation.BooneHigman.Metabelian.ElemFP.psiRoot' depends on axioms outside the classical allowlist: [sorryAx]
  full closure: [propext, sorryAx, Classical.choice, Quot.sound]
  permitted: [propext, Classical.choice, Quot.sound]
error: GroupApproximation/BooneHigman/Metabelian/ElemFPKMRoots.lean:179:14: 'GroupApproximation.BooneHigman.Metabelian.ElemFP.psiRoot_add' depends on axioms outside the classical allowlist: [sorryAx]
  full closure: [propext, sorryAx, Classical.choice, Quot.sound]
  permitted: [propext, Classical.choice, Quot.sound]
error: GroupApproximation/BooneHigman/Metabelian/ElemFPKMRoots.lean:180:14: 'GroupApproximation.BooneHigman.Metabelian.ElemFP.psiRoot_monomial' depends on axioms outside the classical allowlist: [sorryAx]
  full closure: [propext, sorryAx, Classical.choice, Quot.sound]
  permitted: [propext, Classical.choice, Quot.sound]
error: GroupApproximation/BooneHigman/Metabelian/ElemFPKMRoots.lean:181:14: 'GroupApproximation.BooneHigman.Metabelian.ElemFP.psiRoot_mem' depends on axioms outside the classical allowlist: [sorryAx]
  full closure: [propext, sorryAx, Classical.choice, Quot.sound]
  permitted: [propext, Classical.choice, Quot.sound]
error: GroupApproximation/BooneHigman/Metabelian/ElemFPKMRoots.lean:182:14: 'GroupApproximation.BooneHigman.Metabelian.ElemFP.psiRoot_commute' depends on axioms outside the classical allowlist: [sorryAx]
  full closure: [propext, sorryAx, Classical.choice, Quot.sound]
  permitted: [propext, Classical.choice, Quot.sound]
error: GroupApproximation/BooneHigman/Metabelian/ElemFPKMRoots.lean:183:14: 'GroupApproximation.BooneHigman.Metabelian.ElemFP.psiRoot_zero' depends on axioms outside the classical allowlist: [sorryAx]
  full closure: [propext, sorryAx, Classical.choice, Quot.sound]
  permitted: [propext, Classical.choice, Quot.sound]
error: GroupApproximation/BooneHigman/Metabelian/ElemFPKMRoots.lean:184:14: 'GroupApproximation.BooneHigman.Metabelian.ElemFP.psiRoot_neg' depends on axioms outside the classical allowlist: [sorryAx]
  full closure: [propext, sorryAx, Classical.choice, Quot.sound]
  permitted: [propext, Classical.choice, Quot.sound]
info: GroupApproximation/BooneHigman/Metabelian/ElemFPKMRoots.lean:185:14: 'GroupApproximation.BooneHigman.Metabelian.ElemFP.freeAlgebra_induction' depends on axioms: [propext,
 Classical.choice,
 Quot.sound]
error: GroupApproximation/BooneHigman/Metabelian/ElemFPKMRoots.lean:186:14: 'GroupApproximation.BooneHigman.Metabelian.ElemFP.adj_word' depends on axioms outside the classical allowlist: [sorryAx]
  full closure: [propext, sorryAx, Classical.choice, Quot.sound]
  permitted: [propext, Classical.choice, Quot.sound]
error: Lean exited with code 1
✔ [4160/4326] Built GroupApproximation.Leavitt.LeavittDegreeZero (21s)
ℹ [4161/4326] Built GroupApproximation.BooneHigman.Metabelian.ElemFPFieldK2Commute (21s)
info: GroupApproximation/BooneHigman/Metabelian/ElemFPFieldK2Commute.lean:61:14: 'GroupApproximation.BooneHigman.Metabelian.ElemFP.FieldK2.symbol_conj_x' depends on axioms: [propext,
 Classical.choice,
 Quot.sound]
info: GroupApproximation/BooneHigman/Metabelian/ElemFPFieldK2Commute.lean:62:14: 'GroupApproximation.BooneHigman.Metabelian.ElemFP.FieldK2.symbol_commute' depends on axioms: [propext,
 Classical.choice,
 Quot.sound]
✔ [4162/4326] Built GroupApproximation.KOne.PencilEntryArith (22s)
✔ [4163/4326] Built GroupApproximation.Kazhdan.KazhdanImprovement (25s)
✔ [4164/4326] Built GroupApproximation.Matching.ComponentRefinement (19s)
✔ [4165/4326] Built GroupApproximation.Kun.KunAsymptoticRemoval (33s)
✔ [4166/4326] Built GroupApproximation.Kun.KunUniformRemoval (34s)
ℹ [4167/4326] Built GroupApproximation.BooneHigman.Metabelian.ElemFPFieldK2Bimul (27s)
info: GroupApproximation/BooneHigman/Metabelian/ElemFPFieldK2Bimul.lean:126:14: 'GroupApproximation.BooneHigman.Metabelian.ElemFP.FieldK2.conj_mul_two' depends on axioms: [propext]
info: GroupApproximation/BooneHigman/Metabelian/ElemFPFieldK2Bimul.lean:127:14: 'GroupApproximation.BooneHigman.Metabelian.ElemFP.FieldK2.conj_inv'' depends on axioms: [propext]
info: GroupApproximation/BooneHigman/Metabelian/ElemFPFieldK2Bimul.lean:128:14: 'GroupApproximation.BooneHigman.Metabelian.ElemFP.FieldK2.commutator_mul_right'' depends on axioms: [propext]
info: GroupApproximation/BooneHigman/Metabelian/ElemFPFieldK2Bimul.lean:129:14: 'GroupApproximation.BooneHigman.Metabelian.ElemFP.FieldK2.commutator_mul_left'' depends on axioms: [propext]
info: GroupApproximation/BooneHigman/Metabelian/ElemFPFieldK2Bimul.lean:130:14: 'GroupApproximation.BooneHigman.Metabelian.ElemFP.FieldK2.commutator_central_mul_right' depends on axioms: [propext]
info: GroupApproximation/BooneHigman/Metabelian/ElemFPFieldK2Bimul.lean:131:14: 'GroupApproximation.BooneHigman.Metabelian.ElemFP.FieldK2.commutator_central_mul_left' depends on axioms: [propext]
info: GroupApproximation/BooneHigman/Metabelian/ElemFPFieldK2Bimul.lean:132:14: 'GroupApproximation.BooneHigman.Metabelian.ElemFP.FieldK2.h_conj_w' depends on axioms: [propext,
 Classical.choice,
 Quot.sound]
info: GroupApproximation/BooneHigman/Metabelian/ElemFPFieldK2Bimul.lean:133:14: 'GroupApproximation.BooneHigman.Metabelian.ElemFP.FieldK2.commutator_h_h' depends on axioms: [propext,
 Classical.choice,
 Quot.sound]
info: GroupApproximation/BooneHigman/Metabelian/ElemFPFieldK2Bimul.lean:134:14: 'GroupApproximation.BooneHigman.Metabelian.ElemFP.FieldK2.symbol_mul_right' depends on axioms: [propext,
 Classical.choice,
 Quot.sound]
info: GroupApproximation/BooneHigman/Metabelian/ElemFPFieldK2Bimul.lean:135:14: 'GroupApproximation.BooneHigman.Metabelian.ElemFP.FieldK2.symbol_mul_left' depends on axioms: [propext,
 Classical.choice,
 Quot.sound]
info: GroupApproximation/BooneHigman/Metabelian/ElemFPFieldK2Bimul.lean:136:14: 'GroupApproximation.BooneHigman.Metabelian.ElemFP.FieldK2.symbol_swap_index' depends on axioms: [propext,
 Classical.choice,
 Quot.sound]
✔ [4168/4326] Built GroupApproximation.KOne.ShapeCalculus (27s)
✔ [4169/4326] Built GroupApproximation.KOne.BalancedStableRank (27s)
✔ [4170/4326] Built GroupApproximation.Kun.KunGeneratorGraph (39s)
✔ [4171/4326] Built GroupApproximation.Leavitt.LeavittGradingSpans (29s)
✔ [4172/4326] Built GroupApproximation.Matching.DecompositionRefinement (24s)
✔ [4173/4326] Built GroupApproximation.PropertyT.FiniteFieldElementaryPropertyT (52s)
✔ [4174/4326] Built GroupApproximation.KunThom.KunThomDiagonal (36s)
✔ [4175/4326] Built GroupApproximation.Matching.NormalizedComponents (19s)
✔ [4176/4326] Built GroupApproximation.Matching.GeneratorCrossing (20s)
ℹ [4177/4326] Built GroupApproximation.BooneHigman.Metabelian.ElemFPFieldK2Index (25s)
info: GroupApproximation/BooneHigman/Metabelian/ElemFPFieldK2Index.lean:67:14: 'GroupApproximation.BooneHigman.Metabelian.ElemFP.FieldK2.weyl_conj_w' depends on axioms: [propext,
 Classical.choice,
 Quot.sound]
info: GroupApproximation/BooneHigman/Metabelian/ElemFPFieldK2Index.lean:68:14: 'GroupApproximation.BooneHigman.Metabelian.ElemFP.FieldK2.weyl_conj_h' depends on axioms: [propext,
 Classical.choice,
 Quot.sound]
info: GroupApproximation/BooneHigman/Metabelian/ElemFPFieldK2Index.lean:69:14: 'GroupApproximation.BooneHigman.Metabelian.ElemFP.FieldK2.symbol_index' depends on axioms: [propext,
 Classical.choice,
 Quot.sound]
info: GroupApproximation/BooneHigman/Metabelian/ElemFPFieldK2Index.lean:70:14: 'GroupApproximation.BooneHigman.Metabelian.ElemFP.FieldK2.symbol_antisymm' depends on axioms: [propext,
 Classical.choice,
 Quot.sound]
✔ [4178/4326] Built GroupApproximation.Leavitt.LeavittBalancedUnits (24s)
✔ [4179/4326] Built GroupApproximation.KOne.BalancedRegularity (25s)
✔ [4180/4326] Built GroupApproximation.KOne.ResidualNormalForm (25s)
✔ [4181/4326] Built GroupApproximation.Leavitt.RankNormalForm (27s)
✔ [4182/4326] Built GroupApproximation.Matching.EssentialExpanderRepair (32s)
✔ [4183/4326] Built GroupApproximation.Kun.KunIndicatorRounding (32s)
✔ [4184/4326] Built GroupApproximation.Matching.ComponentPinning (24s)
✔ [4185/4326] Built GroupApproximation.Matching.ExternalCompressorCrossing (25s)
ℹ [4186/4326] Built GroupApproximation.BooneHigman.Metabelian.ElemFPFieldK2SteinbergRel (29s)
info: GroupApproximation/BooneHigman/Metabelian/ElemFPFieldK2SteinbergRel.lean:154:14: 'GroupApproximation.BooneHigman.Metabelian.ElemFP.FieldK2.conj_back' depends on axioms: [propext]
info: GroupApproximation/BooneHigman/Metabelian/ElemFPFieldK2SteinbergRel.lean:155:14: 'GroupApproximation.BooneHigman.Metabelian.ElemFP.FieldK2.regroup_eight' depends on axioms: [propext]
info: GroupApproximation/BooneHigman/Metabelian/ElemFPFieldK2SteinbergRel.lean:156:14: 'GroupApproximation.BooneHigman.Metabelian.ElemFP.FieldK2.mul_three_mid' depends on axioms: [propext]
info: GroupApproximation/BooneHigman/Metabelian/ElemFPFieldK2SteinbergRel.lean:157:14: 'GroupApproximation.BooneHigman.Metabelian.ElemFP.FieldK2.rel_y_split' depends on axioms: [propext,
 Classical.choice,
 Quot.sound]
info: GroupApproximation/BooneHigman/Metabelian/ElemFPFieldK2SteinbergRel.lean:158:14: 'GroupApproximation.BooneHigman.Metabelian.ElemFP.FieldK2.rel_y_of_w' depends on axioms: [propext,
 Classical.choice,
 Quot.sound]
info: GroupApproximation/BooneHigman/Metabelian/ElemFPFieldK2SteinbergRel.lean:159:14: 'GroupApproximation.BooneHigman.Metabelian.ElemFP.FieldK2.rel_x_neg_one' depends on axioms: [propext,
 Classical.choice,
 Quot.sound]
info: GroupApproximation/BooneHigman/Metabelian/ElemFPFieldK2SteinbergRel.lean:160:14: 'GroupApproximation.BooneHigman.Metabelian.ElemFP.FieldK2.rel_x_left' depends on axioms: [propext,
 Classical.choice,
 Quot.sound]
info: GroupApproximation/BooneHigman/Metabelian/ElemFPFieldK2SteinbergRel.lean:161:14: 'GroupApproximation.BooneHigman.Metabelian.ElemFP.FieldK2.rel_x_right' depends on axioms: [propext,
 Classical.choice,
 Quot.sound]
info: GroupApproximation/BooneHigman/Metabelian/ElemFPFieldK2SteinbergRel.lean:162:14: 'GroupApproximation.BooneHigman.Metabelian.ElemFP.FieldK2.rel_w_left' depends on axioms: [propext,
 Classical.choice,
 Quot.sound]
info: GroupApproximation/BooneHigman/Metabelian/ElemFPFieldK2SteinbergRel.lean:163:14: 'GroupApproximation.BooneHigman.Metabelian.ElemFP.FieldK2.rel_w_right' depends on axioms: [propext,
 Classical.choice,
 Quot.sound]
info: GroupApproximation/BooneHigman/Metabelian/ElemFPFieldK2SteinbergRel.lean:164:14: 'GroupApproximation.BooneHigman.Metabelian.ElemFP.FieldK2.rel_w_neg_one' depends on axioms: [propext,
 Classical.choice,
 Quot.sound]
info: GroupApproximation/BooneHigman/Metabelian/ElemFPFieldK2SteinbergRel.lean:165:14: 'GroupApproximation.BooneHigman.Metabelian.ElemFP.FieldK2.w_mul_of_add_eq_one' depends on axioms: [propext,
 Classical.choice,
 Quot.sound]
info: GroupApproximation/BooneHigman/Metabelian/ElemFPFieldK2SteinbergRel.lean:166:14: 'GroupApproximation.BooneHigman.Metabelian.ElemFP.FieldK2.h_mul_of_add_eq_one' depends on axioms: [propext,
 Classical.choice,
 Quot.sound]
info: GroupApproximation/BooneHigman/Metabelian/ElemFPFieldK2SteinbergRel.lean:167:14: 'GroupApproximation.BooneHigman.Metabelian.ElemFP.FieldK2.symbol_eq_one_of_add_eq_one' depends on axioms: [propext,
 Classical.choice,
 Quot.sound]
✔ [4187/4326] Built GroupApproximation.Leavitt.LeavittWindowReduction (29s)
✔ [4188/4326] Built GroupApproximation.KOne.ResidualMoves (28s)
✔ [4189/4326] Built GroupApproximation.KunThom.KunThomCorrelation (44s)
✔ [4190/4326] Built GroupApproximation.Kun.KunSmallBoundary (36s)
✔ [4191/4326] Built GroupApproximation.Matching.CompressionRefinement (24s)
✔ [4192/4326] Built GroupApproximation.Leavitt.BinaryLeavittWindow (21s)
✔ [4193/4326] Built GroupApproximation.KOne.OppositeTranspose (21s)
✔ [4194/4326] Built GroupApproximation.KOne.WindowProductClosure (21s)
✔ [4195/4326] Built GroupApproximation.KOne.DegreeShapeBridge (23s)
ℹ [4196/4326] Built GroupApproximation.BooneHigman.Metabelian.ElemFPFieldK2Finite (24s)
info: GroupApproximation/BooneHigman/Metabelian/ElemFPFieldK2Finite.lean:118:14: 'GroupApproximation.BooneHigman.Metabelian.ElemFP.FieldK2.pow_odd_of_mul_self_eq_one' depends on axioms: [propext]
info: GroupApproximation/BooneHigman/Metabelian/ElemFPFieldK2Finite.lean:119:14: 'GroupApproximation.BooneHigman.Metabelian.ElemFP.FieldK2.odd_exp_of_not_isSquare' depends on axioms: [propext,
 Classical.choice,
 Quot.sound]
info: GroupApproximation/BooneHigman/Metabelian/ElemFPFieldK2Finite.lean:120:14: 'GroupApproximation.BooneHigman.Metabelian.ElemFP.FieldK2.exists_nonsquare_pair' depends on axioms: [propext,
 Classical.choice,
 Quot.sound]
info: GroupApproximation/BooneHigman/Metabelian/ElemFPFieldK2Finite.lean:121:14: 'GroupApproximation.BooneHigman.Metabelian.ElemFP.FieldK2.eq_one_of_bimul_steinberg' depends on axioms: [propext,
 Classical.choice,
 Quot.sound]
info: GroupApproximation/BooneHigman/Metabelian/ElemFPFieldK2Finite.lean:122:14: 'GroupApproximation.BooneHigman.Metabelian.ElemFP.FieldK2.symbol_eq_one_zmod' depends on axioms: [propext,
 Classical.choice,
 Quot.sound]
✔ [4203/4326] Built GroupApproximation.KOne.ScaledStreamRepresentation (24s)
✔ [4204/4326] Built GroupApproximation.KunThom.KunThomFiniteMarkov (36s)
✔ [4205/4326] Built GroupApproximation.KOne.ResidualReduction (25s)
✔ [4206/4326] Built GroupApproximation.KOne.ThetaStable (25s)
✔ [4207/4326] Built GroupApproximation.KOne.GradedIndependence (25s)
✔ [4208/4326] Built GroupApproximation.KOne.CodeChangeInfrastructure (26s)
✔ [4209/4326] Built GroupApproximation.Matching.NormalizedVariation (29s)
✔ [4210/4326] Built GroupApproximation.KOne.CylinderCornerRank (26s)
✔ [4211/4326] Built GroupApproximation.KOne.NilpotentTailKill (28s)
✔ [4212/4326] Built GroupApproximation.Kun.KunUniformRounding (35s)
✔ [4213/4326] Built GroupApproximation.KOne.BaseChangeIndependence (27s)
✔ [4214/4326] Built GroupApproximation.KOne.CodeChangeSwap (27s)
✔ [4215/4326] Built GroupApproximation.Matching.GlobalVariation (29s)
✔ [4216/4326] Built GroupApproximation.KunThom.KunThomRounding (38s)
✔ [4217/4326] Built GroupApproximation.Kun.KunUniformDecompositionStep (35s)
✔ [4218/4326] Built GroupApproximation.Kun.KunPartition (37s)
✔ [4219/4326] Built GroupApproximation.KOne.GradedComponents (26s)
✔ [4220/4326] Built GroupApproximation.KOne.CodeChangeUnits (27s)
✔ [4221/4326] Built GroupApproximation.Matching.MatchingPreparation (31s)
✔ [4222/4326] Built GroupApproximation.KunThom.KunThomParameters (43s)
✔ [4223/4326] Built GroupApproximation.Kun.KunPartitionBoundary (47s)
✔ [4224/4326] Built GroupApproximation.KOne.CodeChangeGlue (39s)
✔ [4225/4326] Built GroupApproximation.KOne.PureTailNilpotency (42s)
✔ [4226/4326] Built GroupApproximation.KOne.EntrywiseKill (43s)
✔ [4227/4326] Built GroupApproximation.KOne.PencilForm (47s)
✔ [4228/4326] Built GroupApproximation.KOne.ZeroKOne (47s)
✔ [4229/4326] Built GroupApproximation.KOne.CompleteCodeSupply (36s)
✔ [4230/4326] Built GroupApproximation.KOne.RefineStep (36s)
✔ [4231/4326] Built GroupApproximation.KOne.PencilReshape (37s)
✔ [4232/4326] Built GroupApproximation.Kun.KunBlockGraph (47s)
✔ [4233/4326] Built GroupApproximation.Kun.KunPartitionCrossing (50s)
✔ [4234/4326] Built GroupApproximation.KOne.StrictNegativePencil (40s)
✔ [4235/4326] Built GroupApproximation.KOne.WidthTwoReduction (37s)
✔ [4236/4326] Built GroupApproximation.KunThom.KunThomTheorem (67s)
✔ [4237/4326] Built GroupApproximation.KOne.CodeShapeSupply (28s)
✔ [4238/4326] Built GroupApproximation.Kun.KunRepairGraph (33s)
✔ [4239/4326] Built GroupApproximation.KunThom.KunThomEssential (27s)
✔ [4240/4326] Built GroupApproximation.KOne.WindowNonnegReduction (32s)
✔ [4241/4326] Built GroupApproximation.Kun.KunFinitePartition (38s)
✔ [4242/4326] Built GroupApproximation.KOne.WindowNonposReduction (22s)
✔ [4243/4326] Built GroupApproximation.Criterion.SelectionOutput (27s)
✔ [4244/4326] Built GroupApproximation.Kun.KunMarkerSelection (31s)
✔ [4245/4326] Built GroupApproximation.Kun.KunDiagonalPartition (37s)
✔ [4246/4326] Built GroupApproximation.KOne.RefineLoopDischarge (26s)
✔ [4247/4326] Built GroupApproximation.Kun.KunBadBlocks (27s)
✔ [4248/4326] Built GroupApproximation.Kun.KunLocalNeighborhood (27s)
✔ [4249/4326] Built GroupApproximation.Matching.MatchingSelection (30s)
✔ [4250/4326] Built GroupApproximation.Kun.KunRepairExpansion (30s)
✔ [4251/4326] Built GroupApproximation.PropertyTT.RingHypotheses (24s)
✔ [4252/4326] Built GroupApproximation.KOne.AllRanksElementaryCore (24s)
✔ [4253/4326] Built GroupApproximation.Kun.KunRefinedInvariance (27s)
✔ [4254/4326] Built GroupApproximation.Kun.KunSelectiveRepairGraph (29s)
✔ [4255/4326] Built GroupApproximation.Matching.SelectedGraphComparison (27s)
ℹ [4256/4326] Built GroupApproximation.Leavitt.BinaryLeavittAllRanksUnits (20s)
info: GroupApproximation/Leavitt/BinaryLeavittAllRanksUnits.lean:201:21: 'GroupApproximation.UniversalLeavitt.manuscriptSentence_glElUnitsAllRanks' depends on axioms: [propext,
 Classical.choice,
 Quot.sound]
info: GroupApproximation/Leavitt/BinaryLeavittAllRanksUnits.lean:202:21: 'GroupApproximation.UniversalLeavitt.manuscriptSentence_rightModuleSelfSimilarity' depends on axioms: [propext,
 Classical.choice,
 Quot.sound]
✔ [4257/4326] Built GroupApproximation.PropertyTT.MatrixElimination (21s)
✔ [4258/4326] Built GroupApproximation.Matching.ConservativeMatching (29s)
✔ [4259/4326] Built GroupApproximation.Manuscript.SimpleKazhdanSofic.Full.LVEGen.GLEqElementary (25s)
✔ [4260/4326] Built GroupApproximation.PropertyTT.CoordinateBlocks (25s)
✔ [4261/4326] Built GroupApproximation.Kun.KunSelectiveRepairExpansion (40s)
✔ [4262/4326] Built GroupApproximation.Manuscript.SimpleKazhdanSofic.Full.LVSuperperfect.Superperfect (26s)
✔ [4263/4326] Built GroupApproximation.PropertyTT.BoundedGeneration (29s)
✔ [4264/4326] Built GroupApproximation.Kun.KunDecomposition (33s)
✔ [4265/4326] Built GroupApproximation.Manuscript.SimpleKazhdanSofic.Full.LVH2GL3.RankFive (20s)
✔ [4266/4326] Built GroupApproximation.KOne.RankNElimination (24s)
✔ [4267/4326] Built GroupApproximation.Kun.KunFixedDecomposition (23s)
✔ [4268/4326] Built GroupApproximation.Manuscript.SimpleKazhdanSofic.Full.LVStableK2.Reduction (20s)
✖ [4269/4326] Building GroupApproximation.BooneHigman.Metabelian.AbsorptionSuslinEuclidKill (20s)
trace: .> LEAN_PATH=/projects/standard/hsiehph/sauer354/nonsofic_existence/.lake/packages/Cli/.lake/build/lib/lean:/projects/standard/hsiehph/sauer354/nonsofic_existence/.lake/packages/batteries/.lake/build/lib/lean:/projects/standard/hsiehph/sauer354/nonsofic_existence/.lake/packages/Qq/.lake/build/lib/lean:/projects/standard/hsiehph/sauer354/nonsofic_existence/.lake/packages/aesop/.lake/build/lib/lean:/projects/standard/hsiehph/sauer354/nonsofic_existence/.lake/packages/proofwidgets/.lake/build/lib/lean:/projects/standard/hsiehph/sauer354/nonsofic_existence/.lake/packages/importGraph/.lake/build/lib/lean:/projects/standard/hsiehph/sauer354/nonsofic_existence/.lake/packages/LeanSearchClient/.lake/build/lib/lean:/projects/standard/hsiehph/sauer354/nonsofic_existence/.lake/packages/plausible/.lake/build/lib/lean:/projects/standard/hsiehph/sauer354/nonsofic_existence/.lake/packages/mathlib/.lake/build/lib/lean:/projects/standard/hsiehph/sauer354/nonsofic_existence/.lake/build/lib/lean /projects/standard/hsiehph/sauer354/.elan/toolchains/leanprover--lean4---v4.32.0/bin/lean -DwarningAsError=true /projects/standard/hsiehph/sauer354/nonsofic_existence/GroupApproximation/BooneHigman/Metabelian/AbsorptionSuslinEuclidKill.lean -o /projects/standard/hsiehph/sauer354/nonsofic_existence/.lake/build/lib/lean/GroupApproximation/BooneHigman/Metabelian/AbsorptionSuslinEuclidKill.olean -i /projects/standard/hsiehph/sauer354/nonsofic_existence/.lake/build/lib/lean/GroupApproximation/BooneHigman/Metabelian/AbsorptionSuslinEuclidKill.ilean -c /projects/standard/hsiehph/sauer354/nonsofic_existence/.lake/build/ir/GroupApproximation/BooneHigman/Metabelian/AbsorptionSuslinEuclidKill.c --setup /projects/standard/hsiehph/sauer354/nonsofic_existence/.lake/build/ir/GroupApproximation/BooneHigman/Metabelian/AbsorptionSuslinEuclidKill.setup.json --json
info: GroupApproximation/BooneHigman/Metabelian/AbsorptionSuslinEuclidKill.lean:36:14: 'GroupApproximation.BooneHigman.Metabelian.Absorption.HasWellFoundedDivision' depends on axioms: []
info: GroupApproximation/BooneHigman/Metabelian/AbsorptionSuslinEuclidKill.lean:51:14: 'GroupApproximation.BooneHigman.Metabelian.Absorption.suslin_exists_step' depends on axioms: [propext,
 Classical.choice,
 Quot.sound]
info: GroupApproximation/BooneHigman/Metabelian/AbsorptionSuslinEuclidKill.lean:88:14: 'GroupApproximation.BooneHigman.Metabelian.Absorption.suslin_exists_kill_entry' depends on axioms: [propext,
 Classical.choice,
 Quot.sound]
error: GroupApproximation/BooneHigman/Metabelian/AbsorptionSuslinEuclidKill.lean:108:12: Type mismatch
  hct (Eq.trans hcj h)
has type
  False
but is expected to have type
  ↑M t c = 0
error: GroupApproximation/BooneHigman/Metabelian/AbsorptionSuslinEuclidKill.lean:109:12: Type mismatch
  hcS (Eq.symm hcj ▸ h)
has type
  False
but is expected to have type
  ↑M t c = 0
error: GroupApproximation/BooneHigman/Metabelian/AbsorptionSuslinEuclidKill.lean:123:14: 'GroupApproximation.BooneHigman.Metabelian.Absorption.suslin_exists_row_killed' depends on axioms outside the classical allowlist: [sorryAx]
  full closure: [propext, sorryAx, Classical.choice, Quot.sound]
  permitted: [propext, Classical.choice, Quot.sound]
error: GroupApproximation/BooneHigman/Metabelian/AbsorptionSuslinEuclidKill.lean:153:14: 'GroupApproximation.BooneHigman.Metabelian.Absorption.suslin_exists_diag_one' depends on axioms outside the classical allowlist: [sorryAx]
  full closure: [propext, sorryAx, Classical.choice, Quot.sound]
  permitted: [propext, Classical.choice, Quot.sound]
error: Lean exited with code 1
✔ [4271/4326] Built GroupApproximation.Criterion.CriterionAssembly (20s)
ℹ [4272/4326] Built GroupApproximation.BooneHigman.Metabelian.ElemFPK2SplitStab (15s)
info: GroupApproximation/BooneHigman/Metabelian/ElemFPK2SplitStab.lean:30:14: 'GroupApproximation.BooneHigman.Metabelian.ElemFP.eq_one_of_K2_eq_bot' depends on axioms: [propext,
 Classical.choice,
 Quot.sound]
info: GroupApproximation/BooneHigman/Metabelian/ElemFPK2SplitStab.lean:44:14: 'GroupApproximation.BooneHigman.Metabelian.ElemFP.k2StabInjective_of_injective' depends on axioms: [propext,
 Classical.choice,
 Quot.sound]
info: GroupApproximation/BooneHigman/Metabelian/ElemFPK2SplitStab.lean:52:14: 'GroupApproximation.BooneHigman.Metabelian.ElemFP.K2IndexMap_K2Map' depends on axioms: [propext,
 Classical.choice,
 Quot.sound]
✔ [4303/4326] Built GroupApproximation.Leavitt.RankTwoCompression (28s)
✔ [4304/4326] Built GroupApproximation.Leavitt.FiniteFieldLeavitt (32s)
✔ [4305/4326] Built GroupApproximation.Endpoint.MainResults (29s)
✔ [4306/4326] Built GroupApproximation.Leavitt.UnitsGLProfile (30s)
✔ [4307/4326] Built GroupApproximation.KOne.AllRanksElementary (31s)
✔ [4308/4326] Built GroupApproximation.KOne.ClassicalKOne (30s)
ℹ [4309/4326] Built GroupApproximation.KOne.StableWhitehead (35s)
info: GroupApproximation/KOne/StableWhitehead.lean:308:14: 'GroupApproximation.StableWhitehead.exists_unit_of_mem_elementary2' depends on axioms: [propext,
 Classical.choice,
 Quot.sound]
info: GroupApproximation/KOne/StableWhitehead.lean:309:14: 'GroupApproximation.StableWhitehead.twoBlockUnitEquiv_val_of_diagonalPair' depends on axioms: [propext,
 Classical.choice,
 Quot.sound]
info: GroupApproximation/KOne/StableWhitehead.lean:310:14: 'GroupApproximation.StableWhitehead.glStab_commutator_mem' depends on axioms: [propext, Classical.choice, Quot.sound]
info: GroupApproximation/KOne/StableWhitehead.lean:311:14: 'GroupApproximation.StableWhitehead.commutator_le_elementaryColim' depends on axioms: [propext,
 Classical.choice,
 Quot.sound]
info: GroupApproximation/KOne/StableWhitehead.lean:312:14: 'GroupApproximation.StableWhitehead.elementaryColim_normal' depends on axioms: [propext, Classical.choice, Quot.sound]
ℹ [4310/4326] Built GroupApproximation.KOne.AlgebraicKOne (37s)
info: GroupApproximation/KOne/AlgebraicKOne.lean:136:14: 'GroupApproximation.AlgebraicK.algebraicKOneCommGroup' depends on axioms: [propext, Classical.choice, Quot.sound]
info: GroupApproximation/KOne/AlgebraicKOne.lean:137:14: 'GroupApproximation.AlgebraicK.kappa' depends on axioms: [propext, Classical.choice, Quot.sound]
info: GroupApproximation/KOne/AlgebraicKOne.lean:138:14: 'GroupApproximation.AlgebraicK.kappa_eq_one_iff' depends on axioms: [propext, Classical.choice, Quot.sound]
info: GroupApproximation/KOne/AlgebraicKOne.lean:139:14: 'GroupApproximation.AlgebraicK.classicalGLColim_countable' depends on axioms: [propext, Classical.choice, Quot.sound]
info: GroupApproximation/KOne/AlgebraicKOne.lean:140:14: 'GroupApproximation.AlgebraicK.algebraicKOne_countable' depends on axioms: [propext, Classical.choice, Quot.sound]
ℹ [4311/4326] Built GroupApproximation.KOne.AlgebraicKOneFunctor (41s)
info: GroupApproximation/KOne/AlgebraicKOneFunctor.lean:224:14: 'GroupApproximation.AlgebraicK.stabMatrix_map' depends on axioms: [propext, Quot.sound]
info: GroupApproximation/KOne/AlgebraicKOneFunctor.lean:225:14: 'GroupApproximation.AlgebraicK.glColimMap' depends on axioms: [propext, Classical.choice, Quot.sound]
info: GroupApproximation/KOne/AlgebraicKOneFunctor.lean:226:14: 'GroupApproximation.AlgebraicK.elementaryColim_map_le' depends on axioms: [propext, Classical.choice, Quot.sound]
info: GroupApproximation/KOne/AlgebraicKOneFunctor.lean:227:14: 'GroupApproximation.AlgebraicK.glColimEquiv' depends on axioms: [propext, Classical.choice, Quot.sound]
info: GroupApproximation/KOne/AlgebraicKOneFunctor.lean:228:14: 'GroupApproximation.AlgebraicK.elementaryColim_map_equiv' depends on axioms: [propext, Classical.choice, Quot.sound]
info: GroupApproximation/KOne/AlgebraicKOneFunctor.lean:229:14: 'GroupApproximation.AlgebraicK.algebraicKOneCongr' depends on axioms: [propext, Classical.choice, Quot.sound]
info: GroupApproximation/KOne/AlgebraicKOneFunctor.lean:230:14: 'GroupApproximation.AlgebraicK.moritaKOne_of_selfSimilar' depends on axioms: [propext, Classical.choice, Quot.sound]
ℹ [4312/4326] Built GroupApproximation.KOne.MoritaKOne (42s)
info: GroupApproximation/KOne/MoritaKOne.lean:607:14: 'GroupApproximation.AlgebraicK.blockIndex_lt_iff' depends on axioms: [propext]
info: GroupApproximation/KOne/MoritaKOne.lean:608:14: 'GroupApproximation.AlgebraicK.blockFlatten_stabMatrix' depends on axioms: [propext, Classical.choice, Quot.sound]
info: GroupApproximation/KOne/MoritaKOne.lean:609:14: 'GroupApproximation.AlgebraicK.blockFlatUnitEquiv_glStab' depends on axioms: [propext, Classical.choice, Quot.sound]
info: GroupApproximation/KOne/MoritaKOne.lean:610:14: 'GroupApproximation.AlgebraicK.blockFlatUnitEquiv_elementary_map' depends on axioms: [propext,
 Classical.choice,
 Quot.sound]
info: GroupApproximation/KOne/MoritaKOne.lean:611:14: 'GroupApproximation.AlgebraicK.glStab_elementaryGroup_le' depends on axioms: [propext, Classical.choice, Quot.sound]
info: GroupApproximation/KOne/MoritaKOne.lean:612:14: 'GroupApproximation.AlgebraicK.moritaGLEquiv' depends on axioms: [propext, Classical.choice, Quot.sound]
info: GroupApproximation/KOne/MoritaKOne.lean:613:14: 'GroupApproximation.AlgebraicK.moritaGLEquiv_elementaryColim' depends on axioms: [propext, Classical.choice, Quot.sound]
info: GroupApproximation/KOne/MoritaKOne.lean:614:14: 'GroupApproximation.AlgebraicK.moritaKOneEquiv' depends on axioms: [propext, Classical.choice, Quot.sound]
info: GroupApproximation/KOne/MoritaKOne.lean:615:14: 'GroupApproximation.AlgebraicK.morita_algebraicKOne' depends on axioms: [propext, Classical.choice, Quot.sound]
info: GroupApproximation/KOne/MoritaKOne.lean:616:14: 'GroupApproximation.AlgebraicK.moritaKOneEquiv_kappa' depends on axioms: [propext, Classical.choice, Quot.sound]
ℹ [4313/4326] Built GroupApproximation.KOne.FieldKOneDeterminant (58s)
info: GroupApproximation/KOne/FieldKOneDeterminant.lean:403:14: 'GroupApproximation.AlgebraicK.detUnits_elementaryUnit' depends on axioms: [propext, Classical.choice, Quot.sound]
info: GroupApproximation/KOne/FieldKOneDeterminant.lean:404:14: 'GroupApproximation.AlgebraicK.detUnits_diagAt' depends on axioms: [propext, Classical.choice, Quot.sound]
info: GroupApproximation/KOne/FieldKOneDeterminant.lean:405:14: 'GroupApproximation.AlgebraicK.hasSingleSandwichDivision_of_field' depends on axioms: [propext,
 Classical.choice,
 Quot.sound]
info: GroupApproximation/KOne/FieldKOneDeterminant.lean:406:14: 'GroupApproximation.AlgebraicK.ker_detUnits' depends on axioms: [propext, Classical.choice, Quot.sound]
info: GroupApproximation/KOne/FieldKOneDeterminant.lean:407:14: 'GroupApproximation.AlgebraicK.glStab_diagAt' depends on axioms: [propext, Classical.choice, Quot.sound]
info: GroupApproximation/KOne/FieldKOneDeterminant.lean:408:14: 'GroupApproximation.AlgebraicK.detUnits_glStab' depends on axioms: [propext, Classical.choice, Quot.sound]
info: GroupApproximation/KOne/FieldKOneDeterminant.lean:409:14: 'GroupApproximation.AlgebraicK.ker_detColim' depends on axioms: [propext, Classical.choice, Quot.sound]
info: GroupApproximation/KOne/FieldKOneDeterminant.lean:410:14: 'GroupApproximation.AlgebraicK.fieldKOneEquiv' depends on axioms: [propext, Classical.choice, Quot.sound]
info: GroupApproximation/KOne/FieldKOneDeterminant.lean:411:14: 'GroupApproximation.AlgebraicK.fieldKOneEquiv_kappa' depends on axioms: [propext, Classical.choice, Quot.sound]
info: GroupApproximation/KOne/FieldKOneDeterminant.lean:412:14: 'GroupApproximation.AlgebraicK.field_algebraicKOne' depends on axioms: [propext, Classical.choice, Quot.sound]
info: GroupApproximation/KOne/FieldKOneDeterminant.lean:413:14: 'GroupApproximation.AlgebraicK.algebraicKOneMap' depends on axioms: [propext, Classical.choice, Quot.sound]
info: GroupApproximation/KOne/FieldKOneDeterminant.lean:414:14: 'GroupApproximation.AlgebraicK.detUnits_blockFlat_map_scalar' depends on axioms: [propext, Classical.choice, Quot.sound]
info: GroupApproximation/KOne/FieldKOneDeterminant.lean:415:14: 'GroupApproximation.AlgebraicK.fieldKOneEquiv_scalarMap' depends on axioms: [propext, Classical.choice, Quot.sound]
Some required targets logged failures:
- GroupApproximation.BooneHigman.Metabelian.AffineFPIdentities
- GroupApproximation.BooneHigman.Metabelian.AffineFPModel
- GroupApproximation.BooneHigman.Metabelian.CharZeroHost.Letters
- GroupApproximation.BooneHigman.Metabelian.EnvelopeCantorAction
- GroupApproximation.BooneHigman.Metabelian.CoprimaryModule
- GroupApproximation.BooneHigman.Metabelian.TorsionFreeCoprimaryBlock
- GroupApproximation.BooneHigman.Metabelian.CharPHost.CarryRecursion
- GroupApproximation.BooneHigman.Metabelian.PureCharZeroMatrix
- GroupApproximation.BooneHigman.Metabelian.PureCharZeroCocycle
- GroupApproximation.BooneHigman.Metabelian.CharPCoordsFreeMul
- GroupApproximation.BooneHigman.Metabelian.PureCharPrimeEBase
- GroupApproximation.BooneHigman.Metabelian.CharZeroCoordsDenominators
- GroupApproximation.BooneHigman.Metabelian.CharPHost.TreeWord
- GroupApproximation.Manuscript.SimpleKazhdanSofic.LeavittK2.RowColumn.VecProd
- GroupApproximation.BooneHigman.Metabelian.TorsionFreeNoetherLocalize
- GroupApproximation.Manuscript.SimpleKazhdanSofic.LeavittK2.PaddedCentral.MatrixId
- GroupApproximation.BooneHigman.Metabelian.CharPCoordsAssembly
- GroupApproximation.BooneHigman.Metabelian.EnvelopeGenTorsionNakayama
- GroupApproximation.BooneHigman.Metabelian.EnvelopeFiniteIndexAbel
- GroupApproximation.BooneHigman.Metabelian.PureCharPrimeEHighWittECoeff
- GroupApproximation.BooneHigman.Metabelian.PureCharPrimeEHighCoprimaryFp
- GroupApproximation.BooneHigman.Metabelian.PureCharPrimeEHighArtinHasseAlg
- GroupApproximation.Manuscript.SimpleKazhdanSofic.SkRows.SteinbergWeyl.Diagonal
- GroupApproximation.BooneHigman.Metabelian.PureCharPrimeEHighWittEBase
- GroupApproximation.Manuscript.SimpleKazhdanSofic.LeavittK2.PaddedCentral.Vectors
- GroupApproximation.BooneHigman.Metabelian.EnvelopeHigmanVGenFamily
- GroupApproximation.BooneHigman.Metabelian.EnvelopeHigmanVSwapGenAll
- GroupApproximation.Manuscript.SimpleKazhdanSofic.LeavittK2.FieldTwoAction
- GroupApproximation.BooneHigman.Metabelian.ElemFPKMRoots
- GroupApproximation.BooneHigman.Metabelian.AbsorptionSuslinEuclidKill
error: build failed
