L1 AAAtATatatAATTaattaTT [s=a0 rankA=3 sZ=(2, 2) lg=PASS] [s=a1 rankA=1 sZ=(1, 1) lg=PASS] [s=a2 S-EXP-NONZERO] -> ZSTABLE via s=a0
L1 AAAtATatatATTaattaaTT [s=a0 rankA=3 sZ=(2, 2) lg=PASS] [s=a1 rankA=1 sZ=(1, 1) lg=PASS] [s=a2 S-EXP-NONZERO] -> ZSTABLE via s=a0
L1 AAAtATatataTTaattAATT [s=a0 rankA=3 sZ=(2, 2) lg=PASS] [s=a1 rankA=1 sZ=(1, 1) lg=PASS] [s=a2 S-EXP-NONZERO] -> ZSTABLE via s=a0
L1 AAAtATatataaTTaattATT [s=a0 rankA=3 sZ=(2, 2) lg=PASS] [s=a1 rankA=1 sZ=(1, 1) lg=PASS] [s=a2 S-EXP-NONZERO] -> ZSTABLE via s=a0
L1 AAAtATattAATTaatataTT [s=a0 rankA=5 sZ=(4, 4) lg=PASS] [s=a1 rankA=2 sZ=(2, 2) lg=PASS] [s=a2 S-EXP-NONZERO] -> ZSTABLE via s=a0
L1 AAAtATattAATTaattaTaT [s=a0 rankA=5 sZ=(4, 4) lg=PASS] [s=a1 VERTEX-NONFREE(9)] [s=a2 S-EXP-NONZERO] -> ZSTABLE via s=a0
L1 AAAtATattAATaTaattaTT [s=a0 rankA=3 sZ=(3, 3) lg=PASS] [s=a1 rankA=2 sZ=(2, 2) lg=PASS] [s=a2 S-EXP-NONZERO] -> ZSTABLE via s=a0
L1 AAAtATattATTaatataaTT [s=a0 rankA=5 sZ=(4, 4) lg=PASS] [s=a1 rankA=2 sZ=(2, 2) lg=PASS] [s=a2 S-EXP-NONZERO] -> ZSTABLE via s=a0
L1 AAAtATattATTaattaaTaT [s=a0 rankA=5 sZ=(4, 4) lg=PASS] [s=a1 VERTEX-NONFREE(9)] [s=a2 S-EXP-NONZERO] -> ZSTABLE via s=a0
L1 AAAtATattATaTaattaaTT [s=a0 rankA=3 sZ=(3, 3) lg=PASS] [s=a1 rankA=2 sZ=(2, 2) lg=PASS] [s=a2 S-EXP-NONZERO] -> ZSTABLE via s=a0
L1 AAAtATattaTTaatatAATT [s=a0 rankA=5 sZ=(4, 4) lg=PASS] [s=a1 rankA=2 sZ=(2, 2) lg=PASS] [s=a2 S-EXP-NONZERO] -> ZSTABLE via s=a0
L1 AAAtATattaTTaattAATaT [s=a0 rankA=5 sZ=(4, 4) lg=PASS] [s=a1 VERTEX-NONFREE(9)] [s=a2 S-EXP-NONZERO] -> ZSTABLE via s=a0
L1 AAAtATattaTaTaattAATT [s=a0 rankA=3 sZ=(3, 3) lg=PASS] [s=a1 rankA=2 sZ=(2, 2) lg=PASS] [s=a2 S-EXP-NONZERO] -> ZSTABLE via s=a0
L1 AAAtATattaaTTaatatATT [s=a0 rankA=5 sZ=(4, 4) lg=PASS] [s=a1 rankA=2 sZ=(2, 2) lg=PASS] [s=a2 S-EXP-NONZERO] -> ZSTABLE via s=a0
L1 AAAtATattaaTTaattATaT [s=a0 rankA=5 sZ=(4, 4) lg=PASS] [s=a1 VERTEX-NONFREE(9)] [s=a2 S-EXP-NONZERO] -> ZSTABLE via s=a0
L1 AAAtATattaaTaTaattATT [s=a0 rankA=3 sZ=(3, 3) lg=PASS] [s=a1 rankA=2 sZ=(2, 2) lg=PASS] [s=a2 S-EXP-NONZERO] -> ZSTABLE via s=a0
L1 AAAtATaatatAATTattaTT [s=a0 rankA=3 sZ=(2, 2) lg=PASS] [s=a1 VERTEX-NONFREE(9)] [s=a2 S-EXP-NONZERO] -> ZSTABLE via s=a0
L1 AAAtATaatatATTattaaTT [s=a0 rankA=3 sZ=(2, 2) lg=PASS] [s=a1 VERTEX-NONFREE(9)] [s=a2 S-EXP-NONZERO] -> ZSTABLE via s=a0
L1 AAAtATaatataTTattAATT [s=a0 rankA=3 sZ=(2, 2) lg=PASS] [s=a1 VERTEX-NONFREE(9)] [s=a2 S-EXP-NONZERO] -> ZSTABLE via s=a0
L1 AAAtATaatataaTTattATT [s=a0 rankA=3 sZ=(2, 2) lg=PASS] [s=a1 VERTEX-NONFREE(9)] [s=a2 S-EXP-NONZERO] -> ZSTABLE via s=a0
L1 AAAtATaattAATTatataTT [s=a0 rankA=4 sZ=(3, 3) lg=PASS] [s=a1 rankA=2 sZ=(2, 2) lg=PASS] [s=a2 S-EXP-NONZERO] -> ZSTABLE via s=a0
L1 AAAtATaattAATTattaTaT [s=a0 rankA=4 sZ=(3, 3) lg=PASS] [s=a1 VERTEX-NONFREE(9)] [s=a2 S-EXP-NONZERO] -> ZSTABLE via s=a0
L1 AAAtATaattAATaTattaTT [s=a0 rankA=3 sZ=(3, 3) lg=PASS] [s=a1 rankA=2 sZ=(2, 2) lg=PASS] [s=a2 S-EXP-NONZERO] -> ZSTABLE via s=a0
L1 AAAtATaattATTatataaTT [s=a0 rankA=4 sZ=(3, 3) lg=PASS] [s=a1 rankA=2 sZ=(2, 2) lg=PASS] [s=a2 S-EXP-NONZERO] -> ZSTABLE via s=a0
L1 AAAtATaattATTattaaTaT [s=a0 rankA=4 sZ=(3, 3) lg=PASS] [s=a1 VERTEX-NONFREE(9)] [s=a2 S-EXP-NONZERO] -> ZSTABLE via s=a0
L1 AAAtATaattATaTattaaTT [s=a0 rankA=3 sZ=(3, 3) lg=PASS] [s=a1 rankA=2 sZ=(2, 2) lg=PASS] [s=a2 S-EXP-NONZERO] -> ZSTABLE via s=a0
L1 AAAtATaattaTTatatAATT [s=a0 rankA=4 sZ=(3, 3) lg=PASS] [s=a1 rankA=2 sZ=(2, 2) lg=PASS] [s=a2 S-EXP-NONZERO] -> ZSTABLE via s=a0
L1 AAAtATaattaTTattAATaT [s=a0 rankA=4 sZ=(3, 3) lg=PASS] [s=a1 VERTEX-NONFREE(9)] [s=a2 S-EXP-NONZERO] -> ZSTABLE via s=a0
L1 AAAtATaattaTaTattAATT [s=a0 rankA=3 sZ=(3, 3) lg=PASS] [s=a1 rankA=2 sZ=(2, 2) lg=PASS] [s=a2 S-EXP-NONZERO] -> ZSTABLE via s=a0
L1 AAAtATaattaaTTatatATT [s=a0 rankA=4 sZ=(3, 3) lg=PASS] [s=a1 rankA=2 sZ=(2, 2) lg=PASS] [s=a2 S-EXP-NONZERO] -> ZSTABLE via s=a0
L1 AAAtATaattaaTTattATaT [s=a0 rankA=4 sZ=(3, 3) lg=PASS] [s=a1 VERTEX-NONFREE(9)] [s=a2 S-EXP-NONZERO] -> ZSTABLE via s=a0
L1 AAAtATaattaaTaTattATT [s=a0 rankA=3 sZ=(3, 3) lg=PASS] [s=a1 rankA=2 sZ=(2, 2) lg=PASS] [s=a2 S-EXP-NONZERO] -> ZSTABLE via s=a0
L1 AAAtAtAATTataTaattaTT [s=a0 rankA=4 sZ=(4, 4) lg=PASS] [s=a1 rankA=2 sZ=(2, 2) lg=PASS] [s=a2 S-EXP-NONZERO] -> ZSTABLE via s=a0
L1 AAAtAtAATTattaTTaataT [s=a0 rankA=4 sZ=(3, 3) lg=PASS] [s=a1 VERTEX-NONFREE(9)] [s=a2 S-EXP-NONZERO] -> ZSTABLE via s=a0
L1 AAAtAtAATTaataTattaTT [s=a0 rankA=5 sZ=(5, 5) lg=PASS] [s=a1 rankA=2 sZ=(2, 2) lg=PASS] [s=a2 S-EXP-NONZERO] -> ZSTABLE via s=a0
L1 AAAtAtAATTaattaTTataT [s=a0 rankA=5 sZ=(4, 4) lg=PASS] [s=a1 VERTEX-NONFREE(9)] [s=a2 S-EXP-NONZERO] -> ZSTABLE via s=a0
L1 AAAtAtAATTaattaTataTT [s=a0 S-EXP-NONZERO] [s=a1 rankA=2 sZ=(2, 2) lg=PASS] [s=a2 rankA=3 sZ=(3, 3) lg=PASS] -> ZSTABLE via s=a1
L1 AAAtAtAATataTTaattaTT [s=a0 S-EXP-NONZERO] [s=a1 VERTEX-NONFREE(9)] [s=a2 rankA=3 sZ=(3, 3) lg=PASS] -> ZSTABLE via s=a2
L1 AAAtAtATTataTaattaaTT [s=a0 rankA=4 sZ=(4, 4) lg=PASS] [s=a1 rankA=2 sZ=(2, 2) lg=PASS] [s=a2 S-EXP-NONZERO] -> ZSTABLE via s=a0
L1 AAAtAtATTattaaTTaataT [s=a0 rankA=4 sZ=(3, 3) lg=PASS] [s=a1 VERTEX-NONFREE(9)] [s=a2 S-EXP-NONZERO] -> ZSTABLE via s=a0
L1 AAAtAtATTaataTattaaTT [s=a0 rankA=5 sZ=(5, 5) lg=PASS] [s=a1 rankA=2 sZ=(2, 2) lg=PASS] [s=a2 S-EXP-NONZERO] -> ZSTABLE via s=a0
L1 AAAtAtATTaattATataaTT [s=a0 S-EXP-NONZERO] [s=a1 VERTEX-NONFREE(9)] [s=a2 rankA=3 sZ=(3, 3) lg=PASS] -> ZSTABLE via s=a2
L1 AAAtAtATTaattaaTTataT [s=a0 rankA=5 sZ=(4, 4) lg=PASS] [s=a1 VERTEX-NONFREE(9)] [s=a2 S-EXP-NONZERO] -> ZSTABLE via s=a0
L1 AAAtAtATTaattaaTatATT [s=a0 S-EXP-NONZERO] [s=a1 rankA=2 sZ=(2, 2) lg=PASS] [s=a2 rankA=2 sZ=(2, 2) lg=PASS] -> ZSTABLE via s=a1
L1 AAAtAtATatATTaattaaTT [s=a0 S-EXP-NONZERO] [s=a1 rankA=1 sZ=(1, 1) lg=PASS] [s=a2 rankA=3 sZ=(3, 3) lg=PASS] -> ZSTABLE via s=a1
L1 AAAtAtATataaTTaattATT [s=a0 S-EXP-NONZERO] [s=a1 rankA=1 sZ=(1, 1) lg=PASS] [s=a2 rankA=2 sZ=(2, 2) lg=PASS] -> ZSTABLE via s=a1
L1 AAAtAtaTTataTaattAATT [s=a0 rankA=4 sZ=(4, 4) lg=PASS] [s=a1 rankA=2 sZ=(2, 2) lg=PASS] [s=a2 S-EXP-NONZERO] -> ZSTABLE via s=a0
L1 AAAtAtaTTattAATTaataT [s=a0 rankA=4 sZ=(3, 3) lg=PASS] [s=a1 VERTEX-NONFREE(9)] [s=a2 S-EXP-NONZERO] -> ZSTABLE via s=a0
L1 AAAtAtaTTaataTattAATT [s=a0 rankA=5 sZ=(5, 5) lg=PASS] [s=a1 rankA=2 sZ=(2, 2) lg=PASS] [s=a2 S-EXP-NONZERO] -> ZSTABLE via s=a0
L1 AAAtAtaTTaattAATTataT [s=a0 rankA=5 sZ=(4, 4) lg=PASS] [s=a1 VERTEX-NONFREE(9)] [s=a2 S-EXP-NONZERO] -> ZSTABLE via s=a0
L1 AAAtAtaTTaattAATataTT [s=a0 S-EXP-NONZERO] [s=a1 rankA=2 sZ=(2, 2) lg=PASS] [s=a2 rankA=2 sZ=(2, 2) lg=PASS] -> ZSTABLE via s=a1
L1 AAAtAtaTTaattaTatAATT [s=a0 S-EXP-NONZERO] [s=a1 VERTEX-NONFREE(9)] [s=a2 rankA=3 sZ=(3, 3) lg=PASS] -> ZSTABLE via s=a2
L1 AAAtAtaTatAATTaattaTT [s=a0 S-EXP-NONZERO] [s=a1 rankA=1 sZ=(1, 1) lg=PASS] [s=a2 rankA=2 sZ=(2, 2) lg=PASS] -> ZSTABLE via s=a1
L1 AAAtAtaTataTTaattAATT [s=a0 S-EXP-NONZERO] [s=a1 rankA=1 sZ=(1, 1) lg=PASS] [s=a2 rankA=3 sZ=(3, 3) lg=PASS] -> ZSTABLE via s=a1
L1 AAAtAtaaTTataTaattATT [s=a0 rankA=4 sZ=(4, 4) lg=PASS] [s=a1 rankA=2 sZ=(2, 2) lg=PASS] [s=a2 S-EXP-NONZERO] -> ZSTABLE via s=a0
L1 AAAtAtaaTTattATTaataT [s=a0 rankA=4 sZ=(3, 3) lg=PASS] [s=a1 VERTEX-NONFREE(9)] [s=a2 S-EXP-NONZERO] -> ZSTABLE via s=a0
L1 AAAtAtaaTTaataTattATT [s=a0 rankA=5 sZ=(5, 5) lg=PASS] [s=a1 rankA=2 sZ=(2, 2) lg=PASS] [s=a2 S-EXP-NONZERO] -> ZSTABLE via s=a0
L1 AAAtAtaaTTaattATTataT [s=a0 rankA=5 sZ=(4, 4) lg=PASS] [s=a1 VERTEX-NONFREE(9)] [s=a2 S-EXP-NONZERO] -> ZSTABLE via s=a0
L1 AAAtAtaaTTaattATatATT [s=a0 S-EXP-NONZERO] [s=a1 rankA=2 sZ=(2, 2) lg=PASS] [s=a2 rankA=3 sZ=(3, 3) lg=PASS] -> ZSTABLE via s=a1
L1 AAAtAtaaTatATTaattATT [s=a0 S-EXP-NONZERO] [s=a1 VERTEX-NONFREE(9)] [s=a2 rankA=3 sZ=(3, 3) lg=PASS] -> ZSTABLE via s=a2
L1 AAAtaTatAtAATTaattaTT [s=a0 rankA=3 sZ=(2, 2) lg=PASS] [s=a1 rankA=1 sZ=(1, 1) lg=PASS] [s=a2 S-EXP-NONZERO] -> ZSTABLE via s=a0
L1 AAAtaTatAtATTaattaaTT [s=a0 rankA=3 sZ=(2, 2) lg=PASS] [s=a1 rankA=1 sZ=(1, 1) lg=PASS] [s=a2 S-EXP-NONZERO] -> ZSTABLE via s=a0
L1 AAAtaTatAtaTTaattAATT [s=a0 rankA=3 sZ=(2, 2) lg=PASS] [s=a1 rankA=1 sZ=(1, 1) lg=PASS] [s=a2 S-EXP-NONZERO] -> ZSTABLE via s=a0
L1 AAAtaTatAtaaTTaattATT [s=a0 rankA=3 sZ=(2, 2) lg=PASS] [s=a1 rankA=1 sZ=(1, 1) lg=PASS] [s=a2 S-EXP-NONZERO] -> ZSTABLE via s=a0
L1 AAAtaTattAATTaatAtaTT [s=a0 rankA=5 sZ=(4, 4) lg=PASS] [s=a1 rankA=2 sZ=(2, 2) lg=PASS] [s=a2 S-EXP-NONZERO] -> ZSTABLE via s=a0
L1 AAAtaTattAATATaattaTT [s=a0 rankA=3 sZ=(3, 3) lg=PASS] [s=a1 rankA=2 sZ=(2, 2) lg=PASS] [s=a2 S-EXP-NONZERO] -> ZSTABLE via s=a0
L1 AAAtaTattATTaatAtaaTT [s=a0 rankA=5 sZ=(4, 4) lg=PASS] [s=a1 rankA=2 sZ=(2, 2) lg=PASS] [s=a2 S-EXP-NONZERO] -> ZSTABLE via s=a0
L1 AAAtaTattATATaattaaTT [s=a0 rankA=3 sZ=(3, 3) lg=PASS] [s=a1 rankA=2 sZ=(2, 2) lg=PASS] [s=a2 S-EXP-NONZERO] -> ZSTABLE via s=a0
L1 AAAtaTattaTTaatAtAATT [s=a0 rankA=5 sZ=(4, 4) lg=PASS] [s=a1 rankA=2 sZ=(2, 2) lg=PASS] [s=a2 S-EXP-NONZERO] -> ZSTABLE via s=a0
L1 AAAtaTattaTATaattAATT [s=a0 rankA=3 sZ=(3, 3) lg=PASS] [s=a1 rankA=2 sZ=(2, 2) lg=PASS] [s=a2 S-EXP-NONZERO] -> ZSTABLE via s=a0
L1 AAAtaTattaaTTaatAtATT [s=a0 rankA=5 sZ=(4, 4) lg=PASS] [s=a1 rankA=2 sZ=(2, 2) lg=PASS] [s=a2 S-EXP-NONZERO] -> ZSTABLE via s=a0
L1 AAAtaTattaaTATaattATT [s=a0 rankA=3 sZ=(3, 3) lg=PASS] [s=a1 rankA=2 sZ=(2, 2) lg=PASS] [s=a2 S-EXP-NONZERO] -> ZSTABLE via s=a0
L1 AAAtaTaatAtAATTattaTT [s=a0 rankA=3 sZ=(2, 2) lg=PASS] [s=a1 VERTEX-NONFREE(9)] [s=a2 S-EXP-NONZERO] -> ZSTABLE via s=a0
L1 AAAtaTaatAtATTattaaTT [s=a0 rankA=3 sZ=(2, 2) lg=PASS] [s=a1 VERTEX-NONFREE(9)] [s=a2 S-EXP-NONZERO] -> ZSTABLE via s=a0
L1 AAAtaTaatAtaTTattAATT [s=a0 rankA=3 sZ=(2, 2) lg=PASS] [s=a1 VERTEX-NONFREE(9)] [s=a2 S-EXP-NONZERO] -> ZSTABLE via s=a0
L1 AAAtaTaatAtaaTTattATT [s=a0 rankA=3 sZ=(2, 2) lg=PASS] [s=a1 VERTEX-NONFREE(9)] [s=a2 S-EXP-NONZERO] -> ZSTABLE via s=a0
L1 AAAtaTaattAATTatAtaTT [s=a0 rankA=4 sZ=(3, 3) lg=PASS] [s=a1 rankA=2 sZ=(2, 2) lg=PASS] [s=a2 S-EXP-NONZERO] -> ZSTABLE via s=a0
L1 AAAtaTaattAATATattaTT [s=a0 rankA=3 sZ=(3, 3) lg=PASS] [s=a1 rankA=2 sZ=(2, 2) lg=PASS] [s=a2 S-EXP-NONZERO] -> ZSTABLE via s=a0
L1 AAAtaTaattATTatAtaaTT [s=a0 rankA=4 sZ=(3, 3) lg=PASS] [s=a1 rankA=2 sZ=(2, 2) lg=PASS] [s=a2 S-EXP-NONZERO] -> ZSTABLE via s=a0
L1 AAAtaTaattATATattaaTT [s=a0 rankA=3 sZ=(3, 3) lg=PASS] [s=a1 rankA=2 sZ=(2, 2) lg=PASS] [s=a2 S-EXP-NONZERO] -> ZSTABLE via s=a0
L1 AAAtaTaattaTTatAtAATT [s=a0 rankA=4 sZ=(3, 3) lg=PASS] [s=a1 rankA=2 sZ=(2, 2) lg=PASS] [s=a2 S-EXP-NONZERO] -> ZSTABLE via s=a0
L1 AAAtaTaattaTATattAATT [s=a0 rankA=3 sZ=(3, 3) lg=PASS] [s=a1 rankA=2 sZ=(2, 2) lg=PASS] [s=a2 S-EXP-NONZERO] -> ZSTABLE via s=a0
L1 AAAtaTaattaaTTatAtATT [s=a0 rankA=4 sZ=(3, 3) lg=PASS] [s=a1 rankA=2 sZ=(2, 2) lg=PASS] [s=a2 S-EXP-NONZERO] -> ZSTABLE via s=a0
L1 AAAtaTaattaaTATattATT [s=a0 rankA=3 sZ=(3, 3) lg=PASS] [s=a1 rankA=2 sZ=(2, 2) lg=PASS] [s=a2 S-EXP-NONZERO] -> ZSTABLE via s=a0
L1 AAAtatAATTatATaattaTT [s=a0 rankA=4 sZ=(4, 4) lg=PASS] [s=a1 rankA=2 sZ=(2, 2) lg=PASS] [s=a2 S-EXP-NONZERO] -> ZSTABLE via s=a0
L1 AAAtatAATTaatATattaTT [s=a0 rankA=5 sZ=(5, 5) lg=PASS] [s=a1 rankA=2 sZ=(2, 2) lg=PASS] [s=a2 S-EXP-NONZERO] -> ZSTABLE via s=a0
L1 AAAtatAATTaattaTAtaTT [s=a0 S-EXP-NONZERO] [s=a1 rankA=2 sZ=(2, 2) lg=PASS] [s=a2 rankA=3 sZ=(3, 3) lg=PASS] -> ZSTABLE via s=a1
L1 AAAtatAATAtaTTaattaTT [s=a0 S-EXP-NONZERO] [s=a1 VERTEX-NONFREE(9)] [s=a2 rankA=3 sZ=(3, 3) lg=PASS] -> ZSTABLE via s=a2
L1 AAAtatATTatATaattaaTT [s=a0 rankA=4 sZ=(4, 4) lg=PASS] [s=a1 rankA=2 sZ=(2, 2) lg=PASS] [s=a2 S-EXP-NONZERO] -> ZSTABLE via s=a0
L1 AAAtatATTaatATattaaTT [s=a0 rankA=5 sZ=(5, 5) lg=PASS] [s=a1 rankA=2 sZ=(2, 2) lg=PASS] [s=a2 S-EXP-NONZERO] -> ZSTABLE via s=a0
L1 AAAtatATTaattATAtaaTT [s=a0 S-EXP-NONZERO] [s=a1 VERTEX-NONFREE(9)] [s=a2 rankA=3 sZ=(3, 3) lg=PASS] -> ZSTABLE via s=a2
L1 AAAtatATTaattaaTAtATT [s=a0 S-EXP-NONZERO] [s=a1 rankA=2 sZ=(2, 2) lg=PASS] [s=a2 rankA=2 sZ=(2, 2) lg=PASS] -> ZSTABLE via s=a1
L1 AAAtatATAtATTaattaaTT [s=a0 S-EXP-NONZERO] [s=a1 rankA=1 sZ=(1, 1) lg=PASS] [s=a2 rankA=3 sZ=(3, 3) lg=PASS] -> ZSTABLE via s=a1
L1 AAAtatATAtaaTTaattATT [s=a0 S-EXP-NONZERO] [s=a1 rankA=1 sZ=(1, 1) lg=PASS] [s=a2 rankA=2 sZ=(2, 2) lg=PASS] -> ZSTABLE via s=a1
L1 AAAtataTTatATaattAATT [s=a0 rankA=4 sZ=(4, 4) lg=PASS] [s=a1 rankA=2 sZ=(2, 2) lg=PASS] [s=a2 S-EXP-NONZERO] -> ZSTABLE via s=a0
L1 AAAtataTTaatATattAATT [s=a0 rankA=5 sZ=(5, 5) lg=PASS] [s=a1 rankA=2 sZ=(2, 2) lg=PASS] [s=a2 S-EXP-NONZERO] -> ZSTABLE via s=a0
L1 AAAtataTTaattAATAtaTT [s=a0 S-EXP-NONZERO] [s=a1 rankA=2 sZ=(2, 2) lg=PASS] [s=a2 rankA=2 sZ=(2, 2) lg=PASS] -> ZSTABLE via s=a1
L1 AAAtataTTaattaTAtAATT [s=a0 S-EXP-NONZERO] [s=a1 VERTEX-NONFREE(9)] [s=a2 rankA=3 sZ=(3, 3) lg=PASS] -> ZSTABLE via s=a2
L1 AAAtataTAtAATTaattaTT [s=a0 S-EXP-NONZERO] [s=a1 rankA=1 sZ=(1, 1) lg=PASS] [s=a2 rankA=2 sZ=(2, 2) lg=PASS] -> ZSTABLE via s=a1
L1 AAAtataTAtaTTaattAATT [s=a0 S-EXP-NONZERO] [s=a1 rankA=1 sZ=(1, 1) lg=PASS] [s=a2 rankA=3 sZ=(3, 3) lg=PASS] -> ZSTABLE via s=a1
L1 AAAtataaTTatATaattATT [s=a0 rankA=4 sZ=(4, 4) lg=PASS] [s=a1 rankA=2 sZ=(2, 2) lg=PASS] [s=a2 S-EXP-NONZERO] -> ZSTABLE via s=a0
L1 AAAtataaTTaatATattATT [s=a0 rankA=5 sZ=(5, 5) lg=PASS] [s=a1 rankA=2 sZ=(2, 2) lg=PASS] [s=a2 S-EXP-NONZERO] -> ZSTABLE via s=a0
L1 AAAtataaTTaattATAtATT [s=a0 S-EXP-NONZERO] [s=a1 rankA=2 sZ=(2, 2) lg=PASS] [s=a2 rankA=3 sZ=(3, 3) lg=PASS] -> ZSTABLE via s=a1
L1 AAAtataaTAtATTaattATT [s=a0 S-EXP-NONZERO] [s=a1 VERTEX-NONFREE(9)] [s=a2 rankA=3 sZ=(3, 3) lg=PASS] -> ZSTABLE via s=a2
L1 AAAttAATTatATaatataTT [s=a0 rankA=5 sZ=(4, 4) lg=PASS] [s=a1 VERTEX-NONFREE(9)] [s=a2 S-EXP-NONZERO] -> ZSTABLE via s=a0
L1 AAAttAATTataTaatAtaTT [s=a0 rankA=5 sZ=(4, 4) lg=PASS] [s=a1 VERTEX-NONFREE(9)] [s=a2 S-EXP-NONZERO] -> ZSTABLE via s=a0
L1 AAAttAATTaatATatataTT [s=a0 rankA=4 sZ=(3, 3) lg=PASS] [s=a1 rankA=1 sZ=(1, 1) lg=PASS] [s=a2 S-EXP-NONZERO] -> ZSTABLE via s=a0
L1 AAAttAATTaatAtaTataTT [s=a0 S-EXP-NONZERO] [s=a1 rankA=1 sZ=(1, 1) lg=PASS] [s=a2 rankA=3 sZ=(3, 3) lg=PASS] -> ZSTABLE via s=a1
L1 AAAttAATTaataTatAtaTT [s=a0 rankA=4 sZ=(3, 3) lg=PASS] [s=a1 rankA=1 sZ=(1, 1) lg=PASS] [s=a2 S-EXP-NONZERO] -> ZSTABLE via s=a0
L1 AAAttAATTaatataTAtaTT [s=a0 S-EXP-NONZERO] [s=a1 rankA=1 sZ=(1, 1) lg=PASS] [s=a2 rankA=3 sZ=(3, 3) lg=PASS] -> ZSTABLE via s=a1
L1 AAAttAATATataTaattaTT [s=a0 rankA=4 sZ=(3, 3) lg=PASS] [s=a1 rankA=1 sZ=(1, 1) lg=PASS] [s=a2 S-EXP-NONZERO] -> ZSTABLE via s=a0
L1 AAAttAATATaataTattaTT [s=a0 rankA=5 sZ=(4, 4) lg=PASS] [s=a1 VERTEX-NONFREE(9)] [s=a2 S-EXP-NONZERO] -> ZSTABLE via s=a0
L1 AAAttAATATaattaTataTT [s=a0 S-EXP-NONZERO] [s=a1 rankA=2 sZ=(2, 2) lg=PASS] [s=a2 rankA=3 sZ=(3, 3) lg=PASS] -> ZSTABLE via s=a1
L1 AAAttAATAtaTTaatataTT [s=a0 S-EXP-NONZERO] [s=a1 rankA=2 sZ=(2, 2) lg=PASS] [s=a2 rankA=2 sZ=(2, 2) lg=PASS] -> ZSTABLE via s=a1
L1 AAAttAATAtaTaTaattaTT [s=a0 S-EXP-NONZERO] [s=a1 rankA=1 sZ=(1, 1) lg=PASS] [s=a2 rankA=2 sZ=(2, 2) lg=PASS] -> ZSTABLE via s=a1
L1 AAAttAATaTatATaattaTT [s=a0 rankA=4 sZ=(3, 3) lg=PASS] [s=a1 rankA=1 sZ=(1, 1) lg=PASS] [s=a2 S-EXP-NONZERO] -> ZSTABLE via s=a0
L1 AAAttAATaTaatATattaTT [s=a0 rankA=5 sZ=(4, 4) lg=PASS] [s=a1 VERTEX-NONFREE(9)] [s=a2 S-EXP-NONZERO] -> ZSTABLE via s=a0
L1 AAAttAATaTaattaTAtaTT [s=a0 S-EXP-NONZERO] [s=a1 rankA=2 sZ=(2, 2) lg=PASS] [s=a2 rankA=3 sZ=(3, 3) lg=PASS] -> ZSTABLE via s=a1
L1 AAAttAATataTTaatAtaTT [s=a0 S-EXP-NONZERO] [s=a1 rankA=2 sZ=(2, 2) lg=PASS] [s=a2 rankA=2 sZ=(2, 2) lg=PASS] -> ZSTABLE via s=a1
L1 AAAttAATataTATaattaTT [s=a0 S-EXP-NONZERO] [s=a1 rankA=1 sZ=(1, 1) lg=PASS] [s=a2 rankA=2 sZ=(2, 2) lg=PASS] -> ZSTABLE via s=a1
L1 AAAttATTatATaatataaTT [s=a0 rankA=5 sZ=(4, 4) lg=PASS] [s=a1 VERTEX-NONFREE(9)] [s=a2 S-EXP-NONZERO] -> ZSTABLE via s=a0
L1 AAAttATTataTaatAtaaTT [s=a0 rankA=5 sZ=(4, 4) lg=PASS] [s=a1 VERTEX-NONFREE(9)] [s=a2 S-EXP-NONZERO] -> ZSTABLE via s=a0
L1 AAAttATTaatATatataaTT [s=a0 rankA=4 sZ=(3, 3) lg=PASS] [s=a1 rankA=1 sZ=(1, 1) lg=PASS] [s=a2 S-EXP-NONZERO] -> ZSTABLE via s=a0
L1 AAAttATTaatAtATataaTT [s=a0 S-EXP-NONZERO] [s=a1 rankA=1 sZ=(1, 1) lg=PASS] [s=a2 rankA=2 sZ=(2, 2) lg=PASS] -> ZSTABLE via s=a1
L1 AAAttATTaatAtaaTatATT [s=a0 S-EXP-NONZERO] [s=a1 VERTEX-NONFREE(9)] [s=a2 rankA=3 sZ=(3, 3) lg=PASS] -> ZSTABLE via s=a2
L1 AAAttATTaataTatAtaaTT [s=a0 rankA=4 sZ=(3, 3) lg=PASS] [s=a1 rankA=1 sZ=(1, 1) lg=PASS] [s=a2 S-EXP-NONZERO] -> ZSTABLE via s=a0
L1 AAAttATTaatatATAtaaTT [s=a0 S-EXP-NONZERO] [s=a1 rankA=1 sZ=(1, 1) lg=PASS] [s=a2 rankA=2 sZ=(2, 2) lg=PASS] -> ZSTABLE via s=a1
L1 AAAttATTaatataaTAtATT [s=a0 S-EXP-NONZERO] [s=a1 VERTEX-NONFREE(9)] [s=a2 rankA=3 sZ=(3, 3) lg=PASS] -> ZSTABLE via s=a2
L1 AAAttATATataTaattaaTT [s=a0 rankA=4 sZ=(3, 3) lg=PASS] [s=a1 rankA=1 sZ=(1, 1) lg=PASS] [s=a2 S-EXP-NONZERO] -> ZSTABLE via s=a0
L1 AAAttATATaataTattaaTT [s=a0 rankA=5 sZ=(4, 4) lg=PASS] [s=a1 VERTEX-NONFREE(9)] [s=a2 S-EXP-NONZERO] -> ZSTABLE via s=a0
L1 AAAttATATaattATataaTT [s=a0 S-EXP-NONZERO] [s=a1 rankA=2 sZ=(2, 2) lg=PASS] [s=a2 rankA=2 sZ=(2, 2) lg=PASS] -> ZSTABLE via s=a1
L1 AAAttATATaattaaTatATT [s=a0 S-EXP-NONZERO] [s=a1 VERTEX-NONFREE(9)] [s=a2 rankA=3 sZ=(3, 3) lg=PASS] -> ZSTABLE via s=a2
L1 AAAttATAtATTaatataaTT [s=a0 S-EXP-NONZERO] [s=a1 rankA=2 sZ=(2, 2) lg=PASS] [s=a2 rankA=3 sZ=(3, 3) lg=PASS] -> ZSTABLE via s=a1
L1 AAAttATAtATaTaattaaTT [s=a0 S-EXP-NONZERO] [s=a1 rankA=1 sZ=(1, 1) lg=PASS] [s=a2 rankA=3 sZ=(3, 3) lg=PASS] -> ZSTABLE via s=a1
L1 AAAttATAtaaTTaatatATT [s=a0 S-EXP-NONZERO] [s=a1 VERTEX-NONFREE(9)] [s=a2 rankA=3 sZ=(3, 3) lg=PASS] -> ZSTABLE via s=a2
L1 AAAttATaTatATaattaaTT [s=a0 rankA=4 sZ=(3, 3) lg=PASS] [s=a1 rankA=1 sZ=(1, 1) lg=PASS] [s=a2 S-EXP-NONZERO] -> ZSTABLE via s=a0
L1 AAAttATaTaatATattaaTT [s=a0 rankA=5 sZ=(4, 4) lg=PASS] [s=a1 VERTEX-NONFREE(9)] [s=a2 S-EXP-NONZERO] -> ZSTABLE via s=a0
L1 AAAttATaTaattATAtaaTT [s=a0 S-EXP-NONZERO] [s=a1 rankA=2 sZ=(2, 2) lg=PASS] [s=a2 rankA=2 sZ=(2, 2) lg=PASS] -> ZSTABLE via s=a1
L1 AAAttATatATTaatAtaaTT [s=a0 S-EXP-NONZERO] [s=a1 rankA=2 sZ=(2, 2) lg=PASS] [s=a2 rankA=3 sZ=(3, 3) lg=PASS] -> ZSTABLE via s=a1
L1 AAAttATatATATaattaaTT [s=a0 S-EXP-NONZERO] [s=a1 rankA=1 sZ=(1, 1) lg=PASS] [s=a2 rankA=3 sZ=(3, 3) lg=PASS] -> ZSTABLE via s=a1
L1 AAAttaTTaatAtAATataTT [s=a0 S-EXP-NONZERO] [s=a1 VERTEX-NONFREE(9)] [s=a2 rankA=3 sZ=(3, 3) lg=PASS] -> ZSTABLE via s=a2
L1 AAAttaTTaatatAATAtaTT [s=a0 S-EXP-NONZERO] [s=a1 VERTEX-NONFREE(9)] [s=a2 rankA=3 sZ=(3, 3) lg=PASS] -> ZSTABLE via s=a2
L1 AAAttaTATaattAATataTT [s=a0 S-EXP-NONZERO] [s=a1 VERTEX-NONFREE(9)] [s=a2 rankA=3 sZ=(3, 3) lg=PASS] -> ZSTABLE via s=a2
L1 AAAttaTAtAATTaatataTT [s=a0 S-EXP-NONZERO] [s=a1 VERTEX-NONFREE(9)] [s=a2 rankA=3 sZ=(3, 3) lg=PASS] -> ZSTABLE via s=a2
L1 AAtAATataTattAATataTT [s=a0 rankA=2 sZ=(2, 2) lg=PASS] [s=a1 rankA=3 sZ=(3, 3) lg=PASS] [s=a2 S-EXP-NONZERO] -> ZSTABLE via s=a0
L1 AAtAATataTattATataaTT [s=a0 rankA=2 sZ=(2, 2) lg=PASS] [s=a1 rankA=3 sZ=(3, 3) lg=PASS] [s=a2 S-EXP-NONZERO] -> ZSTABLE via s=a0
L1 AAtAATataTattaTatAATT [s=a0 rankA=2 sZ=(2, 2) lg=PASS] [s=a1 rankA=3 sZ=(3, 3) lg=PASS] [s=a2 S-EXP-NONZERO] -> ZSTABLE via s=a0
L1 AAtAATataTattaaTatATT [s=a0 rankA=2 sZ=(2, 2) lg=PASS] [s=a1 rankA=3 sZ=(3, 3) lg=PASS] [s=a2 S-EXP-NONZERO] -> ZSTABLE via s=a0
L1 AAtAATatatAATTatataTT [s=a0 rankA=3 sZ=(3, 3) lg=PASS] [s=a1 rankA=3 sZ=(3, 3) lg=PASS] [s=a2 S-EXP-NONZERO] -> ZSTABLE via s=a0
L1 AAtAATatatAATTattaTaT [s=a0 rankA=3 sZ=(3, 3) lg=PASS] [s=a1 rankA=2 sZ=(2, 2) lg=PASS] [s=a2 S-EXP-NONZERO] -> ZSTABLE via s=a0
L1 AAtAATatatAATaTattaTT [s=a0 rankA=2 sZ=(2, 2) lg=PASS] [s=a1 rankA=3 sZ=(3, 3) lg=PASS] [s=a2 S-EXP-NONZERO] -> ZSTABLE via s=a0
L1 AAtAATatatATTatataaTT [s=a0 rankA=3 sZ=(3, 3) lg=PASS] [s=a1 rankA=3 sZ=(3, 3) lg=PASS] [s=a2 S-EXP-NONZERO] -> ZSTABLE via s=a0
L1 AAtAATatatATTattaaTaT [s=a0 rankA=3 sZ=(3, 3) lg=PASS] [s=a1 rankA=2 sZ=(2, 2) lg=PASS] [s=a2 S-EXP-NONZERO] -> ZSTABLE via s=a0
L1 AAtAATatatATaTattaaTT [s=a0 rankA=2 sZ=(2, 2) lg=PASS] [s=a1 rankA=3 sZ=(3, 3) lg=PASS] [s=a2 S-EXP-NONZERO] -> ZSTABLE via s=a0
L1 AAtAATatataTTatatAATT [s=a0 rankA=3 sZ=(3, 3) lg=PASS] [s=a1 rankA=3 sZ=(3, 3) lg=PASS] [s=a2 S-EXP-NONZERO] -> ZSTABLE via s=a0
L1 AAtAATatataTTattAATaT [s=a0 rankA=3 sZ=(3, 3) lg=PASS] [s=a1 rankA=2 sZ=(2, 2) lg=PASS] [s=a2 S-EXP-NONZERO] -> ZSTABLE via s=a0
L1 AAtAATatataTaTattAATT [s=a0 rankA=2 sZ=(2, 2) lg=PASS] [s=a1 rankA=3 sZ=(3, 3) lg=PASS] [s=a2 S-EXP-NONZERO] -> ZSTABLE via s=a0
L1 AAtAATatataaTTatatATT [s=a0 rankA=3 sZ=(3, 3) lg=PASS] [s=a1 rankA=3 sZ=(3, 3) lg=PASS] [s=a2 S-EXP-NONZERO] -> ZSTABLE via s=a0
L1 AAtAATatataaTTattATaT [s=a0 rankA=3 sZ=(3, 3) lg=PASS] [s=a1 rankA=2 sZ=(2, 2) lg=PASS] [s=a2 S-EXP-NONZERO] -> ZSTABLE via s=a0
L1 AAtAATatataaTaTattATT [s=a0 rankA=2 sZ=(2, 2) lg=PASS] [s=a1 rankA=3 sZ=(3, 3) lg=PASS] [s=a2 S-EXP-NONZERO] -> ZSTABLE via s=a0
L1 AAtAATataatAATTattaTT [s=a0 rankA=2 sZ=(2, 2) lg=PASS] [s=a1 rankA=2 sZ=(2, 2) lg=PASS] [s=a2 S-EXP-NONZERO] -> ZSTABLE via s=a0
L1 AAtAATataatATTattaaTT [s=a0 rankA=2 sZ=(2, 2) lg=PASS] [s=a1 rankA=2 sZ=(2, 2) lg=PASS] [s=a2 S-EXP-NONZERO] -> ZSTABLE via s=a0
L1 AAtAATataataTTattAATT [s=a0 rankA=2 sZ=(2, 2) lg=PASS] [s=a1 rankA=2 sZ=(2, 2) lg=PASS] [s=a2 S-EXP-NONZERO] -> ZSTABLE via s=a0
L1 AAtAATataataaTTattATT [s=a0 rankA=2 sZ=(2, 2) lg=PASS] [s=a1 rankA=2 sZ=(2, 2) lg=PASS] [s=a2 S-EXP-NONZERO] -> ZSTABLE via s=a0
L1 AAtAATattAATTatataTaT [s=a0 rankA=3 sZ=(3, 3) lg=PASS] [s=a1 rankA=3 sZ=(3, 3) lg=PASS] [s=a2 S-EXP-NONZERO] -> ZSTABLE via s=a0
L1 AAtAATattAATTataataTT [s=a0 rankA=3 sZ=(3, 3) lg=PASS] [s=a1 rankA=4 sZ=(4, 4) lg=PASS] [s=a2 S-EXP-NONZERO] -> ZSTABLE via s=a0
L1 AAtAATattAATTattaTaaT [s=a0 rankA=3 sZ=(3, 3) lg=PASS] [s=a1 VERTEX-NONFREE(7)] [s=a2 S-EXP-NONZERO] -> ZSTABLE via s=a0
L1 AAtAATattAATaTatataTT [s=a0 rankA=3 sZ=(3, 3) lg=PASS] [s=a1 rankA=4 sZ=(4, 4) lg=PASS] [s=a2 S-EXP-NONZERO] -> ZSTABLE via s=a0
L1 AAtAATattAATaTattaTaT [s=a0 rankA=3 sZ=(3, 3) lg=PASS] [s=a1 rankA=3 sZ=(3, 3) lg=PASS] [s=a2 S-EXP-NONZERO] -> ZSTABLE via s=a0
L1 AAtAATattAATataTTataT [s=a0 rankA=2 sZ=(2, 2) lg=PASS] [s=a1 rankA=3 sZ=(3, 3) lg=PASS] [s=a2 S-EXP-NONZERO] -> ZSTABLE via s=a0
L1 AAtAATattAATataTataTT [s=a0 S-EXP-NONZERO] [s=a1 rankA=4 sZ=(4, 4) lg=PASS] [s=a2 rankA=2 sZ=(2, 2) lg=PASS] -> ZSTABLE via s=a1
L1 AAtAATattAATaaTattaTT [s=a0 rankA=2 sZ=(2, 2) lg=PASS] [s=a1 rankA=4 sZ=(4, 4) lg=PASS] [s=a2 S-EXP-NONZERO] -> ZSTABLE via s=a0
L1 AAtAATattATTatataaTaT [s=a0 rankA=3 sZ=(3, 3) lg=PASS] [s=a1 rankA=3 sZ=(3, 3) lg=PASS] [s=a2 S-EXP-NONZERO] -> ZSTABLE via s=a0
L1 AAtAATattATTataataaTT [s=a0 rankA=3 sZ=(3, 3) lg=PASS] [s=a1 rankA=4 sZ=(4, 4) lg=PASS] [s=a2 S-EXP-NONZERO] -> ZSTABLE via s=a0
L1 AAtAATattATTattaaTaaT [s=a0 rankA=3 sZ=(3, 3) lg=PASS] [s=a1 VERTEX-NONFREE(7)] [s=a2 S-EXP-NONZERO] -> ZSTABLE via s=a0
L1 AAtAATattATaTatataaTT [s=a0 rankA=3 sZ=(3, 3) lg=PASS] [s=a1 rankA=4 sZ=(4, 4) lg=PASS] [s=a2 S-EXP-NONZERO] -> ZSTABLE via s=a0
L1 AAtAATattATaTattaaTaT [s=a0 rankA=3 sZ=(3, 3) lg=PASS] [s=a1 rankA=3 sZ=(3, 3) lg=PASS] [s=a2 S-EXP-NONZERO] -> ZSTABLE via s=a0
L1 AAtAATattATatATataaTT [s=a0 S-EXP-NONZERO] [s=a1 rankA=4 sZ=(4, 4) lg=PASS] [s=a2 rankA=2 sZ=(2, 2) lg=PASS] -> ZSTABLE via s=a1
L1 AAtAATattATataaTTataT [s=a0 rankA=2 sZ=(2, 2) lg=PASS] [s=a1 rankA=3 sZ=(3, 3) lg=PASS] [s=a2 S-EXP-NONZERO] -> ZSTABLE via s=a0
L1 AAtAATattATataaTatATT [s=a0 S-EXP-NONZERO] [s=a1 rankA=4 sZ=(4, 4) lg=PASS] [s=a2 rankA=2 sZ=(2, 2) lg=PASS] -> ZSTABLE via s=a1
L1 AAtAATattATaaTattaaTT [s=a0 rankA=2 sZ=(2, 2) lg=PASS] [s=a1 rankA=4 sZ=(4, 4) lg=PASS] [s=a2 S-EXP-NONZERO] -> ZSTABLE via s=a0
L1 AAtAATattaTTatatAATaT [s=a0 rankA=3 sZ=(3, 3) lg=PASS] [s=a1 rankA=3 sZ=(3, 3) lg=PASS] [s=a2 S-EXP-NONZERO] -> ZSTABLE via s=a0
L1 AAtAATattaTTataatAATT [s=a0 rankA=3 sZ=(3, 3) lg=PASS] [s=a1 rankA=4 sZ=(4, 4) lg=PASS] [s=a2 S-EXP-NONZERO] -> ZSTABLE via s=a0
L1 AAtAATattaTTattAATaaT [s=a0 rankA=3 sZ=(3, 3) lg=PASS] [s=a1 VERTEX-NONFREE(7)] [s=a2 S-EXP-NONZERO] -> ZSTABLE via s=a0
L1 AAtAATattaTaTatatAATT [s=a0 rankA=3 sZ=(3, 3) lg=PASS] [s=a1 rankA=4 sZ=(4, 4) lg=PASS] [s=a2 S-EXP-NONZERO] -> ZSTABLE via s=a0
L1 AAtAATattaTaTattAATaT [s=a0 rankA=3 sZ=(3, 3) lg=PASS] [s=a1 rankA=3 sZ=(3, 3) lg=PASS] [s=a2 S-EXP-NONZERO] -> ZSTABLE via s=a0
L1 AAtAATattaTatAATTataT [s=a0 rankA=2 sZ=(2, 2) lg=PASS] [s=a1 rankA=3 sZ=(3, 3) lg=PASS] [s=a2 S-EXP-NONZERO] -> ZSTABLE via s=a0
L1 AAtAATattaTatAATataTT [s=a0 S-EXP-NONZERO] [s=a1 rankA=4 sZ=(4, 4) lg=PASS] [s=a2 rankA=2 sZ=(2, 2) lg=PASS] -> ZSTABLE via s=a1
L1 AAtAATattaTataTatAATT [s=a0 S-EXP-NONZERO] [s=a1 rankA=4 sZ=(4, 4) lg=PASS] [s=a2 rankA=2 sZ=(2, 2) lg=PASS] -> ZSTABLE via s=a1
L1 AAtAATattaTaaTattAATT [s=a0 rankA=2 sZ=(2, 2) lg=PASS] [s=a1 rankA=4 sZ=(4, 4) lg=PASS] [s=a2 S-EXP-NONZERO] -> ZSTABLE via s=a0
L1 AAtAATattaaTTatatATaT [s=a0 rankA=3 sZ=(3, 3) lg=PASS] [s=a1 rankA=3 sZ=(3, 3) lg=PASS] [s=a2 S-EXP-NONZERO] -> ZSTABLE via s=a0
L1 AAtAATattaaTTataatATT [s=a0 rankA=3 sZ=(3, 3) lg=PASS] [s=a1 rankA=4 sZ=(4, 4) lg=PASS] [s=a2 S-EXP-NONZERO] -> ZSTABLE via s=a0
L1 AAtAATattaaTTattATaaT [s=a0 rankA=3 sZ=(3, 3) lg=PASS] [s=a1 VERTEX-NONFREE(7)] [s=a2 S-EXP-NONZERO] -> ZSTABLE via s=a0
L1 AAtAATattaaTaTatatATT [s=a0 rankA=3 sZ=(3, 3) lg=PASS] [s=a1 rankA=4 sZ=(4, 4) lg=PASS] [s=a2 S-EXP-NONZERO] -> ZSTABLE via s=a0
L1 AAtAATattaaTaTattATaT [s=a0 rankA=3 sZ=(3, 3) lg=PASS] [s=a1 rankA=3 sZ=(3, 3) lg=PASS] [s=a2 S-EXP-NONZERO] -> ZSTABLE via s=a0
L1 AAtAATattaaTatATTataT [s=a0 rankA=2 sZ=(2, 2) lg=PASS] [s=a1 rankA=3 sZ=(3, 3) lg=PASS] [s=a2 S-EXP-NONZERO] -> ZSTABLE via s=a0
L1 AAtAATattaaTatATatATT [s=a0 S-EXP-NONZERO] [s=a1 rankA=4 sZ=(4, 4) lg=PASS] [s=a2 rankA=2 sZ=(2, 2) lg=PASS] -> ZSTABLE via s=a1
L1 AAtAATattaaTaaTattATT [s=a0 rankA=2 sZ=(2, 2) lg=PASS] [s=a1 rankA=4 sZ=(4, 4) lg=PASS] [s=a2 S-EXP-NONZERO] -> ZSTABLE via s=a0
L1 AAtAAtAATTataTatataTT [s=a0 rankA=4 sZ=(4, 4) lg=PASS] [s=a1 rankA=4 sZ=(4, 4) lg=PASS] [s=a2 S-EXP-NONZERO] -> ZSTABLE via s=a0
L1 AAtAAtAATTataTattaTaT [s=a0 rankA=4 sZ=(4, 4) lg=PASS] [s=a1 rankA=3 sZ=(3, 3) lg=PASS] [s=a2 S-EXP-NONZERO] -> ZSTABLE via s=a0
L1 AAtAAtAATTatataTTataT [s=a0 rankA=3 sZ=(3, 3) lg=PASS] [s=a1 rankA=3 sZ=(3, 3) lg=PASS] [s=a2 S-EXP-NONZERO] -> ZSTABLE via s=a0
L1 AAtAAtAATTataaTattaTT [s=a0 rankA=3 sZ=(3, 3) lg=PASS] [s=a1 rankA=4 sZ=(4, 4) lg=PASS] [s=a2 S-EXP-NONZERO] -> ZSTABLE via s=a0
L1 AAtAAtAATTattaTTataaT [s=a0 rankA=3 sZ=(3, 3) lg=PASS] [s=a1 VERTEX-NONFREE(7)] [s=a2 S-EXP-NONZERO] -> ZSTABLE via s=a0
L1 AAtAAtAATTattaTaTataT [s=a0 rankA=3 sZ=(3, 3) lg=PASS] [s=a1 rankA=2 sZ=(2, 2) lg=PASS] [s=a2 S-EXP-NONZERO] -> ZSTABLE via s=a0
L1 AAtAAtAATTattaTataTaT [s=a0 S-EXP-NONZERO] [s=a1 rankA=3 sZ=(3, 3) lg=PASS] [s=a2 rankA=3 sZ=(3, 3) lg=PASS] -> ZSTABLE via s=a1
L1 AAtAAtAATaTattaTTataT [s=a0 rankA=3 sZ=(3, 3) lg=PASS] [s=a1 rankA=2 sZ=(2, 2) lg=PASS] [s=a2 S-EXP-NONZERO] -> ZSTABLE via s=a0
L1 AAtAAtATTataTatataaTT [s=a0 rankA=4 sZ=(4, 4) lg=PASS] [s=a1 rankA=4 sZ=(4, 4) lg=PASS] [s=a2 S-EXP-NONZERO] -> ZSTABLE via s=a0
L1 AAtAAtATTataTattaaTaT [s=a0 rankA=4 sZ=(4, 4) lg=PASS] [s=a1 rankA=3 sZ=(3, 3) lg=PASS] [s=a2 S-EXP-NONZERO] -> ZSTABLE via s=a0
L1 AAtAAtATTatatATataaTT [s=a0 S-EXP-NONZERO] [s=a1 rankA=4 sZ=(4, 4) lg=PASS] [s=a2 rankA=3 sZ=(3, 3) lg=PASS] -> ZSTABLE via s=a1
L1 AAtAAtATTatataaTTataT [s=a0 rankA=3 sZ=(3, 3) lg=PASS] [s=a1 rankA=3 sZ=(3, 3) lg=PASS] [s=a2 S-EXP-NONZERO] -> ZSTABLE via s=a0
L1 AAtAAtATTatataaTatATT [s=a0 S-EXP-NONZERO] [s=a1 rankA=4 sZ=(4, 4) lg=PASS] [s=a2 rankA=3 sZ=(3, 3) lg=PASS] -> ZSTABLE via s=a1
L1 AAtAAtATTataaTattaaTT [s=a0 rankA=3 sZ=(3, 3) lg=PASS] [s=a1 rankA=4 sZ=(4, 4) lg=PASS] [s=a2 S-EXP-NONZERO] -> ZSTABLE via s=a0
L1 AAtAAtATTattATataaTaT [s=a0 S-EXP-NONZERO] [s=a1 rankA=3 sZ=(3, 3) lg=PASS] [s=a2 rankA=3 sZ=(3, 3) lg=PASS] -> ZSTABLE via s=a1
L1 AAtAAtATTattaaTTataaT [s=a0 rankA=3 sZ=(3, 3) lg=PASS] [s=a1 VERTEX-NONFREE(7)] [s=a2 S-EXP-NONZERO] -> ZSTABLE via s=a0
L1 AAtAAtATTattaaTaTataT [s=a0 rankA=3 sZ=(3, 3) lg=PASS] [s=a1 rankA=2 sZ=(2, 2) lg=PASS] [s=a2 S-EXP-NONZERO] -> ZSTABLE via s=a0
L1 AAtAAtATTattaaTatATaT [s=a0 S-EXP-NONZERO] [s=a1 rankA=3 sZ=(3, 3) lg=PASS] [s=a2 rankA=2 sZ=(2, 2) lg=PASS] -> ZSTABLE via s=a1
L1 AAtAAtATaTataTattaaTT [s=a0 rankA=3 sZ=(3, 3) lg=PASS] [s=a1 rankA=3 sZ=(3, 3) lg=PASS] [s=a2 S-EXP-NONZERO] -> ZSTABLE via s=a0
L1 AAtAAtATaTattATataaTT [s=a0 S-EXP-NONZERO] [s=a1 rankA=3 sZ=(3, 3) lg=PASS] [s=a2 rankA=3 sZ=(3, 3) lg=PASS] -> ZSTABLE via s=a1
L1 AAtAAtATaTattaaTTataT [s=a0 rankA=3 sZ=(3, 3) lg=PASS] [s=a1 rankA=2 sZ=(2, 2) lg=PASS] [s=a2 S-EXP-NONZERO] -> ZSTABLE via s=a0
L1 AAtAAtATaTattaaTatATT [s=a0 S-EXP-NONZERO] [s=a1 rankA=3 sZ=(3, 3) lg=PASS] [s=a2 rankA=3 sZ=(3, 3) lg=PASS] -> ZSTABLE via s=a1
L1 AAtAAtATatATTatataaTT [s=a0 S-EXP-NONZERO] [s=a1 rankA=3 sZ=(3, 3) lg=PASS] [s=a2 rankA=4 sZ=(4, 4) lg=PASS] -> ZSTABLE via s=a1
L1 AAtAAtATatATTattaaTaT [s=a0 S-EXP-NONZERO] [s=a1 rankA=2 sZ=(2, 2) lg=PASS] [s=a2 rankA=3 sZ=(3, 3) lg=PASS] -> ZSTABLE via s=a1
L1 AAtAAtATatATaTattaaTT [s=a0 S-EXP-NONZERO] [s=a1 rankA=2 sZ=(2, 2) lg=PASS] [s=a2 rankA=4 sZ=(4, 4) lg=PASS] -> ZSTABLE via s=a1
L1 AAtAAtATataaTTatatATT [s=a0 S-EXP-NONZERO] [s=a1 rankA=3 sZ=(3, 3) lg=PASS] [s=a2 rankA=3 sZ=(3, 3) lg=PASS] -> ZSTABLE via s=a1
L1 AAtAAtATataaTTattATaT [s=a0 S-EXP-NONZERO] [s=a1 rankA=2 sZ=(2, 2) lg=PASS] [s=a2 rankA=2 sZ=(2, 2) lg=PASS] -> ZSTABLE via s=a1
L1 AAtAAtATataaTaTattATT [s=a0 S-EXP-NONZERO] [s=a1 rankA=2 sZ=(2, 2) lg=PASS] [s=a2 rankA=3 sZ=(3, 3) lg=PASS] -> ZSTABLE via s=a1
L1 AAtAAtATaatATTattaaTT [s=a0 S-EXP-NONZERO] [s=a1 rankA=2 sZ=(2, 2) lg=PASS] [s=a2 rankA=3 sZ=(3, 3) lg=PASS] -> ZSTABLE via s=a1
L1 AAtAAtaTTataTatatAATT [s=a0 rankA=4 sZ=(4, 4) lg=PASS] [s=a1 rankA=4 sZ=(4, 4) lg=PASS] [s=a2 S-EXP-NONZERO] -> ZSTABLE via s=a0
L1 AAtAAtaTTataTattAATaT [s=a0 rankA=4 sZ=(4, 4) lg=PASS] [s=a1 rankA=3 sZ=(3, 3) lg=PASS] [s=a2 S-EXP-NONZERO] -> ZSTABLE via s=a0
L1 AAtAAtaTTatatAATTataT [s=a0 rankA=3 sZ=(3, 3) lg=PASS] [s=a1 rankA=3 sZ=(3, 3) lg=PASS] [s=a2 S-EXP-NONZERO] -> ZSTABLE via s=a0
L1 AAtAAtaTTatatAATataTT [s=a0 S-EXP-NONZERO] [s=a1 rankA=4 sZ=(4, 4) lg=PASS] [s=a2 rankA=3 sZ=(3, 3) lg=PASS] -> ZSTABLE via s=a1
L1 AAtAAtaTTatataTatAATT [s=a0 S-EXP-NONZERO] [s=a1 rankA=4 sZ=(4, 4) lg=PASS] [s=a2 rankA=3 sZ=(3, 3) lg=PASS] -> ZSTABLE via s=a1
L1 AAtAAtaTTataaTattAATT [s=a0 rankA=3 sZ=(3, 3) lg=PASS] [s=a1 rankA=4 sZ=(4, 4) lg=PASS] [s=a2 S-EXP-NONZERO] -> ZSTABLE via s=a0
L1 AAtAAtaTTattAATTataaT [s=a0 rankA=3 sZ=(3, 3) lg=PASS] [s=a1 VERTEX-NONFREE(7)] [s=a2 S-EXP-NONZERO] -> ZSTABLE via s=a0
L1 AAtAAtaTTattAATaTataT [s=a0 rankA=3 sZ=(3, 3) lg=PASS] [s=a1 rankA=2 sZ=(2, 2) lg=PASS] [s=a2 S-EXP-NONZERO] -> ZSTABLE via s=a0
L1 AAtAAtaTTattAATataTaT [s=a0 S-EXP-NONZERO] [s=a1 rankA=3 sZ=(3, 3) lg=PASS] [s=a2 rankA=2 sZ=(2, 2) lg=PASS] -> ZSTABLE via s=a1
L1 AAtAAtaTTattAATaataTT [s=a0 S-EXP-NONZERO] [s=a1 rankA=4 sZ=(4, 4) lg=PASS] [s=a2 rankA=2 sZ=(2, 2) lg=PASS] -> ZSTABLE via s=a1
L1 AAtAAtaTTattaTatAATaT [s=a0 S-EXP-NONZERO] [s=a1 rankA=3 sZ=(3, 3) lg=PASS] [s=a2 rankA=3 sZ=(3, 3) lg=PASS] -> ZSTABLE via s=a1
L1 AAtAAtaTTattaTaatAATT [s=a0 S-EXP-NONZERO] [s=a1 rankA=4 sZ=(4, 4) lg=PASS] [s=a2 rankA=3 sZ=(3, 3) lg=PASS] -> ZSTABLE via s=a1
L1 AAtAAtaTaTataTattAATT [s=a0 rankA=3 sZ=(3, 3) lg=PASS] [s=a1 rankA=3 sZ=(3, 3) lg=PASS] [s=a2 S-EXP-NONZERO] -> ZSTABLE via s=a0
L1 AAtAAtaTaTattAATTataT [s=a0 rankA=3 sZ=(3, 3) lg=PASS] [s=a1 rankA=2 sZ=(2, 2) lg=PASS] [s=a2 S-EXP-NONZERO] -> ZSTABLE via s=a0
L1 AAtAAtaTaTattAATataTT [s=a0 S-EXP-NONZERO] [s=a1 rankA=3 sZ=(3, 3) lg=PASS] [s=a2 rankA=3 sZ=(3, 3) lg=PASS] -> ZSTABLE via s=a1
L1 AAtAAtaTaTattaTatAATT [s=a0 S-EXP-NONZERO] [s=a1 rankA=3 sZ=(3, 3) lg=PASS] [s=a2 rankA=3 sZ=(3, 3) lg=PASS] -> ZSTABLE via s=a1
L1 AAtAAtaTatAATTatataTT [s=a0 S-EXP-NONZERO] [s=a1 rankA=3 sZ=(3, 3) lg=PASS] [s=a2 rankA=3 sZ=(3, 3) lg=PASS] -> ZSTABLE via s=a1
L1 AAtAAtaTatAATTattaTaT [s=a0 S-EXP-NONZERO] [s=a1 rankA=2 sZ=(2, 2) lg=PASS] [s=a2 rankA=2 sZ=(2, 2) lg=PASS] -> ZSTABLE via s=a1
L1 AAtAAtaTatAATaTattaTT [s=a0 S-EXP-NONZERO] [s=a1 rankA=2 sZ=(2, 2) lg=PASS] [s=a2 rankA=3 sZ=(3, 3) lg=PASS] -> ZSTABLE via s=a1
L1 AAtAAtaTataTTatatAATT [s=a0 S-EXP-NONZERO] [s=a1 rankA=3 sZ=(3, 3) lg=PASS] [s=a2 rankA=4 sZ=(4, 4) lg=PASS] -> ZSTABLE via s=a1
L1 AAtAAtaTataTTattAATaT [s=a0 S-EXP-NONZERO] [s=a1 rankA=2 sZ=(2, 2) lg=PASS] [s=a2 rankA=3 sZ=(3, 3) lg=PASS] -> ZSTABLE via s=a1
L1 AAtAAtaTataTaTattAATT [s=a0 S-EXP-NONZERO] [s=a1 rankA=2 sZ=(2, 2) lg=PASS] [s=a2 rankA=4 sZ=(4, 4) lg=PASS] -> ZSTABLE via s=a1
L1 AAtAAtaTaatAATTattaTT [s=a0 S-EXP-NONZERO] [s=a1 rankA=2 sZ=(2, 2) lg=PASS] [s=a2 rankA=2 sZ=(2, 2) lg=PASS] -> ZSTABLE via s=a1
L1 AAtAAtaTaataTTattAATT [s=a0 S-EXP-NONZERO] [s=a1 rankA=2 sZ=(2, 2) lg=PASS] [s=a2 rankA=3 sZ=(3, 3) lg=PASS] -> ZSTABLE via s=a1
L1 AAtAAtaaTTataTatatATT [s=a0 rankA=4 sZ=(4, 4) lg=PASS] [s=a1 rankA=4 sZ=(4, 4) lg=PASS] [s=a2 S-EXP-NONZERO] -> ZSTABLE via s=a0
L1 AAtAAtaaTTataTattATaT [s=a0 rankA=4 sZ=(4, 4) lg=PASS] [s=a1 rankA=3 sZ=(3, 3) lg=PASS] [s=a2 S-EXP-NONZERO] -> ZSTABLE via s=a0
L1 AAtAAtaaTTatatATTataT [s=a0 rankA=3 sZ=(3, 3) lg=PASS] [s=a1 rankA=3 sZ=(3, 3) lg=PASS] [s=a2 S-EXP-NONZERO] -> ZSTABLE via s=a0
L1 AAtAAtaaTTatatATatATT [s=a0 S-EXP-NONZERO] [s=a1 rankA=4 sZ=(4, 4) lg=PASS] [s=a2 rankA=4 sZ=(4, 4) lg=PASS] -> ZSTABLE via s=a1
L1 AAtAAtaaTTataaTattATT [s=a0 rankA=3 sZ=(3, 3) lg=PASS] [s=a1 rankA=4 sZ=(4, 4) lg=PASS] [s=a2 S-EXP-NONZERO] -> ZSTABLE via s=a0
L1 AAtAAtaaTTattATTataaT [s=a0 rankA=3 sZ=(3, 3) lg=PASS] [s=a1 VERTEX-NONFREE(7)] [s=a2 S-EXP-NONZERO] -> ZSTABLE via s=a0
L1 AAtAAtaaTTattATaTataT [s=a0 rankA=3 sZ=(3, 3) lg=PASS] [s=a1 rankA=2 sZ=(2, 2) lg=PASS] [s=a2 S-EXP-NONZERO] -> ZSTABLE via s=a0
L1 AAtAAtaaTTattATatATaT [s=a0 S-EXP-NONZERO] [s=a1 rankA=3 sZ=(3, 3) lg=PASS] [s=a2 rankA=3 sZ=(3, 3) lg=PASS] -> ZSTABLE via s=a1
L1 AAtAAtaaTTattATaatATT [s=a0 S-EXP-NONZERO] [s=a1 rankA=4 sZ=(4, 4) lg=PASS] [s=a2 rankA=3 sZ=(3, 3) lg=PASS] -> ZSTABLE via s=a1
L1 AAtAAtaaTaTataTattATT [s=a0 rankA=3 sZ=(3, 3) lg=PASS] [s=a1 rankA=3 sZ=(3, 3) lg=PASS] [s=a2 S-EXP-NONZERO] -> ZSTABLE via s=a0
L1 AAtAAtaaTaTattATTataT [s=a0 rankA=3 sZ=(3, 3) lg=PASS] [s=a1 rankA=2 sZ=(2, 2) lg=PASS] [s=a2 S-EXP-NONZERO] -> ZSTABLE via s=a0
L1 AAtAAtaaTaTattATatATT [s=a0 S-EXP-NONZERO] [s=a1 rankA=3 sZ=(3, 3) lg=PASS] [s=a2 rankA=4 sZ=(4, 4) lg=PASS] -> ZSTABLE via s=a1
L1 AAtAAtaaTatATTatatATT [s=a0 S-EXP-NONZERO] [s=a1 rankA=3 sZ=(3, 3) lg=PASS] [s=a2 rankA=3 sZ=(3, 3) lg=PASS] -> ZSTABLE via s=a1
L1 AAtAAtaaTatATTattATaT [s=a0 S-EXP-NONZERO] [s=a1 rankA=2 sZ=(2, 2) lg=PASS] [s=a2 rankA=3 sZ=(3, 3) lg=PASS] -> ZSTABLE via s=a1
L1 AAtAAtaaTatATaTattATT [s=a0 S-EXP-NONZERO] [s=a1 rankA=2 sZ=(2, 2) lg=PASS] [s=a2 rankA=3 sZ=(3, 3) lg=PASS] -> ZSTABLE via s=a1
L1 AAtATatATatatAATataTT [s=a0 rankA=2 sZ=(2, 2) lg=PASS] [s=a1 rankA=3 sZ=(3, 3) lg=PASS] [s=a2 S-EXP-NONZERO] -> ZSTABLE via s=a0
L1 AAtATatATatatATataaTT [s=a0 rankA=2 sZ=(2, 2) lg=PASS] [s=a1 rankA=3 sZ=(3, 3) lg=PASS] [s=a2 S-EXP-NONZERO] -> ZSTABLE via s=a0
L1 AAtATatATatataTatAATT [s=a0 rankA=2 sZ=(2, 2) lg=PASS] [s=a1 rankA=3 sZ=(3, 3) lg=PASS] [s=a2 S-EXP-NONZERO] -> ZSTABLE via s=a0
L1 AAtATatATatataaTatATT [s=a0 rankA=2 sZ=(2, 2) lg=PASS] [s=a1 rankA=3 sZ=(3, 3) lg=PASS] [s=a2 S-EXP-NONZERO] -> ZSTABLE via s=a0
L1 AAtATatATattAATataTaT [s=a0 rankA=2 sZ=(2, 2) lg=PASS] [s=a1 rankA=3 sZ=(3, 3) lg=PASS] [s=a2 S-EXP-NONZERO] -> ZSTABLE via s=a0
L1 AAtATatATattAATaataTT [s=a0 rankA=2 sZ=(2, 2) lg=PASS] [s=a1 rankA=4 sZ=(4, 4) lg=PASS] [s=a2 S-EXP-NONZERO] -> ZSTABLE via s=a0
L1 AAtATatATattATataaTaT [s=a0 rankA=2 sZ=(2, 2) lg=PASS] [s=a1 rankA=3 sZ=(3, 3) lg=PASS] [s=a2 S-EXP-NONZERO] -> ZSTABLE via s=a0
L1 AAtATatATattaTatAATaT [s=a0 rankA=2 sZ=(2, 2) lg=PASS] [s=a1 rankA=3 sZ=(3, 3) lg=PASS] [s=a2 S-EXP-NONZERO] -> ZSTABLE via s=a0
L1 AAtATatATattaTaatAATT [s=a0 rankA=2 sZ=(2, 2) lg=PASS] [s=a1 rankA=4 sZ=(4, 4) lg=PASS] [s=a2 S-EXP-NONZERO] -> ZSTABLE via s=a0
L1 AAtATatATattaaTatATaT [s=a0 rankA=2 sZ=(2, 2) lg=PASS] [s=a1 rankA=3 sZ=(3, 3) lg=PASS] [s=a2 S-EXP-NONZERO] -> ZSTABLE via s=a0
L1 AAtATatAtAATTatataTaT [s=a0 rankA=3 sZ=(3, 3) lg=PASS] [s=a1 rankA=3 sZ=(3, 3) lg=PASS] [s=a2 S-EXP-NONZERO] -> ZSTABLE via s=a0
L1 AAtATatAtAATTataataTT [s=a0 rankA=3 sZ=(3, 3) lg=PASS] [s=a1 rankA=4 sZ=(4, 4) lg=PASS] [s=a2 S-EXP-NONZERO] -> ZSTABLE via s=a0
L1 AAtATatAtAATTattaTaaT [s=a0 rankA=3 sZ=(3, 3) lg=PASS] [s=a1 rankA=2 sZ=(2, 2) lg=PASS] [s=a2 S-EXP-NONZERO] -> ZSTABLE via s=a0
L1 AAtATatAtAATaTatataTT [s=a0 rankA=3 sZ=(3, 3) lg=PASS] [s=a1 rankA=3 sZ=(3, 3) lg=PASS] [s=a2 S-EXP-NONZERO] -> ZSTABLE via s=a0
L1 AAtATatAtAATaTattaTaT [s=a0 rankA=3 sZ=(3, 3) lg=PASS] [s=a1 rankA=2 sZ=(2, 2) lg=PASS] [s=a2 S-EXP-NONZERO] -> ZSTABLE via s=a0
L1 AAtATatAtAATataTTataT [s=a0 rankA=2 sZ=(2, 2) lg=PASS] [s=a1 rankA=2 sZ=(2, 2) lg=PASS] [s=a2 S-EXP-NONZERO] -> ZSTABLE via s=a0
L1 AAtATatAtAATataTataTT [s=a0 S-EXP-NONZERO] [s=a1 rankA=3 sZ=(3, 3) lg=PASS] [s=a2 rankA=2 sZ=(2, 2) lg=PASS] -> ZSTABLE via s=a1
L1 AAtATatAtAATaaTattaTT [s=a0 rankA=2 sZ=(2, 2) lg=PASS] [s=a1 rankA=3 sZ=(3, 3) lg=PASS] [s=a2 S-EXP-NONZERO] -> ZSTABLE via s=a0
L1 AAtATatAtATTatataaTaT [s=a0 rankA=3 sZ=(3, 3) lg=PASS] [s=a1 rankA=3 sZ=(3, 3) lg=PASS] [s=a2 S-EXP-NONZERO] -> ZSTABLE via s=a0
L1 AAtATatAtATaTatataaTT [s=a0 rankA=3 sZ=(3, 3) lg=PASS] [s=a1 rankA=3 sZ=(3, 3) lg=PASS] [s=a2 S-EXP-NONZERO] -> ZSTABLE via s=a0
L1 AAtATatAtATaTattaaTaT [s=a0 rankA=3 sZ=(3, 3) lg=PASS] [s=a1 rankA=2 sZ=(2, 2) lg=PASS] [s=a2 S-EXP-NONZERO] -> ZSTABLE via s=a0
L1 AAtATatAtATataaTTataT [s=a0 rankA=2 sZ=(2, 2) lg=PASS] [s=a1 rankA=2 sZ=(2, 2) lg=PASS] [s=a2 S-EXP-NONZERO] -> ZSTABLE via s=a0
L1 AAtATatAtATataaTatATT [s=a0 S-EXP-NONZERO] [s=a1 rankA=3 sZ=(3, 3) lg=PASS] [s=a2 rankA=2 sZ=(2, 2) lg=PASS] -> ZSTABLE via s=a1
L1 AAtATatAtATaaTattaaTT [s=a0 rankA=2 sZ=(2, 2) lg=PASS] [s=a1 rankA=3 sZ=(3, 3) lg=PASS] [s=a2 S-EXP-NONZERO] -> ZSTABLE via s=a0
L1 AAtATatAtaTTatatAATaT [s=a0 rankA=3 sZ=(3, 3) lg=PASS] [s=a1 rankA=3 sZ=(3, 3) lg=PASS] [s=a2 S-EXP-NONZERO] -> ZSTABLE via s=a0
L1 AAtATatAtaTTataatAATT [s=a0 rankA=3 sZ=(3, 3) lg=PASS] [s=a1 rankA=4 sZ=(4, 4) lg=PASS] [s=a2 S-EXP-NONZERO] -> ZSTABLE via s=a0
L1 AAtATatAtaTTattAATaaT [s=a0 rankA=3 sZ=(3, 3) lg=PASS] [s=a1 rankA=2 sZ=(2, 2) lg=PASS] [s=a2 S-EXP-NONZERO] -> ZSTABLE via s=a0
L1 AAtATatAtaTaTatatAATT [s=a0 rankA=3 sZ=(3, 3) lg=PASS] [s=a1 rankA=3 sZ=(3, 3) lg=PASS] [s=a2 S-EXP-NONZERO] -> ZSTABLE via s=a0
L1 AAtATatAtaTaTattAATaT [s=a0 rankA=3 sZ=(3, 3) lg=PASS] [s=a1 rankA=2 sZ=(2, 2) lg=PASS] [s=a2 S-EXP-NONZERO] -> ZSTABLE via s=a0
L1 AAtATatAtaTatAATTataT [s=a0 rankA=2 sZ=(2, 2) lg=PASS] [s=a1 rankA=2 sZ=(2, 2) lg=PASS] [s=a2 S-EXP-NONZERO] -> ZSTABLE via s=a0
L1 AAtATatAtaTatAATataTT [s=a0 S-EXP-NONZERO] [s=a1 rankA=3 sZ=(3, 3) lg=PASS] [s=a2 rankA=2 sZ=(2, 2) lg=PASS] -> ZSTABLE via s=a1
L1 AAtATatAtaTataTatAATT [s=a0 S-EXP-NONZERO] [s=a1 rankA=3 sZ=(3, 3) lg=PASS] [s=a2 rankA=2 sZ=(2, 2) lg=PASS] -> ZSTABLE via s=a1
L1 AAtATatAtaTaaTattAATT [s=a0 rankA=2 sZ=(2, 2) lg=PASS] [s=a1 rankA=3 sZ=(3, 3) lg=PASS] [s=a2 S-EXP-NONZERO] -> ZSTABLE via s=a0
L1 AAtATatAtaaTTatatATaT [s=a0 rankA=3 sZ=(3, 3) lg=PASS] [s=a1 rankA=3 sZ=(3, 3) lg=PASS] [s=a2 S-EXP-NONZERO] -> ZSTABLE via s=a0
L1 AAtATatAtaaTTataatATT [s=a0 rankA=3 sZ=(3, 3) lg=PASS] [s=a1 rankA=4 sZ=(4, 4) lg=PASS] [s=a2 S-EXP-NONZERO] -> ZSTABLE via s=a0
L1 AAtATatAtaaTTattATaaT [s=a0 rankA=3 sZ=(3, 3) lg=PASS] [s=a1 rankA=2 sZ=(2, 2) lg=PASS] [s=a2 S-EXP-NONZERO] -> ZSTABLE via s=a0
L1 AAtATatAtaaTaTatatATT [s=a0 rankA=3 sZ=(3, 3) lg=PASS] [s=a1 rankA=3 sZ=(3, 3) lg=PASS] [s=a2 S-EXP-NONZERO] -> ZSTABLE via s=a0
L1 AAtATatAtaaTaTattATaT [s=a0 rankA=3 sZ=(3, 3) lg=PASS] [s=a1 rankA=2 sZ=(2, 2) lg=PASS] [s=a2 S-EXP-NONZERO] -> ZSTABLE via s=a0
L1 AAtATatAtaaTatATTataT [s=a0 rankA=2 sZ=(2, 2) lg=PASS] [s=a1 rankA=2 sZ=(2, 2) lg=PASS] [s=a2 S-EXP-NONZERO] -> ZSTABLE via s=a0
L1 AAtATataTatAtAATataTT [s=a0 rankA=2 sZ=(2, 2) lg=PASS] [s=a1 rankA=2 sZ=(2, 2) lg=PASS] [s=a2 S-EXP-NONZERO] -> ZSTABLE via s=a0
L1 AAtATataTatAtATataaTT [s=a0 rankA=2 sZ=(2, 2) lg=PASS] [s=a1 rankA=2 sZ=(2, 2) lg=PASS] [s=a2 S-EXP-NONZERO] -> ZSTABLE via s=a0
L1 AAtATataTatAtaTatAATT [s=a0 rankA=2 sZ=(2, 2) lg=PASS] [s=a1 rankA=2 sZ=(2, 2) lg=PASS] [s=a2 S-EXP-NONZERO] -> ZSTABLE via s=a0
L1 AAtATataTatAtaaTatATT [s=a0 rankA=2 sZ=(2, 2) lg=PASS] [s=a1 rankA=2 sZ=(2, 2) lg=PASS] [s=a2 S-EXP-NONZERO] -> ZSTABLE via s=a0
L1 AAtATataTatatAATAtaTT [s=a0 rankA=2 sZ=(2, 2) lg=PASS] [s=a1 rankA=2 sZ=(2, 2) lg=PASS] [s=a2 S-EXP-NONZERO] -> ZSTABLE via s=a0
L1 AAtATataTatatATAtaaTT [s=a0 rankA=2 sZ=(2, 2) lg=PASS] [s=a1 rankA=2 sZ=(2, 2) lg=PASS] [s=a2 S-EXP-NONZERO] -> ZSTABLE via s=a0
L1 AAtATataTatataTAtAATT [s=a0 rankA=2 sZ=(2, 2) lg=PASS] [s=a1 rankA=2 sZ=(2, 2) lg=PASS] [s=a2 S-EXP-NONZERO] -> ZSTABLE via s=a0
L1 AAtATataTatataaTAtATT [s=a0 rankA=2 sZ=(2, 2) lg=PASS] [s=a1 rankA=2 sZ=(2, 2) lg=PASS] [s=a2 S-EXP-NONZERO] -> ZSTABLE via s=a0
L1 AAtATataTattAATAtaTaT [s=a0 rankA=2 sZ=(2, 2) lg=PASS] [s=a1 rankA=2 sZ=(2, 2) lg=PASS] [s=a2 S-EXP-NONZERO] -> ZSTABLE via s=a0
L1 AAtATataTattAATataTAT [s=a0 rankA=2 sZ=(2, 2) lg=PASS] [s=a1 rankA=2 sZ=(2, 2) lg=PASS] [s=a2 S-EXP-NONZERO] -> ZSTABLE via s=a0
L1 AAtATataTattATAtaaTaT [s=a0 rankA=2 sZ=(2, 2) lg=PASS] [s=a1 rankA=2 sZ=(2, 2) lg=PASS] [s=a2 S-EXP-NONZERO] -> ZSTABLE via s=a0
L1 AAtATataTattATataaTAT [s=a0 rankA=2 sZ=(2, 2) lg=PASS] [s=a1 rankA=2 sZ=(2, 2) lg=PASS] [s=a2 S-EXP-NONZERO] -> ZSTABLE via s=a0
L1 AAtATataTattaTAtAATaT [s=a0 rankA=2 sZ=(2, 2) lg=PASS] [s=a1 rankA=2 sZ=(2, 2) lg=PASS] [s=a2 S-EXP-NONZERO] -> ZSTABLE via s=a0
L1 AAtATataTattaTatAATAT [s=a0 rankA=2 sZ=(2, 2) lg=PASS] [s=a1 rankA=2 sZ=(2, 2) lg=PASS] [s=a2 S-EXP-NONZERO] -> ZSTABLE via s=a0
L1 AAtATataTattaaTAtATaT [s=a0 rankA=2 sZ=(2, 2) lg=PASS] [s=a1 rankA=2 sZ=(2, 2) lg=PASS] [s=a2 S-EXP-NONZERO] -> ZSTABLE via s=a0
L1 AAtATataTattaaTatATAT [s=a0 rankA=2 sZ=(2, 2) lg=PASS] [s=a1 rankA=2 sZ=(2, 2) lg=PASS] [s=a2 S-EXP-NONZERO] -> ZSTABLE via s=a0
L1 AAtATatatAATTatAtaTaT [s=a0 rankA=3 sZ=(3, 3) lg=PASS] [s=a1 rankA=2 sZ=(2, 2) lg=PASS] [s=a2 S-EXP-NONZERO] -> ZSTABLE via s=a0
L1 AAtATatatAATTatataTAT [s=a0 rankA=3 sZ=(3, 3) lg=PASS] [s=a1 rankA=2 sZ=(2, 2) lg=PASS] [s=a2 S-EXP-NONZERO] -> ZSTABLE via s=a0
L1 AAtATatatAATATatataTT [s=a0 rankA=3 sZ=(3, 3) lg=PASS] [s=a1 VERTEX-NONFREE(7)] [s=a2 S-EXP-NONZERO] -> ZSTABLE via s=a0
L1 AAtATatatAATATattaTaT [s=a0 rankA=3 sZ=(3, 3) lg=PASS] [s=a1 rankA=2 sZ=(2, 2) lg=PASS] [s=a2 S-EXP-NONZERO] -> ZSTABLE via s=a0
L1 AAtATatatAATAtaTTataT [s=a0 rankA=2 sZ=(2, 2) lg=PASS] [s=a1 rankA=2 sZ=(2, 2) lg=PASS] [s=a2 S-EXP-NONZERO] -> ZSTABLE via s=a0
L1 AAtATatatAATaTatAtaTT [s=a0 rankA=3 sZ=(3, 3) lg=PASS] [s=a1 rankA=2 sZ=(2, 2) lg=PASS] [s=a2 S-EXP-NONZERO] -> ZSTABLE via s=a0
L1 AAtATatatAATaTattaTAT [s=a0 rankA=3 sZ=(3, 3) lg=PASS] [s=a1 rankA=3 sZ=(3, 3) lg=PASS] [s=a2 S-EXP-NONZERO] -> ZSTABLE via s=a0
L1 AAtATatatAATataTTatAT [s=a0 rankA=2 sZ=(2, 2) lg=PASS] [s=a1 rankA=3 sZ=(3, 3) lg=PASS] [s=a2 S-EXP-NONZERO] -> ZSTABLE via s=a0
L1 AAtATatatAATataTAtaTT [s=a0 S-EXP-NONZERO] [s=a1 rankA=2 sZ=(2, 2) lg=PASS] [s=a2 rankA=2 sZ=(2, 2) lg=PASS] -> ZSTABLE via s=a1
L1 AAtATatatATTatAtaaTaT [s=a0 rankA=3 sZ=(3, 3) lg=PASS_HLOOP] [s=a1 rankA=2 sZ=(2, 2) lg=PASS] [s=a2 S-EXP-NONZERO] -> ZSTABLE via s=a0
L1 AAtATatatATTatataaTAT [s=a0 rankA=3 sZ=(3, 3) lg=PASS_HLOOP] [s=a1 rankA=2 sZ=(2, 2) lg=PASS] [s=a2 S-EXP-NONZERO] -> ZSTABLE via s=a0
L1 AAtATatatATATatataaTT [s=a0 rankA=3 sZ=(3, 3) lg=PASS] [s=a1 VERTEX-NONFREE(7)] [s=a2 S-EXP-NONZERO] -> ZSTABLE via s=a0
L1 AAtATatatATATattaaTaT [s=a0 rankA=3 sZ=(3, 3) lg=PASS] [s=a1 rankA=2 sZ=(2, 2) lg=PASS] [s=a2 S-EXP-NONZERO] -> ZSTABLE via s=a0
L1 AAtATatatATAtaaTTataT [s=a0 rankA=2 sZ=(2, 2) lg=PASS] [s=a1 rankA=2 sZ=(2, 2) lg=PASS] [s=a2 S-EXP-NONZERO] -> ZSTABLE via s=a0
L1 AAtATatatATAtaaTatATT [s=a0 S-EXP-NONZERO] [s=a1 rankA=2 sZ=(2, 2) lg=PASS] [s=a2 rankA=2 sZ=(2, 2) lg=PASS] -> ZSTABLE via s=a1
L1 AAtATatatATaTatAtaaTT [s=a0 rankA=3 sZ=(3, 3) lg=PASS] [s=a1 rankA=2 sZ=(2, 2) lg=PASS] [s=a2 S-EXP-NONZERO] -> ZSTABLE via s=a0
L1 AAtATatatATaTattaaTAT [s=a0 rankA=3 sZ=(3, 3) lg=PASS] [s=a1 rankA=3 sZ=(3, 3) lg=PASS] [s=a2 S-EXP-NONZERO] -> ZSTABLE via s=a0
L1 AAtATatatATatATAtaaTT [s=a0 S-EXP-NONZERO] [s=a1 rankA=2 sZ=(2, 2) lg=PASS] [s=a2 rankA=2 sZ=(2, 2) lg=PASS] -> ZSTABLE via s=a1
L1 AAtATatataTTatAtAATaT [s=a0 rankA=3 sZ=(3, 3) lg=PASS_HLOOP] [s=a1 rankA=2 sZ=(2, 2) lg=PASS] [s=a2 S-EXP-NONZERO] -> ZSTABLE via s=a0
L1 AAtATatataTTatatAATAT [s=a0 rankA=3 sZ=(3, 3) lg=PASS_HLOOP] [s=a1 rankA=2 sZ=(2, 2) lg=PASS] [s=a2 S-EXP-NONZERO] -> ZSTABLE via s=a0
L1 AAtATatataTATatatAATT [s=a0 rankA=3 sZ=(3, 3) lg=PASS] [s=a1 VERTEX-NONFREE(7)] [s=a2 S-EXP-NONZERO] -> ZSTABLE via s=a0
L1 AAtATatataTATattAATaT [s=a0 rankA=3 sZ=(3, 3) lg=PASS] [s=a1 rankA=2 sZ=(2, 2) lg=PASS] [s=a2 S-EXP-NONZERO] -> ZSTABLE via s=a0
L1 AAtATatataTAtAATTataT [s=a0 rankA=2 sZ=(2, 2) lg=PASS] [s=a1 rankA=2 sZ=(2, 2) lg=PASS] [s=a2 S-EXP-NONZERO] -> ZSTABLE via s=a0
L1 AAtATatataTAtaTatAATT [s=a0 S-EXP-NONZERO] [s=a1 rankA=2 sZ=(2, 2) lg=PASS] [s=a2 rankA=2 sZ=(2, 2) lg=PASS] -> ZSTABLE via s=a1
L1 AAtATatataTaTatAtAATT [s=a0 rankA=3 sZ=(3, 3) lg=PASS] [s=a1 rankA=2 sZ=(2, 2) lg=PASS] [s=a2 S-EXP-NONZERO] -> ZSTABLE via s=a0
L1 AAtATatataTaTattAATAT [s=a0 rankA=3 sZ=(3, 3) lg=PASS] [s=a1 rankA=3 sZ=(3, 3) lg=PASS] [s=a2 S-EXP-NONZERO] -> ZSTABLE via s=a0
L1 AAtATatataTatAATTatAT [s=a0 rankA=2 sZ=(2, 2) lg=PASS] [s=a1 rankA=3 sZ=(3, 3) lg=PASS] [s=a2 S-EXP-NONZERO] -> ZSTABLE via s=a0
L1 AAtATatataTatAATAtaTT [s=a0 S-EXP-NONZERO] [s=a1 rankA=2 sZ=(2, 2) lg=PASS] [s=a2 rankA=2 sZ=(2, 2) lg=PASS] -> ZSTABLE via s=a1
L1 AAtATatataaTTatAtATaT [s=a0 rankA=3 sZ=(3, 3) lg=PASS] [s=a1 rankA=2 sZ=(2, 2) lg=PASS] [s=a2 S-EXP-NONZERO] -> ZSTABLE via s=a0
L1 AAtATatataaTTatatATAT [s=a0 rankA=3 sZ=(3, 3) lg=PASS] [s=a1 rankA=2 sZ=(2, 2) lg=PASS] [s=a2 S-EXP-NONZERO] -> ZSTABLE via s=a0
L1 AAtATatataaTATatatATT [s=a0 rankA=3 sZ=(3, 3) lg=PASS] [s=a1 VERTEX-NONFREE(7)] [s=a2 S-EXP-NONZERO] -> ZSTABLE via s=a0
L1 AAtATatataaTATattATaT [s=a0 rankA=3 sZ=(3, 3) lg=PASS] [s=a1 rankA=2 sZ=(2, 2) lg=PASS] [s=a2 S-EXP-NONZERO] -> ZSTABLE via s=a0
L1 AAtATatataaTAtATTataT [s=a0 rankA=2 sZ=(2, 2) lg=PASS] [s=a1 rankA=2 sZ=(2, 2) lg=PASS] [s=a2 S-EXP-NONZERO] -> ZSTABLE via s=a0
L1 AAtATatataaTAtATatATT [s=a0 S-EXP-NONZERO] [s=a1 rankA=2 sZ=(2, 2) lg=PASS] [s=a2 rankA=2 sZ=(2, 2) lg=PASS] -> ZSTABLE via s=a1
L1 AAtATatataaTaTatAtATT [s=a0 rankA=3 sZ=(3, 3) lg=PASS] [s=a1 rankA=2 sZ=(2, 2) lg=PASS] [s=a2 S-EXP-NONZERO] -> ZSTABLE via s=a0
L1 AAtATatataaTaTattATAT [s=a0 rankA=3 sZ=(3, 3) lg=PASS] [s=a1 rankA=3 sZ=(3, 3) lg=PASS] [s=a2 S-EXP-NONZERO] -> ZSTABLE via s=a0
L1 AAtATatataaTatATTatAT [s=a0 rankA=2 sZ=(2, 2) lg=PASS] [s=a1 rankA=3 sZ=(3, 3) lg=PASS] [s=a2 S-EXP-NONZERO] -> ZSTABLE via s=a0
L1 AAtATataaTattAATAtaTT [s=a0 rankA=2 sZ=(2, 2) lg=PASS] [s=a1 rankA=3 sZ=(3, 3) lg=PASS] [s=a2 S-EXP-NONZERO] -> ZSTABLE via s=a0
L1 AAtATataaTattATAtaaTT [s=a0 rankA=2 sZ=(2, 2) lg=PASS] [s=a1 rankA=3 sZ=(3, 3) lg=PASS] [s=a2 S-EXP-NONZERO] -> ZSTABLE via s=a0
L1 AAtATataaTattaTAtAATT [s=a0 rankA=2 sZ=(2, 2) lg=PASS] [s=a1 rankA=3 sZ=(3, 3) lg=PASS] [s=a2 S-EXP-NONZERO] -> ZSTABLE via s=a0
L1 AAtATataaTattaaTAtATT [s=a0 rankA=2 sZ=(2, 2) lg=PASS] [s=a1 rankA=3 sZ=(3, 3) lg=PASS] [s=a2 S-EXP-NONZERO] -> ZSTABLE via s=a0
L1 AAtATataatAATTatAtaTT [s=a0 rankA=3 sZ=(3, 3) lg=PASS] [s=a1 rankA=3 sZ=(3, 3) lg=PASS] [s=a2 S-EXP-NONZERO] -> ZSTABLE via s=a0
L1 AAtATataatAATTattaTAT [s=a0 rankA=3 sZ=(3, 3) lg=PASS] [s=a1 rankA=2 sZ=(2, 2) lg=PASS] [s=a2 S-EXP-NONZERO] -> ZSTABLE via s=a0
L1 AAtATataatAATATattaTT [s=a0 rankA=2 sZ=(2, 2) lg=PASS] [s=a1 rankA=2 sZ=(2, 2) lg=PASS] [s=a2 S-EXP-NONZERO] -> ZSTABLE via s=a0
L1 AAtATataatATTatAtaaTT [s=a0 rankA=3 sZ=(3, 3) lg=PASS] [s=a1 rankA=3 sZ=(3, 3) lg=PASS] [s=a2 S-EXP-NONZERO] -> ZSTABLE via s=a0
L1 AAtATataatATTattaaTAT [s=a0 rankA=3 sZ=(3, 3) lg=PASS] [s=a1 rankA=2 sZ=(2, 2) lg=PASS] [s=a2 S-EXP-NONZERO] -> ZSTABLE via s=a0
L1 AAtATataatATATattaaTT [s=a0 rankA=2 sZ=(2, 2) lg=PASS] [s=a1 rankA=2 sZ=(2, 2) lg=PASS] [s=a2 S-EXP-NONZERO] -> ZSTABLE via s=a0
L1 AAtATataataTTatAtAATT [s=a0 rankA=3 sZ=(3, 3) lg=PASS] [s=a1 rankA=3 sZ=(3, 3) lg=PASS] [s=a2 S-EXP-NONZERO] -> ZSTABLE via s=a0
L1 AAtATataataTTattAATAT [s=a0 rankA=3 sZ=(3, 3) lg=PASS] [s=a1 rankA=2 sZ=(2, 2) lg=PASS] [s=a2 S-EXP-NONZERO] -> ZSTABLE via s=a0
L1 AAtATataataTATattAATT [s=a0 rankA=2 sZ=(2, 2) lg=PASS] [s=a1 rankA=2 sZ=(2, 2) lg=PASS] [s=a2 S-EXP-NONZERO] -> ZSTABLE via s=a0
L1 AAtATattAATTatAtaTaaT [s=a0 rankA=3 sZ=(3, 3) lg=PASS] [s=a1 rankA=2 sZ=(2, 2) lg=PASS] [s=a2 S-EXP-NONZERO] -> ZSTABLE via s=a0
L1 AAtATattAATTataataTAT [s=a0 rankA=3 sZ=(3, 3) lg=PASS] [s=a1 rankA=3 sZ=(3, 3) lg=PASS] [s=a2 S-EXP-NONZERO] -> ZSTABLE via s=a0
L1 AAtATattAATATatataTaT [s=a0 rankA=3 sZ=(3, 3) lg=PASS] [s=a1 rankA=2 sZ=(2, 2) lg=PASS] [s=a2 S-EXP-NONZERO] -> ZSTABLE via s=a0
L1 AAtATattAATATataataTT [s=a0 rankA=3 sZ=(3, 3) lg=PASS] [s=a1 rankA=3 sZ=(3, 3) lg=PASS] [s=a2 S-EXP-NONZERO] -> ZSTABLE via s=a0
L1 AAtATattAATATattaTaaT [s=a0 rankA=3 sZ=(3, 3) lg=PASS] [s=a1 rankA=3 sZ=(3, 3) lg=PASS] [s=a2 S-EXP-NONZERO] -> ZSTABLE via s=a0
L1 AAtATattAATAtaTTataaT [s=a0 rankA=2 sZ=(2, 2) lg=PASS] [s=a1 rankA=3 sZ=(3, 3) lg=PASS] [s=a2 S-EXP-NONZERO] -> ZSTABLE via s=a0
L1 AAtATattAATaTatAtaTaT [s=a0 rankA=3 sZ=(3, 3) lg=PASS] [s=a1 rankA=1 sZ=(1, 1) lg=PASS] [s=a2 S-EXP-NONZERO] -> ZSTABLE via s=a0
L1 AAtATattAATaTatataTAT [s=a0 rankA=3 sZ=(3, 3) lg=PASS] [s=a1 rankA=3 sZ=(3, 3) lg=PASS] [s=a2 S-EXP-NONZERO] -> ZSTABLE via s=a0
L1 AAtATattAATataTATataT [s=a0 rankA=2 sZ=(2, 2) lg=PASS] [s=a1 rankA=2 sZ=(2, 2) lg=PASS] [s=a2 S-EXP-NONZERO] -> ZSTABLE via s=a0
L1 AAtATattAATataTAtaTaT [s=a0 S-EXP-NONZERO] [s=a1 rankA=2 sZ=(2, 2) lg=PASS] [s=a2 rankA=2 sZ=(2, 2) lg=PASS] -> ZSTABLE via s=a1
L1 AAtATattAATataTataTAT [s=a0 S-EXP-NONZERO] [s=a1 rankA=3 sZ=(3, 3) lg=PASS] [s=a2 rankA=2 sZ=(2, 2) lg=PASS] -> ZSTABLE via s=a1
L1 AAtATattAATaaTatAtaTT [s=a0 rankA=3 sZ=(3, 3) lg=PASS] [s=a1 rankA=3 sZ=(3, 3) lg=PASS] [s=a2 S-EXP-NONZERO] -> ZSTABLE via s=a0
L1 AAtATattAATaaTattaTAT [s=a0 rankA=3 sZ=(3, 3) lg=PASS] [s=a1 rankA=4 sZ=(4, 4) lg=PASS] [s=a2 S-EXP-NONZERO] -> ZSTABLE via s=a0
L1 AAtATattAATaataTTatAT [s=a0 rankA=2 sZ=(2, 2) lg=PASS] [s=a1 rankA=4 sZ=(4, 4) lg=PASS] [s=a2 S-EXP-NONZERO] -> ZSTABLE via s=a0
L1 AAtATattAATaataTAtaTT [s=a0 S-EXP-NONZERO] [s=a1 rankA=3 sZ=(3, 3) lg=PASS] [s=a2 rankA=2 sZ=(2, 2) lg=PASS] -> ZSTABLE via s=a1
L1 AAtATattATTattATataTT [s=a0 rankA=3 sZ=(3, 3) lg=PASS] [s=a1 rankA=2 sZ=(2, 2) lg=PASS_HLOOP] [s=a2 S-EXP-NONZERO] -> ZSTABLE via s=a0
L1 AAtATattATTattaTatATT [s=a0 rankA=3 sZ=(3, 3) lg=PASS] [s=a1 rankA=2 sZ=(2, 2) lg=PASS] [s=a2 S-EXP-NONZERO] -> ZSTABLE via s=a0
L1 AAtATattATTattaTataTT [s=a0 rankA=3 sZ=(3, 3) lg=PASS] [s=a1 rankA=2 sZ=(2, 2) lg=PASS] [s=a2 S-EXP-NONZERO] -> ZSTABLE via s=a0
L1 AAtATattATATatataaTaT [s=a0 rankA=3 sZ=(3, 3) lg=PASS] [s=a1 rankA=2 sZ=(2, 2) lg=PASS] [s=a2 S-EXP-NONZERO] -> ZSTABLE via s=a0
L1 AAtATattATAtaaTTataaT [s=a0 rankA=2 sZ=(2, 2) lg=PASS] [s=a1 rankA=3 sZ=(3, 3) lg=PASS] [s=a2 S-EXP-NONZERO] -> ZSTABLE via s=a0
L1 AAtATattATAtaaTaTataT [s=a0 rankA=2 sZ=(2, 2) lg=PASS] [s=a1 rankA=2 sZ=(2, 2) lg=PASS] [s=a2 S-EXP-NONZERO] -> ZSTABLE via s=a0
L1 AAtATattATaTatAtaaTaT [s=a0 rankA=3 sZ=(3, 3) lg=PASS_HLOOP] [s=a1 rankA=1 sZ=(1, 1) lg=PASS] [s=a2 S-EXP-NONZERO] -> ZSTABLE via s=a0
L1 AAtATattATaTatataaTAT [s=a0 rankA=3 sZ=(3, 3) lg=PASS_HLOOP] [s=a1 rankA=3 sZ=(3, 3) lg=PASS] [s=a2 S-EXP-NONZERO] -> ZSTABLE via s=a0
L1 AAtATattATatATTattaTT [s=a0 rankA=2 sZ=(2, 2) lg=PASS] [s=a1 rankA=2 sZ=(2, 2) lg=PASS] [s=a2 S-EXP-NONZERO] -> ZSTABLE via s=a0
L1 AAtATattATatATAtaaTaT [s=a0 S-EXP-NONZERO] [s=a1 rankA=2 sZ=(2, 2) lg=PASS] [s=a2 rankA=2 sZ=(2, 2) lg=PASS] -> ZSTABLE via s=a1
L1 AAtATattATataTTattATT [s=a0 rankA=2 sZ=(2, 2) lg=PASS] [s=a1 rankA=2 sZ=(2, 2) lg=PASS] [s=a2 S-EXP-NONZERO] -> ZSTABLE via s=a0
L1 AAtATattATataTTattaTT [s=a0 rankA=2 sZ=(2, 2) lg=PASS] [s=a1 rankA=2 sZ=(2, 2) lg=PASS] [s=a2 S-EXP-NONZERO] -> ZSTABLE via s=a0
L1 AAtATattATataaTATataT [s=a0 rankA=2 sZ=(2, 2) lg=PASS] [s=a1 rankA=2 sZ=(2, 2) lg=PASS] [s=a2 S-EXP-NONZERO] -> ZSTABLE via s=a0
L1 AAtATattATaaTatAtaaTT [s=a0 rankA=3 sZ=(3, 3) lg=PASS] [s=a1 rankA=3 sZ=(3, 3) lg=PASS] [s=a2 S-EXP-NONZERO] -> ZSTABLE via s=a0
L1 AAtATattATaaTattaaTAT [s=a0 rankA=3 sZ=(3, 3) lg=PASS] [s=a1 rankA=4 sZ=(4, 4) lg=PASS] [s=a2 S-EXP-NONZERO] -> ZSTABLE via s=a0
L1 AAtATattATaatATAtaaTT [s=a0 S-EXP-NONZERO] [s=a1 rankA=3 sZ=(3, 3) lg=PASS] [s=a2 rankA=2 sZ=(2, 2) lg=PASS] -> ZSTABLE via s=a1
L1 AAtATattaTTatAtAATaaT [s=a0 rankA=3 sZ=(3, 3) lg=PASS] [s=a1 rankA=2 sZ=(2, 2) lg=PASS] [s=a2 S-EXP-NONZERO] -> ZSTABLE via s=a0
L1 AAtATattaTTataatAATAT [s=a0 rankA=3 sZ=(3, 3) lg=PASS] [s=a1 rankA=3 sZ=(3, 3) lg=PASS] [s=a2 S-EXP-NONZERO] -> ZSTABLE via s=a0
L1 AAtATattaTTattATatATT [s=a0 rankA=3 sZ=(3, 3) lg=PASS] [s=a1 rankA=2 sZ=(2, 2) lg=PASS] [s=a2 S-EXP-NONZERO] -> ZSTABLE via s=a0
L1 AAtATattaTTattATataTT [s=a0 rankA=3 sZ=(3, 3) lg=PASS] [s=a1 rankA=2 sZ=(2, 2) lg=PASS] [s=a2 S-EXP-NONZERO] -> ZSTABLE via s=a0
L1 AAtATattaTTattaTatATT [s=a0 rankA=3 sZ=(3, 3) lg=PASS] [s=a1 rankA=2 sZ=(2, 2) lg=PASS_HLOOP] [s=a2 S-EXP-NONZERO] -> ZSTABLE via s=a0
L1 AAtATattaTATatatAATaT [s=a0 rankA=3 sZ=(3, 3) lg=PASS] [s=a1 rankA=2 sZ=(2, 2) lg=PASS] [s=a2 S-EXP-NONZERO] -> ZSTABLE via s=a0
L1 AAtATattaTATataatAATT [s=a0 rankA=3 sZ=(3, 3) lg=PASS] [s=a1 rankA=3 sZ=(3, 3) lg=PASS] [s=a2 S-EXP-NONZERO] -> ZSTABLE via s=a0
L1 AAtATattaTATattAATaaT [s=a0 rankA=3 sZ=(3, 3) lg=PASS] [s=a1 rankA=3 sZ=(3, 3) lg=PASS] [s=a2 S-EXP-NONZERO] -> ZSTABLE via s=a0
L1 AAtATattaTAtAATTataaT [s=a0 rankA=2 sZ=(2, 2) lg=PASS] [s=a1 rankA=3 sZ=(3, 3) lg=PASS] [s=a2 S-EXP-NONZERO] -> ZSTABLE via s=a0
L1 AAtATattaTAtAATaTataT [s=a0 rankA=2 sZ=(2, 2) lg=PASS] [s=a1 rankA=2 sZ=(2, 2) lg=PASS] [s=a2 S-EXP-NONZERO] -> ZSTABLE via s=a0
L1 AAtATattaTAtaTatAATaT [s=a0 S-EXP-NONZERO] [s=a1 rankA=2 sZ=(2, 2) lg=PASS] [s=a2 rankA=2 sZ=(2, 2) lg=PASS] -> ZSTABLE via s=a1
L1 AAtATattaTAtaTaatAATT [s=a0 S-EXP-NONZERO] [s=a1 rankA=3 sZ=(3, 3) lg=PASS] [s=a2 rankA=2 sZ=(2, 2) lg=PASS] -> ZSTABLE via s=a1
L1 AAtATattaTaTatAtAATaT [s=a0 rankA=3 sZ=(3, 3) lg=PASS_HLOOP] [s=a1 rankA=1 sZ=(1, 1) lg=PASS] [s=a2 S-EXP-NONZERO] -> ZSTABLE via s=a0
L1 AAtATattaTaTatatAATAT [s=a0 rankA=3 sZ=(3, 3) lg=PASS_HLOOP] [s=a1 rankA=3 sZ=(3, 3) lg=PASS] [s=a2 S-EXP-NONZERO] -> ZSTABLE via s=a0
L1 AAtATattaTatAATATataT [s=a0 rankA=2 sZ=(2, 2) lg=PASS] [s=a1 rankA=2 sZ=(2, 2) lg=PASS] [s=a2 S-EXP-NONZERO] -> ZSTABLE via s=a0
L1 AAtATattaTatAATataTAT [s=a0 S-EXP-NONZERO] [s=a1 rankA=3 sZ=(3, 3) lg=PASS] [s=a2 rankA=2 sZ=(2, 2) lg=PASS] -> ZSTABLE via s=a1
L1 AAtATattaTatATTattATT [s=a0 rankA=2 sZ=(2, 2) lg=PASS] [s=a1 rankA=2 sZ=(2, 2) lg=PASS] [s=a2 S-EXP-NONZERO] -> ZSTABLE via s=a0
L1 AAtATattaTatATTattaTT [s=a0 rankA=2 sZ=(2, 2) lg=PASS] [s=a1 rankA=2 sZ=(2, 2) lg=PASS] [s=a2 S-EXP-NONZERO] -> ZSTABLE via s=a0
L1 AAtATattaTataTTattATT [s=a0 rankA=2 sZ=(2, 2) lg=PASS] [s=a1 rankA=2 sZ=(2, 2) lg=PASS] [s=a2 S-EXP-NONZERO] -> ZSTABLE via s=a0
L1 AAtATattaTataTatAATAT [s=a0 S-EXP-NONZERO] [s=a1 rankA=3 sZ=(3, 3) lg=PASS] [s=a2 rankA=2 sZ=(2, 2) lg=PASS] -> ZSTABLE via s=a1
L1 AAtATattaTaaTatAtAATT [s=a0 rankA=3 sZ=(3, 3) lg=PASS] [s=a1 rankA=3 sZ=(3, 3) lg=PASS] [s=a2 S-EXP-NONZERO] -> ZSTABLE via s=a0
L1 AAtATattaTaaTattAATAT [s=a0 rankA=3 sZ=(3, 3) lg=PASS] [s=a1 rankA=4 sZ=(4, 4) lg=PASS] [s=a2 S-EXP-NONZERO] -> ZSTABLE via s=a0
L1 AAtATattaaTTatAtATaaT [s=a0 rankA=3 sZ=(3, 3) lg=PASS] [s=a1 rankA=2 sZ=(2, 2) lg=PASS] [s=a2 S-EXP-NONZERO] -> ZSTABLE via s=a0
L1 AAtATattaaTTataatATAT [s=a0 rankA=3 sZ=(3, 3) lg=PASS] [s=a1 rankA=3 sZ=(3, 3) lg=PASS] [s=a2 S-EXP-NONZERO] -> ZSTABLE via s=a0
L1 AAtATattaaTATatatATaT [s=a0 rankA=3 sZ=(3, 3) lg=PASS] [s=a1 rankA=2 sZ=(2, 2) lg=PASS] [s=a2 S-EXP-NONZERO] -> ZSTABLE via s=a0
L1 AAtATattaaTATataatATT [s=a0 rankA=3 sZ=(3, 3) lg=PASS] [s=a1 rankA=3 sZ=(3, 3) lg=PASS] [s=a2 S-EXP-NONZERO] -> ZSTABLE via s=a0
L1 AAtATattaaTATattATaaT [s=a0 rankA=3 sZ=(3, 3) lg=PASS] [s=a1 rankA=3 sZ=(3, 3) lg=PASS] [s=a2 S-EXP-NONZERO] -> ZSTABLE via s=a0
L1 AAtATattaaTAtATTataaT [s=a0 rankA=2 sZ=(2, 2) lg=PASS] [s=a1 rankA=3 sZ=(3, 3) lg=PASS] [s=a2 S-EXP-NONZERO] -> ZSTABLE via s=a0
L1 AAtATattaaTAtATaTataT [s=a0 rankA=2 sZ=(2, 2) lg=PASS] [s=a1 rankA=2 sZ=(2, 2) lg=PASS] [s=a2 S-EXP-NONZERO] -> ZSTABLE via s=a0
L1 AAtATattaaTAtATatATaT [s=a0 S-EXP-NONZERO] [s=a1 rankA=2 sZ=(2, 2) lg=PASS] [s=a2 rankA=2 sZ=(2, 2) lg=PASS] -> ZSTABLE via s=a1
L1 AAtATattaaTAtATaatATT [s=a0 S-EXP-NONZERO] [s=a1 rankA=3 sZ=(3, 3) lg=PASS] [s=a2 rankA=2 sZ=(2, 2) lg=PASS] -> ZSTABLE via s=a1
L1 AAtATattaaTaTatAtATaT [s=a0 rankA=3 sZ=(3, 3) lg=PASS] [s=a1 rankA=1 sZ=(1, 1) lg=PASS] [s=a2 S-EXP-NONZERO] -> ZSTABLE via s=a0
L1 AAtATattaaTaTatatATAT [s=a0 rankA=3 sZ=(3, 3) lg=PASS] [s=a1 rankA=3 sZ=(3, 3) lg=PASS] [s=a2 S-EXP-NONZERO] -> ZSTABLE via s=a0
L1 AAtAtAATTatATatataTaT [s=a0 rankA=4 sZ=(4, 4) lg=PASS] [s=a1 rankA=2 sZ=(2, 2) lg=PASS] [s=a2 S-EXP-NONZERO] -> ZSTABLE via s=a0
L1 AAtAtAATTatATataataTT [s=a0 rankA=4 sZ=(4, 4) lg=PASS] [s=a1 rankA=3 sZ=(3, 3) lg=PASS] [s=a2 S-EXP-NONZERO] -> ZSTABLE via s=a0
L1 AAtAtAATTatATattaTaaT [s=a0 rankA=4 sZ=(4, 4) lg=PASS] [s=a1 rankA=3 sZ=(3, 3) lg=PASS] [s=a2 S-EXP-NONZERO] -> ZSTABLE via s=a0
L1 AAtAtAATTatAtaTTataaT [s=a0 rankA=3 sZ=(3, 3) lg=PASS] [s=a1 rankA=3 sZ=(3, 3) lg=PASS] [s=a2 S-EXP-NONZERO] -> ZSTABLE via s=a0
L1 AAtAtAATTatAtaTaTataT [s=a0 rankA=3 sZ=(3, 3) lg=PASS] [s=a1 rankA=2 sZ=(2, 2) lg=PASS] [s=a2 S-EXP-NONZERO] -> ZSTABLE via s=a0
L1 AAtAtAATTatAtaTataTaT [s=a0 S-EXP-NONZERO] [s=a1 rankA=2 sZ=(2, 2) lg=PASS] [s=a2 rankA=4 sZ=(4, 4) lg=PASS_HLOOP] -> ZSTABLE via s=a1
L1 AAtAtAATTatAtaTaataTT [s=a0 S-EXP-NONZERO] [s=a1 rankA=3 sZ=(3, 3) lg=PASS] [s=a2 rankA=4 sZ=(4, 4) lg=PASS] -> ZSTABLE via s=a1
L1 AAtAtAATTataTatAtaTaT [s=a0 rankA=4 sZ=(4, 4) lg=PASS] [s=a1 rankA=1 sZ=(1, 1) lg=PASS] [s=a2 S-EXP-NONZERO] -> ZSTABLE via s=a0
L1 AAtAtAATTataTatataTAT [s=a0 rankA=4 sZ=(4, 4) lg=PASS] [s=a1 rankA=3 sZ=(3, 3) lg=PASS] [s=a2 S-EXP-NONZERO] -> ZSTABLE via s=a0
L1 AAtAtAATTatataTATataT [s=a0 rankA=3 sZ=(3, 3) lg=PASS] [s=a1 rankA=2 sZ=(2, 2) lg=PASS] [s=a2 S-EXP-NONZERO] -> ZSTABLE via s=a0
L1 AAtAtAATTatataTAtaTaT [s=a0 S-EXP-NONZERO] [s=a1 rankA=2 sZ=(2, 2) lg=PASS] [s=a2 rankA=4 sZ=(4, 4) lg=PASS_HLOOP] -> ZSTABLE via s=a1
L1 AAtAtAATTatataTataTAT [s=a0 S-EXP-NONZERO] [s=a1 rankA=3 sZ=(3, 3) lg=PASS] [s=a2 rankA=4 sZ=(4, 4) lg=PASS] -> ZSTABLE via s=a1
L1 AAtAtAATTataaTattaTAT [s=a0 rankA=4 sZ=(4, 4) lg=PASS] [s=a1 rankA=4 sZ=(4, 4) lg=PASS] [s=a2 S-EXP-NONZERO] -> ZSTABLE via s=a0
L1 AAtAtAATTattaTTattaTT [s=a0 rankA=2 sZ=(2, 2) lg=PASS] [s=a1 S-EXP-NONZERO] [s=a2 rankA=2 sZ=(2, 2) lg=PASS] -> ZSTABLE via s=a0
L1 AAtAtAATTattaTATataaT [s=a0 rankA=3 sZ=(3, 3) lg=PASS] [s=a1 rankA=2 sZ=(2, 2) lg=PASS] [s=a2 S-EXP-NONZERO] -> ZSTABLE via s=a0
L1 AAtAtAATTattaTAtaTaaT [s=a0 S-EXP-NONZERO] [s=a1 rankA=2 sZ=(2, 2) lg=PASS] [s=a2 rankA=3 sZ=(3, 3) lg=PASS] -> ZSTABLE via s=a1
L1 AAtAtAATTattaTaataTAT [s=a0 S-EXP-NONZERO] [s=a1 rankA=3 sZ=(3, 3) lg=PASS] [s=a2 rankA=3 sZ=(3, 3) lg=PASS] -> ZSTABLE via s=a1
L1 AAtAtAATATataTattaTaT [s=a0 rankA=4 sZ=(4, 4) lg=PASS] [s=a1 rankA=2 sZ=(2, 2) lg=PASS] [s=a2 S-EXP-NONZERO] -> ZSTABLE via s=a0
L1 AAtAtAATATatataTTataT [s=a0 rankA=3 sZ=(3, 3) lg=PASS] [s=a1 rankA=2 sZ=(2, 2) lg=PASS] [s=a2 S-EXP-NONZERO] -> ZSTABLE via s=a0
L1 AAtAtAATATattaTTataaT [s=a0 rankA=3 sZ=(3, 3) lg=PASS] [s=a1 rankA=3 sZ=(3, 3) lg=PASS] [s=a2 S-EXP-NONZERO] -> ZSTABLE via s=a0
L1 AAtAtAATATattaTaTataT [s=a0 rankA=3 sZ=(3, 3) lg=PASS] [s=a1 rankA=3 sZ=(3, 3) lg=PASS] [s=a2 S-EXP-NONZERO] -> ZSTABLE via s=a0
L1 AAtAtAATATattaTataTaT [s=a0 S-EXP-NONZERO] [s=a1 rankA=3 sZ=(3, 3) lg=PASS] [s=a2 rankA=4 sZ=(4, 4) lg=PASS_HLOOP] -> ZSTABLE via s=a1
L1 AAtAtAATaTatATattaTaT [s=a0 rankA=4 sZ=(4, 4) lg=PASS_HLOOP] [s=a1 rankA=1 sZ=(1, 1) lg=PASS] [s=a2 S-EXP-NONZERO] -> ZSTABLE via s=a0
L1 AAtAtAATaTatAtaTTataT [s=a0 rankA=3 sZ=(3, 3) lg=PASS_HLOOP] [s=a1 rankA=1 sZ=(1, 1) lg=PASS] [s=a2 S-EXP-NONZERO] -> ZSTABLE via s=a0
L1 AAtAtAATaTattaTATataT [s=a0 rankA=3 sZ=(3, 3) lg=PASS_HLOOP] [s=a1 rankA=2 sZ=(2, 2) lg=PASS] [s=a2 S-EXP-NONZERO] -> ZSTABLE via s=a0
L1 AAtAtAATataTTatATataT [s=a0 rankA=2 sZ=(2, 2) lg=PASS] [s=a1 rankA=2 sZ=(2, 2) lg=PASS] [s=a2 S-EXP-NONZERO] -> ZSTABLE via s=a0
L1 AAtAtATTatATatataaTaT [s=a0 rankA=4 sZ=(4, 4) lg=PASS] [s=a1 rankA=2 sZ=(2, 2) lg=PASS] [s=a2 S-EXP-NONZERO] -> ZSTABLE via s=a0
L1 AAtAtATTatAtaaTTataaT [s=a0 rankA=3 sZ=(3, 3) lg=PASS] [s=a1 rankA=3 sZ=(3, 3) lg=PASS] [s=a2 S-EXP-NONZERO] -> ZSTABLE via s=a0
L1 AAtAtATTatAtaaTaTataT [s=a0 rankA=3 sZ=(3, 3) lg=PASS] [s=a1 rankA=2 sZ=(2, 2) lg=PASS] [s=a2 S-EXP-NONZERO] -> ZSTABLE via s=a0
L1 AAtAtATTataTatAtaaTaT [s=a0 rankA=4 sZ=(4, 4) lg=PASS_HLOOP] [s=a1 rankA=1 sZ=(1, 1) lg=PASS] [s=a2 S-EXP-NONZERO] -> ZSTABLE via s=a0
L1 AAtAtATTataTatataaTAT [s=a0 rankA=4 sZ=(4, 4) lg=PASS_HLOOP] [s=a1 rankA=3 sZ=(3, 3) lg=PASS] [s=a2 S-EXP-NONZERO] -> ZSTABLE via s=a0
L1 AAtAtATTatatATTattaTT [s=a0 rankA=3 sZ=(3, 3) lg=PASS] [s=a1 rankA=2 sZ=(2, 2) lg=PASS] [s=a2 S-EXP-NONZERO] -> ZSTABLE via s=a0
L1 AAtAtATTatatATAtaaTaT [s=a0 S-EXP-NONZERO] [s=a1 rankA=2 sZ=(2, 2) lg=PASS] [s=a2 rankA=3 sZ=(3, 3) lg=PASS_HLOOP] -> ZSTABLE via s=a1
L1 AAtAtATTatataTTattATT [s=a0 rankA=3 sZ=(3, 3) lg=PASS] [s=a1 rankA=2 sZ=(2, 2) lg=PASS] [s=a2 S-EXP-NONZERO] -> ZSTABLE via s=a0
L1 AAtAtATTatataTTattaTT [s=a0 rankA=3 sZ=(3, 3) lg=PASS] [s=a1 rankA=2 sZ=(2, 2) lg=PASS] [s=a2 S-EXP-NONZERO] -> ZSTABLE via s=a0
L1 AAtAtATTatataaTATataT [s=a0 rankA=3 sZ=(3, 3) lg=PASS] [s=a1 rankA=2 sZ=(2, 2) lg=PASS] [s=a2 S-EXP-NONZERO] -> ZSTABLE via s=a0
L1 AAtAtATTataaTatAtaaTT [s=a0 rankA=4 sZ=(4, 4) lg=PASS] [s=a1 rankA=3 sZ=(3, 3) lg=PASS] [s=a2 S-EXP-NONZERO] -> ZSTABLE via s=a0
L1 AAtAtATTataaTattaaTAT [s=a0 rankA=4 sZ=(4, 4) lg=PASS] [s=a1 rankA=4 sZ=(4, 4) lg=PASS] [s=a2 S-EXP-NONZERO] -> ZSTABLE via s=a0
L1 AAtAtATTataatATAtaaTT [s=a0 S-EXP-NONZERO] [s=a1 rankA=3 sZ=(3, 3) lg=PASS] [s=a2 rankA=3 sZ=(3, 3) lg=PASS] -> ZSTABLE via s=a1
L1 AAtAtATTattATTatataTT [s=a0 rankA=4 sZ=(4, 4) lg=PASS] [s=a1 rankA=2 sZ=(2, 2) lg=PASS_HLOOP] [s=a2 S-EXP-NONZERO] -> ZSTABLE via s=a0
L1 AAtAtATTattATTattaTaT [s=a0 rankA=4 sZ=(4, 4) lg=PASS] [s=a1 rankA=1 sZ=(1, 1) lg=PASS] [s=a2 S-EXP-NONZERO] -> ZSTABLE via s=a0
L1 AAtAtATTattATTattaaTT [s=a0 rankA=2 sZ=(2, 2) lg=PASS] [s=a1 S-EXP-NONZERO] [s=a2 rankA=2 sZ=(2, 2) lg=PASS] -> ZSTABLE via s=a0
L1 AAtAtATTattATaTattaTT [s=a0 rankA=3 sZ=(3, 3) lg=PASS] [s=a1 rankA=2 sZ=(2, 2) lg=PASS] [s=a2 S-EXP-NONZERO] -> ZSTABLE via s=a0
L1 AAtAtATTattaTTatatATT [s=a0 rankA=4 sZ=(4, 4) lg=PASS] [s=a1 rankA=2 sZ=(2, 2) lg=PASS] [s=a2 S-EXP-NONZERO] -> ZSTABLE via s=a0
L1 AAtAtATTattaTTatataTT [s=a0 rankA=4 sZ=(4, 4) lg=PASS] [s=a1 rankA=2 sZ=(2, 2) lg=PASS] [s=a2 S-EXP-NONZERO] -> ZSTABLE via s=a0
L1 AAtAtATTattaTTattATaT [s=a0 rankA=4 sZ=(4, 4) lg=PASS] [s=a1 VERTEX-NONFREE(7)] [s=a2 S-EXP-NONZERO] -> ZSTABLE via s=a0
L1 AAtAtATTattaTTattaTaT [s=a0 rankA=4 sZ=(4, 4) lg=PASS] [s=a1 rankA=1 sZ=(1, 1) lg=PASS] [s=a2 S-EXP-NONZERO] -> ZSTABLE via s=a0
L1 AAtAtATTattaTaTattATT [s=a0 rankA=3 sZ=(3, 3) lg=PASS] [s=a1 rankA=2 sZ=(2, 2) lg=PASS] [s=a2 S-EXP-NONZERO] -> ZSTABLE via s=a0
L1 AAtAtATTattaTaTattaTT [s=a0 rankA=3 sZ=(3, 3) lg=PASS] [s=a1 rankA=2 sZ=(2, 2) lg=PASS] [s=a2 S-EXP-NONZERO] -> ZSTABLE via s=a0
L1 AAtAtATTattaaTTattATT [s=a0 rankA=2 sZ=(2, 2) lg=PASS] [s=a1 S-EXP-NONZERO] [s=a2 rankA=2 sZ=(2, 2) lg=PASS] -> ZSTABLE via s=a0
L1 AAtAtATTattaaTATataaT [s=a0 rankA=3 sZ=(3, 3) lg=PASS] [s=a1 rankA=2 sZ=(2, 2) lg=PASS] [s=a2 S-EXP-NONZERO] -> ZSTABLE via s=a0
L1 AAtAtATTattaaTAtATaaT [s=a0 S-EXP-NONZERO] [s=a1 rankA=2 sZ=(2, 2) lg=PASS] [s=a2 rankA=2 sZ=(2, 2) lg=PASS] -> ZSTABLE via s=a1
L1 AAtAtATATataTatataaTT [s=a0 rankA=4 sZ=(4, 4) lg=PASS] [s=a1 rankA=3 sZ=(3, 3) lg=PASS] [s=a2 S-EXP-NONZERO] -> ZSTABLE via s=a0
L1 AAtAtATATataTattaaTaT [s=a0 rankA=4 sZ=(4, 4) lg=PASS] [s=a1 rankA=2 sZ=(2, 2) lg=PASS] [s=a2 S-EXP-NONZERO] -> ZSTABLE via s=a0
L1 AAtAtATATatataaTTataT [s=a0 rankA=3 sZ=(3, 3) lg=PASS] [s=a1 rankA=2 sZ=(2, 2) lg=PASS] [s=a2 S-EXP-NONZERO] -> ZSTABLE via s=a0
L1 AAtAtATATataaTattaaTT [s=a0 rankA=3 sZ=(3, 3) lg=PASS] [s=a1 rankA=3 sZ=(3, 3) lg=PASS] [s=a2 S-EXP-NONZERO] -> ZSTABLE via s=a0
L1 AAtAtATATattaaTTataaT [s=a0 rankA=3 sZ=(3, 3) lg=PASS] [s=a1 rankA=3 sZ=(3, 3) lg=PASS] [s=a2 S-EXP-NONZERO] -> ZSTABLE via s=a0
L1 AAtAtATATattaaTaTataT [s=a0 rankA=3 sZ=(3, 3) lg=PASS] [s=a1 rankA=3 sZ=(3, 3) lg=PASS] [s=a2 S-EXP-NONZERO] -> ZSTABLE via s=a0
L1 AAtAtATAtATaTattaaTaT [s=a0 S-EXP-NONZERO] [s=a1 rankA=2 sZ=(2, 2) lg=PASS] [s=a2 rankA=4 sZ=(4, 4) lg=PASS_HLOOP] -> ZSTABLE via s=a1
L1 AAtAtATAtATaaTattaaTT [s=a0 S-EXP-NONZERO] [s=a1 rankA=2 sZ=(2, 2) lg=PASS] [s=a2 rankA=4 sZ=(4, 4) lg=PASS] -> ZSTABLE via s=a1
L1 AAtAtATAtaaTTataTataT [s=a0 rankA=2 sZ=(2, 2) lg=PASS] [s=a1 rankA=3 sZ=(3, 3) lg=PASS] [s=a2 S-EXP-NONZERO] -> ZSTABLE via s=a0
L1 AAtAtATAtaaTTatatATaT [s=a0 S-EXP-NONZERO] [s=a1 rankA=3 sZ=(3, 3) lg=PASS] [s=a2 rankA=3 sZ=(3, 3) lg=PASS] -> ZSTABLE via s=a1
L1 AAtAtATAtaaTTataatATT [s=a0 S-EXP-NONZERO] [s=a1 rankA=4 sZ=(4, 4) lg=PASS] [s=a2 rankA=3 sZ=(3, 3) lg=PASS] -> ZSTABLE via s=a1
L1 AAtAtATAtaaTTattATaaT [s=a0 S-EXP-NONZERO] [s=a1 rankA=3 sZ=(3, 3) lg=PASS] [s=a2 rankA=2 sZ=(2, 2) lg=PASS] -> ZSTABLE via s=a1
L1 AAtAtATaTatATatataaTT [s=a0 rankA=4 sZ=(4, 4) lg=PASS] [s=a1 rankA=2 sZ=(2, 2) lg=PASS] [s=a2 S-EXP-NONZERO] -> ZSTABLE via s=a0
L1 AAtAtATaTatATattaaTaT [s=a0 rankA=4 sZ=(4, 4) lg=PASS] [s=a1 rankA=1 sZ=(1, 1) lg=PASS] [s=a2 S-EXP-NONZERO] -> ZSTABLE via s=a0
L1 AAtAtATaTatAtaaTTataT [s=a0 rankA=3 sZ=(3, 3) lg=PASS] [s=a1 rankA=1 sZ=(1, 1) lg=PASS] [s=a2 S-EXP-NONZERO] -> ZSTABLE via s=a0
L1 AAtAtATaTataTatAtaaTT [s=a0 rankA=4 sZ=(4, 4) lg=PASS] [s=a1 rankA=2 sZ=(2, 2) lg=PASS] [s=a2 S-EXP-NONZERO] -> ZSTABLE via s=a0
L1 AAtAtATaTataTattaaTAT [s=a0 rankA=4 sZ=(4, 4) lg=PASS] [s=a1 rankA=3 sZ=(3, 3) lg=PASS] [s=a2 S-EXP-NONZERO] -> ZSTABLE via s=a0
L1 AAtAtATaTatatATAtaaTT [s=a0 S-EXP-NONZERO] [s=a1 rankA=2 sZ=(2, 2) lg=PASS] [s=a2 rankA=3 sZ=(3, 3) lg=PASS] -> ZSTABLE via s=a1
L1 AAtAtATaTattATTattaTT [s=a0 rankA=2 sZ=(2, 2) lg=PASS] [s=a1 rankA=1 sZ=(1, 1) lg=PASS] [s=a2 S-EXP-NONZERO] -> ZSTABLE via s=a0
L1 AAtAtATaTattATAtaaTaT [s=a0 S-EXP-NONZERO] [s=a1 rankA=1 sZ=(1, 1) lg=PASS] [s=a2 rankA=3 sZ=(3, 3) lg=PASS_HLOOP] -> ZSTABLE via s=a1
L1 AAtAtATaTattaTTattATT [s=a0 rankA=2 sZ=(2, 2) lg=PASS] [s=a1 rankA=1 sZ=(1, 1) lg=PASS] [s=a2 S-EXP-NONZERO] -> ZSTABLE via s=a0
L1 AAtAtATaTattaTTattaTT [s=a0 rankA=2 sZ=(2, 2) lg=PASS] [s=a1 rankA=1 sZ=(1, 1) lg=PASS] [s=a2 S-EXP-NONZERO] -> ZSTABLE via s=a0
L1 AAtAtATaTattaaTATataT [s=a0 rankA=3 sZ=(3, 3) lg=PASS] [s=a1 rankA=2 sZ=(2, 2) lg=PASS] [s=a2 S-EXP-NONZERO] -> ZSTABLE via s=a0
L1 AAtAtATaTattaaTAtATaT [s=a0 S-EXP-NONZERO] [s=a1 VERTEX-NONFREE(7)] [s=a2 rankA=3 sZ=(3, 3) lg=PASS] -> ZSTABLE via s=a2
L1 AAtAtATatATTatAtaaTaT [s=a0 S-EXP-NONZERO] [s=a1 rankA=1 sZ=(1, 1) lg=PASS] [s=a2 rankA=4 sZ=(4, 4) lg=PASS_HLOOP] -> ZSTABLE via s=a1
L1 AAtAtATatATATattaaTaT [s=a0 S-EXP-NONZERO] [s=a1 rankA=2 sZ=(2, 2) lg=PASS] [s=a2 rankA=4 sZ=(4, 4) lg=PASS_HLOOP] -> ZSTABLE via s=a1
L1 AAtAtATatATAtaaTTataT [s=a0 S-EXP-NONZERO] [s=a1 rankA=2 sZ=(2, 2) lg=PASS] [s=a2 rankA=2 sZ=(2, 2) lg=PASS] -> ZSTABLE via s=a1
L1 AAtAtATatATaTatAtaaTT [s=a0 S-EXP-NONZERO] [s=a1 rankA=2 sZ=(2, 2) lg=PASS] [s=a2 rankA=4 sZ=(4, 4) lg=PASS] -> ZSTABLE via s=a1
L1 AAtAtATatATaTattaaTAT [s=a0 S-EXP-NONZERO] [s=a1 rankA=3 sZ=(3, 3) lg=PASS] [s=a2 rankA=4 sZ=(4, 4) lg=PASS] -> ZSTABLE via s=a1
L1 AAtAtATaaTatATattaaTT [s=a0 rankA=3 sZ=(3, 3) lg=PASS] [s=a1 rankA=2 sZ=(2, 2) lg=PASS] [s=a2 S-EXP-NONZERO] -> ZSTABLE via s=a0
L1 AAtAtATaaTattATAtaaTT [s=a0 S-EXP-NONZERO] [s=a1 rankA=3 sZ=(3, 3) lg=PASS] [s=a2 rankA=3 sZ=(3, 3) lg=PASS] -> ZSTABLE via s=a1
L1 AAtAtATaaTattaaTAtATT [s=a0 S-EXP-NONZERO] [s=a1 rankA=3 sZ=(3, 3) lg=PASS] [s=a2 rankA=3 sZ=(3, 3) lg=PASS] -> ZSTABLE via s=a1
L1 AAtAtATaatATTatAtaaTT [s=a0 S-EXP-NONZERO] [s=a1 rankA=3 sZ=(3, 3) lg=PASS] [s=a2 rankA=4 sZ=(4, 4) lg=PASS] -> ZSTABLE via s=a1
L1 AAtAtATaatATTattaaTAT [s=a0 S-EXP-NONZERO] [s=a1 rankA=3 sZ=(3, 3) lg=PASS] [s=a2 rankA=3 sZ=(3, 3) lg=PASS] -> ZSTABLE via s=a1
L1 AAtAtATaatATATattaaTT [s=a0 S-EXP-NONZERO] [s=a1 rankA=2 sZ=(2, 2) lg=PASS] [s=a2 rankA=4 sZ=(4, 4) lg=PASS] -> ZSTABLE via s=a1
L1 AAtAtaTTatATatatAATaT [s=a0 rankA=4 sZ=(4, 4) lg=PASS] [s=a1 rankA=2 sZ=(2, 2) lg=PASS] [s=a2 S-EXP-NONZERO] -> ZSTABLE via s=a0
L1 AAtAtaTTatATataatAATT [s=a0 rankA=4 sZ=(4, 4) lg=PASS] [s=a1 rankA=3 sZ=(3, 3) lg=PASS] [s=a2 S-EXP-NONZERO] -> ZSTABLE via s=a0
L1 AAtAtaTTatATattAATaaT [s=a0 rankA=4 sZ=(4, 4) lg=PASS] [s=a1 rankA=3 sZ=(3, 3) lg=PASS] [s=a2 S-EXP-NONZERO] -> ZSTABLE via s=a0
L1 AAtAtaTTatAtAATTataaT [s=a0 rankA=3 sZ=(3, 3) lg=PASS] [s=a1 rankA=3 sZ=(3, 3) lg=PASS] [s=a2 S-EXP-NONZERO] -> ZSTABLE via s=a0
L1 AAtAtaTTatAtAATaTataT [s=a0 rankA=3 sZ=(3, 3) lg=PASS] [s=a1 rankA=2 sZ=(2, 2) lg=PASS] [s=a2 S-EXP-NONZERO] -> ZSTABLE via s=a0
L1 AAtAtaTTatAtaTatAATaT [s=a0 S-EXP-NONZERO] [s=a1 rankA=2 sZ=(2, 2) lg=PASS] [s=a2 rankA=3 sZ=(3, 3) lg=PASS_HLOOP] -> ZSTABLE via s=a1
L1 AAtAtaTTatAtaTaatAATT [s=a0 S-EXP-NONZERO] [s=a1 rankA=3 sZ=(3, 3) lg=PASS] [s=a2 rankA=3 sZ=(3, 3) lg=PASS] -> ZSTABLE via s=a1
L1 AAtAtaTTataTatAtAATaT [s=a0 rankA=4 sZ=(4, 4) lg=PASS_HLOOP] [s=a1 rankA=1 sZ=(1, 1) lg=PASS] [s=a2 S-EXP-NONZERO] -> ZSTABLE via s=a0
L1 AAtAtaTTatatAATATataT [s=a0 rankA=3 sZ=(3, 3) lg=PASS] [s=a1 rankA=2 sZ=(2, 2) lg=PASS] [s=a2 S-EXP-NONZERO] -> ZSTABLE via s=a0
L1 AAtAtaTTatatAATataTAT [s=a0 S-EXP-NONZERO] [s=a1 rankA=3 sZ=(3, 3) lg=PASS] [s=a2 rankA=3 sZ=(3, 3) lg=PASS] -> ZSTABLE via s=a1
L1 AAtAtaTTatatATTattATT [s=a0 rankA=3 sZ=(3, 3) lg=PASS] [s=a1 rankA=2 sZ=(2, 2) lg=PASS] [s=a2 S-EXP-NONZERO] -> ZSTABLE via s=a0
L1 AAtAtaTTatatATTattaTT [s=a0 rankA=3 sZ=(3, 3) lg=PASS] [s=a1 rankA=2 sZ=(2, 2) lg=PASS] [s=a2 S-EXP-NONZERO] -> ZSTABLE via s=a0
L1 AAtAtaTTatataTTattATT [s=a0 rankA=3 sZ=(3, 3) lg=PASS] [s=a1 rankA=2 sZ=(2, 2) lg=PASS] [s=a2 S-EXP-NONZERO] -> ZSTABLE via s=a0
L1 AAtAtaTTataaTatAtAATT [s=a0 rankA=4 sZ=(4, 4) lg=PASS] [s=a1 rankA=3 sZ=(3, 3) lg=PASS] [s=a2 S-EXP-NONZERO] -> ZSTABLE via s=a0
L1 AAtAtaTTattAATTattaTT [s=a0 rankA=2 sZ=(2, 2) lg=PASS] [s=a1 S-EXP-NONZERO] [s=a2 rankA=2 sZ=(2, 2) lg=PASS] -> ZSTABLE via s=a0
L1 AAtAtaTTattAATATataaT [s=a0 rankA=3 sZ=(3, 3) lg=PASS] [s=a1 rankA=2 sZ=(2, 2) lg=PASS] [s=a2 S-EXP-NONZERO] -> ZSTABLE via s=a0
L1 AAtAtaTTattAATaataTAT [s=a0 S-EXP-NONZERO] [s=a1 rankA=3 sZ=(3, 3) lg=PASS] [s=a2 rankA=2 sZ=(2, 2) lg=PASS] -> ZSTABLE via s=a1
L1 AAtAtaTTattATTatatATT [s=a0 rankA=4 sZ=(4, 4) lg=PASS] [s=a1 rankA=2 sZ=(2, 2) lg=PASS] [s=a2 S-EXP-NONZERO] -> ZSTABLE via s=a0
L1 AAtAtaTTattATTatataTT [s=a0 rankA=4 sZ=(4, 4) lg=PASS] [s=a1 rankA=2 sZ=(2, 2) lg=PASS] [s=a2 S-EXP-NONZERO] -> ZSTABLE via s=a0
L1 AAtAtaTTattATTattATaT [s=a0 rankA=4 sZ=(4, 4) lg=PASS] [s=a1 rankA=1 sZ=(1, 1) lg=PASS] [s=a2 S-EXP-NONZERO] -> ZSTABLE via s=a0
L1 AAtAtaTTattATTattaTaT [s=a0 rankA=4 sZ=(4, 4) lg=PASS] [s=a1 VERTEX-NONFREE(7)] [s=a2 S-EXP-NONZERO] -> ZSTABLE via s=a0
L1 AAtAtaTTattATaTattATT [s=a0 rankA=3 sZ=(3, 3) lg=PASS] [s=a1 rankA=2 sZ=(2, 2) lg=PASS] [s=a2 S-EXP-NONZERO] -> ZSTABLE via s=a0
L1 AAtAtaTTattATaTattaTT [s=a0 rankA=3 sZ=(3, 3) lg=PASS] [s=a1 rankA=2 sZ=(2, 2) lg=PASS] [s=a2 S-EXP-NONZERO] -> ZSTABLE via s=a0
L1 AAtAtaTTattaTTatatATT [s=a0 rankA=4 sZ=(4, 4) lg=PASS] [s=a1 rankA=2 sZ=(2, 2) lg=PASS_HLOOP] [s=a2 S-EXP-NONZERO] -> ZSTABLE via s=a0
L1 AAtAtaTTattaTTattAATT [s=a0 rankA=2 sZ=(2, 2) lg=PASS] [s=a1 S-EXP-NONZERO] [s=a2 rankA=2 sZ=(2, 2) lg=PASS] -> ZSTABLE via s=a0
L1 AAtAtaTTattaTTattATaT [s=a0 rankA=4 sZ=(4, 4) lg=PASS] [s=a1 rankA=1 sZ=(1, 1) lg=PASS] [s=a2 S-EXP-NONZERO] -> ZSTABLE via s=a0
L1 AAtAtaTTattaTaTattATT [s=a0 rankA=3 sZ=(3, 3) lg=PASS] [s=a1 rankA=2 sZ=(2, 2) lg=PASS] [s=a2 S-EXP-NONZERO] -> ZSTABLE via s=a0
L1 AAtAtaTATataTatatAATT [s=a0 rankA=4 sZ=(4, 4) lg=PASS] [s=a1 rankA=3 sZ=(3, 3) lg=PASS] [s=a2 S-EXP-NONZERO] -> ZSTABLE via s=a0
L1 AAtAtaTATataTattAATaT [s=a0 rankA=4 sZ=(4, 4) lg=PASS] [s=a1 rankA=2 sZ=(2, 2) lg=PASS] [s=a2 S-EXP-NONZERO] -> ZSTABLE via s=a0
L1 AAtAtaTATatatAATTataT [s=a0 rankA=3 sZ=(3, 3) lg=PASS] [s=a1 rankA=2 sZ=(2, 2) lg=PASS] [s=a2 S-EXP-NONZERO] -> ZSTABLE via s=a0
L1 AAtAtaTATatatAATataTT [s=a0 S-EXP-NONZERO] [s=a1 rankA=3 sZ=(3, 3) lg=PASS] [s=a2 rankA=3 sZ=(3, 3) lg=PASS] -> ZSTABLE via s=a1
L1 AAtAtaTATatataTatAATT [s=a0 S-EXP-NONZERO] [s=a1 rankA=3 sZ=(3, 3) lg=PASS] [s=a2 rankA=3 sZ=(3, 3) lg=PASS] -> ZSTABLE via s=a1
L1 AAtAtaTATataaTattAATT [s=a0 rankA=3 sZ=(3, 3) lg=PASS] [s=a1 rankA=3 sZ=(3, 3) lg=PASS] [s=a2 S-EXP-NONZERO] -> ZSTABLE via s=a0
L1 AAtAtaTATattAATTataaT [s=a0 rankA=3 sZ=(3, 3) lg=PASS] [s=a1 rankA=3 sZ=(3, 3) lg=PASS] [s=a2 S-EXP-NONZERO] -> ZSTABLE via s=a0
L1 AAtAtaTATattAATaTataT [s=a0 rankA=3 sZ=(3, 3) lg=PASS] [s=a1 rankA=3 sZ=(3, 3) lg=PASS] [s=a2 S-EXP-NONZERO] -> ZSTABLE via s=a0
L1 AAtAtaTATattAATataTaT [s=a0 S-EXP-NONZERO] [s=a1 rankA=3 sZ=(3, 3) lg=PASS] [s=a2 rankA=3 sZ=(3, 3) lg=PASS] -> ZSTABLE via s=a1
L1 AAtAtaTATattAATaataTT [s=a0 S-EXP-NONZERO] [s=a1 rankA=4 sZ=(4, 4) lg=PASS] [s=a2 rankA=3 sZ=(3, 3) lg=PASS] -> ZSTABLE via s=a1
L1 AAtAtaTATattaTatAATaT [s=a0 S-EXP-NONZERO] [s=a1 rankA=3 sZ=(3, 3) lg=PASS] [s=a2 rankA=3 sZ=(3, 3) lg=PASS_HLOOP] -> ZSTABLE via s=a1
L1 AAtAtaTATattaTaatAATT [s=a0 S-EXP-NONZERO] [s=a1 rankA=4 sZ=(4, 4) lg=PASS] [s=a2 rankA=3 sZ=(3, 3) lg=PASS] -> ZSTABLE via s=a1
L1 AAtAtaTAtaTTatatAATaT [s=a0 S-EXP-NONZERO] [s=a1 rankA=3 sZ=(3, 3) lg=PASS] [s=a2 rankA=4 sZ=(4, 4) lg=PASS_HLOOP] -> ZSTABLE via s=a1
L1 AAtAtaTAtaTTataatAATT [s=a0 S-EXP-NONZERO] [s=a1 rankA=4 sZ=(4, 4) lg=PASS] [s=a2 rankA=4 sZ=(4, 4) lg=PASS] -> ZSTABLE via s=a1
L1 AAtAtaTAtaTTattAATaaT [s=a0 S-EXP-NONZERO] [s=a1 rankA=3 sZ=(3, 3) lg=PASS] [s=a2 rankA=3 sZ=(3, 3) lg=PASS] -> ZSTABLE via s=a1
L1 AAtAtaTAtaTaTatatAATT [s=a0 S-EXP-NONZERO] [s=a1 rankA=3 sZ=(3, 3) lg=PASS] [s=a2 rankA=4 sZ=(4, 4) lg=PASS] -> ZSTABLE via s=a1
L1 AAtAtaTAtaTaTattAATaT [s=a0 S-EXP-NONZERO] [s=a1 rankA=2 sZ=(2, 2) lg=PASS] [s=a2 rankA=4 sZ=(4, 4) lg=PASS_HLOOP] -> ZSTABLE via s=a1
L1 AAtAtaTAtaTatAATTataT [s=a0 S-EXP-NONZERO] [s=a1 rankA=2 sZ=(2, 2) lg=PASS] [s=a2 rankA=2 sZ=(2, 2) lg=PASS] -> ZSTABLE via s=a1
L1 AAtAtaTAtaTaaTattAATT [s=a0 S-EXP-NONZERO] [s=a1 rankA=2 sZ=(2, 2) lg=PASS] [s=a2 rankA=4 sZ=(4, 4) lg=PASS] -> ZSTABLE via s=a1
L1 AAtAtaTaTatATatatAATT [s=a0 rankA=4 sZ=(4, 4) lg=PASS] [s=a1 rankA=2 sZ=(2, 2) lg=PASS] [s=a2 S-EXP-NONZERO] -> ZSTABLE via s=a0
L1 AAtAtaTaTatATattAATaT [s=a0 rankA=4 sZ=(4, 4) lg=PASS] [s=a1 rankA=1 sZ=(1, 1) lg=PASS] [s=a2 S-EXP-NONZERO] -> ZSTABLE via s=a0
L1 AAtAtaTaTatAtAATTataT [s=a0 rankA=3 sZ=(3, 3) lg=PASS] [s=a1 rankA=1 sZ=(1, 1) lg=PASS] [s=a2 S-EXP-NONZERO] -> ZSTABLE via s=a0
L1 AAtAtaTaTatAtaTatAATT [s=a0 S-EXP-NONZERO] [s=a1 VERTEX-NONFREE(7)] [s=a2 rankA=3 sZ=(3, 3) lg=PASS] -> ZSTABLE via s=a2
L1 AAtAtaTaTataTatAtAATT [s=a0 rankA=4 sZ=(4, 4) lg=PASS] [s=a1 rankA=2 sZ=(2, 2) lg=PASS] [s=a2 S-EXP-NONZERO] -> ZSTABLE via s=a0
L1 AAtAtaTaTattAATATataT [s=a0 rankA=3 sZ=(3, 3) lg=PASS] [s=a1 rankA=2 sZ=(2, 2) lg=PASS] [s=a2 S-EXP-NONZERO] -> ZSTABLE via s=a0
L1 AAtAtaTaTattAATataTAT [s=a0 S-EXP-NONZERO] [s=a1 rankA=2 sZ=(2, 2) lg=PASS] [s=a2 rankA=3 sZ=(3, 3) lg=PASS] -> ZSTABLE via s=a1
L1 AAtAtaTaTattATTattATT [s=a0 rankA=2 sZ=(2, 2) lg=PASS] [s=a1 rankA=1 sZ=(1, 1) lg=PASS] [s=a2 S-EXP-NONZERO] -> ZSTABLE via s=a0
L1 AAtAtaTaTattATTattaTT [s=a0 rankA=2 sZ=(2, 2) lg=PASS] [s=a1 rankA=1 sZ=(1, 1) lg=PASS] [s=a2 S-EXP-NONZERO] -> ZSTABLE via s=a0
L1 AAtAtaTaTattaTTattATT [s=a0 rankA=2 sZ=(2, 2) lg=PASS] [s=a1 rankA=1 sZ=(1, 1) lg=PASS] [s=a2 S-EXP-NONZERO] -> ZSTABLE via s=a0
L1 AAtAtaTatAATTatATataT [s=a0 rankA=2 sZ=(2, 2) lg=PASS] [s=a1 rankA=2 sZ=(2, 2) lg=PASS] [s=a2 S-EXP-NONZERO] -> ZSTABLE via s=a0
L1 AAtAtaTatAATTatAtaTaT [s=a0 S-EXP-NONZERO] [s=a1 VERTEX-NONFREE(7)] [s=a2 rankA=3 sZ=(3, 3) lg=PASS] -> ZSTABLE via s=a2
L1 AAtAtaTatAATaTatAtaTT [s=a0 S-EXP-NONZERO] [s=a1 rankA=2 sZ=(2, 2) lg=PASS] [s=a2 rankA=3 sZ=(3, 3) lg=PASS] -> ZSTABLE via s=a1
L1 AAtAtaTataTATatatAATT [s=a0 S-EXP-NONZERO] [s=a1 rankA=2 sZ=(2, 2) lg=PASS] [s=a2 rankA=4 sZ=(4, 4) lg=PASS] -> ZSTABLE via s=a1
L1 AAtAtaTataTATattAATaT [s=a0 S-EXP-NONZERO] [s=a1 rankA=2 sZ=(2, 2) lg=PASS] [s=a2 rankA=4 sZ=(4, 4) lg=PASS_HLOOP] -> ZSTABLE via s=a1
L1 AAtAtaTaaTatATattAATT [s=a0 rankA=3 sZ=(3, 3) lg=PASS] [s=a1 rankA=2 sZ=(2, 2) lg=PASS] [s=a2 S-EXP-NONZERO] -> ZSTABLE via s=a0
L1 AAtAtaTaatAATTatAtaTT [s=a0 S-EXP-NONZERO] [s=a1 rankA=3 sZ=(3, 3) lg=PASS] [s=a2 rankA=3 sZ=(3, 3) lg=PASS] -> ZSTABLE via s=a1
L1 AAtAtaTaataTATattAATT [s=a0 S-EXP-NONZERO] [s=a1 rankA=2 sZ=(2, 2) lg=PASS] [s=a2 rankA=4 sZ=(4, 4) lg=PASS] -> ZSTABLE via s=a1
L1 AAtAtaaTTatATatatATaT [s=a0 rankA=4 sZ=(4, 4) lg=PASS] [s=a1 rankA=2 sZ=(2, 2) lg=PASS] [s=a2 S-EXP-NONZERO] -> ZSTABLE via s=a0
L1 AAtAtaaTTatATataatATT [s=a0 rankA=4 sZ=(4, 4) lg=PASS] [s=a1 rankA=3 sZ=(3, 3) lg=PASS] [s=a2 S-EXP-NONZERO] -> ZSTABLE via s=a0
L1 AAtAtaaTTatATattATaaT [s=a0 rankA=4 sZ=(4, 4) lg=PASS] [s=a1 rankA=3 sZ=(3, 3) lg=PASS] [s=a2 S-EXP-NONZERO] -> ZSTABLE via s=a0
L1 AAtAtaaTTatAtATTataaT [s=a0 rankA=3 sZ=(3, 3) lg=PASS] [s=a1 rankA=3 sZ=(3, 3) lg=PASS] [s=a2 S-EXP-NONZERO] -> ZSTABLE via s=a0
L1 AAtAtaaTTatAtATaTataT [s=a0 rankA=3 sZ=(3, 3) lg=PASS] [s=a1 rankA=2 sZ=(2, 2) lg=PASS] [s=a2 S-EXP-NONZERO] -> ZSTABLE via s=a0
L1 AAtAtaaTTatAtATatATaT [s=a0 S-EXP-NONZERO] [s=a1 rankA=2 sZ=(2, 2) lg=PASS] [s=a2 rankA=4 sZ=(4, 4) lg=PASS_HLOOP] -> ZSTABLE via s=a1
L1 AAtAtaaTTatAtATaatATT [s=a0 S-EXP-NONZERO] [s=a1 rankA=3 sZ=(3, 3) lg=PASS] [s=a2 rankA=4 sZ=(4, 4) lg=PASS] -> ZSTABLE via s=a1
L1 AAtAtaaTTataTatAtATaT [s=a0 rankA=4 sZ=(4, 4) lg=PASS] [s=a1 rankA=1 sZ=(1, 1) lg=PASS] [s=a2 S-EXP-NONZERO] -> ZSTABLE via s=a0
L1 AAtAtaaTTatatATATataT [s=a0 rankA=3 sZ=(3, 3) lg=PASS] [s=a1 rankA=2 sZ=(2, 2) lg=PASS] [s=a2 S-EXP-NONZERO] -> ZSTABLE via s=a0
L1 AAtAtaaTTatatATAtATaT [s=a0 S-EXP-NONZERO] [s=a1 rankA=2 sZ=(2, 2) lg=PASS] [s=a2 rankA=4 sZ=(4, 4) lg=PASS_HLOOP] -> ZSTABLE via s=a1
L1 AAtAtaaTTataaTatAtATT [s=a0 rankA=4 sZ=(4, 4) lg=PASS] [s=a1 rankA=3 sZ=(3, 3) lg=PASS] [s=a2 S-EXP-NONZERO] -> ZSTABLE via s=a0
L1 AAtAtaaTTataatATAtATT [s=a0 S-EXP-NONZERO] [s=a1 rankA=3 sZ=(3, 3) lg=PASS] [s=a2 rankA=4 sZ=(4, 4) lg=PASS] -> ZSTABLE via s=a1
L1 AAtAtaaTTattATTattATT [s=a0 rankA=2 sZ=(2, 2) lg=PASS] [s=a1 S-EXP-NONZERO] [s=a2 rankA=2 sZ=(2, 2) lg=PASS] -> ZSTABLE via s=a0
L1 AAtAtaaTTattATATataaT [s=a0 rankA=3 sZ=(3, 3) lg=PASS] [s=a1 rankA=2 sZ=(2, 2) lg=PASS] [s=a2 S-EXP-NONZERO] -> ZSTABLE via s=a0
L1 AAtAtaaTTattATAtATaaT [s=a0 S-EXP-NONZERO] [s=a1 rankA=2 sZ=(2, 2) lg=PASS] [s=a2 rankA=3 sZ=(3, 3) lg=PASS] -> ZSTABLE via s=a1
L1 AAtAtaaTATataTatatATT [s=a0 rankA=4 sZ=(4, 4) lg=PASS] [s=a1 rankA=3 sZ=(3, 3) lg=PASS] [s=a2 S-EXP-NONZERO] -> ZSTABLE via s=a0
L1 AAtAtaaTATataTattATaT [s=a0 rankA=4 sZ=(4, 4) lg=PASS] [s=a1 rankA=2 sZ=(2, 2) lg=PASS] [s=a2 S-EXP-NONZERO] -> ZSTABLE via s=a0
L1 AAtAtaaTATatatATTataT [s=a0 rankA=3 sZ=(3, 3) lg=PASS] [s=a1 rankA=2 sZ=(2, 2) lg=PASS] [s=a2 S-EXP-NONZERO] -> ZSTABLE via s=a0
L1 AAtAtaaTATatatATatATT [s=a0 S-EXP-NONZERO] [s=a1 rankA=3 sZ=(3, 3) lg=PASS] [s=a2 rankA=4 sZ=(4, 4) lg=PASS] -> ZSTABLE via s=a1
L1 AAtAtaaTATataaTattATT [s=a0 rankA=3 sZ=(3, 3) lg=PASS] [s=a1 rankA=3 sZ=(3, 3) lg=PASS] [s=a2 S-EXP-NONZERO] -> ZSTABLE via s=a0
L1 AAtAtaaTATattATTataaT [s=a0 rankA=3 sZ=(3, 3) lg=PASS] [s=a1 rankA=3 sZ=(3, 3) lg=PASS] [s=a2 S-EXP-NONZERO] -> ZSTABLE via s=a0
L1 AAtAtaaTATattATaTataT [s=a0 rankA=3 sZ=(3, 3) lg=PASS] [s=a1 rankA=3 sZ=(3, 3) lg=PASS] [s=a2 S-EXP-NONZERO] -> ZSTABLE via s=a0
L1 AAtAtaaTATattATatATaT [s=a0 S-EXP-NONZERO] [s=a1 rankA=3 sZ=(3, 3) lg=PASS] [s=a2 rankA=4 sZ=(4, 4) lg=PASS_HLOOP] -> ZSTABLE via s=a1
L1 AAtAtaaTATattATaatATT [s=a0 S-EXP-NONZERO] [s=a1 rankA=4 sZ=(4, 4) lg=PASS] [s=a2 rankA=4 sZ=(4, 4) lg=PASS] -> ZSTABLE via s=a1
L1 AAtAtaaTAtATTataTataT [s=a0 rankA=2 sZ=(2, 2) lg=PASS] [s=a1 rankA=3 sZ=(3, 3) lg=PASS] [s=a2 S-EXP-NONZERO] -> ZSTABLE via s=a0
L1 AAtAtaaTAtATTatatATaT [s=a0 S-EXP-NONZERO] [s=a1 rankA=3 sZ=(3, 3) lg=PASS] [s=a2 rankA=3 sZ=(3, 3) lg=PASS_HLOOP] -> ZSTABLE via s=a1
L1 AAtAtaaTAtATTataatATT [s=a0 S-EXP-NONZERO] [s=a1 rankA=4 sZ=(4, 4) lg=PASS] [s=a2 rankA=3 sZ=(3, 3) lg=PASS] -> ZSTABLE via s=a1
L1 AAtAtaaTAtATTattATaaT [s=a0 S-EXP-NONZERO] [s=a1 rankA=3 sZ=(3, 3) lg=PASS] [s=a2 rankA=3 sZ=(3, 3) lg=PASS] -> ZSTABLE via s=a1
L1 AAtAtaaTAtATaTatatATT [s=a0 S-EXP-NONZERO] [s=a1 rankA=3 sZ=(3, 3) lg=PASS] [s=a2 rankA=3 sZ=(3, 3) lg=PASS] -> ZSTABLE via s=a1
L1 AAtAtaaTAtATaTattATaT [s=a0 S-EXP-NONZERO] [s=a1 rankA=2 sZ=(2, 2) lg=PASS] [s=a2 rankA=3 sZ=(3, 3) lg=PASS_HLOOP] -> ZSTABLE via s=a1
L1 AAtAtaaTAtATatATTataT [s=a0 S-EXP-NONZERO] [s=a1 rankA=2 sZ=(2, 2) lg=PASS] [s=a2 rankA=2 sZ=(2, 2) lg=PASS] -> ZSTABLE via s=a1
L1 AAtAtaaTAtATaaTattATT [s=a0 S-EXP-NONZERO] [s=a1 rankA=2 sZ=(2, 2) lg=PASS] [s=a2 rankA=3 sZ=(3, 3) lg=PASS] -> ZSTABLE via s=a1
L1 AAtaTatAATattAATataTT [s=a0 rankA=2 sZ=(2, 2) lg=PASS] [s=a1 rankA=3 sZ=(3, 3) lg=PASS] [s=a2 S-EXP-NONZERO] -> ZSTABLE via s=a0
L1 AAtaTatAATattaTatAATT [s=a0 rankA=2 sZ=(2, 2) lg=PASS] [s=a1 rankA=3 sZ=(3, 3) lg=PASS] [s=a2 S-EXP-NONZERO] -> ZSTABLE via s=a0
L1 AAtaTatAAtATaTattaaTT [s=a0 rankA=2 sZ=(2, 2) lg=PASS] [s=a1 rankA=2 sZ=(2, 2) lg=PASS] [s=a2 S-EXP-NONZERO] -> ZSTABLE via s=a0
L1 AAtaTatAAtaTTatatAATT [s=a0 rankA=3 sZ=(3, 3) lg=PASS] [s=a1 rankA=3 sZ=(3, 3) lg=PASS] [s=a2 S-EXP-NONZERO] -> ZSTABLE via s=a0
L1 AAtaTatAAtaTTattAATaT [s=a0 rankA=3 sZ=(3, 3) lg=PASS] [s=a1 rankA=2 sZ=(2, 2) lg=PASS] [s=a2 S-EXP-NONZERO] -> ZSTABLE via s=a0
L1 AAtaTatAAtaTaTattAATT [s=a0 rankA=2 sZ=(2, 2) lg=PASS] [s=a1 rankA=2 sZ=(2, 2) lg=PASS] [s=a2 S-EXP-NONZERO] -> ZSTABLE via s=a0
L1 AAtaTatAAtaaTTatatATT [s=a0 rankA=3 sZ=(3, 3) lg=PASS] [s=a1 rankA=3 sZ=(3, 3) lg=PASS] [s=a2 S-EXP-NONZERO] -> ZSTABLE via s=a0
L1 AAtaTatAAtaaTTattATaT [s=a0 rankA=3 sZ=(3, 3) lg=PASS] [s=a1 rankA=2 sZ=(2, 2) lg=PASS] [s=a2 S-EXP-NONZERO] -> ZSTABLE via s=a0
L1 AAtaTatATatAtaTatAATT [s=a0 rankA=2 sZ=(2, 2) lg=PASS] [s=a1 rankA=2 sZ=(2, 2) lg=PASS] [s=a2 S-EXP-NONZERO] -> ZSTABLE via s=a0
L1 AAtaTatATatatATAtaaTT [s=a0 rankA=2 sZ=(2, 2) lg=PASS] [s=a1 rankA=2 sZ=(2, 2) lg=PASS] [s=a2 S-EXP-NONZERO] -> ZSTABLE via s=a0
L1 AAtaTatATattaaTAtATaT [s=a0 rankA=2 sZ=(2, 2) lg=PASS] [s=a1 rankA=2 sZ=(2, 2) lg=PASS] [s=a2 S-EXP-NONZERO] -> ZSTABLE via s=a0
L1 AAtaTatAtATAtaaTTataT [s=a0 rankA=2 sZ=(2, 2) lg=PASS] [s=a1 rankA=3 sZ=(3, 3) lg=PASS] [s=a2 S-EXP-NONZERO] -> ZSTABLE via s=a0
L1 AAtaTatAtATaTatAtaaTT [s=a0 rankA=3 sZ=(3, 3) lg=PASS] [s=a1 VERTEX-NONFREE(7)] [s=a2 S-EXP-NONZERO] -> ZSTABLE via s=a0
L1 AAtaTatAtaTATatatAATT [s=a0 rankA=3 sZ=(3, 3) lg=PASS] [s=a1 rankA=2 sZ=(2, 2) lg=PASS] [s=a2 S-EXP-NONZERO] -> ZSTABLE via s=a0
L1 AAtaTatAtaTATattAATaT [s=a0 rankA=3 sZ=(3, 3) lg=PASS] [s=a1 rankA=3 sZ=(3, 3) lg=PASS] [s=a2 S-EXP-NONZERO] -> ZSTABLE via s=a0
L1 AAtaTatAtaaTTatAtATaT [s=a0 rankA=3 sZ=(3, 3) lg=PASS] [s=a1 rankA=2 sZ=(2, 2) lg=PASS] [s=a2 S-EXP-NONZERO] -> ZSTABLE via s=a0
L1 AAtaTatAtaaTATatatATT [s=a0 rankA=3 sZ=(3, 3) lg=PASS] [s=a1 rankA=2 sZ=(2, 2) lg=PASS] [s=a2 S-EXP-NONZERO] -> ZSTABLE via s=a0
L1 AAtaTatAtaaTATattATaT [s=a0 rankA=3 sZ=(3, 3) lg=PASS] [s=a1 rankA=3 sZ=(3, 3) lg=PASS] [s=a2 S-EXP-NONZERO] -> ZSTABLE via s=a0
L1 AAtaTatAtaaTAtATTataT [s=a0 rankA=2 sZ=(2, 2) lg=PASS] [s=a1 rankA=3 sZ=(3, 3) lg=PASS] [s=a2 S-EXP-NONZERO] -> ZSTABLE via s=a0
L1 AAtaTataTatAtATAtaaTT [s=a0 rankA=2 sZ=(2, 2) lg=PASS] [s=a1 rankA=3 sZ=(3, 3) lg=PASS] [s=a2 S-EXP-NONZERO] -> ZSTABLE via s=a0
L1 AAtaTataTatAtaaTAtATT [s=a0 rankA=2 sZ=(2, 2) lg=PASS] [s=a1 rankA=3 sZ=(3, 3) lg=PASS] [s=a2 S-EXP-NONZERO] -> ZSTABLE via s=a0
L1 AAtaTataTattATAAtaaTT [s=a0 rankA=2 sZ=(2, 2) lg=PASS] [s=a1 rankA=4 sZ=(4, 4) lg=PASS] [s=a2 S-EXP-NONZERO] -> ZSTABLE via s=a0
L1 AAtaTataTattaaTAAtATT [s=a0 rankA=2 sZ=(2, 2) lg=PASS] [s=a1 rankA=4 sZ=(4, 4) lg=PASS] [s=a2 S-EXP-NONZERO] -> ZSTABLE via s=a0
L1 AAtaTatatAATTatAAtaTT [s=a0 rankA=3 sZ=(3, 3) lg=PASS] [s=a1 rankA=4 sZ=(4, 4) lg=PASS] [s=a2 S-EXP-NONZERO] -> ZSTABLE via s=a0
L1 AAtaTatatATTatAAtaaTT [s=a0 rankA=3 sZ=(3, 3) lg=PASS] [s=a1 rankA=4 sZ=(4, 4) lg=PASS] [s=a2 S-EXP-NONZERO] -> ZSTABLE via s=a0
L1 AAtaTatatATAATattaaTT [s=a0 rankA=2 sZ=(2, 2) lg=PASS] [s=a1 rankA=3 sZ=(3, 3) lg=PASS] [s=a2 S-EXP-NONZERO] -> ZSTABLE via s=a0
L1 AAtaTatatATATatAtaaTT [s=a0 rankA=3 sZ=(3, 3) lg=PASS] [s=a1 rankA=3 sZ=(3, 3) lg=PASS] [s=a2 S-EXP-NONZERO] -> ZSTABLE via s=a0
L1 AAtaTatataTAATattAATT [s=a0 rankA=2 sZ=(2, 2) lg=PASS] [s=a1 rankA=3 sZ=(3, 3) lg=PASS] [s=a2 S-EXP-NONZERO] -> ZSTABLE via s=a0
L1 AAtaTattAATTatAAtaTaT [s=a0 rankA=3 sZ=(3, 3) lg=PASS] [s=a1 rankA=3 sZ=(3, 3) lg=PASS] [s=a2 S-EXP-NONZERO] -> ZSTABLE via s=a0
L1 AAtaTattAATaTatAAtaTT [s=a0 rankA=3 sZ=(3, 3) lg=PASS] [s=a1 rankA=3 sZ=(3, 3) lg=PASS] [s=a2 S-EXP-NONZERO] -> ZSTABLE via s=a0
L1 AAtaTattATTattATAtaTT [s=a0 rankA=3 sZ=(3, 3) lg=PASS] [s=a1 rankA=2 sZ=(2, 2) lg=PASS_HLOOP] [s=a2 S-EXP-NONZERO] -> ZSTABLE via s=a0
L1 AAtaTattATTattaTAtATT [s=a0 rankA=3 sZ=(3, 3) lg=PASS] [s=a1 rankA=2 sZ=(2, 2) lg=PASS] [s=a2 S-EXP-NONZERO] -> ZSTABLE via s=a0
L1 AAtaTattATTattaTAtaTT [s=a0 rankA=3 sZ=(3, 3) lg=PASS] [s=a1 rankA=2 sZ=(2, 2) lg=PASS] [s=a2 S-EXP-NONZERO] -> ZSTABLE via s=a0
L1 AAtaTattATAAtaaTTataT [s=a0 rankA=2 sZ=(2, 2) lg=PASS] [s=a1 rankA=4 sZ=(4, 4) lg=PASS] [s=a2 S-EXP-NONZERO] -> ZSTABLE via s=a0
L1 AAtaTattATAtATTattaTT [s=a0 rankA=2 sZ=(2, 2) lg=PASS] [s=a1 rankA=2 sZ=(2, 2) lg=PASS] [s=a2 S-EXP-NONZERO] -> ZSTABLE via s=a0
L1 AAtaTattATAtaTTattATT [s=a0 rankA=2 sZ=(2, 2) lg=PASS] [s=a1 rankA=2 sZ=(2, 2) lg=PASS] [s=a2 S-EXP-NONZERO] -> ZSTABLE via s=a0
L1 AAtaTattATAtaTTattaTT [s=a0 rankA=2 sZ=(2, 2) lg=PASS] [s=a1 rankA=2 sZ=(2, 2) lg=PASS] [s=a2 S-EXP-NONZERO] -> ZSTABLE via s=a0
L1 AAtaTattATaTatAAtaaTT [s=a0 rankA=3 sZ=(3, 3) lg=PASS] [s=a1 rankA=3 sZ=(3, 3) lg=PASS] [s=a2 S-EXP-NONZERO] -> ZSTABLE via s=a0
L1 AAtaTattATatATAAtaaTT [s=a0 S-EXP-NONZERO] [s=a1 rankA=3 sZ=(3, 3) lg=PASS] [s=a2 rankA=2 sZ=(2, 2) lg=PASS] -> ZSTABLE via s=a1
L1 AAtaTattaTTattATAtATT [s=a0 rankA=3 sZ=(3, 3) lg=PASS] [s=a1 rankA=2 sZ=(2, 2) lg=PASS] [s=a2 S-EXP-NONZERO] -> ZSTABLE via s=a0
L1 AAtaTattaTTattATAtaTT [s=a0 rankA=3 sZ=(3, 3) lg=PASS] [s=a1 rankA=2 sZ=(2, 2) lg=PASS] [s=a2 S-EXP-NONZERO] -> ZSTABLE via s=a0
L1 AAtaTattaTTattaTAtATT [s=a0 rankA=3 sZ=(3, 3) lg=PASS] [s=a1 rankA=2 sZ=(2, 2) lg=PASS_HLOOP] [s=a2 S-EXP-NONZERO] -> ZSTABLE via s=a0
L1 AAtaTattaTAATatatAATT [s=a0 rankA=3 sZ=(3, 3) lg=PASS] [s=a1 rankA=3 sZ=(3, 3) lg=PASS] [s=a2 S-EXP-NONZERO] -> ZSTABLE via s=a0
L1 AAtaTattaTAATattAATaT [s=a0 rankA=3 sZ=(3, 3) lg=PASS] [s=a1 rankA=4 sZ=(4, 4) lg=PASS] [s=a2 S-EXP-NONZERO] -> ZSTABLE via s=a0
L1 AAtaTattaTAtATTattATT [s=a0 rankA=2 sZ=(2, 2) lg=PASS] [s=a1 rankA=2 sZ=(2, 2) lg=PASS] [s=a2 S-EXP-NONZERO] -> ZSTABLE via s=a0
L1 AAtaTattaTAtATTattaTT [s=a0 rankA=2 sZ=(2, 2) lg=PASS] [s=a1 rankA=2 sZ=(2, 2) lg=PASS] [s=a2 S-EXP-NONZERO] -> ZSTABLE via s=a0
L1 AAtaTattaTAtaTTattATT [s=a0 rankA=2 sZ=(2, 2) lg=PASS] [s=a1 rankA=2 sZ=(2, 2) lg=PASS] [s=a2 S-EXP-NONZERO] -> ZSTABLE via s=a0
L1 AAtaTattaaTTatAAtATaT [s=a0 rankA=3 sZ=(3, 3) lg=PASS] [s=a1 rankA=3 sZ=(3, 3) lg=PASS] [s=a2 S-EXP-NONZERO] -> ZSTABLE via s=a0
L1 AAtaTattaaTAATatatATT [s=a0 rankA=3 sZ=(3, 3) lg=PASS] [s=a1 rankA=3 sZ=(3, 3) lg=PASS] [s=a2 S-EXP-NONZERO] -> ZSTABLE via s=a0
L1 AAtaTattaaTAATattATaT [s=a0 rankA=3 sZ=(3, 3) lg=PASS] [s=a1 rankA=4 sZ=(4, 4) lg=PASS] [s=a2 S-EXP-NONZERO] -> ZSTABLE via s=a0
L1 AAtaTattaaTAAtATatATT [s=a0 S-EXP-NONZERO] [s=a1 rankA=3 sZ=(3, 3) lg=PASS] [s=a2 rankA=2 sZ=(2, 2) lg=PASS] -> ZSTABLE via s=a1
L1 AAtaTattaaTATatAtATaT [s=a0 rankA=3 sZ=(3, 3) lg=PASS] [s=a1 rankA=3 sZ=(3, 3) lg=PASS] [s=a2 S-EXP-NONZERO] -> ZSTABLE via s=a0
L1 AAtatAATTatAATatataTT [s=a0 rankA=4 sZ=(4, 4) lg=PASS] [s=a1 rankA=3 sZ=(3, 3) lg=PASS] [s=a2 S-EXP-NONZERO] -> ZSTABLE via s=a0
L1 AAtatAATTatAATattaTaT [s=a0 rankA=4 sZ=(4, 4) lg=PASS] [s=a1 rankA=4 sZ=(4, 4) lg=PASS] [s=a2 S-EXP-NONZERO] -> ZSTABLE via s=a0
L1 AAtatAATTatAAtaTataTT [s=a0 S-EXP-NONZERO] [s=a1 rankA=3 sZ=(3, 3) lg=PASS] [s=a2 rankA=4 sZ=(4, 4) lg=PASS] -> ZSTABLE via s=a1
L1 AAtatAATTatATatAtaTaT [s=a0 rankA=4 sZ=(4, 4) lg=PASS] [s=a1 rankA=3 sZ=(3, 3) lg=PASS] [s=a2 S-EXP-NONZERO] -> ZSTABLE via s=a0
L1 AAtatAATTatAtaTAtaTaT [s=a0 S-EXP-NONZERO] [s=a1 rankA=3 sZ=(3, 3) lg=PASS] [s=a2 rankA=4 sZ=(4, 4) lg=PASS] -> ZSTABLE via s=a1
L1 AAtatAATTattaTTattaTT [s=a0 rankA=2 sZ=(2, 2) lg=PASS] [s=a1 S-EXP-NONZERO] [s=a2 rankA=2 sZ=(2, 2) lg=PASS] -> ZSTABLE via s=a0
L1 AAtatAATTattaTAAtaTaT [s=a0 S-EXP-NONZERO] [s=a1 rankA=3 sZ=(3, 3) lg=PASS] [s=a2 rankA=3 sZ=(3, 3) lg=PASS] -> ZSTABLE via s=a1
L1 AAtatATTatAtATTattaTT [s=a0 rankA=3 sZ=(3, 3) lg=PASS] [s=a1 rankA=2 sZ=(2, 2) lg=PASS] [s=a2 S-EXP-NONZERO] -> ZSTABLE via s=a0
L1 AAtatATTatAtaTTattATT [s=a0 rankA=3 sZ=(3, 3) lg=PASS] [s=a1 rankA=2 sZ=(2, 2) lg=PASS] [s=a2 S-EXP-NONZERO] -> ZSTABLE via s=a0
L1 AAtatATTatAtaTTattaTT [s=a0 rankA=3 sZ=(3, 3) lg=PASS] [s=a1 rankA=2 sZ=(2, 2) lg=PASS] [s=a2 S-EXP-NONZERO] -> ZSTABLE via s=a0
L1 AAtatATTataTatAAtaaTT [s=a0 rankA=4 sZ=(4, 4) lg=PASS] [s=a1 rankA=3 sZ=(3, 3) lg=PASS] [s=a2 S-EXP-NONZERO] -> ZSTABLE via s=a0
L1 AAtatATTatatATAAtaaTT [s=a0 S-EXP-NONZERO] [s=a1 rankA=3 sZ=(3, 3) lg=PASS] [s=a2 rankA=3 sZ=(3, 3) lg=PASS] -> ZSTABLE via s=a1
L1 AAtatATTattATTatAtaTT [s=a0 rankA=4 sZ=(4, 4) lg=PASS] [s=a1 rankA=2 sZ=(2, 2) lg=PASS_HLOOP] [s=a2 S-EXP-NONZERO] -> ZSTABLE via s=a0
L1 AAtatATTattATTattaaTT [s=a0 rankA=2 sZ=(2, 2) lg=PASS] [s=a1 S-EXP-NONZERO] [s=a2 rankA=2 sZ=(2, 2) lg=PASS] -> ZSTABLE via s=a0
L1 AAtatATTattATATattaTT [s=a0 rankA=3 sZ=(3, 3) lg=PASS] [s=a1 rankA=2 sZ=(2, 2) lg=PASS] [s=a2 S-EXP-NONZERO] -> ZSTABLE via s=a0
L1 AAtatATTattaTTatAtATT [s=a0 rankA=4 sZ=(4, 4) lg=PASS] [s=a1 rankA=2 sZ=(2, 2) lg=PASS] [s=a2 S-EXP-NONZERO] -> ZSTABLE via s=a0
L1 AAtatATTattaTTatAtaTT [s=a0 rankA=4 sZ=(4, 4) lg=PASS] [s=a1 rankA=2 sZ=(2, 2) lg=PASS] [s=a2 S-EXP-NONZERO] -> ZSTABLE via s=a0
L1 AAtatATTattaTATattATT [s=a0 rankA=3 sZ=(3, 3) lg=PASS] [s=a1 rankA=2 sZ=(2, 2) lg=PASS] [s=a2 S-EXP-NONZERO] -> ZSTABLE via s=a0
L1 AAtatATTattaTATattaTT [s=a0 rankA=3 sZ=(3, 3) lg=PASS] [s=a1 rankA=2 sZ=(2, 2) lg=PASS] [s=a2 S-EXP-NONZERO] -> ZSTABLE via s=a0
L1 AAtatATTattaaTTattATT [s=a0 rankA=2 sZ=(2, 2) lg=PASS] [s=a1 S-EXP-NONZERO] [s=a2 rankA=2 sZ=(2, 2) lg=PASS] -> ZSTABLE via s=a0
L1 AAtatATTattaaTAAtATaT [s=a0 S-EXP-NONZERO] [s=a1 rankA=3 sZ=(3, 3) lg=PASS] [s=a2 rankA=2 sZ=(2, 2) lg=PASS] -> ZSTABLE via s=a1
L1 AAtatATAATataTattaaTT [s=a0 rankA=3 sZ=(3, 3) lg=PASS] [s=a1 rankA=2 sZ=(2, 2) lg=PASS] [s=a2 S-EXP-NONZERO] -> ZSTABLE via s=a0
L1 AAtatATAAtATaTattaaTT [s=a0 S-EXP-NONZERO] [s=a1 rankA=2 sZ=(2, 2) lg=PASS] [s=a2 rankA=4 sZ=(4, 4) lg=PASS] -> ZSTABLE via s=a1
L1 AAtatATAAtaaTTatatATT [s=a0 S-EXP-NONZERO] [s=a1 rankA=3 sZ=(3, 3) lg=PASS] [s=a2 rankA=3 sZ=(3, 3) lg=PASS] -> ZSTABLE via s=a1
L1 AAtatATATataTatAtaaTT [s=a0 rankA=4 sZ=(4, 4) lg=PASS] [s=a1 rankA=2 sZ=(2, 2) lg=PASS] [s=a2 S-EXP-NONZERO] -> ZSTABLE via s=a0
L1 AAtatATATattATTattaTT [s=a0 rankA=2 sZ=(2, 2) lg=PASS] [s=a1 rankA=1 sZ=(1, 1) lg=PASS] [s=a2 S-EXP-NONZERO] -> ZSTABLE via s=a0
L1 AAtatATATattaTTattATT [s=a0 rankA=2 sZ=(2, 2) lg=PASS] [s=a1 rankA=1 sZ=(1, 1) lg=PASS] [s=a2 S-EXP-NONZERO] -> ZSTABLE via s=a0
L1 AAtatATATattaTTattaTT [s=a0 rankA=2 sZ=(2, 2) lg=PASS] [s=a1 rankA=1 sZ=(1, 1) lg=PASS] [s=a2 S-EXP-NONZERO] -> ZSTABLE via s=a0
L1 AAtatATaTatAATattaaTT [s=a0 rankA=3 sZ=(3, 3) lg=PASS] [s=a1 rankA=3 sZ=(3, 3) lg=PASS] [s=a2 S-EXP-NONZERO] -> ZSTABLE via s=a0
L1 AAtatATaTatATatAtaaTT [s=a0 rankA=4 sZ=(4, 4) lg=PASS] [s=a1 rankA=3 sZ=(3, 3) lg=PASS] [s=a2 S-EXP-NONZERO] -> ZSTABLE via s=a0
L1 AAtatATaTattATAAtaaTT [s=a0 S-EXP-NONZERO] [s=a1 rankA=4 sZ=(4, 4) lg=PASS] [s=a2 rankA=3 sZ=(3, 3) lg=PASS] -> ZSTABLE via s=a1
L1 AAtatATaTattaaTAAtATT [s=a0 S-EXP-NONZERO] [s=a1 rankA=4 sZ=(4, 4) lg=PASS] [s=a2 rankA=3 sZ=(3, 3) lg=PASS] -> ZSTABLE via s=a1
L1 AAtatATatATTatAAtaaTT [s=a0 S-EXP-NONZERO] [s=a1 rankA=4 sZ=(4, 4) lg=PASS] [s=a2 rankA=4 sZ=(4, 4) lg=PASS] -> ZSTABLE via s=a1
L1 AAtatATatATAATattaaTT [s=a0 S-EXP-NONZERO] [s=a1 rankA=2 sZ=(2, 2) lg=PASS] [s=a2 rankA=4 sZ=(4, 4) lg=PASS] -> ZSTABLE via s=a1
L1 AAtataTTatAATatatAATT [s=a0 rankA=4 sZ=(4, 4) lg=PASS] [s=a1 rankA=3 sZ=(3, 3) lg=PASS] [s=a2 S-EXP-NONZERO] -> ZSTABLE via s=a0
L1 AAtataTTatAtATTattATT [s=a0 rankA=3 sZ=(3, 3) lg=PASS] [s=a1 rankA=2 sZ=(2, 2) lg=PASS] [s=a2 S-EXP-NONZERO] -> ZSTABLE via s=a0
L1 AAtataTTatAtATTattaTT [s=a0 rankA=3 sZ=(3, 3) lg=PASS] [s=a1 rankA=2 sZ=(2, 2) lg=PASS] [s=a2 S-EXP-NONZERO] -> ZSTABLE via s=a0
L1 AAtataTTatAtaTTattATT [s=a0 rankA=3 sZ=(3, 3) lg=PASS] [s=a1 rankA=2 sZ=(2, 2) lg=PASS] [s=a2 S-EXP-NONZERO] -> ZSTABLE via s=a0
L1 AAtataTTattAATTattaTT [s=a0 rankA=2 sZ=(2, 2) lg=PASS] [s=a1 S-EXP-NONZERO] [s=a2 rankA=2 sZ=(2, 2) lg=PASS] -> ZSTABLE via s=a0
L1 AAtataTTattATTatAtATT [s=a0 rankA=4 sZ=(4, 4) lg=PASS] [s=a1 rankA=2 sZ=(2, 2) lg=PASS] [s=a2 S-EXP-NONZERO] -> ZSTABLE via s=a0
L1 AAtataTTattATTatAtaTT [s=a0 rankA=4 sZ=(4, 4) lg=PASS] [s=a1 rankA=2 sZ=(2, 2) lg=PASS] [s=a2 S-EXP-NONZERO] -> ZSTABLE via s=a0
L1 AAtataTTattATATattATT [s=a0 rankA=3 sZ=(3, 3) lg=PASS] [s=a1 rankA=2 sZ=(2, 2) lg=PASS] [s=a2 S-EXP-NONZERO] -> ZSTABLE via s=a0
L1 AAtataTTattATATattaTT [s=a0 rankA=3 sZ=(3, 3) lg=PASS] [s=a1 rankA=2 sZ=(2, 2) lg=PASS] [s=a2 S-EXP-NONZERO] -> ZSTABLE via s=a0
L1 AAtataTTattaTTatAtATT [s=a0 rankA=4 sZ=(4, 4) lg=PASS] [s=a1 rankA=2 sZ=(2, 2) lg=PASS_HLOOP] [s=a2 S-EXP-NONZERO] -> ZSTABLE via s=a0
L1 AAtataTTattaTTattAATT [s=a0 rankA=2 sZ=(2, 2) lg=PASS] [s=a1 S-EXP-NONZERO] [s=a2 rankA=2 sZ=(2, 2) lg=PASS] -> ZSTABLE via s=a0
L1 AAtataTTattaTATattATT [s=a0 rankA=3 sZ=(3, 3) lg=PASS] [s=a1 rankA=2 sZ=(2, 2) lg=PASS] [s=a2 S-EXP-NONZERO] -> ZSTABLE via s=a0
L1 AAtataTAATataTattAATT [s=a0 rankA=3 sZ=(3, 3) lg=PASS] [s=a1 rankA=2 sZ=(2, 2) lg=PASS] [s=a2 S-EXP-NONZERO] -> ZSTABLE via s=a0
L1 AAtataTAAtaTaTattAATT [s=a0 S-EXP-NONZERO] [s=a1 rankA=2 sZ=(2, 2) lg=PASS] [s=a2 rankA=4 sZ=(4, 4) lg=PASS] -> ZSTABLE via s=a1
L1 AAtataTATatATatatAATT [s=a0 rankA=4 sZ=(4, 4) lg=PASS] [s=a1 rankA=2 sZ=(2, 2) lg=PASS] [s=a2 S-EXP-NONZERO] -> ZSTABLE via s=a0
L1 AAtataTATattATTattATT [s=a0 rankA=2 sZ=(2, 2) lg=PASS] [s=a1 rankA=1 sZ=(1, 1) lg=PASS] [s=a2 S-EXP-NONZERO] -> ZSTABLE via s=a0
L1 AAtataTATattATTattaTT [s=a0 rankA=2 sZ=(2, 2) lg=PASS] [s=a1 rankA=1 sZ=(1, 1) lg=PASS] [s=a2 S-EXP-NONZERO] -> ZSTABLE via s=a0
L1 AAtataTATattaTTattATT [s=a0 rankA=2 sZ=(2, 2) lg=PASS] [s=a1 rankA=1 sZ=(1, 1) lg=PASS] [s=a2 S-EXP-NONZERO] -> ZSTABLE via s=a0
L1 AAtataTaTatAATattAATT [s=a0 rankA=3 sZ=(3, 3) lg=PASS] [s=a1 rankA=3 sZ=(3, 3) lg=PASS] [s=a2 S-EXP-NONZERO] -> ZSTABLE via s=a0
L1 AAtataTataTAATattAATT [s=a0 S-EXP-NONZERO] [s=a1 rankA=2 sZ=(2, 2) lg=PASS] [s=a2 rankA=4 sZ=(4, 4) lg=PASS] -> ZSTABLE via s=a1
L1 AAtaaTatAAtATTattaaTT [s=a0 rankA=2 sZ=(2, 2) lg=PASS] [s=a1 rankA=2 sZ=(2, 2) lg=PASS] [s=a2 S-EXP-NONZERO] -> ZSTABLE via s=a0
L1 AAtaaTatAAtaTTattAATT [s=a0 rankA=2 sZ=(2, 2) lg=PASS] [s=a1 rankA=2 sZ=(2, 2) lg=PASS] [s=a2 S-EXP-NONZERO] -> ZSTABLE via s=a0
L1 AAtaaTatAAtaaTTattATT [s=a0 rankA=2 sZ=(2, 2) lg=PASS] [s=a1 rankA=2 sZ=(2, 2) lg=PASS] [s=a2 S-EXP-NONZERO] -> ZSTABLE via s=a0
L1 AAtaaTatAtATATattaaTT [s=a0 rankA=2 sZ=(2, 2) lg=PASS] [s=a1 rankA=3 sZ=(3, 3) lg=PASS] [s=a2 S-EXP-NONZERO] -> ZSTABLE via s=a0
L1 AAtaaTatAtaTATattAATT [s=a0 rankA=2 sZ=(2, 2) lg=PASS] [s=a1 rankA=3 sZ=(3, 3) lg=PASS] [s=a2 S-EXP-NONZERO] -> ZSTABLE via s=a0
L1 AAtaaTattAATTatAAtaTT [s=a0 rankA=3 sZ=(3, 3) lg=PASS] [s=a1 rankA=4 sZ=(4, 4) lg=PASS] [s=a2 S-EXP-NONZERO] -> ZSTABLE via s=a0
L1 AAtaaTattATTatAAtaaTT [s=a0 rankA=3 sZ=(3, 3) lg=PASS] [s=a1 rankA=4 sZ=(4, 4) lg=PASS] [s=a2 S-EXP-NONZERO] -> ZSTABLE via s=a0
L1 AAtaaTattATAATattaaTT [s=a0 rankA=2 sZ=(2, 2) lg=PASS] [s=a1 rankA=4 sZ=(4, 4) lg=PASS] [s=a2 S-EXP-NONZERO] -> ZSTABLE via s=a0
L1 AAtaaTattaTAATattAATT [s=a0 rankA=2 sZ=(2, 2) lg=PASS] [s=a1 rankA=4 sZ=(4, 4) lg=PASS] [s=a2 S-EXP-NONZERO] -> ZSTABLE via s=a0
L1 AAtaaTattaaTTatAAtATT [s=a0 rankA=3 sZ=(3, 3) lg=PASS] [s=a1 rankA=4 sZ=(4, 4) lg=PASS] [s=a2 S-EXP-NONZERO] -> ZSTABLE via s=a0
L1 AAtaaTattaaTAATattATT [s=a0 rankA=2 sZ=(2, 2) lg=PASS] [s=a1 rankA=4 sZ=(4, 4) lg=PASS] [s=a2 S-EXP-NONZERO] -> ZSTABLE via s=a0
L1 AAtaatAATTatAATattaTT [s=a0 rankA=3 sZ=(3, 3) lg=PASS] [s=a1 rankA=4 sZ=(4, 4) lg=PASS] [s=a2 S-EXP-NONZERO] -> ZSTABLE via s=a0
L1 AAtaatAATTatATatAtaTT [s=a0 rankA=4 sZ=(4, 4) lg=PASS] [s=a1 rankA=4 sZ=(4, 4) lg=PASS] [s=a2 S-EXP-NONZERO] -> ZSTABLE via s=a0
L1 AAtaatATTatAATattaaTT [s=a0 rankA=3 sZ=(3, 3) lg=PASS] [s=a1 rankA=4 sZ=(4, 4) lg=PASS] [s=a2 S-EXP-NONZERO] -> ZSTABLE via s=a0
L1 AAtaatATAAtATTattaaTT [s=a0 S-EXP-NONZERO] [s=a1 rankA=2 sZ=(2, 2) lg=PASS] [s=a2 rankA=3 sZ=(3, 3) lg=PASS] -> ZSTABLE via s=a1
L1 AAtaatATATatATattaaTT [s=a0 rankA=3 sZ=(3, 3) lg=PASS] [s=a1 rankA=3 sZ=(3, 3) lg=PASS] [s=a2 S-EXP-NONZERO] -> ZSTABLE via s=a0
L1 AAtaatATAtATATattaaTT [s=a0 S-EXP-NONZERO] [s=a1 rankA=2 sZ=(2, 2) lg=PASS] [s=a2 rankA=4 sZ=(4, 4) lg=PASS] -> ZSTABLE via s=a1
L1 AAtaataTTatAATattAATT [s=a0 rankA=3 sZ=(3, 3) lg=PASS] [s=a1 rankA=4 sZ=(4, 4) lg=PASS] [s=a2 S-EXP-NONZERO] -> ZSTABLE via s=a0
L1 AAtaataTAAtaTTattAATT [s=a0 S-EXP-NONZERO] [s=a1 rankA=2 sZ=(2, 2) lg=PASS] [s=a2 rankA=3 sZ=(3, 3) lg=PASS] -> ZSTABLE via s=a1
L1 AAtaataTATatATattAATT [s=a0 rankA=3 sZ=(3, 3) lg=PASS] [s=a1 rankA=3 sZ=(3, 3) lg=PASS] [s=a2 S-EXP-NONZERO] -> ZSTABLE via s=a0
L1 AAtaataTAtaTATattAATT [s=a0 S-EXP-NONZERO] [s=a1 rankA=2 sZ=(2, 2) lg=PASS] [s=a2 rankA=4 sZ=(4, 4) lg=PASS] -> ZSTABLE via s=a1
L1 AAttAATTatAATataataTT [s=a0 rankA=3 sZ=(3, 3) lg=PASS] [s=a1 rankA=2 sZ=(2, 2) lg=PASS] [s=a2 S-EXP-NONZERO] -> ZSTABLE via s=a0
L1 AAttAATTatAAtaTaataTT [s=a0 S-EXP-NONZERO] [s=a1 rankA=2 sZ=(2, 2) lg=PASS] [s=a2 rankA=3 sZ=(3, 3) lg=PASS] -> ZSTABLE via s=a1
L1 AAttAATTatAtaTTattaTT [s=a0 rankA=2 sZ=(2, 2) lg=PASS] [s=a1 S-EXP-NONZERO] [s=a2 rankA=2 sZ=(2, 2) lg=PASS] -> ZSTABLE via s=a0
L1 AAttAATTatataTTattaTT [s=a0 rankA=2 sZ=(2, 2) lg=PASS] [s=a1 S-EXP-NONZERO] [s=a2 rankA=2 sZ=(2, 2) lg=PASS] -> ZSTABLE via s=a0
L1 AAttAATTattaTATattaTT [s=a0 rankA=2 sZ=(2, 2) lg=PASS] [s=a1 S-EXP-NONZERO] [s=a2 rankA=2 sZ=(2, 2) lg=PASS] -> ZSTABLE via s=a0
L1 AAttAATTattaTaTattaTT [s=a0 rankA=2 sZ=(2, 2) lg=PASS] [s=a1 S-EXP-NONZERO] [s=a2 rankA=2 sZ=(2, 2) lg=PASS] -> ZSTABLE via s=a0
L1 AAttATTatATattATataTT [s=a0 rankA=3 sZ=(3, 3) lg=PASS] [s=a1 rankA=2 sZ=(2, 2) lg=PASS] [s=a2 S-EXP-NONZERO] -> ZSTABLE via s=a0
L1 AAttATTatATattaTatATT [s=a0 rankA=3 sZ=(3, 3) lg=PASS] [s=a1 rankA=2 sZ=(2, 2) lg=PASS] [s=a2 S-EXP-NONZERO] -> ZSTABLE via s=a0
L1 AAttATTatATattaTataTT [s=a0 rankA=3 sZ=(3, 3) lg=PASS] [s=a1 rankA=2 sZ=(2, 2) lg=PASS] [s=a2 S-EXP-NONZERO] -> ZSTABLE via s=a0
L1 AAttATTatAtATTatataTT [s=a0 rankA=3 sZ=(3, 3) lg=PASS] [s=a1 rankA=2 sZ=(2, 2) lg=PASS] [s=a2 S-EXP-NONZERO] -> ZSTABLE via s=a0
L1 AAttATTatAtATTattaaTT [s=a0 rankA=2 sZ=(2, 2) lg=PASS] [s=a1 S-EXP-NONZERO] [s=a2 rankA=2 sZ=(2, 2) lg=PASS] -> ZSTABLE via s=a0
L1 AAttATTatAtATaTattaTT [s=a0 rankA=2 sZ=(2, 2) lg=PASS] [s=a1 rankA=1 sZ=(1, 1) lg=PASS] [s=a2 S-EXP-NONZERO] -> ZSTABLE via s=a0
L1 AAttATTatAtaTTatatATT [s=a0 rankA=3 sZ=(3, 3) lg=PASS] [s=a1 rankA=2 sZ=(2, 2) lg=PASS] [s=a2 S-EXP-NONZERO] -> ZSTABLE via s=a0
L1 AAttATTatAtaTTatataTT [s=a0 rankA=3 sZ=(3, 3) lg=PASS] [s=a1 rankA=2 sZ=(2, 2) lg=PASS] [s=a2 S-EXP-NONZERO] -> ZSTABLE via s=a0
L1 AAttATTatAtaTaTattATT [s=a0 rankA=2 sZ=(2, 2) lg=PASS] [s=a1 rankA=1 sZ=(1, 1) lg=PASS] [s=a2 S-EXP-NONZERO] -> ZSTABLE via s=a0
L1 AAttATTatAtaTaTattaTT [s=a0 rankA=2 sZ=(2, 2) lg=PASS] [s=a1 rankA=1 sZ=(1, 1) lg=PASS] [s=a2 S-EXP-NONZERO] -> ZSTABLE via s=a0
L1 AAttATTataTattATAtaTT [s=a0 rankA=3 sZ=(3, 3) lg=PASS] [s=a1 rankA=2 sZ=(2, 2) lg=PASS] [s=a2 S-EXP-NONZERO] -> ZSTABLE via s=a0
L1 AAttATTataTattaTAtATT [s=a0 rankA=3 sZ=(3, 3) lg=PASS] [s=a1 rankA=2 sZ=(2, 2) lg=PASS] [s=a2 S-EXP-NONZERO] -> ZSTABLE via s=a0
L1 AAttATTataTattaTAtaTT [s=a0 rankA=3 sZ=(3, 3) lg=PASS] [s=a1 rankA=2 sZ=(2, 2) lg=PASS] [s=a2 S-EXP-NONZERO] -> ZSTABLE via s=a0
L1 AAttATTatatATTatAtaTT [s=a0 rankA=3 sZ=(3, 3) lg=PASS] [s=a1 rankA=2 sZ=(2, 2) lg=PASS] [s=a2 S-EXP-NONZERO] -> ZSTABLE via s=a0
L1 AAttATTatatATATattaTT [s=a0 rankA=2 sZ=(2, 2) lg=PASS] [s=a1 rankA=1 sZ=(1, 1) lg=PASS] [s=a2 S-EXP-NONZERO] -> ZSTABLE via s=a0
L1 AAttATTatataTTatAtATT [s=a0 rankA=3 sZ=(3, 3) lg=PASS] [s=a1 rankA=2 sZ=(2, 2) lg=PASS] [s=a2 S-EXP-NONZERO] -> ZSTABLE via s=a0
L1 AAttATTatataTTatAtaTT [s=a0 rankA=3 sZ=(3, 3) lg=PASS] [s=a1 rankA=2 sZ=(2, 2) lg=PASS] [s=a2 S-EXP-NONZERO] -> ZSTABLE via s=a0
L1 AAttATTatataTATattaTT [s=a0 rankA=2 sZ=(2, 2) lg=PASS] [s=a1 rankA=1 sZ=(1, 1) lg=PASS] [s=a2 S-EXP-NONZERO] -> ZSTABLE via s=a0
L1 AAttATTattATATatataTT [s=a0 rankA=3 sZ=(3, 3) lg=PASS] [s=a1 rankA=1 sZ=(1, 1) lg=PASS] [s=a2 S-EXP-NONZERO] -> ZSTABLE via s=a0
L1 AAttATTattATATattaaTT [s=a0 rankA=2 sZ=(2, 2) lg=PASS] [s=a1 S-EXP-NONZERO] [s=a2 rankA=2 sZ=(2, 2) lg=PASS] -> ZSTABLE via s=a0
L1 AAttATTattATAtaTataTT [s=a0 S-EXP-NONZERO] [s=a1 rankA=1 sZ=(1, 1) lg=PASS] [s=a2 rankA=2 sZ=(2, 2) lg=PASS] -> ZSTABLE via s=a1
L1 AAttATTattATaTatAtaTT [s=a0 rankA=3 sZ=(3, 3) lg=PASS] [s=a1 rankA=1 sZ=(1, 1) lg=PASS] [s=a2 S-EXP-NONZERO] -> ZSTABLE via s=a0
L1 AAttATTattATaTattaaTT [s=a0 rankA=2 sZ=(2, 2) lg=PASS] [s=a1 S-EXP-NONZERO] [s=a2 rankA=2 sZ=(2, 2) lg=PASS] -> ZSTABLE via s=a0
L1 AAttATTattATataTAtaTT [s=a0 S-EXP-NONZERO] [s=a1 rankA=1 sZ=(1, 1) lg=PASS] [s=a2 rankA=2 sZ=(2, 2) lg=PASS] -> ZSTABLE via s=a1
L1 AAttATTattaTATatatATT [s=a0 rankA=3 sZ=(3, 3) lg=PASS] [s=a1 rankA=1 sZ=(1, 1) lg=PASS] [s=a2 S-EXP-NONZERO] -> ZSTABLE via s=a0
L1 AAttATTattaTATatataTT [s=a0 rankA=3 sZ=(3, 3) lg=PASS] [s=a1 rankA=1 sZ=(1, 1) lg=PASS] [s=a2 S-EXP-NONZERO] -> ZSTABLE via s=a0
L1 AAttATTattaTAtATataTT [s=a0 S-EXP-NONZERO] [s=a1 rankA=1 sZ=(1, 1) lg=PASS] [s=a2 rankA=2 sZ=(2, 2) lg=PASS] -> ZSTABLE via s=a1
L1 AAttATTattaTAtaTatATT [s=a0 S-EXP-NONZERO] [s=a1 rankA=1 sZ=(1, 1) lg=PASS] [s=a2 rankA=2 sZ=(2, 2) lg=PASS] -> ZSTABLE via s=a1
L1 AAttATTattaTaTatAtATT [s=a0 rankA=3 sZ=(3, 3) lg=PASS] [s=a1 rankA=1 sZ=(1, 1) lg=PASS] [s=a2 S-EXP-NONZERO] -> ZSTABLE via s=a0
L1 AAttATTattaTaTatAtaTT [s=a0 rankA=3 sZ=(3, 3) lg=PASS] [s=a1 rankA=1 sZ=(1, 1) lg=PASS] [s=a2 S-EXP-NONZERO] -> ZSTABLE via s=a0
L1 AAttATTattaTatATAtaTT [s=a0 S-EXP-NONZERO] [s=a1 rankA=1 sZ=(1, 1) lg=PASS] [s=a2 rankA=2 sZ=(2, 2) lg=PASS] -> ZSTABLE via s=a1
L1 AAttATTattaTataTAtATT [s=a0 S-EXP-NONZERO] [s=a1 rankA=1 sZ=(1, 1) lg=PASS] [s=a2 rankA=2 sZ=(2, 2) lg=PASS] -> ZSTABLE via s=a1
L1 AAttATTattaaTTatAtATT [s=a0 rankA=2 sZ=(2, 2) lg=PASS] [s=a1 S-EXP-NONZERO] [s=a2 rankA=2 sZ=(2, 2) lg=PASS] -> ZSTABLE via s=a0
L1 AAttATAATataaTattaaTT [s=a0 rankA=3 sZ=(3, 3) lg=PASS] [s=a1 rankA=2 sZ=(2, 2) lg=PASS] [s=a2 S-EXP-NONZERO] -> ZSTABLE via s=a0
L1 AAttATATatatATTattaTT [s=a0 rankA=3 sZ=(3, 3) lg=PASS] [s=a1 rankA=1 sZ=(1, 1) lg=PASS] [s=a2 S-EXP-NONZERO] -> ZSTABLE via s=a0
L1 AAttATATatataTTattaTT [s=a0 rankA=3 sZ=(3, 3) lg=PASS] [s=a1 rankA=1 sZ=(1, 1) lg=PASS] [s=a2 S-EXP-NONZERO] -> ZSTABLE via s=a0
L1 AAttATATattATTatataTT [s=a0 rankA=4 sZ=(4, 4) lg=PASS] [s=a1 rankA=2 sZ=(2, 2) lg=PASS_HLOOP] [s=a2 S-EXP-NONZERO] -> ZSTABLE via s=a0
L1 AAttATATattATaTattaTT [s=a0 rankA=3 sZ=(3, 3) lg=PASS] [s=a1 rankA=2 sZ=(2, 2) lg=PASS] [s=a2 S-EXP-NONZERO] -> ZSTABLE via s=a0
L1 AAttATATattaTTatatATT [s=a0 rankA=4 sZ=(4, 4) lg=PASS] [s=a1 rankA=2 sZ=(2, 2) lg=PASS] [s=a2 S-EXP-NONZERO] -> ZSTABLE via s=a0
L1 AAttATATattaTTatataTT [s=a0 rankA=4 sZ=(4, 4) lg=PASS] [s=a1 rankA=2 sZ=(2, 2) lg=PASS_HLOOP] [s=a2 S-EXP-NONZERO] -> ZSTABLE via s=a0
L1 AAttATATattaTaTattaTT [s=a0 rankA=3 sZ=(3, 3) lg=PASS] [s=a1 rankA=2 sZ=(2, 2) lg=PASS] [s=a2 S-EXP-NONZERO] -> ZSTABLE via s=a0
L1 AAttATAtATTataTattaTT [s=a0 rankA=3 sZ=(3, 3) lg=PASS] [s=a1 rankA=2 sZ=(2, 2) lg=PASS] [s=a2 S-EXP-NONZERO] -> ZSTABLE via s=a0
L1 AAttATAtATataTTattaTT [s=a0 S-EXP-NONZERO] [s=a1 rankA=1 sZ=(1, 1) lg=PASS] [s=a2 rankA=2 sZ=(2, 2) lg=PASS] -> ZSTABLE via s=a1
L1 AAttATAtaTTataTattaTT [s=a0 rankA=3 sZ=(3, 3) lg=PASS] [s=a1 rankA=2 sZ=(2, 2) lg=PASS] [s=a2 S-EXP-NONZERO] -> ZSTABLE via s=a0
L1 AAttATAtaTTattaTatATT [s=a0 S-EXP-NONZERO] [s=a1 rankA=2 sZ=(2, 2) lg=PASS] [s=a2 rankA=2 sZ=(2, 2) lg=PASS] -> ZSTABLE via s=a1
L1 AAttATAtaTatATTattaTT [s=a0 S-EXP-NONZERO] [s=a1 rankA=1 sZ=(1, 1) lg=PASS] [s=a2 rankA=2 sZ=(2, 2) lg=PASS] -> ZSTABLE via s=a1
L1 AAttATaTatAtATTattaTT [s=a0 rankA=3 sZ=(3, 3) lg=PASS] [s=a1 rankA=1 sZ=(1, 1) lg=PASS] [s=a2 S-EXP-NONZERO] -> ZSTABLE via s=a0
L1 AAttATaTatAtaTTattaTT [s=a0 rankA=3 sZ=(3, 3) lg=PASS] [s=a1 rankA=1 sZ=(1, 1) lg=PASS] [s=a2 S-EXP-NONZERO] -> ZSTABLE via s=a0
L1 AAttATaTattATTatAtaTT [s=a0 rankA=4 sZ=(4, 4) lg=PASS] [s=a1 rankA=2 sZ=(2, 2) lg=PASS_HLOOP] [s=a2 S-EXP-NONZERO] -> ZSTABLE via s=a0
L1 AAttATaTattATATattaTT [s=a0 rankA=3 sZ=(3, 3) lg=PASS] [s=a1 rankA=2 sZ=(2, 2) lg=PASS] [s=a2 S-EXP-NONZERO] -> ZSTABLE via s=a0
L1 AAttATaTattaTTatAtaTT [s=a0 rankA=4 sZ=(4, 4) lg=PASS] [s=a1 rankA=2 sZ=(2, 2) lg=PASS_HLOOP] [s=a2 S-EXP-NONZERO] -> ZSTABLE via s=a0
L1 AAttATaTattaTATattaTT [s=a0 rankA=3 sZ=(3, 3) lg=PASS] [s=a1 rankA=2 sZ=(2, 2) lg=PASS] [s=a2 S-EXP-NONZERO] -> ZSTABLE via s=a0
L1 AAttATatATTatATattaTT [s=a0 rankA=3 sZ=(3, 3) lg=PASS] [s=a1 rankA=2 sZ=(2, 2) lg=PASS] [s=a2 S-EXP-NONZERO] -> ZSTABLE via s=a0
L1 AAttATatATAtaTTattaTT [s=a0 S-EXP-NONZERO] [s=a1 rankA=1 sZ=(1, 1) lg=PASS] [s=a2 rankA=2 sZ=(2, 2) lg=PASS] -> ZSTABLE via s=a1
L1 AAttATataTTatATattaTT [s=a0 rankA=3 sZ=(3, 3) lg=PASS] [s=a1 rankA=2 sZ=(2, 2) lg=PASS] [s=a2 S-EXP-NONZERO] -> ZSTABLE via s=a0
L1 AAttATataTAtATTattaTT [s=a0 S-EXP-NONZERO] [s=a1 rankA=1 sZ=(1, 1) lg=PASS] [s=a2 rankA=2 sZ=(2, 2) lg=PASS] -> ZSTABLE via s=a1
L1 AAttATaaTatAATattaaTT [s=a0 rankA=3 sZ=(3, 3) lg=PASS] [s=a1 rankA=2 sZ=(2, 2) lg=PASS] [s=a2 S-EXP-NONZERO] -> ZSTABLE via s=a0
L1 AAttaTTatATattATataTT [s=a0 rankA=3 sZ=(3, 3) lg=PASS] [s=a1 rankA=2 sZ=(2, 2) lg=PASS] [s=a2 S-EXP-NONZERO] -> ZSTABLE via s=a0
L1 AAttaTTatAtATTatataTT [s=a0 rankA=3 sZ=(3, 3) lg=PASS] [s=a1 rankA=2 sZ=(2, 2) lg=PASS] [s=a2 S-EXP-NONZERO] -> ZSTABLE via s=a0
L1 AAttaTTatAtATaTattaTT [s=a0 rankA=2 sZ=(2, 2) lg=PASS] [s=a1 rankA=1 sZ=(1, 1) lg=PASS] [s=a2 S-EXP-NONZERO] -> ZSTABLE via s=a0
L1 AAttaTTataTattATAtaTT [s=a0 rankA=3 sZ=(3, 3) lg=PASS] [s=a1 rankA=2 sZ=(2, 2) lg=PASS] [s=a2 S-EXP-NONZERO] -> ZSTABLE via s=a0
L1 AAttaTTatatATTatAtaTT [s=a0 rankA=3 sZ=(3, 3) lg=PASS] [s=a1 rankA=2 sZ=(2, 2) lg=PASS] [s=a2 S-EXP-NONZERO] -> ZSTABLE via s=a0
L1 AAttaTTattAATTatAtaTT [s=a0 rankA=2 sZ=(2, 2) lg=PASS] [s=a1 S-EXP-NONZERO] [s=a2 rankA=2 sZ=(2, 2) lg=PASS] -> ZSTABLE via s=a0
L1 AAttaTTattAATTatataTT [s=a0 rankA=2 sZ=(2, 2) lg=PASS] [s=a1 S-EXP-NONZERO] [s=a2 rankA=2 sZ=(2, 2) lg=PASS] -> ZSTABLE via s=a0
L1 AAttaTTattATATatataTT [s=a0 rankA=3 sZ=(3, 3) lg=PASS] [s=a1 rankA=1 sZ=(1, 1) lg=PASS] [s=a2 S-EXP-NONZERO] -> ZSTABLE via s=a0
L1 AAttaTTattATAtATataTT [s=a0 S-EXP-NONZERO] [s=a1 rankA=1 sZ=(1, 1) lg=PASS] [s=a2 rankA=2 sZ=(2, 2) lg=PASS] -> ZSTABLE via s=a1
L1 AAttaTTattATaTatAtaTT [s=a0 rankA=3 sZ=(3, 3) lg=PASS] [s=a1 rankA=1 sZ=(1, 1) lg=PASS] [s=a2 S-EXP-NONZERO] -> ZSTABLE via s=a0
L1 AAttaTTattATatATAtaTT [s=a0 S-EXP-NONZERO] [s=a1 rankA=1 sZ=(1, 1) lg=PASS] [s=a2 rankA=2 sZ=(2, 2) lg=PASS] -> ZSTABLE via s=a1
L1 AAttaTATattATTatataTT [s=a0 rankA=4 sZ=(4, 4) lg=PASS] [s=a1 rankA=2 sZ=(2, 2) lg=PASS] [s=a2 S-EXP-NONZERO] -> ZSTABLE via s=a0
L1 AAttaTAtATTattATataTT [s=a0 S-EXP-NONZERO] [s=a1 rankA=2 sZ=(2, 2) lg=PASS] [s=a2 rankA=2 sZ=(2, 2) lg=PASS] -> ZSTABLE via s=a1
