KEY:0f22bdbc4184	partial	GroupApproximation.Manuscript.NonMF.TorsionFreeGreendlingerLeaf.printedTorsionFreeFullMFRadical_of_greendlinger GroupApproximation.Manuscript.NonMF.TorsionFreeGreendlingerLeaf.printedTorsionFreeTheorem_of_greendlinger GroupApproximation.Manuscript.NonMF.TorsionFreeGreendlingerLeaf.printedTorsionFreeTheoremLimitSet_of_greendlinger GroupApproximation.Manuscript.NonMF.TorsionFreeGreendlingerLeaf.printedTorsionFreeTheoremOsin_of_greendlinger GroupApproximation.Manuscript.NonMF.TorsionFreeGreendlingerForms.manuscriptTorsionFreeTheorem_of_greendlinger GroupApproximation.Manuscript.NonMF.TorsionFreeGreendlingerForms.manuscriptTorsionFreeTheoremOsin_of_greendlinger GroupApproximation.Manuscript.NonMF.TorsionFreeGreendlingerForms.manuscriptTorsionFreeTheoremLimitSet_of_greendlinger GroupApproximation.Manuscript.NonMF.TorsionFreePrinted.PrintedTorsionFreeTheorem GroupApproximation.Manuscript.NonMF.TorsionFreeLeastAreaAssembly.manuscriptTorsionFreeTheorem_of_leastAreaLeaves GroupApproximation.Manuscript.NonMF.TorsionFreeOsinNotion.PrintedTorsionFreeTheoremOsin GroupApproximation.Manuscript.NonMF.TorsionFreeOsinNotion.manuscriptTorsionFreeTheoremOsin_of_leastAreaLeaves GroupApproximation.Manuscript.NonMF.TorsionFreeLiteratureInputsLeastArea.manuscriptTorsionFreeTheorem_of_hullLeaves GroupApproximation.Manuscript.NonMF.TorsionFreeLiteratureInputsLeastArea.manuscriptTorsionFreeTheoremOsin_of_hullLeaves GroupApproximation.Manuscript.NonMF.TheoremC.manuscriptTorsionFreeFullMFRadical_of_leastAreaInputs GroupApproximation.Manuscript.NonMF.TheoremC.manuscriptTorsionFreeSimplified_of_leastAreaInputs GroupApproximation.Manuscript.NonMF.TheoremC.manuscriptTorsionFreeFullMFRadical_of_leastAreaKOLeaves GroupApproximation.Manuscript.NonMF.TheoremC.manuscriptTorsionFreeSimplified_of_leastAreaKOLeaves GroupApproximation.Manuscript.NonMF.TheoremC.manuscriptTorsionFreeFullMFRadical_of_leastAreaZipFold GroupApproximation.Manuscript.NonMF.TheoremC.manuscriptTorsionFreeSimplified_of_leastAreaZipFold GroupApproximation.Manuscript.NonMF.TheoremC.manuscriptTorsionFreeFullMFRadical_of_leastAreaFold GroupApproximation.Manuscript.NonMF.TheoremC.manuscriptTorsionFreeSimplified_of_leastAreaFold GroupApproximation.Manuscript.NonMF.TheoremC.manuscriptTorsionFreeFullMFRadical_of_greendlinger GroupApproximation.Manuscript.NonMF.TheoremC.manuscriptTorsionFreeSimplified_of_greendlinger	rows/ct-rank-two-limit.tsv: ct-rank-two-limit: thm:torsion-free statement (tex 284); carriers state the printed endpoint over the open waist GGT.VanKampen.RelativeGreendlingerQuasiGeodesicLeastAreaStatement.{0,0,0} alone (hgreendlinger), with the embedded bridge, Kotowski-Ollivier, the Hyde-Lodha group, DGO 2.35 and Gerasimova-Osin 1.1 applied closed. The residual-form carriers of this lane (TorsionFreeResidualsV2Copy b05937611, TorsionFreeResidualsV4 4091f7433, TorsionFreeResidualsV4Euler 236898aed) all bind CellPocketPinchPosStatement.{0,0,0}, which is refuted by GGT.VanKampen.OsinPocketCellPinchRose.cellPocketPinchRoseRefutation (e0a0776bb, #audit_closed_axioms; a four-petal rose on one-letter relators at eps = 1), so they are vacuous and are not cited. The waist form over live binders is relativeGreendlingerQuasiGeodesicLeastArea_of_residualsV4CopySection (binder 5 whole). Stays partial. | rows/fff-periodic.tsv: thm:torsion-free (line 284) as printed, in the radical form, at Osin's notion and at the limit-set notion, over hgreendlinger (GGT.VanKampen.RelativeGreendlingerQuasiGeodesicLeastAreaStatement) alone: the _of_fourLeaves forms applied to HullSC.relativeIsoperimetricBridgeQuasiGeodesicEmbedded_closed (18682110d), KMSGroup.KotowskiOllivierClosed.kotowskiOllivier_closed (f65f99f17) and HydeLodha.finitelyPresentedInfiniteSimple_closed. retires open-predicate and buried-conditional GroupApproximation.Manuscript.NonMF.TorsionFreeFourLeaves.printedTorsionFreeFullMFRadical_of_fourLeaves, GroupApproximation.Manuscript.NonMF.TorsionFreeFourLeaves.printedTorsionFreeTheoremOsin_of_fourLeaves and GroupApproximation.Manuscript.NonMF.TorsionFreeFourLeaves.printedTorsionFreeTheoremLimitSet_of_fourLeaves (each superseded by its _of_greendlinger form). LANDED 1edf0f7b4, PROBE GREEN 0913-063820-983 | rows/hull-bridge.tsv: thm:torsion-free as printed, at Osin's notion and at the limit-set notion, over the Greendlinger waist alone, with kotowskiOllivier_closed and finitelyPresentedInfiniteSimple_closed applied. LANDED 99db3338a (probe 0913-081212-8538 green, BUILT, #audit_axioms): each form applies relativeIsoperimetricBridgeQuasiGeodesicEmbedded_closed, so the only binder is GGT.VanKampen.RelativeGreendlingerQuasiGeodesicLeastAreaStatement.{0,0,0} (W1); the new decls carry open-predicate and buried-conditional on hgreendlinger only. Retires open-predicate and buried-conditional GroupApproximation.Manuscript.NonMF.TorsionFreeLeastAreaAssembly.manuscriptTorsionFreeTheorem_of_leastAreaLeaves, GroupApproximation.Manuscript.NonMF.TorsionFreeLiteratureInputsLeastArea.manuscriptTorsionFreeTheorem_of_hullLeaves, GroupApproximation.Manuscript.NonMF.TorsionFreeLiteratureInputsLeastArea.manuscriptTorsionFreeTheoremOsin_of_hullLeaves and GroupApproximation.Manuscript.NonMF.TorsionFreeOsinNotion.manuscriptTorsionFreeTheoremOsin_of_leastAreaLeaves when the census row names swap. | rows/nm-endpoints.tsv: thm:torsion-free as printed (Hull's Cayley notion, Osin's notion, the limit-set notion, and the full MF radical form), proved along the printed route over hgreendlinger alone. DGO 2.35, GO 1.1, Chiodo, Minasyan-Osin and the union geometry are closed inputs. Residual = GGT.VanKampen.RelativeGreendlingerQuasiGeodesicLeastAreaStatement.{0, 0, 0}. W1 waist (lead ruling ~14:45; post-(A) list from ghw-assembly and the lead's ~14:50 rulings; theoremc-retire's T 48c6cc71e): GGT.VanKampen.relativeGreendlingerQuasiGeodesicLeastArea_of_openResiduals (Estimating/OsinGreendlingerOpenResiduals, ghw-assembly 5f031e3a6; probe 0913-145357-69970 green, and T's probe 0913-145812-91168 rebuilt the same bytes green; #audit_axioms, wire-queued, not root-imported) proves it over eight Props and nothing else. Inside it the polygon realization, Case 2, the loop cut osinLoopCutSection (f04929ebb) and the cell and outer pocket transports are applied under #audit_closed_axioms, and the Case 1 walk and C4 are binder-free under #audit_axioms. The binders, with owners: (1) OsinLemma94PolygonSideBudgetInput (hull-count94; over-strong as stated per its docstring, superseded by OsinLemma94ClassCountInput after ghw-charp2's class-word respell); (2) OsinLemma94UnboundSameCellStatement (site 5, fff-periodic, whose (T) count and (C) binder OsinLemma94SameCellPocketInput replace it in the Covers co-probe with hull-count94, after theoremc-retire's site-5 follow-on co-probe gives the count and covers inputs the Lemma 9.7 hypothesis; systolic-counts audits it); (3) OsinLemma94CaseOneSameCellStatement (jacobson, composing ko-closed's metric kill for the pocket with no relator cell with fff-periodic's shared kill for the pocket with one; hull-unbound the pinched window; since T it also assumes clause (b) of Lemma 9.7 below the relator-cell count of Delta, so a producer may refute a loop cut by the inductive assumption); (4) OsinTwoGonHoldsSectionStatement, C6′ (debt-conditional; baseline-debt, hs-vanishes, sec2-sentences); (5) OsinMultipleEdgePocketRegionSectionStatement (kh-ejz; dgo-analytic offer); (6) OsinSectionPocketFaceSetSectionStatement (kh-ejz; cite-hull, hl-lemma46, sec2-sentences, hull-select, hull-euler); (7) PocketPinchLabelledStatement (hull-respell; kh-cckw, go-lemma42, ghw-assembly); (8) GeodesicCollarStatement (kh-torsion; hull-bridge, simple-group). So the residual, at .{0, 0, 0}, is these eight Props, and none has a closed producer on main. No carrier applies the waist yet; each still takes hgreendlinger whole. Closed premises, applied inside each carrier: the bridge premise HullSC.RelativeIsoperimetricBridgeQuasiGeodesicEmbeddedStatement.{0, 0, 0} by HullSC.relativeIsoperimetricBridgeQuasiGeodesicEmbedded_closed (18682110d, #audit_closed_axioms, root-imported); TheoremC.KotowskiOllivierStatement by KMSGroup.KotowskiOllivierClosed.kotowskiOllivier_closed (f65f99f17, #audit_closed_axioms, root-imported; its pinched fold leaf is Systolic.mirrorFoldPinched); TorsionFreePrinted.FinitelyPresentedInfiniteSimpleStatement by HydeLodha.finitelyPresentedInfiniteSimple_closed (47b31bef8, #audit_closed_axioms, root-imported). Each carrier applies its TorsionFreeFourLeaves form (12e1d1af8, probe 0913-013032-80446, root-imported) to these producers; fff-periodic's row on this hash records the four-leaf forms it supersedes. Retires nothing. LANDED 1edf0f7b4 (fff-periodic's TorsionFreeGreendlingerLeaf; probe 0913-063820-983 green; #audit_axioms on every carrier; root-imported at 559636b4a, GroupApproximation.lean:4974). Re-graded at origin 572b501d7: still partial. | rows/sec5-sentences.tsv: thm:torsion-free exactly as printed, at Hull's Cayley notion and Osin's notion; proved along the printed proof over FournierFacioParagraph, the least-area Greendlinger waist and the embedded Lemma 5.1 bridge. LANDED 2187b804e (compiled, probe 0911-211203-38039) | thm:torsion-free exactly as printed, Cayley and Osin notions; the Fournier-Facio paragraph produced, not assumed; over the least-area Greendlinger waist, the embedded bridge, Kotowski-Ollivier and a finitely presented infinite simple torsion-free group. LANDED 0939b7d4f (compiled, probe 0911-213259-84497) | rows/theoremc-retire.tsv: thm:torsion-free in the radical form and in the simplified printed statement, over exactly three hypotheses: hgreendlinger (GGT.VanKampen.RelativeGreendlingerQuasiGeodesicLeastAreaStatement), hbridge (HullSC.RelativeIsoperimetricBridgeQuasiGeodesicEmbeddedStatement) and hKO (TheoremC.KotowskiOllivierStatement), with no simple-group binder. The _KOLeaves forms (unwired TheoremCAssemblyKOLeaves) replace hKO by hzip, hfold and hT6 through kotowskiOllivier_of_leaves. The _ZipFold forms (same module) replace hKO by hzip and hfold alone, through KMSGroup.sharpExistence_ghb7_of_zipFoldHyp and GHBQuotient.isHyperbolicGroup_ghb7_of_zipFold (kh-cckw 7d64d1118), so hT6 is not a binder there. RETIRES the baseline finding "root-imported TheoremCAssembly has 5 sorries" (census2 U2): the four unconsumed sorry declarations, the kotowskiOllivier sorry and both _openAdmissions endpoints are deleted, and the module has no sorry. LANDED 2c3c8cb40 (compiled, probe 0913-013843-30184); _ZipFold forms LANDED e1b326ec3 (probe 0913-021752-29195). The _Fold forms (TheoremCAssemblyFoldLeaf) apply KMSGroup.CCKW.zipSpur_cosetComplex (8389a0e6c), so hzip is not a binder there: they stand over hgreendlinger, hbridge and hfold, with hfold in the shape forall (V : Type) (X : Systolic.TriangleComplex V), Systolic.MirrorFoldStatement X. _Fold forms LANDED f019265bb (probe 0913-034425-9721). The _of_greendlinger forms (TheoremCAssemblyGreendlingerLeaf) apply HullSC.relativeIsoperimetricBridgeQuasiGeodesicEmbedded_closed (18682110d) and Systolic.mirrorFold (426813b24) to the _Fold forms, so they stand over hgreendlinger alone. _of_greendlinger forms LANDED c5f953323 (probe 0913-060950-64731) [census merge 4c3d9dd02] [fk-nm14 d76183d14] in progress (not a gap): the torsion-free section's closed endpoints wait on the Greendlinger least-area leaf (GGT/VanKampen/GreendlingerLeaf, relativeGreendlingerQuasiGeodesicLeastArea, not root-wired); orchestrator lanes GL01-GL06 (with GL03A ClassPocketRotationTurn, GL03B InnerPocketEnclosedTwoArc) discharge the leaf residuals and GL07 lands the binder-free TorsionFreeClosed endpoints; re-grade on landing.
KEY:2a97fb901bad	formalized	GroupApproximation.Full.NM09.manuscriptSentence_korchaginDirectLimit GroupApproximation.Full.NM09.PrintedKorchaginDirectLimitSentence GroupApproximation.Full.NM09.shiftKernel_isDirectLimitOfResiduallyFinite GroupApproximation.Full.NM09.isOperatorMF_of_isDirectLimitOfResiduallyFinite GroupApproximation.Full.NM09.IsDirectLimitOfResiduallyFinite GroupApproximation.AmenableTraceTheorem.manuscriptShiftKernelIsOperatorMF	rows/audit-nm-1.tsv: audit-nm-1: printed route "direct limit of RF groups ⇒ MF [Korchagin Cor 10, Prop 13]"; the carrier goes locally RF ⇒ LEF ⇒ MF; no MF direct-limit permanence theorem on origin. LANDED a0c769367 (audit-nm-1 ledger, notes/nm-swarm/reports/audit-nm-1.md) [census merge 4c3d9dd02] [fk-nm14 d76183d14] audit-nm-1 resolved by lane NM09 (e15de93c6, 2889dfa8a, cd529306d, Manuscript/NonMF/Full/Korchagin, root-imported): the printed route, W_0 is a direct limit of residually finite groups (shiftKernel_isDirectLimitOfResiduallyFinite) and every countable direct limit of residually finite groups is MF (isOperatorMF_of_isDirectLimitOfResiduallyFinite); closed manuscriptSentence_korchaginDirectLimit (#audit_closed_axioms).
KEY:d59fc0887768	formalized	GroupApproximation.ChainCore.DynamicRankBudget.PrintedChainCoreOpening GroupApproximation.ChainCore.DynamicRankBudget.printedChainCoreOpening_closed GroupApproximation.ChainCore.ChainCoreClosures.printedCoreMFRadical_closed GroupApproximation.defectIdeal_eq_transientIdeal_chainRecurrentSet GroupApproximation.ChainCore.chainRecurrentSet_nonempty	rows/ct-rank-budget.tsv: ct-rank-budget (reassigned from ms-core-1 by the coordinator): tex 1341 (sec:chain-core opening) "The torsion-defect argument can identify the whole MF radical even when the defect ideal is proper."; closed endpoint printedChainCoreOpening_closed : PrintedChainCoreOpening with #audit_closed_axioms: for every nonempty compact metrizable zero-dimensional X, over every finite field the defect ideal (span of the compressed-clopen defects) equals the transient ideal I and is proper (CR(T) nonempty), and over F_2 Rad_MF(GL_n(R_X)) = K_n = EL_n(R_X, I) (n >= 3) and Rad_MF(EL_n(R_X)) = EL_n(R_X, I) (n >= 4), from the closed thm:core-mf-radical (printedCoreMFRadical_closed, via prop:bilateral-three). LANDED 10faf76cf (Manuscript/NonMFSentences/ChainCoreOpeningSentence), queued for wiring. [census merge 4c3d9dd02] [fk-nm14 d76183d14] downgrade dropped: carrier root-reachable (inside the GroupApproximation.lean import closure).
KEY:a1bda19b475a	formalized	GroupApproximation.ClopenCrossedProduct.PrintedLaurentExpansionsUnique GroupApproximation.ClopenCrossedProduct.printedLaurentExpansionsUnique GroupApproximation.ClopenCrossedProduct.existsUnique_laurentSum GroupApproximation.ClopenCrossedProduct.laurentSum_injective	rows/ms-core-3.tsv: ms-core-3: tex 1351-1353, "Here $\operatorname{LC}$ denotes locally constant functions and the crossed product is algebraic: its elements have unique finite Laurent expansions $\sum_j f_j u^j$." Closed endpoint printedLaurentExpansionsUnique (#audit_closed_axioms): every x is sum_j f_j u^j for exactly one f : ℤ →₀ LocallyConstant X k, for every space, homeomorphism and ring. LC is Mathlib's LocallyConstant. module landed by chain-core at 967885928 (probe 0913-172949-67452 GREEN, origin md5 = green record); root-reachable at origin d76183d14. [census merge 4c3d9dd02]
KEY:8a557cb954fb	formalized	GroupApproximation.ClopenCrossedProduct.PrintedPowersFormal GroupApproximation.ClopenCrossedProduct.printedPowersFormal GroupApproximation.ClopenCrossedProduct.unit_zpow_injective	rows/ms-core-3.tsv: ms-core-3: tex 1353-1354, "The powers of $u$ remain formal even if $T$ has finite order." Closed endpoint printedPowersFormal (#audit_closed_axioms): for every homeomorphism T, including those of finite order, j ↦ u^j is injective, using only X ≠ ∅ and 1 ≠ 0 in k. module landed by chain-core at 967885928 (probe 0913-172949-67452 GREEN, origin md5 = green record); root-reachable at origin d76183d14. [census merge 4c3d9dd02]
KEY:6011dc411b20	definition	GroupApproximation.IsPrintedLEFRing GroupApproximation.PrintedLEFRingDefinition GroupApproximation.printedLEFRingDefinition GroupApproximation.Pestov91.IsLEFRing	rows/ms-core-3.tsv: ms-core-3: tex 1354-1357, "A ring is \emph{LEF} if every finite subset admits an injective map into a finite ring preserving the additions and multiplications that stay in that subset, and preserving $0$ and $1$ when present." IsPrintedLEFRing is the printed partial-table definition; the closed endpoint printedLEFRingDefinition (#audit_closed_axioms) proves it equivalent to the working Pestov91.IsLEFRing by closing the table under pairwise sums and products plus 0 and 1. module landed by chain-core at 967885928 (probe 0913-172949-67452 GREEN, origin md5 = green record); root-reachable at origin d76183d14. [census merge 4c3d9dd02]
KEY:2d1ca8689ac6	definition	GroupApproximation.IsPrintedLEFGroup GroupApproximation.PrintedLEFGroupDefinition GroupApproximation.printedLEFGroupDefinition GroupApproximation.IsLEF	rows/ms-core-3.tsv: ms-core-3: tex 1357-1358, "A group is LEF with the analogous multiplicative definition." IsPrintedLEFGroup is the printed partial multiplication-table definition into finite groups; the closed endpoint printedLEFGroupDefinition (#audit_closed_axioms) proves it equivalent to the working IsLEF (finite permutation-group targets, via IsTextbookLEF). module landed by chain-core at 967885928 (probe 0913-172949-67452 GREEN, origin md5 = green record); root-reachable at origin d76183d14. [census merge 4c3d9dd02]
KEY:b180421b55ab	formalized	GroupApproximation.ChainCore.PrintedItineraryIntersectionCycleCondition GroupApproximation.ChainCore.printedItineraryIntersectionCycleCondition GroupApproximation.ChainCore.cycleCondition_itinerary_image_generalCore GroupApproximation.ChainCore.cycleCondition_coreSubshift	rows/ms-core-1.tsv: ms-core-1 (conditional-baseline sweep): tex 1439-1441 lem:chain-core-models proof, 'The sets on its right decrease and satisfy the cycle condition; finite language stabilization proves that their intersection does too', as the closed endpoint printedItineraryIntersectionCycleCondition (#audit_closed_axioms). The named hypothesis hcore of cycleCondition_itinerary_image_generalCore is discharged by cycleCondition_coreSubshift (tex 1411). LANDED 348c26736 [census merge 4c3d9dd02] [fk-nm14 d76183d14] downgrade dropped: carrier root-reachable (inside the GroupApproximation.lean import closure).
KEY:f5264e48f943	formalized	GroupApproximation.Full.NM11.printedCompactOrbitBound GroupApproximation.Full.NM11.PrintedCompactOrbitBound GroupApproximation.Full.NM11.printedClopenNhdsOrbitBound GroupApproximation.Full.NM11.printedTransientMatrices_compact_closed GroupApproximation.ClopenCrossedProduct.exists_wandering_clopen_cover_of_isCompact GroupApproximation.ClopenCrossedProduct.exists_wandering_clopen_cover GroupApproximation.ChainCore.exponentBound_of_wanderingCover GroupApproximation.ClopenCrossedProduct.chainCoreDefectCoverStatement_holds	rows/audit-nm-4.tsv: audit-nm-4 GENERALITY-GAP (fidelity audit of tex 1338-2507 at merge 0e622f840: 232 rows, 231 PASS, 0 FALSE-GREEN): exists_wandering_clopen_cover needs IsClopen K; printed "A compact subset C of U"; restore formalized once a compact-to-clopen shrink lemma is named; the owner ms-inverses-3 is told. | rows/ms-inverses-3.tsv: ms-inverses-3: tex 1485-1487, "A compact subset C of U has a finite cover by wandering clopen sets, say m of them, so each orbit meets C in at most m points"; the cover from the closed defect cover of lem:chain-core-models (ct-involution), the orbit bound ExponentBound T C m (ms-units TransientClassSaturation). Route as printed. [census merge 4c3d9dd02] [fk-nm14 d76183d14] audit-nm-4 GENERALITY-GAP resolved by lane NM11 (8f0379e80, 210f3dc2d, df06d02d4, Manuscript/NonMF/Full/ClopenShrink, root-imported): for every COMPACT C inside U, a finite wandering clopen cover with at most m points of C in each orbit (printedCompactOrbitBound, #audit_closed_axioms), also at a clopen neighbourhood of C in U (printedClopenNhdsOrbitBound).
KEY:ff376e50f433	partial	GroupApproximation.ChainCore.reachableExponents_eq_of_le GroupApproximation.ChainCore.exists_reachableExponents_succ_eq	rows/ms-inverses-3.tsv: ms-inverses-3: tex 1491-1492, "Erasing loops shortens any path between related points to at most m-1 steps"; the conclusion is proved by stabilization of the increasing reachable sets of card at most m, not by erasing loops. Kept partial (re-checked 23:20): a loop-erasure carrier needs a path representation of reachableExponents (sequences of step exponents with all prefix sums in C) and the pigeonhole erasure induction, neither on main; the closed endpoints do not shorten it. [census merge 4c3d9dd02] [fk-nm14 d76183d14] work order WO-NM14-1 sent to main (loop-erasure carrier over a path representation of reachableExponents).
KEY:1d0f9a56866c	partial	GroupApproximation.ClopenCrossedProduct.exists_transientCells	rows/ms-inverses-3.tsv: ms-inverses-3: tex 1497-1499, "Choose a finite clopen partition of C separating distinct points in each class ... compactness gives such a partition"; no separating partition is built. Kept partial (re-checked 23:20): the Lean representative is the point of least exponent (ChainCore.baseSet), and ms-units' tower family and expansion (TransientTowerFamily, TransientTowerExpansion) are keyed to baseSet, so the printed atom route needs the tower rebuilt over atom representatives; not short. [census merge 4c3d9dd02] [fk-nm14 d76183d14] work order WO-NM14-2 sent to main (separating atom partition, first-occupied-atom representative, tower over atom representatives).
KEY:fd026a61f84f	partial	GroupApproximation.ChainCore.baseSet	rows/ms-inverses-3.tsv: ms-inverses-3: tex 1499-1500, "Order its atoms and select the point in the first occupied atom as the class representative"; the representative is the point of least exponent in its class, not the first occupied atom. Kept partial (re-checked 23:20): same reason as 1d0f9a56866c. [census merge 4c3d9dd02] [fk-nm14 d76183d14] work order WO-NM14-2 sent to main.
KEY:46f3810145ee	partial	GroupApproximation.ChainCore.isClopen_baseSet	rows/ms-inverses-3.tsv: ms-inverses-3: tex 1500-1502, "The representative set is clopen, because presence of a related point in an earlier atom is a finite clopen test"; the least-exponent representative set is clopen because its class exponents form a locally constant finite set. Kept partial (re-checked 23:20): same reason as 1d0f9a56866c. [census merge 4c3d9dd02] [fk-nm14 d76183d14] work order WO-NM14-2 sent to main.
KEY:5079b22a3633	partial	GroupApproximation.ClopenCrossedProduct.exists_cells GroupApproximation.ChainCore.isClopen_baseCell	rows/ms-inverses-3.tsv: ms-inverses-3: tex 1502-1503, "Refine it according to the occupied atoms, the shift exponents to each level, and all original coefficient values"; exists_cells refines the least-exponent representative set by class exponents and coefficient values at every level; there are no atoms on this route. Kept partial (re-checked 23:20): same reason as 1d0f9a56866c. [census merge 4c3d9dd02] [fk-nm14 d76183d14] work order WO-NM14-2 sent to main.
KEY:715cbd0f3410	formalized	GroupApproximation.ChainCore.CoreRingReflection.PrintedCoreCornerMapKillsKernel GroupApproximation.ChainCore.CoreRingReflection.printedCoreCornerMapKillsKernel GroupApproximation.matrixUnitCornerHom	rows/ms-core-1.tsv: ms-core-1 (conditional-baseline sweep): tex 1534-1535 thm:core-ring-reflection proof, 'Apply the preceding argument to the unital map r -> phi(rE_11) into this corner', at R_X -> R_Y with nothing assumed: the unital map r -> phi(r E_ii) into the directly finite corner kills I (killsKernelOfDirectlyFinite_coreRestrict, closed). Supersedes chain-reflection's 'I = ker pending chain-matricial'. LANDED 348c26736 [census merge 4c3d9dd02] [fk-nm14 d76183d14] downgrade dropped: carrier root-reachable (inside the GroupApproximation.lean import closure).
KEY:30a44485e5e8	formalized	GroupApproximation.ChainCore.CoreRingReflection.PrintedCoreMatrixKillsKernel GroupApproximation.ChainCore.CoreRingReflection.printedCoreMatrixKillsKernel GroupApproximation.killsKernelOfDirectlyFinite_mapMatrix GroupApproximation.map_eq_zero_of_forall_entry_mem	rows/ms-core-1.tsv: ms-core-1 (conditional-baseline sweep): tex 1535-1536 thm:core-ring-reflection proof, 'Multiplication by the other matrix units shows that phi kills M_m(I)', at R_X with nothing assumed: every unital map from M_m(R_X) to a directly finite ring kills the kernel of M_m(R_X) -> M_m(R_Y). LANDED 348c26736 [census merge 4c3d9dd02] [fk-nm14 d76183d14] downgrade dropped: carrier root-reachable (inside the GroupApproximation.lean import closure).
KEY:f2baa4a46f78	formalized	GroupApproximation.ChainCore.CoreRingReflection.PrintedCoreMatrixQuotientLEF GroupApproximation.ChainCore.CoreRingReflection.printedCoreMatrixQuotientLEF GroupApproximation.Pestov91.IsLEFRing.matrix	rows/ms-core-1.tsv: ms-core-1 (conditional-baseline sweep): tex 1536-1537 thm:core-ring-reflection proof, 'Its quotient M_m(R_Y) is LEF, as follows entrywise from finite ring tables', closed from coreModelsLEFStatement (b7e521e57) and IsLEFRing.matrix. Supersedes chain-reflection's 'R_Y LEF pending chain-itinerary'. LANDED 348c26736 [census merge 4c3d9dd02] [fk-nm14 d76183d14] downgrade dropped: carrier root-reachable (inside the GroupApproximation.lean import closure).
KEY:331807e9e898	definition	GroupApproximation.ClopenCrossedProduct.bilateralCell GroupApproximation.ClopenCrossedProduct.bilateralCell_d GroupApproximation.BilateralThreeCell.Cell.f GroupApproximation.ClopenCrossedProduct.defectD_ne_zero	rows/ct-bilateral-cell.tsv: ct-bilateral-cell: tex 1550-1552 (proof of prop:bilateral-three), "Take a clopen P with T(P) in P and nonempty D=P minus T(P). Put p=1_P, d=1_D, and f_ab=u^a d u^-b": the cell of a compressed clopen in R_X, d = 1_{P minus T(P)}, nonzero for nonempty D. LANDED 5d90422ea; carriers not yet root-wired (wire queue), re-grade to definition after wiring. [census merge 4c3d9dd02] [fk-nm14 d76183d14] carriers root-reachable at origin d76183d14 (pending-wiring wording superseded). Re-graded to definition as the note prescribes after wiring.
KEY:30e2f83b735e	formalized	GroupApproximation.BilateralThreeCell.Cell.f_mul_f	rows/ct-bilateral-cell.tsv: ct-bilateral-cell: tex 1552-1553, "Wandering gives f_ab f_ce = delta_bc f_ae", for every cell of every ring. LANDED 923231b3c/5d90422ea; closed, pending root wiring. [census merge 4c3d9dd02] [fk-nm14 d76183d14] carriers root-reachable at origin d76183d14 (pending-wiring wording superseded).
KEY:8a69e48d6382	formalized	GroupApproximation.BilateralThreeCell.Cell.p_mul_f GroupApproximation.BilateralThreeCell.Cell.f_mul_p	rows/ct-bilateral-cell.tsv: ct-bilateral-cell: tex 1553, "Negative levels lie outside P": p f_ab = 0 for a<0 and f_ab p = 0 for b<0. LANDED 923231b3c/5d90422ea; closed, pending root wiring. [census merge 4c3d9dd02] [fk-nm14 d76183d14] carriers root-reachable at origin d76183d14 (pending-wiring wording superseded).
KEY:7753d17ede98	formalized	GroupApproximation.BilateralThreeCell.Cell.s GroupApproximation.BilateralThreeCell.Cell.t GroupApproximation.BilateralThreeCell.Cell.t_mul_s GroupApproximation.BilateralThreeCell.Cell.s_mul_t GroupApproximation.Manuscript.ChainCore.BilateralThree.cellRing GroupApproximation.Manuscript.ChainCore.BilateralThree.cellGeneratorSet	rows/ct-bilateral-cell.tsv: ct-bilateral-cell: tex 1554-1555, "The unital subalgebra S in pR_Xp generated by s=up, t=pu^-1 and kp satisfies ts=p, st=p-d": S = cellRing (the subring of the corner ring generated by s, t and p(a.1)p, a in k), identities closed. LANDED 5d90422ea/41d8c3b03; pending root wiring. [census merge 4c3d9dd02] [fk-nm14 d76183d14] carriers root-reachable at origin d76183d14 (pending-wiring wording superseded).
KEY:ca8edac58ba3	formalized	GroupApproximation.Manuscript.ChainCore.BilateralThree.isFinitelyGeneratedRing_cellRing GroupApproximation.Manuscript.ChainCore.BilateralThree.hasKazhdanPropertyT_range_of_injective GroupApproximation.Manuscript.ChainCore.BilateralThree.bilateralThreeCellStatement	rows/ct-bilateral-cell.tsv: ct-bilateral-cell: tex 1556-1557, "It is finitely generated, so L=EL_3(S) has property (T)": S finitely generated (closed); (T) of the embedded copy via the repository's Ershov--Jaikin-Zapirain theorem (ct-bilateral-mf's transport), used in the closed bilateralThreeCellStatement. LANDED 41d8c3b03; pending root wiring. | rows/ct-bilateral-mf.tsv: ct-bilateral-mf: tex 1556-1558, "It is finitely generated, so L = EL_3(S) has property (T). Embed it in GL_3(R_X) by adjoining identity on 1-p." (T) transport along an injective embedding closed via ejz; S finitely generated and the corner embedding are the open cell piece (ct-bilateral-cell). LANDED d2f3e22b5 [census merge 4c3d9dd02] [fk-nm14 d76183d14] carriers root-reachable at origin d76183d14 (pending-wiring wording superseded). BilateralThreeCellStatement is closed by bilateralThreeCellStatement (Manuscript/ChainCore/BilateralThreeCellDischarge, #audit_closed_axioms), so the 'open cell piece' wording above is superseded.
KEY:9a398d134788	formalized	GroupApproximation.BilateralThreeCell.Cell.cornerMatrixHom GroupApproximation.BilateralThreeCell.Cell.cornerEmbed GroupApproximation.BilateralThreeCell.Cell.cornerEmbed_injective GroupApproximation.BilateralThreeCell.Cell.range_cornerEmbed	rows/ct-bilateral-cell.tsv: ct-bilateral-cell: tex 1557-1558, "Embed it in GL_3(R_X) by adjoining identity on 1-p": g -> diag(1-p) + g, injective, image the root subgroup over S. LANDED 41d8c3b03; pending root wiring. [census merge 4c3d9dd02] [fk-nm14 d76183d14] carriers root-reachable at origin d76183d14 (pending-wiring wording superseded).
KEY:732be542bd63	formalized	GroupApproximation.BilateralThreeCell.Cell.r GroupApproximation.BilateralThreeCell.Cell.rUnit GroupApproximation.BilateralThreeCell.Cell.W	rows/ct-bilateral-cell.tsv: ct-bilateral-cell: tex 1560-1564, "Let r cycle the three negative levels -1 -> -2 -> -3 -> -1: r = ..., W = diag(u,u,u) diag(1,1,r)": r, its inverse cycle, the unit, and the diagonal unit W. LANDED 5d90422ea; pending root wiring. [census merge 4c3d9dd02] [fk-nm14 d76183d14] carriers root-reachable at origin d76183d14 (pending-wiring wording superseded).
KEY:f60fa6d3b787	formalized	GroupApproximation.BilateralThreeCell.Cell.r_mul_corner GroupApproximation.BilateralThreeCell.Cell.corner_mul_r GroupApproximation.BilateralThreeCell.Cell.W_mul_root	rows/ct-bilateral-cell.tsv: ct-bilateral-cell: tex 1566, "The correction r acts outside P and centralizes L": r a = a = a r on the corner pRp, so W acts on corner roots by u. LANDED 5d90422ea; pending root wiring. [census merge 4c3d9dd02] [fk-nm14 d76183d14] carriers root-reachable at origin d76183d14 (pending-wiring wording superseded).
KEY:4a343ef108b1	formalized	GroupApproximation.BilateralThreeCell.Cell.W_conj_root GroupApproximation.BilateralThreeCell.Cell.W_conj_mem_coreGroup GroupApproximation.BilateralThreeCell.Cell.unit_conj_eq_s_mul_t GroupApproximation.BilateralThreeCell.Cell.unit_conj_mem_range	rows/ct-bilateral-cell.tsv: ct-bilateral-cell: tex 1566-1568, "Thus W conjugates L into L, sending a root coefficient a in S to uau^-1=sat". LANDED 5d90422ea/41d8c3b03; pending root wiring. [census merge 4c3d9dd02] [fk-nm14 d76183d14] carriers root-reachable at origin d76183d14 (pending-wiring wording superseded).
KEY:0fa967251251	formalized	GroupApproximation.BilateralThreeCell.Cell.W_z_scalar GroupApproximation.BilateralThreeCell.Cell.z_commute_W	rows/ct-bilateral-cell.tsv: ct-bilateral-cell: tex 1568-1569, "On its third coordinate W fixes the negative levels -1 and -2 individually", in the form used: (ur) f_{-1,-2} = f_{-1,-2} (ur). LANDED 5d90422ea; pending root wiring. [census merge 4c3d9dd02] [fk-nm14 d76183d14] carriers root-reachable at origin d76183d14 (pending-wiring wording superseded).
KEY:4a0223a24da4	definition	GroupApproximation.BilateralThreeCell.Cell.c GroupApproximation.BilateralThreeCell.Cell.ell GroupApproximation.BilateralThreeCell.Cell.y GroupApproximation.BilateralThreeCell.Cell.z GroupApproximation.BilateralThreeCell.Cell.B	rows/ct-bilateral-cell.tsv: ct-bilateral-cell: tex 1571-1575, "Put c=e13(f_{-1,-2}), l=e21(p), y=e32(f_{-1,0}), z=1+E33 f_{-1,-2}, B=<L,W,c,y>". LANDED 5d90422ea; pending root wiring, re-grade to definition after wiring. [census merge 4c3d9dd02] [fk-nm14 d76183d14] carriers root-reachable at origin d76183d14 (pending-wiring wording superseded). Re-graded to definition as the note prescribes after wiring.
KEY:4f649a2dcbfa	formalized	GroupApproximation.BilateralThreeCell.Cell.c_commute_coreGroup GroupApproximation.BilateralThreeCell.Cell.W_conj_c GroupApproximation.BilateralThreeCell.Cell.delta_eq GroupApproximation.BilateralThreeCell.Cell.commutator_y_delta	rows/ct-bilateral-cell.tsv: ct-bilateral-cell: tex 1577-1582, "Then c in C_B(L) and WcW^-1=e13(f_{0,-2}), delta=[WcW^-1,l]=e23(-f_{0,-2}), [y,delta]=z^-1", with Mathlib's commutator g h g^-1 h^-1 (every printed sign holds). LANDED 5d90422ea; pending root wiring. [census merge 4c3d9dd02] [fk-nm14 d76183d14] carriers root-reachable at origin d76183d14 (pending-wiring wording superseded).
KEY:cd7908a482b5	formalized	GroupApproximation.ChainCore.ChainCoreClosures.printedBilateralThree_closed GroupApproximation.Manuscript.ChainCore.BilateralThree.bilateralThreeCellStatement GroupApproximation.Manuscript.ChainCore.BilateralThree.killed_of_finite_central_defect	rows/ct-bilateral-mf.tsv: ct-bilateral-mf: tex 1583, "Hence z in D_B(L)." proved inside killed_of_finite_central_defect from [y,[WcW^-1,l]] = z^-1 (printedDefect_generator_mem); the relations are the open piece BilateralThreeCellStatement. LANDED dfc4d5221 [census merge 4c3d9dd02] [fk-nm14 d76183d14] carriers root-reachable at origin d76183d14 (pending-wiring wording superseded). BilateralThreeCellStatement is closed by bilateralThreeCellStatement (Manuscript/ChainCore/BilateralThreeCellDischarge, #audit_closed_axioms), so the 'open cell piece' wording above is superseded; the proposition is closed as printedBilateralThree_closed (#audit_closed_axioms). The sentence-level printedBilateralThreeZInDefect_closed (foreign ChainCore/BilateralThreeZSentences) is not yet root-imported (WO-NM14-4).
KEY:15fba9954989	formalized	GroupApproximation.BilateralThreeCell.Cell.z_commute_coreGroup GroupApproximation.BilateralThreeCell.Cell.z_commute_W GroupApproximation.BilateralThreeCell.Cell.z_commute_c GroupApproximation.BilateralThreeCell.Cell.z_commute_y GroupApproximation.BilateralThreeCell.Cell.z_commute_B	rows/ct-bilateral-cell.tsv: ct-bilateral-cell: tex 1583-1585, "It commutes with L, since both its supports lie outside P; with W, since its two levels are fixed; and with c,y, by the matrix-unit products". LANDED 5d90422ea; pending root wiring. [census merge 4c3d9dd02] [fk-nm14 d76183d14] carriers root-reachable at origin d76183d14 (pending-wiring wording superseded).
KEY:e94a87793eb1	formalized	GroupApproximation.Manuscript.ChainCore.BilateralThree.bilateralThreeCellStatement GroupApproximation.Manuscript.ChainCore.BilateralThree.commute_of_mem_bilateralB GroupApproximation.Manuscript.ChainCore.BilateralThree.killed_of_finite_central_defect GroupApproximation.ClopenCrossedProduct.PrintedBilateralThreeZCentralOfOrderChar GroupApproximation.ClopenCrossedProduct.manuscriptSentence_bilateralThreeZCentralOfOrderChar GroupApproximation.ClopenCrossedProduct.bilateralCell_orderOf_z GroupApproximation.ClopenCrossedProduct.bilateralCell_z_ne_one GroupApproximation.ClopenCrossedProduct.bilateralCell_z_pow_eq_one_iff GroupApproximation.BilateralThreeCell.ZOrder.z_pow_eq_one_iff GroupApproximation.BilateralThreeCell.Cell.z_mem_B GroupApproximation.BilateralThreeCell.Cell.z_commute_B	rows/ct-bilateral-mf.tsv: ct-bilateral-mf: tex 1583-1587, "It commutes with L ... So <z> is a nontrivial finite central subgroup of B, of order char(k)." central and finite in B; nontriviality and the order char(k) are not needed by the kill and not carried; relations from the open cell piece. LANDED dfc4d5221 | rows/ms-inverses-4.tsv: tex 1585-1587 (So <z> is a nontrivial finite central subgroup of B, of order char(k)): closed endpoint for the cell of a compressed clopen P with nonempty P minus T(P) over a finite field k, any corner coefficient set S containing p (the printed S is one): z in B, z central in B, zpowers z nontrivial and finite, Nat.card = orderOf z = ringChar k; supersedes the partial row of ct-sentences (which named only z_commute_B, z_mem_B); LANDED 1982b6aa4 (probe 0913-174741-34426 GREEN); module queued for wiring [census merge 4c3d9dd02] [fk-nm14 d76183d14] carriers root-reachable at origin d76183d14 (pending-wiring wording superseded). BilateralThreeCellStatement is closed by bilateralThreeCellStatement (Manuscript/ChainCore/BilateralThreeCellDischarge, #audit_closed_axioms), so the 'open cell piece' wording above is superseded.
KEY:3550126258fb	formalized	GroupApproximation.ChainCore.ChainCoreClosures.printedBilateralThree_closed GroupApproximation.Manuscript.ChainCore.BilateralThree.bilateralThreeCellStatement GroupApproximation.Manuscript.ChainCore.BilateralThree.killed_of_finite_central_defect	rows/ct-bilateral-mf.tsv: ct-bilateral-mf: tex 1587-1588, "Theorem thm:compression-criterion kills z under every MF homomorphism from B, hence from GL_3(R_X)." via manuscriptOneSidedCompressionCriterion inside the countable B; over the open cell piece. LANDED dfc4d5221 [census merge 4c3d9dd02] [fk-nm14 d76183d14] carriers root-reachable at origin d76183d14 (pending-wiring wording superseded). BilateralThreeCellStatement is closed by bilateralThreeCellStatement (Manuscript/ChainCore/BilateralThreeCellDischarge, #audit_closed_axioms), so the 'open cell piece' wording above is superseded; the proposition is closed as printedBilateralThree_closed (#audit_closed_axioms). The sentence-level printedBilateralThreeCompressionKillsZ_closed (foreign ChainCore/BilateralThreeZSentences) is not yet root-imported (WO-NM14-4).
KEY:10fe7a237145	formalized	GroupApproximation.ChainCore.ChainCoreClosures.printedBilateralThree_closed GroupApproximation.Manuscript.ChainCore.BilateralThree.bilateralThreeCellStatement GroupApproximation.BilateralThreeCell.Cell.commutator_z_root GroupApproximation.BilateralThreeCell.Cell.commutator_roots_defect GroupApproximation.BilateralThreeCell.printedBilateralThreeCellIdentities GroupApproximation.Manuscript.ChainCore.BilateralThree.killed_of_commutators GroupApproximation.Manuscript.ChainCore.BilateralThree.root_killed_of_finite_central_defect	rows/ct-bilateral-cell.tsv: ct-bilateral-cell: tex 1589-1594, "The identities [z,e31(f_{-2,0})]=e31(f_{-1,0}), [e23(f_{0,-1}),e31(f_{-1,0})]=e21(d) then kill the defect root": both identities closed (closed endpoint printedBilateralThreeCellIdentities); the kill is ct-bilateral-mf's root_killed_of_finite_central_defect. LANDED 5d90422ea; pending root wiring. | rows/ct-bilateral-mf.tsv: ct-bilateral-mf: tex 1589-1594, "The identities [z,e31(f_{-2,0})] = e31(f_{-1,0}), [e23(f_{0,-1}),e31(f_{-1,0})] = e21(d) then kill the defect root." group step proved; the identities are the open cell piece. LANDED dfc4d5221 [census merge 4c3d9dd02] [fk-nm14 d76183d14] carriers root-reachable at origin d76183d14 (pending-wiring wording superseded). BilateralThreeCellStatement is closed by bilateralThreeCellStatement (Manuscript/ChainCore/BilateralThreeCellDischarge, #audit_closed_axioms), so the 'open cell piece' wording above is superseded; the whole proposition is closed as printedBilateralThree_closed (NonMFSentences/ChainCoreClosures, #audit_closed_axioms).
KEY:07ab0fbe6cfc	partial	GroupApproximation.Dynamics.exists_returnPlacement	rows/ct-involution.tsv: ct-involution: tex 1678-1680, the printed proof refines the matrix-block construction of lem:transient-matrices by K and C; Lean uses the piecewise placement over the wandering cover instead (construction-order note in ReturnPlacement). Different route. LANDED bc6aa7b90. [census merge 4c3d9dd02] [fk-nm14 d76183d14] work order WO-NM14-3 sent to main (printed block-refinement route of lem:involution-localization).
KEY:3468c60b2946	partial	GroupApproximation.Dynamics.card_returns_ge	rows/ct-involution.tsv: ct-involution: tex 1681-1682, the 2m distinct return times of each point are card_returns_ge; generated classes are not formed on this route (see 07ab0fbe6cfc). LANDED bc6aa7b90. [census merge 4c3d9dd02] [fk-nm14 d76183d14] work order WO-NM14-3 sent to main.
KEY:6baf73489057	partial	GroupApproximation.Dynamics.IsPlacement GroupApproximation.Dynamics.exists_returnPlacement	rows/ct-involution.tsv: ct-involution: tex 1685-1686, the matching is constant on the clopen cells A j h, a finite clopen partition of K, but not the representative cells of lem:transient-matrices (see 07ab0fbe6cfc). LANDED bc6aa7b90. [census merge 4c3d9dd02] [fk-nm14 d76183d14] work order WO-NM14-3 sent to main.
KEY:60708f733247	formalized	GroupApproximation.ChainCore.DynamicRankBudget.returnEmbeddingStatement_holds GroupApproximation.ChainCore.returnRingCrossedProductStatement_holds GroupApproximation.ChainCore.ReturnTowerUnits.matrixEmbedding GroupApproximation.ChainCore.ReturnTowerUnits.matrixEmbedding_injective GroupApproximation.ChainCore.ReturnTowerUnits.returnEmbeddingClauses GroupApproximation.ChainCore.ReturnTowerUnits.toMatrix GroupApproximation.ChainCore.ReturnTowerUnits.cornerEquiv GroupApproximation.ChainCore.returnTowerUnits	rows/ct-bilateral-mf.tsv: ct-bilateral-mf: tex 1732-1733, "Thus R_X is a unital corner of M_{2r-1}(P_C), via x -> (b_i x a_j)_{ij}": the injective non-unital map into M_{2r-1}(A) transported along an identification theta : A = P_C; the identification P_C = LC(C,k) x_{S_C} Z is ReturnRingCrossedProductStatement (ct-return-tower). LANDED 552e18164 | rows/ct-return-tower.tsv: "Thus R_X is a unital corner of M_{2r-1}(P_C), via x ↦ (b_i x a_j)_{ij}": cornerEquiv : R ≃+* E M_N(P_C) E, E = toMatrix 1, for any ReturnTowerUnits system; applied to returnTowerUnits k hC hr. LANDED 28cd138ca, 7b0a3343c. [census merge 4c3d9dd02] [fk-nm14 d76183d14] the identification theta (ReturnRingCrossedProductStatement) is closed: returnRingCrossedProductStatement_holds (Dynamics/ReturnRingCrossedProduct, #audit_closed_axioms), assembled in returnEmbeddingStatement_holds (NonMFSentences/DynamicRankBudgetAssembly, #audit_closed_axioms); both root-reachable.
KEY:9e22ceae062f	formalized	GroupApproximation.ChainCore.DynamicRankBudget.returnEmbeddingStatement_holds GroupApproximation.ChainCore.returnRingCrossedProductStatement_holds GroupApproximation.ChainCore.ReturnTowerUnits.blockTransport GroupApproximation.ChainCore.ReturnTowerUnits.glEmbedding GroupApproximation.ChainCore.ReturnTowerUnits.glEmbedding_injective GroupApproximation.ChainCore.ReturnTowerUnits.unitEmbedding GroupApproximation.ChainCore.ReturnTowerUnits.unitEmbedding_injective GroupApproximation.ChainCore.ReturnTowerUnits.unitizeGL GroupApproximation.ChainCore.ReturnTowerUnits.unitizeGL_injective GroupApproximation.ChainCore.ReturnTowerUnits.flatUnitizeGL GroupApproximation.ChainCore.ReturnTowerUnits.flatUnitizeGL_injective	rows/ct-bilateral-mf.tsv: ct-bilateral-mf: tex 1739, "Unitization embeds GL_{nr}(P_C) into GL_n(R_X)." GL_{n r}(A) -> GL_n(R) and GL_r(A) -> R^x (n = 1) injective, over the identification theta. LANDED 552e18164 | rows/ct-return-tower.tsv: "Unitization embeds GL_{nr}(P_C) into GL_n(R_X)": g ↦ (1 - Φ(1)) I_n + Φ_n(g) after block flattening GL_{n×r}(P_C) ≅ GL_n(M_r(P_C)). LANDED 28cd138ca. [census merge 4c3d9dd02] [fk-nm14 d76183d14] the identification theta is closed (returnRingCrossedProductStatement_holds, returnEmbeddingStatement_holds, #audit_closed_axioms, root-reachable).
KEY:f1769ba5e51c	formalized	GroupApproximation.ChainCore.DynamicRankBudget.returnEmbeddingStatement_holds GroupApproximation.ChainCore.returnRingCrossedProductStatement_holds GroupApproximation.ChainCore.ReturnTowerUnits.glEmbedding_mem_elementaryGroup GroupApproximation.ChainCore.ReturnTowerUnits.elEmbedding GroupApproximation.ChainCore.ReturnTowerUnits.elEmbedding_injective GroupApproximation.ChainCore.ReturnTowerUnits.unitizeGL_elementaryUnit GroupApproximation.ChainCore.ReturnTowerUnits.map_elementaryGroup_le GroupApproximation.ChainCore.ReturnTowerUnits.map_flat_elementaryGroup_le	rows/ct-bilateral-mf.tsv: ct-bilateral-mf: tex 1740-1741, "For n>=2, block elementary flattening puts the image of EL_{nr}(P_C) inside EL_n(R_X)." injective EL_{n r}(A) -> EL_n(R), over the identification theta. LANDED 552e18164 | rows/ct-return-tower.tsv: "For n ≥ 2, block elementary flattening puts the image of EL_{nr}(P_C) inside EL_n(R_X)": for nontrivial n, via elementaryBlockGroup_map. LANDED 28cd138ca. [census merge 4c3d9dd02] [fk-nm14 d76183d14] the identification theta is closed (returnRingCrossedProductStatement_holds, returnEmbeddingStatement_holds, #audit_closed_axioms, root-reachable).
KEY:7da9f1c6076f	formalized	GroupApproximation.ChainCore.DynamicRankBudget.PrintedInducedCoreCorner GroupApproximation.ChainCore.DynamicRankBudget.printedInducedCoreCorner_closed GroupApproximation.ChainCore.DynamicRankBudget.mem_chainRecurrentSet_firstReturn_of_pieces GroupApproximation.Pestov91.IsLEFRing.corner GroupApproximation.ChainCore.returnRingHom_injective	rows/ct-rank-budget.tsv: ct-rank-budget: tex 1743-1745 "Indeed its return ring is a corner of the LEF ring R_Y, so it lies in the induced chain-recurrent core."; closed endpoint printedInducedCoreCorner_closed : PrintedInducedCoreCorner (every return section, every finite field): the return ring of C cap Y for T|_Y is isomorphic to the corner P_{C cap Y} of R_Y (returnRingEquiv), R_Y and the return ring are LEF (IsLEFRing.corner, returnRingHom_injective), and C cap CR(T) lies in CR(S_C) along the printed route (ms-core-1 c56f96a99); inputs closed: coreRingReflectionStatement_holds (ChainCoreClosures b09de1dcf), coreModelsLEFStatement (ms-core-2 b7e521e57). #audit_closed_axioms; LANDED 6387112a8 (Manuscript/NonMFSentences/DynamicRankBudgetInducedCoreSentences), queued for wiring. [census merge 4c3d9dd02] [fk-nm14 d76183d14] downgrade dropped: carrier root-reachable (inside the GroupApproximation.lean import closure).
KEY:8f8f0c7b59fa	formalized	GroupApproximation.ChainCore.DynamicRankBudget.PrintedCoreSaturationLEF GroupApproximation.ChainCore.DynamicRankBudget.printedCoreSaturationLEF_closed GroupApproximation.ChainCore.DynamicRankBudget.exists_corner_matrix_returnSaturation GroupApproximation.ChainCore.returnSaturation GroupApproximation.ChainCore.isClosed_returnSaturation GroupApproximation.ChainCore.ReturnTowerUnits.cornerEquiv	rows/ct-rank-budget.tsv: ct-rank-budget: tex 1745-1747 "Conversely, saturating that core through the finite towers gives a closed invariant subsystem whose ring is a corner of a matrix ring over an LEF ring, hence LEF."; closed endpoint printedCoreSaturationLEF_closed : PrintedCoreSaturationLEF (every return section, every finite field): the saturation Y' of CR(S_C) is closed and invariant (isClosed_returnSaturation, image_returnSaturation), R_{Y'} is isomorphic to a corner E M_{2r-1}(P) E with P LEF (exists_corner_matrix_returnSaturation, via comap_injective, returnRingEquiv, ReturnTowerUnits.cornerEquiv), and R_{Y'} is LEF; inputs closed: coreRingReflectionStatement_holds (ChainCoreClosures b09de1dcf), coreModelsLEFStatement (ms-core-2 b7e521e57). #audit_closed_axioms; LANDED 6387112a8 (Manuscript/NonMFSentences/DynamicRankBudgetInducedCoreSentences), queued for wiring. [census merge 4c3d9dd02] [fk-nm14 d76183d14] downgrade dropped: carrier root-reachable (inside the GroupApproximation.lean import closure).
KEY:d5dcf496d149	formalized	GroupApproximation.ChainCore.DynamicRankBudget.PrintedCoreSaturationRecurrent GroupApproximation.ChainCore.DynamicRankBudget.printedCoreSaturationRecurrent_closed GroupApproximation.ChainCore.ChainCoreClosures.coreRingReflectionStatement_holds GroupApproximation.ChainCore.DynamicRankBudget.coe_mem_chainRecurrentSet_of_firstReturn_of_pieces	rows/ct-rank-budget.tsv: ct-rank-budget: tex 1747-1749 "Theorem core-ring-reflection applied to this subsystem makes every one of its points chain recurrent in X, proving the reverse inclusion."; closed endpoint printedCoreSaturationRecurrent_closed : PrintedCoreSaturationRecurrent: thm:core-ring-reflection (coreRingReflectionStatement_holds) for (Y', T|_{Y'}) puts the saturation inside CR(T), and CR(S_C) inside C cap CR(T); inputs closed: coreRingReflectionStatement_holds (ChainCoreClosures b09de1dcf), coreModelsLEFStatement (ms-core-2 b7e521e57). #audit_closed_axioms; LANDED 6387112a8 (Manuscript/NonMFSentences/DynamicRankBudgetInducedCoreSentences), queued for wiring. [census merge 4c3d9dd02] [fk-nm14 d76183d14] downgrade dropped: carrier root-reachable (inside the GroupApproximation.lean import closure).
KEY:e7f732e9cb78	formalized	GroupApproximation.ChainCore.DynamicRankBudget.PrintedReturnTransientIdeal GroupApproximation.ChainCore.DynamicRankBudget.printedReturnTransientIdeal_closed GroupApproximation.ChainCore.returnRingEquiv GroupApproximation.ChainCore.coeff_one_coe_returnRingHom GroupApproximation.ChainCore.DynamicRankBudget.returnTransientIdealStatement_holds	rows/ct-rank-budget.tsv: ct-rank-budget: tex 1749-1750 "The return transient ideal is therefore J=p_C I p_C."; closed endpoint printedReturnTransientIdeal_closed : PrintedReturnTransientIdeal (every return section, every finite field): under returnRingEquiv R_{S_C} = P_C, c lies in the return transient ideal iff its image lies in p_C I p_C (both directions: zeroth-coefficient readout coeff_one_coe_returnRingHom with right shifts; Laurent decomposition with C cap Y inside CR(S_C)); inputs closed: coreRingReflectionStatement_holds (ChainCoreClosures b09de1dcf), coreModelsLEFStatement (ms-core-2 b7e521e57). #audit_closed_axioms; LANDED 6387112a8 (Manuscript/NonMFSentences/DynamicRankBudgetInducedCoreSentences), queued for wiring. [census merge 4c3d9dd02] [fk-nm14 d76183d14] downgrade dropped: carrier root-reachable (inside the GroupApproximation.lean import closure).
KEY:721da4c14d11	partial	GroupApproximation.Manuscript.NonMF.TorsionFreeGreendlingerLeaf.printedTheoremApplySaturation_of_greendlinger GroupApproximation.Manuscript.NonMF.TorsionFreeGreendlingerSentences.manuscriptSentence_theoremApplySaturationNoOmega_of_greendlinger GroupApproximation.Manuscript.NonMF.TorsionFreeSectionSentencesLeastArea.manuscriptSentence_theoremApplySaturationNoOmega_of_leastAreaLeaves GroupApproximation.Manuscript.NonMF.TorsionFreeSectionSentencesFourLeaves.PrintedTheoremApplySaturation GroupApproximation.Manuscript.NonMF.TorsionFreeSectionSentencesFourLeaves.printedTheoremApplySaturation_of_fourLeaves	rows/ct-rank-two-limit.tsv: ct-rank-two-limit: applying lem:saturation to G_0 and N in the proof of thm:torsion-free; carriers state the printed endpoint over the open waist GGT.VanKampen.RelativeGreendlingerQuasiGeodesicLeastAreaStatement.{0,0,0} alone (hgreendlinger), with the embedded bridge, Kotowski-Ollivier, the Hyde-Lodha group, DGO 2.35 and Gerasimova-Osin 1.1 applied closed. The residual-form carriers of this lane (TorsionFreeResidualsV2Copy b05937611, TorsionFreeResidualsV4 4091f7433, TorsionFreeResidualsV4Euler 236898aed) all bind CellPocketPinchPosStatement.{0,0,0}, which is refuted by GGT.VanKampen.OsinPocketCellPinchRose.cellPocketPinchRoseRefutation (e0a0776bb, #audit_closed_axioms; a four-petal rose on one-letter relators at eps = 1), so they are vacuous and are not cited. The waist form over live binders is relativeGreendlingerQuasiGeodesicLeastArea_of_residualsV4CopySection (binder 5 whole). Stays partial. | rows/fff-periodic.tsv: In the proof of thm:torsion-free, lem:saturation applied to G0 and N (lines 1698-1701), TorsionFreeSectionSentencesFourLeaves.PrintedTheoremApplySaturation, over hgreendlinger (GGT.VanKampen.RelativeGreendlingerQuasiGeodesicLeastAreaStatement) alone: printedTheoremApplySaturation_of_fourLeaves applied to HullSC.relativeIsoperimetricBridgeQuasiGeodesicEmbedded_closed (18682110d). retires open-predicate and buried-conditional GroupApproximation.Manuscript.NonMF.TorsionFreeSectionSentencesFourLeaves.printedTheoremApplySaturation_of_fourLeaves (superseded by printedTheoremApplySaturation_of_greendlinger). LANDED 1edf0f7b4, PROBE GREEN 0913-063820-983 | rows/hull-bridge.tsv: proof of thm:torsion-free, lem:saturation applied to G0 and N. LANDED 2aa98f8cc (probe 0913-071409-41646 green, BUILT, #audit_axioms): the _of_leastAreaLeaves form applied to relativeIsoperimetricBridgeQuasiGeodesicEmbedded_closed, so the only binder is GGT.VanKampen.RelativeGreendlingerQuasiGeodesicLeastAreaStatement.{0,0,0} (W1); the new decls carry open-predicate and buried-conditional on hgreendlinger only. Retires open-predicate and buried-conditional GroupApproximation.Manuscript.NonMF.TorsionFreeSectionSentencesLeastArea.manuscriptSentence_theoremApplySaturationNoOmega_of_leastAreaLeaves when the census row names swap. | rows/sec5-sentences.tsv: lem:saturation applied to G0 and N as printed (no finite set), over the named Hull leaves. LANDED 8688f1f89 | lem:saturation applied to G0 and N (no finite set), over the two least-area leaves. LANDED 4b56e4c0c (compiled, probe 7) [census override: dropped GroupApproximation.Manuscript.NonMF.TorsionFreeSectionSentences.manuscriptSentence_theoremApplySaturationNoOmega_of_leaves (lead ruling 09-13: historical quasi-geodesic leaves, superseded by sec5-sentences row 30 printedTheoremApplySaturation_of_fourLeaves)] | rows/sec5-sentences.tsv: lem:saturation applied to G0 (f.p., torsion-free, limit-set AH, PrintedFournierFacioData) and N = normal closure of S = tJt^-1; hard direction of Osin 1.1 is the closed isAcylindricallyHyperbolicOsin_of_limitSet; open inputs exactly the walls hgreendlinger (RelativeGreendlingerQuasiGeodesicLeastAreaStatement) + hbridge (RelativeIsoperimetricBridgeQuasiGeodesicEmbeddedStatement); flips closed when both land. LANDED 9f819ad8c, probe 0913-014453-61804 GREEN [census merge 4c3d9dd02] [fk-nm14 d76183d14] in progress (not a gap): the torsion-free section's closed endpoints wait on the Greendlinger least-area leaf (GGT/VanKampen/GreendlingerLeaf, relativeGreendlingerQuasiGeodesicLeastArea, not root-wired); orchestrator lanes GL01-GL06 (with GL03A ClassPocketRotationTurn, GL03B InnerPocketEnclosedTwoArc) discharge the leaf residuals and GL07 lands the binder-free TorsionFreeClosed endpoints; re-grade on landing.
KEY:80279f06992b	partial	GroupApproximation.Manuscript.NonMFSentences.IntroExamplesTorsion.manuscriptIntroExamplesTorsion GroupApproximation.IdempotentSwap.exists_isOfFinOrder_ne_one_of_orthogonalIsometries GroupApproximation.IdempotentSwap.exists_isOfFinOrder_ne_one_of_isometry	rows/audit-nm-1.tsv: audit-nm-1: the EL_n clause needs (p:R)=0 with 0<p, but the examples above include EL₄(𝒞) with 𝒞=ℤ⟨s,t⟩/(tᵢsⱼ−δᵢⱼ) and every countable full-defect ring in every characteristic (tex 215–223); fix: w=e₁₂(1)e₂₁(−1)e₁₂(1), w⁴=1≠w. LANDED a0c769367 (audit-nm-1 ledger, notes/nm-swarm/reports/audit-nm-1.md) | rows/ms-intro-3.tsv: ms-intro-3: tex 292-293 "Every example above has torsion, and in the lamp construction the obstruction is itself a torsion element." Closed PrintedIntroExamplesTorsion: nontrivial finite-order elements in L_F2(1,2)^x, in GL_n(R) (n>=1) for every purely infinite simple R, in L_k(1,d)^x, in EL_n(R) (n>=2) over every nontrivial ring with p*1=0 (the R_X examples), and in W; and the Clifford sign of every lamp witness is a nontrivial central involution killed by every hom to an operator-MF group. Mechanism: swap involution of orthogonal equivalent idempotents (IdempotentSwapInvolution) and elementary matrices. Was structural. LANDED 68559b320 (probe 0913-174325-21575 GREEN). [census merge 4c3d9dd02] [fk-nm14 d76183d14] in progress (not a gap): the audit-nm-1 fix exists as the closed printedIntroExamplesTorsionAllCharacteristics (Weyl element w = e12(1)e21(-1)e12(1), w^4 = 1 != w, torsion in EL_n(R), n >= 2, over every nonzero ring; #audit_closed_axioms) in the foreign module Manuscript/NonMFSentences/IntroExamplesTorsionAllCharacteristics, which is not root-imported; work order WO-NM14-4 sent to main to root-wire it; re-grade to formalized on wiring.
KEY:d4c878a7ac22	formalized	GroupApproximation.Full.NM08.manuscriptAmenableNonquasidiagonalTraceCountable GroupApproximation.Full.NM08.PrintedAmenableNonquasidiagonalTraceCountable GroupApproximation.AmenableTraceTheorem.manuscriptAmenableNonquasidiagonalTrace	rows/audit-nm-1.tsv: audit-nm-1: PrintedAmenableNonquasidiagonalTrace binds ∃ W … ¬IsOperatorMF W without Countable W; MF is printed only for countable groups (tex 87), and ¬IsOperatorMF holds for every group of cardinality > 𝔠 (IsOperatorMF, Sofic/OperatorMF.lean:89); formalized once a printed endpoint adds Countable W. LANDED a0c769367 (audit-nm-1 ledger, notes/nm-swarm/reports/audit-nm-1.md) [census merge 4c3d9dd02] [fk-nm14 d76183d14] audit-nm-1 resolved by lane NM08 (a386302a0, Manuscript/NonMF/Full/AmenableCountable/TraceCountable, root-imported): closed manuscriptAmenableNonquasidiagonalTraceCountable (#audit_closed_axioms) binds Countable W and Countable W_0 with W = W_0 x| Z, W_0 locally residually finite, W sofic and not MF.
KEY:dce7a9ff4e83	partial	GroupApproximation.Manuscript.NonMF.TorsionFreeGreendlingerLeaf.printedRegularNonMFAlgebra_of_greendlinger GroupApproximation.Manuscript.NonMF.TorsionFreeGreendlingerLeaf.printedRegularNonMFAlgebraLimitSet_of_greendlinger GroupApproximation.Manuscript.NonMF.TorsionFreeGreendlingerLeaf.printedRegularNonMFAlgebraOsin_of_greendlinger GroupApproximation.Manuscript.NonMF.TorsionFreeLeastAreaAssembly.manuscriptRegularNonMFAlgebra_of_leastAreaLeaves GroupApproximation.Manuscript.NonMF.TorsionFreeOsinNotion.manuscriptRegularNonMFAlgebraOsin_of_leastAreaLeaves GroupApproximation.Manuscript.NonMF.TorsionFreeLiteratureInputsLeastArea.manuscriptRegularNonMFAlgebra_of_hullLeaves GroupApproximation.Manuscript.NonMF.TorsionFreeLiteratureInputsLeastArea.manuscriptRegularNonMFAlgebraOsin_of_hullLeaves GroupApproximation.Manuscript.NonMF.TorsionFreeSectionAssembly.manuscriptRegularNonMFAlgebra_of_hullLeaves_closedGO GroupApproximation.Manuscript.NonMF.TorsionFreeSectionAssembly.manuscriptRegularNonMFAlgebraOsin_of_hullLeaves_closedGO GroupApproximation.Manuscript.NonMF.TorsionFreeSectionAssembly.manuscriptRegularNonMFAlgebraLimitSet_of_hullLeaves_closedGO	rows/ct-rank-two-limit.tsv: ct-rank-two-limit: Introduction, the reduced C*-algebra sentence (tex 291), cor:regular-nonmf-algebra; carriers state the printed endpoint over the open waist GGT.VanKampen.RelativeGreendlingerQuasiGeodesicLeastAreaStatement.{0,0,0} alone (hgreendlinger), with the embedded bridge, Kotowski-Ollivier, the Hyde-Lodha group, DGO 2.35 and Gerasimova-Osin 1.1 applied closed. The residual-form carriers of this lane (TorsionFreeResidualsV2Copy b05937611, TorsionFreeResidualsV4 4091f7433, TorsionFreeResidualsV4Euler 236898aed) all bind CellPocketPinchPosStatement.{0,0,0}, which is refuted by GGT.VanKampen.OsinPocketCellPinchRose.cellPocketPinchRoseRefutation (e0a0776bb, #audit_closed_axioms; a four-petal rose on one-letter relators at eps = 1), so they are vacuous and are not cited. The waist form over live binders is relativeGreendlingerQuasiGeodesicLeastArea_of_residualsV4CopySection (binder 5 whole). Stays partial. | rows/fff-periodic.tsv: cor:regular-nonmf-algebra (line 1718) along the printed proof, at Osin's notion and at the limit-set notion, over hgreendlinger (GGT.VanKampen.RelativeGreendlingerQuasiGeodesicLeastAreaStatement) alone: the _of_fourLeaves forms applied to HullSC.relativeIsoperimetricBridgeQuasiGeodesicEmbedded_closed (18682110d), KMSGroup.KotowskiOllivierClosed.kotowskiOllivier_closed (f65f99f17) and HydeLodha.finitelyPresentedInfiniteSimple_closed. retires open-predicate and buried-conditional GroupApproximation.Manuscript.NonMF.TorsionFreeFourLeaves.printedRegularNonMFAlgebra_of_fourLeaves, GroupApproximation.Manuscript.NonMF.TorsionFreeFourLeaves.printedRegularNonMFAlgebraOsin_of_fourLeaves and GroupApproximation.Manuscript.NonMF.TorsionFreeFourLeaves.printedRegularNonMFAlgebraLimitSet_of_fourLeaves (each superseded by its _of_greendlinger form). LANDED 1edf0f7b4, PROBE GREEN 0913-063820-983 | rows/nm-endpoints.tsv: "Its reduced C*-algebra is simple, has a unique tracial state and stable rank one, and is not MF": cor:regular-nonmf-algebra at the three notions over hgreendlinger alone, with GO 1.1 and DGO 2.35 closed. Residual = GGT.VanKampen.RelativeGreendlingerQuasiGeodesicLeastAreaStatement.{0, 0, 0}. W1 waist (lead ruling ~14:45; post-(A) list from ghw-assembly and the lead's ~14:50 rulings; theoremc-retire's T 48c6cc71e): GGT.VanKampen.relativeGreendlingerQuasiGeodesicLeastArea_of_openResiduals (Estimating/OsinGreendlingerOpenResiduals, ghw-assembly 5f031e3a6; probe 0913-145357-69970 green, and T's probe 0913-145812-91168 rebuilt the same bytes green; #audit_axioms, wire-queued, not root-imported) proves it over eight Props and nothing else. Inside it the polygon realization, Case 2, the loop cut osinLoopCutSection (f04929ebb) and the cell and outer pocket transports are applied under #audit_closed_axioms, and the Case 1 walk and C4 are binder-free under #audit_axioms. The binders, with owners: (1) OsinLemma94PolygonSideBudgetInput (hull-count94; over-strong as stated per its docstring, superseded by OsinLemma94ClassCountInput after ghw-charp2's class-word respell); (2) OsinLemma94UnboundSameCellStatement (site 5, fff-periodic, whose (T) count and (C) binder OsinLemma94SameCellPocketInput replace it in the Covers co-probe with hull-count94, after theoremc-retire's site-5 follow-on co-probe gives the count and covers inputs the Lemma 9.7 hypothesis; systolic-counts audits it); (3) OsinLemma94CaseOneSameCellStatement (jacobson, composing ko-closed's metric kill for the pocket with no relator cell with fff-periodic's shared kill for the pocket with one; hull-unbound the pinched window; since T it also assumes clause (b) of Lemma 9.7 below the relator-cell count of Delta, so a producer may refute a loop cut by the inductive assumption); (4) OsinTwoGonHoldsSectionStatement, C6′ (debt-conditional; baseline-debt, hs-vanishes, sec2-sentences); (5) OsinMultipleEdgePocketRegionSectionStatement (kh-ejz; dgo-analytic offer); (6) OsinSectionPocketFaceSetSectionStatement (kh-ejz; cite-hull, hl-lemma46, sec2-sentences, hull-select, hull-euler); (7) PocketPinchLabelledStatement (hull-respell; kh-cckw, go-lemma42, ghw-assembly); (8) GeodesicCollarStatement (kh-torsion; hull-bridge, simple-group). So the residual, at .{0, 0, 0}, is these eight Props, and none has a closed producer on main. No carrier applies the waist yet; each still takes hgreendlinger whole. Closed premises, applied inside each carrier: the bridge premise HullSC.RelativeIsoperimetricBridgeQuasiGeodesicEmbeddedStatement.{0, 0, 0} by HullSC.relativeIsoperimetricBridgeQuasiGeodesicEmbedded_closed (18682110d, #audit_closed_axioms, root-imported); TheoremC.KotowskiOllivierStatement by KMSGroup.KotowskiOllivierClosed.kotowskiOllivier_closed (f65f99f17, #audit_closed_axioms, root-imported; its pinched fold leaf is Systolic.mirrorFoldPinched); TorsionFreePrinted.FinitelyPresentedInfiniteSimpleStatement by HydeLodha.finitelyPresentedInfiniteSimple_closed (47b31bef8, #audit_closed_axioms, root-imported). Each carrier applies its TorsionFreeFourLeaves form (12e1d1af8, probe 0913-013032-80446, root-imported) to these producers; fff-periodic's row on this hash records the four-leaf forms it supersedes. Retires nothing. LANDED 1edf0f7b4 (fff-periodic's TorsionFreeGreendlingerLeaf; probe 0913-063820-983 green; #audit_axioms on every carrier; root-imported at 559636b4a, GroupApproximation.lean:4974). Re-graded at origin 572b501d7: still partial. | rows/sec5-sentences.tsv: intro sentence: reduced C*-algebra simple, unique tracial state, stable rank one, not MF; over FournierFacioParagraph, the two Hull leaves, SimpleUniqueTraceAtHypEmbedded (DGO 2.35) and GerasimovaOsinTheorem11Printed. LANDED 2187b804e | intro sentence on the reduced C*-algebra, over the inputs of LINE:284 plus SimpleUniqueTraceAtHypEmbedded and GerasimovaOsinTheorem11Printed. LANDED 0939b7d4f (compiled, probe 0911-213259-84497) | with DGO 2.35 and Gerasimova-Osin 1.1 both proved, the intro sentence rests only on the inputs of thm:torsion-free: the least-area Greendlinger waist, the embedded bridge, Kotowski-Ollivier, a finitely presented infinite simple torsion-free group. LANDED b0962ca49 (compiled, probe 0911-220825-54190) [census merge 4c3d9dd02] [fk-nm14 d76183d14] in progress (not a gap): the torsion-free section's closed endpoints wait on the Greendlinger least-area leaf (GGT/VanKampen/GreendlingerLeaf, relativeGreendlingerQuasiGeodesicLeastArea, not root-wired); orchestrator lanes GL01-GL06 (with GL03A ClassPocketRotationTurn, GL03B InnerPocketEnclosedTwoArc) discharge the leaf residuals and GL07 lands the binder-free TorsionFreeClosed endpoints; re-grade on landing.
KEY:2d1cd22e5f49	partial	GroupApproximation.Manuscript.NonMF.HullTheorem312Lemma58.PrintedHullLemma58 GroupApproximation.Manuscript.NonMF.HullTheorem312Lemma58.printedHullLemma58 GroupApproximation.Manuscript.NonMF.HullTheorem312Lemma58.normalizesNoNontrivialFinite_of_isHyperbolicallyEmbedded GroupApproximation.Manuscript.NonMF.HullCitationSentences.PrintedHullCorollary57 GroupApproximation.Manuscript.NonMF.HullCitationSentences.printedHullCorollary57 GroupApproximation.Manuscript.NonMF.HullCitationSentences.PrintedSaturationHullPair GroupApproximation.Manuscript.NonMF.HullCitationSentences.printedSaturationHullPair GroupApproximation.Manuscript.NonMF.TorsionFreeGreendlingerLeaf.printedSaturationPairAndHullAgain_of_greendlinger GroupApproximation.Manuscript.NonMF.TorsionFreeGreendlingerSentences.manuscriptSentence_saturationPairAndHullAgain_of_greendlinger GroupApproximation.Manuscript.NonMF.TorsionFreeSectionSentencesLeastArea.manuscriptSentence_saturationPairAndHullAgain_of_leastAreaLeaves GroupApproximation.Manuscript.NonMF.TorsionFreeSectionSentencesFourLeaves.PrintedSaturationPairAndHullAgain GroupApproximation.Manuscript.NonMF.TorsionFreeSectionSentencesFourLeaves.printedSaturationPairAndHullAgain_of_fourLeaves	rows/cite-hull.tsv: "By Hull [Corollary 5.7 and Lemma 5.8], N contains two elements h1,h2 such that N0=<h1,h2> is suitable with respect to a generating set A' containing A to which Hull's small cancellation theorem again applies" (row 2d1cd22e5f49): both cited results are now closed as printed. Closed endpoint printedHullLemma58 (#audit_closed_axioms): for every group G, subgroup S and infinite-order h in S with <h> < S and <h> hyperbolically embedded in (G,X), S is suitable with respect to a Hull generating set A containing X; the proof follows Hull (adjoin g in S minus <h>, Osin 5.4, DGO 6.12 loxodromic g*k, elementary closure, finite normalizer via DGO 4.33(b)). printedHullCorollary57 as before; the sentence endpoint printedSaturationHullPair (torsion-free G, A'=A) is unchanged. LANDED e182ac440 (probe 0913-015651-30488 GREEN, bytes = origin/main) | rows/ct-rank-two-limit.tsv: ct-rank-two-limit: Hull 5.7 and 5.8 pair and "Hull's theorem again applies"; carriers state the printed endpoint over the open waist GGT.VanKampen.RelativeGreendlingerQuasiGeodesicLeastAreaStatement.{0,0,0} alone (hgreendlinger), with the embedded bridge, Kotowski-Ollivier, the Hyde-Lodha group, DGO 2.35 and Gerasimova-Osin 1.1 applied closed. The residual-form carriers of this lane (TorsionFreeResidualsV2Copy b05937611, TorsionFreeResidualsV4 4091f7433, TorsionFreeResidualsV4Euler 236898aed) all bind CellPocketPinchPosStatement.{0,0,0}, which is refuted by GGT.VanKampen.OsinPocketCellPinchRose.cellPocketPinchRoseRefutation (e0a0776bb, #audit_closed_axioms; a four-petal rose on one-letter relators at eps = 1), so they are vacuous and are not cited. The waist form over live binders is relativeGreendlingerQuasiGeodesicLeastArea_of_residualsV4CopySection (binder 5 whole). Stays partial. | rows/fff-periodic.tsv: In the proof of lem:saturation, the pair h1, h2 and thm:hull again (lines 1662-1665), TorsionFreeSectionSentencesFourLeaves.PrintedSaturationPairAndHullAgain, over hgreendlinger (GGT.VanKampen.RelativeGreendlingerQuasiGeodesicLeastAreaStatement) alone: printedSaturationPairAndHullAgain_of_fourLeaves applied to HullSC.relativeIsoperimetricBridgeQuasiGeodesicEmbedded_closed (18682110d). retires open-predicate and buried-conditional GroupApproximation.Manuscript.NonMF.TorsionFreeSectionSentencesFourLeaves.printedSaturationPairAndHullAgain_of_fourLeaves (superseded by printedSaturationPairAndHullAgain_of_greendlinger). LANDED 1edf0f7b4, PROBE GREEN 0913-063820-983 | rows/hull-bridge.tsv: proof of lem:saturation, the pair h1,h2 and Hull again. LANDED 2aa98f8cc (probe 0913-071409-41646 green, BUILT, #audit_axioms): the _of_leastAreaLeaves form applied to relativeIsoperimetricBridgeQuasiGeodesicEmbedded_closed, so the only binder is GGT.VanKampen.RelativeGreendlingerQuasiGeodesicLeastAreaStatement.{0,0,0} (W1); the new decls carry open-predicate and buried-conditional on hgreendlinger only. Retires open-predicate and buried-conditional GroupApproximation.Manuscript.NonMF.TorsionFreeSectionSentencesLeastArea.manuscriptSentence_saturationPairAndHullAgain_of_leastAreaLeaves when the census row names swap. | rows/sec5-sentences.tsv: pair h1,h2 with N0 suitable (closed, A' = A over torsion-free G); 'to which Hull's small cancellation theorem again applies' over the named Hull leaves (historical Greendlinger waist, control-form Lemma 5.1 bridge). LANDED 8688f1f89 | pair h1,h2 closed with A' = A; thm:hull again applicable over the least-area Greendlinger waist and the embedded bridge. LANDED 4b56e4c0c (compiled, probe 7) [census override: dropped GroupApproximation.Manuscript.NonMF.TorsionFreeSectionSentences.manuscriptSentence_saturationPairAndHullAgain_of_leaves (lead ruling 09-13: historical quasi-geodesic leaves, superseded by sec5-sentences row 28 printedSaturationPairAndHullAgain_of_fourLeaves)] | rows/sec5-sentences.tsv: h1,h2 in N with N0=<h1,h2> suitable wrt A' containing A (closed, A' = A over torsion-free G), and thm:hull again applies at (A', N0) for every g, at the limit-set notion; open inputs exactly the walls hgreendlinger (RelativeGreendlingerQuasiGeodesicLeastAreaStatement) + hbridge (RelativeIsoperimetricBridgeQuasiGeodesicEmbeddedStatement); flips closed when both land. LANDED 9f819ad8c, probe 0913-014453-61804 GREEN [census merge 4c3d9dd02] [fk-nm14 d76183d14] in progress (not a gap): the torsion-free section's closed endpoints wait on the Greendlinger least-area leaf (GGT/VanKampen/GreendlingerLeaf, relativeGreendlingerQuasiGeodesicLeastArea, not root-wired); orchestrator lanes GL01-GL06 (with GL03A ClassPocketRotationTurn, GL03B InnerPocketEnclosedTwoArc) discharge the leaf residuals and GL07 lands the binder-free TorsionFreeClosed endpoints; re-grade on landing.
KEY:2ff745dd7064	formalized	GroupApproximation.Full.NM10.printedElementaryGroupNotMFRankTwo GroupApproximation.Full.NM10.PrintedElementaryGroupNotMFRankTwo GroupApproximation.Full.NM10.manuscriptSentence_elementaryGroupCountableNontrivialNotMF GroupApproximation.Full.NM10.printedOneSidedRingMaximalGroupClausesRankTwo GroupApproximation.Manuscript.OneSidedMFRadical.FullDefectRingEJZUnconditional.manuscriptElementaryGroupNotMFAllCharacteristics GroupApproximation.Manuscript.OneSidedMFRadical.FullDefectRing.PrintedElementaryGroupNotMF	rows/audit-nm-1.tsv: audit-nm-1: PrintedElementaryGroupNotMF quantifies 4≤n and displays no nontriviality; printed at the corollary's n≥2 with "countable and nontrivial"; no rank-two not-MF endpoint on origin. LANDED a0c769367 (audit-nm-1 ledger, notes/nm-swarm/reports/audit-nm-1.md) | rows/audit-sec3.tsv: audit-sec3: tex 1060; the row named only the Prop; adds the closed theorem whose type it is; gate Audit.Sec3. [census merge 4c3d9dd02] [fk-nm14 d76183d14] audit-nm-1 resolved by lane NM10 (19dfdb6f1, Manuscript/NonMF/Full/RankTwoElementary/PrintedSentence, root-imported): at every n >= 2, EL_n(R) is countable, nontrivial and not MF for a countable nonzero R with ts = 1 and full 1 - st; closed printedElementaryGroupNotMFRankTwo (#audit_closed_axioms).
KEY:abb56744db26	partial	GroupApproximation.Manuscript.NonMF.TorsionFreeGreendlingerLeaf.printedTorsionFreeTheorem_of_greendlinger GroupApproximation.Manuscript.NonMF.TorsionFreePrinted.PrintedTorsionFreeTheorem	rows/ms-intro-3.tsv: ms-intro-3: tex 293 "The last group has none." It asserts that Q of thm:torsion-free is torsion-free, which is a clause of the printed theorem; its carriers are over hgreendlinger (W1 wall, other swarm). Regrade structural -> partial. The preceding sentence (80279f06992b) is carried by manuscriptIntroExamplesTorsion, LANDED 68559b320. | rows/sec5-sentences.tsv: transition before thm:torsion-free: the earlier examples have torsion and the lamp obstruction is a torsion element; 'the last group has none' is the IsPowerTorsionFree clause of the printed theorem (LINE:284). LANDED ee7ee24a2 [census merge 4c3d9dd02] [fk-nm14 d76183d14] in progress (not a gap): the torsion-free section's closed endpoints wait on the Greendlinger least-area leaf (GGT/VanKampen/GreendlingerLeaf, relativeGreendlingerQuasiGeodesicLeastArea, not root-wired); orchestrator lanes GL01-GL06 (with GL03A ClassPocketRotationTurn, GL03B InnerPocketEnclosedTwoArc) discharge the leaf residuals and GL07 lands the binder-free TorsionFreeClosed endpoints; re-grade on landing.
KEY:bcc99703f838	partial	GroupApproximation.Manuscript.NonMF.TorsionFreeGreendlingerLeaf.printedHullProofParagraph_of_greendlinger GroupApproximation.Manuscript.NonMF.TorsionFreeGreendlingerSentences.manuscriptSentence_hullOneTargetOneRelatorGeneral_of_greendlinger GroupApproximation.Manuscript.NonMF.TorsionFreeGreendlingerSentences.manuscriptSentence_hullInductionOnTargetsGeneral_of_greendlinger GroupApproximation.Manuscript.NonMF.TorsionFreeHullParagraphGeneral.manuscriptSentence_hullOneTargetOneRelatorGeneral_of_leastAreaLeaves GroupApproximation.Manuscript.NonMF.TorsionFreeHullParagraphGeneral.manuscriptSentence_hullInductionOnTargetsGeneral_of_leastAreaLeaves GroupApproximation.Manuscript.NonMF.TorsionFreeSectionSentencesFourLeaves.PrintedHullProofParagraph GroupApproximation.Manuscript.NonMF.TorsionFreeSectionSentencesFourLeaves.printedHullProofParagraph_of_fourLeaves	rows/ct-rank-two-limit.tsv: ct-rank-two-limit: the paragraph after thm:hull (tex 1644-1648); carriers state the printed endpoint over the open waist GGT.VanKampen.RelativeGreendlingerQuasiGeodesicLeastAreaStatement.{0,0,0} alone (hgreendlinger), with the embedded bridge, Kotowski-Ollivier, the Hyde-Lodha group, DGO 2.35 and Gerasimova-Osin 1.1 applied closed. The residual-form carriers of this lane (TorsionFreeResidualsV2Copy b05937611, TorsionFreeResidualsV4 4091f7433, TorsionFreeResidualsV4Euler 236898aed) all bind CellPocketPinchPosStatement.{0,0,0}, which is refuted by GGT.VanKampen.OsinPocketCellPinchRose.cellPocketPinchRoseRefutation (e0a0776bb, #audit_closed_axioms; a four-petal rose on one-letter relators at eps = 1), so they are vacuous and are not cited. The waist form over live binders is relativeGreendlingerQuasiGeodesicLeastArea_of_residualsV4CopySection (binder 5 whole). Stays partial. | rows/fff-periodic.tsv: The paragraph after thm:hull (lines 1644-1648), TorsionFreeSectionSentencesFourLeaves.PrintedHullProofParagraph, over hgreendlinger (GGT.VanKampen.RelativeGreendlingerQuasiGeodesicLeastAreaStatement) alone: printedHullProofParagraph_of_fourLeaves applied to HullSC.relativeIsoperimetricBridgeQuasiGeodesicEmbedded_closed (18682110d). retires open-predicate and buried-conditional GroupApproximation.Manuscript.NonMF.TorsionFreeSectionSentencesFourLeaves.printedHullProofParagraph_of_fourLeaves (superseded by printedHullProofParagraph_of_greendlinger). LANDED 1edf0f7b4, PROBE GREEN 0913-063820-983 | rows/hull-bridge.tsv: paragraph after thm:hull (m=1 by one relator, induction on m), at every ambient group. LANDED 2aa98f8cc (probe 0913-071409-41646 green, BUILT, #audit_axioms): the _of_leastAreaLeaves form applied to relativeIsoperimetricBridgeQuasiGeodesicEmbedded_closed, so the only binder is GGT.VanKampen.RelativeGreendlingerQuasiGeodesicLeastAreaStatement.{0,0,0} (W1); the new decls carry open-predicate and buried-conditional on hgreendlinger only. Retires open-predicate and buried-conditional GroupApproximation.Manuscript.NonMF.TorsionFreeHullParagraphGeneral.manuscriptSentence_hullOneTargetOneRelatorGeneral_of_leastAreaLeaves and GroupApproximation.Manuscript.NonMF.TorsionFreeHullParagraphGeneral.manuscriptSentence_hullInductionOnTargetsGeneral_of_leastAreaLeaves when the census row names swap. | rows/sec5-sentences.tsv: m = 1 is one relator and Q = G/<<r>>; induction on m with clause (d) at every ambient group, closed over the one-step statement; ker phi normal closure of m elements and Q finitely presented, closed; the one-step theorem over the two least-area leaves. LANDED 8688f1f89 2187b804e 73c7e4339 [census override: dropped GroupApproximation.Manuscript.NonMF.TorsionFreeHullParagraphGeneral.manuscriptSentence_hullOneTargetOneRelatorGeneral_of_oneStep GroupApproximation.Manuscript.NonMF.TorsionFreeHullParagraphGeneral.manuscriptSentence_hullInductionOnTargetsGeneral_of_oneStep GroupApproximation.HullSC.hullTowerGeneral_of_oneStep GroupApproximation.Manuscript.NonMF.TorsionFreeSectionSentences.manuscriptSentence_hullKernelRemark (lead ruling 09-13: one-step intermediates, superseded by sec5-sentences row 27 printedHullProofParagraph_of_fourLeaves)] | rows/sec5-sentences.tsv: paragraph after thm:hull at the limit-set notion: m=1 gives ker phi = <<r>>_G and G/<<r>>_G iso Q; induction on m with clause (d) phi(N) suitable; ker phi normal closure of <= m elements; Q f.p. when G is; open inputs exactly the walls hgreendlinger (RelativeGreendlingerQuasiGeodesicLeastAreaStatement) + hbridge (RelativeIsoperimetricBridgeQuasiGeodesicEmbeddedStatement); flips closed when both land. LANDED 9f819ad8c, probe 0913-014453-61804 GREEN [census merge 4c3d9dd02] [fk-nm14 d76183d14] in progress (not a gap): the torsion-free section's closed endpoints wait on the Greendlinger least-area leaf (GGT/VanKampen/GreendlingerLeaf, relativeGreendlingerQuasiGeodesicLeastArea, not root-wired); orchestrator lanes GL01-GL06 (with GL03A ClassPocketRotationTurn, GL03B InnerPocketEnclosedTwoArc) discharge the leaf residuals and GL07 lands the binder-free TorsionFreeClosed endpoints; re-grade on landing.
KEY:a16637da7249	partial	GroupApproximation.Manuscript.NonMF.TorsionFreeGreendlingerLeaf.printedTorsionFreeTheorem_of_greendlinger	rows/ct-rank-two-limit.tsv: ct-rank-two-limit: Abstract, torsion-free clause (tex 66), thm:torsion-free; carriers state the printed endpoint over the open waist GGT.VanKampen.RelativeGreendlingerQuasiGeodesicLeastAreaStatement.{0,0,0} alone (hgreendlinger), with the embedded bridge, Kotowski-Ollivier, the Hyde-Lodha group, DGO 2.35 and Gerasimova-Osin 1.1 applied closed. The residual-form carriers of this lane (TorsionFreeResidualsV2Copy b05937611, TorsionFreeResidualsV4 4091f7433, TorsionFreeResidualsV4Euler 236898aed) all bind CellPocketPinchPosStatement.{0,0,0}, which is refuted by GGT.VanKampen.OsinPocketCellPinchRose.cellPocketPinchRoseRefutation (e0a0776bb, #audit_closed_axioms; a four-petal rose on one-letter relators at eps = 1), so they are vacuous and are not cited. The waist form over live binders is relativeGreendlingerQuasiGeodesicLeastArea_of_residualsV4CopySection (binder 5 whole). Stays partial. | rows/fff-periodic.tsv: Abstract, torsion-free clause: thm:torsion-free as printed (TorsionFreePrinted.PrintedTorsionFreeTheorem) over hgreendlinger (GGT.VanKampen.RelativeGreendlingerQuasiGeodesicLeastAreaStatement) alone, as printedTorsionFreeTheorem_of_fourLeaves applied to HullSC.relativeIsoperimetricBridgeQuasiGeodesicEmbedded_closed (18682110d), KMSGroup.KotowskiOllivierClosed.kotowskiOllivier_closed (f65f99f17) and HydeLodha.finitelyPresentedInfiniteSimple_closed. retires open-predicate and buried-conditional GroupApproximation.Manuscript.NonMF.TorsionFreeFourLeaves.printedTorsionFreeTheorem_of_fourLeaves (superseded by printedTorsionFreeTheorem_of_greendlinger). LANDED 1edf0f7b4, PROBE GREEN 0913-063820-983 | rows/nm-endpoints.tsv: Abstract, torsion-free clause only ("a finitely presented torsion-free group with property (T) and no nontrivial homomorphism to an MF group"; the amenable half belongs to cite-sofic): thm:torsion-free as printed over hgreendlinger alone. Residual = GGT.VanKampen.RelativeGreendlingerQuasiGeodesicLeastAreaStatement.{0, 0, 0}. W1 waist (lead ruling ~14:45; post-(A) list from ghw-assembly and the lead's ~14:50 rulings; theoremc-retire's T 48c6cc71e): GGT.VanKampen.relativeGreendlingerQuasiGeodesicLeastArea_of_openResiduals (Estimating/OsinGreendlingerOpenResiduals, ghw-assembly 5f031e3a6; probe 0913-145357-69970 green, and T's probe 0913-145812-91168 rebuilt the same bytes green; #audit_axioms, wire-queued, not root-imported) proves it over eight Props and nothing else. Inside it the polygon realization, Case 2, the loop cut osinLoopCutSection (f04929ebb) and the cell and outer pocket transports are applied under #audit_closed_axioms, and the Case 1 walk and C4 are binder-free under #audit_axioms. The binders, with owners: (1) OsinLemma94PolygonSideBudgetInput (hull-count94; over-strong as stated per its docstring, superseded by OsinLemma94ClassCountInput after ghw-charp2's class-word respell); (2) OsinLemma94UnboundSameCellStatement (site 5, fff-periodic, whose (T) count and (C) binder OsinLemma94SameCellPocketInput replace it in the Covers co-probe with hull-count94, after theoremc-retire's site-5 follow-on co-probe gives the count and covers inputs the Lemma 9.7 hypothesis; systolic-counts audits it); (3) OsinLemma94CaseOneSameCellStatement (jacobson, composing ko-closed's metric kill for the pocket with no relator cell with fff-periodic's shared kill for the pocket with one; hull-unbound the pinched window; since T it also assumes clause (b) of Lemma 9.7 below the relator-cell count of Delta, so a producer may refute a loop cut by the inductive assumption); (4) OsinTwoGonHoldsSectionStatement, C6′ (debt-conditional; baseline-debt, hs-vanishes, sec2-sentences); (5) OsinMultipleEdgePocketRegionSectionStatement (kh-ejz; dgo-analytic offer); (6) OsinSectionPocketFaceSetSectionStatement (kh-ejz; cite-hull, hl-lemma46, sec2-sentences, hull-select, hull-euler); (7) PocketPinchLabelledStatement (hull-respell; kh-cckw, go-lemma42, ghw-assembly); (8) GeodesicCollarStatement (kh-torsion; hull-bridge, simple-group). So the residual, at .{0, 0, 0}, is these eight Props, and none has a closed producer on main. No carrier applies the waist yet; each still takes hgreendlinger whole. Closed premises, applied inside the carrier: the bridge premise HullSC.RelativeIsoperimetricBridgeQuasiGeodesicEmbeddedStatement.{0, 0, 0} by HullSC.relativeIsoperimetricBridgeQuasiGeodesicEmbedded_closed (18682110d, #audit_closed_axioms, root-imported); TheoremC.KotowskiOllivierStatement by KMSGroup.KotowskiOllivierClosed.kotowskiOllivier_closed (f65f99f17, #audit_closed_axioms, root-imported; its pinched fold leaf is Systolic.mirrorFoldPinched); TorsionFreePrinted.FinitelyPresentedInfiniteSimpleStatement by HydeLodha.finitelyPresentedInfiniteSimple_closed (47b31bef8, #audit_closed_axioms, root-imported). Each carrier applies its TorsionFreeFourLeaves form (12e1d1af8, probe 0913-013032-80446, root-imported) to these producers; fff-periodic's row on this hash records the four-leaf forms it supersedes. Retires nothing. LANDED 1edf0f7b4 (fff-periodic's TorsionFreeGreendlingerLeaf; probe 0913-063820-983 green; #audit_axioms on every carrier; root-imported at 559636b4a, GroupApproximation.lean:4974). Re-graded at origin 572b501d7: still partial. [census merge 4c3d9dd02] [fk-nm14 d76183d14] in progress (not a gap): the torsion-free section's closed endpoints wait on the Greendlinger least-area leaf (GGT/VanKampen/GreendlingerLeaf, relativeGreendlingerQuasiGeodesicLeastArea, not root-wired); orchestrator lanes GL01-GL06 (with GL03A ClassPocketRotationTurn, GL03B InnerPocketEnclosedTwoArc) discharge the leaf residuals and GL07 lands the binder-free TorsionFreeClosed endpoints; re-grade on landing.
KEY:7b1fa3182135	partial	GroupApproximation.Manuscript.NonMF.TorsionFreeGreendlingerLeaf.printedRegularNonMFAlgebra_of_greendlinger GroupApproximation.Manuscript.NonMF.TorsionFreeGreendlingerLeaf.printedRegularNonMFAlgebraLimitSet_of_greendlinger GroupApproximation.Manuscript.NonMF.TorsionFreeGreendlingerLeaf.printedRegularNonMFAlgebraOsin_of_greendlinger GroupApproximation.Manuscript.NonMF.TorsionFreeGreendlingerForms.manuscriptRegularNonMFAlgebra_of_greendlinger GroupApproximation.Manuscript.NonMF.TorsionFreeGreendlingerForms.manuscriptRegularNonMFAlgebraOsin_of_greendlinger GroupApproximation.Manuscript.NonMF.TorsionFreeGreendlingerForms.manuscriptRegularNonMFAlgebraLimitSet_of_greendlinger GroupApproximation.Manuscript.NonMF.TorsionFreePrinted.PrintedRegularNonMFAlgebra GroupApproximation.Manuscript.NonMF.TorsionFreeLeastAreaAssembly.manuscriptRegularNonMFAlgebra_of_leastAreaLeaves GroupApproximation.Manuscript.NonMF.TorsionFreeOsinNotion.PrintedRegularNonMFAlgebraOsin GroupApproximation.Manuscript.NonMF.TorsionFreeOsinNotion.manuscriptRegularNonMFAlgebraOsin_of_leastAreaLeaves GroupApproximation.Manuscript.NonMF.TorsionFreeLiteratureInputsLeastArea.manuscriptRegularNonMFAlgebra_of_hullLeaves GroupApproximation.Manuscript.NonMF.TorsionFreeLiteratureInputsLeastArea.manuscriptRegularNonMFAlgebraOsin_of_hullLeaves GroupApproximation.Manuscript.NonMF.TorsionFreeSectionAssembly.manuscriptRegularNonMFAlgebra_of_hullLeaves_closedGO GroupApproximation.Manuscript.NonMF.TorsionFreeSectionAssembly.manuscriptRegularNonMFAlgebraOsin_of_hullLeaves_closedGO GroupApproximation.Manuscript.NonMF.TorsionFreeSectionAssembly.manuscriptRegularNonMFAlgebraLimitSet_of_hullLeaves_closedGO GroupApproximation.Manuscript.NonMF.TorsionFreeSectionAssembly.manuscriptRegularNonMFAlgebra_closedCitations GroupApproximation.Manuscript.NonMF.TorsionFreeSectionAssembly.simpleUniqueTraceAtHypEmbedded_closed	rows/ct-rank-two-limit.tsv: ct-rank-two-limit: cor:regular-nonmf-algebra statement; carriers state the printed endpoint over the open waist GGT.VanKampen.RelativeGreendlingerQuasiGeodesicLeastAreaStatement.{0,0,0} alone (hgreendlinger), with the embedded bridge, Kotowski-Ollivier, the Hyde-Lodha group, DGO 2.35 and Gerasimova-Osin 1.1 applied closed. The residual-form carriers of this lane (TorsionFreeResidualsV2Copy b05937611, TorsionFreeResidualsV4 4091f7433, TorsionFreeResidualsV4Euler 236898aed) all bind CellPocketPinchPosStatement.{0,0,0}, which is refuted by GGT.VanKampen.OsinPocketCellPinchRose.cellPocketPinchRoseRefutation (e0a0776bb, #audit_closed_axioms; a four-petal rose on one-letter relators at eps = 1), so they are vacuous and are not cited. The waist form over live binders is relativeGreendlingerQuasiGeodesicLeastArea_of_residualsV4CopySection (binder 5 whole). Stays partial. | rows/fff-periodic.tsv: cor:regular-nonmf-algebra (line 1718) over hgreendlinger (GGT.VanKampen.RelativeGreendlingerQuasiGeodesicLeastAreaStatement) alone, with the closed bridge, Kotowski-Ollivier and simple-group producers applied. LANDED 1edf0f7b4, PROBE GREEN 0913-063820-983 | rows/hull-bridge.tsv: cor:regular-nonmf-algebra along the printed proof, at Osin's notion and at the limit-set notion, over the Greendlinger waist alone, with kotowskiOllivier_closed, finitelyPresentedInfiniteSimple_closed and the closed DGO 2.35 and Gerasimova-Osin 1.1 citations applied. LANDED 99db3338a (probe 0913-081212-8538 green, BUILT, #audit_axioms): each form applies relativeIsoperimetricBridgeQuasiGeodesicEmbedded_closed, so the only binder is GGT.VanKampen.RelativeGreendlingerQuasiGeodesicLeastAreaStatement.{0,0,0} (W1); the new decls carry open-predicate and buried-conditional on hgreendlinger only. Retires open-predicate and buried-conditional GroupApproximation.Manuscript.NonMF.TorsionFreeLeastAreaAssembly.manuscriptRegularNonMFAlgebra_of_leastAreaLeaves, GroupApproximation.Manuscript.NonMF.TorsionFreeLiteratureInputsLeastArea.manuscriptRegularNonMFAlgebra_of_hullLeaves, GroupApproximation.Manuscript.NonMF.TorsionFreeLiteratureInputsLeastArea.manuscriptRegularNonMFAlgebraOsin_of_hullLeaves, GroupApproximation.Manuscript.NonMF.TorsionFreeOsinNotion.manuscriptRegularNonMFAlgebraOsin_of_leastAreaLeaves, GroupApproximation.Manuscript.NonMF.TorsionFreeSectionAssembly.manuscriptRegularNonMFAlgebra_of_hullLeaves_closedGO, GroupApproximation.Manuscript.NonMF.TorsionFreeSectionAssembly.manuscriptRegularNonMFAlgebraOsin_of_hullLeaves_closedGO and GroupApproximation.Manuscript.NonMF.TorsionFreeSectionAssembly.manuscriptRegularNonMFAlgebraLimitSet_of_hullLeaves_closedGO when the census row names swap. | rows/nm-endpoints.tsv: cor:regular-nonmf-algebra as printed (separable, unital, simple, two unitaries, unique trace, stable rank one, stably finite, not MF) at the three notions over hgreendlinger alone, with GO 1.1 and DGO 2.35 closed. Residual = GGT.VanKampen.RelativeGreendlingerQuasiGeodesicLeastAreaStatement.{0, 0, 0}. W1 waist (lead ruling ~14:45; post-(A) list from ghw-assembly and the lead's ~14:50 rulings; theoremc-retire's T 48c6cc71e): GGT.VanKampen.relativeGreendlingerQuasiGeodesicLeastArea_of_openResiduals (Estimating/OsinGreendlingerOpenResiduals, ghw-assembly 5f031e3a6; probe 0913-145357-69970 green, and T's probe 0913-145812-91168 rebuilt the same bytes green; #audit_axioms, wire-queued, not root-imported) proves it over eight Props and nothing else. Inside it the polygon realization, Case 2, the loop cut osinLoopCutSection (f04929ebb) and the cell and outer pocket transports are applied under #audit_closed_axioms, and the Case 1 walk and C4 are binder-free under #audit_axioms. The binders, with owners: (1) OsinLemma94PolygonSideBudgetInput (hull-count94; over-strong as stated per its docstring, superseded by OsinLemma94ClassCountInput after ghw-charp2's class-word respell); (2) OsinLemma94UnboundSameCellStatement (site 5, fff-periodic, whose (T) count and (C) binder OsinLemma94SameCellPocketInput replace it in the Covers co-probe with hull-count94, after theoremc-retire's site-5 follow-on co-probe gives the count and covers inputs the Lemma 9.7 hypothesis; systolic-counts audits it); (3) OsinLemma94CaseOneSameCellStatement (jacobson, composing ko-closed's metric kill for the pocket with no relator cell with fff-periodic's shared kill for the pocket with one; hull-unbound the pinched window; since T it also assumes clause (b) of Lemma 9.7 below the relator-cell count of Delta, so a producer may refute a loop cut by the inductive assumption); (4) OsinTwoGonHoldsSectionStatement, C6′ (debt-conditional; baseline-debt, hs-vanishes, sec2-sentences); (5) OsinMultipleEdgePocketRegionSectionStatement (kh-ejz; dgo-analytic offer); (6) OsinSectionPocketFaceSetSectionStatement (kh-ejz; cite-hull, hl-lemma46, sec2-sentences, hull-select, hull-euler); (7) PocketPinchLabelledStatement (hull-respell; kh-cckw, go-lemma42, ghw-assembly); (8) GeodesicCollarStatement (kh-torsion; hull-bridge, simple-group). So the residual, at .{0, 0, 0}, is these eight Props, and none has a closed producer on main. No carrier applies the waist yet; each still takes hgreendlinger whole. Closed premises, applied inside each carrier: the bridge premise HullSC.RelativeIsoperimetricBridgeQuasiGeodesicEmbeddedStatement.{0, 0, 0} by HullSC.relativeIsoperimetricBridgeQuasiGeodesicEmbedded_closed (18682110d, #audit_closed_axioms, root-imported); TheoremC.KotowskiOllivierStatement by KMSGroup.KotowskiOllivierClosed.kotowskiOllivier_closed (f65f99f17, #audit_closed_axioms, root-imported; its pinched fold leaf is Systolic.mirrorFoldPinched); TorsionFreePrinted.FinitelyPresentedInfiniteSimpleStatement by HydeLodha.finitelyPresentedInfiniteSimple_closed (47b31bef8, #audit_closed_axioms, root-imported). Each carrier applies its TorsionFreeFourLeaves form (12e1d1af8, probe 0913-013032-80446, root-imported) to these producers; fff-periodic's row on this hash records the four-leaf forms it supersedes. Retires nothing. LANDED 1edf0f7b4 (fff-periodic's TorsionFreeGreendlingerLeaf; probe 0913-063820-983 green; #audit_axioms on every carrier; root-imported at 559636b4a, GroupApproximation.lean:4974). Re-graded at origin 572b501d7: still partial. | rows/sec5-sentences.tsv: cor:regular-nonmf-algebra as printed, Cayley and Osin notions, over the inputs of LINE:291. LANDED 80b748885 2187b804e | cor:regular-nonmf-algebra as printed, over the inputs of LINE:291. LANDED 0939b7d4f (compiled, probe 0911-213259-84497) | cor:regular-nonmf-algebra with both C*-algebraic citations proved; over the inputs of thm:torsion-free alone (LINE:291). LANDED b0962ca49 (compiled) [census merge 4c3d9dd02] [fk-nm14 d76183d14] in progress (not a gap): the torsion-free section's closed endpoints wait on the Greendlinger least-area leaf (GGT/VanKampen/GreendlingerLeaf, relativeGreendlingerQuasiGeodesicLeastArea, not root-wired); orchestrator lanes GL01-GL06 (with GL03A ClassPocketRotationTurn, GL03B InnerPocketEnclosedTwoArc) discharge the leaf residuals and GL07 lands the binder-free TorsionFreeClosed endpoints; re-grade on landing.
KEY:8b1ec28a0e73	partial	GroupApproximation.Manuscript.NonMF.TorsionFreeGreendlingerLeaf.printedRegularNonMFAlgebra_of_greendlinger GroupApproximation.Manuscript.NonMF.TorsionFreeGreendlingerLeaf.printedRegularNonMFAlgebraLimitSet_of_greendlinger GroupApproximation.Manuscript.NonMF.TorsionFreeGreendlingerLeaf.printedRegularNonMFAlgebraOsin_of_greendlinger GroupApproximation.Manuscript.NonMF.TorsionFreeGreendlingerForms.manuscriptRegularNonMFAlgebra_of_greendlinger GroupApproximation.Manuscript.NonMF.TorsionFreeGreendlingerForms.manuscriptRegularNonMFAlgebraOsin_of_greendlinger GroupApproximation.Manuscript.NonMF.TorsionFreeGreendlingerForms.manuscriptRegularNonMFAlgebraLimitSet_of_greendlinger GroupApproximation.Manuscript.NonMF.TorsionFreePrinted.PrintedRegularNonMFAlgebra GroupApproximation.Manuscript.NonMF.TorsionFreeLeastAreaAssembly.manuscriptRegularNonMFAlgebra_of_leastAreaLeaves GroupApproximation.Manuscript.NonMF.TorsionFreeOsinNotion.PrintedRegularNonMFAlgebraOsin GroupApproximation.Manuscript.NonMF.TorsionFreeOsinNotion.manuscriptRegularNonMFAlgebraOsin_of_leastAreaLeaves GroupApproximation.Manuscript.NonMF.TorsionFreeLiteratureInputsLeastArea.manuscriptRegularNonMFAlgebra_of_hullLeaves GroupApproximation.Manuscript.NonMF.TorsionFreeLiteratureInputsLeastArea.manuscriptRegularNonMFAlgebraOsin_of_hullLeaves GroupApproximation.Manuscript.NonMF.TorsionFreeSectionAssembly.manuscriptRegularNonMFAlgebra_of_hullLeaves_closedGO GroupApproximation.Manuscript.NonMF.TorsionFreeSectionAssembly.manuscriptRegularNonMFAlgebraOsin_of_hullLeaves_closedGO GroupApproximation.Manuscript.NonMF.TorsionFreeSectionAssembly.manuscriptRegularNonMFAlgebraLimitSet_of_hullLeaves_closedGO GroupApproximation.Manuscript.NonMF.TorsionFreeSectionAssembly.manuscriptRegularNonMFAlgebra_closedCitations GroupApproximation.Manuscript.NonMF.TorsionFreeSectionAssembly.simpleUniqueTraceAtHypEmbedded_closed	rows/ct-rank-two-limit.tsv: ct-rank-two-limit: cor:regular-nonmf-algebra statement, second sentence; carriers state the printed endpoint over the open waist GGT.VanKampen.RelativeGreendlingerQuasiGeodesicLeastAreaStatement.{0,0,0} alone (hgreendlinger), with the embedded bridge, Kotowski-Ollivier, the Hyde-Lodha group, DGO 2.35 and Gerasimova-Osin 1.1 applied closed. The residual-form carriers of this lane (TorsionFreeResidualsV2Copy b05937611, TorsionFreeResidualsV4 4091f7433, TorsionFreeResidualsV4Euler 236898aed) all bind CellPocketPinchPosStatement.{0,0,0}, which is refuted by GGT.VanKampen.OsinPocketCellPinchRose.cellPocketPinchRoseRefutation (e0a0776bb, #audit_closed_axioms; a four-petal rose on one-letter relators at eps = 1), so they are vacuous and are not cited. The waist form over live binders is relativeGreendlingerQuasiGeodesicLeastArea_of_residualsV4CopySection (binder 5 whole). Stays partial. | rows/fff-periodic.tsv: cor:regular-nonmf-algebra (line 1718) over hgreendlinger (GGT.VanKampen.RelativeGreendlingerQuasiGeodesicLeastAreaStatement) alone, with the closed bridge, Kotowski-Ollivier and simple-group producers applied. LANDED 1edf0f7b4, PROBE GREEN 0913-063820-983 | rows/hull-bridge.tsv: cor:regular-nonmf-algebra along the printed proof, at Osin's notion and at the limit-set notion, over the Greendlinger waist alone, with kotowskiOllivier_closed, finitelyPresentedInfiniteSimple_closed and the closed DGO 2.35 and Gerasimova-Osin 1.1 citations applied. LANDED 99db3338a (probe 0913-081212-8538 green, BUILT, #audit_axioms): each form applies relativeIsoperimetricBridgeQuasiGeodesicEmbedded_closed, so the only binder is GGT.VanKampen.RelativeGreendlingerQuasiGeodesicLeastAreaStatement.{0,0,0} (W1); the new decls carry open-predicate and buried-conditional on hgreendlinger only. Retires open-predicate and buried-conditional GroupApproximation.Manuscript.NonMF.TorsionFreeLeastAreaAssembly.manuscriptRegularNonMFAlgebra_of_leastAreaLeaves, GroupApproximation.Manuscript.NonMF.TorsionFreeLiteratureInputsLeastArea.manuscriptRegularNonMFAlgebra_of_hullLeaves, GroupApproximation.Manuscript.NonMF.TorsionFreeLiteratureInputsLeastArea.manuscriptRegularNonMFAlgebraOsin_of_hullLeaves, GroupApproximation.Manuscript.NonMF.TorsionFreeOsinNotion.manuscriptRegularNonMFAlgebraOsin_of_leastAreaLeaves, GroupApproximation.Manuscript.NonMF.TorsionFreeSectionAssembly.manuscriptRegularNonMFAlgebra_of_hullLeaves_closedGO, GroupApproximation.Manuscript.NonMF.TorsionFreeSectionAssembly.manuscriptRegularNonMFAlgebraOsin_of_hullLeaves_closedGO and GroupApproximation.Manuscript.NonMF.TorsionFreeSectionAssembly.manuscriptRegularNonMFAlgebraLimitSet_of_hullLeaves_closedGO when the census row names swap. | rows/nm-endpoints.tsv: cor:regular-nonmf-algebra as printed (separable, unital, simple, two unitaries, unique trace, stable rank one, stably finite, not MF) at the three notions over hgreendlinger alone, with GO 1.1 and DGO 2.35 closed. Residual = GGT.VanKampen.RelativeGreendlingerQuasiGeodesicLeastAreaStatement.{0, 0, 0}. W1 waist (lead ruling ~14:45; post-(A) list from ghw-assembly and the lead's ~14:50 rulings; theoremc-retire's T 48c6cc71e): GGT.VanKampen.relativeGreendlingerQuasiGeodesicLeastArea_of_openResiduals (Estimating/OsinGreendlingerOpenResiduals, ghw-assembly 5f031e3a6; probe 0913-145357-69970 green, and T's probe 0913-145812-91168 rebuilt the same bytes green; #audit_axioms, wire-queued, not root-imported) proves it over eight Props and nothing else. Inside it the polygon realization, Case 2, the loop cut osinLoopCutSection (f04929ebb) and the cell and outer pocket transports are applied under #audit_closed_axioms, and the Case 1 walk and C4 are binder-free under #audit_axioms. The binders, with owners: (1) OsinLemma94PolygonSideBudgetInput (hull-count94; over-strong as stated per its docstring, superseded by OsinLemma94ClassCountInput after ghw-charp2's class-word respell); (2) OsinLemma94UnboundSameCellStatement (site 5, fff-periodic, whose (T) count and (C) binder OsinLemma94SameCellPocketInput replace it in the Covers co-probe with hull-count94, after theoremc-retire's site-5 follow-on co-probe gives the count and covers inputs the Lemma 9.7 hypothesis; systolic-counts audits it); (3) OsinLemma94CaseOneSameCellStatement (jacobson, composing ko-closed's metric kill for the pocket with no relator cell with fff-periodic's shared kill for the pocket with one; hull-unbound the pinched window; since T it also assumes clause (b) of Lemma 9.7 below the relator-cell count of Delta, so a producer may refute a loop cut by the inductive assumption); (4) OsinTwoGonHoldsSectionStatement, C6′ (debt-conditional; baseline-debt, hs-vanishes, sec2-sentences); (5) OsinMultipleEdgePocketRegionSectionStatement (kh-ejz; dgo-analytic offer); (6) OsinSectionPocketFaceSetSectionStatement (kh-ejz; cite-hull, hl-lemma46, sec2-sentences, hull-select, hull-euler); (7) PocketPinchLabelledStatement (hull-respell; kh-cckw, go-lemma42, ghw-assembly); (8) GeodesicCollarStatement (kh-torsion; hull-bridge, simple-group). So the residual, at .{0, 0, 0}, is these eight Props, and none has a closed producer on main. No carrier applies the waist yet; each still takes hgreendlinger whole. Closed premises, applied inside each carrier: the bridge premise HullSC.RelativeIsoperimetricBridgeQuasiGeodesicEmbeddedStatement.{0, 0, 0} by HullSC.relativeIsoperimetricBridgeQuasiGeodesicEmbedded_closed (18682110d, #audit_closed_axioms, root-imported); TheoremC.KotowskiOllivierStatement by KMSGroup.KotowskiOllivierClosed.kotowskiOllivier_closed (f65f99f17, #audit_closed_axioms, root-imported; its pinched fold leaf is Systolic.mirrorFoldPinched); TorsionFreePrinted.FinitelyPresentedInfiniteSimpleStatement by HydeLodha.finitelyPresentedInfiniteSimple_closed (47b31bef8, #audit_closed_axioms, root-imported). Each carrier applies its TorsionFreeFourLeaves form (12e1d1af8, probe 0913-013032-80446, root-imported) to these producers; fff-periodic's row on this hash records the four-leaf forms it supersedes. Retires nothing. LANDED 1edf0f7b4 (fff-periodic's TorsionFreeGreendlingerLeaf; probe 0913-063820-983 green; #audit_axioms on every carrier; root-imported at 559636b4a, GroupApproximation.lean:4974). Re-graded at origin 572b501d7: still partial. | rows/sec5-sentences.tsv: cor:regular-nonmf-algebra as printed, Cayley and Osin notions, over the inputs of LINE:291. LANDED 80b748885 2187b804e | cor:regular-nonmf-algebra as printed, over the inputs of LINE:291. LANDED 0939b7d4f (compiled, probe 0911-213259-84497) | cor:regular-nonmf-algebra with both C*-algebraic citations proved; over the inputs of thm:torsion-free alone (LINE:291). LANDED b0962ca49 (compiled) [census merge 4c3d9dd02] [fk-nm14 d76183d14] in progress (not a gap): the torsion-free section's closed endpoints wait on the Greendlinger least-area leaf (GGT/VanKampen/GreendlingerLeaf, relativeGreendlingerQuasiGeodesicLeastArea, not root-wired); orchestrator lanes GL01-GL06 (with GL03A ClassPocketRotationTurn, GL03B InnerPocketEnclosedTwoArc) discharge the leaf residuals and GL07 lands the binder-free TorsionFreeClosed endpoints; re-grade on landing.
KEY:4895f03fdf5f	partial	GroupApproximation.GGT.VanKampen.exists_cyclicRuns GroupApproximation.GGT.VanKampen.CyclicRuns.runs GroupApproximation.GGT.VanKampen.CyclicRuns.runs_spec GroupApproximation.GGT.VanKampen.CyclicRuns.flatten_runs GroupApproximation.GGT.VanKampen.CyclicRuns.getElem_of_mem_runs GroupApproximation.GGT.VanKampen.CyclicRuns.not_of_mem_getLast?_runs GroupApproximation.GGT.VanKampen.CyclicRuns.getLast?_getElem_runs GroupApproximation.GGT.VanKampen.CyclicRuns.getLast?_rotate_range GroupApproximation.GGT.VanKampen.CyclicRuns.isChain_rotate_range GroupApproximation.GGT.VanKampen.CyclicRuns.flatMap_range_getD GroupApproximation.GGT.VanKampen.CyclicRuns.getD_runs_eq GroupApproximation.GGT.VanKampen.FaceBoundary.getElem?_add_mod_length GroupApproximation.GGT.VanKampen.FaceBoundary.pow_length_apply GroupApproximation.GGT.VanKampen.FaceBoundary.rotate_take_eq_map_pow GroupApproximation.GGT.VanKampen.List.eq_map_pow_of_isChain GroupApproximation.GGT.VanKampen.Embedded.CyclicArc.exists_darts_eq_map_pow GroupApproximation.GGT.VanKampen.FaceBoundary.two_le_count_map_pow GroupApproximation.Manuscript.NonMF.TorsionFreeGreendlingerLeaf.hullSmallCancellationTorsionFreePrinted_of_greendlinger GroupApproximation.Manuscript.NonMF.TorsionFreeGreendlingerLeaf.printedHullTheorem_of_greendlinger GroupApproximation.Manuscript.NonMF.TorsionFreeGreendlingerLeaf.printedHullTheoremLimitSet_of_greendlinger GroupApproximation.Manuscript.NonMF.TorsionFreeGreendlingerLeaf.printedHullTheoremOsin_of_greendlinger GroupApproximation.HydeLodha.isSimpleGroup_qTwo_closed GroupApproximation.HydeLodha.qTwo_torsionFree GroupApproximation.HydeLodha.infinite_qTwo GroupApproximation.HydeLodha.finitelyPresentedInfiniteSimpleStatement_of_isFinitelyPresented_qTwo GroupApproximation.HullSC.quotientPeripheralLetterPullbackStatement_holds GroupApproximation.HullSC.relativeIsoperimetricBridgeQuasiGeodesicEmbedded_closed GroupApproximation.HullSC.cutLiftOutcome GroupApproximation.HullSC.CutLift.toCutMove GroupApproximation.HullSC.hullCanonicalQuotientStatementGeneral_of_greendlinger GroupApproximation.HullSC.hullOneStepStatementGeneral_of_greendlinger GroupApproximation.HullSC.hullTowerStatementGeneral_of_greendlinger GroupApproximation.HullSC.hullBallFormStatementGeneral_of_greendlinger GroupApproximation.HullSC.torsionFreeHullCanonicalQuotientStatement_of_greendlinger GroupApproximation.HullSC.hullOneStepStatement_of_greendlinger GroupApproximation.Manuscript.NonMF.TorsionFreeGreendlingerSentences.manuscriptSentence_hullTheoremTorsionFreeOsin_of_greendlinger GroupApproximation.Manuscript.NonMF.TorsionFreeGreendlingerForms.manuscriptSentence_hullTheorem_of_greendlinger GroupApproximation.Manuscript.NonMF.TorsionFreeGreendlingerForms.manuscriptSentence_hullTheoremOsin_of_greendlinger GroupApproximation.Manuscript.NonMF.TorsionFreeGreendlingerForms.manuscriptHullTheoremLimitSet_of_greendlinger GroupApproximation.Manuscript.NonMF.TorsionFreeGreendlingerForms.hullSmallCancellationTorsionFreePrinted_of_greendlinger GroupApproximation.HullSC.boundedHullLemma44CanonicalQuotientStatement_of_greendlinger GroupApproximation.GGT.VanKampen.osinLemma94Section_of_pieces GroupApproximation.GGT.VanKampen.OsinLemma94PlanarRunInput GroupApproximation.GGT.VanKampen.osinLemma94AntiparallelMetric GroupApproximation.Olshanskii.orientedThreeClassPolygon GroupApproximation.Olshanskii.exists_long_antiparallel_pair GroupApproximation.GGT.VanKampen.osinLemma94Section_of_planarPieces GroupApproximation.GGT.VanKampen.osinLemma94PolygonCoversInput GroupApproximation.GGT.VanKampen.osinLemma94PolygonCountInput_of_sideBudget GroupApproximation.GGT.VanKampen.OsinLemma94PolygonSideBudgetInput GroupApproximation.GGT.VanKampen.OsinLemma94RealizedPolygons.covers_of_regionFacing_le GroupApproximation.GGT.VanKampen.GloballyDistinguishedSectionFamily.alpha_faceOf_not_cell_of_unbound GroupApproximation.GGT.VanKampen.RealizedSectionFamily.sum_card_regionFacingUnbound_le GroupApproximation.GGT.VanKampen.OsinLemma94ClassPolygons.unbound_lt_of_classes GroupApproximation.GGT.VanKampen.OsinLemma94ClassPolygons.corner_closed GroupApproximation.GGT.VanKampen.OsinLemma94ClassPolygons.dense_of_classCovers GroupApproximation.GGT.VanKampen.OsinLemma94ClassPolygons.ofSides GroupApproximation.GGT.VanKampen.OsinLemma94ClassCountInput GroupApproximation.GGT.VanKampen.OsinLemma94PolygonRealizationInput GroupApproximation.GGT.VanKampen.OsinLemma94PolygonCountInput GroupApproximation.GGT.VanKampen.OsinLemma94CaseOneInput GroupApproximation.GGT.VanKampen.OsinLemma94CaseTwoInput GroupApproximation.GGT.VanKampen.OsinLemma94RealizedPolygons GroupApproximation.GGT.VanKampen.GloballyDistinguishedSectionFamily.DartMinimal GroupApproximation.GGT.VanKampen.GloballyDistinguishedSectionFamily.exists_dartMinimal GroupApproximation.GGT.VanKampen.GloballyDistinguishedSectionFamily.CornerInsertionInput GroupApproximation.GGT.VanKampen.GloballyDistinguishedSectionFamily.PendantPathRemovalInput GroupApproximation.GGT.VanKampen.GloballyDistinguishedSectionFamily.SeparatingPathRemovalInput GroupApproximation.GGT.VanKampen.GloballyDistinguishedSectionFamily.ChainRespellInput GroupApproximation.GGT.VanKampen.GloballyDistinguishedSectionFamily.chainRespellInput_of_pieces GroupApproximation.GGT.VanKampen.GloballyDistinguishedSectionFamily.separatingPathRemovalInput_of_pendant GroupApproximation.GGT.VanKampen.Surgery.GFaceMerge.facePerm_keep_of_ne GroupApproximation.GGT.VanKampen.Surgery.GFaceMerge.sigma_keep_eq_self GroupApproximation.GGT.VanKampen.osinLemma94PolygonRealizationInput_of_pieces GroupApproximation.GGT.VanKampen.OsinLemma94CuttingChainsInput GroupApproximation.GGT.VanKampen.OsinLemma94CellArcsInput GroupApproximation.GGT.VanKampen.OsinLemma94BoundaryArcsInput GroupApproximation.GGT.VanKampen.OsinLemma94PolygonPartitionInput GroupApproximation.GGT.VanKampen.QuasiGeodesicRespellInput GroupApproximation.GGT.VanKampen.GloballyDistinguishedSectionFamily.GFacesApart GroupApproximation.GGT.VanKampen.GloballyDistinguishedSectionFamily.CellArcsQuasiGeodesic GroupApproximation.GGT.VanKampen.GloballyDistinguishedSectionFamily.BoundaryArcsQuasiGeodesic GroupApproximation.GGT.VanKampen.GloballyDistinguishedSectionFamily.CuttingChainsQuasiGeodesic GroupApproximation.GGT.VanKampen.GloballyDistinguishedSectionFamily.gFacesApart_of_dartMinimal GroupApproximation.GGT.VanKampen.osinLemma94CuttingChainsInput_of_pieces GroupApproximation.GGT.VanKampen.GloballyDistinguishedSectionFamily.chain_rel_getElem GroupApproximation.GGT.VanKampen.GloballyDistinguishedSectionFamily.facePerm_getElem_of_rotate_eq GroupApproximation.GGT.VanKampen.GloballyDistinguishedSectionFamily.not_leaf_of_dartMinimal GroupApproximation.GGT.VanKampen.GloballyDistinguishedSectionFamily.alpha_not_mem_of_dartMinimal GroupApproximation.GGT.VanKampen.quasiGeodesicRespellInput GroupApproximation.GGT.VanKampen.listVal_drop_take_eq_vertex GroupApproximation.GGT.VanKampen.osinLemma94PolygonRealizationInput_of_partition GroupApproximation.GGT.VanKampen.osinLemma94PolygonRealizationInput GroupApproximation.GGT.VanKampen.osinLemma94Section_of_residuals GroupApproximation.GGT.VanKampen.vertex_append_of_listVal_eq_one GroupApproximation.GGT.VanKampen.IsLambdaCQuasiGeodesicWord.of_append_listVal_eq_one GroupApproximation.GGT.VanKampen.IsLambdaCQuasiGeodesicWord.flatMap_of_gaps GroupApproximation.GGT.VanKampen.listVal_flatMap_of_gaps GroupApproximation.GGT.VanKampen.IsLambdaCQuasiGeodesicWord.length_le_ceil_of_append GroupApproximation.GGT.VanKampen.length_flatMap_append_le GroupApproximation.GGT.VanKampen.IsLambdaCQuasiGeodesicWord.length_flatMap_le_of_gaps GroupApproximation.GGT.VanKampen.classWordLength_le_mul GroupApproximation.GGT.VanKampen.dense_of_mul_covers GroupApproximation.GGT.VanKampen.OsinLemma94PinchedQuadrilateralStatement GroupApproximation.GGT.VanKampen.Embedded.reverseDarts_ne_nil_of_length_pos GroupApproximation.GGT.VanKampen.Embedded.targetBoundaryDarts_ne_nil_of_length_pos GroupApproximation.GGT.VanKampen.OsinLemma94PinchedQuadrilateralStatement.false_of_quadrilateral GroupApproximation.GGT.VanKampen.OsinLemma94ClassPolygons.flatMap_pinchedPieces GroupApproximation.GGT.VanKampen.OsinLemma94ClassPolygons.flatMap_fst_pinchedPieces GroupApproximation.GGT.VanKampen.OsinLemma94ClassPolygons.pinchedPieces_spec GroupApproximation.GGT.VanKampen.OsinLemma94ClassPolygons.pinchedPieces_getLast? GroupApproximation.GGT.VanKampen.OsinLemma94ClassPolygons.exists_cellArc_pinchedPieces GroupApproximation.GGT.VanKampen.OsinLemma94ClassPolygons.exists_boundaryArc_pinchedPieces GroupApproximation.Manuscript.NonMF.TorsionFreeSectionSentences.PrintedHullSmallCancellationCurrent GroupApproximation.Manuscript.NonMF.TorsionFreeHullPrintedLeastArea.manuscriptSentence_hullTheorem_of_leastAreaLeaves GroupApproximation.Manuscript.NonMF.TorsionFreeOsinNotion.PrintedHullSmallCancellationOsin GroupApproximation.Manuscript.NonMF.TorsionFreeHullPrintedLeastArea.manuscriptSentence_hullTheoremOsin_of_leastAreaLeaves GroupApproximation.HullSC.normalizesNoNontrivialFinite_map_N GroupApproximation.Manuscript.NonMF.TorsionFreeLimitSetNotion.PrintedHullSmallCancellationLimitSet GroupApproximation.Manuscript.NonMF.TorsionFreeLimitSetEndpoints.manuscriptHullTheoremLimitSet_of_leastAreaLeaves GroupApproximation.GGT.VanKampen.OsinLemma94PlanarPolygons.unbound_lt GroupApproximation.GGT.VanKampen.GloballyDistinguishedSectionFamily.exists_reduced_dartMinimal GroupApproximation.GGT.VanKampen.GloballyDistinguishedSectionFamily.DartMinimal.unselectedGFacesMerged GroupApproximation.GGT.VanKampen.osinLemma94CaseTwoInput GroupApproximation.GGT.VanKampen.osinLemma94CaseTwoInput_of_insertion GroupApproximation.GGT.VanKampen.osinLemma94CaseTwo_false GroupApproximation.GGT.VanKampen.OsinLemma94KindTransitionInput GroupApproximation.GGT.VanKampen.OsinLemma94LongTransitionInput GroupApproximation.GGT.VanKampen.osinLemma94KindTransitionInput_of_longTransitions GroupApproximation.GGT.VanKampen.OsinLemma94RealizedPolygons.card_filter_not_le_kindNonJoins_add GroupApproximation.GGT.VanKampen.OsinLemma94RealizedPolygons.card_kindNonJoins_le GroupApproximation.GGT.VanKampen.OsinLemma94RealizedPolygons.card_runEnds_le GroupApproximation.GGT.VanKampen.OsinLemma94RealizedPolygons.sum_card_runEnds_le_mul	rows/audit-intro.tsv: audit-intro: thm:hull least-area route, Osin math/0411039v3 Lemma 9.4 inside Hull's proof ("The boundary of Delta~_i decomposes into k_i subpaths"): cyclic run decomposition of the sides of a polygon, the sub-piece of OsinLemma94ClassPolygons asked by hull-count94. For a joining predicate J on sides 0..n-1: runs read cyclically from a base, nonempty, consecutive (s -> (s+1) % n) with J inside, every run ending in a side failing J when one exists, count <= max 1 #{s < n | not J s}. Supplies classBase, classSides, sides_eq, classSides_ne_nil and the gap_last end condition. Pure List/Finset, imports Mathlib + AxiomGuard; LANDED 25aef6af9 (probe 0913-145849-94334 green) | rows/audit-intro.tsv: audit-intro: thm:hull least-area route, Osin math/0411039v3 Lemma 9.4 inside Hull's proof ("The boundary of Delta~_i decomposes into k_i subpaths"): face walks on a relator cell boundary, the fit lemmas for the class producer of OsinLemma94ClassPolygons asked by hull-count94. r steps of facePerm move r places along a face boundary cyclically; facePerm^length fixes every boundary dart; the first m <= length darts of the boundary rotated to j are the face walk of length m from dart j; a list chained by p is the p-walk from its head; a face walk of length m <= length from a dart of relator cell i is a CyclicArc of cellDarts i; a face walk longer than the boundary visits its first dart twice. Imports Estimating.Embedded, Mathlib.Data.List.Rotate and AxiomGuard; LANDED 67af33ed0 (probe 0913-161424-50652 green) | rows/ct-rank-two-limit.tsv: ct-rank-two-limit: thm:hull statement, conclusion sentence (tex 1637); carriers state the printed endpoint over the open waist GGT.VanKampen.RelativeGreendlingerQuasiGeodesicLeastAreaStatement.{0,0,0} alone (hgreendlinger), with the embedded bridge, Kotowski-Ollivier, the Hyde-Lodha group, DGO 2.35 and Gerasimova-Osin 1.1 applied closed. The residual-form carriers of this lane (TorsionFreeResidualsV2Copy b05937611, TorsionFreeResidualsV4 4091f7433, TorsionFreeResidualsV4Euler 236898aed) all bind CellPocketPinchPosStatement.{0,0,0}, which is refuted by GGT.VanKampen.OsinPocketCellPinchRose.cellPocketPinchRoseRefutation (e0a0776bb, #audit_closed_axioms; a four-petal rose on one-letter relators at eps = 1), so they are vacuous and are not cited. The waist form over live binders is relativeGreendlingerQuasiGeodesicLeastArea_of_residualsV4CopySection (binder 5 whole). Stays partial. | rows/fff-periodic.tsv: thm:hull (line 1636) over hgreendlinger (GGT.VanKampen.RelativeGreendlingerQuasiGeodesicLeastAreaStatement) alone, with HullSC.relativeIsoperimetricBridgeQuasiGeodesicEmbedded_closed (18682110d) applied. LANDED 1edf0f7b4, PROBE GREEN 0913-063820-983 | rows/fff-quotient.tsv: Hyde–Lodha Q₂ witness for FinitelyPresentedInfiniteSimpleStatement: simple, torsion-free, infinite proved closed; finite presentation (HL Thm 4.8) is the one hypothesis, owned by simple-group. LANDED dddc19123 (QTwoStatement), 080b9297a (GammaTwoSimple). Lead: confirm the tex line for the FFF paragraph citation. | rows/hull-bridge.tsv: thm:hull embedded Lemma 5.1 bridge: QuotientPeripheralLetterPullbackStatement closed as quotientPeripheralLetterPullbackStatement_holds, and RelativeIsoperimetricBridgeQuasiGeodesicEmbeddedStatement.{0,0,0} closed as relativeIsoperimetricBridgeQuasiGeodesicEmbedded_closed (both #audit_closed_axioms, probe 0913-050027-71372 green). Shortcut move bound plus the certificate cut bound (debt-conditional Cut 457c543a8) over CutLiftOutcome, which is proved through hull-component CutMove.outcome (CutOutcomeRight 47b7225af). Residual for this leaf = none. LANDED 18682110d (CutLift dfa2dfb11) | rows/hull-bridge.tsv: thm:hull, Hull Theorem 7.1 chain over the Greendlinger waist alone. LANDED 2aa98f8cc (probe 0913-071409-41646 green, BUILT, #audit_axioms): the _of_leastAreaLeaves form applied to relativeIsoperimetricBridgeQuasiGeodesicEmbedded_closed, so the only binder is GGT.VanKampen.RelativeGreendlingerQuasiGeodesicLeastAreaStatement.{0,0,0} (W1); the new decls carry open-predicate and buried-conditional on hgreendlinger only. Replaces GroupApproximation.HullSC.hullOneStepStatement_of_leastAreaLeaves: retires open-predicate and buried-conditional GroupApproximation.HullSC.hullOneStepStatement_of_leastAreaLeaves when the census row names swap. | rows/hull-bridge.tsv: thm:hull as printed at the current, Osin and limit-set notions, at a torsion-free ambient group, and the bounded canonical Lemma 4.4, over the Greendlinger waist alone. LANDED 99db3338a (probe 0913-081212-8538 green, BUILT, #audit_axioms): each form applies relativeIsoperimetricBridgeQuasiGeodesicEmbedded_closed, so the only binder is GGT.VanKampen.RelativeGreendlingerQuasiGeodesicLeastAreaStatement.{0,0,0} (W1); the new decls carry open-predicate and buried-conditional on hgreendlinger only. Retires open-predicate and buried-conditional GroupApproximation.Manuscript.NonMF.TorsionFreeHullPrintedLeastArea.manuscriptSentence_hullTheorem_of_leastAreaLeaves, GroupApproximation.Manuscript.NonMF.TorsionFreeHullPrintedLeastArea.manuscriptSentence_hullTheoremOsin_of_leastAreaLeaves and GroupApproximation.Manuscript.NonMF.TorsionFreeLimitSetEndpoints.manuscriptHullTheoremLimitSet_of_leastAreaLeaves when the census row names swap. | rows/hull-count94.tsv: thm:hull least-area route, Osin math/0411039v3 Lemma 9.4 (S < n sqrt rho) inside Hull's proof: OsinLemma94SectionStatement from osinLemma94Section_of_pieces (hull-unbound, b8441172e) over the closed OsinLemma94AntiparallelMetricStatement (osinLemma94AntiparallelMetric, sec5-sentences e3da1ba60, probe 0913-034427-9910 green) and the named Prop OsinLemma94PlanarRunInput; the metric proof consumes this lane's antiparallel Lemma 25 (exists_long_antiparallel_pair) and antiparallel three-class Lemma 3.7 (orientedThreeClassPolygon); residual = OsinLemma94PlanarRunInput (hull-unbound). LANDED 1c5f36398 0963dc2b4 0ff430236 (probes 0913-023524-13449, 0913-025244-65395, 0913-025900-86792 green) | rows/hull-count94.tsv: thm:hull least-area route, Osin math/0411039v3 Lemma 9.4 inside Hull's proof: covers half of OsinLemma94PolygonCountInput CLOSED (osinLemma94PolygonCoversInput, L = 24 eps, rho0 = ceil(c/lambda)+2); count piece reduced to OsinLemma94PolygonSideBudgetInput (residual; K-before-eps risk reported to main); LANDED 2b2e16cc6 | rows/hull-count94.tsv: thm:hull least-area route, Osin math/0411039v3 Lemma 9.4 inside Hull's proof: the sides of each realized polygon in classes (maximal runs along one cell or section, value-one gaps included); fixed-parameter contradiction unbound_lt_of_classes from ClassBudget and ClassCovers through exists_of_budget_on (hull-component e48f35d1e); count residual respelled as OsinLemma94ClassCountInput (L = 24 eps + 2(K+24) ceil((c+2)/lambda)); LANDED 6db79cea7 (probe 0913-143205-28136 green) | rows/hull-count94.tsv: thm:hull, Osin Lemma 9.4 count: ClassCovers M L (S <= M sum S_i + L n), density floor(rho/(4M^2)); residual OsinLemma94ClassCountInput (exists K M L after eps, clause (b) of Lemma 9.7 below the cell count); LANDED a25fe2383868 (probe 0913-152533-28063 GREEN) | rows/hull-unbound.tsv: thm:hull least-area route, Osin math/0411039v3 Lemma 9.4 (S < n sqrt rho): OsinLemma94SectionStatement from the closed metric half osinLemma94AntiparallelMetric (e3da1ba60) and four planar piece Props over dart-minimal families, whose component polygons are the unselected G-faces of the optimal diagram (OsinLemma94RealizedPolygons). Residuals: OsinLemma94PolygonRealizationInput (hull-unbound), OsinLemma94PolygonCountInput (hull-count94), OsinLemma94CaseOneInput (theoremc-retire), OsinLemma94CaseTwoInput (sec5-sentences). LANDED 80790fad1, probe 0913-070239-32512 GREEN. | rows/hull-unbound.tsv: thm:hull least-area route, Osin math/0411039v3 Lemma 9.4 Case 2 ("This contradicts our assumption that sum l(t_i) is minimal"): respelling a cutting path by a shorter word gives fewer darts and the same unbound sum (ChainRespellInput), from CornerInsertionInput (simple-group) and SeparatingPathRemovalInput; the separating removal is proved from PendantPathRemovalInput (jacobson) by a G-face merge. LANDED 7a225d1d0, 7d4a2515f, probes 0913-090448-70090, 0913-093115-86638 GREEN. | rows/hull-unbound.tsv: Lemma 9.4: each component cut along t_1..t_l into a polygon; realization split into cutting chains, relator arcs, boundary arcs and the partition; two different unselected G-faces share no edge under DartMinimal | rows/hull-unbound.tsv: Lemma 9.4 Case 2 ("This contradicts our assumption that sum l(t_i) is minimal"): every cutting path of a dart-minimal family is (lambda, c+2)-quasi-geodesic over the symmetric label alphabet (OsinLemma94CuttingChainsInput), from ChainRespellInput, PendantPathRemovalInput and QuasiGeodesicRespellInput; a leaf inside an unselected G-face contradicts DartMinimal, so a cutting chain never holds a dart with its reverse. LANDED 26b30e5df, 108236c25, probe 0913-111910-27621 GREEN. | rows/hull-unbound.tsv: Lemma 9.4 Case 2: a legal word over the symmetric label alphabet that is not (lambda, c+2)-quasi-geodesic has a subword with a strictly shorter nonempty legal spelling (a geodesic word if the end vertices differ, else one inverse letter); closes QuasiGeodesicRespellInput. LANDED bbb8585ab, probe 0913-120651-61632 GREEN. | rows/hull-unbound.tsv: thm:hull least-area route, Osin math/0411039v3 Lemma 9.4 (S < n sqrt rho) over its open pieces: the realization piece closed (respelling surgery, relator arcs, boundary arcs and the ghw-assembly partition), and OsinLemma94SectionStatement over the polygon count and Case 1 only (metric half, realization and Case 2 closed). LANDED 4da8d3ef8, 0087a5095, 409bbbf72, 4002b9371, probe 0913-133025-35313 GREEN | rows/hull-unbound.tsv: Lemma 9.4 count over classes (gap model test Q2): removing value-one gaps keeps a (lambda, c)-quasi-geodesic class word quasi-geodesic with the same value; for 0 < lambda the class word has at most 1 + ceil(c/lambda) letters per gap-free letter; S <= M F + L n, 4 L^2 <= rho and n sqrt rho <= S give n sqrt floor(rho/(4 M^2)) <= F. For hull-count94. LANDED 9a56cc663, probe 0913-150235-20084 GREEN. | rows/hull-unbound.tsv: Lemma 9.4 Case 1 through pinched windows (roster l.1098, option (a)): OsinLemma94PinchedQuadrilateralStatement is a named Prop with no producer, false_of_quadrilateral_face for arcs read as sides with value-one gaps; one piece per arc gives false_of_quadrilateral_face, and every cell or boundary class meets its piece hypotheses (pinchedPieces). Model-tested in the module docstring. LANDED d463383fa, probe 0913-160048-79943 GREEN. | rows/nm-endpoints.tsv: thm:hull as printed (Hull Theorem 7.1(a),(c),(e)) at Hull's Cayley notion, Osin's notion and the limit-set notion, and the torsion-free form, over hgreendlinger alone. Residual = GGT.VanKampen.RelativeGreendlingerQuasiGeodesicLeastAreaStatement.{0, 0, 0}. W1 waist (lead ruling ~14:45; post-(A) list from ghw-assembly and the lead's ~14:50 rulings; theoremc-retire's T 48c6cc71e): GGT.VanKampen.relativeGreendlingerQuasiGeodesicLeastArea_of_openResiduals (Estimating/OsinGreendlingerOpenResiduals, ghw-assembly 5f031e3a6; probe 0913-145357-69970 green, and T's probe 0913-145812-91168 rebuilt the same bytes green; #audit_axioms, wire-queued, not root-imported) proves it over eight Props and nothing else. Inside it the polygon realization, Case 2, the loop cut osinLoopCutSection (f04929ebb) and the cell and outer pocket transports are applied under #audit_closed_axioms, and the Case 1 walk and C4 are binder-free under #audit_axioms. The binders, with owners: (1) OsinLemma94PolygonSideBudgetInput (hull-count94; over-strong as stated per its docstring, superseded by OsinLemma94ClassCountInput after ghw-charp2's class-word respell); (2) OsinLemma94UnboundSameCellStatement (site 5, fff-periodic, whose (T) count and (C) binder OsinLemma94SameCellPocketInput replace it in the Covers co-probe with hull-count94, after theoremc-retire's site-5 follow-on co-probe gives the count and covers inputs the Lemma 9.7 hypothesis; systolic-counts audits it); (3) OsinLemma94CaseOneSameCellStatement (jacobson, composing ko-closed's metric kill for the pocket with no relator cell with fff-periodic's shared kill for the pocket with one; hull-unbound the pinched window; since T it also assumes clause (b) of Lemma 9.7 below the relator-cell count of Delta, so a producer may refute a loop cut by the inductive assumption); (4) OsinTwoGonHoldsSectionStatement, C6′ (debt-conditional; baseline-debt, hs-vanishes, sec2-sentences); (5) OsinMultipleEdgePocketRegionSectionStatement (kh-ejz; dgo-analytic offer); (6) OsinSectionPocketFaceSetSectionStatement (kh-ejz; cite-hull, hl-lemma46, sec2-sentences, hull-select, hull-euler); (7) PocketPinchLabelledStatement (hull-respell; kh-cckw, go-lemma42, ghw-assembly); (8) GeodesicCollarStatement (kh-torsion; hull-bridge, simple-group). So the residual, at .{0, 0, 0}, is these eight Props, and none has a closed producer on main. No carrier applies the waist yet; each still takes hgreendlinger whole. Closed premise, applied inside each carrier: the bridge premise HullSC.RelativeIsoperimetricBridgeQuasiGeodesicEmbeddedStatement.{0, 0, 0} by HullSC.relativeIsoperimetricBridgeQuasiGeodesicEmbedded_closed (18682110d, #audit_closed_axioms, root-imported). Each carrier applies its TorsionFreeFourLeaves form (12e1d1af8, probe 0913-013032-80446, root-imported) to these producers; fff-periodic's row on this hash records the four-leaf forms it supersedes. Retires nothing. LANDED 1edf0f7b4 (fff-periodic's TorsionFreeGreendlingerLeaf; probe 0913-063820-983 green; #audit_axioms on every carrier; root-imported at 559636b4a, GroupApproximation.lean:4974). Re-graded at origin 572b501d7: still partial. | rows/sec5-sentences.tsv: thm:hull as printed for every acylindrically hyperbolic G, no torsion hypothesis (clause (d) proved over quotients with torsion); from the Lemma 4.4/4.9 statements with the closed peripheral selection, and over the least-area Greendlinger waist and the embedded bridge. LANDED 73c7e4339 8688f1f89 2187b804e | thm:hull at the printed limit-set notion, over the two least-area leaves (no hard direction needed: a Hull generating set already makes G acylindrically hyperbolic). LANDED 0939b7d4f (compiled, probe 0911-213259-84497) [census override: dropped GroupApproximation.Manuscript.NonMF.TorsionFreeHullPrintedGeneral.printedHullSmallCancellationCurrent_of_lemma44_of_lemma49 (lead ruling 09-13: unbounded Lemma 4.4 carrier, superseded by nm-endpoints printedHullTheorem*_of_fourLeaves)] | rows/sec5-sentences.tsv: thm:hull least-area route, Osin math/0411039v3 Lemma 9.4 (S < n sqrt rho). Re-grades the planned-producer note of open-predicate osinLemma94Section_of_runInput and carrier-data OsinLemma94RunInput (planned producer Estimating/OsinLemma94RunProducer.lean, owners hull-count94, sec5-sentences): no RunProducer module will be built. OsinLemma94RunInput forbids connector pairs in both orientations, more than Cases 1 and 2 prove, and is superseded by OsinLemma94Pieces (hull-unbound b8441172e). osinLemma94Section_of_pieces derives OsinLemma94SectionStatement from the metric half, closed as osinLemma94AntiparallelMetric (#audit_closed_axioms, probe 0913-034427-9910 GREEN), and OsinLemma94PlanarRunInput (owner hull-unbound). Residual = OsinLemma94PlanarRunInput. LANDED e3da1ba60 | rows/sec5-sentences.tsv: thm:hull least-area route, Osin math/0411039v3 Lemma 9.4 (S < n sqrt rho): OsinLemma94SectionStatement from OsinLemma94PlanarRunInputReduced alone, with the closed metric half osinLemma94AntiparallelMetric plugged in. Residual: the planar half over families merged across edges, split at pinches and dart-minimal (the dart count replaces the minimal sum l(t_i) of Case 2; the reduction to OsinLemma94PlanarRunInput is exact through OsinLemma94PlanarPolygons.ofUnboundSumEq). Supersedes the residual OsinLemma94PlanarRunInput of the 37252fbab row. LANDED 88db0df7b, probe 0913-062132-82302 GREEN. | rows/sec5-sentences.tsv: thm:hull least-area route, Osin math/0411039v3 Lemma 9.4 (S < n sqrt rho). Re-grades the L1636 row naming osinLemma94Section_of_planarRunInputReduced: that route is retired at b6bda9923, superseded by hull-unbound's osinLemma94Section_of_planarPieces (80790fad1), which is conditional on the closed metric half and four planar pieces. This lane owns the Case 2 piece OsinLemma94CaseTwoInput (not yet proved). OsinLemma94DartMinimal now uses the PlanarPieces DartMinimal and adds DartMinimal.unselectedGFacesMerged and exists_reduced_dartMinimal. LANDED b6bda9923, probe 0913-074213-73156 green. | rows/sec5-sentences.tsv: thm:hull least-area route, Osin math/0411039v3 Lemma 9.4, Case 2. Re-grades the L1636 row on osinLemma94Section_of_planarPieces, which named this lane's piece OsinLemma94CaseTwoInput as not yet proved: it is now closed by osinLemma94CaseTwoInput (#audit_closed_axioms: propext, Classical.choice, Quot.sound), from osinLemma94CaseTwoInput_of_insertion (LANDED 52b77f408, probe 0913-130606-76787 green) and sec2-sentences' separatedCornerInsertionInput (619b70139). The sentence stays partial: osinLemma94Section_of_planarPieces is still conditional on the realization, count and Case 1 pieces. LANDED e0e94015d, probe 0913-131149-5355 green. | rows/sec5-sentences.tsv: thm:hull least-area route, Osin math/0411039v3 Lemma 9.4, the class count behind OsinLemma94ClassCountInput (hull-count94). The kind non-joins over the polygons with an (A1) side number at most 48 eps n plus the long transitions (sum_card_kindNonJoins_le_mul, from sum_card_shortSides_le_mul), so OsinLemma94KindTransitionInput follows from OsinLemma94LongTransitionInput with constant 48 eps + K; card_filter_not_le_kindNonJoins_add splits the non-joins of any join predicate. Residual OsinLemma94LongTransitionInput, model-tested: unpinched bubbles are bounded by |M| <= 3(n + r - 1), pinched bubbles only through weight_maximal by the un-pinch surgery. LANDED 2767e402d, probe 0913-160635-97844 green. | rows/sec5-sentences.tsv: thm:hull least-area route, Osin math/0411039v3 Lemma 9.3/9.4, the class count behind OsinLemma94ClassCountInput (hull-count94). Supersedes the 2767e402d row. Consecutive sides join at kind level along one cell or one section (a value-one loop of the boundary gives two (A2) sides of one section). A kind non-join is short, cutting or a run end (card_kindNonJoins_le); run ends over the polygons with an (A1) side number at most 24 eps n plus the long transitions (sum_card_runEnds_le_mul), so OsinLemma94KindTransitionInput follows from OsinLemma94LongTransitionInput with constant 24 eps + K. Cutting classes are counted apart (audit-intro). Residual OsinLemma94LongTransitionInput (this lane), model-tested. LANDED ec3c531fc, probe 0913-170102-49407 green. [census merge 4c3d9dd02] NOTE: not defined at origin 4c3d9dd02: GroupApproximation.GGT.VanKampen.osinLemma94Section_of_planarRunInputReduced GroupApproximation.GGT.VanKampen.osinLemma94PlanarRunInput_of_reduced GroupApproximation.GGT.VanKampen.OsinLemma94PlanarRunInputReduced GroupApproximation.GGT.VanKampen.OsinLemma94RealizedPolygons.sum_card_kindNonJoins_le_mul [fk-nm14 d76183d14] in progress (not a gap): the torsion-free section's closed endpoints wait on the Greendlinger least-area leaf (GGT/VanKampen/GreendlingerLeaf, relativeGreendlingerQuasiGeodesicLeastArea, not root-wired); orchestrator lanes GL01-GL06 (with GL03A ClassPocketRotationTurn, GL03B InnerPocketEnclosedTwoArc) discharge the leaf residuals and GL07 lands the binder-free TorsionFreeClosed endpoints; re-grade on landing.
KEY:8aead549f1fe	partial	GroupApproximation.Manuscript.NonMF.TorsionFreeGreendlingerLeaf.hullSmallCancellationTorsionFreePrinted_of_greendlinger GroupApproximation.Manuscript.NonMF.TorsionFreeGreendlingerLeaf.printedHullTheorem_of_greendlinger GroupApproximation.Manuscript.NonMF.TorsionFreeGreendlingerLeaf.printedHullTheoremLimitSet_of_greendlinger GroupApproximation.Manuscript.NonMF.TorsionFreeGreendlingerLeaf.printedHullTheoremOsin_of_greendlinger GroupApproximation.HydeLodha.isSimpleGroup_qTwo_closed GroupApproximation.HydeLodha.qTwo_torsionFree GroupApproximation.HydeLodha.infinite_qTwo GroupApproximation.HydeLodha.finitelyPresentedInfiniteSimpleStatement_of_isFinitelyPresented_qTwo GroupApproximation.HullSC.quotientPeripheralLetterPullbackStatement_holds GroupApproximation.HullSC.relativeIsoperimetricBridgeQuasiGeodesicEmbedded_closed GroupApproximation.HullSC.cutLiftOutcome GroupApproximation.HullSC.CutLift.toCutMove GroupApproximation.HullSC.hullCanonicalQuotientStatementGeneral_of_greendlinger GroupApproximation.HullSC.hullOneStepStatementGeneral_of_greendlinger GroupApproximation.HullSC.hullTowerStatementGeneral_of_greendlinger GroupApproximation.HullSC.hullBallFormStatementGeneral_of_greendlinger GroupApproximation.HullSC.torsionFreeHullCanonicalQuotientStatement_of_greendlinger GroupApproximation.HullSC.hullOneStepStatement_of_greendlinger GroupApproximation.Manuscript.NonMF.TorsionFreeGreendlingerSentences.manuscriptSentence_hullTheoremTorsionFreeOsin_of_greendlinger GroupApproximation.Manuscript.NonMF.TorsionFreeGreendlingerForms.manuscriptSentence_hullTheorem_of_greendlinger GroupApproximation.Manuscript.NonMF.TorsionFreeGreendlingerForms.manuscriptSentence_hullTheoremOsin_of_greendlinger GroupApproximation.Manuscript.NonMF.TorsionFreeGreendlingerForms.manuscriptHullTheoremLimitSet_of_greendlinger GroupApproximation.Manuscript.NonMF.TorsionFreeGreendlingerForms.hullSmallCancellationTorsionFreePrinted_of_greendlinger GroupApproximation.HullSC.boundedHullLemma44CanonicalQuotientStatement_of_greendlinger GroupApproximation.GGT.VanKampen.osinLemma94Section_of_pieces GroupApproximation.GGT.VanKampen.OsinLemma94PlanarRunInput GroupApproximation.GGT.VanKampen.osinLemma94AntiparallelMetric GroupApproximation.Olshanskii.orientedThreeClassPolygon GroupApproximation.Olshanskii.exists_long_antiparallel_pair GroupApproximation.GGT.VanKampen.osinLemma94Section_of_planarPieces GroupApproximation.GGT.VanKampen.osinLemma94PolygonCoversInput GroupApproximation.GGT.VanKampen.osinLemma94PolygonCountInput_of_sideBudget GroupApproximation.GGT.VanKampen.OsinLemma94PolygonSideBudgetInput GroupApproximation.GGT.VanKampen.OsinLemma94RealizedPolygons.covers_of_regionFacing_le GroupApproximation.GGT.VanKampen.GloballyDistinguishedSectionFamily.alpha_faceOf_not_cell_of_unbound GroupApproximation.GGT.VanKampen.RealizedSectionFamily.sum_card_regionFacingUnbound_le GroupApproximation.GGT.VanKampen.OsinLemma94ClassPolygons.unbound_lt_of_classes GroupApproximation.GGT.VanKampen.OsinLemma94ClassPolygons.corner_closed GroupApproximation.GGT.VanKampen.OsinLemma94ClassPolygons.dense_of_classCovers GroupApproximation.GGT.VanKampen.OsinLemma94ClassPolygons.ofSides GroupApproximation.GGT.VanKampen.OsinLemma94ClassCountInput GroupApproximation.GGT.VanKampen.OsinLemma94PolygonRealizationInput GroupApproximation.GGT.VanKampen.OsinLemma94PolygonCountInput GroupApproximation.GGT.VanKampen.OsinLemma94CaseOneInput GroupApproximation.GGT.VanKampen.OsinLemma94CaseTwoInput GroupApproximation.GGT.VanKampen.OsinLemma94RealizedPolygons GroupApproximation.GGT.VanKampen.GloballyDistinguishedSectionFamily.DartMinimal GroupApproximation.GGT.VanKampen.GloballyDistinguishedSectionFamily.exists_dartMinimal GroupApproximation.GGT.VanKampen.GloballyDistinguishedSectionFamily.CornerInsertionInput GroupApproximation.GGT.VanKampen.GloballyDistinguishedSectionFamily.PendantPathRemovalInput GroupApproximation.GGT.VanKampen.GloballyDistinguishedSectionFamily.SeparatingPathRemovalInput GroupApproximation.GGT.VanKampen.GloballyDistinguishedSectionFamily.ChainRespellInput GroupApproximation.GGT.VanKampen.GloballyDistinguishedSectionFamily.chainRespellInput_of_pieces GroupApproximation.GGT.VanKampen.GloballyDistinguishedSectionFamily.separatingPathRemovalInput_of_pendant GroupApproximation.GGT.VanKampen.Surgery.GFaceMerge.facePerm_keep_of_ne GroupApproximation.GGT.VanKampen.Surgery.GFaceMerge.sigma_keep_eq_self GroupApproximation.GGT.VanKampen.osinLemma94PolygonRealizationInput_of_pieces GroupApproximation.GGT.VanKampen.OsinLemma94CuttingChainsInput GroupApproximation.GGT.VanKampen.OsinLemma94CellArcsInput GroupApproximation.GGT.VanKampen.OsinLemma94BoundaryArcsInput GroupApproximation.GGT.VanKampen.OsinLemma94PolygonPartitionInput GroupApproximation.GGT.VanKampen.QuasiGeodesicRespellInput GroupApproximation.GGT.VanKampen.GloballyDistinguishedSectionFamily.GFacesApart GroupApproximation.GGT.VanKampen.GloballyDistinguishedSectionFamily.CellArcsQuasiGeodesic GroupApproximation.GGT.VanKampen.GloballyDistinguishedSectionFamily.BoundaryArcsQuasiGeodesic GroupApproximation.GGT.VanKampen.GloballyDistinguishedSectionFamily.CuttingChainsQuasiGeodesic GroupApproximation.GGT.VanKampen.GloballyDistinguishedSectionFamily.gFacesApart_of_dartMinimal GroupApproximation.GGT.VanKampen.osinLemma94CuttingChainsInput_of_pieces GroupApproximation.GGT.VanKampen.GloballyDistinguishedSectionFamily.chain_rel_getElem GroupApproximation.GGT.VanKampen.GloballyDistinguishedSectionFamily.facePerm_getElem_of_rotate_eq GroupApproximation.GGT.VanKampen.GloballyDistinguishedSectionFamily.not_leaf_of_dartMinimal GroupApproximation.GGT.VanKampen.GloballyDistinguishedSectionFamily.alpha_not_mem_of_dartMinimal GroupApproximation.GGT.VanKampen.quasiGeodesicRespellInput GroupApproximation.GGT.VanKampen.listVal_drop_take_eq_vertex GroupApproximation.GGT.VanKampen.osinLemma94PolygonRealizationInput_of_partition GroupApproximation.GGT.VanKampen.osinLemma94PolygonRealizationInput GroupApproximation.GGT.VanKampen.osinLemma94Section_of_residuals GroupApproximation.GGT.VanKampen.vertex_append_of_listVal_eq_one GroupApproximation.GGT.VanKampen.IsLambdaCQuasiGeodesicWord.of_append_listVal_eq_one GroupApproximation.GGT.VanKampen.IsLambdaCQuasiGeodesicWord.flatMap_of_gaps GroupApproximation.GGT.VanKampen.listVal_flatMap_of_gaps GroupApproximation.GGT.VanKampen.IsLambdaCQuasiGeodesicWord.length_le_ceil_of_append GroupApproximation.GGT.VanKampen.length_flatMap_append_le GroupApproximation.GGT.VanKampen.IsLambdaCQuasiGeodesicWord.length_flatMap_le_of_gaps GroupApproximation.GGT.VanKampen.classWordLength_le_mul GroupApproximation.GGT.VanKampen.dense_of_mul_covers GroupApproximation.GGT.VanKampen.OsinLemma94PinchedQuadrilateralStatement GroupApproximation.GGT.VanKampen.Embedded.reverseDarts_ne_nil_of_length_pos GroupApproximation.GGT.VanKampen.Embedded.targetBoundaryDarts_ne_nil_of_length_pos GroupApproximation.GGT.VanKampen.OsinLemma94PinchedQuadrilateralStatement.false_of_quadrilateral GroupApproximation.GGT.VanKampen.OsinLemma94ClassPolygons.flatMap_pinchedPieces GroupApproximation.GGT.VanKampen.OsinLemma94ClassPolygons.flatMap_fst_pinchedPieces GroupApproximation.GGT.VanKampen.OsinLemma94ClassPolygons.pinchedPieces_spec GroupApproximation.GGT.VanKampen.OsinLemma94ClassPolygons.pinchedPieces_getLast? GroupApproximation.GGT.VanKampen.OsinLemma94ClassPolygons.exists_cellArc_pinchedPieces GroupApproximation.GGT.VanKampen.OsinLemma94ClassPolygons.exists_boundaryArc_pinchedPieces GroupApproximation.Manuscript.NonMF.TorsionFreeSectionSentences.PrintedHullSmallCancellationCurrent GroupApproximation.Manuscript.NonMF.TorsionFreeHullPrintedLeastArea.manuscriptSentence_hullTheorem_of_leastAreaLeaves GroupApproximation.Manuscript.NonMF.TorsionFreeOsinNotion.PrintedHullSmallCancellationOsin GroupApproximation.Manuscript.NonMF.TorsionFreeHullPrintedLeastArea.manuscriptSentence_hullTheoremOsin_of_leastAreaLeaves GroupApproximation.HullSC.normalizesNoNontrivialFinite_map_N GroupApproximation.Manuscript.NonMF.TorsionFreeLimitSetNotion.PrintedHullSmallCancellationLimitSet GroupApproximation.Manuscript.NonMF.TorsionFreeLimitSetEndpoints.manuscriptHullTheoremLimitSet_of_leastAreaLeaves GroupApproximation.GGT.VanKampen.OsinLemma94PlanarPolygons.unbound_lt GroupApproximation.GGT.VanKampen.GloballyDistinguishedSectionFamily.exists_reduced_dartMinimal GroupApproximation.GGT.VanKampen.GloballyDistinguishedSectionFamily.DartMinimal.unselectedGFacesMerged GroupApproximation.GGT.VanKampen.osinLemma94CaseTwoInput GroupApproximation.GGT.VanKampen.osinLemma94CaseTwoInput_of_insertion GroupApproximation.GGT.VanKampen.osinLemma94CaseTwo_false	rows/ct-rank-two-limit.tsv: ct-rank-two-limit: thm:hull statement (tex 1636); carriers state the printed endpoint over the open waist GGT.VanKampen.RelativeGreendlingerQuasiGeodesicLeastAreaStatement.{0,0,0} alone (hgreendlinger), with the embedded bridge, Kotowski-Ollivier, the Hyde-Lodha group, DGO 2.35 and Gerasimova-Osin 1.1 applied closed. The residual-form carriers of this lane (TorsionFreeResidualsV2Copy b05937611, TorsionFreeResidualsV4 4091f7433, TorsionFreeResidualsV4Euler 236898aed) all bind CellPocketPinchPosStatement.{0,0,0}, which is refuted by GGT.VanKampen.OsinPocketCellPinchRose.cellPocketPinchRoseRefutation (e0a0776bb, #audit_closed_axioms; a four-petal rose on one-letter relators at eps = 1), so they are vacuous and are not cited. The waist form over live binders is relativeGreendlingerQuasiGeodesicLeastArea_of_residualsV4CopySection (binder 5 whole). Stays partial. | rows/fff-periodic.tsv: thm:hull (line 1636) at Hull's Cayley-graph notion, at Osin's notion, at the limit-set notion and at a torsion-free ambient group, over hgreendlinger (GGT.VanKampen.RelativeGreendlingerQuasiGeodesicLeastAreaStatement) alone: the _of_fourLeaves forms applied to HullSC.relativeIsoperimetricBridgeQuasiGeodesicEmbedded_closed (18682110d). retires open-predicate and buried-conditional GroupApproximation.Manuscript.NonMF.TorsionFreeFourLeaves.printedHullTheorem_of_fourLeaves, GroupApproximation.Manuscript.NonMF.TorsionFreeFourLeaves.printedHullTheoremOsin_of_fourLeaves, GroupApproximation.Manuscript.NonMF.TorsionFreeFourLeaves.printedHullTheoremLimitSet_of_fourLeaves and GroupApproximation.Manuscript.NonMF.TorsionFreeFourLeaves.hullSmallCancellationTorsionFreePrinted_of_fourLeaves (each superseded by its _of_greendlinger form). LANDED 1edf0f7b4, PROBE GREEN 0913-063820-983 | rows/fff-quotient.tsv: Hyde–Lodha Q₂ witness for FinitelyPresentedInfiniteSimpleStatement: simple, torsion-free, infinite proved closed; finite presentation (HL Thm 4.8) is the one hypothesis, owned by simple-group. LANDED dddc19123 (QTwoStatement), 080b9297a (GammaTwoSimple). Lead: confirm the tex line for the FFF paragraph citation. | rows/hull-bridge.tsv: thm:hull embedded Lemma 5.1 bridge: QuotientPeripheralLetterPullbackStatement closed as quotientPeripheralLetterPullbackStatement_holds, and RelativeIsoperimetricBridgeQuasiGeodesicEmbeddedStatement.{0,0,0} closed as relativeIsoperimetricBridgeQuasiGeodesicEmbedded_closed (both #audit_closed_axioms, probe 0913-050027-71372 green). Shortcut move bound plus the certificate cut bound (debt-conditional Cut 457c543a8) over CutLiftOutcome, which is proved through hull-component CutMove.outcome (CutOutcomeRight 47b7225af). Residual for this leaf = none. LANDED 18682110d (CutLift dfa2dfb11) | rows/hull-bridge.tsv: thm:hull, Hull Theorem 7.1 chain over the Greendlinger waist alone. LANDED 2aa98f8cc (probe 0913-071409-41646 green, BUILT, #audit_axioms): the _of_leastAreaLeaves form applied to relativeIsoperimetricBridgeQuasiGeodesicEmbedded_closed, so the only binder is GGT.VanKampen.RelativeGreendlingerQuasiGeodesicLeastAreaStatement.{0,0,0} (W1); the new decls carry open-predicate and buried-conditional on hgreendlinger only. Replaces GroupApproximation.HullSC.hullOneStepStatement_of_leastAreaLeaves: retires open-predicate and buried-conditional GroupApproximation.HullSC.hullOneStepStatement_of_leastAreaLeaves when the census row names swap. | rows/hull-bridge.tsv: thm:hull as printed at the current, Osin and limit-set notions, at a torsion-free ambient group, and the bounded canonical Lemma 4.4, over the Greendlinger waist alone. LANDED 99db3338a (probe 0913-081212-8538 green, BUILT, #audit_axioms): each form applies relativeIsoperimetricBridgeQuasiGeodesicEmbedded_closed, so the only binder is GGT.VanKampen.RelativeGreendlingerQuasiGeodesicLeastAreaStatement.{0,0,0} (W1); the new decls carry open-predicate and buried-conditional on hgreendlinger only. Retires open-predicate and buried-conditional GroupApproximation.Manuscript.NonMF.TorsionFreeHullPrintedLeastArea.manuscriptSentence_hullTheorem_of_leastAreaLeaves, GroupApproximation.Manuscript.NonMF.TorsionFreeHullPrintedLeastArea.manuscriptSentence_hullTheoremOsin_of_leastAreaLeaves and GroupApproximation.Manuscript.NonMF.TorsionFreeLimitSetEndpoints.manuscriptHullTheoremLimitSet_of_leastAreaLeaves when the census row names swap. | rows/hull-count94.tsv: thm:hull least-area route, Osin math/0411039v3 Lemma 9.4 (S < n sqrt rho) inside Hull's proof: OsinLemma94SectionStatement from osinLemma94Section_of_pieces (hull-unbound, b8441172e) over the closed OsinLemma94AntiparallelMetricStatement (osinLemma94AntiparallelMetric, sec5-sentences e3da1ba60, probe 0913-034427-9910 green) and the named Prop OsinLemma94PlanarRunInput; the metric proof consumes this lane's antiparallel Lemma 25 (exists_long_antiparallel_pair) and antiparallel three-class Lemma 3.7 (orientedThreeClassPolygon); residual = OsinLemma94PlanarRunInput (hull-unbound). LANDED 1c5f36398 0963dc2b4 0ff430236 (probes 0913-023524-13449, 0913-025244-65395, 0913-025900-86792 green) | rows/hull-count94.tsv: thm:hull least-area route, Osin math/0411039v3 Lemma 9.4 inside Hull's proof: covers half of OsinLemma94PolygonCountInput CLOSED (osinLemma94PolygonCoversInput, L = 24 eps, rho0 = ceil(c/lambda)+2); count piece reduced to OsinLemma94PolygonSideBudgetInput (residual; K-before-eps risk reported to main); LANDED 2b2e16cc6 | rows/hull-count94.tsv: thm:hull least-area route, Osin math/0411039v3 Lemma 9.4 inside Hull's proof: the sides of each realized polygon in classes (maximal runs along one cell or section, value-one gaps included); fixed-parameter contradiction unbound_lt_of_classes from ClassBudget and ClassCovers through exists_of_budget_on (hull-component e48f35d1e); count residual respelled as OsinLemma94ClassCountInput (L = 24 eps + 2(K+24) ceil((c+2)/lambda)); LANDED 6db79cea7 (probe 0913-143205-28136 green) | rows/hull-count94.tsv: thm:hull, Osin Lemma 9.4 count: ClassCovers M L (S <= M sum S_i + L n), density floor(rho/(4M^2)); residual OsinLemma94ClassCountInput (exists K M L after eps, clause (b) of Lemma 9.7 below the cell count); LANDED a25fe2383868 (probe 0913-152533-28063 GREEN) | rows/hull-unbound.tsv: thm:hull least-area route, Osin math/0411039v3 Lemma 9.4 (S < n sqrt rho): OsinLemma94SectionStatement from the closed metric half osinLemma94AntiparallelMetric (e3da1ba60) and four planar piece Props over dart-minimal families, whose component polygons are the unselected G-faces of the optimal diagram (OsinLemma94RealizedPolygons). Residuals: OsinLemma94PolygonRealizationInput (hull-unbound), OsinLemma94PolygonCountInput (hull-count94), OsinLemma94CaseOneInput (theoremc-retire), OsinLemma94CaseTwoInput (sec5-sentences). LANDED 80790fad1, probe 0913-070239-32512 GREEN. | rows/hull-unbound.tsv: thm:hull least-area route, Osin math/0411039v3 Lemma 9.4 Case 2 ("This contradicts our assumption that sum l(t_i) is minimal"): respelling a cutting path by a shorter word gives fewer darts and the same unbound sum (ChainRespellInput), from CornerInsertionInput (simple-group) and SeparatingPathRemovalInput; the separating removal is proved from PendantPathRemovalInput (jacobson) by a G-face merge. LANDED 7a225d1d0, 7d4a2515f, probes 0913-090448-70090, 0913-093115-86638 GREEN. | rows/hull-unbound.tsv: Lemma 9.4: each component cut along t_1..t_l into a polygon; realization split into cutting chains, relator arcs, boundary arcs and the partition; two different unselected G-faces share no edge under DartMinimal | rows/hull-unbound.tsv: Lemma 9.4 Case 2 ("This contradicts our assumption that sum l(t_i) is minimal"): every cutting path of a dart-minimal family is (lambda, c+2)-quasi-geodesic over the symmetric label alphabet (OsinLemma94CuttingChainsInput), from ChainRespellInput, PendantPathRemovalInput and QuasiGeodesicRespellInput; a leaf inside an unselected G-face contradicts DartMinimal, so a cutting chain never holds a dart with its reverse. LANDED 26b30e5df, 108236c25, probe 0913-111910-27621 GREEN. | rows/hull-unbound.tsv: Lemma 9.4 Case 2: a legal word over the symmetric label alphabet that is not (lambda, c+2)-quasi-geodesic has a subword with a strictly shorter nonempty legal spelling (a geodesic word if the end vertices differ, else one inverse letter); closes QuasiGeodesicRespellInput. LANDED bbb8585ab, probe 0913-120651-61632 GREEN. | rows/hull-unbound.tsv: thm:hull least-area route, Osin math/0411039v3 Lemma 9.4 (S < n sqrt rho) over its open pieces: the realization piece closed (respelling surgery, relator arcs, boundary arcs and the ghw-assembly partition), and OsinLemma94SectionStatement over the polygon count and Case 1 only (metric half, realization and Case 2 closed). LANDED 4da8d3ef8, 0087a5095, 409bbbf72, 4002b9371, probe 0913-133025-35313 GREEN | rows/hull-unbound.tsv: Lemma 9.4 count over classes (gap model test Q2): removing value-one gaps keeps a (lambda, c)-quasi-geodesic class word quasi-geodesic with the same value; for 0 < lambda the class word has at most 1 + ceil(c/lambda) letters per gap-free letter; S <= M F + L n, 4 L^2 <= rho and n sqrt rho <= S give n sqrt floor(rho/(4 M^2)) <= F. For hull-count94. LANDED 9a56cc663, probe 0913-150235-20084 GREEN. | rows/hull-unbound.tsv: Lemma 9.4 Case 1 through pinched windows (roster l.1098, option (a)): OsinLemma94PinchedQuadrilateralStatement is a named Prop with no producer, false_of_quadrilateral_face for arcs read as sides with value-one gaps; one piece per arc gives false_of_quadrilateral_face, and every cell or boundary class meets its piece hypotheses (pinchedPieces). Model-tested in the module docstring. LANDED d463383fa, probe 0913-160048-79943 GREEN. | rows/nm-endpoints.tsv: thm:hull as printed (Hull Theorem 7.1(a),(c),(e)) at Hull's Cayley notion, Osin's notion and the limit-set notion, and the torsion-free form, over hgreendlinger alone. Residual = GGT.VanKampen.RelativeGreendlingerQuasiGeodesicLeastAreaStatement.{0, 0, 0}. W1 waist (lead ruling ~14:45; post-(A) list from ghw-assembly and the lead's ~14:50 rulings; theoremc-retire's T 48c6cc71e): GGT.VanKampen.relativeGreendlingerQuasiGeodesicLeastArea_of_openResiduals (Estimating/OsinGreendlingerOpenResiduals, ghw-assembly 5f031e3a6; probe 0913-145357-69970 green, and T's probe 0913-145812-91168 rebuilt the same bytes green; #audit_axioms, wire-queued, not root-imported) proves it over eight Props and nothing else. Inside it the polygon realization, Case 2, the loop cut osinLoopCutSection (f04929ebb) and the cell and outer pocket transports are applied under #audit_closed_axioms, and the Case 1 walk and C4 are binder-free under #audit_axioms. The binders, with owners: (1) OsinLemma94PolygonSideBudgetInput (hull-count94; over-strong as stated per its docstring, superseded by OsinLemma94ClassCountInput after ghw-charp2's class-word respell); (2) OsinLemma94UnboundSameCellStatement (site 5, fff-periodic, whose (T) count and (C) binder OsinLemma94SameCellPocketInput replace it in the Covers co-probe with hull-count94, after theoremc-retire's site-5 follow-on co-probe gives the count and covers inputs the Lemma 9.7 hypothesis; systolic-counts audits it); (3) OsinLemma94CaseOneSameCellStatement (jacobson, composing ko-closed's metric kill for the pocket with no relator cell with fff-periodic's shared kill for the pocket with one; hull-unbound the pinched window; since T it also assumes clause (b) of Lemma 9.7 below the relator-cell count of Delta, so a producer may refute a loop cut by the inductive assumption); (4) OsinTwoGonHoldsSectionStatement, C6′ (debt-conditional; baseline-debt, hs-vanishes, sec2-sentences); (5) OsinMultipleEdgePocketRegionSectionStatement (kh-ejz; dgo-analytic offer); (6) OsinSectionPocketFaceSetSectionStatement (kh-ejz; cite-hull, hl-lemma46, sec2-sentences, hull-select, hull-euler); (7) PocketPinchLabelledStatement (hull-respell; kh-cckw, go-lemma42, ghw-assembly); (8) GeodesicCollarStatement (kh-torsion; hull-bridge, simple-group). So the residual, at .{0, 0, 0}, is these eight Props, and none has a closed producer on main. No carrier applies the waist yet; each still takes hgreendlinger whole. Closed premise, applied inside each carrier: the bridge premise HullSC.RelativeIsoperimetricBridgeQuasiGeodesicEmbeddedStatement.{0, 0, 0} by HullSC.relativeIsoperimetricBridgeQuasiGeodesicEmbedded_closed (18682110d, #audit_closed_axioms, root-imported). Each carrier applies its TorsionFreeFourLeaves form (12e1d1af8, probe 0913-013032-80446, root-imported) to these producers; fff-periodic's row on this hash records the four-leaf forms it supersedes. Retires nothing. LANDED 1edf0f7b4 (fff-periodic's TorsionFreeGreendlingerLeaf; probe 0913-063820-983 green; #audit_axioms on every carrier; root-imported at 559636b4a, GroupApproximation.lean:4974). Re-graded at origin 572b501d7: still partial. | rows/sec5-sentences.tsv: thm:hull as printed for every acylindrically hyperbolic G, no torsion hypothesis (clause (d) proved over quotients with torsion); from the Lemma 4.4/4.9 statements with the closed peripheral selection, and over the least-area Greendlinger waist and the embedded bridge. LANDED 73c7e4339 8688f1f89 2187b804e | thm:hull at the printed limit-set notion, over the two least-area leaves (no hard direction needed: a Hull generating set already makes G acylindrically hyperbolic). LANDED 0939b7d4f (compiled, probe 0911-213259-84497) [census override: dropped GroupApproximation.Manuscript.NonMF.TorsionFreeHullPrintedGeneral.printedHullSmallCancellationCurrent_of_lemma44_of_lemma49 (lead ruling 09-13: unbounded Lemma 4.4 carrier, superseded by nm-endpoints printedHullTheorem*_of_fourLeaves)] | rows/sec5-sentences.tsv: thm:hull least-area route, Osin math/0411039v3 Lemma 9.4 (S < n sqrt rho). Re-grades the planned-producer note of open-predicate osinLemma94Section_of_runInput and carrier-data OsinLemma94RunInput (planned producer Estimating/OsinLemma94RunProducer.lean, owners hull-count94, sec5-sentences): no RunProducer module will be built. OsinLemma94RunInput forbids connector pairs in both orientations, more than Cases 1 and 2 prove, and is superseded by OsinLemma94Pieces (hull-unbound b8441172e). osinLemma94Section_of_pieces derives OsinLemma94SectionStatement from the metric half, closed as osinLemma94AntiparallelMetric (#audit_closed_axioms, probe 0913-034427-9910 GREEN), and OsinLemma94PlanarRunInput (owner hull-unbound). Residual = OsinLemma94PlanarRunInput. LANDED e3da1ba60 | rows/sec5-sentences.tsv: thm:hull least-area route, Osin math/0411039v3 Lemma 9.4 (S < n sqrt rho): OsinLemma94SectionStatement from OsinLemma94PlanarRunInputReduced alone, with the closed metric half osinLemma94AntiparallelMetric plugged in. Residual: the planar half over families merged across edges, split at pinches and dart-minimal (the dart count replaces the minimal sum l(t_i) of Case 2; the reduction to OsinLemma94PlanarRunInput is exact through OsinLemma94PlanarPolygons.ofUnboundSumEq). Supersedes the residual OsinLemma94PlanarRunInput of the 37252fbab row. LANDED 88db0df7b, probe 0913-062132-82302 GREEN. | rows/sec5-sentences.tsv: thm:hull least-area route, Osin math/0411039v3 Lemma 9.4 (S < n sqrt rho). Re-grades the L1636 row naming osinLemma94Section_of_planarRunInputReduced: that route is retired at b6bda9923, superseded by hull-unbound's osinLemma94Section_of_planarPieces (80790fad1), which is conditional on the closed metric half and four planar pieces. This lane owns the Case 2 piece OsinLemma94CaseTwoInput (not yet proved). OsinLemma94DartMinimal now uses the PlanarPieces DartMinimal and adds DartMinimal.unselectedGFacesMerged and exists_reduced_dartMinimal. LANDED b6bda9923, probe 0913-074213-73156 green. | rows/sec5-sentences.tsv: thm:hull least-area route, Osin math/0411039v3 Lemma 9.4, Case 2. Re-grades the L1636 row on osinLemma94Section_of_planarPieces, which named this lane's piece OsinLemma94CaseTwoInput as not yet proved: it is now closed by osinLemma94CaseTwoInput (#audit_closed_axioms: propext, Classical.choice, Quot.sound), from osinLemma94CaseTwoInput_of_insertion (LANDED 52b77f408, probe 0913-130606-76787 green) and sec2-sentences' separatedCornerInsertionInput (619b70139). The sentence stays partial: osinLemma94Section_of_planarPieces is still conditional on the realization, count and Case 1 pieces. LANDED e0e94015d, probe 0913-131149-5355 green. [census merge 4c3d9dd02] NOTE: not defined at origin 4c3d9dd02: GroupApproximation.GGT.VanKampen.osinLemma94Section_of_planarRunInputReduced GroupApproximation.GGT.VanKampen.osinLemma94PlanarRunInput_of_reduced GroupApproximation.GGT.VanKampen.OsinLemma94PlanarRunInputReduced [fk-nm14 d76183d14] in progress (not a gap): the torsion-free section's closed endpoints wait on the Greendlinger least-area leaf (GGT/VanKampen/GreendlingerLeaf, relativeGreendlingerQuasiGeodesicLeastArea, not root-wired); orchestrator lanes GL01-GL06 (with GL03A ClassPocketRotationTurn, GL03B InnerPocketEnclosedTwoArc) discharge the leaf residuals and GL07 lands the binder-free TorsionFreeClosed endpoints; re-grade on landing.
KEY:2f55113239ce	partial	GroupApproximation.Manuscript.NonMF.TorsionFreeGreendlingerLeaf.printedSaturation_of_greendlinger GroupApproximation.Manuscript.NonMF.TorsionFreeGreendlingerLeaf.printedSaturationLimitSet_of_greendlinger GroupApproximation.Manuscript.NonMF.TorsionFreeGreendlingerLeaf.printedSaturationOsin_of_greendlinger GroupApproximation.Manuscript.NonMF.TorsionFreeGreendlingerForms.printedSaturationNoOmega_of_greendlinger GroupApproximation.Manuscript.NonMF.TorsionFreeGreendlingerForms.manuscriptSaturationOsin_of_greendlinger GroupApproximation.Manuscript.NonMF.TorsionFreeGreendlingerForms.manuscriptSaturationLimitSet_of_greendlinger GroupApproximation.Manuscript.NonMF.TorsionFreePrinted.PrintedSaturationNoOmega GroupApproximation.Manuscript.NonMF.TorsionFreeLeastAreaAssembly.printedSaturationNoOmega_of_leastAreaLeaves GroupApproximation.Manuscript.NonMF.TorsionFreeOsinNotion.PrintedSaturationOsin GroupApproximation.Manuscript.NonMF.TorsionFreeOsinNotion.manuscriptSaturationOsin_of_leastAreaLeaves GroupApproximation.Manuscript.NonMF.TorsionFreeLimitSetNotion.PrintedSaturationLimitSet GroupApproximation.Manuscript.NonMF.TorsionFreeLimitSetEndpoints.manuscriptSaturationLimitSet_of_leastAreaLeaves	rows/ct-rank-two-limit.tsv: ct-rank-two-limit: lem:saturation statement; carriers state the printed endpoint over the open waist GGT.VanKampen.RelativeGreendlingerQuasiGeodesicLeastAreaStatement.{0,0,0} alone (hgreendlinger), with the embedded bridge, Kotowski-Ollivier, the Hyde-Lodha group, DGO 2.35 and Gerasimova-Osin 1.1 applied closed. The residual-form carriers of this lane (TorsionFreeResidualsV2Copy b05937611, TorsionFreeResidualsV4 4091f7433, TorsionFreeResidualsV4Euler 236898aed) all bind CellPocketPinchPosStatement.{0,0,0}, which is refuted by GGT.VanKampen.OsinPocketCellPinchRose.cellPocketPinchRoseRefutation (e0a0776bb, #audit_closed_axioms; a four-petal rose on one-letter relators at eps = 1), so they are vacuous and are not cited. The waist form over live binders is relativeGreendlingerQuasiGeodesicLeastArea_of_residualsV4CopySection (binder 5 whole). Stays partial. | rows/fff-periodic.tsv: lem:saturation (line 1650) as printed, at Osin's notion and at the limit-set notion, over hgreendlinger (GGT.VanKampen.RelativeGreendlingerQuasiGeodesicLeastAreaStatement) alone: the _of_fourLeaves forms applied to HullSC.relativeIsoperimetricBridgeQuasiGeodesicEmbedded_closed (18682110d). retires open-predicate and buried-conditional GroupApproximation.Manuscript.NonMF.TorsionFreeFourLeaves.printedSaturation_of_fourLeaves, GroupApproximation.Manuscript.NonMF.TorsionFreeFourLeaves.printedSaturationOsin_of_fourLeaves and GroupApproximation.Manuscript.NonMF.TorsionFreeFourLeaves.printedSaturationLimitSet_of_fourLeaves (each superseded by its _of_greendlinger form). LANDED 1edf0f7b4, PROBE GREEN 0913-063820-983 | rows/hull-bridge.tsv: lem:saturation as printed, at Osin's notion, and at the limit-set notion through isAcylindricallyHyperbolicOsin_of_limitSet, over the Greendlinger waist alone. LANDED 99db3338a (probe 0913-081212-8538 green, BUILT, #audit_axioms): each form applies relativeIsoperimetricBridgeQuasiGeodesicEmbedded_closed, so the only binder is GGT.VanKampen.RelativeGreendlingerQuasiGeodesicLeastAreaStatement.{0,0,0} (W1); the new decls carry open-predicate and buried-conditional on hgreendlinger only. Retires open-predicate and buried-conditional GroupApproximation.Manuscript.NonMF.TorsionFreeLeastAreaAssembly.printedSaturationNoOmega_of_leastAreaLeaves, GroupApproximation.Manuscript.NonMF.TorsionFreeOsinNotion.manuscriptSaturationOsin_of_leastAreaLeaves and GroupApproximation.Manuscript.NonMF.TorsionFreeLimitSetEndpoints.manuscriptSaturationLimitSet_of_leastAreaLeaves when the census row names swap. | rows/nm-endpoints.tsv: lem:saturation as printed (no finite set) at Hull's Cayley notion, Osin's notion and the limit-set notion, over hgreendlinger alone. The limit-set form uses the closed GGT.OsinClassification.isAcylindricallyHyperbolicOsin_of_limitSet. Residual = GGT.VanKampen.RelativeGreendlingerQuasiGeodesicLeastAreaStatement.{0, 0, 0}. W1 waist (lead ruling ~14:45; post-(A) list from ghw-assembly and the lead's ~14:50 rulings; theoremc-retire's T 48c6cc71e): GGT.VanKampen.relativeGreendlingerQuasiGeodesicLeastArea_of_openResiduals (Estimating/OsinGreendlingerOpenResiduals, ghw-assembly 5f031e3a6; probe 0913-145357-69970 green, and T's probe 0913-145812-91168 rebuilt the same bytes green; #audit_axioms, wire-queued, not root-imported) proves it over eight Props and nothing else. Inside it the polygon realization, Case 2, the loop cut osinLoopCutSection (f04929ebb) and the cell and outer pocket transports are applied under #audit_closed_axioms, and the Case 1 walk and C4 are binder-free under #audit_axioms. The binders, with owners: (1) OsinLemma94PolygonSideBudgetInput (hull-count94; over-strong as stated per its docstring, superseded by OsinLemma94ClassCountInput after ghw-charp2's class-word respell); (2) OsinLemma94UnboundSameCellStatement (site 5, fff-periodic, whose (T) count and (C) binder OsinLemma94SameCellPocketInput replace it in the Covers co-probe with hull-count94, after theoremc-retire's site-5 follow-on co-probe gives the count and covers inputs the Lemma 9.7 hypothesis; systolic-counts audits it); (3) OsinLemma94CaseOneSameCellStatement (jacobson, composing ko-closed's metric kill for the pocket with no relator cell with fff-periodic's shared kill for the pocket with one; hull-unbound the pinched window; since T it also assumes clause (b) of Lemma 9.7 below the relator-cell count of Delta, so a producer may refute a loop cut by the inductive assumption); (4) OsinTwoGonHoldsSectionStatement, C6′ (debt-conditional; baseline-debt, hs-vanishes, sec2-sentences); (5) OsinMultipleEdgePocketRegionSectionStatement (kh-ejz; dgo-analytic offer); (6) OsinSectionPocketFaceSetSectionStatement (kh-ejz; cite-hull, hl-lemma46, sec2-sentences, hull-select, hull-euler); (7) PocketPinchLabelledStatement (hull-respell; kh-cckw, go-lemma42, ghw-assembly); (8) GeodesicCollarStatement (kh-torsion; hull-bridge, simple-group). So the residual, at .{0, 0, 0}, is these eight Props, and none has a closed producer on main. No carrier applies the waist yet; each still takes hgreendlinger whole. Closed premise, applied inside each carrier: the bridge premise HullSC.RelativeIsoperimetricBridgeQuasiGeodesicEmbeddedStatement.{0, 0, 0} by HullSC.relativeIsoperimetricBridgeQuasiGeodesicEmbedded_closed (18682110d, #audit_closed_axioms, root-imported). Each carrier applies its TorsionFreeFourLeaves form (12e1d1af8, probe 0913-013032-80446, root-imported) to these producers; fff-periodic's row on this hash records the four-leaf forms it supersedes. Retires nothing. LANDED 1edf0f7b4 (fff-periodic's TorsionFreeGreendlingerLeaf; probe 0913-063820-983 green; #audit_axioms on every carrier; root-imported at 559636b4a, GroupApproximation.lean:4974). Re-graded at origin 572b501d7: still partial. | rows/sec5-sentences.tsv: lem:saturation as printed (no finite set), Cayley and Osin notions, over the least-area Greendlinger waist and the embedded bridge. LANDED 40d4e1c8d 2187b804e | lem:saturation at the printed limit-set notion, over the two least-area leaves and the hard direction of Osin Thm 1.1. LANDED 0939b7d4f (compiled, probe 0911-213259-84497) [census merge 4c3d9dd02] [fk-nm14 d76183d14] in progress (not a gap): the torsion-free section's closed endpoints wait on the Greendlinger least-area leaf (GGT/VanKampen/GreendlingerLeaf, relativeGreendlingerQuasiGeodesicLeastArea, not root-wired); orchestrator lanes GL01-GL06 (with GL03A ClassPocketRotationTurn, GL03B InnerPocketEnclosedTwoArc) discharge the leaf residuals and GL07 lands the binder-free TorsionFreeClosed endpoints; re-grade on landing.
KEY:2f997e5af4e6	partial	GroupApproximation.Manuscript.NonMF.TorsionFreeGreendlingerLeaf.printedSaturationApplyHull_of_greendlinger GroupApproximation.Manuscript.NonMF.TorsionFreeGreendlingerSentences.manuscriptSentence_saturationApplyHullNoOmega_of_greendlinger GroupApproximation.Manuscript.NonMF.TorsionFreeSectionSentencesLeastArea.manuscriptSentence_saturationApplyHullNoOmega_of_leastAreaLeaves GroupApproximation.Manuscript.NonMF.TorsionFreeSectionSentencesFourLeaves.PrintedSaturationApplyHull GroupApproximation.Manuscript.NonMF.TorsionFreeSectionSentencesFourLeaves.printedSaturationApplyHull_of_fourLeaves	rows/ct-rank-two-limit.tsv: ct-rank-two-limit: applying thm:hull to N_0 in the proof of lem:saturation; carriers state the printed endpoint over the open waist GGT.VanKampen.RelativeGreendlingerQuasiGeodesicLeastAreaStatement.{0,0,0} alone (hgreendlinger), with the embedded bridge, Kotowski-Ollivier, the Hyde-Lodha group, DGO 2.35 and Gerasimova-Osin 1.1 applied closed. The residual-form carriers of this lane (TorsionFreeResidualsV2Copy b05937611, TorsionFreeResidualsV4 4091f7433, TorsionFreeResidualsV4Euler 236898aed) all bind CellPocketPinchPosStatement.{0,0,0}, which is refuted by GGT.VanKampen.OsinPocketCellPinchRose.cellPocketPinchRoseRefutation (e0a0776bb, #audit_closed_axioms; a four-petal rose on one-letter relators at eps = 1), so they are vacuous and are not cited. The waist form over live binders is relativeGreendlingerQuasiGeodesicLeastArea_of_residualsV4CopySection (binder 5 whole). Stays partial. | rows/fff-periodic.tsv: In the proof of lem:saturation, thm:hull applied to N0 (lines 1665-1667), TorsionFreeSectionSentencesFourLeaves.PrintedSaturationApplyHull, over hgreendlinger (GGT.VanKampen.RelativeGreendlingerQuasiGeodesicLeastAreaStatement) alone: printedSaturationApplyHull_of_fourLeaves applied to HullSC.relativeIsoperimetricBridgeQuasiGeodesicEmbedded_closed (18682110d). retires open-predicate and buried-conditional GroupApproximation.Manuscript.NonMF.TorsionFreeSectionSentencesFourLeaves.printedSaturationApplyHull_of_fourLeaves (superseded by printedSaturationApplyHull_of_greendlinger). LANDED 1edf0f7b4, PROBE GREEN 0913-063820-983 | rows/hull-bridge.tsv: proof of lem:saturation, apply thm:hull to N0. LANDED 2aa98f8cc (probe 0913-071409-41646 green, BUILT, #audit_axioms): the _of_leastAreaLeaves form applied to relativeIsoperimetricBridgeQuasiGeodesicEmbedded_closed, so the only binder is GGT.VanKampen.RelativeGreendlingerQuasiGeodesicLeastAreaStatement.{0,0,0} (W1); the new decls carry open-predicate and buried-conditional on hgreendlinger only. Retires open-predicate and buried-conditional GroupApproximation.Manuscript.NonMF.TorsionFreeSectionSentencesLeastArea.manuscriptSentence_saturationApplyHullNoOmega_of_leastAreaLeaves when the census row names swap. | rows/sec5-sentences.tsv: apply thm:hull to N0 with a finite generating set of G, over the named Hull leaves. LANDED 8688f1f89 | apply thm:hull to N0 with a finite generating set, over the two least-area leaves. LANDED 4b56e4c0c (compiled, probe 7) [census override: dropped GroupApproximation.Manuscript.NonMF.TorsionFreeSectionSentences.manuscriptSentence_saturationApplyHullNoOmega_of_leaves (lead ruling 09-13: historical quasi-geodesic leaves, superseded by sec5-sentences row 29 printedSaturationApplyHull_of_fourLeaves)] | rows/sec5-sentences.tsv: apply thm:hull to N0 wrt A' with a finite generating set g of G, at the limit-set notion, with the kernel datum used at tex 1671-1672; open inputs exactly the walls hgreendlinger (RelativeGreendlingerQuasiGeodesicLeastAreaStatement) + hbridge (RelativeIsoperimetricBridgeQuasiGeodesicEmbeddedStatement); flips closed when both land. LANDED 9f819ad8c, probe 0913-014453-61804 GREEN [census merge 4c3d9dd02] [fk-nm14 d76183d14] in progress (not a gap): the torsion-free section's closed endpoints wait on the Greendlinger least-area leaf (GGT/VanKampen/GreendlingerLeaf, relativeGreendlingerQuasiGeodesicLeastArea, not root-wired); orchestrator lanes GL01-GL06 (with GL03A ClassPocketRotationTurn, GL03B InnerPocketEnclosedTwoArc) discharge the leaf residuals and GL07 lands the binder-free TorsionFreeClosed endpoints; re-grade on landing.
KEY:8097c371f35d	partial	GroupApproximation.Manuscript.NonMF.TorsionFreeGreendlingerLeaf.fournierFacioParagraph_of_greendlinger GroupApproximation.Manuscript.NonMF.TorsionFreeGreendlingerLeaf.fournierFacioQuotient_of_greendlinger GroupApproximation.Manuscript.NonMF.TorsionFreeGreendlingerLeaf.literatureInputs_of_greendlinger GroupApproximation.HydeLodha.lemmaFourSixDynamics GroupApproximation.HydeLodha.germRight_iterate_le GroupApproximation.HydeLodha.disjoint_perIoo_of_le GroupApproximation.HydeLodha.exists_upsilon_gammaTwo_move GroupApproximation.HydeLodha.exists_upsilon_qTwo_push GroupApproximation.HydeLodha.disjoint_pow_image GroupApproximation.Manuscript.NonMF.TorsionFreeGreendlingerForms.fournierFacioQuotientStatement_of_greendlinger GroupApproximation.Manuscript.NonMF.TorsionFreeGreendlingerForms.hullCommonQuotient_of_greendlinger GroupApproximation.Manuscript.NonMF.TorsionFreeGreendlingerForms.literatureInputs_of_greendlinger GroupApproximation.Manuscript.NonMF.TorsionFreeGreendlingerForms.fournierFacioParagraph_of_greendlinger GroupApproximation.GGT.RelHyp.fournierFacioQuotientStatement_of_leastAreaLeaves GroupApproximation.GGT.cyclicPeripheralRemovalStatement GroupApproximation.KMSGroup.GHBQuotient.printedGHB7PropertyT GroupApproximation.KMSGroup.GHBQuotient.hasKazhdanPropertyT_ghb7 GroupApproximation.KMSGroup.GHBQuotient.kotowskiOllivierStatement_of_ghb7ConjHyp GroupApproximation.KMSGroup.GHBQuotient.sharpExistence_of_ghb7ConjHyp GroupApproximation.KMSGroup.CCKW.zipSpur_cosetComplex GroupApproximation.Systolic.zipSpurStatement GroupApproximation.Systolic.zipSpurStatement_of_zipPinch GroupApproximation.Systolic.zipPinchStatement GroupApproximation.Systolic.CycleDisc.zip_fold GroupApproximation.KMSGroup.KotowskiOllivierClosed.kotowskiOllivier_closed GroupApproximation.Hyperbolic.sharpExistence_closed GroupApproximation.Systolic.mirrorFoldDistinct GroupApproximation.Systolic.mirrorFoldPinched GroupApproximation.Manuscript.NonMF.TorsionFreePrinted.FournierFacioParagraph GroupApproximation.Manuscript.NonMF.TorsionFreePrinted.fournierFacioParagraph_of_literatureInputs GroupApproximation.Manuscript.NonMF.TorsionFreeLiteratureInputsLeastArea.fournierFacioParagraph_of_leastAreaLeaves GroupApproximation.Manuscript.NonMF.TorsionFreeLiteratureInputsLeastArea.literatureInputs_of_leastAreaLeaves GroupApproximation.HydeLodha.finitelyPresentedInfiniteSimple_closed GroupApproximation.HydeLodha.finitelyPresentedInfiniteSimpleStatement_of_dynamics GroupApproximation.HydeLodha.upsilonFinitelyPresented_of_dynamics GroupApproximation.HydeLodha.lemmaFourSixCaseOne_of_dynamics GroupApproximation.HydeLodha.stabKFinitelyPresented_of_upsilon GroupApproximation.HydeLodha.finitelyPresentedInfiniteSimpleStatement_of_stabK	rows/ct-rank-two-limit.tsv: ct-rank-two-limit: the Fournier-Facio paragraph (tex 1675-1685); carriers state the printed endpoint over the open waist GGT.VanKampen.RelativeGreendlingerQuasiGeodesicLeastAreaStatement.{0,0,0} alone (hgreendlinger), with the embedded bridge, Kotowski-Ollivier, the Hyde-Lodha group, DGO 2.35 and Gerasimova-Osin 1.1 applied closed. The residual-form carriers of this lane (TorsionFreeResidualsV2Copy b05937611, TorsionFreeResidualsV4 4091f7433, TorsionFreeResidualsV4Euler 236898aed) all bind CellPocketPinchPosStatement.{0,0,0}, which is refuted by GGT.VanKampen.OsinPocketCellPinchRose.cellPocketPinchRoseRefutation (e0a0776bb, #audit_closed_axioms; a four-petal rose on one-letter relators at eps = 1), so they are vacuous and are not cited. The waist form over live binders is relativeGreendlingerQuasiGeodesicLeastArea_of_residualsV4CopySection (binder 5 whole). Stays partial. | rows/fff-periodic.tsv: The Fournier-Facio paragraph (line 1675), TorsionFreePrinted.FournierFacioParagraph, with TheoremC.LiteratureInputs and TheoremC.FournierFacioQuotientStatement, over hgreendlinger (GGT.VanKampen.RelativeGreendlingerQuasiGeodesicLeastAreaStatement) alone: the _of_fourLeaves forms applied to HullSC.relativeIsoperimetricBridgeQuasiGeodesicEmbedded_closed (18682110d), KMSGroup.KotowskiOllivierClosed.kotowskiOllivier_closed (f65f99f17) and HydeLodha.finitelyPresentedInfiniteSimple_closed. retires open-predicate and buried-conditional GroupApproximation.Manuscript.NonMF.TorsionFreeFourLeaves.fournierFacioParagraph_of_fourLeaves, GroupApproximation.Manuscript.NonMF.TorsionFreeFourLeaves.fournierFacioQuotient_of_fourLeaves and GroupApproximation.Manuscript.NonMF.TorsionFreeFourLeaves.literatureInputs_of_fourLeaves (each superseded by its _of_greendlinger form). LANDED 1edf0f7b4, PROBE GREEN 0913-063820-983 | rows/hl-lemma46.tsv: hl-lemma46: "a finitely presented infinite simple group" [FFF §2], witness Q₂ (Hyde–Lodha). Closed here: the dynamics in the proof of Hyde–Lodha Lemma 4.6 (\label{FPlem3}, HL tex 873–889), LemmaFourSixDynamicsStatement, the open leaf of hW in FinitelyPresentedInfiniteSimpleClosed; axioms propext, Classical.choice, Quot.sound. The closed hW endpoint is simple-group's. LANDED de535e84c, probe 0913-021539-18816. | rows/hull-bridge.tsv: Fournier-Facio paragraph: the Proposition 2.3 quotient field, Hull Corollary 7.4, the five literature inputs and the paragraph, over the Greendlinger waist alone, with kotowskiOllivier_closed and finitelyPresentedInfiniteSimple_closed applied. LANDED 99db3338a (probe 0913-081212-8538 green, BUILT, #audit_axioms): each form applies relativeIsoperimetricBridgeQuasiGeodesicEmbedded_closed, so the only binder is GGT.VanKampen.RelativeGreendlingerQuasiGeodesicLeastAreaStatement.{0,0,0} (W1); the new decls carry open-predicate and buried-conditional on hgreendlinger only. Retires open-predicate and buried-conditional GroupApproximation.GGT.RelHyp.fournierFacioQuotientStatement_of_leastAreaLeaves, GroupApproximation.Manuscript.NonMF.TorsionFreeLiteratureInputsLeastArea.literatureInputs_of_leastAreaLeaves and GroupApproximation.Manuscript.NonMF.TorsionFreeLiteratureInputsLeastArea.fournierFacioParagraph_of_leastAreaLeaves when the census row names swap. | rows/hull-respell.tsv: "Fournier-Facio constructs a finitely presented torsion-free group G_0 ... [S2]{FFF}": the Proposition 2.3 quotient field (TheoremC.FournierFacioQuotientStatement) on Osin Theorem 2.4 at Hull published relator t^-1 u. The relator is read in the joint collection, the joint image is embedded by Lemma 5.1, and the original collection is the joint image with cyclic members un-coned (closed cyclicPeripheralRemovalStatement, Osin Lemma 8.2 / DGO Prop 4.35). No re-spelling or family-form admission. Residual = GGT.VanKampen.RelativeGreendlingerQuasiGeodesicLeastAreaStatement, HullSC.RelativeIsoperimetricBridgeQuasiGeodesicEmbeddedStatement; the other TheoremC fields of the sentence (kotowskiOllivier etc.) are not this lane. LANDED 3832abdb7 (compiled, probe 0911-211417-50221; axioms propext, Classical.choice, Quot.sound) [census override: dropped GroupApproximation.GGT.RelHyp.osin24HullStep_of_boundedLeaves (lead ruling 09-13: bounded-leaf Osin 2.4 step, superseded by nm-endpoints fournierFacioQuotient_of_fourLeaves)] | rows/kh-ejz.tsv: kh-ejz: the infinite finitely presented torsion-free hyperbolic property (T) group inside [FFF §2] is TheoremC.KotowskiOllivierStatement = Hyperbolic.SharpExistence. GHB(7) has property (T) closed in both the real orthogonal and the complex unitary form (printedGHB7PropertyT, no literature input); KotowskiOllivierStatement from GHB(7) over hconj (CCKW 3.1(ii)) and hhyp (CCKW 3.1(i)), order bounds spent. Does not carry the sentence: Theorem C takes KotowskiOllivierStatement as the hypothesis hKO (TheoremC.manuscriptTorsionFreeFullMFRadical_of_leastAreaInputs, TheoremC.manuscriptTorsionFreeSimplified_of_leastAreaInputs), and hconj, hhyp are open; the other route to hKO is ko-closed's kotowskiOllivier_of_leaves (Kazhdan/KotowskiOllivierClosed). LANDED 8085b58cd (green probe 0912-093109-89237). | rows/kh-torsion.tsv: kh-torsion: hzip closed. CCKW.zipSpur_cosetComplex : Systolic.ZipSpurStatement cosetComplex is the hzip input of the hKO route (ko-closed kotowskiOllivier_of_leaves), with #audit_closed_axioms (propext, Classical.choice, Quot.sound). Systolic.zipSpurStatement proves HC3(d), zipping a boundary backtrack u v u, for every triangle complex X. Fold case CycleDisc.zip_fold (LANDED 4e52166c8, probe 0913-013751-25100 GREEN); pinch case zipPinchStatement by systolic-counts (d74b84054, probe 0913-023335-5925 GREEN); assembly zipSpurStatement_of_zipPinch (9445c7860). Reachable through the root's import of GGT.SystolicDiscZip (c72bdfd5d) and queued for root-wire to check the new closure. The sentence stays partial until hfold (MirrorFoldStatement) closes. LANDED 8389a0e6c (probe 0913-030432-13308 GREEN) | rows/ko-closed.tsv: the hKO input of [FFF S2] (TheoremC.KotowskiOllivierStatement = Hyperbolic.SharpExistence) from GHB(7), CLOSED with no binder: kotowskiOllivier_closed and its restatement Hyperbolic.sharpExistence_closed; zip move (CCKW.zipSpur_cosetComplex), distinct mirror fold (Systolic.mirrorFoldDistinct, ko-closed) and pinched mirror fold (Systolic.mirrorFoldPinched, fff-periodic) all proved, no hT6; #audit_closed_axioms within propext, Classical.choice, Quot.sound; partial because the rest of the sentence belongs to other rows; LANDED b0ab67b4a (sharpExistence_closed; kotowskiOllivier_closed since f65f99f17), probe 0913-065114-20727 green | rows/nm-endpoints.tsv: "Fournier-Facio constructs a finitely presented torsion-free group G_0 ... [S2]{FFF}": FournierFacioParagraph, the Proposition 2.3 quotient field and TheoremC.LiteratureInputs, each over hgreendlinger alone. Residual = GGT.VanKampen.RelativeGreendlingerQuasiGeodesicLeastAreaStatement.{0, 0, 0}. W1 waist (lead ruling ~14:45; post-(A) list from ghw-assembly and the lead's ~14:50 rulings; theoremc-retire's T 48c6cc71e): GGT.VanKampen.relativeGreendlingerQuasiGeodesicLeastArea_of_openResiduals (Estimating/OsinGreendlingerOpenResiduals, ghw-assembly 5f031e3a6; probe 0913-145357-69970 green, and T's probe 0913-145812-91168 rebuilt the same bytes green; #audit_axioms, wire-queued, not root-imported) proves it over eight Props and nothing else. Inside it the polygon realization, Case 2, the loop cut osinLoopCutSection (f04929ebb) and the cell and outer pocket transports are applied under #audit_closed_axioms, and the Case 1 walk and C4 are binder-free under #audit_axioms. The binders, with owners: (1) OsinLemma94PolygonSideBudgetInput (hull-count94; over-strong as stated per its docstring, superseded by OsinLemma94ClassCountInput after ghw-charp2's class-word respell); (2) OsinLemma94UnboundSameCellStatement (site 5, fff-periodic, whose (T) count and (C) binder OsinLemma94SameCellPocketInput replace it in the Covers co-probe with hull-count94, after theoremc-retire's site-5 follow-on co-probe gives the count and covers inputs the Lemma 9.7 hypothesis; systolic-counts audits it); (3) OsinLemma94CaseOneSameCellStatement (jacobson, composing ko-closed's metric kill for the pocket with no relator cell with fff-periodic's shared kill for the pocket with one; hull-unbound the pinched window; since T it also assumes clause (b) of Lemma 9.7 below the relator-cell count of Delta, so a producer may refute a loop cut by the inductive assumption); (4) OsinTwoGonHoldsSectionStatement, C6′ (debt-conditional; baseline-debt, hs-vanishes, sec2-sentences); (5) OsinMultipleEdgePocketRegionSectionStatement (kh-ejz; dgo-analytic offer); (6) OsinSectionPocketFaceSetSectionStatement (kh-ejz; cite-hull, hl-lemma46, sec2-sentences, hull-select, hull-euler); (7) PocketPinchLabelledStatement (hull-respell; kh-cckw, go-lemma42, ghw-assembly); (8) GeodesicCollarStatement (kh-torsion; hull-bridge, simple-group). So the residual, at .{0, 0, 0}, is these eight Props, and none has a closed producer on main. No carrier applies the waist yet; each still takes hgreendlinger whole. Closed premises, applied inside the carriers: the bridge premise HullSC.RelativeIsoperimetricBridgeQuasiGeodesicEmbeddedStatement.{0, 0, 0} by HullSC.relativeIsoperimetricBridgeQuasiGeodesicEmbedded_closed (18682110d, #audit_closed_axioms, root-imported); TheoremC.KotowskiOllivierStatement by KMSGroup.KotowskiOllivierClosed.kotowskiOllivier_closed and its restatement Hyperbolic.sharpExistence_closed (f65f99f17 and b0ab67b4a, #audit_closed_axioms, root-imported; its pinched fold leaf is Systolic.mirrorFoldPinched); TorsionFreePrinted.FinitelyPresentedInfiniteSimpleStatement by HydeLodha.finitelyPresentedInfiniteSimple_closed (47b31bef8, #audit_closed_axioms, root-imported). fournierFacioQuotient_of_greendlinger applies the bridge producer only, and literatureInputs_of_greendlinger the bridge and Kotowski-Ollivier producers. Each carrier applies its TorsionFreeFourLeaves form (12e1d1af8, probe 0913-013032-80446, root-imported) to these producers; fff-periodic's row on this hash records the four-leaf forms it supersedes. Retires nothing. LANDED 1edf0f7b4 (fff-periodic's TorsionFreeGreendlingerLeaf; probe 0913-063820-983 green; #audit_axioms on every carrier; root-imported at 559636b4a, GroupApproximation.lean:4974). Re-graded at origin 572b501d7: still partial. | rows/sec5-sentences.tsv: Fournier-Facio paragraph as one proposition, produced from LiteratureInputs and a finitely presented infinite simple torsion-free group; the twin with the Hull-side fields over the least-area leaves (TorsionFreeLiteratureInputsLeastArea) waits on hull-respell's HullSCBoundedImageEmbedding and HullSCUnconeLemmaB. LANDED 8b5a34ac3 9af4aaacd | Fournier-Facio paragraph produced from the literature inputs, every Hull-side field over the two least-area leaves and Chiodo, Minasyan-Osin, union geometry closed; remaining inputs Kotowski-Ollivier and a finitely presented infinite simple torsion-free group. LANDED 0939b7d4f (compiled, probe 0911-213259-84497) | rows/simple-group.tsv: simple-group: "a subgroup J <= G_0 isomorphic to a finitely presented infinite simple group" [FFF S2], witness Q_2 = [Gamma_2, Gamma_2] (Hyde-Lodha Theorem 1.1 at n = 2). Closed hW endpoint finitelyPresentedInfiniteSimple_closed : Manuscript.NonMF.TorsionFreePrinted.FinitelyPresentedInfiniteSimpleStatement (a finitely presented, power-torsion-free, simple, infinite group), from hl-lemma46's lemmaFourSixDynamics through Lemma 4.6 (upsilonFinitelyPresented_of_dynamics), Proposition 4.7 (stabKFinitelyPresented_of_upsilon) and Theorem 4.8 (finitelyPresentedInfiniteSimpleStatement_of_stabK); axioms propext, Classical.choice, Quot.sound. Partial: the sentence is the whole Fournier-Facio construction (G_0, Gamma, t, J); hW supplies only the simple group J, and FournierFacioParagraph also needs the hull-* and kh-* leaves. LANDED 47b31bef8, probe 0913-023517-12793. [census merge 4c3d9dd02] [fk-nm14 d76183d14] in progress (not a gap): the torsion-free section's closed endpoints wait on the Greendlinger least-area leaf (GGT/VanKampen/GreendlingerLeaf, relativeGreendlingerQuasiGeodesicLeastArea, not root-wired); orchestrator lanes GL01-GL06 (with GL03A ClassPocketRotationTurn, GL03B InnerPocketEnclosedTwoArc) discharge the leaf residuals and GL07 lands the binder-free TorsionFreeClosed endpoints; re-grade on landing.
KEY:dab2f2bfe084	partial	GroupApproximation.GGT.printedHullLemma35 GroupApproximation.GGT.PrintedHullLemma35 GroupApproximation.GGT.HullLemma35.isHyperbolicallyEmbedded_transitiveRelGenSet GroupApproximation.GGT.HullLemma35.exists_guessingData_transitive GroupApproximation.Manuscript.NonMF.HullCitationSentences.manuscriptSentence_hullCommonQuotient_of_leastAreaLeaves GroupApproximation.HullSC.hullCommonQuotientPrinted_of_oneStep GroupApproximation.HullSC.hullOneStepStatement_of_leastAreaLeaves GroupApproximation.Manuscript.NonMF.HullCorollary74.PrintedHullCorollary74 GroupApproximation.Manuscript.NonMF.HullCorollary74.printedHullCorollary74_of_greendlinger GroupApproximation.Manuscript.NonMF.HullCorollary74.printedHullCorollary74_of_leastAreaLeaves GroupApproximation.Manuscript.NonMF.HullCorollary74.printedHullCorollary74_of_tower GroupApproximation.Manuscript.NonMF.HullCorollary74.exists_commonQuotient_of_hullGeneratingSet GroupApproximation.Manuscript.NonMF.TorsionFreeGreendlingerLeaf.configuration_of_greendlinger GroupApproximation.Manuscript.NonMF.TorsionFreeGreendlingerLeaf.hullCommonQuotient_of_greendlinger GroupApproximation.Manuscript.NonMF.TorsionFreeGreendlingerSentences.manuscriptSentence_hullCommonQuotient_of_greendlinger	rows/baseline-debt.tsv: tex 1682 cites Hull Corollary 7.4 (arXiv:1308.4345v2, §7), whose proof uses Hull Lemma 3.5 (§3, p. 12): {H_i} ↪h G and {K^i_j} ↪h H_i for each i imply {K^i_j} ↪h G. printedHullLemma35 : PrintedHullLemma35 at printed generality (all n, all m_i, every universe u); the witness is transitiveRelGenSet D E, local finiteness by relBall_finite_transitive, hyperbolicity by the guessing geodesics criterion; #audit_closed_axioms shows propext, Classical.choice, Quot.sound. Partial: Corollary 7.4 itself is not closed here. retires unproved-statement GroupApproximation.GGT.PrintedHullLemma35 (no baseline finding; the statement landed at dd0412114 without a proof). LANDED b5f91627e, PROBE GREEN 0913-123731-5219 | rows/cite-hull.tsv: "The group G_0 is obtained there as a common quotient of two finitely generated acylindrically hyperbolic groups by Hull's theorem [Corollary 7.4], which allows the quotient to be chosen acylindrically hyperbolic; we take G_0 to be such a quotient" (row dab2f2bfe084): TorsionFreePrinted.HullCommonQuotientPrinted over the two least-area leaves of Hull Theorem 7.1 (RelativeGreendlingerQuasiGeodesicLeastAreaStatement, RelativeIsoperimetricBridgeQuasiGeodesicEmbeddedStatement). Neither leaf has an unconditional producer yet. This replaces the stale TheoremC.Configuration decl. LANDED 18de0ce6a (compiled, probe 0912-105023-79191 GREEN) | rows/cite-hull.tsv: "The group G_0 is obtained there as a common quotient of two finitely generated acylindrically hyperbolic groups by Hull's theorem [Corollary 7.4], which allows the quotient to be chosen acylindrically hyperbolic; we take G_0 to be such a quotient": Hull Corollary 7.4 is now stated verbatim at the printed generality (G1, G2 in AH, G1 finitely generated, G2 countable; non-virtually-cyclic common quotient; Q in AH0 when G2 is finitely generated; alpha_i injective on a finite F_i when K(G_i)=1) and proved from Theorem 7.1 (HullTowerStatementGeneral) via Lemma 5.10, the free factor suitability of HullFreeFactorSuitable, Corollary 7.3 and a second tower. The embedded bridge is closed, so printedHullCorollary74_of_greendlinger stands over exactly one Prop, GGT.VanKampen.RelativeGreendlingerQuasiGeodesicLeastAreaStatement. This supersedes the LINE:1675 row (tex line moved to 1682). LANDED c6e0b6c33 (probe 0913-081206-8349 GREEN) | rows/ct-rank-two-limit.tsv: ct-rank-two-limit: G_0 as a Hull Corollary 7.4 common quotient; carriers state the printed endpoint over the open waist GGT.VanKampen.RelativeGreendlingerQuasiGeodesicLeastAreaStatement.{0,0,0} alone (hgreendlinger), with the embedded bridge, Kotowski-Ollivier, the Hyde-Lodha group, DGO 2.35 and Gerasimova-Osin 1.1 applied closed. The residual-form carriers of this lane (TorsionFreeResidualsV2Copy b05937611, TorsionFreeResidualsV4 4091f7433, TorsionFreeResidualsV4Euler 236898aed) all bind CellPocketPinchPosStatement.{0,0,0}, which is refuted by GGT.VanKampen.OsinPocketCellPinchRose.cellPocketPinchRoseRefutation (e0a0776bb, #audit_closed_axioms; a four-petal rose on one-letter relators at eps = 1), so they are vacuous and are not cited. The waist form over live binders is relativeGreendlingerQuasiGeodesicLeastArea_of_residualsV4CopySection (binder 5 whole). Stays partial. | rows/fff-periodic.tsv: Hull's Corollary 7.4 in the form of line 1680 (TheoremC.HullCommonQuotientStatement) and the configuration Nonempty TheoremC.Configuration, over hgreendlinger (GGT.VanKampen.RelativeGreendlingerQuasiGeodesicLeastAreaStatement) alone: the _of_fourLeaves forms applied to HullSC.relativeIsoperimetricBridgeQuasiGeodesicEmbedded_closed (18682110d), plus KMSGroup.KotowskiOllivierClosed.kotowskiOllivier_closed (f65f99f17) for the configuration. retires open-predicate and buried-conditional GroupApproximation.Manuscript.NonMF.TorsionFreeFourLeaves.hullCommonQuotient_of_fourLeaves and GroupApproximation.Manuscript.NonMF.TorsionFreeFourLeaves.configuration_of_fourLeaves (each superseded by its _of_greendlinger form). LANDED 1edf0f7b4, PROBE GREEN 0913-063820-983 | rows/hull-bridge.tsv: Fournier-Facio paragraph, G0 as a common quotient by Hull Corollary 7.4 (HullCommonQuotientPrinted). LANDED 2aa98f8cc (probe 0913-071409-41646 green, BUILT, #audit_axioms): the _of_leastAreaLeaves form applied to relativeIsoperimetricBridgeQuasiGeodesicEmbedded_closed, so the only binder is GGT.VanKampen.RelativeGreendlingerQuasiGeodesicLeastAreaStatement.{0,0,0} (W1); the new decls carry open-predicate and buried-conditional on hgreendlinger only. Retires open-predicate and buried-conditional GroupApproximation.Manuscript.NonMF.HullCitationSentences.manuscriptSentence_hullCommonQuotient_of_leastAreaLeaves when the census row names swap. | rows/ms-torsionfree.tsv: ms-torsionfree carrier cleanup (09-13): "The group G_0 is obtained there as a common quotient of two finitely generated acylindrically hyperbolic groups by Hull's theorem [Corollary 7.4] ..." (tex 2165-2169 at 68481e4d7). Status unchanged (partial): the only remaining binder is hgreendlinger (GGT.VanKampen.RelativeGreendlingerQuasiGeodesicLeastAreaStatement), W1. TorsionFreeGreendlingerSentences.manuscriptSentence_hullCommonQuotient_of_greendlinger proves the same HullCommonQuotientPrinted over hgreendlinger alone, applying HullSC.relativeIsoperimetricBridgeQuasiGeodesicEmbedded_closed (18682110d). Drops the two-leaf forms HullCitationSentences.manuscriptSentence_hullCommonQuotient_of_leastAreaLeaves, HullSC.hullOneStepStatement_of_leastAreaLeaves and HullCorollary74.printedHullCorollary74_of_leastAreaLeaves from the row; retires buried-conditional and open-predicate GroupApproximation.Manuscript.NonMF.HullCitationSentences.manuscriptSentence_hullCommonQuotient_of_leastAreaLeaves (hbridge half). Carriers LANDED 18682110d and 2aa98f8cc (hull-bridge). | rows/nm-endpoints.tsv: "The group G_0 is obtained there as a common quotient of two finitely generated acylindrically hyperbolic groups by Hull's theorem [Corollary 7.4] ...": TheoremC.HullCommonQuotientStatement and Nonempty TheoremC.Configuration, each over hgreendlinger alone. Residual = GGT.VanKampen.RelativeGreendlingerQuasiGeodesicLeastAreaStatement.{0, 0, 0} for both carriers. W1 waist (lead ruling ~14:45; post-(A) list from ghw-assembly and the lead's ~14:50 rulings; theoremc-retire's T 48c6cc71e): GGT.VanKampen.relativeGreendlingerQuasiGeodesicLeastArea_of_openResiduals (Estimating/OsinGreendlingerOpenResiduals, ghw-assembly 5f031e3a6; probe 0913-145357-69970 green, and T's probe 0913-145812-91168 rebuilt the same bytes green; #audit_axioms, wire-queued, not root-imported) proves it over eight Props and nothing else. Inside it the polygon realization, Case 2, the loop cut osinLoopCutSection (f04929ebb) and the cell and outer pocket transports are applied under #audit_closed_axioms, and the Case 1 walk and C4 are binder-free under #audit_axioms. The binders, with owners: (1) OsinLemma94PolygonSideBudgetInput (hull-count94; over-strong as stated per its docstring, superseded by OsinLemma94ClassCountInput after ghw-charp2's class-word respell); (2) OsinLemma94UnboundSameCellStatement (site 5, fff-periodic, whose (T) count and (C) binder OsinLemma94SameCellPocketInput replace it in the Covers co-probe with hull-count94, after theoremc-retire's site-5 follow-on co-probe gives the count and covers inputs the Lemma 9.7 hypothesis; systolic-counts audits it); (3) OsinLemma94CaseOneSameCellStatement (jacobson, composing ko-closed's metric kill for the pocket with no relator cell with fff-periodic's shared kill for the pocket with one; hull-unbound the pinched window; since T it also assumes clause (b) of Lemma 9.7 below the relator-cell count of Delta, so a producer may refute a loop cut by the inductive assumption); (4) OsinTwoGonHoldsSectionStatement, C6′ (debt-conditional; baseline-debt, hs-vanishes, sec2-sentences); (5) OsinMultipleEdgePocketRegionSectionStatement (kh-ejz; dgo-analytic offer); (6) OsinSectionPocketFaceSetSectionStatement (kh-ejz; cite-hull, hl-lemma46, sec2-sentences, hull-select, hull-euler); (7) PocketPinchLabelledStatement (hull-respell; kh-cckw, go-lemma42, ghw-assembly); (8) GeodesicCollarStatement (kh-torsion; hull-bridge, simple-group). So the residual, at .{0, 0, 0}, is these eight Props, and none has a closed producer on main. No carrier applies the waist yet; each still takes hgreendlinger whole. Closed premises, applied inside the carriers: the bridge premise HullSC.RelativeIsoperimetricBridgeQuasiGeodesicEmbeddedStatement.{0, 0, 0} by HullSC.relativeIsoperimetricBridgeQuasiGeodesicEmbedded_closed (18682110d, #audit_closed_axioms, root-imported); for configuration_of_greendlinger also TheoremC.KotowskiOllivierStatement by KMSGroup.KotowskiOllivierClosed.kotowskiOllivier_closed (f65f99f17, #audit_closed_axioms, root-imported; its pinched fold leaf is Systolic.mirrorFoldPinched). Each carrier applies its TorsionFreeFourLeaves form (12e1d1af8, probe 0913-013032-80446, root-imported) to these producers; fff-periodic's row on this hash records the four-leaf forms it supersedes. Does not retire carrier-debt TheoremC.Configuration. LANDED 1edf0f7b4 (fff-periodic's TorsionFreeGreendlingerLeaf; probe 0913-063820-983 green; #audit_axioms on every carrier; root-imported at 559636b4a, GroupApproximation.lean:4974). Re-graded at origin 572b501d7: still partial. [census merge 4c3d9dd02] [fk-nm14 d76183d14] in progress (not a gap): the torsion-free section's closed endpoints wait on the Greendlinger least-area leaf (GGT/VanKampen/GreendlingerLeaf, relativeGreendlingerQuasiGeodesicLeastArea, not root-wired); orchestrator lanes GL01-GL06 (with GL03A ClassPocketRotationTurn, GL03B InnerPocketEnclosedTwoArc) discharge the leaf residuals and GL07 lands the binder-free TorsionFreeClosed endpoints; re-grade on landing.
KEY:cd7908a482b5	formalized	GroupApproximation.Full.NM14.printedBilateralThreeZInDefect_closed GroupApproximation.Manuscript.ChainCore.BilateralThree.printedBilateralThreeZInDefect_closed GroupApproximation.Manuscript.ChainCore.BilateralThree.PrintedBilateralThreeZInDefect GroupApproximation.ChainCore.ChainCoreClosures.printedBilateralThree_closed GroupApproximation.Manuscript.ChainCore.BilateralThree.bilateralThreeCellStatement GroupApproximation.Manuscript.ChainCore.BilateralThree.killed_of_finite_central_defect	rows/ct-bilateral-mf.tsv: ct-bilateral-mf: tex 1583, "Hence z in D_B(L)." proved inside killed_of_finite_central_defect from [y,[WcW^-1,l]] = z^-1 (printedDefect_generator_mem); the relations are the open piece BilateralThreeCellStatement. LANDED dfc4d5221 [census merge 4c3d9dd02] [fk-nm14 d76183d14] carriers root-reachable at origin d76183d14 (pending-wiring wording superseded). BilateralThreeCellStatement is closed by bilateralThreeCellStatement (Manuscript/ChainCore/BilateralThreeCellDischarge, #audit_closed_axioms), so the 'open cell piece' wording above is superseded; the proposition is closed as printedBilateralThree_closed (#audit_closed_axioms). The sentence-level printedBilateralThreeZInDefect_closed (foreign ChainCore/BilateralThreeZSentences) is not yet root-imported (WO-NM14-4). [fk-nm14 820440ef7] WO-NM14-4 resolved by import bridge Manuscript/NonMF/Full/CensusBridges/Sentences (820440ef7, root-imported), which imports the foreign module and restates the theorem at the same type with #audit_closed_axioms; the sentence-level printedBilateralThreeZInDefect_closed is now root-reachable, superseding 'not yet root-imported (WO-NM14-4)' above.
KEY:3550126258fb	formalized	GroupApproximation.Full.NM14.printedBilateralThreeCompressionKillsZ_closed GroupApproximation.Manuscript.ChainCore.BilateralThree.printedBilateralThreeCompressionKillsZ_closed GroupApproximation.Manuscript.ChainCore.BilateralThree.PrintedBilateralThreeCompressionKillsZ GroupApproximation.ChainCore.ChainCoreClosures.printedBilateralThree_closed GroupApproximation.Manuscript.ChainCore.BilateralThree.bilateralThreeCellStatement GroupApproximation.Manuscript.ChainCore.BilateralThree.killed_of_finite_central_defect	rows/ct-bilateral-mf.tsv: ct-bilateral-mf: tex 1587-1588, "Theorem thm:compression-criterion kills z under every MF homomorphism from B, hence from GL_3(R_X)." via manuscriptOneSidedCompressionCriterion inside the countable B; over the open cell piece. LANDED dfc4d5221 [census merge 4c3d9dd02] [fk-nm14 d76183d14] carriers root-reachable at origin d76183d14 (pending-wiring wording superseded). BilateralThreeCellStatement is closed by bilateralThreeCellStatement (Manuscript/ChainCore/BilateralThreeCellDischarge, #audit_closed_axioms), so the 'open cell piece' wording above is superseded; the proposition is closed as printedBilateralThree_closed (#audit_closed_axioms). The sentence-level printedBilateralThreeCompressionKillsZ_closed (foreign ChainCore/BilateralThreeZSentences) is not yet root-imported (WO-NM14-4). [fk-nm14 820440ef7] WO-NM14-4 resolved by import bridge Manuscript/NonMF/Full/CensusBridges/Sentences (820440ef7, root-imported), which imports the foreign module and restates the theorem at the same type with #audit_closed_axioms; the sentence-level printedBilateralThreeCompressionKillsZ_closed is now root-reachable, superseding 'not yet root-imported (WO-NM14-4)' above.
KEY:80279f06992b	formalized	GroupApproximation.Full.NM14.printedIntroExamplesTorsionAllCharacteristics_closed GroupApproximation.Manuscript.NonMFSentences.IntroExamplesTorsion.printedIntroExamplesTorsionAllCharacteristics GroupApproximation.Manuscript.NonMFSentences.IntroExamplesTorsion.PrintedIntroExamplesTorsionAllCharacteristics GroupApproximation.Manuscript.NonMFSentences.IntroExamplesTorsion.manuscriptIntroExamplesTorsion GroupApproximation.IdempotentSwap.exists_isOfFinOrder_ne_one_of_orthogonalIsometries GroupApproximation.IdempotentSwap.exists_isOfFinOrder_ne_one_of_isometry	rows/audit-nm-1.tsv: audit-nm-1: the EL_n clause needs (p:R)=0 with 0<p, but the examples above include EL₄(𝒞) with 𝒞=ℤ⟨s,t⟩/(tᵢsⱼ−δᵢⱼ) and every countable full-defect ring in every characteristic (tex 215–223); fix: w=e₁₂(1)e₂₁(−1)e₁₂(1), w⁴=1≠w. LANDED a0c769367 (audit-nm-1 ledger, notes/nm-swarm/reports/audit-nm-1.md) | rows/ms-intro-3.tsv: ms-intro-3: tex 292-293 "Every example above has torsion, and in the lamp construction the obstruction is itself a torsion element." Closed PrintedIntroExamplesTorsion: nontrivial finite-order elements in L_F2(1,2)^x, in GL_n(R) (n>=1) for every purely infinite simple R, in L_k(1,d)^x, in EL_n(R) (n>=2) over every nontrivial ring with p*1=0 (the R_X examples), and in W; and the Clifford sign of every lamp witness is a nontrivial central involution killed by every hom to an operator-MF group. Mechanism: swap involution of orthogonal equivalent idempotents (IdempotentSwapInvolution) and elementary matrices. Was structural. LANDED 68559b320 (probe 0913-174325-21575 GREEN). [census merge 4c3d9dd02] [fk-nm14 d76183d14] in progress (not a gap): the audit-nm-1 fix exists as the closed printedIntroExamplesTorsionAllCharacteristics (Weyl element w = e12(1)e21(-1)e12(1), w^4 = 1 != w, torsion in EL_n(R), n >= 2, over every nonzero ring; #audit_closed_axioms) in the foreign module Manuscript/NonMFSentences/IntroExamplesTorsionAllCharacteristics, which is not root-imported; work order WO-NM14-4 sent to main to root-wire it; re-grade to formalized on wiring. [fk-nm14 820440ef7] WO-NM14-4 resolved by import bridge Manuscript/NonMF/Full/CensusBridges/Sentences (820440ef7, root-imported), which imports the foreign module and restates the theorem at the same type with #audit_closed_axioms; the closed printedIntroExamplesTorsionAllCharacteristics (Weyl element torsion in EL_n(R), n >= 2, every nonzero ring) is now root-reachable, so the 'in progress / WO-NM14-4' wording above is superseded; re-graded to formalized.
KEY:ff376e50f433	formalized	GroupApproximation.Full.NM18.printedErasingLoopsSentence GroupApproximation.Full.NM18.PrintedErasingLoopsSentence GroupApproximation.Full.NM18.exists_short_path_of_path GroupApproximation.Full.NM18.isStepPath_eraseSegment GroupApproximation.Full.NM18.length_le_of_injective GroupApproximation.Full.NM18.mem_reachableExponents_iff_path GroupApproximation.Full.NM18.reachableExponents_subset_of_exponentBound GroupApproximation.Full.NM18.IsStepPath GroupApproximation.ChainCore.reachableExponents_eq_of_le GroupApproximation.ChainCore.exists_reachableExponents_succ_eq	rows/ms-inverses-3.tsv: ms-inverses-3: tex 1491-1492, "Erasing loops shortens any path between related points to at most m-1 steps"; the conclusion is proved by stabilization of the increasing reachable sets of card at most m, not by erasing loops. Kept partial (re-checked 23:20): a loop-erasure carrier needs a path representation of reachableExponents (sequences of step exponents with all prefix sums in C) and the pigeonhole erasure induction, neither on main; the closed endpoints do not shorten it. [census merge 4c3d9dd02] [fk-nm14 d76183d14] work order WO-NM14-1 sent to main (loop-erasure carrier over a path representation of reachableExponents). [fk-nm14 70f2a8e52] WO-NM14-1 resolved by lane NM18 (af2f33982, Manuscript/NonMF/Full/LoopErasure/Paths, root-imported): the printed loop-erasure route over a path representation of reachableExponents (IsStepPath, mem_reachableExponents_iff_path), segment deletion when two prefix sums agree (isStepPath_eraseSegment), pigeonhole under ExponentBound (length_le_of_injective), and strong induction (exists_short_path_of_path): every path from x has a path of at most m-1 steps with the same endpoint; closed printedErasingLoopsSentence (#audit_closed_axioms). The 'kept partial' wording above is superseded; re-graded to formalized.
