$ python3 verify_klein2.py ../bmw-census-left-orders-2026-09-17/census_51_30.json chains_51_30.json --trace
pattern m=5 pA=1 n=3 pB=0 iA=[1, 0, 2, 3, 4] iB=[0, 1, 2]
  (R) v20|h = r^-1, v2020|h = r^-2, r = v02|h
  (K) v|h004211 inverts v2020|h:
    h0 h0 h4 h2 h1 h1 v2 v0 v2 v0 h0 h0 h2 h4 h1 h1 v2 v0 v2 v0
    = h0 h0 h4 h2 h1 v2 h1 v0 v2 v0 h0 h0 h2 h4 h1 h1 v2 v0 v2 v0
    = h0 h0 h4 h2 v2 h1 h1 v0 v2 v0 h0 h0 h2 h4 h1 h1 v2 v0 v2 v0
    = h0 h0 h4 v2 h3 h1 h1 v0 v2 v0 h0 h0 h2 h4 h1 h1 v2 v0 v2 v0
    = h0 h0 v0 h4 h3 h1 h1 v0 v2 v0 h0 h0 h2 h4 h1 h1 v2 v0 v2 v0
    = h0 v0 h0 h4 h3 h1 h1 v0 v2 v0 h0 h0 h2 h4 h1 h1 v2 v0 v2 v0
    = v0 h0 h0 h4 h3 h1 h1 v0 v2 v0 h0 h0 h2 h4 h1 h1 v2 v0 v2 v0
    = v0 h0 h0 h4 h3 h1 v0 h1 v2 v0 h0 h0 h2 h4 h1 h1 v2 v0 v2 v0
    = v0 h0 h0 h4 h3 v0 h1 h1 v2 v0 h0 h0 h2 h4 h1 h1 v2 v0 v2 v0
    = v0 h0 h0 h4 v0 h3 h1 h1 v2 v0 h0 h0 h2 h4 h1 h1 v2 v0 v2 v0
    = v0 h0 h0 v2 h4 h3 h1 h1 v2 v0 h0 h0 h2 h4 h1 h1 v2 v0 v2 v0
    = v0 h0 v2 h0 h4 h3 h1 h1 v2 v0 h0 h0 h2 h4 h1 h1 v2 v0 v2 v0
    = v0 v2 h0 h0 h4 h3 h1 h1 v2 v0 h0 h0 h2 h4 h1 h1 v2 v0 v2 v0
    = v0 v2 h0 h0 h4 h3 h1 v2 h1 v0 h0 h0 h2 h4 h1 h1 v2 v0 v2 v0
    = v0 v2 h0 h0 h4 h3 v2 h1 h1 v0 h0 h0 h2 h4 h1 h1 v2 v0 v2 v0
    = v0 v2 h0 h0 h4 v2 h2 h1 h1 v0 h0 h0 h2 h4 h1 h1 v2 v0 v2 v0
    = v0 v2 h0 h0 v0 h4 h2 h1 h1 v0 h0 h0 h2 h4 h1 h1 v2 v0 v2 v0
    = v0 v2 h0 v0 h0 h4 h2 h1 h1 v0 h0 h0 h2 h4 h1 h1 v2 v0 v2 v0
    = v0 v2 v0 h0 h0 h4 h2 h1 h1 v0 h0 h0 h2 h4 h1 h1 v2 v0 v2 v0
    = v0 v2 v0 h0 h0 h4 h2 h1 v0 h1 h0 h0 h2 h4 h1 h1 v2 v0 v2 v0
    = v0 v2 v0 h0 h0 h4 h2 v0 h1 h1 h0 h0 h2 h4 h1 h1 v2 v0 v2 v0
    = v0 v2 v0 h0 h0 h4 v0 h2 h1 h1 h0 h0 h2 h4 h1 h1 v2 v0 v2 v0
    = v0 v2 v0 h0 h0 v2 h4 h2 h1 h1 h0 h0 h2 h4 h1 h1 v2 v0 v2 v0
    = v0 v2 v0 h0 v2 h0 h4 h2 h1 h1 h0 h0 h2 h4 h1 h1 v2 v0 v2 v0
    = v0 v2 v0 v2 h0 h0 h4 h2 h1 h1 h0 h0 h2 h4 h1 h1 v2 v0 v2 v0
    = v0 v2 v0 v2 h0 h0 h4 h2 h1 h0 h2 h4 h1 h1 v2 v0 v2 v0
    = v0 v2 v0 v2 h0 h0 h4 h2 h2 h4 h1 h1 v2 v0 v2 v0
    = v0 v2 v0 v2 h0 h0 h4 h4 h1 h1 v2 v0 v2 v0
    = v0 v2 v0 v2 h0 h0 h1 h1 v2 v0 v2 v0
    = v0 v2 v0 v2 h0 h1 v2 v0 v2 v0
    = v0 v2 v0 v2 v2 v0 v2 v0
    = v0 v2 v0 v0 v2 v0
    = v0 v2 v2 v0
    = v0 v0
    = 1
  (K) v1021|h inverts v|h004211:
    v1 v0 v2 v1 h0 h0 h4 h2 h1 h1 v1 v2 v0 v1 h0 h0 h4 h2 h1 h1
    = v1 v0 v2 v1 h0 h0 h4 h2 h1 v1 h1 v2 v0 v1 h0 h0 h4 h2 h1 h1
    = v1 v0 v2 v1 h0 h0 h4 h2 v1 h1 h1 v2 v0 v1 h0 h0 h4 h2 h1 h1
    = v1 v0 v2 v1 h0 h0 h4 v1 h2 h1 h1 v2 v0 v1 h0 h0 h4 h2 h1 h1
    = v1 v0 v2 v1 h0 h0 v1 h3 h2 h1 h1 v2 v0 v1 h0 h0 h4 h2 h1 h1
    = v1 v0 v2 v1 h0 v1 h0 h3 h2 h1 h1 v2 v0 v1 h0 h0 h4 h2 h1 h1
    = v1 v0 v2 v1 v1 h0 h0 h3 h2 h1 h1 v2 v0 v1 h0 h0 h4 h2 h1 h1
    = v1 v0 v2 h0 h0 h3 h2 h1 h1 v2 v0 v1 h0 h0 h4 h2 h1 h1
    = v1 v0 v2 h0 h0 h3 h2 h1 v2 h1 v0 v1 h0 h0 h4 h2 h1 h1
    = v1 v0 v2 h0 h0 h3 h2 v2 h1 h1 v0 v1 h0 h0 h4 h2 h1 h1
    = v1 v0 v2 h0 h0 h3 v2 h3 h1 h1 v0 v1 h0 h0 h4 h2 h1 h1
    = v1 v0 v2 h0 h0 v2 h2 h3 h1 h1 v0 v1 h0 h0 h4 h2 h1 h1
    = v1 v0 v2 h0 v2 h0 h2 h3 h1 h1 v0 v1 h0 h0 h4 h2 h1 h1
    = v1 v0 v2 v2 h0 h0 h2 h3 h1 h1 v0 v1 h0 h0 h4 h2 h1 h1
    = v1 v0 h0 h0 h2 h3 h1 h1 v0 v1 h0 h0 h4 h2 h1 h1
    = v1 v0 h0 h0 h2 h3 h1 v0 h1 v1 h0 h0 h4 h2 h1 h1
    = v1 v0 h0 h0 h2 h3 v0 h1 h1 v1 h0 h0 h4 h2 h1 h1
    = v1 v0 h0 h0 h2 v0 h3 h1 h1 v1 h0 h0 h4 h2 h1 h1
    = v1 v0 h0 h0 v0 h2 h3 h1 h1 v1 h0 h0 h4 h2 h1 h1
    = v1 v0 h0 v0 h0 h2 h3 h1 h1 v1 h0 h0 h4 h2 h1 h1
    = v1 v0 v0 h0 h0 h2 h3 h1 h1 v1 h0 h0 h4 h2 h1 h1
    = v1 h0 h0 h2 h3 h1 h1 v1 h0 h0 h4 h2 h1 h1
    = v1 h0 h0 h2 h3 h1 v1 h1 h0 h0 h4 h2 h1 h1
    = v1 h0 h0 h2 h3 v1 h1 h1 h0 h0 h4 h2 h1 h1
    = v1 h0 h0 h2 v1 h4 h1 h1 h0 h0 h4 h2 h1 h1
    = v1 h0 h0 v1 h2 h4 h1 h1 h0 h0 h4 h2 h1 h1
    = v1 h0 v1 h0 h2 h4 h1 h1 h0 h0 h4 h2 h1 h1
    = v1 v1 h0 h0 h2 h4 h1 h1 h0 h0 h4 h2 h1 h1
    = h0 h0 h2 h4 h1 h1 h0 h0 h4 h2 h1 h1
    = h0 h0 h2 h4 h1 h0 h4 h2 h1 h1
    = h0 h0 h2 h4 h4 h2 h1 h1
    = h0 h0 h2 h2 h1 h1
    = h0 h0 h1 h1
    = h0 h1
    = 1
  (R) v1021|h = r^1, v120201|h = r^-2, r = v1021|h
  (K) v|h002311 inverts v120201|h:
    h0 h0 h2 h3 h1 h1 v1 v2 v0 v2 v0 v1 h0 h0 h3 h2 h1 h1 v1 v2 v0 v2 v0 v1
    = h0 h0 h2 h3 h1 v1 h1 v2 v0 v2 v0 v1 h0 h0 h3 h2 h1 h1 v1 v2 v0 v2 v0 v1
    = h0 h0 h2 h3 v1 h1 h1 v2 v0 v2 v0 v1 h0 h0 h3 h2 h1 h1 v1 v2 v0 v2 v0 v1
    = h0 h0 h2 v1 h4 h1 h1 v2 v0 v2 v0 v1 h0 h0 h3 h2 h1 h1 v1 v2 v0 v2 v0 v1
    = h0 h0 v1 h2 h4 h1 h1 v2 v0 v2 v0 v1 h0 h0 h3 h2 h1 h1 v1 v2 v0 v2 v0 v1
    = h0 v1 h0 h2 h4 h1 h1 v2 v0 v2 v0 v1 h0 h0 h3 h2 h1 h1 v1 v2 v0 v2 v0 v1
    = v1 h0 h0 h2 h4 h1 h1 v2 v0 v2 v0 v1 h0 h0 h3 h2 h1 h1 v1 v2 v0 v2 v0 v1
    = v1 h0 h0 h2 h4 h1 v2 h1 v0 v2 v0 v1 h0 h0 h3 h2 h1 h1 v1 v2 v0 v2 v0 v1
    = v1 h0 h0 h2 h4 v2 h1 h1 v0 v2 v0 v1 h0 h0 h3 h2 h1 h1 v1 v2 v0 v2 v0 v1
    = v1 h0 h0 h2 v0 h4 h1 h1 v0 v2 v0 v1 h0 h0 h3 h2 h1 h1 v1 v2 v0 v2 v0 v1
    = v1 h0 h0 v0 h2 h4 h1 h1 v0 v2 v0 v1 h0 h0 h3 h2 h1 h1 v1 v2 v0 v2 v0 v1
    = v1 h0 v0 h0 h2 h4 h1 h1 v0 v2 v0 v1 h0 h0 h3 h2 h1 h1 v1 v2 v0 v2 v0 v1
    = v1 v0 h0 h0 h2 h4 h1 h1 v0 v2 v0 v1 h0 h0 h3 h2 h1 h1 v1 v2 v0 v2 v0 v1
    = v1 v0 h0 h0 h2 h4 h1 v0 h1 v2 v0 v1 h0 h0 h3 h2 h1 h1 v1 v2 v0 v2 v0 v1
    = v1 v0 h0 h0 h2 h4 v0 h1 h1 v2 v0 v1 h0 h0 h3 h2 h1 h1 v1 v2 v0 v2 v0 v1
    = v1 v0 h0 h0 h2 v2 h4 h1 h1 v2 v0 v1 h0 h0 h3 h2 h1 h1 v1 v2 v0 v2 v0 v1
    = v1 v0 h0 h0 v2 h3 h4 h1 h1 v2 v0 v1 h0 h0 h3 h2 h1 h1 v1 v2 v0 v2 v0 v1
    = v1 v0 h0 v2 h0 h3 h4 h1 h1 v2 v0 v1 h0 h0 h3 h2 h1 h1 v1 v2 v0 v2 v0 v1
    = v1 v0 v2 h0 h0 h3 h4 h1 h1 v2 v0 v1 h0 h0 h3 h2 h1 h1 v1 v2 v0 v2 v0 v1
    = v1 v0 v2 h0 h0 h3 h4 h1 v2 h1 v0 v1 h0 h0 h3 h2 h1 h1 v1 v2 v0 v2 v0 v1
    = v1 v0 v2 h0 h0 h3 h4 v2 h1 h1 v0 v1 h0 h0 h3 h2 h1 h1 v1 v2 v0 v2 v0 v1
    = v1 v0 v2 h0 h0 h3 v0 h4 h1 h1 v0 v1 h0 h0 h3 h2 h1 h1 v1 v2 v0 v2 v0 v1
    = v1 v0 v2 h0 h0 v0 h3 h4 h1 h1 v0 v1 h0 h0 h3 h2 h1 h1 v1 v2 v0 v2 v0 v1
    = v1 v0 v2 h0 v0 h0 h3 h4 h1 h1 v0 v1 h0 h0 h3 h2 h1 h1 v1 v2 v0 v2 v0 v1
    = v1 v0 v2 v0 h0 h0 h3 h4 h1 h1 v0 v1 h0 h0 h3 h2 h1 h1 v1 v2 v0 v2 v0 v1
    = v1 v0 v2 v0 h0 h0 h3 h4 h1 v0 h1 v1 h0 h0 h3 h2 h1 h1 v1 v2 v0 v2 v0 v1
    = v1 v0 v2 v0 h0 h0 h3 h4 v0 h1 h1 v1 h0 h0 h3 h2 h1 h1 v1 v2 v0 v2 v0 v1
    = v1 v0 v2 v0 h0 h0 h3 v2 h4 h1 h1 v1 h0 h0 h3 h2 h1 h1 v1 v2 v0 v2 v0 v1
    = v1 v0 v2 v0 h0 h0 v2 h2 h4 h1 h1 v1 h0 h0 h3 h2 h1 h1 v1 v2 v0 v2 v0 v1
    = v1 v0 v2 v0 h0 v2 h0 h2 h4 h1 h1 v1 h0 h0 h3 h2 h1 h1 v1 v2 v0 v2 v0 v1
    = v1 v0 v2 v0 v2 h0 h0 h2 h4 h1 h1 v1 h0 h0 h3 h2 h1 h1 v1 v2 v0 v2 v0 v1
    = v1 v0 v2 v0 v2 h0 h0 h2 h4 h1 v1 h1 h0 h0 h3 h2 h1 h1 v1 v2 v0 v2 v0 v1
    = v1 v0 v2 v0 v2 h0 h0 h2 h4 v1 h1 h1 h0 h0 h3 h2 h1 h1 v1 v2 v0 v2 v0 v1
    = v1 v0 v2 v0 v2 h0 h0 h2 v1 h3 h1 h1 h0 h0 h3 h2 h1 h1 v1 v2 v0 v2 v0 v1
    = v1 v0 v2 v0 v2 h0 h0 v1 h2 h3 h1 h1 h0 h0 h3 h2 h1 h1 v1 v2 v0 v2 v0 v1
    = v1 v0 v2 v0 v2 h0 v1 h0 h2 h3 h1 h1 h0 h0 h3 h2 h1 h1 v1 v2 v0 v2 v0 v1
    = v1 v0 v2 v0 v2 v1 h0 h0 h2 h3 h1 h1 h0 h0 h3 h2 h1 h1 v1 v2 v0 v2 v0 v1
    = v1 v0 v2 v0 v2 v1 h0 h0 h2 h3 h1 h0 h3 h2 h1 h1 v1 v2 v0 v2 v0 v1
    = v1 v0 v2 v0 v2 v1 h0 h0 h2 h3 h3 h2 h1 h1 v1 v2 v0 v2 v0 v1
    = v1 v0 v2 v0 v2 v1 h0 h0 h2 h2 h1 h1 v1 v2 v0 v2 v0 v1
    = v1 v0 v2 v0 v2 v1 h0 h0 h1 h1 v1 v2 v0 v2 v0 v1
    = v1 v0 v2 v0 v2 v1 h0 h1 v1 v2 v0 v2 v0 v1
    = v1 v0 v2 v0 v2 v1 v1 v2 v0 v2 v0 v1
    = v1 v0 v2 v0 v2 v2 v0 v2 v0 v1
    = v1 v0 v2 v0 v0 v2 v0 v1
    = v1 v0 v2 v2 v0 v1
    = v1 v0 v0 v1
    = v1 v1
    = 1
  (K) v20|h inverts v|h002311:
    v2 v0 h0 h0 h2 h3 h1 h1 v0 v2 h0 h0 h2 h3 h1 h1
    = v2 v0 h0 h0 h2 h3 h1 v0 h1 v2 h0 h0 h2 h3 h1 h1
    = v2 v0 h0 h0 h2 h3 v0 h1 h1 v2 h0 h0 h2 h3 h1 h1
    = v2 v0 h0 h0 h2 v0 h3 h1 h1 v2 h0 h0 h2 h3 h1 h1
    = v2 v0 h0 h0 v0 h2 h3 h1 h1 v2 h0 h0 h2 h3 h1 h1
    = v2 v0 h0 v0 h0 h2 h3 h1 h1 v2 h0 h0 h2 h3 h1 h1
    = v2 v0 v0 h0 h0 h2 h3 h1 h1 v2 h0 h0 h2 h3 h1 h1
    = v2 h0 h0 h2 h3 h1 h1 v2 h0 h0 h2 h3 h1 h1
    = v2 h0 h0 h2 h3 h1 v2 h1 h0 h0 h2 h3 h1 h1
    = v2 h0 h0 h2 h3 v2 h1 h1 h0 h0 h2 h3 h1 h1
    = v2 h0 h0 h2 v2 h2 h1 h1 h0 h0 h2 h3 h1 h1
    = v2 h0 h0 v2 h3 h2 h1 h1 h0 h0 h2 h3 h1 h1
    = v2 h0 v2 h0 h3 h2 h1 h1 h0 h0 h2 h3 h1 h1
    = v2 v2 h0 h0 h3 h2 h1 h1 h0 h0 h2 h3 h1 h1
    = h0 h0 h3 h2 h1 h1 h0 h0 h2 h3 h1 h1
    = h0 h0 h3 h2 h1 h0 h2 h3 h1 h1
    = h0 h0 h3 h2 h2 h3 h1 h1
    = h0 h0 h3 h3 h1 h1
    = h0 h0 h1 h1
    = h0 h1
    = 1
class 14 chain of length 6 with 4 inverting steps verified: Gamma^+ is not left-orderable
  (K) v|h4324 inverts v20|h:
    h4 h3 h2 h4 v2 v0 h4 h2 h3 h4 v2 v0
    = h4 h3 h2 v1 h4 v0 h4 h2 h3 h4 v2 v0
    = h4 h3 v1 h2 h4 v0 h4 h2 h3 h4 v2 v0
    = h4 v0 h3 h2 h4 v0 h4 h2 h3 h4 v2 v0
    = v0 h4 h3 h2 h4 v0 h4 h2 h3 h4 v2 v0
    = v0 h4 h3 h2 v0 h4 h4 h2 h3 h4 v2 v0
    = v0 h4 h3 v0 h2 h4 h4 h2 h3 h4 v2 v0
    = v0 h4 v1 h3 h2 h4 h4 h2 h3 h4 v2 v0
    = v0 v2 h4 h3 h2 h4 h4 h2 h3 h4 v2 v0
    = v0 v2 h4 h3 h2 h2 h3 h4 v2 v0
    = v0 v2 h4 h3 h3 h4 v2 v0
    = v0 v2 h4 h4 v2 v0
    = v0 v2 v2 v0
    = v0 v0
    = 1
  (R) v|h4324 = r^-1, v|h432324 = r^-2, r = v|h4234
  (K) v10|h inverts v|h432324:
    v1 v0 h4 h3 h2 h3 h2 h4 v0 v1 h4 h3 h2 h3 h2 h4
    = v1 v0 h4 h3 h2 h3 h2 v0 h4 v1 h4 h3 h2 h3 h2 h4
    = v1 v0 h4 h3 h2 h3 v0 h2 h4 v1 h4 h3 h2 h3 h2 h4
    = v1 v0 h4 h3 h2 v1 h3 h2 h4 v1 h4 h3 h2 h3 h2 h4
    = v1 v0 h4 h3 v1 h2 h3 h2 h4 v1 h4 h3 h2 h3 h2 h4
    = v1 v0 h4 v0 h3 h2 h3 h2 h4 v1 h4 h3 h2 h3 h2 h4
    = v1 v0 v0 h4 h3 h2 h3 h2 h4 v1 h4 h3 h2 h3 h2 h4
    = v1 h4 h3 h2 h3 h2 h4 v1 h4 h3 h2 h3 h2 h4
    = v1 h4 h3 h2 h3 h2 v2 h4 h4 h3 h2 h3 h2 h4
    = v1 h4 h3 h2 h3 v2 h3 h4 h4 h3 h2 h3 h2 h4
    = v1 h4 h3 h2 v2 h2 h3 h4 h4 h3 h2 h3 h2 h4
    = v1 h4 h3 v2 h3 h2 h3 h4 h4 h3 h2 h3 h2 h4
    = v1 h4 v2 h2 h3 h2 h3 h4 h4 h3 h2 h3 h2 h4
    = v1 v1 h4 h2 h3 h2 h3 h4 h4 h3 h2 h3 h2 h4
    = h4 h2 h3 h2 h3 h4 h4 h3 h2 h3 h2 h4
    = h4 h2 h3 h2 h3 h3 h2 h3 h2 h4
    = h4 h2 h3 h2 h2 h3 h2 h4
    = h4 h2 h3 h3 h2 h4
    = h4 h2 h2 h4
    = h4 h4
    = 1
  (K) v|h0321 inverts v10|h:
    h0 h3 h2 h1 v1 v0 h0 h2 h3 h1 v1 v0
    = h0 h3 h2 v1 h1 v0 h0 h2 h3 h1 v1 v0
    = h0 h3 v1 h2 h1 v0 h0 h2 h3 h1 v1 v0
    = h0 v0 h3 h2 h1 v0 h0 h2 h3 h1 v1 v0
    = v0 h0 h3 h2 h1 v0 h0 h2 h3 h1 v1 v0
    = v0 h0 h3 h2 v0 h1 h0 h2 h3 h1 v1 v0
    = v0 h0 h3 v0 h2 h1 h0 h2 h3 h1 v1 v0
    = v0 h0 v1 h3 h2 h1 h0 h2 h3 h1 v1 v0
    = v0 v1 h0 h3 h2 h1 h0 h2 h3 h1 v1 v0
    = v0 v1 h0 h3 h2 h2 h3 h1 v1 v0
    = v0 v1 h0 h3 h3 h1 v1 v0
    = v0 v1 h0 h1 v1 v0
    = v0 v1 v1 v0
    = v0 v0
    = 1
  (R) v|h0321 = r^-1, v|h023231 = r^2, r = v|h0231
  (K) v20|h inverts v|h023231:
    v2 v0 h0 h2 h3 h2 h3 h1 v0 v2 h0 h2 h3 h2 h3 h1
    = v2 v0 h0 h2 h3 h2 h3 v0 h1 v2 h0 h2 h3 h2 h3 h1
    = v2 v0 h0 h2 h3 h2 v1 h3 h1 v2 h0 h2 h3 h2 h3 h1
    = v2 v0 h0 h2 h3 v1 h2 h3 h1 v2 h0 h2 h3 h2 h3 h1
    = v2 v0 h0 h2 v0 h3 h2 h3 h1 v2 h0 h2 h3 h2 h3 h1
    = v2 v0 h0 v0 h2 h3 h2 h3 h1 v2 h0 h2 h3 h2 h3 h1
    = v2 v0 v0 h0 h2 h3 h2 h3 h1 v2 h0 h2 h3 h2 h3 h1
    = v2 h0 h2 h3 h2 h3 h1 v2 h0 h2 h3 h2 h3 h1
    = v2 h0 h2 h3 h2 h3 v2 h1 h0 h2 h3 h2 h3 h1
    = v2 h0 h2 h3 h2 v2 h2 h1 h0 h2 h3 h2 h3 h1
    = v2 h0 h2 h3 v2 h3 h2 h1 h0 h2 h3 h2 h3 h1
    = v2 h0 h2 v2 h2 h3 h2 h1 h0 h2 h3 h2 h3 h1
    = v2 h0 v2 h3 h2 h3 h2 h1 h0 h2 h3 h2 h3 h1
    = v2 v2 h0 h3 h2 h3 h2 h1 h0 h2 h3 h2 h3 h1
    = h0 h3 h2 h3 h2 h1 h0 h2 h3 h2 h3 h1
    = h0 h3 h2 h3 h2 h2 h3 h2 h3 h1
    = h0 h3 h2 h3 h3 h2 h3 h1
    = h0 h3 h2 h2 h3 h1
    = h0 h3 h3 h1
    = h0 h1
    = 1
class 16 chain of length 6 with 4 inverting steps verified: Gamma^+ is not left-orderable
  (R) v20|h = r^-1, v2020|h = r^-2, r = v02|h
  (K) v|h002400 inverts v2020|h:
    h0 h0 h2 h4 h0 h0 v2 v0 v2 v0 h1 h1 h4 h2 h1 h1 v2 v0 v2 v0
    = h0 h0 h2 h4 h0 v2 h1 v0 v2 v0 h1 h1 h4 h2 h1 h1 v2 v0 v2 v0
    = h0 h0 h2 h4 v2 h1 h1 v0 v2 v0 h1 h1 h4 h2 h1 h1 v2 v0 v2 v0
    = h0 h0 h2 v0 h4 h1 h1 v0 v2 v0 h1 h1 h4 h2 h1 h1 v2 v0 v2 v0
    = h0 h0 v0 h2 h4 h1 h1 v0 v2 v0 h1 h1 h4 h2 h1 h1 v2 v0 v2 v0
    = h0 v0 h0 h2 h4 h1 h1 v0 v2 v0 h1 h1 h4 h2 h1 h1 v2 v0 v2 v0
    = v0 h0 h0 h2 h4 h1 h1 v0 v2 v0 h1 h1 h4 h2 h1 h1 v2 v0 v2 v0
    = v0 h0 h0 h2 h4 h1 v0 h1 v2 v0 h1 h1 h4 h2 h1 h1 v2 v0 v2 v0
    = v0 h0 h0 h2 h4 v0 h1 h1 v2 v0 h1 h1 h4 h2 h1 h1 v2 v0 v2 v0
    = v0 h0 h0 h2 v2 h4 h1 h1 v2 v0 h1 h1 h4 h2 h1 h1 v2 v0 v2 v0
    = v0 h0 h0 v2 h3 h4 h1 h1 v2 v0 h1 h1 h4 h2 h1 h1 v2 v0 v2 v0
    = v0 h0 v2 h1 h3 h4 h1 h1 v2 v0 h1 h1 h4 h2 h1 h1 v2 v0 v2 v0
    = v0 v2 h1 h1 h3 h4 h1 h1 v2 v0 h1 h1 h4 h2 h1 h1 v2 v0 v2 v0
    = v0 v2 h1 h1 h3 h4 h1 v2 h0 v0 h1 h1 h4 h2 h1 h1 v2 v0 v2 v0
    = v0 v2 h1 h1 h3 h4 v2 h0 h0 v0 h1 h1 h4 h2 h1 h1 v2 v0 v2 v0
    = v0 v2 h1 h1 h3 v0 h4 h0 h0 v0 h1 h1 h4 h2 h1 h1 v2 v0 v2 v0
    = v0 v2 h1 h1 v0 h3 h4 h0 h0 v0 h1 h1 h4 h2 h1 h1 v2 v0 v2 v0
    = v0 v2 h1 v0 h1 h3 h4 h0 h0 v0 h1 h1 h4 h2 h1 h1 v2 v0 v2 v0
    = v0 v2 v0 h1 h1 h3 h4 h0 h0 v0 h1 h1 h4 h2 h1 h1 v2 v0 v2 v0
    = v0 v2 v0 h1 h1 h3 h4 h0 v0 h0 h1 h1 h4 h2 h1 h1 v2 v0 v2 v0
    = v0 v2 v0 h1 h1 h3 h4 v0 h0 h0 h1 h1 h4 h2 h1 h1 v2 v0 v2 v0
    = v0 v2 v0 h1 h1 h3 v2 h4 h0 h0 h1 h1 h4 h2 h1 h1 v2 v0 v2 v0
    = v0 v2 v0 h1 h1 v2 h2 h4 h0 h0 h1 h1 h4 h2 h1 h1 v2 v0 v2 v0
    = v0 v2 v0 h1 v2 h0 h2 h4 h0 h0 h1 h1 h4 h2 h1 h1 v2 v0 v2 v0
    = v0 v2 v0 v2 h0 h0 h2 h4 h0 h0 h1 h1 h4 h2 h1 h1 v2 v0 v2 v0
    = v0 v2 v0 v2 h0 h0 h2 h4 h0 h1 h4 h2 h1 h1 v2 v0 v2 v0
    = v0 v2 v0 v2 h0 h0 h2 h4 h4 h2 h1 h1 v2 v0 v2 v0
    = v0 v2 v0 v2 h0 h0 h2 h2 h1 h1 v2 v0 v2 v0
    = v0 v2 v0 v2 h0 h0 h1 h1 v2 v0 v2 v0
    = v0 v2 v0 v2 h0 h1 v2 v0 v2 v0
    = v0 v2 v0 v2 v2 v0 v2 v0
    = v0 v2 v0 v0 v2 v0
    = v0 v2 v2 v0
    = v0 v0
    = 1
  (K) v1021|h inverts v|h002400:
    v1 v0 v2 v1 h0 h0 h2 h4 h0 h0 v1 v2 v0 v1 h0 h0 h2 h4 h0 h0
    = v1 v0 v2 v1 h0 h0 h2 h4 h0 v1 h0 v2 v0 v1 h0 h0 h2 h4 h0 h0
    = v1 v0 v2 v1 h0 h0 h2 h4 v1 h0 h0 v2 v0 v1 h0 h0 h2 h4 h0 h0
    = v1 v0 v2 v1 h0 h0 h2 v1 h3 h0 h0 v2 v0 v1 h0 h0 h2 h4 h0 h0
    = v1 v0 v2 v1 h0 h0 v1 h2 h3 h0 h0 v2 v0 v1 h0 h0 h2 h4 h0 h0
    = v1 v0 v2 v1 h0 v1 h0 h2 h3 h0 h0 v2 v0 v1 h0 h0 h2 h4 h0 h0
    = v1 v0 v2 v1 v1 h0 h0 h2 h3 h0 h0 v2 v0 v1 h0 h0 h2 h4 h0 h0
    = v1 v0 v2 h0 h0 h2 h3 h0 h0 v2 v0 v1 h0 h0 h2 h4 h0 h0
    = v1 v0 v2 h0 h0 h2 h3 h0 v2 h1 v0 v1 h0 h0 h2 h4 h0 h0
    = v1 v0 v2 h0 h0 h2 h3 v2 h1 h1 v0 v1 h0 h0 h2 h4 h0 h0
    = v1 v0 v2 h0 h0 h2 v2 h2 h1 h1 v0 v1 h0 h0 h2 h4 h0 h0
    = v1 v0 v2 h0 h0 v2 h3 h2 h1 h1 v0 v1 h0 h0 h2 h4 h0 h0
    = v1 v0 v2 h0 v2 h1 h3 h2 h1 h1 v0 v1 h0 h0 h2 h4 h0 h0
    = v1 v0 v2 v2 h1 h1 h3 h2 h1 h1 v0 v1 h0 h0 h2 h4 h0 h0
    = v1 v0 h1 h1 h3 h2 h1 h1 v0 v1 h0 h0 h2 h4 h0 h0
    = v1 v0 h1 h1 h3 h2 h1 v0 h1 v1 h0 h0 h2 h4 h0 h0
    = v1 v0 h1 h1 h3 h2 v0 h1 h1 v1 h0 h0 h2 h4 h0 h0
    = v1 v0 h1 h1 h3 v0 h2 h1 h1 v1 h0 h0 h2 h4 h0 h0
    = v1 v0 h1 h1 v0 h3 h2 h1 h1 v1 h0 h0 h2 h4 h0 h0
    = v1 v0 h1 v0 h1 h3 h2 h1 h1 v1 h0 h0 h2 h4 h0 h0
    = v1 v0 v0 h1 h1 h3 h2 h1 h1 v1 h0 h0 h2 h4 h0 h0
    = v1 h1 h1 h3 h2 h1 h1 v1 h0 h0 h2 h4 h0 h0
    = v1 h1 h1 h3 h2 h1 v1 h1 h0 h0 h2 h4 h0 h0
    = v1 h1 h1 h3 h2 v1 h1 h1 h0 h0 h2 h4 h0 h0
    = v1 h1 h1 h3 v1 h2 h1 h1 h0 h0 h2 h4 h0 h0
    = v1 h1 h1 v1 h4 h2 h1 h1 h0 h0 h2 h4 h0 h0
    = v1 h1 v1 h1 h4 h2 h1 h1 h0 h0 h2 h4 h0 h0
    = v1 v1 h1 h1 h4 h2 h1 h1 h0 h0 h2 h4 h0 h0
    = h1 h1 h4 h2 h1 h1 h0 h0 h2 h4 h0 h0
    = h1 h1 h4 h2 h1 h0 h2 h4 h0 h0
    = h1 h1 h4 h2 h2 h4 h0 h0
    = h1 h1 h4 h4 h0 h0
    = h1 h1 h0 h0
    = h1 h0
    = 1
  (R) v1021|h = r^1, v120201|h = r^-2, r = v1021|h
  (K) v|h113211 inverts v120201|h:
    h1 h1 h3 h2 h1 h1 v1 v2 v0 v2 v0 v1 h0 h0 h2 h3 h0 h0 v1 v2 v0 v2 v0 v1
    = h1 h1 h3 h2 h1 v1 h1 v2 v0 v2 v0 v1 h0 h0 h2 h3 h0 h0 v1 v2 v0 v2 v0 v1
    = h1 h1 h3 h2 v1 h1 h1 v2 v0 v2 v0 v1 h0 h0 h2 h3 h0 h0 v1 v2 v0 v2 v0 v1
    = h1 h1 h3 v1 h2 h1 h1 v2 v0 v2 v0 v1 h0 h0 h2 h3 h0 h0 v1 v2 v0 v2 v0 v1
    = h1 h1 v1 h4 h2 h1 h1 v2 v0 v2 v0 v1 h0 h0 h2 h3 h0 h0 v1 v2 v0 v2 v0 v1
    = h1 v1 h1 h4 h2 h1 h1 v2 v0 v2 v0 v1 h0 h0 h2 h3 h0 h0 v1 v2 v0 v2 v0 v1
    = v1 h1 h1 h4 h2 h1 h1 v2 v0 v2 v0 v1 h0 h0 h2 h3 h0 h0 v1 v2 v0 v2 v0 v1
    = v1 h1 h1 h4 h2 h1 v2 h0 v0 v2 v0 v1 h0 h0 h2 h3 h0 h0 v1 v2 v0 v2 v0 v1
    = v1 h1 h1 h4 h2 v2 h0 h0 v0 v2 v0 v1 h0 h0 h2 h3 h0 h0 v1 v2 v0 v2 v0 v1
    = v1 h1 h1 h4 v2 h3 h0 h0 v0 v2 v0 v1 h0 h0 h2 h3 h0 h0 v1 v2 v0 v2 v0 v1
    = v1 h1 h1 v0 h4 h3 h0 h0 v0 v2 v0 v1 h0 h0 h2 h3 h0 h0 v1 v2 v0 v2 v0 v1
    = v1 h1 v0 h1 h4 h3 h0 h0 v0 v2 v0 v1 h0 h0 h2 h3 h0 h0 v1 v2 v0 v2 v0 v1
    = v1 v0 h1 h1 h4 h3 h0 h0 v0 v2 v0 v1 h0 h0 h2 h3 h0 h0 v1 v2 v0 v2 v0 v1
    = v1 v0 h1 h1 h4 h3 h0 v0 h0 v2 v0 v1 h0 h0 h2 h3 h0 h0 v1 v2 v0 v2 v0 v1
    = v1 v0 h1 h1 h4 h3 v0 h0 h0 v2 v0 v1 h0 h0 h2 h3 h0 h0 v1 v2 v0 v2 v0 v1
    = v1 v0 h1 h1 h4 v0 h3 h0 h0 v2 v0 v1 h0 h0 h2 h3 h0 h0 v1 v2 v0 v2 v0 v1
    = v1 v0 h1 h1 v2 h4 h3 h0 h0 v2 v0 v1 h0 h0 h2 h3 h0 h0 v1 v2 v0 v2 v0 v1
    = v1 v0 h1 v2 h0 h4 h3 h0 h0 v2 v0 v1 h0 h0 h2 h3 h0 h0 v1 v2 v0 v2 v0 v1
    = v1 v0 v2 h0 h0 h4 h3 h0 h0 v2 v0 v1 h0 h0 h2 h3 h0 h0 v1 v2 v0 v2 v0 v1
    = v1 v0 v2 h0 h0 h4 h3 h0 v2 h1 v0 v1 h0 h0 h2 h3 h0 h0 v1 v2 v0 v2 v0 v1
    = v1 v0 v2 h0 h0 h4 h3 v2 h1 h1 v0 v1 h0 h0 h2 h3 h0 h0 v1 v2 v0 v2 v0 v1
    = v1 v0 v2 h0 h0 h4 v2 h2 h1 h1 v0 v1 h0 h0 h2 h3 h0 h0 v1 v2 v0 v2 v0 v1
    = v1 v0 v2 h0 h0 v0 h4 h2 h1 h1 v0 v1 h0 h0 h2 h3 h0 h0 v1 v2 v0 v2 v0 v1
    = v1 v0 v2 h0 v0 h0 h4 h2 h1 h1 v0 v1 h0 h0 h2 h3 h0 h0 v1 v2 v0 v2 v0 v1
    = v1 v0 v2 v0 h0 h0 h4 h2 h1 h1 v0 v1 h0 h0 h2 h3 h0 h0 v1 v2 v0 v2 v0 v1
    = v1 v0 v2 v0 h0 h0 h4 h2 h1 v0 h1 v1 h0 h0 h2 h3 h0 h0 v1 v2 v0 v2 v0 v1
    = v1 v0 v2 v0 h0 h0 h4 h2 v0 h1 h1 v1 h0 h0 h2 h3 h0 h0 v1 v2 v0 v2 v0 v1
    = v1 v0 v2 v0 h0 h0 h4 v0 h2 h1 h1 v1 h0 h0 h2 h3 h0 h0 v1 v2 v0 v2 v0 v1
    = v1 v0 v2 v0 h0 h0 v2 h4 h2 h1 h1 v1 h0 h0 h2 h3 h0 h0 v1 v2 v0 v2 v0 v1
    = v1 v0 v2 v0 h0 v2 h1 h4 h2 h1 h1 v1 h0 h0 h2 h3 h0 h0 v1 v2 v0 v2 v0 v1
    = v1 v0 v2 v0 v2 h1 h1 h4 h2 h1 h1 v1 h0 h0 h2 h3 h0 h0 v1 v2 v0 v2 v0 v1
    = v1 v0 v2 v0 v2 h1 h1 h4 h2 h1 v1 h1 h0 h0 h2 h3 h0 h0 v1 v2 v0 v2 v0 v1
    = v1 v0 v2 v0 v2 h1 h1 h4 h2 v1 h1 h1 h0 h0 h2 h3 h0 h0 v1 v2 v0 v2 v0 v1
    = v1 v0 v2 v0 v2 h1 h1 h4 v1 h2 h1 h1 h0 h0 h2 h3 h0 h0 v1 v2 v0 v2 v0 v1
    = v1 v0 v2 v0 v2 h1 h1 v1 h3 h2 h1 h1 h0 h0 h2 h3 h0 h0 v1 v2 v0 v2 v0 v1
    = v1 v0 v2 v0 v2 h1 v1 h1 h3 h2 h1 h1 h0 h0 h2 h3 h0 h0 v1 v2 v0 v2 v0 v1
    = v1 v0 v2 v0 v2 v1 h1 h1 h3 h2 h1 h1 h0 h0 h2 h3 h0 h0 v1 v2 v0 v2 v0 v1
    = v1 v0 v2 v0 v2 v1 h1 h1 h3 h2 h1 h0 h2 h3 h0 h0 v1 v2 v0 v2 v0 v1
    = v1 v0 v2 v0 v2 v1 h1 h1 h3 h2 h2 h3 h0 h0 v1 v2 v0 v2 v0 v1
    = v1 v0 v2 v0 v2 v1 h1 h1 h3 h3 h0 h0 v1 v2 v0 v2 v0 v1
    = v1 v0 v2 v0 v2 v1 h1 h1 h0 h0 v1 v2 v0 v2 v0 v1
    = v1 v0 v2 v0 v2 v1 h1 h0 v1 v2 v0 v2 v0 v1
    = v1 v0 v2 v0 v2 v1 v1 v2 v0 v2 v0 v1
    = v1 v0 v2 v0 v2 v2 v0 v2 v0 v1
    = v1 v0 v2 v0 v0 v2 v0 v1
    = v1 v0 v2 v2 v0 v1
    = v1 v0 v0 v1
    = v1 v1
    = 1
  (K) v20|h inverts v|h113211:
    v2 v0 h1 h1 h3 h2 h1 h1 v0 v2 h1 h1 h3 h2 h1 h1
    = v2 v0 h1 h1 h3 h2 h1 v0 h1 v2 h1 h1 h3 h2 h1 h1
    = v2 v0 h1 h1 h3 h2 v0 h1 h1 v2 h1 h1 h3 h2 h1 h1
    = v2 v0 h1 h1 h3 v0 h2 h1 h1 v2 h1 h1 h3 h2 h1 h1
    = v2 v0 h1 h1 v0 h3 h2 h1 h1 v2 h1 h1 h3 h2 h1 h1
    = v2 v0 h1 v0 h1 h3 h2 h1 h1 v2 h1 h1 h3 h2 h1 h1
    = v2 v0 v0 h1 h1 h3 h2 h1 h1 v2 h1 h1 h3 h2 h1 h1
    = v2 h1 h1 h3 h2 h1 h1 v2 h1 h1 h3 h2 h1 h1
    = v2 h1 h1 h3 h2 h1 v2 h0 h1 h1 h3 h2 h1 h1
    = v2 h1 h1 h3 h2 v2 h0 h0 h1 h1 h3 h2 h1 h1
    = v2 h1 h1 h3 v2 h3 h0 h0 h1 h1 h3 h2 h1 h1
    = v2 h1 h1 v2 h2 h3 h0 h0 h1 h1 h3 h2 h1 h1
    = v2 h1 v2 h0 h2 h3 h0 h0 h1 h1 h3 h2 h1 h1
    = v2 v2 h0 h0 h2 h3 h0 h0 h1 h1 h3 h2 h1 h1
    = h0 h0 h2 h3 h0 h0 h1 h1 h3 h2 h1 h1
    = h0 h0 h2 h3 h0 h1 h3 h2 h1 h1
    = h0 h0 h2 h3 h3 h2 h1 h1
    = h0 h0 h2 h2 h1 h1
    = h0 h0 h1 h1
    = h0 h1
    = 1
class 58 chain of length 6 with 4 inverting steps verified: Gamma^+ is not left-orderable
  (K) v|h4324 inverts v20|h:
    h4 h3 h2 h4 v2 v0 h4 h2 h3 h4 v2 v0
    = h4 h3 h2 v1 h4 v0 h4 h2 h3 h4 v2 v0
    = h4 h3 v1 h2 h4 v0 h4 h2 h3 h4 v2 v0
    = h4 v0 h3 h2 h4 v0 h4 h2 h3 h4 v2 v0
    = v0 h4 h3 h2 h4 v0 h4 h2 h3 h4 v2 v0
    = v0 h4 h3 h2 v0 h4 h4 h2 h3 h4 v2 v0
    = v0 h4 h3 v0 h2 h4 h4 h2 h3 h4 v2 v0
    = v0 h4 v1 h3 h2 h4 h4 h2 h3 h4 v2 v0
    = v0 v2 h4 h3 h2 h4 h4 h2 h3 h4 v2 v0
    = v0 v2 h4 h3 h2 h2 h3 h4 v2 v0
    = v0 v2 h4 h3 h3 h4 v2 v0
    = v0 v2 h4 h4 v2 v0
    = v0 v2 v2 v0
    = v0 v0
    = 1
  (R) v|h4324 = r^-1, v|h432324 = r^-2, r = v|h4234
  (K) v10|h inverts v|h432324:
    v1 v0 h4 h3 h2 h3 h2 h4 v0 v1 h4 h3 h2 h3 h2 h4
    = v1 v0 h4 h3 h2 h3 h2 v0 h4 v1 h4 h3 h2 h3 h2 h4
    = v1 v0 h4 h3 h2 h3 v0 h2 h4 v1 h4 h3 h2 h3 h2 h4
    = v1 v0 h4 h3 h2 v1 h3 h2 h4 v1 h4 h3 h2 h3 h2 h4
    = v1 v0 h4 h3 v1 h2 h3 h2 h4 v1 h4 h3 h2 h3 h2 h4
    = v1 v0 h4 v0 h3 h2 h3 h2 h4 v1 h4 h3 h2 h3 h2 h4
    = v1 v0 v0 h4 h3 h2 h3 h2 h4 v1 h4 h3 h2 h3 h2 h4
    = v1 h4 h3 h2 h3 h2 h4 v1 h4 h3 h2 h3 h2 h4
    = v1 h4 h3 h2 h3 h2 v2 h4 h4 h3 h2 h3 h2 h4
    = v1 h4 h3 h2 h3 v2 h3 h4 h4 h3 h2 h3 h2 h4
    = v1 h4 h3 h2 v2 h2 h3 h4 h4 h3 h2 h3 h2 h4
    = v1 h4 h3 v2 h3 h2 h3 h4 h4 h3 h2 h3 h2 h4
    = v1 h4 v2 h2 h3 h2 h3 h4 h4 h3 h2 h3 h2 h4
    = v1 v1 h4 h2 h3 h2 h3 h4 h4 h3 h2 h3 h2 h4
    = h4 h2 h3 h2 h3 h4 h4 h3 h2 h3 h2 h4
    = h4 h2 h3 h2 h3 h3 h2 h3 h2 h4
    = h4 h2 h3 h2 h2 h3 h2 h4
    = h4 h2 h3 h3 h2 h4
    = h4 h2 h2 h4
    = h4 h4
    = 1
  (K) v|h23 inverts v10|h:
    h2 h3 v1 v0 h3 h2 v1 v0
    = h2 v0 h3 v0 h3 h2 v1 v0
    = v0 h2 h3 v0 h3 h2 v1 v0
    = v0 h2 v1 h3 h3 h2 v1 v0
    = v0 v1 h2 h3 h3 h2 v1 v0
    = v0 v1 h2 h2 v1 v0
    = v0 v1 v1 v0
    = v0 v0
    = 1
  (R) v|h23 = r^1, v|h2323 = r^2, r = v|h23
  (K) v20|h inverts v|h2323:
    v2 v0 h2 h3 h2 h3 v0 v2 h2 h3 h2 h3
    = v2 v0 h2 h3 h2 v1 h3 v2 h2 h3 h2 h3
    = v2 v0 h2 h3 v1 h2 h3 v2 h2 h3 h2 h3
    = v2 v0 h2 v0 h3 h2 h3 v2 h2 h3 h2 h3
    = v2 v0 v0 h2 h3 h2 h3 v2 h2 h3 h2 h3
    = v2 h2 h3 h2 h3 v2 h2 h3 h2 h3
    = v2 h2 h3 h2 v2 h2 h2 h3 h2 h3
    = v2 h2 h3 v2 h3 h2 h2 h3 h2 h3
    = v2 h2 v2 h2 h3 h2 h2 h3 h2 h3
    = v2 v2 h3 h2 h3 h2 h2 h3 h2 h3
    = h3 h2 h3 h2 h2 h3 h2 h3
    = h3 h2 h3 h3 h2 h3
    = h3 h2 h2 h3
    = h3 h3
    = 1
class 60 chain of length 6 with 4 inverting steps verified: Gamma^+ is not left-orderable
  (R) v10|h = r^-1, v1010|h = r^-2, r = v01|h
  (K) v|h004211 inverts v1010|h:
    h0 h0 h4 h2 h1 h1 v1 v0 v1 v0 h0 h0 h2 h4 h1 h1 v1 v0 v1 v0
    = h0 h0 h4 h2 h1 v1 h1 v0 v1 v0 h0 h0 h2 h4 h1 h1 v1 v0 v1 v0
    = h0 h0 h4 h2 v1 h1 h1 v0 v1 v0 h0 h0 h2 h4 h1 h1 v1 v0 v1 v0
    = h0 h0 h4 v1 h3 h1 h1 v0 v1 v0 h0 h0 h2 h4 h1 h1 v1 v0 v1 v0
    = h0 h0 v0 h4 h3 h1 h1 v0 v1 v0 h0 h0 h2 h4 h1 h1 v1 v0 v1 v0
    = h0 v0 h0 h4 h3 h1 h1 v0 v1 v0 h0 h0 h2 h4 h1 h1 v1 v0 v1 v0
    = v0 h0 h0 h4 h3 h1 h1 v0 v1 v0 h0 h0 h2 h4 h1 h1 v1 v0 v1 v0
    = v0 h0 h0 h4 h3 h1 v0 h1 v1 v0 h0 h0 h2 h4 h1 h1 v1 v0 v1 v0
    = v0 h0 h0 h4 h3 v0 h1 h1 v1 v0 h0 h0 h2 h4 h1 h1 v1 v0 v1 v0
    = v0 h0 h0 h4 v0 h3 h1 h1 v1 v0 h0 h0 h2 h4 h1 h1 v1 v0 v1 v0
    = v0 h0 h0 v1 h4 h3 h1 h1 v1 v0 h0 h0 h2 h4 h1 h1 v1 v0 v1 v0
    = v0 h0 v1 h0 h4 h3 h1 h1 v1 v0 h0 h0 h2 h4 h1 h1 v1 v0 v1 v0
    = v0 v1 h0 h0 h4 h3 h1 h1 v1 v0 h0 h0 h2 h4 h1 h1 v1 v0 v1 v0
    = v0 v1 h0 h0 h4 h3 h1 v1 h1 v0 h0 h0 h2 h4 h1 h1 v1 v0 v1 v0
    = v0 v1 h0 h0 h4 h3 v1 h1 h1 v0 h0 h0 h2 h4 h1 h1 v1 v0 v1 v0
    = v0 v1 h0 h0 h4 v1 h2 h1 h1 v0 h0 h0 h2 h4 h1 h1 v1 v0 v1 v0
    = v0 v1 h0 h0 v0 h4 h2 h1 h1 v0 h0 h0 h2 h4 h1 h1 v1 v0 v1 v0
    = v0 v1 h0 v0 h0 h4 h2 h1 h1 v0 h0 h0 h2 h4 h1 h1 v1 v0 v1 v0
    = v0 v1 v0 h0 h0 h4 h2 h1 h1 v0 h0 h0 h2 h4 h1 h1 v1 v0 v1 v0
    = v0 v1 v0 h0 h0 h4 h2 h1 v0 h1 h0 h0 h2 h4 h1 h1 v1 v0 v1 v0
    = v0 v1 v0 h0 h0 h4 h2 v0 h1 h1 h0 h0 h2 h4 h1 h1 v1 v0 v1 v0
    = v0 v1 v0 h0 h0 h4 v0 h2 h1 h1 h0 h0 h2 h4 h1 h1 v1 v0 v1 v0
    = v0 v1 v0 h0 h0 v1 h4 h2 h1 h1 h0 h0 h2 h4 h1 h1 v1 v0 v1 v0
    = v0 v1 v0 h0 v1 h0 h4 h2 h1 h1 h0 h0 h2 h4 h1 h1 v1 v0 v1 v0
    = v0 v1 v0 v1 h0 h0 h4 h2 h1 h1 h0 h0 h2 h4 h1 h1 v1 v0 v1 v0
    = v0 v1 v0 v1 h0 h0 h4 h2 h1 h0 h2 h4 h1 h1 v1 v0 v1 v0
    = v0 v1 v0 v1 h0 h0 h4 h2 h2 h4 h1 h1 v1 v0 v1 v0
    = v0 v1 v0 v1 h0 h0 h4 h4 h1 h1 v1 v0 v1 v0
    = v0 v1 v0 v1 h0 h0 h1 h1 v1 v0 v1 v0
    = v0 v1 v0 v1 h0 h1 v1 v0 v1 v0
    = v0 v1 v0 v1 v1 v0 v1 v0
    = v0 v1 v0 v0 v1 v0
    = v0 v1 v1 v0
    = v0 v0
    = 1
  (K) v2102|h inverts v|h004211:
    v2 v1 v0 v2 h0 h0 h4 h2 h1 h1 v2 v0 v1 v2 h0 h0 h4 h2 h1 h1
    = v2 v1 v0 v2 h0 h0 h4 h2 h1 v2 h0 v0 v1 v2 h0 h0 h4 h2 h1 h1
    = v2 v1 v0 v2 h0 h0 h4 h2 v2 h0 h0 v0 v1 v2 h0 h0 h4 h2 h1 h1
    = v2 v1 v0 v2 h0 h0 h4 v2 h2 h0 h0 v0 v1 v2 h0 h0 h4 h2 h1 h1
    = v2 v1 v0 v2 h0 h0 v2 h3 h2 h0 h0 v0 v1 v2 h0 h0 h4 h2 h1 h1
    = v2 v1 v0 v2 h0 v2 h1 h3 h2 h0 h0 v0 v1 v2 h0 h0 h4 h2 h1 h1
    = v2 v1 v0 v2 v2 h1 h1 h3 h2 h0 h0 v0 v1 v2 h0 h0 h4 h2 h1 h1
    = v2 v1 v0 h1 h1 h3 h2 h0 h0 v0 v1 v2 h0 h0 h4 h2 h1 h1
    = v2 v1 v0 h1 h1 h3 h2 h0 v0 h0 v1 v2 h0 h0 h4 h2 h1 h1
    = v2 v1 v0 h1 h1 h3 h2 v0 h0 h0 v1 v2 h0 h0 h4 h2 h1 h1
    = v2 v1 v0 h1 h1 h3 v0 h2 h0 h0 v1 v2 h0 h0 h4 h2 h1 h1
    = v2 v1 v0 h1 h1 v0 h3 h2 h0 h0 v1 v2 h0 h0 h4 h2 h1 h1
    = v2 v1 v0 h1 v0 h1 h3 h2 h0 h0 v1 v2 h0 h0 h4 h2 h1 h1
    = v2 v1 v0 v0 h1 h1 h3 h2 h0 h0 v1 v2 h0 h0 h4 h2 h1 h1
    = v2 v1 h1 h1 h3 h2 h0 h0 v1 v2 h0 h0 h4 h2 h1 h1
    = v2 v1 h1 h1 h3 h2 h0 v1 h0 v2 h0 h0 h4 h2 h1 h1
    = v2 v1 h1 h1 h3 h2 v1 h0 h0 v2 h0 h0 h4 h2 h1 h1
    = v2 v1 h1 h1 h3 v1 h3 h0 h0 v2 h0 h0 h4 h2 h1 h1
    = v2 v1 h1 h1 v1 h2 h3 h0 h0 v2 h0 h0 h4 h2 h1 h1
    = v2 v1 h1 v1 h1 h2 h3 h0 h0 v2 h0 h0 h4 h2 h1 h1
    = v2 v1 v1 h1 h1 h2 h3 h0 h0 v2 h0 h0 h4 h2 h1 h1
    = v2 h1 h1 h2 h3 h0 h0 v2 h0 h0 h4 h2 h1 h1
    = v2 h1 h1 h2 h3 h0 v2 h1 h0 h0 h4 h2 h1 h1
    = v2 h1 h1 h2 h3 v2 h1 h1 h0 h0 h4 h2 h1 h1
    = v2 h1 h1 h2 v2 h4 h1 h1 h0 h0 h4 h2 h1 h1
    = v2 h1 h1 v2 h2 h4 h1 h1 h0 h0 h4 h2 h1 h1
    = v2 h1 v2 h0 h2 h4 h1 h1 h0 h0 h4 h2 h1 h1
    = v2 v2 h0 h0 h2 h4 h1 h1 h0 h0 h4 h2 h1 h1
    = h0 h0 h2 h4 h1 h1 h0 h0 h4 h2 h1 h1
    = h0 h0 h2 h4 h1 h0 h4 h2 h1 h1
    = h0 h0 h2 h4 h4 h2 h1 h1
    = h0 h0 h2 h2 h1 h1
    = h0 h0 h1 h1
    = h0 h1
    = 1
  (R) v2102|h = r^-1, v201012|h = r^2, r = v2012|h
  (K) v|h002311 inverts v201012|h:
    h0 h0 h2 h3 h1 h1 v2 v0 v1 v0 v1 v2 h0 h0 h3 h2 h1 h1 v2 v0 v1 v0 v1 v2
    = h0 h0 h2 h3 h1 v2 h0 v0 v1 v0 v1 v2 h0 h0 h3 h2 h1 h1 v2 v0 v1 v0 v1 v2
    = h0 h0 h2 h3 v2 h0 h0 v0 v1 v0 v1 v2 h0 h0 h3 h2 h1 h1 v2 v0 v1 v0 v1 v2
    = h0 h0 h2 v2 h4 h0 h0 v0 v1 v0 v1 v2 h0 h0 h3 h2 h1 h1 v2 v0 v1 v0 v1 v2
    = h0 h0 v2 h2 h4 h0 h0 v0 v1 v0 v1 v2 h0 h0 h3 h2 h1 h1 v2 v0 v1 v0 v1 v2
    = h0 v2 h1 h2 h4 h0 h0 v0 v1 v0 v1 v2 h0 h0 h3 h2 h1 h1 v2 v0 v1 v0 v1 v2
    = v2 h1 h1 h2 h4 h0 h0 v0 v1 v0 v1 v2 h0 h0 h3 h2 h1 h1 v2 v0 v1 v0 v1 v2
    = v2 h1 h1 h2 h4 h0 v0 h0 v1 v0 v1 v2 h0 h0 h3 h2 h1 h1 v2 v0 v1 v0 v1 v2
    = v2 h1 h1 h2 h4 v0 h0 h0 v1 v0 v1 v2 h0 h0 h3 h2 h1 h1 v2 v0 v1 v0 v1 v2
    = v2 h1 h1 h2 v1 h4 h0 h0 v1 v0 v1 v2 h0 h0 h3 h2 h1 h1 v2 v0 v1 v0 v1 v2
    = v2 h1 h1 v1 h3 h4 h0 h0 v1 v0 v1 v2 h0 h0 h3 h2 h1 h1 v2 v0 v1 v0 v1 v2
    = v2 h1 v1 h1 h3 h4 h0 h0 v1 v0 v1 v2 h0 h0 h3 h2 h1 h1 v2 v0 v1 v0 v1 v2
    = v2 v1 h1 h1 h3 h4 h0 h0 v1 v0 v1 v2 h0 h0 h3 h2 h1 h1 v2 v0 v1 v0 v1 v2
    = v2 v1 h1 h1 h3 h4 h0 v1 h0 v0 v1 v2 h0 h0 h3 h2 h1 h1 v2 v0 v1 v0 v1 v2
    = v2 v1 h1 h1 h3 h4 v1 h0 h0 v0 v1 v2 h0 h0 h3 h2 h1 h1 v2 v0 v1 v0 v1 v2
    = v2 v1 h1 h1 h3 v0 h4 h0 h0 v0 v1 v2 h0 h0 h3 h2 h1 h1 v2 v0 v1 v0 v1 v2
    = v2 v1 h1 h1 v0 h3 h4 h0 h0 v0 v1 v2 h0 h0 h3 h2 h1 h1 v2 v0 v1 v0 v1 v2
    = v2 v1 h1 v0 h1 h3 h4 h0 h0 v0 v1 v2 h0 h0 h3 h2 h1 h1 v2 v0 v1 v0 v1 v2
    = v2 v1 v0 h1 h1 h3 h4 h0 h0 v0 v1 v2 h0 h0 h3 h2 h1 h1 v2 v0 v1 v0 v1 v2
    = v2 v1 v0 h1 h1 h3 h4 h0 v0 h0 v1 v2 h0 h0 h3 h2 h1 h1 v2 v0 v1 v0 v1 v2
    = v2 v1 v0 h1 h1 h3 h4 v0 h0 h0 v1 v2 h0 h0 h3 h2 h1 h1 v2 v0 v1 v0 v1 v2
    = v2 v1 v0 h1 h1 h3 v1 h4 h0 h0 v1 v2 h0 h0 h3 h2 h1 h1 v2 v0 v1 v0 v1 v2
    = v2 v1 v0 h1 h1 v1 h2 h4 h0 h0 v1 v2 h0 h0 h3 h2 h1 h1 v2 v0 v1 v0 v1 v2
    = v2 v1 v0 h1 v1 h1 h2 h4 h0 h0 v1 v2 h0 h0 h3 h2 h1 h1 v2 v0 v1 v0 v1 v2
    = v2 v1 v0 v1 h1 h1 h2 h4 h0 h0 v1 v2 h0 h0 h3 h2 h1 h1 v2 v0 v1 v0 v1 v2
    = v2 v1 v0 v1 h1 h1 h2 h4 h0 v1 h0 v2 h0 h0 h3 h2 h1 h1 v2 v0 v1 v0 v1 v2
    = v2 v1 v0 v1 h1 h1 h2 h4 v1 h0 h0 v2 h0 h0 h3 h2 h1 h1 v2 v0 v1 v0 v1 v2
    = v2 v1 v0 v1 h1 h1 h2 v0 h4 h0 h0 v2 h0 h0 h3 h2 h1 h1 v2 v0 v1 v0 v1 v2
    = v2 v1 v0 v1 h1 h1 v0 h2 h4 h0 h0 v2 h0 h0 h3 h2 h1 h1 v2 v0 v1 v0 v1 v2
    = v2 v1 v0 v1 h1 v0 h1 h2 h4 h0 h0 v2 h0 h0 h3 h2 h1 h1 v2 v0 v1 v0 v1 v2
    = v2 v1 v0 v1 v0 h1 h1 h2 h4 h0 h0 v2 h0 h0 h3 h2 h1 h1 v2 v0 v1 v0 v1 v2
    = v2 v1 v0 v1 v0 h1 h1 h2 h4 h0 v2 h1 h0 h0 h3 h2 h1 h1 v2 v0 v1 v0 v1 v2
    = v2 v1 v0 v1 v0 h1 h1 h2 h4 v2 h1 h1 h0 h0 h3 h2 h1 h1 v2 v0 v1 v0 v1 v2
    = v2 v1 v0 v1 v0 h1 h1 h2 v2 h3 h1 h1 h0 h0 h3 h2 h1 h1 v2 v0 v1 v0 v1 v2
    = v2 v1 v0 v1 v0 h1 h1 v2 h2 h3 h1 h1 h0 h0 h3 h2 h1 h1 v2 v0 v1 v0 v1 v2
    = v2 v1 v0 v1 v0 h1 v2 h0 h2 h3 h1 h1 h0 h0 h3 h2 h1 h1 v2 v0 v1 v0 v1 v2
    = v2 v1 v0 v1 v0 v2 h0 h0 h2 h3 h1 h1 h0 h0 h3 h2 h1 h1 v2 v0 v1 v0 v1 v2
    = v2 v1 v0 v1 v0 v2 h0 h0 h2 h3 h1 h0 h3 h2 h1 h1 v2 v0 v1 v0 v1 v2
    = v2 v1 v0 v1 v0 v2 h0 h0 h2 h3 h3 h2 h1 h1 v2 v0 v1 v0 v1 v2
    = v2 v1 v0 v1 v0 v2 h0 h0 h2 h2 h1 h1 v2 v0 v1 v0 v1 v2
    = v2 v1 v0 v1 v0 v2 h0 h0 h1 h1 v2 v0 v1 v0 v1 v2
    = v2 v1 v0 v1 v0 v2 h0 h1 v2 v0 v1 v0 v1 v2
    = v2 v1 v0 v1 v0 v2 v2 v0 v1 v0 v1 v2
    = v2 v1 v0 v1 v0 v0 v1 v0 v1 v2
    = v2 v1 v0 v1 v1 v0 v1 v2
    = v2 v1 v0 v0 v1 v2
    = v2 v1 v1 v2
    = v2 v2
    = 1
  (K) v10|h inverts v|h002311:
    v1 v0 h0 h0 h2 h3 h1 h1 v0 v1 h0 h0 h2 h3 h1 h1
    = v1 v0 h0 h0 h2 h3 h1 v0 h1 v1 h0 h0 h2 h3 h1 h1
    = v1 v0 h0 h0 h2 h3 v0 h1 h1 v1 h0 h0 h2 h3 h1 h1
    = v1 v0 h0 h0 h2 v0 h3 h1 h1 v1 h0 h0 h2 h3 h1 h1
    = v1 v0 h0 h0 v0 h2 h3 h1 h1 v1 h0 h0 h2 h3 h1 h1
    = v1 v0 h0 v0 h0 h2 h3 h1 h1 v1 h0 h0 h2 h3 h1 h1
    = v1 v0 v0 h0 h0 h2 h3 h1 h1 v1 h0 h0 h2 h3 h1 h1
    = v1 h0 h0 h2 h3 h1 h1 v1 h0 h0 h2 h3 h1 h1
    = v1 h0 h0 h2 h3 h1 v1 h1 h0 h0 h2 h3 h1 h1
    = v1 h0 h0 h2 h3 v1 h1 h1 h0 h0 h2 h3 h1 h1
    = v1 h0 h0 h2 v1 h2 h1 h1 h0 h0 h2 h3 h1 h1
    = v1 h0 h0 v1 h3 h2 h1 h1 h0 h0 h2 h3 h1 h1
    = v1 h0 v1 h0 h3 h2 h1 h1 h0 h0 h2 h3 h1 h1
    = v1 v1 h0 h0 h3 h2 h1 h1 h0 h0 h2 h3 h1 h1
    = h0 h0 h3 h2 h1 h1 h0 h0 h2 h3 h1 h1
    = h0 h0 h3 h2 h1 h0 h2 h3 h1 h1
    = h0 h0 h3 h2 h2 h3 h1 h1
    = h0 h0 h3 h3 h1 h1
    = h0 h0 h1 h1
    = h0 h1
    = 1
class 66 chain of length 6 with 4 inverting steps verified: Gamma^+ is not left-orderable
  (R) v0210|h = r^-1, v012120|h = r^2, r = v0120|h
  (K) v|h113211 inverts v012120|h:
    h1 h1 h3 h2 h1 h1 v0 v1 v2 v1 v2 v0 h0 h0 h2 h3 h0 h0 v0 v1 v2 v1 v2 v0
    = h1 h1 h3 h2 h1 v0 h1 v1 v2 v1 v2 v0 h0 h0 h2 h3 h0 h0 v0 v1 v2 v1 v2 v0
    = h1 h1 h3 h2 v0 h1 h1 v1 v2 v1 v2 v0 h0 h0 h2 h3 h0 h0 v0 v1 v2 v1 v2 v0
    = h1 h1 h3 v0 h2 h1 h1 v1 v2 v1 v2 v0 h0 h0 h2 h3 h0 h0 v0 v1 v2 v1 v2 v0
    = h1 h1 v0 h4 h2 h1 h1 v1 v2 v1 v2 v0 h0 h0 h2 h3 h0 h0 v0 v1 v2 v1 v2 v0
    = h1 v0 h1 h4 h2 h1 h1 v1 v2 v1 v2 v0 h0 h0 h2 h3 h0 h0 v0 v1 v2 v1 v2 v0
    = v0 h1 h1 h4 h2 h1 h1 v1 v2 v1 v2 v0 h0 h0 h2 h3 h0 h0 v0 v1 v2 v1 v2 v0
    = v0 h1 h1 h4 h2 h1 v1 h1 v2 v1 v2 v0 h0 h0 h2 h3 h0 h0 v0 v1 v2 v1 v2 v0
    = v0 h1 h1 h4 h2 v1 h1 h1 v2 v1 v2 v0 h0 h0 h2 h3 h0 h0 v0 v1 v2 v1 v2 v0
    = v0 h1 h1 h4 v1 h3 h1 h1 v2 v1 v2 v0 h0 h0 h2 h3 h0 h0 v0 v1 v2 v1 v2 v0
    = v0 h1 h1 v2 h4 h3 h1 h1 v2 v1 v2 v0 h0 h0 h2 h3 h0 h0 v0 v1 v2 v1 v2 v0
    = v0 h1 v2 h0 h4 h3 h1 h1 v2 v1 v2 v0 h0 h0 h2 h3 h0 h0 v0 v1 v2 v1 v2 v0
    = v0 v2 h0 h0 h4 h3 h1 h1 v2 v1 v2 v0 h0 h0 h2 h3 h0 h0 v0 v1 v2 v1 v2 v0
    = v0 v2 h0 h0 h4 h3 h1 v2 h0 v1 v2 v0 h0 h0 h2 h3 h0 h0 v0 v1 v2 v1 v2 v0
    = v0 v2 h0 h0 h4 h3 v2 h0 h0 v1 v2 v0 h0 h0 h2 h3 h0 h0 v0 v1 v2 v1 v2 v0
    = v0 v2 h0 h0 h4 v2 h3 h0 h0 v1 v2 v0 h0 h0 h2 h3 h0 h0 v0 v1 v2 v1 v2 v0
    = v0 v2 h0 h0 v1 h4 h3 h0 h0 v1 v2 v0 h0 h0 h2 h3 h0 h0 v0 v1 v2 v1 v2 v0
    = v0 v2 h0 v1 h0 h4 h3 h0 h0 v1 v2 v0 h0 h0 h2 h3 h0 h0 v0 v1 v2 v1 v2 v0
    = v0 v2 v1 h0 h0 h4 h3 h0 h0 v1 v2 v0 h0 h0 h2 h3 h0 h0 v0 v1 v2 v1 v2 v0
    = v0 v2 v1 h0 h0 h4 h3 h0 v1 h0 v2 v0 h0 h0 h2 h3 h0 h0 v0 v1 v2 v1 v2 v0
    = v0 v2 v1 h0 h0 h4 h3 v1 h0 h0 v2 v0 h0 h0 h2 h3 h0 h0 v0 v1 v2 v1 v2 v0
    = v0 v2 v1 h0 h0 h4 v1 h2 h0 h0 v2 v0 h0 h0 h2 h3 h0 h0 v0 v1 v2 v1 v2 v0
    = v0 v2 v1 h0 h0 v2 h4 h2 h0 h0 v2 v0 h0 h0 h2 h3 h0 h0 v0 v1 v2 v1 v2 v0
    = v0 v2 v1 h0 v2 h1 h4 h2 h0 h0 v2 v0 h0 h0 h2 h3 h0 h0 v0 v1 v2 v1 v2 v0
    = v0 v2 v1 v2 h1 h1 h4 h2 h0 h0 v2 v0 h0 h0 h2 h3 h0 h0 v0 v1 v2 v1 v2 v0
    = v0 v2 v1 v2 h1 h1 h4 h2 h0 v2 h1 v0 h0 h0 h2 h3 h0 h0 v0 v1 v2 v1 v2 v0
    = v0 v2 v1 v2 h1 h1 h4 h2 v2 h1 h1 v0 h0 h0 h2 h3 h0 h0 v0 v1 v2 v1 v2 v0
    = v0 v2 v1 v2 h1 h1 h4 v2 h2 h1 h1 v0 h0 h0 h2 h3 h0 h0 v0 v1 v2 v1 v2 v0
    = v0 v2 v1 v2 h1 h1 v1 h4 h2 h1 h1 v0 h0 h0 h2 h3 h0 h0 v0 v1 v2 v1 v2 v0
    = v0 v2 v1 v2 h1 v1 h1 h4 h2 h1 h1 v0 h0 h0 h2 h3 h0 h0 v0 v1 v2 v1 v2 v0
    = v0 v2 v1 v2 v1 h1 h1 h4 h2 h1 h1 v0 h0 h0 h2 h3 h0 h0 v0 v1 v2 v1 v2 v0
    = v0 v2 v1 v2 v1 h1 h1 h4 h2 h1 v0 h1 h0 h0 h2 h3 h0 h0 v0 v1 v2 v1 v2 v0
    = v0 v2 v1 v2 v1 h1 h1 h4 h2 v0 h1 h1 h0 h0 h2 h3 h0 h0 v0 v1 v2 v1 v2 v0
    = v0 v2 v1 v2 v1 h1 h1 h4 v0 h2 h1 h1 h0 h0 h2 h3 h0 h0 v0 v1 v2 v1 v2 v0
    = v0 v2 v1 v2 v1 h1 h1 v0 h3 h2 h1 h1 h0 h0 h2 h3 h0 h0 v0 v1 v2 v1 v2 v0
    = v0 v2 v1 v2 v1 h1 v0 h1 h3 h2 h1 h1 h0 h0 h2 h3 h0 h0 v0 v1 v2 v1 v2 v0
    = v0 v2 v1 v2 v1 v0 h1 h1 h3 h2 h1 h1 h0 h0 h2 h3 h0 h0 v0 v1 v2 v1 v2 v0
    = v0 v2 v1 v2 v1 v0 h1 h1 h3 h2 h1 h0 h2 h3 h0 h0 v0 v1 v2 v1 v2 v0
    = v0 v2 v1 v2 v1 v0 h1 h1 h3 h2 h2 h3 h0 h0 v0 v1 v2 v1 v2 v0
    = v0 v2 v1 v2 v1 v0 h1 h1 h3 h3 h0 h0 v0 v1 v2 v1 v2 v0
    = v0 v2 v1 v2 v1 v0 h1 h1 h0 h0 v0 v1 v2 v1 v2 v0
    = v0 v2 v1 v2 v1 v0 h1 h0 v0 v1 v2 v1 v2 v0
    = v0 v2 v1 v2 v1 v0 v0 v1 v2 v1 v2 v0
    = v0 v2 v1 v2 v1 v1 v2 v1 v2 v0
    = v0 v2 v1 v2 v2 v1 v2 v0
    = v0 v2 v1 v1 v2 v0
    = v0 v2 v2 v0
    = v0 v0
    = 1
  (K) v12|h inverts v|h113211:
    v1 v2 h1 h1 h3 h2 h1 h1 v2 v1 h1 h1 h3 h2 h1 h1
    = v1 v2 h1 h1 h3 h2 h1 v2 h0 v1 h1 h1 h3 h2 h1 h1
    = v1 v2 h1 h1 h3 h2 v2 h0 h0 v1 h1 h1 h3 h2 h1 h1
    = v1 v2 h1 h1 h3 v2 h2 h0 h0 v1 h1 h1 h3 h2 h1 h1
    = v1 v2 h1 h1 v2 h3 h2 h0 h0 v1 h1 h1 h3 h2 h1 h1
    = v1 v2 h1 v2 h0 h3 h2 h0 h0 v1 h1 h1 h3 h2 h1 h1
    = v1 v2 v2 h0 h0 h3 h2 h0 h0 v1 h1 h1 h3 h2 h1 h1
    = v1 h0 h0 h3 h2 h0 h0 v1 h1 h1 h3 h2 h1 h1
    = v1 h0 h0 h3 h2 h0 v1 h0 h1 h1 h3 h2 h1 h1
    = v1 h0 h0 h3 h2 v1 h0 h0 h1 h1 h3 h2 h1 h1
    = v1 h0 h0 h3 v1 h3 h0 h0 h1 h1 h3 h2 h1 h1
    = v1 h0 h0 v1 h2 h3 h0 h0 h1 h1 h3 h2 h1 h1
    = v1 h0 v1 h0 h2 h3 h0 h0 h1 h1 h3 h2 h1 h1
    = v1 v1 h0 h0 h2 h3 h0 h0 h1 h1 h3 h2 h1 h1
    = h0 h0 h2 h3 h0 h0 h1 h1 h3 h2 h1 h1
    = h0 h0 h2 h3 h0 h1 h3 h2 h1 h1
    = h0 h0 h2 h3 h3 h2 h1 h1
    = h0 h0 h2 h2 h1 h1
    = h0 h0 h1 h1
    = h0 h1
    = 1
  (R) v12|h = r^1, v2121|h = r^-2, r = v12|h
  (K) v|h002400 inverts v2121|h:
    h0 h0 h2 h4 h0 h0 v2 v1 v2 v1 h1 h1 h4 h2 h1 h1 v2 v1 v2 v1
    = h0 h0 h2 h4 h0 v2 h1 v1 v2 v1 h1 h1 h4 h2 h1 h1 v2 v1 v2 v1
    = h0 h0 h2 h4 v2 h1 h1 v1 v2 v1 h1 h1 h4 h2 h1 h1 v2 v1 v2 v1
    = h0 h0 h2 v1 h4 h1 h1 v1 v2 v1 h1 h1 h4 h2 h1 h1 v2 v1 v2 v1
    = h0 h0 v1 h3 h4 h1 h1 v1 v2 v1 h1 h1 h4 h2 h1 h1 v2 v1 v2 v1
    = h0 v1 h0 h3 h4 h1 h1 v1 v2 v1 h1 h1 h4 h2 h1 h1 v2 v1 v2 v1
    = v1 h0 h0 h3 h4 h1 h1 v1 v2 v1 h1 h1 h4 h2 h1 h1 v2 v1 v2 v1
    = v1 h0 h0 h3 h4 h1 v1 h1 v2 v1 h1 h1 h4 h2 h1 h1 v2 v1 v2 v1
    = v1 h0 h0 h3 h4 v1 h1 h1 v2 v1 h1 h1 h4 h2 h1 h1 v2 v1 v2 v1
    = v1 h0 h0 h3 v2 h4 h1 h1 v2 v1 h1 h1 h4 h2 h1 h1 v2 v1 v2 v1
    = v1 h0 h0 v2 h3 h4 h1 h1 v2 v1 h1 h1 h4 h2 h1 h1 v2 v1 v2 v1
    = v1 h0 v2 h1 h3 h4 h1 h1 v2 v1 h1 h1 h4 h2 h1 h1 v2 v1 v2 v1
    = v1 v2 h1 h1 h3 h4 h1 h1 v2 v1 h1 h1 h4 h2 h1 h1 v2 v1 v2 v1
    = v1 v2 h1 h1 h3 h4 h1 v2 h0 v1 h1 h1 h4 h2 h1 h1 v2 v1 v2 v1
    = v1 v2 h1 h1 h3 h4 v2 h0 h0 v1 h1 h1 h4 h2 h1 h1 v2 v1 v2 v1
    = v1 v2 h1 h1 h3 v1 h4 h0 h0 v1 h1 h1 h4 h2 h1 h1 v2 v1 v2 v1
    = v1 v2 h1 h1 v1 h2 h4 h0 h0 v1 h1 h1 h4 h2 h1 h1 v2 v1 v2 v1
    = v1 v2 h1 v1 h1 h2 h4 h0 h0 v1 h1 h1 h4 h2 h1 h1 v2 v1 v2 v1
    = v1 v2 v1 h1 h1 h2 h4 h0 h0 v1 h1 h1 h4 h2 h1 h1 v2 v1 v2 v1
    = v1 v2 v1 h1 h1 h2 h4 h0 v1 h0 h1 h1 h4 h2 h1 h1 v2 v1 v2 v1
    = v1 v2 v1 h1 h1 h2 h4 v1 h0 h0 h1 h1 h4 h2 h1 h1 v2 v1 v2 v1
    = v1 v2 v1 h1 h1 h2 v2 h4 h0 h0 h1 h1 h4 h2 h1 h1 v2 v1 v2 v1
    = v1 v2 v1 h1 h1 v2 h2 h4 h0 h0 h1 h1 h4 h2 h1 h1 v2 v1 v2 v1
    = v1 v2 v1 h1 v2 h0 h2 h4 h0 h0 h1 h1 h4 h2 h1 h1 v2 v1 v2 v1
    = v1 v2 v1 v2 h0 h0 h2 h4 h0 h0 h1 h1 h4 h2 h1 h1 v2 v1 v2 v1
    = v1 v2 v1 v2 h0 h0 h2 h4 h0 h1 h4 h2 h1 h1 v2 v1 v2 v1
    = v1 v2 v1 v2 h0 h0 h2 h4 h4 h2 h1 h1 v2 v1 v2 v1
    = v1 v2 v1 v2 h0 h0 h2 h2 h1 h1 v2 v1 v2 v1
    = v1 v2 v1 v2 h0 h0 h1 h1 v2 v1 v2 v1
    = v1 v2 v1 v2 h0 h1 v2 v1 v2 v1
    = v1 v2 v1 v2 v2 v1 v2 v1
    = v1 v2 v1 v1 v2 v1
    = v1 v2 v2 v1
    = v1 v1
    = 1
  (K) v0210|h inverts v|h002400:
    v0 v2 v1 v0 h0 h0 h2 h4 h0 h0 v0 v1 v2 v0 h0 h0 h2 h4 h0 h0
    = v0 v2 v1 v0 h0 h0 h2 h4 h0 v0 h0 v1 v2 v0 h0 h0 h2 h4 h0 h0
    = v0 v2 v1 v0 h0 h0 h2 h4 v0 h0 h0 v1 v2 v0 h0 h0 h2 h4 h0 h0
    = v0 v2 v1 v0 h0 h0 h2 v0 h3 h0 h0 v1 v2 v0 h0 h0 h2 h4 h0 h0
    = v0 v2 v1 v0 h0 h0 v0 h2 h3 h0 h0 v1 v2 v0 h0 h0 h2 h4 h0 h0
    = v0 v2 v1 v0 h0 v0 h0 h2 h3 h0 h0 v1 v2 v0 h0 h0 h2 h4 h0 h0
    = v0 v2 v1 v0 v0 h0 h0 h2 h3 h0 h0 v1 v2 v0 h0 h0 h2 h4 h0 h0
    = v0 v2 v1 h0 h0 h2 h3 h0 h0 v1 v2 v0 h0 h0 h2 h4 h0 h0
    = v0 v2 v1 h0 h0 h2 h3 h0 v1 h0 v2 v0 h0 h0 h2 h4 h0 h0
    = v0 v2 v1 h0 h0 h2 h3 v1 h0 h0 v2 v0 h0 h0 h2 h4 h0 h0
    = v0 v2 v1 h0 h0 h2 v1 h2 h0 h0 v2 v0 h0 h0 h2 h4 h0 h0
    = v0 v2 v1 h0 h0 v1 h3 h2 h0 h0 v2 v0 h0 h0 h2 h4 h0 h0
    = v0 v2 v1 h0 v1 h0 h3 h2 h0 h0 v2 v0 h0 h0 h2 h4 h0 h0
    = v0 v2 v1 v1 h0 h0 h3 h2 h0 h0 v2 v0 h0 h0 h2 h4 h0 h0
    = v0 v2 h0 h0 h3 h2 h0 h0 v2 v0 h0 h0 h2 h4 h0 h0
    = v0 v2 h0 h0 h3 h2 h0 v2 h1 v0 h0 h0 h2 h4 h0 h0
    = v0 v2 h0 h0 h3 h2 v2 h1 h1 v0 h0 h0 h2 h4 h0 h0
    = v0 v2 h0 h0 h3 v2 h2 h1 h1 v0 h0 h0 h2 h4 h0 h0
    = v0 v2 h0 h0 v2 h3 h2 h1 h1 v0 h0 h0 h2 h4 h0 h0
    = v0 v2 h0 v2 h1 h3 h2 h1 h1 v0 h0 h0 h2 h4 h0 h0
    = v0 v2 v2 h1 h1 h3 h2 h1 h1 v0 h0 h0 h2 h4 h0 h0
    = v0 h1 h1 h3 h2 h1 h1 v0 h0 h0 h2 h4 h0 h0
    = v0 h1 h1 h3 h2 h1 v0 h1 h0 h0 h2 h4 h0 h0
    = v0 h1 h1 h3 h2 v0 h1 h1 h0 h0 h2 h4 h0 h0
    = v0 h1 h1 h3 v0 h2 h1 h1 h0 h0 h2 h4 h0 h0
    = v0 h1 h1 v0 h4 h2 h1 h1 h0 h0 h2 h4 h0 h0
    = v0 h1 v0 h1 h4 h2 h1 h1 h0 h0 h2 h4 h0 h0
    = v0 v0 h1 h1 h4 h2 h1 h1 h0 h0 h2 h4 h0 h0
    = h1 h1 h4 h2 h1 h1 h0 h0 h2 h4 h0 h0
    = h1 h1 h4 h2 h1 h0 h2 h4 h0 h0
    = h1 h1 h4 h2 h2 h4 h0 h0
    = h1 h1 h4 h4 h0 h0
    = h1 h1 h0 h0
    = h1 h0
    = 1
class 68 chain of length 6 with 4 inverting steps verified: Gamma^+ is not left-orderable
  (K) v|h23 inverts v20|h:
    h2 h3 v2 v0 h3 h2 v2 v0
    = h2 v0 h3 v0 h3 h2 v2 v0
    = v0 h2 h3 v0 h3 h2 v2 v0
    = v0 h2 v2 h3 h3 h2 v2 v0
    = v0 v2 h2 h3 h3 h2 v2 v0
    = v0 v2 h2 h2 v2 v0
    = v0 v2 v2 v0
    = v0 v0
    = 1
  (R) v|h23 = r^1, v|h2323 = r^2, r = v|h23
  (K) v10|h inverts v|h2323:
    v1 v0 h2 h3 h2 h3 v0 v1 h2 h3 h2 h3
    = v1 v0 h2 h3 h2 v2 h3 v1 h2 h3 h2 h3
    = v1 v0 h2 h3 v2 h2 h3 v1 h2 h3 h2 h3
    = v1 v0 h2 v0 h3 h2 h3 v1 h2 h3 h2 h3
    = v1 v0 v0 h2 h3 h2 h3 v1 h2 h3 h2 h3
    = v1 h2 h3 h2 h3 v1 h2 h3 h2 h3
    = v1 h2 h3 h2 v1 h2 h2 h3 h2 h3
    = v1 h2 h3 v1 h3 h2 h2 h3 h2 h3
    = v1 h2 v1 h2 h3 h2 h2 h3 h2 h3
    = v1 v1 h3 h2 h3 h2 h2 h3 h2 h3
    = h3 h2 h3 h2 h2 h3 h2 h3
    = h3 h2 h3 h3 h2 h3
    = h3 h2 h2 h3
    = h3 h3
    = 1
  (K) v|h4324 inverts v10|h:
    h4 h3 h2 h4 v1 v0 h4 h2 h3 h4 v1 v0
    = h4 h3 h2 v2 h4 v0 h4 h2 h3 h4 v1 v0
    = h4 h3 v2 h2 h4 v0 h4 h2 h3 h4 v1 v0
    = h4 v0 h3 h2 h4 v0 h4 h2 h3 h4 v1 v0
    = v0 h4 h3 h2 h4 v0 h4 h2 h3 h4 v1 v0
    = v0 h4 h3 h2 v0 h4 h4 h2 h3 h4 v1 v0
    = v0 h4 h3 v0 h2 h4 h4 h2 h3 h4 v1 v0
    = v0 h4 v2 h3 h2 h4 h4 h2 h3 h4 v1 v0
    = v0 v1 h4 h3 h2 h4 h4 h2 h3 h4 v1 v0
    = v0 v1 h4 h3 h2 h2 h3 h4 v1 v0
    = v0 v1 h4 h3 h3 h4 v1 v0
    = v0 v1 h4 h4 v1 v0
    = v0 v1 v1 v0
    = v0 v0
    = 1
  (R) v|h4324 = r^-1, v|h432324 = r^-2, r = v|h4234
  (K) v20|h inverts v|h432324:
    v2 v0 h4 h3 h2 h3 h2 h4 v0 v2 h4 h3 h2 h3 h2 h4
    = v2 v0 h4 h3 h2 h3 h2 v0 h4 v2 h4 h3 h2 h3 h2 h4
    = v2 v0 h4 h3 h2 h3 v0 h2 h4 v2 h4 h3 h2 h3 h2 h4
    = v2 v0 h4 h3 h2 v2 h3 h2 h4 v2 h4 h3 h2 h3 h2 h4
    = v2 v0 h4 h3 v2 h2 h3 h2 h4 v2 h4 h3 h2 h3 h2 h4
    = v2 v0 h4 v0 h3 h2 h3 h2 h4 v2 h4 h3 h2 h3 h2 h4
    = v2 v0 v0 h4 h3 h2 h3 h2 h4 v2 h4 h3 h2 h3 h2 h4
    = v2 h4 h3 h2 h3 h2 h4 v2 h4 h3 h2 h3 h2 h4
    = v2 h4 h3 h2 h3 h2 v1 h4 h4 h3 h2 h3 h2 h4
    = v2 h4 h3 h2 h3 v1 h3 h4 h4 h3 h2 h3 h2 h4
    = v2 h4 h3 h2 v1 h2 h3 h4 h4 h3 h2 h3 h2 h4
    = v2 h4 h3 v1 h3 h2 h3 h4 h4 h3 h2 h3 h2 h4
    = v2 h4 v1 h2 h3 h2 h3 h4 h4 h3 h2 h3 h2 h4
    = v2 v2 h4 h2 h3 h2 h3 h4 h4 h3 h2 h3 h2 h4
    = h4 h2 h3 h2 h3 h4 h4 h3 h2 h3 h2 h4
    = h4 h2 h3 h2 h3 h3 h2 h3 h2 h4
    = h4 h2 h3 h2 h2 h3 h2 h4
    = h4 h2 h3 h3 h2 h4
    = h4 h2 h2 h4
    = h4 h4
    = 1
class 70 chain of length 6 with 4 inverting steps verified: Gamma^+ is not left-orderable
  (K) v|h4324 inverts v0120|h:
    h4 h3 h2 h4 v0 v1 v2 v0 h4 h2 h3 h4 v0 v1 v2 v0
    = h4 h3 h2 v1 h4 v1 v2 v0 h4 h2 h3 h4 v0 v1 v2 v0
    = h4 h3 v1 h3 h4 v1 v2 v0 h4 h2 h3 h4 v0 v1 v2 v0
    = h4 v1 h2 h3 h4 v1 v2 v0 h4 h2 h3 h4 v0 v1 v2 v0
    = v0 h4 h2 h3 h4 v1 v2 v0 h4 h2 h3 h4 v0 v1 v2 v0
    = v0 h4 h2 h3 v0 h4 v2 v0 h4 h2 h3 h4 v0 v1 v2 v0
    = v0 h4 h2 v2 h3 h4 v2 v0 h4 h2 h3 h4 v0 v1 v2 v0
    = v0 h4 v2 h2 h3 h4 v2 v0 h4 h2 h3 h4 v0 v1 v2 v0
    = v0 v2 h4 h2 h3 h4 v2 v0 h4 h2 h3 h4 v0 v1 v2 v0
    = v0 v2 h4 h2 h3 v2 h4 v0 h4 h2 h3 h4 v0 v1 v2 v0
    = v0 v2 h4 h2 v0 h3 h4 v0 h4 h2 h3 h4 v0 v1 v2 v0
    = v0 v2 h4 v0 h2 h3 h4 v0 h4 h2 h3 h4 v0 v1 v2 v0
    = v0 v2 v1 h4 h2 h3 h4 v0 h4 h2 h3 h4 v0 v1 v2 v0
    = v0 v2 v1 h4 h2 h3 v1 h4 h4 h2 h3 h4 v0 v1 v2 v0
    = v0 v2 v1 h4 h2 v1 h2 h4 h4 h2 h3 h4 v0 v1 v2 v0
    = v0 v2 v1 h4 v1 h3 h2 h4 h4 h2 h3 h4 v0 v1 v2 v0
    = v0 v2 v1 v0 h4 h3 h2 h4 h4 h2 h3 h4 v0 v1 v2 v0
    = v0 v2 v1 v0 h4 h3 h2 h2 h3 h4 v0 v1 v2 v0
    = v0 v2 v1 v0 h4 h3 h3 h4 v0 v1 v2 v0
    = v0 v2 v1 v0 h4 h4 v0 v1 v2 v0
    = v0 v2 v1 v0 v0 v1 v2 v0
    = v0 v2 v1 v1 v2 v0
    = v0 v2 v2 v0
    = v0 v0
    = 1
  (R) v|h4324 = r^-1, v|h432324 = r^-2, r = v|h4234
  (K) v20|h inverts v|h432324:
    v2 v0 h4 h3 h2 h3 h2 h4 v0 v2 h4 h3 h2 h3 h2 h4
    = v2 v0 h4 h3 h2 h3 h2 v1 h4 v2 h4 h3 h2 h3 h2 h4
    = v2 v0 h4 h3 h2 h3 v1 h3 h4 v2 h4 h3 h2 h3 h2 h4
    = v2 v0 h4 h3 h2 v1 h2 h3 h4 v2 h4 h3 h2 h3 h2 h4
    = v2 v0 h4 h3 v1 h3 h2 h3 h4 v2 h4 h3 h2 h3 h2 h4
    = v2 v0 h4 v1 h2 h3 h2 h3 h4 v2 h4 h3 h2 h3 h2 h4
    = v2 v0 v0 h4 h2 h3 h2 h3 h4 v2 h4 h3 h2 h3 h2 h4
    = v2 h4 h2 h3 h2 h3 h4 v2 h4 h3 h2 h3 h2 h4
    = v2 h4 h2 h3 h2 h3 v2 h4 h4 h3 h2 h3 h2 h4
    = v2 h4 h2 h3 h2 v0 h3 h4 h4 h3 h2 h3 h2 h4
    = v2 h4 h2 h3 v0 h2 h3 h4 h4 h3 h2 h3 h2 h4
    = v2 h4 h2 v2 h3 h2 h3 h4 h4 h3 h2 h3 h2 h4
    = v2 h4 v2 h2 h3 h2 h3 h4 h4 h3 h2 h3 h2 h4
    = v2 v2 h4 h2 h3 h2 h3 h4 h4 h3 h2 h3 h2 h4
    = h4 h2 h3 h2 h3 h4 h4 h3 h2 h3 h2 h4
    = h4 h2 h3 h2 h3 h3 h2 h3 h2 h4
    = h4 h2 h3 h2 h2 h3 h2 h4
    = h4 h2 h3 h3 h2 h4
    = h4 h2 h2 h4
    = h4 h4
    = 1
  (K) v|h23 inverts v20|h:
    h2 h3 v2 v0 h3 h2 v2 v0
    = h2 v0 h3 v0 h3 h2 v2 v0
    = v0 h2 h3 v0 h3 h2 v2 v0
    = v0 h2 v2 h3 h3 h2 v2 v0
    = v0 v2 h2 h3 h3 h2 v2 v0
    = v0 v2 h2 h2 v2 v0
    = v0 v2 v2 v0
    = v0 v0
    = 1
  (R) v|h23 = r^1, v|h2323 = r^2, r = v|h23
  (K) v0120|h inverts v|h2323:
    v0 v1 v2 v0 h2 h3 h2 h3 v0 v2 v1 v0 h2 h3 h2 h3
    = v0 v1 v2 v0 h2 h3 h2 v2 h3 v2 v1 v0 h2 h3 h2 h3
    = v0 v1 v2 v0 h2 h3 v2 h2 h3 v2 v1 v0 h2 h3 h2 h3
    = v0 v1 v2 v0 h2 v0 h3 h2 h3 v2 v1 v0 h2 h3 h2 h3
    = v0 v1 v2 v0 v0 h2 h3 h2 h3 v2 v1 v0 h2 h3 h2 h3
    = v0 v1 v2 h2 h3 h2 h3 v2 v1 v0 h2 h3 h2 h3
    = v0 v1 v2 h2 h3 h2 v0 h3 v1 v0 h2 h3 h2 h3
    = v0 v1 v2 h2 h3 v0 h2 h3 v1 v0 h2 h3 h2 h3
    = v0 v1 v2 h2 v2 h3 h2 h3 v1 v0 h2 h3 h2 h3
    = v0 v1 v2 v2 h2 h3 h2 h3 v1 v0 h2 h3 h2 h3
    = v0 v1 h2 h3 h2 h3 v1 v0 h2 h3 h2 h3
    = v0 v1 h2 h3 h2 v1 h2 v0 h2 h3 h2 h3
    = v0 v1 h2 h3 v1 h3 h2 v0 h2 h3 h2 h3
    = v0 v1 h2 v1 h2 h3 h2 v0 h2 h3 h2 h3
    = v0 v1 v1 h3 h2 h3 h2 v0 h2 h3 h2 h3
    = v0 h3 h2 h3 h2 v0 h2 h3 h2 h3
    = v0 h3 h2 h3 v0 h2 h2 h3 h2 h3
    = v0 h3 h2 v2 h3 h2 h2 h3 h2 h3
    = v0 h3 v2 h2 h3 h2 h2 h3 h2 h3
    = v0 v0 h3 h2 h3 h2 h2 h3 h2 h3
    = h3 h2 h3 h2 h2 h3 h2 h3
    = h3 h2 h3 h3 h2 h3
    = h3 h2 h2 h3
    = h3 h3
    = 1
class 71 chain of length 6 with 4 inverting steps verified: Gamma^+ is not left-orderable
  (R) v20|h = r^-1, v2020|h = r^-2, r = v02|h
  (K) v|h002400 inverts v2020|h:
    h0 h0 h2 h4 h0 h0 v2 v0 v2 v0 h1 h1 h4 h2 h1 h1 v2 v0 v2 v0
    = h0 h0 h2 h4 h0 v2 h1 v0 v2 v0 h1 h1 h4 h2 h1 h1 v2 v0 v2 v0
    = h0 h0 h2 h4 v2 h1 h1 v0 v2 v0 h1 h1 h4 h2 h1 h1 v2 v0 v2 v0
    = h0 h0 h2 v0 h4 h1 h1 v0 v2 v0 h1 h1 h4 h2 h1 h1 v2 v0 v2 v0
    = h0 h0 v0 h2 h4 h1 h1 v0 v2 v0 h1 h1 h4 h2 h1 h1 v2 v0 v2 v0
    = h0 v0 h0 h2 h4 h1 h1 v0 v2 v0 h1 h1 h4 h2 h1 h1 v2 v0 v2 v0
    = v0 h0 h0 h2 h4 h1 h1 v0 v2 v0 h1 h1 h4 h2 h1 h1 v2 v0 v2 v0
    = v0 h0 h0 h2 h4 h1 v0 h1 v2 v0 h1 h1 h4 h2 h1 h1 v2 v0 v2 v0
    = v0 h0 h0 h2 h4 v0 h1 h1 v2 v0 h1 h1 h4 h2 h1 h1 v2 v0 v2 v0
    = v0 h0 h0 h2 v2 h4 h1 h1 v2 v0 h1 h1 h4 h2 h1 h1 v2 v0 v2 v0
    = v0 h0 h0 v2 h3 h4 h1 h1 v2 v0 h1 h1 h4 h2 h1 h1 v2 v0 v2 v0
    = v0 h0 v2 h1 h3 h4 h1 h1 v2 v0 h1 h1 h4 h2 h1 h1 v2 v0 v2 v0
    = v0 v2 h1 h1 h3 h4 h1 h1 v2 v0 h1 h1 h4 h2 h1 h1 v2 v0 v2 v0
    = v0 v2 h1 h1 h3 h4 h1 v2 h0 v0 h1 h1 h4 h2 h1 h1 v2 v0 v2 v0
    = v0 v2 h1 h1 h3 h4 v2 h0 h0 v0 h1 h1 h4 h2 h1 h1 v2 v0 v2 v0
    = v0 v2 h1 h1 h3 v0 h4 h0 h0 v0 h1 h1 h4 h2 h1 h1 v2 v0 v2 v0
    = v0 v2 h1 h1 v0 h3 h4 h0 h0 v0 h1 h1 h4 h2 h1 h1 v2 v0 v2 v0
    = v0 v2 h1 v0 h1 h3 h4 h0 h0 v0 h1 h1 h4 h2 h1 h1 v2 v0 v2 v0
    = v0 v2 v0 h1 h1 h3 h4 h0 h0 v0 h1 h1 h4 h2 h1 h1 v2 v0 v2 v0
    = v0 v2 v0 h1 h1 h3 h4 h0 v0 h0 h1 h1 h4 h2 h1 h1 v2 v0 v2 v0
    = v0 v2 v0 h1 h1 h3 h4 v0 h0 h0 h1 h1 h4 h2 h1 h1 v2 v0 v2 v0
    = v0 v2 v0 h1 h1 h3 v2 h4 h0 h0 h1 h1 h4 h2 h1 h1 v2 v0 v2 v0
    = v0 v2 v0 h1 h1 v2 h2 h4 h0 h0 h1 h1 h4 h2 h1 h1 v2 v0 v2 v0
    = v0 v2 v0 h1 v2 h0 h2 h4 h0 h0 h1 h1 h4 h2 h1 h1 v2 v0 v2 v0
    = v0 v2 v0 v2 h0 h0 h2 h4 h0 h0 h1 h1 h4 h2 h1 h1 v2 v0 v2 v0
    = v0 v2 v0 v2 h0 h0 h2 h4 h0 h1 h4 h2 h1 h1 v2 v0 v2 v0
    = v0 v2 v0 v2 h0 h0 h2 h4 h4 h2 h1 h1 v2 v0 v2 v0
    = v0 v2 v0 v2 h0 h0 h2 h2 h1 h1 v2 v0 v2 v0
    = v0 v2 v0 v2 h0 h0 h1 h1 v2 v0 v2 v0
    = v0 v2 v0 v2 h0 h1 v2 v0 v2 v0
    = v0 v2 v0 v2 v2 v0 v2 v0
    = v0 v2 v0 v0 v2 v0
    = v0 v2 v2 v0
    = v0 v0
    = 1
  (K) v1021|h inverts v|h002400:
    v1 v0 v2 v1 h0 h0 h2 h4 h0 h0 v1 v2 v0 v1 h0 h0 h2 h4 h0 h0
    = v1 v0 v2 v1 h0 h0 h2 h4 h0 v1 h1 v2 v0 v1 h0 h0 h2 h4 h0 h0
    = v1 v0 v2 v1 h0 h0 h2 h4 v1 h1 h1 v2 v0 v1 h0 h0 h2 h4 h0 h0
    = v1 v0 v2 v1 h0 h0 h2 v1 h3 h1 h1 v2 v0 v1 h0 h0 h2 h4 h0 h0
    = v1 v0 v2 v1 h0 h0 v1 h2 h3 h1 h1 v2 v0 v1 h0 h0 h2 h4 h0 h0
    = v1 v0 v2 v1 h0 v1 h1 h2 h3 h1 h1 v2 v0 v1 h0 h0 h2 h4 h0 h0
    = v1 v0 v2 v1 v1 h1 h1 h2 h3 h1 h1 v2 v0 v1 h0 h0 h2 h4 h0 h0
    = v1 v0 v2 h1 h1 h2 h3 h1 h1 v2 v0 v1 h0 h0 h2 h4 h0 h0
    = v1 v0 v2 h1 h1 h2 h3 h1 v2 h0 v0 v1 h0 h0 h2 h4 h0 h0
    = v1 v0 v2 h1 h1 h2 h3 v2 h0 h0 v0 v1 h0 h0 h2 h4 h0 h0
    = v1 v0 v2 h1 h1 h2 v2 h2 h0 h0 v0 v1 h0 h0 h2 h4 h0 h0
    = v1 v0 v2 h1 h1 v2 h3 h2 h0 h0 v0 v1 h0 h0 h2 h4 h0 h0
    = v1 v0 v2 h1 v2 h0 h3 h2 h0 h0 v0 v1 h0 h0 h2 h4 h0 h0
    = v1 v0 v2 v2 h0 h0 h3 h2 h0 h0 v0 v1 h0 h0 h2 h4 h0 h0
    = v1 v0 h0 h0 h3 h2 h0 h0 v0 v1 h0 h0 h2 h4 h0 h0
    = v1 v0 h0 h0 h3 h2 h0 v0 h0 v1 h0 h0 h2 h4 h0 h0
    = v1 v0 h0 h0 h3 h2 v0 h0 h0 v1 h0 h0 h2 h4 h0 h0
    = v1 v0 h0 h0 h3 v0 h2 h0 h0 v1 h0 h0 h2 h4 h0 h0
    = v1 v0 h0 h0 v0 h3 h2 h0 h0 v1 h0 h0 h2 h4 h0 h0
    = v1 v0 h0 v0 h0 h3 h2 h0 h0 v1 h0 h0 h2 h4 h0 h0
    = v1 v0 v0 h0 h0 h3 h2 h0 h0 v1 h0 h0 h2 h4 h0 h0
    = v1 h0 h0 h3 h2 h0 h0 v1 h0 h0 h2 h4 h0 h0
    = v1 h0 h0 h3 h2 h0 v1 h1 h0 h0 h2 h4 h0 h0
    = v1 h0 h0 h3 h2 v1 h1 h1 h0 h0 h2 h4 h0 h0
    = v1 h0 h0 h3 v1 h2 h1 h1 h0 h0 h2 h4 h0 h0
    = v1 h0 h0 v1 h4 h2 h1 h1 h0 h0 h2 h4 h0 h0
    = v1 h0 v1 h1 h4 h2 h1 h1 h0 h0 h2 h4 h0 h0
    = v1 v1 h1 h1 h4 h2 h1 h1 h0 h0 h2 h4 h0 h0
    = h1 h1 h4 h2 h1 h1 h0 h0 h2 h4 h0 h0
    = h1 h1 h4 h2 h1 h0 h2 h4 h0 h0
    = h1 h1 h4 h2 h2 h4 h0 h0
    = h1 h1 h4 h4 h0 h0
    = h1 h1 h0 h0
    = h1 h0
    = 1
  (R) v1021|h = r^1, v120201|h = r^-2, r = v1021|h
  (K) v|h113211 inverts v120201|h:
    h1 h1 h3 h2 h1 h1 v1 v2 v0 v2 v0 v1 h0 h0 h2 h3 h0 h0 v1 v2 v0 v2 v0 v1
    = h1 h1 h3 h2 h1 v1 h0 v2 v0 v2 v0 v1 h0 h0 h2 h3 h0 h0 v1 v2 v0 v2 v0 v1
    = h1 h1 h3 h2 v1 h0 h0 v2 v0 v2 v0 v1 h0 h0 h2 h3 h0 h0 v1 v2 v0 v2 v0 v1
    = h1 h1 h3 v1 h2 h0 h0 v2 v0 v2 v0 v1 h0 h0 h2 h3 h0 h0 v1 v2 v0 v2 v0 v1
    = h1 h1 v1 h4 h2 h0 h0 v2 v0 v2 v0 v1 h0 h0 h2 h3 h0 h0 v1 v2 v0 v2 v0 v1
    = h1 v1 h0 h4 h2 h0 h0 v2 v0 v2 v0 v1 h0 h0 h2 h3 h0 h0 v1 v2 v0 v2 v0 v1
    = v1 h0 h0 h4 h2 h0 h0 v2 v0 v2 v0 v1 h0 h0 h2 h3 h0 h0 v1 v2 v0 v2 v0 v1
    = v1 h0 h0 h4 h2 h0 v2 h1 v0 v2 v0 v1 h0 h0 h2 h3 h0 h0 v1 v2 v0 v2 v0 v1
    = v1 h0 h0 h4 h2 v2 h1 h1 v0 v2 v0 v1 h0 h0 h2 h3 h0 h0 v1 v2 v0 v2 v0 v1
    = v1 h0 h0 h4 v2 h3 h1 h1 v0 v2 v0 v1 h0 h0 h2 h3 h0 h0 v1 v2 v0 v2 v0 v1
    = v1 h0 h0 v0 h4 h3 h1 h1 v0 v2 v0 v1 h0 h0 h2 h3 h0 h0 v1 v2 v0 v2 v0 v1
    = v1 h0 v0 h0 h4 h3 h1 h1 v0 v2 v0 v1 h0 h0 h2 h3 h0 h0 v1 v2 v0 v2 v0 v1
    = v1 v0 h0 h0 h4 h3 h1 h1 v0 v2 v0 v1 h0 h0 h2 h3 h0 h0 v1 v2 v0 v2 v0 v1
    = v1 v0 h0 h0 h4 h3 h1 v0 h1 v2 v0 v1 h0 h0 h2 h3 h0 h0 v1 v2 v0 v2 v0 v1
    = v1 v0 h0 h0 h4 h3 v0 h1 h1 v2 v0 v1 h0 h0 h2 h3 h0 h0 v1 v2 v0 v2 v0 v1
    = v1 v0 h0 h0 h4 v0 h3 h1 h1 v2 v0 v1 h0 h0 h2 h3 h0 h0 v1 v2 v0 v2 v0 v1
    = v1 v0 h0 h0 v2 h4 h3 h1 h1 v2 v0 v1 h0 h0 h2 h3 h0 h0 v1 v2 v0 v2 v0 v1
    = v1 v0 h0 v2 h1 h4 h3 h1 h1 v2 v0 v1 h0 h0 h2 h3 h0 h0 v1 v2 v0 v2 v0 v1
    = v1 v0 v2 h1 h1 h4 h3 h1 h1 v2 v0 v1 h0 h0 h2 h3 h0 h0 v1 v2 v0 v2 v0 v1
    = v1 v0 v2 h1 h1 h4 h3 h1 v2 h0 v0 v1 h0 h0 h2 h3 h0 h0 v1 v2 v0 v2 v0 v1
    = v1 v0 v2 h1 h1 h4 h3 v2 h0 h0 v0 v1 h0 h0 h2 h3 h0 h0 v1 v2 v0 v2 v0 v1
    = v1 v0 v2 h1 h1 h4 v2 h2 h0 h0 v0 v1 h0 h0 h2 h3 h0 h0 v1 v2 v0 v2 v0 v1
    = v1 v0 v2 h1 h1 v0 h4 h2 h0 h0 v0 v1 h0 h0 h2 h3 h0 h0 v1 v2 v0 v2 v0 v1
    = v1 v0 v2 h1 v0 h1 h4 h2 h0 h0 v0 v1 h0 h0 h2 h3 h0 h0 v1 v2 v0 v2 v0 v1
    = v1 v0 v2 v0 h1 h1 h4 h2 h0 h0 v0 v1 h0 h0 h2 h3 h0 h0 v1 v2 v0 v2 v0 v1
    = v1 v0 v2 v0 h1 h1 h4 h2 h0 v0 h0 v1 h0 h0 h2 h3 h0 h0 v1 v2 v0 v2 v0 v1
    = v1 v0 v2 v0 h1 h1 h4 h2 v0 h0 h0 v1 h0 h0 h2 h3 h0 h0 v1 v2 v0 v2 v0 v1
    = v1 v0 v2 v0 h1 h1 h4 v0 h2 h0 h0 v1 h0 h0 h2 h3 h0 h0 v1 v2 v0 v2 v0 v1
    = v1 v0 v2 v0 h1 h1 v2 h4 h2 h0 h0 v1 h0 h0 h2 h3 h0 h0 v1 v2 v0 v2 v0 v1
    = v1 v0 v2 v0 h1 v2 h0 h4 h2 h0 h0 v1 h0 h0 h2 h3 h0 h0 v1 v2 v0 v2 v0 v1
    = v1 v0 v2 v0 v2 h0 h0 h4 h2 h0 h0 v1 h0 h0 h2 h3 h0 h0 v1 v2 v0 v2 v0 v1
    = v1 v0 v2 v0 v2 h0 h0 h4 h2 h0 v1 h1 h0 h0 h2 h3 h0 h0 v1 v2 v0 v2 v0 v1
    = v1 v0 v2 v0 v2 h0 h0 h4 h2 v1 h1 h1 h0 h0 h2 h3 h0 h0 v1 v2 v0 v2 v0 v1
    = v1 v0 v2 v0 v2 h0 h0 h4 v1 h2 h1 h1 h0 h0 h2 h3 h0 h0 v1 v2 v0 v2 v0 v1
    = v1 v0 v2 v0 v2 h0 h0 v1 h3 h2 h1 h1 h0 h0 h2 h3 h0 h0 v1 v2 v0 v2 v0 v1
    = v1 v0 v2 v0 v2 h0 v1 h1 h3 h2 h1 h1 h0 h0 h2 h3 h0 h0 v1 v2 v0 v2 v0 v1
    = v1 v0 v2 v0 v2 v1 h1 h1 h3 h2 h1 h1 h0 h0 h2 h3 h0 h0 v1 v2 v0 v2 v0 v1
    = v1 v0 v2 v0 v2 v1 h1 h1 h3 h2 h1 h0 h2 h3 h0 h0 v1 v2 v0 v2 v0 v1
    = v1 v0 v2 v0 v2 v1 h1 h1 h3 h2 h2 h3 h0 h0 v1 v2 v0 v2 v0 v1
    = v1 v0 v2 v0 v2 v1 h1 h1 h3 h3 h0 h0 v1 v2 v0 v2 v0 v1
    = v1 v0 v2 v0 v2 v1 h1 h1 h0 h0 v1 v2 v0 v2 v0 v1
    = v1 v0 v2 v0 v2 v1 h1 h0 v1 v2 v0 v2 v0 v1
    = v1 v0 v2 v0 v2 v1 v1 v2 v0 v2 v0 v1
    = v1 v0 v2 v0 v2 v2 v0 v2 v0 v1
    = v1 v0 v2 v0 v0 v2 v0 v1
    = v1 v0 v2 v2 v0 v1
    = v1 v0 v0 v1
    = v1 v1
    = 1
  (K) v20|h inverts v|h113211:
    v2 v0 h1 h1 h3 h2 h1 h1 v0 v2 h1 h1 h3 h2 h1 h1
    = v2 v0 h1 h1 h3 h2 h1 v0 h1 v2 h1 h1 h3 h2 h1 h1
    = v2 v0 h1 h1 h3 h2 v0 h1 h1 v2 h1 h1 h3 h2 h1 h1
    = v2 v0 h1 h1 h3 v0 h2 h1 h1 v2 h1 h1 h3 h2 h1 h1
    = v2 v0 h1 h1 v0 h3 h2 h1 h1 v2 h1 h1 h3 h2 h1 h1
    = v2 v0 h1 v0 h1 h3 h2 h1 h1 v2 h1 h1 h3 h2 h1 h1
    = v2 v0 v0 h1 h1 h3 h2 h1 h1 v2 h1 h1 h3 h2 h1 h1
    = v2 h1 h1 h3 h2 h1 h1 v2 h1 h1 h3 h2 h1 h1
    = v2 h1 h1 h3 h2 h1 v2 h0 h1 h1 h3 h2 h1 h1
    = v2 h1 h1 h3 h2 v2 h0 h0 h1 h1 h3 h2 h1 h1
    = v2 h1 h1 h3 v2 h3 h0 h0 h1 h1 h3 h2 h1 h1
    = v2 h1 h1 v2 h2 h3 h0 h0 h1 h1 h3 h2 h1 h1
    = v2 h1 v2 h0 h2 h3 h0 h0 h1 h1 h3 h2 h1 h1
    = v2 v2 h0 h0 h2 h3 h0 h0 h1 h1 h3 h2 h1 h1
    = h0 h0 h2 h3 h0 h0 h1 h1 h3 h2 h1 h1
    = h0 h0 h2 h3 h0 h1 h3 h2 h1 h1
    = h0 h0 h2 h3 h3 h2 h1 h1
    = h0 h0 h2 h2 h1 h1
    = h0 h0 h1 h1
    = h0 h1
    = 1
class 133 chain of length 6 with 4 inverting steps verified: Gamma^+ is not left-orderable
  (R) v12|h = r^1, v2121|h = r^-2, r = v12|h
  (K) v|h004211 inverts v2121|h:
    h0 h0 h4 h2 h1 h1 v2 v1 v2 v1 h0 h0 h2 h4 h1 h1 v2 v1 v2 v1
    = h0 h0 h4 h2 h1 v2 h0 v1 v2 v1 h0 h0 h2 h4 h1 h1 v2 v1 v2 v1
    = h0 h0 h4 h2 v2 h0 h0 v1 v2 v1 h0 h0 h2 h4 h1 h1 v2 v1 v2 v1
    = h0 h0 h4 v2 h3 h0 h0 v1 v2 v1 h0 h0 h2 h4 h1 h1 v2 v1 v2 v1
    = h0 h0 v1 h4 h3 h0 h0 v1 v2 v1 h0 h0 h2 h4 h1 h1 v2 v1 v2 v1
    = h0 v1 h1 h4 h3 h0 h0 v1 v2 v1 h0 h0 h2 h4 h1 h1 v2 v1 v2 v1
    = v1 h1 h1 h4 h3 h0 h0 v1 v2 v1 h0 h0 h2 h4 h1 h1 v2 v1 v2 v1
    = v1 h1 h1 h4 h3 h0 v1 h1 v2 v1 h0 h0 h2 h4 h1 h1 v2 v1 v2 v1
    = v1 h1 h1 h4 h3 v1 h1 h1 v2 v1 h0 h0 h2 h4 h1 h1 v2 v1 v2 v1
    = v1 h1 h1 h4 v1 h3 h1 h1 v2 v1 h0 h0 h2 h4 h1 h1 v2 v1 v2 v1
    = v1 h1 h1 v2 h4 h3 h1 h1 v2 v1 h0 h0 h2 h4 h1 h1 v2 v1 v2 v1
    = v1 h1 v2 h0 h4 h3 h1 h1 v2 v1 h0 h0 h2 h4 h1 h1 v2 v1 v2 v1
    = v1 v2 h0 h0 h4 h3 h1 h1 v2 v1 h0 h0 h2 h4 h1 h1 v2 v1 v2 v1
    = v1 v2 h0 h0 h4 h3 h1 v2 h0 v1 h0 h0 h2 h4 h1 h1 v2 v1 v2 v1
    = v1 v2 h0 h0 h4 h3 v2 h0 h0 v1 h0 h0 h2 h4 h1 h1 v2 v1 v2 v1
    = v1 v2 h0 h0 h4 v2 h2 h0 h0 v1 h0 h0 h2 h4 h1 h1 v2 v1 v2 v1
    = v1 v2 h0 h0 v1 h4 h2 h0 h0 v1 h0 h0 h2 h4 h1 h1 v2 v1 v2 v1
    = v1 v2 h0 v1 h1 h4 h2 h0 h0 v1 h0 h0 h2 h4 h1 h1 v2 v1 v2 v1
    = v1 v2 v1 h1 h1 h4 h2 h0 h0 v1 h0 h0 h2 h4 h1 h1 v2 v1 v2 v1
    = v1 v2 v1 h1 h1 h4 h2 h0 v1 h1 h0 h0 h2 h4 h1 h1 v2 v1 v2 v1
    = v1 v2 v1 h1 h1 h4 h2 v1 h1 h1 h0 h0 h2 h4 h1 h1 v2 v1 v2 v1
    = v1 v2 v1 h1 h1 h4 v1 h2 h1 h1 h0 h0 h2 h4 h1 h1 v2 v1 v2 v1
    = v1 v2 v1 h1 h1 v2 h4 h2 h1 h1 h0 h0 h2 h4 h1 h1 v2 v1 v2 v1
    = v1 v2 v1 h1 v2 h0 h4 h2 h1 h1 h0 h0 h2 h4 h1 h1 v2 v1 v2 v1
    = v1 v2 v1 v2 h0 h0 h4 h2 h1 h1 h0 h0 h2 h4 h1 h1 v2 v1 v2 v1
    = v1 v2 v1 v2 h0 h0 h4 h2 h1 h0 h2 h4 h1 h1 v2 v1 v2 v1
    = v1 v2 v1 v2 h0 h0 h4 h2 h2 h4 h1 h1 v2 v1 v2 v1
    = v1 v2 v1 v2 h0 h0 h4 h4 h1 h1 v2 v1 v2 v1
    = v1 v2 v1 v2 h0 h0 h1 h1 v2 v1 v2 v1
    = v1 v2 v1 v2 h0 h1 v2 v1 v2 v1
    = v1 v2 v1 v2 v2 v1 v2 v1
    = v1 v2 v1 v1 v2 v1
    = v1 v2 v2 v1
    = v1 v1
    = 1
  (K) v0210|h inverts v|h004211:
    v0 v2 v1 v0 h0 h0 h4 h2 h1 h1 v0 v1 v2 v0 h0 h0 h4 h2 h1 h1
    = v0 v2 v1 v0 h0 h0 h4 h2 h1 v0 h1 v1 v2 v0 h0 h0 h4 h2 h1 h1
    = v0 v2 v1 v0 h0 h0 h4 h2 v0 h1 h1 v1 v2 v0 h0 h0 h4 h2 h1 h1
    = v0 v2 v1 v0 h0 h0 h4 v0 h2 h1 h1 v1 v2 v0 h0 h0 h4 h2 h1 h1
    = v0 v2 v1 v0 h0 h0 v0 h3 h2 h1 h1 v1 v2 v0 h0 h0 h4 h2 h1 h1
    = v0 v2 v1 v0 h0 v0 h0 h3 h2 h1 h1 v1 v2 v0 h0 h0 h4 h2 h1 h1
    = v0 v2 v1 v0 v0 h0 h0 h3 h2 h1 h1 v1 v2 v0 h0 h0 h4 h2 h1 h1
    = v0 v2 v1 h0 h0 h3 h2 h1 h1 v1 v2 v0 h0 h0 h4 h2 h1 h1
    = v0 v2 v1 h0 h0 h3 h2 h1 v1 h0 v2 v0 h0 h0 h4 h2 h1 h1
    = v0 v2 v1 h0 h0 h3 h2 v1 h0 h0 v2 v0 h0 h0 h4 h2 h1 h1
    = v0 v2 v1 h0 h0 h3 v1 h2 h0 h0 v2 v0 h0 h0 h4 h2 h1 h1
    = v0 v2 v1 h0 h0 v1 h3 h2 h0 h0 v2 v0 h0 h0 h4 h2 h1 h1
    = v0 v2 v1 h0 v1 h1 h3 h2 h0 h0 v2 v0 h0 h0 h4 h2 h1 h1
    = v0 v2 v1 v1 h1 h1 h3 h2 h0 h0 v2 v0 h0 h0 h4 h2 h1 h1
    = v0 v2 h1 h1 h3 h2 h0 h0 v2 v0 h0 h0 h4 h2 h1 h1
    = v0 v2 h1 h1 h3 h2 h0 v2 h1 v0 h0 h0 h4 h2 h1 h1
    = v0 v2 h1 h1 h3 h2 v2 h1 h1 v0 h0 h0 h4 h2 h1 h1
    = v0 v2 h1 h1 h3 v2 h3 h1 h1 v0 h0 h0 h4 h2 h1 h1
    = v0 v2 h1 h1 v2 h2 h3 h1 h1 v0 h0 h0 h4 h2 h1 h1
    = v0 v2 h1 v2 h0 h2 h3 h1 h1 v0 h0 h0 h4 h2 h1 h1
    = v0 v2 v2 h0 h0 h2 h3 h1 h1 v0 h0 h0 h4 h2 h1 h1
    = v0 h0 h0 h2 h3 h1 h1 v0 h0 h0 h4 h2 h1 h1
    = v0 h0 h0 h2 h3 h1 v0 h1 h0 h0 h4 h2 h1 h1
    = v0 h0 h0 h2 h3 v0 h1 h1 h0 h0 h4 h2 h1 h1
    = v0 h0 h0 h2 v0 h4 h1 h1 h0 h0 h4 h2 h1 h1
    = v0 h0 h0 v0 h2 h4 h1 h1 h0 h0 h4 h2 h1 h1
    = v0 h0 v0 h0 h2 h4 h1 h1 h0 h0 h4 h2 h1 h1
    = v0 v0 h0 h0 h2 h4 h1 h1 h0 h0 h4 h2 h1 h1
    = h0 h0 h2 h4 h1 h1 h0 h0 h4 h2 h1 h1
    = h0 h0 h2 h4 h1 h0 h4 h2 h1 h1
    = h0 h0 h2 h4 h4 h2 h1 h1
    = h0 h0 h2 h2 h1 h1
    = h0 h0 h1 h1
    = h0 h1
    = 1
  (R) v0210|h = r^-1, v012120|h = r^2, r = v0120|h
  (K) v|h002311 inverts v012120|h:
    h0 h0 h2 h3 h1 h1 v0 v1 v2 v1 v2 v0 h0 h0 h3 h2 h1 h1 v0 v1 v2 v1 v2 v0
    = h0 h0 h2 h3 h1 v0 h1 v1 v2 v1 v2 v0 h0 h0 h3 h2 h1 h1 v0 v1 v2 v1 v2 v0
    = h0 h0 h2 h3 v0 h1 h1 v1 v2 v1 v2 v0 h0 h0 h3 h2 h1 h1 v0 v1 v2 v1 v2 v0
    = h0 h0 h2 v0 h4 h1 h1 v1 v2 v1 v2 v0 h0 h0 h3 h2 h1 h1 v0 v1 v2 v1 v2 v0
    = h0 h0 v0 h2 h4 h1 h1 v1 v2 v1 v2 v0 h0 h0 h3 h2 h1 h1 v0 v1 v2 v1 v2 v0
    = h0 v0 h0 h2 h4 h1 h1 v1 v2 v1 v2 v0 h0 h0 h3 h2 h1 h1 v0 v1 v2 v1 v2 v0
    = v0 h0 h0 h2 h4 h1 h1 v1 v2 v1 v2 v0 h0 h0 h3 h2 h1 h1 v0 v1 v2 v1 v2 v0
    = v0 h0 h0 h2 h4 h1 v1 h0 v2 v1 v2 v0 h0 h0 h3 h2 h1 h1 v0 v1 v2 v1 v2 v0
    = v0 h0 h0 h2 h4 v1 h0 h0 v2 v1 v2 v0 h0 h0 h3 h2 h1 h1 v0 v1 v2 v1 v2 v0
    = v0 h0 h0 h2 v2 h4 h0 h0 v2 v1 v2 v0 h0 h0 h3 h2 h1 h1 v0 v1 v2 v1 v2 v0
    = v0 h0 h0 v2 h3 h4 h0 h0 v2 v1 v2 v0 h0 h0 h3 h2 h1 h1 v0 v1 v2 v1 v2 v0
    = v0 h0 v2 h1 h3 h4 h0 h0 v2 v1 v2 v0 h0 h0 h3 h2 h1 h1 v0 v1 v2 v1 v2 v0
    = v0 v2 h1 h1 h3 h4 h0 h0 v2 v1 v2 v0 h0 h0 h3 h2 h1 h1 v0 v1 v2 v1 v2 v0
    = v0 v2 h1 h1 h3 h4 h0 v2 h1 v1 v2 v0 h0 h0 h3 h2 h1 h1 v0 v1 v2 v1 v2 v0
    = v0 v2 h1 h1 h3 h4 v2 h1 h1 v1 v2 v0 h0 h0 h3 h2 h1 h1 v0 v1 v2 v1 v2 v0
    = v0 v2 h1 h1 h3 v1 h4 h1 h1 v1 v2 v0 h0 h0 h3 h2 h1 h1 v0 v1 v2 v1 v2 v0
    = v0 v2 h1 h1 v1 h3 h4 h1 h1 v1 v2 v0 h0 h0 h3 h2 h1 h1 v0 v1 v2 v1 v2 v0
    = v0 v2 h1 v1 h0 h3 h4 h1 h1 v1 v2 v0 h0 h0 h3 h2 h1 h1 v0 v1 v2 v1 v2 v0
    = v0 v2 v1 h0 h0 h3 h4 h1 h1 v1 v2 v0 h0 h0 h3 h2 h1 h1 v0 v1 v2 v1 v2 v0
    = v0 v2 v1 h0 h0 h3 h4 h1 v1 h0 v2 v0 h0 h0 h3 h2 h1 h1 v0 v1 v2 v1 v2 v0
    = v0 v2 v1 h0 h0 h3 h4 v1 h0 h0 v2 v0 h0 h0 h3 h2 h1 h1 v0 v1 v2 v1 v2 v0
    = v0 v2 v1 h0 h0 h3 v2 h4 h0 h0 v2 v0 h0 h0 h3 h2 h1 h1 v0 v1 v2 v1 v2 v0
    = v0 v2 v1 h0 h0 v2 h2 h4 h0 h0 v2 v0 h0 h0 h3 h2 h1 h1 v0 v1 v2 v1 v2 v0
    = v0 v2 v1 h0 v2 h1 h2 h4 h0 h0 v2 v0 h0 h0 h3 h2 h1 h1 v0 v1 v2 v1 v2 v0
    = v0 v2 v1 v2 h1 h1 h2 h4 h0 h0 v2 v0 h0 h0 h3 h2 h1 h1 v0 v1 v2 v1 v2 v0
    = v0 v2 v1 v2 h1 h1 h2 h4 h0 v2 h1 v0 h0 h0 h3 h2 h1 h1 v0 v1 v2 v1 v2 v0
    = v0 v2 v1 v2 h1 h1 h2 h4 v2 h1 h1 v0 h0 h0 h3 h2 h1 h1 v0 v1 v2 v1 v2 v0
    = v0 v2 v1 v2 h1 h1 h2 v1 h4 h1 h1 v0 h0 h0 h3 h2 h1 h1 v0 v1 v2 v1 v2 v0
    = v0 v2 v1 v2 h1 h1 v1 h2 h4 h1 h1 v0 h0 h0 h3 h2 h1 h1 v0 v1 v2 v1 v2 v0
    = v0 v2 v1 v2 h1 v1 h0 h2 h4 h1 h1 v0 h0 h0 h3 h2 h1 h1 v0 v1 v2 v1 v2 v0
    = v0 v2 v1 v2 v1 h0 h0 h2 h4 h1 h1 v0 h0 h0 h3 h2 h1 h1 v0 v1 v2 v1 v2 v0
    = v0 v2 v1 v2 v1 h0 h0 h2 h4 h1 v0 h1 h0 h0 h3 h2 h1 h1 v0 v1 v2 v1 v2 v0
    = v0 v2 v1 v2 v1 h0 h0 h2 h4 v0 h1 h1 h0 h0 h3 h2 h1 h1 v0 v1 v2 v1 v2 v0
    = v0 v2 v1 v2 v1 h0 h0 h2 v0 h3 h1 h1 h0 h0 h3 h2 h1 h1 v0 v1 v2 v1 v2 v0
    = v0 v2 v1 v2 v1 h0 h0 v0 h2 h3 h1 h1 h0 h0 h3 h2 h1 h1 v0 v1 v2 v1 v2 v0
    = v0 v2 v1 v2 v1 h0 v0 h0 h2 h3 h1 h1 h0 h0 h3 h2 h1 h1 v0 v1 v2 v1 v2 v0
    = v0 v2 v1 v2 v1 v0 h0 h0 h2 h3 h1 h1 h0 h0 h3 h2 h1 h1 v0 v1 v2 v1 v2 v0
    = v0 v2 v1 v2 v1 v0 h0 h0 h2 h3 h1 h0 h3 h2 h1 h1 v0 v1 v2 v1 v2 v0
    = v0 v2 v1 v2 v1 v0 h0 h0 h2 h3 h3 h2 h1 h1 v0 v1 v2 v1 v2 v0
    = v0 v2 v1 v2 v1 v0 h0 h0 h2 h2 h1 h1 v0 v1 v2 v1 v2 v0
    = v0 v2 v1 v2 v1 v0 h0 h0 h1 h1 v0 v1 v2 v1 v2 v0
    = v0 v2 v1 v2 v1 v0 h0 h1 v0 v1 v2 v1 v2 v0
    = v0 v2 v1 v2 v1 v0 v0 v1 v2 v1 v2 v0
    = v0 v2 v1 v2 v1 v1 v2 v1 v2 v0
    = v0 v2 v1 v2 v2 v1 v2 v0
    = v0 v2 v1 v1 v2 v0
    = v0 v2 v2 v0
    = v0 v0
    = 1
  (K) v12|h inverts v|h002311:
    v1 v2 h0 h0 h2 h3 h1 h1 v2 v1 h0 h0 h2 h3 h1 h1
    = v1 v2 h0 h0 h2 h3 h1 v2 h0 v1 h0 h0 h2 h3 h1 h1
    = v1 v2 h0 h0 h2 h3 v2 h0 h0 v1 h0 h0 h2 h3 h1 h1
    = v1 v2 h0 h0 h2 v2 h2 h0 h0 v1 h0 h0 h2 h3 h1 h1
    = v1 v2 h0 h0 v2 h3 h2 h0 h0 v1 h0 h0 h2 h3 h1 h1
    = v1 v2 h0 v2 h1 h3 h2 h0 h0 v1 h0 h0 h2 h3 h1 h1
    = v1 v2 v2 h1 h1 h3 h2 h0 h0 v1 h0 h0 h2 h3 h1 h1
    = v1 h1 h1 h3 h2 h0 h0 v1 h0 h0 h2 h3 h1 h1
    = v1 h1 h1 h3 h2 h0 v1 h1 h0 h0 h2 h3 h1 h1
    = v1 h1 h1 h3 h2 v1 h1 h1 h0 h0 h2 h3 h1 h1
    = v1 h1 h1 h3 v1 h2 h1 h1 h0 h0 h2 h3 h1 h1
    = v1 h1 h1 v1 h3 h2 h1 h1 h0 h0 h2 h3 h1 h1
    = v1 h1 v1 h0 h3 h2 h1 h1 h0 h0 h2 h3 h1 h1
    = v1 v1 h0 h0 h3 h2 h1 h1 h0 h0 h2 h3 h1 h1
    = h0 h0 h3 h2 h1 h1 h0 h0 h2 h3 h1 h1
    = h0 h0 h3 h2 h1 h0 h2 h3 h1 h1
    = h0 h0 h3 h2 h2 h3 h1 h1
    = h0 h0 h3 h3 h1 h1
    = h0 h0 h1 h1
    = h0 h1
    = 1
class 135 chain of length 6 with 4 inverting steps verified: Gamma^+ is not left-orderable
  (K) v|h23 inverts v10|h:
    h2 h3 v1 v0 h3 h2 v1 v0
    = h2 v0 h3 v0 h3 h2 v1 v0
    = v0 h2 h3 v0 h3 h2 v1 v0
    = v0 h2 v1 h3 h3 h2 v1 v0
    = v0 v1 h2 h3 h3 h2 v1 v0
    = v0 v1 h2 h2 v1 v0
    = v0 v1 v1 v0
    = v0 v0
    = 1
  (R) v|h23 = r^1, v|h2323 = r^2, r = v|h23
  (K) v20|h inverts v|h2323:
    v2 v0 h2 h3 h2 h3 v0 v2 h2 h3 h2 h3
    = v2 v0 h2 h3 h2 v1 h3 v2 h2 h3 h2 h3
    = v2 v0 h2 h3 v1 h2 h3 v2 h2 h3 h2 h3
    = v2 v0 h2 v0 h3 h2 h3 v2 h2 h3 h2 h3
    = v2 v0 v0 h2 h3 h2 h3 v2 h2 h3 h2 h3
    = v2 h2 h3 h2 h3 v2 h2 h3 h2 h3
    = v2 h2 h3 h2 v2 h2 h2 h3 h2 h3
    = v2 h2 h3 v2 h3 h2 h2 h3 h2 h3
    = v2 h2 v2 h2 h3 h2 h2 h3 h2 h3
    = v2 v2 h3 h2 h3 h2 h2 h3 h2 h3
    = h3 h2 h3 h2 h2 h3 h2 h3
    = h3 h2 h3 h3 h2 h3
    = h3 h2 h2 h3
    = h3 h3
    = 1
  (K) v|h4324 inverts v20|h:
    h4 h3 h2 h4 v2 v0 h4 h2 h3 h4 v2 v0
    = h4 h3 h2 v1 h4 v0 h4 h2 h3 h4 v2 v0
    = h4 h3 v1 h2 h4 v0 h4 h2 h3 h4 v2 v0
    = h4 v0 h3 h2 h4 v0 h4 h2 h3 h4 v2 v0
    = v0 h4 h3 h2 h4 v0 h4 h2 h3 h4 v2 v0
    = v0 h4 h3 h2 v0 h4 h4 h2 h3 h4 v2 v0
    = v0 h4 h3 v0 h2 h4 h4 h2 h3 h4 v2 v0
    = v0 h4 v1 h3 h2 h4 h4 h2 h3 h4 v2 v0
    = v0 v2 h4 h3 h2 h4 h4 h2 h3 h4 v2 v0
    = v0 v2 h4 h3 h2 h2 h3 h4 v2 v0
    = v0 v2 h4 h3 h3 h4 v2 v0
    = v0 v2 h4 h4 v2 v0
    = v0 v2 v2 v0
    = v0 v0
    = 1
  (R) v|h4324 = r^-1, v|h432324 = r^-2, r = v|h4234
  (K) v10|h inverts v|h432324:
    v1 v0 h4 h3 h2 h3 h2 h4 v0 v1 h4 h3 h2 h3 h2 h4
    = v1 v0 h4 h3 h2 h3 h2 v0 h4 v1 h4 h3 h2 h3 h2 h4
    = v1 v0 h4 h3 h2 h3 v0 h2 h4 v1 h4 h3 h2 h3 h2 h4
    = v1 v0 h4 h3 h2 v1 h3 h2 h4 v1 h4 h3 h2 h3 h2 h4
    = v1 v0 h4 h3 v1 h2 h3 h2 h4 v1 h4 h3 h2 h3 h2 h4
    = v1 v0 h4 v0 h3 h2 h3 h2 h4 v1 h4 h3 h2 h3 h2 h4
    = v1 v0 v0 h4 h3 h2 h3 h2 h4 v1 h4 h3 h2 h3 h2 h4
    = v1 h4 h3 h2 h3 h2 h4 v1 h4 h3 h2 h3 h2 h4
    = v1 h4 h3 h2 h3 h2 v2 h4 h4 h3 h2 h3 h2 h4
    = v1 h4 h3 h2 h3 v2 h3 h4 h4 h3 h2 h3 h2 h4
    = v1 h4 h3 h2 v2 h2 h3 h4 h4 h3 h2 h3 h2 h4
    = v1 h4 h3 v2 h3 h2 h3 h4 h4 h3 h2 h3 h2 h4
    = v1 h4 v2 h2 h3 h2 h3 h4 h4 h3 h2 h3 h2 h4
    = v1 v1 h4 h2 h3 h2 h3 h4 h4 h3 h2 h3 h2 h4
    = h4 h2 h3 h2 h3 h4 h4 h3 h2 h3 h2 h4
    = h4 h2 h3 h2 h3 h3 h2 h3 h2 h4
    = h4 h2 h3 h2 h2 h3 h2 h4
    = h4 h2 h3 h3 h2 h4
    = h4 h2 h2 h4
    = h4 h4
    = 1
class 137 chain of length 6 with 4 inverting steps verified: Gamma^+ is not left-orderable
  (K) v|h23 inverts v10|h:
    h2 h3 v1 v0 h3 h2 v1 v0
    = h2 v0 h3 v0 h3 h2 v1 v0
    = v0 h2 h3 v0 h3 h2 v1 v0
    = v0 h2 v1 h3 h3 h2 v1 v0
    = v0 v1 h2 h3 h3 h2 v1 v0
    = v0 v1 h2 h2 v1 v0
    = v0 v1 v1 v0
    = v0 v0
    = 1
  (R) v|h23 = r^1, v|h2323 = r^2, r = v|h23
  (K) v0120|h inverts v|h2323:
    v0 v1 v2 v0 h2 h3 h2 h3 v0 v2 v1 v0 h2 h3 h2 h3
    = v0 v1 v2 v0 h2 h3 h2 v1 h3 v2 v1 v0 h2 h3 h2 h3
    = v0 v1 v2 v0 h2 h3 v1 h2 h3 v2 v1 v0 h2 h3 h2 h3
    = v0 v1 v2 v0 h2 v0 h3 h2 h3 v2 v1 v0 h2 h3 h2 h3
    = v0 v1 v2 v0 v0 h2 h3 h2 h3 v2 v1 v0 h2 h3 h2 h3
    = v0 v1 v2 h2 h3 h2 h3 v2 v1 v0 h2 h3 h2 h3
    = v0 v1 v2 h2 h3 h2 v2 h2 v1 v0 h2 h3 h2 h3
    = v0 v1 v2 h2 h3 v2 h3 h2 v1 v0 h2 h3 h2 h3
    = v0 v1 v2 h2 v2 h2 h3 h2 v1 v0 h2 h3 h2 h3
    = v0 v1 v2 v2 h3 h2 h3 h2 v1 v0 h2 h3 h2 h3
    = v0 v1 h3 h2 h3 h2 v1 v0 h2 h3 h2 h3
    = v0 v1 h3 h2 h3 v1 h2 v0 h2 h3 h2 h3
    = v0 v1 h3 h2 v0 h3 h2 v0 h2 h3 h2 h3
    = v0 v1 h3 v0 h2 h3 h2 v0 h2 h3 h2 h3
    = v0 v1 v1 h3 h2 h3 h2 v0 h2 h3 h2 h3
    = v0 h3 h2 h3 h2 v0 h2 h3 h2 h3
    = v0 h3 h2 h3 v0 h2 h2 h3 h2 h3
    = v0 h3 h2 v1 h3 h2 h2 h3 h2 h3
    = v0 h3 v1 h2 h3 h2 h2 h3 h2 h3
    = v0 v0 h3 h2 h3 h2 h2 h3 h2 h3
    = h3 h2 h3 h2 h2 h3 h2 h3
    = h3 h2 h3 h3 h2 h3
    = h3 h2 h2 h3
    = h3 h3
    = 1
  (K) v|h4324 inverts v0120|h:
    h4 h3 h2 h4 v0 v1 v2 v0 h4 h2 h3 h4 v0 v1 v2 v0
    = h4 h3 h2 v2 h4 v1 v2 v0 h4 h2 h3 h4 v0 v1 v2 v0
    = h4 h3 v2 h3 h4 v1 v2 v0 h4 h2 h3 h4 v0 v1 v2 v0
    = h4 v2 h2 h3 h4 v1 v2 v0 h4 h2 h3 h4 v0 v1 v2 v0
    = v0 h4 h2 h3 h4 v1 v2 v0 h4 h2 h3 h4 v0 v1 v2 v0
    = v0 h4 h2 h3 v1 h4 v2 v0 h4 h2 h3 h4 v0 v1 v2 v0
    = v0 h4 h2 v0 h3 h4 v2 v0 h4 h2 h3 h4 v0 v1 v2 v0
    = v0 h4 v0 h2 h3 h4 v2 v0 h4 h2 h3 h4 v0 v1 v2 v0
    = v0 v2 h4 h2 h3 h4 v2 v0 h4 h2 h3 h4 v0 v1 v2 v0
    = v0 v2 h4 h2 h3 v0 h4 v0 h4 h2 h3 h4 v0 v1 v2 v0
    = v0 v2 h4 h2 v1 h3 h4 v0 h4 h2 h3 h4 v0 v1 v2 v0
    = v0 v2 h4 v1 h2 h3 h4 v0 h4 h2 h3 h4 v0 v1 v2 v0
    = v0 v2 v1 h4 h2 h3 h4 v0 h4 h2 h3 h4 v0 v1 v2 v0
    = v0 v2 v1 h4 h2 h3 v2 h4 h4 h2 h3 h4 v0 v1 v2 v0
    = v0 v2 v1 h4 h2 v2 h2 h4 h4 h2 h3 h4 v0 v1 v2 v0
    = v0 v2 v1 h4 v2 h3 h2 h4 h4 h2 h3 h4 v0 v1 v2 v0
    = v0 v2 v1 v0 h4 h3 h2 h4 h4 h2 h3 h4 v0 v1 v2 v0
    = v0 v2 v1 v0 h4 h3 h2 h2 h3 h4 v0 v1 v2 v0
    = v0 v2 v1 v0 h4 h3 h3 h4 v0 v1 v2 v0
    = v0 v2 v1 v0 h4 h4 v0 v1 v2 v0
    = v0 v2 v1 v0 v0 v1 v2 v0
    = v0 v2 v1 v1 v2 v0
    = v0 v2 v2 v0
    = v0 v0
    = 1
  (R) v|h4324 = r^-1, v|h432324 = r^-2, r = v|h4234
  (K) v10|h inverts v|h432324:
    v1 v0 h4 h3 h2 h3 h2 h4 v0 v1 h4 h3 h2 h3 h2 h4
    = v1 v0 h4 h3 h2 h3 h2 v2 h4 v1 h4 h3 h2 h3 h2 h4
    = v1 v0 h4 h3 h2 h3 v2 h3 h4 v1 h4 h3 h2 h3 h2 h4
    = v1 v0 h4 h3 h2 v2 h2 h3 h4 v1 h4 h3 h2 h3 h2 h4
    = v1 v0 h4 h3 v2 h3 h2 h3 h4 v1 h4 h3 h2 h3 h2 h4
    = v1 v0 h4 v2 h2 h3 h2 h3 h4 v1 h4 h3 h2 h3 h2 h4
    = v1 v0 v0 h4 h2 h3 h2 h3 h4 v1 h4 h3 h2 h3 h2 h4
    = v1 h4 h2 h3 h2 h3 h4 v1 h4 h3 h2 h3 h2 h4
    = v1 h4 h2 h3 h2 h3 v1 h4 h4 h3 h2 h3 h2 h4
    = v1 h4 h2 h3 h2 v0 h3 h4 h4 h3 h2 h3 h2 h4
    = v1 h4 h2 h3 v0 h2 h3 h4 h4 h3 h2 h3 h2 h4
    = v1 h4 h2 v1 h3 h2 h3 h4 h4 h3 h2 h3 h2 h4
    = v1 h4 v1 h2 h3 h2 h3 h4 h4 h3 h2 h3 h2 h4
    = v1 v1 h4 h2 h3 h2 h3 h4 h4 h3 h2 h3 h2 h4
    = h4 h2 h3 h2 h3 h4 h4 h3 h2 h3 h2 h4
    = h4 h2 h3 h2 h3 h3 h2 h3 h2 h4
    = h4 h2 h3 h2 h2 h3 h2 h4
    = h4 h2 h3 h3 h2 h4
    = h4 h2 h2 h4
    = h4 h4
    = 1
class 139 chain of length 6 with 4 inverting steps verified: Gamma^+ is not left-orderable
  (R) v10|h = r^-1, v1010|h = r^-2, r = v01|h
  (K) v|h002400 inverts v1010|h:
    h0 h0 h2 h4 h0 h0 v1 v0 v1 v0 h1 h1 h4 h2 h1 h1 v1 v0 v1 v0
    = h0 h0 h2 h4 h0 v1 h1 v0 v1 v0 h1 h1 h4 h2 h1 h1 v1 v0 v1 v0
    = h0 h0 h2 h4 v1 h1 h1 v0 v1 v0 h1 h1 h4 h2 h1 h1 v1 v0 v1 v0
    = h0 h0 h2 v0 h4 h1 h1 v0 v1 v0 h1 h1 h4 h2 h1 h1 v1 v0 v1 v0
    = h0 h0 v0 h3 h4 h1 h1 v0 v1 v0 h1 h1 h4 h2 h1 h1 v1 v0 v1 v0
    = h0 v0 h0 h3 h4 h1 h1 v0 v1 v0 h1 h1 h4 h2 h1 h1 v1 v0 v1 v0
    = v0 h0 h0 h3 h4 h1 h1 v0 v1 v0 h1 h1 h4 h2 h1 h1 v1 v0 v1 v0
    = v0 h0 h0 h3 h4 h1 v0 h1 v1 v0 h1 h1 h4 h2 h1 h1 v1 v0 v1 v0
    = v0 h0 h0 h3 h4 v0 h1 h1 v1 v0 h1 h1 h4 h2 h1 h1 v1 v0 v1 v0
    = v0 h0 h0 h3 v1 h4 h1 h1 v1 v0 h1 h1 h4 h2 h1 h1 v1 v0 v1 v0
    = v0 h0 h0 v1 h3 h4 h1 h1 v1 v0 h1 h1 h4 h2 h1 h1 v1 v0 v1 v0
    = v0 h0 v1 h1 h3 h4 h1 h1 v1 v0 h1 h1 h4 h2 h1 h1 v1 v0 v1 v0
    = v0 v1 h1 h1 h3 h4 h1 h1 v1 v0 h1 h1 h4 h2 h1 h1 v1 v0 v1 v0
    = v0 v1 h1 h1 h3 h4 h1 v1 h0 v0 h1 h1 h4 h2 h1 h1 v1 v0 v1 v0
    = v0 v1 h1 h1 h3 h4 v1 h0 h0 v0 h1 h1 h4 h2 h1 h1 v1 v0 v1 v0
    = v0 v1 h1 h1 h3 v0 h4 h0 h0 v0 h1 h1 h4 h2 h1 h1 v1 v0 v1 v0
    = v0 v1 h1 h1 v0 h2 h4 h0 h0 v0 h1 h1 h4 h2 h1 h1 v1 v0 v1 v0
    = v0 v1 h1 v0 h1 h2 h4 h0 h0 v0 h1 h1 h4 h2 h1 h1 v1 v0 v1 v0
    = v0 v1 v0 h1 h1 h2 h4 h0 h0 v0 h1 h1 h4 h2 h1 h1 v1 v0 v1 v0
    = v0 v1 v0 h1 h1 h2 h4 h0 v0 h0 h1 h1 h4 h2 h1 h1 v1 v0 v1 v0
    = v0 v1 v0 h1 h1 h2 h4 v0 h0 h0 h1 h1 h4 h2 h1 h1 v1 v0 v1 v0
    = v0 v1 v0 h1 h1 h2 v1 h4 h0 h0 h1 h1 h4 h2 h1 h1 v1 v0 v1 v0
    = v0 v1 v0 h1 h1 v1 h2 h4 h0 h0 h1 h1 h4 h2 h1 h1 v1 v0 v1 v0
    = v0 v1 v0 h1 v1 h0 h2 h4 h0 h0 h1 h1 h4 h2 h1 h1 v1 v0 v1 v0
    = v0 v1 v0 v1 h0 h0 h2 h4 h0 h0 h1 h1 h4 h2 h1 h1 v1 v0 v1 v0
    = v0 v1 v0 v1 h0 h0 h2 h4 h0 h1 h4 h2 h1 h1 v1 v0 v1 v0
    = v0 v1 v0 v1 h0 h0 h2 h4 h4 h2 h1 h1 v1 v0 v1 v0
    = v0 v1 v0 v1 h0 h0 h2 h2 h1 h1 v1 v0 v1 v0
    = v0 v1 v0 v1 h0 h0 h1 h1 v1 v0 v1 v0
    = v0 v1 v0 v1 h0 h1 v1 v0 v1 v0
    = v0 v1 v0 v1 v1 v0 v1 v0
    = v0 v1 v0 v0 v1 v0
    = v0 v1 v1 v0
    = v0 v0
    = 1
  (K) v2102|h inverts v|h002400:
    v2 v1 v0 v2 h0 h0 h2 h4 h0 h0 v2 v0 v1 v2 h0 h0 h2 h4 h0 h0
    = v2 v1 v0 v2 h0 h0 h2 h4 h0 v2 h1 v0 v1 v2 h0 h0 h2 h4 h0 h0
    = v2 v1 v0 v2 h0 h0 h2 h4 v2 h1 h1 v0 v1 v2 h0 h0 h2 h4 h0 h0
    = v2 v1 v0 v2 h0 h0 h2 v2 h3 h1 h1 v0 v1 v2 h0 h0 h2 h4 h0 h0
    = v2 v1 v0 v2 h0 h0 v2 h2 h3 h1 h1 v0 v1 v2 h0 h0 h2 h4 h0 h0
    = v2 v1 v0 v2 h0 v2 h1 h2 h3 h1 h1 v0 v1 v2 h0 h0 h2 h4 h0 h0
    = v2 v1 v0 v2 v2 h1 h1 h2 h3 h1 h1 v0 v1 v2 h0 h0 h2 h4 h0 h0
    = v2 v1 v0 h1 h1 h2 h3 h1 h1 v0 v1 v2 h0 h0 h2 h4 h0 h0
    = v2 v1 v0 h1 h1 h2 h3 h1 v0 h1 v1 v2 h0 h0 h2 h4 h0 h0
    = v2 v1 v0 h1 h1 h2 h3 v0 h1 h1 v1 v2 h0 h0 h2 h4 h0 h0
    = v2 v1 v0 h1 h1 h2 v0 h2 h1 h1 v1 v2 h0 h0 h2 h4 h0 h0
    = v2 v1 v0 h1 h1 v0 h3 h2 h1 h1 v1 v2 h0 h0 h2 h4 h0 h0
    = v2 v1 v0 h1 v0 h1 h3 h2 h1 h1 v1 v2 h0 h0 h2 h4 h0 h0
    = v2 v1 v0 v0 h1 h1 h3 h2 h1 h1 v1 v2 h0 h0 h2 h4 h0 h0
    = v2 v1 h1 h1 h3 h2 h1 h1 v1 v2 h0 h0 h2 h4 h0 h0
    = v2 v1 h1 h1 h3 h2 h1 v1 h0 v2 h0 h0 h2 h4 h0 h0
    = v2 v1 h1 h1 h3 h2 v1 h0 h0 v2 h0 h0 h2 h4 h0 h0
    = v2 v1 h1 h1 h3 v1 h2 h0 h0 v2 h0 h0 h2 h4 h0 h0
    = v2 v1 h1 h1 v1 h3 h2 h0 h0 v2 h0 h0 h2 h4 h0 h0
    = v2 v1 h1 v1 h0 h3 h2 h0 h0 v2 h0 h0 h2 h4 h0 h0
    = v2 v1 v1 h0 h0 h3 h2 h0 h0 v2 h0 h0 h2 h4 h0 h0
    = v2 h0 h0 h3 h2 h0 h0 v2 h0 h0 h2 h4 h0 h0
    = v2 h0 h0 h3 h2 h0 v2 h1 h0 h0 h2 h4 h0 h0
    = v2 h0 h0 h3 h2 v2 h1 h1 h0 h0 h2 h4 h0 h0
    = v2 h0 h0 h3 v2 h2 h1 h1 h0 h0 h2 h4 h0 h0
    = v2 h0 h0 v2 h4 h2 h1 h1 h0 h0 h2 h4 h0 h0
    = v2 h0 v2 h1 h4 h2 h1 h1 h0 h0 h2 h4 h0 h0
    = v2 v2 h1 h1 h4 h2 h1 h1 h0 h0 h2 h4 h0 h0
    = h1 h1 h4 h2 h1 h1 h0 h0 h2 h4 h0 h0
    = h1 h1 h4 h2 h1 h0 h2 h4 h0 h0
    = h1 h1 h4 h2 h2 h4 h0 h0
    = h1 h1 h4 h4 h0 h0
    = h1 h1 h0 h0
    = h1 h0
    = 1
  (R) v2102|h = r^-1, v201012|h = r^2, r = v2012|h
  (K) v|h113211 inverts v201012|h:
    h1 h1 h3 h2 h1 h1 v2 v0 v1 v0 v1 v2 h0 h0 h2 h3 h0 h0 v2 v0 v1 v0 v1 v2
    = h1 h1 h3 h2 h1 v2 h0 v0 v1 v0 v1 v2 h0 h0 h2 h3 h0 h0 v2 v0 v1 v0 v1 v2
    = h1 h1 h3 h2 v2 h0 h0 v0 v1 v0 v1 v2 h0 h0 h2 h3 h0 h0 v2 v0 v1 v0 v1 v2
    = h1 h1 h3 v2 h2 h0 h0 v0 v1 v0 v1 v2 h0 h0 h2 h3 h0 h0 v2 v0 v1 v0 v1 v2
    = h1 h1 v2 h4 h2 h0 h0 v0 v1 v0 v1 v2 h0 h0 h2 h3 h0 h0 v2 v0 v1 v0 v1 v2
    = h1 v2 h0 h4 h2 h0 h0 v0 v1 v0 v1 v2 h0 h0 h2 h3 h0 h0 v2 v0 v1 v0 v1 v2
    = v2 h0 h0 h4 h2 h0 h0 v0 v1 v0 v1 v2 h0 h0 h2 h3 h0 h0 v2 v0 v1 v0 v1 v2
    = v2 h0 h0 h4 h2 h0 v0 h0 v1 v0 v1 v2 h0 h0 h2 h3 h0 h0 v2 v0 v1 v0 v1 v2
    = v2 h0 h0 h4 h2 v0 h0 h0 v1 v0 v1 v2 h0 h0 h2 h3 h0 h0 v2 v0 v1 v0 v1 v2
    = v2 h0 h0 h4 v0 h3 h0 h0 v1 v0 v1 v2 h0 h0 h2 h3 h0 h0 v2 v0 v1 v0 v1 v2
    = v2 h0 h0 v1 h4 h3 h0 h0 v1 v0 v1 v2 h0 h0 h2 h3 h0 h0 v2 v0 v1 v0 v1 v2
    = v2 h0 v1 h1 h4 h3 h0 h0 v1 v0 v1 v2 h0 h0 h2 h3 h0 h0 v2 v0 v1 v0 v1 v2
    = v2 v1 h1 h1 h4 h3 h0 h0 v1 v0 v1 v2 h0 h0 h2 h3 h0 h0 v2 v0 v1 v0 v1 v2
    = v2 v1 h1 h1 h4 h3 h0 v1 h1 v0 v1 v2 h0 h0 h2 h3 h0 h0 v2 v0 v1 v0 v1 v2
    = v2 v1 h1 h1 h4 h3 v1 h1 h1 v0 v1 v2 h0 h0 h2 h3 h0 h0 v2 v0 v1 v0 v1 v2
    = v2 v1 h1 h1 h4 v1 h3 h1 h1 v0 v1 v2 h0 h0 h2 h3 h0 h0 v2 v0 v1 v0 v1 v2
    = v2 v1 h1 h1 v0 h4 h3 h1 h1 v0 v1 v2 h0 h0 h2 h3 h0 h0 v2 v0 v1 v0 v1 v2
    = v2 v1 h1 v0 h1 h4 h3 h1 h1 v0 v1 v2 h0 h0 h2 h3 h0 h0 v2 v0 v1 v0 v1 v2
    = v2 v1 v0 h1 h1 h4 h3 h1 h1 v0 v1 v2 h0 h0 h2 h3 h0 h0 v2 v0 v1 v0 v1 v2
    = v2 v1 v0 h1 h1 h4 h3 h1 v0 h1 v1 v2 h0 h0 h2 h3 h0 h0 v2 v0 v1 v0 v1 v2
    = v2 v1 v0 h1 h1 h4 h3 v0 h1 h1 v1 v2 h0 h0 h2 h3 h0 h0 v2 v0 v1 v0 v1 v2
    = v2 v1 v0 h1 h1 h4 v0 h2 h1 h1 v1 v2 h0 h0 h2 h3 h0 h0 v2 v0 v1 v0 v1 v2
    = v2 v1 v0 h1 h1 v1 h4 h2 h1 h1 v1 v2 h0 h0 h2 h3 h0 h0 v2 v0 v1 v0 v1 v2
    = v2 v1 v0 h1 v1 h0 h4 h2 h1 h1 v1 v2 h0 h0 h2 h3 h0 h0 v2 v0 v1 v0 v1 v2
    = v2 v1 v0 v1 h0 h0 h4 h2 h1 h1 v1 v2 h0 h0 h2 h3 h0 h0 v2 v0 v1 v0 v1 v2
    = v2 v1 v0 v1 h0 h0 h4 h2 h1 v1 h0 v2 h0 h0 h2 h3 h0 h0 v2 v0 v1 v0 v1 v2
    = v2 v1 v0 v1 h0 h0 h4 h2 v1 h0 h0 v2 h0 h0 h2 h3 h0 h0 v2 v0 v1 v0 v1 v2
    = v2 v1 v0 v1 h0 h0 h4 v1 h2 h0 h0 v2 h0 h0 h2 h3 h0 h0 v2 v0 v1 v0 v1 v2
    = v2 v1 v0 v1 h0 h0 v0 h4 h2 h0 h0 v2 h0 h0 h2 h3 h0 h0 v2 v0 v1 v0 v1 v2
    = v2 v1 v0 v1 h0 v0 h0 h4 h2 h0 h0 v2 h0 h0 h2 h3 h0 h0 v2 v0 v1 v0 v1 v2
    = v2 v1 v0 v1 v0 h0 h0 h4 h2 h0 h0 v2 h0 h0 h2 h3 h0 h0 v2 v0 v1 v0 v1 v2
    = v2 v1 v0 v1 v0 h0 h0 h4 h2 h0 v2 h1 h0 h0 h2 h3 h0 h0 v2 v0 v1 v0 v1 v2
    = v2 v1 v0 v1 v0 h0 h0 h4 h2 v2 h1 h1 h0 h0 h2 h3 h0 h0 v2 v0 v1 v0 v1 v2
    = v2 v1 v0 v1 v0 h0 h0 h4 v2 h2 h1 h1 h0 h0 h2 h3 h0 h0 v2 v0 v1 v0 v1 v2
    = v2 v1 v0 v1 v0 h0 h0 v2 h3 h2 h1 h1 h0 h0 h2 h3 h0 h0 v2 v0 v1 v0 v1 v2
    = v2 v1 v0 v1 v0 h0 v2 h1 h3 h2 h1 h1 h0 h0 h2 h3 h0 h0 v2 v0 v1 v0 v1 v2
    = v2 v1 v0 v1 v0 v2 h1 h1 h3 h2 h1 h1 h0 h0 h2 h3 h0 h0 v2 v0 v1 v0 v1 v2
    = v2 v1 v0 v1 v0 v2 h1 h1 h3 h2 h1 h0 h2 h3 h0 h0 v2 v0 v1 v0 v1 v2
    = v2 v1 v0 v1 v0 v2 h1 h1 h3 h2 h2 h3 h0 h0 v2 v0 v1 v0 v1 v2
    = v2 v1 v0 v1 v0 v2 h1 h1 h3 h3 h0 h0 v2 v0 v1 v0 v1 v2
    = v2 v1 v0 v1 v0 v2 h1 h1 h0 h0 v2 v0 v1 v0 v1 v2
    = v2 v1 v0 v1 v0 v2 h1 h0 v2 v0 v1 v0 v1 v2
    = v2 v1 v0 v1 v0 v2 v2 v0 v1 v0 v1 v2
    = v2 v1 v0 v1 v0 v0 v1 v0 v1 v2
    = v2 v1 v0 v1 v1 v0 v1 v2
    = v2 v1 v0 v0 v1 v2
    = v2 v1 v1 v2
    = v2 v2
    = 1
  (K) v10|h inverts v|h113211:
    v1 v0 h1 h1 h3 h2 h1 h1 v0 v1 h1 h1 h3 h2 h1 h1
    = v1 v0 h1 h1 h3 h2 h1 v0 h1 v1 h1 h1 h3 h2 h1 h1
    = v1 v0 h1 h1 h3 h2 v0 h1 h1 v1 h1 h1 h3 h2 h1 h1
    = v1 v0 h1 h1 h3 v0 h3 h1 h1 v1 h1 h1 h3 h2 h1 h1
    = v1 v0 h1 h1 v0 h2 h3 h1 h1 v1 h1 h1 h3 h2 h1 h1
    = v1 v0 h1 v0 h1 h2 h3 h1 h1 v1 h1 h1 h3 h2 h1 h1
    = v1 v0 v0 h1 h1 h2 h3 h1 h1 v1 h1 h1 h3 h2 h1 h1
    = v1 h1 h1 h2 h3 h1 h1 v1 h1 h1 h3 h2 h1 h1
    = v1 h1 h1 h2 h3 h1 v1 h0 h1 h1 h3 h2 h1 h1
    = v1 h1 h1 h2 h3 v1 h0 h0 h1 h1 h3 h2 h1 h1
    = v1 h1 h1 h2 v1 h3 h0 h0 h1 h1 h3 h2 h1 h1
    = v1 h1 h1 v1 h2 h3 h0 h0 h1 h1 h3 h2 h1 h1
    = v1 h1 v1 h0 h2 h3 h0 h0 h1 h1 h3 h2 h1 h1
    = v1 v1 h0 h0 h2 h3 h0 h0 h1 h1 h3 h2 h1 h1
    = h0 h0 h2 h3 h0 h0 h1 h1 h3 h2 h1 h1
    = h0 h0 h2 h3 h0 h1 h3 h2 h1 h1
    = h0 h0 h2 h3 h3 h2 h1 h1
    = h0 h0 h2 h2 h1 h1
    = h0 h0 h1 h1
    = h0 h1
    = 1
class 165 chain of length 6 with 4 inverting steps verified: Gamma^+ is not left-orderable
  (K) v|h4324 inverts v20|h:
    h4 h3 h2 h4 v2 v0 h4 h2 h3 h4 v2 v0
    = h4 h3 h2 v2 h4 v0 h4 h2 h3 h4 v2 v0
    = h4 h3 v2 h2 h4 v0 h4 h2 h3 h4 v2 v0
    = h4 v1 h3 h2 h4 v0 h4 h2 h3 h4 v2 v0
    = v0 h4 h3 h2 h4 v0 h4 h2 h3 h4 v2 v0
    = v0 h4 h3 h2 v1 h4 h4 h2 h3 h4 v2 v0
    = v0 h4 h3 v1 h2 h4 h4 h2 h3 h4 v2 v0
    = v0 h4 v2 h3 h2 h4 h4 h2 h3 h4 v2 v0
    = v0 v2 h4 h3 h2 h4 h4 h2 h3 h4 v2 v0
    = v0 v2 h4 h3 h2 h2 h3 h4 v2 v0
    = v0 v2 h4 h3 h3 h4 v2 v0
    = v0 v2 h4 h4 v2 v0
    = v0 v2 v2 v0
    = v0 v0
    = 1
  (R) v|h4324 = r^-1, v|h432324 = r^-2, r = v|h4234
  (K) v0120|h inverts v|h432324:
    v0 v1 v2 v0 h4 h3 h2 h3 h2 h4 v0 v2 v1 v0 h4 h3 h2 h3 h2 h4
    = v0 v1 v2 v0 h4 h3 h2 h3 h2 v1 h4 v2 v1 v0 h4 h3 h2 h3 h2 h4
    = v0 v1 v2 v0 h4 h3 h2 h3 v1 h2 h4 v2 v1 v0 h4 h3 h2 h3 h2 h4
    = v0 v1 v2 v0 h4 h3 h2 v2 h3 h2 h4 v2 v1 v0 h4 h3 h2 h3 h2 h4
    = v0 v1 v2 v0 h4 h3 v2 h2 h3 h2 h4 v2 v1 v0 h4 h3 h2 h3 h2 h4
    = v0 v1 v2 v0 h4 v1 h3 h2 h3 h2 h4 v2 v1 v0 h4 h3 h2 h3 h2 h4
    = v0 v1 v2 v0 v0 h4 h3 h2 h3 h2 h4 v2 v1 v0 h4 h3 h2 h3 h2 h4
    = v0 v1 v2 h4 h3 h2 h3 h2 h4 v2 v1 v0 h4 h3 h2 h3 h2 h4
    = v0 v1 v2 h4 h3 h2 h3 h2 v2 h4 v1 v0 h4 h3 h2 h3 h2 h4
    = v0 v1 v2 h4 h3 h2 h3 v2 h2 h4 v1 v0 h4 h3 h2 h3 h2 h4
    = v0 v1 v2 h4 h3 h2 v1 h3 h2 h4 v1 v0 h4 h3 h2 h3 h2 h4
    = v0 v1 v2 h4 h3 v1 h2 h3 h2 h4 v1 v0 h4 h3 h2 h3 h2 h4
    = v0 v1 v2 h4 v2 h3 h2 h3 h2 h4 v1 v0 h4 h3 h2 h3 h2 h4
    = v0 v1 v2 v2 h4 h3 h2 h3 h2 h4 v1 v0 h4 h3 h2 h3 h2 h4
    = v0 v1 h4 h3 h2 h3 h2 h4 v1 v0 h4 h3 h2 h3 h2 h4
    = v0 v1 h4 h3 h2 h3 h2 v0 h4 v0 h4 h3 h2 h3 h2 h4
    = v0 v1 h4 h3 h2 h3 v0 h3 h4 v0 h4 h3 h2 h3 h2 h4
    = v0 v1 h4 h3 h2 v0 h2 h3 h4 v0 h4 h3 h2 h3 h2 h4
    = v0 v1 h4 h3 v0 h3 h2 h3 h4 v0 h4 h3 h2 h3 h2 h4
    = v0 v1 h4 v0 h2 h3 h2 h3 h4 v0 h4 h3 h2 h3 h2 h4
    = v0 v1 v1 h4 h2 h3 h2 h3 h4 v0 h4 h3 h2 h3 h2 h4
    = v0 h4 h2 h3 h2 h3 h4 v0 h4 h3 h2 h3 h2 h4
    = v0 h4 h2 h3 h2 h3 v1 h4 h4 h3 h2 h3 h2 h4
    = v0 h4 h2 h3 h2 v2 h3 h4 h4 h3 h2 h3 h2 h4
    = v0 h4 h2 h3 v2 h2 h3 h4 h4 h3 h2 h3 h2 h4
    = v0 h4 h2 v1 h3 h2 h3 h4 h4 h3 h2 h3 h2 h4
    = v0 h4 v1 h2 h3 h2 h3 h4 h4 h3 h2 h3 h2 h4
    = v0 v0 h4 h2 h3 h2 h3 h4 h4 h3 h2 h3 h2 h4
    = h4 h2 h3 h2 h3 h4 h4 h3 h2 h3 h2 h4
    = h4 h2 h3 h2 h3 h3 h2 h3 h2 h4
    = h4 h2 h3 h2 h2 h3 h2 h4
    = h4 h2 h3 h3 h2 h4
    = h4 h2 h2 h4
    = h4 h4
    = 1
  (K) v|h23 inverts v0120|h:
    h2 h3 v0 v1 v2 v0 h3 h2 v0 v1 v2 v0
    = h2 v0 h2 v1 v2 v0 h3 h2 v0 v1 v2 v0
    = v0 h3 h2 v1 v2 v0 h3 h2 v0 v1 v2 v0
    = v0 h3 v1 h2 v2 v0 h3 h2 v0 v1 v2 v0
    = v0 v2 h3 h2 v2 v0 h3 h2 v0 v1 v2 v0
    = v0 v2 h3 v2 h2 v0 h3 h2 v0 v1 v2 v0
    = v0 v2 v1 h3 h2 v0 h3 h2 v0 v1 v2 v0
    = v0 v2 v1 h3 v0 h3 h3 h2 v0 v1 v2 v0
    = v0 v2 v1 v0 h2 h3 h3 h2 v0 v1 v2 v0
    = v0 v2 v1 v0 h2 h2 v0 v1 v2 v0
    = v0 v2 v1 v0 v0 v1 v2 v0
    = v0 v2 v1 v1 v2 v0
    = v0 v2 v2 v0
    = v0 v0
    = 1
  (R) v|h23 = r^1, v|h2323 = r^2, r = v|h23
  (K) v20|h inverts v|h2323:
    v2 v0 h2 h3 h2 h3 v0 v2 h2 h3 h2 h3
    = v2 v0 h2 h3 h2 v0 h2 v2 h2 h3 h2 h3
    = v2 v0 h2 h3 v0 h3 h2 v2 h2 h3 h2 h3
    = v2 v0 h2 v0 h2 h3 h2 v2 h2 h3 h2 h3
    = v2 v0 v0 h3 h2 h3 h2 v2 h2 h3 h2 h3
    = v2 h3 h2 h3 h2 v2 h2 h3 h2 h3
    = v2 h3 h2 h3 v2 h2 h2 h3 h2 h3
    = v2 h3 h2 v1 h3 h2 h2 h3 h2 h3
    = v2 h3 v1 h2 h3 h2 h2 h3 h2 h3
    = v2 v2 h3 h2 h3 h2 h2 h3 h2 h3
    = h3 h2 h3 h2 h2 h3 h2 h3
    = h3 h2 h3 h3 h2 h3
    = h3 h2 h2 h3
    = h3 h3
    = 1
class 166 chain of length 6 with 4 inverting steps verified: Gamma^+ is not left-orderable
  (K) v|h0341 inverts v20|h:
    h0 h3 h4 h1 v2 v0 h0 h4 h3 h1 v2 v0
    = h0 h3 h4 v1 h1 v0 h0 h4 h3 h1 v2 v0
    = h0 h3 v0 h4 h1 v0 h0 h4 h3 h1 v2 v0
    = h0 v0 h3 h4 h1 v0 h0 h4 h3 h1 v2 v0
    = v0 h0 h3 h4 h1 v0 h0 h4 h3 h1 v2 v0
    = v0 h0 h3 h4 v0 h1 h0 h4 h3 h1 v2 v0
    = v0 h0 h3 v1 h4 h1 h0 h4 h3 h1 v2 v0
    = v0 h0 v1 h3 h4 h1 h0 h4 h3 h1 v2 v0
    = v0 v2 h0 h3 h4 h1 h0 h4 h3 h1 v2 v0
    = v0 v2 h0 h3 h4 h4 h3 h1 v2 v0
    = v0 v2 h0 h3 h3 h1 v2 v0
    = v0 v2 h0 h1 v2 v0
    = v0 v2 v2 v0
    = v0 v0
    = 1
  (R) v|h0341 = r^1, v|h043431 = r^-2, r = v|h0341
  (K) v10|h inverts v|h043431:
    v1 v0 h0 h4 h3 h4 h3 h1 v0 v1 h0 h4 h3 h4 h3 h1
    = v1 v0 h0 h4 h3 h4 h3 v0 h1 v1 h0 h4 h3 h4 h3 h1
    = v1 v0 h0 h4 h3 h4 v0 h3 h1 v1 h0 h4 h3 h4 h3 h1
    = v1 v0 h0 h4 h3 v1 h4 h3 h1 v1 h0 h4 h3 h4 h3 h1
    = v1 v0 h0 h4 v1 h3 h4 h3 h1 v1 h0 h4 h3 h4 h3 h1
    = v1 v0 h0 v0 h4 h3 h4 h3 h1 v1 h0 h4 h3 h4 h3 h1
    = v1 v0 v0 h0 h4 h3 h4 h3 h1 v1 h0 h4 h3 h4 h3 h1
    = v1 h0 h4 h3 h4 h3 h1 v1 h0 h4 h3 h4 h3 h1
    = v1 h0 h4 h3 h4 h3 v2 h1 h0 h4 h3 h4 h3 h1
    = v1 h0 h4 h3 h4 v2 h4 h1 h0 h4 h3 h4 h3 h1
    = v1 h0 h4 h3 v2 h3 h4 h1 h0 h4 h3 h4 h3 h1
    = v1 h0 h4 v2 h4 h3 h4 h1 h0 h4 h3 h4 h3 h1
    = v1 h0 v2 h3 h4 h3 h4 h1 h0 h4 h3 h4 h3 h1
    = v1 v1 h0 h3 h4 h3 h4 h1 h0 h4 h3 h4 h3 h1
    = h0 h3 h4 h3 h4 h1 h0 h4 h3 h4 h3 h1
    = h0 h3 h4 h3 h4 h4 h3 h4 h3 h1
    = h0 h3 h4 h3 h3 h4 h3 h1
    = h0 h3 h4 h4 h3 h1
    = h0 h3 h3 h1
    = h0 h1
    = 1
  (K) v|h2342 inverts v10|h:
    h2 h3 h4 h2 v1 v0 h2 h4 h3 h2 v1 v0
    = h2 h3 h4 v1 h2 v0 h2 h4 h3 h2 v1 v0
    = h2 h3 v0 h4 h2 v0 h2 h4 h3 h2 v1 v0
    = h2 v0 h3 h4 h2 v0 h2 h4 h3 h2 v1 v0
    = v0 h2 h3 h4 h2 v0 h2 h4 h3 h2 v1 v0
    = v0 h2 h3 h4 v0 h2 h2 h4 h3 h2 v1 v0
    = v0 h2 h3 v1 h4 h2 h2 h4 h3 h2 v1 v0
    = v0 h2 v1 h3 h4 h2 h2 h4 h3 h2 v1 v0
    = v0 v1 h2 h3 h4 h2 h2 h4 h3 h2 v1 v0
    = v0 v1 h2 h3 h4 h4 h3 h2 v1 v0
    = v0 v1 h2 h3 h3 h2 v1 v0
    = v0 v1 h2 h2 v1 v0
    = v0 v1 v1 v0
    = v0 v0
    = 1
  (R) v|h2342 = r^1, v|h243432 = r^-2, r = v|h2342
  (K) v20|h inverts v|h243432:
    v2 v0 h2 h4 h3 h4 h3 h2 v0 v2 h2 h4 h3 h4 h3 h2
    = v2 v0 h2 h4 h3 h4 h3 v0 h2 v2 h2 h4 h3 h4 h3 h2
    = v2 v0 h2 h4 h3 h4 v0 h3 h2 v2 h2 h4 h3 h4 h3 h2
    = v2 v0 h2 h4 h3 v1 h4 h3 h2 v2 h2 h4 h3 h4 h3 h2
    = v2 v0 h2 h4 v1 h3 h4 h3 h2 v2 h2 h4 h3 h4 h3 h2
    = v2 v0 h2 v0 h4 h3 h4 h3 h2 v2 h2 h4 h3 h4 h3 h2
    = v2 v0 v0 h2 h4 h3 h4 h3 h2 v2 h2 h4 h3 h4 h3 h2
    = v2 h2 h4 h3 h4 h3 h2 v2 h2 h4 h3 h4 h3 h2
    = v2 h2 h4 h3 h4 h3 v2 h2 h2 h4 h3 h4 h3 h2
    = v2 h2 h4 h3 h4 v2 h4 h2 h2 h4 h3 h4 h3 h2
    = v2 h2 h4 h3 v2 h3 h4 h2 h2 h4 h3 h4 h3 h2
    = v2 h2 h4 v2 h4 h3 h4 h2 h2 h4 h3 h4 h3 h2
    = v2 h2 v2 h3 h4 h3 h4 h2 h2 h4 h3 h4 h3 h2
    = v2 v2 h2 h3 h4 h3 h4 h2 h2 h4 h3 h4 h3 h2
    = h2 h3 h4 h3 h4 h2 h2 h4 h3 h4 h3 h2
    = h2 h3 h4 h3 h4 h4 h3 h4 h3 h2
    = h2 h3 h4 h3 h3 h4 h3 h2
    = h2 h3 h4 h4 h3 h2
    = h2 h3 h3 h2
    = h2 h2
    = 1
class 187 chain of length 6 with 4 inverting steps verified: Gamma^+ is not left-orderable
  (R) v20|h = r^-1, v2020|h = r^-2, r = v02|h
  (K) v|h004211 inverts v2020|h:
    h0 h0 h4 h2 h1 h1 v2 v0 v2 v0 h0 h0 h2 h4 h1 h1 v2 v0 v2 v0
    = h0 h0 h4 h2 h1 v1 h1 v0 v2 v0 h0 h0 h2 h4 h1 h1 v2 v0 v2 v0
    = h0 h0 h4 h2 v2 h1 h1 v0 v2 v0 h0 h0 h2 h4 h1 h1 v2 v0 v2 v0
    = h0 h0 h4 v2 h3 h1 h1 v0 v2 v0 h0 h0 h2 h4 h1 h1 v2 v0 v2 v0
    = h0 h0 v0 h4 h3 h1 h1 v0 v2 v0 h0 h0 h2 h4 h1 h1 v2 v0 v2 v0
    = h0 v0 h0 h4 h3 h1 h1 v0 v2 v0 h0 h0 h2 h4 h1 h1 v2 v0 v2 v0
    = v0 h0 h0 h4 h3 h1 h1 v0 v2 v0 h0 h0 h2 h4 h1 h1 v2 v0 v2 v0
    = v0 h0 h0 h4 h3 h1 v0 h1 v2 v0 h0 h0 h2 h4 h1 h1 v2 v0 v2 v0
    = v0 h0 h0 h4 h3 v0 h1 h1 v2 v0 h0 h0 h2 h4 h1 h1 v2 v0 v2 v0
    = v0 h0 h0 h4 v0 h3 h1 h1 v2 v0 h0 h0 h2 h4 h1 h1 v2 v0 v2 v0
    = v0 h0 h0 v2 h4 h3 h1 h1 v2 v0 h0 h0 h2 h4 h1 h1 v2 v0 v2 v0
    = v0 h0 v1 h0 h4 h3 h1 h1 v2 v0 h0 h0 h2 h4 h1 h1 v2 v0 v2 v0
    = v0 v2 h0 h0 h4 h3 h1 h1 v2 v0 h0 h0 h2 h4 h1 h1 v2 v0 v2 v0
    = v0 v2 h0 h0 h4 h3 h1 v1 h1 v0 h0 h0 h2 h4 h1 h1 v2 v0 v2 v0
    = v0 v2 h0 h0 h4 h3 v2 h1 h1 v0 h0 h0 h2 h4 h1 h1 v2 v0 v2 v0
    = v0 v2 h0 h0 h4 v2 h2 h1 h1 v0 h0 h0 h2 h4 h1 h1 v2 v0 v2 v0
    = v0 v2 h0 h0 v0 h4 h2 h1 h1 v0 h0 h0 h2 h4 h1 h1 v2 v0 v2 v0
    = v0 v2 h0 v0 h0 h4 h2 h1 h1 v0 h0 h0 h2 h4 h1 h1 v2 v0 v2 v0
    = v0 v2 v0 h0 h0 h4 h2 h1 h1 v0 h0 h0 h2 h4 h1 h1 v2 v0 v2 v0
    = v0 v2 v0 h0 h0 h4 h2 h1 v0 h1 h0 h0 h2 h4 h1 h1 v2 v0 v2 v0
    = v0 v2 v0 h0 h0 h4 h2 v0 h1 h1 h0 h0 h2 h4 h1 h1 v2 v0 v2 v0
    = v0 v2 v0 h0 h0 h4 v0 h2 h1 h1 h0 h0 h2 h4 h1 h1 v2 v0 v2 v0
    = v0 v2 v0 h0 h0 v2 h4 h2 h1 h1 h0 h0 h2 h4 h1 h1 v2 v0 v2 v0
    = v0 v2 v0 h0 v1 h0 h4 h2 h1 h1 h0 h0 h2 h4 h1 h1 v2 v0 v2 v0
    = v0 v2 v0 v2 h0 h0 h4 h2 h1 h1 h0 h0 h2 h4 h1 h1 v2 v0 v2 v0
    = v0 v2 v0 v2 h0 h0 h4 h2 h1 h0 h2 h4 h1 h1 v2 v0 v2 v0
    = v0 v2 v0 v2 h0 h0 h4 h2 h2 h4 h1 h1 v2 v0 v2 v0
    = v0 v2 v0 v2 h0 h0 h4 h4 h1 h1 v2 v0 v2 v0
    = v0 v2 v0 v2 h0 h0 h1 h1 v2 v0 v2 v0
    = v0 v2 v0 v2 h0 h1 v2 v0 v2 v0
    = v0 v2 v0 v2 v2 v0 v2 v0
    = v0 v2 v0 v0 v2 v0
    = v0 v2 v2 v0
    = v0 v0
    = 1
  (K) v1021|h inverts v|h004211:
    v1 v0 v2 v1 h0 h0 h4 h2 h1 h1 v1 v2 v0 v1 h0 h0 h4 h2 h1 h1
    = v1 v0 v2 v1 h0 h0 h4 h2 h1 v2 h1 v2 v0 v1 h0 h0 h4 h2 h1 h1
    = v1 v0 v2 v1 h0 h0 h4 h2 v1 h1 h1 v2 v0 v1 h0 h0 h4 h2 h1 h1
    = v1 v0 v2 v1 h0 h0 h4 v1 h2 h1 h1 v2 v0 v1 h0 h0 h4 h2 h1 h1
    = v1 v0 v2 v1 h0 h0 v1 h3 h2 h1 h1 v2 v0 v1 h0 h0 h4 h2 h1 h1
    = v1 v0 v2 v1 h0 v2 h0 h3 h2 h1 h1 v2 v0 v1 h0 h0 h4 h2 h1 h1
    = v1 v0 v2 v1 v1 h0 h0 h3 h2 h1 h1 v2 v0 v1 h0 h0 h4 h2 h1 h1
    = v1 v0 v2 h0 h0 h3 h2 h1 h1 v2 v0 v1 h0 h0 h4 h2 h1 h1
    = v1 v0 v2 h0 h0 h3 h2 h1 v1 h1 v0 v1 h0 h0 h4 h2 h1 h1
    = v1 v0 v2 h0 h0 h3 h2 v2 h1 h1 v0 v1 h0 h0 h4 h2 h1 h1
    = v1 v0 v2 h0 h0 h3 v2 h3 h1 h1 v0 v1 h0 h0 h4 h2 h1 h1
    = v1 v0 v2 h0 h0 v2 h2 h3 h1 h1 v0 v1 h0 h0 h4 h2 h1 h1
    = v1 v0 v2 h0 v1 h0 h2 h3 h1 h1 v0 v1 h0 h0 h4 h2 h1 h1
    = v1 v0 v2 v2 h0 h0 h2 h3 h1 h1 v0 v1 h0 h0 h4 h2 h1 h1
    = v1 v0 h0 h0 h2 h3 h1 h1 v0 v1 h0 h0 h4 h2 h1 h1
    = v1 v0 h0 h0 h2 h3 h1 v0 h1 v1 h0 h0 h4 h2 h1 h1
    = v1 v0 h0 h0 h2 h3 v0 h1 h1 v1 h0 h0 h4 h2 h1 h1
    = v1 v0 h0 h0 h2 v0 h3 h1 h1 v1 h0 h0 h4 h2 h1 h1
    = v1 v0 h0 h0 v0 h2 h3 h1 h1 v1 h0 h0 h4 h2 h1 h1
    = v1 v0 h0 v0 h0 h2 h3 h1 h1 v1 h0 h0 h4 h2 h1 h1
    = v1 v0 v0 h0 h0 h2 h3 h1 h1 v1 h0 h0 h4 h2 h1 h1
    = v1 h0 h0 h2 h3 h1 h1 v1 h0 h0 h4 h2 h1 h1
    = v1 h0 h0 h2 h3 h1 v2 h1 h0 h0 h4 h2 h1 h1
    = v1 h0 h0 h2 h3 v1 h1 h1 h0 h0 h4 h2 h1 h1
    = v1 h0 h0 h2 v1 h4 h1 h1 h0 h0 h4 h2 h1 h1
    = v1 h0 h0 v1 h2 h4 h1 h1 h0 h0 h4 h2 h1 h1
    = v1 h0 v2 h0 h2 h4 h1 h1 h0 h0 h4 h2 h1 h1
    = v1 v1 h0 h0 h2 h4 h1 h1 h0 h0 h4 h2 h1 h1
    = h0 h0 h2 h4 h1 h1 h0 h0 h4 h2 h1 h1
    = h0 h0 h2 h4 h1 h0 h4 h2 h1 h1
    = h0 h0 h2 h4 h4 h2 h1 h1
    = h0 h0 h2 h2 h1 h1
    = h0 h0 h1 h1
    = h0 h1
    = 1
  (R) v1021|h = r^1, v102021|h = r^2, r = v1021|h
  (K) v|h002311 inverts v102021|h:
    h0 h0 h2 h3 h1 h1 v1 v0 v2 v0 v2 v1 h0 h0 h3 h2 h1 h1 v1 v0 v2 v0 v2 v1
    = h0 h0 h2 h3 h1 v2 h1 v0 v2 v0 v2 v1 h0 h0 h3 h2 h1 h1 v1 v0 v2 v0 v2 v1
    = h0 h0 h2 h3 v1 h1 h1 v0 v2 v0 v2 v1 h0 h0 h3 h2 h1 h1 v1 v0 v2 v0 v2 v1
    = h0 h0 h2 v1 h4 h1 h1 v0 v2 v0 v2 v1 h0 h0 h3 h2 h1 h1 v1 v0 v2 v0 v2 v1
    = h0 h0 v1 h2 h4 h1 h1 v0 v2 v0 v2 v1 h0 h0 h3 h2 h1 h1 v1 v0 v2 v0 v2 v1
    = h0 v2 h0 h2 h4 h1 h1 v0 v2 v0 v2 v1 h0 h0 h3 h2 h1 h1 v1 v0 v2 v0 v2 v1
    = v1 h0 h0 h2 h4 h1 h1 v0 v2 v0 v2 v1 h0 h0 h3 h2 h1 h1 v1 v0 v2 v0 v2 v1
    = v1 h0 h0 h2 h4 h1 v0 h1 v2 v0 v2 v1 h0 h0 h3 h2 h1 h1 v1 v0 v2 v0 v2 v1
    = v1 h0 h0 h2 h4 v0 h1 h1 v2 v0 v2 v1 h0 h0 h3 h2 h1 h1 v1 v0 v2 v0 v2 v1
    = v1 h0 h0 h2 v2 h4 h1 h1 v2 v0 v2 v1 h0 h0 h3 h2 h1 h1 v1 v0 v2 v0 v2 v1
    = v1 h0 h0 v2 h3 h4 h1 h1 v2 v0 v2 v1 h0 h0 h3 h2 h1 h1 v1 v0 v2 v0 v2 v1
    = v1 h0 v1 h0 h3 h4 h1 h1 v2 v0 v2 v1 h0 h0 h3 h2 h1 h1 v1 v0 v2 v0 v2 v1
    = v1 v2 h0 h0 h3 h4 h1 h1 v2 v0 v2 v1 h0 h0 h3 h2 h1 h1 v1 v0 v2 v0 v2 v1
    = v1 v2 h0 h0 h3 h4 h1 v1 h1 v0 v2 v1 h0 h0 h3 h2 h1 h1 v1 v0 v2 v0 v2 v1
    = v1 v2 h0 h0 h3 h4 v2 h1 h1 v0 v2 v1 h0 h0 h3 h2 h1 h1 v1 v0 v2 v0 v2 v1
    = v1 v2 h0 h0 h3 v0 h4 h1 h1 v0 v2 v1 h0 h0 h3 h2 h1 h1 v1 v0 v2 v0 v2 v1
    = v1 v2 h0 h0 v0 h3 h4 h1 h1 v0 v2 v1 h0 h0 h3 h2 h1 h1 v1 v0 v2 v0 v2 v1
    = v1 v2 h0 v0 h0 h3 h4 h1 h1 v0 v2 v1 h0 h0 h3 h2 h1 h1 v1 v0 v2 v0 v2 v1
    = v1 v2 v0 h0 h0 h3 h4 h1 h1 v0 v2 v1 h0 h0 h3 h2 h1 h1 v1 v0 v2 v0 v2 v1
    = v1 v2 v0 h0 h0 h3 h4 h1 v0 h1 v2 v1 h0 h0 h3 h2 h1 h1 v1 v0 v2 v0 v2 v1
    = v1 v2 v0 h0 h0 h3 h4 v0 h1 h1 v2 v1 h0 h0 h3 h2 h1 h1 v1 v0 v2 v0 v2 v1
    = v1 v2 v0 h0 h0 h3 v2 h4 h1 h1 v2 v1 h0 h0 h3 h2 h1 h1 v1 v0 v2 v0 v2 v1
    = v1 v2 v0 h0 h0 v2 h2 h4 h1 h1 v2 v1 h0 h0 h3 h2 h1 h1 v1 v0 v2 v0 v2 v1
    = v1 v2 v0 h0 v1 h0 h2 h4 h1 h1 v2 v1 h0 h0 h3 h2 h1 h1 v1 v0 v2 v0 v2 v1
    = v1 v2 v0 v2 h0 h0 h2 h4 h1 h1 v2 v1 h0 h0 h3 h2 h1 h1 v1 v0 v2 v0 v2 v1
    = v1 v2 v0 v2 h0 h0 h2 h4 h1 v1 h1 v1 h0 h0 h3 h2 h1 h1 v1 v0 v2 v0 v2 v1
    = v1 v2 v0 v2 h0 h0 h2 h4 v2 h1 h1 v1 h0 h0 h3 h2 h1 h1 v1 v0 v2 v0 v2 v1
    = v1 v2 v0 v2 h0 h0 h2 v0 h4 h1 h1 v1 h0 h0 h3 h2 h1 h1 v1 v0 v2 v0 v2 v1
    = v1 v2 v0 v2 h0 h0 v0 h2 h4 h1 h1 v1 h0 h0 h3 h2 h1 h1 v1 v0 v2 v0 v2 v1
    = v1 v2 v0 v2 h0 v0 h0 h2 h4 h1 h1 v1 h0 h0 h3 h2 h1 h1 v1 v0 v2 v0 v2 v1
    = v1 v2 v0 v2 v0 h0 h0 h2 h4 h1 h1 v1 h0 h0 h3 h2 h1 h1 v1 v0 v2 v0 v2 v1
    = v1 v2 v0 v2 v0 h0 h0 h2 h4 h1 v2 h1 h0 h0 h3 h2 h1 h1 v1 v0 v2 v0 v2 v1
    = v1 v2 v0 v2 v0 h0 h0 h2 h4 v1 h1 h1 h0 h0 h3 h2 h1 h1 v1 v0 v2 v0 v2 v1
    = v1 v2 v0 v2 v0 h0 h0 h2 v1 h3 h1 h1 h0 h0 h3 h2 h1 h1 v1 v0 v2 v0 v2 v1
    = v1 v2 v0 v2 v0 h0 h0 v1 h2 h3 h1 h1 h0 h0 h3 h2 h1 h1 v1 v0 v2 v0 v2 v1
    = v1 v2 v0 v2 v0 h0 v2 h0 h2 h3 h1 h1 h0 h0 h3 h2 h1 h1 v1 v0 v2 v0 v2 v1
    = v1 v2 v0 v2 v0 v1 h0 h0 h2 h3 h1 h1 h0 h0 h3 h2 h1 h1 v1 v0 v2 v0 v2 v1
    = v1 v2 v0 v2 v0 v1 h0 h0 h2 h3 h1 h0 h3 h2 h1 h1 v1 v0 v2 v0 v2 v1
    = v1 v2 v0 v2 v0 v1 h0 h0 h2 h3 h3 h2 h1 h1 v1 v0 v2 v0 v2 v1
    = v1 v2 v0 v2 v0 v1 h0 h0 h2 h2 h1 h1 v1 v0 v2 v0 v2 v1
    = v1 v2 v0 v2 v0 v1 h0 h0 h1 h1 v1 v0 v2 v0 v2 v1
    = v1 v2 v0 v2 v0 v1 h0 h1 v1 v0 v2 v0 v2 v1
    = v1 v2 v0 v2 v0 v1 v1 v0 v2 v0 v2 v1
    = v1 v2 v0 v2 v0 v0 v2 v0 v2 v1
    = v1 v2 v0 v2 v2 v0 v2 v1
    = v1 v2 v0 v0 v2 v1
    = v1 v2 v2 v1
    = v1 v1
    = 1
  (K) v20|h inverts v|h002311:
    v2 v0 h0 h0 h2 h3 h1 h1 v0 v2 h0 h0 h2 h3 h1 h1
    = v2 v0 h0 h0 h2 h3 h1 v0 h1 v2 h0 h0 h2 h3 h1 h1
    = v2 v0 h0 h0 h2 h3 v0 h1 h1 v2 h0 h0 h2 h3 h1 h1
    = v2 v0 h0 h0 h2 v0 h3 h1 h1 v2 h0 h0 h2 h3 h1 h1
    = v2 v0 h0 h0 v0 h2 h3 h1 h1 v2 h0 h0 h2 h3 h1 h1
    = v2 v0 h0 v0 h0 h2 h3 h1 h1 v2 h0 h0 h2 h3 h1 h1
    = v2 v0 v0 h0 h0 h2 h3 h1 h1 v2 h0 h0 h2 h3 h1 h1
    = v2 h0 h0 h2 h3 h1 h1 v2 h0 h0 h2 h3 h1 h1
    = v2 h0 h0 h2 h3 h1 v1 h1 h0 h0 h2 h3 h1 h1
    = v2 h0 h0 h2 h3 v2 h1 h1 h0 h0 h2 h3 h1 h1
    = v2 h0 h0 h2 v2 h2 h1 h1 h0 h0 h2 h3 h1 h1
    = v2 h0 h0 v2 h3 h2 h1 h1 h0 h0 h2 h3 h1 h1
    = v2 h0 v1 h0 h3 h2 h1 h1 h0 h0 h2 h3 h1 h1
    = v2 v2 h0 h0 h3 h2 h1 h1 h0 h0 h2 h3 h1 h1
    = h0 h0 h3 h2 h1 h1 h0 h0 h2 h3 h1 h1
    = h0 h0 h3 h2 h1 h0 h2 h3 h1 h1
    = h0 h0 h3 h2 h2 h3 h1 h1
    = h0 h0 h3 h3 h1 h1
    = h0 h0 h1 h1
    = h0 h1
    = 1
class 207 chain of length 6 with 4 inverting steps verified: Gamma^+ is not left-orderable
  (R) v12|h = r^1, v2121|h = r^-2, r = v12|h
  (K) v|h004211 inverts v2121|h:
    h0 h0 h4 h2 h1 h1 v2 v1 v2 v1 h0 h0 h2 h4 h1 h1 v2 v1 v2 v1
    = h0 h0 h4 h2 h1 v1 h1 v1 v2 v1 h0 h0 h2 h4 h1 h1 v2 v1 v2 v1
    = h0 h0 h4 h2 v2 h1 h1 v1 v2 v1 h0 h0 h2 h4 h1 h1 v2 v1 v2 v1
    = h0 h0 h4 v2 h3 h1 h1 v1 v2 v1 h0 h0 h2 h4 h1 h1 v2 v1 v2 v1
    = h0 h0 v1 h4 h3 h1 h1 v1 v2 v1 h0 h0 h2 h4 h1 h1 v2 v1 v2 v1
    = h0 v2 h0 h4 h3 h1 h1 v1 v2 v1 h0 h0 h2 h4 h1 h1 v2 v1 v2 v1
    = v1 h0 h0 h4 h3 h1 h1 v1 v2 v1 h0 h0 h2 h4 h1 h1 v2 v1 v2 v1
    = v1 h0 h0 h4 h3 h1 v2 h1 v2 v1 h0 h0 h2 h4 h1 h1 v2 v1 v2 v1
    = v1 h0 h0 h4 h3 v1 h1 h1 v2 v1 h0 h0 h2 h4 h1 h1 v2 v1 v2 v1
    = v1 h0 h0 h4 v1 h3 h1 h1 v2 v1 h0 h0 h2 h4 h1 h1 v2 v1 v2 v1
    = v1 h0 h0 v2 h4 h3 h1 h1 v2 v1 h0 h0 h2 h4 h1 h1 v2 v1 v2 v1
    = v1 h0 v1 h0 h4 h3 h1 h1 v2 v1 h0 h0 h2 h4 h1 h1 v2 v1 v2 v1
    = v1 v2 h0 h0 h4 h3 h1 h1 v2 v1 h0 h0 h2 h4 h1 h1 v2 v1 v2 v1
    = v1 v2 h0 h0 h4 h3 h1 v1 h1 v1 h0 h0 h2 h4 h1 h1 v2 v1 v2 v1
    = v1 v2 h0 h0 h4 h3 v2 h1 h1 v1 h0 h0 h2 h4 h1 h1 v2 v1 v2 v1
    = v1 v2 h0 h0 h4 v2 h2 h1 h1 v1 h0 h0 h2 h4 h1 h1 v2 v1 v2 v1
    = v1 v2 h0 h0 v1 h4 h2 h1 h1 v1 h0 h0 h2 h4 h1 h1 v2 v1 v2 v1
    = v1 v2 h0 v2 h0 h4 h2 h1 h1 v1 h0 h0 h2 h4 h1 h1 v2 v1 v2 v1
    = v1 v2 v1 h0 h0 h4 h2 h1 h1 v1 h0 h0 h2 h4 h1 h1 v2 v1 v2 v1
    = v1 v2 v1 h0 h0 h4 h2 h1 v2 h1 h0 h0 h2 h4 h1 h1 v2 v1 v2 v1
    = v1 v2 v1 h0 h0 h4 h2 v1 h1 h1 h0 h0 h2 h4 h1 h1 v2 v1 v2 v1
    = v1 v2 v1 h0 h0 h4 v1 h2 h1 h1 h0 h0 h2 h4 h1 h1 v2 v1 v2 v1
    = v1 v2 v1 h0 h0 v2 h4 h2 h1 h1 h0 h0 h2 h4 h1 h1 v2 v1 v2 v1
    = v1 v2 v1 h0 v1 h0 h4 h2 h1 h1 h0 h0 h2 h4 h1 h1 v2 v1 v2 v1
    = v1 v2 v1 v2 h0 h0 h4 h2 h1 h1 h0 h0 h2 h4 h1 h1 v2 v1 v2 v1
    = v1 v2 v1 v2 h0 h0 h4 h2 h1 h0 h2 h4 h1 h1 v2 v1 v2 v1
    = v1 v2 v1 v2 h0 h0 h4 h2 h2 h4 h1 h1 v2 v1 v2 v1
    = v1 v2 v1 v2 h0 h0 h4 h4 h1 h1 v2 v1 v2 v1
    = v1 v2 v1 v2 h0 h0 h1 h1 v2 v1 v2 v1
    = v1 v2 v1 v2 h0 h1 v2 v1 v2 v1
    = v1 v2 v1 v2 v2 v1 v2 v1
    = v1 v2 v1 v1 v2 v1
    = v1 v2 v2 v1
    = v1 v1
    = 1
  (K) v0210|h inverts v|h004211:
    v0 v2 v1 v0 h0 h0 h4 h2 h1 h1 v0 v1 v2 v0 h0 h0 h4 h2 h1 h1
    = v0 v2 v1 v0 h0 h0 h4 h2 h1 v0 h1 v1 v2 v0 h0 h0 h4 h2 h1 h1
    = v0 v2 v1 v0 h0 h0 h4 h2 v0 h1 h1 v1 v2 v0 h0 h0 h4 h2 h1 h1
    = v0 v2 v1 v0 h0 h0 h4 v0 h2 h1 h1 v1 v2 v0 h0 h0 h4 h2 h1 h1
    = v0 v2 v1 v0 h0 h0 v0 h3 h2 h1 h1 v1 v2 v0 h0 h0 h4 h2 h1 h1
    = v0 v2 v1 v0 h0 v0 h0 h3 h2 h1 h1 v1 v2 v0 h0 h0 h4 h2 h1 h1
    = v0 v2 v1 v0 v0 h0 h0 h3 h2 h1 h1 v1 v2 v0 h0 h0 h4 h2 h1 h1
    = v0 v2 v1 h0 h0 h3 h2 h1 h1 v1 v2 v0 h0 h0 h4 h2 h1 h1
    = v0 v2 v1 h0 h0 h3 h2 h1 v2 h1 v2 v0 h0 h0 h4 h2 h1 h1
    = v0 v2 v1 h0 h0 h3 h2 v1 h1 h1 v2 v0 h0 h0 h4 h2 h1 h1
    = v0 v2 v1 h0 h0 h3 v1 h2 h1 h1 v2 v0 h0 h0 h4 h2 h1 h1
    = v0 v2 v1 h0 h0 v1 h3 h2 h1 h1 v2 v0 h0 h0 h4 h2 h1 h1
    = v0 v2 v1 h0 v2 h0 h3 h2 h1 h1 v2 v0 h0 h0 h4 h2 h1 h1
    = v0 v2 v1 v1 h0 h0 h3 h2 h1 h1 v2 v0 h0 h0 h4 h2 h1 h1
    = v0 v2 h0 h0 h3 h2 h1 h1 v2 v0 h0 h0 h4 h2 h1 h1
    = v0 v2 h0 h0 h3 h2 h1 v1 h1 v0 h0 h0 h4 h2 h1 h1
    = v0 v2 h0 h0 h3 h2 v2 h1 h1 v0 h0 h0 h4 h2 h1 h1
    = v0 v2 h0 h0 h3 v2 h3 h1 h1 v0 h0 h0 h4 h2 h1 h1
    = v0 v2 h0 h0 v2 h2 h3 h1 h1 v0 h0 h0 h4 h2 h1 h1
    = v0 v2 h0 v1 h0 h2 h3 h1 h1 v0 h0 h0 h4 h2 h1 h1
    = v0 v2 v2 h0 h0 h2 h3 h1 h1 v0 h0 h0 h4 h2 h1 h1
    = v0 h0 h0 h2 h3 h1 h1 v0 h0 h0 h4 h2 h1 h1
    = v0 h0 h0 h2 h3 h1 v0 h1 h0 h0 h4 h2 h1 h1
    = v0 h0 h0 h2 h3 v0 h1 h1 h0 h0 h4 h2 h1 h1
    = v0 h0 h0 h2 v0 h4 h1 h1 h0 h0 h4 h2 h1 h1
    = v0 h0 h0 v0 h2 h4 h1 h1 h0 h0 h4 h2 h1 h1
    = v0 h0 v0 h0 h2 h4 h1 h1 h0 h0 h4 h2 h1 h1
    = v0 v0 h0 h0 h2 h4 h1 h1 h0 h0 h4 h2 h1 h1
    = h0 h0 h2 h4 h1 h1 h0 h0 h4 h2 h1 h1
    = h0 h0 h2 h4 h1 h0 h4 h2 h1 h1
    = h0 h0 h2 h4 h4 h2 h1 h1
    = h0 h0 h2 h2 h1 h1
    = h0 h0 h1 h1
    = h0 h1
    = 1
  (R) v0210|h = r^-1, v012120|h = r^2, r = v0120|h
  (K) v|h002311 inverts v012120|h:
    h0 h0 h2 h3 h1 h1 v0 v1 v2 v1 v2 v0 h0 h0 h3 h2 h1 h1 v0 v1 v2 v1 v2 v0
    = h0 h0 h2 h3 h1 v0 h1 v1 v2 v1 v2 v0 h0 h0 h3 h2 h1 h1 v0 v1 v2 v1 v2 v0
    = h0 h0 h2 h3 v0 h1 h1 v1 v2 v1 v2 v0 h0 h0 h3 h2 h1 h1 v0 v1 v2 v1 v2 v0
    = h0 h0 h2 v0 h4 h1 h1 v1 v2 v1 v2 v0 h0 h0 h3 h2 h1 h1 v0 v1 v2 v1 v2 v0
    = h0 h0 v0 h2 h4 h1 h1 v1 v2 v1 v2 v0 h0 h0 h3 h2 h1 h1 v0 v1 v2 v1 v2 v0
    = h0 v0 h0 h2 h4 h1 h1 v1 v2 v1 v2 v0 h0 h0 h3 h2 h1 h1 v0 v1 v2 v1 v2 v0
    = v0 h0 h0 h2 h4 h1 h1 v1 v2 v1 v2 v0 h0 h0 h3 h2 h1 h1 v0 v1 v2 v1 v2 v0
    = v0 h0 h0 h2 h4 h1 v2 h1 v2 v1 v2 v0 h0 h0 h3 h2 h1 h1 v0 v1 v2 v1 v2 v0
    = v0 h0 h0 h2 h4 v1 h1 h1 v2 v1 v2 v0 h0 h0 h3 h2 h1 h1 v0 v1 v2 v1 v2 v0
    = v0 h0 h0 h2 v2 h4 h1 h1 v2 v1 v2 v0 h0 h0 h3 h2 h1 h1 v0 v1 v2 v1 v2 v0
    = v0 h0 h0 v2 h3 h4 h1 h1 v2 v1 v2 v0 h0 h0 h3 h2 h1 h1 v0 v1 v2 v1 v2 v0
    = v0 h0 v1 h0 h3 h4 h1 h1 v2 v1 v2 v0 h0 h0 h3 h2 h1 h1 v0 v1 v2 v1 v2 v0
    = v0 v2 h0 h0 h3 h4 h1 h1 v2 v1 v2 v0 h0 h0 h3 h2 h1 h1 v0 v1 v2 v1 v2 v0
    = v0 v2 h0 h0 h3 h4 h1 v1 h1 v1 v2 v0 h0 h0 h3 h2 h1 h1 v0 v1 v2 v1 v2 v0
    = v0 v2 h0 h0 h3 h4 v2 h1 h1 v1 v2 v0 h0 h0 h3 h2 h1 h1 v0 v1 v2 v1 v2 v0
    = v0 v2 h0 h0 h3 v1 h4 h1 h1 v1 v2 v0 h0 h0 h3 h2 h1 h1 v0 v1 v2 v1 v2 v0
    = v0 v2 h0 h0 v1 h3 h4 h1 h1 v1 v2 v0 h0 h0 h3 h2 h1 h1 v0 v1 v2 v1 v2 v0
    = v0 v2 h0 v2 h0 h3 h4 h1 h1 v1 v2 v0 h0 h0 h3 h2 h1 h1 v0 v1 v2 v1 v2 v0
    = v0 v2 v1 h0 h0 h3 h4 h1 h1 v1 v2 v0 h0 h0 h3 h2 h1 h1 v0 v1 v2 v1 v2 v0
    = v0 v2 v1 h0 h0 h3 h4 h1 v2 h1 v2 v0 h0 h0 h3 h2 h1 h1 v0 v1 v2 v1 v2 v0
    = v0 v2 v1 h0 h0 h3 h4 v1 h1 h1 v2 v0 h0 h0 h3 h2 h1 h1 v0 v1 v2 v1 v2 v0
    = v0 v2 v1 h0 h0 h3 v2 h4 h1 h1 v2 v0 h0 h0 h3 h2 h1 h1 v0 v1 v2 v1 v2 v0
    = v0 v2 v1 h0 h0 v2 h2 h4 h1 h1 v2 v0 h0 h0 h3 h2 h1 h1 v0 v1 v2 v1 v2 v0
    = v0 v2 v1 h0 v1 h0 h2 h4 h1 h1 v2 v0 h0 h0 h3 h2 h1 h1 v0 v1 v2 v1 v2 v0
    = v0 v2 v1 v2 h0 h0 h2 h4 h1 h1 v2 v0 h0 h0 h3 h2 h1 h1 v0 v1 v2 v1 v2 v0
    = v0 v2 v1 v2 h0 h0 h2 h4 h1 v1 h1 v0 h0 h0 h3 h2 h1 h1 v0 v1 v2 v1 v2 v0
    = v0 v2 v1 v2 h0 h0 h2 h4 v2 h1 h1 v0 h0 h0 h3 h2 h1 h1 v0 v1 v2 v1 v2 v0
    = v0 v2 v1 v2 h0 h0 h2 v1 h4 h1 h1 v0 h0 h0 h3 h2 h1 h1 v0 v1 v2 v1 v2 v0
    = v0 v2 v1 v2 h0 h0 v1 h2 h4 h1 h1 v0 h0 h0 h3 h2 h1 h1 v0 v1 v2 v1 v2 v0
    = v0 v2 v1 v2 h0 v2 h0 h2 h4 h1 h1 v0 h0 h0 h3 h2 h1 h1 v0 v1 v2 v1 v2 v0
    = v0 v2 v1 v2 v1 h0 h0 h2 h4 h1 h1 v0 h0 h0 h3 h2 h1 h1 v0 v1 v2 v1 v2 v0
    = v0 v2 v1 v2 v1 h0 h0 h2 h4 h1 v0 h1 h0 h0 h3 h2 h1 h1 v0 v1 v2 v1 v2 v0
    = v0 v2 v1 v2 v1 h0 h0 h2 h4 v0 h1 h1 h0 h0 h3 h2 h1 h1 v0 v1 v2 v1 v2 v0
    = v0 v2 v1 v2 v1 h0 h0 h2 v0 h3 h1 h1 h0 h0 h3 h2 h1 h1 v0 v1 v2 v1 v2 v0
    = v0 v2 v1 v2 v1 h0 h0 v0 h2 h3 h1 h1 h0 h0 h3 h2 h1 h1 v0 v1 v2 v1 v2 v0
    = v0 v2 v1 v2 v1 h0 v0 h0 h2 h3 h1 h1 h0 h0 h3 h2 h1 h1 v0 v1 v2 v1 v2 v0
    = v0 v2 v1 v2 v1 v0 h0 h0 h2 h3 h1 h1 h0 h0 h3 h2 h1 h1 v0 v1 v2 v1 v2 v0
    = v0 v2 v1 v2 v1 v0 h0 h0 h2 h3 h1 h0 h3 h2 h1 h1 v0 v1 v2 v1 v2 v0
    = v0 v2 v1 v2 v1 v0 h0 h0 h2 h3 h3 h2 h1 h1 v0 v1 v2 v1 v2 v0
    = v0 v2 v1 v2 v1 v0 h0 h0 h2 h2 h1 h1 v0 v1 v2 v1 v2 v0
    = v0 v2 v1 v2 v1 v0 h0 h0 h1 h1 v0 v1 v2 v1 v2 v0
    = v0 v2 v1 v2 v1 v0 h0 h1 v0 v1 v2 v1 v2 v0
    = v0 v2 v1 v2 v1 v0 v0 v1 v2 v1 v2 v0
    = v0 v2 v1 v2 v1 v1 v2 v1 v2 v0
    = v0 v2 v1 v2 v2 v1 v2 v0
    = v0 v2 v1 v1 v2 v0
    = v0 v2 v2 v0
    = v0 v0
    = 1
  (K) v12|h inverts v|h002311:
    v1 v2 h0 h0 h2 h3 h1 h1 v2 v1 h0 h0 h2 h3 h1 h1
    = v1 v2 h0 h0 h2 h3 h1 v1 h1 v1 h0 h0 h2 h3 h1 h1
    = v1 v2 h0 h0 h2 h3 v2 h1 h1 v1 h0 h0 h2 h3 h1 h1
    = v1 v2 h0 h0 h2 v2 h2 h1 h1 v1 h0 h0 h2 h3 h1 h1
    = v1 v2 h0 h0 v2 h3 h2 h1 h1 v1 h0 h0 h2 h3 h1 h1
    = v1 v2 h0 v1 h0 h3 h2 h1 h1 v1 h0 h0 h2 h3 h1 h1
    = v1 v2 v2 h0 h0 h3 h2 h1 h1 v1 h0 h0 h2 h3 h1 h1
    = v1 h0 h0 h3 h2 h1 h1 v1 h0 h0 h2 h3 h1 h1
    = v1 h0 h0 h3 h2 h1 v2 h1 h0 h0 h2 h3 h1 h1
    = v1 h0 h0 h3 h2 v1 h1 h1 h0 h0 h2 h3 h1 h1
    = v1 h0 h0 h3 v1 h2 h1 h1 h0 h0 h2 h3 h1 h1
    = v1 h0 h0 v1 h3 h2 h1 h1 h0 h0 h2 h3 h1 h1
    = v1 h0 v2 h0 h3 h2 h1 h1 h0 h0 h2 h3 h1 h1
    = v1 v1 h0 h0 h3 h2 h1 h1 h0 h0 h2 h3 h1 h1
    = h0 h0 h3 h2 h1 h1 h0 h0 h2 h3 h1 h1
    = h0 h0 h3 h2 h1 h0 h2 h3 h1 h1
    = h0 h0 h3 h2 h2 h3 h1 h1
    = h0 h0 h3 h3 h1 h1
    = h0 h0 h1 h1
    = h0 h1
    = 1
class 209 chain of length 6 with 4 inverting steps verified: Gamma^+ is not left-orderable
  (K) v20|h inverts v|h2323:
    v2 v0 h2 h3 h2 h3 v0 v2 h2 h3 h2 h3
    = v2 v0 h2 h3 h2 v1 h3 v2 h2 h3 h2 h3
    = v2 v0 h2 h3 v1 h2 h3 v2 h2 h3 h2 h3
    = v2 v0 h2 v0 h3 h2 h3 v2 h2 h3 h2 h3
    = v2 v0 v0 h2 h3 h2 h3 v2 h2 h3 h2 h3
    = v2 h2 h3 h2 h3 v2 h2 h3 h2 h3
    = v2 h2 h3 h2 v2 h2 h2 h3 h2 h3
    = v2 h2 h3 v2 h3 h2 h2 h3 h2 h3
    = v2 h2 v2 h2 h3 h2 h2 h3 h2 h3
    = v2 v2 h3 h2 h3 h2 h2 h3 h2 h3
    = h3 h2 h3 h2 h2 h3 h2 h3
    = h3 h2 h3 h3 h2 h3
    = h3 h2 h2 h3
    = h3 h3
    = 1
  (K) v|h0321 inverts v20|h:
    h0 h3 h2 h1 v2 v0 h0 h2 h3 h1 v2 v0
    = h0 h3 h2 v1 h1 v0 h0 h2 h3 h1 v2 v0
    = h0 h3 v1 h2 h1 v0 h0 h2 h3 h1 v2 v0
    = h0 v0 h3 h2 h1 v0 h0 h2 h3 h1 v2 v0
    = v0 h0 h3 h2 h1 v0 h0 h2 h3 h1 v2 v0
    = v0 h0 h3 h2 v0 h1 h0 h2 h3 h1 v2 v0
    = v0 h0 h3 v0 h2 h1 h0 h2 h3 h1 v2 v0
    = v0 h0 v1 h3 h2 h1 h0 h2 h3 h1 v2 v0
    = v0 v2 h0 h3 h2 h1 h0 h2 h3 h1 v2 v0
    = v0 v2 h0 h3 h2 h2 h3 h1 v2 v0
    = v0 v2 h0 h3 h3 h1 v2 v0
    = v0 v2 h0 h1 v2 v0
    = v0 v2 v2 v0
    = v0 v0
    = 1
  (R) v|h0321 = r^-1, v|h032321 = r^-2, r = v|h0231
  (K) v10|h inverts v|h032321:
    v1 v0 h0 h3 h2 h3 h2 h1 v0 v1 h0 h3 h2 h3 h2 h1
    = v1 v0 h0 h3 h2 h3 h2 v0 h1 v1 h0 h3 h2 h3 h2 h1
    = v1 v0 h0 h3 h2 h3 v0 h2 h1 v1 h0 h3 h2 h3 h2 h1
    = v1 v0 h0 h3 h2 v1 h3 h2 h1 v1 h0 h3 h2 h3 h2 h1
    = v1 v0 h0 h3 v1 h2 h3 h2 h1 v1 h0 h3 h2 h3 h2 h1
    = v1 v0 h0 v0 h3 h2 h3 h2 h1 v1 h0 h3 h2 h3 h2 h1
    = v1 v0 v0 h0 h3 h2 h3 h2 h1 v1 h0 h3 h2 h3 h2 h1
    = v1 h0 h3 h2 h3 h2 h1 v1 h0 h3 h2 h3 h2 h1
    = v1 h0 h3 h2 h3 h2 v2 h1 h0 h3 h2 h3 h2 h1
    = v1 h0 h3 h2 h3 v2 h3 h1 h0 h3 h2 h3 h2 h1
    = v1 h0 h3 h2 v2 h2 h3 h1 h0 h3 h2 h3 h2 h1
    = v1 h0 h3 v2 h3 h2 h3 h1 h0 h3 h2 h3 h2 h1
    = v1 h0 v2 h2 h3 h2 h3 h1 h0 h3 h2 h3 h2 h1
    = v1 v1 h0 h2 h3 h2 h3 h1 h0 h3 h2 h3 h2 h1
    = h0 h2 h3 h2 h3 h1 h0 h3 h2 h3 h2 h1
    = h0 h2 h3 h2 h3 h3 h2 h3 h2 h1
    = h0 h2 h3 h2 h2 h3 h2 h1
    = h0 h2 h3 h3 h2 h1
    = h0 h2 h2 h1
    = h0 h1
    = 1
  (K) v|h32 inverts v10|h:
    h3 h2 v1 v0 h2 h3 v1 v0
    = h3 v1 h2 v0 h2 h3 v1 v0
    = v0 h3 h2 v0 h2 h3 v1 v0
    = v0 h3 v0 h2 h2 h3 v1 v0
    = v0 v1 h3 h2 h2 h3 v1 v0
    = v0 v1 h3 h3 v1 v0
    = v0 v1 v1 v0
    = v0 v0
    = 1
  (R) v|h32 = r^-1, v|h2323 = r^2, r = v|h23
class 211 chain of length 6 with 4 inverting steps verified: Gamma^+ is not left-orderable
  (K) v02|h inverts v|h2323:
    v0 v2 h2 h3 h2 h3 v2 v0 h2 h3 h2 h3
    = v0 v2 h2 h3 h2 v2 h2 v0 h2 h3 h2 h3
    = v0 v2 h2 h3 v2 h3 h2 v0 h2 h3 h2 h3
    = v0 v2 h2 v2 h2 h3 h2 v0 h2 h3 h2 h3
    = v0 v2 v2 h3 h2 h3 h2 v0 h2 h3 h2 h3
    = v0 h3 h2 h3 h2 v0 h2 h3 h2 h3
    = v0 h3 h2 h3 v0 h2 h2 h3 h2 h3
    = v0 h3 h2 v1 h3 h2 h2 h3 h2 h3
    = v0 h3 v1 h2 h3 h2 h2 h3 h2 h3
    = v0 v0 h3 h2 h3 h2 h2 h3 h2 h3
    = h3 h2 h3 h2 h2 h3 h2 h3
    = h3 h2 h3 h3 h2 h3
    = h3 h2 h2 h3
    = h3 h3
    = 1
  (K) v|h0321 inverts v02|h:
    h0 h3 h2 h1 v0 v2 h0 h2 h3 h1 v0 v2
    = h0 h3 h2 v0 h1 v2 h0 h2 h3 h1 v0 v2
    = h0 h3 v0 h2 h1 v2 h0 h2 h3 h1 v0 v2
    = h0 v1 h3 h2 h1 v2 h0 h2 h3 h1 v0 v2
    = v2 h0 h3 h2 h1 v2 h0 h2 h3 h1 v0 v2
    = v2 h0 h3 h2 v1 h1 h0 h2 h3 h1 v0 v2
    = v2 h0 h3 v1 h2 h1 h0 h2 h3 h1 v0 v2
    = v2 h0 v0 h3 h2 h1 h0 h2 h3 h1 v0 v2
    = v2 v0 h0 h3 h2 h1 h0 h2 h3 h1 v0 v2
    = v2 v0 h0 h3 h2 h2 h3 h1 v0 v2
    = v2 v0 h0 h3 h3 h1 v0 v2
    = v2 v0 h0 h1 v0 v2
    = v2 v0 v0 v2
    = v2 v2
    = 1
  (R) v|h0321 = r^-1, v|h023231 = r^2, r = v|h0231
  (K) v10|h inverts v|h023231:
    v1 v0 h0 h2 h3 h2 h3 h1 v0 v1 h0 h2 h3 h2 h3 h1
    = v1 v0 h0 h2 h3 h2 h3 v0 h1 v1 h0 h2 h3 h2 h3 h1
    = v1 v0 h0 h2 h3 h2 v1 h3 h1 v1 h0 h2 h3 h2 h3 h1
    = v1 v0 h0 h2 h3 v1 h2 h3 h1 v1 h0 h2 h3 h2 h3 h1
    = v1 v0 h0 h2 v0 h3 h2 h3 h1 v1 h0 h2 h3 h2 h3 h1
    = v1 v0 h0 v0 h2 h3 h2 h3 h1 v1 h0 h2 h3 h2 h3 h1
    = v1 v0 v0 h0 h2 h3 h2 h3 h1 v1 h0 h2 h3 h2 h3 h1
    = v1 h0 h2 h3 h2 h3 h1 v1 h0 h2 h3 h2 h3 h1
    = v1 h0 h2 h3 h2 h3 v2 h1 h0 h2 h3 h2 h3 h1
    = v1 h0 h2 h3 h2 v2 h2 h1 h0 h2 h3 h2 h3 h1
    = v1 h0 h2 h3 v2 h3 h2 h1 h0 h2 h3 h2 h3 h1
    = v1 h0 h2 v2 h2 h3 h2 h1 h0 h2 h3 h2 h3 h1
    = v1 h0 v2 h3 h2 h3 h2 h1 h0 h2 h3 h2 h3 h1
    = v1 v1 h0 h3 h2 h3 h2 h1 h0 h2 h3 h2 h3 h1
    = h0 h3 h2 h3 h2 h1 h0 h2 h3 h2 h3 h1
    = h0 h3 h2 h3 h2 h2 h3 h2 h3 h1
    = h0 h3 h2 h3 h3 h2 h3 h1
    = h0 h3 h2 h2 h3 h1
    = h0 h3 h3 h1
    = h0 h1
    = 1
  (K) v|h23 inverts v10|h:
    h2 h3 v1 v0 h3 h2 v1 v0
    = h2 v0 h3 v0 h3 h2 v1 v0
    = v0 h2 h3 v0 h3 h2 v1 v0
    = v0 h2 v1 h3 h3 h2 v1 v0
    = v0 v1 h2 h3 h3 h2 v1 v0
    = v0 v1 h2 h2 v1 v0
    = v0 v1 v1 v0
    = v0 v0
    = 1
  (R) v|h23 = r^1, v|h2323 = r^2, r = v|h23
class 212 chain of length 6 with 4 inverting steps verified: Gamma^+ is not left-orderable
  (K) v0120|h inverts v|h2323:
    v0 v1 v2 v0 h2 h3 h2 h3 v0 v2 v1 v0 h2 h3 h2 h3
    = v0 v1 v2 v0 h2 h3 h2 v1 h3 v2 v1 v0 h2 h3 h2 h3
    = v0 v1 v2 v0 h2 h3 v1 h2 h3 v2 v1 v0 h2 h3 h2 h3
    = v0 v1 v2 v0 h2 v0 h3 h2 h3 v2 v1 v0 h2 h3 h2 h3
    = v0 v1 v2 v0 v0 h2 h3 h2 h3 v2 v1 v0 h2 h3 h2 h3
    = v0 v1 v2 h2 h3 h2 h3 v2 v1 v0 h2 h3 h2 h3
    = v0 v1 v2 h2 h3 h2 v2 h2 v1 v0 h2 h3 h2 h3
    = v0 v1 v2 h2 h3 v2 h3 h2 v1 v0 h2 h3 h2 h3
    = v0 v1 v2 h2 v2 h2 h3 h2 v1 v0 h2 h3 h2 h3
    = v0 v1 v2 v2 h3 h2 h3 h2 v1 v0 h2 h3 h2 h3
    = v0 v1 h3 h2 h3 h2 v1 v0 h2 h3 h2 h3
    = v0 v1 h3 h2 h3 v1 h2 v0 h2 h3 h2 h3
    = v0 v1 h3 h2 v0 h3 h2 v0 h2 h3 h2 h3
    = v0 v1 h3 v0 h2 h3 h2 v0 h2 h3 h2 h3
    = v0 v1 v1 h3 h2 h3 h2 v0 h2 h3 h2 h3
    = v0 h3 h2 h3 h2 v0 h2 h3 h2 h3
    = v0 h3 h2 h3 v0 h2 h2 h3 h2 h3
    = v0 h3 h2 v1 h3 h2 h2 h3 h2 h3
    = v0 h3 v1 h2 h3 h2 h2 h3 h2 h3
    = v0 v0 h3 h2 h3 h2 h2 h3 h2 h3
    = h3 h2 h3 h2 h2 h3 h2 h3
    = h3 h2 h3 h3 h2 h3
    = h3 h2 h2 h3
    = h3 h3
    = 1
  (K) v|h4324 inverts v0120|h:
    h4 h3 h2 h4 v0 v1 v2 v0 h4 h2 h3 h4 v0 v1 v2 v0
    = h4 h3 h2 v2 h4 v1 v2 v0 h4 h2 h3 h4 v0 v1 v2 v0
    = h4 h3 v2 h3 h4 v1 v2 v0 h4 h2 h3 h4 v0 v1 v2 v0
    = h4 v2 h2 h3 h4 v1 v2 v0 h4 h2 h3 h4 v0 v1 v2 v0
    = v0 h4 h2 h3 h4 v1 v2 v0 h4 h2 h3 h4 v0 v1 v2 v0
    = v0 h4 h2 h3 v1 h4 v2 v0 h4 h2 h3 h4 v0 v1 v2 v0
    = v0 h4 h2 v0 h3 h4 v2 v0 h4 h2 h3 h4 v0 v1 v2 v0
    = v0 h4 v0 h2 h3 h4 v2 v0 h4 h2 h3 h4 v0 v1 v2 v0
    = v0 v2 h4 h2 h3 h4 v2 v0 h4 h2 h3 h4 v0 v1 v2 v0
    = v0 v2 h4 h2 h3 v0 h4 v0 h4 h2 h3 h4 v0 v1 v2 v0
    = v0 v2 h4 h2 v1 h3 h4 v0 h4 h2 h3 h4 v0 v1 v2 v0
    = v0 v2 h4 v1 h2 h3 h4 v0 h4 h2 h3 h4 v0 v1 v2 v0
    = v0 v2 v1 h4 h2 h3 h4 v0 h4 h2 h3 h4 v0 v1 v2 v0
    = v0 v2 v1 h4 h2 h3 v2 h4 h4 h2 h3 h4 v0 v1 v2 v0
    = v0 v2 v1 h4 h2 v2 h2 h4 h4 h2 h3 h4 v0 v1 v2 v0
    = v0 v2 v1 h4 v2 h3 h2 h4 h4 h2 h3 h4 v0 v1 v2 v0
    = v0 v2 v1 v0 h4 h3 h2 h4 h4 h2 h3 h4 v0 v1 v2 v0
    = v0 v2 v1 v0 h4 h3 h2 h2 h3 h4 v0 v1 v2 v0
    = v0 v2 v1 v0 h4 h3 h3 h4 v0 v1 v2 v0
    = v0 v2 v1 v0 h4 h4 v0 v1 v2 v0
    = v0 v2 v1 v0 v0 v1 v2 v0
    = v0 v2 v1 v1 v2 v0
    = v0 v2 v2 v0
    = v0 v0
    = 1
  (R) v|h4324 = r^-1, v|h423234 = r^2, r = v|h4234
  (K) v10|h inverts v|h423234:
    v1 v0 h4 h2 h3 h2 h3 h4 v0 v1 h4 h2 h3 h2 h3 h4
    = v1 v0 h4 h2 h3 h2 h3 v2 h4 v1 h4 h2 h3 h2 h3 h4
    = v1 v0 h4 h2 h3 h2 v2 h2 h4 v1 h4 h2 h3 h2 h3 h4
    = v1 v0 h4 h2 h3 v2 h3 h2 h4 v1 h4 h2 h3 h2 h3 h4
    = v1 v0 h4 h2 v2 h2 h3 h2 h4 v1 h4 h2 h3 h2 h3 h4
    = v1 v0 h4 v2 h3 h2 h3 h2 h4 v1 h4 h2 h3 h2 h3 h4
    = v1 v0 v0 h4 h3 h2 h3 h2 h4 v1 h4 h2 h3 h2 h3 h4
    = v1 h4 h3 h2 h3 h2 h4 v1 h4 h2 h3 h2 h3 h4
    = v1 h4 h3 h2 h3 h2 v1 h4 h4 h2 h3 h2 h3 h4
    = v1 h4 h3 h2 h3 v1 h2 h4 h4 h2 h3 h2 h3 h4
    = v1 h4 h3 h2 v0 h3 h2 h4 h4 h2 h3 h2 h3 h4
    = v1 h4 h3 v0 h2 h3 h2 h4 h4 h2 h3 h2 h3 h4
    = v1 h4 v1 h3 h2 h3 h2 h4 h4 h2 h3 h2 h3 h4
    = v1 v1 h4 h3 h2 h3 h2 h4 h4 h2 h3 h2 h3 h4
    = h4 h3 h2 h3 h2 h4 h4 h2 h3 h2 h3 h4
    = h4 h3 h2 h3 h2 h2 h3 h2 h3 h4
    = h4 h3 h2 h3 h3 h2 h3 h4
    = h4 h3 h2 h2 h3 h4
    = h4 h3 h3 h4
    = h4 h4
    = 1
  (K) v|h23 inverts v10|h:
    h2 h3 v1 v0 h3 h2 v1 v0
    = h2 v0 h3 v0 h3 h2 v1 v0
    = v0 h2 h3 v0 h3 h2 v1 v0
    = v0 h2 v1 h3 h3 h2 v1 v0
    = v0 v1 h2 h3 h3 h2 v1 v0
    = v0 v1 h2 h2 v1 v0
    = v0 v1 v1 v0
    = v0 v0
    = 1
  (R) v|h23 = r^1, v|h2323 = r^2, r = v|h23
class 213 chain of length 6 with 4 inverting steps verified: Gamma^+ is not left-orderable
  (R) v10|h = r^-1, v1010|h = r^-2, r = v01|h
  (K) v|h004211 inverts v1010|h:
    h0 h0 h4 h2 h1 h1 v1 v0 v1 v0 h0 h0 h2 h4 h1 h1 v1 v0 v1 v0
    = h0 h0 h4 h2 h1 v2 h1 v0 v1 v0 h0 h0 h2 h4 h1 h1 v1 v0 v1 v0
    = h0 h0 h4 h2 v1 h1 h1 v0 v1 v0 h0 h0 h2 h4 h1 h1 v1 v0 v1 v0
    = h0 h0 h4 v1 h2 h1 h1 v0 v1 v0 h0 h0 h2 h4 h1 h1 v1 v0 v1 v0
    = h0 h0 v0 h4 h2 h1 h1 v0 v1 v0 h0 h0 h2 h4 h1 h1 v1 v0 v1 v0
    = h0 v0 h0 h4 h2 h1 h1 v0 v1 v0 h0 h0 h2 h4 h1 h1 v1 v0 v1 v0
    = v0 h0 h0 h4 h2 h1 h1 v0 v1 v0 h0 h0 h2 h4 h1 h1 v1 v0 v1 v0
    = v0 h0 h0 h4 h2 h1 v0 h1 v1 v0 h0 h0 h2 h4 h1 h1 v1 v0 v1 v0
    = v0 h0 h0 h4 h2 v0 h1 h1 v1 v0 h0 h0 h2 h4 h1 h1 v1 v0 v1 v0
    = v0 h0 h0 h4 v0 h3 h1 h1 v1 v0 h0 h0 h2 h4 h1 h1 v1 v0 v1 v0
    = v0 h0 h0 v1 h4 h3 h1 h1 v1 v0 h0 h0 h2 h4 h1 h1 v1 v0 v1 v0
    = v0 h0 v2 h0 h4 h3 h1 h1 v1 v0 h0 h0 h2 h4 h1 h1 v1 v0 v1 v0
    = v0 v1 h0 h0 h4 h3 h1 h1 v1 v0 h0 h0 h2 h4 h1 h1 v1 v0 v1 v0
    = v0 v1 h0 h0 h4 h3 h1 v2 h1 v0 h0 h0 h2 h4 h1 h1 v1 v0 v1 v0
    = v0 v1 h0 h0 h4 h3 v1 h1 h1 v0 h0 h0 h2 h4 h1 h1 v1 v0 v1 v0
    = v0 v1 h0 h0 h4 v1 h3 h1 h1 v0 h0 h0 h2 h4 h1 h1 v1 v0 v1 v0
    = v0 v1 h0 h0 v0 h4 h3 h1 h1 v0 h0 h0 h2 h4 h1 h1 v1 v0 v1 v0
    = v0 v1 h0 v0 h0 h4 h3 h1 h1 v0 h0 h0 h2 h4 h1 h1 v1 v0 v1 v0
    = v0 v1 v0 h0 h0 h4 h3 h1 h1 v0 h0 h0 h2 h4 h1 h1 v1 v0 v1 v0
    = v0 v1 v0 h0 h0 h4 h3 h1 v0 h1 h0 h0 h2 h4 h1 h1 v1 v0 v1 v0
    = v0 v1 v0 h0 h0 h4 h3 v0 h1 h1 h0 h0 h2 h4 h1 h1 v1 v0 v1 v0
    = v0 v1 v0 h0 h0 h4 v0 h2 h1 h1 h0 h0 h2 h4 h1 h1 v1 v0 v1 v0
    = v0 v1 v0 h0 h0 v1 h4 h2 h1 h1 h0 h0 h2 h4 h1 h1 v1 v0 v1 v0
    = v0 v1 v0 h0 v2 h0 h4 h2 h1 h1 h0 h0 h2 h4 h1 h1 v1 v0 v1 v0
    = v0 v1 v0 v1 h0 h0 h4 h2 h1 h1 h0 h0 h2 h4 h1 h1 v1 v0 v1 v0
    = v0 v1 v0 v1 h0 h0 h4 h2 h1 h0 h2 h4 h1 h1 v1 v0 v1 v0
    = v0 v1 v0 v1 h0 h0 h4 h2 h2 h4 h1 h1 v1 v0 v1 v0
    = v0 v1 v0 v1 h0 h0 h4 h4 h1 h1 v1 v0 v1 v0
    = v0 v1 v0 v1 h0 h0 h1 h1 v1 v0 v1 v0
    = v0 v1 v0 v1 h0 h1 v1 v0 v1 v0
    = v0 v1 v0 v1 v1 v0 v1 v0
    = v0 v1 v0 v0 v1 v0
    = v0 v1 v1 v0
    = v0 v0
    = 1
  (K) v2102|h inverts v|h004211:
    v2 v1 v0 v2 h0 h0 h4 h2 h1 h1 v2 v0 v1 v2 h0 h0 h4 h2 h1 h1
    = v2 v1 v0 v2 h0 h0 h4 h2 h1 v1 h1 v0 v1 v2 h0 h0 h4 h2 h1 h1
    = v2 v1 v0 v2 h0 h0 h4 h2 v2 h1 h1 v0 v1 v2 h0 h0 h4 h2 h1 h1
    = v2 v1 v0 v2 h0 h0 h4 v2 h2 h1 h1 v0 v1 v2 h0 h0 h4 h2 h1 h1
    = v2 v1 v0 v2 h0 h0 v2 h3 h2 h1 h1 v0 v1 v2 h0 h0 h4 h2 h1 h1
    = v2 v1 v0 v2 h0 v1 h0 h3 h2 h1 h1 v0 v1 v2 h0 h0 h4 h2 h1 h1
    = v2 v1 v0 v2 v2 h0 h0 h3 h2 h1 h1 v0 v1 v2 h0 h0 h4 h2 h1 h1
    = v2 v1 v0 h0 h0 h3 h2 h1 h1 v0 v1 v2 h0 h0 h4 h2 h1 h1
    = v2 v1 v0 h0 h0 h3 h2 h1 v0 h1 v1 v2 h0 h0 h4 h2 h1 h1
    = v2 v1 v0 h0 h0 h3 h2 v0 h1 h1 v1 v2 h0 h0 h4 h2 h1 h1
    = v2 v1 v0 h0 h0 h3 v0 h3 h1 h1 v1 v2 h0 h0 h4 h2 h1 h1
    = v2 v1 v0 h0 h0 v0 h2 h3 h1 h1 v1 v2 h0 h0 h4 h2 h1 h1
    = v2 v1 v0 h0 v0 h0 h2 h3 h1 h1 v1 v2 h0 h0 h4 h2 h1 h1
    = v2 v1 v0 v0 h0 h0 h2 h3 h1 h1 v1 v2 h0 h0 h4 h2 h1 h1
    = v2 v1 h0 h0 h2 h3 h1 h1 v1 v2 h0 h0 h4 h2 h1 h1
    = v2 v1 h0 h0 h2 h3 h1 v2 h1 v2 h0 h0 h4 h2 h1 h1
    = v2 v1 h0 h0 h2 h3 v1 h1 h1 v2 h0 h0 h4 h2 h1 h1
    = v2 v1 h0 h0 h2 v1 h3 h1 h1 v2 h0 h0 h4 h2 h1 h1
    = v2 v1 h0 h0 v1 h2 h3 h1 h1 v2 h0 h0 h4 h2 h1 h1
    = v2 v1 h0 v2 h0 h2 h3 h1 h1 v2 h0 h0 h4 h2 h1 h1
    = v2 v1 v1 h0 h0 h2 h3 h1 h1 v2 h0 h0 h4 h2 h1 h1
    = v2 h0 h0 h2 h3 h1 h1 v2 h0 h0 h4 h2 h1 h1
    = v2 h0 h0 h2 h3 h1 v1 h1 h0 h0 h4 h2 h1 h1
    = v2 h0 h0 h2 h3 v2 h1 h1 h0 h0 h4 h2 h1 h1
    = v2 h0 h0 h2 v2 h4 h1 h1 h0 h0 h4 h2 h1 h1
    = v2 h0 h0 v2 h2 h4 h1 h1 h0 h0 h4 h2 h1 h1
    = v2 h0 v1 h0 h2 h4 h1 h1 h0 h0 h4 h2 h1 h1
    = v2 v2 h0 h0 h2 h4 h1 h1 h0 h0 h4 h2 h1 h1
    = h0 h0 h2 h4 h1 h1 h0 h0 h4 h2 h1 h1
    = h0 h0 h2 h4 h1 h0 h4 h2 h1 h1
    = h0 h0 h2 h4 h4 h2 h1 h1
    = h0 h0 h2 h2 h1 h1
    = h0 h0 h1 h1
    = h0 h1
    = 1
  (R) v2102|h = r^-1, v201012|h = r^2, r = v2012|h
  (K) v|h002311 inverts v201012|h:
    h0 h0 h2 h3 h1 h1 v2 v0 v1 v0 v1 v2 h0 h0 h3 h2 h1 h1 v2 v0 v1 v0 v1 v2
    = h0 h0 h2 h3 h1 v1 h1 v0 v1 v0 v1 v2 h0 h0 h3 h2 h1 h1 v2 v0 v1 v0 v1 v2
    = h0 h0 h2 h3 v2 h1 h1 v0 v1 v0 v1 v2 h0 h0 h3 h2 h1 h1 v2 v0 v1 v0 v1 v2
    = h0 h0 h2 v2 h4 h1 h1 v0 v1 v0 v1 v2 h0 h0 h3 h2 h1 h1 v2 v0 v1 v0 v1 v2
    = h0 h0 v2 h2 h4 h1 h1 v0 v1 v0 v1 v2 h0 h0 h3 h2 h1 h1 v2 v0 v1 v0 v1 v2
    = h0 v1 h0 h2 h4 h1 h1 v0 v1 v0 v1 v2 h0 h0 h3 h2 h1 h1 v2 v0 v1 v0 v1 v2
    = v2 h0 h0 h2 h4 h1 h1 v0 v1 v0 v1 v2 h0 h0 h3 h2 h1 h1 v2 v0 v1 v0 v1 v2
    = v2 h0 h0 h2 h4 h1 v0 h1 v1 v0 v1 v2 h0 h0 h3 h2 h1 h1 v2 v0 v1 v0 v1 v2
    = v2 h0 h0 h2 h4 v0 h1 h1 v1 v0 v1 v2 h0 h0 h3 h2 h1 h1 v2 v0 v1 v0 v1 v2
    = v2 h0 h0 h2 v1 h4 h1 h1 v1 v0 v1 v2 h0 h0 h3 h2 h1 h1 v2 v0 v1 v0 v1 v2
    = v2 h0 h0 v1 h2 h4 h1 h1 v1 v0 v1 v2 h0 h0 h3 h2 h1 h1 v2 v0 v1 v0 v1 v2
    = v2 h0 v2 h0 h2 h4 h1 h1 v1 v0 v1 v2 h0 h0 h3 h2 h1 h1 v2 v0 v1 v0 v1 v2
    = v2 v1 h0 h0 h2 h4 h1 h1 v1 v0 v1 v2 h0 h0 h3 h2 h1 h1 v2 v0 v1 v0 v1 v2
    = v2 v1 h0 h0 h2 h4 h1 v2 h1 v0 v1 v2 h0 h0 h3 h2 h1 h1 v2 v0 v1 v0 v1 v2
    = v2 v1 h0 h0 h2 h4 v1 h1 h1 v0 v1 v2 h0 h0 h3 h2 h1 h1 v2 v0 v1 v0 v1 v2
    = v2 v1 h0 h0 h2 v0 h4 h1 h1 v0 v1 v2 h0 h0 h3 h2 h1 h1 v2 v0 v1 v0 v1 v2
    = v2 v1 h0 h0 v0 h3 h4 h1 h1 v0 v1 v2 h0 h0 h3 h2 h1 h1 v2 v0 v1 v0 v1 v2
    = v2 v1 h0 v0 h0 h3 h4 h1 h1 v0 v1 v2 h0 h0 h3 h2 h1 h1 v2 v0 v1 v0 v1 v2
    = v2 v1 v0 h0 h0 h3 h4 h1 h1 v0 v1 v2 h0 h0 h3 h2 h1 h1 v2 v0 v1 v0 v1 v2
    = v2 v1 v0 h0 h0 h3 h4 h1 v0 h1 v1 v2 h0 h0 h3 h2 h1 h1 v2 v0 v1 v0 v1 v2
    = v2 v1 v0 h0 h0 h3 h4 v0 h1 h1 v1 v2 h0 h0 h3 h2 h1 h1 v2 v0 v1 v0 v1 v2
    = v2 v1 v0 h0 h0 h3 v1 h4 h1 h1 v1 v2 h0 h0 h3 h2 h1 h1 v2 v0 v1 v0 v1 v2
    = v2 v1 v0 h0 h0 v1 h3 h4 h1 h1 v1 v2 h0 h0 h3 h2 h1 h1 v2 v0 v1 v0 v1 v2
    = v2 v1 v0 h0 v2 h0 h3 h4 h1 h1 v1 v2 h0 h0 h3 h2 h1 h1 v2 v0 v1 v0 v1 v2
    = v2 v1 v0 v1 h0 h0 h3 h4 h1 h1 v1 v2 h0 h0 h3 h2 h1 h1 v2 v0 v1 v0 v1 v2
    = v2 v1 v0 v1 h0 h0 h3 h4 h1 v2 h1 v2 h0 h0 h3 h2 h1 h1 v2 v0 v1 v0 v1 v2
    = v2 v1 v0 v1 h0 h0 h3 h4 v1 h1 h1 v2 h0 h0 h3 h2 h1 h1 v2 v0 v1 v0 v1 v2
    = v2 v1 v0 v1 h0 h0 h3 v0 h4 h1 h1 v2 h0 h0 h3 h2 h1 h1 v2 v0 v1 v0 v1 v2
    = v2 v1 v0 v1 h0 h0 v0 h2 h4 h1 h1 v2 h0 h0 h3 h2 h1 h1 v2 v0 v1 v0 v1 v2
    = v2 v1 v0 v1 h0 v0 h0 h2 h4 h1 h1 v2 h0 h0 h3 h2 h1 h1 v2 v0 v1 v0 v1 v2
    = v2 v1 v0 v1 v0 h0 h0 h2 h4 h1 h1 v2 h0 h0 h3 h2 h1 h1 v2 v0 v1 v0 v1 v2
    = v2 v1 v0 v1 v0 h0 h0 h2 h4 h1 v1 h1 h0 h0 h3 h2 h1 h1 v2 v0 v1 v0 v1 v2
    = v2 v1 v0 v1 v0 h0 h0 h2 h4 v2 h1 h1 h0 h0 h3 h2 h1 h1 v2 v0 v1 v0 v1 v2
    = v2 v1 v0 v1 v0 h0 h0 h2 v2 h3 h1 h1 h0 h0 h3 h2 h1 h1 v2 v0 v1 v0 v1 v2
    = v2 v1 v0 v1 v0 h0 h0 v2 h2 h3 h1 h1 h0 h0 h3 h2 h1 h1 v2 v0 v1 v0 v1 v2
    = v2 v1 v0 v1 v0 h0 v1 h0 h2 h3 h1 h1 h0 h0 h3 h2 h1 h1 v2 v0 v1 v0 v1 v2
    = v2 v1 v0 v1 v0 v2 h0 h0 h2 h3 h1 h1 h0 h0 h3 h2 h1 h1 v2 v0 v1 v0 v1 v2
    = v2 v1 v0 v1 v0 v2 h0 h0 h2 h3 h1 h0 h3 h2 h1 h1 v2 v0 v1 v0 v1 v2
    = v2 v1 v0 v1 v0 v2 h0 h0 h2 h3 h3 h2 h1 h1 v2 v0 v1 v0 v1 v2
    = v2 v1 v0 v1 v0 v2 h0 h0 h2 h2 h1 h1 v2 v0 v1 v0 v1 v2
    = v2 v1 v0 v1 v0 v2 h0 h0 h1 h1 v2 v0 v1 v0 v1 v2
    = v2 v1 v0 v1 v0 v2 h0 h1 v2 v0 v1 v0 v1 v2
    = v2 v1 v0 v1 v0 v2 v2 v0 v1 v0 v1 v2
    = v2 v1 v0 v1 v0 v0 v1 v0 v1 v2
    = v2 v1 v0 v1 v1 v0 v1 v2
    = v2 v1 v0 v0 v1 v2
    = v2 v1 v1 v2
    = v2 v2
    = 1
  (K) v10|h inverts v|h002311:
    v1 v0 h0 h0 h2 h3 h1 h1 v0 v1 h0 h0 h2 h3 h1 h1
    = v1 v0 h0 h0 h2 h3 h1 v0 h1 v1 h0 h0 h2 h3 h1 h1
    = v1 v0 h0 h0 h2 h3 v0 h1 h1 v1 h0 h0 h2 h3 h1 h1
    = v1 v0 h0 h0 h2 v0 h2 h1 h1 v1 h0 h0 h2 h3 h1 h1
    = v1 v0 h0 h0 v0 h3 h2 h1 h1 v1 h0 h0 h2 h3 h1 h1
    = v1 v0 h0 v0 h0 h3 h2 h1 h1 v1 h0 h0 h2 h3 h1 h1
    = v1 v0 v0 h0 h0 h3 h2 h1 h1 v1 h0 h0 h2 h3 h1 h1
    = v1 h0 h0 h3 h2 h1 h1 v1 h0 h0 h2 h3 h1 h1
    = v1 h0 h0 h3 h2 h1 v2 h1 h0 h0 h2 h3 h1 h1
    = v1 h0 h0 h3 h2 v1 h1 h1 h0 h0 h2 h3 h1 h1
    = v1 h0 h0 h3 v1 h2 h1 h1 h0 h0 h2 h3 h1 h1
    = v1 h0 h0 v1 h3 h2 h1 h1 h0 h0 h2 h3 h1 h1
    = v1 h0 v2 h0 h3 h2 h1 h1 h0 h0 h2 h3 h1 h1
    = v1 v1 h0 h0 h3 h2 h1 h1 h0 h0 h2 h3 h1 h1
    = h0 h0 h3 h2 h1 h1 h0 h0 h2 h3 h1 h1
    = h0 h0 h3 h2 h1 h0 h2 h3 h1 h1
    = h0 h0 h3 h2 h2 h3 h1 h1
    = h0 h0 h3 h3 h1 h1
    = h0 h0 h1 h1
    = h0 h1
    = 1
class 239 chain of length 6 with 4 inverting steps verified: Gamma^+ is not left-orderable
  (K) v|h4324 inverts v02|h:
    h4 h3 h2 h4 v0 v2 h4 h2 h3 h4 v0 v2
    = h4 h3 h2 v1 h4 v2 h4 h2 h3 h4 v0 v2
    = h4 h3 v1 h2 h4 v2 h4 h2 h3 h4 v0 v2
    = h4 v2 h3 h2 h4 v2 h4 h2 h3 h4 v0 v2
    = v2 h4 h3 h2 h4 v2 h4 h2 h3 h4 v0 v2
    = v2 h4 h3 h2 v2 h4 h4 h2 h3 h4 v0 v2
    = v2 h4 h3 v2 h2 h4 h4 h2 h3 h4 v0 v2
    = v2 h4 v1 h3 h2 h4 h4 h2 h3 h4 v0 v2
    = v2 v0 h4 h3 h2 h4 h4 h2 h3 h4 v0 v2
    = v2 v0 h4 h3 h2 h2 h3 h4 v0 v2
    = v2 v0 h4 h3 h3 h4 v0 v2
    = v2 v0 h4 h4 v0 v2
    = v2 v0 v0 v2
    = v2 v2
    = 1
  (R) v|h4324 = r^-1, v|h423234 = r^2, r = v|h4234
  (K) v0120|h inverts v|h423234:
    v0 v1 v2 v0 h4 h2 h3 h2 h3 h4 v0 v2 v1 v0 h4 h2 h3 h2 h3 h4
    = v0 v1 v2 v0 h4 h2 h3 h2 h3 v1 h4 v2 v1 v0 h4 h2 h3 h2 h3 h4
    = v0 v1 v2 v0 h4 h2 h3 h2 v2 h3 h4 v2 v1 v0 h4 h2 h3 h2 h3 h4
    = v0 v1 v2 v0 h4 h2 h3 v2 h2 h3 h4 v2 v1 v0 h4 h2 h3 h2 h3 h4
    = v0 v1 v2 v0 h4 h2 v1 h3 h2 h3 h4 v2 v1 v0 h4 h2 h3 h2 h3 h4
    = v0 v1 v2 v0 h4 v1 h2 h3 h2 h3 h4 v2 v1 v0 h4 h2 h3 h2 h3 h4
    = v0 v1 v2 v0 v0 h4 h2 h3 h2 h3 h4 v2 v1 v0 h4 h2 h3 h2 h3 h4
    = v0 v1 v2 h4 h2 h3 h2 h3 h4 v2 v1 v0 h4 h2 h3 h2 h3 h4
    = v0 v1 v2 h4 h2 h3 h2 h3 v2 h4 v1 v0 h4 h2 h3 h2 h3 h4
    = v0 v1 v2 h4 h2 h3 h2 v1 h3 h4 v1 v0 h4 h2 h3 h2 h3 h4
    = v0 v1 v2 h4 h2 h3 v1 h2 h3 h4 v1 v0 h4 h2 h3 h2 h3 h4
    = v0 v1 v2 h4 h2 v2 h3 h2 h3 h4 v1 v0 h4 h2 h3 h2 h3 h4
    = v0 v1 v2 h4 v2 h2 h3 h2 h3 h4 v1 v0 h4 h2 h3 h2 h3 h4
    = v0 v1 v2 v2 h4 h2 h3 h2 h3 h4 v1 v0 h4 h2 h3 h2 h3 h4
    = v0 v1 h4 h2 h3 h2 h3 h4 v1 v0 h4 h2 h3 h2 h3 h4
    = v0 v1 h4 h2 h3 h2 h3 v0 h4 v0 h4 h2 h3 h2 h3 h4
    = v0 v1 h4 h2 h3 h2 v0 h2 h4 v0 h4 h2 h3 h2 h3 h4
    = v0 v1 h4 h2 h3 v0 h3 h2 h4 v0 h4 h2 h3 h2 h3 h4
    = v0 v1 h4 h2 v0 h2 h3 h2 h4 v0 h4 h2 h3 h2 h3 h4
    = v0 v1 h4 v0 h3 h2 h3 h2 h4 v0 h4 h2 h3 h2 h3 h4
    = v0 v1 v1 h4 h3 h2 h3 h2 h4 v0 h4 h2 h3 h2 h3 h4
    = v0 h4 h3 h2 h3 h2 h4 v0 h4 h2 h3 h2 h3 h4
    = v0 h4 h3 h2 h3 h2 v1 h4 h4 h2 h3 h2 h3 h4
    = v0 h4 h3 h2 h3 v1 h2 h4 h4 h2 h3 h2 h3 h4
    = v0 h4 h3 h2 v2 h3 h2 h4 h4 h2 h3 h2 h3 h4
    = v0 h4 h3 v2 h2 h3 h2 h4 h4 h2 h3 h2 h3 h4
    = v0 h4 v1 h3 h2 h3 h2 h4 h4 h2 h3 h2 h3 h4
    = v0 v0 h4 h3 h2 h3 h2 h4 h4 h2 h3 h2 h3 h4
    = h4 h3 h2 h3 h2 h4 h4 h2 h3 h2 h3 h4
    = h4 h3 h2 h3 h2 h2 h3 h2 h3 h4
    = h4 h3 h2 h3 h3 h2 h3 h4
    = h4 h3 h2 h2 h3 h4
    = h4 h3 h3 h4
    = h4 h4
    = 1
  (K) v|h0321 inverts v0120|h:
    h0 h3 h2 h1 v0 v1 v2 v0 h0 h2 h3 h1 v0 v1 v2 v0
    = h0 h3 h2 v0 h1 v1 v2 v0 h0 h2 h3 h1 v0 v1 v2 v0
    = h0 h3 v0 h3 h1 v1 v2 v0 h0 h2 h3 h1 v0 v1 v2 v0
    = h0 v0 h2 h3 h1 v1 v2 v0 h0 h2 h3 h1 v0 v1 v2 v0
    = v0 h0 h2 h3 h1 v1 v2 v0 h0 h2 h3 h1 v0 v1 v2 v0
    = v0 h0 h2 h3 v2 h1 v2 v0 h0 h2 h3 h1 v0 v1 v2 v0
    = v0 h0 h2 v1 h3 h1 v2 v0 h0 h2 h3 h1 v0 v1 v2 v0
    = v0 h0 v1 h2 h3 h1 v2 v0 h0 h2 h3 h1 v0 v1 v2 v0
    = v0 v2 h0 h2 h3 h1 v2 v0 h0 h2 h3 h1 v0 v1 v2 v0
    = v0 v2 h0 h2 h3 v1 h1 v0 h0 h2 h3 h1 v0 v1 v2 v0
    = v0 v2 h0 h2 v2 h3 h1 v0 h0 h2 h3 h1 v0 v1 v2 v0
    = v0 v2 h0 v2 h2 h3 h1 v0 h0 h2 h3 h1 v0 v1 v2 v0
    = v0 v2 v1 h0 h2 h3 h1 v0 h0 h2 h3 h1 v0 v1 v2 v0
    = v0 v2 v1 h0 h2 h3 v0 h1 h0 h2 h3 h1 v0 v1 v2 v0
    = v0 v2 v1 h0 h2 v0 h2 h1 h0 h2 h3 h1 v0 v1 v2 v0
    = v0 v2 v1 h0 v0 h3 h2 h1 h0 h2 h3 h1 v0 v1 v2 v0
    = v0 v2 v1 v0 h0 h3 h2 h1 h0 h2 h3 h1 v0 v1 v2 v0
    = v0 v2 v1 v0 h0 h3 h2 h2 h3 h1 v0 v1 v2 v0
    = v0 v2 v1 v0 h0 h3 h3 h1 v0 v1 v2 v0
    = v0 v2 v1 v0 h0 h1 v0 v1 v2 v0
    = v0 v2 v1 v0 v0 v1 v2 v0
    = v0 v2 v1 v1 v2 v0
    = v0 v2 v2 v0
    = v0 v0
    = 1
  (R) v|h0321 = r^-1, v|h023231 = r^2, r = v|h0231
  (K) v02|h inverts v|h023231:
    v0 v2 h0 h2 h3 h2 h3 h1 v2 v0 h0 h2 h3 h2 h3 h1
    = v0 v2 h0 h2 h3 h2 h3 v1 h1 v0 h0 h2 h3 h2 h3 h1
    = v0 v2 h0 h2 h3 h2 v2 h3 h1 v0 h0 h2 h3 h2 h3 h1
    = v0 v2 h0 h2 h3 v2 h2 h3 h1 v0 h0 h2 h3 h2 h3 h1
    = v0 v2 h0 h2 v1 h3 h2 h3 h1 v0 h0 h2 h3 h2 h3 h1
    = v0 v2 h0 v1 h2 h3 h2 h3 h1 v0 h0 h2 h3 h2 h3 h1
    = v0 v2 v2 h0 h2 h3 h2 h3 h1 v0 h0 h2 h3 h2 h3 h1
    = v0 h0 h2 h3 h2 h3 h1 v0 h0 h2 h3 h2 h3 h1
    = v0 h0 h2 h3 h2 h3 v0 h1 h0 h2 h3 h2 h3 h1
    = v0 h0 h2 h3 h2 v0 h2 h1 h0 h2 h3 h2 h3 h1
    = v0 h0 h2 h3 v0 h3 h2 h1 h0 h2 h3 h2 h3 h1
    = v0 h0 h2 v0 h2 h3 h2 h1 h0 h2 h3 h2 h3 h1
    = v0 h0 v0 h3 h2 h3 h2 h1 h0 h2 h3 h2 h3 h1
    = v0 v0 h0 h3 h2 h3 h2 h1 h0 h2 h3 h2 h3 h1
    = h0 h3 h2 h3 h2 h1 h0 h2 h3 h2 h3 h1
    = h0 h3 h2 h3 h2 h2 h3 h2 h3 h1
    = h0 h3 h2 h3 h3 h2 h3 h1
    = h0 h3 h2 h2 h3 h1
    = h0 h3 h3 h1
    = h0 h1
    = 1
class 240 chain of length 6 with 4 inverting steps verified: Gamma^+ is not left-orderable
  (R) v|h43 = r^-1, v|h4343 = r^-2, r = v|h34
  (K) v20|h inverts v|h4343:
    v2 v0 h4 h3 h4 h3 v0 v2 h4 h3 h4 h3
    = v2 v0 h4 h3 h4 v0 h3 v2 h4 h3 h4 h3
    = v2 v0 h4 h3 v1 h4 h3 v2 h4 h3 h4 h3
    = v2 v0 h4 v1 h3 h4 h3 v2 h4 h3 h4 h3
    = v2 v0 v0 h4 h3 h4 h3 v2 h4 h3 h4 h3
    = v2 h4 h3 h4 h3 v2 h4 h3 h4 h3
    = v2 h4 h3 h4 v2 h4 h4 h3 h4 h3
    = v2 h4 h3 v2 h3 h4 h4 h3 h4 h3
    = v2 h4 v2 h4 h3 h4 h4 h3 h4 h3
    = v2 v2 h3 h4 h3 h4 h4 h3 h4 h3
    = h3 h4 h3 h4 h4 h3 h4 h3
    = h3 h4 h3 h3 h4 h3
    = h3 h4 h4 h3
    = h3 h3
    = 1
  (R) v20|h = r^-1, v2020|h = r^-2, r = v02|h
  (K) v|h1430 inverts v2020|h:
    h1 h4 h3 h0 v2 v0 v2 v0 h1 h3 h4 h0 v2 v0 v2 v0
    = h1 h4 h3 v1 h2 v0 v2 v0 h1 h3 h4 h0 v2 v0 v2 v0
    = h1 h4 v1 h3 h2 v0 v2 v0 h1 h3 h4 h0 v2 v0 v2 v0
    = h1 v0 h4 h3 h2 v0 v2 v0 h1 h3 h4 h0 v2 v0 v2 v0
    = v0 h1 h4 h3 h2 v0 v2 v0 h1 h3 h4 h0 v2 v0 v2 v0
    = v0 h1 h4 h3 v0 h2 v2 v0 h1 h3 h4 h0 v2 v0 v2 v0
    = v0 h1 h4 v0 h3 h2 v2 v0 h1 h3 h4 h0 v2 v0 v2 v0
    = v0 h1 v1 h4 h3 h2 v2 v0 h1 h3 h4 h0 v2 v0 v2 v0
    = v0 v2 h2 h4 h3 h2 v2 v0 h1 h3 h4 h0 v2 v0 v2 v0
    = v0 v2 h2 h4 h3 v1 h0 v0 h1 h3 h4 h0 v2 v0 v2 v0
    = v0 v2 h2 h4 v1 h3 h0 v0 h1 h3 h4 h0 v2 v0 v2 v0
    = v0 v2 h2 v0 h4 h3 h0 v0 h1 h3 h4 h0 v2 v0 v2 v0
    = v0 v2 v0 h2 h4 h3 h0 v0 h1 h3 h4 h0 v2 v0 v2 v0
    = v0 v2 v0 h2 h4 h3 v0 h0 h1 h3 h4 h0 v2 v0 v2 v0
    = v0 v2 v0 h2 h4 v0 h3 h0 h1 h3 h4 h0 v2 v0 v2 v0
    = v0 v2 v0 h2 v1 h4 h3 h0 h1 h3 h4 h0 v2 v0 v2 v0
    = v0 v2 v0 v2 h1 h4 h3 h0 h1 h3 h4 h0 v2 v0 v2 v0
    = v0 v2 v0 v2 h1 h4 h3 h3 h4 h0 v2 v0 v2 v0
    = v0 v2 v0 v2 h1 h4 h4 h0 v2 v0 v2 v0
    = v0 v2 v0 v2 h1 h0 v2 v0 v2 v0
    = v0 v2 v0 v2 v2 v0 v2 v0
    = v0 v2 v0 v0 v2 v0
    = v0 v2 v2 v0
    = v0 v0
    = 1
  (R) v|h1430 = r^-1, v|h134340 = r^2, r = v|h1340
  (K) v10|h inverts v|h134340:
    v1 v0 h1 h3 h4 h3 h4 h0 v0 v1 h1 h3 h4 h3 h4 h0
    = v1 v0 h1 h3 h4 h3 h4 v0 h0 v1 h1 h3 h4 h3 h4 h0
    = v1 v0 h1 h3 h4 h3 v1 h4 h0 v1 h1 h3 h4 h3 h4 h0
    = v1 v0 h1 h3 h4 v1 h3 h4 h0 v1 h1 h3 h4 h3 h4 h0
    = v1 v0 h1 h3 v0 h4 h3 h4 h0 v1 h1 h3 h4 h3 h4 h0
    = v1 v0 h1 v0 h3 h4 h3 h4 h0 v1 h1 h3 h4 h3 h4 h0
    = v1 v0 v0 h1 h3 h4 h3 h4 h0 v1 h1 h3 h4 h3 h4 h0
    = v1 h1 h3 h4 h3 h4 h0 v1 h1 h3 h4 h3 h4 h0
    = v1 h1 h3 h4 h3 h4 v2 h0 h1 h3 h4 h3 h4 h0
    = v1 h1 h3 h4 h3 v2 h3 h0 h1 h3 h4 h3 h4 h0
    = v1 h1 h3 h4 v2 h4 h3 h0 h1 h3 h4 h3 h4 h0
    = v1 h1 h3 v2 h3 h4 h3 h0 h1 h3 h4 h3 h4 h0
    = v1 h1 v2 h4 h3 h4 h3 h0 h1 h3 h4 h3 h4 h0
    = v1 v1 h1 h4 h3 h4 h3 h0 h1 h3 h4 h3 h4 h0
    = h1 h4 h3 h4 h3 h0 h1 h3 h4 h3 h4 h0
    = h1 h4 h3 h4 h3 h3 h4 h3 h4 h0
    = h1 h4 h3 h4 h4 h3 h4 h0
    = h1 h4 h3 h3 h4 h0
    = h1 h4 h4 h0
    = h1 h0
    = 1
  (K) v|h43 inverts v10|h:
    h4 h3 v1 v0 h3 h4 v1 v0
    = h4 v1 h3 v0 h3 h4 v1 v0
    = v0 h4 h3 v0 h3 h4 v1 v0
    = v0 h4 v0 h3 h3 h4 v1 v0
    = v0 v1 h4 h3 h3 h4 v1 v0
    = v0 v1 h4 h4 v1 v0
    = v0 v1 v1 v0
    = v0 v0
    = 1
class 261 chain of length 7 with 4 inverting steps verified: Gamma^+ is not left-orderable
  (R) v10|h = r^-1, v1010|h = r^-2, r = v01|h
  (K) v|h141121 inverts v1010|h:
    h1 h4 h1 h1 h2 h1 v1 v0 v1 v0 h0 h2 h0 h0 h4 h0 v1 v0 v1 v0
    = h1 h4 h1 h1 h2 v2 h0 v0 v1 v0 h0 h2 h0 h0 h4 h0 v1 v0 v1 v0
    = h1 h4 h1 h1 v2 h3 h0 v0 v1 v0 h0 h2 h0 h0 h4 h0 v1 v0 v1 v0
    = h1 h4 h1 v1 h0 h3 h0 v0 v1 v0 h0 h2 h0 h0 h4 h0 v1 v0 v1 v0
    = h1 h4 v2 h0 h0 h3 h0 v0 v1 v0 h0 h2 h0 h0 h4 h0 v1 v0 v1 v0
    = h1 v0 h4 h0 h0 h3 h0 v0 v1 v0 h0 h2 h0 h0 h4 h0 v1 v0 v1 v0
    = v0 h1 h4 h0 h0 h3 h0 v0 v1 v0 h0 h2 h0 h0 h4 h0 v1 v0 v1 v0
    = v0 h1 h4 h0 h0 h3 v0 h0 v1 v0 h0 h2 h0 h0 h4 h0 v1 v0 v1 v0
    = v0 h1 h4 h0 h0 v0 h3 h0 v1 v0 h0 h2 h0 h0 h4 h0 v1 v0 v1 v0
    = v0 h1 h4 h0 v0 h0 h3 h0 v1 v0 h0 h2 h0 h0 h4 h0 v1 v0 v1 v0
    = v0 h1 h4 v0 h0 h0 h3 h0 v1 v0 h0 h2 h0 h0 h4 h0 v1 v0 v1 v0
    = v0 h1 v2 h4 h0 h0 h3 h0 v1 v0 h0 h2 h0 h0 h4 h0 v1 v0 v1 v0
    = v0 v1 h0 h4 h0 h0 h3 h0 v1 v0 h0 h2 h0 h0 h4 h0 v1 v0 v1 v0
    = v0 v1 h0 h4 h0 h0 h3 v2 h1 v0 h0 h2 h0 h0 h4 h0 v1 v0 v1 v0
    = v0 v1 h0 h4 h0 h0 v2 h2 h1 v0 h0 h2 h0 h0 h4 h0 v1 v0 v1 v0
    = v0 v1 h0 h4 h0 v1 h1 h2 h1 v0 h0 h2 h0 h0 h4 h0 v1 v0 v1 v0
    = v0 v1 h0 h4 v2 h1 h1 h2 h1 v0 h0 h2 h0 h0 h4 h0 v1 v0 v1 v0
    = v0 v1 h0 v0 h4 h1 h1 h2 h1 v0 h0 h2 h0 h0 h4 h0 v1 v0 v1 v0
    = v0 v1 v0 h0 h4 h1 h1 h2 h1 v0 h0 h2 h0 h0 h4 h0 v1 v0 v1 v0
    = v0 v1 v0 h0 h4 h1 h1 h2 v0 h1 h0 h2 h0 h0 h4 h0 v1 v0 v1 v0
    = v0 v1 v0 h0 h4 h1 h1 v0 h2 h1 h0 h2 h0 h0 h4 h0 v1 v0 v1 v0
    = v0 v1 v0 h0 h4 h1 v0 h1 h2 h1 h0 h2 h0 h0 h4 h0 v1 v0 v1 v0
    = v0 v1 v0 h0 h4 v0 h1 h1 h2 h1 h0 h2 h0 h0 h4 h0 v1 v0 v1 v0
    = v0 v1 v0 h0 v2 h4 h1 h1 h2 h1 h0 h2 h0 h0 h4 h0 v1 v0 v1 v0
    = v0 v1 v0 v1 h1 h4 h1 h1 h2 h1 h0 h2 h0 h0 h4 h0 v1 v0 v1 v0
    = v0 v1 v0 v1 h1 h4 h1 h1 h2 h2 h0 h0 h4 h0 v1 v0 v1 v0
    = v0 v1 v0 v1 h1 h4 h1 h1 h0 h0 h4 h0 v1 v0 v1 v0
    = v0 v1 v0 v1 h1 h4 h1 h0 h4 h0 v1 v0 v1 v0
    = v0 v1 v0 v1 h1 h4 h4 h0 v1 v0 v1 v0
    = v0 v1 v0 v1 h1 h0 v1 v0 v1 v0
    = v0 v1 v0 v1 v1 v0 v1 v0
    = v0 v1 v0 v0 v1 v0
    = v0 v1 v1 v0
    = v0 v0
    = 1
  (K) v2102|h inverts v|h141121:
    v2 v1 v0 v2 h1 h4 h1 h1 h2 h1 v2 v0 v1 v2 h1 h4 h1 h1 h2 h1
    = v2 v1 v0 v2 h1 h4 h1 h1 h2 v1 h0 v0 v1 v2 h1 h4 h1 h1 h2 h1
    = v2 v1 v0 v2 h1 h4 h1 h1 v1 h2 h0 v0 v1 v2 h1 h4 h1 h1 h2 h1
    = v2 v1 v0 v2 h1 h4 h1 v2 h0 h2 h0 v0 v1 v2 h1 h4 h1 h1 h2 h1
    = v2 v1 v0 v2 h1 h4 v1 h0 h0 h2 h0 v0 v1 v2 h1 h4 h1 h1 h2 h1
    = v2 v1 v0 v2 h1 v1 h3 h0 h0 h2 h0 v0 v1 v2 h1 h4 h1 h1 h2 h1
    = v2 v1 v0 v2 v2 h0 h3 h0 h0 h2 h0 v0 v1 v2 h1 h4 h1 h1 h2 h1
    = v2 v1 v0 h0 h3 h0 h0 h2 h0 v0 v1 v2 h1 h4 h1 h1 h2 h1
    = v2 v1 v0 h0 h3 h0 h0 h2 v0 h0 v1 v2 h1 h4 h1 h1 h2 h1
    = v2 v1 v0 h0 h3 h0 h0 v0 h2 h0 v1 v2 h1 h4 h1 h1 h2 h1
    = v2 v1 v0 h0 h3 h0 v0 h0 h2 h0 v1 v2 h1 h4 h1 h1 h2 h1
    = v2 v1 v0 h0 h3 v0 h0 h0 h2 h0 v1 v2 h1 h4 h1 h1 h2 h1
    = v2 v1 v0 h0 v0 h3 h0 h0 h2 h0 v1 v2 h1 h4 h1 h1 h2 h1
    = v2 v1 v0 v0 h0 h3 h0 h0 h2 h0 v1 v2 h1 h4 h1 h1 h2 h1
    = v2 v1 h0 h3 h0 h0 h2 h0 v1 v2 h1 h4 h1 h1 h2 h1
    = v2 v1 h0 h3 h0 h0 h2 v2 h1 v2 h1 h4 h1 h1 h2 h1
    = v2 v1 h0 h3 h0 h0 v2 h3 h1 v2 h1 h4 h1 h1 h2 h1
    = v2 v1 h0 h3 h0 v1 h1 h3 h1 v2 h1 h4 h1 h1 h2 h1
    = v2 v1 h0 h3 v2 h1 h1 h3 h1 v2 h1 h4 h1 h1 h2 h1
    = v2 v1 h0 v2 h2 h1 h1 h3 h1 v2 h1 h4 h1 h1 h2 h1
    = v2 v1 v1 h1 h2 h1 h1 h3 h1 v2 h1 h4 h1 h1 h2 h1
    = v2 h1 h2 h1 h1 h3 h1 v2 h1 h4 h1 h1 h2 h1
    = v2 h1 h2 h1 h1 h3 v1 h0 h1 h4 h1 h1 h2 h1
    = v2 h1 h2 h1 h1 v1 h4 h0 h1 h4 h1 h1 h2 h1
    = v2 h1 h2 h1 v2 h0 h4 h0 h1 h4 h1 h1 h2 h1
    = v2 h1 h2 v1 h0 h0 h4 h0 h1 h4 h1 h1 h2 h1
    = v2 h1 v1 h2 h0 h0 h4 h0 h1 h4 h1 h1 h2 h1
    = v2 v2 h0 h2 h0 h0 h4 h0 h1 h4 h1 h1 h2 h1
    = h0 h2 h0 h0 h4 h0 h1 h4 h1 h1 h2 h1
    = h0 h2 h0 h0 h4 h4 h1 h1 h2 h1
    = h0 h2 h0 h0 h1 h1 h2 h1
    = h0 h2 h0 h1 h2 h1
    = h0 h2 h2 h1
    = h0 h1
    = 1
  (R) v2102|h = r^-1, v201012|h = r^2, r = v2012|h
  (K) v|h131121 inverts v201012|h:
    h1 h3 h1 h1 h2 h1 v2 v0 v1 v0 v1 v2 h0 h2 h0 h0 h3 h0 v2 v0 v1 v0 v1 v2
    = h1 h3 h1 h1 h2 v1 h0 v0 v1 v0 v1 v2 h0 h2 h0 h0 h3 h0 v2 v0 v1 v0 v1 v2
    = h1 h3 h1 h1 v1 h2 h0 v0 v1 v0 v1 v2 h0 h2 h0 h0 h3 h0 v2 v0 v1 v0 v1 v2
    = h1 h3 h1 v2 h0 h2 h0 v0 v1 v0 v1 v2 h0 h2 h0 h0 h3 h0 v2 v0 v1 v0 v1 v2
    = h1 h3 v1 h0 h0 h2 h0 v0 v1 v0 v1 v2 h0 h2 h0 h0 h3 h0 v2 v0 v1 v0 v1 v2
    = h1 v1 h4 h0 h0 h2 h0 v0 v1 v0 v1 v2 h0 h2 h0 h0 h3 h0 v2 v0 v1 v0 v1 v2
    = v2 h0 h4 h0 h0 h2 h0 v0 v1 v0 v1 v2 h0 h2 h0 h0 h3 h0 v2 v0 v1 v0 v1 v2
    = v2 h0 h4 h0 h0 h2 v0 h0 v1 v0 v1 v2 h0 h2 h0 h0 h3 h0 v2 v0 v1 v0 v1 v2
    = v2 h0 h4 h0 h0 v0 h2 h0 v1 v0 v1 v2 h0 h2 h0 h0 h3 h0 v2 v0 v1 v0 v1 v2
    = v2 h0 h4 h0 v0 h0 h2 h0 v1 v0 v1 v2 h0 h2 h0 h0 h3 h0 v2 v0 v1 v0 v1 v2
    = v2 h0 h4 v0 h0 h0 h2 h0 v1 v0 v1 v2 h0 h2 h0 h0 h3 h0 v2 v0 v1 v0 v1 v2
    = v2 h0 v2 h4 h0 h0 h2 h0 v1 v0 v1 v2 h0 h2 h0 h0 h3 h0 v2 v0 v1 v0 v1 v2
    = v2 v1 h1 h4 h0 h0 h2 h0 v1 v0 v1 v2 h0 h2 h0 h0 h3 h0 v2 v0 v1 v0 v1 v2
    = v2 v1 h1 h4 h0 h0 h2 v2 h1 v0 v1 v2 h0 h2 h0 h0 h3 h0 v2 v0 v1 v0 v1 v2
    = v2 v1 h1 h4 h0 h0 v2 h3 h1 v0 v1 v2 h0 h2 h0 h0 h3 h0 v2 v0 v1 v0 v1 v2
    = v2 v1 h1 h4 h0 v1 h1 h3 h1 v0 v1 v2 h0 h2 h0 h0 h3 h0 v2 v0 v1 v0 v1 v2
    = v2 v1 h1 h4 v2 h1 h1 h3 h1 v0 v1 v2 h0 h2 h0 h0 h3 h0 v2 v0 v1 v0 v1 v2
    = v2 v1 h1 v0 h4 h1 h1 h3 h1 v0 v1 v2 h0 h2 h0 h0 h3 h0 v2 v0 v1 v0 v1 v2
    = v2 v1 v0 h1 h4 h1 h1 h3 h1 v0 v1 v2 h0 h2 h0 h0 h3 h0 v2 v0 v1 v0 v1 v2
    = v2 v1 v0 h1 h4 h1 h1 h3 v0 h1 v1 v2 h0 h2 h0 h0 h3 h0 v2 v0 v1 v0 v1 v2
    = v2 v1 v0 h1 h4 h1 h1 v0 h3 h1 v1 v2 h0 h2 h0 h0 h3 h0 v2 v0 v1 v0 v1 v2
    = v2 v1 v0 h1 h4 h1 v0 h1 h3 h1 v1 v2 h0 h2 h0 h0 h3 h0 v2 v0 v1 v0 v1 v2
    = v2 v1 v0 h1 h4 v0 h1 h1 h3 h1 v1 v2 h0 h2 h0 h0 h3 h0 v2 v0 v1 v0 v1 v2
    = v2 v1 v0 h1 v2 h4 h1 h1 h3 h1 v1 v2 h0 h2 h0 h0 h3 h0 v2 v0 v1 v0 v1 v2
    = v2 v1 v0 v1 h0 h4 h1 h1 h3 h1 v1 v2 h0 h2 h0 h0 h3 h0 v2 v0 v1 v0 v1 v2
    = v2 v1 v0 v1 h0 h4 h1 h1 h3 v2 h0 v2 h0 h2 h0 h0 h3 h0 v2 v0 v1 v0 v1 v2
    = v2 v1 v0 v1 h0 h4 h1 h1 v2 h2 h0 v2 h0 h2 h0 h0 h3 h0 v2 v0 v1 v0 v1 v2
    = v2 v1 v0 v1 h0 h4 h1 v1 h0 h2 h0 v2 h0 h2 h0 h0 h3 h0 v2 v0 v1 v0 v1 v2
    = v2 v1 v0 v1 h0 h4 v2 h0 h0 h2 h0 v2 h0 h2 h0 h0 h3 h0 v2 v0 v1 v0 v1 v2
    = v2 v1 v0 v1 h0 v0 h4 h0 h0 h2 h0 v2 h0 h2 h0 h0 h3 h0 v2 v0 v1 v0 v1 v2
    = v2 v1 v0 v1 v0 h0 h4 h0 h0 h2 h0 v2 h0 h2 h0 h0 h3 h0 v2 v0 v1 v0 v1 v2
    = v2 v1 v0 v1 v0 h0 h4 h0 h0 h2 v1 h1 h0 h2 h0 h0 h3 h0 v2 v0 v1 v0 v1 v2
    = v2 v1 v0 v1 v0 h0 h4 h0 h0 v1 h2 h1 h0 h2 h0 h0 h3 h0 v2 v0 v1 v0 v1 v2
    = v2 v1 v0 v1 v0 h0 h4 h0 v2 h1 h2 h1 h0 h2 h0 h0 h3 h0 v2 v0 v1 v0 v1 v2
    = v2 v1 v0 v1 v0 h0 h4 v1 h1 h1 h2 h1 h0 h2 h0 h0 h3 h0 v2 v0 v1 v0 v1 v2
    = v2 v1 v0 v1 v0 h0 v1 h3 h1 h1 h2 h1 h0 h2 h0 h0 h3 h0 v2 v0 v1 v0 v1 v2
    = v2 v1 v0 v1 v0 v2 h1 h3 h1 h1 h2 h1 h0 h2 h0 h0 h3 h0 v2 v0 v1 v0 v1 v2
    = v2 v1 v0 v1 v0 v2 h1 h3 h1 h1 h2 h2 h0 h0 h3 h0 v2 v0 v1 v0 v1 v2
    = v2 v1 v0 v1 v0 v2 h1 h3 h1 h1 h0 h0 h3 h0 v2 v0 v1 v0 v1 v2
    = v2 v1 v0 v1 v0 v2 h1 h3 h1 h0 h3 h0 v2 v0 v1 v0 v1 v2
    = v2 v1 v0 v1 v0 v2 h1 h3 h3 h0 v2 v0 v1 v0 v1 v2
    = v2 v1 v0 v1 v0 v2 h1 h0 v2 v0 v1 v0 v1 v2
    = v2 v1 v0 v1 v0 v2 v2 v0 v1 v0 v1 v2
    = v2 v1 v0 v1 v0 v0 v1 v0 v1 v2
    = v2 v1 v0 v1 v1 v0 v1 v2
    = v2 v1 v0 v0 v1 v2
    = v2 v1 v1 v2
    = v2 v2
    = 1
  (K) v10|h inverts v|h131121:
    v1 v0 h1 h3 h1 h1 h2 h1 v0 v1 h1 h3 h1 h1 h2 h1
    = v1 v0 h1 h3 h1 h1 h2 v0 h1 v1 h1 h3 h1 h1 h2 h1
    = v1 v0 h1 h3 h1 h1 v0 h2 h1 v1 h1 h3 h1 h1 h2 h1
    = v1 v0 h1 h3 h1 v0 h1 h2 h1 v1 h1 h3 h1 h1 h2 h1
    = v1 v0 h1 h3 v0 h1 h1 h2 h1 v1 h1 h3 h1 h1 h2 h1
    = v1 v0 h1 v0 h3 h1 h1 h2 h1 v1 h1 h3 h1 h1 h2 h1
    = v1 v0 v0 h1 h3 h1 h1 h2 h1 v1 h1 h3 h1 h1 h2 h1
    = v1 h1 h3 h1 h1 h2 h1 v1 h1 h3 h1 h1 h2 h1
    = v1 h1 h3 h1 h1 h2 v2 h0 h1 h3 h1 h1 h2 h1
    = v1 h1 h3 h1 h1 v2 h3 h0 h1 h3 h1 h1 h2 h1
    = v1 h1 h3 h1 v1 h0 h3 h0 h1 h3 h1 h1 h2 h1
    = v1 h1 h3 v2 h0 h0 h3 h0 h1 h3 h1 h1 h2 h1
    = v1 h1 v2 h2 h0 h0 h3 h0 h1 h3 h1 h1 h2 h1
    = v1 v1 h0 h2 h0 h0 h3 h0 h1 h3 h1 h1 h2 h1
    = h0 h2 h0 h0 h3 h0 h1 h3 h1 h1 h2 h1
    = h0 h2 h0 h0 h3 h3 h1 h1 h2 h1
    = h0 h2 h0 h0 h1 h1 h2 h1
    = h0 h2 h0 h1 h2 h1
    = h0 h2 h2 h1
    = h0 h1
    = 1
class 311 chain of length 6 with 4 inverting steps verified: Gamma^+ is not left-orderable
  (R) v12|h = r^1, v2121|h = r^-2, r = v12|h
  (K) v|h004211 inverts v2121|h:
    h0 h0 h4 h2 h1 h1 v2 v1 v2 v1 h0 h0 h2 h4 h1 h1 v2 v1 v2 v1
    = h0 h0 h4 h2 h1 v1 h0 v1 v2 v1 h0 h0 h2 h4 h1 h1 v2 v1 v2 v1
    = h0 h0 h4 h2 v2 h0 h0 v1 v2 v1 h0 h0 h2 h4 h1 h1 v2 v1 v2 v1
    = h0 h0 h4 v2 h3 h0 h0 v1 v2 v1 h0 h0 h2 h4 h1 h1 v2 v1 v2 v1
    = h0 h0 v1 h4 h3 h0 h0 v1 v2 v1 h0 h0 h2 h4 h1 h1 v2 v1 v2 v1
    = h0 v2 h1 h4 h3 h0 h0 v1 v2 v1 h0 h0 h2 h4 h1 h1 v2 v1 v2 v1
    = v1 h1 h1 h4 h3 h0 h0 v1 v2 v1 h0 h0 h2 h4 h1 h1 v2 v1 v2 v1
    = v1 h1 h1 h4 h3 h0 v2 h1 v2 v1 h0 h0 h2 h4 h1 h1 v2 v1 v2 v1
    = v1 h1 h1 h4 h3 v1 h1 h1 v2 v1 h0 h0 h2 h4 h1 h1 v2 v1 v2 v1
    = v1 h1 h1 h4 v1 h3 h1 h1 v2 v1 h0 h0 h2 h4 h1 h1 v2 v1 v2 v1
    = v1 h1 h1 v2 h4 h3 h1 h1 v2 v1 h0 h0 h2 h4 h1 h1 v2 v1 v2 v1
    = v1 h1 v1 h0 h4 h3 h1 h1 v2 v1 h0 h0 h2 h4 h1 h1 v2 v1 v2 v1
    = v1 v2 h0 h0 h4 h3 h1 h1 v2 v1 h0 h0 h2 h4 h1 h1 v2 v1 v2 v1
    = v1 v2 h0 h0 h4 h3 h1 v1 h0 v1 h0 h0 h2 h4 h1 h1 v2 v1 v2 v1
    = v1 v2 h0 h0 h4 h3 v2 h0 h0 v1 h0 h0 h2 h4 h1 h1 v2 v1 v2 v1
    = v1 v2 h0 h0 h4 v2 h2 h0 h0 v1 h0 h0 h2 h4 h1 h1 v2 v1 v2 v1
    = v1 v2 h0 h0 v1 h4 h2 h0 h0 v1 h0 h0 h2 h4 h1 h1 v2 v1 v2 v1
    = v1 v2 h0 v2 h1 h4 h2 h0 h0 v1 h0 h0 h2 h4 h1 h1 v2 v1 v2 v1
    = v1 v2 v1 h1 h1 h4 h2 h0 h0 v1 h0 h0 h2 h4 h1 h1 v2 v1 v2 v1
    = v1 v2 v1 h1 h1 h4 h2 h0 v2 h1 h0 h0 h2 h4 h1 h1 v2 v1 v2 v1
    = v1 v2 v1 h1 h1 h4 h2 v1 h1 h1 h0 h0 h2 h4 h1 h1 v2 v1 v2 v1
    = v1 v2 v1 h1 h1 h4 v1 h2 h1 h1 h0 h0 h2 h4 h1 h1 v2 v1 v2 v1
    = v1 v2 v1 h1 h1 v2 h4 h2 h1 h1 h0 h0 h2 h4 h1 h1 v2 v1 v2 v1
    = v1 v2 v1 h1 v1 h0 h4 h2 h1 h1 h0 h0 h2 h4 h1 h1 v2 v1 v2 v1
    = v1 v2 v1 v2 h0 h0 h4 h2 h1 h1 h0 h0 h2 h4 h1 h1 v2 v1 v2 v1
    = v1 v2 v1 v2 h0 h0 h4 h2 h1 h0 h2 h4 h1 h1 v2 v1 v2 v1
    = v1 v2 v1 v2 h0 h0 h4 h2 h2 h4 h1 h1 v2 v1 v2 v1
    = v1 v2 v1 v2 h0 h0 h4 h4 h1 h1 v2 v1 v2 v1
    = v1 v2 v1 v2 h0 h0 h1 h1 v2 v1 v2 v1
    = v1 v2 v1 v2 h0 h1 v2 v1 v2 v1
    = v1 v2 v1 v2 v2 v1 v2 v1
    = v1 v2 v1 v1 v2 v1
    = v1 v2 v2 v1
    = v1 v1
    = 1
  (K) v0210|h inverts v|h004211:
    v0 v2 v1 v0 h0 h0 h4 h2 h1 h1 v0 v1 v2 v0 h0 h0 h4 h2 h1 h1
    = v0 v2 v1 v0 h0 h0 h4 h2 h1 v0 h1 v1 v2 v0 h0 h0 h4 h2 h1 h1
    = v0 v2 v1 v0 h0 h0 h4 h2 v0 h1 h1 v1 v2 v0 h0 h0 h4 h2 h1 h1
    = v0 v2 v1 v0 h0 h0 h4 v0 h2 h1 h1 v1 v2 v0 h0 h0 h4 h2 h1 h1
    = v0 v2 v1 v0 h0 h0 v0 h3 h2 h1 h1 v1 v2 v0 h0 h0 h4 h2 h1 h1
    = v0 v2 v1 v0 h0 v0 h0 h3 h2 h1 h1 v1 v2 v0 h0 h0 h4 h2 h1 h1
    = v0 v2 v1 v0 v0 h0 h0 h3 h2 h1 h1 v1 v2 v0 h0 h0 h4 h2 h1 h1
    = v0 v2 v1 h0 h0 h3 h2 h1 h1 v1 v2 v0 h0 h0 h4 h2 h1 h1
    = v0 v2 v1 h0 h0 h3 h2 h1 v2 h0 v2 v0 h0 h0 h4 h2 h1 h1
    = v0 v2 v1 h0 h0 h3 h2 v1 h0 h0 v2 v0 h0 h0 h4 h2 h1 h1
    = v0 v2 v1 h0 h0 h3 v1 h2 h0 h0 v2 v0 h0 h0 h4 h2 h1 h1
    = v0 v2 v1 h0 h0 v1 h3 h2 h0 h0 v2 v0 h0 h0 h4 h2 h1 h1
    = v0 v2 v1 h0 v2 h1 h3 h2 h0 h0 v2 v0 h0 h0 h4 h2 h1 h1
    = v0 v2 v1 v1 h1 h1 h3 h2 h0 h0 v2 v0 h0 h0 h4 h2 h1 h1
    = v0 v2 h1 h1 h3 h2 h0 h0 v2 v0 h0 h0 h4 h2 h1 h1
    = v0 v2 h1 h1 h3 h2 h0 v1 h1 v0 h0 h0 h4 h2 h1 h1
    = v0 v2 h1 h1 h3 h2 v2 h1 h1 v0 h0 h0 h4 h2 h1 h1
    = v0 v2 h1 h1 h3 v2 h3 h1 h1 v0 h0 h0 h4 h2 h1 h1
    = v0 v2 h1 h1 v2 h2 h3 h1 h1 v0 h0 h0 h4 h2 h1 h1
    = v0 v2 h1 v1 h0 h2 h3 h1 h1 v0 h0 h0 h4 h2 h1 h1
    = v0 v2 v2 h0 h0 h2 h3 h1 h1 v0 h0 h0 h4 h2 h1 h1
    = v0 h0 h0 h2 h3 h1 h1 v0 h0 h0 h4 h2 h1 h1
    = v0 h0 h0 h2 h3 h1 v0 h1 h0 h0 h4 h2 h1 h1
    = v0 h0 h0 h2 h3 v0 h1 h1 h0 h0 h4 h2 h1 h1
    = v0 h0 h0 h2 v0 h4 h1 h1 h0 h0 h4 h2 h1 h1
    = v0 h0 h0 v0 h2 h4 h1 h1 h0 h0 h4 h2 h1 h1
    = v0 h0 v0 h0 h2 h4 h1 h1 h0 h0 h4 h2 h1 h1
    = v0 v0 h0 h0 h2 h4 h1 h1 h0 h0 h4 h2 h1 h1
    = h0 h0 h2 h4 h1 h1 h0 h0 h4 h2 h1 h1
    = h0 h0 h2 h4 h1 h0 h4 h2 h1 h1
    = h0 h0 h2 h4 h4 h2 h1 h1
    = h0 h0 h2 h2 h1 h1
    = h0 h0 h1 h1
    = h0 h1
    = 1
  (R) v0210|h = r^-1, v012120|h = r^2, r = v0120|h
  (K) v|h003211 inverts v012120|h:
    h0 h0 h3 h2 h1 h1 v0 v1 v2 v1 v2 v0 h0 h0 h2 h3 h1 h1 v0 v1 v2 v1 v2 v0
    = h0 h0 h3 h2 h1 v0 h1 v1 v2 v1 v2 v0 h0 h0 h2 h3 h1 h1 v0 v1 v2 v1 v2 v0
    = h0 h0 h3 h2 v0 h1 h1 v1 v2 v1 v2 v0 h0 h0 h2 h3 h1 h1 v0 v1 v2 v1 v2 v0
    = h0 h0 h3 v0 h2 h1 h1 v1 v2 v1 v2 v0 h0 h0 h2 h3 h1 h1 v0 v1 v2 v1 v2 v0
    = h0 h0 v0 h4 h2 h1 h1 v1 v2 v1 v2 v0 h0 h0 h2 h3 h1 h1 v0 v1 v2 v1 v2 v0
    = h0 v0 h0 h4 h2 h1 h1 v1 v2 v1 v2 v0 h0 h0 h2 h3 h1 h1 v0 v1 v2 v1 v2 v0
    = v0 h0 h0 h4 h2 h1 h1 v1 v2 v1 v2 v0 h0 h0 h2 h3 h1 h1 v0 v1 v2 v1 v2 v0
    = v0 h0 h0 h4 h2 h1 v2 h0 v2 v1 v2 v0 h0 h0 h2 h3 h1 h1 v0 v1 v2 v1 v2 v0
    = v0 h0 h0 h4 h2 v1 h0 h0 v2 v1 v2 v0 h0 h0 h2 h3 h1 h1 v0 v1 v2 v1 v2 v0
    = v0 h0 h0 h4 v1 h2 h0 h0 v2 v1 v2 v0 h0 h0 h2 h3 h1 h1 v0 v1 v2 v1 v2 v0
    = v0 h0 h0 v2 h4 h2 h0 h0 v2 v1 v2 v0 h0 h0 h2 h3 h1 h1 v0 v1 v2 v1 v2 v0
    = v0 h0 v1 h1 h4 h2 h0 h0 v2 v1 v2 v0 h0 h0 h2 h3 h1 h1 v0 v1 v2 v1 v2 v0
    = v0 v2 h1 h1 h4 h2 h0 h0 v2 v1 v2 v0 h0 h0 h2 h3 h1 h1 v0 v1 v2 v1 v2 v0
    = v0 v2 h1 h1 h4 h2 h0 v1 h1 v1 v2 v0 h0 h0 h2 h3 h1 h1 v0 v1 v2 v1 v2 v0
    = v0 v2 h1 h1 h4 h2 v2 h1 h1 v1 v2 v0 h0 h0 h2 h3 h1 h1 v0 v1 v2 v1 v2 v0
    = v0 v2 h1 h1 h4 v2 h3 h1 h1 v1 v2 v0 h0 h0 h2 h3 h1 h1 v0 v1 v2 v1 v2 v0
    = v0 v2 h1 h1 v1 h4 h3 h1 h1 v1 v2 v0 h0 h0 h2 h3 h1 h1 v0 v1 v2 v1 v2 v0
    = v0 v2 h1 v2 h0 h4 h3 h1 h1 v1 v2 v0 h0 h0 h2 h3 h1 h1 v0 v1 v2 v1 v2 v0
    = v0 v2 v1 h0 h0 h4 h3 h1 h1 v1 v2 v0 h0 h0 h2 h3 h1 h1 v0 v1 v2 v1 v2 v0
    = v0 v2 v1 h0 h0 h4 h3 h1 v2 h0 v2 v0 h0 h0 h2 h3 h1 h1 v0 v1 v2 v1 v2 v0
    = v0 v2 v1 h0 h0 h4 h3 v1 h0 h0 v2 v0 h0 h0 h2 h3 h1 h1 v0 v1 v2 v1 v2 v0
    = v0 v2 v1 h0 h0 h4 v1 h3 h0 h0 v2 v0 h0 h0 h2 h3 h1 h1 v0 v1 v2 v1 v2 v0
    = v0 v2 v1 h0 h0 v2 h4 h3 h0 h0 v2 v0 h0 h0 h2 h3 h1 h1 v0 v1 v2 v1 v2 v0
    = v0 v2 v1 h0 v1 h1 h4 h3 h0 h0 v2 v0 h0 h0 h2 h3 h1 h1 v0 v1 v2 v1 v2 v0
    = v0 v2 v1 v2 h1 h1 h4 h3 h0 h0 v2 v0 h0 h0 h2 h3 h1 h1 v0 v1 v2 v1 v2 v0
    = v0 v2 v1 v2 h1 h1 h4 h3 h0 v1 h1 v0 h0 h0 h2 h3 h1 h1 v0 v1 v2 v1 v2 v0
    = v0 v2 v1 v2 h1 h1 h4 h3 v2 h1 h1 v0 h0 h0 h2 h3 h1 h1 v0 v1 v2 v1 v2 v0
    = v0 v2 v1 v2 h1 h1 h4 v2 h2 h1 h1 v0 h0 h0 h2 h3 h1 h1 v0 v1 v2 v1 v2 v0
    = v0 v2 v1 v2 h1 h1 v1 h4 h2 h1 h1 v0 h0 h0 h2 h3 h1 h1 v0 v1 v2 v1 v2 v0
    = v0 v2 v1 v2 h1 v2 h0 h4 h2 h1 h1 v0 h0 h0 h2 h3 h1 h1 v0 v1 v2 v1 v2 v0
    = v0 v2 v1 v2 v1 h0 h0 h4 h2 h1 h1 v0 h0 h0 h2 h3 h1 h1 v0 v1 v2 v1 v2 v0
    = v0 v2 v1 v2 v1 h0 h0 h4 h2 h1 v0 h1 h0 h0 h2 h3 h1 h1 v0 v1 v2 v1 v2 v0
    = v0 v2 v1 v2 v1 h0 h0 h4 h2 v0 h1 h1 h0 h0 h2 h3 h1 h1 v0 v1 v2 v1 v2 v0
    = v0 v2 v1 v2 v1 h0 h0 h4 v0 h2 h1 h1 h0 h0 h2 h3 h1 h1 v0 v1 v2 v1 v2 v0
    = v0 v2 v1 v2 v1 h0 h0 v0 h3 h2 h1 h1 h0 h0 h2 h3 h1 h1 v0 v1 v2 v1 v2 v0
    = v0 v2 v1 v2 v1 h0 v0 h0 h3 h2 h1 h1 h0 h0 h2 h3 h1 h1 v0 v1 v2 v1 v2 v0
    = v0 v2 v1 v2 v1 v0 h0 h0 h3 h2 h1 h1 h0 h0 h2 h3 h1 h1 v0 v1 v2 v1 v2 v0
    = v0 v2 v1 v2 v1 v0 h0 h0 h3 h2 h1 h0 h2 h3 h1 h1 v0 v1 v2 v1 v2 v0
    = v0 v2 v1 v2 v1 v0 h0 h0 h3 h2 h2 h3 h1 h1 v0 v1 v2 v1 v2 v0
    = v0 v2 v1 v2 v1 v0 h0 h0 h3 h3 h1 h1 v0 v1 v2 v1 v2 v0
    = v0 v2 v1 v2 v1 v0 h0 h0 h1 h1 v0 v1 v2 v1 v2 v0
    = v0 v2 v1 v2 v1 v0 h0 h1 v0 v1 v2 v1 v2 v0
    = v0 v2 v1 v2 v1 v0 v0 v1 v2 v1 v2 v0
    = v0 v2 v1 v2 v1 v1 v2 v1 v2 v0
    = v0 v2 v1 v2 v2 v1 v2 v0
    = v0 v2 v1 v1 v2 v0
    = v0 v2 v2 v0
    = v0 v0
    = 1
  (K) v12|h inverts v|h003211:
    v1 v2 h0 h0 h3 h2 h1 h1 v2 v1 h0 h0 h3 h2 h1 h1
    = v1 v2 h0 h0 h3 h2 h1 v1 h0 v1 h0 h0 h3 h2 h1 h1
    = v1 v2 h0 h0 h3 h2 v2 h0 h0 v1 h0 h0 h3 h2 h1 h1
    = v1 v2 h0 h0 h3 v2 h3 h0 h0 v1 h0 h0 h3 h2 h1 h1
    = v1 v2 h0 h0 v2 h2 h3 h0 h0 v1 h0 h0 h3 h2 h1 h1
    = v1 v2 h0 v1 h1 h2 h3 h0 h0 v1 h0 h0 h3 h2 h1 h1
    = v1 v2 v2 h1 h1 h2 h3 h0 h0 v1 h0 h0 h3 h2 h1 h1
    = v1 h1 h1 h2 h3 h0 h0 v1 h0 h0 h3 h2 h1 h1
    = v1 h1 h1 h2 h3 h0 v2 h1 h0 h0 h3 h2 h1 h1
    = v1 h1 h1 h2 h3 v1 h1 h1 h0 h0 h3 h2 h1 h1
    = v1 h1 h1 h2 v1 h3 h1 h1 h0 h0 h3 h2 h1 h1
    = v1 h1 h1 v1 h2 h3 h1 h1 h0 h0 h3 h2 h1 h1
    = v1 h1 v2 h0 h2 h3 h1 h1 h0 h0 h3 h2 h1 h1
    = v1 v1 h0 h0 h2 h3 h1 h1 h0 h0 h3 h2 h1 h1
    = h0 h0 h2 h3 h1 h1 h0 h0 h3 h2 h1 h1
    = h0 h0 h2 h3 h1 h0 h3 h2 h1 h1
    = h0 h0 h2 h3 h3 h2 h1 h1
    = h0 h0 h2 h2 h1 h1
    = h0 h0 h1 h1
    = h0 h1
    = 1
class 313 chain of length 6 with 4 inverting steps verified: Gamma^+ is not left-orderable
  (K) v|h32 inverts v10|h:
    h3 h2 v1 v0 h2 h3 v1 v0
    = h3 v1 h2 v0 h2 h3 v1 v0
    = v0 h3 h2 v0 h2 h3 v1 v0
    = v0 h3 v0 h2 h2 h3 v1 v0
    = v0 v1 h3 h2 h2 h3 v1 v0
    = v0 v1 h3 h3 v1 v0
    = v0 v1 v1 v0
    = v0 v0
    = 1
  (R) v|h32 = r^-1, v|h2323 = r^2, r = v|h23
  (K) v20|h inverts v|h2323:
    v2 v0 h2 h3 h2 h3 v0 v2 h2 h3 h2 h3
    = v2 v0 h2 h3 h2 v1 h3 v2 h2 h3 h2 h3
    = v2 v0 h2 h3 v1 h2 h3 v2 h2 h3 h2 h3
    = v2 v0 h2 v0 h3 h2 h3 v2 h2 h3 h2 h3
    = v2 v0 v0 h2 h3 h2 h3 v2 h2 h3 h2 h3
    = v2 h2 h3 h2 h3 v2 h2 h3 h2 h3
    = v2 h2 h3 h2 v2 h2 h2 h3 h2 h3
    = v2 h2 h3 v2 h3 h2 h2 h3 h2 h3
    = v2 h2 v2 h2 h3 h2 h2 h3 h2 h3
    = v2 v2 h3 h2 h3 h2 h2 h3 h2 h3
    = h3 h2 h3 h2 h2 h3 h2 h3
    = h3 h2 h3 h3 h2 h3
    = h3 h2 h2 h3
    = h3 h3
    = 1
  (K) v|h4324 inverts v20|h:
    h4 h3 h2 h4 v2 v0 h4 h2 h3 h4 v2 v0
    = h4 h3 h2 v1 h4 v0 h4 h2 h3 h4 v2 v0
    = h4 h3 v1 h2 h4 v0 h4 h2 h3 h4 v2 v0
    = h4 v0 h3 h2 h4 v0 h4 h2 h3 h4 v2 v0
    = v0 h4 h3 h2 h4 v0 h4 h2 h3 h4 v2 v0
    = v0 h4 h3 h2 v0 h4 h4 h2 h3 h4 v2 v0
    = v0 h4 h3 v0 h2 h4 h4 h2 h3 h4 v2 v0
    = v0 h4 v1 h3 h2 h4 h4 h2 h3 h4 v2 v0
    = v0 v2 h4 h3 h2 h4 h4 h2 h3 h4 v2 v0
    = v0 v2 h4 h3 h2 h2 h3 h4 v2 v0
    = v0 v2 h4 h3 h3 h4 v2 v0
    = v0 v2 h4 h4 v2 v0
    = v0 v2 v2 v0
    = v0 v0
    = 1
  (R) v|h4324 = r^-1, v|h432324 = r^-2, r = v|h4234
  (K) v10|h inverts v|h432324:
    v1 v0 h4 h3 h2 h3 h2 h4 v0 v1 h4 h3 h2 h3 h2 h4
    = v1 v0 h4 h3 h2 h3 h2 v0 h4 v1 h4 h3 h2 h3 h2 h4
    = v1 v0 h4 h3 h2 h3 v0 h2 h4 v1 h4 h3 h2 h3 h2 h4
    = v1 v0 h4 h3 h2 v1 h3 h2 h4 v1 h4 h3 h2 h3 h2 h4
    = v1 v0 h4 h3 v1 h2 h3 h2 h4 v1 h4 h3 h2 h3 h2 h4
    = v1 v0 h4 v0 h3 h2 h3 h2 h4 v1 h4 h3 h2 h3 h2 h4
    = v1 v0 v0 h4 h3 h2 h3 h2 h4 v1 h4 h3 h2 h3 h2 h4
    = v1 h4 h3 h2 h3 h2 h4 v1 h4 h3 h2 h3 h2 h4
    = v1 h4 h3 h2 h3 h2 v2 h4 h4 h3 h2 h3 h2 h4
    = v1 h4 h3 h2 h3 v2 h3 h4 h4 h3 h2 h3 h2 h4
    = v1 h4 h3 h2 v2 h2 h3 h4 h4 h3 h2 h3 h2 h4
    = v1 h4 h3 v2 h3 h2 h3 h4 h4 h3 h2 h3 h2 h4
    = v1 h4 v2 h2 h3 h2 h3 h4 h4 h3 h2 h3 h2 h4
    = v1 v1 h4 h2 h3 h2 h3 h4 h4 h3 h2 h3 h2 h4
    = h4 h2 h3 h2 h3 h4 h4 h3 h2 h3 h2 h4
    = h4 h2 h3 h2 h3 h3 h2 h3 h2 h4
    = h4 h2 h3 h2 h2 h3 h2 h4
    = h4 h2 h3 h3 h2 h4
    = h4 h2 h2 h4
    = h4 h4
    = 1
class 315 chain of length 6 with 4 inverting steps verified: Gamma^+ is not left-orderable
  (K) v|h23 inverts v10|h:
    h2 h3 v1 v0 h3 h2 v1 v0
    = h2 v0 h3 v0 h3 h2 v1 v0
    = v0 h2 h3 v0 h3 h2 v1 v0
    = v0 h2 v1 h3 h3 h2 v1 v0
    = v0 v1 h2 h3 h3 h2 v1 v0
    = v0 v1 h2 h2 v1 v0
    = v0 v1 v1 v0
    = v0 v0
    = 1
  (R) v|h23 = r^1, v|h2323 = r^2, r = v|h23
  (K) v0210|h inverts v|h2323:
    v0 v2 v1 v0 h2 h3 h2 h3 v0 v1 v2 v0 h2 h3 h2 h3
    = v0 v2 v1 v0 h2 h3 h2 v1 h3 v1 v2 v0 h2 h3 h2 h3
    = v0 v2 v1 v0 h2 h3 v1 h2 h3 v1 v2 v0 h2 h3 h2 h3
    = v0 v2 v1 v0 h2 v0 h3 h2 h3 v1 v2 v0 h2 h3 h2 h3
    = v0 v2 v1 v0 v0 h2 h3 h2 h3 v1 v2 v0 h2 h3 h2 h3
    = v0 v2 v1 h2 h3 h2 h3 v1 v2 v0 h2 h3 h2 h3
    = v0 v2 v1 h2 h3 h2 v0 h3 v2 v0 h2 h3 h2 h3
    = v0 v2 v1 h2 h3 v0 h2 h3 v2 v0 h2 h3 h2 h3
    = v0 v2 v1 h2 v1 h3 h2 h3 v2 v0 h2 h3 h2 h3
    = v0 v2 v1 v1 h2 h3 h2 h3 v2 v0 h2 h3 h2 h3
    = v0 v2 h2 h3 h2 h3 v2 v0 h2 h3 h2 h3
    = v0 v2 h2 h3 h2 v2 h2 v0 h2 h3 h2 h3
    = v0 v2 h2 h3 v2 h3 h2 v0 h2 h3 h2 h3
    = v0 v2 h2 v2 h2 h3 h2 v0 h2 h3 h2 h3
    = v0 v2 v2 h3 h2 h3 h2 v0 h2 h3 h2 h3
    = v0 h3 h2 h3 h2 v0 h2 h3 h2 h3
    = v0 h3 h2 h3 v0 h2 h2 h3 h2 h3
    = v0 h3 h2 v1 h3 h2 h2 h3 h2 h3
    = v0 h3 v1 h2 h3 h2 h2 h3 h2 h3
    = v0 v0 h3 h2 h3 h2 h2 h3 h2 h3
    = h3 h2 h3 h2 h2 h3 h2 h3
    = h3 h2 h3 h3 h2 h3
    = h3 h2 h2 h3
    = h3 h3
    = 1
  (K) v|h4324 inverts v0210|h:
    h4 h3 h2 h4 v0 v2 v1 v0 h4 h2 h3 h4 v0 v2 v1 v0
    = h4 h3 h2 v2 h4 v2 v1 v0 h4 h2 h3 h4 v0 v2 v1 v0
    = h4 h3 v2 h3 h4 v2 v1 v0 h4 h2 h3 h4 v0 v2 v1 v0
    = h4 v2 h2 h3 h4 v2 v1 v0 h4 h2 h3 h4 v0 v2 v1 v0
    = v0 h4 h2 h3 h4 v2 v1 v0 h4 h2 h3 h4 v0 v2 v1 v0
    = v0 h4 h2 h3 v0 h4 v1 v0 h4 h2 h3 h4 v0 v2 v1 v0
    = v0 h4 h2 v1 h3 h4 v1 v0 h4 h2 h3 h4 v0 v2 v1 v0
    = v0 h4 v1 h2 h3 h4 v1 v0 h4 h2 h3 h4 v0 v2 v1 v0
    = v0 v1 h4 h2 h3 h4 v1 v0 h4 h2 h3 h4 v0 v2 v1 v0
    = v0 v1 h4 h2 h3 v1 h4 v0 h4 h2 h3 h4 v0 v2 v1 v0
    = v0 v1 h4 h2 v0 h3 h4 v0 h4 h2 h3 h4 v0 v2 v1 v0
    = v0 v1 h4 v0 h2 h3 h4 v0 h4 h2 h3 h4 v0 v2 v1 v0
    = v0 v1 v2 h4 h2 h3 h4 v0 h4 h2 h3 h4 v0 v2 v1 v0
    = v0 v1 v2 h4 h2 h3 v2 h4 h4 h2 h3 h4 v0 v2 v1 v0
    = v0 v1 v2 h4 h2 v2 h2 h4 h4 h2 h3 h4 v0 v2 v1 v0
    = v0 v1 v2 h4 v2 h3 h2 h4 h4 h2 h3 h4 v0 v2 v1 v0
    = v0 v1 v2 v0 h4 h3 h2 h4 h4 h2 h3 h4 v0 v2 v1 v0
    = v0 v1 v2 v0 h4 h3 h2 h2 h3 h4 v0 v2 v1 v0
    = v0 v1 v2 v0 h4 h3 h3 h4 v0 v2 v1 v0
    = v0 v1 v2 v0 h4 h4 v0 v2 v1 v0
    = v0 v1 v2 v0 v0 v2 v1 v0
    = v0 v1 v2 v2 v1 v0
    = v0 v1 v1 v0
    = v0 v0
    = 1
  (R) v|h4324 = r^-1, v|h432324 = r^-2, r = v|h4234
  (K) v10|h inverts v|h432324:
    v1 v0 h4 h3 h2 h3 h2 h4 v0 v1 h4 h3 h2 h3 h2 h4
    = v1 v0 h4 h3 h2 h3 h2 v2 h4 v1 h4 h3 h2 h3 h2 h4
    = v1 v0 h4 h3 h2 h3 v2 h3 h4 v1 h4 h3 h2 h3 h2 h4
    = v1 v0 h4 h3 h2 v2 h2 h3 h4 v1 h4 h3 h2 h3 h2 h4
    = v1 v0 h4 h3 v2 h3 h2 h3 h4 v1 h4 h3 h2 h3 h2 h4
    = v1 v0 h4 v2 h2 h3 h2 h3 h4 v1 h4 h3 h2 h3 h2 h4
    = v1 v0 v0 h4 h2 h3 h2 h3 h4 v1 h4 h3 h2 h3 h2 h4
    = v1 h4 h2 h3 h2 h3 h4 v1 h4 h3 h2 h3 h2 h4
    = v1 h4 h2 h3 h2 h3 v1 h4 h4 h3 h2 h3 h2 h4
    = v1 h4 h2 h3 h2 v0 h3 h4 h4 h3 h2 h3 h2 h4
    = v1 h4 h2 h3 v0 h2 h3 h4 h4 h3 h2 h3 h2 h4
    = v1 h4 h2 v1 h3 h2 h3 h4 h4 h3 h2 h3 h2 h4
    = v1 h4 v1 h2 h3 h2 h3 h4 h4 h3 h2 h3 h2 h4
    = v1 v1 h4 h2 h3 h2 h3 h4 h4 h3 h2 h3 h2 h4
    = h4 h2 h3 h2 h3 h4 h4 h3 h2 h3 h2 h4
    = h4 h2 h3 h2 h3 h3 h2 h3 h2 h4
    = h4 h2 h3 h2 h2 h3 h2 h4
    = h4 h2 h3 h3 h2 h4
    = h4 h2 h2 h4
    = h4 h4
    = 1
class 317 chain of length 6 with 4 inverting steps verified: Gamma^+ is not left-orderable
  (R) v10|h = r^-1, v0101|h = r^2, r = v01|h
  (K) v|h002400 inverts v0101|h:
    h0 h0 h2 h4 h0 h0 v0 v1 v0 v1 h1 h1 h4 h2 h1 h1 v0 v1 v0 v1
    = h0 h0 h2 h4 h0 v0 h0 v1 v0 v1 h1 h1 h4 h2 h1 h1 v0 v1 v0 v1
    = h0 h0 h2 h4 v0 h0 h0 v1 v0 v1 h1 h1 h4 h2 h1 h1 v0 v1 v0 v1
    = h0 h0 h2 v1 h4 h0 h0 v1 v0 v1 h1 h1 h4 h2 h1 h1 v0 v1 v0 v1
    = h0 h0 v1 h2 h4 h0 h0 v1 v0 v1 h1 h1 h4 h2 h1 h1 v0 v1 v0 v1
    = h0 v2 h1 h2 h4 h0 h0 v1 v0 v1 h1 h1 h4 h2 h1 h1 v0 v1 v0 v1
    = v1 h1 h1 h2 h4 h0 h0 v1 v0 v1 h1 h1 h4 h2 h1 h1 v0 v1 v0 v1
    = v1 h1 h1 h2 h4 h0 v2 h1 v0 v1 h1 h1 h4 h2 h1 h1 v0 v1 v0 v1
    = v1 h1 h1 h2 h4 v1 h1 h1 v0 v1 h1 h1 h4 h2 h1 h1 v0 v1 v0 v1
    = v1 h1 h1 h2 v0 h4 h1 h1 v0 v1 h1 h1 h4 h2 h1 h1 v0 v1 v0 v1
    = v1 h1 h1 v0 h3 h4 h1 h1 v0 v1 h1 h1 h4 h2 h1 h1 v0 v1 v0 v1
    = v1 h1 v0 h1 h3 h4 h1 h1 v0 v1 h1 h1 h4 h2 h1 h1 v0 v1 v0 v1
    = v1 v0 h1 h1 h3 h4 h1 h1 v0 v1 h1 h1 h4 h2 h1 h1 v0 v1 v0 v1
    = v1 v0 h1 h1 h3 h4 h1 v0 h1 v1 h1 h1 h4 h2 h1 h1 v0 v1 v0 v1
    = v1 v0 h1 h1 h3 h4 v0 h1 h1 v1 h1 h1 h4 h2 h1 h1 v0 v1 v0 v1
    = v1 v0 h1 h1 h3 v1 h4 h1 h1 v1 h1 h1 h4 h2 h1 h1 v0 v1 v0 v1
    = v1 v0 h1 h1 v1 h3 h4 h1 h1 v1 h1 h1 h4 h2 h1 h1 v0 v1 v0 v1
    = v1 v0 h1 v2 h0 h3 h4 h1 h1 v1 h1 h1 h4 h2 h1 h1 v0 v1 v0 v1
    = v1 v0 v1 h0 h0 h3 h4 h1 h1 v1 h1 h1 h4 h2 h1 h1 v0 v1 v0 v1
    = v1 v0 v1 h0 h0 h3 h4 h1 v2 h0 h1 h1 h4 h2 h1 h1 v0 v1 v0 v1
    = v1 v0 v1 h0 h0 h3 h4 v1 h0 h0 h1 h1 h4 h2 h1 h1 v0 v1 v0 v1
    = v1 v0 v1 h0 h0 h3 v0 h4 h0 h0 h1 h1 h4 h2 h1 h1 v0 v1 v0 v1
    = v1 v0 v1 h0 h0 v0 h2 h4 h0 h0 h1 h1 h4 h2 h1 h1 v0 v1 v0 v1
    = v1 v0 v1 h0 v0 h0 h2 h4 h0 h0 h1 h1 h4 h2 h1 h1 v0 v1 v0 v1
    = v1 v0 v1 v0 h0 h0 h2 h4 h0 h0 h1 h1 h4 h2 h1 h1 v0 v1 v0 v1
    = v1 v0 v1 v0 h0 h0 h2 h4 h0 h1 h4 h2 h1 h1 v0 v1 v0 v1
    = v1 v0 v1 v0 h0 h0 h2 h4 h4 h2 h1 h1 v0 v1 v0 v1
    = v1 v0 v1 v0 h0 h0 h2 h2 h1 h1 v0 v1 v0 v1
    = v1 v0 v1 v0 h0 h0 h1 h1 v0 v1 v0 v1
    = v1 v0 v1 v0 h0 h1 v0 v1 v0 v1
    = v1 v0 v1 v0 v0 v1 v0 v1
    = v1 v0 v1 v1 v0 v1
    = v1 v0 v0 v1
    = v1 v1
    = 1
  (K) v2102|h inverts v|h002400:
    v2 v1 v0 v2 h0 h0 h2 h4 h0 h0 v2 v0 v1 v2 h0 h0 h2 h4 h0 h0
    = v2 v1 v0 v2 h0 h0 h2 h4 h0 v1 h1 v0 v1 v2 h0 h0 h2 h4 h0 h0
    = v2 v1 v0 v2 h0 h0 h2 h4 v2 h1 h1 v0 v1 v2 h0 h0 h2 h4 h0 h0
    = v2 v1 v0 v2 h0 h0 h2 v2 h3 h1 h1 v0 v1 v2 h0 h0 h2 h4 h0 h0
    = v2 v1 v0 v2 h0 h0 v2 h2 h3 h1 h1 v0 v1 v2 h0 h0 h2 h4 h0 h0
    = v2 v1 v0 v2 h0 v1 h1 h2 h3 h1 h1 v0 v1 v2 h0 h0 h2 h4 h0 h0
    = v2 v1 v0 v2 v2 h1 h1 h2 h3 h1 h1 v0 v1 v2 h0 h0 h2 h4 h0 h0
    = v2 v1 v0 h1 h1 h2 h3 h1 h1 v0 v1 v2 h0 h0 h2 h4 h0 h0
    = v2 v1 v0 h1 h1 h2 h3 h1 v0 h1 v1 v2 h0 h0 h2 h4 h0 h0
    = v2 v1 v0 h1 h1 h2 h3 v0 h1 h1 v1 v2 h0 h0 h2 h4 h0 h0
    = v2 v1 v0 h1 h1 h2 v0 h2 h1 h1 v1 v2 h0 h0 h2 h4 h0 h0
    = v2 v1 v0 h1 h1 v0 h3 h2 h1 h1 v1 v2 h0 h0 h2 h4 h0 h0
    = v2 v1 v0 h1 v0 h1 h3 h2 h1 h1 v1 v2 h0 h0 h2 h4 h0 h0
    = v2 v1 v0 v0 h1 h1 h3 h2 h1 h1 v1 v2 h0 h0 h2 h4 h0 h0
    = v2 v1 h1 h1 h3 h2 h1 h1 v1 v2 h0 h0 h2 h4 h0 h0
    = v2 v1 h1 h1 h3 h2 h1 v2 h0 v2 h0 h0 h2 h4 h0 h0
    = v2 v1 h1 h1 h3 h2 v1 h0 h0 v2 h0 h0 h2 h4 h0 h0
    = v2 v1 h1 h1 h3 v1 h2 h0 h0 v2 h0 h0 h2 h4 h0 h0
    = v2 v1 h1 h1 v1 h3 h2 h0 h0 v2 h0 h0 h2 h4 h0 h0
    = v2 v1 h1 v2 h0 h3 h2 h0 h0 v2 h0 h0 h2 h4 h0 h0
    = v2 v1 v1 h0 h0 h3 h2 h0 h0 v2 h0 h0 h2 h4 h0 h0
    = v2 h0 h0 h3 h2 h0 h0 v2 h0 h0 h2 h4 h0 h0
    = v2 h0 h0 h3 h2 h0 v1 h1 h0 h0 h2 h4 h0 h0
    = v2 h0 h0 h3 h2 v2 h1 h1 h0 h0 h2 h4 h0 h0
    = v2 h0 h0 h3 v2 h2 h1 h1 h0 h0 h2 h4 h0 h0
    = v2 h0 h0 v2 h4 h2 h1 h1 h0 h0 h2 h4 h0 h0
    = v2 h0 v1 h1 h4 h2 h1 h1 h0 h0 h2 h4 h0 h0
    = v2 v2 h1 h1 h4 h2 h1 h1 h0 h0 h2 h4 h0 h0
    = h1 h1 h4 h2 h1 h1 h0 h0 h2 h4 h0 h0
    = h1 h1 h4 h2 h1 h0 h2 h4 h0 h0
    = h1 h1 h4 h2 h2 h4 h0 h0
    = h1 h1 h4 h4 h0 h0
    = h1 h1 h0 h0
    = h1 h0
    = 1
  (R) v2102|h = r^-1, v201012|h = r^2, r = v2012|h
  (K) v|h113211 inverts v201012|h:
    h1 h1 h3 h2 h1 h1 v2 v0 v1 v0 v1 v2 h0 h0 h2 h3 h0 h0 v2 v0 v1 v0 v1 v2
    = h1 h1 h3 h2 h1 v1 h0 v0 v1 v0 v1 v2 h0 h0 h2 h3 h0 h0 v2 v0 v1 v0 v1 v2
    = h1 h1 h3 h2 v2 h0 h0 v0 v1 v0 v1 v2 h0 h0 h2 h3 h0 h0 v2 v0 v1 v0 v1 v2
    = h1 h1 h3 v2 h2 h0 h0 v0 v1 v0 v1 v2 h0 h0 h2 h3 h0 h0 v2 v0 v1 v0 v1 v2
    = h1 h1 v2 h4 h2 h0 h0 v0 v1 v0 v1 v2 h0 h0 h2 h3 h0 h0 v2 v0 v1 v0 v1 v2
    = h1 v1 h0 h4 h2 h0 h0 v0 v1 v0 v1 v2 h0 h0 h2 h3 h0 h0 v2 v0 v1 v0 v1 v2
    = v2 h0 h0 h4 h2 h0 h0 v0 v1 v0 v1 v2 h0 h0 h2 h3 h0 h0 v2 v0 v1 v0 v1 v2
    = v2 h0 h0 h4 h2 h0 v0 h0 v1 v0 v1 v2 h0 h0 h2 h3 h0 h0 v2 v0 v1 v0 v1 v2
    = v2 h0 h0 h4 h2 v0 h0 h0 v1 v0 v1 v2 h0 h0 h2 h3 h0 h0 v2 v0 v1 v0 v1 v2
    = v2 h0 h0 h4 v0 h3 h0 h0 v1 v0 v1 v2 h0 h0 h2 h3 h0 h0 v2 v0 v1 v0 v1 v2
    = v2 h0 h0 v1 h4 h3 h0 h0 v1 v0 v1 v2 h0 h0 h2 h3 h0 h0 v2 v0 v1 v0 v1 v2
    = v2 h0 v2 h1 h4 h3 h0 h0 v1 v0 v1 v2 h0 h0 h2 h3 h0 h0 v2 v0 v1 v0 v1 v2
    = v2 v1 h1 h1 h4 h3 h0 h0 v1 v0 v1 v2 h0 h0 h2 h3 h0 h0 v2 v0 v1 v0 v1 v2
    = v2 v1 h1 h1 h4 h3 h0 v2 h1 v0 v1 v2 h0 h0 h2 h3 h0 h0 v2 v0 v1 v0 v1 v2
    = v2 v1 h1 h1 h4 h3 v1 h1 h1 v0 v1 v2 h0 h0 h2 h3 h0 h0 v2 v0 v1 v0 v1 v2
    = v2 v1 h1 h1 h4 v1 h3 h1 h1 v0 v1 v2 h0 h0 h2 h3 h0 h0 v2 v0 v1 v0 v1 v2
    = v2 v1 h1 h1 v0 h4 h3 h1 h1 v0 v1 v2 h0 h0 h2 h3 h0 h0 v2 v0 v1 v0 v1 v2
    = v2 v1 h1 v0 h1 h4 h3 h1 h1 v0 v1 v2 h0 h0 h2 h3 h0 h0 v2 v0 v1 v0 v1 v2
    = v2 v1 v0 h1 h1 h4 h3 h1 h1 v0 v1 v2 h0 h0 h2 h3 h0 h0 v2 v0 v1 v0 v1 v2
    = v2 v1 v0 h1 h1 h4 h3 h1 v0 h1 v1 v2 h0 h0 h2 h3 h0 h0 v2 v0 v1 v0 v1 v2
    = v2 v1 v0 h1 h1 h4 h3 v0 h1 h1 v1 v2 h0 h0 h2 h3 h0 h0 v2 v0 v1 v0 v1 v2
    = v2 v1 v0 h1 h1 h4 v0 h2 h1 h1 v1 v2 h0 h0 h2 h3 h0 h0 v2 v0 v1 v0 v1 v2
    = v2 v1 v0 h1 h1 v1 h4 h2 h1 h1 v1 v2 h0 h0 h2 h3 h0 h0 v2 v0 v1 v0 v1 v2
    = v2 v1 v0 h1 v2 h0 h4 h2 h1 h1 v1 v2 h0 h0 h2 h3 h0 h0 v2 v0 v1 v0 v1 v2
    = v2 v1 v0 v1 h0 h0 h4 h2 h1 h1 v1 v2 h0 h0 h2 h3 h0 h0 v2 v0 v1 v0 v1 v2
    = v2 v1 v0 v1 h0 h0 h4 h2 h1 v2 h0 v2 h0 h0 h2 h3 h0 h0 v2 v0 v1 v0 v1 v2
    = v2 v1 v0 v1 h0 h0 h4 h2 v1 h0 h0 v2 h0 h0 h2 h3 h0 h0 v2 v0 v1 v0 v1 v2
    = v2 v1 v0 v1 h0 h0 h4 v1 h2 h0 h0 v2 h0 h0 h2 h3 h0 h0 v2 v0 v1 v0 v1 v2
    = v2 v1 v0 v1 h0 h0 v0 h4 h2 h0 h0 v2 h0 h0 h2 h3 h0 h0 v2 v0 v1 v0 v1 v2
    = v2 v1 v0 v1 h0 v0 h0 h4 h2 h0 h0 v2 h0 h0 h2 h3 h0 h0 v2 v0 v1 v0 v1 v2
    = v2 v1 v0 v1 v0 h0 h0 h4 h2 h0 h0 v2 h0 h0 h2 h3 h0 h0 v2 v0 v1 v0 v1 v2
    = v2 v1 v0 v1 v0 h0 h0 h4 h2 h0 v1 h1 h0 h0 h2 h3 h0 h0 v2 v0 v1 v0 v1 v2
    = v2 v1 v0 v1 v0 h0 h0 h4 h2 v2 h1 h1 h0 h0 h2 h3 h0 h0 v2 v0 v1 v0 v1 v2
    = v2 v1 v0 v1 v0 h0 h0 h4 v2 h2 h1 h1 h0 h0 h2 h3 h0 h0 v2 v0 v1 v0 v1 v2
    = v2 v1 v0 v1 v0 h0 h0 v2 h3 h2 h1 h1 h0 h0 h2 h3 h0 h0 v2 v0 v1 v0 v1 v2
    = v2 v1 v0 v1 v0 h0 v1 h1 h3 h2 h1 h1 h0 h0 h2 h3 h0 h0 v2 v0 v1 v0 v1 v2
    = v2 v1 v0 v1 v0 v2 h1 h1 h3 h2 h1 h1 h0 h0 h2 h3 h0 h0 v2 v0 v1 v0 v1 v2
    = v2 v1 v0 v1 v0 v2 h1 h1 h3 h2 h1 h0 h2 h3 h0 h0 v2 v0 v1 v0 v1 v2
    = v2 v1 v0 v1 v0 v2 h1 h1 h3 h2 h2 h3 h0 h0 v2 v0 v1 v0 v1 v2
    = v2 v1 v0 v1 v0 v2 h1 h1 h3 h3 h0 h0 v2 v0 v1 v0 v1 v2
    = v2 v1 v0 v1 v0 v2 h1 h1 h0 h0 v2 v0 v1 v0 v1 v2
    = v2 v1 v0 v1 v0 v2 h1 h0 v2 v0 v1 v0 v1 v2
    = v2 v1 v0 v1 v0 v2 v2 v0 v1 v0 v1 v2
    = v2 v1 v0 v1 v0 v0 v1 v0 v1 v2
    = v2 v1 v0 v1 v1 v0 v1 v2
    = v2 v1 v0 v0 v1 v2
    = v2 v1 v1 v2
    = v2 v2
    = 1
  (K) v10|h inverts v|h113211:
    v1 v0 h1 h1 h3 h2 h1 h1 v0 v1 h1 h1 h3 h2 h1 h1
    = v1 v0 h1 h1 h3 h2 h1 v0 h1 v1 h1 h1 h3 h2 h1 h1
    = v1 v0 h1 h1 h3 h2 v0 h1 h1 v1 h1 h1 h3 h2 h1 h1
    = v1 v0 h1 h1 h3 v0 h3 h1 h1 v1 h1 h1 h3 h2 h1 h1
    = v1 v0 h1 h1 v0 h2 h3 h1 h1 v1 h1 h1 h3 h2 h1 h1
    = v1 v0 h1 v0 h1 h2 h3 h1 h1 v1 h1 h1 h3 h2 h1 h1
    = v1 v0 v0 h1 h1 h2 h3 h1 h1 v1 h1 h1 h3 h2 h1 h1
    = v1 h1 h1 h2 h3 h1 h1 v1 h1 h1 h3 h2 h1 h1
    = v1 h1 h1 h2 h3 h1 v2 h0 h1 h1 h3 h2 h1 h1
    = v1 h1 h1 h2 h3 v1 h0 h0 h1 h1 h3 h2 h1 h1
    = v1 h1 h1 h2 v1 h3 h0 h0 h1 h1 h3 h2 h1 h1
    = v1 h1 h1 v1 h2 h3 h0 h0 h1 h1 h3 h2 h1 h1
    = v1 h1 v2 h0 h2 h3 h0 h0 h1 h1 h3 h2 h1 h1
    = v1 v1 h0 h0 h2 h3 h0 h0 h1 h1 h3 h2 h1 h1
    = h0 h0 h2 h3 h0 h0 h1 h1 h3 h2 h1 h1
    = h0 h0 h2 h3 h0 h1 h3 h2 h1 h1
    = h0 h0 h2 h3 h3 h2 h1 h1
    = h0 h0 h2 h2 h1 h1
    = h0 h0 h1 h1
    = h0 h1
    = 1
class 343 chain of length 6 with 4 inverting steps verified: Gamma^+ is not left-orderable
  (K) v|h4324 inverts v02|h:
    h4 h3 h2 h4 v0 v2 h4 h2 h3 h4 v0 v2
    = h4 h3 h2 v1 h4 v2 h4 h2 h3 h4 v0 v2
    = h4 h3 v1 h2 h4 v2 h4 h2 h3 h4 v0 v2
    = h4 v2 h3 h2 h4 v2 h4 h2 h3 h4 v0 v2
    = v2 h4 h3 h2 h4 v2 h4 h2 h3 h4 v0 v2
    = v2 h4 h3 h2 v2 h4 h4 h2 h3 h4 v0 v2
    = v2 h4 h3 v2 h2 h4 h4 h2 h3 h4 v0 v2
    = v2 h4 v1 h3 h2 h4 h4 h2 h3 h4 v0 v2
    = v2 v0 h4 h3 h2 h4 h4 h2 h3 h4 v0 v2
    = v2 v0 h4 h3 h2 h2 h3 h4 v0 v2
    = v2 v0 h4 h3 h3 h4 v0 v2
    = v2 v0 h4 h4 v0 v2
    = v2 v0 v0 v2
    = v2 v2
    = 1
  (R) v|h4324 = r^-1, v|h432324 = r^-2, r = v|h4234
  (K) v0210|h inverts v|h432324:
    v0 v2 v1 v0 h4 h3 h2 h3 h2 h4 v0 v1 v2 v0 h4 h3 h2 h3 h2 h4
    = v0 v2 v1 v0 h4 h3 h2 h3 h2 v1 h4 v1 v2 v0 h4 h3 h2 h3 h2 h4
    = v0 v2 v1 v0 h4 h3 h2 h3 v1 h2 h4 v1 v2 v0 h4 h3 h2 h3 h2 h4
    = v0 v2 v1 v0 h4 h3 h2 v2 h3 h2 h4 v1 v2 v0 h4 h3 h2 h3 h2 h4
    = v0 v2 v1 v0 h4 h3 v2 h2 h3 h2 h4 v1 v2 v0 h4 h3 h2 h3 h2 h4
    = v0 v2 v1 v0 h4 v1 h3 h2 h3 h2 h4 v1 v2 v0 h4 h3 h2 h3 h2 h4
    = v0 v2 v1 v0 v0 h4 h3 h2 h3 h2 h4 v1 v2 v0 h4 h3 h2 h3 h2 h4
    = v0 v2 v1 h4 h3 h2 h3 h2 h4 v1 v2 v0 h4 h3 h2 h3 h2 h4
    = v0 v2 v1 h4 h3 h2 h3 h2 v0 h4 v2 v0 h4 h3 h2 h3 h2 h4
    = v0 v2 v1 h4 h3 h2 h3 v0 h3 h4 v2 v0 h4 h3 h2 h3 h2 h4
    = v0 v2 v1 h4 h3 h2 v0 h2 h3 h4 v2 v0 h4 h3 h2 h3 h2 h4
    = v0 v2 v1 h4 h3 v0 h3 h2 h3 h4 v2 v0 h4 h3 h2 h3 h2 h4
    = v0 v2 v1 h4 v0 h2 h3 h2 h3 h4 v2 v0 h4 h3 h2 h3 h2 h4
    = v0 v2 v1 v1 h4 h2 h3 h2 h3 h4 v2 v0 h4 h3 h2 h3 h2 h4
    = v0 v2 h4 h2 h3 h2 h3 h4 v2 v0 h4 h3 h2 h3 h2 h4
    = v0 v2 h4 h2 h3 h2 h3 v2 h4 v0 h4 h3 h2 h3 h2 h4
    = v0 v2 h4 h2 h3 h2 v1 h3 h4 v0 h4 h3 h2 h3 h2 h4
    = v0 v2 h4 h2 h3 v1 h2 h3 h4 v0 h4 h3 h2 h3 h2 h4
    = v0 v2 h4 h2 v2 h3 h2 h3 h4 v0 h4 h3 h2 h3 h2 h4
    = v0 v2 h4 v2 h2 h3 h2 h3 h4 v0 h4 h3 h2 h3 h2 h4
    = v0 v2 v2 h4 h2 h3 h2 h3 h4 v0 h4 h3 h2 h3 h2 h4
    = v0 h4 h2 h3 h2 h3 h4 v0 h4 h3 h2 h3 h2 h4
    = v0 h4 h2 h3 h2 h3 v1 h4 h4 h3 h2 h3 h2 h4
    = v0 h4 h2 h3 h2 v2 h3 h4 h4 h3 h2 h3 h2 h4
    = v0 h4 h2 h3 v2 h2 h3 h4 h4 h3 h2 h3 h2 h4
    = v0 h4 h2 v1 h3 h2 h3 h4 h4 h3 h2 h3 h2 h4
    = v0 h4 v1 h2 h3 h2 h3 h4 h4 h3 h2 h3 h2 h4
    = v0 v0 h4 h2 h3 h2 h3 h4 h4 h3 h2 h3 h2 h4
    = h4 h2 h3 h2 h3 h4 h4 h3 h2 h3 h2 h4
    = h4 h2 h3 h2 h3 h3 h2 h3 h2 h4
    = h4 h2 h3 h2 h2 h3 h2 h4
    = h4 h2 h3 h3 h2 h4
    = h4 h2 h2 h4
    = h4 h4
    = 1
  (K) v|h23 inverts v0210|h:
    h2 h3 v0 v2 v1 v0 h3 h2 v0 v2 v1 v0
    = h2 v0 h2 v2 v1 v0 h3 h2 v0 v2 v1 v0
    = v0 h3 h2 v2 v1 v0 h3 h2 v0 v2 v1 v0
    = v0 h3 v2 h2 v1 v0 h3 h2 v0 v2 v1 v0
    = v0 v1 h3 h2 v1 v0 h3 h2 v0 v2 v1 v0
    = v0 v1 h3 v1 h2 v0 h3 h2 v0 v2 v1 v0
    = v0 v1 v2 h3 h2 v0 h3 h2 v0 v2 v1 v0
    = v0 v1 v2 h3 v0 h3 h3 h2 v0 v2 v1 v0
    = v0 v1 v2 v0 h2 h3 h3 h2 v0 v2 v1 v0
    = v0 v1 v2 v0 h2 h2 v0 v2 v1 v0
    = v0 v1 v2 v0 v0 v2 v1 v0
    = v0 v1 v2 v2 v1 v0
    = v0 v1 v1 v0
    = v0 v0
    = 1
  (R) v|h23 = r^1, v|h2323 = r^2, r = v|h23
  (K) v02|h inverts v|h2323:
    v0 v2 h2 h3 h2 h3 v2 v0 h2 h3 h2 h3
    = v0 v2 h2 h3 h2 v1 h3 v0 h2 h3 h2 h3
    = v0 v2 h2 h3 v1 h2 h3 v0 h2 h3 h2 h3
    = v0 v2 h2 v2 h3 h2 h3 v0 h2 h3 h2 h3
    = v0 v2 v2 h2 h3 h2 h3 v0 h2 h3 h2 h3
    = v0 h2 h3 h2 h3 v0 h2 h3 h2 h3
    = v0 h2 h3 h2 v0 h2 h2 h3 h2 h3
    = v0 h2 h3 v0 h3 h2 h2 h3 h2 h3
    = v0 h2 v0 h2 h3 h2 h2 h3 h2 h3
    = v0 v0 h3 h2 h3 h2 h2 h3 h2 h3
    = h3 h2 h3 h2 h2 h3 h2 h3
    = h3 h2 h3 h3 h2 h3
    = h3 h2 h2 h3
    = h3 h3
    = 1
class 344 chain of length 6 with 4 inverting steps verified: Gamma^+ is not left-orderable
  (R) v0210|h = r^-1, v012120|h = r^2, r = v0120|h
  (K) v|h113211 inverts v012120|h:
    h1 h1 h3 h2 h1 h1 v0 v1 v2 v1 v2 v0 h0 h0 h2 h3 h0 h0 v0 v1 v2 v1 v2 v0
    = h1 h1 h3 h2 h1 v0 h1 v1 v2 v1 v2 v0 h0 h0 h2 h3 h0 h0 v0 v1 v2 v1 v2 v0
    = h1 h1 h3 h2 v0 h1 h1 v1 v2 v1 v2 v0 h0 h0 h2 h3 h0 h0 v0 v1 v2 v1 v2 v0
    = h1 h1 h3 v0 h2 h1 h1 v1 v2 v1 v2 v0 h0 h0 h2 h3 h0 h0 v0 v1 v2 v1 v2 v0
    = h1 h1 v0 h4 h2 h1 h1 v1 v2 v1 v2 v0 h0 h0 h2 h3 h0 h0 v0 v1 v2 v1 v2 v0
    = h1 v0 h1 h4 h2 h1 h1 v1 v2 v1 v2 v0 h0 h0 h2 h3 h0 h0 v0 v1 v2 v1 v2 v0
    = v0 h1 h1 h4 h2 h1 h1 v1 v2 v1 v2 v0 h0 h0 h2 h3 h0 h0 v0 v1 v2 v1 v2 v0
    = v0 h1 h1 h4 h2 h1 v2 h3 v2 v1 v2 v0 h0 h0 h2 h3 h0 h0 v0 v1 v2 v1 v2 v0
    = v0 h1 h1 h4 h2 v1 h2 h3 v2 v1 v2 v0 h0 h0 h2 h3 h0 h0 v0 v1 v2 v1 v2 v0
    = v0 h1 h1 h4 v2 h0 h2 h3 v2 v1 v2 v0 h0 h0 h2 h3 h0 h0 v0 v1 v2 v1 v2 v0
    = v0 h1 h1 v2 h4 h0 h2 h3 v2 v1 v2 v0 h0 h0 h2 h3 h0 h0 v0 v1 v2 v1 v2 v0
    = v0 h1 v1 h2 h4 h0 h2 h3 v2 v1 v2 v0 h0 h0 h2 h3 h0 h0 v0 v1 v2 v1 v2 v0
    = v0 v2 h3 h2 h4 h0 h2 h3 v2 v1 v2 v0 h0 h0 h2 h3 h0 h0 v0 v1 v2 v1 v2 v0
    = v0 v2 h3 h2 h4 h0 h2 v1 h0 v1 v2 v0 h0 h0 h2 h3 h0 h0 v0 v1 v2 v1 v2 v0
    = v0 v2 h3 h2 h4 h0 v2 h0 h0 v1 v2 v0 h0 h0 h2 h3 h0 h0 v0 v1 v2 v1 v2 v0
    = v0 v2 h3 h2 h4 v1 h3 h0 h0 v1 v2 v0 h0 h0 h2 h3 h0 h0 v0 v1 v2 v1 v2 v0
    = v0 v2 h3 h2 v1 h4 h3 h0 h0 v1 v2 v0 h0 h0 h2 h3 h0 h0 v0 v1 v2 v1 v2 v0
    = v0 v2 h3 v2 h0 h4 h3 h0 h0 v1 v2 v0 h0 h0 h2 h3 h0 h0 v0 v1 v2 v1 v2 v0
    = v0 v2 v1 h0 h0 h4 h3 h0 h0 v1 v2 v0 h0 h0 h2 h3 h0 h0 v0 v1 v2 v1 v2 v0
    = v0 v2 v1 h0 h0 h4 h3 h0 v2 h2 v2 v0 h0 h0 h2 h3 h0 h0 v0 v1 v2 v1 v2 v0
    = v0 v2 v1 h0 h0 h4 h3 v1 h3 h2 v2 v0 h0 h0 h2 h3 h0 h0 v0 v1 v2 v1 v2 v0
    = v0 v2 v1 h0 h0 h4 v2 h1 h3 h2 v2 v0 h0 h0 h2 h3 h0 h0 v0 v1 v2 v1 v2 v0
    = v0 v2 v1 h0 h0 v2 h4 h1 h3 h2 v2 v0 h0 h0 h2 h3 h0 h0 v0 v1 v2 v1 v2 v0
    = v0 v2 v1 h0 v1 h3 h4 h1 h3 h2 v2 v0 h0 h0 h2 h3 h0 h0 v0 v1 v2 v1 v2 v0
    = v0 v2 v1 v2 h2 h3 h4 h1 h3 h2 v2 v0 h0 h0 h2 h3 h0 h0 v0 v1 v2 v1 v2 v0
    = v0 v2 v1 v2 h2 h3 h4 h1 h3 v1 h1 v0 h0 h0 h2 h3 h0 h0 v0 v1 v2 v1 v2 v0
    = v0 v2 v1 v2 h2 h3 h4 h1 v2 h1 h1 v0 h0 h0 h2 h3 h0 h0 v0 v1 v2 v1 v2 v0
    = v0 v2 v1 v2 h2 h3 h4 v1 h2 h1 h1 v0 h0 h0 h2 h3 h0 h0 v0 v1 v2 v1 v2 v0
    = v0 v2 v1 v2 h2 h3 v1 h4 h2 h1 h1 v0 h0 h0 h2 h3 h0 h0 v0 v1 v2 v1 v2 v0
    = v0 v2 v1 v2 h2 v2 h1 h4 h2 h1 h1 v0 h0 h0 h2 h3 h0 h0 v0 v1 v2 v1 v2 v0
    = v0 v2 v1 v2 v1 h1 h1 h4 h2 h1 h1 v0 h0 h0 h2 h3 h0 h0 v0 v1 v2 v1 v2 v0
    = v0 v2 v1 v2 v1 h1 h1 h4 h2 h1 v0 h1 h0 h0 h2 h3 h0 h0 v0 v1 v2 v1 v2 v0
    = v0 v2 v1 v2 v1 h1 h1 h4 h2 v0 h1 h1 h0 h0 h2 h3 h0 h0 v0 v1 v2 v1 v2 v0
    = v0 v2 v1 v2 v1 h1 h1 h4 v0 h2 h1 h1 h0 h0 h2 h3 h0 h0 v0 v1 v2 v1 v2 v0
    = v0 v2 v1 v2 v1 h1 h1 v0 h3 h2 h1 h1 h0 h0 h2 h3 h0 h0 v0 v1 v2 v1 v2 v0
    = v0 v2 v1 v2 v1 h1 v0 h1 h3 h2 h1 h1 h0 h0 h2 h3 h0 h0 v0 v1 v2 v1 v2 v0
    = v0 v2 v1 v2 v1 v0 h1 h1 h3 h2 h1 h1 h0 h0 h2 h3 h0 h0 v0 v1 v2 v1 v2 v0
    = v0 v2 v1 v2 v1 v0 h1 h1 h3 h2 h1 h0 h2 h3 h0 h0 v0 v1 v2 v1 v2 v0
    = v0 v2 v1 v2 v1 v0 h1 h1 h3 h2 h2 h3 h0 h0 v0 v1 v2 v1 v2 v0
    = v0 v2 v1 v2 v1 v0 h1 h1 h3 h3 h0 h0 v0 v1 v2 v1 v2 v0
    = v0 v2 v1 v2 v1 v0 h1 h1 h0 h0 v0 v1 v2 v1 v2 v0
    = v0 v2 v1 v2 v1 v0 h1 h0 v0 v1 v2 v1 v2 v0
    = v0 v2 v1 v2 v1 v0 v0 v1 v2 v1 v2 v0
    = v0 v2 v1 v2 v1 v1 v2 v1 v2 v0
    = v0 v2 v1 v2 v2 v1 v2 v0
    = v0 v2 v1 v1 v2 v0
    = v0 v2 v2 v0
    = v0 v0
    = 1
  (K) v12|h inverts v|h113211:
    v1 v2 h1 h1 h3 h2 h1 h1 v2 v1 h1 h1 h3 h2 h1 h1
    = v1 v2 h1 h1 h3 h2 h1 v1 h2 v1 h1 h1 h3 h2 h1 h1
    = v1 v2 h1 h1 h3 h2 v2 h3 h2 v1 h1 h1 h3 h2 h1 h1
    = v1 v2 h1 h1 h3 v1 h1 h3 h2 v1 h1 h1 h3 h2 h1 h1
    = v1 v2 h1 h1 v2 h1 h1 h3 h2 v1 h1 h1 h3 h2 h1 h1
    = v1 v2 h1 v1 h2 h1 h1 h3 h2 v1 h1 h1 h3 h2 h1 h1
    = v1 v2 v2 h3 h2 h1 h1 h3 h2 v1 h1 h1 h3 h2 h1 h1
    = v1 h3 h2 h1 h1 h3 h2 v1 h1 h1 h3 h2 h1 h1
    = v1 h3 h2 h1 h1 h3 v2 h0 h1 h1 h3 h2 h1 h1
    = v1 h3 h2 h1 h1 v1 h0 h0 h1 h1 h3 h2 h1 h1
    = v1 h3 h2 h1 v2 h3 h0 h0 h1 h1 h3 h2 h1 h1
    = v1 h3 h2 v1 h2 h3 h0 h0 h1 h1 h3 h2 h1 h1
    = v1 h3 v2 h0 h2 h3 h0 h0 h1 h1 h3 h2 h1 h1
    = v1 v1 h0 h0 h2 h3 h0 h0 h1 h1 h3 h2 h1 h1
    = h0 h0 h2 h3 h0 h0 h1 h1 h3 h2 h1 h1
    = h0 h0 h2 h3 h0 h1 h3 h2 h1 h1
    = h0 h0 h2 h3 h3 h2 h1 h1
    = h0 h0 h2 h2 h1 h1
    = h0 h0 h1 h1
    = h0 h1
    = 1
  (R) v12|h = r^1, v2121|h = r^-2, r = v12|h
  (K) v|h002400 inverts v2121|h:
    h0 h0 h2 h4 h0 h0 v2 v1 v2 v1 h1 h1 h4 h2 h1 h1 v2 v1 v2 v1
    = h0 h0 h2 h4 h0 v1 h3 v1 v2 v1 h1 h1 h4 h2 h1 h1 v2 v1 v2 v1
    = h0 h0 h2 h4 v2 h2 h3 v1 v2 v1 h1 h1 h4 h2 h1 h1 v2 v1 v2 v1
    = h0 h0 h2 v2 h4 h2 h3 v1 v2 v1 h1 h1 h4 h2 h1 h1 v2 v1 v2 v1
    = h0 h0 v1 h1 h4 h2 h3 v1 v2 v1 h1 h1 h4 h2 h1 h1 v2 v1 v2 v1
    = h0 v2 h2 h1 h4 h2 h3 v1 v2 v1 h1 h1 h4 h2 h1 h1 v2 v1 v2 v1
    = v1 h3 h2 h1 h4 h2 h3 v1 v2 v1 h1 h1 h4 h2 h1 h1 v2 v1 v2 v1
    = v1 h3 h2 h1 h4 h2 v2 h1 v2 v1 h1 h1 h4 h2 h1 h1 v2 v1 v2 v1
    = v1 h3 h2 h1 h4 v1 h1 h1 v2 v1 h1 h1 h4 h2 h1 h1 v2 v1 v2 v1
    = v1 h3 h2 h1 v1 h4 h1 h1 v2 v1 h1 h1 h4 h2 h1 h1 v2 v1 v2 v1
    = v1 h3 h2 v2 h3 h4 h1 h1 v2 v1 h1 h1 h4 h2 h1 h1 v2 v1 v2 v1
    = v1 h3 v1 h1 h3 h4 h1 h1 v2 v1 h1 h1 h4 h2 h1 h1 v2 v1 v2 v1
    = v1 v2 h1 h1 h3 h4 h1 h1 v2 v1 h1 h1 h4 h2 h1 h1 v2 v1 v2 v1
    = v1 v2 h1 h1 h3 h4 h1 v1 h2 v1 h1 h1 h4 h2 h1 h1 v2 v1 v2 v1
    = v1 v2 h1 h1 h3 h4 v2 h3 h2 v1 h1 h1 h4 h2 h1 h1 v2 v1 v2 v1
    = v1 v2 h1 h1 h3 v2 h4 h3 h2 v1 h1 h1 h4 h2 h1 h1 v2 v1 v2 v1
    = v1 v2 h1 h1 v1 h0 h4 h3 h2 v1 h1 h1 h4 h2 h1 h1 v2 v1 v2 v1
    = v1 v2 h1 v2 h3 h0 h4 h3 h2 v1 h1 h1 h4 h2 h1 h1 v2 v1 v2 v1
    = v1 v2 v1 h2 h3 h0 h4 h3 h2 v1 h1 h1 h4 h2 h1 h1 v2 v1 v2 v1
    = v1 v2 v1 h2 h3 h0 h4 h3 v2 h0 h1 h1 h4 h2 h1 h1 v2 v1 v2 v1
    = v1 v2 v1 h2 h3 h0 h4 v1 h0 h0 h1 h1 h4 h2 h1 h1 v2 v1 v2 v1
    = v1 v2 v1 h2 h3 h0 v1 h4 h0 h0 h1 h1 h4 h2 h1 h1 v2 v1 v2 v1
    = v1 v2 v1 h2 h3 v2 h2 h4 h0 h0 h1 h1 h4 h2 h1 h1 v2 v1 v2 v1
    = v1 v2 v1 h2 v1 h0 h2 h4 h0 h0 h1 h1 h4 h2 h1 h1 v2 v1 v2 v1
    = v1 v2 v1 v2 h0 h0 h2 h4 h0 h0 h1 h1 h4 h2 h1 h1 v2 v1 v2 v1
    = v1 v2 v1 v2 h0 h0 h2 h4 h0 h1 h4 h2 h1 h1 v2 v1 v2 v1
    = v1 v2 v1 v2 h0 h0 h2 h4 h4 h2 h1 h1 v2 v1 v2 v1
    = v1 v2 v1 v2 h0 h0 h2 h2 h1 h1 v2 v1 v2 v1
    = v1 v2 v1 v2 h0 h0 h1 h1 v2 v1 v2 v1
    = v1 v2 v1 v2 h0 h1 v2 v1 v2 v1
    = v1 v2 v1 v2 v2 v1 v2 v1
    = v1 v2 v1 v1 v2 v1
    = v1 v2 v2 v1
    = v1 v1
    = 1
  (K) v0210|h inverts v|h002400:
    v0 v2 v1 v0 h0 h0 h2 h4 h0 h0 v0 v1 v2 v0 h0 h0 h2 h4 h0 h0
    = v0 v2 v1 v0 h0 h0 h2 h4 h0 v0 h0 v1 v2 v0 h0 h0 h2 h4 h0 h0
    = v0 v2 v1 v0 h0 h0 h2 h4 v0 h0 h0 v1 v2 v0 h0 h0 h2 h4 h0 h0
    = v0 v2 v1 v0 h0 h0 h2 v0 h3 h0 h0 v1 v2 v0 h0 h0 h2 h4 h0 h0
    = v0 v2 v1 v0 h0 h0 v0 h2 h3 h0 h0 v1 v2 v0 h0 h0 h2 h4 h0 h0
    = v0 v2 v1 v0 h0 v0 h0 h2 h3 h0 h0 v1 v2 v0 h0 h0 h2 h4 h0 h0
    = v0 v2 v1 v0 v0 h0 h0 h2 h3 h0 h0 v1 v2 v0 h0 h0 h2 h4 h0 h0
    = v0 v2 v1 h0 h0 h2 h3 h0 h0 v1 v2 v0 h0 h0 h2 h4 h0 h0
    = v0 v2 v1 h0 h0 h2 h3 h0 v2 h2 v2 v0 h0 h0 h2 h4 h0 h0
    = v0 v2 v1 h0 h0 h2 h3 v1 h3 h2 v2 v0 h0 h0 h2 h4 h0 h0
    = v0 v2 v1 h0 h0 h2 v2 h1 h3 h2 v2 v0 h0 h0 h2 h4 h0 h0
    = v0 v2 v1 h0 h0 v1 h1 h1 h3 h2 v2 v0 h0 h0 h2 h4 h0 h0
    = v0 v2 v1 h0 v2 h2 h1 h1 h3 h2 v2 v0 h0 h0 h2 h4 h0 h0
    = v0 v2 v1 v1 h3 h2 h1 h1 h3 h2 v2 v0 h0 h0 h2 h4 h0 h0
    = v0 v2 h3 h2 h1 h1 h3 h2 v2 v0 h0 h0 h2 h4 h0 h0
    = v0 v2 h3 h2 h1 h1 h3 v1 h1 v0 h0 h0 h2 h4 h0 h0
    = v0 v2 h3 h2 h1 h1 v2 h1 h1 v0 h0 h0 h2 h4 h0 h0
    = v0 v2 h3 h2 h1 v1 h2 h1 h1 v0 h0 h0 h2 h4 h0 h0
    = v0 v2 h3 h2 v2 h3 h2 h1 h1 v0 h0 h0 h2 h4 h0 h0
    = v0 v2 h3 v1 h1 h3 h2 h1 h1 v0 h0 h0 h2 h4 h0 h0
    = v0 v2 v2 h1 h1 h3 h2 h1 h1 v0 h0 h0 h2 h4 h0 h0
    = v0 h1 h1 h3 h2 h1 h1 v0 h0 h0 h2 h4 h0 h0
    = v0 h1 h1 h3 h2 h1 v0 h1 h0 h0 h2 h4 h0 h0
    = v0 h1 h1 h3 h2 v0 h1 h1 h0 h0 h2 h4 h0 h0
    = v0 h1 h1 h3 v0 h2 h1 h1 h0 h0 h2 h4 h0 h0
    = v0 h1 h1 v0 h4 h2 h1 h1 h0 h0 h2 h4 h0 h0
    = v0 h1 v0 h1 h4 h2 h1 h1 h0 h0 h2 h4 h0 h0
    = v0 v0 h1 h1 h4 h2 h1 h1 h0 h0 h2 h4 h0 h0
    = h1 h1 h4 h2 h1 h1 h0 h0 h2 h4 h0 h0
    = h1 h1 h4 h2 h1 h0 h2 h4 h0 h0
    = h1 h1 h4 h2 h2 h4 h0 h0
    = h1 h1 h4 h4 h0 h0
    = h1 h1 h0 h0
    = h1 h0
    = 1
class 364 chain of length 6 with 4 inverting steps verified: Gamma^+ is not left-orderable
  (R) v20|h = r^-1, v2020|h = r^-2, r = v02|h
  (K) v|h004211 inverts v2020|h:
    h0 h0 h4 h2 h1 h1 v2 v0 v2 v0 h0 h0 h2 h4 h1 h1 v2 v0 v2 v0
    = h0 h0 h4 h2 h1 v2 h0 v0 v2 v0 h0 h0 h2 h4 h1 h1 v2 v0 v2 v0
    = h0 h0 h4 h2 v2 h0 h0 v0 v2 v0 h0 h0 h2 h4 h1 h1 v2 v0 v2 v0
    = h0 h0 h4 v2 h3 h0 h0 v0 v2 v0 h0 h0 h2 h4 h1 h1 v2 v0 v2 v0
    = h0 h0 v0 h4 h3 h0 h0 v0 v2 v0 h0 h0 h2 h4 h1 h1 v2 v0 v2 v0
    = h0 v0 h1 h4 h3 h0 h0 v0 v2 v0 h0 h0 h2 h4 h1 h1 v2 v0 v2 v0
    = v0 h1 h1 h4 h3 h0 h0 v0 v2 v0 h0 h0 h2 h4 h1 h1 v2 v0 v2 v0
    = v0 h1 h1 h4 h3 h0 v0 h1 v2 v0 h0 h0 h2 h4 h1 h1 v2 v0 v2 v0
    = v0 h1 h1 h4 h3 v0 h1 h1 v2 v0 h0 h0 h2 h4 h1 h1 v2 v0 v2 v0
    = v0 h1 h1 h4 v0 h3 h1 h1 v2 v0 h0 h0 h2 h4 h1 h1 v2 v0 v2 v0
    = v0 h1 h1 v2 h4 h3 h1 h1 v2 v0 h0 h0 h2 h4 h1 h1 v2 v0 v2 v0
    = v0 h1 v2 h0 h4 h3 h1 h1 v2 v0 h0 h0 h2 h4 h1 h1 v2 v0 v2 v0
    = v0 v2 h0 h0 h4 h3 h1 h1 v2 v0 h0 h0 h2 h4 h1 h1 v2 v0 v2 v0
    = v0 v2 h0 h0 h4 h3 h1 v2 h0 v0 h0 h0 h2 h4 h1 h1 v2 v0 v2 v0
    = v0 v2 h0 h0 h4 h3 v2 h0 h0 v0 h0 h0 h2 h4 h1 h1 v2 v0 v2 v0
    = v0 v2 h0 h0 h4 v2 h2 h0 h0 v0 h0 h0 h2 h4 h1 h1 v2 v0 v2 v0
    = v0 v2 h0 h0 v0 h4 h2 h0 h0 v0 h0 h0 h2 h4 h1 h1 v2 v0 v2 v0
    = v0 v2 h0 v0 h1 h4 h2 h0 h0 v0 h0 h0 h2 h4 h1 h1 v2 v0 v2 v0
    = v0 v2 v0 h1 h1 h4 h2 h0 h0 v0 h0 h0 h2 h4 h1 h1 v2 v0 v2 v0
    = v0 v2 v0 h1 h1 h4 h2 h0 v0 h1 h0 h0 h2 h4 h1 h1 v2 v0 v2 v0
    = v0 v2 v0 h1 h1 h4 h2 v0 h1 h1 h0 h0 h2 h4 h1 h1 v2 v0 v2 v0
    = v0 v2 v0 h1 h1 h4 v0 h2 h1 h1 h0 h0 h2 h4 h1 h1 v2 v0 v2 v0
    = v0 v2 v0 h1 h1 v2 h4 h2 h1 h1 h0 h0 h2 h4 h1 h1 v2 v0 v2 v0
    = v0 v2 v0 h1 v2 h0 h4 h2 h1 h1 h0 h0 h2 h4 h1 h1 v2 v0 v2 v0
    = v0 v2 v0 v2 h0 h0 h4 h2 h1 h1 h0 h0 h2 h4 h1 h1 v2 v0 v2 v0
    = v0 v2 v0 v2 h0 h0 h4 h2 h1 h0 h2 h4 h1 h1 v2 v0 v2 v0
    = v0 v2 v0 v2 h0 h0 h4 h2 h2 h4 h1 h1 v2 v0 v2 v0
    = v0 v2 v0 v2 h0 h0 h4 h4 h1 h1 v2 v0 v2 v0
    = v0 v2 v0 v2 h0 h0 h1 h1 v2 v0 v2 v0
    = v0 v2 v0 v2 h0 h1 v2 v0 v2 v0
    = v0 v2 v0 v2 v2 v0 v2 v0
    = v0 v2 v0 v0 v2 v0
    = v0 v2 v2 v0
    = v0 v0
    = 1
  (K) v1021|h inverts v|h004211:
    v1 v0 v2 v1 h0 h0 h4 h2 h1 h1 v1 v2 v0 v1 h0 h0 h4 h2 h1 h1
    = v1 v0 v2 v1 h0 h0 h4 h2 h1 v1 h0 v2 v0 v1 h0 h0 h4 h2 h1 h1
    = v1 v0 v2 v1 h0 h0 h4 h2 v1 h0 h0 v2 v0 v1 h0 h0 h4 h2 h1 h1
    = v1 v0 v2 v1 h0 h0 h4 v1 h2 h0 h0 v2 v0 v1 h0 h0 h4 h2 h1 h1
    = v1 v0 v2 v1 h0 h0 v1 h3 h2 h0 h0 v2 v0 v1 h0 h0 h4 h2 h1 h1
    = v1 v0 v2 v1 h0 v1 h1 h3 h2 h0 h0 v2 v0 v1 h0 h0 h4 h2 h1 h1
    = v1 v0 v2 v1 v1 h1 h1 h3 h2 h0 h0 v2 v0 v1 h0 h0 h4 h2 h1 h1
    = v1 v0 v2 h1 h1 h3 h2 h0 h0 v2 v0 v1 h0 h0 h4 h2 h1 h1
    = v1 v0 v2 h1 h1 h3 h2 h0 v2 h1 v0 v1 h0 h0 h4 h2 h1 h1
    = v1 v0 v2 h1 h1 h3 h2 v2 h1 h1 v0 v1 h0 h0 h4 h2 h1 h1
    = v1 v0 v2 h1 h1 h3 v2 h3 h1 h1 v0 v1 h0 h0 h4 h2 h1 h1
    = v1 v0 v2 h1 h1 v2 h2 h3 h1 h1 v0 v1 h0 h0 h4 h2 h1 h1
    = v1 v0 v2 h1 v2 h0 h2 h3 h1 h1 v0 v1 h0 h0 h4 h2 h1 h1
    = v1 v0 v2 v2 h0 h0 h2 h3 h1 h1 v0 v1 h0 h0 h4 h2 h1 h1
    = v1 v0 h0 h0 h2 h3 h1 h1 v0 v1 h0 h0 h4 h2 h1 h1
    = v1 v0 h0 h0 h2 h3 h1 v0 h0 v1 h0 h0 h4 h2 h1 h1
    = v1 v0 h0 h0 h2 h3 v0 h0 h0 v1 h0 h0 h4 h2 h1 h1
    = v1 v0 h0 h0 h2 v0 h3 h0 h0 v1 h0 h0 h4 h2 h1 h1
    = v1 v0 h0 h0 v0 h2 h3 h0 h0 v1 h0 h0 h4 h2 h1 h1
    = v1 v0 h0 v0 h1 h2 h3 h0 h0 v1 h0 h0 h4 h2 h1 h1
    = v1 v0 v0 h1 h1 h2 h3 h0 h0 v1 h0 h0 h4 h2 h1 h1
    = v1 h1 h1 h2 h3 h0 h0 v1 h0 h0 h4 h2 h1 h1
    = v1 h1 h1 h2 h3 h0 v1 h1 h0 h0 h4 h2 h1 h1
    = v1 h1 h1 h2 h3 v1 h1 h1 h0 h0 h4 h2 h1 h1
    = v1 h1 h1 h2 v1 h4 h1 h1 h0 h0 h4 h2 h1 h1
    = v1 h1 h1 v1 h2 h4 h1 h1 h0 h0 h4 h2 h1 h1
    = v1 h1 v1 h0 h2 h4 h1 h1 h0 h0 h4 h2 h1 h1
    = v1 v1 h0 h0 h2 h4 h1 h1 h0 h0 h4 h2 h1 h1
    = h0 h0 h2 h4 h1 h1 h0 h0 h4 h2 h1 h1
    = h0 h0 h2 h4 h1 h0 h4 h2 h1 h1
    = h0 h0 h2 h4 h4 h2 h1 h1
    = h0 h0 h2 h2 h1 h1
    = h0 h0 h1 h1
    = h0 h1
    = 1
  (R) v1021|h = r^1, v102021|h = r^2, r = v1021|h
  (K) v|h003211 inverts v102021|h:
    h0 h0 h3 h2 h1 h1 v1 v0 v2 v0 v2 v1 h0 h0 h2 h3 h1 h1 v1 v0 v2 v0 v2 v1
    = h0 h0 h3 h2 h1 v1 h0 v0 v2 v0 v2 v1 h0 h0 h2 h3 h1 h1 v1 v0 v2 v0 v2 v1
    = h0 h0 h3 h2 v1 h0 h0 v0 v2 v0 v2 v1 h0 h0 h2 h3 h1 h1 v1 v0 v2 v0 v2 v1
    = h0 h0 h3 v1 h2 h0 h0 v0 v2 v0 v2 v1 h0 h0 h2 h3 h1 h1 v1 v0 v2 v0 v2 v1
    = h0 h0 v1 h4 h2 h0 h0 v0 v2 v0 v2 v1 h0 h0 h2 h3 h1 h1 v1 v0 v2 v0 v2 v1
    = h0 v1 h1 h4 h2 h0 h0 v0 v2 v0 v2 v1 h0 h0 h2 h3 h1 h1 v1 v0 v2 v0 v2 v1
    = v1 h1 h1 h4 h2 h0 h0 v0 v2 v0 v2 v1 h0 h0 h2 h3 h1 h1 v1 v0 v2 v0 v2 v1
    = v1 h1 h1 h4 h2 h0 v0 h1 v2 v0 v2 v1 h0 h0 h2 h3 h1 h1 v1 v0 v2 v0 v2 v1
    = v1 h1 h1 h4 h2 v0 h1 h1 v2 v0 v2 v1 h0 h0 h2 h3 h1 h1 v1 v0 v2 v0 v2 v1
    = v1 h1 h1 h4 v0 h2 h1 h1 v2 v0 v2 v1 h0 h0 h2 h3 h1 h1 v1 v0 v2 v0 v2 v1
    = v1 h1 h1 v2 h4 h2 h1 h1 v2 v0 v2 v1 h0 h0 h2 h3 h1 h1 v1 v0 v2 v0 v2 v1
    = v1 h1 v2 h0 h4 h2 h1 h1 v2 v0 v2 v1 h0 h0 h2 h3 h1 h1 v1 v0 v2 v0 v2 v1
    = v1 v2 h0 h0 h4 h2 h1 h1 v2 v0 v2 v1 h0 h0 h2 h3 h1 h1 v1 v0 v2 v0 v2 v1
    = v1 v2 h0 h0 h4 h2 h1 v2 h0 v0 v2 v1 h0 h0 h2 h3 h1 h1 v1 v0 v2 v0 v2 v1
    = v1 v2 h0 h0 h4 h2 v2 h0 h0 v0 v2 v1 h0 h0 h2 h3 h1 h1 v1 v0 v2 v0 v2 v1
    = v1 v2 h0 h0 h4 v2 h3 h0 h0 v0 v2 v1 h0 h0 h2 h3 h1 h1 v1 v0 v2 v0 v2 v1
    = v1 v2 h0 h0 v0 h4 h3 h0 h0 v0 v2 v1 h0 h0 h2 h3 h1 h1 v1 v0 v2 v0 v2 v1
    = v1 v2 h0 v0 h1 h4 h3 h0 h0 v0 v2 v1 h0 h0 h2 h3 h1 h1 v1 v0 v2 v0 v2 v1
    = v1 v2 v0 h1 h1 h4 h3 h0 h0 v0 v2 v1 h0 h0 h2 h3 h1 h1 v1 v0 v2 v0 v2 v1
    = v1 v2 v0 h1 h1 h4 h3 h0 v0 h1 v2 v1 h0 h0 h2 h3 h1 h1 v1 v0 v2 v0 v2 v1
    = v1 v2 v0 h1 h1 h4 h3 v0 h1 h1 v2 v1 h0 h0 h2 h3 h1 h1 v1 v0 v2 v0 v2 v1
    = v1 v2 v0 h1 h1 h4 v0 h3 h1 h1 v2 v1 h0 h0 h2 h3 h1 h1 v1 v0 v2 v0 v2 v1
    = v1 v2 v0 h1 h1 v2 h4 h3 h1 h1 v2 v1 h0 h0 h2 h3 h1 h1 v1 v0 v2 v0 v2 v1
    = v1 v2 v0 h1 v2 h0 h4 h3 h1 h1 v2 v1 h0 h0 h2 h3 h1 h1 v1 v0 v2 v0 v2 v1
    = v1 v2 v0 v2 h0 h0 h4 h3 h1 h1 v2 v1 h0 h0 h2 h3 h1 h1 v1 v0 v2 v0 v2 v1
    = v1 v2 v0 v2 h0 h0 h4 h3 h1 v2 h0 v1 h0 h0 h2 h3 h1 h1 v1 v0 v2 v0 v2 v1
    = v1 v2 v0 v2 h0 h0 h4 h3 v2 h0 h0 v1 h0 h0 h2 h3 h1 h1 v1 v0 v2 v0 v2 v1
    = v1 v2 v0 v2 h0 h0 h4 v2 h2 h0 h0 v1 h0 h0 h2 h3 h1 h1 v1 v0 v2 v0 v2 v1
    = v1 v2 v0 v2 h0 h0 v0 h4 h2 h0 h0 v1 h0 h0 h2 h3 h1 h1 v1 v0 v2 v0 v2 v1
    = v1 v2 v0 v2 h0 v0 h1 h4 h2 h0 h0 v1 h0 h0 h2 h3 h1 h1 v1 v0 v2 v0 v2 v1
    = v1 v2 v0 v2 v0 h1 h1 h4 h2 h0 h0 v1 h0 h0 h2 h3 h1 h1 v1 v0 v2 v0 v2 v1
    = v1 v2 v0 v2 v0 h1 h1 h4 h2 h0 v1 h1 h0 h0 h2 h3 h1 h1 v1 v0 v2 v0 v2 v1
    = v1 v2 v0 v2 v0 h1 h1 h4 h2 v1 h1 h1 h0 h0 h2 h3 h1 h1 v1 v0 v2 v0 v2 v1
    = v1 v2 v0 v2 v0 h1 h1 h4 v1 h2 h1 h1 h0 h0 h2 h3 h1 h1 v1 v0 v2 v0 v2 v1
    = v1 v2 v0 v2 v0 h1 h1 v1 h3 h2 h1 h1 h0 h0 h2 h3 h1 h1 v1 v0 v2 v0 v2 v1
    = v1 v2 v0 v2 v0 h1 v1 h0 h3 h2 h1 h1 h0 h0 h2 h3 h1 h1 v1 v0 v2 v0 v2 v1
    = v1 v2 v0 v2 v0 v1 h0 h0 h3 h2 h1 h1 h0 h0 h2 h3 h1 h1 v1 v0 v2 v0 v2 v1
    = v1 v2 v0 v2 v0 v1 h0 h0 h3 h2 h1 h0 h2 h3 h1 h1 v1 v0 v2 v0 v2 v1
    = v1 v2 v0 v2 v0 v1 h0 h0 h3 h2 h2 h3 h1 h1 v1 v0 v2 v0 v2 v1
    = v1 v2 v0 v2 v0 v1 h0 h0 h3 h3 h1 h1 v1 v0 v2 v0 v2 v1
    = v1 v2 v0 v2 v0 v1 h0 h0 h1 h1 v1 v0 v2 v0 v2 v1
    = v1 v2 v0 v2 v0 v1 h0 h1 v1 v0 v2 v0 v2 v1
    = v1 v2 v0 v2 v0 v1 v1 v0 v2 v0 v2 v1
    = v1 v2 v0 v2 v0 v0 v2 v0 v2 v1
    = v1 v2 v0 v2 v2 v0 v2 v1
    = v1 v2 v0 v0 v2 v1
    = v1 v2 v2 v1
    = v1 v1
    = 1
  (K) v20|h inverts v|h003211:
    v2 v0 h0 h0 h3 h2 h1 h1 v0 v2 h0 h0 h3 h2 h1 h1
    = v2 v0 h0 h0 h3 h2 h1 v0 h0 v2 h0 h0 h3 h2 h1 h1
    = v2 v0 h0 h0 h3 h2 v0 h0 h0 v2 h0 h0 h3 h2 h1 h1
    = v2 v0 h0 h0 h3 v0 h2 h0 h0 v2 h0 h0 h3 h2 h1 h1
    = v2 v0 h0 h0 v0 h3 h2 h0 h0 v2 h0 h0 h3 h2 h1 h1
    = v2 v0 h0 v0 h1 h3 h2 h0 h0 v2 h0 h0 h3 h2 h1 h1
    = v2 v0 v0 h1 h1 h3 h2 h0 h0 v2 h0 h0 h3 h2 h1 h1
    = v2 h1 h1 h3 h2 h0 h0 v2 h0 h0 h3 h2 h1 h1
    = v2 h1 h1 h3 h2 h0 v2 h1 h0 h0 h3 h2 h1 h1
    = v2 h1 h1 h3 h2 v2 h1 h1 h0 h0 h3 h2 h1 h1
    = v2 h1 h1 h3 v2 h3 h1 h1 h0 h0 h3 h2 h1 h1
    = v2 h1 h1 v2 h2 h3 h1 h1 h0 h0 h3 h2 h1 h1
    = v2 h1 v2 h0 h2 h3 h1 h1 h0 h0 h3 h2 h1 h1
    = v2 v2 h0 h0 h2 h3 h1 h1 h0 h0 h3 h2 h1 h1
    = h0 h0 h2 h3 h1 h1 h0 h0 h3 h2 h1 h1
    = h0 h0 h2 h3 h1 h0 h3 h2 h1 h1
    = h0 h0 h2 h3 h3 h2 h1 h1
    = h0 h0 h2 h2 h1 h1
    = h0 h0 h1 h1
    = h0 h1
    = 1
class 383 chain of length 6 with 4 inverting steps verified: Gamma^+ is not left-orderable
  (K) v|h4324 inverts v02|h:
    h4 h3 h2 h4 v0 v2 h4 h2 h3 h4 v0 v2
    = h4 h3 h2 v0 h4 v2 h4 h2 h3 h4 v0 v2
    = h4 h3 v0 h2 h4 v2 h4 h2 h3 h4 v0 v2
    = h4 v1 h3 h2 h4 v2 h4 h2 h3 h4 v0 v2
    = v2 h4 h3 h2 h4 v2 h4 h2 h3 h4 v0 v2
    = v2 h4 h3 h2 v1 h4 h4 h2 h3 h4 v0 v2
    = v2 h4 h3 v1 h2 h4 h4 h2 h3 h4 v0 v2
    = v2 h4 v0 h3 h2 h4 h4 h2 h3 h4 v0 v2
    = v2 v0 h4 h3 h2 h4 h4 h2 h3 h4 v0 v2
    = v2 v0 h4 h3 h2 h2 h3 h4 v0 v2
    = v2 v0 h4 h3 h3 h4 v0 v2
    = v2 v0 h4 h4 v0 v2
    = v2 v0 v0 v2
    = v2 v2
    = 1
  (R) v|h4324 = r^-1, v|h432324 = r^-2, r = v|h4234
  (K) v01|h inverts v|h432324:
    v0 v1 h4 h3 h2 h3 h2 h4 v1 v0 h4 h3 h2 h3 h2 h4
    = v0 v1 h4 h3 h2 h3 h2 v2 h4 v0 h4 h3 h2 h3 h2 h4
    = v0 v1 h4 h3 h2 h3 v2 h3 h4 v0 h4 h3 h2 h3 h2 h4
    = v0 v1 h4 h3 h2 v2 h2 h3 h4 v0 h4 h3 h2 h3 h2 h4
    = v0 v1 h4 h3 v2 h3 h2 h3 h4 v0 h4 h3 h2 h3 h2 h4
    = v0 v1 h4 v2 h2 h3 h2 h3 h4 v0 h4 h3 h2 h3 h2 h4
    = v0 v1 v1 h4 h2 h3 h2 h3 h4 v0 h4 h3 h2 h3 h2 h4
    = v0 h4 h2 h3 h2 h3 h4 v0 h4 h3 h2 h3 h2 h4
    = v0 h4 h2 h3 h2 h3 v0 h4 h4 h3 h2 h3 h2 h4
    = v0 h4 h2 h3 h2 v1 h3 h4 h4 h3 h2 h3 h2 h4
    = v0 h4 h2 h3 v1 h2 h3 h4 h4 h3 h2 h3 h2 h4
    = v0 h4 h2 v0 h3 h2 h3 h4 h4 h3 h2 h3 h2 h4
    = v0 h4 v0 h2 h3 h2 h3 h4 h4 h3 h2 h3 h2 h4
    = v0 v0 h4 h2 h3 h2 h3 h4 h4 h3 h2 h3 h2 h4
    = h4 h2 h3 h2 h3 h4 h4 h3 h2 h3 h2 h4
    = h4 h2 h3 h2 h3 h3 h2 h3 h2 h4
    = h4 h2 h3 h2 h2 h3 h2 h4
    = h4 h2 h3 h3 h2 h4
    = h4 h2 h2 h4
    = h4 h4
    = 1
  (K) v|h0321 inverts v01|h:
    h0 h3 h2 h1 v0 v1 h0 h2 h3 h1 v0 v1
    = h0 h3 h2 v0 h0 v1 h0 h2 h3 h1 v0 v1
    = h0 h3 v0 h2 h0 v1 h0 h2 h3 h1 v0 v1
    = h0 v1 h3 h2 h0 v1 h0 h2 h3 h1 v0 v1
    = v1 h1 h3 h2 h0 v1 h0 h2 h3 h1 v0 v1
    = v1 h1 h3 h2 v1 h1 h0 h2 h3 h1 v0 v1
    = v1 h1 h3 v1 h2 h1 h0 h2 h3 h1 v0 v1
    = v1 h1 v0 h3 h2 h1 h0 h2 h3 h1 v0 v1
    = v1 v0 h0 h3 h2 h1 h0 h2 h3 h1 v0 v1
    = v1 v0 h0 h3 h2 h2 h3 h1 v0 v1
    = v1 v0 h0 h3 h3 h1 v0 v1
    = v1 v0 h0 h1 v0 v1
    = v1 v0 v0 v1
    = v1 v1
    = 1
  (R) v|h0321 = r^-1, v|h023231 = r^2, r = v|h0231
  (K) v02|h inverts v|h023231:
    v0 v2 h0 h2 h3 h2 h3 h1 v2 v0 h0 h2 h3 h2 h3 h1
    = v0 v2 h0 h2 h3 h2 h3 v2 h0 v0 h0 h2 h3 h2 h3 h1
    = v0 v2 h0 h2 h3 h2 v2 h2 h0 v0 h0 h2 h3 h2 h3 h1
    = v0 v2 h0 h2 h3 v2 h3 h2 h0 v0 h0 h2 h3 h2 h3 h1
    = v0 v2 h0 h2 v2 h2 h3 h2 h0 v0 h0 h2 h3 h2 h3 h1
    = v0 v2 h0 v2 h3 h2 h3 h2 h0 v0 h0 h2 h3 h2 h3 h1
    = v0 v2 v2 h1 h3 h2 h3 h2 h0 v0 h0 h2 h3 h2 h3 h1
    = v0 h1 h3 h2 h3 h2 h0 v0 h0 h2 h3 h2 h3 h1
    = v0 h1 h3 h2 h3 h2 v0 h1 h0 h2 h3 h2 h3 h1
    = v0 h1 h3 h2 h3 v0 h2 h1 h0 h2 h3 h2 h3 h1
    = v0 h1 h3 h2 v1 h3 h2 h1 h0 h2 h3 h2 h3 h1
    = v0 h1 h3 v1 h2 h3 h2 h1 h0 h2 h3 h2 h3 h1
    = v0 h1 v0 h3 h2 h3 h2 h1 h0 h2 h3 h2 h3 h1
    = v0 v0 h0 h3 h2 h3 h2 h1 h0 h2 h3 h2 h3 h1
    = h0 h3 h2 h3 h2 h1 h0 h2 h3 h2 h3 h1
    = h0 h3 h2 h3 h2 h2 h3 h2 h3 h1
    = h0 h3 h2 h3 h3 h2 h3 h1
    = h0 h3 h2 h2 h3 h1
    = h0 h3 h3 h1
    = h0 h1
    = 1
class 385 chain of length 6 with 4 inverting steps verified: Gamma^+ is not left-orderable
  (R) v10|h = r^-1, v0101|h = r^2, r = v01|h
  (K) v|h141121 inverts v0101|h:
    h1 h4 h1 h1 h2 h1 v0 v1 v0 v1 h0 h2 h0 h0 h4 h0 v0 v1 v0 v1
    = h1 h4 h1 h1 h2 v0 h0 v1 v0 v1 h0 h2 h0 h0 h4 h0 v0 v1 v0 v1
    = h1 h4 h1 h1 v0 h2 h0 v1 v0 v1 h0 h2 h0 h0 h4 h0 v0 v1 v0 v1
    = h1 h4 h1 v0 h0 h2 h0 v1 v0 v1 h0 h2 h0 h0 h4 h0 v0 v1 v0 v1
    = h1 h4 v0 h0 h0 h2 h0 v1 v0 v1 h0 h2 h0 h0 h4 h0 v0 v1 v0 v1
    = h1 v2 h4 h0 h0 h2 h0 v1 v0 v1 h0 h2 h0 h0 h4 h0 v0 v1 v0 v1
    = v1 h1 h4 h0 h0 h2 h0 v1 v0 v1 h0 h2 h0 h0 h4 h0 v0 v1 v0 v1
    = v1 h1 h4 h0 h0 h2 v2 h0 v0 v1 h0 h2 h0 h0 h4 h0 v0 v1 v0 v1
    = v1 h1 h4 h0 h0 v2 h3 h0 v0 v1 h0 h2 h0 h0 h4 h0 v0 v1 v0 v1
    = v1 h1 h4 h0 v1 h0 h3 h0 v0 v1 h0 h2 h0 h0 h4 h0 v0 v1 v0 v1
    = v1 h1 h4 v2 h0 h0 h3 h0 v0 v1 h0 h2 h0 h0 h4 h0 v0 v1 v0 v1
    = v1 h1 v0 h4 h0 h0 h3 h0 v0 v1 h0 h2 h0 h0 h4 h0 v0 v1 v0 v1
    = v1 v0 h0 h4 h0 h0 h3 h0 v0 v1 h0 h2 h0 h0 h4 h0 v0 v1 v0 v1
    = v1 v0 h0 h4 h0 h0 h3 v0 h1 v1 h0 h2 h0 h0 h4 h0 v0 v1 v0 v1
    = v1 v0 h0 h4 h0 h0 v0 h3 h1 v1 h0 h2 h0 h0 h4 h0 v0 v1 v0 v1
    = v1 v0 h0 h4 h0 v0 h1 h3 h1 v1 h0 h2 h0 h0 h4 h0 v0 v1 v0 v1
    = v1 v0 h0 h4 v0 h1 h1 h3 h1 v1 h0 h2 h0 h0 h4 h0 v0 v1 v0 v1
    = v1 v0 h0 v2 h4 h1 h1 h3 h1 v1 h0 h2 h0 h0 h4 h0 v0 v1 v0 v1
    = v1 v0 v1 h0 h4 h1 h1 h3 h1 v1 h0 h2 h0 h0 h4 h0 v0 v1 v0 v1
    = v1 v0 v1 h0 h4 h1 h1 h3 v2 h1 h0 h2 h0 h0 h4 h0 v0 v1 v0 v1
    = v1 v0 v1 h0 h4 h1 h1 v2 h2 h1 h0 h2 h0 h0 h4 h0 v0 v1 v0 v1
    = v1 v0 v1 h0 h4 h1 v1 h1 h2 h1 h0 h2 h0 h0 h4 h0 v0 v1 v0 v1
    = v1 v0 v1 h0 h4 v2 h1 h1 h2 h1 h0 h2 h0 h0 h4 h0 v0 v1 v0 v1
    = v1 v0 v1 h0 v0 h4 h1 h1 h2 h1 h0 h2 h0 h0 h4 h0 v0 v1 v0 v1
    = v1 v0 v1 v0 h1 h4 h1 h1 h2 h1 h0 h2 h0 h0 h4 h0 v0 v1 v0 v1
    = v1 v0 v1 v0 h1 h4 h1 h1 h2 h2 h0 h0 h4 h0 v0 v1 v0 v1
    = v1 v0 v1 v0 h1 h4 h1 h1 h0 h0 h4 h0 v0 v1 v0 v1
    = v1 v0 v1 v0 h1 h4 h1 h0 h4 h0 v0 v1 v0 v1
    = v1 v0 v1 v0 h1 h4 h4 h0 v0 v1 v0 v1
    = v1 v0 v1 v0 h1 h0 v0 v1 v0 v1
    = v1 v0 v1 v0 v0 v1 v0 v1
    = v1 v0 v1 v1 v0 v1
    = v1 v0 v0 v1
    = v1 v1
    = 1
  (K) v2102|h inverts v|h141121:
    v2 v1 v0 v2 h1 h4 h1 h1 h2 h1 v2 v0 v1 v2 h1 h4 h1 h1 h2 h1
    = v2 v1 v0 v2 h1 h4 h1 h1 h2 v1 h1 v0 v1 v2 h1 h4 h1 h1 h2 h1
    = v2 v1 v0 v2 h1 h4 h1 h1 v1 h2 h1 v0 v1 v2 h1 h4 h1 h1 h2 h1
    = v2 v1 v0 v2 h1 h4 h1 v2 h1 h2 h1 v0 v1 v2 h1 h4 h1 h1 h2 h1
    = v2 v1 v0 v2 h1 h4 v1 h1 h1 h2 h1 v0 v1 v2 h1 h4 h1 h1 h2 h1
    = v2 v1 v0 v2 h1 v1 h3 h1 h1 h2 h1 v0 v1 v2 h1 h4 h1 h1 h2 h1
    = v2 v1 v0 v2 v2 h1 h3 h1 h1 h2 h1 v0 v1 v2 h1 h4 h1 h1 h2 h1
    = v2 v1 v0 h1 h3 h1 h1 h2 h1 v0 v1 v2 h1 h4 h1 h1 h2 h1
    = v2 v1 v0 h1 h3 h1 h1 h2 v0 h0 v1 v2 h1 h4 h1 h1 h2 h1
    = v2 v1 v0 h1 h3 h1 h1 v0 h2 h0 v1 v2 h1 h4 h1 h1 h2 h1
    = v2 v1 v0 h1 h3 h1 v0 h0 h2 h0 v1 v2 h1 h4 h1 h1 h2 h1
    = v2 v1 v0 h1 h3 v0 h0 h0 h2 h0 v1 v2 h1 h4 h1 h1 h2 h1
    = v2 v1 v0 h1 v0 h3 h0 h0 h2 h0 v1 v2 h1 h4 h1 h1 h2 h1
    = v2 v1 v0 v0 h0 h3 h0 h0 h2 h0 v1 v2 h1 h4 h1 h1 h2 h1
    = v2 v1 h0 h3 h0 h0 h2 h0 v1 v2 h1 h4 h1 h1 h2 h1
    = v2 v1 h0 h3 h0 h0 h2 v2 h0 v2 h1 h4 h1 h1 h2 h1
    = v2 v1 h0 h3 h0 h0 v2 h3 h0 v2 h1 h4 h1 h1 h2 h1
    = v2 v1 h0 h3 h0 v1 h0 h3 h0 v2 h1 h4 h1 h1 h2 h1
    = v2 v1 h0 h3 v2 h0 h0 h3 h0 v2 h1 h4 h1 h1 h2 h1
    = v2 v1 h0 v2 h2 h0 h0 h3 h0 v2 h1 h4 h1 h1 h2 h1
    = v2 v1 v1 h0 h2 h0 h0 h3 h0 v2 h1 h4 h1 h1 h2 h1
    = v2 h0 h2 h0 h0 h3 h0 v2 h1 h4 h1 h1 h2 h1
    = v2 h0 h2 h0 h0 h3 v1 h0 h1 h4 h1 h1 h2 h1
    = v2 h0 h2 h0 h0 v1 h4 h0 h1 h4 h1 h1 h2 h1
    = v2 h0 h2 h0 v2 h0 h4 h0 h1 h4 h1 h1 h2 h1
    = v2 h0 h2 v1 h0 h0 h4 h0 h1 h4 h1 h1 h2 h1
    = v2 h0 v1 h2 h0 h0 h4 h0 h1 h4 h1 h1 h2 h1
    = v2 v2 h0 h2 h0 h0 h4 h0 h1 h4 h1 h1 h2 h1
    = h0 h2 h0 h0 h4 h0 h1 h4 h1 h1 h2 h1
    = h0 h2 h0 h0 h4 h4 h1 h1 h2 h1
    = h0 h2 h0 h0 h1 h1 h2 h1
    = h0 h2 h0 h1 h2 h1
    = h0 h2 h2 h1
    = h0 h1
    = 1
  (R) v2102|h = r^-1, v201012|h = r^2, r = v2012|h
  (K) v|h131121 inverts v201012|h:
    h1 h3 h1 h1 h2 h1 v2 v0 v1 v0 v1 v2 h0 h2 h0 h0 h3 h0 v2 v0 v1 v0 v1 v2
    = h1 h3 h1 h1 h2 v1 h1 v0 v1 v0 v1 v2 h0 h2 h0 h0 h3 h0 v2 v0 v1 v0 v1 v2
    = h1 h3 h1 h1 v1 h2 h1 v0 v1 v0 v1 v2 h0 h2 h0 h0 h3 h0 v2 v0 v1 v0 v1 v2
    = h1 h3 h1 v2 h1 h2 h1 v0 v1 v0 v1 v2 h0 h2 h0 h0 h3 h0 v2 v0 v1 v0 v1 v2
    = h1 h3 v1 h1 h1 h2 h1 v0 v1 v0 v1 v2 h0 h2 h0 h0 h3 h0 v2 v0 v1 v0 v1 v2
    = h1 v1 h4 h1 h1 h2 h1 v0 v1 v0 v1 v2 h0 h2 h0 h0 h3 h0 v2 v0 v1 v0 v1 v2
    = v2 h1 h4 h1 h1 h2 h1 v0 v1 v0 v1 v2 h0 h2 h0 h0 h3 h0 v2 v0 v1 v0 v1 v2
    = v2 h1 h4 h1 h1 h2 v0 h0 v1 v0 v1 v2 h0 h2 h0 h0 h3 h0 v2 v0 v1 v0 v1 v2
    = v2 h1 h4 h1 h1 v0 h2 h0 v1 v0 v1 v2 h0 h2 h0 h0 h3 h0 v2 v0 v1 v0 v1 v2
    = v2 h1 h4 h1 v0 h0 h2 h0 v1 v0 v1 v2 h0 h2 h0 h0 h3 h0 v2 v0 v1 v0 v1 v2
    = v2 h1 h4 v0 h0 h0 h2 h0 v1 v0 v1 v2 h0 h2 h0 h0 h3 h0 v2 v0 v1 v0 v1 v2
    = v2 h1 v2 h4 h0 h0 h2 h0 v1 v0 v1 v2 h0 h2 h0 h0 h3 h0 v2 v0 v1 v0 v1 v2
    = v2 v1 h1 h4 h0 h0 h2 h0 v1 v0 v1 v2 h0 h2 h0 h0 h3 h0 v2 v0 v1 v0 v1 v2
    = v2 v1 h1 h4 h0 h0 h2 v2 h0 v0 v1 v2 h0 h2 h0 h0 h3 h0 v2 v0 v1 v0 v1 v2
    = v2 v1 h1 h4 h0 h0 v2 h3 h0 v0 v1 v2 h0 h2 h0 h0 h3 h0 v2 v0 v1 v0 v1 v2
    = v2 v1 h1 h4 h0 v1 h0 h3 h0 v0 v1 v2 h0 h2 h0 h0 h3 h0 v2 v0 v1 v0 v1 v2
    = v2 v1 h1 h4 v2 h0 h0 h3 h0 v0 v1 v2 h0 h2 h0 h0 h3 h0 v2 v0 v1 v0 v1 v2
    = v2 v1 h1 v0 h4 h0 h0 h3 h0 v0 v1 v2 h0 h2 h0 h0 h3 h0 v2 v0 v1 v0 v1 v2
    = v2 v1 v0 h0 h4 h0 h0 h3 h0 v0 v1 v2 h0 h2 h0 h0 h3 h0 v2 v0 v1 v0 v1 v2
    = v2 v1 v0 h0 h4 h0 h0 h3 v0 h1 v1 v2 h0 h2 h0 h0 h3 h0 v2 v0 v1 v0 v1 v2
    = v2 v1 v0 h0 h4 h0 h0 v0 h3 h1 v1 v2 h0 h2 h0 h0 h3 h0 v2 v0 v1 v0 v1 v2
    = v2 v1 v0 h0 h4 h0 v0 h1 h3 h1 v1 v2 h0 h2 h0 h0 h3 h0 v2 v0 v1 v0 v1 v2
    = v2 v1 v0 h0 h4 v0 h1 h1 h3 h1 v1 v2 h0 h2 h0 h0 h3 h0 v2 v0 v1 v0 v1 v2
    = v2 v1 v0 h0 v2 h4 h1 h1 h3 h1 v1 v2 h0 h2 h0 h0 h3 h0 v2 v0 v1 v0 v1 v2
    = v2 v1 v0 v1 h0 h4 h1 h1 h3 h1 v1 v2 h0 h2 h0 h0 h3 h0 v2 v0 v1 v0 v1 v2
    = v2 v1 v0 v1 h0 h4 h1 h1 h3 v2 h1 v2 h0 h2 h0 h0 h3 h0 v2 v0 v1 v0 v1 v2
    = v2 v1 v0 v1 h0 h4 h1 h1 v2 h2 h1 v2 h0 h2 h0 h0 h3 h0 v2 v0 v1 v0 v1 v2
    = v2 v1 v0 v1 h0 h4 h1 v1 h1 h2 h1 v2 h0 h2 h0 h0 h3 h0 v2 v0 v1 v0 v1 v2
    = v2 v1 v0 v1 h0 h4 v2 h1 h1 h2 h1 v2 h0 h2 h0 h0 h3 h0 v2 v0 v1 v0 v1 v2
    = v2 v1 v0 v1 h0 v0 h4 h1 h1 h2 h1 v2 h0 h2 h0 h0 h3 h0 v2 v0 v1 v0 v1 v2
    = v2 v1 v0 v1 v0 h1 h4 h1 h1 h2 h1 v2 h0 h2 h0 h0 h3 h0 v2 v0 v1 v0 v1 v2
    = v2 v1 v0 v1 v0 h1 h4 h1 h1 h2 v1 h1 h0 h2 h0 h0 h3 h0 v2 v0 v1 v0 v1 v2
    = v2 v1 v0 v1 v0 h1 h4 h1 h1 v1 h2 h1 h0 h2 h0 h0 h3 h0 v2 v0 v1 v0 v1 v2
    = v2 v1 v0 v1 v0 h1 h4 h1 v2 h1 h2 h1 h0 h2 h0 h0 h3 h0 v2 v0 v1 v0 v1 v2
    = v2 v1 v0 v1 v0 h1 h4 v1 h1 h1 h2 h1 h0 h2 h0 h0 h3 h0 v2 v0 v1 v0 v1 v2
    = v2 v1 v0 v1 v0 h1 v1 h3 h1 h1 h2 h1 h0 h2 h0 h0 h3 h0 v2 v0 v1 v0 v1 v2
    = v2 v1 v0 v1 v0 v2 h1 h3 h1 h1 h2 h1 h0 h2 h0 h0 h3 h0 v2 v0 v1 v0 v1 v2
    = v2 v1 v0 v1 v0 v2 h1 h3 h1 h1 h2 h2 h0 h0 h3 h0 v2 v0 v1 v0 v1 v2
    = v2 v1 v0 v1 v0 v2 h1 h3 h1 h1 h0 h0 h3 h0 v2 v0 v1 v0 v1 v2
    = v2 v1 v0 v1 v0 v2 h1 h3 h1 h0 h3 h0 v2 v0 v1 v0 v1 v2
    = v2 v1 v0 v1 v0 v2 h1 h3 h3 h0 v2 v0 v1 v0 v1 v2
    = v2 v1 v0 v1 v0 v2 h1 h0 v2 v0 v1 v0 v1 v2
    = v2 v1 v0 v1 v0 v2 v2 v0 v1 v0 v1 v2
    = v2 v1 v0 v1 v0 v0 v1 v0 v1 v2
    = v2 v1 v0 v1 v1 v0 v1 v2
    = v2 v1 v0 v0 v1 v2
    = v2 v1 v1 v2
    = v2 v2
    = 1
  (K) v10|h inverts v|h131121:
    v1 v0 h1 h3 h1 h1 h2 h1 v0 v1 h1 h3 h1 h1 h2 h1
    = v1 v0 h1 h3 h1 h1 h2 v0 h0 v1 h1 h3 h1 h1 h2 h1
    = v1 v0 h1 h3 h1 h1 v0 h2 h0 v1 h1 h3 h1 h1 h2 h1
    = v1 v0 h1 h3 h1 v0 h0 h2 h0 v1 h1 h3 h1 h1 h2 h1
    = v1 v0 h1 h3 v0 h0 h0 h2 h0 v1 h1 h3 h1 h1 h2 h1
    = v1 v0 h1 v0 h3 h0 h0 h2 h0 v1 h1 h3 h1 h1 h2 h1
    = v1 v0 v0 h0 h3 h0 h0 h2 h0 v1 h1 h3 h1 h1 h2 h1
    = v1 h0 h3 h0 h0 h2 h0 v1 h1 h3 h1 h1 h2 h1
    = v1 h0 h3 h0 h0 h2 v2 h0 h1 h3 h1 h1 h2 h1
    = v1 h0 h3 h0 h0 v2 h3 h0 h1 h3 h1 h1 h2 h1
    = v1 h0 h3 h0 v1 h0 h3 h0 h1 h3 h1 h1 h2 h1
    = v1 h0 h3 v2 h0 h0 h3 h0 h1 h3 h1 h1 h2 h1
    = v1 h0 v2 h2 h0 h0 h3 h0 h1 h3 h1 h1 h2 h1
    = v1 v1 h0 h2 h0 h0 h3 h0 h1 h3 h1 h1 h2 h1
    = h0 h2 h0 h0 h3 h0 h1 h3 h1 h1 h2 h1
    = h0 h2 h0 h0 h3 h3 h1 h1 h2 h1
    = h0 h2 h0 h0 h1 h1 h2 h1
    = h0 h2 h0 h1 h2 h1
    = h0 h2 h2 h1
    = h0 h1
    = 1
class 428 chain of length 6 with 4 inverting steps verified: Gamma^+ is not left-orderable
  (R) v12|h = r^1, v2121|h = r^-2, r = v12|h
  (K) v|h004211 inverts v2121|h:
    h0 h0 h4 h2 h1 h1 v2 v1 v2 v1 h0 h0 h2 h4 h1 h1 v2 v1 v2 v1
    = h0 h0 h4 h2 h1 v1 h1 v1 v2 v1 h0 h0 h2 h4 h1 h1 v2 v1 v2 v1
    = h0 h0 h4 h2 v2 h1 h1 v1 v2 v1 h0 h0 h2 h4 h1 h1 v2 v1 v2 v1
    = h0 h0 h4 v2 h3 h1 h1 v1 v2 v1 h0 h0 h2 h4 h1 h1 v2 v1 v2 v1
    = h0 h0 v1 h4 h3 h1 h1 v1 v2 v1 h0 h0 h2 h4 h1 h1 v2 v1 v2 v1
    = h0 v2 h0 h4 h3 h1 h1 v1 v2 v1 h0 h0 h2 h4 h1 h1 v2 v1 v2 v1
    = v1 h0 h0 h4 h3 h1 h1 v1 v2 v1 h0 h0 h2 h4 h1 h1 v2 v1 v2 v1
    = v1 h0 h0 h4 h3 h1 v2 h1 v2 v1 h0 h0 h2 h4 h1 h1 v2 v1 v2 v1
    = v1 h0 h0 h4 h3 v1 h1 h1 v2 v1 h0 h0 h2 h4 h1 h1 v2 v1 v2 v1
    = v1 h0 h0 h4 v1 h3 h1 h1 v2 v1 h0 h0 h2 h4 h1 h1 v2 v1 v2 v1
    = v1 h0 h0 v2 h4 h3 h1 h1 v2 v1 h0 h0 h2 h4 h1 h1 v2 v1 v2 v1
    = v1 h0 v1 h0 h4 h3 h1 h1 v2 v1 h0 h0 h2 h4 h1 h1 v2 v1 v2 v1
    = v1 v2 h0 h0 h4 h3 h1 h1 v2 v1 h0 h0 h2 h4 h1 h1 v2 v1 v2 v1
    = v1 v2 h0 h0 h4 h3 h1 v1 h1 v1 h0 h0 h2 h4 h1 h1 v2 v1 v2 v1
    = v1 v2 h0 h0 h4 h3 v2 h1 h1 v1 h0 h0 h2 h4 h1 h1 v2 v1 v2 v1
    = v1 v2 h0 h0 h4 v2 h2 h1 h1 v1 h0 h0 h2 h4 h1 h1 v2 v1 v2 v1
    = v1 v2 h0 h0 v1 h4 h2 h1 h1 v1 h0 h0 h2 h4 h1 h1 v2 v1 v2 v1
    = v1 v2 h0 v2 h0 h4 h2 h1 h1 v1 h0 h0 h2 h4 h1 h1 v2 v1 v2 v1
    = v1 v2 v1 h0 h0 h4 h2 h1 h1 v1 h0 h0 h2 h4 h1 h1 v2 v1 v2 v1
    = v1 v2 v1 h0 h0 h4 h2 h1 v2 h1 h0 h0 h2 h4 h1 h1 v2 v1 v2 v1
    = v1 v2 v1 h0 h0 h4 h2 v1 h1 h1 h0 h0 h2 h4 h1 h1 v2 v1 v2 v1
    = v1 v2 v1 h0 h0 h4 v1 h2 h1 h1 h0 h0 h2 h4 h1 h1 v2 v1 v2 v1
    = v1 v2 v1 h0 h0 v2 h4 h2 h1 h1 h0 h0 h2 h4 h1 h1 v2 v1 v2 v1
    = v1 v2 v1 h0 v1 h0 h4 h2 h1 h1 h0 h0 h2 h4 h1 h1 v2 v1 v2 v1
    = v1 v2 v1 v2 h0 h0 h4 h2 h1 h1 h0 h0 h2 h4 h1 h1 v2 v1 v2 v1
    = v1 v2 v1 v2 h0 h0 h4 h2 h1 h0 h2 h4 h1 h1 v2 v1 v2 v1
    = v1 v2 v1 v2 h0 h0 h4 h2 h2 h4 h1 h1 v2 v1 v2 v1
    = v1 v2 v1 v2 h0 h0 h4 h4 h1 h1 v2 v1 v2 v1
    = v1 v2 v1 v2 h0 h0 h1 h1 v2 v1 v2 v1
    = v1 v2 v1 v2 h0 h1 v2 v1 v2 v1
    = v1 v2 v1 v2 v2 v1 v2 v1
    = v1 v2 v1 v1 v2 v1
    = v1 v2 v2 v1
    = v1 v1
    = 1
  (K) v0210|h inverts v|h004211:
    v0 v2 v1 v0 h0 h0 h4 h2 h1 h1 v0 v1 v2 v0 h0 h0 h4 h2 h1 h1
    = v0 v2 v1 v0 h0 h0 h4 h2 h1 v0 h0 v1 v2 v0 h0 h0 h4 h2 h1 h1
    = v0 v2 v1 v0 h0 h0 h4 h2 v0 h0 h0 v1 v2 v0 h0 h0 h4 h2 h1 h1
    = v0 v2 v1 v0 h0 h0 h4 v0 h2 h0 h0 v1 v2 v0 h0 h0 h4 h2 h1 h1
    = v0 v2 v1 v0 h0 h0 v0 h3 h2 h0 h0 v1 v2 v0 h0 h0 h4 h2 h1 h1
    = v0 v2 v1 v0 h0 v0 h1 h3 h2 h0 h0 v1 v2 v0 h0 h0 h4 h2 h1 h1
    = v0 v2 v1 v0 v0 h1 h1 h3 h2 h0 h0 v1 v2 v0 h0 h0 h4 h2 h1 h1
    = v0 v2 v1 h1 h1 h3 h2 h0 h0 v1 v2 v0 h0 h0 h4 h2 h1 h1
    = v0 v2 v1 h1 h1 h3 h2 h0 v2 h0 v2 v0 h0 h0 h4 h2 h1 h1
    = v0 v2 v1 h1 h1 h3 h2 v1 h0 h0 v2 v0 h0 h0 h4 h2 h1 h1
    = v0 v2 v1 h1 h1 h3 v1 h2 h0 h0 v2 v0 h0 h0 h4 h2 h1 h1
    = v0 v2 v1 h1 h1 v1 h3 h2 h0 h0 v2 v0 h0 h0 h4 h2 h1 h1
    = v0 v2 v1 h1 v2 h1 h3 h2 h0 h0 v2 v0 h0 h0 h4 h2 h1 h1
    = v0 v2 v1 v1 h1 h1 h3 h2 h0 h0 v2 v0 h0 h0 h4 h2 h1 h1
    = v0 v2 h1 h1 h3 h2 h0 h0 v2 v0 h0 h0 h4 h2 h1 h1
    = v0 v2 h1 h1 h3 h2 h0 v1 h0 v0 h0 h0 h4 h2 h1 h1
    = v0 v2 h1 h1 h3 h2 v2 h0 h0 v0 h0 h0 h4 h2 h1 h1
    = v0 v2 h1 h1 h3 v2 h3 h0 h0 v0 h0 h0 h4 h2 h1 h1
    = v0 v2 h1 h1 v2 h2 h3 h0 h0 v0 h0 h0 h4 h2 h1 h1
    = v0 v2 h1 v1 h1 h2 h3 h0 h0 v0 h0 h0 h4 h2 h1 h1
    = v0 v2 v2 h1 h1 h2 h3 h0 h0 v0 h0 h0 h4 h2 h1 h1
    = v0 h1 h1 h2 h3 h0 h0 v0 h0 h0 h4 h2 h1 h1
    = v0 h1 h1 h2 h3 h0 v0 h1 h0 h0 h4 h2 h1 h1
    = v0 h1 h1 h2 h3 v0 h1 h1 h0 h0 h4 h2 h1 h1
    = v0 h1 h1 h2 v0 h4 h1 h1 h0 h0 h4 h2 h1 h1
    = v0 h1 h1 v0 h2 h4 h1 h1 h0 h0 h4 h2 h1 h1
    = v0 h1 v0 h0 h2 h4 h1 h1 h0 h0 h4 h2 h1 h1
    = v0 v0 h0 h0 h2 h4 h1 h1 h0 h0 h4 h2 h1 h1
    = h0 h0 h2 h4 h1 h1 h0 h0 h4 h2 h1 h1
    = h0 h0 h2 h4 h1 h0 h4 h2 h1 h1
    = h0 h0 h2 h4 h4 h2 h1 h1
    = h0 h0 h2 h2 h1 h1
    = h0 h0 h1 h1
    = h0 h1
    = 1
  (R) v0210|h = r^-1, v012120|h = r^2, r = v0120|h
  (K) v|h003211 inverts v012120|h:
    h0 h0 h3 h2 h1 h1 v0 v1 v2 v1 v2 v0 h0 h0 h2 h3 h1 h1 v0 v1 v2 v1 v2 v0
    = h0 h0 h3 h2 h1 v0 h0 v1 v2 v1 v2 v0 h0 h0 h2 h3 h1 h1 v0 v1 v2 v1 v2 v0
    = h0 h0 h3 h2 v0 h0 h0 v1 v2 v1 v2 v0 h0 h0 h2 h3 h1 h1 v0 v1 v2 v1 v2 v0
    = h0 h0 h3 v0 h2 h0 h0 v1 v2 v1 v2 v0 h0 h0 h2 h3 h1 h1 v0 v1 v2 v1 v2 v0
    = h0 h0 v0 h4 h2 h0 h0 v1 v2 v1 v2 v0 h0 h0 h2 h3 h1 h1 v0 v1 v2 v1 v2 v0
    = h0 v0 h1 h4 h2 h0 h0 v1 v2 v1 v2 v0 h0 h0 h2 h3 h1 h1 v0 v1 v2 v1 v2 v0
    = v0 h1 h1 h4 h2 h0 h0 v1 v2 v1 v2 v0 h0 h0 h2 h3 h1 h1 v0 v1 v2 v1 v2 v0
    = v0 h1 h1 h4 h2 h0 v2 h0 v2 v1 v2 v0 h0 h0 h2 h3 h1 h1 v0 v1 v2 v1 v2 v0
    = v0 h1 h1 h4 h2 v1 h0 h0 v2 v1 v2 v0 h0 h0 h2 h3 h1 h1 v0 v1 v2 v1 v2 v0
    = v0 h1 h1 h4 v1 h2 h0 h0 v2 v1 v2 v0 h0 h0 h2 h3 h1 h1 v0 v1 v2 v1 v2 v0
    = v0 h1 h1 v2 h4 h2 h0 h0 v2 v1 v2 v0 h0 h0 h2 h3 h1 h1 v0 v1 v2 v1 v2 v0
    = v0 h1 v1 h1 h4 h2 h0 h0 v2 v1 v2 v0 h0 h0 h2 h3 h1 h1 v0 v1 v2 v1 v2 v0
    = v0 v2 h1 h1 h4 h2 h0 h0 v2 v1 v2 v0 h0 h0 h2 h3 h1 h1 v0 v1 v2 v1 v2 v0
    = v0 v2 h1 h1 h4 h2 h0 v1 h0 v1 v2 v0 h0 h0 h2 h3 h1 h1 v0 v1 v2 v1 v2 v0
    = v0 v2 h1 h1 h4 h2 v2 h0 h0 v1 v2 v0 h0 h0 h2 h3 h1 h1 v0 v1 v2 v1 v2 v0
    = v0 v2 h1 h1 h4 v2 h3 h0 h0 v1 v2 v0 h0 h0 h2 h3 h1 h1 v0 v1 v2 v1 v2 v0
    = v0 v2 h1 h1 v1 h4 h3 h0 h0 v1 v2 v0 h0 h0 h2 h3 h1 h1 v0 v1 v2 v1 v2 v0
    = v0 v2 h1 v2 h1 h4 h3 h0 h0 v1 v2 v0 h0 h0 h2 h3 h1 h1 v0 v1 v2 v1 v2 v0
    = v0 v2 v1 h1 h1 h4 h3 h0 h0 v1 v2 v0 h0 h0 h2 h3 h1 h1 v0 v1 v2 v1 v2 v0
    = v0 v2 v1 h1 h1 h4 h3 h0 v2 h0 v2 v0 h0 h0 h2 h3 h1 h1 v0 v1 v2 v1 v2 v0
    = v0 v2 v1 h1 h1 h4 h3 v1 h0 h0 v2 v0 h0 h0 h2 h3 h1 h1 v0 v1 v2 v1 v2 v0
    = v0 v2 v1 h1 h1 h4 v1 h3 h0 h0 v2 v0 h0 h0 h2 h3 h1 h1 v0 v1 v2 v1 v2 v0
    = v0 v2 v1 h1 h1 v2 h4 h3 h0 h0 v2 v0 h0 h0 h2 h3 h1 h1 v0 v1 v2 v1 v2 v0
    = v0 v2 v1 h1 v1 h1 h4 h3 h0 h0 v2 v0 h0 h0 h2 h3 h1 h1 v0 v1 v2 v1 v2 v0
    = v0 v2 v1 v2 h1 h1 h4 h3 h0 h0 v2 v0 h0 h0 h2 h3 h1 h1 v0 v1 v2 v1 v2 v0
    = v0 v2 v1 v2 h1 h1 h4 h3 h0 v1 h0 v0 h0 h0 h2 h3 h1 h1 v0 v1 v2 v1 v2 v0
    = v0 v2 v1 v2 h1 h1 h4 h3 v2 h0 h0 v0 h0 h0 h2 h3 h1 h1 v0 v1 v2 v1 v2 v0
    = v0 v2 v1 v2 h1 h1 h4 v2 h2 h0 h0 v0 h0 h0 h2 h3 h1 h1 v0 v1 v2 v1 v2 v0
    = v0 v2 v1 v2 h1 h1 v1 h4 h2 h0 h0 v0 h0 h0 h2 h3 h1 h1 v0 v1 v2 v1 v2 v0
    = v0 v2 v1 v2 h1 v2 h1 h4 h2 h0 h0 v0 h0 h0 h2 h3 h1 h1 v0 v1 v2 v1 v2 v0
    = v0 v2 v1 v2 v1 h1 h1 h4 h2 h0 h0 v0 h0 h0 h2 h3 h1 h1 v0 v1 v2 v1 v2 v0
    = v0 v2 v1 v2 v1 h1 h1 h4 h2 h0 v0 h1 h0 h0 h2 h3 h1 h1 v0 v1 v2 v1 v2 v0
    = v0 v2 v1 v2 v1 h1 h1 h4 h2 v0 h1 h1 h0 h0 h2 h3 h1 h1 v0 v1 v2 v1 v2 v0
    = v0 v2 v1 v2 v1 h1 h1 h4 v0 h2 h1 h1 h0 h0 h2 h3 h1 h1 v0 v1 v2 v1 v2 v0
    = v0 v2 v1 v2 v1 h1 h1 v0 h3 h2 h1 h1 h0 h0 h2 h3 h1 h1 v0 v1 v2 v1 v2 v0
    = v0 v2 v1 v2 v1 h1 v0 h0 h3 h2 h1 h1 h0 h0 h2 h3 h1 h1 v0 v1 v2 v1 v2 v0
    = v0 v2 v1 v2 v1 v0 h0 h0 h3 h2 h1 h1 h0 h0 h2 h3 h1 h1 v0 v1 v2 v1 v2 v0
    = v0 v2 v1 v2 v1 v0 h0 h0 h3 h2 h1 h0 h2 h3 h1 h1 v0 v1 v2 v1 v2 v0
    = v0 v2 v1 v2 v1 v0 h0 h0 h3 h2 h2 h3 h1 h1 v0 v1 v2 v1 v2 v0
    = v0 v2 v1 v2 v1 v0 h0 h0 h3 h3 h1 h1 v0 v1 v2 v1 v2 v0
    = v0 v2 v1 v2 v1 v0 h0 h0 h1 h1 v0 v1 v2 v1 v2 v0
    = v0 v2 v1 v2 v1 v0 h0 h1 v0 v1 v2 v1 v2 v0
    = v0 v2 v1 v2 v1 v0 v0 v1 v2 v1 v2 v0
    = v0 v2 v1 v2 v1 v1 v2 v1 v2 v0
    = v0 v2 v1 v2 v2 v1 v2 v0
    = v0 v2 v1 v1 v2 v0
    = v0 v2 v2 v0
    = v0 v0
    = 1
  (K) v12|h inverts v|h003211:
    v1 v2 h0 h0 h3 h2 h1 h1 v2 v1 h0 h0 h3 h2 h1 h1
    = v1 v2 h0 h0 h3 h2 h1 v1 h1 v1 h0 h0 h3 h2 h1 h1
    = v1 v2 h0 h0 h3 h2 v2 h1 h1 v1 h0 h0 h3 h2 h1 h1
    = v1 v2 h0 h0 h3 v2 h3 h1 h1 v1 h0 h0 h3 h2 h1 h1
    = v1 v2 h0 h0 v2 h2 h3 h1 h1 v1 h0 h0 h3 h2 h1 h1
    = v1 v2 h0 v1 h0 h2 h3 h1 h1 v1 h0 h0 h3 h2 h1 h1
    = v1 v2 v2 h0 h0 h2 h3 h1 h1 v1 h0 h0 h3 h2 h1 h1
    = v1 h0 h0 h2 h3 h1 h1 v1 h0 h0 h3 h2 h1 h1
    = v1 h0 h0 h2 h3 h1 v2 h1 h0 h0 h3 h2 h1 h1
    = v1 h0 h0 h2 h3 v1 h1 h1 h0 h0 h3 h2 h1 h1
    = v1 h0 h0 h2 v1 h3 h1 h1 h0 h0 h3 h2 h1 h1
    = v1 h0 h0 v1 h2 h3 h1 h1 h0 h0 h3 h2 h1 h1
    = v1 h0 v2 h0 h2 h3 h1 h1 h0 h0 h3 h2 h1 h1
    = v1 v1 h0 h0 h2 h3 h1 h1 h0 h0 h3 h2 h1 h1
    = h0 h0 h2 h3 h1 h1 h0 h0 h3 h2 h1 h1
    = h0 h0 h2 h3 h1 h0 h3 h2 h1 h1
    = h0 h0 h2 h3 h3 h2 h1 h1
    = h0 h0 h2 h2 h1 h1
    = h0 h0 h1 h1
    = h0 h1
    = 1
class 430 chain of length 6 with 4 inverting steps verified: Gamma^+ is not left-orderable
  (K) v|h32 inverts v10|h:
    h3 h2 v1 v0 h2 h3 v1 v0
    = h3 v1 h2 v0 h2 h3 v1 v0
    = v0 h3 h2 v0 h2 h3 v1 v0
    = v0 h3 v0 h2 h2 h3 v1 v0
    = v0 v1 h3 h2 h2 h3 v1 v0
    = v0 v1 h3 h3 v1 v0
    = v0 v1 v1 v0
    = v0 v0
    = 1
  (R) v|h32 = r^-1, v|h2323 = r^2, r = v|h23
  (K) v20|h inverts v|h2323:
    v2 v0 h2 h3 h2 h3 v0 v2 h2 h3 h2 h3
    = v2 v0 h2 h3 h2 v1 h3 v2 h2 h3 h2 h3
    = v2 v0 h2 h3 v1 h2 h3 v2 h2 h3 h2 h3
    = v2 v0 h2 v0 h3 h2 h3 v2 h2 h3 h2 h3
    = v2 v0 v0 h2 h3 h2 h3 v2 h2 h3 h2 h3
    = v2 h2 h3 h2 h3 v2 h2 h3 h2 h3
    = v2 h2 h3 h2 v2 h2 h2 h3 h2 h3
    = v2 h2 h3 v2 h3 h2 h2 h3 h2 h3
    = v2 h2 v2 h2 h3 h2 h2 h3 h2 h3
    = v2 v2 h3 h2 h3 h2 h2 h3 h2 h3
    = h3 h2 h3 h2 h2 h3 h2 h3
    = h3 h2 h3 h3 h2 h3
    = h3 h2 h2 h3
    = h3 h3
    = 1
  (K) v|h4324 inverts v20|h:
    h4 h3 h2 h4 v2 v0 h4 h2 h3 h4 v2 v0
    = h4 h3 h2 v1 h4 v0 h4 h2 h3 h4 v2 v0
    = h4 h3 v1 h2 h4 v0 h4 h2 h3 h4 v2 v0
    = h4 v0 h3 h2 h4 v0 h4 h2 h3 h4 v2 v0
    = v0 h4 h3 h2 h4 v0 h4 h2 h3 h4 v2 v0
    = v0 h4 h3 h2 v0 h4 h4 h2 h3 h4 v2 v0
    = v0 h4 h3 v0 h2 h4 h4 h2 h3 h4 v2 v0
    = v0 h4 v1 h3 h2 h4 h4 h2 h3 h4 v2 v0
    = v0 v2 h4 h3 h2 h4 h4 h2 h3 h4 v2 v0
    = v0 v2 h4 h3 h2 h2 h3 h4 v2 v0
    = v0 v2 h4 h3 h3 h4 v2 v0
    = v0 v2 h4 h4 v2 v0
    = v0 v2 v2 v0
    = v0 v0
    = 1
  (R) v|h4324 = r^-1, v|h432324 = r^-2, r = v|h4234
  (K) v10|h inverts v|h432324:
    v1 v0 h4 h3 h2 h3 h2 h4 v0 v1 h4 h3 h2 h3 h2 h4
    = v1 v0 h4 h3 h2 h3 h2 v0 h4 v1 h4 h3 h2 h3 h2 h4
    = v1 v0 h4 h3 h2 h3 v0 h2 h4 v1 h4 h3 h2 h3 h2 h4
    = v1 v0 h4 h3 h2 v1 h3 h2 h4 v1 h4 h3 h2 h3 h2 h4
    = v1 v0 h4 h3 v1 h2 h3 h2 h4 v1 h4 h3 h2 h3 h2 h4
    = v1 v0 h4 v0 h3 h2 h3 h2 h4 v1 h4 h3 h2 h3 h2 h4
    = v1 v0 v0 h4 h3 h2 h3 h2 h4 v1 h4 h3 h2 h3 h2 h4
    = v1 h4 h3 h2 h3 h2 h4 v1 h4 h3 h2 h3 h2 h4
    = v1 h4 h3 h2 h3 h2 v2 h4 h4 h3 h2 h3 h2 h4
    = v1 h4 h3 h2 h3 v2 h3 h4 h4 h3 h2 h3 h2 h4
    = v1 h4 h3 h2 v2 h2 h3 h4 h4 h3 h2 h3 h2 h4
    = v1 h4 h3 v2 h3 h2 h3 h4 h4 h3 h2 h3 h2 h4
    = v1 h4 v2 h2 h3 h2 h3 h4 h4 h3 h2 h3 h2 h4
    = v1 v1 h4 h2 h3 h2 h3 h4 h4 h3 h2 h3 h2 h4
    = h4 h2 h3 h2 h3 h4 h4 h3 h2 h3 h2 h4
    = h4 h2 h3 h2 h3 h3 h2 h3 h2 h4
    = h4 h2 h3 h2 h2 h3 h2 h4
    = h4 h2 h3 h3 h2 h4
    = h4 h2 h2 h4
    = h4 h4
    = 1
class 432 chain of length 6 with 4 inverting steps verified: Gamma^+ is not left-orderable
  (K) v|h23 inverts v10|h:
    h2 h3 v1 v0 h3 h2 v1 v0
    = h2 v0 h3 v0 h3 h2 v1 v0
    = v0 h2 h3 v0 h3 h2 v1 v0
    = v0 h2 v1 h3 h3 h2 v1 v0
    = v0 v1 h2 h3 h3 h2 v1 v0
    = v0 v1 h2 h2 v1 v0
    = v0 v1 v1 v0
    = v0 v0
    = 1
  (R) v|h23 = r^1, v|h2323 = r^2, r = v|h23
  (K) v0210|h inverts v|h2323:
    v0 v2 v1 v0 h2 h3 h2 h3 v0 v1 v2 v0 h2 h3 h2 h3
    = v0 v2 v1 v0 h2 h3 h2 v1 h3 v1 v2 v0 h2 h3 h2 h3
    = v0 v2 v1 v0 h2 h3 v1 h2 h3 v1 v2 v0 h2 h3 h2 h3
    = v0 v2 v1 v0 h2 v0 h3 h2 h3 v1 v2 v0 h2 h3 h2 h3
    = v0 v2 v1 v0 v0 h2 h3 h2 h3 v1 v2 v0 h2 h3 h2 h3
    = v0 v2 v1 h2 h3 h2 h3 v1 v2 v0 h2 h3 h2 h3
    = v0 v2 v1 h2 h3 h2 v0 h3 v2 v0 h2 h3 h2 h3
    = v0 v2 v1 h2 h3 v0 h2 h3 v2 v0 h2 h3 h2 h3
    = v0 v2 v1 h2 v1 h3 h2 h3 v2 v0 h2 h3 h2 h3
    = v0 v2 v1 v1 h2 h3 h2 h3 v2 v0 h2 h3 h2 h3
    = v0 v2 h2 h3 h2 h3 v2 v0 h2 h3 h2 h3
    = v0 v2 h2 h3 h2 v2 h2 v0 h2 h3 h2 h3
    = v0 v2 h2 h3 v2 h3 h2 v0 h2 h3 h2 h3
    = v0 v2 h2 v2 h2 h3 h2 v0 h2 h3 h2 h3
    = v0 v2 v2 h3 h2 h3 h2 v0 h2 h3 h2 h3
    = v0 h3 h2 h3 h2 v0 h2 h3 h2 h3
    = v0 h3 h2 h3 v0 h2 h2 h3 h2 h3
    = v0 h3 h2 v1 h3 h2 h2 h3 h2 h3
    = v0 h3 v1 h2 h3 h2 h2 h3 h2 h3
    = v0 v0 h3 h2 h3 h2 h2 h3 h2 h3
    = h3 h2 h3 h2 h2 h3 h2 h3
    = h3 h2 h3 h3 h2 h3
    = h3 h2 h2 h3
    = h3 h3
    = 1
  (K) v|h4324 inverts v0210|h:
    h4 h3 h2 h4 v0 v2 v1 v0 h4 h2 h3 h4 v0 v2 v1 v0
    = h4 h3 h2 v2 h4 v2 v1 v0 h4 h2 h3 h4 v0 v2 v1 v0
    = h4 h3 v2 h3 h4 v2 v1 v0 h4 h2 h3 h4 v0 v2 v1 v0
    = h4 v2 h2 h3 h4 v2 v1 v0 h4 h2 h3 h4 v0 v2 v1 v0
    = v0 h4 h2 h3 h4 v2 v1 v0 h4 h2 h3 h4 v0 v2 v1 v0
    = v0 h4 h2 h3 v0 h4 v1 v0 h4 h2 h3 h4 v0 v2 v1 v0
    = v0 h4 h2 v1 h3 h4 v1 v0 h4 h2 h3 h4 v0 v2 v1 v0
    = v0 h4 v1 h2 h3 h4 v1 v0 h4 h2 h3 h4 v0 v2 v1 v0
    = v0 v1 h4 h2 h3 h4 v1 v0 h4 h2 h3 h4 v0 v2 v1 v0
    = v0 v1 h4 h2 h3 v1 h4 v0 h4 h2 h3 h4 v0 v2 v1 v0
    = v0 v1 h4 h2 v0 h3 h4 v0 h4 h2 h3 h4 v0 v2 v1 v0
    = v0 v1 h4 v0 h2 h3 h4 v0 h4 h2 h3 h4 v0 v2 v1 v0
    = v0 v1 v2 h4 h2 h3 h4 v0 h4 h2 h3 h4 v0 v2 v1 v0
    = v0 v1 v2 h4 h2 h3 v2 h4 h4 h2 h3 h4 v0 v2 v1 v0
    = v0 v1 v2 h4 h2 v2 h2 h4 h4 h2 h3 h4 v0 v2 v1 v0
    = v0 v1 v2 h4 v2 h3 h2 h4 h4 h2 h3 h4 v0 v2 v1 v0
    = v0 v1 v2 v0 h4 h3 h2 h4 h4 h2 h3 h4 v0 v2 v1 v0
    = v0 v1 v2 v0 h4 h3 h2 h2 h3 h4 v0 v2 v1 v0
    = v0 v1 v2 v0 h4 h3 h3 h4 v0 v2 v1 v0
    = v0 v1 v2 v0 h4 h4 v0 v2 v1 v0
    = v0 v1 v2 v0 v0 v2 v1 v0
    = v0 v1 v2 v2 v1 v0
    = v0 v1 v1 v0
    = v0 v0
    = 1
  (R) v|h4324 = r^-1, v|h432324 = r^-2, r = v|h4234
  (K) v10|h inverts v|h432324:
    v1 v0 h4 h3 h2 h3 h2 h4 v0 v1 h4 h3 h2 h3 h2 h4
    = v1 v0 h4 h3 h2 h3 h2 v2 h4 v1 h4 h3 h2 h3 h2 h4
    = v1 v0 h4 h3 h2 h3 v2 h3 h4 v1 h4 h3 h2 h3 h2 h4
    = v1 v0 h4 h3 h2 v2 h2 h3 h4 v1 h4 h3 h2 h3 h2 h4
    = v1 v0 h4 h3 v2 h3 h2 h3 h4 v1 h4 h3 h2 h3 h2 h4
    = v1 v0 h4 v2 h2 h3 h2 h3 h4 v1 h4 h3 h2 h3 h2 h4
    = v1 v0 v0 h4 h2 h3 h2 h3 h4 v1 h4 h3 h2 h3 h2 h4
    = v1 h4 h2 h3 h2 h3 h4 v1 h4 h3 h2 h3 h2 h4
    = v1 h4 h2 h3 h2 h3 v1 h4 h4 h3 h2 h3 h2 h4
    = v1 h4 h2 h3 h2 v0 h3 h4 h4 h3 h2 h3 h2 h4
    = v1 h4 h2 h3 v0 h2 h3 h4 h4 h3 h2 h3 h2 h4
    = v1 h4 h2 v1 h3 h2 h3 h4 h4 h3 h2 h3 h2 h4
    = v1 h4 v1 h2 h3 h2 h3 h4 h4 h3 h2 h3 h2 h4
    = v1 v1 h4 h2 h3 h2 h3 h4 h4 h3 h2 h3 h2 h4
    = h4 h2 h3 h2 h3 h4 h4 h3 h2 h3 h2 h4
    = h4 h2 h3 h2 h3 h3 h2 h3 h2 h4
    = h4 h2 h3 h2 h2 h3 h2 h4
    = h4 h2 h3 h3 h2 h4
    = h4 h2 h2 h4
    = h4 h4
    = 1
class 434 chain of length 6 with 4 inverting steps verified: Gamma^+ is not left-orderable
  (R) v10|h = r^-1, v0101|h = r^2, r = v01|h
  (K) v|h002400 inverts v0101|h:
    h0 h0 h2 h4 h0 h0 v0 v1 v0 v1 h1 h1 h4 h2 h1 h1 v0 v1 v0 v1
    = h0 h0 h2 h4 h0 v0 h1 v1 v0 v1 h1 h1 h4 h2 h1 h1 v0 v1 v0 v1
    = h0 h0 h2 h4 v0 h1 h1 v1 v0 v1 h1 h1 h4 h2 h1 h1 v0 v1 v0 v1
    = h0 h0 h2 v1 h4 h1 h1 v1 v0 v1 h1 h1 h4 h2 h1 h1 v0 v1 v0 v1
    = h0 h0 v1 h2 h4 h1 h1 v1 v0 v1 h1 h1 h4 h2 h1 h1 v0 v1 v0 v1
    = h0 v2 h0 h2 h4 h1 h1 v1 v0 v1 h1 h1 h4 h2 h1 h1 v0 v1 v0 v1
    = v1 h0 h0 h2 h4 h1 h1 v1 v0 v1 h1 h1 h4 h2 h1 h1 v0 v1 v0 v1
    = v1 h0 h0 h2 h4 h1 v2 h1 v0 v1 h1 h1 h4 h2 h1 h1 v0 v1 v0 v1
    = v1 h0 h0 h2 h4 v1 h1 h1 v0 v1 h1 h1 h4 h2 h1 h1 v0 v1 v0 v1
    = v1 h0 h0 h2 v0 h4 h1 h1 v0 v1 h1 h1 h4 h2 h1 h1 v0 v1 v0 v1
    = v1 h0 h0 v0 h3 h4 h1 h1 v0 v1 h1 h1 h4 h2 h1 h1 v0 v1 v0 v1
    = v1 h0 v0 h1 h3 h4 h1 h1 v0 v1 h1 h1 h4 h2 h1 h1 v0 v1 v0 v1
    = v1 v0 h1 h1 h3 h4 h1 h1 v0 v1 h1 h1 h4 h2 h1 h1 v0 v1 v0 v1
    = v1 v0 h1 h1 h3 h4 h1 v0 h0 v1 h1 h1 h4 h2 h1 h1 v0 v1 v0 v1
    = v1 v0 h1 h1 h3 h4 v0 h0 h0 v1 h1 h1 h4 h2 h1 h1 v0 v1 v0 v1
    = v1 v0 h1 h1 h3 v1 h4 h0 h0 v1 h1 h1 h4 h2 h1 h1 v0 v1 v0 v1
    = v1 v0 h1 h1 v1 h3 h4 h0 h0 v1 h1 h1 h4 h2 h1 h1 v0 v1 v0 v1
    = v1 v0 h1 v2 h1 h3 h4 h0 h0 v1 h1 h1 h4 h2 h1 h1 v0 v1 v0 v1
    = v1 v0 v1 h1 h1 h3 h4 h0 h0 v1 h1 h1 h4 h2 h1 h1 v0 v1 v0 v1
    = v1 v0 v1 h1 h1 h3 h4 h0 v2 h0 h1 h1 h4 h2 h1 h1 v0 v1 v0 v1
    = v1 v0 v1 h1 h1 h3 h4 v1 h0 h0 h1 h1 h4 h2 h1 h1 v0 v1 v0 v1
    = v1 v0 v1 h1 h1 h3 v0 h4 h0 h0 h1 h1 h4 h2 h1 h1 v0 v1 v0 v1
    = v1 v0 v1 h1 h1 v0 h2 h4 h0 h0 h1 h1 h4 h2 h1 h1 v0 v1 v0 v1
    = v1 v0 v1 h1 v0 h0 h2 h4 h0 h0 h1 h1 h4 h2 h1 h1 v0 v1 v0 v1
    = v1 v0 v1 v0 h0 h0 h2 h4 h0 h0 h1 h1 h4 h2 h1 h1 v0 v1 v0 v1
    = v1 v0 v1 v0 h0 h0 h2 h4 h0 h1 h4 h2 h1 h1 v0 v1 v0 v1
    = v1 v0 v1 v0 h0 h0 h2 h4 h4 h2 h1 h1 v0 v1 v0 v1
    = v1 v0 v1 v0 h0 h0 h2 h2 h1 h1 v0 v1 v0 v1
    = v1 v0 v1 v0 h0 h0 h1 h1 v0 v1 v0 v1
    = v1 v0 v1 v0 h0 h1 v0 v1 v0 v1
    = v1 v0 v1 v0 v0 v1 v0 v1
    = v1 v0 v1 v1 v0 v1
    = v1 v0 v0 v1
    = v1 v1
    = 1
  (K) v2102|h inverts v|h002400:
    v2 v1 v0 v2 h0 h0 h2 h4 h0 h0 v2 v0 v1 v2 h0 h0 h2 h4 h0 h0
    = v2 v1 v0 v2 h0 h0 h2 h4 h0 v1 h0 v0 v1 v2 h0 h0 h2 h4 h0 h0
    = v2 v1 v0 v2 h0 h0 h2 h4 v2 h0 h0 v0 v1 v2 h0 h0 h2 h4 h0 h0
    = v2 v1 v0 v2 h0 h0 h2 v2 h3 h0 h0 v0 v1 v2 h0 h0 h2 h4 h0 h0
    = v2 v1 v0 v2 h0 h0 v2 h2 h3 h0 h0 v0 v1 v2 h0 h0 h2 h4 h0 h0
    = v2 v1 v0 v2 h0 v1 h0 h2 h3 h0 h0 v0 v1 v2 h0 h0 h2 h4 h0 h0
    = v2 v1 v0 v2 v2 h0 h0 h2 h3 h0 h0 v0 v1 v2 h0 h0 h2 h4 h0 h0
    = v2 v1 v0 h0 h0 h2 h3 h0 h0 v0 v1 v2 h0 h0 h2 h4 h0 h0
    = v2 v1 v0 h0 h0 h2 h3 h0 v0 h1 v1 v2 h0 h0 h2 h4 h0 h0
    = v2 v1 v0 h0 h0 h2 h3 v0 h1 h1 v1 v2 h0 h0 h2 h4 h0 h0
    = v2 v1 v0 h0 h0 h2 v0 h2 h1 h1 v1 v2 h0 h0 h2 h4 h0 h0
    = v2 v1 v0 h0 h0 v0 h3 h2 h1 h1 v1 v2 h0 h0 h2 h4 h0 h0
    = v2 v1 v0 h0 v0 h1 h3 h2 h1 h1 v1 v2 h0 h0 h2 h4 h0 h0
    = v2 v1 v0 v0 h1 h1 h3 h2 h1 h1 v1 v2 h0 h0 h2 h4 h0 h0
    = v2 v1 h1 h1 h3 h2 h1 h1 v1 v2 h0 h0 h2 h4 h0 h0
    = v2 v1 h1 h1 h3 h2 h1 v2 h1 v2 h0 h0 h2 h4 h0 h0
    = v2 v1 h1 h1 h3 h2 v1 h1 h1 v2 h0 h0 h2 h4 h0 h0
    = v2 v1 h1 h1 h3 v1 h2 h1 h1 v2 h0 h0 h2 h4 h0 h0
    = v2 v1 h1 h1 v1 h3 h2 h1 h1 v2 h0 h0 h2 h4 h0 h0
    = v2 v1 h1 v2 h1 h3 h2 h1 h1 v2 h0 h0 h2 h4 h0 h0
    = v2 v1 v1 h1 h1 h3 h2 h1 h1 v2 h0 h0 h2 h4 h0 h0
    = v2 h1 h1 h3 h2 h1 h1 v2 h0 h0 h2 h4 h0 h0
    = v2 h1 h1 h3 h2 h1 v1 h1 h0 h0 h2 h4 h0 h0
    = v2 h1 h1 h3 h2 v2 h1 h1 h0 h0 h2 h4 h0 h0
    = v2 h1 h1 h3 v2 h2 h1 h1 h0 h0 h2 h4 h0 h0
    = v2 h1 h1 v2 h4 h2 h1 h1 h0 h0 h2 h4 h0 h0
    = v2 h1 v1 h1 h4 h2 h1 h1 h0 h0 h2 h4 h0 h0
    = v2 v2 h1 h1 h4 h2 h1 h1 h0 h0 h2 h4 h0 h0
    = h1 h1 h4 h2 h1 h1 h0 h0 h2 h4 h0 h0
    = h1 h1 h4 h2 h1 h0 h2 h4 h0 h0
    = h1 h1 h4 h2 h2 h4 h0 h0
    = h1 h1 h4 h4 h0 h0
    = h1 h1 h0 h0
    = h1 h0
    = 1
  (R) v2102|h = r^-1, v210102|h = r^-2, r = v2012|h
  (K) v|h002300 inverts v210102|h:
    h0 h0 h2 h3 h0 h0 v2 v1 v0 v1 v0 v2 h1 h1 h3 h2 h1 h1 v2 v1 v0 v1 v0 v2
    = h0 h0 h2 h3 h0 v1 h0 v1 v0 v1 v0 v2 h1 h1 h3 h2 h1 h1 v2 v1 v0 v1 v0 v2
    = h0 h0 h2 h3 v2 h0 h0 v1 v0 v1 v0 v2 h1 h1 h3 h2 h1 h1 v2 v1 v0 v1 v0 v2
    = h0 h0 h2 v2 h4 h0 h0 v1 v0 v1 v0 v2 h1 h1 h3 h2 h1 h1 v2 v1 v0 v1 v0 v2
    = h0 h0 v2 h2 h4 h0 h0 v1 v0 v1 v0 v2 h1 h1 h3 h2 h1 h1 v2 v1 v0 v1 v0 v2
    = h0 v1 h0 h2 h4 h0 h0 v1 v0 v1 v0 v2 h1 h1 h3 h2 h1 h1 v2 v1 v0 v1 v0 v2
    = v2 h0 h0 h2 h4 h0 h0 v1 v0 v1 v0 v2 h1 h1 h3 h2 h1 h1 v2 v1 v0 v1 v0 v2
    = v2 h0 h0 h2 h4 h0 v2 h0 v0 v1 v0 v2 h1 h1 h3 h2 h1 h1 v2 v1 v0 v1 v0 v2
    = v2 h0 h0 h2 h4 v1 h0 h0 v0 v1 v0 v2 h1 h1 h3 h2 h1 h1 v2 v1 v0 v1 v0 v2
    = v2 h0 h0 h2 v0 h4 h0 h0 v0 v1 v0 v2 h1 h1 h3 h2 h1 h1 v2 v1 v0 v1 v0 v2
    = v2 h0 h0 v0 h3 h4 h0 h0 v0 v1 v0 v2 h1 h1 h3 h2 h1 h1 v2 v1 v0 v1 v0 v2
    = v2 h0 v0 h1 h3 h4 h0 h0 v0 v1 v0 v2 h1 h1 h3 h2 h1 h1 v2 v1 v0 v1 v0 v2
    = v2 v0 h1 h1 h3 h4 h0 h0 v0 v1 v0 v2 h1 h1 h3 h2 h1 h1 v2 v1 v0 v1 v0 v2
    = v2 v0 h1 h1 h3 h4 h0 v0 h1 v1 v0 v2 h1 h1 h3 h2 h1 h1 v2 v1 v0 v1 v0 v2
    = v2 v0 h1 h1 h3 h4 v0 h1 h1 v1 v0 v2 h1 h1 h3 h2 h1 h1 v2 v1 v0 v1 v0 v2
    = v2 v0 h1 h1 h3 v1 h4 h1 h1 v1 v0 v2 h1 h1 h3 h2 h1 h1 v2 v1 v0 v1 v0 v2
    = v2 v0 h1 h1 v1 h3 h4 h1 h1 v1 v0 v2 h1 h1 h3 h2 h1 h1 v2 v1 v0 v1 v0 v2
    = v2 v0 h1 v2 h1 h3 h4 h1 h1 v1 v0 v2 h1 h1 h3 h2 h1 h1 v2 v1 v0 v1 v0 v2
    = v2 v0 v1 h1 h1 h3 h4 h1 h1 v1 v0 v2 h1 h1 h3 h2 h1 h1 v2 v1 v0 v1 v0 v2
    = v2 v0 v1 h1 h1 h3 h4 h1 v2 h1 v0 v2 h1 h1 h3 h2 h1 h1 v2 v1 v0 v1 v0 v2
    = v2 v0 v1 h1 h1 h3 h4 v1 h1 h1 v0 v2 h1 h1 h3 h2 h1 h1 v2 v1 v0 v1 v0 v2
    = v2 v0 v1 h1 h1 h3 v0 h4 h1 h1 v0 v2 h1 h1 h3 h2 h1 h1 v2 v1 v0 v1 v0 v2
    = v2 v0 v1 h1 h1 v0 h2 h4 h1 h1 v0 v2 h1 h1 h3 h2 h1 h1 v2 v1 v0 v1 v0 v2
    = v2 v0 v1 h1 v0 h0 h2 h4 h1 h1 v0 v2 h1 h1 h3 h2 h1 h1 v2 v1 v0 v1 v0 v2
    = v2 v0 v1 v0 h0 h0 h2 h4 h1 h1 v0 v2 h1 h1 h3 h2 h1 h1 v2 v1 v0 v1 v0 v2
    = v2 v0 v1 v0 h0 h0 h2 h4 h1 v0 h0 v2 h1 h1 h3 h2 h1 h1 v2 v1 v0 v1 v0 v2
    = v2 v0 v1 v0 h0 h0 h2 h4 v0 h0 h0 v2 h1 h1 h3 h2 h1 h1 v2 v1 v0 v1 v0 v2
    = v2 v0 v1 v0 h0 h0 h2 v1 h4 h0 h0 v2 h1 h1 h3 h2 h1 h1 v2 v1 v0 v1 v0 v2
    = v2 v0 v1 v0 h0 h0 v1 h2 h4 h0 h0 v2 h1 h1 h3 h2 h1 h1 v2 v1 v0 v1 v0 v2
    = v2 v0 v1 v0 h0 v2 h0 h2 h4 h0 h0 v2 h1 h1 h3 h2 h1 h1 v2 v1 v0 v1 v0 v2
    = v2 v0 v1 v0 v1 h0 h0 h2 h4 h0 h0 v2 h1 h1 h3 h2 h1 h1 v2 v1 v0 v1 v0 v2
    = v2 v0 v1 v0 v1 h0 h0 h2 h4 h0 v1 h0 h1 h1 h3 h2 h1 h1 v2 v1 v0 v1 v0 v2
    = v2 v0 v1 v0 v1 h0 h0 h2 h4 v2 h0 h0 h1 h1 h3 h2 h1 h1 v2 v1 v0 v1 v0 v2
    = v2 v0 v1 v0 v1 h0 h0 h2 v2 h3 h0 h0 h1 h1 h3 h2 h1 h1 v2 v1 v0 v1 v0 v2
    = v2 v0 v1 v0 v1 h0 h0 v2 h2 h3 h0 h0 h1 h1 h3 h2 h1 h1 v2 v1 v0 v1 v0 v2
    = v2 v0 v1 v0 v1 h0 v1 h0 h2 h3 h0 h0 h1 h1 h3 h2 h1 h1 v2 v1 v0 v1 v0 v2
    = v2 v0 v1 v0 v1 v2 h0 h0 h2 h3 h0 h0 h1 h1 h3 h2 h1 h1 v2 v1 v0 v1 v0 v2
    = v2 v0 v1 v0 v1 v2 h0 h0 h2 h3 h0 h1 h3 h2 h1 h1 v2 v1 v0 v1 v0 v2
    = v2 v0 v1 v0 v1 v2 h0 h0 h2 h3 h3 h2 h1 h1 v2 v1 v0 v1 v0 v2
    = v2 v0 v1 v0 v1 v2 h0 h0 h2 h2 h1 h1 v2 v1 v0 v1 v0 v2
    = v2 v0 v1 v0 v1 v2 h0 h0 h1 h1 v2 v1 v0 v1 v0 v2
    = v2 v0 v1 v0 v1 v2 h0 h1 v2 v1 v0 v1 v0 v2
    = v2 v0 v1 v0 v1 v2 v2 v1 v0 v1 v0 v2
    = v2 v0 v1 v0 v1 v1 v0 v1 v0 v2
    = v2 v0 v1 v0 v0 v1 v0 v2
    = v2 v0 v1 v1 v0 v2
    = v2 v0 v0 v2
    = v2 v2
    = 1
  (K) v10|h inverts v|h002300:
    v1 v0 h0 h0 h2 h3 h0 h0 v0 v1 h0 h0 h2 h3 h0 h0
    = v1 v0 h0 h0 h2 h3 h0 v0 h1 v1 h0 h0 h2 h3 h0 h0
    = v1 v0 h0 h0 h2 h3 v0 h1 h1 v1 h0 h0 h2 h3 h0 h0
    = v1 v0 h0 h0 h2 v0 h2 h1 h1 v1 h0 h0 h2 h3 h0 h0
    = v1 v0 h0 h0 v0 h3 h2 h1 h1 v1 h0 h0 h2 h3 h0 h0
    = v1 v0 h0 v0 h1 h3 h2 h1 h1 v1 h0 h0 h2 h3 h0 h0
    = v1 v0 v0 h1 h1 h3 h2 h1 h1 v1 h0 h0 h2 h3 h0 h0
    = v1 h1 h1 h3 h2 h1 h1 v1 h0 h0 h2 h3 h0 h0
    = v1 h1 h1 h3 h2 h1 v2 h1 h0 h0 h2 h3 h0 h0
    = v1 h1 h1 h3 h2 v1 h1 h1 h0 h0 h2 h3 h0 h0
    = v1 h1 h1 h3 v1 h2 h1 h1 h0 h0 h2 h3 h0 h0
    = v1 h1 h1 v1 h3 h2 h1 h1 h0 h0 h2 h3 h0 h0
    = v1 h1 v2 h1 h3 h2 h1 h1 h0 h0 h2 h3 h0 h0
    = v1 v1 h1 h1 h3 h2 h1 h1 h0 h0 h2 h3 h0 h0
    = h1 h1 h3 h2 h1 h1 h0 h0 h2 h3 h0 h0
    = h1 h1 h3 h2 h1 h0 h2 h3 h0 h0
    = h1 h1 h3 h2 h2 h3 h0 h0
    = h1 h1 h3 h3 h0 h0
    = h1 h1 h0 h0
    = h1 h0
    = 1
class 460 chain of length 6 with 4 inverting steps verified: Gamma^+ is not left-orderable
  (K) v|h4234 inverts v02|h:
    h4 h2 h3 h4 v0 v2 h4 h3 h2 h4 v0 v2
    = h4 h2 h3 v1 h4 v2 h4 h3 h2 h4 v0 v2
    = h4 h2 v2 h3 h4 v2 h4 h3 h2 h4 v0 v2
    = h4 v2 h2 h3 h4 v2 h4 h3 h2 h4 v0 v2
    = v2 h4 h2 h3 h4 v2 h4 h3 h2 h4 v0 v2
    = v2 h4 h2 h3 v2 h4 h4 h3 h2 h4 v0 v2
    = v2 h4 h2 v1 h3 h4 h4 h3 h2 h4 v0 v2
    = v2 h4 v1 h2 h3 h4 h4 h3 h2 h4 v0 v2
    = v2 v0 h4 h2 h3 h4 h4 h3 h2 h4 v0 v2
    = v2 v0 h4 h2 h3 h3 h2 h4 v0 v2
    = v2 v0 h4 h2 h2 h4 v0 v2
    = v2 v0 h4 h4 v0 v2
    = v2 v0 v0 v2
    = v2 v2
    = 1
  (R) v|h4234 = r^1, v|h432324 = r^-2, r = v|h4234
  (K) v0120|h inverts v|h432324:
    v0 v1 v2 v0 h4 h3 h2 h3 h2 h4 v0 v2 v1 v0 h4 h3 h2 h3 h2 h4
    = v0 v1 v2 v0 h4 h3 h2 h3 h2 v1 h4 v2 v1 v0 h4 h3 h2 h3 h2 h4
    = v0 v1 v2 v0 h4 h3 h2 h3 v1 h2 h4 v2 v1 v0 h4 h3 h2 h3 h2 h4
    = v0 v1 v2 v0 h4 h3 h2 v2 h3 h2 h4 v2 v1 v0 h4 h3 h2 h3 h2 h4
    = v0 v1 v2 v0 h4 h3 v2 h2 h3 h2 h4 v2 v1 v0 h4 h3 h2 h3 h2 h4
    = v0 v1 v2 v0 h4 v1 h3 h2 h3 h2 h4 v2 v1 v0 h4 h3 h2 h3 h2 h4
    = v0 v1 v2 v0 v0 h4 h3 h2 h3 h2 h4 v2 v1 v0 h4 h3 h2 h3 h2 h4
    = v0 v1 v2 h4 h3 h2 h3 h2 h4 v2 v1 v0 h4 h3 h2 h3 h2 h4
    = v0 v1 v2 h4 h3 h2 h3 h2 v2 h4 v1 v0 h4 h3 h2 h3 h2 h4
    = v0 v1 v2 h4 h3 h2 h3 v2 h2 h4 v1 v0 h4 h3 h2 h3 h2 h4
    = v0 v1 v2 h4 h3 h2 v1 h3 h2 h4 v1 v0 h4 h3 h2 h3 h2 h4
    = v0 v1 v2 h4 h3 v1 h2 h3 h2 h4 v1 v0 h4 h3 h2 h3 h2 h4
    = v0 v1 v2 h4 v2 h3 h2 h3 h2 h4 v1 v0 h4 h3 h2 h3 h2 h4
    = v0 v1 v2 v2 h4 h3 h2 h3 h2 h4 v1 v0 h4 h3 h2 h3 h2 h4
    = v0 v1 h4 h3 h2 h3 h2 h4 v1 v0 h4 h3 h2 h3 h2 h4
    = v0 v1 h4 h3 h2 h3 h2 v0 h4 v0 h4 h3 h2 h3 h2 h4
    = v0 v1 h4 h3 h2 h3 v0 h3 h4 v0 h4 h3 h2 h3 h2 h4
    = v0 v1 h4 h3 h2 v0 h2 h3 h4 v0 h4 h3 h2 h3 h2 h4
    = v0 v1 h4 h3 v0 h3 h2 h3 h4 v0 h4 h3 h2 h3 h2 h4
    = v0 v1 h4 v0 h2 h3 h2 h3 h4 v0 h4 h3 h2 h3 h2 h4
    = v0 v1 v1 h4 h2 h3 h2 h3 h4 v0 h4 h3 h2 h3 h2 h4
    = v0 h4 h2 h3 h2 h3 h4 v0 h4 h3 h2 h3 h2 h4
    = v0 h4 h2 h3 h2 h3 v1 h4 h4 h3 h2 h3 h2 h4
    = v0 h4 h2 h3 h2 v2 h3 h4 h4 h3 h2 h3 h2 h4
    = v0 h4 h2 h3 v2 h2 h3 h4 h4 h3 h2 h3 h2 h4
    = v0 h4 h2 v1 h3 h2 h3 h4 h4 h3 h2 h3 h2 h4
    = v0 h4 v1 h2 h3 h2 h3 h4 h4 h3 h2 h3 h2 h4
    = v0 v0 h4 h2 h3 h2 h3 h4 h4 h3 h2 h3 h2 h4
    = h4 h2 h3 h2 h3 h4 h4 h3 h2 h3 h2 h4
    = h4 h2 h3 h2 h3 h3 h2 h3 h2 h4
    = h4 h2 h3 h2 h2 h3 h2 h4
    = h4 h2 h3 h3 h2 h4
    = h4 h2 h2 h4
    = h4 h4
    = 1
  (K) v|h23 inverts v0120|h:
    h2 h3 v0 v1 v2 v0 h3 h2 v0 v1 v2 v0
    = h2 v0 h2 v1 v2 v0 h3 h2 v0 v1 v2 v0
    = v0 h3 h2 v1 v2 v0 h3 h2 v0 v1 v2 v0
    = v0 h3 v1 h2 v2 v0 h3 h2 v0 v1 v2 v0
    = v0 v2 h3 h2 v2 v0 h3 h2 v0 v1 v2 v0
    = v0 v2 h3 v2 h2 v0 h3 h2 v0 v1 v2 v0
    = v0 v2 v1 h3 h2 v0 h3 h2 v0 v1 v2 v0
    = v0 v2 v1 h3 v0 h3 h3 h2 v0 v1 v2 v0
    = v0 v2 v1 v0 h2 h3 h3 h2 v0 v1 v2 v0
    = v0 v2 v1 v0 h2 h2 v0 v1 v2 v0
    = v0 v2 v1 v0 v0 v1 v2 v0
    = v0 v2 v1 v1 v2 v0
    = v0 v2 v2 v0
    = v0 v0
    = 1
  (R) v|h23 = r^1, v|h2323 = r^2, r = v|h23
  (K) v02|h inverts v|h2323:
    v0 v2 h2 h3 h2 h3 v2 v0 h2 h3 h2 h3
    = v0 v2 h2 h3 h2 v1 h3 v0 h2 h3 h2 h3
    = v0 v2 h2 h3 v1 h2 h3 v0 h2 h3 h2 h3
    = v0 v2 h2 v2 h3 h2 h3 v0 h2 h3 h2 h3
    = v0 v2 v2 h2 h3 h2 h3 v0 h2 h3 h2 h3
    = v0 h2 h3 h2 h3 v0 h2 h3 h2 h3
    = v0 h2 h3 h2 v0 h2 h2 h3 h2 h3
    = v0 h2 h3 v0 h3 h2 h2 h3 h2 h3
    = v0 h2 v0 h2 h3 h2 h2 h3 h2 h3
    = v0 v0 h3 h2 h3 h2 h2 h3 h2 h3
    = h3 h2 h3 h2 h2 h3 h2 h3
    = h3 h2 h3 h3 h2 h3
    = h3 h2 h2 h3
    = h3 h3
    = 1
class 461 chain of length 6 with 4 inverting steps verified: Gamma^+ is not left-orderable
  (K) v20|h inverts v|h4343:
    v2 v0 h4 h3 h4 h3 v0 v2 h4 h3 h4 h3
    = v2 v0 h4 h3 h4 v0 h3 v2 h4 h3 h4 h3
    = v2 v0 h4 h3 v1 h4 h3 v2 h4 h3 h4 h3
    = v2 v0 h4 v1 h3 h4 h3 v2 h4 h3 h4 h3
    = v2 v0 v0 h4 h3 h4 h3 v2 h4 h3 h4 h3
    = v2 h4 h3 h4 h3 v2 h4 h3 h4 h3
    = v2 h4 h3 h4 v2 h4 h4 h3 h4 h3
    = v2 h4 h3 v2 h3 h4 h4 h3 h4 h3
    = v2 h4 v2 h4 h3 h4 h4 h3 h4 h3
    = v2 v2 h3 h4 h3 h4 h4 h3 h4 h3
    = h3 h4 h3 h4 h4 h3 h4 h3
    = h3 h4 h3 h3 h4 h3
    = h3 h4 h4 h3
    = h3 h3
    = 1
  (R) v20|h = r^-1, v020202|h = r^3, r = v02|h
  (K) v|h0431 inverts v020202|h:
    h0 h4 h3 h1 v0 v2 v0 v2 v0 v2 h0 h3 h4 h1 v0 v2 v0 v2 v0 v2
    = h0 h4 h3 v0 h0 v2 v0 v2 v0 v2 h0 h3 h4 h1 v0 v2 v0 v2 v0 v2
    = h0 h4 v0 h3 h0 v2 v0 v2 v0 v2 h0 h3 h4 h1 v0 v2 v0 v2 v0 v2
    = h0 v1 h4 h3 h0 v2 v0 v2 v0 v2 h0 h3 h4 h1 v0 v2 v0 v2 v0 v2
    = v2 h0 h4 h3 h0 v2 v0 v2 v0 v2 h0 h3 h4 h1 v0 v2 v0 v2 v0 v2
    = v2 h0 h4 h3 v1 h2 v0 v2 v0 v2 h0 h3 h4 h1 v0 v2 v0 v2 v0 v2
    = v2 h0 h4 v1 h3 h2 v0 v2 v0 v2 h0 h3 h4 h1 v0 v2 v0 v2 v0 v2
    = v2 h0 v0 h4 h3 h2 v0 v2 v0 v2 h0 h3 h4 h1 v0 v2 v0 v2 v0 v2
    = v2 v0 h1 h4 h3 h2 v0 v2 v0 v2 h0 h3 h4 h1 v0 v2 v0 v2 v0 v2
    = v2 v0 h1 h4 h3 v0 h2 v2 v0 v2 h0 h3 h4 h1 v0 v2 v0 v2 v0 v2
    = v2 v0 h1 h4 v0 h3 h2 v2 v0 v2 h0 h3 h4 h1 v0 v2 v0 v2 v0 v2
    = v2 v0 h1 v1 h4 h3 h2 v2 v0 v2 h0 h3 h4 h1 v0 v2 v0 v2 v0 v2
    = v2 v0 v2 h2 h4 h3 h2 v2 v0 v2 h0 h3 h4 h1 v0 v2 v0 v2 v0 v2
    = v2 v0 v2 h2 h4 h3 v1 h0 v0 v2 h0 h3 h4 h1 v0 v2 v0 v2 v0 v2
    = v2 v0 v2 h2 h4 v1 h3 h0 v0 v2 h0 h3 h4 h1 v0 v2 v0 v2 v0 v2
    = v2 v0 v2 h2 v0 h4 h3 h0 v0 v2 h0 h3 h4 h1 v0 v2 v0 v2 v0 v2
    = v2 v0 v2 v0 h2 h4 h3 h0 v0 v2 h0 h3 h4 h1 v0 v2 v0 v2 v0 v2
    = v2 v0 v2 v0 h2 h4 h3 v0 h1 v2 h0 h3 h4 h1 v0 v2 v0 v2 v0 v2
    = v2 v0 v2 v0 h2 h4 v0 h3 h1 v2 h0 h3 h4 h1 v0 v2 v0 v2 v0 v2
    = v2 v0 v2 v0 h2 v1 h4 h3 h1 v2 h0 h3 h4 h1 v0 v2 v0 v2 v0 v2
    = v2 v0 v2 v0 v2 h1 h4 h3 h1 v2 h0 h3 h4 h1 v0 v2 v0 v2 v0 v2
    = v2 v0 v2 v0 v2 h1 h4 h3 v1 h1 h0 h3 h4 h1 v0 v2 v0 v2 v0 v2
    = v2 v0 v2 v0 v2 h1 h4 v1 h3 h1 h0 h3 h4 h1 v0 v2 v0 v2 v0 v2
    = v2 v0 v2 v0 v2 h1 v0 h4 h3 h1 h0 h3 h4 h1 v0 v2 v0 v2 v0 v2
    = v2 v0 v2 v0 v2 v0 h0 h4 h3 h1 h0 h3 h4 h1 v0 v2 v0 v2 v0 v2
    = v2 v0 v2 v0 v2 v0 h0 h4 h3 h3 h4 h1 v0 v2 v0 v2 v0 v2
    = v2 v0 v2 v0 v2 v0 h0 h4 h4 h1 v0 v2 v0 v2 v0 v2
    = v2 v0 v2 v0 v2 v0 h0 h1 v0 v2 v0 v2 v0 v2
    = v2 v0 v2 v0 v2 v0 v0 v2 v0 v2 v0 v2
    = v2 v0 v2 v0 v2 v2 v0 v2 v0 v2
    = v2 v0 v2 v0 v0 v2 v0 v2
    = v2 v0 v2 v2 v0 v2
    = v2 v0 v0 v2
    = v2 v2
    = 1
  (R) v|h0431 = r^-1, v|h034341 = r^2, r = v|h0341
  (K) v101010|h inverts v|h034341:
    v1 v0 v1 v0 v1 v0 h0 h3 h4 h3 h4 h1 v0 v1 v0 v1 v0 v1 h0 h3 h4 h3 h4 h1
    = v1 v0 v1 v0 v1 v0 h0 h3 h4 h3 h4 v0 h0 v1 v0 v1 v0 v1 h0 h3 h4 h3 h4 h1
    = v1 v0 v1 v0 v1 v0 h0 h3 h4 h3 v1 h4 h0 v1 v0 v1 v0 v1 h0 h3 h4 h3 h4 h1
    = v1 v0 v1 v0 v1 v0 h0 h3 h4 v1 h3 h4 h0 v1 v0 v1 v0 v1 h0 h3 h4 h3 h4 h1
    = v1 v0 v1 v0 v1 v0 h0 h3 v0 h4 h3 h4 h0 v1 v0 v1 v0 v1 h0 h3 h4 h3 h4 h1
    = v1 v0 v1 v0 v1 v0 h0 v0 h3 h4 h3 h4 h0 v1 v0 v1 v0 v1 h0 h3 h4 h3 h4 h1
    = v1 v0 v1 v0 v1 v0 v0 h1 h3 h4 h3 h4 h0 v1 v0 v1 v0 v1 h0 h3 h4 h3 h4 h1
    = v1 v0 v1 v0 v1 h1 h3 h4 h3 h4 h0 v1 v0 v1 v0 v1 h0 h3 h4 h3 h4 h1
    = v1 v0 v1 v0 v1 h1 h3 h4 h3 h4 v2 h0 v0 v1 v0 v1 h0 h3 h4 h3 h4 h1
    = v1 v0 v1 v0 v1 h1 h3 h4 h3 v2 h3 h0 v0 v1 v0 v1 h0 h3 h4 h3 h4 h1
    = v1 v0 v1 v0 v1 h1 h3 h4 v2 h4 h3 h0 v0 v1 v0 v1 h0 h3 h4 h3 h4 h1
    = v1 v0 v1 v0 v1 h1 h3 v2 h3 h4 h3 h0 v0 v1 v0 v1 h0 h3 h4 h3 h4 h1
    = v1 v0 v1 v0 v1 h1 v2 h4 h3 h4 h3 h0 v0 v1 v0 v1 h0 h3 h4 h3 h4 h1
    = v1 v0 v1 v0 v1 v1 h1 h4 h3 h4 h3 h0 v0 v1 v0 v1 h0 h3 h4 h3 h4 h1
    = v1 v0 v1 v0 h1 h4 h3 h4 h3 h0 v0 v1 v0 v1 h0 h3 h4 h3 h4 h1
    = v1 v0 v1 v0 h1 h4 h3 h4 h3 v0 h1 v1 v0 v1 h0 h3 h4 h3 h4 h1
    = v1 v0 v1 v0 h1 h4 h3 h4 v0 h3 h1 v1 v0 v1 h0 h3 h4 h3 h4 h1
    = v1 v0 v1 v0 h1 h4 h3 v1 h4 h3 h1 v1 v0 v1 h0 h3 h4 h3 h4 h1
    = v1 v0 v1 v0 h1 h4 v1 h3 h4 h3 h1 v1 v0 v1 h0 h3 h4 h3 h4 h1
    = v1 v0 v1 v0 h1 v0 h4 h3 h4 h3 h1 v1 v0 v1 h0 h3 h4 h3 h4 h1
    = v1 v0 v1 v0 v0 h0 h4 h3 h4 h3 h1 v1 v0 v1 h0 h3 h4 h3 h4 h1
    = v1 v0 v1 h0 h4 h3 h4 h3 h1 v1 v0 v1 h0 h3 h4 h3 h4 h1
    = v1 v0 v1 h0 h4 h3 h4 h3 v2 h2 v0 v1 h0 h3 h4 h3 h4 h1
    = v1 v0 v1 h0 h4 h3 h4 v2 h4 h2 v0 v1 h0 h3 h4 h3 h4 h1
    = v1 v0 v1 h0 h4 h3 v2 h3 h4 h2 v0 v1 h0 h3 h4 h3 h4 h1
    = v1 v0 v1 h0 h4 v2 h4 h3 h4 h2 v0 v1 h0 h3 h4 h3 h4 h1
    = v1 v0 v1 h0 v2 h3 h4 h3 h4 h2 v0 v1 h0 h3 h4 h3 h4 h1
    = v1 v0 v1 v1 h2 h3 h4 h3 h4 h2 v0 v1 h0 h3 h4 h3 h4 h1
    = v1 v0 h2 h3 h4 h3 h4 h2 v0 v1 h0 h3 h4 h3 h4 h1
    = v1 v0 h2 h3 h4 h3 h4 v0 h2 v1 h0 h3 h4 h3 h4 h1
    = v1 v0 h2 h3 h4 h3 v1 h4 h2 v1 h0 h3 h4 h3 h4 h1
    = v1 v0 h2 h3 h4 v1 h3 h4 h2 v1 h0 h3 h4 h3 h4 h1
    = v1 v0 h2 h3 v0 h4 h3 h4 h2 v1 h0 h3 h4 h3 h4 h1
    = v1 v0 h2 v0 h3 h4 h3 h4 h2 v1 h0 h3 h4 h3 h4 h1
    = v1 v0 v0 h2 h3 h4 h3 h4 h2 v1 h0 h3 h4 h3 h4 h1
    = v1 h2 h3 h4 h3 h4 h2 v1 h0 h3 h4 h3 h4 h1
    = v1 h2 h3 h4 h3 h4 v2 h1 h0 h3 h4 h3 h4 h1
    = v1 h2 h3 h4 h3 v2 h3 h1 h0 h3 h4 h3 h4 h1
    = v1 h2 h3 h4 v2 h4 h3 h1 h0 h3 h4 h3 h4 h1
    = v1 h2 h3 v2 h3 h4 h3 h1 h0 h3 h4 h3 h4 h1
    = v1 h2 v2 h4 h3 h4 h3 h1 h0 h3 h4 h3 h4 h1
    = v1 v1 h0 h4 h3 h4 h3 h1 h0 h3 h4 h3 h4 h1
    = h0 h4 h3 h4 h3 h1 h0 h3 h4 h3 h4 h1
    = h0 h4 h3 h4 h3 h3 h4 h3 h4 h1
    = h0 h4 h3 h4 h4 h3 h4 h1
    = h0 h4 h3 h3 h4 h1
    = h0 h4 h4 h1
    = h0 h1
    = 1
  (K) v|h43 inverts v101010|h:
    h4 h3 v1 v0 v1 v0 v1 v0 h3 h4 v1 v0 v1 v0 v1 v0
    = h4 v1 h3 v0 v1 v0 v1 v0 h3 h4 v1 v0 v1 v0 v1 v0
    = v0 h4 h3 v0 v1 v0 v1 v0 h3 h4 v1 v0 v1 v0 v1 v0
    = v0 h4 v0 h3 v1 v0 v1 v0 h3 h4 v1 v0 v1 v0 v1 v0
    = v0 v1 h4 h3 v1 v0 v1 v0 h3 h4 v1 v0 v1 v0 v1 v0
    = v0 v1 h4 v1 h3 v0 v1 v0 h3 h4 v1 v0 v1 v0 v1 v0
    = v0 v1 v0 h4 h3 v0 v1 v0 h3 h4 v1 v0 v1 v0 v1 v0
    = v0 v1 v0 h4 v0 h3 v1 v0 h3 h4 v1 v0 v1 v0 v1 v0
    = v0 v1 v0 v1 h4 h3 v1 v0 h3 h4 v1 v0 v1 v0 v1 v0
    = v0 v1 v0 v1 h4 v1 h3 v0 h3 h4 v1 v0 v1 v0 v1 v0
    = v0 v1 v0 v1 v0 h4 h3 v0 h3 h4 v1 v0 v1 v0 v1 v0
    = v0 v1 v0 v1 v0 h4 v0 h3 h3 h4 v1 v0 v1 v0 v1 v0
    = v0 v1 v0 v1 v0 v1 h4 h3 h3 h4 v1 v0 v1 v0 v1 v0
    = v0 v1 v0 v1 v0 v1 h4 h4 v1 v0 v1 v0 v1 v0
    = v0 v1 v0 v1 v0 v1 v1 v0 v1 v0 v1 v0
    = v0 v1 v0 v1 v0 v0 v1 v0 v1 v0
    = v0 v1 v0 v1 v1 v0 v1 v0
    = v0 v1 v0 v0 v1 v0
    = v0 v1 v1 v0
    = v0 v0
    = 1
  (R) v|h43 = r^-1, v|h4343 = r^-2, r = v|h34
class 482 chain of length 7 with 4 inverting steps verified: Gamma^+ is not left-orderable
  (K) v|h0341 inverts v02|h:
    h0 h3 h4 h1 v0 v2 h0 h4 h3 h1 v0 v2
    = h0 h3 h4 v0 h0 v2 h0 h4 h3 h1 v0 v2
    = h0 h3 v1 h4 h0 v2 h0 h4 h3 h1 v0 v2
    = h0 v1 h3 h4 h0 v2 h0 h4 h3 h1 v0 v2
    = v2 h1 h3 h4 h0 v2 h0 h4 h3 h1 v0 v2
    = v2 h1 h3 h4 v1 h1 h0 h4 h3 h1 v0 v2
    = v2 h1 h3 v0 h4 h1 h0 h4 h3 h1 v0 v2
    = v2 h1 v0 h3 h4 h1 h0 h4 h3 h1 v0 v2
    = v2 v0 h0 h3 h4 h1 h0 h4 h3 h1 v0 v2
    = v2 v0 h0 h3 h4 h4 h3 h1 v0 v2
    = v2 v0 h0 h3 h3 h1 v0 v2
    = v2 v0 h0 h1 v0 v2
    = v2 v0 v0 v2
    = v2 v2
    = 1
  (R) v|h0341 = r^1, v|h034341 = r^2, r = v|h0341
  (K) v10|h inverts v|h034341:
    v1 v0 h0 h3 h4 h3 h4 h1 v0 v1 h0 h3 h4 h3 h4 h1
    = v1 v0 h0 h3 h4 h3 h4 v0 h0 v1 h0 h3 h4 h3 h4 h1
    = v1 v0 h0 h3 h4 h3 v1 h4 h0 v1 h0 h3 h4 h3 h4 h1
    = v1 v0 h0 h3 h4 v1 h3 h4 h0 v1 h0 h3 h4 h3 h4 h1
    = v1 v0 h0 h3 v0 h4 h3 h4 h0 v1 h0 h3 h4 h3 h4 h1
    = v1 v0 h0 v0 h3 h4 h3 h4 h0 v1 h0 h3 h4 h3 h4 h1
    = v1 v0 v0 h1 h3 h4 h3 h4 h0 v1 h0 h3 h4 h3 h4 h1
    = v1 h1 h3 h4 h3 h4 h0 v1 h0 h3 h4 h3 h4 h1
    = v1 h1 h3 h4 h3 h4 v2 h1 h0 h3 h4 h3 h4 h1
    = v1 h1 h3 h4 h3 v2 h3 h1 h0 h3 h4 h3 h4 h1
    = v1 h1 h3 h4 v2 h4 h3 h1 h0 h3 h4 h3 h4 h1
    = v1 h1 h3 v2 h3 h4 h3 h1 h0 h3 h4 h3 h4 h1
    = v1 h1 v2 h4 h3 h4 h3 h1 h0 h3 h4 h3 h4 h1
    = v1 v1 h0 h4 h3 h4 h3 h1 h0 h3 h4 h3 h4 h1
    = h0 h4 h3 h4 h3 h1 h0 h3 h4 h3 h4 h1
    = h0 h4 h3 h4 h3 h3 h4 h3 h4 h1
    = h0 h4 h3 h4 h4 h3 h4 h1
    = h0 h4 h3 h3 h4 h1
    = h0 h4 h4 h1
    = h0 h1
    = 1
  (K) v|h2432 inverts v10|h:
    h2 h4 h3 h2 v1 v0 h2 h3 h4 h2 v1 v0
    = h2 h4 h3 v1 h2 v0 h2 h3 h4 h2 v1 v0
    = h2 h4 v1 h3 h2 v0 h2 h3 h4 h2 v1 v0
    = h2 v0 h4 h3 h2 v0 h2 h3 h4 h2 v1 v0
    = v0 h2 h4 h3 h2 v0 h2 h3 h4 h2 v1 v0
    = v0 h2 h4 h3 v0 h2 h2 h3 h4 h2 v1 v0
    = v0 h2 h4 v0 h3 h2 h2 h3 h4 h2 v1 v0
    = v0 h2 v1 h4 h3 h2 h2 h3 h4 h2 v1 v0
    = v0 v1 h2 h4 h3 h2 h2 h3 h4 h2 v1 v0
    = v0 v1 h2 h4 h3 h3 h4 h2 v1 v0
    = v0 v1 h2 h4 h4 h2 v1 v0
    = v0 v1 h2 h2 v1 v0
    = v0 v1 v1 v0
    = v0 v0
    = 1
  (R) v|h2432 = r^-1, v|h243432 = r^-2, r = v|h2342
  (K) v02|h inverts v|h243432:
    v0 v2 h2 h4 h3 h4 h3 h2 v2 v0 h2 h4 h3 h4 h3 h2
    = v0 v2 h2 h4 h3 h4 h3 v2 h2 v0 h2 h4 h3 h4 h3 h2
    = v0 v2 h2 h4 h3 h4 v2 h4 h2 v0 h2 h4 h3 h4 h3 h2
    = v0 v2 h2 h4 h3 v2 h3 h4 h2 v0 h2 h4 h3 h4 h3 h2
    = v0 v2 h2 h4 v2 h4 h3 h4 h2 v0 h2 h4 h3 h4 h3 h2
    = v0 v2 h2 v2 h3 h4 h3 h4 h2 v0 h2 h4 h3 h4 h3 h2
    = v0 v2 v2 h2 h3 h4 h3 h4 h2 v0 h2 h4 h3 h4 h3 h2
    = v0 h2 h3 h4 h3 h4 h2 v0 h2 h4 h3 h4 h3 h2
    = v0 h2 h3 h4 h3 h4 v0 h2 h2 h4 h3 h4 h3 h2
    = v0 h2 h3 h4 h3 v1 h4 h2 h2 h4 h3 h4 h3 h2
    = v0 h2 h3 h4 v1 h3 h4 h2 h2 h4 h3 h4 h3 h2
    = v0 h2 h3 v0 h4 h3 h4 h2 h2 h4 h3 h4 h3 h2
    = v0 h2 v0 h3 h4 h3 h4 h2 h2 h4 h3 h4 h3 h2
    = v0 v0 h2 h3 h4 h3 h4 h2 h2 h4 h3 h4 h3 h2
    = h2 h3 h4 h3 h4 h2 h2 h4 h3 h4 h3 h2
    = h2 h3 h4 h3 h4 h4 h3 h4 h3 h2
    = h2 h3 h4 h3 h3 h4 h3 h2
    = h2 h3 h4 h4 h3 h2
    = h2 h3 h3 h2
    = h2 h2
    = 1
class 512 chain of length 6 with 4 inverting steps verified: Gamma^+ is not left-orderable
  (R) v02|h = r^1, v0202|h = r^2, r = v02|h
  (K) v|h004211 inverts v0202|h:
    h0 h0 h4 h2 h1 h1 v0 v2 v0 v2 h0 h0 h2 h4 h1 h1 v0 v2 v0 v2
    = h0 h0 h4 h2 h1 v0 h0 v2 v0 v2 h0 h0 h2 h4 h1 h1 v0 v2 v0 v2
    = h0 h0 h4 h2 v0 h0 h0 v2 v0 v2 h0 h0 h2 h4 h1 h1 v0 v2 v0 v2
    = h0 h0 h4 v0 h2 h0 h0 v2 v0 v2 h0 h0 h2 h4 h1 h1 v0 v2 v0 v2
    = h0 h0 v2 h4 h2 h0 h0 v2 v0 v2 h0 h0 h2 h4 h1 h1 v0 v2 v0 v2
    = h0 v1 h1 h4 h2 h0 h0 v2 v0 v2 h0 h0 h2 h4 h1 h1 v0 v2 v0 v2
    = v2 h1 h1 h4 h2 h0 h0 v2 v0 v2 h0 h0 h2 h4 h1 h1 v0 v2 v0 v2
    = v2 h1 h1 h4 h2 h0 v1 h1 v0 v2 h0 h0 h2 h4 h1 h1 v0 v2 v0 v2
    = v2 h1 h1 h4 h2 v2 h1 h1 v0 v2 h0 h0 h2 h4 h1 h1 v0 v2 v0 v2
    = v2 h1 h1 h4 v2 h3 h1 h1 v0 v2 h0 h0 h2 h4 h1 h1 v0 v2 v0 v2
    = v2 h1 h1 v0 h4 h3 h1 h1 v0 v2 h0 h0 h2 h4 h1 h1 v0 v2 v0 v2
    = v2 h1 v0 h0 h4 h3 h1 h1 v0 v2 h0 h0 h2 h4 h1 h1 v0 v2 v0 v2
    = v2 v0 h0 h0 h4 h3 h1 h1 v0 v2 h0 h0 h2 h4 h1 h1 v0 v2 v0 v2
    = v2 v0 h0 h0 h4 h3 h1 v0 h0 v2 h0 h0 h2 h4 h1 h1 v0 v2 v0 v2
    = v2 v0 h0 h0 h4 h3 v0 h0 h0 v2 h0 h0 h2 h4 h1 h1 v0 v2 v0 v2
    = v2 v0 h0 h0 h4 v0 h3 h0 h0 v2 h0 h0 h2 h4 h1 h1 v0 v2 v0 v2
    = v2 v0 h0 h0 v2 h4 h3 h0 h0 v2 h0 h0 h2 h4 h1 h1 v0 v2 v0 v2
    = v2 v0 h0 v1 h1 h4 h3 h0 h0 v2 h0 h0 h2 h4 h1 h1 v0 v2 v0 v2
    = v2 v0 v2 h1 h1 h4 h3 h0 h0 v2 h0 h0 h2 h4 h1 h1 v0 v2 v0 v2
    = v2 v0 v2 h1 h1 h4 h3 h0 v1 h1 h0 h0 h2 h4 h1 h1 v0 v2 v0 v2
    = v2 v0 v2 h1 h1 h4 h3 v2 h1 h1 h0 h0 h2 h4 h1 h1 v0 v2 v0 v2
    = v2 v0 v2 h1 h1 h4 v2 h2 h1 h1 h0 h0 h2 h4 h1 h1 v0 v2 v0 v2
    = v2 v0 v2 h1 h1 v0 h4 h2 h1 h1 h0 h0 h2 h4 h1 h1 v0 v2 v0 v2
    = v2 v0 v2 h1 v0 h0 h4 h2 h1 h1 h0 h0 h2 h4 h1 h1 v0 v2 v0 v2
    = v2 v0 v2 v0 h0 h0 h4 h2 h1 h1 h0 h0 h2 h4 h1 h1 v0 v2 v0 v2
    = v2 v0 v2 v0 h0 h0 h4 h2 h1 h0 h2 h4 h1 h1 v0 v2 v0 v2
    = v2 v0 v2 v0 h0 h0 h4 h2 h2 h4 h1 h1 v0 v2 v0 v2
    = v2 v0 v2 v0 h0 h0 h4 h4 h1 h1 v0 v2 v0 v2
    = v2 v0 v2 v0 h0 h0 h1 h1 v0 v2 v0 v2
    = v2 v0 v2 v0 h0 h1 v0 v2 v0 v2
    = v2 v0 v2 v0 v0 v2 v0 v2
    = v2 v0 v2 v2 v0 v2
    = v2 v0 v0 v2
    = v2 v2
    = 1
  (K) v1201|h inverts v|h004211:
    v1 v2 v0 v1 h0 h0 h4 h2 h1 h1 v1 v0 v2 v1 h0 h0 h4 h2 h1 h1
    = v1 v2 v0 v1 h0 h0 h4 h2 h1 v2 h0 v0 v2 v1 h0 h0 h4 h2 h1 h1
    = v1 v2 v0 v1 h0 h0 h4 h2 v1 h0 h0 v0 v2 v1 h0 h0 h4 h2 h1 h1
    = v1 v2 v0 v1 h0 h0 h4 v1 h2 h0 h0 v0 v2 v1 h0 h0 h4 h2 h1 h1
    = v1 v2 v0 v1 h0 h0 v1 h3 h2 h0 h0 v0 v2 v1 h0 h0 h4 h2 h1 h1
    = v1 v2 v0 v1 h0 v2 h1 h3 h2 h0 h0 v0 v2 v1 h0 h0 h4 h2 h1 h1
    = v1 v2 v0 v1 v1 h1 h1 h3 h2 h0 h0 v0 v2 v1 h0 h0 h4 h2 h1 h1
    = v1 v2 v0 h1 h1 h3 h2 h0 h0 v0 v2 v1 h0 h0 h4 h2 h1 h1
    = v1 v2 v0 h1 h1 h3 h2 h0 v0 h1 v2 v1 h0 h0 h4 h2 h1 h1
    = v1 v2 v0 h1 h1 h3 h2 v0 h1 h1 v2 v1 h0 h0 h4 h2 h1 h1
    = v1 v2 v0 h1 h1 h3 v0 h2 h1 h1 v2 v1 h0 h0 h4 h2 h1 h1
    = v1 v2 v0 h1 h1 v0 h3 h2 h1 h1 v2 v1 h0 h0 h4 h2 h1 h1
    = v1 v2 v0 h1 v0 h0 h3 h2 h1 h1 v2 v1 h0 h0 h4 h2 h1 h1
    = v1 v2 v0 v0 h0 h0 h3 h2 h1 h1 v2 v1 h0 h0 h4 h2 h1 h1
    = v1 v2 h0 h0 h3 h2 h1 h1 v2 v1 h0 h0 h4 h2 h1 h1
    = v1 v2 h0 h0 h3 h2 h1 v1 h0 v1 h0 h0 h4 h2 h1 h1
    = v1 v2 h0 h0 h3 h2 v2 h0 h0 v1 h0 h0 h4 h2 h1 h1
    = v1 v2 h0 h0 h3 v2 h3 h0 h0 v1 h0 h0 h4 h2 h1 h1
    = v1 v2 h0 h0 v2 h2 h3 h0 h0 v1 h0 h0 h4 h2 h1 h1
    = v1 v2 h0 v1 h1 h2 h3 h0 h0 v1 h0 h0 h4 h2 h1 h1
    = v1 v2 v2 h1 h1 h2 h3 h0 h0 v1 h0 h0 h4 h2 h1 h1
    = v1 h1 h1 h2 h3 h0 h0 v1 h0 h0 h4 h2 h1 h1
    = v1 h1 h1 h2 h3 h0 v2 h1 h0 h0 h4 h2 h1 h1
    = v1 h1 h1 h2 h3 v1 h1 h1 h0 h0 h4 h2 h1 h1
    = v1 h1 h1 h2 v1 h4 h1 h1 h0 h0 h4 h2 h1 h1
    = v1 h1 h1 v1 h2 h4 h1 h1 h0 h0 h4 h2 h1 h1
    = v1 h1 v2 h0 h2 h4 h1 h1 h0 h0 h4 h2 h1 h1
    = v1 v1 h0 h0 h2 h4 h1 h1 h0 h0 h4 h2 h1 h1
    = h0 h0 h2 h4 h1 h1 h0 h0 h4 h2 h1 h1
    = h0 h0 h2 h4 h1 h0 h4 h2 h1 h1
    = h0 h0 h2 h4 h4 h2 h1 h1
    = h0 h0 h2 h2 h1 h1
    = h0 h0 h1 h1
    = h0 h1
    = 1
  (R) v1201|h = r^-1, v120201|h = r^-2, r = v1021|h
  (K) v|h002311 inverts v120201|h:
    h0 h0 h2 h3 h1 h1 v1 v2 v0 v2 v0 v1 h0 h0 h3 h2 h1 h1 v1 v2 v0 v2 v0 v1
    = h0 h0 h2 h3 h1 v2 h0 v2 v0 v2 v0 v1 h0 h0 h3 h2 h1 h1 v1 v2 v0 v2 v0 v1
    = h0 h0 h2 h3 v1 h0 h0 v2 v0 v2 v0 v1 h0 h0 h3 h2 h1 h1 v1 v2 v0 v2 v0 v1
    = h0 h0 h2 v1 h4 h0 h0 v2 v0 v2 v0 v1 h0 h0 h3 h2 h1 h1 v1 v2 v0 v2 v0 v1
    = h0 h0 v1 h2 h4 h0 h0 v2 v0 v2 v0 v1 h0 h0 h3 h2 h1 h1 v1 v2 v0 v2 v0 v1
    = h0 v2 h1 h2 h4 h0 h0 v2 v0 v2 v0 v1 h0 h0 h3 h2 h1 h1 v1 v2 v0 v2 v0 v1
    = v1 h1 h1 h2 h4 h0 h0 v2 v0 v2 v0 v1 h0 h0 h3 h2 h1 h1 v1 v2 v0 v2 v0 v1
    = v1 h1 h1 h2 h4 h0 v1 h1 v0 v2 v0 v1 h0 h0 h3 h2 h1 h1 v1 v2 v0 v2 v0 v1
    = v1 h1 h1 h2 h4 v2 h1 h1 v0 v2 v0 v1 h0 h0 h3 h2 h1 h1 v1 v2 v0 v2 v0 v1
    = v1 h1 h1 h2 v0 h4 h1 h1 v0 v2 v0 v1 h0 h0 h3 h2 h1 h1 v1 v2 v0 v2 v0 v1
    = v1 h1 h1 v0 h2 h4 h1 h1 v0 v2 v0 v1 h0 h0 h3 h2 h1 h1 v1 v2 v0 v2 v0 v1
    = v1 h1 v0 h0 h2 h4 h1 h1 v0 v2 v0 v1 h0 h0 h3 h2 h1 h1 v1 v2 v0 v2 v0 v1
    = v1 v0 h0 h0 h2 h4 h1 h1 v0 v2 v0 v1 h0 h0 h3 h2 h1 h1 v1 v2 v0 v2 v0 v1
    = v1 v0 h0 h0 h2 h4 h1 v0 h0 v2 v0 v1 h0 h0 h3 h2 h1 h1 v1 v2 v0 v2 v0 v1
    = v1 v0 h0 h0 h2 h4 v0 h0 h0 v2 v0 v1 h0 h0 h3 h2 h1 h1 v1 v2 v0 v2 v0 v1
    = v1 v0 h0 h0 h2 v2 h4 h0 h0 v2 v0 v1 h0 h0 h3 h2 h1 h1 v1 v2 v0 v2 v0 v1
    = v1 v0 h0 h0 v2 h3 h4 h0 h0 v2 v0 v1 h0 h0 h3 h2 h1 h1 v1 v2 v0 v2 v0 v1
    = v1 v0 h0 v1 h1 h3 h4 h0 h0 v2 v0 v1 h0 h0 h3 h2 h1 h1 v1 v2 v0 v2 v0 v1
    = v1 v0 v2 h1 h1 h3 h4 h0 h0 v2 v0 v1 h0 h0 h3 h2 h1 h1 v1 v2 v0 v2 v0 v1
    = v1 v0 v2 h1 h1 h3 h4 h0 v1 h1 v0 v1 h0 h0 h3 h2 h1 h1 v1 v2 v0 v2 v0 v1
    = v1 v0 v2 h1 h1 h3 h4 v2 h1 h1 v0 v1 h0 h0 h3 h2 h1 h1 v1 v2 v0 v2 v0 v1
    = v1 v0 v2 h1 h1 h3 v0 h4 h1 h1 v0 v1 h0 h0 h3 h2 h1 h1 v1 v2 v0 v2 v0 v1
    = v1 v0 v2 h1 h1 v0 h3 h4 h1 h1 v0 v1 h0 h0 h3 h2 h1 h1 v1 v2 v0 v2 v0 v1
    = v1 v0 v2 h1 v0 h0 h3 h4 h1 h1 v0 v1 h0 h0 h3 h2 h1 h1 v1 v2 v0 v2 v0 v1
    = v1 v0 v2 v0 h0 h0 h3 h4 h1 h1 v0 v1 h0 h0 h3 h2 h1 h1 v1 v2 v0 v2 v0 v1
    = v1 v0 v2 v0 h0 h0 h3 h4 h1 v0 h0 v1 h0 h0 h3 h2 h1 h1 v1 v2 v0 v2 v0 v1
    = v1 v0 v2 v0 h0 h0 h3 h4 v0 h0 h0 v1 h0 h0 h3 h2 h1 h1 v1 v2 v0 v2 v0 v1
    = v1 v0 v2 v0 h0 h0 h3 v2 h4 h0 h0 v1 h0 h0 h3 h2 h1 h1 v1 v2 v0 v2 v0 v1
    = v1 v0 v2 v0 h0 h0 v2 h2 h4 h0 h0 v1 h0 h0 h3 h2 h1 h1 v1 v2 v0 v2 v0 v1
    = v1 v0 v2 v0 h0 v1 h1 h2 h4 h0 h0 v1 h0 h0 h3 h2 h1 h1 v1 v2 v0 v2 v0 v1
    = v1 v0 v2 v0 v2 h1 h1 h2 h4 h0 h0 v1 h0 h0 h3 h2 h1 h1 v1 v2 v0 v2 v0 v1
    = v1 v0 v2 v0 v2 h1 h1 h2 h4 h0 v2 h1 h0 h0 h3 h2 h1 h1 v1 v2 v0 v2 v0 v1
    = v1 v0 v2 v0 v2 h1 h1 h2 h4 v1 h1 h1 h0 h0 h3 h2 h1 h1 v1 v2 v0 v2 v0 v1
    = v1 v0 v2 v0 v2 h1 h1 h2 v1 h3 h1 h1 h0 h0 h3 h2 h1 h1 v1 v2 v0 v2 v0 v1
    = v1 v0 v2 v0 v2 h1 h1 v1 h2 h3 h1 h1 h0 h0 h3 h2 h1 h1 v1 v2 v0 v2 v0 v1
    = v1 v0 v2 v0 v2 h1 v2 h0 h2 h3 h1 h1 h0 h0 h3 h2 h1 h1 v1 v2 v0 v2 v0 v1
    = v1 v0 v2 v0 v2 v1 h0 h0 h2 h3 h1 h1 h0 h0 h3 h2 h1 h1 v1 v2 v0 v2 v0 v1
    = v1 v0 v2 v0 v2 v1 h0 h0 h2 h3 h1 h0 h3 h2 h1 h1 v1 v2 v0 v2 v0 v1
    = v1 v0 v2 v0 v2 v1 h0 h0 h2 h3 h3 h2 h1 h1 v1 v2 v0 v2 v0 v1
    = v1 v0 v2 v0 v2 v1 h0 h0 h2 h2 h1 h1 v1 v2 v0 v2 v0 v1
    = v1 v0 v2 v0 v2 v1 h0 h0 h1 h1 v1 v2 v0 v2 v0 v1
    = v1 v0 v2 v0 v2 v1 h0 h1 v1 v2 v0 v2 v0 v1
    = v1 v0 v2 v0 v2 v1 v1 v2 v0 v2 v0 v1
    = v1 v0 v2 v0 v2 v2 v0 v2 v0 v1
    = v1 v0 v2 v0 v0 v2 v0 v1
    = v1 v0 v2 v2 v0 v1
    = v1 v0 v0 v1
    = v1 v1
    = 1
  (K) v02|h inverts v|h002311:
    v0 v2 h0 h0 h2 h3 h1 h1 v2 v0 h0 h0 h2 h3 h1 h1
    = v0 v2 h0 h0 h2 h3 h1 v1 h0 v0 h0 h0 h2 h3 h1 h1
    = v0 v2 h0 h0 h2 h3 v2 h0 h0 v0 h0 h0 h2 h3 h1 h1
    = v0 v2 h0 h0 h2 v2 h2 h0 h0 v0 h0 h0 h2 h3 h1 h1
    = v0 v2 h0 h0 v2 h3 h2 h0 h0 v0 h0 h0 h2 h3 h1 h1
    = v0 v2 h0 v1 h1 h3 h2 h0 h0 v0 h0 h0 h2 h3 h1 h1
    = v0 v2 v2 h1 h1 h3 h2 h0 h0 v0 h0 h0 h2 h3 h1 h1
    = v0 h1 h1 h3 h2 h0 h0 v0 h0 h0 h2 h3 h1 h1
    = v0 h1 h1 h3 h2 h0 v0 h1 h0 h0 h2 h3 h1 h1
    = v0 h1 h1 h3 h2 v0 h1 h1 h0 h0 h2 h3 h1 h1
    = v0 h1 h1 h3 v0 h2 h1 h1 h0 h0 h2 h3 h1 h1
    = v0 h1 h1 v0 h3 h2 h1 h1 h0 h0 h2 h3 h1 h1
    = v0 h1 v0 h0 h3 h2 h1 h1 h0 h0 h2 h3 h1 h1
    = v0 v0 h0 h0 h3 h2 h1 h1 h0 h0 h2 h3 h1 h1
    = h0 h0 h3 h2 h1 h1 h0 h0 h2 h3 h1 h1
    = h0 h0 h3 h2 h1 h0 h2 h3 h1 h1
    = h0 h0 h3 h2 h2 h3 h1 h1
    = h0 h0 h3 h3 h1 h1
    = h0 h0 h1 h1
    = h0 h1
    = 1
class 532 chain of length 6 with 4 inverting steps verified: Gamma^+ is not left-orderable
  (R) v12|h = r^1, v2121|h = r^-2, r = v12|h
  (K) v|h004211 inverts v2121|h:
    h0 h0 h4 h2 h1 h1 v2 v1 v2 v1 h0 h0 h2 h4 h1 h1 v2 v1 v2 v1
    = h0 h0 h4 h2 h1 v1 h0 v1 v2 v1 h0 h0 h2 h4 h1 h1 v2 v1 v2 v1
    = h0 h0 h4 h2 v2 h0 h0 v1 v2 v1 h0 h0 h2 h4 h1 h1 v2 v1 v2 v1
    = h0 h0 h4 v2 h3 h0 h0 v1 v2 v1 h0 h0 h2 h4 h1 h1 v2 v1 v2 v1
    = h0 h0 v1 h4 h3 h0 h0 v1 v2 v1 h0 h0 h2 h4 h1 h1 v2 v1 v2 v1
    = h0 v2 h1 h4 h3 h0 h0 v1 v2 v1 h0 h0 h2 h4 h1 h1 v2 v1 v2 v1
    = v1 h1 h1 h4 h3 h0 h0 v1 v2 v1 h0 h0 h2 h4 h1 h1 v2 v1 v2 v1
    = v1 h1 h1 h4 h3 h0 v2 h1 v2 v1 h0 h0 h2 h4 h1 h1 v2 v1 v2 v1
    = v1 h1 h1 h4 h3 v1 h1 h1 v2 v1 h0 h0 h2 h4 h1 h1 v2 v1 v2 v1
    = v1 h1 h1 h4 v1 h3 h1 h1 v2 v1 h0 h0 h2 h4 h1 h1 v2 v1 v2 v1
    = v1 h1 h1 v2 h4 h3 h1 h1 v2 v1 h0 h0 h2 h4 h1 h1 v2 v1 v2 v1
    = v1 h1 v1 h0 h4 h3 h1 h1 v2 v1 h0 h0 h2 h4 h1 h1 v2 v1 v2 v1
    = v1 v2 h0 h0 h4 h3 h1 h1 v2 v1 h0 h0 h2 h4 h1 h1 v2 v1 v2 v1
    = v1 v2 h0 h0 h4 h3 h1 v1 h0 v1 h0 h0 h2 h4 h1 h1 v2 v1 v2 v1
    = v1 v2 h0 h0 h4 h3 v2 h0 h0 v1 h0 h0 h2 h4 h1 h1 v2 v1 v2 v1
    = v1 v2 h0 h0 h4 v2 h2 h0 h0 v1 h0 h0 h2 h4 h1 h1 v2 v1 v2 v1
    = v1 v2 h0 h0 v1 h4 h2 h0 h0 v1 h0 h0 h2 h4 h1 h1 v2 v1 v2 v1
    = v1 v2 h0 v2 h1 h4 h2 h0 h0 v1 h0 h0 h2 h4 h1 h1 v2 v1 v2 v1
    = v1 v2 v1 h1 h1 h4 h2 h0 h0 v1 h0 h0 h2 h4 h1 h1 v2 v1 v2 v1
    = v1 v2 v1 h1 h1 h4 h2 h0 v2 h1 h0 h0 h2 h4 h1 h1 v2 v1 v2 v1
    = v1 v2 v1 h1 h1 h4 h2 v1 h1 h1 h0 h0 h2 h4 h1 h1 v2 v1 v2 v1
    = v1 v2 v1 h1 h1 h4 v1 h2 h1 h1 h0 h0 h2 h4 h1 h1 v2 v1 v2 v1
    = v1 v2 v1 h1 h1 v2 h4 h2 h1 h1 h0 h0 h2 h4 h1 h1 v2 v1 v2 v1
    = v1 v2 v1 h1 v1 h0 h4 h2 h1 h1 h0 h0 h2 h4 h1 h1 v2 v1 v2 v1
    = v1 v2 v1 v2 h0 h0 h4 h2 h1 h1 h0 h0 h2 h4 h1 h1 v2 v1 v2 v1
    = v1 v2 v1 v2 h0 h0 h4 h2 h1 h0 h2 h4 h1 h1 v2 v1 v2 v1
    = v1 v2 v1 v2 h0 h0 h4 h2 h2 h4 h1 h1 v2 v1 v2 v1
    = v1 v2 v1 v2 h0 h0 h4 h4 h1 h1 v2 v1 v2 v1
    = v1 v2 v1 v2 h0 h0 h1 h1 v2 v1 v2 v1
    = v1 v2 v1 v2 h0 h1 v2 v1 v2 v1
    = v1 v2 v1 v2 v2 v1 v2 v1
    = v1 v2 v1 v1 v2 v1
    = v1 v2 v2 v1
    = v1 v1
    = 1
  (K) v0210|h inverts v|h004211:
    v0 v2 v1 v0 h0 h0 h4 h2 h1 h1 v0 v1 v2 v0 h0 h0 h4 h2 h1 h1
    = v0 v2 v1 v0 h0 h0 h4 h2 h1 v0 h0 v1 v2 v0 h0 h0 h4 h2 h1 h1
    = v0 v2 v1 v0 h0 h0 h4 h2 v0 h0 h0 v1 v2 v0 h0 h0 h4 h2 h1 h1
    = v0 v2 v1 v0 h0 h0 h4 v0 h2 h0 h0 v1 v2 v0 h0 h0 h4 h2 h1 h1
    = v0 v2 v1 v0 h0 h0 v0 h3 h2 h0 h0 v1 v2 v0 h0 h0 h4 h2 h1 h1
    = v0 v2 v1 v0 h0 v0 h1 h3 h2 h0 h0 v1 v2 v0 h0 h0 h4 h2 h1 h1
    = v0 v2 v1 v0 v0 h1 h1 h3 h2 h0 h0 v1 v2 v0 h0 h0 h4 h2 h1 h1
    = v0 v2 v1 h1 h1 h3 h2 h0 h0 v1 v2 v0 h0 h0 h4 h2 h1 h1
    = v0 v2 v1 h1 h1 h3 h2 h0 v2 h1 v2 v0 h0 h0 h4 h2 h1 h1
    = v0 v2 v1 h1 h1 h3 h2 v1 h1 h1 v2 v0 h0 h0 h4 h2 h1 h1
    = v0 v2 v1 h1 h1 h3 v1 h2 h1 h1 v2 v0 h0 h0 h4 h2 h1 h1
    = v0 v2 v1 h1 h1 v1 h3 h2 h1 h1 v2 v0 h0 h0 h4 h2 h1 h1
    = v0 v2 v1 h1 v2 h0 h3 h2 h1 h1 v2 v0 h0 h0 h4 h2 h1 h1
    = v0 v2 v1 v1 h0 h0 h3 h2 h1 h1 v2 v0 h0 h0 h4 h2 h1 h1
    = v0 v2 h0 h0 h3 h2 h1 h1 v2 v0 h0 h0 h4 h2 h1 h1
    = v0 v2 h0 h0 h3 h2 h1 v1 h0 v0 h0 h0 h4 h2 h1 h1
    = v0 v2 h0 h0 h3 h2 v2 h0 h0 v0 h0 h0 h4 h2 h1 h1
    = v0 v2 h0 h0 h3 v2 h3 h0 h0 v0 h0 h0 h4 h2 h1 h1
    = v0 v2 h0 h0 v2 h2 h3 h0 h0 v0 h0 h0 h4 h2 h1 h1
    = v0 v2 h0 v1 h1 h2 h3 h0 h0 v0 h0 h0 h4 h2 h1 h1
    = v0 v2 v2 h1 h1 h2 h3 h0 h0 v0 h0 h0 h4 h2 h1 h1
    = v0 h1 h1 h2 h3 h0 h0 v0 h0 h0 h4 h2 h1 h1
    = v0 h1 h1 h2 h3 h0 v0 h1 h0 h0 h4 h2 h1 h1
    = v0 h1 h1 h2 h3 v0 h1 h1 h0 h0 h4 h2 h1 h1
    = v0 h1 h1 h2 v0 h4 h1 h1 h0 h0 h4 h2 h1 h1
    = v0 h1 h1 v0 h2 h4 h1 h1 h0 h0 h4 h2 h1 h1
    = v0 h1 v0 h0 h2 h4 h1 h1 h0 h0 h4 h2 h1 h1
    = v0 v0 h0 h0 h2 h4 h1 h1 h0 h0 h4 h2 h1 h1
    = h0 h0 h2 h4 h1 h1 h0 h0 h4 h2 h1 h1
    = h0 h0 h2 h4 h1 h0 h4 h2 h1 h1
    = h0 h0 h2 h4 h4 h2 h1 h1
    = h0 h0 h2 h2 h1 h1
    = h0 h0 h1 h1
    = h0 h1
    = 1
  (R) v0210|h = r^-1, v012120|h = r^2, r = v0120|h
  (K) v|h003211 inverts v012120|h:
    h0 h0 h3 h2 h1 h1 v0 v1 v2 v1 v2 v0 h0 h0 h2 h3 h1 h1 v0 v1 v2 v1 v2 v0
    = h0 h0 h3 h2 h1 v0 h0 v1 v2 v1 v2 v0 h0 h0 h2 h3 h1 h1 v0 v1 v2 v1 v2 v0
    = h0 h0 h3 h2 v0 h0 h0 v1 v2 v1 v2 v0 h0 h0 h2 h3 h1 h1 v0 v1 v2 v1 v2 v0
    = h0 h0 h3 v0 h2 h0 h0 v1 v2 v1 v2 v0 h0 h0 h2 h3 h1 h1 v0 v1 v2 v1 v2 v0
    = h0 h0 v0 h4 h2 h0 h0 v1 v2 v1 v2 v0 h0 h0 h2 h3 h1 h1 v0 v1 v2 v1 v2 v0
    = h0 v0 h1 h4 h2 h0 h0 v1 v2 v1 v2 v0 h0 h0 h2 h3 h1 h1 v0 v1 v2 v1 v2 v0
    = v0 h1 h1 h4 h2 h0 h0 v1 v2 v1 v2 v0 h0 h0 h2 h3 h1 h1 v0 v1 v2 v1 v2 v0
    = v0 h1 h1 h4 h2 h0 v2 h1 v2 v1 v2 v0 h0 h0 h2 h3 h1 h1 v0 v1 v2 v1 v2 v0
    = v0 h1 h1 h4 h2 v1 h1 h1 v2 v1 v2 v0 h0 h0 h2 h3 h1 h1 v0 v1 v2 v1 v2 v0
    = v0 h1 h1 h4 v1 h2 h1 h1 v2 v1 v2 v0 h0 h0 h2 h3 h1 h1 v0 v1 v2 v1 v2 v0
    = v0 h1 h1 v2 h4 h2 h1 h1 v2 v1 v2 v0 h0 h0 h2 h3 h1 h1 v0 v1 v2 v1 v2 v0
    = v0 h1 v1 h0 h4 h2 h1 h1 v2 v1 v2 v0 h0 h0 h2 h3 h1 h1 v0 v1 v2 v1 v2 v0
    = v0 v2 h0 h0 h4 h2 h1 h1 v2 v1 v2 v0 h0 h0 h2 h3 h1 h1 v0 v1 v2 v1 v2 v0
    = v0 v2 h0 h0 h4 h2 h1 v1 h0 v1 v2 v0 h0 h0 h2 h3 h1 h1 v0 v1 v2 v1 v2 v0
    = v0 v2 h0 h0 h4 h2 v2 h0 h0 v1 v2 v0 h0 h0 h2 h3 h1 h1 v0 v1 v2 v1 v2 v0
    = v0 v2 h0 h0 h4 v2 h3 h0 h0 v1 v2 v0 h0 h0 h2 h3 h1 h1 v0 v1 v2 v1 v2 v0
    = v0 v2 h0 h0 v1 h4 h3 h0 h0 v1 v2 v0 h0 h0 h2 h3 h1 h1 v0 v1 v2 v1 v2 v0
    = v0 v2 h0 v2 h1 h4 h3 h0 h0 v1 v2 v0 h0 h0 h2 h3 h1 h1 v0 v1 v2 v1 v2 v0
    = v0 v2 v1 h1 h1 h4 h3 h0 h0 v1 v2 v0 h0 h0 h2 h3 h1 h1 v0 v1 v2 v1 v2 v0
    = v0 v2 v1 h1 h1 h4 h3 h0 v2 h1 v2 v0 h0 h0 h2 h3 h1 h1 v0 v1 v2 v1 v2 v0
    = v0 v2 v1 h1 h1 h4 h3 v1 h1 h1 v2 v0 h0 h0 h2 h3 h1 h1 v0 v1 v2 v1 v2 v0
    = v0 v2 v1 h1 h1 h4 v1 h3 h1 h1 v2 v0 h0 h0 h2 h3 h1 h1 v0 v1 v2 v1 v2 v0
    = v0 v2 v1 h1 h1 v2 h4 h3 h1 h1 v2 v0 h0 h0 h2 h3 h1 h1 v0 v1 v2 v1 v2 v0
    = v0 v2 v1 h1 v1 h0 h4 h3 h1 h1 v2 v0 h0 h0 h2 h3 h1 h1 v0 v1 v2 v1 v2 v0
    = v0 v2 v1 v2 h0 h0 h4 h3 h1 h1 v2 v0 h0 h0 h2 h3 h1 h1 v0 v1 v2 v1 v2 v0
    = v0 v2 v1 v2 h0 h0 h4 h3 h1 v1 h0 v0 h0 h0 h2 h3 h1 h1 v0 v1 v2 v1 v2 v0
    = v0 v2 v1 v2 h0 h0 h4 h3 v2 h0 h0 v0 h0 h0 h2 h3 h1 h1 v0 v1 v2 v1 v2 v0
    = v0 v2 v1 v2 h0 h0 h4 v2 h2 h0 h0 v0 h0 h0 h2 h3 h1 h1 v0 v1 v2 v1 v2 v0
    = v0 v2 v1 v2 h0 h0 v1 h4 h2 h0 h0 v0 h0 h0 h2 h3 h1 h1 v0 v1 v2 v1 v2 v0
    = v0 v2 v1 v2 h0 v2 h1 h4 h2 h0 h0 v0 h0 h0 h2 h3 h1 h1 v0 v1 v2 v1 v2 v0
    = v0 v2 v1 v2 v1 h1 h1 h4 h2 h0 h0 v0 h0 h0 h2 h3 h1 h1 v0 v1 v2 v1 v2 v0
    = v0 v2 v1 v2 v1 h1 h1 h4 h2 h0 v0 h1 h0 h0 h2 h3 h1 h1 v0 v1 v2 v1 v2 v0
    = v0 v2 v1 v2 v1 h1 h1 h4 h2 v0 h1 h1 h0 h0 h2 h3 h1 h1 v0 v1 v2 v1 v2 v0
    = v0 v2 v1 v2 v1 h1 h1 h4 v0 h2 h1 h1 h0 h0 h2 h3 h1 h1 v0 v1 v2 v1 v2 v0
    = v0 v2 v1 v2 v1 h1 h1 v0 h3 h2 h1 h1 h0 h0 h2 h3 h1 h1 v0 v1 v2 v1 v2 v0
    = v0 v2 v1 v2 v1 h1 v0 h0 h3 h2 h1 h1 h0 h0 h2 h3 h1 h1 v0 v1 v2 v1 v2 v0
    = v0 v2 v1 v2 v1 v0 h0 h0 h3 h2 h1 h1 h0 h0 h2 h3 h1 h1 v0 v1 v2 v1 v2 v0
    = v0 v2 v1 v2 v1 v0 h0 h0 h3 h2 h1 h0 h2 h3 h1 h1 v0 v1 v2 v1 v2 v0
    = v0 v2 v1 v2 v1 v0 h0 h0 h3 h2 h2 h3 h1 h1 v0 v1 v2 v1 v2 v0
    = v0 v2 v1 v2 v1 v0 h0 h0 h3 h3 h1 h1 v0 v1 v2 v1 v2 v0
    = v0 v2 v1 v2 v1 v0 h0 h0 h1 h1 v0 v1 v2 v1 v2 v0
    = v0 v2 v1 v2 v1 v0 h0 h1 v0 v1 v2 v1 v2 v0
    = v0 v2 v1 v2 v1 v0 v0 v1 v2 v1 v2 v0
    = v0 v2 v1 v2 v1 v1 v2 v1 v2 v0
    = v0 v2 v1 v2 v2 v1 v2 v0
    = v0 v2 v1 v1 v2 v0
    = v0 v2 v2 v0
    = v0 v0
    = 1
  (K) v12|h inverts v|h003211:
    v1 v2 h0 h0 h3 h2 h1 h1 v2 v1 h0 h0 h3 h2 h1 h1
    = v1 v2 h0 h0 h3 h2 h1 v1 h0 v1 h0 h0 h3 h2 h1 h1
    = v1 v2 h0 h0 h3 h2 v2 h0 h0 v1 h0 h0 h3 h2 h1 h1
    = v1 v2 h0 h0 h3 v2 h3 h0 h0 v1 h0 h0 h3 h2 h1 h1
    = v1 v2 h0 h0 v2 h2 h3 h0 h0 v1 h0 h0 h3 h2 h1 h1
    = v1 v2 h0 v1 h1 h2 h3 h0 h0 v1 h0 h0 h3 h2 h1 h1
    = v1 v2 v2 h1 h1 h2 h3 h0 h0 v1 h0 h0 h3 h2 h1 h1
    = v1 h1 h1 h2 h3 h0 h0 v1 h0 h0 h3 h2 h1 h1
    = v1 h1 h1 h2 h3 h0 v2 h1 h0 h0 h3 h2 h1 h1
    = v1 h1 h1 h2 h3 v1 h1 h1 h0 h0 h3 h2 h1 h1
    = v1 h1 h1 h2 v1 h3 h1 h1 h0 h0 h3 h2 h1 h1
    = v1 h1 h1 v1 h2 h3 h1 h1 h0 h0 h3 h2 h1 h1
    = v1 h1 v2 h0 h2 h3 h1 h1 h0 h0 h3 h2 h1 h1
    = v1 v1 h0 h0 h2 h3 h1 h1 h0 h0 h3 h2 h1 h1
    = h0 h0 h2 h3 h1 h1 h0 h0 h3 h2 h1 h1
    = h0 h0 h2 h3 h1 h0 h3 h2 h1 h1
    = h0 h0 h2 h3 h3 h2 h1 h1
    = h0 h0 h2 h2 h1 h1
    = h0 h0 h1 h1
    = h0 h1
    = 1
class 534 chain of length 6 with 4 inverting steps verified: Gamma^+ is not left-orderable
  (K) v20|h inverts v|h3232:
    v2 v0 h3 h2 h3 h2 v0 v2 h3 h2 h3 h2
    = v2 v0 h3 h2 h3 v0 h2 v2 h3 h2 h3 h2
    = v2 v0 h3 h2 v1 h3 h2 v2 h3 h2 h3 h2
    = v2 v0 h3 v1 h2 h3 h2 v2 h3 h2 h3 h2
    = v2 v0 v0 h3 h2 h3 h2 v2 h3 h2 h3 h2
    = v2 h3 h2 h3 h2 v2 h3 h2 h3 h2
    = v2 h3 h2 h3 v2 h3 h3 h2 h3 h2
    = v2 h3 h2 v2 h2 h3 h3 h2 h3 h2
    = v2 h3 v2 h3 h2 h3 h3 h2 h3 h2
    = v2 v2 h2 h3 h2 h3 h3 h2 h3 h2
    = h2 h3 h2 h3 h3 h2 h3 h2
    = h2 h3 h2 h2 h3 h2
    = h2 h3 h3 h2
    = h2 h2
    = 1
  (K) v|h0321 inverts v20|h:
    h0 h3 h2 h1 v2 v0 h0 h2 h3 h1 v2 v0
    = h0 h3 h2 v1 h0 v0 h0 h2 h3 h1 v2 v0
    = h0 h3 v1 h2 h0 v0 h0 h2 h3 h1 v2 v0
    = h0 v0 h3 h2 h0 v0 h0 h2 h3 h1 v2 v0
    = v0 h1 h3 h2 h0 v0 h0 h2 h3 h1 v2 v0
    = v0 h1 h3 h2 v0 h1 h0 h2 h3 h1 v2 v0
    = v0 h1 h3 v0 h2 h1 h0 h2 h3 h1 v2 v0
    = v0 h1 v1 h3 h2 h1 h0 h2 h3 h1 v2 v0
    = v0 v2 h0 h3 h2 h1 h0 h2 h3 h1 v2 v0
    = v0 v2 h0 h3 h2 h2 h3 h1 v2 v0
    = v0 v2 h0 h3 h3 h1 v2 v0
    = v0 v2 h0 h1 v2 v0
    = v0 v2 v2 v0
    = v0 v0
    = 1
  (R) v|h0321 = r^-1, v|h032321 = r^-2, r = v|h0231
  (K) v10|h inverts v|h032321:
    v1 v0 h0 h3 h2 h3 h2 h1 v0 v1 h0 h3 h2 h3 h2 h1
    = v1 v0 h0 h3 h2 h3 h2 v0 h0 v1 h0 h3 h2 h3 h2 h1
    = v1 v0 h0 h3 h2 h3 v0 h2 h0 v1 h0 h3 h2 h3 h2 h1
    = v1 v0 h0 h3 h2 v1 h3 h2 h0 v1 h0 h3 h2 h3 h2 h1
    = v1 v0 h0 h3 v1 h2 h3 h2 h0 v1 h0 h3 h2 h3 h2 h1
    = v1 v0 h0 v0 h3 h2 h3 h2 h0 v1 h0 h3 h2 h3 h2 h1
    = v1 v0 v0 h1 h3 h2 h3 h2 h0 v1 h0 h3 h2 h3 h2 h1
    = v1 h1 h3 h2 h3 h2 h0 v1 h0 h3 h2 h3 h2 h1
    = v1 h1 h3 h2 h3 h2 v2 h1 h0 h3 h2 h3 h2 h1
    = v1 h1 h3 h2 h3 v2 h3 h1 h0 h3 h2 h3 h2 h1
    = v1 h1 h3 h2 v2 h2 h3 h1 h0 h3 h2 h3 h2 h1
    = v1 h1 h3 v2 h3 h2 h3 h1 h0 h3 h2 h3 h2 h1
    = v1 h1 v2 h2 h3 h2 h3 h1 h0 h3 h2 h3 h2 h1
    = v1 v1 h0 h2 h3 h2 h3 h1 h0 h3 h2 h3 h2 h1
    = h0 h2 h3 h2 h3 h1 h0 h3 h2 h3 h2 h1
    = h0 h2 h3 h2 h3 h3 h2 h3 h2 h1
    = h0 h2 h3 h2 h2 h3 h2 h1
    = h0 h2 h3 h3 h2 h1
    = h0 h2 h2 h1
    = h0 h1
    = 1
  (K) v|h23 inverts v10|h:
    h2 h3 v1 v0 h3 h2 v1 v0
    = h2 v0 h3 v0 h3 h2 v1 v0
    = v0 h2 h3 v0 h3 h2 v1 v0
    = v0 h2 v1 h3 h3 h2 v1 v0
    = v0 v1 h2 h3 h3 h2 v1 v0
    = v0 v1 h2 h2 v1 v0
    = v0 v1 v1 v0
    = v0 v0
    = 1
  (R) v|h23 = r^1, v|h3232 = r^-2, r = v|h23
class 536 chain of length 6 with 4 inverting steps verified: Gamma^+ is not left-orderable
  (K) v02|h inverts v|h2323:
    v0 v2 h2 h3 h2 h3 v2 v0 h2 h3 h2 h3
    = v0 v2 h2 h3 h2 v2 h2 v0 h2 h3 h2 h3
    = v0 v2 h2 h3 v2 h3 h2 v0 h2 h3 h2 h3
    = v0 v2 h2 v2 h2 h3 h2 v0 h2 h3 h2 h3
    = v0 v2 v2 h3 h2 h3 h2 v0 h2 h3 h2 h3
    = v0 h3 h2 h3 h2 v0 h2 h3 h2 h3
    = v0 h3 h2 h3 v0 h2 h2 h3 h2 h3
    = v0 h3 h2 v1 h3 h2 h2 h3 h2 h3
    = v0 h3 v1 h2 h3 h2 h2 h3 h2 h3
    = v0 v0 h3 h2 h3 h2 h2 h3 h2 h3
    = h3 h2 h3 h2 h2 h3 h2 h3
    = h3 h2 h3 h3 h2 h3
    = h3 h2 h2 h3
    = h3 h3
    = 1
  (K) v|h0231 inverts v02|h:
    h0 h2 h3 h1 v0 v2 h0 h3 h2 h1 v0 v2
    = h0 h2 h3 v0 h0 v2 h0 h3 h2 h1 v0 v2
    = h0 h2 v1 h3 h0 v2 h0 h3 h2 h1 v0 v2
    = h0 v1 h2 h3 h0 v2 h0 h3 h2 h1 v0 v2
    = v2 h1 h2 h3 h0 v2 h0 h3 h2 h1 v0 v2
    = v2 h1 h2 h3 v1 h1 h0 h3 h2 h1 v0 v2
    = v2 h1 h2 v0 h3 h1 h0 h3 h2 h1 v0 v2
    = v2 h1 v0 h2 h3 h1 h0 h3 h2 h1 v0 v2
    = v2 v0 h0 h2 h3 h1 h0 h3 h2 h1 v0 v2
    = v2 v0 h0 h2 h3 h3 h2 h1 v0 v2
    = v2 v0 h0 h2 h2 h1 v0 v2
    = v2 v0 h0 h1 v0 v2
    = v2 v0 v0 v2
    = v2 v2
    = 1
  (R) v|h0231 = r^1, v|h032321 = r^-2, r = v|h0231
  (K) v10|h inverts v|h032321:
    v1 v0 h0 h3 h2 h3 h2 h1 v0 v1 h0 h3 h2 h3 h2 h1
    = v1 v0 h0 h3 h2 h3 h2 v0 h0 v1 h0 h3 h2 h3 h2 h1
    = v1 v0 h0 h3 h2 h3 v0 h2 h0 v1 h0 h3 h2 h3 h2 h1
    = v1 v0 h0 h3 h2 v1 h3 h2 h0 v1 h0 h3 h2 h3 h2 h1
    = v1 v0 h0 h3 v1 h2 h3 h2 h0 v1 h0 h3 h2 h3 h2 h1
    = v1 v0 h0 v0 h3 h2 h3 h2 h0 v1 h0 h3 h2 h3 h2 h1
    = v1 v0 v0 h1 h3 h2 h3 h2 h0 v1 h0 h3 h2 h3 h2 h1
    = v1 h1 h3 h2 h3 h2 h0 v1 h0 h3 h2 h3 h2 h1
    = v1 h1 h3 h2 h3 h2 v2 h1 h0 h3 h2 h3 h2 h1
    = v1 h1 h3 h2 h3 v2 h3 h1 h0 h3 h2 h3 h2 h1
    = v1 h1 h3 h2 v2 h2 h3 h1 h0 h3 h2 h3 h2 h1
    = v1 h1 h3 v2 h3 h2 h3 h1 h0 h3 h2 h3 h2 h1
    = v1 h1 v2 h2 h3 h2 h3 h1 h0 h3 h2 h3 h2 h1
    = v1 v1 h0 h2 h3 h2 h3 h1 h0 h3 h2 h3 h2 h1
    = h0 h2 h3 h2 h3 h1 h0 h3 h2 h3 h2 h1
    = h0 h2 h3 h2 h3 h3 h2 h3 h2 h1
    = h0 h2 h3 h2 h2 h3 h2 h1
    = h0 h2 h3 h3 h2 h1
    = h0 h2 h2 h1
    = h0 h1
    = 1
  (K) v|h23 inverts v10|h:
    h2 h3 v1 v0 h3 h2 v1 v0
    = h2 v0 h3 v0 h3 h2 v1 v0
    = v0 h2 h3 v0 h3 h2 v1 v0
    = v0 h2 v1 h3 h3 h2 v1 v0
    = v0 v1 h2 h3 h3 h2 v1 v0
    = v0 v1 h2 h2 v1 v0
    = v0 v1 v1 v0
    = v0 v0
    = 1
  (R) v|h23 = r^1, v|h2323 = r^2, r = v|h23
class 537 chain of length 6 with 4 inverting steps verified: Gamma^+ is not left-orderable
  (K) v0210|h inverts v|h2323:
    v0 v2 v1 v0 h2 h3 h2 h3 v0 v1 v2 v0 h2 h3 h2 h3
    = v0 v2 v1 v0 h2 h3 h2 v1 h3 v1 v2 v0 h2 h3 h2 h3
    = v0 v2 v1 v0 h2 h3 v1 h2 h3 v1 v2 v0 h2 h3 h2 h3
    = v0 v2 v1 v0 h2 v0 h3 h2 h3 v1 v2 v0 h2 h3 h2 h3
    = v0 v2 v1 v0 v0 h2 h3 h2 h3 v1 v2 v0 h2 h3 h2 h3
    = v0 v2 v1 h2 h3 h2 h3 v1 v2 v0 h2 h3 h2 h3
    = v0 v2 v1 h2 h3 h2 v0 h3 v2 v0 h2 h3 h2 h3
    = v0 v2 v1 h2 h3 v0 h2 h3 v2 v0 h2 h3 h2 h3
    = v0 v2 v1 h2 v1 h3 h2 h3 v2 v0 h2 h3 h2 h3
    = v0 v2 v1 v1 h2 h3 h2 h3 v2 v0 h2 h3 h2 h3
    = v0 v2 h2 h3 h2 h3 v2 v0 h2 h3 h2 h3
    = v0 v2 h2 h3 h2 v2 h2 v0 h2 h3 h2 h3
    = v0 v2 h2 h3 v2 h3 h2 v0 h2 h3 h2 h3
    = v0 v2 h2 v2 h2 h3 h2 v0 h2 h3 h2 h3
    = v0 v2 v2 h3 h2 h3 h2 v0 h2 h3 h2 h3
    = v0 h3 h2 h3 h2 v0 h2 h3 h2 h3
    = v0 h3 h2 h3 v0 h2 h2 h3 h2 h3
    = v0 h3 h2 v1 h3 h2 h2 h3 h2 h3
    = v0 h3 v1 h2 h3 h2 h2 h3 h2 h3
    = v0 v0 h3 h2 h3 h2 h2 h3 h2 h3
    = h3 h2 h3 h2 h2 h3 h2 h3
    = h3 h2 h3 h3 h2 h3
    = h3 h2 h2 h3
    = h3 h3
    = 1
  (K) v|h4234 inverts v0210|h:
    h4 h2 h3 h4 v0 v2 v1 v0 h4 h3 h2 h4 v0 v2 v1 v0
    = h4 h2 h3 v2 h4 v2 v1 v0 h4 h3 h2 h4 v0 v2 v1 v0
    = h4 h2 v2 h2 h4 v2 v1 v0 h4 h3 h2 h4 v0 v2 v1 v0
    = h4 v2 h3 h2 h4 v2 v1 v0 h4 h3 h2 h4 v0 v2 v1 v0
    = v0 h4 h3 h2 h4 v2 v1 v0 h4 h3 h2 h4 v0 v2 v1 v0
    = v0 h4 h3 h2 v0 h4 v1 v0 h4 h3 h2 h4 v0 v2 v1 v0
    = v0 h4 h3 v0 h2 h4 v1 v0 h4 h3 h2 h4 v0 v2 v1 v0
    = v0 h4 v1 h3 h2 h4 v1 v0 h4 h3 h2 h4 v0 v2 v1 v0
    = v0 v1 h4 h3 h2 h4 v1 v0 h4 h3 h2 h4 v0 v2 v1 v0
    = v0 v1 h4 h3 h2 v1 h4 v0 h4 h3 h2 h4 v0 v2 v1 v0
    = v0 v1 h4 h3 v1 h2 h4 v0 h4 h3 h2 h4 v0 v2 v1 v0
    = v0 v1 h4 v0 h3 h2 h4 v0 h4 h3 h2 h4 v0 v2 v1 v0
    = v0 v1 v2 h4 h3 h2 h4 v0 h4 h3 h2 h4 v0 v2 v1 v0
    = v0 v1 v2 h4 h3 h2 v2 h4 h4 h3 h2 h4 v0 v2 v1 v0
    = v0 v1 v2 h4 h3 v2 h3 h4 h4 h3 h2 h4 v0 v2 v1 v0
    = v0 v1 v2 h4 v2 h2 h3 h4 h4 h3 h2 h4 v0 v2 v1 v0
    = v0 v1 v2 v0 h4 h2 h3 h4 h4 h3 h2 h4 v0 v2 v1 v0
    = v0 v1 v2 v0 h4 h2 h3 h3 h2 h4 v0 v2 v1 v0
    = v0 v1 v2 v0 h4 h2 h2 h4 v0 v2 v1 v0
    = v0 v1 v2 v0 h4 h4 v0 v2 v1 v0
    = v0 v1 v2 v0 v0 v2 v1 v0
    = v0 v1 v2 v2 v1 v0
    = v0 v1 v1 v0
    = v0 v0
    = 1
  (R) v|h4234 = r^1, v|h423234 = r^2, r = v|h4234
  (K) v10|h inverts v|h423234:
    v1 v0 h4 h2 h3 h2 h3 h4 v0 v1 h4 h2 h3 h2 h3 h4
    = v1 v0 h4 h2 h3 h2 h3 v2 h4 v1 h4 h2 h3 h2 h3 h4
    = v1 v0 h4 h2 h3 h2 v2 h2 h4 v1 h4 h2 h3 h2 h3 h4
    = v1 v0 h4 h2 h3 v2 h3 h2 h4 v1 h4 h2 h3 h2 h3 h4
    = v1 v0 h4 h2 v2 h2 h3 h2 h4 v1 h4 h2 h3 h2 h3 h4
    = v1 v0 h4 v2 h3 h2 h3 h2 h4 v1 h4 h2 h3 h2 h3 h4
    = v1 v0 v0 h4 h3 h2 h3 h2 h4 v1 h4 h2 h3 h2 h3 h4
    = v1 h4 h3 h2 h3 h2 h4 v1 h4 h2 h3 h2 h3 h4
    = v1 h4 h3 h2 h3 h2 v1 h4 h4 h2 h3 h2 h3 h4
    = v1 h4 h3 h2 h3 v1 h2 h4 h4 h2 h3 h2 h3 h4
    = v1 h4 h3 h2 v0 h3 h2 h4 h4 h2 h3 h2 h3 h4
    = v1 h4 h3 v0 h2 h3 h2 h4 h4 h2 h3 h2 h3 h4
    = v1 h4 v1 h3 h2 h3 h2 h4 h4 h2 h3 h2 h3 h4
    = v1 v1 h4 h3 h2 h3 h2 h4 h4 h2 h3 h2 h3 h4
    = h4 h3 h2 h3 h2 h4 h4 h2 h3 h2 h3 h4
    = h4 h3 h2 h3 h2 h2 h3 h2 h3 h4
    = h4 h3 h2 h3 h3 h2 h3 h4
    = h4 h3 h2 h2 h3 h4
    = h4 h3 h3 h4
    = h4 h4
    = 1
  (K) v|h23 inverts v10|h:
    h2 h3 v1 v0 h3 h2 v1 v0
    = h2 v0 h3 v0 h3 h2 v1 v0
    = v0 h2 h3 v0 h3 h2 v1 v0
    = v0 h2 v1 h3 h3 h2 v1 v0
    = v0 v1 h2 h3 h3 h2 v1 v0
    = v0 v1 h2 h2 v1 v0
    = v0 v1 v1 v0
    = v0 v0
    = 1
  (R) v|h23 = r^1, v|h2323 = r^2, r = v|h23
class 538 chain of length 6 with 4 inverting steps verified: Gamma^+ is not left-orderable
  (R) v10|h = r^-1, v0101|h = r^2, r = v01|h
  (K) v|h002411 inverts v0101|h:
    h0 h0 h2 h4 h1 h1 v0 v1 v0 v1 h0 h0 h4 h2 h1 h1 v0 v1 v0 v1
    = h0 h0 h2 h4 h1 v0 h0 v1 v0 v1 h0 h0 h4 h2 h1 h1 v0 v1 v0 v1
    = h0 h0 h2 h4 v0 h0 h0 v1 v0 v1 h0 h0 h4 h2 h1 h1 v0 v1 v0 v1
    = h0 h0 h2 v1 h4 h0 h0 v1 v0 v1 h0 h0 h4 h2 h1 h1 v0 v1 v0 v1
    = h0 h0 v1 h2 h4 h0 h0 v1 v0 v1 h0 h0 h4 h2 h1 h1 v0 v1 v0 v1
    = h0 v2 h1 h2 h4 h0 h0 v1 v0 v1 h0 h0 h4 h2 h1 h1 v0 v1 v0 v1
    = v1 h1 h1 h2 h4 h0 h0 v1 v0 v1 h0 h0 h4 h2 h1 h1 v0 v1 v0 v1
    = v1 h1 h1 h2 h4 h0 v2 h1 v0 v1 h0 h0 h4 h2 h1 h1 v0 v1 v0 v1
    = v1 h1 h1 h2 h4 v1 h1 h1 v0 v1 h0 h0 h4 h2 h1 h1 v0 v1 v0 v1
    = v1 h1 h1 h2 v0 h4 h1 h1 v0 v1 h0 h0 h4 h2 h1 h1 v0 v1 v0 v1
    = v1 h1 h1 v0 h3 h4 h1 h1 v0 v1 h0 h0 h4 h2 h1 h1 v0 v1 v0 v1
    = v1 h1 v0 h0 h3 h4 h1 h1 v0 v1 h0 h0 h4 h2 h1 h1 v0 v1 v0 v1
    = v1 v0 h0 h0 h3 h4 h1 h1 v0 v1 h0 h0 h4 h2 h1 h1 v0 v1 v0 v1
    = v1 v0 h0 h0 h3 h4 h1 v0 h0 v1 h0 h0 h4 h2 h1 h1 v0 v1 v0 v1
    = v1 v0 h0 h0 h3 h4 v0 h0 h0 v1 h0 h0 h4 h2 h1 h1 v0 v1 v0 v1
    = v1 v0 h0 h0 h3 v1 h4 h0 h0 v1 h0 h0 h4 h2 h1 h1 v0 v1 v0 v1
    = v1 v0 h0 h0 v1 h3 h4 h0 h0 v1 h0 h0 h4 h2 h1 h1 v0 v1 v0 v1
    = v1 v0 h0 v2 h1 h3 h4 h0 h0 v1 h0 h0 h4 h2 h1 h1 v0 v1 v0 v1
    = v1 v0 v1 h1 h1 h3 h4 h0 h0 v1 h0 h0 h4 h2 h1 h1 v0 v1 v0 v1
    = v1 v0 v1 h1 h1 h3 h4 h0 v2 h1 h0 h0 h4 h2 h1 h1 v0 v1 v0 v1
    = v1 v0 v1 h1 h1 h3 h4 v1 h1 h1 h0 h0 h4 h2 h1 h1 v0 v1 v0 v1
    = v1 v0 v1 h1 h1 h3 v0 h4 h1 h1 h0 h0 h4 h2 h1 h1 v0 v1 v0 v1
    = v1 v0 v1 h1 h1 v0 h2 h4 h1 h1 h0 h0 h4 h2 h1 h1 v0 v1 v0 v1
    = v1 v0 v1 h1 v0 h0 h2 h4 h1 h1 h0 h0 h4 h2 h1 h1 v0 v1 v0 v1
    = v1 v0 v1 v0 h0 h0 h2 h4 h1 h1 h0 h0 h4 h2 h1 h1 v0 v1 v0 v1
    = v1 v0 v1 v0 h0 h0 h2 h4 h1 h0 h4 h2 h1 h1 v0 v1 v0 v1
    = v1 v0 v1 v0 h0 h0 h2 h4 h4 h2 h1 h1 v0 v1 v0 v1
    = v1 v0 v1 v0 h0 h0 h2 h2 h1 h1 v0 v1 v0 v1
    = v1 v0 v1 v0 h0 h0 h1 h1 v0 v1 v0 v1
    = v1 v0 v1 v0 h0 h1 v0 v1 v0 v1
    = v1 v0 v1 v0 v0 v1 v0 v1
    = v1 v0 v1 v1 v0 v1
    = v1 v0 v0 v1
    = v1 v1
    = 1
  (K) v2102|h inverts v|h002411:
    v2 v1 v0 v2 h0 h0 h2 h4 h1 h1 v2 v0 v1 v2 h0 h0 h2 h4 h1 h1
    = v2 v1 v0 v2 h0 h0 h2 h4 h1 v1 h0 v0 v1 v2 h0 h0 h2 h4 h1 h1
    = v2 v1 v0 v2 h0 h0 h2 h4 v2 h0 h0 v0 v1 v2 h0 h0 h2 h4 h1 h1
    = v2 v1 v0 v2 h0 h0 h2 v2 h3 h0 h0 v0 v1 v2 h0 h0 h2 h4 h1 h1
    = v2 v1 v0 v2 h0 h0 v2 h2 h3 h0 h0 v0 v1 v2 h0 h0 h2 h4 h1 h1
    = v2 v1 v0 v2 h0 v1 h1 h2 h3 h0 h0 v0 v1 v2 h0 h0 h2 h4 h1 h1
    = v2 v1 v0 v2 v2 h1 h1 h2 h3 h0 h0 v0 v1 v2 h0 h0 h2 h4 h1 h1
    = v2 v1 v0 h1 h1 h2 h3 h0 h0 v0 v1 v2 h0 h0 h2 h4 h1 h1
    = v2 v1 v0 h1 h1 h2 h3 h0 v0 h1 v1 v2 h0 h0 h2 h4 h1 h1
    = v2 v1 v0 h1 h1 h2 h3 v0 h1 h1 v1 v2 h0 h0 h2 h4 h1 h1
    = v2 v1 v0 h1 h1 h2 v0 h2 h1 h1 v1 v2 h0 h0 h2 h4 h1 h1
    = v2 v1 v0 h1 h1 v0 h3 h2 h1 h1 v1 v2 h0 h0 h2 h4 h1 h1
    = v2 v1 v0 h1 v0 h0 h3 h2 h1 h1 v1 v2 h0 h0 h2 h4 h1 h1
    = v2 v1 v0 v0 h0 h0 h3 h2 h1 h1 v1 v2 h0 h0 h2 h4 h1 h1
    = v2 v1 h0 h0 h3 h2 h1 h1 v1 v2 h0 h0 h2 h4 h1 h1
    = v2 v1 h0 h0 h3 h2 h1 v2 h0 v2 h0 h0 h2 h4 h1 h1
    = v2 v1 h0 h0 h3 h2 v1 h0 h0 v2 h0 h0 h2 h4 h1 h1
    = v2 v1 h0 h0 h3 v1 h2 h0 h0 v2 h0 h0 h2 h4 h1 h1
    = v2 v1 h0 h0 v1 h3 h2 h0 h0 v2 h0 h0 h2 h4 h1 h1
    = v2 v1 h0 v2 h1 h3 h2 h0 h0 v2 h0 h0 h2 h4 h1 h1
    = v2 v1 v1 h1 h1 h3 h2 h0 h0 v2 h0 h0 h2 h4 h1 h1
    = v2 h1 h1 h3 h2 h0 h0 v2 h0 h0 h2 h4 h1 h1
    = v2 h1 h1 h3 h2 h0 v1 h1 h0 h0 h2 h4 h1 h1
    = v2 h1 h1 h3 h2 v2 h1 h1 h0 h0 h2 h4 h1 h1
    = v2 h1 h1 h3 v2 h2 h1 h1 h0 h0 h2 h4 h1 h1
    = v2 h1 h1 v2 h4 h2 h1 h1 h0 h0 h2 h4 h1 h1
    = v2 h1 v1 h0 h4 h2 h1 h1 h0 h0 h2 h4 h1 h1
    = v2 v2 h0 h0 h4 h2 h1 h1 h0 h0 h2 h4 h1 h1
    = h0 h0 h4 h2 h1 h1 h0 h0 h2 h4 h1 h1
    = h0 h0 h4 h2 h1 h0 h2 h4 h1 h1
    = h0 h0 h4 h2 h2 h4 h1 h1
    = h0 h0 h4 h4 h1 h1
    = h0 h0 h1 h1
    = h0 h1
    = 1
  (R) v2102|h = r^-1, v210102|h = r^-2, r = v2012|h
  (K) v|h003211 inverts v210102|h:
    h0 h0 h3 h2 h1 h1 v2 v1 v0 v1 v0 v2 h0 h0 h2 h3 h1 h1 v2 v1 v0 v1 v0 v2
    = h0 h0 h3 h2 h1 v1 h0 v1 v0 v1 v0 v2 h0 h0 h2 h3 h1 h1 v2 v1 v0 v1 v0 v2
    = h0 h0 h3 h2 v2 h0 h0 v1 v0 v1 v0 v2 h0 h0 h2 h3 h1 h1 v2 v1 v0 v1 v0 v2
    = h0 h0 h3 v2 h2 h0 h0 v1 v0 v1 v0 v2 h0 h0 h2 h3 h1 h1 v2 v1 v0 v1 v0 v2
    = h0 h0 v2 h4 h2 h0 h0 v1 v0 v1 v0 v2 h0 h0 h2 h3 h1 h1 v2 v1 v0 v1 v0 v2
    = h0 v1 h1 h4 h2 h0 h0 v1 v0 v1 v0 v2 h0 h0 h2 h3 h1 h1 v2 v1 v0 v1 v0 v2
    = v2 h1 h1 h4 h2 h0 h0 v1 v0 v1 v0 v2 h0 h0 h2 h3 h1 h1 v2 v1 v0 v1 v0 v2
    = v2 h1 h1 h4 h2 h0 v2 h1 v0 v1 v0 v2 h0 h0 h2 h3 h1 h1 v2 v1 v0 v1 v0 v2
    = v2 h1 h1 h4 h2 v1 h1 h1 v0 v1 v0 v2 h0 h0 h2 h3 h1 h1 v2 v1 v0 v1 v0 v2
    = v2 h1 h1 h4 v1 h2 h1 h1 v0 v1 v0 v2 h0 h0 h2 h3 h1 h1 v2 v1 v0 v1 v0 v2
    = v2 h1 h1 v0 h4 h2 h1 h1 v0 v1 v0 v2 h0 h0 h2 h3 h1 h1 v2 v1 v0 v1 v0 v2
    = v2 h1 v0 h0 h4 h2 h1 h1 v0 v1 v0 v2 h0 h0 h2 h3 h1 h1 v2 v1 v0 v1 v0 v2
    = v2 v0 h0 h0 h4 h2 h1 h1 v0 v1 v0 v2 h0 h0 h2 h3 h1 h1 v2 v1 v0 v1 v0 v2
    = v2 v0 h0 h0 h4 h2 h1 v0 h0 v1 v0 v2 h0 h0 h2 h3 h1 h1 v2 v1 v0 v1 v0 v2
    = v2 v0 h0 h0 h4 h2 v0 h0 h0 v1 v0 v2 h0 h0 h2 h3 h1 h1 v2 v1 v0 v1 v0 v2
    = v2 v0 h0 h0 h4 v0 h3 h0 h0 v1 v0 v2 h0 h0 h2 h3 h1 h1 v2 v1 v0 v1 v0 v2
    = v2 v0 h0 h0 v1 h4 h3 h0 h0 v1 v0 v2 h0 h0 h2 h3 h1 h1 v2 v1 v0 v1 v0 v2
    = v2 v0 h0 v2 h1 h4 h3 h0 h0 v1 v0 v2 h0 h0 h2 h3 h1 h1 v2 v1 v0 v1 v0 v2
    = v2 v0 v1 h1 h1 h4 h3 h0 h0 v1 v0 v2 h0 h0 h2 h3 h1 h1 v2 v1 v0 v1 v0 v2
    = v2 v0 v1 h1 h1 h4 h3 h0 v2 h1 v0 v2 h0 h0 h2 h3 h1 h1 v2 v1 v0 v1 v0 v2
    = v2 v0 v1 h1 h1 h4 h3 v1 h1 h1 v0 v2 h0 h0 h2 h3 h1 h1 v2 v1 v0 v1 v0 v2
    = v2 v0 v1 h1 h1 h4 v1 h3 h1 h1 v0 v2 h0 h0 h2 h3 h1 h1 v2 v1 v0 v1 v0 v2
    = v2 v0 v1 h1 h1 v0 h4 h3 h1 h1 v0 v2 h0 h0 h2 h3 h1 h1 v2 v1 v0 v1 v0 v2
    = v2 v0 v1 h1 v0 h0 h4 h3 h1 h1 v0 v2 h0 h0 h2 h3 h1 h1 v2 v1 v0 v1 v0 v2
    = v2 v0 v1 v0 h0 h0 h4 h3 h1 h1 v0 v2 h0 h0 h2 h3 h1 h1 v2 v1 v0 v1 v0 v2
    = v2 v0 v1 v0 h0 h0 h4 h3 h1 v0 h0 v2 h0 h0 h2 h3 h1 h1 v2 v1 v0 v1 v0 v2
    = v2 v0 v1 v0 h0 h0 h4 h3 v0 h0 h0 v2 h0 h0 h2 h3 h1 h1 v2 v1 v0 v1 v0 v2
    = v2 v0 v1 v0 h0 h0 h4 v0 h2 h0 h0 v2 h0 h0 h2 h3 h1 h1 v2 v1 v0 v1 v0 v2
    = v2 v0 v1 v0 h0 h0 v1 h4 h2 h0 h0 v2 h0 h0 h2 h3 h1 h1 v2 v1 v0 v1 v0 v2
    = v2 v0 v1 v0 h0 v2 h1 h4 h2 h0 h0 v2 h0 h0 h2 h3 h1 h1 v2 v1 v0 v1 v0 v2
    = v2 v0 v1 v0 v1 h1 h1 h4 h2 h0 h0 v2 h0 h0 h2 h3 h1 h1 v2 v1 v0 v1 v0 v2
    = v2 v0 v1 v0 v1 h1 h1 h4 h2 h0 v1 h1 h0 h0 h2 h3 h1 h1 v2 v1 v0 v1 v0 v2
    = v2 v0 v1 v0 v1 h1 h1 h4 h2 v2 h1 h1 h0 h0 h2 h3 h1 h1 v2 v1 v0 v1 v0 v2
    = v2 v0 v1 v0 v1 h1 h1 h4 v2 h2 h1 h1 h0 h0 h2 h3 h1 h1 v2 v1 v0 v1 v0 v2
    = v2 v0 v1 v0 v1 h1 h1 v2 h3 h2 h1 h1 h0 h0 h2 h3 h1 h1 v2 v1 v0 v1 v0 v2
    = v2 v0 v1 v0 v1 h1 v1 h0 h3 h2 h1 h1 h0 h0 h2 h3 h1 h1 v2 v1 v0 v1 v0 v2
    = v2 v0 v1 v0 v1 v2 h0 h0 h3 h2 h1 h1 h0 h0 h2 h3 h1 h1 v2 v1 v0 v1 v0 v2
    = v2 v0 v1 v0 v1 v2 h0 h0 h3 h2 h1 h0 h2 h3 h1 h1 v2 v1 v0 v1 v0 v2
    = v2 v0 v1 v0 v1 v2 h0 h0 h3 h2 h2 h3 h1 h1 v2 v1 v0 v1 v0 v2
    = v2 v0 v1 v0 v1 v2 h0 h0 h3 h3 h1 h1 v2 v1 v0 v1 v0 v2
    = v2 v0 v1 v0 v1 v2 h0 h0 h1 h1 v2 v1 v0 v1 v0 v2
    = v2 v0 v1 v0 v1 v2 h0 h1 v2 v1 v0 v1 v0 v2
    = v2 v0 v1 v0 v1 v2 v2 v1 v0 v1 v0 v2
    = v2 v0 v1 v0 v1 v1 v0 v1 v0 v2
    = v2 v0 v1 v0 v0 v1 v0 v2
    = v2 v0 v1 v1 v0 v2
    = v2 v0 v0 v2
    = v2 v2
    = 1
  (K) v10|h inverts v|h003211:
    v1 v0 h0 h0 h3 h2 h1 h1 v0 v1 h0 h0 h3 h2 h1 h1
    = v1 v0 h0 h0 h3 h2 h1 v0 h0 v1 h0 h0 h3 h2 h1 h1
    = v1 v0 h0 h0 h3 h2 v0 h0 h0 v1 h0 h0 h3 h2 h1 h1
    = v1 v0 h0 h0 h3 v0 h3 h0 h0 v1 h0 h0 h3 h2 h1 h1
    = v1 v0 h0 h0 v0 h2 h3 h0 h0 v1 h0 h0 h3 h2 h1 h1
    = v1 v0 h0 v0 h1 h2 h3 h0 h0 v1 h0 h0 h3 h2 h1 h1
    = v1 v0 v0 h1 h1 h2 h3 h0 h0 v1 h0 h0 h3 h2 h1 h1
    = v1 h1 h1 h2 h3 h0 h0 v1 h0 h0 h3 h2 h1 h1
    = v1 h1 h1 h2 h3 h0 v2 h1 h0 h0 h3 h2 h1 h1
    = v1 h1 h1 h2 h3 v1 h1 h1 h0 h0 h3 h2 h1 h1
    = v1 h1 h1 h2 v1 h3 h1 h1 h0 h0 h3 h2 h1 h1
    = v1 h1 h1 v1 h2 h3 h1 h1 h0 h0 h3 h2 h1 h1
    = v1 h1 v2 h0 h2 h3 h1 h1 h0 h0 h3 h2 h1 h1
    = v1 v1 h0 h0 h2 h3 h1 h1 h0 h0 h3 h2 h1 h1
    = h0 h0 h2 h3 h1 h1 h0 h0 h3 h2 h1 h1
    = h0 h0 h2 h3 h1 h0 h3 h2 h1 h1
    = h0 h0 h2 h3 h3 h2 h1 h1
    = h0 h0 h2 h2 h1 h1
    = h0 h0 h1 h1
    = h0 h1
    = 1
class 564 chain of length 6 with 4 inverting steps verified: Gamma^+ is not left-orderable
  (K) v|h4234 inverts v02|h:
    h4 h2 h3 h4 v0 v2 h4 h3 h2 h4 v0 v2
    = h4 h2 h3 v1 h4 v2 h4 h3 h2 h4 v0 v2
    = h4 h2 v2 h3 h4 v2 h4 h3 h2 h4 v0 v2
    = h4 v2 h2 h3 h4 v2 h4 h3 h2 h4 v0 v2
    = v2 h4 h2 h3 h4 v2 h4 h3 h2 h4 v0 v2
    = v2 h4 h2 h3 v2 h4 h4 h3 h2 h4 v0 v2
    = v2 h4 h2 v1 h3 h4 h4 h3 h2 h4 v0 v2
    = v2 h4 v1 h2 h3 h4 h4 h3 h2 h4 v0 v2
    = v2 v0 h4 h2 h3 h4 h4 h3 h2 h4 v0 v2
    = v2 v0 h4 h2 h3 h3 h2 h4 v0 v2
    = v2 v0 h4 h2 h2 h4 v0 v2
    = v2 v0 h4 h4 v0 v2
    = v2 v0 v0 v2
    = v2 v2
    = 1
  (R) v|h4234 = r^1, v|h432324 = r^-2, r = v|h4234
  (K) v0210|h inverts v|h432324:
    v0 v2 v1 v0 h4 h3 h2 h3 h2 h4 v0 v1 v2 v0 h4 h3 h2 h3 h2 h4
    = v0 v2 v1 v0 h4 h3 h2 h3 h2 v1 h4 v1 v2 v0 h4 h3 h2 h3 h2 h4
    = v0 v2 v1 v0 h4 h3 h2 h3 v1 h2 h4 v1 v2 v0 h4 h3 h2 h3 h2 h4
    = v0 v2 v1 v0 h4 h3 h2 v2 h3 h2 h4 v1 v2 v0 h4 h3 h2 h3 h2 h4
    = v0 v2 v1 v0 h4 h3 v2 h2 h3 h2 h4 v1 v2 v0 h4 h3 h2 h3 h2 h4
    = v0 v2 v1 v0 h4 v1 h3 h2 h3 h2 h4 v1 v2 v0 h4 h3 h2 h3 h2 h4
    = v0 v2 v1 v0 v0 h4 h3 h2 h3 h2 h4 v1 v2 v0 h4 h3 h2 h3 h2 h4
    = v0 v2 v1 h4 h3 h2 h3 h2 h4 v1 v2 v0 h4 h3 h2 h3 h2 h4
    = v0 v2 v1 h4 h3 h2 h3 h2 v0 h4 v2 v0 h4 h3 h2 h3 h2 h4
    = v0 v2 v1 h4 h3 h2 h3 v0 h3 h4 v2 v0 h4 h3 h2 h3 h2 h4
    = v0 v2 v1 h4 h3 h2 v0 h2 h3 h4 v2 v0 h4 h3 h2 h3 h2 h4
    = v0 v2 v1 h4 h3 v0 h3 h2 h3 h4 v2 v0 h4 h3 h2 h3 h2 h4
    = v0 v2 v1 h4 v0 h2 h3 h2 h3 h4 v2 v0 h4 h3 h2 h3 h2 h4
    = v0 v2 v1 v1 h4 h2 h3 h2 h3 h4 v2 v0 h4 h3 h2 h3 h2 h4
    = v0 v2 h4 h2 h3 h2 h3 h4 v2 v0 h4 h3 h2 h3 h2 h4
    = v0 v2 h4 h2 h3 h2 h3 v2 h4 v0 h4 h3 h2 h3 h2 h4
    = v0 v2 h4 h2 h3 h2 v1 h3 h4 v0 h4 h3 h2 h3 h2 h4
    = v0 v2 h4 h2 h3 v1 h2 h3 h4 v0 h4 h3 h2 h3 h2 h4
    = v0 v2 h4 h2 v2 h3 h2 h3 h4 v0 h4 h3 h2 h3 h2 h4
    = v0 v2 h4 v2 h2 h3 h2 h3 h4 v0 h4 h3 h2 h3 h2 h4
    = v0 v2 v2 h4 h2 h3 h2 h3 h4 v0 h4 h3 h2 h3 h2 h4
    = v0 h4 h2 h3 h2 h3 h4 v0 h4 h3 h2 h3 h2 h4
    = v0 h4 h2 h3 h2 h3 v1 h4 h4 h3 h2 h3 h2 h4
    = v0 h4 h2 h3 h2 v2 h3 h4 h4 h3 h2 h3 h2 h4
    = v0 h4 h2 h3 v2 h2 h3 h4 h4 h3 h2 h3 h2 h4
    = v0 h4 h2 v1 h3 h2 h3 h4 h4 h3 h2 h3 h2 h4
    = v0 h4 v1 h2 h3 h2 h3 h4 h4 h3 h2 h3 h2 h4
    = v0 v0 h4 h2 h3 h2 h3 h4 h4 h3 h2 h3 h2 h4
    = h4 h2 h3 h2 h3 h4 h4 h3 h2 h3 h2 h4
    = h4 h2 h3 h2 h3 h3 h2 h3 h2 h4
    = h4 h2 h3 h2 h2 h3 h2 h4
    = h4 h2 h3 h3 h2 h4
    = h4 h2 h2 h4
    = h4 h4
    = 1
  (K) v|h0321 inverts v0210|h:
    h0 h3 h2 h1 v0 v2 v1 v0 h0 h2 h3 h1 v0 v2 v1 v0
    = h0 h3 h2 v0 h0 v2 v1 v0 h0 h2 h3 h1 v0 v2 v1 v0
    = h0 h3 v0 h3 h0 v2 v1 v0 h0 h2 h3 h1 v0 v2 v1 v0
    = h0 v0 h2 h3 h0 v2 v1 v0 h0 h2 h3 h1 v0 v2 v1 v0
    = v0 h1 h2 h3 h0 v2 v1 v0 h0 h2 h3 h1 v0 v2 v1 v0
    = v0 h1 h2 h3 v1 h1 v1 v0 h0 h2 h3 h1 v0 v2 v1 v0
    = v0 h1 h2 v2 h3 h1 v1 v0 h0 h2 h3 h1 v0 v2 v1 v0
    = v0 h1 v2 h2 h3 h1 v1 v0 h0 h2 h3 h1 v0 v2 v1 v0
    = v0 v1 h0 h2 h3 h1 v1 v0 h0 h2 h3 h1 v0 v2 v1 v0
    = v0 v1 h0 h2 h3 v2 h0 v0 h0 h2 h3 h1 v0 v2 v1 v0
    = v0 v1 h0 h2 v1 h3 h0 v0 h0 h2 h3 h1 v0 v2 v1 v0
    = v0 v1 h0 v1 h2 h3 h0 v0 h0 h2 h3 h1 v0 v2 v1 v0
    = v0 v1 v2 h1 h2 h3 h0 v0 h0 h2 h3 h1 v0 v2 v1 v0
    = v0 v1 v2 h1 h2 h3 v0 h1 h0 h2 h3 h1 v0 v2 v1 v0
    = v0 v1 v2 h1 h2 v0 h2 h1 h0 h2 h3 h1 v0 v2 v1 v0
    = v0 v1 v2 h1 v0 h3 h2 h1 h0 h2 h3 h1 v0 v2 v1 v0
    = v0 v1 v2 v0 h0 h3 h2 h1 h0 h2 h3 h1 v0 v2 v1 v0
    = v0 v1 v2 v0 h0 h3 h2 h2 h3 h1 v0 v2 v1 v0
    = v0 v1 v2 v0 h0 h3 h3 h1 v0 v2 v1 v0
    = v0 v1 v2 v0 h0 h1 v0 v2 v1 v0
    = v0 v1 v2 v0 v0 v2 v1 v0
    = v0 v1 v2 v2 v1 v0
    = v0 v1 v1 v0
    = v0 v0
    = 1
  (R) v|h0321 = r^-1, v|h032321 = r^-2, r = v|h0231
  (K) v02|h inverts v|h032321:
    v0 v2 h0 h3 h2 h3 h2 h1 v2 v0 h0 h3 h2 h3 h2 h1
    = v0 v2 h0 h3 h2 h3 h2 v1 h0 v0 h0 h3 h2 h3 h2 h1
    = v0 v2 h0 h3 h2 h3 v1 h2 h0 v0 h0 h3 h2 h3 h2 h1
    = v0 v2 h0 h3 h2 v2 h3 h2 h0 v0 h0 h3 h2 h3 h2 h1
    = v0 v2 h0 h3 v2 h2 h3 h2 h0 v0 h0 h3 h2 h3 h2 h1
    = v0 v2 h0 v1 h3 h2 h3 h2 h0 v0 h0 h3 h2 h3 h2 h1
    = v0 v2 v2 h1 h3 h2 h3 h2 h0 v0 h0 h3 h2 h3 h2 h1
    = v0 h1 h3 h2 h3 h2 h0 v0 h0 h3 h2 h3 h2 h1
    = v0 h1 h3 h2 h3 h2 v0 h1 h0 h3 h2 h3 h2 h1
    = v0 h1 h3 h2 h3 v0 h3 h1 h0 h3 h2 h3 h2 h1
    = v0 h1 h3 h2 v0 h2 h3 h1 h0 h3 h2 h3 h2 h1
    = v0 h1 h3 v0 h3 h2 h3 h1 h0 h3 h2 h3 h2 h1
    = v0 h1 v0 h2 h3 h2 h3 h1 h0 h3 h2 h3 h2 h1
    = v0 v0 h0 h2 h3 h2 h3 h1 h0 h3 h2 h3 h2 h1
    = h0 h2 h3 h2 h3 h1 h0 h3 h2 h3 h2 h1
    = h0 h2 h3 h2 h3 h3 h2 h3 h2 h1
    = h0 h2 h3 h2 h2 h3 h2 h1
    = h0 h2 h3 h3 h2 h1
    = h0 h2 h2 h1
    = h0 h1
    = 1
class 565 chain of length 6 with 4 inverting steps verified: Gamma^+ is not left-orderable
  (R) v0210|h = r^-1, v012120|h = r^2, r = v0120|h
  (K) v|h113211 inverts v012120|h:
    h1 h1 h3 h2 h1 h1 v0 v1 v2 v1 v2 v0 h0 h0 h2 h3 h0 h0 v0 v1 v2 v1 v2 v0
    = h1 h1 h3 h2 h1 v0 h0 v1 v2 v1 v2 v0 h0 h0 h2 h3 h0 h0 v0 v1 v2 v1 v2 v0
    = h1 h1 h3 h2 v0 h0 h0 v1 v2 v1 v2 v0 h0 h0 h2 h3 h0 h0 v0 v1 v2 v1 v2 v0
    = h1 h1 h3 v0 h2 h0 h0 v1 v2 v1 v2 v0 h0 h0 h2 h3 h0 h0 v0 v1 v2 v1 v2 v0
    = h1 h1 v0 h4 h2 h0 h0 v1 v2 v1 v2 v0 h0 h0 h2 h3 h0 h0 v0 v1 v2 v1 v2 v0
    = h1 v0 h0 h4 h2 h0 h0 v1 v2 v1 v2 v0 h0 h0 h2 h3 h0 h0 v0 v1 v2 v1 v2 v0
    = v0 h0 h0 h4 h2 h0 h0 v1 v2 v1 v2 v0 h0 h0 h2 h3 h0 h0 v0 v1 v2 v1 v2 v0
    = v0 h0 h0 h4 h2 h0 v2 h2 v2 v1 v2 v0 h0 h0 h2 h3 h0 h0 v0 v1 v2 v1 v2 v0
    = v0 h0 h0 h4 h2 v1 h3 h2 v2 v1 v2 v0 h0 h0 h2 h3 h0 h0 v0 v1 v2 v1 v2 v0
    = v0 h0 h0 h4 v2 h0 h3 h2 v2 v1 v2 v0 h0 h0 h2 h3 h0 h0 v0 v1 v2 v1 v2 v0
    = v0 h0 h0 v2 h4 h0 h3 h2 v2 v1 v2 v0 h0 h0 h2 h3 h0 h0 v0 v1 v2 v1 v2 v0
    = v0 h0 v1 h3 h4 h0 h3 h2 v2 v1 v2 v0 h0 h0 h2 h3 h0 h0 v0 v1 v2 v1 v2 v0
    = v0 v2 h2 h3 h4 h0 h3 h2 v2 v1 v2 v0 h0 h0 h2 h3 h0 h0 v0 v1 v2 v1 v2 v0
    = v0 v2 h2 h3 h4 h0 h3 v1 h1 v1 v2 v0 h0 h0 h2 h3 h0 h0 v0 v1 v2 v1 v2 v0
    = v0 v2 h2 h3 h4 h0 v2 h1 h1 v1 v2 v0 h0 h0 h2 h3 h0 h0 v0 v1 v2 v1 v2 v0
    = v0 v2 h2 h3 h4 v1 h3 h1 h1 v1 v2 v0 h0 h0 h2 h3 h0 h0 v0 v1 v2 v1 v2 v0
    = v0 v2 h2 h3 v1 h4 h3 h1 h1 v1 v2 v0 h0 h0 h2 h3 h0 h0 v0 v1 v2 v1 v2 v0
    = v0 v2 h2 v2 h1 h4 h3 h1 h1 v1 v2 v0 h0 h0 h2 h3 h0 h0 v0 v1 v2 v1 v2 v0
    = v0 v2 v1 h1 h1 h4 h3 h1 h1 v1 v2 v0 h0 h0 h2 h3 h0 h0 v0 v1 v2 v1 v2 v0
    = v0 v2 v1 h1 h1 h4 h3 h1 v2 h3 v2 v0 h0 h0 h2 h3 h0 h0 v0 v1 v2 v1 v2 v0
    = v0 v2 v1 h1 h1 h4 h3 v1 h2 h3 v2 v0 h0 h0 h2 h3 h0 h0 v0 v1 v2 v1 v2 v0
    = v0 v2 v1 h1 h1 h4 v2 h1 h2 h3 v2 v0 h0 h0 h2 h3 h0 h0 v0 v1 v2 v1 v2 v0
    = v0 v2 v1 h1 h1 v2 h4 h1 h2 h3 v2 v0 h0 h0 h2 h3 h0 h0 v0 v1 v2 v1 v2 v0
    = v0 v2 v1 h1 v1 h2 h4 h1 h2 h3 v2 v0 h0 h0 h2 h3 h0 h0 v0 v1 v2 v1 v2 v0
    = v0 v2 v1 v2 h3 h2 h4 h1 h2 h3 v2 v0 h0 h0 h2 h3 h0 h0 v0 v1 v2 v1 v2 v0
    = v0 v2 v1 v2 h3 h2 h4 h1 h2 v1 h0 v0 h0 h0 h2 h3 h0 h0 v0 v1 v2 v1 v2 v0
    = v0 v2 v1 v2 h3 h2 h4 h1 v2 h0 h0 v0 h0 h0 h2 h3 h0 h0 v0 v1 v2 v1 v2 v0
    = v0 v2 v1 v2 h3 h2 h4 v1 h2 h0 h0 v0 h0 h0 h2 h3 h0 h0 v0 v1 v2 v1 v2 v0
    = v0 v2 v1 v2 h3 h2 v1 h4 h2 h0 h0 v0 h0 h0 h2 h3 h0 h0 v0 v1 v2 v1 v2 v0
    = v0 v2 v1 v2 h3 v2 h0 h4 h2 h0 h0 v0 h0 h0 h2 h3 h0 h0 v0 v1 v2 v1 v2 v0
    = v0 v2 v1 v2 v1 h0 h0 h4 h2 h0 h0 v0 h0 h0 h2 h3 h0 h0 v0 v1 v2 v1 v2 v0
    = v0 v2 v1 v2 v1 h0 h0 h4 h2 h0 v0 h1 h0 h0 h2 h3 h0 h0 v0 v1 v2 v1 v2 v0
    = v0 v2 v1 v2 v1 h0 h0 h4 h2 v0 h1 h1 h0 h0 h2 h3 h0 h0 v0 v1 v2 v1 v2 v0
    = v0 v2 v1 v2 v1 h0 h0 h4 v0 h2 h1 h1 h0 h0 h2 h3 h0 h0 v0 v1 v2 v1 v2 v0
    = v0 v2 v1 v2 v1 h0 h0 v0 h3 h2 h1 h1 h0 h0 h2 h3 h0 h0 v0 v1 v2 v1 v2 v0
    = v0 v2 v1 v2 v1 h0 v0 h1 h3 h2 h1 h1 h0 h0 h2 h3 h0 h0 v0 v1 v2 v1 v2 v0
    = v0 v2 v1 v2 v1 v0 h1 h1 h3 h2 h1 h1 h0 h0 h2 h3 h0 h0 v0 v1 v2 v1 v2 v0
    = v0 v2 v1 v2 v1 v0 h1 h1 h3 h2 h1 h0 h2 h3 h0 h0 v0 v1 v2 v1 v2 v0
    = v0 v2 v1 v2 v1 v0 h1 h1 h3 h2 h2 h3 h0 h0 v0 v1 v2 v1 v2 v0
    = v0 v2 v1 v2 v1 v0 h1 h1 h3 h3 h0 h0 v0 v1 v2 v1 v2 v0
    = v0 v2 v1 v2 v1 v0 h1 h1 h0 h0 v0 v1 v2 v1 v2 v0
    = v0 v2 v1 v2 v1 v0 h1 h0 v0 v1 v2 v1 v2 v0
    = v0 v2 v1 v2 v1 v0 v0 v1 v2 v1 v2 v0
    = v0 v2 v1 v2 v1 v1 v2 v1 v2 v0
    = v0 v2 v1 v2 v2 v1 v2 v0
    = v0 v2 v1 v1 v2 v0
    = v0 v2 v2 v0
    = v0 v0
    = 1
  (K) v12|h inverts v|h113211:
    v1 v2 h1 h1 h3 h2 h1 h1 v2 v1 h1 h1 h3 h2 h1 h1
    = v1 v2 h1 h1 h3 h2 h1 v1 h2 v1 h1 h1 h3 h2 h1 h1
    = v1 v2 h1 h1 h3 h2 v2 h3 h2 v1 h1 h1 h3 h2 h1 h1
    = v1 v2 h1 h1 h3 v1 h1 h3 h2 v1 h1 h1 h3 h2 h1 h1
    = v1 v2 h1 h1 v2 h1 h1 h3 h2 v1 h1 h1 h3 h2 h1 h1
    = v1 v2 h1 v1 h2 h1 h1 h3 h2 v1 h1 h1 h3 h2 h1 h1
    = v1 v2 v2 h3 h2 h1 h1 h3 h2 v1 h1 h1 h3 h2 h1 h1
    = v1 h3 h2 h1 h1 h3 h2 v1 h1 h1 h3 h2 h1 h1
    = v1 h3 h2 h1 h1 h3 v2 h0 h1 h1 h3 h2 h1 h1
    = v1 h3 h2 h1 h1 v1 h0 h0 h1 h1 h3 h2 h1 h1
    = v1 h3 h2 h1 v2 h3 h0 h0 h1 h1 h3 h2 h1 h1
    = v1 h3 h2 v1 h2 h3 h0 h0 h1 h1 h3 h2 h1 h1
    = v1 h3 v2 h0 h2 h3 h0 h0 h1 h1 h3 h2 h1 h1
    = v1 v1 h0 h0 h2 h3 h0 h0 h1 h1 h3 h2 h1 h1
    = h0 h0 h2 h3 h0 h0 h1 h1 h3 h2 h1 h1
    = h0 h0 h2 h3 h0 h1 h3 h2 h1 h1
    = h0 h0 h2 h3 h3 h2 h1 h1
    = h0 h0 h2 h2 h1 h1
    = h0 h0 h1 h1
    = h0 h1
    = 1
  (R) v12|h = r^1, v2121|h = r^-2, r = v12|h
  (K) v|h002400 inverts v2121|h:
    h0 h0 h2 h4 h0 h0 v2 v1 v2 v1 h1 h1 h4 h2 h1 h1 v2 v1 v2 v1
    = h0 h0 h2 h4 h0 v1 h3 v1 v2 v1 h1 h1 h4 h2 h1 h1 v2 v1 v2 v1
    = h0 h0 h2 h4 v2 h2 h3 v1 v2 v1 h1 h1 h4 h2 h1 h1 v2 v1 v2 v1
    = h0 h0 h2 v2 h4 h2 h3 v1 v2 v1 h1 h1 h4 h2 h1 h1 v2 v1 v2 v1
    = h0 h0 v1 h1 h4 h2 h3 v1 v2 v1 h1 h1 h4 h2 h1 h1 v2 v1 v2 v1
    = h0 v2 h2 h1 h4 h2 h3 v1 v2 v1 h1 h1 h4 h2 h1 h1 v2 v1 v2 v1
    = v1 h3 h2 h1 h4 h2 h3 v1 v2 v1 h1 h1 h4 h2 h1 h1 v2 v1 v2 v1
    = v1 h3 h2 h1 h4 h2 v2 h1 v2 v1 h1 h1 h4 h2 h1 h1 v2 v1 v2 v1
    = v1 h3 h2 h1 h4 v1 h1 h1 v2 v1 h1 h1 h4 h2 h1 h1 v2 v1 v2 v1
    = v1 h3 h2 h1 v1 h4 h1 h1 v2 v1 h1 h1 h4 h2 h1 h1 v2 v1 v2 v1
    = v1 h3 h2 v2 h3 h4 h1 h1 v2 v1 h1 h1 h4 h2 h1 h1 v2 v1 v2 v1
    = v1 h3 v1 h1 h3 h4 h1 h1 v2 v1 h1 h1 h4 h2 h1 h1 v2 v1 v2 v1
    = v1 v2 h1 h1 h3 h4 h1 h1 v2 v1 h1 h1 h4 h2 h1 h1 v2 v1 v2 v1
    = v1 v2 h1 h1 h3 h4 h1 v1 h2 v1 h1 h1 h4 h2 h1 h1 v2 v1 v2 v1
    = v1 v2 h1 h1 h3 h4 v2 h3 h2 v1 h1 h1 h4 h2 h1 h1 v2 v1 v2 v1
    = v1 v2 h1 h1 h3 v2 h4 h3 h2 v1 h1 h1 h4 h2 h1 h1 v2 v1 v2 v1
    = v1 v2 h1 h1 v1 h0 h4 h3 h2 v1 h1 h1 h4 h2 h1 h1 v2 v1 v2 v1
    = v1 v2 h1 v2 h3 h0 h4 h3 h2 v1 h1 h1 h4 h2 h1 h1 v2 v1 v2 v1
    = v1 v2 v1 h2 h3 h0 h4 h3 h2 v1 h1 h1 h4 h2 h1 h1 v2 v1 v2 v1
    = v1 v2 v1 h2 h3 h0 h4 h3 v2 h0 h1 h1 h4 h2 h1 h1 v2 v1 v2 v1
    = v1 v2 v1 h2 h3 h0 h4 v1 h0 h0 h1 h1 h4 h2 h1 h1 v2 v1 v2 v1
    = v1 v2 v1 h2 h3 h0 v1 h4 h0 h0 h1 h1 h4 h2 h1 h1 v2 v1 v2 v1
    = v1 v2 v1 h2 h3 v2 h2 h4 h0 h0 h1 h1 h4 h2 h1 h1 v2 v1 v2 v1
    = v1 v2 v1 h2 v1 h0 h2 h4 h0 h0 h1 h1 h4 h2 h1 h1 v2 v1 v2 v1
    = v1 v2 v1 v2 h0 h0 h2 h4 h0 h0 h1 h1 h4 h2 h1 h1 v2 v1 v2 v1
    = v1 v2 v1 v2 h0 h0 h2 h4 h0 h1 h4 h2 h1 h1 v2 v1 v2 v1
    = v1 v2 v1 v2 h0 h0 h2 h4 h4 h2 h1 h1 v2 v1 v2 v1
    = v1 v2 v1 v2 h0 h0 h2 h2 h1 h1 v2 v1 v2 v1
    = v1 v2 v1 v2 h0 h0 h1 h1 v2 v1 v2 v1
    = v1 v2 v1 v2 h0 h1 v2 v1 v2 v1
    = v1 v2 v1 v2 v2 v1 v2 v1
    = v1 v2 v1 v1 v2 v1
    = v1 v2 v2 v1
    = v1 v1
    = 1
  (K) v0210|h inverts v|h002400:
    v0 v2 v1 v0 h0 h0 h2 h4 h0 h0 v0 v1 v2 v0 h0 h0 h2 h4 h0 h0
    = v0 v2 v1 v0 h0 h0 h2 h4 h0 v0 h1 v1 v2 v0 h0 h0 h2 h4 h0 h0
    = v0 v2 v1 v0 h0 h0 h2 h4 v0 h1 h1 v1 v2 v0 h0 h0 h2 h4 h0 h0
    = v0 v2 v1 v0 h0 h0 h2 v0 h3 h1 h1 v1 v2 v0 h0 h0 h2 h4 h0 h0
    = v0 v2 v1 v0 h0 h0 v0 h2 h3 h1 h1 v1 v2 v0 h0 h0 h2 h4 h0 h0
    = v0 v2 v1 v0 h0 v0 h1 h2 h3 h1 h1 v1 v2 v0 h0 h0 h2 h4 h0 h0
    = v0 v2 v1 v0 v0 h1 h1 h2 h3 h1 h1 v1 v2 v0 h0 h0 h2 h4 h0 h0
    = v0 v2 v1 h1 h1 h2 h3 h1 h1 v1 v2 v0 h0 h0 h2 h4 h0 h0
    = v0 v2 v1 h1 h1 h2 h3 h1 v2 h3 v2 v0 h0 h0 h2 h4 h0 h0
    = v0 v2 v1 h1 h1 h2 h3 v1 h2 h3 v2 v0 h0 h0 h2 h4 h0 h0
    = v0 v2 v1 h1 h1 h2 v2 h1 h2 h3 v2 v0 h0 h0 h2 h4 h0 h0
    = v0 v2 v1 h1 h1 v1 h1 h1 h2 h3 v2 v0 h0 h0 h2 h4 h0 h0
    = v0 v2 v1 h1 v2 h3 h1 h1 h2 h3 v2 v0 h0 h0 h2 h4 h0 h0
    = v0 v2 v1 v1 h2 h3 h1 h1 h2 h3 v2 v0 h0 h0 h2 h4 h0 h0
    = v0 v2 h2 h3 h1 h1 h2 h3 v2 v0 h0 h0 h2 h4 h0 h0
    = v0 v2 h2 h3 h1 h1 h2 v1 h0 v0 h0 h0 h2 h4 h0 h0
    = v0 v2 h2 h3 h1 h1 v2 h0 h0 v0 h0 h0 h2 h4 h0 h0
    = v0 v2 h2 h3 h1 v1 h2 h0 h0 v0 h0 h0 h2 h4 h0 h0
    = v0 v2 h2 h3 v2 h3 h2 h0 h0 v0 h0 h0 h2 h4 h0 h0
    = v0 v2 h2 v1 h0 h3 h2 h0 h0 v0 h0 h0 h2 h4 h0 h0
    = v0 v2 v2 h0 h0 h3 h2 h0 h0 v0 h0 h0 h2 h4 h0 h0
    = v0 h0 h0 h3 h2 h0 h0 v0 h0 h0 h2 h4 h0 h0
    = v0 h0 h0 h3 h2 h0 v0 h1 h0 h0 h2 h4 h0 h0
    = v0 h0 h0 h3 h2 v0 h1 h1 h0 h0 h2 h4 h0 h0
    = v0 h0 h0 h3 v0 h2 h1 h1 h0 h0 h2 h4 h0 h0
    = v0 h0 h0 v0 h4 h2 h1 h1 h0 h0 h2 h4 h0 h0
    = v0 h0 v0 h1 h4 h2 h1 h1 h0 h0 h2 h4 h0 h0
    = v0 v0 h1 h1 h4 h2 h1 h1 h0 h0 h2 h4 h0 h0
    = h1 h1 h4 h2 h1 h1 h0 h0 h2 h4 h0 h0
    = h1 h1 h4 h2 h1 h0 h2 h4 h0 h0
    = h1 h1 h4 h2 h2 h4 h0 h0
    = h1 h1 h4 h4 h0 h0
    = h1 h1 h0 h0
    = h1 h0
    = 1
class 585 chain of length 6 with 4 inverting steps verified: Gamma^+ is not left-orderable
  (K) v|h0341 inverts v0210|h:
    h0 h3 h4 h1 v0 v2 v1 v0 h0 h4 h3 h1 v0 v2 v1 v0
    = h0 h3 h4 v2 h1 v2 v1 v0 h0 h4 h3 h1 v0 v2 v1 v0
    = h0 h3 v2 h3 h1 v2 v1 v0 h0 h4 h3 h1 v0 v2 v1 v0
    = h0 v2 h4 h3 h1 v2 v1 v0 h0 h4 h3 h1 v0 v2 v1 v0
    = v0 h0 h4 h3 h1 v2 v1 v0 h0 h4 h3 h1 v0 v2 v1 v0
    = v0 h0 h4 h3 v1 h1 v1 v0 h0 h4 h3 h1 v0 v2 v1 v0
    = v0 h0 h4 v1 h3 h1 v1 v0 h0 h4 h3 h1 v0 v2 v1 v0
    = v0 h0 v0 h4 h3 h1 v1 v0 h0 h4 h3 h1 v0 v2 v1 v0
    = v0 v1 h0 h4 h3 h1 v1 v0 h0 h4 h3 h1 v0 v2 v1 v0
    = v0 v1 h0 h4 h3 v0 h1 v0 h0 h4 h3 h1 v0 v2 v1 v0
    = v0 v1 h0 h4 v0 h3 h1 v0 h0 h4 h3 h1 v0 v2 v1 v0
    = v0 v1 h0 v1 h4 h3 h1 v0 h0 h4 h3 h1 v0 v2 v1 v0
    = v0 v1 v2 h0 h4 h3 h1 v0 h0 h4 h3 h1 v0 v2 v1 v0
    = v0 v1 v2 h0 h4 h3 v2 h1 h0 h4 h3 h1 v0 v2 v1 v0
    = v0 v1 v2 h0 h4 v2 h4 h1 h0 h4 h3 h1 v0 v2 v1 v0
    = v0 v1 v2 h0 v2 h3 h4 h1 h0 h4 h3 h1 v0 v2 v1 v0
    = v0 v1 v2 v0 h0 h3 h4 h1 h0 h4 h3 h1 v0 v2 v1 v0
    = v0 v1 v2 v0 h0 h3 h4 h4 h3 h1 v0 v2 v1 v0
    = v0 v1 v2 v0 h0 h3 h3 h1 v0 v2 v1 v0
    = v0 v1 v2 v0 h0 h1 v0 v2 v1 v0
    = v0 v1 v2 v0 v0 v2 v1 v0
    = v0 v1 v2 v2 v1 v0
    = v0 v1 v1 v0
    = v0 v0
    = 1
  (R) v|h0341 = r^1, v|h034341 = r^2, r = v|h0341
  (K) v10|h inverts v|h034341:
    v1 v0 h0 h3 h4 h3 h4 h1 v0 v1 h0 h3 h4 h3 h4 h1
    = v1 v0 h0 h3 h4 h3 h4 v2 h1 v1 h0 h3 h4 h3 h4 h1
    = v1 v0 h0 h3 h4 h3 v2 h3 h1 v1 h0 h3 h4 h3 h4 h1
    = v1 v0 h0 h3 h4 v2 h4 h3 h1 v1 h0 h3 h4 h3 h4 h1
    = v1 v0 h0 h3 v2 h3 h4 h3 h1 v1 h0 h3 h4 h3 h4 h1
    = v1 v0 h0 v2 h4 h3 h4 h3 h1 v1 h0 h3 h4 h3 h4 h1
    = v1 v0 v0 h0 h4 h3 h4 h3 h1 v1 h0 h3 h4 h3 h4 h1
    = v1 h0 h4 h3 h4 h3 h1 v1 h0 h3 h4 h3 h4 h1
    = v1 h0 h4 h3 h4 h3 v0 h1 h0 h3 h4 h3 h4 h1
    = v1 h0 h4 h3 h4 v0 h3 h1 h0 h3 h4 h3 h4 h1
    = v1 h0 h4 h3 v1 h4 h3 h1 h0 h3 h4 h3 h4 h1
    = v1 h0 h4 v1 h3 h4 h3 h1 h0 h3 h4 h3 h4 h1
    = v1 h0 v0 h4 h3 h4 h3 h1 h0 h3 h4 h3 h4 h1
    = v1 v1 h0 h4 h3 h4 h3 h1 h0 h3 h4 h3 h4 h1
    = h0 h4 h3 h4 h3 h1 h0 h3 h4 h3 h4 h1
    = h0 h4 h3 h4 h3 h3 h4 h3 h4 h1
    = h0 h4 h3 h4 h4 h3 h4 h1
    = h0 h4 h3 h3 h4 h1
    = h0 h4 h4 h1
    = h0 h1
    = 1
  (K) v|h2432 inverts v10|h:
    h2 h4 h3 h2 v1 v0 h2 h3 h4 h2 v1 v0
    = h2 h4 h3 v1 h2 v0 h2 h3 h4 h2 v1 v0
    = h2 h4 v1 h3 h2 v0 h2 h3 h4 h2 v1 v0
    = h2 v0 h4 h3 h2 v0 h2 h3 h4 h2 v1 v0
    = v0 h2 h4 h3 h2 v0 h2 h3 h4 h2 v1 v0
    = v0 h2 h4 h3 v0 h2 h2 h3 h4 h2 v1 v0
    = v0 h2 h4 v0 h3 h2 h2 h3 h4 h2 v1 v0
    = v0 h2 v1 h4 h3 h2 h2 h3 h4 h2 v1 v0
    = v0 v1 h2 h4 h3 h2 h2 h3 h4 h2 v1 v0
    = v0 v1 h2 h4 h3 h3 h4 h2 v1 v0
    = v0 v1 h2 h4 h4 h2 v1 v0
    = v0 v1 h2 h2 v1 v0
    = v0 v1 v1 v0
    = v0 v0
    = 1
  (R) v|h2432 = r^-1, v|h243432 = r^-2, r = v|h2342
  (K) v0210|h inverts v|h243432:
    v0 v2 v1 v0 h2 h4 h3 h4 h3 h2 v0 v1 v2 v0 h2 h4 h3 h4 h3 h2
    = v0 v2 v1 v0 h2 h4 h3 h4 h3 v0 h2 v1 v2 v0 h2 h4 h3 h4 h3 h2
    = v0 v2 v1 v0 h2 h4 h3 h4 v0 h3 h2 v1 v2 v0 h2 h4 h3 h4 h3 h2
    = v0 v2 v1 v0 h2 h4 h3 v1 h4 h3 h2 v1 v2 v0 h2 h4 h3 h4 h3 h2
    = v0 v2 v1 v0 h2 h4 v1 h3 h4 h3 h2 v1 v2 v0 h2 h4 h3 h4 h3 h2
    = v0 v2 v1 v0 h2 v0 h4 h3 h4 h3 h2 v1 v2 v0 h2 h4 h3 h4 h3 h2
    = v0 v2 v1 v0 v0 h2 h4 h3 h4 h3 h2 v1 v2 v0 h2 h4 h3 h4 h3 h2
    = v0 v2 v1 h2 h4 h3 h4 h3 h2 v1 v2 v0 h2 h4 h3 h4 h3 h2
    = v0 v2 v1 h2 h4 h3 h4 h3 v1 h2 v2 v0 h2 h4 h3 h4 h3 h2
    = v0 v2 v1 h2 h4 h3 h4 v1 h3 h2 v2 v0 h2 h4 h3 h4 h3 h2
    = v0 v2 v1 h2 h4 h3 v0 h4 h3 h2 v2 v0 h2 h4 h3 h4 h3 h2
    = v0 v2 v1 h2 h4 v0 h3 h4 h3 h2 v2 v0 h2 h4 h3 h4 h3 h2
    = v0 v2 v1 h2 v1 h4 h3 h4 h3 h2 v2 v0 h2 h4 h3 h4 h3 h2
    = v0 v2 v1 v1 h2 h4 h3 h4 h3 h2 v2 v0 h2 h4 h3 h4 h3 h2
    = v0 v2 h2 h4 h3 h4 h3 h2 v2 v0 h2 h4 h3 h4 h3 h2
    = v0 v2 h2 h4 h3 h4 h3 v2 h2 v0 h2 h4 h3 h4 h3 h2
    = v0 v2 h2 h4 h3 h4 v2 h4 h2 v0 h2 h4 h3 h4 h3 h2
    = v0 v2 h2 h4 h3 v2 h3 h4 h2 v0 h2 h4 h3 h4 h3 h2
    = v0 v2 h2 h4 v2 h4 h3 h4 h2 v0 h2 h4 h3 h4 h3 h2
    = v0 v2 h2 v2 h3 h4 h3 h4 h2 v0 h2 h4 h3 h4 h3 h2
    = v0 v2 v2 h2 h3 h4 h3 h4 h2 v0 h2 h4 h3 h4 h3 h2
    = v0 h2 h3 h4 h3 h4 h2 v0 h2 h4 h3 h4 h3 h2
    = v0 h2 h3 h4 h3 h4 v0 h2 h2 h4 h3 h4 h3 h2
    = v0 h2 h3 h4 h3 v1 h4 h2 h2 h4 h3 h4 h3 h2
    = v0 h2 h3 h4 v1 h3 h4 h2 h2 h4 h3 h4 h3 h2
    = v0 h2 h3 v0 h4 h3 h4 h2 h2 h4 h3 h4 h3 h2
    = v0 h2 v0 h3 h4 h3 h4 h2 h2 h4 h3 h4 h3 h2
    = v0 v0 h2 h3 h4 h3 h4 h2 h2 h4 h3 h4 h3 h2
    = h2 h3 h4 h3 h4 h2 h2 h4 h3 h4 h3 h2
    = h2 h3 h4 h3 h4 h4 h3 h4 h3 h2
    = h2 h3 h4 h3 h3 h4 h3 h2
    = h2 h3 h4 h4 h3 h2
    = h2 h3 h3 h2
    = h2 h2
    = 1
class 593 chain of length 6 with 4 inverting steps verified: Gamma^+ is not left-orderable
  (K) v20|h inverts v|h23:
    v2 v0 h2 h3 v0 v2 h2 h3
    = v2 v0 h2 v0 h3 v2 h2 h3
    = v2 v0 v0 h2 h3 v2 h2 h3
    = v2 h2 h3 v2 h2 h3
    = v2 h2 v2 h2 h2 h3
    = v2 v2 h3 h2 h2 h3
    = h3 h2 h2 h3
    = h3 h3
    = 1
  (R) v20|h = r^-1, v0202|h = r^2, r = v02|h
  (K) v|h24 inverts v0202|h:
    h2 h4 v0 v2 v0 v2 h4 h2 v0 v2 v0 v2
    = h2 v2 h4 v2 v0 v2 h4 h2 v0 v2 v0 v2
    = v2 h3 h4 v2 v0 v2 h4 h2 v0 v2 v0 v2
    = v2 h3 v0 h4 v0 v2 h4 h2 v0 v2 v0 v2
    = v2 v0 h3 h4 v0 v2 h4 h2 v0 v2 v0 v2
    = v2 v0 h3 v2 h4 v2 h4 h2 v0 v2 v0 v2
    = v2 v0 v2 h2 h4 v2 h4 h2 v0 v2 v0 v2
    = v2 v0 v2 h2 v0 h4 h4 h2 v0 v2 v0 v2
    = v2 v0 v2 v0 h2 h4 h4 h2 v0 v2 v0 v2
    = v2 v0 v2 v0 h2 h2 v0 v2 v0 v2
    = v2 v0 v2 v0 v0 v2 v0 v2
    = v2 v0 v2 v2 v0 v2
    = v2 v0 v0 v2
    = v2 v2
    = 1
  (K) v1201|h inverts v|h24:
    v1 v2 v0 v1 h2 h4 v1 v0 v2 v1 h2 h4
    = v1 v2 v0 v1 h2 v1 h3 v0 v2 v1 h2 h4
    = v1 v2 v0 v1 v1 h2 h3 v0 v2 v1 h2 h4
    = v1 v2 v0 h2 h3 v0 v2 v1 h2 h4
    = v1 v2 v0 h2 v0 h3 v2 v1 h2 h4
    = v1 v2 v0 v0 h2 h3 v2 v1 h2 h4
    = v1 v2 h2 h3 v2 v1 h2 h4
    = v1 v2 h2 v2 h2 v1 h2 h4
    = v1 v2 v2 h3 h2 v1 h2 h4
    = v1 h3 h2 v1 h2 h4
    = v1 h3 v1 h2 h2 h4
    = v1 v1 h4 h2 h2 h4
    = h4 h2 h2 h4
    = h4 h4
    = 1
  (R) v1201|h = r^-1, v102021|h = r^2, r = v1021|h
  (K) v|h23 inverts v102021|h:
    h2 h3 v1 v0 v2 v0 v2 v1 h3 h2 v1 v0 v2 v0 v2 v1
    = h2 v1 h4 v0 v2 v0 v2 v1 h3 h2 v1 v0 v2 v0 v2 v1
    = v1 h2 h4 v0 v2 v0 v2 v1 h3 h2 v1 v0 v2 v0 v2 v1
    = v1 h2 v2 h4 v2 v0 v2 v1 h3 h2 v1 v0 v2 v0 v2 v1
    = v1 v2 h3 h4 v2 v0 v2 v1 h3 h2 v1 v0 v2 v0 v2 v1
    = v1 v2 h3 v0 h4 v0 v2 v1 h3 h2 v1 v0 v2 v0 v2 v1
    = v1 v2 v0 h3 h4 v0 v2 v1 h3 h2 v1 v0 v2 v0 v2 v1
    = v1 v2 v0 h3 v2 h4 v2 v1 h3 h2 v1 v0 v2 v0 v2 v1
    = v1 v2 v0 v2 h2 h4 v2 v1 h3 h2 v1 v0 v2 v0 v2 v1
    = v1 v2 v0 v2 h2 v0 h4 v1 h3 h2 v1 v0 v2 v0 v2 v1
    = v1 v2 v0 v2 v0 h2 h4 v1 h3 h2 v1 v0 v2 v0 v2 v1
    = v1 v2 v0 v2 v0 h2 v1 h3 h3 h2 v1 v0 v2 v0 v2 v1
    = v1 v2 v0 v2 v0 v1 h2 h3 h3 h2 v1 v0 v2 v0 v2 v1
    = v1 v2 v0 v2 v0 v1 h2 h2 v1 v0 v2 v0 v2 v1
    = v1 v2 v0 v2 v0 v1 v1 v0 v2 v0 v2 v1
    = v1 v2 v0 v2 v0 v0 v2 v0 v2 v1
    = v1 v2 v0 v2 v2 v0 v2 v1
    = v1 v2 v0 v0 v2 v1
    = v1 v2 v2 v1
    = v1 v1
    = 1
class 604 chain of length 6 with 4 inverting steps verified: Gamma^+ is not left-orderable
  (K) v0210|h inverts v|h2323:
    v0 v2 v1 v0 h2 h3 h2 h3 v0 v1 v2 v0 h2 h3 h2 h3
    = v0 v2 v1 v0 h2 h3 h2 v1 h3 v1 v2 v0 h2 h3 h2 h3
    = v0 v2 v1 v0 h2 h3 v1 h2 h3 v1 v2 v0 h2 h3 h2 h3
    = v0 v2 v1 v0 h2 v0 h3 h2 h3 v1 v2 v0 h2 h3 h2 h3
    = v0 v2 v1 v0 v0 h2 h3 h2 h3 v1 v2 v0 h2 h3 h2 h3
    = v0 v2 v1 h2 h3 h2 h3 v1 v2 v0 h2 h3 h2 h3
    = v0 v2 v1 h2 h3 h2 v0 h3 v2 v0 h2 h3 h2 h3
    = v0 v2 v1 h2 h3 v0 h2 h3 v2 v0 h2 h3 h2 h3
    = v0 v2 v1 h2 v1 h3 h2 h3 v2 v0 h2 h3 h2 h3
    = v0 v2 v1 v1 h2 h3 h2 h3 v2 v0 h2 h3 h2 h3
    = v0 v2 h2 h3 h2 h3 v2 v0 h2 h3 h2 h3
    = v0 v2 h2 h3 h2 v2 h2 v0 h2 h3 h2 h3
    = v0 v2 h2 h3 v2 h3 h2 v0 h2 h3 h2 h3
    = v0 v2 h2 v2 h2 h3 h2 v0 h2 h3 h2 h3
    = v0 v2 v2 h3 h2 h3 h2 v0 h2 h3 h2 h3
    = v0 h3 h2 h3 h2 v0 h2 h3 h2 h3
    = v0 h3 h2 h3 v0 h2 h2 h3 h2 h3
    = v0 h3 h2 v1 h3 h2 h2 h3 h2 h3
    = v0 h3 v1 h2 h3 h2 h2 h3 h2 h3
    = v0 v0 h3 h2 h3 h2 h2 h3 h2 h3
    = h3 h2 h3 h2 h2 h3 h2 h3
    = h3 h2 h3 h3 h2 h3
    = h3 h2 h2 h3
    = h3 h3
    = 1
  (K) v|h0321 inverts v0210|h:
    h0 h3 h2 h1 v0 v2 v1 v0 h0 h2 h3 h1 v0 v2 v1 v0
    = h0 h3 h2 v2 h1 v2 v1 v0 h0 h2 h3 h1 v0 v2 v1 v0
    = h0 h3 v2 h3 h1 v2 v1 v0 h0 h2 h3 h1 v0 v2 v1 v0
    = h0 v2 h2 h3 h1 v2 v1 v0 h0 h2 h3 h1 v0 v2 v1 v0
    = v0 h0 h2 h3 h1 v2 v1 v0 h0 h2 h3 h1 v0 v2 v1 v0
    = v0 h0 h2 h3 v1 h1 v1 v0 h0 h2 h3 h1 v0 v2 v1 v0
    = v0 h0 h2 v0 h3 h1 v1 v0 h0 h2 h3 h1 v0 v2 v1 v0
    = v0 h0 v0 h2 h3 h1 v1 v0 h0 h2 h3 h1 v0 v2 v1 v0
    = v0 v1 h0 h2 h3 h1 v1 v0 h0 h2 h3 h1 v0 v2 v1 v0
    = v0 v1 h0 h2 h3 v0 h1 v0 h0 h2 h3 h1 v0 v2 v1 v0
    = v0 v1 h0 h2 v1 h3 h1 v0 h0 h2 h3 h1 v0 v2 v1 v0
    = v0 v1 h0 v1 h2 h3 h1 v0 h0 h2 h3 h1 v0 v2 v1 v0
    = v0 v1 v2 h0 h2 h3 h1 v0 h0 h2 h3 h1 v0 v2 v1 v0
    = v0 v1 v2 h0 h2 h3 v2 h1 h0 h2 h3 h1 v0 v2 v1 v0
    = v0 v1 v2 h0 h2 v2 h2 h1 h0 h2 h3 h1 v0 v2 v1 v0
    = v0 v1 v2 h0 v2 h3 h2 h1 h0 h2 h3 h1 v0 v2 v1 v0
    = v0 v1 v2 v0 h0 h3 h2 h1 h0 h2 h3 h1 v0 v2 v1 v0
    = v0 v1 v2 v0 h0 h3 h2 h2 h3 h1 v0 v2 v1 v0
    = v0 v1 v2 v0 h0 h3 h3 h1 v0 v2 v1 v0
    = v0 v1 v2 v0 h0 h1 v0 v2 v1 v0
    = v0 v1 v2 v0 v0 v2 v1 v0
    = v0 v1 v2 v2 v1 v0
    = v0 v1 v1 v0
    = v0 v0
    = 1
  (R) v|h0321 = r^-1, v|h023231 = r^2, r = v|h0231
  (K) v10|h inverts v|h023231:
    v1 v0 h0 h2 h3 h2 h3 h1 v0 v1 h0 h2 h3 h2 h3 h1
    = v1 v0 h0 h2 h3 h2 h3 v2 h1 v1 h0 h2 h3 h2 h3 h1
    = v1 v0 h0 h2 h3 h2 v2 h2 h1 v1 h0 h2 h3 h2 h3 h1
    = v1 v0 h0 h2 h3 v2 h3 h2 h1 v1 h0 h2 h3 h2 h3 h1
    = v1 v0 h0 h2 v2 h2 h3 h2 h1 v1 h0 h2 h3 h2 h3 h1
    = v1 v0 h0 v2 h3 h2 h3 h2 h1 v1 h0 h2 h3 h2 h3 h1
    = v1 v0 v0 h0 h3 h2 h3 h2 h1 v1 h0 h2 h3 h2 h3 h1
    = v1 h0 h3 h2 h3 h2 h1 v1 h0 h2 h3 h2 h3 h1
    = v1 h0 h3 h2 h3 h2 v0 h1 h0 h2 h3 h2 h3 h1
    = v1 h0 h3 h2 h3 v0 h2 h1 h0 h2 h3 h2 h3 h1
    = v1 h0 h3 h2 v1 h3 h2 h1 h0 h2 h3 h2 h3 h1
    = v1 h0 h3 v1 h2 h3 h2 h1 h0 h2 h3 h2 h3 h1
    = v1 h0 v0 h3 h2 h3 h2 h1 h0 h2 h3 h2 h3 h1
    = v1 v1 h0 h3 h2 h3 h2 h1 h0 h2 h3 h2 h3 h1
    = h0 h3 h2 h3 h2 h1 h0 h2 h3 h2 h3 h1
    = h0 h3 h2 h3 h2 h2 h3 h2 h3 h1
    = h0 h3 h2 h3 h3 h2 h3 h1
    = h0 h3 h2 h2 h3 h1
    = h0 h3 h3 h1
    = h0 h1
    = 1
  (K) v|h23 inverts v10|h:
    h2 h3 v1 v0 h3 h2 v1 v0
    = h2 v0 h3 v0 h3 h2 v1 v0
    = v0 h2 h3 v0 h3 h2 v1 v0
    = v0 h2 v1 h3 h3 h2 v1 v0
    = v0 v1 h2 h3 h3 h2 v1 v0
    = v0 v1 h2 h2 v1 v0
    = v0 v1 v1 v0
    = v0 v0
    = 1
  (R) v|h23 = r^1, v|h2323 = r^2, r = v|h23
class 606 chain of length 6 with 4 inverting steps verified: Gamma^+ is not left-orderable
  (K) v0210|h inverts v|h2323:
    v0 v2 v1 v0 h2 h3 h2 h3 v0 v1 v2 v0 h2 h3 h2 h3
    = v0 v2 v1 v0 h2 h3 h2 v1 h3 v1 v2 v0 h2 h3 h2 h3
    = v0 v2 v1 v0 h2 h3 v1 h2 h3 v1 v2 v0 h2 h3 h2 h3
    = v0 v2 v1 v0 h2 v0 h3 h2 h3 v1 v2 v0 h2 h3 h2 h3
    = v0 v2 v1 v0 v0 h2 h3 h2 h3 v1 v2 v0 h2 h3 h2 h3
    = v0 v2 v1 h2 h3 h2 h3 v1 v2 v0 h2 h3 h2 h3
    = v0 v2 v1 h2 h3 h2 v0 h3 v2 v0 h2 h3 h2 h3
    = v0 v2 v1 h2 h3 v0 h2 h3 v2 v0 h2 h3 h2 h3
    = v0 v2 v1 h2 v1 h3 h2 h3 v2 v0 h2 h3 h2 h3
    = v0 v2 v1 v1 h2 h3 h2 h3 v2 v0 h2 h3 h2 h3
    = v0 v2 h2 h3 h2 h3 v2 v0 h2 h3 h2 h3
    = v0 v2 h2 h3 h2 v2 h2 v0 h2 h3 h2 h3
    = v0 v2 h2 h3 v2 h3 h2 v0 h2 h3 h2 h3
    = v0 v2 h2 v2 h2 h3 h2 v0 h2 h3 h2 h3
    = v0 v2 v2 h3 h2 h3 h2 v0 h2 h3 h2 h3
    = v0 h3 h2 h3 h2 v0 h2 h3 h2 h3
    = v0 h3 h2 h3 v0 h2 h2 h3 h2 h3
    = v0 h3 h2 v1 h3 h2 h2 h3 h2 h3
    = v0 h3 v1 h2 h3 h2 h2 h3 h2 h3
    = v0 v0 h3 h2 h3 h2 h2 h3 h2 h3
    = h3 h2 h3 h2 h2 h3 h2 h3
    = h3 h2 h3 h3 h2 h3
    = h3 h2 h2 h3
    = h3 h3
    = 1
  (K) v|h0321 inverts v0210|h:
    h0 h3 h2 h1 v0 v2 v1 v0 h0 h2 h3 h1 v0 v2 v1 v0
    = h0 h3 h2 v2 h1 v2 v1 v0 h0 h2 h3 h1 v0 v2 v1 v0
    = h0 h3 v2 h3 h1 v2 v1 v0 h0 h2 h3 h1 v0 v2 v1 v0
    = h0 v2 h2 h3 h1 v2 v1 v0 h0 h2 h3 h1 v0 v2 v1 v0
    = v0 h0 h2 h3 h1 v2 v1 v0 h0 h2 h3 h1 v0 v2 v1 v0
    = v0 h0 h2 h3 v1 h1 v1 v0 h0 h2 h3 h1 v0 v2 v1 v0
    = v0 h0 h2 v0 h3 h1 v1 v0 h0 h2 h3 h1 v0 v2 v1 v0
    = v0 h0 v0 h2 h3 h1 v1 v0 h0 h2 h3 h1 v0 v2 v1 v0
    = v0 v1 h0 h2 h3 h1 v1 v0 h0 h2 h3 h1 v0 v2 v1 v0
    = v0 v1 h0 h2 h3 v0 h1 v0 h0 h2 h3 h1 v0 v2 v1 v0
    = v0 v1 h0 h2 v1 h3 h1 v0 h0 h2 h3 h1 v0 v2 v1 v0
    = v0 v1 h0 v1 h2 h3 h1 v0 h0 h2 h3 h1 v0 v2 v1 v0
    = v0 v1 v2 h0 h2 h3 h1 v0 h0 h2 h3 h1 v0 v2 v1 v0
    = v0 v1 v2 h0 h2 h3 v2 h1 h0 h2 h3 h1 v0 v2 v1 v0
    = v0 v1 v2 h0 h2 v2 h2 h1 h0 h2 h3 h1 v0 v2 v1 v0
    = v0 v1 v2 h0 v2 h3 h2 h1 h0 h2 h3 h1 v0 v2 v1 v0
    = v0 v1 v2 v0 h0 h3 h2 h1 h0 h2 h3 h1 v0 v2 v1 v0
    = v0 v1 v2 v0 h0 h3 h2 h2 h3 h1 v0 v2 v1 v0
    = v0 v1 v2 v0 h0 h3 h3 h1 v0 v2 v1 v0
    = v0 v1 v2 v0 h0 h1 v0 v2 v1 v0
    = v0 v1 v2 v0 v0 v2 v1 v0
    = v0 v1 v2 v2 v1 v0
    = v0 v1 v1 v0
    = v0 v0
    = 1
  (R) v|h0321 = r^-1, v|h023231 = r^2, r = v|h0231
  (K) v10|h inverts v|h023231:
    v1 v0 h0 h2 h3 h2 h3 h1 v0 v1 h0 h2 h3 h2 h3 h1
    = v1 v0 h0 h2 h3 h2 h3 v2 h1 v1 h0 h2 h3 h2 h3 h1
    = v1 v0 h0 h2 h3 h2 v2 h2 h1 v1 h0 h2 h3 h2 h3 h1
    = v1 v0 h0 h2 h3 v2 h3 h2 h1 v1 h0 h2 h3 h2 h3 h1
    = v1 v0 h0 h2 v2 h2 h3 h2 h1 v1 h0 h2 h3 h2 h3 h1
    = v1 v0 h0 v2 h3 h2 h3 h2 h1 v1 h0 h2 h3 h2 h3 h1
    = v1 v0 v0 h0 h3 h2 h3 h2 h1 v1 h0 h2 h3 h2 h3 h1
    = v1 h0 h3 h2 h3 h2 h1 v1 h0 h2 h3 h2 h3 h1
    = v1 h0 h3 h2 h3 h2 v0 h1 h0 h2 h3 h2 h3 h1
    = v1 h0 h3 h2 h3 v0 h2 h1 h0 h2 h3 h2 h3 h1
    = v1 h0 h3 h2 v1 h3 h2 h1 h0 h2 h3 h2 h3 h1
    = v1 h0 h3 v1 h2 h3 h2 h1 h0 h2 h3 h2 h3 h1
    = v1 h0 v0 h3 h2 h3 h2 h1 h0 h2 h3 h2 h3 h1
    = v1 v1 h0 h3 h2 h3 h2 h1 h0 h2 h3 h2 h3 h1
    = h0 h3 h2 h3 h2 h1 h0 h2 h3 h2 h3 h1
    = h0 h3 h2 h3 h2 h2 h3 h2 h3 h1
    = h0 h3 h2 h3 h3 h2 h3 h1
    = h0 h3 h2 h2 h3 h1
    = h0 h3 h3 h1
    = h0 h1
    = 1
  (K) v|h23 inverts v10|h:
    h2 h3 v1 v0 h3 h2 v1 v0
    = h2 v0 h3 v0 h3 h2 v1 v0
    = v0 h2 h3 v0 h3 h2 v1 v0
    = v0 h2 v1 h3 h3 h2 v1 v0
    = v0 v1 h2 h3 h3 h2 v1 v0
    = v0 v1 h2 h2 v1 v0
    = v0 v1 v1 v0
    = v0 v0
    = 1
  (R) v|h23 = r^1, v|h2323 = r^2, r = v|h23
class 607 chain of length 6 with 4 inverting steps verified: Gamma^+ is not left-orderable
  (R) v|h2432 = r^-1, v|h234342 = r^2, r = v|h2342
  (K) v2121|h inverts v|h234342:
    v2 v1 v2 v1 h2 h3 h4 h3 h4 h2 v1 v2 v1 v2 h2 h3 h4 h3 h4 h2
    = v2 v1 v2 v1 h2 h3 h4 h3 h4 v1 h2 v2 v1 v2 h2 h3 h4 h3 h4 h2
    = v2 v1 v2 v1 h2 h3 h4 h3 v0 h4 h2 v2 v1 v2 h2 h3 h4 h3 h4 h2
    = v2 v1 v2 v1 h2 h3 h4 v0 h3 h4 h2 v2 v1 v2 h2 h3 h4 h3 h4 h2
    = v2 v1 v2 v1 h2 h3 v1 h4 h3 h4 h2 v2 v1 v2 h2 h3 h4 h3 h4 h2
    = v2 v1 v2 v1 h2 v1 h3 h4 h3 h4 h2 v2 v1 v2 h2 h3 h4 h3 h4 h2
    = v2 v1 v2 v1 v1 h2 h3 h4 h3 h4 h2 v2 v1 v2 h2 h3 h4 h3 h4 h2
    = v2 v1 v2 h2 h3 h4 h3 h4 h2 v2 v1 v2 h2 h3 h4 h3 h4 h2
    = v2 v1 v2 h2 h3 h4 h3 h4 v0 h0 v1 v2 h2 h3 h4 h3 h4 h2
    = v2 v1 v2 h2 h3 h4 h3 v1 h4 h0 v1 v2 h2 h3 h4 h3 h4 h2
    = v2 v1 v2 h2 h3 h4 v1 h3 h4 h0 v1 v2 h2 h3 h4 h3 h4 h2
    = v2 v1 v2 h2 h3 v0 h4 h3 h4 h0 v1 v2 h2 h3 h4 h3 h4 h2
    = v2 v1 v2 h2 v0 h3 h4 h3 h4 h0 v1 v2 h2 h3 h4 h3 h4 h2
    = v2 v1 v2 v2 h1 h3 h4 h3 h4 h0 v1 v2 h2 h3 h4 h3 h4 h2
    = v2 v1 h1 h3 h4 h3 h4 h0 v1 v2 h2 h3 h4 h3 h4 h2
    = v2 v1 h1 h3 h4 h3 h4 v2 h0 v2 h2 h3 h4 h3 h4 h2
    = v2 v1 h1 h3 h4 h3 v2 h3 h0 v2 h2 h3 h4 h3 h4 h2
    = v2 v1 h1 h3 h4 v2 h4 h3 h0 v2 h2 h3 h4 h3 h4 h2
    = v2 v1 h1 h3 v2 h3 h4 h3 h0 v2 h2 h3 h4 h3 h4 h2
    = v2 v1 h1 v2 h4 h3 h4 h3 h0 v2 h2 h3 h4 h3 h4 h2
    = v2 v1 v1 h1 h4 h3 h4 h3 h0 v2 h2 h3 h4 h3 h4 h2
    = v2 h1 h4 h3 h4 h3 h0 v2 h2 h3 h4 h3 h4 h2
    = v2 h1 h4 h3 h4 h3 v0 h2 h2 h3 h4 h3 h4 h2
    = v2 h1 h4 h3 h4 v0 h3 h2 h2 h3 h4 h3 h4 h2
    = v2 h1 h4 h3 v1 h4 h3 h2 h2 h3 h4 h3 h4 h2
    = v2 h1 h4 v1 h3 h4 h3 h2 h2 h3 h4 h3 h4 h2
    = v2 h1 v0 h4 h3 h4 h3 h2 h2 h3 h4 h3 h4 h2
    = v2 v2 h2 h4 h3 h4 h3 h2 h2 h3 h4 h3 h4 h2
    = h2 h4 h3 h4 h3 h2 h2 h3 h4 h3 h4 h2
    = h2 h4 h3 h4 h3 h3 h4 h3 h4 h2
    = h2 h4 h3 h4 h4 h3 h4 h2
    = h2 h4 h3 h3 h4 h2
    = h2 h4 h4 h2
    = h2 h2
    = 1
  (K) v|h0431 inverts v2121|h:
    h0 h4 h3 h1 v2 v1 v2 v1 h0 h3 h4 h1 v2 v1 v2 v1
    = h0 h4 h3 v1 h1 v1 v2 v1 h0 h3 h4 h1 v2 v1 v2 v1
    = h0 h4 v1 h3 h1 v1 v2 v1 h0 h3 h4 h1 v2 v1 v2 v1
    = h0 v0 h4 h3 h1 v1 v2 v1 h0 h3 h4 h1 v2 v1 v2 v1
    = v1 h0 h4 h3 h1 v1 v2 v1 h0 h3 h4 h1 v2 v1 v2 v1
    = v1 h0 h4 h3 v0 h1 v2 v1 h0 h3 h4 h1 v2 v1 v2 v1
    = v1 h0 h4 v0 h3 h1 v2 v1 h0 h3 h4 h1 v2 v1 v2 v1
    = v1 h0 v1 h4 h3 h1 v2 v1 h0 h3 h4 h1 v2 v1 v2 v1
    = v1 v2 h0 h4 h3 h1 v2 v1 h0 h3 h4 h1 v2 v1 v2 v1
    = v1 v2 h0 h4 h3 v1 h1 v1 h0 h3 h4 h1 v2 v1 v2 v1
    = v1 v2 h0 h4 v1 h3 h1 v1 h0 h3 h4 h1 v2 v1 v2 v1
    = v1 v2 h0 v0 h4 h3 h1 v1 h0 h3 h4 h1 v2 v1 v2 v1
    = v1 v2 v1 h0 h4 h3 h1 v1 h0 h3 h4 h1 v2 v1 v2 v1
    = v1 v2 v1 h0 h4 h3 v0 h1 h0 h3 h4 h1 v2 v1 v2 v1
    = v1 v2 v1 h0 h4 v0 h3 h1 h0 h3 h4 h1 v2 v1 v2 v1
    = v1 v2 v1 h0 v1 h4 h3 h1 h0 h3 h4 h1 v2 v1 v2 v1
    = v1 v2 v1 v2 h0 h4 h3 h1 h0 h3 h4 h1 v2 v1 v2 v1
    = v1 v2 v1 v2 h0 h4 h3 h3 h4 h1 v2 v1 v2 v1
    = v1 v2 v1 v2 h0 h4 h4 h1 v2 v1 v2 v1
    = v1 v2 v1 v2 h0 h1 v2 v1 v2 v1
    = v1 v2 v1 v2 v2 v1 v2 v1
    = v1 v2 v1 v1 v2 v1
    = v1 v2 v2 v1
    = v1 v1
    = 1
  (R) v|h0431 = r^-1, v|h034341 = r^2, r = v|h0341
  (K) v012120|h inverts v|h034341:
    v0 v1 v2 v1 v2 v0 h0 h3 h4 h3 h4 h1 v0 v2 v1 v2 v1 v0 h0 h3 h4 h3 h4 h1
    = v0 v1 v2 v1 v2 v0 h0 h3 h4 h3 h4 v2 h2 v2 v1 v2 v1 v0 h0 h3 h4 h3 h4 h1
    = v0 v1 v2 v1 v2 v0 h0 h3 h4 h3 v2 h3 h2 v2 v1 v2 v1 v0 h0 h3 h4 h3 h4 h1
    = v0 v1 v2 v1 v2 v0 h0 h3 h4 v2 h4 h3 h2 v2 v1 v2 v1 v0 h0 h3 h4 h3 h4 h1
    = v0 v1 v2 v1 v2 v0 h0 h3 v2 h3 h4 h3 h2 v2 v1 v2 v1 v0 h0 h3 h4 h3 h4 h1
    = v0 v1 v2 v1 v2 v0 h0 v2 h4 h3 h4 h3 h2 v2 v1 v2 v1 v0 h0 h3 h4 h3 h4 h1
    = v0 v1 v2 v1 v2 v0 v0 h2 h4 h3 h4 h3 h2 v2 v1 v2 v1 v0 h0 h3 h4 h3 h4 h1
    = v0 v1 v2 v1 v2 h2 h4 h3 h4 h3 h2 v2 v1 v2 v1 v0 h0 h3 h4 h3 h4 h1
    = v0 v1 v2 v1 v2 h2 h4 h3 h4 h3 v0 h0 v1 v2 v1 v0 h0 h3 h4 h3 h4 h1
    = v0 v1 v2 v1 v2 h2 h4 h3 h4 v0 h3 h0 v1 v2 v1 v0 h0 h3 h4 h3 h4 h1
    = v0 v1 v2 v1 v2 h2 h4 h3 v1 h4 h3 h0 v1 v2 v1 v0 h0 h3 h4 h3 h4 h1
    = v0 v1 v2 v1 v2 h2 h4 v1 h3 h4 h3 h0 v1 v2 v1 v0 h0 h3 h4 h3 h4 h1
    = v0 v1 v2 v1 v2 h2 v0 h4 h3 h4 h3 h0 v1 v2 v1 v0 h0 h3 h4 h3 h4 h1
    = v0 v1 v2 v1 v2 v2 h1 h4 h3 h4 h3 h0 v1 v2 v1 v0 h0 h3 h4 h3 h4 h1
    = v0 v1 v2 v1 h1 h4 h3 h4 h3 h0 v1 v2 v1 v0 h0 h3 h4 h3 h4 h1
    = v0 v1 v2 v1 h1 h4 h3 h4 h3 v2 h0 v2 v1 v0 h0 h3 h4 h3 h4 h1
    = v0 v1 v2 v1 h1 h4 h3 h4 v2 h4 h0 v2 v1 v0 h0 h3 h4 h3 h4 h1
    = v0 v1 v2 v1 h1 h4 h3 v2 h3 h4 h0 v2 v1 v0 h0 h3 h4 h3 h4 h1
    = v0 v1 v2 v1 h1 h4 v2 h4 h3 h4 h0 v2 v1 v0 h0 h3 h4 h3 h4 h1
    = v0 v1 v2 v1 h1 v2 h3 h4 h3 h4 h0 v2 v1 v0 h0 h3 h4 h3 h4 h1
    = v0 v1 v2 v1 v1 h1 h3 h4 h3 h4 h0 v2 v1 v0 h0 h3 h4 h3 h4 h1
    = v0 v1 v2 h1 h3 h4 h3 h4 h0 v2 v1 v0 h0 h3 h4 h3 h4 h1
    = v0 v1 v2 h1 h3 h4 h3 h4 v0 h2 v1 v0 h0 h3 h4 h3 h4 h1
    = v0 v1 v2 h1 h3 h4 h3 v1 h4 h2 v1 v0 h0 h3 h4 h3 h4 h1
    = v0 v1 v2 h1 h3 h4 v1 h3 h4 h2 v1 v0 h0 h3 h4 h3 h4 h1
    = v0 v1 v2 h1 h3 v0 h4 h3 h4 h2 v1 v0 h0 h3 h4 h3 h4 h1
    = v0 v1 v2 h1 v0 h3 h4 h3 h4 h2 v1 v0 h0 h3 h4 h3 h4 h1
    = v0 v1 v2 v2 h2 h3 h4 h3 h4 h2 v1 v0 h0 h3 h4 h3 h4 h1
    = v0 v1 h2 h3 h4 h3 h4 h2 v1 v0 h0 h3 h4 h3 h4 h1
    = v0 v1 h2 h3 h4 h3 h4 v1 h2 v0 h0 h3 h4 h3 h4 h1
    = v0 v1 h2 h3 h4 h3 v0 h4 h2 v0 h0 h3 h4 h3 h4 h1
    = v0 v1 h2 h3 h4 v0 h3 h4 h2 v0 h0 h3 h4 h3 h4 h1
    = v0 v1 h2 h3 v1 h4 h3 h4 h2 v0 h0 h3 h4 h3 h4 h1
    = v0 v1 h2 v1 h3 h4 h3 h4 h2 v0 h0 h3 h4 h3 h4 h1
    = v0 v1 v1 h2 h3 h4 h3 h4 h2 v0 h0 h3 h4 h3 h4 h1
    = v0 h2 h3 h4 h3 h4 h2 v0 h0 h3 h4 h3 h4 h1
    = v0 h2 h3 h4 h3 h4 v2 h1 h0 h3 h4 h3 h4 h1
    = v0 h2 h3 h4 h3 v2 h3 h1 h0 h3 h4 h3 h4 h1
    = v0 h2 h3 h4 v2 h4 h3 h1 h0 h3 h4 h3 h4 h1
    = v0 h2 h3 v2 h3 h4 h3 h1 h0 h3 h4 h3 h4 h1
    = v0 h2 v2 h4 h3 h4 h3 h1 h0 h3 h4 h3 h4 h1
    = v0 v0 h0 h4 h3 h4 h3 h1 h0 h3 h4 h3 h4 h1
    = h0 h4 h3 h4 h3 h1 h0 h3 h4 h3 h4 h1
    = h0 h4 h3 h4 h3 h3 h4 h3 h4 h1
    = h0 h4 h3 h4 h4 h3 h4 h1
    = h0 h4 h3 h3 h4 h1
    = h0 h4 h4 h1
    = h0 h1
    = 1
  (K) v|h2432 inverts v012120|h:
    h2 h4 h3 h2 v0 v1 v2 v1 v2 v0 h2 h3 h4 h2 v0 v1 v2 v1 v2 v0
    = h2 h4 h3 v2 h1 v1 v2 v1 v2 v0 h2 h3 h4 h2 v0 v1 v2 v1 v2 v0
    = h2 h4 v2 h4 h1 v1 v2 v1 v2 v0 h2 h3 h4 h2 v0 v1 v2 v1 v2 v0
    = h2 v2 h3 h4 h1 v1 v2 v1 v2 v0 h2 h3 h4 h2 v0 v1 v2 v1 v2 v0
    = v0 h0 h3 h4 h1 v1 v2 v1 v2 v0 h2 h3 h4 h2 v0 v1 v2 v1 v2 v0
    = v0 h0 h3 h4 v0 h1 v2 v1 v2 v0 h2 h3 h4 h2 v0 v1 v2 v1 v2 v0
    = v0 h0 h3 v1 h4 h1 v2 v1 v2 v0 h2 h3 h4 h2 v0 v1 v2 v1 v2 v0
    = v0 h0 v1 h3 h4 h1 v2 v1 v2 v0 h2 h3 h4 h2 v0 v1 v2 v1 v2 v0
    = v0 v2 h0 h3 h4 h1 v2 v1 v2 v0 h2 h3 h4 h2 v0 v1 v2 v1 v2 v0
    = v0 v2 h0 h3 h4 v1 h1 v1 v2 v0 h2 h3 h4 h2 v0 v1 v2 v1 v2 v0
    = v0 v2 h0 h3 v0 h4 h1 v1 v2 v0 h2 h3 h4 h2 v0 v1 v2 v1 v2 v0
    = v0 v2 h0 v0 h3 h4 h1 v1 v2 v0 h2 h3 h4 h2 v0 v1 v2 v1 v2 v0
    = v0 v2 v1 h0 h3 h4 h1 v1 v2 v0 h2 h3 h4 h2 v0 v1 v2 v1 v2 v0
    = v0 v2 v1 h0 h3 h4 v0 h1 v2 v0 h2 h3 h4 h2 v0 v1 v2 v1 v2 v0
    = v0 v2 v1 h0 h3 v1 h4 h1 v2 v0 h2 h3 h4 h2 v0 v1 v2 v1 v2 v0
    = v0 v2 v1 h0 v1 h3 h4 h1 v2 v0 h2 h3 h4 h2 v0 v1 v2 v1 v2 v0
    = v0 v2 v1 v2 h0 h3 h4 h1 v2 v0 h2 h3 h4 h2 v0 v1 v2 v1 v2 v0
    = v0 v2 v1 v2 h0 h3 h4 v1 h1 v0 h2 h3 h4 h2 v0 v1 v2 v1 v2 v0
    = v0 v2 v1 v2 h0 h3 v0 h4 h1 v0 h2 h3 h4 h2 v0 v1 v2 v1 v2 v0
    = v0 v2 v1 v2 h0 v0 h3 h4 h1 v0 h2 h3 h4 h2 v0 v1 v2 v1 v2 v0
    = v0 v2 v1 v2 v1 h0 h3 h4 h1 v0 h2 h3 h4 h2 v0 v1 v2 v1 v2 v0
    = v0 v2 v1 v2 v1 h0 h3 h4 v2 h2 h2 h3 h4 h2 v0 v1 v2 v1 v2 v0
    = v0 v2 v1 v2 v1 h0 h3 v2 h3 h2 h2 h3 h4 h2 v0 v1 v2 v1 v2 v0
    = v0 v2 v1 v2 v1 h0 v2 h4 h3 h2 h2 h3 h4 h2 v0 v1 v2 v1 v2 v0
    = v0 v2 v1 v2 v1 v0 h2 h4 h3 h2 h2 h3 h4 h2 v0 v1 v2 v1 v2 v0
    = v0 v2 v1 v2 v1 v0 h2 h4 h3 h3 h4 h2 v0 v1 v2 v1 v2 v0
    = v0 v2 v1 v2 v1 v0 h2 h4 h4 h2 v0 v1 v2 v1 v2 v0
    = v0 v2 v1 v2 v1 v0 h2 h2 v0 v1 v2 v1 v2 v0
    = v0 v2 v1 v2 v1 v0 v0 v1 v2 v1 v2 v0
    = v0 v2 v1 v2 v1 v1 v2 v1 v2 v0
    = v0 v2 v1 v2 v2 v1 v2 v0
    = v0 v2 v1 v1 v2 v0
    = v0 v2 v2 v0
    = v0 v0
    = 1
class 629 chain of length 6 with 4 inverting steps verified: Gamma^+ is not left-orderable
  (R) v|h0341 = r^1, v|h034341 = r^2, r = v|h0341
  (K) v010212|h inverts v|h034341:
    v0 v1 v0 v2 v1 v2 h0 h3 h4 h3 h4 h1 v2 v1 v2 v0 v1 v0 h0 h3 h4 h3 h4 h1
    = v0 v1 v0 v2 v1 v2 h0 h3 h4 h3 h4 v1 h1 v1 v2 v0 v1 v0 h0 h3 h4 h3 h4 h1
    = v0 v1 v0 v2 v1 v2 h0 h3 h4 h3 v1 h3 h1 v1 v2 v0 v1 v0 h0 h3 h4 h3 h4 h1
    = v0 v1 v0 v2 v1 v2 h0 h3 h4 v1 h4 h3 h1 v1 v2 v0 v1 v0 h0 h3 h4 h3 h4 h1
    = v0 v1 v0 v2 v1 v2 h0 h3 v1 h3 h4 h3 h1 v1 v2 v0 v1 v0 h0 h3 h4 h3 h4 h1
    = v0 v1 v0 v2 v1 v2 h0 v1 h4 h3 h4 h3 h1 v1 v2 v0 v1 v0 h0 h3 h4 h3 h4 h1
    = v0 v1 v0 v2 v1 v2 v2 h0 h4 h3 h4 h3 h1 v1 v2 v0 v1 v0 h0 h3 h4 h3 h4 h1
    = v0 v1 v0 v2 v1 h0 h4 h3 h4 h3 h1 v1 v2 v0 v1 v0 h0 h3 h4 h3 h4 h1
    = v0 v1 v0 v2 v1 h0 h4 h3 h4 h3 v0 h1 v2 v0 v1 v0 h0 h3 h4 h3 h4 h1
    = v0 v1 v0 v2 v1 h0 h4 h3 h4 v0 h3 h1 v2 v0 v1 v0 h0 h3 h4 h3 h4 h1
    = v0 v1 v0 v2 v1 h0 h4 h3 v2 h4 h3 h1 v2 v0 v1 v0 h0 h3 h4 h3 h4 h1
    = v0 v1 v0 v2 v1 h0 h4 v2 h3 h4 h3 h1 v2 v0 v1 v0 h0 h3 h4 h3 h4 h1
    = v0 v1 v0 v2 v1 h0 v0 h4 h3 h4 h3 h1 v2 v0 v1 v0 h0 h3 h4 h3 h4 h1
    = v0 v1 v0 v2 v1 v1 h0 h4 h3 h4 h3 h1 v2 v0 v1 v0 h0 h3 h4 h3 h4 h1
    = v0 v1 v0 v2 h0 h4 h3 h4 h3 h1 v2 v0 v1 v0 h0 h3 h4 h3 h4 h1
    = v0 v1 v0 v2 h0 h4 h3 h4 h3 v1 h1 v0 v1 v0 h0 h3 h4 h3 h4 h1
    = v0 v1 v0 v2 h0 h4 h3 h4 v1 h4 h1 v0 v1 v0 h0 h3 h4 h3 h4 h1
    = v0 v1 v0 v2 h0 h4 h3 v1 h3 h4 h1 v0 v1 v0 h0 h3 h4 h3 h4 h1
    = v0 v1 v0 v2 h0 h4 v1 h4 h3 h4 h1 v0 v1 v0 h0 h3 h4 h3 h4 h1
    = v0 v1 v0 v2 h0 v1 h3 h4 h3 h4 h1 v0 v1 v0 h0 h3 h4 h3 h4 h1
    = v0 v1 v0 v2 v2 h0 h3 h4 h3 h4 h1 v0 v1 v0 h0 h3 h4 h3 h4 h1
    = v0 v1 v0 h0 h3 h4 h3 h4 h1 v0 v1 v0 h0 h3 h4 h3 h4 h1
    = v0 v1 v0 h0 h3 h4 h3 h4 v2 h2 v1 v0 h0 h3 h4 h3 h4 h1
    = v0 v1 v0 h0 h3 h4 h3 v0 h4 h2 v1 v0 h0 h3 h4 h3 h4 h1
    = v0 v1 v0 h0 h3 h4 v0 h3 h4 h2 v1 v0 h0 h3 h4 h3 h4 h1
    = v0 v1 v0 h0 h3 v2 h4 h3 h4 h2 v1 v0 h0 h3 h4 h3 h4 h1
    = v0 v1 v0 h0 v2 h3 h4 h3 h4 h2 v1 v0 h0 h3 h4 h3 h4 h1
    = v0 v1 v0 v0 h2 h3 h4 h3 h4 h2 v1 v0 h0 h3 h4 h3 h4 h1
    = v0 v1 h2 h3 h4 h3 h4 h2 v1 v0 h0 h3 h4 h3 h4 h1
    = v0 v1 h2 h3 h4 h3 h4 v1 h2 v0 h0 h3 h4 h3 h4 h1
    = v0 v1 h2 h3 h4 h3 v1 h3 h2 v0 h0 h3 h4 h3 h4 h1
    = v0 v1 h2 h3 h4 v1 h4 h3 h2 v0 h0 h3 h4 h3 h4 h1
    = v0 v1 h2 h3 v1 h3 h4 h3 h2 v0 h0 h3 h4 h3 h4 h1
    = v0 v1 h2 v1 h4 h3 h4 h3 h2 v0 h0 h3 h4 h3 h4 h1
    = v0 v1 v1 h2 h4 h3 h4 h3 h2 v0 h0 h3 h4 h3 h4 h1
    = v0 h2 h4 h3 h4 h3 h2 v0 h0 h3 h4 h3 h4 h1
    = v0 h2 h4 h3 h4 h3 v2 h1 h0 h3 h4 h3 h4 h1
    = v0 h2 h4 h3 h4 v2 h3 h1 h0 h3 h4 h3 h4 h1
    = v0 h2 h4 h3 v0 h4 h3 h1 h0 h3 h4 h3 h4 h1
    = v0 h2 h4 v0 h3 h4 h3 h1 h0 h3 h4 h3 h4 h1
    = v0 h2 v2 h4 h3 h4 h3 h1 h0 h3 h4 h3 h4 h1
    = v0 v0 h0 h4 h3 h4 h3 h1 h0 h3 h4 h3 h4 h1
    = h0 h4 h3 h4 h3 h1 h0 h3 h4 h3 h4 h1
    = h0 h4 h3 h4 h3 h3 h4 h3 h4 h1
    = h0 h4 h3 h4 h4 h3 h4 h1
    = h0 h4 h3 h3 h4 h1
    = h0 h4 h4 h1
    = h0 h1
    = 1
  (K) v|h2432 inverts v010212|h:
    h2 h4 h3 h2 v0 v1 v0 v2 v1 v2 h2 h3 h4 h2 v0 v1 v0 v2 v1 v2
    = h2 h4 h3 v2 h1 v1 v0 v2 v1 v2 h2 h3 h4 h2 v0 v1 v0 v2 v1 v2
    = h2 h4 v2 h3 h1 v1 v0 v2 v1 v2 h2 h3 h4 h2 v0 v1 v0 v2 v1 v2
    = h2 v0 h4 h3 h1 v1 v0 v2 v1 v2 h2 h3 h4 h2 v0 v1 v0 v2 v1 v2
    = v2 h1 h4 h3 h1 v1 v0 v2 v1 v2 h2 h3 h4 h2 v0 v1 v0 v2 v1 v2
    = v2 h1 h4 h3 v0 h1 v0 v2 v1 v2 h2 h3 h4 h2 v0 v1 v0 v2 v1 v2
    = v2 h1 h4 v0 h3 h1 v0 v2 v1 v2 h2 h3 h4 h2 v0 v1 v0 v2 v1 v2
    = v2 h1 v2 h4 h3 h1 v0 v2 v1 v2 h2 h3 h4 h2 v0 v1 v0 v2 v1 v2
    = v2 v1 h1 h4 h3 h1 v0 v2 v1 v2 h2 h3 h4 h2 v0 v1 v0 v2 v1 v2
    = v2 v1 h1 h4 h3 v2 h2 v2 v1 v2 h2 h3 h4 h2 v0 v1 v0 v2 v1 v2
    = v2 v1 h1 h4 v2 h3 h2 v2 v1 v2 h2 h3 h4 h2 v0 v1 v0 v2 v1 v2
    = v2 v1 h1 v0 h4 h3 h2 v2 v1 v2 h2 h3 h4 h2 v0 v1 v0 v2 v1 v2
    = v2 v1 v2 h2 h4 h3 h2 v2 v1 v2 h2 h3 h4 h2 v0 v1 v0 v2 v1 v2
    = v2 v1 v2 h2 h4 h3 v0 h0 v1 v2 h2 h3 h4 h2 v0 v1 v0 v2 v1 v2
    = v2 v1 v2 h2 h4 v0 h3 h0 v1 v2 h2 h3 h4 h2 v0 v1 v0 v2 v1 v2
    = v2 v1 v2 h2 v2 h4 h3 h0 v1 v2 h2 h3 h4 h2 v0 v1 v0 v2 v1 v2
    = v2 v1 v2 v0 h0 h4 h3 h0 v1 v2 h2 h3 h4 h2 v0 v1 v0 v2 v1 v2
    = v2 v1 v2 v0 h0 h4 h3 v2 h0 v2 h2 h3 h4 h2 v0 v1 v0 v2 v1 v2
    = v2 v1 v2 v0 h0 h4 v2 h3 h0 v2 h2 h3 h4 h2 v0 v1 v0 v2 v1 v2
    = v2 v1 v2 v0 h0 v0 h4 h3 h0 v2 h2 h3 h4 h2 v0 v1 v0 v2 v1 v2
    = v2 v1 v2 v0 v1 h0 h4 h3 h0 v2 h2 h3 h4 h2 v0 v1 v0 v2 v1 v2
    = v2 v1 v2 v0 v1 h0 h4 h3 v0 h2 h2 h3 h4 h2 v0 v1 v0 v2 v1 v2
    = v2 v1 v2 v0 v1 h0 h4 v0 h3 h2 h2 h3 h4 h2 v0 v1 v0 v2 v1 v2
    = v2 v1 v2 v0 v1 h0 v2 h4 h3 h2 h2 h3 h4 h2 v0 v1 v0 v2 v1 v2
    = v2 v1 v2 v0 v1 v0 h2 h4 h3 h2 h2 h3 h4 h2 v0 v1 v0 v2 v1 v2
    = v2 v1 v2 v0 v1 v0 h2 h4 h3 h3 h4 h2 v0 v1 v0 v2 v1 v2
    = v2 v1 v2 v0 v1 v0 h2 h4 h4 h2 v0 v1 v0 v2 v1 v2
    = v2 v1 v2 v0 v1 v0 h2 h2 v0 v1 v0 v2 v1 v2
    = v2 v1 v2 v0 v1 v0 v0 v1 v0 v2 v1 v2
    = v2 v1 v2 v0 v1 v1 v0 v2 v1 v2
    = v2 v1 v2 v0 v0 v2 v1 v2
    = v2 v1 v2 v2 v1 v2
    = v2 v1 v1 v2
    = v2 v2
    = 1
  (R) v|h2432 = r^-1, v|h243432 = r^-2, r = v|h2342
  (K) v021201|h inverts v|h243432:
    v0 v2 v1 v2 v0 v1 h2 h4 h3 h4 h3 h2 v1 v0 v2 v1 v2 v0 h2 h4 h3 h4 h3 h2
    = v0 v2 v1 v2 v0 v1 h2 h4 h3 h4 h3 v1 h2 v0 v2 v1 v2 v0 h2 h4 h3 h4 h3 h2
    = v0 v2 v1 v2 v0 v1 h2 h4 h3 h4 v1 h4 h2 v0 v2 v1 v2 v0 h2 h4 h3 h4 h3 h2
    = v0 v2 v1 v2 v0 v1 h2 h4 h3 v1 h3 h4 h2 v0 v2 v1 v2 v0 h2 h4 h3 h4 h3 h2
    = v0 v2 v1 v2 v0 v1 h2 h4 v1 h4 h3 h4 h2 v0 v2 v1 v2 v0 h2 h4 h3 h4 h3 h2
    = v0 v2 v1 v2 v0 v1 h2 v1 h3 h4 h3 h4 h2 v0 v2 v1 v2 v0 h2 h4 h3 h4 h3 h2
    = v0 v2 v1 v2 v0 v1 v1 h2 h3 h4 h3 h4 h2 v0 v2 v1 v2 v0 h2 h4 h3 h4 h3 h2
    = v0 v2 v1 v2 v0 h2 h3 h4 h3 h4 h2 v0 v2 v1 v2 v0 h2 h4 h3 h4 h3 h2
    = v0 v2 v1 v2 v0 h2 h3 h4 h3 h4 v2 h1 v2 v1 v2 v0 h2 h4 h3 h4 h3 h2
    = v0 v2 v1 v2 v0 h2 h3 h4 h3 v0 h4 h1 v2 v1 v2 v0 h2 h4 h3 h4 h3 h2
    = v0 v2 v1 v2 v0 h2 h3 h4 v0 h3 h4 h1 v2 v1 v2 v0 h2 h4 h3 h4 h3 h2
    = v0 v2 v1 v2 v0 h2 h3 v2 h4 h3 h4 h1 v2 v1 v2 v0 h2 h4 h3 h4 h3 h2
    = v0 v2 v1 v2 v0 h2 v2 h3 h4 h3 h4 h1 v2 v1 v2 v0 h2 h4 h3 h4 h3 h2
    = v0 v2 v1 v2 v0 v0 h0 h3 h4 h3 h4 h1 v2 v1 v2 v0 h2 h4 h3 h4 h3 h2
    = v0 v2 v1 v2 h0 h3 h4 h3 h4 h1 v2 v1 v2 v0 h2 h4 h3 h4 h3 h2
    = v0 v2 v1 v2 h0 h3 h4 h3 h4 v1 h1 v1 v2 v0 h2 h4 h3 h4 h3 h2
    = v0 v2 v1 v2 h0 h3 h4 h3 v1 h3 h1 v1 v2 v0 h2 h4 h3 h4 h3 h2
    = v0 v2 v1 v2 h0 h3 h4 v1 h4 h3 h1 v1 v2 v0 h2 h4 h3 h4 h3 h2
    = v0 v2 v1 v2 h0 h3 v1 h3 h4 h3 h1 v1 v2 v0 h2 h4 h3 h4 h3 h2
    = v0 v2 v1 v2 h0 v1 h4 h3 h4 h3 h1 v1 v2 v0 h2 h4 h3 h4 h3 h2
    = v0 v2 v1 v2 v2 h0 h4 h3 h4 h3 h1 v1 v2 v0 h2 h4 h3 h4 h3 h2
    = v0 v2 v1 h0 h4 h3 h4 h3 h1 v1 v2 v0 h2 h4 h3 h4 h3 h2
    = v0 v2 v1 h0 h4 h3 h4 h3 v0 h1 v2 v0 h2 h4 h3 h4 h3 h2
    = v0 v2 v1 h0 h4 h3 h4 v0 h3 h1 v2 v0 h2 h4 h3 h4 h3 h2
    = v0 v2 v1 h0 h4 h3 v2 h4 h3 h1 v2 v0 h2 h4 h3 h4 h3 h2
    = v0 v2 v1 h0 h4 v2 h3 h4 h3 h1 v2 v0 h2 h4 h3 h4 h3 h2
    = v0 v2 v1 h0 v0 h4 h3 h4 h3 h1 v2 v0 h2 h4 h3 h4 h3 h2
    = v0 v2 v1 v1 h0 h4 h3 h4 h3 h1 v2 v0 h2 h4 h3 h4 h3 h2
    = v0 v2 h0 h4 h3 h4 h3 h1 v2 v0 h2 h4 h3 h4 h3 h2
    = v0 v2 h0 h4 h3 h4 h3 v1 h1 v0 h2 h4 h3 h4 h3 h2
    = v0 v2 h0 h4 h3 h4 v1 h4 h1 v0 h2 h4 h3 h4 h3 h2
    = v0 v2 h0 h4 h3 v1 h3 h4 h1 v0 h2 h4 h3 h4 h3 h2
    = v0 v2 h0 h4 v1 h4 h3 h4 h1 v0 h2 h4 h3 h4 h3 h2
    = v0 v2 h0 v1 h3 h4 h3 h4 h1 v0 h2 h4 h3 h4 h3 h2
    = v0 v2 v2 h0 h3 h4 h3 h4 h1 v0 h2 h4 h3 h4 h3 h2
    = v0 h0 h3 h4 h3 h4 h1 v0 h2 h4 h3 h4 h3 h2
    = v0 h0 h3 h4 h3 h4 v2 h2 h2 h4 h3 h4 h3 h2
    = v0 h0 h3 h4 h3 v0 h4 h2 h2 h4 h3 h4 h3 h2
    = v0 h0 h3 h4 v0 h3 h4 h2 h2 h4 h3 h4 h3 h2
    = v0 h0 h3 v2 h4 h3 h4 h2 h2 h4 h3 h4 h3 h2
    = v0 h0 v2 h3 h4 h3 h4 h2 h2 h4 h3 h4 h3 h2
    = v0 v0 h2 h3 h4 h3 h4 h2 h2 h4 h3 h4 h3 h2
    = h2 h3 h4 h3 h4 h2 h2 h4 h3 h4 h3 h2
    = h2 h3 h4 h3 h4 h4 h3 h4 h3 h2
    = h2 h3 h4 h3 h3 h4 h3 h2
    = h2 h3 h4 h4 h3 h2
    = h2 h3 h3 h2
    = h2 h2
    = 1
  (K) v|h0341 inverts v021201|h:
    h0 h3 h4 h1 v0 v2 v1 v2 v0 v1 h0 h4 h3 h1 v0 v2 v1 v2 v0 v1
    = h0 h3 h4 v2 h2 v2 v1 v2 v0 v1 h0 h4 h3 h1 v0 v2 v1 v2 v0 v1
    = h0 h3 v0 h4 h2 v2 v1 v2 v0 v1 h0 h4 h3 h1 v0 v2 v1 v2 v0 v1
    = h0 v0 h3 h4 h2 v2 v1 v2 v0 v1 h0 h4 h3 h1 v0 v2 v1 v2 v0 v1
    = v1 h0 h3 h4 h2 v2 v1 v2 v0 v1 h0 h4 h3 h1 v0 v2 v1 v2 v0 v1
    = v1 h0 h3 h4 v0 h0 v1 v2 v0 v1 h0 h4 h3 h1 v0 v2 v1 v2 v0 v1
    = v1 h0 h3 v2 h4 h0 v1 v2 v0 v1 h0 h4 h3 h1 v0 v2 v1 v2 v0 v1
    = v1 h0 v2 h3 h4 h0 v1 v2 v0 v1 h0 h4 h3 h1 v0 v2 v1 v2 v0 v1
    = v1 v0 h2 h3 h4 h0 v1 v2 v0 v1 h0 h4 h3 h1 v0 v2 v1 v2 v0 v1
    = v1 v0 h2 h3 h4 v2 h0 v2 v0 v1 h0 h4 h3 h1 v0 v2 v1 v2 v0 v1
    = v1 v0 h2 h3 v0 h4 h0 v2 v0 v1 h0 h4 h3 h1 v0 v2 v1 v2 v0 v1
    = v1 v0 h2 v0 h3 h4 h0 v2 v0 v1 h0 h4 h3 h1 v0 v2 v1 v2 v0 v1
    = v1 v0 v2 h1 h3 h4 h0 v2 v0 v1 h0 h4 h3 h1 v0 v2 v1 v2 v0 v1
    = v1 v0 v2 h1 h3 h4 v0 h2 v0 v1 h0 h4 h3 h1 v0 v2 v1 v2 v0 v1
    = v1 v0 v2 h1 h3 v2 h4 h2 v0 v1 h0 h4 h3 h1 v0 v2 v1 v2 v0 v1
    = v1 v0 v2 h1 v2 h3 h4 h2 v0 v1 h0 h4 h3 h1 v0 v2 v1 v2 v0 v1
    = v1 v0 v2 v1 h1 h3 h4 h2 v0 v1 h0 h4 h3 h1 v0 v2 v1 v2 v0 v1
    = v1 v0 v2 v1 h1 h3 h4 v2 h1 v1 h0 h4 h3 h1 v0 v2 v1 v2 v0 v1
    = v1 v0 v2 v1 h1 h3 v0 h4 h1 v1 h0 h4 h3 h1 v0 v2 v1 v2 v0 v1
    = v1 v0 v2 v1 h1 v0 h3 h4 h1 v1 h0 h4 h3 h1 v0 v2 v1 v2 v0 v1
    = v1 v0 v2 v1 v2 h2 h3 h4 h1 v1 h0 h4 h3 h1 v0 v2 v1 v2 v0 v1
    = v1 v0 v2 v1 v2 h2 h3 h4 v0 h1 h0 h4 h3 h1 v0 v2 v1 v2 v0 v1
    = v1 v0 v2 v1 v2 h2 h3 v2 h4 h1 h0 h4 h3 h1 v0 v2 v1 v2 v0 v1
    = v1 v0 v2 v1 v2 h2 v2 h3 h4 h1 h0 h4 h3 h1 v0 v2 v1 v2 v0 v1
    = v1 v0 v2 v1 v2 v0 h0 h3 h4 h1 h0 h4 h3 h1 v0 v2 v1 v2 v0 v1
    = v1 v0 v2 v1 v2 v0 h0 h3 h4 h4 h3 h1 v0 v2 v1 v2 v0 v1
    = v1 v0 v2 v1 v2 v0 h0 h3 h3 h1 v0 v2 v1 v2 v0 v1
    = v1 v0 v2 v1 v2 v0 h0 h1 v0 v2 v1 v2 v0 v1
    = v1 v0 v2 v1 v2 v0 v0 v2 v1 v2 v0 v1
    = v1 v0 v2 v1 v2 v2 v1 v2 v0 v1
    = v1 v0 v2 v1 v1 v2 v0 v1
    = v1 v0 v2 v2 v0 v1
    = v1 v0 v0 v1
    = v1 v1
    = 1
class 631 chain of length 6 with 4 inverting steps verified: Gamma^+ is not left-orderable
