ANU p-Quotient Program Version 1.9 running with workspace 300000000 on vm
Fri Sep 18 20:13:36 UTC 2026

Select option: 1 

Lower exponent-2 central series for G

Group: G to lower exponent-2 central class 1 has order 2^4

Group: G to lower exponent-2 central class 2 has order 2^10

Group: G to lower exponent-2 central class 3 has order 2^18

Group: G to lower exponent-2 central class 4 has order 2^27

Group: G to lower exponent-2 central class 5 has order 2^35

Group: G to lower exponent-2 central class 6 has order 2^46

Group: G to lower exponent-2 central class 7 has order 2^64

Group: G to lower exponent-2 central class 8 has order 2^87

Group: G to lower exponent-2 central class 9 has order 2^131

Group: G to lower exponent-2 central class 10 has order 2^195
Computation of presentation took 0.23 seconds

Select option: 4 

Group: G to lower exponent-2 central class 10 has order 2^195

Select option: 8 

Select option: 23 
Input the word for collection:
(use generators x1,x2,... and terminate with a semicolon)
The input word is 8 1 
The result of collection is  .25 .49 .53 .66 .67 .68 .72 .90 .92 .94 .98 .111 .132 .133 .134 .138 .139 .140 .141 .142 .143 .144 .147 .151 .152 .162 .166 .172

Select option: 23 
Input the word for collection:
(use generators x1,x2,... and terminate with a semicolon)
The input word is 16 1 
The result of collection is  .49 .53 .66 .67 .68 .72 .90 .92 .94 .98 .111 .132 .133 .134 .138 .139 .140 .141 .142 .143 .144 .147 .151 .152 .162 .166 .172

Select option: 23 
Input the word for collection:
(use generators x1,x2,... and terminate with a semicolon)
The input word is 32 1 
The result of collection is  .91 .96 .98 .111 .137 .140 .146 .151 .152 .158

Select option: 23 
Input the word for collection:
(use generators x1,x2,... and terminate with a semicolon)
The input word is 64 1 
The result of collection is  IDENTITY

Select option: 23 
Input the word for collection:
(use generators x1,x2,... and terminate with a semicolon)
The input word is 128 1 
The result of collection is  IDENTITY

Select option: 31 
Exiting from interactive p-Quotient menu

Select option: 6 

Group: G to lower exponent-2 central class 11 has order 2^306
Computation of next class took 0.12 seconds

Select option: 4 

Group: G to lower exponent-2 central class 11 has order 2^306

Select option: 8 

Select option: 23 
Input the word for collection:
(use generators x1,x2,... and terminate with a semicolon)
The input word is 8 1 
The result of collection is  .25 .49 .53 .66 .67 .68 .72 .90 .92 .94 .98 .111 .132 .133 .134 .138 .139 .140 .141 .142 .143 .144 .147 .151 .152 .162 .166 .172 .197 .200 .202 .206 .208 .212 .213 .217 .219 .223 .224 .228 .229 .231 .233 .236 .245 .253 .254 .267 .268 .273 .277 .279

Select option: 23 
Input the word for collection:
(use generators x1,x2,... and terminate with a semicolon)
The input word is 16 1 
The result of collection is  .49 .53 .66 .67 .68 .72 .90 .92 .94 .98 .111 .132 .133 .134 .138 .139 .140 .141 .142 .143 .144 .147 .151 .152 .162 .166 .172 .197 .200 .202 .206 .208 .212 .213 .217 .219 .223 .224 .228 .229 .231 .233 .236 .245 .253 .254 .267 .268 .273 .277 .279

Select option: 23 
Input the word for collection:
(use generators x1,x2,... and terminate with a semicolon)
The input word is 32 1 
The result of collection is  .91 .96 .98 .111 .137 .140 .146 .151 .152 .158 .203 .207 .208 .213 .214 .218 .219 .226 .227 .231 .235 .239 .243 .247 .252 .254 .268

Select option: 23 
Input the word for collection:
(use generators x1,x2,... and terminate with a semicolon)
The input word is 64 1 
The result of collection is  .207 .211 .212 .223 .232 .268

Select option: 23 
Input the word for collection:
(use generators x1,x2,... and terminate with a semicolon)
The input word is 128 1 
The result of collection is  IDENTITY

Select option: 31 
Exiting from interactive p-Quotient menu

Select option: 6 

Group: G to lower exponent-2 central class 12 has order 2^480
Computation of next class took 0.23 seconds

Select option: 4 

Group: G to lower exponent-2 central class 12 has order 2^480

Select option: 8 

Select option: 23 
Input the word for collection:
(use generators x1,x2,... and terminate with a semicolon)
The input word is 8 1 
The result of collection is  .25 .49 .53 .66 .67 .68 .72 .90 .92 .94 .98 .111 .132 .133 .134 .138 .139 .140 .141 .142 .143 .144 .147 .151 .152 .162 .166 .172 .197 .200 .202 .206 .208 .212 .213 .217 .219 .223 .224 .228 .229 .231 .233 .236 .245 .253 .254 .267 .268 .273 .277 .279 .307 .309 .310 .312 .313 .317 .318 .322 .323 .329 .330 .331 .334 .335 .337 .338 .339 .340 .343 .344 .346 .348 .350 .352 .353 .355 .356 .357 .359 .360 .362 .364 .365 .368 .369 .371 .373 .374 .376 .377 .378 .379 .382 .383 .388 .389 .393 .398 .402 .403 .407 .416 .418 .419 .421 .430 .432 .433 .434 .435 .436 .452 .453 .455

Select option: 23 
Input the word for collection:
(use generators x1,x2,... and terminate with a semicolon)
The input word is 16 1 
The result of collection is  .49 .53 .66 .67 .68 .72 .90 .92 .94 .98 .111 .132 .133 .134 .138 .139 .140 .141 .142 .143 .144 .147 .151 .152 .162 .166 .172 .197 .200 .202 .206 .208 .212 .213 .217 .219 .223 .224 .228 .229 .231 .233 .236 .245 .253 .254 .267 .268 .273 .277 .279 .307 .309 .310 .312 .313 .317 .318 .322 .323 .329 .330 .331 .334 .335 .337 .338 .339 .340 .343 .344 .346 .348 .350 .352 .353 .355 .356 .357 .359 .360 .362 .364 .365 .368 .369 .371 .373 .374 .376 .377 .378 .379 .382 .383 .388 .389 .393 .398 .402 .403 .407 .416 .418 .419 .421 .430 .432 .433 .434 .435 .436 .452 .453 .455

Select option: 23 
Input the word for collection:
(use generators x1,x2,... and terminate with a semicolon)
The input word is 32 1 
The result of collection is  .91 .96 .98 .111 .137 .140 .146 .151 .152 .158 .203 .207 .208 .213 .214 .218 .219 .226 .227 .231 .235 .239 .243 .247 .252 .254 .268 .310 .311 .312 .316 .319 .321 .323 .326 .329 .330 .334 .336 .338 .342 .345 .346 .347 .349 .350 .353 .354 .355 .361 .363 .365 .366 .367 .373 .376 .387 .388 .393 .395 .398 .399 .417 .431 .450

Select option: 23 
Input the word for collection:
(use generators x1,x2,... and terminate with a semicolon)
The input word is 64 1 
The result of collection is  .207 .211 .212 .223 .232 .268 .315 .316 .329 .335 .336 .339 .341 .342 .343 .345 .354 .355 .357 .366 .367 .369 .371 .383 .384 .393 .405 .407

Select option: 23 
Input the word for collection:
(use generators x1,x2,... and terminate with a semicolon)
The input word is 128 1 
The result of collection is  IDENTITY

Select option: 31 
Exiting from interactive p-Quotient menu

Select option: 6 

Group: G to lower exponent-2 central class 13 has order 2^782
Computation of next class took 0.52 seconds

Select option: 4 

Group: G to lower exponent-2 central class 13 has order 2^782

Select option: 8 

Select option: 23 
Input the word for collection:
(use generators x1,x2,... and terminate with a semicolon)
The input word is 8 1 
The result of collection is  .25 .49 .53 .66 .67 .68 .72 .90 .92 .94 .98 .111 .132 .133 .134 .138 .139 .140 .141 .142 .143 .144 .147 .151 .152 .162 .166 .172 .197 .200 .202 .206 .208 .212 .213 .217 .219 .223 .224 .228 .229 .231 .233 .236 .245 .253 .254 .267 .268 .273 .277 .279 .307 .309 .310 .312 .313 .317 .318 .322 .323 .329 .330 .331 .334 .335 .337 .338 .339 .340 .343 .344 .346 .348 .350 .352 .353 .355 .356 .357 .359 .360 .362 .364 .365 .368 .369 .371 .373 .374 .376 .377 .378 .379 .382 .383 .388 .389 .393 .398 .402 .403 .407 .416 .418 .419 .421 .430 .432 .433 .434 .435 .436 .452 .453 .455 .481 .483 .486 .489 .493 .494 .495 .496 .499 .501 .502 .503 .506 .508 .511 .512 .514 .515 .517 .521 .524 .526 .530 .533 .535 .536 .538 .539 .540 .543 .544 .552 .555 .557 .559 .561 .564 .568 .569 .570 .571 .574 .575 .577 .579 .581 .582 .584 .585 .588 .589 .592 .594 .595 .596 .598 .603 .604 .605 .607 .610 .611 .612 .616 .619 .620 .622 .623 .625 .626 .629 .630 .635 .637 .639 .641 .642 .644 .645 .646 .647 .649 .650 .653 .654 .656 .657 .658 .661 .662 .663 .665 .666 .668 .671 .672 .674 .675 .677 .680 .681 .684 .687 .689 .690 .695 .697 .709 .713 .714 .717 .718 .722 .727 .735 .739 .740 .741 .743 .744 .746 .750 .759

Select option: 23 
Input the word for collection:
(use generators x1,x2,... and terminate with a semicolon)
The input word is 16 1 
The result of collection is  .49 .53 .66 .67 .68 .72 .90 .92 .94 .98 .111 .132 .133 .134 .138 .139 .140 .141 .142 .143 .144 .147 .151 .152 .162 .166 .172 .197 .200 .202 .206 .208 .212 .213 .217 .219 .223 .224 .228 .229 .231 .233 .236 .245 .253 .254 .267 .268 .273 .277 .279 .307 .309 .310 .312 .313 .317 .318 .322 .323 .329 .330 .331 .334 .335 .337 .338 .339 .340 .343 .344 .346 .348 .350 .352 .353 .355 .356 .357 .359 .360 .362 .364 .365 .368 .369 .371 .373 .374 .376 .377 .378 .379 .382 .383 .388 .389 .393 .398 .402 .403 .407 .416 .418 .419 .421 .430 .432 .433 .434 .435 .436 .452 .453 .455 .481 .483 .486 .489 .493 .494 .495 .496 .499 .501 .502 .503 .506 .508 .511 .512 .514 .515 .517 .521 .524 .526 .530 .533 .535 .536 .538 .539 .540 .543 .544 .552 .555 .557 .559 .561 .564 .568 .569 .570 .571 .574 .575 .577 .579 .581 .582 .584 .585 .588 .589 .592 .594 .595 .596 .598 .603 .604 .605 .607 .610 .611 .612 .616 .619 .620 .622 .623 .625 .626 .629 .630 .635 .637 .639 .641 .642 .644 .645 .646 .647 .649 .650 .653 .654 .656 .657 .658 .661 .662 .663 .665 .666 .668 .671 .672 .674 .675 .677 .680 .681 .684 .687 .689 .690 .695 .697 .709 .713 .714 .717 .718 .722 .727 .735 .739 .740 .741 .743 .744 .746 .750 .759

Select option: 23 
Input the word for collection:
(use generators x1,x2,... and terminate with a semicolon)
The input word is 32 1 
The result of collection is  .91 .96 .98 .111 .137 .140 .146 .151 .152 .158 .203 .207 .208 .213 .214 .218 .219 .226 .227 .231 .235 .239 .243 .247 .252 .254 .268 .310 .311 .312 .316 .319 .321 .323 .326 .329 .330 .334 .336 .338 .342 .345 .346 .347 .349 .350 .353 .354 .355 .361 .363 .365 .366 .367 .373 .376 .387 .388 .393 .395 .398 .399 .417 .431 .450 .483 .484 .485 .486 .487 .488 .491 .492 .493 .497 .501 .502 .508 .509 .512 .513 .515 .516 .518 .520 .522 .523 .524 .526 .527 .531 .532 .537 .538 .542 .543 .544 .545 .546 .547 .552 .556 .557 .560 .562 .564 .565 .566 .567 .570 .571 .572 .573 .575 .577 .581 .582 .583 .584 .586 .588 .590 .593 .594 .596 .599 .600 .608 .620 .622 .623 .626 .627 .628 .629 .630 .637 .639 .640 .642 .643 .647 .648 .649 .651 .653 .657 .661 .662 .664 .668 .671 .680 .681 .682 .684 .688 .689 .707 .718 .734 .743 .744 .758

Select option: 23 
Input the word for collection:
(use generators x1,x2,... and terminate with a semicolon)
The input word is 64 1 
The result of collection is  .207 .211 .212 .223 .232 .268 .315 .316 .329 .335 .336 .339 .341 .342 .343 .345 .354 .355 .357 .366 .367 .369 .371 .383 .384 .393 .405 .407 .490 .492 .493 .498 .500 .501 .513 .520 .522 .523 .527 .528 .529 .531 .535 .536 .539 .541 .544 .546 .547 .550 .552 .560 .564 .568 .572 .575 .576 .579 .580 .581 .584 .588 .591 .592 .594 .597 .598 .599 .607 .619 .621 .623 .627 .634 .637 .639 .641 .648 .661 .665 .666 .734

Select option: 23 
Input the word for collection:
(use generators x1,x2,... and terminate with a semicolon)
The input word is 128 1 
The result of collection is  IDENTITY

Select option: 31 
Exiting from interactive p-Quotient menu

Select option: 6 

Group: G to lower exponent-2 central class 14 has order 2^1272
Computation of next class took 1.38 seconds

Select option: 4 

Group: G to lower exponent-2 central class 14 has order 2^1272

Select option: 8 

Select option: 23 
Input the word for collection:
(use generators x1,x2,... and terminate with a semicolon)
The input word is 8 1 
The result of collection is  .25 .49 .53 .66 .67 .68 .72 .90 .92 .94 .98 .111 .132 .133 .134 .138 .139 .140 .141 .142 .143 .144 .147 .151 .152 .162 .166 .172 .197 .200 .202 .206 .208 .212 .213 .217 .219 .223 .224 .228 .229 .231 .233 .236 .245 .253 .254 .267 .268 .273 .277 .279 .307 .309 .310 .312 .313 .317 .318 .322 .323 .329 .330 .331 .334 .335 .337 .338 .339 .340 .343 .344 .346 .348 .350 .352 .353 .355 .356 .357 .359 .360 .362 .364 .365 .368 .369 .371 .373 .374 .376 .377 .378 .379 .382 .383 .388 .389 .393 .398 .402 .403 .407 .416 .418 .419 .421 .430 .432 .433 .434 .435 .436 .452 .453 .455 .481 .483 .486 .489 .493 .494 .495 .496 .499 .501 .502 .503 .506 .508 .511 .512 .514 .515 .517 .521 .524 .526 .530 .533 .535 .536 .538 .539 .540 .543 .544 .552 .555 .557 .559 .561 .564 .568 .569 .570 .571 .574 .575 .577 .579 .581 .582 .584 .585 .588 .589 .592 .594 .595 .596 .598 .603 .604 .605 .607 .610 .611 .612 .616 .619 .620 .622 .623 .625 .626 .629 .630 .635 .637 .639 .641 .642 .644 .645 .646 .647 .649 .650 .653 .654 .656 .657 .658 .661 .662 .663 .665 .666 .668 .671 .672 .674 .675 .677 .680 .681 .684 .687 .689 .690 .695 .697 .709 .713 .714 .717 .718 .722 .727 .735 .739 .740 .741 .743 .744 .746 .750 .759 .784 .785 .787 .788 .789 .790 .792 .796 .798 .799 .803 .804 .805 .807 .810 .815 .817 .819 .823 .825 .827 .829 .830 .833 .836 .839 .840 .841 .843 .849 .851 .854 .856 .857 .859 .861 .863 .864 .865 .866 .870 .871 .872 .873 .874 .877 .879 .884 .887 .888 .895 .902 .906 .909 .910 .911 .913 .915 .917 .918 .921 .922 .923 .924 .925 .929 .934 .935 .936 .939 .941 .946 .948 .952 .953 .954 .957 .958 .962 .963 .964 .965 .966 .967 .970 .971 .973 .974 .976 .977 .979 .981 .982 .984 .988 .995 .999 .1000 .1002 .1003 .1007 .1009 .1012 .1016 .1017 .1021 .1022 .1023 .1026 .1029 .1031 .1032 .1033 .1036 .1042 .1044 .1046 .1047 .1049 .1050 .1053 .1054 .1058 .1061 .1062 .1064 .1069 .1071 .1074 .1075 .1077 .1078 .1080 .1081 .1082 .1083 .1085 .1086 .1088 .1089 .1090 .1092 .1093 .1097 .1099 .1100 .1102 .1103 .1104 .1106 .1108 .1110 .1111 .1112 .1120 .1121 .1123 .1124 .1125 .1126 .1127 .1132 .1133 .1134 .1139 .1140 .1144 .1147 .1149 .1156 .1161 .1164 .1168 .1171 .1172 .1174 .1175 .1176 .1178 .1180 .1181 .1184 .1186 .1187 .1188 .1193 .1197 .1205 .1207 .1209 .1214 .1215 .1217 .1220 .1221 .1223 .1224 .1225 .1226 .1230 .1231 .1236 .1246 .1248

Select option: 23 
Input the word for collection:
(use generators x1,x2,... and terminate with a semicolon)
The input word is 16 1 
The result of collection is  .49 .53 .66 .67 .68 .72 .90 .92 .94 .98 .111 .132 .133 .134 .138 .139 .140 .141 .142 .143 .144 .147 .151 .152 .162 .166 .172 .197 .200 .202 .206 .208 .212 .213 .217 .219 .223 .224 .228 .229 .231 .233 .236 .245 .253 .254 .267 .268 .273 .277 .279 .307 .309 .310 .312 .313 .317 .318 .322 .323 .329 .330 .331 .334 .335 .337 .338 .339 .340 .343 .344 .346 .348 .350 .352 .353 .355 .356 .357 .359 .360 .362 .364 .365 .368 .369 .371 .373 .374 .376 .377 .378 .379 .382 .383 .388 .389 .393 .398 .402 .403 .407 .416 .418 .419 .421 .430 .432 .433 .434 .435 .436 .452 .453 .455 .481 .483 .486 .489 .493 .494 .495 .496 .499 .501 .502 .503 .506 .508 .511 .512 .514 .515 .517 .521 .524 .526 .530 .533 .535 .536 .538 .539 .540 .543 .544 .552 .555 .557 .559 .561 .564 .568 .569 .570 .571 .574 .575 .577 .579 .581 .582 .584 .585 .588 .589 .592 .594 .595 .596 .598 .603 .604 .605 .607 .610 .611 .612 .616 .619 .620 .622 .623 .625 .626 .629 .630 .635 .637 .639 .641 .642 .644 .645 .646 .647 .649 .650 .653 .654 .656 .657 .658 .661 .662 .663 .665 .666 .668 .671 .672 .674 .675 .677 .680 .681 .684 .687 .689 .690 .695 .697 .709 .713 .714 .717 .718 .722 .727 .735 .739 .740 .741 .743 .744 .746 .750 .759 .784 .785 .787 .788 .789 .790 .792 .796 .798 .799 .803 .804 .805 .807 .810 .815 .817 .819 .823 .825 .827 .829 .830 .833 .836 .839 .840 .841 .843 .849 .851 .854 .856 .857 .859 .861 .863 .864 .865 .866 .870 .871 .872 .873 .874 .877 .879 .884 .887 .888 .895 .902 .906 .909 .910 .911 .913 .915 .917 .918 .921 .922 .923 .924 .925 .929 .934 .935 .936 .939 .941 .946 .948 .952 .953 .954 .957 .958 .962 .963 .964 .965 .966 .967 .970 .971 .973 .974 .976 .977 .979 .981 .982 .984 .988 .995 .999 .1000 .1002 .1003 .1007 .1009 .1012 .1016 .1017 .1021 .1022 .1023 .1026 .1029 .1031 .1032 .1033 .1036 .1042 .1044 .1046 .1047 .1049 .1050 .1053 .1054 .1058 .1061 .1062 .1064 .1069 .1071 .1074 .1075 .1077 .1078 .1080 .1081 .1082 .1083 .1085 .1086 .1088 .1089 .1090 .1092 .1093 .1097 .1099 .1100 .1102 .1103 .1104 .1106 .1108 .1110 .1111 .1112 .1120 .1121 .1123 .1124 .1125 .1126 .1127 .1132 .1133 .1134 .1139 .1140 .1144 .1147 .1149 .1156 .1161 .1164 .1168 .1171 .1172 .1174 .1175 .1176 .1178 .1180 .1181 .1184 .1186 .1187 .1188 .1193 .1197 .1205 .1207 .1209 .1214 .1215 .1217 .1220 .1221 .1223 .1224 .1225 .1226 .1230 .1231 .1236 .1246 .1248

Select option: 23 
Input the word for collection:
(use generators x1,x2,... and terminate with a semicolon)
The input word is 32 1 
The result of collection is  .91 .96 .98 .111 .137 .140 .146 .151 .152 .158 .203 .207 .208 .213 .214 .218 .219 .226 .227 .231 .235 .239 .243 .247 .252 .254 .268 .310 .311 .312 .316 .319 .321 .323 .326 .329 .330 .334 .336 .338 .342 .345 .346 .347 .349 .350 .353 .354 .355 .361 .363 .365 .366 .367 .373 .376 .387 .388 .393 .395 .398 .399 .417 .431 .450 .483 .484 .485 .486 .487 .488 .491 .492 .493 .497 .501 .502 .508 .509 .512 .513 .515 .516 .518 .520 .522 .523 .524 .526 .527 .531 .532 .537 .538 .542 .543 .544 .545 .546 .547 .552 .556 .557 .560 .562 .564 .565 .566 .567 .570 .571 .572 .573 .575 .577 .581 .582 .583 .584 .586 .588 .590 .593 .594 .596 .599 .600 .608 .620 .622 .623 .626 .627 .628 .629 .630 .637 .639 .640 .642 .643 .647 .648 .649 .651 .653 .657 .661 .662 .664 .668 .671 .680 .681 .682 .684 .688 .689 .707 .718 .734 .743 .744 .758 .786 .792 .796 .798 .799 .800 .802 .803 .809 .810 .814 .815 .817 .819 .820 .821 .826 .827 .828 .829 .831 .832 .833 .835 .836 .837 .838 .840 .842 .844 .845 .846 .847 .853 .854 .856 .857 .859 .860 .861 .862 .863 .865 .866 .869 .872 .878 .880 .881 .886 .887 .888 .889 .896 .897 .899 .902 .903 .911 .912 .916 .917 .923 .925 .926 .927 .935 .936 .940 .943 .945 .946 .952 .955 .965 .966 .968 .969 .971 .973 .974 .975 .976 .981 .984 .985 .986 .988 .989 .992 .993 .996 .997 .998 .1005 .1006 .1007 .1008 .1011 .1015 .1016 .1022 .1023 .1024 .1032 .1033 .1036 .1040 .1043 .1044 .1052 .1055 .1057 .1058 .1061 .1063 .1065 .1068 .1072 .1076 .1077 .1089 .1091 .1097 .1100 .1102 .1103 .1109 .1116 .1122 .1126 .1128 .1129 .1130 .1131 .1133 .1134 .1139 .1141 .1149 .1162 .1163 .1164 .1173 .1176 .1182 .1188 .1190 .1191 .1196 .1209 .1210 .1214 .1221 .1243

Select option: 23 
Input the word for collection:
(use generators x1,x2,... and terminate with a semicolon)
The input word is 64 1 
The result of collection is  .207 .211 .212 .223 .232 .268 .315 .316 .329 .335 .336 .339 .341 .342 .343 .345 .354 .355 .357 .366 .367 .369 .371 .383 .384 .393 .405 .407 .490 .492 .493 .498 .500 .501 .513 .520 .522 .523 .527 .528 .529 .531 .535 .536 .539 .541 .544 .546 .547 .550 .552 .560 .564 .568 .572 .575 .576 .579 .580 .581 .584 .588 .591 .592 .594 .597 .598 .599 .607 .619 .621 .623 .627 .634 .637 .639 .641 .648 .661 .665 .666 .734 .785 .788 .791 .792 .797 .802 .806 .811 .814 .815 .816 .820 .835 .840 .844 .847 .851 .853 .854 .855 .857 .858 .859 .861 .865 .867 .868 .869 .870 .871 .873 .874 .879 .882 .883 .884 .885 .886 .887 .888 .890 .891 .892 .893 .895 .896 .897 .901 .902 .903 .904 .911 .912 .913 .914 .916 .917 .918 .923 .926 .928 .931 .936 .939 .940 .943 .947 .948 .950 .954 .956 .958 .960 .961 .962 .964 .965 .966 .972 .975 .976 .977 .979 .981 .982 .986 .987 .992 .1005 .1026 .1027 .1029 .1030 .1031 .1034 .1036 .1038 .1040 .1041 .1043 .1051 .1052 .1053 .1054 .1055 .1057 .1058 .1059 .1061 .1062 .1064 .1070 .1072 .1078 .1087 .1089 .1101 .1120 .1122 .1126 .1129 .1171 .1181 .1182 .1205 .1210 .1221

Select option: 23 
Input the word for collection:
(use generators x1,x2,... and terminate with a semicolon)
The input word is 128 1 
The result of collection is  .810 .816 .817 .851 .857 .858 .866 .867 .869 .872 .873 .895 .898 .901 .902 .913 .914 .938 .939 .942 .943 .944 .945 .950 .988 .1164

Select option: 31 
Exiting from interactive p-Quotient menu

Select option: 6 

Group: G to lower exponent-2 central class 15 has order 2^2112
Computation of next class took 4.48 seconds

Select option: 4 

Group: G to lower exponent-2 central class 15 has order 2^2112

Select option: 8 

Select option: 23 
Input the word for collection:
(use generators x1,x2,... and terminate with a semicolon)
The input word is 8 1 
The result of collection is  .25 .49 .53 .66 .67 .68 .72 .90 .92 .94 .98 .111 .132 .133 .134 .138 .139 .140 .141 .142 .143 .144 .147 .151 .152 .162 .166 .172 .197 .200 .202 .206 .208 .212 .213 .217 .219 .223 .224 .228 .229 .231 .233 .236 .245 .253 .254 .267 .268 .273 .277 .279 .307 .309 .310 .312 .313 .317 .318 .322 .323 .329 .330 .331 .334 .335 .337 .338 .339 .340 .343 .344 .346 .348 .350 .352 .353 .355 .356 .357 .359 .360 .362 .364 .365 .368 .369 .371 .373 .374 .376 .377 .378 .379 .382 .383 .388 .389 .393 .398 .402 .403 .407 .416 .418 .419 .421 .430 .432 .433 .434 .435 .436 .452 .453 .455 .481 .483 .486 .489 .493 .494 .495 .496 .499 .501 .502 .503 .506 .508 .511 .512 .514 .515 .517 .521 .524 .526 .530 .533 .535 .536 .538 .539 .540 .543 .544 .552 .555 .557 .559 .561 .564 .568 .569 .570 .571 .574 .575 .577 .579 .581 .582 .584 .585 .588 .589 .592 .594 .595 .596 .598 .603 .604 .605 .607 .610 .611 .612 .616 .619 .620 .622 .623 .625 .626 .629 .630 .635 .637 .639 .641 .642 .644 .645 .646 .647 .649 .650 .653 .654 .656 .657 .658 .661 .662 .663 .665 .666 .668 .671 .672 .674 .675 .677 .680 .681 .684 .687 .689 .690 .695 .697 .709 .713 .714 .717 .718 .722 .727 .735 .739 .740 .741 .743 .744 .746 .750 .759 .784 .785 .787 .788 .789 .790 .792 .796 .798 .799 .803 .804 .805 .807 .810 .815 .817 .819 .823 .825 .827 .829 .830 .833 .836 .839 .840 .841 .843 .849 .851 .854 .856 .857 .859 .861 .863 .864 .865 .866 .870 .871 .872 .873 .874 .877 .879 .884 .887 .888 .895 .902 .906 .909 .910 .911 .913 .915 .917 .918 .921 .922 .923 .924 .925 .929 .934 .935 .936 .939 .941 .946 .948 .952 .953 .954 .957 .958 .962 .963 .964 .965 .966 .967 .970 .971 .973 .974 .976 .977 .979 .981 .982 .984 .988 .995 .999 .1000 .1002 .1003 .1007 .1009 .1012 .1016 .1017 .1021 .1022 .1023 .1026 .1029 .1031 .1032 .1033 .1036 .1042 .1044 .1046 .1047 .1049 .1050 .1053 .1054 .1058 .1061 .1062 .1064 .1069 .1071 .1074 .1075 .1077 .1078 .1080 .1081 .1082 .1083 .1085 .1086 .1088 .1089 .1090 .1092 .1093 .1097 .1099 .1100 .1102 .1103 .1104 .1106 .1108 .1110 .1111 .1112 .1120 .1121 .1123 .1124 .1125 .1126 .1127 .1132 .1133 .1134 .1139 .1140 .1144 .1147 .1149 .1156 .1161 .1164 .1168 .1171 .1172 .1174 .1175 .1176 .1178 .1180 .1181 .1184 .1186 .1187 .1188 .1193 .1197 .1205 .1207 .1209 .1214 .1215 .1217 .1220 .1221 .1223 .1224 .1225 .1226 .1230 .1231 .1236 .1246 .1248 .1276 .1277 .1280 .1282 .1283 .1284 .1285 .1288 .1293 .1295 .1300 .1301 .1303 .1304 .1307 .1309 .1310 .1313 .1314 .1315 .1316 .1318 .1319 .1324 .1326 .1328 .1331 .1332 .1334 .1335 .1338 .1339 .1342 .1343 .1344 .1345 .1346 .1347 .1348 .1349 .1351 .1353 .1354 .1355 .1356 .1360 .1363 .1364 .1366 .1370 .1371 .1372 .1373 .1375 .1376 .1377 .1378 .1379 .1381 .1383 .1385 .1386 .1389 .1391 .1395 .1396 .1401 .1405 .1406 .1407 .1411 .1413 .1415 .1416 .1417 .1418 .1421 .1422 .1424 .1426 .1427 .1428 .1430 .1432 .1433 .1435 .1437 .1438 .1439 .1442 .1445 .1449 .1450 .1451 .1452 .1453 .1454 .1455 .1456 .1457 .1458 .1460 .1461 .1462 .1463 .1465 .1469 .1470 .1471 .1472 .1473 .1474 .1475 .1476 .1478 .1480 .1481 .1482 .1483 .1485 .1486 .1490 .1493 .1495 .1496 .1497 .1500 .1501 .1502 .1503 .1504 .1506 .1508 .1511 .1512 .1516 .1517 .1518 .1519 .1520 .1522 .1523 .1524 .1526 .1528 .1531 .1532 .1533 .1534 .1535 .1536 .1537 .1539 .1542 .1556 .1557 .1558 .1560 .1561 .1562 .1565 .1566 .1568 .1569 .1570 .1573 .1574 .1575 .1576 .1577 .1580 .1581 .1582 .1585 .1589 .1590 .1591 .1592 .1594 .1597 .1600 .1603 .1604 .1606 .1607 .1610 .1612 .1613 .1616 .1617 .1618 .1621 .1622 .1623 .1627 .1631 .1632 .1634 .1635 .1638 .1640 .1644 .1645 .1650 .1651 .1654 .1655 .1656 .1659 .1661 .1662 .1663 .1664 .1665 .1667 .1672 .1676 .1678 .1679 .1681 .1683 .1687 .1688 .1689 .1697 .1699 .1701 .1702 .1712 .1715 .1716 .1717 .1718 .1719 .1720 .1722 .1723 .1725 .1727 .1731 .1734 .1735 .1736 .1739 .1744 .1746 .1750 .1751 .1752 .1753 .1754 .1755 .1756 .1758 .1762 .1764 .1768 .1769 .1770 .1771 .1772 .1773 .1774 .1775 .1776 .1777 .1778 .1779 .1782 .1783 .1786 .1787 .1789 .1791 .1792 .1793 .1794 .1795 .1797 .1799 .1801 .1802 .1805 .1806 .1807 .1808 .1809 .1810 .1813 .1817 .1818 .1819 .1821 .1824 .1825 .1830 .1831 .1832 .1834 .1835 .1837 .1838 .1840 .1841 .1842 .1843 .1844 .1845 .1847 .1849 .1850 .1855 .1856 .1860 .1862 .1863 .1864 .1866 .1867 .1869 .1874 .1875 .1876 .1878 .1879 .1885 .1886 .1888 .1890 .1892 .1896 .1898 .1901 .1906 .1911 .1914 .1920 .1921 .1925 .1926 .1935 .1936 .1937 .1939 .1940 .1946 .1949 .1953 .1954 .1956 .1957 .1958 .1959 .1964 .1965 .1971 .1973 .1974 .1976 .1977 .1978 .1979 .1980 .1981 .1983 .1985 .1988 .1989 .1991 .1996 .1998 .2000 .2005 .2006 .2009 .2010 .2013 .2014 .2019 .2022 .2023 .2027 .2029 .2030 .2031 .2036 .2037 .2038 .2039 .2041 .2042 .2044 .2045 .2046 .2047 .2048 .2049 .2051 .2052 .2054 .2063 .2064 .2073 .2074 .2075 .2077 .2079 .2083 .2085

Select option: 23 
Input the word for collection:
(use generators x1,x2,... and terminate with a semicolon)
The input word is 16 1 
The result of collection is  .49 .53 .66 .67 .68 .72 .90 .92 .94 .98 .111 .132 .133 .134 .138 .139 .140 .141 .142 .143 .144 .147 .151 .152 .162 .166 .172 .197 .200 .202 .206 .208 .212 .213 .217 .219 .223 .224 .228 .229 .231 .233 .236 .245 .253 .254 .267 .268 .273 .277 .279 .307 .309 .310 .312 .313 .317 .318 .322 .323 .329 .330 .331 .334 .335 .337 .338 .339 .340 .343 .344 .346 .348 .350 .352 .353 .355 .356 .357 .359 .360 .362 .364 .365 .368 .369 .371 .373 .374 .376 .377 .378 .379 .382 .383 .388 .389 .393 .398 .402 .403 .407 .416 .418 .419 .421 .430 .432 .433 .434 .435 .436 .452 .453 .455 .481 .483 .486 .489 .493 .494 .495 .496 .499 .501 .502 .503 .506 .508 .511 .512 .514 .515 .517 .521 .524 .526 .530 .533 .535 .536 .538 .539 .540 .543 .544 .552 .555 .557 .559 .561 .564 .568 .569 .570 .571 .574 .575 .577 .579 .581 .582 .584 .585 .588 .589 .592 .594 .595 .596 .598 .603 .604 .605 .607 .610 .611 .612 .616 .619 .620 .622 .623 .625 .626 .629 .630 .635 .637 .639 .641 .642 .644 .645 .646 .647 .649 .650 .653 .654 .656 .657 .658 .661 .662 .663 .665 .666 .668 .671 .672 .674 .675 .677 .680 .681 .684 .687 .689 .690 .695 .697 .709 .713 .714 .717 .718 .722 .727 .735 .739 .740 .741 .743 .744 .746 .750 .759 .784 .785 .787 .788 .789 .790 .792 .796 .798 .799 .803 .804 .805 .807 .810 .815 .817 .819 .823 .825 .827 .829 .830 .833 .836 .839 .840 .841 .843 .849 .851 .854 .856 .857 .859 .861 .863 .864 .865 .866 .870 .871 .872 .873 .874 .877 .879 .884 .887 .888 .895 .902 .906 .909 .910 .911 .913 .915 .917 .918 .921 .922 .923 .924 .925 .929 .934 .935 .936 .939 .941 .946 .948 .952 .953 .954 .957 .958 .962 .963 .964 .965 .966 .967 .970 .971 .973 .974 .976 .977 .979 .981 .982 .984 .988 .995 .999 .1000 .1002 .1003 .1007 .1009 .1012 .1016 .1017 .1021 .1022 .1023 .1026 .1029 .1031 .1032 .1033 .1036 .1042 .1044 .1046 .1047 .1049 .1050 .1053 .1054 .1058 .1061 .1062 .1064 .1069 .1071 .1074 .1075 .1077 .1078 .1080 .1081 .1082 .1083 .1085 .1086 .1088 .1089 .1090 .1092 .1093 .1097 .1099 .1100 .1102 .1103 .1104 .1106 .1108 .1110 .1111 .1112 .1120 .1121 .1123 .1124 .1125 .1126 .1127 .1132 .1133 .1134 .1139 .1140 .1144 .1147 .1149 .1156 .1161 .1164 .1168 .1171 .1172 .1174 .1175 .1176 .1178 .1180 .1181 .1184 .1186 .1187 .1188 .1193 .1197 .1205 .1207 .1209 .1214 .1215 .1217 .1220 .1221 .1223 .1224 .1225 .1226 .1230 .1231 .1236 .1246 .1248 .1276 .1277 .1280 .1282 .1283 .1284 .1285 .1288 .1293 .1295 .1300 .1301 .1303 .1304 .1307 .1309 .1310 .1313 .1314 .1315 .1316 .1318 .1319 .1324 .1326 .1328 .1331 .1332 .1334 .1335 .1338 .1339 .1342 .1343 .1344 .1345 .1346 .1347 .1348 .1349 .1351 .1353 .1354 .1355 .1356 .1360 .1363 .1364 .1366 .1370 .1371 .1372 .1373 .1375 .1376 .1377 .1378 .1379 .1381 .1383 .1385 .1386 .1389 .1391 .1395 .1396 .1401 .1405 .1406 .1407 .1411 .1413 .1415 .1416 .1417 .1418 .1421 .1422 .1424 .1426 .1427 .1428 .1430 .1432 .1433 .1435 .1437 .1438 .1439 .1442 .1445 .1449 .1450 .1451 .1452 .1453 .1454 .1455 .1456 .1457 .1458 .1460 .1461 .1462 .1463 .1465 .1469 .1470 .1471 .1472 .1473 .1474 .1475 .1476 .1478 .1480 .1481 .1482 .1483 .1485 .1486 .1490 .1493 .1495 .1496 .1497 .1500 .1501 .1502 .1503 .1504 .1506 .1508 .1511 .1512 .1516 .1517 .1518 .1519 .1520 .1522 .1523 .1524 .1526 .1528 .1531 .1532 .1533 .1534 .1535 .1536 .1537 .1539 .1542 .1556 .1557 .1558 .1560 .1561 .1562 .1565 .1566 .1568 .1569 .1570 .1573 .1574 .1575 .1576 .1577 .1580 .1581 .1582 .1585 .1589 .1590 .1591 .1592 .1594 .1597 .1600 .1603 .1604 .1606 .1607 .1610 .1612 .1613 .1616 .1617 .1618 .1621 .1622 .1623 .1627 .1631 .1632 .1634 .1635 .1638 .1640 .1644 .1645 .1650 .1651 .1654 .1655 .1656 .1659 .1661 .1662 .1663 .1664 .1665 .1667 .1672 .1676 .1678 .1679 .1681 .1683 .1687 .1688 .1689 .1697 .1699 .1701 .1702 .1712 .1715 .1716 .1717 .1718 .1719 .1720 .1722 .1723 .1725 .1727 .1731 .1734 .1735 .1736 .1739 .1744 .1746 .1750 .1751 .1752 .1753 .1754 .1755 .1756 .1758 .1762 .1764 .1768 .1769 .1770 .1771 .1772 .1773 .1774 .1775 .1776 .1777 .1778 .1779 .1782 .1783 .1786 .1787 .1789 .1791 .1792 .1793 .1794 .1795 .1797 .1799 .1801 .1802 .1805 .1806 .1807 .1808 .1809 .1810 .1813 .1817 .1818 .1819 .1821 .1824 .1825 .1830 .1831 .1832 .1834 .1835 .1837 .1838 .1840 .1841 .1842 .1843 .1844 .1845 .1847 .1849 .1850 .1855 .1856 .1860 .1862 .1863 .1864 .1866 .1867 .1869 .1874 .1875 .1876 .1878 .1879 .1885 .1886 .1888 .1890 .1892 .1896 .1898 .1901 .1906 .1911 .1914 .1920 .1921 .1925 .1926 .1935 .1936 .1937 .1939 .1940 .1946 .1949 .1953 .1954 .1956 .1957 .1958 .1959 .1964 .1965 .1971 .1973 .1974 .1976 .1977 .1978 .1979 .1980 .1981 .1983 .1985 .1988 .1989 .1991 .1996 .1998 .2000 .2005 .2006 .2009 .2010 .2013 .2014 .2019 .2022 .2023 .2027 .2029 .2030 .2031 .2036 .2037 .2038 .2039 .2041 .2042 .2044 .2045 .2046 .2047 .2048 .2049 .2051 .2052 .2054 .2063 .2064 .2073 .2074 .2075 .2077 .2079 .2083 .2085

Select option: 23 
Input the word for collection:
(use generators x1,x2,... and terminate with a semicolon)
The input word is 32 1 
The result of collection is  .91 .96 .98 .111 .137 .140 .146 .151 .152 .158 .203 .207 .208 .213 .214 .218 .219 .226 .227 .231 .235 .239 .243 .247 .252 .254 .268 .310 .311 .312 .316 .319 .321 .323 .326 .329 .330 .334 .336 .338 .342 .345 .346 .347 .349 .350 .353 .354 .355 .361 .363 .365 .366 .367 .373 .376 .387 .388 .393 .395 .398 .399 .417 .431 .450 .483 .484 .485 .486 .487 .488 .491 .492 .493 .497 .501 .502 .508 .509 .512 .513 .515 .516 .518 .520 .522 .523 .524 .526 .527 .531 .532 .537 .538 .542 .543 .544 .545 .546 .547 .552 .556 .557 .560 .562 .564 .565 .566 .567 .570 .571 .572 .573 .575 .577 .581 .582 .583 .584 .586 .588 .590 .593 .594 .596 .599 .600 .608 .620 .622 .623 .626 .627 .628 .629 .630 .637 .639 .640 .642 .643 .647 .648 .649 .651 .653 .657 .661 .662 .664 .668 .671 .680 .681 .682 .684 .688 .689 .707 .718 .734 .743 .744 .758 .786 .792 .796 .798 .799 .800 .802 .803 .809 .810 .814 .815 .817 .819 .820 .821 .826 .827 .828 .829 .831 .832 .833 .835 .836 .837 .838 .840 .842 .844 .845 .846 .847 .853 .854 .856 .857 .859 .860 .861 .862 .863 .865 .866 .869 .872 .878 .880 .881 .886 .887 .888 .889 .896 .897 .899 .902 .903 .911 .912 .916 .917 .923 .925 .926 .927 .935 .936 .940 .943 .945 .946 .952 .955 .965 .966 .968 .969 .971 .973 .974 .975 .976 .981 .984 .985 .986 .988 .989 .992 .993 .996 .997 .998 .1005 .1006 .1007 .1008 .1011 .1015 .1016 .1022 .1023 .1024 .1032 .1033 .1036 .1040 .1043 .1044 .1052 .1055 .1057 .1058 .1061 .1063 .1065 .1068 .1072 .1076 .1077 .1089 .1091 .1097 .1100 .1102 .1103 .1109 .1116 .1122 .1126 .1128 .1129 .1130 .1131 .1133 .1134 .1139 .1141 .1149 .1162 .1163 .1164 .1173 .1176 .1182 .1188 .1190 .1191 .1196 .1209 .1210 .1214 .1221 .1243 .1274 .1276 .1280 .1283 .1284 .1289 .1290 .1291 .1294 .1295 .1299 .1301 .1304 .1305 .1309 .1312 .1314 .1315 .1320 .1321 .1324 .1325 .1326 .1327 .1328 .1329 .1330 .1335 .1336 .1337 .1339 .1341 .1343 .1345 .1347 .1348 .1351 .1352 .1354 .1355 .1357 .1358 .1361 .1365 .1367 .1369 .1371 .1372 .1374 .1377 .1378 .1379 .1381 .1383 .1385 .1386 .1389 .1390 .1391 .1393 .1396 .1397 .1399 .1400 .1401 .1406 .1407 .1408 .1410 .1412 .1413 .1414 .1416 .1419 .1426 .1427 .1428 .1430 .1431 .1434 .1436 .1439 .1441 .1442 .1445 .1446 .1448 .1449 .1452 .1455 .1456 .1459 .1461 .1462 .1463 .1468 .1472 .1475 .1478 .1481 .1483 .1484 .1485 .1488 .1489 .1490 .1491 .1494 .1498 .1499 .1500 .1501 .1502 .1503 .1504 .1505 .1507 .1508 .1510 .1513 .1515 .1516 .1518 .1522 .1523 .1527 .1530 .1531 .1532 .1536 .1539 .1540 .1541 .1543 .1545 .1548 .1550 .1551 .1553 .1556 .1558 .1559 .1560 .1561 .1562 .1565 .1567 .1568 .1569 .1570 .1571 .1574 .1576 .1578 .1580 .1584 .1585 .1586 .1590 .1592 .1593 .1594 .1595 .1597 .1598 .1599 .1600 .1603 .1604 .1605 .1606 .1607 .1614 .1616 .1617 .1619 .1620 .1622 .1624 .1626 .1629 .1630 .1632 .1633 .1634 .1637 .1638 .1641 .1643 .1646 .1649 .1652 .1653 .1654 .1656 .1657 .1658 .1659 .1660 .1662 .1663 .1664 .1665 .1667 .1669 .1674 .1676 .1678 .1679 .1680 .1687 .1691 .1692 .1693 .1699 .1705 .1706 .1710 .1711 .1712 .1714 .1715 .1718 .1719 .1721 .1724 .1725 .1727 .1728 .1729 .1731 .1733 .1734 .1736 .1737 .1742 .1744 .1745 .1748 .1749 .1750 .1753 .1757 .1758 .1759 .1762 .1763 .1765 .1770 .1771 .1774 .1777 .1778 .1779 .1781 .1782 .1785 .1786 .1789 .1791 .1792 .1793 .1794 .1797 .1802 .1804 .1806 .1809 .1811 .1813 .1815 .1817 .1818 .1825 .1828 .1829 .1836 .1839 .1842 .1845 .1846 .1849 .1851 .1853 .1854 .1855 .1856 .1857 .1859 .1861 .1866 .1872 .1873 .1878 .1879 .1884 .1887 .1890 .1891 .1892 .1893 .1896 .1897 .1898 .1899 .1905 .1908 .1909 .1913 .1914 .1921 .1922 .1923 .1929 .1930 .1946 .1947 .1948 .1949 .1950 .1952 .1953 .1954 .1955 .1956 .1958 .1959 .1961 .1966 .1975 .1980 .1981 .1995 .2009 .2012 .2013 .2015 .2016 .2022 .2023 .2025 .2028 .2029 .2030 .2034 .2036 .2038 .2041 .2044

Select option: 23 
Input the word for collection:
(use generators x1,x2,... and terminate with a semicolon)
The input word is 64 1 
The result of collection is  .207 .211 .212 .223 .232 .268 .315 .316 .329 .335 .336 .339 .341 .342 .343 .345 .354 .355 .357 .366 .367 .369 .371 .383 .384 .393 .405 .407 .490 .492 .493 .498 .500 .501 .513 .520 .522 .523 .527 .528 .529 .531 .535 .536 .539 .541 .544 .546 .547 .550 .552 .560 .564 .568 .572 .575 .576 .579 .580 .581 .584 .588 .591 .592 .594 .597 .598 .599 .607 .619 .621 .623 .627 .634 .637 .639 .641 .648 .661 .665 .666 .734 .785 .788 .791 .792 .797 .802 .806 .811 .814 .815 .816 .820 .835 .840 .844 .847 .851 .853 .854 .855 .857 .858 .859 .861 .865 .867 .868 .869 .870 .871 .873 .874 .879 .882 .883 .884 .885 .886 .887 .888 .890 .891 .892 .893 .895 .896 .897 .901 .902 .903 .904 .911 .912 .913 .914 .916 .917 .918 .923 .926 .928 .931 .936 .939 .940 .943 .947 .948 .950 .954 .956 .958 .960 .961 .962 .964 .965 .966 .972 .975 .976 .977 .979 .981 .982 .986 .987 .992 .1005 .1026 .1027 .1029 .1030 .1031 .1034 .1036 .1038 .1040 .1041 .1043 .1051 .1052 .1053 .1054 .1055 .1057 .1058 .1059 .1061 .1062 .1064 .1070 .1072 .1078 .1087 .1089 .1101 .1120 .1122 .1126 .1129 .1171 .1181 .1182 .1205 .1210 .1221 .1276 .1277 .1281 .1284 .1290 .1293 .1299 .1302 .1303 .1304 .1310 .1311 .1316 .1320 .1321 .1325 .1328 .1329 .1334 .1335 .1336 .1337 .1340 .1343 .1348 .1357 .1360 .1361 .1363 .1364 .1365 .1366 .1368 .1371 .1372 .1374 .1375 .1376 .1377 .1379 .1380 .1384 .1391 .1392 .1393 .1396 .1398 .1400 .1404 .1405 .1406 .1407 .1409 .1413 .1414 .1415 .1420 .1421 .1422 .1423 .1427 .1428 .1431 .1432 .1436 .1441 .1444 .1447 .1448 .1449 .1452 .1453 .1456 .1457 .1459 .1462 .1463 .1465 .1466 .1473 .1474 .1475 .1477 .1479 .1480 .1481 .1483 .1484 .1486 .1487 .1489 .1491 .1496 .1498 .1499 .1500 .1502 .1505 .1506 .1507 .1512 .1518 .1521 .1526 .1534 .1536 .1537 .1539 .1541 .1543 .1544 .1545 .1546 .1550 .1551 .1553 .1557 .1558 .1560 .1561 .1562 .1564 .1568 .1571 .1573 .1574 .1575 .1580 .1582 .1587 .1588 .1591 .1592 .1593 .1595 .1598 .1602 .1603 .1604 .1613 .1616 .1617 .1618 .1620 .1621 .1622 .1626 .1628 .1633 .1634 .1635 .1636 .1638 .1639 .1640 .1641 .1642 .1646 .1651 .1653 .1657 .1658 .1660 .1669 .1671 .1673 .1679 .1680 .1686 .1690 .1692 .1695 .1699 .1702 .1704 .1707 .1708 .1718 .1722 .1724 .1725 .1731 .1733 .1736 .1737 .1738 .1742 .1746 .1748 .1750 .1752 .1756 .1758 .1759 .1762 .1764 .1766 .1773 .1776 .1777 .1778 .1779 .1781 .1784 .1788 .1789 .1790 .1791 .1794 .1802 .1803 .1804 .1805 .1806 .1811 .1813 .1821 .1824 .1838 .1843 .1844 .1847 .1853 .1859 .1872 .1874 .1884 .1886 .1890 .1892 .1898 .1945 .1946 .1948 .1951 .1956 .1959 .1972 .1974 .1975 .1977 .1994 .2009 .2011 .2012 .2015 .2016 .2021 .2024 .2028 .2038

Select option: 23 
Input the word for collection:
(use generators x1,x2,... and terminate with a semicolon)
The input word is 128 1 
The result of collection is  .810 .816 .817 .851 .857 .858 .866 .867 .869 .872 .873 .895 .898 .901 .902 .913 .914 .938 .939 .942 .943 .944 .945 .950 .988 .1164 .1306 .1312 .1314 .1320 .1323 .1324 .1326 .1327 .1328 .1336 .1337 .1338 .1340 .1342 .1343 .1345 .1346 .1369 .1388 .1389 .1391 .1392 .1403 .1404 .1409 .1410 .1412 .1415 .1416 .1418 .1421 .1422 .1427 .1428 .1429 .1430 .1441 .1442 .1445 .1463 .1467 .1470 .1473 .1477 .1480 .1483 .1486 .1487 .1491 .1495 .1496 .1498 .1501 .1502 .1513 .1517 .1522 .1523 .1537 .1549 .1560 .1561 .1566 .1567 .1570 .1576 .1578 .1583 .1585 .1587 .1588 .1591 .1594 .1602 .1616 .1620 .1622 .1628 .1629 .1630 .1631 .1634 .1636 .1637 .1639 .1649 .1672 .1674 .1678 .1679 .1707 .1709 .1720 .1730 .1733 .1734 .1736 .1744 .1748 .1758 .1762 .1771 .1779 .1780 .1802 .1820 .1840 .1841 .1842 .1946 .1970 .2010

Select option: 31 
Exiting from interactive p-Quotient menu

Select option: 6 

Group: G to lower exponent-2 central class 16 has order 2^3514
Computation of next class took 17.05 seconds

Select option: 4 

Group: G to lower exponent-2 central class 16 has order 2^3514

Select option: 8 

Select option: 23 
Input the word for collection:
(use generators x1,x2,... and terminate with a semicolon)
The input word is 8 1 
The result of collection is  .25 .49 .53 .66 .67 .68 .72 .90 .92 .94 .98 .111 .132 .133 .134 .138 .139 .140 .141 .142 .143 .144 .147 .151 .152 .162 .166 .172 .197 .200 .202 .206 .208 .212 .213 .217 .219 .223 .224 .228 .229 .231 .233 .236 .245 .253 .254 .267 .268 .273 .277 .279 .307 .309 .310 .312 .313 .317 .318 .322 .323 .329 .330 .331 .334 .335 .337 .338 .339 .340 .343 .344 .346 .348 .350 .352 .353 .355 .356 .357 .359 .360 .362 .364 .365 .368 .369 .371 .373 .374 .376 .377 .378 .379 .382 .383 .388 .389 .393 .398 .402 .403 .407 .416 .418 .419 .421 .430 .432 .433 .434 .435 .436 .452 .453 .455 .481 .483 .486 .489 .493 .494 .495 .496 .499 .501 .502 .503 .506 .508 .511 .512 .514 .515 .517 .521 .524 .526 .530 .533 .535 .536 .538 .539 .540 .543 .544 .552 .555 .557 .559 .561 .564 .568 .569 .570 .571 .574 .575 .577 .579 .581 .582 .584 .585 .588 .589 .592 .594 .595 .596 .598 .603 .604 .605 .607 .610 .611 .612 .616 .619 .620 .622 .623 .625 .626 .629 .630 .635 .637 .639 .641 .642 .644 .645 .646 .647 .649 .650 .653 .654 .656 .657 .658 .661 .662 .663 .665 .666 .668 .671 .672 .674 .675 .677 .680 .681 .684 .687 .689 .690 .695 .697 .709 .713 .714 .717 .718 .722 .727 .735 .739 .740 .741 .743 .744 .746 .750 .759 .784 .785 .787 .788 .789 .790 .792 .796 .798 .799 .803 .804 .805 .807 .810 .815 .817 .819 .823 .825 .827 .829 .830 .833 .836 .839 .840 .841 .843 .849 .851 .854 .856 .857 .859 .861 .863 .864 .865 .866 .870 .871 .872 .873 .874 .877 .879 .884 .887 .888 .895 .902 .906 .909 .910 .911 .913 .915 .917 .918 .921 .922 .923 .924 .925 .929 .934 .935 .936 .939 .941 .946 .948 .952 .953 .954 .957 .958 .962 .963 .964 .965 .966 .967 .970 .971 .973 .974 .976 .977 .979 .981 .982 .984 .988 .995 .999 .1000 .1002 .1003 .1007 .1009 .1012 .1016 .1017 .1021 .1022 .1023 .1026 .1029 .1031 .1032 .1033 .1036 .1042 .1044 .1046 .1047 .1049 .1050 .1053 .1054 .1058 .1061 .1062 .1064 .1069 .1071 .1074 .1075 .1077 .1078 .1080 .1081 .1082 .1083 .1085 .1086 .1088 .1089 .1090 .1092 .1093 .1097 .1099 .1100 .1102 .1103 .1104 .1106 .1108 .1110 .1111 .1112 .1120 .1121 .1123 .1124 .1125 .1126 .1127 .1132 .1133 .1134 .1139 .1140 .1144 .1147 .1149 .1156 .1161 .1164 .1168 .1171 .1172 .1174 .1175 .1176 .1178 .1180 .1181 .1184 .1186 .1187 .1188 .1193 .1197 .1205 .1207 .1209 .1214 .1215 .1217 .1220 .1221 .1223 .1224 .1225 .1226 .1230 .1231 .1236 .1246 .1248 .1276 .1277 .1280 .1282 .1283 .1284 .1285 .1288 .1293 .1295 .1300 .1301 .1303 .1304 .1307 .1309 .1310 .1313 .1314 .1315 .1316 .1318 .1319 .1324 .1326 .1328 .1331 .1332 .1334 .1335 .1338 .1339 .1342 .1343 .1344 .1345 .1346 .1347 .1348 .1349 .1351 .1353 .1354 .1355 .1356 .1360 .1363 .1364 .1366 .1370 .1371 .1372 .1373 .1375 .1376 .1377 .1378 .1379 .1381 .1383 .1385 .1386 .1389 .1391 .1395 .1396 .1401 .1405 .1406 .1407 .1411 .1413 .1415 .1416 .1417 .1418 .1421 .1422 .1424 .1426 .1427 .1428 .1430 .1432 .1433 .1435 .1437 .1438 .1439 .1442 .1445 .1449 .1450 .1451 .1452 .1453 .1454 .1455 .1456 .1457 .1458 .1460 .1461 .1462 .1463 .1465 .1469 .1470 .1471 .1472 .1473 .1474 .1475 .1476 .1478 .1480 .1481 .1482 .1483 .1485 .1486 .1490 .1493 .1495 .1496 .1497 .1500 .1501 .1502 .1503 .1504 .1506 .1508 .1511 .1512 .1516 .1517 .1518 .1519 .1520 .1522 .1523 .1524 .1526 .1528 .1531 .1532 .1533 .1534 .1535 .1536 .1537 .1539 .1542 .1556 .1557 .1558 .1560 .1561 .1562 .1565 .1566 .1568 .1569 .1570 .1573 .1574 .1575 .1576 .1577 .1580 .1581 .1582 .1585 .1589 .1590 .1591 .1592 .1594 .1597 .1600 .1603 .1604 .1606 .1607 .1610 .1612 .1613 .1616 .1617 .1618 .1621 .1622 .1623 .1627 .1631 .1632 .1634 .1635 .1638 .1640 .1644 .1645 .1650 .1651 .1654 .1655 .1656 .1659 .1661 .1662 .1663 .1664 .1665 .1667 .1672 .1676 .1678 .1679 .1681 .1683 .1687 .1688 .1689 .1697 .1699 .1701 .1702 .1712 .1715 .1716 .1717 .1718 .1719 .1720 .1722 .1723 .1725 .1727 .1731 .1734 .1735 .1736 .1739 .1744 .1746 .1750 .1751 .1752 .1753 .1754 .1755 .1756 .1758 .1762 .1764 .1768 .1769 .1770 .1771 .1772 .1773 .1774 .1775 .1776 .1777 .1778 .1779 .1782 .1783 .1786 .1787 .1789 .1791 .1792 .1793 .1794 .1795 .1797 .1799 .1801 .1802 .1805 .1806 .1807 .1808 .1809 .1810 .1813 .1817 .1818 .1819 .1821 .1824 .1825 .1830 .1831 .1832 .1834 .1835 .1837 .1838 .1840 .1841 .1842 .1843 .1844 .1845 .1847 .1849 .1850 .1855 .1856 .1860 .1862 .1863 .1864 .1866 .1867 .1869 .1874 .1875 .1876 .1878 .1879 .1885 .1886 .1888 .1890 .1892 .1896 .1898 .1901 .1906 .1911 .1914 .1920 .1921 .1925 .1926 .1935 .1936 .1937 .1939 .1940 .1946 .1949 .1953 .1954 .1956 .1957 .1958 .1959 .1964 .1965 .1971 .1973 .1974 .1976 .1977 .1978 .1979 .1980 .1981 .1983 .1985 .1988 .1989 .1991 .1996 .1998 .2000 .2005 .2006 .2009 .2010 .2013 .2014 .2019 .2022 .2023 .2027 .2029 .2030 .2031 .2036 .2037 .2038 .2039 .2041 .2042 .2044 .2045 .2046 .2047 .2048 .2049 .2051 .2052 .2054 .2063 .2064 .2073 .2074 .2075 .2077 .2079 .2083 .2085 .2113 .2114 .2115 .2116 .2118 .2121 .2122 .2123 .2124 .2128 .2130 .2131 .2133 .2134 .2135 .2136 .2139 .2142 .2146 .2148 .2151 .2154 .2157 .2161 .2164 .2165 .2166 .2167 .2173 .2174 .2179 .2180 .2184 .2185 .2186 .2187 .2191 .2192 .2193 .2196 .2198 .2199 .2200 .2207 .2209 .2213 .2215 .2217 .2218 .2219 .2224 .2227 .2230 .2231 .2232 .2233 .2236 .2238 .2239 .2240 .2241 .2242 .2243 .2244 .2245 .2246 .2248 .2252 .2254 .2256 .2258 .2260 .2263 .2265 .2266 .2267 .2270 .2271 .2273 .2276 .2277 .2279 .2280 .2281 .2285 .2286 .2288 .2290 .2291 .2292 .2295 .2300 .2301 .2302 .2303 .2305 .2308 .2310 .2312 .2316 .2318 .2319 .2323 .2325 .2327 .2328 .2329 .2331 .2333 .2335 .2336 .2337 .2341 .2343 .2344 .2345 .2347 .2350 .2352 .2354 .2355 .2357 .2358 .2359 .2360 .2361 .2363 .2365 .2366 .2374 .2375 .2376 .2377 .2378 .2380 .2382 .2383 .2384 .2388 .2389 .2390 .2392 .2393 .2398 .2402 .2403 .2404 .2405 .2409 .2411 .2412 .2414 .2415 .2416 .2420 .2422 .2425 .2426 .2427 .2429 .2433 .2434 .2436 .2438 .2439 .2443 .2445 .2446 .2447 .2448 .2449 .2450 .2451 .2452 .2453 .2454 .2456 .2457 .2458 .2459 .2462 .2464 .2465 .2467 .2474 .2478 .2479 .2481 .2483 .2484 .2485 .2488 .2489 .2490 .2491 .2492 .2493 .2494 .2498 .2500 .2501 .2502 .2503 .2504 .2507 .2509 .2510 .2511 .2515 .2516 .2518 .2519 .2520 .2521 .2522 .2525 .2529 .2531 .2534 .2535 .2536 .2538 .2539 .2540 .2541 .2542 .2544 .2547 .2549 .2552 .2554 .2556 .2559 .2560 .2565 .2569 .2577 .2578 .2579 .2581 .2582 .2587 .2588 .2589 .2590 .2591 .2592 .2593 .2594 .2595 .2596 .2598 .2600 .2602 .2603 .2604 .2605 .2608 .2610 .2612 .2618 .2621 .2622 .2623 .2624 .2626 .2627 .2630 .2631 .2635 .2636 .2637 .2638 .2641 .2644 .2647 .2650 .2655 .2657 .2658 .2660 .2661 .2663 .2665 .2669 .2672 .2674 .2676 .2677 .2679 .2680 .2681 .2683 .2685 .2686 .2690 .2691 .2693 .2694 .2695 .2699 .2701 .2703 .2708 .2710 .2712 .2713 .2714 .2715 .2718 .2719 .2720 .2721 .2722 .2723 .2724 .2726 .2728 .2731 .2733 .2739 .2740 .2741 .2745 .2748 .2749 .2750 .2751 .2752 .2753 .2754 .2756 .2757 .2758 .2763 .2764 .2765 .2767 .2768 .2769 .2772 .2773 .2774 .2775 .2778 .2779 .2780 .2783 .2787 .2789 .2790 .2791 .2792 .2794 .2795 .2798 .2800 .2801 .2802 .2807 .2808 .2815 .2818 .2819 .2820 .2822 .2823 .2825 .2826 .2827 .2828 .2830 .2832 .2836 .2837 .2838 .2839 .2842 .2843 .2844 .2845 .2846 .2852 .2853 .2854 .2855 .2856 .2861 .2866 .2867 .2868 .2869 .2871 .2872 .2874 .2876 .2877 .2878 .2879 .2880 .2882 .2883 .2885 .2886 .2887 .2889 .2890 .2891 .2894 .2895 .2896 .2898 .2899 .2900 .2902 .2903 .2904 .2907 .2909 .2910 .2911 .2912 .2913 .2918 .2919 .2920 .2922 .2923 .2924 .2925 .2926 .2934 .2935 .2938 .2942 .2943 .2944 .2945 .2946 .2947 .2948 .2951 .2953 .2955 .2958 .2960 .2962 .2963 .2965 .2966 .2967 .2971 .2975 .2976 .2978 .2980 .2985 .2986 .2988 .2989 .2990 .2992 .2993 .2994 .2995 .2997 .2998 .3000 .3002 .3004 .3005 .3006 .3007 .3011 .3013 .3014 .3016 .3017 .3020 .3024 .3026 .3028 .3029 .3031 .3032 .3033 .3034 .3035 .3039 .3040 .3041 .3043 .3044 .3047 .3048 .3049 .3051 .3054 .3055 .3057 .3058 .3060 .3061 .3062 .3063 .3067 .3068 .3069 .3070 .3074 .3075 .3078 .3081 .3085 .3088 .3089 .3091 .3098 .3101 .3102 .3104 .3107 .3109 .3112 .3113 .3114 .3118 .3119 .3120 .3121 .3122 .3124 .3125 .3126 .3127 .3130 .3131 .3132 .3134 .3136 .3139 .3143 .3144 .3147 .3148 .3153 .3154 .3155 .3156 .3157 .3159 .3163 .3169 .3171 .3172 .3173 .3174 .3175 .3179 .3181 .3190 .3194 .3195 .3198 .3199 .3201 .3203 .3204 .3207 .3208 .3209 .3210 .3214 .3219 .3221 .3223 .3225 .3226 .3227 .3235 .3236 .3237 .3240 .3241 .3245 .3246 .3249 .3251 .3253 .3254 .3259 .3261 .3262 .3264 .3265 .3268 .3271 .3272 .3273 .3275 .3276 .3277 .3279 .3283 .3287 .3290 .3293 .3294 .3295 .3299 .3300 .3303 .3306 .3307 .3308 .3309 .3314 .3315 .3316 .3317 .3319 .3322 .3324 .3329 .3330 .3331 .3334 .3336 .3337 .3338 .3339 .3340 .3341 .3342 .3343 .3344 .3348 .3352 .3356 .3366 .3368 .3369 .3370 .3371 .3373 .3375 .3376 .3377 .3378 .3379 .3381 .3384 .3385 .3386 .3387 .3388 .3389 .3390 .3391 .3393 .3396 .3397 .3398 .3399 .3400 .3401 .3405 .3406 .3407 .3409 .3412 .3414 .3417 .3419 .3420 .3422 .3425 .3426 .3428 .3429 .3430 .3431 .3433 .3436 .3451 .3455 .3461 .3462 .3464 .3471 .3479 .3482 .3488 .3489 .3495

Select option: 23 
Input the word for collection:
(use generators x1,x2,... and terminate with a semicolon)
The input word is 16 1 
The result of collection is  .49 .53 .66 .67 .68 .72 .90 .92 .94 .98 .111 .132 .133 .134 .138 .139 .140 .141 .142 .143 .144 .147 .151 .152 .162 .166 .172 .197 .200 .202 .206 .208 .212 .213 .217 .219 .223 .224 .228 .229 .231 .233 .236 .245 .253 .254 .267 .268 .273 .277 .279 .307 .309 .310 .312 .313 .317 .318 .322 .323 .329 .330 .331 .334 .335 .337 .338 .339 .340 .343 .344 .346 .348 .350 .352 .353 .355 .356 .357 .359 .360 .362 .364 .365 .368 .369 .371 .373 .374 .376 .377 .378 .379 .382 .383 .388 .389 .393 .398 .402 .403 .407 .416 .418 .419 .421 .430 .432 .433 .434 .435 .436 .452 .453 .455 .481 .483 .486 .489 .493 .494 .495 .496 .499 .501 .502 .503 .506 .508 .511 .512 .514 .515 .517 .521 .524 .526 .530 .533 .535 .536 .538 .539 .540 .543 .544 .552 .555 .557 .559 .561 .564 .568 .569 .570 .571 .574 .575 .577 .579 .581 .582 .584 .585 .588 .589 .592 .594 .595 .596 .598 .603 .604 .605 .607 .610 .611 .612 .616 .619 .620 .622 .623 .625 .626 .629 .630 .635 .637 .639 .641 .642 .644 .645 .646 .647 .649 .650 .653 .654 .656 .657 .658 .661 .662 .663 .665 .666 .668 .671 .672 .674 .675 .677 .680 .681 .684 .687 .689 .690 .695 .697 .709 .713 .714 .717 .718 .722 .727 .735 .739 .740 .741 .743 .744 .746 .750 .759 .784 .785 .787 .788 .789 .790 .792 .796 .798 .799 .803 .804 .805 .807 .810 .815 .817 .819 .823 .825 .827 .829 .830 .833 .836 .839 .840 .841 .843 .849 .851 .854 .856 .857 .859 .861 .863 .864 .865 .866 .870 .871 .872 .873 .874 .877 .879 .884 .887 .888 .895 .902 .906 .909 .910 .911 .913 .915 .917 .918 .921 .922 .923 .924 .925 .929 .934 .935 .936 .939 .941 .946 .948 .952 .953 .954 .957 .958 .962 .963 .964 .965 .966 .967 .970 .971 .973 .974 .976 .977 .979 .981 .982 .984 .988 .995 .999 .1000 .1002 .1003 .1007 .1009 .1012 .1016 .1017 .1021 .1022 .1023 .1026 .1029 .1031 .1032 .1033 .1036 .1042 .1044 .1046 .1047 .1049 .1050 .1053 .1054 .1058 .1061 .1062 .1064 .1069 .1071 .1074 .1075 .1077 .1078 .1080 .1081 .1082 .1083 .1085 .1086 .1088 .1089 .1090 .1092 .1093 .1097 .1099 .1100 .1102 .1103 .1104 .1106 .1108 .1110 .1111 .1112 .1120 .1121 .1123 .1124 .1125 .1126 .1127 .1132 .1133 .1134 .1139 .1140 .1144 .1147 .1149 .1156 .1161 .1164 .1168 .1171 .1172 .1174 .1175 .1176 .1178 .1180 .1181 .1184 .1186 .1187 .1188 .1193 .1197 .1205 .1207 .1209 .1214 .1215 .1217 .1220 .1221 .1223 .1224 .1225 .1226 .1230 .1231 .1236 .1246 .1248 .1276 .1277 .1280 .1282 .1283 .1284 .1285 .1288 .1293 .1295 .1300 .1301 .1303 .1304 .1307 .1309 .1310 .1313 .1314 .1315 .1316 .1318 .1319 .1324 .1326 .1328 .1331 .1332 .1334 .1335 .1338 .1339 .1342 .1343 .1344 .1345 .1346 .1347 .1348 .1349 .1351 .1353 .1354 .1355 .1356 .1360 .1363 .1364 .1366 .1370 .1371 .1372 .1373 .1375 .1376 .1377 .1378 .1379 .1381 .1383 .1385 .1386 .1389 .1391 .1395 .1396 .1401 .1405 .1406 .1407 .1411 .1413 .1415 .1416 .1417 .1418 .1421 .1422 .1424 .1426 .1427 .1428 .1430 .1432 .1433 .1435 .1437 .1438 .1439 .1442 .1445 .1449 .1450 .1451 .1452 .1453 .1454 .1455 .1456 .1457 .1458 .1460 .1461 .1462 .1463 .1465 .1469 .1470 .1471 .1472 .1473 .1474 .1475 .1476 .1478 .1480 .1481 .1482 .1483 .1485 .1486 .1490 .1493 .1495 .1496 .1497 .1500 .1501 .1502 .1503 .1504 .1506 .1508 .1511 .1512 .1516 .1517 .1518 .1519 .1520 .1522 .1523 .1524 .1526 .1528 .1531 .1532 .1533 .1534 .1535 .1536 .1537 .1539 .1542 .1556 .1557 .1558 .1560 .1561 .1562 .1565 .1566 .1568 .1569 .1570 .1573 .1574 .1575 .1576 .1577 .1580 .1581 .1582 .1585 .1589 .1590 .1591 .1592 .1594 .1597 .1600 .1603 .1604 .1606 .1607 .1610 .1612 .1613 .1616 .1617 .1618 .1621 .1622 .1623 .1627 .1631 .1632 .1634 .1635 .1638 .1640 .1644 .1645 .1650 .1651 .1654 .1655 .1656 .1659 .1661 .1662 .1663 .1664 .1665 .1667 .1672 .1676 .1678 .1679 .1681 .1683 .1687 .1688 .1689 .1697 .1699 .1701 .1702 .1712 .1715 .1716 .1717 .1718 .1719 .1720 .1722 .1723 .1725 .1727 .1731 .1734 .1735 .1736 .1739 .1744 .1746 .1750 .1751 .1752 .1753 .1754 .1755 .1756 .1758 .1762 .1764 .1768 .1769 .1770 .1771 .1772 .1773 .1774 .1775 .1776 .1777 .1778 .1779 .1782 .1783 .1786 .1787 .1789 .1791 .1792 .1793 .1794 .1795 .1797 .1799 .1801 .1802 .1805 .1806 .1807 .1808 .1809 .1810 .1813 .1817 .1818 .1819 .1821 .1824 .1825 .1830 .1831 .1832 .1834 .1835 .1837 .1838 .1840 .1841 .1842 .1843 .1844 .1845 .1847 .1849 .1850 .1855 .1856 .1860 .1862 .1863 .1864 .1866 .1867 .1869 .1874 .1875 .1876 .1878 .1879 .1885 .1886 .1888 .1890 .1892 .1896 .1898 .1901 .1906 .1911 .1914 .1920 .1921 .1925 .1926 .1935 .1936 .1937 .1939 .1940 .1946 .1949 .1953 .1954 .1956 .1957 .1958 .1959 .1964 .1965 .1971 .1973 .1974 .1976 .1977 .1978 .1979 .1980 .1981 .1983 .1985 .1988 .1989 .1991 .1996 .1998 .2000 .2005 .2006 .2009 .2010 .2013 .2014 .2019 .2022 .2023 .2027 .2029 .2030 .2031 .2036 .2037 .2038 .2039 .2041 .2042 .2044 .2045 .2046 .2047 .2048 .2049 .2051 .2052 .2054 .2063 .2064 .2073 .2074 .2075 .2077 .2079 .2083 .2085 .2113 .2114 .2115 .2116 .2118 .2121 .2122 .2123 .2124 .2128 .2130 .2131 .2133 .2134 .2135 .2136 .2139 .2142 .2146 .2148 .2151 .2154 .2157 .2161 .2164 .2165 .2166 .2167 .2173 .2174 .2179 .2180 .2184 .2185 .2186 .2187 .2191 .2192 .2193 .2196 .2198 .2199 .2200 .2207 .2209 .2213 .2215 .2217 .2218 .2219 .2224 .2227 .2230 .2231 .2232 .2233 .2236 .2238 .2239 .2240 .2241 .2242 .2243 .2244 .2245 .2246 .2248 .2252 .2254 .2256 .2258 .2260 .2263 .2265 .2266 .2267 .2270 .2271 .2273 .2276 .2277 .2279 .2280 .2281 .2285 .2286 .2288 .2290 .2291 .2292 .2295 .2300 .2301 .2302 .2303 .2305 .2308 .2310 .2312 .2316 .2318 .2319 .2323 .2325 .2327 .2328 .2329 .2331 .2333 .2335 .2336 .2337 .2341 .2343 .2344 .2345 .2347 .2350 .2352 .2354 .2355 .2357 .2358 .2359 .2360 .2361 .2363 .2365 .2366 .2374 .2375 .2376 .2377 .2378 .2380 .2382 .2383 .2384 .2388 .2389 .2390 .2392 .2393 .2398 .2402 .2403 .2404 .2405 .2409 .2411 .2412 .2414 .2415 .2416 .2420 .2422 .2425 .2426 .2427 .2429 .2433 .2434 .2436 .2438 .2439 .2443 .2445 .2446 .2447 .2448 .2449 .2450 .2451 .2452 .2453 .2454 .2456 .2457 .2458 .2459 .2462 .2464 .2465 .2467 .2474 .2478 .2479 .2481 .2483 .2484 .2485 .2488 .2489 .2490 .2491 .2492 .2493 .2494 .2498 .2500 .2501 .2502 .2503 .2504 .2507 .2509 .2510 .2511 .2515 .2516 .2518 .2519 .2520 .2521 .2522 .2525 .2529 .2531 .2534 .2535 .2536 .2538 .2539 .2540 .2541 .2542 .2544 .2547 .2549 .2552 .2554 .2556 .2559 .2560 .2565 .2569 .2577 .2578 .2579 .2581 .2582 .2587 .2588 .2589 .2590 .2591 .2592 .2593 .2594 .2595 .2596 .2598 .2600 .2602 .2603 .2604 .2605 .2608 .2610 .2612 .2618 .2621 .2622 .2623 .2624 .2626 .2627 .2630 .2631 .2635 .2636 .2637 .2638 .2641 .2644 .2647 .2650 .2655 .2657 .2658 .2660 .2661 .2663 .2665 .2669 .2672 .2674 .2676 .2677 .2679 .2680 .2681 .2683 .2685 .2686 .2690 .2691 .2693 .2694 .2695 .2699 .2701 .2703 .2708 .2710 .2712 .2713 .2714 .2715 .2718 .2719 .2720 .2721 .2722 .2723 .2724 .2726 .2728 .2731 .2733 .2739 .2740 .2741 .2745 .2748 .2749 .2750 .2751 .2752 .2753 .2754 .2756 .2757 .2758 .2763 .2764 .2765 .2767 .2768 .2769 .2772 .2773 .2774 .2775 .2778 .2779 .2780 .2783 .2787 .2789 .2790 .2791 .2792 .2794 .2795 .2798 .2800 .2801 .2802 .2807 .2808 .2815 .2818 .2819 .2820 .2822 .2823 .2825 .2826 .2827 .2828 .2830 .2832 .2836 .2837 .2838 .2839 .2842 .2843 .2844 .2845 .2846 .2852 .2853 .2854 .2855 .2856 .2861 .2866 .2867 .2868 .2869 .2871 .2872 .2874 .2876 .2877 .2878 .2879 .2880 .2882 .2883 .2885 .2886 .2887 .2889 .2890 .2891 .2894 .2895 .2896 .2898 .2899 .2900 .2902 .2903 .2904 .2907 .2909 .2910 .2911 .2912 .2913 .2918 .2919 .2920 .2922 .2923 .2924 .2925 .2926 .2934 .2935 .2938 .2942 .2943 .2944 .2945 .2946 .2947 .2948 .2951 .2953 .2955 .2958 .2960 .2962 .2963 .2965 .2966 .2967 .2971 .2975 .2976 .2978 .2980 .2985 .2986 .2988 .2989 .2990 .2992 .2993 .2994 .2995 .2997 .2998 .3000 .3002 .3004 .3005 .3006 .3007 .3011 .3013 .3014 .3016 .3017 .3020 .3024 .3026 .3028 .3029 .3031 .3032 .3033 .3034 .3035 .3039 .3040 .3041 .3043 .3044 .3047 .3048 .3049 .3051 .3054 .3055 .3057 .3058 .3060 .3061 .3062 .3063 .3067 .3068 .3069 .3070 .3074 .3075 .3078 .3081 .3085 .3088 .3089 .3091 .3098 .3101 .3102 .3104 .3107 .3109 .3112 .3113 .3114 .3118 .3119 .3120 .3121 .3122 .3124 .3125 .3126 .3127 .3130 .3131 .3132 .3134 .3136 .3139 .3143 .3144 .3147 .3148 .3153 .3154 .3155 .3156 .3157 .3159 .3163 .3169 .3171 .3172 .3173 .3174 .3175 .3179 .3181 .3190 .3194 .3195 .3198 .3199 .3201 .3203 .3204 .3207 .3208 .3209 .3210 .3214 .3219 .3221 .3223 .3225 .3226 .3227 .3235 .3236 .3237 .3240 .3241 .3245 .3246 .3249 .3251 .3253 .3254 .3259 .3261 .3262 .3264 .3265 .3268 .3271 .3272 .3273 .3275 .3276 .3277 .3279 .3283 .3287 .3290 .3293 .3294 .3295 .3299 .3300 .3303 .3306 .3307 .3308 .3309 .3314 .3315 .3316 .3317 .3319 .3322 .3324 .3329 .3330 .3331 .3334 .3336 .3337 .3338 .3339 .3340 .3341 .3342 .3343 .3344 .3348 .3352 .3356 .3366 .3368 .3369 .3370 .3371 .3373 .3375 .3376 .3377 .3378 .3379 .3381 .3384 .3385 .3386 .3387 .3388 .3389 .3390 .3391 .3393 .3396 .3397 .3398 .3399 .3400 .3401 .3405 .3406 .3407 .3409 .3412 .3414 .3417 .3419 .3420 .3422 .3425 .3426 .3428 .3429 .3430 .3431 .3433 .3436 .3451 .3455 .3461 .3462 .3464 .3471 .3479 .3482 .3488 .3489 .3495

Select option: 23 
Input the word for collection:
(use generators x1,x2,... and terminate with a semicolon)
The input word is 32 1 
The result of collection is  .91 .96 .98 .111 .137 .140 .146 .151 .152 .158 .203 .207 .208 .213 .214 .218 .219 .226 .227 .231 .235 .239 .243 .247 .252 .254 .268 .310 .311 .312 .316 .319 .321 .323 .326 .329 .330 .334 .336 .338 .342 .345 .346 .347 .349 .350 .353 .354 .355 .361 .363 .365 .366 .367 .373 .376 .387 .388 .393 .395 .398 .399 .417 .431 .450 .483 .484 .485 .486 .487 .488 .491 .492 .493 .497 .501 .502 .508 .509 .512 .513 .515 .516 .518 .520 .522 .523 .524 .526 .527 .531 .532 .537 .538 .542 .543 .544 .545 .546 .547 .552 .556 .557 .560 .562 .564 .565 .566 .567 .570 .571 .572 .573 .575 .577 .581 .582 .583 .584 .586 .588 .590 .593 .594 .596 .599 .600 .608 .620 .622 .623 .626 .627 .628 .629 .630 .637 .639 .640 .642 .643 .647 .648 .649 .651 .653 .657 .661 .662 .664 .668 .671 .680 .681 .682 .684 .688 .689 .707 .718 .734 .743 .744 .758 .786 .792 .796 .798 .799 .800 .802 .803 .809 .810 .814 .815 .817 .819 .820 .821 .826 .827 .828 .829 .831 .832 .833 .835 .836 .837 .838 .840 .842 .844 .845 .846 .847 .853 .854 .856 .857 .859 .860 .861 .862 .863 .865 .866 .869 .872 .878 .880 .881 .886 .887 .888 .889 .896 .897 .899 .902 .903 .911 .912 .916 .917 .923 .925 .926 .927 .935 .936 .940 .943 .945 .946 .952 .955 .965 .966 .968 .969 .971 .973 .974 .975 .976 .981 .984 .985 .986 .988 .989 .992 .993 .996 .997 .998 .1005 .1006 .1007 .1008 .1011 .1015 .1016 .1022 .1023 .1024 .1032 .1033 .1036 .1040 .1043 .1044 .1052 .1055 .1057 .1058 .1061 .1063 .1065 .1068 .1072 .1076 .1077 .1089 .1091 .1097 .1100 .1102 .1103 .1109 .1116 .1122 .1126 .1128 .1129 .1130 .1131 .1133 .1134 .1139 .1141 .1149 .1162 .1163 .1164 .1173 .1176 .1182 .1188 .1190 .1191 .1196 .1209 .1210 .1214 .1221 .1243 .1274 .1276 .1280 .1283 .1284 .1289 .1290 .1291 .1294 .1295 .1299 .1301 .1304 .1305 .1309 .1312 .1314 .1315 .1320 .1321 .1324 .1325 .1326 .1327 .1328 .1329 .1330 .1335 .1336 .1337 .1339 .1341 .1343 .1345 .1347 .1348 .1351 .1352 .1354 .1355 .1357 .1358 .1361 .1365 .1367 .1369 .1371 .1372 .1374 .1377 .1378 .1379 .1381 .1383 .1385 .1386 .1389 .1390 .1391 .1393 .1396 .1397 .1399 .1400 .1401 .1406 .1407 .1408 .1410 .1412 .1413 .1414 .1416 .1419 .1426 .1427 .1428 .1430 .1431 .1434 .1436 .1439 .1441 .1442 .1445 .1446 .1448 .1449 .1452 .1455 .1456 .1459 .1461 .1462 .1463 .1468 .1472 .1475 .1478 .1481 .1483 .1484 .1485 .1488 .1489 .1490 .1491 .1494 .1498 .1499 .1500 .1501 .1502 .1503 .1504 .1505 .1507 .1508 .1510 .1513 .1515 .1516 .1518 .1522 .1523 .1527 .1530 .1531 .1532 .1536 .1539 .1540 .1541 .1543 .1545 .1548 .1550 .1551 .1553 .1556 .1558 .1559 .1560 .1561 .1562 .1565 .1567 .1568 .1569 .1570 .1571 .1574 .1576 .1578 .1580 .1584 .1585 .1586 .1590 .1592 .1593 .1594 .1595 .1597 .1598 .1599 .1600 .1603 .1604 .1605 .1606 .1607 .1614 .1616 .1617 .1619 .1620 .1622 .1624 .1626 .1629 .1630 .1632 .1633 .1634 .1637 .1638 .1641 .1643 .1646 .1649 .1652 .1653 .1654 .1656 .1657 .1658 .1659 .1660 .1662 .1663 .1664 .1665 .1667 .1669 .1674 .1676 .1678 .1679 .1680 .1687 .1691 .1692 .1693 .1699 .1705 .1706 .1710 .1711 .1712 .1714 .1715 .1718 .1719 .1721 .1724 .1725 .1727 .1728 .1729 .1731 .1733 .1734 .1736 .1737 .1742 .1744 .1745 .1748 .1749 .1750 .1753 .1757 .1758 .1759 .1762 .1763 .1765 .1770 .1771 .1774 .1777 .1778 .1779 .1781 .1782 .1785 .1786 .1789 .1791 .1792 .1793 .1794 .1797 .1802 .1804 .1806 .1809 .1811 .1813 .1815 .1817 .1818 .1825 .1828 .1829 .1836 .1839 .1842 .1845 .1846 .1849 .1851 .1853 .1854 .1855 .1856 .1857 .1859 .1861 .1866 .1872 .1873 .1878 .1879 .1884 .1887 .1890 .1891 .1892 .1893 .1896 .1897 .1898 .1899 .1905 .1908 .1909 .1913 .1914 .1921 .1922 .1923 .1929 .1930 .1946 .1947 .1948 .1949 .1950 .1952 .1953 .1954 .1955 .1956 .1958 .1959 .1961 .1966 .1975 .1980 .1981 .1995 .2009 .2012 .2013 .2015 .2016 .2022 .2023 .2025 .2028 .2029 .2030 .2034 .2036 .2038 .2041 .2044 .2115 .2117 .2120 .2121 .2122 .2123 .2128 .2131 .2132 .2134 .2138 .2139 .2140 .2142 .2143 .2146 .2151 .2153 .2160 .2161 .2162 .2163 .2166 .2167 .2170 .2171 .2172 .2174 .2175 .2177 .2178 .2180 .2182 .2183 .2185 .2186 .2188 .2190 .2197 .2198 .2200 .2201 .2205 .2207 .2209 .2210 .2213 .2216 .2218 .2222 .2225 .2226 .2227 .2229 .2230 .2231 .2233 .2235 .2238 .2239 .2242 .2243 .2247 .2248 .2251 .2252 .2253 .2254 .2255 .2256 .2258 .2259 .2260 .2262 .2263 .2265 .2267 .2269 .2271 .2273 .2277 .2279 .2280 .2283 .2287 .2289 .2290 .2294 .2296 .2298 .2301 .2302 .2303 .2304 .2305 .2306 .2308 .2310 .2313 .2314 .2315 .2316 .2318 .2319 .2320 .2321 .2322 .2325 .2327 .2328 .2329 .2332 .2333 .2337 .2338 .2339 .2340 .2342 .2343 .2345 .2346 .2349 .2353 .2354 .2358 .2360 .2365 .2367 .2369 .2374 .2376 .2377 .2379 .2380 .2382 .2385 .2387 .2389 .2393 .2396 .2400 .2401 .2402 .2405 .2406 .2408 .2410 .2412 .2414 .2415 .2416 .2417 .2419 .2420 .2424 .2425 .2426 .2428 .2429 .2430 .2431 .2433 .2434 .2436 .2441 .2442 .2444 .2446 .2447 .2449 .2450 .2451 .2452 .2453 .2455 .2469 .2470 .2471 .2474 .2475 .2476 .2484 .2485 .2486 .2489 .2490 .2491 .2492 .2493 .2494 .2495 .2498 .2500 .2502 .2505 .2511 .2512 .2515 .2517 .2518 .2519 .2525 .2527 .2528 .2532 .2533 .2534 .2535 .2539 .2541 .2542 .2545 .2546 .2547 .2548 .2550 .2551 .2552 .2554 .2558 .2561 .2562 .2564 .2573 .2574 .2577 .2578 .2579 .2580 .2581 .2582 .2583 .2586 .2587 .2589 .2590 .2595 .2597 .2598 .2602 .2603 .2605 .2606 .2608 .2609 .2611 .2613 .2616 .2617 .2618 .2620 .2621 .2623 .2626 .2628 .2629 .2632 .2635 .2636 .2637 .2638 .2640 .2641 .2643 .2646 .2655 .2656 .2659 .2660 .2662 .2663 .2664 .2666 .2667 .2673 .2675 .2676 .2677 .2678 .2681 .2684 .2686 .2687 .2688 .2689 .2690 .2696 .2697 .2698 .2699 .2700 .2701 .2702 .2703 .2705 .2708 .2711 .2713 .2716 .2718 .2720 .2721 .2722 .2724 .2727 .2728 .2730 .2732 .2733 .2735 .2737 .2739 .2743 .2746 .2747 .2749 .2754 .2755 .2757 .2758 .2759 .2760 .2761 .2762 .2766 .2769 .2770 .2771 .2772 .2773 .2774 .2776 .2777 .2782 .2784 .2788 .2790 .2794 .2797 .2799 .2800 .2801 .2804 .2805 .2807 .2808 .2810 .2811 .2812 .2813 .2815 .2818 .2819 .2820 .2823 .2824 .2828 .2832 .2833 .2835 .2837 .2841 .2842 .2843 .2846 .2847 .2848 .2850 .2852 .2853 .2856 .2860 .2861 .2864 .2867 .2869 .2870 .2876 .2879 .2881 .2885 .2886 .2887 .2888 .2891 .2892 .2893 .2895 .2896 .2897 .2901 .2904 .2906 .2909 .2914 .2915 .2916 .2919 .2920 .2922 .2925 .2926 .2930 .2931 .2932 .2933 .2934 .2937 .2938 .2939 .2943 .2945 .2946 .2947 .2949 .2950 .2951 .2953 .2954 .2959 .2961 .2962 .2963 .2964 .2965 .2966 .2968 .2969 .2971 .2972 .2974 .2975 .2978 .2979 .2981 .2982 .2983 .2984 .2985 .2987 .2988 .2989 .2992 .2994 .2995 .3000 .3001 .3002 .3003 .3004 .3005 .3006 .3010 .3014 .3015 .3018 .3019 .3020 .3021 .3023 .3024 .3025 .3028 .3035 .3040 .3042 .3043 .3044 .3047 .3048 .3050 .3051 .3052 .3055 .3056 .3059 .3060 .3061 .3062 .3066 .3069 .3072 .3075 .3079 .3080 .3081 .3082 .3084 .3088 .3092 .3093 .3097 .3101 .3102 .3105 .3106 .3107 .3110 .3112 .3114 .3115 .3119 .3120 .3121 .3124 .3126 .3127 .3128 .3129 .3130 .3131 .3136 .3139 .3141 .3146 .3147 .3150 .3151 .3154 .3156 .3157 .3158 .3159 .3160 .3165 .3168 .3169 .3173 .3181 .3182 .3183 .3185 .3186 .3189 .3192 .3194 .3195 .3196 .3200 .3201 .3202 .3207 .3209 .3218 .3219 .3220 .3223 .3233 .3234 .3235 .3237 .3238 .3242 .3251 .3259 .3260 .3261 .3263 .3264 .3271 .3273 .3274 .3276 .3278 .3279 .3280 .3281 .3282 .3283 .3284 .3286 .3287 .3288 .3291 .3293 .3300 .3302 .3306 .3307 .3308 .3312 .3313 .3315 .3316 .3318 .3319 .3320 .3322 .3324 .3330 .3332 .3335 .3337 .3338 .3343 .3346 .3349 .3366 .3370 .3371 .3372 .3375 .3377 .3378 .3379 .3380 .3383 .3384 .3388 .3389 .3393 .3395 .3398 .3401 .3402 .3404 .3410 .3411 .3412 .3416 .3419 .3423 .3427 .3428 .3429 .3434 .3448 .3463 .3465 .3467

Select option: 23 
Input the word for collection:
(use generators x1,x2,... and terminate with a semicolon)
The input word is 64 1 
The result of collection is  .207 .211 .212 .223 .232 .268 .315 .316 .329 .335 .336 .339 .341 .342 .343 .345 .354 .355 .357 .366 .367 .369 .371 .383 .384 .393 .405 .407 .490 .492 .493 .498 .500 .501 .513 .520 .522 .523 .527 .528 .529 .531 .535 .536 .539 .541 .544 .546 .547 .550 .552 .560 .564 .568 .572 .575 .576 .579 .580 .581 .584 .588 .591 .592 .594 .597 .598 .599 .607 .619 .621 .623 .627 .634 .637 .639 .641 .648 .661 .665 .666 .734 .785 .788 .791 .792 .797 .802 .806 .811 .814 .815 .816 .820 .835 .840 .844 .847 .851 .853 .854 .855 .857 .858 .859 .861 .865 .867 .868 .869 .870 .871 .873 .874 .879 .882 .883 .884 .885 .886 .887 .888 .890 .891 .892 .893 .895 .896 .897 .901 .902 .903 .904 .911 .912 .913 .914 .916 .917 .918 .923 .926 .928 .931 .936 .939 .940 .943 .947 .948 .950 .954 .956 .958 .960 .961 .962 .964 .965 .966 .972 .975 .976 .977 .979 .981 .982 .986 .987 .992 .1005 .1026 .1027 .1029 .1030 .1031 .1034 .1036 .1038 .1040 .1041 .1043 .1051 .1052 .1053 .1054 .1055 .1057 .1058 .1059 .1061 .1062 .1064 .1070 .1072 .1078 .1087 .1089 .1101 .1120 .1122 .1126 .1129 .1171 .1181 .1182 .1205 .1210 .1221 .1276 .1277 .1281 .1284 .1290 .1293 .1299 .1302 .1303 .1304 .1310 .1311 .1316 .1320 .1321 .1325 .1328 .1329 .1334 .1335 .1336 .1337 .1340 .1343 .1348 .1357 .1360 .1361 .1363 .1364 .1365 .1366 .1368 .1371 .1372 .1374 .1375 .1376 .1377 .1379 .1380 .1384 .1391 .1392 .1393 .1396 .1398 .1400 .1404 .1405 .1406 .1407 .1409 .1413 .1414 .1415 .1420 .1421 .1422 .1423 .1427 .1428 .1431 .1432 .1436 .1441 .1444 .1447 .1448 .1449 .1452 .1453 .1456 .1457 .1459 .1462 .1463 .1465 .1466 .1473 .1474 .1475 .1477 .1479 .1480 .1481 .1483 .1484 .1486 .1487 .1489 .1491 .1496 .1498 .1499 .1500 .1502 .1505 .1506 .1507 .1512 .1518 .1521 .1526 .1534 .1536 .1537 .1539 .1541 .1543 .1544 .1545 .1546 .1550 .1551 .1553 .1557 .1558 .1560 .1561 .1562 .1564 .1568 .1571 .1573 .1574 .1575 .1580 .1582 .1587 .1588 .1591 .1592 .1593 .1595 .1598 .1602 .1603 .1604 .1613 .1616 .1617 .1618 .1620 .1621 .1622 .1626 .1628 .1633 .1634 .1635 .1636 .1638 .1639 .1640 .1641 .1642 .1646 .1651 .1653 .1657 .1658 .1660 .1669 .1671 .1673 .1679 .1680 .1686 .1690 .1692 .1695 .1699 .1702 .1704 .1707 .1708 .1718 .1722 .1724 .1725 .1731 .1733 .1736 .1737 .1738 .1742 .1746 .1748 .1750 .1752 .1756 .1758 .1759 .1762 .1764 .1766 .1773 .1776 .1777 .1778 .1779 .1781 .1784 .1788 .1789 .1790 .1791 .1794 .1802 .1803 .1804 .1805 .1806 .1811 .1813 .1821 .1824 .1838 .1843 .1844 .1847 .1853 .1859 .1872 .1874 .1884 .1886 .1890 .1892 .1898 .1945 .1946 .1948 .1951 .1956 .1959 .1972 .1974 .1975 .1977 .1994 .2009 .2011 .2012 .2015 .2016 .2021 .2024 .2028 .2038 .2119 .2123 .2125 .2126 .2129 .2133 .2134 .2137 .2138 .2141 .2144 .2146 .2148 .2150 .2151 .2152 .2153 .2154 .2162 .2163 .2164 .2165 .2172 .2174 .2176 .2177 .2180 .2181 .2183 .2184 .2187 .2189 .2191 .2194 .2195 .2200 .2202 .2205 .2206 .2210 .2212 .2214 .2217 .2218 .2222 .2224 .2225 .2226 .2227 .2228 .2230 .2231 .2233 .2236 .2240 .2241 .2244 .2245 .2246 .2247 .2249 .2251 .2252 .2255 .2256 .2258 .2264 .2267 .2268 .2271 .2272 .2277 .2279 .2282 .2284 .2285 .2287 .2289 .2290 .2291 .2293 .2294 .2295 .2297 .2302 .2304 .2307 .2308 .2310 .2313 .2316 .2321 .2322 .2323 .2325 .2327 .2328 .2329 .2330 .2335 .2338 .2339 .2342 .2343 .2345 .2346 .2353 .2356 .2357 .2358 .2361 .2362 .2363 .2364 .2366 .2367 .2368 .2369 .2370 .2371 .2372 .2373 .2375 .2378 .2380 .2382 .2384 .2387 .2388 .2389 .2390 .2391 .2395 .2396 .2397 .2399 .2400 .2401 .2406 .2410 .2412 .2413 .2414 .2417 .2420 .2421 .2422 .2423 .2425 .2426 .2428 .2429 .2431 .2435 .2438 .2442 .2443 .2445 .2446 .2449 .2450 .2451 .2453 .2457 .2458 .2459 .2462 .2463 .2466 .2467 .2471 .2472 .2473 .2475 .2477 .2480 .2481 .2484 .2485 .2486 .2488 .2489 .2490 .2491 .2493 .2494 .2497 .2498 .2500 .2501 .2502 .2503 .2504 .2507 .2510 .2514 .2515 .2516 .2517 .2519 .2521 .2523 .2531 .2533 .2535 .2537 .2538 .2539 .2540 .2541 .2542 .2543 .2544 .2549 .2550 .2551 .2553 .2554 .2555 .2558 .2559 .2560 .2562 .2567 .2568 .2571 .2572 .2573 .2576 .2577 .2578 .2581 .2582 .2583 .2585 .2586 .2588 .2590 .2592 .2596 .2598 .2605 .2606 .2608 .2614 .2618 .2621 .2622 .2624 .2625 .2626 .2628 .2629 .2630 .2632 .2634 .2636 .2637 .2639 .2640 .2641 .2643 .2644 .2645 .2648 .2650 .2651 .2652 .2653 .2655 .2657 .2658 .2660 .2661 .2664 .2666 .2675 .2676 .2678 .2679 .2680 .2681 .2683 .2684 .2688 .2689 .2690 .2691 .2693 .2694 .2695 .2702 .2714 .2721 .2722 .2723 .2725 .2728 .2729 .2730 .2736 .2737 .2740 .2741 .2743 .2744 .2746 .2747 .2752 .2753 .2755 .2759 .2760 .2769 .2775 .2776 .2777 .2780 .2781 .2783 .2784 .2789 .2795 .2796 .2798 .2803 .2812 .2813 .2814 .2817 .2819 .2820 .2821 .2824 .2826 .2828 .2831 .2832 .2835 .2838 .2847 .2852 .2856 .2863 .2866 .2867 .2868 .2869 .2870 .2871 .2872 .2873 .2876 .2877 .2879 .2882 .2883 .2885 .2886 .2888 .2892 .2893 .2894 .2896 .2902 .2903 .2905 .2906 .2911 .2913 .2914 .2916 .2918 .2921 .2923 .2924 .2927 .2929 .2932 .2933 .2935 .2938 .2939 .2940 .2943 .2944 .2946 .2947 .2948 .2949 .2951 .2956 .2958 .2959 .2965 .2967 .2968 .2969 .2978 .2979 .2981 .2986 .2988 .2992 .2993 .2995 .2996 .3000 .3001 .3006 .3007 .3008 .3013 .3014 .3015 .3020 .3021 .3029 .3030 .3031 .3033 .3036 .3037 .3039 .3043 .3044 .3046 .3047 .3048 .3049 .3053 .3054 .3055 .3059 .3060 .3061 .3062 .3064 .3065 .3066 .3068 .3075 .3076 .3078 .3082 .3086 .3088 .3104 .3105 .3110 .3112 .3114 .3115 .3126 .3129 .3133 .3134 .3139 .3144 .3156 .3157 .3158 .3159 .3160 .3162 .3163 .3164 .3167 .3169 .3177 .3178 .3180 .3185 .3187 .3188 .3189 .3191 .3195 .3199 .3201 .3202 .3203 .3215 .3217 .3224 .3237 .3251 .3259 .3263 .3274 .3276 .3279 .3281 .3282 .3283 .3287 .3288 .3291 .3306 .3307 .3308 .3310 .3312 .3313 .3319 .3321 .3326 .3332 .3366 .3367 .3370 .3371 .3374 .3375 .3376 .3378 .3381 .3385 .3387 .3389 .3390 .3395 .3400 .3405 .3408 .3410 .3411 .3419 .3428 .3461

Select option: 23 
Input the word for collection:
(use generators x1,x2,... and terminate with a semicolon)
The input word is 128 1 
The result of collection is  .810 .816 .817 .851 .857 .858 .866 .867 .869 .872 .873 .895 .898 .901 .902 .913 .914 .938 .939 .942 .943 .944 .945 .950 .988 .1164 .1306 .1312 .1314 .1320 .1323 .1324 .1326 .1327 .1328 .1336 .1337 .1338 .1340 .1342 .1343 .1345 .1346 .1369 .1388 .1389 .1391 .1392 .1403 .1404 .1409 .1410 .1412 .1415 .1416 .1418 .1421 .1422 .1427 .1428 .1429 .1430 .1441 .1442 .1445 .1463 .1467 .1470 .1473 .1477 .1480 .1483 .1486 .1487 .1491 .1495 .1496 .1498 .1501 .1502 .1513 .1517 .1522 .1523 .1537 .1549 .1560 .1561 .1566 .1567 .1570 .1576 .1578 .1583 .1585 .1587 .1588 .1591 .1594 .1602 .1616 .1620 .1622 .1628 .1629 .1630 .1631 .1634 .1636 .1637 .1639 .1649 .1672 .1674 .1678 .1679 .1707 .1709 .1720 .1730 .1733 .1734 .1736 .1744 .1748 .1758 .1762 .1771 .1779 .1780 .1802 .1820 .1840 .1841 .1842 .1946 .1970 .2010 .2136 .2137 .2138 .2144 .2150 .2154 .2158 .2159 .2165 .2176 .2181 .2182 .2184 .2186 .2187 .2188 .2189 .2191 .2195 .2203 .2204 .2205 .2207 .2212 .2213 .2214 .2217 .2218 .2221 .2222 .2224 .2225 .2226 .2227 .2228 .2229 .2231 .2232 .2234 .2235 .2239 .2242 .2243 .2244 .2245 .2246 .2247 .2248 .2249 .2250 .2258 .2259 .2270 .2271 .2272 .2273 .2274 .2281 .2287 .2289 .2290 .2295 .2296 .2299 .2302 .2306 .2307 .2308 .2309 .2317 .2318 .2320 .2325 .2329 .2338 .2340 .2341 .2342 .2344 .2345 .2346 .2348 .2350 .2352 .2353 .2354 .2356 .2357 .2359 .2360 .2369 .2370 .2373 .2374 .2375 .2377 .2379 .2380 .2382 .2384 .2385 .2387 .2389 .2394 .2396 .2397 .2399 .2400 .2403 .2412 .2413 .2414 .2417 .2422 .2424 .2427 .2428 .2429 .2430 .2433 .2434 .2436 .2446 .2451 .2454 .2455 .2458 .2459 .2461 .2462 .2466 .2469 .2470 .2472 .2473 .2480 .2485 .2487 .2489 .2490 .2491 .2492 .2495 .2499 .2500 .2507 .2508 .2509 .2513 .2514 .2517 .2518 .2521 .2522 .2525 .2527 .2528 .2529 .2531 .2535 .2540 .2543 .2550 .2556 .2557 .2560 .2565 .2569 .2577 .2580 .2581 .2588 .2591 .2592 .2595 .2604 .2607 .2617 .2621 .2628 .2631 .2632 .2634 .2637 .2639 .2643 .2645 .2646 .2647 .2650 .2651 .2656 .2663 .2664 .2665 .2666 .2667 .2668 .2670 .2671 .2672 .2674 .2676 .2677 .2681 .2682 .2687 .2688 .2693 .2694 .2695 .2696 .2699 .2706 .2717 .2718 .2727 .2730 .2731 .2735 .2736 .2737 .2741 .2743 .2744 .2745 .2746 .2751 .2757 .2760 .2762 .2764 .2766 .2770 .2773 .2774 .2790 .2796 .2797 .2810 .2811 .2812 .2813 .2816 .2817 .2818 .2819 .2822 .2823 .2829 .2830 .2834 .2868 .2870 .2875 .2882 .2883 .2884 .2886 .2892 .2893 .2897 .2899 .2903 .2904 .2913 .2917 .2921 .2923 .2926 .2927 .2934 .2939 .2951 .2952 .2954 .2958 .2965 .2967 .2968 .2969 .2970 .2972 .2974 .2976 .2979 .2988 .2990 .3001 .3003 .3007 .3020 .3022 .3024 .3029 .3031 .3043 .3047 .3049 .3053 .3060 .3076 .3086 .3103 .3104 .3105 .3106 .3125 .3156 .3158 .3175 .3178 .3179 .3181 .3184 .3187 .3191 .3201 .3216 .3273 .3279 .3282 .3283 .3307 .3308 .3310 .3322 .3365 .3366 .3377 .3379 .3408

Select option: 31 
Exiting from interactive p-Quotient menu

Select option: 6 

Group: G to lower exponent-2 central class 17 has order 2^5928
Computation of next class took 77.60 seconds

Select option: 4 

Group: G to lower exponent-2 central class 17 has order 2^5928

Select option: 8 

Select option: 23 
Input the word for collection:
(use generators x1,x2,... and terminate with a semicolon)
The input word is 8 1 
The result of collection is  .25 .49 .53 .66 .67 .68 .72 .90 .92 .94 .98 .111 .132 .133 .134 .138 .139 .140 .141 .142 .143 .144 .147 .151 .152 .162 .166 .172 .197 .200 .202 .206 .208 .212 .213 .217 .219 .223 .224 .228 .229 .231 .233 .236 .245 .253 .254 .267 .268 .273 .277 .279 .307 .309 .310 .312 .313 .317 .318 .322 .323 .329 .330 .331 .334 .335 .337 .338 .339 .340 .343 .344 .346 .348 .350 .352 .353 .355 .356 .357 .359 .360 .362 .364 .365 .368 .369 .371 .373 .374 .376 .377 .378 .379 .382 .383 .388 .389 .393 .398 .402 .403 .407 .416 .418 .419 .421 .430 .432 .433 .434 .435 .436 .452 .453 .455 .481 .483 .486 .489 .493 .494 .495 .496 .499 .501 .502 .503 .506 .508 .511 .512 .514 .515 .517 .521 .524 .526 .530 .533 .535 .536 .538 .539 .540 .543 .544 .552 .555 .557 .559 .561 .564 .568 .569 .570 .571 .574 .575 .577 .579 .581 .582 .584 .585 .588 .589 .592 .594 .595 .596 .598 .603 .604 .605 .607 .610 .611 .612 .616 .619 .620 .622 .623 .625 .626 .629 .630 .635 .637 .639 .641 .642 .644 .645 .646 .647 .649 .650 .653 .654 .656 .657 .658 .661 .662 .663 .665 .666 .668 .671 .672 .674 .675 .677 .680 .681 .684 .687 .689 .690 .695 .697 .709 .713 .714 .717 .718 .722 .727 .735 .739 .740 .741 .743 .744 .746 .750 .759 .784 .785 .787 .788 .789 .790 .792 .796 .798 .799 .803 .804 .805 .807 .810 .815 .817 .819 .823 .825 .827 .829 .830 .833 .836 .839 .840 .841 .843 .849 .851 .854 .856 .857 .859 .861 .863 .864 .865 .866 .870 .871 .872 .873 .874 .877 .879 .884 .887 .888 .895 .902 .906 .909 .910 .911 .913 .915 .917 .918 .921 .922 .923 .924 .925 .929 .934 .935 .936 .939 .941 .946 .948 .952 .953 .954 .957 .958 .962 .963 .964 .965 .966 .967 .970 .971 .973 .974 .976 .977 .979 .981 .982 .984 .988 .995 .999 .1000 .1002 .1003 .1007 .1009 .1012 .1016 .1017 .1021 .1022 .1023 .1026 .1029 .1031 .1032 .1033 .1036 .1042 .1044 .1046 .1047 .1049 .1050 .1053 .1054 .1058 .1061 .1062 .1064 .1069 .1071 .1074 .1075 .1077 .1078 .1080 .1081 .1082 .1083 .1085 .1086 .1088 .1089 .1090 .1092 .1093 .1097 .1099 .1100 .1102 .1103 .1104 .1106 .1108 .1110 .1111 .1112 .1120 .1121 .1123 .1124 .1125 .1126 .1127 .1132 .1133 .1134 .1139 .1140 .1144 .1147 .1149 .1156 .1161 .1164 .1168 .1171 .1172 .1174 .1175 .1176 .1178 .1180 .1181 .1184 .1186 .1187 .1188 .1193 .1197 .1205 .1207 .1209 .1214 .1215 .1217 .1220 .1221 .1223 .1224 .1225 .1226 .1230 .1231 .1236 .1246 .1248 .1276 .1277 .1280 .1282 .1283 .1284 .1285 .1288 .1293 .1295 .1300 .1301 .1303 .1304 .1307 .1309 .1310 .1313 .1314 .1315 .1316 .1318 .1319 .1324 .1326 .1328 .1331 .1332 .1334 .1335 .1338 .1339 .1342 .1343 .1344 .1345 .1346 .1347 .1348 .1349 .1351 .1353 .1354 .1355 .1356 .1360 .1363 .1364 .1366 .1370 .1371 .1372 .1373 .1375 .1376 .1377 .1378 .1379 .1381 .1383 .1385 .1386 .1389 .1391 .1395 .1396 .1401 .1405 .1406 .1407 .1411 .1413 .1415 .1416 .1417 .1418 .1421 .1422 .1424 .1426 .1427 .1428 .1430 .1432 .1433 .1435 .1437 .1438 .1439 .1442 .1445 .1449 .1450 .1451 .1452 .1453 .1454 .1455 .1456 .1457 .1458 .1460 .1461 .1462 .1463 .1465 .1469 .1470 .1471 .1472 .1473 .1474 .1475 .1476 .1478 .1480 .1481 .1482 .1483 .1485 .1486 .1490 .1493 .1495 .1496 .1497 .1500 .1501 .1502 .1503 .1504 .1506 .1508 .1511 .1512 .1516 .1517 .1518 .1519 .1520 .1522 .1523 .1524 .1526 .1528 .1531 .1532 .1533 .1534 .1535 .1536 .1537 .1539 .1542 .1556 .1557 .1558 .1560 .1561 .1562 .1565 .1566 .1568 .1569 .1570 .1573 .1574 .1575 .1576 .1577 .1580 .1581 .1582 .1585 .1589 .1590 .1591 .1592 .1594 .1597 .1600 .1603 .1604 .1606 .1607 .1610 .1612 .1613 .1616 .1617 .1618 .1621 .1622 .1623 .1627 .1631 .1632 .1634 .1635 .1638 .1640 .1644 .1645 .1650 .1651 .1654 .1655 .1656 .1659 .1661 .1662 .1663 .1664 .1665 .1667 .1672 .1676 .1678 .1679 .1681 .1683 .1687 .1688 .1689 .1697 .1699 .1701 .1702 .1712 .1715 .1716 .1717 .1718 .1719 .1720 .1722 .1723 .1725 .1727 .1731 .1734 .1735 .1736 .1739 .1744 .1746 .1750 .1751 .1752 .1753 .1754 .1755 .1756 .1758 .1762 .1764 .1768 .1769 .1770 .1771 .1772 .1773 .1774 .1775 .1776 .1777 .1778 .1779 .1782 .1783 .1786 .1787 .1789 .1791 .1792 .1793 .1794 .1795 .1797 .1799 .1801 .1802 .1805 .1806 .1807 .1808 .1809 .1810 .1813 .1817 .1818 .1819 .1821 .1824 .1825 .1830 .1831 .1832 .1834 .1835 .1837 .1838 .1840 .1841 .1842 .1843 .1844 .1845 .1847 .1849 .1850 .1855 .1856 .1860 .1862 .1863 .1864 .1866 .1867 .1869 .1874 .1875 .1876 .1878 .1879 .1885 .1886 .1888 .1890 .1892 .1896 .1898 .1901 .1906 .1911 .1914 .1920 .1921 .1925 .1926 .1935 .1936 .1937 .1939 .1940 .1946 .1949 .1953 .1954 .1956 .1957 .1958 .1959 .1964 .1965 .1971 .1973 .1974 .1976 .1977 .1978 .1979 .1980 .1981 .1983 .1985 .1988 .1989 .1991 .1996 .1998 .2000 .2005 .2006 .2009 .2010 .2013 .2014 .2019 .2022 .2023 .2027 .2029 .2030 .2031 .2036 .2037 .2038 .2039 .2041 .2042 .2044 .2045 .2046 .2047 .2048 .2049 .2051 .2052 .2054 .2063 .2064 .2073 .2074 .2075 .2077 .2079 .2083 .2085 .2113 .2114 .2115 .2116 .2118 .2121 .2122 .2123 .2124 .2128 .2130 .2131 .2133 .2134 .2135 .2136 .2139 .2142 .2146 .2148 .2151 .2154 .2157 .2161 .2164 .2165 .2166 .2167 .2173 .2174 .2179 .2180 .2184 .2185 .2186 .2187 .2191 .2192 .2193 .2196 .2198 .2199 .2200 .2207 .2209 .2213 .2215 .2217 .2218 .2219 .2224 .2227 .2230 .2231 .2232 .2233 .2236 .2238 .2239 .2240 .2241 .2242 .2243 .2244 .2245 .2246 .2248 .2252 .2254 .2256 .2258 .2260 .2263 .2265 .2266 .2267 .2270 .2271 .2273 .2276 .2277 .2279 .2280 .2281 .2285 .2286 .2288 .2290 .2291 .2292 .2295 .2300 .2301 .2302 .2303 .2305 .2308 .2310 .2312 .2316 .2318 .2319 .2323 .2325 .2327 .2328 .2329 .2331 .2333 .2335 .2336 .2337 .2341 .2343 .2344 .2345 .2347 .2350 .2352 .2354 .2355 .2357 .2358 .2359 .2360 .2361 .2363 .2365 .2366 .2374 .2375 .2376 .2377 .2378 .2380 .2382 .2383 .2384 .2388 .2389 .2390 .2392 .2393 .2398 .2402 .2403 .2404 .2405 .2409 .2411 .2412 .2414 .2415 .2416 .2420 .2422 .2425 .2426 .2427 .2429 .2433 .2434 .2436 .2438 .2439 .2443 .2445 .2446 .2447 .2448 .2449 .2450 .2451 .2452 .2453 .2454 .2456 .2457 .2458 .2459 .2462 .2464 .2465 .2467 .2474 .2478 .2479 .2481 .2483 .2484 .2485 .2488 .2489 .2490 .2491 .2492 .2493 .2494 .2498 .2500 .2501 .2502 .2503 .2504 .2507 .2509 .2510 .2511 .2515 .2516 .2518 .2519 .2520 .2521 .2522 .2525 .2529 .2531 .2534 .2535 .2536 .2538 .2539 .2540 .2541 .2542 .2544 .2547 .2549 .2552 .2554 .2556 .2559 .2560 .2565 .2569 .2577 .2578 .2579 .2581 .2582 .2587 .2588 .2589 .2590 .2591 .2592 .2593 .2594 .2595 .2596 .2598 .2600 .2602 .2603 .2604 .2605 .2608 .2610 .2612 .2618 .2621 .2622 .2623 .2624 .2626 .2627 .2630 .2631 .2635 .2636 .2637 .2638 .2641 .2644 .2647 .2650 .2655 .2657 .2658 .2660 .2661 .2663 .2665 .2669 .2672 .2674 .2676 .2677 .2679 .2680 .2681 .2683 .2685 .2686 .2690 .2691 .2693 .2694 .2695 .2699 .2701 .2703 .2708 .2710 .2712 .2713 .2714 .2715 .2718 .2719 .2720 .2721 .2722 .2723 .2724 .2726 .2728 .2731 .2733 .2739 .2740 .2741 .2745 .2748 .2749 .2750 .2751 .2752 .2753 .2754 .2756 .2757 .2758 .2763 .2764 .2765 .2767 .2768 .2769 .2772 .2773 .2774 .2775 .2778 .2779 .2780 .2783 .2787 .2789 .2790 .2791 .2792 .2794 .2795 .2798 .2800 .2801 .2802 .2807 .2808 .2815 .2818 .2819 .2820 .2822 .2823 .2825 .2826 .2827 .2828 .2830 .2832 .2836 .2837 .2838 .2839 .2842 .2843 .2844 .2845 .2846 .2852 .2853 .2854 .2855 .2856 .2861 .2866 .2867 .2868 .2869 .2871 .2872 .2874 .2876 .2877 .2878 .2879 .2880 .2882 .2883 .2885 .2886 .2887 .2889 .2890 .2891 .2894 .2895 .2896 .2898 .2899 .2900 .2902 .2903 .2904 .2907 .2909 .2910 .2911 .2912 .2913 .2918 .2919 .2920 .2922 .2923 .2924 .2925 .2926 .2934 .2935 .2938 .2942 .2943 .2944 .2945 .2946 .2947 .2948 .2951 .2953 .2955 .2958 .2960 .2962 .2963 .2965 .2966 .2967 .2971 .2975 .2976 .2978 .2980 .2985 .2986 .2988 .2989 .2990 .2992 .2993 .2994 .2995 .2997 .2998 .3000 .3002 .3004 .3005 .3006 .3007 .3011 .3013 .3014 .3016 .3017 .3020 .3024 .3026 .3028 .3029 .3031 .3032 .3033 .3034 .3035 .3039 .3040 .3041 .3043 .3044 .3047 .3048 .3049 .3051 .3054 .3055 .3057 .3058 .3060 .3061 .3062 .3063 .3067 .3068 .3069 .3070 .3074 .3075 .3078 .3081 .3085 .3088 .3089 .3091 .3098 .3101 .3102 .3104 .3107 .3109 .3112 .3113 .3114 .3118 .3119 .3120 .3121 .3122 .3124 .3125 .3126 .3127 .3130 .3131 .3132 .3134 .3136 .3139 .3143 .3144 .3147 .3148 .3153 .3154 .3155 .3156 .3157 .3159 .3163 .3169 .3171 .3172 .3173 .3174 .3175 .3179 .3181 .3190 .3194 .3195 .3198 .3199 .3201 .3203 .3204 .3207 .3208 .3209 .3210 .3214 .3219 .3221 .3223 .3225 .3226 .3227 .3235 .3236 .3237 .3240 .3241 .3245 .3246 .3249 .3251 .3253 .3254 .3259 .3261 .3262 .3264 .3265 .3268 .3271 .3272 .3273 .3275 .3276 .3277 .3279 .3283 .3287 .3290 .3293 .3294 .3295 .3299 .3300 .3303 .3306 .3307 .3308 .3309 .3314 .3315 .3316 .3317 .3319 .3322 .3324 .3329 .3330 .3331 .3334 .3336 .3337 .3338 .3339 .3340 .3341 .3342 .3343 .3344 .3348 .3352 .3356 .3366 .3368 .3369 .3370 .3371 .3373 .3375 .3376 .3377 .3378 .3379 .3381 .3384 .3385 .3386 .3387 .3388 .3389 .3390 .3391 .3393 .3396 .3397 .3398 .3399 .3400 .3401 .3405 .3406 .3407 .3409 .3412 .3414 .3417 .3419 .3420 .3422 .3425 .3426 .3428 .3429 .3430 .3431 .3433 .3436 .3451 .3455 .3461 .3462 .3464 .3471 .3479 .3482 .3488 .3489 .3495 .3516 .3517 .3518 .3519 .3520 .3523 .3524 .3525 .3527 .3528 .3531 .3532 .3533 .3535 .3540 .3543 .3545 .3546 .3547 .3548 .3549 .3551 .3557 .3559 .3562 .3563 .3565 .3566 .3568 .3570 .3574 .3577 .3579 .3585 .3588 .3589 .3590 .3591 .3593 .3595 .3597 .3598 .3600 .3602 .3605 .3606 .3609 .3615 .3617 .3618 .3619 .3620 .3622 .3623 .3625 .3628 .3630 .3631 .3632 .3633 .3634 .3635 .3636 .3638 .3639 .3640 .3641 .3646 .3647 .3650 .3652 .3654 .3656 .3657 .3659 .3661 .3662 .3663 .3665 .3668 .3670 .3672 .3681 .3684 .3686 .3688 .3689 .3692 .3700 .3701 .3703 .3704 .3706 .3708 .3709 .3710 .3711 .3712 .3713 .3716 .3717 .3723 .3724 .3725 .3727 .3728 .3733 .3737 .3738 .3739 .3743 .3744 .3746 .3747 .3748 .3750 .3751 .3753 .3755 .3756 .3758 .3760 .3762 .3763 .3764 .3765 .3770 .3771 .3772 .3773 .3775 .3776 .3778 .3779 .3782 .3785 .3786 .3794 .3796 .3798 .3799 .3800 .3802 .3803 .3806 .3807 .3808 .3809 .3810 .3812 .3815 .3817 .3821 .3826 .3829 .3830 .3831 .3834 .3835 .3836 .3839 .3843 .3845 .3846 .3848 .3849 .3852 .3853 .3857 .3858 .3862 .3864 .3865 .3867 .3868 .3870 .3873 .3874 .3877 .3879 .3880 .3882 .3885 .3890 .3893 .3894 .3895 .3898 .3899 .3904 .3905 .3909 .3913 .3914 .3915 .3921 .3923 .3925 .3926 .3929 .3931 .3932 .3933 .3934 .3936 .3937 .3939 .3942 .3943 .3944 .3945 .3950 .3952 .3954 .3955 .3956 .3957 .3961 .3962 .3966 .3968 .3970 .3971 .3972 .3975 .3978 .3979 .3982 .3984 .3986 .3987 .3988 .3989 .3991 .3993 .3995 .3996 .3997 .4004 .4008 .4009 .4010 .4011 .4014 .4018 .4020 .4028 .4031 .4034 .4035 .4040 .4041 .4042 .4044 .4045 .4046 .4050 .4051 .4052 .4053 .4054 .4056 .4060 .4061 .4063 .4066 .4067 .4068 .4069 .4071 .4072 .4076 .4079 .4080 .4081 .4085 .4086 .4089 .4090 .4092 .4094 .4095 .4097 .4099 .4100 .4101 .4102 .4103 .4104 .4106 .4107 .4111 .4112 .4115 .4116 .4117 .4119 .4122 .4124 .4126 .4128 .4132 .4133 .4134 .4135 .4137 .4141 .4145 .4146 .4147 .4149 .4150 .4152 .4153 .4154 .4156 .4160 .4163 .4164 .4167 .4168 .4172 .4173 .4174 .4175 .4176 .4181 .4182 .4183 .4193 .4194 .4196 .4202 .4205 .4212 .4213 .4214 .4217 .4218 .4222 .4224 .4225 .4226 .4229 .4234 .4238 .4239 .4245 .4247 .4248 .4249 .4252 .4253 .4256 .4259 .4261 .4262 .4263 .4264 .4265 .4273 .4278 .4279 .4281 .4285 .4294 .4295 .4297 .4298 .4299 .4301 .4303 .4304 .4306 .4313 .4314 .4319 .4320 .4321 .4323 .4325 .4326 .4327 .4329 .4330 .4331 .4332 .4336 .4337 .4341 .4344 .4345 .4346 .4348 .4349 .4351 .4355 .4358 .4360 .4362 .4363 .4367 .4369 .4370 .4373 .4374 .4377 .4378 .4381 .4383 .4385 .4386 .4390 .4393 .4396 .4397 .4399 .4402 .4404 .4407 .4411 .4413 .4415 .4419 .4420 .4422 .4424 .4426 .4428 .4429 .4430 .4431 .4432 .4434 .4436 .4445 .4446 .4449 .4452 .4455 .4458 .4461 .4464 .4468 .4470 .4474 .4477 .4478 .4479 .4480 .4481 .4484 .4485 .4487 .4488 .4490 .4491 .4492 .4493 .4495 .4496 .4497 .4498 .4500 .4502 .4503 .4504 .4509 .4514 .4515 .4516 .4519 .4526 .4527 .4528 .4532 .4536 .4539 .4544 .4546 .4549 .4551 .4553 .4558 .4559 .4560 .4561 .4565 .4569 .4570 .4571 .4572 .4574 .4576 .4577 .4579 .4581 .4582 .4583 .4584 .4586 .4587 .4588 .4593 .4596 .4598 .4599 .4600 .4604 .4605 .4607 .4613 .4622 .4623 .4625 .4626 .4628 .4629 .4630 .4633 .4635 .4636 .4637 .4638 .4639 .4642 .4643 .4645 .4646 .4647 .4648 .4650 .4652 .4653 .4654 .4655 .4658 .4659 .4661 .4662 .4665 .4666 .4669 .4671 .4672 .4674 .4675 .4677 .4679 .4681 .4682 .4683 .4690 .4691 .4693 .4694 .4697 .4699 .4700 .4701 .4702 .4703 .4705 .4706 .4711 .4712 .4714 .4716 .4717 .4718 .4719 .4720 .4721 .4722 .4724 .4732 .4734 .4736 .4737 .4740 .4743 .4744 .4745 .4747 .4750 .4751 .4752 .4753 .4754 .4755 .4756 .4757 .4758 .4763 .4768 .4769 .4770 .4773 .4774 .4776 .4778 .4779 .4781 .4785 .4786 .4787 .4794 .4795 .4796 .4797 .4798 .4801 .4802 .4803 .4804 .4806 .4807 .4808 .4809 .4810 .4812 .4814 .4815 .4816 .4817 .4818 .4822 .4823 .4824 .4827 .4829 .4830 .4832 .4834 .4836 .4841 .4842 .4843 .4849 .4850 .4851 .4853 .4856 .4861 .4865 .4866 .4871 .4872 .4873 .4878 .4879 .4880 .4881 .4882 .4883 .4886 .4890 .4895 .4896 .4899 .4901 .4904 .4906 .4907 .4909 .4911 .4912 .4913 .4914 .4917 .4921 .4922 .4926 .4927 .4930 .4932 .4933 .4934 .4935 .4936 .4938 .4940 .4942 .4943 .4944 .4946 .4952 .4953 .4955 .4956 .4957 .4958 .4960 .4962 .4963 .4964 .4970 .4971 .4972 .4973 .4975 .4979 .4981 .4983 .4984 .4986 .4987 .4989 .4990 .4991 .4992 .4994 .4995 .4999 .5001 .5008 .5014 .5018 .5019 .5020 .5028 .5029 .5031 .5032 .5036 .5038 .5040 .5041 .5043 .5047 .5048 .5052 .5053 .5054 .5057 .5058 .5059 .5060 .5063 .5064 .5068 .5071 .5077 .5079 .5080 .5081 .5083 .5084 .5085 .5086 .5088 .5090 .5094 .5096 .5097 .5098 .5100 .5103 .5104 .5105 .5106 .5107 .5109 .5112 .5113 .5114 .5116 .5118 .5121 .5122 .5125 .5127 .5132 .5137 .5141 .5142 .5144 .5145 .5146 .5147 .5148 .5149 .5150 .5151 .5153 .5154 .5155 .5159 .5160 .5162 .5163 .5165 .5167 .5168 .5169 .5170 .5173 .5175 .5177 .5178 .5180 .5182 .5183 .5184 .5185 .5186 .5187 .5191 .5199 .5200 .5202 .5203 .5204 .5205 .5206 .5207 .5208 .5212 .5214 .5216 .5218 .5219 .5220 .5225 .5227 .5228 .5230 .5231 .5233 .5235 .5236 .5237 .5241 .5242 .5243 .5244 .5248 .5250 .5253 .5254 .5257 .5258 .5262 .5264 .5265 .5268 .5272 .5273 .5274 .5277 .5278 .5279 .5286 .5287 .5290 .5291 .5293 .5294 .5299 .5300 .5307 .5308 .5314 .5317 .5320 .5321 .5322 .5323 .5325 .5327 .5328 .5329 .5331 .5332 .5337 .5338 .5339 .5340 .5341 .5342 .5343 .5344 .5345 .5347 .5348 .5349 .5351 .5354 .5356 .5357 .5359 .5360 .5361 .5362 .5363 .5364 .5366 .5368 .5370 .5371 .5374 .5376 .5377 .5380 .5381 .5382 .5384 .5385 .5388 .5389 .5393 .5394 .5398 .5399 .5403 .5406 .5409 .5411 .5412 .5413 .5416 .5419 .5420 .5424 .5425 .5426 .5427 .5429 .5430 .5431 .5433 .5435 .5436 .5438 .5439 .5440 .5441 .5442 .5443 .5444 .5447 .5448 .5450 .5453 .5455 .5456 .5459 .5464 .5465 .5466 .5468 .5470 .5475 .5476 .5478 .5483 .5484 .5485 .5489 .5491 .5495 .5498 .5499 .5500 .5501 .5502 .5503 .5504 .5506 .5507 .5508 .5509 .5513 .5514 .5516 .5520 .5524 .5525 .5527 .5528 .5529 .5531 .5532 .5535 .5536 .5537 .5540 .5545 .5548 .5549 .5557 .5559 .5560 .5561 .5562 .5563 .5565 .5568 .5569 .5570 .5573 .5574 .5575 .5579 .5582 .5583 .5584 .5589 .5590 .5592 .5593 .5594 .5595 .5596 .5598 .5604 .5609 .5610 .5612 .5614 .5615 .5616 .5617 .5621 .5622 .5625 .5626 .5631 .5632 .5637 .5638 .5639 .5641 .5642 .5645 .5648 .5651 .5653 .5657 .5659 .5661 .5663 .5665 .5666 .5667 .5669 .5671 .5672 .5673 .5674 .5675 .5676 .5677 .5678 .5680 .5681 .5685 .5689 .5690 .5692 .5693 .5697 .5701 .5706 .5707 .5711 .5712 .5715 .5716 .5723 .5725 .5726 .5731 .5732 .5735 .5736 .5737 .5742 .5744 .5745 .5750 .5751 .5753 .5754 .5755 .5757 .5758 .5759 .5761 .5765 .5767 .5768 .5769 .5771 .5777 .5778 .5779 .5780 .5783 .5784 .5785 .5786 .5788 .5789 .5791 .5792 .5793 .5799 .5800 .5802 .5804 .5806 .5811 .5812 .5813 .5824 .5830 .5832 .5833 .5834 .5844 .5848 .5851 .5852 .5853 .5854 .5858 .5859 .5860 .5866 .5868 .5872 .5877 .5878 .5880 .5883 .5884 .5894 .5898 .5905 .5907

Select option: 23 
Input the word for collection:
(use generators x1,x2,... and terminate with a semicolon)
The input word is 16 1 
The result of collection is  .49 .53 .66 .67 .68 .72 .90 .92 .94 .98 .111 .132 .133 .134 .138 .139 .140 .141 .142 .143 .144 .147 .151 .152 .162 .166 .172 .197 .200 .202 .206 .208 .212 .213 .217 .219 .223 .224 .228 .229 .231 .233 .236 .245 .253 .254 .267 .268 .273 .277 .279 .307 .309 .310 .312 .313 .317 .318 .322 .323 .329 .330 .331 .334 .335 .337 .338 .339 .340 .343 .344 .346 .348 .350 .352 .353 .355 .356 .357 .359 .360 .362 .364 .365 .368 .369 .371 .373 .374 .376 .377 .378 .379 .382 .383 .388 .389 .393 .398 .402 .403 .407 .416 .418 .419 .421 .430 .432 .433 .434 .435 .436 .452 .453 .455 .481 .483 .486 .489 .493 .494 .495 .496 .499 .501 .502 .503 .506 .508 .511 .512 .514 .515 .517 .521 .524 .526 .530 .533 .535 .536 .538 .539 .540 .543 .544 .552 .555 .557 .559 .561 .564 .568 .569 .570 .571 .574 .575 .577 .579 .581 .582 .584 .585 .588 .589 .592 .594 .595 .596 .598 .603 .604 .605 .607 .610 .611 .612 .616 .619 .620 .622 .623 .625 .626 .629 .630 .635 .637 .639 .641 .642 .644 .645 .646 .647 .649 .650 .653 .654 .656 .657 .658 .661 .662 .663 .665 .666 .668 .671 .672 .674 .675 .677 .680 .681 .684 .687 .689 .690 .695 .697 .709 .713 .714 .717 .718 .722 .727 .735 .739 .740 .741 .743 .744 .746 .750 .759 .784 .785 .787 .788 .789 .790 .792 .796 .798 .799 .803 .804 .805 .807 .810 .815 .817 .819 .823 .825 .827 .829 .830 .833 .836 .839 .840 .841 .843 .849 .851 .854 .856 .857 .859 .861 .863 .864 .865 .866 .870 .871 .872 .873 .874 .877 .879 .884 .887 .888 .895 .902 .906 .909 .910 .911 .913 .915 .917 .918 .921 .922 .923 .924 .925 .929 .934 .935 .936 .939 .941 .946 .948 .952 .953 .954 .957 .958 .962 .963 .964 .965 .966 .967 .970 .971 .973 .974 .976 .977 .979 .981 .982 .984 .988 .995 .999 .1000 .1002 .1003 .1007 .1009 .1012 .1016 .1017 .1021 .1022 .1023 .1026 .1029 .1031 .1032 .1033 .1036 .1042 .1044 .1046 .1047 .1049 .1050 .1053 .1054 .1058 .1061 .1062 .1064 .1069 .1071 .1074 .1075 .1077 .1078 .1080 .1081 .1082 .1083 .1085 .1086 .1088 .1089 .1090 .1092 .1093 .1097 .1099 .1100 .1102 .1103 .1104 .1106 .1108 .1110 .1111 .1112 .1120 .1121 .1123 .1124 .1125 .1126 .1127 .1132 .1133 .1134 .1139 .1140 .1144 .1147 .1149 .1156 .1161 .1164 .1168 .1171 .1172 .1174 .1175 .1176 .1178 .1180 .1181 .1184 .1186 .1187 .1188 .1193 .1197 .1205 .1207 .1209 .1214 .1215 .1217 .1220 .1221 .1223 .1224 .1225 .1226 .1230 .1231 .1236 .1246 .1248 .1276 .1277 .1280 .1282 .1283 .1284 .1285 .1288 .1293 .1295 .1300 .1301 .1303 .1304 .1307 .1309 .1310 .1313 .1314 .1315 .1316 .1318 .1319 .1324 .1326 .1328 .1331 .1332 .1334 .1335 .1338 .1339 .1342 .1343 .1344 .1345 .1346 .1347 .1348 .1349 .1351 .1353 .1354 .1355 .1356 .1360 .1363 .1364 .1366 .1370 .1371 .1372 .1373 .1375 .1376 .1377 .1378 .1379 .1381 .1383 .1385 .1386 .1389 .1391 .1395 .1396 .1401 .1405 .1406 .1407 .1411 .1413 .1415 .1416 .1417 .1418 .1421 .1422 .1424 .1426 .1427 .1428 .1430 .1432 .1433 .1435 .1437 .1438 .1439 .1442 .1445 .1449 .1450 .1451 .1452 .1453 .1454 .1455 .1456 .1457 .1458 .1460 .1461 .1462 .1463 .1465 .1469 .1470 .1471 .1472 .1473 .1474 .1475 .1476 .1478 .1480 .1481 .1482 .1483 .1485 .1486 .1490 .1493 .1495 .1496 .1497 .1500 .1501 .1502 .1503 .1504 .1506 .1508 .1511 .1512 .1516 .1517 .1518 .1519 .1520 .1522 .1523 .1524 .1526 .1528 .1531 .1532 .1533 .1534 .1535 .1536 .1537 .1539 .1542 .1556 .1557 .1558 .1560 .1561 .1562 .1565 .1566 .1568 .1569 .1570 .1573 .1574 .1575 .1576 .1577 .1580 .1581 .1582 .1585 .1589 .1590 .1591 .1592 .1594 .1597 .1600 .1603 .1604 .1606 .1607 .1610 .1612 .1613 .1616 .1617 .1618 .1621 .1622 .1623 .1627 .1631 .1632 .1634 .1635 .1638 .1640 .1644 .1645 .1650 .1651 .1654 .1655 .1656 .1659 .1661 .1662 .1663 .1664 .1665 .1667 .1672 .1676 .1678 .1679 .1681 .1683 .1687 .1688 .1689 .1697 .1699 .1701 .1702 .1712 .1715 .1716 .1717 .1718 .1719 .1720 .1722 .1723 .1725 .1727 .1731 .1734 .1735 .1736 .1739 .1744 .1746 .1750 .1751 .1752 .1753 .1754 .1755 .1756 .1758 .1762 .1764 .1768 .1769 .1770 .1771 .1772 .1773 .1774 .1775 .1776 .1777 .1778 .1779 .1782 .1783 .1786 .1787 .1789 .1791 .1792 .1793 .1794 .1795 .1797 .1799 .1801 .1802 .1805 .1806 .1807 .1808 .1809 .1810 .1813 .1817 .1818 .1819 .1821 .1824 .1825 .1830 .1831 .1832 .1834 .1835 .1837 .1838 .1840 .1841 .1842 .1843 .1844 .1845 .1847 .1849 .1850 .1855 .1856 .1860 .1862 .1863 .1864 .1866 .1867 .1869 .1874 .1875 .1876 .1878 .1879 .1885 .1886 .1888 .1890 .1892 .1896 .1898 .1901 .1906 .1911 .1914 .1920 .1921 .1925 .1926 .1935 .1936 .1937 .1939 .1940 .1946 .1949 .1953 .1954 .1956 .1957 .1958 .1959 .1964 .1965 .1971 .1973 .1974 .1976 .1977 .1978 .1979 .1980 .1981 .1983 .1985 .1988 .1989 .1991 .1996 .1998 .2000 .2005 .2006 .2009 .2010 .2013 .2014 .2019 .2022 .2023 .2027 .2029 .2030 .2031 .2036 .2037 .2038 .2039 .2041 .2042 .2044 .2045 .2046 .2047 .2048 .2049 .2051 .2052 .2054 .2063 .2064 .2073 .2074 .2075 .2077 .2079 .2083 .2085 .2113 .2114 .2115 .2116 .2118 .2121 .2122 .2123 .2124 .2128 .2130 .2131 .2133 .2134 .2135 .2136 .2139 .2142 .2146 .2148 .2151 .2154 .2157 .2161 .2164 .2165 .2166 .2167 .2173 .2174 .2179 .2180 .2184 .2185 .2186 .2187 .2191 .2192 .2193 .2196 .2198 .2199 .2200 .2207 .2209 .2213 .2215 .2217 .2218 .2219 .2224 .2227 .2230 .2231 .2232 .2233 .2236 .2238 .2239 .2240 .2241 .2242 .2243 .2244 .2245 .2246 .2248 .2252 .2254 .2256 .2258 .2260 .2263 .2265 .2266 .2267 .2270 .2271 .2273 .2276 .2277 .2279 .2280 .2281 .2285 .2286 .2288 .2290 .2291 .2292 .2295 .2300 .2301 .2302 .2303 .2305 .2308 .2310 .2312 .2316 .2318 .2319 .2323 .2325 .2327 .2328 .2329 .2331 .2333 .2335 .2336 .2337 .2341 .2343 .2344 .2345 .2347 .2350 .2352 .2354 .2355 .2357 .2358 .2359 .2360 .2361 .2363 .2365 .2366 .2374 .2375 .2376 .2377 .2378 .2380 .2382 .2383 .2384 .2388 .2389 .2390 .2392 .2393 .2398 .2402 .2403 .2404 .2405 .2409 .2411 .2412 .2414 .2415 .2416 .2420 .2422 .2425 .2426 .2427 .2429 .2433 .2434 .2436 .2438 .2439 .2443 .2445 .2446 .2447 .2448 .2449 .2450 .2451 .2452 .2453 .2454 .2456 .2457 .2458 .2459 .2462 .2464 .2465 .2467 .2474 .2478 .2479 .2481 .2483 .2484 .2485 .2488 .2489 .2490 .2491 .2492 .2493 .2494 .2498 .2500 .2501 .2502 .2503 .2504 .2507 .2509 .2510 .2511 .2515 .2516 .2518 .2519 .2520 .2521 .2522 .2525 .2529 .2531 .2534 .2535 .2536 .2538 .2539 .2540 .2541 .2542 .2544 .2547 .2549 .2552 .2554 .2556 .2559 .2560 .2565 .2569 .2577 .2578 .2579 .2581 .2582 .2587 .2588 .2589 .2590 .2591 .2592 .2593 .2594 .2595 .2596 .2598 .2600 .2602 .2603 .2604 .2605 .2608 .2610 .2612 .2618 .2621 .2622 .2623 .2624 .2626 .2627 .2630 .2631 .2635 .2636 .2637 .2638 .2641 .2644 .2647 .2650 .2655 .2657 .2658 .2660 .2661 .2663 .2665 .2669 .2672 .2674 .2676 .2677 .2679 .2680 .2681 .2683 .2685 .2686 .2690 .2691 .2693 .2694 .2695 .2699 .2701 .2703 .2708 .2710 .2712 .2713 .2714 .2715 .2718 .2719 .2720 .2721 .2722 .2723 .2724 .2726 .2728 .2731 .2733 .2739 .2740 .2741 .2745 .2748 .2749 .2750 .2751 .2752 .2753 .2754 .2756 .2757 .2758 .2763 .2764 .2765 .2767 .2768 .2769 .2772 .2773 .2774 .2775 .2778 .2779 .2780 .2783 .2787 .2789 .2790 .2791 .2792 .2794 .2795 .2798 .2800 .2801 .2802 .2807 .2808 .2815 .2818 .2819 .2820 .2822 .2823 .2825 .2826 .2827 .2828 .2830 .2832 .2836 .2837 .2838 .2839 .2842 .2843 .2844 .2845 .2846 .2852 .2853 .2854 .2855 .2856 .2861 .2866 .2867 .2868 .2869 .2871 .2872 .2874 .2876 .2877 .2878 .2879 .2880 .2882 .2883 .2885 .2886 .2887 .2889 .2890 .2891 .2894 .2895 .2896 .2898 .2899 .2900 .2902 .2903 .2904 .2907 .2909 .2910 .2911 .2912 .2913 .2918 .2919 .2920 .2922 .2923 .2924 .2925 .2926 .2934 .2935 .2938 .2942 .2943 .2944 .2945 .2946 .2947 .2948 .2951 .2953 .2955 .2958 .2960 .2962 .2963 .2965 .2966 .2967 .2971 .2975 .2976 .2978 .2980 .2985 .2986 .2988 .2989 .2990 .2992 .2993 .2994 .2995 .2997 .2998 .3000 .3002 .3004 .3005 .3006 .3007 .3011 .3013 .3014 .3016 .3017 .3020 .3024 .3026 .3028 .3029 .3031 .3032 .3033 .3034 .3035 .3039 .3040 .3041 .3043 .3044 .3047 .3048 .3049 .3051 .3054 .3055 .3057 .3058 .3060 .3061 .3062 .3063 .3067 .3068 .3069 .3070 .3074 .3075 .3078 .3081 .3085 .3088 .3089 .3091 .3098 .3101 .3102 .3104 .3107 .3109 .3112 .3113 .3114 .3118 .3119 .3120 .3121 .3122 .3124 .3125 .3126 .3127 .3130 .3131 .3132 .3134 .3136 .3139 .3143 .3144 .3147 .3148 .3153 .3154 .3155 .3156 .3157 .3159 .3163 .3169 .3171 .3172 .3173 .3174 .3175 .3179 .3181 .3190 .3194 .3195 .3198 .3199 .3201 .3203 .3204 .3207 .3208 .3209 .3210 .3214 .3219 .3221 .3223 .3225 .3226 .3227 .3235 .3236 .3237 .3240 .3241 .3245 .3246 .3249 .3251 .3253 .3254 .3259 .3261 .3262 .3264 .3265 .3268 .3271 .3272 .3273 .3275 .3276 .3277 .3279 .3283 .3287 .3290 .3293 .3294 .3295 .3299 .3300 .3303 .3306 .3307 .3308 .3309 .3314 .3315 .3316 .3317 .3319 .3322 .3324 .3329 .3330 .3331 .3334 .3336 .3337 .3338 .3339 .3340 .3341 .3342 .3343 .3344 .3348 .3352 .3356 .3366 .3368 .3369 .3370 .3371 .3373 .3375 .3376 .3377 .3378 .3379 .3381 .3384 .3385 .3386 .3387 .3388 .3389 .3390 .3391 .3393 .3396 .3397 .3398 .3399 .3400 .3401 .3405 .3406 .3407 .3409 .3412 .3414 .3417 .3419 .3420 .3422 .3425 .3426 .3428 .3429 .3430 .3431 .3433 .3436 .3451 .3455 .3461 .3462 .3464 .3471 .3479 .3482 .3488 .3489 .3495 .3516 .3517 .3518 .3519 .3520 .3523 .3524 .3525 .3527 .3528 .3531 .3532 .3533 .3535 .3540 .3543 .3545 .3546 .3547 .3548 .3549 .3551 .3557 .3559 .3562 .3563 .3565 .3566 .3568 .3570 .3574 .3577 .3579 .3585 .3588 .3589 .3590 .3591 .3593 .3595 .3597 .3598 .3600 .3602 .3605 .3606 .3609 .3615 .3617 .3618 .3619 .3620 .3622 .3623 .3625 .3628 .3630 .3631 .3632 .3633 .3634 .3635 .3636 .3638 .3639 .3640 .3641 .3646 .3647 .3650 .3652 .3654 .3656 .3657 .3659 .3661 .3662 .3663 .3665 .3668 .3670 .3672 .3681 .3684 .3686 .3688 .3689 .3692 .3700 .3701 .3703 .3704 .3706 .3708 .3709 .3710 .3711 .3712 .3713 .3716 .3717 .3723 .3724 .3725 .3727 .3728 .3733 .3737 .3738 .3739 .3743 .3744 .3746 .3747 .3748 .3750 .3751 .3753 .3755 .3756 .3758 .3760 .3762 .3763 .3764 .3765 .3770 .3771 .3772 .3773 .3775 .3776 .3778 .3779 .3782 .3785 .3786 .3794 .3796 .3798 .3799 .3800 .3802 .3803 .3806 .3807 .3808 .3809 .3810 .3812 .3815 .3817 .3821 .3826 .3829 .3830 .3831 .3834 .3835 .3836 .3839 .3843 .3845 .3846 .3848 .3849 .3852 .3853 .3857 .3858 .3862 .3864 .3865 .3867 .3868 .3870 .3873 .3874 .3877 .3879 .3880 .3882 .3885 .3890 .3893 .3894 .3895 .3898 .3899 .3904 .3905 .3909 .3913 .3914 .3915 .3921 .3923 .3925 .3926 .3929 .3931 .3932 .3933 .3934 .3936 .3937 .3939 .3942 .3943 .3944 .3945 .3950 .3952 .3954 .3955 .3956 .3957 .3961 .3962 .3966 .3968 .3970 .3971 .3972 .3975 .3978 .3979 .3982 .3984 .3986 .3987 .3988 .3989 .3991 .3993 .3995 .3996 .3997 .4004 .4008 .4009 .4010 .4011 .4014 .4018 .4020 .4028 .4031 .4034 .4035 .4040 .4041 .4042 .4044 .4045 .4046 .4050 .4051 .4052 .4053 .4054 .4056 .4060 .4061 .4063 .4066 .4067 .4068 .4069 .4071 .4072 .4076 .4079 .4080 .4081 .4085 .4086 .4089 .4090 .4092 .4094 .4095 .4097 .4099 .4100 .4101 .4102 .4103 .4104 .4106 .4107 .4111 .4112 .4115 .4116 .4117 .4119 .4122 .4124 .4126 .4128 .4132 .4133 .4134 .4135 .4137 .4141 .4145 .4146 .4147 .4149 .4150 .4152 .4153 .4154 .4156 .4160 .4163 .4164 .4167 .4168 .4172 .4173 .4174 .4175 .4176 .4181 .4182 .4183 .4193 .4194 .4196 .4202 .4205 .4212 .4213 .4214 .4217 .4218 .4222 .4224 .4225 .4226 .4229 .4234 .4238 .4239 .4245 .4247 .4248 .4249 .4252 .4253 .4256 .4259 .4261 .4262 .4263 .4264 .4265 .4273 .4278 .4279 .4281 .4285 .4294 .4295 .4297 .4298 .4299 .4301 .4303 .4304 .4306 .4313 .4314 .4319 .4320 .4321 .4323 .4325 .4326 .4327 .4329 .4330 .4331 .4332 .4336 .4337 .4341 .4344 .4345 .4346 .4348 .4349 .4351 .4355 .4358 .4360 .4362 .4363 .4367 .4369 .4370 .4373 .4374 .4377 .4378 .4381 .4383 .4385 .4386 .4390 .4393 .4396 .4397 .4399 .4402 .4404 .4407 .4411 .4413 .4415 .4419 .4420 .4422 .4424 .4426 .4428 .4429 .4430 .4431 .4432 .4434 .4436 .4445 .4446 .4449 .4452 .4455 .4458 .4461 .4464 .4468 .4470 .4474 .4477 .4478 .4479 .4480 .4481 .4484 .4485 .4487 .4488 .4490 .4491 .4492 .4493 .4495 .4496 .4497 .4498 .4500 .4502 .4503 .4504 .4509 .4514 .4515 .4516 .4519 .4526 .4527 .4528 .4532 .4536 .4539 .4544 .4546 .4549 .4551 .4553 .4558 .4559 .4560 .4561 .4565 .4569 .4570 .4571 .4572 .4574 .4576 .4577 .4579 .4581 .4582 .4583 .4584 .4586 .4587 .4588 .4593 .4596 .4598 .4599 .4600 .4604 .4605 .4607 .4613 .4622 .4623 .4625 .4626 .4628 .4629 .4630 .4633 .4635 .4636 .4637 .4638 .4639 .4642 .4643 .4645 .4646 .4647 .4648 .4650 .4652 .4653 .4654 .4655 .4658 .4659 .4661 .4662 .4665 .4666 .4669 .4671 .4672 .4674 .4675 .4677 .4679 .4681 .4682 .4683 .4690 .4691 .4693 .4694 .4697 .4699 .4700 .4701 .4702 .4703 .4705 .4706 .4711 .4712 .4714 .4716 .4717 .4718 .4719 .4720 .4721 .4722 .4724 .4732 .4734 .4736 .4737 .4740 .4743 .4744 .4745 .4747 .4750 .4751 .4752 .4753 .4754 .4755 .4756 .4757 .4758 .4763 .4768 .4769 .4770 .4773 .4774 .4776 .4778 .4779 .4781 .4785 .4786 .4787 .4794 .4795 .4796 .4797 .4798 .4801 .4802 .4803 .4804 .4806 .4807 .4808 .4809 .4810 .4812 .4814 .4815 .4816 .4817 .4818 .4822 .4823 .4824 .4827 .4829 .4830 .4832 .4834 .4836 .4841 .4842 .4843 .4849 .4850 .4851 .4853 .4856 .4861 .4865 .4866 .4871 .4872 .4873 .4878 .4879 .4880 .4881 .4882 .4883 .4886 .4890 .4895 .4896 .4899 .4901 .4904 .4906 .4907 .4909 .4911 .4912 .4913 .4914 .4917 .4921 .4922 .4926 .4927 .4930 .4932 .4933 .4934 .4935 .4936 .4938 .4940 .4942 .4943 .4944 .4946 .4952 .4953 .4955 .4956 .4957 .4958 .4960 .4962 .4963 .4964 .4970 .4971 .4972 .4973 .4975 .4979 .4981 .4983 .4984 .4986 .4987 .4989 .4990 .4991 .4992 .4994 .4995 .4999 .5001 .5008 .5014 .5018 .5019 .5020 .5028 .5029 .5031 .5032 .5036 .5038 .5040 .5041 .5043 .5047 .5048 .5052 .5053 .5054 .5057 .5058 .5059 .5060 .5063 .5064 .5068 .5071 .5077 .5079 .5080 .5081 .5083 .5084 .5085 .5086 .5088 .5090 .5094 .5096 .5097 .5098 .5100 .5103 .5104 .5105 .5106 .5107 .5109 .5112 .5113 .5114 .5116 .5118 .5121 .5122 .5125 .5127 .5132 .5137 .5141 .5142 .5144 .5145 .5146 .5147 .5148 .5149 .5150 .5151 .5153 .5154 .5155 .5159 .5160 .5162 .5163 .5165 .5167 .5168 .5169 .5170 .5173 .5175 .5177 .5178 .5180 .5182 .5183 .5184 .5185 .5186 .5187 .5191 .5199 .5200 .5202 .5203 .5204 .5205 .5206 .5207 .5208 .5212 .5214 .5216 .5218 .5219 .5220 .5225 .5227 .5228 .5230 .5231 .5233 .5235 .5236 .5237 .5241 .5242 .5243 .5244 .5248 .5250 .5253 .5254 .5257 .5258 .5262 .5264 .5265 .5268 .5272 .5273 .5274 .5277 .5278 .5279 .5286 .5287 .5290 .5291 .5293 .5294 .5299 .5300 .5307 .5308 .5314 .5317 .5320 .5321 .5322 .5323 .5325 .5327 .5328 .5329 .5331 .5332 .5337 .5338 .5339 .5340 .5341 .5342 .5343 .5344 .5345 .5347 .5348 .5349 .5351 .5354 .5356 .5357 .5359 .5360 .5361 .5362 .5363 .5364 .5366 .5368 .5370 .5371 .5374 .5376 .5377 .5380 .5381 .5382 .5384 .5385 .5388 .5389 .5393 .5394 .5398 .5399 .5403 .5406 .5409 .5411 .5412 .5413 .5416 .5419 .5420 .5424 .5425 .5426 .5427 .5429 .5430 .5431 .5433 .5435 .5436 .5438 .5439 .5440 .5441 .5442 .5443 .5444 .5447 .5448 .5450 .5453 .5455 .5456 .5459 .5464 .5465 .5466 .5468 .5470 .5475 .5476 .5478 .5483 .5484 .5485 .5489 .5491 .5495 .5498 .5499 .5500 .5501 .5502 .5503 .5504 .5506 .5507 .5508 .5509 .5513 .5514 .5516 .5520 .5524 .5525 .5527 .5528 .5529 .5531 .5532 .5535 .5536 .5537 .5540 .5545 .5548 .5549 .5557 .5559 .5560 .5561 .5562 .5563 .5565 .5568 .5569 .5570 .5573 .5574 .5575 .5579 .5582 .5583 .5584 .5589 .5590 .5592 .5593 .5594 .5595 .5596 .5598 .5604 .5609 .5610 .5612 .5614 .5615 .5616 .5617 .5621 .5622 .5625 .5626 .5631 .5632 .5637 .5638 .5639 .5641 .5642 .5645 .5648 .5651 .5653 .5657 .5659 .5661 .5663 .5665 .5666 .5667 .5669 .5671 .5672 .5673 .5674 .5675 .5676 .5677 .5678 .5680 .5681 .5685 .5689 .5690 .5692 .5693 .5697 .5701 .5706 .5707 .5711 .5712 .5715 .5716 .5723 .5725 .5726 .5731 .5732 .5735 .5736 .5737 .5742 .5744 .5745 .5750 .5751 .5753 .5754 .5755 .5757 .5758 .5759 .5761 .5765 .5767 .5768 .5769 .5771 .5777 .5778 .5779 .5780 .5783 .5784 .5785 .5786 .5788 .5789 .5791 .5792 .5793 .5799 .5800 .5802 .5804 .5806 .5811 .5812 .5813 .5824 .5830 .5832 .5833 .5834 .5844 .5848 .5851 .5852 .5853 .5854 .5858 .5859 .5860 .5866 .5868 .5872 .5877 .5878 .5880 .5883 .5884 .5894 .5898 .5905 .5907

Select option: 23 
Input the word for collection:
(use generators x1,x2,... and terminate with a semicolon)
The input word is 32 1 
The result of collection is  .91 .96 .98 .111 .137 .140 .146 .151 .152 .158 .203 .207 .208 .213 .214 .218 .219 .226 .227 .231 .235 .239 .243 .247 .252 .254 .268 .310 .311 .312 .316 .319 .321 .323 .326 .329 .330 .334 .336 .338 .342 .345 .346 .347 .349 .350 .353 .354 .355 .361 .363 .365 .366 .367 .373 .376 .387 .388 .393 .395 .398 .399 .417 .431 .450 .483 .484 .485 .486 .487 .488 .491 .492 .493 .497 .501 .502 .508 .509 .512 .513 .515 .516 .518 .520 .522 .523 .524 .526 .527 .531 .532 .537 .538 .542 .543 .544 .545 .546 .547 .552 .556 .557 .560 .562 .564 .565 .566 .567 .570 .571 .572 .573 .575 .577 .581 .582 .583 .584 .586 .588 .590 .593 .594 .596 .599 .600 .608 .620 .622 .623 .626 .627 .628 .629 .630 .637 .639 .640 .642 .643 .647 .648 .649 .651 .653 .657 .661 .662 .664 .668 .671 .680 .681 .682 .684 .688 .689 .707 .718 .734 .743 .744 .758 .786 .792 .796 .798 .799 .800 .802 .803 .809 .810 .814 .815 .817 .819 .820 .821 .826 .827 .828 .829 .831 .832 .833 .835 .836 .837 .838 .840 .842 .844 .845 .846 .847 .853 .854 .856 .857 .859 .860 .861 .862 .863 .865 .866 .869 .872 .878 .880 .881 .886 .887 .888 .889 .896 .897 .899 .902 .903 .911 .912 .916 .917 .923 .925 .926 .927 .935 .936 .940 .943 .945 .946 .952 .955 .965 .966 .968 .969 .971 .973 .974 .975 .976 .981 .984 .985 .986 .988 .989 .992 .993 .996 .997 .998 .1005 .1006 .1007 .1008 .1011 .1015 .1016 .1022 .1023 .1024 .1032 .1033 .1036 .1040 .1043 .1044 .1052 .1055 .1057 .1058 .1061 .1063 .1065 .1068 .1072 .1076 .1077 .1089 .1091 .1097 .1100 .1102 .1103 .1109 .1116 .1122 .1126 .1128 .1129 .1130 .1131 .1133 .1134 .1139 .1141 .1149 .1162 .1163 .1164 .1173 .1176 .1182 .1188 .1190 .1191 .1196 .1209 .1210 .1214 .1221 .1243 .1274 .1276 .1280 .1283 .1284 .1289 .1290 .1291 .1294 .1295 .1299 .1301 .1304 .1305 .1309 .1312 .1314 .1315 .1320 .1321 .1324 .1325 .1326 .1327 .1328 .1329 .1330 .1335 .1336 .1337 .1339 .1341 .1343 .1345 .1347 .1348 .1351 .1352 .1354 .1355 .1357 .1358 .1361 .1365 .1367 .1369 .1371 .1372 .1374 .1377 .1378 .1379 .1381 .1383 .1385 .1386 .1389 .1390 .1391 .1393 .1396 .1397 .1399 .1400 .1401 .1406 .1407 .1408 .1410 .1412 .1413 .1414 .1416 .1419 .1426 .1427 .1428 .1430 .1431 .1434 .1436 .1439 .1441 .1442 .1445 .1446 .1448 .1449 .1452 .1455 .1456 .1459 .1461 .1462 .1463 .1468 .1472 .1475 .1478 .1481 .1483 .1484 .1485 .1488 .1489 .1490 .1491 .1494 .1498 .1499 .1500 .1501 .1502 .1503 .1504 .1505 .1507 .1508 .1510 .1513 .1515 .1516 .1518 .1522 .1523 .1527 .1530 .1531 .1532 .1536 .1539 .1540 .1541 .1543 .1545 .1548 .1550 .1551 .1553 .1556 .1558 .1559 .1560 .1561 .1562 .1565 .1567 .1568 .1569 .1570 .1571 .1574 .1576 .1578 .1580 .1584 .1585 .1586 .1590 .1592 .1593 .1594 .1595 .1597 .1598 .1599 .1600 .1603 .1604 .1605 .1606 .1607 .1614 .1616 .1617 .1619 .1620 .1622 .1624 .1626 .1629 .1630 .1632 .1633 .1634 .1637 .1638 .1641 .1643 .1646 .1649 .1652 .1653 .1654 .1656 .1657 .1658 .1659 .1660 .1662 .1663 .1664 .1665 .1667 .1669 .1674 .1676 .1678 .1679 .1680 .1687 .1691 .1692 .1693 .1699 .1705 .1706 .1710 .1711 .1712 .1714 .1715 .1718 .1719 .1721 .1724 .1725 .1727 .1728 .1729 .1731 .1733 .1734 .1736 .1737 .1742 .1744 .1745 .1748 .1749 .1750 .1753 .1757 .1758 .1759 .1762 .1763 .1765 .1770 .1771 .1774 .1777 .1778 .1779 .1781 .1782 .1785 .1786 .1789 .1791 .1792 .1793 .1794 .1797 .1802 .1804 .1806 .1809 .1811 .1813 .1815 .1817 .1818 .1825 .1828 .1829 .1836 .1839 .1842 .1845 .1846 .1849 .1851 .1853 .1854 .1855 .1856 .1857 .1859 .1861 .1866 .1872 .1873 .1878 .1879 .1884 .1887 .1890 .1891 .1892 .1893 .1896 .1897 .1898 .1899 .1905 .1908 .1909 .1913 .1914 .1921 .1922 .1923 .1929 .1930 .1946 .1947 .1948 .1949 .1950 .1952 .1953 .1954 .1955 .1956 .1958 .1959 .1961 .1966 .1975 .1980 .1981 .1995 .2009 .2012 .2013 .2015 .2016 .2022 .2023 .2025 .2028 .2029 .2030 .2034 .2036 .2038 .2041 .2044 .2115 .2117 .2120 .2121 .2122 .2123 .2128 .2131 .2132 .2134 .2138 .2139 .2140 .2142 .2143 .2146 .2151 .2153 .2160 .2161 .2162 .2163 .2166 .2167 .2170 .2171 .2172 .2174 .2175 .2177 .2178 .2180 .2182 .2183 .2185 .2186 .2188 .2190 .2197 .2198 .2200 .2201 .2205 .2207 .2209 .2210 .2213 .2216 .2218 .2222 .2225 .2226 .2227 .2229 .2230 .2231 .2233 .2235 .2238 .2239 .2242 .2243 .2247 .2248 .2251 .2252 .2253 .2254 .2255 .2256 .2258 .2259 .2260 .2262 .2263 .2265 .2267 .2269 .2271 .2273 .2277 .2279 .2280 .2283 .2287 .2289 .2290 .2294 .2296 .2298 .2301 .2302 .2303 .2304 .2305 .2306 .2308 .2310 .2313 .2314 .2315 .2316 .2318 .2319 .2320 .2321 .2322 .2325 .2327 .2328 .2329 .2332 .2333 .2337 .2338 .2339 .2340 .2342 .2343 .2345 .2346 .2349 .2353 .2354 .2358 .2360 .2365 .2367 .2369 .2374 .2376 .2377 .2379 .2380 .2382 .2385 .2387 .2389 .2393 .2396 .2400 .2401 .2402 .2405 .2406 .2408 .2410 .2412 .2414 .2415 .2416 .2417 .2419 .2420 .2424 .2425 .2426 .2428 .2429 .2430 .2431 .2433 .2434 .2436 .2441 .2442 .2444 .2446 .2447 .2449 .2450 .2451 .2452 .2453 .2455 .2469 .2470 .2471 .2474 .2475 .2476 .2484 .2485 .2486 .2489 .2490 .2491 .2492 .2493 .2494 .2495 .2498 .2500 .2502 .2505 .2511 .2512 .2515 .2517 .2518 .2519 .2525 .2527 .2528 .2532 .2533 .2534 .2535 .2539 .2541 .2542 .2545 .2546 .2547 .2548 .2550 .2551 .2552 .2554 .2558 .2561 .2562 .2564 .2573 .2574 .2577 .2578 .2579 .2580 .2581 .2582 .2583 .2586 .2587 .2589 .2590 .2595 .2597 .2598 .2602 .2603 .2605 .2606 .2608 .2609 .2611 .2613 .2616 .2617 .2618 .2620 .2621 .2623 .2626 .2628 .2629 .2632 .2635 .2636 .2637 .2638 .2640 .2641 .2643 .2646 .2655 .2656 .2659 .2660 .2662 .2663 .2664 .2666 .2667 .2673 .2675 .2676 .2677 .2678 .2681 .2684 .2686 .2687 .2688 .2689 .2690 .2696 .2697 .2698 .2699 .2700 .2701 .2702 .2703 .2705 .2708 .2711 .2713 .2716 .2718 .2720 .2721 .2722 .2724 .2727 .2728 .2730 .2732 .2733 .2735 .2737 .2739 .2743 .2746 .2747 .2749 .2754 .2755 .2757 .2758 .2759 .2760 .2761 .2762 .2766 .2769 .2770 .2771 .2772 .2773 .2774 .2776 .2777 .2782 .2784 .2788 .2790 .2794 .2797 .2799 .2800 .2801 .2804 .2805 .2807 .2808 .2810 .2811 .2812 .2813 .2815 .2818 .2819 .2820 .2823 .2824 .2828 .2832 .2833 .2835 .2837 .2841 .2842 .2843 .2846 .2847 .2848 .2850 .2852 .2853 .2856 .2860 .2861 .2864 .2867 .2869 .2870 .2876 .2879 .2881 .2885 .2886 .2887 .2888 .2891 .2892 .2893 .2895 .2896 .2897 .2901 .2904 .2906 .2909 .2914 .2915 .2916 .2919 .2920 .2922 .2925 .2926 .2930 .2931 .2932 .2933 .2934 .2937 .2938 .2939 .2943 .2945 .2946 .2947 .2949 .2950 .2951 .2953 .2954 .2959 .2961 .2962 .2963 .2964 .2965 .2966 .2968 .2969 .2971 .2972 .2974 .2975 .2978 .2979 .2981 .2982 .2983 .2984 .2985 .2987 .2988 .2989 .2992 .2994 .2995 .3000 .3001 .3002 .3003 .3004 .3005 .3006 .3010 .3014 .3015 .3018 .3019 .3020 .3021 .3023 .3024 .3025 .3028 .3035 .3040 .3042 .3043 .3044 .3047 .3048 .3050 .3051 .3052 .3055 .3056 .3059 .3060 .3061 .3062 .3066 .3069 .3072 .3075 .3079 .3080 .3081 .3082 .3084 .3088 .3092 .3093 .3097 .3101 .3102 .3105 .3106 .3107 .3110 .3112 .3114 .3115 .3119 .3120 .3121 .3124 .3126 .3127 .3128 .3129 .3130 .3131 .3136 .3139 .3141 .3146 .3147 .3150 .3151 .3154 .3156 .3157 .3158 .3159 .3160 .3165 .3168 .3169 .3173 .3181 .3182 .3183 .3185 .3186 .3189 .3192 .3194 .3195 .3196 .3200 .3201 .3202 .3207 .3209 .3218 .3219 .3220 .3223 .3233 .3234 .3235 .3237 .3238 .3242 .3251 .3259 .3260 .3261 .3263 .3264 .3271 .3273 .3274 .3276 .3278 .3279 .3280 .3281 .3282 .3283 .3284 .3286 .3287 .3288 .3291 .3293 .3300 .3302 .3306 .3307 .3308 .3312 .3313 .3315 .3316 .3318 .3319 .3320 .3322 .3324 .3330 .3332 .3335 .3337 .3338 .3343 .3346 .3349 .3366 .3370 .3371 .3372 .3375 .3377 .3378 .3379 .3380 .3383 .3384 .3388 .3389 .3393 .3395 .3398 .3401 .3402 .3404 .3410 .3411 .3412 .3416 .3419 .3423 .3427 .3428 .3429 .3434 .3448 .3463 .3465 .3467 .3515 .3517 .3518 .3520 .3521 .3522 .3528 .3530 .3531 .3533 .3534 .3539 .3542 .3545 .3547 .3548 .3550 .3554 .3558 .3560 .3561 .3564 .3566 .3571 .3572 .3574 .3576 .3577 .3581 .3582 .3583 .3586 .3587 .3588 .3589 .3591 .3592 .3594 .3595 .3599 .3600 .3601 .3602 .3603 .3607 .3608 .3612 .3614 .3616 .3618 .3619 .3621 .3625 .3628 .3629 .3630 .3631 .3632 .3637 .3638 .3639 .3641 .3644 .3645 .3646 .3647 .3648 .3649 .3651 .3652 .3655 .3657 .3660 .3661 .3662 .3664 .3665 .3667 .3668 .3670 .3672 .3673 .3674 .3676 .3678 .3680 .3682 .3683 .3686 .3692 .3695 .3698 .3700 .3701 .3702 .3703 .3704 .3706 .3707 .3708 .3709 .3710 .3711 .3712 .3713 .3715 .3725 .3730 .3731 .3732 .3733 .3734 .3735 .3737 .3738 .3740 .3741 .3745 .3747 .3748 .3753 .3759 .3760 .3761 .3762 .3765 .3768 .3770 .3771 .3772 .3776 .3778 .3780 .3781 .3783 .3784 .3785 .3786 .3787 .3792 .3793 .3795 .3796 .3799 .3801 .3807 .3808 .3810 .3811 .3812 .3814 .3815 .3818 .3819 .3825 .3826 .3828 .3831 .3836 .3837 .3838 .3839 .3841 .3845 .3848 .3851 .3852 .3853 .3855 .3857 .3860 .3861 .3862 .3863 .3864 .3865 .3866 .3868 .3869 .3870 .3873 .3875 .3876 .3877 .3878 .3880 .3883 .3884 .3886 .3889 .3890 .3891 .3892 .3894 .3895 .3896 .3897 .3898 .3901 .3902 .3903 .3904 .3905 .3906 .3908 .3909 .3910 .3911 .3913 .3914 .3915 .3919 .3922 .3924 .3925 .3928 .3930 .3935 .3936 .3937 .3938 .3939 .3940 .3941 .3943 .3944 .3945 .3948 .3949 .3953 .3955 .3956 .3957 .3958 .3960 .3964 .3965 .3968 .3971 .3973 .3977 .3983 .3986 .3988 .3990 .3992 .3995 .3996 .3997 .4003 .4006 .4007 .4008 .4009 .4012 .4013 .4014 .4015 .4018 .4021 .4025 .4026 .4027 .4029 .4031 .4033 .4034 .4035 .4038 .4041 .4046 .4049 .4050 .4053 .4054 .4059 .4060 .4062 .4063 .4064 .4065 .4066 .4067 .4069 .4070 .4072 .4075 .4078 .4079 .4082 .4086 .4091 .4092 .4093 .4094 .4103 .4104 .4106 .4107 .4110 .4111 .4112 .4114 .4119 .4121 .4123 .4126 .4127 .4128 .4129 .4131 .4134 .4136 .4137 .4140 .4142 .4148 .4149 .4152 .4153 .4154 .4155 .4157 .4158 .4159 .4160 .4161 .4163 .4164 .4165 .4166 .4169 .4175 .4176 .4177 .4179 .4181 .4182 .4183 .4184 .4185 .4186 .4197 .4198 .4201 .4203 .4204 .4205 .4208 .4210 .4211 .4212 .4213 .4215 .4217 .4221 .4223 .4226 .4227 .4229 .4230 .4231 .4234 .4235 .4236 .4237 .4238 .4239 .4240 .4242 .4248 .4250 .4251 .4252 .4253 .4254 .4255 .4258 .4259 .4262 .4264 .4265 .4267 .4268 .4269 .4272 .4277 .4281 .4282 .4284 .4286 .4287 .4288 .4289 .4296 .4297 .4298 .4299 .4300 .4302 .4305 .4306 .4310 .4313 .4314 .4316 .4317 .4322 .4323 .4327 .4328 .4330 .4333 .4334 .4337 .4340 .4345 .4346 .4351 .4354 .4355 .4359 .4361 .4362 .4365 .4366 .4367 .4370 .4371 .4372 .4373 .4374 .4375 .4378 .4382 .4384 .4387 .4388 .4389 .4390 .4392 .4394 .4395 .4396 .4398 .4399 .4401 .4402 .4403 .4405 .4406 .4407 .4408 .4410 .4411 .4412 .4413 .4414 .4415 .4418 .4420 .4423 .4428 .4430 .4432 .4433 .4437 .4438 .4442 .4446 .4449 .4450 .4451 .4452 .4454 .4457 .4458 .4459 .4461 .4462 .4466 .4472 .4473 .4474 .4475 .4476 .4478 .4479 .4480 .4483 .4484 .4486 .4488 .4489 .4490 .4491 .4494 .4495 .4496 .4499 .4502 .4503 .4505 .4506 .4507 .4508 .4509 .4510 .4513 .4514 .4515 .4516 .4517 .4521 .4524 .4527 .4528 .4529 .4530 .4534 .4536 .4537 .4538 .4541 .4542 .4543 .4544 .4545 .4546 .4548 .4549 .4551 .4552 .4554 .4557 .4558 .4560 .4561 .4567 .4568 .4569 .4573 .4575 .4576 .4577 .4581 .4583 .4584 .4588 .4589 .4591 .4592 .4594 .4596 .4597 .4598 .4600 .4601 .4602 .4603 .4606 .4607 .4609 .4612 .4614 .4617 .4624 .4628 .4630 .4631 .4633 .4635 .4639 .4640 .4641 .4642 .4647 .4651 .4652 .4653 .4657 .4659 .4661 .4663 .4669 .4670 .4671 .4672 .4673 .4677 .4679 .4681 .4682 .4684 .4685 .4686 .4689 .4691 .4694 .4695 .4701 .4703 .4704 .4706 .4707 .4710 .4716 .4717 .4721 .4722 .4725 .4726 .4728 .4729 .4730 .4731 .4732 .4733 .4734 .4735 .4738 .4739 .4742 .4744 .4748 .4749 .4751 .4753 .4754 .4755 .4757 .4759 .4761 .4764 .4765 .4769 .4770 .4772 .4774 .4778 .4781 .4783 .4785 .4787 .4789 .4795 .4796 .4798 .4799 .4801 .4803 .4806 .4815 .4817 .4820 .4821 .4823 .4827 .4830 .4833 .4837 .4839 .4840 .4847 .4848 .4852 .4853 .4857 .4859 .4863 .4865 .4868 .4869 .4870 .4871 .4872 .4873 .4874 .4875 .4880 .4883 .4884 .4885 .4888 .4891 .4892 .4894 .4895 .4897 .4899 .4900 .4906 .4909 .4910 .4911 .4913 .4914 .4916 .4918 .4921 .4922 .4923 .4924 .4926 .4928 .4929 .4931 .4932 .4933 .4934 .4935 .4938 .4942 .4947 .4949 .4951 .4954 .4956 .4958 .4959 .4960 .4961 .4962 .4965 .4966 .4968 .4969 .4973 .4974 .4975 .4976 .4978 .4979 .4980 .4987 .4989 .4990 .4995 .4998 .5000 .5001 .5002 .5007 .5008 .5011 .5012 .5013 .5015 .5016 .5018 .5019 .5021 .5022 .5023 .5024 .5029 .5030 .5031 .5032 .5034 .5037 .5039 .5041 .5044 .5047 .5049 .5050 .5051 .5052 .5054 .5056 .5057 .5060 .5062 .5063 .5064 .5065 .5067 .5068 .5069 .5071 .5072 .5073 .5075 .5078 .5081 .5082 .5085 .5089 .5091 .5092 .5093 .5094 .5096 .5097 .5098 .5099 .5100 .5102 .5103 .5105 .5106 .5109 .5112 .5113 .5116 .5118 .5119 .5120 .5121 .5124 .5126 .5133 .5137 .5142 .5145 .5146 .5150 .5152 .5155 .5158 .5160 .5163 .5164 .5166 .5170 .5171 .5174 .5176 .5178 .5182 .5183 .5185 .5186 .5188 .5190 .5192 .5195 .5196 .5197 .5198 .5199 .5201 .5203 .5205 .5207 .5208 .5209 .5212 .5214 .5216 .5217 .5219 .5220 .5221 .5225 .5226 .5227 .5230 .5233 .5234 .5236 .5237 .5239 .5242 .5244 .5246 .5247 .5249 .5250 .5253 .5257 .5259 .5262 .5266 .5267 .5270 .5273 .5275 .5278 .5280 .5284 .5285 .5287 .5289 .5290 .5291 .5294 .5296 .5298 .5300 .5301 .5307 .5308 .5309 .5313 .5314 .5316 .5317 .5323 .5324 .5326 .5327 .5329 .5331 .5332 .5335 .5337 .5341 .5343 .5345 .5346 .5348 .5351 .5354 .5355 .5358 .5361 .5362 .5366 .5367 .5370 .5372 .5375 .5377 .5382 .5384 .5386 .5387 .5388 .5393 .5395 .5400 .5401 .5402 .5405 .5406 .5408 .5409 .5410 .5411 .5412 .5414 .5415 .5416 .5418 .5420 .5421 .5422 .5427 .5428 .5430 .5431 .5432 .5433 .5435 .5437 .5440 .5453 .5457 .5461 .5462 .5465 .5466 .5468 .5470 .5472 .5474 .5477 .5478 .5481 .5482 .5490 .5492 .5493 .5494 .5496 .5498 .5499 .5502 .5504 .5506 .5509 .5510 .5517 .5518 .5519 .5520 .5528 .5529 .5531 .5532 .5535 .5537 .5538 .5539 .5544 .5545 .5547 .5556 .5558 .5560 .5562 .5564 .5565 .5566 .5567 .5568 .5574 .5577 .5578 .5581 .5584 .5586 .5592 .5594 .5596 .5597 .5599 .5603 .5605 .5606 .5607 .5610 .5611 .5613 .5614 .5615 .5616 .5618 .5619 .5620 .5621 .5622 .5623 .5627 .5629 .5630 .5631 .5632 .5633 .5635 .5637 .5639 .5640 .5642 .5644 .5646 .5647 .5648 .5649 .5651 .5655 .5656 .5659 .5663 .5667 .5670 .5673 .5674 .5679 .5681 .5692 .5696 .5698 .5700 .5701 .5705 .5706 .5707 .5709 .5712 .5714 .5716 .5717 .5718 .5719 .5720 .5721 .5722 .5725 .5728 .5733 .5734 .5738 .5739 .5743 .5752 .5756 .5762 .5765 .5766 .5767 .5769 .5774 .5776 .5778 .5779 .5782 .5783 .5785 .5787 .5788 .5791 .5792 .5794 .5797 .5798 .5799 .5800 .5801 .5803 .5805 .5807 .5809 .5810 .5811 .5812 .5820 .5823 .5827 .5829 .5832 .5836 .5850 .5857 .5860 .5861 .5863 .5865 .5866 .5877 .5879 .5883 .5891 .5892 .5893

Select option: 23 
Input the word for collection:
(use generators x1,x2,... and terminate with a semicolon)
The input word is 64 1 
The result of collection is  .207 .211 .212 .223 .232 .268 .315 .316 .329 .335 .336 .339 .341 .342 .343 .345 .354 .355 .357 .366 .367 .369 .371 .383 .384 .393 .405 .407 .490 .492 .493 .498 .500 .501 .513 .520 .522 .523 .527 .528 .529 .531 .535 .536 .539 .541 .544 .546 .547 .550 .552 .560 .564 .568 .572 .575 .576 .579 .580 .581 .584 .588 .591 .592 .594 .597 .598 .599 .607 .619 .621 .623 .627 .634 .637 .639 .641 .648 .661 .665 .666 .734 .785 .788 .791 .792 .797 .802 .806 .811 .814 .815 .816 .820 .835 .840 .844 .847 .851 .853 .854 .855 .857 .858 .859 .861 .865 .867 .868 .869 .870 .871 .873 .874 .879 .882 .883 .884 .885 .886 .887 .888 .890 .891 .892 .893 .895 .896 .897 .901 .902 .903 .904 .911 .912 .913 .914 .916 .917 .918 .923 .926 .928 .931 .936 .939 .940 .943 .947 .948 .950 .954 .956 .958 .960 .961 .962 .964 .965 .966 .972 .975 .976 .977 .979 .981 .982 .986 .987 .992 .1005 .1026 .1027 .1029 .1030 .1031 .1034 .1036 .1038 .1040 .1041 .1043 .1051 .1052 .1053 .1054 .1055 .1057 .1058 .1059 .1061 .1062 .1064 .1070 .1072 .1078 .1087 .1089 .1101 .1120 .1122 .1126 .1129 .1171 .1181 .1182 .1205 .1210 .1221 .1276 .1277 .1281 .1284 .1290 .1293 .1299 .1302 .1303 .1304 .1310 .1311 .1316 .1320 .1321 .1325 .1328 .1329 .1334 .1335 .1336 .1337 .1340 .1343 .1348 .1357 .1360 .1361 .1363 .1364 .1365 .1366 .1368 .1371 .1372 .1374 .1375 .1376 .1377 .1379 .1380 .1384 .1391 .1392 .1393 .1396 .1398 .1400 .1404 .1405 .1406 .1407 .1409 .1413 .1414 .1415 .1420 .1421 .1422 .1423 .1427 .1428 .1431 .1432 .1436 .1441 .1444 .1447 .1448 .1449 .1452 .1453 .1456 .1457 .1459 .1462 .1463 .1465 .1466 .1473 .1474 .1475 .1477 .1479 .1480 .1481 .1483 .1484 .1486 .1487 .1489 .1491 .1496 .1498 .1499 .1500 .1502 .1505 .1506 .1507 .1512 .1518 .1521 .1526 .1534 .1536 .1537 .1539 .1541 .1543 .1544 .1545 .1546 .1550 .1551 .1553 .1557 .1558 .1560 .1561 .1562 .1564 .1568 .1571 .1573 .1574 .1575 .1580 .1582 .1587 .1588 .1591 .1592 .1593 .1595 .1598 .1602 .1603 .1604 .1613 .1616 .1617 .1618 .1620 .1621 .1622 .1626 .1628 .1633 .1634 .1635 .1636 .1638 .1639 .1640 .1641 .1642 .1646 .1651 .1653 .1657 .1658 .1660 .1669 .1671 .1673 .1679 .1680 .1686 .1690 .1692 .1695 .1699 .1702 .1704 .1707 .1708 .1718 .1722 .1724 .1725 .1731 .1733 .1736 .1737 .1738 .1742 .1746 .1748 .1750 .1752 .1756 .1758 .1759 .1762 .1764 .1766 .1773 .1776 .1777 .1778 .1779 .1781 .1784 .1788 .1789 .1790 .1791 .1794 .1802 .1803 .1804 .1805 .1806 .1811 .1813 .1821 .1824 .1838 .1843 .1844 .1847 .1853 .1859 .1872 .1874 .1884 .1886 .1890 .1892 .1898 .1945 .1946 .1948 .1951 .1956 .1959 .1972 .1974 .1975 .1977 .1994 .2009 .2011 .2012 .2015 .2016 .2021 .2024 .2028 .2038 .2119 .2123 .2125 .2126 .2129 .2133 .2134 .2137 .2138 .2141 .2144 .2146 .2148 .2150 .2151 .2152 .2153 .2154 .2162 .2163 .2164 .2165 .2172 .2174 .2176 .2177 .2180 .2181 .2183 .2184 .2187 .2189 .2191 .2194 .2195 .2200 .2202 .2205 .2206 .2210 .2212 .2214 .2217 .2218 .2222 .2224 .2225 .2226 .2227 .2228 .2230 .2231 .2233 .2236 .2240 .2241 .2244 .2245 .2246 .2247 .2249 .2251 .2252 .2255 .2256 .2258 .2264 .2267 .2268 .2271 .2272 .2277 .2279 .2282 .2284 .2285 .2287 .2289 .2290 .2291 .2293 .2294 .2295 .2297 .2302 .2304 .2307 .2308 .2310 .2313 .2316 .2321 .2322 .2323 .2325 .2327 .2328 .2329 .2330 .2335 .2338 .2339 .2342 .2343 .2345 .2346 .2353 .2356 .2357 .2358 .2361 .2362 .2363 .2364 .2366 .2367 .2368 .2369 .2370 .2371 .2372 .2373 .2375 .2378 .2380 .2382 .2384 .2387 .2388 .2389 .2390 .2391 .2395 .2396 .2397 .2399 .2400 .2401 .2406 .2410 .2412 .2413 .2414 .2417 .2420 .2421 .2422 .2423 .2425 .2426 .2428 .2429 .2431 .2435 .2438 .2442 .2443 .2445 .2446 .2449 .2450 .2451 .2453 .2457 .2458 .2459 .2462 .2463 .2466 .2467 .2471 .2472 .2473 .2475 .2477 .2480 .2481 .2484 .2485 .2486 .2488 .2489 .2490 .2491 .2493 .2494 .2497 .2498 .2500 .2501 .2502 .2503 .2504 .2507 .2510 .2514 .2515 .2516 .2517 .2519 .2521 .2523 .2531 .2533 .2535 .2537 .2538 .2539 .2540 .2541 .2542 .2543 .2544 .2549 .2550 .2551 .2553 .2554 .2555 .2558 .2559 .2560 .2562 .2567 .2568 .2571 .2572 .2573 .2576 .2577 .2578 .2581 .2582 .2583 .2585 .2586 .2588 .2590 .2592 .2596 .2598 .2605 .2606 .2608 .2614 .2618 .2621 .2622 .2624 .2625 .2626 .2628 .2629 .2630 .2632 .2634 .2636 .2637 .2639 .2640 .2641 .2643 .2644 .2645 .2648 .2650 .2651 .2652 .2653 .2655 .2657 .2658 .2660 .2661 .2664 .2666 .2675 .2676 .2678 .2679 .2680 .2681 .2683 .2684 .2688 .2689 .2690 .2691 .2693 .2694 .2695 .2702 .2714 .2721 .2722 .2723 .2725 .2728 .2729 .2730 .2736 .2737 .2740 .2741 .2743 .2744 .2746 .2747 .2752 .2753 .2755 .2759 .2760 .2769 .2775 .2776 .2777 .2780 .2781 .2783 .2784 .2789 .2795 .2796 .2798 .2803 .2812 .2813 .2814 .2817 .2819 .2820 .2821 .2824 .2826 .2828 .2831 .2832 .2835 .2838 .2847 .2852 .2856 .2863 .2866 .2867 .2868 .2869 .2870 .2871 .2872 .2873 .2876 .2877 .2879 .2882 .2883 .2885 .2886 .2888 .2892 .2893 .2894 .2896 .2902 .2903 .2905 .2906 .2911 .2913 .2914 .2916 .2918 .2921 .2923 .2924 .2927 .2929 .2932 .2933 .2935 .2938 .2939 .2940 .2943 .2944 .2946 .2947 .2948 .2949 .2951 .2956 .2958 .2959 .2965 .2967 .2968 .2969 .2978 .2979 .2981 .2986 .2988 .2992 .2993 .2995 .2996 .3000 .3001 .3006 .3007 .3008 .3013 .3014 .3015 .3020 .3021 .3029 .3030 .3031 .3033 .3036 .3037 .3039 .3043 .3044 .3046 .3047 .3048 .3049 .3053 .3054 .3055 .3059 .3060 .3061 .3062 .3064 .3065 .3066 .3068 .3075 .3076 .3078 .3082 .3086 .3088 .3104 .3105 .3110 .3112 .3114 .3115 .3126 .3129 .3133 .3134 .3139 .3144 .3156 .3157 .3158 .3159 .3160 .3162 .3163 .3164 .3167 .3169 .3177 .3178 .3180 .3185 .3187 .3188 .3189 .3191 .3195 .3199 .3201 .3202 .3203 .3215 .3217 .3224 .3237 .3251 .3259 .3263 .3274 .3276 .3279 .3281 .3282 .3283 .3287 .3288 .3291 .3306 .3307 .3308 .3310 .3312 .3313 .3319 .3321 .3326 .3332 .3366 .3367 .3370 .3371 .3374 .3375 .3376 .3378 .3381 .3385 .3387 .3389 .3390 .3395 .3400 .3405 .3408 .3410 .3411 .3419 .3428 .3461 .3519 .3520 .3524 .3525 .3528 .3531 .3533 .3534 .3536 .3541 .3542 .3545 .3548 .3550 .3554 .3557 .3568 .3569 .3570 .3572 .3573 .3574 .3579 .3582 .3583 .3584 .3585 .3586 .3587 .3589 .3592 .3593 .3595 .3596 .3597 .3605 .3608 .3614 .3615 .3616 .3618 .3619 .3621 .3622 .3623 .3624 .3625 .3628 .3630 .3632 .3634 .3636 .3637 .3638 .3639 .3640 .3641 .3642 .3643 .3644 .3645 .3650 .3651 .3652 .3653 .3654 .3655 .3657 .3658 .3662 .3664 .3669 .3670 .3672 .3673 .3674 .3677 .3679 .3683 .3684 .3685 .3686 .3689 .3690 .3692 .3695 .3700 .3702 .3703 .3707 .3708 .3709 .3710 .3711 .3718 .3719 .3721 .3722 .3723 .3725 .3727 .3728 .3729 .3732 .3735 .3744 .3745 .3746 .3747 .3749 .3751 .3752 .3759 .3760 .3762 .3765 .3767 .3772 .3773 .3781 .3785 .3786 .3793 .3794 .3795 .3796 .3797 .3798 .3799 .3804 .3805 .3806 .3807 .3808 .3810 .3813 .3815 .3818 .3821 .3822 .3825 .3830 .3832 .3833 .3835 .3841 .3843 .3847 .3849 .3852 .3854 .3855 .3856 .3857 .3858 .3859 .3860 .3861 .3863 .3868 .3870 .3871 .3874 .3881 .3883 .3885 .3886 .3888 .3890 .3891 .3899 .3900 .3901 .3903 .3909 .3910 .3911 .3914 .3917 .3918 .3920 .3921 .3922 .3924 .3925 .3928 .3929 .3933 .3934 .3935 .3936 .3937 .3938 .3940 .3943 .3944 .3945 .3946 .3951 .3952 .3954 .3955 .3958 .3959 .3961 .3962 .3963 .3964 .3965 .3966 .3967 .3970 .3973 .3974 .3976 .3979 .3980 .3981 .3983 .3984 .3986 .3988 .3990 .3992 .3994 .3995 .3996 .3997 .3998 .3999 .4000 .4001 .4002 .4003 .4005 .4007 .4008 .4009 .4010 .4011 .4013 .4014 .4015 .4016 .4017 .4018 .4021 .4022 .4023 .4026 .4029 .4030 .4032 .4036 .4037 .4041 .4042 .4043 .4044 .4045 .4046 .4050 .4052 .4053 .4054 .4056 .4059 .4060 .4061 .4062 .4063 .4064 .4068 .4069 .4073 .4074 .4080 .4082 .4085 .4087 .4088 .4089 .4091 .4094 .4097 .4099 .4103 .4106 .4107 .4109 .4114 .4118 .4119 .4120 .4122 .4123 .4125 .4126 .4127 .4128 .4129 .4130 .4134 .4135 .4136 .4140 .4141 .4142 .4143 .4146 .4151 .4152 .4153 .4154 .4158 .4159 .4161 .4163 .4164 .4168 .4169 .4173 .4174 .4175 .4178 .4181 .4182 .4183 .4187 .4191 .4192 .4194 .4196 .4197 .4198 .4201 .4202 .4203 .4205 .4211 .4219 .4222 .4223 .4224 .4225 .4228 .4229 .4231 .4232 .4233 .4235 .4237 .4238 .4241 .4242 .4243 .4245 .4247 .4253 .4255 .4258 .4259 .4260 .4261 .4263 .4264 .4265 .4266 .4268 .4272 .4273 .4275 .4276 .4280 .4281 .4283 .4284 .4286 .4287 .4289 .4291 .4293 .4294 .4295 .4296 .4299 .4301 .4302 .4303 .4304 .4305 .4307 .4308 .4309 .4312 .4316 .4317 .4319 .4320 .4325 .4329 .4330 .4332 .4335 .4336 .4337 .4338 .4339 .4341 .4346 .4348 .4351 .4353 .4354 .4356 .4357 .4359 .4360 .4361 .4362 .4364 .4365 .4366 .4367 .4368 .4370 .4372 .4374 .4375 .4377 .4378 .4379 .4383 .4384 .4387 .4388 .4394 .4395 .4396 .4399 .4400 .4401 .4402 .4403 .4405 .4408 .4410 .4411 .4412 .4413 .4414 .4417 .4420 .4422 .4423 .4424 .4428 .4431 .4432 .4434 .4437 .4438 .4439 .4440 .4441 .4446 .4450 .4452 .4453 .4454 .4457 .4458 .4459 .4460 .4463 .4465 .4467 .4468 .4471 .4472 .4473 .4475 .4476 .4484 .4488 .4491 .4492 .4493 .4494 .4495 .4496 .4497 .4499 .4501 .4503 .4504 .4506 .4513 .4516 .4520 .4523 .4525 .4527 .4529 .4530 .4532 .4533 .4534 .4535 .4537 .4541 .4542 .4545 .4546 .4547 .4551 .4556 .4558 .4560 .4561 .4563 .4568 .4570 .4571 .4573 .4576 .4578 .4580 .4584 .4585 .4588 .4589 .4594 .4595 .4596 .4597 .4598 .4602 .4603 .4605 .4608 .4609 .4612 .4613 .4615 .4616 .4619 .4622 .4623 .4624 .4625 .4626 .4629 .4632 .4633 .4635 .4637 .4638 .4639 .4640 .4641 .4642 .4643 .4645 .4649 .4652 .4654 .4655 .4656 .4657 .4658 .4659 .4664 .4665 .4666 .4668 .4669 .4671 .4672 .4674 .4675 .4676 .4677 .4678 .4679 .4680 .4681 .4682 .4683 .4684 .4686 .4692 .4693 .4695 .4708 .4709 .4713 .4714 .4715 .4716 .4717 .4721 .4725 .4726 .4728 .4730 .4733 .4735 .4737 .4744 .4748 .4750 .4752 .4753 .4754 .4755 .4758 .4759 .4763 .4772 .4773 .4777 .4778 .4779 .4780 .4781 .4783 .4785 .4787 .4788 .4789 .4790 .4792 .4793 .4794 .4796 .4798 .4800 .4801 .4810 .4814 .4815 .4819 .4822 .4824 .4828 .4831 .4833 .4834 .4835 .4839 .4841 .4845 .4856 .4859 .4861 .4862 .4863 .4866 .4867 .4869 .4871 .4873 .4875 .4876 .4878 .4879 .4883 .4886 .4887 .4890 .4891 .4895 .4896 .4897 .4898 .4899 .4900 .4902 .4905 .4910 .4911 .4921 .4923 .4924 .4927 .4928 .4929 .4930 .4935 .4938 .4939 .4945 .4946 .4947 .4949 .4950 .4951 .4952 .4953 .4955 .4956 .4961 .4962 .4963 .4967 .4971 .4972 .4973 .4974 .4975 .4977 .4978 .4980 .4982 .4984 .4987 .4988 .4989 .4990 .4993 .4996 .4997 .4999 .5001 .5004 .5006 .5007 .5008 .5014 .5020 .5022 .5026 .5028 .5030 .5031 .5037 .5040 .5042 .5050 .5051 .5052 .5053 .5056 .5057 .5062 .5064 .5066 .5069 .5070 .5071 .5076 .5078 .5080 .5082 .5085 .5086 .5090 .5091 .5095 .5097 .5098 .5099 .5102 .5103 .5104 .5106 .5107 .5108 .5110 .5112 .5114 .5118 .5119 .5120 .5121 .5122 .5123 .5125 .5127 .5128 .5129 .5132 .5134 .5135 .5137 .5139 .5140 .5141 .5142 .5143 .5144 .5146 .5148 .5149 .5150 .5153 .5154 .5155 .5159 .5165 .5171 .5178 .5179 .5180 .5182 .5183 .5185 .5186 .5188 .5189 .5191 .5192 .5193 .5195 .5196 .5200 .5203 .5204 .5208 .5211 .5216 .5219 .5221 .5222 .5223 .5229 .5230 .5233 .5237 .5242 .5243 .5245 .5251 .5252 .5253 .5254 .5256 .5259 .5262 .5266 .5270 .5272 .5273 .5274 .5275 .5276 .5278 .5280 .5281 .5282 .5284 .5285 .5286 .5289 .5290 .5291 .5296 .5298 .5300 .5308 .5311 .5317 .5319 .5320 .5321 .5322 .5325 .5326 .5327 .5331 .5335 .5341 .5344 .5354 .5360 .5362 .5363 .5365 .5366 .5370 .5372 .5374 .5375 .5376 .5377 .5381 .5383 .5384 .5388 .5389 .5393 .5398 .5399 .5402 .5403 .5407 .5409 .5411 .5412 .5414 .5416 .5417 .5418 .5419 .5421 .5422 .5423 .5425 .5427 .5428 .5430 .5432 .5439 .5440 .5441 .5443 .5444 .5447 .5450 .5452 .5453 .5462 .5463 .5466 .5472 .5474 .5476 .5487 .5489 .5490 .5491 .5493 .5497 .5498 .5501 .5503 .5509 .5510 .5511 .5518 .5519 .5527 .5530 .5531 .5539 .5554 .5555 .5556 .5557 .5558 .5559 .5560 .5562 .5564 .5566 .5567 .5569 .5572 .5574 .5575 .5579 .5586 .5590 .5591 .5596 .5601 .5606 .5607 .5608 .5609 .5613 .5614 .5615 .5621 .5622 .5624 .5627 .5628 .5634 .5639 .5641 .5646 .5647 .5649 .5667 .5671 .5696 .5697 .5699 .5707 .5714 .5715 .5716 .5717 .5718 .5719 .5720 .5721 .5722 .5724 .5725 .5733 .5737 .5738 .5741 .5746 .5760 .5763 .5764 .5771 .5772 .5777 .5785 .5791 .5796 .5798 .5801 .5806 .5850 .5852 .5856

Select option: 23 
Input the word for collection:
(use generators x1,x2,... and terminate with a semicolon)
The input word is 128 1 
The result of collection is  .810 .816 .817 .851 .857 .858 .866 .867 .869 .872 .873 .895 .898 .901 .902 .913 .914 .938 .939 .942 .943 .944 .945 .950 .988 .1164 .1306 .1312 .1314 .1320 .1323 .1324 .1326 .1327 .1328 .1336 .1337 .1338 .1340 .1342 .1343 .1345 .1346 .1369 .1388 .1389 .1391 .1392 .1403 .1404 .1409 .1410 .1412 .1415 .1416 .1418 .1421 .1422 .1427 .1428 .1429 .1430 .1441 .1442 .1445 .1463 .1467 .1470 .1473 .1477 .1480 .1483 .1486 .1487 .1491 .1495 .1496 .1498 .1501 .1502 .1513 .1517 .1522 .1523 .1537 .1549 .1560 .1561 .1566 .1567 .1570 .1576 .1578 .1583 .1585 .1587 .1588 .1591 .1594 .1602 .1616 .1620 .1622 .1628 .1629 .1630 .1631 .1634 .1636 .1637 .1639 .1649 .1672 .1674 .1678 .1679 .1707 .1709 .1720 .1730 .1733 .1734 .1736 .1744 .1748 .1758 .1762 .1771 .1779 .1780 .1802 .1820 .1840 .1841 .1842 .1946 .1970 .2010 .2136 .2137 .2138 .2144 .2150 .2154 .2158 .2159 .2165 .2176 .2181 .2182 .2184 .2186 .2187 .2188 .2189 .2191 .2195 .2203 .2204 .2205 .2207 .2212 .2213 .2214 .2217 .2218 .2221 .2222 .2224 .2225 .2226 .2227 .2228 .2229 .2231 .2232 .2234 .2235 .2239 .2242 .2243 .2244 .2245 .2246 .2247 .2248 .2249 .2250 .2258 .2259 .2270 .2271 .2272 .2273 .2274 .2281 .2287 .2289 .2290 .2295 .2296 .2299 .2302 .2306 .2307 .2308 .2309 .2317 .2318 .2320 .2325 .2329 .2338 .2340 .2341 .2342 .2344 .2345 .2346 .2348 .2350 .2352 .2353 .2354 .2356 .2357 .2359 .2360 .2369 .2370 .2373 .2374 .2375 .2377 .2379 .2380 .2382 .2384 .2385 .2387 .2389 .2394 .2396 .2397 .2399 .2400 .2403 .2412 .2413 .2414 .2417 .2422 .2424 .2427 .2428 .2429 .2430 .2433 .2434 .2436 .2446 .2451 .2454 .2455 .2458 .2459 .2461 .2462 .2466 .2469 .2470 .2472 .2473 .2480 .2485 .2487 .2489 .2490 .2491 .2492 .2495 .2499 .2500 .2507 .2508 .2509 .2513 .2514 .2517 .2518 .2521 .2522 .2525 .2527 .2528 .2529 .2531 .2535 .2540 .2543 .2550 .2556 .2557 .2560 .2565 .2569 .2577 .2580 .2581 .2588 .2591 .2592 .2595 .2604 .2607 .2617 .2621 .2628 .2631 .2632 .2634 .2637 .2639 .2643 .2645 .2646 .2647 .2650 .2651 .2656 .2663 .2664 .2665 .2666 .2667 .2668 .2670 .2671 .2672 .2674 .2676 .2677 .2681 .2682 .2687 .2688 .2693 .2694 .2695 .2696 .2699 .2706 .2717 .2718 .2727 .2730 .2731 .2735 .2736 .2737 .2741 .2743 .2744 .2745 .2746 .2751 .2757 .2760 .2762 .2764 .2766 .2770 .2773 .2774 .2790 .2796 .2797 .2810 .2811 .2812 .2813 .2816 .2817 .2818 .2819 .2822 .2823 .2829 .2830 .2834 .2868 .2870 .2875 .2882 .2883 .2884 .2886 .2892 .2893 .2897 .2899 .2903 .2904 .2913 .2917 .2921 .2923 .2926 .2927 .2934 .2939 .2951 .2952 .2954 .2958 .2965 .2967 .2968 .2969 .2970 .2972 .2974 .2976 .2979 .2988 .2990 .3001 .3003 .3007 .3020 .3022 .3024 .3029 .3031 .3043 .3047 .3049 .3053 .3060 .3076 .3086 .3103 .3104 .3105 .3106 .3125 .3156 .3158 .3175 .3178 .3179 .3181 .3184 .3187 .3191 .3201 .3216 .3273 .3279 .3282 .3283 .3307 .3308 .3310 .3322 .3365 .3366 .3377 .3379 .3408 .3526 .3527 .3528 .3530 .3531 .3532 .3534 .3536 .3554 .3556 .3558 .3560 .3562 .3564 .3572 .3576 .3578 .3579 .3580 .3582 .3584 .3586 .3588 .3589 .3596 .3601 .3602 .3606 .3611 .3612 .3613 .3614 .3615 .3618 .3620 .3621 .3622 .3631 .3635 .3637 .3638 .3639 .3642 .3644 .3646 .3648 .3651 .3652 .3653 .3654 .3655 .3656 .3666 .3669 .3670 .3672 .3674 .3676 .3677 .3678 .3680 .3681 .3683 .3684 .3686 .3690 .3691 .3694 .3695 .3697 .3701 .3702 .3707 .3710 .3711 .3712 .3716 .3718 .3719 .3726 .3727 .3728 .3731 .3732 .3733 .3734 .3735 .3740 .3741 .3744 .3748 .3749 .3750 .3751 .3752 .3755 .3757 .3760 .3762 .3764 .3768 .3779 .3780 .3783 .3785 .3786 .3787 .3789 .3806 .3810 .3811 .3812 .3813 .3815 .3816 .3825 .3830 .3831 .3833 .3835 .3837 .3838 .3840 .3842 .3846 .3848 .3849 .3852 .3858 .3859 .3864 .3866 .3869 .3874 .3875 .3877 .3878 .3886 .3889 .3891 .3893 .3896 .3899 .3901 .3905 .3906 .3909 .3911 .3914 .3915 .3916 .3921 .3928 .3929 .3932 .3934 .3935 .3936 .3938 .3941 .3942 .3946 .3952 .3956 .3957 .3962 .3964 .3966 .3968 .3972 .3977 .3982 .3984 .3985 .3986 .3988 .3989 .3990 .3993 .3994 .3997 .3999 .4000 .4001 .4002 .4007 .4008 .4009 .4010 .4011 .4013 .4016 .4021 .4022 .4024 .4026 .4030 .4042 .4044 .4046 .4050 .4051 .4054 .4056 .4064 .4066 .4068 .4069 .4070 .4071 .4073 .4074 .4075 .4077 .4079 .4080 .4081 .4085 .4091 .4092 .4093 .4094 .4096 .4097 .4099 .4101 .4103 .4104 .4105 .4106 .4107 .4110 .4113 .4114 .4123 .4128 .4129 .4130 .4137 .4142 .4143 .4145 .4149 .4150 .4155 .4156 .4157 .4158 .4162 .4163 .4167 .4168 .4172 .4174 .4176 .4178 .4179 .4180 .4181 .4183 .4184 .4186 .4188 .4189 .4190 .4194 .4198 .4199 .4201 .4205 .4206 .4207 .4210 .4212 .4213 .4215 .4218 .4221 .4222 .4224 .4225 .4226 .4229 .4231 .4234 .4236 .4238 .4241 .4242 .4243 .4246 .4248 .4249 .4250 .4253 .4255 .4256 .4258 .4259 .4261 .4263 .4264 .4265 .4266 .4271 .4272 .4274 .4276 .4281 .4284 .4286 .4288 .4289 .4290 .4295 .4296 .4297 .4299 .4300 .4302 .4303 .4304 .4311 .4317 .4319 .4322 .4326 .4327 .4328 .4329 .4330 .4331 .4332 .4334 .4335 .4337 .4338 .4343 .4344 .4347 .4348 .4355 .4356 .4363 .4364 .4366 .4368 .4369 .4370 .4371 .4372 .4375 .4377 .4378 .4382 .4383 .4384 .4385 .4386 .4388 .4389 .4390 .4391 .4393 .4394 .4395 .4399 .4403 .4412 .4413 .4415 .4416 .4421 .4422 .4423 .4428 .4429 .4430 .4431 .4433 .4435 .4436 .4439 .4443 .4444 .4448 .4449 .4450 .4456 .4457 .4459 .4460 .4464 .4466 .4470 .4471 .4475 .4476 .4479 .4481 .4482 .4487 .4490 .4491 .4493 .4495 .4509 .4510 .4511 .4513 .4514 .4515 .4516 .4519 .4520 .4521 .4522 .4523 .4532 .4533 .4534 .4538 .4542 .4543 .4546 .4548 .4549 .4552 .4553 .4561 .4562 .4564 .4565 .4567 .4568 .4569 .4571 .4572 .4596 .4600 .4601 .4602 .4603 .4604 .4609 .4612 .4616 .4618 .4620 .4621 .4622 .4623 .4624 .4626 .4629 .4631 .4636 .4637 .4641 .4646 .4647 .4649 .4653 .4656 .4659 .4660 .4662 .4664 .4665 .4670 .4675 .4677 .4678 .4679 .4685 .4687 .4689 .4690 .4695 .4700 .4701 .4707 .4708 .4709 .4710 .4711 .4716 .4726 .4727 .4728 .4729 .4731 .4732 .4733 .4734 .4735 .4736 .4738 .4739 .4740 .4750 .4752 .4762 .4763 .4764 .4767 .4769 .4771 .4775 .4776 .4778 .4779 .4780 .4787 .4788 .4796 .4797 .4798 .4800 .4802 .4803 .4808 .4819 .4820 .4828 .4829 .4831 .4832 .4833 .4835 .4859 .4865 .4867 .4871 .4872 .4873 .4874 .4875 .4876 .4880 .4882 .4883 .4884 .4888 .4889 .4890 .4891 .4893 .4894 .4897 .4898 .4900 .4902 .4904 .4907 .4909 .4910 .4911 .4914 .4918 .4923 .4929 .4930 .4935 .4936 .4938 .4949 .4951 .4953 .4954 .4957 .4959 .4960 .4962 .4965 .4971 .4974 .4976 .4979 .4980 .4981 .4982 .4983 .4986 .4989 .4993 .4994 .4995 .4999 .5001 .5003 .5006 .5013 .5019 .5020 .5022 .5026 .5027 .5031 .5041 .5045 .5052 .5055 .5056 .5059 .5060 .5062 .5064 .5065 .5068 .5071 .5075 .5077 .5078 .5079 .5080 .5084 .5085 .5086 .5087 .5088 .5090 .5091 .5093 .5094 .5095 .5096 .5098 .5099 .5106 .5107 .5112 .5117 .5122 .5124 .5127 .5132 .5133 .5134 .5146 .5148 .5150 .5154 .5159 .5170 .5178 .5181 .5182 .5183 .5185 .5186 .5189 .5195 .5203 .5207 .5208 .5210 .5215 .5216 .5217 .5221 .5233 .5235 .5238 .5250 .5275 .5279 .5283 .5290 .5293 .5295 .5300 .5307 .5311 .5320 .5321 .5360 .5362 .5365 .5367 .5374 .5376 .5378 .5380 .5383 .5384 .5386 .5390 .5398 .5402 .5403 .5406 .5407 .5409 .5414 .5415 .5417 .5418 .5426 .5428 .5466 .5474 .5497 .5501 .5518 .5554 .5555 .5560 .5561 .5562 .5570 .5571 .5575 .5576 .5582 .5590 .5607 .5609 .5611 .5612 .5614 .5615 .5630 .5633 .5697 .5700 .5705 .5708 .5714 .5719 .5727 .5728 .5729 .5737 .5745 .5748 .5770 .5805

Select option: 31 
Exiting from interactive p-Quotient menu

Select option: 6 
