a2-action-kernels-are-recursive	Every type [A_2] action has a recursive kernel, so every action image has solvable word problem
a2-boone-higman-via-rs-two-graph-full-groups	Embed the Ã₂ group in the full group of its Robertson–Steger 2-graph, then embed that full group in a finitely presented simple full group
a2-group-embeds-in-full-group-of-its-rs-two-graph	A type rotating group acting freely on the vertices of an Ã₂ building embeds in the topological full group of its Robertson–Steger 2-graph groupoid
a2-group-embeds-in-rs-two-graph-geometric-proof	Proof by sector geometry that every vertex-free type rotating Ã₂ group acts on its Robertson–Steger boundary by finitely many cylinder exchanges, with no C*-algebra, simplicity or irreducibility input
a2-lattice-boundary-skew-shifts-are-quantum-rigid	Every cocompact lattice of a thick Ã2 building carries a minimal, topologically free, quantum-rigid SFT, obtained by transferring finite presentation of its boundary full-group host through the necessity theorem
a2-lattices-embed-in-fp-simple-groups	Every discrete cocompact group of automorphisms of a locally finite thick Ã₂ building, with or without torsion, exotic or not, embeds in a finitely presented simple group of type F_∞
a2-lattices-lie-in-permutational-bh-class	Every discrete cocompact group acting on a locally finite thick Ã₂ building lies in the permutational Boone–Higman class B_A, so finite direct products and finite-index overgroups of such lattices also embed in finitely presented simple groups
a2-lattices-pbh-via-stabilized-orbit-category	Take bh-groupoid's orbit category and host, split the rescaled category into strongly connected pieces, and apply the stabilized comparison to get a type (A) action
a2-lattices-satisfy-permutational-boone-higman	Every cocompact lattice of a locally finite thick Ã2 building, exotic or not and torsion allowed, lies in the type (A) class
a2-rs-matrices-irreducible-and-primitive-iff-type-transitive	For every group acting freely by type rotating automorphisms on the vertices of a thick Ã₂ building with finitely many orbits, both Robertson–Steger transition matrices are irreducible, and they are primitive exactly when the group is not type preserving (period 3 otherwise), by a local combinatorial argument in the vertex links
abelian-lamp-wreaths-are-rf-iff-stabilizers-are-closed	A permutational wreath product with nontrivial abelian lamps is residually finite exactly when lamps and acting group are residually finite and every point stabilizer is profinitely closed
abelian-subgroups-of-out-free-virtually-lift-to-aut	Every abelian subgroup of Out(F_n) has a finite-index subgroup that lifts homomorphically to Aut(F_n)
abstract-btb-pairs-fp-via-colored-stein-complex	Take finite presentation from the colored-Stein-complex criterion instead of FFWZ Theorem B(ii), and import relative simplicity and the pair embedding
abstract-twisted-bt-colored-subgroup-proof	Check the defining relations in the faithful groupoid, then read off triviality from the action on the Cantor cube with the free coordinates
abstract-twisted-bt-group-is-colored-subgroup-of-faithful-one	Every abstract twisted Brin--Thompson group is the subgroup of S-colored elements of a faithful twisted Brin--Thompson group, obtained by adding a free orbit to the action
abstract-twisted-bt-type-fn-colored-stein-proof	Run the faithful interval-filtration argument on the S-colored Stein complex of S'V_G, and get finite presentation from a pi_1 version of the filtration
abstract-twisted-bt-type-fn-criterion	For every action G on S, the abstract twisted Brin--Thompson group SV_G is finitely presented iff the action is of type [A_2], of type F_n iff it is of type [A_n], and of type FP_n iff it is of type [HA_n]
admissible-artin-pbh-reduces-to-free-partial-mapping-tori	An admissibly oriented Artin group A *_C B (C of index 2 in B) has an index-two twisted double of A, which embeds in the HNN extension of the free group A that twists the single subgroup C by an automorphism
admissibly-oriented-artin-groups-satisfy-boone-higman	Every Artin group whose defining graph admits an admissible partial orientation embeds in a finitely presented simple group
aff-q-bh-via-stein-interval-exchange-groups	Aff(Q) inside a finitely presented Stein interval-exchange group would give Boone–Higman for Aff(Q) through its breakpoint-orbit type (A) action
aff-q-embeds-in-a-stein-interval-exchange-group	Aff(Q) embeds in some Stein interval-exchange group V(1; Z[1/M], ⟨p : p | M⟩)
affine-self-similar-groups-are-function-field-linear	A finitely generated self-similar group of affine maps of F_p[[X]]^d is linear over a finite separable extension of F_p(X), so it has polynomial-time word problem and cannot host a two-counter KMS top with its lamps as translations
affine-self-similar-hosts-are-exactly-global-field-linear	A finitely generated group embeds in a finitely generated affine self-similar group over Z_p or F_q[[π]] if and only if it is linear over a global field
affine-thickening-hosts-are-never-fp	No residually finite thickening of an affine group by a finitary 3-cycle is finitely presented, in any dimension and over any Z[1/N]; periodization over a sublattice fakes every truncated presentation
affine-type-a-structure-groups-give-fp-simple-hosts	Affine type (A) - a saturated l-adic ring R and an oligomorphic permutation group G give a finitely presented virtually simple group of piecewise R[1/l]-affine maps of Z_l^D containing every GL_n(R)
algebra-bh-via-simple-self-similar-completions	Envelope decidable algebras by completions of free algebras along recursions with minimal aperiodic self-similar quotients
algebra-boone-higman-conjecture	Every finitely generated associative algebra with solvable word problem embeds in a finitely presented simple algebra
algebraic-interval-exchange-groups-satisfy-boone-higman	Every finitely generated group of interval exchanges, with or without flips, with real algebraic lengths and translations embeds in a finitely presented simple group; so do all subgroups of the Stein groups V(Z[u],⟨u⟩,ℓ) for suitable units u of every real number field
all-hyperbolic-groups-lie-in-one-fp-simple-group	One finitely presented simple group contains every hyperbolic group
all-hyperbolic-groups-one-fp-simple-host-via-nv	If every hyperbolic group lies in some nV, the common Brin-Thompson host contains them all
almost-all-one-relator-groups-bh-proof	Sapir--Spakulova embed generic one-relator groups in ascending HNN extensions of finitely generated free groups, and those embed in simple groups of type F_infinity
almost-all-one-relator-groups-satisfy-boone-higman	One-relator groups meeting the Sapir--Spakulova or Brown ascending-HNN criteria embed in simple groups of type F_infinity (the generic statement is not new)
almost-automorphism-torsion-subgroups-are-rf-proof	The depth cocycle vanishes at fixed points of torsion elements, a pushdown pumping argument bounds it on finitely generated torsion subgroups, and bounded depth change gives finite permutation quotients
almost-automorphism-torsion-subgroups-are-rf	Every finitely generated torsion subgroup of the almost automorphism group of a rooted regular tree is residually finite, so these groups, all Higman–Thompson groups and all Röver–Nekrashevych groups contain no infinite finitely generated group of finite exponent
almost-v-torsion-localization-proof	Singular sets obey a cocycle rule, the pointwise fixer of a finite singular orbit has germ map with kernel in V, and V is torsion locally finite
alternating-group-is-generated-by-local-commutators-proof	A 3-cycle over U, σU, τU turns h into h·(σhσ⁻¹)⁻¹ inside A, whose commutator with k is [h,k]; Nekrashevych's theorem makes the resulting normal subgroup all of A
alternating-group-is-generated-by-local-commutators	For a minimal groupoid of germs on the Cantor space, Nekrashevych's alternating group is exactly the subgroup generated by commutators of pairs supported in a common clopen set with two disjoint translates; so D([[G]]) is simple iff global commutators are products of such local ones
amalgams-of-orbit-finite-actions-are-type-a2	Two actions of finitely presented groups on one set, glued along a common orbit-finite subgroup, give a type [A_2] action of the amalgam; regular subgroups of type (A) actors export their holomorphs into relative PBH, with a free kernel as the only gap to PBH
amenable-crossed-product-units-are-linear-sofic	Over a minimal action of an amenable group, every GL_n of the binary crossed product is linear sofic and its full group is sofic, so in Track B the Leavitt factor is the only source of non-sofic inputs
amenable-groupoid-full-groups-are-exact	Every topological full group of an amenable ample groupoid with compact unit space is exact (the synthesis diagnostic Q-exact)
amir-lazarovich-lattice-torsion-is-square-diagonals	In the Amir–Lazarovich lattices on T_c × X_{O_d}, every torsion element of the colour-preserving part is conjugate to a square diagonal DD', so their simple lattice is torsion-free (and of cd 3) iff every DD' survives in a finite quotient
amir-lazarovich-plus-subgroup-is-perfect	Abelian quotients of the colour-preserving subgroup of a one-vertex lattice in T × X_L are transducer cocycles; for every Amir–Lazarovich lattice Λ'^+ is perfect, whatever the BMW seed
amir-lazarovich-simple-lattice-has-torsion-iff-index-four	In every Amir–Lazarovich lattice Λ' all square diagonals DD' are conjugate, so the simple lattice Λ is torsion-free (hence of cd 3) iff Λ ≠ Λ'^+, iff Λ'^+ is not simple
amir-lazarovich-simple-lattices-have-torsion-proof	One collapsed pair of generators spreads along untwisted y-moves to all of V(O_d), then to Z, so every finite quotient of Λ' is a quotient of (Z/2)²
amir-lazarovich-simple-lattices-have-torsion	The finitely presented simple lattices of Amir–Lazarovich in T_c × X_{O_d} are exactly the index-4 colour-preserving subgroups, so they contain involutions and have infinite cohomological dimension
analytic-codings-make-contracting-recursions-analytic-proof	The recursion transports each breakpoint t to g_u(t), and the orbit of a point other than the fixed point is infinite
analytic-codings-make-contracting-recursions-analytic	In a real-analytic tree coding of the Cantor space, a piecewise-analytic map satisfying a contracting recursion y∘g_u = g_v∘y has no breakpoint away from the fixed point of g_u
annular-free-factor-germ-extensions-fail-bhm-singfix	In a finite germ extension of V whose germ group at 0^∞ has the zoom as a free factor, with the other factor preserving every cone 0^nC, the one-point SingFix group is not finitely presented; finite annular actions also exclude the ascending alternative
annular-free-factor-singfix-colimit-proof	SingFix({p},{p}) is the strictly increasing colimit of the finitely presented amalgams V_p *_(B_n) B_n H
annular-free-product-germ-hosts-are-not-finitely-presented	The free-product germ hosts <V, Ĝ> of residually finite groups are never finitely presented, because finite presentation forces the annular actions to be determined by finitely many relations
annular-free-product-hosts-not-fp-proof	Short words see a bounded window of depths, and inside the window the ping-pong free product decides triviality, so one deep annulus can be changed without changing short relations
annular-free-zoom-window-equations-proof	Split points into shallow ones and deep cylinders, read deep actions as germ words evaluated at a depth, and perturb one deep annulus by conjugation
annular-hosts-with-free-zoom-germs-are-not-finitely-presented	An annular germ host <V, Ĝ> whose germ group at 0^∞ is the free product of the input germs and the zoom is never finitely presented; finite presentation needs relations across depths
aperiodic-full-groups-lift-along-factor-maps	The topological full group of an aperiodic Cantor system embeds in the full group of every extension, by lifting cocycles along the factor map
aperiodic-point-stabilizers-in-germ-extensions-of-v-are-not-fg	In a group of Cantor homeomorphisms containing V, the stabilizer of a non-eventually-periodic point where every element is locally a prefix replacement is not finitely generated
arbitrarily-complex-fp-simple-via-transcendental-slope-thompson	Finitely presented simple hosts of the Liouville-slope Thompson groups D(V_λ) inherit their arbitrarily hard word problems
arithmetic-lie-lattices-faithful-bs-proof	The kernel is discrete and normalized by a non-discrete group; its identity component centralizes the kernel and, by Borel density, contains a simple factor
arithmetic-lie-lattices-have-faithful-bs-members	Every irreducible arithmetic lattice in a semisimple Lie group has a faithful Hecke member in its Baumslag--Solitar class, so the whole class lies in the permutational Boone--Higman class; this includes closed surface groups
arithmetic-nsp-faithful-bs-member-proof	A nontrivial kernel would be a finite-index subgroup normalized by c, and a countable normalizer is discrete
arithmetic-nsp-lattices-have-faithful-bs-members	A commensurator element with no power in the lattice gives a faithful Hecke HNN extension of any torsion-free lattice with the normal subgroup property
artin-deligne-boundary-actions-are-topologically-free	A finite-type Artin group acts faithfully on its Deligne normal-form boundary, topologically freely when irreducible, and so does its quotient by the central Garside power
artin-groups-embed-in-decorated-garside-odometer-groups	Every finite-type Artin group with at least two generators embeds in the type F_infinity full group of its decorated Garside odometer category
artin-groups-mod-central-garside-power-are-continuous-automatic	Modulo a central power of its Garside element, a finite-type Artin group is continuous automatic, with normal forms the positive Deligne forms having fewer leading Delta letters than that power
artin-groups-satisfy-boone-higman	Every Artin group with solvable word problem embeds in a finitely presented simple group
artin-hub-cones-reduce-pbh-to-coned-cliques-proof	Split the hub cone along the folded star of any vertex whose star is not everything, folding the vertex and all non-neighbours onto the hub, and induct down to coned cliques
artin-hub-cones-reduce-pbh-to-coned-cliques	Adding a hub vertex whose labels divide the incident edge labels embeds an Artin group in one that splits over folded stars, reducing permutational Boone--Higman to the coned maximal cliques
artin-mod-central-garside-continuous-automatic-proof	Take the lift with infimum below c, show left multiplication moves the infimum by at most one, and read continuity off the sequential left action on left-greedy forms
artin-normal-form-boundary-full-groups-fix-a-point	The Deligne normal-form boundary of a finite-type Artin group has a global fixed point, so its topological full group is never simple
artin-ordinary-foldings-are-retractions-proof	Check each Artin relator under the folding, using the Garside identity Π(z,z';km') = Δ^k in the dihedral group of label m'
artin-ordinary-foldings-are-retractions	A folding of the generators of an Artin group onto a standard parabolic subgroup that respects every edge is a retraction; every cyclic standard parabolic subgroup is a retract via the length homomorphism
artin-pbh-reduces-along-folding-separators-proof	Identify A_Γ with the amalgam over the folded parabolic, apply common-retract closure, and induct over the block-cut tree
artin-pbh-reduces-along-folding-separators	An Artin group lies in the permutational Boone--Higman class iff the two sides of any separation over a foldable parabolic do; in particular iff every block of its defining graph does
artin-pbh-reduces-to-free-of-infinity-artin-groups-proof	Split the clone double along each original non-edge u|w, folding u onto its clone û and w onto ŵ, until the pieces are complete
artin-pbh-reduces-to-free-of-infinity-artin-groups	Every Artin group lies in the permutational Boone--Higman class iff every Artin group with complete defining graph (free of infinity) does, via a clone double in which each infinity splitting is over a common retract
artin-pbh-reduces-to-odd-component-cliques	An Artin group lies in the permutational Boone--Higman class iff the Artin groups on the unions of odd components over cliques of the odd-component graph do; for even labels, iff every clique Artin group does
ascending-hnn-of-free-groups-bh-proof	Extend the endomorphism to an isomorphism of finite-index subgroups of F * Z by M. Hall's theorem, embed the mapping torus in the resulting generalised Baumslag--Solitar group over F_2, and apply BLIW
ascending-hnn-of-free-groups-satisfy-boone-higman	Every ascending HNN extension of a finitely generated free group embeds in a simple group of type F_infinity, so all mapping tori of injective free group endomorphisms satisfy Boone--Higman
ascending-hnn-of-isolated-groups-embed-in-isolated-groups	Groups embeddable in isolated groups are closed under finite products and finite extensions, and contain every ascending HNN extension of an isolated group
ascending-hnn-of-isolated-groups-proof	Discriminate products through centres and commutators, wreath with S_k by the centralizer of the base, and split ascending HNN extensions by whether something outside the base centralizes it
attracting-fixed-point-centralizers-embed-in-germ-groups	The centralizer of a homeomorphism with an attracting fixed point of dense basin embeds in the germ group at that point; in 2V a diagonal north-south flow z^p x z^q with pq != 0 has centralizer exactly Z^2
aut-free-groups-quasi-isometrically-embed-in-fp-simple-groups	Every Aut(F_n) quasi-isometrically embeds in a finitely presented simple group, and the BFFHZ host distorts a subgroup of Aut(F_n) exactly as Aut(F_n) does
aut-free-qi-embedding-in-twisted-brin-thompson-proof	Kill the normal closure of V to retract Aut_V(V*F_n) onto Aut(F_n), then quasi-retract SV_Γ onto Aut_V(V*F_n)
aut-out-free-abelianized-extension-virtually-splits-proof	Dividing the Fox determinant cocycle by n minus one on the subgroup where it is divisible gives a section of the abelianized extension
aut-out-free-abelianized-extension-virtually-splits	The abelianized extension of Out(F_n) by H_1(F_n) splits over an explicit finite-index subgroup, so the abelian level carries no integral obstruction to virtual sections
aut-out-free-nilpotent-tower-virtually-splits	Every nilpotent quotient of the extension of Out(F_n) by its inner automorphisms splits over a finite-index subgroup
automatic-actor-twisted-brin-thompson-groups-have-pspace-wp	Every finitely generated subgroup of a twisted Brin--Thompson group SV_Γ whose actor Γ acts on a regular language by synchronous rational permutations has word problem in PSPACE, and in coNP when the actor's orbit and identity problems are in P
automatic-actor-twisted-brin-thompson-wp-proof	Split a word of SV_Γ into its actor part and conjugated brick maps; the actor part is an on-the-fly automaton product and the brick part has short moved-point certificates
automatic-groups-bh-via-normal-form-germ-extensions	Normal-form germ extensions that meet the Belk--Hyde--Matucci hypotheses would put every automatic group in the permutational Boone--Higman class
automatic-groups-embed-in-corner-germ-extensions	Every automatic group embeds in a normal-form germ extension of a boundary Thompson group that meets the Belk--Hyde--Matucci finiteness hypotheses
automatic-groups-satisfy-boone-higman	Every automatic group embeds in a finitely presented simple group
automaton-groups-bh-via-lift-presented-overgroups	Embed every automaton group in an automaton group whose relator kernel is a finitely generated lift ideal, then apply the lift-ideal Boone–Higman theorem
automaton-groups-embed-in-lift-presented-automaton-groups	Every automaton group embeds in an automaton group whose relator kernel is a finitely generated lift ideal
automaton-groups-satisfy-boone-higman	Every automaton group embeds in a finitely presented simple group
automaton-tail-full-groups-have-conp-relative-word-problem-proof	Guess a cylinder of depth linear in the word length, push it through the tables keeping prefixes long, and test the final prefixes and tail words
automaton-tail-full-groups-have-conp-relative-word-problem	Groups of piecewise prefix-and-automaton homeomorphisms have word problem in coNP relative to their automaton groups, so the odometer and affine 2V hosts are coNP-complete and no such host goes beyond PSPACE
automorphism-twisted-shell-actions-have-finitely-many-orbits	If the shift twists a genuine shell action by an automorphism, all but finitely many points lie in finitely many infinite orbits
automorphisms-fixing-open-boundary-sets-fix-large-balls	An automorphism of a thick Euclidean building that fixes an open set of chambers at infinity fixes an apartment and balls of every radius pointwise
b-a-groups-embed-in-full-hosts-with-free-torsion	Every group in B_A embeds in a full clopen-transitive Cantor group in B_A in which prescribed finite subgroups act freely
b-tilde-artin-groups-satisfy-permutational-boone-higman	Every Euclidean Artin group of type B̃_n embeds in Aut(F_M), satisfies permutational Boone--Higman, and embeds in a finitely presented simple group
b-tilde-artin-groups-via-one-cone-point-fibration-proof	Normalize the two special points by an affine map, parametrize the conic by C^×, and fibre over the configuration of the strands and the puncture
b-tilde-artin-groups-via-one-cone-point-fibration	Moving the two special points of the B̃_n orbifold into the configuration gives a punctured-curve bundle over Conf_(n+1)(C), a second proof that every A(B̃_n) lies in B_A
b3-center-first-germ-condition-proof	Proof of thinness, the germ-condition failure for the Deligne language, and the central-letter repair for B_3
b3-center-first-normal-form-passes-the-germ-condition	On the Deligne boundary of B_3 = Mod(S_1^1) the generators are thin but the germ condition fails because <Delta> is not normal in the germ group B_3; writing the central Delta^2 as a leading letter repairs it, giving an F_infinity full germ extension of V with germ group B_3 over its center
b3-deligne-boundary-is-nonsingular-rank-three-is-not	B_3 modulo its centre acts on its Deligne boundary by local prefix replacements, while every irreducible finite-type Artin group of rank at least three has singular boundary points
bartholdi-multi-substitution-hnn-surjects-onto-free-group	The finitely presented group built from an ascending L-presentation with k ≥ 2 substitutions surjects onto the free group of rank k, so the amenability clause of Bartholdi's Theorem thm:hnn needs a single substitution
basilica-fp-amenable-hnn-satisfies-boone-higman	The Bartholdi–Virág finitely presented amenable HNN extension of the Basilica group embeds in a finitely presented simple group
baum-connes-with-coefficients-separates-boone-higman	Boone–Higman predicts a finitely presented simple counterexample to the Baum–Connes conjecture with coefficients, and fails if every finitely presented simple group satisfies it
baumslag-gersten-group-is-highly-transitive-and-mif	The Baumslag--Gersten group is acylindrically hyperbolic, highly transitive and mixed-identity-free, yet every faithful action of it with finitely many orbits of two-element subsets has an infinitely generated point stabilizer
baumslag-gersten-group-maps-onto-higman-groups	Killing the n-th power of the stable letter turns the Baumslag--Gersten group into Higman's group H_n extended by a cyclic group of order n
baumslag-gersten-group-satisfies-boone-higman	The Baumslag--Gersten group embeds in a finitely presented simple group
baumslag-gersten-pbh-reduces-to-higman-group-and-a-lamp-wreath	If Higman's group H_4 lies in the permutational class inside an actor Gamma, and the lamplighter Z/2 wr over the cosets of <a_0> in Gamma does too, then the Baumslag--Gersten group lies in the permutational class
baumslag-gersten-splits-over-bs12-edges	The Baumslag--Gersten group is a non-ascending HNN extension of the height-two Baumslag--Solitar tower over BS(1,2) edges, whose edge can act transitively, so the stable-permutation route reduces BG in B_A to a type (A) actor for the tower with shift-symmetric edges
baumslag-solitar-and-free-by-cyclic-satisfy-boone-higman	All Baumslag--Solitar groups and all free-by-cyclic groups embed in finitely presented simple groups
baumslag-solitar-groups-are-free-by-metabelian	Every Baumslag--Solitar group BS(m,n) with m, n nonzero is free-by-metabelian, so it is residually solvable and is the limit of its solvable quotients BS(m,n)/BS(m,n)^(k)
bbmz-oligomorphic-and-twisted-questions-are-pbh-forms	BBMZ Question 1.5 is equivalent to the permutational Boone--Higman conjecture, and BBMZ Question 1.6 is equivalent to BFFHZ Question 3.4, while its abstract reading is answered by FFWZ
bbmz-oligomorphic-twisted-questions-proof	The clopen action of a finitely presented twisted Brin--Thompson group is oligomorphic with finitely presented finite-set stabilizers; Clapham handles the finitely presented hypothesis
bell-generalized-cobham-theorem-citation	Import Bell's Theorems 1.4 and 1.5 and Definitions 1.2–1.3 (generalized Cobham theorem for regular sequences), read at source
bell-generalized-cobham-theorem	Bell's generalized Cobham theorem — a sequence that is (R,k)- and (R,l)-regular for multiplicatively independent k, l satisfies a linear recurrence over R
bffhz-q33-is-normal-finite-generation-of-mixed-identities	BFFHZ Question 3.3 at rank k says the k-variable mixed identities of G are normally finitely generated, it descends to all lower ranks, and it forces a finite basis over overgroups
bffhz-q33-mixed-identities-proof	Proof that BFFHZ Question 3.3 is normal finite generation of mixed identities, descends in rank and forces a finite basis
bg-in-isometric-brick-hosts-needs-unbounded-exponents	In any group of brick maps of C^n with isometric sections (nV, 2V_tau, the affine 2V hosts), a nontrivial image of the Baumslag--Gersten generator a has zero periodic exponents, unbounded exponent sums and zero entropy, so the landed BS(1,2) copies in 2V_tau never extend to BG
bh-class-decidable-amalgams-from-free-products-and-hnn	Free-product closure plus decidable-edge HNN permanence give closure of the Boone--Higman class under decidable amalgams and finite graphs of groups
bh-class-decidable-amalgams-proof	Realize the amalgam inside the HNN extension of A * B along C, and induct over a maximal tree
bh-class-finite-extensions-reduce-to-finite-simple-wreaths	The Boone--Higman class is closed under finite extensions iff finite-simple wreaths of finitely presented simple groups embed, given squares
bh-class-finite-extensions-wreath-proof	Kaloujnine--Krasner twice, associativity of permutational wreaths, and induction on composition length
bh-class-free-products-iff-joint-embedding-and-free-z	The Boone--Higman class is closed under free products iff finitely presented simple groups have joint embedding and each U * Z embeds
bh-class-free-products-iff-joint-embedding-proof	Free products of subgroups inject, and U * U embeds in U * Z by conjugating the second factor
bh-embeddability-survives-decidable-edge-hnn	HNN extensions over finitely generated edges with decidable membership preserve embeddability into finitely presented simple groups
bh-embeddability-survives-magnus-subgroup-hnn	Magnus-subgroup HNN extensions of one-relator groups with finitely presented simple envelopes have finitely presented simple envelopes
bh-separators-must-omit-nested-decidable-hosts	A property separating Boone–Higman must omit a simple Kazhdan group with solvable word problem inside a finitely presented group with solvable word problem, and the only hereditary decision-problem separators are word-problem complexity bounds
bhm-corollary-hosts-over-v-are-cover-centralizer-groups	Every finite germ extension of V that Belk–Hyde–Matucci Corollary 2.10 certifies lies in an explicit cover-centralizer group of bounded word-problem complexity, so that corollary cannot carry Boone–Higman
bhm-singfix-finiteness-holds-for-type-fp-n	Belk–Hyde–Matucci's finiteness theorem for finite germ extensions holds verbatim with type FP_n in place of type F_n
bieri-strebel-line-rigidity-proof	Finitely many of Bieri--Strebel's order-dependent conjugation relations survive every nearby deformation, while the rest detect the sign of every breakpoint, so nearby deformations are homotheties
binary-leavitt-elementary-groups-have-trivial-core-endomorphisms	The simple Kazhdan groups EL_n over the binary Leavitt algebra have an injective, non-surjective corner endomorphism with trivial core
binary-leavitt-trivial-core-endomorphism-proof	Proof that the corner endomorphism of EL_n over the binary Leavitt algebra is injective, not surjective, and has trivial core
binary-self-similar-completions-over-free-bases-have-zero-kh	Every binary Leavitt–Nekrashevych or self-similar completion of a free algebra has vanishing homotopy K-theory, so for those finitely presented hosts the K-gate G3r is purely a nil-term question
bishop-schesler-branch-groups-are-annular-hosts-over-v	Every Bishop–Schesler branch group embeds in a one-orbit finite germ extension of Thompson's V, as an annular host whose germ group at the spinal point contains G × Alt(6) faithfully
bishop-schesler-branch-hosts-act-on-no-regular-rooted-tree	For infinite G the Bishop–Schesler branch group Γ contains Alt(|G/N_n|+5) for every n, hence every finite group, so it acts faithfully on no regular rooted tree and lies in no self-similar or automaton group on a regular tree
block-power-germ-schedules-with-fp-germ-group-are-exponential	A singular germ that runs one fixed homeomorphism f(d) times on the d-th annulus generates, with the annulus contraction, a finitely presented germ group only if f satisfies a linear recurrence, so f grows at most exponentially
boolean-inverse-monoid-finite-presentation-is-finite-type-proof	Build the additive map out of the bisection monoid from the canonical λ-decomposition and Stone duality; for the converse, map into the finite-type approximations and read off the dual map
boolean-inverse-monoid-finite-presentation-is-finite-type	The Boolean inverse monoid of a subshift crossed product, with or without Thompson's V, is finitely presented exactly when the subshift is of finite type
boone-higman-closed-under-finite-direct-products	The direct product of two groups that embed in finitely presented simple groups embeds in a finitely presented simple group
boone-higman-iff-fp-just-infinite-hosts	Boone-Higman is equivalent to embedding every decidable finitely generated group in a finitely presented just-infinite group
boone-higman-iff-simple-kazhdan-decidable-inputs	Boone--Higman is equivalent to its restriction to infinite finitely generated simple Kazhdan groups with solvable word problem
boone-higman-is-equality-of-two-sigma-3-index-sets-proof	Proof of the index-set form of Boone-Higman via a cofinite/noncomputable splitting and circulant graph wreath products
boone-higman-is-equality-of-two-sigma-3-index-sets	Boone-Higman says two Sigma_3 index sets coincide; the decidable one is Sigma_3-complete, so under Boone-Higman the embeddable one is too
boone-higman-uniform-in-word-problem-algorithms	Boone-Higman envelopes can be computed uniformly from a finite presentation together with a total word-problem algorithm
boone-higman-via-genuine-action-shell-envelopes	Present a genuine-action shell envelope of an overgroup and apply the twisted Brin–Thompson criterion
boone-higman-via-germ-steinberg-algebra-presentation	Prove Boone--Higman by finitely presenting the germ-groupoid Steinberg algebra of a shell envelope instead of the envelope itself
boone-higman-via-houghton-like-shift-envelopes	Embed the input in a decidable finite presentation, pass to a Houghton-like envelope H_n(E_nu(P)) with n >= 2, and use Zaremsky's type (A) theorem for finitely presented strongly shift-similar groups
boone-higman-via-leavitt-units-of-rigid-topologically-free-sfts	Put the group inside the acting group of a finitely presented minimal topologically free crossed product with torsion-free isotropy, then pass to the units of its Leavitt tensor
boone-higman-via-stabilizer-engines	Put the input in a finitely generated decidable simple group S, then take the derived full group of Z/2 * S on its compactified Bass–Serre tree
boundary-orbit-wreaths-over-tree-groups-are-not-fp	A group of tree automorphisms has infinitely many orbits on pairs of any infinite boundary orbit, so lamp wreath products over such orbits are never finitely presented
bounded-automaton-groups-embed-in-fp-automaton-groups	Every bounded automaton group embeds in a finitely presented automaton group
bounded-determination-simulations-only-realize-sft-shadows	A plane-constant simulation whose computation layer is determined by skeleton and data inherits rigidity but only simulates SFTs; so simulating a non-SFT forces computation-layer ambiguity, which is where G2 lives
bounded-last-section-ascending-hnns-bh-proof	Proof that last-section ascending HNN extensions of bounded automaton groups embed in contracting Röver–Nekrashevych groups
bounded-last-section-ascending-hnns-satisfy-boone-higman	Ascending HNN extensions of bounded automaton groups along last-section endomorphisms with finite, eventually finitary first sections satisfy Boone–Higman and permutational Boone–Higman
bounded-orbit-subgroups-have-infinitely-many-double-cosets	A subgroup with a bounded orbit in an isometric action that has an unbounded orbit has infinitely many double cosets, and a commensurated subgroup with finitely many double cosets has finite index
braid-group-qi-embedding-via-handle-capping-proof	Cap every hole of the n-holed disk with a one-holed torus, use Hamenstädt--Hensel in Out(F_2n), and lift to Aut(F_2n) along the boundary
braid-groups-in-2v-via-pure-braid-raag-embedding	Pure braid groups inside right-angled Artin groups put finite-index subgroups of braid groups in 2V
braid-groups-quasi-isometrically-embed-in-fp-simple-groups	Braid groups, and mapping class groups of surfaces with boundary, quasi-isometrically embed in finitely presented simple groups
braid-groups-virtually-embed-in-brin-thompson-2v	For every m, some finite-index subgroup of the braid group B_m embeds in the Brin--Thompson group 2V
branch-group-embeddings-in-v-are-boundary-sandwiched	A finitely generated branch group embeds in V iff some boundary-sandwiched Schreier graph is context-free; with finite germs this forces an exponential-growth boundary orbit, so bounded-automaton branch groups never embed
branch-group-embeddings-in-v-boundary-sandwich-proof	A single faithful context-free orbit, forced to exponential growth by non-elementary-amenability, is multi-ended, hence boundary-sandwiched, and with finite germs finitely covers a boundary orbit
branch-host-v-recoding-proof	Recode the growing-alphabet tree by fixed codewords for the scaffold letters, read the spinal generators as annular data, split the germ group into a Y-part and a central Z-part, and run the window lemma and the deep-perturbation argument on the Y-part
branch-host-v-recodings-need-recurrent-residual-chains	The binary recoding of a Bishop–Schesler branch group is an annular germ host over V whose alternating scaffold commutes with the zoom, so finite presentation depends only on cross-depth recurrences among the input's residual-chain actions; free recurrences kill it, and one-step recurrences are exactly virtual endomorphisms
brick-diagonal-ascending-hnn-embedding-proof	Push the code digit into a fresh coordinate; the pushing map conjugates h x id to its brick diagonal, and the fresh coordinate separates the stable letter
brick-diagonal-ascending-hnns-embed-in-brin-thompson-groups	Renormalization compiler - every ascending HNN extension of a subgroup of kV along a brick diagonal embeds in (k+1)V
brick-diagonal-power-conjugacy-forces-zero-drift	If a brick diagonal sends b to a proper power b^m, every b-invariant measure has zero exponent drift
brick-diagonal-power-conjugacy-zero-drift-proof	Spread an invariant measure over the code pieces, compare drifts, and use boundedness of the drift set
brin-thompson-2v-is-torsion-locally-finite	Every finitely generated periodic subgroup of the Brin–Thompson group 2V is finite
brin-thompson-aperiodic-elements-have-logarithmic-movement	An element of nV with a non-periodic point moves some coordinate by more than K within 2^(n(L+2K+1)) steps, so its exponent sums are at least logarithmic infinitely often
brin-thompson-groups-contain-full-groups-of-their-elements	For g in nV and a clopen g-invariant set U, the whole topological full group of g on U (extended by the identity) lies in nV
brin-thompson-groups-contain-infinite-periodic-groups	For some n ≥ 2, the Brin–Thompson group nV contains an infinite finitely generated periodic group
brin-thompson-torsion-has-clopen-fixed-sets-proof	Proof that torsion in nV fixes clopen sets, that minimal dihedral actions by involutions of nV are free, and of the level-coboundary finiteness criterion
brin-thompson-torsion-has-clopen-fixed-sets	Torsion elements of Brin–Thompson groups nV fix clopen sets, so every minimal dihedral action by involutions of nV is free, and a finitely generated subgroup of nV is finite exactly when its level cocycle is a continuous coboundary
bs-1-m-embeds-in-brin-thompson-3v-for-odd-m	For every odd m >= 3 the Baumslag-Solitar group BS(1,m) embeds in the Brin-Thompson group 3V
bs-1-m-in-3v-via-odd-smart-renormalization	A height-m renormalization of SMART_m induced on level-zero moves gives BS(1,m) in 3V for every odd m
bs-1-minus-m-embeds-in-brin-thompson-3v-for-odd-m	For every odd m >= 3 the Baumslag-Solitar group BS(1,-m) embeds in the Brin-Thompson group 3V
bs-chain-configurations-exist-in-finite-germ-extensions-of-v	A finitely generated finite germ extension of Thompson's V with two singular orbits of rational points contains a Baumslag-Solitar chain configuration, realized tamely by translation, dilation and a dyadic square map on the extended line
bs-class-faithful-member-type-a-proof	Glue the faithful member onto the input along a common finite-index subgroup, then apply the faithful type (A) theorem
bs-class-with-faithful-member-lies-in-type-a-class	If the generalized Baumslag--Solitar class over a finitely presented group has one faithful member, the whole class lies in the permutational Boone--Higman class
bs-classes-over-virtually-quotient-free-groups-have-big-kernels	If the finite residual of G has finite index, every member of BS_G has a tree kernel of finite index in its vertex groups, and is virtually the kernel semidirect a free group
bs-conjugator-invariant-compactum-proof	The BS(1,k) conjugator divides levels of a cocompactly wandering map by k, so a bounded band of fundamental domains is backward invariant and its backward limit is a compact invariant set
bs-conjugators-of-wandering-maps-have-invariant-compacta	If a homeomorphism a of a compact space acts properly and cocompactly on its wandering set, every b with b a b^-1 = a^k (|k| >= 2) has a nonempty compact invariant subset of that wandering set; so in Baumslag--Gersten actions a is never of finite Morse--Smale type
bs-quotient-free-big-kernel-proof	Finite residuals are characteristic, lie in every finite-index subgroup, and are carried onto each other by the edge maps
bs-quotients-keeping-a-commutator-have-a-commensurated-core	In every quotient of BS(m,n) (gcd(m,n) = 1, |m|, |n| ≥ 2) that keeps [tat^-1, a] nontrivial, the kernel is free, the image of <a> is an infinite cyclic commensurated core-free subgroup whose normal closure is the kernel of a modular character onto Z, and an isolated such quotient has a rigid normal structure
bs-quotients-keeping-a-commutator-need-distortion	In a quotient of BS(m,n) (gcd(m,n) = 1, 2 ≤ |m| < |n|) that keeps [tat^-1, a], the image of a is a distorted element of infinite order; so no such quotient is torsion-by-(a group with undistorted cyclic subgroups) or torsion-by-PL, which excludes every Thompson-, Stein-, Houghton- and hyperbolic-type isolated host
bs12-base-generator-centralizer-proof	Put BS(1,4) = <a^2, b> in PSL_2(Z[1/2]), cut out <b> by the tree-vertex stabilizer PSL_2(Z), and induce from index two
bs12-base-generator-is-a-centralizer-in-b-a	The cyclic subgroup generated by the base generator of BS(1,2) is a centralizer in a B_A overgroup, so the coset lamplighters over BS(1,2)/<b> and the identity-edge HNN <a, b, t | b^a = b^2, [b, t] = 1> lie in B_A although they are not quasi-linear
busemann-transplants-give-free-sfts-on-building-lattices	Corner-deterministic strongly aperiodic Z^r-SFTs transplant along Busemann coordinates to free SFTs over building lattices; with Kari–Papasoglu tiles, every simply-transitive rank-2 building lattice with an SFT boundary shift carries a strongly aperiodic SFT
busemann-transplants-of-rigid-z2-sfts-are-quantum-rigid	The Busemann transplant of a quantum-rigid corner-deterministic Z^r-SFT to a building lattice is quantum rigid, provided the boundary shift is; reduced here to one centrality statement
c-tilde-artin-groups-satisfy-permutational-boone-higman	Every Euclidean Artin group of type C̃_n embeds in B_(n+2), satisfies permutational Boone--Higman, and embeds in a finitely presented simple group
cantor-cover-germ-extension-of-v-is-fp-simple	The full germ extension of V by all germs commuting with its dyadic V-germs is a finitely presented simple group containing the lamplighter C(C,Z) ⋊ V and Q
cat0-groups-on-hyperbolic-plane-times-tree-lie-in-type-a-class	Every group acting geometrically on the hyperbolic plane times a locally finite tree lies in the permutational Boone--Higman class, and so does every group on a symmetric space times a tree whose fibre groups are residually finite irreducible arithmetic lattices
cat0-groups-on-symmetric-space-times-tree-lie-in-type-a-class	Every group with virtually torsion-free fibre groups acting geometrically on an irreducible symmetric space of noncompact type times a locally finite tree lies in the permutational Boone--Higman class
cat0-groups-satisfy-boone-higman	Every CAT(0) group embeds in a finitely presented simple group
cat0-groups-with-a-tree-factor-lie-in-type-a-class	A CAT(0) group on a product with a tree factor lies in the permutational Boone--Higman class whenever its fibre group has a faithful Baumslag--Solitar member; in particular every CAT(0) group on Euclidean space times a tree does
cat0-hyperbolic-plane-tree-type-a-proof	The fibre group is virtually a surface group or commensurable with an arithmetic lattice; feed it to the tree-factor theorem
cat0-symmetric-space-tree-type-a-proof	Split along the tree; a torsion-free fibre lattice either has a non-discrete commensurator, giving a faithful Hecke member, or forces a virtual product with a free group
cat0-tree-factor-type-a-proof	Split along the tree factor into a graph of fibre groups, then apply the faithful-member theorem for BS_G
central-extension-shear-lift-into-rational-projective-groups	Shear lift - a central Z-extension of a subgroup of the rational projective full group T_m whose class dies on its action groupoid embeds in T_(m+2), with the centre acting as an integral shear
central-extension-untwisting-over-boundaries	A finite central extension can be realized over a boundary action with the kernel acting freely only if its class dies on every point stabilizer, and stabilizing by the Cuntz groupoid cannot remove this obstruction
central-extension-untwisting-proof	Continuous cocycles splitting the constant extension, their restriction to stabilizers, the retract through a unit, and the square complex count
central-extensions-of-thompson-f-contain-f-proof	The flip reverses Brown's product and acts by −1 on H_2(F), so the flip-twisted juxtaposition diagonal kills H_2(F) and all trivial-coefficient H^2
central-extensions-of-thompson-f-contain-f	Thompson's group F has a self-embedding killing all of H^2(F;A), so every central extension of a group containing F contains F
central-kazhdan-residual-separator-for-boone-higman	The class of groups whose Kazhdan subgroups have only finitely many central elements dying in every finite quotient separates Boone–Higman iff every finitely presented simple group is in it; Deligne's lattice and St_N(R_L) are decidable witnesses outside it, and every rank-one cone host is inside it
centralizer-amalgams-are-free-permutational-wreaths	An amalgam A *_C (C x P) is the free permutational wreath product of P by A over A/C, and it restricts to subgroups of A by intersecting C
centralizer-amalgams-embed-in-relative-holomorphs	For any group G, finite F in G and P ≤ G, the amalgam G *_{C_G(F)} (C_G(F) x P) embeds in the relative holomorph (G * Z) ⋊ Aut_G(G * Z)
centralizer-amalgams-free-wreath-proof	Write down the two homomorphisms between the amalgam and the free wreath and check they are inverse on generators
centralizer-amalgams-relative-holomorph-proof	Conjugates of P by the words c(h) generate a free product that μ(G) permutes like G/C_G(F), so they form a free wreath product
centralizer-realizable-subgroups-are-pullback-closed-proof	Lamp at a point of a type (A) actor, a graph embedding into G × L_Q for pullbacks, and a finite lamp configuration for finite-index enlargements
centralizer-realizable-subgroups-are-pullback-closed	Subgroups realizable as centralizers in B_A overgroups are exactly the traces of type (A) point stabilizers, and they are closed under pullback to B_A quotients and under finite-index enlargement
chamber-fixing-building-lattice-elements-translate-horospheres	In a torsion-free discrete group of type-preserving automorphisms of a Euclidean building, every nontrivial element fixing a chamber at infinity has nonzero vector Busemann translation at that chamber
char-p-linear-groups-satisfy-permutational-boone-higman	Every finitely generated linear group in positive characteristic lies in a finitely presented self-similar group, hence in the permutational Boone--Higman class
char-p-rational-function-field-in-fp-simple-algebra-proof	Horner registers with one resolvent realize F_p(t) inside a simple Leavitt--Nekrashevych completion, and a squaring letter shrinks the center to F_p
char-p-rational-function-field-in-fp-simple-algebra	For every prime p, the rational function field F_p(t) embeds unitally in an explicit finitely presented simple F_p-algebra whose center is F_p
char-p-rational-function-fields-in-fp-simple-algebras-proof	Nested Horner registers make every lex-monic polynomial a vacuum value, one resolvent inverts them, and the completion criterion gives a simple algebra with center F_p
char-p-rational-function-fields-in-fp-simple-algebras	For every prime p and k >= 1, F_p(t_1..t_k) embeds unitally in an explicit finitely presented simple F_p-algebra with center F_p; hence so does every countable field of characteristic p of finite transcendence degree
char-zero-linear-groups-satisfy-permutational-boone-higman	Every finitely generated linear group in characteristic zero lies in the permutational Boone--Higman class
circle-and-tree-product-periodic-subgroups-are-finite	Every finitely generated periodic subgroup of a group acting faithfully on the circle, or acting on a finite product of trees with finite vertex stabilizers, is finite
circle-pl-groups-act-with-type-a-on-breakpoint-orbits	A finitely presented circle PL group T(l;A,P) with finitely generated interval stabilizer and A/(IP·A) finite acts with type (A) on A/lZ, so all its subgroups satisfy permutational Boone–Higman
circulant-graph-wreath-products-embed-in-dv-f-proof	Proof that every circulant graph wreath product with cofinite connection set embeds in the finitely presented simple group DV_F, by edge-coordinate ping-pong
circulant-graph-wreath-products-satisfy-boone-higman	Circulant graph wreath products Z wr_Gamma Z with cofinite connection set embed in finitely presented simple groups
ck-envelope-has-a-finitely-normally-generated-maximal-kernel	The finitely presented normal-generator envelope has a maximal proper normal subgroup that is finitely normally generated
ck-envelope-simple-core-has-finite-bi-index	The normal-generator envelope can be chosen so that the simple core has finitely many double cosets
ck-hole-holds-for-perfect-binary-leavitt-unit-subgroups	The Chatterji--Kassabov kernel hole holds for every perfect subgroup of the binary Leavitt unit group, and its Steinberg clause (b) already contains the stable K_2 budget
ck-sandwich-ring-has-fp-projective-simple-quotient	The Chatterji--Kassabov sandwich ring has a finitely generated ideal whose rank-four projective elementary quotient is finitely presented and simple
ck-sandwich-ring-has-infinite-ascending-ideal-chains-proof	Sealed monomials that begin with p and end with q never create a p g q segment, so their ideals are monomial and separated by the Bergman basis
ck-sandwich-ring-has-infinite-ascending-ideal-chains	Over any nonzero commutative coefficient ring the universal sandwich ring has continuum many proper two-sided ideals, generated by sealed monomials, so sandwich envelopes over any coefficients have infinite core bi-index
class-transposition-presentation-has-central-kernel	The transposition presentation of CT_P(Z) (squares, regular conjugation, splitting) is a perfect central extension of CT_P(Z); every finite box-permutation group embeds in it, and CT_P(Z) is perfect
class-transposition-relations-present-ct-p-z	The squares, regular-conjugation and splitting relations among class transpositions present CT_P(Z), i.e. the central kernel of the transposition presentation is trivial
class-two-aut-out-obstruction-on-commuting-pairs	On a commuting pair in IA_n, the class-two virtual-section obstruction of Aut(F_n) to Out(F_n) is one rational quadratic equation in two vectors of H
classical-small-cancellation-complexity-realization-proof	Prove the C'(1/6) family is uniform by unique block exponents, detect r_n by Greendlinger, and hide a hard decidable set in the relator index
closed-hyperbolic-surface-groups-embed-in-thompson-v	The fundamental group of a closed hyperbolic surface embeds in Thompson's group V (survey Question 4.7)
closed-mcg-bh-via-edge-split-operad	If the edge-split operad in rank 6g-6 has Ore's condition and finite type, closed mapping class groups of genus g at least three satisfy Boone-Higman
closed-mcg-bh-via-full-cantor-host	Closed-surface mapping class groups satisfy Boone--Higman if a finite-index subgroup embeds in a finitely presented full clopen-transitive Cantor group
closed-mcg-bh-via-rational-projective-full-group	If the integral projective full group of the rational Cantorization is finitely presented, closed-surface mapping class groups virtually embed in a finitely presented full clopen-transitive Cantor group
closed-mcg-cantor-host-via-train-track-traces	The train-track trace groupoid, if its gates hold, is a finitely presented full Cantor host for a finite-index subgroup of the closed-surface mapping class group
closed-mcg-embeds-in-rational-projective-full-group	The closed-surface mapping class group embeds in the full clopen-transitive group of integral projective germs on the rational Cantorization of the sphere
closed-mcg-in-nv-forces-braid-groups-in-nv	If a finite-index subgroup of the genus-g closed-surface mapping class group embeds in a Brin--Thompson group nV, then so does a finite-index subgroup of the braid group on 2g-1 strands
closed-mcg-rational-projective-full-group-proof	Proof that the closed-surface mapping class group embeds in the full clopen-transitive group of integral projective germs on the rational Cantorization
closed-mcg-self-similarity-exotic-endomorphism-proof	The level kernels of a self-similar action satisfy a section recursion, and Irmak rigidity plus a normal core in the extended mapping class group trap a finite-index subgroup in every level kernel
closed-mcg-self-similarity-needs-exotic-virtual-endomorphisms	A finite-index subgroup of a closed-surface mapping class group of genus at least three can act faithfully and self-similarly on a finitely branching rooted tree only if some finite-index subgroup has a homomorphism into it with infinite image and nontrivial kernel
closed-mcg-virtually-embeds-in-fp-full-cantor-group	For every genus at least three some finite-index subgroup of the closed-surface mapping class group embeds in a finitely presented full clopen-transitive group of Cantor homeomorphisms
closed-surface-mapping-class-groups-satisfy-boone-higman	The mapping class group of every closed surface of genus at least three embeds in a finitely presented simple group
cmsz-rs-two-graphs-of-orders-two-and-three-are-primitive	The Robertson–Steger 2-graphs of seven explicit CMSZ groups (five of order 2, two of order 3) are primitive and aperiodic, so these groups embed in finitely presented simple groups modulo the unpinned k-graph standard facts
coarse-embeddability-separates-boone-higman	Boone–Higman fails if every finitely presented simple group coarsely embeds into Hilbert space, and if it holds some finitely presented simple group coarsely contains an expander
cocompact-fuchsian-groups-embed-in-v-all-or-none	The subgroups of Thompson's group V are closed under abstract commensurability, so either every cocompact Fuchsian group embeds in V or none does
cocompact-fuchsian-groups-v-all-or-none-proof	Proof that V's subgroups are closed under commensurability, and that the cocompact Fuchsian groups form one commensurability class
cocompact-tree-product-lattices-lie-in-type-a-class	Every cocompact lattice in the automorphism group of a finite product of thick leafless trees lies in the type (A) class, torsion allowed
commensurator-finite-no-faithful-bs-proof	Map the graph of groups to the abstract commensurator, pull back a finite-index normal subgroup, and get a compatible normal subgroup that fixes the tree
commensurator-rigid-bs-classes-are-virtual-products	For a group of finite index in its abstract commensurator, every member of its Baumslag--Solitar class is virtually a product with a free group
commensurator-rigid-bs-products-proof	The tree kernel has finite outer automorphism group, so a finite-index subgroup is the kernel times a free subgroup of its centralizer
commensurator-rigid-groups-have-no-faithful-bs-members	If a group maps injectively onto a finite-index subgroup of its abstract commensurator, no generalized Baumslag--Solitar group over it acts faithfully on its Bass--Serre tree
commensurator-rigid-groups-lack-faithful-bs-members	If a torsion-free group has finite index in its abstract commensurator, no member of its Baumslag--Solitar class with torsion-free vertex groups acts faithfully; so for lattices in Isom(H^n), n >= 3, such faithful members exist exactly for arithmetic lattices
commensurator-rigid-no-faithful-bs-member-proof	Commensurator rigidity gives a virtually free kernel of the commensurator map, whose centralizer in a vertex group acts trivially on the tree
common-decidable-hosts-iff-uniform-word-problem-proof	Proof that common decidable hosts exist exactly for classes with uniformly solvable word problem, and that Boone-Higman supplies common simple hosts for c.e. such classes
common-decidable-hosts-iff-uniform-word-problem	A class of finite presentations has a common finitely generated host with solvable word problem iff its word problem is uniformly solvable; under Boone-Higman such a c.e. class has one finitely presented simple host with computable embeddings
commonly-fixed-letters-compress-to-faithful-actions-proof	The compressed recursion is the wreath recursion of G read through the run-length classes, and a trivially acting element fixes a dense set of the old Cantor set
commonly-fixed-letters-compress-to-faithful-actions	If every state of an automaton fixes a letter x, compressing runs of x gives a faithful finite-state action of the same group, by the same states, on a tree without that letter
commutative-cube-degree-maps-force-tree-products	The pointed-cube category of a CAT(0) cube complex admits a degree map with unique factorization into a commutative monoid exactly when the complex is a product of trees
commuting-translations-sharing-an-inflow-ray-are-not-realizable	Two commuting near permutations that drain the same ray into different rays admit no genuine realization, so any near action containing such a pair is not realizable
compact-skew-products-cannot-carry-divisible-fiber-subgroups	In a skew-product action of a finitely generated group over a compact base with locally constant cocycles, the fiberwise subgroup embeds in C(Y, Φ_0) with Φ_0 finitely generated, so it contains no Z[1/p] and no quasi-cyclic group; Hall's and Abels' non-residually-finite quotients need unbounded or connected fibers
compiled-bs-stable-letters-are-never-rediagonalized	In a compiled BS(1,m) inside (k+1)V no element outside Z[1/m] admits a brick-diagonal power-conjugacy, so the renormalization compiler cannot be stacked into Baumslag-Solitar chains
compiled-bs-stable-letters-never-rediagonalized-proof	Every non-base element of the compiled BS(1,m) is conjugate to s^j u^n, whose fresh-coordinate drift has constant sign; transport of codes and the zero-drift lemma finish
complete-artin-atoms-are-invisible-to-artin-combinatorics	A complete Artin group can be moved by folding separations, parabolic embeddings, LCM-homomorphisms or diagram-automorphism folds only into complete parabolic subgroups, so these tools cannot reduce the atoms T4 and P
complex-braid-groups-in-pbh-except-g24-g27-g29-g33-g34-proof	Run through the Shephard--Todd classification; rank two by the Hopf bundle, G(de,e,n) by coverings of Conf_n(C^×) and the one-cone-point bundle, exceptional types through Artin groups and Bessis's regular centralizers
complex-braid-groups-in-pbh-except-g24-g27-g29-g33-g34	The braid group of every finite complex reflection group lies in B_A, except possibly when an irreducible factor is of type G_24, G_27, G_29, G_33 or G_34
complex-braid-groups-satisfy-permutational-boone-higman	The braid group of every finite complex reflection group lies in B_A (open only for G_24, G_27, G_29, G_33, G_34)
complex-fp-simple-groups-via-small-cancellation-bh	Put a classical C'(1/6) group of prescribed word-problem hardness into a finitely presented simple group and transfer the hardness upward
computable-grigorchuk-bh-via-minimal-subshift-full-groups	Embed G_omega in the full group of Matte Bon's minimal subshift, then use Brin-Thompson realizability of that subshift
computable-grigorchuk-groups-satisfy-boone-higman	Every Grigorchuk group G_omega with computable omega embeds in a finitely presented simple group
constant-descendants-make-completions-simple	If every nonzero element of a self-similar algebra has a nonzero descendant in a simple constant subalgebra S (psi(s) = s I), the recursion is minimal and aperiodic; this one criterion covers Leavitt tensor hosts and transducer hosts alike
continuity-of-automatic-structures-decidable-proof	Bounded length difference by pumping, then run two copies of the multiplier automaton on a common input and pump a cycle after the outputs split
continuity-of-automatic-structures-is-decidable	An automatic structure with uniqueness is a continuous normal form exactly when left multiplication by each generator has bounded lookahead, and this is decidable from the multiplier automata
contracting-groups-have-dying-kernel-covers-of-type-fn	Every finitely generated contracting self-similar group has, for each n, a wreath-recursion cover of type F_n whose kernel is the union of the kernels K_j of its actions on the level-j biset powers
contracting-rover-nekrashevych-groups-are-f-infinity	For every finitely generated contracting self-similar group G, the Röver--Nekrashevych group V_d(G) is of type F_infinity
contracting-rsg-finite-index-overgroup-proof	Induce the action to one labelled copy of E per coset; each element acts on each copy by an element of H, so rationality, the RSG moves and the nucleus all come from H
contracting-rsg-finite-product-proof	Place |F| labelled copies of E under a new root and let F permute the labels; RSG moves, rationality and the nucleus all come from H
contracting-rsg-torsion-subgroups-are-residually-finite	Every finitely generated torsion subgroup of a contracting rational similarity group is residually finite, so the Belk–Bleak–Matucci–Zaremsky hyperbolic hosts contain no infinite group of finite exponent
contracting-rsgs-closed-under-finite-index-overgroups	If a finite-index subgroup of G is isomorphic to a contracting rational similarity group, then so is G
contracting-rsgs-closed-under-products-with-finite-groups	If H is isomorphic to a contracting rational similarity group and F is finite, then H × F is isomorphic to a contracting rational similarity group
contracting-rsgs-embed-in-fp-simple-groups-citation	Import of BBMZ's classification of full RSGs and their finitely presented simple hosts
contracting-rsgs-embed-in-fp-simple-groups	Full contracting rational similarity groups embed in finitely presented simple groups, and every RSG with finite nucleus sits in a full one
contracting-rsgs-have-fp-full-closures-proof	Local agreement with G makes every local action of the full closure at long enough words a local action of G
contracting-rsgs-have-fp-full-closures	The full closure of a contracting RSG is a full contracting RSG with the same nucleus, hence finitely presented, so Question 1.4 holds for contracting inputs
coprime-baumslag-solitar-images-in-va-are-metabelian	Every homomorphic image of BS(m,n), gcd(m,n) = 1 and |m| ≠ |n|, inside the Thompson-like group VA (so inside F, T, V, T̄) is cyclic-by-cyclic; so no quotient of BS(2,3) keeping [tat^-1, a] lies in VA
coprime-four-cycle-artin-pbh-reduces-to-one-tetrahedral-group	The four-cycle Artin group with labels 3,3,3,2 lies in the permutational Boone--Higman class if the complete Artin group on four vertices with five labels 3 and one label 2 does
copy-constraints-make-simulation-skeleton-and-data-commute	In a plane-constant simulation with an aligned rigid skeleton and uniform reading, every quantum family has commuting skeleton and data layers, whatever the growth of the simulated group
cornulier-regime-coset-sfts-are-quantum-rigid	If Δ is finitely generated and Δ\Λ/Δ is finite, every subshift of right-Δ-invariant configurations is quantum rigid, and over a finitely presented Λ its crossed product is finitely presented
coset-invariant-sft-rigidity-descends-along-double-cosets	For a subshift of right-Δ-invariant configurations, quantum rigidity is commutation propagated across the double-coset space Δ\Λ/Δ, and follows from any determinism descent over it
coset-invariant-sft-rigidity-descent-proof	Pull the quantum family back to Λ/Δ with the local Δ-invariance rule, then induct on the complexity of pair types through operator determinism identities
ct-p-z-acts-on-the-nonnegative-integers-with-type-a	For every finite set P of odd primes, Kohl's finitely presented simple group CT_P(Z) acts on the nonnegative integers highly transitively with finitely generated point stabilizers, an action of type (A)
ct-p-z-groups-are-pairwise-nonisomorphic	Kohl's class transposition groups CT_P(Z) are pairwise non-isomorphic for distinct sets P of odd primes, finite or infinite; this answers Kourovka Problem 17.60 positively
ct-p-z-has-a-finite-class-transposition-presentation	For finite P, CT_P(Z) has an explicit finite presentation by class transpositions of bounded modulus, obtained by truncating the transposition presentation; a literature-free route to Kourovka 17.61
ct-p-z-is-a-one-vertex-k-graph-full-group	For every finite set P of odd primes, Kohl's class transposition group CT_P(Z) is the topological full group of an explicit one-vertex (|P|+1)-graph, and is simple and of type F_infinity; this answers Kourovka Problem 17.61 positively
ct-p-z-isomorphism-type-remembers-the-number-of-primes	If CT_P(Z) and CT_Q(Z) are isomorphic for finite sets P, Q of odd primes then |P| = |Q|; this answers Kourovka Problem 17.60 for sets of different sizes
ct-p1-and-ct-p2-always-generate-ct-p1-union-p2	For all sets P1, P2 of odd primes, CT_P1(Z) and CT_P2(Z) generate CT_(P1 ∪ P2)(Z); Kourovka Problem 21.75 has a negative answer
ct-p1-and-ct-p2-generate-ct-of-the-union-proof	Split any class transposition into ones with moduli divisible by 4, move both classes into even residues by the 2-adic group, then build a canonical transport of 0(4), 2(4) onto them in two steps, one in CT_(P_2) and one in CT_(P_1)
ct-p1-and-ct-p2-generate-ct-of-the-union	Second, independent proof that CT_(P_1)(Z) and CT_(P_2)(Z) generate CT_(P_1 ∪ P_2)(Z) (Kourovka 21.75, negative answer); the primary node is ct-p1-and-ct-p2-always-generate-ct-p1-union-p2
ct-z-conjugacy-problem-is-undecidable	Kohl's class transposition group CT(Z) has undecidable conjugacy problem, already for explicit pairs of words in CT_{3,5,7,11,13}(Z) and even when conjugators may be taken from RCWA(Z); this answers Kourovka Problem 21.73 negatively
ct-z-finite-cycle-problems-are-undecidable	In Kohl's class transposition group CT(Z) it is undecidable whether a given element has only finite cycles, and whether it has no finite cycles; this answers Kourovka Problem 21.74(b) and (c) negatively
ct-z-finite-subgroups-are-classified-by-stabilizer-sets	Two embeddings of a finite group in Kohl's CT(Z) are conjugate iff they have the same point-stabilizer subgroups on Z; so torsion elements are conjugate iff they have the same cycle lengths, and the conjugacy problem of CT(Z) is decidable whenever one element has finite order (Kourovka 21.73, torsion case)
ct-z-invariant-residue-partitions-are-not-conjugacy-invariant	"Kourovka 21.74(a): permuting a nontrivial residue-class partition is r.e. and holds for every finite-order element; it is not a conjugacy invariant in CT(Z); its conjugacy closure is: some power of g fixes a proper clopen subset of the profinite integers"
ct-z-is-the-rcwa-group-fixing-the-nonnegative-integers	Kohl's class transposition group CT(Z) is exactly the group of residue-class-wise affine permutations of Z that fix the nonnegative integers setwise; this answers Kourovka Problem 17.59 positively
ct-z-normalizers-are-2-and-3-regular	Every homeomorphism of the profinite integers normalizing CT(Z) restricts to a bijection of N_0 (after the flip) that is both 2-regular and 3-regular with polynomial growth; with Bell's generalized Cobham theorem this gives Out(CT(Z)) = C_2, answering Kourovka 17.57
ct-z-north-south-element-has-no-finite-cycles	An explicit product of five class transpositions has no finite cycles on Z and permutes no nontrivial partition of Z into residue classes
ct-z-residue-partitions-cannot-carve-thin-invariant-sets	"Kourovka 21.74(a), obstruction: a residue-class partition permuted by g in CT(Z) must put each clopen-indecomposable component in one class, so an invariant set created by a computation inside a thin region (e.g. inside 7Z) can never make g permute a partition; machine-plus-single-mixer reductions cannot decide (a)"
cube-complex-times-tree-fb-closures-pbh-proof	The Y-projections of generators of Γ_0 commensurate the fibre and generate with it a dense subgroup of L, so the Hecke HNN extension on them is a faithful member of BS_G
cube-complex-times-tree-lattices-with-fb-closures-are-pbh	A virtually torsion-free group acting geometrically on (CAT(0) cube complex) × (tree) lies in the permutational Boone--Higman class when the closure of its projection to the cube-complex factor has no open subgroup fixing a point at infinity
cubical-hecke-members-faithful-proof	The kernel is a discrete normal subgroup of the closure, so it lies in the quasi-centre; a compact open centralizing subgroup has a bounded fixed set, which each kernel element preserves, so each kernel element is elliptic, hence trivial
cubical-hecke-members-faithful-when-closure-fixes-bounded-sets	A Hecke HNN extension of a discrete torsion-free group of cube-complex automorphisms acts faithfully on its Bass--Serre tree when the closure of the group and its commensurator letters has no open subgroup fixing a point at infinity
cubulated-groups-act-by-bisections-of-a-pointed-cube-category	A group acting freely and cocompactly on a CAT(0) cube complex acts on the regular part of its Roller boundary by bisections of the left regular groupoid of a finite-object category of pointed cubes, whose normal forms are the Niblo--Reeves normal cube paths
cubulated-pointed-cube-category-proof	Last-edge hyperplanes pairwise cross, a hyperplane crossed twice forces a last-edge hyperplane crossed twice, and the median of o, go and gω cuts a common tail off the two rays
cuntz-stabilized-full-groups-contain-their-own-squares	The topological full group of any Cuntz-stabilized ample groupoid, and its commutator subgroup, contain their own direct squares, so every group hosted there has its square in the same host
cuntz-stabilized-minimal-full-groups-are-acyclic-and-simple	For every minimal topologically free Cantor action, the full group of (action groupoid x Cuntz groupoid) is integrally acyclic and simple; so the Lagrangian Brin-Thompson groups are simple and acyclic
cusp-extensions-hyperbolic-pbh-proof	The maximal elementary subgroup of h is its centralizer, so the cusp extension is a centralizer amalgam; Dahmani gives the relative hyperbolicity
cusp-extensions-of-rel-hyperbolic-groups-satisfy-pbh	Adding cusps E(g) x K along loxodromic elements keeps a relatively hyperbolic group in the permutational Boone--Higman class, torsion allowed
cusp-extensions-of-torsion-free-hyperbolic-groups-satisfy-pbh	For torsion-free hyperbolic H, h ≠ 1 and any finitely generated P in the permutational class, the relatively hyperbolic group H *_{E(h)} (E(h) x P) embeds in a finitely presented simple group
cusp-extensions-rel-hyperbolic-pbh-proof	The centralizer of a loxodromic element is good, so its finite-index overgroup E(g) is good; take one free permutational product over all the cusp orbits, then apply Dahmani
cyclic-centralizer-subgroups-of-nv-have-meeting-supports	In a Brin–Thompson group nV, supports are clopen, and in any torsion-free subgroup with cyclic centralizers (e.g. a closed hyperbolic surface group) every two nontrivial supports meet, as do every support and each of its translates
cyclic-centralizer-subgroups-of-v-touch-attractors	In a torsion-free subgroup of Thompson's V with cyclic centralizers, every nontrivial support meets the attractors, repellers or identity region of every other nontrivial element's flow power
cyclic-input-window-zero-needs-an-automorphism-twist-proof	Along the shift ray, cycle lengths are monotone and line coordinates scale by k, while each value is taken infinitely often
cyclic-input-window-zero-needs-an-automorphism-twist	For the input Z, a genuine shell action passes window zero only with an automorphism twist; the endomorphisms a ↦ a^k with |k| ≥ 2 are impossible in both directions
d-tilde-artin-groups-satisfy-permutational-boone-higman	Every Euclidean Artin group of type D̃_n lies in B_A (open), with its reduction to a surface bundle over Conf_n(C) and the obstructions to the known fibre methods
decidable-algebras-embed-in-oracle-leavitt-crossed-products	Every finitely generated F_2-algebra with solvable word problem embeds unitally in (LC(Y,F_2) ⋊ Z) ⊗ L_2 for some effective Z-subshift Y (an algebraic Kirchberg embedding with an oracle); with G2 this gives Boone--Higman through Track B
decidable-algebras-embed-in-simple-ln-completions	Every finitely generated algebra with solvable word problem embeds in a psi-minimal aperiodic Leavitt--Nekrashevych completion of a finitely presented algebra
decidable-algebras-embed-in-simple-self-similar-completions	Every finitely generated algebra with solvable word problem embeds in the Leavitt--Nekrashevych completion of a free algebra along some matrix recursion whose self-similar quotient is minimal and aperiodic
decidable-fg-self-similar-groups-embed-in-fp-self-similar	Every finitely generated self-similar group with solvable word problem embeds in a finitely presented self-similar group
decidable-fp-groups-have-effective-minimal-free-subshifts	Every infinite finitely presented group with solvable word problem carries a nonempty effectively closed minimal free subshift
decidable-graphical-non-exact-groups-exist	Osajda's graphical groups with isometrically embedded expanders, and his CAT(0)-cubical groups without property A, can be built with solvable word problem
decidable-graphical-non-exact-groups-proof	Build Osajda's labelled graph sequences by brute-force search, then run Dehn's algorithm on the finitely many components of girth below twice the word length
decidable-group-with-coarsely-embedded-expanders-exists	Osajda's graphical small cancellation group over recursive LPS expanders has solvable word problem, so some finitely generated group with solvable word problem contains isometrically embedded expanders and does not coarsely embed into Hilbert space
decidable-groups-embed-in-fp-groups-satisfying-m2	Every finitely generated group with solvable word problem embeds in a finitely presented group with solvable word problem that carries an effectively closed minimal free subshift
decidable-groups-embed-in-fp-groups-with-minimal-free-sft	Every finitely generated group with solvable word problem embeds in an infinite finitely presented group carrying a nonempty minimal free subshift of finite type
decidable-groups-have-universal-hyperaperiodic-points	Every infinite finitely presented group with solvable word problem has a computable hyperaperiodic point that is universal at the origin with computable modulus
decidable-groups-lie-in-fp-topologically-free-crossed-products	Every decidable group lies in a finitely generated group with a minimal topologically free subshift, with torsion-free isotropy, whose binary crossed product is finitely presented
decidable-host-classes-reduce-to-canonical-kazhdan-groups	A class of groups hosts every decidable group iff it hosts the canonical simple Kazhdan groups EL_3 of Cantor crossed-product algebras, so amenable, Haagerup and residually finite host classes are never universal
decidable-houghton-envelopes-via-generic-nu-and-lifting	Take a generic enumeration so the near shift group is P*Z, read off a finitely presented germ group for H_3(E_nu(P)), and lift
decidable-inputs-admit-two-sided-fg-near-index-kernel	A decidable infinite finite presentation admits an enumeration whose near shift group is finitely presented with finitely generated near-index kernel
decidable-inputs-have-fp-genuine-action-shell-envelopes	Every decidable finitely generated group lies in an input with a genuine infinite-support action whose shell envelope is finitely presented
decidable-inputs-have-fp-houghton-like-shift-envelopes	Every infinite finitely presented group with solvable word problem has an enumeration nu and some n >= 2 with the Houghton-like envelope H_n(E_nu(P)) finitely presented
decidable-inputs-have-fp-shell-envelopes	Every decidable infinite finite presentation admits a finitely presented Cantor shell envelope
decidable-minimal-subshift-full-groups-satisfy-boone-higman	The topological full group of every infinite minimal subshift with decidable language embeds in a finitely presented simple group
decidable-minimal-subshifts-are-brin-thompson-factors	Every infinite minimal subshift with decidable language is a factor of some element of some nV acting on a clopen invariant set
decidable-subshift-full-groups-bh-via-brin-thompson-factors	Realize the subshift as a factor of a Brin-Thompson element on a clopen set, then lift its full group into nV
decodable-small-cancellation-families-give-polytime-wp	A Gr'(1/6)-labelled large-girth family with polynomial-time path decoding and short-complement search gives a non-exact group with polynomial-time word problem
decorated-garside-odometer-full-groups-are-type-f-infinity	For every homogeneous Garside monoid, the topological full group of its binary-decorated Garside category extended by an odometer is of type F_infinity
definable-parameter-hosts-cap-simple-subgroups-at-pspace	A finitely presented group acting faithfully by bijections uniformly definable, from arbitrary parameters, in the real field or in an ω-automatic structure on Cantor space specializes to tame parameters on every finite set, so its finitely generated simple subgroups have word problem in PSPACE
definable-parameter-hosts-specialization-proof	The relator locus of a finitely presented definable action is a parameter-free definable set, so it has tame points avoiding any finite set of nontrivial elements, and nonidentity in a tame member is an existential condition decidable in PSPACE
degree-category-comparison-type-a-proof	Units do not change cylinders, the Cuntz colour lets one duplicate a cylinder before refining it, and strong connectivity then spreads any clopen set over its whole piece
degree-category-full-groups-stabilized-have-type-a-actions	If the Cuntz-stabilized full group of a finite degree category with strongly connected pieces is finitely presented, its action on clopen sets has type (A), finite groups of units allowed
degree-coboundary-subgroups-of-coded-full-groups-are-rf	In the full group of a finitely coded groupoid, a finitely generated subgroup whose degree cocycle is a continuous coboundary is virtually a subgroup of a finite product of unit groups; so an infinite simple or non-residually-finite input must change level without bound along every orbit
deligne-bh-via-rational-projective-full-group	If Deligne's class dies over some rational projective full group T_m and T_(m+2) is finitely presented, Deligne's lattice satisfies Boone-Higman
deligne-class-dies-on-some-rational-projective-host	For some n >= 2 there is an embedding of Sp_2n(Z) in a rational projective full group T_m on whose action groupoid Deligne's class dies
deligne-class-dies-over-flag-varieties-iff-flag-has-lagrangian	Deligne's lattice lifts over a Cantor cover of a real flag variety of Sp_2n exactly when the flag type contains a Lagrangian; it never lifts over spaces with an invariant probability measure
deligne-class-survives-on-every-linear-rational-projective-host	For n >= 2, no homomorphism Sp_2n(Z) -> GL_N(Z) makes Deligne's class die on the rational Cantorization of S^(N-1); the rational projective route needs a genuinely piecewise embedding
deligne-class-survives-on-standard-rational-projective-hosts	Deligne's class never dies over the rational Cantorization of a representation sphere of Sp_2n(Z) with a positive-measure orbit whose stabilizer contains a symplectic block; in particular not for the standard representation
deligne-commuting-parabolic-diagonal-singularity-proof	Proof that Deligne normal forms put a Cantor set of singular points on every power of a generator commuting with a disjoint parabolic
deligne-extension-dies-on-lagrangian-cantor-covers	Deligne's central extension becomes trivial on every Cantor Sp_2n(Z)-space covering the real Lagrangian Grassmannian, so Deligne's lattice is an odometer lift over such spaces
deligne-forms-are-singular-on-commuting-parabolic-diagonals	On the Deligne normal-form boundary of a finite-type Artin group with an edge and a node commuting with it, such as B_n for n >= 5, every positive power of an Artin generator has a Cantor set of singular points, so the germ-extension route cannot run on that structure or on its central quotients
deligne-lattice-almost-v-germ-group-proof	Normal subgroups of a torsion-free finite-index subgroup of the Deligne lattice are central or of finite index; kill the central kernel of the germ map with the central-V lemma
deligne-lattice-bh-via-lagrangian-brin-thompson-group	Deligne's lattice satisfies Boone-Higman if the commutator subgroup of the Lagrangian Brin-Thompson group is finitely presented
deligne-lattice-in-almost-v-sits-in-one-germ-group	In any group of Cantor homeomorphisms with finite V-singular sets, a finite-index subgroup of the Deligne lattice embeds in one singular germ group, with its center singular
deligne-lattice-in-fg-simple-lagrangian-brin-thompson-group	For every n >= 2 Deligne's lattice embeds in the finitely generated simple commutator subgroup of the Lagrangian Brin-Thompson group [[(Sp_2n(Z) on the unimodular Maslov Cantorization) x Cuntz]]; for n = 1 this group is 2V and the embedded lattice is B_3
deligne-lattice-is-universal-central-extension-for-g-ge-4	For g at least four Deligne's lattice is the universal central extension of Sp_2g(Z), so it embeds in the universal central extension of every perfect group receiving Sp_2g(Z) injectively on H_2 (a criterion that no host reached through SL_N(Z) can meet)
deligne-lattice-lagrangian-brin-thompson-embedding-proof	Proof that Deligne's lattice embeds in the finitely generated simple commutator subgroup of the Lagrangian Brin-Thompson group
deligne-lattice-satisfies-boone-higman	Deligne's non-residually-finite lattice in the universal cover of Sp_4(R) embeds in a finitely presented simple group
deligne-lattices-and-torelli-quotients-contain-heisenberg-groups	Deligne's lattice over Sp_4(Z) and every Torelli lower-central quotient Mod(S_g)/T_g[c+1] (g >= 3, c >= 2) contain the integer Heisenberg group, so a no to H_3(Z) in nV excludes them from every Brin-Thompson host
deligne-lift-actions-are-not-almost-v	The Lagrangian actions of Sp_2n(Z) and of Deligne's lattice are never almost-V, so Belk-Hyde-Matucci finiteness over V cannot certify a host containing them
deligne-universal-central-extension-proof	Universal central extensions are functorial and their kernels are H_2, so an injective map of perfect groups lifts injectively exactly when it is injective on H_2
dendrite-rearrangement-group-g3-has-simple-commutator-subgroup	The commutator subgroup of the rearrangement group G_3 of the Ważewski dendrite D_3 is simple, answering Tarocchi's question; so every dendrite rearrangement group G_n, n ≥ 3, has simple commutator subgroup
dendrite-rearrangement-groups-are-finitely-presented	The rearrangement groups G_n of the Ważewski dendrites D_n are finitely presented
depth-disjoint-spinal-hosts-have-wreath-germ-groups	With depth-disjoint binary codes, the annular host of a Bishop–Schesler branch group has germ group (G × Alt(6)) ≀ Z, so it is never finitely presented
descending-shell-centralizer-proof	Proof that descending window-zero shell endomorphisms have centralizers of finite exponent
descending-shell-endomorphisms-have-finite-exponent-centralizers	A descending window-zero shell endomorphism of an FW group has a centralizer of finite exponent, so corner and transplant endomorphisms never give one
determinism-closure-certifies-quantum-rigidity	Two-sided determinism closure certifies quantum rigidity of a Z^2 SFT, and fault slabs in two directions defeat it in every recoding
deterministic-extension-rigidity-proof	The base marginal commutes by rigidity; transport puts each fibre operator in the algebra generated by one fibre operator and base operators, so commutation spreads along paths
deterministic-extensions-of-rigid-sfts-are-rigid	A finite-fibre extension of a quantum rigid SFT whose fibre letter is transported deterministically along a monoid-generating set of directions is quantum rigid, and free when the base is free
deterministic-time-lifts-inherit-quantum-rigidity	An SFT over a product that is deterministic in one factor is quantum rigid whenever its row SFT is, and it is free only if the row SFT is free; over a free space factor such lifts are never free
discrete-factor-tree-lattice-splitting-proof	A discrete factor makes its kernel cocompact on the other factors, whose normalizer is then discrete by a centralizer argument, which splits the lattice virtually as kernel times free
discrete-factor-tree-lattices-are-virtually-products	A product-of-trees lattice with a discrete factor image is virtually the kernel of that factor times a free group, so three-tree lattices with a discrete factor satisfy permutational Boone--Higman
domain-exact-hnn-hosts-have-multivalley-kernels	If an HNN extension maps to a host HNN extension that is exact on the domain side, every kernel element is hyperbolic with at least two height-maxima per period of its axis
double-of-psl2-z-half-along-psl2-z-lies-in-b-a	The double of PSL_2(Z[1/2]) along PSL_2(Z), a finitely presented group that is not residually finite, and its centralizing HNN extensions lie in B_A
double-of-psl2-z-half-along-psl2-z-proof	Z/2 wreathed over the vertex cosets is in B_A, so the free permutational product is, and it contains the centralizing amalgam, which contains the double
drutu-sapir-bh-via-ascending-hnn-of-free-groups	The Druţu--Sapir group is an ascending HNN extension of F_2, so the general ascending-HNN theorem embeds it in a simple group of type F_infinity
drutu-sapir-group-satisfies-boone-higman	The Druţu--Sapir group <a,b | a^2 b^2 a^-2 b^-1> embeds in a finitely presented simple group
dying-kernel-covers-give-f-n-simple-envelopes	If a contracting self-similar group has a type F_n wreath-recursion cover with dying kernel, then it embeds in a simple group of type F_n; in particular every iterated monodromy group of a hyperbolic post-critically finite rational map embeds in a simple group of type F_infinity
dynamically-v-separated-groups-satisfy-boone-higman	A finitely presented group with an injective endomorphism φ and a representation ρ in V whose φ-orbit separates points lies in a finitely presented full Cantor group, hence embeds in a finitely presented simple group
dynamically-v-separated-host-singfix-proof	Every one- and two-point SingFix group of the annular host is an iterated ascending HNN extension of V_(2,r) x| G^k, so Belk--Hyde--Matucci Theorem 2.1 applies
e-of-finitely-presented-group-is-recursively-presented	For every finitely presented group G, the group E(G) generated by the constant maps and the identity in G^G is recursively presented
e-type-artin-groups-satisfy-permutational-boone-higman	The Artin groups of types E_6, E_7, E_8 embed in groups with type (A) actions
edge-split-descendants-are-not-factor-closed	For m ≥ 2 an edge-split descendant of the simplex can lie inside a child without descending from it, although any two children meet in common descendants
edge-split-dissections-respecting-an-atom-plane-split-there	An edge-split dissection of the standard triangle cone that no piece of which crosses a first-split plane is an edge-split refinement of that first split
edge-split-operad-has-common-refinements	Any two edge-split dissections of a unimodular simplex cone have a common edge-split refinement
edge-split-operad-satisfies-ore	The one-generator edge-split operad on unimodular simplices satisfies Ore's condition and has finite type
edge-split-ore-via-atom-plane-restriction	The plane lemma and the atom-plane rearrangement together give common edge-split refinements in rank three
edge-splits-cut-every-rational-hyperplane	Iterated edge splits of a unimodular cone cut out every rational hyperplane, so edge-split cells form a basis of the rational Cantorization
edge-splits-resolve-every-rational-plane	Repeated edge-midpoint splits of a unimodular triangle cone make any rational plane a union of piece edges, so edge-split dissections are cofinal among all rational polyhedral dissections
effective-minimal-subshifts-lift-to-plane-constant-minimal-sfts	Over a finitely presented group with solvable word problem, every effectively closed minimal subshift is a plane-invariant factor of a minimal SFT on the product with Z^2 whose Z^2-subaction is free
effective-residual-finiteness-separator-for-boone-higman	The class of groups whose finitely generated residually finite subgroups are all effectively residually finite separates Boone–Higman iff every finitely presented simple group is in it; Rauzy's decidable lamplighter amalgams lie outside it
effectively-rf-groups-have-effective-minimal-free-subshifts	(M2) holds for every infinite effectively residually finite group with solvable word problem, in particular for every infinite fp residually finite group and every infinite f.g. linear group
efrf-groups-frattini-embed-in-efrf-branch-groups	Every finitely generated recursively presented effectively residually finite group Frattini-embeds in a finitely generated recursively presented effectively residually finite branch group, so Boone–Higman for all such groups (including all finitely presented residually finite groups) reduces to branch groups
elementary-groups-over-polynomial-f-p-rings-are-fp	E_n(F_p[s_1..s_k]) equals the Steinberg group St_n and is finitely presented for n >= max(4, k+3)
elementary-groups-over-polynomial-s-integers-are-fp	E_n(Z[1/m][t_1..t_k]) is finitely presented for n >= k+4
elementary-shift-group-contains-every-integral-linear-group	The three-generated group E(Z) x| Z, finitary integer matrices extended by the shift, contains every integral linear group and lies in E_4 of the Toeplitz ring
embedding-in-fp-simple-groups-is-sigma-3-complete-proof	COF reduces to embeddability in DV_F through the cofinite/noncomputable splitting and circulant graph wreath products
embedding-in-fp-simple-groups-is-sigma-3-complete	Unconditionally, it is Sigma_3-complete to decide whether a recursively presented group embeds in a finitely presented simple group, and already whether it embeds in the single group DV_F
equicontinuous-bs-bases-force-conjugator-entropy-proof	Proof that conjugators of an equicontinuous base with a free divisible closure have entropy at least log m
equicontinuous-bs-bases-force-conjugator-entropy	A homeomorphism conjugating an equicontinuous map g to g^k has entropy at least log of the index of cl<g^k> in cl<g>, when no point is fixed by an element outside cl<g^k>
equicontinuous-square-conjugators-are-trivial-in-brick-hosts	In a group of brick maps of C^n with isometric sections, equicontinuity is the same as bounded exponent sums, and an element conjugated to an even power of itself by an equicontinuous homeomorphism has finite order, so the odometer of 2V_tau renormalizes nothing and every BS(1,2) conjugator there has unbounded exponent sums
equivariant-scaling-hnn-vertex-groups-are-linear-proof	Complete the configuration module along the scaling; it becomes a free F_p[[x]]-module on which the top group acts linearly
equivariant-scaling-hnn-vertex-groups-are-linear	If an elementary-abelian-by-H group admits an H-equivariant finite-index scaling whose ascending HNN extension acts faithfully on its tree, the group is linear over F_p((x))
escaping-invariant-sets-force-infinitely-many-double-cosets	If a subgroup coarsely preserves a subset of an isometric G-space whose G-translates move arbitrarily far from it, the subgroup has infinitely many double cosets
euclidean-artin-toric-commensurability-proof	Divide the affine Weyl arrangement complement by the coroot lattice, then by W and by the larger lattice, and move B_A across finite-index inclusions
euclidean-artin-toric-commensurability	A Euclidean Artin group lies in B_A if and only if the fundamental group of the toric Weyl arrangement complement of its finite root system does, for any invariant lattice between coroots and coweights
euclidean-building-boundary-shifts-are-quantum-rigid	The chamber-boundary shift of a lattice in a thick Euclidean building, as a subshift over the lattice itself, is quantum rigid (the higher-rank analogue of free-group boundary shifts)
euclidean-building-lattices-lie-in-permutational-bh-class	Every discrete cocompact group of automorphisms of a locally finite thick irreducible Euclidean building of dimension at least 2, of any type, lies in the permutational Boone–Higman class B_A, via a finite-type boundary coding whose transfer is automatically completely reducible
eventually-periodic-genuine-shell-actions-give-fp-envelopes	Eventually periodic genuine shell actions give finitely presented shell envelopes, and they exist exactly for virtually abelian inputs, including one-ended Z^k
eventually-periodic-genuine-shell-proof	Divide the isotropy germs by a central shift power and use virtually abelian quotients, then build the actions from interleaved zigzags
eventually-periodic-grigorchuk-groups-satisfy-boone-higman	For every eventually periodic omega, the Grigorchuk group G_omega lies in a finitely generated contracting self-similar group, hence in a finitely presented simple group
eventually-rigid-g-automorphism-groups-act-with-type-a-except-fp	For G finitely generated, infinite, simple and MIF, P_G(r) acts on finitely supported G-homomorphisms faithfully and highly transitively, with finitely generated point stabilizers
eventually-rigid-g-automorphism-groups-are-finitely-presented	For some finitely presented simple MIF group G and some r ≥ 3, the eventually rigid G-automorphism group P_G(r) is finitely presented
every-cocf-group-is-exact	Every finitely generated group with context-free co-word problem is exact; this implies Thompson's V is exact, and under Lehnert's conjecture it is equivalent to exactness of V
every-countable-group-embeds-in-simple-fp2-via-fp2-shells	Put the countable group in a perfect finitely generated group and make its shell envelope FP_2; perfect inputs make shell envelopes simple
every-countable-group-has-an-fp2-shell-envelope	Every countable group lies in a finitely generated perfect group with a shell envelope of type FP_2
every-decidable-group-embeds-in-an-isolated-group	Every finitely generated group with solvable word problem embeds in an isolated group (Cornulier--Guyot--Pitsch Question 4)
every-decidable-group-is-a-limit-of-isolated-groups	Every finitely generated group with solvable word problem is a limit of isolated groups (Cornulier--Guyot--Pitsch Question 1)
every-fg-solvable-group-is-a-limit-of-isolated-groups	Every finitely generated solvable group is a limit of isolated groups (Cornulier--Guyot--Pitsch Question 3; they expect a negative answer)
every-gl-n-z-embeds-in-some-brin-thompson-group	For every n there is m such that GL_n(Z) embeds in the Brin-Thompson group mV
every-hyperbolic-group-embeds-in-some-brin-thompson-group	Every hyperbolic group embeds in some Brin-Thompson group nV
every-hyperbolic-group-is-a-limit-of-isolated-groups	Every word hyperbolic group is a limit of isolated groups (Cornulier--Guyot--Pitsch Question 2)
every-integral-linear-group-in-one-host-via-nv	If every GL_n(Z) lies in some Brin-Thompson group nV, the common Brin-Thompson host contains them all
every-real-number-field-lies-in-an-f-unit-field	Every real algebraic number field is contained in Q(β) for some algebraic unit β > 1 with property (F); if so, every interval exchange group with algebraic parameters satisfies Boone--Higman
exact-twisted-shell-actions-are-exact-factorizations	Exactly twisted genuine shell actions are the same as exact factorizations R = <t>H of an ascending HNN extension with the base inside all negative translates of H; Thompson's F has none
exotic-a2-lattices-bh-as-cocompact-a2-lattices	Exotic Ã₂ lattices are cocompact lattices of a locally finite thick Ã₂ building, so the general Ã₂ lattice theorem applies
exotic-a2-lattices-satisfy-boone-higman	Cocompact lattices on exotic A2-tilde buildings embed in finitely presented simple groups
explicit-type-a-actor-with-non-pr-orbit-problem	Some explicitly described finitely presented group has a faithful type (A) action whose orbit problem is not primitive recursive
exponential-chart-minimal-pl-elements-have-bounded-roots	A rational PL circle homeomorphism with irrational rotation number whose Denjoy conjugacy is piecewise exponential or piecewise affine has roots of only finitely many orders, and is never PL-conjugate to a rotation
extensions-with-f-free-outer-kernel-contain-thompson-f-proof	The simple group P' acts trivially by outer automorphisms, the centralizer of K is a central extension of P', and the flip-twisted copy of F lifts
extensions-with-f-free-outer-kernel-contain-thompson-f	If G/K contains Thompson's group F and Out(K) contains no copy of F, then G contains F
f-infinity-tail-ascending-hnns-satisfy-boone-higman	Last-section ascending HNN extensions inside bounded automata groups satisfy Boone–Higman whenever their tail group is of type F_infinity, through a one-point germ extension of a Röver–Nekrashevych group
f-unit-fields-are-characterized-by-isolated-sign-units	A real number field inside Q(β) for an (F) unit β must have a unit whose sign at one real place is opposite to its sign at every other real place; for totally real fields this is also sufficient, and Q(√3) lies in no (F)-unit field
f2-times-f2-has-a-quantum-rigid-free-minimal-sft	The one-ended non-amenable group F_2 × F_2 carries a free minimal subshift of finite type that is quantum rigid
fabrykowski-gupta-ascending-hnn-satisfies-boone-higman	The ascending HNN extension of the Fabrykowski–Gupta group along its last-section endomorphism embeds in a finitely presented simple group
factorial-odometer-affine-hosts-are-rational-stein-groups	Radix-changing value-affine homeomorphisms of the factorial odometer form the rational Stein–Thompson group, whose finitely generated subgroups lie in finitely presented Stein interval-exchange groups
faithful-continuous-normal-form-for-infinite-fg-groups	Every infinite finitely generated group has a set of normal forms whose boundary carries a faithful continuous action
faithful-generalized-bs-witnesses-pass-to-direct-products-proof	Glue the two product graphs of groups along one edge and intersect the two kernels
faithful-generalized-bs-witnesses-pass-to-direct-products	If BS_A and BS_B each contain a faithful witness, so does BS_{A×B}; hence every group in BS_{A×B} embeds in a finitely presented simple group
faithful-hecke-members-pass-to-direct-products	Faithful one-vertex Hecke members pass to finite direct products, so BS_G lies in the permutational Boone--Higman class for every G virtually a product of free abelian groups and arithmetic lattices
faithful-hecke-members-products-proof	The kernel of a product Hecke member projects to invariant normal subgroups of each factor
ffwz-nonfaithful-stein-stabilizers-contain-canonical-kernel	For a non-faithful action, stabilizers of SV_G on the Stein complex of SV_(G/K) contain the canonical kernel, so FFWZ Lemma 4.9(i) fails and their non-faithful finiteness proofs have a gap
fg-complex-linear-groups-are-quasi-retracts-of-simple-groups	Every finitely generated subgroup of GL_n(C) is a subgroup and a quasi-retract of a simple group with the same finiteness properties
fg-decidable-group-whose-e-is-not-recursively-presented	Some finitely generated recursively presented group with solvable word problem has non-recursively-enumerable one-variable mixed identities, so its group E(G) of constant maps and the identity is not recursively presented and embeds in no finitely presented group
fg-infinite-shift-similar-groups-are-strongly-shift-similar	Every finitely generated infinite shift-similar group is strongly shift-similar (the finitely generated form of Mallery-Zaremsky Question 3.18); if true, Mallery-Zaremsky Question 5.13 is fully answered
fg-linear-groups-embed-in-fp-self-similar-groups	Every finitely generated linear group, over any field, embeds in a finitely presented self-similar group
fg-simple-circle-groups-with-t-are-two-generated	Every finitely generated simple group of circle homeomorphisms that contains Thompson's group T is generated by two elements, one of them a finite-order rotation in T
fg-simple-circle-groups-with-t-two-generation-proof	T is generated by a rotation and one copy of F; write everything as boundedly many commutators of arc-supported elements and extract them from one element spread over a Sidon set of arcs
fg-simple-subgroups-of-houghton-like-groups-embed-in-germs	Every finitely generated infinite simple subgroup of a Houghton-like group H_n(G) embeds in the germ group G/FSym(N), so Houghton-like envelopes create no new simple subgroups, and free-shift envelopes contain no simple FA group outside the input
fg-soluble-minimax-groups-satisfy-boone-higman	Every finitely generated soluble minimax group (equivalently, of finite Prüfer rank) embeds in a finitely presented simple group
fiber-detecting-block-characters-force-npc-graph-manifolds	If every JSJ block of a loopless closed graph manifold has a rational character that detects its own fiber and kills its neighbors' fibers, then every block has charge zero and the manifold is non-positively curved; so a host design that supplies such characters cannot reach the non-virtually-fibered case
fiber-type-toric-arrangement-groups-lie-in-the-pbh-class-proof	Induct up the Bibby--Delucchi tower, applying the free-kernel permanence at each bundle whose punctured-G fibre has free fundamental group of rank at least 2
fiber-type-toric-arrangement-groups-lie-in-the-pbh-class	The fundamental group of the complement of a fiber-type (equivalently supersolvable) toric or elliptic arrangement lies in B_A and embeds in a finitely presented simple group
fibre-products-over-b-a-quotients-lie-in-cr	A Mihailova fibre product P = {(g,h) : φ(g) = φ(h)} in F x F satisfies the coset-wreath conditions whenever the quotient Q lies in B_A, and fails them when Q has unsolvable word problem
fibre-products-over-b-a-quotients-proof	P is the preimage of the diagonal of Q x Q, which is a retract; the word problem of the lamplighter decides the word problem of Q
field-representable-algebras-have-fp-simple-envelopes-proof	Restrict scalars to K(t), clear one denominator, free the localization over a Nagata-normalized polynomial ring, then use the Leavitt tensor hosts
field-representable-algebras-have-fp-simple-envelopes	Over any field K, every finitely generated K-algebra that embeds in matrices over a field extension of K (tensored with a free algebra) embeds in a finitely presented simple K-algebra
finitary-extensions-preserve-lift-presentability	Adding states whose sections at some fixed depth lie in a lift-presented sub-automaton keeps the relator kernel a finitely generated lift ideal, with the same relators
finitary-mixing-of-fp-highly-transitive-groups-is-fp	If finitely presented permutation groups G_1..G_n each contain the finitary symmetric group of their set and have finitely generated point stabilizers, then G_1 x ... x G_n together with all finitary permutations of the disjoint union is finitely presented
finitary-mixing-preserves-type-f-m	Permutation groups containing the finitary symmetric group whose finite-set stabilizers are of type F_m stay in that class under finitary mixing, proved by Brown's criterion on the balanced slice of the infinite cube of recolorings
finitary-perturbations-give-isolated-quotients	Finitary perturbations of a faithful action of a torsion-free group never produce a new quotient, but finitary perturbations of a highly transitive finitely presented quotient produce isolated quotients as close to the group as that quotient
finitary-steinberg-extensions-by-oligomorphic-actions-are-fp	The finitary Steinberg (or elementary) group over Z indexed by the dyadic rationals, extended by Thompson's F, is finitely presented and contains every GL_n(Z)
finite-commutator-wachter-weiss-groups-are-not-fp-proof	Restrict to the encoding subtree; the kernel is a power of the finite commutator group; the reduction group sees only the adder there, so Bieri–Strebel applies to it
finite-commutator-wachter-weiss-groups-are-not-fp	With a finite commutator group, the Wächter–Weiß reduction groups are PSPACE-complete, locally-finite-by-Z and not finitely presented; the automaton groups are locally-finite-by-(check-mark group)
finite-cycle-block-commutators-reduce-to-monodromy	A commutator with a finite block cycle can only change one block by a commutator with the cycle monodromy, so the finite analogue of the telescoping trick gives nothing
finite-double-coset-space-with-free-minimal-coset-sft	Some finitely presented group Λ and finitely generated Δ ≤ Λ with Δ\Λ/Δ finite carry a coset SFT on Λ/Δ on which Λ acts freely and minimally
finite-edge-closure-via-free-torsion-full-hosts	Put the vertex group in a full Cantor host where both edge groups act freely, conjugate them by gluing fundamental domains, and absorb the edge by a centralizing HNN extension
finite-edge-graphs-of-full-cantor-subgroups-lie-in-b-a-proof	Add the vertices along a maximal tree and then the remaining edges, conjugating each edge into place inside the full host and absorbing it by a centralizing HNN extension over a finite subgroup
finite-edge-graphs-of-full-cantor-subgroups-lie-in-b-a	A finite graph of groups with finite edge groups lies in B_A when its vertex groups sit in one full clopen-transitive Cantor group of B_A with matching edge strata, so every finite-edge graph of subgroups of Thompson's T does
finite-index-edge-hnn-embeds-in-fp-simple-group	An HNN extension of a finitely presented group over finite-index subgroups that acts faithfully on its Bass-Serre tree embeds in a finitely presented simple group
finite-index-in-a-full-group-is-local-fullness-at-one-cone	A compressible subgroup of a purely infinite minimal full group contains its commutator subgroup exactly when it contains the commutator subgroup of the local full group on one clopen set; tree groups fail this because their rigid stabilizers are equicontinuous
finite-index-in-a-kernel-fg-near-host-passes-both-germ-gates	A near shift group of finite index in a finitely presented near group with finitely generated near-index kernel passes both germ gates
finite-index-odometer-near-shift-groups-germ-gate-proof	Finite index transfers F_infinity and a finitely generated index kernel, and bounded displacement forces linear growth
finite-index-odometer-near-shift-groups-pass-the-germ-gate	A fixed-base enumeration whose near shift group has finite index in the odometer Nekrashevych group gives a finitely presented shell germ group, and every fixed-base enumeration of a non-virtually-cyclic input must stretch
finite-k-graph-boundary-groupoid-standard-facts	Standard facts on groupoids of finite higher rank graphs - Li's boundary groupoid is the Kumjian–Pask path groupoid, products go to products, and aperiodic graphs give effective Cantor groupoids
finite-k-graph-full-groups-have-exponential-word-problem	Finitely generated subgroups of topological full groups of aperiodic finite higher rank graphs have single-exponential word problem, so no such host class, in any rank, is a universal Boone–Higman container
finite-k-graph-standard-facts-proof	Proof of the k-graph standard facts from Li's own definitions (read at source) - maximal characters are the infinite paths, germs of cd^{-1} are Kumjian–Pask arrows, and products, topology and effectiveness are elementary
finite-nucleus-rsg-abelian-stabilizers-have-rank-one-germs	In a rational similarity group with finite nucleus, a free abelian group fixing a rational point acts through a germ group of rank at most one, so all but one direction of it is locally trivial there
finite-seed-telescope-hosts-are-full-contracting-rsgs	The one-chain self-simulating host ⟨V, θ_S⟩ lies in a finitely presented full contracting RSG exactly when the seed group ⟨S⟩ is finite; for infinite seeds it lies in no contracting RSG at all
finite-seed-telescope-hosts-contracting-rsg-proof	Proof that N_H is a finite nucleus of injections for finite seed groups H, so the one-chain telescope host lies in a finitely presented full contracting RSG, and that infinite seeds force an infinite nucleus
finite-state-li-coded-full-groups-have-exponential-word-problem	Finitely generated subgroups of full groups of effective Li-coded groupoids with N^k degrees and finite-state unit data have word problem in time 2^(C l^2), so no such host class is universal
finite-subgroups-of-full-cantor-groups-conjugacy-criterion-proof	Glue a D-local map between fundamental domains of the stabilizer strata along the two actions, and use fullness
finite-subgroups-of-full-cantor-groups-conjugacy-criterion	In a full clopen-transitive group of Cantor homeomorphisms, two finite subgroups with clopen fixed sets are conjugate along an isomorphism exactly when their stabilizer types agree; free finite subgroups are always conjugate, and extend to every finite overgroup
finite-type-operad-groups-split-over-a-label-kernel	In a finitely generated operad with transformations, transformations act on the finite sets of classes of each degree, so the transformation groups are residually finite modulo a class-trivial part, and that part only contributes a label kernel of the operad group
finitely-coded-cantor-actions-give-type-a-hosts	Any group acting faithfully in the full group of a finitely coded, piecewise strongly connected Cantor groupoid lies in the type (A) class, provided the Cuntz-stabilized full group is finitely presented
finitely-coded-cantor-actions-type-a-proof	The degree-category comparison lemma never used finiteness of the unit groups, so the clopen type (A) argument runs for any finitely coded groupoid with a finitely presented stabilized full group
finitely-coded-groupoid-unit-groups-are-residually-finite	In an effective finitely coded Li groupoid satisfying condition (F), every unit group embeds in a product of finite symmetric groups of cylinders, so it is residually finite
finitely-coded-unit-groups-act-residually-finitely	In a finitely coded Cantor groupoid of any rank, each unit group acts on its object boundary through a residually finite group, so the unit slot of the coded-host machine carries only residually finite inputs
finitely-generated-linear-groups-satisfy-boone-higman-proof	Split by characteristic and use the reviewed polynomial-host theorems in each
finitely-generated-linear-groups-satisfy-boone-higman	Every finitely generated linear group over any field embeds in a finitely presented simple group
finitely-generated-weakly-branch-group-embeds-in-thompson-v	Some finitely generated weakly branch group embeds in Thompson's group V
fixed-base-finite-subgroups-cylinder-count-proof	Torsion in B fixes clopen sets, a free finite action has a clopen fundamental domain, and cylinder counts mod h-1 are B-invariant
fixed-base-finite-subgroups-satisfy-a-cylinder-count-congruence	In a fixed-base shell enumeration over V_(h,r)(<a>), every finite subgroup C of the input satisfies gcd(|C|, h-1) | r, and the level-one digit rotation turns the shift into a local odometer
flip-codings-remove-the-sign-obstruction-for-iet-groups	Every real number field is Q(β) for a Pisot unit β with the negative finiteness property, so orientation-reversing (negative-base) codings face no sign obstruction; with the negative-base RSG theorem this gives Boone--Higman for every interval exchange group with algebraic parameters
forest-artin-groups-satisfy-permutational-boone-higman-proof	The blocks of a forest are vertices and edges, whose Artin groups are Z and dihedral Artin groups, all in B_A; apply the block reduction
forest-artin-groups-satisfy-permutational-boone-higman	Every Artin group whose defining graph is a forest, with arbitrary labels, lies in the permutational Boone--Higman class and embeds in a finitely presented simple group
fox-rational-section-fails-class-two-virtually	For n at least four the Fox rational section of the abelianized Aut/Out extension lifts to class two over no finite-index subgroup, so a virtual section of Aut(F_n) to Out(F_n) forces nonzero H^1 of that subgroup with coefficients in H_Q
fp-almost-v-groups-fp-germ-groups-proof	Map the Schreier complex of the point stabilizer into the germ groupoid of V with finitely many free arrows; relators give finitely many loops, and the germ kernel dies by pushing words off the singular points
fp-almost-v-groups-have-fp-germ-groups	Every finitely presented group between V and the almost-V group H has finitely presented isotropy germ groups at every point, however its finite presentation is proved
fp-annular-germ-groups-are-hnn-recursive	If an annular host over V is finitely presented, its germ group at the singular point is an HNN extension over a finitely generated group of depth-sequences, with associated isomorphism the depth transport; so every input there lies in a finite tree of copies of one fg group of V-sequences
fp-bieri-strebel-line-groups-are-deformation-rigid	A finitely presented Bieri--Strebel line group G(R;A,P) with P nontrivial is deformation-rigid, so after rescaling A lies in the real number field Q(P)
fp-boolean-inverse-monoids-need-not-have-fp-full-groups	A finitely presented Boolean inverse monoid of a free ample groupoid can have a full group that is not finitely presented; the loss is exactly the non-commutative shadow of its idempotents
fp-decidable-group-whose-e-is-not-recursively-presented	Some finitely presented group with solvable word problem has one-variable mixed identities that are not recursively enumerable, so its group E(G) is not recursively presented, answering MathOverflow 412219 negatively
fp-dense-cantor-subgroups-need-not-have-fg-clopen-stabilizers	A generic free product V * Z inside Homeo(Cantor) is a finitely presented dense subgroup none of whose clopen stabilizers is finitely generated
fp-embeddability-index-set-is-sigma-3-complete	The set of finite presentations whose groups embed in finitely presented simple groups is Sigma_3-complete
fp-embeddability-index-set-sigma-3-from-mihailova-hnn	Sigma_1-hardness of fp embeddability, and Sigma_3-completeness from the Mihailova HNN permanence MH
fp-germ-extensions-locally-moving-bases-proof	Run the V proof with the base axiomatized; finite generation realizes base arrows, finitely presented isotropy makes the groupoid vertex group finitely presented, and local moving kills the germ kernel
fp-germ-extensions-of-locally-moving-bases-have-fp-germ-groups	Over any finitely generated base that moves points locally and has finitely presented germ groups, a finitely presented finite-singularity extension has finitely presented germ groups at every point
fp-groups-with-max-n-are-limits-of-isolated-groups	A finitely presented group in which every normal subgroup is finitely normally generated (max-n) is a limit of isolated groups; more generally it suffices that for each finite set some maximal normal subgroup avoiding it is finitely normally generated
fp-infinite-simple-group-not-two-generated	Some finitely presented infinite simple group cannot be generated by two elements
fp-infinity-soluble-groups-satisfy-permutational-bh-proof	Soluble FP_∞ groups are virtually torsion-free minimax, hence residually finite of finite rank, hence in B_A
fp-infinity-soluble-groups-satisfy-permutational-bh	Every virtually soluble group of type FP_∞ lies in the permutational Boone--Higman class, and hence so does every elementary amenable group of type FP_∞
fp-metabelian-groups-satisfy-boone-higman	Every finitely presented metabelian group embeds in a finitely presented simple group
fp-piecewise-projective-groups-rigidity-criterion	In a finitely presented group of piecewise projective homeomorphisms, every support endpoint at which an algebraic finitely generated subgroup has accumulating support endpoints is an algebraic number
fp-piecewise-projective-groups-specialize-to-algebraic-data	A finitely presented group of one-dimensional piecewise-projective maps with arbitrary real data specializes to real algebraic data nontrivially on any finite set, so it has solvable word problem, and each of its finitely generated simple subgroups embeds in such a group over a real number field and has polynomial-time word problem
fp-pl-groups-with-f-have-no-transcendental-support-endpoints	A finitely generated PL group with data in Q(λ), λ transcendental, that contains a dyadic copy of Thompson's F and a one-bump element in F's interval with an irrational endpoint is not finitely presented
fp-positive-l2-betti-groups-are-acylindrically-hyperbolic	Every finitely presented group with positive first L2-Betti number is acylindrically hyperbolic (Osin's problem)
fp-ray-near-actions-with-the-shift-exist	Some finitely presented group has a faithful near action on N in which one element is the shift and the index kernel is finitely generated, acts with infinite supports, not virtually abelian, and is realizable
fp-rf-groups-embed-in-hnn-recursive-annular-germ-groups	Every finitely presented residually finite group is a passenger in a finitely presented HNN-recursive annular germ group over V, driven by an ascending machine and pinned by single-depth relations
fp-rf-groups-with-non-primitive-recursive-word-problem	There are finitely presented residually finite (solvable, class 3) groups whose word problem is decidable but not primitive recursive; this answers Kourovka Problem 5.15 positively, from Kharlampovich–Myasnikov–Sapir
fp-rsgs-have-fp-full-closures	Every finitely presented rational similarity group has a finitely presented full closure (BBMZ-hyperbolic Question 1.4)
fp-self-similar-groups-with-arbitrarily-hard-word-problem	For every recursive time bound some finitely presented self-similar group has a harder word problem
fp-simple-group-containing-a-non-efrf-residually-finite-group	Some finitely presented simple group contains a finitely generated residually finite group that is not effectively residually finite, for example one of Rauzy's lamplighter amalgams L(A)
fp-simple-group-not-coarsely-embeddable-in-hilbert-space	Some finitely presented simple group does not coarsely embed into Hilbert space, and so fails the Baum--Connes conjecture with coefficients
fp-simple-group-of-finite-cohomological-dimension-above-two	There is a finitely presented infinite simple group of finite cohomological dimension greater than 2 (Kourovka 21.46)
fp-simple-group-with-commutator-width-at-least-two	Some finitely presented simple group has commutator width at least 2
fp-simple-group-with-kazhdan-subgroup-of-non-residual-centre	Some finitely presented simple group has a finitely generated Kazhdan subgroup with infinitely many central elements that die in every finite quotient
fp-simple-group-with-nonrecursive-mixed-identities	Some infinite finitely presented simple group has a non-recursive set of k-variable mixed identities for some k
fp-simple-group-with-positive-first-l2-betti-number	Some finitely presented infinite simple group has positive first L2-Betti number
fp-simple-group-with-pspace-complete-word-problem	Some finitely presented simple group has a PSPACE-complete word problem
fp-simple-groups-can-contain-infinite-finite-exponent-groups	Duplicate of some-fp-simple-group-has-an-infinite-bounded-exponent-subgroup (some finitely presented simple group contains an infinite finitely generated group of finite exponent)
fp-simple-groups-embed-in-fp-simple-mif-groups	Every finitely presented simple group embeds in a finitely presented simple mixed-identity-free group
fp-simple-groups-have-residually-finite-torsion	(RT) In every finitely presented simple group, every finitely generated torsion subgroup is residually finite; this uniform torsion separator refutes Boone–Higman if true, and holds on every finitely presented simple family where it has been checked
fp-simple-groups-have-the-joint-embedding-property	Any two finitely presented simple groups embed in a common finitely presented simple group
fp-simple-groups-with-arbitrarily-complex-word-problem	For every recursive time bound some finitely presented simple group has a harder word problem
fp-simple-kac-moody-lattices-are-highly-transitive	The finitely presented simple Kac--Moody lattices over finite fields are highly transitive (BFFHZ Question 3.6)
fp-simple-non-coarsely-embeddable-group-via-graphical-bh	Put the decidable graphical group with isometric expanders into a finitely presented simple group and pass the expander up
fp-simple-nonexact-group-via-graphical-small-cancellation-bh	Embed Osajda's decidable non-exact graphical group in a finitely presented simple group, using Boone--Higman only for graphical small cancellation inputs
fp-simple-nonexact-group-via-nonexact-type-a-actor	A non-exact type (A) actor sits inside a finitely presented simple group, which is then non-exact
fp-simple-nonexact-group	Some finitely presented simple group is not exact
fp-simple-real-box-map-groups-are-not-universal-hosts	Finitely presented groups of box-exchange maps of [0,1)^n (as nV) with arbitrary real data specialize to algebraic data, so their finitely generated simple subgroups have exponential-time word problems and no class of such finitely presented simple groups, over all n and all real data, is a universal Boone--Higman host
fp-stabilizer-engines-need-decidable-vertex-groups	If the derived full group D(F_B) of Z/k * B on its compactified Bass–Serre tree is finitely presented, then so is F_B, and the vertex group B has solvable word problem
fp-strongly-shift-similar-groups-have-fp-houghton-like-groups	If a strongly shift-similar group G is finitely presented then every Houghton-like group H_n(G) is finitely presented, for every n >= 1 (the finitely presented case of Mallery-Zaremsky Question 5.13, first and third sentences)
fp-window-group-makes-shell-germ-group-fp	A finitely presented window group makes the shell near shift group an ascending HNN extension, so the shell germ group is finitely presented
fp-window-group-shell-germ-proof	The window inclusion exhibits the near shift group as the mapping torus of the window group
free-burnside-groups-satisfy-boone-higman	Every infinite free Burnside group with solvable word problem embeds in a finitely presented simple group
free-by-pbh-and-surface-by-pbh-groups-lie-in-type-a-class	An extension of a group in the permutational Boone--Higman class by a finitely generated free group of rank at least two or a closed surface group of genus at least two again lies in that class; so do surface bundles over surfaces and groups with a normal series of such factors
free-by-virtually-free-groups-satisfy-boone-higman-proof	Free-by-(virtually free) groups lie in BS_Z or BS_{F_k}, which Bux–Llosa Isenrich–Wu Theorems 12.2 and 12.5 cover
free-by-virtually-free-groups-satisfy-boone-higman	Every extension of a finitely generated free group by a finitely generated virtually free group, in particular every free-by-free group, embeds in a simple group of type F_∞
free-centre-by-metabelian-bh-via-linearity	Every F_n/[F_n'',F_n] is linear in characteristic zero, so it lies in the permutational Boone--Higman class
free-centre-by-metabelian-corner-kernel-is-the-torsion	The (2n+1)x(2n+1) corner representation of F_n/[F_n'',F_n] over Z[Z^n] has kernel exactly the torsion subgroup, which is 0 for n <= 3 and (Z/d)^C(n,4) for n >= 4
free-centre-by-metabelian-group-of-rank-two-is-linear	The free centre-by-metabelian group of rank 2 has a faithful 4x4 representation over Z[x^(±1), y^(±1)]
free-centre-by-metabelian-group-of-rank-two-satisfies-pbh	The free centre-by-metabelian group F_2/[F_2'',F_2] lies in the permutational Boone--Higman class, so it embeds in a finitely presented simple group
free-centre-by-metabelian-groups-are-linear	Every free centre-by-metabelian group F_n/[F_n'',F_n] of finite rank is linear over Q(x_1..x_n), residually nilpotent and residually finite
free-centre-by-metabelian-groups-linear-iff-residually-finite	For r >= 4, the free centre-by-metabelian group F_r/[F_r'',F_r] is linear in characteristic zero exactly when it is residually finite
free-centre-by-metabelian-groups-satisfy-boone-higman	The finite-rank free centre-by-metabelian groups F/[F'',F] lie in the permutational Boone--Higman class
free-centre-by-metabelian-linear-modulo-exterior-square-kernel	For every rank n, n^2 explicit 3x3 representations over Z[Z^n] embed F_n/[F_n'',F_n] modulo one explicit kernel K_n; if K_3 = 0 then the rank-3 group is linear
free-centre-by-metabelian-linearity-via-gamma-seven-quotient	The corner representation kills only the torsion, and the torsion survives modulo gamma_7, so C_n embeds in a product of two linear groups
free-centre-by-metabelian-rank-two-linearity-proof	A second-order Magnus embedding makes F_2/[F_2'',F_2] a subgroup of GL_4(Z[x^(±1),y^(±1)])
free-centre-by-metabelian-rank-two-pbh-via-linearity	Linearity of F_2/[F_2'',F_2] over Q(x,y) puts it in the permutational Boone--Higman class
free-crossed-leavitt-k-gate-is-a-farrell-jones-instance	For any finitely generated group acting on a compact zero-dimensional space with free finite subgroups, K(B ⊗ L) vanishes iff the Farrell-Jones assembly map with coefficients LC(X, L) is an equivalence, so gate G3r is exactly one instance of Farrell-Jones
free-factor-system-stabilizers-distortion-citation	Import Handel--Mosher Theorems 1, 3, 7 and 8
free-factor-system-stabilizers-distortion-dichotomy	The stabilizer in Out(F_n) of a free factor system is a Lipschitz retract when its coindex is one and distorted when its coindex is at least two
free-group-boundary-shift-is-quantum-rigid	The boundary shift of a free group is a nearest-neighbour SFT that is 1-quantum rigid over every field, by domination along geodesics
free-group-boundary-shift-rigidity-proof	The edge rule makes each edge carry one projection and its complement, so along any geodesic the backward-pointing projections form a commuting increasing chain that every label at every vertex sits in or against
free-group-boundary-shifts-are-quantum-rigid	The end shift of a free group, coded over the group itself, is quantum rigid at every scale over every field, and so is its product over a product of free groups
free-group-coset-wreaths-satisfy-pbh-proof	Pass to a finite-index normal subgroup N whose G/C-orbits have retract stabilizers, then use the retract case and finite-index closure; for free groups use Marshall Hall and Kurosh
free-group-coset-wreaths-satisfy-pbh	For every finitely generated subgroup C of a free group F, the coset lamplighters A wr_(F/C) F and the identity-edge extensions F *_C (C x K) lie in the permutational Boone--Higman class
free-groups-have-no-pair-finite-actions-with-fg-stabilizers	A finitely generated subgroup of infinite index in a free group has infinitely many double cosets, so free groups have no pair-finite actions with finitely generated stabilizers
free-kernel-extensions-stay-in-the-permutational-class-proof	Embed G in Aut(K) × G/K through conjugation, using that K is centreless and Aut(F_r) lies in B_A
free-kernel-extensions-stay-in-the-permutational-class	An extension of a group in B_A by a finitely generated free group of rank at least 2 lies in B_A, and so do iterated such extensions and fundamental groups of free-fibred bundles over aspherical bases
free-minimal-triangle-permutive-sft-exists	Some free minimal Z^2 subshift of finite type is triangle-permutive, equivalently some finite quasigroup spacetime contains a free minimal sub-SFT
free-minimal-zn-derived-full-groups-are-never-fp	For no free minimal action of Z^N on a Cantor set is the derived subgroup of its topological full group finitely presented
free-permutational-products-preserve-pbh-proof	Send the factor at x to the transvections by g_x K g_x^(-1) with g_x = y δ_x y, where δ_x is a lamp of Z/2 wr_X W, and let W act by twisted conjugations
free-permutational-products-preserve-pbh	Free permutational products (*_X K) ⋊ W over W-sets with finite stabilizers stay in the permutational Boone--Higman class, so do HNN extensions and amalgams X *_C (C x K) over finite C with no retraction
free-product-boundary-groupoids-carry-the-vertex-group-homology	For D = Z/k * B with B infinite, the action of D on its Bass–Serre tree compactified by the B-vertices is a purely infinite minimal Cantor groupoid with homology Z in degree 0 and H_n(B; Z) in every degree n >= 1; its derived full group is simple, contains every perfect subgroup of B, and is finitely generated when B is
free-product-finite-factor-contracting-rsg-proof	Atoms beyond a finite-factor letter are cones of one type, and translating by that letter plants every atom inside such a cone, so the type graph has an irreducible core
free-product-hom-orbit-faithfulness-proof	Substitute t for x_1 and use that free products are mixed-identity-free
free-product-hom-orbits-of-relative-automorphisms-are-faithful	The relative automorphism group of S * F_n acts faithfully on the orbit of (t, 1, ..., 1) in the homomorphisms to S * <t>, for every nontrivial group S
free-products-of-hyperbolic-groups-are-contracting-rsgs	Every free product A * B of nontrivial hyperbolic groups, other than Z/2 * Z/2, is isomorphic to a contracting rational similarity group
free-products-with-a-finite-factor-are-contracting-rsgs	A free product of a nontrivial hyperbolic group with a nontrivial finite group (other than Z/2 * Z/2) is isomorphic to a contracting rational similarity group
free-products-with-z-inherit-m2-from-universal-points	If A has a computable hyperaperiodic point that is universal at the origin, then A * Z carries an effectively closed minimal free subshift; minimality is supplied by the Bass-Serre tree
free-shift-houghton-envelopes-local-stability-proof	Relations of a free-shift envelope survive every finite-prescription perturbation of the enumeration, while the conjugation relations of rho on transpositions do not
free-shift-houghton-like-envelopes-are-not-fp	If P*<s> embeds as the near shift group then no Houghton-like envelope H_n(E_nu(P)) is finitely presented, although for n >= 2 its germ group is; finite presentation forces finitely many relations to pin nu down up to right translation
free-times-z-carries-a-minimal-free-sft	For every n >= 1 the one-ended group F_n x Z, non-amenable for n >= 2, carries a nonempty minimal free (strongly aperiodic) subshift of finite type; so do unimodular GBS groups and BS(1,n)
fsym-by-odometer-group-on-the-integers-is-fp-proof	Present FSym(X) by all transpositions with conjugation relations, let Q permute them with finitely many orbits, and check the orbit and stabilizer conditions for the odometer group on the integers by prefix surgery near 0 and -1
fsym-by-odometer-group-on-the-integers-is-fp	The odometer Röver–Nekrashevych group acts genuinely on the integers inside the 2-adics, and FSym(Z) ⋊ B is finitely presented; for n >= 3 the Houghton-like group H_n(G_od) is generated by n(n-1)/2 copies of it
fsym-containing-fp-groups-are-pinned-by-finitely-many-equations	A finitely presented permutation group that contains FSym(X) inside a finitely generated subgroup has its remaining generators pinned by finitely many equations, with a Schreier-ball test for non-finite-presentation
fsym-extensions-lift-fp-via-pair-transitive-stable-subgroups	A permutation group containing FSym(X) is finitely presented if its germ group is, it is generated by a finitely presented subgroup K containing FSym(X) and finitely many letters y, and each y conjugates into the group already built some finitely generated subgroup with finitely many orbits on pairs
full-corner-copies-of-q-force-central-rational-scalars	If a full corner eRe of a ring R contains Q unitally, then R contains Q centrally and unitally, so corner embeddings of GL_n(Q) do not escape the rational-scalar obstruction
full-group-label-length-bounds-distortion	Label length is subadditive on a full group, so a subgroup whose labels are locally determined is undistorted in every finitely generated group between it and its full closure
full-shift-topological-full-group-is-residually-finite-proof	Elements of the full-shift topological full group permute every finite shift orbit, and periodic points are dense
full-shift-topological-full-group-is-residually-finite	The topological full group of the two-sided full shift is residually finite, so none of its subgroups is an infinite finitely generated group of finite exponent
full-shift-topological-full-groups-are-torsion-locally-finite	Every finitely generated torsion subgroup of the topological full group of a two-sided full shift is finite, and so is every such subgroup of the group of reversible one-dimensional finite-state automata
fw-inputs-admit-no-twisted-normalizing-genuine-shell-action	An infinite finitely generated group with property FW has no faithful action on N that the shift conjugates into itself toward the singular point, so FW inputs never pass the window-zero shell gate in that direction
fw-inputs-pass-window-zero-only-via-proper-self-embeddings-proof	Transfix the graph of a near-equivariant map, then count finite orbits along the shift
fw-inputs-pass-window-zero-only-via-proper-self-embeddings	For an input with property FW, in particular every Kazhdan input, a genuine shell action with an infinite orbit passes the window-zero gate only with sign −1, through an injective endomorphism of infinite index, and for simple inputs only through a highly transitive self-similar action
fw-twisted-normalizing-shell-action-proof	FW straightens the shift into a genuine equivariant bijection of index m; the index forces every orbit to be finite, and orbit sizes decrease along the shift, so P is finite
fw-window-zero-descending-sign-forces-trivial-core	For an FW input, the descending sign of shell window zero forces the endomorphism core to be trivial, so window zero fails for every co-Hopfian FW input
fw-window-zero-descending-sign-proof	Proof that the descending sign of shell window zero forces a trivial endomorphism core for FW inputs
g-free-z-acts-locally-faithfully-on-horofunction-boundary	For every nontrivial finitely generated G, no nontrivial element of G*Z fixes a nonempty open subset of the horofunction boundary of G*Z pointwise
garside-decorated-groupoids-hide-artin-groups-in-isotropy	In the decorated Garside odometer full group of a finite-type Artin group, the Artin group sits mostly in the isotropy, and no simple subgroup contains it
garside-odometer-groups-have-simple-finite-index-commutator	For a finite-type Artin monoid, the decorated Garside odometer full group has finite abelianization and simple commutator subgroup
generic-shells-have-infinitely-generated-singular-ideals	Every infinite finitely generated group has generic shell enumerations; for them the germ group is a bipartite parity wreath and the singular ideal is not finitely generated
genuine-action-shell-envelopes-generalize-the-regular-shell	The Cantor shell construction works for every action of the input on N in which nonidentity elements have infinite support, not only for regular enumerations
genuine-action-shell-generalization-proof	The regular shell proofs use only that the input acts on N by permutations with infinite supports
germ-host-class-closed-under-sectioned-ascending-hnns	A class of cone-closed Thompson-like germ hosts contains all bounded Röver–Nekrashevych groups, embeds in finitely presented simple groups, and is closed under cone-sectioned ascending HNN extensions with F_infinity tail
germ-host-class-hnn-closure-proof	Proof that the cone-closed germ host class contains bounded Röver–Nekrashevych groups, consists of BH hosts, and is closed under cone-sectioned ascending HNN extensions with F_infinity tail
germ-hosts-contain-no-free-finite-state-tree-groups	Finite-state tree automorphisms in a cone-closed germ host have polynomial activity, so no free group acts by them there; hence ascending HNN extensions of F_n (n ≥ 2) cannot enter the germ host class through self-similar realizations
germ-rate-homomorphism-test-proof	Proof of the cyclic base germ group, the germ-rate homomorphism, and the finite generation test for condition (E4)
germ-rate-homomorphism-tests-germ-extension-finiteness	At an eventually periodic point the base germ group is infinite cyclic and carries a germ-rate homomorphism to the positive rationals, which must have finitely generated image for condition (E4)
germ-steinberg-algebras-over-v-are-fg-central-simple	The germ-groupoid Steinberg algebra of a finitely generated Cantor host containing Thompson's V is a finitely generated central simple F_2-algebra whose units contain the host
gl-n-f2t-bh-via-horner-resolvent-leavitt-tensor	F_2(t) inside the central simple Horner-resolvent algebra R_2 puts every GL_n(F_2(t)) in the Leavitt tensor unit group (R_2 ⊗ L)^x, finitely presented and simple once K_1 and K_2 vanish
gl-n-f2t-embeds-in-fp-simple-group	For every n >= 2 the group GL_n(F_2(t)) embeds in a finitely presented simple group
gl-n-q-embeds-in-fp-simple-group	For every n >= 2 the group GL_n(Q) embeds in a finitely presented simple group
graded-renormalization-gives-ternary-toeplitz-factor-proof	Proof that a graded height-3 renormalization gives a factor onto the ternary valuation Toeplitz subshift, and a periodic subgroup when the element lies in nV
graded-renormalization-gives-ternary-toeplitz-factor	A homeomorphism with a height-3 self-renormalization that cycles a clopen 3-colouring factors onto the ternary valuation Toeplitz subshift; in nV this would give an infinite finitely generated periodic subgroup
graph-houghton-bh-via-eventually-rigid-g-automorphisms	Graph Houghton groups satisfy permutational Boone–Higman if one eventually rigid G-automorphism group P_G(r) is finitely presented
graph-houghton-groups-embed-in-eventually-rigid-g-automorphisms	The pure graph Houghton group PB_r embeds in the group P_G(r) of eventually rigid G-automorphisms of G * F(X), for every group G
graph-houghton-groups-satisfy-boone-higman	The graph Houghton groups of Hill–Kwak–Udall–West embed in finitely presented simple groups
graphical-small-cancellation-inputs-satisfy-boone-higman	Every finitely generated graphical small cancellation group with finite components and solvable word problem embeds in a finitely presented simple group
grigorchuk-fp-amenable-group-boone-higman-proof	Proof that Grigorchuk's finitely presented amenable group embeds in a contracting Röver–Nekrashevych group
grigorchuk-fp-amenable-group-satisfies-boone-higman	Grigorchuk's finitely presented amenable group embeds in a contracting Röver–Nekrashevych group, so it satisfies Boone–Higman and permutational Boone–Higman
grigorchuk-group-embeds-in-fp-residually-finite-group	The first Grigorchuk group embeds in a finitely presented residually finite group
grigorchuk-groups-lie-in-one-point-germ-extensions-of-v	Every Grigorchuk group G_omega lies in the finite germ extension <V, b_omega, c_omega, d_omega> of Thompson's V, with one singular orbit and germ group W_omega x| Z; the germ group is finitely presented exactly when omega is eventually periodic
grigorchuk-supergroup-fp-amenable-hnn-satisfies-boone-higman	The finitely presented amenable HNN extension of the Grigorchuk supergroup embeds in a finitely presented simple group
group-algebras-embed-in-shell-essential-algebras	The group algebra K[P] of every countable group embeds in the central simple algebra A_nu/J of any of its shell envelopes, which also contains a unital Leavitt pair; algebra BH for group algebras reduces to finite presentation of one such A_nu/J
groupoid-lifts-of-central-extensions-need-no-invariant-measure	An odometer-type lift of a central Z-extension over a compact action forces its real class to vanish whenever the action has an invariant probability measure
gupta-torsion-element-survives-modulo-gamma-seven-citation	Import Gupta--Levin 1986 Lemma 2.2 (after C. K. Gupta 1973) and Lemma 4.4
gupta-torsion-element-survives-modulo-gamma-seven	Gupta's element u_6 of F_4/[F_4'',F_4] has order 2 and does not lie in the seventh term of the lower central series
hall-quotient-avoids-v-circle-groups-and-periodic-ends	Hall's non-residually-finite quotient B/C embeds neither in Thompson's V nor in any group of circle homeomorphisms, and no host with eventually periodic ends over a compact skew-product base carries it
hard-self-similar-groups-via-self-similar-kms-modules	Hard finitely presented self-similar groups from Kharlampovich-Myasnikov-Sapir groups whose configuration modules are self-similar
hard-slope-thompson-groups-have-no-piecewise-projective-hosts	For computable Liouville slopes λ with hard digits, the simple group D(V_λ) embeds in no finitely presented group of piecewise-projective maps of an interval, circle or line; in particular V_λ and D(V_λ) are not finitely presented
height-two-bs-tower-is-not-residually-finite	The height-two Baumslag--Solitar tower <a_0,a_1,a_2 | a_1 a_0 a_1^-1 = a_0^2, a_2 a_1 a_2^-1 = a_1^2> is not residually finite; the commutator of a_0 with its conjugate by a square root of a_1 dies in every finite quotient
higman-chain-configuration-reduction-proof	Both factors of the chain embed as soon as c has infinite order; separate them by the centralizer of (b, m) in M × L_1, using the retraction of BS(b,c) onto <b>
higman-chain-group-pbh-iff-chain-configuration	The chain BS(1,2) *_Z BS(1,2), the common vertex group of Higman's group and of the Baumslag--Gersten group, lies in B_A iff some B_A group has an element conjugate to its square that conjugates an infinite-order element to its square
higman-closure-theorems-inapplicable-proof	Proof of the retraction lemma and of its consequences for the Higman splittings and the permutational closure theorems
higman-group-embeds-in-no-lodha-moore-or-monod-group	Every homomorphism from Higman's group to Monod's group H(R) or to a Lodha-Moore group is trivial, answering Zaremsky's Oberwolfach 2018 Question 110 negatively
higman-group-satisfies-boone-higman	Higman's four-generator group embeds in a finitely presented simple group
higman-images-in-brick-hosts-have-iterated-log-growth	In any homomorphism from Higman's group to an isometric-section brick group, exponent sums grow like O((log m)^2) along powers 2^m, so a growth gap for brick maps would make every such homomorphism trivial
hnn-extensions-split-over-their-vertex-group-via-the-double	Every HNN extension A*_phi is also the HNN extension of the double A *_(phi C_1) tAt^-1 along the whole vertex group A -> tAt^-1, so the orbit-finite-edge clause of type (A) permanence can always be moved from the edge to the vertex group
hnn-stages-add-no-complexity-beyond-edge-distortion	A faithful one-permutation HNN stage over a type (A) actor adds no complexity beyond the distortion of its orbit-finite edge groups, and an identity edge must be closed under the permutation bicommutant, which fiber-product edges never are
homeo-cantor-has-dense-free-subgroups-without-fg-stabilizers	Homeo(Cantor) contains a dense free subgroup of rank 2, generated by the shift and a generic homeomorphism, none of whose clopen stabilizers is finitely generated
homeomorphism-group-mixed-identities-depend-only-on-closure	Mixed identities of a homeomorphism group depend only on its closure, so Cantor-dense groups are MIF and dense tame interval or circle groups have decidable mixed identities
homogeneous-conjugation-invariants-vanish-on-bs-bases	Every homogeneous conjugation-invariant quantity vanishes or is infinite on an element conjugate to a proper power, so no proper cocompact CAT(0) group contains Higman's group or the Baumslag--Gersten group
homogeneous-invariants-vanish-on-bs-bases-proof	Proof that homogeneous conjugation invariants vanish on proper-power bases, with the metric instances and the CAT(0) host exclusions
horner-resolvent-leavitt-tensor-k1-k2-vanish	For the Horner-resolvent algebra R_2 over F_2, the Leavitt tensor R_2 ⊗ L_(F_2)(1,2) has K_1 = K_2 = 0
houghton-groups-embed-in-thompson-v-proof	Code each ray point (i,k) as the cone c_i 1^k 0, so that eventual translations become prefix replacements on the tails c_i 1^K
houghton-groups-embed-in-thompson-v	Every Houghton group H_n embeds in Thompson's group V, so Houghton groups satisfy Boone--Higman
houghton-like-envelope-fp-pins-the-enumeration-by-near-relators	If H_n(E_nu(P)) is finitely presented, then nu is the unique solution of finitely many far-out near relators of R_nu plus a finite seed; the relators must involve a finite-index set of P-letters, and for P not virtually cyclic each needs two P-letters
houghton-like-envelopes-have-fp-germs-iff-fp-near-shift-group	For n >= 2 the Houghton-like envelope H_n(E_nu(P)) has finitely presented germ group exactly when the near shift group R_nu is finitely presented, so generic enumerations of every infinite finitely presented input pass the germ gate
houghton-like-envelopes-lift-finite-presentation-from-germs	For n >= 3 a Houghton-like group H_n(G) of a finitely generated strongly shift-similar group is finitely presented once its germ group is
houghton-like-explicit-presentation-from-fp-g-proof	Second, independent proof: glue n copies of a finite presentation of G to the translations by the shifting isomorphism, identify one transposition per ray, and read off H_n(G) as an FSym-by-germ extension
houghton-like-fp-spectrum-is-closed-under-multiplication	For every infinite shift-similar G the set of n with H_n(G) finitely presented is closed under multiplication by positive integers, and it is all n >= 1 when G is finitely presented and strongly shift-similar
houghton-like-germ-groups-are-index-zero-products-proof	Read off ray germs of H_n(G) as index-zero tuples in the extended germ group, then apply Meinert's inequality over at least three living factors and Renz's kernel criterion
houghton-like-groups-are-strongly-shift-similar	The Mallery-Zaremsky Houghton-like groups H_n(G) of a shift-similar G are strongly shift-similar, contain G^n, contain every finitary permutation, and are finitely generated when G is and n >= 2
houghton-like-groups-strongly-shift-similar-citation	Import Mallery-Zaremsky Definition 4.1, Observation 5.1, Propositions 5.3 and 5.5, Proposition 5.10, Corollary 5.11, Lemma 3.19 and Question 5.13
hyperbolic-free-product-contracting-rsg-proof	Shadows of points just past a syllable change are atoms of one type, and translating a factor branch into such a shadow copies every atom type, so the type graph of A * B has an irreducible core
hyperbolic-groups-have-fg-subgroups-with-two-double-cosets	Some hyperbolic group has a finitely generated subgroup of infinite index with exactly two double cosets, so double-coset rigidity for finitely generated subgroups needs a core-free hypothesis
hyperbolic-groups-in-b-a-proof	Read the type (A) action off the BBMZ proof that full contracting RSGs embed in finitely presented simple groups, then apply the B_A closures
hyperbolic-groups-lie-in-the-permutational-class	Full contracting rational similarity groups are type (A) actors, so hyperbolic groups and contracting self-similar groups lie in the permutational Boone--Higman class, and finite direct and graph products of them satisfy Boone--Higman
hyperbolic-groups-quasi-isometrically-embed-in-fp-simple-groups	Every hyperbolic group quasi-isometrically embeds in a finitely presented simple group of type F_infinity
hyperbolic-groups-undistortedly-embed-in-fp-simple-groups	Every hyperbolic group has an undistorted (quasi-isometric) embedding into a finitely presented simple group, and every full contracting RSG is undistorted in its finitely presented simple twisted Brin-Thompson group
hyperbolic-kac-moody-lattices-are-torsion-locally-finite	Kac–Moody lattices over finite fields whose Weyl group contains no Z^2 are torsion locally finite, so the finitely presented simple Kazhdan Kac–Moody groups with hyperbolic Weyl group contain no infinite finitely generated periodic group
hyperbolic-kac-moody-torsion-lf-proof	Without Z^2 in W the buildings have no flat planes (Caprace–Haglund), hence are Gromov hyperbolic, so a finitely generated torsion group has bounded orbits on both (Haettel–Osajda) and lies in a finite stabilizer of a pair of chambers
hyperbolic-pcf-rational-nekrashevych-groups-are-f-infinity	For every hyperbolic post-critically finite rational map f, and more generally every expanding partial self-covering of a compact space with type F_infinity fundamental group, the Nekrashevych group V_f = V_d(IMG f) has type F_infinity
hyperbolic-undistorted-fp-simple-embedding-proof	Check that each step G <= G*Z <= [[G*Z | horofunction boundary]] <= SV_Gamma of the BBMZ chain is undistorted, using free-factor retraction and full-group label length
imprimitive-braid-groups-b-e-e-n-lie-in-the-pbh-class-proof	Translate the configuration by a free parameter c, fibre over the strand positions c + y_k^e, and apply free-kernel permanence
imprimitive-braid-groups-b-e-e-n-lie-in-the-pbh-class	The braid group B(e,e,n) of every imprimitive complex reflection group G(e,e,n) lies in B_A and embeds in a finitely presented simple group, including the cases e >= 3, n >= 3 where linearity is open
infinite-kazhdan-group-in-wobbling-group-of-product-of-trees	Some infinite simple Kazhdan group, and ideally every canonical input H_Γ, has a coarsely dense bounded-displacement realization on F₂×F₂
infinite-shift-higman-compiler	A decidable infinite finite presentation has a finitely presented Mallery-Zaremsky shift envelope
infinite-shift-similar-groups-need-not-be-strongly-shift-similar	There is an infinite (not finitely generated) shift-similar group that is not strongly shift-similar, answering Mallery-Zaremsky Question 3.18 as stated
integral-affine-halving-stabilizers-are-finitely-generated	The stabilizer in the integral affine structure group of one halving direction of Z_2^D is finitely generated
integral-affine-splitting-types-have-finitely-many-tuple-orbits	In the twisted integral-affine full group, the global affine symmetries act on halving directions with finitely many orbits on k-tuples, because halving only sees Z_2 mod 2
integral-affine-structure-group-is-finitely-presented	The integral affine group of Z_2^D twisted by Thompson's F, (Z^(D) x| GL(Z; D)) x| F, is finitely presented
integral-counting-group-avoids-leavitt-linear-simple-hosts	The C_=P-complete integral Leavitt group Γ_Z has no simple host among Leavitt-linear groups over Z[1/M], and rational or finite-field ones would force C_=P ⊆ ∀·Mod_pP
integral-counting-group-hosts-proof	Congruence kernels, scalar commutators and injective reduction mod p exclude Leavitt-linear simple hosts of Γ_Z
integral-linear-one-host-via-elementary-shift-group	Boone-Higman for the elementary shift group E(Z) x| Z gives one host for every integral linear group
integral-linear-one-host-via-fp-elementary-thompson-group	Boone-Higman for the finitely presented group E(Z; D) x| F gives one host for every integral linear group
integral-linear-one-host-via-twisted-integral-affine-full-group	The finitely presented simple twisted integral-affine Brin-Thompson group W is one host for every integral linear group
interval-exchange-pl-groups-act-with-type-a-on-breakpoints	A finitely presented V-type PL group V(l;A,P) with P finitely generated and A/(IP·A) finite acts with type (A) on A∩[0,l); point stabilizers are ascending unions of copies of the group itself
interval-spherical-brown-criterion-proof	Filter by interval length; homologically, extension closure of n-finite complexes; homotopically, van Kampen along the suspended open intervals and Brown's presentation theorem
interval-spherical-brown-criterion	A group acting on a highly connected union of finite poset intervals is of type FP_n, or finitely presented, if only the homologically essential intervals are counted and their stabilizers have the finiteness matching their homological degree
irreducible-jnc-tree-lattices-pbh-via-bader-shalom	Unimodularity rules out fixed ends and abelian normal subgroups of the closures, Bader--Shalom then makes every projection injective, and a faithful factor finishes
irreducible-tree-lattices-with-jnc-closures-are-pbh	An irreducible lattice on a product of trees whose factor closures are just-non-compact acts faithfully on every factor, so it satisfies permutational Boone--Higman; three-tree lattices escape only through a non-just-non-compact closure
katsura-one-vertex-actions-are-odometers-proof	The Katsura cocycle gives sigma^m(j xi) = j sigma^n(xi); coprimality makes every level orbit full; the baker map conjugates a^m to a^n; the odometer lemma finishes
katsura-one-vertex-actions-are-odometers	For coprime m and n the one-vertex Katsura action of Z with matrices (m) and (n) is conjugate to the m-adic odometer, so its generator times the identity satisfies the BS(m,n) relation with the baker map but carries only the metabelian shadow of BS(m,n)
kazhdan-almost-v-central-v-elements-proof	Push the Kazhdan group down to the orbit space of an attracting basin, where it acts through V, then through an abelian group of translation numbers
kazhdan-central-aperiodic-parts-in-2v-carry-no-measure	For an infinite-order central element z of a Kazhdan subgroup K of 2V, the aperiodic set of z is a nonempty closed K-invariant set with no K-invariant measure, on which z never returns into its own reading bricks
kazhdan-central-elements-of-2v-have-slope-free-periodic-points	A central element of a Kazhdan (or FW) subgroup of 2V has slope zero at every periodic point; in nV the same holds for slopes of support at least n-1, and for all slopes if Kazhdan subgroups of lower-dimensional kV are finite
kazhdan-groups-avoid-full-groups-of-subexponential-actions	If a group of subexponential growth (such as Z^2) acts on a compact space, its topological full group contains no infinite Kazhdan group; so the canonical inputs H_Γ never lie in the permutational units of a crossed product over Z^2
kazhdan-inputs-need-one-ended-nonamenable-wobbling-scaffolds	Kazhdan inputs of the full-group gate over a fixed scaffold need one-ended uniformly nonamenable Schreier realizations, so amenable, polynomial-growth and virtually free scaffolds are dead while F₂×F₂ passes every test
kazhdan-simple-groups-act-only-on-exotic-2d-buildings	A finitely generated group with property (FA) and no nontrivial finite quotient acts trivially on every locally finite tree and every Bruhat–Tits building, so in building-coded hosts it can only act through exotic 2-dimensional factors, where a word problem outside EXP needs a non-discrete automorphism group
kazhdan-subgroups-of-almost-v-have-no-central-v-elements	A Kazhdan group of homeomorphisms of the Cantor set with finite V-singular sets has no central element of infinite order lying in a conjugate of V
kazhdan-subgroups-of-brin-thompson-groups-are-finite	For every n, every subgroup of the Brin-Thompson group nV with property (T) is finite
kazhdan-subgroups-of-brin-thompson-groups-have-finite-center	Every subgroup of a Brin-Thompson group nV with property (T) has finite center
kazhdan-subgroups-of-fp-simple-groups-can-have-infinite-centre	The integral Jacobi group Sp_2n(Z) ⋉ H(Z), n ≥ 2, is an integral linear Kazhdan group with infinite cyclic centre, so "Kazhdan subgroups have finite centre" does not separate Boone–Higman
khanh-ara-cortinas-hypotheses-hold-for-leavitt-tensor-hosts	Checked at source, every hypothesis of the Khanh and Ara--Cortiñas inputs holds for R = L_p ⊗ L_p over every prime field, so the fp-simple hosts rest only on those published or preprint theorems and on repository steps checked here
km-building-open-subgroups-have-infinite-bi-index	A subgroup of a Kac--Moody group of irreducible infinite type over a finite field that contains the trace of an open subgroup of the positive completion has finite index or infinitely many double cosets
km-building-open-subgroups-have-infinite-ht-orbits	In every highly transitive action of a Kac--Moody lattice over a finite field, every building-open subgroup and each of its finite-index subgroups has only infinite orbits
km-negative-completion-building-open-dichotomy-proof	A Chevalley involution swaps the two halves of the twin building and carries the positive building-open results to the negative completion
km-negative-completion-building-open-dichotomy	For 2-spherical Kac--Moody groups over fields with at least four elements, the building-open dichotomy and its high-transitivity consequences also hold for the negative completion
kms-central-configurations-transient-proof	The phi-core contains every normal phi-invariant subgroup of the domain, and the central configurations are fixed by the whole group ring up to augmentation
kms-configuration-modules-carry-self-similar-structures	Hard Kharlampovich-Myasnikov-Sapir groups have a self-similar top whose configuration module carries a self-similar module structure
kms-configuration-modules-have-trivial-coinvariants	The configuration module of every Kharlampovich-Myasnikov-Sapir group has trivial coinvariants, so it carries no self-similar module structure
kms-self-similarity-must-make-central-configurations-transient	A faithful self-similar action of a KMS group must push every central configuration element out of the domain, which kills counter halving, full-domain module maps and lamplighter-style division
kojima-sheng-two-generator-torsion-criterion-fails-in-v	Thompson's V contains elements g, h of order 3 with gh of order 3 generating an infinite group, so the two-generator criterion used to prove torsion local finiteness of nV (Kojima–Sheng, arXiv:2603.18410v3) is false
kourovka-7-19-explicit-fp-simple-group-with-non-pr-word-problem	Kourovka 7.19 (Cannonito) — an explicit finitely presented simple group whose word problem is not solvable by a primitive recursive function
kourovka-7-19-via-hard-type-a-actor	Take the twisted Brin-Thompson group of an explicit type (A) actor whose orbit problem is not primitive recursive
kourovka-7-19-via-small-cancellation-bh	A constructive Boone-Higman embedding of one explicit C'(1/6) group G_A with non-primitive-recursive A answers Kourovka 7.19
labbe-tiles-admit-periodic-quantum-tilings-at-every-scale	Labbé's 19 Wang tiles admit a nonzero periodic quantum tiling at every scale
lagrangian-brin-thompson-group-is-finitely-presented	For some n >= 2 the commutator subgroup of the Lagrangian Brin-Thompson group [[(Sp_2n(Z) on the unimodular Maslov Cantorization) x Cuntz]] is finitely presented; at n = 1 it is 2V
lagrangian-thompson-group-contains-deligne-lattice	The odometer Lagrangian Thompson group on the Maslov Cantorization of the Lagrangian Grassmannian contains Deligne's lattice for every odd n >= 3, with its centre acting as the odometer
lagrangian-thompson-group-is-finitely-presented	For some odd n >= 3 the odometer Lagrangian Thompson group is finitely presented and its commutator subgroup is simple and contains Deligne's lattice
lamp-digit-modules-give-self-similar-semidirect-products	A module over a self-similar group with restriction-closed lamp functions on tree vertices gives a self-similar semidirect product on the enlarged tree
lamp-wreath-representation-of-2609-01868-is-not-faithful	In the self-similar representation that arXiv:2609.01868 builds for Z wr_X PSL_2(Z[1/2]), every lamp acts as the same tree automorphism, so the representation is not faithful; the error is in the faithfulness step of their Theorem A, not in condition (Ω)
lamp-wreaths-over-cyclic-cosets-of-f2-lie-in-b-a	For a free basis element a of F_2, every B_A lamp group wreathed over F_2/<a> gives a group in B_A, so Z wr_(F_2/<a>) F_2 embeds in a finitely presented simple group
lamp-wreaths-over-cyclic-cosets-of-f2-proof	Build a ping-pong copy of F_2 in Thompson's V in which <a> is the exact stabilizer of a clopen set, then apply the clopen-orbit wreath lemma
lamp-wreaths-over-psl2-tree-vertices-lie-in-b-a	For m odd, every B_A lamp group wreathed over the vertex cosets PSL_2(Z[1/2m])/PSL_2(Z[1/m]) gives a group in B_A, in particular Z wr_X PSL_2(Z[1/2]) embeds in a finitely presented simple group
lamp-wreaths-over-psl2-tree-vertices-proof	The Möbius action puts PSL_2(Z[1/2m]) in the finitely presented full host V_2 of the Iwahori group, where the stabilizer of the ball Z_2 has index 3 in the vertex stabilizer
lamplighters-in-v-show-near-action-neatness-is-no-bh-obstruction	Lamplighters F wr Z lie in Thompson's group V but admit non-neat near actions, so no near-action neatness or profinite finite presentability condition on the input is necessary for Boone--Higman
lampshuffler-bases-lift-no-shift-for-one-ended-inputs	For a one-ended input, a near map of nonzero index never conjugates the regular copy of a finite-index subgroup into the regular copy, so over the lampshuffler base of H_n(E_nu(P)) the lifting criterion certifies no letter that shifts a strand
last-section-ascending-hnns-embed-in-rover-nekrashevych-groups	An ascending HNN extension along an endomorphism that keeps each element as its own last section embeds in a Röver–Nekrashevych group, by a single element of Thompson's F
last-section-f-infinity-tail-bh-proof	Proof that last-section ascending HNN extensions with F_infinity tail group embed in an F_infinity one-point germ extension of V_d S, and hence in a finitely presented simple group
leavitt-copy-centralizing-units-are-self-doubling	A Leavitt unit commutes with a unital copy of the Leavitt algebra exactly when it is conjugate to its own double, and doubling kills every additive invariant
leavitt-pair-unit-hosts-contain-their-own-squares	In any ring with a Leavitt pair the corner map embeds R x R in R, so unit groups, GL_n and E_n contain their own squares; on Steinberg groups the same map loses exactly one copy of K_2
leavitt-resolvent-ring-has-two-sided-division	The Leavitt resolvent ring R_L has two-sided division, so PE_N(R_L) is simple for every N >= 3 and every finitely presented simple quotient of St_N(R_L) is a quotient of the stabilization kernel
leavitt-square-unit-group-is-fp-simple-and-acyclic	The unit group of L ⊗ L is finitely presented, simple and integrally acyclic
leavitt-square-units-have-conp-parity-p-complete-word-problem	The word problem of (L ⊗ L)^x is coNP^⊕P-complete (an explicit f.g. subgroup unconditionally; the group is finitely presented and simple conditional on the Khanh and Ara--Cortiñas imports), so it is outside PH unless PH collapses
leavitt-square-units-mod-p-complete-word-problem	For every prime p, (L_(F_p)(1,2) ⊗ L_(F_p)(1,2))^x / F_p^x has word problem complete for ∀·Mod_pP (hardness and upper bound unconditional; finite presentation and simplicity conditional on the Khanh imports)
leavitt-square-units-wp-complexity-proof	Slot units, baker scrolling and parity pops make the word problem of (L ⊗ L)^x coNP^⊕P-complete
leavitt-stabilization-kernel-avoids-corner-and-index-subgroups	Over a ring with a Leavitt pair, the stabilization kernel U_N meets trivially every index-deleted subgroup (N >= 4) and every halving-corner subgroup at every index, and unstable Steinberg symbols are central and faithful for N >= 4
leavitt-steinberg-hosts-must-live-in-the-stabilization-kernel	Over a ring with two-sided division and a binary Leavitt family PE_N is simple even with central units; so for such rings containing Q every finitely presented simple quotient of St_N(R) is a quotient of the stabilization kernel U_N
leavitt-swindle-kills-deligne-center-in-ring-induced-hosts	Over a ring with an involution-compatible Leavitt pair, base change from Z kills H_2 of Sp_2g(Z) in rank 6g, so every lift of Deligne's lattice to a central extension of the symplectic group (StSp over R_L included) kills its centre
leavitt-tensor-k-theory-is-carried-by-nil-groups	For every algebra C, K_n(C ⊗ L(1,2)) is the image of NK_n(C ⊗ L(1,2)) under evaluation at 1, so K-regularity kills it, KH(C ⊗ L) = 0, and K(C) → K(C ⊗ L) is zero
leavitt-tensor-unit-counting-cap-proof	Monomial expansion, a padding witness and one counting quantifier bound every Leavitt tensor linear group; integral letters attain C_=P
leavitt-tensor-unit-groups-lie-in-the-permutational-class	For every prime p the unit group of L_p ⊗ L_p lies in the permutational class B_A, via its affine action on the Cantor-square module C(C², F_p)
leavitt-tensor-unit-word-problems-have-one-counting-quantifier	Word problems of finitely generated linear groups over Leavitt tensor algebras lie in ∀·Mod_pP (finite fields) or C_=P (Z[1/M]), both bounds are attained, and so PSPACE-hardness needs hosts without finite depth
leavitt-tensors-of-2-power-completions-are-z-crossed-products	If a Leavitt--Nekrashevych completion R has 2^b letters, then R ⊗ L_2 is a crossed product (R_0 ⊗ L_2) ⋊ Z by an explicit unit of bidegree (1, -b), so its K-theory is that of a Z-crossed product with coefficients R_0 ⊗ L_2
leavitt-unit-commuting-with-a-leavitt-copy-gives-q-in-units	An infinite-order Leavitt unit that commutes with a unital copy of the Leavitt algebra has roots of every order, so (Q,+) embeds in the unit group
lescure-kh-exact-sequence-for-algebraic-cuntz-pimsner-rings	Lescure (2026) — homotopy K-theory of relative algebraic Cuntz–Pimsner rings fits a Pimsner-type long exact sequence, with no injectivity or regularity assumption on the coefficient ring
li-coded-certificates-cannot-reach-hard-sft-hosts	The master-route bridge from a rigid SFT to a finite-state Li-coded category fails for every SFT whose pattern language is not decidable in time 2^(C n^8), whatever its rigidity
li-garside-criterion-fails-on-artin-monoid-omega-infinity	Li's groupoid of a finite-type Artin monoid on Omega_infinity is the partial action on the positive Deligne boundary, and Li's finiteness hypothesis (t<d) fails there already for B_3
lift-ideal-membership-is-decided-along-paths-proof	The set of prefixes with no good section is a finite subtree by König's lemma, and a maximal element of it would be lifted into M
lift-ideal-membership-is-decided-along-paths	A relator lies in a lift ideal as soon as, along every infinite path, one of its sections does
lift-presentability-is-invariant-under-level-regrouping-proof	Level-1 lift ideals are level-m lift ideals, and conversely the level-1 lift ideal of R lies in the level-m lift ideal of the sections of R down to depth m-1
lift-presentability-is-invariant-under-level-regrouping	V_d(G) is finitely presented if and only if V_{d^m}(G) is, for the level-m regrouped action, so the fixed-letter obstruction and run compression extend to commonly fixed words
lift-presentable-groups-closed-under-products-and-wreaths	Groups embedding in a group with a lift-presented finite-state action are closed under finite direct products and finite extensions, and an automaton group is one exactly when its recurrent part is
lift-presentation-passes-to-invariant-subalphabets-proof	The restriction map of free groups commutes with the recursion, so the preimage of the restricted lift ideal is a lift ideal containing R
lift-presentation-passes-to-invariant-subalphabets	If every state preserves a sub-alphabet and relators of the restricted automaton lift, a finitely generated lift ideal restricts to a finitely generated lift ideal, so V_{|X|}(G) finitely presented implies V_{|W|} of the restriction finitely presented
lift-presented-automaton-groups-satisfy-boone-higman-proof	Regroup to make the abelianization finite without changing the lift-ideal condition, then embed G diagonally on e disjoint cones into the simple commutator subgroup
lift-presented-automaton-groups-satisfy-boone-higman	An automaton group whose relator kernel is a finitely generated lift ideal embeds in a finitely presented simple group
lifted-odd-roots-of-the-odometer-doubled-by-the-baker-map	Some odd root of the 2V_tau odometer built from a V-torsion lift is squared by a doubling element, the first step toward Q semidirect 2 inside the F_infinity simple host 2V_tau
limit-groups-over-hyperbolic-bh-proof	Kharlampovich--Myasnikov put these groups in iterated extensions of centralizers of Γ, and each extension step preserves the permutational class
limit-groups-over-hyperbolic-groups-satisfy-boone-higman	Limit groups over a torsion-free hyperbolic group, and every finitely generated subgroup of its Lyndon completion, embed in finitely presented simple groups
limit-set-escaping-forces-infinitely-many-double-cosets	If some loxodromic element of G has both fixed points outside the limit set of H in a hyperbolic G-space, then H has infinitely many double cosets in G
limits-of-isolated-groups-basic-closure	The limits of isolated groups contain every LEF group and every isolated group, are closed under finite direct products and independent of the marking, and a finitely presented group is such a limit iff it has F-avoiding isolated quotients for every finite F
linear-activity-automata-can-have-non-fp-nekrashevych-groups	A linear-activity automaton over three letters, containing a spine copy of the Grigorchuk group, has a Rover–Nekrashevych group that is not finitely presented
linear-activity-odometer-automaton-has-fp-nekrashevych-group	The linear-activity automaton a = σ(1,a), b = (a,b) has every relator splitting freely, so its non-contracting group has a finitely presented Nekrashevych group and satisfies Boone–Higman
ln-completion-word-problem-reduces-to-base-algebra	The word problem of a Leavitt--Nekrashevych completion reduces to that of its base with a fixed elementary blow-up, so completions over free bases are not universal hosts
ln-completions-of-noninjective-recursions-proof	Iterate psi, check that the union of kernels is saturated, and compare O_psi(B) with the completion of the quotient through the embedding criterion
local-lemma-cannot-certify-multiscale-recurrence	Over the uniform product measure, the asymmetric local lemma cannot certify recurrence at infinitely many scales alongside any translation-invariant positive-probability constraint, so it cannot produce minimal subshifts on any infinite group
locally-moving-groups-first-l2-betti-proof	Any subgroup containing a rigid stabilizer and closed under infinite-intersection conjugates is everything; untwist cocycles from G_U, or from a product of two rigid stabilizers
locally-moving-groups-have-vanishing-first-l2-betti-number	A group of homeomorphisms whose rigid stabilizers of nonempty open sets are nontrivial, and which is generated by the rigid stabilizers of non-dense open sets, has vanishing first L2-Betti number
locally-quasiconvex-hyperbolic-groups-have-no-type-a-actions	Surface groups, infinite locally quasiconvex hyperbolic groups and closed hyperbolic 3-manifold groups carry no type (A) action; in any hyperbolic group, type (A) point stabilizers of infinite orbits have full limit set
lodha-moore-groups-embed-in-lodha-circle-group-proof	Double every element across the two halves of the Cantor set, conjugating by the digit flip on the second half, so that each percolating element pairs with its inverse
lodha-moore-groups-embed-in-lodha-circle-group	The Lodha--Moore groups, including the version with percolating elements at every address, embed in Lodha's finitely presented simple circle group S, so they satisfy Boone--Higman
lodha-moore-groups-with-quadratic-breakpoints-satisfy-bh	Every finitely generated group of piecewise PGL_2(Z[1/2]) homeomorphisms of the circle embeds in a finitely presented simple group
lodha-simple-circle-group-has-a-type-a-action	Lodha's finitely presented simple circle group S acts on P^1(Q) with type (A), so S satisfies permutational Boone–Higman and BFFHZ Question 3.4
lodha-simple-group-s-is-two-generated-proof	S is finitely generated, simple and contains Thompson's T, so the circle two-generation theorem applies
lodha-simple-group-s-is-two-generated	Lodha's finitely presented simple group S of piecewise projective circle homeomorphisms is generated by two elements
loop-braid-distortion-from-free-factor-systems-proof	The extended symmetric automorphisms are the full preimage in Aut(F_n) of the stabilizer of the coindex n-1 free factor system of basis letters
loop-braid-groups-are-distorted-in-aut-free-groups	For n >= 3 the symmetric automorphism groups of F_n, and so the loop braid groups, are distorted in Aut(F_n) and in the BFFHZ simple host
loop-retraction-forces-fp-eventual-section-groups-proof	The section endomorphism at a commonly fixed letter carries every stage of the lift-ideal construction into a normal closure in the eventual section group
loop-retraction-forces-fp-eventual-section-groups	If every state of an automaton fixes a letter x and its Rover–Nekrashevych group is finitely presented, then the eventual section group at x is finitely presented
lossless-monomial-recursions-give-simple-completions-proof	Losslessness composes along branches, so no cancellation occurs; erasure plus a peel state gives scalar descendants
lossless-monomial-recursions-give-simple-completions	A lossless row-monomial recursion on a free algebra has a monomial self-similar quotient, and if every surviving word erases to the empty word along some branch, its completion is finitely presented and simple
low-complexity-mapping-class-groups-are-continuous-automatic	The mapping class groups of punctured spheres, of the torus and once-punctured torus, and of the closed genus-two surface are continuous automatic
low-complexity-mcg-continuous-automatic-proof	Punctured spheres by capping a braid group modulo its center, genus one through SL_2(Z), and genus two by Birman--Hilden, all transported by commensurability
m2-envelopes-via-free-product-with-z	Clapham envelope, then free product with Z; universality of one hyperaperiodic point of the envelope then gives (M2) for the new envelope
mapping-class-groups-are-continuous-automatic	Mapping class groups of finite-type surfaces are continuous automatic (BBCMP Question 1.16, first part)
maslov-cantorizations-have-no-finite-dissection-type	No Sp_4(Z)-invariant Maslov Cantorization of the Lagrangian Grassmannian has finite dissection type, so the Lagrangian Brin-Thompson group 2V_Λ(2) has no Sp_4(Z)-rigid pair-diagram calculus
maslov-no-finite-dissection-type-proof	Proof that Maslov Cantorizations of the Lagrangian Grassmannian have no finite dissection type, via corners over infinitely many quadratic fields, and that pair diagrams would force it
master-route-needs-only-topological-freeness	Both master routes use freeness of the subshift only as topological freeness, plus torsion-free isotropy for the K-gate, so the crux object is a rigid minimal topologically free SFT
mif-free-product-automorphism-ascending-hnn-is-pbh	For a finitely presented simple MIF group M, every ascending HNN extension along an arbitrary automorphism of M * F_m lies in the permutational Boone--Higman class
mihailova-centralizing-hnn-extensions-embed-in-fp-simple-groups	Centralizing HNN extensions of F_m x F_m along Mihailova subgroups of decidable finite presentations embed in finitely presented simple groups (MH)
minimal-dihedral-actions-in-brin-thompson-groups-are-free-proof	Germ length changes vanish for torsion, so fixed sets of involutions in nV are clopen, and a reflection with a fixed point in a minimal dihedral action would create a periodic point
minimal-dihedral-actions-in-brin-thompson-groups-are-free	Involutions of nV have clopen fixed sets, so every minimal dihedral action by elements of nV is free, and SMART's time reversal is a cellwise symbol swap outside 2V
minimal-free-sft-via-minimal-self-simulation-of-squares	The square of the Clapham envelope of K x F_2 carries a minimal free SFT, given (M2) for the envelope and minimal self-simulation for the square
minimal-piecewise-full-group-derived-subgroup-is-simple	For every minimal piecewise full group of homeomorphisms of the Cantor space, the derived subgroup is simple
minimal-sfts-with-a-finite-modification-are-not-quantum-rigid	Over any finitely generated group, a minimal subshift of finite type in which two configurations differ on a nonempty finite set is not quantum rigid at any scale
mixed-identities-encode-normal-closure-commutation	The mixed identity [x c x^-1, d] holds in G exactly when the normal closures of c and d commute, so a finitely presented group with solvable word problem and undecidable normal-closure commutation would answer MathOverflow 412219 negatively
mixed-radix-prefix-replacement-groups-omit-baumslag-solitar	Prefix-replacement groups of mixed-radix odometer spaces are locally finite or embed in a Higman-Thompson group, so none contains BS(1,p) for p >= 2, (Q,+), or Aff(Q)
monomial-renormalization-compiler-gives-dilation-groups-in-nv	Several SMART odometers under one product or block-rotating code put Z^d[1/M] semidirect <M> into a Brin-Thompson group for every odd monomial dilation M
monomial-renormalization-compiler-proof	Product codes multiply odometer heights; a global block rotation composed with one code realizes a companion matrix; then compile
mosher-suffix-uniqueness-continuity-proof	Iterate the suffix uniqueness step from the end of the word, whose choices depend only on the last n letters and a carry in the finite ball B_K
mosher-suffix-uniqueness-gives-continuous-inverse-normal-forms	An automatic structure with Mosher's suffix uniqueness property is suffix-continuous under right multiplication, so its inverted language is a continuous normal form for the left action
multi-ended-branch-actions-are-boundary-sandwiched	A faithful multi-ended transitive action of a weakly branch group with finitely generated level rigid stabilizers is sandwiched between a direct sum of rigid stabilizers and a boundary-point stabilizer
multi-ended-weakly-branch-actions-sandwich-proof	The level rigid stabilizer rist(n) acts on each of its orbits through exactly one vertex; those vertices form the ray, and the other rigid stabilizers act through finite groups
mz-germ-finite-presentation-lifts-to-the-envelope	If the near shift group is finitely presented with finitely generated near-index kernel then the Mallery-Zaremsky envelope is finitely presented
n-adic-lodha-moore-groups-embed-in-piecewise-projective-group	Kodama's n-adic Lodha–Moore groups G_0(n) embed in the group of piecewise projective homeomorphisms of the line
n-adic-lodha-moore-groups-have-no-analytic-tree-coding-proof	The finitary rule y(0kζ) = kζ forces y = g_0^(−1) on one side of ψ(0^∞), and the contracting rule y(00ζ) = 0y(ζ) then forces g_0 to fix that side pointwise
n-adic-lodha-moore-groups-have-no-analytic-tree-coding	For n ≥ 3, no real-analytic tree coding of the n-ary Cantor space makes the generator y_((n−1)0) of Kodama's n-adic Lodha–Moore group G_0(n) piecewise analytic; so no digit recoding puts G_0(n) into Monod's group H through Lodha–Moore's coding
negative-base-pisot-stein-groups-are-contracting-rsgs-proof	The negative-base map has Z[β] as its boundary set, and the positive-base finite-nucleus argument goes through with slopes ±β^k
negative-base-pisot-stein-groups-are-contracting-rsgs	If β > 2 is a Pisot unit whose negative-base map y ↦ {−βy} sends every point of Z[β] ∩ [0,1) to 0, the group of piecewise maps y ↦ ±β^k y + c (c ∈ Z[β]) is a full contracting RSG; so it is finitely presented and it, with all its subgroups, embeds in a finitely presented simple group
negative-base-pisot-stein-groups-are-finitely-presented	If β > 2 is a Pisot unit whose map y ↦ {−βy} reaches 0 from every point of Z[β] ∩ [0,1), then V(Z[β],⟨β⟩,ℓ) is finitely presented, through the orientation-preserving square of that coding; in degree ≥ 3 its derived subgroup is a finite-index finitely presented simple group, and every real field of degree ≥ 3 has such slopes
nekrashevych-fp-iff-cycle-germ-groups-fp-proof	The eventual-state cocycle into the free groupoid on loop arrows carries the lift-ideal construction into the germ relators, and conversely the cycling relators are exactly the germ-groupoid relators
nekrashevych-fp-iff-cycle-germ-groups-fp	For an automaton of subexponential activity, V_d(G) is finitely presented if and only if the germ groups of G at its cycle rays are, and each such germ group embeds in a wreath product of a strictly lower-degree automaton group with a finite group; necessity holds for every automaton
neumann-alternating-product-group-embeds-in-fp-rf-group	B. H. Neumann's two-generated group containing the direct sum of finite odd alternating groups embeds in a finitely presented residually finite group
neumann-doubling-host-candidate	Adding the doubling map to Neumann's group gives a residually finite ascending HNN extension, (locally finite)-by-BS(1,2), whose finite presentability is exactly a window question
neumann-doubling-host-is-not-fp	The doubling host of Neumann's group is not finitely presented, because sparse doubling orbits give fake actions of every truncated presentation
neumann-group-is-locally-finite-by-z-and-not-fp	Neumann's group is (locally finite)-by-Z with explicit finite windows, is not finitely presented, is effectively residually finite, and embeds in no group acting on a bounded-degree rooted tree
neumann-projective-host-candidate	A residually finite projective thickening of SL_d(Z[1/2]), d ≥ 3, contains Neumann's group and escapes both known finite-presentation obstructions; whether it is finitely presented is open
no-free-q-odd-action-by-v-has-a-doubling-intertwiner	No free action of an amenable group with free Z/p for infinitely many primes admits a V-intertwiner with its doubled lift, so Q semidirect <2> never embeds in 2V_tau with 1 sent to the odometer
no-homeomorphism-shifts-odd-denominator-translations	No homeomorphism of a compact space conjugates the l-adic translations by 1/p_0, 1/p_1 to those by 1/p_1, 1/p_2 for distinct primes; additive prime shifts are impossible on a common coordinate
no-homeomorphism-shifts-primes-acting-as-l-adic-scalars	No homeomorphism of a compact space conjugates the l-adic unit actions of six primes p_0..p_5 in a chain p_k -> p_(k+1)
no-nontrivial-germ-is-shift-conjugate-to-a-proper-power	If conjugating a germ x in Sym(N)/FSym(N) by the shift gives x^k with k ≠ -1 then x = 1; so Baumslag-Solitar near actions with t acting as the shift are trivial, and cyclic groups of germs cannot witness a non-strongly shift-similar group
non-elementary-hyperbolic-groups-are-contracting-rsgs	Every non-elementary hyperbolic group is isomorphic to a contracting rational similarity group (BBMZ-hyperbolic Question 1.1)
non-exact-group-with-polytime-word-problem-exists	Some finitely generated non-exact group has word problem solvable in polynomial time
non-fp2-groups-are-quasi-retracts-of-simple-groups-proof	Take the twisted Brin--Thompson group of the regular action; Alonso's theorem forces its finiteness down to that of H
non-fp2-groups-are-quasi-retracts-of-simple-groups	A finitely generated group of type FP_2 over no field is a subgroup and a quasi-retract of a finitely generated simple group with the same finiteness properties, which answers LISW Question 1.10 for such subgroups of GL_n(C), e.g. Z wr Z
non-lcm-dissection-operad-groups-are-f-infinity	Thompson-like groups of dissection operads without least common multiples are of type F-infinity once square filling holds and the spine of minimal common refinements is finite
non-spanning-subsets-of-an-f2-space-are-highly-connected	The simplicial complex of non-spanning sets of nonzero vectors of F_2^r is (r-3)-connected
nonamenable-products-have-minimal-sft-extensions-of-free-inputs	Over a product of two finitely generated non-amenable groups with decidable word problem, every effectively closed minimal free subshift is a factor of a minimal subshift of finite type
nonfibered-closed-graph-manifold-groups-satisfy-pbh	Fundamental groups of closed graph manifolds that are not virtually fibered lie in the permutational Boone--Higman class
nonfibered-graph-manifold-groups-have-no-fg-normal-subgroups	A closed graph manifold group with non-trivial JSJ decomposition and no fibered finite cover has no finitely generated normal subgroup of infinite index except the trivial one, so it meets every normal free or surface subgroup of a host trivially or in an infinitely generated subgroup
noninjective-ln-completions-have-self-similar-bases	For any matrix recursion psi on a finitely presented algebra B, injective or not, O_psi(B) is finitely presented and equals the completion of the self-similar quotient B/J, J the union of the kernels of the iterates of psi
nonorientable-surface-word-stabilizers-infinite-double-cosets	For every n at least three, the stabilizer in Out(F_n) of the one-cusp nonorientable surface word a_1^2...a_n^2 has infinitely many double cosets, and so does every surface peripheral-structure stabilizer
nonrecursive-a2-kernel-makes-e-of-wreath-not-rec-presented	If some type [A_2] action G on S has a nonrecursive kernel, then the finitely presented wreath product (Z/2) wr_S G has E not recursively presented, answering MathOverflow 412219 negatively
norm-minus-one-sturmian-jm-groups-satisfy-boone-higman-proof	Rescale the Sturmian interval exchange group into a metallic-mean Stein group, and bound its abelianization by groupoid homology
norm-minus-one-sturmian-jm-groups-satisfy-boone-higman	If the real quadratic field of an irrational angle α has a unit of norm −1, the Juschenko--Monod group of the Sturmian subshift of α embeds in the finitely presented simple derived subgroup of a metallic-mean Stein group
normal-germ-extensions-finite-kazhdan-proof	Kazhdan subgroups of the germ groups are finite in both alternatives, so the FW germ map has finite image, and its kernel is a Kazhdan subgroup of a conjugate of V
normal-germ-extensions-of-v-have-only-finite-kazhdan-subgroups	In a pointwise variant of the germ regime of Belk--Hyde--Matucci Corollary 2.10, finite germ extensions of V have no infinite Kazhdan subgroups
nv-periodic-groups-via-graded-renormalization	A graded height-3 renormalization of an element of nV puts Nekrashevych's ternary periodic fragmentation into nV
nv-periodic-groups-via-schreier-subshift-factors	If an element of nV factors on a clopen invariant set onto an infinite minimal subshift whose full group contains an infinite periodic group, that group lies in nV
nv-realizable-systems-closed-under-kakutani-equivalence	Brin-Thompson realizable Cantor systems are closed under factors, products, induced systems, towers (hence topological Kakutani equivalence), full-group elements and V-cocycle skew extensions
odd-roots-of-the-2v-tau-odometer-have-doubling-conjugators	For every odd q the 2V_tau odometer has an explicit q-th root r_q and a doubling element u_q with u_q r_q u_q^{-1} = r_q^2
odd-smart-induced-map-has-height-m-renormalization	For every odd m >= 3, SMART_m induced on its level-zero moves is an element of 2V with a brick-local height-m renormalization
odd-smart-machines-have-exact-m-fold-moves	For every odd m >= 3 an 8-state reversible Turing machine on m letters has SMART's four moves with exact m-fold nesting
odometer-2v-orbit-action-is-type-a	The odometer group 2V_tau acts on the orbit of (0^∞,0^∞) with type [A_2], so its twisted Brin–Thompson group is a finitely presented simple group in which BS(1,2) has an infinite-entropy base
odometer-conjugation-realizes-the-shell-shift-proof	On N the odometer is the shift, and a tree automorphism is determined by its germ on the dense set N
odometer-conjugation-realizes-the-shell-shift	On the integers inside the 2-adic integers the shell shift is conjugation by the odometer, so window-zero witnesses of sign −1 are exactly odometer-stable groups of binary tree automorphisms commensurating N
odometer-generators-carry-no-nonsolvable-baumslag-solitar-proof	The centralizer of a minimal odometer power consists of fibrewise translations, which commute with the odometer; Britton's lemma makes the forced commutator nontrivial
odometer-generators-carry-no-nonsolvable-baumslag-solitar	If a is an odometer times the identity and t a^m t^-1 = a^n with n invertible on the odometer group, then t a t^-1 commutes with a, so a non-solvable BS(m,n) is never generated faithfully this way
odometer-houghton-like-groups-are-finitely-presented	The Houghton-like group H_3(G_od) of the odometer shift-similar group is finitely presented
odometer-kernel-preimage-is-strongly-shift-similar-proof	Read the Mallery-Zaremsky shifting maps as conjugation by the near shift, note that the near shift is the odometer, and take the finitary preimage of the index-zero part of the odometer Röver–Nekrashevych group
odometer-kernel-preimage-is-strongly-shift-similar	Strongly shift-similar groups are the finitary preimages of shift-normalized germ groups; the odometer Röver–Nekrashevych kernel gives a non-amenable one, containing Thompson's V and E_2, whose Houghton-like germ groups are finitely presented for n >= 3
odometer-lift-central-extensions-of-v-subgroups-into-2v-tau	Odometer lift - a central Z-extension of a subgroup of V whose class dies on the action groupoid embeds in the F_infinity simple group 2V_tau, with the centre acting as the odometer
odometer-stable-twists-are-unipotent-mod-two-proof	A power of the odometer lies in a level stabilizer that is inside the Frattini subgroup, so the twist has 2-power order mod Frattini
odometer-stable-twists-are-unipotent-mod-two	An odometer-stable group of binary tree automorphisms has a twist that is unipotent on the Frattini quotient of its closure, so Fibonacci-type twists are impossible and every such twist fixes a nonzero class mod 2
oligomorphic-fp-infinity-actor-without-thompson-f	Some group acts oligomorphically on an infinite set with all finite-set stabilizers of type FP_∞ and contains no copy of Thompson's group F (FFKLZ Question 2.4)
oligomorphic-operads-have-f-infinity-groups	Conjecture - an operad with transformations whose transformation groups act oligomorphically on its elementary classes, with type F-infinity stabilizers of finite tuples, has operad groups of type F-infinity; this unifies Thumann's theorem, the Röver–Nekrashevych transfer and the twisted Brin–Thompson criterion
once-punctured-mcg-continuous-asynchronous-proof	Restrict Mosher's suffix-unique groupoid normal forms to closed paths, rename edges as group elements, invert, and apply the suffix-continuity lemma
once-punctured-mcg-is-lipschitz-retract-of-out-free	The mapping class group of a once-punctured closed surface is a Lipschitz retract of Out(F_2g), hence undistorted
once-punctured-mcg-lipschitz-retract-citation	Import Hamenstädt--Hensel Theorem 4.3
once-punctured-mcgs-are-continuous-asynchronous-automatic	The mapping class group of every once-punctured surface of genus at least one is continuous asynchronous automatic, and hence embeds in the rational group of Grigorchuk, Nekrashevych and Sushchanskii
one-ended-near-regular-actions-have-a-realization-defect-proof	A near-equivariant partial bijection from a free orbit of a one-ended group is right multiplication off a finite set, so it has index zero
one-ended-near-regular-actions-have-a-realization-defect	Near-regular actions of a one-ended group carry an integer realization defect, so no index-zero near permutation conjugates one shift conjugate of the regular copy into another
one-ended-schreier-orbits-force-index-zero-proof	One end makes the labelled germ of a near-equivariant map unique on a free orbit, so the map is a bijection of orbits and its index vanishes
one-ended-schreier-orbits-force-index-zero	A free shell action of an infinite simple input admits no twisted normalization, and in general only orbits whose Schreier graph has infinitely many ends can carry one
one-fp-simple-group-contains-every-brin-thompson-subgroup-proof	Thompson's F acting on dyadic rationals gives a finitely presented simple twisted Brin-Thompson group containing every nV
one-fp-simple-group-contains-every-brin-thompson-subgroup	One finitely presented simple group contains every group that embeds in some Brin-Thompson group nV
one-fp-simple-group-contains-every-integral-linear-group	One finitely presented simple group contains every finitely generated subgroup of every GL_n(Z)
one-fp-simple-group-contains-every-s-integral-linear-group	For every finite set of primes P, one finitely presented simple group contains GL_n(Z[1/P]) for every n
one-relator-groups-satisfy-boone-higman	Every one-relator group embeds in a finitely presented simple group
open-boundary-fixers-fix-balls-proof	Branching apartments across walls of every direction force the translation part to vanish, sectors are then fixed by convexity, and a CAT(0) comparison puts balls inside shadow cones
open-euclidean-artin-types-resist-garside-normal-form-routes	The Euclidean Artin types still open for B_A (D̃_n, Ẽ_6, Ẽ_7, Ẽ_8, F̃_4) are complete atoms, have no fiber-type toric model, and embed only in infinite-type Garside groups, so none of the current routes applies as stated
ore-operad-groups-contain-the-derived-full-group	A dissection-operad group with Ore's condition that contains a germ-generating subgroup contains the derived subgroup of the whole full group, hence every perfect subgroup of it
ore-operad-groups-have-type-a-clopen-actions	A finite-type dissection-operad group with Ore's condition acts with type (A) on its accessible clopen sets, without being a full group
osajda-decidable-nonexact-group-satisfies-boone-higman	The decidable residually finite non-exact Osajda group embeds in a finitely presented simple group
out-ct-p-z-is-c2	For every nonempty set P of odd primes, finite or infinite, Out(CT_P(Z)) is cyclic of order 2, generated by n -> -n-1 (for P empty the group is V and Out is infinite)
out-ct-z-is-c2-iff-normalizers-are-somewhere-affine	Kourovka 17.57 reduces to local rigidity — Out(CT(Z)) = C_2 iff every homeomorphism of the profinite integers normalizing CT(Z) and fixing N_0 is affine on some box; every normalizer already preserves Z, preserves or swaps N_0 and Z_<0, and fixes every integer's germ group pointwise
out-ct-z-is-c2	Out(CT(Z)) is cyclic of order 2, generated by n -> -n-1; this answers Kourovka Problem 17.57 positively
out-free-double-coset-finite-subgroups-have-dense-limit-sets	Every subgroup of Out(F_n), n at least three, with finitely many double cosets has limit set in the free factor boundary meeting every fully irreducible fixed pair, and densely so; finite generation is the only remaining obstruction to type (A) actions
out-free-groups-satisfy-boone-higman	Every Out(F_n) with n at least three embeds in a finitely presented simple group
out-free-groups-virtually-embed-in-aut-free-groups	For every rank at least three some finite-index subgroup of Out(F_n) embeds in some Aut(F_m)
out-free-pair-finite-stabilizers-contain-fully-irreducibles	In any action of Out(F_n), n at least three, with finitely many orbits of pairs and an infinite orbit, the stabilizers of that orbit contain fully irreducible elements and are never virtually reducible or commensurated
path-folded-sft-rigidity-pullback-proof	Pull a fibre quantum family back along the fold with scalar skeleton idempotents; Lipschitz carries commutation, folds in Z carry the forbidden patterns, surjectivity carries noncommutation
path-folded-sfts-are-quantum-rigid-only-if-the-fibre-is	An SFT that contains every fold of a fibre SFT along one skeleton configuration by a 1-Lipschitz surjection is quantum rigid only if the fibre is; so the Aubrun–Bitar–Huriot-Tattegrain minimal free SFT on F_n x Z is rigid only if its Z^2 fibre is
path-folds-of-rigid-expansive-z2-sfts-are-quantum-rigid	If a horizontally expansive Z^2 SFT is quantum rigid, so is its path-fold over F_n x Z; this would turn one rigid expansive minimal free Z^2 SFT into a rigid minimal free SFT over a one-ended non-amenable group
pbh-amalgams-over-centralizer-separated-edges	An amalgam or HNN extension lies in the permutational Boone--Higman class as soon as some B_A group contains its vertex groups with the edge cut out by a centralizer-realized subgroup; injectivity is free
pbh-centralizer-amalgam-closure-proof	Put M and P in the product G = M x P, take the centralizer amalgam of G inside the relative holomorph of G, and restrict to M
pbh-centralizer-amalgam-via-theorem-e-proof	Second route using only BFFHZ Theorems C and E: put M x P in a finitely presented simple MIF group G and realize the centralizer amalgam inside Aut_G(G * F_2)
pbh-centralizer-separated-edges-proof	Conjugate one vertex group by the stable letter of the identity-edge HNN over the separating subgroup; for one-sided retracts build the separator in a product through the retraction
pbh-class-closed-under-centralizer-amalgams	The permutational Boone--Higman class is closed under amalgams M *_{C_M(F)} (C_M(F) x P) over centralizers of finite sets, in particular under extensions of centralizers
pbh-class-closed-under-common-retract-amalgams	The permutational Boone--Higman class is closed under amalgams X *_C Y over a common retract C, under trees of groups with retract edge groups, and under equivariant graph products
pbh-class-closed-under-graph-products	The permutational Boone--Higman class is closed under graph products over finite graphs and under amalgams X *_C (C x K) over retracts C of X
pbh-closed-under-decidable-permutational-wreaths	The permutational Boone--Higman class is closed under permutational wreath products over G-sets with finitely many orbits whose point stabilizers have decidable membership
pbh-closed-under-finite-edge-graphs-of-groups	The permutational Boone--Higman class is closed under fundamental groups of finite graphs of groups with finite edge groups
pbh-closed-under-permutational-wreaths-with-infinite-stabilizers	The permutational Boone--Higman class is closed under restricted permutational wreath products over arbitrary countable G-sets
pbh-coset-closure-passes-to-finite-index-overgroups	The coset conditions of the permutational class pass from a finite-index subgroup to the whole group, so every virtual retract gives coset lamplighters and identity-edge HNN extensions in B_A
pbh-coset-condition-finite-index-overgroups-proof	The indicator of a finite set of cosets is an element of the lamplighter over G/C whose centralizer in G is the setwise stabilizer
pbh-coset-condition-passes-to-finite-index-overgroups	If C satisfies the coset-wreath condition in G, so does every subgroup containing C with finite index, and so does the setwise stabilizer of any finite set of cosets of C
pbh-coset-wreath-subgroups-closure-properties-proof	Pull lamps back along the finite cover G/C' -> G/C; realize the centralizer in the monomial embedding G -> L_K wr S_n; realize it diagonally in L_Q x G
pbh-coset-wreath-subgroups-closure-properties	The subgroups satisfying the coset-wreath conditions (a)-(e) are closed under finite-index overgroups inside G, under passage from finite-index subgroups of G, and under preimages along homomorphisms to B_A groups
pbh-coset-wreaths-iff-identity-edge-hnns-proof	Lamp at the base coset, partial conjugation of x in Aut_M(M * F_2) with point stabilizers C_G(m), and the stable letter of the identity-edge HNN
pbh-coset-wreaths-iff-identity-edge-hnns	For G in the permutational Boone--Higman class and any subgroup C, the lamplighter over G/C, the identity-edge HNN extension over C, and realizing C as a centralizer in an overgroup are equivalent
pbh-finite-edge-closure-equivalences-proof	Amalgams become HNN extensions of the product, HNN extensions become conjugacy, conjugacy becomes a swap of commuting copies in the wreathed square, and the swap is one finite amalgam
pbh-finite-edge-closure-equivalences	For the permutational Boone--Higman class, closure under finite-edge amalgams, finite-edge HNN extensions, finite-edge graphs of groups, conjugacy realization of finite subgroups, and index-two finite overgroup extension are all equivalent
pbh-full-cantor-hosts-proof	The twisted Brin--Thompson host is already full and clopen transitive, so the one-group criterion runs in both directions
pbh-graphs-of-groups-over-realized-good-edges	A finite graph of groups lies in B_A if its vertex groups embed in one B_A-group where every edge identification is conjugation and every edge image is a good subgroup
pbh-graphs-of-groups-realized-good-edges-proof	Send each stable letter t_e to s_e w_e in an identity-edge multiple HNN of D; reduced loop words go to Britton-reduced words
pbh-via-degree-monoid-boundary-full-groups	Finiteness transfer - for a countable cancellative monoid with a unique-factorization degree map to N^k, lcms, finite residues and an F_infinity unit group, whose boundary groupoid is Hausdorff and effective, the full group of that groupoid times the Cuntz groupoid is F_infinity, simple and highly transitive, so every group acting by its boundary germs satisfies the permutational Boone-Higman conjecture
pbh-wreath-closure-fails-over-undecidable-stabilizers	Some lamplighter Z/2 wr_(G/C) G with G = F_2 x F_2 and one lamp orbit has unsolvable word problem, so the permutational Boone--Higman class is not closed under permutational wreath products over arbitrary G-sets
perfect-decidable-inputs-have-fp-shell-envelopes	Perfect decidable infinite finite presentations admit finitely presented shell envelopes
perfect-subgroup-local-triviality-proof	Proof that subgroups with finite rational abelianization are locally trivial at all but finitely many fixed points in abelian-germ hosts, and that closed mapping class groups have no curve points there
perfect-subgroups-are-locally-trivial-in-abelian-germ-hosts	In a host whose point germs are torsion-free abelian (V, Higman--Thompson, Brin--Thompson nV, boundary Thompson groups), a finitely generated subgroup with finite rational abelianization is locally nontrivial at only finitely many of its fixed points; so closed mapping class groups of genus >= 4 cannot carry curve data at curve-indexed points of any such host
periodic-dense-sft-hosts-have-only-thompson-simple-subgroups	Full-group hosts restrict to closed invariant subsets, so if a subshift has dense finite orbits every finitely generated simple subgroup of the full group of G_V × (Λ ⋉ X) embeds in Thompson's V, and over Z every finitely generated subgroup has word problem in PSPACE
periodic-dense-sft-hosts-restriction-proof	Full-group elements preserve every closed invariant set, a nontrivial element is seen on a dense invariant union, and finite orbits or one-dimensional folding give tame restrictions
periodic-germ-extensions-of-v-are-virtually-simple-proof	Check the Belk--Hyde--Matucci hypotheses for Z wr S_l germs at periodic points, compute the germ abelianization, and square away the finite abelianization by diagonal transplanting
periodic-germ-extensions-of-v-are-virtually-simple	Thompson's V extended by period-shift and family-permutation germs at finitely many periodic tail classes is of type F_infinity with a simple commutator subgroup of finite index, and it embeds in that commutator subgroup
periodic-k-graph-subgroups-with-ray-cocycle-are-finite	In the topological full group of a finite aperiodic k-graph, a finitely generated periodic subgroup whose degree cocycle stays on one ray Zv (v in N^k) is finite; so in nV and in Kohl's CT(Z) infinite periodic subgroups, if any, need two independent stacks
permutational-boone-higman-iff-dense-cantor-actors	Permutational Boone–Higman holds exactly when every decidable input lies in a finitely presented dense subgroup of Homeo(Cantor) with finitely generated clopen stabilizers
permutational-boone-higman-iff-full-cantor-hosts	Permutational Boone--Higman is equivalent to embedding every decidable group in a finitely presented full group of Cantor homeomorphisms with clopen-transitive local maps
perron-recovers-free-group-boundary-full-groups	The reduced-word boundary full group of a finitely generated free group is of type F-infinity by the Perron substitution theorem, with no power-and-phase recoding
perron-substitution-finiteness-for-garside-full-groups	A Perron substitution condition replaces Li's diagonal multiplicity condition (t<d) and makes the topological full group of a Garside category of type F_n
perron-substitution-finiteness-proof	Proof that the Perron substitution condition yields Li F_n finiteness, by substituting a Perron-weighted height function for Li's diagonal condition (t<d)
persistent-hosts-build-the-input-from-its-carries-proof	States of centralizing elements differ from the element by a carry, carries multiply because the element commutes with K, and trivial carries at level one force the identity
persistent-hosts-build-the-input-from-its-carries	In a self-similar group with a persistent retraction onto H and kernel K, the centralizer of K in H embeds virtually in K^X and the rest of H acts on K, so finite-rank carries never reach an input with an infinite-rank abelian subgroup
persistent-subexponential-automata-generate-finite-groups	A twisted-persistent automaton of subexponential activity generates a finite group
piecewise-canonical-permutations-are-transposition-products	Every piecewise-canonical permutation of Z is a product of class transpositions, by an elementary tree-rewriting argument, so the answer to Kourovka 17.59 needs no groupoid input
piecewise-projective-rigidity-proof	At a Zariski-generic data point every relator survives nearby deformations, algebraic generators do not move at all, and a transcendental endpoint moves to both sides, so a bump commutator trivial at the data point fails nearby
piecewise-translation-z2-enumerations-are-not-fp	If the successor map of an enumeration of Z^2 is a piecewise translation over finitely many polyhedral pieces, then the near shift group is not finitely presented, so no Mallery-Zaremsky or Houghton-like envelope of that enumeration is
pinned-annular-passengers-are-class-functions-of-the-driver	In a pinned one-point annular host over V, the passenger's depth-n data are fixed by every automorphism of V fixing the driver's depth-n data; so the pinned quotient depends only on the Aut(V)-class of the driver datum, and inner, Aut(V)-induced, cone-copy and faithful diagonal drivers pin only bounded or ascending passengers
pinned-passengers-collapse-when-the-shifted-system-is-solvable	In a pinned HNN-recursive annular germ group, if the pinning system with shifted driver data has any solution in the base, the passenger already lies in the driver; so a genuinely non-ascending pinned host needs the passenger's depth transport to be definable over the driver but unrealized in the base
pisot-box-exchange-groups-satisfy-boone-higman	For algebraic units β_1, …, β_s with property (F), every finitely generated group of box exchanges whose i-th coordinates and translations lie in Q(β_i) embeds in a finitely presented simple group
pisot-interval-exchange-groups-satisfy-boone-higman	If K = Q(β) for an algebraic unit β with property (F), every finitely generated group of interval exchanges with lengths and translations in K, of any rank up to [K:Q], embeds in a finitely presented simple group; for example all minimal interval exchange full groups over the d-bonacci fields, and Sturmian Juschenko--Monod groups with cubic angles
pisot-stein-groups-are-contracting-rsgs-proof	Local actions of Pisot-slope piecewise-affine maps on the β-shift have bounded slope defect and bounded-conjugate offsets, hence a finite nucleus
pisot-stein-groups-are-contracting-rsgs	For an algebraic unit β > 1 with property (F), the Stein group V(Z[β],⟨β⟩,1) acts on the β-shift as a contracting rational similarity group, so every subgroup of every V(Z[β],⟨β⟩,ℓ) embeds in a finitely presented simple group
pisot-unit-slope-stein-groups-are-finitely-presented	For every algebraic unit β > 1 with property (F), in every degree, the irrational-slope Stein group V(Z[β],⟨β⟩,ℓ) is finitely presented and its derived subgroup is a finite-index finitely presented simple group; a positive answer to Tanner's question for these slopes
pl-transcendental-endpoint-non-fp-proof	Deforming the transcendental parameter turns a finite presentation into epimorphisms onto nearby groups, and a bump commutator that is trivial at λ but not nearby gives a contradiction
plane-constant-simulation-computation-layers-are-quantum-rigid	Some plane-constant simulation scheme for (M1) has a quantum-rigid computation layer, so the simulating SFT itself is quantum rigid
pointed-cube-categories-are-li-garside-categories	The pointed-cube category of every free cocompact cubulation, special or not, is a Garside category in Li's sense with solvable word problem for its full groups; the naive power without a grading (hyperplane count mod M) destroys disjoint mcms
pointed-cube-categories-li-garside-proof	Median joins and Niblo--Reeves normal cube paths give Li's Garside hypotheses for any free cocompact cubulation; in Z^2 the even-count subcategory has overlapping minimal common multiples
polynomial-automata-reduce-to-cycling-relators	For an automaton of polynomial (indeed subexponential) activity, the relator kernel is a finitely generated lift ideal exactly when its cycling relators, words that follow their states' cycles forever, lie in one
polytime-non-exact-group-via-decodable-labellings	Run Dehn's algorithm with a decoder and a short-path oracle on the few components of girth below twice the word length
positive-char-polynomial-affine-groups-are-self-similar	Affine groups over F_p[s_1..s_k] act self-similarly, with s_1 as the uniformizer and the other variables as parameter coordinates
power-map-free-mapping-tori-satisfy-permutational-boone-higman	Ascending HNN extensions of F_n along permuted power maps x_i -> x_π(i)^(m_i) lie in the permutational Boone--Higman class
prefix-replacement-actions-recode-into-germ-extensions-of-v	A group acting on a regular path space by state-preserving prefix replacements off finitely many eventually periodic points lies in a full finite germ extension of V, which is finitely presented and type (A) whenever its germ groups are good
prime-field-leavitt-square-units-mod-p-proof	Characteristic-free slot units and mod-p pops make the word problem of (L_p ⊗ L_p)^x / F_p^x complete for ∀·Mod_pP
prime-field-leavitt-tensor-hosts-fp-and-simple-mod-centre	Over every prime field, B ⊗ L_p has finitely presented unit group, simple modulo scalars, once K_1 and K_2 vanish
primitive-aperiodic-two-graph-full-groups-embed-in-fp-simple	The topological full group of a primitive aperiodic finite 2-graph embeds in a finitely presented infinite simple group of type F_infinity
product-of-simple-groups-type-a-actions-come-from-factors	A type [A_2] action of a product S × T of infinite simple groups forces a factor to have a proper finitely generated subgroup of finite bi-index, or S ≅ T with finitely many conjugacy classes
product-of-trees-lattices-satisfy-permutational-boone-higman	Every group acting on a finite product of locally finite trees with finite vertex stabilizers and finitely many vertex orbits lies in the permutational Boone--Higman class
product-subgroups-lie-in-cr-when-goursat-quotient-in-b-a	A subgroup H of G_1 x G_2 with finitely generated projections, where G_1 and G_2 are LR groups in B_A (free, limit, surface groups), satisfies the coset-wreath conditions whenever its Goursat quotient lies in B_A; for products of free groups H in CR forces the quotient to have solvable word problem
product-subgroups-lie-in-cr-when-goursat-quotient-proof	Realize H in F_1 x F_2 as the preimage of the diagonal retract of Q x Q, pull it back along the virtual retraction K_1 x K_2 -> F_1 x F_2, intersect with the retract F_1 x F_2, and return to G_1 x G_2 by finite-index inheritance
product-substitution-full-groups-satisfy-boone-higman-proof	Tensor-product SFT of the stationary Bratteli--Vershik models, with coordinatewise non-stacking of singular germs
product-substitution-full-groups-satisfy-boone-higman	The topological full group of a product of primitive aperiodic substitution subshifts, with its Z^d action, embeds in a finitely presented simple group
products-of-hyperbolic-groups-qi-embed-in-fp-simple-groups	Groups undistorted in type (A) actors are closed under finite direct products and finite-index overgroups, so every finite product of hyperbolic groups and copies of Aut(F_n) quasi-isometrically embeds in a finitely presented simple group
profinite-product-full-groups-have-no-fg-simple-hosts	The full group of a profinite translation groupoid times any ample groupoid has no finitely generated simple subgroup containing the translations
profinite-translation-hosts-preserve-levels	In a crossed product of a profinite translation action, every finitely generated subring lives at one finite level, so its unit class is never divisible and perfect tiling groups cannot supply a ring host
pspace-fp-simple-via-lift-presented-automaton-overgroups	Put a PSPACE-complete Wächter–Weiß group in a lift-presented automaton group, take the simple commutator host, and cap it at PSPACE
pure-braid-groups-embed-in-raags	Every pure braid group embeds in some finitely generated right-angled Artin group
q-difference-lamplighter-is-not-quasi-linear	A commutator acting by a power map on a torsion-free abelian normal subgroup rules out quasi-linearity, so the q-difference lamplighter is linear over no finite product of fields
q-difference-lamplighter-satisfies-boone-higman	The q-difference lamplighter Z[1/q][x^±1] ⋊ <x·, f(x) ↦ f(qx)> embeds in a finitely presented simple group
q-semidirect-2-in-2v-tau-reduces-to-a-circle-coding	The centralizer of the 2V_tau odometer is fibered, Q semidirect <2> acts on the Cantorized 2-adic solenoid through s and the baker map, and embedding it in 2V_tau reduces to one binary coding of the circle blown up at Q/Z
qi-permutational-class-products-and-finite-extensions-proof	Undistortion survives products of actors on disjoint unions and finite wreaths on imprimitive sets, and the acting group is undistorted in its twisted Brin-Thompson group
quadratic-breakpoint-psl2z-groups-satisfy-boone-higman-proof	Lift through Lodha's continued-fraction coding, where quadratic irrationals become periodic points and one-sided hyperbolic germs become family shifts
quadratic-breakpoint-psl2z-groups-satisfy-boone-higman	Every finitely generated group of piecewise PSL_2(Z) homeomorphisms of the projective line with rational and quadratic irrational breakpoints, including every finitely generated subgroup of Monod's H(Z), embeds in a finitely presented simple group
quadratic-interval-exchange-full-groups-satisfy-boone-higman	Every subgroup of the topological full group of a minimal interval exchange with parameters in a real quadratic field with a unit of norm −1, in particular its finitely generated simple derived subgroup, embeds in a finitely presented simple group
quadratic-rectangle-exchange-groups-satisfy-boone-higman-proof	BEx(Lambda) is the full group of the product of the Sturmian rotations
quadratic-rectangle-exchange-groups-satisfy-boone-higman	Box exchange groups of the unit cube with coordinates and translations in Z + alpha_i Z, alpha_i quadratic irrationals, embed in finitely presented simple groups
quadratic-rotation-iet-groups-satisfy-boone-higman-proof	IET(Z + alpha Z) is the full group of the Sturmian rotation, which is substitutive for quadratic alpha
quadratic-rotation-iet-groups-satisfy-boone-higman	For a quadratic irrational alpha, the group of interval exchanges with breakpoints and translations in Z + alpha Z embeds in a finitely presented simple group
quantum-family-representations-are-exhausted-at-rigidity	For a quantum rigid SFT, every quantum-family representation of a local presentation of the V-full group factors through the full group, so these representations cannot detect the gap in P2′
quantum-rigid-sfts-over-products-have-a-single-free-branch	Over a product with a multi-ended factor, a quantum rigid SFT is determined by any thick slab except on one branch, so it is a near-deterministic spacetime of that factor acting on a fibre shift
quantum-rigidity-is-product-stable	The product of two subshifts of finite type over a product group is quantum rigid iff both factors are, and it is free and minimal iff both factors are, so uncoupled products create no faults
quantum-rigidity-product-stability-proof	The constancy rules make each factor's letter projections constant along the other factor, so a product family splits into two factor families that commute at every common site
raag-cube-codings-fail-li-multiplicity-at-every-power	For every right-angled Artin group, Li's multiplicity condition (t<d) fails for the pointed-cube coding of its Salvetti complex with the height-at-most-N Garside family, for every N; the only return of a maximal-clique state is itself
raag-subgroups-of-v-contain-no-one-ended-hyperbolic-group	A right-angled Artin group inside Thompson's group V is a product of free groups, and no one-ended hyperbolic group virtually embeds in it
raag-subgroups-of-v-hyperbolic-proof	Proof that RAAGs in V are products of free groups containing no one-ended hyperbolic groups
raag-undistortion-in-2v-via-heaviest-belt-chain-proof	Bound word length in A_Γ by the head move along the heaviest chain of non-commuting syllables, and bound the head move by a subadditive exponent length on 2V
raags-are-undistorted-in-brin-thompson-group-2v	Every finitely generated right-angled Artin group is undistorted in the Brin-Thompson group 2V (Salo's conveyor-belt embedding is a quasi-isometric embedding)
rank-one-cone-hosts-fw-local-map-proof	Cone markings are commensurated because deep cones map to cones, and a transfixed copy gives finitely many marked pieces whose stabilizers are local maps
rank-one-cone-hosts-put-fw-groups-in-local-map-groups	In a full group whose cones form a tree, every FW subgroup virtually embeds in a finite power of the local-map groupoid, so an infinite simple Kazhdan subgroup is already a group of local maps
rank-one-rational-projective-full-group-is-flip-v	In rank one the integral projective full group of the rational Cantorization is the Röver–Nekrashevych group of the letter flip, hence finitely presented
rank-two-building-non-domesticity-is-vertex-non-domesticity	For rank-two Euclidean buildings, non-domesticity at infinity is a condition on vertices at infinity - topological freeness for products of trees and Ã₂, non-opposition sets for C̃₂ and G̃₂ - giving one MIF and B_A criterion for fp simple lattices
rank-two-synchronization-off-totally-irrational-rays	In rank two, nested unimodular cells sharing a ray are edge-split descendants, so synchronization holds except possibly at totally irrational directions
rational-breakpoint-dyadic-pl-groups-satisfy-boone-higman-proof	Lift through the binary coding, where non-dyadic rationals are periodic points and a dyadic slope at such a point is a whole number of period shifts
rational-breakpoint-dyadic-pl-groups-satisfy-boone-higman	Every finitely generated group of dyadic-slope piecewise linear homeomorphisms of the circle or interval with rational breakpoints embeds in a finitely presented simple group
rational-germ-groups-of-germ-extensions-of-v-embed-in-2v	In a finite germ extension of Thompson's V, a germ group at a rational point that normalizes the V-germs is a group of spirals, C(C_2, Z) ⋊ V, and so embeds in the Brin--Thompson group 2V
rational-germ-singular-sets-are-finite-graph-path-spaces	The singular set of a rational homeomorphism over a boundary Thompson group is the path space of an explicit finite graph, so it is either finite with all points eventually periodic, or contains a Cantor set
rational-germ-singular-sets-graph-path-space-proof	Proof that singular sets of rational homeomorphisms are path spaces of finite graphs, with the finite-or-Cantor dichotomy
rational-projective-full-groups-are-finitely-presented	The full group of integral projective germs on the rational Cantorization of the m-sphere is finitely presented
rational-projective-full-groups-fp-via-thumann-operad-finiteness	If the operad of unimodular dissections has finite type, Thumann's theorem makes the integral projective full group of type F-infinity, hence finitely presented
rational-rotations-and-doubling-have-no-common-tree-coding	No tree coding of the rationally Cantorized circle makes all rational rotations and the d-fold covering almost-automorphisms, so register copies of Q admit no bounded natural dilation
rational-rotations-doubling-no-common-tree-coding-proof	Boundary points of tree vertices are pulled back by the covering map, so they have bounded odd denominators, and rotations by other rationals cannot move vertices to vertices
ray-germ-one-point-groups-are-v-point-stabilizers	A one-point germ extension of V whose germs are independent translations of finitely many rays of blocks is a stabilizer of finitely many rational points in V, hence of type F_∞, unlike the corresponding Houghton group
rcwa-groups-bh-via-sign-doubling-and-odometer-host-proof	Sign-double RCWA(Z) into its class-wise increasing part, extend to the P-adic box space, and run the 2V_tau proof for the odometer on the class-transposition k-graph times a binary rose
rcwa-groups-over-pids-satisfy-boone-higman	For R the ring of integers of a number field of class number one, F_q[t], or a semilocalization Z_(pi), every finitely generated group of residue-class-wise affine permutations of R embeds in a finitely presented simple group, the full group of an ax+b monoid boundary groupoid times the Cuntz groupoid
rcwa-groups-satisfy-boone-higman	Every finitely generated group of residue-class-wise affine permutations of Z embeds in a finitely presented simple group; for each finite prime set P the whole group RCWA_P(Z) embeds in one F_infinity simple odometer host
rcwa-groups-satisfy-permutational-boone-higman	Every finitely generated group of residue-class-wise affine permutations of Z, of a number ring of class number one, of F_q[t] or of Z_(pi), and every RCWA_P group and CT_P(Z), satisfies the permutational Boone-Higman conjecture, because the RCWA hosts are finitely presented, simple and highly transitive
rcwa-over-pids-bh-via-ax-plus-b-monoid-hosts-proof	Li's degree-map finiteness theorem for the ax+b monoid of a PID (or its digit submonoid over F_q[t]) times a binary rose, Kunneth plus Li's vanishing theorem for perfectness, Matui for simplicity, and extension of RCWA maps to the completion
rcwa-z-generated-by-class-shifts-reflections-transpositions	Kohl's factorization conjecture holds - every residue-class-wise affine permutation of Z is a product of class shifts, class reflections and class transpositions, in the normal form (commuting class shifts)(element of CT(Z))(commuting class reflections)
reducible-building-lattices-via-product-boxes	Take products of factor boxes as the cells of a transported orbit category, get strongly connected pieces one factor at a time from complete reducibility, and run the rescale, phase and stabilize machine
reducible-euclidean-building-lattices-lie-in-type-a-class	Every cocompact lattice on a finite product of locally finite thick Euclidean buildings and trees lies in the type (A) class, irreducible lattices and torsion included
regular-enumerations-can-make-near-shift-free-product	Generic regular enumerations make the near shift group a free product and decidable inputs admit effective such enumerations
reid-higman-thompson-variant-d-zero-abelianization	Colin Reid's d = 0 member of the Higman–Thompson family (the topological full group of Z/2 * Z on its compactified Bass–Serre tree, MathOverflow 339541) has abelianization Z ⊕ Z/2, groupoid homology Z, Z, 0, 0, ..., and a finitely generated simple commutator subgroup that is rationally acyclic
rel-hyperbolic-bh-permanence-implies-free-product-closure	Boone--Higman permanence under relative hyperbolicity implies closure of the Boone--Higman class under free products
rel-hyperbolic-fp-simple-peripherals-proof	Amalgamate each peripheral subgroup with its overgroup, one at a time, using Dahmani's combination theorem
rel-hyperbolic-groups-embed-with-fp-simple-peripherals	A relatively hyperbolic group embeds in a relatively hyperbolic group whose peripheral subgroups are any chosen finitely generated overgroups, for example finitely presented simple hosts
rel-hyperbolic-groups-with-bh-peripherals-satisfy-bh	A finitely generated relatively hyperbolic group with solvable word problem whose peripheral subgroups embed in finitely presented simple groups embeds in a finitely presented simple group
rel-hyperbolic-permanence-implies-finite-edge-amalgams	Boone--Higman permanence under relative hyperbolicity implies closure under amalgams and HNN extensions over finite subgroups, and its B_A form settles the open conjugacy step
relative-finite-discrimination-forces-solvable-word-problem	If every nontrivial element of a finitely generated subgroup K normally generates, inside a recursively presented group G, a subgroup meeting a fixed r.e. set of nontrivial elements, then K has solvable word problem
relator-complexity-descent-gives-free-splitting	If some well-founded complexity on reduced words never increases under sections and strictly drops at every section of every nontrivial relator, then every relator splits freely and V_d(G) is finitely presented
renormalizable-thompson-elements-give-negative-baumslag-solitar	An element of kV with a height-m renormalization also gives BS(1,-m) inside (k+1)V
residual-chains-with-finite-recurrences-give-fp-branch-hosts	If some residual chain of an EFRF+ input has level actions pinned by finitely many multi-depth nonabelian recurrences with finitely presented germs, its recoded Bishop–Schesler branch host is finitely presented; and such chains exist beyond virtual endomorphisms
residual-solvability-reduces-cgp-question-1-to-question-3	If Cornulier--Guyot--Pitsch Question 3 has a positive answer then every finitely generated residually solvable group, in particular every Baumslag--Solitar group, is a limit of isolated groups; so a single Baumslag--Solitar group that is not such a limit answers Questions 1 and 3 negatively at once
restriction-realizations-of-twisted-shells-are-trivial	A twisted genuine shell action cannot be the restriction of a homeomorphism action to a dense forward orbit of a homeomorphism
retracting-constant-hosts-add-only-residual-inputs	If a self-similar base contracts to a simple constant algebra S and retracts onto S, it is residually M_n(S); so every simple algebra it hosts already lies in some M_n(S), and self-similarity adds only residual inputs
retracts-inherit-proper-power-conjugacy	A retract inherits every proper-power conjugacy of its own elements, so the edge groups of both Higman splittings are retracts of neither side and the permutational closure theorems cannot be applied to Higman's group
rf-decidable-groups-embed-in-decidable-fg-branch-groups	Every finitely generated residually finite group with solvable word problem embeds in a finitely generated branch group with solvable word problem
rf-free-minimal-zn-actions-have-non-fp-derived-full-groups	For a free minimal action of Z^N on the Cantor set that is residually finite in the sense of Kerr–Nowak, the derived subgroup of the topological full group is not finitely presented; this covers all products of minimal Cantor Z-systems and all free Z^N-odometers
rf-free-minimal-zn-non-fp-proof	Ma's LEF theorem for residually finite actions, plus Matui's simplicity, plus the Gordon–Vershik fact that a finitely presented LEF group is residually finite
rf-free-product-germ-realization-proof	Put the finite quotients of G in ping-pong position inside V and read the germs on deep annuli
rf-groups-have-free-product-germs-over-v	Every finitely generated residually finite group G lies in a one-orbit finite germ extension of Thompson's V whose germ group at the singular point is G * Z
rf-hosts-cannot-realize-branch-substitutions	If a group contains a weakly branch group G and an element t conjugating G into its first level stabilizer, every finite quotient kills the derived subgroup of the rigid copies of the branching subgroup; so no residually finite host realizes such a substitution
rf-hosts-cannot-realize-the-lysenok-substitution	A group containing a torsion group Γ and an element t with t g t^-1 = σ(g) for a proper injective endomorphism σ contains the whole ascending HNN extension Γ*_σ; for Grigorchuk's group and the Lysenok substitution this forbids every residually finite, in particular every self-similar, host
rf-soluble-finite-rank-groups-are-char-zero-linear	Every finitely generated residually finite virtually soluble group of finite Prüfer rank is linear over a field of characteristic zero
rf-soluble-minimax-groups-satisfy-permutational-bh-proof	Pyber--Segal make the group linear in characteristic zero, and finitely generated linear groups over fields lie in B_A
rf-soluble-minimax-groups-satisfy-permutational-bh	Finitely generated residually finite virtually soluble groups of finite rank (the virtually torsion-free soluble minimax groups) lie in the permutational Boone--Higman class
rf-toeplitz-subshifts-from-normal-chains-are-free	The residually finite Toeplitz subshift built from a normal chain is free at every point, not only topologically free
rigid-affine-hosts-are-linear-over-number-fields-proof	Finite generation of R^n ⋊ Q makes R a finite module over the ring generated by the matrix entries of Q; rigidity then makes R algebraic
rigid-affine-hosts-are-linear-over-number-fields	If R is a rigid subring of Z_p and R^n ⋊ Q is finitely generated then Q is linear over a number field, so the LISW §6 host exists only for groups linear over Q-bar
rigid-boolean-inverse-monoid-presentations-have-fp-full-groups	Transfer conjecture for ample groupoids — the V-stabilized full group is finitely presented exactly when the Steinberg algebras are, which makes a rigid groupoid Higman embedding theorem equivalent to the master route
rigid-fa-groups-reach-bliw-trees-only-with-infinite-index	A commensurator-rigid group with property FA lies in a Bux--Llosa Isenrich--Wu tree host only with infinite index in a vertex stabilizer
rigid-sfts-give-fp-v-boolean-power-crossed-products	If a free SFT over a finitely presented group is quantum rigid, the Boolean-power crossed product LC(X,V) ⋊ Lambda is finitely presented
rigid-topologically-free-sfts-force-solvable-word-problem	A finitely presented group carrying a quantum-rigid minimal topologically free subshift of finite type has solvable word problem
ring-gate-k1-clause-is-unstable	The ring gate's K_1 clause is stable while the necessary condition is unstable, so failure of stable rational K_1 detection excludes a design only when unstable K_1 injects at that rank
robertson-steger-a2-two-graphs-are-primitive-and-aperiodic	The Robertson–Steger 2-graph of a type rotating group acting freely on the vertices of an Ã₂ building with finitely many orbits is primitive in both colours and aperiodic
row-factors-lift-z-crossed-products-into-z2-hosts	If a Z^2-subshift X factors along rows onto a Z-subshift Y, then LC(Y,K) ⋊ Z embeds unitally in LC(X,K) ⋊ Z^2; so gate U over Z^2 splits into a one-dimensional unit problem over an effective Y and a realization problem for G2
rs-strip-tail-transitivity-forces-primitive-transition-matrices	The Robertson–Steger transition matrices are never primitive for a type-preserving group, and are primitive for a type-transitive group whenever it acts ergodically on each typed space of tail classes of singular half-strips, in particular for PGL_3 lattices over a characteristic-zero local field
rs-two-graph-aperiodicity-from-h3-and-irreducibility	A Robertson–Steger 2-graph satisfying (H3) whose two transition matrices are irreducible is aperiodic in the Kumjian–Pask sense
rsg-finite-set-stabilizers-are-iterated-ascending-hnn-proof	Upgrade the BBMZ finite-generation proof for finite-set stabilizers to an iterated ascending HNN decomposition, then apply the Belk-Zaremsky F_n criterion and the quasi-retraction
rsg-z2-locally-trivial-along-rational-attraction	In a finite-nucleus rational similarity group, a free abelian group of rank at least two has a nontrivial element that is the identity near every point whose orbit under one of its elements accumulates at a rational point with finite orbit
rsv-quaternionic-doubles-are-never-virtually-simple	The non-residually-finite doubled lattices of Rungtanapirom–Stix–Vdovina in products of trees are never virtually simple, so they give no f.p. simple group of cd > 2
s-integral-affine-structure-group-is-finitely-presented	For a finite set of primes P, the S-integral affine group (Z[1/P]^(D) x| GL(Z[1/P]; D)) x| F is finitely presented
s-integral-linear-one-host-via-twisted-affine-group	The commutator subgroup of W_(P,l) is one finitely presented simple host for every GL_n(Z[1/P])
s-integral-splitting-stabilizers-are-finitely-generated	For primes l not in P, the stabilizer in the S-integral affine group of one l-splitting direction of Z_l^D is finitely generated
sandwiched-e-n-has-only-projective-simple-quotients	When normal subgroups of E_N(R) are sandwiched, every nonabelian simple quotient of E_N(R) is PE_N(R/I), so the rational-scalar obstruction covers all simple quotients of finite-stable-rank hosts
saturated-l-adic-subrings-are-arithmetic	A finitely generated subring R of Z_l with R[1/l] cap Z_l = R lies in a number field; so l-adic affine hosts only reach S-arithmetic linear groups
scalar-descendant-hosts-see-only-rfd-inputs	A self-similar algebra with a character and scalar descendants is residually finite-dimensional, so scalar-descendant completions host only residually finite-dimensional inputs, the algebra face of the residual-finiteness wall
scalar-descendants-make-completions-simple-proof	Saturated ideals contain all descendants, and a scalar entry persists along every diagonal continuation, which no off-degree element commuting with the core can allow
scalar-descendants-make-completions-simple	If every nonzero element of a self-similar algebra has a nonzero scalar entry in some iterate of its recursion, then the recursion is minimal and aperiodic, so the Leavitt--Nekrashevych completion is simple, with no diagonality needed
schur-multiplier-obstruction-kills-thickening-hosts	Schur multiplier obstruction — an FP_2 group with a perfect normal subgroup N and FP_3 quotient has finitely generated H_2(N)_Γ; so no residually finite thickening host over an FP_3 acting group is finitely presented, including the projective SL_d(Z[1/2]) candidate
self-similar-sft-rigidity-scale-collapse-proof	Pull macro idempotents back through the blocks of the substitution; block products recover them, so commutation cannot appear, and the scale map D' -> N(D'-2) is expanding
self-similar-sfts-are-quantum-rigid-iff-rigid-at-one-scale	A Z^2 subshift of finite type with an injective constant-size block substitution mapping it into itself is quantum rigid iff it is rigid at one small fixed scale; non-commuting operator tilings at small scale substitute up to every scale
self-simulating-hosts-over-one-ended-parse-shifts	(OPEN) Self-simulating hosts over one-ended parse shifts, where telescope fixed points indexed by a locally uniquely parsable hierarchy over a one-ended decidable group generate a finitely presented full group carrying the seed at every infinite-level point
separated-automata-reduce-bh-to-fp-overgroups-of-the-base-proof	Loop-letter descent with the base absorbed by its own lift ideal, spinal saturation of the cycle germs, and a wreath-product transplant of the base
separated-automata-reduce-bh-to-fp-overgroups-of-the-base	A separated automaton group, with loops on private letters over a base acting on the other letters, is Boone–Higman as soon as its base embeds in a finitely presented automaton group, because its isomorphism type sees the base only abstractly and its cycle germs can be saturated to (base wr finite) x finite
set-transitive-coset-shifts-have-only-constant-minimal-sets	If a group moves every finite subset of Ω into every infinite subset, every nonempty closed invariant subset of A^Ω contains a constant configuration, so no free or infinite minimal subsystem exists
several-ascending-letters-reduce-to-amalgams-over-the-base	A multiple ascending HNN extension is an amalgam of single-letter extensions over the base; inner automorphism letters are centralizer extensions; the common-hat host for k ≥ 2 letters has a Cantor singular locus
sft-groupoid-boolean-inverse-monoids-are-finitely-presented	The Boolean inverse monoid of a free SFT transformation groupoid is always finitely presented, so finite presentation of its ring and of its V-full group is exactly a commutation problem
sft-irreducible-core-iff-unique-recurrent-component	A subshift of finite type without isolated points or empty cones has an irreducible core exactly when its graph has a single strongly connected component containing a cycle
shell-a1-ascends-when-the-gate-points-toward-p-proof	Choosing the rigid stabilizer level past the lifting defects makes t^-1 contract D, and D exhausts A_1^0
shell-a1-ascends-when-the-gate-points-toward-p	If the shell germ gate ascends toward the singular point, the one-singularity stabilizer is an ascending HNN extension of a finitely generated shift-free subgroup
shell-envelopes-depend-only-on-the-near-image	A genuine-action shell envelope depends only on the near image of the input, so every finitely generated group of index-zero near permutations has a shell envelope and realizability is never an obstruction
shell-germ-algebra-fp-forces-bounded-germ-presentation	If the germ Steinberg algebra of a shell envelope is finitely presented, its germ group has a presentation whose relators have boundedly many input letters but arbitrary shift exponents
shell-germ-algebra-fp-forces-fp-germ-group	If the germ-groupoid Steinberg algebra of a shell envelope is finitely presented, then its germ group at the singular point is finitely presented
shell-germ-essential-algebras-are-central-simple	For a minimal effective second-countable ample groupoid with compact Hausdorff unit space, the Steinberg algebra modulo its singular ideal is central simple; so every shell envelope sits in the units of a central simple algebra A_nu/J
shell-germ-singular-ideal-is-generated-at-the-singular-point	The singular ideal of a shell germ algebra is generated by its part at the singular point, which is the annihilator in the germ group ring of the shell module at infinity; J is finitely generated iff that annihilator is
shell-germ-singular-ideal-is-the-boundary-annihilator	The local singular ideal of a shell germ algebra is the annihilator of the permutation module on the Schreier boundary of the germ group's near action
shell-germ-steinberg-algebra-is-finitely-presented	The germ-groupoid Steinberg algebra of a shell envelope is finitely presented as an F_2-algebra
shell-germ-steinberg-algebras-are-never-simple	The germ Steinberg algebra of every shell envelope has a nonzero proper singular ideal, so it is never simple, and the envelope survives in the units of the quotient
shell-one-point-groups-are-ascending-hnn-over-window-lifts	If the shell germ group has an ascending window in the direction of the V-germ, the one-point group A_1 is an ascending HNN extension of an explicit lift of that window, so A_1 has every finiteness property the lift has
shell-shift-admits-no-baumslag-solitar-conjugation	A near permutation that the shell shift conjugates to a proper power is near trivial, and a shift-stable near group has finitely many orbits
shift-similar-germ-groups-are-ascending-hnn-extensions	For any infinite shift-similar G, the extended germ group is the ascending HNN extension of Germs(G) by the shift, H_n(G)/FSym is its index-zero power, and it has type F_min(m,n-1) when Germs(G) has type F_m; strong shift-similarity is exactly two-sidedness of the index character in Sigma^1
simple-groups-on-trees-b1-zero-proof	Simplicity rules out acylindrical hyperbolicity, so every two vertices have an infinite common stabilizer; Peterson-Thom then kills the first L2-Betti number
simple-groups-on-trees-with-fg-edge-groups-have-b1-zero	A finitely generated simple group acting on a tree without a fixed point has s-normal edge stabilizers of infinite index, so its first L2-Betti number vanishes as soon as one edge stabilizer is finitely generated
simple-inputs-have-finitely-presented-stabilizer-engines	For every infinite finitely generated simple group S with solvable word problem, the derived full group of Z/2 * S on its compactified Bass–Serre tree is finitely presented
simple-inputs-in-wobbling-hosts-are-dense-schreier-realizations	An infinite simple group lies in the full group of a free Λ-subshift, faithfully on every invariant subset, iff one of its nontrivial Schreier quotients has a coarsely dense injective Lipschitz realization in Λ, and the subshift is then effectively closed from WP(G) alone
simple-kazhdan-germ-extension-germ-group-proof	Specialize the FW germ reduction to a simple input, rule out the V-local part by Haagerup, and read off finite presentation from the SingFix lemma
simple-kazhdan-in-germ-extension-of-v-sits-in-one-germ-group	An infinite simple Kazhdan subgroup of a finite germ extension of V embeds in a single singular isotropy germ group, which is finitely presented whenever Belk--Hyde--Matucci Theorem 2.1 certifies finite presentation
simple-subgroups-act-trivially-on-equicontinuous-factors	A minimally almost periodic subgroup, e.g. an infinite f.g. simple group, acts trivially on the maximal equicontinuous factor of every minimal action; so free minimal actions of groups containing one are never almost automorphic, and functional couplings of almost-automorphic transverse layers kill it
simplicity-of-finite-presentations-arithmetical-position-proof	Count quantifiers in the definition of simplicity, reduce triviality to it through V × G, and bound Kuznetsov's searches
simplicity-of-finite-presentations-arithmetical-position	Simplicity of finite presentations lies in Pi^0_2 and is Sigma^0_1-hard, and it drops to Delta^0_2 if Kuznetsov profiles of finitely presented simple groups are uniformly recursively bounded
single-configuration-check-mark-group-is-lift-presented-proof	Separator sections are powers of A, and inside a block only constant rays keep a word stable; there it is a word in two commuting elements
single-configuration-check-mark-group-is-lift-presented	The one-configuration layer of the Wächter–Weiß check-mark automaton is non-contracting and of exponential activity, yet its relator kernel is the lift ideal of two commutators, so its V_3 is finitely presented
small-cancellation-groups-realize-every-wp-complexity	Two-generator classical C'(1/6) groups with solvable word problem realize every recursive word-problem complexity, so no single decidable group contains them all
smart-level-zero-return-map-has-free-divergence	SMART's level-0 return map has free divergence at every point, so neither it nor any finite skew-product decoration factors onto the ternary valuation Toeplitz subshift
smart-renormalization-admits-no-graded-basins	SMART's height-3 renormalization cannot be graded, even after any finite skew-product decoration, so it does not yield the ternary Toeplitz factor that would put a periodic group in 2V
smart-trace-full-group-embeds-in-brin-thompson-2v	The topological full group of the SMART trace subshift embeds in Brin's 2V, so a Juschenko-Monod group (finitely generated, infinite, simple, amenable) lies in a finitely presented simple group
solvable-bs-faithful-witness-proof	The HNN extension of BS(1,m) along a^p -> a^q, s -> s has trivial tree kernel because q/p is not a unit of Z[1/m]
solvable-bs-groups-have-faithful-generalized-bs-witnesses	For |m| >= 2 the solvable Baumslag--Solitar group BS(1,m) has a faithful generalised Baumslag--Solitar witness, so every group in BS_{BS(1,m)} embeds in a simple group of type F_infinity
some-a2-action-has-a-nonrecursive-kernel	Some type [A_2] action has a kernel that is not recursive, so its action image has unsolvable word problem
some-fp-simple-group-has-an-infinite-bounded-exponent-subgroup	Some finitely presented simple group contains an infinite finitely generated subgroup of bounded exponent
some-hyperbolic-group-embeds-in-no-brin-thompson-group	Some hyperbolic group embeds in no Brin-Thompson group nV
some-nonexact-group-has-a-type-a-action	Some non-exact group admits an action of type (A)
some-nv-element-has-a-graded-height-3-renormalization	Some element of some Brin–Thompson group nV has an invariant clopen set with a height-3 self-renormalization that cycles a clopen 3-colouring
spherical-artin-bh-via-decorated-garside-odometer-groups	Finite-type Artin groups embed in the simple commutator subgroup of an F_infinity decorated Garside odometer full group
spherical-artin-groups-satisfy-boone-higman	Every spherical-type Artin group embeds in a finitely presented simple group
spherical-artin-groups-satisfy-permutational-boone-higman	Every spherical-type Artin group lies in the permutational Boone--Higman class
spinal-extensions-of-lift-presented-groups-satisfy-boone-higman	Adding to a lift-presented automaton new states that loop along a commonly fixed letter and have base sections elsewhere gives a group with a lift-presented action, hence a Boone–Higman group
spine-and-odometer-mover-generate-a-2-adic-lamplighter	A spine of Grigorchuk states plus a recurrent odometer that moves the spine letter generates, beside a contracting group, a 2-adic lamplighter with Grigorchuk lamps, which is exactly what blocks compression along finitely many rays
spine-grigorchuk-automaton-group-has-a-bounded-action	The spine-Grigorchuk group, whose three-letter Nekrashevych group is not finitely presented, has a bounded action on four letters, so it satisfies Boone–Higman through a self-similar host
spine-hosts-reduce-to-fp-rf-overgroups-of-the-lamp	Germ groups at stable rays are the loop subgroups, so every lift-presented automaton group has finitely presented loop subgroups; a separated automaton group is LP-embeddable once its base lies in a finitely presented subgroup of a lift-presented automaton group, and for spine groups every same-tree lift-presented overgroup forces this
spine-mover-automata-over-fp-bases-are-lift-presented	The spine-plus-odometer-mover automaton over a finitely presented self-similar group is lift-presented, so the recurrent-mover test case reduces to a finitely presented self-similar overgroup of its lamp group
square-spiral-z2-enumeration-is-ball-rigid	The square-spiral enumeration of Z^2 is ball-rigid, since its far Schreier balls determine it from a finite seed; ball-transplant flexibility therefore cannot kill every one-ended input
stabilized-kgraph-full-group-clopen-action-proof	Refining cylinder decompositions spreads every clopen set over its whole strongly connected piece, the Cuntz colour then equalizes counts, and that comparison gives a type (A) action on clopen sets
stabilized-kgraph-full-groups-have-type-a-actions	After stabilizing by the Cuntz groupoid, the topological full group of a loop-rich finite higher-rank graph acts on clopen sets with type (A), so the original full group lies in the type (A) class
stationary-vershik-maps-generate-contracting-rsgs-proof	Vershik maps have one singular point, their singular germs never stack, so the generated group has a finite nucleus
stationary-vershik-maps-generate-contracting-rsgs	The Vershik map of a stationary properly ordered Bratteli diagram with strongly proper read substitution is rational, and together with the Thompson group it generates a contracting rational similarity group
stein-complex-elementary-intervals-are-grid-spheres	An elementary interval of the twisted Brin--Thompson poset is a homotopy sphere of dimension e − 2 when every tree is a full brick split in e colors in total, and is contractible otherwise
stein-derived-groups-need-computable-modules-proof	A Stein group contains the interval exchange group of every irrational ratio in its module, and that group's derived subgroup decides the Sturmian language
stein-derived-groups-need-computable-modules	If the derived Stein group D(V(Γ,Λ,ℓ)) has solvable word problem on its finitely generated subgroups, every ratio γ/ℓ with γ in Γ is a computable real; so irrational-slope Thompson groups with noncomputable slope have 2-generated simple derived subgroups with unsolvable word problem
stein-elements-with-hyperbolic-periodic-points-bound-roots	In a Stein interval-exchange group, an element with a hyperbolic periodic point has roots of only finitely many orders, so copies of Q or BS(1,m) consist of elements without hyperbolic periodic points
stein-interval-grid-sphere-proof	Map the open interval to the poset of nonempty sets of atoms and apply Quillen's fiber lemma
stein-v-groups-act-with-type-a-on-breakpoints-proof	Interval exchanges make the breakpoint action 2-transitive, and a point stabilizer is generated by one shorter-interval V-group and one germ contraction
stein-v-groups-act-with-type-a-on-breakpoints	A finitely presented Stein V-group whose shorter-interval versions are finitely generated acts with type (A) on its breakpoint set, so all its subgroups satisfy Boone--Higman; its quadratic (norm −1) instance is subsumed by the Pisot RSG route; norm +1 slopes are open (corrected 09-18)
steinberg-groups-of-r-l-are-quasisimple-proof	Pull root detection back along a central Steinberg map, then read the centre as the Schur multiplier
steinberg-groups-of-r-l-are-quasisimple	St_N(R_L) is quasisimple for every N >= 3, with centre H_2(PE_N(R_L)) not finitely generated and H_2(E_N(R_L)) = Q^x; every GL_n(Q) embeds in St_10(R_L) missing the centre, hence in the simple group PE_10(R_L)
steinberg-simple-quotients-of-q-rings-reduce-to-pe-n	Simple quotients of St_N(R) reduce to PE_N(R/I) under central unstable K_2 and the sandwich property; injective stability forces central K_2, so for Leavitt-type rings containing Q a finitely presented simple Steinberg quotient needs U_N ≠ 0 or a non-simple PE_N
strand-map-bases-lift-only-bounded-displacement-letters	Over a base of eventual strand maps such as H_n(E_2), the lifting criterion certifies a rho-letter only if the enumeration gives it eventually periodic displacement, so over that base it reaches only virtually cyclic inputs
strongly-regular-building-elements-are-opposition-proximal	Strongly regular hyperbolic automorphisms of locally finite Euclidean buildings contract the chambers opposite their repelling chamber uniformly on compacta
strongly-regular-opposition-proximality-proof	Proof that chambers at infinity of a locally finite Euclidean building carry an open dense opposition relation on which strongly regular elements contract uniformly
strongly-shift-similar-point-stabilizers-are-copies-of-the-group	In a strongly shift-similar group every point stabilizer, and every pointwise stabilizer of a finite set, is isomorphic to the group itself
strongly-shift-similar-type-f-m-passes-to-houghton-like-groups	If a strongly shift-similar group G is of type F_m then every Houghton-like group H_n(G) is of type F_m, for all n >= 1 (Mallery-Zaremsky Question 5.13 for strongly shift-similar G)
subshift-full-groups-give-infinite-order-twisted-near-shells	The topological full group of a minimal subshift acts on a forward orbit ray with the shift as an element, giving infinite-order twisted near actions of the index kernel
subshift-languages-give-monomial-algebras-in-crossed-products	Pattern-conditioned translations realize the monomial algebra of a subshift's language inside its crossed product, with no cancellation; so the monomial benchmark A_X lies in LC(Y,F_2) ⋊ Z for the S-gap shift, with complexity carried by the language alone
substitution-subshift-full-groups-satisfy-boone-higman-proof	Stationary Bratteli--Vershik model, then the Vershik map in a contracting RSG, then the BBMZ host
substitution-subshift-full-groups-satisfy-boone-higman	The topological full group of every primitive aperiodic substitution subshift embeds in a finitely presented simple group
substitution-subshifts-have-stationary-bv-models-citation	Durand--Host--Skau Propositions 8 and 20, Lemmas 9 and 15, plus telescoping
substitution-subshifts-have-stationary-bv-models	Every primitive aperiodic substitution subshift is a Vershik map on a stationary properly ordered Bratteli diagram whose read substitution has constant first and last letters and all images of length at least 2
subsurface-mapping-class-groups-are-undistorted	A cleanly embedded subsurface with no annular complementary components has an undistorted mapping class group
subsurface-mcg-undistorted-citation	Import the subsurface quasi-isometric embedding from Rafi--Schleimer Remark 8.3
supersolvable-arrangement-groups-lie-in-the-pbh-class-proof	Climb Terao's tower; rank-one fibres split off Z and fibres of rank at least two are absorbed by free-kernel permanence
supersolvable-arrangement-groups-lie-in-the-pbh-class	The fundamental group of the complement of every supersolvable (fiber-type) complex hyperplane arrangement lies in B_A and embeds in a finitely presented simple group
support-constraints-on-v-subgroups-cannot-see-one-endedness	Free subgroups of PSL_2(Z) in Thompson's T satisfy every support and attractor constraint on main with full supports, so a surface-group obstruction in V must use one-endedness; finite attractor orbits force a normal subgroup trivial near the attractor
surface-generalized-bs-groups-satisfy-boone-higman-proof	Feed the quaternion-lattice witness into Bux–Llosa Isenrich–Wu Theorem 11.1
surface-generalized-bs-groups-satisfy-boone-higman	Every generalized Baumslag–Solitar group over a closed hyperbolic surface group, in particular every surface-by-(virtually free) group, embeds in a simple group of type F_∞
surface-group-atoms-are-wall-arrangement-cells	For a closed surface group with the regular 4g-gon side-pairing generators, the atoms of the n-ball are the cells of a finite arrangement of tiling walls, the horofunction boundary has no isolated points, and no cell is a half-plane
surface-group-atoms-wall-cells-proof	Counting separating walls turns distance profiles on B_n into side vectors for the walls in 𝒲_n; small walls near every ideal point give branching, and every wall of the arrangement is crossed by another wall of it at the corner of its nearest tile
surface-groups-have-faithful-generalized-bs-witnesses-proof	The norm-one group of a Z[1/5]-order in an indefinite division quaternion algebra is a faithful surface-type tree lattice
surface-groups-have-faithful-generalized-bs-witnesses	For a closed hyperbolic surface group G, some nontrivial group in BS_G acts faithfully on its Bass–Serre tree, namely an S-arithmetic quaternion lattice
surface-word-stabilizers-have-infinitely-many-double-cosets	The stabilizer in Out(F_2g), g at least two, of the conjugacy class of a one-cusp surface word has infinitely many double cosets, so no subgroup virtually contained in it is a point stabilizer of a type (A) action
symplectic-leavitt-swindle-proof	The hyperbolic image of the elementary Leavitt matrix conjugates two commuting copies of Sp_2g(Z) onto one, so the class equals twice itself in H_2; a central extension with zero pulled-back class splits and a perfect group maps trivially to its kernel
synchronous-cores-in-out-v-have-order-at-most-two-proof	A synchronous synchronizing core is a sliding block code with no anticipation, and so is its inverse, so time reversal makes it a one-sided shift automorphism
synchronous-cores-in-out-v-have-order-at-most-two	An element of Out(V) whose core transducer is synchronous is trivial or the bit flip, so every element of order at least three is asynchronous
tame-power-conjugator-proof	The power conjugator permutes the hyperbolic points of a, cannot be periodic near them, and pulls backward orbits into a compact band of a's wandering set; equal hyperbolic sets would make those backward orbits accumulate on both sides at once
tame-power-conjugators-have-more-hyperbolic-points	If tame homeomorphisms a, b of a perfect compactum satisfy b a b^-1 = a^k with |k| >= 2 and a of infinite order, then b has strictly more hyperbolic periodic points than a; so Baumslag--Gersten and Higman groups have no action in which the relevant generators are tame and of infinite order
telescope-fixed-points-are-singular-on-a-parse-shift	The self-simulation equation θ = (s on the first annulus, θ on every deeper annulus) has a unique homeomorphic solution θ_s for every seed s; θ_s is a two-state transducer when s ∈ V, fixes the parse shift of never-terminating hierarchies, is singular on all of it, and carries the whole seed group in its germs at every point of it
telescope-fixed-points-parse-shift-proof	Proof that the self-simulation equation has the unique solution θ_s, a finite-state map singular exactly on the parse shift plus copies of Sing(s), carrying the seed in every germ over the parse shift
telescopic-germ-bases-dynamically-v-separated-proof	Proof of the telescope calculus, of the necessity of dynamical V-separation, and that self-simulating finite germ extensions of V dissolve into V
telescopic-germ-bases-in-v-germ-extensions-are-v-separated	Telescopes (a group acting on every annulus around a point through the orbit of one endomorphism) have germ group (P/K_∞)*σ; inside a finite germ extension of V a faithful telescopic germ base is exactly a dynamically V-separated group, and a self-simulating finite germ extension of V simulates only subgroups of V
thick-building-flat-sfts-are-never-quantum-rigid	The apartment (flat) subshift of a torsion-free lattice in a thick Euclidean building, Mozes-type product-of-trees tilings included, branches across every wall, so it is never quantum rigid and its crossed product is never finitely presented
thick-building-flat-sfts-never-quantum-rigid-proof	Exchange the half-apartment beyond each wall of a thick slab independently; unique lifting in the quotient keeps the two changes visible
thin-rational-actions-finite-germ-extension-proof	Proof that thinness and clopen transitivity give the three Belk--Hyde--Matucci axioms for a finite germ extension
thin-rational-actions-give-finite-germ-extensions	Thin generators plus clopen transitivity give condition (E1): the group generated by a boundary Thompson group and a rational action is a finite germ extension with countable, eventually periodic singular set
thompson-f-exact-via-amenable-full-groups	F is a subgroup of V, the topological full group of the amenable Cuntz groupoid
thompson-group-f-is-exact	Thompson's group F is exact (equivalently T is exact, by Scarparo)
thompson-t-mixed-identities-are-not-finitely-normally-generated	The mixed identities of Thompson's group T are not finitely normally generated in T * F_n for any n, answering BFFHZ Question 3.3 negatively
thompson-t-mixed-identities-not-fng-proof	Mixed identities of T hold for all maps with small generic support, V breaks one at every scale, so no finite set normally generates them
thompson-v-binary-shell-action-passes-both-germ-gates	Thompson's group V acting on N by binary prefix replacements has near group the odometer Röver–Nekrashevych group, so its genuine-action shell passes both germ gates
three-tree-lattice-kernel-commutation-proof	Kernels on different factors commute modulo their intersection, and commuting normal subgroups cannot both act nontrivially on a thick tree, so some pairwise intersection survives
three-tree-lattices-escape-only-via-discrete-normal-subgroups	A three-tree lattice outside the type (A) class is irreducible and has an infinitely generated normal subgroup acting on a single factor, whose image is a nontrivial discrete normal subgroup of that factor's closure
thumann-operad-groups-need-only-f-infinity-transformations	In Thumann's finiteness theorem for operad groups, the hypothesis that the transformation groupoid is of type F-infinity-plus can be weakened to type F-infinity
time-lift-actors-carry-no-complexity-beyond-row-language	A finitely generated group of automorphisms of a subshift has word problem primitive recursive in the subshift's language, so in time-lift designs the acting input's complexity must already sit in the language of the space SFT, and no language-bounded family of space SFTs serves all inputs
titz-witzel-kernel-elements-are-nowhere-domestic-at-infinity	No nontrivial element of a Titz Mite--Witzel kernel maps an open set of chambers at infinity to non-opposite chambers
titz-witzel-lattices-pbh-via-euclidean-building-lattices	The Titz Mite–Witzel lattices are uniform lattices on locally finite thick C̃₂ buildings, so the Euclidean building lattice theorem puts them in B_A
titz-witzel-lattices-satisfy-permutational-boone-higman	The non-residually-finite Titz Mite--Witzel C2-tilde lattices satisfy permutational Boone--Higman
topologically-free-subshift-full-groups-force-quantum-rigidity	The necessity theorem holds for topologically free actions, so a finitely presented V-stabilized full group forces quantum rigidity and finite type of any topologically free subshift
torelli-lower-central-quotients-are-not-residually-finite	For g >= 3 and c >= 2 the Kazhdan groups Mod(S_g)/T_g[c+1] are not residually finite; up to a finite central kernel they contain a group commensurable with a Deligne lattice over Sp_2g(Z)
torelli-lower-central-quotients-do-not-virtually-split	For g >= 3 and c >= 2 the Torelli lower-central quotient Mod(S_g)/T_g[c+1] does not split over any finite-index subgroup of Sp_2g(Z), even modulo a finite subgroup
torelli-lower-central-quotients-have-solvable-word-problem	Every Torelli lower-central quotient Mod(S_g)/T_g[c+1] (g >= 3, c >= 1) has solvable word problem
torelli-lower-central-quotients-not-rf-proof	Proof that the Torelli lower-central quotients Mod(S_g)/T_g[c+1] (g >= 3, c >= 2) are not residually finite, via Hain's central line and Deligne's theorem
torelli-lower-central-quotients-satisfy-boone-higman	The Torelli lower-central quotients Mod(S_g)/T_g[c+1] (g >= 3, c >= 2), non-linear non-residually-finite Kazhdan groups, embed in finitely presented simple groups
torsion-free-isotropy-leavitt-tensor-hosts-have-trivial-k1-k2	If every finite subgroup of a finitely generated group acts freely on a compact zero-dimensional space, the Leavitt tensor of the binary crossed product has trivial K_1 and K_2
torsion-free-tree-lattices-embed-in-fp-kgraph-full-groups	A torsion-free cocompact lattice on a product of thick leafless trees embeds in the topological full group of a finite higher-rank graph with two loops of every colour at every vertex, which is of type F_infinity
torsion-subgroups-of-almost-v-groups-localize-at-singular-germs	A finitely generated torsion group of Cantor homeomorphisms that are locally in V off finite sets either has infinite orbits on its singular support, or is locally-finite-by-(germs at finitely many fixed points); an infinite simple one then embeds in a single singular germ group
train-track-split-cones-have-least-common-descendants	Split descendants of a complete train track have least common descendants, so their carried cones form a right-LCM cylinder family
train-track-split-cones-least-common-descendants-proof	Proof that split descendants of a complete train track have least common descendants
train-track-trace-groupoid-hosts-closed-mcg	The groupoid of train-track splitting traces of a closed surface has a finitely presented full clopen-transitive group containing a finite-index subgroup of its mapping class group
transcendental-slope-thompson-groups-have-hard-word-problems	A rotation commutator in D(V_λ) reads off the Sturmian word of λ, so for every recursive time bound some computable Liouville slope λ gives a 2-generated simple D(V_λ) with solvable word problem beyond that bound
transcendental-slope-thompson-groups-satisfy-boone-higman	For computable transcendental λ in (0,1), the derived irrational-slope Thompson group D(V_λ), a 2-generated simple group with solvable word problem that is not finitely presented, embeds in a finitely presented simple group
translation-like-hosts-are-capped-by-separation-profiles	Translation-like realizations over a fixed group are capped by growth and separation profile, so no fixed hyperbolic or amenable-growth host is universal, and decidable monsters need non-free orbits or a finitely presented Farrell–Jones group containing expanders
translation-like-inputs-embed-in-full-groups-over-a-fixed-group	If a decidable group acts translation-like on a fixed group Λ, it embeds in the topological full group, hence the crossed-product units, of an effectively closed free Λ-subshift whose language encodes its word problem
transvections-are-single-carets-of-the-edge-split-operad	Every elementary transvection acts on the rational Cantorization as a single edge-split caret on each orthant, so the general linear group lies in the Thompson-like group of the one-generator edge-split operad
tree-by-complex-lattices-with-faithful-tree-factor-satisfy-pbh	A uniform lattice in Aut(T) × Aut(Y) that acts faithfully on the tree T lies in B_A; in particular the Amir–Lazarovich lattices satisfy the permutational Boone–Higman property
tree-compatible-fixed-base-enumerations-have-infinite-index	If the input generators act by automorphisms of the boundary tree, the near shift group of a fixed-base enumeration has infinite index in the odometer Nekrashevych group, and the normal-form enumeration of C_2*C_3 is such a case
tree-compatible-fixed-base-infinite-index-proof	Odometers are tree automorphisms, and a finite-index subgroup of B contains the simple group V_(h,r)', which contains non-automorphisms
tree-lattice-block-splitting-proof	The kernel of a discrete sub-product is cocompact on the complement, its normalizer there is discrete, and faithfulness makes the two kernels commute and intersect trivially
tree-lattice-kgraph-power-phase-proof	Build the cube k-graph, get loops from non-backtracking closed walks in a power, and absorb the Busemann lag modulo N into a phase coordinate
tree-lattice-with-torsion-via-zappa-szep-kgraphs	Replace the free cube k-graph by a transported one with the finite germ groupoid of cube stabilizers acting self-similarly, then run the power, phase and stabilization steps unchanged
tree-lattices-split-into-irreducible-blocks	A faithful cocompact lattice on a product of leafless trees is virtually the direct product of irreducible blocks, one for each piece of a partition of the factors
triangle-free-all-3-artin-groups-satisfy-pbh-proof	Cone the graph with hub labels 3; every coned maximal clique is an edge coned to the Euclidean triangle (3,3,3) or a vertex coned to A_2
triangle-free-all-3-artin-groups-satisfy-pbh	Every Artin group whose defining graph is triangle-free with all edge labels 3, e.g. the all-3 four-cycle, lies in the permutational Boone--Higman class and embeds in a finitely presented simple group
triangle-permutive-sfts-have-one-sided-total-faults	Triangle-permutive Z^2 subshifts are Latin controlled-permutation RPCA spacetimes whose faults are one-sided and total, so a free one needs quadratic row complexity and two non-injective transversal automata
twice-punctured-torus-mcg-is-continuous-automatic	The mapping class group of the twice-punctured torus is continuous automatic, given the Birman--Hilden identification with the five-punctured sphere
twisted-brin-thompson-global-twists-are-conjugacy-closed	In a twisted Brin--Thompson group the global twists are conjugacy-closed, so SV_G adds no conjugacies to its actor, and an HNN input whose base sits in the global twists needs a base-faithful image of itself inside the actor
twisted-brin-thompson-groups-embed-along-equivariant-inclusions	A twisted Brin-Thompson group SV_G embeds in S'V_G' whenever G <= G' acts faithfully on a G-invariant subset S of S'
twisted-brin-thompson-groups-quasi-retract-onto-acting-group	A finitely generated twisted Brin--Thompson group SV_G quasi-retracts onto G, so G is undistorted in SV_G
twisted-brin-thompson-labels-are-rigid	In a twisted Brin–Thompson group SV_G whose actor has no finitary elements, branch labels form a well-defined cocycle, and conjugacy classes of G do not fuse in SV_G
twisted-brin-thompson-type-fn-criterion	For a faithful action, the twisted Brin--Thompson group SV_G is of type F_n exactly when the action is of type (A_n), which proves the Belk--Zaremsky conjecture
twisted-brin-thompson-type-fn-implies-type-an	If a twisted Brin--Thompson group SV_G is of type F_n, then G acting on S is of type [A_n], and likewise for FP_n and [HA_n]
twisted-bt-of-full-contracting-rsg-inherits-f-n-from-rsg-family	The twisted Brin-Thompson group of a full contracting RSG is of type F_n as soon as the full RSGs with the same nucleus on clopen subsets are, and only if the RSG itself is; so a yes to BBMZ Question 1.2 would give every hyperbolic group an undistorted embedding in a simple group of type F_infinity
twisted-bt-quasi-retract-onto-acting-group-citation	Import the Belk--Zaremsky quasi-retraction of SV_G onto G
twisted-bt-type-fn-interval-filtration-proof	Filter the Stein sublevel complex by interval length, keep only grid intervals, and run a homological Brown criterion for filtered complexes
twisted-bt-type-fn-necessity-citation	Import FFWZ Definition 1.3, Proposition 4.17 and Corollary 4.18
twisted-genuine-shell-actions-pass-both-germ-gates	If the shift twists a genuine shell action by an injective endomorphism, the near group is the ascending HNN extension and both germ gates pass with window zero
twisted-integral-affine-brin-thompson-group-is-simple	The twisted integral-affine Brin-Thompson group W on Z_2^D is simple
twisted-integral-affine-full-group-is-finitely-presented	The twisted integral-affine Brin-Thompson group W on Z_2^D is finitely presented and simple, and contains every GL_n(Z)
twisted-integral-affine-group-fp-via-stein-complex	Zaremsky's type (A) finite-presentation proof, transferred to halving directions, shows the twisted integral-affine group W is finitely presented
twisted-s-integral-affine-groups-are-fp-and-virtually-simple	For finite P and a prime l not in P, the twisted Z[1/lP]-affine group W_(P,l) on Z_l^D is finitely presented, with simple commutator subgroup of finite index containing every GL_n(Z[1/P])
two-counter-kms-top-has-no-affine-self-similar-action	For K >= 2 the KMS top factor R_K semidirect U_K has no faithful self-similar affine action with its lamps as translations, on any p^d-ary tree and with arbitrary non-Toeplitz corners
two-dim-cat0-product-groups-are-torsion-locally-finite	A group acting with finite point stabilizers on a finite product of 2-dimensional CAT(0) triangle complexes and trees is torsion locally finite, so the finitely presented simple Kac–Moody lattices with 2-dimensional buildings contain no infinite finitely generated periodic group
two-dim-cat0-product-groups-torsion-lf-proof	A finitely generated torsion group fixes a point in each 2-dimensional CAT(0) factor (Norin–Osajda–Przytycki) and each tree factor (Serre), so it lies in a finite point stabilizer
two-leaf-graph-manifold-twist-realizations	For a graph manifold with two leaf blocks, fibering means parallel boundary words in the JSJ torus; in a mapping class group realization whose JSJ torus goes to a two-curve twist group, each fiber is a single twist power, point pushing on both sides gives only fibered manifolds, and a non-virtually-fibered example needs one block with a new boundary slope ratio
two-radix-host-meets-the-fp-ray-conditions-except-realizability	The two-radix odometer host is a finitely presented near group on N with the shift, a finitely generated non-virtually-abelian index kernel and infinite supports, but its index kernel is not realizable
two-radix-odometer-host-is-f-infinity-with-fg-charge-kernel	The two-radix odometer full group on the two-root Cantor set is of type F_infinity, and its near-index kernel is finitely generated
two-sided-coset-sft-cyclic-descent-collapse-proof	Conjugate-short pairs have close lifts; cyclic descent is local, hence occurs inside every long linear word, and the tail frame turns it into distance descent from a ball
two-sided-free-group-coset-sfts-collapse-under-cyclic-descent	Over F_2 × F_2 acting on F_2 two-sidedly, quantum families commute on conjugate-short pairs for free, but any local determinism giving cyclic-length descent forces the subshift to be finite
type-preserving-vertex-free-a2-groups-embed-in-fp-simple-groups	Every group acting freely, type-preservingly and with finitely many orbits on the vertices of a thick Ã₂ building embeds in a finitely presented simple group, through the period-3 Robertson–Steger 2-graph restricted to phase 0 and a skew product over the index-3 degree lattice
type-transitive-a2-bh-via-rs-two-graph-full-groups	Embed a type-transitive vertex-free Ã₂ group in its Robertson–Steger 2-graph full group, use primitivity (from the type-transitive link argument) and aperiodicity (from H3), then Li–Matui
type-transitive-vertex-free-a2-groups-embed-in-fp-simple-groups	Every group acting freely, with finitely many orbits and not type-preservingly, by type rotating automorphisms on the vertices of a thick Ã₂ building embeds in a finitely presented simple group; this includes every CMSZ group and the vertex-regular lattices of the 65 exotic CMSZ buildings of order 3
undistorted-type-a-class-closure-and-qi-boone-higman	Groups undistorted in a type (A) actor quasi-isometrically embed in finitely presented simple groups, and this class is closed under products and finite extensions and contains punctured-sphere and genus-two mapping class groups
undistorted-type-a-class-closure-proof	Track word metrics through the Belk--Zaremsky quasi-retraction and Zaremsky's product and wreath constructions
unequal-radix-free-product-near-group-passes-both-germ-gates	For a free product of two finite groups of different orders, the least-significant-first mixed-radix enumeration has a finitely presented near shift group with finitely generated near-index kernel
unequal-radix-near-group-halves-are-tree-groups-that-are-not-fp	The unequal-radix near group is generated by two one-radix tree groups, each not finitely presented, glued by disjoint-support relations, so neither the tree kill nor an amalgam kill applies to it
unequal-radix-near-group-has-a-local-expanding-element	The A5*A6 unequal-radix near group contains an element supported in one root with local slope 59^2, which no equal-radix or tree-compatible near group contains
unimodular-cells-synchronize-under-edge-splits	Every unimodular cell inside a unimodular cell is a finite union of cells that are edge-split descendants of both
unimodular-dissection-operad-has-finite-type	The refinement poset of nontrivial unimodular dissections of the standard simplicial cone has a finite spine
unimodular-dissections-have-egyptian-fraction-volumes	The pieces of every unimodular dissection of the standard simplicial cone have reciprocal height products summing to one, so each piece count admits only finitely many dissections
unimodular-maslov-cantorization-is-minimal-expansive	The signature cells of unimodular symplectic frames Cantorize the Lagrangian Grassmannian into a minimal, expansive, topologically free Sp_2n(Z)-space with a decidable clopen algebra
unimodular-maslov-cantorization-proof	Proof that unimodular Maslov cells give a minimal, expansive, topologically free Cantor model of the Lagrangian Grassmannian
unimodular-maslov-cells-do-not-dissect-mixed-atoms	For n = 2 the mixed atom of the unimodular Maslov triangle is not a finite union of unimodular cells, so the Farey dissection property behind tree-pair diagrams fails for the Lagrangian Cantorization
v-and-a-homeomorphism-never-generate-a-free-product	A locally moving group and any nontrivial homeomorphism never generate their free product; in particular ⟨V, t⟩ is never V * ⟨t⟩ in Homeo(Cantor)
v-binary-shell-envelope-is-finitely-presented	The genuine-action shell envelope of Thompson's V with its binary action on N is finitely presented
v-by-normalizer-groups-are-self-similar-proof	Restricting a bi-synchronizing homeomorphism to an invariant cone keeps its core, and V absorbs the non-cone images of cones
v-by-normalizer-groups-are-self-similar	Every group between V and its normalizer is self-similar up to V, and its full closure is generated by V and one cone copy of the group, with a cone-partition normal form
v-cone-sliding-localizes-disjoint-support-relations	In full groups of V times an ample groupoid, cone-localized global bisections slide conditions, so every commutation relation between elements with disjoint V-supports follows from relations of bounded diameter
v-element-invariant-measures-live-on-the-periodic-part-proof	Track how many letters an element of V reads and writes along an orbit; new lows expand deep cones onto shallow ones, and a nonnegative height either repeats a cone or contracts one, so atomless invariant mass sits on the periodic part
v-element-invariant-measures-live-on-the-periodic-part	Every atomless invariant measure of an element of V lives where the element is periodic, so V-elements normalize amenable actions only through automorphisms that are periodic on an invariant closed set, and never dilate a divisible group without fixed points
v-normalizer-full-closures-are-integrally-acyclic-proof	The outer-class map makes the germ groupoid an extension of Q by the Cuntz groupoid, whose homology vanishes, and Li's vanishing corollary then applies
v-normalizer-full-closures-are-integrally-acyclic	For every group of outer automorphisms of Thompson's V, the full closure of its preimage in Aut(V) is integrally acyclic and perfect, so no homology obstructs finite presentation
v-normalizer-groupoids-carry-lag-cocycle-iff-lipschitz-proof	Synchronization makes the lag defect of conjugation by t depend only on k letters, and a length coboundary exists exactly on Lipschitz cores
v-normalizer-groupoids-carry-lag-cocycle-iff-lipschitz	For t of infinite order in Out(V), the germ groupoid of V ⋊ ⟨t⟩ is the semidirect product of the Cuntz groupoid by t, and its lag cocycle extends continuously exactly when t is Lipschitz
v-normalizer-rsgs-contract-iff-finite-outer-order-proof	Normality of V gives the presentation, core growth gives an infinite nucleus, and a core containing the identity collapses to it
v-normalizer-rsgs-contract-iff-finite-outer-order	For a homeomorphism t normalizing Thompson's V, the group V ⋊ ⟨t⟩ is a finitely presented RSG that is contracting iff t has finite order in Out(V), and is not full otherwise
v-point-stabilizers-are-ascending-hnn-extensions-of-v-proof	The shift t conjugates each rigid stabilizer onto the next, so Stab_V(0^infinity) is an ascending HNN extension of V
v-point-stabilizers-are-ascending-hnn-extensions-of-v	The stabilizer in Thompson's V of the point 0^infinity is an ascending HNN extension of V
v-times-full-groups-have-local-transposition-presentations	The full group of V times a free Lambda-subshift is presented by transpositions of product pieces subject to order, conjugacy and two-directional split relations; with lifts in the gluing group this would make the gluing presentation exact (K = 1)
v-times-quantum-rigid-sft-full-groups-are-fp	"P2′: if a minimal free SFT over a finitely presented group is quantum rigid, the full group of V times its transformation groupoid is finitely presented"
v-times-sft-full-groups-glue-from-two-wreath-pieces	For every free subshift X over a finitely presented group, the full group of V times Lambda ⋉ X is the amalgam of V(Lambda) and LC(X,V) ⋊ Lambda over V x Lambda modulo commutation of disjoint-cone pieces, up to a finitely normally generated kernel
v-times-sft-full-groups-split-into-two-wreath-pieces-proof	Conjugate each transposition by a cone-controlled translation until its label is trivial, compute the intersection by freeness, and build the copy endomorphisms from the disjoint-cone commutation relations
v-times-sft-full-groups-split-into-two-wreath-pieces	The full group of V times a free Lambda-subshift is generated by the labelled Thompson group V(Lambda) and the Boolean-power crossed product LC(X,V) ⋊ Lambda, which meet in V x Lambda; the first is always fp, and the second already forces quantum rigidity
v-times-sft-gluing-kernel-is-relatively-perfect	The doubling swindle holds inside the self-similar gluing group, so its kernel K onto the full group satisfies K = [K, Gamma~]; hence K is central only if it is trivial, and the centrality route to P2'b is equivalent to exactness of the gluing presentation
vertex-free-type-rotating-a2-bh-by-type-rotation-character	Split vertex-free type rotating Ã₂ groups by their type-rotation character and use the type-transitive and type-preserving theorems
vertex-free-type-rotating-a2-groups-satisfy-boone-higman	Type rotating groups acting freely on the vertices of an Ã₂ building with finitely many orbits embed in finitely presented simple groups
virtual-retracts-satisfy-pbh-coset-wreath-closure-proof	Retract case in the finite-index subgroup, then the finite-index inheritance; the classes come from Hall, Wilton, and commensurability
virtual-retracts-satisfy-pbh-coset-wreath-closure	Virtual retracts satisfy the coset-wreath conditions, so for every finitely generated subgroup C of a limit group or of a finitely generated virtually free or Fuchsian group G, the lamplighters A wr_(G/C) G, the identity-edge HNNs and the doubles G *_C G lie in B_A
virtually-compact-special-groups-undistorted-in-2v	Every virtually compact special group, in particular every cubulated hyperbolic group, quasi-isometrically embeds in the simple group 2V of type F_infinity
virtually-compact-special-undistorted-in-2v-proof	Push undistortion through the core, the Kaloujnine-Krasner embedding and the local copies in 2V, using the exponent length on 2V
virtually-cyclic-out-free-subgroups-have-infinite-double-cosets	For n at least three every virtually cyclic subgroup of Out(F_n) has infinitely many double cosets, so stabilizers of attracting laminations of fully irreducible automorphisms are never type (A) point stabilizers
virtually-free-contracting-rsg-proof	Code the ends of the Bass–Serre tree by left-normalized normal forms with the vertex-group head kept; left multiplication is a prefix replacement, same-type cones are matched by normal-form quotients, and minimal tree dynamics make the core irreducible
virtually-free-extensions-lie-in-generalized-bs-classes-proof	Pull back the Bass–Serre tree of the virtually free quotient
virtually-free-extensions-lie-in-generalized-bs-classes	Every extension of a finitely generated infinite group N by a finitely generated virtually free group lies in the generalized Baumslag–Solitar class BS_N
virtually-free-groups-are-contracting-rsgs	Every finitely generated non-elementary virtually free group, SL_2(Z) included, is a contracting rational similarity group with trivial nucleus, acting by Thompson-like maps
virtually-free-product-hyperbolic-groups-are-contracting-rsgs	Every non-elementary hyperbolic group with a finite-index subgroup that is a nontrivial free product, in particular every non-elementary virtually free group such as SL_2(Z), is isomorphic to a contracting rational similarity group
virtually-freely-decomposable-hyperbolic-rsg-proof	The freely decomposable finite-index subgroup is a contracting RSG, and the induced action carries that to G
virtually-torsion-free-cubulated-groups-satisfy-boone-higman	Every virtually torsion-free cubulated group embeds in a finitely presented simple group (Belk--Bleak--Chatterji--Matucci--Perego, Question 1.15)
virtually-torsion-free-tree-lattices-pbh-via-kgraphs	Embed a torsion-free finite-index subgroup in the full group of its powered cube k-graph, split the power into strongly connected pieces, and stabilize by the Cuntz groupoid
virtually-torsion-free-tree-lattices-satisfy-pbh	Every virtually torsion-free cocompact lattice on a finite product of thick leafless trees satisfies permutational Boone--Higman, whatever its kernels, closures or residual finiteness
w-contains-heisenberg-with-divisible-centre	The twisted integral-affine group W contains H_3(Z) x_Z Q, a Heisenberg group with divisible, quadratically distorted centre; the next step toward U_3(Q) needs register addition
weyl-toric-arrangements-b-d-e-f-are-not-fiber-type-proof	Test every rank-one projection with the Bibby--Delucchi disjointness criterion for B_n and D_n, and use non-supersolvable local lattices at the identity for D_n, E and F_4
weyl-toric-arrangements-b-d-e-f-are-not-fiber-type	The toric Weyl arrangements of types B_n (n >= 3), D_n (n >= 4), E_6, E_7, E_8 and F_4 are not fiber-type for any invariant lattice, so toric arrangement bundles cannot reach the corresponding Euclidean Artin groups
window-zero-twists-are-fixed-point-free-proof	A fixed point of the twist commutes with the shift, and the centralizer of the shift is the shift
window-zero-twists-are-fixed-point-free	The twist of a genuine window-zero shell action has no nontrivial fixed point, and its periodic points act eventually periodically, so twists with a fixed or periodic generator force virtual abelianness
wreath-recursion-thompson-groups-inherit-fn-proof	Model V_{d,r}(B, psi) by the classifying space of the cloning EI-category, attach objects by collage pushouts, and bound the descending links as polyhedral joins over d-matching complexes with fibers built from BK_1
wreath-recursion-thompson-groups-inherit-fn	For every group B of type F_n and every wreath recursion psi from B to B wr S_d, injective or not, the Thompson group V_{d,r}(B, psi) has type F_n; so a self-similar group with an F_n cover whose kernel dies under splitting has an F_n Röver–Nekrashevych group
wreaths-over-clopen-stabilizer-cosets-lie-in-b-a	Permutational wreath products over the coset space of a clopen stabilizer inside a finitely presented full clopen-transitive Cantor host lie in the permutational class B_A
wreaths-over-clopen-stabilizer-cosets-proof	Push the lamps of each coset onto its finite orbit of clopen sets and apply the type (A) wreath closure for the clopen action
z-wr-psl2-z-half-embeds-in-fp-self-similar-group	The permutational wreath product Z wr_X PSL_2(Z[1/2]) over X = PSL_2(Z)\PSL_2(Z[1/2]) embeds in a finitely presented self-similar group
z-wr-psl2-z-half-is-not-residually-finite	The permutational wreath product A wr_X PSL_2(Z[1/n]) over the cosets of PSL_2(Z) is not residually finite, so it lies in no self-similar group
z2-free-z-embeds-in-a-finite-nucleus-rsg	The free product Z^2 * Z embeds in some rational similarity group with finite nucleus
z2-free-z-lies-in-an-fp-full-germ-extension-of-v	Z^2 * Z lies in a type F_infinity, full, clopen-transitive finite germ extension of Thompson's V with four singular orbits of rational points and germ groups Z^2 over Z
z2-free-z-normal-form-boundary-has-corner-singular-orbits	On its free-product normal-form boundary, Z^2 * Z acts by state-preserving prefix replacements except at four corners, where the germ group is Z^2 over a Z of prefix-replacement germs
zaremsky-2-19a-every-hyperbolic-group-in-some-nv-resolved	"Zaremsky Problem 2.19(a) resolved: does every hyperbolic group embed in some Brin-Thompson group nV?"
zaremsky-2-19c-every-gl-n-z-in-some-mv-resolved	"Zaremsky Problem 2.19(c) resolved: does every GL_n(Z) embed in some Brin-Thompson group mV?"
zero-flux-strand-stacks-obstruct-fp-amenable-near-groups	A group without free subgroups that acts on a Z-indexed stack of strands with equal offset speed at both ends, containing a uniform stack shift and a non-uniform kernel element, is not finitely presented; for polyhedral enumerations of Z^2 this kills every enumeration with an active zero-flux slice, including isometric ones
zero-set-confinement-unifies-host-obstructions	Kazhdan subgroups and Baumslag–Solitar root groups lie in the zero set of every stable length, so a host whose natural stable lengths have confined zero sets excludes both
zigzag-houghton-like-envelopes-are-virtually-houghton	For the zigzag enumeration of Z, every Houghton-like envelope H_n(E_nu(Z)) is commensurable with the Houghton group H_(4n), hence of type F_(4n-1) and not FP_(4n)
zigzag-shell-singular-ideal-is-finitely-generated	For the zigzag shell of Z the germ group is Z^3 by Z/4, the singular ideal J is finitely generated with an explicit local part, and the four-germ elements do not generate it
zn-subshift-is-rf-iff-periodically-approximable	A Z^N-subshift is a residually finite action (Kerr–Nowak) if and only if its patterns are uniformly approximable by configurations with finite orbit, so minimal subsystems of weakly aperiodic shifts of finite type are never residually finite
zn-subshift-rf-periodic-approximation-proof	Color a finite approximating orbit by the symbols at the origin to get a periodic configuration with legal windows, and conversely lift the points of periodic models to distinct points of X
