ERROR: research/aff-q-does-not-embed-in-aut-thompson-f-proof.md: missing title
ERROR: research/bffhz-closures-cannot-create-gl-n-q-proof.md: missing title
ERROR: research/gl-n-q-fixes-a-vertex-in-free-splittings-proof.md: missing title
ERROR: research/gl-n-q-via-gl-infinity-q.md: missing title
ERROR: research/gl-n-qbar-via-countable-char-zero-linear-groups.md: missing title
ERROR: research/lifts-add-no-unipotent-divisibility-proof.md: missing title
ERROR: research/number-field-gl-n-via-gl-n-q.md: missing title
ERROR: research/number-field-linear-groups-embed-in-gl-n-q-proof.md: missing title
ERROR: research/prufer-groups-do-not-embed-in-gl-infinity-q-proof.md: missing title
ERROR: research/sl-n-q-lies-in-finite-residual-of-every-overgroup-proof.md: missing title
ERROR: research/a2-triangle-type-kernels-q2-q3-act-trivially-on-the-line-proof.md: artifact not found: experiments/a2-left-orderability-2026-09-17/a2group.py (want a working-tree path or a <rev>:<path> pin)
ERROR: research/a2-triangle-type-kernels-q2-q3-act-trivially-on-the-line-proof.md: artifact not found: experiments/a2-left-orderability-2026-09-17/enumerate_pg2.py (want a working-tree path or a <rev>:<path> pin)
ERROR: research/a2-triangle-type-kernels-q2-q3-act-trivially-on-the-line-proof.md: artifact not found: experiments/a2-left-orderability-2026-09-17/complete_pg2.py (want a working-tree path or a <rev>:<path> pin)
ERROR: research/a2-triangle-type-kernels-q2-q3-act-trivially-on-the-line-proof.md: artifact not found: experiments/a2-left-orderability-2026-09-17/classify_q3.py (want a working-tree path or a <rev>:<path> pin)
ERROR: research/a2-triangle-type-kernels-q2-q3-act-trivially-on-the-line-proof.md: artifact not found: experiments/a2-left-orderability-2026-09-17/validate_q3.py (want a working-tree path or a <rev>:<path> pin)
ERROR: research/a2-triangle-type-kernels-q2-q3-act-trivially-on-the-line-proof.md: artifact not found: experiments/a2-left-orderability-2026-09-17/gamma0_sat.py (want a working-tree path or a <rev>:<path> pin)
ERROR: research/a2-triangle-type-kernels-q2-q3-act-trivially-on-the-line-proof.md: artifact not found: experiments/a2-left-orderability-2026-09-17/presentations_q2_all.json (want a working-tree path or a <rev>:<path> pin)
ERROR: research/a2-triangle-type-kernels-q2-q3-act-trivially-on-the-line-proof.md: artifact not found: experiments/a2-left-orderability-2026-09-17/presentations_q3.json (want a working-tree path or a <rev>:<path> pin)
ERROR: research/a2-triangle-type-kernels-q2-q3-act-trivially-on-the-line-proof.md: artifact not found: experiments/a2-left-orderability-2026-09-17/gamma0_q3_pre.out (want a working-tree path or a <rev>:<path> pin)
ERROR: research/a2-triangle-type-kernels-q2-q3-act-trivially-on-the-line-proof.md: artifact not found: experiments/a2-left-orderability-2026-09-17/gamma0_q2all_pre.out (want a working-tree path or a <rev>:<path> pin)
ERROR: research/a2-triangle-type-kernels-q2-q3-act-trivially-on-the-line.md: artifact not found: experiments/a2-left-orderability-2026-09-17/gamma0_sat.py (want a working-tree path or a <rev>:<path> pin)
ERROR: research/a2-triangle-type-kernels-q2-q3-act-trivially-on-the-line.md: artifact not found: experiments/a2-left-orderability-2026-09-17/complete_pg2.py (want a working-tree path or a <rev>:<path> pin)
ERROR: research/a2-triangle-type-kernels-q2-q3-act-trivially-on-the-line.md: artifact not found: experiments/a2-left-orderability-2026-09-17/gamma0_q3_pre.out (want a working-tree path or a <rev>:<path> pin)
ERROR: research/a2-triangle-type-kernels-q2-q3-act-trivially-on-the-line.md: artifact not found: experiments/a2-left-orderability-2026-09-17/complete_q3.out (want a working-tree path or a <rev>:<path> pin)
ERROR: research/a2-type-kernels-have-no-small-non-up-pairs.md: artifact not found: experiments/a2-non-up-2026-09-17/up_a2.py (want a working-tree path or a <rev>:<path> pin)
ERROR: research/a2-type-kernels-have-no-small-non-up-pairs.md: artifact not found: experiments/a2-non-up-2026-09-17/a2group.py (want a working-tree path or a <rev>:<path> pin)
ERROR: research/a2-type-kernels-have-no-small-non-up-pairs.md: artifact not found: experiments/a2-non-up-2026-09-17/summarize.py (want a working-tree path or a <rev>:<path> pin)
ERROR: research/a2-type-kernels-have-no-small-non-up-pairs.md: artifact not found: experiments/a2-non-up-2026-09-17/presentations_q2_all.json (want a working-tree path or a <rev>:<path> pin)
ERROR: research/a2-type-kernels-have-no-small-non-up-pairs.md: artifact not found: experiments/a2-non-up-2026-09-17/presentations_q3.json (want a working-tree path or a <rev>:<path> pin)
ERROR: research/a2-type-kernels-have-no-small-non-up-pairs.md: artifact not found: experiments/a2-non-up-2026-09-17/runs/control-q3-full-r11.jsonl (want a working-tree path or a <rev>:<path> pin)
ERROR: research/a2-type-kernels-have-no-small-non-up-pairs.md: artifact not found: experiments/a2-non-up-2026-09-17/runs/control-q2-full-r11.jsonl (want a working-tree path or a <rev>:<path> pin)
ERROR: research/a2-type-kernels-have-no-small-non-up-pairs.md: artifact not found: experiments/a2-non-up-2026-09-17/runs/q3-gamma0-r22.jsonl (want a working-tree path or a <rev>:<path> pin)
ERROR: research/a2-type-kernels-have-no-small-non-up-pairs.md: artifact not found: experiments/a2-non-up-2026-09-17/runs/q2-gamma0-r33.jsonl (want a working-tree path or a <rev>:<path> pin)
ERROR: research/a2-type-kernels-have-no-small-non-up-pairs.md: artifact not found: experiments/a2-non-up-2026-09-17/runs/q3-gamma0-r23.jsonl (want a working-tree path or a <rev>:<path> pin)
ERROR: research/a2-type-kernels-no-unique-product-census-proof.md: artifact not found: experiments/a2-non-up-2026-09-17/up_a2.py (want a working-tree path or a <rev>:<path> pin)
ERROR: research/a2-type-kernels-no-unique-product-census-proof.md: artifact not found: experiments/a2-non-up-2026-09-17/a2group.py (want a working-tree path or a <rev>:<path> pin)
ERROR: research/a2-type-kernels-no-unique-product-census-proof.md: artifact not found: experiments/a2-non-up-2026-09-17/summarize.py (want a working-tree path or a <rev>:<path> pin)
ERROR: research/a2-type-kernels-no-unique-product-census-proof.md: artifact not found: experiments/a2-non-up-2026-09-17/presentations_q2_all.json (want a working-tree path or a <rev>:<path> pin)
ERROR: research/a2-type-kernels-no-unique-product-census-proof.md: artifact not found: experiments/a2-non-up-2026-09-17/presentations_q3.json (want a working-tree path or a <rev>:<path> pin)
ERROR: research/a3-cone-repairs-to-coboundaries-not-cocycles-proof.md: artifact not found: notes/TRUE_A3_METRIC_CONE_SYNCHRONIZATION.md (want a working-tree path or a <rev>:<path> pin)
ERROR: research/a3-cone-repairs-to-coboundaries-not-cocycles-proof.md: artifact not found: notes/TRUE_AUXILIARY_CONE_RADICAL_WITNESS_NO_GO.md (want a working-tree path or a <rev>:<path> pin)
ERROR: research/a3-cone-repairs-to-coboundaries-not-cocycles.md: artifact not found: notes/TRUE_A3_METRIC_CONE_SYNCHRONIZATION.md (want a working-tree path or a <rev>:<path> pin)
ERROR: research/a3-cone-repairs-to-coboundaries-not-cocycles.md: artifact not found: notes/TRUE_AUXILIARY_CONE_RADICAL_WITNESS_NO_GO.md (want a working-tree path or a <rev>:<path> pin)
ERROR: research/a7a7a8-triangle-candidates-no-4dim-char2-representation-proof.md: artifact not found: experiments/hyperbolic-triangle-search/lin4.py (want a working-tree path or a <rev>:<path> pin)
ERROR: research/a7a7a8-triangle-candidates-no-4dim-char2-representation-proof.md: artifact not found: experiments/hyperbolic-triangle-search/lin4_cands.out (want a working-tree path or a <rev>:<path> pin)
ERROR: research/a7a7a8-triangle-candidates-no-4dim-char2-representation-proof.md: artifact not found: experiments/hyperbolic-triangle-search/lin4_cal.out (want a working-tree path or a <rev>:<path> pin)
ERROR: research/a7a7a8-triangle-candidates-no-small-linear-representation-proof.md: artifact not found: experiments/hyperbolic-triangle-search/linZ.py (want a working-tree path or a <rev>:<path> pin)
ERROR: research/a7a7a8-triangle-candidates-no-small-linear-representation-proof.md: artifact not found: experiments/hyperbolic-triangle-search/linZ_c1.out (want a working-tree path or a <rev>:<path> pin)
ERROR: research/a7a7a8-triangle-candidates-no-small-linear-representation-proof.md: artifact not found: experiments/hyperbolic-triangle-search/linZ_c234.out (want a working-tree path or a <rev>:<path> pin)
ERROR: research/a7a7a8-triangle-candidates-no-small-linear-representation-proof.md: artifact not found: experiments/hyperbolic-triangle-search/linZ_cal.out (want a working-tree path or a <rev>:<path> pin)
ERROR: research/a7a7a8-triangle-candidates-no-small-linear-representation-proof.md: artifact not found: experiments/hyperbolic-triangle-search/linD.py (want a working-tree path or a <rev>:<path> pin)
ERROR: research/a7a7a8-triangle-candidates-no-small-linear-representation-proof.md: artifact not found: experiments/hyperbolic-triangle-search/linD_d6c2_cands.out (want a working-tree path or a <rev>:<path> pin)
ERROR: research/a7a7a8-triangle-candidates-no-small-linear-representation-proof.md: artifact not found: experiments/hyperbolic-triangle-search/lin5.py (want a working-tree path or a <rev>:<path> pin)
ERROR: research/a7a7a8-triangle-candidates-no-small-linear-representation-proof.md: artifact not found: experiments/hyperbolic-triangle-search/lin5_cands.out (want a working-tree path or a <rev>:<path> pin)
ERROR: research/a7a7a8-triangle-candidates-no-small-linear-representation-proof.md: artifact not found: experiments/hyperbolic-triangle-search/lin5_cal.out (want a working-tree path or a <rev>:<path> pin)
ERROR: research/accessible-end-euler-measure-proof.md: artifact not found: experiments/window-zero-enumerations-2026-09-17/end_measure_check.py (want a working-tree path or a <rev>:<path> pin)
ERROR: research/accessible-non-virtually-cyclic-groups-carry-end-euler-measures.md: artifact not found: experiments/window-zero-enumerations-2026-09-17/end_measure_check.py (want a working-tree path or a <rev>:<path> pin)
ERROR: research/accessible-shell-inputs-admit-no-shift-normalizing-enumeration.md: artifact not found: experiments/window-zero-enumerations-2026-09-17/end_measure_check.py (want a working-tree path or a <rev>:<path> pin)
ERROR: research/accessible-shell-shift-normalization-proof.md: artifact not found: experiments/window-zero-enumerations-2026-09-17/end_measure_check.py (want a working-tree path or a <rev>:<path> pin)
ERROR: research/actual-hard-prefix-generates-s4-over-raw-s3.md: artifact not found: experiments/atlas_actual_hard_prefix_finite_packet.py (want a working-tree path or a <rev>:<path> pin)
ERROR: research/actual-hard-prefix-generates-s4-over-raw-s3.md: artifact not found: notes/TRUE_RAW_WORD_S3_TIMES_S3_LOCALIZATION.md (want a working-tree path or a <rev>:<path> pin)
ERROR: research/actual-hard-prefix-generates-s4-over-raw-s3.md: artifact not found: notes/FALSE_HARD_STAR_IS_GROUP_INVERSE.md (want a working-tree path or a <rev>:<path> pin)
ERROR: research/actual-hard-prefix-s4-enumeration-proof.md: artifact not found: experiments/atlas_actual_hard_prefix_finite_packet.py (want a working-tree path or a <rev>:<path> pin)
ERROR: research/actual-mixed-complement-returns-reverse-root.md: artifact not found: experiments/mixed_braid_common_middle_return_audit.py (want a working-tree path or a <rev>:<path> pin)
ERROR: research/acylindrical-hyperlinear-saturation-compiler-proof.md: artifact not found: notes/TORSION_FREE_NORMAL_GENERATION_HULL_QUOTIENT.md (want a working-tree path or a <rev>:<path> pin)
ERROR: research/acylindrical-hyperlinear-saturation-compiler.md: artifact not found: notes/TORSION_FREE_NORMAL_GENERATION_HULL_QUOTIENT.md (want a working-tree path or a <rev>:<path> pin)
ERROR: research/acylindrical-hyperlinear-saturation-compiler.md: artifact not found: GroupApproximation/Sofic/TorsionFreeFullMFRadical.lean (want a working-tree path or a <rev>:<path> pin)
ERROR: research/additive-index-instability-proof.md: artifact not found: notes/FALSE_ADDITIVE_INDEX_TO_FINITE_PHASE_IS_NOT_AMPLIFICATION_STABLE.md (want a working-tree path or a <rev>:<path> pin)
ERROR: research/adian-rabin-transform-for-mf-proof.md: artifact not found: GroupApproximation/Computability/AdianRabinVariantTransform.lean (want a working-tree path or a <rev>:<path> pin)
ERROR: research/adian-rabin-transform-for-mf-proof.md: artifact not found: GroupApproximation/Computability/RawTransform.lean (want a working-tree path or a <rev>:<path> pin)
ERROR: research/adian-rabin-transform-for-mf-proof.md: artifact not found: GroupApproximation/Computability/RawTransformPrimrec.lean (want a working-tree path or a <rev>:<path> pin)
ERROR: research/adian-rabin-transform-for-mf-proof.md: artifact not found: GroupApproximation/Computability/RabinVariantCode.lean (want a working-tree path or a <rev>:<path> pin)
ERROR: research/adian-rabin-transform-for-mf-proof.md: artifact not found: GroupApproximation/Computability/CoprodCode.lean (want a working-tree path or a <rev>:<path> pin)
ERROR: research/adian-rabin-transform-for-mf-proof.md: artifact not found: GroupApproximation/Computability/MarkovReductionInterface.lean (want a working-tree path or a <rev>:<path> pin)
ERROR: research/adian-rabin-transform-for-mf-proof.md: artifact not found: GroupApproximation/Computability/MarkovMFConsequences.lean (want a working-tree path or a <rev>:<path> pin)
ERROR: research/adian-rabin-transform-for-mf.md: artifact not found: non_mf_groups_exist.tex (want a working-tree path or a <rev>:<path> pin)
ERROR: research/adian-rabin-transform-for-mf.md: artifact not found: GroupApproximation/Computability/AdianRabinVariantTransform.lean (want a working-tree path or a <rev>:<path> pin)
ERROR: research/adian-rabin-transform-for-mf.md: artifact not found: GroupApproximation/Computability/RawTransformPrimrec.lean (want a working-tree path or a <rev>:<path> pin)
ERROR: research/adian-rabin-transform-for-mf.md: artifact not found: GroupApproximation/Computability/MarkovMFConsequences.lean (want a working-tree path or a <rev>:<path> pin)
ERROR: research/adian-rabin-transform-for-mf.md: artifact not found: GroupApproximation/Computability/AdianRabinMarkovProperty.lean (want a working-tree path or a <rev>:<path> pin)
ERROR: research/adian-rabin-transform-for-mf.md: artifact not found: GroupApproximation/Computability/CStarRecognitionConsequences.lean (want a working-tree path or a <rev>:<path> pin)
ERROR: research/affine-congruence-source-is-kazhdan-proof.md: artifact not found: GroupApproximation/Sofic/LiteralAffineCongruenceKazhdan.lean (want a working-tree path or a <rev>:<path> pin)
ERROR: research/affine-congruence-source-is-kazhdan-proof.md: artifact not found: GroupApproximation/Sofic/LiteralAffineCongruenceTorsionFree.lean (want a working-tree path or a <rev>:<path> pin)
ERROR: research/affine-congruence-source-is-kazhdan.md: artifact not found: GroupApproximation/Sofic/LiteralAffineCongruenceKazhdan.lean (want a working-tree path or a <rev>:<path> pin)
ERROR: research/affine-congruence-source-is-kazhdan.md: artifact not found: GroupApproximation/Sofic/LiteralAffineCongruenceTorsionFree.lean (want a working-tree path or a <rev>:<path> pin)
ERROR: research/affine-congruence-source-is-kazhdan.md: artifact not found: GroupApproximation/Sofic/LiteralAffineCongruenceSource.lean (want a working-tree path or a <rev>:<path> pin)
ERROR: research/affine-congruence-source-is-kazhdan.md: artifact not found: GroupApproximation/Sofic/LiteralAffineFreeProductSource.lean (want a working-tree path or a <rev>:<path> pin)
ERROR: research/affine-long-code-soundness-counterexample-proof.md: artifact not found: scripts/check_unique_games_affine_soundness.py (want a working-tree path or a <rev>:<path> pin)
ERROR: research/affine-long-code-test-has-no-uniform-soundness.md: artifact not found: scripts/check_unique_games_affine_soundness.py (want a working-tree path or a <rev>:<path> pin)
ERROR: research/affine-relay-label-lift-proof.md: artifact not found: experiments/affine-relay-lifts-2026-09-17/check.py (want a working-tree path or a <rev>:<path> pin)
ERROR: research/affine-relay-label-lifts-descend-to-two-symbols.md: artifact not found: experiments/affine-relay-lifts-2026-09-17/check.py (want a working-tree path or a <rev>:<path> pin)
ERROR: research/affine-scaling-hnn-groups-pairwise-nonisomorphic-proof.md: artifact not found: non_mf_group_notes.tex (want a working-tree path or a <rev>:<path> pin)
ERROR: research/affine-scaling-hnn-groups-pairwise-nonisomorphic.md: artifact not found: non_mf_group_notes.tex (want a working-tree path or a <rev>:<path> pin)
ERROR: research/affine-selector-clifford-rank-swap-balanced.md: artifact not found: experiments/affine_selector_dummy_full_character_audit.py (want a working-tree path or a <rev>:<path> pin)
ERROR: research/affine-selector-clifford-rank-swap-balanced.md: artifact not found: experiments/affine-selector-dummy-full-character.json (want a working-tree path or a <rev>:<path> pin)
ERROR: research/affine-seven-generator-distance-from-rational-factor.md: artifact not found: experiments/sl3-sos-radius0-certificate.npz (want a working-tree path or a <rev>:<path> pin)
ERROR: research/affine-seven-generator-distance-from-rational-factor.md: artifact not found: experiments/verify_affine_hodge_certificate.py (want a working-tree path or a <rev>:<path> pin)
ERROR: research/affine-shift-games-have-vanishing-value.md: artifact not found: scripts/check_unique_games_affine_soundness.py (want a working-tree path or a <rev>:<path> pin)
ERROR: research/affine-shift-games-value-proof.md: artifact not found: scripts/check_unique_games_affine_soundness.py (want a working-tree path or a <rev>:<path> pin)
ERROR: research/affine-view-puncture-cost-collapse-proof.md: artifact not found: experiments/puncture-triples-2026-09-17/check_puncture_triples.py (want a working-tree path or a <rev>:<path> pin)
ERROR: research/affine-view-verifiers-collapse-up-to-puncture-cost.md: artifact not found: experiments/puncture-triples-2026-09-17/check_puncture_triples.py (want a working-tree path or a <rev>:<path> pin)
ERROR: research/agent-mf-hyperlinear-shadow-refutes-corner-route.md: artifact not found: GroupApproximation/Sofic/IntrinsicCompressionMFRadical.lean (want a working-tree path or a <rev>:<path> pin)
ERROR: research/agent-mf-hyperlinear-shadow-refutes-corner-route.md: artifact not found: GroupApproximation/Sofic/OpToHSShadowResidual.lean (want a working-tree path or a <rev>:<path> pin)
ERROR: research/aggregate-morita-common-opposite-return-has-gl3-square-model.md: artifact not found: experiments/aggregate_morita_returned_opposite_fold_audit.py (want a working-tree path or a <rev>:<path> pin)
ERROR: research/ak3-no-short-primitive-relator-certificate.md: artifact not found: experiments/ak3-stable-primitive-search-2026-09-17/pzsearch.c (want a working-tree path or a <rev>:<path> pin)
ERROR: research/ak3-no-short-primitive-relator-certificate.md: artifact not found: experiments/ak3-stable-primitive-search-2026-09-17/pzbest.c (want a working-tree path or a <rev>:<path> pin)
ERROR: research/ak3-no-short-primitive-relator-certificate.md: artifact not found: experiments/ak3-stable-primitive-search-2026-09-17/verify_chain.py (want a working-tree path or a <rev>:<path> pin)
ERROR: research/ak3-no-short-primitive-relator-certificate.md: artifact not found: experiments/ak3-stable-primitive-search-2026-09-17/crosscheck_bfs.py (want a working-tree path or a <rev>:<path> pin)
ERROR: research/ak3-no-short-primitive-relator-certificate.md: artifact not found: experiments/ak3-stable-primitive-search-2026-09-17/crosscheck-caps14-18.log (want a working-tree path or a <rev>:<path> pin)
ERROR: research/ak3-no-short-primitive-relator-certificate.md: artifact not found: experiments/ak3-stable-primitive-search-2026-09-17/ak3-rank3-caps21-26.log (want a working-tree path or a <rev>:<path> pin)
ERROR: research/ak3-no-short-primitive-relator-certificate.md: artifact not found: experiments/ak3-stable-primitive-search-2026-09-17/ak3-rank3-bestfirst-cap38.log (want a working-tree path or a <rev>:<path> pin)
ERROR: research/ak3-no-short-primitive-relator-certificate.md: artifact not found: experiments/ak3-stable-primitive-search-2026-09-17/pzproj.c (want a working-tree path or a <rev>:<path> pin)
ERROR: research/ak3-no-short-primitive-relator-certificate.md: artifact not found: experiments/ak3-stable-primitive-search-2026-09-17/filter_proj.py (want a working-tree path or a <rev>:<path> pin)
ERROR: research/ak3-no-short-primitive-relator-certificate.md: artifact not found: experiments/ak3-stable-primitive-search-2026-09-17/pzsame.c (want a working-tree path or a <rev>:<path> pin)
ERROR: research/ak3-no-short-primitive-relator-certificate.md: artifact not found: experiments/ak3-stable-primitive-search-2026-09-17/ak3-proj-cap20.log (want a working-tree path or a <rev>:<path> pin)
ERROR: research/ak3-no-short-primitive-relator-certificate.md: artifact not found: experiments/ak3-stable-primitive-search-2026-09-17/ak3-proj-caps22-24.log (want a working-tree path or a <rev>:<path> pin)
ERROR: research/ak3-no-short-primitive-relator-certificate.md: artifact not found: experiments/ak3-stable-primitive-search-2026-09-17/ak3-projection-rank2-membership.log (want a working-tree path or a <rev>:<path> pin)
ERROR: research/alternating-family-separated-by-radical.md: artifact not found: GroupApproximation/Algebra/PermutationalWreathSimple.lean (want a working-tree path or a <rev>:<path> pin)
ERROR: research/alternating-free-ring-shears-have-strict-degree-drift-proof.md: artifact not found: experiments/alternating_free_ring_shear_degree.py (want a working-tree path or a <rev>:<path> pin)
ERROR: research/alternating-free-ring-shears-have-strict-degree-drift.md: artifact not found: experiments/alternating_free_ring_shear_degree.py (want a working-tree path or a <rev>:<path> pin)
ERROR: research/alternating-lamp-noncommensurable-family.md: artifact not found: GroupApproximation/Algebra/AlternatingLampNoncommensurable.lean (want a working-tree path or a <rev>:<path> pin)
ERROR: research/alternating-lamp-noncommensurable-family.md: artifact not found: GroupApproximation/Algebra/PermutationalWreathSimple.lean (want a working-tree path or a <rev>:<path> pin)
ERROR: research/alternating-v-full-group-wp-computes-sft-language-proof.md: artifact not found: experiments/hard-minimal-sft-full-groups-2026-09-17/a5_commutator_5cycles.py (want a working-tree path or a <rev>:<path> pin)
ERROR: research/amalgam-edge-compatible-corona-embeddings.md: artifact not found: notes/COMMUTING_LAMP_QUOTIENT_STRUCTURE_AND_MF_FORK_2026-08-14.md (want a working-tree path or a <rev>:<path> pin)
ERROR: research/amalgam-edge-compatible-corona-embeddings.md: artifact not found: notes/LITERAL_GROUP_BLOCK_AMALGAM_STRUCTURE_2026-08-14.md (want a working-tree path or a <rev>:<path> pin)
ERROR: research/amalgam-torsion-permanence-needs-no-cyclic-reduction-proof.md: artifact not found: GroupApproximation/Algebra/PushoutITorsionFree.lean (want a working-tree path or a <rev>:<path> pin)
ERROR: research/amalgam-torsion-permanence-needs-no-cyclic-reduction-proof.md: artifact not found: GroupApproximation/Higman/TorsionFreeImageClosure.lean (want a working-tree path or a <rev>:<path> pin)
ERROR: research/amalgam-torsion-permanence-needs-no-cyclic-reduction.md: artifact not found: GroupApproximation/Algebra/PushoutITorsionFree.lean (want a working-tree path or a <rev>:<path> pin)
ERROR: research/amalgam-torsion-permanence-needs-no-cyclic-reduction.md: artifact not found: GroupApproximation/Higman/AmalgamTorsion.lean (want a working-tree path or a <rev>:<path> pin)
ERROR: research/amalgam-torsion-permanence-needs-no-cyclic-reduction.md: artifact not found: GroupApproximation/Higman/TorsionFreeImageClosure.lean (want a working-tree path or a <rev>:<path> pin)
ERROR: research/amenability-two-generator-recursive-is-pi2-complete.md: artifact not found: GroupApproximation/Computability/FreeSubgroupEnumeratedHardness.lean (want a working-tree path or a <rev>:<path> pin)
ERROR: research/amenability-two-generator-recursive-is-pi2-complete.md: artifact not found: GroupApproximation/Computability/AmenableEnumeratedHardness.lean (want a working-tree path or a <rev>:<path> pin)
ERROR: research/amenable-amalgams-have-mf-full-cstar-citation.md: artifact not found: notes/FINITE_PACKET_SELF_COPY_COLLAPSE.md (want a working-tree path or a <rev>:<path> pin)
ERROR: research/amenable-amalgams-have-mf-full-cstar-citation.md: artifact not found: notes/FALSE_SHULMAN_TRACE_AUDIT.md (want a working-tree path or a <rev>:<path> pin)
ERROR: research/amenable-amalgams-have-mf-full-cstar.md: artifact not found: notes/FINITE_PACKET_SELF_COPY_COLLAPSE.md (want a working-tree path or a <rev>:<path> pin)
ERROR: research/amenable-amalgams-have-mf-full-cstar.md: artifact not found: notes/FALSE_SHULMAN_TRACE_AUDIT.md (want a working-tree path or a <rev>:<path> pin)
ERROR: research/amenable-implies-operator-mf-citation.md: artifact not found: non_mf_groups_exist.tex (want a working-tree path or a <rev>:<path> pin)
ERROR: research/amenable-implies-operator-mf.md: artifact not found: non_mf_groups_exist.tex (want a working-tree path or a <rev>:<path> pin)
ERROR: research/amenable-implies-operator-mf.md: artifact not found: GroupApproximation/Analysis/AmenableQuasidiagonal.lean (want a working-tree path or a <rev>:<path> pin)
ERROR: research/amenable-implies-operator-mf.md: artifact not found: GroupApproximation/Algebra/AmenableMFProof.lean (want a working-tree path or a <rev>:<path> pin)
ERROR: research/amenable-rep-of-kazhdan-has-fd-subrep-proof.md: artifact not found: notes/TRUE_CHARGE_EXTENSION_NEEDS_COAMENABILITY.md (want a working-tree path or a <rev>:<path> pin)
ERROR: research/amenable-rep-of-kazhdan-has-fd-subrep.md: artifact not found: notes/TRUE_CHARGE_EXTENSION_NEEDS_COAMENABILITY.md (want a working-tree path or a <rev>:<path> pin)
ERROR: research/approximation-property-recognition-dichotomy.md: artifact not found: GroupApproximation/Covers/HyperlinearTableCover.lean (want a working-tree path or a <rev>:<path> pin)
ERROR: research/approximation-property-recognition-dichotomy.md: artifact not found: GroupApproximation/Computability/HyperlinearMarkov.lean (want a working-tree path or a <rev>:<path> pin)
ERROR: research/approximation-property-recognition-dichotomy.md: artifact not found: GroupApproximation/Computability/HereditaryRecognitionPhaseDiagram.lean (want a working-tree path or a <rev>:<path> pin)
ERROR: research/approximation-property-recognition-dichotomy.md: artifact not found: GroupApproximation/Computability/HyperlinearRecognitionSecondLevel.lean (want a working-tree path or a <rev>:<path> pin)
ERROR: research/approximation-property-recognition-dichotomy.md: artifact not found: GroupApproximation/Computability/HyperlinearRecognitionHierarchy.lean (want a working-tree path or a <rev>:<path> pin)
ERROR: research/approximation-property-recognition-dichotomy.md: artifact not found: GroupApproximation/Computability/MarkovRecognitionHierarchy.lean (want a working-tree path or a <rev>:<path> pin)
ERROR: research/approximation-radical-calculus-assembly.md: artifact not found: GroupApproximation/Endpoint/ApproximationRadicals.lean (want a working-tree path or a <rev>:<path> pin)
ERROR: research/approximation-radical-calculus-assembly.md: artifact not found: GroupApproximation/Sofic/RadicalAutomorphization.lean (want a working-tree path or a <rev>:<path> pin)
ERROR: research/approximation-radical-calculus.md: artifact not found: GroupApproximation/Endpoint/ApproximationRadicals.lean (want a working-tree path or a <rev>:<path> pin)
ERROR: research/approximation-radical-calculus.md: artifact not found: GroupApproximation/Sofic/RadicalAutomorphization.lean (want a working-tree path or a <rev>:<path> pin)
ERROR: research/arbitrary-benign-witness-need-not-refine-fold-quotients.md: artifact not found: GroupApproximation/Higman/Benign.lean (want a working-tree path or a <rev>:<path> pin)
ERROR: research/arbitrary-forbidden-seed-hereditary-property-switch.md: artifact not found: GroupApproximation/Computability/HereditaryPropertySwitchCompleteness.lean (want a working-tree path or a <rev>:<path> pin)
ERROR: research/arbitrary-forbidden-seed-hereditary-property-switch.md: artifact not found: GroupApproximation/Computability/ParametricRecursiveSwitchPresentation.lean (want a working-tree path or a <rev>:<path> pin)
ERROR: research/arbitrary-forbidden-seed-hereditary-property-switch.md: artifact not found: GroupApproximation/Computability/ParametricFinInfSwitch.lean (want a working-tree path or a <rev>:<path> pin)
ERROR: research/arbitrary-traced-coordinate-transport-fails-proof.md: artifact not found: non_mf_groups_exist.tex (want a working-tree path or a <rev>:<path> pin)
ERROR: research/arbitrary-traced-coordinate-transport-fails.md: artifact not found: non_mf_groups_exist.tex (want a working-tree path or a <rev>:<path> pin)
ERROR: research/arithmetic-a5-near-group-is-not-finitely-presented.md: artifact not found: experiments/shell-odometer-near-group-2026-09-17/odom.py (want a working-tree path or a <rev>:<path> pin)
ERROR: research/arithmetic-a5-near-group-is-not-finitely-presented.md: artifact not found: experiments/shell-odometer-near-group-2026-09-17/verify_abelian_rank.py (want a working-tree path or a <rev>:<path> pin)
ERROR: research/arithmetic-a5-near-group-not-fp-proof.md: artifact not found: experiments/shell-odometer-near-group-2026-09-17/odom.py (want a working-tree path or a <rev>:<path> pin)
ERROR: research/arithmetic-a5-near-group-not-fp-proof.md: artifact not found: experiments/shell-odometer-near-group-2026-09-17/verify_abelian_rank.py (want a working-tree path or a <rev>:<path> pin)
ERROR: research/arithmetic-single-defect-saturation-proof.md: artifact not found: GroupApproximation/Sofic/SingleDefectSaturation.lean (want a working-tree path or a <rev>:<path> pin)
ERROR: research/arithmetic-single-defect-saturation-proof.md: artifact not found: GroupApproximation/Sofic/BareDefectSource.lean (want a working-tree path or a <rev>:<path> pin)
ERROR: research/arithmetic-single-defect-saturation-proof.md: artifact not found: GroupApproximation/Sofic/LiteralAffineCongruenceSource.lean (want a working-tree path or a <rev>:<path> pin)
ERROR: research/arithmetic-single-defect-saturation.md: artifact not found: GroupApproximation/Sofic/SingleDefectSaturation.lean (want a working-tree path or a <rev>:<path> pin)
ERROR: research/arithmetic-single-defect-saturation.md: artifact not found: GroupApproximation/Sofic/BareDefectSource.lean (want a working-tree path or a <rev>:<path> pin)
ERROR: research/arithmetic-single-defect-saturation.md: artifact not found: GroupApproximation/Sofic/LiteralAffineCongruenceSource.lean (want a working-tree path or a <rev>:<path> pin)
ERROR: research/arithmetic-star-packet-carrier-proof.md: artifact not found: notes/FINITE_PACKET_SELF_COPY_COLLAPSE.md (want a working-tree path or a <rev>:<path> pin)
ERROR: research/arithmetic-star-packet-carrier-proof.md: artifact not found: notes/ARITHMETIC_STAR_PACKET_HYPERLINEAR_AUDIT.md (want a working-tree path or a <rev>:<path> pin)
ERROR: research/arithmetic-star-packet-carrier.md: artifact not found: notes/FINITE_PACKET_SELF_COPY_COLLAPSE.md (want a working-tree path or a <rev>:<path> pin)
ERROR: research/arithmetic-star-packet-carrier.md: artifact not found: notes/ARITHMETIC_STAR_PACKET_HYPERLINEAR_AUDIT.md (want a working-tree path or a <rev>:<path> pin)
ERROR: research/arithmetic-star-packet-carrier.md: artifact not found: GroupApproximation/Sofic/LiteralAffineCongruenceSource.lean (want a working-tree path or a <rev>:<path> pin)
ERROR: research/arithmetic-star-packet-fiber-clique-action-sofic-proof.md: artifact not found: GroupApproximation/Sofic/AscendingHNNCosetActionSofic.lean (want a working-tree path or a <rev>:<path> pin)
ERROR: research/arithmetic-star-packet-fiber-clique-action-sofic-proof.md: artifact not found: GroupApproximation/Sofic/SoficActionFiniteOrbits.lean (want a working-tree path or a <rev>:<path> pin)
ERROR: research/arithmetic-star-packet-fiber-clique-action-sofic-proof.md: artifact not found: GroupApproximation/Sofic/SoficActionCyclicExtension.lean (want a working-tree path or a <rev>:<path> pin)
ERROR: research/arithmetic-star-packet-fiber-clique-action-sofic-proof.md: artifact not found: GroupApproximation/Sofic/MappingTelescopeFiniteOrbits.lean (want a working-tree path or a <rev>:<path> pin)
ERROR: research/arithmetic-star-packet-fiber-clique-action-sofic.md: artifact not found: GroupApproximation/Sofic/AscendingHNNCosetActionSofic.lean (want a working-tree path or a <rev>:<path> pin)
ERROR: research/arithmetic-star-packet-fiber-clique-action-sofic.md: artifact not found: GroupApproximation/Sofic/SoficActionCyclicExtension.lean (want a working-tree path or a <rev>:<path> pin)
ERROR: research/arithmetic-star-packet-fiber-clique-action-sofic.md: artifact not found: GroupApproximation/Sofic/MappingTelescopeFiniteOrbits.lean (want a working-tree path or a <rev>:<path> pin)
ERROR: research/arithmetic-star-packet-fiber-clique-action-sofic.md: artifact not found: notes/ARITHMETIC_STAR_PACKET_HYPERLINEAR_AUDIT.md (want a working-tree path or a <rev>:<path> pin)
ERROR: research/arithmetic-star-packet-host-splits-inner-action-gauge-proof.md: artifact not found: notes/ARITHMETIC_STAR_PACKET_HYPERLINEAR_AUDIT.md (want a working-tree path or a <rev>:<path> pin)
ERROR: research/arithmetic-star-packet-host-splits-inner-action-gauge.md: artifact not found: notes/ARITHMETIC_STAR_PACKET_HYPERLINEAR_AUDIT.md (want a working-tree path or a <rev>:<path> pin)
ERROR: research/arithmetic-star-packet-hs-plancherel-anchor-proof.md: artifact not found: notes/ARITHMETIC_STAR_PACKET_HYPERLINEAR_AUDIT.md (want a working-tree path or a <rev>:<path> pin)
ERROR: research/arithmetic-star-packet-hs-plancherel-anchor.md: artifact not found: notes/ARITHMETIC_STAR_PACKET_HYPERLINEAR_AUDIT.md (want a working-tree path or a <rev>:<path> pin)
ERROR: research/arithmetic-star-packet-hs-wall-placement.md: artifact not found: notes/ARITHMETIC_STAR_PACKET_HYPERLINEAR_AUDIT.md (want a working-tree path or a <rev>:<path> pin)
ERROR: research/arithmetic-star-packet-is-sofic.md: artifact not found: notes/FINITE_PACKET_SELF_COPY_COLLAPSE.md (want a working-tree path or a <rev>:<path> pin)
ERROR: research/arithmetic-star-packet-is-sofic.md: artifact not found: notes/ARITHMETIC_STAR_PACKET_HYPERLINEAR_AUDIT.md (want a working-tree path or a <rev>:<path> pin)
ERROR: research/arithmetic-star-packet-non-mf-proof.md: artifact not found: notes/FINITE_PACKET_SELF_COPY_COLLAPSE.md (want a working-tree path or a <rev>:<path> pin)
ERROR: research/arithmetic-star-packet-non-mf-proof.md: artifact not found: GroupApproximation/Sofic/LiteralAffineCongruenceSource.lean (want a working-tree path or a <rev>:<path> pin)
ERROR: research/arithmetic-star-packet-non-mf-proof.md: artifact not found: GroupApproximation/Sofic/LiteralAffineCongruenceKazhdan.lean (want a working-tree path or a <rev>:<path> pin)
ERROR: research/arithmetic-star-packet-non-mf-proof.md: artifact not found: GroupApproximation/Sofic/LiteralAffineCongruenceTorsionFree.lean (want a working-tree path or a <rev>:<path> pin)
ERROR: research/arithmetic-star-packet-non-mf.md: artifact not found: notes/FINITE_PACKET_SELF_COPY_COLLAPSE.md (want a working-tree path or a <rev>:<path> pin)
ERROR: research/arithmetic-star-packet-non-mf.md: artifact not found: GroupApproximation/Sofic/LiteralAffineCongruenceSource.lean (want a working-tree path or a <rev>:<path> pin)
ERROR: research/arithmetic-star-packet-non-mf.md: artifact not found: GroupApproximation/Sofic/LiteralAffineCongruenceKazhdan.lean (want a working-tree path or a <rev>:<path> pin)
ERROR: research/arithmetic-star-packet-non-mf.md: artifact not found: GroupApproximation/Sofic/LiteralAffineCongruenceTorsionFree.lean (want a working-tree path or a <rev>:<path> pin)
ERROR: research/arithmetical-complexity-table-of-group-properties.md: artifact not found: GroupApproximation/Computability/ArithmeticalLedgerEndpoint.lean (want a working-tree path or a <rev>:<path> pin)
ERROR: research/arithmetical-complexity-table-of-group-properties.md: artifact not found: GroupApproximation/Computability/FreeSubgroupEnumeratedHardness.lean (want a working-tree path or a <rev>:<path> pin)
ERROR: research/arithmetical-complexity-table-of-group-properties.md: artifact not found: GroupApproximation/Computability/TorsionFreeEnumeratedHardness.lean (want a working-tree path or a <rev>:<path> pin)
ERROR: research/arithmetical-complexity-table-of-group-properties.md: artifact not found: GroupApproximation/Computability/AbelianEnumeratedPi02.lean (want a working-tree path or a <rev>:<path> pin)
ERROR: research/arithmetical-complexity-table-of-group-properties.md: artifact not found: GroupApproximation/Computability/TrivialEnumeratedPi02.lean (want a working-tree path or a <rev>:<path> pin)
ERROR: research/arithmetical-complexity-table-of-group-properties.md: artifact not found: GroupApproximation/Computability/ElementaryEnumeratedHardness.lean (want a working-tree path or a <rev>:<path> pin)
ERROR: research/arithmetical-complexity-table-of-group-properties.md: artifact not found: GroupApproximation/Computability/IsoInvariantSwitchHardness.lean (want a working-tree path or a <rev>:<path> pin)
ERROR: research/arithmetical-complexity-table-of-group-properties.md: artifact not found: GroupApproximation/Computability/AmenableEnumeratedHardness.lean (want a working-tree path or a <rev>:<path> pin)
ERROR: research/arithmetical-complexity-table-of-group-properties.md: artifact not found: GroupApproximation/Computability/HyperlinearEnumeratedHardness.lean (want a working-tree path or a <rev>:<path> pin)
ERROR: research/arithmetical-complexity-table-of-group-properties.md: artifact not found: GroupApproximation/Computability/RFEnumeratedHardness.lean (want a working-tree path or a <rev>:<path> pin)
ERROR: research/arithmetical-complexity-table-of-group-properties.md: artifact not found: GroupApproximation/Computability/RFPresentationPi02.lean (want a working-tree path or a <rev>:<path> pin)
ERROR: research/arithmetical-complexity-table-of-group-properties.md: artifact not found: GroupApproximation/Computability/HyperlinearUndecidabilityRoute.lean (want a working-tree path or a <rev>:<path> pin)
ERROR: research/arithmetical-complexity-table-of-group-properties.md: artifact not found: GroupApproximation/Computability/ProfinitelyClosedIndexSet.lean (want a working-tree path or a <rev>:<path> pin)
ERROR: research/arithmetical-complexity-table-of-group-properties.md: artifact not found: GroupApproximation/Computability/LEFEnumeratedPi02.lean (want a working-tree path or a <rev>:<path> pin)
ERROR: research/arithmetical-complexity-table-of-group-properties.md: artifact not found: GroupApproximation/Computability/SoficEnumeratedPi02.lean (want a working-tree path or a <rev>:<path> pin)
WARNING: research/artin-twisted-bt-fp-host-via-own-finite-presentation.md: prerequisite every-artin-self-twisted-bt-group-is-finitely-presented reads like a restatement of target every-artin-twisted-brin-thompson-group-embeds-in-fp-group; if the route only renames the problem, replace the prerequisite with one that can independently fail
ERROR: research/ascending-hnn-action-iff-iterated-cosets-proof.md: artifact not found: GroupApproximation/Sofic/AscendingHNNSoficDescent.lean (want a working-tree path or a <rev>:<path> pin)
ERROR: research/ascending-hnn-action-iff-iterated-cosets-proof.md: artifact not found: GroupApproximation/Sofic/SoficActionCyclicExtension.lean (want a working-tree path or a <rev>:<path> pin)
ERROR: research/ascending-hnn-action-iff-iterated-cosets.md: artifact not found: GroupApproximation/Sofic/AscendingHNNSoficDescent.lean (want a working-tree path or a <rev>:<path> pin)
ERROR: research/ascending-hnn-action-iff-iterated-cosets.md: artifact not found: GroupApproximation/Sofic/SoficActionCyclicExtension.lean (want a working-tree path or a <rev>:<path> pin)
ERROR: research/ascending-hnn-coset-ray-is-folner-proof.md: artifact not found: GroupApproximation/Sofic/AscendingHNNFolner.lean (want a working-tree path or a <rev>:<path> pin)
ERROR: research/ascending-hnn-coset-ray-is-folner.md: artifact not found: GroupApproximation/Sofic/AscendingHNNFolner.lean (want a working-tree path or a <rev>:<path> pin)
ERROR: research/atlas-14-core-q19243-gl5-countermodel-proof.md: artifact not found: experiments/atlas_a4_gl5_core_collision_countermodel.py (want a working-tree path or a <rev>:<path> pin)
ERROR: research/atlas-14-core-q19243-gl5-countermodel.md: artifact not found: experiments/atlas_a4_gl5_core_collision_countermodel.py (want a working-tree path or a <rev>:<path> pin)
ERROR: research/atlas-14-core-q19243-gl5-countermodel.md: artifact not found: experiments/atlas_a4_gl5_packet_screen.py (want a working-tree path or a <rev>:<path> pin)
ERROR: research/atlas-19243-centrality-forces-s3-distance-proof.md: artifact not found: experiments/atlas_19243_s3_gap.py (want a working-tree path or a <rev>:<path> pin)
ERROR: research/atlas-19243-centrality-forces-s3-distance.md: artifact not found: experiments/atlas_19243_s3_gap.py (want a working-tree path or a <rev>:<path> pin)
ERROR: research/atlas-19243-centrality-is-bar-s-consequence.md: artifact not found: notes/EXPLICIT_LEAVITT_ATLAS.md (want a working-tree path or a <rev>:<path> pin)
ERROR: research/atlas-19243-centrality-is-bar-s-consequence.md: artifact not found: notes/ATLAS_BOUNDARY_RANK_THREE_EXACT_AUDIT.md (want a working-tree path or a <rev>:<path> pin)
ERROR: research/atlas-19243-centrality-is-bar-s-consequence.md: artifact not found: experiments/atlas-word-19243.json (want a working-tree path or a <rev>:<path> pin)
ERROR: research/atlas-19243-relation-forces-s3-distance-proof.md: artifact not found: experiments/atlas_19243_s3_gap.py (want a working-tree path or a <rev>:<path> pin)
ERROR: research/atlas-19243-relation-forces-s3-distance.md: artifact not found: experiments/atlas_19243_s3_gap.py (want a working-tree path or a <rev>:<path> pin)
ERROR: research/atlas-19243-s3-relative-normal-form-proof.md: artifact not found: experiments/atlas-word-19243.json (want a working-tree path or a <rev>:<path> pin)
ERROR: research/atlas-19243-s3-relative-normal-form-proof.md: artifact not found: experiments/atlas_19243_s3_relative.py (want a working-tree path or a <rev>:<path> pin)
ERROR: research/atlas-19243-s3-relative-normal-form.md: artifact not found: experiments/atlas-word-19243.json (want a working-tree path or a <rev>:<path> pin)
ERROR: research/atlas-19243-s3-relative-normal-form.md: artifact not found: experiments/atlas_19243_s3_relative.py (want a working-tree path or a <rev>:<path> pin)
ERROR: research/atlas-a10-first-core-cycle-collapses-proof.md: artifact not found: experiments/atlas_a4_first_cycle_triangle_completion.g (want a working-tree path or a <rev>:<path> pin)
ERROR: research/atlas-a10-first-core-cycle-collapses.md: artifact not found: experiments/atlas_a4_first_cycle_triangle_completion.g (want a working-tree path or a <rev>:<path> pin)
ERROR: research/atlas-a10-natural-padding-fails-next-core-edge-proof.md: artifact not found: experiments/atlas_a4_a10_first_chart_extension.g (want a working-tree path or a <rev>:<path> pin)
ERROR: research/atlas-a10-natural-padding-fails-next-core-edge-proof.md: artifact not found: experiments/atlas_a4_a10_next_core_overgroup.g (want a working-tree path or a <rev>:<path> pin)
ERROR: research/atlas-a10-natural-padding-fails-next-core-edge.md: artifact not found: experiments/atlas_a4_a10_first_chart_extension.g (want a working-tree path or a <rev>:<path> pin)
ERROR: research/atlas-a10-natural-padding-fails-next-core-edge.md: artifact not found: experiments/atlas_a4_a10_next_core_overgroup.g (want a working-tree path or a <rev>:<path> pin)
ERROR: research/atlas-a4-19243-classical-collapse-proof.md: artifact not found: experiments/atlas_triangle_19243_packet.py (want a working-tree path or a <rev>:<path> pin)
ERROR: research/atlas-a4-19243-classical-collapse.md: artifact not found: experiments/atlas_triangle_19243_packet.py (want a working-tree path or a <rev>:<path> pin)
ERROR: research/atlas-a4-19243-parabolic-normal-closure.md: artifact not found: experiments/atlas_a4_19243_normal_closure.py (want a working-tree path or a <rev>:<path> pin)
ERROR: research/atlas-a4-19243-parabolic-subgroup-ladder-proof.md: artifact not found: experiments/atlas_a4_19243_parabolic_ladder.py (want a working-tree path or a <rev>:<path> pin)
ERROR: research/atlas-a4-19243-parabolic-subgroup-ladder.md: artifact not found: experiments/atlas_a4_19243_parabolic_ladder.py (want a working-tree path or a <rev>:<path> pin)
ERROR: research/atlas-a4-19243-s3xs3-localization-proof.md: artifact not found: experiments/atlas_a4_19243_component_localization.py (want a working-tree path or a <rev>:<path> pin)
ERROR: research/atlas-a4-19243-s3xs3-localization.md: artifact not found: experiments/atlas_a4_19243_component_localization.py (want a working-tree path or a <rev>:<path> pin)
ERROR: research/atlas-a4-19243-s3xs3-localization.md: artifact not found: experiments/atlas_19243_s3_relative.py (want a working-tree path or a <rev>:<path> pin)
ERROR: research/atlas-a4-aligned-component-generation-ladder-proof.md: artifact not found: experiments/atlas_a4_reference_alignment.py (want a working-tree path or a <rev>:<path> pin)
ERROR: research/atlas-a4-aligned-component-generation-ladder.md: artifact not found: experiments/atlas_a4_reference_alignment.py (want a working-tree path or a <rev>:<path> pin)
ERROR: research/atlas-a4-alignment-moment-simplex-rounding.md: artifact not found: experiments/atlas_triangle_19243_classical_gap.py (want a working-tree path or a <rev>:<path> pin)
ERROR: research/atlas-a4-classical-collision-gap-one-fifth-proof.md: artifact not found: experiments/atlas_triangle_19243_classical_gap.py (want a working-tree path or a <rev>:<path> pin)
ERROR: research/atlas-a4-classical-collision-gap-one-fifth-proof.md: artifact not found: experiments/atlas-word-19243.json (want a working-tree path or a <rev>:<path> pin)
ERROR: research/atlas-a4-classical-collision-gap-one-fifth.md: artifact not found: experiments/atlas_triangle_19243_classical_gap.py (want a working-tree path or a <rev>:<path> pin)
ERROR: research/atlas-a4-classical-collision-gap-one-fifth.md: artifact not found: experiments/atlas-word-19243.json (want a working-tree path or a <rev>:<path> pin)
ERROR: research/atlas-a4-classical-mixture-trace-separator.md: artifact not found: experiments/atlas_triangle_19243_classical_gap.py (want a working-tree path or a <rev>:<path> pin)
ERROR: research/atlas-a4-classical-mixture-trace-separator.md: artifact not found: experiments/atlas-word-19243.json (want a working-tree path or a <rev>:<path> pin)
ERROR: research/atlas-a4-classical-opaque-star-sharp-constant-proof.md: artifact not found: experiments/atlas_a4_opaque_star_regular_screen.py (want a working-tree path or a <rev>:<path> pin)
ERROR: research/atlas-a4-classical-opaque-star-sharp-constant.md: artifact not found: experiments/atlas_a4_opaque_star_regular_screen.py (want a working-tree path or a <rev>:<path> pin)
ERROR: research/atlas-a4-classical-two-holonomy-profile.md: artifact not found: experiments/atlas_a4_classical_two_holonomy_profile.py (want a working-tree path or a <rev>:<path> pin)
ERROR: research/atlas-a4-classical-two-holonomy-profile.md: artifact not found: experiments/atlas-a4-classical-two-holonomy-profile.json (want a working-tree path or a <rev>:<path> pin)
ERROR: research/atlas-a4-collision-assisted-opaque-star-compiler.md: artifact not found: experiments/atlas_a8_minimal_transvection_cycle.py (want a working-tree path or a <rev>:<path> pin)
ERROR: research/atlas-a4-collision-assisted-opaque-star-compiler.md: artifact not found: experiments/atlas_a4_19243_normal_closure.py (want a working-tree path or a <rev>:<path> pin)
ERROR: research/atlas-a4-four-cycle-dirichlet-compiler.md: artifact not found: experiments/atlas_a4_classical_two_holonomy_profile.py (want a working-tree path or a <rev>:<path> pin)
ERROR: research/atlas-a4-four-cycle-dirichlet-compiler.md: artifact not found: experiments/atlas_a8_four_cycle_raw_s3.py (want a working-tree path or a <rev>:<path> pin)
ERROR: research/atlas-a4-four-cycle-dirichlet-compiler.md: artifact not found: experiments/atlas-word-19243.json (want a working-tree path or a <rev>:<path> pin)
ERROR: research/atlas-a4-four-cycle-trace-compiler.md: artifact not found: experiments/atlas_a4_classical_two_holonomy_profile.py (want a working-tree path or a <rev>:<path> pin)
ERROR: research/atlas-a4-four-cycle-trace-compiler.md: artifact not found: experiments/atlas_a8_four_cycle_raw_s3.py (want a working-tree path or a <rev>:<path> pin)
ERROR: research/atlas-a4-four-cycle-trace-compiler.md: artifact not found: experiments/atlas-word-19243.json (want a working-tree path or a <rev>:<path> pin)
ERROR: research/atlas-a4-full-packet-normal-generator-holonomy-compiler.md: artifact not found: experiments/atlas_a4_19243_normal_closure.py (want a working-tree path or a <rev>:<path> pin)
ERROR: research/atlas-a4-full-packet-normal-generator-table-compiler.md: artifact not found: experiments/atlas_a4_19243_normal_closure.py (want a working-tree path or a <rev>:<path> pin)
ERROR: research/atlas-a4-gl5-dual-packet-collision-screen-proof.md: artifact not found: experiments/atlas_a4_gl5_packet_screen.py (want a working-tree path or a <rev>:<path> pin)
ERROR: research/atlas-a4-gl5-dual-packet-collision-screen-proof.md: artifact not found: experiments/atlas-a4-gl5-dual-packet-collision-screen.json (want a working-tree path or a <rev>:<path> pin)
ERROR: research/atlas-a4-gl5-dual-packet-collision-screen.md: artifact not found: experiments/atlas_a4_gl5_packet_screen.py (want a working-tree path or a <rev>:<path> pin)
ERROR: research/atlas-a4-gl5-dual-packet-collision-screen.md: artifact not found: experiments/atlas-a4-gl5-dual-packet-collision-screen.json (want a working-tree path or a <rev>:<path> pin)
ERROR: research/atlas-a4-gl5-packet-collision-screen-proof.md: artifact not found: experiments/atlas_a4_gl5_packet_screen.py (want a working-tree path or a <rev>:<path> pin)
ERROR: research/atlas-a4-gl5-packet-collision-screen.md: artifact not found: experiments/atlas_a4_gl5_packet_screen.py (want a working-tree path or a <rev>:<path> pin)
ERROR: research/atlas-a4-gl5-packet-collision-screen.md: artifact not found: experiments/atlas-a4-gl5-two-holonomy-profile.json (want a working-tree path or a <rev>:<path> pin)
ERROR: research/atlas-a4-gl5-two-holonomy-readout-proof.md: artifact not found: experiments/atlas_a4_gl5_packet_screen.py (want a working-tree path or a <rev>:<path> pin)
ERROR: research/atlas-a4-gl5-two-holonomy-readout-proof.md: artifact not found: experiments/atlas-a4-gl5-two-holonomy-profile.json (want a working-tree path or a <rev>:<path> pin)
ERROR: research/atlas-a4-gl5-two-holonomy-readout.md: artifact not found: experiments/atlas_a4_gl5_packet_screen.py (want a working-tree path or a <rev>:<path> pin)
ERROR: research/atlas-a4-gl5-two-holonomy-readout.md: artifact not found: experiments/atlas-a4-gl5-two-holonomy-profile.json (want a working-tree path or a <rev>:<path> pin)
ERROR: research/atlas-a4-holonomy-coherence-gap.md: artifact not found: experiments/atlas-word-19243.json (want a working-tree path or a <rev>:<path> pin)
ERROR: research/atlas-a4-holonomy-coherence-gap.md: artifact not found: experiments/atlas_triangle_19243_packet.py (want a working-tree path or a <rev>:<path> pin)
ERROR: research/atlas-a4-holonomy-coherence-gap.md: artifact not found: experiments/atlas_a4_packet_generation.py (want a working-tree path or a <rev>:<path> pin)
ERROR: research/atlas-a4-m23-packet-double-coset-screen-proof.md: artifact not found: experiments/atlas_a4_m23_packet_scan.py (want a working-tree path or a <rev>:<path> pin)
ERROR: research/atlas-a4-m23-packet-double-coset-screen-proof.md: artifact not found: experiments/atlas-a4-m23-packet-screen.json (want a working-tree path or a <rev>:<path> pin)
ERROR: research/atlas-a4-m23-packet-double-coset-screen.md: artifact not found: experiments/atlas_a4_m23_packet_scan.py (want a working-tree path or a <rev>:<path> pin)
ERROR: research/atlas-a4-m23-packet-double-coset-screen.md: artifact not found: experiments/atlas-a4-m23-packet-screen.json (want a working-tree path or a <rev>:<path> pin)
ERROR: research/atlas-a4-outer-extremizer-normal-profile.md: artifact not found: experiments/atlas_a4_outer_extremizer_structure.py (want a working-tree path or a <rev>:<path> pin)
ERROR: research/atlas-a4-outer-extremizer-normal-profile.md: artifact not found: experiments/atlas-a4-outer-extremizer-structure.json (want a working-tree path or a <rev>:<path> pin)
ERROR: research/atlas-a4-packet-alone-fails-opaque-star-proof.md: artifact not found: experiments/atlas_a4_opaque_star_regular_screen.py (want a working-tree path or a <rev>:<path> pin)
ERROR: research/atlas-a4-packet-alone-fails-opaque-star.md: artifact not found: experiments/atlas_a4_opaque_star_regular_screen.py (want a working-tree path or a <rev>:<path> pin)
ERROR: research/atlas-a4-packet-biclique-decomposition-proof.md: artifact not found: experiments/atlas_a4_packet_component_audit.py (want a working-tree path or a <rev>:<path> pin)
ERROR: research/atlas-a4-packet-biclique-decomposition.md: artifact not found: experiments/atlas_a4_packet_component_audit.py (want a working-tree path or a <rev>:<path> pin)
ERROR: research/atlas-a4-packet-centralizer-product-compiler-proof.md: artifact not found: experiments/atlas_a4_reference_alignment.py (want a working-tree path or a <rev>:<path> pin)
ERROR: research/atlas-a4-packet-centralizer-product-compiler.md: artifact not found: experiments/atlas_a4_reference_alignment.py (want a working-tree path or a <rev>:<path> pin)
ERROR: research/atlas-a4-packet-collision-quotient-audit.md: artifact not found: experiments/atlas_a4_packet_19243_quotient.py (want a working-tree path or a <rev>:<path> pin)
ERROR: research/atlas-a4-packet-commutant-synchronization-proof.md: artifact not found: experiments/atlas_a4_packet_generation.py (want a working-tree path or a <rev>:<path> pin)
ERROR: research/atlas-a4-packet-letters-generate-both-a8-charts-proof.md: artifact not found: experiments/atlas_a4_packet_generation.py (want a working-tree path or a <rev>:<path> pin)
ERROR: research/atlas-a4-packet-letters-generate-both-a8-charts.md: artifact not found: experiments/atlas_a4_packet_generation.py (want a working-tree path or a <rev>:<path> pin)
ERROR: research/atlas-a4-rank-three-core-proof.md: artifact not found: experiments/atlas_a4_rank_three_core.py (want a working-tree path or a <rev>:<path> pin)
ERROR: research/atlas-a4-rank-three-core.md: artifact not found: experiments/atlas_a4_rank_three_core.py (want a working-tree path or a <rev>:<path> pin)
ERROR: research/atlas-a4-sp6-packet-collision-screen-proof.md: artifact not found: experiments/atlas_a4_sp6_packet_scan.py (want a working-tree path or a <rev>:<path> pin)
ERROR: research/atlas-a4-sp6-packet-collision-screen-proof.md: artifact not found: experiments/atlas-a4-sp6-packet-collision-scan.json (want a working-tree path or a <rev>:<path> pin)
ERROR: research/atlas-a4-sp6-packet-collision-screen.md: artifact not found: experiments/atlas_a4_sp6_packet_scan.py (want a working-tree path or a <rev>:<path> pin)
ERROR: research/atlas-a4-sp6-packet-collision-screen.md: artifact not found: experiments/atlas-a4-sp6-packet-collision-scan.json (want a working-tree path or a <rev>:<path> pin)
ERROR: research/atlas-a4-t30-energy-ceiling-below-q14-wall.md: artifact not found: experiments/atlas_q14_t30_wall.py (want a working-tree path or a <rev>:<path> pin)
ERROR: research/atlas-a4-t30-energy-ceiling-below-q14-wall.md: artifact not found: experiments/atlas_triangle_19243_packet.py (want a working-tree path or a <rev>:<path> pin)
ERROR: research/atlas-a4-t30-energy-ceiling-below-q14-wall.md: artifact not found: experiments/atlas_a4_gl5_packet_screen.py (want a working-tree path or a <rev>:<path> pin)
ERROR: research/atlas-a4-three-moment-classical-separator.md: artifact not found: experiments/atlas_triangle_19243_two_context_gap.py (want a working-tree path or a <rev>:<path> pin)
ERROR: research/atlas-a4-three-moment-classical-separator.md: artifact not found: experiments/atlas-word-19243.json (want a working-tree path or a <rev>:<path> pin)
ERROR: research/atlas-a4-three-word-amplified-gap.md: artifact not found: experiments/atlas_triangle_19243_two_context_gap.py (want a working-tree path or a <rev>:<path> pin)
ERROR: research/atlas-a4-three-word-amplified-gap.md: artifact not found: experiments/atlas-word-19243.json (want a working-tree path or a <rev>:<path> pin)
ERROR: research/atlas-a4-two-c3-line-angle-proof.md: artifact not found: experiments/atlas_a4_c3_line_connection_spectrum.py (want a working-tree path or a <rev>:<path> pin)
ERROR: research/atlas-a4-two-c3-line-carriers-have-exact-angle-gap.md: artifact not found: experiments/atlas_a4_c3_line_connection_spectrum.py (want a working-tree path or a <rev>:<path> pin)
ERROR: research/atlas-a4-two-context-collision-gap-proof.md: artifact not found: experiments/atlas_triangle_19243_two_context_gap.py (want a working-tree path or a <rev>:<path> pin)
ERROR: research/atlas-a4-two-context-collision-gap-proof.md: artifact not found: experiments/atlas-word-19243.json (want a working-tree path or a <rev>:<path> pin)
ERROR: research/atlas-a4-two-context-collision-gap.md: artifact not found: experiments/atlas_triangle_19243_two_context_gap.py (want a working-tree path or a <rev>:<path> pin)
ERROR: research/atlas-a4-two-context-collision-gap.md: artifact not found: experiments/atlas-word-19243.json (want a working-tree path or a <rev>:<path> pin)
ERROR: research/atlas-a5-collision-seam-proof.md: artifact not found: experiments/atlas_a4_a5_atlas_nondevelopable.py (want a working-tree path or a <rev>:<path> pin)
ERROR: research/atlas-a5-large-rectangle-cannot-share-marked-collision-seam.md: artifact not found: experiments/atlas_a4_a5_atlas_nondevelopable.py (want a working-tree path or a <rev>:<path> pin)
ERROR: research/atlas-a5-seam-obstruction-is-not-universal.md: artifact not found: experiments/atlas_a4_large_k22_intersection_screen.g (want a working-tree path or a <rev>:<path> pin)
ERROR: research/atlas-a8-19243-normal-generator-hs-stability.md: artifact not found: experiments/atlas_a4_19243_normal_closure.py (want a working-tree path or a <rev>:<path> pin)
ERROR: research/atlas-a8-carrier-reaches-third-large-core-edge-proof.md: artifact not found: experiments/atlas_a4_three_large_core_a8_certificate.g (want a working-tree path or a <rev>:<path> pin)
ERROR: research/atlas-a8-carrier-reaches-third-large-core-edge-proof.md: artifact not found: experiments/atlas_a4_low_index_next_core_screen.g (want a working-tree path or a <rev>:<path> pin)
ERROR: research/atlas-a8-carrier-reaches-third-large-core-edge.md: artifact not found: experiments/atlas_a4_three_large_core_a8_certificate.g (want a working-tree path or a <rev>:<path> pin)
ERROR: research/atlas-a8-carrier-reaches-third-large-core-edge.md: artifact not found: experiments/atlas_a4_low_index_next_core_screen.g (want a working-tree path or a <rev>:<path> pin)
ERROR: research/atlas-a8-five-conjugacy-hs-collapse.md: artifact not found: experiments/atlas_a8_transvection_normal_certificates.py (want a working-tree path or a <rev>:<path> pin)
ERROR: research/atlas-a8-four-cycle-commutant-gap.md: artifact not found: experiments/atlas_a8_minimal_transvection_cycle.py (want a working-tree path or a <rev>:<path> pin)
ERROR: research/atlas-a8-four-cycle-controls-raw-s3-energy-proof.md: artifact not found: experiments/atlas_a8_four_cycle_raw_s3.py (want a working-tree path or a <rev>:<path> pin)
ERROR: research/atlas-a8-four-cycle-controls-raw-s3-energy-proof.md: artifact not found: experiments/atlas-raw-reynolds-gap-audit.json (want a working-tree path or a <rev>:<path> pin)
ERROR: research/atlas-a8-four-cycle-controls-raw-s3-energy.md: artifact not found: experiments/atlas_a8_four_cycle_raw_s3.py (want a working-tree path or a <rev>:<path> pin)
ERROR: research/atlas-a8-four-cycle-controls-raw-s3-energy.md: artifact not found: experiments/atlas-raw-reynolds-gap-audit.json (want a working-tree path or a <rev>:<path> pin)
ERROR: research/atlas-a8-index-11881-to-12144-classification-proof.md: artifact not found: experiments/atlas_a8_index_11881_to_12144_order_sieve.py (want a working-tree path or a <rev>:<path> pin)
ERROR: research/atlas-a8-index-11881-to-12144-classification-proof.md: artifact not found: experiments/atlas-a8-index-11881-to-12144-order-sieve.json (want a working-tree path or a <rev>:<path> pin)
ERROR: research/atlas-a8-index-11881-to-12144-reaches-m24.md: artifact not found: experiments/atlas_a8_index_11881_to_12144_order_sieve.py (want a working-tree path or a <rev>:<path> pin)
ERROR: research/atlas-a8-index-11881-to-12144-reaches-m24.md: artifact not found: experiments/atlas-a8-index-11881-to-12144-order-sieve.json (want a working-tree path or a <rev>:<path> pin)
ERROR: research/atlas-a8-index-12145-to-12480-classification-proof.md: artifact not found: experiments/atlas_a8_index_12145_to_12480_order_sieve.py (want a working-tree path or a <rev>:<path> pin)
ERROR: research/atlas-a8-index-12145-to-12480-classification-proof.md: artifact not found: experiments/atlas-a8-index-12145-to-12480-order-sieve.json (want a working-tree path or a <rev>:<path> pin)
ERROR: research/atlas-a8-index-12145-to-12480-reaches-g24.md: artifact not found: experiments/atlas_a8_index_12145_to_12480_order_sieve.py (want a working-tree path or a <rev>:<path> pin)
ERROR: research/atlas-a8-index-12145-to-12480-reaches-g24.md: artifact not found: experiments/atlas-a8-index-12145-to-12480-order-sieve.json (want a working-tree path or a <rev>:<path> pin)
ERROR: research/atlas-a8-index-2201-to-8640-classification-proof.md: artifact not found: experiments/atlas_a8_index_2201_to_8640_order_sieve.py (want a working-tree path or a <rev>:<path> pin)
ERROR: research/atlas-a8-index-2201-to-8640-classification-proof.md: artifact not found: experiments/atlas-a8-index-2201-to-8640-order-sieve.json (want a working-tree path or a <rev>:<path> pin)
ERROR: research/atlas-a8-index-2201-to-8640-reaches-o8p2.md: artifact not found: experiments/atlas_a8_index_2201_to_8640_order_sieve.py (want a working-tree path or a <rev>:<path> pin)
ERROR: research/atlas-a8-index-2201-to-8640-reaches-o8p2.md: artifact not found: experiments/atlas-a8-index-2201-to-8640-order-sieve.json (want a working-tree path or a <rev>:<path> pin)
ERROR: research/atlas-a8-index-507-to-990-classification-proof.md: artifact not found: experiments/atlas_a8_index_507_to_990_order_sieve.py (want a working-tree path or a <rev>:<path> pin)
ERROR: research/atlas-a8-index-507-to-990-classification-proof.md: artifact not found: experiments/atlas-a8-index-507-to-990-order-sieve.json (want a working-tree path or a <rev>:<path> pin)
ERROR: research/atlas-a8-index-507-to-990-reaches-natural-a11.md: artifact not found: experiments/atlas_a8_index_507_to_990_order_sieve.py (want a working-tree path or a <rev>:<path> pin)
ERROR: research/atlas-a8-index-507-to-990-reaches-natural-a11.md: artifact not found: experiments/atlas-a8-index-507-to-990-order-sieve.json (want a working-tree path or a <rev>:<path> pin)
ERROR: research/atlas-a8-index-8641-to-9792-classification-proof.md: artifact not found: experiments/atlas_a8_index_8641_to_9792_order_sieve.py (want a working-tree path or a <rev>:<path> pin)
ERROR: research/atlas-a8-index-8641-to-9792-classification-proof.md: artifact not found: experiments/atlas-a8-index-8641-to-9792-order-sieve.json (want a working-tree path or a <rev>:<path> pin)
ERROR: research/atlas-a8-index-8641-to-9792-reaches-o8m2.md: artifact not found: experiments/atlas_a8_index_8641_to_9792_order_sieve.py (want a working-tree path or a <rev>:<path> pin)
ERROR: research/atlas-a8-index-8641-to-9792-reaches-o8m2.md: artifact not found: experiments/atlas-a8-index-8641-to-9792-order-sieve.json (want a working-tree path or a <rev>:<path> pin)
ERROR: research/atlas-a8-index-91-to-496-l5-classification-proof.md: artifact not found: experiments/atlas_a8_agl4_complement_classes.py (want a working-tree path or a <rev>:<path> pin)
ERROR: research/atlas-a8-index-91-to-496-reaches-standard-l5.md: artifact not found: experiments/atlas_a8_agl4_complement_classes.py (want a working-tree path or a <rev>:<path> pin)
ERROR: research/atlas-a8-index-9793-to-11880-classification-proof.md: artifact not found: experiments/atlas_a8_index_9793_to_11880_order_sieve.py (want a working-tree path or a <rev>:<path> pin)
ERROR: research/atlas-a8-index-9793-to-11880-classification-proof.md: artifact not found: experiments/atlas-a8-index-9793-to-11880-order-sieve.json (want a working-tree path or a <rev>:<path> pin)
ERROR: research/atlas-a8-index-9793-to-11880-reaches-natural-a12.md: artifact not found: experiments/atlas_a8_index_9793_to_11880_order_sieve.py (want a working-tree path or a <rev>:<path> pin)
ERROR: research/atlas-a8-index-9793-to-11880-reaches-natural-a12.md: artifact not found: experiments/atlas-a8-index-9793-to-11880-order-sieve.json (want a working-tree path or a <rev>:<path> pin)
ERROR: research/atlas-a8-index-991-to-2200-classification-proof.md: artifact not found: experiments/atlas_a8_index_991_to_2200_order_sieve.py (want a working-tree path or a <rev>:<path> pin)
ERROR: research/atlas-a8-index-991-to-2200-classification-proof.md: artifact not found: experiments/atlas-a8-index-991-to-2200-order-sieve.json (want a working-tree path or a <rev>:<path> pin)
ERROR: research/atlas-a8-index-991-to-2200-reaches-hs-s8-derived.md: artifact not found: experiments/atlas_a8_index_991_to_2200_order_sieve.py (want a working-tree path or a <rev>:<path> pin)
ERROR: research/atlas-a8-index-991-to-2200-reaches-hs-s8-derived.md: artifact not found: experiments/atlas-a8-index-991-to-2200-order-sieve.json (want a working-tree path or a <rev>:<path> pin)
ERROR: research/atlas-a8-minimal-four-transvection-cycle-proof.md: artifact not found: experiments/atlas_a8_minimal_transvection_cycle.py (want a working-tree path or a <rev>:<path> pin)
ERROR: research/atlas-a8-minimal-four-transvection-cycle.md: artifact not found: experiments/atlas_a8_minimal_transvection_cycle.py (want a working-tree path or a <rev>:<path> pin)
ERROR: research/atlas-a8-mixed-block-transport-has-permutation-models.md: artifact not found: experiments/atlas-boundary-h-irrep-tangent.json (want a working-tree path or a <rev>:<path> pin)
ERROR: research/atlas-a8-mixed-block-transport-has-permutation-models.md: artifact not found: experiments/atlas-signed-group-algebra-irrep-screen.json (want a working-tree path or a <rev>:<path> pin)
ERROR: research/atlas-a8-six-transvection-commutant-gap-proof.md: artifact not found: experiments/atlas_a8_transvection_normal_certificates.py (want a working-tree path or a <rev>:<path> pin)
ERROR: research/atlas-a8-six-transvection-commutant-gap.md: artifact not found: experiments/atlas_a8_transvection_normal_certificates.py (want a working-tree path or a <rev>:<path> pin)
ERROR: research/atlas-a8-six-transvection-normal-certificates-proof.md: artifact not found: experiments/atlas_a8_transvection_normal_certificates.py (want a working-tree path or a <rev>:<path> pin)
ERROR: research/atlas-a8-six-transvection-normal-certificates.md: artifact not found: experiments/atlas_a8_transvection_normal_certificates.py (want a working-tree path or a <rev>:<path> pin)
ERROR: research/atlas-a8-t21-diagonal-energy-envelope-proof.md: artifact not found: experiments/atlas_a8_four_cycle_raw_s3.py (want a working-tree path or a <rev>:<path> pin)
ERROR: research/atlas-a8-t21-positive-word-cauchy-optimality-proof.md: artifact not found: experiments/atlas_a8_t21_word_optimum.py (want a working-tree path or a <rev>:<path> pin)
ERROR: research/atlas-a8-t21-positive-word-cauchy-optimality.md: artifact not found: experiments/atlas_a8_t21_word_optimum.py (want a working-tree path or a <rev>:<path> pin)
ERROR: research/atlas-affine-acute-angle-forces-two-point-k-orbit.md: artifact not found: experiments/atlas_affine_raw_c3_membership_certificate.py (want a working-tree path or a <rev>:<path> pin)
ERROR: research/atlas-affine-acute-angle-forces-two-point-k-orbit.md: artifact not found: experiments/atlas-affine-raw-c3-membership-certificate.json (want a working-tree path or a <rev>:<path> pin)
ERROR: research/atlas-affine-acute-angle-forces-two-point-k-orbit.md: artifact not found: experiments/atlas-boundary-f2-bridge-ideal.json (want a working-tree path or a <rev>:<path> pin)
ERROR: research/atlas-affine-acute-angle-forces-two-point-k-orbit.md: artifact not found: experiments/atlas_boundary_f2_bridge_witness_verify.py (want a working-tree path or a <rev>:<path> pin)
ERROR: research/atlas-affine-q96-has-no-s3-square-extension-proof.md: artifact not found: experiments/atlas_a4_agl5_q96_exact_screen.g (want a working-tree path or a <rev>:<path> pin)
ERROR: research/atlas-affine-q96-has-no-s3-square-extension.md: artifact not found: experiments/atlas_a4_agl5_q96_exact_screen.g (want a working-tree path or a <rev>:<path> pin)
ERROR: research/atlas-any-q1920-completion-must-move-the-module.md: artifact not found: experiments/atlas_a4_q1920_module_structure.g (want a working-tree path or a <rev>:<path> pin)
ERROR: research/atlas-boundary-bockstein-computation-proof.md: artifact not found: experiments/atlas_boundary_integral_bockstein.py (want a working-tree path or a <rev>:<path> pin)
ERROR: research/atlas-boundary-bockstein-computation-proof.md: artifact not found: experiments/atlas-boundary-integral-bockstein.json (want a working-tree path or a <rev>:<path> pin)
ERROR: research/atlas-boundary-derivative-two-primary-torsion.md: artifact not found: experiments/atlas_boundary_integral_bockstein.py (want a working-tree path or a <rev>:<path> pin)
ERROR: research/atlas-boundary-derivative-two-primary-torsion.md: artifact not found: experiments/atlas-boundary-integral-bockstein.json (want a working-tree path or a <rev>:<path> pin)
ERROR: research/atlas-boundary-tangent-covariance-coercivity-proof.md: artifact not found: experiments/atlas_asc_tangent_exact.py (want a working-tree path or a <rev>:<path> pin)
ERROR: research/atlas-boundary-tangent-covariance-coercivity-proof.md: artifact not found: experiments/atlas_asc_kernel_exact.py (want a working-tree path or a <rev>:<path> pin)
ERROR: research/atlas-boundary-tangent-covariance-coercivity-proof.md: artifact not found: experiments/asc-kernel-exact.json (want a working-tree path or a <rev>:<path> pin)
ERROR: research/atlas-boundary-tangent-covariance-coercivity-proof.md: artifact not found: experiments/asc-exact.json (want a working-tree path or a <rev>:<path> pin)
ERROR: research/atlas-boundary-tangent-covariance-coercivity-proof.md: artifact not found: experiments/verify_atlas_asc_one_fourteenth.py (want a working-tree path or a <rev>:<path> pin)
ERROR: research/atlas-boundary-tangent-covariance-coercivity-proof.md: artifact not found: experiments/atlas-asc-one-fourteenth-exact.json (want a working-tree path or a <rev>:<path> pin)
ERROR: research/atlas-boundary-tangent-covariance-coercivity.md: artifact not found: experiments/atlas_asc_kernel_exact.py (want a working-tree path or a <rev>:<path> pin)
ERROR: research/atlas-boundary-tangent-covariance-coercivity.md: artifact not found: experiments/asc-kernel-exact.json (want a working-tree path or a <rev>:<path> pin)
ERROR: research/atlas-boundary-tangent-covariance-coercivity.md: artifact not found: experiments/asc-exact.json (want a working-tree path or a <rev>:<path> pin)
ERROR: research/atlas-boundary-tangent-covariance-coercivity.md: artifact not found: experiments/atlas_asc_tangent_exact.py (want a working-tree path or a <rev>:<path> pin)
ERROR: research/atlas-boundary-tangent-covariance-coercivity.md: artifact not found: experiments/atlas_asc_packet_build.py (want a working-tree path or a <rev>:<path> pin)
ERROR: research/atlas-boundary-tangent-covariance-coercivity.md: artifact not found: experiments/atlas_asc_covariance_gpu.py (want a working-tree path or a <rev>:<path> pin)
ERROR: research/atlas-boundary-tangent-covariance-coercivity.md: artifact not found: experiments/verify_atlas_asc_one_fourteenth.py (want a working-tree path or a <rev>:<path> pin)
ERROR: research/atlas-boundary-tangent-covariance-coercivity.md: artifact not found: experiments/atlas-asc-one-fourteenth-exact.json (want a working-tree path or a <rev>:<path> pin)
ERROR: research/atlas-central-c3-directed-gl5-classification-proof.md: artifact not found: experiments/atlas_a4_gl5_packet_screen.py (want a working-tree path or a <rev>:<path> pin)
ERROR: research/atlas-central-c3-directed-gl5-classification-proof.md: artifact not found: experiments/atlas_a4_gl5_core_collision_countermodel.py (want a working-tree path or a <rev>:<path> pin)
ERROR: research/atlas-central-c3-directed-gl5-classification.md: artifact not found: experiments/atlas_a4_gl5_packet_screen.py (want a working-tree path or a <rev>:<path> pin)
ERROR: research/atlas-central-c3-directed-gl5-classification.md: artifact not found: experiments/atlas_a4_gl5_core_collision_countermodel.py (want a working-tree path or a <rev>:<path> pin)
ERROR: research/atlas-centralizer-products-19243-classicalize.md: artifact not found: experiments/atlas_a4_reference_alignment.py (want a working-tree path or a <rev>:<path> pin)
ERROR: research/atlas-centralizer-products-19243-classicalize.md: artifact not found: experiments/atlas_a4_gl5_packet_screen.py (want a working-tree path or a <rev>:<path> pin)
ERROR: research/atlas-certified-24-first-order-escape-proof.md: artifact not found: experiments/atlas_asc_tangent_exact.py (want a working-tree path or a <rev>:<path> pin)
ERROR: research/atlas-certified-24-first-order-escape-proof.md: artifact not found: experiments/asc-exact-certified24.json (want a working-tree path or a <rev>:<path> pin)
ERROR: research/atlas-certified-24-first-order-escape-proof.md: artifact not found: experiments/asc-exact-tangent5.json (want a working-tree path or a <rev>:<path> pin)
ERROR: research/atlas-certified-24-first-order-escape.md: artifact not found: experiments/asc-exact-certified24.json (want a working-tree path or a <rev>:<path> pin)
ERROR: research/atlas-certified-24-first-order-escape.md: artifact not found: experiments/atlas_asc_tangent_exact.py (want a working-tree path or a <rev>:<path> pin)
ERROR: research/atlas-charts-overlap-trivially.md: artifact not found: experiments/atlas_relator_chart_overlap.py (want a working-tree path or a <rev>:<path> pin)
ERROR: research/atlas-collision-involution-is-an-a4-bridge-to-h6-proof.md: artifact not found: experiments/atlas_a4_19243_component_localization.py (want a working-tree path or a <rev>:<path> pin)
ERROR: research/atlas-collision-involution-is-an-a4-bridge-to-h6.md: artifact not found: experiments/atlas_a4_19243_component_localization.py (want a working-tree path or a <rev>:<path> pin)
ERROR: research/atlas-collision-local-presentation-is-s4-proof.md: artifact not found: experiments/atlas_a4_collision_local_universal_s4.g (want a working-tree path or a <rev>:<path> pin)
ERROR: research/atlas-distinct-chart-ee-return-retains-loop-gauge.md: artifact not found: experiments/atlas_first_nonscalar_mixed_row_audit.py (want a working-tree path or a <rev>:<path> pin)
ERROR: research/atlas-e12-binary-extremal-is-a-finite-residual-test-proof.md: artifact not found: experiments/atlas_a4_packet_19243_quotient.py (want a working-tree path or a <rev>:<path> pin)
ERROR: research/atlas-e12-binary-extremal-is-a-finite-residual-test-proof.md: artifact not found: experiments/atlas_a8_minimal_transvection_cycle.py (want a working-tree path or a <rev>:<path> pin)
ERROR: research/atlas-e12-binary-extremal-is-a-finite-residual-test.md: artifact not found: experiments/atlas_a4_packet_19243_quotient.py (want a working-tree path or a <rev>:<path> pin)
ERROR: research/atlas-e12-binary-extremal-is-a-finite-residual-test.md: artifact not found: experiments/atlas_a8_minimal_transvection_cycle.py (want a working-tree path or a <rev>:<path> pin)
ERROR: research/atlas-first-common-rhs-return-star-has-rank-two.md: artifact not found: experiments/atlas_first_nonscalar_mixed_row_audit.py (want a working-tree path or a <rev>:<path> pin)
ERROR: research/atlas-first-composable-mixed-pair-has-zero-quotient-rank.md: artifact not found: experiments/atlas_first_nonscalar_mixed_row_audit.py (want a working-tree path or a <rev>:<path> pin)
ERROR: research/atlas-first-disjoint-mixed-pair-has-zero-reservoir-rank.md: artifact not found: experiments/atlas_first_nonscalar_mixed_row_audit.py (want a working-tree path or a <rev>:<path> pin)
ERROR: research/atlas-first-nonscalar-mixed-row-is-same-source-commutation.md: artifact not found: experiments/atlas_first_nonscalar_mixed_row_audit.py (want a working-tree path or a <rev>:<path> pin)
ERROR: research/atlas-first-post-a10-edge-has-no-degree-ten-completion.md: artifact not found: experiments/atlas_a4_a10_first_cycle_internal_search.py (want a working-tree path or a <rev>:<path> pin)
ERROR: research/atlas-first-rank-five-relator-no-weyl-proof.md: artifact not found: experiments/atlas-rank5-balanced-area.json (want a working-tree path or a <rev>:<path> pin)
ERROR: research/atlas-first-rank-five-relator-no-weyl-proof.md: artifact not found: experiments/atlas-rank5-balanced-area-17081560.log (want a working-tree path or a <rev>:<path> pin)
ERROR: research/atlas-first-relator-weyl-no-go-proof.md: artifact not found: experiments/atlas-rank5-balanced-area.json (want a working-tree path or a <rev>:<path> pin)
ERROR: research/atlas-first-relator-weyl-no-go-proof.md: artifact not found: experiments/verify_atlas_rank5_balanced_area.py (want a working-tree path or a <rev>:<path> pin)
ERROR: research/atlas-first-two-mixed-rows-have-zero-reservoir-rank.md: artifact not found: experiments/atlas_first_nonscalar_mixed_row_audit.py (want a working-tree path or a <rev>:<path> pin)
ERROR: research/atlas-flip-first-order-rigidity-proof.md: artifact not found: experiments/atlas_flip_stationarity_exact.py (want a working-tree path or a <rev>:<path> pin)
ERROR: research/atlas-flip-first-order-rigidity.md: artifact not found: experiments/atlas_flip_stationarity_exact.py (want a working-tree path or a <rev>:<path> pin)
ERROR: research/atlas-fold-localization-with-uniform-remainder.md: artifact not found: notes/ATLAS_BOUNDARY_RANK_THREE_EXACT_AUDIT.md (want a working-tree path or a <rev>:<path> pin)
ERROR: research/atlas-forward-collision-a10-absorbs-both-full-charts.md: artifact not found: experiments/atlas_a4_a10_full_chart_regular_extension.py (want a working-tree path or a <rev>:<path> pin)
ERROR: research/atlas-forward-collision-has-faithful-a10-quotient-proof.md: artifact not found: experiments/atlas_a4_forward_collision_a10_certificate.g (want a working-tree path or a <rev>:<path> pin)
ERROR: research/atlas-forward-collision-has-faithful-a10-quotient.md: artifact not found: experiments/atlas_a4_forward_collision_a10_certificate.g (want a working-tree path or a <rev>:<path> pin)
ERROR: research/atlas-forward-collision-has-faithful-s288-amalgam.md: artifact not found: experiments/atlas_a4_regular_amalgam_finite_search.py (want a working-tree path or a <rev>:<path> pin)
ERROR: research/atlas-forward-core-triangle-has-faithful-q96-completion-proof.md: artifact not found: experiments/atlas_a4_q96_triangle_completion.g (want a working-tree path or a <rev>:<path> pin)
ERROR: research/atlas-forward-core-triangle-has-faithful-q96-completion.md: artifact not found: experiments/atlas_a4_q96_triangle_completion.g (want a working-tree path or a <rev>:<path> pin)
ERROR: research/atlas-forward-fan-cycle-is-balanced-s288-square.md: artifact not found: experiments/atlas_a4_forward_fan_288_square_margins.py (want a working-tree path or a <rev>:<path> pin)
ERROR: research/atlas-forward-fan-cycle-is-balanced-s288-square.md: artifact not found: experiments/atlas_a4_agl5_q96_square_search.py (want a working-tree path or a <rev>:<path> pin)
ERROR: research/atlas-four-generator-order-certificate.md: artifact not found: experiments/atlas_four_generator_certificate.py (want a working-tree path or a <rev>:<path> pin)
ERROR: research/atlas-four-leg-coordinate-frame-extraction.md: artifact not found: notes/ATLAS_RELATIVE_PERFECTNESS_AND_COEFFICIENT_ENDPOINT.md (want a working-tree path or a <rev>:<path> pin)
ERROR: research/atlas-four-leg-coordinate-frame-extraction.md: artifact not found: notes/TRUE_RAW_PAULI_COEFFICIENT_CUT.md (want a working-tree path or a <rev>:<path> pin)
ERROR: research/atlas-four-leg-coordinate-frame-extraction.md: artifact not found: notes/TRUE_DOUBLE_PAULI_COMB_IS_FOURIER_FLAT.md (want a working-tree path or a <rev>:<path> pin)
ERROR: research/atlas-fourteen-shifted-tangent-spaces-have-an-s3-flat-proof.md: artifact not found: experiments/atlas_a4_core_tangent_transversality.py (want a working-tree path or a <rev>:<path> pin)
ERROR: research/atlas-fourteen-shifted-tangent-spaces-have-an-s3-flat.md: artifact not found: experiments/atlas_a4_core_tangent_transversality.py (want a working-tree path or a <rev>:<path> pin)
ERROR: research/atlas-fractional-pauli-return-network.md: artifact not found: notes/TRUE_PAULI_BRANCH_TRANSFER_PACKET.md (want a working-tree path or a <rev>:<path> pin)
ERROR: research/atlas-fractional-pauli-return-network.md: artifact not found: notes/TRUE_RAW_PAULI_COEFFICIENT_CUT.md (want a working-tree path or a <rev>:<path> pin)
ERROR: research/atlas-full-c144-nonsolvable-kernel-proof.md: artifact not found: experiments/verify_atlas_full_c144_nonsolvable_kernel.py (want a working-tree path or a <rev>:<path> pin)
ERROR: research/atlas-full-c144-nonsolvable-kernel-proof.md: artifact not found: experiments/atlas_a4_q1920_module_structure.g (want a working-tree path or a <rev>:<path> pin)
ERROR: research/atlas-full-c144-nonsolvable-kernel-proof.md: artifact not found: experiments/atlas_a4_q1920_kernel_homology.g (want a working-tree path or a <rev>:<path> pin)
ERROR: research/atlas-full-large-finite-escape-has-simple-local-factor-proof.md: artifact not found: experiments/atlas_a4_full_large_simple_factor_kernels.g (want a working-tree path or a <rev>:<path> pin)
ERROR: research/atlas-full-large-finite-escape-has-simple-local-factor.md: artifact not found: experiments/atlas_a4_full_large_simple_factor_kernels.g (want a working-tree path or a <rev>:<path> pin)
ERROR: research/atlas-full-large-no-simple-quotient-under-million.md: artifact not found: experiments/atlas_a4_full_large_all_simple_under_million.g (want a working-tree path or a <rev>:<path> pin)
ERROR: research/atlas-full-large-rectangle-has-no-a8-a10-quotient.md: artifact not found: experiments/atlas_a4_full_large_rectangle_simple_quotients.g (want a working-tree path or a <rev>:<path> pin)
ERROR: research/atlas-full-large-rectangle-has-no-screened-small-simple-quotient.md: artifact not found: experiments/atlas_a4_full_large_rectangle_simple_quotients.g (want a working-tree path or a <rev>:<path> pin)
ERROR: research/atlas-full-large-rectangle-is-balanced-s720-two-cycle.md: artifact not found: experiments/atlas_a4_full_large_rectangle_s720_margins.py (want a working-tree path or a <rev>:<path> pin)
ERROR: research/atlas-full-q1920-completion-is-normally-generated-by-v.md: artifact not found: experiments/atlas_a4_full_large_q1920_simple_factor_filter.g (want a working-tree path or a <rev>:<path> pin)
ERROR: research/atlas-gl6-repeated-affine-collision-collapse-proof.md: artifact not found: experiments/atlas_a4_q1920_module_structure.g (want a working-tree path or a <rev>:<path> pin)
ERROR: research/atlas-gl6-repeated-affine-collision-collapse-proof.md: artifact not found: experiments/atlas_a4_q1920_affine_homogeneous_coordinates.sage (want a working-tree path or a <rev>:<path> pin)
ERROR: research/atlas-gl6-repeated-affine-collision-collapse-proof.md: artifact not found: experiments/atlas_a4_q1920_gl6_repeated_affine_seam.g (want a working-tree path or a <rev>:<path> pin)
ERROR: research/atlas-group-microstate-collapse-is-subgroup-containment.md: artifact not found: experiments/atlas_asc_countermodel_energy.py (want a working-tree path or a <rev>:<path> pin)
ERROR: research/atlas-group-microstate-collapse-is-subgroup-containment.md: artifact not found: experiments/asc-countermodel-energy.json (want a working-tree path or a <rev>:<path> pin)
ERROR: research/atlas-group-microstate-collapse-proof.md: artifact not found: experiments/atlas_asc_countermodel_energy.py (want a working-tree path or a <rev>:<path> pin)
ERROR: research/atlas-group-microstate-collapse-proof.md: artifact not found: experiments/asc-countermodel-energy.json (want a working-tree path or a <rev>:<path> pin)
ERROR: research/atlas-h-bridge-paired-system-is-scaling-inert-proof.md: artifact not found: notes/TRUE_ATLAS_SINGLE_BRIDGE_SUBGROUP_REDUCTION.md (want a working-tree path or a <rev>:<path> pin)
ERROR: research/atlas-h-bridge-paired-system-is-scaling-inert.md: artifact not found: notes/TRUE_ATLAS_SINGLE_BRIDGE_SUBGROUP_REDUCTION.md (want a working-tree path or a <rev>:<path> pin)
ERROR: research/atlas-hard-packet-s3-channel-decoder.md: artifact not found: experiments/atlas-boundary-11-30.json (want a working-tree path or a <rev>:<path> pin)
ERROR: research/atlas-hard-packet-s3-channel-decoder.md: artifact not found: notes/TRUE_RAW_WORD_S3_TIMES_S3_LOCALIZATION.md (want a working-tree path or a <rev>:<path> pin)
ERROR: research/atlas-hard-packet-s3-channel-decoder.md: artifact not found: notes/FALSE_S3_S4_TYPE_ONLY_HALL_DEFICIT.md (want a working-tree path or a <rev>:<path> pin)
ERROR: research/atlas-hard-packet-s3-channel-decoder.md: artifact not found: notes/TRUE_DIAGONAL_PAIRING_DEFECT_SUPPLIES_SPECTRAL_INVARIANCE.md (want a working-tree path or a <rev>:<path> pin)
ERROR: research/atlas-hard-packet-s3-channel-decoder.md: artifact not found: notes/TRUE_TWO_LEFT_ARROWS_SUFFICE_FOR_SPECTRAL_LEAVITT.md (want a working-tree path or a <rev>:<path> pin)
ERROR: research/atlas-hard-packet-s3-channel-decoder.md: artifact not found: experiments/atlas_actual_hard_prefix_finite_packet.py (want a working-tree path or a <rev>:<path> pin)
ERROR: research/atlas-hs-s8-derived-packet-collision-exclusion.md: artifact not found: experiments/atlas_hs_s8_double_cosets.py (want a working-tree path or a <rev>:<path> pin)
ERROR: research/atlas-hs-s8-derived-packet-collision-exclusion.md: artifact not found: experiments/atlas-hs-s8-double-cosets.json (want a working-tree path or a <rev>:<path> pin)
ERROR: research/atlas-hs-s8-derived-packet-collision-exclusion.md: artifact not found: experiments/atlas_hs_a4_packet_screen.py (want a working-tree path or a <rev>:<path> pin)
ERROR: research/atlas-hs-s8-derived-packet-collision-exclusion.md: artifact not found: experiments/atlas-hs-a4-packet-screen.json (want a working-tree path or a <rev>:<path> pin)
ERROR: research/atlas-k22-intersection-census-proof.md: artifact not found: experiments/atlas_a4_large_k22_intersection_screen.g (want a working-tree path or a <rev>:<path> pin)
ERROR: research/atlas-kernel-window-length-nine.md: artifact not found: experiments/atlas_relator_projection_screen.py (want a working-tree path or a <rev>:<path> pin)
ERROR: research/atlas-kernel-window-length-nine.md: artifact not found: experiments/atlas_relator_finite_quotient_screen.py (want a working-tree path or a <rev>:<path> pin)
ERROR: research/atlas-kernel-window-length-nine.md: artifact not found: experiments/atlas-kernel-radius5-summary.json (want a working-tree path or a <rev>:<path> pin)
ERROR: research/atlas-l44-a8-brauer-normalizer-classification-proof.md: artifact not found: experiments/atlas_l44_a8_classification.py (want a working-tree path or a <rev>:<path> pin)
ERROR: research/atlas-l44-a8-brauer-normalizer-classification-proof.md: artifact not found: experiments/atlas-l44-a8-classification.json (want a working-tree path or a <rev>:<path> pin)
ERROR: research/atlas-l44-bitpacked-packet-collision-screen-proof.md: artifact not found: experiments/atlas_a4_l44_bitpacked_screen.py (want a working-tree path or a <rev>:<path> pin)
ERROR: research/atlas-l44-bitpacked-packet-collision-screen-proof.md: artifact not found: experiments/atlas-a4-l44-bitpacked-screen.json (want a working-tree path or a <rev>:<path> pin)
ERROR: research/atlas-l44-frobenius-frame-reduction-proof.md: artifact not found: experiments/atlas_a4_l44_component_invariants.py (want a working-tree path or a <rev>:<path> pin)
ERROR: research/atlas-l44-h6-has-thirty-frobenius-frames.md: artifact not found: experiments/atlas_a4_l44_component_invariants.py (want a working-tree path or a <rev>:<path> pin)
ERROR: research/atlas-l44-h6-spectrum-blindness-proof.md: artifact not found: experiments/atlas_a4_l44_fan_escape.py (want a working-tree path or a <rev>:<path> pin)
ERROR: research/atlas-l44-h6-spectrum-is-blind-on-all-rectangle-pairs.md: artifact not found: experiments/atlas_a4_l44_fan_escape.py (want a working-tree path or a <rev>:<path> pin)
ERROR: research/atlas-l44-has-one-a8-class-with-self-normalizer.md: artifact not found: experiments/atlas_l44_a8_classification.py (want a working-tree path or a <rev>:<path> pin)
ERROR: research/atlas-l44-has-one-a8-class-with-self-normalizer.md: artifact not found: experiments/atlas-l44-a8-classification.json (want a working-tree path or a <rev>:<path> pin)
ERROR: research/atlas-l44-local-fan-escape-proof.md: artifact not found: experiments/atlas_a4_l44_fan_escape.py (want a working-tree path or a <rev>:<path> pin)
ERROR: research/atlas-l44-local-packet-fans-do-not-force-subfield-support.md: artifact not found: experiments/atlas_a4_l44_fan_escape.py (want a working-tree path or a <rev>:<path> pin)
ERROR: research/atlas-l44-subfield-packet-collision-exclusion.md: artifact not found: experiments/atlas_a4_l44_fan_escape.py (want a working-tree path or a <rev>:<path> pin)
ERROR: research/atlas-l44-subfield-packet-collision-exclusion.md: artifact not found: experiments/atlas_a4_l44_bitpacked_screen.py (want a working-tree path or a <rev>:<path> pin)
ERROR: research/atlas-l44-subfield-packet-collision-exclusion.md: artifact not found: experiments/atlas-a4-l44-bitpacked-screen.json (want a working-tree path or a <rev>:<path> pin)
ERROR: research/atlas-large-k22-has-faithful-a5-completion-proof.md: artifact not found: experiments/atlas_a4_large_k22_a5_certificate.g (want a working-tree path or a <rev>:<path> pin)
ERROR: research/atlas-large-k22-has-faithful-a5-completion-proof.md: artifact not found: experiments/atlas_a4_large_k22_low_index.g (want a working-tree path or a <rev>:<path> pin)
ERROR: research/atlas-large-k22-has-faithful-a5-completion.md: artifact not found: experiments/atlas_a4_large_k22_a5_certificate.g (want a working-tree path or a <rev>:<path> pin)
ERROR: research/atlas-large-k22-has-faithful-a5-completion.md: artifact not found: experiments/atlas_a4_large_k22_low_index.g (want a working-tree path or a <rev>:<path> pin)
ERROR: research/atlas-linear-energy-controlled-by-full-packet-defect.md: artifact not found: experiments/atlas_asc_countermodel_energy.py (want a working-tree path or a <rev>:<path> pin)
ERROR: research/atlas-linear-energy-controlled-by-full-packet-defect.md: artifact not found: experiments/asc-countermodel-energy.json (want a working-tree path or a <rev>:<path> pin)
ERROR: research/atlas-linear-energy-controlled-by-full-packet-defect.md: artifact not found: experiments/asc-inner-link.json (want a working-tree path or a <rev>:<path> pin)
ERROR: research/atlas-linear-energy-controlled-by-full-packet-defect.md: artifact not found: experiments/atlas_asc_link_probe.py (want a working-tree path or a <rev>:<path> pin)
ERROR: research/atlas-linear-energy-controlled-by-full-packet-defect.md: artifact not found: experiments/atlas_asc_inner_link_scan.py (want a working-tree path or a <rev>:<path> pin)
ERROR: research/atlas-literal-packet-cannot-authenticate-any-common-mode.md: artifact not found: experiments/atlas_packet_occurrence_rank_scan.py (want a working-tree path or a <rev>:<path> pin)
ERROR: research/atlas-m2-escape-refutes-six-a4-cycle-bridge-ceilings.md: artifact not found: experiments/atlas_a4_repeated_module_escape_verify.py (want a working-tree path or a <rev>:<path> pin)
ERROR: research/atlas-m2-escape-refutes-six-a4-cycle-bridge-ceilings.md: artifact not found: experiments/atlas_m2_six_ceiling_refutation_verify.js (want a working-tree path or a <rev>:<path> pin)
ERROR: research/atlas-m2-escape-refutes-six-a4-cycle-bridge-ceilings.md: artifact not found: experiments/atlas-m2-six-ceiling-refutation.json (want a working-tree path or a <rev>:<path> pin)
ERROR: research/atlas-m2-global-a4-compiler-refutation-proof.md: artifact not found: experiments/atlas_m2_global_a4_refutation_verify.js (want a working-tree path or a <rev>:<path> pin)
ERROR: research/atlas-m2-global-a4-compiler-refutation-proof.md: artifact not found: experiments/atlas-m2-global-a4-refutation.json (want a working-tree path or a <rev>:<path> pin)
ERROR: research/atlas-m2-kernel-phases-cannot-upper-toeplitz-stitch.md: artifact not found: experiments/atlas-a4-repeated-module-screen.json (want a working-tree path or a <rev>:<path> pin)
ERROR: research/atlas-m2-refutes-five-global-a4-compilers.md: artifact not found: experiments/atlas_m2_global_a4_refutation_verify.js (want a working-tree path or a <rev>:<path> pin)
ERROR: research/atlas-m2-refutes-five-global-a4-compilers.md: artifact not found: experiments/atlas-m2-global-a4-refutation.json (want a working-tree path or a <rev>:<path> pin)
ERROR: research/atlas-m2-six-ceiling-refutation-proof.md: artifact not found: experiments/atlas_a4_repeated_module_escape_verify.py (want a working-tree path or a <rev>:<path> pin)
ERROR: research/atlas-m2-six-ceiling-refutation-proof.md: artifact not found: experiments/atlas_m2_six_ceiling_refutation_verify.js (want a working-tree path or a <rev>:<path> pin)
ERROR: research/atlas-m2-six-ceiling-refutation-proof.md: artifact not found: experiments/atlas-m2-six-ceiling-refutation.json (want a working-tree path or a <rev>:<path> pin)
ERROR: research/atlas-m24-a8-antiflag-cell-proof.md: artifact not found: experiments/atlas_m24_a8_antiflag_orbits.py (want a working-tree path or a <rev>:<path> pin)
ERROR: research/atlas-m24-a8-antiflag-cell-proof.md: artifact not found: experiments/atlas-m24-a8-antiflag-orbits.json (want a working-tree path or a <rev>:<path> pin)
ERROR: research/atlas-m24-a8-antiflag-cells-have-thirteen-generating-cross-cells.md: artifact not found: experiments/atlas_m24_a8_antiflag_orbits.py (want a working-tree path or a <rev>:<path> pin)
ERROR: research/atlas-m24-a8-antiflag-cells-have-thirteen-generating-cross-cells.md: artifact not found: experiments/atlas-m24-a8-antiflag-orbits.json (want a working-tree path or a <rev>:<path> pin)
ERROR: research/atlas-m24-a8-fusion-proof.md: artifact not found: experiments/atlas_m24_affine_a8_fusion.py (want a working-tree path or a <rev>:<path> pin)
ERROR: research/atlas-m24-a8-fusion-proof.md: artifact not found: experiments/atlas-m24-affine-a8-fusion.json (want a working-tree path or a <rev>:<path> pin)
ERROR: research/atlas-m24-has-one-self-normalizing-a8-class.md: artifact not found: experiments/atlas_m24_affine_a8_fusion.py (want a working-tree path or a <rev>:<path> pin)
ERROR: research/atlas-m24-has-one-self-normalizing-a8-class.md: artifact not found: experiments/atlas-m24-affine-a8-fusion.json (want a working-tree path or a <rev>:<path> pin)
ERROR: research/atlas-m24-packet-collision-screen-proof.md: artifact not found: experiments/atlas_m24_a4_packet_screen.py (want a working-tree path or a <rev>:<path> pin)
ERROR: research/atlas-m24-packet-collision-screen-proof.md: artifact not found: experiments/atlas-m24-a4-packet-screen.json (want a working-tree path or a <rev>:<path> pin)
ERROR: research/atlas-m24-packet-survivors-share-octad-and-19243-kills-all.md: artifact not found: experiments/atlas_m24_a4_packet_screen.py (want a working-tree path or a <rev>:<path> pin)
ERROR: research/atlas-m24-packet-survivors-share-octad-and-19243-kills-all.md: artifact not found: experiments/atlas-m24-a4-packet-screen.json (want a working-tree path or a <rev>:<path> pin)
ERROR: research/atlas-m3-permutation-gauge-joint-no-go-proof.md: artifact not found: experiments/atlas_a4_m3_permutation_gauge_ansatz.py (want a working-tree path or a <rev>:<path> pin)
ERROR: research/atlas-m3-permutation-gauge-joint-no-go-proof.md: artifact not found: experiments/atlas-a4-m3-permutation-gauge-ansatz.json (want a working-tree path or a <rev>:<path> pin)
ERROR: research/atlas-m3-permutation-gauge-joint-no-go.md: artifact not found: experiments/atlas_a4_m3_permutation_gauge_ansatz.py (want a working-tree path or a <rev>:<path> pin)
ERROR: research/atlas-m3-permutation-gauge-joint-no-go.md: artifact not found: experiments/atlas-a4-m3-permutation-gauge-ansatz.json (want a working-tree path or a <rev>:<path> pin)
ERROR: research/atlas-mixed-c3-gram-has-local-zero-interval.md: artifact not found: experiments/atlas_a4_common_u_theta_slice.py (want a working-tree path or a <rev>:<path> pin)
ERROR: research/atlas-moved-modules-have-a-forced-v4-bridge.md: artifact not found: experiments/atlas_a4_q1920_module_structure.g (want a working-tree path or a <rev>:<path> pin)
ERROR: research/atlas-moved-modules-have-a-forced-v4-bridge.md: artifact not found: experiments/atlas_a4_large_k22_intersection_screen.g (want a working-tree path or a <rev>:<path> pin)
ERROR: research/atlas-multiplicity-two-escape-fails-five-saturated-rows.md: artifact not found: experiments/atlas_multiplicity_two_six_relator_audit.py (want a working-tree path or a <rev>:<path> pin)
ERROR: research/atlas-multiplicity-two-escape-fails-five-saturated-rows.md: artifact not found: experiments/atlas-multiplicity-two-six-relator-audit.json (want a working-tree path or a <rev>:<path> pin)
ERROR: research/atlas-multiplicity-two-holonomy-refutation-proof.md: artifact not found: experiments/atlas_a4_repeated_module_escape_verify.py (want a working-tree path or a <rev>:<path> pin)
ERROR: research/atlas-multiplicity-two-joint-kernel-slice-is-empty.md: artifact not found: experiments/atlas_a4_repeated_module_probe.py (want a working-tree path or a <rev>:<path> pin)
ERROR: research/atlas-multiplicity-two-joint-kernel-slice-is-empty.md: artifact not found: experiments/atlas_a4_repeated_module_dataset.py (want a working-tree path or a <rev>:<path> pin)
ERROR: research/atlas-multiplicity-two-joint-kernel-slice-is-empty.md: artifact not found: experiments/atlas_a4_repeated_module_screen.cpp (want a working-tree path or a <rev>:<path> pin)
ERROR: research/atlas-multiplicity-two-joint-kernel-slice-is-empty.md: artifact not found: experiments/atlas-a4-repeated-module-screen.json (want a working-tree path or a <rev>:<path> pin)
ERROR: research/atlas-multiplicity-two-joint-kernel-slice-proof.md: artifact not found: experiments/atlas_a4_repeated_module_probe.py (want a working-tree path or a <rev>:<path> pin)
ERROR: research/atlas-multiplicity-two-joint-kernel-slice-proof.md: artifact not found: experiments/atlas_a4_repeated_module_dataset.py (want a working-tree path or a <rev>:<path> pin)
ERROR: research/atlas-multiplicity-two-joint-kernel-slice-proof.md: artifact not found: experiments/atlas_a4_repeated_module_screen.cpp (want a working-tree path or a <rev>:<path> pin)
ERROR: research/atlas-multiplicity-two-joint-kernel-slice-proof.md: artifact not found: experiments/atlas-a4-repeated-module-screen.json (want a working-tree path or a <rev>:<path> pin)
ERROR: research/atlas-multiplicity-two-packet-collision-hub-escape-proof.md: artifact not found: experiments/atlas_a4_repeated_module_escape_verify.py (want a working-tree path or a <rev>:<path> pin)
ERROR: research/atlas-multiplicity-two-packet-collision-hub-escape-proof.md: artifact not found: experiments/atlas-a4-repeated-module-screen.json (want a working-tree path or a <rev>:<path> pin)
ERROR: research/atlas-multiplicity-two-packet-collision-hub-escape.md: artifact not found: experiments/atlas_a4_repeated_module_dataset.py (want a working-tree path or a <rev>:<path> pin)
ERROR: research/atlas-multiplicity-two-packet-collision-hub-escape.md: artifact not found: experiments/atlas_a4_repeated_module_screen.cpp (want a working-tree path or a <rev>:<path> pin)
ERROR: research/atlas-multiplicity-two-packet-collision-hub-escape.md: artifact not found: experiments/atlas_a4_repeated_module_escape_verify.py (want a working-tree path or a <rev>:<path> pin)
ERROR: research/atlas-multiplicity-two-packet-collision-hub-escape.md: artifact not found: experiments/atlas-a4-repeated-module-screen.json (want a working-tree path or a <rev>:<path> pin)
ERROR: research/atlas-multiplicity-two-refutes-holonomy-coherence-gap.md: artifact not found: experiments/atlas_a4_repeated_module_escape_verify.py (want a working-tree path or a <rev>:<path> pin)
ERROR: research/atlas-multiplicity-two-six-row-audit-proof.md: artifact not found: experiments/atlas_multiplicity_two_six_relator_audit.py (want a working-tree path or a <rev>:<path> pin)
ERROR: research/atlas-multiplicity-two-six-row-audit-proof.md: artifact not found: experiments/atlas-multiplicity-two-six-relator-audit.json (want a working-tree path or a <rev>:<path> pin)
ERROR: research/atlas-natural-a8-supports-collapse-before-collision.md: artifact not found: experiments/atlas_a4_natural_support_certificate.py (want a working-tree path or a <rev>:<path> pin)
ERROR: research/atlas-natural-alternating-support-exclusion-proof.md: artifact not found: experiments/atlas_a4_natural_support_certificate.py (want a working-tree path or a <rev>:<path> pin)
ERROR: research/atlas-no-perfect-solvable-a5-action-on-f3-four-space.md: artifact not found: experiments/atlas_a4_q1920_all_solvable_A5_gl4_classification.g (want a working-tree path or a <rev>:<path> pin)
ERROR: research/atlas-no-split-perfect-2-extension-of-a5-acts-on-f3-four-space.md: artifact not found: experiments/atlas_a4_q1920_split_2byA5_gl4_classification.g (want a working-tree path or a <rev>:<path> pin)
ERROR: research/atlas-noncentral-first-core-cycle-has-s288-regular-star.md: artifact not found: experiments/atlas_a4_noncentral_first_cycle_regular_star.py (want a working-tree path or a <rev>:<path> pin)
ERROR: research/atlas-o8m2-a8-carrier-fusion-proof.md: artifact not found: experiments/atlas_o8m2_a8_carrier_audit.py (want a working-tree path or a <rev>:<path> pin)
ERROR: research/atlas-o8m2-a8-carrier-fusion-proof.md: artifact not found: experiments/atlas-o8m2-a8-carrier-audit.json (want a working-tree path or a <rev>:<path> pin)
ERROR: research/atlas-o8m2-a8-pair-cell-proof.md: artifact not found: experiments/atlas_o8m2_a8_pair_cells.py (want a working-tree path or a <rev>:<path> pin)
ERROR: research/atlas-o8m2-a8-pair-cell-proof.md: artifact not found: experiments/atlas-o8m2-a8-pair-cells.json (want a working-tree path or a <rev>:<path> pin)
ERROR: research/atlas-o8m2-a8-pairs-have-five-normalizer-cells.md: artifact not found: experiments/atlas_o8m2_a8_pair_cells.py (want a working-tree path or a <rev>:<path> pin)
ERROR: research/atlas-o8m2-a8-pairs-have-five-normalizer-cells.md: artifact not found: experiments/atlas-o8m2-a8-pair-cells.json (want a working-tree path or a <rev>:<path> pin)
ERROR: research/atlas-o8m2-has-one-a8-class-with-c3-centralizer.md: artifact not found: experiments/atlas_o8m2_a8_carrier_audit.py (want a working-tree path or a <rev>:<path> pin)
ERROR: research/atlas-o8m2-has-one-a8-class-with-c3-centralizer.md: artifact not found: experiments/atlas-o8m2-a8-carrier-audit.json (want a working-tree path or a <rev>:<path> pin)
ERROR: research/atlas-o8m2-packet-collision-exclusion.md: artifact not found: experiments/atlas_o8m2_a4_packet_screen.py (want a working-tree path or a <rev>:<path> pin)
ERROR: research/atlas-o8m2-packet-collision-exclusion.md: artifact not found: experiments/atlas-o8m2-a4-packet-screen.json (want a working-tree path or a <rev>:<path> pin)
ERROR: research/atlas-o8m2-packet-collision-screen-proof.md: artifact not found: experiments/atlas_o8m2_a4_packet_screen.py (want a working-tree path or a <rev>:<path> pin)
ERROR: research/atlas-o8m2-packet-collision-screen-proof.md: artifact not found: experiments/atlas-o8m2-a4-packet-screen.json (want a working-tree path or a <rev>:<path> pin)
ERROR: research/atlas-o8minus-canonical-moved-module-completion-fails.md: artifact not found: experiments/atlas_a4_q1920_o8m_discovery.g (want a working-tree path or a <rev>:<path> pin)
ERROR: research/atlas-o8minus-seam-proof.md: artifact not found: experiments/atlas_a4_q1920_o8m_discovery.g (want a working-tree path or a <rev>:<path> pin)
ERROR: research/atlas-o8p2-a8-marked-carrier-fork.md: artifact not found: experiments/atlas_o8p2_a8_class_audit.py (want a working-tree path or a <rev>:<path> pin)
ERROR: research/atlas-o8p2-a8-marked-carrier-fork.md: artifact not found: experiments/atlas-o8p2-a8-class-audit.json (want a working-tree path or a <rev>:<path> pin)
ERROR: research/atlas-o8p2-carrier-a8-classes-and-absorption.md: artifact not found: experiments/atlas_a8_2six_complement_classes.py (want a working-tree path or a <rev>:<path> pin)
ERROR: research/atlas-o8p2-carrier-a8-classes-and-absorption.md: artifact not found: experiments/atlas-a8-2six-complement-classes.json (want a working-tree path or a <rev>:<path> pin)
ERROR: research/atlas-o8p2-has-six-triality-a8-classes.md: artifact not found: experiments/atlas_o8p2_affine_complement_fusion.py (want a working-tree path or a <rev>:<path> pin)
ERROR: research/atlas-o8p2-has-six-triality-a8-classes.md: artifact not found: experiments/atlas-o8p2-affine-complement-fusion.json (want a working-tree path or a <rev>:<path> pin)
ERROR: research/atlas-o8p2-has-six-triality-a8-classes.md: artifact not found: experiments/atlas_o8p2_triality_affine_fusion.py (want a working-tree path or a <rev>:<path> pin)
ERROR: research/atlas-o8p2-has-six-triality-a8-classes.md: artifact not found: experiments/atlas-o8p2-triality-affine-fusion.json (want a working-tree path or a <rev>:<path> pin)
ERROR: research/atlas-o8p2-ten-marked-packet-collision-screen-proof.md: artifact not found: experiments/atlas_o8p2_ten_packet_screens.py (want a working-tree path or a <rev>:<path> pin)
ERROR: research/atlas-o8p2-ten-marked-packet-collision-screen-proof.md: artifact not found: experiments/atlas-o8p2-ten-packet-screens.json (want a working-tree path or a <rev>:<path> pin)
ERROR: research/atlas-o8p2-ten-marked-packet-collision-screens-are-empty.md: artifact not found: experiments/atlas_o8p2_ten_packet_screens.py (want a working-tree path or a <rev>:<path> pin)
ERROR: research/atlas-o8p2-ten-marked-packet-collision-screens-are-empty.md: artifact not found: experiments/atlas-o8p2-ten-packet-screens.json (want a working-tree path or a <rev>:<path> pin)
ERROR: research/atlas-o8plus-canonical-moved-module-completion-fails.md: artifact not found: experiments/atlas_a4_q1920_o8p_discovery.g (want a working-tree path or a <rev>:<path> pin)
ERROR: research/atlas-o8plus-mixed-twist-repeated-collision-collapse-proof.md: artifact not found: experiments/atlas_a4_q1920_o8plus_mixed_twist_inventory.g (want a working-tree path or a <rev>:<path> pin)
ERROR: research/atlas-o8plus-mixed-twist-repeated-collision-collapse-proof.md: artifact not found: experiments/atlas_a4_q1920_o8p_discovery.g (want a working-tree path or a <rev>:<path> pin)
ERROR: research/atlas-o8plus-mixed-twist-repeated-collision-collapse-proof.md: artifact not found: experiments/atlas_a4_repeated_module_collision.g (want a working-tree path or a <rev>:<path> pin)
ERROR: research/atlas-o8plus-seam-proof.md: artifact not found: experiments/atlas_a4_q1920_o8p_discovery.g (want a working-tree path or a <rev>:<path> pin)
ERROR: research/atlas-o8plus-type-a-repeated-collision-collapse-proof.md: artifact not found: experiments/atlas_a4_q1920_o8p_discovery.g (want a working-tree path or a <rev>:<path> pin)
ERROR: research/atlas-o8plus-type-a-repeated-collision-collapse-proof.md: artifact not found: experiments/atlas_a4_repeated_module_collision.g (want a working-tree path or a <rev>:<path> pin)
ERROR: research/atlas-o8plus-type-b-multiplicity-two-collision-collapse-proof.md: artifact not found: experiments/atlas_a4_q1920_o8plus_typeb_m2_boolean.sage (want a working-tree path or a <rev>:<path> pin)
ERROR: research/atlas-o8plus-type-b-multiplicity-two-collision-collapse-proof.md: artifact not found: experiments/atlas_a4_q1920_o8plus_typeb_m2_cnf_audit.sage (want a working-tree path or a <rev>:<path> pin)
ERROR: research/atlas-o8plus-type-b-repeated-collision-collapse-proof.md: artifact not found: experiments/atlas_a4_collision_local_universal_s4.g (want a working-tree path or a <rev>:<path> pin)
ERROR: research/atlas-o8plus-type-b-repeated-collision-collapse-proof.md: artifact not found: experiments/atlas_a4_repeated_module_collision.g (want a working-tree path or a <rev>:<path> pin)
ERROR: research/atlas-o8plus-type-b-repeated-collision-collapse-proof.md: artifact not found: experiments/atlas_a4_q1920_o8p_discovery.g (want a working-tree path or a <rev>:<path> pin)
ERROR: research/atlas-o8plus-type-b-repeated-collision-collapse-proof.md: artifact not found: experiments/atlas_a4_q1920_o8plus_typeb_repeated_v4.g (want a working-tree path or a <rev>:<path> pin)
ERROR: research/atlas-one-cut-finite-multiplicity-extraction.md: artifact not found: notes/ATLAS_RELATIVE_PERFECTNESS_AND_COEFFICIENT_ENDPOINT.md (want a working-tree path or a <rev>:<path> pin)
ERROR: research/atlas-one-forward-c3-has-no-standard-gl6-completion-proof.md: artifact not found: experiments/atlas_a4_gl6_forward_instance.py (want a working-tree path or a <rev>:<path> pin)
ERROR: research/atlas-one-forward-c3-has-no-standard-gl6-completion-proof.md: artifact not found: experiments/atlas_a4_gl6_forward_sat.py (want a working-tree path or a <rev>:<path> pin)
ERROR: research/atlas-one-forward-c3-has-no-standard-gl6-completion.md: artifact not found: experiments/atlas_a4_gl6_bordered_forward_search.py (want a working-tree path or a <rev>:<path> pin)
ERROR: research/atlas-one-forward-c3-has-no-standard-gl6-completion.md: artifact not found: experiments/atlas_a4_gl6_forward_instance.py (want a working-tree path or a <rev>:<path> pin)
ERROR: research/atlas-one-forward-c3-has-no-standard-gl6-completion.md: artifact not found: experiments/atlas_a4_gl6_forward_sat.py (want a working-tree path or a <rev>:<path> pin)
ERROR: research/atlas-packet-collision-m2-has-full-coefficient-algebra.md: artifact not found: experiments/atlas_a4_repeated_module_escape_verify.py (want a working-tree path or a <rev>:<path> pin)
ERROR: research/atlas-packet-forces-two-s3-covariance-energy.md: artifact not found: experiments/atlas_19243_s3_gap.py (want a working-tree path or a <rev>:<path> pin)
ERROR: research/atlas-packet-routing-commutant-gap-proof.md: artifact not found: experiments/atlas_packet_commutant_routing.py (want a working-tree path or a <rev>:<path> pin)
ERROR: research/atlas-packet-routing-commutant-gap.md: artifact not found: experiments/atlas_packet_commutant_routing.py (want a working-tree path or a <rev>:<path> pin)
ERROR: research/atlas-paired-operator-scaling-no-go.md: artifact not found: notes/TRUE_ATLAS_SINGLE_BRIDGE_SUBGROUP_REDUCTION.md (want a working-tree path or a <rev>:<path> pin)
ERROR: research/atlas-pauli-aggregate-range-recurrence.md: artifact not found: notes/TRUE_PAULI_BRANCH_TRANSFER_PACKET.md (want a working-tree path or a <rev>:<path> pin)
ERROR: research/atlas-pauli-branch-recurrence-automaton.md: artifact not found: notes/TRUE_PAULI_BRANCH_TRANSFER_PACKET.md (want a working-tree path or a <rev>:<path> pin)
ERROR: research/atlas-pauli-branch-recurrence-automaton.md: artifact not found: notes/TRUE_RAW_PAULI_COEFFICIENT_CUT.md (want a working-tree path or a <rev>:<path> pin)
ERROR: research/atlas-pauli-range-packing-recurrence.md: artifact not found: notes/TRUE_PAULI_BRANCH_TRANSFER_PACKET.md (want a working-tree path or a <rev>:<path> pin)
ERROR: research/atlas-psl5-repeated-natural-collision-collapse-proof.md: artifact not found: experiments/atlas_a4_q1920_psl5_repeated_module_seam.g (want a working-tree path or a <rev>:<path> pin)
ERROR: research/atlas-psl5-repeated-natural-collision-collapse-proof.md: artifact not found: experiments/atlas_a4_q1920_psl5_isotypic_coordinates.sage (want a working-tree path or a <rev>:<path> pin)
ERROR: research/atlas-psl5-repeated-natural-collision-collapse-proof.md: artifact not found: experiments/atlas_a4_q1920_psl5_collision_free_algebra.sage (want a working-tree path or a <rev>:<path> pin)
ERROR: research/atlas-psl5-repeated-natural-collision-collapse-proof.md: artifact not found: experiments/atlas_a4_q1920_psl5_collision_gbnp.g (want a working-tree path or a <rev>:<path> pin)
ERROR: research/atlas-purified-witness-macroscopic-commutator.md: artifact not found: notes/ATLAS_RELATIVE_PERFECTNESS_AND_COEFFICIENT_ENDPOINT.md (want a working-tree path or a <rev>:<path> pin)
ERROR: research/atlas-q14-forces-t30-covariance-floor-proof.md: artifact not found: experiments/atlas_q14_t30_wall.py (want a working-tree path or a <rev>:<path> pin)
ERROR: research/atlas-q14-forces-t30-covariance-floor.md: artifact not found: experiments/atlas_q14_t30_wall.py (want a working-tree path or a <rev>:<path> pin)
ERROR: research/atlas-q168-colimit-collapse-proof.md: artifact not found: experiments/atlas_a4_non_a5_fj_colimits.g (want a working-tree path or a <rev>:<path> pin)
ERROR: research/atlas-q168-rectangles-collapse-fj-seam.md: artifact not found: experiments/atlas_a4_non_a5_fj_colimits.g (want a working-tree path or a <rev>:<path> pin)
ERROR: research/atlas-q1920-agl5-has-no-collision-involution.md: artifact not found: experiments/atlas_a4_q1920_agl5_seam.g (want a working-tree path or a <rev>:<path> pin)
ERROR: research/atlas-q1920-agl5-seam-proof.md: artifact not found: experiments/atlas_a4_q1920_agl5_seam.g (want a working-tree path or a <rev>:<path> pin)
ERROR: research/atlas-q1920-clifford-four-dimensional-shortcut-fails.md: artifact not found: experiments/atlas_a4_q1920_f3_module_fixed_spaces.g (want a working-tree path or a <rev>:<path> pin)
ERROR: research/atlas-q1920-dim10-affine-witness-proof.md: artifact not found: experiments/verify_atlas_q1920_dim10_affine_witness.py (want a working-tree path or a <rev>:<path> pin)
ERROR: research/atlas-q1920-dim10-affine-witness-proof.md: artifact not found: experiments/atlas_a4_q1920_f3_seam_export.g (want a working-tree path or a <rev>:<path> pin)
ERROR: research/atlas-q1920-dim10-affine-witness-proof.md: artifact not found: experiments/atlas_a4_q1920_f3_dim10_affine_witness.sage (want a working-tree path or a <rev>:<path> pin)
ERROR: research/atlas-q1920-dim10-f3-reduced-seam-has-affine-signal.md: artifact not found: experiments/atlas_a4_q1920_f3_seam_export.g (want a working-tree path or a <rev>:<path> pin)
ERROR: research/atlas-q1920-dim10-f3-reduced-seam-has-affine-signal.md: artifact not found: experiments/atlas_a4_q1920_f3_seam_polynomial.sage (want a working-tree path or a <rev>:<path> pin)
ERROR: research/atlas-q1920-dim10-f3-reduced-seam-has-affine-signal.md: artifact not found: experiments/atlas_a4_q1920_f3_dim10_affine_witness.sage (want a working-tree path or a <rev>:<path> pin)
ERROR: research/atlas-q1920-f3-dim6-collision-screen-proof.md: artifact not found: experiments/atlas_a4_q1920_f3_dim6_seam_search.g (want a working-tree path or a <rev>:<path> pin)
ERROR: research/atlas-q1920-f3-dim6-collision-screen-proof.md: artifact not found: experiments/verify_atlas_q1920_finite_certificates.py (want a working-tree path or a <rev>:<path> pin)
ERROR: research/atlas-q1920-f3-module-dimension-fence-proof.md: artifact not found: experiments/atlas_a4_q1920_f3_module_fixed_spaces.g (want a working-tree path or a <rev>:<path> pin)
ERROR: research/atlas-q1920-f3-module-dimension-fence-proof.md: artifact not found: experiments/verify_atlas_q1920_finite_certificates.py (want a working-tree path or a <rev>:<path> pin)
ERROR: research/atlas-q1920-holomorph-has-no-collision-involution.md: artifact not found: experiments/atlas_a4_q1920_automorphism_seam.g (want a working-tree path or a <rev>:<path> pin)
ERROR: research/atlas-q1920-holomorph-seam-proof.md: artifact not found: experiments/atlas_a4_q1920_automorphism_seam.g (want a working-tree path or a <rev>:<path> pin)
ERROR: research/atlas-q1920-is-radial-holonomy-extension.md: artifact not found: experiments/atlas_a4_q1920_module_structure.g (want a working-tree path or a <rev>:<path> pin)
ERROR: research/atlas-q1920-kernel-homology-proof.md: artifact not found: experiments/atlas_a4_q1920_kernel_homology.g (want a working-tree path or a <rev>:<path> pin)
ERROR: research/atlas-q1920-kernel-homology-proof.md: artifact not found: experiments/verify_atlas_q1920_finite_certificates.py (want a working-tree path or a <rev>:<path> pin)
ERROR: research/atlas-q1920-linear-collision-proof.md: artifact not found: experiments/atlas_a4_q1920_module_structure.g (want a working-tree path or a <rev>:<path> pin)
ERROR: research/atlas-q1920-low-index-proof.md: artifact not found: experiments/atlas_a4_non_a5_fj_colimits.g (want a working-tree path or a <rev>:<path> pin)
ERROR: research/atlas-q1920-marked-simple-factor-ten-million-proof.md: artifact not found: experiments/atlas_a4_full_large_q1920_simple_factor_filter.g (want a working-tree path or a <rev>:<path> pin)
ERROR: research/atlas-q1920-marked-simple-factor-ten-million-proof.md: artifact not found: experiments/atlas_a4_q1920_simple_overgroup_subgroups.g (want a working-tree path or a <rev>:<path> pin)
ERROR: research/atlas-q1920-marked-simple-factor-ten-million-proof.md: artifact not found: experiments/atlas_a4_q1920_simple_overgroup_marked_seam.g (want a working-tree path or a <rev>:<path> pin)
ERROR: research/atlas-q1920-module-structure-proof.md: artifact not found: experiments/atlas_a4_q1920_module_structure.g (want a working-tree path or a <rev>:<path> pin)
ERROR: research/atlas-q1920-psl5-double-natural-seam-proof.md: artifact not found: experiments/atlas_a4_q1920_psl5_repeated_module_seam.g (want a working-tree path or a <rev>:<path> pin)
ERROR: research/atlas-q1920-seam-has-no-low-index-action.md: artifact not found: experiments/atlas_a4_non_a5_fj_colimits.g (want a working-tree path or a <rev>:<path> pin)
ERROR: research/atlas-q1920-seam-three-cycle-is-nilpotently-invisible.md: artifact not found: experiments/atlas_a4_q1920_kernel_homology.g (want a working-tree path or a <rev>:<path> pin)
ERROR: research/atlas-q1920-six-dimensional-f3-seam-is-signal-free.md: artifact not found: experiments/atlas_a4_q1920_f3_dim6_seam_search.g (want a working-tree path or a <rev>:<path> pin)
ERROR: research/atlas-q1920-smallest-mixed-solvable-kernel-is-impossible.md: artifact not found: experiments/atlas_a4_q1920_solvable_chief_factor.g (want a working-tree path or a <rev>:<path> pin)
ERROR: research/atlas-q1920-smallest-mixed-solvable-kernel-is-impossible.md: artifact not found: experiments/atlas_a4_q1920_kernel_homology.g (want a working-tree path or a <rev>:<path> pin)
ERROR: research/atlas-q1920-solvable-kernel-forces-small-f3-chief-factor.md: artifact not found: experiments/atlas_a4_q1920_solvable_chief_factor.g (want a working-tree path or a <rev>:<path> pin)
ERROR: research/atlas-q1920-universal-seam-splits-over-a5.md: artifact not found: experiments/atlas_a4_q1920_kernel_homology.g (want a working-tree path or a <rev>:<path> pin)
ERROR: research/atlas-q96-c144-cycle-finite-vertex-proof.md: artifact not found: experiments/atlas_a4_q96_c144_cycle_low_index.g (want a working-tree path or a <rev>:<path> pin)
ERROR: research/atlas-q96-c144-cycle-has-faithful-a8-quotient-proof.md: artifact not found: experiments/atlas_a4_q96_c144_a8_quotients.g (want a working-tree path or a <rev>:<path> pin)
ERROR: research/atlas-q96-c144-cycle-has-faithful-a8-quotient.md: artifact not found: experiments/atlas_a4_q96_c144_a8_quotients.g (want a working-tree path or a <rev>:<path> pin)
ERROR: research/atlas-q96-to-c144-cycle-is-six-generator-finite-vertex-test.md: artifact not found: experiments/atlas_a4_q96_c144_cycle_low_index.g (want a working-tree path or a <rev>:<path> pin)
ERROR: research/atlas-rank-five-complete-packet-export-proof.md: artifact not found: experiments/atlas_relator_rank5_complete_packet.py (want a working-tree path or a <rev>:<path> pin)
ERROR: research/atlas-rank-five-complete-packet-exporter-proof.md: artifact not found: experiments/atlas_relator_rank5_complete_packet.py (want a working-tree path or a <rev>:<path> pin)
ERROR: research/atlas-rank-five-complete-packet-exporter-proof.md: artifact not found: experiments/atlas_relator_rank5_full_family.py (want a working-tree path or a <rev>:<path> pin)
ERROR: research/atlas-rank-five-complete-packet-exporter-proof.md: artifact not found: experiments/atlas_relator_rank5_involutivity.py (want a working-tree path or a <rev>:<path> pin)
ERROR: research/atlas-rank-five-complete-packet-exporter-proof.md: artifact not found: experiments/atlas_relator_rank5_reverse.py (want a working-tree path or a <rev>:<path> pin)
ERROR: research/atlas-rank-five-dictionary.md: artifact not found: experiments/atlas_relator_rank5_dictionary.py (want a working-tree path or a <rev>:<path> pin)
ERROR: research/atlas-reference-packet-root-ellipse-countermodel.md: artifact not found: experiments/atlas_a4_reference_alignment.py (want a working-tree path or a <rev>:<path> pin)
ERROR: research/atlas-repeated-collision-fiber-is-two-block-procrustes.md: artifact not found: experiments/atlas_a4_common_u_theta_slice.py (want a working-tree path or a <rev>:<path> pin)
ERROR: research/atlas-reverse-dictionary-does-not-close-ee-return.md: artifact not found: experiments/atlas_first_nonscalar_mixed_row_audit.py (want a working-tree path or a <rev>:<path> pin)
ERROR: research/atlas-reverse-dictionary.md: artifact not found: experiments/atlas_relator_rank5_reverse.py (want a working-tree path or a <rev>:<path> pin)
ERROR: research/atlas-s288-carrier-extends-through-first-core-cycle.md: artifact not found: experiments/atlas_a4_regular_amalgam_finite_search.py (want a working-tree path or a <rev>:<path> pin)
ERROR: research/atlas-s288-carrier-extends-through-first-core-cycle.md: artifact not found: experiments/atlas_a4_s576_first_cycle_amalgam.py (want a working-tree path or a <rev>:<path> pin)
ERROR: research/atlas-s576-carrier-completes-first-core-k22.md: artifact not found: experiments/atlas_a4_s4032_large_k22_amalgam.py (want a working-tree path or a <rev>:<path> pin)
ERROR: research/atlas-second-core-rectangle-coupling-recreates-collision.md: artifact not found: experiments/atlas_a4_two_core_rectangles_coupling.py (want a working-tree path or a <rev>:<path> pin)
ERROR: research/atlas-seven-word-a9-a10-exclusion-proof.md: artifact not found: experiments/atlas-a9-two-chart-scan-v2.json (want a working-tree path or a <rev>:<path> pin)
ERROR: research/atlas-seven-word-a9-a10-exclusion-proof.md: artifact not found: experiments/atlas-a10-two-chart-scan.json (want a working-tree path or a <rev>:<path> pin)
ERROR: research/atlas-seven-word-a9-a10-exclusion.md: artifact not found: experiments/atlas-a9-two-chart-scan-v2.json (want a working-tree path or a <rev>:<path> pin)
ERROR: research/atlas-seven-word-a9-a10-exclusion.md: artifact not found: experiments/atlas-a10-two-chart-scan.json (want a working-tree path or a <rev>:<path> pin)
ERROR: research/atlas-shared-forward-fan-is-2four-by-3two-proof.md: artifact not found: experiments/atlas_a4_shared_involution_completion.py (want a working-tree path or a <rev>:<path> pin)
ERROR: research/atlas-shared-forward-fan-is-2four-by-3two.md: artifact not found: experiments/atlas_a4_shared_involution_completion.py (want a working-tree path or a <rev>:<path> pin)
ERROR: research/atlas-shortest-a4-triangle-packet-proof.md: artifact not found: experiments/atlas_triangle_19243_packet.py (want a working-tree path or a <rev>:<path> pin)
ERROR: research/atlas-shortest-a4-triangle-packet-proof.md: artifact not found: experiments/atlas_kernel_collision_enumerator.py (want a working-tree path or a <rev>:<path> pin)
ERROR: research/atlas-shortest-a4-triangle-packet.md: artifact not found: experiments/atlas_triangle_19243_packet.py (want a working-tree path or a <rev>:<path> pin)
ERROR: research/atlas-six-relator-a11-screen-proof.md: artifact not found: experiments/atlas_six_relator_a11_scan.py (want a working-tree path or a <rev>:<path> pin)
ERROR: research/atlas-six-relator-a11-screen-proof.md: artifact not found: experiments/atlas-six-relator-a11-scan.json (want a working-tree path or a <rev>:<path> pin)
ERROR: research/atlas-six-relator-a12-has-no-marked-pair.md: artifact not found: experiments/atlas_a12_six_relator_screen.py (want a working-tree path or a <rev>:<path> pin)
ERROR: research/atlas-six-relator-a12-has-no-marked-pair.md: artifact not found: experiments/atlas-six-relator-a12-screen.json (want a working-tree path or a <rev>:<path> pin)
ERROR: research/atlas-six-relator-a12-screen-proof.md: artifact not found: experiments/atlas_a12_six_relator_screen.py (want a working-tree path or a <rev>:<path> pin)
ERROR: research/atlas-six-relator-a12-screen-proof.md: artifact not found: experiments/atlas-six-relator-a12-screen.json (want a working-tree path or a <rev>:<path> pin)
ERROR: research/atlas-six-relator-block-monomial-enumeration-proof.md: artifact not found: experiments/atlas_six_relator_block_monomial_verify.js (want a working-tree path or a <rev>:<path> pin)
ERROR: research/atlas-six-relator-block-monomial-enumeration-proof.md: artifact not found: experiments/atlas-six-relator-block-monomial-rank-gap.json (want a working-tree path or a <rev>:<path> pin)
ERROR: research/atlas-six-relator-block-monomial-rank-gap.md: artifact not found: experiments/atlas_six_relator_block_monomial_verify.js (want a working-tree path or a <rev>:<path> pin)
ERROR: research/atlas-six-relator-block-monomial-rank-gap.md: artifact not found: experiments/atlas-six-relator-block-monomial-rank-gap.json (want a working-tree path or a <rev>:<path> pin)
ERROR: research/atlas-six-relator-has-no-a11-target.md: artifact not found: experiments/atlas_six_relator_a11_scan.py (want a working-tree path or a <rev>:<path> pin)
ERROR: research/atlas-six-relator-has-no-a11-target.md: artifact not found: experiments/atlas-six-relator-a11-scan.json (want a working-tree path or a <rev>:<path> pin)
ERROR: research/atlas-six-relator-has-no-natural-alternating-target.md: artifact not found: experiments/atlas_six_relator_natural_a13_a16.py (want a working-tree path or a <rev>:<path> pin)
ERROR: research/atlas-six-relator-has-no-natural-alternating-target.md: artifact not found: experiments/atlas-six-relator-natural-a13-a16.json (want a working-tree path or a <rev>:<path> pin)
ERROR: research/atlas-six-relator-hs-has-no-marked-pair.md: artifact not found: experiments/atlas_six_relator_hs_scan.py (want a working-tree path or a <rev>:<path> pin)
ERROR: research/atlas-six-relator-hs-has-no-marked-pair.md: artifact not found: experiments/atlas-six-relator-hs-scan.json (want a working-tree path or a <rev>:<path> pin)
ERROR: research/atlas-six-relator-hs-screen-proof.md: artifact not found: experiments/atlas_six_relator_hs_scan.py (want a working-tree path or a <rev>:<path> pin)
ERROR: research/atlas-six-relator-hs-screen-proof.md: artifact not found: experiments/atlas-six-relator-hs-scan.json (want a working-tree path or a <rev>:<path> pin)
ERROR: research/atlas-six-relator-l44-has-no-marked-pair.md: artifact not found: experiments/atlas-l44-a8-classification.json (want a working-tree path or a <rev>:<path> pin)
ERROR: research/atlas-six-relator-l44-has-no-marked-pair.md: artifact not found: experiments/atlas-six-relator-l44-subfield-screens.json (want a working-tree path or a <rev>:<path> pin)
ERROR: research/atlas-six-relator-l44-subfield-has-no-marked-pair.md: artifact not found: experiments/atlas_l44_six_relator_screens.py (want a working-tree path or a <rev>:<path> pin)
ERROR: research/atlas-six-relator-l44-subfield-has-no-marked-pair.md: artifact not found: experiments/atlas-six-relator-l44-subfield-screens.json (want a working-tree path or a <rev>:<path> pin)
ERROR: research/atlas-six-relator-l44-subfield-screen-proof.md: artifact not found: experiments/atlas_l44_six_relator_screens.py (want a working-tree path or a <rev>:<path> pin)
ERROR: research/atlas-six-relator-l44-subfield-screen-proof.md: artifact not found: experiments/atlas-six-relator-l44-subfield-screens.json (want a working-tree path or a <rev>:<path> pin)
ERROR: research/atlas-six-relator-l5-has-no-marked-pair.md: artifact not found: experiments/atlas_six_relator_gl5_scan.py (want a working-tree path or a <rev>:<path> pin)
ERROR: research/atlas-six-relator-l5-has-no-marked-pair.md: artifact not found: experiments/atlas-six-relator-gl5-scan.json (want a working-tree path or a <rev>:<path> pin)
ERROR: research/atlas-six-relator-l5-screen-proof.md: artifact not found: experiments/atlas_six_relator_gl5_scan.py (want a working-tree path or a <rev>:<path> pin)
ERROR: research/atlas-six-relator-l5-screen-proof.md: artifact not found: experiments/atlas-six-relator-gl5-scan.json (want a working-tree path or a <rev>:<path> pin)
ERROR: research/atlas-six-relator-m23-has-no-marked-pair.md: artifact not found: experiments/atlas_six_relator_m23_scan.py (want a working-tree path or a <rev>:<path> pin)
ERROR: research/atlas-six-relator-m23-has-no-marked-pair.md: artifact not found: experiments/atlas-six-relator-m23-scan.json (want a working-tree path or a <rev>:<path> pin)
ERROR: research/atlas-six-relator-m23-screen-proof.md: artifact not found: experiments/atlas_six_relator_m23_scan.py (want a working-tree path or a <rev>:<path> pin)
ERROR: research/atlas-six-relator-m23-screen-proof.md: artifact not found: experiments/atlas-six-relator-m23-scan.json (want a working-tree path or a <rev>:<path> pin)
ERROR: research/atlas-six-relator-m24-has-no-marked-pair.md: artifact not found: experiments/atlas_m24_six_relator_screens.py (want a working-tree path or a <rev>:<path> pin)
ERROR: research/atlas-six-relator-m24-has-no-marked-pair.md: artifact not found: experiments/atlas-six-relator-m24-screens.json (want a working-tree path or a <rev>:<path> pin)
ERROR: research/atlas-six-relator-m24-screen-proof.md: artifact not found: experiments/atlas_m24_six_relator_screens.py (want a working-tree path or a <rev>:<path> pin)
ERROR: research/atlas-six-relator-m24-screen-proof.md: artifact not found: experiments/atlas-six-relator-m24-screens.json (want a working-tree path or a <rev>:<path> pin)
ERROR: research/atlas-six-relator-natural-orbit-mixing-floor.md: artifact not found: experiments/atlas_six_relator_blockwise_audit.py (want a working-tree path or a <rev>:<path> pin)
ERROR: research/atlas-six-relator-natural-orbit-mixing-floor.md: artifact not found: experiments/atlas-six-relator-blockwise-audit.json (want a working-tree path or a <rev>:<path> pin)
ERROR: research/atlas-six-relator-natural-orbit-mixing-proof.md: artifact not found: experiments/atlas_six_relator_blockwise_audit.py (want a working-tree path or a <rev>:<path> pin)
ERROR: research/atlas-six-relator-natural-orbit-mixing-proof.md: artifact not found: experiments/atlas-six-relator-blockwise-audit.json (want a working-tree path or a <rev>:<path> pin)
ERROR: research/atlas-six-relator-o8m2-has-no-marked-pair.md: artifact not found: experiments/atlas_o8m2_six_relator_screen.py (want a working-tree path or a <rev>:<path> pin)
ERROR: research/atlas-six-relator-o8m2-has-no-marked-pair.md: artifact not found: experiments/atlas-six-relator-o8m2-screen.json (want a working-tree path or a <rev>:<path> pin)
ERROR: research/atlas-six-relator-o8m2-screen-proof.md: artifact not found: experiments/atlas_o8m2_six_relator_screen.py (want a working-tree path or a <rev>:<path> pin)
ERROR: research/atlas-six-relator-o8m2-screen-proof.md: artifact not found: experiments/atlas-six-relator-o8m2-screen.json (want a working-tree path or a <rev>:<path> pin)
ERROR: research/atlas-six-relator-o8p2-has-no-marked-pair.md: artifact not found: experiments/atlas_o8p2_six_relator_screens.py (want a working-tree path or a <rev>:<path> pin)
ERROR: research/atlas-six-relator-o8p2-has-no-marked-pair.md: artifact not found: experiments/atlas-six-relator-o8p2-screens.json (want a working-tree path or a <rev>:<path> pin)
ERROR: research/atlas-six-relator-o8p2-screen-proof.md: artifact not found: experiments/atlas_o8p2_six_relator_screens.py (want a working-tree path or a <rev>:<path> pin)
ERROR: research/atlas-six-relator-o8p2-screen-proof.md: artifact not found: experiments/atlas-six-relator-o8p2-screens.json (want a working-tree path or a <rev>:<path> pin)
ERROR: research/atlas-six-relator-relative-pieces-proof.md: artifact not found: experiments/atlas_six_relator_relative_pieces.py (want a working-tree path or a <rev>:<path> pin)
ERROR: research/atlas-six-relator-relative-pieces-proof.md: artifact not found: experiments/atlas-six-relator-relative-pieces.json (want a working-tree path or a <rev>:<path> pin)
ERROR: research/atlas-six-relator-relative-small-cancellation-audit.md: artifact not found: experiments/atlas_six_relator_relative_pieces.py (want a working-tree path or a <rev>:<path> pin)
ERROR: research/atlas-six-relator-relative-small-cancellation-audit.md: artifact not found: experiments/atlas-six-relator-relative-pieces.json (want a working-tree path or a <rev>:<path> pin)
ERROR: research/atlas-six-relator-sp6-has-no-marked-pair.md: artifact not found: experiments/atlas_six_relator_sp6_scan.py (want a working-tree path or a <rev>:<path> pin)
ERROR: research/atlas-six-relator-sp6-has-no-marked-pair.md: artifact not found: experiments/atlas-six-relator-sp6-scan.json (want a working-tree path or a <rev>:<path> pin)
ERROR: research/atlas-six-relator-sp6-screen-proof.md: artifact not found: experiments/atlas_six_relator_sp6_scan.py (want a working-tree path or a <rev>:<path> pin)
ERROR: research/atlas-six-relator-sp6-screen-proof.md: artifact not found: experiments/atlas-six-relator-sp6-scan.json (want a working-tree path or a <rev>:<path> pin)
ERROR: research/atlas-solvable-by-a5-gl4-exhaustion-proof.md: artifact not found: experiments/atlas_a4_q1920_all_solvable_A5_gl4_classification.g (want a working-tree path or a <rev>:<path> pin)
ERROR: research/atlas-solvable-by-a5-gl4-exhaustion-proof.md: artifact not found: experiments/verify_atlas_q1920_finite_certificates.py (want a working-tree path or a <rev>:<path> pin)
ERROR: research/atlas-sp6-canonical-moved-module-completion-fails.md: artifact not found: experiments/atlas_a4_q1920_sp6_seam.g (want a working-tree path or a <rev>:<path> pin)
ERROR: research/atlas-sp6-seam-proof.md: artifact not found: experiments/atlas_a4_q1920_sp6_seam.g (want a working-tree path or a <rev>:<path> pin)
ERROR: research/atlas-split-2by-a5-gl4-exhaustion-proof.md: artifact not found: experiments/atlas_a4_q1920_split_2byA5_gl4_classification.g (want a working-tree path or a <rev>:<path> pin)
ERROR: research/atlas-split-2by-a5-gl4-exhaustion-proof.md: artifact not found: experiments/verify_atlas_q1920_finite_certificates.py (want a working-tree path or a <rev>:<path> pin)
ERROR: research/atlas-square-root-collision-constant-term-is-zero.md: artifact not found: experiments/atlas-word-19243.json (want a working-tree path or a <rev>:<path> pin)
ERROR: research/atlas-square-root-collision-constant-term-is-zero.md: artifact not found: experiments/atlas_a4_19243_component_localization.py (want a working-tree path or a <rev>:<path> pin)
ERROR: research/atlas-square-root-frame-has-unit-packet-residual.md: artifact not found: experiments/atlas_a4_19243_component_localization.py (want a working-tree path or a <rev>:<path> pin)
ERROR: research/atlas-stabilizer-coset-witness.md: artifact not found: experiments/atlas_stabilizer_coset_search.py (want a working-tree path or a <rev>:<path> pin)
ERROR: research/atlas-stabilizer-coset-witness.md: artifact not found: experiments/atlas_true_criterion_stage1.py (want a working-tree path or a <rev>:<path> pin)
ERROR: research/atlas-stabilizer-slice-stationary.md: artifact not found: experiments/atlas_true_criterion_stage1.py (want a working-tree path or a <rev>:<path> pin)
ERROR: research/atlas-steinberg-transfer-identity.md: artifact not found: experiments/atlas_relator_transfer_check.py (want a working-tree path or a <rev>:<path> pin)
ERROR: research/atlas-supercritical-pauli-branching-cycle.md: artifact not found: notes/TRUE_PAULI_BRANCH_TRANSFER_PACKET.md (want a working-tree path or a <rev>:<path> pin)
ERROR: research/atlas-supercritical-pauli-branching-cycle.md: artifact not found: notes/TRUE_RAW_PAULI_COEFFICIENT_CUT.md (want a working-tree path or a <rev>:<path> pin)
ERROR: research/atlas-t30-is-one-parabolic-c3-bridge.md: artifact not found: experiments/atlas_t30_parabolic_c3_bridge.py (want a working-tree path or a <rev>:<path> pin)
ERROR: research/atlas-t30-is-one-parabolic-c3-bridge.md: artifact not found: experiments/atlas-t30-parabolic-c3-bridge.json (want a working-tree path or a <rev>:<path> pin)
ERROR: research/atlas-t30-parabolic-c3-bridge-proof.md: artifact not found: experiments/atlas_t30_parabolic_c3_bridge.py (want a working-tree path or a <rev>:<path> pin)
ERROR: research/atlas-t30-parabolic-c3-bridge-proof.md: artifact not found: experiments/atlas-t30-parabolic-c3-bridge.json (want a working-tree path or a <rev>:<path> pin)
ERROR: research/atlas-thirty-centralizer-products-classicalize.md: artifact not found: experiments/atlas_a4_gl5_packet_screen.py (want a working-tree path or a <rev>:<path> pin)
ERROR: research/atlas-three-mode-balanced-area-collector-proof.md: artifact not found: experiments/atlas_three_mode_balanced_area.py (want a working-tree path or a <rev>:<path> pin)
ERROR: research/atlas-three-mode-balanced-area-collector-proof.md: artifact not found: experiments/atlas-rank5-balanced-area.json (want a working-tree path or a <rev>:<path> pin)
ERROR: research/atlas-three-mode-balanced-area-collector-proof.md: artifact not found: experiments/verify_atlas_rank5_balanced_area.py (want a working-tree path or a <rev>:<path> pin)
ERROR: research/atlas-three-mode-balanced-area-sparse-collector-proof.md: artifact not found: experiments/atlas_three_mode_balanced_area.py (want a working-tree path or a <rev>:<path> pin)
ERROR: research/atlas-three-mode-balanced-area-sparse-collector-proof.md: artifact not found: experiments/atlas-rank5-balanced-area.json (want a working-tree path or a <rev>:<path> pin)
ERROR: research/atlas-three-mode-balanced-area-sparse-collector-proof.md: artifact not found: experiments/atlas-rank5-balanced-area-17081560.log (want a working-tree path or a <rev>:<path> pin)
ERROR: research/atlas-three-word-a5xc2-countermodel.md: artifact not found: experiments/atlas_three_word_permutation_countermodel.py (want a working-tree path or a <rev>:<path> pin)
ERROR: research/atlas-three-word-c6-s3-core-proof.md: artifact not found: experiments/atlas_three_word_permutation_countermodel.py (want a working-tree path or a <rev>:<path> pin)
ERROR: research/atlas-three-word-c6-s3-core-proof.md: artifact not found: experiments/atlas-word-19243.json (want a working-tree path or a <rev>:<path> pin)
ERROR: research/atlas-three-word-c6-s3-core.md: artifact not found: experiments/atlas_three_word_permutation_countermodel.py (want a working-tree path or a <rev>:<path> pin)
ERROR: research/atlas-three-word-c6-s3-core.md: artifact not found: experiments/atlas-word-19243.json (want a working-tree path or a <rev>:<path> pin)
ERROR: research/atlas-three-word-gap-permutation-countermodel-proof.md: artifact not found: experiments/atlas_three_word_permutation_countermodel.py (want a working-tree path or a <rev>:<path> pin)
ERROR: research/atlas-three-word-gap-permutation-countermodel.md: artifact not found: experiments/atlas_three_word_permutation_countermodel.py (want a working-tree path or a <rev>:<path> pin)
ERROR: research/atlas-true-criterion-baseline.md: artifact not found: experiments/atlas_true_criterion_warmstarts.py (want a working-tree path or a <rev>:<path> pin)
ERROR: research/atlas-two-e-strip-return-retains-common-gauge.md: artifact not found: experiments/atlas_first_nonscalar_mixed_row_audit.py (want a working-tree path or a <rev>:<path> pin)
ERROR: research/atlas-two-holonomy-endpoint-localization-proof.md: artifact not found: experiments/atlas_a4_packet_component_audit.py (want a working-tree path or a <rev>:<path> pin)
ERROR: research/atlas-two-holonomy-endpoint-localization.md: artifact not found: experiments/atlas_a4_packet_component_audit.py (want a working-tree path or a <rev>:<path> pin)
ERROR: research/atlas-two-s3-covariance-collapse.md: artifact not found: notes/EXPLICIT_LEAVITT_ATLAS.md (want a working-tree path or a <rev>:<path> pin)
ERROR: research/atlas-two-s3-covariance-collapse.md: artifact not found: notes/TRUE_RAW_WORD_REYNOLDS_GAP.md (want a working-tree path or a <rev>:<path> pin)
ERROR: research/atlas-two-s3-covariance-collapse.md: artifact not found: notes/TRUE_RAW_WORD_S3_TIMES_S3_LOCALIZATION.md (want a working-tree path or a <rev>:<path> pin)
ERROR: research/atlas-two-s3-covariance-collapse.md: artifact not found: notes/ATLAS_BOUNDARY_RANK_THREE_EXACT_AUDIT.md (want a working-tree path or a <rev>:<path> pin)
ERROR: research/atlas-two-s3-covariance-collapse.md: artifact not found: experiments/atlas-raw-compressor-source-words.json (want a working-tree path or a <rev>:<path> pin)
ERROR: research/atlas-two-s3-covariance-collapse.md: artifact not found: experiments/atlas_raw_reynolds_gap_audit.py (want a working-tree path or a <rev>:<path> pin)
ERROR: research/atlas-two-s3-covariance-collapse.md: artifact not found: experiments/atlas-boundary-11-30.json (want a working-tree path or a <rev>:<path> pin)
ERROR: research/atlas-two-s3-covariance-collapse.md: artifact not found: experiments/atlas_boundary_h_tangent_screen.py (want a working-tree path or a <rev>:<path> pin)
ERROR: research/atlas-two-s3-covariance-collapse.md: artifact not found: experiments/atlas-boundary-h-irrep-greedy.json (want a working-tree path or a <rev>:<path> pin)
ERROR: research/atlas-two-s3-covariance-collapse.md: artifact not found: experiments/atlas-boundary-h-finite-quotient-scan.json (want a working-tree path or a <rev>:<path> pin)
ERROR: research/atlas-v4-bridge-proof.md: artifact not found: experiments/atlas_a4_q1920_module_structure.g (want a working-tree path or a <rev>:<path> pin)
ERROR: research/atlas-v4-bridge-proof.md: artifact not found: experiments/atlas_a4_large_k22_intersection_screen.g (want a working-tree path or a <rev>:<path> pin)
ERROR: research/atlas-wedderburn-hall-deficient-support-certificate.md: artifact not found: experiments/weighted_hall_mincut.py (want a working-tree path or a <rev>:<path> pin)
ERROR: research/atlas-wedderburn-hall-deficient-support-certificate.md: artifact not found: experiments/weighted-hall-smoke.json (want a working-tree path or a <rev>:<path> pin)
ERROR: research/atlas-wedderburn-soft-transport-certificate.md: artifact not found: experiments/weighted_hall_interdiction.py (want a working-tree path or a <rev>:<path> pin)
ERROR: research/atlas-word-19243-is-kernel-relation-proof.md: artifact not found: experiments/atlas-word-19243.json (want a working-tree path or a <rev>:<path> pin)
ERROR: research/atlas-word-19243-is-kernel-relation-proof.md: artifact not found: experiments/atlas_word_19243_trace.py (want a working-tree path or a <rev>:<path> pin)
ERROR: research/atlas-word-19243-is-kernel-relation.md: artifact not found: experiments/atlas-word-19243.json (want a working-tree path or a <rev>:<path> pin)
ERROR: research/atlas-word-19243-is-kernel-relation.md: artifact not found: experiments/atlas_word_19243_trace.py (want a working-tree path or a <rev>:<path> pin)
ERROR: research/atlas-word-19243-is-kernel-relation.md: artifact not found: notes/ATLAS_BOUNDARY_RANK_THREE_EXACT_AUDIT.md (want a working-tree path or a <rev>:<path> pin)
ERROR: research/atlas-word-19243-kernel-proof.md: artifact not found: experiments/atlas-word-19243.json (want a working-tree path or a <rev>:<path> pin)
ERROR: research/atlas-word-19243-kernel-proof.md: artifact not found: experiments/atlas_word_19243_trace.py (want a working-tree path or a <rev>:<path> pin)
ERROR: research/atlas-word-inventory-does-not-define-typed-channel-census.md: artifact not found: experiments/atlas-six-relator-relative-pieces.json (want a working-tree path or a <rev>:<path> pin)
ERROR: research/atlas-word-inventory-does-not-define-typed-channel-census.md: artifact not found: experiments/atlas-raw-compressor-source-words.json (want a working-tree path or a <rev>:<path> pin)
ERROR: research/atlas-word-inventory-does-not-define-typed-channel-census.md: artifact not found: experiments/atlas-raw-comb-mixed-relations.json (want a working-tree path or a <rev>:<path> pin)
ERROR: research/augmentation-blocks-unital-leavitt-family.md: artifact not found: GroupApproximation/KOne/ClassicalKOne.lean (want a working-tree path or a <rev>:<path> pin)
ERROR: research/b2-pairs-full-hecke-first-support.md: artifact not found: experiments/full_q_b2_r_support_audit.py (want a working-tree path or a <rev>:<path> pin)
ERROR: research/b7-faithful-two-cell-retains-or3-prefix-defect.md: artifact not found: experiments/or3_cycle_raw_prefix_covariance.py (want a working-tree path or a <rev>:<path> pin)
ERROR: research/b7-normalizing-conjugacy-clocks-are-residually-finite.md: artifact not found: experiments/or3_cycle_raw_prefix_covariance.py (want a working-tree path or a <rev>:<path> pin)
ERROR: research/balanced-cross-matrix-unit-actions-have-m3-morita-model.md: artifact not found: experiments/balanced_cross_matrix_unit_morita_escape.py (want a working-tree path or a <rev>:<path> pin)
ERROR: research/balanced-power-boundaries-lift-to-folded-certificates-proof.md: artifact not found: experiments/legal-f-folded-fatgraphs-2026-09-17/lift_lp.py (want a working-tree path or a <rev>:<path> pin)
ERROR: research/balanced-power-boundaries-lift-to-folded-certificates-proof.md: artifact not found: experiments/legal-f-folded-fatgraphs-2026-09-17/lift_word.py (want a working-tree path or a <rev>:<path> pin)
ERROR: research/balanced-power-boundaries-lift-to-folded-certificates-proof.md: artifact not found: experiments/legal-f-folded-fatgraphs-2026-09-17/verify_surface_multi.py (want a working-tree path or a <rev>:<path> pin)
ERROR: research/balanced-power-boundaries-lift-to-folded-certificates-proof.md: artifact not found: experiments/legal-f-folded-fatgraphs-2026-09-17/verify_surface_phi939_phi4010_m2.log (want a working-tree path or a <rev>:<path> pin)
ERROR: research/balanced-power-boundaries-lift-to-folded-certificates.md: artifact not found: experiments/legal-f-folded-fatgraphs-2026-09-17/lift_lp.py (want a working-tree path or a <rev>:<path> pin)
ERROR: research/balanced-power-boundaries-lift-to-folded-certificates.md: artifact not found: experiments/legal-f-folded-fatgraphs-2026-09-17/lift_word.py (want a working-tree path or a <rev>:<path> pin)
ERROR: research/balanced-power-boundaries-lift-to-folded-certificates.md: artifact not found: experiments/legal-f-folded-fatgraphs-2026-09-17/verify_surface_multi.py (want a working-tree path or a <rev>:<path> pin)
ERROR: research/balanced-power-boundaries-lift-to-folded-certificates.md: artifact not found: experiments/legal-f-folded-fatgraphs-2026-09-17/surfaces_m2_census/phi939.json (want a working-tree path or a <rev>:<path> pin)
ERROR: research/balanced-power-boundaries-lift-to-folded-certificates.md: artifact not found: experiments/legal-f-folded-fatgraphs-2026-09-17/surfaces_m2_census/phi4010.json (want a working-tree path or a <rev>:<path> pin)
ERROR: research/balanced-power-boundaries-lift-to-folded-certificates.md: artifact not found: experiments/legal-f-folded-fatgraphs-2026-09-17/verify_surface_phi939_phi4010_m2.log (want a working-tree path or a <rev>:<path> pin)
ERROR: research/bare-relative-wall-exists.md: artifact not found: notes/FALSE_RELATIVE_BICOMMUTANT_ENDPOINT.md (want a working-tree path or a <rev>:<path> pin)
ERROR: research/bare-relative-wall-exists.md: artifact not found: notes/TRUE_RELATIVE_WALL_IS_COMMUTANT_GROWTH.md (want a working-tree path or a <rev>:<path> pin)
ERROR: research/bare-self-copy-mf-calibration-proof.md: artifact not found: notes/FINITE_PACKET_SELF_COPY_COLLAPSE.md (want a working-tree path or a <rev>:<path> pin)
ERROR: research/bare-self-copy-mf-calibration-proof.md: artifact not found: GroupApproximation/Criterion/FiniteDimensionalKill.lean (want a working-tree path or a <rev>:<path> pin)
ERROR: research/bare-self-copy-mf-calibration-proof.md: artifact not found: GroupApproximation/Algebra/DyadicRationals.lean (want a working-tree path or a <rev>:<path> pin)
ERROR: research/bare-self-copy-mf-calibration-proof.md: artifact not found: experiments/verify_bs12_calibration.py (want a working-tree path or a <rev>:<path> pin)
ERROR: research/bare-self-copy-mf-calibration.md: artifact not found: notes/FINITE_PACKET_SELF_COPY_COLLAPSE.md (want a working-tree path or a <rev>:<path> pin)
ERROR: research/bare-self-copy-mf-calibration.md: artifact not found: GroupApproximation/Criterion/FiniteDimensionalKill.lean (want a working-tree path or a <rev>:<path> pin)
ERROR: research/bare-self-copy-mf-calibration.md: artifact not found: GroupApproximation/Algebra/DyadicRationals.lean (want a working-tree path or a <rev>:<path> pin)
ERROR: research/bare-self-copy-mf-calibration.md: artifact not found: experiments/verify_bs12_calibration.py (want a working-tree path or a <rev>:<path> pin)
ERROR: research/bare-wall-radical-collision-route.md: artifact not found: notes/FALSE_RELATIVE_BICOMMUTANT_ENDPOINT.md (want a working-tree path or a <rev>:<path> pin)
ERROR: research/bare-wall-radical-collision-route.md: artifact not found: notes/TRUE_KUN_THOM_CLIFFORD_PHASE.md (want a working-tree path or a <rev>:<path> pin)
ERROR: research/baumslag-solitar-gap-table-at-five-by-five-proof.md: artifact not found: experiments/gottschalk-baumslag-solitar-gap-tables-2026-09-17/RESULTS.md (want a working-tree path or a <rev>:<path> pin)
ERROR: research/baumslag-solitar-gap-table-at-five-by-five-proof.md: artifact not found: experiments/gottschalk-baumslag-solitar-gap-tables-2026-09-17/bsgroup.py (want a working-tree path or a <rev>:<path> pin)
ERROR: research/baumslag-solitar-gap-table-at-five-by-five-proof.md: artifact not found: experiments/gottschalk-baumslag-solitar-gap-tables-2026-09-17/gaptable.py (want a working-tree path or a <rev>:<path> pin)
ERROR: research/baumslag-solitar-gap-table-at-five-by-five-proof.md: artifact not found: experiments/gottschalk-baumslag-solitar-gap-tables-2026-09-17/verify_gap55.g (want a working-tree path or a <rev>:<path> pin)
ERROR: research/baumslag-solitar-gap-table-at-five-by-five-proof.md: artifact not found: experiments/gottschalk-baumslag-solitar-gap-tables-2026-09-17/gap_tables_5x5.jsonl (want a working-tree path or a <rev>:<path> pin)
ERROR: research/baumslag-solitar-gap-table-at-five-by-five.md: artifact not found: experiments/gottschalk-baumslag-solitar-gap-tables-2026-09-17/RESULTS.md (want a working-tree path or a <rev>:<path> pin)
ERROR: research/baumslag-solitar-gap-table-at-five-by-five.md: artifact not found: experiments/gottschalk-baumslag-solitar-gap-tables-2026-09-17/bsgroup.py (want a working-tree path or a <rev>:<path> pin)
ERROR: research/baumslag-solitar-gap-table-at-five-by-five.md: artifact not found: experiments/gottschalk-baumslag-solitar-gap-tables-2026-09-17/gaptable.py (want a working-tree path or a <rev>:<path> pin)
ERROR: research/baumslag-solitar-gap-table-at-five-by-five.md: artifact not found: experiments/gottschalk-baumslag-solitar-gap-tables-2026-09-17/bsgapsearch.py (want a working-tree path or a <rev>:<path> pin)
ERROR: research/baumslag-solitar-gap-table-at-five-by-five.md: artifact not found: experiments/gottschalk-baumslag-solitar-gap-tables-2026-09-17/extend.py (want a working-tree path or a <rev>:<path> pin)
ERROR: research/baumslag-solitar-gap-table-at-five-by-five.md: artifact not found: experiments/gottschalk-baumslag-solitar-gap-tables-2026-09-17/verify_gap55.g (want a working-tree path or a <rev>:<path> pin)
ERROR: research/baumslag-solitar-gap-table-at-five-by-five.md: artifact not found: experiments/gottschalk-baumslag-solitar-gap-tables-2026-09-17/gap_tables_5x5.jsonl (want a working-tree path or a <rev>:<path> pin)
ERROR: research/baumslag-solitar-gap-table-at-five-by-five.md: artifact not found: experiments/gottschalk-baumslag-solitar-gap-tables-2026-09-17/gap_tables_5x6.jsonl (want a working-tree path or a <rev>:<path> pin)
ERROR: research/bcs-to-lcs-exact-support-gap.md: artifact not found: notes/FALSE_PERFECT_COMPLETENESS_MASK_NO_GO.md (want a working-tree path or a <rev>:<path> pin)
ERROR: research/bespoke-routing-lemma.md: artifact not found: GroupApproximation/Sofic/TorsionFreeFullMFRadical.lean (want a working-tree path or a <rev>:<path> pin)
ERROR: research/bespoke-routing-lemma.md: artifact not found: 999c6320c:GroupApproximation/Sofic/FullMFRadicalEndpoint.lean (want a working-tree path or a <rev>:<path> pin)
ERROR: research/binary-jacobson-active-cycle-generates-rank-three.md: artifact not found: notes/PROPERTY_T_FREE_MF_ATTEMPT_2026-08-26.md (want a working-tree path or a <rev>:<path> pin)
ERROR: research/binary-jacobson-active-cycle-generation-proof.md: artifact not found: notes/PROPERTY_T_FREE_MF_ATTEMPT_2026-08-26.md (want a working-tree path or a <rev>:<path> pin)
ERROR: research/binary-jacobson-head-root-has-opnorm-square-decoder.md: artifact not found: notes/PROPERTY_T_FREE_MF_ATTEMPT_2026-08-26.md (want a working-tree path or a <rev>:<path> pin)
ERROR: research/binary-jacobson-one-reverse-root-completes-two-target-parabolic.md: artifact not found: notes/PROPERTY_T_FREE_MF_ATTEMPT_2026-08-26.md (want a working-tree path or a <rev>:<path> pin)
ERROR: research/binary-jacobson-proper-active-cycle-is-amenable.md: artifact not found: notes/PROPERTY_T_FREE_MF_ATTEMPT_2026-08-26.md (want a working-tree path or a <rev>:<path> pin)
ERROR: research/binary-jacobson-proper-cycle-amenability-proof.md: artifact not found: notes/PROPERTY_T_FREE_MF_ATTEMPT_2026-08-26.md (want a working-tree path or a <rev>:<path> pin)
ERROR: research/binary-jacobson-reverse-root-generation-proof.md: artifact not found: notes/PROPERTY_T_FREE_MF_ATTEMPT_2026-08-26.md (want a working-tree path or a <rev>:<path> pin)
ERROR: research/binary-jacobson-three-cycle-controlled-swap-proof.md: artifact not found: notes/PROPERTY_T_FREE_MF_ATTEMPT_2026-08-26.md (want a working-tree path or a <rev>:<path> pin)
ERROR: research/binary-jacobson-three-cycle-is-controlled-swap-and-marked-mf.md: artifact not found: notes/PROPERTY_T_FREE_MF_ATTEMPT_2026-08-26.md (want a working-tree path or a <rev>:<path> pin)
ERROR: research/binary-jacobson-two-target-parabolic-is-marked-mf.md: artifact not found: notes/PROPERTY_T_FREE_MF_ATTEMPT_2026-08-26.md (want a working-tree path or a <rev>:<path> pin)
ERROR: research/binary-jacobson-two-target-parabolic-proof.md: artifact not found: notes/PROPERTY_T_FREE_MF_ATTEMPT_2026-08-26.md (want a working-tree path or a <rev>:<path> pin)
ERROR: research/binary-leavitt-algebra-not-directly-finite-proof.md: artifact not found: GroupApproximation/Leavitt/Leavitt.lean (want a working-tree path or a <rev>:<path> pin)
ERROR: research/binary-leavitt-all-ranks-full-mf-radical-proof.md: artifact not found: GroupApproximation/Leavitt/PrefixCode.lean (want a working-tree path or a <rev>:<path> pin)
ERROR: research/binary-leavitt-all-ranks-full-mf-radical-proof.md: artifact not found: GroupApproximation/KOne/AllRanksElementary.lean (want a working-tree path or a <rev>:<path> pin)
ERROR: research/binary-leavitt-all-ranks-full-mf-radical-proof.md: artifact not found: non_mf_groups_exist.tex (want a working-tree path or a <rev>:<path> pin)
ERROR: research/binary-leavitt-all-ranks-full-mf-radical.md: artifact not found: non_mf_groups_exist.tex (want a working-tree path or a <rev>:<path> pin)
ERROR: research/binary-leavitt-elementary-group-is-simple-proof.md: artifact not found: GroupApproximation/Leavitt/RootDetectionBinary.lean (want a working-tree path or a <rev>:<path> pin)
ERROR: research/binary-leavitt-full-row-elements-normally-generate.md: artifact not found: GroupApproximation/Steinberg/BinaryLeavitt.lean (want a working-tree path or a <rev>:<path> pin)
ERROR: research/binary-leavitt-unit-group-four-generated.md: artifact not found: experiments/atlas_four_generator_certificate.py (want a working-tree path or a <rev>:<path> pin)
ERROR: research/binary-leavitt-unit-group-has-tt-mod-t-proof.md: artifact not found: GroupApproximation/PropertyTT/PaperStatements.lean (want a working-tree path or a <rev>:<path> pin)
ERROR: research/binary-leavitt-unit-group-has-tt-mod-t-proof.md: artifact not found: GroupApproximation/PropertyTT/FiniteTypeLeavittTT.lean (want a working-tree path or a <rev>:<path> pin)
ERROR: research/binary-leavitt-unit-group-has-tt-mod-t-proof.md: artifact not found: GroupApproximation/Leavitt/LeavittSimplicity.lean (want a working-tree path or a <rev>:<path> pin)
ERROR: research/binary-leavitt-unit-group-has-tt-mod-t-proof.md: artifact not found: GroupApproximation/KOne/AllRanksElementaryCore.lean (want a working-tree path or a <rev>:<path> pin)
ERROR: research/binary-leavitt-unit-group-has-tt-mod-t.md: artifact not found: GroupApproximation/PropertyTT/PaperStatements.lean (want a working-tree path or a <rev>:<path> pin)
ERROR: research/binary-leavitt-unit-group-has-tt-mod-t.md: artifact not found: GroupApproximation/PropertyTT/NonsoficCorollary.lean (want a working-tree path or a <rev>:<path> pin)
ERROR: research/binary-leavitt-unit-group-has-tt-mod-t.md: artifact not found: GroupApproximation/PropertyTT/FiniteTypeLeavittTT.lean (want a working-tree path or a <rev>:<path> pin)
ERROR: research/binary-schur-child-toeplitz-self-embedding.md: artifact not found: experiments/binary_schur_toeplitz_embedding.py (want a working-tree path or a <rev>:<path> pin)
ERROR: research/binary-schur-child-toeplitz-self-embedding.md: artifact not found: experiments/binary-schur-toeplitz-embedding.json (want a working-tree path or a <rev>:<path> pin)
ERROR: research/bit-register-cloning-group-has-doubly-exponential-period-growth.md: artifact not found: experiments/cloning-period-growth-2026-09-17/check_cloning_axioms.py (want a working-tree path or a <rev>:<path> pin)
ERROR: research/bit-register-cloning-group-has-doubly-exponential-period-growth.md: artifact not found: experiments/cloning-period-growth-2026-09-17/phi_and_counter_circuit.py (want a working-tree path or a <rev>:<path> pin)
ERROR: research/bit-register-cloning-group-has-doubly-exponential-period-growth.md: artifact not found: experiments/cloning-period-growth-2026-09-17/output.txt (want a working-tree path or a <rev>:<path> pin)
ERROR: research/bit-register-cloning-period-growth-proof.md: artifact not found: experiments/cloning-period-growth-2026-09-17/check_cloning_axioms.py (want a working-tree path or a <rev>:<path> pin)
ERROR: research/bit-register-cloning-period-growth-proof.md: artifact not found: experiments/cloning-period-growth-2026-09-17/phi_and_counter_circuit.py (want a working-tree path or a <rev>:<path> pin)
ERROR: research/bit-register-cloning-period-growth-proof.md: artifact not found: experiments/cloning-period-growth-2026-09-17/output.txt (want a working-tree path or a <rev>:<path> pin)
ERROR: research/black-hole-attachments-compute-semantic-quotients.md: artifact not found: notes/MF_REFLECTION_AND_CORONA_SUPPORT_CALCULUS.md (want a working-tree path or a <rev>:<path> pin)
ERROR: research/bleak-quick-finite-presentations-of-thompson-v-citation.md: artifact not found: experiments/thompson-v-models/presentation_bq2.json (want a working-tree path or a <rev>:<path> pin)
ERROR: research/block-monomial-coordinate-collapse-proof.md: artifact not found: notes/TRUE_BLOCK_MONOMIAL_COORDINATE_COLLAPSE.md (want a working-tree path or a <rev>:<path> pin)
ERROR: research/block-monomial-coordinate-collapse.md: artifact not found: notes/TRUE_BLOCK_MONOMIAL_COORDINATE_COLLAPSE.md (want a working-tree path or a <rev>:<path> pin)
ERROR: research/block-monomial-fiber-models.md: artifact not found: notes/TRUE_BLOCK_MONOMIAL_COORDINATE_COLLAPSE.md (want a working-tree path or a <rev>:<path> pin)
ERROR: research/bohr-column-needs-more-than-bounded-exponent.md: artifact not found: GroupApproximation/Sofic/AlternatingLampBohrResidual.lean (want a working-tree path or a <rev>:<path> pin)
ERROR: research/bohr-column-torsion-shortcut-proof.md: artifact not found: GroupApproximation/Sofic/AlternatingLampBohrResidual.lean (want a working-tree path or a <rev>:<path> pin)
ERROR: research/bohr-residual-equals-finite-residual-for-profinite-targets-proof.md: artifact not found: GroupApproximation/Analysis/PeterWeylProfinite.lean (want a working-tree path or a <rev>:<path> pin)
ERROR: research/bohr-residual-equals-finite-residual-for-profinite-targets.md: artifact not found: GroupApproximation/Analysis/PeterWeylProfinite.lean (want a working-tree path or a <rev>:<path> pin)
ERROR: research/bohr-residual-equals-finite-residual-for-profinite-targets.md: artifact not found: GroupApproximation/Sofic/FiveRadicalsCoincide.lean (want a working-tree path or a <rev>:<path> pin)
ERROR: research/boolean-predicate-is-one-rank-jump.md: artifact not found: experiments/schur_clifford_rank_gate.py (want a working-tree path or a <rev>:<path> pin)
ERROR: research/boolean-violation-is-one-raw-radical-qubit-drop.md: artifact not found: experiments/boolean_predicate_radical_cycle.py (want a working-tree path or a <rev>:<path> pin)
ERROR: research/boone-base-group-and-lemma-five-proof.md: artifact not found: GroupApproximation/Computability/BooneGroupBase.lean (want a working-tree path or a <rev>:<path> pin)
ERROR: research/boone-base-group-and-lemma-five.md: artifact not found: GroupApproximation/Computability/BooneGroupBase.lean (want a working-tree path or a <rev>:<path> pin)
ERROR: research/boone-base-group-and-lemma-five.md: artifact not found: GroupApproximation/Computability/BooneGroupFreeBasis.lean (want a working-tree path or a <rev>:<path> pin)
ERROR: research/boone-base-group-two-generator-one-relator-proof.md: artifact not found: GroupApproximation/Computability/BooneGroupPresentation.lean (want a working-tree path or a <rev>:<path> pin)
ERROR: research/boone-base-group-two-generator-one-relator.md: artifact not found: GroupApproximation/Computability/BooneGroupPresentation.lean (want a working-tree path or a <rev>:<path> pin)
ERROR: research/boone-commutator-criterion-for-halting.md: artifact not found: GroupApproximation/Computability/BooneGroupTower.lean (want a working-tree path or a <rev>:<path> pin)
ERROR: research/boone-commutator-criterion-for-halting.md: artifact not found: GroupApproximation/Computability/BooneGroupMachineIndex.lean (want a working-tree path or a <rev>:<path> pin)
ERROR: research/boone-commutator-criterion-via-final-stable-letter.md: artifact not found: GroupApproximation/Computability/BooneGroupTower.lean (want a working-tree path or a <rev>:<path> pin)
ERROR: research/boone-commutator-criterion-via-final-stable-letter.md: artifact not found: GroupApproximation/Computability/BooneGroupFreeBasis.lean (want a working-tree path or a <rev>:<path> pin)
ERROR: research/boone-final-group-finitely-presented-route.md: artifact not found: GroupApproximation/Computability/BooneGroupPresentation.lean (want a working-tree path or a <rev>:<path> pin)
ERROR: research/boone-final-group-finitely-presented-route.md: artifact not found: GroupApproximation/Computability/BooneGroupTower.lean (want a working-tree path or a <rev>:<path> pin)
ERROR: research/boone-final-group-finitely-presented.md: artifact not found: GroupApproximation/Computability/BooneGroupPresentation.lean (want a working-tree path or a <rev>:<path> pin)
ERROR: research/boone-final-group-finitely-presented.md: artifact not found: GroupApproximation/Computability/BooneGroupTower.lean (want a working-tree path or a <rev>:<path> pin)
ERROR: research/boone-halting-index-good-parameter-set-proof.md: artifact not found: GroupApproximation/Computability/BooneGroupMachineIndex.lean (want a working-tree path or a <rev>:<path> pin)
ERROR: research/boone-halting-index-good-parameter-set.md: artifact not found: GroupApproximation/Computability/BooneGroupMachineIndex.lean (want a working-tree path or a <rev>:<path> pin)
ERROR: research/boone-halting-index-good-parameter-set.md: artifact not found: GroupApproximation/Computability/BooneGroupBase.lean (want a working-tree path or a <rev>:<path> pin)
ERROR: research/boone-halting-subgroup-is-normal-closure-proof.md: artifact not found: GroupApproximation/Computability/BooneGroupGoodness.lean (want a working-tree path or a <rev>:<path> pin)
ERROR: research/boone-halting-subgroup-is-normal-closure-proof.md: artifact not found: GroupApproximation/Computability/BooneGroupTower.lean (want a working-tree path or a <rev>:<path> pin)
ERROR: research/boone-halting-subgroup-is-normal-closure.md: artifact not found: GroupApproximation/Computability/BooneGroupModularMachine.lean (want a working-tree path or a <rev>:<path> pin)
ERROR: research/boone-halting-subgroup-is-normal-closure.md: artifact not found: GroupApproximation/Computability/BooneGroupMachineIndex.lean (want a working-tree path or a <rev>:<path> pin)
ERROR: research/boone-halting-subgroup-is-normal-closure.md: artifact not found: GroupApproximation/Computability/BooneGroupGoodness.lean (want a working-tree path or a <rev>:<path> pin)
ERROR: research/boone-higman-via-universal-leavitt-host.md: artifact not found: GroupApproximation/Leavitt/LeavittSimplicity.lean (want a working-tree path or a <rev>:<path> pin)
ERROR: research/boone-higman-via-universal-leavitt-host.md: artifact not found: GroupApproximation/Leavitt/FinitePresentation.lean (want a working-tree path or a <rev>:<path> pin)
ERROR: research/boone-hnn-tower-embeds-base-group-proof.md: artifact not found: GroupApproximation/Computability/BooneGroupTower.lean (want a working-tree path or a <rev>:<path> pin)
ERROR: research/boone-hnn-tower-embeds-base-group.md: artifact not found: GroupApproximation/Computability/BooneGroupTower.lean (want a working-tree path or a <rev>:<path> pin)
ERROR: research/boone-hnn-tower-embeds-base-group.md: artifact not found: GroupApproximation/Computability/BooneGroupModularMachine.lean (want a working-tree path or a <rev>:<path> pin)
ERROR: research/boone-normal-closure-of-t-finitely-generated-proof.md: artifact not found: GroupApproximation/Computability/BooneGroupFinitePresentation.lean (want a working-tree path or a <rev>:<path> pin)
ERROR: research/boone-normal-closure-of-t-finitely-generated.md: artifact not found: GroupApproximation/Computability/BooneGroupBase.lean (want a working-tree path or a <rev>:<path> pin)
ERROR: research/boone-normal-closure-of-t-finitely-generated.md: artifact not found: GroupApproximation/Computability/BooneGroupTower.lean (want a working-tree path or a <rev>:<path> pin)
ERROR: research/boone-tower-good-subgroup-transport-route.md: artifact not found: GroupApproximation/Computability/BooneGroupMachineIndex.lean (want a working-tree path or a <rev>:<path> pin)
ERROR: research/boone-tower-good-subgroup-transport-route.md: artifact not found: GroupApproximation/Computability/BooneGroupTower.lean (want a working-tree path or a <rev>:<path> pin)
ERROR: research/boone-tower-good-subgroup-transport.md: artifact not found: GroupApproximation/Computability/BooneGroupGoodness.lean (want a working-tree path or a <rev>:<path> pin)
ERROR: research/boone-tower-good-subgroup-transport.md: artifact not found: GroupApproximation/Computability/BooneGroupMachineIndex.lean (want a working-tree path or a <rev>:<path> pin)
ERROR: research/boone-tower-good-subgroup-transport.md: artifact not found: GroupApproximation/Computability/BooneGroupTower.lean (want a working-tree path or a <rev>:<path> pin)
ERROR: research/bounded-bs14-full-commutant-coboundary-inverse.md: artifact not found: experiments/bs14_monodromy_quantization_check.py (want a working-tree path or a <rev>:<path> pin)
ERROR: research/bounded-low-gap-witness-gives-balanced-cut.md: artifact not found: notes/TRUE_SPECTRAL_COAREA_INVARIANT_CUT.md (want a working-tree path or a <rev>:<path> pin)
ERROR: research/bowen-chapman-ambient-rank-models-do-not-round-peripheral.md: artifact not found: ed6cf4b3e:GroupApproximation/BowenChapman/ResiduallyFiniteSubstitution.lean (want a working-tree path or a <rev>:<path> pin)
ERROR: research/bowen-chapman-witness-is-kt-double-at-q2-r3-d3-proof.md: artifact not found: ed6cf4b3e:GroupApproximation/BowenChapman/LaurentPair.lean (want a working-tree path or a <rev>:<path> pin)
ERROR: research/bowen-chapman-witness-is-kt-double-at-q2-r3-d3.md: artifact not found: ed6cf4b3e:GroupApproximation/BowenChapman/Endpoint.lean (want a working-tree path or a <rev>:<path> pin)
ERROR: research/bowen-chapman-witness-is-kt-double-at-q2-r3-d3.md: artifact not found: ed6cf4b3e:GroupApproximation/BowenChapman/LaurentPair.lean (want a working-tree path or a <rev>:<path> pin)
ERROR: research/brin-thompson-nv-max-type-size-functions-are-not-cnd-proof.md: artifact not found: experiments/brin-thompson-cnd-2026-09-17/zcube_obstruction.py (want a working-tree path or a <rev>:<path> pin)
ERROR: research/brin-thompson-nv-max-type-size-functions-are-not-cnd-proof.md: artifact not found: experiments/brin-thompson-cnd-2026-09-17/zcube_linf_certificates.json (want a working-tree path or a <rev>:<path> pin)
ERROR: research/brin-thompson-nv-max-type-size-functions-are-not-cnd.md: artifact not found: experiments/brin-thompson-cnd-2026-09-17/zcube_obstruction.py (want a working-tree path or a <rev>:<path> pin)
ERROR: research/brin-thompson-nv-max-type-size-functions-are-not-cnd.md: artifact not found: experiments/brin-thompson-cnd-2026-09-17/zcube_linf_certificates.json (want a working-tree path or a <rev>:<path> pin)
ERROR: research/brin-thompson-nv-max-type-size-functions-are-not-cnd.md: artifact not found: experiments/brin-thompson-cnd-2026-09-17/lib2v.py (want a working-tree path or a <rev>:<path> pin)
ERROR: research/brin-thompson-nv-max-type-size-functions-are-not-cnd.md: artifact not found: experiments/brin-thompson-cnd-2026-09-17/verify_minbricks.py (want a working-tree path or a <rev>:<path> pin)
ERROR: research/brin-thompson-nv-max-type-size-functions-are-not-cnd.md: artifact not found: experiments/brin-thompson-cnd-2026-09-17/certify_witness.py (want a working-tree path or a <rev>:<path> pin)
ERROR: research/brin-thompson-nv-max-type-size-functions-are-not-cnd.md: artifact not found: experiments/brin-thompson-cnd-2026-09-17/cnd_census.py (want a working-tree path or a <rev>:<path> pin)
ERROR: research/brin-thompson-nv-max-type-size-functions-are-not-cnd.md: artifact not found: experiments/brin-thompson-cnd-2026-09-17/lambda_growth.py (want a working-tree path or a <rev>:<path> pin)
ERROR: research/brunnian-4-braids-meet-cyclotomic-burau-congruence-kernels-proof.md: artifact not found: experiments/burau-cyclotomic-blindness-2026-09-17/cyclotomic_blindness.py (want a working-tree path or a <rev>:<path> pin)
ERROR: research/brunnian-4-braids-meet-cyclotomic-burau-congruence-kernels-proof.md: artifact not found: experiments/burau-cyclotomic-blindness-2026-09-17/run.log (want a working-tree path or a <rev>:<path> pin)
ERROR: research/brunnian-4-braids-meet-cyclotomic-burau-congruence-kernels.md: artifact not found: experiments/burau-cyclotomic-blindness-2026-09-17/cyclotomic_blindness.py (want a working-tree path or a <rev>:<path> pin)
ERROR: research/brunnian-4-braids-meet-cyclotomic-burau-congruence-kernels.md: artifact not found: experiments/burau-cyclotomic-blindness-2026-09-17/run.log (want a working-tree path or a <rev>:<path> pin)
ERROR: research/brunnian-burau-kernel-mod-cyclotomic-products-nontrivial-proof.md: artifact not found: experiments/moody-witness-equivalence-2026-09-17/cyclotomic_jets.py (want a working-tree path or a <rev>:<path> pin)
ERROR: research/brunnian-burau-kernel-mod-cyclotomic-products-nontrivial-proof.md: artifact not found: experiments/moody-witness-equivalence-2026-09-17/cyclotomic_jets.log (want a working-tree path or a <rev>:<path> pin)
ERROR: research/brunnian-burau-kernel-mod-cyclotomic-products-nontrivial.md: artifact not found: experiments/moody-witness-equivalence-2026-09-17/cyclotomic_jets.py (want a working-tree path or a <rev>:<path> pin)
ERROR: research/brunnian-burau-kernel-mod-cyclotomic-products-nontrivial.md: artifact not found: experiments/moody-witness-equivalence-2026-09-17/cyclotomic_jets.log (want a working-tree path or a <rev>:<path> pin)
ERROR: research/bs14-long-cycles-admit-bounded-period-shadowing.md: artifact not found: experiments/bs14_bounded_cycle_shadowing_check.py (want a working-tree path or a <rev>:<path> pin)
ERROR: research/bs14-monodromy-admits-root-of-unity-quantization.md: artifact not found: experiments/bs14_monodromy_quantization_check.py (want a working-tree path or a <rev>:<path> pin)
ERROR: research/burau-power-projective-ping-pong-needs-cubes-proof.md: artifact not found: experiments/zaremsky-3-05-burau-squares-2026-09-16/threshold_verify.py (want a working-tree path or a <rev>:<path> pin)
ERROR: research/burau-power-projective-ping-pong-needs-cubes-proof.md: artifact not found: experiments/zaremsky-3-05-burau-squares-2026-09-16/bbt_sets_test.py (want a working-tree path or a <rev>:<path> pin)
ERROR: research/burau-power-projective-ping-pong-needs-cubes.md: artifact not found: experiments/zaremsky-3-05-burau-squares-2026-09-16/threshold_verify.py (want a working-tree path or a <rev>:<path> pin)
ERROR: research/burau-power-projective-ping-pong-needs-cubes.md: artifact not found: experiments/zaremsky-3-05-burau-squares-2026-09-16/bbt_sets_test.py (want a working-tree path or a <rev>:<path> pin)
ERROR: research/c18-child-oriented-gates-follow-the-two-source-words-proof.md: artifact not found: experiments/fanizza_child_oriented_c18_exit_compiler.py (want a working-tree path or a <rev>:<path> pin)
ERROR: research/c18-child-oriented-gates-follow-the-two-source-words.md: artifact not found: experiments/fanizza_child_oriented_c18_exit_compiler.py (want a working-tree path or a <rev>:<path> pin)
ERROR: research/c18-source-cut-has-sparse-relator-certificate-proof.md: artifact not found: experiments/c18_source_cut_certificate.py (want a working-tree path or a <rev>:<path> pin)
ERROR: research/c18-source-cut-has-sparse-relator-certificate.md: artifact not found: experiments/c18_source_cut_certificate.py (want a working-tree path or a <rev>:<path> pin)
ERROR: research/camouflage-kernel-is-a-regular-star-amalgam.md: artifact not found: non_mf_groups_exist.tex (want a working-tree path or a <rev>:<path> pin)
ERROR: research/camouflage-kernel-is-a-regular-star-amalgam.md: artifact not found: notes/MF_REFLECTION_AND_CORONA_SUPPORT_CALCULUS.md (want a working-tree path or a <rev>:<path> pin)
ERROR: research/cancellative-incidence-patterns-do-not-force-domination-proof.md: artifact not found: experiments/cancellative-firewall-2026-09-17/verify_gadget.py (want a working-tree path or a <rev>:<path> pin)
ERROR: research/cancellative-incidence-patterns-do-not-force-domination-proof.md: artifact not found: experiments/cancellative-firewall-2026-09-17/verify_gadget.json (want a working-tree path or a <rev>:<path> pin)
ERROR: research/cancellative-incidence-patterns-do-not-force-domination.md: artifact not found: experiments/cancellative-firewall-2026-09-17/verify_gadget.py (want a working-tree path or a <rev>:<path> pin)
ERROR: research/cancellative-incidence-patterns-do-not-force-domination.md: artifact not found: experiments/cancellative-firewall-2026-09-17/verify_gadget.json (want a working-tree path or a <rev>:<path> pin)
ERROR: research/canonical-b7-or3-corner-defeats-finite-prefix-actors.md: artifact not found: experiments/or3_cycle_raw_prefix_covariance.py (want a working-tree path or a <rev>:<path> pin)
ERROR: research/canonical-fano-free-product-defeats-finite-actor-payment.md: artifact not found: experiments/or3_fano_cap_free_product_trace.py (want a working-tree path or a <rev>:<path> pin)
ERROR: research/canonical-regular-packets-leave-an-unbounded-cartan-reservoir.md: artifact not found: notes/TRUE_RELATIVE_BURTON_KUN_THOM_REDUCTION.md (want a working-tree path or a <rev>:<path> pin)
ERROR: research/caprace-thom-v2-leaves-km-character-rigidity-open.md: artifact not found: notes/NONHYPERLINEAR_CHARACTER_REYNOLDS_INTEGRATION_2026-08-24.md (want a working-tree path or a <rev>:<path> pin)
ERROR: research/carrier-not-decoder-proof.md: artifact not found: notes/TRUE_LONG_ROOT_CARRIER_IS_COMMON_BUT_NOT_A_DECODER.md (want a working-tree path or a <rev>:<path> pin)
ERROR: research/cartantype-mackey-cocycle-is-pauli-and-locally-absorbed.md: artifact not found: experiments/sl3_mod4_cartantype_mackey.py (want a working-tree path or a <rev>:<path> pin)
ERROR: research/cartantype-mackey-cocycle-is-pauli-and-locally-absorbed.md: artifact not found: experiments/sl3_mod4_cartantype_mackey.json (want a working-tree path or a <rev>:<path> pin)
ERROR: research/cascade-landing-from-deep-arc-and-beta-proof.md: artifact not found: GroupApproximation/Sofic/GreendlingerAlphaPlumb.lean (want a working-tree path or a <rev>:<path> pin)
ERROR: research/cascade-landing-from-deep-arc-and-beta-proof.md: artifact not found: GroupApproximation/Sofic/GreendlingerBetaBranch.lean (want a working-tree path or a <rev>:<path> pin)
ERROR: research/cascade-landing-from-deep-arc-and-beta.md: artifact not found: GroupApproximation/Sofic/GreendlingerCascade.lean (want a working-tree path or a <rev>:<path> pin)
ERROR: research/cascade-landing-from-deep-arc-and-beta.md: artifact not found: GroupApproximation/Sofic/GreendlingerBetaBranch.lean (want a working-tree path or a <rev>:<path> pin)
ERROR: research/cascade-landing-from-deep-arc-and-beta.md: artifact not found: GroupApproximation/Sofic/GreendlingerAlphaPlumb.lean (want a working-tree path or a <rev>:<path> pin)
ERROR: research/cckw-question-mark-triangle-groups-vtf-certificates.md: artifact not found: experiments/cckw-vtf-certificates/verify_vtf_cert.py (want a working-tree path or a <rev>:<path> pin)
ERROR: research/cckw-question-mark-triangle-groups-vtf-certificates.md: artifact not found: experiments/cckw-vtf-certificates/summary.txt (want a working-tree path or a <rev>:<path> pin)
ERROR: research/cdi-rigidity-permanence-firewall-proof.md: artifact not found: notes/NONHYPERLINEAR_CHARACTER_REYNOLDS_INTEGRATION_2026-08-24.md (want a working-tree path or a <rev>:<path> pin)
ERROR: research/central-extension-twisted-sector-criterion.md: artifact not found: notes/COMMUTING_LAMP_QUOTIENT_STRUCTURE_AND_MF_FORK_2026-08-14.md (want a working-tree path or a <rev>:<path> pin)
ERROR: research/central-extension-twisted-sector-criterion.md: artifact not found: notes/NOTEPAD.md (want a working-tree path or a <rev>:<path> pin)
ERROR: research/central-extension-twisted-sector-proof.md: artifact not found: notes/COMMUTING_LAMP_QUOTIENT_STRUCTURE_AND_MF_FORK_2026-08-14.md (want a working-tree path or a <rev>:<path> pin)
ERROR: research/central-extension-twisted-sector-proof.md: artifact not found: notes/NOTEPAD.md (want a working-tree path or a <rev>:<path> pin)
ERROR: research/central-regular-edge-constituents-are-fell-pure.md: artifact not found: notes/TRUE_IWAHORI_CENTRAL_REGULAR_OUTLIER_LOCALIZATION.md (want a working-tree path or a <rev>:<path> pin)
ERROR: research/central-sign-bcs-atoms-are-subgroup-reynolds-projections.md: artifact not found: notes/NONHYPERLINEAR_FINITE_MEMORY_REYNOLDS_AUDIT.md (want a working-tree path or a <rev>:<path> pin)
ERROR: research/central-sign-bcs-atoms-are-subgroup-reynolds-projections.md: artifact not found: notes/NONHYPERLINEAR_CHARACTER_REYNOLDS_INTEGRATION_2026-08-24.md (want a working-tree path or a <rev>:<path> pin)
ERROR: research/central-sign-bcs-reynolds-atom-proof.md: artifact not found: notes/NONHYPERLINEAR_FINITE_MEMORY_REYNOLDS_AUDIT.md (want a working-tree path or a <rev>:<path> pin)
ERROR: research/central-sign-corona-obstruction.md: artifact not found: non_mf_groups_exist.tex (want a working-tree path or a <rev>:<path> pin)
ERROR: research/central-sign-corona-obstruction.md: artifact not found: GroupApproximation/Sofic/KazhdanSignCriterion.lean (want a working-tree path or a <rev>:<path> pin)
ERROR: research/central-sign-from-kazhdan-transport.md: artifact not found: non_mf_groups_exist.tex (want a working-tree path or a <rev>:<path> pin)
ERROR: research/central-sign-from-kazhdan-transport.md: artifact not found: GroupApproximation/Sofic/KazhdanSignCriterion.lean (want a working-tree path or a <rev>:<path> pin)
ERROR: research/central-sign-reynolds-atoms-have-fixed-canonical-density.md: artifact not found: notes/NONHYPERLINEAR_FINITE_MEMORY_REYNOLDS_AUDIT.md (want a working-tree path or a <rev>:<path> pin)
ERROR: research/central-sign-reynolds-canonical-density-proof.md: artifact not found: notes/NONHYPERLINEAR_FINITE_MEMORY_REYNOLDS_AUDIT.md (want a working-tree path or a <rev>:<path> pin)
ERROR: research/central-sign-reynolds-first-hit-compiler.md: artifact not found: notes/NONHYPERLINEAR_FINITE_MEMORY_REYNOLDS_AUDIT.md (want a working-tree path or a <rev>:<path> pin)
ERROR: research/central-sign-reynolds-first-hit-compiler.md: artifact not found: notes/NONHYPERLINEAR_CHARACTER_REYNOLDS_INTEGRATION_2026-08-24.md (want a working-tree path or a <rev>:<path> pin)
ERROR: research/central-simple-leavitt-tensor-simplicity-proof.md: artifact not found: GroupApproximation/Leavitt/RootDetectionBinary.lean (want a working-tree path or a <rev>:<path> pin)
ERROR: research/central-simple-leavitt-tensor-simplicity-proof.md: artifact not found: GroupApproximation/Leavitt/ElementarySimplicity.lean (want a working-tree path or a <rev>:<path> pin)
ERROR: research/centralized-cyclic-distortion-hs-dehn-tracks-area-proof.md: artifact not found: experiments/hs_dehn_centralizer_family.py (want a working-tree path or a <rev>:<path> pin)
ERROR: research/centralized-cyclic-distortion-hs-dehn-tracks-area.md: artifact not found: experiments/hs_dehn_centralizer_family.py (want a working-tree path or a <rev>:<path> pin)
ERROR: research/char-zero-kun-thom-double-reduces-nonsofic-atiyah-to-edge.md: artifact not found: experiments/kun-thom-formal-torus-2026-09-17/check_formal_torus.py (want a working-tree path or a <rev>:<path> pin)
ERROR: research/char-zero-kun-thom-double-reduction-proof.md: artifact not found: experiments/kun-thom-formal-torus-2026-09-17/check_formal_torus.py (want a working-tree path or a <rev>:<path> pin)
ERROR: research/character-domination-collapse-equivalences-proof.md: artifact not found: GroupApproximation/Domination/Core.lean (want a working-tree path or a <rev>:<path> pin)
ERROR: research/character-domination-collapse-equivalences-proof.md: artifact not found: GroupApproximation/Domination/Comparison.lean (want a working-tree path or a <rev>:<path> pin)
ERROR: research/character-domination-collapse-equivalences-proof.md: artifact not found: GroupApproximation/Domination/FixedDimension.lean (want a working-tree path or a <rev>:<path> pin)
ERROR: research/character-domination-collapse-equivalences-proof.md: artifact not found: GroupApproximation/Domination/Irreducible.lean (want a working-tree path or a <rev>:<path> pin)
ERROR: research/character-domination-collapse-equivalences-proof.md: artifact not found: GroupApproximation/Domination/PaperStatements.lean (want a working-tree path or a <rev>:<path> pin)
ERROR: research/character-domination-collapse-equivalences.md: artifact not found: GroupApproximation/Domination/PaperStatements.lean (want a working-tree path or a <rev>:<path> pin)
ERROR: research/character-domination-collapse-equivalences.md: artifact not found: GroupApproximation/Domination/Core.lean (want a working-tree path or a <rev>:<path> pin)
ERROR: research/character-domination-collapse-equivalences.md: artifact not found: GroupApproximation/Domination/Comparison.lean (want a working-tree path or a <rev>:<path> pin)
ERROR: research/character-domination-collapse-equivalences.md: artifact not found: GroupApproximation/Domination/FixedDimension.lean (want a working-tree path or a <rev>:<path> pin)
ERROR: research/character-domination-collapse-equivalences.md: artifact not found: GroupApproximation/Domination/Irreducible.lean (want a working-tree path or a <rev>:<path> pin)
ERROR: research/child-carrier-relative-pauli-holonomy.md: artifact not found: experiments/minimal_rank_one_support_compiler.py (want a working-tree path or a <rev>:<path> pin)
ERROR: research/child-carrier-relative-pauli-holonomy.md: artifact not found: experiments/schur_packet_hnn_flow_search.py (want a working-tree path or a <rev>:<path> pin)
ERROR: research/circulated-criterion-anatomy-citation.md: artifact not found: GroupApproximation/Sofic/AscendingHNNStabilizer.lean (want a working-tree path or a <rev>:<path> pin)
ERROR: research/clean-ck-cover-separates-trivial-words-from-normal-generators.md: artifact not found: experiments/ck-clean-cover-poison-2026-09-17/sandwich_normal_form.py (want a working-tree path or a <rev>:<path> pin)
ERROR: research/clean-moody-counts-are-blind-at-every-evaluation-point-proof.md: artifact not found: experiments/burau-cyclotomic-blindness-2026-09-17/cyclotomic_blindness.py (want a working-tree path or a <rev>:<path> pin)
ERROR: research/clean-moody-counts-are-blind-at-every-evaluation-point-proof.md: artifact not found: experiments/burau-cyclotomic-blindness-2026-09-17/run.log (want a working-tree path or a <rev>:<path> pin)
ERROR: research/clean-moody-counts-are-blind-at-every-evaluation-point.md: artifact not found: experiments/burau-cyclotomic-blindness-2026-09-17/cyclotomic_blindness.py (want a working-tree path or a <rev>:<path> pin)
ERROR: research/clean-moody-counts-are-blind-at-every-evaluation-point.md: artifact not found: experiments/burau-cyclotomic-blindness-2026-09-17/run.log (want a working-tree path or a <rev>:<path> pin)
ERROR: research/clifford-bernoulli-central-summands-proof.md: artifact not found: notes/TRUE_CLIFFORD_LAMP_CENTRAL_SUMMANDS.md (want a working-tree path or a <rev>:<path> pin)
ERROR: research/clifford-bernoulli-central-summands.md: artifact not found: notes/TRUE_CLIFFORD_LAMP_CENTRAL_SUMMANDS.md (want a working-tree path or a <rev>:<path> pin)
ERROR: research/clifford-block-amalgam-residually-finite-proof.md: artifact not found: notes/E_SOFICITY_SELF_CONTAINED_2026-08-16.md (want a working-tree path or a <rev>:<path> pin)
ERROR: research/clifford-block-amalgam-residually-finite.md: artifact not found: notes/E_SOFICITY_SELF_CONTAINED_2026-08-16.md (want a working-tree path or a <rev>:<path> pin)
ERROR: research/clifford-block-amalgam-residually-finite.md: artifact not found: GroupApproximation/Sofic/LiteralLampKernelAmalgam.lean (want a working-tree path or a <rev>:<path> pin)
ERROR: research/clifford-ce-gives-bare-wall.md: artifact not found: notes/TRUE_CLIFFORD_COMPRESSOR_SITE_GROWTH.md (want a working-tree path or a <rev>:<path> pin)
ERROR: research/clifford-ce-gives-bare-wall.md: artifact not found: notes/TRUE_RELATIVE_WALL_IS_COMMUTANT_GROWTH.md (want a working-tree path or a <rev>:<path> pin)
ERROR: research/clifford-ce-implies-bernoulli-ce-proof.md: artifact not found: notes/TRUE_DOUBLE_CLIFFORD_KUN_THOM_REDUCTION.md (want a working-tree path or a <rev>:<path> pin)
ERROR: research/clifford-ce-implies-bernoulli-ce.md: artifact not found: notes/TRUE_DOUBLE_CLIFFORD_KUN_THOM_REDUCTION.md (want a working-tree path or a <rev>:<path> pin)
ERROR: research/clifford-ce-implies-bernoulli-ce.md: artifact not found: notes/TRUE_CLIFFORD_LAMP_CENTRAL_SUMMANDS.md (want a working-tree path or a <rev>:<path> pin)
ERROR: research/clifford-ce-targets-are-equivalent-proof.md: artifact not found: notes/PERFECT_CORE_KUN_THOM_WREATH.md (want a working-tree path or a <rev>:<path> pin)
ERROR: research/clifford-ce-targets-are-equivalent.md: artifact not found: notes/PERFECT_CORE_KUN_THOM_WREATH.md (want a working-tree path or a <rev>:<path> pin)
ERROR: research/clifford-compressor-site-growth-proof.md: artifact not found: notes/TRUE_CLIFFORD_COMPRESSOR_SITE_GROWTH.md (want a working-tree path or a <rev>:<path> pin)
ERROR: research/clifford-compressor-site-growth.md: artifact not found: notes/TRUE_CLIFFORD_COMPRESSOR_SITE_GROWTH.md (want a working-tree path or a <rev>:<path> pin)
ERROR: research/clifford-cover-hilbert-embeddable-route.md: artifact not found: notes/TRUE_RELATIVE_WALL_IS_COMMUTANT_GROWTH.md (want a working-tree path or a <rev>:<path> pin)
ERROR: research/clifford-diagonal-lamp-subspace-proof.md: artifact not found: notes/TRUE_CLIFFORD_BLOCK_MONOMIAL_LAMP_SUBSPACE.md (want a working-tree path or a <rev>:<path> pin)
ERROR: research/clifford-diagonal-lamp-subspace-proof.md: artifact not found: notes/TRUE_BLOCK_MONOMIAL_COORDINATE_COLLAPSE.md (want a working-tree path or a <rev>:<path> pin)
ERROR: research/clifford-diagonal-lamp-subspace.md: artifact not found: notes/TRUE_CLIFFORD_BLOCK_MONOMIAL_LAMP_SUBSPACE.md (want a working-tree path or a <rev>:<path> pin)
ERROR: research/clifford-diagonal-lamp-subspace.md: artifact not found: notes/TRUE_BLOCK_MONOMIAL_COORDINATE_COLLAPSE.md (want a working-tree path or a <rev>:<path> pin)
ERROR: research/clifford-long-codes-realize-pairing-value-in-binary-noise-test.md: artifact not found: experiments/entangled-noise-test-2026-09-17/clifford_noise_test.py (want a working-tree path or a <rev>:<path> pin)
ERROR: research/clifford-quantum-surjunctivity-iff-stable-finiteness-proof.md: artifact not found: experiments/quantum-surjunctivity-2026-09-17/clifford_star_f2.py (want a working-tree path or a <rev>:<path> pin)
ERROR: research/clifford-quantum-surjunctivity-iff-stable-finiteness-proof.md: artifact not found: experiments/quantum-surjunctivity-2026-09-17/clifford_star_f2-output.txt (want a working-tree path or a <rev>:<path> pin)
ERROR: research/clifford-radical-antiphase-routing-has-character-capacity.md: artifact not found: experiments/v4_pairwise_antiphase_capacity.py (want a working-tree path or a <rev>:<path> pin)
ERROR: research/clifford-witness-has-no-hyperfinite-marked-representation.md: artifact not found: non_mf_group_notes.tex (want a working-tree path or a <rev>:<path> pin)
ERROR: research/clopen-cylinder-from-horn-obstruction.md: artifact not found: non_mf_groups_exist.tex (want a working-tree path or a <rev>:<path> pin)
ERROR: research/clopen-cylinder-from-horn-obstruction.md: artifact not found: GroupApproximation/Sofic/LiteralMarkedCylinder.lean (want a working-tree path or a <rev>:<path> pin)
ERROR: research/clopen-non-mf-cylinder.md: artifact not found: non_mf_groups_exist.tex (want a working-tree path or a <rev>:<path> pin)
ERROR: research/clopen-non-mf-cylinder.md: artifact not found: GroupApproximation/Sofic/LiteralMarkedCylinder.lean (want a working-tree path or a <rev>:<path> pin)
ERROR: research/cluster-entropy-functionals-vanish-on-one-ended-bernoulli-proof.md: artifact not found: experiments/cluster-entropy-functionals-2026-09-17/check_cluster_valuation.py (want a working-tree path or a <rev>:<path> pin)
ERROR: research/cluster-entropy-functionals-vanish-on-one-ended-bernoulli.md: artifact not found: experiments/cluster-entropy-functionals-2026-09-17/check_cluster_valuation.py (want a working-tree path or a <rev>:<path> pin)
ERROR: research/cluster-entropy-lower-bounds-need-nonpositive-total-weight-proof.md: artifact not found: experiments/cluster-weight-calibration-2026-09-17/check_cluster_weight.py (want a working-tree path or a <rev>:<path> pin)
ERROR: research/cluster-entropy-lower-bounds-need-nonpositive-total-weight.md: artifact not found: experiments/cluster-weight-calibration-2026-09-17/check_cluster_weight.py (want a working-tree path or a <rev>:<path> pin)
ERROR: research/cmsz-pg22-level-one-block-h1-certificate.md: artifact not found: experiments/nv-conformal-rigidity-2026-09-17/block_h1.py (want a working-tree path or a <rev>:<path> pin)
ERROR: research/cmsz-pg22-level-one-block-h1-certificate.md: artifact not found: experiments/nv-conformal-rigidity-2026-09-17/run_block_h1.py (want a working-tree path or a <rev>:<path> pin)
ERROR: research/cmsz-pg22-level-one-block-h1-certificate.md: artifact not found: experiments/nv-conformal-rigidity-2026-09-17/block_h1_pg22_k1.log (want a working-tree path or a <rev>:<path> pin)
ERROR: research/cmsz-pg22-level-one-block-h1-certificate.md: artifact not found: experiments/nv-conformal-rigidity-2026-09-17/product_control.log (want a working-tree path or a <rev>:<path> pin)
ERROR: research/cmsz-pg22-level-one-block-h1-certificate.md: artifact not found: experiments/nv-brick-coding-2026-09-17/tp_q2.json (want a working-tree path or a <rev>:<path> pin)
ERROR: research/cmsz-pg22-level-one-block-h1-certificate.md: artifact not found: experiments/nv-brick-coding-2026-09-17/rs2graph.py (want a working-tree path or a <rev>:<path> pin)
ERROR: research/cmsz-pg22-level-one-block-h1-certificate.md: artifact not found: experiments/nv-brick-coding-2026-09-17/tp.py (want a working-tree path or a <rev>:<path> pin)
ERROR: research/cmsz-pg22-level-one-block-h1-certificate.md: artifact not found: experiments/nv-brick-coding-2026-09-17/certificate.py (want a working-tree path or a <rev>:<path> pin)
ERROR: research/cmsz-pg22-level-one-block-recodings-admit-no-brick-coding.md: artifact not found: experiments/nv-conformal-rigidity-2026-09-17/block_h1.py (want a working-tree path or a <rev>:<path> pin)
ERROR: research/cmsz-pg22-level-one-block-recodings-admit-no-brick-coding.md: artifact not found: experiments/nv-conformal-rigidity-2026-09-17/run_block_h1.py (want a working-tree path or a <rev>:<path> pin)
ERROR: research/cmsz-pg22-level-one-block-recodings-admit-no-brick-coding.md: artifact not found: experiments/nv-conformal-rigidity-2026-09-17/block_h1_pg22_k1.log (want a working-tree path or a <rev>:<path> pin)
ERROR: research/cmsz-pg22-level-one-block-recodings-admit-no-brick-coding.md: artifact not found: experiments/nv-conformal-rigidity-2026-09-17/product_control.log (want a working-tree path or a <rev>:<path> pin)
ERROR: research/cmsz-pg22-level-one-block-recodings-admit-no-brick-coding.md: artifact not found: experiments/nv-brick-coding-2026-09-17/tp_q2.json (want a working-tree path or a <rev>:<path> pin)
ERROR: research/cmsz-pg22-level-one-block-recodings-admit-no-brick-coding.md: artifact not found: experiments/nv-brick-coding-2026-09-17/rs2graph.py (want a working-tree path or a <rev>:<path> pin)
ERROR: research/cmsz-pg22-level-one-block-recodings-admit-no-brick-coding.md: artifact not found: experiments/nv-brick-coding-2026-09-17/tp.py (want a working-tree path or a <rev>:<path> pin)
ERROR: research/cmsz-pg22-level-one-block-recodings-admit-no-brick-coding.md: artifact not found: experiments/nv-brick-coding-2026-09-17/certificate.py (want a working-tree path or a <rev>:<path> pin)
ERROR: research/cmsz-pg22-no-brick-coding-by-corners.md: artifact not found: experiments/nv-brick-coding-2026-09-17/tp_q2.json (want a working-tree path or a <rev>:<path> pin)
ERROR: research/cmsz-pg22-no-brick-coding-by-corners.md: artifact not found: experiments/nv-brick-coding-2026-09-17/rs2graph.py (want a working-tree path or a <rev>:<path> pin)
ERROR: research/cmsz-pg22-no-brick-coding-by-corners.md: artifact not found: experiments/nv-brick-coding-2026-09-17/certificate.py (want a working-tree path or a <rev>:<path> pin)
ERROR: research/cmsz-pg22-no-brick-coding-by-corners.md: artifact not found: experiments/nv-brick-coding-2026-09-17/certificate.log (want a working-tree path or a <rev>:<path> pin)
ERROR: research/cmsz-pg22-no-brick-coding-by-corners.md: artifact not found: experiments/nv-brick-coding-2026-09-17/certificate_uniform.log (want a working-tree path or a <rev>:<path> pin)
ERROR: research/cmsz-pg22-no-brick-coding-certificate.md: artifact not found: experiments/nv-brick-coding-2026-09-17/certificate.py (want a working-tree path or a <rev>:<path> pin)
ERROR: research/cmsz-pg22-no-brick-coding-certificate.md: artifact not found: experiments/nv-brick-coding-2026-09-17/certificate_uniform.py (want a working-tree path or a <rev>:<path> pin)
ERROR: research/cmsz-pg22-no-brick-coding-certificate.md: artifact not found: experiments/nv-brick-coding-2026-09-17/certificate_uniform.log (want a working-tree path or a <rev>:<path> pin)
ERROR: research/cmsz-pg22-no-brick-coding-certificate.md: artifact not found: experiments/nv-brick-coding-2026-09-17/brick_sat.py (want a working-tree path or a <rev>:<path> pin)
ERROR: research/cmsz-pg22-no-brick-coding-certificate.md: artifact not found: experiments/nv-brick-coding-2026-09-17/certificate.log (want a working-tree path or a <rev>:<path> pin)
ERROR: research/cmsz-pg22-no-brick-coding-certificate.md: artifact not found: experiments/nv-brick-coding-2026-09-17/control_product.py (want a working-tree path or a <rev>:<path> pin)
ERROR: research/cmsz-pg22-no-brick-coding-certificate.md: artifact not found: experiments/nv-brick-coding-2026-09-17/control_product.log (want a working-tree path or a <rev>:<path> pin)
ERROR: research/cmsz-pg22-rs-two-graphs-admit-no-brick-coding.md: artifact not found: experiments/nv-brick-coding-2026-09-17/tp_q2.json (want a working-tree path or a <rev>:<path> pin)
ERROR: research/cmsz-pg22-rs-two-graphs-admit-no-brick-coding.md: artifact not found: experiments/nv-brick-coding-2026-09-17/rs2graph.py (want a working-tree path or a <rev>:<path> pin)
ERROR: research/cmsz-pg22-rs-two-graphs-admit-no-brick-coding.md: artifact not found: experiments/nv-brick-coding-2026-09-17/certificate_uniform.py (want a working-tree path or a <rev>:<path> pin)
ERROR: research/cmsz-pg22-rs-two-graphs-admit-no-brick-coding.md: artifact not found: experiments/nv-brick-coding-2026-09-17/certificate_uniform.log (want a working-tree path or a <rev>:<path> pin)
ERROR: research/cmsz-pg23-no-brick-coding-by-kraft.md: artifact not found: experiments/nv-brick-coding-2026-09-17/tp_q3.json (want a working-tree path or a <rev>:<path> pin)
ERROR: research/cmsz-pg23-no-brick-coding-by-kraft.md: artifact not found: experiments/nv-brick-coding-2026-09-17/check_q3.py (want a working-tree path or a <rev>:<path> pin)
ERROR: research/cmsz-pg23-no-brick-coding-by-kraft.md: artifact not found: experiments/nv-brick-coding-2026-09-17/rs2graph.py (want a working-tree path or a <rev>:<path> pin)
ERROR: research/cmsz-pg23-no-brick-coding-by-kraft.md: artifact not found: experiments/nv-brick-coding-2026-09-17/q3_hypotheses.py (want a working-tree path or a <rev>:<path> pin)
ERROR: research/cmsz-pg23-no-brick-coding-by-kraft.md: artifact not found: experiments/nv-brick-coding-2026-09-17/q3_hypotheses.log (want a working-tree path or a <rev>:<path> pin)
ERROR: research/cmsz-pg23-rs-two-graphs-admit-no-brick-coding.md: artifact not found: experiments/nv-brick-coding-2026-09-17/tp_q3.json (want a working-tree path or a <rev>:<path> pin)
ERROR: research/cmsz-pg23-rs-two-graphs-admit-no-brick-coding.md: artifact not found: experiments/nv-brick-coding-2026-09-17/check_q3.py (want a working-tree path or a <rev>:<path> pin)
ERROR: research/cmsz-pg23-rs-two-graphs-admit-no-brick-coding.md: artifact not found: experiments/nv-brick-coding-2026-09-17/q3_hypotheses.py (want a working-tree path or a <rev>:<path> pin)
ERROR: research/cmsz-pg23-rs-two-graphs-admit-no-brick-coding.md: artifact not found: experiments/nv-brick-coding-2026-09-17/q3_hypotheses.log (want a working-tree path or a <rev>:<path> pin)
ERROR: research/coarse-fine-offdiagonal-loops-are-morita-blind.md: artifact not found: experiments/coarse_fine_offdiagonal_loop_audit.py (want a working-tree path or a <rev>:<path> pin)
ERROR: research/common-quotient-onto-normal-subgroup-proof.md: artifact not found: notes/TORSION_FREE_NORMAL_GENERATION_HULL_QUOTIENT.md (want a working-tree path or a <rev>:<path> pin)
ERROR: research/common-quotient-onto-normal-subgroup.md: artifact not found: notes/TORSION_FREE_NORMAL_GENERATION_HULL_QUOTIENT.md (want a working-tree path or a <rev>:<path> pin)
ERROR: research/commutant-density-trace-blind-proof.md: artifact not found: notes/TRUE_WALL_ENERGY_AND_COMMUTANT_DENSITY.md (want a working-tree path or a <rev>:<path> pin)
ERROR: research/commutant-density-trace-blind.md: artifact not found: notes/TRUE_WALL_ENERGY_AND_COMMUTANT_DENSITY.md (want a working-tree path or a <rev>:<path> pin)
ERROR: research/commutant-no-growth-proof.md: artifact not found: GroupApproximation/Criterion/ExactCompression.lean (want a working-tree path or a <rev>:<path> pin)
ERROR: research/commutator-compressor-carries-no-wall-proof.md: artifact not found: notes/TRUE_RELATIVE_WALL_IS_COMMUTANT_GROWTH.md (want a working-tree path or a <rev>:<path> pin)
ERROR: research/commutator-compressor-carries-no-wall.md: artifact not found: notes/TRUE_RELATIVE_WALL_IS_COMMUTANT_GROWTH.md (want a working-tree path or a <rev>:<path> pin)
ERROR: research/commuting-involution-mass-is-four-times-rank-proof.md: artifact not found: GroupApproximation/Sofic/InvolutionRankMass.lean (want a working-tree path or a <rev>:<path> pin)
ERROR: research/commuting-involution-mass-is-four-times-rank.md: artifact not found: notes/COMPRESSION_COLLAPSE_MF_RADICAL.md (want a working-tree path or a <rev>:<path> pin)
ERROR: research/commuting-involution-mass-is-four-times-rank.md: artifact not found: GroupApproximation/Sofic/InvolutionRankMass.lean (want a working-tree path or a <rev>:<path> pin)
ERROR: research/commuting-lamp-defect-survival-proof.md: artifact not found: non_mf_groups_exist.tex (want a working-tree path or a <rev>:<path> pin)
ERROR: research/commuting-lamp-mf-detects-defect.md: artifact not found: non_mf_groups_exist.tex (want a working-tree path or a <rev>:<path> pin)
ERROR: research/commuting-lamp-mf-radical-self-cover-route.md: artifact not found: notes/COMMUTING_LAMP_QUOTIENT_STRUCTURE_AND_MF_FORK_2026-08-14.md (want a working-tree path or a <rev>:<path> pin)
ERROR: research/commuting-lamp-quotient-finite-residual-proof.md: artifact not found: notes/COMMUTING_LAMP_QUOTIENT_STRUCTURE_AND_MF_FORK_2026-08-14.md (want a working-tree path or a <rev>:<path> pin)
ERROR: research/commuting-lamp-quotient-finite-residual.md: artifact not found: notes/COMMUTING_LAMP_QUOTIENT_STRUCTURE_AND_MF_FORK_2026-08-14.md (want a working-tree path or a <rev>:<path> pin)
ERROR: research/commuting-lamp-quotient-mf.md: artifact not found: notes/COMMUTING_LAMP_QUOTIENT_STRUCTURE_AND_MF_FORK_2026-08-14.md (want a working-tree path or a <rev>:<path> pin)
ERROR: research/commuting-lamp-quotient-not-mf-lean-direct.md: artifact not found: GroupApproximation/Sofic/CommutingLampCollapse.lean (want a working-tree path or a <rev>:<path> pin)
ERROR: research/commuting-lamp-quotient-not-mf-proof.md: artifact not found: GroupApproximation/Sofic/InvolutionCollapseEndpoint.lean (want a working-tree path or a <rev>:<path> pin)
ERROR: research/commuting-lamp-quotient-sofic-proof.md: artifact not found: GroupApproximation/Sofic/CommutingLampQuotientSofic.lean (want a working-tree path or a <rev>:<path> pin)
ERROR: research/commuting-lamp-quotient-sofic.md: artifact not found: GroupApproximation/Sofic/CommutingLampQuotientSofic.lean (want a working-tree path or a <rev>:<path> pin)
ERROR: research/commuting-lamp-quotient-sofic.md: artifact not found: non_mf_groups_exist.tex (want a working-tree path or a <rev>:<path> pin)
ERROR: research/commuting-lamp-quotient-structure-proof.md: artifact not found: notes/COMMUTING_LAMP_QUOTIENT_STRUCTURE_AND_MF_FORK_2026-08-14.md (want a working-tree path or a <rev>:<path> pin)
ERROR: research/commuting-lamp-quotient-structure.md: artifact not found: notes/COMMUTING_LAMP_QUOTIENT_STRUCTURE_AND_MF_FORK_2026-08-14.md (want a working-tree path or a <rev>:<path> pin)
ERROR: research/commuting-lamp-quotient-via-exact-finite-models.md: artifact not found: notes/COMMUTING_LAMP_QUOTIENT_STRUCTURE_AND_MF_FORK_2026-08-14.md (want a working-tree path or a <rev>:<path> pin)
ERROR: research/commuting-site-supports-force-quantum-automorphisms-proof.md: artifact not found: experiments/quantum-sidon-supports-2026-09-17/sidon_supports.py (want a working-tree path or a <rev>:<path> pin)
ERROR: research/commuting-site-supports-force-quantum-automorphisms-proof.md: artifact not found: experiments/quantum-sidon-supports-2026-09-17/sidon_supports-output.txt (want a working-tree path or a <rev>:<path> pin)
ERROR: research/commuting-site-supports-force-quantum-automorphisms.md: artifact not found: experiments/quantum-sidon-supports-2026-09-17/sidon_supports.py (want a working-tree path or a <rev>:<path> pin)
ERROR: research/commuting-site-supports-force-quantum-automorphisms.md: artifact not found: experiments/quantum-sidon-supports-2026-09-17/sidon_supports-output.txt (want a working-tree path or a <rev>:<path> pin)
ERROR: research/compact-bogoliubov-clifford-model.md: artifact not found: notes/FALSE_COMPACT_BOGOLIUBOV_APPROXIMATION_FOR_KUN_THOM.md (want a working-tree path or a <rev>:<path> pin)
ERROR: research/compiled-raw-source-word-nontrivial-proof.md: artifact not found: experiments/atlas-raw-compressor-source-words.json (want a working-tree path or a <rev>:<path> pin)
ERROR: research/compiled-raw-source-word-nontrivial-proof.md: artifact not found: notes/TRUE_RAW_SWAP_FULL_BRANCH_ROUTING.md (want a working-tree path or a <rev>:<path> pin)
ERROR: research/compiled-raw-source-word-nontrivial-proof.md: artifact not found: GroupApproximation/Leavitt/RawSwapCompressors.lean (want a working-tree path or a <rev>:<path> pin)
ERROR: research/compiled-raw-source-word-nontrivial.md: artifact not found: experiments/atlas-raw-compressor-source-words.json (want a working-tree path or a <rev>:<path> pin)
ERROR: research/compiled-raw-source-word-nontrivial.md: artifact not found: notes/TRUE_RAW_SWAP_FULL_BRANCH_ROUTING.md (want a working-tree path or a <rev>:<path> pin)
ERROR: research/compiled-raw-source-word-nontrivial.md: artifact not found: GroupApproximation/Leavitt/RawSwapCompressors.lean (want a working-tree path or a <rev>:<path> pin)
ERROR: research/complementary-mixed-braid-returns-support-but-retains-s3.md: artifact not found: experiments/complementary_partial_whitehead_braid_audit.py (want a working-tree path or a <rev>:<path> pin)
ERROR: research/complementary-mixed-braid-returns-support-but-retains-s3.md: artifact not found: experiments/complementary_support_native_parity_audit.py (want a working-tree path or a <rev>:<path> pin)
ERROR: research/compressed-commutant-majorana-from-wall-route.md: artifact not found: notes/TRUE_RELATIVE_WALL_IS_COMMUTANT_GROWTH.md (want a working-tree path or a <rev>:<path> pin)
ERROR: research/compressed-commutant-majorana.md: artifact not found: notes/TRUE_RELATIVE_WALL_IS_COMMUTANT_GROWTH.md (want a working-tree path or a <rev>:<path> pin)
ERROR: research/compression-defect-dies-in-finite-dimensions.md: artifact not found: GroupApproximation/Criterion/CompressionCentralizerDefect.lean (want a working-tree path or a <rev>:<path> pin)
ERROR: research/compression-defect-dies-in-finite-dimensions.md: artifact not found: GroupApproximation/Criterion/FiniteDimensionalKill.lean (want a working-tree path or a <rev>:<path> pin)
ERROR: research/compression-defect-finite-dimensional-sterility-proof.md: artifact not found: GroupApproximation/Criterion/CompressionCentralizerDefect.lean (want a working-tree path or a <rev>:<path> pin)
ERROR: research/compression-torsion-collapse-assembly.md: artifact not found: notes/COMPRESSION_COLLAPSE_MF_RADICAL.md (want a working-tree path or a <rev>:<path> pin)
ERROR: research/compression-torsion-collapse-fourier-route.md: artifact not found: GroupApproximation/Sofic/TorsionSpectralCollapse.lean (want a working-tree path or a <rev>:<path> pin)
ERROR: research/compression-torsion-collapse-from-semisimple-packets.md: artifact not found: notes/COMPRESSION_COLLAPSE_MF_RADICAL.md (want a working-tree path or a <rev>:<path> pin)
ERROR: research/compression-torsion-collapse-from-semisimple-packets.md: artifact not found: notes/FALSE_KAZHDAN_COMPRESSION_INDEX_TO_PHASE.md (want a working-tree path or a <rev>:<path> pin)
ERROR: research/compression-torsion-collapse.md: artifact not found: notes/COMPRESSION_COLLAPSE_MF_RADICAL.md (want a working-tree path or a <rev>:<path> pin)
ERROR: research/compression-torsion-collapse.md: artifact not found: GroupApproximation/Sofic/TorsionSpectralCollapse.lean (want a working-tree path or a <rev>:<path> pin)
ERROR: research/compression-wreath-five-radicals-coincide.md: artifact not found: GroupApproximation/Algebra/VisibleQuotient.lean (want a working-tree path or a <rev>:<path> pin)
ERROR: research/compression-wreath-five-radicals-coincide.md: artifact not found: GroupApproximation/Sofic/LinearResidual.lean (want a working-tree path or a <rev>:<path> pin)
ERROR: research/compression-wreath-five-radicals-coincide.md: artifact not found: GroupApproximation/Algebra/FiniteResidual.lean (want a working-tree path or a <rev>:<path> pin)
ERROR: research/compression-wreath-not-finitely-presented.md: artifact not found: GroupApproximation/Sofic/AscendingHNNDoubleCosets.lean (want a working-tree path or a <rev>:<path> pin)
ERROR: research/compressor-conjugation-failures-are-negligible-proof.md: artifact not found: GroupApproximation/KunThom/ConjugationFailureVanishing.lean (want a working-tree path or a <rev>:<path> pin)
ERROR: research/compressor-conjugation-failures-are-negligible.md: artifact not found: GroupApproximation/KunThom/ConjugationFailureVanishing.lean (want a working-tree path or a <rev>:<path> pin)
ERROR: research/compressor-coset-two-point-exact.md: artifact not found: GroupApproximation/Sofic/ProfiniteClosure.lean (want a working-tree path or a <rev>:<path> pin)
ERROR: research/compressor-fixed-site-growth-infinite-proof.md: artifact not found: notes/TRUE_RELATIVE_WALL_IS_COMMUTANT_GROWTH.md (want a working-tree path or a <rev>:<path> pin)
ERROR: research/compressor-fixed-site-growth-infinite.md: artifact not found: notes/TRUE_RELATIVE_WALL_IS_COMMUTANT_GROWTH.md (want a working-tree path or a <rev>:<path> pin)
ERROR: research/compressor-growth-index-homomorphism-proof.md: artifact not found: notes/TRUE_RELATIVE_WALL_IS_COMMUTANT_GROWTH.md (want a working-tree path or a <rev>:<path> pin)
ERROR: research/compressor-growth-index-homomorphism.md: artifact not found: notes/TRUE_RELATIVE_WALL_IS_COMMUTANT_GROWTH.md (want a working-tree path or a <rev>:<path> pin)
ERROR: research/computable-proof-system-kleene-interface.md: artifact not found: GroupApproximation/Computability/MFRadicalGodel.lean (want a working-tree path or a <rev>:<path> pin)
ERROR: research/concrete-compression-source-proof.md: artifact not found: GroupApproximation/Sofic/ConcreteCompressionSource.lean (want a working-tree path or a <rev>:<path> pin)
ERROR: research/concrete-compression-source-proof.md: artifact not found: GroupApproximation/Sofic/LiteralAffineCongruenceSource.lean (want a working-tree path or a <rev>:<path> pin)
ERROR: research/concrete-compression-source-proof.md: artifact not found: GroupApproximation/Sofic/LiteralAffineFreeProductSource.lean (want a working-tree path or a <rev>:<path> pin)
ERROR: research/concrete-compression-source-proof.md: artifact not found: GroupApproximation/Sofic/LiteralAffineFreeProductBassSerreIndependence.lean (want a working-tree path or a <rev>:<path> pin)
ERROR: research/concrete-compression-source.md: artifact not found: GroupApproximation/Sofic/ConcreteCompressionSource.lean (want a working-tree path or a <rev>:<path> pin)
ERROR: research/concrete-compression-source.md: artifact not found: GroupApproximation/Sofic/LiteralAffineCongruenceSource.lean (want a working-tree path or a <rev>:<path> pin)
ERROR: research/concrete-compression-source.md: artifact not found: GroupApproximation/Sofic/LiteralAffineFreeProductSource.lean (want a working-tree path or a <rev>:<path> pin)
ERROR: research/concrete-compression-source.md: artifact not found: GroupApproximation/Sofic/LiteralAffineFreeProductBassSerreIndependence.lean (want a working-tree path or a <rev>:<path> pin)
ERROR: research/conditional-parent-absence-packet-exposes-relative-pauli.md: artifact not found: experiments/minimal_rank_one_support_compiler.py (want a working-tree path or a <rev>:<path> pin)
ERROR: research/congruence-modular-parabolic-triple-angle-gap.md: artifact not found: experiments/iwahori_parabolic_split.py (want a working-tree path or a <rev>:<path> pin)
ERROR: research/congruence-modular-parabolic-triple-angle-gap.md: artifact not found: experiments/iwahori-parabolic-split.json (want a working-tree path or a <rev>:<path> pin)
ERROR: research/congruence-modular-parabolic-triple-angle-gap.md: artifact not found: experiments/iwahori_parabolic_regular.py (want a working-tree path or a <rev>:<path> pin)
ERROR: research/congruence-modular-parabolic-triple-angle-gap.md: artifact not found: experiments/iwahori-parabolic-regular.json (want a working-tree path or a <rev>:<path> pin)
ERROR: research/consistency-defect-is-state-dependent-distance-proof.md: artifact not found: GroupApproximation/Sofic/ConsistencyDistance.lean (want a working-tree path or a <rev>:<path> pin)
ERROR: research/consistency-defect-is-state-dependent-distance.md: artifact not found: GroupApproximation/Sofic/ConsistencyDistance.lean (want a working-tree path or a <rev>:<path> pin)
ERROR: research/constant-block-contraction-gap.md: artifact not found: notes/TRUE_TRACE_FLAT_COMMON_BLOCK_CONTRACTION_GAP.md (want a working-tree path or a <rev>:<path> pin)
ERROR: research/constant-hs-sound-self-detecting-tape-groupification.md: artifact not found: GroupApproximation/Quantum/FiniteMeasurement.lean (want a working-tree path or a <rev>:<path> pin)
ERROR: research/constructed-continuum-of-finitely-generated-groups-proof.md: artifact not found: GroupApproximation/Monsters/NeumannAlternatingFamily.lean (want a working-tree path or a <rev>:<path> pin)
ERROR: research/constructed-continuum-of-finitely-generated-groups-proof.md: artifact not found: GroupApproximation/Monsters/NeumannContinuum.lean (want a working-tree path or a <rev>:<path> pin)
ERROR: research/constructed-continuum-of-finitely-generated-groups.md: artifact not found: GroupApproximation/Monsters/NeumannAlternatingFamily.lean (want a working-tree path or a <rev>:<path> pin)
ERROR: research/constructed-continuum-of-finitely-generated-groups.md: artifact not found: GroupApproximation/Monsters/NeumannNormalSubgroups.lean (want a working-tree path or a <rev>:<path> pin)
ERROR: research/constructed-continuum-of-finitely-generated-groups.md: artifact not found: GroupApproximation/Monsters/NeumannContinuum.lean (want a working-tree path or a <rev>:<path> pin)
ERROR: research/constructed-continuum-of-finitely-generated-groups.md: artifact not found: GroupApproximation/Sofic/ContinuumFamilyCriterion.lean (want a working-tree path or a <rev>:<path> pin)
ERROR: research/constructed-continuum-of-finitely-generated-groups.md: artifact not found: GroupApproximation/Sofic/ContinuumFromNormalSubgroups.lean (want a working-tree path or a <rev>:<path> pin)
ERROR: research/continuum-nonisomorphic-fg-non-mf-proof.md: artifact not found: GroupApproximation/Sofic/ProductMultiplicity.lean (want a working-tree path or a <rev>:<path> pin)
ERROR: research/continuum-nonisomorphic-fg-non-mf-proof.md: artifact not found: GroupApproximation/Sofic/ProductMultiplicityRank.lean (want a working-tree path or a <rev>:<path> pin)
ERROR: research/continuum-nonisomorphic-fg-non-mf-proof.md: artifact not found: GroupApproximation/Algebra/TorsionFreeRank.lean (want a working-tree path or a <rev>:<path> pin)
ERROR: research/continuum-nonisomorphic-fg-non-mf-proof.md: artifact not found: GroupApproximation/Sofic/ContinuumMultiplicity.lean (want a working-tree path or a <rev>:<path> pin)
ERROR: research/continuum-nonisomorphic-fg-non-mf-proof.md: artifact not found: GroupApproximation/Sofic/ContinuumMultiplicityCore.lean (want a working-tree path or a <rev>:<path> pin)
ERROR: research/continuum-nonisomorphic-fg-non-mf.md: artifact not found: notes/NON_MF_ARCHAEOLOGY.md (want a working-tree path or a <rev>:<path> pin)
ERROR: research/continuum-nonisomorphic-fg-non-mf.md: artifact not found: GroupApproximation/Sofic/ProductMultiplicity.lean (want a working-tree path or a <rev>:<path> pin)
ERROR: research/continuum-nonisomorphic-fg-non-mf.md: artifact not found: GroupApproximation/Sofic/ProductMultiplicityRank.lean (want a working-tree path or a <rev>:<path> pin)
ERROR: research/continuum-nonisomorphic-fg-non-mf.md: artifact not found: GroupApproximation/Algebra/TorsionFreeRank.lean (want a working-tree path or a <rev>:<path> pin)
ERROR: research/continuum-nonisomorphic-fg-non-mf.md: artifact not found: GroupApproximation/Sofic/ContinuumMultiplicity.lean (want a working-tree path or a <rev>:<path> pin)
ERROR: research/continuum-nonisomorphic-fg-non-mf.md: artifact not found: GroupApproximation/Monsters/NeumannContinuum.lean (want a working-tree path or a <rev>:<path> pin)
ERROR: research/continuum-nonisomorphic-non-mf-cylinder.md: artifact not found: non_mf_groups_exist.tex (want a working-tree path or a <rev>:<path> pin)
ERROR: research/continuum-nonisomorphic-non-mf-cylinder.md: artifact not found: notes/NON_MF_FINAL_REVIEW_AND_RESOLUTION_2026-08-14.md (want a working-tree path or a <rev>:<path> pin)
ERROR: research/controlled-pauli-corner-has-clifford-groupification-proof.md: artifact not found: experiments/controlled_corner_clifford_groupification.py (want a working-tree path or a <rev>:<path> pin)
ERROR: research/controlled-pauli-corner-has-clifford-groupification.md: artifact not found: experiments/controlled_corner_clifford_groupification.py (want a working-tree path or a <rev>:<path> pin)
ERROR: research/coordinate-block-factorization-under-single-sandwich-proof.md: artifact not found: GroupApproximation/PropertyTT/MatrixElimination.lean (want a working-tree path or a <rev>:<path> pin)
ERROR: research/coordinate-block-factorization-under-single-sandwich-proof.md: artifact not found: GroupApproximation/PropertyTT/CoordinateBlocks.lean (want a working-tree path or a <rev>:<path> pin)
ERROR: research/coordinate-block-factorization-under-single-sandwich-proof.md: artifact not found: GroupApproximation/PropertyTT/BoundedGeneration.lean (want a working-tree path or a <rev>:<path> pin)
ERROR: research/coordinate-block-factorization-under-single-sandwich-proof.md: artifact not found: GroupApproximation/PropertyTT/RingHypotheses.lean (want a working-tree path or a <rev>:<path> pin)
ERROR: research/coordinate-block-factorization-under-single-sandwich.md: artifact not found: GroupApproximation/PropertyTT/PaperStatements.lean (want a working-tree path or a <rev>:<path> pin)
ERROR: research/coordinate-block-factorization-under-single-sandwich.md: artifact not found: GroupApproximation/PropertyTT/MatrixElimination.lean (want a working-tree path or a <rev>:<path> pin)
ERROR: research/coordinate-block-factorization-under-single-sandwich.md: artifact not found: GroupApproximation/PropertyTT/CoordinateBlocks.lean (want a working-tree path or a <rev>:<path> pin)
ERROR: research/coordinate-block-factorization-under-single-sandwich.md: artifact not found: GroupApproximation/PropertyTT/BoundedGeneration.lean (want a working-tree path or a <rev>:<path> pin)
ERROR: research/coordinate-ultraproduct-transport-proof.md: artifact not found: non_mf_groups_exist.tex (want a working-tree path or a <rev>:<path> pin)
ERROR: research/coordinate-ultraproduct-transport.md: artifact not found: non_mf_groups_exist.tex (want a working-tree path or a <rev>:<path> pin)
ERROR: research/corner-renormalization-cost-proof.md: artifact not found: notes/FALSE_FERMIONIC_AMPLIFICATION.md (want a working-tree path or a <rev>:<path> pin)
ERROR: research/corner-renormalization-cost-proof.md: artifact not found: notes/FALSE_WEAK_MF_EFFECTIVE_RANK_PROFILE.md (want a working-tree path or a <rev>:<path> pin)
ERROR: research/corner-renormalization-cost.md: artifact not found: notes/FALSE_FERMIONIC_AMPLIFICATION.md (want a working-tree path or a <rev>:<path> pin)
ERROR: research/corner-renormalization-cost.md: artifact not found: notes/FALSE_WEAK_MF_EFFECTIVE_RANK_PROFILE.md (want a working-tree path or a <rev>:<path> pin)
ERROR: research/corona-commutant-no-growth-via-uniform-stability.md: artifact not found: notes/COMMUTING_LAMP_QUOTIENT_STRUCTURE_AND_MF_FORK_2026-08-14.md (want a working-tree path or a <rev>:<path> pin)
ERROR: research/corona-commutant-no-growth.md: artifact not found: notes/COMMUTING_LAMP_QUOTIENT_STRUCTURE_AND_MF_FORK_2026-08-14.md (want a working-tree path or a <rev>:<path> pin)
ERROR: research/corona-corner-detection-criterion-proof.md: artifact not found: non_mf_groups_exist.tex (want a working-tree path or a <rev>:<path> pin)
ERROR: research/corona-corner-detection-criterion.md: artifact not found: non_mf_groups_exist.tex (want a working-tree path or a <rev>:<path> pin)
ERROR: research/corona-defect-is-not-uniform.md: artifact not found: notes/COMMUTING_LAMP_QUOTIENT_STRUCTURE_AND_MF_FORK_2026-08-14.md (want a working-tree path or a <rev>:<path> pin)
ERROR: research/corona-defect-not-uniform-proof.md: artifact not found: notes/COMMUTING_LAMP_QUOTIENT_STRUCTURE_AND_MF_FORK_2026-08-14.md (want a working-tree path or a <rev>:<path> pin)
ERROR: research/corona-finite-index-radical-heredity-proof.md: artifact not found: GroupApproximation/Sofic/InducedCoronaMF.lean (want a working-tree path or a <rev>:<path> pin)
ERROR: research/corona-finite-index-radical-heredity-proof.md: artifact not found: GroupApproximation/Sofic/AmplifiedBlockNorms.lean (want a working-tree path or a <rev>:<path> pin)
ERROR: research/corona-finite-index-radical-heredity.md: artifact not found: GroupApproximation/Algebra/VisibleQuotient.lean (want a working-tree path or a <rev>:<path> pin)
ERROR: research/corona-finite-index-radical-heredity.md: artifact not found: GroupApproximation/Sofic/InducedCoronaMF.lean (want a working-tree path or a <rev>:<path> pin)
ERROR: research/corona-hs-radical-is-finite-residual.md: artifact not found: notes/COMMUTING_LAMP_QUOTIENT_STRUCTURE_AND_MF_FORK_2026-08-14.md (want a working-tree path or a <rev>:<path> pin)
ERROR: research/corona-hs-radical-proof.md: artifact not found: notes/COMMUTING_LAMP_QUOTIENT_STRUCTURE_AND_MF_FORK_2026-08-14.md (want a working-tree path or a <rev>:<path> pin)
ERROR: research/corona-projection-collapse-proof.md: artifact not found: GroupApproximation/Sofic/InvolutionCollapseEndpoint.lean (want a working-tree path or a <rev>:<path> pin)
ERROR: research/count-raising-reversible-automata-lower-biased-rokhlin-entropy.md: artifact not found: experiments/count-charge-mobius-2026-09-17/check.py (want a working-tree path or a <rev>:<path> pin)
ERROR: research/countable-group-mf-conventions-proof.md: artifact not found: non_mf_groups_exist.tex (want a working-tree path or a <rev>:<path> pin)
ERROR: research/countable-group-mf-conventions-proof.md: artifact not found: GroupApproximation/Sofic/ManuscriptExactWrappers.lean (want a working-tree path or a <rev>:<path> pin)
ERROR: research/countable-group-mf-conventions-proof.md: artifact not found: GroupApproximation/Sofic/MFRepresentationVariants.lean (want a working-tree path or a <rev>:<path> pin)
ERROR: research/counting-ring-is-residually-finite-with-every-additive-order.md: artifact not found: experiments/counting-ring-steinberg-2026-09-17/check_counting_ring.py (want a working-tree path or a <rev>:<path> pin)
ERROR: research/counting-ring-rf-every-additive-order-proof.md: artifact not found: experiments/counting-ring-steinberg-2026-09-17/check_counting_ring.py (want a working-tree path or a <rev>:<path> pin)
ERROR: research/covariance-variance-control-proof.md: artifact not found: notes/TRUE_COVARIANCE_CONTROLS_TOTAL_TRANSITION_VARIANCE.md (want a working-tree path or a <rev>:<path> pin)
ERROR: research/covariant-model-satisfies-cross-context-radical-relators.md: artifact not found: experiments/cross_context_radical_relator_audit.py (want a working-tree path or a <rev>:<path> pin)
ERROR: research/cross-atlas-eleven-term-lift-construction.md: artifact not found: experiments/kaplansky_affine_lift_search.py (want a working-tree path or a <rev>:<path> pin)
ERROR: research/cross-atlas-eleven-term-lift-construction.md: artifact not found: experiments/kaplansky_minimum_lift_certificate.py (want a working-tree path or a <rev>:<path> pin)
ERROR: research/cross-whitehead-sandwiches-branch-roots-into-signed-normalizer.md: artifact not found: experiments/individual_cross_whitehead_unmatched_plus_root_return_search.py (want a working-tree path or a <rev>:<path> pin)
ERROR: research/crossing-pair-two-cycle-lot-groups-are-locally-indicable.md: artifact not found: experiments/lot-torsion/crossing_pair_check.py (want a working-tree path or a <rev>:<path> pin)
ERROR: research/crossing-pair-two-cycle-lot-groups-are-locally-indicable.md: artifact not found: experiments/lot-torsion/crossing_pair_check-run.log (want a working-tree path or a <rev>:<path> pin)
ERROR: research/crossing-pair-two-cycle-lot-li-proof.md: artifact not found: experiments/lot-torsion/crossing_pair_check.py (want a working-tree path or a <rev>:<path> pin)
ERROR: research/crossing-pair-two-cycle-lot-li-proof.md: artifact not found: experiments/lot-torsion/crossing_pair_check-run.log (want a working-tree path or a <rev>:<path> pin)
ERROR: research/cyclic-affine-direction-decoder-proof.md: artifact not found: scripts/check_unique_games_affine_soundness.py (want a working-tree path or a <rev>:<path> pin)
ERROR: research/cyclic-base-sharpness-proof.md: artifact not found: non_mf_groups_exist.tex (want a working-tree path or a <rev>:<path> pin)
ERROR: research/cyclic-base-sharpness-proof.md: artifact not found: GroupApproximation/Monsters/LiteralCyclicCalibration.lean (want a working-tree path or a <rev>:<path> pin)
ERROR: research/cyclic-base-sharpness-proof.md: artifact not found: GroupApproximation/Monsters/CyclicBaseLEFObstruction.lean (want a working-tree path or a <rev>:<path> pin)
ERROR: research/cyclic-base-sharpness.md: artifact not found: non_mf_groups_exist.tex (want a working-tree path or a <rev>:<path> pin)
ERROR: research/cyclic-base-sharpness.md: artifact not found: GroupApproximation/Monsters/LiteralCyclicCalibration.lean (want a working-tree path or a <rev>:<path> pin)
ERROR: research/cyclic-base-sharpness.md: artifact not found: GroupApproximation/Monsters/CyclicBaseLEFObstruction.lean (want a working-tree path or a <rev>:<path> pin)
ERROR: research/cyclic-endpoint-sheet-aggregation-has-zero-gram-profile.md: artifact not found: experiments/endpoint_cyclic_sheet_aggregation_audit.py (want a working-tree path or a <rev>:<path> pin)
ERROR: research/cyclic-phase-pauli-shears-have-unbounded-clock-order.md: artifact not found: experiments/cyclic_phase_pauli_clock.py (want a working-tree path or a <rev>:<path> pin)
ERROR: research/d-ary-leavitt-groups-nonsofic-over-finite-fields.md: artifact not found: GroupApproximation/Leavitt/AryEndpoints.lean (want a working-tree path or a <rev>:<path> pin)
ERROR: research/d-ary-leavitt-groups-nonsofic-over-finite-fields.md: artifact not found: GroupApproximation/Leavitt/FamilyRankFour.lean (want a working-tree path or a <rev>:<path> pin)
ERROR: research/d-ary-leavitt-nonsofic-via-binary-corner.md: artifact not found: GroupApproximation/Leavitt/AryEndpoints.lean (want a working-tree path or a <rev>:<path> pin)
ERROR: research/d-ary-leavitt-nonsofic-via-binary-corner.md: artifact not found: GroupApproximation/Leavitt/FamilyRankFour.lean (want a working-tree path or a <rev>:<path> pin)
ERROR: research/data-routed-automata-defeat-transport-accounting.md: artifact not found: experiments/blind-copy-automata-2026-09-17/blind_copy_census.py (want a working-tree path or a <rev>:<path> pin)
ERROR: research/decidable-groups-have-overlap-recurrent-aperiodic-points.md: artifact not found: experiments/overlap-recurrence-2026-09-17/overlap_margin_z.py (want a working-tree path or a <rev>:<path> pin)
ERROR: research/decidable-groups-have-overlap-recurrent-aperiodic-points.md: artifact not found: experiments/overlap-recurrence-2026-09-17/overlap_margin_z.out.txt (want a working-tree path or a <rev>:<path> pin)
ERROR: research/dedekind-infinite-ring-elementary-maximal-cstar-infinite-proof.md: artifact not found: non_mf_groups_exist.tex (want a working-tree path or a <rev>:<path> pin)
ERROR: research/dedekind-infinite-ring-elementary-maximal-cstar-infinite.md: artifact not found: non_mf_groups_exist.tex (want a working-tree path or a <rev>:<path> pin)
ERROR: research/deep-two-factor-regime-is-empty-proof.md: artifact not found: GroupApproximation/Sofic/GreendlingerDeepVacuity.lean (want a working-tree path or a <rev>:<path> pin)
ERROR: research/deep-two-factor-regime-is-empty.md: artifact not found: GroupApproximation/Sofic/GreendlingerDeepVacuity.lean (want a working-tree path or a <rev>:<path> pin)
ERROR: research/deep-two-factor-regime-is-empty.md: artifact not found: GroupApproximation/Sofic/GreendlingerDeepVacuitySharp.lean (want a working-tree path or a <rev>:<path> pin)
ERROR: research/deepest-match-orientation-proof.md: artifact not found: GroupApproximation/Sofic/GreendlingerCascade.lean (want a working-tree path or a <rev>:<path> pin)
ERROR: research/deepest-match-orientation.md: artifact not found: GroupApproximation/Sofic/GreendlingerCascade.lean (want a working-tree path or a <rev>:<path> pin)
ERROR: research/deepest-match-orientation.md: artifact not found: GroupApproximation/Sofic/GreendlingerChunks.lean (want a working-tree path or a <rev>:<path> pin)
ERROR: research/defect-forces-proper-self-embedding-proof.md: artifact not found: GroupApproximation/Sofic/ConcreteCompressionSource.lean (want a working-tree path or a <rev>:<path> pin)
ERROR: research/defect-forces-proper-self-embedding.md: artifact not found: GroupApproximation/Sofic/ConcreteCompressionSource.lean (want a working-tree path or a <rev>:<path> pin)
ERROR: research/defect-normally-generates-torsion-free-quotient-proof.md: artifact not found: notes/TORSION_FREE_NORMAL_GENERATION_HULL_QUOTIENT.md (want a working-tree path or a <rev>:<path> pin)
ERROR: research/defect-normally-generates-torsion-free-quotient.md: artifact not found: notes/TORSION_FREE_NORMAL_GENERATION_HULL_QUOTIENT.md (want a working-tree path or a <rev>:<path> pin)
ERROR: research/defect-normally-generates-torsion-free-quotient.md: artifact not found: notes/TORSION_FREE_SATURATION_DIRECT_ROUTE_2026-08-14.md (want a working-tree path or a <rev>:<path> pin)
ERROR: research/defect-saturation-from-arithmetic-source.md: artifact not found: GroupApproximation/Sofic/LiteralAffineCongruenceSource.lean (want a working-tree path or a <rev>:<path> pin)
ERROR: research/defect-saturation-from-arithmetic-source.md: artifact not found: GroupApproximation/Sofic/LiteralAffineFreeProductSource.lean (want a working-tree path or a <rev>:<path> pin)
ERROR: research/defect-saturation-from-arithmetic-source.md: artifact not found: GroupApproximation/Sofic/TorsionFreeFullMFRadical.lean (want a working-tree path or a <rev>:<path> pin)
ERROR: research/defect-saturation-from-single-shadow-word.md: artifact not found: GroupApproximation/Sofic/OpToHSShadowResidual.lean (want a working-tree path or a <rev>:<path> pin)
ERROR: research/defect-saturation-full-mf-radical-proof.md: artifact not found: GroupApproximation/Sofic/TorsionFreeFullMFRadical.lean (want a working-tree path or a <rev>:<path> pin)
ERROR: research/defect-saturation-full-mf-radical-proof.md: artifact not found: GroupApproximation/Sofic/ManuscriptClosedWrappers.lean (want a working-tree path or a <rev>:<path> pin)
ERROR: research/defect-saturation-full-mf-radical.md: artifact not found: GroupApproximation/Sofic/DefectSaturation.lean (want a working-tree path or a <rev>:<path> pin)
ERROR: research/defect-saturation-full-mf-radical.md: artifact not found: GroupApproximation/Sofic/TorsionFreeFullMFRadical.lean (want a working-tree path or a <rev>:<path> pin)
ERROR: research/defect-saturation-full-mf-radical.md: artifact not found: GroupApproximation/Sofic/ManuscriptClosedWrappers.lean (want a working-tree path or a <rev>:<path> pin)
ERROR: research/defect-saturation-via-hyperlinear-compiler.md: artifact not found: GroupApproximation/Sofic/NormalKazhdanHyperlinearKilled.lean (want a working-tree path or a <rev>:<path> pin)
ERROR: research/defect-saturation-via-hyperlinear-compiler.md: artifact not found: GroupApproximation/Sofic/TorsionFreeFullMFRadical.lean (want a working-tree path or a <rev>:<path> pin)
ERROR: research/deligne-witness-packets-are-zariski-dense-or-hilbert-type.md: artifact not found: experiments/sp4-schur-zariski-closure-packets-2026-09-17/verify.py (want a working-tree path or a <rev>:<path> pin)
ERROR: research/deligne-witness-packets-are-zariski-dense-or-hilbert-type.md: artifact not found: experiments/sp4-schur-zariski-closure-packets-2026-09-17/output.txt (want a working-tree path or a <rev>:<path> pin)
ERROR: research/deligne-witness-zariski-closure-proof.md: artifact not found: experiments/sp4-schur-zariski-closure-packets-2026-09-17/verify.py (want a working-tree path or a <rev>:<path> pin)
ERROR: research/density-random-first-moment-divergence-proof.md: artifact not found: experiments/hyperbolic-rf/density_quotient_checks.py (want a working-tree path or a <rev>:<path> pin)
ERROR: research/density-random-no-quotients-below-exp-k-letter-swap-proof.md: artifact not found: experiments/hyperbolic-rf/density_quotient_checks.py (want a working-tree path or a <rev>:<path> pin)
ERROR: research/depth-distortion-obstructs-power-conjugates-in-leavitt-hosts.md: artifact not found: experiments/leavitt-depth-rate-2026-09-17/depth_rate.py (want a working-tree path or a <rev>:<path> pin)
ERROR: research/depth-distortion-obstructs-power-conjugates-in-leavitt-hosts.md: artifact not found: experiments/leavitt-depth-rate-2026-09-17/results.txt (want a working-tree path or a <rev>:<path> pin)
ERROR: research/depth-two-a3-private-whiteheads-have-finite-gl6-model.md: artifact not found: experiments/depth_two_a3_private_arm_whitehead_gl6.py (want a working-tree path or a <rev>:<path> pin)
ERROR: research/diagonal-coset-commuting-counterexample-proof.md: artifact not found: GroupApproximation/Algebra/DiagonalCosetAction.lean (want a working-tree path or a <rev>:<path> pin)
ERROR: research/diagonal-normalizer-rigidity-proof.md: artifact not found: notes/TRUE_DIAGONAL_NORMALIZER_RIGIDITY.md (want a working-tree path or a <rev>:<path> pin)
ERROR: research/diagonal-normalizer-rigidity.md: artifact not found: notes/TRUE_DIAGONAL_NORMALIZER_RIGIDITY.md (want a working-tree path or a <rev>:<path> pin)
ERROR: research/discrete-kazhdan-groups-are-finitely-generated-proof.md: artifact not found: GroupApproximation/Kazhdan/KazhdanFiniteGeneration.lean (want a working-tree path or a <rev>:<path> pin)
ERROR: research/discrete-kazhdan-groups-are-finitely-generated.md: artifact not found: GroupApproximation/Kazhdan/KazhdanFiniteGeneration.lean (want a working-tree path or a <rev>:<path> pin)
ERROR: research/distorted-periodic-half-spaces-defeat-real-code-junta-decoding.md: artifact not found: experiments/real-code-distortion-2026-09-17/check_distorted_real_code.py (want a working-tree path or a <rev>:<path> pin)
ERROR: research/distorted-periodic-half-spaces-junta-farness-proof.md: artifact not found: experiments/real-code-distortion-2026-09-17/check_distorted_real_code.py (want a working-tree path or a <rev>:<path> pin)
ERROR: research/dkkms-2to1-instances-satisfy-selector-decoding-hypotheses.md: artifact not found: experiments/dkkms-selector-membership-2026-09-17/check_dkkms_direction_law.py (want a working-tree path or a <rev>:<path> pin)
ERROR: research/dkkms-affine-view-verifiers-any-sigma-sound-at-2c-1.md: artifact not found: experiments/uniform-gauge-2026-09-17/check_uniform_gauge_transfer.py (want a working-tree path or a <rev>:<path> pin)
ERROR: research/dkkms-affine-view-verifiers-any-sigma-sound-at-2c-1.md: artifact not found: experiments/uniform-gauge-2026-09-17/check_dkkms_homogeneous_gauge.py (want a working-tree path or a <rev>:<path> pin)
ERROR: research/dkkms-selector-membership-proof.md: artifact not found: experiments/dkkms-selector-membership-2026-09-17/check_dkkms_direction_law.py (want a working-tree path or a <rev>:<path> pin)
ERROR: research/donor-covering-phase-transport-proof.md: artifact not found: experiments/donor-covering-descent-2026-09-17/check.py (want a working-tree path or a <rev>:<path> pin)
ERROR: research/donor-covering-strict-automata-descend-to-two-symbols.md: artifact not found: experiments/donor-covering-descent-2026-09-17/check.py (want a working-tree path or a <rev>:<path> pin)
ERROR: research/donor-covering-types-give-nonsurjunctive-size-progressions.md: artifact not found: experiments/donor-power-residue-2026-09-17/check.py (want a working-tree path or a <rev>:<path> pin)
ERROR: research/donor-type-tag-lift-size-progression-proof.md: artifact not found: experiments/donor-power-residue-2026-09-17/check.py (want a working-tree path or a <rev>:<path> pin)
ERROR: research/doubling-quotient-residually-finite-proof.md: artifact not found: notes/COMPRESSION_COLLAPSE_MF_RADICAL.md (want a working-tree path or a <rev>:<path> pin)
ERROR: research/doubling-quotient-residually-finite.md: artifact not found: notes/COMPRESSION_COLLAPSE_MF_RADICAL.md (want a working-tree path or a <rev>:<path> pin)
ERROR: research/dual-singer-three-bit-incidence-retains-central-return.md: artifact not found: experiments/dual_singer_pauli_incidence_audit.py (want a working-tree path or a <rev>:<path> pin)
ERROR: research/dyadic-e5-hard-pulses-have-disjoint-degree-bands.md: artifact not found: experiments/e5_heisenberg_rank_one_boundary_pulse.py (want a working-tree path or a <rev>:<path> pin)
ERROR: research/e33-balls-have-no-small-zero-divisors.md: artifact not found: experiments/zero-divisor-tf/zd_sat.py (want a working-tree path or a <rev>:<path> pin)
ERROR: research/e33-balls-have-no-small-zero-divisors.md: artifact not found: experiments/zero-divisor-tf/runs/e33-p2-r22.json (want a working-tree path or a <rev>:<path> pin)
ERROR: research/e33-balls-have-no-small-zero-divisors.md: artifact not found: experiments/zero-divisor-tf/runs/e33-p3-r22.json (want a working-tree path or a <rev>:<path> pin)
ERROR: research/e33-balls-have-no-small-zero-divisors.md: artifact not found: experiments/zero-divisor-tf/runs/e33-p2-r23.json (want a working-tree path or a <rev>:<path> pin)
ERROR: research/e33-balls-have-no-small-zero-divisors.md: artifact not found: experiments/zero-divisor-tf/runs/e33-p2-r11-control.json (want a working-tree path or a <rev>:<path> pin)
ERROR: research/e33-balls-have-no-small-zero-divisors.md: artifact not found: experiments/zero-divisor-tf/runs/e33-p3-r11-control.json (want a working-tree path or a <rev>:<path> pin)
ERROR: research/e33-no-unique-product-pairs-of-small-radius.md: artifact not found: experiments/zero-divisor-tf/up_sat.py (want a working-tree path or a <rev>:<path> pin)
ERROR: research/e33-no-unique-product-pairs-of-small-radius.md: artifact not found: experiments/zero-divisor-tf/runs-up/e33-up-r11-control.json (want a working-tree path or a <rev>:<path> pin)
ERROR: research/e33-no-unique-product-pairs-of-small-radius.md: artifact not found: experiments/zero-divisor-tf/runs-up/e33-up-r22.json (want a working-tree path or a <rev>:<path> pin)
ERROR: research/e33-no-unique-product-pairs-of-small-radius.md: artifact not found: experiments/zero-divisor-tf/runs-up/e33-up-r23.json (want a working-tree path or a <rev>:<path> pin)
ERROR: research/e33-no-unique-product-pairs-of-small-radius.md: artifact not found: experiments/zero-divisor-tf/runs-up/e33-up-r33.json (want a working-tree path or a <rev>:<path> pin)
ERROR: research/e33-no-unique-product-pairs-of-small-radius.md: artifact not found: experiments/zero-divisor-tf/runs-up/e33-up-r24.json (want a working-tree path or a <rev>:<path> pin)
ERROR: research/e5-heisenberg-word-realizes-rank-one-boundary-pulse.md: artifact not found: experiments/e5_heisenberg_rank_one_boundary_pulse.py (want a working-tree path or a <rev>:<path> pin)
ERROR: research/effective-transport-modulus.md: artifact not found: non_mf_groups_exist.tex (want a working-tree path or a <rev>:<path> pin)
ERROR: research/effective-transport-modulus.md: artifact not found: notes/NON_MF_FINAL_REVIEW_AND_RESOLUTION_2026-08-14.md (want a working-tree path or a <rev>:<path> pin)
ERROR: research/efficient-branch-selector-on-proved-2to1-instances.md: artifact not found: experiments/orientation-lift-2026-09-17/check_orientation_lift.py (want a working-tree path or a <rev>:<path> pin)
ERROR: research/efficient-branch-selectors-list-decode-honest-outer-labels.md: artifact not found: experiments/ugc-selector-decoding-2026-09-17/check_selector_decoding.py (want a working-tree path or a <rev>:<path> pin)
ERROR: research/eight-external-returns-have-no-whitehead-gauge-lock.md: artifact not found: experiments/external_return_whitehead_orbit_audit.py (want a working-tree path or a <rev>:<path> pin)
ERROR: research/elek-szabo-envelope-loses-torsion-free-kazhdan-control.md: artifact not found: GroupApproximation/Sofic/SimpleSoficEnvelopeUnconditional.lean (want a working-tree path or a <rev>:<path> pin)
ERROR: research/elementary-abelian-regular-normalizers-have-diffuse-fibers.md: artifact not found: notes/TRUE_RELATIVE_BURTON_KUN_THOM_REDUCTION.md (want a working-tree path or a <rev>:<path> pin)
ERROR: research/elementary-group-fg-from-fg-coefficient-ring.md: artifact not found: GroupApproximation/Leavitt/ElementaryGroup.lean (want a working-tree path or a <rev>:<path> pin)
ERROR: research/elementary-group-property-t-over-free-algebras-proof.md: artifact not found: GroupApproximation/PropertyT/FiniteFieldElementaryPropertyT.lean (want a working-tree path or a <rev>:<path> pin)
ERROR: research/elementary-group-property-t-over-free-algebras-proof.md: artifact not found: GroupApproximation/PropertyT/A2MagicEnergy.lean (want a working-tree path or a <rev>:<path> pin)
ERROR: research/elementary-group-property-t-over-free-algebras-proof.md: artifact not found: GroupApproximation/PropertyT/A2MagicLaplacian.lean (want a working-tree path or a <rev>:<path> pin)
ERROR: research/elementary-group-property-t-over-free-algebras-proof.md: artifact not found: GroupApproximation/PropertyT/FreeRootPlaneFourier.lean (want a working-tree path or a <rev>:<path> pin)
ERROR: research/elementary-group-property-t-over-free-algebras-proof.md: artifact not found: GroupApproximation/PropertyT/ClassTwoNormalForm.lean (want a working-tree path or a <rev>:<path> pin)
ERROR: research/elementary-group-property-t-over-free-algebras-proof.md: artifact not found: GroupApproximation/PropertyT/FiniteTypeCharacteristicTwoPropertyT.lean (want a working-tree path or a <rev>:<path> pin)
ERROR: research/elementary-group-property-t-over-free-algebras.md: artifact not found: GroupApproximation/PropertyT/FiniteFieldElementaryPropertyT.lean (want a working-tree path or a <rev>:<path> pin)
ERROR: research/elementary-group-property-t-over-free-algebras.md: artifact not found: GroupApproximation/PropertyT/FiniteTypeCharacteristicTwoPropertyT.lean (want a working-tree path or a <rev>:<path> pin)
ERROR: research/elementary-group-property-t-over-free-algebras.md: artifact not found: GroupApproximation/PropertyT/A2Kazhdan.lean (want a working-tree path or a <rev>:<path> pin)
ERROR: research/elementary-group-property-t-over-free-algebras.md: artifact not found: GroupApproximation/PropertyT/FreeRootPlaneMass.lean (want a working-tree path or a <rev>:<path> pin)
ERROR: research/elementary-group-property-t-over-free-algebras.md: artifact not found: GroupApproximation/PropertyT/ClassTwoApproximation.lean (want a working-tree path or a <rev>:<path> pin)
ERROR: research/eleven-term-lift-radius-four-exhaustion.md: artifact not found: experiments/kaplansky_affine_lift_search.py (want a working-tree path or a <rev>:<path> pin)
ERROR: research/eleven-term-lift-radius-four-exhaustion.md: artifact not found: experiments/kaplansky_joint_lift_search.py (want a working-tree path or a <rev>:<path> pin)
ERROR: research/eleven-term-s0-lift-has-no-radius-four-left-inverse.md: artifact not found: experiments/kaplansky_affine_lift_search.py (want a working-tree path or a <rev>:<path> pin)
ERROR: research/eleven-term-s0-lift-has-no-radius-four-left-inverse.md: artifact not found: experiments/kaplansky_joint_lift_search.py (want a working-tree path or a <rev>:<path> pin)
ERROR: research/eleven-term-s0-lift-has-no-radius-four-left-inverse.md: artifact not found: experiments/kaplansky_asymmetric_atlas_search.py (want a working-tree path or a <rev>:<path> pin)
ERROR: research/endpoint-b2-enlargement-has-native-s3-retract.md: artifact not found: experiments/endpoint_j1_b2_range_support_audit.py (want a working-tree path or a <rev>:<path> pin)
ERROR: research/endpoint-b2-enlargement-has-native-s3-retract.md: artifact not found: experiments/endpoint_j1_j2_b2_external_relator_audit.py (want a working-tree path or a <rev>:<path> pin)
ERROR: research/endpoint-external-order-four-is-conditional-s3-breaker.md: artifact not found: experiments/endpoint_external_weyl_order_audit.py (want a working-tree path or a <rev>:<path> pin)
ERROR: research/endpoint-external-subgroup-has-native-s3-retract.md: artifact not found: experiments/endpoint_external_s3_retract_audit.py (want a working-tree path or a <rev>:<path> pin)
ERROR: research/endpoint-external-subgroup-has-native-s3-retract.md: artifact not found: experiments/endpoint_external_subgroup_relator_audit.py (want a working-tree path or a <rev>:<path> pin)
ERROR: research/endpoint-j1-enlargement-has-native-s3-retract.md: artifact not found: experiments/endpoint_j1_external_s3_retract_audit.py (want a working-tree path or a <rev>:<path> pin)
ERROR: research/endpoint-j1-enlargement-has-native-s3-retract.md: artifact not found: experiments/endpoint_j1_external_subgroup_relator_audit.py (want a working-tree path or a <rev>:<path> pin)
ERROR: research/endpoint-order-five-actor-has-half-gram.md: artifact not found: experiments/endpoint_fine_collision_odd_mixed_audit.py (want a working-tree path or a <rev>:<path> pin)
ERROR: research/endpoint-whitehead-hecke-flag-trichotomy.md: artifact not found: experiments/endpoint_chain_center_hecke_collision_audit.py (want a working-tree path or a <rev>:<path> pin)
ERROR: research/endpoint-whitehead-signed-source-has-only-relative-hecke-overlap.md: artifact not found: experiments/endpoint_whitehead_signed_source_intersection_audit.py (want a working-tree path or a <rev>:<path> pin)
ERROR: research/enumerated-presentation-finite-generation-levels.md: artifact not found: GroupApproximation/Computability/IsoInvariantSwitchHardness.lean (want a working-tree path or a <rev>:<path> pin)
ERROR: research/equivariant-partition-stability-reduction-proof.md: artifact not found: experiments/pair-resampling-hypercontractivity-2026-09-17/linear_partition_stability.py (want a working-tree path or a <rev>:<path> pin)
ERROR: research/every-forbidden-atom-has-fixed-schur-pauli-words-proof.md: artifact not found: experiments/fanizza_fixed_predicate_rank_compiler.py (want a working-tree path or a <rev>:<path> pin)
ERROR: research/every-forbidden-atom-has-fixed-schur-pauli-words.md: artifact not found: experiments/fanizza_fixed_predicate_rank_compiler.py (want a working-tree path or a <rev>:<path> pin)
ERROR: research/every-high-free-root-valuation-has-a-rank-one-e5-detector.md: artifact not found: experiments/valuation_complete_e5_rank_one_pulse.py (want a working-tree path or a <rev>:<path> pin)
ERROR: research/every-noninjective-star-fold-has-kernel-f-infinity.md: artifact not found: non_mf_groups_exist.tex (want a working-tree path or a <rev>:<path> pin)
ERROR: research/every-noninjective-star-fold-has-kernel-f-infinity.md: artifact not found: notes/MF_REFLECTION_AND_CORONA_SUPPORT_CALCULUS.md (want a working-tree path or a <rev>:<path> pin)
ERROR: research/every-predicate-has-s3-equivariant-raw-radical-drop.md: artifact not found: experiments/s3_equivariant_radical_compiler.py (want a working-tree path or a <rev>:<path> pin)
ERROR: research/every-predicate-has-s3-equivariant-raw-radical-drop.md: artifact not found: experiments/s3_equivariant_and_radical_phase_packet.py (want a working-tree path or a <rev>:<path> pin)
ERROR: research/exact-group-algebra-from-witness.md: artifact not found: non_mf_groups_exist.tex (want a working-tree path or a <rev>:<path> pin)
ERROR: research/exact-group-algebra-from-witness.md: artifact not found: GroupApproximation/Endpoint/NonMFImpact.lean (want a working-tree path or a <rev>:<path> pin)
ERROR: research/exact-local-reflexivity-does-not-promote-hyperlinear-traces.md: artifact not found: non_mf_groups_exist.tex (want a working-tree path or a <rev>:<path> pin)
ERROR: research/exact-local-reflexivity-trace-no-go-proof.md: artifact not found: GroupApproximation/Analysis/MFTracePullback.lean (want a working-tree path or a <rev>:<path> pin)
ERROR: research/exact-stably-finite-non-mf-reduced-group-algebra.md: artifact not found: non_mf_groups_exist.tex (want a working-tree path or a <rev>:<path> pin)
ERROR: research/exact-stably-finite-non-mf-reduced-group-algebra.md: artifact not found: GroupApproximation/Endpoint/NonMFImpact.lean (want a working-tree path or a <rev>:<path> pin)
ERROR: research/exact-tex-source-quine-lives-in-derived-mf-radical-proof.md: artifact not found: GroupApproximation/Computability/MFRadicalQuine.lean (want a working-tree path or a <rev>:<path> pin)
ERROR: research/exact-tex-source-quine-lives-in-derived-mf-radical-proof.md: artifact not found: GroupApproximation/Computability/MFRadicalQuineSource.lean (want a working-tree path or a <rev>:<path> pin)
ERROR: research/exact-tex-source-quine-lives-in-derived-mf-radical-proof.md: artifact not found: f1746067c:mf_radical_tex_quine.tex (want a working-tree path or a <rev>:<path> pin)
ERROR: research/exact-tex-source-quine-lives-in-derived-mf-radical-proof.md: artifact not found: scripts/check_mf_radical_tex_quine.py (want a working-tree path or a <rev>:<path> pin)
ERROR: research/exact-tex-source-quine-lives-in-derived-mf-radical.md: artifact not found: f1746067c:mf_radical_tex_quine.tex (want a working-tree path or a <rev>:<path> pin)
ERROR: research/exact-tex-source-quine-lives-in-derived-mf-radical.md: artifact not found: GroupApproximation/Computability/MFRadicalQuine.lean (want a working-tree path or a <rev>:<path> pin)
ERROR: research/exact-tex-source-quine-lives-in-derived-mf-radical.md: artifact not found: GroupApproximation/Computability/MFRadicalQuineSource.lean (want a working-tree path or a <rev>:<path> pin)
ERROR: research/exact-tex-source-quine-lives-in-derived-mf-radical.md: artifact not found: scripts/build_mf_radical_tex_quine.py (want a working-tree path or a <rev>:<path> pin)
ERROR: research/exact-tex-source-quine-lives-in-derived-mf-radical.md: artifact not found: scripts/check_mf_radical_tex_quine.py (want a working-tree path or a <rev>:<path> pin)
ERROR: research/exceptional-endpoint-detector-products-stay-at-depth-three.md: artifact not found: experiments/exceptional_endpoint_detector_product_audit.py (want a working-tree path or a <rev>:<path> pin)
ERROR: research/exceptional-mixed-pair-is-infinite-dihedral-proof.md: artifact not found: notes/TRUE_MIXED_COMMUTATOR_HAS_INFINITE_ORDER.md (want a working-tree path or a <rev>:<path> pin)
ERROR: research/exceptional-mixed-pair-is-infinite-dihedral-proof.md: artifact not found: GroupApproximation/Sofic/MixedCommutatorDihedral.lean (want a working-tree path or a <rev>:<path> pin)
ERROR: research/exceptional-mixed-pair-is-infinite-dihedral.md: artifact not found: notes/TRUE_MIXED_COMMUTATOR_HAS_INFINITE_ORDER.md (want a working-tree path or a <rev>:<path> pin)
ERROR: research/exceptional-mixed-pair-is-infinite-dihedral.md: artifact not found: GroupApproximation/Sofic/MixedCommutatorDihedral.lean (want a working-tree path or a <rev>:<path> pin)
ERROR: research/exceptional-mixed-unilateral-shift-route.md: artifact not found: notes/TRUE_MIXED_COMMUTATOR_HAS_INFINITE_ORDER.md (want a working-tree path or a <rev>:<path> pin)
ERROR: research/exotic-c2-tilde-kazhdan-lattices-not-left-orderable-proof.md: artifact not found: experiments/c2-tilde-simple-lattice-left-orders-2026-09-17/bmw_sat.py (want a working-tree path or a <rev>:<path> pin)
ERROR: research/exotic-c2-tilde-kazhdan-lattices-not-left-orderable-proof.md: artifact not found: experiments/c2-tilde-simple-lattice-left-orders-2026-09-17/bmw_sat.out (want a working-tree path or a <rev>:<path> pin)
ERROR: research/exotic-c2-tilde-kazhdan-lattices-not-left-orderable-proof.md: artifact not found: experiments/c2-tilde-simple-lattice-left-orders-2026-09-17/radu_sat.py (want a working-tree path or a <rev>:<path> pin)
ERROR: research/exotic-c2-tilde-kazhdan-lattices-not-left-orderable-proof.md: artifact not found: experiments/c2-tilde-simple-lattice-left-orders-2026-09-17/radu_sat.out (want a working-tree path or a <rev>:<path> pin)
ERROR: research/exotic-c2-tilde-simple-kazhdan-lattices-are-not-left-orderable.md: artifact not found: experiments/c2-tilde-simple-lattice-left-orders-2026-09-17/bmw_sat.py (want a working-tree path or a <rev>:<path> pin)
ERROR: research/exotic-c2-tilde-simple-kazhdan-lattices-are-not-left-orderable.md: artifact not found: experiments/c2-tilde-simple-lattice-left-orders-2026-09-17/bmw_sat.out (want a working-tree path or a <rev>:<path> pin)
ERROR: research/exotic-c2-tilde-simple-kazhdan-lattices-are-not-left-orderable.md: artifact not found: experiments/c2-tilde-simple-lattice-left-orders-2026-09-17/radu_sat.py (want a working-tree path or a <rev>:<path> pin)
ERROR: research/exotic-c2-tilde-simple-kazhdan-lattices-are-not-left-orderable.md: artifact not found: experiments/c2-tilde-simple-lattice-left-orders-2026-09-17/radu_sat.out (want a working-tree path or a <rev>:<path> pin)
ERROR: research/expander-matching-mechanism-has-no-hyperbolic-instance.md: artifact not found: c1168433:official/counterexample.tex (want a working-tree path or a <rev>:<path> pin)
ERROR: research/explicit-random-relator-witness-extraction.md: artifact not found: experiments/random_word_return_strata.py (want a working-tree path or a <rev>:<path> pin)
ERROR: research/extended-prefix-relative-word-centralizes-quarter-source.md: artifact not found: experiments/asymmetric_prefix_relative_source_audit.py (want a working-tree path or a <rev>:<path> pin)
ERROR: research/external-group-misses-native-t00-roots.md: artifact not found: experiments/external_normalizer_native_conversion_return_audit.py (want a working-tree path or a <rev>:<path> pin)
ERROR: research/external-normalizer-dressed-cell-has-full-gauged-gram.md: artifact not found: experiments/second_mixed_cell_transport_normalizer_audit.py (want a working-tree path or a <rev>:<path> pin)
ERROR: research/external-normalizer-dressed-cell-has-full-gauged-gram.md: artifact not found: experiments/external_normalizer_order_five_cell_audit.py (want a working-tree path or a <rev>:<path> pin)
ERROR: research/external-return-group-has-only-spectator-singer-centralizers.md: artifact not found: experiments/external_return_exact_singer_centralizer.py (want a working-tree path or a <rev>:<path> pin)
ERROR: research/f-dyadic-inverted-orbit-is-subballistic-on-rare-events.md: artifact not found: experiments/f-dyadic-rare-confinement-2026-09-17/cloning.py (want a working-tree path or a <rev>:<path> pin)
ERROR: research/f-dyadic-inverted-orbit-is-subballistic-on-rare-events.md: artifact not found: experiments/f-dyadic-rare-confinement-2026-09-17/band_long.py (want a working-tree path or a <rev>:<path> pin)
ERROR: research/f-dyadic-inverted-orbit-is-subballistic-on-rare-events.md: artifact not found: experiments/f-dyadic-rare-confinement-2026-09-17/lambda_long.py (want a working-tree path or a <rev>:<path> pin)
ERROR: research/f-dyadic-inverted-orbit-is-subballistic-on-rare-events.md: artifact not found: experiments/f-dyadic-rare-confinement-2026-09-17/psl_return.py (want a working-tree path or a <rev>:<path> pin)
ERROR: research/f-dyadic-rare-confinement-rate-at-most-cogrowth-exponent-proof.md: artifact not found: experiments/f-dyadic-rare-confinement-2026-09-17/cloning.py (want a working-tree path or a <rev>:<path> pin)
ERROR: research/f-dyadic-rare-confinement-rate-at-most-cogrowth-exponent-proof.md: artifact not found: experiments/f-dyadic-rare-confinement-2026-09-17/band_long.py (want a working-tree path or a <rev>:<path> pin)
ERROR: research/f-dyadic-rare-confinement-rate-at-most-cogrowth-exponent-proof.md: artifact not found: experiments/f-dyadic-rare-confinement-2026-09-17/psl_return.py (want a working-tree path or a <rev>:<path> pin)
ERROR: research/f-dyadic-rare-confinement-rate-at-most-cogrowth-exponent.md: artifact not found: experiments/f-dyadic-rare-confinement-2026-09-17/cloning.py (want a working-tree path or a <rev>:<path> pin)
ERROR: research/f-dyadic-rare-confinement-rate-at-most-cogrowth-exponent.md: artifact not found: experiments/f-dyadic-rare-confinement-2026-09-17/cloning_main.json (want a working-tree path or a <rev>:<path> pin)
ERROR: research/f-dyadic-rare-confinement-rate-at-most-cogrowth-exponent.md: artifact not found: experiments/f-dyadic-rare-confinement-2026-09-17/cloning_main.log (want a working-tree path or a <rev>:<path> pin)
ERROR: research/f-dyadic-rare-confinement-rate-at-most-cogrowth-exponent.md: artifact not found: experiments/f-dyadic-rare-confinement-2026-09-17/band_long.py (want a working-tree path or a <rev>:<path> pin)
ERROR: research/f-dyadic-rare-confinement-rate-at-most-cogrowth-exponent.md: artifact not found: experiments/f-dyadic-rare-confinement-2026-09-17/band_F.json (want a working-tree path or a <rev>:<path> pin)
ERROR: research/f-dyadic-rare-confinement-rate-at-most-cogrowth-exponent.md: artifact not found: experiments/f-dyadic-rare-confinement-2026-09-17/band_F.log (want a working-tree path or a <rev>:<path> pin)
ERROR: research/f-dyadic-rare-confinement-rate-at-most-cogrowth-exponent.md: artifact not found: experiments/f-dyadic-rare-confinement-2026-09-17/band_PSL.json (want a working-tree path or a <rev>:<path> pin)
ERROR: research/f-dyadic-rare-confinement-rate-at-most-cogrowth-exponent.md: artifact not found: experiments/f-dyadic-rare-confinement-2026-09-17/band_PSL.log (want a working-tree path or a <rev>:<path> pin)
ERROR: research/f-dyadic-rare-confinement-rate-at-most-cogrowth-exponent.md: artifact not found: experiments/f-dyadic-rare-confinement-2026-09-17/lambda_long.py (want a working-tree path or a <rev>:<path> pin)
ERROR: research/f-dyadic-rare-confinement-rate-at-most-cogrowth-exponent.md: artifact not found: experiments/f-dyadic-rare-confinement-2026-09-17/lambda_F.json (want a working-tree path or a <rev>:<path> pin)
ERROR: research/f-dyadic-rare-confinement-rate-at-most-cogrowth-exponent.md: artifact not found: experiments/f-dyadic-rare-confinement-2026-09-17/lambda_F.log (want a working-tree path or a <rev>:<path> pin)
ERROR: research/f-dyadic-rare-confinement-rate-at-most-cogrowth-exponent.md: artifact not found: experiments/f-dyadic-rare-confinement-2026-09-17/lambda_PSL.json (want a working-tree path or a <rev>:<path> pin)
ERROR: research/f-dyadic-rare-confinement-rate-at-most-cogrowth-exponent.md: artifact not found: experiments/f-dyadic-rare-confinement-2026-09-17/lambda_PSL.log (want a working-tree path or a <rev>:<path> pin)
ERROR: research/f-dyadic-rare-confinement-rate-at-most-cogrowth-exponent.md: artifact not found: experiments/f-dyadic-rare-confinement-2026-09-17/psl_return.py (want a working-tree path or a <rev>:<path> pin)
ERROR: research/f-dyadic-rare-confinement-rate-at-most-cogrowth-exponent.md: artifact not found: experiments/f-dyadic-rare-confinement-2026-09-17/psl_return.log (want a working-tree path or a <rev>:<path> pin)
ERROR: research/f-interior-root-localization-costs-inverse-square.md: artifact not found: experiments/f-interior-root-transfer-2026-09-17/dyadic_depth_distance.py (want a working-tree path or a <rev>:<path> pin)
ERROR: research/f-interior-root-localization-costs-inverse-square.md: artifact not found: experiments/f-interior-root-transfer-2026-09-17/dyadic_depth_distance.json (want a working-tree path or a <rev>:<path> pin)
ERROR: research/f-interior-root-localization-costs-inverse-square.md: artifact not found: experiments/f-interior-root-transfer-2026-09-17/depth_reduction.py (want a working-tree path or a <rev>:<path> pin)
ERROR: research/f-interior-root-localization-costs-inverse-square.md: artifact not found: experiments/f-interior-root-transfer-2026-09-17/depth_reduction.json (want a working-tree path or a <rev>:<path> pin)
ERROR: research/f2-cayley-sse-exact-census-small-k.md: artifact not found: experiments/sse-small-instances-2026-09-17/run_census.py (want a working-tree path or a <rev>:<path> pin)
ERROR: research/f2-cayley-sse-exact-census-small-k.md: artifact not found: experiments/sse-small-instances-2026-09-17/sse_cayley.py (want a working-tree path or a <rev>:<path> pin)
ERROR: research/f2-cayley-sse-exact-census-small-k.md: artifact not found: experiments/sse-small-instances-2026-09-17/sse_exact.c (want a working-tree path or a <rev>:<path> pin)
ERROR: research/f2-cayley-sse-exact-census-small-k.md: artifact not found: experiments/sse-small-instances-2026-09-17/search_gaps.py (want a working-tree path or a <rev>:<path> pin)
ERROR: research/f2-cayley-sse-exact-census-small-k.md: artifact not found: experiments/sse-small-instances-2026-09-17/subgroup_dominance.py (want a working-tree path or a <rev>:<path> pin)
ERROR: research/f2-cayley-sse-exact-census-small-k.md: artifact not found: experiments/sse-small-instances-2026-09-17/linear_gap_lp.py (want a working-tree path or a <rev>:<path> pin)
ERROR: research/f2-cayley-subgroup-sets-are-constant-factor-optimal.md: artifact not found: experiments/sse-small-instances-2026-09-17/subgroup_dominance.py (want a working-tree path or a <rev>:<path> pin)
ERROR: research/f2-cayley-subgroup-sets-are-constant-factor-optimal.md: artifact not found: experiments/sse-small-instances-2026-09-17/run_census.py (want a working-tree path or a <rev>:<path> pin)
ERROR: research/f2-cayley-subgroup-sets-lose-at-most-log-inverse-density.md: artifact not found: experiments/sse-small-instances-2026-09-17/run_census.py (want a working-tree path or a <rev>:<path> pin)
ERROR: research/f2-cayley-subgroup-sets-lose-at-most-log-inverse-density.md: artifact not found: experiments/sse-small-instances-2026-09-17/subgroup_dominance.py (want a working-tree path or a <rev>:<path> pin)
ERROR: research/factor-universality-character-rigidity-implies-nonhyperlinear.md: artifact not found: notes/NONHYPERLINEAR_CHARACTER_REYNOLDS_INTEGRATION_2026-08-24.md (want a working-tree path or a <rev>:<path> pin)
ERROR: research/factorwise-complete-composition-returns-the-input-energy.md: artifact not found: experiments/qpcp-copy-respecting-composition-2026-09-17/check_composition_bound.py (want a working-tree path or a <rev>:<path> pin)
ERROR: research/factorwise-complete-composition-returns-the-input-energy.md: artifact not found: experiments/qpcp-copy-respecting-composition-2026-09-17/check_composition_bound_output.txt (want a working-tree path or a <rev>:<path> pin)
ERROR: research/failed-hs-word-bounds-have-rational-witnesses.md: artifact not found: experiments/hs_word_certificate.py (want a working-tree path or a <rev>:<path> pin)
ERROR: research/failed-hs-word-bounds-have-rational-witnesses.md: artifact not found: experiments/test_hs_word_certificate.py (want a working-tree path or a <rev>:<path> pin)
ERROR: research/faithful-ah-irs-character-proof.md: artifact not found: notes/NONHYPERLINEAR_CHARACTER_REYNOLDS_INTEGRATION_2026-08-24.md (want a working-tree path or a <rev>:<path> pin)
ERROR: research/faithful-irs-blocks-naive-ah-character-rigidity.md: artifact not found: notes/NONHYPERLINEAR_CHARACTER_REYNOLDS_INTEGRATION_2026-08-24.md (want a working-tree path or a <rev>:<path> pin)
ERROR: research/faithful-radical-commutator-gate-normal-form-proof.md: artifact not found: GroupApproximation/Algebra/FaithfulRadicalCocycle.lean (want a working-tree path or a <rev>:<path> pin)
ERROR: research/faithful-radical-commutator-gate.md: artifact not found: GroupApproximation/Algebra/FaithfulRadicalCocycle.lean (want a working-tree path or a <rev>:<path> pin)
ERROR: research/faithfully-traced-unital-coordinates.md: artifact not found: non_mf_groups_exist.tex (want a working-tree path or a <rev>:<path> pin)
ERROR: research/fake-incidence-patterns-force-torsion.md: artifact not found: experiments/shannon-canonical-hosts-2026-09-17/base_rate.txt (want a working-tree path or a <rev>:<path> pin)
ERROR: research/fake-incidence-patterns-force-torsion.md: artifact not found: experiments/shannon-canonical-hosts-2026-09-17/free_host_lp.txt (want a working-tree path or a <rev>:<path> pin)
ERROR: research/fake-incidence-patterns-force-torsion.md: artifact not found: experiments/shannon-canonical-hosts-2026-09-17/recheck_all.txt (want a working-tree path or a <rev>:<path> pin)
ERROR: research/fanizza-bad-atoms-have-source-fixed-paired-frames-proof.md: artifact not found: experiments/fanizza_atom_paired_frame_search.py (want a working-tree path or a <rev>:<path> pin)
ERROR: research/fanizza-bad-atoms-have-source-fixed-paired-frames.md: artifact not found: experiments/fanizza_atom_paired_frame_search.py (want a working-tree path or a <rev>:<path> pin)
ERROR: research/fanizza-bad-atoms-have-symmetric-frames-proof.md: artifact not found: experiments/fanizza_partial_center_frame_search.py (want a working-tree path or a <rev>:<path> pin)
ERROR: research/fanizza-bad-atoms-have-symmetric-frames.md: artifact not found: experiments/fanizza_partial_center_frame_search.py (want a working-tree path or a <rev>:<path> pin)
ERROR: research/fanizza-c18-residual-factors-through-three-tiny-rank-gates-proof.md: artifact not found: experiments/fanizza_factored_c18_exit_compiler.py (want a working-tree path or a <rev>:<path> pin)
ERROR: research/fanizza-c18-residual-factors-through-three-tiny-rank-gates.md: artifact not found: experiments/fanizza_factored_c18_exit_compiler.py (want a working-tree path or a <rev>:<path> pin)
ERROR: research/fanizza-fixed-nonlinear-menu-has-small-rank-gates-proof.md: artifact not found: experiments/fanizza_fixed_predicate_rank_compiler.py (want a working-tree path or a <rev>:<path> pin)
ERROR: research/fanizza-fixed-nonlinear-menu-has-small-rank-gates.md: artifact not found: experiments/fanizza_fixed_predicate_rank_compiler.py (want a working-tree path or a <rev>:<path> pin)
ERROR: research/fanizza-radical-charts-admit-common-symplectic-reset-subgroups.md: artifact not found: experiments/radical_chart_common_hyperplane.py (want a working-tree path or a <rev>:<path> pin)
ERROR: research/fanizza-radical-tuples-have-stabilizer-shears.md: artifact not found: experiments/cross_context_radical_relator_audit.py (want a working-tree path or a <rev>:<path> pin)
ERROR: research/fanizza-rank-gates-have-a-one-bit-character-escape-proof.md: artifact not found: experiments/fanizza_fixed_predicate_rank_compiler.py (want a working-tree path or a <rev>:<path> pin)
ERROR: research/fanizza-rank-gates-have-a-one-bit-character-escape.md: artifact not found: experiments/fanizza_fixed_predicate_rank_compiler.py (want a working-tree path or a <rev>:<path> pin)
ERROR: research/fanizza-schur-menu-has-common-codimension-one-residual.md: artifact not found: experiments/common_schur_residual_hyperplane.py (want a working-tree path or a <rev>:<path> pin)
ERROR: research/fanizza-schur-menu-has-common-codimension-one-residual.md: artifact not found: experiments/common-schur-residual-hyperplane.json (want a working-tree path or a <rev>:<path> pin)
ERROR: research/fanizza-shared-multiplicity-predicate-circuit-cell.md: artifact not found: experiments/inner_conjugate_clifford_antiphase.py (want a working-tree path or a <rev>:<path> pin)
ERROR: research/fanizza-symmetric-kernel-has-two-root-e5-clock-proof.md: artifact not found: experiments/fanizza_symmetric_kernel_e5_clock.py (want a working-tree path or a <rev>:<path> pin)
ERROR: research/fanizza-symmetric-kernel-has-two-root-e5-clock.md: artifact not found: experiments/fanizza_symmetric_kernel_e5_clock.py (want a working-tree path or a <rev>:<path> pin)
ERROR: research/fiber-masa-free-cocycle.md: artifact not found: notes/TRUE_BLOCK_MONOMIAL_COORDINATE_COLLAPSE.md (want a working-tree path or a <rev>:<path> pin)
ERROR: research/filtered-torsion-certificates-die-on-perfect-kernels-proof.md: artifact not found: experiments/pronilpotent-torsion-certificates-2026-09-17/filtration_depth_check.py (want a working-tree path or a <rev>:<path> pin)
ERROR: research/filtered-torsion-certificates-die-on-perfect-kernels.md: artifact not found: experiments/pronilpotent-torsion-certificates-2026-09-17/filtration_depth_check.py (want a working-tree path or a <rev>:<path> pin)
ERROR: research/fine-idempotent-biaction-return-has-gl10-model.md: artifact not found: experiments/fine_idempotent_biaction_return_gl10_audit.py (want a working-tree path or a <rev>:<path> pin)
ERROR: research/finitary-extension-ce-iff-action-lifts-to-normalizer-proof.md: artifact not found: notes/HYPERLINEAR_NONSOFIC_ATTEMPT_2026-08-26.md (want a working-tree path or a <rev>:<path> pin)
ERROR: research/finitary-extension-ce-iff-action-lifts-to-normalizer.md: artifact not found: notes/HYPERLINEAR_NONSOFIC_ATTEMPT_2026-08-26.md (want a working-tree path or a <rev>:<path> pin)
ERROR: research/finite-additive-order-one-sided-defects-are-mf-invisible.md: artifact not found: non_mf_groups_exist.tex (want a working-tree path or a <rev>:<path> pin)
ERROR: research/finite-ball-permutations-realize-word-orbits-proof.md: artifact not found: notes/PROPERTY_T_FREE_FINITE_BALL_LIMIT_2026-09-07.md (want a working-tree path or a <rev>:<path> pin)
ERROR: research/finite-ball-permutations-realize-word-orbits.md: artifact not found: notes/PROPERTY_T_FREE_FINITE_BALL_LIMIT_2026-09-07.md (want a working-tree path or a <rev>:<path> pin)
ERROR: research/finite-block-perfect-radical-proof.md: artifact not found: non_mf_groups_exist.tex (want a working-tree path or a <rev>:<path> pin)
WARNING: research/finite-cloning-group-not-in-v-by-period-growth.md: prerequisite some-finite-cloning-system-group-is-not-locally-cocf reads like a restatement of target some-finite-cloning-system-group-does-not-embed-in-v; if the route only renames the problem, replace the prerequisite with one that can independently fail
ERROR: research/finite-cloning-groups-realize-every-lamplighter-over-thompson-f.md: artifact not found: experiments/zaremsky-2-16-lehnert-conjecture-2026-09-17/coset_tree_cloning_check.py (want a working-tree path or a <rev>:<path> pin)
ERROR: research/finite-cloning-groups-realize-every-lamplighter-over-thompson-f.md: artifact not found: experiments/zaremsky-2-16-lehnert-conjecture-2026-09-17/coset_tree_cloning_check.out (want a working-tree path or a <rev>:<path> pin)
ERROR: research/finite-cloning-lamplighter-realization-proof.md: artifact not found: experiments/zaremsky-2-16-lehnert-conjecture-2026-09-17/coset_tree_cloning_check.py (want a working-tree path or a <rev>:<path> pin)
ERROR: research/finite-cloning-lamplighter-realization-proof.md: artifact not found: experiments/zaremsky-2-16-lehnert-conjecture-2026-09-17/coset_tree_cloning_check.out (want a working-tree path or a <rev>:<path> pin)
ERROR: research/finite-core-height-potential-forbids-bernoulli-deficit.md: artifact not found: experiments/germ-models-2026-09-17/check_germ_model.py (want a working-tree path or a <rev>:<path> pin)
ERROR: research/finite-core-height-potential-germ-model-proof.md: artifact not found: experiments/germ-models-2026-09-17/check_germ_model.py (want a working-tree path or a <rev>:<path> pin)
ERROR: research/finite-dimensional-nielsen-cocycle-models-kill-mark.md: artifact not found: notes/UNIQUE_TRACE_KUN_THOM_DOUBLE.md (want a working-tree path or a <rev>:<path> pin)
ERROR: research/finite-fullness-simulation-theorem-for-rings.md: artifact not found: GroupApproximation/Leavitt/RankFourCompressors.lean (want a working-tree path or a <rev>:<path> pin)
ERROR: research/finite-fullness-simulation-theorem-for-rings.md: artifact not found: GroupApproximation/Leavitt/ShiftEndomorphism.lean (want a working-tree path or a <rev>:<path> pin)
ERROR: research/finite-group-corona-tail-exactification-proof.md: artifact not found: notes/FINITE_PACKET_SELF_COPY_COLLAPSE.md (want a working-tree path or a <rev>:<path> pin)
ERROR: research/finite-group-corona-tail-exactification.md: artifact not found: notes/FINITE_PACKET_SELF_COPY_COLLAPSE.md (want a working-tree path or a <rev>:<path> pin)
ERROR: research/finite-hyperbolic-residual-iff-persistent-class-proof.md: artifact not found: notes/HYPERBOLIC_FINITE_RESIDUAL_REDUCTION_2026-09-07.md (want a working-tree path or a <rev>:<path> pin)
ERROR: research/finite-hyperbolic-residual-iff-persistent-class.md: artifact not found: notes/HYPERBOLIC_FINITE_RESIDUAL_REDUCTION_2026-09-07.md (want a working-tree path or a <rev>:<path> pin)
ERROR: research/finite-infranormal-subgroup-is-normal-proof.md: artifact not found: notes/HYPERLINEAR_CAIRN_PROGRESS_2026-08-14.md (want a working-tree path or a <rev>:<path> pin)
ERROR: research/finite-infranormal-subgroup-is-normal.md: artifact not found: notes/HYPERLINEAR_CAIRN_PROGRESS_2026-08-14.md (want a working-tree path or a <rev>:<path> pin)
ERROR: research/finite-kernel-nonrf-has-central-prime-reduction-proof.md: artifact not found: notes/HYPERBOLIC_FINITE_RESIDUAL_REDUCTION_2026-09-07.md (want a working-tree path or a <rev>:<path> pin)
ERROR: research/finite-kernel-nonrf-has-central-prime-reduction.md: artifact not found: notes/HYPERBOLIC_FINITE_RESIDUAL_REDUCTION_2026-09-07.md (want a working-tree path or a <rev>:<path> pin)
ERROR: research/finite-lamp-targets-glue-after-action-groupoid-completion.md: artifact not found: notes/TRUE_RELATIVE_BURTON_KUN_THOM_REDUCTION.md (want a working-tree path or a <rev>:<path> pin)
ERROR: research/finite-noncommutative-packet-compression-collapse-proof.md: artifact not found: notes/FINITE_PACKET_SELF_COPY_COLLAPSE.md (want a working-tree path or a <rev>:<path> pin)
ERROR: research/finite-noncommutative-packet-compression-collapse-proof.md: artifact not found: GroupApproximation/Sofic/ScaledKazhdanTransport.lean (want a working-tree path or a <rev>:<path> pin)
ERROR: research/finite-noncommutative-packet-compression-collapse-proof.md: artifact not found: GroupApproximation/Sofic/InvolutionRankMass.lean (want a working-tree path or a <rev>:<path> pin)
ERROR: research/finite-noncommutative-packet-compression-collapse.md: artifact not found: notes/FINITE_PACKET_SELF_COPY_COLLAPSE.md (want a working-tree path or a <rev>:<path> pin)
ERROR: research/finite-noncommutative-packet-compression-collapse.md: artifact not found: GroupApproximation/Sofic/ScaledKazhdanTransport.lean (want a working-tree path or a <rev>:<path> pin)
ERROR: research/finite-noncommutative-packet-compression-collapse.md: artifact not found: GroupApproximation/Sofic/InvolutionRankMass.lean (want a working-tree path or a <rev>:<path> pin)
ERROR: research/finite-normal-compression-obstruction-proof.md: artifact not found: non_mf_groups_exist.tex (want a working-tree path or a <rev>:<path> pin)
ERROR: research/finite-normal-compression-obstruction-proof.md: artifact not found: GroupApproximation/Sofic/ManuscriptExactWrappers.lean (want a working-tree path or a <rev>:<path> pin)
ERROR: research/finite-normal-compression-obstruction-proof.md: artifact not found: GroupApproximation/Sofic/KazhdanAsymptoticCommutant.lean (want a working-tree path or a <rev>:<path> pin)
ERROR: research/finite-normal-compression-obstruction.md: artifact not found: non_mf_groups_exist.tex (want a working-tree path or a <rev>:<path> pin)
ERROR: research/finite-normal-compression-obstruction.md: artifact not found: GroupApproximation/Sofic/ManuscriptExactWrappers.lean (want a working-tree path or a <rev>:<path> pin)
ERROR: research/finite-normal-compression-obstruction.md: artifact not found: GroupApproximation/Sofic/KazhdanAsymptoticCommutant.lean (want a working-tree path or a <rev>:<path> pin)
ERROR: research/finite-normal-quotient-residual-formula-proof.md: artifact not found: notes/HYPERBOLIC_FINITE_RESIDUAL_REDUCTION_2026-09-07.md (want a working-tree path or a <rev>:<path> pin)
ERROR: research/finite-normal-quotient-residual-formula.md: artifact not found: notes/HYPERBOLIC_FINITE_RESIDUAL_REDUCTION_2026-09-07.md (want a working-tree path or a <rev>:<path> pin)
ERROR: research/finite-order-normal-generation-controls-corona-rank-scale.md: artifact not found: notes/EXACT_CORONA_DIMENSION_AND_HILBERT_HOTEL.md (want a working-tree path or a <rev>:<path> pin)
ERROR: research/finite-packet-covariance-polar-correction-proof.md: artifact not found: notes/FINITE_PACKET_SELF_COPY_COLLAPSE.md (want a working-tree path or a <rev>:<path> pin)
ERROR: research/finite-packet-covariance-polar-correction.md: artifact not found: notes/FINITE_PACKET_SELF_COPY_COLLAPSE.md (want a working-tree path or a <rev>:<path> pin)
ERROR: research/finite-palette-packet-challenge-collapse-proof.md: artifact not found: GroupApproximation/Sofic/CollisionCapacityDetectors.lean (want a working-tree path or a <rev>:<path> pin)
ERROR: research/finite-palette-packet-challenge-collapse.md: artifact not found: GroupApproximation/Sofic/CollisionCapacityDetectors.lean (want a working-tree path or a <rev>:<path> pin)
ERROR: research/finite-pauli-kun-thom-splice.md: artifact not found: notes/HYPERLINEAR_CAIRN_PROGRESS_2026-08-14.md (want a working-tree path or a <rev>:<path> pin)
ERROR: research/finite-precision-lifted-trace-obstruction.md: artifact not found: experiments/kaplansky_trace_certificate.py (want a working-tree path or a <rev>:<path> pin)
ERROR: research/finite-precision-lifted-trace-obstruction.md: artifact not found: experiments/test_kaplansky_trace_certificate.py (want a working-tree path or a <rev>:<path> pin)
ERROR: research/finite-quotient-blindness-proof.md: artifact not found: GroupApproximation/Criterion/FiniteQuotientBlindness.lean (want a working-tree path or a <rev>:<path> pin)
ERROR: research/finite-quotient-fell-cocycle-direct-proof.md: artifact not found: GroupApproximation/GroupTheory/FiniteQuotientFellCocycle.lean (want a working-tree path or a <rev>:<path> pin)
ERROR: research/finite-residual-transports-across-commensurability-proof.md: artifact not found: GroupApproximation/Algebra/FiniteResidualCommensurability.lean (want a working-tree path or a <rev>:<path> pin)
ERROR: research/finite-residual-transports-across-commensurability.md: artifact not found: GroupApproximation/Algebra/FiniteResidualCommensurability.lean (want a working-tree path or a <rev>:<path> pin)
ERROR: research/finite-schreier-holonomy-is-the-lamp-gauge-obstruction.md: artifact not found: notes/TRUE_RELATIVE_BURTON_KUN_THOM_REDUCTION.md (want a working-tree path or a <rev>:<path> pin)
WARNING: research/finite-simple-rr0-sr1-via-weak-cancellation.md: prerequisite finite-simple-rr0-algebras-have-weak-cancellation reads like a restatement of target finite-simple-rr0-algebras-have-stable-rank-one; if the route only renames the problem, replace the prerequisite with one that can independently fail
WARNING: research/finite-simple-rr0-weak-cancellation-via-stable-rank-one.md: prerequisite finite-simple-rr0-algebras-have-stable-rank-one reads like a restatement of target finite-simple-rr0-algebras-have-weak-cancellation; if the route only renames the problem, replace the prerequisite with one that can independently fail
ERROR: research/finite-site-orbits-invariant-clifford-kernel-proof.md: artifact not found: GroupApproximation/Sofic/FiniteOrbitInvariantKernel.lean (want a working-tree path or a <rev>:<path> pin)
ERROR: research/finite-site-orbits-invariant-clifford-kernel.md: artifact not found: GroupApproximation/Sofic/FiniteOrbitInvariantKernel.lean (want a working-tree path or a <rev>:<path> pin)
ERROR: research/finite-syndrome-cost-is-a-kernel-support-cone-test.md: artifact not found: scripts/check_qpcp_kernel_resolution.py (want a working-tree path or a <rev>:<path> pin)
ERROR: research/finite-telescope-level-coset-orbits-proof.md: artifact not found: GroupApproximation/Sofic/MappingTelescopeFiniteOrbits.lean (want a working-tree path or a <rev>:<path> pin)
ERROR: research/finite-telescope-level-coset-orbits.md: artifact not found: GroupApproximation/Sofic/MappingTelescopeFiniteOrbits.lean (want a working-tree path or a <rev>:<path> pin)
ERROR: research/finite-traced-kazhdan-transport-proof.md: artifact not found: non_mf_groups_exist.tex (want a working-tree path or a <rev>:<path> pin)
ERROR: research/finite-traced-kazhdan-transport-proof.md: artifact not found: notes/NO_ONE_SIDED_GROWTH.md (want a working-tree path or a <rev>:<path> pin)
ERROR: research/finite-traced-kazhdan-transport-proof.md: artifact not found: GroupApproximation/Sofic/KazhdanAsymptoticCommutant.lean (want a working-tree path or a <rev>:<path> pin)
ERROR: research/finite-traced-kazhdan-transport.md: artifact not found: non_mf_groups_exist.tex (want a working-tree path or a <rev>:<path> pin)
ERROR: research/finite-tracial-cstar-transport.md: artifact not found: non_mf_groups_exist.tex (want a working-tree path or a <rev>:<path> pin)
ERROR: research/finite-tracial-one-cut-balance.md: artifact not found: notes/ATLAS_RELATIVE_PERFECTNESS_AND_COEFFICIENT_ENDPOINT.md (want a working-tree path or a <rev>:<path> pin)
ERROR: research/finite-tracial-transport-target-general.md: artifact not found: GroupApproximation/Sofic/KazhdanSignCriterion.lean (want a working-tree path or a <rev>:<path> pin)
ERROR: research/finite-tracial-transport-target-general.md: artifact not found: GroupApproximation/Sofic/FiniteNormalCoronaObstruction.lean (want a working-tree path or a <rev>:<path> pin)
ERROR: research/finite-tracial-transport-target-general.md: artifact not found: GroupApproximation/Sofic/FiniteNormalCompressionObstruction.lean (want a working-tree path or a <rev>:<path> pin)
ERROR: research/finite-tracial-transport-target-general.md: artifact not found: notes/NO_ONE_SIDED_GROWTH.md (want a working-tree path or a <rev>:<path> pin)
ERROR: research/finite-tracial-transport-target-general.md: artifact not found: non_mf_groups_exist.tex (want a working-tree path or a <rev>:<path> pin)
ERROR: research/finite-window-decoder.md: artifact not found: notes/HIGHEST_YIELD_NONHYPERLINEAR_ATTACK.md (want a working-tree path or a <rev>:<path> pin)
ERROR: research/finite-window-decoder.md: artifact not found: notes/TRUE_POSITIVE_DENSITY_LEAVITT_DECODER_ENDGAME.md (want a working-tree path or a <rev>:<path> pin)
ERROR: research/finitely-presented-amenable-undecidable-word-problem-citation.md: artifact not found: non_mf_group_notes.tex (want a working-tree path or a <rev>:<path> pin)
ERROR: research/finitely-presented-divisible-ring-engine-proof.md: artifact not found: experiments/char-zero-projective-host-screens-2026-09-17/divisible_ring_engine_model.py (want a working-tree path or a <rev>:<path> pin)
ERROR: research/finitely-presented-divisible-ring-engine.md: artifact not found: experiments/char-zero-projective-host-screens-2026-09-17/divisible_ring_engine_model.py (want a working-tree path or a <rev>:<path> pin)
ERROR: research/finitely-presented-marked-involution-corona-gap.md: artifact not found: GroupApproximation/Sofic/ApproxInvolutionCorner.lean (want a working-tree path or a <rev>:<path> pin)
ERROR: research/finitely-presented-nonsofic-from-oai-table-cover.md: artifact not found: c1168433:official/reasoning.tex (want a working-tree path or a <rev>:<path> pin)
ERROR: research/finitely-presented-nonsofic-from-oai-table-cover.md: artifact not found: GroupApproximation/Covers/TableCover.lean (want a working-tree path or a <rev>:<path> pin)
ERROR: research/finitely-presented-nonsofic-group-exists-proof.md: artifact not found: GroupApproximation/Covers/TableCover.lean (want a working-tree path or a <rev>:<path> pin)
ERROR: research/finitely-presented-nonsofic-group-exists-proof.md: artifact not found: GroupApproximation/Endpoint/MainResults.lean (want a working-tree path or a <rev>:<path> pin)
ERROR: research/finitely-presented-nonsofic-group-exists.md: artifact not found: GroupApproximation/Endpoint/MainResults.lean (want a working-tree path or a <rev>:<path> pin)
ERROR: research/finitely-presented-nonsofic-group-exists.md: artifact not found: GroupApproximation/Covers/TableCover.lean (want a working-tree path or a <rev>:<path> pin)
ERROR: research/finitely-presented-sofic-non-mf-proof.md: artifact not found: notes/LITERAL_GROUP_IS_SOFIC_2026-08-14.md (want a working-tree path or a <rev>:<path> pin)
ERROR: research/finitely-presented-sofic-non-mf-proof.md: artifact not found: non_mf_groups_exist.tex (want a working-tree path or a <rev>:<path> pin)
ERROR: research/finitely-presented-sofic-non-mf.md: artifact not found: notes/LITERAL_GROUP_IS_SOFIC_2026-08-14.md (want a working-tree path or a <rev>:<path> pin)
ERROR: research/finitely-presented-sofic-non-mf.md: artifact not found: non_mf_groups_exist.tex (want a working-tree path or a <rev>:<path> pin)
ERROR: research/first-endpoint-m1-actor-preserves-missing-r-sign.md: artifact not found: experiments/first_selector_endpoint_m1_support_audit.py (want a working-tree path or a <rev>:<path> pin)
ERROR: research/first-mersenne-iwahori-levels-have-zero-binary-h1.md: artifact not found: experiments/iwahori_binary_h1_probe.py (want a working-tree path or a <rev>:<path> pin)
ERROR: research/first-native-diamond-extension-of-cross-return-has-gl7-c2-model.md: artifact not found: experiments/first_native_diamond_cross_return_gl7_c2_audit.py (want a working-tree path or a <rev>:<path> pin)
ERROR: research/five-radicals-from-residually-finite-target.md: artifact not found: GroupApproximation/Sofic/LinearResidual.lean (want a working-tree path or a <rev>:<path> pin)
ERROR: research/five-radicals-from-residually-finite-target.md: artifact not found: GroupApproximation/Sofic/FiveRadicalsCoincide.lean (want a working-tree path or a <rev>:<path> pin)
ERROR: research/five-radicals-from-residually-finite-target.md: artifact not found: GroupApproximation/Analysis/PeterWeylProfinite.lean (want a working-tree path or a <rev>:<path> pin)
ERROR: research/five-return-legs-cover-hecke-detectors-not-source-gauge.md: artifact not found: experiments/signed_hecke_literal_pauli_probe_audit.py (want a working-tree path or a <rev>:<path> pin)
ERROR: research/five-return-legs-cover-hecke-detectors-not-source-gauge.md: artifact not found: experiments/signed-hecke-literal-pauli-probe-results.json (want a working-tree path or a <rev>:<path> pin)
ERROR: research/fixed-coefficient-ideal-certificate-controls-hs-defect.md: artifact not found: experiments/nc_path_ideal_certificate.py (want a working-tree path or a <rev>:<path> pin)
ERROR: research/fixed-coefficient-ideal-certificate-controls-hs-defect.md: artifact not found: experiments/nc-path-ideal-smoke.json (want a working-tree path or a <rev>:<path> pin)
ERROR: research/fixed-endpoint-seam-has-lef-units-and-non-mf-gl3.md: artifact not found: non_mf_groups_exist.tex (want a working-tree path or a <rev>:<path> pin)
ERROR: research/fixed-finite-relator-quotient-local-permanence-proof.md: artifact not found: GroupApproximation/Sofic/FreeGroupResiduallyFinite.lean (want a working-tree path or a <rev>:<path> pin)
ERROR: research/fixed-finite-relator-quotient-local-permanence-proof.md: artifact not found: GroupApproximation/Sofic/HyperlinearReduction.lean (want a working-tree path or a <rev>:<path> pin)
ERROR: research/fixed-finite-relator-quotient-local-permanence-proof.md: artifact not found: GroupApproximation/Sofic/LEFSofic.lean (want a working-tree path or a <rev>:<path> pin)
ERROR: research/fixed-finite-relator-quotient-tests-local-permanence.md: artifact not found: GroupApproximation/Sofic/FreeGroupResiduallyFinite.lean (want a working-tree path or a <rev>:<path> pin)
ERROR: research/fixed-finite-relator-quotient-tests-local-permanence.md: artifact not found: GroupApproximation/Sofic/HyperlinearReduction.lean (want a working-tree path or a <rev>:<path> pin)
ERROR: research/fixed-finite-relator-quotient-tests-local-permanence.md: artifact not found: GroupApproximation/Sofic/LEFSofic.lean (want a working-tree path or a <rev>:<path> pin)
ERROR: research/fixed-finitely-presented-non-mf-radical-membership-proof.md: artifact not found: GroupApproximation/Sofic/FreeProductMFRadicalRetraction.lean (want a working-tree path or a <rev>:<path> pin)
ERROR: research/fixed-finitely-presented-non-mf-radical-membership-proof.md: artifact not found: non_mf_group_notes.tex (want a working-tree path or a <rev>:<path> pin)
ERROR: research/fixed-hs-word-gap-is-linear-domination-proof.md: artifact not found: experiments/hs_word_gap_amplification_check.py (want a working-tree path or a <rev>:<path> pin)
ERROR: research/fixed-hs-word-gap-is-linear-domination.md: artifact not found: experiments/hs_word_gap_amplification_check.py (want a working-tree path or a <rev>:<path> pin)
ERROR: research/fixed-mark-query-not-limit-computable.md: artifact not found: GroupApproximation/Computability/EnumeratedFixedMarkedQueryConsequences.lean (want a working-tree path or a <rev>:<path> pin)
ERROR: research/fixed-non-mf-mark-query-second-level-completeness-proof.md: artifact not found: GroupApproximation/Sofic/LiteralNonMFEndpoint.lean (want a working-tree path or a <rev>:<path> pin)
ERROR: research/fixed-non-mf-radical-membership-undecidable.md: artifact not found: GroupApproximation/Sofic/FreeProductMFRadicalRetraction.lean (want a working-tree path or a <rev>:<path> pin)
ERROR: research/fixed-non-mf-radical-membership-undecidable.md: artifact not found: non_mf_group_notes.tex (want a working-tree path or a <rev>:<path> pin)
ERROR: research/fixed-separation-hamming-is-not-weak-soficity-proof.md: artifact not found: GroupApproximation/Sofic/SoficAmplification.lean (want a working-tree path or a <rev>:<path> pin)
ERROR: research/fixed-separation-hamming-is-not-weak-soficity.md: artifact not found: GroupApproximation/Sofic/SoficAmplification.lean (want a working-tree path or a <rev>:<path> pin)
ERROR: research/fixed-separation-hamming-is-not-weak-soficity.md: artifact not found: GroupApproximation/Sofic/Sofic.lean (want a working-tree path or a <rev>:<path> pin)
ERROR: research/fixed-term-chain-defeats-bounded-syndrome-neighborhoods.md: artifact not found: scripts/check_qpcp_chain_obstruction.py (want a working-tree path or a <rev>:<path> pin)
ERROR: research/flexible-hs-metric-and-padding-proof.md: artifact not found: experiments/flexible_hs_metric_audit.py (want a working-tree path or a <rev>:<path> pin)
ERROR: research/flexible-hs-metric-controls-words-and-padding.md: artifact not found: experiments/flexible_hs_metric_audit.py (want a working-tree path or a <rev>:<path> pin)
ERROR: research/flexible-hs-metric-controls-words-and-padding.md: artifact not found: experiments/test_flexible_hs_metric_audit.py (want a working-tree path or a <rev>:<path> pin)
ERROR: research/forty-one-word-native-carrier-transport-certificate.md: artifact not found: experiments/atlas_transported_corner_overlap.py (want a working-tree path or a <rev>:<path> pin)
ERROR: research/forty-one-word-native-carrier-transport-certificate.md: artifact not found: experiments/atlas-transported-corner-overlap.json (want a working-tree path or a <rev>:<path> pin)
ERROR: research/forty-one-word-transport-certificate-proof.md: artifact not found: experiments/atlas_transported_corner_overlap.py (want a working-tree path or a <rev>:<path> pin)
ERROR: research/forty-one-word-transport-certificate-proof.md: artifact not found: experiments/atlas-transported-corner-overlap.json (want a working-tree path or a <rev>:<path> pin)
ERROR: research/fournier-facio-hnn-single-shadow-bug-proof.md: artifact not found: GroupApproximation/Sofic/OpToHSShadowResidual.lean (want a working-tree path or a <rev>:<path> pin)
ERROR: research/fournier-facio-hnn-single-shadow-bug.md: artifact not found: GroupApproximation/Sofic/OpToHSShadowResidual.lean (want a working-tree path or a <rev>:<path> pin)
ERROR: research/fournier-facio-hnn-single-shadow-bug.md: artifact not found: GroupApproximation/Sofic/TorsionFreeFullMFRadical.lean (want a working-tree path or a <rev>:<path> pin)
ERROR: research/fp-quotient-iff-kernel-finitely-normally-generated.md: artifact not found: GroupApproximation/Algebra/FinitePresentationKernel.lean (want a working-tree path or a <rev>:<path> pin)
ERROR: research/fp-quotient-kernel-equivalence-proof.md: artifact not found: GroupApproximation/Algebra/FinitePresentationKernel.lean (want a working-tree path or a <rev>:<path> pin)
ERROR: research/fpbs-expander-approximant-giant-data-is-glued-proof.md: artifact not found: experiments/expander-glued-giant-2026-09-17/rrg_glued_calibration.py (want a working-tree path or a <rev>:<path> pin)
ERROR: research/fpbs-expander-approximant-giant-data-is-glued.md: artifact not found: experiments/expander-glued-giant-2026-09-17/rrg_glued_calibration.py (want a working-tree path or a <rev>:<path> pin)
ERROR: research/fpbs-expander-approximant-giant-data-is-glued.md: artifact not found: experiments/expander-glued-giant-2026-09-17/output-n200000-R4-seed1.txt (want a working-tree path or a <rev>:<path> pin)
ERROR: research/fpbs-fg-by-cyclic-farber-chains-bounded-type-reduction-proof.md: artifact not found: experiments/mapping-torus-inner-quotients-2026-09-17/inner2.g (want a working-tree path or a <rev>:<path> pin)
ERROR: research/fpbs-fg-by-cyclic-farber-chains-bounded-type-reduction-proof.md: artifact not found: experiments/mapping-torus-inner-quotients-2026-09-17/run2.g (want a working-tree path or a <rev>:<path> pin)
ERROR: research/fpbs-fg-by-cyclic-farber-chains-bounded-type-reduction-proof.md: artifact not found: experiments/mapping-torus-inner-quotients-2026-09-17/run2.out (want a working-tree path or a <rev>:<path> pin)
ERROR: research/fpbs-fg-by-cyclic-farber-chains-bounded-type-reduction.md: artifact not found: experiments/mapping-torus-inner-quotients-2026-09-17/inner2.g (want a working-tree path or a <rev>:<path> pin)
ERROR: research/fpbs-fg-by-cyclic-farber-chains-bounded-type-reduction.md: artifact not found: experiments/mapping-torus-inner-quotients-2026-09-17/run2.out (want a working-tree path or a <rev>:<path> pin)
ERROR: research/fpbs-fibered-mod-p-certificates-refute-luck-approximation-proof.md: artifact not found: experiments/mapping-torus-inner-quotients-2026-09-17/foxnull.g (want a working-tree path or a <rev>:<path> pin)
ERROR: research/fpbs-fibered-mod-p-certificates-refute-luck-approximation-proof.md: artifact not found: experiments/mapping-torus-inner-quotients-2026-09-17/foxnull.out (want a working-tree path or a <rev>:<path> pin)
ERROR: research/fpbs-fibered-mod-p-certificates-refute-luck-approximation.md: artifact not found: experiments/mapping-torus-inner-quotients-2026-09-17/foxnull.g (want a working-tree path or a <rev>:<path> pin)
ERROR: research/fpbs-fibered-mod-p-certificates-refute-luck-approximation.md: artifact not found: experiments/mapping-torus-inner-quotients-2026-09-17/foxnull.out (want a working-tree path or a <rev>:<path> pin)
ERROR: research/fpbs-fibre-renormalized-nonbacktracking-certificate.md: artifact not found: experiments/fibre-renormalized-certificate-2026-09-17/saw_triangle_deficit.py (want a working-tree path or a <rev>:<path> pin)
ERROR: research/fpbs-fixed-price-countable-from-finitely-generated.md: artifact not found: experiments/malnormal-stage-absorption-2026-09-17/absorb.py (want a working-tree path or a <rev>:<path> pin)
ERROR: research/fpbs-fixed-price-countable-from-finitely-generated.md: artifact not found: experiments/malnormal-stage-absorption-2026-09-17/results.txt (want a working-tree path or a <rev>:<path> pin)
ERROR: research/fpbs-homogeneous-group-ring-symbols-l2-injective.md: artifact not found: experiments/fpbs-locally-free-malnormal-union-2026-09-17/fox_homogeneity.py (want a working-tree path or a <rev>:<path> pin)
ERROR: research/fpbs-hp-thinning-two-point-exit.md: artifact not found: experiments/hp-thinning-two-point-2026-09-17/recursion_check.py (want a working-tree path or a <rev>:<path> pin)
ERROR: research/fpbs-hp-thinning-two-point-exit.md: artifact not found: experiments/hp-thinning-two-point-2026-09-17/output.txt (want a working-tree path or a <rev>:<path> pin)
ERROR: research/fpbs-invariant-schur-weights-cannot-certify-critical-l2.md: artifact not found: experiments/invariant-schur-weight-obstruction-2026-09-17/tree_schur_ratios.py (want a working-tree path or a <rev>:<path> pin)
ERROR: research/fpbs-invariant-schur-weights-cannot-certify-critical-l2.md: artifact not found: experiments/invariant-schur-weight-obstruction-2026-09-17/tree_schur_ratios.out (want a working-tree path or a <rev>:<path> pin)
ERROR: research/fpbs-invariant-schur-weights-transport-proof.md: artifact not found: experiments/invariant-schur-weight-obstruction-2026-09-17/tree_schur_ratios.py (want a working-tree path or a <rev>:<path> pin)
ERROR: research/fpbs-kazhdan-hyperfinite-connection-cap.md: artifact not found: experiments/fpbs-hyperfinite-cap-2026-09-17/band.py (want a working-tree path or a <rev>:<path> pin)
ERROR: research/fpbs-kazhdan-hyperfinite-connection-cap.md: artifact not found: experiments/fpbs-hyperfinite-cap-2026-09-17/band-output.txt (want a working-tree path or a <rev>:<path> pin)
ERROR: research/fpbs-kazhdan-twisted-certificates-vanishing-weight.md: artifact not found: experiments/twisted-lackenby-lift-2026-09-17/twisted_lift.py (want a working-tree path or a <rev>:<path> pin)
ERROR: research/fpbs-kazhdan-twisted-certificates-vanishing-weight.md: artifact not found: experiments/twisted-lackenby-lift-2026-09-17/cases1.py (want a working-tree path or a <rev>:<path> pin)
ERROR: research/fpbs-kazhdan-twisted-certificates-vanishing-weight.md: artifact not found: experiments/twisted-lackenby-lift-2026-09-17/cases2.py (want a working-tree path or a <rev>:<path> pin)
ERROR: research/fpbs-kazhdan-twisted-certificates-vanishing-weight.md: artifact not found: experiments/twisted-lackenby-lift-2026-09-17/results.txt (want a working-tree path or a <rev>:<path> pin)
ERROR: research/fpbs-kazhdan-twisted-frattini-chains-bounded-inflation.md: artifact not found: experiments/twisted-lackenby-lift-2026-09-17/independence_bound.py (want a working-tree path or a <rev>:<path> pin)
ERROR: research/fpbs-kazhdan-twisted-frattini-chains-bounded-inflation.md: artifact not found: experiments/twisted-lackenby-lift-2026-09-17/independence_results.txt (want a working-tree path or a <rev>:<path> pin)
ERROR: research/fpbs-kazhdan-twisted-lift-independence.md: artifact not found: experiments/twisted-lackenby-lift-2026-09-17/twisted_lift.py (want a working-tree path or a <rev>:<path> pin)
ERROR: research/fpbs-kazhdan-twisted-lift-independence.md: artifact not found: experiments/twisted-lackenby-lift-2026-09-17/independence_bound.py (want a working-tree path or a <rev>:<path> pin)
ERROR: research/fpbs-kazhdan-twisted-lift-independence.md: artifact not found: experiments/twisted-lackenby-lift-2026-09-17/independence_results.txt (want a working-tree path or a <rev>:<path> pin)
ERROR: research/fpbs-lamplighter-fixed-list-morse-attainment-fails-proof.md: artifact not found: experiments/fpbs-morse-l2-gap-2026-09-17/lamplighter_coset_cancellation.py (want a working-tree path or a <rev>:<path> pin)
ERROR: research/fpbs-lamplighter-fixed-list-morse-attainment-fails.md: artifact not found: experiments/fpbs-morse-l2-gap-2026-09-17/lamplighter_coset_cancellation.py (want a working-tree path or a <rev>:<path> pin)
ERROR: research/fpbs-locally-free-malnormally-exhausted-finite-cost.md: artifact not found: experiments/locally-free-finite-cost-2026-09-17/certs2.py (want a working-tree path or a <rev>:<path> pin)
ERROR: research/fpbs-locally-free-malnormally-exhausted-finite-cost.md: artifact not found: experiments/locally-free-finite-cost-2026-09-17/certs3.py (want a working-tree path or a <rev>:<path> pin)
ERROR: research/fpbs-locally-free-malnormally-exhausted-finite-cost.md: artifact not found: experiments/locally-free-finite-cost-2026-09-17/stallings.py (want a working-tree path or a <rev>:<path> pin)
ERROR: research/fpbs-lossless-move-comparison-fails-marginal-transfer-proof.md: artifact not found: experiments/lossless-move-calibration-2026-09-17/thresholds.py (want a working-tree path or a <rev>:<path> pin)
ERROR: research/fpbs-lossless-move-comparison-fails-marginal-transfer.md: artifact not found: experiments/lossless-move-calibration-2026-09-17/thresholds.py (want a working-tree path or a <rev>:<path> pin)
ERROR: research/fpbs-lossless-move-comparison-fails-marginal-transfer.md: artifact not found: experiments/lossless-move-calibration-2026-09-17/tree_of_triangles_check.py (want a working-tree path or a <rev>:<path> pin)
ERROR: research/fpbs-lq-two-point-bounds-walk-rate-proof.md: artifact not found: experiments/lq-two-point-walk-rate-2026-09-17/tree_check.py (want a working-tree path or a <rev>:<path> pin)
ERROR: research/fpbs-lq-two-point-bounds-walk-rate.md: artifact not found: experiments/lq-two-point-walk-rate-2026-09-17/tree_check.py (want a working-tree path or a <rev>:<path> pin)
ERROR: research/fpbs-mal-stage-block-sprinkling-threshold-proof.md: artifact not found: experiments/fpbs-mal-stage-coset-nerve-2026-09-17/coset_nerve.py (want a working-tree path or a <rev>:<path> pin)
ERROR: research/fpbs-mal-stage-block-sprinkling-threshold.md: artifact not found: experiments/fpbs-mal-stage-coset-nerve-2026-09-17/coset_nerve.py (want a working-tree path or a <rev>:<path> pin)
ERROR: research/fpbs-mal-stage-generators-lie-in-b-double-coset-proof.md: artifact not found: experiments/mal-long-generator-packing-2026-09-17/fg.py (want a working-tree path or a <rev>:<path> pin)
ERROR: research/fpbs-mal-stage-generators-lie-in-b-double-coset-proof.md: artifact not found: experiments/mal-long-generator-packing-2026-09-17/packing.py (want a working-tree path or a <rev>:<path> pin)
ERROR: research/fpbs-mal-stage-generators-lie-in-b-double-coset-proof.md: artifact not found: experiments/mal-long-generator-packing-2026-09-17/vertex_pairs.py (want a working-tree path or a <rev>:<path> pin)
ERROR: research/fpbs-mal-stage-generators-lie-in-b-double-coset-proof.md: artifact not found: experiments/mal-long-generator-packing-2026-09-17/pairs_show.py (want a working-tree path or a <rev>:<path> pin)
ERROR: research/fpbs-mal-stage-generators-lie-in-b-double-coset-proof.md: artifact not found: experiments/mal-long-generator-packing-2026-09-17/dumbbell.py (want a working-tree path or a <rev>:<path> pin)
ERROR: research/fpbs-mal-stage-generators-lie-in-b-double-coset-proof.md: artifact not found: experiments/mal-long-generator-packing-2026-09-17/local_closure.py (want a working-tree path or a <rev>:<path> pin)
ERROR: research/fpbs-mal-stage-generators-lie-in-b-double-coset-proof.md: artifact not found: experiments/mal-long-generator-packing-2026-09-17/gens_census.py (want a working-tree path or a <rev>:<path> pin)
ERROR: research/fpbs-mal-stage-generators-lie-in-b-double-coset.md: artifact not found: experiments/mal-long-generator-packing-2026-09-17/vertex_pairs.py (want a working-tree path or a <rev>:<path> pin)
ERROR: research/fpbs-mal-stage-generators-lie-in-b-double-coset.md: artifact not found: experiments/mal-long-generator-packing-2026-09-17/local_closure.py (want a working-tree path or a <rev>:<path> pin)
ERROR: research/fpbs-mal-stage-generators-lie-in-b-double-coset.md: artifact not found: experiments/mal-long-generator-packing-2026-09-17/dumbbell.py (want a working-tree path or a <rev>:<path> pin)
ERROR: research/fpbs-one-relator-twice-used-letter-fixed-price-proof.md: artifact not found: experiments/fpbs-dual-forest-morse-2026-09-17/check_two_incidences.py (want a working-tree path or a <rev>:<path> pin)
ERROR: research/fpbs-percolation-schreier-kesten-gap.md: artifact not found: experiments/fpbs-schreier-kesten-2026-09-17/verify_schreier_cogrowth_identity.py (want a working-tree path or a <rev>:<path> pin)
ERROR: research/fpbs-percolation-schreier-kesten-gap.md: artifact not found: experiments/fpbs-schreier-kesten-2026-09-17/output.txt (want a working-tree path or a <rev>:<path> pin)
ERROR: research/fpbs-perturbative-reuse-removal-fails-proof.md: artifact not found: experiments/fpbs-perturbative-reuse-removal-2026-09-17/parity_plan_verifier.py (want a working-tree path or a <rev>:<path> pin)
ERROR: research/fpbs-perturbative-reuse-removal-fails.md: artifact not found: experiments/fpbs-perturbative-reuse-removal-2026-09-17/parity_plan_verifier.py (want a working-tree path or a <rev>:<path> pin)
ERROR: research/fpbs-rigid-congruence-class-uniform-strict-thresholds-proof.md: artifact not found: experiments/fpbs-congruence-sandwich-2026-09-17/schur3.py (want a working-tree path or a <rev>:<path> pin)
ERROR: research/fpbs-rigid-congruence-class-uniform-strict-thresholds-proof.md: artifact not found: experiments/fpbs-congruence-sandwich-2026-09-17/exactschur.py (want a working-tree path or a <rev>:<path> pin)
ERROR: research/fpbs-rigid-congruence-class-uniform-strict-thresholds-proof.md: artifact not found: experiments/fpbs-congruence-sandwich-2026-09-17/famschur.py (want a working-tree path or a <rev>:<path> pin)
ERROR: research/fpbs-rigid-congruence-class-uniform-strict-thresholds-proof.md: artifact not found: experiments/fpbs-congruence-sandwich-2026-09-17/starzw.c (want a working-tree path or a <rev>:<path> pin)
ERROR: research/fpbs-rigid-congruence-class-uniform-strict-thresholds-proof.md: artifact not found: experiments/fpbs-congruence-sandwich-2026-09-17/certgw.py (want a working-tree path or a <rev>:<path> pin)
ERROR: research/fpbs-rigid-congruence-class-uniform-strict-thresholds-proof.md: artifact not found: experiments/fpbs-congruence-sandwich-2026-09-17/mcgen.c (want a working-tree path or a <rev>:<path> pin)
ERROR: research/fpbs-rigid-congruence-class-uniform-strict-thresholds-proof.md: artifact not found: experiments/fpbs-congruence-sandwich-2026-09-17/outputs.txt (want a working-tree path or a <rev>:<path> pin)
ERROR: research/fpbs-rigid-congruence-class-uniform-strict-thresholds.md: artifact not found: experiments/fpbs-congruence-sandwich-2026-09-17/schur3.py (want a working-tree path or a <rev>:<path> pin)
ERROR: research/fpbs-rigid-congruence-class-uniform-strict-thresholds.md: artifact not found: experiments/fpbs-congruence-sandwich-2026-09-17/exactschur.py (want a working-tree path or a <rev>:<path> pin)
ERROR: research/fpbs-rigid-congruence-class-uniform-strict-thresholds.md: artifact not found: experiments/fpbs-congruence-sandwich-2026-09-17/famschur.py (want a working-tree path or a <rev>:<path> pin)
ERROR: research/fpbs-rigid-congruence-class-uniform-strict-thresholds.md: artifact not found: experiments/fpbs-congruence-sandwich-2026-09-17/starzw.c (want a working-tree path or a <rev>:<path> pin)
ERROR: research/fpbs-rigid-congruence-class-uniform-strict-thresholds.md: artifact not found: experiments/fpbs-congruence-sandwich-2026-09-17/certgw.py (want a working-tree path or a <rev>:<path> pin)
ERROR: research/fpbs-rigid-congruence-class-uniform-strict-thresholds.md: artifact not found: experiments/fpbs-congruence-sandwich-2026-09-17/mcgen.c (want a working-tree path or a <rev>:<path> pin)
ERROR: research/fpbs-rigid-congruence-class-uniform-strict-thresholds.md: artifact not found: experiments/fpbs-congruence-sandwich-2026-09-17/outputs.txt (want a working-tree path or a <rev>:<path> pin)
ERROR: research/fpbs-rigid-f2xz-certified-strict-thresholds-proof.md: artifact not found: experiments/fpbs-rigid-certificates-2026-09-17/star.c (want a working-tree path or a <rev>:<path> pin)
ERROR: research/fpbs-rigid-f2xz-certified-strict-thresholds-proof.md: artifact not found: experiments/fpbs-rigid-certificates-2026-09-17/certgw.py (want a working-tree path or a <rev>:<path> pin)
ERROR: research/fpbs-rigid-f2xz-certified-strict-thresholds-proof.md: artifact not found: experiments/fpbs-rigid-certificates-2026-09-17/rho2v.py (want a working-tree path or a <rev>:<path> pin)
ERROR: research/fpbs-rigid-f2xz-certified-strict-thresholds-proof.md: artifact not found: experiments/fpbs-rigid-certificates-2026-09-17/certschur.py (want a working-tree path or a <rev>:<path> pin)
ERROR: research/fpbs-rigid-f2xz-certified-strict-thresholds-proof.md: artifact not found: experiments/fpbs-rigid-certificates-2026-09-17/outputs.txt (want a working-tree path or a <rev>:<path> pin)
ERROR: research/fpbs-rigid-f2xz-certified-strict-thresholds.md: artifact not found: experiments/fpbs-rigid-certificates-2026-09-17/star.c (want a working-tree path or a <rev>:<path> pin)
ERROR: research/fpbs-rigid-f2xz-certified-strict-thresholds.md: artifact not found: experiments/fpbs-rigid-certificates-2026-09-17/certgw.py (want a working-tree path or a <rev>:<path> pin)
ERROR: research/fpbs-rigid-f2xz-certified-strict-thresholds.md: artifact not found: experiments/fpbs-rigid-certificates-2026-09-17/rho2v.py (want a working-tree path or a <rev>:<path> pin)
ERROR: research/fpbs-rigid-f2xz-certified-strict-thresholds.md: artifact not found: experiments/fpbs-rigid-certificates-2026-09-17/certschur.py (want a working-tree path or a <rev>:<path> pin)
ERROR: research/fpbs-rigid-f2xz-certified-strict-thresholds.md: artifact not found: experiments/fpbs-rigid-certificates-2026-09-17/mc.c (want a working-tree path or a <rev>:<path> pin)
ERROR: research/fpbs-rigid-f2xz-certified-strict-thresholds.md: artifact not found: experiments/fpbs-rigid-certificates-2026-09-17/outputs.txt (want a working-tree path or a <rev>:<path> pin)
ERROR: research/fpbs-tree-projected-oriented-second-moment-proof.md: artifact not found: experiments/tree-projected-second-moment-2026-09-17/criterion.py (want a working-tree path or a <rev>:<path> pin)
ERROR: research/fpbs-tree-projected-oriented-second-moment-proof.md: artifact not found: experiments/tree-projected-second-moment-2026-09-17/output.txt (want a working-tree path or a <rev>:<path> pin)
ERROR: research/fpbs-tree-projected-oriented-second-moment-thresholds.md: artifact not found: experiments/tree-projected-second-moment-2026-09-17/criterion.py (want a working-tree path or a <rev>:<path> pin)
ERROR: research/fpbs-tree-projected-oriented-second-moment-thresholds.md: artifact not found: experiments/tree-projected-second-moment-2026-09-17/output.txt (want a working-tree path or a <rev>:<path> pin)
ERROR: research/fpbs-tree-projected-oriented-second-moment-thresholds.md: artifact not found: experiments/tree-projected-second-moment-2026-09-17/mc_rank3_rigid.py (want a working-tree path or a <rev>:<path> pin)
ERROR: research/fpbs-tree-projected-oriented-second-moment-thresholds.md: artifact not found: experiments/tree-projected-second-moment-2026-09-17/mc-output-seed1.txt (want a working-tree path or a <rev>:<path> pin)
ERROR: research/fpbs-tree-projected-rank-two-excursion-second-moment-proof.md: artifact not found: experiments/tree-projected-excursion-second-moment-2026-09-17/criterion.py (want a working-tree path or a <rev>:<path> pin)
ERROR: research/fpbs-tree-projected-rank-two-excursion-second-moment-proof.md: artifact not found: experiments/tree-projected-excursion-second-moment-2026-09-17/certify.py (want a working-tree path or a <rev>:<path> pin)
ERROR: research/fpbs-tree-projected-rank-two-excursion-second-moment-proof.md: artifact not found: experiments/tree-projected-excursion-second-moment-2026-09-17/blockcheck.py (want a working-tree path or a <rev>:<path> pin)
ERROR: research/fpbs-tree-projected-rank-two-excursion-second-moment-proof.md: artifact not found: experiments/tree-projected-excursion-second-moment-2026-09-17/pathcheck.py (want a working-tree path or a <rev>:<path> pin)
ERROR: research/fpbs-tree-projected-rank-two-excursion-second-moment-proof.md: artifact not found: experiments/tree-projected-excursion-second-moment-2026-09-17/output.txt (want a working-tree path or a <rev>:<path> pin)
ERROR: research/fpbs-tree-projected-rank-two-excursion-second-moment.md: artifact not found: experiments/tree-projected-excursion-second-moment-2026-09-17/criterion.py (want a working-tree path or a <rev>:<path> pin)
ERROR: research/fpbs-tree-projected-rank-two-excursion-second-moment.md: artifact not found: experiments/tree-projected-excursion-second-moment-2026-09-17/certify.py (want a working-tree path or a <rev>:<path> pin)
ERROR: research/fpbs-tree-projected-rank-two-excursion-second-moment.md: artifact not found: experiments/tree-projected-excursion-second-moment-2026-09-17/blockcheck.py (want a working-tree path or a <rev>:<path> pin)
ERROR: research/fpbs-tree-projected-rank-two-excursion-second-moment.md: artifact not found: experiments/tree-projected-excursion-second-moment-2026-09-17/pathcheck.py (want a working-tree path or a <rev>:<path> pin)
ERROR: research/fpbs-tree-projected-rank-two-excursion-second-moment.md: artifact not found: experiments/tree-projected-excursion-second-moment-2026-09-17/scan.py (want a working-tree path or a <rev>:<path> pin)
ERROR: research/fpbs-tree-projected-rank-two-excursion-second-moment.md: artifact not found: experiments/tree-projected-excursion-second-moment-2026-09-17/firstmoment.py (want a working-tree path or a <rev>:<path> pin)
ERROR: research/fpbs-tree-projected-rank-two-excursion-second-moment.md: artifact not found: experiments/tree-projected-excursion-second-moment-2026-09-17/output.txt (want a working-tree path or a <rev>:<path> pin)
ERROR: research/fpbs-tree-projected-twisted-cyclic-by-free-nonunimodular.md: artifact not found: experiments/fpbs-twisted-cyclic-by-free-2026-09-16/twisted_lift_check.py (want a working-tree path or a <rev>:<path> pin)
ERROR: research/fpbs-tree-subgroup-relative-gap-iff-not-co-amenable-proof.md: artifact not found: experiments/fpbs-schreier-kesten-2026-09-17/verify_schreier_cogrowth_identity.py (want a working-tree path or a <rev>:<path> pin)
ERROR: research/fpbs-tree-subgroup-relative-gap-iff-not-co-amenable.md: artifact not found: experiments/fpbs-schreier-kesten-2026-09-17/verify_schreier_cogrowth_identity.py (want a working-tree path or a <rev>:<path> pin)
ERROR: research/fpbs-tree-subgroup-relative-gap-iff-not-co-amenable.md: artifact not found: experiments/fpbs-schreier-kesten-2026-09-17/output.txt (want a working-tree path or a <rev>:<path> pin)
ERROR: research/fpbs-tree-walk-pivotal-count-bounded-below-l2-threshold-proof.md: artifact not found: experiments/tree-pivotal-threshold-2026-09-17/tree_pivotal_counts.py (want a working-tree path or a <rev>:<path> pin)
ERROR: research/fpbs-twisted-cyclic-by-free-nonunimodular-proof.md: artifact not found: experiments/fpbs-twisted-cyclic-by-free-2026-09-16/twisted_lift_check.py (want a working-tree path or a <rev>:<path> pin)
ERROR: research/fpbs-weighted-surface-continuity-reduces-to-uniform-floor-proof.md: artifact not found: experiments/fpbs-sprinkling-anchor-2026-09-17/tree_anchor_threshold.py (want a working-tree path or a <rev>:<path> pin)
ERROR: research/fpbs-weighted-surface-continuity-reduces-to-uniform-floor-proof.md: artifact not found: experiments/fpbs-sprinkling-anchor-2026-09-17/output.txt (want a working-tree path or a <rev>:<path> pin)
ERROR: research/fpbs-weighted-surface-continuity-reduces-to-uniform-floor.md: artifact not found: experiments/fpbs-sprinkling-anchor-2026-09-17/tree_anchor_threshold.py (want a working-tree path or a <rev>:<path> pin)
ERROR: research/fpbs-weighted-surface-continuity-reduces-to-uniform-floor.md: artifact not found: experiments/fpbs-sprinkling-anchor-2026-09-17/output.txt (want a working-tree path or a <rev>:<path> pin)
ERROR: research/fpbs-wired-pivotal-budget-fails-universally-proof.md: artifact not found: experiments/wired-pivotal-budget-2026-09-17/tree_wired_budget.py (want a working-tree path or a <rev>:<path> pin)
ERROR: research/fpbs-wired-pivotal-budget-fails-universally-proof.md: artifact not found: experiments/wired-pivotal-budget-2026-09-17/brute_check.py (want a working-tree path or a <rev>:<path> pin)
ERROR: research/fpbs-wired-pivotal-budget-fails-universally-proof.md: artifact not found: experiments/wired-pivotal-budget-2026-09-17/output-d3.txt (want a working-tree path or a <rev>:<path> pin)
ERROR: research/fpbs-wired-pivotal-budget-fails-universally-proof.md: artifact not found: experiments/wired-pivotal-budget-2026-09-17/output-d3-large-n.txt (want a working-tree path or a <rev>:<path> pin)
ERROR: research/fpbs-wired-pivotal-budget-fails-universally.md: artifact not found: experiments/wired-pivotal-budget-2026-09-17/tree_wired_budget.py (want a working-tree path or a <rev>:<path> pin)
ERROR: research/fpbs-wired-pivotal-budget-fails-universally.md: artifact not found: experiments/wired-pivotal-budget-2026-09-17/brute_check.py (want a working-tree path or a <rev>:<path> pin)
ERROR: research/fpbs-wired-pivotal-budget-fails-universally.md: artifact not found: experiments/wired-pivotal-budget-2026-09-17/output-d3.txt (want a working-tree path or a <rev>:<path> pin)
ERROR: research/fpbs-wired-pivotal-budget-fails-universally.md: artifact not found: experiments/wired-pivotal-budget-2026-09-17/output-d3-large-n.txt (want a working-tree path or a <rev>:<path> pin)
ERROR: research/fpbs-wired-pivotal-budget-fails-universally.md: artifact not found: experiments/wired-pivotal-budget-2026-09-17/output-brute-check.txt (want a working-tree path or a <rev>:<path> pin)
ERROR: research/free-group-avatar-router.md: artifact not found: GroupApproximation/Sofic/SmallCancellationRouter.lean (want a working-tree path or a <rev>:<path> pin)
ERROR: research/free-lamp-radical-is-free-proof.md: artifact not found: notes/NOTEPAD.md (want a working-tree path or a <rev>:<path> pin)
ERROR: research/free-lamp-radical-is-free.md: artifact not found: notes/NOTEPAD.md (want a working-tree path or a <rev>:<path> pin)
ERROR: research/free-orbit-label-lift-fibre-count-proof.md: artifact not found: experiments/affine-relay-lifts-2026-09-17/check.py (want a working-tree path or a <rev>:<path> pin)
ERROR: research/free-orbit-label-lifts-need-count-raising-label-automata.md: artifact not found: experiments/affine-relay-lifts-2026-09-17/check.py (want a working-tree path or a <rev>:<path> pin)
ERROR: research/free-phase-context-support-is-a-proper-free-factor.md: artifact not found: experiments/signed_hecke_one_marginal_escape.py (want a working-tree path or a <rev>:<path> pin)
ERROR: research/free-product-router-factor-embedding-obstruction-proof.md: artifact not found: GroupApproximation/Sofic/SmallCancellationRouter.lean (want a working-tree path or a <rev>:<path> pin)
ERROR: research/free-product-router-factor-embedding-obstruction.md: artifact not found: GroupApproximation/Sofic/SmallCancellationRouter.lean (want a working-tree path or a <rev>:<path> pin)
ERROR: research/free-product-router-factor-embedding-obstruction.md: artifact not found: GroupApproximation/Sofic/OsinRelativeSmallCancellation.lean (want a working-tree path or a <rev>:<path> pin)
ERROR: research/free-root-first-detection-eigenvectors-localize-exactly-proof.md: artifact not found: GroupApproximation/PropertyT/FreeRootCharacterValuationBase.lean (want a working-tree path or a <rev>:<path> pin)
ERROR: research/free-root-first-detection-eigenvectors-localize-exactly.md: artifact not found: GroupApproximation/PropertyT/FreeRootCharacterValuationBase.lean (want a working-tree path or a <rev>:<path> pin)
ERROR: research/free-root-top-boundary-reservoir-is-summable-proof.md: artifact not found: GroupApproximation/PropertyT/FreeRootCharacterValuation.lean (want a working-tree path or a <rev>:<path> pin)
ERROR: research/free-root-top-boundary-reservoir-is-summable.md: artifact not found: GroupApproximation/PropertyT/FreeRootCharacterValuation.lean (want a working-tree path or a <rev>:<path> pin)
ERROR: research/free-s3-atom-has-unit-opnorm-leakage.md: artifact not found: experiments/free_s3_atom_opnorm_leakage_audit.py (want a working-tree path or a <rev>:<path> pin)
ERROR: research/free-subbasis-subgroup-calculus-proof.md: artifact not found: GroupApproximation/Computability/BooneGroupFreeBasis.lean (want a working-tree path or a <rev>:<path> pin)
ERROR: research/free-subbasis-subgroup-calculus.md: artifact not found: GroupApproximation/Computability/BooneGroupFreeBasis.lean (want a working-tree path or a <rev>:<path> pin)
ERROR: research/full-center-hnn-transport-cancels-schur-multiplicity-proof.md: artifact not found: experiments/schur_packet_hnn_flow_search.py (want a working-tree path or a <rev>:<path> pin)
ERROR: research/full-center-hnn-transport-cancels-schur-multiplicity.md: artifact not found: experiments/schur_packet_hnn_flow_search.py (want a working-tree path or a <rev>:<path> pin)
ERROR: research/full-complementary-idempotent-elementary-full-mf-radical-proof.md: artifact not found: non_mf_groups_exist.tex (want a working-tree path or a <rev>:<path> pin)
ERROR: research/full-complementary-idempotent-elementary-full-mf-radical.md: artifact not found: non_mf_groups_exist.tex (want a working-tree path or a <rev>:<path> pin)
ERROR: research/full-defect-ring-non-mf-at-rank-two.md: artifact not found: non_mf_groups_exist.tex (want a working-tree path or a <rev>:<path> pin)
ERROR: research/full-defect-ring-rank-two-maximal-cstar-infinite.md: artifact not found: non_mf_groups_exist.tex (want a working-tree path or a <rev>:<path> pin)
ERROR: research/full-idempotent-ring-has-properly-infinite-unit.md: artifact not found: non_mf_groups_exist.tex (want a working-tree path or a <rev>:<path> pin)
ERROR: research/full-leavitt-idempotent-defect-saturation.md: artifact not found: GroupApproximation/Steinberg/BinaryLeavitt.lean (want a working-tree path or a <rev>:<path> pin)
ERROR: research/full-mf-radical-finite-challenge-cylinder.md: artifact not found: notes/TORSION_FREE_SATURATION_DIRECT_ROUTE_2026-08-14.md (want a working-tree path or a <rev>:<path> pin)
ERROR: research/full-mf-radical-finite-challenge-cylinder.md: artifact not found: GroupApproximation/Sofic/TorsionFreeFullMFRadical.lean (want a working-tree path or a <rev>:<path> pin)
ERROR: research/full-mf-radical-finite-challenge-proof.md: artifact not found: notes/TORSION_FREE_SATURATION_DIRECT_ROUTE_2026-08-14.md (want a working-tree path or a <rev>:<path> pin)
ERROR: research/full-mf-radical-finite-challenge-proof.md: artifact not found: GroupApproximation/Sofic/TorsionFreeFullMFRadical.lean (want a working-tree path or a <rev>:<path> pin)
ERROR: research/full-mf-radical-forces-perfect-commutator-bound.md: artifact not found: non_mf_groups_exist.tex (want a working-tree path or a <rev>:<path> pin)
ERROR: research/full-mf-radical-has-fp-cover-same-generators.md: artifact not found: non_mf_groups_exist.tex (want a working-tree path or a <rev>:<path> pin)
ERROR: research/full-mf-radical-linear-relator-inequality.md: artifact not found: non_mf_groups_exist.tex (want a working-tree path or a <rev>:<path> pin)
ERROR: research/full-mf-radical-locus-is-open-in-marked-groups.md: artifact not found: non_mf_groups_exist.tex (want a working-tree path or a <rev>:<path> pin)
ERROR: research/full-moving-hecke-packet-retains-q-kernel-profile.md: artifact not found: experiments/full_q_moving_gl8_permutation_audit.py (want a working-tree path or a <rev>:<path> pin)
ERROR: research/full-packet-bicommutant-route.md: artifact not found: notes/TRUE_FULL_RAW_PACKET_COMMUTANT_WITNESS.md (want a working-tree path or a <rev>:<path> pin)
ERROR: research/full-q-a1-binary-extension-closes-zero-cross-block.md: artifact not found: experiments/full_q_a1_extension_compatible_cosets.cpp (want a working-tree path or a <rev>:<path> pin)
ERROR: research/full-q-a1-binary-extension-closes-zero-cross-block.md: artifact not found: experiments/full_q_outside_actor_order_audit.py (want a working-tree path or a <rev>:<path> pin)
ERROR: research/full-q-native-quarter-source-has-distinct-literal-ranges.md: artifact not found: experiments/full_q_native_quarter_range_audit.py (want a working-tree path or a <rev>:<path> pin)
ERROR: research/full-q-quarter-adjacent-profiles-have-half-cross.md: artifact not found: experiments/full_q_quarter_native_target_audit.py (want a working-tree path or a <rev>:<path> pin)
ERROR: research/full-q-quarter-stabilizer-profile-has-cross-kernel.md: artifact not found: experiments/full_q_quarter_stabilizer_permutation_audit.py (want a working-tree path or a <rev>:<path> pin)
ERROR: research/full-q-relative-word-hecke-interface-has-zero-central-block.md: artifact not found: experiments/full_q_twisted_hecke_regular_audit.py (want a working-tree path or a <rev>:<path> pin)
ERROR: research/full-q-separate-actor-packet-retains-zero-cross-central-block.md: artifact not found: experiments/full_q_separate_actor_extension_audit.cpp (want a working-tree path or a <rev>:<path> pin)
ERROR: research/full-q-zero-sector-is-not-canonical-a1-closed.md: artifact not found: experiments/full_q_zero_block_character_audit.cpp (want a working-tree path or a <rev>:<path> pin)
ERROR: research/full-raw-packet-commutant-witness-proof.md: artifact not found: notes/TRUE_FULL_RAW_PACKET_COMMUTANT_WITNESS.md (want a working-tree path or a <rev>:<path> pin)
ERROR: research/full-raw-packet-commutant-witness-proof.md: artifact not found: experiments/atlas-pauli-transported-carrier.json (want a working-tree path or a <rev>:<path> pin)
ERROR: research/full-raw-packet-commutant-witness.md: artifact not found: notes/TRUE_FULL_RAW_PACKET_COMMUTANT_WITNESS.md (want a working-tree path or a <rev>:<path> pin)
ERROR: research/full-raw-packet-commutant-witness.md: artifact not found: GroupApproximation/Leavitt/PauliCarrierBinaryGap.lean (want a working-tree path or a <rev>:<path> pin)
ERROR: research/full-support-chart-union-retains-relative-sign.md: artifact not found: experiments/support_chart_union_third_pair_audit.py (want a working-tree path or a <rev>:<path> pin)
ERROR: research/full-telescope-radical-in-mf-radical.md: artifact not found: GroupApproximation/Sofic/AscendingHNNFullTelescopeRadical.lean (want a working-tree path or a <rev>:<path> pin)
ERROR: research/fully-self-replicating-fp-infinity-groups-are-acyclic-proof.md: artifact not found: experiments/self-replicating-homology-2026-09-17/verify_wreath_coinvariants.py (want a working-tree path or a <rev>:<path> pin)
ERROR: research/fully-self-replicating-fp-infinity-groups-are-acyclic-proof.md: artifact not found: experiments/self-replicating-homology-2026-09-17/verify_wreath_coinvariants.out (want a working-tree path or a <rev>:<path> pin)
ERROR: research/fully-self-replicating-fp-infinity-groups-are-acyclic.md: artifact not found: experiments/self-replicating-homology-2026-09-17/verify_wreath_coinvariants.py (want a working-tree path or a <rev>:<path> pin)
ERROR: research/fully-self-replicating-fp-infinity-groups-are-acyclic.md: artifact not found: experiments/self-replicating-homology-2026-09-17/verify_wreath_coinvariants.out (want a working-tree path or a <rev>:<path> pin)
ERROR: research/fully-self-replicating-tree-groups-give-fg-tits-hosts-proof.md: artifact not found: experiments/finite-state-tits-hosts-2026-09-17/verify_full_wreath_recursion.py (want a working-tree path or a <rev>:<path> pin)
ERROR: research/fully-self-replicating-tree-groups-give-fg-tits-hosts-proof.md: artifact not found: experiments/finite-state-tits-hosts-2026-09-17/verify_full_wreath_recursion.out (want a working-tree path or a <rev>:<path> pin)
ERROR: research/fully-self-replicating-tree-groups-give-fg-tits-hosts.md: artifact not found: experiments/finite-state-tits-hosts-2026-09-17/verify_full_wreath_recursion.py (want a working-tree path or a <rev>:<path> pin)
ERROR: research/fully-self-replicating-tree-groups-give-fg-tits-hosts.md: artifact not found: experiments/finite-state-tits-hosts-2026-09-17/verify_full_wreath_recursion.out (want a working-tree path or a <rev>:<path> pin)
ERROR: research/gap-and-floor-compatible-syndrome-separation-proof.md: artifact not found: experiments/gap-floor-syndrome-separation-2026-09-16/check_separation.py (want a working-tree path or a <rev>:<path> pin)
ERROR: research/gap-and-floor-do-not-force-compatible-syndrome-effects.md: artifact not found: experiments/gap-floor-syndrome-separation-2026-09-16/check_separation.py (want a working-tree path or a <rev>:<path> pin)
ERROR: research/gap-tables-first-appear-at-three-by-six-and-four-by-five-proof.md: artifact not found: experiments/gottschalk-baumslag-solitar-gap-tables-2026-09-17/RESULTS.md (want a working-tree path or a <rev>:<path> pin)
ERROR: research/gap-tables-first-appear-at-three-by-six-and-four-by-five-proof.md: artifact not found: experiments/gottschalk-baumslag-solitar-gap-tables-2026-09-17/enumtables6.c (want a working-tree path or a <rev>:<path> pin)
ERROR: research/gap-tables-first-appear-at-three-by-six-and-four-by-five-proof.md: artifact not found: experiments/gottschalk-baumslag-solitar-gap-tables-2026-09-17/census_3x5.jsonl.gz (want a working-tree path or a <rev>:<path> pin)
ERROR: research/gap-tables-first-appear-at-three-by-six-and-four-by-five-proof.md: artifact not found: experiments/gottschalk-baumslag-solitar-gap-tables-2026-09-17/census_5x3.jsonl.gz (want a working-tree path or a <rev>:<path> pin)
ERROR: research/gap-tables-first-appear-at-three-by-six-and-four-by-five-proof.md: artifact not found: experiments/gottschalk-baumslag-solitar-gap-tables-2026-09-17/verify_gap36.g (want a working-tree path or a <rev>:<path> pin)
ERROR: research/gap-tables-first-appear-at-three-by-six-and-four-by-five-proof.md: artifact not found: experiments/gottschalk-baumslag-solitar-gap-tables-2026-09-17/gap_tables_3x6.jsonl (want a working-tree path or a <rev>:<path> pin)
ERROR: research/gap-tables-first-appear-at-three-by-six-and-four-by-five-proof.md: artifact not found: experiments/gottschalk-baumslag-solitar-gap-tables-2026-09-17/gap_tables_4x5.jsonl (want a working-tree path or a <rev>:<path> pin)
ERROR: research/gap-tables-first-appear-at-three-by-six-and-four-by-five.md: artifact not found: experiments/gottschalk-baumslag-solitar-gap-tables-2026-09-17/RESULTS.md (want a working-tree path or a <rev>:<path> pin)
ERROR: research/gap-tables-first-appear-at-three-by-six-and-four-by-five.md: artifact not found: experiments/gottschalk-baumslag-solitar-gap-tables-2026-09-17/enumtables6.c (want a working-tree path or a <rev>:<path> pin)
ERROR: research/gap-tables-first-appear-at-three-by-six-and-four-by-five.md: artifact not found: experiments/gottschalk-baumslag-solitar-gap-tables-2026-09-17/census_3x5.jsonl.gz (want a working-tree path or a <rev>:<path> pin)
ERROR: research/gap-tables-first-appear-at-three-by-six-and-four-by-five.md: artifact not found: experiments/gottschalk-baumslag-solitar-gap-tables-2026-09-17/census_5x3.jsonl.gz (want a working-tree path or a <rev>:<path> pin)
ERROR: research/gap-tables-first-appear-at-three-by-six-and-four-by-five.md: artifact not found: experiments/gottschalk-baumslag-solitar-gap-tables-2026-09-17/verify_gap36.g (want a working-tree path or a <rev>:<path> pin)
ERROR: research/gap-tables-first-appear-at-three-by-six-and-four-by-five.md: artifact not found: experiments/gottschalk-baumslag-solitar-gap-tables-2026-09-17/schreiersearch.py (want a working-tree path or a <rev>:<path> pin)
ERROR: research/gap-tables-first-appear-at-three-by-six-and-four-by-five.md: artifact not found: experiments/gottschalk-baumslag-solitar-gap-tables-2026-09-17/gaptable.py (want a working-tree path or a <rev>:<path> pin)
ERROR: research/gap-tables-first-appear-at-three-by-six-and-four-by-five.md: artifact not found: experiments/gottschalk-baumslag-solitar-gap-tables-2026-09-17/bsgroup.py (want a working-tree path or a <rev>:<path> pin)
ERROR: research/gap-tables-first-appear-at-three-by-six-and-four-by-five.md: artifact not found: experiments/gottschalk-baumslag-solitar-gap-tables-2026-09-17/gap_tables_3x6.jsonl (want a working-tree path or a <rev>:<path> pin)
ERROR: research/gap-tables-first-appear-at-three-by-six-and-four-by-five.md: artifact not found: experiments/gottschalk-baumslag-solitar-gap-tables-2026-09-17/gap_tables_3x12.jsonl (want a working-tree path or a <rev>:<path> pin)
ERROR: research/gap-tables-first-appear-at-three-by-six-and-four-by-five.md: artifact not found: experiments/gottschalk-baumslag-solitar-gap-tables-2026-09-17/gap_tables_4x5.jsonl (want a working-tree path or a <rev>:<path> pin)
ERROR: research/gatewise-cook-levin-rank-is-baseline-plus-unsat.md: artifact not found: experiments/gatewise_cook_levin_rank_energy.py (want a working-tree path or a <rev>:<path> pin)
ERROR: research/generic-leavitt-self-compression-full-mf-radical-proof.md: artifact not found: GroupApproximation/Leavitt/HilbertHotelWhitehead.lean (want a working-tree path or a <rev>:<path> pin)
ERROR: research/generic-leavitt-self-compression-full-mf-radical-proof.md: artifact not found: GroupApproximation/Leavitt/HilbertHotelSaturation.lean (want a working-tree path or a <rev>:<path> pin)
ERROR: research/ghb7-contains-a-genus-two-surface-subgroup-proof.md: artifact not found: experiments/ghb7-girth-surfaces/certificates-genus2.json (want a working-tree path or a <rev>:<path> pin)
ERROR: research/ghb7-contains-a-genus-two-surface-subgroup-proof.md: artifact not found: experiments/ghb7-girth-surfaces/verify_certificate.py (want a working-tree path or a <rev>:<path> pin)
ERROR: research/ghb7-contains-a-genus-two-surface-subgroup-proof.md: artifact not found: experiments/ghb7-girth-surfaces/verify-genus2.log (want a working-tree path or a <rev>:<path> pin)
ERROR: research/ghb7-contains-a-genus-two-surface-subgroup-proof.md: artifact not found: experiments/ghb7-girth-surfaces/ghb7_girth_surfaces.py (want a working-tree path or a <rev>:<path> pin)
ERROR: research/ghb7-contains-a-genus-two-surface-subgroup-proof.md: artifact not found: experiments/ghb7-girth-surfaces/search-t24.log (want a working-tree path or a <rev>:<path> pin)
ERROR: research/ghb7-contains-a-genus-two-surface-subgroup.md: artifact not found: experiments/ghb7-girth-surfaces/certificates-genus2.json (want a working-tree path or a <rev>:<path> pin)
ERROR: research/ghb7-contains-a-genus-two-surface-subgroup.md: artifact not found: experiments/ghb7-girth-surfaces/verify_certificate.py (want a working-tree path or a <rev>:<path> pin)
ERROR: research/ghb7-contains-a-genus-two-surface-subgroup.md: artifact not found: experiments/ghb7-girth-surfaces/verify-genus2.log (want a working-tree path or a <rev>:<path> pin)
ERROR: research/ghb7-girth-surfaces-give-surface-subgroups-proof.md: artifact not found: experiments/ghb7-girth-surfaces/intersections.py (want a working-tree path or a <rev>:<path> pin)
ERROR: research/ghb7-quotient-image-sp4-proof.md: artifact not found: experiments/ghb7-kernel-index/psi_order.py (want a working-tree path or a <rev>:<path> pin)
ERROR: research/ghb7-quotient-image-sp4-proof.md: artifact not found: experiments/ghb7-kernel-index/psi_order-output-2026-09-12.txt (want a working-tree path or a <rev>:<path> pin)
ERROR: research/ghb7-triangle-vertex-edge-data-computation.md: artifact not found: experiments/ghb7-edge-matching/vertex_edge_data.py (want a working-tree path or a <rev>:<path> pin)
ERROR: research/ghb7-triangle-vertex-edge-data-computation.md: artifact not found: experiments/ghb7-edge-matching/vertex_edge_data.json (want a working-tree path or a <rev>:<path> pin)
ERROR: research/ghb7-triangle-vertex-groups-split-abelianizations.md: artifact not found: experiments/ghb7-edge-matching/vertex_edge_data.py (want a working-tree path or a <rev>:<path> pin)
ERROR: research/ghb7-triangle-vertex-groups-split-abelianizations.md: artifact not found: experiments/ghb7-edge-matching/vertex_edge_data.json (want a working-tree path or a <rev>:<path> pin)
ERROR: research/ghb7-vertex-irreducibles-edge-restriction-computation.md: artifact not found: experiments/ghb7-edge-matching/edge_restrictions.py (want a working-tree path or a <rev>:<path> pin)
ERROR: research/ghb7-vertex-irreducibles-edge-restriction-computation.md: artifact not found: experiments/ghb7-edge-matching/edge_restrictions.json (want a working-tree path or a <rev>:<path> pin)
ERROR: research/ghb7-vertex-irreducibles-edge-restriction-table.md: artifact not found: experiments/ghb7-edge-matching/edge_restrictions.py (want a working-tree path or a <rev>:<path> pin)
ERROR: research/ghb7-vertex-irreducibles-edge-restriction-table.md: artifact not found: experiments/ghb7-edge-matching/edge_restrictions.json (want a working-tree path or a <rev>:<path> pin)
ERROR: research/glebsky-hs-transport-step-classification-proof.md: artifact not found: notes/TRUE_GLEBSKY_HS_TRANSPORT_AUDIT.md (want a working-tree path or a <rev>:<path> pin)
ERROR: research/glebsky-hs-transport-step-classification.md: artifact not found: notes/TRUE_GLEBSKY_HS_TRANSPORT_AUDIT.md (want a working-tree path or a <rev>:<path> pin)
ERROR: research/glebsky-verbatim-hs-transport.md: artifact not found: notes/TRUE_GLEBSKY_HS_TRANSPORT_AUDIT.md (want a working-tree path or a <rev>:<path> pin)
ERROR: research/gohla-thom-stable-base-nonsofic-extension.md: artifact not found: notes/LITERAL_GROUP_BLOCK_AMALGAM_STRUCTURE_2026-08-14.md (want a working-tree path or a <rev>:<path> pin)
ERROR: research/gottschalk-surjunctivity-conjecture.md: artifact not found: notes/GOTTSCHALK_RESEARCH_2026-09-07.md (want a working-tree path or a <rev>:<path> pin)
ERROR: research/gram-flat-kraus-frames-polarize-to-unitary-tables.md: artifact not found: afa569578:research/equivariant-polar-rounding-pays-gram-flatness.md (want a working-tree path or a <rev>:<path> pin)
ERROR: research/grassmann-composed-2to2-coarsenings-are-satisfiable-proof.md: artifact not found: experiments/dkkms-coarsening-2026-09-17/check_dkkms_coarsening.py (want a working-tree path or a <rev>:<path> pin)
ERROR: research/grassmann-composed-2to2-coarsenings-are-satisfiable.md: artifact not found: experiments/dkkms-coarsening-2026-09-17/check_dkkms_coarsening.py (want a working-tree path or a <rev>:<path> pin)
ERROR: research/greendlinger-free-product-lemma.md: artifact not found: GroupApproximation/Sofic/SmallCancellationRouter.lean (want a working-tree path or a <rev>:<path> pin)
ERROR: research/grigorchuk-hnn-has-no-base-first-wreath-rewriting-system-proof.md: artifact not found: experiments/hnn-rewriting-2026-09-17/RESULTS.md (want a working-tree path or a <rev>:<path> pin)
ERROR: research/grigorchuk-hnn-has-no-base-first-wreath-rewriting-system.md: artifact not found: experiments/hnn-rewriting-2026-09-17/RESULTS.md (want a working-tree path or a <rev>:<path> pin)
ERROR: research/grigorchuk-hnn-has-no-base-first-wreath-rewriting-system.md: artifact not found: experiments/hnn-rewriting-2026-09-17/kb.cpp (want a working-tree path or a <rev>:<path> pin)
ERROR: research/growing-fiber-models.md: artifact not found: notes/TRUE_BLOCK_MONOMIAL_COORDINATE_COLLAPSE.md (want a working-tree path or a <rev>:<path> pin)
ERROR: research/haagerup-t-exclusion-proof.md: artifact not found: notes/OBSTRUCTIONS.md (want a working-tree path or a <rev>:<path> pin)
ERROR: research/half-space-tail-no-go-proof.md: artifact not found: notes/OBSTRUCTIONS.md (want a working-tree path or a <rev>:<path> pin)
ERROR: research/halo-chart-clifford-model.md: artifact not found: notes/TRUE_LAMP_CHARTS_RECOVER_THE_SET_ACTION.md (want a working-tree path or a <rev>:<path> pin)
ERROR: research/halo-chart-clifford-model.md: artifact not found: notes/FALSE_HALO_ACTION_AUDIT.md (want a working-tree path or a <rev>:<path> pin)
ERROR: research/halo-locally-sofic-target-collapse-proof.md: artifact not found: notes/FALSE_HALO_ACTION_AUDIT.md (want a working-tree path or a <rev>:<path> pin)
ERROR: research/halo-locally-sofic-target-collapse.md: artifact not found: notes/FALSE_HALO_ACTION_AUDIT.md (want a working-tree path or a <rev>:<path> pin)
ERROR: research/halo-target-class-enrichment.md: artifact not found: notes/NOTEPAD.md (want a working-tree path or a <rev>:<path> pin)
ERROR: research/halo-target-class-enrichment.md: artifact not found: notes/FALSE_HALO_ACTION_AUDIT.md (want a working-tree path or a <rev>:<path> pin)
ERROR: research/heisenberg-not-in-wobbling-groups-quadratic-box-count-proof.md: artifact not found: experiments/heisenberg-quadratic-growth-hosts-2026-09-17/check.py (want a working-tree path or a <rev>:<path> pin)
ERROR: research/heisenberg-not-in-wobbling-groups-quadratic-box-count-proof.md: artifact not found: experiments/heisenberg-quadratic-growth-hosts-2026-09-17/output.txt (want a working-tree path or a <rev>:<path> pin)
ERROR: research/hereditary-nonsofic-descent-proof.md: artifact not found: GroupApproximation/Sofic/HereditaryNonsoficDescent.lean (want a working-tree path or a <rev>:<path> pin)
ERROR: research/hereditary-nonsofic-descent.md: artifact not found: GroupApproximation/Sofic/HereditaryNonsoficDescent.lean (want a working-tree path or a <rev>:<path> pin)
ERROR: research/hereditary-property-second-level-dichotomy.md: artifact not found: GroupApproximation/Computability/HereditaryPropertySwitchCompleteness.lean (want a working-tree path or a <rev>:<path> pin)
ERROR: research/hereditary-property-second-level-dichotomy.md: artifact not found: GroupApproximation/Computability/SoficRecognitionSecondLevel.lean (want a working-tree path or a <rev>:<path> pin)
ERROR: research/hereditary-property-second-level-dichotomy.md: artifact not found: GroupApproximation/Computability/IsoInvariantSwitchHardness.lean (want a working-tree path or a <rev>:<path> pin)
ERROR: research/higman-approximate-torsion-collapses-hs-word-ratio.md: artifact not found: experiments/higman-hs-microstate-scaling-2026-09-17/check_torsion_bound.py (want a working-tree path or a <rev>:<path> pin)
ERROR: research/higman-b-side-bottom-layer-spans-are-infinite.md: artifact not found: experiments/higman-derived-length-three-2026-09-17/bottom_layer_fox.py (want a working-tree path or a <rev>:<path> pin)
ERROR: research/higman-b-side-bottom-layer-spans-are-infinite.md: artifact not found: experiments/higman-derived-length-three-2026-09-17/bottom_layer_fox-output.txt (want a working-tree path or a <rev>:<path> pin)
ERROR: research/higman-b-side-derived-closure-bottom-layer-proof.md: artifact not found: experiments/higman-derived-length-three-2026-09-17/free_metabelian_top.py (want a working-tree path or a <rev>:<path> pin)
ERROR: research/higman-b-side-derived-closure-bottom-layer-proof.md: artifact not found: experiments/higman-derived-length-three-2026-09-17/free_metabelian_top-output.txt (want a working-tree path or a <rev>:<path> pin)
ERROR: research/higman-b-side-derived-closure-stays-in-bottom-layer.md: artifact not found: experiments/higman-derived-length-three-2026-09-17/free_metabelian_top.py (want a working-tree path or a <rev>:<path> pin)
ERROR: research/higman-b-side-derived-closure-stays-in-bottom-layer.md: artifact not found: experiments/higman-derived-length-three-2026-09-17/free_metabelian_top-output.txt (want a working-tree path or a <rev>:<path> pin)
ERROR: research/higman-half-row-has-regular-mf-benign-witness-proof.md: artifact not found: GroupApproximation/Higman/RowDeletionBenign.lean (want a working-tree path or a <rev>:<path> pin)
ERROR: research/higman-half-row-has-regular-mf-benign-witness.md: artifact not found: GroupApproximation/Higman/RowDeletionBenign.lean (want a working-tree path or a <rev>:<path> pin)
ERROR: research/higman-hs-word-coefficient-exceeds-nine-fifths.md: artifact not found: experiments/hs_word_certificate.py (want a working-tree path or a <rev>:<path> pin)
ERROR: research/higman-hs-word-coefficient-exceeds-sixteen.md: artifact not found: experiments/higman_qutrit_witness.py (want a working-tree path or a <rev>:<path> pin)
ERROR: research/higman-hs-word-coefficient-exceeds-sixteen.md: artifact not found: experiments/hs_word_certificate.py (want a working-tree path or a <rev>:<path> pin)
ERROR: research/higman-hs-word-coefficient-exceeds-thirty-eight-proof.md: artifact not found: experiments/higman-hs-microstate-scaling-2026-09-17/certify_ratio_witness.py (want a working-tree path or a <rev>:<path> pin)
ERROR: research/higman-hs-word-coefficient-exceeds-thirty-eight-proof.md: artifact not found: experiments/higman-hs-microstate-scaling-2026-09-17/ratio_witness_cycle4_d6.json (want a working-tree path or a <rev>:<path> pin)
ERROR: research/higman-hs-word-coefficient-exceeds-thirty-eight-proof.md: artifact not found: experiments/higman-hs-microstate-scaling-2026-09-17/ratio_witness_cycle3_d6.json (want a working-tree path or a <rev>:<path> pin)
ERROR: research/higman-hs-word-coefficient-exceeds-thirty-eight-proof.md: artifact not found: experiments/hs_word_certificate.py (want a working-tree path or a <rev>:<path> pin)
ERROR: research/higman-hs-word-coefficient-exceeds-thirty-eight.md: artifact not found: experiments/higman-hs-microstate-scaling-2026-09-17/certify_ratio_witness.py (want a working-tree path or a <rev>:<path> pin)
ERROR: research/higman-hs-word-coefficient-exceeds-thirty-eight.md: artifact not found: experiments/higman-hs-microstate-scaling-2026-09-17/ratio_witness_cycle4_d6.json (want a working-tree path or a <rev>:<path> pin)
ERROR: research/higman-hs-word-coefficient-exceeds-thirty-eight.md: artifact not found: experiments/higman-hs-microstate-scaling-2026-09-17/ratio_witness_cycle3_d6.json (want a working-tree path or a <rev>:<path> pin)
ERROR: research/higman-hs-word-coefficient-exceeds-thirty-eight.md: artifact not found: experiments/hs_word_certificate.py (want a working-tree path or a <rev>:<path> pin)
ERROR: research/higman-nilpotent-edge-collapse-proof.md: artifact not found: experiments/higman-edge-collapse-2026-09-17/README.md (want a working-tree path or a <rev>:<path> pin)
ERROR: research/higman-one-sided-span-bound-fails-at-derived-length-three.md: artifact not found: experiments/higman-derived-length-three-2026-09-17/one_sided_example.py (want a working-tree path or a <rev>:<path> pin)
ERROR: research/higman-one-sided-span-bound-fails-at-derived-length-three.md: artifact not found: experiments/higman-derived-length-three-2026-09-17/one_sided_example-output.txt (want a working-tree path or a <rev>:<path> pin)
ERROR: research/higman-one-sided-span-counterexample-proof.md: artifact not found: experiments/higman-derived-length-three-2026-09-17/one_sided_example.py (want a working-tree path or a <rev>:<path> pin)
ERROR: research/higman-one-sided-span-counterexample-proof.md: artifact not found: experiments/higman-derived-length-three-2026-09-17/one_sided_example-output.txt (want a working-tree path or a <rev>:<path> pin)
ERROR: research/higman-opnorm-collapse-is-a-one-unitary-z4-problem-proof.md: artifact not found: experiments/higman-minimax-2026-09-17/equivariant_search.py (want a working-tree path or a <rev>:<path> pin)
ERROR: research/higman-opnorm-collapse-is-a-one-unitary-z4-problem.md: artifact not found: experiments/higman-minimax-2026-09-17/equivariant_search.py (want a working-tree path or a <rev>:<path> pin)
ERROR: research/higman-opnorm-collapse-is-a-one-unitary-z4-problem.md: artifact not found: experiments/higman-minimax-2026-09-17/minimax_polish.py (want a working-tree path or a <rev>:<path> pin)
ERROR: research/higman-opnorm-collapse-is-a-one-unitary-z4-problem.md: artifact not found: experiments/higman-minimax-2026-09-17/chain64.npy (want a working-tree path or a <rev>:<path> pin)
ERROR: research/higman-opnorm-collapse-is-a-one-unitary-z4-problem.md: artifact not found: experiments/higman-minimax-2026-09-17/chain80.npy (want a working-tree path or a <rev>:<path> pin)
ERROR: research/higman-opnorm-collapse-is-a-one-unitary-z4-problem.md: artifact not found: experiments/higman-minimax-2026-09-17/run_chain64.txt (want a working-tree path or a <rev>:<path> pin)
ERROR: research/higman-opnorm-collapse-is-a-one-unitary-z4-problem.md: artifact not found: experiments/higman-minimax-2026-09-17/run_chain80.txt (want a working-tree path or a <rev>:<path> pin)
ERROR: research/higman-opnorm-collapse-is-a-one-unitary-z4-problem.md: artifact not found: experiments/higman-minimax-2026-09-17/chain80b.npy (want a working-tree path or a <rev>:<path> pin)
ERROR: research/higman-opnorm-collapse-is-a-one-unitary-z4-problem.md: artifact not found: experiments/higman-minimax-2026-09-17/chain96.npy (want a working-tree path or a <rev>:<path> pin)
ERROR: research/higman-opnorm-collapse-is-a-one-unitary-z4-problem.md: artifact not found: experiments/higman-minimax-2026-09-17/run_chain80b.txt (want a working-tree path or a <rev>:<path> pin)
ERROR: research/higman-opnorm-collapse-is-a-one-unitary-z4-problem.md: artifact not found: experiments/higman-minimax-2026-09-17/run_chain96.txt (want a working-tree path or a <rev>:<path> pin)
ERROR: research/higman-opnorm-collapse-is-a-one-unitary-z4-problem.md: artifact not found: experiments/higman-minimax-2026-09-17/run_pad96.txt (want a working-tree path or a <rev>:<path> pin)
ERROR: research/higman-opnorm-collapse-is-a-one-unitary-z4-problem.md: artifact not found: experiments/higman-minimax-2026-09-17/pad48_from32_b.npy (want a working-tree path or a <rev>:<path> pin)
ERROR: research/higman-opnorm-collapse-is-a-one-unitary-z4-problem.md: artifact not found: experiments/higman-minimax-2026-09-17/pad48_from32.npy (want a working-tree path or a <rev>:<path> pin)
ERROR: research/higman-opnorm-collapse-is-a-one-unitary-z4-problem.md: artifact not found: experiments/higman-minimax-2026-09-17/amp48.npy (want a working-tree path or a <rev>:<path> pin)
ERROR: research/higman-opnorm-collapse-is-a-one-unitary-z4-problem.md: artifact not found: experiments/higman-minimax-2026-09-17/rand_N32.npy (want a working-tree path or a <rev>:<path> pin)
ERROR: research/higman-opnorm-collapse-is-a-one-unitary-z4-problem.md: artifact not found: experiments/higman-minimax-2026-09-17/rand_N64.npy (want a working-tree path or a <rev>:<path> pin)
ERROR: research/higman-opnorm-collapse-is-a-one-unitary-z4-problem.md: artifact not found: experiments/higman-minimax-2026-09-17/witness_polished.npy (want a working-tree path or a <rev>:<path> pin)
ERROR: research/higman-opnorm-collapse-is-a-one-unitary-z4-problem.md: artifact not found: experiments/higman-minimax-2026-09-17/run_pad48_from32.txt (want a working-tree path or a <rev>:<path> pin)
ERROR: research/higman-opnorm-collapse-is-a-one-unitary-z4-problem.md: artifact not found: experiments/higman-minimax-2026-09-17/run_pad48_from32_eps10.txt (want a working-tree path or a <rev>:<path> pin)
ERROR: research/higman-opnorm-collapse-is-a-one-unitary-z4-problem.md: artifact not found: experiments/higman-minimax-2026-09-17/run_amp48.txt (want a working-tree path or a <rev>:<path> pin)
ERROR: research/higman-opnorm-collapse-is-a-one-unitary-z4-problem.md: artifact not found: experiments/higman-minimax-2026-09-17/run_rand_N16.txt (want a working-tree path or a <rev>:<path> pin)
ERROR: research/higman-opnorm-collapse-is-a-one-unitary-z4-problem.md: artifact not found: experiments/higman-minimax-2026-09-17/run_rand_N32.txt (want a working-tree path or a <rev>:<path> pin)
ERROR: research/higman-opnorm-collapse-is-a-one-unitary-z4-problem.md: artifact not found: experiments/higman-minimax-2026-09-17/run_rand_N64.txt (want a working-tree path or a <rev>:<path> pin)
ERROR: research/higman-opnorm-collapse-is-a-one-unitary-z4-problem.md: artifact not found: experiments/higman-minimax-2026-09-17/run_witness_long.txt (want a working-tree path or a <rev>:<path> pin)
ERROR: research/higman-opnorm-defect-profile-has-dim-twelve-witness-proof.md: artifact not found: experiments/higman-opnorm-census-2026-09-17/analyze_tuple.py (want a working-tree path or a <rev>:<path> pin)
ERROR: research/higman-opnorm-defect-profile-has-dim-twelve-witness-proof.md: artifact not found: experiments/higman-opnorm-census-2026-09-17/tuple_L12_defect031.txt (want a working-tree path or a <rev>:<path> pin)
ERROR: research/higman-opnorm-defect-profile-has-dim-twelve-witness.md: artifact not found: experiments/higman-opnorm-census-2026-09-17/tuple_search.py (want a working-tree path or a <rev>:<path> pin)
ERROR: research/higman-opnorm-defect-profile-has-dim-twelve-witness.md: artifact not found: experiments/higman-opnorm-census-2026-09-17/matcher_return.py (want a working-tree path or a <rev>:<path> pin)
ERROR: research/higman-opnorm-defect-profile-has-dim-twelve-witness.md: artifact not found: experiments/higman-opnorm-census-2026-09-17/analyze_tuple.py (want a working-tree path or a <rev>:<path> pin)
ERROR: research/higman-opnorm-defect-profile-has-dim-twelve-witness.md: artifact not found: experiments/higman-opnorm-census-2026-09-17/tuple_L12_defect031.txt (want a working-tree path or a <rev>:<path> pin)
ERROR: research/higman-opnorm-defect-profile-has-dim-twelve-witness.md: artifact not found: experiments/higman-opnorm-census-2026-09-17/run_diag13_long.txt (want a working-tree path or a <rev>:<path> pin)
ERROR: research/higman-opnorm-defect-profile-has-dim-twelve-witness.md: artifact not found: experiments/higman-opnorm-census-2026-09-17/run_diag29_long.txt (want a working-tree path or a <rev>:<path> pin)
ERROR: research/higman-opnorm-defect-profile-has-dim-twelve-witness.md: artifact not found: experiments/higman-opnorm-census-2026-09-17/run_diag7_long.txt (want a working-tree path or a <rev>:<path> pin)
ERROR: research/higman-opnorm-defect-profile-has-dim-twelve-witness.md: artifact not found: experiments/higman-opnorm-census-2026-09-17/run_tuple54_warm.txt (want a working-tree path or a <rev>:<path> pin)
ERROR: research/higman-opnorm-defect-profile-has-dim-twelve-witness.md: artifact not found: experiments/higman-opnorm-census-2026-09-17/run_n4_cont.txt (want a working-tree path or a <rev>:<path> pin)
ERROR: research/higman-order-three-torsion-ratio-bound-proof.md: artifact not found: experiments/higman-hs-microstate-scaling-2026-09-17/check_torsion_bound.py (want a working-tree path or a <rev>:<path> pin)
ERROR: research/higman-order-three-torsion-ratio-bound.md: artifact not found: experiments/higman-hs-microstate-scaling-2026-09-17/check_torsion_bound.py (want a working-tree path or a <rev>:<path> pin)
ERROR: research/higman-order-three-torsion-ratio-bound.md: artifact not found: experiments/higman-hs-microstate-scaling-2026-09-17/ratio_search.py (want a working-tree path or a <rev>:<path> pin)
ERROR: research/higman-order-three-torsion-ratio-bound.md: artifact not found: experiments/higman-hs-microstate-scaling-2026-09-17/run_orderq.py (want a working-tree path or a <rev>:<path> pin)
ERROR: research/higman-qutrit-coefficient-proof.md: artifact not found: experiments/higman_qutrit_witness.py (want a working-tree path or a <rev>:<path> pin)
ERROR: research/higman-qutrit-coefficient-proof.md: artifact not found: experiments/hs_word_certificate.py (want a working-tree path or a <rev>:<path> pin)
ERROR: research/higman-solvable-by-metabelian-edge-collapse-proof.md: artifact not found: experiments/higman-solvable-by-metabelian-2026-09-17/README.md (want a working-tree path or a <rev>:<path> pin)
ERROR: research/higman-theorem-three-reduces-to-enumerated-range-proof.md: artifact not found: GroupApproximation/Higman/TheoremThreeAssembly.lean (want a working-tree path or a <rev>:<path> pin)
ERROR: research/higman-theorem-three-reduces-to-enumerated-range-proof.md: artifact not found: GroupApproximation/Higman/GeneratedEnumeration.lean (want a working-tree path or a <rev>:<path> pin)
ERROR: research/higman-theorem-three-reduces-to-enumerated-range.md: artifact not found: GroupApproximation/Higman/TheoremThreeAssembly.lean (want a working-tree path or a <rev>:<path> pin)
ERROR: research/higman-theorem-three-reduces-to-enumerated-range.md: artifact not found: GroupApproximation/Higman/GeneratedEnumeration.lean (want a working-tree path or a <rev>:<path> pin)
ERROR: research/higman-theorem-three-reduces-to-enumerated-range.md: artifact not found: GroupApproximation/Higman/GeneratedBasic.lean (want a working-tree path or a <rev>:<path> pin)
ERROR: research/higman-u2-word-energy-bound-proof.md: artifact not found: experiments/higman_u2_certificate.py (want a working-tree path or a <rev>:<path> pin)
ERROR: research/higman-u2-word-energy-bound.md: artifact not found: experiments/higman_u2_certificate.py (want a working-tree path or a <rev>:<path> pin)
ERROR: research/higman-u2-word-energy-bound.md: artifact not found: experiments/test_higman_u2_certificate.py (want a working-tree path or a <rev>:<path> pin)
ERROR: research/hilbert-embeddable-is-representation-realized-proof.md: artifact not found: notes/TRUE_HILBERT_EMBEDDABLE_IS_REPRESENTATION_REALIZED.md (want a working-tree path or a <rev>:<path> pin)
ERROR: research/hilbert-embeddable-is-representation-realized.md: artifact not found: notes/TRUE_HILBERT_EMBEDDABLE_IS_REPRESENTATION_REALIZED.md (want a working-tree path or a <rev>:<path> pin)
ERROR: research/hilbert-embeddable-length-hyperlinearity-proof.md: artifact not found: notes/NOTEPAD.md (want a working-tree path or a <rev>:<path> pin)
ERROR: research/hilbert-embeddable-length-hyperlinearity-proof.md: artifact not found: GroupApproximation/Sofic/Hyperlinear.lean (want a working-tree path or a <rev>:<path> pin)
ERROR: research/hilbert-embeddable-length-hyperlinearity.md: artifact not found: notes/NOTEPAD.md (want a working-tree path or a <rev>:<path> pin)
ERROR: research/hilbert-embeddable-length-hyperlinearity.md: artifact not found: GroupApproximation/Sofic/Hyperlinear.lean (want a working-tree path or a <rev>:<path> pin)
ERROR: research/hilbert-embeddable-length-lp-feasibility-proof.md: artifact not found: notes/TRUE_GLEBSKY_HS_TRANSPORT_AUDIT.md (want a working-tree path or a <rev>:<path> pin)
ERROR: research/hilbert-embeddable-length-lp-feasibility.md: artifact not found: notes/TRUE_GLEBSKY_HS_TRANSPORT_AUDIT.md (want a working-tree path or a <rev>:<path> pin)
ERROR: research/hilbert-embeddable-witness-for-kun-thom-wreath.md: artifact not found: notes/NOTEPAD.md (want a working-tree path or a <rev>:<path> pin)
ERROR: research/hilbert-hotel-block-cover-is-unconditional-proof.md: artifact not found: GroupApproximation/Leavitt/HilbertHotelCoverBlock.lean (want a working-tree path or a <rev>:<path> pin)
ERROR: research/hilbert-hotel-block-cover-is-unconditional-proof.md: artifact not found: GroupApproximation/Leavitt/HilbertHotelEndpoint.lean (want a working-tree path or a <rev>:<path> pin)
ERROR: research/hilbert-hotel-block-cover-is-unconditional.md: artifact not found: GroupApproximation/Leavitt/HilbertHotelCoverBlock.lean (want a working-tree path or a <rev>:<path> pin)
ERROR: research/hilbert-hotel-block-cover-is-unconditional.md: artifact not found: GroupApproximation/Leavitt/HilbertHotelEndpoint.lean (want a working-tree path or a <rev>:<path> pin)
ERROR: research/hilbert-hotel-block-cover-is-unconditional.md: artifact not found: GroupApproximation/Leavitt/ConjProductClosure.lean (want a working-tree path or a <rev>:<path> pin)
ERROR: research/hilbert-hotel-mf-absorption-theory.md: artifact not found: notes/EXACT_CORONA_DIMENSION_AND_HILBERT_HOTEL.md (want a working-tree path or a <rev>:<path> pin)
ERROR: research/hilbert-hotel-model-is-unconditionally-non-mf-proof.md: artifact not found: GroupApproximation/Leavitt/HilbertHotelModelNonMF.lean (want a working-tree path or a <rev>:<path> pin)
ERROR: research/hilbert-hotel-model-is-unconditionally-non-mf-proof.md: artifact not found: GroupApproximation/Leavitt/HilbertHotelEndpoint.lean (want a working-tree path or a <rev>:<path> pin)
ERROR: research/hilbert-hotel-model-is-unconditionally-non-mf.md: artifact not found: GroupApproximation/Leavitt/HilbertHotelModelNonMF.lean (want a working-tree path or a <rev>:<path> pin)
ERROR: research/hilbert-hotel-model-is-unconditionally-non-mf.md: artifact not found: GroupApproximation/Leavitt/HilbertHotelEndpoint.lean (want a working-tree path or a <rev>:<path> pin)
ERROR: research/hilbert-hotel-model-is-unconditionally-non-mf.md: artifact not found: GroupApproximation/Leavitt/HilbertHotelDefectNormal.lean (want a working-tree path or a <rev>:<path> pin)
ERROR: research/hilbert-hotel-self-saturated-non-mf.md: artifact not found: GroupApproximation/Sofic/NormalKazhdanMFRadical.lean (want a working-tree path or a <rev>:<path> pin)
ERROR: research/hilbert-hotel-self-saturated-non-mf.md: artifact not found: GroupApproximation/Steinberg/BinaryLeavitt.lean (want a working-tree path or a <rev>:<path> pin)
ERROR: research/hnn-cyclic-reduction-lemma-proof.md: artifact not found: GroupApproximation/Algebra/HNNTorsionFree.lean (want a working-tree path or a <rev>:<path> pin)
ERROR: research/hnn-cyclic-reduction-lemma.md: artifact not found: GroupApproximation/Algebra/HNNTorsionFree.lean (want a working-tree path or a <rev>:<path> pin)
ERROR: research/hnn-cyclic-reduction-lemma.md: artifact not found: GroupApproximation/GroupTheory/HNNBrittonCyclic.lean (want a working-tree path or a <rev>:<path> pin)
ERROR: research/hnn-extension-finite-presentation-permanence-proof.md: artifact not found: GroupApproximation/Algebra/HNNFinitePresentation.lean (want a working-tree path or a <rev>:<path> pin)
ERROR: research/hnn-extension-finite-presentation-permanence.md: artifact not found: GroupApproximation/Computability/BooneGroupTower.lean (want a working-tree path or a <rev>:<path> pin)
ERROR: research/hnn-good-subgroup-lemma.md: artifact not found: GroupApproximation/Computability/BooneGroupTower.lean (want a working-tree path or a <rev>:<path> pin)
ERROR: research/hnn-good-subgroup-via-small-extension.md: artifact not found: GroupApproximation/Computability/BooneGroupTower.lean (want a working-tree path or a <rev>:<path> pin)
ERROR: research/hnn-one-site-lamp-is-a-torsion-compression-witness-proof.md: artifact not found: GroupApproximation/Sofic/AscendingHNNWreathWitness.lean (want a working-tree path or a <rev>:<path> pin)
ERROR: research/hnn-one-site-lamp-is-a-torsion-compression-witness.md: artifact not found: GroupApproximation/Sofic/AscendingHNNWreathWitness.lean (want a working-tree path or a <rev>:<path> pin)
ERROR: research/hnn-reduced-word-transfer-to-subgroup-extension-proof.md: artifact not found: GroupApproximation/Computability/BooneGroupTower.lean (want a working-tree path or a <rev>:<path> pin)
ERROR: research/hnn-reduced-word-transfer-to-subgroup-extension.md: artifact not found: GroupApproximation/Computability/BooneGroupTower.lean (want a working-tree path or a <rev>:<path> pin)
ERROR: research/hnn-torsion-theorem-proof.md: artifact not found: GroupApproximation/Algebra/HNNTorsionFree.lean (want a working-tree path or a <rev>:<path> pin)
ERROR: research/hnn-torsion-theorem-proof.md: artifact not found: GroupApproximation/GroupTheory/HNNBrittonCyclic.lean (want a working-tree path or a <rev>:<path> pin)
ERROR: research/hnn-torsion-theorem.md: artifact not found: GroupApproximation/Algebra/HNNTorsionFree.lean (want a working-tree path or a <rev>:<path> pin)
ERROR: research/hnn-torsion-theorem.md: artifact not found: GroupApproximation/GroupTheory/HNNBrittonCyclic.lean (want a working-tree path or a <rev>:<path> pin)
ERROR: research/holonomy-quadrangle-patterns-have-unique-local-decoders.md: artifact not found: experiments/holonomy-local-decoders-2026-09-17/check_local_decoders.py (want a working-tree path or a <rev>:<path> pin)
ERROR: research/holonomy-quadrangle-patterns-have-unique-local-decoders.md: artifact not found: experiments/holonomy-local-decoders-2026-09-17/check_local_decoders.json (want a working-tree path or a <rev>:<path> pin)
ERROR: research/hs-analogue-of-normal-kazhdan-criterion-is-false-proof.md: artifact not found: non_mf_groups_exist.tex (want a working-tree path or a <rev>:<path> pin)
ERROR: research/hs-analogue-of-normal-kazhdan-criterion-is-false.md: artifact not found: non_mf_groups_exist.tex (want a working-tree path or a <rev>:<path> pin)
ERROR: research/hs-block-decomposition-to-steinberg-stable.md: artifact not found: c1168433:official/counterexample.tex (want a working-tree path or a <rev>:<path> pin)
ERROR: research/hs-block-decomposition-to-steinberg-stable.md: artifact not found: notes/NOTEPAD.md (want a working-tree path or a <rev>:<path> pin)
ERROR: research/hs-bounded-kazhdan-transport-without-ultraproduct.md: artifact not found: non_mf_groups_exist.tex (want a working-tree path or a <rev>:<path> pin)
ERROR: research/hs-expander-block-decomposition.md: artifact not found: notes/TRUE_DIAGONAL_NORMALIZER_RIGIDITY.md (want a working-tree path or a <rev>:<path> pin)
ERROR: research/hs-expander-block-decomposition.md: artifact not found: notes/TRUE_SPECTRAL_COAREA_INVARIANT_CUT.md (want a working-tree path or a <rev>:<path> pin)
ERROR: research/hs-expander-block-decomposition.md: artifact not found: c1168433:official/counterexample.tex (want a working-tree path or a <rev>:<path> pin)
ERROR: research/hs-invisibility-inflation-no-go-proof.md: artifact not found: non_mf_groups_exist.tex (want a working-tree path or a <rev>:<path> pin)
ERROR: research/hs-invisibility-inflation-no-go.md: artifact not found: non_mf_groups_exist.tex (want a working-tree path or a <rev>:<path> pin)
ERROR: research/hs-per-atom-compressor-clause-is-vacuous-proof.md: artifact not found: c1168433:official/counterexample.tex (want a working-tree path or a <rev>:<path> pin)
ERROR: research/huge-elementary-abelian-two-group-is-not-sequential-operator-mf.md: artifact not found: GroupApproximation/Sofic/OperatorMF.lean (want a working-tree path or a <rev>:<path> pin)
ERROR: research/hull-quotients-are-not-word-hyperbolic-proof.md: artifact not found: notes/HULL_ROUTING_AUDIT_2026-08-16.md (want a working-tree path or a <rev>:<path> pin)
ERROR: research/hull-quotients-are-not-word-hyperbolic.md: artifact not found: notes/HULL_ROUTING_AUDIT_2026-08-16.md (want a working-tree path or a <rev>:<path> pin)
ERROR: research/hyde-lodha-periodic-simple-groups-are-not-amenable-proof.md: artifact not found: GroupApproximation/GroupTheory/HydeLodha/GammaTwoCoreMoves.lean (want a working-tree path or a <rev>:<path> pin)
ERROR: research/hyde-lodha-periodic-simple-groups-are-not-amenable-proof.md: artifact not found: GroupApproximation/GroupTheory/HydeLodha/GammaTwoLambda.lean (want a working-tree path or a <rev>:<path> pin)
ERROR: research/hyde-lodha-periodic-simple-groups-are-not-amenable-proof.md: artifact not found: GroupApproximation/GroupTheory/HydeLodha/GammaTwoPeriodic.lean (want a working-tree path or a <rev>:<path> pin)
ERROR: research/hyperbolic-f3-by-z-family-with-genus-two-surfaces-proof.md: artifact not found: experiments/legal-f-folded-fatgraphs-2026-09-17/family_certificates.py (want a working-tree path or a <rev>:<path> pin)
ERROR: research/hyperbolic-f3-by-z-family-with-genus-two-surfaces-proof.md: artifact not found: experiments/legal-f-folded-fatgraphs-2026-09-17/family_phi1_len7.log (want a working-tree path or a <rev>:<path> pin)
ERROR: research/hyperbolic-f3-by-z-family-with-genus-two-surfaces-proof.md: artifact not found: experiments/legal-f-folded-fatgraphs-2026-09-17/verify_surface.py (want a working-tree path or a <rev>:<path> pin)
ERROR: research/hyperbolic-f3-by-z-family-with-genus-two-surfaces-proof.md: artifact not found: experiments/legal-f-folded-fatgraphs-2026-09-17/surface_phi1028.json (want a working-tree path or a <rev>:<path> pin)
ERROR: research/hyperbolic-f3-by-z-family-with-genus-two-surfaces.md: artifact not found: experiments/legal-f-folded-fatgraphs-2026-09-17/family_certificates.py (want a working-tree path or a <rev>:<path> pin)
ERROR: research/hyperbolic-f3-by-z-family-with-genus-two-surfaces.md: artifact not found: experiments/legal-f-folded-fatgraphs-2026-09-17/family_phi1_len7.log (want a working-tree path or a <rev>:<path> pin)
ERROR: research/hyperbolic-f3-by-z-family-with-genus-two-surfaces.md: artifact not found: experiments/legal-f-folded-fatgraphs-2026-09-17/verify_surface.py (want a working-tree path or a <rev>:<path> pin)
ERROR: research/hyperbolic-f3-by-z-family-with-genus-two-surfaces.md: artifact not found: experiments/legal-f-folded-fatgraphs-2026-09-17/surface_phi1028.json (want a working-tree path or a <rev>:<path> pin)
ERROR: research/hyperbolic-f3-by-z-with-genus-two-surface-certificates-proof.md: artifact not found: experiments/legal-f-folded-fatgraphs-2026-09-17/verify_surface.py (want a working-tree path or a <rev>:<path> pin)
ERROR: research/hyperbolic-f3-by-z-with-genus-two-surface-certificates-proof.md: artifact not found: experiments/legal-f-folded-fatgraphs-2026-09-17/surface_phi1028.json (want a working-tree path or a <rev>:<path> pin)
ERROR: research/hyperbolic-f3-by-z-with-genus-two-surface-certificates-proof.md: artifact not found: experiments/legal-f-folded-fatgraphs-2026-09-17/surface_phi192.json (want a working-tree path or a <rev>:<path> pin)
ERROR: research/hyperbolic-f3-by-z-with-genus-two-surface-certificates-proof.md: artifact not found: experiments/legal-f-folded-fatgraphs-2026-09-17/verify_surfaces_m1.log (want a working-tree path or a <rev>:<path> pin)
ERROR: research/hyperbolic-f3-by-z-with-genus-two-surface-certificates-proof.md: artifact not found: experiments/legal-f-folded-fatgraphs-2026-09-17/unroll_phi1028_n5.log (want a working-tree path or a <rev>:<path> pin)
ERROR: research/hyperbolic-f3-by-z-with-genus-two-surface-certificates.md: artifact not found: experiments/legal-f-folded-fatgraphs-2026-09-17/verify_surface.py (want a working-tree path or a <rev>:<path> pin)
ERROR: research/hyperbolic-f3-by-z-with-genus-two-surface-certificates.md: artifact not found: experiments/legal-f-folded-fatgraphs-2026-09-17/surface_phi1028.json (want a working-tree path or a <rev>:<path> pin)
ERROR: research/hyperbolic-f3-by-z-with-genus-two-surface-certificates.md: artifact not found: experiments/legal-f-folded-fatgraphs-2026-09-17/surface_phi192.json (want a working-tree path or a <rev>:<path> pin)
ERROR: research/hyperbolic-f3-by-z-with-genus-two-surface-certificates.md: artifact not found: experiments/legal-f-folded-fatgraphs-2026-09-17/verify_surfaces_m1.log (want a working-tree path or a <rev>:<path> pin)
ERROR: research/hyperbolic-f3-by-z-with-genus-two-surface-certificates.md: artifact not found: experiments/legal-f-folded-fatgraphs-2026-09-17/surfaces_m1.log (want a working-tree path or a <rev>:<path> pin)
ERROR: research/hyperbolic-f3-by-z-with-genus-two-surface-certificates.md: artifact not found: experiments/legal-f-folded-fatgraphs-2026-09-17/surface_batch.py (want a working-tree path or a <rev>:<path> pin)
ERROR: research/hyperbolic-f3-by-z-with-genus-two-surface-certificates.md: artifact not found: experiments/legal-f-folded-fatgraphs-2026-09-17/find_surface.py (want a working-tree path or a <rev>:<path> pin)
ERROR: research/hyperbolic-f3-by-z-with-genus-two-surface-certificates.md: artifact not found: experiments/legal-f-folded-fatgraphs-2026-09-17/unroll_phi1028_n5.log (want a working-tree path or a <rev>:<path> pin)
ERROR: research/hyperbolic-fn-by-z-genus-two-surfaces-every-fibre-rank-proof.md: artifact not found: experiments/legal-f-folded-fatgraphs-2026-09-17/pisot_chain_family.py (want a working-tree path or a <rev>:<path> pin)
ERROR: research/hyperbolic-fn-by-z-genus-two-surfaces-every-fibre-rank-proof.md: artifact not found: experiments/legal-f-folded-fatgraphs-2026-09-17/pisot_chain_family_k40.log (want a working-tree path or a <rev>:<path> pin)
ERROR: research/hyperbolic-fn-by-z-genus-two-surfaces-every-fibre-rank-proof.md: artifact not found: experiments/legal-f-folded-fatgraphs-2026-09-17/verify_surface_rankn.py (want a working-tree path or a <rev>:<path> pin)
ERROR: research/hyperbolic-fn-by-z-genus-two-surfaces-every-fibre-rank-proof.md: artifact not found: experiments/legal-f-folded-fatgraphs-2026-09-17/verify_surface.py (want a working-tree path or a <rev>:<path> pin)
ERROR: research/hyperbolic-fn-by-z-genus-two-surfaces-every-fibre-rank-proof.md: artifact not found: experiments/legal-f-folded-fatgraphs-2026-09-17/surface_phi1028.json (want a working-tree path or a <rev>:<path> pin)
ERROR: research/hyperbolic-fn-by-z-genus-two-surfaces-every-fibre-rank.md: artifact not found: experiments/legal-f-folded-fatgraphs-2026-09-17/pisot_chain_family.py (want a working-tree path or a <rev>:<path> pin)
ERROR: research/hyperbolic-fn-by-z-genus-two-surfaces-every-fibre-rank.md: artifact not found: experiments/legal-f-folded-fatgraphs-2026-09-17/pisot_chain_family_k40.log (want a working-tree path or a <rev>:<path> pin)
ERROR: research/hyperbolic-fn-by-z-genus-two-surfaces-every-fibre-rank.md: artifact not found: experiments/legal-f-folded-fatgraphs-2026-09-17/verify_surface_rankn.py (want a working-tree path or a <rev>:<path> pin)
ERROR: research/hyperbolic-fn-by-z-genus-two-surfaces-every-fibre-rank.md: artifact not found: experiments/legal-f-folded-fatgraphs-2026-09-17/verify_surface.py (want a working-tree path or a <rev>:<path> pin)
ERROR: research/hyperbolic-fn-by-z-genus-two-surfaces-every-fibre-rank.md: artifact not found: experiments/legal-f-folded-fatgraphs-2026-09-17/surface_phi1028.json (want a working-tree path or a <rev>:<path> pin)
ERROR: research/hyperlinear-elementwise-visibility-proof.md: artifact not found: GroupApproximation/Sofic/Hyperlinear.lean (want a working-tree path or a <rev>:<path> pin)
ERROR: research/hyperlinear-elementwise-visibility-proof.md: artifact not found: GroupApproximation/Sofic/NormTraceGap.lean (want a working-tree path or a <rev>:<path> pin)
ERROR: research/hyperlinear-elementwise-visibility.md: artifact not found: GroupApproximation/Sofic/Hyperlinear.lean (want a working-tree path or a <rev>:<path> pin)
ERROR: research/hyperlinear-elementwise-visibility.md: artifact not found: GroupApproximation/Sofic/NormTraceGap.lean (want a working-tree path or a <rev>:<path> pin)
ERROR: research/hyperlinear-groups-have-factorization-property.md: artifact not found: GroupApproximation/Manuscript/NinetyNineProblems/FactorizationProperty.lean (want a working-tree path or a <rev>:<path> pin)
ERROR: research/hyperlinear-killed-normal-kazhdan-mf-transfer-proof.md: artifact not found: GroupApproximation/Sofic/NormalKazhdanHyperlinearKilled.lean (want a working-tree path or a <rev>:<path> pin)
ERROR: research/hyperlinear-killed-normal-kazhdan-mf-transfer-proof.md: artifact not found: GroupApproximation/Sofic/InternalRadicalGap.lean (want a working-tree path or a <rev>:<path> pin)
ERROR: research/hyperlinear-killed-normal-kazhdan-mf-transfer.md: artifact not found: GroupApproximation/Sofic/NormalKazhdanHyperlinearKilled.lean (want a working-tree path or a <rev>:<path> pin)
ERROR: research/hyperlinear-killed-normal-kazhdan-mf-transfer.md: artifact not found: GroupApproximation/Sofic/InternalRadicalGap.lean (want a working-tree path or a <rev>:<path> pin)
ERROR: research/hyperlinear-non-mf-from-sofic-witness.md: artifact not found: non_mf_groups_exist.tex (want a working-tree path or a <rev>:<path> pin)
ERROR: research/hyperlinear-non-mf-from-sofic-witness.md: artifact not found: GroupApproximation/Endpoint/NonMFImpact.lean (want a working-tree path or a <rev>:<path> pin)
ERROR: research/hyperlinear-non-mf-from-sofic-witness.md: artifact not found: GroupApproximation/Sofic/Hyperlinear.lean (want a working-tree path or a <rev>:<path> pin)
ERROR: research/hyperlinear-not-imply-mf.md: artifact not found: non_mf_groups_exist.tex (want a working-tree path or a <rev>:<path> pin)
ERROR: research/hyperlinear-not-imply-mf.md: artifact not found: GroupApproximation/Endpoint/NonMFImpact.lean (want a working-tree path or a <rev>:<path> pin)
ERROR: research/hyperlinear-not-imply-mf.md: artifact not found: GroupApproximation/Endpoint/Audit.lean (want a working-tree path or a <rev>:<path> pin)
ERROR: research/hyperlinear-not-imply-mf.md: artifact not found: GroupApproximation/Endpoint/Public.lean (want a working-tree path or a <rev>:<path> pin)
ERROR: research/hyperlinear-not-imply-mf.md: artifact not found: notes/NON_MF_IMPACT_FORMAL_STATUS.md (want a working-tree path or a <rev>:<path> pin)
ERROR: research/hyperlinear-not-imply-mf.md: artifact not found: notes/NON_MF_FINAL_REVIEW_AND_RESOLUTION_2026-08-14.md (want a working-tree path or a <rev>:<path> pin)
ERROR: research/hyperlinear-quotient-permanence-equivalence-proof.md: artifact not found: GroupApproximation/Sofic/HyperlinearReduction.lean (want a working-tree path or a <rev>:<path> pin)
ERROR: research/hyperlinear-quotient-permanence-equivalence.md: artifact not found: GroupApproximation/Sofic/HyperlinearReduction.lean (want a working-tree path or a <rev>:<path> pin)
ERROR: research/hyperlinear-quotient-permanence-equivalence.md: artifact not found: notes/FALSE_PROJECTIVE_UNITARY_GROUP_SHORTCUT.md (want a working-tree path or a <rev>:<path> pin)
ERROR: research/hyperlinear-recognition-undecidable.md: artifact not found: GroupApproximation/Computability/HyperlinearUndecidabilityRoute.lean (want a working-tree path or a <rev>:<path> pin)
ERROR: research/hyperlinear-recognition-undecidable.md: artifact not found: GroupApproximation/Computability/HyperlinearEnumeratedHardness.lean (want a working-tree path or a <rev>:<path> pin)
ERROR: research/hyperlinear-to-mf-saturation-compiler-proof.md: artifact not found: GroupApproximation/Sofic/NormalKazhdanHyperlinearKilled.lean (want a working-tree path or a <rev>:<path> pin)
ERROR: research/hyperlinear-to-mf-saturation-compiler-proof.md: artifact not found: GroupApproximation/Sofic/TorsionFreeFullMFRadical.lean (want a working-tree path or a <rev>:<path> pin)
ERROR: research/hyperlinear-to-mf-saturation-compiler.md: artifact not found: GroupApproximation/Sofic/NormalKazhdanHyperlinearKilled.lean (want a working-tree path or a <rev>:<path> pin)
ERROR: research/hyperlinear-to-mf-saturation-compiler.md: artifact not found: GroupApproximation/Sofic/OpToHSShadowResidual.lean (want a working-tree path or a <rev>:<path> pin)
ERROR: research/hyperlinear-to-mf-saturation-compiler.md: artifact not found: GroupApproximation/Sofic/TorsionFreeFullMFRadical.lean (want a working-tree path or a <rev>:<path> pin)
ERROR: research/hyperlinear-trace-not-mf-trace-proof.md: artifact not found: non_mf_groups_exist.tex (want a working-tree path or a <rev>:<path> pin)
ERROR: research/hyperlinear-trace-not-mf-trace-proof.md: artifact not found: GroupApproximation/Endpoint/NonMFImpact.lean (want a working-tree path or a <rev>:<path> pin)
ERROR: research/hyperlinear-trace-not-mf-trace-proof.md: artifact not found: GroupApproximation/Sofic/LiteralTraceConsequence.lean (want a working-tree path or a <rev>:<path> pin)
ERROR: research/hyperlinear-trace-not-mf-trace.md: artifact not found: non_mf_groups_exist.tex (want a working-tree path or a <rev>:<path> pin)
ERROR: research/hyperlinear-trace-not-mf-trace.md: artifact not found: GroupApproximation/Endpoint/NonMFImpact.lean (want a working-tree path or a <rev>:<path> pin)
ERROR: research/hyperlinear-trace-not-mf-trace.md: artifact not found: GroupApproximation/Sofic/MFTraceRecognition.lean (want a working-tree path or a <rev>:<path> pin)
ERROR: research/identical-flag-marginals-can-disagree-on-exactifiability.md: artifact not found: scripts/check_qpcp_syndrome_support.py (want a working-tree path or a <rev>:<path> pin)
ERROR: research/index-set-profinitely-closed-is-pi3-complete.md: artifact not found: GroupApproximation/Computability/ProfinitelyClosedIndexSet.lean (want a working-tree path or a <rev>:<path> pin)
ERROR: research/induced-charge-extension.md: artifact not found: notes/TRUE_CHARGE_EXTENSION_NEEDS_COAMENABILITY.md (want a working-tree path or a <rev>:<path> pin)
ERROR: research/infinite-cyclic-compression-lamp-mf-proof.md: artifact not found: GroupApproximation/Sofic/IntegerLampSurvival.lean (want a working-tree path or a <rev>:<path> pin)
ERROR: research/infranormal-compact-closure-normal-proof.md: artifact not found: notes/FALSE_COMPACT_BOGOLIUBOV_APPROXIMATION_FOR_KUN_THOM.md (want a working-tree path or a <rev>:<path> pin)
ERROR: research/infranormal-compact-closure-normal.md: artifact not found: notes/FALSE_COMPACT_BOGOLIUBOV_APPROXIMATION_FOR_KUN_THOM.md (want a working-tree path or a <rev>:<path> pin)
ERROR: research/injective-ca-with-memories-three-and-six-are-surjective-proof.md: artifact not found: experiments/gottschalk-three-by-six-census-2026-09-17/RESULTS.md (want a working-tree path or a <rev>:<path> pin)
ERROR: research/injective-ca-with-memories-three-and-six-are-surjective-proof.md: artifact not found: experiments/gottschalk-three-by-six-census-2026-09-17/pass1.sh (want a working-tree path or a <rev>:<path> pin)
ERROR: research/injective-ca-with-memories-three-and-six-are-surjective-proof.md: artifact not found: experiments/gottschalk-three-by-six-census-2026-09-17/soficcert.py (want a working-tree path or a <rev>:<path> pin)
ERROR: research/injective-ca-with-memories-three-and-six-are-surjective-proof.md: artifact not found: experiments/gottschalk-three-by-six-census-2026-09-17/verify_sofic.py (want a working-tree path or a <rev>:<path> pin)
ERROR: research/injective-ca-with-memories-three-and-six-are-surjective-proof.md: artifact not found: experiments/gottschalk-three-by-six-census-2026-09-17/finitewitness.py (want a working-tree path or a <rev>:<path> pin)
ERROR: research/injective-ca-with-memories-three-and-six-are-surjective-proof.md: artifact not found: experiments/gottschalk-three-by-six-census-2026-09-17/witness65499.py (want a working-tree path or a <rev>:<path> pin)
ERROR: research/injective-ca-with-memories-three-and-six-are-surjective-proof.md: artifact not found: experiments/gottschalk-three-by-six-census-2026-09-17/census_3x6.jsonl.gz (want a working-tree path or a <rev>:<path> pin)
ERROR: research/injective-ca-with-memories-three-and-six-are-surjective-proof.md: artifact not found: experiments/gottschalk-baumslag-solitar-gap-tables-2026-09-17/enumtables6.c (want a working-tree path or a <rev>:<path> pin)
ERROR: research/injective-ca-with-memories-three-and-six-are-surjective-proof.md: artifact not found: experiments/gottschalk-residual-gap-census-2026-09-17/gapcensus.py (want a working-tree path or a <rev>:<path> pin)
ERROR: research/injective-ca-with-memories-three-and-six-are-surjective-proof.md: artifact not found: experiments/gottschalk-residual-gap-census-2026-09-17/pass2.py (want a working-tree path or a <rev>:<path> pin)
ERROR: research/injective-ca-with-memories-three-and-six-are-surjective-proof.md: artifact not found: experiments/gottschalk-residual-gap-census-2026-09-17/pass3.py (want a working-tree path or a <rev>:<path> pin)
ERROR: research/injective-ca-with-memories-three-and-six-are-surjective-proof.md: artifact not found: experiments/gottschalk-residual-gap-census-2026-09-17/merge.py (want a working-tree path or a <rev>:<path> pin)
ERROR: research/injective-ca-with-memories-three-and-six-are-surjective-proof.md: artifact not found: experiments/gottschalk-residual-gap-census-2026-09-17/verify.py (want a working-tree path or a <rev>:<path> pin)
ERROR: research/injective-ca-with-memories-three-and-six-are-surjective.md: artifact not found: experiments/gottschalk-three-by-six-census-2026-09-17/RESULTS.md (want a working-tree path or a <rev>:<path> pin)
ERROR: research/injective-ca-with-memories-three-and-six-are-surjective.md: artifact not found: experiments/gottschalk-three-by-six-census-2026-09-17/pass1.sh (want a working-tree path or a <rev>:<path> pin)
ERROR: research/injective-ca-with-memories-three-and-six-are-surjective.md: artifact not found: experiments/gottschalk-three-by-six-census-2026-09-17/soficcert.py (want a working-tree path or a <rev>:<path> pin)
ERROR: research/injective-ca-with-memories-three-and-six-are-surjective.md: artifact not found: experiments/gottschalk-three-by-six-census-2026-09-17/verify_sofic.py (want a working-tree path or a <rev>:<path> pin)
ERROR: research/injective-ca-with-memories-three-and-six-are-surjective.md: artifact not found: experiments/gottschalk-three-by-six-census-2026-09-17/finitewitness.py (want a working-tree path or a <rev>:<path> pin)
ERROR: research/injective-ca-with-memories-three-and-six-are-surjective.md: artifact not found: experiments/gottschalk-three-by-six-census-2026-09-17/witness65499.py (want a working-tree path or a <rev>:<path> pin)
ERROR: research/injective-ca-with-memories-three-and-six-are-surjective.md: artifact not found: experiments/gottschalk-three-by-six-census-2026-09-17/census_3x6.jsonl.gz (want a working-tree path or a <rev>:<path> pin)
ERROR: research/inseparable-heisenberg-shift-group-poisons-its-center-proof.md: artifact not found: experiments/ck-poisoned-envelope-2026-09-17/heisenberg_model_check.py (want a working-tree path or a <rev>:<path> pin)
ERROR: research/integral-jacobson-defect-has-no-normal-kazhdan-subgroup.md: artifact not found: non_mf_groups_exist.tex (want a working-tree path or a <rev>:<path> pin)
ERROR: research/integral-jacobson-mf-radical-is-all-or-nothing-proof.md: artifact not found: non_mf_groups_exist.tex (want a working-tree path or a <rev>:<path> pin)
ERROR: research/integral-jacobson-mf-radical-is-all-or-nothing.md: artifact not found: non_mf_groups_exist.tex (want a working-tree path or a <rev>:<path> pin)
ERROR: research/integral-jacobson-symbol-kernel-is-finitary-general-linear-proof.md: artifact not found: non_mf_groups_exist.tex (want a working-tree path or a <rev>:<path> pin)
ERROR: research/integral-jacobson-symbol-kernel-is-finitary-general-linear.md: artifact not found: non_mf_groups_exist.tex (want a working-tree path or a <rev>:<path> pin)
ERROR: research/intermediate-native-arm-orbit-cuts-retain-the-return-gauge.md: artifact not found: experiments/intermediate_orbit_spectral_cut_fence.py (want a working-tree path or a <rev>:<path> pin)
ERROR: research/intrinsic-compression-defect-functoriality-and-saturation.md: artifact not found: non_mf_groups_exist.tex (want a working-tree path or a <rev>:<path> pin)
ERROR: research/intrinsic-compression-defect-functoriality-and-saturation.md: artifact not found: GroupApproximation/Sofic/NormalKazhdanMFRadical.lean (want a working-tree path or a <rev>:<path> pin)
ERROR: research/intrinsic-compression-defect-functoriality-and-saturation.md: artifact not found: GroupApproximation/Sofic/TorsionFreeFullMFRadical.lean (want a working-tree path or a <rev>:<path> pin)
ERROR: research/intrinsic-full-mf-radical-core-proof.md: artifact not found: GroupApproximation/Sofic/FullMFRadicalCore.lean (want a working-tree path or a <rev>:<path> pin)
ERROR: research/intrinsic-full-mf-radical-core-proof.md: artifact not found: GroupApproximation/Sofic/FullMFRadicalExactness.lean (want a working-tree path or a <rev>:<path> pin)
ERROR: research/intrinsic-full-mf-radical-core-proof.md: artifact not found: GroupApproximation/Sofic/FullMFRadicalReflection.lean (want a working-tree path or a <rev>:<path> pin)
ERROR: research/intrinsic-full-mf-radical-core-proof.md: artifact not found: GroupApproximation/Sofic/FullMFRadicalProducts.lean (want a working-tree path or a <rev>:<path> pin)
ERROR: research/intrinsic-full-mf-radical-core-proof.md: artifact not found: GroupApproximation/Sofic/FullMFRadicalExtensions.lean (want a working-tree path or a <rev>:<path> pin)
ERROR: research/intrinsic-full-mf-radical-core-proof.md: artifact not found: GroupApproximation/Sofic/FullMFRadicalLocalization.lean (want a working-tree path or a <rev>:<path> pin)
ERROR: research/intrinsic-full-mf-radical-core-proof.md: artifact not found: GroupApproximation/Sofic/FullMFRadicalPullback.lean (want a working-tree path or a <rev>:<path> pin)
ERROR: research/intrinsic-full-mf-radical-core-proof.md: artifact not found: GroupApproximation/Sofic/FullMFRadicalClosurePullback.lean (want a working-tree path or a <rev>:<path> pin)
ERROR: research/intrinsic-full-mf-radical-core-proof.md: artifact not found: GroupApproximation/Sofic/FullMFRadicalQuotientLattice.lean (want a working-tree path or a <rev>:<path> pin)
ERROR: research/intrinsic-full-mf-radical-core-proof.md: artifact not found: GroupApproximation/Sofic/FullMFRadicalVisibleLocalization.lean (want a working-tree path or a <rev>:<path> pin)
ERROR: research/intrinsic-full-mf-radical-core.md: artifact not found: GroupApproximation/Sofic/FullMFRadicalCore.lean (want a working-tree path or a <rev>:<path> pin)
ERROR: research/intrinsic-full-mf-radical-core.md: artifact not found: GroupApproximation/Sofic/FullMFRadicalExactness.lean (want a working-tree path or a <rev>:<path> pin)
ERROR: research/intrinsic-full-mf-radical-core.md: artifact not found: GroupApproximation/Sofic/FullMFRadicalReflection.lean (want a working-tree path or a <rev>:<path> pin)
ERROR: research/intrinsic-full-mf-radical-core.md: artifact not found: GroupApproximation/Sofic/FullMFRadicalProducts.lean (want a working-tree path or a <rev>:<path> pin)
ERROR: research/intrinsic-full-mf-radical-core.md: artifact not found: GroupApproximation/Sofic/FullMFRadicalExtensions.lean (want a working-tree path or a <rev>:<path> pin)
ERROR: research/intrinsic-full-mf-radical-core.md: artifact not found: GroupApproximation/Sofic/FullMFRadicalLocalization.lean (want a working-tree path or a <rev>:<path> pin)
ERROR: research/intrinsic-full-mf-radical-core.md: artifact not found: GroupApproximation/Sofic/FullMFRadicalPullback.lean (want a working-tree path or a <rev>:<path> pin)
ERROR: research/intrinsic-full-mf-radical-core.md: artifact not found: GroupApproximation/Sofic/FullMFRadicalClosurePullback.lean (want a working-tree path or a <rev>:<path> pin)
ERROR: research/intrinsic-full-mf-radical-core.md: artifact not found: GroupApproximation/Sofic/FullMFRadicalQuotientLattice.lean (want a working-tree path or a <rev>:<path> pin)
ERROR: research/intrinsic-full-mf-radical-core.md: artifact not found: GroupApproximation/Sofic/FullMFRadicalVisibleLocalization.lean (want a working-tree path or a <rev>:<path> pin)
ERROR: research/intrinsic-full-mf-radical-core.md: artifact not found: GroupApproximation/Endpoint/ApproximationRadicals.lean (want a working-tree path or a <rev>:<path> pin)
ERROR: research/invariant-cartan-completion.md: artifact not found: notes/TRUE_DIAGONAL_NORMALIZER_RIGIDITY.md (want a working-tree path or a <rev>:<path> pin)
ERROR: research/invariant-graph-ce-route.md: artifact not found: notes/TRUE_KUN_THOM_CLIFFORD_PHASE.md (want a working-tree path or a <rev>:<path> pin)
ERROR: research/invariant-graph-clifford-phase-proof.md: artifact not found: notes/TRUE_KUN_THOM_CLIFFORD_PHASE.md (want a working-tree path or a <rev>:<path> pin)
ERROR: research/invariant-graph-clifford-phase-proof.md: artifact not found: GroupApproximation/Sofic/CliffordLampGroup.lean (want a working-tree path or a <rev>:<path> pin)
ERROR: research/invariant-graph-clifford-phase.md: artifact not found: notes/TRUE_KUN_THOM_CLIFFORD_PHASE.md (want a working-tree path or a <rev>:<path> pin)
ERROR: research/invariant-graph-clifford-phase.md: artifact not found: notes/FALSE_FERMIONIC_KUN_THOM_ENDPOINT.md (want a working-tree path or a <rev>:<path> pin)
ERROR: research/invariant-graph-crossed-product-ce.md: artifact not found: notes/TRUE_KUN_THOM_CLIFFORD_PHASE.md (want a working-tree path or a <rev>:<path> pin)
ERROR: research/invariant-graph-crossed-product-ce.md: artifact not found: notes/NOTEPAD.md (want a working-tree path or a <rev>:<path> pin)
ERROR: research/invariant-size-collapse-proof.md: artifact not found: GroupApproximation/Criterion/FiniteQuotientBlindness.lean (want a working-tree path or a <rev>:<path> pin)
ERROR: research/invariant-size-collapse-proof.md: artifact not found: notes/OBSTRUCTIONS.md (want a working-tree path or a <rev>:<path> pin)
ERROR: research/invertible-direction-schur-rank-compiler.md: artifact not found: experiments/invertible_direction_schur_compiler.py (want a working-tree path or a <rev>:<path> pin)
ERROR: research/invertible-direction-schur-rank-compiler.md: artifact not found: experiments/invertible-direction-schur.json (want a working-tree path or a <rev>:<path> pin)
ERROR: research/invisible-radical-is-intrinsically-visible.md: artifact not found: GroupApproximation/Algebra/PermutationalWreathRadicalTame.lean (want a working-tree path or a <rev>:<path> pin)
ERROR: research/invisible-radical-is-intrinsically-visible.md: artifact not found: GroupApproximation/Algebra/PermutationalWreath.lean (want a working-tree path or a <rev>:<path> pin)
ERROR: research/involutive-collapse-formalized-proof.md: artifact not found: GroupApproximation/Sofic/InvolutionCollapseEndpoint.lean (want a working-tree path or a <rev>:<path> pin)
ERROR: research/involutive-collapse-formalized-proof.md: artifact not found: notes/COMPRESSION_COLLAPSE_MF_RADICAL.md (want a working-tree path or a <rev>:<path> pin)
ERROR: research/involutive-compression-collapse.md: artifact not found: GroupApproximation/Sofic/InvolutionCollapseEndpoint.lean (want a working-tree path or a <rev>:<path> pin)
ERROR: research/iterated-kazhdan-compression-layers.md: artifact not found: GroupApproximation/Sofic/KazhdanCompressionLayers.lean (want a working-tree path or a <rev>:<path> pin)
ERROR: research/iterated-kazhdan-compression-layers.md: artifact not found: GroupApproximation/Endpoint/ApproximationRadicals.lean (want a working-tree path or a <rev>:<path> pin)
ERROR: research/iwahori-cycle-packets-are-crt-tensor-closed.md: artifact not found: experiments/bs14_cycle_packet_probe.py (want a working-tree path or a <rev>:<path> pin)
ERROR: research/iwahori-cycle-packets-are-crt-tensor-closed.md: artifact not found: experiments/bs14-cycle-packet-probe-smoke.json (want a working-tree path or a <rev>:<path> pin)
ERROR: research/iwahori-defect-question-from-outlier-repair.md: artifact not found: notes/HIGHEST_YIELD_NONHYPERLINEAR_ATTACK.md (want a working-tree path or a <rev>:<path> pin)
ERROR: research/iwahori-defect-question-from-outlier-repair.md: artifact not found: notes/TRUE_IWAHORI_CENTRAL_REGULAR_OUTLIER_LOCALIZATION.md (want a working-tree path or a <rev>:<path> pin)
ERROR: research/iwahori-eisenstein-angle.md: artifact not found: experiments/iwahori-eisenstein-angle.json (want a working-tree path or a <rev>:<path> pin)
ERROR: research/iwahori-eisenstein-angle.md: artifact not found: experiments/iwahori_eisenstein_angle.py (want a working-tree path or a <rev>:<path> pin)
ERROR: research/iwahori-fractional-transport-integralization.md: artifact not found: notes/TRUE_IWAHORI_CENTRAL_REGULAR_OUTLIER_LOCALIZATION.md (want a working-tree path or a <rev>:<path> pin)
ERROR: research/iwahori-fractional-transport-integralization.md: artifact not found: notes/TRUE_IWAHORI_INDEX_THREE_HAS_BOUNDED_BRANCHING.md (want a working-tree path or a <rev>:<path> pin)
ERROR: research/iwahori-local-global-defect-question.md: artifact not found: notes/HIGHEST_YIELD_NONHYPERLINEAR_ATTACK.md (want a working-tree path or a <rev>:<path> pin)
ERROR: research/iwahori-mod-p-quotient-is-psl2.md: artifact not found: experiments/psl2_short_quotient_check.py (want a working-tree path or a <rev>:<path> pin)
ERROR: research/iwahori-mod-p-quotient-is-psl2.md: artifact not found: experiments/psl2-short-quotient-smoke.json (want a working-tree path or a <rev>:<path> pin)
ERROR: research/iwahori-nielsen-extension-transversality.md: artifact not found: notes/FALSE_ROBUST_T_IWAHORI_EDGE_REPAIR.md (want a working-tree path or a <rev>:<path> pin)
ERROR: research/iwahori-nielsen-extension-transversality.md: artifact not found: notes/TRUE_IWAHORI_FACTOR_GATE_IS_COSYSTOLIC_ANGLE.md (want a working-tree path or a <rev>:<path> pin)
ERROR: research/iwahori-nielsen-extension-transversality.md: artifact not found: notes/TRUE_IWAHORI_INDEX_THREE_HAS_BOUNDED_BRANCHING.md (want a working-tree path or a <rev>:<path> pin)
ERROR: research/iwahori-outlier-localization.md: artifact not found: notes/TRUE_IWAHORI_CENTRAL_REGULAR_OUTLIER_LOCALIZATION.md (want a working-tree path or a <rev>:<path> pin)
ERROR: research/iwahori-outlier-repair-via-nielsen-transport.md: artifact not found: notes/TRUE_IWAHORI_CENTRAL_REGULAR_OUTLIER_LOCALIZATION.md (want a working-tree path or a <rev>:<path> pin)
ERROR: research/iwahori-outlier-repair-via-nielsen-transport.md: artifact not found: notes/TRUE_IWAHORI_INDEX_THREE_HAS_BOUNDED_BRANCHING.md (want a working-tree path or a <rev>:<path> pin)
ERROR: research/iwahori-outlier-repair.md: artifact not found: experiments/psl2_far_sector_probe.py (want a working-tree path or a <rev>:<path> pin)
ERROR: research/iwahori-outlier-repair.md: artifact not found: experiments/psl2-far-sector-probe-smoke.json (want a working-tree path or a <rev>:<path> pin)
ERROR: research/iwahori-outlier-repair.md: artifact not found: notes/TRUE_IWAHORI_CENTRAL_REGULAR_OUTLIER_LOCALIZATION.md (want a working-tree path or a <rev>:<path> pin)
ERROR: research/iwahori-outlier-repair.md: artifact not found: notes/TRUE_IWAHORI_INDEX_THREE_HAS_BOUNDED_BRANCHING.md (want a working-tree path or a <rev>:<path> pin)
ERROR: research/iwahori-outlier-repair.md: artifact not found: notes/FALSE_ROBUST_T_IWAHORI_EDGE_REPAIR.md (want a working-tree path or a <rev>:<path> pin)
ERROR: research/iwahori-question-as-square-root-of-parabolic.md: artifact not found: experiments/psl2_presentation_check.py (want a working-tree path or a <rev>:<path> pin)
ERROR: research/iwahori-sector-closure.md: artifact not found: notes/HIGHEST_YIELD_NONHYPERLINEAR_ATTACK.md (want a working-tree path or a <rev>:<path> pin)
ERROR: research/iwahori-uniform-infinitesimal-rigidity.md: artifact not found: experiments/iwahori_linearized_gap.py (want a working-tree path or a <rev>:<path> pin)
ERROR: research/iwahori-weil-cycle-packets-extend-exactly.md: artifact not found: experiments/bs14_cycle_packet_probe.py (want a working-tree path or a <rev>:<path> pin)
ERROR: research/iwahori-weil-cycle-packets-extend-exactly.md: artifact not found: experiments/bs14-cycle-packet-probe-smoke.json (want a working-tree path or a <rev>:<path> pin)
ERROR: research/jacobson-half-line-group-contains-finitary-sl-proof.md: artifact not found: experiments/gottschalk-transvections/sl_fin_ladder_check.py (want a working-tree path or a <rev>:<path> pin)
ERROR: research/jacobson-head-collapses-by-rank-weighted-transport.md: artifact not found: non_mf_groups_exist.tex (want a working-tree path or a <rev>:<path> pin)
ERROR: research/jacobson-joint-cells-are-two-braids.md: artifact not found: experiments/jacobson_two_braid_audit.py (want a working-tree path or a <rev>:<path> pin)
ERROR: research/jacobson-mixed-packet-attains-rank-eight-below-two.md: artifact not found: experiments/jacobson_mixed_cyclotomic_certificate.py (want a working-tree path or a <rev>:<path> pin)
ERROR: research/jacobson-mixed-packet-cyclotomic-proof.md: artifact not found: experiments/jacobson_mixed_cyclotomic_certificate.py (want a working-tree path or a <rev>:<path> pin)
ERROR: research/jacobson-natural-head-permutation-gap-is-sqrt-three.md: artifact not found: experiments/jacobson_56_point_two_braid_search.py (want a working-tree path or a <rev>:<path> pin)
ERROR: research/jacobson-natural-head-permutation-gap-proof.md: artifact not found: experiments/jacobson_56_point_two_braid_search.py (want a working-tree path or a <rev>:<path> pin)
ERROR: research/jacobson-ts-cell-seven-ray-transvection-proof.md: artifact not found: experiments/verify_jacobson_seven_ray_countermodel.py (want a working-tree path or a <rev>:<path> pin)
ERROR: research/jacobson-two-braid-seven-ray-countermodel-proof.md: artifact not found: experiments/verify_jacobson_seven_ray_countermodel.py (want a working-tree path or a <rev>:<path> pin)
ERROR: research/joint-outer-recovery.md: artifact not found: notes/TRUE_ONE_COMPRESSOR_JOINTLY_RECOVERS_BOTH_OUTER_TRANSITIONS.md (want a working-tree path or a <rev>:<path> pin)
ERROR: research/k1222-planar-cover-fold-divisible-by-six-proof.md: artifact not found: experiments/odd-p-incidence-pquotient-2026-09-17/verify_monomial.py (want a working-tree path or a <rev>:<path> pin)
ERROR: research/k1222-planar-cover-fold-divisible-by-six-proof.md: artifact not found: experiments/odd-p-incidence-pquotient-2026-09-17/k1222_p3_monomial.json.gz (want a working-tree path or a <rev>:<path> pin)
ERROR: research/k1222-planar-cover-fold-divisible-by-six-proof.md: artifact not found: experiments/odd-p-incidence-pquotient-2026-09-17/run_k1222_cert.g (want a working-tree path or a <rev>:<path> pin)
ERROR: research/k1222-planar-cover-fold-divisible-by-six-proof.md: artifact not found: experiments/odd-p-incidence-pquotient-2026-09-17/monomial_fast.g (want a working-tree path or a <rev>:<path> pin)
ERROR: research/k1222-planar-cover-fold-divisible-by-six-proof.md: artifact not found: experiments/odd-p-incidence-pquotient-2026-09-17/k1222_cert.out (want a working-tree path or a <rev>:<path> pin)
ERROR: research/k1222-planar-cover-fold-divisible-by-six.md: artifact not found: experiments/odd-p-incidence-pquotient-2026-09-17/run_k1222.g (want a working-tree path or a <rev>:<path> pin)
ERROR: research/k1222-planar-cover-fold-divisible-by-six.md: artifact not found: experiments/odd-p-incidence-pquotient-2026-09-17/k1222.out (want a working-tree path or a <rev>:<path> pin)
ERROR: research/k1222-planar-cover-fold-divisible-by-six.md: artifact not found: experiments/odd-p-incidence-pquotient-2026-09-17/run_k1222_cert.g (want a working-tree path or a <rev>:<path> pin)
ERROR: research/k1222-planar-cover-fold-divisible-by-six.md: artifact not found: experiments/odd-p-incidence-pquotient-2026-09-17/k1222_cert.out (want a working-tree path or a <rev>:<path> pin)
ERROR: research/k1222-planar-cover-fold-divisible-by-six.md: artifact not found: experiments/odd-p-incidence-pquotient-2026-09-17/k1222_p3_monomial.json.gz (want a working-tree path or a <rev>:<path> pin)
ERROR: research/k1222-planar-cover-fold-divisible-by-six.md: artifact not found: experiments/odd-p-incidence-pquotient-2026-09-17/k1222_verify.out (want a working-tree path or a <rev>:<path> pin)
ERROR: research/k1222-planar-cover-fold-divisible-by-six.md: artifact not found: experiments/odd-p-incidence-pquotient-2026-09-17/monomial_fast.g (want a working-tree path or a <rev>:<path> pin)
ERROR: research/k1222-planar-cover-fold-divisible-by-six.md: artifact not found: experiments/odd-p-incidence-pquotient-2026-09-17/k1222_p5.out (want a working-tree path or a <rev>:<path> pin)
ERROR: research/k1222-planar-cover-fold-divisible-by-six.md: artifact not found: experiments/odd-p-incidence-pquotient-2026-09-17/k1222_m4.out (want a working-tree path or a <rev>:<path> pin)
ERROR: research/k1222-planar-cover-fold-divisible-by-six.md: artifact not found: experiments/odd-p-incidence-pquotient-2026-09-17/k1222_m9.out (want a working-tree path or a <rev>:<path> pin)
ERROR: research/k1222-planar-cover-fold-divisible-by-six.md: artifact not found: experiments/odd-p-incidence-pquotient-2026-09-17/verify_monomial.py (want a working-tree path or a <rev>:<path> pin)
ERROR: research/k1222-planar-cover-fold-divisible-by-six.md: artifact not found: experiments/odd-p-incidence-pquotient-2026-09-17/pq.g (want a working-tree path or a <rev>:<path> pin)
ERROR: research/k1222-planar-cover-fold-divisible-by-six.md: artifact not found: experiments/odd-p-incidence-pquotient-2026-09-17/reduce.g (want a working-tree path or a <rev>:<path> pin)
ERROR: research/k1222-planar-cover-fold-divisible-by-six.md: artifact not found: experiments/odd-p-incidence-pquotient-2026-09-17/monomial.g (want a working-tree path or a <rev>:<path> pin)
ERROR: research/k1222-planar-cover-fold-divisible-by-six.md: artifact not found: experiments/odd-p-incidence-pquotient-2026-09-17/RESULTS.md (want a working-tree path or a <rev>:<path> pin)
ERROR: research/kazhdan-asymptotic-commutant-transport-proof.md: artifact not found: non_mf_groups_exist.tex (want a working-tree path or a <rev>:<path> pin)
ERROR: research/kazhdan-asymptotic-commutant-transport-proof.md: artifact not found: GroupApproximation/Sofic/ManuscriptKazhdanTransport.lean (want a working-tree path or a <rev>:<path> pin)
ERROR: research/kazhdan-asymptotic-commutant-transport.md: artifact not found: non_mf_groups_exist.tex (want a working-tree path or a <rev>:<path> pin)
ERROR: research/kazhdan-asymptotic-commutant-transport.md: artifact not found: GroupApproximation/Sofic/ManuscriptKazhdanTransport.lean (want a working-tree path or a <rev>:<path> pin)
ERROR: research/kazhdan-clifford-construction-proof.md: artifact not found: non_mf_groups_exist.tex (want a working-tree path or a <rev>:<path> pin)
ERROR: research/kazhdan-clifford-construction-proof.md: artifact not found: GroupApproximation/Sofic/KazhdanCliffordConstruction.lean (want a working-tree path or a <rev>:<path> pin)
ERROR: research/kazhdan-clifford-non-mf-construction.md: artifact not found: non_mf_groups_exist.tex (want a working-tree path or a <rev>:<path> pin)
ERROR: research/kazhdan-clifford-non-mf-construction.md: artifact not found: GroupApproximation/Sofic/KazhdanCliffordConstruction.lean (want a working-tree path or a <rev>:<path> pin)
ERROR: research/kazhdan-clifford-non-mf-construction.md: artifact not found: GroupApproximation/Sofic/LiteralNonMFEndpoint.lean (want a working-tree path or a <rev>:<path> pin)
ERROR: research/kazhdan-clifford-non-mf-construction.md: artifact not found: GroupApproximation/Endpoint/ChosenNonMFAudit.lean (want a working-tree path or a <rev>:<path> pin)
ERROR: research/kazhdan-coboundary-collapse-proof.md: artifact not found: notes/COMPRESSION_COLLAPSE_MF_RADICAL.md (want a working-tree path or a <rev>:<path> pin)
ERROR: research/kazhdan-envelope-needs-a-bespoke-relative-router.md: artifact not found: notes/KAZHDAN_ENVELOPE_BESPOKE_ROUTE_2026-08-22.md (want a working-tree path or a <rev>:<path> pin)
ERROR: research/kazhdan-envelope-needs-a-bespoke-relative-router.md: artifact not found: GroupApproximation/Sofic/FournierFacioUniversalGroup.lean (want a working-tree path or a <rev>:<path> pin)
ERROR: research/kazhdan-envelope-needs-a-bespoke-relative-router.md: artifact not found: GroupApproximation/Sofic/OsinRelativeSmallCancellation.lean (want a working-tree path or a <rev>:<path> pin)
ERROR: research/kazhdan-envelope-needs-a-bespoke-relative-router.md: artifact not found: notes/lean_drafts/Sofic_GreendlingerRelativeTransfer.lean.txt (want a working-tree path or a <rev>:<path> pin)
ERROR: research/kazhdan-mapping-tori-have-proper-stably-finite-radical-proof.md: artifact not found: GroupApproximation/Sofic/KazhdanCorner.lean (want a working-tree path or a <rev>:<path> pin)
ERROR: research/kazhdan-mf-hyperlinear-fragment-proof.md: artifact not found: GroupApproximation/Sofic/KazhdanCorner.lean (want a working-tree path or a <rev>:<path> pin)
ERROR: research/kazhdan-mf-hyperlinear-fragment.md: artifact not found: GroupApproximation/Sofic/KazhdanCorner.lean (want a working-tree path or a <rev>:<path> pin)
ERROR: research/kazhdan-mf-hyperlinear-fragment.md: artifact not found: notes/FALSE_KAZHDAN_CORNER.md (want a working-tree path or a <rev>:<path> pin)
ERROR: research/kazhdan-mf-hyperlinear-fragment.md: artifact not found: notes/FALSE_FERMIONIC_AMPLIFICATION.md (want a working-tree path or a <rev>:<path> pin)
ERROR: research/kazhdan-projection-is-norm-limit-of-finite-averages.md: artifact not found: non_mf_groups_exist.tex (want a working-tree path or a <rev>:<path> pin)
ERROR: research/kazhdan-projection-not-in-l1-proof.md: artifact not found: notes/COMMUTING_LAMP_QUOTIENT_STRUCTURE_AND_MF_FORK_2026-08-14.md (want a working-tree path or a <rev>:<path> pin)
ERROR: research/kazhdan-projection-not-in-l1.md: artifact not found: notes/COMMUTING_LAMP_QUOTIENT_STRUCTURE_AND_MF_FORK_2026-08-14.md (want a working-tree path or a <rev>:<path> pin)
ERROR: research/kazhdan-projection-rounding-proof.md: artifact not found: notes/TRUE_RELATIVE_WALL_IS_COMMUTANT_GROWTH.md (want a working-tree path or a <rev>:<path> pin)
ERROR: research/kazhdan-projection-rounding.md: artifact not found: notes/TRUE_RELATIVE_WALL_IS_COMMUTANT_GROWTH.md (want a working-tree path or a <rev>:<path> pin)
ERROR: research/kazhdan-property-t-of-finite-presentations-is-sigma1-complete.md: artifact not found: GroupApproximation/Computability/IsoInvariantSwitchHardness.lean (want a working-tree path or a <rev>:<path> pin)
ERROR: research/kazhdan-property-t-of-finite-presentations-is-sigma1-complete.md: artifact not found: GroupApproximation/Computability/RabinConstruction.lean (want a working-tree path or a <rev>:<path> pin)
ERROR: research/kazhdan-transport-via-printed-ultraproduct.md: artifact not found: non_mf_groups_exist.tex (want a working-tree path or a <rev>:<path> pin)
ERROR: research/kazhdan-transport-via-printed-ultraproduct.md: artifact not found: GroupApproximation/Sofic/UltraproductAdjointAmbient.lean (want a working-tree path or a <rev>:<path> pin)
ERROR: research/kazhdan-transport-via-printed-ultraproduct.md: artifact not found: GroupApproximation/Sofic/UltraproductDedekindFinite.lean (want a working-tree path or a <rev>:<path> pin)
ERROR: research/kazhdan-transport-via-printed-ultraproduct.md: artifact not found: GroupApproximation/Sofic/UltraproductKazhdanProjection.lean (want a working-tree path or a <rev>:<path> pin)
ERROR: research/kazhdan-transport-via-printed-ultraproduct.md: artifact not found: GroupApproximation/Sofic/ManuscriptKazhdanTransport.lean (want a working-tree path or a <rev>:<path> pin)
ERROR: research/kernel-resolutions-and-local-spectra-bound-rounder-cost.md: artifact not found: scripts/check_qpcp_kernel_resolution.py (want a working-tree path or a <rev>:<path> pin)
ERROR: research/kesten-spectral-gap-replaces-kazhdan-projection-per-model.md: artifact not found: non_mf_groups_exist.tex (want a working-tree path or a <rev>:<path> pin)
ERROR: research/kk-witness-counterexample-locus-is-marked-closed-proof.md: artifact not found: experiments/kk-marked-compactness-2026-09-17/one_generator_torsion_bound.py (want a working-tree path or a <rev>:<path> pin)
ERROR: research/kk-witness-counterexample-locus-is-marked-closed-proof.md: artifact not found: experiments/kk-marked-compactness-2026-09-17/one_generator_torsion_bound.out (want a working-tree path or a <rev>:<path> pin)
ERROR: research/kk-witness-counterexample-locus-is-marked-closed.md: artifact not found: experiments/kk-marked-compactness-2026-09-17/one_generator_torsion_bound.py (want a working-tree path or a <rev>:<path> pin)
ERROR: research/kk-witness-counterexample-locus-is-marked-closed.md: artifact not found: experiments/kk-marked-compactness-2026-09-17/one_generator_torsion_bound.out (want a working-tree path or a <rev>:<path> pin)
ERROR: research/kl-amenable-regular-roots-coset-euler-proof.md: artifact not found: experiments/kl-regular-roots-2026-09-17/cosetbound.py (want a working-tree path or a <rev>:<path> pin)
ERROR: research/kl-amenable-regular-roots-coset-euler-proof.md: artifact not found: experiments/kl-regular-roots-2026-09-17/cosetbound.out (want a working-tree path or a <rev>:<path> pin)
ERROR: research/kl-amenable-regular-roots-coset-euler-proof.md: artifact not found: experiments/kl-regular-roots-2026-09-17/driver6.py (want a working-tree path or a <rev>:<path> pin)
ERROR: research/kl-amenable-regular-roots-coset-euler-proof.md: artifact not found: experiments/kl-regular-roots-2026-09-17/driver6.out (want a working-tree path or a <rev>:<path> pin)
ERROR: research/kl-amenable-regular-roots-lie-in-the-coefficient-group.md: artifact not found: experiments/kl-regular-roots-2026-09-17/cosetbound.py (want a working-tree path or a <rev>:<path> pin)
ERROR: research/kl-amenable-regular-roots-lie-in-the-coefficient-group.md: artifact not found: experiments/kl-regular-roots-2026-09-17/cosetbound.out (want a working-tree path or a <rev>:<path> pin)
ERROR: research/kl-amenable-regular-roots-lie-in-the-coefficient-group.md: artifact not found: experiments/kl-regular-roots-2026-09-17/regroots.py (want a working-tree path or a <rev>:<path> pin)
ERROR: research/kl-amenable-regular-roots-lie-in-the-coefficient-group.md: artifact not found: experiments/kl-regular-roots-2026-09-17/certify.py (want a working-tree path or a <rev>:<path> pin)
ERROR: research/kl-amenable-regular-roots-lie-in-the-coefficient-group.md: artifact not found: experiments/kl-regular-roots-2026-09-17/driver5.py (want a working-tree path or a <rev>:<path> pin)
ERROR: research/kl-amenable-regular-roots-lie-in-the-coefficient-group.md: artifact not found: experiments/kl-regular-roots-2026-09-17/driver5.out (want a working-tree path or a <rev>:<path> pin)
ERROR: research/kl-amenable-regular-roots-lie-in-the-coefficient-group.md: artifact not found: experiments/kl-regular-roots-2026-09-17/euclid.py (want a working-tree path or a <rev>:<path> pin)
ERROR: research/kl-amenable-regular-roots-lie-in-the-coefficient-group.md: artifact not found: experiments/kl-regular-roots-2026-09-17/driver6.py (want a working-tree path or a <rev>:<path> pin)
ERROR: research/kl-amenable-regular-roots-lie-in-the-coefficient-group.md: artifact not found: experiments/kl-regular-roots-2026-09-17/driver6.out (want a working-tree path or a <rev>:<path> pin)
ERROR: research/kl-regular-roots-lift-through-locally-indicable-kernels.md: artifact not found: experiments/kl-regular-roots-2026-09-17/regroots.py (want a working-tree path or a <rev>:<path> pin)
ERROR: research/kl-regular-roots-lift-through-locally-indicable-kernels.md: artifact not found: experiments/kl-regular-roots-2026-09-17/certify.py (want a working-tree path or a <rev>:<path> pin)
ERROR: research/kl-regular-roots-lift-through-locally-indicable-kernels.md: artifact not found: experiments/kl-regular-roots-2026-09-17/driver5.py (want a working-tree path or a <rev>:<path> pin)
ERROR: research/kl-regular-roots-lift-through-locally-indicable-kernels.md: artifact not found: experiments/kl-regular-roots-2026-09-17/driver5.out (want a working-tree path or a <rev>:<path> pin)
ERROR: research/kl-thompson-v-frontier-weight-test-certificates.md: artifact not found: experiments/kl-violating-equation-over-thompson-v-2026-09-16/weight_certificates.txt (want a working-tree path or a <rev>:<path> pin)
ERROR: research/kl-thompson-v-frontier-weight-test-certificates.md: artifact not found: experiments/kl-violating-equation-over-thompson-v-2026-09-16/verify_weight.py (want a working-tree path or a <rev>:<path> pin)
ERROR: research/kl-violations-need-a-sign-change-coefficient-in-the-lo-radical.md: artifact not found: experiments/kl-orderable-radical-screen-2026-09-17/calibrate.g (want a working-tree path or a <rev>:<path> pin)
ERROR: research/kl-violations-need-a-sign-change-coefficient-in-the-lo-radical.md: artifact not found: experiments/kl-orderable-radical-screen-2026-09-17/calibrate.out (want a working-tree path or a <rev>:<path> pin)
ERROR: research/kleene-mipco-self-destroying-game.md: artifact not found: GroupApproximation/Quantum/FiniteMeasurement.lean (want a working-tree path or a <rev>:<path> pin)
ERROR: research/kms-girth-surfaces-give-surface-subgroups-proof.md: artifact not found: experiments/kms-hb2-surface-subgroups/girth_bounds.py (want a working-tree path or a <rev>:<path> pin)
ERROR: research/kms-girth-surfaces-give-surface-subgroups-proof.md: artifact not found: experiments/kms-hb2-surface-subgroups/girth-bounds.log (want a working-tree path or a <rev>:<path> pin)
ERROR: research/kms-girth-surfaces-give-surface-subgroups-proof.md: artifact not found: experiments/kms-hb2-surface-subgroups/verify_integer_certificate.py (want a working-tree path or a <rev>:<path> pin)
ERROR: research/kms-girth-surfaces-give-surface-subgroups-proof.md: artifact not found: experiments/kms-hb2-surface-subgroups/verify.log (want a working-tree path or a <rev>:<path> pin)
ERROR: research/kms-girth-surfaces-give-surface-subgroups-proof.md: artifact not found: experiments/kms-hb2-surface-subgroups/girth-calibration.log (want a working-tree path or a <rev>:<path> pin)
ERROR: research/kms-hb2-girth-surfaces-give-surface-subgroups-proof.md: artifact not found: experiments/kms-hb2-surface-subgroups/verify_integer_certificate.py (want a working-tree path or a <rev>:<path> pin)
ERROR: research/kms-hb2-girth-surfaces-give-surface-subgroups-proof.md: artifact not found: experiments/kms-hb2-surface-subgroups/verify.log (want a working-tree path or a <rev>:<path> pin)
ERROR: research/kms-hb2-girth-surfaces-give-surface-subgroups-proof.md: artifact not found: experiments/kms-hb2-surface-subgroups/girth_bounds.py (want a working-tree path or a <rev>:<path> pin)
ERROR: research/kms-hb2-girth-surfaces-give-surface-subgroups-proof.md: artifact not found: experiments/kms-hb2-surface-subgroups/girth-bounds.log (want a working-tree path or a <rev>:<path> pin)
ERROR: research/kms-hb2-girth-surfaces-give-surface-subgroups-proof.md: artifact not found: experiments/kms-hb2-surface-subgroups/girth_calibration.py (want a working-tree path or a <rev>:<path> pin)
ERROR: research/kms-hb2-girth-surfaces-give-surface-subgroups-proof.md: artifact not found: experiments/kms-hb2-surface-subgroups/girth-calibration.log (want a working-tree path or a <rev>:<path> pin)
ERROR: research/kms-hb2-girth-surfaces-give-surface-subgroups.md: artifact not found: experiments/kms-hb2-surface-subgroups/verify_integer_certificate.py (want a working-tree path or a <rev>:<path> pin)
ERROR: research/kms-hb2-girth-surfaces-give-surface-subgroups.md: artifact not found: experiments/kms-hb2-surface-subgroups/girth_bounds.py (want a working-tree path or a <rev>:<path> pin)
ERROR: research/kms-hb2-groups-contain-genus-two-surface-subgroups-proof.md: artifact not found: experiments/kms-hb2-surface-subgroups/surface67-integer-labels.json (want a working-tree path or a <rev>:<path> pin)
ERROR: research/kms-hb2-groups-contain-genus-two-surface-subgroups-proof.md: artifact not found: experiments/kms-hb2-surface-subgroups/verify_integer_certificate.py (want a working-tree path or a <rev>:<path> pin)
ERROR: research/kms-hb2-groups-contain-genus-two-surface-subgroups-proof.md: artifact not found: experiments/kms-hb2-surface-subgroups/verify.log (want a working-tree path or a <rev>:<path> pin)
ERROR: research/kms-hb2-groups-contain-genus-two-surface-subgroups-proof.md: artifact not found: experiments/ghb7-girth-surfaces/certificates-genus2.json (want a working-tree path or a <rev>:<path> pin)
ERROR: research/kms-hb2-groups-contain-genus-two-surface-subgroups.md: artifact not found: experiments/kms-hb2-surface-subgroups/surface67-integer-labels.json (want a working-tree path or a <rev>:<path> pin)
ERROR: research/kms-hb2-groups-contain-genus-two-surface-subgroups.md: artifact not found: experiments/kms-hb2-surface-subgroups/verify_integer_certificate.py (want a working-tree path or a <rev>:<path> pin)
ERROR: research/kms-hb2-groups-contain-genus-two-surface-subgroups.md: artifact not found: experiments/kms-hb2-surface-subgroups/verify.log (want a working-tree path or a <rev>:<path> pin)
ERROR: research/kms-hbc2-genus-two-surface-subgroups-proof.md: artifact not found: experiments/kms-surface-girth-general/intsearch.py (want a working-tree path or a <rev>:<path> pin)
ERROR: research/kms-hbc2-genus-two-surface-subgroups-proof.md: artifact not found: experiments/kms-surface-girth-general/intsearch2.py (want a working-tree path or a <rev>:<path> pin)
ERROR: research/kms-hbc2-genus-two-surface-subgroups-proof.md: artifact not found: experiments/kms-surface-girth-general/explore.py (want a working-tree path or a <rev>:<path> pin)
ERROR: research/kms-hbc2-genus-two-surface-subgroups-proof.md: artifact not found: experiments/kms-surface-girth-general/cert.py (want a working-tree path or a <rev>:<path> pin)
ERROR: research/kms-hbc2-genus-two-surface-subgroups-proof.md: artifact not found: experiments/kms-surface-girth-general/certificates/hbc2-integer-t24-n6.json (want a working-tree path or a <rev>:<path> pin)
ERROR: research/kms-hbc2-genus-two-surface-subgroups-proof.md: artifact not found: experiments/kms-surface-girth-general/verify-hbc2-integer-t24-n6.log (want a working-tree path or a <rev>:<path> pin)
ERROR: research/kms-hbc2-genus-two-surface-subgroups-proof.md: artifact not found: experiments/kms-surface-girth-general/certificates/hbc2-f5-t24.json (want a working-tree path or a <rev>:<path> pin)
ERROR: research/kms-hbc2-genus-two-surface-subgroups-proof.md: artifact not found: experiments/kms-surface-girth-general/verify-hbc2-f5-t24.log (want a working-tree path or a <rev>:<path> pin)
ERROR: research/kms-hbc2-genus-two-surface-subgroups-proof.md: artifact not found: experiments/kms-surface-girth-general/verify_modp.py (want a working-tree path or a <rev>:<path> pin)
ERROR: research/kms-hbc2-genus-two-surface-subgroups-proof.md: artifact not found: experiments/kms-surface-girth-general/certificates/corrupt-control.json (want a working-tree path or a <rev>:<path> pin)
ERROR: research/kms-hbc2-genus-two-surface-subgroups-proof.md: artifact not found: experiments/kms-surface-girth-general/verify-corrupt-control.log (want a working-tree path or a <rev>:<path> pin)
ERROR: research/kms-hbc2-genus-two-surface-subgroups-proof.md: artifact not found: experiments/kms-hb2-surface-subgroups/verify_kms_certificates.py (want a working-tree path or a <rev>:<path> pin)
ERROR: research/kms-hbc2-groups-contain-genus-two-surface-subgroups.md: artifact not found: experiments/kms-surface-girth-general/certificates/hbc2-integer-t24-n6.json (want a working-tree path or a <rev>:<path> pin)
ERROR: research/kms-hbc2-groups-contain-genus-two-surface-subgroups.md: artifact not found: experiments/kms-surface-girth-general/verify-hbc2-integer-t24-n6.log (want a working-tree path or a <rev>:<path> pin)
ERROR: research/kms-hbc2-groups-contain-genus-two-surface-subgroups.md: artifact not found: experiments/kms-surface-girth-general/certificates/hbc2-f5-t24.json (want a working-tree path or a <rev>:<path> pin)
ERROR: research/kms-hbc2-groups-contain-genus-two-surface-subgroups.md: artifact not found: experiments/kms-surface-girth-general/verify-hbc2-f5-t24.log (want a working-tree path or a <rev>:<path> pin)
ERROR: research/kms-hbc2-groups-contain-genus-two-surface-subgroups.md: artifact not found: experiments/kms-surface-girth-general/verify_modp.py (want a working-tree path or a <rev>:<path> pin)
ERROR: research/kms-hc1-a2-iwahori-towers-deviate-only-at-kassel-degrees-proof.md: artifact not found: experiments/kms-hc1-iwahori-lie-relations-2026-09-17/h2loop.py (want a working-tree path or a <rev>:<path> pin)
ERROR: research/kms-hc1-a2-iwahori-towers-deviate-only-at-kassel-degrees-proof.md: artifact not found: experiments/kms-hc1-iwahori-lie-relations-2026-09-17/pqtower.sh (want a working-tree path or a <rev>:<path> pin)
ERROR: research/kms-hc1-a2-iwahori-towers-deviate-only-at-kassel-degrees-proof.md: artifact not found: experiments/kms-hc1-iwahori-lie-relations-2026-09-17/towers.out (want a working-tree path or a <rev>:<path> pin)
ERROR: research/kms-hc1-a2-iwahori-towers-deviate-only-at-kassel-degrees-proof.md: artifact not found: experiments/kms-hc1-iwahori-lie-relations-2026-09-17/h2_p3.out (want a working-tree path or a <rev>:<path> pin)
ERROR: research/kms-hc1-a2-iwahori-towers-deviate-only-at-kassel-degrees-proof.md: artifact not found: experiments/kms-hc1-iwahori-lie-relations-2026-09-17/h2_p5_d130.out (want a working-tree path or a <rev>:<path> pin)
ERROR: research/kms-hc1-a2-iwahori-towers-deviate-only-at-kassel-degrees-proof.md: artifact not found: experiments/kms-hc1-iwahori-lie-relations-2026-09-17/h2_p7_d130.out (want a working-tree path or a <rev>:<path> pin)
ERROR: research/kms-hc1-a2-iwahori-towers-deviate-only-at-kassel-degrees-proof.md: artifact not found: experiments/kms-hc1-iwahori-lie-relations-2026-09-17/h2_p11.out (want a working-tree path or a <rev>:<path> pin)
ERROR: research/kms-hc1-a2-iwahori-towers-deviate-only-at-kassel-degrees-proof.md: artifact not found: experiments/kms-hc1-iwahori-lie-relations-2026-09-17/h2_p11_d135.out (want a working-tree path or a <rev>:<path> pin)
ERROR: research/kms-hc1-a2-iwahori-towers-deviate-only-at-kassel-degrees-proof.md: artifact not found: experiments/kms-hc1-iwahori-lie-relations-2026-09-17/h2_p13.out (want a working-tree path or a <rev>:<path> pin)
ERROR: research/kms-hc1-a2-iwahori-towers-deviate-only-at-kassel-degrees-proof.md: artifact not found: experiments/kms-hc1-iwahori-lie-relations-2026-09-17/h2_p17_d105.out (want a working-tree path or a <rev>:<path> pin)
ERROR: research/kms-hc1-a2-iwahori-towers-deviate-only-at-kassel-degrees-proof.md: artifact not found: experiments/kms-hc1-iwahori-lie-relations-2026-09-17/h2_p19_d117.out (want a working-tree path or a <rev>:<path> pin)
ERROR: research/kms-hc1-a2-iwahori-towers-deviate-only-at-kassel-degrees-proof.md: artifact not found: experiments/kms-hc1-iwahori-lie-relations-2026-09-17/h2_p23_d141.out (want a working-tree path or a <rev>:<path> pin)
ERROR: research/kms-hc1-a2-iwahori-towers-deviate-only-at-kassel-degrees.md: artifact not found: experiments/kms-hc1-iwahori-lie-relations-2026-09-17/h2loop.py (want a working-tree path or a <rev>:<path> pin)
ERROR: research/kms-hc1-a2-iwahori-towers-deviate-only-at-kassel-degrees.md: artifact not found: experiments/kms-hc1-iwahori-lie-relations-2026-09-17/pqtower.sh (want a working-tree path or a <rev>:<path> pin)
ERROR: research/kms-hc1-a2-iwahori-towers-deviate-only-at-kassel-degrees.md: artifact not found: experiments/kms-hc1-iwahori-lie-relations-2026-09-17/towers.out (want a working-tree path or a <rev>:<path> pin)
ERROR: research/kms-hc1-a2-iwahori-towers-deviate-only-at-kassel-degrees.md: artifact not found: experiments/kms-hc1-iwahori-lie-relations-2026-09-17/h2_p3.out (want a working-tree path or a <rev>:<path> pin)
ERROR: research/kms-hc1-a2-iwahori-towers-deviate-only-at-kassel-degrees.md: artifact not found: experiments/kms-hc1-iwahori-lie-relations-2026-09-17/h2_p5_d130.out (want a working-tree path or a <rev>:<path> pin)
ERROR: research/kms-hc1-a2-iwahori-towers-deviate-only-at-kassel-degrees.md: artifact not found: experiments/kms-hc1-iwahori-lie-relations-2026-09-17/h2_p7_d130.out (want a working-tree path or a <rev>:<path> pin)
ERROR: research/kms-hc1-a2-iwahori-towers-deviate-only-at-kassel-degrees.md: artifact not found: experiments/kms-hc1-iwahori-lie-relations-2026-09-17/h2_p11.out (want a working-tree path or a <rev>:<path> pin)
ERROR: research/kms-hc1-a2-iwahori-towers-deviate-only-at-kassel-degrees.md: artifact not found: experiments/kms-hc1-iwahori-lie-relations-2026-09-17/h2_p11_d135.out (want a working-tree path or a <rev>:<path> pin)
ERROR: research/kms-hc1-a2-iwahori-towers-deviate-only-at-kassel-degrees.md: artifact not found: experiments/kms-hc1-iwahori-lie-relations-2026-09-17/h2_p13.out (want a working-tree path or a <rev>:<path> pin)
ERROR: research/kms-hc1-a2-iwahori-towers-deviate-only-at-kassel-degrees.md: artifact not found: experiments/kms-hc1-iwahori-lie-relations-2026-09-17/h2_p17_d105.out (want a working-tree path or a <rev>:<path> pin)
ERROR: research/kms-hc1-a2-iwahori-towers-deviate-only-at-kassel-degrees.md: artifact not found: experiments/kms-hc1-iwahori-lie-relations-2026-09-17/h2_p19_d117.out (want a working-tree path or a <rev>:<path> pin)
ERROR: research/kms-hc1-a2-iwahori-towers-deviate-only-at-kassel-degrees.md: artifact not found: experiments/kms-hc1-iwahori-lie-relations-2026-09-17/h2_p23_d141.out (want a working-tree path or a <rev>:<path> pin)
ERROR: research/kms-hc1-genus-two-surface-subgroups-proof.md: artifact not found: experiments/kms-surface-girth-general/intsearch2.py (want a working-tree path or a <rev>:<path> pin)
ERROR: research/kms-hc1-genus-two-surface-subgroups-proof.md: artifact not found: experiments/kms-surface-girth-general/intsearch.py (want a working-tree path or a <rev>:<path> pin)
ERROR: research/kms-hc1-genus-two-surface-subgroups-proof.md: artifact not found: experiments/kms-surface-girth-general/certificates/hc1-integer-t48-n4.json (want a working-tree path or a <rev>:<path> pin)
ERROR: research/kms-hc1-genus-two-surface-subgroups-proof.md: artifact not found: experiments/kms-surface-girth-general/verify-hc1-integer-t48-n4.log (want a working-tree path or a <rev>:<path> pin)
ERROR: research/kms-hc1-genus-two-surface-subgroups-proof.md: artifact not found: experiments/kms-surface-girth-general/logs/int-hc1-t48-n4.log (want a working-tree path or a <rev>:<path> pin)
ERROR: research/kms-hc1-genus-two-surface-subgroups-proof.md: artifact not found: experiments/kms-hb2-surface-subgroups/verify_kms_certificates.py (want a working-tree path or a <rev>:<path> pin)
ERROR: research/kms-hc1-groups-contain-genus-two-surface-subgroups.md: artifact not found: experiments/kms-surface-girth-general/certificates/hc1-integer-t48-n4.json (want a working-tree path or a <rev>:<path> pin)
ERROR: research/kms-hc1-groups-contain-genus-two-surface-subgroups.md: artifact not found: experiments/kms-surface-girth-general/verify-hc1-integer-t48-n4.log (want a working-tree path or a <rev>:<path> pin)
ERROR: research/kms-hc2-hb3-hbc3-contain-genus-two-surface-subgroups-proof.md: artifact not found: experiments/kms-hb2-surface-subgroups/kms_girth_search.py (want a working-tree path or a <rev>:<path> pin)
ERROR: research/kms-hc2-hb3-hbc3-contain-genus-two-surface-subgroups-proof.md: artifact not found: experiments/kms-hb2-surface-subgroups/search-results/summary-job785007.txt (want a working-tree path or a <rev>:<path> pin)
ERROR: research/kms-hc2-hb3-hbc3-contain-genus-two-surface-subgroups-proof.md: artifact not found: experiments/kms-hb2-surface-subgroups/search-results/hc2-t24.json (want a working-tree path or a <rev>:<path> pin)
ERROR: research/kms-hc2-hb3-hbc3-contain-genus-two-surface-subgroups-proof.md: artifact not found: experiments/kms-hb2-surface-subgroups/search-results/hb3-t16.json (want a working-tree path or a <rev>:<path> pin)
ERROR: research/kms-hc2-hb3-hbc3-contain-genus-two-surface-subgroups-proof.md: artifact not found: experiments/kms-hb2-surface-subgroups/search-results/hbc3-t16.json (want a working-tree path or a <rev>:<path> pin)
ERROR: research/kms-hc2-hb3-hbc3-contain-genus-two-surface-subgroups-proof.md: artifact not found: experiments/kms-hb2-surface-subgroups/verify_kms_certificates.py (want a working-tree path or a <rev>:<path> pin)
ERROR: research/kms-hc2-hb3-hbc3-contain-genus-two-surface-subgroups-proof.md: artifact not found: experiments/kms-hb2-surface-subgroups/search-results/verify-kms-certificates.log (want a working-tree path or a <rev>:<path> pin)
ERROR: research/kms-hc2-hb3-hbc3-contain-genus-two-surface-subgroups-proof.md: artifact not found: experiments/kms-hb2-surface-subgroups/verify.log (want a working-tree path or a <rev>:<path> pin)
ERROR: research/kms-hc2-hb3-hbc3-contain-genus-two-surface-subgroups.md: artifact not found: experiments/kms-hb2-surface-subgroups/search-results/hc2-t24.json (want a working-tree path or a <rev>:<path> pin)
ERROR: research/kms-hc2-hb3-hbc3-contain-genus-two-surface-subgroups.md: artifact not found: experiments/kms-hb2-surface-subgroups/search-results/hb3-t16.json (want a working-tree path or a <rev>:<path> pin)
ERROR: research/kms-hc2-hb3-hbc3-contain-genus-two-surface-subgroups.md: artifact not found: experiments/kms-hb2-surface-subgroups/search-results/hbc3-t16.json (want a working-tree path or a <rev>:<path> pin)
ERROR: research/kms-hc2-hb3-hbc3-contain-genus-two-surface-subgroups.md: artifact not found: experiments/kms-hb2-surface-subgroups/verify_kms_certificates.py (want a working-tree path or a <rev>:<path> pin)
ERROR: research/kms-hc2-hb3-hbc3-contain-genus-two-surface-subgroups.md: artifact not found: experiments/kms-hb2-surface-subgroups/search-results/verify-kms-certificates.log (want a working-tree path or a <rev>:<path> pin)
ERROR: research/kms-vertex-words-close-iff-weights-have-zero-height-moments.md: artifact not found: experiments/kms-surface-girth-general/check_moment_lemma.py (want a working-tree path or a <rev>:<path> pin)
ERROR: research/kms-vertex-words-close-iff-weights-have-zero-height-moments.md: artifact not found: experiments/kms-surface-girth-general/check-moment-lemma.log (want a working-tree path or a <rev>:<path> pin)
ERROR: research/kms-vertex-words-zero-height-moments-proof.md: artifact not found: experiments/kms-surface-girth-general/check_moment_lemma.py (want a working-tree path or a <rev>:<path> pin)
ERROR: research/kms-vertex-words-zero-height-moments-proof.md: artifact not found: experiments/kms-surface-girth-general/check-moment-lemma.log (want a working-tree path or a <rev>:<path> pin)
ERROR: research/kt-almost-centralizer-close-to-frame-bisection-patches-proof.md: artifact not found: GroupApproximation/KunThom/CentralizerBisectionRepresentationFrame.lean (want a working-tree path or a <rev>:<path> pin)
ERROR: research/kt-almost-centralizer-close-to-frame-bisection-patches-proof.md: artifact not found: GroupApproximation/KunThom/CentralizerBisectionRepresentationFrameRetained.lean (want a working-tree path or a <rev>:<path> pin)
ERROR: research/kt-almost-centralizer-close-to-frame-bisection-patches-proof.md: artifact not found: GroupApproximation/KunThom/CentralizerBisectionRepresentationCore.lean (want a working-tree path or a <rev>:<path> pin)
ERROR: research/kt-almost-centralizer-close-to-frame-bisection-patches.md: artifact not found: GroupApproximation/KunThom/CentralizerBisectionRepresentationFrame.lean (want a working-tree path or a <rev>:<path> pin)
ERROR: research/kt-almost-centralizer-close-to-frame-bisection-patches.md: artifact not found: GroupApproximation/KunThom/CentralizerBisectionRepresentationFrameRetained.lean (want a working-tree path or a <rev>:<path> pin)
ERROR: research/kt-almost-centralizer-close-to-frame-bisection-patches.md: artifact not found: GroupApproximation/KunThom/CentralizerBisectionRepresentationCore.lean (want a working-tree path or a <rev>:<path> pin)
ERROR: research/kt-almost-centralizer-represented-by-cluster-bisection-proof.md: artifact not found: GroupApproximation/KunThom/CentralizerToBisection.lean (want a working-tree path or a <rev>:<path> pin)
ERROR: research/kt-almost-centralizer-represented-by-cluster-bisection-proof.md: artifact not found: GroupApproximation/KunThom/CentralizerToBisectionBound.lean (want a working-tree path or a <rev>:<path> pin)
ERROR: research/kt-almost-centralizer-represented-by-cluster-bisection.md: artifact not found: GroupApproximation/KunThom/CentralizerToBisectionOverlap.lean (want a working-tree path or a <rev>:<path> pin)
ERROR: research/kt-almost-centralizer-represented-by-cluster-bisection.md: artifact not found: GroupApproximation/KunThom/CentralizerToBisectionDefect.lean (want a working-tree path or a <rev>:<path> pin)
ERROR: research/kt-almost-centralizer-represented-by-cluster-bisection.md: artifact not found: GroupApproximation/KunThom/CentralizerToBisectionExtension.lean (want a working-tree path or a <rev>:<path> pin)
ERROR: research/kt-almost-centralizer-represented-by-cluster-bisection.md: artifact not found: GroupApproximation/KunThom/CentralizerToBisection.lean (want a working-tree path or a <rev>:<path> pin)
ERROR: research/kt-almost-centralizer-represented-by-cluster-bisection.md: artifact not found: GroupApproximation/KunThom/CentralizerToBisectionBound.lean (want a working-tree path or a <rev>:<path> pin)
ERROR: research/kt-almost-centralizer-scaled-bisection-finite-estimates-proof.md: artifact not found: GroupApproximation/KunThom/CentralizerBisectionRepresentationDefects.lean (want a working-tree path or a <rev>:<path> pin)
ERROR: research/kt-almost-centralizer-scaled-bisection-finite-estimates-proof.md: artifact not found: GroupApproximation/KunThom/CentralizerBisectionRepresentation.lean (want a working-tree path or a <rev>:<path> pin)
ERROR: research/kt-almost-centralizer-scaled-bisection-finite-estimates-proof.md: artifact not found: GroupApproximation/KunThom/CentralizerBisectionRepresentationPieces.lean (want a working-tree path or a <rev>:<path> pin)
ERROR: research/kt-almost-centralizer-scaled-bisection-finite-estimates-proof.md: artifact not found: GroupApproximation/KunThom/CentralizerBisectionRepresentationMass.lean (want a working-tree path or a <rev>:<path> pin)
ERROR: research/kt-almost-centralizer-scaled-bisection-finite-estimates-proof.md: artifact not found: GroupApproximation/KunThom/CentralizerBisectionRepresentationMassSum.lean (want a working-tree path or a <rev>:<path> pin)
ERROR: research/kt-almost-centralizer-scaled-bisection-finite-estimates-proof.md: artifact not found: GroupApproximation/KunThom/CentralizerBisectionRepresentationCharges.lean (want a working-tree path or a <rev>:<path> pin)
ERROR: research/kt-almost-centralizer-scaled-bisection-finite-estimates-proof.md: artifact not found: GroupApproximation/KunThom/CentralizerBisectionRepresentationScaled.lean (want a working-tree path or a <rev>:<path> pin)
ERROR: research/kt-almost-centralizer-scaled-bisection-finite-estimates-proof.md: artifact not found: GroupApproximation/KunThom/CentralizerBisectionRepresentationScaledPatch.lean (want a working-tree path or a <rev>:<path> pin)
ERROR: research/kt-almost-centralizer-scaled-bisection-finite-estimates.md: artifact not found: GroupApproximation/KunThom/CentralizerBisectionRepresentationDefects.lean (want a working-tree path or a <rev>:<path> pin)
ERROR: research/kt-almost-centralizer-scaled-bisection-finite-estimates.md: artifact not found: GroupApproximation/KunThom/CentralizerBisectionRepresentation.lean (want a working-tree path or a <rev>:<path> pin)
ERROR: research/kt-almost-centralizer-scaled-bisection-finite-estimates.md: artifact not found: GroupApproximation/KunThom/CentralizerBisectionRepresentationPieces.lean (want a working-tree path or a <rev>:<path> pin)
ERROR: research/kt-almost-centralizer-scaled-bisection-finite-estimates.md: artifact not found: GroupApproximation/KunThom/CentralizerBisectionRepresentationMass.lean (want a working-tree path or a <rev>:<path> pin)
ERROR: research/kt-almost-centralizer-scaled-bisection-finite-estimates.md: artifact not found: GroupApproximation/KunThom/CentralizerBisectionRepresentationMassSum.lean (want a working-tree path or a <rev>:<path> pin)
ERROR: research/kt-almost-centralizer-scaled-bisection-finite-estimates.md: artifact not found: GroupApproximation/KunThom/CentralizerBisectionRepresentationCharges.lean (want a working-tree path or a <rev>:<path> pin)
ERROR: research/kt-almost-centralizer-scaled-bisection-finite-estimates.md: artifact not found: GroupApproximation/KunThom/CentralizerBisectionRepresentationScaled.lean (want a working-tree path or a <rev>:<path> pin)
ERROR: research/kt-almost-centralizer-scaled-bisection-finite-estimates.md: artifact not found: GroupApproximation/KunThom/CentralizerBisectionRepresentationScaledPatch.lean (want a working-tree path or a <rev>:<path> pin)
ERROR: research/kt-centralizer-normalization-hs.md: artifact not found: notes/TRUE_DIAGONAL_NORMALIZER_RIGIDITY.md (want a working-tree path or a <rev>:<path> pin)
ERROR: research/kt-component-family-from-expander-decomposition-proof.md: artifact not found: GroupApproximation/KunThom/SequentialComponentFamilyPruning.lean (want a working-tree path or a <rev>:<path> pin)
ERROR: research/kt-component-family-from-expander-decomposition-proof.md: artifact not found: GroupApproximation/KunThom/SequentialComponentFamilyCompletion.lean (want a working-tree path or a <rev>:<path> pin)
ERROR: research/kt-component-family-from-expander-decomposition-proof.md: artifact not found: GroupApproximation/KunThom/SequentialComponentFamilyLevels.lean (want a working-tree path or a <rev>:<path> pin)
ERROR: research/kt-component-family-from-expander-decomposition-proof.md: artifact not found: GroupApproximation/KunThom/SequentialComponentFamilyObjects.lean (want a working-tree path or a <rev>:<path> pin)
ERROR: research/kt-component-family-from-expander-decomposition-proof.md: artifact not found: GroupApproximation/KunThom/SequentialComponentFamily.lean (want a working-tree path or a <rev>:<path> pin)
ERROR: research/kt-component-family-from-expander-decomposition-proof.md: artifact not found: GroupApproximation/KunThom/SequentialComponentFamilyBlocks.lean (want a working-tree path or a <rev>:<path> pin)
ERROR: research/kt-component-family-from-expander-decomposition-proof.md: artifact not found: GroupApproximation/KunThom/SequentialComponentFamilyKazhdan.lean (want a working-tree path or a <rev>:<path> pin)
ERROR: research/kt-component-family-from-expander-decomposition-proof.md: artifact not found: GroupApproximation/KunThom/SequentialComponentFamilyCompanion.lean (want a working-tree path or a <rev>:<path> pin)
ERROR: research/kt-component-family-from-expander-decomposition.md: artifact not found: GroupApproximation/KunThom/SequentialComponentFamilyPruning.lean (want a working-tree path or a <rev>:<path> pin)
ERROR: research/kt-component-family-from-expander-decomposition.md: artifact not found: GroupApproximation/KunThom/SequentialComponentFamilyCompletion.lean (want a working-tree path or a <rev>:<path> pin)
ERROR: research/kt-component-family-from-expander-decomposition.md: artifact not found: GroupApproximation/KunThom/SequentialComponentFamilyLevels.lean (want a working-tree path or a <rev>:<path> pin)
ERROR: research/kt-component-family-from-expander-decomposition.md: artifact not found: GroupApproximation/KunThom/SequentialComponentFamilyObjects.lean (want a working-tree path or a <rev>:<path> pin)
ERROR: research/kt-component-family-from-expander-decomposition.md: artifact not found: GroupApproximation/KunThom/SequentialComponentFamily.lean (want a working-tree path or a <rev>:<path> pin)
ERROR: research/kt-compressor-stable-overgroups-have-polynomial-content.md: artifact not found: experiments/kt-pair-floor-2026-09-17/lemma_a_extraction.py (want a working-tree path or a <rev>:<path> pin)
ERROR: research/kt-compressor-stable-overgroups-have-polynomial-content.md: artifact not found: experiments/kt-pair-floor-2026-09-17/run.log (want a working-tree path or a <rev>:<path> pin)
ERROR: research/kt-counting-endgame-bisection-lift-proof.md: artifact not found: GroupApproximation/KunThom/CountingEndgameCompletion.lean (want a working-tree path or a <rev>:<path> pin)
ERROR: research/kt-counting-endgame-bisection-lift-proof.md: artifact not found: GroupApproximation/KunThom/CountingEndgameLift.lean (want a working-tree path or a <rev>:<path> pin)
ERROR: research/kt-counting-endgame-bisection-lift-proof.md: artifact not found: GroupApproximation/KunThom/CountingEndgameWeights.lean (want a working-tree path or a <rev>:<path> pin)
ERROR: research/kt-counting-endgame-bisection-lift-proof.md: artifact not found: GroupApproximation/KunThom/CountingEndgameRestrict.lean (want a working-tree path or a <rev>:<path> pin)
ERROR: research/kt-counting-endgame-bisection-lift-proof.md: artifact not found: GroupApproximation/KunThom/CountingEndgameSelection.lean (want a working-tree path or a <rev>:<path> pin)
ERROR: research/kt-counting-endgame-bisection-lift-proof.md: artifact not found: GroupApproximation/KunThom/CountingEndgameRelative.lean (want a working-tree path or a <rev>:<path> pin)
ERROR: research/kt-counting-endgame-bisection-lift-proof.md: artifact not found: GroupApproximation/KunThom/CountingEndgameBundle.lean (want a working-tree path or a <rev>:<path> pin)
ERROR: research/kt-counting-endgame-bisection-lift.md: artifact not found: GroupApproximation/KunThom/CountingEndgameCompletion.lean (want a working-tree path or a <rev>:<path> pin)
ERROR: research/kt-counting-endgame-bisection-lift.md: artifact not found: GroupApproximation/KunThom/CountingEndgameLift.lean (want a working-tree path or a <rev>:<path> pin)
ERROR: research/kt-counting-endgame-bisection-lift.md: artifact not found: GroupApproximation/KunThom/CountingEndgameWeights.lean (want a working-tree path or a <rev>:<path> pin)
ERROR: research/kt-counting-endgame-bisection-lift.md: artifact not found: GroupApproximation/KunThom/CountingEndgameRestrict.lean (want a working-tree path or a <rev>:<path> pin)
ERROR: research/kt-counting-endgame-bisection-lift.md: artifact not found: GroupApproximation/KunThom/CountingEndgameSelection.lean (want a working-tree path or a <rev>:<path> pin)
ERROR: research/kt-counting-endgame-bisection-lift.md: artifact not found: GroupApproximation/KunThom/CountingEndgameRelative.lean (want a working-tree path or a <rev>:<path> pin)
ERROR: research/kt-counting-endgame-bisection-lift.md: artifact not found: GroupApproximation/KunThom/CountingEndgameBundle.lean (want a working-tree path or a <rev>:<path> pin)
ERROR: research/kt-counting-props-producers-proof.md: artifact not found: GroupApproximation/KunThom/CountingEndgameProps.lean (want a working-tree path or a <rev>:<path> pin)
ERROR: research/kt-counting-props-producers-proof.md: artifact not found: GroupApproximation/KunThom/CountingEndgamePropsScale.lean (want a working-tree path or a <rev>:<path> pin)
ERROR: research/kt-counting-props-producers-proof.md: artifact not found: GroupApproximation/KunThom/CountingEndgamePropsMedian.lean (want a working-tree path or a <rev>:<path> pin)
ERROR: research/kt-counting-props-producers-proof.md: artifact not found: GroupApproximation/KunThom/CountingEndgamePropsOneSided.lean (want a working-tree path or a <rev>:<path> pin)
ERROR: research/kt-counting-props-producers-proof.md: artifact not found: GroupApproximation/KunThom/CountingEndgamePropsSelect.lean (want a working-tree path or a <rev>:<path> pin)
ERROR: research/kt-counting-props-producers-proof.md: artifact not found: GroupApproximation/KunThom/CountingEndgamePropsCounting.lean (want a working-tree path or a <rev>:<path> pin)
ERROR: research/kt-counting-props-producers.md: artifact not found: GroupApproximation/KunThom/CountingEndgameProps.lean (want a working-tree path or a <rev>:<path> pin)
ERROR: research/kt-counting-props-producers.md: artifact not found: GroupApproximation/KunThom/CountingEndgamePropsScale.lean (want a working-tree path or a <rev>:<path> pin)
ERROR: research/kt-counting-props-producers.md: artifact not found: GroupApproximation/KunThom/CountingEndgamePropsMedian.lean (want a working-tree path or a <rev>:<path> pin)
ERROR: research/kt-counting-props-producers.md: artifact not found: GroupApproximation/KunThom/CountingEndgamePropsOneSided.lean (want a working-tree path or a <rev>:<path> pin)
ERROR: research/kt-counting-props-producers.md: artifact not found: GroupApproximation/KunThom/CountingEndgamePropsSelect.lean (want a working-tree path or a <rev>:<path> pin)
ERROR: research/kt-counting-props-producers.md: artifact not found: GroupApproximation/KunThom/CountingEndgamePropsCounting.lean (want a working-tree path or a <rev>:<path> pin)
ERROR: research/kt-double-is-nielsen-semidirect-product.md: artifact not found: notes/UNIQUE_TRACE_KUN_THOM_DOUBLE.md (want a working-tree path or a <rev>:<path> pin)
ERROR: research/kt-double-nielsen-semidirect-proof.md: artifact not found: notes/UNIQUE_TRACE_KUN_THOM_DOUBLE.md (want a working-tree path or a <rev>:<path> pin)
ERROR: research/kt-double-reduced-cstar-is-mf.md: artifact not found: notes/UNIQUE_TRACE_KUN_THOM_DOUBLE.md (want a working-tree path or a <rev>:<path> pin)
ERROR: research/kt-finite-image-relative-edge-models-are-impossible.md: artifact not found: notes/FALSE_RELATIVE_RANDOMIZATION_NEEDS_EDGE_TRACE_MODEL.md (want a working-tree path or a <rev>:<path> pin)
ERROR: research/kt-full-double-cstar-is-not-mf.md: artifact not found: GroupApproximation/Analysis/MaximalCStarParagraphEndpoint.lean (want a working-tree path or a <rev>:<path> pin)
ERROR: research/kt-full-double-cstar-is-not-mf.md: artifact not found: GroupApproximation/Analysis/MaximalGroupCStar.lean (want a working-tree path or a <rev>:<path> pin)
ERROR: research/kt-full-double-cstar-not-mf-proof.md: artifact not found: GroupApproximation/Analysis/MaximalCStarParagraphEndpoint.lean (want a working-tree path or a <rev>:<path> pin)
ERROR: research/kt-full-double-cstar-not-mf-proof.md: artifact not found: GroupApproximation/Analysis/MaximalGroupCStar.lean (want a working-tree path or a <rev>:<path> pin)
ERROR: research/kt-good-components-markov-selection-proof.md: artifact not found: GroupApproximation/KunThom/CentralizerNormalizationUniformMarkov.lean (want a working-tree path or a <rev>:<path> pin)
ERROR: research/kt-good-components-markov-selection-proof.md: artifact not found: GroupApproximation/KunThom/CentralizerNormalizationUniformGood.lean (want a working-tree path or a <rev>:<path> pin)
ERROR: research/kt-matched-bridge-defects-sum-to-one-hamming-count-proof.md: artifact not found: GroupApproximation/KunThom/BlockLocalDefects.lean (want a working-tree path or a <rev>:<path> pin)
ERROR: research/kt-matched-bridge-defects-sum-to-one-hamming-count.md: artifact not found: GroupApproximation/KunThom/BlockLocalDefects.lean (want a working-tree path or a <rev>:<path> pin)
ERROR: research/kt-one-sided-median-vertex-form-proof.md: artifact not found: GroupApproximation/KunThom/MedianVertexForm.lean (want a working-tree path or a <rev>:<path> pin)
ERROR: research/kt-one-sided-median-vertex-form-proof.md: artifact not found: GroupApproximation/KunThom/MedianVertexFormLocal.lean (want a working-tree path or a <rev>:<path> pin)
ERROR: research/kt-one-sided-median-vertex-form-proof.md: artifact not found: GroupApproximation/KunThom/MedianVertexFormBlocks.lean (want a working-tree path or a <rev>:<path> pin)
ERROR: research/kt-one-sided-median-vertex-form.md: artifact not found: GroupApproximation/KunThom/MedianVertexForm.lean (want a working-tree path or a <rev>:<path> pin)
ERROR: research/kt-one-sided-median-vertex-form.md: artifact not found: GroupApproximation/KunThom/MedianVertexFormLocal.lean (want a working-tree path or a <rev>:<path> pin)
ERROR: research/kt-one-sided-median-vertex-form.md: artifact not found: GroupApproximation/KunThom/MedianVertexFormBlocks.lean (want a working-tree path or a <rev>:<path> pin)
ERROR: research/kt-pair-non-hyperlinear-commutant.md: artifact not found: notes/TRUE_DIAGONAL_NORMALIZER_RIGIDITY.md (want a working-tree path or a <rev>:<path> pin)
ERROR: research/kt-pair-non-hyperlinear-rigidity.md: artifact not found: notes/TRUE_DIAGONAL_NORMALIZER_RIGIDITY.md (want a working-tree path or a <rev>:<path> pin)
ERROR: research/kt-patched-bisection-commutation-vanishes-with-threshold-proof.md: artifact not found: GroupApproximation/KunThom/BisectionActualDefect.lean (want a working-tree path or a <rev>:<path> pin)
ERROR: research/kt-patched-bisection-commutation-vanishes-with-threshold.md: artifact not found: GroupApproximation/KunThom/BisectionActualDefect.lean (want a working-tree path or a <rev>:<path> pin)
ERROR: research/kt-patched-bisection-commutation-vanishes-with-threshold.md: artifact not found: GroupApproximation/KunThom/FixedPointNormalizationPatching.lean (want a working-tree path or a <rev>:<path> pin)
ERROR: research/kt-patched-bisection-commutation-vanishes-with-threshold.md: artifact not found: GroupApproximation/KunThom/FixedPointNormalizationScaleSums.lean (want a working-tree path or a <rev>:<path> pin)
ERROR: research/kt-per-compressor-assembly-over-cluster-frames-proof.md: artifact not found: GroupApproximation/KunThom/CompressorNormalizationAssembly.lean (want a working-tree path or a <rev>:<path> pin)
ERROR: research/kt-per-compressor-assembly-over-cluster-frames-proof.md: artifact not found: GroupApproximation/KunThom/CompressorNormalizationAssemblyFrame.lean (want a working-tree path or a <rev>:<path> pin)
ERROR: research/kt-per-compressor-assembly-over-cluster-frames-proof.md: artifact not found: GroupApproximation/KunThom/CompressorNormalizationAssemblyThreshold.lean (want a working-tree path or a <rev>:<path> pin)
ERROR: research/kt-per-compressor-assembly-over-cluster-frames-proof.md: artifact not found: GroupApproximation/KunThom/CompressorNormalizationAssemblyFrameSteps.lean (want a working-tree path or a <rev>:<path> pin)
ERROR: research/kt-per-compressor-assembly-over-cluster-frames-proof.md: artifact not found: GroupApproximation/KunThom/CompressorNormalizationAssemblyDecomposition.lean (want a working-tree path or a <rev>:<path> pin)
ERROR: research/kt-per-compressor-assembly-over-cluster-frames-proof.md: artifact not found: GroupApproximation/KunThom/CompressorNormalizationAssemblyWords.lean (want a working-tree path or a <rev>:<path> pin)
ERROR: research/kt-per-compressor-assembly-over-cluster-frames-proof.md: artifact not found: GroupApproximation/KunThom/CompressorNormalizationAssemblyCore.lean (want a working-tree path or a <rev>:<path> pin)
ERROR: research/kt-per-compressor-assembly-over-cluster-frames-proof.md: artifact not found: GroupApproximation/KunThom/CompressorNormalizationAssemblyRelativeData.lean (want a working-tree path or a <rev>:<path> pin)
ERROR: research/kt-per-compressor-assembly-over-cluster-frames-proof.md: artifact not found: GroupApproximation/KunThom/CompressorNormalizationCore.lean (want a working-tree path or a <rev>:<path> pin)
ERROR: research/kt-per-compressor-assembly-over-cluster-frames.md: artifact not found: GroupApproximation/KunThom/CompressorNormalizationAssembly.lean (want a working-tree path or a <rev>:<path> pin)
ERROR: research/kt-per-compressor-assembly-over-cluster-frames.md: artifact not found: GroupApproximation/KunThom/CompressorNormalizationAssemblyFrame.lean (want a working-tree path or a <rev>:<path> pin)
ERROR: research/kt-per-compressor-assembly-over-cluster-frames.md: artifact not found: GroupApproximation/KunThom/CompressorNormalizationAssemblyThreshold.lean (want a working-tree path or a <rev>:<path> pin)
ERROR: research/kt-per-compressor-assembly-over-cluster-frames.md: artifact not found: GroupApproximation/KunThom/CompressorNormalizationAssemblyFrameSteps.lean (want a working-tree path or a <rev>:<path> pin)
ERROR: research/kt-per-compressor-assembly-over-cluster-frames.md: artifact not found: GroupApproximation/KunThom/CompressorNormalizationAssemblyDecomposition.lean (want a working-tree path or a <rev>:<path> pin)
ERROR: research/kt-per-compressor-assembly-over-cluster-frames.md: artifact not found: GroupApproximation/KunThom/CompressorNormalizationAssemblyWords.lean (want a working-tree path or a <rev>:<path> pin)
ERROR: research/kt-per-compressor-assembly-over-cluster-frames.md: artifact not found: GroupApproximation/KunThom/CompressorNormalizationAssemblyCore.lean (want a working-tree path or a <rev>:<path> pin)
ERROR: research/kt-per-compressor-assembly-over-cluster-frames.md: artifact not found: GroupApproximation/KunThom/CompressorNormalizationAssemblyRelativeData.lean (want a working-tree path or a <rev>:<path> pin)
ERROR: research/kt-per-compressor-assembly-over-cluster-frames.md: artifact not found: GroupApproximation/KunThom/CompressorNormalizationCore.lean (want a working-tree path or a <rev>:<path> pin)
ERROR: research/kt-q2-bass-serre-unique-trace-proof.md: artifact not found: notes/UNIQUE_TRACE_KUN_THOM_DOUBLE.md (want a working-tree path or a <rev>:<path> pin)
ERROR: research/kt-q2-double-has-trivial-amenable-radical.md: artifact not found: notes/UNIQUE_TRACE_KUN_THOM_DOUBLE.md (want a working-tree path or a <rev>:<path> pin)
ERROR: research/kt-q2-double-reduced-algebra-has-unique-trace.md: artifact not found: notes/UNIQUE_TRACE_KUN_THOM_DOUBLE.md (want a working-tree path or a <rev>:<path> pin)
ERROR: research/kt-q2-double-reduced-unique-trace-proof.md: artifact not found: notes/UNIQUE_TRACE_KUN_THOM_DOUBLE.md (want a working-tree path or a <rev>:<path> pin)
ERROR: research/kt-q2-double-trivial-amenable-radical-proof.md: artifact not found: notes/UNIQUE_TRACE_KUN_THOM_DOUBLE.md (want a working-tree path or a <rev>:<path> pin)
ERROR: research/kt-q2-reduced-cstar-has-unique-trace.md: artifact not found: notes/UNIQUE_TRACE_KUN_THOM_DOUBLE.md (want a working-tree path or a <rev>:<path> pin)
ERROR: research/kt-relative-cluster-functor-assembly-proof.md: artifact not found: GroupApproximation/KunThom/RelativeFunctorMetric.lean (want a working-tree path or a <rev>:<path> pin)
ERROR: research/kt-relative-cluster-functor-assembly-proof.md: artifact not found: GroupApproximation/KunThom/RelativeFunctorAssembly.lean (want a working-tree path or a <rev>:<path> pin)
ERROR: research/kt-relative-cluster-functor-assembly.md: artifact not found: GroupApproximation/KunThom/RelativeFunctorMetric.lean (want a working-tree path or a <rev>:<path> pin)
ERROR: research/kt-relative-cluster-functor-assembly.md: artifact not found: GroupApproximation/KunThom/RelativeFunctorAssembly.lean (want a working-tree path or a <rev>:<path> pin)
ERROR: research/kt-relative-cluster-functor-assembly.md: artifact not found: GroupApproximation/KunThom/RelativeFunctorBundle.lean (want a working-tree path or a <rev>:<path> pin)
ERROR: research/kt-relative-cluster-functor-assembly.md: artifact not found: GroupApproximation/KunThom/RelativeFunctorScaled.lean (want a working-tree path or a <rev>:<path> pin)
ERROR: research/kt-relative-functor-raw-map-defect-estimate-proof.md: artifact not found: GroupApproximation/KunThom/RelativeFunctorEstimate.lean (want a working-tree path or a <rev>:<path> pin)
ERROR: research/kt-relative-functor-raw-map-defect-estimate.md: artifact not found: GroupApproximation/KunThom/RelativeFunctorEstimate.lean (want a working-tree path or a <rev>:<path> pin)
ERROR: research/kt-relative-functor-raw-map-defect-estimate.md: artifact not found: GroupApproximation/KunThom/RelativeFunctorEstimateMatching.lean (want a working-tree path or a <rev>:<path> pin)
ERROR: research/kt-shulman-profinite-vertex-model-is-nontempered.md: artifact not found: notes/WEAK_MF_NONSOFIC_DOUBLE.md (want a working-tree path or a <rev>:<path> pin)
ERROR: research/kt-step-nine-hamming-estimate-from-actual-defects-proof.md: artifact not found: GroupApproximation/KunThom/StepNineHammingReference.lean (want a working-tree path or a <rev>:<path> pin)
ERROR: research/kt-step-nine-hamming-estimate-from-actual-defects-proof.md: artifact not found: GroupApproximation/KunThom/StepNineHammingEstimate.lean (want a working-tree path or a <rev>:<path> pin)
ERROR: research/kt-step-nine-hamming-estimate-from-actual-defects-proof.md: artifact not found: GroupApproximation/KunThom/StepNineHammingSums.lean (want a working-tree path or a <rev>:<path> pin)
ERROR: research/kt-step-nine-hamming-estimate-from-actual-defects.md: artifact not found: GroupApproximation/KunThom/StepNineHammingReference.lean (want a working-tree path or a <rev>:<path> pin)
ERROR: research/kt-step-nine-hamming-estimate-from-actual-defects.md: artifact not found: GroupApproximation/KunThom/StepNineHammingEstimate.lean (want a working-tree path or a <rev>:<path> pin)
ERROR: research/kt-step-nine-hamming-estimate-from-actual-defects.md: artifact not found: GroupApproximation/KunThom/StepNineHammingSums.lean (want a working-tree path or a <rev>:<path> pin)
ERROR: research/kt-step-nine-hamming-for-transported-bisections-proof.md: artifact not found: GroupApproximation/KunThom/StepNineHammingProducerNear.lean (want a working-tree path or a <rev>:<path> pin)
ERROR: research/kt-step-nine-hamming-for-transported-bisections-proof.md: artifact not found: GroupApproximation/KunThom/StepNineHammingProducerSums.lean (want a working-tree path or a <rev>:<path> pin)
ERROR: research/kt-step-nine-hamming-for-transported-bisections-proof.md: artifact not found: GroupApproximation/KunThom/StepNineHammingProducerObjects.lean (want a working-tree path or a <rev>:<path> pin)
ERROR: research/kt-step-nine-hamming-for-transported-bisections-proof.md: artifact not found: GroupApproximation/KunThom/StepNineHammingProducer.lean (want a working-tree path or a <rev>:<path> pin)
ERROR: research/kt-step-nine-hamming-for-transported-bisections.md: artifact not found: GroupApproximation/KunThom/StepNineHammingProducerNear.lean (want a working-tree path or a <rev>:<path> pin)
ERROR: research/kt-step-nine-hamming-for-transported-bisections.md: artifact not found: GroupApproximation/KunThom/StepNineHammingProducerSums.lean (want a working-tree path or a <rev>:<path> pin)
ERROR: research/kt-step-nine-hamming-for-transported-bisections.md: artifact not found: GroupApproximation/KunThom/StepNineHammingProducerObjects.lean (want a working-tree path or a <rev>:<path> pin)
ERROR: research/kt-step-nine-hamming-for-transported-bisections.md: artifact not found: GroupApproximation/KunThom/StepNineHammingProducer.lean (want a working-tree path or a <rev>:<path> pin)
ERROR: research/kt-step-nine-near-bound-from-counting-lift-proof.md: artifact not found: GroupApproximation/KunThom/StepNineNear.lean (want a working-tree path or a <rev>:<path> pin)
ERROR: research/kt-step-nine-near-bound-from-counting-lift.md: artifact not found: GroupApproximation/KunThom/StepNineNear.lean (want a working-tree path or a <rev>:<path> pin)
ERROR: research/kun-expander-decomposition-formalized-proof.md: artifact not found: GroupApproximation/Kun/KunDecomposition.lean (want a working-tree path or a <rev>:<path> pin)
ERROR: research/kun-expander-decomposition-formalized-proof.md: artifact not found: GroupApproximation/Kun/KunFinitePartition.lean (want a working-tree path or a <rev>:<path> pin)
ERROR: research/kun-expander-decomposition-formalized-proof.md: artifact not found: GroupApproximation/Kun/KunMarkerSelection.lean (want a working-tree path or a <rev>:<path> pin)
ERROR: research/kun-expander-decomposition-formalized-proof.md: artifact not found: GroupApproximation/Kun/KunSelectiveRepairExpansion.lean (want a working-tree path or a <rev>:<path> pin)
ERROR: research/kun-expander-decomposition-formalized-proof.md: artifact not found: GroupApproximation/Kun/KunBoundary.lean (want a working-tree path or a <rev>:<path> pin)
ERROR: research/kun-expander-decomposition-formalized-proof.md: artifact not found: GroupApproximation/Kun/KunUniformRemoval.lean (want a working-tree path or a <rev>:<path> pin)
ERROR: research/kun-expander-decomposition-formalized.md: artifact not found: GroupApproximation/Kun/KunDecomposition.lean (want a working-tree path or a <rev>:<path> pin)
ERROR: research/kun-expander-decomposition-formalized.md: artifact not found: GroupApproximation/Kun/KunFixedDecomposition.lean (want a working-tree path or a <rev>:<path> pin)
ERROR: research/kun-expander-decomposition-formalized.md: artifact not found: GroupApproximation/Kun/KunPartition.lean (want a working-tree path or a <rev>:<path> pin)
ERROR: research/kun-expander-decomposition-formalized.md: artifact not found: GroupApproximation/Kun/KunRepairExpansion.lean (want a working-tree path or a <rev>:<path> pin)
ERROR: research/kun-expander-decomposition-formalized.md: artifact not found: GroupApproximation/Kun/KunBoundary.lean (want a working-tree path or a <rev>:<path> pin)
ERROR: research/kun-thom-actor-atiyah-formal-torus-proof.md: artifact not found: experiments/kun-thom-formal-torus-2026-09-17/check_formal_torus.py (want a working-tree path or a <rev>:<path> pin)
ERROR: research/kun-thom-actor-strong-atiyah-via-formal-torus.md: artifact not found: experiments/kun-thom-formal-torus-2026-09-17/check_formal_torus.py (want a working-tree path or a <rev>:<path> pin)
ERROR: research/kun-thom-actor-strong-atiyah-via-formal-torus.md: artifact not found: experiments/kun-thom-formal-torus-2026-09-17/check_formal_torus.out (want a working-tree path or a <rev>:<path> pin)
ERROR: research/kun-thom-car-crossed-product-not-mf-proof.md: artifact not found: notes/FALSE_CLIFFORD_NORM_MF_STERILITY.md (want a working-tree path or a <rev>:<path> pin)
ERROR: research/kun-thom-clifford-ce-route.md: artifact not found: notes/TRUE_KUN_THOM_CLIFFORD_PHASE.md (want a working-tree path or a <rev>:<path> pin)
ERROR: research/kun-thom-clifford-ce-route.md: artifact not found: notes/FALSE_FERMIONIC_KUN_THOM_ENDPOINT.md (want a working-tree path or a <rev>:<path> pin)
ERROR: research/kun-thom-clifford-cover-weakly-sofic-proof.md: artifact not found: notes/TRUE_RELATIVE_WALL_IS_COMMUTANT_GROWTH.md (want a working-tree path or a <rev>:<path> pin)
ERROR: research/kun-thom-clifford-cover-weakly-sofic.md: artifact not found: notes/TRUE_RELATIVE_WALL_IS_COMMUTANT_GROWTH.md (want a working-tree path or a <rev>:<path> pin)
ERROR: research/kun-thom-clifford-crossed-product-ce.md: artifact not found: notes/TRUE_KUN_THOM_CLIFFORD_PHASE.md (want a working-tree path or a <rev>:<path> pin)
ERROR: research/kun-thom-clifford-crossed-product-ce.md: artifact not found: notes/FALSE_FERMIONIC_KUN_THOM_ENDPOINT.md (want a working-tree path or a <rev>:<path> pin)
ERROR: research/kun-thom-clifford-extension-not-weak-mf-proof.md: artifact not found: notes/FALSE_CLIFFORD_NORM_MF_STERILITY.md (want a working-tree path or a <rev>:<path> pin)
ERROR: research/kun-thom-clifford-extension-not-weak-mf-via-central-sign.md: artifact not found: notes/FALSE_CLIFFORD_NORM_MF_STERILITY.md (want a working-tree path or a <rev>:<path> pin)
ERROR: research/kun-thom-clifford-extension-not-weak-mf-via-central-sign.md: artifact not found: GroupApproximation/Sofic/KazhdanSignCriterion.lean (want a working-tree path or a <rev>:<path> pin)
ERROR: research/kun-thom-clifford-extension-not-weak-mf.md: artifact not found: notes/FALSE_CLIFFORD_NORM_MF_STERILITY.md (want a working-tree path or a <rev>:<path> pin)
ERROR: research/kun-thom-clifford-radical-phase-proof.md: artifact not found: notes/TRUE_KUN_THOM_CLIFFORD_PHASE.md (want a working-tree path or a <rev>:<path> pin)
ERROR: research/kun-thom-clifford-radical-phase-proof.md: artifact not found: GroupApproximation/Sofic/CliffordLampGroup.lean (want a working-tree path or a <rev>:<path> pin)
ERROR: research/kun-thom-clifford-radical-phase-proof.md: artifact not found: GroupApproximation/Sofic/CliffordPhaseExtraction.lean (want a working-tree path or a <rev>:<path> pin)
ERROR: research/kun-thom-clifford-radical-phase-proof.md: artifact not found: GroupApproximation/Sofic/AntipodalRadicalCollision.lean (want a working-tree path or a <rev>:<path> pin)
ERROR: research/kun-thom-clifford-radical-phase.md: artifact not found: notes/TRUE_KUN_THOM_CLIFFORD_PHASE.md (want a working-tree path or a <rev>:<path> pin)
ERROR: research/kun-thom-clifford-radical-phase.md: artifact not found: GroupApproximation/Sofic/CliffordLampGroup.lean (want a working-tree path or a <rev>:<path> pin)
ERROR: research/kun-thom-clifford-radical-phase.md: artifact not found: GroupApproximation/Sofic/CliffordPhaseExtraction.lean (want a working-tree path or a <rev>:<path> pin)
ERROR: research/kun-thom-clifford-radical-phase.md: artifact not found: GroupApproximation/Sofic/AntipodalRadicalCollision.lean (want a working-tree path or a <rev>:<path> pin)
ERROR: research/kun-thom-clifford-relative-wall-route.md: artifact not found: notes/TRUE_KUN_THOM_CLIFFORD_PHASE.md (want a working-tree path or a <rev>:<path> pin)
ERROR: research/kun-thom-clifford-relative-wall-route.md: artifact not found: GroupApproximation/Sofic/CliffordPhaseExtraction.lean (want a working-tree path or a <rev>:<path> pin)
ERROR: research/kun-thom-clifford-relative-wall-route.md: artifact not found: GroupApproximation/Sofic/AntipodalRadicalCollision.lean (want a working-tree path or a <rev>:<path> pin)
ERROR: research/kun-thom-clifford-relative-wall.md: artifact not found: notes/TRUE_KUN_THOM_CLIFFORD_PHASE.md (want a working-tree path or a <rev>:<path> pin)
ERROR: research/kun-thom-clifford-relative-wall.md: artifact not found: notes/TRUE_CLIFFORD_HYPERLINEARITY_FORCES_AMBIENT_HS_INSTABILITY.md (want a working-tree path or a <rev>:<path> pin)
ERROR: research/kun-thom-clifford-relative-wall.md: artifact not found: notes/TRUE_RELATIVE_WALL_IS_COMMUTANT_GROWTH.md (want a working-tree path or a <rev>:<path> pin)
ERROR: research/kun-thom-clifford-relative-wall.md: artifact not found: notes/FALSE_RELATIVE_WALL_FORCES_FLEXIBLE_HS_INSTABILITY.md (want a working-tree path or a <rev>:<path> pin)
ERROR: research/kun-thom-clifford-relative-wall.md: artifact not found: notes/FALSE_ONE_INVOLUTION_INSTABILITY.md (want a working-tree path or a <rev>:<path> pin)
ERROR: research/kun-thom-clifford-relative-wall.md: artifact not found: GroupApproximation/Sofic/CliffordPhaseExtraction.lean (want a working-tree path or a <rev>:<path> pin)
ERROR: research/kun-thom-clifford-relative-wall.md: artifact not found: GroupApproximation/Sofic/AntipodalRadicalCollision.lean (want a working-tree path or a <rev>:<path> pin)
ERROR: research/kun-thom-clifford-wall-normal-form-route.md: artifact not found: notes/TRUE_RELATIVE_WALL_IS_COMMUTANT_GROWTH.md (want a working-tree path or a <rev>:<path> pin)
ERROR: research/kun-thom-clifford-wall-normal-form-route.md: artifact not found: notes/TRUE_KUN_THOM_CLIFFORD_PHASE.md (want a working-tree path or a <rev>:<path> pin)
ERROR: research/kun-thom-expander-centralizer-formalized-proof.md: artifact not found: GroupApproximation/KunThom/KunThomTheorem.lean (want a working-tree path or a <rev>:<path> pin)
ERROR: research/kun-thom-expander-centralizer-formalized-proof.md: artifact not found: GroupApproximation/KunThom/KunThomCorrelation.lean (want a working-tree path or a <rev>:<path> pin)
ERROR: research/kun-thom-expander-centralizer-formalized-proof.md: artifact not found: GroupApproximation/KunThom/KunThomDiagonal.lean (want a working-tree path or a <rev>:<path> pin)
ERROR: research/kun-thom-expander-centralizer-formalized-proof.md: artifact not found: GroupApproximation/KunThom/KunThomRounding.lean (want a working-tree path or a <rev>:<path> pin)
ERROR: research/kun-thom-expander-centralizer-formalized-proof.md: artifact not found: GroupApproximation/KunThom/KunThomFiniteMarkov.lean (want a working-tree path or a <rev>:<path> pin)
ERROR: research/kun-thom-expander-centralizer-formalized-proof.md: artifact not found: GroupApproximation/KunThom/KunThomEssential.lean (want a working-tree path or a <rev>:<path> pin)
ERROR: research/kun-thom-expander-centralizer-formalized.md: artifact not found: GroupApproximation/KunThom/KunThomTheorem.lean (want a working-tree path or a <rev>:<path> pin)
ERROR: research/kun-thom-expander-centralizer-formalized.md: artifact not found: GroupApproximation/KunThom/KunThomEssential.lean (want a working-tree path or a <rev>:<path> pin)
ERROR: research/kun-thom-expander-centralizer-formalized.md: artifact not found: GroupApproximation/KunThom/KunThomCorrelation.lean (want a working-tree path or a <rev>:<path> pin)
ERROR: research/kun-thom-expander-centralizer-formalized.md: artifact not found: GroupApproximation/KunThom/KunThomDiagonal.lean (want a working-tree path or a <rev>:<path> pin)
ERROR: research/kun-thom-expander-centralizer-formalized.md: artifact not found: GroupApproximation/KunThom/KunThomParameters.lean (want a working-tree path or a <rev>:<path> pin)
ERROR: research/kun-thom-finitary-action-has-no-normalizer-lift.md: artifact not found: notes/HYPERLINEAR_NONSOFIC_ATTEMPT_2026-08-26.md (want a working-tree path or a <rev>:<path> pin)
ERROR: research/kun-thom-finitary-action-lifts-to-normalizer.md: artifact not found: notes/HYPERLINEAR_NONSOFIC_ATTEMPT_2026-08-26.md (want a working-tree path or a <rev>:<path> pin)
ERROR: research/kun-thom-finitary-normalizer-lift-proves-hyperlinear-wreath.md: artifact not found: notes/HYPERLINEAR_NONSOFIC_ATTEMPT_2026-08-26.md (want a working-tree path or a <rev>:<path> pin)
ERROR: research/kun-thom-wreath-weak-mf.md: artifact not found: notes/NOTEPAD.md (want a working-tree path or a <rev>:<path> pin)
ERROR: research/labbe-ball-legality-is-pairwise-at-radii-two-to-seven-proof.md: artifact not found: experiments/fp-simple-relation-climbing/labbe_lang.py (want a working-tree path or a <rev>:<path> pin)
ERROR: research/labbe-ball-legality-is-pairwise-at-radii-two-to-seven-proof.md: artifact not found: experiments/fp-simple-relation-climbing/labbe_orders.py (want a working-tree path or a <rev>:<path> pin)
ERROR: research/labbe-ball-legality-is-pairwise-at-radii-two-to-seven.md: artifact not found: experiments/fp-simple-relation-climbing/labbe_lang.py (want a working-tree path or a <rev>:<path> pin)
ERROR: research/labbe-ball-legality-is-pairwise-at-radii-two-to-seven.md: artifact not found: experiments/fp-simple-relation-climbing/labbe_orders.py (want a working-tree path or a <rev>:<path> pin)
ERROR: research/labbe-ring-matricial-iff-scale-one-torus-module-proof.md: artifact not found: experiments/labbe-covariant-tower-inflation-2026-09-16/omega_shapes.py (want a working-tree path or a <rev>:<path> pin)
ERROR: research/labbe-ring-matricial-iff-scale-one-torus-module-proof.md: artifact not found: experiments/labbe-covariant-tower-inflation-2026-09-16/output.txt (want a working-tree path or a <rev>:<path> pin)
ERROR: research/labbe-ring-matricial-iff-scale-one-torus-module.md: artifact not found: experiments/labbe-covariant-tower-inflation-2026-09-16/omega_shapes.py (want a working-tree path or a <rev>:<path> pin)
ERROR: research/labbe-ring-matricial-iff-scale-one-torus-module.md: artifact not found: experiments/labbe-covariant-tower-inflation-2026-09-16/output.txt (want a working-tree path or a <rev>:<path> pin)
ERROR: research/lamp-character-orbit-separation-proof.md: artifact not found: notes/TRUE_LAMP_CHARACTER_ORBIT_SEPARATION.md (want a working-tree path or a <rev>:<path> pin)
ERROR: research/lamp-character-orbit-separation.md: artifact not found: notes/TRUE_LAMP_CHARACTER_ORBIT_SEPARATION.md (want a working-tree path or a <rev>:<path> pin)
ERROR: research/lamp-charts-recover-set-action-proof.md: artifact not found: notes/TRUE_LAMP_CHARTS_RECOVER_THE_SET_ACTION.md (want a working-tree path or a <rev>:<path> pin)
ERROR: research/lamp-charts-recover-set-action.md: artifact not found: notes/TRUE_LAMP_CHARTS_RECOVER_THE_SET_ACTION.md (want a working-tree path or a <rev>:<path> pin)
ERROR: research/lamp-charts-recover-set-action.md: artifact not found: notes/FALSE_HALO_ACTION_AUDIT.md (want a working-tree path or a <rev>:<path> pin)
ERROR: research/lamp-telescope-base-is-lef.md: artifact not found: notes/COMMUTING_LAMP_QUOTIENT_STRUCTURE_AND_MF_FORK_2026-08-14.md (want a working-tree path or a <rev>:<path> pin)
ERROR: research/lamp-telescope-base-lef-proof.md: artifact not found: notes/COMMUTING_LAMP_QUOTIENT_STRUCTURE_AND_MF_FORK_2026-08-14.md (want a working-tree path or a <rev>:<path> pin)
ERROR: research/lanner-tree-noncrossing-intervals-are-not-lattices-proof.md: artifact not found: experiments/artin-dual-lattice-2026-09-17/bowties_label4.py (want a working-tree path or a <rev>:<path> pin)
ERROR: research/lanner-tree-noncrossing-intervals-are-not-lattices-proof.md: artifact not found: experiments/artin-dual-lattice-2026-09-17/verify_bowtie_label4.py (want a working-tree path or a <rev>:<path> pin)
ERROR: research/lanner-tree-noncrossing-intervals-are-not-lattices-proof.md: artifact not found: experiments/artin-dual-lattice-2026-09-17/cert-5333.json (want a working-tree path or a <rev>:<path> pin)
ERROR: research/lanner-tree-noncrossing-intervals-are-not-lattices-proof.md: artifact not found: experiments/artin-dual-lattice-2026-09-17/cert-5334.json (want a working-tree path or a <rev>:<path> pin)
ERROR: research/lanner-tree-noncrossing-intervals-are-not-lattices-proof.md: artifact not found: experiments/artin-dual-lattice-2026-09-17/cert-5335.json (want a working-tree path or a <rev>:<path> pin)
ERROR: research/lanner-tree-noncrossing-intervals-are-not-lattices-proof.md: artifact not found: experiments/artin-dual-lattice-2026-09-17/cert-435.json (want a working-tree path or a <rev>:<path> pin)
ERROR: research/lanner-tree-noncrossing-intervals-are-not-lattices-proof.md: artifact not found: experiments/artin-dual-lattice-2026-09-17/cert-535.json (want a working-tree path or a <rev>:<path> pin)
ERROR: research/lanner-tree-noncrossing-intervals-are-not-lattices-proof.md: artifact not found: experiments/artin-dual-lattice-2026-09-17/results-lanner.txt (want a working-tree path or a <rev>:<path> pin)
ERROR: research/lanner-tree-noncrossing-intervals-are-not-lattices.md: artifact not found: experiments/artin-dual-lattice-2026-09-17/bowties_label4.py (want a working-tree path or a <rev>:<path> pin)
ERROR: research/lanner-tree-noncrossing-intervals-are-not-lattices.md: artifact not found: experiments/artin-dual-lattice-2026-09-17/verify_bowtie_label4.py (want a working-tree path or a <rev>:<path> pin)
ERROR: research/lanner-tree-noncrossing-intervals-are-not-lattices.md: artifact not found: experiments/artin-dual-lattice-2026-09-17/cert-5333.json (want a working-tree path or a <rev>:<path> pin)
ERROR: research/lanner-tree-noncrossing-intervals-are-not-lattices.md: artifact not found: experiments/artin-dual-lattice-2026-09-17/cert-5334.json (want a working-tree path or a <rev>:<path> pin)
ERROR: research/lanner-tree-noncrossing-intervals-are-not-lattices.md: artifact not found: experiments/artin-dual-lattice-2026-09-17/cert-5335.json (want a working-tree path or a <rev>:<path> pin)
ERROR: research/lanner-tree-noncrossing-intervals-are-not-lattices.md: artifact not found: experiments/artin-dual-lattice-2026-09-17/cert-435.json (want a working-tree path or a <rev>:<path> pin)
ERROR: research/lanner-tree-noncrossing-intervals-are-not-lattices.md: artifact not found: experiments/artin-dual-lattice-2026-09-17/cert-535.json (want a working-tree path or a <rev>:<path> pin)
ERROR: research/lanner-tree-noncrossing-intervals-are-not-lattices.md: artifact not found: experiments/artin-dual-lattice-2026-09-17/results-lanner.txt (want a working-tree path or a <rev>:<path> pin)
ERROR: research/laurent-nonunimodular-cohn-matrices-are-elementary.md: artifact not found: experiments/sl2-laurent-e2-census-2026-09-17/mreduce.py (want a working-tree path or a <rev>:<path> pin)
ERROR: research/laurent-nonunimodular-cohn-matrices-are-elementary.md: artifact not found: experiments/sl2-laurent-e2-census-2026-09-17/level_census.py (want a working-tree path or a <rev>:<path> pin)
ERROR: research/laurent-nonunimodular-cohn-matrices-are-elementary.md: artifact not found: experiments/sl2-laurent-e2-census-2026-09-17/mcensus.py (want a working-tree path or a <rev>:<path> pin)
ERROR: research/laurent-nonunimodular-cohn-matrices-are-elementary.md: artifact not found: experiments/sl2-laurent-e2-census-2026-09-17/hard_cases.py (want a working-tree path or a <rev>:<path> pin)
ERROR: research/laurent-nonunimodular-cohn-matrices-are-elementary.md: artifact not found: experiments/sl2-laurent-e2-census-2026-09-17/results.txt (want a working-tree path or a <rev>:<path> pin)
ERROR: research/laurent-nonunimodular-cohn-matrices-are-elementary.md: artifact not found: experiments/sl2-laurent-e2-census-2026-09-17/wide_cases.py (want a working-tree path or a <rev>:<path> pin)
ERROR: research/laurent-nonunimodular-cohn-matrices-are-elementary.md: artifact not found: experiments/sl2-laurent-e2-census-2026-09-17/vorbit.py (want a working-tree path or a <rev>:<path> pin)
ERROR: research/laurent-nonunimodular-cohn-matrices-are-elementary.md: artifact not found: experiments/sl2-laurent-e2-census-2026-09-17/vreduce.py (want a working-tree path or a <rev>:<path> pin)
ERROR: research/laurent-nonunimodular-cohn-matrices-are-elementary.md: artifact not found: experiments/sl2-laurent-e2-census-2026-09-17/vreduce_results.txt (want a working-tree path or a <rev>:<path> pin)
ERROR: research/lcs-five-equations-closure-and-pentagram-proof.md: artifact not found: experiments/lcs-five-equations-2026-09-16/verify.py (want a working-tree path or a <rev>:<path> pin)
ERROR: research/lcs-five-equations-closure-and-pentagram-proof.md: artifact not found: experiments/lcs-five-equations-2026-09-16/verify.out (want a working-tree path or a <rev>:<path> pin)
ERROR: research/lcs-with-at-most-five-equations-has-no-ru-gap.md: artifact not found: experiments/lcs-five-equations-2026-09-16/verify.py (want a working-tree path or a <rev>:<path> pin)
ERROR: research/lcs-with-at-most-five-equations-has-no-ru-gap.md: artifact not found: experiments/lcs-five-equations-2026-09-16/verify.out (want a working-tree path or a <rev>:<path> pin)
ERROR: research/lcs-with-at-most-five-equations-has-no-ru-gap.md: artifact not found: experiments/lcs-five-equations-2026-09-16/census6.py (want a working-tree path or a <rev>:<path> pin)
ERROR: research/lcs-with-at-most-five-equations-has-no-ru-gap.md: artifact not found: experiments/lcs-five-equations-2026-09-16/census6.out (want a working-tree path or a <rev>:<path> pin)
ERROR: research/leavitt-algebras-over-countable-fields-full-mf-radical-proof.md: artifact not found: non_mf_groups_exist.tex (want a working-tree path or a <rev>:<path> pin)
ERROR: research/leavitt-algebras-over-countable-fields-full-mf-radical.md: artifact not found: non_mf_groups_exist.tex (want a working-tree path or a <rev>:<path> pin)
ERROR: research/leavitt-all-countable-central-covers-are-nonsofic.md: artifact not found: notes/NOTEPAD.md (want a working-tree path or a <rev>:<path> pin)
ERROR: research/leavitt-all-countable-central-covers-are-nonsofic.md: artifact not found: notes/EXPLICIT_LEAVITT_ATLAS.md (want a working-tree path or a <rev>:<path> pin)
ERROR: research/leavitt-atlas-full-coefficient-purification.md: artifact not found: notes/EXPLICIT_LEAVITT_ATLAS.md (want a working-tree path or a <rev>:<path> pin)
ERROR: research/leavitt-balanced-corners-finite-trace-proof.md: artifact not found: experiments/kaplansky_trace_certificate.py (want a working-tree path or a <rev>:<path> pin)
ERROR: research/leavitt-balanced-corners-finite-trace-proof.md: artifact not found: experiments/test_kaplansky_trace_certificate.py (want a working-tree path or a <rev>:<path> pin)
ERROR: research/leavitt-center-is-coefficient-field.md: artifact not found: GroupApproximation/Leavitt/BinaryLeavittSimple.lean (want a working-tree path or a <rev>:<path> pin)
ERROR: research/leavitt-center-kill-word-sandwich-proof.md: artifact not found: GroupApproximation/Leavitt/BinaryLeavittSimple.lean (want a working-tree path or a <rev>:<path> pin)
ERROR: research/leavitt-central-cover-nonsofic-proof.md: artifact not found: notes/NOTEPAD.md (want a working-tree path or a <rev>:<path> pin)
ERROR: research/leavitt-character-mass-escapes-to-finer-characters.md: artifact not found: GroupApproximation/Criterion/FiniteDimensionalKill.lean (want a working-tree path or a <rev>:<path> pin)
ERROR: research/leavitt-compression-preserves-root-position-support.md: artifact not found: GroupApproximation/Leavitt/LeavittMatrixCompression.lean (want a working-tree path or a <rev>:<path> pin)
ERROR: research/leavitt-cross-atlas-eleven-term-s0-lift.md: artifact not found: experiments/kaplansky_affine_lift_search.py (want a working-tree path or a <rev>:<path> pin)
ERROR: research/leavitt-cross-atlas-eleven-term-s0-lift.md: artifact not found: experiments/kaplansky_minimum_lift_certificate.py (want a working-tree path or a <rev>:<path> pin)
ERROR: research/leavitt-cylinder-swaps-generate-thompson-in-el-proof.md: artifact not found: c1168433:official/counterexample.tex (want a working-tree path or a <rev>:<path> pin)
ERROR: research/leavitt-cylinder-swaps-generate-thompson-in-el.md: artifact not found: c1168433:official/counterexample.tex (want a working-tree path or a <rev>:<path> pin)
ERROR: research/leavitt-cylinder-swaps-generate-thompson-in-el.md: artifact not found: GroupApproximation/Leavitt/ThompsonVWitness.lean (want a working-tree path or a <rev>:<path> pin)
ERROR: research/leavitt-cylinder-swaps-generate-thompson-in-el.md: artifact not found: GroupApproximation/Leavitt/ThompsonVEmbedding.lean (want a working-tree path or a <rev>:<path> pin)
ERROR: research/leavitt-diagonal-compression-is-elementary-amenable-proof.md: artifact not found: notes/PROPERTY_T_FREE_MF_ATTEMPT_2026-08-26.md (want a working-tree path or a <rev>:<path> pin)
ERROR: research/leavitt-diagonal-compression-is-elementary-amenable-proof.md: artifact not found: non_mf_groups_exist.tex (want a working-tree path or a <rev>:<path> pin)
ERROR: research/leavitt-diagonal-compression-is-elementary-amenable.md: artifact not found: notes/PROPERTY_T_FREE_MF_ATTEMPT_2026-08-26.md (want a working-tree path or a <rev>:<path> pin)
ERROR: research/leavitt-diagonal-compression-is-elementary-amenable.md: artifact not found: non_mf_groups_exist.tex (want a working-tree path or a <rev>:<path> pin)
ERROR: research/leavitt-first-mixed-amenable-face-relator.md: artifact not found: non_mf_groups_exist.tex (want a working-tree path or a <rev>:<path> pin)
ERROR: research/leavitt-gl-equals-el-and-perfect-unit-group-proof.md: artifact not found: GroupApproximation/KOne/AllRanksElementary.lean (want a working-tree path or a <rev>:<path> pin)
ERROR: research/leavitt-gl-equals-el-and-perfect-unit-group-proof.md: artifact not found: GroupApproximation/KOne/AllRanksElementaryCore.lean (want a working-tree path or a <rev>:<path> pin)
ERROR: research/leavitt-gl-equals-el-and-perfect-unit-group.md: artifact not found: GroupApproximation/KOne/AllRanksElementary.lean (want a working-tree path or a <rev>:<path> pin)
ERROR: research/leavitt-gl-equals-el-and-perfect-unit-group.md: artifact not found: GroupApproximation/KOne/AllRanksElementaryCore.lean (want a working-tree path or a <rev>:<path> pin)
ERROR: research/leavitt-gl-equals-el-and-perfect-unit-group.md: artifact not found: GroupApproximation/Leavitt/PrefixCode.lean (want a working-tree path or a <rev>:<path> pin)
ERROR: research/leavitt-heisenberg-branch-doubles-character-multiplicity.md: artifact not found: non_mf_groups_exist.tex (want a working-tree path or a <rev>:<path> pin)
ERROR: research/leavitt-heisenberg-branch-doubles-character-multiplicity.md: artifact not found: GroupApproximation/Criterion/CompressionCentralizerDefect.lean (want a working-tree path or a <rev>:<path> pin)
ERROR: research/leavitt-hyperlinear-branch-implies-thompson-v-hyperlinear-proof.md: artifact not found: notes/HYPERLINEAR_NONSOFIC_ATTEMPT_2026-08-26.md (want a working-tree path or a <rev>:<path> pin)
ERROR: research/leavitt-hyperlinear-branch-implies-thompson-v-hyperlinear.md: artifact not found: notes/HYPERLINEAR_NONSOFIC_ATTEMPT_2026-08-26.md (want a working-tree path or a <rev>:<path> pin)
ERROR: research/leavitt-kernel-annihilator-strict-self-embedding.md: artifact not found: GroupApproximation/Leavitt/UnitAdditiveSpan.lean (want a working-tree path or a <rev>:<path> pin)
ERROR: research/leavitt-llp-permanence-fence.md: artifact not found: GroupApproximation/Leavitt/ThompsonVEmbedding.lean (want a working-tree path or a <rev>:<path> pin)
ERROR: research/leavitt-matrix-amplification-in-unit-group-algebra-proof.md: artifact not found: GroupApproximation/Leavitt/LeavittSelfSimilarity.lean (want a working-tree path or a <rev>:<path> pin)
ERROR: research/leavitt-matrix-amplification-in-unit-group-algebra-proof.md: artifact not found: GroupApproximation/Leavitt/LeavittDiagonalClass.lean (want a working-tree path or a <rev>:<path> pin)
ERROR: research/leavitt-multiplicative-trace-floor-proof.md: artifact not found: GroupApproximation/Sofic/LeavittTraceFloor.lean (want a working-tree path or a <rev>:<path> pin)
ERROR: research/leavitt-multiplicative-trace-floor.md: artifact not found: GroupApproximation/Sofic/LeavittTraceFloor.lean (want a working-tree path or a <rev>:<path> pin)
ERROR: research/leavitt-multiplicative-trace-floor.md: artifact not found: notes/TRUE_POSITIVE_DENSITY_LEAVITT_DECODER_ENDGAME.md (want a working-tree path or a <rev>:<path> pin)
ERROR: research/leavitt-one-compressor-defect-amenable-subgroups-proof.md: artifact not found: non_mf_groups_exist.tex (want a working-tree path or a <rev>:<path> pin)
ERROR: research/leavitt-one-compressor-defect-amenable-subgroups-proof.md: artifact not found: GroupApproximation/Manuscript/OneSidedMFRadical/RankTwelveConfiguration.lean (want a working-tree path or a <rev>:<path> pin)
ERROR: research/leavitt-one-compressor-defect-lies-in-amenable-subgroups.md: artifact not found: non_mf_groups_exist.tex (want a working-tree path or a <rev>:<path> pin)
ERROR: research/leavitt-one-compressor-defect-lies-in-amenable-subgroups.md: artifact not found: GroupApproximation/Manuscript/OneSidedMFRadical/RankTwelveConfiguration.lean (want a working-tree path or a <rev>:<path> pin)
ERROR: research/leavitt-rank-three-unit-lift-proof.md: artifact not found: GroupApproximation/Leavitt/LeavittSelfSimilarity.lean (want a working-tree path or a <rev>:<path> pin)
ERROR: research/leavitt-regular-atlas-block-monomial-gap.md: artifact not found: notes/EXPLICIT_LEAVITT_ATLAS.md (want a working-tree path or a <rev>:<path> pin)
ERROR: research/leavitt-regular-atlas-hyperlinearity-criterion-proof.md: artifact not found: notes/EXPLICIT_LEAVITT_ATLAS.md (want a working-tree path or a <rev>:<path> pin)
ERROR: research/leavitt-regular-atlas-hyperlinearity-criterion.md: artifact not found: notes/EXPLICIT_LEAVITT_ATLAS.md (want a working-tree path or a <rev>:<path> pin)
ERROR: research/leavitt-regular-atlas-permutation-cover-impossible.md: artifact not found: notes/EXPLICIT_LEAVITT_ATLAS.md (want a working-tree path or a <rev>:<path> pin)
ERROR: research/leavitt-regular-atlas-separating-refinement-proof.md: artifact not found: notes/EXPLICIT_LEAVITT_ATLAS.md (want a working-tree path or a <rev>:<path> pin)
ERROR: research/leavitt-regular-atlas-separating-refinement.md: artifact not found: notes/EXPLICIT_LEAVITT_ATLAS.md (want a working-tree path or a <rev>:<path> pin)
ERROR: research/leavitt-rooted-defect-window-carries-no-strict-design.md: artifact not found: experiments/gk3-leavitt-nonlinear/defect_direct_tables.py (want a working-tree path or a <rev>:<path> pin)
ERROR: research/leavitt-rooted-defect-window-no-strict-design-proof.md: artifact not found: experiments/gk3-leavitt-nonlinear/defect_direct_tables.py (want a working-tree path or a <rev>:<path> pin)
ERROR: research/leavitt-seven-cell-thompson-completion-requires-moved-pairs.md: artifact not found: experiments/leavitt_seven_cell_exact_replay.py (want a working-tree path or a <rev>:<path> pin)
ERROR: research/leavitt-steinberg-hs-stability-fork-proof.md: artifact not found: notes/ATLAS_HS_CRITERION.md (want a working-tree path or a <rev>:<path> pin)
ERROR: research/leavitt-steinberg-hs-stability-fork-proof.md: artifact not found: notes/NOTEPAD.md (want a working-tree path or a <rev>:<path> pin)
ERROR: research/leavitt-steinberg-hs-stability-fork.md: artifact not found: notes/ATLAS_HS_CRITERION.md (want a working-tree path or a <rev>:<path> pin)
ERROR: research/leavitt-steinberg-hs-stability-fork.md: artifact not found: notes/NON_MF_TO_HYPERLINEAR_DIFFERENTIAL_AUDIT.md (want a working-tree path or a <rev>:<path> pin)
ERROR: research/leavitt-steinberg-hs-stability-fork.md: artifact not found: notes/NOTEPAD.md (want a working-tree path or a <rev>:<path> pin)
ERROR: research/leavitt-steinberg-hs-stable.md: artifact not found: notes/ATLAS_HS_CRITERION.md (want a working-tree path or a <rev>:<path> pin)
ERROR: research/leavitt-steinberg-hs-stable.md: artifact not found: notes/NOTEPAD.md (want a working-tree path or a <rev>:<path> pin)
ERROR: research/leavitt-steinberg-hs-unstable.md: artifact not found: notes/ATLAS_HS_CRITERION.md (want a working-tree path or a <rev>:<path> pin)
ERROR: research/leavitt-steinberg-hs-unstable.md: artifact not found: notes/NOTEPAD.md (want a working-tree path or a <rev>:<path> pin)
ERROR: research/leavitt-steinberg-stable-branch.md: artifact not found: notes/NON_MF_TO_HYPERLINEAR_DIFFERENTIAL_AUDIT.md (want a working-tree path or a <rev>:<path> pin)
ERROR: research/leavitt-steinberg-unstable-branch.md: artifact not found: notes/ATLAS_HS_CRITERION.md (want a working-tree path or a <rev>:<path> pin)
ERROR: research/leavitt-unit-certificate-predicates-are-decidable.md: artifact not found: experiments/nonsofic-certificates/README.md (want a working-tree path or a <rev>:<path> pin)
ERROR: research/leavitt-unit-certificate-predicates-are-decidable.md: artifact not found: experiments/nonsofic-certificates/certcheck.py (want a working-tree path or a <rev>:<path> pin)
ERROR: research/leavitt-unit-group-algebra-not-directly-finite.md: artifact not found: notes/KAPLANSKY_FULL_PROOF_GAP_AUDIT_2026-09-07.md (want a working-tree path or a <rev>:<path> pin)
ERROR: research/leavitt-unit-group-algebra-surjects-onto-leavitt.md: artifact not found: GroupApproximation/Leavitt/UnitAdditiveSpan.lean (want a working-tree path or a <rev>:<path> pin)
ERROR: research/leavitt-unit-group-has-no-finite-normal-subgroup-proof.md: artifact not found: GroupApproximation/Leavitt/ElementaryNoFiniteQuotients.lean (want a working-tree path or a <rev>:<path> pin)
ERROR: research/leavitt-unit-group-has-no-finite-normal-subgroup-proof.md: artifact not found: GroupApproximation/Leavitt/UnitAdditiveSpan.lean (want a working-tree path or a <rev>:<path> pin)
ERROR: research/leavitt-unit-group-has-no-finite-normal-subgroup-proof.md: artifact not found: GroupApproximation/Leavitt/LeavittSimplicity.lean (want a working-tree path or a <rev>:<path> pin)
ERROR: research/leavitt-unit-group-has-no-finite-normal-subgroup.md: artifact not found: GroupApproximation/Leavitt/ElementaryNoFiniteQuotients.lean (want a working-tree path or a <rev>:<path> pin)
ERROR: research/leavitt-unit-group-has-no-finite-normal-subgroup.md: artifact not found: GroupApproximation/Leavitt/UnitAdditiveSpan.lean (want a working-tree path or a <rev>:<path> pin)
ERROR: research/leavitt-unit-group-steinberg-weyl-presentation-proof.md: artifact not found: experiments/nonsofic-certificates/presentations/verify_st5_weyl_presentation.py (want a working-tree path or a <rev>:<path> pin)
ERROR: research/leavitt-unit-group-steinberg-weyl-presentation-proof.md: artifact not found: experiments/nonsofic-certificates/presentations/st5-weyl-presentation.json (want a working-tree path or a <rev>:<path> pin)
ERROR: research/leavitt-unit-group-steinberg-weyl-presentation.md: artifact not found: experiments/nonsofic-certificates/presentations/verify_st5_weyl_presentation.py (want a working-tree path or a <rev>:<path> pin)
ERROR: research/leavitt-unit-group-steinberg-weyl-presentation.md: artifact not found: experiments/nonsofic-certificates/presentations/st5-weyl-presentation.json (want a working-tree path or a <rev>:<path> pin)
ERROR: research/leavitt-unit-internal-free-reflections-proof.md: artifact not found: GroupApproximation/Leavitt/PrefixCode.lean (want a working-tree path or a <rev>:<path> pin)
ERROR: research/leavitt-unit-internal-shift-proof.md: artifact not found: GroupApproximation/Leavitt/PrefixCode.lean (want a working-tree path or a <rev>:<path> pin)
ERROR: research/leavitt-unit-internal-wreath-proof.md: artifact not found: GroupApproximation/Leavitt/PrefixCode.lean (want a working-tree path or a <rev>:<path> pin)
ERROR: research/leavitt-unit-span-surjection-proof.md: artifact not found: GroupApproximation/Leavitt/UnitAdditiveSpan.lean (want a working-tree path or a <rev>:<path> pin)
ERROR: research/leavitt-units-two-generator-fifteen-relator-presentation-proof.md: artifact not found: experiments/nonsofic-certificates/presentations/verify_two_generator_presentation.py (want a working-tree path or a <rev>:<path> pin)
ERROR: research/leavitt-units-two-generator-fifteen-relator-presentation-proof.md: artifact not found: experiments/nonsofic-certificates/presentations/two-generator-presentation.json (want a working-tree path or a <rev>:<path> pin)
ERROR: research/leavitt-whitehead-20x20-compression-cell.md: artifact not found: GroupApproximation/Leavitt/Whitehead.lean (want a working-tree path or a <rev>:<path> pin)
ERROR: research/leavitt-whitehead-20x20-compression-cell.md: artifact not found: GroupApproximation/Leavitt/LeavittMatrixCompression.lean (want a working-tree path or a <rev>:<path> pin)
ERROR: research/lef-groups-have-simple-kazhdan-hosts-of-same-wp-degree-proof.md: artifact not found: simple_kazhdan_sofic_group.tex (want a working-tree path or a <rev>:<path> pin)
ERROR: research/lef-groups-have-simple-kazhdan-hosts-of-same-wp-degree.md: artifact not found: simple_kazhdan_sofic_group.tex (want a working-tree path or a <rev>:<path> pin)
ERROR: research/lef-implies-operator-mf-proof.md: artifact not found: non_mf_groups_exist.tex (want a working-tree path or a <rev>:<path> pin)
ERROR: research/lef-implies-operator-mf-proof.md: artifact not found: GroupApproximation/Sofic/LocallyFiniteMF.lean (want a working-tree path or a <rev>:<path> pin)
ERROR: research/lef-implies-operator-mf.md: artifact not found: non_mf_groups_exist.tex (want a working-tree path or a <rev>:<path> pin)
ERROR: research/lef-implies-operator-mf.md: artifact not found: GroupApproximation/Sofic/LocallyFiniteMF.lean (want a working-tree path or a <rev>:<path> pin)
ERROR: research/lef-implies-operator-mf.md: artifact not found: GroupApproximation/Sofic/OperatorMFPositiveControls.lean (want a working-tree path or a <rev>:<path> pin)
ERROR: research/left-preserving-local-richness-wrappers-are-affine-ug-merges.md: artifact not found: experiments/rich-2to1-local-wrappers-2026-09-17/check_wrappers.py (want a working-tree path or a <rev>:<path> pin)
ERROR: research/left-preserving-local-wrappers-collapse-proof.md: artifact not found: experiments/rich-2to1-local-wrappers-2026-09-17/check_wrappers.py (want a working-tree path or a <rev>:<path> pin)
ERROR: research/left-right-finite-coordinate-obstruction.md: artifact not found: non_mf_groups_exist.tex (want a working-tree path or a <rev>:<path> pin)
ERROR: research/left-right-finite-kazhdan-transport.md: artifact not found: non_mf_groups_exist.tex (want a working-tree path or a <rev>:<path> pin)
ERROR: research/legal-f-folded-fatgraphs-give-surface-subgroups-proof.md: artifact not found: experiments/legal-f-folded-fatgraphs-2026-09-17/ffold.py (want a working-tree path or a <rev>:<path> pin)
ERROR: research/legal-f-folded-fatgraphs-give-surface-subgroups.md: artifact not found: experiments/legal-f-folded-fatgraphs-2026-09-17/ffold.py (want a working-tree path or a <rev>:<path> pin)
ERROR: research/legal-f-folded-fatgraphs-give-surface-subgroups.md: artifact not found: experiments/legal-f-folded-fatgraphs-2026-09-17/lp5.py (want a working-tree path or a <rev>:<path> pin)
ERROR: research/legal-folded-certificates-at-power-one-census-proof.md: artifact not found: experiments/legal-f-folded-fatgraphs-2026-09-17/lp_allwords.py (want a working-tree path or a <rev>:<path> pin)
ERROR: research/legal-folded-certificates-at-power-one-census-proof.md: artifact not found: experiments/legal-f-folded-fatgraphs-2026-09-17/census_allwords.py (want a working-tree path or a <rev>:<path> pin)
ERROR: research/legal-folded-certificates-at-power-one-census-proof.md: artifact not found: experiments/legal-f-folded-fatgraphs-2026-09-17/census_allwords_m1.log (want a working-tree path or a <rev>:<path> pin)
ERROR: research/legal-folded-certificates-at-power-one-census-proof.md: artifact not found: experiments/legal-f-folded-fatgraphs-2026-09-17/classes.py (want a working-tree path or a <rev>:<path> pin)
ERROR: research/legal-folded-certificates-at-power-one-census-proof.md: artifact not found: experiments/legal-f-folded-fatgraphs-2026-09-17/surface_batch.py (want a working-tree path or a <rev>:<path> pin)
ERROR: research/legal-folded-certificates-at-power-one-census-proof.md: artifact not found: experiments/legal-f-folded-fatgraphs-2026-09-17/surfaces_m1_census.log (want a working-tree path or a <rev>:<path> pin)
ERROR: research/legal-folded-certificates-at-power-one-census-proof.md: artifact not found: experiments/legal-f-folded-fatgraphs-2026-09-17/validate_certificates.py (want a working-tree path or a <rev>:<path> pin)
ERROR: research/legal-folded-certificates-at-power-one-census-proof.md: artifact not found: experiments/legal-f-folded-fatgraphs-2026-09-17/validate_certificates_m1.log (want a working-tree path or a <rev>:<path> pin)
ERROR: research/legal-folded-certificates-at-power-one-census-proof.md: artifact not found: experiments/legal-f-folded-fatgraphs-2026-09-17/verify_surface.py (want a working-tree path or a <rev>:<path> pin)
ERROR: research/legal-folded-certificates-at-power-one-census.md: artifact not found: experiments/legal-f-folded-fatgraphs-2026-09-17/lp_allwords.py (want a working-tree path or a <rev>:<path> pin)
ERROR: research/legal-folded-certificates-at-power-one-census.md: artifact not found: experiments/legal-f-folded-fatgraphs-2026-09-17/census_allwords.py (want a working-tree path or a <rev>:<path> pin)
ERROR: research/legal-folded-certificates-at-power-one-census.md: artifact not found: experiments/legal-f-folded-fatgraphs-2026-09-17/census_allwords_m1.log (want a working-tree path or a <rev>:<path> pin)
ERROR: research/legal-folded-certificates-at-power-one-census.md: artifact not found: experiments/legal-f-folded-fatgraphs-2026-09-17/classes.py (want a working-tree path or a <rev>:<path> pin)
ERROR: research/legal-folded-certificates-at-power-one-census.md: artifact not found: experiments/legal-f-folded-fatgraphs-2026-09-17/surface_batch.py (want a working-tree path or a <rev>:<path> pin)
ERROR: research/legal-folded-certificates-at-power-one-census.md: artifact not found: experiments/legal-f-folded-fatgraphs-2026-09-17/surfaces_m1_census.log (want a working-tree path or a <rev>:<path> pin)
ERROR: research/legal-folded-certificates-at-power-one-census.md: artifact not found: experiments/legal-f-folded-fatgraphs-2026-09-17/surfaces_m1_census (want a working-tree path or a <rev>:<path> pin)
ERROR: research/legal-folded-certificates-at-power-one-census.md: artifact not found: experiments/legal-f-folded-fatgraphs-2026-09-17/surfaces_m1 (want a working-tree path or a <rev>:<path> pin)
ERROR: research/legal-folded-certificates-at-power-one-census.md: artifact not found: experiments/legal-f-folded-fatgraphs-2026-09-17/validate_certificates.py (want a working-tree path or a <rev>:<path> pin)
ERROR: research/legal-folded-certificates-at-power-one-census.md: artifact not found: experiments/legal-f-folded-fatgraphs-2026-09-17/validate_certificates_m1.log (want a working-tree path or a <rev>:<path> pin)
ERROR: research/legal-folded-certificates-at-power-one-census.md: artifact not found: experiments/legal-f-folded-fatgraphs-2026-09-17/verify_surface.py (want a working-tree path or a <rev>:<path> pin)
ERROR: research/legal-folded-certificates-at-power-one-census.md: artifact not found: experiments/legal-f-folded-fatgraphs-2026-09-17/phi_scan4.json (want a working-tree path or a <rev>:<path> pin)
ERROR: research/legal-folded-certificates-at-power-one-census.md: artifact not found: experiments/legal-f-folded-fatgraphs-2026-09-17/m2_class_representatives.txt (want a working-tree path or a <rev>:<path> pin)
ERROR: research/legal-folded-certificates-at-power-one-census.md: artifact not found: experiments/legal-f-folded-fatgraphs-2026-09-17/census_allwords_m2_partial.log (want a working-tree path or a <rev>:<path> pin)
ERROR: research/legal-folded-certificates-at-power-one-census.md: artifact not found: experiments/legal-f-folded-fatgraphs-2026-09-17/surfaces_m2_partial.log (want a working-tree path or a <rev>:<path> pin)
ERROR: research/length16-residue-classes-virtually-free-by-cyclic.md: artifact not found: experiments/or-length16-nonfree-residue-2026-09-16/recheck.py (want a working-tree path or a <rev>:<path> pin)
ERROR: research/length16-residue-classes-virtually-free-by-cyclic.md: artifact not found: experiments/or-length16-nonfree-residue-2026-09-16/accounting.py (want a working-tree path or a <rev>:<path> pin)
ERROR: research/length16-residue-classes-virtually-free-by-cyclic.md: artifact not found: experiments/or-length16-nonfree-residue-2026-09-16/accounting.out (want a working-tree path or a <rev>:<path> pin)
ERROR: research/length16-residue-virtual-fibring-certificates.md: artifact not found: experiments/or-length16-nonfree-residue-2026-09-16/primcert.out (want a working-tree path or a <rev>:<path> pin)
ERROR: research/length16-residue-virtual-fibring-certificates.md: artifact not found: experiments/or-length16-nonfree-residue-2026-09-16/vfsweep.sh (want a working-tree path or a <rev>:<path> pin)
ERROR: research/length16-residue-virtual-fibring-certificates.md: artifact not found: experiments/or-length16-nonfree-residue-2026-09-16/vfwords.sh (want a working-tree path or a <rev>:<path> pin)
ERROR: research/length16-residue-virtual-fibring-certificates.md: artifact not found: experiments/or-length16-nonfree-residue-2026-09-16/vf4.out (want a working-tree path or a <rev>:<path> pin)
ERROR: research/length16-residue-virtual-fibring-certificates.md: artifact not found: experiments/or-length16-nonfree-residue-2026-09-16/vfrest.out (want a working-tree path or a <rev>:<path> pin)
ERROR: research/length16-residue-virtual-fibring-certificates.md: artifact not found: experiments/or-length16-nonfree-residue-2026-09-16/vf34.out (want a working-tree path or a <rev>:<path> pin)
ERROR: research/length16-residue-virtual-fibring-certificates.md: artifact not found: experiments/or-length16-nonfree-residue-2026-09-16/vf70.out (want a working-tree path or a <rev>:<path> pin)
ERROR: research/length16-residue-virtual-fibring-certificates.md: artifact not found: experiments/or-length16-nonfree-residue-2026-09-16/vf42k7.out (want a working-tree path or a <rev>:<path> pin)
ERROR: research/length16-residue-virtual-fibring-certificates.md: artifact not found: experiments/or-length16-nonfree-residue-2026-09-16/vf41k8.out (want a working-tree path or a <rev>:<path> pin)
ERROR: research/length16-residue-virtual-fibring-certificates.md: artifact not found: experiments/or-length16-nonfree-residue-2026-09-16/verify4.out (want a working-tree path or a <rev>:<path> pin)
ERROR: research/length16-residue-virtual-fibring-certificates.md: artifact not found: experiments/or-length16-nonfree-residue-2026-09-16/verifyrest.out (want a working-tree path or a <rev>:<path> pin)
ERROR: research/length16-residue-virtual-fibring-certificates.md: artifact not found: experiments/or-length16-nonfree-residue-2026-09-16/verify34.out (want a working-tree path or a <rev>:<path> pin)
ERROR: research/length16-residue-virtual-fibring-certificates.md: artifact not found: experiments/or-length16-nonfree-residue-2026-09-16/verify70.out (want a working-tree path or a <rev>:<path> pin)
ERROR: research/length16-residue-virtual-fibring-certificates.md: artifact not found: experiments/or-length16-nonfree-residue-2026-09-16/verify42k7.out (want a working-tree path or a <rev>:<path> pin)
ERROR: research/length16-residue-virtual-fibring-certificates.md: artifact not found: experiments/or-length16-nonfree-residue-2026-09-16/verify41k8.out (want a working-tree path or a <rev>:<path> pin)
ERROR: research/length16-residue-virtual-fibring-certificates.md: artifact not found: experiments/or-length16-nonfree-residue-2026-09-16/recheck.py (want a working-tree path or a <rev>:<path> pin)
ERROR: research/length16-residue-virtual-fibring-certificates.md: artifact not found: experiments/or-length16-nonfree-residue-2026-09-16/controls16.txt (want a working-tree path or a <rev>:<path> pin)
ERROR: research/length16-residue-virtual-fibring-certificates.md: artifact not found: experiments/or-length16-nonfree-residue-2026-09-16/recheck_controls.out (want a working-tree path or a <rev>:<path> pin)
ERROR: research/length16-residue-virtual-fibring-certificates.md: artifact not found: experiments/or-length16-nonfree-residue-2026-09-16/recheck16.out (want a working-tree path or a <rev>:<path> pin)
ERROR: research/length16-residue-virtual-fibring-certificates.md: artifact not found: experiments/or-length16-nonfree-residue-2026-09-16/accounting.py (want a working-tree path or a <rev>:<path> pin)
ERROR: research/length16-residue-virtual-fibring-certificates.md: artifact not found: experiments/or-length16-nonfree-residue-2026-09-16/accounting.out (want a working-tree path or a <rev>:<path> pin)
ERROR: research/length16-residue-virtual-fibring-certificates.md: artifact not found: experiments/or-length16-nonfree-residue-2026-09-16/referee_check.py (want a working-tree path or a <rev>:<path> pin)
ERROR: research/length16-residue-virtual-fibring-certificates.md: artifact not found: experiments/or-length16-nonfree-residue-2026-09-16/referee172.out (want a working-tree path or a <rev>:<path> pin)
ERROR: research/length16-residue-virtual-fibring-certificates.md: artifact not found: experiments/or-length16-nonfree-residue-2026-09-16/referee_controls.out (want a working-tree path or a <rev>:<path> pin)
ERROR: research/length16-residue-virtual-fibring-certificates.md: artifact not found: experiments/or-length16-nonfree-residue-2026-09-16/referee_neg_k1.txt (want a working-tree path or a <rev>:<path> pin)
ERROR: research/length16-residue-virtual-fibring-certificates.md: artifact not found: experiments/or-length16-nonfree-residue-2026-09-16/referee_neg_k1.out (want a working-tree path or a <rev>:<path> pin)
ERROR: research/level-copies-are-kazhdan-and-compressed.md: artifact not found: GroupApproximation/Sofic/AscendingHNNFullTelescopeRadical.lean (want a working-tree path or a <rev>:<path> pin)
ERROR: research/level-shift-obstruction-proof.md: artifact not found: GroupApproximation/Sofic/LevelShiftObstruction.lean (want a working-tree path or a <rev>:<path> pin)
ERROR: research/level15-lattice-has-invariant-parity-character-detecting-h2.md: artifact not found: experiments/strong-atiyah-sl3z/level15_parity_character.py (want a working-tree path or a <rev>:<path> pin)
ERROR: research/level15-lattice-has-invariant-parity-character-detecting-h2.md: artifact not found: experiments/strong-atiyah-sl3z/level15_parity_character.out (want a working-tree path or a <rev>:<path> pin)
ERROR: research/lifts-over-multiscale-expanders-expand-unless-ug-value-large.md: artifact not found: experiments/ugc-sse-reframe-2026-09-17/check_lift_rounding.py (want a working-tree path or a <rev>:<path> pin)
ERROR: research/lifts-over-multiscale-expanders-proof.md: artifact not found: experiments/ugc-sse-reframe-2026-09-17/check_lift_rounding.py (want a working-tree path or a <rev>:<path> pin)
ERROR: research/linear-view-unique-verifiers-collapse-proof.md: artifact not found: experiments/linear-view-collapse-2026-09-17/check_collapse.py (want a working-tree path or a <rev>:<path> pin)
ERROR: research/linear-view-unique-verifiers-collapse-to-quotient-coarsening.md: artifact not found: experiments/linear-view-collapse-2026-09-17/check_collapse.py (want a working-tree path or a <rev>:<path> pin)
ERROR: research/literal-base-explicit-kazhdan-pair-proof.md: artifact not found: GroupApproximation/Sofic/LiteralP13HodgeCertificate.lean (want a working-tree path or a <rev>:<path> pin)
ERROR: research/literal-base-explicit-kazhdan-pair-proof.md: artifact not found: GroupApproximation/Monsters/P13SpectralGap.lean (want a working-tree path or a <rev>:<path> pin)
ERROR: research/literal-base-explicit-kazhdan-pair-proof.md: artifact not found: GroupApproximation/Sofic/LiteralBaseP13RotationQuotient.lean (want a working-tree path or a <rev>:<path> pin)
ERROR: research/literal-base-explicit-kazhdan-pair-proof.md: artifact not found: GroupApproximation/Monsters/P13CircumcenterRouteStep3.lean (want a working-tree path or a <rev>:<path> pin)
ERROR: research/literal-base-explicit-kazhdan-pair-proof.md: artifact not found: GroupApproximation/Sofic/LiteralBasePropertyTBridge.lean (want a working-tree path or a <rev>:<path> pin)
ERROR: research/literal-base-explicit-kazhdan-pair.md: artifact not found: GroupApproximation/Sofic/LiteralP13HodgeCertificate.lean (want a working-tree path or a <rev>:<path> pin)
ERROR: research/literal-base-explicit-kazhdan-pair.md: artifact not found: GroupApproximation/Monsters/P13SpectralGap.lean (want a working-tree path or a <rev>:<path> pin)
ERROR: research/literal-base-explicit-kazhdan-pair.md: artifact not found: GroupApproximation/Sofic/LiteralBaseP13RotationQuotient.lean (want a working-tree path or a <rev>:<path> pin)
ERROR: research/literal-base-explicit-kazhdan-pair.md: artifact not found: GroupApproximation/Monsters/P13CircumcenterRouteStep3.lean (want a working-tree path or a <rev>:<path> pin)
ERROR: research/literal-base-explicit-kazhdan-pair.md: artifact not found: GroupApproximation/Sofic/LiteralBasePropertyTBridge.lean (want a working-tree path or a <rev>:<path> pin)
ERROR: research/literal-base-presentation-complete-proof.md: artifact not found: GroupApproximation/Monsters/LiteralBaseCompleteness.lean (want a working-tree path or a <rev>:<path> pin)
ERROR: research/literal-base-presentation-complete-proof.md: artifact not found: GroupApproximation/Monsters/P13DescentMaster.lean (want a working-tree path or a <rev>:<path> pin)
ERROR: research/literal-base-presentation-complete-proof.md: artifact not found: notes/E_SOFICITY_SELF_CONTAINED_2026-08-16.md (want a working-tree path or a <rev>:<path> pin)
ERROR: research/literal-base-presentation-complete.md: artifact not found: GroupApproximation/Monsters/LiteralBaseCompleteness.lean (want a working-tree path or a <rev>:<path> pin)
ERROR: research/literal-base-presentation-complete.md: artifact not found: notes/E_SOFICITY_SELF_CONTAINED_2026-08-16.md (want a working-tree path or a <rev>:<path> pin)
ERROR: research/literal-canonical-trace-hyperlinear-not-quasidiagonal-proof.md: artifact not found: GroupApproximation/Manuscript/NinetyNineProblems/ProblemX.lean (want a working-tree path or a <rev>:<path> pin)
ERROR: research/literal-canonical-trace-hyperlinear-not-quasidiagonal-proof.md: artifact not found: GroupApproximation/Analysis/SoficHyperlinearBridge.lean (want a working-tree path or a <rev>:<path> pin)
ERROR: research/literal-canonical-trace-hyperlinear-not-quasidiagonal-proof.md: artifact not found: GroupApproximation/Sofic/LiteralTraceConsequence.lean (want a working-tree path or a <rev>:<path> pin)
ERROR: research/literal-canonical-trace-hyperlinear-not-quasidiagonal.md: artifact not found: GroupApproximation/Manuscript/NinetyNineProblems/ProblemX.lean (want a working-tree path or a <rev>:<path> pin)
ERROR: research/literal-canonical-trace-hyperlinear-not-quasidiagonal.md: artifact not found: GroupApproximation/Analysis/SoficHyperlinearBridge.lean (want a working-tree path or a <rev>:<path> pin)
ERROR: research/literal-canonical-trace-hyperlinear-not-quasidiagonal.md: artifact not found: GroupApproximation/Sofic/LiteralTraceConsequence.lean (want a working-tree path or a <rev>:<path> pin)
ERROR: research/literal-canonical-trace-hyperlinear-not-quasidiagonal.md: artifact not found: GroupApproximation/Analysis/QuasidiagonalTrace.lean (want a working-tree path or a <rev>:<path> pin)
ERROR: research/literal-central-mark-corona-invisible.md: artifact not found: non_mf_groups_exist.tex (want a working-tree path or a <rev>:<path> pin)
ERROR: research/literal-central-mark-corona-invisible.md: artifact not found: GroupApproximation/Sofic/LiteralNonMFEndpoint.lean (want a working-tree path or a <rev>:<path> pin)
ERROR: research/literal-central-mark-corona-invisible.md: artifact not found: GroupApproximation/Sofic/LiteralSixGenerator.lean (want a working-tree path or a <rev>:<path> pin)
ERROR: research/literal-clifford-ce-model-proof.md: artifact not found: notes/TRUE_LITERAL_NONMF_MARK_IS_CE_VISIBLE.md (want a working-tree path or a <rev>:<path> pin)
ERROR: research/literal-clifford-ce-model-proof.md: artifact not found: GroupApproximation/Sofic/RadicalSeparation.lean (want a working-tree path or a <rev>:<path> pin)
ERROR: research/literal-clifford-ce-model.md: artifact not found: notes/TRUE_LITERAL_NONMF_MARK_IS_CE_VISIBLE.md (want a working-tree path or a <rev>:<path> pin)
ERROR: research/literal-clifford-ce-model.md: artifact not found: notes/NON_MF_TO_HYPERLINEAR_DIFFERENTIAL_AUDIT.md (want a working-tree path or a <rev>:<path> pin)
ERROR: research/literal-folner-ucp-models-have-sharp-norm-hs-separation.md: artifact not found: GroupApproximation/Analysis/QuasiRegularCompression.lean (want a working-tree path or a <rev>:<path> pin)
ERROR: research/literal-folner-ucp-models-have-sharp-norm-hs-separation.md: artifact not found: GroupApproximation/Analysis/LocallyRFByIntAmenableTrace.lean (want a working-tree path or a <rev>:<path> pin)
ERROR: research/literal-folner-ucp-models-have-sharp-norm-hs-separation.md: artifact not found: GroupApproximation/Analysis/LocallyRFByIntAction.lean (want a working-tree path or a <rev>:<path> pin)
ERROR: research/literal-folner-ucp-shift-boundary-proof.md: artifact not found: GroupApproximation/Analysis/QuasiRegularCompression.lean (want a working-tree path or a <rev>:<path> pin)
ERROR: research/literal-folner-ucp-shift-boundary-proof.md: artifact not found: GroupApproximation/Analysis/LocallyRFByIntAmenableTrace.lean (want a working-tree path or a <rev>:<path> pin)
ERROR: research/literal-folner-ucp-shift-boundary-proof.md: artifact not found: GroupApproximation/Analysis/LocallyRFByIntAction.lean (want a working-tree path or a <rev>:<path> pin)
ERROR: research/literal-fp-via-folner-rf-core.md: artifact not found: GroupApproximation/Sofic/ResidualFinitePacket.lean (want a working-tree path or a <rev>:<path> pin)
ERROR: research/literal-fp-via-folner-rf-core.md: artifact not found: GroupApproximation/Analysis/QuasiRegularCompression.lean (want a working-tree path or a <rev>:<path> pin)
ERROR: research/literal-fp-via-folner-rf-core.md: artifact not found: GroupApproximation/Analysis/AmenableTraceGeneratorDense.lean (want a working-tree path or a <rev>:<path> pin)
ERROR: research/literal-fp-via-folner-rf-core.md: artifact not found: GroupApproximation/Analysis/LocallyRFByIntAmenableTrace.lean (want a working-tree path or a <rev>:<path> pin)
ERROR: research/literal-fp-via-folner-rf-core.md: artifact not found: GroupApproximation/Analysis/LocallyRFByIntAction.lean (want a working-tree path or a <rev>:<path> pin)
ERROR: research/literal-fp-via-folner-rf-core.md: artifact not found: GroupApproximation/Analysis/LocallyRFByIntFactorization.lean (want a working-tree path or a <rev>:<path> pin)
ERROR: research/literal-fp-via-folner-rf-core.md: artifact not found: GroupApproximation/Manuscript/NinetyNineProblems/ProblemX.lean (want a working-tree path or a <rev>:<path> pin)
ERROR: research/literal-group-factorization-property.md: artifact not found: GroupApproximation/Sofic/ResidualFinitePacket.lean (want a working-tree path or a <rev>:<path> pin)
ERROR: research/literal-group-factorization-property.md: artifact not found: GroupApproximation/Analysis/QuasiRegularCompression.lean (want a working-tree path or a <rev>:<path> pin)
ERROR: research/literal-group-factorization-property.md: artifact not found: GroupApproximation/Analysis/AmenableTraceGeneratorDense.lean (want a working-tree path or a <rev>:<path> pin)
ERROR: research/literal-group-factorization-property.md: artifact not found: GroupApproximation/Analysis/LocallyRFByIntAmenableTrace.lean (want a working-tree path or a <rev>:<path> pin)
ERROR: research/literal-group-factorization-property.md: artifact not found: GroupApproximation/Analysis/LocallyRFByIntAction.lean (want a working-tree path or a <rev>:<path> pin)
ERROR: research/literal-group-factorization-property.md: artifact not found: GroupApproximation/Analysis/LocallyRFByIntFactorization.lean (want a working-tree path or a <rev>:<path> pin)
ERROR: research/literal-group-factorization-property.md: artifact not found: GroupApproximation/Analysis/AmenableTraceHyperlinear.lean (want a working-tree path or a <rev>:<path> pin)
ERROR: research/literal-group-factorization-property.md: artifact not found: GroupApproximation/Manuscript/NinetyNineProblems/FactorizationHyperlinearTheorem.lean (want a working-tree path or a <rev>:<path> pin)
ERROR: research/literal-group-factorization-property.md: artifact not found: GroupApproximation/Manuscript/NinetyNineProblems/FactorizationImpliesHyperlinear.lean (want a working-tree path or a <rev>:<path> pin)
ERROR: research/literal-group-factorization-property.md: artifact not found: GroupApproximation/Manuscript/NinetyNineProblems/FactorizationProperty.lean (want a working-tree path or a <rev>:<path> pin)
ERROR: research/literal-group-factorization-property.md: artifact not found: GroupApproximation/Manuscript/NinetyNineProblems/ProblemX.lean (want a working-tree path or a <rev>:<path> pin)
ERROR: research/literal-group-fails-local-lifting-property.md: artifact not found: GroupApproximation/Analysis/NuclearityBaseEmbedding.lean (want a working-tree path or a <rev>:<path> pin)
ERROR: research/literal-group-fails-local-lifting-property.md: artifact not found: notes/LITERAL_GROUP_BLOCK_AMALGAM_STRUCTURE_2026-08-14.md (want a working-tree path or a <rev>:<path> pin)
ERROR: research/literal-group-fails-mf-conventions-proof.md: artifact not found: non_mf_groups_exist.tex (want a working-tree path or a <rev>:<path> pin)
ERROR: research/literal-group-fails-mf-conventions-proof.md: artifact not found: notes/NON_MF_FINAL_REVIEW_AND_RESOLUTION_2026-08-14.md (want a working-tree path or a <rev>:<path> pin)
ERROR: research/literal-group-fails-mf-conventions-proof.md: artifact not found: GroupApproximation/Sofic/LiteralNonMFPresentation.lean (want a working-tree path or a <rev>:<path> pin)
ERROR: research/literal-group-fails-mf-conventions-proof.md: artifact not found: GroupApproximation/Sofic/LiteralNonMFEndpoint.lean (want a working-tree path or a <rev>:<path> pin)
ERROR: research/literal-group-fails-mf-conventions-proof.md: artifact not found: GroupApproximation/Sofic/MFRepresentationVariants.lean (want a working-tree path or a <rev>:<path> pin)
ERROR: research/literal-group-lacks-factorization-property.md: artifact not found: GroupApproximation/Analysis/LocallyRFByIntFactorization.lean (want a working-tree path or a <rev>:<path> pin)
ERROR: research/literal-group-lacks-factorization-property.md: artifact not found: GroupApproximation/Manuscript/NinetyNineProblems/ProblemX.lean (want a working-tree path or a <rev>:<path> pin)
ERROR: research/literal-group-llp-failure-via-sl3-subgroup.md: artifact not found: GroupApproximation/Analysis/NuclearityBaseEmbedding.lean (want a working-tree path or a <rev>:<path> pin)
ERROR: research/literal-group-llp-failure-via-sl3-subgroup.md: artifact not found: notes/LITERAL_GROUP_BLOCK_AMALGAM_STRUCTURE_2026-08-14.md (want a working-tree path or a <rev>:<path> pin)
ERROR: research/literal-group-mark-invisible-to-hyperfinite-representations.md: artifact not found: non_mf_group_notes.tex (want a working-tree path or a <rev>:<path> pin)
ERROR: research/literal-group-not-sofic.md: artifact not found: notes/LITERAL_GROUP_BLOCK_AMALGAM_STRUCTURE_2026-08-14.md (want a working-tree path or a <rev>:<path> pin)
ERROR: research/literal-group-not-sofic.md: artifact not found: non_mf_groups_exist.tex (want a working-tree path or a <rev>:<path> pin)
ERROR: research/literal-group-not-stable-in-finite-actions-proof.md: artifact not found: notes/LITERAL_GROUP_IS_SOFIC_2026-08-14.md (want a working-tree path or a <rev>:<path> pin)
ERROR: research/literal-group-not-stable-in-finite-actions-proof.md: artifact not found: non_mf_groups_exist.tex (want a working-tree path or a <rev>:<path> pin)
ERROR: research/literal-group-not-stable-in-finite-actions.md: artifact not found: notes/LITERAL_GROUP_IS_SOFIC_2026-08-14.md (want a working-tree path or a <rev>:<path> pin)
ERROR: research/literal-group-not-stable-in-finite-actions.md: artifact not found: non_mf_groups_exist.tex (want a working-tree path or a <rev>:<path> pin)
ERROR: research/literal-group-sofic.md: artifact not found: non_mf_groups_exist.tex (want a working-tree path or a <rev>:<path> pin)
ERROR: research/literal-group-sofic.md: artifact not found: notes/NON_MF_FINAL_REVIEW_AND_RESOLUTION_2026-08-14.md (want a working-tree path or a <rev>:<path> pin)
ERROR: research/literal-group-sofic.md: artifact not found: notes/E_SOFICITY_SELF_CONTAINED_2026-08-16.md (want a working-tree path or a <rev>:<path> pin)
ERROR: research/literal-group-sofic.md: artifact not found: GroupApproximation/Sofic/LiteralSoficAssembly.lean (want a working-tree path or a <rev>:<path> pin)
ERROR: research/literal-group-sofic.md: artifact not found: GroupApproximation/Sofic/LiteralTheoremAPackage.lean (want a working-tree path or a <rev>:<path> pin)
ERROR: research/literal-group-structural-normal-form.md: artifact not found: non_mf_groups_exist.tex (want a working-tree path or a <rev>:<path> pin)
ERROR: research/literal-group-structural-normal-form.md: artifact not found: notes/NON_MF_FINAL_REVIEW_AND_RESOLUTION_2026-08-14.md (want a working-tree path or a <rev>:<path> pin)
ERROR: research/literal-kazhdan-clifford-inputs-proof.md: artifact not found: non_mf_groups_exist.tex (want a working-tree path or a <rev>:<path> pin)
ERROR: research/literal-kazhdan-clifford-inputs-proof.md: artifact not found: GroupApproximation/Sofic/LiteralBaseP13PropertyTBridge.lean (want a working-tree path or a <rev>:<path> pin)
ERROR: research/literal-kazhdan-clifford-inputs-proof.md: artifact not found: GroupApproximation/Sofic/LiteralNonMFLinearWitness.lean (want a working-tree path or a <rev>:<path> pin)
ERROR: research/literal-kazhdan-clifford-inputs-proof.md: artifact not found: GroupApproximation/Sofic/LiteralP13HodgeCertificate.lean (want a working-tree path or a <rev>:<path> pin)
ERROR: research/literal-kazhdan-clifford-inputs.md: artifact not found: non_mf_groups_exist.tex (want a working-tree path or a <rev>:<path> pin)
ERROR: research/literal-kazhdan-clifford-inputs.md: artifact not found: GroupApproximation/Sofic/LiteralBaseP13PropertyTBridge.lean (want a working-tree path or a <rev>:<path> pin)
ERROR: research/literal-kazhdan-clifford-inputs.md: artifact not found: GroupApproximation/Sofic/LiteralNonMFLinearWitness.lean (want a working-tree path or a <rev>:<path> pin)
ERROR: research/literal-lamp-kernel-clifford-block-amalgam-proof.md: artifact not found: notes/LITERAL_GROUP_BLOCK_AMALGAM_STRUCTURE_2026-08-14.md (want a working-tree path or a <rev>:<path> pin)
ERROR: research/literal-lamp-kernel-clifford-block-amalgam.md: artifact not found: notes/LITERAL_GROUP_BLOCK_AMALGAM_STRUCTURE_2026-08-14.md (want a working-tree path or a <rev>:<path> pin)
ERROR: research/literal-lamp-kernel-clifford-block-amalgam.md: artifact not found: non_mf_groups_exist.tex (want a working-tree path or a <rev>:<path> pin)
ERROR: research/literal-mark-conjugacy-width-unbounded-proof.md: artifact not found: GroupApproximation/Sofic/LiteralFiniteDimensionalObstruction.lean (want a working-tree path or a <rev>:<path> pin)
ERROR: research/literal-mark-conjugacy-width-unbounded.md: artifact not found: GroupApproximation/Sofic/LiteralFiniteDimensionalObstruction.lean (want a working-tree path or a <rev>:<path> pin)
ERROR: research/literal-mark-conjugacy-width-unbounded.md: artifact not found: GroupApproximation/Sofic/LiteralNonMFPresentation.lean (want a working-tree path or a <rev>:<path> pin)
ERROR: research/literal-mark-quotient-corona-blindness-proof.md: artifact not found: notes/COMMUTING_LAMP_QUOTIENT_STRUCTURE_AND_MF_FORK_2026-08-14.md (want a working-tree path or a <rev>:<path> pin)
ERROR: research/literal-mark-quotient-corona-blindness.md: artifact not found: notes/COMMUTING_LAMP_QUOTIENT_STRUCTURE_AND_MF_FORK_2026-08-14.md (want a working-tree path or a <rev>:<path> pin)
ERROR: research/literal-mark-quotient-detects-defect.md: artifact not found: notes/COMMUTING_LAMP_QUOTIENT_STRUCTURE_AND_MF_FORK_2026-08-14.md (want a working-tree path or a <rev>:<path> pin)
ERROR: research/literal-mark-quotient-finite-residual-proof.md: artifact not found: notes/COMMUTING_LAMP_QUOTIENT_STRUCTURE_AND_MF_FORK_2026-08-14.md (want a working-tree path or a <rev>:<path> pin)
ERROR: research/literal-mark-quotient-finite-residual.md: artifact not found: notes/COMMUTING_LAMP_QUOTIENT_STRUCTURE_AND_MF_FORK_2026-08-14.md (want a working-tree path or a <rev>:<path> pin)
ERROR: research/literal-mark-quotient-finite-residual.md: artifact not found: notes/LITERAL_GROUP_BLOCK_AMALGAM_STRUCTURE_2026-08-14.md (want a working-tree path or a <rev>:<path> pin)
ERROR: research/literal-mark-quotient-flexibly-stable.md: artifact not found: notes/LITERAL_GROUP_BLOCK_AMALGAM_STRUCTURE_2026-08-14.md (want a working-tree path or a <rev>:<path> pin)
ERROR: research/literal-mark-quotient-mf.md: artifact not found: notes/COMMUTING_LAMP_QUOTIENT_STRUCTURE_AND_MF_FORK_2026-08-14.md (want a working-tree path or a <rev>:<path> pin)
ERROR: research/literal-mark-quotient-not-mf-parity-proof.md: artifact not found: GroupApproximation/Sofic/LiteralSignFreeQuotient.lean (want a working-tree path or a <rev>:<path> pin)
ERROR: research/literal-mark-quotient-not-mf-parity-proof.md: artifact not found: GroupApproximation/Endpoint/SignFreeCompressionAudit.lean (want a working-tree path or a <rev>:<path> pin)
ERROR: research/literal-mark-quotient-not-mf-parity-proof.md: artifact not found: non_mf_groups_exist.tex (want a working-tree path or a <rev>:<path> pin)
ERROR: research/literal-mark-quotient-not-mf-proof.md: artifact not found: notes/LITERAL_GROUP_BLOCK_AMALGAM_STRUCTURE_2026-08-14.md (want a working-tree path or a <rev>:<path> pin)
ERROR: research/literal-mark-quotient-not-mf-proof.md: artifact not found: GroupApproximation/Sofic/InvolutionCollapseEndpoint.lean (want a working-tree path or a <rev>:<path> pin)
ERROR: research/literal-mark-quotient-not-mf.md: artifact not found: GroupApproximation/Sofic/LiteralSignFreeQuotient.lean (want a working-tree path or a <rev>:<path> pin)
ERROR: research/literal-mark-quotient-not-mf.md: artifact not found: GroupApproximation/Endpoint/SignFreeCompressionAudit.lean (want a working-tree path or a <rev>:<path> pin)
ERROR: research/literal-mark-quotient-not-mf.md: artifact not found: non_mf_groups_exist.tex (want a working-tree path or a <rev>:<path> pin)
ERROR: research/literal-mark-quotient-not-stable-in-finite-actions-proof.md: artifact not found: notes/SOFIC_STABLE_IMPLIES_RESIDUALLY_FINITE_2026-08-14.md (want a working-tree path or a <rev>:<path> pin)
ERROR: research/literal-mark-quotient-not-stable-in-finite-actions.md: artifact not found: notes/LITERAL_GROUP_IS_SOFIC_2026-08-14.md (want a working-tree path or a <rev>:<path> pin)
ERROR: research/literal-mark-quotient-not-stable-in-finite-actions.md: artifact not found: notes/SOFIC_STABLE_IMPLIES_RESIDUALLY_FINITE_2026-08-14.md (want a working-tree path or a <rev>:<path> pin)
ERROR: research/literal-mark-quotient-sofic-proof.md: artifact not found: notes/LITERAL_GROUP_IS_SOFIC_2026-08-14.md (want a working-tree path or a <rev>:<path> pin)
ERROR: research/literal-mark-quotient-sofic.md: artifact not found: notes/LITERAL_GROUP_IS_SOFIC_2026-08-14.md (want a working-tree path or a <rev>:<path> pin)
ERROR: research/literal-mark-quotient-via-exact-finite-models.md: artifact not found: notes/COMMUTING_LAMP_QUOTIENT_STRUCTURE_AND_MF_FORK_2026-08-14.md (want a working-tree path or a <rev>:<path> pin)
ERROR: research/literal-mark-quotient-via-shulman-amalgam.md: artifact not found: notes/COMMUTING_LAMP_QUOTIENT_STRUCTURE_AND_MF_FORK_2026-08-14.md (want a working-tree path or a <rev>:<path> pin)
ERROR: research/literal-mf-radical-exact.md: artifact not found: GroupApproximation/Sofic/LiteralSignFreeQuotient.lean (want a working-tree path or a <rev>:<path> pin)
ERROR: research/literal-mf-radical-is-unsquared-defect-proof.md: artifact not found: GroupApproximation/Sofic/LiteralSignFreeRadicalReduction.lean (want a working-tree path or a <rev>:<path> pin)
ERROR: research/literal-mf-radical-is-unsquared-defect.md: artifact not found: GroupApproximation/Sofic/LiteralSignFreeRadicalReduction.lean (want a working-tree path or a <rev>:<path> pin)
ERROR: research/literal-mf-radical-is-unsquared-defect.md: artifact not found: GroupApproximation/Sofic/LiteralTheoremAPackage.lean (want a working-tree path or a <rev>:<path> pin)
ERROR: research/literal-mf-radical-is-unsquared-defect.md: artifact not found: non_mf_groups_exist.tex (want a working-tree path or a <rev>:<path> pin)
ERROR: research/literal-mf-radical-via-finite-packet-holonomy.md: artifact not found: GroupApproximation/Sofic/LiteralTheoremAPackage.lean (want a working-tree path or a <rev>:<path> pin)
ERROR: research/literal-no-faithful-corona-subalgebra-representation-proof.md: artifact not found: non_mf_groups_exist.tex (want a working-tree path or a <rev>:<path> pin)
ERROR: research/literal-no-faithful-corona-subalgebra-representation-proof.md: artifact not found: GroupApproximation/Sofic/LiteralNonMFConsequences.lean (want a working-tree path or a <rev>:<path> pin)
ERROR: research/literal-no-faithful-corona-subalgebra-representation-proof.md: artifact not found: GroupApproximation/Analysis/MFAlgebra.lean (want a working-tree path or a <rev>:<path> pin)
ERROR: research/literal-non-mf-from-kazhdan-clifford.md: artifact not found: non_mf_groups_exist.tex (want a working-tree path or a <rev>:<path> pin)
ERROR: research/literal-non-mf-from-kazhdan-clifford.md: artifact not found: GroupApproximation/Sofic/LiteralNonMFEndpoint.lean (want a working-tree path or a <rev>:<path> pin)
ERROR: research/literal-non-mf-from-kazhdan-clifford.md: artifact not found: GroupApproximation/Sofic/LiteralSixGenerator.lean (want a working-tree path or a <rev>:<path> pin)
ERROR: research/literal-nonsofic-via-stable-central-quotient.md: artifact not found: notes/LITERAL_GROUP_IS_SOFIC_2026-08-14.md (want a working-tree path or a <rev>:<path> pin)
ERROR: research/literal-nonsofic-via-stable-central-quotient.md: artifact not found: non_mf_groups_exist.tex (want a working-tree path or a <rev>:<path> pin)
ERROR: research/literal-orbital-graph-block-clique.md: artifact not found: notes/LITERAL_ORBITAL_CLIQUE_ROUTE.md (want a working-tree path or a <rev>:<path> pin)
ERROR: research/literal-orbital-graph-block-clique.md: artifact not found: GroupApproximation/Sofic/LiteralBlockGeometry.lean (want a working-tree path or a <rev>:<path> pin)
ERROR: research/literal-orbital-graph-block-clique.md: artifact not found: GroupApproximation/Sofic/LiteralAffineCosetTransitivity.lean (want a working-tree path or a <rev>:<path> pin)
ERROR: research/literal-prefix-coupling-of-j1-j2-has-gl7-model.md: artifact not found: experiments/literal_prefix_j1_j2_coupling_gl7_audit.py (want a working-tree path or a <rev>:<path> pin)
ERROR: research/literal-quotient-computes-mf-radical.md: artifact not found: non_mf_groups_exist.tex (want a working-tree path or a <rev>:<path> pin)
ERROR: research/literal-reduced-group-algebra-proof.md: artifact not found: non_mf_groups_exist.tex (want a working-tree path or a <rev>:<path> pin)
ERROR: research/literal-reduced-group-algebra-proof.md: artifact not found: notes/NON_MF_IMPACT_FORMAL_STATUS.md (want a working-tree path or a <rev>:<path> pin)
ERROR: research/literal-reduced-group-algebra-proof.md: artifact not found: GroupApproximation/Sofic/LiteralNonMFEndpoint.lean (want a working-tree path or a <rev>:<path> pin)
ERROR: research/literal-reduced-group-algebra-proof.md: artifact not found: GroupApproximation/Analysis/ReducedGroupCStarSeparable.lean (want a working-tree path or a <rev>:<path> pin)
ERROR: research/literal-reduced-group-algebra-proof.md: artifact not found: GroupApproximation/Analysis/ReducedGroupCStarTraceFaithful.lean (want a working-tree path or a <rev>:<path> pin)
ERROR: research/literal-sign-free-eight-lamp-packet-proof.md: artifact not found: GroupApproximation/Sofic/LiteralSignFreeQuotient.lean (want a working-tree path or a <rev>:<path> pin)
ERROR: research/literal-sign-free-eight-lamp-packet.md: artifact not found: notes/LITERAL_GROUP_BLOCK_AMALGAM_STRUCTURE_2026-08-14.md (want a working-tree path or a <rev>:<path> pin)
ERROR: research/literal-sign-free-eight-lamp-packet.md: artifact not found: GroupApproximation/Sofic/LiteralSignFreeQuotient.lean (want a working-tree path or a <rev>:<path> pin)
ERROR: research/literal-sofic-assembly-proof.md: artifact not found: GroupApproximation/Sofic/LiteralSoficAssembly.lean (want a working-tree path or a <rev>:<path> pin)
ERROR: research/literal-sofic-assembly.md: artifact not found: GroupApproximation/Sofic/LiteralSoficAssembly.lean (want a working-tree path or a <rev>:<path> pin)
ERROR: research/literal-sofic-via-amenable-kernel.md: artifact not found: non_mf_groups_exist.tex (want a working-tree path or a <rev>:<path> pin)
ERROR: research/literal-sofic-via-block-tower.md: artifact not found: notes/LITERAL_GROUP_IS_SOFIC_2026-08-14.md (want a working-tree path or a <rev>:<path> pin)
ERROR: research/literal-sofic-via-block-tower.md: artifact not found: notes/TRUE_LITERAL_NONMF_MARK_IS_CE_VISIBLE.md (want a working-tree path or a <rev>:<path> pin)
ERROR: research/literal-sofic-via-block-tower.md: artifact not found: GroupApproximation/Sofic/SoficIntegerExtension.lean (want a working-tree path or a <rev>:<path> pin)
ERROR: research/literal-stably-finite-non-mf-reduced-group-algebra.md: artifact not found: non_mf_groups_exist.tex (want a working-tree path or a <rev>:<path> pin)
ERROR: research/literal-stably-finite-non-mf-reduced-group-algebra.md: artifact not found: GroupApproximation/Sofic/LiteralNonMFEndpoint.lean (want a working-tree path or a <rev>:<path> pin)
ERROR: research/literal-structure-from-block-amalgam.md: artifact not found: notes/LITERAL_GROUP_BLOCK_AMALGAM_STRUCTURE_2026-08-14.md (want a working-tree path or a <rev>:<path> pin)
ERROR: research/literal-telescope-core-lef-proof.md: artifact not found: notes/LITERAL_GROUP_IS_SOFIC_2026-08-14.md (want a working-tree path or a <rev>:<path> pin)
ERROR: research/literal-telescope-core-lef-proof.md: artifact not found: GroupApproximation/Sofic/MappingTelescopeFiniteOrbits.lean (want a working-tree path or a <rev>:<path> pin)
ERROR: research/literal-telescope-core-lef-proof.md: artifact not found: GroupApproximation/Sofic/SoficDirectedUnion.lean (want a working-tree path or a <rev>:<path> pin)
ERROR: research/literal-telescope-core-lef-proof.md: artifact not found: GroupApproximation/Sofic/LEFSofic.lean (want a working-tree path or a <rev>:<path> pin)
ERROR: research/literal-telescope-core-lef-via-central-embedding.md: artifact not found: notes/E_SOFICITY_SELF_CONTAINED_2026-08-16.md (want a working-tree path or a <rev>:<path> pin)
ERROR: research/literal-telescope-core-lef-via-central-embedding.md: artifact not found: GroupApproximation/Sofic/MappingTelescopeFiniteOrbits.lean (want a working-tree path or a <rev>:<path> pin)
ERROR: research/literal-telescope-core-lef-via-central-embedding.md: artifact not found: GroupApproximation/Sofic/SoficDirectedUnion.lean (want a working-tree path or a <rev>:<path> pin)
ERROR: research/literal-telescope-core-lef-via-central-embedding.md: artifact not found: GroupApproximation/Sofic/LEFSofic.lean (want a working-tree path or a <rev>:<path> pin)
ERROR: research/literal-telescope-core-lef.md: artifact not found: notes/LITERAL_GROUP_IS_SOFIC_2026-08-14.md (want a working-tree path or a <rev>:<path> pin)
ERROR: research/literal-telescope-core-lef.md: artifact not found: notes/LITERAL_GROUP_BLOCK_AMALGAM_STRUCTURE_2026-08-14.md (want a working-tree path or a <rev>:<path> pin)
ERROR: research/literal-telescope-split-normal-form-proof.md: artifact not found: notes/LITERAL_GROUP_BLOCK_AMALGAM_STRUCTURE_2026-08-14.md (want a working-tree path or a <rev>:<path> pin)
ERROR: research/literal-telescope-split-normal-form-proof.md: artifact not found: non_mf_groups_exist.tex (want a working-tree path or a <rev>:<path> pin)
ERROR: research/literal-telescope-split-normal-form.md: artifact not found: notes/LITERAL_GROUP_BLOCK_AMALGAM_STRUCTURE_2026-08-14.md (want a working-tree path or a <rev>:<path> pin)
ERROR: research/literal-telescope-split-normal-form.md: artifact not found: non_mf_groups_exist.tex (want a working-tree path or a <rev>:<path> pin)
ERROR: research/literal-transport-gap-step-is-noneffective.md: artifact not found: GroupApproximation/Sofic/WeakMFVectorGNS.lean (want a working-tree path or a <rev>:<path> pin)
ERROR: research/literal-transport-gap-step-is-noneffective.md: artifact not found: GroupApproximation/Sofic/KazhdanCornerCompression.lean (want a working-tree path or a <rev>:<path> pin)
ERROR: research/literal-transport-gap-step-is-noneffective.md: artifact not found: GroupApproximation/Sofic/ManuscriptKazhdanTransport.lean (want a working-tree path or a <rev>:<path> pin)
ERROR: research/literal-transport-gap-step-is-noneffective.md: artifact not found: GroupApproximation/Sofic/LiteralBasePropertyTBridge.lean (want a working-tree path or a <rev>:<path> pin)
ERROR: research/literal-transport-gap-step-is-noneffective.md: artifact not found: GroupApproximation/Sofic/LiteralP13HodgeCertificate.lean (want a working-tree path or a <rev>:<path> pin)
ERROR: research/literal-transport-gap-step-is-noneffective.md: artifact not found: GroupApproximation/Sofic/LiteralP13HodgeReplay.lean (want a working-tree path or a <rev>:<path> pin)
ERROR: research/literal-transport-gap-step-is-noneffective.md: artifact not found: experiments/literal_base_laplacian_sos.py (want a working-tree path or a <rev>:<path> pin)
ERROR: research/literal-transport-gap-step-is-noneffective.md: artifact not found: experiments/literal_base_sos_results.md (want a working-tree path or a <rev>:<path> pin)
ERROR: research/literal-unsquared-defect-finite-packet-holonomy-proof.md: artifact not found: notes/FINITE_PACKET_SELF_COPY_COLLAPSE.md (want a working-tree path or a <rev>:<path> pin)
ERROR: research/literal-unsquared-defect-finite-packet-holonomy.md: artifact not found: notes/FINITE_PACKET_SELF_COPY_COLLAPSE.md (want a working-tree path or a <rev>:<path> pin)
ERROR: research/literal-witness-kernel-amenable.md: artifact not found: non_mf_groups_exist.tex (want a working-tree path or a <rev>:<path> pin)
ERROR: research/literal-witness-kernel-amenable.md: artifact not found: notes/NON_MF_FINAL_REVIEW_AND_RESOLUTION_2026-08-14.md (want a working-tree path or a <rev>:<path> pin)
ERROR: research/literal-witness-kernel-free-proof.md: artifact not found: notes/LITERAL_GROUP_BLOCK_AMALGAM_STRUCTURE_2026-08-14.md (want a working-tree path or a <rev>:<path> pin)
ERROR: research/literal-witness-kernel-free.md: artifact not found: notes/LITERAL_GROUP_BLOCK_AMALGAM_STRUCTURE_2026-08-14.md (want a working-tree path or a <rev>:<path> pin)
ERROR: research/literal-witness-kernel-free.md: artifact not found: non_mf_groups_exist.tex (want a working-tree path or a <rev>:<path> pin)
ERROR: research/literal-word-problem-solvable-proof.md: artifact not found: notes/LITERAL_GROUP_BLOCK_AMALGAM_STRUCTURE_2026-08-14.md (want a working-tree path or a <rev>:<path> pin)
ERROR: research/literal-word-problem-solvable.md: artifact not found: notes/LITERAL_GROUP_BLOCK_AMALGAM_STRUCTURE_2026-08-14.md (want a working-tree path or a <rev>:<path> pin)
ERROR: research/lk-b4-never-proximal-on-finite-index-subgroups-proof.md: artifact not found: experiments/braid-tropical-pingpong-2026-09-17/README.md (want a working-tree path or a <rev>:<path> pin)
ERROR: research/lk-b4-never-proximal-on-finite-index-subgroups-proof.md: artifact not found: experiments/braid-tropical-pingpong-2026-09-17/lk.py (want a working-tree path or a <rev>:<path> pin)
ERROR: research/lk-b4-never-proximal-on-finite-index-subgroups-proof.md: artifact not found: experiments/braid-tropical-pingpong-2026-09-17/lk_out.txt (want a working-tree path or a <rev>:<path> pin)
ERROR: research/lk-b4-never-proximal-on-finite-index-subgroups-proof.md: artifact not found: experiments/braid-tropical-pingpong-2026-09-17/factor_witnesses.py (want a working-tree path or a <rev>:<path> pin)
ERROR: research/lk-b4-never-proximal-on-finite-index-subgroups-proof.md: artifact not found: experiments/braid-tropical-pingpong-2026-09-17/factor_witnesses_out.txt (want a working-tree path or a <rev>:<path> pin)
ERROR: research/lk-b4-never-proximal-on-finite-index-subgroups-proof.md: artifact not found: experiments/braid-tropical-pingpong-2026-09-17/exact_cover.py (want a working-tree path or a <rev>:<path> pin)
ERROR: research/lk-b4-never-proximal-on-finite-index-subgroups-proof.md: artifact not found: experiments/braid-tropical-pingpong-2026-09-17/exact_cover_out.txt (want a working-tree path or a <rev>:<path> pin)
ERROR: research/local-annihilation-makes-projective-el-simple-proof.md: artifact not found: GroupApproximation/Pestov91/SimpleModCentre.lean (want a working-tree path or a <rev>:<path> pin)
ERROR: research/local-annihilation-makes-projective-el-simple.md: artifact not found: GroupApproximation/Pestov91/SimpleModCentre.lean (want a working-tree path or a <rev>:<path> pin)
ERROR: research/local-approximation-properties-are-marked-closed.md: artifact not found: GroupApproximation/Covers/TableCover.lean (want a working-tree path or a <rev>:<path> pin)
ERROR: research/local-approximation-properties-are-marked-closed.md: artifact not found: GroupApproximation/Covers/HyperlinearTableCover.lean (want a working-tree path or a <rev>:<path> pin)
ERROR: research/local-approximation-properties-are-marked-closed.md: artifact not found: GroupApproximation/Sofic/Sofic.lean (want a working-tree path or a <rev>:<path> pin)
ERROR: research/local-approximation-properties-are-marked-closed.md: artifact not found: GroupApproximation/Sofic/Hyperlinear.lean (want a working-tree path or a <rev>:<path> pin)
ERROR: research/local-gadget-random-floor-proof.md: artifact not found: experiments/edge-local-gadget-floor-2026-09-17/check_gadget_floor.py (want a working-tree path or a <rev>:<path> pin)
ERROR: research/local-gadgets-above-exactness-pay-a-random-assignment-floor.md: artifact not found: experiments/edge-local-gadget-floor-2026-09-17/check_gadget_floor.py (want a working-tree path or a <rev>:<path> pin)
ERROR: research/local-gadgets-above-exactness-pay-a-random-assignment-floor.md: artifact not found: experiments/edge-local-gadget-floor-2026-09-17/run-output.txt (want a working-tree path or a <rev>:<path> pin)
ERROR: research/local-syndrome-synthesis-has-an-exact-sdp-test.md: artifact not found: scripts/check_qpcp_syndrome_sdp.py (want a working-tree path or a <rev>:<path> pin)
ERROR: research/locally-finite-defect-subgroup-dies-in-every-corona.md: artifact not found: non_mf_groups_exist.tex (want a working-tree path or a <rev>:<path> pin)
ERROR: research/long-reid-k-minus-one-minus-k-conjugacy-proof.md: artifact not found: experiments/sl3z-long-reid-census-2026-09-17/lr_conjugacy.py (want a working-tree path or a <rev>:<path> pin)
ERROR: research/long-reid-k-minus-one-minus-k-conjugacy-proof.md: artifact not found: experiments/sl3z-long-reid-census-2026-09-17/lr_conjugacy.out (want a working-tree path or a <rev>:<path> pin)
ERROR: research/long-reid-k-minus-one-minus-k-conjugacy-proof.md: artifact not found: experiments/sl3z-long-reid-census-2026-09-17/lr_conjugacy_gamma.py (want a working-tree path or a <rev>:<path> pin)
ERROR: research/long-reid-k-minus-one-minus-k-conjugacy-proof.md: artifact not found: experiments/sl3z-long-reid-census-2026-09-17/lr_conjugacy_gamma.out (want a working-tree path or a <rev>:<path> pin)
ERROR: research/long-reid-specializations-k-and-minus-one-minus-k-are-conjugate.md: artifact not found: experiments/sl3z-long-reid-census-2026-09-17/lr_conjugacy.py (want a working-tree path or a <rev>:<path> pin)
ERROR: research/long-reid-specializations-k-and-minus-one-minus-k-are-conjugate.md: artifact not found: experiments/sl3z-long-reid-census-2026-09-17/lr_conjugacy.out (want a working-tree path or a <rev>:<path> pin)
ERROR: research/long-reid-specializations-k-and-minus-one-minus-k-are-conjugate.md: artifact not found: experiments/sl3z-long-reid-census-2026-09-17/lr_conjugacy_gamma.py (want a working-tree path or a <rev>:<path> pin)
ERROR: research/long-reid-specializations-k-and-minus-one-minus-k-are-conjugate.md: artifact not found: experiments/sl3z-long-reid-census-2026-09-17/lr_conjugacy_gamma.out (want a working-tree path or a <rev>:<path> pin)
ERROR: research/low-degree-view-unique-verifiers-collapse-proof.md: artifact not found: experiments/low-degree-view-collapse-2026-09-17/check_low_degree_collapse.py (want a working-tree path or a <rev>:<path> pin)
ERROR: research/low-degree-view-unique-verifiers-collapse.md: artifact not found: experiments/low-degree-view-collapse-2026-09-17/check_low_degree_collapse.py (want a working-tree path or a <rev>:<path> pin)
ERROR: research/low-dimensional-hyperoctahedral-packet-groupifies-any-predicate.md: artifact not found: experiments/hyperoctahedral_low_degree_packet.py (want a working-tree path or a <rev>:<path> pin)
ERROR: research/low-dimensional-hyperoctahedral-packet-groupifies-any-predicate.md: artifact not found: experiments/hyperoctahedral-low-degree-packet.json (want a working-tree path or a <rev>:<path> pin)
ERROR: research/low-dimensional-hyperoctahedral-packet-proof.md: artifact not found: experiments/hyperoctahedral_low_degree_packet.py (want a working-tree path or a <rev>:<path> pin)
ERROR: research/low-dimensional-hyperoctahedral-packet-proof.md: artifact not found: experiments/hyperoctahedral-low-degree-packet.json (want a working-tree path or a <rev>:<path> pin)
ERROR: research/low-label-threshold-rank-kill-proof.md: artifact not found: experiments/ugc-label-rank-kill-2026-09-17/check_label_rank_kill.py (want a working-tree path or a <rev>:<path> pin)
ERROR: research/low-label-threshold-rank-reductions-cannot-prove-ugc.md: artifact not found: experiments/ugc-label-rank-kill-2026-09-17/check_label_rank_kill.py (want a working-tree path or a <rev>:<path> pin)
ERROR: research/machine-halting-is-one-word-equation-proof.md: artifact not found: GroupApproximation/Computability/PostMachineHalting.lean (want a working-tree path or a <rev>:<path> pin)
ERROR: research/machine-halting-is-one-word-equation-proof.md: artifact not found: GroupApproximation/Computability/RewriteSimulation.lean (want a working-tree path or a <rev>:<path> pin)
ERROR: research/machine-halting-is-one-word-equation-proof.md: artifact not found: GroupApproximation/Computability/RewriteConfluence.lean (want a working-tree path or a <rev>:<path> pin)
ERROR: research/machine-halting-is-one-word-equation-proof.md: artifact not found: GroupApproximation/Computability/RewriteDeterminism.lean (want a working-tree path or a <rev>:<path> pin)
ERROR: research/machine-halting-is-one-word-equation-proof.md: artifact not found: GroupApproximation/Computability/RewriteInvariants.lean (want a working-tree path or a <rev>:<path> pin)
ERROR: research/machine-halting-is-one-word-equation-proof.md: artifact not found: GroupApproximation/Computability/TM0WordProblem.lean (want a working-tree path or a <rev>:<path> pin)
ERROR: research/machine-halting-is-one-word-equation.md: artifact not found: GroupApproximation/Computability/TM0WordProblem.lean (want a working-tree path or a <rev>:<path> pin)
ERROR: research/machine-halting-is-one-word-equation.md: artifact not found: GroupApproximation/Computability/PostMachineHalting.lean (want a working-tree path or a <rev>:<path> pin)
ERROR: research/machine-halting-is-one-word-equation.md: artifact not found: GroupApproximation/Computability/PostMachineTM0.lean (want a working-tree path or a <rev>:<path> pin)
ERROR: research/machine-halting-is-one-word-equation.md: artifact not found: GroupApproximation/Computability/PostMachine.lean (want a working-tree path or a <rev>:<path> pin)
ERROR: research/machine-halting-is-one-word-equation.md: artifact not found: GroupApproximation/Computability/StringRewriting.lean (want a working-tree path or a <rev>:<path> pin)
ERROR: research/machine-halting-is-one-word-equation.md: artifact not found: GroupApproximation/Computability/RewriteSimulation.lean (want a working-tree path or a <rev>:<path> pin)
ERROR: research/machine-halting-is-one-word-equation.md: artifact not found: GroupApproximation/Computability/MachineRestrict.lean (want a working-tree path or a <rev>:<path> pin)
ERROR: research/machine-halting-is-one-word-equation.md: artifact not found: GroupApproximation/Computability/FiniteMachineWordProblem.lean (want a working-tree path or a <rev>:<path> pin)
ERROR: research/malnormal-free-doubles-surface-certificates-proof.md: artifact not found: experiments/malnormal-doubles-surfaces-2026-09-17/stallings.py (want a working-tree path or a <rev>:<path> pin)
ERROR: research/malnormal-free-doubles-surface-certificates-proof.md: artifact not found: experiments/malnormal-doubles-surfaces-2026-09-17/search_genus1.py (want a working-tree path or a <rev>:<path> pin)
ERROR: research/malnormal-free-doubles-surface-certificates-proof.md: artifact not found: experiments/malnormal-doubles-surfaces-2026-09-17/search_cores.py (want a working-tree path or a <rev>:<path> pin)
ERROR: research/malnormal-free-doubles-surface-certificates-proof.md: artifact not found: experiments/malnormal-doubles-surfaces-2026-09-17/out_small.txt (want a working-tree path or a <rev>:<path> pin)
ERROR: research/malnormal-free-doubles-surface-certificates-proof.md: artifact not found: experiments/malnormal-doubles-surfaces-2026-09-17/search_fatgraphs.py (want a working-tree path or a <rev>:<path> pin)
ERROR: research/malnormal-free-doubles-surface-certificates-proof.md: artifact not found: experiments/malnormal-doubles-surfaces-2026-09-17/search_pairs.py (want a working-tree path or a <rev>:<path> pin)
ERROR: research/malnormal-free-doubles-surface-certificates-proof.md: artifact not found: experiments/malnormal-doubles-surfaces-2026-09-17/verify_lemma6.py (want a working-tree path or a <rev>:<path> pin)
ERROR: research/malnormal-free-doubles-surface-certificates-proof.md: artifact not found: experiments/malnormal-doubles-surfaces-2026-09-17/one_ended_certificate.py (want a working-tree path or a <rev>:<path> pin)
ERROR: research/malnormal-free-doubles-surface-certificates-proof.md: artifact not found: experiments/malnormal-doubles-surfaces-2026-09-17/one_ended_multi.py (want a working-tree path or a <rev>:<path> pin)
ERROR: research/malnormal-free-doubles-surface-certificates-proof.md: artifact not found: experiments/malnormal-doubles-surfaces-2026-09-17/one_ended_primitive.py (want a working-tree path or a <rev>:<path> pin)
ERROR: research/malnormal-free-doubles-surface-certificates.md: artifact not found: experiments/malnormal-doubles-surfaces-2026-09-17/stallings.py (want a working-tree path or a <rev>:<path> pin)
ERROR: research/malnormal-free-doubles-surface-certificates.md: artifact not found: experiments/malnormal-doubles-surfaces-2026-09-17/search_genus1.py (want a working-tree path or a <rev>:<path> pin)
ERROR: research/malnormal-free-doubles-surface-certificates.md: artifact not found: experiments/malnormal-doubles-surfaces-2026-09-17/search_cores.py (want a working-tree path or a <rev>:<path> pin)
ERROR: research/malnormal-free-doubles-surface-certificates.md: artifact not found: experiments/malnormal-doubles-surfaces-2026-09-17/verify_certificates.py (want a working-tree path or a <rev>:<path> pin)
ERROR: research/malnormal-free-doubles-surface-certificates.md: artifact not found: experiments/malnormal-doubles-surfaces-2026-09-17/verify.log (want a working-tree path or a <rev>:<path> pin)
ERROR: research/malnormal-free-doubles-surface-certificates.md: artifact not found: experiments/malnormal-doubles-surfaces-2026-09-17/out_small.txt (want a working-tree path or a <rev>:<path> pin)
ERROR: research/malnormal-free-doubles-surface-certificates.md: artifact not found: experiments/malnormal-doubles-surfaces-2026-09-17/out_ex_genus1.txt (want a working-tree path or a <rev>:<path> pin)
ERROR: research/malnormal-free-doubles-surface-certificates.md: artifact not found: experiments/malnormal-doubles-surfaces-2026-09-17/out_cores_cal.txt (want a working-tree path or a <rev>:<path> pin)
ERROR: research/malnormal-free-doubles-surface-certificates.md: artifact not found: experiments/malnormal-doubles-surfaces-2026-09-17/search_quotients.py (want a working-tree path or a <rev>:<path> pin)
ERROR: research/malnormal-free-doubles-surface-certificates.md: artifact not found: experiments/malnormal-doubles-surfaces-2026-09-17/search_filling.py (want a working-tree path or a <rev>:<path> pin)
ERROR: research/malnormal-free-doubles-surface-certificates.md: artifact not found: experiments/malnormal-doubles-surfaces-2026-09-17/out_q_ex1_d2.txt (want a working-tree path or a <rev>:<path> pin)
ERROR: research/malnormal-free-doubles-surface-certificates.md: artifact not found: experiments/malnormal-doubles-surfaces-2026-09-17/out_q_ex1_d3.txt (want a working-tree path or a <rev>:<path> pin)
ERROR: research/malnormal-free-doubles-surface-certificates.md: artifact not found: experiments/malnormal-doubles-surfaces-2026-09-17/search_fatgraphs.py (want a working-tree path or a <rev>:<path> pin)
ERROR: research/malnormal-free-doubles-surface-certificates.md: artifact not found: experiments/malnormal-doubles-surfaces-2026-09-17/search_pairs.py (want a working-tree path or a <rev>:<path> pin)
ERROR: research/malnormal-free-doubles-surface-certificates.md: artifact not found: experiments/malnormal-doubles-surfaces-2026-09-17/out_pairs_r2.txt (want a working-tree path or a <rev>:<path> pin)
ERROR: research/malnormal-free-doubles-surface-certificates.md: artifact not found: experiments/malnormal-doubles-surfaces-2026-09-17/out_pairs_r3.txt (want a working-tree path or a <rev>:<path> pin)
ERROR: research/malnormal-free-doubles-surface-certificates.md: artifact not found: experiments/malnormal-doubles-surfaces-2026-09-17/verify_lemma6.py (want a working-tree path or a <rev>:<path> pin)
ERROR: research/malnormal-free-doubles-surface-certificates.md: artifact not found: experiments/malnormal-doubles-surfaces-2026-09-17/verify_lemma6.log (want a working-tree path or a <rev>:<path> pin)
ERROR: research/malnormal-free-doubles-surface-certificates.md: artifact not found: experiments/malnormal-doubles-surfaces-2026-09-17/one_ended_certificate.py (want a working-tree path or a <rev>:<path> pin)
ERROR: research/malnormal-free-doubles-surface-certificates.md: artifact not found: experiments/malnormal-doubles-surfaces-2026-09-17/out_one_ended.txt (want a working-tree path or a <rev>:<path> pin)
ERROR: research/malnormal-free-doubles-surface-certificates.md: artifact not found: experiments/malnormal-doubles-surfaces-2026-09-17/out_pairs_r4_residual.txt (want a working-tree path or a <rev>:<path> pin)
ERROR: research/malnormal-free-doubles-surface-certificates.md: artifact not found: experiments/malnormal-doubles-surfaces-2026-09-17/verify_lemma6_r4.log (want a working-tree path or a <rev>:<path> pin)
ERROR: research/malnormal-free-doubles-surface-certificates.md: artifact not found: experiments/malnormal-doubles-surfaces-2026-09-17/out_one_ended_r4.txt (want a working-tree path or a <rev>:<path> pin)
ERROR: research/malnormal-free-doubles-surface-certificates.md: artifact not found: experiments/malnormal-doubles-surfaces-2026-09-17/one_ended_multi.py (want a working-tree path or a <rev>:<path> pin)
ERROR: research/malnormal-free-doubles-surface-certificates.md: artifact not found: experiments/malnormal-doubles-surfaces-2026-09-17/out_one_ended_multi.txt (want a working-tree path or a <rev>:<path> pin)
ERROR: research/malnormal-free-doubles-surface-certificates.md: artifact not found: experiments/malnormal-doubles-surfaces-2026-09-17/one_ended_primitive.py (want a working-tree path or a <rev>:<path> pin)
ERROR: research/malnormal-free-doubles-surface-certificates.md: artifact not found: experiments/malnormal-doubles-surfaces-2026-09-17/out_one_ended_primitive.txt (want a working-tree path or a <rev>:<path> pin)
ERROR: research/malnormal-free-doubles-surface-certificates.md: artifact not found: experiments/malnormal-doubles-surfaces-2026-09-17/out_one_ended_primitive_cal.txt (want a working-tree path or a <rev>:<path> pin)
ERROR: research/marked-double-coset-infinite-degree-proof.md: artifact not found: notes/COMMUTING_WREATH_SOFIC_RADICAL.md (want a working-tree path or a <rev>:<path> pin)
ERROR: research/marked-double-coset-infinite-degree.md: artifact not found: notes/COMMUTING_WREATH_SOFIC_RADICAL.md (want a working-tree path or a <rev>:<path> pin)
ERROR: research/marked-hyperoctahedral-table-linear-dimension-breaker.md: artifact not found: experiments/hyperoctahedral_low_degree_packet.py (want a working-tree path or a <rev>:<path> pin)
ERROR: research/marked-hyperoctahedral-table-linear-dimension-breaker.md: artifact not found: experiments/hyperoctahedral-low-degree-packet.json (want a working-tree path or a <rev>:<path> pin)
ERROR: research/marked-quotient-growth-necessity-proof.md: artifact not found: notes/COMMUTING_LAMP_QUOTIENT_STRUCTURE_AND_MF_FORK_2026-08-14.md (want a working-tree path or a <rev>:<path> pin)
ERROR: research/marked-quotient-mf-forces-commutant-growth.md: artifact not found: notes/COMMUTING_LAMP_QUOTIENT_STRUCTURE_AND_MF_FORK_2026-08-14.md (want a working-tree path or a <rev>:<path> pin)
ERROR: research/marked-quotients-not-lef-proof.md: artifact not found: notes/COMMUTING_LAMP_QUOTIENT_STRUCTURE_AND_MF_FORK_2026-08-14.md (want a working-tree path or a <rev>:<path> pin)
ERROR: research/marked-quotients-not-lef.md: artifact not found: notes/COMMUTING_LAMP_QUOTIENT_STRUCTURE_AND_MF_FORK_2026-08-14.md (want a working-tree path or a <rev>:<path> pin)
ERROR: research/marked-quotients-not-lef.md: artifact not found: GroupApproximation/Criterion/FiniteQuotientBlindness.lean (want a working-tree path or a <rev>:<path> pin)
ERROR: research/marked-quotients-not-lef.md: artifact not found: GroupApproximation/Monsters/CyclicBaseLEFObstruction.lean (want a working-tree path or a <rev>:<path> pin)
ERROR: research/marked-t00-separation-has-gl10-model.md: artifact not found: experiments/marked_t00_separation_gl10_audit.py (want a working-tree path or a <rev>:<path> pin)
ERROR: research/marker-routed-paradoxical-transport-must-collide.md: artifact not found: experiments/paradoxical-transport-2026-09-17/marker_routing_sat.py (want a working-tree path or a <rev>:<path> pin)
ERROR: research/marker-routed-transport-mass-balance-proof.md: artifact not found: experiments/paradoxical-transport-2026-09-17/marker_routing_sat.py (want a working-tree path or a <rev>:<path> pin)
ERROR: research/markov-post-from-finite-state-support.md: artifact not found: GroupApproximation/Computability/MarkovPost.lean (want a working-tree path or a <rev>:<path> pin)
ERROR: research/markov-post-undecidable-monoid-word-problem.md: artifact not found: GroupApproximation/Computability/MarkovPost.lean (want a working-tree path or a <rev>:<path> pin)
ERROR: research/markov-post-undecidable-monoid-word-problem.md: artifact not found: GroupApproximation/Computability/FiniteMachineWordProblem.lean (want a working-tree path or a <rev>:<path> pin)
ERROR: research/markov-post-undecidable-monoid-word-problem.md: artifact not found: GroupApproximation/Computability/UniversalMachineUndecidable.lean (want a working-tree path or a <rev>:<path> pin)
ERROR: research/markov-post-undecidable-monoid-word-problem.md: artifact not found: GroupApproximation/Computability/TM0WordProblem.lean (want a working-tree path or a <rev>:<path> pin)
ERROR: research/masa-normalizing-tracial-action.md: artifact not found: notes/FALSE_MASA_NORMALIZING_TRACIAL_ACTION.md (want a working-tree path or a <rev>:<path> pin)
ERROR: research/masa-normalizing-tracial-action.md: artifact not found: notes/TRUE_DIAGONAL_NORMALIZER_RIGIDITY.md (want a working-tree path or a <rev>:<path> pin)
ERROR: research/matricial-stability-identifies-radicals-proof.md: artifact not found: GroupApproximation/Sofic/MatricialStabilityRadical.lean (want a working-tree path or a <rev>:<path> pin)
ERROR: research/matricially-stable-groups-exist-proof.md: artifact not found: GroupApproximation/Sofic/MatricialStabilityInstances.lean (want a working-tree path or a <rev>:<path> pin)
ERROR: research/matricially-stable-groups-exist.md: artifact not found: GroupApproximation/Sofic/MatricialStabilityInstances.lean (want a working-tree path or a <rev>:<path> pin)
ERROR: research/matricially-stable-groups-exist.md: artifact not found: non_mf_groups_exist.tex (want a working-tree path or a <rev>:<path> pin)
ERROR: research/matrix-corona-projection-monoid-is-rank-germs-proof.md: artifact not found: GroupApproximation/Analysis/CoronaProjectionLifting.lean (want a working-tree path or a <rev>:<path> pin)
ERROR: research/matrix-phase-linear-from-affine-tensors-proof.md: artifact not found: experiments/alpha_plane_affine_tensor_check.py (want a working-tree path or a <rev>:<path> pin)
ERROR: research/matrix-phase-linear-from-affine-tensors-proof.md: artifact not found: experiments/alpha-plane-affine-tensor-check.json (want a working-tree path or a <rev>:<path> pin)
ERROR: research/matrix-recovery-of-schur-flip-wreath-sites.md: artifact not found: notes/TRUE_RELATIVE_WALL_IS_COMMUTANT_GROWTH.md (want a working-tree path or a <rev>:<path> pin)
ERROR: research/maximal-fiber-variance-proof.md: artifact not found: notes/FALSE_EXACT_JOINT_COMPRESSOR_HAS_MAXIMAL_FIBER_VARIANCE.md (want a working-tree path or a <rev>:<path> pin)
ERROR: research/maximal-group-cstar-infinite-under-strict-compression-proof.md: artifact not found: GroupApproximation/Analysis/MaximalCStarParagraphEndpoint.lean (want a working-tree path or a <rev>:<path> pin)
ERROR: research/maximal-group-cstar-infinite-under-strict-compression-proof.md: artifact not found: GroupApproximation/Analysis/MaximalCStarKazhdanAverage.lean (want a working-tree path or a <rev>:<path> pin)
ERROR: research/maximal-group-cstar-infinite-under-strict-compression-proof.md: artifact not found: GroupApproximation/Analysis/KazhdanProjectionAbsorption.lean (want a working-tree path or a <rev>:<path> pin)
ERROR: research/maximal-group-cstar-infinite-under-strict-compression-proof.md: artifact not found: GroupApproximation/Analysis/MaximalCStarLiteralBase.lean (want a working-tree path or a <rev>:<path> pin)
ERROR: research/maximal-group-cstar-infinite-under-strict-compression.md: artifact not found: non_mf_groups_exist.tex (want a working-tree path or a <rev>:<path> pin)
ERROR: research/maximal-group-cstar-infinite-under-strict-compression.md: artifact not found: GroupApproximation/Analysis/MaximalCStarParagraphEndpoint.lean (want a working-tree path or a <rev>:<path> pin)
ERROR: research/maximal-group-cstar-infinite-under-strict-compression.md: artifact not found: GroupApproximation/Analysis/MaximalGroupCStar.lean (want a working-tree path or a <rev>:<path> pin)
ERROR: research/maximal-group-cstar-infinite-under-strict-compression.md: artifact not found: GroupApproximation/Analysis/MaximalCStarKazhdanAverage.lean (want a working-tree path or a <rev>:<path> pin)
ERROR: research/maximal-group-cstar-infinite-under-strict-compression.md: artifact not found: GroupApproximation/Analysis/MaximalCStarLiteralBase.lean (want a working-tree path or a <rev>:<path> pin)
ERROR: research/maximal-junction-predicates-assume-their-own-content-proof.md: artifact not found: GroupApproximation/Sofic/GreendlingerLandingProd.lean (want a working-tree path or a <rev>:<path> pin)
ERROR: research/maximal-junction-predicates-assume-their-own-content-proof.md: artifact not found: GroupApproximation/Sofic/GreendlingerSharpTwins.lean (want a working-tree path or a <rev>:<path> pin)
ERROR: research/maximal-junction-predicates-assume-their-own-content.md: artifact not found: GroupApproximation/Sofic/GreendlingerMaxConjugator.lean (want a working-tree path or a <rev>:<path> pin)
ERROR: research/maximal-junction-predicates-assume-their-own-content.md: artifact not found: GroupApproximation/Sofic/GreendlingerSharpTwins.lean (want a working-tree path or a <rev>:<path> pin)
ERROR: research/maximal-junction-predicates-assume-their-own-content.md: artifact not found: GroupApproximation/Sofic/GreendlingerLandingProd.lean (want a working-tree path or a <rev>:<path> pin)
ERROR: research/mf-antipodal-sign-corner-visibility-proof.md: artifact not found: GroupApproximation/Sofic/AntipodalTraceExtraction.lean (want a working-tree path or a <rev>:<path> pin)
ERROR: research/mf-antipodal-sign-corner-visibility-proof.md: artifact not found: notes/TRUE_ANTIPODAL_TRACE_EXTRACTION.md (want a working-tree path or a <rev>:<path> pin)
ERROR: research/mf-antipodal-sign-corner-visibility.md: artifact not found: GroupApproximation/Sofic/AntipodalTraceExtraction.lean (want a working-tree path or a <rev>:<path> pin)
ERROR: research/mf-antipodal-sign-corner-visibility.md: artifact not found: notes/TRUE_ANTIPODAL_TRACE_EXTRACTION.md (want a working-tree path or a <rev>:<path> pin)
ERROR: research/mf-camouflage-is-a-faithful-split-extension-functor.md: artifact not found: notes/MF_REFLECTION_AND_CORONA_SUPPORT_CALCULUS.md (want a working-tree path or a <rev>:<path> pin)
ERROR: research/mf-commensurability-from-radical-heredity.md: artifact not found: GroupApproximation/Sofic/InducedCoronaMF.lean (want a working-tree path or a <rev>:<path> pin)
ERROR: research/mf-extension-nonclosure-proof.md: artifact not found: non_mf_groups_exist.tex (want a working-tree path or a <rev>:<path> pin)
ERROR: research/mf-extension-nonclosure-proof.md: artifact not found: GroupApproximation/Sofic/LiteralWitnessConsequences.lean (want a working-tree path or a <rev>:<path> pin)
ERROR: research/mf-extension-nonclosure-proof.md: artifact not found: GroupApproximation/Sofic/LocallyFiniteMF.lean (want a working-tree path or a <rev>:<path> pin)
ERROR: research/mf-extension-nonclosure.md: artifact not found: non_mf_groups_exist.tex (want a working-tree path or a <rev>:<path> pin)
ERROR: research/mf-extension-nonclosure.md: artifact not found: GroupApproximation/Sofic/LiteralWitnessConsequences.lean (want a working-tree path or a <rev>:<path> pin)
ERROR: research/mf-fails-with-elementary-abelian-kernel.md: artifact not found: GroupApproximation/Sofic/AscendingHNNSplitExtension.lean (want a working-tree path or a <rev>:<path> pin)
ERROR: research/mf-fd-visible-elements-have-global-trace-gaps-proof.md: artifact not found: notes/mf-invariant-corner-visibility-audit-2026-08-30.md (want a working-tree path or a <rev>:<path> pin)
ERROR: research/mf-finite-normal-tracially-visible-proof.md: artifact not found: GroupApproximation/Sofic/MFDefinitions.lean (want a working-tree path or a <rev>:<path> pin)
ERROR: research/mf-finite-normal-tracially-visible-proof.md: artifact not found: non_mf_groups_exist.tex (want a working-tree path or a <rev>:<path> pin)
ERROR: research/mf-finite-normal-tracially-visible.md: artifact not found: GroupApproximation/Sofic/MFDefinitions.lean (want a working-tree path or a <rev>:<path> pin)
ERROR: research/mf-group-with-finite-central-compression-defect.md: artifact not found: non_mf_groups_exist.tex (want a working-tree path or a <rev>:<path> pin)
ERROR: research/mf-horn-obstruction-from-literal-mark.md: artifact not found: non_mf_groups_exist.tex (want a working-tree path or a <rev>:<path> pin)
ERROR: research/mf-horn-obstruction-from-literal-mark.md: artifact not found: GroupApproximation/Sofic/LiteralUniversalHorn.lean (want a working-tree path or a <rev>:<path> pin)
ERROR: research/mf-hyperlinear-of-finite-normal-quotient.md: artifact not found: GroupApproximation/Sofic/MFDefinitions.lean (want a working-tree path or a <rev>:<path> pin)
ERROR: research/mf-hyperlinear-radical-divergence-proof.md: artifact not found: GroupApproximation/Sofic/RadicalSeparation.lean (want a working-tree path or a <rev>:<path> pin)
ERROR: research/mf-hyperlinear-radical-divergence-proof.md: artifact not found: notes/NON_MF_TO_HYPERLINEAR_DIFFERENTIAL_AUDIT.md (want a working-tree path or a <rev>:<path> pin)
ERROR: research/mf-implies-hyperlinear-via-rank-profile.md: artifact not found: notes/FALSE_ONE_NUMBER_RELATIVE_COMMUTANT_CRITERION.md (want a working-tree path or a <rev>:<path> pin)
ERROR: research/mf-implies-hyperlinear-via-rank-profile.md: artifact not found: notes/FALSE_FERMIONIC_AMPLIFICATION.md (want a working-tree path or a <rev>:<path> pin)
ERROR: research/mf-implies-hyperlinear-via-rank-profile.md: artifact not found: notes/NOTEPAD.md (want a working-tree path or a <rev>:<path> pin)
ERROR: research/mf-implies-hyperlinear-via-rank-profile.md: artifact not found: GroupApproximation/Sofic/ExteriorMFProfile.lean (want a working-tree path or a <rev>:<path> pin)
ERROR: research/mf-implies-hyperlinear.md: artifact not found: non_mf_groups_exist.tex (want a working-tree path or a <rev>:<path> pin)
ERROR: research/mf-implies-hyperlinear.md: artifact not found: notes/NON_MF_FINAL_REVIEW_AND_RESOLUTION_2026-08-14.md (want a working-tree path or a <rev>:<path> pin)
ERROR: research/mf-integer-extension-nonclosure-proof.md: artifact not found: notes/COMMUTING_LAMP_QUOTIENT_STRUCTURE_AND_MF_FORK_2026-08-14.md (want a working-tree path or a <rev>:<path> pin)
ERROR: research/mf-is-commensurability-invariant.md: artifact not found: GroupApproximation/Sofic/InducedCoronaMF.lean (want a working-tree path or a <rev>:<path> pin)
ERROR: research/mf-nonhyperlinear-collapse-structure-proof.md: artifact not found: GroupApproximation/Sofic/RadicalSeparation.lean (want a working-tree path or a <rev>:<path> pin)
ERROR: research/mf-nonhyperlinear-collapse-structure.md: artifact not found: GroupApproximation/Sofic/RadicalSeparation.lean (want a working-tree path or a <rev>:<path> pin)
ERROR: research/mf-not-closed-under-integer-extensions.md: artifact not found: notes/COMMUTING_LAMP_QUOTIENT_STRUCTURE_AND_MF_FORK_2026-08-14.md (want a working-tree path or a <rev>:<path> pin)
ERROR: research/mf-positive-controls-proof.md: artifact not found: non_mf_groups_exist.tex (want a working-tree path or a <rev>:<path> pin)
ERROR: research/mf-positive-controls-proof.md: artifact not found: GroupApproximation/Sofic/OperatorMFPositiveControls.lean (want a working-tree path or a <rev>:<path> pin)
ERROR: research/mf-positive-controls-proof.md: artifact not found: GroupApproximation/Sofic/LocallyFiniteMF.lean (want a working-tree path or a <rev>:<path> pin)
ERROR: research/mf-positive-controls.md: artifact not found: non_mf_groups_exist.tex (want a working-tree path or a <rev>:<path> pin)
ERROR: research/mf-positive-controls.md: artifact not found: GroupApproximation/Sofic/OperatorMFPositiveControls.lean (want a working-tree path or a <rev>:<path> pin)
ERROR: research/mf-positive-controls.md: artifact not found: GroupApproximation/Sofic/LocallyFiniteMF.lean (want a working-tree path or a <rev>:<path> pin)
ERROR: research/mf-quotient-nonclosure-proof.md: artifact not found: non_mf_groups_exist.tex (want a working-tree path or a <rev>:<path> pin)
ERROR: research/mf-quotient-nonclosure-proof.md: artifact not found: notes/NON_MF_IMPACT_FORMAL_STATUS.md (want a working-tree path or a <rev>:<path> pin)
ERROR: research/mf-quotient-nonclosure-proof.md: artifact not found: GroupApproximation/Sofic/LiteralMFQuotientControls.lean (want a working-tree path or a <rev>:<path> pin)
ERROR: research/mf-quotient-nonclosure-proof.md: artifact not found: GroupApproximation/Sofic/FreeGroupResiduallyFinite.lean (want a working-tree path or a <rev>:<path> pin)
ERROR: research/mf-quotient-nonclosure.md: artifact not found: non_mf_groups_exist.tex (want a working-tree path or a <rev>:<path> pin)
ERROR: research/mf-quotient-nonclosure.md: artifact not found: GroupApproximation/Sofic/LiteralMFQuotientControls.lean (want a working-tree path or a <rev>:<path> pin)
ERROR: research/mf-radical-functoriality-proof.md: artifact not found: non_mf_groups_exist.tex (want a working-tree path or a <rev>:<path> pin)
ERROR: research/mf-radical-functoriality-proof.md: artifact not found: GroupApproximation/Sofic/ManuscriptExactWrappers.lean (want a working-tree path or a <rev>:<path> pin)
ERROR: research/mf-radical-functoriality.md: artifact not found: non_mf_groups_exist.tex (want a working-tree path or a <rev>:<path> pin)
ERROR: research/mf-radical-functoriality.md: artifact not found: GroupApproximation/Sofic/ManuscriptExactWrappers.lean (want a working-tree path or a <rev>:<path> pin)
ERROR: research/mf-radical-godel-word.md: artifact not found: GroupApproximation/Computability/MFRadicalComputer.lean (want a working-tree path or a <rev>:<path> pin)
ERROR: research/mf-radical-godel-word.md: artifact not found: GroupApproximation/Computability/MFRadicalGodel.lean (want a working-tree path or a <rev>:<path> pin)
ERROR: research/mf-radical-godel-word.md: artifact not found: GroupApproximation/Endpoint/ChosenNonMFAudit.lean (want a working-tree path or a <rev>:<path> pin)
ERROR: research/mf-radical-membership-has-a-sigma2-upper-bound.md: artifact not found: GroupApproximation/Sofic/NormMFCoronaRadical.lean (want a working-tree path or a <rev>:<path> pin)
ERROR: research/mf-radical-membership-has-a-sigma2-upper-bound.md: artifact not found: GroupApproximation/Sofic/NormMFUniversalCorona.lean (want a working-tree path or a <rev>:<path> pin)
ERROR: research/mf-radical-membership-has-a-sigma2-upper-bound.md: artifact not found: GroupApproximation/Sofic/OperatorMFPairAmplification.lean (want a working-tree path or a <rev>:<path> pin)
ERROR: research/mf-radical-membership-sigma2-upper-bound-proof.md: artifact not found: GroupApproximation/Sofic/NormMFCoronaRadical.lean (want a working-tree path or a <rev>:<path> pin)
ERROR: research/mf-radical-membership-sigma2-upper-bound-proof.md: artifact not found: GroupApproximation/Sofic/NormMFUniversalCorona.lean (want a working-tree path or a <rev>:<path> pin)
ERROR: research/mf-radical-membership-sigma2-upper-bound-proof.md: artifact not found: GroupApproximation/Sofic/OperatorMFPairAmplification.lean (want a working-tree path or a <rev>:<path> pin)
ERROR: research/mf-radical-words-have-linear-certificates.md: artifact not found: non_mf_groups_exist.tex (want a working-tree path or a <rev>:<path> pin)
ERROR: research/mf-recognition-finite-presentations-is-pi2-complete.md: artifact not found: non_mf_groups_exist.tex (want a working-tree path or a <rev>:<path> pin)
ERROR: research/mf-recognition-has-a-pi2-upper-bound.md: artifact not found: GroupApproximation/Computability/CodedMicrostate.lean (want a working-tree path or a <rev>:<path> pin)
ERROR: research/mf-recognition-has-a-pi2-upper-bound.md: artifact not found: GroupApproximation/Computability/MicrostateNormalForm.lean (want a working-tree path or a <rev>:<path> pin)
ERROR: research/mf-recognition-has-a-pi2-upper-bound.md: artifact not found: GroupApproximation/Analysis/OperatorNormCertificate.lean (want a working-tree path or a <rev>:<path> pin)
ERROR: research/mf-recognition-has-a-pi2-upper-bound.md: artifact not found: GroupApproximation/Analysis/RatComplexSubfield.lean (want a working-tree path or a <rev>:<path> pin)
ERROR: research/mf-recognition-has-a-pi2-upper-bound.md: artifact not found: non_mf_group_notes.tex (want a working-tree path or a <rev>:<path> pin)
ERROR: research/mf-recognition-pi2-upper-bound-proof.md: artifact not found: GroupApproximation/Computability/CodedMicrostate.lean (want a working-tree path or a <rev>:<path> pin)
ERROR: research/mf-recognition-pi2-upper-bound-proof.md: artifact not found: GroupApproximation/Computability/MicrostateNormalForm.lean (want a working-tree path or a <rev>:<path> pin)
ERROR: research/mf-recognition-pi2-upper-bound-proof.md: artifact not found: GroupApproximation/Analysis/OperatorNormCertificate.lean (want a working-tree path or a <rev>:<path> pin)
ERROR: research/mf-recognition-pi2-upper-bound-proof.md: artifact not found: GroupApproximation/Analysis/RatComplexSubfield.lean (want a working-tree path or a <rev>:<path> pin)
ERROR: research/mf-recognition-recursive-presentations-is-second-level-complete.md: artifact not found: GroupApproximation/Computability/MFEnumeratedMicrostate.lean (want a working-tree path or a <rev>:<path> pin)
ERROR: research/mf-recognition-recursive-presentations-is-second-level-complete.md: artifact not found: GroupApproximation/Computability/MFEnumeratedNormalForm.lean (want a working-tree path or a <rev>:<path> pin)
ERROR: research/mf-recognition-recursive-presentations-is-second-level-complete.md: artifact not found: GroupApproximation/Computability/MFEnumeratedPi02.lean (want a working-tree path or a <rev>:<path> pin)
ERROR: research/mf-recognition-recursive-presentations-is-second-level-complete.md: artifact not found: GroupApproximation/Endpoint/MFEnumeratedPi02Audit.lean (want a working-tree path or a <rev>:<path> pin)
ERROR: research/mf-recognition-undecidable-via-adian-rabin.md: artifact not found: non_mf_groups_exist.tex (want a working-tree path or a <rev>:<path> pin)
ERROR: research/mf-recognition-undecidable-via-adian-rabin.md: artifact not found: GroupApproximation/Computability/MarkovMFConsequences.lean (want a working-tree path or a <rev>:<path> pin)
ERROR: research/mf-recognition-undecidable-via-adian-rabin.md: artifact not found: GroupApproximation/Computability/AdianRabinMarkovProperty.lean (want a working-tree path or a <rev>:<path> pin)
ERROR: research/mf-recognition-undecidable-via-adian-rabin.md: artifact not found: GroupApproximation/Computability/BooneWordProblemUndecidable.lean (want a working-tree path or a <rev>:<path> pin)
ERROR: research/mf-recognition-undecidable-via-adian-rabin.md: artifact not found: GroupApproximation/Computability/WordProblemRE.lean (want a working-tree path or a <rev>:<path> pin)
ERROR: research/mf-recognition-undecidable.md: artifact not found: non_mf_groups_exist.tex (want a working-tree path or a <rev>:<path> pin)
ERROR: research/mf-recognition-undecidable.md: artifact not found: GroupApproximation/Computability/BooneWordProblemUndecidable.lean (want a working-tree path or a <rev>:<path> pin)
ERROR: research/mf-recognition-undecidable.md: artifact not found: GroupApproximation/Computability/WordProblemRE.lean (want a working-tree path or a <rev>:<path> pin)
ERROR: research/mf-recognition-undecidable.md: artifact not found: GroupApproximation/Computability/MarkovMFConsequences.lean (want a working-tree path or a <rev>:<path> pin)
ERROR: research/mf-recognition-undecidable.md: artifact not found: GroupApproximation/Computability/AdianRabinMarkovProperty.lean (want a working-tree path or a <rev>:<path> pin)
ERROR: research/mf-recognition-undecidable.md: artifact not found: GroupApproximation/Computability/MFRecognitionImpossible.lean (want a working-tree path or a <rev>:<path> pin)
ERROR: research/mf-recognition-undecidable.md: artifact not found: GroupApproximation/Endpoint/MFRecognitionAudit.lean (want a working-tree path or a <rev>:<path> pin)
ERROR: research/mf-recognition-undecidable.md: artifact not found: GroupApproximation/Computability/MicrostateNormalForm.lean (want a working-tree path or a <rev>:<path> pin)
ERROR: research/mf-reflection-and-corona-support-calculus.md: artifact not found: notes/MF_REFLECTION_AND_CORONA_SUPPORT_CALCULUS.md (want a working-tree path or a <rev>:<path> pin)
ERROR: research/mf-semantic-closure-transplantation.md: artifact not found: non_mf_groups_exist.tex (want a working-tree path or a <rev>:<path> pin)
ERROR: research/mf-trace-gap-defect-ratio-models.md: artifact not found: notes/FALSE_WEAK_MF_EFFECTIVE_RANK_PROFILE.md (want a working-tree path or a <rev>:<path> pin)
ERROR: research/mf-trace-gap-defect-ratio-models.md: artifact not found: notes/FALSE_ONE_NUMBER_RELATIVE_COMMUTANT_CRITERION.md (want a working-tree path or a <rev>:<path> pin)
ERROR: research/mf-trace-gap-defect-ratio-models.md: artifact not found: notes/NOTEPAD.md (want a working-tree path or a <rev>:<path> pin)
ERROR: research/mf-trace-gap-defect-ratio-models.md: artifact not found: GroupApproximation/Sofic/ExteriorMFProfile.lean (want a working-tree path or a <rev>:<path> pin)
ERROR: research/mf-trace-gap-defect-ratio-models.md: artifact not found: GroupApproximation/Sofic/NormTraceGap.lean (want a working-tree path or a <rev>:<path> pin)
ERROR: research/mf-universal-horn-obstruction.md: artifact not found: non_mf_groups_exist.tex (want a working-tree path or a <rev>:<path> pin)
ERROR: research/mf-universal-horn-obstruction.md: artifact not found: GroupApproximation/Sofic/LiteralUniversalHorn.lean (want a working-tree path or a <rev>:<path> pin)
ERROR: research/mf-vs-tracial-radical-strict-gap-proof.md: artifact not found: GroupApproximation/Sofic/IntrinsicCompressionMFRadical.lean (want a working-tree path or a <rev>:<path> pin)
ERROR: research/middle-pauli-probes-leave-three-hecke-classes-untyped.md: artifact not found: experiments/signed_hecke_literal_pauli_probe_audit.py (want a working-tree path or a <rev>:<path> pin)
ERROR: research/middle-pauli-probes-leave-three-hecke-classes-untyped.md: artifact not found: experiments/signed_hecke_literal_pauli_probe_audit.sbatch (want a working-tree path or a <rev>:<path> pin)
ERROR: research/middle-pauli-probes-leave-three-hecke-classes-untyped.md: artifact not found: experiments/signed_hecke_middle_pauli_probe_audit.py (want a working-tree path or a <rev>:<path> pin)
ERROR: research/middle-pauli-probes-leave-three-hecke-classes-untyped.md: artifact not found: experiments/signed-hecke-literal-pauli-probe-results.json (want a working-tree path or a <rev>:<path> pin)
ERROR: research/mikaelian-rho-tau-shortcuts-fail-proof.md: artifact not found: GroupApproximation/Higman/SequenceSpace.lean (want a working-tree path or a <rev>:<path> pin)
ERROR: research/mikaelian-rho-tau-shortcuts-fail-proof.md: artifact not found: GroupApproximation/Higman/OperationClosureRho.lean (want a working-tree path or a <rev>:<path> pin)
ERROR: research/mikaelian-rho-tau-shortcuts-fail.md: artifact not found: GroupApproximation/Higman/OperationClosureRho.lean (want a working-tree path or a <rev>:<path> pin)
ERROR: research/mikaelian-rho-tau-shortcuts-fail.md: artifact not found: GroupApproximation/Higman/OperationClosureTau.lean (want a working-tree path or a <rev>:<path> pin)
ERROR: research/mikaelian-rho-tau-shortcuts-fail.md: artifact not found: GroupApproximation/Higman/SequenceSpace.lean (want a working-tree path or a <rev>:<path> pin)
ERROR: research/miller-amalgam-ck-envelopes-have-no-fng-maximal-kernel-proof.md: artifact not found: experiments/ck-miller-poison-2026-09-17/kmss-miller-quote.txt (want a working-tree path or a <rev>:<path> pin)
ERROR: research/miller-amalgam-ck-envelopes-have-no-fng-maximal-kernel.md: artifact not found: experiments/ck-miller-poison-2026-09-17/kmss-miller-quote.txt (want a working-tree path or a <rev>:<path> pin)
ERROR: research/miller-fp-group-with-hereditarily-unsolvable-quotients-citation.md: artifact not found: experiments/ck-miller-poison-2026-09-17/kmss-miller-quote.txt (want a working-tree path or a <rev>:<path> pin)
ERROR: research/miller-fp-group-with-hereditarily-unsolvable-quotients.md: artifact not found: experiments/ck-miller-poison-2026-09-17/kmss-miller-quote.txt (want a working-tree path or a <rev>:<path> pin)
ERROR: research/minimal-marked-graph-crossed-product-ce.md: artifact not found: notes/TRUE_KUN_THOM_CLIFFORD_PHASE.md (want a working-tree path or a <rev>:<path> pin)
ERROR: research/minimal-marked-graph-private-neighbour.md: artifact not found: notes/COMMUTING_WREATH_SOFIC_RADICAL.md (want a working-tree path or a <rev>:<path> pin)
ERROR: research/minimal-t00-conversion-cannot-return-native-whitehead-root.md: artifact not found: experiments/native_coefficient_conversion_l0_return_audit.py (want a working-tree path or a <rev>:<path> pin)
ERROR: research/minimal-torsion-free-small-tree-lattices-not-left-orderable.md: artifact not found: experiments/bmw-census-left-orders-2026-09-17/README.md (want a working-tree path or a <rev>:<path> pin)
ERROR: research/minimal-torsion-free-small-tree-lattices-not-left-orderable.md: artifact not found: experiments/bmw-census-left-orders-2026-09-17/cx4.py (want a working-tree path or a <rev>:<path> pin)
ERROR: research/minimal-torsion-free-small-tree-lattices-not-left-orderable.md: artifact not found: experiments/bmw-census-left-orders-2026-09-17/census_cx4_33.json (want a working-tree path or a <rev>:<path> pin)
ERROR: research/minimal-torsion-free-small-tree-lattices-not-left-orderable.md: artifact not found: experiments/bmw-census-left-orders-2026-09-17/out_cx4_33.jsonl (want a working-tree path or a <rev>:<path> pin)
ERROR: research/minimal-torsion-free-small-tree-lattices-not-left-orderable.md: artifact not found: experiments/bmw-census-left-orders-2026-09-17/cx4_parity.py (want a working-tree path or a <rev>:<path> pin)
ERROR: research/minimal-torsion-free-small-tree-lattices-not-left-orderable.md: artifact not found: experiments/bmw-census-left-orders-2026-09-17/cx4_parity.log (want a working-tree path or a <rev>:<path> pin)
ERROR: research/minimal-torsion-free-small-tree-lattices-not-left-orderable.md: artifact not found: experiments/bmw-census-left-orders-2026-09-17/cxmn.py (want a working-tree path or a <rev>:<path> pin)
ERROR: research/minimal-torsion-free-small-tree-lattices-not-left-orderable.md: artifact not found: experiments/bmw-census-left-orders-2026-09-17/crosscheck_cx.py (want a working-tree path or a <rev>:<path> pin)
ERROR: research/minimal-torsion-free-small-tree-lattices-not-left-orderable.md: artifact not found: experiments/bmw-census-left-orders-2026-09-17/crosscheck_cx.log (want a working-tree path or a <rev>:<path> pin)
ERROR: research/minimal-torsion-free-small-tree-lattices-not-left-orderable.md: artifact not found: experiments/bmw-census-left-orders-2026-09-17/summarize_cx.py (want a working-tree path or a <rev>:<path> pin)
ERROR: research/minimal-torsion-free-small-tree-lattices-not-left-orderable.md: artifact not found: experiments/bmw-census-left-orders-2026-09-17/summarize_cx.log (want a working-tree path or a <rev>:<path> pin)
ERROR: research/minimal-torsion-free-small-tree-lattices-not-left-orderable.md: artifact not found: experiments/bmw-census-left-orders-2026-09-17/census_cx_33.json (want a working-tree path or a <rev>:<path> pin)
ERROR: research/minimal-torsion-free-small-tree-lattices-not-left-orderable.md: artifact not found: experiments/bmw-census-left-orders-2026-09-17/census_cx_34.json (want a working-tree path or a <rev>:<path> pin)
ERROR: research/minimal-torsion-free-small-tree-lattices-not-left-orderable.md: artifact not found: experiments/bmw-census-left-orders-2026-09-17/out_cx_34.jsonl (want a working-tree path or a <rev>:<path> pin)
ERROR: research/minimal-torsion-free-small-tree-lattices-not-left-orderable.md: artifact not found: experiments/bmw-census-left-orders-2026-09-17/err_cx_34.log (want a working-tree path or a <rev>:<path> pin)
ERROR: research/minimal-torsion-free-small-tree-lattices-not-left-orderable.md: artifact not found: experiments/bmw-census-left-orders-2026-09-17/cxmn_parity.py (want a working-tree path or a <rev>:<path> pin)
ERROR: research/minimal-torsion-free-small-tree-lattices-not-left-orderable.md: artifact not found: experiments/bmw-census-left-orders-2026-09-17/cxmn_parity.log (want a working-tree path or a <rev>:<path> pin)
ERROR: research/minimal-torsion-free-small-tree-lattices-not-lo-proof.md: artifact not found: experiments/bmw-census-left-orders-2026-09-17/README.md (want a working-tree path or a <rev>:<path> pin)
ERROR: research/minimal-torsion-free-small-tree-lattices-not-lo-proof.md: artifact not found: experiments/bmw-census-left-orders-2026-09-17/cx4.py (want a working-tree path or a <rev>:<path> pin)
ERROR: research/minimal-torsion-free-small-tree-lattices-not-lo-proof.md: artifact not found: experiments/bmw-census-left-orders-2026-09-17/cxmn.py (want a working-tree path or a <rev>:<path> pin)
ERROR: research/minimal-torsion-free-small-tree-lattices-not-lo-proof.md: artifact not found: experiments/bmw-census-left-orders-2026-09-17/crosscheck_cx.py (want a working-tree path or a <rev>:<path> pin)
ERROR: research/minimal-torsion-free-small-tree-lattices-not-lo-proof.md: artifact not found: experiments/bmw-census-left-orders-2026-09-17/crosscheck_cx.log (want a working-tree path or a <rev>:<path> pin)
ERROR: research/minimal-torsion-free-small-tree-lattices-not-lo-proof.md: artifact not found: experiments/bmw-census-left-orders-2026-09-17/summarize_cx.py (want a working-tree path or a <rev>:<path> pin)
ERROR: research/minimal-torsion-free-small-tree-lattices-not-lo-proof.md: artifact not found: experiments/bmw-census-left-orders-2026-09-17/summarize_cx.log (want a working-tree path or a <rev>:<path> pin)
ERROR: research/minimal-torsion-free-small-tree-lattices-not-lo-proof.md: artifact not found: experiments/bmw-census-left-orders-2026-09-17/cx4_parity.py (want a working-tree path or a <rev>:<path> pin)
ERROR: research/minimal-torsion-free-small-tree-lattices-not-lo-proof.md: artifact not found: experiments/bmw-census-left-orders-2026-09-17/cxmn_parity.py (want a working-tree path or a <rev>:<path> pin)
ERROR: research/minimal-window-shannon-derivations-miss-rokhlin-domination.md: artifact not found: experiments/shannon-window-certificates-2026-09-17/verify_fake.py (want a working-tree path or a <rev>:<path> pin)
ERROR: research/minimal-window-shannon-derivations-miss-rokhlin-domination.md: artifact not found: experiments/shannon-window-certificates-2026-09-17/shannon_lp.py (want a working-tree path or a <rev>:<path> pin)
ERROR: research/minimal-window-shannon-fake-on-a-cyclic-orbit.md: artifact not found: experiments/shannon-window-certificates-2026-09-17/verify_fake.py (want a working-tree path or a <rev>:<path> pin)
ERROR: research/minimal-window-shannon-fakes-on-involution-hosts-exact-check.md: artifact not found: experiments/promislow-shannon-windows-2026-09-17/verify_generic.py (want a working-tree path or a <rev>:<path> pin)
ERROR: research/minimal-window-shannon-fakes-on-involution-hosts-exact-check.md: artifact not found: experiments/promislow-shannon-windows-2026-09-17/verify_all.sh (want a working-tree path or a <rev>:<path> pin)
ERROR: research/minimal-window-shannon-fakes-on-involution-hosts-exact-check.md: artifact not found: experiments/promislow-shannon-windows-2026-09-17/verify_log.txt (want a working-tree path or a <rev>:<path> pin)
ERROR: research/mixed-central-cnot-completes-relative-rank-one-router-proof.md: artifact not found: experiments/mixed_commutator_cnot_completion.py (want a working-tree path or a <rev>:<path> pin)
ERROR: research/mixed-central-cnot-completes-relative-rank-one-router.md: artifact not found: experiments/mixed_commutator_cnot_completion.py (want a working-tree path or a <rev>:<path> pin)
ERROR: research/mixed-relator-route.md: artifact not found: notes/HIGHEST_YIELD_NONHYPERLINEAR_ATTACK.md (want a working-tree path or a <rev>:<path> pin)
ERROR: research/mixed-whitehead-cell-moves-signed-source.md: artifact not found: experiments/fixed_q_two_scale_mixed_relation_audit.py (want a working-tree path or a <rev>:<path> pin)
ERROR: research/modular-machine-halting-invariance-proof.md: artifact not found: GroupApproximation/Computability/BooneGroupModularMachine.lean (want a working-tree path or a <rev>:<path> pin)
ERROR: research/modular-machine-halting-invariance.md: artifact not found: GroupApproximation/Computability/BooneGroupModularMachine.lean (want a working-tree path or a <rev>:<path> pin)
ERROR: research/modular-machine-with-noncomputable-halting-proof.md: artifact not found: GroupApproximation/Computability/ModularMachineUndecidable.lean (want a working-tree path or a <rev>:<path> pin)
ERROR: research/modular-machine-with-noncomputable-halting-proof.md: artifact not found: GroupApproximation/Computability/QuadMachine.lean (want a working-tree path or a <rev>:<path> pin)
ERROR: research/modular-machine-with-noncomputable-halting-proof.md: artifact not found: GroupApproximation/Computability/QuadMachineTM0.lean (want a working-tree path or a <rev>:<path> pin)
ERROR: research/modular-machine-with-noncomputable-halting.md: artifact not found: GroupApproximation/Computability/BooneGroupModularMachine.lean (want a working-tree path or a <rev>:<path> pin)
ERROR: research/modular-machine-with-noncomputable-halting.md: artifact not found: GroupApproximation/Computability/ModularMachineUndecidable.lean (want a working-tree path or a <rev>:<path> pin)
ERROR: research/modular-machine-with-noncomputable-halting.md: artifact not found: GroupApproximation/Computability/QuadMachine.lean (want a working-tree path or a <rev>:<path> pin)
ERROR: research/modular-machine-with-noncomputable-halting.md: artifact not found: GroupApproximation/Computability/QuadMachineTM0.lean (want a working-tree path or a <rev>:<path> pin)
ERROR: research/modular-parabolic-restriction-is-a-three-projection-angle.md: artifact not found: experiments/iwahori_parabolic_split.py (want a working-tree path or a <rev>:<path> pin)
ERROR: research/modular-parabolic-restriction-is-a-three-projection-angle.md: artifact not found: experiments/iwahori-parabolic-split.json (want a working-tree path or a <rev>:<path> pin)
ERROR: research/modular-transport-imbalance-is-not-a-strictness-index.md: artifact not found: experiments/modular-index-calibration-2026-09-17/tree_transport.py (want a working-tree path or a <rev>:<path> pin)
ERROR: research/modular-transport-imbalance-is-not-a-strictness-index.md: artifact not found: experiments/modular-index-calibration-2026-09-17/tree_transport.out (want a working-tree path or a <rev>:<path> pin)
ERROR: research/monomial-ascending-hnn-coset-action-sofic-proof.md: artifact not found: notes/FALSE_POSITIVE_CORE_IS_SOFIC.md (want a working-tree path or a <rev>:<path> pin)
ERROR: research/monomial-ascending-hnn-coset-action-sofic.md: artifact not found: notes/FALSE_POSITIVE_CORE_IS_SOFIC.md (want a working-tree path or a <rev>:<path> pin)
ERROR: research/monomial-hnn-wreath-sofic-non-mf-proof.md: artifact not found: GroupApproximation/Sofic/AscendingHNNWreathWitness.lean (want a working-tree path or a <rev>:<path> pin)
ERROR: research/monomial-hnn-wreath-sofic-non-mf.md: artifact not found: GroupApproximation/Sofic/AscendingHNNWreathWitness.lean (want a working-tree path or a <rev>:<path> pin)
ERROR: research/monotone-mf-switch-positive-branch-barrier-proof.md: artifact not found: GroupApproximation/Computability/SeededSelfAwareMFCompiler.lean (want a working-tree path or a <rev>:<path> pin)
ERROR: research/monotone-mf-switch-positive-branch-barrier.md: artifact not found: GroupApproximation/Computability/SeededSelfAwareMFCompiler.lean (want a working-tree path or a <rev>:<path> pin)
ERROR: research/moody-witness-exists-iff-outside-burau-kernel-proof.md: artifact not found: experiments/moody-witness-equivalence-2026-09-17/spanning.py (want a working-tree path or a <rev>:<path> pin)
ERROR: research/moody-witness-exists-iff-outside-burau-kernel-proof.md: artifact not found: experiments/moody-witness-equivalence-2026-09-17/spanning.log (want a working-tree path or a <rev>:<path> pin)
ERROR: research/moody-witness-exists-iff-outside-burau-kernel.md: artifact not found: experiments/moody-witness-equivalence-2026-09-17/spanning.py (want a working-tree path or a <rev>:<path> pin)
ERROR: research/moody-witness-exists-iff-outside-burau-kernel.md: artifact not found: experiments/moody-witness-equivalence-2026-09-17/spanning.log (want a working-tree path or a <rev>:<path> pin)
ERROR: research/moved-root-dft-router-loses-quarter-and-collides-two-to-one.md: artifact not found: 07c67f1d7:research/moved-root-dft-router-quarter-loss-proof.md (want a working-tree path or a <rev>:<path> pin)
ERROR: research/moving-lamp-refinement-cocycle-has-diffuse-fibers.md: artifact not found: notes/TRUE_RELATIVE_BURTON_KUN_THOM_REDUCTION.md (want a working-tree path or a <rev>:<path> pin)
ERROR: research/multi-mover-block-amplification-repair.md: artifact not found: GroupApproximation/Sofic/MaxDisplacement.lean (want a working-tree path or a <rev>:<path> pin)
ERROR: research/multi-mover-block-amplification-repair.md: artifact not found: GroupApproximation/Sofic/MoverGeneration.lean (want a working-tree path or a <rev>:<path> pin)
ERROR: research/multi-mover-block-amplification-repair.md: artifact not found: GroupApproximation/Sofic/CoronaSubsequence.lean (want a working-tree path or a <rev>:<path> pin)
ERROR: research/multi-mover-block-amplification-repair.md: artifact not found: GroupApproximation/Sofic/BlockAmplificationRepair.lean (want a working-tree path or a <rev>:<path> pin)
ERROR: research/multi-mover-block-amplification-repair.md: artifact not found: GroupApproximation/Sofic/BlockingFamilyRadical.lean (want a working-tree path or a <rev>:<path> pin)
ERROR: research/multi-mover-collapse-criterion.md: artifact not found: GroupApproximation/Sofic/AscendingHNNWreathWitness.lean (want a working-tree path or a <rev>:<path> pin)
ERROR: research/multi-mover-collapse-criterion.md: artifact not found: GroupApproximation/Sofic/BlockAmplificationRepair.lean (want a working-tree path or a <rev>:<path> pin)
ERROR: research/native-a1-b2-hecke-triangle-has-gl7-model.md: artifact not found: experiments/native_a1_b2_hecke_triangle_gl7_audit.py (want a working-tree path or a <rev>:<path> pin)
ERROR: research/native-actor-normal-closure-does-not-localize-paid-t00-support.md: artifact not found: scripts/native_t00_actor_atom_gl8_audit.py (want a working-tree path or a <rev>:<path> pin)
ERROR: research/native-inverse-pair-seven-orbits-retain-external-gauge.md: artifact not found: experiments/nested_native_literal_coupling_audit.py (want a working-tree path or a <rev>:<path> pin)
ERROR: research/native-t00-collision-first-hecke-attachment-has-gl10-model.md: artifact not found: experiments/native_t00_collision_first_hecke_gl10_audit.py (want a working-tree path or a <rev>:<path> pin)
ERROR: research/native-t00-y1-collision-pays-marked-opnorm.md: artifact not found: experiments/native_t00_y1_collision_payment_audit.py (want a working-tree path or a <rev>:<path> pin)
ERROR: research/nested-commutator-translations-proof.md: artifact not found: notes/TRUE_NESTED_COMMUTATORS_RECOVER_PAIRED_TRANSLATIONS.md (want a working-tree path or a <rev>:<path> pin)
ERROR: research/nested-inverse-pair-returns-signed-source-with-free-sign.md: artifact not found: experiments/reverse_root_nested_inverse_pair_return_audit.py (want a working-tree path or a <rev>:<path> pin)
ERROR: research/nielsen-cocycle-compactification-proof.md: artifact not found: notes/UNIQUE_TRACE_KUN_THOM_DOUBLE.md (want a working-tree path or a <rev>:<path> pin)
ERROR: research/nilpotent-edge-images-collapse-higman-quotients.md: artifact not found: experiments/higman-edge-collapse-2026-09-17/README.md (want a working-tree path or a <rev>:<path> pin)
ERROR: research/nilpotent-polynomial-automata-reduce-to-kaplansky.md: artifact not found: experiments/nilpotent-polynomial-automata-2026-09-17/check_criterion.py (want a working-tree path or a <rev>:<path> pin)
ERROR: research/nilpotent-polynomial-automata-reduce-to-kaplansky.md: artifact not found: experiments/nilpotent-polynomial-automata-2026-09-17/results-seed1.txt (want a working-tree path or a <rev>:<path> pin)
ERROR: research/nilpotent-polynomial-automata-reduce-to-kaplansky.md: artifact not found: experiments/nilpotent-polynomial-automata-2026-09-17/results-seed2.txt (want a working-tree path or a <rev>:<path> pin)
ERROR: research/no-four-strand-bigelow-arc-pair-with-at-most-250-crossings-proof.md: artifact not found: experiments/burau-arc-orbit-search-2026-09-17/arcfast2.c (want a working-tree path or a <rev>:<path> pin)
ERROR: research/no-four-strand-bigelow-arc-pair-with-at-most-250-crossings-proof.md: artifact not found: experiments/burau-arc-orbit-search-2026-09-17/arcpairs_np.c (want a working-tree path or a <rev>:<path> pin)
ERROR: research/no-four-strand-bigelow-arc-pair-with-at-most-250-crossings-proof.md: artifact not found: experiments/burau-arc-orbit-search-2026-09-17/run.sh (want a working-tree path or a <rev>:<path> pin)
ERROR: research/no-four-strand-bigelow-arc-pair-with-at-most-250-crossings.md: artifact not found: experiments/burau-arc-orbit-search-2026-09-17/arcfast2.c (want a working-tree path or a <rev>:<path> pin)
ERROR: research/no-four-strand-bigelow-arc-pair-with-at-most-250-crossings.md: artifact not found: experiments/burau-arc-orbit-search-2026-09-17/arcpairs_np.c (want a working-tree path or a <rev>:<path> pin)
ERROR: research/no-four-strand-bigelow-arc-pair-with-at-most-250-crossings.md: artifact not found: experiments/burau-arc-orbit-search-2026-09-17/run.sh (want a working-tree path or a <rev>:<path> pin)
ERROR: research/no-invariant-mean-on-coset-space-proof.md: artifact not found: notes/TRUE_CHARGE_EXTENSION_NEEDS_COAMENABILITY.md (want a working-tree path or a <rev>:<path> pin)
ERROR: research/no-invariant-mean-on-coset-space.md: artifact not found: notes/TRUE_CHARGE_EXTENSION_NEEDS_COAMENABILITY.md (want a working-tree path or a <rev>:<path> pin)
ERROR: research/noisy-affine-direction-decoding-over-cyclic-alphabets.md: artifact not found: scripts/check_unique_games_affine_soundness.py (want a working-tree path or a <rev>:<path> pin)
ERROR: research/noisy-affine-selector-counterexample-proof.md: artifact not found: scripts/check_unique_games_noisy_direction.py (want a working-tree path or a <rev>:<path> pin)
ERROR: research/noisy-affine-selector-defeats-bounded-hitting.md: artifact not found: scripts/check_unique_games_noisy_direction.py (want a working-tree path or a <rev>:<path> pin)
ERROR: research/non-affine-sigma-deletions-defeat-low-degree-collapse-proof.md: artifact not found: experiments/non-affine-sigma-deletions-2026-09-17/check_deletion_collapse.py (want a working-tree path or a <rev>:<path> pin)
ERROR: research/non-affine-sigma-deletions-defeat-low-degree-collapse-proof.md: artifact not found: experiments/non-affine-sigma-deletions-2026-09-17/output.txt (want a working-tree path or a <rev>:<path> pin)
ERROR: research/non-affine-sigma-deletions-defeat-low-degree-collapse.md: artifact not found: experiments/non-affine-sigma-deletions-2026-09-17/check_deletion_collapse.py (want a working-tree path or a <rev>:<path> pin)
ERROR: research/non-affine-sigma-deletions-defeat-low-degree-collapse.md: artifact not found: experiments/non-affine-sigma-deletions-2026-09-17/output.txt (want a working-tree path or a <rev>:<path> pin)
ERROR: research/non-equivariant-native-diamond-arm-matches-retain-gl7-c2-gauge.md: artifact not found: experiments/non_equivariant_native_diamond_match_gl7_c2_audit.py (want a working-tree path or a <rev>:<path> pin)
ERROR: research/non-hyperlinear-from-hyperlinear-recognition-undecidable.md: artifact not found: GroupApproximation/Computability/HyperlinearUndecidabilityRoute.lean (want a working-tree path or a <rev>:<path> pin)
ERROR: research/non-residually-finite-hyperbolic-group.md: artifact not found: notes/HYPERBOLIC_FINITE_RESIDUAL_REDUCTION_2026-09-07.md (want a working-tree path or a <rev>:<path> pin)
ERROR: research/non-rf-hyperbolic-via-persistent-central-extension.md: artifact not found: notes/HYPERBOLIC_FINITE_RESIDUAL_REDUCTION_2026-09-07.md (want a working-tree path or a <rev>:<path> pin)
ERROR: research/noncrossing-interval-of-5-3-3-11-is-not-a-lattice-proof.md: artifact not found: experiments/artin-dual-lattice-2026-09-17/verify_bowtie.py (want a working-tree path or a <rev>:<path> pin)
ERROR: research/noncrossing-interval-of-5-3-3-11-is-not-a-lattice-proof.md: artifact not found: experiments/artin-dual-lattice-2026-09-17/rank3_bowties.py (want a working-tree path or a <rev>:<path> pin)
ERROR: research/noncrossing-interval-of-5-3-3-11-is-not-a-lattice-proof.md: artifact not found: experiments/artin-dual-lattice-2026-09-17/lattice_bowties.py (want a working-tree path or a <rev>:<path> pin)
ERROR: research/noncrossing-interval-of-5-3-3-11-is-not-a-lattice-proof.md: artifact not found: experiments/artin-dual-lattice-2026-09-17/cert-53311.json (want a working-tree path or a <rev>:<path> pin)
ERROR: research/noncrossing-interval-of-5-3-3-11-is-not-a-lattice-proof.md: artifact not found: experiments/artin-dual-lattice-2026-09-17/cert-353.json (want a working-tree path or a <rev>:<path> pin)
ERROR: research/noncrossing-interval-of-5-3-3-11-is-not-a-lattice-proof.md: artifact not found: experiments/artin-dual-lattice-2026-09-17/cert-5311.json (want a working-tree path or a <rev>:<path> pin)
ERROR: research/noncrossing-interval-of-5-3-3-11-is-not-a-lattice-proof.md: artifact not found: experiments/artin-dual-lattice-2026-09-17/results.txt (want a working-tree path or a <rev>:<path> pin)
ERROR: research/noncrossing-interval-of-5-3-3-11-is-not-a-lattice.md: artifact not found: experiments/artin-dual-lattice-2026-09-17/rank3_bowties.py (want a working-tree path or a <rev>:<path> pin)
ERROR: research/noncrossing-interval-of-5-3-3-11-is-not-a-lattice.md: artifact not found: experiments/artin-dual-lattice-2026-09-17/lattice_bowties.py (want a working-tree path or a <rev>:<path> pin)
ERROR: research/noncrossing-interval-of-5-3-3-11-is-not-a-lattice.md: artifact not found: experiments/artin-dual-lattice-2026-09-17/verify_bowtie.py (want a working-tree path or a <rev>:<path> pin)
ERROR: research/noncrossing-interval-of-5-3-3-11-is-not-a-lattice.md: artifact not found: experiments/artin-dual-lattice-2026-09-17/cert-53311.json (want a working-tree path or a <rev>:<path> pin)
ERROR: research/noncrossing-interval-of-5-3-3-11-is-not-a-lattice.md: artifact not found: experiments/artin-dual-lattice-2026-09-17/cert-353.json (want a working-tree path or a <rev>:<path> pin)
ERROR: research/noncrossing-interval-of-5-3-3-11-is-not-a-lattice.md: artifact not found: experiments/artin-dual-lattice-2026-09-17/cert-5311.json (want a working-tree path or a <rev>:<path> pin)
ERROR: research/noncrossing-interval-of-5-3-3-11-is-not-a-lattice.md: artifact not found: experiments/artin-dual-lattice-2026-09-17/results.txt (want a working-tree path or a <rev>:<path> pin)
ERROR: research/noncrossing-interval-of-5-3-3-11-is-not-a-lattice.md: artifact not found: experiments/artin-dual-lattice-2026-09-17/rank24_bowties.py (want a working-tree path or a <rev>:<path> pin)
ERROR: research/noncrossing-interval-of-5-3-3-11-is-not-a-lattice.md: artifact not found: experiments/artin-dual-lattice-2026-09-17/verify_bowtie24.py (want a working-tree path or a <rev>:<path> pin)
ERROR: research/noncrossing-interval-of-5-3-3-11-is-not-a-lattice.md: artifact not found: experiments/artin-dual-lattice-2026-09-17/mixed_bowties.py (want a working-tree path or a <rev>:<path> pin)
ERROR: research/noncrossing-interval-of-5-3-3-11-is-not-a-lattice.md: artifact not found: experiments/artin-dual-lattice-2026-09-17/cert24-53311.json (want a working-tree path or a <rev>:<path> pin)
ERROR: research/noncrossing-interval-of-5-3-3-11-is-not-a-lattice.md: artifact not found: experiments/artin-dual-lattice-2026-09-17/results-rank5.txt (want a working-tree path or a <rev>:<path> pin)
ERROR: research/nonhyperlinear-from-arithmetic-star-packet-wall.md: artifact not found: notes/ARITHMETIC_STAR_PACKET_HYPERLINEAR_AUDIT.md (want a working-tree path or a <rev>:<path> pin)
ERROR: research/nonhyperlinear-from-kun-thom-finitary-normalizer-obstruction.md: artifact not found: notes/HYPERLINEAR_NONSOFIC_ATTEMPT_2026-08-26.md (want a working-tree path or a <rev>:<path> pin)
ERROR: research/nonhyperlinear-from-one-cut-atlas-extraction.md: artifact not found: notes/ATLAS_RELATIVE_PERFECTNESS_AND_COEFFICIENT_ENDPOINT.md (want a working-tree path or a <rev>:<path> pin)
ERROR: research/nonhyperlinear-from-phase-safe-toric-gap.md: artifact not found: notes/TRUE_NORMAL_TORIC_GAP_IMPLIES_NONHYPERLINEAR.md (want a working-tree path or a <rev>:<path> pin)
ERROR: research/nonhyperlinear-property-t-free-explicit-mf-witness.md: artifact not found: notes/PROPERTY_T_FREE_CONTEXT_ENERGY_2026-09-07.md (want a working-tree path or a <rev>:<path> pin)
ERROR: research/nonsingular-equations-preserve-matrix-certificates.md: artifact not found: experiments/nonsingular_equation_audit.py (want a working-tree path or a <rev>:<path> pin)
ERROR: research/nonsingular-equations-preserve-matrix-certificates.md: artifact not found: experiments/test_nonsingular_equation_audit.py (want a working-tree path or a <rev>:<path> pin)
ERROR: research/nonsingular-magnus-extremes-separable-piece-sofic.md: artifact not found: experiments/one-relator-alphabet-fold-2026-09-17/bs23_fixed_alphabet.py (want a working-tree path or a <rev>:<path> pin)
ERROR: research/nonsingular-magnus-extremes-separable-piece-sofic.md: artifact not found: experiments/one-relator-alphabet-fold-2026-09-17/bs23_fixed_alphabet.out (want a working-tree path or a <rev>:<path> pin)
ERROR: research/nonsingular-matrix-certificate-conservation-proof.md: artifact not found: experiments/nonsingular_equation_audit.py (want a working-tree path or a <rev>:<path> pin)
ERROR: research/nonsofic-mechanism-mf-classification.md: artifact not found: non_mf_groups_exist.tex (want a working-tree path or a <rev>:<path> pin)
ERROR: research/nonsofic-mechanism-mf-classification.md: artifact not found: notes/NON_MF_FINAL_REVIEW_AND_RESOLUTION_2026-08-14.md (want a working-tree path or a <rev>:<path> pin)
ERROR: research/nonsofic-mf-classification-by-lamp-type.md: artifact not found: notes/WEAK_MF_NONSOFIC_DOUBLE.md (want a working-tree path or a <rev>:<path> pin)
ERROR: research/nonsofic-mf-classification-by-lamp-type.md: artifact not found: notes/FALSE_CLIFFORD_NORM_MF_STERILITY.md (want a working-tree path or a <rev>:<path> pin)
ERROR: research/nonsofic-mf-classification-by-lamp-type.md: artifact not found: notes/PERFECT_CORE_KUN_THOM_WREATH.md (want a working-tree path or a <rev>:<path> pin)
ERROR: research/nonsofic-mf-classification-by-lamp-type.md: artifact not found: notes/NOTEPAD.md (want a working-tree path or a <rev>:<path> pin)
ERROR: research/nontrivial-word-energy-domination-no-go-proof.md: artifact not found: notes/PROPERTY_T_FREE_FINITE_BALL_LIMIT_2026-09-07.md (want a working-tree path or a <rev>:<path> pin)
ERROR: research/nontrivial-words-have-no-relation-energy-domination.md: artifact not found: notes/PROPERTY_T_FREE_FINITE_BALL_LIMIT_2026-09-07.md (want a working-tree path or a <rev>:<path> pin)
ERROR: research/norm-corona-locally-finite-compression-countermodel-proof.md: artifact not found: notes/PROPERTY_T_FREE_MF_ATTEMPT_2026-08-26.md (want a working-tree path or a <rev>:<path> pin)
ERROR: research/norm-corona-locally-finite-compression-countermodel.md: artifact not found: notes/PROPERTY_T_FREE_MF_ATTEMPT_2026-08-26.md (want a working-tree path or a <rev>:<path> pin)
ERROR: research/normal-closure-of-moving-kernels-kills-the-hard-form-proof.md: artifact not found: experiments/paired_frame_moving_kernel_orbit.py (want a working-tree path or a <rev>:<path> pin)
ERROR: research/normal-closure-of-moving-kernels-kills-the-hard-form.md: artifact not found: experiments/paired_frame_moving_kernel_orbit.py (want a working-tree path or a <rev>:<path> pin)
ERROR: research/normal-kazhdan-defect-from-hyperlinear-transfer.md: artifact not found: GroupApproximation/Sofic/NormalKazhdanHyperlinearKilled.lean (want a working-tree path or a <rev>:<path> pin)
ERROR: research/normal-kazhdan-defect-from-hyperlinear-transfer.md: artifact not found: GroupApproximation/Sofic/NormalKazhdanCompressionObstruction.lean (want a working-tree path or a <rev>:<path> pin)
ERROR: research/normal-kazhdan-defect-non-mf-proof.md: artifact not found: GroupApproximation/Sofic/NormalKazhdanCompressionObstruction.lean (want a working-tree path or a <rev>:<path> pin)
ERROR: research/normal-kazhdan-defect-non-mf-proof.md: artifact not found: GroupApproximation/Sofic/NormalKazhdanMFRadical.lean (want a working-tree path or a <rev>:<path> pin)
ERROR: research/normal-kazhdan-defect-non-mf-proof.md: artifact not found: GroupApproximation/Sofic/InternalRadicalGap.lean (want a working-tree path or a <rev>:<path> pin)
ERROR: research/normal-kazhdan-defect-non-mf.md: artifact not found: GroupApproximation/Sofic/NormalKazhdanCompressionObstruction.lean (want a working-tree path or a <rev>:<path> pin)
ERROR: research/normal-kazhdan-defect-non-mf.md: artifact not found: GroupApproximation/Sofic/NormalKazhdanMFRadical.lean (want a working-tree path or a <rev>:<path> pin)
ERROR: research/normal-kazhdan-defect-non-mf.md: artifact not found: GroupApproximation/Sofic/NormalKazhdanHyperlinearKilled.lean (want a working-tree path or a <rev>:<path> pin)
ERROR: research/normal-kazhdan-defect-non-mf.md: artifact not found: GroupApproximation/Sofic/QuestionTwoReduction.lean (want a working-tree path or a <rev>:<path> pin)
ERROR: research/normal-kazhdan-defect-non-mf.md: artifact not found: GroupApproximation/Sofic/InternalRadicalGap.lean (want a working-tree path or a <rev>:<path> pin)
ERROR: research/normal-kazhdan-defect-non-mf.md: artifact not found: GroupApproximation/Sofic/KazhdanCompressionCore.lean (want a working-tree path or a <rev>:<path> pin)
ERROR: research/normal-kazhdan-defect-non-mf.md: artifact not found: GroupApproximation/Sofic/CoronaImageNormalKazhdan.lean (want a working-tree path or a <rev>:<path> pin)
ERROR: research/normal-kazhdan-defect-non-mf.md: artifact not found: GroupApproximation/Endpoint/ChosenNonMFAudit.lean (want a working-tree path or a <rev>:<path> pin)
ERROR: research/normal-kazhdan-via-corner-trace-character.md: artifact not found: non_mf_groups_exist.tex (want a working-tree path or a <rev>:<path> pin)
ERROR: research/normal-kazhdan-via-corona-image.md: artifact not found: non_mf_groups_exist.tex (want a working-tree path or a <rev>:<path> pin)
ERROR: research/normal-kazhdan-via-corona-image.md: artifact not found: GroupApproximation/Sofic/CoronaImageNormalKazhdan.lean (want a working-tree path or a <rev>:<path> pin)
ERROR: research/normal-kazhdan-via-finite-average-corner.md: artifact not found: non_mf_groups_exist.tex (want a working-tree path or a <rev>:<path> pin)
ERROR: research/normalized-hs-null-loops-erase-determinant-phase.md: artifact not found: notes/FALSE_DETERMINANT_INDEX_TO_PHASE_HS_EXTENSION.md (want a working-tree path or a <rev>:<path> pin)
ERROR: research/novikov-boone-fp-group-undecidable-word-problem.md: artifact not found: GroupApproximation/Computability/NovikovBoone.lean (want a working-tree path or a <rev>:<path> pin)
ERROR: research/novikov-boone-fp-group-undecidable-word-problem.md: artifact not found: GroupApproximation/Computability/BooneWordProblem.lean (want a working-tree path or a <rev>:<path> pin)
ERROR: research/novikov-boone-fp-group-undecidable-word-problem.md: artifact not found: GroupApproximation/Computability/BooneGroupFinitePresentation.lean (want a working-tree path or a <rev>:<path> pin)
ERROR: research/novikov-boone-fp-group-undecidable-word-problem.md: artifact not found: GroupApproximation/Computability/ModularMachineUndecidable.lean (want a working-tree path or a <rev>:<path> pin)
ERROR: research/novikov-boone-fp-group-undecidable-word-problem.md: artifact not found: GroupApproximation/Computability/BooneGroupBase.lean (want a working-tree path or a <rev>:<path> pin)
ERROR: research/novikov-boone-fp-group-undecidable-word-problem.md: artifact not found: GroupApproximation/Computability/BooneGroupTower.lean (want a working-tree path or a <rev>:<path> pin)
ERROR: research/novikov-boone-via-modular-machine-tower.md: artifact not found: GroupApproximation/Computability/BooneGroupModularMachine.lean (want a working-tree path or a <rev>:<path> pin)
ERROR: research/novikov-boone-via-modular-machine-tower.md: artifact not found: GroupApproximation/Computability/BooneGroupBase.lean (want a working-tree path or a <rev>:<path> pin)
ERROR: research/nuclear-embeddability-is-inherited-by-subalgebras-proof.md: artifact not found: GroupApproximation/Analysis/CStarExactness.lean (want a working-tree path or a <rev>:<path> pin)
ERROR: research/nuclear-embeddability-is-inherited-by-subalgebras.md: artifact not found: non_mf_groups_exist.tex (want a working-tree path or a <rev>:<path> pin)
ERROR: research/nuclear-embeddability-is-inherited-by-subalgebras.md: artifact not found: GroupApproximation/Analysis/CStarExactness.lean (want a working-tree path or a <rev>:<path> pin)
ERROR: research/odd-native-s-factor-return-diamond-has-gl7-model.md: artifact not found: experiments/odd_native_s_factor_return_diamond_gl7_audit.py (want a working-tree path or a <rev>:<path> pin)
ERROR: research/omega-input-reduces-to-mikaelian-tower-proof.md: artifact not found: GroupApproximation/Higman/OmegaTower.lean (want a working-tree path or a <rev>:<path> pin)
ERROR: research/omega-input-reduces-to-mikaelian-tower-proof.md: artifact not found: GroupApproximation/Higman/OmegaTowerStages.lean (want a working-tree path or a <rev>:<path> pin)
ERROR: research/omega-input-reduces-to-mikaelian-tower.md: artifact not found: GroupApproximation/Higman/OmegaTower.lean (want a working-tree path or a <rev>:<path> pin)
ERROR: research/omega-input-reduces-to-mikaelian-tower.md: artifact not found: GroupApproximation/Higman/OmegaTowerStages.lean (want a working-tree path or a <rev>:<path> pin)
ERROR: research/omega-input-reduces-to-mikaelian-tower.md: artifact not found: GroupApproximation/Higman/OmegaClosure.lean (want a working-tree path or a <rev>:<path> pin)
ERROR: research/one-binary-marginal-block-escape.md: artifact not found: experiments/signed_hecke_one_marginal_escape.py (want a working-tree path or a <rev>:<path> pin)
ERROR: research/one-binary-marginal-block-escape.md: artifact not found: experiments/signed_hecke_one_marginal_escape.json (want a working-tree path or a <rev>:<path> pin)
ERROR: research/one-block-cover-residuals-are-structurally-unreachable-proof.md: artifact not found: GroupApproximation/Leavitt/HilbertHotelCover.lean (want a working-tree path or a <rev>:<path> pin)
ERROR: research/one-block-cover-residuals-are-structurally-unreachable-proof.md: artifact not found: GroupApproximation/Leavitt/HilbertHotelCoverBlock.lean (want a working-tree path or a <rev>:<path> pin)
ERROR: research/one-block-cover-residuals-are-structurally-unreachable.md: artifact not found: GroupApproximation/Leavitt/HilbertHotelCover.lean (want a working-tree path or a <rev>:<path> pin)
ERROR: research/one-block-cover-residuals-are-structurally-unreachable.md: artifact not found: GroupApproximation/Leavitt/HilbertHotelCoverDischarges.lean (want a working-tree path or a <rev>:<path> pin)
ERROR: research/one-block-cover-residuals-are-structurally-unreachable.md: artifact not found: GroupApproximation/Leavitt/HilbertHotelCoverBlock.lean (want a working-tree path or a <rev>:<path> pin)
ERROR: research/one-block-cover-residuals-are-structurally-unreachable.md: artifact not found: GroupApproximation/Leavitt/ConjProductClosure.lean (want a working-tree path or a <rev>:<path> pin)
ERROR: research/one-depth-one-occurrence-does-not-return-cross-whitehead.md: artifact not found: experiments/individual_cross_whitehead_one_return_search.py (want a working-tree path or a <rev>:<path> pin)
ERROR: research/one-depth-two-monomial-does-not-return-cross-whitehead.md: artifact not found: experiments/individual_cross_whitehead_depth_two_return_search.py (want a working-tree path or a <rev>:<path> pin)
ERROR: research/one-matcher-sequence-gives-sofic-higman-quotient.md: artifact not found: experiments/higman-exponential-permutations-2026-09-17/sat_min_breakpoints.py (want a working-tree path or a <rev>:<path> pin)
ERROR: research/one-mf-black-hole-has-universal-endomorphism-monoid.md: artifact not found: non_mf_groups_exist.tex (want a working-tree path or a <rev>:<path> pin)
ERROR: research/one-mf-black-hole-has-universal-endomorphism-monoid.md: artifact not found: notes/MF_REFLECTION_AND_CORONA_SUPPORT_CALCULUS.md (want a working-tree path or a <rev>:<path> pin)
ERROR: research/one-mf-black-hole-has-universal-outer-symmetry.md: artifact not found: notes/MF_REFLECTION_AND_CORONA_SUPPORT_CALCULUS.md (want a working-tree path or a <rev>:<path> pin)
ERROR: research/one-sided-compression-nonsofic-criterion-proof.md: artifact not found: GroupApproximation/Criterion/CriterionAssembly.lean (want a working-tree path or a <rev>:<path> pin)
ERROR: research/one-sided-compression-nonsofic-criterion-proof.md: artifact not found: GroupApproximation/Criterion/LocalCriterion.lean (want a working-tree path or a <rev>:<path> pin)
ERROR: research/one-sided-compression-nonsofic-criterion-proof.md: artifact not found: GroupApproximation/Criterion/SelectionOutput.lean (want a working-tree path or a <rev>:<path> pin)
ERROR: research/one-sided-compression-nonsofic-criterion.md: artifact not found: GroupApproximation/Criterion/CompressionSetup.lean (want a working-tree path or a <rev>:<path> pin)
ERROR: research/one-sided-compression-nonsofic-criterion.md: artifact not found: GroupApproximation/Criterion/CriterionAssembly.lean (want a working-tree path or a <rev>:<path> pin)
ERROR: research/one-sided-compression-nonsofic-criterion.md: artifact not found: GroupApproximation/Criterion/LocalCriterion.lean (want a working-tree path or a <rev>:<path> pin)
ERROR: research/one-sided-compression-nonsofic-criterion.md: artifact not found: GroupApproximation/Criterion/SelectionOutput.lean (want a working-tree path or a <rev>:<path> pin)
ERROR: research/one-sided-compression-nonsofic-criterion.md: artifact not found: GroupApproximation/Criterion/Scheme.lean (want a working-tree path or a <rev>:<path> pin)
ERROR: research/one-sided-conjugator-sofic-proof.md: artifact not found: experiments/one_relator_cyclic_peeling_check.py (want a working-tree path or a <rev>:<path> pin)
ERROR: research/one-sided-defect-ideal-dies-in-linear-images-of-el-proof.md: artifact not found: non_mf_groups_exist.tex (want a working-tree path or a <rev>:<path> pin)
ERROR: research/one-sided-defect-ideal-dies-in-linear-images-of-el.md: artifact not found: non_mf_groups_exist.tex (want a working-tree path or a <rev>:<path> pin)
ERROR: research/one-sided-inverse-elementary-centralizer-defect-proof.md: artifact not found: GroupApproximation/Leavitt/RankFourCompressors.lean (want a working-tree path or a <rev>:<path> pin)
ERROR: research/one-sided-inverse-elementary-centralizer-defect.md: artifact not found: GroupApproximation/Leavitt/RankFourCompressors.lean (want a working-tree path or a <rev>:<path> pin)
ERROR: research/one-sided-inverse-elementary-centralizer-defect.md: artifact not found: non_mf_groups_exist.tex (want a working-tree path or a <rev>:<path> pin)
ERROR: research/one-sided-paired-frame-has-a-single-smith-rank-clock.md: artifact not found: experiments/paired_frame_one_sided_rank_clock.py (want a working-tree path or a <rev>:<path> pin)
ERROR: research/one-sided-paired-frame-has-a-single-smith-rank-clock.md: artifact not found: experiments/paired_frame_dual_character_clock.py (want a working-tree path or a <rev>:<path> pin)
ERROR: research/one-sided-paired-frame-reverse-reservoir-collapse.md: artifact not found: experiments/schur_packet_paired_commutant_frame.py (want a working-tree path or a <rev>:<path> pin)
ERROR: research/one-small-higman-generator-collapses-the-four-cycle-proof.md: artifact not found: experiments/verify_cubic_spectral_basin.py (want a working-tree path or a <rev>:<path> pin)
ERROR: research/one-small-higman-generator-collapses-the-four-cycle.md: artifact not found: experiments/verify_cubic_spectral_basin.py (want a working-tree path or a <rev>:<path> pin)
ERROR: research/one-stabilization-ac-trivial-from-primitive-relator.md: artifact not found: experiments/ak3-stable-primitive-search-2026-09-17/pzsearch.c (want a working-tree path or a <rev>:<path> pin)
ERROR: research/one-stabilization-ac-trivial-from-primitive-relator.md: artifact not found: experiments/ak3-stable-primitive-search-2026-09-17/pzproj.c (want a working-tree path or a <rev>:<path> pin)
ERROR: research/one-stabilization-ac-trivial-from-thickenable-z-pair.md: artifact not found: experiments/ak3-thick-z-pair-search-2026-09-17/thzsearch.c (want a working-tree path or a <rev>:<path> pin)
ERROR: research/one-stabilization-ac-trivial-from-thickenable-z-pair.md: artifact not found: experiments/ak3-thick-z-pair-search-2026-09-17/thick2.c (want a working-tree path or a <rev>:<path> pin)
ERROR: research/one-stabilization-ac-trivial-from-thickenable-z-pair.md: artifact not found: experiments/ak3-thick-z-pair-search-2026-09-17/calibration.log (want a working-tree path or a <rev>:<path> pin)
ERROR: research/one-universal-kernel-realizes-all-countable-mf-reflections.md: artifact not found: non_mf_groups_exist.tex (want a working-tree path or a <rev>:<path> pin)
ERROR: research/one-universal-kernel-realizes-all-countable-mf-reflections.md: artifact not found: notes/MF_REFLECTION_AND_CORONA_SUPPORT_CALCULUS.md (want a working-tree path or a <rev>:<path> pin)
ERROR: research/one-variable-no-compressor-proof.md: artifact not found: notes/OBSTRUCTIONS.md (want a working-tree path or a <rev>:<path> pin)
ERROR: research/op-to-hs-shadow-residual-functoriality-proof.md: artifact not found: GroupApproximation/Sofic/OpToHSShadowResidual.lean (want a working-tree path or a <rev>:<path> pin)
ERROR: research/op-to-hs-shadow-residual-functoriality.md: artifact not found: GroupApproximation/Sofic/OpToHSShadowResidual.lean (want a working-tree path or a <rev>:<path> pin)
ERROR: research/openai-bounded-median-component-matching-proof.md: artifact not found: c1168433:official/counterexample.tex (want a working-tree path or a <rev>:<path> pin)
ERROR: research/openai-bounded-median-component-matching-proof.md: artifact not found: c1168433:official/reasoning.tex (want a working-tree path or a <rev>:<path> pin)
ERROR: research/openai-bounded-median-component-matching.md: artifact not found: c1168433:official/counterexample.tex (want a working-tree path or a <rev>:<path> pin)
ERROR: research/openai-bounded-median-component-matching.md: artifact not found: c1168433:official/reasoning.tex (want a working-tree path or a <rev>:<path> pin)
ERROR: research/openai-expander-matching-criterion-proof.md: artifact not found: c1168433:official/counterexample.tex (want a working-tree path or a <rev>:<path> pin)
ERROR: research/openai-expander-matching-criterion.md: artifact not found: c1168433:official/counterexample.tex (want a working-tree path or a <rev>:<path> pin)
ERROR: research/openai-expander-matching-criterion.md: artifact not found: c1168433:official/reasoning.tex (want a working-tree path or a <rev>:<path> pin)
ERROR: research/openai-leavitt-unit-nonsofic-from-formalized-endpoint.md: artifact not found: GroupApproximation/Endpoint/MainResults.lean (want a working-tree path or a <rev>:<path> pin)
ERROR: research/openai-leavitt-unit-nonsofic-from-formalized-endpoint.md: artifact not found: GroupApproximation/Leavitt/UniversalLeavittOver.lean (want a working-tree path or a <rev>:<path> pin)
ERROR: research/openai-leavitt-unit-nonsofic-from-formalized-endpoint.md: artifact not found: GroupApproximation/Leavitt/UniversalRankFour.lean (want a working-tree path or a <rev>:<path> pin)
ERROR: research/openai-leavitt-unit-nonsofic-proof.md: artifact not found: c1168433:official/counterexample.tex (want a working-tree path or a <rev>:<path> pin)
ERROR: research/openai-leavitt-unit-nonsofic.md: artifact not found: c1168433:official/counterexample.tex (want a working-tree path or a <rev>:<path> pin)
ERROR: research/openai-leavitt-unit-nonsofic.md: artifact not found: c1168433:official/reasoning.tex (want a working-tree path or a <rev>:<path> pin)
ERROR: research/openai-leavitt-unit-nonsofic.md: artifact not found: 22863aed:official/README.md (want a working-tree path or a <rev>:<path> pin)
ERROR: research/openai-nine-leaf-leavitt-configuration-proof.md: artifact not found: c1168433:official/counterexample.tex (want a working-tree path or a <rev>:<path> pin)
ERROR: research/openai-nine-leaf-leavitt-configuration.md: artifact not found: c1168433:official/counterexample.tex (want a working-tree path or a <rev>:<path> pin)
ERROR: research/operator-mf-is-a-markov-property-proof.md: artifact not found: GroupApproximation/Computability/AdianRabinMarkovProperty.lean (want a working-tree path or a <rev>:<path> pin)
ERROR: research/operator-mf-is-a-markov-property-proof.md: artifact not found: GroupApproximation/Computability/OperatorMFMarkovWitness.lean (want a working-tree path or a <rev>:<path> pin)
ERROR: research/operator-mf-is-a-markov-property-proof.md: artifact not found: GroupApproximation/Computability/PresentationCodes.lean (want a working-tree path or a <rev>:<path> pin)
ERROR: research/operator-mf-is-a-markov-property-proof.md: artifact not found: GroupApproximation/Computability/PresentationCodeCompleteness.lean (want a working-tree path or a <rev>:<path> pin)
ERROR: research/operator-mf-is-a-markov-property.md: artifact not found: non_mf_groups_exist.tex (want a working-tree path or a <rev>:<path> pin)
ERROR: research/operator-mf-is-a-markov-property.md: artifact not found: GroupApproximation/Computability/AdianRabinMarkovProperty.lean (want a working-tree path or a <rev>:<path> pin)
ERROR: research/operator-mf-is-a-markov-property.md: artifact not found: GroupApproximation/Computability/OperatorMFMarkovWitness.lean (want a working-tree path or a <rev>:<path> pin)
ERROR: research/operator-mf-is-a-markov-property.md: artifact not found: GroupApproximation/Computability/PresentationCodes.lean (want a working-tree path or a <rev>:<path> pin)
ERROR: research/operator-mf-is-a-markov-property.md: artifact not found: GroupApproximation/Computability/PresentationCodeCompleteness.lean (want a working-tree path or a <rev>:<path> pin)
ERROR: research/operator-norm-rank-monodromy-zero-proof.md: artifact not found: GroupApproximation/Sofic/InvolutionRankMass.lean (want a working-tree path or a <rev>:<path> pin)
ERROR: research/operator-norm-rank-monodromy-zero-proof.md: artifact not found: GroupApproximation/Sofic/CollisionCapacityDetectors.lean (want a working-tree path or a <rev>:<path> pin)
ERROR: research/operator-norm-rank-monodromy-zero.md: artifact not found: GroupApproximation/Sofic/InvolutionRankMass.lean (want a working-tree path or a <rev>:<path> pin)
ERROR: research/operator-norm-rank-monodromy-zero.md: artifact not found: GroupApproximation/Sofic/CollisionCapacityDetectors.lean (want a working-tree path or a <rev>:<path> pin)
ERROR: research/opnorm-packet-collision-kills-phase-proof.md: artifact not found: GroupApproximation/Sofic/CollisionCapacityDetectors.lean (want a working-tree path or a <rev>:<path> pin)
ERROR: research/opnorm-packet-collision-kills-phase.md: artifact not found: GroupApproximation/Sofic/CollisionCapacityDetectors.lean (want a working-tree path or a <rev>:<path> pin)
ERROR: research/or3-fixed-proper-corner-return-hits-regular-firewall.md: artifact not found: experiments/or3_cycle_raw_prefix_covariance.py (want a working-tree path or a <rev>:<path> pin)
ERROR: research/orbit-summed-extraction.md: artifact not found: notes/TRUE_EQUIVARIANT_TRANSITIONS_COARSEN_TO_WHOLE_MAPS.md (want a working-tree path or a <rev>:<path> pin)
ERROR: research/order-four-exponential-permutations-exist-for-base-two.md: artifact not found: experiments/higman-exponential-permutations-2026-09-17/sat_min_breakpoints.py (want a working-tree path or a <rev>:<path> pin)
ERROR: research/order-four-exponential-permutations-exist-for-base-two.md: artifact not found: experiments/higman-exponential-permutations-2026-09-17/sat_order4.jsonl (want a working-tree path or a <rev>:<path> pin)
ERROR: research/order-four-exponential-permutations-exist-for-base-two.md: artifact not found: experiments/higman-exponential-permutations-2026-09-17/sat_order4.log (want a working-tree path or a <rev>:<path> pin)
ERROR: research/order-four-exponential-permutations-exist-for-base-two.md: artifact not found: experiments/higman-exponential-permutations-2026-09-17/sat_order3.jsonl (want a working-tree path or a <rev>:<path> pin)
ERROR: research/order-four-exponential-permutations-exist-for-base-two.md: artifact not found: experiments/higman-exponential-permutations-2026-09-17/sat_order2.jsonl (want a working-tree path or a <rev>:<path> pin)
ERROR: research/order-four-exponential-permutations-exist-for-base-two.md: artifact not found: experiments/higman-exponential-permutations-2026-09-17/sat_base3_order4.jsonl (want a working-tree path or a <rev>:<path> pin)
ERROR: research/order-four-exponential-permutations-exist-for-base-two.md: artifact not found: experiments/higman-exponential-permutations-2026-09-17/two_break_exponentials.c (want a working-tree path or a <rev>:<path> pin)
ERROR: research/order-four-exponential-permutations-exist-for-base-two.md: artifact not found: experiments/higman-exponential-permutations-2026-09-17/two_break_p400.txt (want a working-tree path or a <rev>:<path> pin)
ERROR: research/order-four-exponential-permutations-exist-for-base-two.md: artifact not found: experiments/higman-exponential-permutations-2026-09-17/anneal_breakpoints.c (want a working-tree path or a <rev>:<path> pin)
ERROR: research/order-four-exponential-permutations-exist-for-base-two.md: artifact not found: experiments/higman-exponential-permutations-2026-09-17/run_anneal.sh (want a working-tree path or a <rev>:<path> pin)
ERROR: research/order-four-exponential-permutations-exist-for-base-two.md: artifact not found: experiments/higman-exponential-permutations-2026-09-17/anneal_results.txt (want a working-tree path or a <rev>:<path> pin)
ERROR: research/order-four-exponential-permutations-exist-for-base-two.md: artifact not found: experiments/higman-exponential-permutations-2026-09-17/sat_relaxed_return.py (want a working-tree path or a <rev>:<path> pin)
ERROR: research/order-four-exponential-permutations-exist-for-base-two.md: artifact not found: experiments/higman-exponential-permutations-2026-09-17/sat_relaxed_return.jsonl (want a working-tree path or a <rev>:<path> pin)
ERROR: research/ordered-bdd-compresses-predicate-rank-gate-proof.md: artifact not found: experiments/fanizza_fixed_predicate_rank_compiler.py (want a working-tree path or a <rev>:<path> pin)
ERROR: research/ordered-bdd-compresses-predicate-rank-gate.md: artifact not found: experiments/fanizza_fixed_predicate_rank_compiler.py (want a working-tree path or a <rev>:<path> pin)
ERROR: research/ore-radius-function-bounds-folner-radius-proof.md: artifact not found: experiments/ore-radius-folner-2026-09-17/check_local_bartholdi.py (want a working-tree path or a <rev>:<path> pin)
ERROR: research/ore-radius-function-bounds-folner-radius.md: artifact not found: experiments/ore-radius-folner-2026-09-17/check_local_bartholdi.py (want a working-tree path or a <rev>:<path> pin)
ERROR: research/orientation-lifts-sandwich-2to1-game-values.md: artifact not found: experiments/orientation-lift-2026-09-17/check_orientation_lift.py (want a working-tree path or a <rev>:<path> pin)
ERROR: research/oriented-c18-rank-gates-give-branch-balance-proof.md: artifact not found: experiments/fanizza_oriented_c18_exit_compiler.py (want a working-tree path or a <rev>:<path> pin)
ERROR: research/oriented-c18-rank-gates-give-branch-balance-proof.md: artifact not found: experiments/fanizza_child_oriented_c18_exit_compiler.py (want a working-tree path or a <rev>:<path> pin)
ERROR: research/oriented-c18-rank-gates-give-branch-balance.md: artifact not found: experiments/fanizza_oriented_c18_exit_compiler.py (want a working-tree path or a <rev>:<path> pin)
ERROR: research/oriented-c18-rank-gates-give-branch-balance.md: artifact not found: experiments/fanizza_child_oriented_c18_exit_compiler.py (want a working-tree path or a <rev>:<path> pin)
ERROR: research/oriented-c18-rank-gates-give-branch-balance.md: artifact not found: experiments/fanizza_factored_c18_exit_compiler.py (want a working-tree path or a <rev>:<path> pin)
ERROR: research/orthogonal-kac-moody-ah-citation.md: artifact not found: notes/NONHYPERLINEAR_CHARACTER_REYNOLDS_INTEGRATION_2026-08-24.md (want a working-tree path or a <rev>:<path> pin)
ERROR: research/orthogonal-kac-moody-forms-are-acylindrically-hyperbolic.md: artifact not found: notes/NONHYPERLINEAR_CHARACTER_REYNOLDS_INTEGRATION_2026-08-24.md (want a working-tree path or a <rev>:<path> pin)
ERROR: research/outer-root-leavitt-table-proof.md: artifact not found: notes/TRUE_COMMUTING_OUTER_ROOTS_RETAIN_LEAVITT_TABLE.md (want a working-tree path or a <rev>:<path> pin)
ERROR: research/outer-root-leavitt-table-proof.md: artifact not found: GroupApproximation/Leavitt/OuterRootLeavittRouting.lean (want a working-tree path or a <rev>:<path> pin)
ERROR: research/p13-hodge-robust-rotation-gap-proof.md: artifact not found: GroupApproximation/Sofic/LiteralP13HodgeData.lean (want a working-tree path or a <rev>:<path> pin)
ERROR: research/p13-hodge-robust-rotation-gap-proof.md: artifact not found: GroupApproximation/Sofic/LiteralP13HodgeReplay.lean (want a working-tree path or a <rev>:<path> pin)
ERROR: research/p13-hodge-robust-rotation-gap-proof.md: artifact not found: GroupApproximation/Sofic/LiteralP13HodgeCertificateCore.lean (want a working-tree path or a <rev>:<path> pin)
ERROR: research/p13-hodge-robust-rotation-gap-proof.md: artifact not found: GroupApproximation/Sofic/LiteralP13HodgeCertificate.lean (want a working-tree path or a <rev>:<path> pin)
ERROR: research/p13-hodge-robust-rotation-gap.md: artifact not found: GroupApproximation/Sofic/LiteralP13HodgeData.lean (want a working-tree path or a <rev>:<path> pin)
ERROR: research/p13-hodge-robust-rotation-gap.md: artifact not found: GroupApproximation/Sofic/LiteralP13HodgeReplay.lean (want a working-tree path or a <rev>:<path> pin)
ERROR: research/p13-hodge-robust-rotation-gap.md: artifact not found: GroupApproximation/Sofic/LiteralP13HodgeCertificateCore.lean (want a working-tree path or a <rev>:<path> pin)
ERROR: research/p13-hodge-robust-rotation-gap.md: artifact not found: GroupApproximation/Sofic/LiteralP13HodgeCertificate.lean (want a working-tree path or a <rev>:<path> pin)
ERROR: research/p13-hodge-robust-rotation-gap.md: artifact not found: GroupApproximation/Sofic/LiteralBaseP13RotationReplay.lean (want a working-tree path or a <rev>:<path> pin)
ERROR: research/p13-rotation-relator-defect-219-proof.md: artifact not found: GroupApproximation/Sofic/LiteralBaseP13RotationReplay.lean (want a working-tree path or a <rev>:<path> pin)
ERROR: research/p13-rotation-relator-defect-219-proof.md: artifact not found: GroupApproximation/Sofic/LiteralBaseP13RotationQuotient.lean (want a working-tree path or a <rev>:<path> pin)
ERROR: research/p13-rotation-relator-defect-219.md: artifact not found: GroupApproximation/Sofic/LiteralBaseP13RotationReplay.lean (want a working-tree path or a <rev>:<path> pin)
ERROR: research/p13-rotation-relator-defect-219.md: artifact not found: GroupApproximation/Sofic/LiteralBaseP13RotationQuotient.lean (want a working-tree path or a <rev>:<path> pin)
ERROR: research/paid-t00-carrier-can-miss-row2-source.md: artifact not found: experiments/marked_t00_signed_source_incidence_audit.py (want a working-tree path or a <rev>:<path> pin)
ERROR: research/pair-resampling-walk-balanced-partitions-are-unstable.md: artifact not found: experiments/pair-resampling-hypercontractivity-2026-09-17/chaos_eigen.py (want a working-tree path or a <rev>:<path> pin)
ERROR: research/pair-resampling-walk-balanced-partitions-are-unstable.md: artifact not found: experiments/pair-resampling-hypercontractivity-2026-09-17/orthogonal_harmonic_eigen.py (want a working-tree path or a <rev>:<path> pin)
ERROR: research/pair-resampling-walk-balanced-partitions-are-unstable.md: artifact not found: experiments/pair-resampling-hypercontractivity-2026-09-17/linear_partition_stability.py (want a working-tree path or a <rev>:<path> pin)
ERROR: research/pair-swap-group-kill-proof.md: artifact not found: experiments/pair-swap-group-kill-2026-09-17/check_pair_swap_group_kill.py (want a working-tree path or a <rev>:<path> pin)
ERROR: research/pair-swap-groups-of-smooth-pairing-designs-contain-alt.md: artifact not found: experiments/pair-swap-group-kill-2026-09-17/check_pair_swap_group_kill.py (want a working-tree path or a <rev>:<path> pin)
ERROR: research/paired-frame-fixed-kernel-polynomial-clock-no-go-proof.md: artifact not found: experiments/paired_frame_kernel_polynomial_stabilizer.py (want a working-tree path or a <rev>:<path> pin)
ERROR: research/paired-frame-fixed-kernel-polynomial-clock-no-go.md: artifact not found: experiments/paired_frame_kernel_polynomial_stabilizer.py (want a working-tree path or a <rev>:<path> pin)
ERROR: research/paired-frame-hard-characters-form-forced-two-cycle-proof.md: artifact not found: experiments/schur_packet_frame_transport_cycles.py (want a working-tree path or a <rev>:<path> pin)
ERROR: research/paired-frame-hard-characters-form-forced-two-cycle.md: artifact not found: experiments/schur_packet_paired_commutant_frame.py (want a working-tree path or a <rev>:<path> pin)
ERROR: research/paired-frame-hard-characters-form-forced-two-cycle.md: artifact not found: experiments/schur_packet_frame_transport_cycles.py (want a working-tree path or a <rev>:<path> pin)
ERROR: research/paired-frame-moving-kernel-is-a-rank-one-veronese-clock-proof.md: artifact not found: experiments/paired_frame_moving_kernel_orbit.py (want a working-tree path or a <rev>:<path> pin)
ERROR: research/paired-frame-moving-kernel-is-a-rank-one-veronese-clock.md: artifact not found: experiments/paired_frame_moving_kernel_orbit.py (want a working-tree path or a <rev>:<path> pin)
ERROR: research/paired-hard-form-transverse-to-moving-clock-proof.md: artifact not found: experiments/paired_frame_moving_kernel_orbit.py (want a working-tree path or a <rev>:<path> pin)
ERROR: research/paired-hard-form-transverse-to-moving-clock.md: artifact not found: experiments/paired_frame_moving_kernel_orbit.py (want a working-tree path or a <rev>:<path> pin)
ERROR: research/paired-return-conjugator-graph-has-regular-mf-benign-witness.md: artifact not found: notes/TRUE_PAIRED_RETURN_CENTRALIZER_SWITCH_CUTS_CONJUGATOR_GRAPH.md (want a working-tree path or a <rev>:<path> pin)
ERROR: research/paired-return-conjugator-graph-proof.md: artifact not found: notes/TRUE_PAIRED_RETURN_CENTRALIZER_SWITCH_CUTS_CONJUGATOR_GRAPH.md (want a working-tree path or a <rev>:<path> pin)
ERROR: research/parallel-repetition-collapses-threshold-rank-to-spectral-gap.md: artifact not found: experiments/ugc-deficit-ratio-2026-09-17/check_repetition_spectrum.py (want a working-tree path or a <rev>:<path> pin)
ERROR: research/parallel-repetition-threshold-rank-proof.md: artifact not found: experiments/ugc-deficit-ratio-2026-09-17/check_repetition_spectrum.py (want a working-tree path or a <rev>:<path> pin)
ERROR: research/partial-burnside-radius-four-virtually-abelian-quotient-proof.md: artifact not found: experiments/partial-burnside-census-2026-09-17/h5_char0_certificate.py (want a working-tree path or a <rev>:<path> pin)
ERROR: research/partial-burnside-radius-four-virtually-abelian-quotient-proof.md: artifact not found: experiments/partial-burnside-census-2026-09-17/verify_h5_quotient.py (want a working-tree path or a <rev>:<path> pin)
ERROR: research/partial-burnside-radius-four-virtually-abelian-quotient.md: artifact not found: experiments/partial-burnside-census-2026-09-17/h5_char0_certificate.py (want a working-tree path or a <rev>:<path> pin)
ERROR: research/partial-burnside-radius-four-virtually-abelian-quotient.md: artifact not found: experiments/partial-burnside-census-2026-09-17/verify_h5_quotient.py (want a working-tree path or a <rev>:<path> pin)
ERROR: research/partial-burnside-radius-four-virtually-abelian-quotient.md: artifact not found: experiments/partial-burnside-census-2026-09-17/exponent_cohomology.py (want a working-tree path or a <rev>:<path> pin)
ERROR: research/partial-burnside-radius-four-virtually-abelian-quotient.md: artifact not found: experiments/partial-burnside-census-2026-09-17/monomial_search.py (want a working-tree path or a <rev>:<path> pin)
ERROR: research/path-pvm-classicalization-proof.md: artifact not found: notes/TRUE_PATH_PVMS_CLASSICALIZE_WITHOUT_OUTCOME_LOSS.md (want a working-tree path or a <rev>:<path> pin)
ERROR: research/pauli-binary-algebra-gap-proof.md: artifact not found: GroupApproximation/Leavitt/PauliCarrierBinaryGap.lean (want a working-tree path or a <rev>:<path> pin)
ERROR: research/pauli-binary-algebra-gap-proof.md: artifact not found: notes/TRUE_PAULI_CARRIER_BINARY_ALGEBRA_GAP.md (want a working-tree path or a <rev>:<path> pin)
ERROR: research/pauli-binary-algebra-gap.md: artifact not found: GroupApproximation/Leavitt/PauliCarrierBinaryGap.lean (want a working-tree path or a <rev>:<path> pin)
ERROR: research/pauli-binary-algebra-gap.md: artifact not found: notes/TRUE_PAULI_CARRIER_BINARY_ALGEBRA_GAP.md (want a working-tree path or a <rev>:<path> pin)
ERROR: research/pauli-binary-membership-route.md: artifact not found: notes/HIGHEST_YIELD_NONHYPERLINEAR_ATTACK.md (want a working-tree path or a <rev>:<path> pin)
ERROR: research/pauli-binary-membership-route.md: artifact not found: notes/TRUE_POSITIVE_DENSITY_LEAVITT_DECODER_ENDGAME.md (want a working-tree path or a <rev>:<path> pin)
ERROR: research/pauli-block-tail-or-flat-rigidity-dichotomy.md: artifact not found: notes/TRUE_DOUBLE_PAULI_COMB_IS_FOURIER_FLAT.md (want a working-tree path or a <rev>:<path> pin)
ERROR: research/pauli-block-tail-or-flat-rigidity-dichotomy.md: artifact not found: notes/TRUE_TRACE_FLAT_COMMON_BLOCK_CONTRACTION_GAP.md (want a working-tree path or a <rev>:<path> pin)
ERROR: research/pauli-block-tail-or-flat-rigidity-dichotomy.md: artifact not found: notes/TRUE_TRACE_FLAT_BLOCK_SPECTRAL_FLOOR.md (want a working-tree path or a <rev>:<path> pin)
ERROR: research/pauli-canonical-return-gram-floor-proof.md: artifact not found: notes/TRUE_PAULI_BRANCH_TRANSFER_PACKET.md (want a working-tree path or a <rev>:<path> pin)
ERROR: research/pauli-canonical-return-gram-floor.md: artifact not found: notes/TRUE_PAULI_BRANCH_TRANSFER_PACKET.md (want a working-tree path or a <rev>:<path> pin)
ERROR: research/pauli-packet-incoming-mass-exceeds-corner-capacity-proof.md: artifact not found: experiments/verify_pauli_incoming_mass.py (want a working-tree path or a <rev>:<path> pin)
ERROR: research/pauli-packet-incoming-mass-exceeds-corner-capacity.md: artifact not found: notes/TRUE_PAULI_BRANCH_TRANSFER_PACKET.md (want a working-tree path or a <rev>:<path> pin)
ERROR: research/pauli-packet-incoming-mass-exceeds-corner-capacity.md: artifact not found: notes/TRUE_DOUBLE_PAULI_COMB_IS_FOURIER_FLAT.md (want a working-tree path or a <rev>:<path> pin)
ERROR: research/pauli-packet-incoming-mass-exceeds-corner-capacity.md: artifact not found: experiments/atlas_transported_coefficient_raw_character_mixing.py (want a working-tree path or a <rev>:<path> pin)
ERROR: research/pauli-packet-incoming-mass-exceeds-corner-capacity.md: artifact not found: experiments/atlas-transported-coefficient-raw-character-mixing.json (want a working-tree path or a <rev>:<path> pin)
ERROR: research/pauli-packet-incoming-mass-exceeds-corner-capacity.md: artifact not found: experiments/verify_pauli_incoming_mass.py (want a working-tree path or a <rev>:<path> pin)
ERROR: research/pauli-quarter-holonomy-balanced-reset-proof.md: artifact not found: experiments/atlas_transported_corner_overlap.py (want a working-tree path or a <rev>:<path> pin)
ERROR: research/pauli-quarter-holonomy-balanced-reset-proof.md: artifact not found: experiments/atlas-transported-corner-overlap.json (want a working-tree path or a <rev>:<path> pin)
ERROR: research/pauli-quarter-holonomy-is-balanced-derived-reset.md: artifact not found: experiments/atlas_transported_corner_overlap.py (want a working-tree path or a <rev>:<path> pin)
ERROR: research/pauli-quarter-holonomy-is-balanced-derived-reset.md: artifact not found: experiments/atlas-transported-corner-overlap.json (want a working-tree path or a <rev>:<path> pin)
ERROR: research/pauli-two-child-transfer-packet-proof.md: artifact not found: notes/TRUE_PAULI_BRANCH_TRANSFER_PACKET.md (want a working-tree path or a <rev>:<path> pin)
ERROR: research/pauli-two-child-transfer-packet.md: artifact not found: notes/TRUE_PAULI_BRANCH_TRANSFER_PACKET.md (want a working-tree path or a <rev>:<path> pin)
ERROR: research/per-compressor-component-matching-over-shared-decompositions.md: artifact not found: GroupApproximation/KunThom/CompressorMatching.lean (want a working-tree path or a <rev>:<path> pin)
ERROR: research/per-compressor-component-matching-proof.md: artifact not found: GroupApproximation/KunThom/CompressorMatching.lean (want a working-tree path or a <rev>:<path> pin)
ERROR: research/perfect-completeness-rich-2to1-tractable-skeletons-are-in-p.md: artifact not found: experiments/rich-2to1-perfect-completeness-2026-09-17/forcing_closure_check.py (want a working-tree path or a <rev>:<path> pin)
ERROR: research/perfect-completeness-tractable-skeletons-proof.md: artifact not found: experiments/rich-2to1-perfect-completeness-2026-09-17/forcing_closure_check.py (want a working-tree path or a <rev>:<path> pin)
ERROR: research/perfectness-and-bounded-solvability-are-pi2-complete.md: artifact not found: GroupApproximation/Computability/PerfectEnumeratedPi02.lean (want a working-tree path or a <rev>:<path> pin)
ERROR: research/perfectness-and-bounded-solvability-are-pi2-complete.md: artifact not found: GroupApproximation/Computability/PerfectEnumeratedHardness.lean (want a working-tree path or a <rev>:<path> pin)
ERROR: research/periodic-higman-algebraic-matrix-certificate-proof.md: artifact not found: experiments/periodic_higman_algebraic_certificate.py (want a working-tree path or a <rev>:<path> pin)
ERROR: research/periodic-higman-algebraic-matrix-certificate.md: artifact not found: experiments/periodic_higman_algebraic_certificate.py (want a working-tree path or a <rev>:<path> pin)
ERROR: research/periodic-higman-spectrum-contains-every-prime-proof.md: artifact not found: experiments/periodic_higman_algebraic_certificate.py (want a working-tree path or a <rev>:<path> pin)
ERROR: research/periodic-higman-spectrum-contains-every-prime-proof.md: artifact not found: experiments/periodic_higman_all_primes_certificate.py (want a working-tree path or a <rev>:<path> pin)
ERROR: research/periodic-higman-spectrum-contains-every-prime.md: artifact not found: experiments/periodic_higman_all_primes_certificate.py (want a working-tree path or a <rev>:<path> pin)
ERROR: research/permutation-norm-models-certify-exactly-lef-proof.md: artifact not found: GroupApproximation/Analysis/AmenableQuasidiagonal.lean (want a working-tree path or a <rev>:<path> pin)
ERROR: research/permutation-norm-models-certify-exactly-lef-proof.md: artifact not found: GroupApproximation/Algebra/AmenableMFProof.lean (want a working-tree path or a <rev>:<path> pin)
ERROR: research/permutation-norm-models-certify-exactly-lef-proof.md: artifact not found: GroupApproximation/Monsters/CyclicBaseLEFObstruction.lean (want a working-tree path or a <rev>:<path> pin)
ERROR: research/permutation-norm-models-certify-exactly-lef.md: artifact not found: non_mf_groups_exist.tex (want a working-tree path or a <rev>:<path> pin)
ERROR: research/permutation-norm-models-certify-exactly-lef.md: artifact not found: GroupApproximation/Analysis/AmenableQuasidiagonal.lean (want a working-tree path or a <rev>:<path> pin)
ERROR: research/permutation-norm-models-certify-exactly-lef.md: artifact not found: GroupApproximation/Algebra/AmenableMFProof.lean (want a working-tree path or a <rev>:<path> pin)
ERROR: research/permutation-norm-models-certify-exactly-lef.md: artifact not found: GroupApproximation/Monsters/CyclicBaseLEFObstruction.lean (want a working-tree path or a <rev>:<path> pin)
ERROR: research/persistent-degree-two-class-on-hyperbolic-group.md: artifact not found: notes/HYPERBOLIC_FINITE_RESIDUAL_REDUCTION_2026-09-07.md (want a working-tree path or a <rev>:<path> pin)
ERROR: research/pestov-9-1-formalized-in-lean-unconditionally-proof.md: artifact not found: GroupApproximation/Pestov91/WitnessAssembly.lean (want a working-tree path or a <rev>:<path> pin)
ERROR: research/pestov-9-1-formalized-in-lean-unconditionally-proof.md: artifact not found: GroupApproximation/Pestov91/Assembly.lean (want a working-tree path or a <rev>:<path> pin)
ERROR: research/pestov-9-1-formalized-in-lean-unconditionally-proof.md: artifact not found: Palomar/Pestov91Solution.lean (want a working-tree path or a <rev>:<path> pin)
ERROR: research/pestov-9-1-formalized-in-lean-unconditionally-proof.md: artifact not found: scripts/PalomarPestov91Axioms.lean (want a working-tree path or a <rev>:<path> pin)
ERROR: research/pestov-question-5-3-negative-proof.md: artifact not found: GroupApproximation/Endpoint/MainResults.lean (want a working-tree path or a <rev>:<path> pin)
ERROR: research/pestov-question-5-3-negative.md: artifact not found: GroupApproximation/Endpoint/MainResults.lean (want a working-tree path or a <rev>:<path> pin)
ERROR: research/phase-free-cartan-observables-force-joint-lamp-targets.md: artifact not found: notes/TRUE_RELATIVE_BURTON_KUN_THOM_REDUCTION.md (want a working-tree path or a <rev>:<path> pin)
ERROR: research/phase-inverting-fourth-root-lifts-opposite-pauli-shears.md: artifact not found: experiments/phase_corrected_pauli_shears.py (want a working-tree path or a <rev>:<path> pin)
ERROR: research/phase-safe-toric-gap-implies-nonhyperlinear-proof.md: artifact not found: notes/TRUE_NORMAL_TORIC_GAP_IMPLIES_NONHYPERLINEAR.md (want a working-tree path or a <rev>:<path> pin)
ERROR: research/phase-safe-toric-gap-implies-nonhyperlinear.md: artifact not found: notes/TRUE_NORMAL_TORIC_GAP_IMPLIES_NONHYPERLINEAR.md (want a working-tree path or a <rev>:<path> pin)
ERROR: research/piece-overlap-right-is-exactly-dehn-swap-closure-proof.md: artifact not found: GroupApproximation/Sofic/GreendlingerPieceOverlapProof.lean (want a working-tree path or a <rev>:<path> pin)
ERROR: research/piece-overlap-right-is-exactly-dehn-swap-closure-proof.md: artifact not found: GroupApproximation/Sofic/GreendlingerDehnSwap.lean (want a working-tree path or a <rev>:<path> pin)
ERROR: research/piece-overlap-right-is-exactly-dehn-swap-closure.md: artifact not found: GroupApproximation/Sofic/GreendlingerDehnCritical.lean (want a working-tree path or a <rev>:<path> pin)
ERROR: research/piece-overlap-right-is-exactly-dehn-swap-closure.md: artifact not found: GroupApproximation/Sofic/GreendlingerDehnSwap.lean (want a working-tree path or a <rev>:<path> pin)
ERROR: research/piece-overlap-right-is-exactly-dehn-swap-closure.md: artifact not found: GroupApproximation/Sofic/GreendlingerPieceOverlapProof.lean (want a working-tree path or a <rev>:<path> pin)
ERROR: research/point15-boundary-tangent-equals-s3-covariance-kernel-proof.md: artifact not found: experiments/atlas_boundary_h_exact_point15.py (want a working-tree path or a <rev>:<path> pin)
ERROR: research/point15-boundary-tangent-equals-s3-covariance-kernel-proof.md: artifact not found: experiments/atlas-boundary-h-exact-point15.json (want a working-tree path or a <rev>:<path> pin)
ERROR: research/point15-boundary-tangent-equals-s3-covariance-kernel.md: artifact not found: experiments/atlas_boundary_h_exact_point15.py (want a working-tree path or a <rev>:<path> pin)
ERROR: research/point15-boundary-tangent-equals-s3-covariance-kernel.md: artifact not found: experiments/atlas-boundary-h-exact-point15.json (want a working-tree path or a <rev>:<path> pin)
ERROR: research/point15-boundary-tangent-equals-s3-covariance-kernel.md: artifact not found: experiments/atlas_boundary_h_tangent_screen.py (want a working-tree path or a <rev>:<path> pin)
ERROR: research/pointwise-hs-stability-from-no-hyperlinear-quotient-proof.md: artifact not found: GroupApproximation/Stability/MixedApproximation.lean (want a working-tree path or a <rev>:<path> pin)
ERROR: research/pointwise-hs-stability-from-no-hyperlinear-quotient.md: artifact not found: GroupApproximation/Stability/MixedApproximation.lean (want a working-tree path or a <rev>:<path> pin)
ERROR: research/pointwise-hs-stability-from-no-hyperlinear-quotient.md: artifact not found: GroupApproximation/Sofic/HyperlinearUltraproduct.lean (want a working-tree path or a <rev>:<path> pin)
ERROR: research/poisoned-ck-envelopes-have-no-fng-maximal-kernel-proof.md: artifact not found: experiments/ck-poisoned-envelope-2026-09-17/heisenberg_model_check.py (want a working-tree path or a <rev>:<path> pin)
ERROR: research/poisoned-ck-envelopes-have-no-fng-maximal-kernel.md: artifact not found: experiments/ck-poisoned-envelope-2026-09-17/heisenberg_model_check.py (want a working-tree path or a <rev>:<path> pin)
ERROR: research/polynomial-compressor-finite-wall-proof.md: artifact not found: experiments/polynomial_compressor_finite_wall.py (want a working-tree path or a <rev>:<path> pin)
ERROR: research/polynomial-compressor-has-explicit-finite-quotient-wall.md: artifact not found: experiments/polynomial_compressor_finite_wall.py (want a working-tree path or a <rev>:<path> pin)
ERROR: research/polynomial-context-witness-via-free-subgroup.md: artifact not found: notes/PROPERTY_T_FREE_CONTEXT_ENERGY_2026-09-07.md (want a working-tree path or a <rev>:<path> pin)
ERROR: research/polynomial-context-witness-via-free-subgroup.md: artifact not found: experiments/word_energy_certificate.py (want a working-tree path or a <rev>:<path> pin)
ERROR: research/polynomial-context-witness-via-free-subgroup.md: artifact not found: experiments/test_word_energy_certificate.py (want a working-tree path or a <rev>:<path> pin)
ERROR: research/positive-core-bernoulli-ce-proof.md: artifact not found: notes/FALSE_POSITIVE_CORE_IS_SOFIC.md (want a working-tree path or a <rev>:<path> pin)
ERROR: research/positive-core-bernoulli-ce.md: artifact not found: notes/FALSE_POSITIVE_CORE_IS_SOFIC.md (want a working-tree path or a <rev>:<path> pin)
ERROR: research/positive-core-dilation-splice.md: artifact not found: notes/FALSE_FULL_COMPRESSION_SEMIGROUP_DILATION.md (want a working-tree path or a <rev>:<path> pin)
ERROR: research/positive-core-dilation-splice.md: artifact not found: notes/FALSE_POSITIVE_CORE_IS_SOFIC.md (want a working-tree path or a <rev>:<path> pin)
ERROR: research/positive-f-folded-fatgraphs-have-only-even-valence-proof.md: artifact not found: experiments/legal-f-folded-fatgraphs-2026-09-17/lp5.py (want a working-tree path or a <rev>:<path> pin)
ERROR: research/positive-f-folded-fatgraphs-have-only-even-valence-proof.md: artifact not found: experiments/legal-f-folded-fatgraphs-2026-09-17/exact_farkas.py (want a working-tree path or a <rev>:<path> pin)
ERROR: research/positive-f-folded-fatgraphs-have-only-even-valence-proof.md: artifact not found: experiments/legal-f-folded-fatgraphs-2026-09-17/turn_graph_obstruction.py (want a working-tree path or a <rev>:<path> pin)
ERROR: research/positive-f-folded-fatgraphs-have-only-even-valence-proof.md: artifact not found: experiments/legal-f-folded-fatgraphs-2026-09-17/scan4.py (want a working-tree path or a <rev>:<path> pin)
ERROR: research/positive-f-folded-fatgraphs-have-only-even-valence.md: artifact not found: experiments/legal-f-folded-fatgraphs-2026-09-17/ffold.py (want a working-tree path or a <rev>:<path> pin)
ERROR: research/positive-f-folded-fatgraphs-have-only-even-valence.md: artifact not found: experiments/legal-f-folded-fatgraphs-2026-09-17/search2.py (want a working-tree path or a <rev>:<path> pin)
ERROR: research/positive-f-folded-fatgraphs-have-only-even-valence.md: artifact not found: experiments/legal-f-folded-fatgraphs-2026-09-17/search3.py (want a working-tree path or a <rev>:<path> pin)
ERROR: research/positive-f-folded-fatgraphs-have-only-even-valence.md: artifact not found: experiments/legal-f-folded-fatgraphs-2026-09-17/lp5.py (want a working-tree path or a <rev>:<path> pin)
ERROR: research/positive-f-folded-fatgraphs-have-only-even-valence.md: artifact not found: experiments/legal-f-folded-fatgraphs-2026-09-17/exact_farkas.py (want a working-tree path or a <rev>:<path> pin)
ERROR: research/positive-f-folded-fatgraphs-have-only-even-valence.md: artifact not found: experiments/legal-f-folded-fatgraphs-2026-09-17/turn_graph_obstruction.py (want a working-tree path or a <rev>:<path> pin)
ERROR: research/positive-f-folded-fatgraphs-have-only-even-valence.md: artifact not found: experiments/legal-f-folded-fatgraphs-2026-09-17/census_turn_graph.log (want a working-tree path or a <rev>:<path> pin)
ERROR: research/positive-f-folded-fatgraphs-have-only-even-valence.md: artifact not found: experiments/legal-f-folded-fatgraphs-2026-09-17/scan4.py (want a working-tree path or a <rev>:<path> pin)
ERROR: research/positive-f-folded-fatgraphs-have-only-even-valence.md: artifact not found: experiments/legal-f-folded-fatgraphs-2026-09-17/phi_scan4.json (want a working-tree path or a <rev>:<path> pin)
ERROR: research/positive-f-folded-fatgraphs-have-only-even-valence.md: artifact not found: experiments/legal-f-folded-fatgraphs-2026-09-17/farkas_t4_m1.log (want a working-tree path or a <rev>:<path> pin)
ERROR: research/positive-f-folded-fatgraphs-have-only-even-valence.md: artifact not found: experiments/legal-f-folded-fatgraphs-2026-09-17/farkas_t4_m2.log (want a working-tree path or a <rev>:<path> pin)
ERROR: research/positive-f-folded-fatgraphs-have-only-even-valence.md: artifact not found: experiments/legal-f-folded-fatgraphs-2026-09-17/farkas_t4_m2_rerun14.log (want a working-tree path or a <rev>:<path> pin)
ERROR: research/positive-f-folded-fatgraphs-have-only-even-valence.md: artifact not found: experiments/legal-f-folded-fatgraphs-2026-09-17/farkas_plastic_m1.log (want a working-tree path or a <rev>:<path> pin)
ERROR: research/positive-f-folded-fatgraphs-have-only-even-valence.md: artifact not found: experiments/legal-f-folded-fatgraphs-2026-09-17/farkas_plastic_m4.log (want a working-tree path or a <rev>:<path> pin)
ERROR: research/positive-f-folded-fatgraphs-have-only-even-valence.md: artifact not found: experiments/legal-f-folded-fatgraphs-2026-09-17/lp_census.py (want a working-tree path or a <rev>:<path> pin)
ERROR: research/positive-f-folded-fatgraphs-have-only-even-valence.md: artifact not found: experiments/legal-f-folded-fatgraphs-2026-09-17/probe_auts.py (want a working-tree path or a <rev>:<path> pin)
ERROR: research/positive-f-folded-fatgraphs-have-only-even-valence.md: artifact not found: experiments/legal-f-folded-fatgraphs-2026-09-17/probe_auts.log (want a working-tree path or a <rev>:<path> pin)
ERROR: research/positive-signed-actor-two-scale-profile-is-partial-and-gauged.md: artifact not found: experiments/all_positive_detector_two_scale_profile_audit.py (want a working-tree path or a <rev>:<path> pin)
ERROR: research/post-gap-compressor-constants.md: artifact not found: GroupApproximation/Sofic/MarkedCompressionVectorChain.lean (want a working-tree path or a <rev>:<path> pin)
ERROR: research/post-gap-compressor-constants.md: artifact not found: GroupApproximation/Sofic/MarkedCompressionSequentialKill.lean (want a working-tree path or a <rev>:<path> pin)
ERROR: research/post-gap-compressor-constants.md: artifact not found: GroupApproximation/Sofic/MarkedCompressionRootCapture.lean (want a working-tree path or a <rev>:<path> pin)
ERROR: research/post-gap-compressor-constants.md: artifact not found: GroupApproximation/Sofic/KazhdanCompressorCorner.lean (want a working-tree path or a <rev>:<path> pin)
ERROR: research/post-gap-compressor-constants.md: artifact not found: GroupApproximation/Sofic/KazhdanAsymptoticCommutant.lean (want a working-tree path or a <rev>:<path> pin)
ERROR: research/power-pair-phase-hnn-has-finite-heisenberg-mark-models.md: artifact not found: experiments/power_pair_heisenberg_finite_model.py (want a working-tree path or a <rev>:<path> pin)
ERROR: research/power-pair-phase-hnn-has-finite-heisenberg-mark-models.md: artifact not found: experiments/power_pair_heisenberg_finite_model.json (want a working-tree path or a <rev>:<path> pin)
ERROR: research/power-set-lifts-never-give-binary-power-witnesses.md: artifact not found: experiments/hyperspace-lift-2026-09-17/check.py (want a working-tree path or a <rev>:<path> pin)
ERROR: research/power-set-lifts-never-give-binary-power-witnesses.md: artifact not found: experiments/hyperspace-lift-2026-09-17/check-output.json (want a working-tree path or a <rev>:<path> pin)
ERROR: research/power-two-folded-fatgraphs-of-genus-k-plus-two-family-proof.md: artifact not found: experiments/legal-f-folded-fatgraphs-2026-09-17/power_two_family_symbolic.py (want a working-tree path or a <rev>:<path> pin)
ERROR: research/power-two-folded-fatgraphs-of-genus-k-plus-two-family-proof.md: artifact not found: experiments/legal-f-folded-fatgraphs-2026-09-17/power_two_family_symbolic.log (want a working-tree path or a <rev>:<path> pin)
ERROR: research/power-two-folded-fatgraphs-of-genus-k-plus-two-family-proof.md: artifact not found: experiments/legal-f-folded-fatgraphs-2026-09-17/power_two_family_certificates.py (want a working-tree path or a <rev>:<path> pin)
ERROR: research/power-two-folded-fatgraphs-of-genus-k-plus-two-family-proof.md: artifact not found: experiments/legal-f-folded-fatgraphs-2026-09-17/power_two_family_certificates.log (want a working-tree path or a <rev>:<path> pin)
ERROR: research/power-two-folded-fatgraphs-of-genus-k-plus-two-family-proof.md: artifact not found: experiments/legal-f-folded-fatgraphs-2026-09-17/power_two_family_m1_lp.py (want a working-tree path or a <rev>:<path> pin)
ERROR: research/power-two-folded-fatgraphs-of-genus-k-plus-two-family-proof.md: artifact not found: experiments/legal-f-folded-fatgraphs-2026-09-17/power_two_family_m1_lp.log (want a working-tree path or a <rev>:<path> pin)
ERROR: research/power-two-folded-fatgraphs-of-genus-k-plus-two-family-proof.md: artifact not found: experiments/legal-f-folded-fatgraphs-2026-09-17/verify_surface.py (want a working-tree path or a <rev>:<path> pin)
ERROR: research/power-two-folded-fatgraphs-of-genus-k-plus-two-family.md: artifact not found: experiments/legal-f-folded-fatgraphs-2026-09-17/power_two_family_certificates.py (want a working-tree path or a <rev>:<path> pin)
ERROR: research/power-two-folded-fatgraphs-of-genus-k-plus-two-family.md: artifact not found: experiments/legal-f-folded-fatgraphs-2026-09-17/power_two_family_certificates.log (want a working-tree path or a <rev>:<path> pin)
ERROR: research/power-two-folded-fatgraphs-of-genus-k-plus-two-family.md: artifact not found: experiments/legal-f-folded-fatgraphs-2026-09-17/power_two_family_symbolic.py (want a working-tree path or a <rev>:<path> pin)
ERROR: research/power-two-folded-fatgraphs-of-genus-k-plus-two-family.md: artifact not found: experiments/legal-f-folded-fatgraphs-2026-09-17/power_two_family_symbolic.log (want a working-tree path or a <rev>:<path> pin)
ERROR: research/power-two-folded-fatgraphs-of-genus-k-plus-two-family.md: artifact not found: experiments/legal-f-folded-fatgraphs-2026-09-17/power_two_family_m1_lp.py (want a working-tree path or a <rev>:<path> pin)
ERROR: research/power-two-folded-fatgraphs-of-genus-k-plus-two-family.md: artifact not found: experiments/legal-f-folded-fatgraphs-2026-09-17/power_two_family_m1_lp.log (want a working-tree path or a <rev>:<path> pin)
ERROR: research/power-two-folded-fatgraphs-of-genus-k-plus-two-family.md: artifact not found: experiments/legal-f-folded-fatgraphs-2026-09-17/verify_surface.py (want a working-tree path or a <rev>:<path> pin)
ERROR: research/power-two-folded-fatgraphs-of-genus-k-plus-two-family.md: artifact not found: experiments/legal-f-folded-fatgraphs-2026-09-17/lp_allwords.py (want a working-tree path or a <rev>:<path> pin)
ERROR: research/power-two-folded-fatgraphs-of-genus-k-plus-two-family.md: artifact not found: experiments/legal-f-folded-fatgraphs-2026-09-17/census_allwords_m2_classes_first171.log (want a working-tree path or a <rev>:<path> pin)
ERROR: research/power-two-folded-fatgraphs-of-genus-k-plus-two-family.md: artifact not found: experiments/legal-f-folded-fatgraphs-2026-09-17/surface_batch.py (want a working-tree path or a <rev>:<path> pin)
ERROR: research/power-two-folded-fatgraphs-of-genus-k-plus-two-family.md: artifact not found: experiments/legal-f-folded-fatgraphs-2026-09-17/surfaces_m2_new_negatives.log (want a working-tree path or a <rev>:<path> pin)
ERROR: research/power-two-legal-folded-certificates-reach-beyond-power-one-proof.md: artifact not found: experiments/legal-f-folded-fatgraphs-2026-09-17/surface_phi300_m2.json (want a working-tree path or a <rev>:<path> pin)
ERROR: research/power-two-legal-folded-certificates-reach-beyond-power-one-proof.md: artifact not found: experiments/legal-f-folded-fatgraphs-2026-09-17/verify_surface_phi300_m2.log (want a working-tree path or a <rev>:<path> pin)
ERROR: research/power-two-legal-folded-certificates-reach-beyond-power-one-proof.md: artifact not found: experiments/legal-f-folded-fatgraphs-2026-09-17/verify_surface.py (want a working-tree path or a <rev>:<path> pin)
ERROR: research/power-two-legal-folded-certificates-reach-beyond-power-one-proof.md: artifact not found: experiments/legal-f-folded-fatgraphs-2026-09-17/validate_certificates.py (want a working-tree path or a <rev>:<path> pin)
ERROR: research/power-two-legal-folded-certificates-reach-beyond-power-one-proof.md: artifact not found: experiments/legal-f-folded-fatgraphs-2026-09-17/census_allwords_m1.log (want a working-tree path or a <rev>:<path> pin)
ERROR: research/power-two-legal-folded-certificates-reach-beyond-power-one.md: artifact not found: experiments/legal-f-folded-fatgraphs-2026-09-17/surface_phi300_m2.json (want a working-tree path or a <rev>:<path> pin)
ERROR: research/power-two-legal-folded-certificates-reach-beyond-power-one.md: artifact not found: experiments/legal-f-folded-fatgraphs-2026-09-17/verify_surface_phi300_m2.log (want a working-tree path or a <rev>:<path> pin)
ERROR: research/power-two-legal-folded-certificates-reach-beyond-power-one.md: artifact not found: experiments/legal-f-folded-fatgraphs-2026-09-17/verify_surface.py (want a working-tree path or a <rev>:<path> pin)
ERROR: research/power-two-legal-folded-certificates-reach-beyond-power-one.md: artifact not found: experiments/legal-f-folded-fatgraphs-2026-09-17/validate_certificates.py (want a working-tree path or a <rev>:<path> pin)
ERROR: research/power-two-legal-folded-certificates-reach-beyond-power-one.md: artifact not found: experiments/legal-f-folded-fatgraphs-2026-09-17/census_allwords_m1.log (want a working-tree path or a <rev>:<path> pin)
ERROR: research/power-two-legal-folded-certificates-reach-beyond-power-one.md: artifact not found: experiments/legal-f-folded-fatgraphs-2026-09-17/census_allwords_m2_partial.log (want a working-tree path or a <rev>:<path> pin)
ERROR: research/power-two-legal-folded-certificates-reach-beyond-power-one.md: artifact not found: experiments/legal-f-folded-fatgraphs-2026-09-17/surface_batch.py (want a working-tree path or a <rev>:<path> pin)
ERROR: research/power-two-legal-folded-certificates-reach-beyond-power-one.md: artifact not found: experiments/legal-f-folded-fatgraphs-2026-09-17/surfaces_m2_partial.log (want a working-tree path or a <rev>:<path> pin)
ERROR: research/power-two-word-free-census-of-power-one-silent-classes-proof.md: artifact not found: experiments/legal-f-folded-fatgraphs-2026-09-17/lp_allwords.py (want a working-tree path or a <rev>:<path> pin)
ERROR: research/power-two-word-free-census-of-power-one-silent-classes-proof.md: artifact not found: experiments/legal-f-folded-fatgraphs-2026-09-17/census_allwords.py (want a working-tree path or a <rev>:<path> pin)
ERROR: research/power-two-word-free-census-of-power-one-silent-classes-proof.md: artifact not found: experiments/legal-f-folded-fatgraphs-2026-09-17/m2_class_representatives.txt (want a working-tree path or a <rev>:<path> pin)
ERROR: research/power-two-word-free-census-of-power-one-silent-classes-proof.md: artifact not found: experiments/legal-f-folded-fatgraphs-2026-09-17/census_allwords_m2_classes.log (want a working-tree path or a <rev>:<path> pin)
ERROR: research/power-two-word-free-census-of-power-one-silent-classes-proof.md: artifact not found: experiments/legal-f-folded-fatgraphs-2026-09-17/surface_batch.py (want a working-tree path or a <rev>:<path> pin)
ERROR: research/power-two-word-free-census-of-power-one-silent-classes-proof.md: artifact not found: experiments/legal-f-folded-fatgraphs-2026-09-17/surface_batch_lengths.py (want a working-tree path or a <rev>:<path> pin)
ERROR: research/power-two-word-free-census-of-power-one-silent-classes-proof.md: artifact not found: experiments/legal-f-folded-fatgraphs-2026-09-17/surfaces_m2_census_negatives.log (want a working-tree path or a <rev>:<path> pin)
ERROR: research/power-two-word-free-census-of-power-one-silent-classes-proof.md: artifact not found: experiments/legal-f-folded-fatgraphs-2026-09-17/surfaces_m2_new_negatives.log (want a working-tree path or a <rev>:<path> pin)
ERROR: research/power-two-word-free-census-of-power-one-silent-classes-proof.md: artifact not found: experiments/legal-f-folded-fatgraphs-2026-09-17/surfaces_m2_partial.log (want a working-tree path or a <rev>:<path> pin)
ERROR: research/power-two-word-free-census-of-power-one-silent-classes-proof.md: artifact not found: experiments/legal-f-folded-fatgraphs-2026-09-17/surfaces_m2_census (want a working-tree path or a <rev>:<path> pin)
ERROR: research/power-two-word-free-census-of-power-one-silent-classes-proof.md: artifact not found: experiments/legal-f-folded-fatgraphs-2026-09-17/verify_surfaces_m2_census.log (want a working-tree path or a <rev>:<path> pin)
ERROR: research/power-two-word-free-census-of-power-one-silent-classes-proof.md: artifact not found: experiments/legal-f-folded-fatgraphs-2026-09-17/verify_surface.py (want a working-tree path or a <rev>:<path> pin)
ERROR: research/power-two-word-free-census-of-power-one-silent-classes-proof.md: artifact not found: experiments/legal-f-folded-fatgraphs-2026-09-17/validate_certificates.py (want a working-tree path or a <rev>:<path> pin)
ERROR: research/power-two-word-free-census-of-power-one-silent-classes.md: artifact not found: experiments/legal-f-folded-fatgraphs-2026-09-17/lp_allwords.py (want a working-tree path or a <rev>:<path> pin)
ERROR: research/power-two-word-free-census-of-power-one-silent-classes.md: artifact not found: experiments/legal-f-folded-fatgraphs-2026-09-17/census_allwords.py (want a working-tree path or a <rev>:<path> pin)
ERROR: research/power-two-word-free-census-of-power-one-silent-classes.md: artifact not found: experiments/legal-f-folded-fatgraphs-2026-09-17/m2_class_representatives.txt (want a working-tree path or a <rev>:<path> pin)
ERROR: research/power-two-word-free-census-of-power-one-silent-classes.md: artifact not found: experiments/legal-f-folded-fatgraphs-2026-09-17/census_allwords_m2_classes.log (want a working-tree path or a <rev>:<path> pin)
ERROR: research/power-two-word-free-census-of-power-one-silent-classes.md: artifact not found: experiments/legal-f-folded-fatgraphs-2026-09-17/surface_batch.py (want a working-tree path or a <rev>:<path> pin)
ERROR: research/power-two-word-free-census-of-power-one-silent-classes.md: artifact not found: experiments/legal-f-folded-fatgraphs-2026-09-17/surface_batch_lengths.py (want a working-tree path or a <rev>:<path> pin)
ERROR: research/power-two-word-free-census-of-power-one-silent-classes.md: artifact not found: experiments/legal-f-folded-fatgraphs-2026-09-17/surfaces_m2_census_negatives.log (want a working-tree path or a <rev>:<path> pin)
ERROR: research/power-two-word-free-census-of-power-one-silent-classes.md: artifact not found: experiments/legal-f-folded-fatgraphs-2026-09-17/surfaces_m2_new_negatives.log (want a working-tree path or a <rev>:<path> pin)
ERROR: research/power-two-word-free-census-of-power-one-silent-classes.md: artifact not found: experiments/legal-f-folded-fatgraphs-2026-09-17/surfaces_m2_partial.log (want a working-tree path or a <rev>:<path> pin)
ERROR: research/power-two-word-free-census-of-power-one-silent-classes.md: artifact not found: experiments/legal-f-folded-fatgraphs-2026-09-17/surfaces_m2_census (want a working-tree path or a <rev>:<path> pin)
ERROR: research/power-two-word-free-census-of-power-one-silent-classes.md: artifact not found: experiments/legal-f-folded-fatgraphs-2026-09-17/verify_surfaces_m2_census.log (want a working-tree path or a <rev>:<path> pin)
ERROR: research/power-two-word-free-census-of-power-one-silent-classes.md: artifact not found: experiments/legal-f-folded-fatgraphs-2026-09-17/verify_surface.py (want a working-tree path or a <rev>:<path> pin)
ERROR: research/power-two-word-free-census-of-power-one-silent-classes.md: artifact not found: experiments/legal-f-folded-fatgraphs-2026-09-17/validate_certificates.py (want a working-tree path or a <rev>:<path> pin)
ERROR: research/power-two-word-free-census-of-power-one-silent-classes.md: artifact not found: experiments/legal-f-folded-fatgraphs-2026-09-17/surfaces_m2_census/phi414.json (want a working-tree path or a <rev>:<path> pin)
ERROR: research/power-two-word-free-census-of-power-one-silent-classes.md: artifact not found: experiments/legal-f-folded-fatgraphs-2026-09-17/verify_surface_phi414_m2.log (want a working-tree path or a <rev>:<path> pin)
ERROR: research/power-two-word-free-census-of-power-one-silent-classes.md: artifact not found: experiments/legal-f-folded-fatgraphs-2026-09-17/surfaces_m2_length5_partial.log (want a working-tree path or a <rev>:<path> pin)
ERROR: research/power-two-word-free-census-of-power-one-silent-classes.md: artifact not found: experiments/legal-f-folded-fatgraphs-2026-09-17/surfaces_m2_census/phi939.json (want a working-tree path or a <rev>:<path> pin)
ERROR: research/power-two-word-free-census-of-power-one-silent-classes.md: artifact not found: experiments/legal-f-folded-fatgraphs-2026-09-17/surfaces_m2_census/phi4010.json (want a working-tree path or a <rev>:<path> pin)
ERROR: research/power-two-word-free-census-of-power-one-silent-classes.md: artifact not found: experiments/legal-f-folded-fatgraphs-2026-09-17/verify_surface_phi939_phi4010_m2.log (want a working-tree path or a <rev>:<path> pin)
ERROR: research/power-two-word-free-census-of-power-one-silent-classes.md: artifact not found: experiments/legal-f-folded-fatgraphs-2026-09-17/lift_lp_perm_m2_open_entries.log (want a working-tree path or a <rev>:<path> pin)
ERROR: research/power-two-word-free-census-of-power-one-silent-classes.md: artifact not found: experiments/legal-f-folded-fatgraphs-2026-09-17/lift_word_short_words_m2.log (want a working-tree path or a <rev>:<path> pin)
ERROR: research/power-two-word-free-census-of-power-one-silent-classes.md: artifact not found: experiments/legal-f-folded-fatgraphs-2026-09-17/lp_memory.py (want a working-tree path or a <rev>:<path> pin)
ERROR: research/power-two-word-free-census-of-power-one-silent-classes.md: artifact not found: experiments/legal-f-folded-fatgraphs-2026-09-17/lp_memory_r1_4887_m2.log (want a working-tree path or a <rev>:<path> pin)
ERROR: research/power-two-word-free-census-of-power-one-silent-classes.md: artifact not found: experiments/legal-f-folded-fatgraphs-2026-09-17/lp5_single_word_len8_m2_open_entries.log (want a working-tree path or a <rev>:<path> pin)
ERROR: research/power-two-word-free-census-of-power-one-silent-classes.md: artifact not found: experiments/legal-f-folded-fatgraphs-2026-09-17/lp5_single_word_m3_open_entries.log (want a working-tree path or a <rev>:<path> pin)
ERROR: research/predicate-activated-cnot-routes-relative-pauli-halves-proof.md: artifact not found: experiments/predicate_activated_cnot_router.py (want a working-tree path or a <rev>:<path> pin)
ERROR: research/predicate-activated-cnot-routes-relative-pauli-halves.md: artifact not found: experiments/predicate_activated_cnot_router.py (want a working-tree path or a <rev>:<path> pin)
ERROR: research/prefix-order-seven-pair-retains-gl7-mark.md: artifact not found: experiments/prefix_order_seven_pair_gl7_audit.py (want a working-tree path or a <rev>:<path> pin)
ERROR: research/prime-cyclic-cancellation-lifts-force-reverse-inverses.md: artifact not found: experiments/kaplansky_prime_cancellation.py (want a working-tree path or a <rev>:<path> pin)
ERROR: research/prime-field-leavitt-tensor-hosts-proof.md: artifact not found: GroupApproximation/Leavitt/DiagonalNormalExtraction.lean (want a working-tree path or a <rev>:<path> pin)
ERROR: research/primitive-native-hecke-relators-have-no-odd-mixed-occurrence.md: artifact not found: GroupApproximation/Steinberg/Basic.lean (want a working-tree path or a <rev>:<path> pin)
ERROR: research/primitive-native-hecke-relators-have-no-odd-mixed-occurrence.md: artifact not found: GroupApproximation/Leavitt/FinitePresentation.lean (want a working-tree path or a <rev>:<path> pin)
ERROR: research/printed-ultraproduct-ambient-for-kazhdan-transport-proof.md: artifact not found: non_mf_groups_exist.tex (want a working-tree path or a <rev>:<path> pin)
ERROR: research/printed-ultraproduct-ambient-for-kazhdan-transport-proof.md: artifact not found: GroupApproximation/Sofic/UltraproductAdjointAmbient.lean (want a working-tree path or a <rev>:<path> pin)
ERROR: research/printed-ultraproduct-ambient-for-kazhdan-transport-proof.md: artifact not found: GroupApproximation/Sofic/UltraproductModelConstructionAssembly.lean (want a working-tree path or a <rev>:<path> pin)
ERROR: research/printed-ultraproduct-ambient-for-kazhdan-transport-proof.md: artifact not found: GroupApproximation/Sofic/ManuscriptKazhdanTransport.lean (want a working-tree path or a <rev>:<path> pin)
ERROR: research/printed-ultraproduct-ambient-for-kazhdan-transport-proof.md: artifact not found: GroupApproximation/Sofic/KOmegaHilbert.lean (want a working-tree path or a <rev>:<path> pin)
ERROR: research/printed-ultraproduct-ambient-for-kazhdan-transport-proof.md: artifact not found: GroupApproximation/Sofic/OmegaOperatorUltraproduct.lean (want a working-tree path or a <rev>:<path> pin)
ERROR: research/printed-ultraproduct-ambient-for-kazhdan-transport-proof.md: artifact not found: GroupApproximation/Sofic/HilbertUltraproductSeparating.lean (want a working-tree path or a <rev>:<path> pin)
ERROR: research/printed-ultraproduct-ambient-for-kazhdan-transport-proof.md: artifact not found: GroupApproximation/Sofic/OmegaWeightedAmbient.lean (want a working-tree path or a <rev>:<path> pin)
ERROR: research/printed-ultraproduct-ambient-for-kazhdan-transport.md: artifact not found: non_mf_groups_exist.tex (want a working-tree path or a <rev>:<path> pin)
ERROR: research/printed-ultraproduct-ambient-for-kazhdan-transport.md: artifact not found: GroupApproximation/Sofic/UltraproductAdjointAmbient.lean (want a working-tree path or a <rev>:<path> pin)
ERROR: research/printed-ultraproduct-ambient-for-kazhdan-transport.md: artifact not found: GroupApproximation/Sofic/UltraproductDedekindFinite.lean (want a working-tree path or a <rev>:<path> pin)
ERROR: research/printed-ultraproduct-ambient-for-kazhdan-transport.md: artifact not found: GroupApproximation/Sofic/UltraproductKazhdanProjection.lean (want a working-tree path or a <rev>:<path> pin)
ERROR: research/printed-ultraproduct-ambient-for-kazhdan-transport.md: artifact not found: GroupApproximation/Sofic/UltraproductModelConstructionAssembly.lean (want a working-tree path or a <rev>:<path> pin)
ERROR: research/printed-ultraproduct-ambient-for-kazhdan-transport.md: artifact not found: GroupApproximation/Sofic/ManuscriptKazhdanTransport.lean (want a working-tree path or a <rev>:<path> pin)
ERROR: research/private-middle-swap-return-has-gl6-model.md: artifact not found: experiments/private_middle_swap_returned_morita_gl6_audit.py (want a working-tree path or a <rev>:<path> pin)
ERROR: research/profinite-action-fixed-algebra-invariant-proof.md: artifact not found: notes/NOTEPAD.md (want a working-tree path or a <rev>:<path> pin)
ERROR: research/profinite-action-fixed-algebra-invariant.md: artifact not found: notes/NOTEPAD.md (want a working-tree path or a <rev>:<path> pin)
ERROR: research/profinite-clifford-filtration.md: artifact not found: notes/NOTEPAD.md (want a working-tree path or a <rev>:<path> pin)
ERROR: research/profinite-twins-opposite-mf.md: artifact not found: GroupApproximation/Algebra/VisibleQuotient.lean (want a working-tree path or a <rev>:<path> pin)
ERROR: research/profinite-twins-opposite-mf.md: artifact not found: GroupApproximation/Sofic/ProfiniteTwins.lean (want a working-tree path or a <rev>:<path> pin)
ERROR: research/projective-alphabet-lifts-cannot-amplify-pairing-moments.md: artifact not found: experiments/projective-amplification-2026-09-17/check_projective_lift_moments.py (want a working-tree path or a <rev>:<path> pin)
ERROR: research/projective-lift-moment-transfer-proof.md: artifact not found: experiments/projective-amplification-2026-09-17/check_projective_lift_moments.py (want a working-tree path or a <rev>:<path> pin)
ERROR: research/projective-star-profile-has-zero-hecke-source.md: artifact not found: experiments/full_q_source_mass_natural_profile_audit.py (want a working-tree path or a <rev>:<path> pin)
ERROR: research/promislow-units-iff-axis-quadratic-roots.md: artifact not found: experiments/promislow-unit-mahler-2026-09-17/fibre_spectra.py (want a working-tree path or a <rev>:<path> pin)
ERROR: research/promislow-units-iff-axis-quadratic-roots.md: artifact not found: experiments/promislow-unit-mahler-2026-09-17/fibre_spectra-run.log (want a working-tree path or a <rev>:<path> pin)
ERROR: research/promislow-units-iff-axis-quadratic-roots.md: artifact not found: experiments/promislow-unit-mahler-2026-09-17/axis_quadratic_calibration.py (want a working-tree path or a <rev>:<path> pin)
ERROR: research/promislow-units-iff-axis-quadratic-roots.md: artifact not found: experiments/promislow-unit-mahler-2026-09-17/axis_quadratic_calibration-run.log (want a working-tree path or a <rev>:<path> pin)
ERROR: research/properly-infinite-unit-group-is-not-mf.md: artifact not found: non_mf_groups_exist.tex (want a working-tree path or a <rev>:<path> pin)
ERROR: research/property-t-free-el20-collapse-transfers-to-el12.md: artifact not found: GroupApproximation/Leavitt/LeavittRankEquivalence.lean (want a working-tree path or a <rev>:<path> pin)
ERROR: research/property-t-free-el20-collapse-transfers-to-el12.md: artifact not found: GroupApproximation/Sofic/FullRadicalClosureProperties.lean (want a working-tree path or a <rev>:<path> pin)
ERROR: research/property-t-free-leavitt-full-mf-radical.md: artifact not found: experiments/full_q_moving_gl8_permutation_audit.py (want a working-tree path or a <rev>:<path> pin)
ERROR: research/property-t-free-manuscript-from-leavitt-collapse.md: artifact not found: non_mf_groups_exist.tex (want a working-tree path or a <rev>:<path> pin)
ERROR: research/property-t-free-manuscript-from-leavitt-collapse.md: artifact not found: GroupApproximation/Sofic/PropertyTFreeMFCollapse.lean (want a working-tree path or a <rev>:<path> pin)
ERROR: research/property-t-free-manuscript-results.md: artifact not found: non_mf_groups_exist.tex (want a working-tree path or a <rev>:<path> pin)
ERROR: research/property-t-free-manuscript-theorem-dependency-audit-proof.md: artifact not found: non_mf_groups_exist.tex (want a working-tree path or a <rev>:<path> pin)
ERROR: research/property-t-free-manuscript-theorem-dependency-audit-proof.md: artifact not found: metadata/NON_MF_SENTENCE_CENSUS.md (want a working-tree path or a <rev>:<path> pin)
ERROR: research/property-t-free-manuscript-theorem-dependency-audit.md: artifact not found: non_mf_groups_exist.tex (want a working-tree path or a <rev>:<path> pin)
ERROR: research/property-t-free-manuscript-theorem-dependency-audit.md: artifact not found: metadata/NON_MF_SENTENCE_CENSUS.md (want a working-tree path or a <rev>:<path> pin)
ERROR: research/property-t-free-manuscript-theorem-dependency-audit.md: artifact not found: GroupApproximation/Manuscript/OneSidedMFRadical/LiteralMFClosure.lean (want a working-tree path or a <rev>:<path> pin)
ERROR: research/property-t-free-manuscript-theorem-dependency-audit.md: artifact not found: GroupApproximation/Manuscript/OneSidedMFRadical/RankTwelveSimplicity.lean (want a working-tree path or a <rev>:<path> pin)
ERROR: research/property-t-free-manuscript-theorem-dependency-audit.md: artifact not found: GroupApproximation/Manuscript/OneSidedMFRadical/PrescribedQuotients.lean (want a working-tree path or a <rev>:<path> pin)
ERROR: research/property-t-free-st20-collapse-transfers-to-el12-proof.md: artifact not found: GroupApproximation/Steinberg/Basic.lean (want a working-tree path or a <rev>:<path> pin)
ERROR: research/property-t-free-st20-collapse-transfers-to-el12-proof.md: artifact not found: GroupApproximation/Leavitt/PrefixCode.lean (want a working-tree path or a <rev>:<path> pin)
ERROR: research/property-t-free-st20-collapse-transfers-to-el12-proof.md: artifact not found: GroupApproximation/Leavitt/LeavittRankEquivalence.lean (want a working-tree path or a <rev>:<path> pin)
ERROR: research/property-t-free-st20-collapse-transfers-to-el12-proof.md: artifact not found: GroupApproximation/Sofic/FullRadicalClosureProperties.lean (want a working-tree path or a <rev>:<path> pin)
ERROR: research/property-t-free-st20-collapse-transfers-to-el12.md: artifact not found: GroupApproximation/Steinberg/Basic.lean (want a working-tree path or a <rev>:<path> pin)
ERROR: research/property-t-free-st20-collapse-transfers-to-el12.md: artifact not found: GroupApproximation/Leavitt/LeavittRankEquivalence.lean (want a working-tree path or a <rev>:<path> pin)
ERROR: research/property-t-free-st20-collapse-transfers-to-el12.md: artifact not found: GroupApproximation/Sofic/FullRadicalClosureProperties.lean (want a working-tree path or a <rev>:<path> pin)
ERROR: research/property-t-free-st20-collapse-transfers-to-el12.md: artifact not found: non_mf_groups_exist.tex (want a working-tree path or a <rev>:<path> pin)
ERROR: research/property-tt-mod-t-rigidity-for-elementary-groups-proof.md: artifact not found: GroupApproximation/PropertyTT/PaperStatements.lean (want a working-tree path or a <rev>:<path> pin)
ERROR: research/property-tt-mod-t-rigidity-for-elementary-groups-proof.md: artifact not found: GroupApproximation/PropertyTT/FiniteTypeLeavittTT.lean (want a working-tree path or a <rev>:<path> pin)
ERROR: research/property-tt-mod-t-rigidity-for-elementary-groups-proof.md: artifact not found: GroupApproximation/PropertyTT/FiniteTypeRankFourRelativeTT.lean (want a working-tree path or a <rev>:<path> pin)
ERROR: research/property-tt-mod-t-rigidity-for-elementary-groups.md: artifact not found: GroupApproximation/PropertyTT/PaperStatements.lean (want a working-tree path or a <rev>:<path> pin)
ERROR: research/property-tt-mod-t-rigidity-for-elementary-groups.md: artifact not found: GroupApproximation/PropertyTT/FiniteTypeLeavittTT.lean (want a working-tree path or a <rev>:<path> pin)
ERROR: research/proposed-twisted-clifford-substitution-endomorphism-audit-proof.md: artifact not found: experiments/renormalization_transport_audit.py (want a working-tree path or a <rev>:<path> pin)
ERROR: research/proposed-twisted-clifford-substitution-needs-endomorphism-audit.md: artifact not found: experiments/renormalization_transport_audit.py (want a working-tree path or a <rev>:<path> pin)
ERROR: research/puncture-triples-defeat-partition-coarsening-proof.md: artifact not found: experiments/puncture-triples-2026-09-17/check_puncture_triples.py (want a working-tree path or a <rev>:<path> pin)
ERROR: research/puncture-triples-defeat-partition-coarsening.md: artifact not found: experiments/puncture-triples-2026-09-17/check_puncture_triples.py (want a working-tree path or a <rev>:<path> pin)
ERROR: research/pure-mf-conventions-imply-sofic-proof.md: artifact not found: GroupApproximation/Sofic/MFRepresentationVariants.lean (want a working-tree path or a <rev>:<path> pin)
ERROR: research/purely-infinite-all-rank-mf-quotient-proof.md: artifact not found: GroupApproximation/Manuscript/OneSidedMFRadical/MFQuotientUnitsPeirce.lean (want a working-tree path or a <rev>:<path> pin)
ERROR: research/purely-infinite-all-rank-mf-quotient-proof.md: artifact not found: GroupApproximation/Manuscript/OneSidedMFRadical/MFQuotientUnitsReductionProof.lean (want a working-tree path or a <rev>:<path> pin)
ERROR: research/purely-infinite-all-rank-mf-quotient-proof.md: artifact not found: GroupApproximation/Manuscript/OneSidedMFRadical/MFQuotientUnitsMatrixReduction.lean (want a working-tree path or a <rev>:<path> pin)
ERROR: research/purely-infinite-all-rank-mf-quotient-proof.md: artifact not found: GroupApproximation/Algebra/PurelyInfiniteSimpleMatrix.lean (want a working-tree path or a <rev>:<path> pin)
ERROR: research/purely-infinite-all-rank-mf-quotient.md: artifact not found: GroupApproximation/Manuscript/OneSidedMFRadical/MFQuotientUnitsMatrixReduction.lean (want a working-tree path or a <rev>:<path> pin)
ERROR: research/purely-infinite-all-rank-mf-quotient.md: artifact not found: GroupApproximation/Manuscript/OneSidedMFRadical/MFQuotientUnitsPeirce.lean (want a working-tree path or a <rev>:<path> pin)
ERROR: research/purely-infinite-all-rank-mf-quotient.md: artifact not found: GroupApproximation/Manuscript/OneSidedMFRadical/MFQuotientUnitsReductionProof.lean (want a working-tree path or a <rev>:<path> pin)
ERROR: research/purely-infinite-all-rank-mf-quotient.md: artifact not found: GroupApproximation/Manuscript/OneSidedMFRadical/MFQuotientUnitsStepOne.lean (want a working-tree path or a <rev>:<path> pin)
ERROR: research/purely-infinite-canonical-k1-all-ranks.md: artifact not found: GroupApproximation/Manuscript/OneSidedMFRadical/KappaFiniteWitness.lean (want a working-tree path or a <rev>:<path> pin)
ERROR: research/purely-infinite-canonical-k1-all-ranks.md: artifact not found: GroupApproximation/Manuscript/OneSidedMFRadical/MFQuotientUnitsKappaProof.lean (want a working-tree path or a <rev>:<path> pin)
ERROR: research/purely-infinite-canonical-k1-all-ranks.md: artifact not found: GroupApproximation/Manuscript/OneSidedMFRadical/MFQuotientCanonicalKOne.lean (want a working-tree path or a <rev>:<path> pin)
ERROR: research/purely-infinite-canonical-k1-proof.md: artifact not found: GroupApproximation/Manuscript/OneSidedMFRadical/KappaFiniteWitness.lean (want a working-tree path or a <rev>:<path> pin)
ERROR: research/purely-infinite-canonical-k1-proof.md: artifact not found: GroupApproximation/Manuscript/OneSidedMFRadical/MFQuotientUnitsKappaProof.lean (want a working-tree path or a <rev>:<path> pin)
ERROR: research/purely-infinite-canonical-k1-proof.md: artifact not found: GroupApproximation/Manuscript/OneSidedMFRadical/MFQuotientCanonicalKOne.lean (want a working-tree path or a <rev>:<path> pin)
ERROR: research/purely-infinite-k1-from-all-rank-mf-quotient.md: artifact not found: GroupApproximation/Manuscript/OneSidedMFRadical/MFQuotientUnitsKappaProof.lean (want a working-tree path or a <rev>:<path> pin)
ERROR: research/purely-infinite-k1-from-all-rank-mf-quotient.md: artifact not found: GroupApproximation/Manuscript/OneSidedMFRadical/MFQuotientCanonicalKOne.lean (want a working-tree path or a <rev>:<path> pin)
ERROR: research/purely-infinite-k1-from-canonical-proof.md: artifact not found: GroupApproximation/Manuscript/OneSidedMFRadical/MFQuotientUnitsKappaProof.lean (want a working-tree path or a <rev>:<path> pin)
ERROR: research/purely-infinite-k1-from-canonical-proof.md: artifact not found: GroupApproximation/Manuscript/OneSidedMFRadical/MFQuotientCanonicalKOne.lean (want a working-tree path or a <rev>:<path> pin)
ERROR: research/purely-infinite-matrix-mf-quotient-proof.md: artifact not found: GroupApproximation/Manuscript/OneSidedMFRadical/MFQuotientMatrices.lean (want a working-tree path or a <rev>:<path> pin)
ERROR: research/purely-infinite-matrix-mf-quotient-proof.md: artifact not found: GroupApproximation/KOne/RankNElimination.lean (want a working-tree path or a <rev>:<path> pin)
ERROR: research/purely-infinite-matrix-mf-quotient-proof.md: artifact not found: GroupApproximation/KOne/BlockWhitehead.lean (want a working-tree path or a <rev>:<path> pin)
ERROR: research/purely-infinite-matrix-mf-quotient-proof.md: artifact not found: GroupApproximation/KOne/UnstableKOneAbelian.lean (want a working-tree path or a <rev>:<path> pin)
ERROR: research/purely-infinite-matrix-mf-quotient-proof.md: artifact not found: GroupApproximation/Algebra/PurelyInfiniteSandwich.lean (want a working-tree path or a <rev>:<path> pin)
ERROR: research/purely-infinite-matrix-mf-quotient-proof.md: artifact not found: GroupApproximation/Algebra/PurelyInfiniteWholeRingCornerUnits.lean (want a working-tree path or a <rev>:<path> pin)
ERROR: research/purely-infinite-matrix-mf-quotient-proof.md: artifact not found: GroupApproximation/Algebra/FinitelyGeneratedAbelianResiduallyFinite.lean (want a working-tree path or a <rev>:<path> pin)
ERROR: research/purely-infinite-matrix-mf-quotient.md: artifact not found: GroupApproximation/Manuscript/OneSidedMFRadical/MFQuotientMatrices.lean (want a working-tree path or a <rev>:<path> pin)
ERROR: research/purely-infinite-unit-group-max-mf-quotient-is-k1.md: artifact not found: GroupApproximation/Manuscript/OneSidedMFRadical/MFQuotientUnitsKappaProof.lean (want a working-tree path or a <rev>:<path> pin)
ERROR: research/purely-infinite-unit-group-max-mf-quotient-is-k1.md: artifact not found: GroupApproximation/Manuscript/OneSidedMFRadical/MFQuotientCanonicalKOne.lean (want a working-tree path or a <rev>:<path> pin)
ERROR: research/purely-infinite-unit-group-max-mf-quotient-is-k1.md: artifact not found: non_mf_groups_exist.tex (want a working-tree path or a <rev>:<path> pin)
ERROR: research/pushforward-limit-kernel-is-the-union-of-stage-kernels-proof.md: artifact not found: GroupApproximation/Algebra/AbelianLampPushforward.lean (want a working-tree path or a <rev>:<path> pin)
ERROR: research/pushforward-limit-kernel-is-the-union-of-stage-kernels-proof.md: artifact not found: GroupApproximation/Algebra/AbelianLampTelescopeKernel.lean (want a working-tree path or a <rev>:<path> pin)
ERROR: research/pushforward-limit-kernel-is-the-union-of-stage-kernels.md: artifact not found: GroupApproximation/Algebra/AbelianLampPushforward.lean (want a working-tree path or a <rev>:<path> pin)
ERROR: research/pushforward-limit-kernel-is-the-union-of-stage-kernels.md: artifact not found: GroupApproximation/Algebra/AbelianLampTelescopeKernel.lean (want a working-tree path or a <rev>:<path> pin)
ERROR: research/q2-a2-tilde-triangle-groups-are-not-left-orderable-proof.md: artifact not found: experiments/a2-triangle-left-orders-2026-09-17/enum_q2.py (want a working-tree path or a <rev>:<path> pin)
ERROR: research/q2-a2-tilde-triangle-groups-are-not-left-orderable-proof.md: artifact not found: experiments/a2-triangle-left-orders-2026-09-17/q2_presentations.json (want a working-tree path or a <rev>:<path> pin)
ERROR: research/q2-a2-tilde-triangle-groups-are-not-left-orderable-proof.md: artifact not found: experiments/a2-triangle-left-orders-2026-09-17/q2_classes.out (want a working-tree path or a <rev>:<path> pin)
ERROR: research/q2-a2-tilde-triangle-groups-are-not-left-orderable-proof.md: artifact not found: experiments/a2-triangle-left-orders-2026-09-17/color1.py (want a working-tree path or a <rev>:<path> pin)
ERROR: research/q2-a2-tilde-triangle-groups-are-not-left-orderable-proof.md: artifact not found: experiments/a2-triangle-left-orders-2026-09-17/kb.py (want a working-tree path or a <rev>:<path> pin)
ERROR: research/q2-a2-tilde-triangle-groups-are-not-left-orderable-proof.md: artifact not found: experiments/a2-triangle-left-orders-2026-09-17/lo_sat.py (want a working-tree path or a <rev>:<path> pin)
ERROR: research/q2-a2-tilde-triangle-groups-are-not-left-orderable-proof.md: artifact not found: experiments/a2-triangle-left-orders-2026-09-17/calib.py (want a working-tree path or a <rev>:<path> pin)
ERROR: research/q2-a2-tilde-triangle-groups-are-not-left-orderable-proof.md: artifact not found: experiments/a2-triangle-left-orders-2026-09-17/lo_sat_q2.out (want a working-tree path or a <rev>:<path> pin)
ERROR: research/q2-a2-tilde-triangle-groups-are-not-left-orderable-proof.md: artifact not found: experiments/a2-triangle-left-orders-2026-09-17/lowidx7.g (want a working-tree path or a <rev>:<path> pin)
ERROR: research/q2-a2-tilde-triangle-groups-are-not-left-orderable-proof.md: artifact not found: experiments/a2-triangle-left-orders-2026-09-17/quotients7.txt (want a working-tree path or a <rev>:<path> pin)
ERROR: research/q2-a2-tilde-triangle-groups-are-not-left-orderable-proof.md: artifact not found: experiments/a2-triangle-left-orders-2026-09-17/quotients7.json (want a working-tree path or a <rev>:<path> pin)
ERROR: research/q2-a2-tilde-triangle-groups-are-not-left-orderable-proof.md: artifact not found: experiments/a2-triangle-left-orders-2026-09-17/lo_sat_sub.py (want a working-tree path or a <rev>:<path> pin)
ERROR: research/q2-a2-tilde-triangle-groups-are-not-left-orderable-proof.md: artifact not found: experiments/a2-triangle-left-orders-2026-09-17/sub_r3.out (want a working-tree path or a <rev>:<path> pin)
ERROR: research/q2-a2-tilde-triangle-groups-are-not-left-orderable-proof.md: artifact not found: experiments/a2-triangle-left-orders-2026-09-17/sub_r4.py (want a working-tree path or a <rev>:<path> pin)
ERROR: research/q2-a2-tilde-triangle-groups-are-not-left-orderable-proof.md: artifact not found: experiments/a2-triangle-left-orders-2026-09-17/sub_r4.out (want a working-tree path or a <rev>:<path> pin)
ERROR: research/q2-a2-tilde-triangle-groups-are-not-left-orderable-proof.md: artifact not found: experiments/a2-triangle-left-orders-2026-09-17/cyclic_tp.py (want a working-tree path or a <rev>:<path> pin)
ERROR: research/quadrangle-closed-patterns-do-not-force-domination-proof.md: artifact not found: experiments/quadrangle-firewall-2026-09-17/verify_rotation_gadget.py (want a working-tree path or a <rev>:<path> pin)
ERROR: research/quadrangle-closed-patterns-do-not-force-domination-proof.md: artifact not found: experiments/quadrangle-firewall-2026-09-17/verify_rotation_gadget.json (want a working-tree path or a <rev>:<path> pin)
ERROR: research/quadrangle-closed-patterns-do-not-force-domination.md: artifact not found: experiments/quadrangle-firewall-2026-09-17/verify_rotation_gadget.py (want a working-tree path or a <rev>:<path> pin)
ERROR: research/quadrangle-closed-patterns-do-not-force-domination.md: artifact not found: experiments/quadrangle-firewall-2026-09-17/verify_rotation_gadget.json (want a working-tree path or a <rev>:<path> pin)
ERROR: research/quadrangle-closure-kills-shared-pointer-parity-gadgets-proof.md: artifact not found: experiments/cancellative-firewall-2026-09-17/verify_gadget.py (want a working-tree path or a <rev>:<path> pin)
ERROR: research/quadrangle-closure-kills-shared-pointer-parity-gadgets-proof.md: artifact not found: experiments/cancellative-firewall-2026-09-17/verify_gadget.json (want a working-tree path or a <rev>:<path> pin)
ERROR: research/quadrangle-closure-kills-shared-pointer-parity-gadgets.md: artifact not found: experiments/cancellative-firewall-2026-09-17/verify_gadget.py (want a working-tree path or a <rev>:<path> pin)
ERROR: research/quadrangle-closure-kills-shared-pointer-parity-gadgets.md: artifact not found: experiments/cancellative-firewall-2026-09-17/verify_gadget.json (want a working-tree path or a <rev>:<path> pin)
WARNING: research/quantum-rigidity-passes-to-sub-sfts-proof.md: prerequisite sft-crossed-product-fp-iff-quantum-rigid reads like a restatement of target quantum-rigidity-passes-to-sub-sfts; if the route only renames the problem, replace the prerequisite with one that can independently fail
ERROR: research/quantum-surjunctivity-conjecture.md: artifact not found: experiments/quantum-surjunctivity-2026-09-17/clifford_star_f2.py (want a working-tree path or a <rev>:<path> pin)
ERROR: research/quantum-surjunctivity-conjecture.md: artifact not found: experiments/quantum-surjunctivity-2026-09-17/clifford_star_f2-output.txt (want a working-tree path or a <rev>:<path> pin)
ERROR: research/qubit-pairs-have-half-gap-and-unbounded-rounder-cost-proof.md: artifact not found: scripts/check_qpcp_rounding.py (want a working-tree path or a <rev>:<path> pin)
ERROR: research/qubit-pairs-have-half-gap-and-unbounded-rounder-cost.md: artifact not found: scripts/check_qpcp_rounding.py (want a working-tree path or a <rev>:<path> pin)
ERROR: research/qudit-code-rounding-factor-one-plus-inv-sqrt-d-proof.md: artifact not found: experiments/qudit-stabilizer-rounding-constant-2026-09-17/README.md (want a working-tree path or a <rev>:<path> pin)
ERROR: research/qudit-code-rounding-factor-one-plus-inv-sqrt-d.md: artifact not found: experiments/qudit-stabilizer-rounding-constant-2026-09-17/README.md (want a working-tree path or a <rev>:<path> pin)
ERROR: research/qudit-code-rounding-sharp-factor-all-primes-proof.md: artifact not found: experiments/qudit-code-rounding-symmetric-averaging-2026-09-17/README.md (want a working-tree path or a <rev>:<path> pin)
ERROR: research/qudit-code-rounding-sharp-factor-all-primes.md: artifact not found: experiments/qudit-code-rounding-symmetric-averaging-2026-09-17/README.md (want a working-tree path or a <rev>:<path> pin)
ERROR: research/qudit-weyl-rounding-constant-linear-upper-bound-proof.md: artifact not found: experiments/qudit-stabilizer-rounding-constant-2026-09-17/README.md (want a working-tree path or a <rev>:<path> pin)
ERROR: research/qudit-weyl-rounding-constant-linear-upper-bound.md: artifact not found: experiments/qudit-stabilizer-rounding-constant-2026-09-17/README.md (want a working-tree path or a <rev>:<path> pin)
ERROR: research/qudit-weyl-rounding-constant-triangular-harper-bound-proof.md: artifact not found: experiments/qudit-weyl-rounding-triangular-harper-2026-09-17/README.md (want a working-tree path or a <rev>:<path> pin)
ERROR: research/qudit-weyl-rounding-constant-triangular-harper-bound.md: artifact not found: experiments/qudit-weyl-rounding-triangular-harper-2026-09-17/README.md (want a working-tree path or a <rev>:<path> pin)
ERROR: research/qudit-weyl-rounding-sharp-constant.md: artifact not found: experiments/qudit-stabilizer-rounding-constant-2026-09-17/README.md (want a working-tree path or a <rev>:<path> pin)
ERROR: research/radical-automorphization-proof.md: artifact not found: GroupApproximation/Sofic/RadicalAutomorphization.lean (want a working-tree path or a <rev>:<path> pin)
ERROR: research/radical-automorphization-proof.md: artifact not found: GroupApproximation/Sofic/UniversalFactorization.lean (want a working-tree path or a <rev>:<path> pin)
ERROR: research/radical-automorphization.md: artifact not found: GroupApproximation/Sofic/RadicalAutomorphization.lean (want a working-tree path or a <rev>:<path> pin)
ERROR: research/radical-automorphization.md: artifact not found: GroupApproximation/Sofic/UniversalFactorization.lean (want a working-tree path or a <rev>:<path> pin)
ERROR: research/radical-collision-criterion-proof.md: artifact not found: GroupApproximation/Sofic/HyperlinearResidualDetector.lean (want a working-tree path or a <rev>:<path> pin)
ERROR: research/radical-collision-criterion-proof.md: artifact not found: GroupApproximation/Sofic/RadicalSeparation.lean (want a working-tree path or a <rev>:<path> pin)
ERROR: research/radical-collision-criterion.md: artifact not found: GroupApproximation/Sofic/HyperlinearResidualDetector.lean (want a working-tree path or a <rev>:<path> pin)
ERROR: research/radical-collision-criterion.md: artifact not found: GroupApproximation/Sofic/RadicalSeparation.lean (want a working-tree path or a <rev>:<path> pin)
ERROR: research/radical-collision-criterion.md: artifact not found: notes/TRUE_LITERAL_NONMF_MARK_IS_CE_VISIBLE.md (want a working-tree path or a <rev>:<path> pin)
ERROR: research/radical-collision-reformulation-proof.md: artifact not found: GroupApproximation/Sofic/RadicalSeparation.lean (want a working-tree path or a <rev>:<path> pin)
ERROR: research/radical-collision-route.md: artifact not found: notes/TRUE_LITERAL_NONMF_MARK_IS_CE_VISIBLE.md (want a working-tree path or a <rev>:<path> pin)
ERROR: research/radical-collision-route.md: artifact not found: GroupApproximation/Sofic/HyperlinearResidualDetector.lean (want a working-tree path or a <rev>:<path> pin)
ERROR: research/radical-intrinsic-triviality-proof.md: artifact not found: GroupApproximation/Algebra/PermutationalWreath.lean (want a working-tree path or a <rev>:<path> pin)
ERROR: research/radu-mark-is-bounded-by-every-vertical-elliptic-element-proof.md: artifact not found: experiments/titz-witzel-kernel-sofic-2026-09-16/elliptic_support_check.py (want a working-tree path or a <rev>:<path> pin)
ERROR: research/radu-mark-is-bounded-by-every-vertical-elliptic-element-proof.md: artifact not found: experiments/titz-witzel-kernel-sofic-2026-09-16/elliptic_support_check_output.txt (want a working-tree path or a <rev>:<path> pin)
ERROR: research/radu-mark-is-bounded-by-every-vertical-elliptic-element.md: artifact not found: experiments/titz-witzel-kernel-sofic-2026-09-16/elliptic_support_check.py (want a working-tree path or a <rev>:<path> pin)
ERROR: research/radu-mark-is-bounded-by-every-vertical-elliptic-element.md: artifact not found: experiments/titz-witzel-kernel-sofic-2026-09-16/elliptic_support_check_output.txt (want a working-tree path or a <rev>:<path> pin)
ERROR: research/radu-simple-six-six-lattices-are-not-left-orderable-proof.md: artifact not found: experiments/lo-certificate-radu-lattices-2026-09-17/verify_certificate.py (want a working-tree path or a <rev>:<path> pin)
ERROR: research/radu-simple-six-six-lattices-are-not-left-orderable-proof.md: artifact not found: experiments/lo-certificate-radu-lattices-2026-09-17/derived_check.py (want a working-tree path or a <rev>:<path> pin)
ERROR: research/radu-simple-six-six-lattices-are-not-left-orderable-proof.md: artifact not found: experiments/lo-certificate-radu-lattices-2026-09-17/certificate-gamma44-derived-L6.txt (want a working-tree path or a <rev>:<path> pin)
ERROR: research/radu-simple-six-six-lattices-are-not-left-orderable-proof.md: artifact not found: experiments/lo-certificate-radu-lattices-2026-09-17/ab_search.py (want a working-tree path or a <rev>:<path> pin)
ERROR: research/radu-simple-six-six-lattices-are-not-left-orderable-proof.md: artifact not found: experiments/lo-certificate-radu-lattices-2026-09-17/bmw.py (want a working-tree path or a <rev>:<path> pin)
ERROR: research/radu-simple-six-six-lattices-are-not-left-orderable-proof.md: artifact not found: experiments/lo-certificate-radu-lattices-2026-09-17/run.log (want a working-tree path or a <rev>:<path> pin)
ERROR: research/radu-simple-six-six-lattices-are-not-left-orderable.md: artifact not found: experiments/lo-certificate-radu-lattices-2026-09-17/README.md (want a working-tree path or a <rev>:<path> pin)
ERROR: research/radu-simple-six-six-lattices-are-not-left-orderable.md: artifact not found: experiments/lo-certificate-radu-lattices-2026-09-17/bmw.py (want a working-tree path or a <rev>:<path> pin)
ERROR: research/radu-simple-six-six-lattices-are-not-left-orderable.md: artifact not found: experiments/lo-certificate-radu-lattices-2026-09-17/lo_sat.py (want a working-tree path or a <rev>:<path> pin)
ERROR: research/radu-simple-six-six-lattices-are-not-left-orderable.md: artifact not found: experiments/lo-certificate-radu-lattices-2026-09-17/lo_search.py (want a working-tree path or a <rev>:<path> pin)
ERROR: research/radu-simple-six-six-lattices-are-not-left-orderable.md: artifact not found: experiments/lo-certificate-radu-lattices-2026-09-17/ab_search.py (want a working-tree path or a <rev>:<path> pin)
ERROR: research/radu-simple-six-six-lattices-are-not-left-orderable.md: artifact not found: experiments/lo-certificate-radu-lattices-2026-09-17/verify_certificate.py (want a working-tree path or a <rev>:<path> pin)
ERROR: research/radu-simple-six-six-lattices-are-not-left-orderable.md: artifact not found: experiments/lo-certificate-radu-lattices-2026-09-17/derived_check.py (want a working-tree path or a <rev>:<path> pin)
ERROR: research/radu-simple-six-six-lattices-are-not-left-orderable.md: artifact not found: experiments/lo-certificate-radu-lattices-2026-09-17/certificate-gamma44-derived-L6.txt (want a working-tree path or a <rev>:<path> pin)
ERROR: research/radu-simple-six-six-lattices-are-not-left-orderable.md: artifact not found: experiments/lo-certificate-radu-lattices-2026-09-17/certificate-gamma44-kernel-L6.txt (want a working-tree path or a <rev>:<path> pin)
ERROR: research/radu-simple-six-six-lattices-are-not-left-orderable.md: artifact not found: experiments/lo-certificate-radu-lattices-2026-09-17/certificate-gamma662-kernel-L4.txt (want a working-tree path or a <rev>:<path> pin)
ERROR: research/radu-simple-six-six-lattices-are-not-left-orderable.md: artifact not found: experiments/lo-certificate-radu-lattices-2026-09-17/run.log (want a working-tree path or a <rev>:<path> pin)
ERROR: research/radu-six-four-n-simple-lattices-are-not-left-orderable-proof.md: artifact not found: experiments/lo-certificate-radu-six-four-n-2026-09-17/fig64n.py (want a working-tree path or a <rev>:<path> pin)
ERROR: research/radu-six-four-n-simple-lattices-are-not-left-orderable-proof.md: artifact not found: experiments/lo-certificate-radu-six-four-n-2026-09-17/xcheck64n.py (want a working-tree path or a <rev>:<path> pin)
ERROR: research/radu-six-four-n-simple-lattices-are-not-left-orderable-proof.md: artifact not found: experiments/lo-certificate-radu-six-four-n-2026-09-17/g64n.py (want a working-tree path or a <rev>:<path> pin)
ERROR: research/radu-six-four-n-simple-lattices-are-not-left-orderable-proof.md: artifact not found: experiments/lo-certificate-radu-six-four-n-2026-09-17/mkelim.py (want a working-tree path or a <rev>:<path> pin)
ERROR: research/radu-six-four-n-simple-lattices-are-not-left-orderable-proof.md: artifact not found: experiments/lo-certificate-radu-six-four-n-2026-09-17/mkwin.py (want a working-tree path or a <rev>:<path> pin)
ERROR: research/radu-six-four-n-simple-lattices-are-not-left-orderable-proof.md: artifact not found: experiments/lo-certificate-radu-six-four-n-2026-09-17/verwin.py (want a working-tree path or a <rev>:<path> pin)
ERROR: research/radu-six-four-n-simple-lattices-are-not-left-orderable-proof.md: artifact not found: experiments/lo-certificate-radu-six-four-n-2026-09-17/mktc.py (want a working-tree path or a <rev>:<path> pin)
ERROR: research/radu-six-four-n-simple-lattices-are-not-left-orderable-proof.md: artifact not found: experiments/lo-certificate-radu-six-four-n-2026-09-17/relators-64n.txt (want a working-tree path or a <rev>:<path> pin)
ERROR: research/radu-six-four-n-simple-lattices-are-not-left-orderable-proof.md: artifact not found: experiments/lo-certificate-radu-six-four-n-2026-09-17/run.log (want a working-tree path or a <rev>:<path> pin)
ERROR: research/radu-six-four-n-simple-lattices-are-not-left-orderable.md: artifact not found: experiments/lo-certificate-radu-six-four-n-2026-09-17/README.md (want a working-tree path or a <rev>:<path> pin)
ERROR: research/radu-six-four-n-simple-lattices-are-not-left-orderable.md: artifact not found: experiments/lo-certificate-radu-six-four-n-2026-09-17/fig64n.py (want a working-tree path or a <rev>:<path> pin)
ERROR: research/radu-six-four-n-simple-lattices-are-not-left-orderable.md: artifact not found: experiments/lo-certificate-radu-six-four-n-2026-09-17/g64n.py (want a working-tree path or a <rev>:<path> pin)
ERROR: research/radu-six-four-n-simple-lattices-are-not-left-orderable.md: artifact not found: experiments/lo-certificate-radu-six-four-n-2026-09-17/xcheck64n.py (want a working-tree path or a <rev>:<path> pin)
ERROR: research/radu-six-four-n-simple-lattices-are-not-left-orderable.md: artifact not found: experiments/lo-certificate-radu-six-four-n-2026-09-17/bmw.py (want a working-tree path or a <rev>:<path> pin)
ERROR: research/radu-six-four-n-simple-lattices-are-not-left-orderable.md: artifact not found: experiments/lo-certificate-radu-six-four-n-2026-09-17/mktc.py (want a working-tree path or a <rev>:<path> pin)
ERROR: research/radu-six-four-n-simple-lattices-are-not-left-orderable.md: artifact not found: experiments/lo-certificate-radu-six-four-n-2026-09-17/mkperf.py (want a working-tree path or a <rev>:<path> pin)
ERROR: research/radu-six-four-n-simple-lattices-are-not-left-orderable.md: artifact not found: experiments/lo-certificate-radu-six-four-n-2026-09-17/mkelim.py (want a working-tree path or a <rev>:<path> pin)
ERROR: research/radu-six-four-n-simple-lattices-are-not-left-orderable.md: artifact not found: experiments/lo-certificate-radu-six-four-n-2026-09-17/mkwin.py (want a working-tree path or a <rev>:<path> pin)
ERROR: research/radu-six-four-n-simple-lattices-are-not-left-orderable.md: artifact not found: experiments/lo-certificate-radu-six-four-n-2026-09-17/verwin.py (want a working-tree path or a <rev>:<path> pin)
ERROR: research/radu-six-four-n-simple-lattices-are-not-left-orderable.md: artifact not found: experiments/lo-certificate-radu-six-four-n-2026-09-17/relators-64n.txt (want a working-tree path or a <rev>:<path> pin)
ERROR: research/radu-six-four-n-simple-lattices-are-not-left-orderable.md: artifact not found: experiments/lo-certificate-radu-six-four-n-2026-09-17/run.log (want a working-tree path or a <rev>:<path> pin)
ERROR: research/random-complex-stability-via-a3-cone.md: artifact not found: notes/TRUE_A3_METRIC_CONE_SYNCHRONIZATION.md (want a working-tree path or a <rev>:<path> pin)
ERROR: research/range-cover-deficit-certifies-no-finite-syndrome-cost.md: artifact not found: scripts/check_qpcp_chain_obstruction.py (want a working-tree path or a <rev>:<path> pin)
ERROR: research/rank-one-no-signaling-pairing-floor.md: artifact not found: notes/FALSE_NONSIGNALING_PAIRED_QUOTIENT_SHORTCUT.md (want a working-tree path or a <rev>:<path> pin)
ERROR: research/rank-one-no-signaling-pairing-floor.md: artifact not found: notes/TRUE_ROBUST_PAIRED_QUOTIENT_HAMMING_FLOOR.md (want a working-tree path or a <rev>:<path> pin)
ERROR: research/rank-twelve-leavitt-group-lacks-factorization-property-proof.md: artifact not found: GroupApproximation/Manuscript/NinetyNineProblems/FactorizationProperty.lean (want a working-tree path or a <rev>:<path> pin)
ERROR: research/rank-twelve-leavitt-group-lacks-factorization-property.md: artifact not found: GroupApproximation/Manuscript/NinetyNineProblems/KazhdanQuasidiagonalTraces.lean (want a working-tree path or a <rev>:<path> pin)
ERROR: research/rank-twelve-leavitt-group-lacks-factorization-property.md: artifact not found: GroupApproximation/Manuscript/NinetyNineProblems/FactorizationProperty.lean (want a working-tree path or a <rev>:<path> pin)
ERROR: research/rank-twelve-leavitt-simple-non-mf.md: artifact not found: non_mf_groups_exist.tex (want a working-tree path or a <rev>:<path> pin)
ERROR: research/rational-cayley-hs-word-refutation-proof.md: artifact not found: experiments/hs_word_certificate.py (want a working-tree path or a <rev>:<path> pin)
ERROR: research/rational-supercritical-branch-certificate.md: artifact not found: experiments/branching_pf_certificate.py (want a working-tree path or a <rev>:<path> pin)
ERROR: research/rattaggi-simple-lattices-are-not-left-orderable-proof.md: artifact not found: experiments/lo-certificate-tree-lattices-2026-09-17/verify_certificate.py (want a working-tree path or a <rev>:<path> pin)
ERROR: research/rattaggi-simple-lattices-are-not-left-orderable-proof.md: artifact not found: experiments/lo-certificate-tree-lattices-2026-09-17/certificate-incoherent-kernel-L4.txt (want a working-tree path or a <rev>:<path> pin)
ERROR: research/rattaggi-simple-lattices-are-not-left-orderable-proof.md: artifact not found: experiments/lo-certificate-tree-lattices-2026-09-17/certificate-sigma-kernel-L4.txt (want a working-tree path or a <rev>:<path> pin)
ERROR: research/rattaggi-simple-lattices-are-not-left-orderable-proof.md: artifact not found: experiments/lo-certificate-tree-lattices-2026-09-17/certificate-a6-kernel-L6.txt (want a working-tree path or a <rev>:<path> pin)
ERROR: research/rattaggi-simple-lattices-are-not-left-orderable-proof.md: artifact not found: experiments/lo-certificate-tree-lattices-2026-09-17/lo_search.py (want a working-tree path or a <rev>:<path> pin)
ERROR: research/rattaggi-simple-lattices-are-not-left-orderable-proof.md: artifact not found: experiments/lo-certificate-tree-lattices-2026-09-17/bmw.py (want a working-tree path or a <rev>:<path> pin)
ERROR: research/rattaggi-simple-lattices-are-not-left-orderable-proof.md: artifact not found: experiments/lo-certificate-tree-lattices-2026-09-17/README.md (want a working-tree path or a <rev>:<path> pin)
ERROR: research/rattaggi-simple-lattices-are-not-left-orderable.md: artifact not found: experiments/lo-certificate-tree-lattices-2026-09-17/bmw.py (want a working-tree path or a <rev>:<path> pin)
ERROR: research/rattaggi-simple-lattices-are-not-left-orderable.md: artifact not found: experiments/lo-certificate-tree-lattices-2026-09-17/test_bmw.py (want a working-tree path or a <rev>:<path> pin)
ERROR: research/rattaggi-simple-lattices-are-not-left-orderable.md: artifact not found: experiments/lo-certificate-tree-lattices-2026-09-17/lo_sat.py (want a working-tree path or a <rev>:<path> pin)
ERROR: research/rattaggi-simple-lattices-are-not-left-orderable.md: artifact not found: experiments/lo-certificate-tree-lattices-2026-09-17/lo_search.py (want a working-tree path or a <rev>:<path> pin)
ERROR: research/rattaggi-simple-lattices-are-not-left-orderable.md: artifact not found: experiments/lo-certificate-tree-lattices-2026-09-17/calib_promislow.py (want a working-tree path or a <rev>:<path> pin)
ERROR: research/rattaggi-simple-lattices-are-not-left-orderable.md: artifact not found: experiments/lo-certificate-tree-lattices-2026-09-17/verify_certificate.py (want a working-tree path or a <rev>:<path> pin)
ERROR: research/rattaggi-simple-lattices-are-not-left-orderable.md: artifact not found: experiments/lo-certificate-tree-lattices-2026-09-17/certificate-incoherent-kernel-L4.txt (want a working-tree path or a <rev>:<path> pin)
ERROR: research/rattaggi-simple-lattices-are-not-left-orderable.md: artifact not found: experiments/lo-certificate-tree-lattices-2026-09-17/certificate-sigma-kernel-L4.txt (want a working-tree path or a <rev>:<path> pin)
ERROR: research/rattaggi-simple-lattices-are-not-left-orderable.md: artifact not found: experiments/lo-certificate-tree-lattices-2026-09-17/run-L4-kernel.log (want a working-tree path or a <rev>:<path> pin)
ERROR: research/rattaggi-simple-lattices-are-not-left-orderable.md: artifact not found: experiments/lo-certificate-tree-lattices-2026-09-17/certificate-a6-kernel-L6.txt (want a working-tree path or a <rev>:<path> pin)
ERROR: research/rattaggi-simple-lattices-are-not-left-orderable.md: artifact not found: experiments/lo-certificate-tree-lattices-2026-09-17/run-a6-L6-kernel.log (want a working-tree path or a <rev>:<path> pin)
ERROR: research/rattaggi-simple-lattices-are-not-left-orderable.md: artifact not found: experiments/lo-certificate-tree-lattices-2026-09-17/README.md (want a working-tree path or a <rev>:<path> pin)
ERROR: research/raw-prefix-covariance-reduces-to-nonincidence-cap-commutators.md: artifact not found: experiments/or3_cycle_raw_prefix_covariance.py (want a working-tree path or a <rev>:<path> pin)
ERROR: research/raw-swap-forces-s3-reynolds-deficit-one-over-320.md: artifact not found: notes/TRUE_RAW_WORD_REYNOLDS_GAP.md (want a working-tree path or a <rev>:<path> pin)
ERROR: research/raw-swap-forces-two-s3-covariance-energy.md: artifact not found: experiments/atlas-raw-compressor-source-words.json (want a working-tree path or a <rev>:<path> pin)
ERROR: research/raw-swap-forces-two-s3-covariance-energy.md: artifact not found: experiments/atlas_raw_reynolds_gap_audit.py (want a working-tree path or a <rev>:<path> pin)
ERROR: research/raw-swap-forces-two-s3-covariance-energy.md: artifact not found: notes/TRUE_RAW_WORD_REYNOLDS_GAP.md (want a working-tree path or a <rev>:<path> pin)
ERROR: research/ray-injectivity-proof.md: artifact not found: GroupApproximation/Criterion/ExactCompression.lean (want a working-tree path or a <rev>:<path> pin)
ERROR: research/rectangular-escape-proof.md: artifact not found: notes/FALSE_EQUIVARIANT_WHOLE_MAPS_ALLOW_RECTANGULAR_ESCAPE.md (want a working-tree path or a <rev>:<path> pin)
ERROR: research/regular-atlas-boundary-tangent-is-h-fixed-proof.md: artifact not found: experiments/atlas_boundary_h_irrep_tangent.py (want a working-tree path or a <rev>:<path> pin)
ERROR: research/regular-atlas-boundary-tangent-is-h-fixed-proof.md: artifact not found: experiments/atlas-boundary-h-irrep-tangent.json (want a working-tree path or a <rev>:<path> pin)
ERROR: research/regular-atlas-boundary-tangent-is-h-fixed-proof.md: artifact not found: experiments/atlas-boundary-h-irrep-greedy.json (want a working-tree path or a <rev>:<path> pin)
ERROR: research/regular-atlas-boundary-tangent-is-h-fixed.md: artifact not found: experiments/atlas_boundary_h_irrep_tangent.py (want a working-tree path or a <rev>:<path> pin)
ERROR: research/regular-atlas-boundary-tangent-is-h-fixed.md: artifact not found: experiments/atlas-boundary-h-irrep-tangent.json (want a working-tree path or a <rev>:<path> pin)
ERROR: research/regular-atlas-boundary-tangent-is-h-fixed.md: artifact not found: experiments/atlas-boundary-h-irrep-greedy.json (want a working-tree path or a <rev>:<path> pin)
ERROR: research/regular-atlas-linearized-h-coercivity.md: artifact not found: experiments/atlas-boundary-h-irrep-greedy.json (want a working-tree path or a <rev>:<path> pin)
ERROR: research/regular-character-mf-trace-implies-group-mf.md: artifact not found: GroupApproximation/Sofic/MFDefinitions.lean (want a working-tree path or a <rev>:<path> pin)
ERROR: research/regular-character-not-mf-trace-proof.md: artifact not found: GroupApproximation/Sofic/LiteralTraceConsequence.lean (want a working-tree path or a <rev>:<path> pin)
ERROR: research/regular-character-not-mf-trace.md: artifact not found: GroupApproximation/Sofic/LiteralTraceConsequence.lean (want a working-tree path or a <rev>:<path> pin)
ERROR: research/regular-character-not-mf-trace.md: artifact not found: GroupApproximation/Sofic/MFTraceRecognition.lean (want a working-tree path or a <rev>:<path> pin)
ERROR: research/regular-clifford-edge-map-has-zero-kernel.md: artifact not found: experiments/s3_affine_clifford_edge_kernel_audit.py (want a working-tree path or a <rev>:<path> pin)
ERROR: research/regular-clifford-edge-map-has-zero-kernel.md: artifact not found: experiments/s3-affine-clifford-edge-kernel.json (want a working-tree path or a <rev>:<path> pin)
ERROR: research/regular-mf-central-hnn-closure-proof.md: artifact not found: notes/REGULAR_MF_BASS_SERRE.md (want a working-tree path or a <rev>:<path> pin)
ERROR: research/regular-mf-central-hnn-closure.md: artifact not found: notes/REGULAR_MF_BASS_SERRE.md (want a working-tree path or a <rev>:<path> pin)
ERROR: research/relative-hull-quotient-with-full-mf-radical.md: artifact not found: non_mf_groups_exist.tex (want a working-tree path or a <rev>:<path> pin)
ERROR: research/relative-rank-one-fanizza-groupification.md: artifact not found: experiments/minimal_rank_one_support_compiler.py (want a working-tree path or a <rev>:<path> pin)
ERROR: research/relative-wall-commutant-growth-proof.md: artifact not found: notes/TRUE_RELATIVE_WALL_IS_COMMUTANT_GROWTH.md (want a working-tree path or a <rev>:<path> pin)
ERROR: research/relative-wall-commutant-growth.md: artifact not found: notes/TRUE_RELATIVE_WALL_IS_COMMUTANT_GROWTH.md (want a working-tree path or a <rev>:<path> pin)
ERROR: research/residual-finiteness-of-enumerated-presentations-is-pi3-complete.md: artifact not found: GroupApproximation/Computability/RFPresentationPi02.lean (want a working-tree path or a <rev>:<path> pin)
ERROR: research/residual-finiteness-of-enumerated-presentations-is-pi3-complete.md: artifact not found: GroupApproximation/Computability/RFRecognitionHierarchy.lean (want a working-tree path or a <rev>:<path> pin)
ERROR: research/residual-finiteness-two-generator-recursive-is-pi3-complete.md: artifact not found: GroupApproximation/Computability/ProfinitelyClosedIndexSet.lean (want a working-tree path or a <rev>:<path> pin)
ERROR: research/retained-sets-keep-component-family-uniform-fields-proof.md: artifact not found: GroupApproximation/KunThom/ComponentFamilyUniformFields.lean (want a working-tree path or a <rev>:<path> pin)
ERROR: research/retained-sets-keep-component-family-uniform-fields.md: artifact not found: GroupApproximation/KunThom/ComponentFamilyUniformFields.lean (want a working-tree path or a <rev>:<path> pin)
ERROR: research/returned-a2-native-arm-orbit-leaves-same-cut-pauli-free.md: artifact not found: non_mf_groups_exist.tex (want a working-tree path or a <rev>:<path> pin)
ERROR: research/returned-a2-native-arm-orbit-leaves-same-cut-pauli-free.md: artifact not found: GroupApproximation/Leavitt/FinitePresentation.lean (want a working-tree path or a <rev>:<path> pin)
ERROR: research/reverse-return-has-native-arm-leavitt-diamond.md: artifact not found: experiments/reverse_return_native_arm_diamond_audit.py (want a working-tree path or a <rev>:<path> pin)
ERROR: research/reversible-automata-that-never-lower-rest-counts-preserve-them.md: artifact not found: experiments/track-deficit-2026-09-17/deficit.py (want a working-tree path or a <rev>:<path> pin)
ERROR: research/rich-2to1-hard-at-completeness-one-half.md: artifact not found: experiments/orientation-lift-2026-09-17/check_orientation_lift.py (want a working-tree path or a <rev>:<path> pin)
ERROR: research/rigidity-route.md: artifact not found: notes/OBSTRUCTIONS.md (want a working-tree path or a <rev>:<path> pin)
ERROR: research/rips-segev-witness-pairs-carry-no-zero-divisors.md: artifact not found: experiments/rips-segev-coefficient-rigidity-2026-09-17/rs_witness_nullspace.py (want a working-tree path or a <rev>:<path> pin)
ERROR: research/rips-segev-witness-pairs-carry-no-zero-divisors.md: artifact not found: experiments/rips-segev-coefficient-rigidity-2026-09-17/results.txt (want a working-tree path or a <rev>:<path> pin)
ERROR: research/rips-segev-witness-supports-carry-no-zero-divisors.md: artifact not found: experiments/rips-segev-coefficient-rigidity-2026-09-17/spaced_gap_check.py (want a working-tree path or a <rev>:<path> pin)
ERROR: research/rips-segev-witness-supports-carry-no-zero-divisors.md: artifact not found: experiments/rips-segev-coefficient-rigidity-2026-09-17/spaced_results.txt (want a working-tree path or a <rev>:<path> pin)
ERROR: research/robertson-steger-two-graph-groupoids-are-cocycle-rigid.md: artifact not found: experiments/nv-conformal-rigidity-2026-09-17/block_h1_pg22_k1.log (want a working-tree path or a <rev>:<path> pin)
ERROR: research/robertson-steger-two-graph-groupoids-are-cocycle-rigid.md: artifact not found: experiments/nv-conformal-rigidity-2026-09-17/product_control.log (want a working-tree path or a <rev>:<path> pin)
ERROR: research/rordam-root-propagation-one-certificates-sharp-length-proof.md: artifact not found: experiments/rordam-one-shift-certificates-2026-09-17/porteous_class.py (want a working-tree path or a <rev>:<path> pin)
ERROR: research/rordam-root-propagation-one-certificates-sharp-length-proof.md: artifact not found: experiments/rordam-one-shift-certificates-2026-09-17/porteous_class.out (want a working-tree path or a <rev>:<path> pin)
ERROR: research/rordam-root-propagation-one-certificates-sharp-length.md: artifact not found: experiments/rordam-one-shift-certificates-2026-09-17/porteous_class.py (want a working-tree path or a <rev>:<path> pin)
ERROR: research/rordam-root-propagation-one-certificates-sharp-length.md: artifact not found: experiments/rordam-one-shift-certificates-2026-09-17/porteous_class.out (want a working-tree path or a <rev>:<path> pin)
ERROR: research/rotated-frame-universe-discretisation-proof.md: artifact not found: experiments/rich-2to1-rotated-frame-universe-2026-09-17/check_universe_identities.py (want a working-tree path or a <rev>:<path> pin)
ERROR: research/rotated-frame-universe-discretises-to-robust-rich-2to1-sdp-gaps.md: artifact not found: experiments/rich-2to1-rotated-frame-universe-2026-09-17/check_universe_identities.py (want a working-tree path or a <rev>:<path> pin)
ERROR: research/rotated-frame-universe-rich-2to1-game-has-vanishing-value.md: artifact not found: experiments/rich-2to1-rotated-frame-universe-2026-09-17/rotated_frame_strategies.py (want a working-tree path or a <rev>:<path> pin)
ERROR: research/rotated-frame-universe-rich-2to1-game-has-vanishing-value.md: artifact not found: experiments/rich-2to1-rotated-frame-universe-2026-09-17/linear_strategy_reduction.py (want a working-tree path or a <rev>:<path> pin)
ERROR: research/rotated-frame-universe-rich-2to1-game-has-vanishing-value.md: artifact not found: experiments/rich-2to1-rotated-frame-universe-2026-09-17/check_universe_identities.py (want a working-tree path or a <rev>:<path> pin)
ERROR: research/rotated-frame-value-reduces-to-partition-stability.md: artifact not found: experiments/pair-resampling-hypercontractivity-2026-09-17/linear_partition_stability.py (want a working-tree path or a <rev>:<path> pin)
ERROR: research/row2-marked-center-action-return-has-gl8-model.md: artifact not found: experiments/row2_marked_center_action_return_gl8_audit.py (want a working-tree path or a <rev>:<path> pin)
ERROR: research/row2-parallel-a2-return-diamond-has-gl8-model.md: artifact not found: experiments/row2_parallel_a2_return_diamond_gl8_audit.py (want a working-tree path or a <rev>:<path> pin)
ERROR: research/rstar-fano-caps-have-seven-maximal-parity-covers.md: artifact not found: experiments/rstar_fano_geometry.py (want a working-tree path or a <rev>:<path> pin)
ERROR: research/rstar-polymorphism-clone-consists-only-of-projections.md: artifact not found: experiments/rstar_fano_geometry.py (want a working-tree path or a <rev>:<path> pin)
ERROR: research/s0-lift-affine-box-has-no-small-left-inverse.md: artifact not found: experiments/gottschalk-ternary-corner/bscreen.py (want a working-tree path or a <rev>:<path> pin)
ERROR: research/s0-lift-affine-box-left-inverse-census-proof.md: artifact not found: experiments/gottschalk-ternary-corner/bscreen.py (want a working-tree path or a <rev>:<path> pin)
ERROR: research/s0-lift-affine-box-left-inverse-census-proof.md: artifact not found: experiments/gottschalk-ternary-corner/runs-bilinear/summary.json (want a working-tree path or a <rev>:<path> pin)
ERROR: research/s3-active-complement-is-three-equal-scale-affine-atoms.md: artifact not found: experiments/s3_equal_scale_active_atoms.py (want a working-tree path or a <rev>:<path> pin)
ERROR: research/s3-active-complement-is-three-equal-scale-affine-atoms.md: artifact not found: experiments/s3-equal-scale-active-atoms.json (want a working-tree path or a <rev>:<path> pin)
ERROR: research/s3-equal-scale-affine-atom-proof.md: artifact not found: experiments/s3_equal_scale_active_atoms.py (want a working-tree path or a <rev>:<path> pin)
ERROR: research/s3-equal-scale-affine-atom-proof.md: artifact not found: experiments/s3-equal-scale-active-atoms.json (want a working-tree path or a <rev>:<path> pin)
ERROR: research/s3-equivariant-endpoint-conventions-use-global-bcs-words.md: artifact not found: experiments/s3-affine-clifford-edge-kernel.json (want a working-tree path or a <rev>:<path> pin)
ERROR: research/s3-hard-cell-three-channel-data-is-nondegenerate.md: artifact not found: notes/TRUE_RAW_WORD_S3_TIMES_S3_LOCALIZATION.md (want a working-tree path or a <rev>:<path> pin)
ERROR: research/s3-hard-cell-three-channel-data-is-nondegenerate.md: artifact not found: notes/FALSE_S3_S4_TYPE_ONLY_HALL_DEFICIT.md (want a working-tree path or a <rev>:<path> pin)
ERROR: research/s3-hard-cell-three-channel-data-is-nondegenerate.md: artifact not found: experiments/atlas-s4-s3-branching.txt (want a working-tree path or a <rev>:<path> pin)
ERROR: research/s3-radical-affine-contexts-have-five-fourths-floor.md: artifact not found: experiments/s3_radical_context_router_search.py (want a working-tree path or a <rev>:<path> pin)
ERROR: research/same-core-gauge-rows-control-linearized-koopman-inverse-energy.md: artifact not found: experiments/iwahori_cycle_gauge_gap.py (want a working-tree path or a <rev>:<path> pin)
ERROR: research/saturated-group-hs-relator-defect-gap.md: artifact not found: non_mf_groups_exist.tex (want a working-tree path or a <rev>:<path> pin)
ERROR: research/saturated-group-reduced-cstar-regularity.md: artifact not found: non_mf_groups_exist.tex (want a working-tree path or a <rev>:<path> pin)
ERROR: research/sb3-radial-height-order-census-proof.md: artifact not found: experiments/sb3-short-detour-review-2026-09-17/sb3_abstract_as_published.py (want a working-tree path or a <rev>:<path> pin)
ERROR: research/sb3-radial-height-order-census-proof.md: artifact not found: experiments/sb3-short-detour-review-2026-09-17/sb3_independent_abstract.py (want a working-tree path or a <rev>:<path> pin)
ERROR: research/sb3-radial-height-order-census-proof.md: artifact not found: experiments/sb3-short-detour-review-2026-09-17/sb3_real_vertex_census.py (want a working-tree path or a <rev>:<path> pin)
ERROR: research/scale-index-route.md: artifact not found: notes/TRUE_LOCALLY_FINITE_COMMUTANTS_RECOVER_BUT_AT_SHIFTED_SCALES.md (want a working-tree path or a <rev>:<path> pin)
ERROR: research/scaled-kazhdan-transport-proof.md: artifact not found: GroupApproximation/Sofic/ScaledKazhdanTransport.lean (want a working-tree path or a <rev>:<path> pin)
ERROR: research/scaled-kazhdan-transport.md: artifact not found: GroupApproximation/Sofic/ScaledKazhdanTransport.lean (want a working-tree path or a <rev>:<path> pin)
ERROR: research/scaled-kazhdan-transport.md: artifact not found: notes/COMPRESSION_COLLAPSE_MF_RADICAL.md (want a working-tree path or a <rev>:<path> pin)
ERROR: research/scaling-family-abelianization-is-constant-proof.md: artifact not found: non_mf_group_notes.tex (want a working-tree path or a <rev>:<path> pin)
ERROR: research/scaling-family-abelianization-is-constant.md: artifact not found: non_mf_group_notes.tex (want a working-tree path or a <rev>:<path> pin)
ERROR: research/scaling-family-from-kazhdan-clifford.md: artifact not found: non_mf_groups_exist.tex (want a working-tree path or a <rev>:<path> pin)
ERROR: research/scaling-family-from-kazhdan-clifford.md: artifact not found: GroupApproximation/Sofic/ScalingFamilyEndpoint.lean (want a working-tree path or a <rev>:<path> pin)
ERROR: research/scaling-family-non-mf.md: artifact not found: non_mf_groups_exist.tex (want a working-tree path or a <rev>:<path> pin)
ERROR: research/scaling-family-non-mf.md: artifact not found: GroupApproximation/Sofic/ScalingFamilyEndpoint.lean (want a working-tree path or a <rev>:<path> pin)
ERROR: research/scaling-family-pairwise-nonisomorphic-via-hecke-modulus.md: artifact not found: non_mf_group_notes.tex (want a working-tree path or a <rev>:<path> pin)
ERROR: research/scaling-family-pairwise-nonisomorphic.md: artifact not found: non_mf_groups_exist.tex (want a working-tree path or a <rev>:<path> pin)
ERROR: research/scaling-family-pairwise-nonisomorphic.md: artifact not found: notes/NON_MF_FINAL_REVIEW_AND_RESOLUTION_2026-08-14.md (want a working-tree path or a <rev>:<path> pin)
ERROR: research/scaling-skeleton-amenable-radical-proof.md: artifact not found: GroupApproximation/Monsters/LiteralBaseCompleteness.lean (want a working-tree path or a <rev>:<path> pin)
ERROR: research/scaling-skeleton-amenable-radical-proof.md: artifact not found: GroupApproximation/Monsters/AffineSL3Scaling.lean (want a working-tree path or a <rev>:<path> pin)
ERROR: research/scaling-skeleton-amenable-radical-proof.md: artifact not found: GroupApproximation/Sofic/ScalingFamilyPresentation.lean (want a working-tree path or a <rev>:<path> pin)
ERROR: research/scaling-skeleton-quotients-pairwise-nonisomorphic.md: artifact not found: GroupApproximation/Monsters/LiteralBaseCompleteness.lean (want a working-tree path or a <rev>:<path> pin)
ERROR: research/scaling-skeleton-quotients-pairwise-nonisomorphic.md: artifact not found: GroupApproximation/Monsters/AffineSL3Scaling.lean (want a working-tree path or a <rev>:<path> pin)
ERROR: research/scaling-skeleton-quotients-pairwise-nonisomorphic.md: artifact not found: GroupApproximation/Sofic/ScalingFamilyPresentation.lean (want a working-tree path or a <rev>:<path> pin)
ERROR: research/schatten-one-corner-detector-proof.md: artifact not found: notes/TRUE_SCHATTEN_ONE_RADICAL_CORNER.md (want a working-tree path or a <rev>:<path> pin)
ERROR: research/schatten-one-corner-detector.md: artifact not found: notes/TRUE_SCHATTEN_ONE_RADICAL_CORNER.md (want a working-tree path or a <rev>:<path> pin)
ERROR: research/schatten-one-models-retaining-mark.md: artifact not found: notes/TRUE_SCHATTEN_ONE_RADICAL_CORNER.md (want a working-tree path or a <rev>:<path> pin)
ERROR: research/schatten-one-survivor-route.md: artifact not found: notes/TRUE_SCHATTEN_ONE_RADICAL_CORNER.md (want a working-tree path or a <rev>:<path> pin)
ERROR: research/schur-flip-wreath-compressor-has-infinite-cocycle-rank.md: artifact not found: notes/TRUE_RELATIVE_WALL_IS_COMMUTANT_GROWTH.md (want a working-tree path or a <rev>:<path> pin)
ERROR: research/schur-marked-character-transfer-gap-proof.md: artifact not found: experiments/schur_marked_transfer_spectrum.py (want a working-tree path or a <rev>:<path> pin)
ERROR: research/schur-marked-character-transfer-gap-proof.md: artifact not found: experiments/schur-marked-transfer-spectrum.json (want a working-tree path or a <rev>:<path> pin)
ERROR: research/schur-marked-character-transfer-gap.md: artifact not found: experiments/schur_marked_transfer_spectrum.py (want a working-tree path or a <rev>:<path> pin)
ERROR: research/schur-marked-character-transfer-gap.md: artifact not found: experiments/schur-marked-transfer-spectrum.json (want a working-tree path or a <rev>:<path> pin)
ERROR: research/schur-packet-head-actuator-generates-over-tail.md: artifact not found: experiments/schur_packet_toeplitz_head_actuator.py (want a working-tree path or a <rev>:<path> pin)
ERROR: research/second-level-rice-theorem-for-local-approximation-properties.md: artifact not found: GroupApproximation/Computability/SoficRecognitionSecondLevel.lean (want a working-tree path or a <rev>:<path> pin)
ERROR: research/second-level-rice-theorem-for-local-approximation-properties.md: artifact not found: GroupApproximation/Computability/HereditaryRecognitionPhaseDiagram.lean (want a working-tree path or a <rev>:<path> pin)
ERROR: research/second-level-rice-theorem-for-local-approximation-properties.md: artifact not found: GroupApproximation/Computability/MarkovRecognitionHierarchy.lean (want a working-tree path or a <rev>:<path> pin)
ERROR: research/second-level-rice-theorem-for-local-approximation-properties.md: artifact not found: GroupApproximation/Computability/RFRecognitionHierarchy.lean (want a working-tree path or a <rev>:<path> pin)
ERROR: research/second-level-rice-theorem-for-local-approximation-properties.md: artifact not found: GroupApproximation/Computability/HereditaryPropertySwitchCompleteness.lean (want a working-tree path or a <rev>:<path> pin)
ERROR: research/second-level-rice-theorem-for-local-approximation-properties.md: artifact not found: GroupApproximation/Computability/ParametricFinInfSwitch.lean (want a working-tree path or a <rev>:<path> pin)
ERROR: research/second-level-rice-theorem-for-local-approximation-properties.md: artifact not found: GroupApproximation/Computability/AdianRabinGeneral.lean (want a working-tree path or a <rev>:<path> pin)
ERROR: research/second-level-rice-theorem-for-local-approximation-properties.md: artifact not found: GroupApproximation/Computability/SoficMarkov.lean (want a working-tree path or a <rev>:<path> pin)
ERROR: research/selector-free-spin-reset-leaves-contexts-independent.md: artifact not found: experiments/selector_reset_commutant_freedom.py (want a working-tree path or a <rev>:<path> pin)
ERROR: research/self-copy-kadison-kastler-checksum.md: artifact not found: notes/FINITE_PACKET_SELF_COPY_COLLAPSE.md (want a working-tree path or a <rev>:<path> pin)
ERROR: research/self-hashed-adversarial-collision-forces-mf-collapse-proof.md: artifact not found: GroupApproximation/Sofic/CollisionCapacityDetectors.lean (want a working-tree path or a <rev>:<path> pin)
ERROR: research/self-hashed-adversarial-collision-forces-mf-collapse.md: artifact not found: GroupApproximation/Sofic/CollisionCapacityDetectors.lean (want a working-tree path or a <rev>:<path> pin)
ERROR: research/self-relaying-product-with-a-binary-identity.md: artifact not found: experiments/self-relaying-parity-2026-09-17/check.py (want a working-tree path or a <rev>:<path> pin)
ERROR: research/self-square-embedding-gives-a-kazhdan-clifford-base-proof.md: artifact not found: GroupApproximation/Monsters/FournierFacioRealization.lean (want a working-tree path or a <rev>:<path> pin)
ERROR: research/self-square-embedding-gives-a-kazhdan-clifford-base-proof.md: artifact not found: GroupApproximation/Monsters/RealizationEmbedding.lean (want a working-tree path or a <rev>:<path> pin)
ERROR: research/self-square-embedding-gives-a-kazhdan-clifford-base.md: artifact not found: non_mf_groups_exist.tex (want a working-tree path or a <rev>:<path> pin)
ERROR: research/self-square-embedding-gives-a-kazhdan-clifford-base.md: artifact not found: GroupApproximation/Monsters/FournierFacioRealization.lean (want a working-tree path or a <rev>:<path> pin)
ERROR: research/self-square-embedding-gives-a-kazhdan-clifford-base.md: artifact not found: GroupApproximation/Monsters/RealizationEmbedding.lean (want a working-tree path or a <rev>:<path> pin)
ERROR: research/semisimple-packet-multiplicity-collapse.md: artifact not found: notes/COMPRESSION_COLLAPSE_MF_RADICAL.md (want a working-tree path or a <rev>:<path> pin)
ERROR: research/semisimple-packet-multiplicity-collapse.md: artifact not found: notes/FALSE_KAZHDAN_COMPRESSION_INDEX_TO_PHASE.md (want a working-tree path or a <rev>:<path> pin)
ERROR: research/separated-channel-identities-retain-rectangular-escape.md: artifact not found: notes/FALSE_EQUIVARIANT_WHOLE_MAPS_ALLOW_RECTANGULAR_ESCAPE.md (want a working-tree path or a <rev>:<path> pin)
ERROR: research/seq-normalizes-by-subsequence-contradiction-proof.md: artifact not found: GroupApproximation/KunThom/SequentialContradiction.lean (want a working-tree path or a <rev>:<path> pin)
ERROR: research/seq-normalizes-by-subsequence-contradiction.md: artifact not found: GroupApproximation/KunThom/SequentialContradiction.lean (want a working-tree path or a <rev>:<path> pin)
ERROR: research/sequential-operator-mf-continuum-cardinality-bound.md: artifact not found: GroupApproximation/Sofic/OperatorMF.lean (want a working-tree path or a <rev>:<path> pin)
ERROR: research/seven-cell-core-reduces-thompson-completion-to-one-equation.md: artifact not found: experiments/leavitt_seven_cell_exact_replay.py (want a working-tree path or a <rev>:<path> pin)
ERROR: research/shadow-kleene-saturation-metatheorem-proof.md: artifact not found: GroupApproximation/Sofic/OpToHSShadowResidual.lean (want a working-tree path or a <rev>:<path> pin)
ERROR: research/shadow-kleene-saturation-metatheorem.md: artifact not found: GroupApproximation/Sofic/OpToHSShadowResidual.lean (want a working-tree path or a <rev>:<path> pin)
ERROR: research/shannon-window-fake-transfer-by-pullback-and-tietze-census.md: artifact not found: experiments/shannon-canonical-hosts-2026-09-17/host_tietze.py (want a working-tree path or a <rev>:<path> pin)
ERROR: research/shannon-window-fake-transfer-by-pullback-and-tietze-census.md: artifact not found: experiments/shannon-canonical-hosts-2026-09-17/recheck_forced_torsion.py (want a working-tree path or a <rev>:<path> pin)
ERROR: research/shannon-window-fake-transfer-by-pullback-and-tietze-census.md: artifact not found: experiments/shannon-canonical-hosts-2026-09-17/recheck_all.txt (want a working-tree path or a <rev>:<path> pin)
ERROR: research/shannon-window-fakes-on-klein-and-infinite-dihedral-hosts.md: artifact not found: experiments/promislow-shannon-windows-2026-09-17/verify_generic.py (want a working-tree path or a <rev>:<path> pin)
ERROR: research/shannon-window-fakes-on-klein-and-infinite-dihedral-hosts.md: artifact not found: experiments/promislow-shannon-windows-2026-09-17/verify_all.sh (want a working-tree path or a <rev>:<path> pin)
ERROR: research/shannon-window-fakes-on-klein-and-infinite-dihedral-hosts.md: artifact not found: experiments/promislow-shannon-windows-2026-09-17/verify_log.txt (want a working-tree path or a <rev>:<path> pin)
ERROR: research/shannon-window-fakes-on-klein-and-infinite-dihedral-hosts.md: artifact not found: experiments/promislow-shannon-windows-2026-09-17/torsion2_scan.py (want a working-tree path or a <rev>:<path> pin)
ERROR: research/shannon-window-fakes-transfer-to-canonical-hosts.md: artifact not found: experiments/shannon-canonical-hosts-2026-09-17/host_tietze.py (want a working-tree path or a <rev>:<path> pin)
ERROR: research/shannon-window-fakes-transfer-to-canonical-hosts.md: artifact not found: experiments/shannon-canonical-hosts-2026-09-17/fake_hosts_scan.py (want a working-tree path or a <rev>:<path> pin)
ERROR: research/shannon-window-fakes-transfer-to-canonical-hosts.md: artifact not found: experiments/shannon-canonical-hosts-2026-09-17/random_fake_hosts.py (want a working-tree path or a <rev>:<path> pin)
ERROR: research/shannon-window-fakes-transfer-to-canonical-hosts.md: artifact not found: experiments/shannon-canonical-hosts-2026-09-17/recheck_forced_torsion.py (want a working-tree path or a <rev>:<path> pin)
ERROR: research/shannon-window-fakes-transfer-to-canonical-hosts.md: artifact not found: experiments/shannon-canonical-hosts-2026-09-17/recheck_all.txt (want a working-tree path or a <rev>:<path> pin)
ERROR: research/shannon-window-fakes-transfer-to-canonical-hosts.md: artifact not found: experiments/shannon-canonical-hosts-2026-09-17/base_rate.py (want a working-tree path or a <rev>:<path> pin)
ERROR: research/shannon-window-fakes-transfer-to-canonical-hosts.md: artifact not found: experiments/shannon-canonical-hosts-2026-09-17/base_rate.txt (want a working-tree path or a <rev>:<path> pin)
ERROR: research/shannon-window-fakes-transfer-to-canonical-hosts.md: artifact not found: experiments/shannon-canonical-hosts-2026-09-17/free_host_lp.py (want a working-tree path or a <rev>:<path> pin)
ERROR: research/shannon-window-fakes-transfer-to-canonical-hosts.md: artifact not found: experiments/shannon-canonical-hosts-2026-09-17/free_host_lp.txt (want a working-tree path or a <rev>:<path> pin)
ERROR: research/shannon-window-fakes-transfer-to-canonical-hosts.md: artifact not found: experiments/shannon-canonical-hosts-2026-09-17/onerel_hosts_z6.py (want a working-tree path or a <rev>:<path> pin)
ERROR: research/shannon-window-fakes-transfer-to-canonical-hosts.md: artifact not found: experiments/shannon-canonical-hosts-2026-09-17/onerel_hosts_z6.txt (want a working-tree path or a <rev>:<path> pin)
ERROR: research/shared-center-extraspecial-wreath-has-fd-invisible-spin-sector.md: artifact not found: notes/TRUE_RELATIVE_BURTON_KUN_THOM_REDUCTION.md (want a working-tree path or a <rev>:<path> pin)
ERROR: research/sharp-form-layer-supplies-the-arc-budget-proof.md: artifact not found: GroupApproximation/Sofic/GreendlingerSharpTwins.lean (want a working-tree path or a <rev>:<path> pin)
ERROR: research/sharp-form-layer-supplies-the-arc-budget-proof.md: artifact not found: GroupApproximation/Sofic/GreendlingerDeepVacuitySharp.lean (want a working-tree path or a <rev>:<path> pin)
ERROR: research/sharp-form-layer-supplies-the-arc-budget-proof.md: artifact not found: GroupApproximation/Sofic/GreendlingerLandingProd.lean (want a working-tree path or a <rev>:<path> pin)
ERROR: research/sharp-form-layer-supplies-the-arc-budget.md: artifact not found: GroupApproximation/Sofic/GreendlingerSharpTwins.lean (want a working-tree path or a <rev>:<path> pin)
ERROR: research/sharp-form-layer-supplies-the-arc-budget.md: artifact not found: GroupApproximation/Sofic/GreendlingerFreeGate.lean (want a working-tree path or a <rev>:<path> pin)
ERROR: research/sharp-form-layer-supplies-the-arc-budget.md: artifact not found: GroupApproximation/Sofic/TorsionDescent.lean (want a working-tree path or a <rev>:<path> pin)
ERROR: research/shift-homology-in-positive-degree-is-inert-under-automata-proof.md: artifact not found: experiments/cohopfian-shift-homology-2026-09-17/check.py (want a working-tree path or a <rev>:<path> pin)
ERROR: research/shift-homology-in-positive-degree-is-inert-under-automata.md: artifact not found: experiments/cohopfian-shift-homology-2026-09-17/check.py (want a working-tree path or a <rev>:<path> pin)
ERROR: research/shifted-scale-recovery-proof.md: artifact not found: notes/TRUE_LOCALLY_FINITE_COMMUTANTS_RECOVER_BUT_AT_SHIFTED_SCALES.md (want a working-tree path or a <rev>:<path> pin)
ERROR: research/shifted-scale-recovery-proof.md: artifact not found: GroupApproximation/PropertyT/FiniteGroupAverage.lean (want a working-tree path or a <rev>:<path> pin)
ERROR: research/short-period-cores-block-kazhdan-compression-in-low-rank.md: artifact not found: non_mf_groups_exist.tex (want a working-tree path or a <rev>:<path> pin)
ERROR: research/shulman-presentation-double-witnesses-have-adjoint-normal-form.md: artifact not found: notes/SHULMAN_PRESENTATION_DOUBLE_JULIA_AUDIT_2026-08-26.md (want a working-tree path or a <rev>:<path> pin)
ERROR: research/shulman-stable-double-source-audit-proof.md: artifact not found: notes/FALSE_SHULMAN_TRACE_AUDIT.md (want a working-tree path or a <rev>:<path> pin)
ERROR: research/shulman-symmetric-double-has-no-stable-trace-upgrade.md: artifact not found: notes/FALSE_SHULMAN_TRACE_AUDIT.md (want a working-tree path or a <rev>:<path> pin)
ERROR: research/sign-free-compression-amalgam-proof.md: artifact not found: GroupApproximation/Sofic/InvolutionCollapseEndpoint.lean (want a working-tree path or a <rev>:<path> pin)
ERROR: research/sign-free-quotient-sofic-proof.md: artifact not found: GroupApproximation/Sofic/CommutingLampQuotientSofic.lean (want a working-tree path or a <rev>:<path> pin)
ERROR: research/sign-free-quotient-sofic.md: artifact not found: GroupApproximation/Sofic/CommutingLampQuotientSofic.lean (want a working-tree path or a <rev>:<path> pin)
ERROR: research/sign-mark-rate-is-sector-density-proof.md: artifact not found: notes/FALSE_WEAK_MF_EFFECTIVE_RANK_PROFILE.md (want a working-tree path or a <rev>:<path> pin)
ERROR: research/sign-mark-rate-is-sector-density-proof.md: artifact not found: notes/CENTRAL_RADICAL_SHEAR_GADGET.md (want a working-tree path or a <rev>:<path> pin)
ERROR: research/sign-mark-rate-is-sector-density.md: artifact not found: notes/FALSE_WEAK_MF_EFFECTIVE_RANK_PROFILE.md (want a working-tree path or a <rev>:<path> pin)
ERROR: research/sign-mark-rate-is-sector-density.md: artifact not found: notes/CENTRAL_RADICAL_SHEAR_GADGET.md (want a working-tree path or a <rev>:<path> pin)
ERROR: research/sign-mark-rate-is-sector-density.md: artifact not found: notes/NON_MF_TO_HYPERLINEAR_DIFFERENTIAL_AUDIT.md (want a working-tree path or a <rev>:<path> pin)
ERROR: research/signed-hecke-detectors-are-uniformly-mark-saturated-but-untyped.md: artifact not found: experiments/signed_hecke_detector_normal_closure_audit.py (want a working-tree path or a <rev>:<path> pin)
ERROR: research/signed-hecke-detectors-are-uniformly-mark-saturated-but-untyped.md: artifact not found: experiments/signed-hecke-detector-normal-closure.json (want a working-tree path or a <rev>:<path> pin)
ERROR: research/signed-hecke-normalizer-has-eight-external-root-returns.md: artifact not found: experiments/signed_hecke_root_normalizer_audit.py (want a working-tree path or a <rev>:<path> pin)
ERROR: research/signed-l0-does-not-attach-cross-returns-to-order-seven-head.md: artifact not found: experiments/order_seven_head_return_conjugacy_audit.py (want a working-tree path or a <rev>:<path> pin)
ERROR: research/simple-dedekind-infinite-ring-elementary-full-mf-radical-proof.md: artifact not found: non_mf_groups_exist.tex (want a working-tree path or a <rev>:<path> pin)
ERROR: research/simple-dedekind-infinite-ring-elementary-full-mf-radical.md: artifact not found: non_mf_groups_exist.tex (want a working-tree path or a <rev>:<path> pin)
ERROR: research/simple-lamp-one-relation-proof.md: artifact not found: GroupApproximation/Algebra/PermutationalWreathSimple.lean (want a working-tree path or a <rev>:<path> pin)
ERROR: research/simple-lamp-radical-one-relation.md: artifact not found: GroupApproximation/Algebra/PermutationalWreathSimple.lean (want a working-tree path or a <rev>:<path> pin)
ERROR: research/simple-sofic-envelope-proof.md: artifact not found: non_mf_groups_exist.tex (want a working-tree path or a <rev>:<path> pin)
ERROR: research/simple-sofic-total-mf-radical.md: artifact not found: non_mf_groups_exist.tex (want a working-tree path or a <rev>:<path> pin)
ERROR: research/simple-titz-mite-witzel-kazhdan-groups-are-not-left-orderable.md: artifact not found: experiments/c2-tilde-simple-lattice-left-orders-2026-09-17/bmw_sat.py (want a working-tree path or a <rev>:<path> pin)
ERROR: research/simple-titz-mite-witzel-kazhdan-groups-are-not-left-orderable.md: artifact not found: experiments/c2-tilde-simple-lattice-left-orders-2026-09-17/bmw_sat.out (want a working-tree path or a <rev>:<path> pin)
ERROR: research/simple-titz-mite-witzel-kazhdan-groups-are-not-left-orderable.md: artifact not found: experiments/c2-tilde-simple-lattice-left-orders-2026-09-17/jw_2power.g (want a working-tree path or a <rev>:<path> pin)
ERROR: research/simple-titz-mite-witzel-kazhdan-groups-are-not-left-orderable.md: artifact not found: experiments/c2-tilde-simple-lattice-left-orders-2026-09-17/jw_2power.out (want a working-tree path or a <rev>:<path> pin)
ERROR: research/simple-titz-mite-witzel-kazhdan-groups-are-not-left-orderable.md: artifact not found: experiments/c2-tilde-simple-lattice-left-orders-2026-09-17/jw_2power.json (want a working-tree path or a <rev>:<path> pin)
ERROR: research/simple-titz-mite-witzel-kazhdan-groups-are-not-left-orderable.md: artifact not found: experiments/c2-tilde-simple-lattice-left-orders-2026-09-17/jw_sub_sat.py (want a working-tree path or a <rev>:<path> pin)
ERROR: research/simple-titz-mite-witzel-kazhdan-groups-are-not-left-orderable.md: artifact not found: experiments/c2-tilde-simple-lattice-left-orders-2026-09-17/jw_sub_sat.out (want a working-tree path or a <rev>:<path> pin)
ERROR: research/simple-tmw-kazhdan-groups-not-left-orderable-proof.md: artifact not found: experiments/c2-tilde-simple-lattice-left-orders-2026-09-17/bmw_sat.py (want a working-tree path or a <rev>:<path> pin)
ERROR: research/simple-tmw-kazhdan-groups-not-left-orderable-proof.md: artifact not found: experiments/c2-tilde-simple-lattice-left-orders-2026-09-17/bmw_sat.out (want a working-tree path or a <rev>:<path> pin)
ERROR: research/simple-tmw-kazhdan-groups-not-left-orderable-proof.md: artifact not found: experiments/c2-tilde-simple-lattice-left-orders-2026-09-17/jw_2power.g (want a working-tree path or a <rev>:<path> pin)
ERROR: research/simple-tmw-kazhdan-groups-not-left-orderable-proof.md: artifact not found: experiments/c2-tilde-simple-lattice-left-orders-2026-09-17/jw_2power.out (want a working-tree path or a <rev>:<path> pin)
ERROR: research/simple-tmw-kazhdan-groups-not-left-orderable-proof.md: artifact not found: experiments/c2-tilde-simple-lattice-left-orders-2026-09-17/jw_2power.json (want a working-tree path or a <rev>:<path> pin)
ERROR: research/simple-tmw-kazhdan-groups-not-left-orderable-proof.md: artifact not found: experiments/c2-tilde-simple-lattice-left-orders-2026-09-17/jw_sub_sat.py (want a working-tree path or a <rev>:<path> pin)
ERROR: research/simple-tmw-kazhdan-groups-not-left-orderable-proof.md: artifact not found: experiments/c2-tilde-simple-lattice-left-orders-2026-09-17/jw_sub_sat.out (want a working-tree path or a <rev>:<path> pin)
ERROR: research/simple-torsion-groups-have-a-macroscopic-mf-dichotomy.md: artifact not found: notes/EXACT_CORONA_DIMENSION_AND_HILBERT_HOTEL.md (want a working-tree path or a <rev>:<path> pin)
ERROR: research/simple-torsion-groups-have-a-macroscopic-mf-dichotomy.md: artifact not found: non_mf_groups_exist.tex (want a working-tree path or a <rev>:<path> pin)
ERROR: research/simple-torsion-non-mf-iff-trivial-mf-characters-proof.md: artifact not found: notes/PROPERTY_T_FREE_MF_ATTEMPT_2026-08-26.md (want a working-tree path or a <rev>:<path> pin)
ERROR: research/simple-torsion-non-mf-iff-trivial-mf-characters.md: artifact not found: notes/PROPERTY_T_FREE_MF_ATTEMPT_2026-08-26.md (want a working-tree path or a <rev>:<path> pin)
ERROR: research/simultaneous-dilation-splice.md: artifact not found: notes/FALSE_FULL_COMPRESSION_SEMIGROUP_DILATION.md (want a working-tree path or a <rev>:<path> pin)
ERROR: research/simultaneous-dilation-splice.md: artifact not found: notes/FALSE_POSITIVE_CORE_IS_SOFIC.md (want a working-tree path or a <rev>:<path> pin)
ERROR: research/single-block-conjugator-sofic-proof.md: artifact not found: experiments/one_relator_cyclic_peeling_check.py (want a working-tree path or a <rev>:<path> pin)
ERROR: research/single-finitely-presented-mf-radical-computer-proof.md: artifact not found: GroupApproximation/Computability/MFRadicalComputer.lean (want a working-tree path or a <rev>:<path> pin)
ERROR: research/single-finitely-presented-mf-radical-computer-proof.md: artifact not found: GroupApproximation/Endpoint/ChosenNonMFAudit.lean (want a working-tree path or a <rev>:<path> pin)
ERROR: research/single-finitely-presented-mf-radical-computer.md: artifact not found: GroupApproximation/Computability/MFRadicalComputer.lean (want a working-tree path or a <rev>:<path> pin)
ERROR: research/single-finitely-presented-mf-radical-computer.md: artifact not found: GroupApproximation/Endpoint/ChosenNonMFAudit.lean (want a working-tree path or a <rev>:<path> pin)
ERROR: research/single-lamps-recover-set-action-proof.md: artifact not found: notes/NOTEPAD.md (want a working-tree path or a <rev>:<path> pin)
ERROR: research/single-lamps-recover-set-action.md: artifact not found: notes/NOTEPAD.md (want a working-tree path or a <rev>:<path> pin)
ERROR: research/single-root-completeness-attachments-are-exhausted.md: artifact not found: experiments/single_fold_root_incidence_audit.py (want a working-tree path or a <rev>:<path> pin)
ERROR: research/single-shadow-word-saturation-compiler-proof.md: artifact not found: GroupApproximation/Sofic/OpToHSShadowResidual.lean (want a working-tree path or a <rev>:<path> pin)
ERROR: research/single-shadow-word-saturation-compiler.md: artifact not found: GroupApproximation/Sofic/OpToHSShadowResidual.lean (want a working-tree path or a <rev>:<path> pin)
ERROR: research/six-generator-fixed-kernel-rank-jump-admits-opposite-shears.md: artifact not found: experiments/six_generator_fixed_kernel_clock_search.py (want a working-tree path or a <rev>:<path> pin)
ERROR: research/six-generator-one-jump-router-has-s3-radical-atlas.md: artifact not found: experiments/two_flag_mixed_router_search.py (want a working-tree path or a <rev>:<path> pin)
ERROR: research/six-pair-chart-swap-retains-external-gauge.md: artifact not found: experiments/six_pair_chart_swap_gauge_audit.py (want a working-tree path or a <rev>:<path> pin)
ERROR: research/sl2-relators-do-not-force-linear-commutator-growth.md: artifact not found: experiments/origami-veech-phi-2026-09-17/perm.py (want a working-tree path or a <rev>:<path> pin)
ERROR: research/sl2-relators-do-not-force-linear-commutator-growth.md: artifact not found: experiments/origami-veech-phi-2026-09-17/wms.py (want a working-tree path or a <rev>:<path> pin)
ERROR: research/sl2-relators-do-not-force-linear-commutator-growth.md: artifact not found: experiments/origami-veech-phi-2026-09-17/scaled.py (want a working-tree path or a <rev>:<path> pin)
ERROR: research/sl2-relators-do-not-force-linear-commutator-growth.md: artifact not found: experiments/origami-veech-phi-2026-09-17/affine.py (want a working-tree path or a <rev>:<path> pin)
ERROR: research/sl2-relators-do-not-force-linear-commutator-growth.md: artifact not found: experiments/origami-veech-phi-2026-09-17/split_test.py (want a working-tree path or a <rev>:<path> pin)
ERROR: research/sl2-relators-do-not-force-linear-commutator-growth.md: artifact not found: experiments/origami-veech-phi-2026-09-17/tuple_q8.py (want a working-tree path or a <rev>:<path> pin)
ERROR: research/sl2-relators-do-not-force-linear-commutator-growth.md: artifact not found: experiments/origami-veech-phi-2026-09-17/search_small.py (want a working-tree path or a <rev>:<path> pin)
ERROR: research/sl2-relators-do-not-force-linear-commutator-growth.md: artifact not found: experiments/origami-veech-phi-2026-09-17/results.txt (want a working-tree path or a <rev>:<path> pin)
ERROR: research/sl2-root-kazhdan-untwisted-first-level-moments-proof.md: artifact not found: experiments/sl2-root-triangle-kazhdan/moment2.py (want a working-tree path or a <rev>:<path> pin)
ERROR: research/sl2-root-kazhdan-untwisted-first-level-moments-proof.md: artifact not found: experiments/sl2-root-triangle-kazhdan/run4.out (want a working-tree path or a <rev>:<path> pin)
ERROR: research/sl2-root-kazhdan-untwisted-first-level-moments-proof.md: artifact not found: experiments/sl2-root-triangle-kazhdan/run3.out (want a working-tree path or a <rev>:<path> pin)
ERROR: research/sl2-root-kazhdan-untwisted-first-level-moments-proof.md: artifact not found: experiments/sl2-root-triangle-kazhdan/h1ad.g (want a working-tree path or a <rev>:<path> pin)
ERROR: research/sl2-root-kazhdan-untwisted-first-level-moments-proof.md: artifact not found: experiments/sl2-root-triangle-kazhdan/h1ad.out (want a working-tree path or a <rev>:<path> pin)
ERROR: research/sl2-subfield-root-links-codistance-q8-q16-proof.md: artifact not found: experiments/sl2-root-triangle-kazhdan/sl2link.py (want a working-tree path or a <rev>:<path> pin)
ERROR: research/sl2-subfield-root-links-codistance-q8-q16-proof.md: artifact not found: experiments/sl2-root-triangle-kazhdan/run1.out (want a working-tree path or a <rev>:<path> pin)
ERROR: research/sl2-subfield-root-links-codistance-q8-q16-proof.md: artifact not found: experiments/sl2-root-triangle-kazhdan/run2.out (want a working-tree path or a <rev>:<path> pin)
ERROR: research/sl3-depth-two-clifford-fiber-has-thirty-six-types.md: artifact not found: experiments/sl3_mod4_adjoint_orbits.py (want a working-tree path or a <rev>:<path> pin)
ERROR: research/sl3-depth-two-clifford-fiber-has-thirty-six-types.md: artifact not found: experiments/sl3_mod4_adjoint_orbits.json (want a working-tree path or a <rev>:<path> pin)
ERROR: research/sl3-z2-iwahori-index-8-torsion-free-misses-level-4.md: artifact not found: experiments/strong-atiyah-sl3z/iwahori_level4_census.py (want a working-tree path or a <rev>:<path> pin)
ERROR: research/sl3-z2-iwahori-index-8-torsion-free-misses-level-4.md: artifact not found: experiments/strong-atiyah-sl3z/iwahori_level4_census.out (want a working-tree path or a <rev>:<path> pin)
ERROR: research/sl3-zp-torsion-free-open-subgroups-have-index-divisible-by-48.md: artifact not found: experiments/strong-atiyah-sl3z/iwahori_index8_search.g (want a working-tree path or a <rev>:<path> pin)
ERROR: research/sl3-zp-torsion-free-open-subgroups-have-index-divisible-by-48.md: artifact not found: experiments/strong-atiyah-sl3z/iwahori_index8_search.sbatch (want a working-tree path or a <rev>:<path> pin)
ERROR: research/sl3-zp-torsion-free-open-subgroups-have-index-divisible-by-48.md: artifact not found: experiments/strong-atiyah-sl3z/iwahori_index8_search.out (want a working-tree path or a <rev>:<path> pin)
ERROR: research/sl3z-finite-index-fd-projective-multiplier-is-finite.md: artifact not found: experiments/sl3z-finite-index-multiplier-2026-09-16/sl3-chevalley-eilenberg-betti.py (want a working-tree path or a <rev>:<path> pin)
ERROR: research/sl3z-finite-index-multiplier-lazard-whitehead-proof.md: artifact not found: experiments/sl3z-finite-index-multiplier-2026-09-16/sl3-chevalley-eilenberg-betti.py (want a working-tree path or a <rev>:<path> pin)
ERROR: research/sl3z-level-15-torsion-free-subgroup-outside-p-adic-hosts.md: artifact not found: experiments/strong-atiyah-sl3z/level15_torsion_free_subgroup_check.py (want a working-tree path or a <rev>:<path> pin)
ERROR: research/sl3z-level-15-torsion-free-subgroup-outside-p-adic-hosts.md: artifact not found: experiments/strong-atiyah-sl3z/level15_torsion_free_subgroup_check.out (want a working-tree path or a <rev>:<path> pin)
ERROR: research/sl3z-racg-witnesses-are-antiflag-configurations.md: artifact not found: experiments/sl3z-racg-realization-2026-09-17/antiflag.py (want a working-tree path or a <rev>:<path> pin)
ERROR: research/sl3z-racg-witnesses-are-antiflag-configurations.md: artifact not found: experiments/sl3z-racg-realization-2026-09-17/kernel.py (want a working-tree path or a <rev>:<path> pin)
ERROR: research/sl3z-racg-witnesses-are-antiflag-configurations.md: artifact not found: experiments/sl3z-racg-realization-2026-09-17/round5.py (want a working-tree path or a <rev>:<path> pin)
ERROR: research/sl3z-racg-witnesses-are-antiflag-configurations.md: artifact not found: experiments/sl3z-racg-realization-2026-09-17/orbits.py (want a working-tree path or a <rev>:<path> pin)
ERROR: research/sl3z-racg-witnesses-are-antiflag-configurations.md: artifact not found: experiments/sl3z-racg-realization-2026-09-17/exact.py (want a working-tree path or a <rev>:<path> pin)
ERROR: research/sl3z-racg-witnesses-are-antiflag-configurations.md: artifact not found: experiments/sl3z-racg-realization-2026-09-17/RESULTS.md (want a working-tree path or a <rev>:<path> pin)
ERROR: research/slit-origami-z2-pair-has-rank-distance-half-l.md: artifact not found: experiments/slit-origami-rank-distance-2026-09-17/check_rank_distance.py (want a working-tree path or a <rev>:<path> pin)
ERROR: research/slit-origami-z2-pair-has-rank-distance-half-l.md: artifact not found: experiments/slit-origami-rank-distance-2026-09-17/check_rank_distance.out (want a working-tree path or a <rev>:<path> pin)
ERROR: research/slit-origami-z2-pair-needs-logarithmic-rank-to-commute.md: artifact not found: experiments/slit-origami-rank-2026-09-17/check_slit_origami.py (want a working-tree path or a <rev>:<path> pin)
ERROR: research/slit-origami-z2-pair-needs-logarithmic-rank-to-commute.md: artifact not found: experiments/slit-origami-rank-2026-09-17/check_slit_origami.out (want a working-tree path or a <rev>:<path> pin)
ERROR: research/slofstra-involution-not-sofic-radical-proof.md: artifact not found: notes/NOTEPAD.md (want a working-tree path or a <rev>:<path> pin)
ERROR: research/slofstra-involution-not-sofic-radical.md: artifact not found: notes/NOTEPAD.md (want a working-tree path or a <rev>:<path> pin)
ERROR: research/slofstra-solution-group-collision.md: artifact not found: notes/NOTEPAD.md (want a working-tree path or a <rev>:<path> pin)
ERROR: research/small-cancellation-router-spec-proof.md: artifact not found: GroupApproximation/Sofic/SmallCancellationRouter.lean (want a working-tree path or a <rev>:<path> pin)
ERROR: research/small-degree-bmw-parity-kernels-not-left-orderable-proof.md: artifact not found: experiments/bmw-census-left-orders-2026-09-17/README.md (want a working-tree path or a <rev>:<path> pin)
ERROR: research/small-degree-bmw-parity-kernels-not-left-orderable-proof.md: artifact not found: experiments/bmw-census-left-orders-2026-09-17/vh_enum.py (want a working-tree path or a <rev>:<path> pin)
ERROR: research/small-degree-bmw-parity-kernels-not-left-orderable-proof.md: artifact not found: experiments/bmw-census-left-orders-2026-09-17/crosscheck_33.py (want a working-tree path or a <rev>:<path> pin)
ERROR: research/small-degree-bmw-parity-kernels-not-left-orderable-proof.md: artifact not found: experiments/bmw-census-left-orders-2026-09-17/lo_census.py (want a working-tree path or a <rev>:<path> pin)
ERROR: research/small-degree-bmw-parity-kernels-not-left-orderable-proof.md: artifact not found: experiments/bmw-census-left-orders-2026-09-17/selfcheck.py (want a working-tree path or a <rev>:<path> pin)
ERROR: research/small-degree-bmw-parity-kernels-not-left-orderable-proof.md: artifact not found: experiments/bmw-census-left-orders-2026-09-17/identify.py (want a working-tree path or a <rev>:<path> pin)
ERROR: research/small-degree-bmw-parity-kernels-not-left-orderable-proof.md: artifact not found: experiments/bmw-census-left-orders-2026-09-17/summarize.py (want a working-tree path or a <rev>:<path> pin)
ERROR: research/small-degree-irreducible-bmw-parity-kernels-not-left-orderable.md: artifact not found: experiments/bmw-census-left-orders-2026-09-17/README.md (want a working-tree path or a <rev>:<path> pin)
ERROR: research/small-degree-irreducible-bmw-parity-kernels-not-left-orderable.md: artifact not found: experiments/bmw-census-left-orders-2026-09-17/vh_enum.py (want a working-tree path or a <rev>:<path> pin)
ERROR: research/small-degree-irreducible-bmw-parity-kernels-not-left-orderable.md: artifact not found: experiments/bmw-census-left-orders-2026-09-17/crosscheck_33.py (want a working-tree path or a <rev>:<path> pin)
ERROR: research/small-degree-irreducible-bmw-parity-kernels-not-left-orderable.md: artifact not found: experiments/bmw-census-left-orders-2026-09-17/crosscheck_33.log (want a working-tree path or a <rev>:<path> pin)
ERROR: research/small-degree-irreducible-bmw-parity-kernels-not-left-orderable.md: artifact not found: experiments/bmw-census-left-orders-2026-09-17/lo_census.py (want a working-tree path or a <rev>:<path> pin)
ERROR: research/small-degree-irreducible-bmw-parity-kernels-not-left-orderable.md: artifact not found: experiments/bmw-census-left-orders-2026-09-17/selfcheck.py (want a working-tree path or a <rev>:<path> pin)
ERROR: research/small-degree-irreducible-bmw-parity-kernels-not-left-orderable.md: artifact not found: experiments/bmw-census-left-orders-2026-09-17/selfcheck_1.log (want a working-tree path or a <rev>:<path> pin)
ERROR: research/small-degree-irreducible-bmw-parity-kernels-not-left-orderable.md: artifact not found: experiments/bmw-census-left-orders-2026-09-17/identify.py (want a working-tree path or a <rev>:<path> pin)
ERROR: research/small-degree-irreducible-bmw-parity-kernels-not-left-orderable.md: artifact not found: experiments/bmw-census-left-orders-2026-09-17/summarize.py (want a working-tree path or a <rev>:<path> pin)
ERROR: research/small-degree-irreducible-bmw-parity-kernels-not-left-orderable.md: artifact not found: experiments/bmw-census-left-orders-2026-09-17/run_all.sh (want a working-tree path or a <rev>:<path> pin)
ERROR: research/small-degree-irreducible-bmw-parity-kernels-not-left-orderable.md: artifact not found: experiments/bmw-census-left-orders-2026-09-17/census_30_30.json (want a working-tree path or a <rev>:<path> pin)
ERROR: research/small-degree-irreducible-bmw-parity-kernels-not-left-orderable.md: artifact not found: experiments/bmw-census-left-orders-2026-09-17/census_31_30.json (want a working-tree path or a <rev>:<path> pin)
ERROR: research/small-degree-irreducible-bmw-parity-kernels-not-left-orderable.md: artifact not found: experiments/bmw-census-left-orders-2026-09-17/census_31_31.json (want a working-tree path or a <rev>:<path> pin)
ERROR: research/small-degree-irreducible-bmw-parity-kernels-not-left-orderable.md: artifact not found: experiments/bmw-census-left-orders-2026-09-17/census_40_30.json (want a working-tree path or a <rev>:<path> pin)
ERROR: research/small-degree-irreducible-bmw-parity-kernels-not-left-orderable.md: artifact not found: experiments/bmw-census-left-orders-2026-09-17/census_41_30.json (want a working-tree path or a <rev>:<path> pin)
ERROR: research/small-degree-irreducible-bmw-parity-kernels-not-left-orderable.md: artifact not found: experiments/bmw-census-left-orders-2026-09-17/census_41_31.json (want a working-tree path or a <rev>:<path> pin)
ERROR: research/small-degree-irreducible-bmw-parity-kernels-not-left-orderable.md: artifact not found: experiments/bmw-census-left-orders-2026-09-17/census_42_30.json (want a working-tree path or a <rev>:<path> pin)
ERROR: research/small-degree-irreducible-bmw-parity-kernels-not-left-orderable.md: artifact not found: experiments/bmw-census-left-orders-2026-09-17/census_42_31.json (want a working-tree path or a <rev>:<path> pin)
ERROR: research/small-degree-irreducible-bmw-parity-kernels-not-left-orderable.md: artifact not found: experiments/bmw-census-left-orders-2026-09-17/census_42_42.json (want a working-tree path or a <rev>:<path> pin)
ERROR: research/small-degree-irreducible-bmw-parity-kernels-not-left-orderable.md: artifact not found: experiments/bmw-census-left-orders-2026-09-17/out_30_30.jsonl (want a working-tree path or a <rev>:<path> pin)
ERROR: research/small-degree-irreducible-bmw-parity-kernels-not-left-orderable.md: artifact not found: experiments/bmw-census-left-orders-2026-09-17/out_31_30.jsonl (want a working-tree path or a <rev>:<path> pin)
ERROR: research/small-degree-irreducible-bmw-parity-kernels-not-left-orderable.md: artifact not found: experiments/bmw-census-left-orders-2026-09-17/out_31_31.jsonl (want a working-tree path or a <rev>:<path> pin)
ERROR: research/small-degree-irreducible-bmw-parity-kernels-not-left-orderable.md: artifact not found: experiments/bmw-census-left-orders-2026-09-17/out_40_30.jsonl (want a working-tree path or a <rev>:<path> pin)
ERROR: research/small-degree-irreducible-bmw-parity-kernels-not-left-orderable.md: artifact not found: experiments/bmw-census-left-orders-2026-09-17/out_41_30.jsonl (want a working-tree path or a <rev>:<path> pin)
ERROR: research/small-degree-irreducible-bmw-parity-kernels-not-left-orderable.md: artifact not found: experiments/bmw-census-left-orders-2026-09-17/out_41_31.jsonl (want a working-tree path or a <rev>:<path> pin)
ERROR: research/small-degree-irreducible-bmw-parity-kernels-not-left-orderable.md: artifact not found: experiments/bmw-census-left-orders-2026-09-17/out_42_30.jsonl (want a working-tree path or a <rev>:<path> pin)
ERROR: research/small-degree-irreducible-bmw-parity-kernels-not-left-orderable.md: artifact not found: experiments/bmw-census-left-orders-2026-09-17/out_42_31.jsonl (want a working-tree path or a <rev>:<path> pin)
ERROR: research/small-degree-irreducible-bmw-parity-kernels-not-left-orderable.md: artifact not found: experiments/bmw-census-left-orders-2026-09-17/out_42_42.jsonl (want a working-tree path or a <rev>:<path> pin)
ERROR: research/small-leavitt-invariant-output-windows-have-finite-separations.md: artifact not found: experiments/gottschalk-small-presentations/window_table_screen.py (want a working-tree path or a <rev>:<path> pin)
ERROR: research/small-leavitt-invariant-output-windows-have-finite-separations.md: artifact not found: experiments/gottschalk-small-presentations/runs/res-a.json (want a working-tree path or a <rev>:<path> pin)
ERROR: research/small-leavitt-invariant-output-windows-have-finite-separations.md: artifact not found: experiments/gottschalk-small-presentations/runs/res-b.json (want a working-tree path or a <rev>:<path> pin)
ERROR: research/small-leavitt-invariant-output-windows-have-finite-separations.md: artifact not found: experiments/gottschalk-small-presentations/runs/res-c.json (want a working-tree path or a <rev>:<path> pin)
ERROR: research/small-leavitt-invariant-output-windows-have-finite-separations.md: artifact not found: experiments/gottschalk-small-presentations/nine_leaf_corner_rep.py (want a working-tree path or a <rev>:<path> pin)
ERROR: research/small-leavitt-invariant-output-windows-have-finite-separations.md: artifact not found: experiments/gottschalk-small-presentations/runs/wit/eld-full-order2-1-1.witness.json (want a working-tree path or a <rev>:<path> pin)
ERROR: research/small-leavitt-window-separation-certificates.md: artifact not found: experiments/gottschalk-small-presentations/window_table_screen.py (want a working-tree path or a <rev>:<path> pin)
ERROR: research/small-leavitt-window-separation-certificates.md: artifact not found: experiments/gottschalk-small-presentations/nine_leaf_corner_rep.py (want a working-tree path or a <rev>:<path> pin)
ERROR: research/small-leavitt-windows-carry-no-strict-design.md: artifact not found: experiments/gk3-leavitt-nonlinear/general_window_screen.py (want a working-tree path or a <rev>:<path> pin)
ERROR: research/small-leavitt-windows-carry-no-strict-design.md: artifact not found: experiments/gk3-leavitt-nonlinear/runs/gen.json (want a working-tree path or a <rev>:<path> pin)
ERROR: research/small-leavitt-windows-carry-no-strict-design.md: artifact not found: experiments/gk3-leavitt-nonlinear/runs/gapstage-791209.log (want a working-tree path or a <rev>:<path> pin)
ERROR: research/small-leavitt-windows-no-strict-design-proof.md: artifact not found: experiments/gk3-leavitt-nonlinear/general_window_screen.py (want a working-tree path or a <rev>:<path> pin)
ERROR: research/small-leavitt-windows-no-strict-design-proof.md: artifact not found: experiments/gk3-leavitt-nonlinear/runs/gen.json (want a working-tree path or a <rev>:<path> pin)
ERROR: research/small-leavitt-windows-no-strict-design-proof.md: artifact not found: experiments/gk3-leavitt-nonlinear/runs/gapstage-791209.log (want a working-tree path or a <rev>:<path> pin)
ERROR: research/small-window-quasigroup-sub-sfts-have-periodic-points-proof.md: artifact not found: experiments/triangle-permutive-sft-search-2026-09-17/README.md (want a working-tree path or a <rev>:<path> pin)
ERROR: research/small-window-quasigroup-sub-sfts-have-periodic-points-proof.md: artifact not found: experiments/triangle-permutive-sft-search-2026-09-17/search.py (want a working-tree path or a <rev>:<path> pin)
ERROR: research/small-window-quasigroup-sub-sfts-have-periodic-points-proof.md: artifact not found: experiments/triangle-permutive-sft-search-2026-09-17/validate.py (want a working-tree path or a <rev>:<path> pin)
ERROR: research/small-window-quasigroup-sub-sfts-have-periodic-points-proof.md: artifact not found: experiments/triangle-permutive-sft-search-2026-09-17/run3.log (want a working-tree path or a <rev>:<path> pin)
ERROR: research/small-window-quasigroup-sub-sfts-have-periodic-points.md: artifact not found: experiments/triangle-permutive-sft-search-2026-09-17/README.md (want a working-tree path or a <rev>:<path> pin)
ERROR: research/small-window-quasigroup-sub-sfts-have-periodic-points.md: artifact not found: experiments/triangle-permutive-sft-search-2026-09-17/search.py (want a working-tree path or a <rev>:<path> pin)
ERROR: research/small-window-quasigroup-sub-sfts-have-periodic-points.md: artifact not found: experiments/triangle-permutive-sft-search-2026-09-17/run3.log (want a working-tree path or a <rev>:<path> pin)
ERROR: research/soelberg-gardam-unit-has-no-integral-lift-proof.md: artifact not found: experiments/soelberg-unit-lifting-2026-09-17/soelberg_engine.py (want a working-tree path or a <rev>:<path> pin)
ERROR: research/soelberg-gardam-unit-has-no-integral-lift-proof.md: artifact not found: experiments/soelberg-unit-lifting-2026-09-17/soelberg_definite_shadows.py (want a working-tree path or a <rev>:<path> pin)
ERROR: research/soelberg-gardam-unit-has-no-integral-lift-proof.md: artifact not found: experiments/soelberg-unit-lifting-2026-09-17/logs/soelberg_definite_shadows.log (want a working-tree path or a <rev>:<path> pin)
ERROR: research/soelberg-gardam-unit-has-no-integral-lift.md: artifact not found: experiments/soelberg-unit-lifting-2026-09-17/soelberg_engine.py (want a working-tree path or a <rev>:<path> pin)
ERROR: research/soelberg-gardam-unit-has-no-integral-lift.md: artifact not found: experiments/soelberg-unit-lifting-2026-09-17/soelberg_definite_shadows.py (want a working-tree path or a <rev>:<path> pin)
ERROR: research/soelberg-gardam-unit-has-no-integral-lift.md: artifact not found: experiments/soelberg-unit-lifting-2026-09-17/logs/soelberg_definite_shadows.log (want a working-tree path or a <rev>:<path> pin)
ERROR: research/soelberg-support-pair-has-no-rational-units-proof.md: artifact not found: experiments/soelberg-unit-lifting-2026-09-17/soelberg_engine.py (want a working-tree path or a <rev>:<path> pin)
ERROR: research/soelberg-support-pair-has-no-rational-units-proof.md: artifact not found: experiments/soelberg-unit-lifting-2026-09-17/soelberg_definite_shadows.py (want a working-tree path or a <rev>:<path> pin)
ERROR: research/soelberg-support-pair-has-no-rational-units-proof.md: artifact not found: experiments/soelberg-unit-lifting-2026-09-17/build_system.py (want a working-tree path or a <rev>:<path> pin)
ERROR: research/soelberg-support-pair-has-no-rational-units-proof.md: artifact not found: experiments/soelberg-unit-lifting-2026-09-17/pair_shadow_classification.py (want a working-tree path or a <rev>:<path> pin)
ERROR: research/soelberg-support-pair-has-no-rational-units-proof.md: artifact not found: experiments/soelberg-unit-lifting-2026-09-17/run_all_msolve.sh (want a working-tree path or a <rev>:<path> pin)
ERROR: research/soelberg-support-pair-has-no-rational-units-proof.md: artifact not found: experiments/soelberg-unit-lifting-2026-09-17/calibrate_pair_shadow.py (want a working-tree path or a <rev>:<path> pin)
ERROR: research/soelberg-support-pair-has-no-rational-units-proof.md: artifact not found: experiments/soelberg-unit-lifting-2026-09-17/signed_monomial_sat.py (want a working-tree path or a <rev>:<path> pin)
ERROR: research/soelberg-support-pair-has-no-rational-units-proof.md: artifact not found: experiments/soelberg-unit-lifting-2026-09-17/calibrate_promislow.py (want a working-tree path or a <rev>:<path> pin)
ERROR: research/soelberg-support-pair-has-no-rational-units-proof.md: artifact not found: experiments/soelberg-unit-lifting-2026-09-17/logs/build_system.log (want a working-tree path or a <rev>:<path> pin)
ERROR: research/soelberg-support-pair-has-no-rational-units-proof.md: artifact not found: experiments/soelberg-unit-lifting-2026-09-17/logs/pair_shadow_classification.log (want a working-tree path or a <rev>:<path> pin)
ERROR: research/soelberg-support-pair-has-no-rational-units-proof.md: artifact not found: experiments/soelberg-unit-lifting-2026-09-17/logs/calibrate_pair_shadow.log (want a working-tree path or a <rev>:<path> pin)
ERROR: research/soelberg-support-pair-has-no-rational-units-proof.md: artifact not found: experiments/soelberg-unit-lifting-2026-09-17/logs/signed_monomial_sat.log (want a working-tree path or a <rev>:<path> pin)
ERROR: research/soelberg-support-pair-has-no-rational-units-proof.md: artifact not found: experiments/soelberg-unit-lifting-2026-09-17/logs/signed_monomial_sat_full.log (want a working-tree path or a <rev>:<path> pin)
ERROR: research/soelberg-support-pair-has-no-rational-units-proof.md: artifact not found: experiments/soelberg-unit-lifting-2026-09-17/logs/calibrate_promislow.log (want a working-tree path or a <rev>:<path> pin)
ERROR: research/soelberg-support-pair-has-no-rational-units.md: artifact not found: experiments/soelberg-unit-lifting-2026-09-17/soelberg_engine.py (want a working-tree path or a <rev>:<path> pin)
ERROR: research/soelberg-support-pair-has-no-rational-units.md: artifact not found: experiments/soelberg-unit-lifting-2026-09-17/soelberg_definite_shadows.py (want a working-tree path or a <rev>:<path> pin)
ERROR: research/soelberg-support-pair-has-no-rational-units.md: artifact not found: experiments/soelberg-unit-lifting-2026-09-17/build_system.py (want a working-tree path or a <rev>:<path> pin)
ERROR: research/soelberg-support-pair-has-no-rational-units.md: artifact not found: experiments/soelberg-unit-lifting-2026-09-17/pair_shadow_classification.py (want a working-tree path or a <rev>:<path> pin)
ERROR: research/soelberg-support-pair-has-no-rational-units.md: artifact not found: experiments/soelberg-unit-lifting-2026-09-17/run_all_msolve.sh (want a working-tree path or a <rev>:<path> pin)
ERROR: research/soelberg-support-pair-has-no-rational-units.md: artifact not found: experiments/soelberg-unit-lifting-2026-09-17/calibrate_pair_shadow.py (want a working-tree path or a <rev>:<path> pin)
ERROR: research/soelberg-support-pair-has-no-rational-units.md: artifact not found: experiments/soelberg-unit-lifting-2026-09-17/signed_monomial_sat.py (want a working-tree path or a <rev>:<path> pin)
ERROR: research/soelberg-support-pair-has-no-rational-units.md: artifact not found: experiments/soelberg-unit-lifting-2026-09-17/calibrate_promislow.py (want a working-tree path or a <rev>:<path> pin)
ERROR: research/soelberg-support-pair-has-no-rational-units.md: artifact not found: experiments/soelberg-unit-lifting-2026-09-17/logs/build_system.log (want a working-tree path or a <rev>:<path> pin)
ERROR: research/soelberg-support-pair-has-no-rational-units.md: artifact not found: experiments/soelberg-unit-lifting-2026-09-17/logs/pair_shadow_classification.log (want a working-tree path or a <rev>:<path> pin)
ERROR: research/soelberg-support-pair-has-no-rational-units.md: artifact not found: experiments/soelberg-unit-lifting-2026-09-17/logs/calibrate_pair_shadow.log (want a working-tree path or a <rev>:<path> pin)
ERROR: research/soelberg-support-pair-has-no-rational-units.md: artifact not found: experiments/soelberg-unit-lifting-2026-09-17/logs/signed_monomial_sat.log (want a working-tree path or a <rev>:<path> pin)
ERROR: research/soelberg-support-pair-has-no-rational-units.md: artifact not found: experiments/soelberg-unit-lifting-2026-09-17/logs/signed_monomial_sat_full.log (want a working-tree path or a <rev>:<path> pin)
ERROR: research/soelberg-support-pair-has-no-rational-units.md: artifact not found: experiments/soelberg-unit-lifting-2026-09-17/logs/calibrate_promislow.log (want a working-tree path or a <rev>:<path> pin)
ERROR: research/sofic-cyclic-mf-quotient-proof.md: artifact not found: non_mf_groups_exist.tex (want a working-tree path or a <rev>:<path> pin)
ERROR: research/sofic-groups-are-qca-surjunctive.md: artifact not found: experiments/qca-surjunctivity-2026-09-17/clifford_qca_check.py (want a working-tree path or a <rev>:<path> pin)
ERROR: research/sofic-groups-are-qca-surjunctive.md: artifact not found: experiments/qca-surjunctivity-2026-09-17/clifford_qca_check.out (want a working-tree path or a <rev>:<path> pin)
ERROR: research/sofic-groups-are-quantum-surjunctive-proof.md: artifact not found: experiments/quantum-surjunctivity-2026-09-17/clifford_star_f2.py (want a working-tree path or a <rev>:<path> pin)
ERROR: research/sofic-groups-are-quantum-surjunctive.md: artifact not found: experiments/quantum-surjunctivity-2026-09-17/clifford_star_f2.py (want a working-tree path or a <rev>:<path> pin)
ERROR: research/sofic-groups-are-quantum-surjunctive.md: artifact not found: experiments/quantum-surjunctivity-2026-09-17/clifford_star_f2-output.txt (want a working-tree path or a <rev>:<path> pin)
ERROR: research/sofic-implies-hyperlinear-proof.md: artifact not found: GroupApproximation/Sofic/Hyperlinear.lean (want a working-tree path or a <rev>:<path> pin)
ERROR: research/sofic-kernel-amenable-quotient-permanence-proof.md: artifact not found: GroupApproximation/Sofic/SoficByAmenablePermanence.lean (want a working-tree path or a <rev>:<path> pin)
ERROR: research/sofic-kernel-amenable-quotient-permanence-proof.md: artifact not found: GroupApproximation/Sofic/SoficIntegerExtension.lean (want a working-tree path or a <rev>:<path> pin)
ERROR: research/sofic-kernel-amenable-quotient-permanence.md: artifact not found: GroupApproximation/Sofic/SoficByAmenablePermanence.lean (want a working-tree path or a <rev>:<path> pin)
ERROR: research/sofic-kernel-amenable-quotient-permanence.md: artifact not found: GroupApproximation/Sofic/SoficIntegerExtension.lean (want a working-tree path or a <rev>:<path> pin)
ERROR: research/sofic-kernel-amenable-quotient-permanence.md: artifact not found: non_mf_groups_exist.tex (want a working-tree path or a <rev>:<path> pin)
ERROR: research/sofic-non-mf-witness-proof.md: artifact not found: non_mf_groups_exist.tex (want a working-tree path or a <rev>:<path> pin)
ERROR: research/sofic-non-mf-witness-proof.md: artifact not found: GroupApproximation/Sofic/LiteralWitnessConsequences.lean (want a working-tree path or a <rev>:<path> pin)
ERROR: research/sofic-non-mf-witness-proof.md: artifact not found: GroupApproximation/Sofic/SoficTelescope.lean (want a working-tree path or a <rev>:<path> pin)
ERROR: research/sofic-non-mf-witness-proof.md: artifact not found: GroupApproximation/Sofic/SoficInvariantFiniteKernel.lean (want a working-tree path or a <rev>:<path> pin)
ERROR: research/sofic-non-mf-witness-proof.md: artifact not found: GroupApproximation/Sofic/FiniteOrbitInvariantKernel.lean (want a working-tree path or a <rev>:<path> pin)
ERROR: research/sofic-non-mf-witness-proof.md: artifact not found: GroupApproximation/Sofic/MappingTelescopeFiniteOrbits.lean (want a working-tree path or a <rev>:<path> pin)
ERROR: research/sofic-non-mf-witness-proof.md: artifact not found: GroupApproximation/Sofic/SoficMarkedCompression.lean (want a working-tree path or a <rev>:<path> pin)
ERROR: research/sofic-non-mf-witness-proof.md: artifact not found: GroupApproximation/Sofic/LiteralBaseDoublingIndex.lean (want a working-tree path or a <rev>:<path> pin)
ERROR: research/sofic-non-mf-witness-proof.md: artifact not found: GroupApproximation/Monsters/ExplicitIntegralLinearModel.lean (want a working-tree path or a <rev>:<path> pin)
ERROR: research/sofic-non-mf-witness-proof.md: artifact not found: GroupApproximation/Sofic/SoficIntegerExtension.lean (want a working-tree path or a <rev>:<path> pin)
ERROR: research/sofic-non-mf-witness-proof.md: artifact not found: GroupApproximation/Sofic/LiteralWitnessConsequences.lean (want a working-tree path or a <rev>:<path> pin)
ERROR: research/sofic-non-mf-witness-proof.md: artifact not found: GroupApproximation/Endpoint/NonMFImpact.lean (want a working-tree path or a <rev>:<path> pin)
ERROR: research/sofic-non-mf-witness.md: artifact not found: non_mf_groups_exist.tex (want a working-tree path or a <rev>:<path> pin)
ERROR: research/sofic-non-mf-witness.md: artifact not found: GroupApproximation/Sofic/LiteralWitnessConsequences.lean (want a working-tree path or a <rev>:<path> pin)
ERROR: research/sofic-non-mf-witness.md: artifact not found: GroupApproximation/Sofic/SoficTelescope.lean (want a working-tree path or a <rev>:<path> pin)
ERROR: research/sofic-non-mf-witness.md: artifact not found: GroupApproximation/Sofic/SoficInvariantFiniteKernel.lean (want a working-tree path or a <rev>:<path> pin)
ERROR: research/sofic-non-mf-witness.md: artifact not found: GroupApproximation/Sofic/FiniteOrbitInvariantKernel.lean (want a working-tree path or a <rev>:<path> pin)
ERROR: research/sofic-non-mf-witness.md: artifact not found: GroupApproximation/Sofic/MappingTelescopeFiniteOrbits.lean (want a working-tree path or a <rev>:<path> pin)
ERROR: research/sofic-non-mf-witness.md: artifact not found: GroupApproximation/Sofic/SoficMarkedCompression.lean (want a working-tree path or a <rev>:<path> pin)
ERROR: research/sofic-non-mf-witness.md: artifact not found: GroupApproximation/Sofic/LiteralBaseDoublingIndex.lean (want a working-tree path or a <rev>:<path> pin)
ERROR: research/sofic-non-mf-witness.md: artifact not found: GroupApproximation/Monsters/ExplicitIntegralLinearModel.lean (want a working-tree path or a <rev>:<path> pin)
ERROR: research/sofic-non-mf-witness.md: artifact not found: GroupApproximation/Sofic/SoficIntegerExtension.lean (want a working-tree path or a <rev>:<path> pin)
ERROR: research/sofic-non-mf-witness.md: artifact not found: GroupApproximation/Endpoint/NonMFImpact.lean (want a working-tree path or a <rev>:<path> pin)
ERROR: research/sofic-passes-to-subgroups-proof.md: artifact not found: GroupApproximation/Sofic/SoficTransfer.lean (want a working-tree path or a <rev>:<path> pin)
ERROR: research/sofic-passes-to-subgroups.md: artifact not found: GroupApproximation/Sofic/SoficTransfer.lean (want a working-tree path or a <rev>:<path> pin)
ERROR: research/sofic-promise-mf-recognition-two-isomorphism-types.md: artifact not found: GroupApproximation/Computability/SoficPromiseTwoType.lean (want a working-tree path or a <rev>:<path> pin)
ERROR: research/sofic-promise-mf-recognition-two-isomorphism-types.md: artifact not found: GroupApproximation/Computability/SoficPromiseMFRecognition.lean (want a working-tree path or a <rev>:<path> pin)
ERROR: research/sofic-quotient-nonclosure-via-universal-test-group.md: artifact not found: GroupApproximation/Endpoint/MainResults.lean (want a working-tree path or a <rev>:<path> pin)
ERROR: research/sofic-quotient-nonclosure.md: artifact not found: GroupApproximation/Endpoint/MainResults.lean (want a working-tree path or a <rev>:<path> pin)
ERROR: research/sofic-radical-linear-action-proof.md: artifact not found: notes/TRUE_LINEAR_SOFIC_RADICAL_INEQUALITY.md (want a working-tree path or a <rev>:<path> pin)
ERROR: research/sofic-recognition-finite-presentations-arithmetical-position.md: artifact not found: GroupApproximation/Computability/SoficRecognitionPi02.lean (want a working-tree path or a <rev>:<path> pin)
ERROR: research/sofic-recognition-finite-presentations-arithmetical-position.md: artifact not found: GroupApproximation/Computability/SoficMarkov.lean (want a working-tree path or a <rev>:<path> pin)
ERROR: research/sofic-recognition-has-a-pi2-upper-bound.md: artifact not found: GroupApproximation/Computability/SoficEnumeratedPi02.lean (want a working-tree path or a <rev>:<path> pin)
ERROR: research/sofic-recognition-has-a-pi2-upper-bound.md: artifact not found: GroupApproximation/Computability/SoficRecognitionPi02.lean (want a working-tree path or a <rev>:<path> pin)
ERROR: research/sofic-recognition-has-a-pi2-upper-bound.md: artifact not found: GroupApproximation/Computability/SoficMicrostateNormalForm.lean (want a working-tree path or a <rev>:<path> pin)
ERROR: research/sofic-recognition-has-a-pi2-upper-bound.md: artifact not found: GroupApproximation/Sofic/Sofic.lean (want a working-tree path or a <rev>:<path> pin)
ERROR: research/sofic-recognition-has-a-pi2-upper-bound.md: artifact not found: GroupApproximation/Covers/TableCover.lean (want a working-tree path or a <rev>:<path> pin)
ERROR: research/sofic-recognition-two-generator-recursive-is-pi2-complete.md: artifact not found: GroupApproximation/Computability/SoficEnumeratedPi02.lean (want a working-tree path or a <rev>:<path> pin)
ERROR: research/sofic-recognition-two-generator-recursive-is-pi2-complete.md: artifact not found: GroupApproximation/Computability/SoficRecognitionSecondLevel.lean (want a working-tree path or a <rev>:<path> pin)
ERROR: research/sofic-recognition-two-generator-recursive-is-pi2-complete.md: artifact not found: GroupApproximation/Endpoint/MainResults.lean (want a working-tree path or a <rev>:<path> pin)
ERROR: research/sofic-stable-implies-residually-finite-proof.md: artifact not found: notes/SOFIC_STABLE_IMPLIES_RESIDUALLY_FINITE_2026-08-14.md (want a working-tree path or a <rev>:<path> pin)
ERROR: research/sofic-stable-implies-residually-finite.md: artifact not found: notes/SOFIC_STABLE_IMPLIES_RESIDUALLY_FINITE_2026-08-14.md (want a working-tree path or a <rev>:<path> pin)
ERROR: research/sofic-stable-implies-residually-finite.md: artifact not found: notes/LITERAL_GROUP_IS_SOFIC_2026-08-14.md (want a working-tree path or a <rev>:<path> pin)
ERROR: research/soft-block-mass-yields-fractional-branch.md: artifact not found: notes/TRUE_TRACE_FLAT_BLOCK_SPECTRAL_FLOOR.md (want a working-tree path or a <rev>:<path> pin)
ERROR: research/solvable-ancilla-realizations-of-binary-automata-are-affine.md: artifact not found: experiments/solvable-ancilla-realizations-2026-09-17/check_realizations.py (want a working-tree path or a <rev>:<path> pin)
ERROR: research/solvable-ancilla-realizations-of-binary-automata-are-affine.md: artifact not found: experiments/solvable-ancilla-realizations-2026-09-17/results.txt (want a working-tree path or a <rev>:<path> pin)
ERROR: research/solvable-by-metabelian-edge-images-collapse-higman-quotients.md: artifact not found: experiments/higman-solvable-by-metabelian-2026-09-17/README.md (want a working-tree path or a <rev>:<path> pin)
ERROR: research/solvable-polynomial-automata-reduce-to-kaplansky.md: artifact not found: experiments/solvable-polynomial-automata-2026-09-17/check_fibration.py (want a working-tree path or a <rev>:<path> pin)
ERROR: research/solvable-polynomial-automata-reduce-to-kaplansky.md: artifact not found: experiments/solvable-polynomial-automata-2026-09-17/results-seed1.txt (want a working-tree path or a <rev>:<path> pin)
ERROR: research/solvable-polynomial-automata-reduce-to-kaplansky.md: artifact not found: experiments/solvable-polynomial-automata-2026-09-17/results-seed2.txt (want a working-tree path or a <rev>:<path> pin)
ERROR: research/solvable-polynomially-split-alphabets-two-way-kaplansky.md: artifact not found: experiments/solvable-polynomial-automata-2026-09-17/split_layers.py (want a working-tree path or a <rev>:<path> pin)
ERROR: research/solvable-polynomially-split-alphabets-two-way-kaplansky.md: artifact not found: experiments/solvable-polynomial-automata-2026-09-17/results-split.txt (want a working-tree path or a <rev>:<path> pin)
ERROR: research/some-finite-cloning-system-group-is-not-locally-cocf.md: artifact not found: experiments/cloning-period-growth-2026-09-17/phi_and_counter_circuit.py (want a working-tree path or a <rev>:<path> pin)
ERROR: research/some-finite-cloning-system-group-is-not-locally-cocf.md: artifact not found: experiments/cloning-period-growth-2026-09-17/output.txt (want a working-tree path or a <rev>:<path> pin)
WARNING: research/some-gl-n-z-in-no-nv-via-heisenberg.md: prerequisite heisenberg-group-embeds-in-no-brin-thompson-group reads like a restatement of target some-gl-n-z-embeds-in-no-brin-thompson-group; if the route only renames the problem, replace the prerequisite with one that can independently fail
ERROR: research/sp4-even-theta-constants-computation.md: artifact not found: experiments/maslov_sector/theta_constants.py (want a working-tree path or a <rev>:<path> pin)
ERROR: research/sp4-even-theta-constants-computation.md: artifact not found: experiments/maslov_sector/theta_verify.py (want a working-tree path or a <rev>:<path> pin)
ERROR: research/sp4-even-theta-constants-computation.md: artifact not found: experiments/maslov_sector/theta_verify.log (want a working-tree path or a <rev>:<path> pin)
ERROR: research/sp4-even-theta-constants-realize-the-metaplectic-class.md: artifact not found: experiments/maslov_sector/theta_constants.py (want a working-tree path or a <rev>:<path> pin)
ERROR: research/sp4-even-theta-constants-realize-the-metaplectic-class.md: artifact not found: experiments/maslov_sector/theta_verify.py (want a working-tree path or a <rev>:<path> pin)
ERROR: research/sp4-even-theta-constants-realize-the-metaplectic-class.md: artifact not found: experiments/maslov_sector/seed_theta_d10.json (want a working-tree path or a <rev>:<path> pin)
ERROR: research/sp4-metaplectic-class-is-not-inflated-from-level-two.md: artifact not found: experiments/maslov_sector/spin_seed.py (want a working-tree path or a <rev>:<path> pin)
ERROR: research/sp4-metaplectic-class-level-two-computation.md: artifact not found: experiments/maslov_sector/spin_seed.py (want a working-tree path or a <rev>:<path> pin)
ERROR: research/sp4-metaplectic-class-level-two-computation.md: artifact not found: experiments/maslov_sector/RESULTS.txt (want a working-tree path or a <rev>:<path> pin)
ERROR: research/sp4-root-relators-below-length-twelve-lift-to-universal-cover.md: artifact not found: experiments/maslov_sector/presentation.py (want a working-tree path or a <rev>:<path> pin)
ERROR: research/sp4-root-relators-below-length-twelve-lift-to-universal-cover.md: artifact not found: experiments/maslov_sector/lifted_relators.txt (want a working-tree path or a <rev>:<path> pin)
ERROR: research/sp4-root-relators-lift-computation.md: artifact not found: experiments/maslov_sector/presentation.py (want a working-tree path or a <rev>:<path> pin)
ERROR: research/sp4-root-relators-lift-computation.md: artifact not found: experiments/maslov_sector/lift_lattice_check.py (want a working-tree path or a <rev>:<path> pin)
ERROR: research/sp4-root-relators-lift-computation.md: artifact not found: experiments/maslov_sector/RESULTS.txt (want a working-tree path or a <rev>:<path> pin)
ERROR: research/sp4-second-order-theta-computation.md: artifact not found: experiments/maslov_sector/theta2b.py (want a working-tree path or a <rev>:<path> pin)
ERROR: research/sp4-second-order-theta-computation.md: artifact not found: experiments/maslov_sector/theta2b.log (want a working-tree path or a <rev>:<path> pin)
ERROR: research/sp4-second-order-thetas-realize-metaplectic-class-in-dim-four.md: artifact not found: experiments/maslov_sector/theta2b.py (want a working-tree path or a <rev>:<path> pin)
ERROR: research/sp4-second-order-thetas-realize-metaplectic-class-in-dim-four.md: artifact not found: experiments/maslov_sector/theta2b.log (want a working-tree path or a <rev>:<path> pin)
ERROR: research/sp4-second-order-thetas-realize-metaplectic-class-in-dim-four.md: artifact not found: experiments/maslov_sector/seed_theta_d4.json (want a working-tree path or a <rev>:<path> pin)
ERROR: research/sp4-spin-cover-projective-representation-computation.md: artifact not found: experiments/maslov_sector/spin_seed.py (want a working-tree path or a <rev>:<path> pin)
ERROR: research/sp4-spin-cover-projective-representation-computation.md: artifact not found: experiments/maslov_sector/spin_phases.py (want a working-tree path or a <rev>:<path> pin)
ERROR: research/sp4-spin-cover-projective-representation-computation.md: artifact not found: experiments/maslov_sector/RESULTS.txt (want a working-tree path or a <rev>:<path> pin)
ERROR: research/sp4-spin-cover-projective-representation-in-dimension-four.md: artifact not found: experiments/maslov_sector/spin_seed.py (want a working-tree path or a <rev>:<path> pin)
ERROR: research/sp4-spin-cover-projective-representation-in-dimension-four.md: artifact not found: experiments/maslov_sector/spin_phases.py (want a working-tree path or a <rev>:<path> pin)
ERROR: research/sp4-spin-cover-projective-representation-in-dimension-four.md: artifact not found: experiments/maslov_sector/seed_spin_d4.json (want a working-tree path or a <rev>:<path> pin)
ERROR: research/spectator-dressed-gram-does-not-share-selector-gauges.md: artifact not found: experiments/spectator_dressed_selector_gram_fence.py (want a working-tree path or a <rev>:<path> pin)
ERROR: research/spectral-gap-no-output-kill-proof.md: artifact not found: experiments/ugc-spectral-no-kill-2026-09-17/check_spectral_no_kill.py (want a working-tree path or a <rev>:<path> pin)
ERROR: research/spectral-gap-no-outputs-cannot-prove-ugc.md: artifact not found: experiments/ugc-spectral-no-kill-2026-09-17/check_spectral_no_kill.py (want a working-tree path or a <rev>:<path> pin)
ERROR: research/spectral-recurrence-power-return-non-mf-criterion.md: artifact not found: GroupApproximation/Sofic/CollisionCapacityDetectors.lean (want a working-tree path or a <rev>:<path> pin)
ERROR: research/spectral-recurrence-power-return-proof.md: artifact not found: GroupApproximation/Sofic/CollisionCapacityDetectors.lean (want a working-tree path or a <rev>:<path> pin)
ERROR: research/split-abelian-kernel-failure-proof.md: artifact not found: GroupApproximation/Algebra/PermutationalWreath.lean (want a working-tree path or a <rev>:<path> pin)
ERROR: research/split-cyclic-kazhdan-defect-exact-mf-radical-proof.md: artifact not found: GroupApproximation/Sofic/NormalKazhdanMFRadical.lean (want a working-tree path or a <rev>:<path> pin)
ERROR: research/split-cyclic-kazhdan-defect-exact-mf-radical-proof.md: artifact not found: GroupApproximation/Sofic/SoficByAmenablePermanence.lean (want a working-tree path or a <rev>:<path> pin)
ERROR: research/split-cyclic-kazhdan-defect-exact-mf-radical.md: artifact not found: GroupApproximation/Sofic/NormalKazhdanMFRadical.lean (want a working-tree path or a <rev>:<path> pin)
ERROR: research/split-cyclic-kazhdan-defect-exact-mf-radical.md: artifact not found: GroupApproximation/Sofic/SoficByAmenablePermanence.lean (want a working-tree path or a <rev>:<path> pin)
ERROR: research/split-cyclic-kazhdan-defect-exact-mf-radical.md: artifact not found: GroupApproximation/Algebra/HNNFinitePresentation.lean (want a working-tree path or a <rev>:<path> pin)
ERROR: research/spread-support-overlap-forces-non-expanding-small-sets.md: artifact not found: experiments/support-overlap-sse-kill-2026-09-17/check_support_overlap_kill.py (want a working-tree path or a <rev>:<path> pin)
ERROR: research/spread-support-overlap-kill-proof.md: artifact not found: experiments/support-overlap-sse-kill-2026-09-17/check_support_overlap_kill.py (want a working-tree path or a <rev>:<path> pin)
ERROR: research/square-covariance-cubic-spectrum-proof.md: artifact not found: experiments/verify_cubic_spectral_basin.py (want a working-tree path or a <rev>:<path> pin)
ERROR: research/stabilizer-rounding-constant-is-one-over-sqrt2-proof.md: artifact not found: experiments/stabilizer-rounding-constant-2026-09-17/README.md (want a working-tree path or a <rev>:<path> pin)
ERROR: research/stabilizer-rounding-constant-is-one-over-sqrt2.md: artifact not found: experiments/stabilizer-rounding-constant-2026-09-17/README.md (want a working-tree path or a <rev>:<path> pin)
ERROR: research/stable-finiteness-reduces-to-prime-field.md: artifact not found: c1168433:official/counterexample.tex (want a working-tree path or a <rev>:<path> pin)
ERROR: research/stage-one-lamp-difference-radical.md: artifact not found: GroupApproximation/Sofic/AscendingHNNTelescopeRadical.lean (want a working-tree path or a <rev>:<path> pin)
ERROR: research/stage-one-radical-from-involutive-endpoint.md: artifact not found: GroupApproximation/Sofic/AscendingHNNTelescopeRadical.lean (want a working-tree path or a <rev>:<path> pin)
ERROR: research/standard-form-right-copy-does-not-freeze-zpc-controls.md: artifact not found: experiments/standard_form_right_copy_no_freezing.py (want a working-tree path or a <rev>:<path> pin)
ERROR: research/standard-form-right-copy-no-freezing-proof.md: artifact not found: experiments/standard_form_right_copy_no_freezing.py (want a working-tree path or a <rev>:<path> pin)
ERROR: research/standard-permanence-does-not-rigidify-the-cdi-image.md: artifact not found: notes/NONHYPERLINEAR_CHARACTER_REYNOLDS_INTEGRATION_2026-08-24.md (want a working-tree path or a <rev>:<path> pin)
ERROR: research/steinberg-five-seven-full-minor-proof.md: artifact not found: experiments/steinberg_fox_flag_screen.py (want a working-tree path or a <rev>:<path> pin)
ERROR: research/steinberg-hs-stability-equals-nonhyperlinearity-proof.md: artifact not found: notes/NOTEPAD.md (want a working-tree path or a <rev>:<path> pin)
ERROR: research/steinberg-hs-stability-equals-nonhyperlinearity.md: artifact not found: notes/NOTEPAD.md (want a working-tree path or a <rev>:<path> pin)
ERROR: research/steinberg-hs-stability-equals-nonhyperlinearity.md: artifact not found: notes/NON_MF_TO_HYPERLINEAR_DIFFERENTIAL_AUDIT.md (want a working-tree path or a <rev>:<path> pin)
ERROR: research/steinberg-hyperfinite-hs-stable-proof.md: artifact not found: notes/NOTEPAD.md (want a working-tree path or a <rev>:<path> pin)
ERROR: research/steinberg-hyperfinite-hs-stable.md: artifact not found: notes/NOTEPAD.md (want a working-tree path or a <rev>:<path> pin)
ERROR: research/steinberg-images-die-in-torsion-free-groups-proof.md: artifact not found: experiments/steinberg-weyl-torsion-2026-09-17/weyl_signs_check.py (want a working-tree path or a <rev>:<path> pin)
ERROR: research/steinberg-images-die-in-torsion-free-groups.md: artifact not found: experiments/steinberg-weyl-torsion-2026-09-17/weyl_signs_check.py (want a working-tree path or a <rev>:<path> pin)
ERROR: research/sticky-cylinder-gadget-compositions-cannot-prove-sseh.md: artifact not found: experiments/fibred-sse-kill-2026-09-17/check_fibred_kill.py (want a working-tree path or a <rev>:<path> pin)
ERROR: research/sticky-cylinder-gadget-compositions-kill-proof.md: artifact not found: experiments/fibred-sse-kill-2026-09-17/check_fibred_kill.py (want a working-tree path or a <rev>:<path> pin)
ERROR: research/strict-pairs-need-a-memory-with-five-elements-proof.md: artifact not found: experiments/gottschalk-residual-gap-census-2026-09-17/enumtables.c (want a working-tree path or a <rev>:<path> pin)
ERROR: research/strict-pairs-need-a-memory-with-five-elements-proof.md: artifact not found: experiments/gottschalk-residual-gap-census-2026-09-17/gapcensus.py (want a working-tree path or a <rev>:<path> pin)
ERROR: research/strict-pairs-need-a-memory-with-five-elements-proof.md: artifact not found: experiments/gottschalk-residual-gap-census-2026-09-17/pass2.py (want a working-tree path or a <rev>:<path> pin)
ERROR: research/strict-pairs-need-a-memory-with-five-elements-proof.md: artifact not found: experiments/gottschalk-residual-gap-census-2026-09-17/pass3.py (want a working-tree path or a <rev>:<path> pin)
ERROR: research/strict-pairs-need-a-memory-with-five-elements-proof.md: artifact not found: experiments/gottschalk-residual-gap-census-2026-09-17/merge.py (want a working-tree path or a <rev>:<path> pin)
ERROR: research/strict-pairs-need-a-memory-with-five-elements-proof.md: artifact not found: experiments/gottschalk-residual-gap-census-2026-09-17/verify.py (want a working-tree path or a <rev>:<path> pin)
ERROR: research/strict-pairs-need-a-memory-with-five-elements-proof.md: artifact not found: experiments/gottschalk-residual-gap-census-2026-09-17/census_4x4.jsonl.gz (want a working-tree path or a <rev>:<path> pin)
ERROR: research/strict-pairs-need-a-memory-with-five-elements-proof.md: artifact not found: experiments/gottschalk-residual-gap-census-2026-09-17/rejected_sample_4x4.jsonl.gz (want a working-tree path or a <rev>:<path> pin)
ERROR: research/strict-pairs-need-a-memory-with-five-elements-proof.md: artifact not found: experiments/gottschalk-residual-gap-census-2026-09-17/RESULTS.md (want a working-tree path or a <rev>:<path> pin)
ERROR: research/strict-pairs-need-a-memory-with-five-elements.md: artifact not found: experiments/gottschalk-residual-gap-census-2026-09-17/RESULTS.md (want a working-tree path or a <rev>:<path> pin)
ERROR: research/strict-pairs-need-a-memory-with-five-elements.md: artifact not found: experiments/gottschalk-residual-gap-census-2026-09-17/enumtables.c (want a working-tree path or a <rev>:<path> pin)
ERROR: research/strict-pairs-need-a-memory-with-five-elements.md: artifact not found: experiments/gottschalk-residual-gap-census-2026-09-17/gapcensus.py (want a working-tree path or a <rev>:<path> pin)
ERROR: research/strict-pairs-need-a-memory-with-five-elements.md: artifact not found: experiments/gottschalk-residual-gap-census-2026-09-17/pass2.py (want a working-tree path or a <rev>:<path> pin)
ERROR: research/strict-pairs-need-a-memory-with-five-elements.md: artifact not found: experiments/gottschalk-residual-gap-census-2026-09-17/pass3.py (want a working-tree path or a <rev>:<path> pin)
ERROR: research/strict-pairs-need-a-memory-with-five-elements.md: artifact not found: experiments/gottschalk-residual-gap-census-2026-09-17/verify.py (want a working-tree path or a <rev>:<path> pin)
ERROR: research/strict-pairs-need-a-memory-with-five-elements.md: artifact not found: experiments/gottschalk-residual-gap-census-2026-09-17/census_4x4.jsonl.gz (want a working-tree path or a <rev>:<path> pin)
ERROR: research/strongly-connected-branching-gives-rational-pressure.md: artifact not found: experiments/branching_pf_certificate.py (want a working-tree path or a <rev>:<path> pin)
ERROR: research/stw10-kazhdan-full-group-traces-are-qd.md: artifact not found: GroupApproximation/Manuscript/NinetyNineProblems/KazhdanQuasidiagonalTraces.lean (want a working-tree path or a <rev>:<path> pin)
ERROR: research/stw10-kazhdan-trace-rigidity-citation.md: artifact not found: GroupApproximation/Manuscript/NinetyNineProblems/KazhdanQuasidiagonalTraces.lean (want a working-tree path or a <rev>:<path> pin)
ERROR: research/stw50-six-kirchberg-circle-loops-proof.md: artifact not found: experiments/stw50_six_kirchberg_loops_check.py (want a working-tree path or a <rev>:<path> pin)
ERROR: research/stw50-six-kirchberg-circle-loops.md: artifact not found: experiments/stw50_six_kirchberg_loops_check.py (want a working-tree path or a <rev>:<path> pin)
ERROR: research/stw58-full-endpoint-matrix-piece-splitting-proof.md: artifact not found: notes/stw58-soft-module-compression-attempt-2026-09-05.md (want a working-tree path or a <rev>:<path> pin)
ERROR: research/stw59-lean-witness-simple-unital-not-k1-injective-proof.md: artifact not found: notes/lix-lane-reports/lix-lemma-two-lean-closure-2026-09-07.md (want a working-tree path or a <rev>:<path> pin)
ERROR: research/stw59-lean-witness-simple-unital-not-k1-injective-proof.md: artifact not found: notes/lix-lane-reports/cc-thom.md (want a working-tree path or a <rev>:<path> pin)
ERROR: research/stw59-lean-witness-simple-unital-not-k1-injective-proof.md: artifact not found: notes/lix-lane-reports/cs-endpoint.md (want a working-tree path or a <rev>:<path> pin)
ERROR: research/stw59-lean-witness-simple-unital-not-k1-injective.md: artifact not found: notes/lix-lane-reports/lix-lemma-two-lean-closure-2026-09-07.md (want a working-tree path or a <rev>:<path> pin)
ERROR: research/stw95-cu-z-tensor-counterexample.md: artifact not found: GroupApproximation/Manuscript/NinetyNineProblems/ProblemXCVCompactKTheory.lean (want a working-tree path or a <rev>:<path> pin)
ERROR: research/stw99-problem-ix1-nuclear-faithful-trace-quasidiagonal.md: artifact not found: GroupApproximation/Manuscript/NinetyNineProblems/StablyFinite.lean (want a working-tree path or a <rev>:<path> pin)
ERROR: research/stw99-problem-lviii-pure-k1-bijective.md: artifact not found: notes/stw58-coefficient-unitary-stabilization-2026-09-05.md (want a working-tree path or a <rev>:<path> pin)
ERROR: research/stw99-problem-lviii-pure-k1-bijective.md: artifact not found: notes/stw58-soft-module-compression-attempt-2026-09-05.md (want a working-tree path or a <rev>:<path> pin)
ERROR: research/stw99-problem-vii-blackadar-kirchberg.md: artifact not found: GroupApproximation/Manuscript/NinetyNineProblems/StablyFinite.lean (want a working-tree path or a <rev>:<path> pin)
ERROR: research/stw99-problem-x1-amenable-traces-quasidiagonal.md: artifact not found: GroupApproximation/Sofic/ResidualFinitePacket.lean (want a working-tree path or a <rev>:<path> pin)
ERROR: research/stw99-problem-x1-amenable-traces-quasidiagonal.md: artifact not found: GroupApproximation/Analysis/QuasiRegularCompression.lean (want a working-tree path or a <rev>:<path> pin)
ERROR: research/stw99-problem-x1-amenable-traces-quasidiagonal.md: artifact not found: GroupApproximation/Analysis/AmenableTraceGeneratorDense.lean (want a working-tree path or a <rev>:<path> pin)
ERROR: research/stw99-problem-x1-amenable-traces-quasidiagonal.md: artifact not found: GroupApproximation/Analysis/LocallyRFByIntAmenableTrace.lean (want a working-tree path or a <rev>:<path> pin)
ERROR: research/stw99-problem-x1-amenable-traces-quasidiagonal.md: artifact not found: GroupApproximation/Analysis/LocallyRFByIntAction.lean (want a working-tree path or a <rev>:<path> pin)
ERROR: research/stw99-problem-x1-amenable-traces-quasidiagonal.md: artifact not found: GroupApproximation/Analysis/LocallyRFByIntFactorization.lean (want a working-tree path or a <rev>:<path> pin)
ERROR: research/stw99-problem-x1-amenable-traces-quasidiagonal.md: artifact not found: GroupApproximation/Manuscript/NinetyNineProblems/KazhdanQuasidiagonalTraces.lean (want a working-tree path or a <rev>:<path> pin)
ERROR: research/stw99-problem-x1-amenable-traces-quasidiagonal.md: artifact not found: GroupApproximation/Manuscript/NinetyNineProblems/ProblemX.lean (want a working-tree path or a <rev>:<path> pin)
ERROR: research/stw99-problem-x1-fails-on-full-group-algebras.md: artifact not found: GroupApproximation/Sofic/ResidualFinitePacket.lean (want a working-tree path or a <rev>:<path> pin)
ERROR: research/stw99-problem-x1-fails-on-full-group-algebras.md: artifact not found: GroupApproximation/Analysis/QuasiRegularCompression.lean (want a working-tree path or a <rev>:<path> pin)
ERROR: research/stw99-problem-x1-fails-on-full-group-algebras.md: artifact not found: GroupApproximation/Analysis/AmenableTraceGeneratorDense.lean (want a working-tree path or a <rev>:<path> pin)
ERROR: research/stw99-problem-x1-fails-on-full-group-algebras.md: artifact not found: GroupApproximation/Analysis/LocallyRFByIntFactorization.lean (want a working-tree path or a <rev>:<path> pin)
ERROR: research/stw99-problem-x1-fails-on-full-group-algebras.md: artifact not found: GroupApproximation/Manuscript/NinetyNineProblems/ProblemX.lean (want a working-tree path or a <rev>:<path> pin)
ERROR: research/stw99-problem-x1-fails-on-full-group-algebras.md: artifact not found: GroupApproximation/Manuscript/NinetyNineProblems/ProblemXGroups.lean (want a working-tree path or a <rev>:<path> pin)
ERROR: research/stw99-vii-implies-ix1.md: artifact not found: GroupApproximation/Manuscript/NinetyNineProblems/StablyFinite.lean (want a working-tree path or a <rev>:<path> pin)
ERROR: research/stw99-x1-fails-via-literal-group.md: artifact not found: GroupApproximation/Sofic/ResidualFinitePacket.lean (want a working-tree path or a <rev>:<path> pin)
ERROR: research/stw99-x1-fails-via-literal-group.md: artifact not found: GroupApproximation/Analysis/QuasiRegularCompression.lean (want a working-tree path or a <rev>:<path> pin)
ERROR: research/stw99-x1-fails-via-literal-group.md: artifact not found: GroupApproximation/Analysis/AmenableTraceGeneratorDense.lean (want a working-tree path or a <rev>:<path> pin)
ERROR: research/stw99-x1-fails-via-literal-group.md: artifact not found: GroupApproximation/Analysis/LocallyRFByIntFactorization.lean (want a working-tree path or a <rev>:<path> pin)
ERROR: research/stw99-x1-fails-via-literal-group.md: artifact not found: GroupApproximation/Analysis/AmenableTraceHyperlinear.lean (want a working-tree path or a <rev>:<path> pin)
ERROR: research/stw99-x1-fails-via-literal-group.md: artifact not found: GroupApproximation/Manuscript/NinetyNineProblems/ProblemX.lean (want a working-tree path or a <rev>:<path> pin)
ERROR: research/stw99-x1-implies-ix1.md: artifact not found: GroupApproximation/Manuscript/NinetyNineProblems/ProblemXImpliesIX.lean (want a working-tree path or a <rev>:<path> pin)
ERROR: research/subexponential-schreier-growth-excludes-sl3z-and-bs1k.md: artifact not found: experiments/gl-n-z-2v-orbit-growth-2026-09-17/sl3z_root_distortion_words.py (want a working-tree path or a <rev>:<path> pin)
ERROR: research/subexponential-schreier-growth-excludes-sl3z-and-bs1k.md: artifact not found: experiments/gl-n-z-2v-orbit-growth-2026-09-17/output.txt (want a working-tree path or a <rev>:<path> pin)
ERROR: research/subshift-self-embedding-carries-no-surjunctivity-content.md: artifact not found: GroupApproximation/Leavitt/UnitAdditiveSpan.lean (want a working-tree path or a <rev>:<path> pin)
ERROR: research/supercritical-network-needs-noncanonical-cuts.md: artifact not found: notes/TRUE_DOUBLE_PAULI_COMB_IS_FOURIER_FLAT.md (want a working-tree path or a <rev>:<path> pin)
ERROR: research/supercritical-network-needs-noncanonical-cuts.md: artifact not found: notes/TRUE_TRACE_FLAT_COMMON_BLOCK_CONTRACTION_GAP.md (want a working-tree path or a <rev>:<path> pin)
ERROR: research/support-failure-has-fixed-pivot-rank-one-compiler-proof.md: artifact not found: experiments/minimal_rank_one_support_compiler.py (want a working-tree path or a <rev>:<path> pin)
ERROR: research/support-failure-has-fixed-pivot-rank-one-compiler.md: artifact not found: experiments/minimal_rank_one_support_compiler.py (want a working-tree path or a <rev>:<path> pin)
ERROR: research/support-failure-packet-has-explicit-hs-payment.md: artifact not found: experiments/minimal_rank_one_support_compiler.py (want a working-tree path or a <rev>:<path> pin)
ERROR: research/support-packet-covariant-wedderburn-detector.md: artifact not found: experiments/schur_packet_tensor_fusion_search.py (want a working-tree path or a <rev>:<path> pin)
ERROR: research/support-packet-covariant-wedderburn-detector.md: artifact not found: experiments/schur_packet_wedderburn_holonomy_opt.py (want a working-tree path or a <rev>:<path> pin)
ERROR: research/support-packet-covariant-wedderburn-detector.md: artifact not found: experiments/support_packet_wedderburn_tag_capacity.py (want a working-tree path or a <rev>:<path> pin)
ERROR: research/support-packet-covariant-wedderburn-detector.md: artifact not found: experiments/support_packet_wedderburn_tag_capacity_4.json (want a working-tree path or a <rev>:<path> pin)
ERROR: research/support-packet-covariant-wedderburn-detector.md: artifact not found: experiments/support_packet_wedderburn_tag_capacity_5.json (want a working-tree path or a <rev>:<path> pin)
ERROR: research/support-packet-covariant-wedderburn-detector.md: artifact not found: experiments/run_support_packet_capacity.sbatch (want a working-tree path or a <rev>:<path> pin)
ERROR: research/support-packet-five-sparse-wedderburn-tag-capacity-is-two.md: artifact not found: experiments/support_packet_wedderburn_tag_capacity.py (want a working-tree path or a <rev>:<path> pin)
ERROR: research/support-packet-five-sparse-wedderburn-tag-capacity-is-two.md: artifact not found: experiments/support_packet_wedderburn_tag_capacity_4.json (want a working-tree path or a <rev>:<path> pin)
ERROR: research/support-packet-five-sparse-wedderburn-tag-capacity-is-two.md: artifact not found: experiments/support_packet_wedderburn_tag_capacity_5.json (want a working-tree path or a <rev>:<path> pin)
ERROR: research/support-packet-five-sparse-wedderburn-tag-capacity-is-two.md: artifact not found: experiments/run_support_packet_capacity.sbatch (want a working-tree path or a <rev>:<path> pin)
ERROR: research/support-packet-literal-tensor-covariance-is-blind-proof.md: artifact not found: experiments/schur_packet_covariance_annihilator.py (want a working-tree path or a <rev>:<path> pin)
ERROR: research/support-packet-literal-tensor-covariance-is-blind.md: artifact not found: experiments/schur_packet_covariance_annihilator.py (want a working-tree path or a <rev>:<path> pin)
ERROR: research/support-packet-paired-word-frame-exposes-forbidden-rank-proof.md: artifact not found: experiments/schur_packet_paired_commutant_frame.py (want a working-tree path or a <rev>:<path> pin)
ERROR: research/support-packet-paired-word-frame-exposes-forbidden-rank.md: artifact not found: experiments/schur_packet_paired_commutant_frame.py (want a working-tree path or a <rev>:<path> pin)
ERROR: research/support-return-charts-meet-in-two-pauli-pairs.md: artifact not found: experiments/support_partial_whitehead_native_return_audit.py (want a working-tree path or a <rev>:<path> pin)
ERROR: research/support-return-gives-gauged-native-loop.md: artifact not found: experiments/support_partial_whitehead_native_return_audit.py (want a working-tree path or a <rev>:<path> pin)
ERROR: research/support-return-selector-occurrence-fence.md: artifact not found: experiments/support_partial_whitehead_native_return_audit.py (want a working-tree path or a <rev>:<path> pin)
ERROR: research/supported-unit-commutators-lie-in-corner-units.md: artifact not found: GroupApproximation/Manuscript/OneSidedMFRadical/MFQuotientUnitsStepOne.lean (want a working-tree path or a <rev>:<path> pin)
ERROR: research/supported-unit-corner-proof.md: artifact not found: GroupApproximation/Manuscript/OneSidedMFRadical/MFQuotientUnitsStepOne.lean (want a working-tree path or a <rev>:<path> pin)
ERROR: research/supported-unit-corner-proof.md: artifact not found: GroupApproximation/Algebra/PurelyInfiniteMatrixEmbedding.lean (want a working-tree path or a <rev>:<path> pin)
ERROR: research/supported-unit-corner-proof.md: artifact not found: GroupApproximation/Algebra/CornerUnitExtension.lean (want a working-tree path or a <rev>:<path> pin)
ERROR: research/supported-unit-corner-proof.md: artifact not found: GroupApproximation/KOne/BlockWhitehead.lean (want a working-tree path or a <rev>:<path> pin)
ERROR: research/symbol-blind-automata-on-pointed-memory-are-permutive-proof.md: artifact not found: experiments/symbol-blind-automata-2026-09-17/fd_sector_vs_measure.py (want a working-tree path or a <rev>:<path> pin)
ERROR: research/symbol-blind-automata-on-pointed-memory-are-permutive-proof.md: artifact not found: experiments/symbol-blind-automata-2026-09-17/fd_sector_results.txt (want a working-tree path or a <rev>:<path> pin)
ERROR: research/symbol-blind-automata-on-pointed-memory-are-permutive-proof.md: artifact not found: experiments/symbol-blind-automata-2026-09-17/pair_graph_over_z.py (want a working-tree path or a <rev>:<path> pin)
ERROR: research/symbol-blind-automata-on-pointed-memory-are-permutive-proof.md: artifact not found: experiments/symbol-blind-automata-2026-09-17/pair_graph_results.txt (want a working-tree path or a <rev>:<path> pin)
ERROR: research/symbol-blind-automata-on-pointed-memory-are-permutive.md: artifact not found: experiments/symbol-blind-automata-2026-09-17/fd_sector_vs_measure.py (want a working-tree path or a <rev>:<path> pin)
ERROR: research/symbol-blind-automata-on-pointed-memory-are-permutive.md: artifact not found: experiments/symbol-blind-automata-2026-09-17/fd_sector_results.txt (want a working-tree path or a <rev>:<path> pin)
ERROR: research/symbol-blind-automata-on-pointed-memory-are-permutive.md: artifact not found: experiments/symbol-blind-automata-2026-09-17/pair_graph_over_z.py (want a working-tree path or a <rev>:<path> pin)
ERROR: research/symbol-blind-automata-on-pointed-memory-are-permutive.md: artifact not found: experiments/symbol-blind-automata-2026-09-17/pair_graph_results.txt (want a working-tree path or a <rev>:<path> pin)
ERROR: research/symbol-blind-automata-reduce-to-defect-counting.md: artifact not found: experiments/symbol-blind-automata-2026-09-17/partition_census.py (want a working-tree path or a <rev>:<path> pin)
ERROR: research/symbol-blind-automata-reduce-to-defect-counting.md: artifact not found: experiments/symbol-blind-automata-2026-09-17/census_results.txt (want a working-tree path or a <rev>:<path> pin)
ERROR: research/symbol-blind-automata-reduce-to-defect-counting.md: artifact not found: experiments/symbol-blind-automata-2026-09-17/census_order8.txt (want a working-tree path or a <rev>:<path> pin)
ERROR: research/symmetric-double-weak-mf-proof.md: artifact not found: notes/WEAK_MF_NONSOFIC_DOUBLE.md (want a working-tree path or a <rev>:<path> pin)
ERROR: research/symmetric-double-weak-mf-proof.md: artifact not found: notes/FALSE_SHULMAN_TRACE_AUDIT.md (want a working-tree path or a <rev>:<path> pin)
ERROR: research/symmetric-double-weak-mf.md: artifact not found: notes/WEAK_MF_NONSOFIC_DOUBLE.md (want a working-tree path or a <rev>:<path> pin)
ERROR: research/symmetric-sign-packet-has-factorial-amitsur-density-loss.md: artifact not found: experiments/amitsur_sign_packet_density.py (want a working-tree path or a <rev>:<path> pin)
ERROR: research/target-packet-synchronization-proof.md: artifact not found: notes/TRUE_COMMUTING_TARGET_PACKETS_SYNCHRONIZE_TRANSITIONS.md (want a working-tree path or a <rev>:<path> pin)
ERROR: research/telescope-core-not-residually-finite-proof.md: artifact not found: notes/LITERAL_GROUP_IS_SOFIC_2026-08-14.md (want a working-tree path or a <rev>:<path> pin)
ERROR: research/telescope-core-not-residually-finite-proof.md: artifact not found: notes/COMMUTING_LAMP_QUOTIENT_STRUCTURE_AND_MF_FORK_2026-08-14.md (want a working-tree path or a <rev>:<path> pin)
ERROR: research/telescope-core-not-residually-finite.md: artifact not found: notes/LITERAL_GROUP_IS_SOFIC_2026-08-14.md (want a working-tree path or a <rev>:<path> pin)
ERROR: research/telescope-core-not-residually-finite.md: artifact not found: notes/COMMUTING_LAMP_QUOTIENT_STRUCTURE_AND_MF_FORK_2026-08-14.md (want a working-tree path or a <rev>:<path> pin)
ERROR: research/telescope-core-not-residually-finite.md: artifact not found: non_mf_groups_exist.tex (want a working-tree path or a <rev>:<path> pin)
ERROR: research/thickenable-balanced-presentations-have-meridional-relators.md: artifact not found: experiments/ac-thickenable-orbit-2026-09-17/meridian_lemma_test.py (want a working-tree path or a <rev>:<path> pin)
ERROR: research/thickenable-balanced-presentations-have-meridional-relators.md: artifact not found: experiments/ac-thickenable-orbit-2026-09-17/meridian_lemma_test_out.txt (want a working-tree path or a <rev>:<path> pin)
ERROR: research/thickenable-balanced-presentations-have-meridional-relators.md: artifact not found: experiments/ac-thickenable-orbit-2026-09-17/meridian.py (want a working-tree path or a <rev>:<path> pin)
ERROR: research/thickenable-meridional-relators-proof.md: artifact not found: experiments/ac-thickenable-orbit-2026-09-17/meridian.py (want a working-tree path or a <rev>:<path> pin)
ERROR: research/thickenable-meridional-relators-proof.md: artifact not found: experiments/ac-thickenable-orbit-2026-09-17/meridian_lemma_test.py (want a working-tree path or a <rev>:<path> pin)
ERROR: research/thickenable-z-pairs-split-quotient-meridian-obstruction.md: artifact not found: experiments/ak3-thick-z-pair-search-2026-09-17/neuwirth_bruteforce.py (want a working-tree path or a <rev>:<path> pin)
ERROR: research/thickenable-z-pairs-split-quotient-meridian-obstruction.md: artifact not found: experiments/ak3-thick-z-pair-search-2026-09-17/whitehead_minimal_set.py (want a working-tree path or a <rev>:<path> pin)
ERROR: research/thickenable-z-pairs-split-quotient-meridian-obstruction.md: artifact not found: experiments/ak3-thick-z-pair-search-2026-09-17/split-quotient-counterexamples.log (want a working-tree path or a <rev>:<path> pin)
ERROR: research/thom-central-corner-criterion.md: artifact not found: notes/PERFECT_CORE_KUN_THOM_WREATH.md (want a working-tree path or a <rev>:<path> pin)
ERROR: research/thom-sofic-kazhdan-groups-without-factorization-property.md: artifact not found: GroupApproximation/Manuscript/NinetyNineProblems/FactorizationProperty.lean (want a working-tree path or a <rev>:<path> pin)
ERROR: research/thompson-commutator-full-defect-bars-t-free-collapse-proof.md: artifact not found: experiments/thompson-full-defect-2026-09-17/check_defect.py (want a working-tree path or a <rev>:<path> pin)
ERROR: research/thompson-commutator-full-defect-bars-t-free-collapse.md: artifact not found: experiments/thompson-full-defect-2026-09-17/check_defect.py (want a working-tree path or a <rev>:<path> pin)
ERROR: research/thompson-f-commutator-bound-holds-in-each-fixed-dimension.md: artifact not found: experiments/thompson-f-fixed-dimension-hs-constants-2026-09-16/inspect_witnesses.py (want a working-tree path or a <rev>:<path> pin)
ERROR: research/thompson-f-commutator-bound-holds-in-each-fixed-dimension.md: artifact not found: experiments/thompson-f-fixed-dimension-hs-constants-2026-09-16/replay_verify.py (want a working-tree path or a <rev>:<path> pin)
ERROR: research/thompson-f-degree-aware-automaton-flows-cannot-certify-proof.md: artifact not found: experiments/thompson-f-degree-aware-flow-certificates-2026-09-17/check_pumped_leaf_model.py (want a working-tree path or a <rev>:<path> pin)
ERROR: research/thompson-f-degree-aware-automaton-flows-cannot-certify-proof.md: artifact not found: experiments/thompson-f-degree-aware-flow-certificates-2026-09-17/output.txt (want a working-tree path or a <rev>:<path> pin)
ERROR: research/thompson-f-degree-aware-automaton-flows-cannot-certify.md: artifact not found: experiments/thompson-f-degree-aware-flow-certificates-2026-09-17/check_pumped_leaf_model.py (want a working-tree path or a <rev>:<path> pin)
ERROR: research/thompson-f-degree-aware-automaton-flows-cannot-certify.md: artifact not found: experiments/thompson-f-degree-aware-flow-certificates-2026-09-17/output.txt (want a working-tree path or a <rev>:<path> pin)
ERROR: research/thompson-f-finite-state-flows-cannot-prove-nonamenability-proof.md: artifact not found: experiments/thompson-f-finite-automaton-certificates-2026-09-17/check_idempotent_forest_model.py (want a working-tree path or a <rev>:<path> pin)
ERROR: research/thompson-f-finite-state-flows-cannot-prove-nonamenability-proof.md: artifact not found: experiments/thompson-f-finite-automaton-certificates-2026-09-17/output.txt (want a working-tree path or a <rev>:<path> pin)
ERROR: research/thompson-f-finite-state-flows-cannot-prove-nonamenability.md: artifact not found: experiments/thompson-f-finite-automaton-certificates-2026-09-17/check_idempotent_forest_model.py (want a working-tree path or a <rev>:<path> pin)
ERROR: research/thompson-f-finite-state-flows-cannot-prove-nonamenability.md: artifact not found: experiments/thompson-f-finite-automaton-certificates-2026-09-17/output.txt (want a working-tree path or a <rev>:<path> pin)
ERROR: research/thompson-f-fixed-dimension-commutator-bound-proof.md: artifact not found: experiments/thompson-f-fixed-dimension-hs-constants-2026-09-16/inspect_witnesses.py (want a working-tree path or a <rev>:<path> pin)
ERROR: research/thompson-f-fixed-dimension-commutator-bound-proof.md: artifact not found: experiments/thompson-f-fixed-dimension-hs-constants-2026-09-16/replay_verify.py (want a working-tree path or a <rev>:<path> pin)
ERROR: research/thompson-f-generator-sets-admit-no-private-pivot-order.md: artifact not found: experiments/thompson-f-2026-09-17/xm_two_block_stubborn.py (want a working-tree path or a <rev>:<path> pin)
ERROR: research/thompson-f-generator-sets-admit-no-private-pivot-order.md: artifact not found: experiments/thompson-f-2026-09-17/xm_two_block_stubborn.out (want a working-tree path or a <rev>:<path> pin)
ERROR: research/thompson-f-generator-sets-admit-no-private-pivot-order.md: artifact not found: experiments/thompson-f-2026-09-17/degree_one_stubborn_census.py (want a working-tree path or a <rev>:<path> pin)
ERROR: research/thompson-f-generator-sets-admit-no-private-pivot-order.md: artifact not found: experiments/thompson-f-2026-09-17/degree_one_stubborn_census.jsonl (want a working-tree path or a <rev>:<path> pin)
ERROR: research/thompson-f-generator-sets-admit-no-private-pivot-order.md: artifact not found: experiments/thompson-f-2026-09-17/stubborn_core.cpp (want a working-tree path or a <rev>:<path> pin)
ERROR: research/thompson-f-generator-sets-admit-no-private-pivot-order.md: artifact not found: experiments/thompson-f-2026-09-17/stubborn_census.jsonl (want a working-tree path or a <rev>:<path> pin)
ERROR: research/thompson-f-generator-sets-no-private-pivot-order-proof.md: artifact not found: experiments/thompson-f-2026-09-17/xm_two_block_stubborn.py (want a working-tree path or a <rev>:<path> pin)
ERROR: research/thompson-f-generator-sets-no-private-pivot-order-proof.md: artifact not found: experiments/thompson-f-2026-09-17/xm_two_block_stubborn.out (want a working-tree path or a <rev>:<path> pin)
ERROR: research/thompson-f-generator-sets-no-private-pivot-order-proof.md: artifact not found: experiments/thompson-f-2026-09-17/stubborn_core.cpp (want a working-tree path or a <rev>:<path> pin)
ERROR: research/thompson-f-guba-set-expansion-bounded-by-one-letter-set-proof.md: artifact not found: experiments/thompson-f-2026-09-17/layer_increment_check.py (want a working-tree path or a <rev>:<path> pin)
ERROR: research/thompson-f-guba-set-expansion-bounded-by-one-letter-set.md: artifact not found: experiments/thompson-f-2026-09-17/layer_increment_check.py (want a working-tree path or a <rev>:<path> pin)
ERROR: research/thompson-f-guba-set-expansion-bounded-by-one-letter-set.md: artifact not found: experiments/thompson-f-2026-09-17/x2_optimal_D5_L7.txt (want a working-tree path or a <rev>:<path> pin)
ERROR: research/thompson-f-invariant-pivot-orders-cannot-certify-doubling-proof.md: artifact not found: experiments/thompson-f-witness-biography-2026-09-17/pivot_descent.py (want a working-tree path or a <rev>:<path> pin)
ERROR: research/thompson-f-invariant-pivot-orders-cannot-certify-doubling.md: artifact not found: experiments/thompson-f-witness-biography-2026-09-17/pivot_descent.py (want a working-tree path or a <rev>:<path> pin)
ERROR: research/thompson-f-monomial-doubling-ratio-depends-only-on-width.md: artifact not found: experiments/thompson-f-2026-09-17/width_degree_law.py (want a working-tree path or a <rev>:<path> pin)
ERROR: research/thompson-f-monomial-doubling-ratio-depends-only-on-width.md: artifact not found: experiments/thompson-f-2026-09-17/width_degree_grid_s35.txt (want a working-tree path or a <rev>:<path> pin)
ERROR: research/thompson-f-monomial-doubling-ratio-depends-only-on-width.md: artifact not found: experiments/thompson-f-2026-09-17/width_degree_grid_x2.txt (want a working-tree path or a <rev>:<path> pin)
ERROR: research/thompson-f-monomial-doubling-ratio-depends-only-on-width.md: artifact not found: experiments/thompson-f-2026-09-17/width_degree_grid_s24.txt (want a working-tree path or a <rev>:<path> pin)
ERROR: research/thompson-f-monomial-doubling-ratio-depends-only-on-width.md: artifact not found: experiments/thompson-f-2026-09-17/width_degree_s35_D10_scan.txt (want a working-tree path or a <rev>:<path> pin)
ERROR: research/thompson-f-monomial-doubling-ratio-depends-only-on-width.md: artifact not found: experiments/thompson-f-2026-09-17/x2_optimal_D6_L7.txt (want a working-tree path or a <rev>:<path> pin)
ERROR: research/thompson-f-monomial-doubling-width-bounds-degree-proof.md: artifact not found: experiments/thompson-f-2026-09-17/last_letter_fibres.py (want a working-tree path or a <rev>:<path> pin)
ERROR: research/thompson-f-monomial-doubling-width-bounds-degree-proof.md: artifact not found: experiments/thompson-f-2026-09-17/width_degree_law.py (want a working-tree path or a <rev>:<path> pin)
ERROR: research/thompson-f-monomial-doubling-width-bounds-degree.md: artifact not found: experiments/thompson-f-2026-09-17/width_degree_law.py (want a working-tree path or a <rev>:<path> pin)
ERROR: research/thompson-f-monomial-doubling-width-bounds-degree.md: artifact not found: experiments/thompson-f-2026-09-17/width_degree_grid_s35.txt (want a working-tree path or a <rev>:<path> pin)
ERROR: research/thompson-f-monomial-doubling-width-bounds-degree.md: artifact not found: experiments/thompson-f-2026-09-17/last_letter_fibres.py (want a working-tree path or a <rev>:<path> pin)
ERROR: research/thompson-f-no-geodesic-combing-over-standard-generators.md: artifact not found: experiments/thompson-f-weighted-automatic-2026-09-17/README.md (want a working-tree path or a <rev>:<path> pin)
ERROR: research/thompson-f-norm-bound-from-epg-32-term-moments-proof.md: artifact not found: experiments/thompson-f-cogrowth-2026-09-17/epg_certify.py (want a working-tree path or a <rev>:<path> pin)
ERROR: research/thompson-f-norm-bound-from-epg-32-term-moments-proof.md: artifact not found: experiments/thompson-f-cogrowth-2026-09-17/epg_certify.json (want a working-tree path or a <rev>:<path> pin)
ERROR: research/thompson-f-norm-bound-from-epg-32-term-moments-proof.md: artifact not found: experiments/thompson-f-cogrowth-2026-09-17/trend_analysis.py (want a working-tree path or a <rev>:<path> pin)
ERROR: research/thompson-f-norm-bound-from-epg-32-term-moments-proof.md: artifact not found: experiments/thompson-f-cogrowth-2026-09-17/trend_analysis.json (want a working-tree path or a <rev>:<path> pin)
ERROR: research/thompson-f-norm-bound-from-epg-32-term-moments-proof.md: artifact not found: experiments/thompson-f/out15.json (want a working-tree path or a <rev>:<path> pin)
ERROR: research/thompson-f-norm-bound-from-epg-32-term-moments-proof.md: artifact not found: experiments/thompson-f/hhr_certify.json (want a working-tree path or a <rev>:<path> pin)
ERROR: research/thompson-f-norm-bound-from-epg-32-term-moments.md: artifact not found: experiments/thompson-f-cogrowth-2026-09-17/epg_certify.py (want a working-tree path or a <rev>:<path> pin)
ERROR: research/thompson-f-norm-bound-from-epg-32-term-moments.md: artifact not found: experiments/thompson-f-cogrowth-2026-09-17/epg_certify.json (want a working-tree path or a <rev>:<path> pin)
ERROR: research/thompson-f-norm-bound-from-epg-32-term-moments.md: artifact not found: experiments/thompson-f-cogrowth-2026-09-17/trend_analysis.py (want a working-tree path or a <rev>:<path> pin)
ERROR: research/thompson-f-norm-bound-from-epg-32-term-moments.md: artifact not found: experiments/thompson-f-cogrowth-2026-09-17/trend_analysis.json (want a working-tree path or a <rev>:<path> pin)
ERROR: research/thompson-f-norm-bound-from-epg-32-term-moments.md: artifact not found: experiments/thompson-f-cogrowth-2026-09-17/cogrowth_table.csv (want a working-tree path or a <rev>:<path> pin)
ERROR: research/thompson-f-norm-bound-from-epg-32-term-moments.md: artifact not found: experiments/thompson-f-cogrowth-2026-09-17/forest_window_scout.py (want a working-tree path or a <rev>:<path> pin)
ERROR: research/thompson-f-norm-bound-from-epg-32-term-moments.md: artifact not found: experiments/thompson-f-cogrowth-2026-09-17/forest_window_scout.json (want a working-tree path or a <rev>:<path> pin)
ERROR: research/thompson-f-norm-bound-from-hhr-exact-moments-proof.md: artifact not found: experiments/thompson-f/hhr_certify.py (want a working-tree path or a <rev>:<path> pin)
ERROR: research/thompson-f-norm-bound-from-hhr-exact-moments-proof.md: artifact not found: experiments/thompson-f/hhr_certify.json (want a working-tree path or a <rev>:<path> pin)
ERROR: research/thompson-f-norm-bound-from-hhr-exact-moments-proof.md: artifact not found: experiments/thompson-f/hhr_certify_odd.py (want a working-tree path or a <rev>:<path> pin)
ERROR: research/thompson-f-norm-bound-from-hhr-exact-moments-proof.md: artifact not found: experiments/thompson-f/hhr_certify_odd.json (want a working-tree path or a <rev>:<path> pin)
ERROR: research/thompson-f-norm-bound-from-hhr-exact-moments-proof.md: artifact not found: experiments/thompson-f/out15.json (want a working-tree path or a <rev>:<path> pin)
ERROR: research/thompson-f-norm-bound-from-hhr-exact-moments.md: artifact not found: experiments/thompson-f/hhr_certify.py (want a working-tree path or a <rev>:<path> pin)
ERROR: research/thompson-f-norm-bound-from-hhr-exact-moments.md: artifact not found: experiments/thompson-f/hhr_certify.json (want a working-tree path or a <rev>:<path> pin)
ERROR: research/thompson-f-norm-bound-from-hhr-exact-moments.md: artifact not found: experiments/thompson-f/hhr_certify_odd.py (want a working-tree path or a <rev>:<path> pin)
ERROR: research/thompson-f-norm-bound-from-hhr-exact-moments.md: artifact not found: experiments/thompson-f/hhr_certify_odd.json (want a working-tree path or a <rev>:<path> pin)
ERROR: research/thompson-f-ore-radius-function-is-not-quasi-polynomial-proof.md: artifact not found: experiments/ore-radius-folner-2026-09-17/check_local_bartholdi.py (want a working-tree path or a <rev>:<path> pin)
ERROR: research/thompson-f-ore-radius-function-is-not-quasi-polynomial.md: artifact not found: experiments/ore-radius-folner-2026-09-17/check_local_bartholdi.py (want a working-tree path or a <rev>:<path> pin)
ERROR: research/thompson-f-p22-cylinder-functional-needs-thin-skeletons.md: artifact not found: experiments/thompson-f-p22-2026-09-17/tuples_model.py (want a working-tree path or a <rev>:<path> pin)
ERROR: research/thompson-f-p22-cylinder-functional-needs-thin-skeletons.md: artifact not found: experiments/thompson-f-p22-2026-09-17/local_limit.py (want a working-tree path or a <rev>:<path> pin)
ERROR: research/thompson-f-p22-cylinder-functional-needs-thin-skeletons.md: artifact not found: experiments/thompson-f-p22-2026-09-17/adaptive_limit.py (want a working-tree path or a <rev>:<path> pin)
ERROR: research/thompson-f-p22-cylinder-functional-needs-thin-skeletons.md: artifact not found: experiments/thompson-f-p22-2026-09-17/cells.cpp (want a working-tree path or a <rev>:<path> pin)
ERROR: research/thompson-f-p22-cylinder-functional-needs-thin-skeletons.md: artifact not found: experiments/thompson-f-p22-2026-09-17/vine_partition.py (want a working-tree path or a <rev>:<path> pin)
ERROR: research/thompson-f-p22-cylinder-functional-needs-thin-skeletons.md: artifact not found: experiments/thompson-f-p22-2026-09-17/show_optimal.py (want a working-tree path or a <rev>:<path> pin)
ERROR: research/thompson-f-p22-monomials-admit-no-private-pivot-order.md: artifact not found: experiments/thompson-f-2026-09-17/stubborn_core.cpp (want a working-tree path or a <rev>:<path> pin)
ERROR: research/thompson-f-p22-monomials-admit-no-private-pivot-order.md: artifact not found: experiments/thompson-f-2026-09-17/verify_stubborn_core.py (want a working-tree path or a <rev>:<path> pin)
ERROR: research/thompson-f-p22-monomials-admit-no-private-pivot-order.md: artifact not found: experiments/thompson-f-2026-09-17/s35_stubborn_core_D7.txt (want a working-tree path or a <rev>:<path> pin)
ERROR: research/thompson-f-p22-monomials-admit-no-private-pivot-order.md: artifact not found: experiments/thompson-f-2026-09-17/stubborn_census.py (want a working-tree path or a <rev>:<path> pin)
ERROR: research/thompson-f-p22-monomials-admit-no-private-pivot-order.md: artifact not found: experiments/thompson-f-2026-09-17/stubborn_census.jsonl (want a working-tree path or a <rev>:<path> pin)
ERROR: research/thompson-f-p22-no-private-pivot-order-proof.md: artifact not found: experiments/thompson-f-2026-09-17/stubborn_core.cpp (want a working-tree path or a <rev>:<path> pin)
ERROR: research/thompson-f-p22-no-private-pivot-order-proof.md: artifact not found: experiments/thompson-f-2026-09-17/verify_stubborn_core.py (want a working-tree path or a <rev>:<path> pin)
ERROR: research/thompson-f-p22-no-private-pivot-order-proof.md: artifact not found: experiments/thompson-f-2026-09-17/s35_stubborn_core_D7.txt (want a working-tree path or a <rev>:<path> pin)
ERROR: research/thompson-f-p22-no-private-pivot-order-proof.md: artifact not found: experiments/thompson-f-2026-09-17/stubborn_census.jsonl (want a working-tree path or a <rev>:<path> pin)
ERROR: research/thompson-f-point-orbits-are-transient.md: artifact not found: experiments/f-extensive-2026-09-17/schreier_range.py (want a working-tree path or a <rev>:<path> pin)
ERROR: research/thompson-f-point-orbits-are-transient.md: artifact not found: experiments/f-extensive-2026-09-17/schreier_range_output.txt (want a working-tree path or a <rev>:<path> pin)
ERROR: research/thompson-f-random-walk-norm-certified-lower-bound.md: artifact not found: experiments/thompson-f/cogrowth_exact.py (want a working-tree path or a <rev>:<path> pin)
ERROR: research/thompson-f-random-walk-norm-certified-lower-bound.md: artifact not found: experiments/thompson-f/out14.json (want a working-tree path or a <rev>:<path> pin)
ERROR: research/thompson-f-random-walk-norm-certified-lower-bound.md: artifact not found: experiments/thompson-f/out15.json (want a working-tree path or a <rev>:<path> pin)
ERROR: research/thompson-f-random-walk-norm-lower-bound-proof.md: artifact not found: experiments/thompson-f/cogrowth_exact.py (want a working-tree path or a <rev>:<path> pin)
ERROR: research/thompson-f-random-walk-norm-lower-bound-proof.md: artifact not found: experiments/thompson-f/out15.json (want a working-tree path or a <rev>:<path> pin)
ERROR: research/thompson-f-rescaled-x0-binomials-have-common-multiples-proof.md: artifact not found: experiments/thompson-f/pl_check.py (want a working-tree path or a <rev>:<path> pin)
ERROR: research/thompson-f-rescaled-x0-binomials-have-common-multiples-proof.md: artifact not found: experiments/thompson-f/pl_check.json (want a working-tree path or a <rev>:<path> pin)
ERROR: research/thompson-f-rescaled-x0-binomials-have-common-multiples-proof.md: artifact not found: experiments/thompson-f/ore_census.py (want a working-tree path or a <rev>:<path> pin)
ERROR: research/thompson-f-rescaled-x0-binomials-have-common-multiples-proof.md: artifact not found: experiments/thompson-f/ore_census_small_degrees.jsonl (want a working-tree path or a <rev>:<path> pin)
ERROR: research/thompson-steinberg-presentation-of-leavitt-unit-group-proof.md: artifact not found: experiments/nonsofic-certificates/presentations/verify_thompson_steinberg_presentation.py (want a working-tree path or a <rev>:<path> pin)
ERROR: research/thompson-steinberg-presentation-of-leavitt-unit-group-proof.md: artifact not found: experiments/nonsofic-certificates/presentations/thompson-steinberg-presentation.json (want a working-tree path or a <rev>:<path> pin)
ERROR: research/thompson-steinberg-presentation-of-leavitt-unit-group-proof.md: artifact not found: experiments/nonsofic-certificates/presentations/replay_thompson_steinberg_derivation.py (want a working-tree path or a <rev>:<path> pin)
ERROR: research/thompson-steinberg-presentation-of-leavitt-unit-group-proof.md: artifact not found: experiments/nonsofic-certificates/presentations/replay-thompson-steinberg-derivation.json (want a working-tree path or a <rev>:<path> pin)
ERROR: research/thompson-steinberg-presentation-of-leavitt-unit-group.md: artifact not found: experiments/nonsofic-certificates/presentations/verify_thompson_steinberg_presentation.py (want a working-tree path or a <rev>:<path> pin)
ERROR: research/thompson-steinberg-presentation-of-leavitt-unit-group.md: artifact not found: experiments/nonsofic-certificates/presentations/thompson-steinberg-presentation.json (want a working-tree path or a <rev>:<path> pin)
ERROR: research/thompson-steinberg-three-generator-presentation-proof.md: artifact not found: experiments/nonsofic-certificates/presentations/verify_thompson_steinberg_uv.py (want a working-tree path or a <rev>:<path> pin)
ERROR: research/thompson-steinberg-three-generator-presentation-proof.md: artifact not found: experiments/nonsofic-certificates/presentations/thompson-steinberg-uv-presentation.json (want a working-tree path or a <rev>:<path> pin)
ERROR: research/thompson-v-not-lef-proof.md: artifact not found: c1168433:official/counterexample.tex (want a working-tree path or a <rev>:<path> pin)
ERROR: research/thompson-v-not-lef.md: artifact not found: c1168433:official/counterexample.tex (want a working-tree path or a <rev>:<path> pin)
ERROR: research/thompson-v-small-windows-have-finite-separations.md: artifact not found: experiments/gottschalk-thompson-v/v_window_screen.py (want a working-tree path or a <rev>:<path> pin)
ERROR: research/thompson-v-small-windows-have-finite-separations.md: artifact not found: experiments/gottschalk-thompson-v/runs/results-excluded.json (want a working-tree path or a <rev>:<path> pin)
ERROR: research/thompson-v-window-separation-certificates.md: artifact not found: experiments/gottschalk-thompson-v/v_window_screen.py (want a working-tree path or a <rev>:<path> pin)
ERROR: research/thompson-v-window-separation-certificates.md: artifact not found: experiments/gottschalk-thompson-v/runs/results-excluded.json (want a working-tree path or a <rev>:<path> pin)
ERROR: research/three-coordinate-linear-groups-detect-chain-recurrence.md: artifact not found: non_mf_groups_exist.tex (want a working-tree path or a <rev>:<path> pin)
ERROR: research/three-depth-one-leavitt-return-enumeration.md: artifact not found: experiments/depth_one_triple_leavitt_return_search.py (want a working-tree path or a <rev>:<path> pin)
ERROR: research/three-depth-one-leavitt-roots-never-return.md: artifact not found: experiments/depth_one_triple_leavitt_return_search.py (want a working-tree path or a <rev>:<path> pin)
ERROR: research/three-naive-leavitt-transfers-stop-before-hyperlinearity.md: artifact not found: notes/FALSE_DETERMINANT_INDEX_TO_PHASE_HS_EXTENSION.md (want a working-tree path or a <rev>:<path> pin)
ERROR: research/three-point-memory-table-certificates-are-universal-proof.md: artifact not found: experiments/gottschalk-three-row-certificate-universality-2026-09-17/ballcal.py (want a working-tree path or a <rev>:<path> pin)
ERROR: research/three-point-memory-table-certificates-are-universal-proof.md: artifact not found: experiments/gottschalk-three-row-certificate-universality-2026-09-17/ballcal.out (want a working-tree path or a <rev>:<path> pin)
ERROR: research/three-point-memory-table-certificates-are-universal.md: artifact not found: experiments/gottschalk-three-row-certificate-universality-2026-09-17/ballcal.py (want a working-tree path or a <rev>:<path> pin)
ERROR: research/three-point-memory-table-certificates-are-universal.md: artifact not found: experiments/gottschalk-three-row-certificate-universality-2026-09-17/ballcal.out (want a working-tree path or a <rev>:<path> pin)
ERROR: research/three-radical-twist-crossed-products-have-uniform-scale.md: artifact not found: experiments/raw_radical_crossed_product_atlas.py (want a working-tree path or a <rev>:<path> pin)
ERROR: research/three-return-levels-give-exact-mf-unit-reflection.md: artifact not found: non_mf_groups_exist.tex (want a working-tree path or a <rev>:<path> pin)
ERROR: research/three-xor-violation-is-one-clifford-rank.md: artifact not found: experiments/taller_vidick_three_xor_rank_gate.py (want a working-tree path or a <rev>:<path> pin)
ERROR: research/threshold-free-mf-compiler-equivalence-proof.md: artifact not found: GroupApproximation/Computability/SeededSelfAwareMFCompiler.lean (want a working-tree path or a <rev>:<path> pin)
ERROR: research/threshold-free-mf-compiler-equivalence.md: artifact not found: GroupApproximation/Computability/SeededSelfAwareMFCompiler.lean (want a working-tree path or a <rev>:<path> pin)
ERROR: research/tile-two-graph-affine-corners-proof.md: artifact not found: experiments/nv-kazhdan-independence-2026-09-17/corners_all.py (want a working-tree path or a <rev>:<path> pin)
ERROR: research/tile-two-graph-affine-corners-proof.md: artifact not found: experiments/nv-kazhdan-independence-2026-09-17/corners_all.log (want a working-tree path or a <rev>:<path> pin)
ERROR: research/toms-chern-swap-count-allows-depth-one-drops.md: artifact not found: experiments/toms-swap-drop-locus-2026-09-17/staggered_transport_model.py (want a working-tree path or a <rev>:<path> pin)
ERROR: research/toms-chern-swap-count-allows-depth-one-drops.md: artifact not found: experiments/toms-swap-drop-locus-2026-09-17/results.json (want a working-tree path or a <rev>:<path> pin)
ERROR: research/torsion-active-core-is-a-uniform-morita-generator.md: artifact not found: notes/EXACT_CORONA_DIMENSION_AND_HILBERT_HOTEL.md (want a working-tree path or a <rev>:<path> pin)
ERROR: research/torsion-defect-one-auxiliary-coordinate-proof.md: artifact not found: non_mf_groups_exist.tex (want a working-tree path or a <rev>:<path> pin)
ERROR: research/torsion-defect-universal-rank-transport-proof.md: artifact not found: non_mf_groups_exist.tex (want a working-tree path or a <rev>:<path> pin)
ERROR: research/torsion-free-finitely-presented-non-mf.md: artifact not found: non_mf_groups_exist.tex (want a working-tree path or a <rev>:<path> pin)
ERROR: research/torsion-free-finitely-presented-non-mf.md: artifact not found: notes/NON_MF_FINAL_REVIEW_AND_RESOLUTION_2026-08-14.md (want a working-tree path or a <rev>:<path> pin)
ERROR: research/torsion-free-lef-kazhdan-non-rf-seed.md: artifact not found: GroupApproximation/Algebra/AmenableMFProof.lean (want a working-tree path or a <rev>:<path> pin)
ERROR: research/torsion-free-non-mf-from-bespoke-router.md: artifact not found: 999c6320c:GroupApproximation/Sofic/FullMFRadicalEndpoint.lean (want a working-tree path or a <rev>:<path> pin)
ERROR: research/torsion-free-non-mf-from-bespoke-router.md: artifact not found: GroupApproximation/Sofic/SmallCancellationRouter.lean (want a working-tree path or a <rev>:<path> pin)
ERROR: research/torsion-free-non-mf-from-bespoke-router.md: artifact not found: GroupApproximation/Sofic/TorsionFreeFullMFRadical.lean (want a working-tree path or a <rev>:<path> pin)
ERROR: research/torsion-free-non-mf-from-defect-saturation.md: artifact not found: GroupApproximation/Sofic/DefectSaturation.lean (want a working-tree path or a <rev>:<path> pin)
ERROR: research/torsion-free-non-mf-from-defect-saturation.md: artifact not found: notes/COMPRESSION_COLLAPSE_MF_RADICAL.md (want a working-tree path or a <rev>:<path> pin)
ERROR: research/torsion-free-sofic-exact-mf-radical-over-z.md: artifact not found: GroupApproximation/Kazhdan/KazhdanFiniteGeneration.lean (want a working-tree path or a <rev>:<path> pin)
ERROR: research/torsion-free-sofic-extrinsic-kazhdan-defect-kernel.md: artifact not found: GroupApproximation/Sofic/NormalKazhdanMFRadical.lean (want a working-tree path or a <rev>:<path> pin)
ERROR: research/torsion-free-sofic-extrinsic-kazhdan-defect-kernel.md: artifact not found: GroupApproximation/Sofic/SoficByAmenablePermanence.lean (want a working-tree path or a <rev>:<path> pin)
ERROR: research/torsion-free-windows-have-minimal-shannon-certificates.md: artifact not found: experiments/promislow-shannon-windows-2026-09-17/hw_scan.py (want a working-tree path or a <rev>:<path> pin)
ERROR: research/torsion-free-windows-have-minimal-shannon-certificates.md: artifact not found: experiments/promislow-shannon-windows-2026-09-17/rs_hw_seed7.txt (want a working-tree path or a <rev>:<path> pin)
ERROR: research/torsion-free-windows-have-minimal-shannon-certificates.md: artifact not found: experiments/shannon-window-certificates-2026-09-17/shannon_lp.py (want a working-tree path or a <rev>:<path> pin)
ERROR: research/torsion-free-windows-have-minimal-shannon-certificates.md: artifact not found: experiments/shannon-window-certificates-2026-09-17/random_scan.py (want a working-tree path or a <rev>:<path> pin)
ERROR: research/torsion-free-windows-have-minimal-shannon-certificates.md: artifact not found: experiments/shannon-kemperman-2026-09-17/kemperman_census.py (want a working-tree path or a <rev>:<path> pin)
ERROR: research/torsion-freeness-recognition-is-pi2-complete.md: artifact not found: GroupApproximation/Computability/TorsionFreeEnumeratedPi02.lean (want a working-tree path or a <rev>:<path> pin)
ERROR: research/torsion-freeness-recognition-is-pi2-complete.md: artifact not found: GroupApproximation/Computability/TorsionFreeEnumeratedHardness.lean (want a working-tree path or a <rev>:<path> pin)
ERROR: research/torsion-normal-generator-drops-ambient-property-t.md: artifact not found: non_mf_groups_exist.tex (want a working-tree path or a <rev>:<path> pin)
ERROR: research/torsion-normal-generator-has-full-support-corona-core.md: artifact not found: notes/EXACT_CORONA_DIMENSION_AND_HILBERT_HOTEL.md (want a working-tree path or a <rev>:<path> pin)
ERROR: research/torsion-normal-generator-has-full-support-corona-core.md: artifact not found: non_mf_groups_exist.tex (want a working-tree path or a <rev>:<path> pin)
ERROR: research/torsion-normal-generator-mf-shadow-equivalence.md: artifact not found: notes/EXACT_CORONA_DIMENSION_AND_HILBERT_HOTEL.md (want a working-tree path or a <rev>:<path> pin)
ERROR: research/torsion-normal-generator-mf-shadow-equivalence.md: artifact not found: non_mf_groups_exist.tex (want a working-tree path or a <rev>:<path> pin)
ERROR: research/torsion-window-fakes-are-realized-by-f2-linear-codes-proof.md: artifact not found: experiments/entropic-window-fakes-2026-09-17/verify_linear.py (want a working-tree path or a <rev>:<path> pin)
ERROR: research/torsion-window-fakes-are-realized-by-f2-linear-codes-proof.md: artifact not found: experiments/entropic-window-fakes-2026-09-17/z3_rep.json (want a working-tree path or a <rev>:<path> pin)
ERROR: research/torsion-window-fakes-are-realized-by-f2-linear-codes.md: artifact not found: experiments/entropic-window-fakes-2026-09-17/verify_linear.py (want a working-tree path or a <rev>:<path> pin)
ERROR: research/torsion-window-fakes-are-realized-by-f2-linear-codes.md: artifact not found: experiments/entropic-window-fakes-2026-09-17/z3_rep.json (want a working-tree path or a <rev>:<path> pin)
ERROR: research/torsion-window-fakes-are-realized-by-f2-linear-codes.md: artifact not found: experiments/entropic-window-fakes-2026-09-17/zy_lp.py (want a working-tree path or a <rev>:<path> pin)
ERROR: research/torsion-window-fakes-are-realized-by-f2-linear-codes.md: artifact not found: experiments/entropic-window-fakes-2026-09-17/extract_fake.py (want a working-tree path or a <rev>:<path> pin)
ERROR: research/torsion-window-fakes-are-realized-by-f2-linear-codes.md: artifact not found: experiments/entropic-window-fakes-2026-09-17/linrep.c (want a working-tree path or a <rev>:<path> pin)
ERROR: research/trace-blindness-sharpness-proof.md: artifact not found: notes/OBSTRUCTIONS.md (want a working-tree path or a <rev>:<path> pin)
ERROR: research/tracial-coordinate-transport-barrier-proof.md: artifact not found: notes/NON_MF_TO_HYPERLINEAR_DIFFERENTIAL_AUDIT.md (want a working-tree path or a <rev>:<path> pin)
ERROR: research/tracial-coordinate-transport-barrier.md: artifact not found: notes/NON_MF_TO_HYPERLINEAR_DIFFERENTIAL_AUDIT.md (want a working-tree path or a <rev>:<path> pin)
ERROR: research/tracial-median-concentration.md: artifact not found: c1168433:official/counterexample.tex (want a working-tree path or a <rev>:<path> pin)
ERROR: research/tracial-median-from-block-decomposition.md: artifact not found: c1168433:official/counterexample.tex (want a working-tree path or a <rev>:<path> pin)
ERROR: research/tracial-superoperator-self-copy-has-no-macroscopic-excess.md: artifact not found: notes/NONHYPERLINEAR_FINITE_MEMORY_REYNOLDS_AUDIT.md (want a working-tree path or a <rev>:<path> pin)
ERROR: research/tracial-superoperator-self-copy-proof.md: artifact not found: notes/NONHYPERLINEAR_FINITE_MEMORY_REYNOLDS_AUDIT.md (want a working-tree path or a <rev>:<path> pin)
ERROR: research/transient-patterns-localize-by-one-involution.md: artifact not found: non_mf_groups_exist.tex (want a working-tree path or a <rev>:<path> pin)
ERROR: research/transition-digraph-capacity-lifts-give-nonsurjunctive-sizes.md: artifact not found: experiments/transition-capacity-lift-2026-09-17/check.py (want a working-tree path or a <rev>:<path> pin)
ERROR: research/transition-equivariance-proof.md: artifact not found: GroupApproximation/Leavitt/RawSwapCompressors.lean (want a working-tree path or a <rev>:<path> pin)
ERROR: research/transition-equivariance-proof.md: artifact not found: notes/TRUE_RAW_SWAP_FULL_BRANCH_ROUTING.md (want a working-tree path or a <rev>:<path> pin)
ERROR: research/transition-equivariance-proof.md: artifact not found: notes/TRUE_EQUIVARIANT_TRANSITIONS_COARSEN_TO_WHOLE_MAPS.md (want a working-tree path or a <rev>:<path> pin)
ERROR: research/transport-finite-dimensionality-is-not-virtual-abelianness.md: artifact not found: non_mf_groups_exist.tex (want a working-tree path or a <rev>:<path> pin)
ERROR: research/transport-kl-gate-through-left-comb-prefix-equivalence.md: artifact not found: GroupApproximation/Leavitt/PrefixCode.lean (want a working-tree path or a <rev>:<path> pin)
ERROR: research/transport-polynomial-witnesses-replay-proof.md: artifact not found: experiments/renormalization_transport_audit.py (want a working-tree path or a <rev>:<path> pin)
ERROR: research/transport-polynomial-witnesses-replay.md: artifact not found: experiments/renormalization_transport_audit.py (want a working-tree path or a <rev>:<path> pin)
ERROR: research/transported-coefficient-corners-share-flat-quarter-carrier.md: artifact not found: experiments/atlas_transported_corner_overlap.py (want a working-tree path or a <rev>:<path> pin)
ERROR: research/transported-coefficient-corners-share-flat-quarter-carrier.md: artifact not found: experiments/atlas-transported-corner-overlap.json (want a working-tree path or a <rev>:<path> pin)
ERROR: research/transported-coefficient-raw-character-isotropic-mixing-proof.md: artifact not found: experiments/atlas_transported_coefficient_raw_character_mixing.py (want a working-tree path or a <rev>:<path> pin)
ERROR: research/transported-coefficient-raw-character-isotropic-mixing-proof.md: artifact not found: experiments/atlas-transported-coefficient-raw-character-mixing.json (want a working-tree path or a <rev>:<path> pin)
ERROR: research/transported-coefficient-raw-character-isotropic-mixing.md: artifact not found: experiments/atlas_transported_coefficient_raw_character_mixing.py (want a working-tree path or a <rev>:<path> pin)
ERROR: research/transported-coefficient-raw-character-isotropic-mixing.md: artifact not found: experiments/atlas-transported-coefficient-raw-character-mixing.json (want a working-tree path or a <rev>:<path> pin)
ERROR: research/transported-gap-masa-kills-leavitt-hs-models-proof.md: artifact not found: c1168433:official/counterexample.tex (want a working-tree path or a <rev>:<path> pin)
ERROR: research/transported-gap-masa-kills-leavitt-hs-models.md: artifact not found: c1168433:official/counterexample.tex (want a working-tree path or a <rev>:<path> pin)
ERROR: research/transpose-average-kills-positivity-only-channel-rounding.md: artifact not found: experiments/channel-rounding-2026-09-17/transpose_obstruction.py (want a working-tree path or a <rev>:<path> pin)
ERROR: research/transpose-average-kills-positivity-only-channel-rounding.md: artifact not found: experiments/channel-rounding-2026-09-17/transpose_obstruction_output.txt (want a working-tree path or a <rev>:<path> pin)
ERROR: research/transvection-floor-kills-ambient-rank-transfers-proof.md: artifact not found: experiments/transvection-floor-2026-09-17/transvection_floor_check.py (want a working-tree path or a <rev>:<path> pin)
ERROR: research/transvection-floor-kills-ambient-rank-transfers-proof.md: artifact not found: experiments/transvection-floor-2026-09-17/transvection_floor_check.out (want a working-tree path or a <rev>:<path> pin)
ERROR: research/triangle-presentation-tile-two-graphs-have-affine-corner-graphs.md: artifact not found: experiments/nv-kazhdan-independence-2026-09-17/corners_all.py (want a working-tree path or a <rev>:<path> pin)
ERROR: research/triangle-presentation-tile-two-graphs-have-affine-corner-graphs.md: artifact not found: experiments/nv-kazhdan-independence-2026-09-17/corners_all.log (want a working-tree path or a <rev>:<path> pin)
ERROR: research/triangle-presentation-tile-two-graphs-have-affine-corner-graphs.md: artifact not found: experiments/nv-brick-coding-2026-09-17/rs2graph.py (want a working-tree path or a <rev>:<path> pin)
ERROR: research/triangular-e5-pulses-admit-persistent-tail-character.md: artifact not found: experiments/e5_persistent_tail_character.py (want a working-tree path or a <rev>:<path> pin)
ERROR: research/twisted-linear-profile-deficits-are-rank-condition-failures.md: artifact not found: experiments/twisted-linear-entropy-profiles-2026-09-17/check_twisted_profile.py (want a working-tree path or a <rev>:<path> pin)
ERROR: research/twisted-linear-profile-dictionary-proof.md: artifact not found: experiments/twisted-linear-entropy-profiles-2026-09-17/check_twisted_profile.py (want a working-tree path or a <rev>:<path> pin)
ERROR: research/two-by-two-support-compiler-has-unique-fixed-pivot-proof.md: artifact not found: experiments/minimal_rank_one_support_compiler.py (want a working-tree path or a <rev>:<path> pin)
ERROR: research/two-by-two-support-compiler-has-unique-fixed-pivot.md: artifact not found: experiments/minimal_rank_one_support_compiler.py (want a working-tree path or a <rev>:<path> pin)
ERROR: research/two-c-conjugate-g2-mixed-carriers-collapse-to-one-orientation.md: artifact not found: 535aedaea:research/two-c-conjugate-g2-mixed-carrier-collapse-proof.md (want a working-tree path or a <rev>:<path> pin)
ERROR: research/two-center-paired-frames-cannot-isolate-the-joint-hot-bit-proof.md: artifact not found: experiments/rank_one_context_frame_search.py (want a working-tree path or a <rev>:<path> pin)
ERROR: research/two-center-paired-frames-cannot-isolate-the-joint-hot-bit.md: artifact not found: experiments/rank_one_context_frame_search.py (want a working-tree path or a <rev>:<path> pin)
ERROR: research/two-depth-one-leavitt-roots-return-only-constantly.md: artifact not found: experiments/depth_one_paired_leavitt_return_search.py (want a working-tree path or a <rev>:<path> pin)
ERROR: research/two-depth-one-nonnormal-roots-do-not-return-cross-whitehead.md: artifact not found: experiments/individual_cross_whitehead_two_depth_one_roots_return_search.py (want a working-tree path or a <rev>:<path> pin)
ERROR: research/two-endpoint-source-intersections-retain-character-square.md: artifact not found: experiments/endpoint_two_source_character_audit.py (want a working-tree path or a <rev>:<path> pin)
ERROR: research/two-generated-acylindrical-normal-generation-upgrade.md: artifact not found: experiments/amalgam-two-generation-2026-09-17/check_amalgam.py (want a working-tree path or a <rev>:<path> pin)
ERROR: research/two-generated-acylindrical-upgrade-without-minasyan-osin-proof.md: artifact not found: experiments/malnormal-edge-router-2026-09-17/search_malnormal.py (want a working-tree path or a <rev>:<path> pin)
ERROR: research/two-generated-acylindrical-upgrade-without-minasyan-osin.md: artifact not found: experiments/malnormal-edge-router-2026-09-17/search_malnormal.py (want a working-tree path or a <rev>:<path> pin)
ERROR: research/two-generated-single-element-hull-router-proof.md: artifact not found: notes/TORSION_FREE_NORMAL_GENERATION_HULL_QUOTIENT.md (want a working-tree path or a <rev>:<path> pin)
ERROR: research/two-generated-single-element-hull-router.md: artifact not found: notes/TORSION_FREE_NORMAL_GENERATION_HULL_QUOTIENT.md (want a working-tree path or a <rev>:<path> pin)
ERROR: research/two-pauli-quarter-carriers-have-fixed-reflection-holonomy.md: artifact not found: experiments/atlas_transported_corner_overlap.py (want a working-tree path or a <rev>:<path> pin)
ERROR: research/two-pauli-quarter-carriers-have-fixed-reflection-holonomy.md: artifact not found: experiments/atlas-transported-corner-overlap.json (want a working-tree path or a <rev>:<path> pin)
ERROR: research/two-point-orbit-approximation.md: artifact not found: notes/TRUE_LAMP_CHARACTER_ORBIT_SEPARATION.md (want a working-tree path or a <rev>:<path> pin)
ERROR: research/two-quarter-carriers-resist-short-packet-transport.md: artifact not found: experiments/atlas_quarter_carrier_short_conjugacy.py (want a working-tree path or a <rev>:<path> pin)
ERROR: research/two-quarter-carriers-resist-short-packet-transport.md: artifact not found: experiments/atlas-quarter-carrier-short-conjugacy.json (want a working-tree path or a <rev>:<path> pin)
ERROR: research/two-quarter-short-transport-enumeration-proof.md: artifact not found: experiments/atlas_quarter_carrier_short_conjugacy.py (want a working-tree path or a <rev>:<path> pin)
ERROR: research/two-quarter-short-transport-enumeration-proof.md: artifact not found: experiments/atlas-quarter-carrier-short-conjugacy.json (want a working-tree path or a <rev>:<path> pin)
ERROR: research/two-raw-radicals-fail-common-symplectic-reset.md: artifact not found: experiments/cross_context_radical_relator_audit.py (want a working-tree path or a <rev>:<path> pin)
ERROR: research/two-rectangle-surjunctive-images-kill-all-designs.md: artifact not found: experiments/gk3-leavitt-nonlinear/general_window_screen.py (want a working-tree path or a <rev>:<path> pin)
ERROR: research/two-shared-gauge-selector-rank-proof.md: artifact not found: experiments/verify_binary_selector_sharp_gap.py (want a working-tree path or a <rev>:<path> pin)
ERROR: research/two-shared-gauge-selector-rows-have-an-affine-rank-obstruction.md: artifact not found: experiments/verify_binary_selector_sharp_gap.py (want a working-tree path or a <rev>:<path> pin)
ERROR: research/two-sided-pauli-gauge-bridge-preserves-spin-scale.md: artifact not found: experiments/two_sided_gauge_bridge_incidence.py (want a working-tree path or a <rev>:<path> pin)
ERROR: research/two-sided-pauli-gauge-bridge-preserves-spin-scale.md: artifact not found: experiments/two-sided-gauge-bridge.json (want a working-tree path or a <rev>:<path> pin)
ERROR: research/two-site-rigidity-of-lamp-witnesses.md: artifact not found: notes/FALSE_FERMIONIC_KUN_THOM_ENDPOINT.md (want a working-tree path or a <rev>:<path> pin)
ERROR: research/two-tier-matricial-invisibility.md: artifact not found: experiments/verify_bs12_calibration.py (want a working-tree path or a <rev>:<path> pin)
ERROR: research/type-f-group-receives-re-languages-by-pattern-reductions-proof.md: artifact not found: experiments/boone-pattern-reductions-2026-09-17/check_pattern_words.py (want a working-tree path or a <rev>:<path> pin)
ERROR: research/type-f-group-receives-re-languages-by-pattern-reductions-proof.md: artifact not found: experiments/boone-pattern-reductions-2026-09-17/results.txt (want a working-tree path or a <rev>:<path> pin)
ERROR: research/type-f-group-receives-re-languages-by-pattern-reductions.md: artifact not found: experiments/boone-pattern-reductions-2026-09-17/check_pattern_words.py (want a working-tree path or a <rev>:<path> pin)
ERROR: research/type-f-group-receives-re-languages-by-pattern-reductions.md: artifact not found: experiments/boone-pattern-reductions-2026-09-17/results.txt (want a working-tree path or a <rev>:<path> pin)
ERROR: research/uas-base-gives-sofic-hnn-coset-action.md: artifact not found: GroupApproximation/Sofic/AscendingHNNCosetActionSofic.lean (want a working-tree path or a <rev>:<path> pin)
ERROR: research/uas-base-gives-sofic-hnn-coset-action.md: artifact not found: GroupApproximation/Sofic/CoAmenableActionSofic.lean (want a working-tree path or a <rev>:<path> pin)
ERROR: research/uas-base-gives-sofic-hnn-coset-action.md: artifact not found: GroupApproximation/Sofic/SoficActionOrbits.lean (want a working-tree path or a <rev>:<path> pin)
ERROR: research/uas-hnn-action-telescope-proof.md: artifact not found: GroupApproximation/Sofic/AscendingHNNCosetActionSofic.lean (want a working-tree path or a <rev>:<path> pin)
ERROR: research/uas-hnn-action-telescope-proof.md: artifact not found: GroupApproximation/Sofic/CoAmenableActionSofic.lean (want a working-tree path or a <rev>:<path> pin)
ERROR: research/uas-hnn-action-telescope-proof.md: artifact not found: GroupApproximation/Sofic/SoficActionOrbits.lean (want a working-tree path or a <rev>:<path> pin)
ERROR: research/uas-hnn-action-telescope-proof.md: artifact not found: GroupApproximation/Sofic/GeneralizedWreathSofic.lean (want a working-tree path or a <rev>:<path> pin)
ERROR: research/ucp-hs-transport-kills-literal-mark.md: artifact not found: GroupApproximation/Manuscript/NinetyNineProblems/KazhdanQuasidiagonalTraces.lean (want a working-tree path or a <rev>:<path> pin)
ERROR: research/ug-hardness-deficit-ratio-padding-line-proof.md: artifact not found: experiments/ugc-deficit-ratio-2026-09-17/check_deficit_ratio.py (want a working-tree path or a <rev>:<path> pin)
ERROR: research/ug-hardness-deficit-ratio-padding-line.md: artifact not found: experiments/ugc-deficit-ratio-2026-09-17/check_deficit_ratio.py (want a working-tree path or a <rev>:<path> pin)
ERROR: research/undecidable-post-turing-machine-proof.md: artifact not found: GroupApproximation/Computability/UniversalMachineUndecidable.lean (want a working-tree path or a <rev>:<path> pin)
ERROR: research/undecidable-post-turing-machine-proof.md: artifact not found: GroupApproximation/Computability/UniversalCodeHalting.lean (want a working-tree path or a <rev>:<path> pin)
ERROR: research/undecidable-post-turing-machine-proof.md: artifact not found: GroupApproximation/Computability/UniversalMachineInit.lean (want a working-tree path or a <rev>:<path> pin)
ERROR: research/undecidable-post-turing-machine.md: artifact not found: GroupApproximation/Computability/UniversalMachineUndecidable.lean (want a working-tree path or a <rev>:<path> pin)
ERROR: research/undecidable-post-turing-machine.md: artifact not found: GroupApproximation/Computability/UniversalCode.lean (want a working-tree path or a <rev>:<path> pin)
ERROR: research/undecidable-post-turing-machine.md: artifact not found: GroupApproximation/Computability/UniversalCodeHalting.lean (want a working-tree path or a <rev>:<path> pin)
ERROR: research/undecidable-post-turing-machine.md: artifact not found: GroupApproximation/Computability/UniversalMachineInit.lean (want a working-tree path or a <rev>:<path> pin)
ERROR: research/uniform-finite-mf-obstruction.md: artifact not found: non_mf_groups_exist.tex (want a working-tree path or a <rev>:<path> pin)
ERROR: research/uniform-finite-mf-obstruction.md: artifact not found: GroupApproximation/Sofic/LiteralUniformObstruction.lean (want a working-tree path or a <rev>:<path> pin)
ERROR: research/uniform-gauge-transfer-proof.md: artifact not found: experiments/uniform-gauge-2026-09-17/check_uniform_gauge_transfer.py (want a working-tree path or a <rev>:<path> pin)
ERROR: research/uniform-gauge-transfer-proof.md: artifact not found: experiments/uniform-gauge-2026-09-17/check_dkkms_homogeneous_gauge.py (want a working-tree path or a <rev>:<path> pin)
ERROR: research/uniform-obstruction-from-corona-invisibility.md: artifact not found: non_mf_groups_exist.tex (want a working-tree path or a <rev>:<path> pin)
ERROR: research/uniform-obstruction-from-corona-invisibility.md: artifact not found: GroupApproximation/Sofic/LiteralUniformObstruction.lean (want a working-tree path or a <rev>:<path> pin)
ERROR: research/uniform-word-problem-on-presentation-codes-undecidable-proof.md: artifact not found: GroupApproximation/Computability/BooneWordProblemUndecidable.lean (want a working-tree path or a <rev>:<path> pin)
ERROR: research/uniform-word-problem-on-presentation-codes-undecidable-proof.md: artifact not found: GroupApproximation/Computability/UniformWordProblemUndecidable.lean (want a working-tree path or a <rev>:<path> pin)
ERROR: research/uniform-word-problem-on-presentation-codes-undecidable-proof.md: artifact not found: GroupApproximation/Computability/BooneWords.lean (want a working-tree path or a <rev>:<path> pin)
ERROR: research/uniform-word-problem-on-presentation-codes-undecidable-proof.md: artifact not found: GroupApproximation/Computability/BooneWordMapPrimrec.lean (want a working-tree path or a <rev>:<path> pin)
ERROR: research/uniform-word-problem-on-presentation-codes-undecidable-proof.md: artifact not found: GroupApproximation/Computability/BooneWordAgreement.lean (want a working-tree path or a <rev>:<path> pin)
ERROR: research/uniform-word-problem-on-presentation-codes-undecidable-proof.md: artifact not found: GroupApproximation/Computability/AdianRabinWordProblem.lean (want a working-tree path or a <rev>:<path> pin)
ERROR: research/uniform-word-problem-on-presentation-codes-undecidable-proof.md: artifact not found: GroupApproximation/Computability/PresentationCodes.lean (want a working-tree path or a <rev>:<path> pin)
ERROR: research/uniform-word-problem-on-presentation-codes-undecidable.md: artifact not found: GroupApproximation/Computability/AdianRabinWordProblem.lean (want a working-tree path or a <rev>:<path> pin)
ERROR: research/uniform-word-problem-on-presentation-codes-undecidable.md: artifact not found: GroupApproximation/Computability/PresentationCodes.lean (want a working-tree path or a <rev>:<path> pin)
ERROR: research/uniform-word-problem-on-presentation-codes-undecidable.md: artifact not found: GroupApproximation/Computability/NovikovBoone.lean (want a working-tree path or a <rev>:<path> pin)
ERROR: research/uniform-word-problem-on-presentation-codes-undecidable.md: artifact not found: GroupApproximation/Computability/AdianRabinMarkovProperty.lean (want a working-tree path or a <rev>:<path> pin)
ERROR: research/uniform-word-problem-on-presentation-codes-undecidable.md: artifact not found: GroupApproximation/Computability/BooneWords.lean (want a working-tree path or a <rev>:<path> pin)
ERROR: research/uniform-word-problem-on-presentation-codes-undecidable.md: artifact not found: GroupApproximation/Computability/BooneWordMapPrimrec.lean (want a working-tree path or a <rev>:<path> pin)
ERROR: research/uniform-word-problem-on-presentation-codes-undecidable.md: artifact not found: GroupApproximation/Computability/BooneWordAgreement.lean (want a working-tree path or a <rev>:<path> pin)
ERROR: research/uniform-word-problem-on-presentation-codes-undecidable.md: artifact not found: GroupApproximation/Computability/UniformWordProblemUndecidable.lean (want a working-tree path or a <rev>:<path> pin)
ERROR: research/uniform-word-problem-on-presentation-codes-undecidable.md: artifact not found: GroupApproximation/Computability/BooneWordProblemUndecidable.lean (want a working-tree path or a <rev>:<path> pin)
ERROR: research/unique-games-conjecture.md: artifact not found: experiments/grassmann-can-holonomy-2026-09-17/can_holonomy.py (want a working-tree path or a <rev>:<path> pin)
ERROR: research/unique-games-conjecture.md: artifact not found: experiments/grassmann-can-holonomy-2026-09-17/output.txt (want a working-tree path or a <rev>:<path> pin)
ERROR: research/unit-group-is-automorphisms-of-a-self-doubling-module.md: artifact not found: non_mf_groups_exist.tex (want a working-tree path or a <rev>:<path> pin)
ERROR: research/unitary-block-energy-transport.md: artifact not found: experiments/transport_cost_dual.py (want a working-tree path or a <rev>:<path> pin)
ERROR: research/unitary-block-energy-transport.md: artifact not found: experiments/transport-cost-dual-smoke.json (want a working-tree path or a <rev>:<path> pin)
ERROR: research/unitary-block-energy-transport.md: artifact not found: experiments/transport-cost-dual-smoke.out.json (want a working-tree path or a <rev>:<path> pin)
ERROR: research/unitary-embedding-corner-orthogonality-proof.md: artifact not found: experiments/tensor_conjugate_embedding_corner_defect.py (want a working-tree path or a <rev>:<path> pin)
ERROR: research/unitary-embedding-does-not-preserve-corner-orthogonality.md: artifact not found: experiments/tensor_conjugate_embedding_corner_defect.py (want a working-tree path or a <rev>:<path> pin)
ERROR: research/unitary-square-covariance-forces-cubic-spectrum.md: artifact not found: experiments/verify_cubic_spectral_basin.py (want a working-tree path or a <rev>:<path> pin)
ERROR: research/universal-camouflage-presentation-compiler.md: artifact not found: non_mf_groups_exist.tex (want a working-tree path or a <rev>:<path> pin)
ERROR: research/universal-camouflage-presentation-compiler.md: artifact not found: notes/MF_REFLECTION_AND_CORONA_SUPPORT_CALCULUS.md (want a working-tree path or a <rev>:<path> pin)
ERROR: research/universal-leavitt-el4-nonsofic-proof.md: artifact not found: GroupApproximation/Endpoint/MainResults.lean (want a working-tree path or a <rev>:<path> pin)
ERROR: research/universal-leavitt-el4-nonsofic-proof.md: artifact not found: GroupApproximation/Leavitt/FamilyRankFour.lean (want a working-tree path or a <rev>:<path> pin)
ERROR: research/universal-leavitt-el4-nonsofic-proof.md: artifact not found: GroupApproximation/Leavitt/UniversalPropertyT.lean (want a working-tree path or a <rev>:<path> pin)
ERROR: research/universal-leavitt-el4-nonsofic-proof.md: artifact not found: GroupApproximation/PropertyT/FiniteTypeCharacteristicTwoPropertyT.lean (want a working-tree path or a <rev>:<path> pin)
ERROR: research/universal-leavitt-el4-nonsofic.md: artifact not found: GroupApproximation/Endpoint/MainResults.lean (want a working-tree path or a <rev>:<path> pin)
ERROR: research/universal-leavitt-el4-nonsofic.md: artifact not found: GroupApproximation/Leavitt/FamilyRankFour.lean (want a working-tree path or a <rev>:<path> pin)
ERROR: research/universal-leavitt-el4-nonsofic.md: artifact not found: GroupApproximation/Leavitt/UniversalPropertyT.lean (want a working-tree path or a <rev>:<path> pin)
ERROR: research/universal-mf-quotient-proof.md: artifact not found: non_mf_groups_exist.tex (want a working-tree path or a <rev>:<path> pin)
ERROR: research/universal-mf-quotient-proof.md: artifact not found: notes/NON_MF_FINAL_REVIEW_AND_RESOLUTION_2026-08-14.md (want a working-tree path or a <rev>:<path> pin)
ERROR: research/universal-mf-quotient-proof.md: artifact not found: GroupApproximation/Sofic/ActualCoronaMFRadical.lean (want a working-tree path or a <rev>:<path> pin)
ERROR: research/universal-mf-quotient-proof.md: artifact not found: GroupApproximation/Sofic/ManuscriptExactWrappers.lean (want a working-tree path or a <rev>:<path> pin)
ERROR: research/universal-mf-quotient.md: artifact not found: non_mf_groups_exist.tex (want a working-tree path or a <rev>:<path> pin)
ERROR: research/universal-mf-quotient.md: artifact not found: GroupApproximation/Sofic/ManuscriptExactWrappers.lean (want a working-tree path or a <rev>:<path> pin)
ERROR: research/unsquared-defect-finite-model-invisibility-proof.md: artifact not found: non_mf_groups_exist.tex (want a working-tree path or a <rev>:<path> pin)
ERROR: research/unsquared-defect-finite-model-invisibility-proof.md: artifact not found: GroupApproximation/Sofic/LiteralFiniteDimensionalObstruction.lean (want a working-tree path or a <rev>:<path> pin)
ERROR: research/unsquared-defect-mf-invisible-via-finite-packet-holonomy.md: artifact not found: GroupApproximation/Sofic/LiteralSignFreeQuotient.lean (want a working-tree path or a <rev>:<path> pin)
ERROR: research/unstabilized-reset-pencils-have-no-s3-symmetry.md: artifact not found: experiments/reset_plane_pencil_symmetry_audit.py (want a working-tree path or a <rev>:<path> pin)
ERROR: research/unstabilized-reset-pencils-have-no-s3-symmetry.md: artifact not found: experiments/reset-plane-pencil-symmetry.json (want a working-tree path or a <rev>:<path> pin)
ERROR: research/upper-triangular-cloning-groups-contain-lamp-wreath-z2.md: artifact not found: experiments/zaremsky-2-16-upper-triangular-2026-09-17/lamplighter_in_upper_triangular_cloning.py (want a working-tree path or a <rev>:<path> pin)
ERROR: research/upper-triangular-cloning-groups-contain-lamp-wreath-z2.md: artifact not found: experiments/zaremsky-2-16-upper-triangular-2026-09-17/output.txt (want a working-tree path or a <rev>:<path> pin)
ERROR: research/upper-triangular-cloning-lamp-wreath-proof.md: artifact not found: experiments/zaremsky-2-16-upper-triangular-2026-09-17/lamplighter_in_upper_triangular_cloning.py (want a working-tree path or a <rev>:<path> pin)
ERROR: research/upper-triangular-cloning-lamp-wreath-proof.md: artifact not found: experiments/zaremsky-2-16-upper-triangular-2026-09-17/output.txt (want a working-tree path or a <rev>:<path> pin)
ERROR: research/v-invariant-clopen-graph-rado-census-proof.md: artifact not found: experiments/bh-fraisse-rado/fraisse-rado-search.py (want a working-tree path or a <rev>:<path> pin)
ERROR: research/v-invariant-clopen-graph-rado-census-proof.md: artifact not found: experiments/bh-fraisse-rado/fraisse-rado-certs.py (want a working-tree path or a <rev>:<path> pin)
ERROR: research/v-invariant-clopen-graph-rado-census-proof.md: artifact not found: experiments/bh-fraisse-rado/fraisse-rado-verify.py (want a working-tree path or a <rev>:<path> pin)
ERROR: research/v-invariant-clopen-graph-rado-census-proof.md: artifact not found: experiments/bh-fraisse-rado/k2.txt (want a working-tree path or a <rev>:<path> pin)
ERROR: research/v-invariant-clopen-graph-rado-census-proof.md: artifact not found: experiments/bh-fraisse-rado/k3.txt (want a working-tree path or a <rev>:<path> pin)
ERROR: research/v-invariant-clopen-graph-rado-census-proof.md: artifact not found: experiments/bh-fraisse-rado/certs.jsonl (want a working-tree path or a <rev>:<path> pin)
ERROR: research/v-invariant-clopen-graph-rado-census-proof.md: artifact not found: experiments/bh-fraisse-rado/verify.txt (want a working-tree path or a <rev>:<path> pin)
ERROR: research/v-invariant-clopen-graphs-are-never-the-rado-graph.md: artifact not found: experiments/bh-fraisse-rado/fraisse-rado-certs.py (want a working-tree path or a <rev>:<path> pin)
ERROR: research/v-invariant-clopen-graphs-are-never-the-rado-graph.md: artifact not found: experiments/bh-fraisse-rado/fraisse-rado-verify.py (want a working-tree path or a <rev>:<path> pin)
ERROR: research/v-invariant-clopen-graphs-are-never-the-rado-graph.md: artifact not found: experiments/bh-fraisse-rado/certs.jsonl (want a working-tree path or a <rev>:<path> pin)
ERROR: research/v-invariant-clopen-graphs-are-never-the-rado-graph.md: artifact not found: experiments/bh-fraisse-rado/verify.txt (want a working-tree path or a <rev>:<path> pin)
ERROR: research/virtually-fuchsian-coefficients-have-zero-schur-kernel.md: artifact not found: experiments/sp4-schur-zariski-closure-packets-2026-09-17/verify.py (want a working-tree path or a <rev>:<path> pin)
ERROR: research/virtually-fuchsian-coefficients-have-zero-schur-kernel.md: artifact not found: experiments/sp4-schur-zariski-closure-packets-2026-09-17/output.txt (want a working-tree path or a <rev>:<path> pin)
ERROR: research/virtually-fuchsian-schur-kernel-proof.md: artifact not found: experiments/sp4-schur-zariski-closure-packets-2026-09-17/verify.py (want a working-tree path or a <rev>:<path> pin)
ERROR: research/wall-coordinate-reduction-under-at-op62-proof.md: artifact not found: notes/TRUE_RELATIVE_WALL_IS_COMMUTANT_GROWTH.md (want a working-tree path or a <rev>:<path> pin)
ERROR: research/wall-coordinate-reduction-under-at-op62.md: artifact not found: notes/TRUE_RELATIVE_WALL_IS_COMMUTANT_GROWTH.md (want a working-tree path or a <rev>:<path> pin)
ERROR: research/wall-energy-amplification-proof.md: artifact not found: notes/TRUE_WALL_ENERGY_AND_COMMUTANT_DENSITY.md (want a working-tree path or a <rev>:<path> pin)
ERROR: research/wall-energy-amplification.md: artifact not found: notes/TRUE_WALL_ENERGY_AND_COMMUTANT_DENSITY.md (want a working-tree path or a <rev>:<path> pin)
ERROR: research/wall-models-avoid-norm-microstates-proof.md: artifact not found: notes/TRUE_RELATIVE_WALL_IS_COMMUTANT_GROWTH.md (want a working-tree path or a <rev>:<path> pin)
ERROR: research/wall-models-avoid-norm-microstates-proof.md: artifact not found: notes/FALSE_RELATIVE_WALL_FORCES_FLEXIBLE_HS_INSTABILITY.md (want a working-tree path or a <rev>:<path> pin)
ERROR: research/wall-models-avoid-norm-microstates.md: artifact not found: notes/TRUE_RELATIVE_WALL_IS_COMMUTANT_GROWTH.md (want a working-tree path or a <rev>:<path> pin)
ERROR: research/walsh-frame-rich-2to1-games-have-value-near-one.md: artifact not found: experiments/rich-2to1-walsh-frames-2026-09-17/walsh_frame_enrichment_check.py (want a working-tree path or a <rev>:<path> pin)
ERROR: research/walsh-frame-rich-2to1-value-proof.md: artifact not found: experiments/rich-2to1-walsh-frames-2026-09-17/walsh_frame_enrichment_check.py (want a working-tree path or a <rev>:<path> pin)
ERROR: research/weak-determinant-violations-move-to-cubic-operators-proof.md: artifact not found: experiments/determinant-cubic-linearization-2026-09-17/linearize_check.py (want a working-tree path or a <rev>:<path> pin)
ERROR: research/weak-determinant-violations-move-to-cubic-operators-proof.md: artifact not found: experiments/determinant-cubic-linearization-2026-09-17/output.txt (want a working-tree path or a <rev>:<path> pin)
ERROR: research/weak-determinant-violations-move-to-cubic-operators-proof.md: artifact not found: experiments/determinant-cubic-linearization-2026-09-17/gadget_search.py (want a working-tree path or a <rev>:<path> pin)
ERROR: research/weak-determinant-violations-move-to-cubic-operators-proof.md: artifact not found: experiments/determinant-cubic-linearization-2026-09-17/gadget_output.txt (want a working-tree path or a <rev>:<path> pin)
ERROR: research/weak-determinant-violations-move-to-cubic-operators.md: artifact not found: experiments/determinant-cubic-linearization-2026-09-17/linearize_check.py (want a working-tree path or a <rev>:<path> pin)
ERROR: research/weak-determinant-violations-move-to-cubic-operators.md: artifact not found: experiments/determinant-cubic-linearization-2026-09-17/output.txt (want a working-tree path or a <rev>:<path> pin)
ERROR: research/weak-determinant-violations-move-to-cubic-operators.md: artifact not found: experiments/determinant-cubic-linearization-2026-09-17/gadget_search.py (want a working-tree path or a <rev>:<path> pin)
ERROR: research/weak-determinant-violations-move-to-cubic-operators.md: artifact not found: experiments/determinant-cubic-linearization-2026-09-17/gadget_output.txt (want a working-tree path or a <rev>:<path> pin)
ERROR: research/weak-mf-embedding-not-reusable-proof.md: artifact not found: GroupApproximation/Sofic/NormTraceGap.lean (want a working-tree path or a <rev>:<path> pin)
ERROR: research/weak-mf-embedding-not-reusable-proof.md: artifact not found: notes/NOTEPAD.md (want a working-tree path or a <rev>:<path> pin)
ERROR: research/weak-mf-embedding-not-reusable-proof.md: artifact not found: notes/NON_MF_ARCHAEOLOGY.md (want a working-tree path or a <rev>:<path> pin)
ERROR: research/weak-mf-embedding-not-reusable.md: artifact not found: GroupApproximation/Sofic/NormTraceGap.lean (want a working-tree path or a <rev>:<path> pin)
ERROR: research/weak-mf-embedding-not-reusable.md: artifact not found: notes/NOTEPAD.md (want a working-tree path or a <rev>:<path> pin)
ERROR: research/weak-mf-embedding-not-reusable.md: artifact not found: notes/NON_MF_ARCHAEOLOGY.md (want a working-tree path or a <rev>:<path> pin)
ERROR: research/weak-soficity-survives-every-corpus-obstruction-proof.md: artifact not found: notes/TRUE_RELATIVE_WALL_IS_COMMUTANT_GROWTH.md (want a working-tree path or a <rev>:<path> pin)
ERROR: research/weak-soficity-survives-every-corpus-obstruction.md: artifact not found: notes/TRUE_RELATIVE_WALL_IS_COMMUTANT_GROWTH.md (want a working-tree path or a <rev>:<path> pin)
ERROR: research/weighted-hall-interdiction-formula.md: artifact not found: experiments/weighted_hall_interdiction.py (want a working-tree path or a <rev>:<path> pin)
ERROR: research/weighted-hall-interdiction-formula.md: artifact not found: experiments/weighted-hall-interdiction-smoke.json (want a working-tree path or a <rev>:<path> pin)
ERROR: research/weighted-hall-interdiction-formula.md: artifact not found: experiments/weighted-hall-interdiction-smoke.out.json (want a working-tree path or a <rev>:<path> pin)
ERROR: research/weighted-leavitt-opposite-root-packets-have-finite-models.md: artifact not found: GroupApproximation/Leavitt/AryCorner.lean (want a working-tree path or a <rev>:<path> pin)
ERROR: research/weighted-leavitt-opposite-root-packets-have-finite-models.md: artifact not found: GroupApproximation/Leavitt/LeavittSimplicity.lean (want a working-tree path or a <rev>:<path> pin)
ERROR: research/whole-map-coarsening-proof.md: artifact not found: notes/TRUE_EQUIVARIANT_TRANSITIONS_COARSEN_TO_WHOLE_MAPS.md (want a working-tree path or a <rev>:<path> pin)
ERROR: research/window-certified-richness-conservation-proof.md: artifact not found: experiments/rich-2to1-window-components-2026-09-17/check_window_components.py (want a working-tree path or a <rev>:<path> pin)
ERROR: research/window-certified-richness-is-conserved-modulo-merges.md: artifact not found: experiments/rich-2to1-window-components-2026-09-17/check_window_components.py (want a working-tree path or a <rev>:<path> pin)
ERROR: research/window-fakes-on-z4-z5-z7-klein-and-dinf-are-entropic-proof.md: artifact not found: experiments/entropic-window-fakes-relaxed-2026-09-17/relaxed_target.py (want a working-tree path or a <rev>:<path> pin)
ERROR: research/window-fakes-on-z4-z5-z7-klein-and-dinf-are-entropic-proof.md: artifact not found: experiments/entropic-window-fakes-relaxed-2026-09-17/atom_gen.c (want a working-tree path or a <rev>:<path> pin)
ERROR: research/window-fakes-on-z4-z5-z7-klein-and-dinf-are-entropic-proof.md: artifact not found: experiments/entropic-window-fakes-relaxed-2026-09-17/atom_bin_lp.py (want a working-tree path or a <rev>:<path> pin)
ERROR: research/window-fakes-on-z4-z5-z7-klein-and-dinf-are-entropic-proof.md: artifact not found: experiments/entropic-window-fakes-relaxed-2026-09-17/exact_support.py (want a working-tree path or a <rev>:<path> pin)
ERROR: research/window-fakes-on-z4-z5-z7-klein-and-dinf-are-entropic-proof.md: artifact not found: experiments/entropic-window-fakes-relaxed-2026-09-17/exact_support_log.txt (want a working-tree path or a <rev>:<path> pin)
ERROR: research/window-fakes-on-z4-z5-z7-klein-and-dinf-are-entropic-proof.md: artifact not found: experiments/entropic-window-fakes-relaxed-2026-09-17/rep_z5.json (want a working-tree path or a <rev>:<path> pin)
ERROR: research/window-fakes-on-z4-z5-z7-klein-and-dinf-are-entropic-proof.md: artifact not found: experiments/entropic-window-fakes-relaxed-2026-09-17/rep_dinf.json (want a working-tree path or a <rev>:<path> pin)
ERROR: research/window-fakes-on-z4-z5-z7-klein-and-dinf-are-entropic-proof.md: artifact not found: experiments/entropic-window-fakes-relaxed-2026-09-17/verify_dinf.log (want a working-tree path or a <rev>:<path> pin)
ERROR: research/window-fakes-on-z4-z5-z7-klein-and-dinf-are-entropic-proof.md: artifact not found: experiments/entropic-window-fakes-2026-09-17/verify_linear.py (want a working-tree path or a <rev>:<path> pin)
ERROR: research/window-fakes-on-z4-z5-z7-klein-and-dinf-are-entropic.md: artifact not found: experiments/entropic-window-fakes-relaxed-2026-09-17/relaxed_target.py (want a working-tree path or a <rev>:<path> pin)
ERROR: research/window-fakes-on-z4-z5-z7-klein-and-dinf-are-entropic.md: artifact not found: experiments/entropic-window-fakes-relaxed-2026-09-17/atom_gen.c (want a working-tree path or a <rev>:<path> pin)
ERROR: research/window-fakes-on-z4-z5-z7-klein-and-dinf-are-entropic.md: artifact not found: experiments/entropic-window-fakes-relaxed-2026-09-17/atom_bin_lp.py (want a working-tree path or a <rev>:<path> pin)
ERROR: research/window-fakes-on-z4-z5-z7-klein-and-dinf-are-entropic.md: artifact not found: experiments/entropic-window-fakes-relaxed-2026-09-17/atom_lp.py (want a working-tree path or a <rev>:<path> pin)
ERROR: research/window-fakes-on-z4-z5-z7-klein-and-dinf-are-entropic.md: artifact not found: experiments/entropic-window-fakes-relaxed-2026-09-17/exact_support.py (want a working-tree path or a <rev>:<path> pin)
ERROR: research/window-fakes-on-z4-z5-z7-klein-and-dinf-are-entropic.md: artifact not found: experiments/entropic-window-fakes-relaxed-2026-09-17/exact_support_log.txt (want a working-tree path or a <rev>:<path> pin)
ERROR: research/window-fakes-on-z4-z5-z7-klein-and-dinf-are-entropic.md: artifact not found: experiments/entropic-window-fakes-relaxed-2026-09-17/rep_z4.json (want a working-tree path or a <rev>:<path> pin)
ERROR: research/window-fakes-on-z4-z5-z7-klein-and-dinf-are-entropic.md: artifact not found: experiments/entropic-window-fakes-relaxed-2026-09-17/rep_z5.json (want a working-tree path or a <rev>:<path> pin)
ERROR: research/window-fakes-on-z4-z5-z7-klein-and-dinf-are-entropic.md: artifact not found: experiments/entropic-window-fakes-relaxed-2026-09-17/rep_k2a.json (want a working-tree path or a <rev>:<path> pin)
ERROR: research/window-fakes-on-z4-z5-z7-klein-and-dinf-are-entropic.md: artifact not found: experiments/entropic-window-fakes-relaxed-2026-09-17/rep_dinf.json (want a working-tree path or a <rev>:<path> pin)
ERROR: research/window-fakes-on-z4-z5-z7-klein-and-dinf-are-entropic.md: artifact not found: experiments/entropic-window-fakes-relaxed-2026-09-17/atom_z7_dim1.json (want a working-tree path or a <rev>:<path> pin)
ERROR: research/window-fakes-on-z4-z5-z7-klein-and-dinf-are-entropic.md: artifact not found: experiments/entropic-window-fakes-relaxed-2026-09-17/verify_z4.log (want a working-tree path or a <rev>:<path> pin)
ERROR: research/window-fakes-on-z4-z5-z7-klein-and-dinf-are-entropic.md: artifact not found: experiments/entropic-window-fakes-relaxed-2026-09-17/verify_z5.log (want a working-tree path or a <rev>:<path> pin)
ERROR: research/window-fakes-on-z4-z5-z7-klein-and-dinf-are-entropic.md: artifact not found: experiments/entropic-window-fakes-relaxed-2026-09-17/verify_k2a.log (want a working-tree path or a <rev>:<path> pin)
ERROR: research/window-fakes-on-z4-z5-z7-klein-and-dinf-are-entropic.md: artifact not found: experiments/entropic-window-fakes-relaxed-2026-09-17/verify_dinf.log (want a working-tree path or a <rev>:<path> pin)
ERROR: research/window-fakes-on-z4-z5-z7-klein-and-dinf-are-entropic.md: artifact not found: experiments/entropic-window-fakes-2026-09-17/verify_linear.py (want a working-tree path or a <rev>:<path> pin)
ERROR: research/witness-yields-two-point-approximation.md: artifact not found: notes/TRUE_LAMP_CHARACTER_ORBIT_SEPARATION.md (want a working-tree path or a <rev>:<path> pin)
ERROR: research/witness-yields-two-point-approximation.md: artifact not found: notes/TRUE_HILBERT_EMBEDDABLE_IS_REPRESENTATION_REALIZED.md (want a working-tree path or a <rev>:<path> pin)
ERROR: research/word-energy-domination-is-free-subgroup-membership.md: artifact not found: notes/PROPERTY_T_FREE_CONTEXT_ENERGY_2026-09-07.md (want a working-tree path or a <rev>:<path> pin)
ERROR: research/word-energy-domination-is-free-subgroup-membership.md: artifact not found: experiments/word_energy_certificate.py (want a working-tree path or a <rev>:<path> pin)
ERROR: research/word-energy-domination-is-free-subgroup-membership.md: artifact not found: experiments/test_word_energy_certificate.py (want a working-tree path or a <rev>:<path> pin)
ERROR: research/word-energy-subgroup-membership-proof.md: artifact not found: notes/PROPERTY_T_FREE_CONTEXT_ENERGY_2026-09-07.md (want a working-tree path or a <rev>:<path> pin)
ERROR: research/word-energy-subgroup-membership-proof.md: artifact not found: experiments/word_energy_certificate.py (want a working-tree path or a <rev>:<path> pin)
ERROR: research/word-energy-subgroup-membership-proof.md: artifact not found: experiments/test_word_energy_certificate.py (want a working-tree path or a <rev>:<path> pin)
ERROR: research/word-problem-of-finite-presentation-is-re-proof.md: artifact not found: GroupApproximation/Computability/WordProblemRE.lean (want a working-tree path or a <rev>:<path> pin)
ERROR: research/word-problem-of-finite-presentation-is-re-proof.md: artifact not found: GroupApproximation/Computability/AdianRabinWordProblem.lean (want a working-tree path or a <rev>:<path> pin)
ERROR: research/word-problem-of-finite-presentation-is-re-proof.md: artifact not found: GroupApproximation/Computability/PresentationCodes.lean (want a working-tree path or a <rev>:<path> pin)
ERROR: research/word-problem-of-finite-presentation-is-re.md: artifact not found: GroupApproximation/Computability/WordProblemRE.lean (want a working-tree path or a <rev>:<path> pin)
ERROR: research/word-problem-of-finite-presentation-is-re.md: artifact not found: GroupApproximation/Computability/AdianRabinWordProblem.lean (want a working-tree path or a <rev>:<path> pin)
ERROR: research/word-problem-of-finite-presentation-is-re.md: artifact not found: GroupApproximation/Computability/PresentationCodes.lean (want a working-tree path or a <rev>:<path> pin)
ERROR: research/wreath-candidate-embeds-in-finitary-permutation-extension-proof.md: artifact not found: notes/HYPERLINEAR_NONSOFIC_ATTEMPT_2026-08-26.md (want a working-tree path or a <rev>:<path> pin)
ERROR: research/wreath-candidate-embeds-in-finitary-permutation-extension.md: artifact not found: notes/HYPERLINEAR_NONSOFIC_ATTEMPT_2026-08-26.md (want a working-tree path or a <rev>:<path> pin)
ERROR: research/wreath-compression-mf-radical-route.md: artifact not found: notes/COMPRESSION_COLLAPSE_MF_RADICAL.md (want a working-tree path or a <rev>:<path> pin)
ERROR: research/wreath-compression-mf-radical-route.md: artifact not found: GroupApproximation/Sofic/TorsionCompressionCollapse.lean (want a working-tree path or a <rev>:<path> pin)
ERROR: research/wreath-compression-mf-radical.md: artifact not found: notes/COMPRESSION_COLLAPSE_MF_RADICAL.md (want a working-tree path or a <rev>:<path> pin)
ERROR: research/wreath-sofic-not-mf-proof.md: artifact not found: GroupApproximation/Sofic/CommutingLampQuotientSofic.lean (want a working-tree path or a <rev>:<path> pin)
ERROR: research/wreath-sofic-not-mf.md: artifact not found: GroupApproximation/Sofic/CommutingLampQuotientSofic.lean (want a working-tree path or a <rev>:<path> pin)
ERROR: research/wreath-sofic-not-mf.md: artifact not found: notes/COMMUTING_LAMP_QUOTIENT_STRUCTURE_AND_MF_FORK_2026-08-14.md (want a working-tree path or a <rev>:<path> pin)
ERROR: research/xmf-via-matricial-compression-ring-proof.md: artifact not found: GroupApproximation/Sofic/KazhdanCompressionCore.lean (want a working-tree path or a <rev>:<path> pin)
ERROR: research/xmf-via-matricial-compression-ring-proof.md: artifact not found: GroupApproximation/Sofic/NormalKazhdanMFRadical.lean (want a working-tree path or a <rev>:<path> pin)
ERROR: research/z-direct-factor-kills-intrinsic-t-substitutes.md: artifact not found: non_mf_groups_exist.tex (want a working-tree path or a <rev>:<path> pin)
ERROR: research/z2-commuting-pairs-are-not-bounded-rank-stable.md: artifact not found: experiments/bounded-rank-z2-dislocation-2026-09-17/dislocation.py (want a working-tree path or a <rev>:<path> pin)
ERROR: research/z2-commuting-pairs-are-not-bounded-rank-stable.md: artifact not found: experiments/bounded-rank-z2-dislocation-2026-09-17/results.txt (want a working-tree path or a <rev>:<path> pin)
ERROR: research/z3-heawood-exact-monomial-certificate.md: artifact not found: experiments/odd-p-incidence-pquotient-2026-09-17/verify_monomial.py (want a working-tree path or a <rev>:<path> pin)
ERROR: research/z3-heawood-exact-monomial-certificate.md: artifact not found: experiments/odd-p-incidence-pquotient-2026-09-17/heawood_p3_monomial.json.gz (want a working-tree path or a <rev>:<path> pin)
ERROR: research/z3-heawood-exact-monomial-certificate.md: artifact not found: experiments/odd-p-incidence-pquotient-2026-09-17/pq.g (want a working-tree path or a <rev>:<path> pin)
ERROR: research/z3-heawood-exact-monomial-certificate.md: artifact not found: experiments/odd-p-incidence-pquotient-2026-09-17/reduce.g (want a working-tree path or a <rev>:<path> pin)
ERROR: research/z3-heawood-exact-monomial-certificate.md: artifact not found: experiments/odd-p-incidence-pquotient-2026-09-17/monomial.g (want a working-tree path or a <rev>:<path> pin)
ERROR: research/z3-heawood-exact-monomial-certificate.md: artifact not found: experiments/odd-p-incidence-pquotient-2026-09-17/minor.g (want a working-tree path or a <rev>:<path> pin)
ERROR: research/z3-heawood-exact-monomial-certificate.md: artifact not found: experiments/odd-p-incidence-pquotient-2026-09-17/RESULTS.md (want a working-tree path or a <rev>:<path> pin)
ERROR: research/z3-heawood-incidence-system-has-a-finite-dimensional-solution.md: artifact not found: experiments/odd-p-incidence-pquotient-2026-09-17/verify_monomial.py (want a working-tree path or a <rev>:<path> pin)
ERROR: research/z3-heawood-incidence-system-has-a-finite-dimensional-solution.md: artifact not found: experiments/odd-p-incidence-pquotient-2026-09-17/heawood_p3_monomial.json.gz (want a working-tree path or a <rev>:<path> pin)
ERROR: research/z3-heawood-incidence-system-has-a-finite-dimensional-solution.md: artifact not found: experiments/odd-p-incidence-pquotient-2026-09-17/pq.g (want a working-tree path or a <rev>:<path> pin)
ERROR: research/z3-heawood-incidence-system-has-a-finite-dimensional-solution.md: artifact not found: experiments/odd-p-incidence-pquotient-2026-09-17/reduce.g (want a working-tree path or a <rev>:<path> pin)
ERROR: research/z3-heawood-incidence-system-has-a-finite-dimensional-solution.md: artifact not found: experiments/odd-p-incidence-pquotient-2026-09-17/monomial.g (want a working-tree path or a <rev>:<path> pin)
ERROR: research/z3-heawood-incidence-system-has-a-finite-dimensional-solution.md: artifact not found: experiments/odd-p-incidence-pquotient-2026-09-17/RESULTS.md (want a working-tree path or a <rev>:<path> pin)
ERROR: research/z6-rips-contractible-at-scales-6-to-9-proof.md: artifact not found: experiments/zn-rips-sharp-scale-2026-09-17/README.md (want a working-tree path or a <rev>:<path> pin)
ERROR: research/z6-rips-contractible-at-scales-6-to-9-proof.md: artifact not found: experiments/zn-rips-sharp-scale-2026-09-17/uniform.cpp (want a working-tree path or a <rev>:<path> pin)
ERROR: research/z6-rips-contractible-at-scales-6-to-9-proof.md: artifact not found: experiments/zn-rips-sharp-scale-2026-09-17/verify.py (want a working-tree path or a <rev>:<path> pin)
ERROR: research/z6-rips-contractible-at-scales-6-to-9-proof.md: artifact not found: experiments/zn-rips-sharp-scale-2026-09-17/verify_fast.cpp (want a working-tree path or a <rev>:<path> pin)
ERROR: research/z6-rips-contractible-at-scales-6-to-9-proof.md: artifact not found: experiments/zn-rips-sharp-scale-2026-09-17/results.txt (want a working-tree path or a <rev>:<path> pin)
ERROR: research/z6-rips-contractible-at-scales-6-to-9-proof.md: artifact not found: experiments/zn-rips-sharp-scale-2026-09-17/certs/cert-6-6.txt.gz (want a working-tree path or a <rev>:<path> pin)
ERROR: research/z6-rips-contractible-at-scales-6-to-9-proof.md: artifact not found: experiments/zn-rips-sharp-scale-2026-09-17/certs/cert-6-7.txt.gz (want a working-tree path or a <rev>:<path> pin)
ERROR: research/z6-rips-contractible-at-scales-6-to-9-proof.md: artifact not found: experiments/zn-rips-sharp-scale-2026-09-17/certs/cert-6-8.txt.gz (want a working-tree path or a <rev>:<path> pin)
ERROR: research/z6-rips-contractible-at-scales-6-to-9-proof.md: artifact not found: experiments/zn-rips-sharp-scale-2026-09-17/certs/cert-6-9.txt.gz (want a working-tree path or a <rev>:<path> pin)
ERROR: research/z7-rips-contractible-at-scale-9-proof.md: artifact not found: experiments/zn-rips-sharp-scale-2026-09-17/README.md (want a working-tree path or a <rev>:<path> pin)
ERROR: research/z7-rips-contractible-at-scale-9-proof.md: artifact not found: experiments/zn-rips-sharp-scale-2026-09-17/uniform.cpp (want a working-tree path or a <rev>:<path> pin)
ERROR: research/z7-rips-contractible-at-scale-9-proof.md: artifact not found: experiments/zn-rips-sharp-scale-2026-09-17/verify_fast.cpp (want a working-tree path or a <rev>:<path> pin)
ERROR: research/z7-rips-contractible-at-scale-9-proof.md: artifact not found: experiments/zn-rips-sharp-scale-2026-09-17/results.txt (want a working-tree path or a <rev>:<path> pin)
ERROR: research/z7-rips-contractible-at-scales-12-14-16-and-18-to-54-proof.md: artifact not found: experiments/zn-rips-slack-sphere-2026-09-18/README.md (want a working-tree path or a <rev>:<path> pin)
ERROR: research/z7-rips-contractible-at-scales-12-14-16-and-18-to-54-proof.md: artifact not found: experiments/zn-rips-slack-sphere-2026-09-18/slack_crit.cpp (want a working-tree path or a <rev>:<path> pin)
ERROR: research/z7-rips-contractible-at-scales-12-14-16-and-18-to-54-proof.md: artifact not found: experiments/zn-rips-slack-sphere-2026-09-18/slack_crosscheck.py (want a working-tree path or a <rev>:<path> pin)
ERROR: research/z7-rips-contractible-at-scales-12-14-16-and-18-to-54-proof.md: artifact not found: experiments/zn-rips-slack-sphere-2026-09-18/results.txt (want a working-tree path or a <rev>:<path> pin)
ERROR: research/z7-rips-contractible-at-scales-20-to-54-even-and-36-to-54-proof.md: artifact not found: experiments/zn-rips-sphere-core-2026-09-17/README.md (want a working-tree path or a <rev>:<path> pin)
ERROR: research/z7-rips-contractible-at-scales-20-to-54-even-and-36-to-54-proof.md: artifact not found: experiments/zn-rips-sphere-core-2026-09-17/sphere_nop.cpp (want a working-tree path or a <rev>:<path> pin)
ERROR: research/z7-rips-contractible-at-scales-20-to-54-even-and-36-to-54-proof.md: artifact not found: experiments/zn-rips-sphere-core-2026-09-17/results.txt (want a working-tree path or a <rev>:<path> pin)
ERROR: research/z7-rips-contractible-at-scales-7-and-8-proof.md: artifact not found: experiments/zn-rips-sharp-scale-2026-09-17/README.md (want a working-tree path or a <rev>:<path> pin)
ERROR: research/z7-rips-contractible-at-scales-7-and-8-proof.md: artifact not found: experiments/zn-rips-sharp-scale-2026-09-17/uniform.cpp (want a working-tree path or a <rev>:<path> pin)
ERROR: research/z7-rips-contractible-at-scales-7-and-8-proof.md: artifact not found: experiments/zn-rips-sharp-scale-2026-09-17/verify.py (want a working-tree path or a <rev>:<path> pin)
ERROR: research/z7-rips-contractible-at-scales-7-and-8-proof.md: artifact not found: experiments/zn-rips-sharp-scale-2026-09-17/verify_fast.cpp (want a working-tree path or a <rev>:<path> pin)
ERROR: research/z7-rips-contractible-at-scales-7-and-8-proof.md: artifact not found: experiments/zn-rips-sharp-scale-2026-09-17/results.txt (want a working-tree path or a <rev>:<path> pin)
ERROR: research/z8-rips-contractible-at-even-scales-38-to-70-proof.md: artifact not found: experiments/zn-rips-sphere-core-2026-09-17/README.md (want a working-tree path or a <rev>:<path> pin)
ERROR: research/z8-rips-contractible-at-even-scales-38-to-70-proof.md: artifact not found: experiments/zn-rips-sphere-core-2026-09-17/sphere_nop.cpp (want a working-tree path or a <rev>:<path> pin)
ERROR: research/z8-rips-contractible-at-even-scales-38-to-70-proof.md: artifact not found: experiments/zn-rips-sphere-core-2026-09-17/sphere_nop2.cpp (want a working-tree path or a <rev>:<path> pin)
ERROR: research/z8-rips-contractible-at-even-scales-38-to-70-proof.md: artifact not found: experiments/zn-rips-sphere-core-2026-09-17/results.txt (want a working-tree path or a <rev>:<path> pin)
ERROR: research/z8-rips-contractible-at-scales-20-to-36-even-and-37-to-70-proof.md: artifact not found: experiments/zn-rips-slack-sphere-2026-09-18/README.md (want a working-tree path or a <rev>:<path> pin)
ERROR: research/z8-rips-contractible-at-scales-20-to-36-even-and-37-to-70-proof.md: artifact not found: experiments/zn-rips-slack-sphere-2026-09-18/slack_crit.cpp (want a working-tree path or a <rev>:<path> pin)
ERROR: research/z8-rips-contractible-at-scales-20-to-36-even-and-37-to-70-proof.md: artifact not found: experiments/zn-rips-slack-sphere-2026-09-18/slack_shard.cpp (want a working-tree path or a <rev>:<path> pin)
ERROR: research/z8-rips-contractible-at-scales-20-to-36-even-and-37-to-70-proof.md: artifact not found: experiments/zn-rips-slack-sphere-2026-09-18/u_only.cpp (want a working-tree path or a <rev>:<path> pin)
ERROR: research/z8-rips-contractible-at-scales-20-to-36-even-and-37-to-70-proof.md: artifact not found: experiments/zn-rips-slack-sphere-2026-09-18/U8.txt (want a working-tree path or a <rev>:<path> pin)
ERROR: research/z8-rips-contractible-at-scales-20-to-36-even-and-37-to-70-proof.md: artifact not found: experiments/zn-rips-slack-sphere-2026-09-18/results.txt (want a working-tree path or a <rev>:<path> pin)
WARNING: research/zaremsky-1-03-by-yes.md: prerequisite fg-group-qi-to-n-connected-geodesic-space-is-type-fn reads like a restatement of target zaremsky-1-03-qi-to-connected-space-implies-type-fn; if the route only renames the problem, replace the prerequisite with one that can independently fail
WARNING: research/zaremsky-1-19-by-yes.md: prerequisite raag-virtual-fn-kernel-implies-raag-fn-kernel reads like a restatement of target zaremsky-1-19-raag-virtual-fn-kernel-conjecture; if the route only renames the problem, replace the prerequisite with one that can independently fail
WARNING: research/zaremsky-2-06-by-hyde-skipper-zaremsky.md: prerequisite stein-group-f23-does-not-embed-in-thompson-v reads like a restatement of target zaremsky-2-06-stein-f23-does-not-embed-in-v; if the route only renames the problem, replace the prerequisite with one that can independently fail
WARNING: research/zaremsky-4-06-by-yes.md: prerequisite f-infinity-finite-cd-groups-have-contractible-rips reads like a restatement of target zaremsky-4-06-f-infinity-finite-cd-contractible-rips; if the route only renames the problem, replace the prerequisite with one that can independently fail
ERROR: research/zariski-envelope-compression-rigidity-proof.md: artifact not found: GroupApproximation/Algebra/ZariskiEnvelopeEndpoint.lean (want a working-tree path or a <rev>:<path> pin)
ERROR: research/zariski-envelope-compression-rigidity-proof.md: artifact not found: GroupApproximation/Algebra/ZariskiClosedSubgroup.lean (want a working-tree path or a <rev>:<path> pin)
ERROR: research/zariski-envelope-compression-rigidity-proof.md: artifact not found: GroupApproximation/Algebra/ZariskiDescendingChain.lean (want a working-tree path or a <rev>:<path> pin)
ERROR: research/zariski-envelope-compression-rigidity-proof.md: artifact not found: GroupApproximation/Criterion/ClosedEnvelopeCompressionCore.lean (want a working-tree path or a <rev>:<path> pin)
ERROR: research/zariski-envelope-compression-rigidity.md: artifact not found: GroupApproximation/Algebra/ZariskiEnvelopeEndpoint.lean (want a working-tree path or a <rev>:<path> pin)
ERROR: research/zariski-envelope-compression-rigidity.md: artifact not found: GroupApproximation/Algebra/ZariskiClosedSubgroup.lean (want a working-tree path or a <rev>:<path> pin)
ERROR: research/zariski-envelope-compression-rigidity.md: artifact not found: GroupApproximation/Algebra/ZariskiDescendingChain.lean (want a working-tree path or a <rev>:<path> pin)
ERROR: research/zariski-envelope-compression-rigidity.md: artifact not found: GroupApproximation/Criterion/ClosedEnvelopeCompressionCore.lean (want a working-tree path or a <rev>:<path> pin)
ERROR: research/zd-derived-full-group-fp-forces-quantum-rigidity-proof.md: artifact not found: experiments/labbe-relation-climbing/idealcert.py (want a working-tree path or a <rev>:<path> pin)
ERROR: research/zero-dimensional-dynamics-has-universal-finite-ring-reflection.md: artifact not found: non_mf_groups_exist.tex (want a working-tree path or a <rev>:<path> pin)
ERROR: research/zero-dimensional-system-mf-radical-is-core-restriction.md: artifact not found: non_mf_groups_exist.tex (want a working-tree path or a <rev>:<path> pin)
ERROR: research/zn-rips-slack-sphere-criterion-proof.md: artifact not found: experiments/zn-rips-slack-sphere-2026-09-18/README.md (want a working-tree path or a <rev>:<path> pin)
ERROR: research/zn-rips-slack-sphere-criterion-proof.md: artifact not found: experiments/zn-rips-slack-sphere-2026-09-18/slack_crit.cpp (want a working-tree path or a <rev>:<path> pin)
ERROR: research/zn-rips-slack-sphere-criterion-proof.md: artifact not found: experiments/zn-rips-slack-sphere-2026-09-18/sphere_free.cpp (want a working-tree path or a <rev>:<path> pin)
ERROR: research/zn-rips-slack-sphere-criterion-proof.md: artifact not found: experiments/zn-rips-slack-sphere-2026-09-18/slack_crosscheck.py (want a working-tree path or a <rev>:<path> pin)
ERROR: research/zn-rips-slack-sphere-criterion-proof.md: artifact not found: experiments/zn-rips-slack-sphere-2026-09-18/hull_rounds.py (want a working-tree path or a <rev>:<path> pin)
ERROR: research/zn-rips-slack-sphere-criterion-proof.md: artifact not found: experiments/zn-rips-slack-sphere-2026-09-18/sphere_rounds.cpp (want a working-tree path or a <rev>:<path> pin)
ERROR: research/zn-rips-slack-sphere-criterion-proof.md: artifact not found: experiments/zn-rips-slack-sphere-2026-09-18/results.txt (want a working-tree path or a <rev>:<path> pin)
ERROR: research/zn-rips-sphere-balanced-dominator-criterion-proof.md: artifact not found: experiments/zn-rips-sphere-core-2026-09-17/README.md (want a working-tree path or a <rev>:<path> pin)
ERROR: research/zn-rips-sphere-balanced-dominator-criterion-proof.md: artifact not found: experiments/zn-rips-sphere-core-2026-09-17/sphere_nop.cpp (want a working-tree path or a <rev>:<path> pin)
ERROR: research/zn-rips-sphere-balanced-dominator-criterion-proof.md: artifact not found: experiments/zn-rips-sphere-core-2026-09-17/sphere_check.cpp (want a working-tree path or a <rev>:<path> pin)
ERROR: research/zn-rips-sphere-balanced-dominator-criterion-proof.md: artifact not found: experiments/zn-rips-sphere-core-2026-09-17/results.txt (want a working-tree path or a <rev>:<path> pin)
ERROR: research/zpc-readable-control-freezing-to-lcs.md: artifact not found: notes/NONHYPERLINEAR_CHARACTER_REYNOLDS_INTEGRATION_2026-08-24.md (want a working-tree path or a <rev>:<path> pin)
WARNING: dependency cycle through claims: permutational-boone-higman-conjecture -> boone-higman-conjecture -> permutational-boone-higman-conjecture
WARNING: dependency cycle through claims: boone-higman-conjecture -> every-decidable-group-embeds-in-an-isolated-group -> boone-higman-conjecture
WARNING: dependency cycle through claims: permutational-boone-higman-conjecture -> fp-simple-groups-embed-in-fp-simple-mif-groups -> permutational-boone-higman-conjecture
WARNING: dependency cycle through claims: a2-pairs-embed-in-a2-pairs-with-fng-kernels -> permutational-boone-higman-conjecture -> a2-pairs-embed-in-a2-pairs-with-fng-kernels
WARNING: dependency cycle through claims: determinant-conjecture -> integral-group-ring-spectra-are-integer-root-limits -> determinant-conjecture
WARNING: dependency cycle through claims: integral-group-ring-spectra-are-integer-root-limits -> integral-group-ring-eigenvalues-are-galois-balanced -> integral-group-ring-spectra-are-integer-root-limits
WARNING: dependency cycle through claims: amenable-automatic-groups-are-elementary-amenable -> amenable-automatic-groups-are-virtually-abelian -> amenable-automatic-groups-are-elementary-amenable
WARNING: dependency cycle through claims: amenable-automatic-groups-are-virtually-abelian -> soluble-automatic-groups-are-virtually-abelian -> amenable-automatic-groups-are-virtually-abelian
WARNING: dependency cycle through claims: amplifier-preserves-yes-energy-below-the-floor -> quantum-pcp-constant-gap-local-hamiltonian -> amplifier-preserves-yes-energy-below-the-floor
WARNING: dependency cycle through claims: sl3-hnn-admits-no-amalgamated-free-haar-unitary -> projective-trace-square-transfer-for-sl3-pair -> sl3-pair-relative-commutant-route -> sl3-hnn-admits-no-amalgamated-free-haar-unitary
WARNING: dependency cycle through claims: every-group-has-positive-rokhlin-entropy-action -> bernoulli-shift-entropy-classifies-for-every-group -> every-group-has-positive-rokhlin-entropy-action
WARNING: dependency cycle through claims: bernoulli-rokhlin-entropy-maximal-for-every-group -> bernoulli-rokhlin-entropy-maximal-on-fixed-tester -> tester-host-has-positive-rokhlin-entropy-action -> every-group-has-positive-rokhlin-entropy-action -> bernoulli-rokhlin-entropy-maximal-for-every-group
WARNING: dependency cycle through claims: every-type-fn-group-embeds-in-a-type-fn-plus-1-group -> every-finitely-presented-group-embeds-in-an-f-infinity-group -> every-type-fn-group-embeds-in-a-type-fn-plus-1-group
WARNING: dependency cycle through claims: every-hyperbolic-group-is-good -> hyperbolic-finite-residual-is-torsion-free -> every-hyperbolic-group-is-good
WARNING: dependency cycle through claims: f-infinity-finite-cd-groups-have-contractible-rips -> f-infinity-groups-of-finite-cd-are-of-type-f -> f-infinity-finite-cd-groups-have-contractible-rips
WARNING: dependency cycle through claims: every-type-f-group-has-a-contractible-rips-complex -> f-infinity-finite-cd-groups-have-contractible-rips -> every-type-f-group-has-a-contractible-rips-complex
WARNING: dependency cycle through claims: sylvester-rank-functions-on-ternary-leavitt-units-kill-minus-one -> thompson-v-ternary-rank-functions-are-augmentation -> sylvester-rank-functions-on-ternary-leavitt-units-kill-minus-one
WARNING: dependency cycle through claims: f9-hadamard-spectral-idempotent-is-full -> ternary-anti-invariant-swap-corner-is-full -> ternary-anti-central-summand-has-cohn-family -> ternary-anti-central-cohn-family-over-f9 -> f9-hadamard-spectral-idempotent-is-full
WARNING: dependency cycle through claims: finite-moment-pairing-2to1-hardness -> smooth-design-rich-2to1-hardness -> unique-games-conjecture -> finite-moment-pairing-2to1-hardness
WARNING: dependency cycle through claims: rr0-c-star-algebras-are-separative -> rr0-algebras-are-k1-bijective -> rr0-c-star-algebras-are-separative
WARNING: dependency cycle through claims: thompson-f-is-not-hyperlinear -> thompson-f-is-not-sofic -> thompson-f-is-not-hyperlinear
WARNING: dependency cycle through claims: hs-expander-block-decomposition -> leavitt-hs-block-compatibility -> leavitt-steinberg-hs-stable -> hs-expander-block-decomposition
WARNING: dependency cycle through claims: hs-expander-block-decomposition -> leavitt-hs-block-compatibility -> leavitt-steinberg-hs-stable -> tracial-median-concentration -> hs-expander-block-decomposition
WARNING: dependency cycle through claims: non-residually-finite-hyperbolic-group -> hyperbolic-group-without-finite-quotients -> kazhdan-hyperbolic-group-without-finite-quotients -> sp21-lattice-hyperbolic-quotient-without-finite-quotients -> non-residually-finite-hyperbolic-group
WARNING: dependency cycle through claims: hyperbolic-group-trivial-radical-residual-prime-torsion -> non-virtually-torsion-free-hyperbolic-group -> non-residually-finite-hyperbolic-group -> hyperbolic-group-trivial-radical-residual-prime-torsion
WARNING: dependency cycle through claims: kervaire-laudenbach-nonsingular-conjecture -> universal-schur-injectivity-for-nonsingular-adjunctions -> kervaire-laudenbach-nonsingular-conjecture
WARNING: dependency cycle through claims: leavitt-evaluation-kernel-unitization-directly-finite -> leavitt-unit-group-algebra-is-directly-finite -> no-left-invertible-lift-of-s0-in-leavitt-group-algebra -> leavitt-evaluation-kernel-unitization-directly-finite
WARNING: dependency cycle through claims: stw99-problem-lxi-properly-infinite-k1-injective -> properly-infinite-unitary-loops-detected-by-k1-suspension -> stw99-problem-lxi-properly-infinite-k1-injective
WARNING: dependency cycle through claims: stw99-problem-lxi-properly-infinite-k1-injective -> prime-quotient-minimal-k1-trivial-unitaries-are-null -> stw99-problem-lxi-properly-infinite-k1-injective
WARNING: dependency cycle through claims: stw99-problem-lxi-properly-infinite-k1-injective -> toeplitz-defect-ideal-unitization-k1-injective -> stw99-problem-lxi-properly-infinite-k1-injective
WARNING: dependency cycle through claims: o2-free-circle-halving-homotopy -> stw99-problem-lxi-properly-infinite-k1-injective -> o2-free-circle-halving-homotopy
WARNING: dependency cycle through claims: products-with-a-sofic-factor-are-surjunctive -> surjunctive-groups-are-quantitatively-surjunctive -> products-with-a-sofic-factor-are-surjunctive
WARNING: research/actor-commutant-has-liftable-masa-in-every-model.md: every route that needs actor-commutant-has-liftable-masa-in-every-model is invalidated — the hole is no longer load-bearing; retarget it or let it stand as recorded dead space
WARNING: research/agent-free-compressor-one-row-kernel-reflection.md: every route that needs agent-free-compressor-one-row-kernel-reflection is invalidated — the hole is no longer load-bearing; retarget it or let it stand as recorded dead space
WARNING: research/bcs-projective-kernel-phase-compilation.md: every route that needs bcs-projective-kernel-phase-compilation is invalidated — the hole is no longer load-bearing; retarget it or let it stand as recorded dead space
WARNING: research/binary-jacobson-head-root-has-opnorm-square-decoder.md: every route that needs binary-jacobson-head-root-has-opnorm-square-decoder is invalidated — the hole is no longer load-bearing; retarget it or let it stand as recorded dead space
WARNING: research/binary-jacobson-raw-cycle-selects-common-pi-intertwiner.md: every route that needs binary-jacobson-raw-cycle-selects-common-pi-intertwiner is invalidated — the hole is no longer load-bearing; retarget it or let it stand as recorded dead space
WARNING: research/binary-leavitt-three-row-atomic-compiler.md: every route that needs binary-leavitt-three-row-atomic-compiler is invalidated — the hole is no longer load-bearing; retarget it or let it stand as recorded dead space
WARNING: research/binary-pcp-coordinate-atlas-in-hs-microstates.md: every route that needs binary-pcp-coordinate-atlas-in-hs-microstates is invalidated — the hole is no longer load-bearing; retarget it or let it stand as recorded dead space
WARNING: research/bisynchronous-to-monomial-game-algebra-compiler.md: every route that needs bisynchronous-to-monomial-game-algebra-compiler is invalidated — the hole is no longer load-bearing; retarget it or let it stand as recorded dead space
WARNING: research/central-word-state-face-compiler.md: every route that needs central-word-state-face-compiler is invalidated — the hole is no longer load-bearing; retarget it or let it stand as recorded dead space
WARNING: research/ck-sandwich-ring-has-fp-projective-simple-quotient.md: every route that needs ck-sandwich-ring-has-fp-projective-simple-quotient is invalidated — the hole is no longer load-bearing; retarget it or let it stand as recorded dead space
WARNING: research/coherent-groupification-of-table-gap.md: every route that needs coherent-groupification-of-table-gap is invalidated — the hole is no longer load-bearing; retarget it or let it stand as recorded dead space
WARNING: research/covariant-model-satisfies-cross-context-radical-relators.md: every route that needs covariant-model-satisfies-cross-context-radical-relators is invalidated — the hole is no longer load-bearing; retarget it or let it stand as recorded dead space
WARNING: research/exact-kazhdan-radical-kernel-cannot-be-lef.md: every route that needs exact-kazhdan-radical-kernel-cannot-be-lef is invalidated — the hole is no longer load-bearing; retarget it or let it stand as recorded dead space
WARNING: research/factorial-commutant-regular-embeddings-are-congruence.md: every route that needs factorial-commutant-regular-embeddings-are-congruence is invalidated — the hole is no longer load-bearing; retarget it or let it stand as recorded dead space
WARNING: research/fanizza-coherent-verifier-wandering-promotion.md: every route that needs fanizza-coherent-verifier-wandering-promotion is invalidated — the hole is no longer load-bearing; retarget it or let it stand as recorded dead space
WARNING: research/glue-lemma-implies-rich-2to1-hardness.md: every route that needs glue-lemma-implies-rich-2to1-hardness is invalidated — the hole is no longer load-bearing; retarget it or let it stand as recorded dead space
WARNING: research/graph-braid-ascending-matching-complex-criterion-is-exact.md: every route that needs graph-braid-ascending-matching-complex-criterion-is-exact is invalidated — the hole is no longer load-bearing; retarget it or let it stand as recorded dead space
WARNING: research/graph-braid-matching-complex-connectivity-explicit.md: every route that needs graph-braid-matching-complex-connectivity-explicit is invalidated — the hole is no longer load-bearing; retarget it or let it stand as recorded dead space
WARNING: research/k3-relational-atlas-to-scalar-group-words.md: every route that needs k3-relational-atlas-to-scalar-group-words is invalidated — the hole is no longer load-bearing; retarget it or let it stand as recorded dead space
WARNING: research/kun-thom-full-group-balls-embed-in-permanence-closure.md: every route that needs kun-thom-full-group-balls-embed-in-permanence-closure is invalidated — the hole is no longer load-bearing; retarget it or let it stand as recorded dead space
WARNING: research/kun-thom-product-action-alternating-full-group-is-fg-simple.md: every route that needs kun-thom-product-action-alternating-full-group-is-fg-simple is invalidated — the hole is no longer load-bearing; retarget it or let it stand as recorded dead space
WARNING: research/norm-folner-projections-for-hyperfinite-factor.md: every route that needs norm-folner-projections-for-hyperfinite-factor is invalidated — the hole is no longer load-bearing; retarget it or let it stand as recorded dead space
WARNING: research/pzk-tableau-gap-full-corner-monomial-realization.md: every route that needs pzk-tableau-gap-full-corner-monomial-realization is invalidated — the hole is no longer load-bearing; retarget it or let it stand as recorded dead space
WARNING: research/quantitative-hs-stability-for-slofstra-zhang-pictures.md: every route that needs quantitative-hs-stability-for-slofstra-zhang-pictures is invalidated — the hole is no longer load-bearing; retarget it or let it stand as recorded dead space
WARNING: research/regular-reynolds-bad-levels-cannot-be-quarantined.md: every route that needs regular-reynolds-bad-levels-cannot-be-quarantined is invalidated — the hole is no longer load-bearing; retarget it or let it stand as recorded dead space
WARNING: research/regular-table-defects-are-short-edge-h1-trivial.md: every route that needs regular-table-defects-are-short-edge-h1-trivial is invalidated — the hole is no longer load-bearing; retarget it or let it stand as recorded dead space
WARNING: research/schur-kernel-lies-in-char-p-linear-sofic-radical.md: every route that needs schur-kernel-lies-in-char-p-linear-sofic-radical is invalidated — the hole is no longer load-bearing; retarget it or let it stand as recorded dead space
WARNING: research/short-edge-gauge-torsor-h1-vanishes.md: every route that needs short-edge-gauge-torsor-h1-vanishes is invalidated — the hole is no longer load-bearing; retarget it or let it stand as recorded dead space
WARNING: research/smooth-label-cover-gap-full-corner-monomial-realization.md: every route that needs smooth-label-cover-gap-full-corner-monomial-realization is invalidated — the hole is no longer load-bearing; retarget it or let it stand as recorded dead space
WARNING: research/stw83-two-non-k-extension-directions-remain-open.md: every route that needs stw83-two-non-k-extension-directions-remain-open is invalidated — the hole is no longer load-bearing; retarget it or let it stand as recorded dead space
WARNING: research/titz-witzel-mapping-tori-are-virtually-products.md: every route that needs titz-witzel-mapping-tori-are-virtually-products is invalidated — the hole is no longer load-bearing; retarget it or let it stand as recorded dead space
WARNING: research/traffic-branching-rounding-hierarchy.md: every route that needs traffic-branching-rounding-hierarchy is invalidated — the hole is no longer load-bearing; retarget it or let it stand as recorded dead space
WARNING: 424 open lane top(s) newly sit on no live path to a root claim — reconnect each top or mark it root: true if it is a genuine program target (`cairn check --json` lists them)
compile failed; derived outputs left untouched
       11.41 real         2.96 user         2.10 sys
           204161024  maximum resident set size
                   0  average shared memory size
                   0  average unshared data size
                   0  average unshared stack size
               57500  page reclaims
                 468  page faults
                   0  swaps
                   0  block input operations
                   0  block output operations
                   0  messages sent
                   0  messages received
                   0  signals received
               31571  voluntary context switches
               16506  involuntary context switches
         31103778255  instructions retired
         14412592689  cycles elapsed
           225969728  peak memory footprint
