# recheck.py, run by w12-107 on 2026-09-18/19. Roots: origin/main files plus the staged w8-w11 experiment dirs (identical paths).
# Five full runs (all certificates checked in each; their OK/BAD lines are byte-identical, md5 d7336b42ba16b8123ff8649e3fda4cf3),
# with coverage split by pattern (RECHECK_PATS) to fit the 1200 s limit, and one coverage-only rerun of 51_30 (RECHECK_OKLOG).

## part 1: full run; certificate lines in full; coverage of the (3,3) and (4,3) patterns (the run was stopped by a container restart after 42_31)
OK  40_40 #193 chain K=4 R=0  [experiments/bmw-klein-chains-2026-09-17/chains_40_40.json]
OK  40_40 #281 chain K=4 R=0  [experiments/bmw-klein-chains-2026-09-17/chains_40_40.json]
OK  40_40 #332 chain K=4 R=0  [experiments/bmw-klein-chains-2026-09-17/chains_40_40.json]
OK  40_30 #55 chain K=4 R=0  [experiments/bmw-klein-chains-2026-09-17/chains_census_40_30.json]
OK  40_40 #31 chain K=4 R=0  [experiments/bmw-klein-chains-2026-09-17/chains_census_40_40.json]
OK  40_40 #175 chain K=4 R=0  [experiments/bmw-klein-chains-2026-09-17/chains_census_40_40.json]
OK  40_40 #176 chain K=4 R=0  [experiments/bmw-klein-chains-2026-09-17/chains_census_40_40.json]
OK  40_40 #177 chain K=4 R=0  [experiments/bmw-klein-chains-2026-09-17/chains_census_40_40.json]
OK  40_40 #193 chain K=4 R=0  [experiments/bmw-klein-chains-2026-09-17/chains_census_40_40.json]
OK  40_40 #205 chain K=4 R=0  [experiments/bmw-klein-chains-2026-09-17/chains_census_40_40.json]
OK  40_40 #220 chain K=4 R=0  [experiments/bmw-klein-chains-2026-09-17/chains_census_40_40.json]
OK  40_40 #232 chain K=4 R=0  [experiments/bmw-klein-chains-2026-09-17/chains_census_40_40.json]
OK  40_40 #233 chain K=4 R=0  [experiments/bmw-klein-chains-2026-09-17/chains_census_40_40.json]
OK  40_40 #253 chain K=4 R=0  [experiments/bmw-klein-chains-2026-09-17/chains_census_40_40.json]
OK  40_40 #255 chain K=4 R=0  [experiments/bmw-klein-chains-2026-09-17/chains_census_40_40.json]
OK  40_40 #256 chain K=4 R=0  [experiments/bmw-klein-chains-2026-09-17/chains_census_40_40.json]
OK  40_40 #261 chain K=4 R=0  [experiments/bmw-klein-chains-2026-09-17/chains_census_40_40.json]
OK  40_40 #262 chain K=4 R=0  [experiments/bmw-klein-chains-2026-09-17/chains_census_40_40.json]
OK  40_40 #263 chain K=4 R=0  [experiments/bmw-klein-chains-2026-09-17/chains_census_40_40.json]
OK  40_40 #264 chain K=4 R=0  [experiments/bmw-klein-chains-2026-09-17/chains_census_40_40.json]
OK  40_40 #272 chain K=4 R=0  [experiments/bmw-klein-chains-2026-09-17/chains_census_40_40.json]
OK  40_40 #281 chain K=4 R=0  [experiments/bmw-klein-chains-2026-09-17/chains_census_40_40.json]
OK  40_40 #282 chain K=4 R=0  [experiments/bmw-klein-chains-2026-09-17/chains_census_40_40.json]
OK  40_40 #290 chain K=4 R=0  [experiments/bmw-klein-chains-2026-09-17/chains_census_40_40.json]
OK  40_40 #318 chain K=4 R=0  [experiments/bmw-klein-chains-2026-09-17/chains_census_40_40.json]
OK  40_40 #320 chain K=4 R=0  [experiments/bmw-klein-chains-2026-09-17/chains_census_40_40.json]
OK  40_40 #332 chain K=4 R=0  [experiments/bmw-klein-chains-2026-09-17/chains_census_40_40.json]
OK  40_40 #338 chain K=4 R=0  [experiments/bmw-klein-chains-2026-09-17/chains_census_40_40.json]
OK  40_40 #552 chain K=4 R=0  [experiments/bmw-klein-chains-2026-09-17/chains_census_40_40.json]
OK  50_30 #55 chain K=4 R=0  [experiments/bmw-klein-chains-2026-09-17/chains_census_50_30.json]
OK  50_30 #240 chain K=4 R=0  [experiments/bmw-klein-chains-2026-09-17/chains_census_50_30.json]
OK  50_30 #241 chain K=4 R=0  [experiments/bmw-klein-chains-2026-09-17/chains_census_50_30.json]
OK  50_30 #242 chain K=4 R=0  [experiments/bmw-klein-chains-2026-09-17/chains_census_50_30.json]
OK  50_30 #243 chain K=4 R=0  [experiments/bmw-klein-chains-2026-09-17/chains_census_50_30.json]
OK  50_30 #258 chain K=4 R=0  [experiments/bmw-klein-chains-2026-09-17/chains_census_50_30.json]
OK  50_30 #430 chain K=4 R=0  [experiments/bmw-klein-chains-2026-09-17/chains_census_50_30.json]
OK  41_30 #55 chain K=4 R=2  [experiments/bmw-klein-chains-transposed-2026-09-17/chains_41_30.json]
OK  41_30 #138 chain K=4 R=2  [experiments/bmw-klein-chains-transposed-2026-09-17/chains_41_30.json]
OK  41_30 #159 chain K=4 R=2  [experiments/bmw-klein-chains-transposed-2026-09-17/chains_41_30.json]
OK  41_31 #99 chain K=4 R=2  [experiments/bmw-klein-chains-transposed-2026-09-17/chains_41_31.json]
OK  41_40 #150 chain K=4 R=2  [experiments/bmw-klein-chains-transposed-2026-09-17/chains_41_40.json]
OK  41_40 #165 chain K=4 R=2  [experiments/bmw-klein-chains-transposed-2026-09-17/chains_41_40.json]
OK  41_40 #182 chain K=4 R=2  [experiments/bmw-klein-chains-transposed-2026-09-17/chains_41_40.json]
OK  41_40 #226 chain K=4 R=0  [experiments/bmw-klein-chains-transposed-2026-09-17/chains_41_40.json]
OK  41_40 #366 chain K=4 R=2  [experiments/bmw-klein-chains-transposed-2026-09-17/chains_41_40.json]
OK  41_40 #381 chain K=4 R=2  [experiments/bmw-klein-chains-transposed-2026-09-17/chains_41_40.json]
OK  41_40 #398 chain K=4 R=2  [experiments/bmw-klein-chains-transposed-2026-09-17/chains_41_40.json]
OK  41_40 #470 chain K=4 R=2  [experiments/bmw-klein-chains-transposed-2026-09-17/chains_41_40.json]
OK  41_40 #471 chain K=4 R=2  [experiments/bmw-klein-chains-transposed-2026-09-17/chains_41_40.json]
OK  41_40 #472 chain K=4 R=2  [experiments/bmw-klein-chains-transposed-2026-09-17/chains_41_40.json]
OK  41_40 #473 chain K=4 R=2  [experiments/bmw-klein-chains-transposed-2026-09-17/chains_41_40.json]
OK  41_40 #474 chain K=4 R=2  [experiments/bmw-klein-chains-transposed-2026-09-17/chains_41_40.json]
OK  41_40 #475 chain K=4 R=2  [experiments/bmw-klein-chains-transposed-2026-09-17/chains_41_40.json]
OK  41_40 #476 chain K=4 R=2  [experiments/bmw-klein-chains-transposed-2026-09-17/chains_41_40.json]
OK  41_40 #478 chain K=4 R=2  [experiments/bmw-klein-chains-transposed-2026-09-17/chains_41_40.json]
OK  41_40 #487 chain K=4 R=2  [experiments/bmw-klein-chains-transposed-2026-09-17/chains_41_40.json]
OK  41_40 #527 chain K=4 R=2  [experiments/bmw-klein-chains-transposed-2026-09-17/chains_41_40.json]
OK  41_40 #572 chain K=4 R=2  [experiments/bmw-klein-chains-transposed-2026-09-17/chains_41_40.json]
OK  41_40 #579 chain K=4 R=0  [experiments/bmw-klein-chains-transposed-2026-09-17/chains_41_40.json]
OK  41_40 #590 chain K=4 R=2  [experiments/bmw-klein-chains-transposed-2026-09-17/chains_41_40.json]
OK  41_40 #591 chain K=6 R=3  [experiments/bmw-klein-chains-transposed-2026-09-17/chains_41_40.json]
OK  41_40 #593 chain K=4 R=2  [experiments/bmw-klein-chains-transposed-2026-09-17/chains_41_40.json]
OK  41_40 #601 chain K=4 R=2  [experiments/bmw-klein-chains-transposed-2026-09-17/chains_41_40.json]
OK  41_40 #609 chain K=4 R=2  [experiments/bmw-klein-chains-transposed-2026-09-17/chains_41_40.json]
OK  41_40 #628 chain K=4 R=2  [experiments/bmw-klein-chains-transposed-2026-09-17/chains_41_40.json]
OK  41_40 #642 chain K=4 R=2  [experiments/bmw-klein-chains-transposed-2026-09-17/chains_41_40.json]
OK  41_40 #782 chain K=4 R=2  [experiments/bmw-klein-chains-transposed-2026-09-17/chains_41_40.json]
OK  41_40 #797 chain K=4 R=2  [experiments/bmw-klein-chains-transposed-2026-09-17/chains_41_40.json]
OK  41_40 #814 chain K=4 R=2  [experiments/bmw-klein-chains-transposed-2026-09-17/chains_41_40.json]
OK  41_40 #856 chain K=4 R=2  [experiments/bmw-klein-chains-transposed-2026-09-17/chains_41_40.json]
OK  41_40 #857 chain K=4 R=2  [experiments/bmw-klein-chains-transposed-2026-09-17/chains_41_40.json]
OK  41_40 #859 chain K=4 R=2  [experiments/bmw-klein-chains-transposed-2026-09-17/chains_41_40.json]
OK  41_40 #867 chain K=4 R=2  [experiments/bmw-klein-chains-transposed-2026-09-17/chains_41_40.json]
OK  41_40 #875 chain K=4 R=2  [experiments/bmw-klein-chains-transposed-2026-09-17/chains_41_40.json]
OK  41_40 #933 chain K=4 R=0  [experiments/bmw-klein-chains-transposed-2026-09-17/chains_41_40.json]
OK  41_40 #976 chain K=4 R=0  [experiments/bmw-klein-chains-transposed-2026-09-17/chains_41_40.json]
OK  41_40 #980 chain K=4 R=2  [experiments/bmw-klein-chains-transposed-2026-09-17/chains_41_40.json]
OK  41_40 #981 chain K=4 R=2  [experiments/bmw-klein-chains-transposed-2026-09-17/chains_41_40.json]
OK  41_40 #1000 chain K=4 R=1  [experiments/bmw-klein-chains-transposed-2026-09-17/chains_41_40.json]
OK  41_40 #1013 chain K=4 R=1  [experiments/bmw-klein-chains-transposed-2026-09-17/chains_41_40.json]
OK  41_40 #1085 chain K=4 R=2  [experiments/bmw-klein-chains-transposed-2026-09-17/chains_41_40.json]
OK  41_40 #1087 chain K=4 R=2  [experiments/bmw-klein-chains-transposed-2026-09-17/chains_41_40.json]
OK  41_40 #1106 chain K=4 R=0  [experiments/bmw-klein-chains-transposed-2026-09-17/chains_41_40.json]
OK  41_40 #1107 chain K=4 R=0  [experiments/bmw-klein-chains-transposed-2026-09-17/chains_41_40.json]
OK  41_40 #1109 chain K=4 R=2  [experiments/bmw-klein-chains-transposed-2026-09-17/chains_41_40.json]
OK  41_40 #1118 chain K=4 R=2  [experiments/bmw-klein-chains-transposed-2026-09-17/chains_41_40.json]
OK  41_40 #1161 chain K=4 R=2  [experiments/bmw-klein-chains-transposed-2026-09-17/chains_41_40.json]
OK  41_40 #1162 chain K=4 R=2  [experiments/bmw-klein-chains-transposed-2026-09-17/chains_41_40.json]
OK  41_40 #1163 chain K=4 R=2  [experiments/bmw-klein-chains-transposed-2026-09-17/chains_41_40.json]
OK  41_40 #1164 chain K=4 R=2  [experiments/bmw-klein-chains-transposed-2026-09-17/chains_41_40.json]
OK  41_40 #1165 chain K=4 R=2  [experiments/bmw-klein-chains-transposed-2026-09-17/chains_41_40.json]
OK  41_40 #1166 chain K=4 R=2  [experiments/bmw-klein-chains-transposed-2026-09-17/chains_41_40.json]
OK  41_40 #1167 chain K=4 R=2  [experiments/bmw-klein-chains-transposed-2026-09-17/chains_41_40.json]
OK  41_40 #1168 chain K=4 R=2  [experiments/bmw-klein-chains-transposed-2026-09-17/chains_41_40.json]
OK  41_40 #1186 chain K=4 R=2  [experiments/bmw-klein-chains-transposed-2026-09-17/chains_41_40.json]
OK  41_40 #1193 chain K=4 R=0  [experiments/bmw-klein-chains-transposed-2026-09-17/chains_41_40.json]
OK  41_40 #1174 chain K=4 R=3  [experiments/bmw-klein-chains-transposed-2026-09-17/chains_41_40.json]
OK  41_41 #422 chain K=4 R=2  [experiments/bmw-klein-chains-transposed-2026-09-17/chains_41_41.json]
OK  41_41 #423 chain K=4 R=2  [experiments/bmw-klein-chains-transposed-2026-09-17/chains_41_41.json]
OK  41_41 #424 chain K=4 R=2  [experiments/bmw-klein-chains-transposed-2026-09-17/chains_41_41.json]
OK  41_41 #425 chain K=4 R=2  [experiments/bmw-klein-chains-transposed-2026-09-17/chains_41_41.json]
OK  41_41 #427 chain K=4 R=2  [experiments/bmw-klein-chains-transposed-2026-09-17/chains_41_41.json]
OK  41_41 #446 chain K=4 R=2  [experiments/bmw-klein-chains-transposed-2026-09-17/chains_41_41.json]
OK  41_41 #447 chain K=4 R=2  [experiments/bmw-klein-chains-transposed-2026-09-17/chains_41_41.json]
OK  41_41 #468 chain K=4 R=2  [experiments/bmw-klein-chains-transposed-2026-09-17/chains_41_41.json]
OK  41_41 #469 chain K=4 R=2  [experiments/bmw-klein-chains-transposed-2026-09-17/chains_41_41.json]
OK  41_41 #494 chain K=4 R=0  [experiments/bmw-klein-chains-transposed-2026-09-17/chains_41_41.json]
OK  41_41 #486 chain K=6 R=6  [experiments/bmw-klein-chains-transposed-2026-09-17/chains_41_41.json]
OK  41_41 #541 chain K=4 R=3  [experiments/bmw-klein-chains-transposed-2026-09-17/chains_41_41.json]
OK  42_30 #61 chain K=4 R=2  [experiments/bmw-klein-chains-transposed-2026-09-17/chains_42_30.json]
OK  42_31 #69 chain K=4 R=2  [experiments/bmw-klein-chains-transposed-2026-09-17/chains_42_31.json]
OK  42_40 #157 chain K=4 R=2  [experiments/bmw-klein-chains-transposed-2026-09-17/chains_42_40.json]
OK  42_40 #159 chain K=4 R=2  [experiments/bmw-klein-chains-transposed-2026-09-17/chains_42_40.json]
OK  42_40 #288 chain K=4 R=2  [experiments/bmw-klein-chains-transposed-2026-09-17/chains_42_40.json]
OK  42_40 #290 chain K=4 R=2  [experiments/bmw-klein-chains-transposed-2026-09-17/chains_42_40.json]
OK  42_40 #291 chain K=4 R=2  [experiments/bmw-klein-chains-transposed-2026-09-17/chains_42_40.json]
OK  42_40 #292 chain K=4 R=2  [experiments/bmw-klein-chains-transposed-2026-09-17/chains_42_40.json]
OK  42_40 #345 chain K=4 R=2  [experiments/bmw-klein-chains-transposed-2026-09-17/chains_42_40.json]
OK  42_40 #348 chain K=4 R=2  [experiments/bmw-klein-chains-transposed-2026-09-17/chains_42_40.json]
OK  42_40 #378 chain K=4 R=1  [experiments/bmw-klein-chains-transposed-2026-09-17/chains_42_40.json]
OK  42_40 #385 chain K=4 R=2  [experiments/bmw-klein-chains-transposed-2026-09-17/chains_42_40.json]
OK  42_40 #508 chain K=4 R=0  [experiments/bmw-klein-chains-transposed-2026-09-17/chains_42_40.json]
OK  42_41 #448 chain K=4 R=2  [experiments/bmw-klein-chains-transposed-2026-09-17/chains_42_41.json]
OK  42_41 #449 chain K=4 R=2  [experiments/bmw-klein-chains-transposed-2026-09-17/chains_42_41.json]
OK  42_41 #452 chain K=4 R=2  [experiments/bmw-klein-chains-transposed-2026-09-17/chains_42_41.json]
OK  42_41 #453 chain K=4 R=2  [experiments/bmw-klein-chains-transposed-2026-09-17/chains_42_41.json]
OK  42_41 #463 chain K=4 R=2  [experiments/bmw-klein-chains-transposed-2026-09-17/chains_42_41.json]
OK  42_41 #464 chain K=4 R=2  [experiments/bmw-klein-chains-transposed-2026-09-17/chains_42_41.json]
OK  42_41 #466 chain K=4 R=2  [experiments/bmw-klein-chains-transposed-2026-09-17/chains_42_41.json]
OK  42_41 #468 chain K=4 R=2  [experiments/bmw-klein-chains-transposed-2026-09-17/chains_42_41.json]
OK  42_41 #497 chain K=4 R=2  [experiments/bmw-klein-chains-transposed-2026-09-17/chains_42_41.json]
OK  42_42 #102 chain K=4 R=0  [experiments/bmw-klein-chains-transposed-2026-09-17/chains_42_42.json]
OK  50_30 #470 chain K=4 R=2  [experiments/bmw-klein-chains-transposed-2026-09-17/chains_50_30_470.json]
OK  50_31 #45 chain K=4 R=2  [experiments/bmw-klein-chains-transposed-2026-09-17/chains_50_31.json]
OK  50_31 #82 chain K=4 R=2  [experiments/bmw-klein-chains-transposed-2026-09-17/chains_50_31.json]
OK  50_31 #149 chain K=4 R=2  [experiments/bmw-klein-chains-transposed-2026-09-17/chains_50_31.json]
OK  50_31 #150 chain K=4 R=2  [experiments/bmw-klein-chains-transposed-2026-09-17/chains_50_31.json]
OK  50_31 #222 chain K=4 R=2  [experiments/bmw-klein-chains-transposed-2026-09-17/chains_50_31.json]
OK  50_31 #230 chain K=4 R=2  [experiments/bmw-klein-chains-transposed-2026-09-17/chains_50_31.json]
OK  50_31 #233 chain K=4 R=2  [experiments/bmw-klein-chains-transposed-2026-09-17/chains_50_31.json]
OK  50_31 #247 chain K=4 R=2  [experiments/bmw-klein-chains-transposed-2026-09-17/chains_50_31.json]
OK  51_30 #14 chain K=4 R=2  [experiments/bmw-klein-chains-transposed-2026-09-17/chains_51_30.json]
OK  51_30 #16 chain K=4 R=2  [experiments/bmw-klein-chains-transposed-2026-09-17/chains_51_30.json]
OK  51_30 #58 chain K=4 R=2  [experiments/bmw-klein-chains-transposed-2026-09-17/chains_51_30.json]
OK  51_30 #60 chain K=4 R=2  [experiments/bmw-klein-chains-transposed-2026-09-17/chains_51_30.json]
OK  51_30 #66 chain K=4 R=2  [experiments/bmw-klein-chains-transposed-2026-09-17/chains_51_30.json]
OK  51_30 #68 chain K=4 R=2  [experiments/bmw-klein-chains-transposed-2026-09-17/chains_51_30.json]
OK  51_30 #70 chain K=4 R=2  [experiments/bmw-klein-chains-transposed-2026-09-17/chains_51_30.json]
OK  51_30 #71 chain K=4 R=2  [experiments/bmw-klein-chains-transposed-2026-09-17/chains_51_30.json]
OK  51_30 #133 chain K=4 R=2  [experiments/bmw-klein-chains-transposed-2026-09-17/chains_51_30.json]
OK  51_30 #135 chain K=4 R=2  [experiments/bmw-klein-chains-transposed-2026-09-17/chains_51_30.json]
OK  51_30 #137 chain K=4 R=2  [experiments/bmw-klein-chains-transposed-2026-09-17/chains_51_30.json]
OK  51_30 #139 chain K=4 R=2  [experiments/bmw-klein-chains-transposed-2026-09-17/chains_51_30.json]
OK  51_30 #165 chain K=4 R=2  [experiments/bmw-klein-chains-transposed-2026-09-17/chains_51_30.json]
OK  51_30 #166 chain K=4 R=2  [experiments/bmw-klein-chains-transposed-2026-09-17/chains_51_30.json]
OK  51_30 #187 chain K=4 R=2  [experiments/bmw-klein-chains-transposed-2026-09-17/chains_51_30.json]
OK  51_30 #207 chain K=4 R=2  [experiments/bmw-klein-chains-transposed-2026-09-17/chains_51_30.json]
OK  51_30 #209 chain K=4 R=2  [experiments/bmw-klein-chains-transposed-2026-09-17/chains_51_30.json]
OK  51_30 #211 chain K=4 R=2  [experiments/bmw-klein-chains-transposed-2026-09-17/chains_51_30.json]
OK  51_30 #212 chain K=4 R=2  [experiments/bmw-klein-chains-transposed-2026-09-17/chains_51_30.json]
OK  51_30 #213 chain K=4 R=2  [experiments/bmw-klein-chains-transposed-2026-09-17/chains_51_30.json]
OK  51_30 #239 chain K=4 R=2  [experiments/bmw-klein-chains-transposed-2026-09-17/chains_51_30.json]
OK  51_30 #240 chain K=4 R=2  [experiments/bmw-klein-chains-transposed-2026-09-17/chains_51_30.json]
OK  51_30 #261 chain K=4 R=3  [experiments/bmw-klein-chains-transposed-2026-09-17/chains_51_30.json]
OK  51_30 #311 chain K=4 R=2  [experiments/bmw-klein-chains-transposed-2026-09-17/chains_51_30.json]
OK  51_30 #313 chain K=4 R=2  [experiments/bmw-klein-chains-transposed-2026-09-17/chains_51_30.json]
OK  51_30 #315 chain K=4 R=2  [experiments/bmw-klein-chains-transposed-2026-09-17/chains_51_30.json]
OK  51_30 #317 chain K=4 R=2  [experiments/bmw-klein-chains-transposed-2026-09-17/chains_51_30.json]
OK  51_30 #343 chain K=4 R=2  [experiments/bmw-klein-chains-transposed-2026-09-17/chains_51_30.json]
OK  51_30 #344 chain K=4 R=2  [experiments/bmw-klein-chains-transposed-2026-09-17/chains_51_30.json]
OK  51_30 #364 chain K=4 R=2  [experiments/bmw-klein-chains-transposed-2026-09-17/chains_51_30.json]
OK  51_30 #383 chain K=4 R=2  [experiments/bmw-klein-chains-transposed-2026-09-17/chains_51_30.json]
OK  51_30 #385 chain K=4 R=2  [experiments/bmw-klein-chains-transposed-2026-09-17/chains_51_30.json]
OK  51_30 #428 chain K=4 R=2  [experiments/bmw-klein-chains-transposed-2026-09-17/chains_51_30.json]
OK  51_30 #430 chain K=4 R=2  [experiments/bmw-klein-chains-transposed-2026-09-17/chains_51_30.json]
OK  51_30 #432 chain K=4 R=2  [experiments/bmw-klein-chains-transposed-2026-09-17/chains_51_30.json]
OK  51_30 #434 chain K=4 R=2  [experiments/bmw-klein-chains-transposed-2026-09-17/chains_51_30.json]
OK  51_30 #460 chain K=4 R=2  [experiments/bmw-klein-chains-transposed-2026-09-17/chains_51_30.json]
OK  51_30 #461 chain K=4 R=2  [experiments/bmw-klein-chains-transposed-2026-09-17/chains_51_30.json]
OK  51_30 #482 chain K=4 R=3  [experiments/bmw-klein-chains-transposed-2026-09-17/chains_51_30.json]
OK  51_30 #512 chain K=4 R=2  [experiments/bmw-klein-chains-transposed-2026-09-17/chains_51_30.json]
OK  51_30 #532 chain K=4 R=2  [experiments/bmw-klein-chains-transposed-2026-09-17/chains_51_30.json]
OK  51_30 #534 chain K=4 R=2  [experiments/bmw-klein-chains-transposed-2026-09-17/chains_51_30.json]
OK  51_30 #536 chain K=4 R=2  [experiments/bmw-klein-chains-transposed-2026-09-17/chains_51_30.json]
OK  51_30 #537 chain K=4 R=2  [experiments/bmw-klein-chains-transposed-2026-09-17/chains_51_30.json]
OK  51_30 #538 chain K=4 R=2  [experiments/bmw-klein-chains-transposed-2026-09-17/chains_51_30.json]
OK  51_30 #564 chain K=4 R=2  [experiments/bmw-klein-chains-transposed-2026-09-17/chains_51_30.json]
OK  51_30 #565 chain K=4 R=2  [experiments/bmw-klein-chains-transposed-2026-09-17/chains_51_30.json]
OK  51_30 #585 chain K=4 R=2  [experiments/bmw-klein-chains-transposed-2026-09-17/chains_51_30.json]
OK  51_30 #593 chain K=4 R=2  [experiments/bmw-klein-chains-transposed-2026-09-17/chains_51_30.json]
OK  51_30 #604 chain K=4 R=2  [experiments/bmw-klein-chains-transposed-2026-09-17/chains_51_30.json]
OK  51_30 #606 chain K=4 R=2  [experiments/bmw-klein-chains-transposed-2026-09-17/chains_51_30.json]
OK  51_30 #607 chain K=4 R=2  [experiments/bmw-klein-chains-transposed-2026-09-17/chains_51_30.json]
OK  51_30 #629 chain K=4 R=2  [experiments/bmw-klein-chains-transposed-2026-09-17/chains_51_30.json]
OK  51_30 #631 chain K=4 R=2  [experiments/bmw-klein-chains-transposed-2026-09-17/chains_51_30.json]
OK  51_31 #253 chain K=4 R=2  [experiments/bmw-klein-chains-transposed-2026-09-17/chains_51_31.json]
OK  51_31 #263 chain K=4 R=2  [experiments/bmw-klein-chains-transposed-2026-09-17/chains_51_31.json]
OK  51_31 #282 chain K=4 R=2  [experiments/bmw-klein-chains-transposed-2026-09-17/chains_51_31.json]
OK  51_31 #288 chain K=4 R=2  [experiments/bmw-klein-chains-transposed-2026-09-17/chains_51_31.json]
OK  51_31 #295 chain K=4 R=2  [experiments/bmw-klein-chains-transposed-2026-09-17/chains_51_31.json]
OK  52_30 #91 chain K=4 R=2  [experiments/bmw-klein-chains-transposed-2026-09-17/chains_52_30.json]
OK  52_30 #222 chain K=4 R=2  [experiments/bmw-klein-chains-transposed-2026-09-17/chains_52_30.json]
OK  52_30 #223 chain K=4 R=2  [experiments/bmw-klein-chains-transposed-2026-09-17/chains_52_30.json]
OK  52_30 #224 chain K=4 R=2  [experiments/bmw-klein-chains-transposed-2026-09-17/chains_52_30.json]
OK  52_30 #292 chain K=4 R=2  [experiments/bmw-klein-chains-transposed-2026-09-17/chains_52_30.json]
OK  52_31 #170 chain K=4 R=2  [experiments/bmw-klein-chains-transposed-2026-09-17/chains_52_31.json]
OK  52_31 #171 chain K=4 R=2  [experiments/bmw-klein-chains-transposed-2026-09-17/chains_52_31.json]
OK  41_30 #80 chain K=4 R=4  [experiments/bmw-klein-frames-2026-09-18/chains_41_30.json]
OK  41_30 #113 chain K=4 R=4  [experiments/bmw-klein-frames-2026-09-18/chains_41_30.json]
OK  52_30 #158 chain K=4 R=6  [experiments/bmw-klein-frames-2026-09-18/chains_52_30.json]
OK  31_30 #26 tree leaves=6  [experiments/bmw-klein-free-2026-09-18/tree_31_30_26.json]
OK  31_31 #12 tree leaves=6  [experiments/bmw-klein-free-2026-09-18/tree_31_31_12.json]
OK  30_30 #10 tree leaves=250  [experiments/bmw-cone-trees-2026-09-18/trees.jsonl.gz]
OK  30_30 #16 tree leaves=8  [experiments/bmw-cone-trees-2026-09-18/trees.jsonl.gz]
OK  40_30 #16 tree leaves=8  [experiments/bmw-cone-trees-2026-09-18/trees.jsonl.gz]
OK  40_30 #23 tree leaves=8  [experiments/bmw-cone-trees-2026-09-18/trees.jsonl.gz]
OK  40_30 #59 tree leaves=42  [experiments/bmw-cone-trees-2026-09-18/trees.jsonl.gz]
OK  40_30 #60 tree leaves=42  [experiments/bmw-cone-trees-2026-09-18/trees.jsonl.gz]
OK  40_30 #70 tree leaves=8  [experiments/bmw-cone-trees-2026-09-18/trees.jsonl.gz]
OK  40_30 #72 tree leaves=8  [experiments/bmw-cone-trees-2026-09-18/trees.jsonl.gz]
OK  40_30 #74 tree leaves=8  [experiments/bmw-cone-trees-2026-09-18/trees.jsonl.gz]
OK  40_30 #75 tree leaves=8  [experiments/bmw-cone-trees-2026-09-18/trees.jsonl.gz]
OK  40_30 #76 tree leaves=8  [experiments/bmw-cone-trees-2026-09-18/trees.jsonl.gz]
OK  40_30 #77 tree leaves=12  [experiments/bmw-cone-trees-2026-09-18/trees.jsonl.gz]
OK  40_30 #80 tree leaves=12  [experiments/bmw-cone-trees-2026-09-18/trees.jsonl.gz]
OK  40_30 #81 tree leaves=8  [experiments/bmw-cone-trees-2026-09-18/trees.jsonl.gz]
OK  40_30 #86 tree leaves=12  [experiments/bmw-cone-trees-2026-09-18/trees.jsonl.gz]
OK  40_30 #103 tree leaves=12  [experiments/bmw-cone-trees-2026-09-18/trees.jsonl.gz]
OK  40_30 #106 tree leaves=30  [experiments/bmw-cone-trees-2026-09-18/trees.jsonl.gz]
OK  40_30 #116 tree leaves=6  [experiments/bmw-cone-trees-2026-09-18/trees.jsonl.gz]
OK  40_30 #117 tree leaves=8  [experiments/bmw-cone-trees-2026-09-18/trees.jsonl.gz]
OK  40_30 #118 tree leaves=8  [experiments/bmw-cone-trees-2026-09-18/trees.jsonl.gz]
OK  40_30 #119 tree leaves=8  [experiments/bmw-cone-trees-2026-09-18/trees.jsonl.gz]
OK  40_30 #155 tree leaves=8  [experiments/bmw-cone-trees-2026-09-18/trees.jsonl.gz]
OK  40_40 #57 tree leaves=162  [experiments/bmw-cone-trees-2026-09-18/trees.jsonl.gz]
OK  40_40 #59 tree leaves=98  [experiments/bmw-cone-trees-2026-09-18/trees.jsonl.gz]
OK  40_40 #61 tree leaves=22  [experiments/bmw-cone-trees-2026-09-18/trees.jsonl.gz]
OK  40_40 #117 tree leaves=8  [experiments/bmw-cone-trees-2026-09-18/trees.jsonl.gz]
OK  40_40 #126 tree leaves=10  [experiments/bmw-cone-trees-2026-09-18/trees.jsonl.gz]
OK  40_40 #127 tree leaves=8  [experiments/bmw-cone-trees-2026-09-18/trees.jsonl.gz]
OK  40_40 #128 tree leaves=10  [experiments/bmw-cone-trees-2026-09-18/trees.jsonl.gz]
OK  40_40 #140 tree leaves=10  [experiments/bmw-cone-trees-2026-09-18/trees.jsonl.gz]
OK  40_40 #221 tree leaves=10  [experiments/bmw-cone-trees-2026-09-18/trees.jsonl.gz]
OK  40_40 #226 tree leaves=154  [experiments/bmw-cone-trees-2026-09-18/trees.jsonl.gz]
OK  40_40 #227 tree leaves=8  [experiments/bmw-cone-trees-2026-09-18/trees.jsonl.gz]
OK  40_40 #229 tree leaves=8  [experiments/bmw-cone-trees-2026-09-18/trees.jsonl.gz]
OK  40_40 #235 tree leaves=16  [experiments/bmw-cone-trees-2026-09-18/trees.jsonl.gz]
OK  40_40 #241 tree leaves=168  [experiments/bmw-cone-trees-2026-09-18/trees.jsonl.gz]
OK  40_40 #259 tree leaves=24  [experiments/bmw-cone-trees-2026-09-18/trees.jsonl.gz]
OK  40_40 #267 tree leaves=118  [experiments/bmw-cone-trees-2026-09-18/trees.jsonl.gz]
OK  40_40 #306 tree leaves=156  [experiments/bmw-cone-trees-2026-09-18/trees.jsonl.gz]
OK  40_40 #312 tree leaves=154  [experiments/bmw-cone-trees-2026-09-18/trees.jsonl.gz]
OK  40_40 #313 tree leaves=10  [experiments/bmw-cone-trees-2026-09-18/trees.jsonl.gz]
OK  40_40 #314 tree leaves=10  [experiments/bmw-cone-trees-2026-09-18/trees.jsonl.gz]
OK  40_40 #321 tree leaves=12  [experiments/bmw-cone-trees-2026-09-18/trees.jsonl.gz]
OK  40_40 #325 tree leaves=156  [experiments/bmw-cone-trees-2026-09-18/trees.jsonl.gz]
OK  40_40 #327 tree leaves=10  [experiments/bmw-cone-trees-2026-09-18/trees.jsonl.gz]
OK  40_40 #328 tree leaves=12  [experiments/bmw-cone-trees-2026-09-18/trees.jsonl.gz]
OK  40_40 #355 tree leaves=24  [experiments/bmw-cone-trees-2026-09-18/trees.jsonl.gz]
OK  40_40 #426 tree leaves=8  [experiments/bmw-cone-trees-2026-09-18/trees.jsonl.gz]
OK  40_40 #427 tree leaves=58  [experiments/bmw-cone-trees-2026-09-18/trees.jsonl.gz]
OK  40_40 #428 tree leaves=8  [experiments/bmw-cone-trees-2026-09-18/trees.jsonl.gz]
OK  40_40 #430 tree leaves=8  [experiments/bmw-cone-trees-2026-09-18/trees.jsonl.gz]
OK  40_40 #431 tree leaves=8  [experiments/bmw-cone-trees-2026-09-18/trees.jsonl.gz]
OK  40_40 #437 tree leaves=8  [experiments/bmw-cone-trees-2026-09-18/trees.jsonl.gz]
OK  40_40 #444 tree leaves=8  [experiments/bmw-cone-trees-2026-09-18/trees.jsonl.gz]
OK  40_40 #502 tree leaves=150  [experiments/bmw-cone-trees-2026-09-18/trees.jsonl.gz]
OK  40_40 #504 tree leaves=8  [experiments/bmw-cone-trees-2026-09-18/trees.jsonl.gz]
OK  40_40 #505 tree leaves=8  [experiments/bmw-cone-trees-2026-09-18/trees.jsonl.gz]
OK  40_40 #511 tree leaves=160  [experiments/bmw-cone-trees-2026-09-18/trees.jsonl.gz]
OK  40_40 #513 tree leaves=152  [experiments/bmw-cone-trees-2026-09-18/trees.jsonl.gz]
OK  40_40 #514 tree leaves=24  [experiments/bmw-cone-trees-2026-09-18/trees.jsonl.gz]
OK  40_40 #515 tree leaves=154  [experiments/bmw-cone-trees-2026-09-18/trees.jsonl.gz]
OK  40_40 #516 tree leaves=168  [experiments/bmw-cone-trees-2026-09-18/trees.jsonl.gz]
OK  40_40 #518 tree leaves=18  [experiments/bmw-cone-trees-2026-09-18/trees.jsonl.gz]
OK  40_40 #520 tree leaves=98  [experiments/bmw-cone-trees-2026-09-18/trees.jsonl.gz]
OK  40_40 #521 tree leaves=10  [experiments/bmw-cone-trees-2026-09-18/trees.jsonl.gz]
OK  40_40 #522 tree leaves=146  [experiments/bmw-cone-trees-2026-09-18/trees.jsonl.gz]
OK  40_40 #523 tree leaves=152  [experiments/bmw-cone-trees-2026-09-18/trees.jsonl.gz]
OK  40_40 #524 tree leaves=20  [experiments/bmw-cone-trees-2026-09-18/trees.jsonl.gz]
OK  40_40 #525 tree leaves=312  [experiments/bmw-cone-trees-2026-09-18/trees.jsonl.gz]
OK  40_40 #535 tree leaves=152  [experiments/bmw-cone-trees-2026-09-18/trees.jsonl.gz]
OK  40_40 #536 tree leaves=8  [experiments/bmw-cone-trees-2026-09-18/trees.jsonl.gz]
OK  40_40 #537 tree leaves=166  [experiments/bmw-cone-trees-2026-09-18/trees.jsonl.gz]
OK  40_40 #538 tree leaves=8  [experiments/bmw-cone-trees-2026-09-18/trees.jsonl.gz]
OK  40_40 #539 tree leaves=22  [experiments/bmw-cone-trees-2026-09-18/trees.jsonl.gz]
OK  40_40 #540 tree leaves=22  [experiments/bmw-cone-trees-2026-09-18/trees.jsonl.gz]
OK  40_40 #541 tree leaves=22  [experiments/bmw-cone-trees-2026-09-18/trees.jsonl.gz]
OK  40_40 #542 tree leaves=22  [experiments/bmw-cone-trees-2026-09-18/trees.jsonl.gz]
OK  40_40 #543 tree leaves=22  [experiments/bmw-cone-trees-2026-09-18/trees.jsonl.gz]
OK  40_40 #544 tree leaves=158  [experiments/bmw-cone-trees-2026-09-18/trees.jsonl.gz]
OK  40_40 #545 tree leaves=14  [experiments/bmw-cone-trees-2026-09-18/trees.jsonl.gz]
OK  40_40 #550 tree leaves=14  [experiments/bmw-cone-trees-2026-09-18/trees.jsonl.gz]
OK  40_40 #553 tree leaves=166  [experiments/bmw-cone-trees-2026-09-18/trees.jsonl.gz]
OK  40_40 #554 tree leaves=10  [experiments/bmw-cone-trees-2026-09-18/trees.jsonl.gz]
OK  40_40 #590 tree leaves=448  [experiments/bmw-cone-trees-2026-09-18/trees.jsonl.gz]
OK  40_40 #594 tree leaves=10  [experiments/bmw-cone-trees-2026-09-18/trees.jsonl.gz]
OK  40_40 #604 tree leaves=16  [experiments/bmw-cone-trees-2026-09-18/trees.jsonl.gz]
OK  40_40 #624 tree leaves=10  [experiments/bmw-cone-trees-2026-09-18/trees.jsonl.gz]
OK  40_40 #626 tree leaves=10  [experiments/bmw-cone-trees-2026-09-18/trees.jsonl.gz]
OK  40_40 #627 tree leaves=10  [experiments/bmw-cone-trees-2026-09-18/trees.jsonl.gz]
OK  40_40 #631 tree leaves=8  [experiments/bmw-cone-trees-2026-09-18/trees.jsonl.gz]
OK  40_40 #637 tree leaves=10  [experiments/bmw-cone-trees-2026-09-18/trees.jsonl.gz]
OK  40_40 #688 tree leaves=10  [experiments/bmw-cone-trees-2026-09-18/trees.jsonl.gz]
OK  40_40 #694 tree leaves=10  [experiments/bmw-cone-trees-2026-09-18/trees.jsonl.gz]
OK  40_40 #695 tree leaves=20  [experiments/bmw-cone-trees-2026-09-18/trees.jsonl.gz]
OK  40_40 #696 tree leaves=12  [experiments/bmw-cone-trees-2026-09-18/trees.jsonl.gz]
OK  40_40 #701 tree leaves=8  [experiments/bmw-cone-trees-2026-09-18/trees.jsonl.gz]
OK  40_40 #735 tree leaves=8  [experiments/bmw-cone-trees-2026-09-18/trees.jsonl.gz]
OK  40_40 #736 tree leaves=6  [experiments/bmw-cone-trees-2026-09-18/trees.jsonl.gz]
OK  40_40 #739 tree leaves=8  [experiments/bmw-cone-trees-2026-09-18/trees.jsonl.gz]
OK  40_40 #740 tree leaves=12  [experiments/bmw-cone-trees-2026-09-18/trees.jsonl.gz]
OK  40_40 #743 tree leaves=8  [experiments/bmw-cone-trees-2026-09-18/trees.jsonl.gz]
OK  40_40 #744 tree leaves=8  [experiments/bmw-cone-trees-2026-09-18/trees.jsonl.gz]
OK  40_40 #745 tree leaves=8  [experiments/bmw-cone-trees-2026-09-18/trees.jsonl.gz]
OK  40_40 #746 tree leaves=12  [experiments/bmw-cone-trees-2026-09-18/trees.jsonl.gz]
OK  40_40 #747 tree leaves=8  [experiments/bmw-cone-trees-2026-09-18/trees.jsonl.gz]
OK  40_40 #748 tree leaves=10  [experiments/bmw-cone-trees-2026-09-18/trees.jsonl.gz]
OK  40_40 #749 tree leaves=6  [experiments/bmw-cone-trees-2026-09-18/trees.jsonl.gz]
OK  40_40 #750 tree leaves=6  [experiments/bmw-cone-trees-2026-09-18/trees.jsonl.gz]
OK  40_40 #751 tree leaves=6  [experiments/bmw-cone-trees-2026-09-18/trees.jsonl.gz]
OK  40_40 #752 tree leaves=14  [experiments/bmw-cone-trees-2026-09-18/trees.jsonl.gz]
OK  40_40 #753 tree leaves=8  [experiments/bmw-cone-trees-2026-09-18/trees.jsonl.gz]
OK  40_40 #755 tree leaves=14  [experiments/bmw-cone-trees-2026-09-18/trees.jsonl.gz]
OK  40_40 #756 tree leaves=18  [experiments/bmw-cone-trees-2026-09-18/trees.jsonl.gz]
OK  40_40 #763 tree leaves=10  [experiments/bmw-cone-trees-2026-09-18/trees.jsonl.gz]
OK  40_40 #768 tree leaves=14  [experiments/bmw-cone-trees-2026-09-18/trees.jsonl.gz]
OK  40_40 #770 tree leaves=14  [experiments/bmw-cone-trees-2026-09-18/trees.jsonl.gz]
OK  40_40 #772 tree leaves=20  [experiments/bmw-cone-trees-2026-09-18/trees.jsonl.gz]
OK  40_40 #775 tree leaves=10  [experiments/bmw-cone-trees-2026-09-18/trees.jsonl.gz]
OK  40_40 #776 tree leaves=8  [experiments/bmw-cone-trees-2026-09-18/trees.jsonl.gz]
OK  40_40 #797 tree leaves=26  [experiments/bmw-cone-trees-2026-09-18/trees.jsonl.gz]
OK  40_40 #817 tree leaves=10  [experiments/bmw-cone-trees-2026-09-18/trees.jsonl.gz]
OK  40_40 #818 tree leaves=10  [experiments/bmw-cone-trees-2026-09-18/trees.jsonl.gz]
OK  41_30 #167 tree leaves=10  [experiments/bmw-cone-trees-2026-09-18/trees.jsonl.gz]
OK  41_30 #168 tree leaves=10  [experiments/bmw-cone-trees-2026-09-18/trees.jsonl.gz]
OK  41_30 #169 tree leaves=10  [experiments/bmw-cone-trees-2026-09-18/trees.jsonl.gz]
OK  41_30 #170 tree leaves=10  [experiments/bmw-cone-trees-2026-09-18/trees.jsonl.gz]
OK  41_30 #171 tree leaves=10  [experiments/bmw-cone-trees-2026-09-18/trees.jsonl.gz]
OK  41_31 #90 tree leaves=12  [experiments/bmw-cone-trees-2026-09-18/trees.jsonl.gz]
OK  41_31 #94 tree leaves=12  [experiments/bmw-cone-trees-2026-09-18/trees.jsonl.gz]
OK  41_31 #112 tree leaves=8  [experiments/bmw-cone-trees-2026-09-18/trees.jsonl.gz]
OK  41_31 #113 tree leaves=8  [experiments/bmw-cone-trees-2026-09-18/trees.jsonl.gz]
OK  41_31 #114 tree leaves=10  [experiments/bmw-cone-trees-2026-09-18/trees.jsonl.gz]
OK  41_31 #115 tree leaves=8  [experiments/bmw-cone-trees-2026-09-18/trees.jsonl.gz]
OK  41_40 #633 tree leaves=342  [experiments/bmw-cone-trees-2026-09-18/trees.jsonl.gz]
OK  41_40 #634 tree leaves=342  [experiments/bmw-cone-trees-2026-09-18/trees.jsonl.gz]
OK  41_40 #635 tree leaves=342  [experiments/bmw-cone-trees-2026-09-18/trees.jsonl.gz]
OK  41_40 #636 tree leaves=142  [experiments/bmw-cone-trees-2026-09-18/trees.jsonl.gz]
OK  41_40 #637 tree leaves=142  [experiments/bmw-cone-trees-2026-09-18/trees.jsonl.gz]
OK  41_40 #638 tree leaves=142  [experiments/bmw-cone-trees-2026-09-18/trees.jsonl.gz]
OK  41_40 #639 tree leaves=142  [experiments/bmw-cone-trees-2026-09-18/trees.jsonl.gz]
OK  41_40 #640 tree leaves=154  [experiments/bmw-cone-trees-2026-09-18/trees.jsonl.gz]
OK  41_40 #641 tree leaves=158  [experiments/bmw-cone-trees-2026-09-18/trees.jsonl.gz]
OK  41_40 #643 tree leaves=158  [experiments/bmw-cone-trees-2026-09-18/trees.jsonl.gz]
OK  41_40 #644 tree leaves=160  [experiments/bmw-cone-trees-2026-09-18/trees.jsonl.gz]
OK  41_40 #645 tree leaves=158  [experiments/bmw-cone-trees-2026-09-18/trees.jsonl.gz]
OK  41_40 #646 tree leaves=154  [experiments/bmw-cone-trees-2026-09-18/trees.jsonl.gz]
OK  41_40 #647 tree leaves=158  [experiments/bmw-cone-trees-2026-09-18/trees.jsonl.gz]
OK  41_40 #648 tree leaves=10  [experiments/bmw-cone-trees-2026-09-18/trees.jsonl.gz]
OK  41_40 #649 tree leaves=10  [experiments/bmw-cone-trees-2026-09-18/trees.jsonl.gz]
OK  41_40 #650 tree leaves=10  [experiments/bmw-cone-trees-2026-09-18/trees.jsonl.gz]
OK  41_40 #651 tree leaves=10  [experiments/bmw-cone-trees-2026-09-18/trees.jsonl.gz]
OK  41_40 #652 tree leaves=10  [experiments/bmw-cone-trees-2026-09-18/trees.jsonl.gz]
OK  41_40 #653 tree leaves=10  [experiments/bmw-cone-trees-2026-09-18/trees.jsonl.gz]
OK  41_40 #654 tree leaves=10  [experiments/bmw-cone-trees-2026-09-18/trees.jsonl.gz]
OK  41_40 #655 tree leaves=24  [experiments/bmw-cone-trees-2026-09-18/trees.jsonl.gz]
OK  41_40 #656 tree leaves=14  [experiments/bmw-cone-trees-2026-09-18/trees.jsonl.gz]
OK  41_40 #658 tree leaves=8  [experiments/bmw-cone-trees-2026-09-18/trees.jsonl.gz]
OK  41_40 #659 tree leaves=154  [experiments/bmw-cone-trees-2026-09-18/trees.jsonl.gz]
OK  41_40 #660 tree leaves=10  [experiments/bmw-cone-trees-2026-09-18/trees.jsonl.gz]
OK  41_40 #870 tree leaves=12  [experiments/bmw-cone-trees-2026-09-18/trees.jsonl.gz]
OK  41_40 #888 tree leaves=12  [experiments/bmw-cone-trees-2026-09-18/trees.jsonl.gz]
OK  41_40 #899 tree leaves=344  [experiments/bmw-cone-trees-2026-09-18/trees.jsonl.gz]
OK  41_40 #900 tree leaves=344  [experiments/bmw-cone-trees-2026-09-18/trees.jsonl.gz]
OK  41_40 #901 tree leaves=344  [experiments/bmw-cone-trees-2026-09-18/trees.jsonl.gz]
OK  41_40 #902 tree leaves=144  [experiments/bmw-cone-trees-2026-09-18/trees.jsonl.gz]
OK  41_40 #903 tree leaves=144  [experiments/bmw-cone-trees-2026-09-18/trees.jsonl.gz]
OK  41_40 #904 tree leaves=144  [experiments/bmw-cone-trees-2026-09-18/trees.jsonl.gz]
OK  41_40 #905 tree leaves=144  [experiments/bmw-cone-trees-2026-09-18/trees.jsonl.gz]
OK  41_40 #906 tree leaves=156  [experiments/bmw-cone-trees-2026-09-18/trees.jsonl.gz]
OK  41_40 #907 tree leaves=160  [experiments/bmw-cone-trees-2026-09-18/trees.jsonl.gz]
OK  41_40 #908 tree leaves=14  [experiments/bmw-cone-trees-2026-09-18/trees.jsonl.gz]
OK  41_40 #909 tree leaves=160  [experiments/bmw-cone-trees-2026-09-18/trees.jsonl.gz]
OK  41_40 #910 tree leaves=160  [experiments/bmw-cone-trees-2026-09-18/trees.jsonl.gz]
OK  41_40 #911 tree leaves=160  [experiments/bmw-cone-trees-2026-09-18/trees.jsonl.gz]
OK  41_40 #912 tree leaves=156  [experiments/bmw-cone-trees-2026-09-18/trees.jsonl.gz]
OK  41_40 #913 tree leaves=160  [experiments/bmw-cone-trees-2026-09-18/trees.jsonl.gz]
OK  41_40 #914 tree leaves=10  [experiments/bmw-cone-trees-2026-09-18/trees.jsonl.gz]
OK  41_40 #915 tree leaves=10  [experiments/bmw-cone-trees-2026-09-18/trees.jsonl.gz]
OK  41_40 #916 tree leaves=10  [experiments/bmw-cone-trees-2026-09-18/trees.jsonl.gz]
OK  41_40 #917 tree leaves=10  [experiments/bmw-cone-trees-2026-09-18/trees.jsonl.gz]
OK  41_40 #918 tree leaves=10  [experiments/bmw-cone-trees-2026-09-18/trees.jsonl.gz]
OK  41_40 #919 tree leaves=10  [experiments/bmw-cone-trees-2026-09-18/trees.jsonl.gz]
OK  41_40 #920 tree leaves=10  [experiments/bmw-cone-trees-2026-09-18/trees.jsonl.gz]
OK  41_40 #921 tree leaves=10  [experiments/bmw-cone-trees-2026-09-18/trees.jsonl.gz]
OK  41_40 #922 tree leaves=20  [experiments/bmw-cone-trees-2026-09-18/trees.jsonl.gz]
OK  41_40 #923 tree leaves=154  [experiments/bmw-cone-trees-2026-09-18/trees.jsonl.gz]
OK  41_40 #924 tree leaves=12  [experiments/bmw-cone-trees-2026-09-18/trees.jsonl.gz]
OK  41_40 #926 tree leaves=8  [experiments/bmw-cone-trees-2026-09-18/trees.jsonl.gz]
OK  41_40 #982 tree leaves=10  [experiments/bmw-cone-trees-2026-09-18/trees.jsonl.gz]
OK  41_40 #1076 tree leaves=8  [experiments/bmw-cone-trees-2026-09-18/trees.jsonl.gz]
OK  41_40 #1086 tree leaves=18  [experiments/bmw-cone-trees-2026-09-18/trees.jsonl.gz]
OK  41_40 #1147 tree leaves=10  [experiments/bmw-cone-trees-2026-09-18/trees.jsonl.gz]
OK  41_40 #1148 tree leaves=10  [experiments/bmw-cone-trees-2026-09-18/trees.jsonl.gz]
OK  41_40 #1149 tree leaves=10  [experiments/bmw-cone-trees-2026-09-18/trees.jsonl.gz]
OK  41_40 #1150 tree leaves=10  [experiments/bmw-cone-trees-2026-09-18/trees.jsonl.gz]
OK  41_40 #1151 tree leaves=10  [experiments/bmw-cone-trees-2026-09-18/trees.jsonl.gz]
OK  41_40 #1152 tree leaves=10  [experiments/bmw-cone-trees-2026-09-18/trees.jsonl.gz]
OK  41_40 #1153 tree leaves=10  [experiments/bmw-cone-trees-2026-09-18/trees.jsonl.gz]
OK  41_40 #1154 tree leaves=10  [experiments/bmw-cone-trees-2026-09-18/trees.jsonl.gz]
OK  41_40 #1155 tree leaves=12  [experiments/bmw-cone-trees-2026-09-18/trees.jsonl.gz]
OK  41_40 #1156 tree leaves=10  [experiments/bmw-cone-trees-2026-09-18/trees.jsonl.gz]
OK  41_40 #1157 tree leaves=10  [experiments/bmw-cone-trees-2026-09-18/trees.jsonl.gz]
OK  41_40 #1158 tree leaves=14  [experiments/bmw-cone-trees-2026-09-18/trees.jsonl.gz]
OK  41_40 #1159 tree leaves=10  [experiments/bmw-cone-trees-2026-09-18/trees.jsonl.gz]
OK  41_40 #1160 tree leaves=24  [experiments/bmw-cone-trees-2026-09-18/trees.jsonl.gz]
OK  41_40 #1169 tree leaves=10  [experiments/bmw-cone-trees-2026-09-18/trees.jsonl.gz]
OK  41_40 #1170 tree leaves=168  [experiments/bmw-cone-trees-2026-09-18/trees.jsonl.gz]
OK  41_40 #1171 tree leaves=10  [experiments/bmw-cone-trees-2026-09-18/trees.jsonl.gz]
OK  41_40 #1172 tree leaves=10  [experiments/bmw-cone-trees-2026-09-18/trees.jsonl.gz]
OK  41_40 #1173 tree leaves=8  [experiments/bmw-cone-trees-2026-09-18/trees.jsonl.gz]
OK  41_40 #1182 tree leaves=14  [experiments/bmw-cone-trees-2026-09-18/trees.jsonl.gz]
OK  41_40 #1183 tree leaves=10  [experiments/bmw-cone-trees-2026-09-18/trees.jsonl.gz]
OK  41_40 #1184 tree leaves=166  [experiments/bmw-cone-trees-2026-09-18/trees.jsonl.gz]
OK  41_40 #1185 tree leaves=10  [experiments/bmw-cone-trees-2026-09-18/trees.jsonl.gz]
OK  41_41 #460 tree leaves=8  [experiments/bmw-cone-trees-2026-09-18/trees.jsonl.gz]
OK  41_41 #481 tree leaves=10  [experiments/bmw-cone-trees-2026-09-18/trees.jsonl.gz]
OK  41_41 #482 tree leaves=10  [experiments/bmw-cone-trees-2026-09-18/trees.jsonl.gz]
OK  41_41 #483 tree leaves=10  [experiments/bmw-cone-trees-2026-09-18/trees.jsonl.gz]
OK  41_41 #485 tree leaves=10  [experiments/bmw-cone-trees-2026-09-18/trees.jsonl.gz]
OK  41_41 #521 tree leaves=8  [experiments/bmw-cone-trees-2026-09-18/trees.jsonl.gz]
OK  41_41 #522 tree leaves=8  [experiments/bmw-cone-trees-2026-09-18/trees.jsonl.gz]
OK  41_41 #523 tree leaves=8  [experiments/bmw-cone-trees-2026-09-18/trees.jsonl.gz]
OK  41_41 #524 tree leaves=8  [experiments/bmw-cone-trees-2026-09-18/trees.jsonl.gz]
OK  41_41 #525 tree leaves=8  [experiments/bmw-cone-trees-2026-09-18/trees.jsonl.gz]
OK  41_41 #526 tree leaves=10  [experiments/bmw-cone-trees-2026-09-18/trees.jsonl.gz]
OK  41_41 #527 tree leaves=8  [experiments/bmw-cone-trees-2026-09-18/trees.jsonl.gz]
OK  41_41 #528 tree leaves=10  [experiments/bmw-cone-trees-2026-09-18/trees.jsonl.gz]
OK  41_41 #529 tree leaves=8  [experiments/bmw-cone-trees-2026-09-18/trees.jsonl.gz]
OK  41_41 #530 tree leaves=8  [experiments/bmw-cone-trees-2026-09-18/trees.jsonl.gz]
OK  41_41 #531 tree leaves=8  [experiments/bmw-cone-trees-2026-09-18/trees.jsonl.gz]
OK  41_41 #532 tree leaves=10  [experiments/bmw-cone-trees-2026-09-18/trees.jsonl.gz]
OK  41_41 #533 tree leaves=12  [experiments/bmw-cone-trees-2026-09-18/trees.jsonl.gz]
OK  41_41 #534 tree leaves=8  [experiments/bmw-cone-trees-2026-09-18/trees.jsonl.gz]
OK  41_41 #535 tree leaves=8  [experiments/bmw-cone-trees-2026-09-18/trees.jsonl.gz]
OK  41_41 #536 tree leaves=8  [experiments/bmw-cone-trees-2026-09-18/trees.jsonl.gz]
OK  41_41 #537 tree leaves=8  [experiments/bmw-cone-trees-2026-09-18/trees.jsonl.gz]
OK  41_41 #538 tree leaves=10  [experiments/bmw-cone-trees-2026-09-18/trees.jsonl.gz]
OK  41_41 #539 tree leaves=10  [experiments/bmw-cone-trees-2026-09-18/trees.jsonl.gz]
OK  41_41 #540 tree leaves=12  [experiments/bmw-cone-trees-2026-09-18/trees.jsonl.gz]
OK  42_30 #87 tree leaves=8  [experiments/bmw-cone-trees-2026-09-18/trees.jsonl.gz]
OK  42_31 #67 tree leaves=8  [experiments/bmw-cone-trees-2026-09-18/trees.jsonl.gz]
OK  42_40 #161 tree leaves=20  [experiments/bmw-cone-trees-2026-09-18/trees.jsonl.gz]
OK  42_40 #284 tree leaves=30  [experiments/bmw-cone-trees-2026-09-18/trees.jsonl.gz]
OK  42_40 #287 tree leaves=34  [experiments/bmw-cone-trees-2026-09-18/trees.jsonl.gz]
OK  42_40 #289 tree leaves=16  [experiments/bmw-cone-trees-2026-09-18/trees.jsonl.gz]
OK  42_40 #377 tree leaves=154  [experiments/bmw-cone-trees-2026-09-18/trees.jsonl.gz]
OK  42_40 #379 tree leaves=10  [experiments/bmw-cone-trees-2026-09-18/trees.jsonl.gz]
OK  42_40 #380 tree leaves=14  [experiments/bmw-cone-trees-2026-09-18/trees.jsonl.gz]
OK  42_40 #381 tree leaves=12  [experiments/bmw-cone-trees-2026-09-18/trees.jsonl.gz]
OK  42_40 #382 tree leaves=8  [experiments/bmw-cone-trees-2026-09-18/trees.jsonl.gz]
OK  42_40 #424 tree leaves=30  [experiments/bmw-cone-trees-2026-09-18/trees.jsonl.gz]
OK  42_40 #426 tree leaves=14  [experiments/bmw-cone-trees-2026-09-18/trees.jsonl.gz]
OK  42_40 #453 tree leaves=154  [experiments/bmw-cone-trees-2026-09-18/trees.jsonl.gz]
OK  42_40 #455 tree leaves=16  [experiments/bmw-cone-trees-2026-09-18/trees.jsonl.gz]
OK  42_40 #464 tree leaves=12  [experiments/bmw-cone-trees-2026-09-18/trees.jsonl.gz]
OK  42_40 #469 tree leaves=10  [experiments/bmw-cone-trees-2026-09-18/trees.jsonl.gz]
OK  42_40 #470 tree leaves=10  [experiments/bmw-cone-trees-2026-09-18/trees.jsonl.gz]
OK  42_40 #471 tree leaves=18  [experiments/bmw-cone-trees-2026-09-18/trees.jsonl.gz]
OK  42_40 #472 tree leaves=10  [experiments/bmw-cone-trees-2026-09-18/trees.jsonl.gz]
OK  42_40 #474 tree leaves=12  [experiments/bmw-cone-trees-2026-09-18/trees.jsonl.gz]
OK  42_40 #522 tree leaves=166  [experiments/bmw-cone-trees-2026-09-18/trees.jsonl.gz]
OK  42_40 #524 tree leaves=168  [experiments/bmw-cone-trees-2026-09-18/trees.jsonl.gz]
OK  42_40 #532 tree leaves=12  [experiments/bmw-cone-trees-2026-09-18/trees.jsonl.gz]
OK  42_40 #535 tree leaves=8  [experiments/bmw-cone-trees-2026-09-18/trees.jsonl.gz]
OK  42_41 #311 tree leaves=18  [experiments/bmw-cone-trees-2026-09-18/trees.jsonl.gz]
OK  42_41 #318 tree leaves=14  [experiments/bmw-cone-trees-2026-09-18/trees.jsonl.gz]
OK  42_41 #319 tree leaves=12  [experiments/bmw-cone-trees-2026-09-18/trees.jsonl.gz]
OK  42_41 #443 tree leaves=8  [experiments/bmw-cone-trees-2026-09-18/trees.jsonl.gz]
OK  42_41 #444 tree leaves=8  [experiments/bmw-cone-trees-2026-09-18/trees.jsonl.gz]
OK  42_41 #450 tree leaves=8  [experiments/bmw-cone-trees-2026-09-18/trees.jsonl.gz]
OK  42_41 #451 tree leaves=8  [experiments/bmw-cone-trees-2026-09-18/trees.jsonl.gz]
OK  42_41 #456 tree leaves=8  [experiments/bmw-cone-trees-2026-09-18/trees.jsonl.gz]
OK  42_41 #459 tree leaves=8  [experiments/bmw-cone-trees-2026-09-18/trees.jsonl.gz]
OK  42_41 #474 tree leaves=10  [experiments/bmw-cone-trees-2026-09-18/trees.jsonl.gz]
OK  42_41 #475 tree leaves=12  [experiments/bmw-cone-trees-2026-09-18/trees.jsonl.gz]
OK  42_41 #479 tree leaves=10  [experiments/bmw-cone-trees-2026-09-18/trees.jsonl.gz]
OK  42_41 #480 tree leaves=12  [experiments/bmw-cone-trees-2026-09-18/trees.jsonl.gz]
OK  42_41 #485 tree leaves=18  [experiments/bmw-cone-trees-2026-09-18/trees.jsonl.gz]
OK  42_41 #495 tree leaves=10  [experiments/bmw-cone-trees-2026-09-18/trees.jsonl.gz]
OK  42_41 #500 tree leaves=8  [experiments/bmw-cone-trees-2026-09-18/trees.jsonl.gz]
OK  42_41 #501 tree leaves=18  [experiments/bmw-cone-trees-2026-09-18/trees.jsonl.gz]
OK  42_41 #533 tree leaves=8  [experiments/bmw-cone-trees-2026-09-18/trees.jsonl.gz]
OK  42_41 #534 tree leaves=8  [experiments/bmw-cone-trees-2026-09-18/trees.jsonl.gz]
OK  42_41 #536 tree leaves=18  [experiments/bmw-cone-trees-2026-09-18/trees.jsonl.gz]
OK  42_41 #544 tree leaves=18  [experiments/bmw-cone-trees-2026-09-18/trees.jsonl.gz]
OK  42_42 #44 tree leaves=14  [experiments/bmw-cone-trees-2026-09-18/trees.jsonl.gz]
OK  42_42 #77 tree leaves=18  [experiments/bmw-cone-trees-2026-09-18/trees.jsonl.gz]
OK  42_42 #94 tree leaves=20  [experiments/bmw-cone-trees-2026-09-18/trees.jsonl.gz]
OK  42_42 #97 tree leaves=14  [experiments/bmw-cone-trees-2026-09-18/trees.jsonl.gz]
OK  42_42 #98 tree leaves=12  [experiments/bmw-cone-trees-2026-09-18/trees.jsonl.gz]
OK  42_42 #106 tree leaves=168  [experiments/bmw-cone-trees-2026-09-18/trees.jsonl.gz]
OK  42_42 #114 tree leaves=8  [experiments/bmw-cone-trees-2026-09-18/trees.jsonl.gz]
OK  50_30 #23 tree leaves=8  [experiments/bmw-cone-trees-2026-09-18/trees.jsonl.gz]
OK  50_30 #70 tree leaves=8  [experiments/bmw-cone-trees-2026-09-18/trees.jsonl.gz]
OK  50_30 #72 tree leaves=8  [experiments/bmw-cone-trees-2026-09-18/trees.jsonl.gz]
OK  50_30 #116 tree leaves=6  [experiments/bmw-cone-trees-2026-09-18/trees.jsonl.gz]
OK  50_30 #117 tree leaves=8  [experiments/bmw-cone-trees-2026-09-18/trees.jsonl.gz]
OK  50_30 #118 tree leaves=8  [experiments/bmw-cone-trees-2026-09-18/trees.jsonl.gz]
OK  50_30 #119 tree leaves=8  [experiments/bmw-cone-trees-2026-09-18/trees.jsonl.gz]
OK  50_30 #155 tree leaves=8  [experiments/bmw-cone-trees-2026-09-18/trees.jsonl.gz]
OK  50_30 #187 tree leaves=8  [experiments/bmw-cone-trees-2026-09-18/trees.jsonl.gz]
OK  50_30 #209 tree leaves=10  [experiments/bmw-cone-trees-2026-09-18/trees.jsonl.gz]
OK  50_30 #263 tree leaves=10  [experiments/bmw-cone-trees-2026-09-18/trees.jsonl.gz]
OK  50_30 #264 tree leaves=8  [experiments/bmw-cone-trees-2026-09-18/trees.jsonl.gz]
OK  50_30 #271 tree leaves=8  [experiments/bmw-cone-trees-2026-09-18/trees.jsonl.gz]
OK  50_30 #324 tree leaves=8  [experiments/bmw-cone-trees-2026-09-18/trees.jsonl.gz]
OK  50_30 #331 tree leaves=8  [experiments/bmw-cone-trees-2026-09-18/trees.jsonl.gz]
OK  50_30 #332 tree leaves=8  [experiments/bmw-cone-trees-2026-09-18/trees.jsonl.gz]
OK  50_30 #333 tree leaves=12  [experiments/bmw-cone-trees-2026-09-18/trees.jsonl.gz]
OK  50_30 #337 tree leaves=8  [experiments/bmw-cone-trees-2026-09-18/trees.jsonl.gz]
OK  50_30 #338 tree leaves=8  [experiments/bmw-cone-trees-2026-09-18/trees.jsonl.gz]
OK  50_30 #339 tree leaves=8  [experiments/bmw-cone-trees-2026-09-18/trees.jsonl.gz]
OK  50_30 #343 tree leaves=8  [experiments/bmw-cone-trees-2026-09-18/trees.jsonl.gz]
OK  50_30 #345 tree leaves=8  [experiments/bmw-cone-trees-2026-09-18/trees.jsonl.gz]
OK  50_30 #367 tree leaves=10  [experiments/bmw-cone-trees-2026-09-18/trees.jsonl.gz]
OK  50_30 #390 tree leaves=12  [experiments/bmw-cone-trees-2026-09-18/trees.jsonl.gz]
OK  50_30 #399 tree leaves=12  [experiments/bmw-cone-trees-2026-09-18/trees.jsonl.gz]
OK  50_30 #416 tree leaves=12  [experiments/bmw-cone-trees-2026-09-18/trees.jsonl.gz]
OK  50_30 #440 tree leaves=8  [experiments/bmw-cone-trees-2026-09-18/trees.jsonl.gz]
OK  50_30 #459 tree leaves=12  [experiments/bmw-cone-trees-2026-09-18/trees.jsonl.gz]
OK  50_30 #466 tree leaves=12  [experiments/bmw-cone-trees-2026-09-18/trees.jsonl.gz]
OK  50_30 #488 tree leaves=8  [experiments/bmw-cone-trees-2026-09-18/trees.jsonl.gz]
OK  50_30 #492 tree leaves=6  [experiments/bmw-cone-trees-2026-09-18/trees.jsonl.gz]
OK  50_30 #493 tree leaves=6  [experiments/bmw-cone-trees-2026-09-18/trees.jsonl.gz]
OK  50_30 #494 tree leaves=8  [experiments/bmw-cone-trees-2026-09-18/trees.jsonl.gz]
OK  50_30 #496 tree leaves=8  [experiments/bmw-cone-trees-2026-09-18/trees.jsonl.gz]
OK  50_30 #498 tree leaves=8  [experiments/bmw-cone-trees-2026-09-18/trees.jsonl.gz]
OK  50_30 #499 tree leaves=8  [experiments/bmw-cone-trees-2026-09-18/trees.jsonl.gz]
OK  50_30 #500 tree leaves=8  [experiments/bmw-cone-trees-2026-09-18/trees.jsonl.gz]
OK  50_30 #501 tree leaves=8  [experiments/bmw-cone-trees-2026-09-18/trees.jsonl.gz]
OK  50_30 #502 tree leaves=8  [experiments/bmw-cone-trees-2026-09-18/trees.jsonl.gz]
OK  50_30 #503 tree leaves=8  [experiments/bmw-cone-trees-2026-09-18/trees.jsonl.gz]
OK  50_30 #504 tree leaves=8  [experiments/bmw-cone-trees-2026-09-18/trees.jsonl.gz]
OK  50_30 #505 tree leaves=8  [experiments/bmw-cone-trees-2026-09-18/trees.jsonl.gz]
OK  50_30 #506 tree leaves=8  [experiments/bmw-cone-trees-2026-09-18/trees.jsonl.gz]
OK  50_30 #507 tree leaves=8  [experiments/bmw-cone-trees-2026-09-18/trees.jsonl.gz]
OK  50_30 #508 tree leaves=8  [experiments/bmw-cone-trees-2026-09-18/trees.jsonl.gz]
OK  50_30 #509 tree leaves=8  [experiments/bmw-cone-trees-2026-09-18/trees.jsonl.gz]
OK  50_30 #510 tree leaves=8  [experiments/bmw-cone-trees-2026-09-18/trees.jsonl.gz]
OK  50_30 #511 tree leaves=8  [experiments/bmw-cone-trees-2026-09-18/trees.jsonl.gz]
OK  50_30 #512 tree leaves=8  [experiments/bmw-cone-trees-2026-09-18/trees.jsonl.gz]
OK  50_30 #513 tree leaves=8  [experiments/bmw-cone-trees-2026-09-18/trees.jsonl.gz]
OK  50_30 #514 tree leaves=10  [experiments/bmw-cone-trees-2026-09-18/trees.jsonl.gz]
OK  50_30 #515 tree leaves=10  [experiments/bmw-cone-trees-2026-09-18/trees.jsonl.gz]
OK  50_30 #564 tree leaves=8  [experiments/bmw-cone-trees-2026-09-18/trees.jsonl.gz]
OK  50_30 #597 tree leaves=10  [experiments/bmw-cone-trees-2026-09-18/trees.jsonl.gz]
OK  50_31 #20 tree leaves=8  [experiments/bmw-cone-trees-2026-09-18/trees.jsonl.gz]
OK  50_31 #41 tree leaves=8  [experiments/bmw-cone-trees-2026-09-18/trees.jsonl.gz]
OK  50_31 #77 tree leaves=8  [experiments/bmw-cone-trees-2026-09-18/trees.jsonl.gz]
OK  50_31 #79 tree leaves=8  [experiments/bmw-cone-trees-2026-09-18/trees.jsonl.gz]
OK  50_31 #84 tree leaves=8  [experiments/bmw-cone-trees-2026-09-18/trees.jsonl.gz]
OK  50_31 #114 tree leaves=8  [experiments/bmw-cone-trees-2026-09-18/trees.jsonl.gz]
OK  50_31 #139 tree leaves=8  [experiments/bmw-cone-trees-2026-09-18/trees.jsonl.gz]
OK  50_31 #141 tree leaves=8  [experiments/bmw-cone-trees-2026-09-18/trees.jsonl.gz]
OK  50_31 #172 tree leaves=8  [experiments/bmw-cone-trees-2026-09-18/trees.jsonl.gz]
OK  50_31 #183 tree leaves=8  [experiments/bmw-cone-trees-2026-09-18/trees.jsonl.gz]
OK  50_31 #195 tree leaves=8  [experiments/bmw-cone-trees-2026-09-18/trees.jsonl.gz]
OK  50_31 #226 tree leaves=8  [experiments/bmw-cone-trees-2026-09-18/trees.jsonl.gz]
OK  50_31 #228 tree leaves=8  [experiments/bmw-cone-trees-2026-09-18/trees.jsonl.gz]
OK  50_31 #232 tree leaves=8  [experiments/bmw-cone-trees-2026-09-18/trees.jsonl.gz]
OK  50_31 #235 tree leaves=18  [experiments/bmw-cone-trees-2026-09-18/trees.jsonl.gz]
OK  50_31 #237 tree leaves=8  [experiments/bmw-cone-trees-2026-09-18/trees.jsonl.gz]
OK  50_31 #238 tree leaves=8  [experiments/bmw-cone-trees-2026-09-18/trees.jsonl.gz]
OK  50_31 #239 tree leaves=8  [experiments/bmw-cone-trees-2026-09-18/trees.jsonl.gz]
OK  50_31 #240 tree leaves=8  [experiments/bmw-cone-trees-2026-09-18/trees.jsonl.gz]
OK  50_31 #241 tree leaves=8  [experiments/bmw-cone-trees-2026-09-18/trees.jsonl.gz]
OK  50_31 #242 tree leaves=8  [experiments/bmw-cone-trees-2026-09-18/trees.jsonl.gz]
OK  50_31 #243 tree leaves=10  [experiments/bmw-cone-trees-2026-09-18/trees.jsonl.gz]
OK  50_31 #249 tree leaves=8  [experiments/bmw-cone-trees-2026-09-18/trees.jsonl.gz]
OK  50_31 #250 tree leaves=8  [experiments/bmw-cone-trees-2026-09-18/trees.jsonl.gz]
OK  51_30 #23 tree leaves=8  [experiments/bmw-cone-trees-2026-09-18/trees.jsonl.gz]
OK  51_30 #79 tree leaves=8  [experiments/bmw-cone-trees-2026-09-18/trees.jsonl.gz]
OK  51_30 #101 tree leaves=10  [experiments/bmw-cone-trees-2026-09-18/trees.jsonl.gz]
OK  51_30 #146 tree leaves=12  [experiments/bmw-cone-trees-2026-09-18/trees.jsonl.gz]
OK  51_30 #170 tree leaves=12  [experiments/bmw-cone-trees-2026-09-18/trees.jsonl.gz]
OK  51_30 #220 tree leaves=8  [experiments/bmw-cone-trees-2026-09-18/trees.jsonl.gz]
OK  51_30 #244 tree leaves=8  [experiments/bmw-cone-trees-2026-09-18/trees.jsonl.gz]
OK  51_30 #281 tree leaves=10  [experiments/bmw-cone-trees-2026-09-18/trees.jsonl.gz]
OK  51_30 #324 tree leaves=12  [experiments/bmw-cone-trees-2026-09-18/trees.jsonl.gz]
OK  51_30 #348 tree leaves=12  [experiments/bmw-cone-trees-2026-09-18/trees.jsonl.gz]
OK  51_30 #392 tree leaves=8  [experiments/bmw-cone-trees-2026-09-18/trees.jsonl.gz]
OK  51_30 #441 tree leaves=12  [experiments/bmw-cone-trees-2026-09-18/trees.jsonl.gz]
OK  51_30 #465 tree leaves=12  [experiments/bmw-cone-trees-2026-09-18/trees.jsonl.gz]
OK  51_30 #502 tree leaves=10  [experiments/bmw-cone-trees-2026-09-18/trees.jsonl.gz]
OK  51_30 #545 tree leaves=8  [experiments/bmw-cone-trees-2026-09-18/trees.jsonl.gz]
OK  51_30 #569 tree leaves=8  [experiments/bmw-cone-trees-2026-09-18/trees.jsonl.gz]
OK  51_30 #613 tree leaves=8  [experiments/bmw-cone-trees-2026-09-18/trees.jsonl.gz]
OK  51_30 #625 tree leaves=10  [experiments/bmw-cone-trees-2026-09-18/trees.jsonl.gz]
OK  51_30 #626 tree leaves=10  [experiments/bmw-cone-trees-2026-09-18/trees.jsonl.gz]
OK  51_30 #627 tree leaves=10  [experiments/bmw-cone-trees-2026-09-18/trees.jsonl.gz]
OK  51_30 #628 tree leaves=10  [experiments/bmw-cone-trees-2026-09-18/trees.jsonl.gz]
OK  51_30 #630 tree leaves=10  [experiments/bmw-cone-trees-2026-09-18/trees.jsonl.gz]
OK  51_30 #632 tree leaves=10  [experiments/bmw-cone-trees-2026-09-18/trees.jsonl.gz]
OK  51_30 #633 tree leaves=10  [experiments/bmw-cone-trees-2026-09-18/trees.jsonl.gz]
OK  51_30 #634 tree leaves=10  [experiments/bmw-cone-trees-2026-09-18/trees.jsonl.gz]
OK  51_30 #635 tree leaves=10  [experiments/bmw-cone-trees-2026-09-18/trees.jsonl.gz]
OK  51_30 #636 tree leaves=10  [experiments/bmw-cone-trees-2026-09-18/trees.jsonl.gz]
OK  51_30 #637 tree leaves=10  [experiments/bmw-cone-trees-2026-09-18/trees.jsonl.gz]
OK  51_30 #638 tree leaves=10  [experiments/bmw-cone-trees-2026-09-18/trees.jsonl.gz]
OK  51_30 #639 tree leaves=10  [experiments/bmw-cone-trees-2026-09-18/trees.jsonl.gz]
OK  51_30 #640 tree leaves=10  [experiments/bmw-cone-trees-2026-09-18/trees.jsonl.gz]
OK  51_30 #641 tree leaves=10  [experiments/bmw-cone-trees-2026-09-18/trees.jsonl.gz]
OK  51_30 #642 tree leaves=10  [experiments/bmw-cone-trees-2026-09-18/trees.jsonl.gz]
OK  51_30 #643 tree leaves=10  [experiments/bmw-cone-trees-2026-09-18/trees.jsonl.gz]
OK  51_30 #644 tree leaves=10  [experiments/bmw-cone-trees-2026-09-18/trees.jsonl.gz]
OK  51_30 #645 tree leaves=10  [experiments/bmw-cone-trees-2026-09-18/trees.jsonl.gz]
OK  51_30 #646 tree leaves=10  [experiments/bmw-cone-trees-2026-09-18/trees.jsonl.gz]
OK  51_30 #647 tree leaves=10  [experiments/bmw-cone-trees-2026-09-18/trees.jsonl.gz]
OK  51_30 #648 tree leaves=10  [experiments/bmw-cone-trees-2026-09-18/trees.jsonl.gz]
OK  51_30 #649 tree leaves=10  [experiments/bmw-cone-trees-2026-09-18/trees.jsonl.gz]
OK  51_30 #650 tree leaves=10  [experiments/bmw-cone-trees-2026-09-18/trees.jsonl.gz]
OK  51_30 #651 tree leaves=10  [experiments/bmw-cone-trees-2026-09-18/trees.jsonl.gz]
OK  51_30 #652 tree leaves=10  [experiments/bmw-cone-trees-2026-09-18/trees.jsonl.gz]
OK  51_30 #653 tree leaves=10  [experiments/bmw-cone-trees-2026-09-18/trees.jsonl.gz]
OK  51_30 #654 tree leaves=10  [experiments/bmw-cone-trees-2026-09-18/trees.jsonl.gz]
OK  51_30 #656 tree leaves=10  [experiments/bmw-cone-trees-2026-09-18/trees.jsonl.gz]
OK  51_30 #658 tree leaves=10  [experiments/bmw-cone-trees-2026-09-18/trees.jsonl.gz]
OK  51_30 #659 tree leaves=10  [experiments/bmw-cone-trees-2026-09-18/trees.jsonl.gz]
OK  51_30 #660 tree leaves=8  [experiments/bmw-cone-trees-2026-09-18/trees.jsonl.gz]
OK  51_30 #661 tree leaves=8  [experiments/bmw-cone-trees-2026-09-18/trees.jsonl.gz]
OK  51_31 #20 tree leaves=8  [experiments/bmw-cone-trees-2026-09-18/trees.jsonl.gz]
OK  51_31 #47 tree leaves=8  [experiments/bmw-cone-trees-2026-09-18/trees.jsonl.gz]
OK  51_31 #74 tree leaves=8  [experiments/bmw-cone-trees-2026-09-18/trees.jsonl.gz]
OK  51_31 #101 tree leaves=8  [experiments/bmw-cone-trees-2026-09-18/trees.jsonl.gz]
OK  51_31 #128 tree leaves=8  [experiments/bmw-cone-trees-2026-09-18/trees.jsonl.gz]
OK  51_31 #155 tree leaves=8  [experiments/bmw-cone-trees-2026-09-18/trees.jsonl.gz]
OK  51_31 #182 tree leaves=8  [experiments/bmw-cone-trees-2026-09-18/trees.jsonl.gz]
OK  51_31 #209 tree leaves=8  [experiments/bmw-cone-trees-2026-09-18/trees.jsonl.gz]
OK  51_31 #270 tree leaves=8  [experiments/bmw-cone-trees-2026-09-18/trees.jsonl.gz]
OK  51_31 #279 tree leaves=8  [experiments/bmw-cone-trees-2026-09-18/trees.jsonl.gz]
OK  51_31 #292 tree leaves=8  [experiments/bmw-cone-trees-2026-09-18/trees.jsonl.gz]
OK  51_31 #293 tree leaves=8  [experiments/bmw-cone-trees-2026-09-18/trees.jsonl.gz]
OK  51_31 #294 tree leaves=8  [experiments/bmw-cone-trees-2026-09-18/trees.jsonl.gz]
OK  51_31 #296 tree leaves=8  [experiments/bmw-cone-trees-2026-09-18/trees.jsonl.gz]
OK  51_31 #297 tree leaves=8  [experiments/bmw-cone-trees-2026-09-18/trees.jsonl.gz]
OK  51_31 #298 tree leaves=8  [experiments/bmw-cone-trees-2026-09-18/trees.jsonl.gz]
OK  51_31 #299 tree leaves=8  [experiments/bmw-cone-trees-2026-09-18/trees.jsonl.gz]
OK  51_31 #300 tree leaves=8  [experiments/bmw-cone-trees-2026-09-18/trees.jsonl.gz]
OK  51_31 #301 tree leaves=8  [experiments/bmw-cone-trees-2026-09-18/trees.jsonl.gz]
OK  51_31 #302 tree leaves=8  [experiments/bmw-cone-trees-2026-09-18/trees.jsonl.gz]
OK  51_31 #303 tree leaves=10  [experiments/bmw-cone-trees-2026-09-18/trees.jsonl.gz]
OK  51_31 #304 tree leaves=10  [experiments/bmw-cone-trees-2026-09-18/trees.jsonl.gz]
OK  51_31 #305 tree leaves=10  [experiments/bmw-cone-trees-2026-09-18/trees.jsonl.gz]
OK  51_31 #306 tree leaves=8  [experiments/bmw-cone-trees-2026-09-18/trees.jsonl.gz]
OK  51_31 #307 tree leaves=8  [experiments/bmw-cone-trees-2026-09-18/trees.jsonl.gz]
OK  51_31 #308 tree leaves=8  [experiments/bmw-cone-trees-2026-09-18/trees.jsonl.gz]
OK  51_31 #309 tree leaves=8  [experiments/bmw-cone-trees-2026-09-18/trees.jsonl.gz]
OK  52_30 #26 tree leaves=10  [experiments/bmw-cone-trees-2026-09-18/trees.jsonl.gz]
OK  52_30 #72 tree leaves=10  [experiments/bmw-cone-trees-2026-09-18/trees.jsonl.gz]
OK  52_30 #79 tree leaves=8  [experiments/bmw-cone-trees-2026-09-18/trees.jsonl.gz]
OK  52_30 #133 tree leaves=14  [experiments/bmw-cone-trees-2026-09-18/trees.jsonl.gz]
OK  52_30 #134 tree leaves=12  [experiments/bmw-cone-trees-2026-09-18/trees.jsonl.gz]
OK  52_30 #204 tree leaves=10  [experiments/bmw-cone-trees-2026-09-18/trees.jsonl.gz]
OK  52_30 #205 tree leaves=8  [experiments/bmw-cone-trees-2026-09-18/trees.jsonl.gz]
OK  52_30 #225 tree leaves=8  [experiments/bmw-cone-trees-2026-09-18/trees.jsonl.gz]
OK  52_30 #255 tree leaves=14  [experiments/bmw-cone-trees-2026-09-18/trees.jsonl.gz]
OK  52_30 #256 tree leaves=12  [experiments/bmw-cone-trees-2026-09-18/trees.jsonl.gz]
OK  52_30 #271 tree leaves=10  [experiments/bmw-cone-trees-2026-09-18/trees.jsonl.gz]
OK  52_30 #283 tree leaves=10  [experiments/bmw-cone-trees-2026-09-18/trees.jsonl.gz]
OK  52_30 #314 tree leaves=14  [experiments/bmw-cone-trees-2026-09-18/trees.jsonl.gz]
OK  52_30 #315 tree leaves=12  [experiments/bmw-cone-trees-2026-09-18/trees.jsonl.gz]
OK  52_30 #324 tree leaves=8  [experiments/bmw-cone-trees-2026-09-18/trees.jsonl.gz]
OK  52_30 #325 tree leaves=8  [experiments/bmw-cone-trees-2026-09-18/trees.jsonl.gz]
OK  52_30 #326 tree leaves=8  [experiments/bmw-cone-trees-2026-09-18/trees.jsonl.gz]
OK  52_30 #327 tree leaves=8  [experiments/bmw-cone-trees-2026-09-18/trees.jsonl.gz]
OK  52_30 #337 tree leaves=10  [experiments/bmw-cone-trees-2026-09-18/trees.jsonl.gz]
OK  52_30 #338 tree leaves=8  [experiments/bmw-cone-trees-2026-09-18/trees.jsonl.gz]
OK  52_30 #345 tree leaves=10  [experiments/bmw-cone-trees-2026-09-18/trees.jsonl.gz]
OK  52_30 #378 tree leaves=10  [experiments/bmw-cone-trees-2026-09-18/trees.jsonl.gz]
OK  52_30 #382 tree leaves=12  [experiments/bmw-cone-trees-2026-09-18/trees.jsonl.gz]
OK  52_30 #386 tree leaves=10  [experiments/bmw-cone-trees-2026-09-18/trees.jsonl.gz]
OK  52_31 #20 tree leaves=8  [experiments/bmw-cone-trees-2026-09-18/trees.jsonl.gz]
OK  52_31 #39 tree leaves=8  [experiments/bmw-cone-trees-2026-09-18/trees.jsonl.gz]
OK  52_31 #65 tree leaves=8  [experiments/bmw-cone-trees-2026-09-18/trees.jsonl.gz]
OK  52_31 #80 tree leaves=8  [experiments/bmw-cone-trees-2026-09-18/trees.jsonl.gz]
OK  52_31 #122 tree leaves=8  [experiments/bmw-cone-trees-2026-09-18/trees.jsonl.gz]
OK  52_31 #133 tree leaves=8  [experiments/bmw-cone-trees-2026-09-18/trees.jsonl.gz]
OK  52_31 #147 tree leaves=8  [experiments/bmw-cone-trees-2026-09-18/trees.jsonl.gz]
OK  52_31 #154 tree leaves=8  [experiments/bmw-cone-trees-2026-09-18/trees.jsonl.gz]
OK  52_31 #164 tree leaves=8  [experiments/bmw-cone-trees-2026-09-18/trees.jsonl.gz]
OK  52_31 #165 tree leaves=8  [experiments/bmw-cone-trees-2026-09-18/trees.jsonl.gz]
OK  52_31 #182 tree leaves=8  [experiments/bmw-cone-trees-2026-09-18/trees.jsonl.gz]
OK  52_31 #185 tree leaves=10  [experiments/bmw-cone-trees-2026-09-18/trees.jsonl.gz]
OK  52_31 #196 tree leaves=8  [experiments/bmw-cone-trees-2026-09-18/trees.jsonl.gz]
OK  52_31 #197 tree leaves=8  [experiments/bmw-cone-trees-2026-09-18/trees.jsonl.gz]
OK  40_30 #14 lemmas lemmas=17  [experiments/bmw-short4-cone-trees-2026-09-18/certs.jsonl.gz]
OK  40_30 #57 lemmas lemmas=15  [experiments/bmw-short4-cone-trees-2026-09-18/certs.jsonl.gz]
OK  40_30 #61 lemmas lemmas=6  [experiments/bmw-short4-cone-trees-2026-09-18/certs.jsonl.gz]
OK  40_30 #62 lemmas lemmas=6  [experiments/bmw-short4-cone-trees-2026-09-18/certs.jsonl.gz]
OK  40_30 #68 lemmas lemmas=13  [experiments/bmw-short4-cone-trees-2026-09-18/certs.jsonl.gz]
OK  40_30 #114 lemmas lemmas=9  [experiments/bmw-short4-cone-trees-2026-09-18/certs.jsonl.gz]
OK  40_40 #25 lemmas lemmas=17  [experiments/bmw-short4-cone-trees-2026-09-18/certs.jsonl.gz]
OK  40_40 #28 lemmas lemmas=6  [experiments/bmw-short4-cone-trees-2026-09-18/certs.jsonl.gz]
OK  40_40 #35 lemmas lemmas=12  [experiments/bmw-short4-cone-trees-2026-09-18/certs.jsonl.gz]
OK  40_40 #38 lemmas lemmas=6  [experiments/bmw-short4-cone-trees-2026-09-18/certs.jsonl.gz]
OK  40_40 #45 lemmas lemmas=6  [experiments/bmw-short4-cone-trees-2026-09-18/certs.jsonl.gz]
OK  40_40 #49 lemmas lemmas=6  [experiments/bmw-short4-cone-trees-2026-09-18/certs.jsonl.gz]
OK  40_40 #56 lemmas lemmas=19  [experiments/bmw-short4-cone-trees-2026-09-18/certs.jsonl.gz]
OK  40_40 #58 lemmas lemmas=7  [experiments/bmw-short4-cone-trees-2026-09-18/certs.jsonl.gz]
OK  40_40 #75 lemmas lemmas=10  [experiments/bmw-short4-cone-trees-2026-09-18/certs.jsonl.gz]
OK  40_40 #76 lemmas lemmas=8  [experiments/bmw-short4-cone-trees-2026-09-18/certs.jsonl.gz]
OK  40_40 #77 lemmas lemmas=10  [experiments/bmw-short4-cone-trees-2026-09-18/certs.jsonl.gz]
OK  40_40 #107 lemmas lemmas=23  [experiments/bmw-short4-cone-trees-2026-09-18/certs.jsonl.gz]
OK  40_40 #116 lemmas lemmas=15  [experiments/bmw-short4-cone-trees-2026-09-18/certs.jsonl.gz]
OK  40_40 #120 lemmas lemmas=21  [experiments/bmw-short4-cone-trees-2026-09-18/certs.jsonl.gz]
OK  40_40 #122 lemmas lemmas=23  [experiments/bmw-short4-cone-trees-2026-09-18/certs.jsonl.gz]
OK  40_40 #124 lemmas lemmas=13  [experiments/bmw-short4-cone-trees-2026-09-18/certs.jsonl.gz]
OK  40_40 #125 lemmas lemmas=8  [experiments/bmw-short4-cone-trees-2026-09-18/certs.jsonl.gz]
OK  40_40 #178 lemmas lemmas=5  [experiments/bmw-short4-cone-trees-2026-09-18/certs.jsonl.gz]
OK  40_40 #179 lemmas lemmas=16  [experiments/bmw-short4-cone-trees-2026-09-18/certs.jsonl.gz]
OK  40_40 #180 lemmas lemmas=7  [experiments/bmw-short4-cone-trees-2026-09-18/certs.jsonl.gz]
OK  40_40 #181 lemmas lemmas=7  [experiments/bmw-short4-cone-trees-2026-09-18/certs.jsonl.gz]
OK  40_40 #182 lemmas lemmas=5  [experiments/bmw-short4-cone-trees-2026-09-18/certs.jsonl.gz]
OK  40_40 #183 lemmas lemmas=10  [experiments/bmw-short4-cone-trees-2026-09-18/certs.jsonl.gz]
OK  40_40 #184 lemmas lemmas=16  [experiments/bmw-short4-cone-trees-2026-09-18/certs.jsonl.gz]
OK  40_40 #186 lemmas lemmas=15  [experiments/bmw-short4-cone-trees-2026-09-18/certs.jsonl.gz]
OK  40_40 #188 lemmas lemmas=9  [experiments/bmw-short4-cone-trees-2026-09-18/certs.jsonl.gz]
OK  40_40 #189 lemmas lemmas=13  [experiments/bmw-short4-cone-trees-2026-09-18/certs.jsonl.gz]
OK  40_40 #190 lemmas lemmas=16  [experiments/bmw-short4-cone-trees-2026-09-18/certs.jsonl.gz]
OK  40_40 #191 lemmas lemmas=9  [experiments/bmw-short4-cone-trees-2026-09-18/certs.jsonl.gz]
OK  40_40 #192 lemmas lemmas=9  [experiments/bmw-short4-cone-trees-2026-09-18/certs.jsonl.gz]
OK  40_40 #196 lemmas lemmas=23  [experiments/bmw-short4-cone-trees-2026-09-18/certs.jsonl.gz]
OK  40_40 #199 lemmas lemmas=22  [experiments/bmw-short4-cone-trees-2026-09-18/certs.jsonl.gz]
OK  40_40 #207 lemmas lemmas=15  [experiments/bmw-short4-cone-trees-2026-09-18/certs.jsonl.gz]
OK  40_40 #211 lemmas lemmas=13  [experiments/bmw-short4-cone-trees-2026-09-18/certs.jsonl.gz]
OK  40_40 #212 lemmas lemmas=8  [experiments/bmw-short4-cone-trees-2026-09-18/certs.jsonl.gz]
OK  40_40 #213 lemmas lemmas=13  [experiments/bmw-short4-cone-trees-2026-09-18/certs.jsonl.gz]
OK  40_40 #214 lemmas lemmas=8  [experiments/bmw-short4-cone-trees-2026-09-18/certs.jsonl.gz]
OK  40_40 #215 lemmas lemmas=4  [experiments/bmw-short4-cone-trees-2026-09-18/certs.jsonl.gz]
OK  40_40 #216 lemmas lemmas=8  [experiments/bmw-short4-cone-trees-2026-09-18/certs.jsonl.gz]
OK  40_40 #217 lemmas lemmas=4  [experiments/bmw-short4-cone-trees-2026-09-18/certs.jsonl.gz]
OK  40_40 #218 lemmas lemmas=8  [experiments/bmw-short4-cone-trees-2026-09-18/certs.jsonl.gz]
OK  40_40 #219 lemmas lemmas=13  [experiments/bmw-short4-cone-trees-2026-09-18/certs.jsonl.gz]
OK  40_40 #222 lemmas lemmas=10  [experiments/bmw-short4-cone-trees-2026-09-18/certs.jsonl.gz]
OK  40_40 #224 lemmas lemmas=13  [experiments/bmw-short4-cone-trees-2026-09-18/certs.jsonl.gz]
OK  40_40 #228 lemmas lemmas=11  [experiments/bmw-short4-cone-trees-2026-09-18/certs.jsonl.gz]
OK  40_40 #230 lemmas lemmas=6  [experiments/bmw-short4-cone-trees-2026-09-18/certs.jsonl.gz]
OK  40_40 #231 lemmas lemmas=8  [experiments/bmw-short4-cone-trees-2026-09-18/certs.jsonl.gz]
OK  40_40 #242 lemmas lemmas=12  [experiments/bmw-short4-cone-trees-2026-09-18/certs.jsonl.gz]
OK  40_40 #243 lemmas lemmas=8  [experiments/bmw-short4-cone-trees-2026-09-18/certs.jsonl.gz]
OK  40_40 #244 lemmas lemmas=23  [experiments/bmw-short4-cone-trees-2026-09-18/certs.jsonl.gz]
OK  40_40 #247 lemmas lemmas=23  [experiments/bmw-short4-cone-trees-2026-09-18/certs.jsonl.gz]
OK  40_40 #248 lemmas lemmas=5  [experiments/bmw-short4-cone-trees-2026-09-18/certs.jsonl.gz]
OK  40_40 #265 lemmas lemmas=14  [experiments/bmw-short4-cone-trees-2026-09-18/certs.jsonl.gz]
OK  40_40 #271 lemmas lemmas=14  [experiments/bmw-short4-cone-trees-2026-09-18/certs.jsonl.gz]
OK  40_40 #284 lemmas lemmas=23  [experiments/bmw-short4-cone-trees-2026-09-18/certs.jsonl.gz]
OK  40_40 #288 lemmas lemmas=11  [experiments/bmw-short4-cone-trees-2026-09-18/certs.jsonl.gz]
OK  40_40 #289 lemmas lemmas=21  [experiments/bmw-short4-cone-trees-2026-09-18/certs.jsonl.gz]
OK  40_40 #291 lemmas lemmas=10  [experiments/bmw-short4-cone-trees-2026-09-18/certs.jsonl.gz]
OK  40_40 #292 lemmas lemmas=10  [experiments/bmw-short4-cone-trees-2026-09-18/certs.jsonl.gz]
OK  40_40 #293 lemmas lemmas=10  [experiments/bmw-short4-cone-trees-2026-09-18/certs.jsonl.gz]
OK  40_40 #294 lemmas lemmas=10  [experiments/bmw-short4-cone-trees-2026-09-18/certs.jsonl.gz]
OK  40_40 #301 lemmas lemmas=13  [experiments/bmw-short4-cone-trees-2026-09-18/certs.jsonl.gz]
OK  40_40 #305 lemmas lemmas=35  [experiments/bmw-short4-cone-trees-2026-09-18/certs.jsonl.gz]
OK  40_40 #307 lemmas lemmas=14  [experiments/bmw-short4-cone-trees-2026-09-18/certs.jsonl.gz]
OK  40_40 #309 lemmas lemmas=35  [experiments/bmw-short4-cone-trees-2026-09-18/certs.jsonl.gz]
OK  40_40 #315 lemmas lemmas=12  [experiments/bmw-short4-cone-trees-2026-09-18/certs.jsonl.gz]
OK  40_40 #316 lemmas lemmas=8  [experiments/bmw-short4-cone-trees-2026-09-18/certs.jsonl.gz]
OK  40_40 #317 lemmas lemmas=19  [experiments/bmw-short4-cone-trees-2026-09-18/certs.jsonl.gz]
OK  40_40 #319 lemmas lemmas=17  [experiments/bmw-short4-cone-trees-2026-09-18/certs.jsonl.gz]
OK  40_40 #323 lemmas lemmas=40  [experiments/bmw-short4-cone-trees-2026-09-18/certs.jsonl.gz]
OK  40_40 #326 lemmas lemmas=23  [experiments/bmw-short4-cone-trees-2026-09-18/certs.jsonl.gz]
OK  40_40 #329 lemmas lemmas=5  [experiments/bmw-short4-cone-trees-2026-09-18/certs.jsonl.gz]
OK  40_40 #330 lemmas lemmas=6  [experiments/bmw-short4-cone-trees-2026-09-18/certs.jsonl.gz]
OK  40_40 #333 lemmas lemmas=48  [experiments/bmw-short4-cone-trees-2026-09-18/certs.jsonl.gz]
OK  40_40 #340 lemmas lemmas=25  [experiments/bmw-short4-cone-trees-2026-09-18/certs.jsonl.gz]
OK  40_40 #342 lemmas lemmas=23  [experiments/bmw-short4-cone-trees-2026-09-18/certs.jsonl.gz]
OK  40_40 #345 lemmas lemmas=33  [experiments/bmw-short4-cone-trees-2026-09-18/certs.jsonl.gz]
OK  40_40 #352 lemmas lemmas=16  [experiments/bmw-short4-cone-trees-2026-09-18/certs.jsonl.gz]
OK  40_40 #354 lemmas lemmas=16  [experiments/bmw-short4-cone-trees-2026-09-18/certs.jsonl.gz]
OK  40_40 #357 lemmas lemmas=21  [experiments/bmw-short4-cone-trees-2026-09-18/certs.jsonl.gz]
OK  40_40 #387 lemmas lemmas=20  [experiments/bmw-short4-cone-trees-2026-09-18/certs.jsonl.gz]
OK  40_40 #389 lemmas lemmas=41  [experiments/bmw-short4-cone-trees-2026-09-18/certs.jsonl.gz]
OK  40_40 #392 lemmas lemmas=12  [experiments/bmw-short4-cone-trees-2026-09-18/certs.jsonl.gz]
OK  40_40 #394 lemmas lemmas=12  [experiments/bmw-short4-cone-trees-2026-09-18/certs.jsonl.gz]
OK  40_40 #395 lemmas lemmas=31  [experiments/bmw-short4-cone-trees-2026-09-18/certs.jsonl.gz]
OK  40_40 #396 lemmas lemmas=6  [experiments/bmw-short4-cone-trees-2026-09-18/certs.jsonl.gz]
OK  40_40 #397 lemmas lemmas=8  [experiments/bmw-short4-cone-trees-2026-09-18/certs.jsonl.gz]
OK  40_40 #398 lemmas lemmas=9  [experiments/bmw-short4-cone-trees-2026-09-18/certs.jsonl.gz]
OK  40_40 #399 lemmas lemmas=20  [experiments/bmw-short4-cone-trees-2026-09-18/certs.jsonl.gz]
OK  40_40 #400 lemmas lemmas=12  [experiments/bmw-short4-cone-trees-2026-09-18/certs.jsonl.gz]
OK  40_40 #401 lemmas lemmas=4  [experiments/bmw-short4-cone-trees-2026-09-18/certs.jsonl.gz]
OK  40_40 #402 lemmas lemmas=4  [experiments/bmw-short4-cone-trees-2026-09-18/certs.jsonl.gz]
OK  40_40 #403 lemmas lemmas=24  [experiments/bmw-short4-cone-trees-2026-09-18/certs.jsonl.gz]
OK  40_40 #404 lemmas lemmas=6  [experiments/bmw-short4-cone-trees-2026-09-18/certs.jsonl.gz]
OK  40_40 #409 lemmas lemmas=41  [experiments/bmw-short4-cone-trees-2026-09-18/certs.jsonl.gz]
OK  40_40 #414 lemmas lemmas=12  [experiments/bmw-short4-cone-trees-2026-09-18/certs.jsonl.gz]
OK  40_40 #421 lemmas lemmas=16  [experiments/bmw-short4-cone-trees-2026-09-18/certs.jsonl.gz]
OK  40_40 #424 lemmas lemmas=12  [experiments/bmw-short4-cone-trees-2026-09-18/certs.jsonl.gz]
OK  40_40 #432 lemmas lemmas=8  [experiments/bmw-short4-cone-trees-2026-09-18/certs.jsonl.gz]
OK  40_40 #433 lemmas lemmas=15  [experiments/bmw-short4-cone-trees-2026-09-18/certs.jsonl.gz]
OK  40_40 #434 lemmas lemmas=6  [experiments/bmw-short4-cone-trees-2026-09-18/certs.jsonl.gz]
OK  40_40 #435 lemmas lemmas=15  [experiments/bmw-short4-cone-trees-2026-09-18/certs.jsonl.gz]
OK  40_40 #436 lemmas lemmas=8  [experiments/bmw-short4-cone-trees-2026-09-18/certs.jsonl.gz]
OK  40_40 #443 lemmas lemmas=23  [experiments/bmw-short4-cone-trees-2026-09-18/certs.jsonl.gz]
OK  40_40 #445 lemmas lemmas=23  [experiments/bmw-short4-cone-trees-2026-09-18/certs.jsonl.gz]
OK  40_40 #446 lemmas lemmas=4  [experiments/bmw-short4-cone-trees-2026-09-18/certs.jsonl.gz]
OK  40_40 #447 lemmas lemmas=4  [experiments/bmw-short4-cone-trees-2026-09-18/certs.jsonl.gz]
OK  40_40 #467 lemmas lemmas=23  [experiments/bmw-short4-cone-trees-2026-09-18/certs.jsonl.gz]
OK  40_40 #471 lemmas lemmas=23  [experiments/bmw-short4-cone-trees-2026-09-18/certs.jsonl.gz]
OK  40_40 #476 lemmas lemmas=26  [experiments/bmw-short4-cone-trees-2026-09-18/certs.jsonl.gz]
OK  40_40 #487 lemmas lemmas=15  [experiments/bmw-short4-cone-trees-2026-09-18/certs.jsonl.gz]
OK  40_40 #488 lemmas lemmas=26  [experiments/bmw-short4-cone-trees-2026-09-18/certs.jsonl.gz]
OK  40_40 #489 lemmas lemmas=9  [experiments/bmw-short4-cone-trees-2026-09-18/certs.jsonl.gz]
OK  40_40 #490 lemmas lemmas=12  [experiments/bmw-short4-cone-trees-2026-09-18/certs.jsonl.gz]
OK  40_40 #491 lemmas lemmas=7  [experiments/bmw-short4-cone-trees-2026-09-18/certs.jsonl.gz]
OK  40_40 #492 lemmas lemmas=4  [experiments/bmw-short4-cone-trees-2026-09-18/certs.jsonl.gz]
OK  40_40 #495 lemmas lemmas=17  [experiments/bmw-short4-cone-trees-2026-09-18/certs.jsonl.gz]
OK  40_40 #497 lemmas lemmas=12  [experiments/bmw-short4-cone-trees-2026-09-18/certs.jsonl.gz]
OK  40_40 #498 lemmas lemmas=5  [experiments/bmw-short4-cone-trees-2026-09-18/certs.jsonl.gz]
OK  40_40 #500 lemmas lemmas=13  [experiments/bmw-short4-cone-trees-2026-09-18/certs.jsonl.gz]
OK  40_40 #503 lemmas lemmas=15  [experiments/bmw-short4-cone-trees-2026-09-18/certs.jsonl.gz]
OK  40_40 #506 lemmas lemmas=4  [experiments/bmw-short4-cone-trees-2026-09-18/certs.jsonl.gz]
OK  40_40 #508 lemmas lemmas=14  [experiments/bmw-short4-cone-trees-2026-09-18/certs.jsonl.gz]
OK  40_40 #509 lemmas lemmas=15  [experiments/bmw-short4-cone-trees-2026-09-18/certs.jsonl.gz]
OK  40_40 #510 lemmas lemmas=7  [experiments/bmw-short4-cone-trees-2026-09-18/certs.jsonl.gz]
OK  40_40 #512 lemmas lemmas=16  [experiments/bmw-short4-cone-trees-2026-09-18/certs.jsonl.gz]
OK  40_40 #517 lemmas lemmas=23  [experiments/bmw-short4-cone-trees-2026-09-18/certs.jsonl.gz]
OK  40_40 #519 lemmas lemmas=23  [experiments/bmw-short4-cone-trees-2026-09-18/certs.jsonl.gz]
OK  40_40 #531 lemmas lemmas=9  [experiments/bmw-short4-cone-trees-2026-09-18/certs.jsonl.gz]
OK  40_40 #546 lemmas lemmas=36  [experiments/bmw-short4-cone-trees-2026-09-18/certs.jsonl.gz]
OK  40_40 #551 lemmas lemmas=11  [experiments/bmw-short4-cone-trees-2026-09-18/certs.jsonl.gz]
OK  40_40 #555 lemmas lemmas=10  [experiments/bmw-short4-cone-trees-2026-09-18/certs.jsonl.gz]
OK  40_40 #556 lemmas lemmas=10  [experiments/bmw-short4-cone-trees-2026-09-18/certs.jsonl.gz]
OK  40_40 #559 lemmas lemmas=44  [experiments/bmw-short4-cone-trees-2026-09-18/certs.jsonl.gz]
OK  40_40 #562 lemmas lemmas=33  [experiments/bmw-short4-cone-trees-2026-09-18/certs.jsonl.gz]
OK  40_40 #568 lemmas lemmas=23  [experiments/bmw-short4-cone-trees-2026-09-18/certs.jsonl.gz]
OK  40_40 #571 lemmas lemmas=41  [experiments/bmw-short4-cone-trees-2026-09-18/certs.jsonl.gz]
OK  40_40 #572 lemmas lemmas=26  [experiments/bmw-short4-cone-trees-2026-09-18/certs.jsonl.gz]
OK  40_40 #588 lemmas lemmas=11  [experiments/bmw-short4-cone-trees-2026-09-18/certs.jsonl.gz]
OK  40_40 #592 lemmas lemmas=14  [experiments/bmw-short4-cone-trees-2026-09-18/certs.jsonl.gz]
OK  40_40 #605 lemmas lemmas=29  [experiments/bmw-short4-cone-trees-2026-09-18/certs.jsonl.gz]
OK  40_40 #606 lemmas lemmas=28  [experiments/bmw-short4-cone-trees-2026-09-18/certs.jsonl.gz]
OK  40_40 #607 lemmas lemmas=13  [experiments/bmw-short4-cone-trees-2026-09-18/certs.jsonl.gz]
OK  40_40 #608 lemmas lemmas=13  [experiments/bmw-short4-cone-trees-2026-09-18/certs.jsonl.gz]
OK  40_40 #625 lemmas lemmas=11  [experiments/bmw-short4-cone-trees-2026-09-18/certs.jsonl.gz]
OK  40_40 #628 lemmas lemmas=19  [experiments/bmw-short4-cone-trees-2026-09-18/certs.jsonl.gz]
OK  40_40 #629 lemmas lemmas=8  [experiments/bmw-short4-cone-trees-2026-09-18/certs.jsonl.gz]
OK  40_40 #630 lemmas lemmas=11  [experiments/bmw-short4-cone-trees-2026-09-18/certs.jsonl.gz]
OK  40_40 #636 lemmas lemmas=18  [experiments/bmw-short4-cone-trees-2026-09-18/certs.jsonl.gz]
OK  40_40 #638 lemmas lemmas=19  [experiments/bmw-short4-cone-trees-2026-09-18/certs.jsonl.gz]
OK  40_40 #689 lemmas lemmas=10  [experiments/bmw-short4-cone-trees-2026-09-18/certs.jsonl.gz]
OK  40_40 #702 lemmas lemmas=11  [experiments/bmw-short4-cone-trees-2026-09-18/certs.jsonl.gz]
OK  40_40 #703 lemmas lemmas=6  [experiments/bmw-short4-cone-trees-2026-09-18/certs.jsonl.gz]
OK  40_40 #704 lemmas lemmas=7  [experiments/bmw-short4-cone-trees-2026-09-18/certs.jsonl.gz]
OK  40_40 #724 lemmas lemmas=35  [experiments/bmw-short4-cone-trees-2026-09-18/certs.jsonl.gz]
OK  40_40 #726 lemmas lemmas=30  [experiments/bmw-short4-cone-trees-2026-09-18/certs.jsonl.gz]
OK  40_40 #727 lemmas lemmas=35  [experiments/bmw-short4-cone-trees-2026-09-18/certs.jsonl.gz]
OK  40_40 #728 lemmas lemmas=12  [experiments/bmw-short4-cone-trees-2026-09-18/certs.jsonl.gz]
OK  40_40 #729 lemmas lemmas=9  [experiments/bmw-short4-cone-trees-2026-09-18/certs.jsonl.gz]
OK  40_40 #730 lemmas lemmas=21  [experiments/bmw-short4-cone-trees-2026-09-18/certs.jsonl.gz]
OK  40_40 #732 lemmas lemmas=28  [experiments/bmw-short4-cone-trees-2026-09-18/certs.jsonl.gz]
OK  40_40 #733 lemmas lemmas=18  [experiments/bmw-short4-cone-trees-2026-09-18/certs.jsonl.gz]
OK  40_40 #734 lemmas lemmas=15  [experiments/bmw-short4-cone-trees-2026-09-18/certs.jsonl.gz]
OK  40_40 #737 lemmas lemmas=13  [experiments/bmw-short4-cone-trees-2026-09-18/certs.jsonl.gz]
OK  40_40 #738 lemmas lemmas=19  [experiments/bmw-short4-cone-trees-2026-09-18/certs.jsonl.gz]
OK  40_40 #741 lemmas lemmas=16  [experiments/bmw-short4-cone-trees-2026-09-18/certs.jsonl.gz]
OK  40_40 #742 lemmas lemmas=26  [experiments/bmw-short4-cone-trees-2026-09-18/certs.jsonl.gz]
OK  40_40 #757 lemmas lemmas=16  [experiments/bmw-short4-cone-trees-2026-09-18/certs.jsonl.gz]
OK  40_40 #759 lemmas lemmas=11  [experiments/bmw-short4-cone-trees-2026-09-18/certs.jsonl.gz]
OK  40_40 #762 lemmas lemmas=20  [experiments/bmw-short4-cone-trees-2026-09-18/certs.jsonl.gz]
OK  40_40 #764 lemmas lemmas=15  [experiments/bmw-short4-cone-trees-2026-09-18/certs.jsonl.gz]
OK  40_40 #766 lemmas lemmas=21  [experiments/bmw-short4-cone-trees-2026-09-18/certs.jsonl.gz]
OK  40_40 #767 lemmas lemmas=10  [experiments/bmw-short4-cone-trees-2026-09-18/certs.jsonl.gz]
OK  40_40 #769 lemmas lemmas=28  [experiments/bmw-short4-cone-trees-2026-09-18/certs.jsonl.gz]
OK  40_40 #771 lemmas lemmas=39  [experiments/bmw-short4-cone-trees-2026-09-18/certs.jsonl.gz]
OK  40_40 #773 lemmas lemmas=40  [experiments/bmw-short4-cone-trees-2026-09-18/certs.jsonl.gz]
OK  41_30 #74 lemmas lemmas=32  [experiments/bmw-short4-cone-trees-2026-09-18/certs.jsonl.gz]
OK  41_30 #132 lemmas lemmas=25  [experiments/bmw-short4-cone-trees-2026-09-18/certs.jsonl.gz]
OK  41_40 #179 lemmas lemmas=10  [experiments/bmw-short4-cone-trees-2026-09-18/certs.jsonl.gz]
OK  41_40 #180 lemmas lemmas=10  [experiments/bmw-short4-cone-trees-2026-09-18/certs.jsonl.gz]
OK  41_40 #219 lemmas lemmas=27  [experiments/bmw-short4-cone-trees-2026-09-18/certs.jsonl.gz]
OK  41_40 #221 lemmas lemmas=64  [experiments/bmw-short4-cone-trees-2026-09-18/certs.jsonl.gz]
OK  41_40 #222 lemmas lemmas=27  [experiments/bmw-short4-cone-trees-2026-09-18/certs.jsonl.gz]
OK  41_40 #229 lemmas lemmas=21  [experiments/bmw-short4-cone-trees-2026-09-18/certs.jsonl.gz]
OK  41_40 #230 lemmas lemmas=28  [experiments/bmw-short4-cone-trees-2026-09-18/certs.jsonl.gz]
OK  41_40 #239 lemmas lemmas=10  [experiments/bmw-short4-cone-trees-2026-09-18/certs.jsonl.gz]
OK  41_40 #254 lemmas lemmas=10  [experiments/bmw-short4-cone-trees-2026-09-18/certs.jsonl.gz]
OK  41_40 #268 lemmas lemmas=10  [experiments/bmw-short4-cone-trees-2026-09-18/certs.jsonl.gz]
OK  41_40 #269 lemmas lemmas=10  [experiments/bmw-short4-cone-trees-2026-09-18/certs.jsonl.gz]
OK  41_40 #271 lemmas lemmas=11  [experiments/bmw-short4-cone-trees-2026-09-18/certs.jsonl.gz]
OK  41_40 #364 lemmas lemmas=10  [experiments/bmw-short4-cone-trees-2026-09-18/certs.jsonl.gz]
OK  41_40 #395 lemmas lemmas=12  [experiments/bmw-short4-cone-trees-2026-09-18/certs.jsonl.gz]
OK  41_40 #396 lemmas lemmas=10  [experiments/bmw-short4-cone-trees-2026-09-18/certs.jsonl.gz]
OK  41_40 #404 lemmas lemmas=10  [experiments/bmw-short4-cone-trees-2026-09-18/certs.jsonl.gz]
OK  41_40 #425 lemmas lemmas=12  [experiments/bmw-short4-cone-trees-2026-09-18/certs.jsonl.gz]
OK  41_40 #449 lemmas lemmas=8  [experiments/bmw-short4-cone-trees-2026-09-18/certs.jsonl.gz]
OK  41_40 #462 lemmas lemmas=24  [experiments/bmw-short4-cone-trees-2026-09-18/certs.jsonl.gz]
OK  41_40 #464 lemmas lemmas=58  [experiments/bmw-short4-cone-trees-2026-09-18/certs.jsonl.gz]
OK  41_40 #465 lemmas lemmas=27  [experiments/bmw-short4-cone-trees-2026-09-18/certs.jsonl.gz]
OK  41_40 #467 lemmas lemmas=49  [experiments/bmw-short4-cone-trees-2026-09-18/certs.jsonl.gz]
OK  41_40 #468 lemmas lemmas=24  [experiments/bmw-short4-cone-trees-2026-09-18/certs.jsonl.gz]
OK  41_40 #489 lemmas lemmas=10  [experiments/bmw-short4-cone-trees-2026-09-18/certs.jsonl.gz]
OK  41_40 #504 lemmas lemmas=10  [experiments/bmw-short4-cone-trees-2026-09-18/certs.jsonl.gz]
OK  41_40 #518 lemmas lemmas=12  [experiments/bmw-short4-cone-trees-2026-09-18/certs.jsonl.gz]
OK  41_40 #519 lemmas lemmas=13  [experiments/bmw-short4-cone-trees-2026-09-18/certs.jsonl.gz]
OK  41_40 #521 lemmas lemmas=10  [experiments/bmw-short4-cone-trees-2026-09-18/certs.jsonl.gz]
OK  41_40 #548 lemmas lemmas=10  [experiments/bmw-short4-cone-trees-2026-09-18/certs.jsonl.gz]
OK  41_40 #604 lemmas lemmas=10  [experiments/bmw-short4-cone-trees-2026-09-18/certs.jsonl.gz]
OK  41_40 #622 lemmas lemmas=10  [experiments/bmw-short4-cone-trees-2026-09-18/certs.jsonl.gz]
OK  41_40 #693 lemmas lemmas=10  [experiments/bmw-short4-cone-trees-2026-09-18/certs.jsonl.gz]
OK  41_40 #708 lemmas lemmas=10  [experiments/bmw-short4-cone-trees-2026-09-18/certs.jsonl.gz]
OK  41_40 #722 lemmas lemmas=10  [experiments/bmw-short4-cone-trees-2026-09-18/certs.jsonl.gz]
OK  41_40 #723 lemmas lemmas=10  [experiments/bmw-short4-cone-trees-2026-09-18/certs.jsonl.gz]
OK  41_40 #725 lemmas lemmas=11  [experiments/bmw-short4-cone-trees-2026-09-18/certs.jsonl.gz]
OK  41_40 #762 lemmas lemmas=24  [experiments/bmw-short4-cone-trees-2026-09-18/certs.jsonl.gz]
OK  41_40 #764 lemmas lemmas=30  [experiments/bmw-short4-cone-trees-2026-09-18/certs.jsonl.gz]
OK  41_40 #765 lemmas lemmas=24  [experiments/bmw-short4-cone-trees-2026-09-18/certs.jsonl.gz]
OK  41_40 #769 lemmas lemmas=18  [experiments/bmw-short4-cone-trees-2026-09-18/certs.jsonl.gz]
OK  41_40 #772 lemmas lemmas=29  [experiments/bmw-short4-cone-trees-2026-09-18/certs.jsonl.gz]
OK  41_40 #773 lemmas lemmas=21  [experiments/bmw-short4-cone-trees-2026-09-18/certs.jsonl.gz]
OK  41_40 #811 lemmas lemmas=10  [experiments/bmw-short4-cone-trees-2026-09-18/certs.jsonl.gz]
OK  41_40 #812 lemmas lemmas=10  [experiments/bmw-short4-cone-trees-2026-09-18/certs.jsonl.gz]
OK  41_40 #853 lemmas lemmas=8  [experiments/bmw-short4-cone-trees-2026-09-18/certs.jsonl.gz]
OK  41_40 #854 lemmas lemmas=14  [experiments/bmw-short4-cone-trees-2026-09-18/certs.jsonl.gz]
OK  41_40 #862 lemmas lemmas=12  [experiments/bmw-short4-cone-trees-2026-09-18/certs.jsonl.gz]
OK  41_40 #863 lemmas lemmas=13  [experiments/bmw-short4-cone-trees-2026-09-18/certs.jsonl.gz]
OK  41_40 #864 lemmas lemmas=11  [experiments/bmw-short4-cone-trees-2026-09-18/certs.jsonl.gz]
OK  41_40 #865 lemmas lemmas=14  [experiments/bmw-short4-cone-trees-2026-09-18/certs.jsonl.gz]
OK  41_40 #883 lemmas lemmas=8  [experiments/bmw-short4-cone-trees-2026-09-18/certs.jsonl.gz]
OK  41_40 #884 lemmas lemmas=11  [experiments/bmw-short4-cone-trees-2026-09-18/certs.jsonl.gz]
OK  41_40 #885 lemmas lemmas=12  [experiments/bmw-short4-cone-trees-2026-09-18/certs.jsonl.gz]
OK  41_40 #886 lemmas lemmas=20  [experiments/bmw-short4-cone-trees-2026-09-18/certs.jsonl.gz]
OK  41_40 #887 lemmas lemmas=21  [experiments/bmw-short4-cone-trees-2026-09-18/certs.jsonl.gz]
OK  41_40 #889 lemmas lemmas=14  [experiments/bmw-short4-cone-trees-2026-09-18/certs.jsonl.gz]
OK  41_40 #890 lemmas lemmas=8  [experiments/bmw-short4-cone-trees-2026-09-18/certs.jsonl.gz]
OK  41_40 #891 lemmas lemmas=8  [experiments/bmw-short4-cone-trees-2026-09-18/certs.jsonl.gz]
OK  41_40 #892 lemmas lemmas=17  [experiments/bmw-short4-cone-trees-2026-09-18/certs.jsonl.gz]
OK  41_40 #893 lemmas lemmas=14  [experiments/bmw-short4-cone-trees-2026-09-18/certs.jsonl.gz]
OK  41_40 #895 lemmas lemmas=35  [experiments/bmw-short4-cone-trees-2026-09-18/certs.jsonl.gz]
OK  41_40 #896 lemmas lemmas=8  [experiments/bmw-short4-cone-trees-2026-09-18/certs.jsonl.gz]
OK  41_40 #897 lemmas lemmas=17  [experiments/bmw-short4-cone-trees-2026-09-18/certs.jsonl.gz]
OK  41_40 #898 lemmas lemmas=8  [experiments/bmw-short4-cone-trees-2026-09-18/certs.jsonl.gz]
OK  41_40 #948 lemmas lemmas=11  [experiments/bmw-short4-cone-trees-2026-09-18/certs.jsonl.gz]
OK  41_40 #957 lemmas lemmas=13  [experiments/bmw-short4-cone-trees-2026-09-18/certs.jsonl.gz]
OK  41_40 #979 lemmas lemmas=21  [experiments/bmw-short4-cone-trees-2026-09-18/certs.jsonl.gz]
OK  41_40 #983 lemmas lemmas=28  [experiments/bmw-short4-cone-trees-2026-09-18/certs.jsonl.gz]
OK  41_40 #991 lemmas lemmas=27  [experiments/bmw-short4-cone-trees-2026-09-18/certs.jsonl.gz]
OK  41_40 #1018 lemmas lemmas=16  [experiments/bmw-short4-cone-trees-2026-09-18/certs.jsonl.gz]
OK  41_40 #1029 lemmas lemmas=10  [experiments/bmw-short4-cone-trees-2026-09-18/certs.jsonl.gz]
OK  41_40 #1030 lemmas lemmas=10  [experiments/bmw-short4-cone-trees-2026-09-18/certs.jsonl.gz]
OK  41_40 #1041 lemmas lemmas=20  [experiments/bmw-short4-cone-trees-2026-09-18/certs.jsonl.gz]
OK  41_40 #1077 lemmas lemmas=36  [experiments/bmw-short4-cone-trees-2026-09-18/certs.jsonl.gz]
OK  41_40 #1081 lemmas lemmas=26  [experiments/bmw-short4-cone-trees-2026-09-18/certs.jsonl.gz]
OK  41_40 #1084 lemmas lemmas=31  [experiments/bmw-short4-cone-trees-2026-09-18/certs.jsonl.gz]
OK  41_40 #1088 lemmas lemmas=23  [experiments/bmw-short4-cone-trees-2026-09-18/certs.jsonl.gz]
OK  41_40 #1096 lemmas lemmas=18  [experiments/bmw-short4-cone-trees-2026-09-18/certs.jsonl.gz]
OK  41_40 #1098 lemmas lemmas=10  [experiments/bmw-short4-cone-trees-2026-09-18/certs.jsonl.gz]
OK  41_40 #1123 lemmas lemmas=11  [experiments/bmw-short4-cone-trees-2026-09-18/certs.jsonl.gz]
OK  41_40 #1124 lemmas lemmas=12  [experiments/bmw-short4-cone-trees-2026-09-18/certs.jsonl.gz]
OK  41_40 #1176 lemmas lemmas=24  [experiments/bmw-short4-cone-trees-2026-09-18/certs.jsonl.gz]
OK  41_40 #1177 lemmas lemmas=21  [experiments/bmw-short4-cone-trees-2026-09-18/certs.jsonl.gz]
OK  41_40 #1208 lemmas lemmas=11  [experiments/bmw-short4-cone-trees-2026-09-18/certs.jsonl.gz]
OK  41_40 #1217 lemmas lemmas=13  [experiments/bmw-short4-cone-trees-2026-09-18/certs.jsonl.gz]
OK  41_41 #86 lemmas lemmas=10  [experiments/bmw-short4-cone-trees-2026-09-18/certs.jsonl.gz]
OK  41_41 #95 lemmas lemmas=33  [experiments/bmw-short4-cone-trees-2026-09-18/certs.jsonl.gz]
OK  41_41 #230 lemmas lemmas=10  [experiments/bmw-short4-cone-trees-2026-09-18/certs.jsonl.gz]
OK  41_41 #249 lemmas lemmas=13  [experiments/bmw-short4-cone-trees-2026-09-18/certs.jsonl.gz]
OK  41_41 #255 lemmas lemmas=23  [experiments/bmw-short4-cone-trees-2026-09-18/certs.jsonl.gz]
OK  41_41 #276 lemmas lemmas=10  [experiments/bmw-short4-cone-trees-2026-09-18/certs.jsonl.gz]
OK  41_41 #382 lemmas lemmas=10  [experiments/bmw-short4-cone-trees-2026-09-18/certs.jsonl.gz]
OK  41_41 #391 lemmas lemmas=13  [experiments/bmw-short4-cone-trees-2026-09-18/certs.jsonl.gz]
OK  41_41 #402 lemmas lemmas=18  [experiments/bmw-short4-cone-trees-2026-09-18/certs.jsonl.gz]
OK  41_41 #404 lemmas lemmas=18  [experiments/bmw-short4-cone-trees-2026-09-18/certs.jsonl.gz]
OK  41_41 #410 lemmas lemmas=17  [experiments/bmw-short4-cone-trees-2026-09-18/certs.jsonl.gz]
OK  41_41 #416 lemmas lemmas=18  [experiments/bmw-short4-cone-trees-2026-09-18/certs.jsonl.gz]
OK  41_41 #418 lemmas lemmas=27  [experiments/bmw-short4-cone-trees-2026-09-18/certs.jsonl.gz]
OK  41_41 #420 lemmas lemmas=18  [experiments/bmw-short4-cone-trees-2026-09-18/certs.jsonl.gz]
OK  41_41 #432 lemmas lemmas=18  [experiments/bmw-short4-cone-trees-2026-09-18/certs.jsonl.gz]
OK  41_41 #434 lemmas lemmas=18  [experiments/bmw-short4-cone-trees-2026-09-18/certs.jsonl.gz]
OK  41_41 #440 lemmas lemmas=23  [experiments/bmw-short4-cone-trees-2026-09-18/certs.jsonl.gz]
OK  41_41 #448 lemmas lemmas=17  [experiments/bmw-short4-cone-trees-2026-09-18/certs.jsonl.gz]
OK  41_41 #454 lemmas lemmas=18  [experiments/bmw-short4-cone-trees-2026-09-18/certs.jsonl.gz]
OK  41_41 #461 lemmas lemmas=17  [experiments/bmw-short4-cone-trees-2026-09-18/certs.jsonl.gz]
OK  41_41 #462 lemmas lemmas=19  [experiments/bmw-short4-cone-trees-2026-09-18/certs.jsonl.gz]
OK  41_41 #470 lemmas lemmas=23  [experiments/bmw-short4-cone-trees-2026-09-18/certs.jsonl.gz]
OK  41_41 #476 lemmas lemmas=18  [experiments/bmw-short4-cone-trees-2026-09-18/certs.jsonl.gz]
OK  41_41 #478 lemmas lemmas=10  [experiments/bmw-short4-cone-trees-2026-09-18/certs.jsonl.gz]
OK  41_41 #512 lemmas lemmas=20  [experiments/bmw-short4-cone-trees-2026-09-18/certs.jsonl.gz]
OK  42_40 #106 lemmas lemmas=16  [experiments/bmw-short4-cone-trees-2026-09-18/certs.jsonl.gz]
OK  42_40 #144 lemmas lemmas=11  [experiments/bmw-short4-cone-trees-2026-09-18/certs.jsonl.gz]
OK  42_40 #185 lemmas lemmas=17  [experiments/bmw-short4-cone-trees-2026-09-18/certs.jsonl.gz]
OK  42_40 #232 lemmas lemmas=20  [experiments/bmw-short4-cone-trees-2026-09-18/certs.jsonl.gz]
OK  42_40 #265 lemmas lemmas=12  [experiments/bmw-short4-cone-trees-2026-09-18/certs.jsonl.gz]
OK  42_40 #308 lemmas lemmas=13  [experiments/bmw-short4-cone-trees-2026-09-18/certs.jsonl.gz]
OK  42_40 #354 lemmas lemmas=19  [experiments/bmw-short4-cone-trees-2026-09-18/certs.jsonl.gz]
OK  42_40 #370 lemmas lemmas=10  [experiments/bmw-short4-cone-trees-2026-09-18/certs.jsonl.gz]
OK  42_40 #376 lemmas lemmas=37  [experiments/bmw-short4-cone-trees-2026-09-18/certs.jsonl.gz]
OK  42_40 #384 lemmas lemmas=67  [experiments/bmw-short4-cone-trees-2026-09-18/certs.jsonl.gz]
OK  42_40 #414 lemmas lemmas=17  [experiments/bmw-short4-cone-trees-2026-09-18/certs.jsonl.gz]
OK  42_40 #433 lemmas lemmas=11  [experiments/bmw-short4-cone-trees-2026-09-18/certs.jsonl.gz]
OK  42_40 #450 lemmas lemmas=19  [experiments/bmw-short4-cone-trees-2026-09-18/certs.jsonl.gz]
OK  42_40 #462 lemmas lemmas=18  [experiments/bmw-short4-cone-trees-2026-09-18/certs.jsonl.gz]
OK  42_40 #463 lemmas lemmas=13  [experiments/bmw-short4-cone-trees-2026-09-18/certs.jsonl.gz]
OK  42_40 #465 lemmas lemmas=10  [experiments/bmw-short4-cone-trees-2026-09-18/certs.jsonl.gz]
OK  42_40 #466 lemmas lemmas=13  [experiments/bmw-short4-cone-trees-2026-09-18/certs.jsonl.gz]
OK  42_40 #467 lemmas lemmas=18  [experiments/bmw-short4-cone-trees-2026-09-18/certs.jsonl.gz]
OK  42_41 #88 lemmas lemmas=22  [experiments/bmw-short4-cone-trees-2026-09-18/certs.jsonl.gz]
OK  42_41 #114 lemmas lemmas=11  [experiments/bmw-short4-cone-trees-2026-09-18/certs.jsonl.gz]
OK  42_41 #137 lemmas lemmas=17  [experiments/bmw-short4-cone-trees-2026-09-18/certs.jsonl.gz]
OK  42_41 #190 lemmas lemmas=22  [experiments/bmw-short4-cone-trees-2026-09-18/certs.jsonl.gz]
OK  42_41 #231 lemmas lemmas=17  [experiments/bmw-short4-cone-trees-2026-09-18/certs.jsonl.gz]
OK  42_41 #248 lemmas lemmas=11  [experiments/bmw-short4-cone-trees-2026-09-18/certs.jsonl.gz]
OK  42_41 #368 lemmas lemmas=15  [experiments/bmw-short4-cone-trees-2026-09-18/certs.jsonl.gz]
OK  42_41 #380 lemmas lemmas=12  [experiments/bmw-short4-cone-trees-2026-09-18/certs.jsonl.gz]
OK  42_41 #391 lemmas lemmas=10  [experiments/bmw-short4-cone-trees-2026-09-18/certs.jsonl.gz]
OK  42_41 #416 lemmas lemmas=15  [experiments/bmw-short4-cone-trees-2026-09-18/certs.jsonl.gz]
OK  42_41 #429 lemmas lemmas=10  [experiments/bmw-short4-cone-trees-2026-09-18/certs.jsonl.gz]
OK  42_41 #434 lemmas lemmas=12  [experiments/bmw-short4-cone-trees-2026-09-18/certs.jsonl.gz]
OK  42_41 #486 lemmas lemmas=10  [experiments/bmw-short4-cone-trees-2026-09-18/certs.jsonl.gz]
OK  42_41 #487 lemmas lemmas=13  [experiments/bmw-short4-cone-trees-2026-09-18/certs.jsonl.gz]
OK  42_41 #494 lemmas lemmas=71  [experiments/bmw-short4-cone-trees-2026-09-18/certs.jsonl.gz]
OK  42_41 #532 lemmas lemmas=71  [experiments/bmw-short4-cone-trees-2026-09-18/certs.jsonl.gz]
OK  50_30 #14 lemmas lemmas=17  [experiments/bmw-short4-cone-trees-2026-09-18/certs.jsonl.gz]
OK  50_30 #16 lemmas lemmas=6  [experiments/bmw-short4-cone-trees-2026-09-18/certs.jsonl.gz]
OK  50_30 #57 lemmas lemmas=15  [experiments/bmw-short4-cone-trees-2026-09-18/certs.jsonl.gz]
OK  50_30 #59 lemmas lemmas=13  [experiments/bmw-short4-cone-trees-2026-09-18/certs.jsonl.gz]
OK  50_30 #60 lemmas lemmas=15  [experiments/bmw-short4-cone-trees-2026-09-18/certs.jsonl.gz]
OK  50_30 #61 lemmas lemmas=10  [experiments/bmw-short4-cone-trees-2026-09-18/certs.jsonl.gz]
OK  50_30 #62 lemmas lemmas=10  [experiments/bmw-short4-cone-trees-2026-09-18/certs.jsonl.gz]
OK  50_30 #68 lemmas lemmas=13  [experiments/bmw-short4-cone-trees-2026-09-18/certs.jsonl.gz]
OK  50_30 #74 lemmas lemmas=10  [experiments/bmw-short4-cone-trees-2026-09-18/certs.jsonl.gz]
OK  50_30 #75 lemmas lemmas=12  [experiments/bmw-short4-cone-trees-2026-09-18/certs.jsonl.gz]
OK  50_30 #76 lemmas lemmas=8  [experiments/bmw-short4-cone-trees-2026-09-18/certs.jsonl.gz]
OK  50_30 #77 lemmas lemmas=8  [experiments/bmw-short4-cone-trees-2026-09-18/certs.jsonl.gz]
OK  50_30 #80 lemmas lemmas=8  [experiments/bmw-short4-cone-trees-2026-09-18/certs.jsonl.gz]
OK  50_30 #81 lemmas lemmas=10  [experiments/bmw-short4-cone-trees-2026-09-18/certs.jsonl.gz]
OK  50_30 #86 lemmas lemmas=23  [experiments/bmw-short4-cone-trees-2026-09-18/certs.jsonl.gz]
OK  50_30 #103 lemmas lemmas=31  [experiments/bmw-short4-cone-trees-2026-09-18/certs.jsonl.gz]
OK  50_30 #106 lemmas lemmas=14  [experiments/bmw-short4-cone-trees-2026-09-18/certs.jsonl.gz]
OK  50_30 #114 lemmas lemmas=13  [experiments/bmw-short4-cone-trees-2026-09-18/certs.jsonl.gz]
OK  50_30 #167 lemmas lemmas=15  [experiments/bmw-short4-cone-trees-2026-09-18/certs.jsonl.gz]
OK  50_30 #169 lemmas lemmas=6  [experiments/bmw-short4-cone-trees-2026-09-18/certs.jsonl.gz]
OK  50_30 #174 lemmas lemmas=18  [experiments/bmw-short4-cone-trees-2026-09-18/certs.jsonl.gz]
OK  50_30 #176 lemmas lemmas=15  [experiments/bmw-short4-cone-trees-2026-09-18/certs.jsonl.gz]
OK  50_30 #178 lemmas lemmas=6  [experiments/bmw-short4-cone-trees-2026-09-18/certs.jsonl.gz]
OK  50_30 #179 lemmas lemmas=6  [experiments/bmw-short4-cone-trees-2026-09-18/certs.jsonl.gz]
OK  50_30 #236 lemmas lemmas=17  [experiments/bmw-short4-cone-trees-2026-09-18/certs.jsonl.gz]
OK  50_30 #238 lemmas lemmas=21  [experiments/bmw-short4-cone-trees-2026-09-18/certs.jsonl.gz]
OK  50_30 #247 lemmas lemmas=25  [experiments/bmw-short4-cone-trees-2026-09-18/certs.jsonl.gz]
OK  50_30 #248 lemmas lemmas=17  [experiments/bmw-short4-cone-trees-2026-09-18/certs.jsonl.gz]
OK  50_30 #250 lemmas lemmas=22  [experiments/bmw-short4-cone-trees-2026-09-18/certs.jsonl.gz]
OK  50_30 #251 lemmas lemmas=18  [experiments/bmw-short4-cone-trees-2026-09-18/certs.jsonl.gz]
OK  50_30 #252 lemmas lemmas=12  [experiments/bmw-short4-cone-trees-2026-09-18/certs.jsonl.gz]
OK  50_30 #253 lemmas lemmas=22  [experiments/bmw-short4-cone-trees-2026-09-18/certs.jsonl.gz]
OK  50_30 #260 lemmas lemmas=31  [experiments/bmw-short4-cone-trees-2026-09-18/certs.jsonl.gz]
OK  50_30 #262 lemmas lemmas=11  [experiments/bmw-short4-cone-trees-2026-09-18/certs.jsonl.gz]
OK  50_30 #265 lemmas lemmas=12  [experiments/bmw-short4-cone-trees-2026-09-18/certs.jsonl.gz]
OK  50_30 #266 lemmas lemmas=8  [experiments/bmw-short4-cone-trees-2026-09-18/certs.jsonl.gz]
OK  50_30 #267 lemmas lemmas=6  [experiments/bmw-short4-cone-trees-2026-09-18/certs.jsonl.gz]
OK  50_30 #268 lemmas lemmas=11  [experiments/bmw-short4-cone-trees-2026-09-18/certs.jsonl.gz]
OK  50_30 #269 lemmas lemmas=15  [experiments/bmw-short4-cone-trees-2026-09-18/certs.jsonl.gz]
OK  50_30 #270 lemmas lemmas=24  [experiments/bmw-short4-cone-trees-2026-09-18/certs.jsonl.gz]
OK  50_30 #272 lemmas lemmas=10  [experiments/bmw-short4-cone-trees-2026-09-18/certs.jsonl.gz]
OK  50_30 #273 lemmas lemmas=8  [experiments/bmw-short4-cone-trees-2026-09-18/certs.jsonl.gz]
OK  50_30 #274 lemmas lemmas=10  [experiments/bmw-short4-cone-trees-2026-09-18/certs.jsonl.gz]
OK  50_30 #275 lemmas lemmas=24  [experiments/bmw-short4-cone-trees-2026-09-18/certs.jsonl.gz]
OK  50_30 #276 lemmas lemmas=6  [experiments/bmw-short4-cone-trees-2026-09-18/certs.jsonl.gz]
OK  50_30 #277 lemmas lemmas=14  [experiments/bmw-short4-cone-trees-2026-09-18/certs.jsonl.gz]
OK  50_30 #278 lemmas lemmas=12  [experiments/bmw-short4-cone-trees-2026-09-18/certs.jsonl.gz]
OK  50_30 #279 lemmas lemmas=9  [experiments/bmw-short4-cone-trees-2026-09-18/certs.jsonl.gz]
OK  50_30 #280 lemmas lemmas=9  [experiments/bmw-short4-cone-trees-2026-09-18/certs.jsonl.gz]
OK  50_30 #281 lemmas lemmas=14  [experiments/bmw-short4-cone-trees-2026-09-18/certs.jsonl.gz]
OK  50_30 #282 lemmas lemmas=6  [experiments/bmw-short4-cone-trees-2026-09-18/certs.jsonl.gz]
OK  50_30 #283 lemmas lemmas=6  [experiments/bmw-short4-cone-trees-2026-09-18/certs.jsonl.gz]
OK  50_30 #284 lemmas lemmas=6  [experiments/bmw-short4-cone-trees-2026-09-18/certs.jsonl.gz]
OK  50_30 #285 lemmas lemmas=6  [experiments/bmw-short4-cone-trees-2026-09-18/certs.jsonl.gz]
OK  50_30 #286 lemmas lemmas=44  [experiments/bmw-short4-cone-trees-2026-09-18/certs.jsonl.gz]
OK  50_30 #287 lemmas lemmas=24  [experiments/bmw-short4-cone-trees-2026-09-18/certs.jsonl.gz]
OK  50_30 #288 lemmas lemmas=6  [experiments/bmw-short4-cone-trees-2026-09-18/certs.jsonl.gz]
OK  50_30 #289 lemmas lemmas=8  [experiments/bmw-short4-cone-trees-2026-09-18/certs.jsonl.gz]
OK  50_30 #290 lemmas lemmas=6  [experiments/bmw-short4-cone-trees-2026-09-18/certs.jsonl.gz]
OK  50_30 #308 lemmas lemmas=16  [experiments/bmw-short4-cone-trees-2026-09-18/certs.jsonl.gz]
OK  50_30 #310 lemmas lemmas=28  [experiments/bmw-short4-cone-trees-2026-09-18/certs.jsonl.gz]
OK  50_30 #314 lemmas lemmas=25  [experiments/bmw-short4-cone-trees-2026-09-18/certs.jsonl.gz]
OK  50_30 #316 lemmas lemmas=20  [experiments/bmw-short4-cone-trees-2026-09-18/certs.jsonl.gz]
OK  50_30 #317 lemmas lemmas=13  [experiments/bmw-short4-cone-trees-2026-09-18/certs.jsonl.gz]
OK  50_30 #318 lemmas lemmas=13  [experiments/bmw-short4-cone-trees-2026-09-18/certs.jsonl.gz]
OK  50_30 #322 lemmas lemmas=13  [experiments/bmw-short4-cone-trees-2026-09-18/certs.jsonl.gz]
OK  50_30 #327 lemmas lemmas=8  [experiments/bmw-short4-cone-trees-2026-09-18/certs.jsonl.gz]
OK  50_30 #328 lemmas lemmas=8  [experiments/bmw-short4-cone-trees-2026-09-18/certs.jsonl.gz]
OK  50_30 #330 lemmas lemmas=39  [experiments/bmw-short4-cone-trees-2026-09-18/certs.jsonl.gz]
OK  50_30 #334 lemmas lemmas=6  [experiments/bmw-short4-cone-trees-2026-09-18/certs.jsonl.gz]
OK  50_30 #340 lemmas lemmas=8  [experiments/bmw-short4-cone-trees-2026-09-18/certs.jsonl.gz]
OK  50_30 #342 lemmas lemmas=6  [experiments/bmw-short4-cone-trees-2026-09-18/certs.jsonl.gz]
OK  50_30 #346 lemmas lemmas=13  [experiments/bmw-short4-cone-trees-2026-09-18/certs.jsonl.gz]
OK  50_30 #347 lemmas lemmas=5  [experiments/bmw-short4-cone-trees-2026-09-18/certs.jsonl.gz]
OK  50_30 #348 lemmas lemmas=6  [experiments/bmw-short4-cone-trees-2026-09-18/certs.jsonl.gz]
OK  50_30 #349 lemmas lemmas=11  [experiments/bmw-short4-cone-trees-2026-09-18/certs.jsonl.gz]
OK  50_30 #350 lemmas lemmas=5  [experiments/bmw-short4-cone-trees-2026-09-18/certs.jsonl.gz]
OK  50_30 #351 lemmas lemmas=5  [experiments/bmw-short4-cone-trees-2026-09-18/certs.jsonl.gz]
OK  50_30 #352 lemmas lemmas=11  [experiments/bmw-short4-cone-trees-2026-09-18/certs.jsonl.gz]
OK  50_30 #353 lemmas lemmas=13  [experiments/bmw-short4-cone-trees-2026-09-18/certs.jsonl.gz]
OK  50_30 #354 lemmas lemmas=8  [experiments/bmw-short4-cone-trees-2026-09-18/certs.jsonl.gz]
OK  50_30 #355 lemmas lemmas=4  [experiments/bmw-short4-cone-trees-2026-09-18/certs.jsonl.gz]
OK  50_30 #356 lemmas lemmas=17  [experiments/bmw-short4-cone-trees-2026-09-18/certs.jsonl.gz]
OK  50_30 #357 lemmas lemmas=17  [experiments/bmw-short4-cone-trees-2026-09-18/certs.jsonl.gz]
OK  50_30 #358 lemmas lemmas=8  [experiments/bmw-short4-cone-trees-2026-09-18/certs.jsonl.gz]
OK  50_30 #359 lemmas lemmas=13  [experiments/bmw-short4-cone-trees-2026-09-18/certs.jsonl.gz]
OK  50_30 #360 lemmas lemmas=13  [experiments/bmw-short4-cone-trees-2026-09-18/certs.jsonl.gz]
OK  50_30 #361 lemmas lemmas=8  [experiments/bmw-short4-cone-trees-2026-09-18/certs.jsonl.gz]
OK  50_30 #362 lemmas lemmas=21  [experiments/bmw-short4-cone-trees-2026-09-18/certs.jsonl.gz]
OK  50_30 #363 lemmas lemmas=25  [experiments/bmw-short4-cone-trees-2026-09-18/certs.jsonl.gz]
OK  50_30 #368 lemmas lemmas=21  [experiments/bmw-short4-cone-trees-2026-09-18/certs.jsonl.gz]
OK  50_30 #369 lemmas lemmas=5  [experiments/bmw-short4-cone-trees-2026-09-18/certs.jsonl.gz]
OK  50_30 #376 lemmas lemmas=17  [experiments/bmw-short4-cone-trees-2026-09-18/certs.jsonl.gz]
OK  50_30 #377 lemmas lemmas=21  [experiments/bmw-short4-cone-trees-2026-09-18/certs.jsonl.gz]
OK  50_30 #378 lemmas lemmas=16  [experiments/bmw-short4-cone-trees-2026-09-18/certs.jsonl.gz]
OK  50_30 #379 lemmas lemmas=22  [experiments/bmw-short4-cone-trees-2026-09-18/certs.jsonl.gz]
OK  50_30 #382 lemmas lemmas=22  [experiments/bmw-short4-cone-trees-2026-09-18/certs.jsonl.gz]
OK  50_30 #383 lemmas lemmas=17  [experiments/bmw-short4-cone-trees-2026-09-18/certs.jsonl.gz]
OK  50_30 #388 lemmas lemmas=48  [experiments/bmw-short4-cone-trees-2026-09-18/certs.jsonl.gz]
OK  50_30 #392 lemmas lemmas=41  [experiments/bmw-short4-cone-trees-2026-09-18/certs.jsonl.gz]
OK  50_30 #429 lemmas lemmas=48  [experiments/bmw-short4-cone-trees-2026-09-18/certs.jsonl.gz]
OK  50_30 #432 lemmas lemmas=15  [experiments/bmw-short4-cone-trees-2026-09-18/certs.jsonl.gz]
OK  50_30 #433 lemmas lemmas=11  [experiments/bmw-short4-cone-trees-2026-09-18/certs.jsonl.gz]
OK  50_30 #434 lemmas lemmas=23  [experiments/bmw-short4-cone-trees-2026-09-18/certs.jsonl.gz]
OK  50_30 #435 lemmas lemmas=11  [experiments/bmw-short4-cone-trees-2026-09-18/certs.jsonl.gz]
OK  50_30 #442 lemmas lemmas=22  [experiments/bmw-short4-cone-trees-2026-09-18/certs.jsonl.gz]
OK  50_30 #447 lemmas lemmas=22  [experiments/bmw-short4-cone-trees-2026-09-18/certs.jsonl.gz]
OK  50_30 #448 lemmas lemmas=14  [experiments/bmw-short4-cone-trees-2026-09-18/certs.jsonl.gz]
OK  50_30 #449 lemmas lemmas=16  [experiments/bmw-short4-cone-trees-2026-09-18/certs.jsonl.gz]
OK  50_30 #450 lemmas lemmas=16  [experiments/bmw-short4-cone-trees-2026-09-18/certs.jsonl.gz]
OK  50_30 #451 lemmas lemmas=22  [experiments/bmw-short4-cone-trees-2026-09-18/certs.jsonl.gz]
OK  50_30 #453 lemmas lemmas=46  [experiments/bmw-short4-cone-trees-2026-09-18/certs.jsonl.gz]
OK  50_30 #457 lemmas lemmas=10  [experiments/bmw-short4-cone-trees-2026-09-18/certs.jsonl.gz]
OK  50_30 #462 lemmas lemmas=13  [experiments/bmw-short4-cone-trees-2026-09-18/certs.jsonl.gz]
OK  50_30 #467 lemmas lemmas=8  [experiments/bmw-short4-cone-trees-2026-09-18/certs.jsonl.gz]
OK  50_30 #469 lemmas lemmas=24  [experiments/bmw-short4-cone-trees-2026-09-18/certs.jsonl.gz]
OK  50_30 #471 lemmas lemmas=11  [experiments/bmw-short4-cone-trees-2026-09-18/certs.jsonl.gz]
OK  50_30 #473 lemmas lemmas=25  [experiments/bmw-short4-cone-trees-2026-09-18/certs.jsonl.gz]
OK  50_30 #480 lemmas lemmas=15  [experiments/bmw-short4-cone-trees-2026-09-18/certs.jsonl.gz]
OK  50_30 #481 lemmas lemmas=32  [experiments/bmw-short4-cone-trees-2026-09-18/certs.jsonl.gz]
OK  50_30 #482 lemmas lemmas=11  [experiments/bmw-short4-cone-trees-2026-09-18/certs.jsonl.gz]
OK  50_30 #483 lemmas lemmas=11  [experiments/bmw-short4-cone-trees-2026-09-18/certs.jsonl.gz]
OK  50_30 #486 lemmas lemmas=10  [experiments/bmw-short4-cone-trees-2026-09-18/certs.jsonl.gz]
OK  50_30 #490 lemmas lemmas=18  [experiments/bmw-short4-cone-trees-2026-09-18/certs.jsonl.gz]
OK  50_30 #491 lemmas lemmas=18  [experiments/bmw-short4-cone-trees-2026-09-18/certs.jsonl.gz]
OK  50_30 #495 lemmas lemmas=11  [experiments/bmw-short4-cone-trees-2026-09-18/certs.jsonl.gz]
OK  50_30 #558 lemmas lemmas=33  [experiments/bmw-short4-cone-trees-2026-09-18/certs.jsonl.gz]
OK  50_30 #559 lemmas lemmas=8  [experiments/bmw-short4-cone-trees-2026-09-18/certs.jsonl.gz]
OK  50_31 #73 lemmas lemmas=28  [experiments/bmw-short4-cone-trees-2026-09-18/certs.jsonl.gz]
OK  50_31 #80 lemmas lemmas=21  [experiments/bmw-short4-cone-trees-2026-09-18/certs.jsonl.gz]
OK  50_31 #135 lemmas lemmas=21  [experiments/bmw-short4-cone-trees-2026-09-18/certs.jsonl.gz]
OK  50_31 #158 lemmas lemmas=16  [experiments/bmw-short4-cone-trees-2026-09-18/certs.jsonl.gz]
OK  50_31 #185 lemmas lemmas=20  [experiments/bmw-short4-cone-trees-2026-09-18/certs.jsonl.gz]
OK  50_31 #212 lemmas lemmas=11  [experiments/bmw-short4-cone-trees-2026-09-18/certs.jsonl.gz]
OK  50_31 #213 lemmas lemmas=12  [experiments/bmw-short4-cone-trees-2026-09-18/certs.jsonl.gz]
OK  50_31 #219 lemmas lemmas=24  [experiments/bmw-short4-cone-trees-2026-09-18/certs.jsonl.gz]
OK  50_31 #220 lemmas lemmas=24  [experiments/bmw-short4-cone-trees-2026-09-18/certs.jsonl.gz]
OK  50_31 #244 lemmas lemmas=12  [experiments/bmw-short4-cone-trees-2026-09-18/certs.jsonl.gz]
OK  50_31 #245 lemmas lemmas=11  [experiments/bmw-short4-cone-trees-2026-09-18/certs.jsonl.gz]
OK  51_30 #214 lemmas lemmas=29  [experiments/bmw-short4-cone-trees-2026-09-18/certs.jsonl.gz]
OK  51_30 #243 lemmas lemmas=9  [experiments/bmw-short4-cone-trees-2026-09-18/certs.jsonl.gz]
OK  51_30 #277 lemmas lemmas=20  [experiments/bmw-short4-cone-trees-2026-09-18/certs.jsonl.gz]
OK  51_30 #278 lemmas lemmas=20  [experiments/bmw-short4-cone-trees-2026-09-18/certs.jsonl.gz]
OK  51_30 #279 lemmas lemmas=27  [experiments/bmw-short4-cone-trees-2026-09-18/certs.jsonl.gz]
OK  51_30 #280 lemmas lemmas=6  [experiments/bmw-short4-cone-trees-2026-09-18/certs.jsonl.gz]
OK  51_30 #282 lemmas lemmas=20  [experiments/bmw-short4-cone-trees-2026-09-18/certs.jsonl.gz]
OK  51_30 #291 lemmas lemmas=9  [experiments/bmw-short4-cone-trees-2026-09-18/certs.jsonl.gz]
OK  51_30 #316 lemmas lemmas=8  [experiments/bmw-short4-cone-trees-2026-09-18/certs.jsonl.gz]
OK  51_30 #318 lemmas lemmas=20  [experiments/bmw-short4-cone-trees-2026-09-18/certs.jsonl.gz]
OK  51_30 #347 lemmas lemmas=13  [experiments/bmw-short4-cone-trees-2026-09-18/certs.jsonl.gz]
OK  51_30 #408 lemmas lemmas=9  [experiments/bmw-short4-cone-trees-2026-09-18/certs.jsonl.gz]
OK  51_30 #433 lemmas lemmas=8  [experiments/bmw-short4-cone-trees-2026-09-18/certs.jsonl.gz]
OK  51_30 #435 lemmas lemmas=20  [experiments/bmw-short4-cone-trees-2026-09-18/certs.jsonl.gz]
OK  51_30 #464 lemmas lemmas=13  [experiments/bmw-short4-cone-trees-2026-09-18/certs.jsonl.gz]
OK  51_30 #498 lemmas lemmas=14  [experiments/bmw-short4-cone-trees-2026-09-18/certs.jsonl.gz]
OK  51_30 #499 lemmas lemmas=14  [experiments/bmw-short4-cone-trees-2026-09-18/certs.jsonl.gz]
OK  51_30 #500 lemmas lemmas=28  [experiments/bmw-short4-cone-trees-2026-09-18/certs.jsonl.gz]
OK  51_30 #501 lemmas lemmas=6  [experiments/bmw-short4-cone-trees-2026-09-18/certs.jsonl.gz]
OK  51_30 #503 lemmas lemmas=14  [experiments/bmw-short4-cone-trees-2026-09-18/certs.jsonl.gz]
OK  51_30 #539 lemmas lemmas=29  [experiments/bmw-short4-cone-trees-2026-09-18/certs.jsonl.gz]
OK  51_30 #568 lemmas lemmas=9  [experiments/bmw-short4-cone-trees-2026-09-18/certs.jsonl.gz]
OK  51_30 #608 lemmas lemmas=14  [experiments/bmw-short4-cone-trees-2026-09-18/certs.jsonl.gz]
OK  51_30 #611 lemmas lemmas=9  [experiments/bmw-short4-cone-trees-2026-09-18/certs.jsonl.gz]
OK  51_31 #227 lemmas lemmas=9  [experiments/bmw-short4-cone-trees-2026-09-18/certs.jsonl.gz]
OK  51_31 #228 lemmas lemmas=21  [experiments/bmw-short4-cone-trees-2026-09-18/certs.jsonl.gz]
OK  51_31 #229 lemmas lemmas=9  [experiments/bmw-short4-cone-trees-2026-09-18/certs.jsonl.gz]
OK  51_31 #244 lemmas lemmas=12  [experiments/bmw-short4-cone-trees-2026-09-18/certs.jsonl.gz]
OK  51_31 #245 lemmas lemmas=13  [experiments/bmw-short4-cone-trees-2026-09-18/certs.jsonl.gz]
OK  51_31 #246 lemmas lemmas=12  [experiments/bmw-short4-cone-trees-2026-09-18/certs.jsonl.gz]
OK  51_31 #264 lemmas lemmas=13  [experiments/bmw-short4-cone-trees-2026-09-18/certs.jsonl.gz]
OK  51_31 #266 lemmas lemmas=18  [experiments/bmw-short4-cone-trees-2026-09-18/certs.jsonl.gz]
OK  52_30 #93 lemmas lemmas=16  [experiments/bmw-short4-cone-trees-2026-09-18/certs.jsonl.gz]
OK  52_30 #95 lemmas lemmas=19  [experiments/bmw-short4-cone-trees-2026-09-18/certs.jsonl.gz]
OK  52_30 #155 lemmas lemmas=25  [experiments/bmw-short4-cone-trees-2026-09-18/certs.jsonl.gz]
OK  52_30 #157 lemmas lemmas=12  [experiments/bmw-short4-cone-trees-2026-09-18/certs.jsonl.gz]
OK  52_30 #160 lemmas lemmas=12  [experiments/bmw-short4-cone-trees-2026-09-18/certs.jsonl.gz]
OK  52_30 #162 lemmas lemmas=12  [experiments/bmw-short4-cone-trees-2026-09-18/certs.jsonl.gz]
OK  52_30 #288 lemmas lemmas=38  [experiments/bmw-short4-cone-trees-2026-09-18/certs.jsonl.gz]
OK  52_30 #290 lemmas lemmas=18  [experiments/bmw-short4-cone-trees-2026-09-18/certs.jsonl.gz]
OK  52_31 #48 lemmas lemmas=16  [experiments/bmw-short4-cone-trees-2026-09-18/certs.jsonl.gz]
OK  52_31 #87 lemmas lemmas=16  [experiments/bmw-short4-cone-trees-2026-09-18/certs.jsonl.gz]
certificate files:
    485 OK  experiments/bmw-cone-trees-2026-09-18/trees.jsonl.gz
      3 OK  experiments/bmw-klein-chains-2026-09-17/chains_40_40.json
      1 OK  experiments/bmw-klein-chains-2026-09-17/chains_census_40_30.json
     25 OK  experiments/bmw-klein-chains-2026-09-17/chains_census_40_40.json
      7 OK  experiments/bmw-klein-chains-2026-09-17/chains_census_50_30.json
      3 OK  experiments/bmw-klein-chains-transposed-2026-09-17/chains_41_30.json
      1 OK  experiments/bmw-klein-chains-transposed-2026-09-17/chains_41_31.json
     57 OK  experiments/bmw-klein-chains-transposed-2026-09-17/chains_41_40.json
     12 OK  experiments/bmw-klein-chains-transposed-2026-09-17/chains_41_41.json
      1 OK  experiments/bmw-klein-chains-transposed-2026-09-17/chains_42_30.json
      1 OK  experiments/bmw-klein-chains-transposed-2026-09-17/chains_42_31.json
     11 OK  experiments/bmw-klein-chains-transposed-2026-09-17/chains_42_40.json
      9 OK  experiments/bmw-klein-chains-transposed-2026-09-17/chains_42_41.json
      1 OK  experiments/bmw-klein-chains-transposed-2026-09-17/chains_42_42.json
      1 OK  experiments/bmw-klein-chains-transposed-2026-09-17/chains_50_30_470.json
      8 OK  experiments/bmw-klein-chains-transposed-2026-09-17/chains_50_31.json
     54 OK  experiments/bmw-klein-chains-transposed-2026-09-17/chains_51_30.json
      5 OK  experiments/bmw-klein-chains-transposed-2026-09-17/chains_51_31.json
      5 OK  experiments/bmw-klein-chains-transposed-2026-09-17/chains_52_30.json
      2 OK  experiments/bmw-klein-chains-transposed-2026-09-17/chains_52_31.json
      2 OK  experiments/bmw-klein-frames-2026-09-18/chains_41_30.json
      1 OK  experiments/bmw-klein-frames-2026-09-18/chains_52_30.json
      1 OK  experiments/bmw-klein-free-2026-09-18/tree_31_30_26.json
      1 OK  experiments/bmw-klein-free-2026-09-18/tree_31_31_12.json
    509 OK  experiments/bmw-short4-cone-trees-2026-09-18/certs.jsonl.gz
certificates: 1203 classes with a checked certificate, 0 rejected
pattern classes reducible(both images finite) candidates covered
30_30    20    18     2     2
31_30    27    26     1     1
31_31    13    12     1     1
40_30   164   137    27    27
41_30   173   161    12    12
41_31   116   109     7     7
42_30   105   103     2     2
42_31    81    79     2     2

## part 2: full run, RECHECK_PATS=40_40,41_40 (1206 certificate lines identical to part 1, omitted)
certificate files:
    485 OK  experiments/bmw-cone-trees-2026-09-18/trees.jsonl.gz
      3 OK  experiments/bmw-klein-chains-2026-09-17/chains_40_40.json
      1 OK  experiments/bmw-klein-chains-2026-09-17/chains_census_40_30.json
     25 OK  experiments/bmw-klein-chains-2026-09-17/chains_census_40_40.json
      7 OK  experiments/bmw-klein-chains-2026-09-17/chains_census_50_30.json
      3 OK  experiments/bmw-klein-chains-transposed-2026-09-17/chains_41_30.json
      1 OK  experiments/bmw-klein-chains-transposed-2026-09-17/chains_41_31.json
     57 OK  experiments/bmw-klein-chains-transposed-2026-09-17/chains_41_40.json
     12 OK  experiments/bmw-klein-chains-transposed-2026-09-17/chains_41_41.json
      1 OK  experiments/bmw-klein-chains-transposed-2026-09-17/chains_42_30.json
      1 OK  experiments/bmw-klein-chains-transposed-2026-09-17/chains_42_31.json
     11 OK  experiments/bmw-klein-chains-transposed-2026-09-17/chains_42_40.json
      9 OK  experiments/bmw-klein-chains-transposed-2026-09-17/chains_42_41.json
      1 OK  experiments/bmw-klein-chains-transposed-2026-09-17/chains_42_42.json
      1 OK  experiments/bmw-klein-chains-transposed-2026-09-17/chains_50_30_470.json
      8 OK  experiments/bmw-klein-chains-transposed-2026-09-17/chains_50_31.json
     54 OK  experiments/bmw-klein-chains-transposed-2026-09-17/chains_51_30.json
      5 OK  experiments/bmw-klein-chains-transposed-2026-09-17/chains_51_31.json
      5 OK  experiments/bmw-klein-chains-transposed-2026-09-17/chains_52_30.json
      2 OK  experiments/bmw-klein-chains-transposed-2026-09-17/chains_52_31.json
      2 OK  experiments/bmw-klein-frames-2026-09-18/chains_41_30.json
      1 OK  experiments/bmw-klein-frames-2026-09-18/chains_52_30.json
      1 OK  experiments/bmw-klein-free-2026-09-18/tree_31_30_26.json
      1 OK  experiments/bmw-klein-free-2026-09-18/tree_31_31_12.json
    509 OK  experiments/bmw-short4-cone-trees-2026-09-18/certs.jsonl.gz
certificates: 1203 classes with a checked certificate, 0 rejected
pattern classes reducible(both images finite) candidates covered
40_40   824   523   301   301
41_40  1242  1020   222   222
total {'classes': 2066, 'reducible': 1543, 'cand': 523, 'covered': 523}
uncovered candidates: []
summary: 0 certificates rejected; 523 of 523 irreducibility candidates covered; 1041 s
exit 0

## part 3: full run, RECHECK_PATS=41_41,42_40,42_41,42_42 (1206 certificate lines identical to part 1, omitted)
certificate files:
    485 OK  experiments/bmw-cone-trees-2026-09-18/trees.jsonl.gz
      3 OK  experiments/bmw-klein-chains-2026-09-17/chains_40_40.json
      1 OK  experiments/bmw-klein-chains-2026-09-17/chains_census_40_30.json
     25 OK  experiments/bmw-klein-chains-2026-09-17/chains_census_40_40.json
      7 OK  experiments/bmw-klein-chains-2026-09-17/chains_census_50_30.json
      3 OK  experiments/bmw-klein-chains-transposed-2026-09-17/chains_41_30.json
      1 OK  experiments/bmw-klein-chains-transposed-2026-09-17/chains_41_31.json
     57 OK  experiments/bmw-klein-chains-transposed-2026-09-17/chains_41_40.json
     12 OK  experiments/bmw-klein-chains-transposed-2026-09-17/chains_41_41.json
      1 OK  experiments/bmw-klein-chains-transposed-2026-09-17/chains_42_30.json
      1 OK  experiments/bmw-klein-chains-transposed-2026-09-17/chains_42_31.json
     11 OK  experiments/bmw-klein-chains-transposed-2026-09-17/chains_42_40.json
      9 OK  experiments/bmw-klein-chains-transposed-2026-09-17/chains_42_41.json
      1 OK  experiments/bmw-klein-chains-transposed-2026-09-17/chains_42_42.json
      1 OK  experiments/bmw-klein-chains-transposed-2026-09-17/chains_50_30_470.json
      8 OK  experiments/bmw-klein-chains-transposed-2026-09-17/chains_50_31.json
     54 OK  experiments/bmw-klein-chains-transposed-2026-09-17/chains_51_30.json
      5 OK  experiments/bmw-klein-chains-transposed-2026-09-17/chains_51_31.json
      5 OK  experiments/bmw-klein-chains-transposed-2026-09-17/chains_52_30.json
      2 OK  experiments/bmw-klein-chains-transposed-2026-09-17/chains_52_31.json
      2 OK  experiments/bmw-klein-frames-2026-09-18/chains_41_30.json
      1 OK  experiments/bmw-klein-frames-2026-09-18/chains_52_30.json
      1 OK  experiments/bmw-klein-free-2026-09-18/tree_31_30_26.json
      1 OK  experiments/bmw-klein-free-2026-09-18/tree_31_31_12.json
    509 OK  experiments/bmw-short4-cone-trees-2026-09-18/certs.jsonl.gz
certificates: 1203 classes with a checked certificate, 0 rejected
pattern classes reducible(both images finite) candidates covered
41_41   544   484    60    60
42_40   543   491    52    52
42_41   551   505    46    46
42_42   118   110     8     8
total {'classes': 1756, 'reducible': 1590, 'cand': 166, 'covered': 166}
uncovered candidates: []
summary: 0 certificates rejected; 166 of 166 irreducibility candidates covered; 438 s
exit 0

## part 4: full run, RECHECK_PATS=50_30,50_31 (1206 certificate lines identical to part 1, omitted)
certificate files:
    485 OK  experiments/bmw-cone-trees-2026-09-18/trees.jsonl.gz
      3 OK  experiments/bmw-klein-chains-2026-09-17/chains_40_40.json
      1 OK  experiments/bmw-klein-chains-2026-09-17/chains_census_40_30.json
     25 OK  experiments/bmw-klein-chains-2026-09-17/chains_census_40_40.json
      7 OK  experiments/bmw-klein-chains-2026-09-17/chains_census_50_30.json
      3 OK  experiments/bmw-klein-chains-transposed-2026-09-17/chains_41_30.json
      1 OK  experiments/bmw-klein-chains-transposed-2026-09-17/chains_41_31.json
     57 OK  experiments/bmw-klein-chains-transposed-2026-09-17/chains_41_40.json
     12 OK  experiments/bmw-klein-chains-transposed-2026-09-17/chains_41_41.json
      1 OK  experiments/bmw-klein-chains-transposed-2026-09-17/chains_42_30.json
      1 OK  experiments/bmw-klein-chains-transposed-2026-09-17/chains_42_31.json
     11 OK  experiments/bmw-klein-chains-transposed-2026-09-17/chains_42_40.json
      9 OK  experiments/bmw-klein-chains-transposed-2026-09-17/chains_42_41.json
      1 OK  experiments/bmw-klein-chains-transposed-2026-09-17/chains_42_42.json
      1 OK  experiments/bmw-klein-chains-transposed-2026-09-17/chains_50_30_470.json
      8 OK  experiments/bmw-klein-chains-transposed-2026-09-17/chains_50_31.json
     54 OK  experiments/bmw-klein-chains-transposed-2026-09-17/chains_51_30.json
      5 OK  experiments/bmw-klein-chains-transposed-2026-09-17/chains_51_31.json
      5 OK  experiments/bmw-klein-chains-transposed-2026-09-17/chains_52_30.json
      2 OK  experiments/bmw-klein-chains-transposed-2026-09-17/chains_52_31.json
      2 OK  experiments/bmw-klein-frames-2026-09-18/chains_41_30.json
      1 OK  experiments/bmw-klein-frames-2026-09-18/chains_52_30.json
      1 OK  experiments/bmw-klein-free-2026-09-18/tree_31_30_26.json
      1 OK  experiments/bmw-klein-free-2026-09-18/tree_31_31_12.json
    509 OK  experiments/bmw-short4-cone-trees-2026-09-18/certs.jsonl.gz
certificates: 1203 classes with a checked certificate, 0 rejected
pattern classes reducible(both images finite) candidates covered
50_30   604   414   190   190
50_31   276   233    43    43
total {'classes': 880, 'reducible': 647, 'cand': 233, 'covered': 233}
uncovered candidates: []
summary: 0 certificates rejected; 233 of 233 irreducibility candidates covered; 859 s
exit 0

## part 5: full run, RECHECK_PATS=51_30,51_31,52_30,52_31 (1206 certificate lines identical to part 1, omitted)
certificate files:
    485 OK  experiments/bmw-cone-trees-2026-09-18/trees.jsonl.gz
      3 OK  experiments/bmw-klein-chains-2026-09-17/chains_40_40.json
      1 OK  experiments/bmw-klein-chains-2026-09-17/chains_census_40_30.json
     25 OK  experiments/bmw-klein-chains-2026-09-17/chains_census_40_40.json
      7 OK  experiments/bmw-klein-chains-2026-09-17/chains_census_50_30.json
      3 OK  experiments/bmw-klein-chains-transposed-2026-09-17/chains_41_30.json
      1 OK  experiments/bmw-klein-chains-transposed-2026-09-17/chains_41_31.json
     57 OK  experiments/bmw-klein-chains-transposed-2026-09-17/chains_41_40.json
     12 OK  experiments/bmw-klein-chains-transposed-2026-09-17/chains_41_41.json
      1 OK  experiments/bmw-klein-chains-transposed-2026-09-17/chains_42_30.json
      1 OK  experiments/bmw-klein-chains-transposed-2026-09-17/chains_42_31.json
     11 OK  experiments/bmw-klein-chains-transposed-2026-09-17/chains_42_40.json
      9 OK  experiments/bmw-klein-chains-transposed-2026-09-17/chains_42_41.json
      1 OK  experiments/bmw-klein-chains-transposed-2026-09-17/chains_42_42.json
      1 OK  experiments/bmw-klein-chains-transposed-2026-09-17/chains_50_30_470.json
      8 OK  experiments/bmw-klein-chains-transposed-2026-09-17/chains_50_31.json
     54 OK  experiments/bmw-klein-chains-transposed-2026-09-17/chains_51_30.json
      5 OK  experiments/bmw-klein-chains-transposed-2026-09-17/chains_51_31.json
      5 OK  experiments/bmw-klein-chains-transposed-2026-09-17/chains_52_30.json
      2 OK  experiments/bmw-klein-chains-transposed-2026-09-17/chains_52_31.json
      2 OK  experiments/bmw-klein-frames-2026-09-18/chains_41_30.json
      1 OK  experiments/bmw-klein-frames-2026-09-18/chains_52_30.json
      1 OK  experiments/bmw-klein-free-2026-09-18/tree_31_30_26.json
      1 OK  experiments/bmw-klein-free-2026-09-18/tree_31_31_12.json
    509 OK  experiments/bmw-short4-cone-trees-2026-09-18/certs.jsonl.gz
certificates: 1203 classes with a checked certificate, 0 rejected
pattern classes reducible(both images finite) candidates covered
51_30   662   533   129   128
51_31   310   270    40    40
52_30   389   351    38    38
52_31   202   184    18    18
total {'classes': 1563, 'reducible': 1338, 'cand': 225, 'covered': 224}
uncovered candidates: [('51_30', 506)]
summary: 0 certificates rejected; 224 of 225 irreducibility candidates covered; 887 s
exit 0

## part 6: RECHECK_OKLOG=<part 3 log> RECHECK_PATS=51_30 (coverage only, with the cap-60000 second pass)
checked set read from /tmp/claude-0/-home-user-group-approximation/cfda3a9f-8576-509e-963c-f9b8ce875a39/scratchpad/swarm2/w12-107/chunk2.log: 1203 classes, 0 rejected
certificate files:
certificates: 1203 classes with a checked certificate, 0 rejected
pattern classes reducible(both images finite) candidates covered
51_30   662   533   129   128
total {'classes': 662, 'reducible': 533, 'cand': 129, 'covered': 128}
uncovered candidates at cap 4000: [('51_30', 506)]
  51_30 #506 at cap 60000: finH=6 finV=6912
uncovered candidates: []
summary: 0 certificates rejected; 128 of 128 irreducibility candidates covered; 385 s
exit 0
