purged 0 stale artifact sets (source-newer=0, import-newer=0) of 4391 oleans
[job] acn112 cores=72-79 threads=8 base=514b76e752d52d260dc3af6aaa181daa7df59547 mods: GroupApproximation.GGT.HullSCBoundedImageEmbeddingLeastArea GroupApproximation.GGT.HullSCGreendlingerForms GroupApproximation.GGT.HullSCLeastAreaGreendlingerTwins GroupApproximation.GGT.HullSCLemma44BoundedLeastAreaCanonical GroupApproximation.GGT.HullSCLemma44BoundedLeastAreaFamilyBridge GroupApproximation.GGT.HullSCTheorem71GeneralLeastArea GroupApproximation.GGT.KazhdanHypGirthEightHyperbolicityFromFilling GroupApproximation.GGT.KazhdanHypLiteralFilling GroupApproximation.GGT.KazhdanHypLiteralFillingDegree GroupApproximation.GGT.KazhdanHypSymmetrizedFilling GroupApproximation.GGT.KazhdanHypSymPowerDisc GroupApproximation.GGT.RelHypProp23FromLeastAreaLeaves GroupApproximation.GGT.VanKampen.Estimating.DiscEmbeddingAwayUnbound GroupApproximation.GGT.VanKampen.Estimating.OsinAppendixAssembly GroupApproximation.GGT.VanKampen.Estimating.OsinAppendixAssemblyDescent GroupApproximation.GGT.VanKampen.Estimating.OsinAppendixAssemblyPocket GroupApproximation.GGT.VanKampen.Estimating.OsinAppendixCutMerge GroupApproximation.GGT.VanKampen.Estimating.OsinAppendixCutSections GroupApproximation.GGT.VanKampen.Estimating.OsinAppendixDescentCut GroupApproximation.GGT.VanKampen.Estimating.OsinAppendixDescentInduction GroupApproximation.GGT.VanKampen.Estimating.OsinAppendixEulerCornerTwoGon GroupApproximation.GGT.VanKampen.Estimating.OsinAppendixEulerCornerTwoGonCount GroupApproximation.GGT.VanKampen.Estimating.OsinAppendixEulerCornerTwoGonSection GroupApproximation.GGT.VanKampen.Estimating.OsinAppendixEulerCount GroupApproximation.GGT.VanKampen.Estimating.OsinAppendixEulerEmptyTwoGon GroupApproximation.GGT.VanKampen.Estimating.OsinAppendixEulerExteriorCellFaces GroupApproximation.GGT.VanKampen.Estimating.OsinAppendixEulerExteriorTwoGon GroupApproximation.GGT.VanKampen.Estimating.OsinAppendixEulerHereditary GroupApproximation.GGT.VanKampen.Estimating.OsinAppendixEulerSection GroupApproximation.GGT.VanKampen.Estimating.OsinAppendixEulerSmallFaces GroupApproximation.GGT.VanKampen.Estimating.OsinAppendixEulerTwoGonFaceClass GroupApproximation.GGT.VanKampen.Estimating.OsinAppendixEulerTwoGonLabels GroupApproximation.GGT.VanKampen.Estimating.OsinAppendixGreendlingerParts GroupApproximation.GGT.VanKampen.Estimating.OsinAppendixGreendlingerPocketParts GroupApproximation.GGT.VanKampen.Estimating.OsinAppendixLeastAreaCut GroupApproximation.GGT.VanKampen.Estimating.OsinAppendixLemma97Pocket GroupApproximation.GGT.VanKampen.Estimating.OsinAppendixO52Collapse GroupApproximation.GGT.VanKampen.Estimating.OsinAppendixO52LeastArea GroupApproximation.GGT.VanKampen.Estimating.OsinAppendixO52Prep GroupApproximation.GGT.VanKampen.Estimating.OsinAppendixO52Surgery GroupApproximation.GGT.VanKampen.Estimating.OsinAppendixO52Values GroupApproximation.GGT.VanKampen.Estimating.OsinAppendixSectionBridge GroupApproximation.GGT.VanKampen.Estimating.OsinAppendixSectionDarts GroupApproximation.GGT.VanKampen.Estimating.OsinAppendixSectionDegenerate GroupApproximation.GGT.VanKampen.Estimating.OsinAppendixSectionInduction GroupApproximation.GGT.VanKampen.Estimating.OsinAppendixSectionInterior GroupApproximation.GGT.VanKampen.Estimating.OsinAppendixSectionMultipleEdge GroupApproximation.GGT.VanKampen.Estimating.OsinAppendixSectionPieces GroupApproximation.GGT.VanKampen.Estimating.OsinAppendixSections GroupApproximation.GGT.VanKampen.Estimating.OsinDescentResiduals GroupApproximation.GGT.VanKampen.Estimating.OsinGreendlingerOpenResiduals GroupApproximation.GGT.VanKampen.Estimating.OsinLemma94AntiparallelMetric GroupApproximation.GGT.VanKampen.Estimating.OsinLemma94BoundaryArcs GroupApproximation.GGT.VanKampen.Estimating.OsinLemma94BudgetFilter GroupApproximation.GGT.VanKampen.Estimating.OsinLemma94CaseOneWalk GroupApproximation.GGT.VanKampen.Estimating.OsinLemma94CaseOneWalkHolds GroupApproximation.GGT.VanKampen.Estimating.OsinLemma94CaseTwo GroupApproximation.GGT.VanKampen.Estimating.OsinLemma94CellArcs GroupApproximation.GGT.VanKampen.Estimating.OsinLemma94ChainRespell GroupApproximation.GGT.VanKampen.Estimating.OsinLemma94CornerInsertion GroupApproximation.GGT.VanKampen.Estimating.OsinLemma94Counting GroupApproximation.GGT.VanKampen.Estimating.OsinLemma94CuttingChains GroupApproximation.GGT.VanKampen.Estimating.OsinLemma94DartMinimal GroupApproximation.GGT.VanKampen.Estimating.OsinLemma94InsertionTransport GroupApproximation.GGT.VanKampen.Estimating.OsinLemma94OneCellMorse GroupApproximation.GGT.VanKampen.Estimating.OsinLemma94OneCellValue GroupApproximation.GGT.VanKampen.Estimating.OsinLemma94PendantRemoval GroupApproximation.GGT.VanKampen.Estimating.OsinLemma94Pieces GroupApproximation.GGT.VanKampen.Estimating.OsinLemma94PlanarPieces GroupApproximation.GGT.VanKampen.Estimating.OsinLemma94PolygonClasses GroupApproximation.GGT.VanKampen.Estimating.OsinLemma94PolygonCount GroupApproximation.GGT.VanKampen.Estimating.OsinLemma94PolygonCovers GroupApproximation.GGT.VanKampen.Estimating.OsinLemma94PolygonKinds GroupApproximation.GGT.VanKampen.Estimating.OsinLemma94PolygonMaximal GroupApproximation.GGT.VanKampen.Estimating.OsinLemma94PolygonPartition GroupApproximation.GGT.VanKampen.Estimating.OsinLemma94PolygonRealization GroupApproximation.GGT.VanKampen.Estimating.OsinLemma94PolygonSides GroupApproximation.GGT.VanKampen.Estimating.OsinLemma94QuasiGeodesicRespell GroupApproximation.GGT.VanKampen.Estimating.OsinLemma94RegionSideCount GroupApproximation.GGT.VanKampen.Estimating.OsinLemma94RunInput GroupApproximation.GGT.VanKampen.Estimating.OsinLemma94SectionResiduals GroupApproximation.GGT.VanKampen.Estimating.OsinLemma94SeparatedInsertion GroupApproximation.GGT.VanKampen.Estimating.OsinLemma94SeparatedInsertionProof GroupApproximation.GGT.VanKampen.Estimating.OsinLemma94SeparatingRemoval GroupApproximation.GGT.VanKampen.Estimating.OsinLemma94ShortSides GroupApproximation.GGT.VanKampen.Estimating.OsinLemma94SpikeTransport GroupApproximation.GGT.VanKampen.Estimating.OsinPocketCellArcs GroupApproximation.GGT.VanKampen.Estimating.OsinPocketCellWalk GroupApproximation.GGT.VanKampen.Estimating.OsinPocketClosedWalkNoncrossing GroupApproximation.GGT.VanKampen.Estimating.OsinPocketCollarOfGeodesic GroupApproximation.GGT.VanKampen.Estimating.OsinPocketCutResiduals GroupApproximation.GGT.VanKampen.Estimating.OsinPocketDiscEmptyTwoGon GroupApproximation.GGT.VanKampen.Estimating.OsinPocketDiscMerge GroupApproximation.GGT.VanKampen.Estimating.OsinPocketFollowsBoundary GroupApproximation.GGT.VanKampen.Estimating.OsinPocketGapArcs GroupApproximation.GGT.VanKampen.Estimating.OsinPocketGlueCarriers GroupApproximation.GGT.VanKampen.Estimating.OsinPocketGlueCellTransport GroupApproximation.GGT.VanKampen.Estimating.OsinPocketGlueDiagram GroupApproximation.GGT.VanKampen.Estimating.OsinPocketGlueEquivalence GroupApproximation.GGT.VanKampen.Estimating.OsinPocketGlueOuterArc GroupApproximation.GGT.VanKampen.Estimating.OsinPocketGlueOuterTransport GroupApproximation.GGT.VanKampen.Estimating.OsinPocketKeptCell GroupApproximation.GGT.VanKampen.Estimating.OsinPocketLakeAbsorption GroupApproximation.GGT.VanKampen.Estimating.OsinPocketLakeModel GroupApproximation.GGT.VanKampen.Estimating.OsinPocketLeastAreaCut GroupApproximation.GGT.VanKampen.Estimating.OsinPocketLoopCut GroupApproximation.GGT.VanKampen.Estimating.OsinPocketMergeRegion GroupApproximation.GGT.VanKampen.Estimating.OsinPocketMultipleEdgeAssembly GroupApproximation.GGT.VanKampen.Estimating.OsinPocketMultipleEdgeCut GroupApproximation.GGT.VanKampen.Estimating.OsinPocketMultipleEdgeTransport GroupApproximation.GGT.VanKampen.Estimating.OsinPocketOuterPart GroupApproximation.GGT.VanKampen.Estimating.OsinPocketPieces GroupApproximation.GGT.VanKampen.Estimating.OsinPocketPinchedTwoGonDiscCollapse GroupApproximation.GGT.VanKampen.Estimating.OsinPocketPinchedTwoGonLobe GroupApproximation.GGT.VanKampen.Estimating.OsinPocketPinchedTwoGonNoncrossing GroupApproximation.GGT.VanKampen.Estimating.OsinPocketPinchedTwoGonNoncrossingRegion GroupApproximation.GGT.VanKampen.Estimating.OsinPocketPinchedTwoGonOuterFollows GroupApproximation.GGT.VanKampen.Estimating.OsinPocketPinchedTwoGonRegion GroupApproximation.GGT.VanKampen.Estimating.OsinPocketPinchSplit GroupApproximation.GGT.VanKampen.Estimating.OsinPocketPinchStep GroupApproximation.GGT.VanKampen.Estimating.OsinPocketPinchUnpinched GroupApproximation.GGT.VanKampen.Estimating.OsinPocketRegion GroupApproximation.GGT.VanKampen.Estimating.OsinPocketRegionNoncrossingWalk GroupApproximation.GGT.VanKampen.Estimating.OsinPocketRegionOfSimple GroupApproximation.GGT.VanKampen.Estimating.OsinPocketRegionRotate GroupApproximation.GGT.VanKampen.Estimating.OsinPocketRegionSections GroupApproximation.GGT.VanKampen.Estimating.OsinPocketRegionSide GroupApproximation.GGT.VanKampen.Estimating.OsinPocketRegionSimpleWalk GroupApproximation.GGT.VanKampen.Estimating.OsinPocketRegionUnpinched GroupApproximation.GGT.VanKampen.Estimating.OsinPocketRegionVertexSimple GroupApproximation.GGT.VanKampen.Estimating.OsinPocketSectionFaceSet GroupApproximation.GGT.VanKampen.Estimating.OsinPocketTwoCollars GroupApproximation.GGT.VanKampen.Estimating.OsinPocketUnpinchedEuler GroupApproximation.GGT.VanKampen.Estimating.OsinPocketZeroCellMerge GroupApproximation.GGT.VanKampen.Estimating.OsinPocketZeroCellMergeFalse GroupApproximation.GGT.VanKampen.Estimating.OsinUnboundCaseOne GroupApproximation.GGT.VanKampen.Estimating.OsinUnboundCaseOneFace GroupApproximation.GGT.VanKampen.Estimating.OsinUnboundCaseOneRun GroupApproximation.GGT.VanKampen.Estimating.OsinUnboundMerged GroupApproximation.GGT.VanKampen.Estimating.OsinUnboundReduced GroupApproximation.GGT.VanKampen.Estimating.OsinUnboundSameCellBridge GroupApproximation.GGT.VanKampen.Estimating.OsinUnboundSameCellPocket GroupApproximation.GGT.VanKampen.Estimating.OsinUnboundSharedEdge GroupApproximation.GGT.VanKampen.FaceSetCircuitNoncrossing GroupApproximation.GGT.VanKampen.GFaceQuadrilateralRegion GroupApproximation.GGT.VanKampen.LoopCutCapCounterexample GroupApproximation.GGT.VanKampen.PlanarVanKampenWeighted GroupApproximation.GGT.VanKampen.SurgeryFaceEdgeDoublingRegions GroupApproximation.GGT.VanKampen.SurgeryGeodesicCollar GroupApproximation.GGT.VanKampen.SurgeryGeodesicCollarAssembly GroupApproximation.GGT.VanKampen.SurgeryGeodesicCollarDouble GroupApproximation.GGT.VanKampen.SurgeryGeodesicCollarJoin GroupApproximation.GGT.VanKampen.SurgeryGFaceMergeRegions GroupApproximation.GGT.VanKampen.SurgeryMonogonDoublingStrip GroupApproximation.GGT.VanKampen.SurgeryOuterSpurThickening GroupApproximation.GGT.VanKampen.SurgeryPinchSplitExtremal GroupApproximation.GGT.VanKampen.SurgeryPinchSplitSections GroupApproximation.GGT.VanKampen.SurgerySpikeDeletionRegions GroupApproximation.Kazhdan.KotowskiOllivierLeaves GroupApproximation.Manuscript.MFRecognition.SeedFromTheoremC GroupApproximation.Manuscript.MFRecognition.SeedRemarkTheoremC GroupApproximation.Manuscript.NonMF.HullCitationSentences GroupApproximation.Manuscript.NonMF.HullCorollary73 GroupApproximation.Manuscript.NonMF.HullCorollary74 GroupApproximation.Manuscript.NonMF.TheoremCAssembly GroupApproximation.Manuscript.NonMF.TheoremCAssemblyFoldLeaf GroupApproximation.Manuscript.NonMF.TheoremCAssemblyGreendlingerLeaf GroupApproximation.Manuscript.NonMF.TheoremCAssemblyKOLeaves GroupApproximation.Manuscript.NonMF.TorsionFreeFourLeaves GroupApproximation.Manuscript.NonMF.TorsionFreeGreendlingerForms GroupApproximation.Manuscript.NonMF.TorsionFreeGreendlingerLeaf GroupApproximation.Manuscript.NonMF.TorsionFreeGreendlingerSentences GroupApproximation.Manuscript.NonMF.TorsionFreeHullPrintedLeastArea GroupApproximation.Manuscript.NonMF.TorsionFreeKOLeaves GroupApproximation.Manuscript.NonMF.TorsionFreeLeastAreaAssembly GroupApproximation.Manuscript.NonMF.TorsionFreeLimitSetEndpoints GroupApproximation.Manuscript.NonMF.TorsionFreeLimitSetNotion GroupApproximation.Manuscript.NonMF.TorsionFreeLiteratureInputsLeastArea GroupApproximation.Manuscript.NonMF.TorsionFreeOsinNotion GroupApproximation.Manuscript.NonMF.TorsionFreeSectionAssembly GroupApproximation.Manuscript.NonMF.TorsionFreeSectionAssemblyClosedGO GroupApproximation.Manuscript.NonMF.TorsionFreeSectionSentencesFourLeaves GroupApproximation.Manuscript.NonMF.TorsionFreeSectionSentencesLeastArea
ℹ [2797/2940] Replayed GroupApproximation.Sofic.KazhdanCornerCompression
info: GroupApproximation/Sofic/KazhdanCornerCompression.lean:342:4: Try this:
  [apply] abel_nf
ℹ [10176/10294] Replayed GroupApproximation.GGT.VanKampen.Estimating.OsinAppendixLeastAreaCut
info: GroupApproximation/GGT/VanKampen/Estimating/OsinAppendixLeastAreaCut.lean:113:14: 'GroupApproximation.GGT.VanKampen.RelatorCell.value_isSignedConjugate' depends on axioms: [propext,
 Classical.choice,
 Quot.sound]
info: GroupApproximation/GGT/VanKampen/Estimating/OsinAppendixLeastAreaCut.lean:114:14: 'GroupApproximation.GGT.VanKampen.DiscDiagram.isRelatorProduct_boundaryValue' depends on axioms: [propext,
 Classical.choice,
 Quot.sound]
info: GroupApproximation/GGT/VanKampen/Estimating/OsinAppendixLeastAreaCut.lean:115:14: 'GroupApproximation.GGT.VanKampen.Surgery.MapCollapse.RegionCutData.diagram_leastArea' depends on axioms: [propext,
 Classical.choice,
 Quot.sound]
ℹ [10177/10294] Replayed GroupApproximation.GGT.KazhdanHypLiteralFilling
info: GroupApproximation/GGT/KazhdanHypLiteralFilling.lean:227:14: 'GroupApproximation.GGT.KazhdanHypLiteralFilling.reduced_of_least' depends on axioms: [propext,
 Classical.choice,
 Quot.sound]
info: GroupApproximation/GGT/KazhdanHypLiteralFilling.lean:228:14: 'GroupApproximation.GGT.KazhdanHypLiteralFilling.relators_eq_listVal_image' depends on axioms: [propext,
 Classical.choice,
 Quot.sound]
info: GroupApproximation/GGT/KazhdanHypLiteralFilling.lean:229:14: 'GroupApproximation.GGT.KazhdanHypLiteralFilling.word_flatten_replicate' depends on axioms: [propext, Quot.sound]
info: GroupApproximation/GGT/KazhdanHypLiteralFilling.lean:231:2: 'GroupApproximation.GGT.KazhdanHypLiteralFilling.nonempty_powerDiscCandidate_of_literalRelatorOnlyFilling' depends on axioms: [propext,
 Classical.choice,
 Quot.sound]
info: GroupApproximation/GGT/KazhdanHypLiteralFilling.lean:233:2: 'GroupApproximation.GGT.KazhdanHypLiteralFilling.nonempty_powerDisc_of_literalRelatorOnlyFilling' depends on axioms: [propext,
 Classical.choice,
 Quot.sound]
ℹ [10178/10294] Replayed GroupApproximation.GGT.KazhdanHypGirthEightHyperbolicityFromFilling
info: GroupApproximation/GGT/KazhdanHypGirthEightHyperbolicityFromFilling.lean:61:14: 'GroupApproximation.GGT.KazhdanHypGirthEightHyperbolicityFromFilling.cyclicallyReducedLocalDataFilling_of_least' depends on axioms: [propext,
 Classical.choice,
 Quot.sound]
info: GroupApproximation/GGT/KazhdanHypGirthEightHyperbolicityFromFilling.lean:62:14: 'GroupApproximation.GGT.KazhdanHypGirthEightHyperbolicityFromFilling.girthEightHyperbolicity_of_leastLiteralDiscLocalData' depends on axioms: [propext,
 Classical.choice,
 Quot.sound]
ℹ [10179/10294] Replayed GroupApproximation.GGT.KazhdanHypLiteralFillingDegree
info: GroupApproximation/GGT/KazhdanHypLiteralFillingDegree.lean:284:14: 'GroupApproximation.GGT.KazhdanHypLiteralFillingDegree.sum_letterDeg_label' depends on axioms: [propext,
 Classical.choice,
 Quot.sound]
info: GroupApproximation/GGT/KazhdanHypLiteralFillingDegree.lean:285:14: 'GroupApproximation.GGT.KazhdanHypLiteralFillingDegree.sum_faceBoundary' depends on axioms: [propext,
 Classical.choice,
 Quot.sound]
info: GroupApproximation/GGT/KazhdanHypLiteralFillingDegree.lean:286:14: 'GroupApproximation.GGT.KazhdanHypLiteralFillingDegree.toAdd_boundaryValue' depends on axioms: [propext,
 Classical.choice,
 Quot.sound]
info: GroupApproximation/GGT/KazhdanHypLiteralFillingDegree.lean:287:14: 'GroupApproximation.GGT.KazhdanHypLiteralFillingDegree.toAdd_degree_triangleRelatorWord' depends on axioms: [propext,
 Quot.sound]
info: GroupApproximation/GGT/KazhdanHypLiteralFillingDegree.lean:288:14: 'GroupApproximation.GGT.KazhdanHypLiteralFillingDegree.toAdd_boundaryValue_eq' depends on axioms: [propext,
 Classical.choice,
 Quot.sound]
info: GroupApproximation/GGT/KazhdanHypLiteralFillingDegree.lean:290:2: 'GroupApproximation.GGT.KazhdanHypLiteralFillingDegree.not_literalRelatorOnlyFilling_cubeTable' depends on axioms: [propext,
 Classical.choice,
 Quot.sound]
info: GroupApproximation/GGT/KazhdanHypLiteralFillingDegree.lean:292:2: 'GroupApproximation.GGT.KazhdanHypLiteralFillingDegree.not_leastLiteralDiscLocalData_of_girthEightChecks' depends on axioms: [propext,
 Classical.choice,
 Quot.sound]
ℹ [10181/10294] Replayed GroupApproximation.GGT.KazhdanHypSymmetrizedFilling
info: GroupApproximation/GGT/KazhdanHypSymmetrizedFilling.lean:181:14: 'GroupApproximation.GGT.KazhdanHypSymmetrizedFilling.reduced_of_least_of_filling' depends on axioms: [propext,
 Classical.choice,
 Quot.sound]
info: GroupApproximation/GGT/KazhdanHypSymmetrizedFilling.lean:182:14: 'GroupApproximation.GGT.KazhdanHypSymmetrizedFilling.relators_subset_listVal_image' depends on axioms: [propext,
 Classical.choice,
 Quot.sound]
info: GroupApproximation/GGT/KazhdanHypSymmetrizedFilling.lean:184:2: 'GroupApproximation.GGT.KazhdanHypSymmetrizedFilling.symmetrizedLeastDisc_of_symmetrizedLiteralFilling' depends on axioms: [propext,
 Classical.choice,
 Quot.sound]
ℹ [10182/10294] Replayed GroupApproximation.GGT.KazhdanHypSymPowerDisc
info: GroupApproximation/GGT/KazhdanHypSymPowerDisc.lean:182:14: 'GroupApproximation.GGT.KazhdanHypSymPowerDisc.mk_flatten_replicate' depends on axioms: [propext, Quot.sound]
info: GroupApproximation/GGT/KazhdanHypSymPowerDisc.lean:183:14: 'GroupApproximation.GGT.KazhdanHypSymPowerDisc.nonempty_symPowerDisc_of_symmetrizedLeastDisc' depends on axioms: [propext,
 Classical.choice,
 Quot.sound]
info: GroupApproximation/GGT/KazhdanHypSymPowerDisc.lean:184:14: 'GroupApproximation.GGT.KazhdanHypSymPowerDisc.nonempty_symPowerDisc_of_symmetrizedLiteralFilling' depends on axioms: [propext,
 Classical.choice,
 Quot.sound]
ℹ [10237/10469] Replayed GroupApproximation.GGT.HullSCLeastAreaGreendlingerTwins
info: GroupApproximation/GGT/HullSCLeastAreaGreendlingerTwins.lean:909:14: 'GroupApproximation.GGT.VanKampen.lemma49Certificate_of_relativeGreendlingerLeastArea' depends on axioms: [propext,
 Classical.choice,
 Quot.sound]
info: GroupApproximation/GGT/HullSCLeastAreaGreendlingerTwins.lean:910:14: 'GroupApproximation.HullSC.relativeGreendlingerQuasiGeodesicSpellingLeastAreaStatement_of_leastAreaGreendlinger' depends on axioms: [propext,
 Classical.choice,
 Quot.sound]
info: GroupApproximation/GGT/HullSCLeastAreaGreendlingerTwins.lean:911:14: 'GroupApproximation.HullSC.relativeGreendlingerGeodesicLengthLeastAreaStatement_of_leastAreaGreendlinger' depends on axioms: [propext,
 Classical.choice,
 Quot.sound]
info: GroupApproximation/GGT/HullSCLeastAreaGreendlingerTwins.lean:912:14: 'GroupApproximation.HullSC.injOn_relativeBall_of_geodesicLengthLeastAreaCertificates' depends on axioms: [propext,
 Classical.choice,
 Quot.sound]
info: GroupApproximation/GGT/HullSCLeastAreaGreendlingerTwins.lean:913:14: 'GroupApproximation.HullSC.exists_relativeBallInjectivityParameters_of_geodesicLengthLeastAreaGreendlinger' depends on axioms: [propext,
 Classical.choice,
 Quot.sound]
info: GroupApproximation/GGT/HullSCLeastAreaGreendlingerTwins.lean:914:14: 'GroupApproximation.HullSC.hullLemma49InjectivityCallback_of_geodesicLengthLeastAreaGreendlinger' depends on axioms: [propext,
 Classical.choice,
 Quot.sound]
info: GroupApproximation/GGT/HullSCLeastAreaGreendlingerTwins.lean:915:14: 'GroupApproximation.HullSC.injOn_relativeBall_of_quasiGeodesicLeastAreaCertificates' depends on axioms: [propext,
 Classical.choice,
 Quot.sound]
info: GroupApproximation/GGT/HullSCLeastAreaGreendlingerTwins.lean:916:14: 'GroupApproximation.HullSC.injOn_ball_and_peripheralUnion_of_quasiGeodesicLeastAreaCertificates' depends on axioms: [propext,
 Classical.choice,
 Quot.sound]
info: GroupApproximation/GGT/HullSCLeastAreaGreendlingerTwins.lean:917:14: 'GroupApproximation.HullSC.exists_parameters_false_of_longPeriod_leastAreaPowerDiagram_source' depends on axioms: [propext,
 Classical.choice,
 Quot.sound]
info: GroupApproximation/GGT/HullSCLeastAreaGreendlingerTwins.lean:918:14: 'GroupApproximation.HullSC.exists_parameters_false_of_shortLoxodromic_leastAreaPowerDiagram_source' depends on axioms: [propext,
 Classical.choice,
 Quot.sound]
info: GroupApproximation/GGT/HullSCLeastAreaGreendlingerTwins.lean:919:14: 'GroupApproximation.HullSC.hullLemma49ShortestGeodesicLeastAreaPowerDiagram_of_sourceBranches' depends on axioms: [propext,
 Classical.choice,
 Quot.sound]
info: GroupApproximation/GGT/HullSCLeastAreaGreendlingerTwins.lean:920:14: 'GroupApproximation.HullSC.hullLemma49KernelPowerStatement_of_leastAreaPowerDiagram' depends on axioms: [propext,
 Classical.choice,
 Quot.sound]
info: GroupApproximation/GGT/HullSCLeastAreaGreendlingerTwins.lean:921:14: 'GroupApproximation.HullSC.hullLemma49ShortestGeodesicLeastAreaPowerDiagram_of_leastAreaGreendlinger' depends on axioms: [propext,
 Classical.choice,
 Quot.sound]
info: GroupApproximation/GGT/HullSCLeastAreaGreendlingerTwins.lean:922:14: 'GroupApproximation.HullSC.hullLemma49KernelPowerStatement_of_leastAreaGreendlinger' depends on axioms: [propext,
 Classical.choice,
 Quot.sound]
ℹ [10238/10469] Replayed GroupApproximation.GGT.HullSCBoundedImageEmbeddingLeastArea
info: GroupApproximation/GGT/HullSCBoundedImageEmbeddingLeastArea.lean:38:14: 'GroupApproximation.HullSC.boundedImageEmbeddingStatement_of_quasiGeodesicLeastArea' depends on axioms: [propext,
 Classical.choice,
 Quot.sound]
ℹ [10240/10469] Replayed GroupApproximation.GGT.HullSCLemma44BoundedLeastAreaCanonical
info: GroupApproximation/GGT/HullSCLemma44BoundedLeastAreaCanonical.lean:161:14: 'GroupApproximation.HullSC.boundedHullLemma44CanonicalQuotientStatement_of_quasiGeodesicLeastArea' depends on axioms: [propext,
 Classical.choice,
 Quot.sound]
info: GroupApproximation/GGT/HullSCLemma44BoundedLeastAreaCanonical.lean:162:21: 'GroupApproximation.HullSC.yiSuitableFiniteFamily_closed' depends on axioms: [propext, Classical.choice, Quot.sound]
info: GroupApproximation/GGT/HullSCLemma44BoundedLeastAreaCanonical.lean:163:14: 'GroupApproximation.HullSC.torsionFreeHullCanonicalQuotientStatement_of_leastAreaLeaves' depends on axioms: [propext,
 Classical.choice,
 Quot.sound]
info: GroupApproximation/GGT/HullSCLemma44BoundedLeastAreaCanonical.lean:164:14: 'GroupApproximation.HullSC.hullOneStepStatement_of_leastAreaLeaves' depends on axioms: [propext,
 Classical.choice,
 Quot.sound]
info: GroupApproximation/GGT/HullSCLemma44BoundedLeastAreaCanonical.lean:165:14: 'GroupApproximation.HullSC.hullOneStepStatement_of_leastAreaGreendlinger_of_boundedTransfer' depends on axioms: [propext,
 Classical.choice,
 Quot.sound]
ℹ [10263/10469] Replayed GroupApproximation.GGT.HullSCTheorem71GeneralLeastArea
info: GroupApproximation/GGT/HullSCTheorem71GeneralLeastArea.lean:89:14: 'GroupApproximation.HullSC.hullCanonicalQuotientStatementGeneral_of_leastAreaLeaves' depends on axioms: [propext,
 Classical.choice,
 Quot.sound]
info: GroupApproximation/GGT/HullSCTheorem71GeneralLeastArea.lean:90:14: 'GroupApproximation.HullSC.hullOneStepStatementGeneral_of_leastAreaLeaves' depends on axioms: [propext,
 Classical.choice,
 Quot.sound]
info: GroupApproximation/GGT/HullSCTheorem71GeneralLeastArea.lean:91:14: 'GroupApproximation.HullSC.hullTowerStatementGeneral_of_leastAreaLeaves' depends on axioms: [propext,
 Classical.choice,
 Quot.sound]
info: GroupApproximation/GGT/HullSCTheorem71GeneralLeastArea.lean:92:14: 'GroupApproximation.HullSC.hullBallFormStatementGeneral_of_leastAreaLeaves' depends on axioms: [propext,
 Classical.choice,
 Quot.sound]
info: GroupApproximation/GGT/HullSCTheorem71GeneralLeastArea.lean:93:14: 'GroupApproximation.HullSC.hullBallFormStatementGeneral_of_leastAreaGreendlinger_of_boundedTransfer' depends on axioms: [propext,
 Classical.choice,
 Quot.sound]
ℹ [10264/10469] Replayed GroupApproximation.GGT.HullSCGreendlingerForms
info: GroupApproximation/GGT/HullSCGreendlingerForms.lean:98:14: 'GroupApproximation.HullSC.hullCanonicalQuotientStatementGeneral_of_greendlinger' depends on axioms: [propext,
 Classical.choice,
 Quot.sound]
info: GroupApproximation/GGT/HullSCGreendlingerForms.lean:99:14: 'GroupApproximation.HullSC.hullOneStepStatementGeneral_of_greendlinger' depends on axioms: [propext,
 Classical.choice,
 Quot.sound]
info: GroupApproximation/GGT/HullSCGreendlingerForms.lean:100:14: 'GroupApproximation.HullSC.hullTowerStatementGeneral_of_greendlinger' depends on axioms: [propext,
 Classical.choice,
 Quot.sound]
info: GroupApproximation/GGT/HullSCGreendlingerForms.lean:101:14: 'GroupApproximation.HullSC.hullBallFormStatementGeneral_of_greendlinger' depends on axioms: [propext,
 Classical.choice,
 Quot.sound]
info: GroupApproximation/GGT/HullSCGreendlingerForms.lean:102:14: 'GroupApproximation.HullSC.boundedHullLemma44CanonicalQuotientStatement_of_greendlinger' depends on axioms: [propext,
 Classical.choice,
 Quot.sound]
info: GroupApproximation/GGT/HullSCGreendlingerForms.lean:103:14: 'GroupApproximation.HullSC.torsionFreeHullCanonicalQuotientStatement_of_greendlinger' depends on axioms: [propext,
 Classical.choice,
 Quot.sound]
info: GroupApproximation/GGT/HullSCGreendlingerForms.lean:104:14: 'GroupApproximation.HullSC.hullOneStepStatement_of_greendlinger' depends on axioms: [propext,
 Classical.choice,
 Quot.sound]
ℹ [10265/10469] Replayed GroupApproximation.GGT.HullSCLemma44BoundedFamilyBridge
info: GroupApproximation/GGT/HullSCLemma44BoundedFamilyBridge.lean:157:14: 'GroupApproximation.HullSC.boundedFamilyInclusionRelativeEmbeddingStatement_of_quasiGeodesic_of_respelling' depends on axioms: [propext,
 Classical.choice,
 Quot.sound]
info: GroupApproximation/GGT/HullSCLemma44BoundedFamilyBridge.lean:158:14: 'GroupApproximation.HullSC.boundedHullLemma44CanonicalQuotientFamilyInclusionJointStatement_of_canonical_of_embeddings' depends on axioms: [propext,
 Classical.choice,
 Quot.sound]
info: GroupApproximation/GGT/HullSCLemma44BoundedFamilyBridge.lean:159:14: 'GroupApproximation.HullSC.boundedHullLemma44CanonicalQuotientFamilyInclusionStatement_of_joint' depends on axioms: [propext,
 Classical.choice,
 Quot.sound]
info: GroupApproximation/GGT/HullSCLemma44BoundedFamilyBridge.lean:160:14: 'GroupApproximation.HullSC.boundedHullLemma44CanonicalQuotientFamilyInclusionStatement_of_proposition414Uniform' depends on axioms: [propext,
 Classical.choice,
 Quot.sound]
ℹ [10266/10469] Replayed GroupApproximation.GGT.HullSCLemma44BoundedLeastAreaFamilyBridge
info: GroupApproximation/GGT/HullSCLemma44BoundedLeastAreaFamilyBridge.lean:85:14: 'GroupApproximation.HullSC.boundedFamilyInclusionRelativeEmbeddingStatement_of_leastAreaQuasiGeodesic_of_respelling' depends on axioms: [propext,
 Classical.choice,
 Quot.sound]
ℹ [10293/10469] Replayed GroupApproximation.GGT.RelHypProp23FromLeastAreaLeaves
info: GroupApproximation/GGT/RelHypProp23FromLeastAreaLeaves.lean:46:14: 'GroupApproximation.GGT.RelHyp.fournierFacioQuotientStatement_of_leastAreaLeaves' depends on axioms: [propext,
 Classical.choice,
 Quot.sound]
ℹ [10345/10469] Replayed GroupApproximation.GGT.VanKampen.GFaceQuadrilateralRegion
info: GroupApproximation/GGT/VanKampen/GFaceQuadrilateralRegion.lean:410:14: 'GroupApproximation.GGT.VanKampen.Embedded.RegionCandidate.SameTargetProfile.trans' depends on axioms: [propext,
 Classical.choice,
 Quot.sound]
info: GroupApproximation/GGT/VanKampen/GFaceQuadrilateralRegion.lean:411:14: 'GroupApproximation.GGT.VanKampen.DiscEmbeddingAway.faceOf_darts' depends on axioms: [propext,
 Classical.choice,
 Quot.sound]
info: GroupApproximation/GGT/VanKampen/GFaceQuadrilateralRegion.lean:412:14: 'GroupApproximation.GGT.VanKampen.DiscEmbeddingAway.regionFamily_profile' depends on axioms: [propext,
 Classical.choice,
 Quot.sound]
info: GroupApproximation/GGT/VanKampen/GFaceQuadrilateralRegion.lean:413:14: 'GroupApproximation.GGT.VanKampen.DiscEmbeddingAway.regionFamily_noLoop' depends on axioms: [propext,
 Classical.choice,
 Quot.sound]
info: GroupApproximation/GGT/VanKampen/GFaceQuadrilateralRegion.lean:414:14: 'GroupApproximation.GGT.VanKampen.GFaceWordInsertion.exists_quadrilateral_region' depends on axioms: [propext,
 Classical.choice,
 Quot.sound]
ℹ [10358/10469] Replayed GroupApproximation.GGT.VanKampen.Estimating.OsinUnboundCaseOne
info: GroupApproximation/GGT/VanKampen/Estimating/OsinUnboundCaseOne.lean:210:14: 'GroupApproximation.GGT.VanKampen.Embedded.RegionCandidate.respectsSections_of_sameTargetProfile' depends on axioms: [propext,
 Classical.choice,
 Quot.sound]
info: GroupApproximation/GGT/VanKampen/Estimating/OsinUnboundCaseOne.lean:211:14: 'GroupApproximation.GGT.VanKampen.Surgery.InnerGRegion.regionFamily_profile' depends on axioms: [propext,
 Classical.choice,
 Quot.sound]
info: GroupApproximation/GGT/VanKampen/Estimating/OsinUnboundCaseOne.lean:212:14: 'GroupApproximation.GGT.VanKampen.Surgery.InnerGRegion.regionFamily_noLoop' depends on axioms: [propext,
 Classical.choice,
 Quot.sound]
info: GroupApproximation/GGT/VanKampen/Estimating/OsinUnboundCaseOne.lean:213:14: 'GroupApproximation.GGT.VanKampen.Surgery.InnerGRegion.regionFamily_avoid_merged' depends on axioms: [propext,
 Classical.choice,
 Quot.sound]
info: GroupApproximation/GGT/VanKampen/Estimating/OsinUnboundCaseOne.lean:214:14: 'GroupApproximation.GGT.VanKampen.RealizedSectionFamily.false_of_quadrilateral_region' depends on axioms: [propext,
 Classical.choice,
 Quot.sound]
ℹ [10359/10469] Replayed GroupApproximation.GGT.VanKampen.SurgeryGFaceMergeRegions
info: GroupApproximation/GGT/VanKampen/SurgeryGFaceMergeRegions.lean:601:14: 'GroupApproximation.GGT.VanKampen.Surgery.GFaceMerge.transportBoundary' depends on axioms: [propext,
 Classical.choice,
 Quot.sound]
info: GroupApproximation/GGT/VanKampen/SurgeryGFaceMergeRegions.lean:602:14: 'GroupApproximation.GGT.VanKampen.Surgery.GFaceMerge.shelling' depends on axioms: [propext,
 Classical.choice,
 Quot.sound]
info: GroupApproximation/GGT/VanKampen/SurgeryGFaceMergeRegions.lean:603:14: 'GroupApproximation.GGT.VanKampen.Surgery.GFaceMerge.contiguityGeometry' depends on axioms: [propext,
 Classical.choice,
 Quot.sound]
info: GroupApproximation/GGT/VanKampen/SurgeryGFaceMergeRegions.lean:604:14: 'GroupApproximation.GGT.VanKampen.Surgery.GFaceMerge.contiguityGeometry_injective' depends on axioms: [propext,
 Classical.choice,
 Quot.sound]
info: GroupApproximation/GGT/VanKampen/SurgeryGFaceMergeRegions.lean:605:14: 'GroupApproximation.GGT.VanKampen.Surgery.GFaceMerge.regionCandidate_injective' depends on axioms: [propext,
 Classical.choice,
 Quot.sound]
info: GroupApproximation/GGT/VanKampen/SurgeryGFaceMergeRegions.lean:606:14: 'GroupApproximation.GGT.VanKampen.Surgery.GFaceMerge.regionFamily_card' depends on axioms: [propext,
 Classical.choice,
 Quot.sound]
info: GroupApproximation/GGT/VanKampen/SurgeryGFaceMergeRegions.lean:607:14: 'GroupApproximation.GGT.VanKampen.Surgery.GFaceMerge.regionFamily_weight' depends on axioms: [propext,
 Classical.choice,
 Quot.sound]
info: GroupApproximation/GGT/VanKampen/SurgeryGFaceMergeRegions.lean:608:14: 'GroupApproximation.GGT.VanKampen.Surgery.GFaceMerge.regionFamily_pairwise' depends on axioms: [propext,
 Classical.choice,
 Quot.sound]
info: GroupApproximation/GGT/VanKampen/SurgeryGFaceMergeRegions.lean:609:14: 'GroupApproximation.GGT.VanKampen.Surgery.GFaceMerge.regionFamily_profile' depends on axioms: [propext,
 Classical.choice,
 Quot.sound]
info: GroupApproximation/GGT/VanKampen/SurgeryGFaceMergeRegions.lean:610:14: 'GroupApproximation.GGT.VanKampen.Surgery.GFaceMerge.regionFamily_noLoop' depends on axioms: [propext,
 Classical.choice,
 Quot.sound]
info: GroupApproximation/GGT/VanKampen/SurgeryGFaceMergeRegions.lean:611:14: 'GroupApproximation.GGT.VanKampen.Surgery.GFaceMerge.regionFamily_avoid_merged' depends on axioms: [propext,
 Classical.choice,
 Quot.sound]
info: GroupApproximation/GGT/VanKampen/SurgeryGFaceMergeRegions.lean:612:14: 'GroupApproximation.GGT.VanKampen.Surgery.GFaceMerge.unboundDarts_eq' depends on axioms: [propext,
 Classical.choice,
 Quot.sound]
info: GroupApproximation/GGT/VanKampen/SurgeryGFaceMergeRegions.lean:613:14: 'GroupApproximation.GGT.VanKampen.Surgery.GFaceMerge.sum_unboundDarts_card' depends on axioms: [propext,
 Classical.choice,
 Quot.sound]
info: GroupApproximation/GGT/VanKampen/SurgeryGFaceMergeRegions.lean:614:14: 'GroupApproximation.GGT.VanKampen.Surgery.GFaceMerge.transportSection' depends on axioms: [propext,
 Classical.choice,
 Quot.sound]
info: GroupApproximation/GGT/VanKampen/SurgeryGFaceMergeRegions.lean:615:14: 'GroupApproximation.GGT.VanKampen.Surgery.GFaceMerge.transportSection_weight' depends on axioms: [propext,
 Classical.choice,
 Quot.sound]
info: GroupApproximation/GGT/VanKampen/SurgeryGFaceMergeRegions.lean:616:14: 'GroupApproximation.GGT.VanKampen.Surgery.GFaceMerge.transportSection_labelLegal' depends on axioms: [propext,
 Classical.choice,
 Quot.sound]
ℹ [10375/10469] Replayed GroupApproximation.GGT.VanKampen.Estimating.OsinLemma94Pieces
info: GroupApproximation/GGT/VanKampen/Estimating/OsinLemma94Pieces.lean:242:14: 'GroupApproximation.GGT.VanKampen.OsinLemma94PlanarPolygons.unbound_lt' depends on axioms: [propext,
 Classical.choice,
 Quot.sound]
info: GroupApproximation/GGT/VanKampen/Estimating/OsinLemma94Pieces.lean:243:14: 'GroupApproximation.GGT.VanKampen.osinLemma94Section_of_pieces' depends on axioms: [propext,
 Classical.choice,
 Quot.sound]
ℹ [10376/10469] Replayed GroupApproximation.GGT.VanKampen.Estimating.OsinLemma94PlanarPieces
info: GroupApproximation/GGT/VanKampen/Estimating/OsinLemma94PlanarPieces.lean:487:14: 'GroupApproximation.GGT.VanKampen.GloballyDistinguishedSectionFamily.family_card_eq' depends on axioms: [propext,
 Classical.choice,
 Quot.sound]
info: GroupApproximation/GGT/VanKampen/Estimating/OsinLemma94PlanarPieces.lean:488:14: 'GroupApproximation.GGT.VanKampen.GloballyDistinguishedSectionFamily.exists_dartMinimal' depends on axioms: [propext,
 Classical.choice,
 Quot.sound]
info: GroupApproximation/GGT/VanKampen/Estimating/OsinLemma94PlanarPieces.lean:489:14: 'GroupApproximation.GGT.VanKampen.OsinLemma94RealizedPolygons.unbound_lt_of_pieces' depends on axioms: [propext,
 Classical.choice,
 Quot.sound]
info: GroupApproximation/GGT/VanKampen/Estimating/OsinLemma94PlanarPieces.lean:490:14: 'GroupApproximation.GGT.VanKampen.osinLemma94Section_of_planarPieces' depends on axioms: [propext,
 Classical.choice,
 Quot.sound]
ℹ [10377/10469] Replayed GroupApproximation.GGT.VanKampen.Estimating.OsinUnboundMerged
info: GroupApproximation/GGT/VanKampen/Estimating/OsinUnboundMerged.lean:169:14: 'GroupApproximation.GGT.VanKampen.Surgery.GFaceMerge.transportDistinguished' depends on axioms: [propext,
 Classical.choice,
 Quot.sound]
info: GroupApproximation/GGT/VanKampen/Estimating/OsinUnboundMerged.lean:170:14: 'GroupApproximation.GGT.VanKampen.Surgery.GFaceMerge.transportDistinguished_weight' depends on axioms: [propext,
 Classical.choice,
 Quot.sound]
info: GroupApproximation/GGT/VanKampen/Estimating/OsinUnboundMerged.lean:171:14: 'GroupApproximation.GGT.VanKampen.Surgery.GFaceMerge.transportDistinguished_card' depends on axioms: [propext,
 Classical.choice,
 Quot.sound]
info: GroupApproximation/GGT/VanKampen/Estimating/OsinUnboundMerged.lean:172:14: 'GroupApproximation.GGT.VanKampen.Surgery.GFaceMerge.transportDistinguished_avoid_merged' depends on axioms: [propext,
 Classical.choice,
 Quot.sound]
info: GroupApproximation/GGT/VanKampen/Estimating/OsinUnboundMerged.lean:173:14: 'GroupApproximation.GGT.VanKampen.Surgery.GFaceMerge.transportDistinguished_sum_unboundDarts_card' depends on axioms: [propext,
 Classical.choice,
 Quot.sound]
info: GroupApproximation/GGT/VanKampen/Estimating/OsinUnboundMerged.lean:174:14: 'GroupApproximation.GGT.VanKampen.GloballyDistinguishedSectionFamily.exists_unselectedGFacesMerged' depends on axioms: [propext,
 Classical.choice,
 Quot.sound]
ℹ [10378/10469] Replayed GroupApproximation.GGT.VanKampen.Estimating.OsinLemma94InsertionTransport
info: GroupApproximation/GGT/VanKampen/Estimating/OsinLemma94InsertionTransport.lean:386:14: 'GroupApproximation.GGT.VanKampen.DiscEmbeddingAway.darts_mem_map_iff' depends on axioms: [propext,
 Classical.choice,
 Quot.sound]
info: GroupApproximation/GGT/VanKampen/Estimating/OsinLemma94InsertionTransport.lean:387:14: 'GroupApproximation.GGT.VanKampen.DiscEmbeddingAway.darts_mem_cellArcDarts_iff' depends on axioms: [propext,
 Classical.choice,
 Quot.sound]
info: GroupApproximation/GGT/VanKampen/Estimating/OsinLemma94InsertionTransport.lean:388:14: 'GroupApproximation.GGT.VanKampen.DiscEmbeddingAway.darts_mem_boundDarts_regionFamily_iff' depends on axioms: [propext,
 Classical.choice,
 Quot.sound]
info: GroupApproximation/GGT/VanKampen/Estimating/OsinLemma94InsertionTransport.lean:389:14: 'GroupApproximation.GGT.VanKampen.DiscEmbeddingAway.unboundDarts_regionFamily' depends on axioms: [propext,
 Classical.choice,
 Quot.sound]
info: GroupApproximation/GGT/VanKampen/Estimating/OsinLemma94InsertionTransport.lean:390:14: 'GroupApproximation.GGT.VanKampen.DiscEmbeddingAway.sum_unboundDarts_regionFamily_card' depends on axioms: [propext,
 Classical.choice,
 Quot.sound]
info: GroupApproximation/GGT/VanKampen/Estimating/OsinLemma94InsertionTransport.lean:391:14: 'GroupApproximation.GGT.VanKampen.GFaceWordInsertion.SplitOutput.faceOf_retained_or_sides' depends on axioms: [propext,
 Classical.choice,
 Quot.sound]
info: GroupApproximation/GGT/VanKampen/Estimating/OsinLemma94InsertionTransport.lean:392:14: 'GroupApproximation.GGT.VanKampen.GFaceWordInsertion.SplitOutput.mem_range_or_path' depends on axioms: [propext,
 Classical.choice,
 Quot.sound]
info: GroupApproximation/GGT/VanKampen/Estimating/OsinLemma94InsertionTransport.lean:393:14: 'GroupApproximation.GGT.VanKampen.GFaceWordInsertion.SplitOutput.dartCount_le_add_two_mul' depends on axioms: [propext,
 Classical.choice,
 Quot.sound]
info: GroupApproximation/GGT/VanKampen/Estimating/OsinLemma94InsertionTransport.lean:394:14: 'GroupApproximation.GGT.VanKampen.RealizedSectionFamily.insertionSection' depends on axioms: [propext,
 Classical.choice,
 Quot.sound]
info: GroupApproximation/GGT/VanKampen/Estimating/OsinLemma94InsertionTransport.lean:395:14: 'GroupApproximation.GGT.VanKampen.RealizedSectionFamily.insertionSection_weight' depends on axioms: [propext,
 Classical.choice,
 Quot.sound]
info: GroupApproximation/GGT/VanKampen/Estimating/OsinLemma94InsertionTransport.lean:396:14: 'GroupApproximation.GGT.VanKampen.GloballyDistinguishedSectionFamily.insertionTransport' depends on axioms: [propext,
 Classical.choice,
 Quot.sound]
info: GroupApproximation/GGT/VanKampen/Estimating/OsinLemma94InsertionTransport.lean:397:14: 'GroupApproximation.GGT.VanKampen.GloballyDistinguishedSectionFamily.insertionTransport_card' depends on axioms: [propext,
 Classical.choice,
 Quot.sound]
info: GroupApproximation/GGT/VanKampen/Estimating/OsinLemma94InsertionTransport.lean:398:14: 'GroupApproximation.GGT.VanKampen.GloballyDistinguishedSectionFamily.insertionTransport_unboundSum' depends on axioms: [propext,
 Classical.choice,
 Quot.sound]
info: GroupApproximation/GGT/VanKampen/Estimating/OsinLemma94InsertionTransport.lean:399:14: 'GroupApproximation.GGT.VanKampen.GloballyDistinguishedSectionFamily.insertionTransport_dartCount_le' depends on axioms: [propext,
 Classical.choice,
 Quot.sound]
info: GroupApproximation/GGT/VanKampen/Estimating/OsinLemma94InsertionTransport.lean:400:14: 'GroupApproximation.GGT.VanKampen.GloballyDistinguishedSectionFamily.insertionTransport_avoid' depends on axioms: [propext,
 Classical.choice,
 Quot.sound]
info: GroupApproximation/GGT/VanKampen/Estimating/OsinLemma94InsertionTransport.lean:401:14: 'GroupApproximation.GGT.VanKampen.GloballyDistinguishedSectionFamily.insertionTransport_profile' depends on axioms: [propext,
 Classical.choice,
 Quot.sound]
ℹ [10379/10469] Replayed GroupApproximation.GGT.VanKampen.Estimating.DiscEmbeddingAwayUnbound
info: GroupApproximation/GGT/VanKampen/Estimating/DiscEmbeddingAwayUnbound.lean:123:14: 'GroupApproximation.GGT.VanKampen.GFaceWordInsertion.CornerOutput.retainedDistinguished' depends on axioms: [propext,
 Classical.choice,
 Quot.sound]
info: GroupApproximation/GGT/VanKampen/Estimating/DiscEmbeddingAwayUnbound.lean:124:14: 'GroupApproximation.GGT.VanKampen.GFaceWordInsertion.CornerOutput.retainedDistinguished_unboundSum' depends on axioms: [propext,
 Classical.choice,
 Quot.sound]
ℹ [10380/10469] Replayed GroupApproximation.GGT.VanKampen.Estimating.OsinAppendixSectionBridge
info: GroupApproximation/GGT/VanKampen/Estimating/OsinAppendixSectionBridge.lean:250:14: 'GroupApproximation.GGT.VanKampen.DiscDiagram.reduced_of_leastArea' depends on axioms: [propext,
 Classical.choice,
 Quot.sound]
info: GroupApproximation/GGT/VanKampen/Estimating/OsinAppendixSectionBridge.lean:251:14: 'GroupApproximation.GGT.VanKampen.relativeGreendlingerQuasiGeodesicLeastArea_of_reduced' depends on axioms: [propext,
 Classical.choice,
 Quot.sound]
info: GroupApproximation/GGT/VanKampen/Estimating/OsinAppendixSectionBridge.lean:252:14: 'GroupApproximation.GGT.VanKampen.exists_globallyDistinguishedSectionFamily' depends on axioms: [propext,
 Classical.choice,
 Quot.sound]
info: GroupApproximation/GGT/VanKampen/Estimating/OsinAppendixSectionBridge.lean:253:14: 'GroupApproximation.GGT.VanKampen.relativeGreendlingerQuasiGeodesicLeastArea_of_osinLemma97' depends on axioms: [propext,
 Classical.choice,
 Quot.sound]
ℹ [10390/10469] Replayed GroupApproximation.GGT.VanKampen.Estimating.OsinAppendixSectionDarts
info: GroupApproximation/GGT/VanKampen/Estimating/OsinAppendixSectionDarts.lean:189:14: 'GroupApproximation.GGT.VanKampen.SectionCuts.flatten_ofFn_pieces' depends on axioms: [propext,
 Classical.choice,
 Quot.sound]
info: GroupApproximation/GGT/VanKampen/Estimating/OsinAppendixSectionDarts.lean:190:14: 'GroupApproximation.GGT.VanKampen.Embedded.CyclicArc.mem_drop_take_of_le' depends on axioms: [propext,
 Classical.choice,
 Quot.sound]
info: GroupApproximation/GGT/VanKampen/Estimating/OsinAppendixSectionDarts.lean:191:14: 'GroupApproximation.GGT.VanKampen.Embedded.RegionCandidate.targetsSection_of_targetsSectionIndex' depends on axioms: [propext,
 Classical.choice,
 Quot.sound]
info: GroupApproximation/GGT/VanKampen/Estimating/OsinAppendixSectionDarts.lean:192:14: 'GroupApproximation.GGT.VanKampen.Embedded.RegionCandidate.sourceArc_length_le_of_shortSection' depends on axioms: [propext,
 Classical.choice,
 Quot.sound]
ℹ [10391/10469] Replayed GroupApproximation.GGT.VanKampen.Estimating.OsinAppendixSectionPieces
info: GroupApproximation/GGT/VanKampen/Estimating/OsinAppendixSectionPieces.lean:397:14: 'GroupApproximation.GGT.VanKampen.Embedded.ContiguityGeometry.arcs_value' depends on axioms: [propext,
 Classical.choice,
 Quot.sound]
info: GroupApproximation/GGT/VanKampen/Estimating/OsinAppendixSectionPieces.lean:398:14: 'GroupApproximation.GGT.VanKampen.Embedded.ContiguityGeometry.isPublishedPiece_of_equations' depends on axioms: [propext,
 Classical.choice,
 Quot.sound]
info: GroupApproximation/GGT/VanKampen/Estimating/OsinAppendixSectionPieces.lean:399:14: 'GroupApproximation.GGT.VanKampen.Embedded.ContiguityGeometry.arcLengths_le_two_mu_source' depends on axioms: [propext,
 Classical.choice,
 Quot.sound]
info: GroupApproximation/GGT/VanKampen/Estimating/OsinAppendixSectionPieces.lean:400:14: 'GroupApproximation.GGT.VanKampen.Embedded.ContiguityGeometry.arcLengths_le_two_mu_target' depends on axioms: [propext,
 Classical.choice,
 Quot.sound]
info: GroupApproximation/GGT/VanKampen/Estimating/OsinAppendixSectionPieces.lean:401:14: 'GroupApproximation.GGT.VanKampen.Embedded.RegionCandidate.contiguityDegree_lt_mu' depends on axioms: [propext,
 Classical.choice,
 Quot.sound]
ℹ [10392/10469] Replayed GroupApproximation.GGT.VanKampen.Estimating.OsinAppendixSectionDegenerate
info: GroupApproximation/GGT/VanKampen/Estimating/OsinAppendixSectionDegenerate.lean:217:14: 'GroupApproximation.GGT.VanKampen.Embedded.ContiguityGeometry.targetBoundary_quasi_lower' depends on axioms: [propext,
 Classical.choice,
 Quot.sound]
info: GroupApproximation/GGT/VanKampen/Estimating/OsinAppendixSectionDegenerate.lean:218:14: 'GroupApproximation.GGT.VanKampen.Embedded.ContiguityGeometry.arcLengths_le_of_degenerate' depends on axioms: [propext,
 Classical.choice,
 Quot.sound]
info: GroupApproximation/GGT/VanKampen/Estimating/OsinAppendixSectionDegenerate.lean:219:14: 'GroupApproximation.GGT.VanKampen.Embedded.RegionCandidate.weight_le_of_degenerate' depends on axioms: [propext,
 Classical.choice,
 Quot.sound]
ℹ [10393/10469] Replayed GroupApproximation.GGT.VanKampen.Estimating.OsinAppendixSectionMultipleEdge
info: GroupApproximation/GGT/VanKampen/Estimating/OsinAppendixSectionMultipleEdge.lean:306:14: 'GroupApproximation.GGT.VanKampen.OsinLoopCut.false_of_below' depends on axioms: [propext, Classical.choice, Quot.sound]
info: GroupApproximation/GGT/VanKampen/Estimating/OsinAppendixSectionMultipleEdge.lean:307:14: 'GroupApproximation.GGT.VanKampen.OEquivalentDiscDiagram.leastArea' depends on axioms: [propext,
 Classical.choice,
 Quot.sound]
info: GroupApproximation/GGT/VanKampen/Estimating/OsinAppendixSectionMultipleEdge.lean:308:14: 'GroupApproximation.GGT.VanKampen.RegionCandidate.contiguityDegree_lt_mu_of_o52' depends on axioms: [propext,
 Classical.choice,
 Quot.sound]
info: GroupApproximation/GGT/VanKampen/Estimating/OsinAppendixSectionMultipleEdge.lean:309:14: 'GroupApproximation.GGT.VanKampen.RegionCandidate.contiguityDegree_lt_half_mu_of_shortSection' depends on axioms: [propext,
 Classical.choice,
 Quot.sound]
info: GroupApproximation/GGT/VanKampen/Estimating/OsinAppendixSectionMultipleEdge.lean:310:14: 'GroupApproximation.GGT.VanKampen.OsinMultipleEdgeCut.false_of_below' depends on axioms: [propext,
 Classical.choice,
 Quot.sound]
ℹ [10395/10469] Replayed GroupApproximation.GGT.VanKampen.Estimating.OsinAppendixSectionInterior
info: GroupApproximation/GGT/VanKampen/Estimating/OsinAppendixSectionInterior.lean:215:14: 'GroupApproximation.GGT.VanKampen.Embedded.RegionCandidate.InteriorEdge.weight_le_incident' depends on axioms: [propext,
 Classical.choice,
 Quot.sound]
info: GroupApproximation/GGT/VanKampen/Estimating/OsinAppendixSectionInterior.lean:216:14: 'GroupApproximation.GGT.VanKampen.Embedded.RegionCandidate.interior_total_le' depends on axioms: [propext,
 Classical.choice,
 Quot.sound]
info: GroupApproximation/GGT/VanKampen/Estimating/OsinAppendixSectionInterior.lean:217:14: 'GroupApproximation.GGT.VanKampen.Embedded.RegionCandidate.interior_total_le_of_o52' depends on axioms: [propext,
 Classical.choice,
 Quot.sound]
ℹ [10397/10469] Replayed GroupApproximation.GGT.VanKampen.Estimating.OsinAppendixSectionInduction
info: GroupApproximation/GGT/VanKampen/Estimating/OsinAppendixSectionInduction.lean:234:14: 'GroupApproximation.GGT.VanKampen.osinLemma97_atParameters_of_inputs' depends on axioms: [propext,
 Classical.choice,
 Quot.sound]
info: GroupApproximation/GGT/VanKampen/Estimating/OsinAppendixSectionInduction.lean:235:14: 'GroupApproximation.GGT.VanKampen.GloballyDistinguishedSectionFamily.noLoops' depends on axioms: [propext,
 Classical.choice,
 Quot.sound]
info: GroupApproximation/GGT/VanKampen/Estimating/OsinAppendixSectionInduction.lean:236:14: 'GroupApproximation.GGT.VanKampen.loopCutInput' depends on axioms: [propext, Classical.choice, Quot.sound]
ℹ [10398/10469] Replayed GroupApproximation.GGT.VanKampen.Estimating.OsinAppendixAssembly
info: GroupApproximation/GGT/VanKampen/Estimating/OsinAppendixAssembly.lean:144:14: 'GroupApproximation.GGT.VanKampen.OsinSection97InputsStatement' depends on axioms: [propext,
 Classical.choice,
 Quot.sound]
info: GroupApproximation/GGT/VanKampen/Estimating/OsinAppendixAssembly.lean:145:14: 'GroupApproximation.GGT.VanKampen.exists_rho_widthBudget' depends on axioms: [propext, Classical.choice, Quot.sound]
info: GroupApproximation/GGT/VanKampen/Estimating/OsinAppendixAssembly.lean:146:14: 'GroupApproximation.GGT.VanKampen.exists_rho_muSqrt' depends on axioms: [propext, Classical.choice, Quot.sound]
info: GroupApproximation/GGT/VanKampen/Estimating/OsinAppendixAssembly.lean:147:14: 'GroupApproximation.GGT.VanKampen.osinLemma97Section_of_inputs' depends on axioms: [propext,
 Classical.choice,
 Quot.sound]
info: GroupApproximation/GGT/VanKampen/Estimating/OsinAppendixAssembly.lean:148:14: 'GroupApproximation.GGT.VanKampen.relativeGreendlingerQuasiGeodesicLeastArea_of_inputs' depends on axioms: [propext,
 Classical.choice,
 Quot.sound]
ℹ [10399/10469] Replayed GroupApproximation.GGT.VanKampen.Estimating.OsinAppendixAssemblyPocket
info: GroupApproximation/GGT/VanKampen/Estimating/OsinAppendixAssemblyPocket.lean:321:14: 'GroupApproximation.GGT.VanKampen.RealizedSectionFamily.ExteriorLarge' depends on axioms: [propext,
 Classical.choice,
 Quot.sound]
info: GroupApproximation/GGT/VanKampen/Estimating/OsinAppendixAssemblyPocket.lean:322:14: 'GroupApproximation.GGT.VanKampen.RealizedSectionFamily.ExteriorUniqueAt' depends on axioms: [propext,
 Classical.choice,
 Quot.sound]
info: GroupApproximation/GGT/VanKampen/Estimating/OsinAppendixAssemblyPocket.lean:323:14: 'GroupApproximation.GGT.VanKampen.RealizedSectionFamily.exteriorSectionLength' depends on axioms: [propext,
 Classical.choice,
 Quot.sound]
info: GroupApproximation/GGT/VanKampen/Estimating/OsinAppendixAssemblyPocket.lean:324:14: 'GroupApproximation.GGT.VanKampen.RegionCandidate.mem_of_mem_exteriorAt' depends on axioms: [propext,
 Classical.choice,
 Quot.sound]
info: GroupApproximation/GGT/VanKampen/Estimating/OsinAppendixAssemblyPocket.lean:325:14: 'GroupApproximation.GGT.VanKampen.RegionCandidate.source_eq_of_mem_exteriorAt' depends on axioms: [propext,
 Classical.choice,
 Quot.sound]
info: GroupApproximation/GGT/VanKampen/Estimating/OsinAppendixAssemblyPocket.lean:326:14: 'GroupApproximation.GGT.VanKampen.RegionCandidate.target_eq_none_of_mem_exteriorAt' depends on axioms: [propext,
 Classical.choice,
 Quot.sound]
info: GroupApproximation/GGT/VanKampen/Estimating/OsinAppendixAssemblyPocket.lean:327:14: 'GroupApproximation.GGT.VanKampen.RegionCandidate.sourceArc_length_lt_of_contiguityDegree_lt' depends on axioms: [propext,
 Classical.choice,
 Quot.sound]
info: GroupApproximation/GGT/VanKampen/Estimating/OsinAppendixAssemblyPocket.lean:328:14: 'GroupApproximation.GGT.VanKampen.osinPocket_sum_le_of_subsingleton' depends on axioms: [propext,
 Classical.choice,
 Quot.sound]
info: GroupApproximation/GGT/VanKampen/Estimating/OsinAppendixAssemblyPocket.lean:329:14: 'GroupApproximation.GGT.VanKampen.OsinExteriorDoubleCut' depends on axioms: [propext, Classical.choice, Quot.sound]
info: GroupApproximation/GGT/VanKampen/Estimating/OsinAppendixAssemblyPocket.lean:330:14: 'GroupApproximation.GGT.VanKampen.OsinExteriorDoubleCut.lastSection_total_gt' depends on axioms: [propext,
 Classical.choice,
 Quot.sound]
info: GroupApproximation/GGT/VanKampen/Estimating/OsinAppendixAssemblyPocket.lean:331:14: 'GroupApproximation.GGT.VanKampen.exists_of_exteriorDescent' depends on axioms: [propext, Classical.choice, Quot.sound]
ℹ [10400/10469] Replayed GroupApproximation.GGT.VanKampen.Estimating.OsinAppendixAssemblyDescent
info: GroupApproximation/GGT/VanKampen/Estimating/OsinAppendixAssemblyDescent.lean:389:14: 'GroupApproximation.GGT.VanKampen.OsinDescentMergeInput' depends on axioms: [propext, Classical.choice, Quot.sound]
info: GroupApproximation/GGT/VanKampen/Estimating/OsinAppendixAssemblyDescent.lean:390:14: 'GroupApproximation.GGT.VanKampen.OsinDescentStepInput' depends on axioms: [propext, Classical.choice, Quot.sound]
info: GroupApproximation/GGT/VanKampen/Estimating/OsinAppendixAssemblyDescent.lean:391:14: 'GroupApproximation.GGT.VanKampen.RealizedSectionFamily.exteriorLarge_of_gt_eleven' depends on axioms: [propext,
 Classical.choice,
 Quot.sound]
info: GroupApproximation/GGT/VanKampen/Estimating/OsinAppendixAssemblyDescent.lean:392:14: 'GroupApproximation.GGT.VanKampen.exists_exteriorUniqueAt_of_merge_step' depends on axioms: [propext,
 Classical.choice,
 Quot.sound]
info: GroupApproximation/GGT/VanKampen/Estimating/OsinAppendixAssemblyDescent.lean:393:14: 'GroupApproximation.GGT.VanKampen.RealizedSectionFamily.sum_exteriorAt_le_sum_sections' depends on axioms: [propext,
 Classical.choice,
 Quot.sound]
info: GroupApproximation/GGT/VanKampen/Estimating/OsinAppendixAssemblyDescent.lean:394:14: 'GroupApproximation.GGT.VanKampen.SectionCuts.eq_of_targetsSectionIndex' depends on axioms: [propext,
 Classical.choice,
 Quot.sound]
info: GroupApproximation/GGT/VanKampen/Estimating/OsinAppendixAssemblyDescent.lean:395:14: 'GroupApproximation.GGT.VanKampen.exists_sectionSelection_of_exteriorUniqueAt' depends on axioms: [propext,
 Classical.choice,
 Quot.sound]
info: GroupApproximation/GGT/VanKampen/Estimating/OsinAppendixAssemblyDescent.lean:396:14: 'GroupApproximation.GGT.VanKampen.osinLemma97bConclusion_of_exteriorUniqueAt' depends on axioms: [propext,
 Classical.choice,
 Quot.sound]
info: GroupApproximation/GGT/VanKampen/Estimating/OsinAppendixAssemblyDescent.lean:397:14: 'GroupApproximation.GGT.VanKampen.descentInput_of_merge_step' depends on axioms: [propext, Classical.choice, Quot.sound]
ℹ [10401/10469] Replayed GroupApproximation.GGT.VanKampen.Estimating.OsinAppendixCutMerge
info: GroupApproximation/GGT/VanKampen/Estimating/OsinAppendixCutMerge.lean:186:14: 'GroupApproximation.GGT.VanKampen.GloballyDistinguishedSectionFamily.false_of_weight_le_of_card_lt' depends on axioms: [propext,
 Classical.choice,
 Quot.sound]
info: GroupApproximation/GGT/VanKampen/Estimating/OsinAppendixCutMerge.lean:187:14: 'GroupApproximation.GGT.VanKampen.GloballyDistinguishedSectionFamily.false_of_cons_singleton' depends on axioms: [propext,
 Classical.choice,
 Quot.sound]
info: GroupApproximation/GGT/VanKampen/Estimating/OsinAppendixCutMerge.lean:188:14: 'GroupApproximation.GGT.VanKampen.GloballyDistinguishedSectionFamily.false_of_collapse_singleton' depends on axioms: [propext,
 Classical.choice,
 Quot.sound]
ℹ [10402/10469] Replayed GroupApproximation.GGT.VanKampen.Estimating.OsinAppendixCutSections
info: GroupApproximation/GGT/VanKampen/Estimating/OsinAppendixCutSections.lean:294:14: 'GroupApproximation.GGT.VanKampen.CutSections.flatten_drop_partsCut_take' depends on axioms: [propext]
info: GroupApproximation/GGT/VanKampen/Estimating/OsinAppendixCutSections.lean:295:14: 'GroupApproximation.GGT.VanKampen.CutSections.isLambdaCQuasiGeodesicWord_infix' depends on axioms: [propext,
 Classical.choice,
 Quot.sound]
info: GroupApproximation/GGT/VanKampen/Estimating/OsinAppendixCutSections.lean:296:14: 'GroupApproximation.GGT.VanKampen.CutSections.isLambdaCQuasiGeodesicWord_drop_take' depends on axioms: [propext,
 Classical.choice,
 Quot.sound]
info: GroupApproximation/GGT/VanKampen/Estimating/OsinAppendixCutSections.lean:297:14: 'GroupApproximation.GGT.VanKampen.CutSections.wordDist_vertex_le' depends on axioms: [propext,
 Classical.choice,
 Quot.sound]
info: GroupApproximation/GGT/VanKampen/Estimating/OsinAppendixCutSections.lean:298:14: 'GroupApproximation.GGT.VanKampen.CutSections.c_nonneg_of_isLambdaCQuasiGeodesicWord' depends on axioms: [propext,
 Classical.choice,
 Quot.sound]
info: GroupApproximation/GGT/VanKampen/Estimating/OsinAppendixCutSections.lean:299:14: 'GroupApproximation.GGT.VanKampen.CutSections.sub_one_mul_le_of_isLambdaCQuasiGeodesicWord' depends on axioms: [propext,
 Classical.choice,
 Quot.sound]
info: GroupApproximation/GGT/VanKampen/Estimating/OsinAppendixCutSections.lean:300:14: 'GroupApproximation.GGT.VanKampen.CutSections.isLambdaCQuasiGeodesicWord_of_geodesic' depends on axioms: [propext,
 Classical.choice,
 Quot.sound]
info: GroupApproximation/GGT/VanKampen/Estimating/OsinAppendixCutSections.lean:301:14: 'GroupApproximation.GGT.VanKampen.CutSections.isLambdaCQuasiGeodesicWord_of_infix_mem' depends on axioms: [propext,
 Classical.choice,
 Quot.sound]
info: GroupApproximation/GGT/VanKampen/Estimating/OsinAppendixCutSections.lean:302:14: 'GroupApproximation.GGT.VanKampen.CutSections.isLambdaCQuasiGeodesicWord_rotate_take' depends on axioms: [propext,
 Classical.choice,
 Quot.sound]
info: GroupApproximation/GGT/VanKampen/Estimating/OsinAppendixCutSections.lean:303:14: 'GroupApproximation.GGT.VanKampen.CutSections.isLambdaCQuasiGeodesicWord_revInv_rotate_take' depends on axioms: [propext,
 Classical.choice,
 Quot.sound]
info: GroupApproximation/GGT/VanKampen/Estimating/OsinAppendixCutSections.lean:304:14: 'GroupApproximation.GGT.VanKampen.SectionCuts.ofParts' depends on axioms: [propext, Classical.choice, Quot.sound]
info: GroupApproximation/GGT/VanKampen/Estimating/OsinAppendixCutSections.lean:305:14: 'GroupApproximation.GGT.VanKampen.SectionCuts.ofParts_cut_sub' depends on axioms: [propext,
 Classical.choice,
 Quot.sound]
info: GroupApproximation/GGT/VanKampen/Estimating/OsinAppendixCutSections.lean:306:14: 'GroupApproximation.GGT.VanKampen.SectionCuts.ofParts_part' depends on axioms: [propext, Classical.choice, Quot.sound]
ℹ [10403/10469] Replayed GroupApproximation.GGT.VanKampen.Estimating.OsinAppendixDescentCut
info: GroupApproximation/GGT/VanKampen/Estimating/OsinAppendixDescentCut.lean:266:14: 'GroupApproximation.GGT.VanKampen.OsinSectionPocketCut' depends on axioms: [propext, Classical.choice, Quot.sound]
info: GroupApproximation/GGT/VanKampen/Estimating/OsinAppendixDescentCut.lean:267:14: 'GroupApproximation.GGT.VanKampen.SectionPocketCutInput' depends on axioms: [propext, Classical.choice, Quot.sound]
info: GroupApproximation/GGT/VanKampen/Estimating/OsinAppendixDescentCut.lean:268:14: 'GroupApproximation.GGT.VanKampen.OsinLemma97Below.mono' depends on axioms: [propext, Classical.choice, Quot.sound]
info: GroupApproximation/GGT/VanKampen/Estimating/OsinAppendixDescentCut.lean:269:14: 'GroupApproximation.GGT.VanKampen.OsinExteriorDoubleCut.contiguityDegree_lt_half_mu_of_side' depends on axioms: [propext,
 Classical.choice,
 Quot.sound]
info: GroupApproximation/GGT/VanKampen/Estimating/OsinAppendixDescentCut.lean:270:14: 'GroupApproximation.GGT.VanKampen.OsinExteriorDoubleCut.contiguityDegree_lt_mu_of_section_one' depends on axioms: [propext,
 Classical.choice,
 Quot.sound]
info: GroupApproximation/GGT/VanKampen/Estimating/OsinAppendixDescentCut.lean:271:14: 'GroupApproximation.GGT.VanKampen.false_of_osinLemma97bConclusion_of_degree_lt' depends on axioms: [propext,
 Classical.choice,
 Quot.sound]
info: GroupApproximation/GGT/VanKampen/Estimating/OsinAppendixDescentCut.lean:272:14: 'GroupApproximation.GGT.VanKampen.OsinSectionPocketCut.false_of_inner' depends on axioms: [propext,
 Classical.choice,
 Quot.sound]
info: GroupApproximation/GGT/VanKampen/Estimating/OsinAppendixDescentCut.lean:273:14: 'GroupApproximation.GGT.VanKampen.RealizedSectionFamily.emptyOfLeastArea' depends on axioms: [propext,
 Classical.choice,
 Quot.sound]
info: GroupApproximation/GGT/VanKampen/Estimating/OsinAppendixDescentCut.lean:274:14: 'GroupApproximation.GGT.VanKampen.osinLemma97bConclusion_of_region' depends on axioms: [propext,
 Classical.choice,
 Quot.sound]
ℹ [10404/10469] Replayed GroupApproximation.GGT.VanKampen.Estimating.OsinAppendixDescentInduction
info: GroupApproximation/GGT/VanKampen/Estimating/OsinAppendixDescentInduction.lean:269:14: 'GroupApproximation.GGT.VanKampen.exists_elevenCell_of_below' depends on axioms: [propext, Classical.choice, Quot.sound]
info: GroupApproximation/GGT/VanKampen/Estimating/OsinAppendixDescentInduction.lean:270:14: 'GroupApproximation.GGT.VanKampen.OsinSectionPocketCut.exists_large_region' depends on axioms: [propext,
 Classical.choice,
 Quot.sound]
info: GroupApproximation/GGT/VanKampen/Estimating/OsinAppendixDescentInduction.lean:271:14: 'GroupApproximation.GGT.VanKampen.descentInput_of_sectionPocketCut' depends on axioms: [propext,
 Classical.choice,
 Quot.sound]
ℹ [10410/10469] Replayed GroupApproximation.GGT.VanKampen.Estimating.OsinAppendixEulerExteriorTwoGon
info: GroupApproximation/GGT/VanKampen/Estimating/OsinAppendixEulerExteriorTwoGon.lean:154:14: 'GroupApproximation.GGT.VanKampen.Embedded.RegionCandidate.sideCellO_facePerm_facePerm' depends on axioms: [propext,
 Classical.choice,
 Quot.sound]
info: GroupApproximation/GGT/VanKampen/Estimating/OsinAppendixEulerExteriorTwoGon.lean:155:14: 'GroupApproximation.GGT.VanKampen.Embedded.RegionCandidate.exterior_of_sideCellO_eq' depends on axioms: [propext,
 Classical.choice,
 Quot.sound]
info: GroupApproximation/GGT/VanKampen/Estimating/OsinAppendixEulerExteriorTwoGon.lean:156:14: 'GroupApproximation.GGT.VanKampen.Embedded.RegionCandidate.exterior_of_isTwoGon' depends on axioms: [propext,
 Classical.choice,
 Quot.sound]
ℹ [10412/10469] Replayed GroupApproximation.GGT.VanKampen.Estimating.OsinAppendixEulerCornerTwoGonCount
info: GroupApproximation/GGT/VanKampen/Estimating/OsinAppendixEulerCornerTwoGonCount.lean:533:14: 'GroupApproximation.GGT.VanKampen.FaceBoundary.getElem?_succ_mod_length' depends on axioms: [propext,
 Classical.choice,
 Quot.sound]
info: GroupApproximation/GGT/VanKampen/Estimating/OsinAppendixEulerCornerTwoGonCount.lean:534:14: 'GroupApproximation.GGT.VanKampen.Embedded.CyclicArc.head?_darts' depends on axioms: [propext, Quot.sound]
info: GroupApproximation/GGT/VanKampen/Estimating/OsinAppendixEulerCornerTwoGonCount.lean:535:14: 'GroupApproximation.GGT.VanKampen.Embedded.CyclicArc.getElem_mem_darts' depends on axioms: [propext, Quot.sound]
info: GroupApproximation/GGT/VanKampen/Estimating/OsinAppendixEulerCornerTwoGonCount.lean:536:14: 'GroupApproximation.GGT.VanKampen.Embedded.head?_map_alpha_of_eq_none' depends on axioms: [propext,
 Classical.choice,
 Quot.sound]
info: GroupApproximation/GGT/VanKampen/Estimating/OsinAppendixEulerCornerTwoGonCount.lean:537:14: 'GroupApproximation.GGT.VanKampen.Embedded.getElem_outerDarts_mem_targetBoundaryDarts' depends on axioms: [propext,
 Classical.choice,
 Quot.sound]
info: GroupApproximation/GGT/VanKampen/Estimating/OsinAppendixEulerCornerTwoGonCount.lean:538:14: 'GroupApproximation.GGT.VanKampen.Embedded.RegionCandidate.crossO_false_true_of_eq_none' depends on axioms: [propext,
 Classical.choice,
 Quot.sound]
info: GroupApproximation/GGT/VanKampen/Estimating/OsinAppendixEulerCornerTwoGonCount.lean:539:14: 'GroupApproximation.GGT.VanKampen.Embedded.RegionCandidate.eq_of_targetArc_overlap' depends on axioms: [propext,
 Classical.choice,
 Quot.sound]
info: GroupApproximation/GGT/VanKampen/Estimating/OsinAppendixEulerCornerTwoGonCount.lean:540:14: 'GroupApproximation.GGT.VanKampen.Embedded.RegionCandidate.start_cases' depends on axioms: [propext,
 Classical.choice,
 Quot.sound]
info: GroupApproximation/GGT/VanKampen/Estimating/OsinAppendixEulerCornerTwoGonCount.lean:541:14: 'GroupApproximation.GGT.VanKampen.Embedded.RegionCandidate.outer_collapsed_facePerm_pow' depends on axioms: [propext,
 Classical.choice,
 Quot.sound]
info: GroupApproximation/GGT/VanKampen/Estimating/OsinAppendixEulerCornerTwoGonCount.lean:542:14: 'GroupApproximation.GGT.VanKampen.Embedded.RegionCandidate.facePerm_four_of_faceOf_eq' depends on axioms: [propext,
 Classical.choice,
 Quot.sound]
info: GroupApproximation/GGT/VanKampen/Estimating/OsinAppendixEulerCornerTwoGonCount.lean:543:14: 'GroupApproximation.GGT.VanKampen.Embedded.RegionCandidate.side_eq_false_of_sideCellO_eq_none' depends on axioms: [propext,
 Classical.choice,
 Quot.sound]
info: GroupApproximation/GGT/VanKampen/Estimating/OsinAppendixEulerCornerTwoGonCount.lean:544:14: 'GroupApproximation.GGT.VanKampen.Embedded.RegionCandidate.exists_sigma_eq_of_twoGon' depends on axioms: [propext,
 Classical.choice,
 Quot.sound]
info: GroupApproximation/GGT/VanKampen/Estimating/OsinAppendixEulerCornerTwoGonCount.lean:545:14: 'GroupApproximation.GGT.VanKampen.Embedded.RegionCandidate.exists_outer_return' depends on axioms: [propext,
 Classical.choice,
 Quot.sound]
info: GroupApproximation/GGT/VanKampen/Estimating/OsinAppendixEulerCornerTwoGonCount.lean:546:14: 'GroupApproximation.GGT.VanKampen.Embedded.RegionCandidate.exists_offset_of_gapHoldsCorner' depends on axioms: [propext,
 Classical.choice,
 Quot.sound]
info: GroupApproximation/GGT/VanKampen/Estimating/OsinAppendixEulerCornerTwoGonCount.lean:547:14: 'GroupApproximation.GGT.VanKampen.Embedded.RegionCandidate.exists_gap_offset' depends on axioms: [propext,
 Classical.choice,
 Quot.sound]
info: GroupApproximation/GGT/VanKampen/Estimating/OsinAppendixEulerCornerTwoGonCount.lean:548:14: 'GroupApproximation.GGT.VanKampen.Embedded.RegionCandidate.eq_of_gapHoldsCorner' depends on axioms: [propext,
 Classical.choice,
 Quot.sound]
info: GroupApproximation/GGT/VanKampen/Estimating/OsinAppendixEulerCornerTwoGonCount.lean:549:14: 'GroupApproximation.GGT.VanKampen.cornerTwoGonInput' depends on axioms: [propext, Classical.choice, Quot.sound]
ℹ [10414/10469] Replayed GroupApproximation.GGT.VanKampen.Estimating.OsinAppendixEulerExteriorLinked
info: GroupApproximation/GGT/VanKampen/Estimating/OsinAppendixEulerExteriorLinked.lean:152:14: 'GroupApproximation.GGT.VanKampen.Embedded.RegionCandidate.ExtPhiData.mono' depends on axioms: [propext,
 Classical.choice,
 Quot.sound]
info: GroupApproximation/GGT/VanKampen/Estimating/OsinAppendixEulerExteriorLinked.lean:153:14: 'GroupApproximation.GGT.VanKampen.Embedded.RegionCandidate.linkedO_symm' depends on axioms: [propext,
 Classical.choice,
 Quot.sound]
info: GroupApproximation/GGT/VanKampen/Estimating/OsinAppendixEulerExteriorLinked.lean:154:14: 'GroupApproximation.GGT.VanKampen.Embedded.RegionCandidate.linked_linkedComponentO' depends on axioms: [propext,
 Classical.choice,
 Quot.sound]
info: GroupApproximation/GGT/VanKampen/Estimating/OsinAppendixEulerExteriorLinked.lean:155:14: 'GroupApproximation.GGT.VanKampen.Embedded.RegionCandidate.sideCellO_ne_of_not_mem_linkedComponentO' depends on axioms: [propext,
 Classical.choice,
 Quot.sound]
info: GroupApproximation/GGT/VanKampen/Estimating/OsinAppendixEulerExteriorLinked.lean:156:14: 'GroupApproximation.GGT.VanKampen.Embedded.RegionCandidate.mem_linkedComponentO_of_sideCellO_eq_none' depends on axioms: [propext,
 Classical.choice,
 Quot.sound]
info: GroupApproximation/GGT/VanKampen/Estimating/OsinAppendixEulerExteriorLinked.lean:157:14: 'GroupApproximation.GGT.VanKampen.Embedded.RegionCandidate.sideCellO_mem_endCellsO' depends on axioms: [propext,
 Classical.choice,
 Quot.sound]
info: GroupApproximation/GGT/VanKampen/Estimating/OsinAppendixEulerExteriorLinked.lean:158:14: 'GroupApproximation.GGT.VanKampen.Embedded.RegionCandidate.card_add_six_le_linkedComponentO' depends on axioms: [propext,
 Classical.choice,
 Quot.sound]
ℹ [10417/10469] Replayed GroupApproximation.GGT.VanKampen.Estimating.OsinAppendixEulerHereditary
info: GroupApproximation/GGT/VanKampen/Estimating/OsinAppendixEulerHereditary.lean:187:14: 'GroupApproximation.GGT.VanKampen.Embedded.RegionCandidate.linked_symm' depends on axioms: [propext,
 Classical.choice,
 Quot.sound]
info: GroupApproximation/GGT/VanKampen/Estimating/OsinAppendixEulerHereditary.lean:188:14: 'GroupApproximation.GGT.VanKampen.Embedded.RegionCandidate.card_le_of_endpoints' depends on axioms: [propext,
 Classical.choice,
 Quot.sound]
info: GroupApproximation/GGT/VanKampen/Estimating/OsinAppendixEulerHereditary.lean:189:14: 'GroupApproximation.GGT.VanKampen.Embedded.RegionCandidate.hasEndpointClosedPlanarEdgeBound_of_phiData' depends on axioms: [propext,
 Classical.choice,
 Quot.sound]
ℹ [10420/10469] Replayed GroupApproximation.GGT.VanKampen.Estimating.OsinAppendixO52Prep
info: GroupApproximation/GGT/VanKampen/Estimating/OsinAppendixO52Prep.lean:199:14: 'GroupApproximation.GGT.VanKampen.CombMap.IsFaceCycle.eq_of_head_eq' depends on axioms: [propext,
 Classical.choice,
 Quot.sound]
info: GroupApproximation/GGT/VanKampen/Estimating/OsinAppendixO52Prep.lean:200:14: 'GroupApproximation.GGT.VanKampen.DiscDiagram.vanKampenData' depends on axioms: [propext, Classical.choice, Quot.sound]
info: GroupApproximation/GGT/VanKampen/Estimating/OsinAppendixO52Prep.lean:201:14: 'GroupApproximation.GGT.VanKampen.DiscDiagram.relatorFaces_card' depends on axioms: [propext,
 Classical.choice,
 Quot.sound]
info: GroupApproximation/GGT/VanKampen/Estimating/OsinAppendixO52Prep.lean:202:14: 'GroupApproximation.GGT.VanKampen.DiscDiagram.leastArea_listVal_word_ne_one' depends on axioms: [propext,
 Classical.choice,
 Quot.sound]
info: GroupApproximation/GGT/VanKampen/Estimating/OsinAppendixO52Prep.lean:203:14: 'GroupApproximation.GGT.VanKampen.Embedded.ContiguityGeometry.innerGRegion' depends on axioms: [propext,
 Classical.choice,
 Quot.sound]
info: GroupApproximation/GGT/VanKampen/Estimating/OsinAppendixO52Prep.lean:204:14: 'GroupApproximation.GGT.VanKampen.Embedded.CyclicArc.eq_rotated_rotate_pred' depends on axioms: [propext,
 Classical.choice,
 Quot.sound]
ℹ [10421/10469] Replayed GroupApproximation.GGT.VanKampen.Estimating.OsinAppendixEulerCount
info: GroupApproximation/GGT/VanKampen/Estimating/OsinAppendixEulerCount.lean:73:14: 'GroupApproximation.GGT.VanKampen.GloballyDistinguishedSectionFamily.hasEndpointClosedPlanarEdgeBound' depends on axioms: [propext,
 Classical.choice,
 Quot.sound]
info: GroupApproximation/GGT/VanKampen/Estimating/OsinAppendixEulerCount.lean:74:14: 'GroupApproximation.GGT.VanKampen.eulerCountInput_of_phiPrimeCount' depends on axioms: [propext,
 Classical.choice,
 Quot.sound]
ℹ [10423/10469] Replayed GroupApproximation.GGT.VanKampen.Estimating.OsinAppendixEulerExteriorCellFaces
info: GroupApproximation/GGT/VanKampen/Estimating/OsinAppendixEulerExteriorCellFaces.lean:444:14: 'GroupApproximation.GGT.VanKampen.Embedded.RegionCandidate.eqvGen_faceClassStep_range' depends on axioms: [propext,
 Quot.sound]
info: GroupApproximation/GGT/VanKampen/Estimating/OsinAppendixEulerExteriorCellFaces.lean:445:14: 'GroupApproximation.GGT.VanKampen.Embedded.RegionCandidate.eqvGen_facePerm_of_not_keep' depends on axioms: [propext,
 Quot.sound]
info: GroupApproximation/GGT/VanKampen/Estimating/OsinAppendixEulerExteriorCellFaces.lean:446:14: 'GroupApproximation.GGT.VanKampen.Embedded.RegionCandidate.eqvGen_sigma_of_alpha' depends on axioms: [propext,
 Quot.sound]
info: GroupApproximation/GGT/VanKampen/Estimating/OsinAppendixEulerExteriorCellFaces.lean:447:14: 'GroupApproximation.GGT.VanKampen.Embedded.RegionCandidate.iff_of_eqvGen_adjacent' depends on axioms: [propext,
 Quot.sound]
info: GroupApproximation/GGT/VanKampen/Estimating/OsinAppendixEulerExteriorCellFaces.lean:449:2: 'GroupApproximation.GGT.VanKampen.Embedded.RegionCandidate.ExtPhiData.not_phiKeepO_of_faceOf_eq_cell' depends on axioms: [propext,
 Classical.choice,
 Quot.sound]
info: GroupApproximation/GGT/VanKampen/Estimating/OsinAppendixEulerExteriorCellFaces.lean:451:2: 'GroupApproximation.GGT.VanKampen.Embedded.RegionCandidate.ExtPhiData.eqvGen_of_faceOf_eq_cell' depends on axioms: [propext,
 Classical.choice,
 Quot.sound]
info: GroupApproximation/GGT/VanKampen/Estimating/OsinAppendixEulerExteriorCellFaces.lean:453:2: 'GroupApproximation.GGT.VanKampen.Embedded.RegionCandidate.eqvGen_of_sameCycle_collapsed' depends on axioms: [propext,
 Classical.choice,
 Quot.sound]
info: GroupApproximation/GGT/VanKampen/Estimating/OsinAppendixEulerExteriorCellFaces.lean:454:14: 'GroupApproximation.GGT.VanKampen.Embedded.RegionCandidate.ExtPhiData.eq_of_holdsCellAtO' depends on axioms: [propext,
 Classical.choice,
 Quot.sound]
info: GroupApproximation/GGT/VanKampen/Estimating/OsinAppendixEulerExteriorCellFaces.lean:456:2: 'GroupApproximation.GGT.VanKampen.Embedded.RegionCandidate.ExtPhiData.exists_eqvGen_phiMapO' depends on axioms: [propext,
 Classical.choice,
 Quot.sound]
info: GroupApproximation/GGT/VanKampen/Estimating/OsinAppendixEulerExteriorCellFaces.lean:458:2: 'GroupApproximation.GGT.VanKampen.Embedded.RegionCandidate.sideCellO_not_mem_endCellsO_of_not_mem' depends on axioms: [propext,
 Classical.choice,
 Quot.sound]
info: GroupApproximation/GGT/VanKampen/Estimating/OsinAppendixEulerExteriorCellFaces.lean:460:2: 'GroupApproximation.GGT.VanKampen.Embedded.RegionCandidate.ExtPhiData.exists_holdsCellAtO_of_not_mem' depends on axioms: [propext,
 Classical.choice,
 Quot.sound]
info: GroupApproximation/GGT/VanKampen/Estimating/OsinAppendixEulerExteriorCellFaces.lean:461:14: 'GroupApproximation.GGT.VanKampen.Embedded.RegionCandidate.mem_heldCellsO' depends on axioms: [propext,
 Classical.choice,
 Quot.sound]
info: GroupApproximation/GGT/VanKampen/Estimating/OsinAppendixEulerExteriorCellFaces.lean:462:14: 'GroupApproximation.GGT.VanKampen.Embedded.RegionCandidate.mem_sourceRegionsO' depends on axioms: [propext,
 Classical.choice,
 Quot.sound]
info: GroupApproximation/GGT/VanKampen/Estimating/OsinAppendixEulerExteriorCellFaces.lean:464:2: 'GroupApproximation.GGT.VanKampen.Embedded.RegionCandidate.ExtPhiData.card_add_three_mul_le' depends on axioms: [propext,
 Classical.choice,
 Quot.sound]
info: GroupApproximation/GGT/VanKampen/Estimating/OsinAppendixEulerExteriorCellFaces.lean:465:14: 'GroupApproximation.GGT.VanKampen.cellFaceCountInput' depends on axioms: [propext, Classical.choice, Quot.sound]
ℹ [10424/10469] Replayed GroupApproximation.GGT.VanKampen.Estimating.OsinAppendixEulerSmallFaces
info: GroupApproximation/GGT/VanKampen/Estimating/OsinAppendixEulerSmallFaces.lean:223:14: 'GroupApproximation.GGT.VanKampen.Embedded.RegionCandidate.faceOf_eq_of_faceClassO' depends on axioms: [propext,
 Classical.choice,
 Quot.sound]
info: GroupApproximation/GGT/VanKampen/Estimating/OsinAppendixEulerSmallFaces.lean:224:14: 'GroupApproximation.GGT.VanKampen.phiPrimeCountInput_of_smallFaces' depends on axioms: [propext,
 Classical.choice,
 Quot.sound]
ℹ [10426/10469] Replayed GroupApproximation.GGT.VanKampen.Estimating.OsinAppendixO52Collapse
info: GroupApproximation/GGT/VanKampen/Estimating/OsinAppendixO52Collapse.lean:130:14: 'GroupApproximation.GGT.VanKampen.Embedded.cell_face_ne' depends on axioms: [propext, Classical.choice, Quot.sound]
info: GroupApproximation/GGT/VanKampen/Estimating/OsinAppendixO52Collapse.lean:131:14: 'GroupApproximation.GGT.VanKampen.Surgery.InnerGRegion.exists_keptFaceCycle' depends on axioms: [propext,
 Classical.choice,
 Quot.sound]
info: GroupApproximation/GGT/VanKampen/Estimating/OsinAppendixO52Collapse.lean:132:14: 'GroupApproximation.GGT.VanKampen.Surgery.InnerGRegion.exists_newFaceCycle' depends on axioms: [propext,
 Classical.choice,
 Quot.sound]
info: GroupApproximation/GGT/VanKampen/Estimating/OsinAppendixO52Collapse.lean:133:14: 'GroupApproximation.GGT.VanKampen.Surgery.InnerGRegion.keptFace_mem_relatorFaces' depends on axioms: [propext,
 Classical.choice,
 Quot.sound]
info: GroupApproximation/GGT/VanKampen/Estimating/OsinAppendixO52Collapse.lean:134:14: 'GroupApproximation.GGT.VanKampen.Surgery.InnerGRegion.newFace_not_mem_relatorFaces' depends on axioms: [propext,
 Classical.choice,
 Quot.sound]
ℹ [10427/10469] Replayed GroupApproximation.GGT.VanKampen.Estimating.OsinAppendixO52Surgery
info: GroupApproximation/GGT/VanKampen/Estimating/OsinAppendixO52Surgery.lean:136:14: 'GroupApproximation.GGT.VanKampen.Surgery.InnerGRegion.isRelatorProduct_sub_two' depends on axioms: [propext,
 Classical.choice,
 Quot.sound]
ℹ [10428/10469] Replayed GroupApproximation.GGT.VanKampen.Estimating.OsinAppendixO52Values
info: GroupApproximation/GGT/VanKampen/Estimating/OsinAppendixO52Values.lean:107:14: 'GroupApproximation.GGT.VanKampen.o52_mergedValue_eq_one' depends on axioms: [propext]
info: GroupApproximation/GGT/VanKampen/Estimating/OsinAppendixO52Values.lean:108:14: 'GroupApproximation.GGT.VanKampen.Embedded.CyclicArc.reverseDarts_eq_cons' depends on axioms: [propext, Quot.sound]
info: GroupApproximation/GGT/VanKampen/Estimating/OsinAppendixO52Values.lean:109:14: 'GroupApproximation.GGT.VanKampen.Embedded.listVal_dartWord_darts' depends on axioms: [propext,
 Classical.choice,
 Quot.sound]
info: GroupApproximation/GGT/VanKampen/Estimating/OsinAppendixO52Values.lean:110:14: 'GroupApproximation.GGT.VanKampen.Embedded.listVal_dartWord_rotated' depends on axioms: [propext,
 Classical.choice,
 Quot.sound]
info: GroupApproximation/GGT/VanKampen/Estimating/OsinAppendixO52Values.lean:111:14: 'GroupApproximation.GGT.VanKampen.Embedded.listVal_revInv_rotate' depends on axioms: [propext,
 Classical.choice,
 Quot.sound]
ℹ [10429/10469] Replayed GroupApproximation.GGT.VanKampen.Estimating.OsinAppendixO52LeastArea
info: GroupApproximation/GGT/VanKampen/Estimating/OsinAppendixO52LeastArea.lean:127:14: 'GroupApproximation.GGT.VanKampen.Embedded.o52LeastArea' depends on axioms: [propext, Classical.choice, Quot.sound]
ℹ [10430/10469] Replayed GroupApproximation.GGT.VanKampen.Estimating.OsinAppendixGreendlingerParts
info: GroupApproximation/GGT/VanKampen/Estimating/OsinAppendixGreendlingerParts.lean:160:14: 'GroupApproximation.GGT.VanKampen.OsinMultipleEdgeCutSectionStatement' depends on axioms: [propext,
 Classical.choice,
 Quot.sound]
info: GroupApproximation/GGT/VanKampen/Estimating/OsinAppendixGreendlingerParts.lean:161:14: 'GroupApproximation.GGT.VanKampen.OsinLoopCutSectionStatement' depends on axioms: [propext,
 Classical.choice,
 Quot.sound]
info: GroupApproximation/GGT/VanKampen/Estimating/OsinAppendixGreendlingerParts.lean:162:14: 'GroupApproximation.GGT.VanKampen.OsinEulerCountSectionStatement' depends on axioms: [propext,
 Classical.choice,
 Quot.sound]
info: GroupApproximation/GGT/VanKampen/Estimating/OsinAppendixGreendlingerParts.lean:163:14: 'GroupApproximation.GGT.VanKampen.OsinDescentSectionStatement' depends on axioms: [propext,
 Classical.choice,
 Quot.sound]
info: GroupApproximation/GGT/VanKampen/Estimating/OsinAppendixGreendlingerParts.lean:164:14: 'GroupApproximation.GGT.VanKampen.osinSection97Inputs_of_parts' depends on axioms: [propext,
 Classical.choice,
 Quot.sound]
info: GroupApproximation/GGT/VanKampen/Estimating/OsinAppendixGreendlingerParts.lean:165:14: 'GroupApproximation.GGT.VanKampen.osinLemma97Section_of_parts' depends on axioms: [propext,
 Classical.choice,
 Quot.sound]
info: GroupApproximation/GGT/VanKampen/Estimating/OsinAppendixGreendlingerParts.lean:166:14: 'GroupApproximation.GGT.VanKampen.relativeGreendlingerQuasiGeodesicLeastArea_of_parts' depends on axioms: [propext,
 Classical.choice,
 Quot.sound]
info: GroupApproximation/GGT/VanKampen/Estimating/OsinAppendixGreendlingerParts.lean:167:21: 'GroupApproximation.GGT.VanKampen.osinLoopCutSection' depends on axioms: [propext, Classical.choice, Quot.sound]
ℹ [10431/10469] Replayed GroupApproximation.GGT.VanKampen.Estimating.OsinAppendixLemma97Pocket
info: GroupApproximation/GGT/VanKampen/Estimating/OsinAppendixLemma97Pocket.lean:109:14: 'GroupApproximation.GGT.VanKampen.OsinSection97PocketInputsStatement' depends on axioms: [propext,
 Classical.choice,
 Quot.sound]
info: GroupApproximation/GGT/VanKampen/Estimating/OsinAppendixLemma97Pocket.lean:110:14: 'GroupApproximation.GGT.VanKampen.osinSection97Inputs_of_pocketInputs' depends on axioms: [propext,
 Classical.choice,
 Quot.sound]
info: GroupApproximation/GGT/VanKampen/Estimating/OsinAppendixLemma97Pocket.lean:111:14: 'GroupApproximation.GGT.VanKampen.osinLemma97Section_of_pocketInputs' depends on axioms: [propext,
 Classical.choice,
 Quot.sound]
info: GroupApproximation/GGT/VanKampen/Estimating/OsinAppendixLemma97Pocket.lean:112:14: 'GroupApproximation.GGT.VanKampen.relativeGreendlingerQuasiGeodesicLeastArea_of_pocketInputs' depends on axioms: [propext,
 Classical.choice,
 Quot.sound]
ℹ [10432/10469] Replayed GroupApproximation.GGT.VanKampen.Estimating.OsinAppendixGreendlingerPocketParts
info: GroupApproximation/GGT/VanKampen/Estimating/OsinAppendixGreendlingerPocketParts.lean:143:14: 'GroupApproximation.GGT.VanKampen.OsinPhiPrimeCountSectionStatement' depends on axioms: [propext,
 Classical.choice,
 Quot.sound]
info: GroupApproximation/GGT/VanKampen/Estimating/OsinAppendixGreendlingerPocketParts.lean:144:14: 'GroupApproximation.GGT.VanKampen.OsinSectionPocketCutSectionStatement' depends on axioms: [propext,
 Classical.choice,
 Quot.sound]
info: GroupApproximation/GGT/VanKampen/Estimating/OsinAppendixGreendlingerPocketParts.lean:145:14: 'GroupApproximation.GGT.VanKampen.osinEulerCountSection_of_phiPrimeCount' depends on axioms: [propext,
 Classical.choice,
 Quot.sound]
info: GroupApproximation/GGT/VanKampen/Estimating/OsinAppendixGreendlingerPocketParts.lean:146:14: 'GroupApproximation.GGT.VanKampen.osinSection97PocketInputs_of_parts' depends on axioms: [propext,
 Classical.choice,
 Quot.sound]
info: GroupApproximation/GGT/VanKampen/Estimating/OsinAppendixGreendlingerPocketParts.lean:147:14: 'GroupApproximation.GGT.VanKampen.osinDescentSection_of_pocketParts' depends on axioms: [propext,
 Classical.choice,
 Quot.sound]
info: GroupApproximation/GGT/VanKampen/Estimating/OsinAppendixGreendlingerPocketParts.lean:148:14: 'GroupApproximation.GGT.VanKampen.relativeGreendlingerQuasiGeodesicLeastArea_of_pocketParts' depends on axioms: [propext,
 Classical.choice,
 Quot.sound]
ℹ [10437/10469] Replayed GroupApproximation.GGT.VanKampen.Estimating.OsinPocketOuterPart
info: GroupApproximation/GGT/VanKampen/Estimating/OsinPocketOuterPart.lean:246:14: 'GroupApproximation.RelatorDefectBudget.isRelatorProduct_prod_map_sum' depends on axioms: [propext]
info: GroupApproximation/GGT/VanKampen/Estimating/OsinPocketOuterPart.lean:247:14: 'GroupApproximation.GGT.VanKampen.RelatorCell.isRelatorProduct_value' depends on axioms: [propext,
 Classical.choice,
 Quot.sound]
info: GroupApproximation/GGT/VanKampen/Estimating/OsinPocketOuterPart.lean:248:14: 'GroupApproximation.GGT.VanKampen.Surgery.MapCollapse.replaceGRegionFaceBoundary_keptFace_word' depends on axioms: [propext,
 Classical.choice,
 Quot.sound]
info: GroupApproximation/GGT/VanKampen/Estimating/OsinPocketOuterPart.lean:249:14: 'GroupApproximation.GGT.VanKampen.Surgery.MapCollapse.replaceGRegionFaceBoundary_newFace_word' depends on axioms: [propext,
 Classical.choice,
 Quot.sound]
info: GroupApproximation/GGT/VanKampen/Estimating/OsinPocketOuterPart.lean:250:14: 'GroupApproximation.GGT.VanKampen.DiscDiagram.exists_isRelatorProduct_of_discRegion' depends on axioms: [propext,
 Classical.choice,
 Quot.sound]
info: GroupApproximation/GGT/VanKampen/Estimating/OsinPocketOuterPart.lean:251:14: 'GroupApproximation.GGT.VanKampen.DiscDiagram.LeastArea.length_filter_mem_le' depends on axioms: [propext,
 Classical.choice,
 Quot.sound]
ℹ [10438/10469] Replayed GroupApproximation.GGT.VanKampen.Estimating.OsinAppendixEulerTwoGonLabels
info: GroupApproximation/GGT/VanKampen/Estimating/OsinAppendixEulerTwoGonLabels.lean:209:14: 'GroupApproximation.GGT.VanKampen.Embedded.RegionCandidate.exists_outer_of_isTwoGon' depends on axioms: [propext,
 Classical.choice,
 Quot.sound]
info: GroupApproximation/GGT/VanKampen/Estimating/OsinAppendixEulerTwoGonLabels.lean:210:14: 'GroupApproximation.GGT.VanKampen.Embedded.RegionCandidate.ExtPhiData.phiRegionO_facePerm' depends on axioms: [propext,
 Classical.choice,
 Quot.sound]
info: GroupApproximation/GGT/VanKampen/Estimating/OsinAppendixEulerTwoGonLabels.lean:211:14: 'GroupApproximation.GGT.VanKampen.Embedded.RegionCandidate.ExtPhiData.phiRegionO_of_faceOf_eq' depends on axioms: [propext,
 Classical.choice,
 Quot.sound]
info: GroupApproximation/GGT/VanKampen/Estimating/OsinAppendixEulerTwoGonLabels.lean:212:14: 'GroupApproximation.GGT.VanKampen.Embedded.RegionCandidate.sameSection_of_not_gapHoldsCorner' depends on axioms: [propext,
 Classical.choice,
 Quot.sound]
info: GroupApproximation/GGT/VanKampen/Estimating/OsinAppendixEulerTwoGonLabels.lean:213:14: 'GroupApproximation.GGT.VanKampen.Embedded.RegionCandidate.mem_exteriorAt_of_mem' depends on axioms: [propext,
 Classical.choice,
 Quot.sound]
info: GroupApproximation/GGT/VanKampen/Estimating/OsinAppendixEulerTwoGonLabels.lean:214:14: 'GroupApproximation.GGT.VanKampen.Embedded.RegionCandidate.exists_twoGonLabels' depends on axioms: [propext,
 Classical.choice,
 Quot.sound]
ℹ [10439/10469] Replayed GroupApproximation.GGT.VanKampen.Estimating.OsinAppendixEulerTwoGonFaceClass
info: GroupApproximation/GGT/VanKampen/Estimating/OsinAppendixEulerTwoGonFaceClass.lean:226:14: 'GroupApproximation.GGT.VanKampen.Embedded.CyclicArc.darts_prefix_of_start_eq' depends on axioms: [propext,
 Classical.choice,
 Quot.sound]
info: GroupApproximation/GGT/VanKampen/Estimating/OsinAppendixEulerTwoGonFaceClass.lean:227:14: 'GroupApproximation.GGT.VanKampen.Embedded.CyclicArc.mem_darts_of_le' depends on axioms: [propext,
 Classical.choice,
 Quot.sound]
info: GroupApproximation/GGT/VanKampen/Estimating/OsinAppendixEulerTwoGonFaceClass.lean:228:14: 'GroupApproximation.GGT.VanKampen.Embedded.RegionCandidate.twoGon_pow_cases' depends on axioms: [propext,
 Classical.choice,
 Quot.sound]
info: GroupApproximation/GGT/VanKampen/Estimating/OsinAppendixEulerTwoGonFaceClass.lean:230:2: 'GroupApproximation.GGT.VanKampen.Embedded.RegionCandidate.ExtPhiData.phiCellSideO_facePerm' depends on axioms: [propext,
 Classical.choice,
 Quot.sound]
info: GroupApproximation/GGT/VanKampen/Estimating/OsinAppendixEulerTwoGonFaceClass.lean:232:2: 'GroupApproximation.GGT.VanKampen.Embedded.RegionCandidate.ExtPhiData.faceOf_of_faceClassO_twoGon' depends on axioms: [propext,
 Classical.choice,
 Quot.sound]
info: GroupApproximation/GGT/VanKampen/Estimating/OsinAppendixEulerTwoGonFaceClass.lean:234:2: 'GroupApproximation.GGT.VanKampen.Embedded.RegionCandidate.ExtPhiData.crossO_false_of_phiKeepO' depends on axioms: [propext,
 Classical.choice,
 Quot.sound]
info: GroupApproximation/GGT/VanKampen/Estimating/OsinAppendixEulerTwoGonFaceClass.lean:235:14: 'GroupApproximation.GGT.VanKampen.Embedded.RegionCandidate.faceClassO_pow_of_invariant' depends on axioms: [propext,
 Classical.choice,
 Quot.sound]
info: GroupApproximation/GGT/VanKampen/Estimating/OsinAppendixEulerTwoGonFaceClass.lean:236:14: 'GroupApproximation.GGT.VanKampen.Embedded.RegionCandidate.faceClassO_alpha_iff' depends on axioms: [propext,
 Classical.choice,
 Quot.sound]
info: GroupApproximation/GGT/VanKampen/Estimating/OsinAppendixEulerTwoGonFaceClass.lean:238:2: 'GroupApproximation.GGT.VanKampen.Embedded.RegionCandidate.collapsed_pow_val_of_face_not_mem' depends on axioms: [propext,
 Classical.choice,
 Quot.sound]
info: GroupApproximation/GGT/VanKampen/Estimating/OsinAppendixEulerTwoGonFaceClass.lean:240:2: 'GroupApproximation.GGT.VanKampen.Embedded.RegionCandidate.collapsed_exists_pow_of_face_not_mem' depends on axioms: [propext,
 Classical.choice,
 Quot.sound]
info: GroupApproximation/GGT/VanKampen/Estimating/OsinAppendixEulerTwoGonFaceClass.lean:241:14: 'GroupApproximation.GGT.VanKampen.Embedded.RegionCandidate.faceClassO_of_isChain' depends on axioms: [propext,
 Classical.choice,
 Quot.sound]
ℹ [10442/10469] Replayed GroupApproximation.GGT.VanKampen.Estimating.OsinPocketCellArcs
info: GroupApproximation/GGT/VanKampen/Estimating/OsinPocketCellArcs.lean:144:14: 'GroupApproximation.GGT.VanKampen.Embedded.CyclicArc.invDarts_darts' depends on axioms: [propext,
 Classical.choice,
 Quot.sound]
info: GroupApproximation/GGT/VanKampen/Estimating/OsinPocketCellArcs.lean:145:14: 'GroupApproximation.GGT.VanKampen.Embedded.CyclicArc.dartWord_darts_cellDarts' depends on axioms: [propext,
 Classical.choice,
 Quot.sound]
info: GroupApproximation/GGT/VanKampen/Estimating/OsinPocketCellArcs.lean:146:14: 'GroupApproximation.GGT.VanKampen.Embedded.CyclicArc.dartWord_invDarts_darts_cellDarts' depends on axioms: [propext,
 Classical.choice,
 Quot.sound]
info: GroupApproximation/GGT/VanKampen/Estimating/OsinPocketCellArcs.lean:147:14: 'GroupApproximation.GGT.VanKampen.Embedded.CyclicArc.isLambdaCQuasiGeodesicWord_darts_cellDarts' depends on axioms: [propext,
 Classical.choice,
 Quot.sound]
info: GroupApproximation/GGT/VanKampen/Estimating/OsinPocketCellArcs.lean:148:14: 'GroupApproximation.GGT.VanKampen.Embedded.CyclicArc.isLambdaCQuasiGeodesicWord_invDarts_darts_cellDarts' depends on axioms: [propext,
 Classical.choice,
 Quot.sound]
info: GroupApproximation/GGT/VanKampen/Estimating/OsinPocketCellArcs.lean:149:14: 'GroupApproximation.GGT.VanKampen.Embedded.CyclicArc.rest' depends on axioms: [propext, Quot.sound]
info: GroupApproximation/GGT/VanKampen/Estimating/OsinPocketCellArcs.lean:150:14: 'GroupApproximation.GGT.VanKampen.Embedded.CyclicArc.rest_length' depends on axioms: [propext, Quot.sound]
info: GroupApproximation/GGT/VanKampen/Estimating/OsinPocketCellArcs.lean:151:14: 'GroupApproximation.GGT.VanKampen.Embedded.CyclicArc.rotated_eq_darts_append_rest_darts' depends on axioms: [propext,
 Quot.sound]
info: GroupApproximation/GGT/VanKampen/Estimating/OsinPocketCellArcs.lean:152:14: 'GroupApproximation.GGT.VanKampen.Embedded.ContiguityGeometry.invDarts_rightSide_length_le' depends on axioms: [propext,
 Classical.choice,
 Quot.sound]
info: GroupApproximation/GGT/VanKampen/Estimating/OsinPocketCellArcs.lean:153:14: 'GroupApproximation.GGT.VanKampen.Embedded.ContiguityGeometry.invDarts_leftSide_length_le' depends on axioms: [propext,
 Classical.choice,
 Quot.sound]
ℹ [10446/10638] Replayed GroupApproximation.GGT.VanKampen.Estimating.OsinAppendixEulerSection
info: GroupApproximation/GGT/VanKampen/Estimating/OsinAppendixEulerSection.lean:81:14: 'GroupApproximation.GGT.VanKampen.OsinCornerTwoGonSectionStatement' depends on axioms: [propext,
 Classical.choice,
 Quot.sound]
info: GroupApproximation/GGT/VanKampen/Estimating/OsinAppendixEulerSection.lean:82:14: 'GroupApproximation.GGT.VanKampen.OsinTwoGonHoldsSectionStatement' depends on axioms: [propext,
 Classical.choice,
 Quot.sound]
info: GroupApproximation/GGT/VanKampen/Estimating/OsinAppendixEulerSection.lean:83:14: 'GroupApproximation.GGT.VanKampen.osinPhiPrimeCountSection_of_pieces' depends on axioms: [propext,
 Classical.choice,
 Quot.sound]
ℹ [10447/10638] Replayed GroupApproximation.GGT.VanKampen.Estimating.OsinAppendixEulerCornerTwoGonSection
info: GroupApproximation/GGT/VanKampen/Estimating/OsinAppendixEulerCornerTwoGonSection.lean:33:14: 'GroupApproximation.GGT.VanKampen.osinCornerTwoGonSection' depends on axioms: [propext, Classical.choice, Quot.sound]
ℹ [10448/10638] Replayed GroupApproximation.GGT.VanKampen.Estimating.OsinPocketRegion
info: GroupApproximation/GGT/VanKampen/Estimating/OsinPocketRegion.lean:256:14: 'GroupApproximation.GGT.VanKampen.isRelatorProduct_listVal_of_rotate' depends on axioms: [propext,
 Classical.choice,
 Quot.sound]
info: GroupApproximation/GGT/VanKampen/Estimating/OsinPocketRegion.lean:257:14: 'GroupApproximation.GGT.VanKampen.PocketRegion.cellFaces' depends on axioms: [propext, Classical.choice, Quot.sound]
info: GroupApproximation/GGT/VanKampen/Estimating/OsinPocketRegion.lean:258:14: 'GroupApproximation.GGT.VanKampen.PocketRegion.diagram' depends on axioms: [propext, Classical.choice, Quot.sound]
info: GroupApproximation/GGT/VanKampen/Estimating/OsinPocketRegion.lean:259:14: 'GroupApproximation.GGT.VanKampen.PocketRegion.diagram_boundaryWord' depends on axioms: [propext,
 Classical.choice,
 Quot.sound]
info: GroupApproximation/GGT/VanKampen/Estimating/OsinPocketRegion.lean:260:14: 'GroupApproximation.GGT.VanKampen.PocketRegion.isRelatorProduct_inner_of_diagram' depends on axioms: [propext,
 Classical.choice,
 Quot.sound]
info: GroupApproximation/GGT/VanKampen/Estimating/OsinPocketRegion.lean:261:14: 'GroupApproximation.GGT.VanKampen.PocketRegion.diagram_rCellCount_le' depends on axioms: [propext,
 Classical.choice,
 Quot.sound]
info: GroupApproximation/GGT/VanKampen/Estimating/OsinPocketRegion.lean:262:14: 'GroupApproximation.GGT.VanKampen.PocketRegion.diagram_leastArea' depends on axioms: [propext,
 Classical.choice,
 Quot.sound]
info: GroupApproximation/GGT/VanKampen/Estimating/OsinPocketRegion.lean:263:14: 'GroupApproximation.GGT.VanKampen.PocketRegion.diagram_rCellCount_pos' depends on axioms: [propext,
 Classical.choice,
 Quot.sound]
info: GroupApproximation/GGT/VanKampen/Estimating/OsinPocketRegion.lean:264:14: 'GroupApproximation.GGT.VanKampen.PocketRegion.diagram_rCellCount_lt' depends on axioms: [propext,
 Classical.choice,
 Quot.sound]
info: GroupApproximation/GGT/VanKampen/Estimating/OsinPocketRegion.lean:265:14: 'GroupApproximation.GGT.VanKampen.PocketRegion.diagram_leastAreaCut' depends on axioms: [propext,
 Classical.choice,
 Quot.sound]
ℹ [10450/10638] Replayed GroupApproximation.GGT.VanKampen.Estimating.OsinPocketRegionSections
info: GroupApproximation/GGT/VanKampen/Estimating/OsinPocketRegionSections.lean:244:14: 'GroupApproximation.GGT.VanKampen.PocketRegion.boundarySectionCuts' depends on axioms: [propext,
 Classical.choice,
 Quot.sound]
info: GroupApproximation/GGT/VanKampen/Estimating/OsinPocketRegionSections.lean:245:14: 'GroupApproximation.GGT.VanKampen.PocketRegion.boundarySectionCuts_count' depends on axioms: [propext,
 Classical.choice,
 Quot.sound]
info: GroupApproximation/GGT/VanKampen/Estimating/OsinPocketRegionSections.lean:246:14: 'GroupApproximation.GGT.VanKampen.PocketRegion.boundarySectionCuts_part' depends on axioms: [propext,
 Classical.choice,
 Quot.sound]
info: GroupApproximation/GGT/VanKampen/Estimating/OsinPocketRegionSections.lean:247:14: 'GroupApproximation.GGT.VanKampen.PocketRegion.boundarySectionCuts_cut_sub' depends on axioms: [propext,
 Classical.choice,
 Quot.sound]
info: GroupApproximation/GGT/VanKampen/Estimating/OsinPocketRegionSections.lean:248:14: 'GroupApproximation.GGT.VanKampen.PocketRegion.fourSectionCuts' depends on axioms: [propext,
 Classical.choice,
 Quot.sound]
info: GroupApproximation/GGT/VanKampen/Estimating/OsinPocketRegionSections.lean:249:14: 'GroupApproximation.GGT.VanKampen.PocketRegion.fourSectionCuts_count' depends on axioms: [propext,
 Classical.choice,
 Quot.sound]
info: GroupApproximation/GGT/VanKampen/Estimating/OsinPocketRegionSections.lean:250:14: 'GroupApproximation.GGT.VanKampen.PocketRegion.fourSectionCuts_side_short' depends on axioms: [propext,
 Classical.choice,
 Quot.sound]
info: GroupApproximation/GGT/VanKampen/Estimating/OsinPocketRegionSections.lean:251:14: 'GroupApproximation.GGT.VanKampen.PocketRegion.fourSectionCuts_leastAreaCut' depends on axioms: [propext,
 Classical.choice,
 Quot.sound]
info: GroupApproximation/GGT/VanKampen/Estimating/OsinPocketRegionSections.lean:252:14: 'GroupApproximation.GGT.VanKampen.OsinMultipleEdgeCut.ofPocketRegion' depends on axioms: [propext,
 Classical.choice,
 Quot.sound]
ℹ [10451/10638] Replayed GroupApproximation.GGT.VanKampen.Estimating.OsinPocketRegionRotate
info: GroupApproximation/GGT/VanKampen/Estimating/OsinPocketRegionRotate.lean:191:14: 'GroupApproximation.GGT.VanKampen.Surgery.MapCollapse.BoundaryCycle.positionEquiv_apply_val' depends on axioms: [propext,
 Classical.choice,
 Quot.sound]
info: GroupApproximation/GGT/VanKampen/Estimating/OsinPocketRegionRotate.lean:192:14: 'GroupApproximation.GGT.VanKampen.Surgery.MapCollapse.BoundaryCycle.boundaryPerm_apply_val' depends on axioms: [propext,
 Classical.choice,
 Quot.sound]
info: GroupApproximation/GGT/VanKampen/Estimating/OsinPocketRegionRotate.lean:193:14: 'GroupApproximation.GGT.VanKampen.Surgery.MapCollapse.BoundaryCycle.ofIsRotated' depends on axioms: [propext,
 Classical.choice,
 Quot.sound]
info: GroupApproximation/GGT/VanKampen/Estimating/OsinPocketRegionRotate.lean:194:14: 'GroupApproximation.GGT.VanKampen.Surgery.MapCollapse.BoundaryCycle.ofIsRotated_cycle' depends on axioms: [propext,
 Classical.choice,
 Quot.sound]
info: GroupApproximation/GGT/VanKampen/Estimating/OsinPocketRegionRotate.lean:195:14: 'GroupApproximation.GGT.VanKampen.Surgery.MapCollapse.BoundaryCycle.boundaryPerm_ofIsRotated' depends on axioms: [propext,
 Classical.choice,
 Quot.sound]
info: GroupApproximation/GGT/VanKampen/Estimating/OsinPocketRegionRotate.lean:196:14: 'GroupApproximation.GGT.VanKampen.Surgery.MapCollapse.reclosedMap_congr' depends on axioms: [propext,
 Classical.choice,
 Quot.sound]
info: GroupApproximation/GGT/VanKampen/Estimating/OsinPocketRegionRotate.lean:197:14: 'GroupApproximation.GGT.VanKampen.Surgery.MapCollapse.reclosedMap_ofIsRotated' depends on axioms: [propext,
 Classical.choice,
 Quot.sound]
info: GroupApproximation/GGT/VanKampen/Estimating/OsinPocketRegionRotate.lean:198:14: 'GroupApproximation.GGT.VanKampen.Surgery.MapCollapse.IsDiscRegion.ofIsRotated' depends on axioms: [propext,
 Classical.choice,
 Quot.sound]
info: GroupApproximation/GGT/VanKampen/Estimating/OsinPocketRegionRotate.lean:199:14: 'GroupApproximation.GGT.VanKampen.Surgery.MapCollapse.replaceGRegion_ofIsRotated' depends on axioms: [propext,
 Classical.choice,
 Quot.sound]
info: GroupApproximation/GGT/VanKampen/Estimating/OsinPocketRegionRotate.lean:200:14: 'GroupApproximation.GGT.VanKampen.Embedded.invDarts_isRotated' depends on axioms: [propext,
 Classical.choice,
 Quot.sound]
info: GroupApproximation/GGT/VanKampen/Estimating/OsinPocketRegionRotate.lean:201:14: 'GroupApproximation.GGT.VanKampen.PocketRegion.withOuter' depends on axioms: [propext, Classical.choice, Quot.sound]
info: GroupApproximation/GGT/VanKampen/Estimating/OsinPocketRegionRotate.lean:202:14: 'GroupApproximation.GGT.VanKampen.PocketRegion.withOuter_faces' depends on axioms: [propext,
 Classical.choice,
 Quot.sound]
info: GroupApproximation/GGT/VanKampen/Estimating/OsinPocketRegionRotate.lean:203:14: 'GroupApproximation.GGT.VanKampen.PocketRegion.withOuter_outside' depends on axioms: [propext,
 Classical.choice,
 Quot.sound]
info: GroupApproximation/GGT/VanKampen/Estimating/OsinPocketRegionRotate.lean:204:14: 'GroupApproximation.GGT.VanKampen.PocketRegion.invDarts_withOuter_cycle' depends on axioms: [propext,
 Classical.choice,
 Quot.sound]
info: GroupApproximation/GGT/VanKampen/Estimating/OsinPocketRegionRotate.lean:205:14: 'GroupApproximation.GGT.VanKampen.PocketRegion.withOuter_diagram_boundaryWord' depends on axioms: [propext,
 Classical.choice,
 Quot.sound]
ℹ [10452/10638] Replayed GroupApproximation.GGT.VanKampen.Estimating.OsinPocketFollowsBoundary
info: GroupApproximation/GGT/VanKampen/Estimating/OsinPocketFollowsBoundary.lean:97:14: 'GroupApproximation.GGT.VanKampen.Surgery.MapCollapse.BoundaryCycle.followsBoundary_congr' depends on axioms: [propext,
 Classical.choice,
 Quot.sound]
info: GroupApproximation/GGT/VanKampen/Estimating/OsinPocketFollowsBoundary.lean:98:14: 'GroupApproximation.GGT.VanKampen.Surgery.MapCollapse.BoundaryCycle.followsBoundary_ofIsRotated_iff' depends on axioms: [propext,
 Classical.choice,
 Quot.sound]
info: GroupApproximation/GGT/VanKampen/Estimating/OsinPocketFollowsBoundary.lean:99:14: 'GroupApproximation.GGT.VanKampen.Surgery.MapCollapse.IsDiscRegion.followsBoundary_ofIsRotated_iff' depends on axioms: [propext,
 Classical.choice,
 Quot.sound]
info: GroupApproximation/GGT/VanKampen/Estimating/OsinPocketFollowsBoundary.lean:100:14: 'GroupApproximation.GGT.VanKampen.Surgery.MapCollapse.FaceSetCircuits.toDiscRegion_followsBoundary' depends on axioms: [propext,
 Classical.choice,
 Quot.sound]
info: GroupApproximation/GGT/VanKampen/Estimating/OsinPocketFollowsBoundary.lean:101:14: 'GroupApproximation.GGT.VanKampen.PocketRegion.withOuter_outer_followsBoundary_iff' depends on axioms: [propext,
 Classical.choice,
 Quot.sound]
ℹ [10453/10638] Replayed GroupApproximation.GGT.VanKampen.Estimating.OsinPocketPieces
info: GroupApproximation/GGT/VanKampen/Estimating/OsinPocketPieces.lean:539:14: 'GroupApproximation.GGT.VanKampen.PocketFaceSet.Simple' depends on axioms: [propext, Classical.choice, Quot.sound]
info: GroupApproximation/GGT/VanKampen/Estimating/OsinPocketPieces.lean:540:14: 'GroupApproximation.GGT.VanKampen.PocketFaceSet.Simple.isSimpleClosedWalk' depends on axioms: [propext,
 Classical.choice,
 Quot.sound]
info: GroupApproximation/GGT/VanKampen/Estimating/OsinPocketPieces.lean:541:14: 'GroupApproximation.GGT.VanKampen.PocketCarrier.Collared' depends on axioms: [propext, Classical.choice, Quot.sound]
info: GroupApproximation/GGT/VanKampen/Estimating/OsinPocketPieces.lean:542:14: 'GroupApproximation.GGT.VanKampen.PocketCarrier.Nondegenerate' depends on axioms: [propext,
 Classical.choice,
 Quot.sound]
info: GroupApproximation/GGT/VanKampen/Estimating/OsinPocketPieces.lean:543:14: 'GroupApproximation.GGT.VanKampen.PocketCarrier.nondegenerate_of_leastArea' depends on axioms: [propext,
 Classical.choice,
 Quot.sound]
info: GroupApproximation/GGT/VanKampen/Estimating/OsinPocketPieces.lean:544:14: 'GroupApproximation.GGT.VanKampen.SectionPocketFaceSetInput' depends on axioms: [propext, Classical.choice, Quot.sound]
info: GroupApproximation/GGT/VanKampen/Estimating/OsinPocketPieces.lean:545:14: 'GroupApproximation.GGT.VanKampen.OsinSectionPocketFaceSetSectionStatement' depends on axioms: [propext,
 Classical.choice,
 Quot.sound]
info: GroupApproximation/GGT/VanKampen/Estimating/OsinPocketPieces.lean:546:14: 'GroupApproximation.GGT.VanKampen.PocketPinchStatement' depends on axioms: [propext, Classical.choice, Quot.sound]
info: GroupApproximation/GGT/VanKampen/Estimating/OsinPocketPieces.lean:547:14: 'GroupApproximation.GGT.VanKampen.PocketFaceSet.ClosedWalk' depends on axioms: [propext, Classical.choice, Quot.sound]
info: GroupApproximation/GGT/VanKampen/Estimating/OsinPocketPieces.lean:548:14: 'GroupApproximation.GGT.VanKampen.PocketFaceSet.Simple.closedWalk' depends on axioms: [propext,
 Classical.choice,
 Quot.sound]
info: GroupApproximation/GGT/VanKampen/Estimating/OsinPocketPieces.lean:549:14: 'GroupApproximation.GGT.VanKampen.PocketPinchLabelledStatement' depends on axioms: [propext,
 Classical.choice,
 Quot.sound]
info: GroupApproximation/GGT/VanKampen/Estimating/OsinPocketPieces.lean:550:14: 'GroupApproximation.GGT.VanKampen.pocketPinchLabelledStatement_of_pocketPinchStatement' depends on axioms: [propext,
 Classical.choice,
 Quot.sound]
info: GroupApproximation/GGT/VanKampen/Estimating/OsinPocketPieces.lean:551:14: 'GroupApproximation.GGT.VanKampen.PocketRegionOfSimpleStatement' depends on axioms: [propext,
 Classical.choice,
 Quot.sound]
info: GroupApproximation/GGT/VanKampen/Estimating/OsinPocketPieces.lean:552:14: 'GroupApproximation.GGT.VanKampen.PocketCollarStatement' depends on axioms: [propext, Classical.choice, Quot.sound]
info: GroupApproximation/GGT/VanKampen/Estimating/OsinPocketPieces.lean:553:14: 'GroupApproximation.GGT.VanKampen.PocketCellTransportStatement' depends on axioms: [propext,
 Classical.choice,
 Quot.sound]
info: GroupApproximation/GGT/VanKampen/Estimating/OsinPocketPieces.lean:554:14: 'GroupApproximation.GGT.VanKampen.PocketOuterTransportStatement' depends on axioms: [propext,
 Classical.choice,
 Quot.sound]
info: GroupApproximation/GGT/VanKampen/Estimating/OsinPocketPieces.lean:555:14: 'GroupApproximation.GGT.VanKampen.PocketCarrier.nonempty_osinSectionPocketCut' depends on axioms: [propext,
 Classical.choice,
 Quot.sound]
info: GroupApproximation/GGT/VanKampen/Estimating/OsinPocketPieces.lean:556:14: 'GroupApproximation.GGT.VanKampen.sectionPocketCutInput_of_pieces' depends on axioms: [propext,
 Classical.choice,
 Quot.sound]
info: GroupApproximation/GGT/VanKampen/Estimating/OsinPocketPieces.lean:557:14: 'GroupApproximation.GGT.VanKampen.osinSectionPocketCutSection_of_pieces' depends on axioms: [propext,
 Classical.choice,
 Quot.sound]
ℹ [10454/10638] Replayed GroupApproximation.GGT.VanKampen.Estimating.OsinPocketRegionSimpleWalk
info: GroupApproximation/GGT/VanKampen/Estimating/OsinPocketRegionSimpleWalk.lean:111:14: 'GroupApproximation.GGT.VanKampen.PocketRegion.ofSimpleClosedWalk_invDarts_outer' depends on axioms: [propext,
 Classical.choice,
 Quot.sound]
info: GroupApproximation/GGT/VanKampen/Estimating/OsinPocketRegionSimpleWalk.lean:112:14: 'GroupApproximation.GGT.VanKampen.PocketRegion.ofSimpleClosedWalk_followsBoundary' depends on axioms: [propext,
 Classical.choice,
 Quot.sound]
info: GroupApproximation/GGT/VanKampen/Estimating/OsinPocketRegionSimpleWalk.lean:113:14: 'GroupApproximation.GGT.VanKampen.PocketRegion.faceOf_alpha_not_mem_ofSimpleClosedWalk_faces' depends on axioms: [propext,
 Classical.choice,
 Quot.sound]
ℹ [10455/10638] Replayed GroupApproximation.GGT.VanKampen.Estimating.OsinPocketRegionOfSimple
info: GroupApproximation/GGT/VanKampen/Estimating/OsinPocketRegionOfSimple.lean:111:14: 'GroupApproximation.GGT.VanKampen.PocketFaceSet.outerFace_not_mem_sideFaces' depends on axioms: [propext,
 Classical.choice,
 Quot.sound]
info: GroupApproximation/GGT/VanKampen/Estimating/OsinPocketRegionOfSimple.lean:112:14: 'GroupApproximation.GGT.VanKampen.PocketFaceSet.toPocketCarrier' depends on axioms: [propext,
 Classical.choice,
 Quot.sound]
info: GroupApproximation/GGT/VanKampen/Estimating/OsinPocketRegionOfSimple.lean:113:14: 'GroupApproximation.GGT.VanKampen.PocketFaceSet.toPocketCarrier_faces' depends on axioms: [propext,
 Classical.choice,
 Quot.sound]
info: GroupApproximation/GGT/VanKampen/Estimating/OsinPocketRegionOfSimple.lean:114:14: 'GroupApproximation.GGT.VanKampen.PocketFaceSet.nonempty_pocketCarrier_of_sideFaces_eq' depends on axioms: [propext,
 Classical.choice,
 Quot.sound]
info: GroupApproximation/GGT/VanKampen/Estimating/OsinPocketRegionOfSimple.lean:115:14: 'GroupApproximation.GGT.VanKampen.PocketFaceSet.sideFaces_boundary_cycle_eq_faces' depends on axioms: [propext,
 Classical.choice,
 Quot.sound]
info: GroupApproximation/GGT/VanKampen/Estimating/OsinPocketRegionOfSimple.lean:116:21: 'GroupApproximation.GGT.VanKampen.pocketRegionOfSimple' depends on axioms: [propext, Classical.choice, Quot.sound]
ℹ [10456/10638] Replayed GroupApproximation.GGT.VanKampen.SurgeryGeodesicCollar
info: GroupApproximation/GGT/VanKampen/SurgeryGeodesicCollar.lean:97:14: 'GroupApproximation.GGT.VanKampen.geodesicCollarOutput_nil' depends on axioms: [propext, Classical.choice, Quot.sound]
ℹ [10457/10638] Replayed GroupApproximation.GGT.VanKampen.Estimating.OsinPocketTwoCollars
info: GroupApproximation/GGT/VanKampen/Estimating/OsinPocketTwoCollars.lean:191:14: 'GroupApproximation.GGT.VanKampen.Embedded.dartWord_map_embedding' depends on axioms: [propext,
 Classical.choice,
 Quot.sound]
info: GroupApproximation/GGT/VanKampen/Estimating/OsinPocketTwoCollars.lean:192:14: 'GroupApproximation.GGT.VanKampen.PocketRegion.exists_twoCollars_of_ne_or' depends on axioms: [propext,
 Classical.choice,
 Quot.sound]
info: GroupApproximation/GGT/VanKampen/Estimating/OsinPocketTwoCollars.lean:193:14: 'GroupApproximation.GGT.VanKampen.PocketRegion.exists_twoCollars' depends on axioms: [propext,
 Classical.choice,
 Quot.sound]
ℹ [10458/10638] Replayed GroupApproximation.GGT.VanKampen.Estimating.OsinPocketCollarOfGeodesic
info: GroupApproximation/GGT/VanKampen/Estimating/OsinPocketCollarOfGeodesic.lean:179:14: 'GroupApproximation.GGT.VanKampen.allLettersRelGenSet' depends on axioms: [propext, Classical.choice, Quot.sound]
info: GroupApproximation/GGT/VanKampen/Estimating/OsinPocketCollarOfGeodesic.lean:180:14: 'GroupApproximation.GGT.VanKampen.allLettersRelGenSet_inv_mem' depends on axioms: [propext,
 Classical.choice,
 Quot.sound]
info: GroupApproximation/GGT/VanKampen/Estimating/OsinPocketCollarOfGeodesic.lean:181:14: 'GroupApproximation.GGT.VanKampen.allLettersRelGenSet_isLetter' depends on axioms: [propext,
 Classical.choice,
 Quot.sound]
info: GroupApproximation/GGT/VanKampen/Estimating/OsinPocketCollarOfGeodesic.lean:182:14: 'GroupApproximation.GGT.VanKampen.exists_collaredWord' depends on axioms: [propext, Classical.choice, Quot.sound]
info: GroupApproximation/GGT/VanKampen/Estimating/OsinPocketCollarOfGeodesic.lean:183:14: 'GroupApproximation.GGT.VanKampen.Embedded.invDarts_map_of_alpha_comm' depends on axioms: [propext,
 Classical.choice,
 Quot.sound]
info: GroupApproximation/GGT/VanKampen/Estimating/OsinPocketCollarOfGeodesic.lean:184:14: 'GroupApproximation.GGT.VanKampen.pocketCollarStatement_of_geodesicCollar' depends on axioms: [propext,
 Classical.choice,
 Quot.sound]
ℹ [10463/10638] Replayed GroupApproximation.GGT.VanKampen.Estimating.OsinPocketGlueDiagram
info: GroupApproximation/GGT/VanKampen/Estimating/OsinPocketGlueDiagram.lean:243:14: 'GroupApproximation.GGT.VanKampen.Surgery.PocketGlue.Seam.exists_leftFace_or_rightFace' depends on axioms: [propext,
 Classical.choice,
 Quot.sound]
info: GroupApproximation/GGT/VanKampen/Estimating/OsinPocketGlueDiagram.lean:244:14: 'GroupApproximation.GGT.VanKampen.PocketRegion.outerWord_eq_of_oEquivalent' depends on axioms: [propext,
 Classical.choice,
 Quot.sound]
info: GroupApproximation/GGT/VanKampen/Estimating/OsinPocketGlueDiagram.lean:245:14: 'GroupApproximation.GGT.VanKampen.PocketRegion.glueSeam_label' depends on axioms: [propext,
 Classical.choice,
 Quot.sound]
info: GroupApproximation/GGT/VanKampen/Estimating/OsinPocketGlueDiagram.lean:246:14: 'GroupApproximation.GGT.VanKampen.PocketRegion.glueDiagram' depends on axioms: [propext, Classical.choice, Quot.sound]
info: GroupApproximation/GGT/VanKampen/Estimating/OsinPocketGlueDiagram.lean:247:14: 'GroupApproximation.GGT.VanKampen.PocketRegion.glueDiagram_boundaryWord' depends on axioms: [propext,
 Classical.choice,
 Quot.sound]
info: GroupApproximation/GGT/VanKampen/Estimating/OsinPocketGlueDiagram.lean:248:14: 'GroupApproximation.GGT.VanKampen.PocketRegion.glueDiagram_face_mem_iff' depends on axioms: [propext,
 Classical.choice,
 Quot.sound]
info: GroupApproximation/GGT/VanKampen/Estimating/OsinPocketGlueDiagram.lean:249:14: 'GroupApproximation.GGT.VanKampen.PocketRegion.glueEmbeddingAway' depends on axioms: [propext,
 Classical.choice,
 Quot.sound]
ℹ [10465/10638] Replayed GroupApproximation.GGT.VanKampen.Estimating.OsinPocketGlueEquivalence
info: GroupApproximation/GGT/VanKampen/Estimating/OsinPocketGlueEquivalence.lean:220:14: 'GroupApproximation.GGT.VanKampen.DiscDiagram.relFace_ne_outerFace' depends on axioms: [propext,
 Classical.choice,
 Quot.sound]
info: GroupApproximation/GGT/VanKampen/Estimating/OsinPocketGlueEquivalence.lean:221:14: 'GroupApproximation.GGT.VanKampen.PocketRegion.diagram_face_mem_iff' depends on axioms: [propext,
 Classical.choice,
 Quot.sound]
info: GroupApproximation/GGT/VanKampen/Estimating/OsinPocketGlueEquivalence.lean:222:14: 'GroupApproximation.GGT.VanKampen.PocketRegion.kept_mem' depends on axioms: [propext, Classical.choice, Quot.sound]
info: GroupApproximation/GGT/VanKampen/Estimating/OsinPocketGlueEquivalence.lean:223:14: 'GroupApproximation.GGT.VanKampen.PocketRegion.exists_of_mem_cellFaces' depends on axioms: [propext,
 Classical.choice,
 Quot.sound]
info: GroupApproximation/GGT/VanKampen/Estimating/OsinPocketGlueEquivalence.lean:224:14: 'GroupApproximation.GGT.VanKampen.PocketRegion.glueLeft_mem' depends on axioms: [propext, Classical.choice, Quot.sound]
info: GroupApproximation/GGT/VanKampen/Estimating/OsinPocketGlueEquivalence.lean:225:14: 'GroupApproximation.GGT.VanKampen.PocketRegion.glueRight_mem' depends on axioms: [propext, Classical.choice, Quot.sound]
info: GroupApproximation/GGT/VanKampen/Estimating/OsinPocketGlueEquivalence.lean:226:14: 'GroupApproximation.GGT.VanKampen.PocketRegion.glueCellFace_word' depends on axioms: [propext,
 Classical.choice,
 Quot.sound]
info: GroupApproximation/GGT/VanKampen/Estimating/OsinPocketGlueEquivalence.lean:227:14: 'GroupApproximation.GGT.VanKampen.PocketRegion.glueCellFaceEquiv' depends on axioms: [propext,
 Classical.choice,
 Quot.sound]
info: GroupApproximation/GGT/VanKampen/Estimating/OsinPocketGlueEquivalence.lean:228:14: 'GroupApproximation.GGT.VanKampen.PocketRegion.glueOEquivalent' depends on axioms: [propext,
 Classical.choice,
 Quot.sound]
ℹ [10466/10638] Replayed GroupApproximation.GGT.VanKampen.Estimating.OsinPocketGlueOuterArc
info: GroupApproximation/GGT/VanKampen/Estimating/OsinPocketGlueOuterArc.lean:189:14: 'GroupApproximation.GGT.VanKampen.Embedded.CyclicArc.getElem_darts_of_le' depends on axioms: [propext, Quot.sound]
info: GroupApproximation/GGT/VanKampen/Estimating/OsinPocketGlueOuterArc.lean:190:14: 'GroupApproximation.GGT.VanKampen.PocketRegion.glueEmbedding_outerBoundary_getElem' depends on axioms: [propext,
 Classical.choice,
 Quot.sound]
info: GroupApproximation/GGT/VanKampen/Estimating/OsinPocketGlueOuterArc.lean:191:14: 'GroupApproximation.GGT.VanKampen.PocketRegion.glueDiagram_outerBoundary_getElem' depends on axioms: [propext,
 Classical.choice,
 Quot.sound]
info: GroupApproximation/GGT/VanKampen/Estimating/OsinPocketGlueOuterArc.lean:192:14: 'GroupApproximation.GGT.VanKampen.PocketRegion.glueEmbedding_outerDarts_getElem' depends on axioms: [propext,
 Classical.choice,
 Quot.sound]
info: GroupApproximation/GGT/VanKampen/Estimating/OsinPocketGlueOuterArc.lean:193:14: 'GroupApproximation.GGT.VanKampen.PocketRegion.exists_glue_outerArc' depends on axioms: [propext,
 Classical.choice,
 Quot.sound]
info: GroupApproximation/GGT/VanKampen/Estimating/OsinPocketGlueOuterArc.lean:194:14: 'GroupApproximation.GGT.VanKampen.PocketRegion.exists_glue_outerArc_within' depends on axioms: [propext,
 Classical.choice,
 Quot.sound]
ℹ [10467/10638] Replayed GroupApproximation.GGT.VanKampen.Estimating.OsinPocketGlueOuterTransport
info: GroupApproximation/GGT/VanKampen/Estimating/OsinPocketGlueOuterTransport.lean:155:14: 'GroupApproximation.GGT.VanKampen.DiscEmbeddingAway.outerGeometry' depends on axioms: [propext,
 Classical.choice,
 Quot.sound]
info: GroupApproximation/GGT/VanKampen/Estimating/OsinPocketGlueOuterTransport.lean:156:14: 'GroupApproximation.GGT.VanKampen.PocketRegion.exists_glue_cell' depends on axioms: [propext,
 Classical.choice,
 Quot.sound]
info: GroupApproximation/GGT/VanKampen/Estimating/OsinPocketGlueOuterTransport.lean:157:14: 'GroupApproximation.GGT.VanKampen.PocketRegion.exists_glue_outerCandidate' depends on axioms: [propext,
 Classical.choice,
 Quot.sound]
info: GroupApproximation/GGT/VanKampen/Estimating/OsinPocketGlueOuterTransport.lean:158:21: 'GroupApproximation.GGT.VanKampen.pocketOuterTransport' depends on axioms: [propext, Classical.choice, Quot.sound]
ℹ [10470/10638] Replayed GroupApproximation.GGT.VanKampen.Estimating.OsinPocketGlueCarriers
info: GroupApproximation/GGT/VanKampen/Estimating/OsinPocketGlueCarriers.lean:227:14: 'GroupApproximation.GGT.VanKampen.Embedded.reverse_drop_take' depends on axioms: [propext, Classical.choice, Quot.sound]
info: GroupApproximation/GGT/VanKampen/Estimating/OsinPocketGlueCarriers.lean:228:14: 'GroupApproximation.GGT.VanKampen.Embedded.invDarts_window' depends on axioms: [propext, Classical.choice, Quot.sound]
info: GroupApproximation/GGT/VanKampen/Estimating/OsinPocketGlueCarriers.lean:229:14: 'GroupApproximation.GGT.VanKampen.Embedded.cycle_eq_of_invDarts' depends on axioms: [propext,
 Classical.choice,
 Quot.sound]
info: GroupApproximation/GGT/VanKampen/Estimating/OsinPocketGlueCarriers.lean:230:14: 'GroupApproximation.GGT.VanKampen.Embedded.CyclicArc.darts_eq_drop_take' depends on axioms: [propext, Quot.sound]
info: GroupApproximation/GGT/VanKampen/Estimating/OsinPocketGlueCarriers.lean:231:14: 'GroupApproximation.GGT.VanKampen.Embedded.targetDarts_of_eq_none' depends on axioms: [propext,
 Classical.choice,
 Quot.sound]
info: GroupApproximation/GGT/VanKampen/Estimating/OsinPocketGlueCarriers.lean:232:14: 'GroupApproximation.GGT.VanKampen.Embedded.targetBoundaryDarts_of_eq_none' depends on axioms: [propext,
 Classical.choice,
 Quot.sound]
info: GroupApproximation/GGT/VanKampen/Estimating/OsinPocketGlueCarriers.lean:233:14: 'GroupApproximation.GGT.VanKampen.Surgery.PocketGlue.Seam.leftDarts_eq_map' depends on axioms: [propext,
 Classical.choice,
 Quot.sound]
info: GroupApproximation/GGT/VanKampen/Estimating/OsinPocketGlueCarriers.lean:234:14: 'GroupApproximation.GGT.VanKampen.Surgery.PocketGlue.Seam.outerBoundary_map_glueEmbedding' depends on axioms: [propext,
 Classical.choice,
 Quot.sound]
info: GroupApproximation/GGT/VanKampen/Estimating/OsinPocketGlueCarriers.lean:235:14: 'GroupApproximation.GGT.VanKampen.PocketRegion.glueRightCell_darts' depends on axioms: [propext,
 Classical.choice,
 Quot.sound]
info: GroupApproximation/GGT/VanKampen/Estimating/OsinPocketGlueCarriers.lean:236:14: 'GroupApproximation.GGT.VanKampen.PocketRegion.glueLeftCell_darts' depends on axioms: [propext,
 Classical.choice,
 Quot.sound]
info: GroupApproximation/GGT/VanKampen/Estimating/OsinPocketGlueCarriers.lean:237:14: 'GroupApproximation.GGT.VanKampen.PocketRegion.glueOuter_darts' depends on axioms: [propext,
 Classical.choice,
 Quot.sound]
ℹ [10471/10638] Replayed GroupApproximation.GGT.VanKampen.Estimating.OsinPocketGlueCellTransport
info: GroupApproximation/GGT/VanKampen/Estimating/OsinPocketGlueCellTransport.lean:193:14: 'GroupApproximation.GGT.VanKampen.DiscEmbeddingAway.retargetGeometry' depends on axioms: [propext,
 Classical.choice,
 Quot.sound]
info: GroupApproximation/GGT/VanKampen/Estimating/OsinPocketGlueCellTransport.lean:194:14: 'GroupApproximation.GGT.VanKampen.PocketRegion.glueCellArc_boundaryDarts' depends on axioms: [propext,
 Classical.choice,
 Quot.sound]
info: GroupApproximation/GGT/VanKampen/Estimating/OsinPocketGlueCellTransport.lean:195:14: 'GroupApproximation.GGT.VanKampen.PocketRegion.glueRightCell_ne_glueLeftCell' depends on axioms: [propext,
 Classical.choice,
 Quot.sound]
info: GroupApproximation/GGT/VanKampen/Estimating/OsinPocketGlueCellTransport.lean:196:14: 'GroupApproximation.GGT.VanKampen.PocketRegion.glueRightCell_word_length' depends on axioms: [propext,
 Classical.choice,
 Quot.sound]
info: GroupApproximation/GGT/VanKampen/Estimating/OsinPocketGlueCellTransport.lean:197:21: 'GroupApproximation.GGT.VanKampen.pocketCellTransport' depends on axioms: [propext, Classical.choice, Quot.sound]
ℹ [10472/10638] Replayed GroupApproximation.GGT.VanKampen.Estimating.OsinPocketCutResiduals
info: GroupApproximation/GGT/VanKampen/Estimating/OsinPocketCutResiduals.lean:68:14: 'GroupApproximation.GGT.VanKampen.sectionPocketCutInput_of_residuals' depends on axioms: [propext,
 Classical.choice,
 Quot.sound]
info: GroupApproximation/GGT/VanKampen/Estimating/OsinPocketCutResiduals.lean:69:14: 'GroupApproximation.GGT.VanKampen.osinSectionPocketCutSection_of_residuals' depends on axioms: [propext,
 Classical.choice,
 Quot.sound]
ℹ [10473/10638] Replayed GroupApproximation.GGT.VanKampen.Estimating.OsinPocketMultipleEdgeTransport
info: GroupApproximation/GGT/VanKampen/Estimating/OsinPocketMultipleEdgeTransport.lean:114:14: 'GroupApproximation.GGT.VanKampen.PocketRegion.fourSectionCuts_cellTransport' depends on axioms: [propext,
 Classical.choice,
 Quot.sound]
ℹ [10474/10638] Replayed GroupApproximation.GGT.VanKampen.Estimating.OsinPocketRegionSide
info: GroupApproximation/GGT/VanKampen/Estimating/OsinPocketRegionSide.lean:71:14: 'GroupApproximation.GGT.VanKampen.MultipleEdgePocketRegionInput' depends on axioms: [propext,
 Classical.choice,
 Quot.sound]
ℹ [10475/10638] Replayed GroupApproximation.GGT.VanKampen.Estimating.OsinPocketMultipleEdgeAssembly
info: GroupApproximation/GGT/VanKampen/Estimating/OsinPocketMultipleEdgeAssembly.lean:222:14: 'GroupApproximation.GGT.VanKampen.PocketRegion.ne_or_of_leastArea' depends on axioms: [propext,
 Classical.choice,
 Quot.sound]
info: GroupApproximation/GGT/VanKampen/Estimating/OsinPocketMultipleEdgeAssembly.lean:223:14: 'GroupApproximation.GGT.VanKampen.nonempty_osinMultipleEdgeCut_of_pocketRegion' depends on axioms: [propext,
 Classical.choice,
 Quot.sound]
info: GroupApproximation/GGT/VanKampen/Estimating/OsinPocketMultipleEdgeAssembly.lean:224:14: 'GroupApproximation.GGT.VanKampen.multipleEdgeCutInput_of_pieces' depends on axioms: [propext,
 Classical.choice,
 Quot.sound]
info: GroupApproximation/GGT/VanKampen/Estimating/OsinPocketMultipleEdgeAssembly.lean:225:14: 'GroupApproximation.GGT.VanKampen.OsinMultipleEdgePocketRegionSectionStatement' depends on axioms: [propext,
 Classical.choice,
 Quot.sound]
info: GroupApproximation/GGT/VanKampen/Estimating/OsinPocketMultipleEdgeAssembly.lean:226:14: 'GroupApproximation.GGT.VanKampen.osinMultipleEdgeCutSection_of_pieces' depends on axioms: [propext,
 Classical.choice,
 Quot.sound]
ℹ [10476/10638] Replayed GroupApproximation.GGT.VanKampen.Estimating.OsinDescentResiduals
info: GroupApproximation/GGT/VanKampen/Estimating/OsinDescentResiduals.lean:70:14: 'GroupApproximation.GGT.VanKampen.osinDescentSection_of_residuals' depends on axioms: [propext,
 Classical.choice,
 Quot.sound]
info: GroupApproximation/GGT/VanKampen/Estimating/OsinDescentResiduals.lean:71:14: 'GroupApproximation.GGT.VanKampen.relativeGreendlingerQuasiGeodesicLeastArea_of_residuals' depends on axioms: [propext,
 Classical.choice,
 Quot.sound]
ℹ [10485/10638] Replayed GroupApproximation.GGT.VanKampen.Estimating.OsinLemma94AntiparallelMetric
info: GroupApproximation/GGT/VanKampen/Estimating/OsinLemma94AntiparallelMetric.lean:98:14: 'GroupApproximation.GGT.VanKampen.exists_component_dense_of_sideBudget' depends on axioms: [propext,
 Classical.choice,
 Quot.sound]
info: GroupApproximation/GGT/VanKampen/Estimating/OsinLemma94AntiparallelMetric.lean:99:21: 'GroupApproximation.GGT.VanKampen.osinLemma94AntiparallelMetric' depends on axioms: [propext,
 Classical.choice,
 Quot.sound]
ℹ [10486/10638] Replayed GroupApproximation.GGT.VanKampen.Estimating.OsinLemma94ChainRespell
info: GroupApproximation/GGT/VanKampen/Estimating/OsinLemma94ChainRespell.lean:169:14: 'GroupApproximation.GGT.VanKampen.GloballyDistinguishedSectionFamily.chainRespellInput_of_pieces' depends on axioms: [propext,
 Classical.choice,
 Quot.sound]
ℹ [10492/10638] Replayed GroupApproximation.GGT.VanKampen.SurgeryPinchSplitSections
info: GroupApproximation/GGT/VanKampen/SurgeryPinchSplitSections.lean:264:14: 'GroupApproximation.GGT.VanKampen.PinchSplit.Input.regionFamily_profile' depends on axioms: [propext,
 Classical.choice,
 Quot.sound]
info: GroupApproximation/GGT/VanKampen/SurgeryPinchSplitSections.lean:265:14: 'GroupApproximation.GGT.VanKampen.PinchSplit.Input.regionFamily_noLoop' depends on axioms: [propext,
 Classical.choice,
 Quot.sound]
info: GroupApproximation/GGT/VanKampen/SurgeryPinchSplitSections.lean:266:14: 'GroupApproximation.GGT.VanKampen.PinchSplit.Input.unboundDarts_eq' depends on axioms: [propext,
 Classical.choice,
 Quot.sound]
info: GroupApproximation/GGT/VanKampen/SurgeryPinchSplitSections.lean:267:14: 'GroupApproximation.GGT.VanKampen.PinchSplit.Input.sum_unboundDarts_card' depends on axioms: [propext,
 Classical.choice,
 Quot.sound]
info: GroupApproximation/GGT/VanKampen/SurgeryPinchSplitSections.lean:268:14: 'GroupApproximation.GGT.VanKampen.PinchSplit.transportSection' depends on axioms: [propext,
 Classical.choice,
 Quot.sound]
info: GroupApproximation/GGT/VanKampen/SurgeryPinchSplitSections.lean:269:14: 'GroupApproximation.GGT.VanKampen.PinchSplit.transportSection_weight' depends on axioms: [propext,
 Classical.choice,
 Quot.sound]
info: GroupApproximation/GGT/VanKampen/SurgeryPinchSplitSections.lean:270:14: 'GroupApproximation.GGT.VanKampen.PinchSplit.transportSection_labelLegal' depends on axioms: [propext,
 Classical.choice,
 Quot.sound]
ℹ [10493/10638] Replayed GroupApproximation.GGT.VanKampen.SurgeryPinchSplitExtremal
info: GroupApproximation/GGT/VanKampen/SurgeryPinchSplitExtremal.lean:91:14: 'GroupApproximation.GGT.VanKampen.PinchSplit.transportDistinguished' depends on axioms: [propext,
 Classical.choice,
 Quot.sound]
info: GroupApproximation/GGT/VanKampen/SurgeryPinchSplitExtremal.lean:92:14: 'GroupApproximation.GGT.VanKampen.PinchSplit.transportDistinguished_weight' depends on axioms: [propext,
 Classical.choice,
 Quot.sound]
info: GroupApproximation/GGT/VanKampen/SurgeryPinchSplitExtremal.lean:93:14: 'GroupApproximation.GGT.VanKampen.PinchSplit.transportDistinguished_card' depends on axioms: [propext,
 Classical.choice,
 Quot.sound]
info: GroupApproximation/GGT/VanKampen/SurgeryPinchSplitExtremal.lean:94:14: 'GroupApproximation.GGT.VanKampen.PinchSplit.transportDistinguished_avoid_merged' depends on axioms: [propext,
 Classical.choice,
 Quot.sound]
ℹ [10494/10638] Replayed GroupApproximation.GGT.VanKampen.Estimating.OsinUnboundReduced
info: GroupApproximation/GGT/VanKampen/Estimating/OsinUnboundReduced.lean:133:14: 'GroupApproximation.GGT.VanKampen.PinchSplit.transportDistinguished_sum_unboundDarts_card' depends on axioms: [propext,
 Classical.choice,
 Quot.sound]
info: GroupApproximation/GGT/VanKampen/Estimating/OsinUnboundReduced.lean:134:14: 'GroupApproximation.GGT.VanKampen.PinchSplit.transportDistinguished_faceCount_add_one' depends on axioms: [propext,
 Classical.choice,
 Quot.sound]
info: GroupApproximation/GGT/VanKampen/Estimating/OsinUnboundReduced.lean:135:14: 'GroupApproximation.GGT.VanKampen.GloballyDistinguishedSectionFamily.exists_unselectedGFacesReduced' depends on axioms: [propext,
 Classical.choice,
 Quot.sound]
ℹ [10495/10638] Replayed GroupApproximation.GGT.VanKampen.Estimating.OsinLemma94DartMinimal
info: GroupApproximation/GGT/VanKampen/Estimating/OsinLemma94DartMinimal.lean:168:14: 'GroupApproximation.GGT.VanKampen.Surgery.GFaceMerge.transportDistinguished_dartCount_add_two' depends on axioms: [propext,
 Classical.choice,
 Quot.sound]
info: GroupApproximation/GGT/VanKampen/Estimating/OsinLemma94DartMinimal.lean:169:14: 'GroupApproximation.GGT.VanKampen.PinchSplit.transportDistinguished_dartCount' depends on axioms: [propext,
 Classical.choice,
 Quot.sound]
info: GroupApproximation/GGT/VanKampen/Estimating/OsinLemma94DartMinimal.lean:170:14: 'GroupApproximation.GGT.VanKampen.GloballyDistinguishedSectionFamily.DartMinimal.false_of_dartCount_lt' depends on axioms: [propext,
 Classical.choice,
 Quot.sound]
info: GroupApproximation/GGT/VanKampen/Estimating/OsinLemma94DartMinimal.lean:171:14: 'GroupApproximation.GGT.VanKampen.GloballyDistinguishedSectionFamily.DartMinimal.unselectedGFacesMerged' depends on axioms: [propext,
 Classical.choice,
 Quot.sound]
info: GroupApproximation/GGT/VanKampen/Estimating/OsinLemma94DartMinimal.lean:172:14: 'GroupApproximation.GGT.VanKampen.GloballyDistinguishedSectionFamily.exists_reduced_dartCount_le' depends on axioms: [propext,
 Classical.choice,
 Quot.sound]
info: GroupApproximation/GGT/VanKampen/Estimating/OsinLemma94DartMinimal.lean:173:14: 'GroupApproximation.GGT.VanKampen.GloballyDistinguishedSectionFamily.exists_reduced_dartMinimal' depends on axioms: [propext,
 Classical.choice,
 Quot.sound]
ℹ [10496/10638] Replayed GroupApproximation.GGT.VanKampen.Estimating.OsinLemma94SeparatingRemoval
info: GroupApproximation/GGT/VanKampen/Estimating/OsinLemma94SeparatingRemoval.lean:161:14: 'GroupApproximation.GGT.VanKampen.Surgery.GFaceMerge.facePerm_keep_of_ne' depends on axioms: [propext,
 Classical.choice,
 Quot.sound]
info: GroupApproximation/GGT/VanKampen/Estimating/OsinLemma94SeparatingRemoval.lean:162:14: 'GroupApproximation.GGT.VanKampen.Surgery.GFaceMerge.sigma_keep_eq_self' depends on axioms: [propext,
 Classical.choice,
 Quot.sound]
info: GroupApproximation/GGT/VanKampen/Estimating/OsinLemma94SeparatingRemoval.lean:163:14: 'GroupApproximation.GGT.VanKampen.GloballyDistinguishedSectionFamily.separatingPathRemovalInput_of_pendant' depends on axioms: [propext,
 Classical.choice,
 Quot.sound]
ℹ [10500/10638] Replayed GroupApproximation.GGT.VanKampen.SurgerySpikeDeletionRegions
info: GroupApproximation/GGT/VanKampen/SurgerySpikeDeletionRegions.lean:549:14: 'GroupApproximation.GGT.VanKampen.Surgery.SpikeDeletion.transportBoundary' depends on axioms: [propext,
 Classical.choice,
 Quot.sound]
info: GroupApproximation/GGT/VanKampen/SurgerySpikeDeletionRegions.lean:550:14: 'GroupApproximation.GGT.VanKampen.Surgery.SpikeDeletion.shelling' depends on axioms: [propext,
 Classical.choice,
 Quot.sound]
info: GroupApproximation/GGT/VanKampen/SurgerySpikeDeletionRegions.lean:551:14: 'GroupApproximation.GGT.VanKampen.Surgery.SpikeDeletion.contiguityGeometry' depends on axioms: [propext,
 Classical.choice,
 Quot.sound]
info: GroupApproximation/GGT/VanKampen/SurgerySpikeDeletionRegions.lean:552:14: 'GroupApproximation.GGT.VanKampen.Surgery.SpikeDeletion.contiguityGeometry_injective' depends on axioms: [propext,
 Classical.choice,
 Quot.sound]
info: GroupApproximation/GGT/VanKampen/SurgerySpikeDeletionRegions.lean:553:14: 'GroupApproximation.GGT.VanKampen.Surgery.SpikeDeletion.regionCandidate_injective' depends on axioms: [propext,
 Classical.choice,
 Quot.sound]
info: GroupApproximation/GGT/VanKampen/SurgerySpikeDeletionRegions.lean:554:14: 'GroupApproximation.GGT.VanKampen.Surgery.SpikeDeletion.regionFamily_card' depends on axioms: [propext,
 Classical.choice,
 Quot.sound]
info: GroupApproximation/GGT/VanKampen/SurgerySpikeDeletionRegions.lean:555:14: 'GroupApproximation.GGT.VanKampen.Surgery.SpikeDeletion.regionFamily_weight' depends on axioms: [propext,
 Classical.choice,
 Quot.sound]
info: GroupApproximation/GGT/VanKampen/SurgerySpikeDeletionRegions.lean:556:14: 'GroupApproximation.GGT.VanKampen.Surgery.SpikeDeletion.regionFamily_pairwise' depends on axioms: [propext,
 Classical.choice,
 Quot.sound]
info: GroupApproximation/GGT/VanKampen/SurgerySpikeDeletionRegions.lean:557:14: 'GroupApproximation.GGT.VanKampen.Surgery.SpikeDeletion.regionFamily_profile' depends on axioms: [propext,
 Classical.choice,
 Quot.sound]
info: GroupApproximation/GGT/VanKampen/SurgerySpikeDeletionRegions.lean:558:14: 'GroupApproximation.GGT.VanKampen.Surgery.SpikeDeletion.regionFamily_noLoop' depends on axioms: [propext,
 Classical.choice,
 Quot.sound]
info: GroupApproximation/GGT/VanKampen/SurgerySpikeDeletionRegions.lean:559:14: 'GroupApproximation.GGT.VanKampen.Surgery.SpikeDeletion.regionFamily_avoid_shrunk' depends on axioms: [propext,
 Classical.choice,
 Quot.sound]
info: GroupApproximation/GGT/VanKampen/SurgerySpikeDeletionRegions.lean:560:14: 'GroupApproximation.GGT.VanKampen.Surgery.SpikeDeletion.unboundDarts_eq' depends on axioms: [propext,
 Classical.choice,
 Quot.sound]
info: GroupApproximation/GGT/VanKampen/SurgerySpikeDeletionRegions.lean:561:14: 'GroupApproximation.GGT.VanKampen.Surgery.SpikeDeletion.sum_unboundDarts_card' depends on axioms: [propext,
 Classical.choice,
 Quot.sound]
info: GroupApproximation/GGT/VanKampen/SurgerySpikeDeletionRegions.lean:562:14: 'GroupApproximation.GGT.VanKampen.Surgery.SpikeDeletion.transportSection' depends on axioms: [propext,
 Classical.choice,
 Quot.sound]
info: GroupApproximation/GGT/VanKampen/SurgerySpikeDeletionRegions.lean:563:14: 'GroupApproximation.GGT.VanKampen.Surgery.SpikeDeletion.transportSection_weight' depends on axioms: [propext,
 Classical.choice,
 Quot.sound]
info: GroupApproximation/GGT/VanKampen/SurgerySpikeDeletionRegions.lean:564:14: 'GroupApproximation.GGT.VanKampen.Surgery.SpikeDeletion.transportSection_labelLegal' depends on axioms: [propext,
 Classical.choice,
 Quot.sound]
ℹ [10501/10638] Replayed GroupApproximation.GGT.VanKampen.Estimating.OsinLemma94SpikeTransport
info: GroupApproximation/GGT/VanKampen/Estimating/OsinLemma94SpikeTransport.lean:127:14: 'GroupApproximation.GGT.VanKampen.Surgery.SpikeDeletion.transportDistinguished' depends on axioms: [propext,
 Classical.choice,
 Quot.sound]
info: GroupApproximation/GGT/VanKampen/Estimating/OsinLemma94SpikeTransport.lean:128:14: 'GroupApproximation.GGT.VanKampen.Surgery.SpikeDeletion.transportDistinguished_card' depends on axioms: [propext,
 Classical.choice,
 Quot.sound]
info: GroupApproximation/GGT/VanKampen/Estimating/OsinLemma94SpikeTransport.lean:129:14: 'GroupApproximation.GGT.VanKampen.Surgery.SpikeDeletion.transportDistinguished_unboundSum' depends on axioms: [propext,
 Classical.choice,
 Quot.sound]
info: GroupApproximation/GGT/VanKampen/Estimating/OsinLemma94SpikeTransport.lean:130:14: 'GroupApproximation.GGT.VanKampen.Surgery.SpikeDeletion.transportDistinguished_avoid_shrunk' depends on axioms: [propext,
 Classical.choice,
 Quot.sound]
info: GroupApproximation/GGT/VanKampen/Estimating/OsinLemma94SpikeTransport.lean:131:14: 'GroupApproximation.GGT.VanKampen.Surgery.SpikeDeletion.transportDistinguished_dartCount_add_two' depends on axioms: [propext,
 Classical.choice,
 Quot.sound]
info: GroupApproximation/GGT/VanKampen/Estimating/OsinLemma94SpikeTransport.lean:132:14: 'GroupApproximation.GGT.VanKampen.Surgery.SpikeDeletion.transportDistinguished_faceCount_eq' depends on axioms: [propext,
 Classical.choice,
 Quot.sound]
info: GroupApproximation/GGT/VanKampen/Estimating/OsinLemma94SpikeTransport.lean:133:14: 'GroupApproximation.GGT.VanKampen.GloballyDistinguishedSectionFamily.DartMinimal.false_of_spikeDeletion' depends on axioms: [propext,
 Classical.choice,
 Quot.sound]
ℹ [10502/10638] Replayed GroupApproximation.GGT.VanKampen.Estimating.OsinLemma94PendantRemoval
info: GroupApproximation/GGT/VanKampen/Estimating/OsinLemma94PendantRemoval.lean:197:14: 'GroupApproximation.GGT.VanKampen.Surgery.SpikeDeletion.facePerm_keep_of_ne' depends on axioms: [propext,
 Classical.choice,
 Quot.sound]
info: GroupApproximation/GGT/VanKampen/Estimating/OsinLemma94PendantRemoval.lean:198:14: 'GroupApproximation.GGT.VanKampen.Surgery.SpikeDeletion.sigma_keep_eq_self' depends on axioms: [propext,
 Classical.choice,
 Quot.sound]
info: GroupApproximation/GGT/VanKampen/Estimating/OsinLemma94PendantRemoval.lean:199:14: 'GroupApproximation.GGT.VanKampen.GloballyDistinguishedSectionFamily.pendantPathRemoval_of_length' depends on axioms: [propext,
 Classical.choice,
 Quot.sound]
info: GroupApproximation/GGT/VanKampen/Estimating/OsinLemma94PendantRemoval.lean:200:14: 'GroupApproximation.GGT.VanKampen.GloballyDistinguishedSectionFamily.pendantPathRemovalInput' depends on axioms: [propext,
 Classical.choice,
 Quot.sound]
ℹ [10503/10638] Replayed GroupApproximation.GGT.VanKampen.Estimating.OsinLemma94CornerInsertion
info: GroupApproximation/GGT/VanKampen/Estimating/OsinLemma94CornerInsertion.lean:282:14: 'GroupApproximation.GGT.VanKampen.GFaceWordInsertion.SplitOutput.dartCount_eq' depends on axioms: [propext,
 Classical.choice,
 Quot.sound]
info: GroupApproximation/GGT/VanKampen/Estimating/OsinLemma94CornerInsertion.lean:283:14: 'GroupApproximation.GGT.VanKampen.GloballyDistinguishedSectionFamily.cornerInsertionInput' depends on axioms: [propext,
 Classical.choice,
 Quot.sound]
ℹ [10504/10638] Replayed GroupApproximation.GGT.VanKampen.Estimating.OsinLemma94PolygonRealization
info: GroupApproximation/GGT/VanKampen/Estimating/OsinLemma94PolygonRealization.lean:162:14: 'GroupApproximation.GGT.VanKampen.GloballyDistinguishedSectionFamily.gFacesApart_of_dartMinimal' depends on axioms: [propext,
 Classical.choice,
 Quot.sound]
info: GroupApproximation/GGT/VanKampen/Estimating/OsinLemma94PolygonRealization.lean:163:14: 'GroupApproximation.GGT.VanKampen.osinLemma94PolygonRealizationInput_of_pieces' depends on axioms: [propext,
 Classical.choice,
 Quot.sound]
ℹ [10505/10638] Replayed GroupApproximation.GGT.VanKampen.Estimating.OsinLemma94CuttingChains
info: GroupApproximation/GGT/VanKampen/Estimating/OsinLemma94CuttingChains.lean:192:14: 'GroupApproximation.GGT.VanKampen.GloballyDistinguishedSectionFamily.chain_rel_getElem' depends on axioms: [propext,
 Classical.choice,
 Quot.sound]
info: GroupApproximation/GGT/VanKampen/Estimating/OsinLemma94CuttingChains.lean:193:14: 'GroupApproximation.GGT.VanKampen.GloballyDistinguishedSectionFamily.facePerm_getElem_of_rotate_eq' depends on axioms: [propext,
 Classical.choice,
 Quot.sound]
info: GroupApproximation/GGT/VanKampen/Estimating/OsinLemma94CuttingChains.lean:194:14: 'GroupApproximation.GGT.VanKampen.GloballyDistinguishedSectionFamily.not_leaf_of_dartMinimal' depends on axioms: [propext,
 Classical.choice,
 Quot.sound]
info: GroupApproximation/GGT/VanKampen/Estimating/OsinLemma94CuttingChains.lean:195:14: 'GroupApproximation.GGT.VanKampen.GloballyDistinguishedSectionFamily.alpha_not_mem_of_dartMinimal' depends on axioms: [propext,
 Classical.choice,
 Quot.sound]
info: GroupApproximation/GGT/VanKampen/Estimating/OsinLemma94CuttingChains.lean:196:14: 'GroupApproximation.GGT.VanKampen.osinLemma94CuttingChainsInput_of_pieces' depends on axioms: [propext,
 Classical.choice,
 Quot.sound]
ℹ [10506/10638] Replayed GroupApproximation.GGT.VanKampen.Estimating.OsinLemma94QuasiGeodesicRespell
info: GroupApproximation/GGT/VanKampen/Estimating/OsinLemma94QuasiGeodesicRespell.lean:80:14: 'GroupApproximation.GGT.VanKampen.listVal_drop_take_eq_vertex' depends on axioms: [propext,
 Classical.choice,
 Quot.sound]
info: GroupApproximation/GGT/VanKampen/Estimating/OsinLemma94QuasiGeodesicRespell.lean:81:14: 'GroupApproximation.GGT.VanKampen.quasiGeodesicRespellInput' depends on axioms: [propext, Classical.choice, Quot.sound]
ℹ [10507/10638] Replayed GroupApproximation.GGT.VanKampen.Estimating.OsinLemma94CellArcs
info: GroupApproximation/GGT/VanKampen/Estimating/OsinLemma94CellArcs.lean:50:14: 'GroupApproximation.GGT.VanKampen.isLambdaCQuasiGeodesicWord_symmetricLabelAlphabet' depends on axioms: [propext,
 Classical.choice,
 Quot.sound]
info: GroupApproximation/GGT/VanKampen/Estimating/OsinLemma94CellArcs.lean:51:14: 'GroupApproximation.GGT.VanKampen.osinLemma94CellArcsInput_holds' depends on axioms: [propext,
 Classical.choice,
 Quot.sound]
ℹ [10508/10638] Replayed GroupApproximation.GGT.VanKampen.Estimating.OsinLemma94BoundaryArcs
info: GroupApproximation/GGT/VanKampen/Estimating/OsinLemma94BoundaryArcs.lean:96:14: 'GroupApproximation.GGT.VanKampen.isLambdaCQuasiGeodesicWord_symmetricLabelAlphabet_of_le' depends on axioms: [propext,
 Classical.choice,
 Quot.sound]
info: GroupApproximation/GGT/VanKampen/Estimating/OsinLemma94BoundaryArcs.lean:97:14: 'GroupApproximation.GGT.VanKampen.dartWord_outerArc_eq_drop_take' depends on axioms: [propext,
 Classical.choice,
 Quot.sound]
info: GroupApproximation/GGT/VanKampen/Estimating/OsinLemma94BoundaryArcs.lean:98:14: 'GroupApproximation.GGT.VanKampen.SectionCuts.drop_take_eq_sectionRun' depends on axioms: [propext,
 Classical.choice,
 Quot.sound]
info: GroupApproximation/GGT/VanKampen/Estimating/OsinLemma94BoundaryArcs.lean:99:21: 'GroupApproximation.GGT.VanKampen.osinLemma94BoundaryArcsInput' depends on axioms: [propext,
 Classical.choice,
 Quot.sound]
ℹ [10510/10638] Replayed GroupApproximation.GGT.VanKampen.Estimating.OsinLemma94PolygonKinds
info: GroupApproximation/GGT/VanKampen/Estimating/OsinLemma94PolygonKinds.lean:269:14: 'GroupApproximation.GGT.VanKampen.GloballyDistinguishedSectionFamily.unselected_of_dartKind_cutting' depends on axioms: [propext,
 Classical.choice,
 Quot.sound]
info: GroupApproximation/GGT/VanKampen/Estimating/OsinLemma94PolygonKinds.lean:270:14: 'GroupApproximation.GGT.VanKampen.GloballyDistinguishedSectionFamily.regionOf_eq_some' depends on axioms: [propext,
 Classical.choice,
 Quot.sound]
info: GroupApproximation/GGT/VanKampen/Estimating/OsinLemma94PolygonKinds.lean:271:14: 'GroupApproximation.GGT.VanKampen.GloballyDistinguishedSectionFamily.outerDarts_closes' depends on axioms: [propext,
 Classical.choice,
 Quot.sound]
info: GroupApproximation/GGT/VanKampen/Estimating/OsinLemma94PolygonKinds.lean:272:14: 'GroupApproximation.GGT.VanKampen.GloballyDistinguishedSectionFamily.length_outerDarts' depends on axioms: [propext,
 Classical.choice,
 Quot.sound]
info: GroupApproximation/GGT/VanKampen/Estimating/OsinLemma94PolygonKinds.lean:273:14: 'GroupApproximation.GGT.VanKampen.GloballyDistinguishedSectionFamily.runsBackAcross_of_isChain' depends on axioms: [propext,
 Classical.choice,
 Quot.sound]
ℹ [10511/10638] Replayed GroupApproximation.GGT.VanKampen.Estimating.OsinLemma94PolygonSides
info: GroupApproximation/GGT/VanKampen/Estimating/OsinLemma94PolygonSides.lean:302:14: 'GroupApproximation.GGT.VanKampen.GloballyDistinguishedSectionFamily.listVal_sidesOf' depends on axioms: [propext,
 Classical.choice,
 Quot.sound]
info: GroupApproximation/GGT/VanKampen/Estimating/OsinLemma94PolygonSides.lean:303:14: 'GroupApproximation.GGT.VanKampen.GloballyDistinguishedSectionFamily.side_facts' depends on axioms: [propext,
 Classical.choice,
 Quot.sound]
info: GroupApproximation/GGT/VanKampen/Estimating/OsinLemma94PolygonSides.lean:304:14: 'GroupApproximation.GGT.VanKampen.GloballyDistinguishedSectionFamily.cell_arc_of_side' depends on axioms: [propext,
 Classical.choice,
 Quot.sound]
info: GroupApproximation/GGT/VanKampen/Estimating/OsinLemma94PolygonSides.lean:305:14: 'GroupApproximation.GGT.VanKampen.GloballyDistinguishedSectionFamily.boundary_arc_of_side' depends on axioms: [propext,
 Classical.choice,
 Quot.sound]
info: GroupApproximation/GGT/VanKampen/Estimating/OsinLemma94PolygonSides.lean:306:14: 'GroupApproximation.GGT.VanKampen.GloballyDistinguishedSectionFamily.short_region_of_side' depends on axioms: [propext,
 Classical.choice,
 Quot.sound]
info: GroupApproximation/GGT/VanKampen/Estimating/OsinLemma94PolygonSides.lean:307:14: 'GroupApproximation.GGT.VanKampen.GloballyDistinguishedSectionFamily.quasiGeodesic_of_side' depends on axioms: [propext,
 Classical.choice,
 Quot.sound]
ℹ [10512/10638] Replayed GroupApproximation.GGT.VanKampen.Estimating.OsinLemma94PolygonMaximal
info: GroupApproximation/GGT/VanKampen/Estimating/OsinLemma94PolygonMaximal.lean:193:14: 'GroupApproximation.GGT.VanKampen.GloballyDistinguishedSectionFamily.sidesBreak_of_groups' depends on axioms: [propext,
 Classical.choice,
 Quot.sound]
info: GroupApproximation/GGT/VanKampen/Estimating/OsinLemma94PolygonMaximal.lean:194:14: 'GroupApproximation.GGT.VanKampen.GloballyDistinguishedSectionFamily.sidesOf_isChain_break' depends on axioms: [propext,
 Classical.choice,
 Quot.sound]
info: GroupApproximation/GGT/VanKampen/Estimating/OsinLemma94PolygonMaximal.lean:195:14: 'GroupApproximation.GGT.VanKampen.GloballyDistinguishedSectionFamily.sidesOf_maximal' depends on axioms: [propext,
 Classical.choice,
 Quot.sound]
ℹ [10513/10638] Replayed GroupApproximation.GGT.VanKampen.Estimating.OsinLemma94PolygonPartition
info: GroupApproximation/GGT/VanKampen/Estimating/OsinLemma94PolygonPartition.lean:136:14: 'GroupApproximation.GGT.VanKampen.GloballyDistinguishedSectionFamily.exists_polygonFace' depends on axioms: [propext,
 Classical.choice,
 Quot.sound]
info: GroupApproximation/GGT/VanKampen/Estimating/OsinLemma94PolygonPartition.lean:137:14: 'GroupApproximation.GGT.VanKampen.GloballyDistinguishedSectionFamily.unselectedGFace_of_cells' depends on axioms: [propext,
 Classical.choice,
 Quot.sound]
info: GroupApproximation/GGT/VanKampen/Estimating/OsinLemma94PolygonPartition.lean:138:14: 'GroupApproximation.GGT.VanKampen.GloballyDistinguishedSectionFamily.realizedPolygons' depends on axioms: [propext,
 Classical.choice,
 Quot.sound]
info: GroupApproximation/GGT/VanKampen/Estimating/OsinLemma94PolygonPartition.lean:139:14: 'GroupApproximation.GGT.VanKampen.GloballyDistinguishedSectionFamily.realizedPolygons_maximal' depends on axioms: [propext,
 Classical.choice,
 Quot.sound]
info: GroupApproximation/GGT/VanKampen/Estimating/OsinLemma94PolygonPartition.lean:150:21: 'GroupApproximation.GGT.VanKampen.osinLemma94PolygonPartitionInput' depends on axioms: [propext,
 Classical.choice,
 Quot.sound]
ℹ [10515/10638] Replayed GroupApproximation.GGT.VanKampen.Estimating.OsinLemma94SeparatedInsertionProof
info: GroupApproximation/GGT/VanKampen/Estimating/OsinLemma94SeparatedInsertionProof.lean:176:21: 'GroupApproximation.GGT.VanKampen.GloballyDistinguishedSectionFamily.separatedCornerInsertionInput' depends on axioms: [propext,
 Classical.choice,
 Quot.sound]
ℹ [10518/10638] Replayed GroupApproximation.GGT.VanKampen.Estimating.OsinLemma94CaseOneWalkHolds
info: GroupApproximation/GGT/VanKampen/Estimating/OsinLemma94CaseOneWalkHolds.lean:267:14: 'GroupApproximation.GGT.VanKampen.osinLemma94CaseOneWalk' depends on axioms: [propext, Classical.choice, Quot.sound]
ℹ [10519/10638] Replayed GroupApproximation.GGT.VanKampen.Estimating.OsinUnboundCaseOneFace
info: GroupApproximation/GGT/VanKampen/Estimating/OsinUnboundCaseOneFace.lean:496:14: 'GroupApproximation.GGT.VanKampen.GFaceWordInsertion.forwardOffset_of_val_eq_mod' depends on axioms: [propext,
 Classical.choice,
 Quot.sound]
info: GroupApproximation/GGT/VanKampen/Estimating/OsinUnboundCaseOneFace.lean:497:14: 'GroupApproximation.GGT.VanKampen.GFaceWordInsertion.faceOf_alpha_ne_of_mem_reverseDarts' depends on axioms: [propext,
 Classical.choice,
 Quot.sound]
info: GroupApproximation/GGT/VanKampen/Estimating/OsinUnboundCaseOneFace.lean:498:14: 'GroupApproximation.GGT.VanKampen.GFaceWordInsertion.faceOf_alpha_ne_of_mem_targetBoundaryDarts' depends on axioms: [propext,
 Classical.choice,
 Quot.sound]
info: GroupApproximation/GGT/VanKampen/Estimating/OsinUnboundCaseOneFace.lean:499:14: 'GroupApproximation.GGT.VanKampen.GFaceWordInsertion.option_map_map_equiv_eq_some_iff' depends on axioms: [propext,
 Quot.sound]
info: GroupApproximation/GGT/VanKampen/Estimating/OsinUnboundCaseOneFace.lean:500:14: 'GroupApproximation.GGT.VanKampen.GFaceWordInsertion.exists_quadrilateral_region_rotate' depends on axioms: [propext,
 Classical.choice,
 Quot.sound]
info: GroupApproximation/GGT/VanKampen/Estimating/OsinUnboundCaseOneFace.lean:501:14: 'GroupApproximation.GGT.VanKampen.RealizedSectionFamily.false_of_quadrilateral_face' depends on axioms: [propext,
 Classical.choice,
 Quot.sound]
ℹ [10521/10638] Replayed GroupApproximation.GGT.VanKampen.Estimating.OsinLemma94CaseTwo
info: GroupApproximation/GGT/VanKampen/Estimating/OsinLemma94CaseTwo.lean:310:14: 'GroupApproximation.GGT.VanKampen.CaseTwoWalk.rotate_add_length_of_eq' depends on axioms: [propext, Quot.sound]
info: GroupApproximation/GGT/VanKampen/Estimating/OsinLemma94CaseTwo.lean:311:14: 'GroupApproximation.GGT.VanKampen.CaseTwoWalk.getElem_of_last_of_step' depends on axioms: [propext, Quot.sound]
info: GroupApproximation/GGT/VanKampen/Estimating/OsinLemma94CaseTwo.lean:312:14: 'GroupApproximation.GGT.VanKampen.CaseTwoWalk.facePerm_mem_front_of_not_mem_back' depends on axioms: [propext,
 Classical.choice,
 Quot.sound]
info: GroupApproximation/GGT/VanKampen/Estimating/OsinLemma94CaseTwo.lean:313:14: 'GroupApproximation.GGT.VanKampen.CaseTwoWalk.runsBackAcross_window' depends on axioms: [propext,
 Classical.choice,
 Quot.sound]
info: GroupApproximation/GGT/VanKampen/Estimating/OsinLemma94CaseTwo.lean:314:14: 'GroupApproximation.GGT.VanKampen.osinLemma94CaseTwo_false' depends on axioms: [propext, Classical.choice, Quot.sound]
info: GroupApproximation/GGT/VanKampen/Estimating/OsinLemma94CaseTwo.lean:315:14: 'GroupApproximation.GGT.VanKampen.osinLemma94CaseTwoInput_of_insertion' depends on axioms: [propext,
 Classical.choice,
 Quot.sound]
info: GroupApproximation/GGT/VanKampen/Estimating/OsinLemma94CaseTwo.lean:316:21: 'GroupApproximation.GGT.VanKampen.osinLemma94CaseTwoInput' depends on axioms: [propext, Classical.choice, Quot.sound]
ℹ [10522/10638] Replayed GroupApproximation.GGT.VanKampen.Estimating.OsinLemma94SectionResiduals
info: GroupApproximation/GGT/VanKampen/Estimating/OsinLemma94SectionResiduals.lean:62:14: 'GroupApproximation.GGT.VanKampen.osinLemma94PolygonRealizationInput_of_partition' depends on axioms: [propext,
 Classical.choice,
 Quot.sound]
info: GroupApproximation/GGT/VanKampen/Estimating/OsinLemma94SectionResiduals.lean:63:21: 'GroupApproximation.GGT.VanKampen.osinLemma94PolygonRealizationInput' depends on axioms: [propext,
 Classical.choice,
 Quot.sound]
info: GroupApproximation/GGT/VanKampen/Estimating/OsinLemma94SectionResiduals.lean:64:14: 'GroupApproximation.GGT.VanKampen.osinLemma94Section_of_residuals' depends on axioms: [propext,
 Classical.choice,
 Quot.sound]
ℹ [10523/10638] Replayed GroupApproximation.GGT.VanKampen.Estimating.OsinGreendlingerOpenResiduals
info: GroupApproximation/GGT/VanKampen/Estimating/OsinGreendlingerOpenResiduals.lean:59:14: 'GroupApproximation.GGT.VanKampen.relativeGreendlingerQuasiGeodesicLeastArea_of_openResiduals' depends on axioms: [propext,
 Classical.choice,
 Quot.sound]
ℹ [10524/10638] Replayed GroupApproximation.GGT.VanKampen.Estimating.OsinLemma94BudgetFilter
info: GroupApproximation/GGT/VanKampen/Estimating/OsinLemma94BudgetFilter.lean:84:14: 'GroupApproximation.GGT.VanKampen.classWordLength_eq_zero_of_forall_not_mem' depends on axioms: [propext,
 Classical.choice,
 Quot.sound]
info: GroupApproximation/GGT/VanKampen/Estimating/OsinLemma94BudgetFilter.lean:86:2: 'GroupApproximation.GGT.VanKampen.OsinLemma94DensePolygonsAntiparallel.exists_of_budget_on' depends on axioms: [propext,
 Classical.choice,
 Quot.sound]
ℹ [10529/10638] Replayed GroupApproximation.GGT.VanKampen.Estimating.OsinLemma94Counting
info: GroupApproximation/GGT/VanKampen/Estimating/OsinLemma94Counting.lean:105:14: 'GroupApproximation.GGT.VanKampen.OsinLemma94ComponentPolygons.arcCount_sum_le' depends on axioms: [propext,
 Classical.choice,
 Quot.sound]
info: GroupApproximation/GGT/VanKampen/Estimating/OsinLemma94Counting.lean:106:14: 'GroupApproximation.GGT.VanKampen.OsinLemma94ComponentPolygons.unbound_lt' depends on axioms: [propext,
 Classical.choice,
 Quot.sound]
info: GroupApproximation/GGT/VanKampen/Estimating/OsinLemma94Counting.lean:107:14: 'GroupApproximation.GGT.VanKampen.osinLemma94Section_of_runInput' depends on axioms: [propext,
 Classical.choice,
 Quot.sound]
ℹ [10530/10638] Replayed GroupApproximation.GGT.VanKampen.Estimating.OsinPocketMergeRegion
info: GroupApproximation/GGT/VanKampen/Estimating/OsinPocketMergeRegion.lean:123:14: 'GroupApproximation.GGT.VanKampen.PocketRegion.diagram_relatorCells_eq_nil' depends on axioms: [propext,
 Classical.choice,
 Quot.sound]
info: GroupApproximation/GGT/VanKampen/Estimating/OsinPocketMergeRegion.lean:124:14: 'GroupApproximation.GGT.VanKampen.PocketRegion.isRelatorProduct_zero_inner' depends on axioms: [propext,
 Classical.choice,
 Quot.sound]
info: GroupApproximation/GGT/VanKampen/Estimating/OsinPocketMergeRegion.lean:125:14: 'GroupApproximation.GGT.VanKampen.PocketRegion.listVal_inner_eq_one' depends on axioms: [propext,
 Classical.choice,
 Quot.sound]
info: GroupApproximation/GGT/VanKampen/Estimating/OsinPocketMergeRegion.lean:126:14: 'GroupApproximation.GGT.VanKampen.PocketRegion.listVal_eq_one_of_isRotated' depends on axioms: [propext,
 Classical.choice,
 Quot.sound]
info: GroupApproximation/GGT/VanKampen/Estimating/OsinPocketMergeRegion.lean:127:14: 'GroupApproximation.GGT.VanKampen.Surgery.InnerGRegion.ofPocketRegion' depends on axioms: [propext,
 Classical.choice,
 Quot.sound]
info: GroupApproximation/GGT/VanKampen/Estimating/OsinPocketMergeRegion.lean:128:14: 'GroupApproximation.GGT.VanKampen.Surgery.InnerGRegion.ofPocketRegion_faces' depends on axioms: [propext,
 Classical.choice,
 Quot.sound]
info: GroupApproximation/GGT/VanKampen/Estimating/OsinPocketMergeRegion.lean:129:14: 'GroupApproximation.GGT.VanKampen.Surgery.InnerGRegion.ofPocketRegion_boundary_cycle' depends on axioms: [propext,
 Classical.choice,
 Quot.sound]
ℹ [10531/10638] Replayed GroupApproximation.GGT.VanKampen.Estimating.OsinLemma94OneCellValue
info: GroupApproximation/GGT/VanKampen/Estimating/OsinLemma94OneCellValue.lean:217:14: 'GroupApproximation.GGT.VanKampen.Embedded.listVal_dartWord_eq_inv_of_isRotated' depends on axioms: [propext,
 Classical.choice,
 Quot.sound]
info: GroupApproximation/GGT/VanKampen/Estimating/OsinLemma94OneCellValue.lean:218:14: 'GroupApproximation.GGT.VanKampen.Embedded.listVal_dartWord_eq_of_isRotated_invDarts' depends on axioms: [propext,
 Classical.choice,
 Quot.sound]
info: GroupApproximation/GGT/VanKampen/Estimating/OsinLemma94OneCellValue.lean:219:14: 'GroupApproximation.GGT.VanKampen.Embedded.CyclicArc.exists_darts_eq_of_rotate_eq' depends on axioms: [propext,
 Quot.sound]
info: GroupApproximation/GGT/VanKampen/Estimating/OsinLemma94OneCellValue.lean:220:14: 'GroupApproximation.GGT.VanKampen.Embedded.CyclicArc.lambda_mul_length_sub_le_wordNorm' depends on axioms: [propext,
 Classical.choice,
 Quot.sound]
info: GroupApproximation/GGT/VanKampen/Estimating/OsinLemma94OneCellValue.lean:221:14: 'GroupApproximation.GGT.VanKampen.Embedded.CyclicArc.false_of_wordNorm_add_lt' depends on axioms: [propext,
 Classical.choice,
 Quot.sound]
info: GroupApproximation/GGT/VanKampen/Estimating/OsinLemma94OneCellValue.lean:222:14: 'GroupApproximation.GGT.VanKampen.PocketRegion.listVal_outer_eq_one' depends on axioms: [propext,
 Classical.choice,
 Quot.sound]
info: GroupApproximation/GGT/VanKampen/Estimating/OsinLemma94OneCellValue.lean:223:14: 'GroupApproximation.GGT.VanKampen.PocketRegion.listVal_eq_inv_of_outer_isRotated' depends on axioms: [propext,
 Classical.choice,
 Quot.sound]
info: GroupApproximation/GGT/VanKampen/Estimating/OsinLemma94OneCellValue.lean:224:14: 'GroupApproximation.GGT.VanKampen.false_of_cellFree_pocket_X' depends on axioms: [propext, Classical.choice, Quot.sound]
info: GroupApproximation/GGT/VanKampen/Estimating/OsinLemma94OneCellValue.lean:225:14: 'GroupApproximation.GGT.VanKampen.false_of_cellFree_pocket_Y' depends on axioms: [propext, Classical.choice, Quot.sound]
ℹ [10532/10638] Replayed GroupApproximation.GGT.VanKampen.Estimating.OsinLemma94OneCellMorse
info: GroupApproximation/GGT/VanKampen/Estimating/OsinLemma94OneCellMorse.lean:231:14: 'GroupApproximation.GGT.VanKampen.IsLambdaCQuasiGeodesicWord.vertex_detour_le_morse' depends on axioms: [propext,
 Classical.choice,
 Quot.sound]
info: GroupApproximation/GGT/VanKampen/Estimating/OsinLemma94OneCellMorse.lean:232:14: 'GroupApproximation.GGT.VanKampen.IsLambdaCQuasiGeodesicWord.lambda_eps_lt_of_hairpin' depends on axioms: [propext,
 Classical.choice,
 Quot.sound]
info: GroupApproximation/GGT/VanKampen/Estimating/OsinLemma94OneCellMorse.lean:233:14: 'GroupApproximation.GGT.VanKampen.exists_morse_threshold_of_fourPoint' depends on axioms: [propext,
 Classical.choice,
 Quot.sound]
info: GroupApproximation/GGT/VanKampen/Estimating/OsinLemma94OneCellMorse.lean:234:14: 'GroupApproximation.GGT.VanKampen.listVal_dartWord_eq_of_cellFree_pocket_X' depends on axioms: [propext,
 Classical.choice,
 Quot.sound]
info: GroupApproximation/GGT/VanKampen/Estimating/OsinLemma94OneCellMorse.lean:235:14: 'GroupApproximation.GGT.VanKampen.listVal_dartWord_eq_of_cellFree_pocket_Y' depends on axioms: [propext,
 Classical.choice,
 Quot.sound]
info: GroupApproximation/GGT/VanKampen/Estimating/OsinLemma94OneCellMorse.lean:236:14: 'GroupApproximation.GGT.VanKampen.false_of_cellFree_pocket_X_morse' depends on axioms: [propext,
 Classical.choice,
 Quot.sound]
info: GroupApproximation/GGT/VanKampen/Estimating/OsinLemma94OneCellMorse.lean:237:14: 'GroupApproximation.GGT.VanKampen.false_of_cellFree_pocket_Y_morse' depends on axioms: [propext,
 Classical.choice,
 Quot.sound]
ℹ [10533/10638] Replayed GroupApproximation.GGT.VanKampen.Estimating.OsinLemma94PolygonClasses
info: GroupApproximation/GGT/VanKampen/Estimating/OsinLemma94PolygonClasses.lean:362:14: 'GroupApproximation.GGT.VanKampen.OsinLemma94ClassPolygons.word_eq' depends on axioms: [propext,
 Classical.choice,
 Quot.sound]
info: GroupApproximation/GGT/VanKampen/Estimating/OsinLemma94PolygonClasses.lean:363:14: 'GroupApproximation.GGT.VanKampen.OsinLemma94ClassPolygons.flatMap_word' depends on axioms: [propext,
 Classical.choice,
 Quot.sound]
info: GroupApproximation/GGT/VanKampen/Estimating/OsinLemma94PolygonClasses.lean:364:14: 'GroupApproximation.GGT.VanKampen.OsinLemma94ClassPolygons.lt_sideCount_of_mem' depends on axioms: [propext,
 Classical.choice,
 Quot.sound]
info: GroupApproximation/GGT/VanKampen/Estimating/OsinLemma94PolygonClasses.lean:365:14: 'GroupApproximation.GGT.VanKampen.OsinLemma94ClassPolygons.word_eq_of_eq_singleton' depends on axioms: [propext,
 Classical.choice,
 Quot.sound]
info: GroupApproximation/GGT/VanKampen/Estimating/OsinLemma94PolygonClasses.lean:366:14: 'GroupApproximation.GGT.VanKampen.OsinLemma94ClassPolygons.listVal_flatMap_append' depends on axioms: [propext]
info: GroupApproximation/GGT/VanKampen/Estimating/OsinLemma94PolygonClasses.lean:367:14: 'GroupApproximation.GGT.VanKampen.OsinLemma94ClassPolygons.listVal_flatMap_rotate' depends on axioms: [propext,
 Classical.choice,
 Quot.sound]
info: GroupApproximation/GGT/VanKampen/Estimating/OsinLemma94PolygonClasses.lean:368:14: 'GroupApproximation.GGT.VanKampen.OsinLemma94ClassPolygons.corner_step' depends on axioms: [propext,
 Classical.choice,
 Quot.sound]
info: GroupApproximation/GGT/VanKampen/Estimating/OsinLemma94PolygonClasses.lean:369:14: 'GroupApproximation.GGT.VanKampen.OsinLemma94ClassPolygons.corner_closed' depends on axioms: [propext,
 Classical.choice,
 Quot.sound]
info: GroupApproximation/GGT/VanKampen/Estimating/OsinLemma94PolygonClasses.lean:370:14: 'GroupApproximation.GGT.VanKampen.OsinLemma94ClassPolygons.quasiGeodesic_of_mem' depends on axioms: [propext,
 Classical.choice,
 Quot.sound]
info: GroupApproximation/GGT/VanKampen/Estimating/OsinLemma94PolygonClasses.lean:371:14: 'GroupApproximation.GGT.VanKampen.OsinLemma94ClassPolygons.short_of_not_mem' depends on axioms: [propext,
 Classical.choice,
 Quot.sound]
info: GroupApproximation/GGT/VanKampen/Estimating/OsinLemma94PolygonClasses.lean:372:14: 'GroupApproximation.GGT.VanKampen.OsinLemma94ClassPolygons.mem_budgetPolygons' depends on axioms: [propext,
 Classical.choice,
 Quot.sound]
info: GroupApproximation/GGT/VanKampen/Estimating/OsinLemma94PolygonClasses.lean:373:14: 'GroupApproximation.GGT.VanKampen.OsinLemma94ClassPolygons.dense_of_classCovers' depends on axioms: [propext,
 Classical.choice,
 Quot.sound]
info: GroupApproximation/GGT/VanKampen/Estimating/OsinLemma94PolygonClasses.lean:374:14: 'GroupApproximation.GGT.VanKampen.OsinLemma94ClassPolygons.unbound_lt_of_classes' depends on axioms: [propext,
 Classical.choice,
 Quot.sound]
ℹ [10535/10638] Replayed GroupApproximation.GGT.VanKampen.SurgeryFaceEdgeDoublingRegions
info: GroupApproximation/GGT/VanKampen/SurgeryFaceEdgeDoublingRegions.lean:416:14: 'GroupApproximation.GGT.VanKampen.FaceEdgeDoubling.embedding' depends on axioms: [propext, Classical.choice, Quot.sound]
info: GroupApproximation/GGT/VanKampen/SurgeryFaceEdgeDoublingRegions.lean:417:14: 'GroupApproximation.GGT.VanKampen.FaceEdgeDoubling.contiguityGeometry' depends on axioms: [propext,
 Classical.choice,
 Quot.sound]
info: GroupApproximation/GGT/VanKampen/SurgeryFaceEdgeDoublingRegions.lean:418:14: 'GroupApproximation.GGT.VanKampen.FaceEdgeDoubling.contiguityGeometry_injective' depends on axioms: [propext,
 Classical.choice,
 Quot.sound]
info: GroupApproximation/GGT/VanKampen/SurgeryFaceEdgeDoublingRegions.lean:419:14: 'GroupApproximation.GGT.VanKampen.FaceEdgeDoubling.regionFamily_profile' depends on axioms: [propext,
 Classical.choice,
 Quot.sound]
info: GroupApproximation/GGT/VanKampen/SurgeryFaceEdgeDoublingRegions.lean:420:14: 'GroupApproximation.GGT.VanKampen.FaceEdgeDoubling.regionFamily_noLoop' depends on axioms: [propext,
 Classical.choice,
 Quot.sound]
info: GroupApproximation/GGT/VanKampen/SurgeryFaceEdgeDoublingRegions.lean:421:14: 'GroupApproximation.GGT.VanKampen.FaceEdgeDoubling.regionFamily_weight' depends on axioms: [propext,
 Classical.choice,
 Quot.sound]
info: GroupApproximation/GGT/VanKampen/SurgeryFaceEdgeDoublingRegions.lean:422:14: 'GroupApproximation.GGT.VanKampen.FaceEdgeDoubling.regionFamily_pairwise' depends on axioms: [propext,
 Classical.choice,
 Quot.sound]
ℹ [10536/10638] Replayed GroupApproximation.GGT.VanKampen.Estimating.OsinUnboundSharedEdge
info: GroupApproximation/GGT/VanKampen/Estimating/OsinUnboundSharedEdge.lean:536:14: 'GroupApproximation.GGT.VanKampen.SectionCuts.exists_section_of_lt' depends on axioms: [propext,
 Classical.choice,
 Quot.sound]
info: GroupApproximation/GGT/VanKampen/Estimating/OsinUnboundSharedEdge.lean:537:14: 'GroupApproximation.GGT.VanKampen.FaceEdgeDoubling.digon_noInternalFaceDart' depends on axioms: [propext,
 Classical.choice,
 Quot.sound]
info: GroupApproximation/GGT/VanKampen/Estimating/OsinUnboundSharedEdge.lean:538:14: 'GroupApproximation.GGT.VanKampen.Embedded.wordNorm_dartWord_nil_le' depends on axioms: [propext,
 Classical.choice,
 Quot.sound]
info: GroupApproximation/GGT/VanKampen/Estimating/OsinUnboundSharedEdge.lean:539:14: 'GroupApproximation.GGT.VanKampen.FaceEdgeDoubling.sourceUnitArc_reverseDarts' depends on axioms: [propext,
 Classical.choice,
 Quot.sound]
info: GroupApproximation/GGT/VanKampen/Estimating/OsinUnboundSharedEdge.lean:540:14: 'GroupApproximation.GGT.VanKampen.FaceEdgeDoubling.cellUnitArc_boundaryDarts' depends on axioms: [propext,
 Classical.choice,
 Quot.sound]
info: GroupApproximation/GGT/VanKampen/Estimating/OsinUnboundSharedEdge.lean:541:14: 'GroupApproximation.GGT.VanKampen.FaceEdgeDoubling.outerUnitArc_boundaryDarts' depends on axioms: [propext,
 Classical.choice,
 Quot.sound]
info: GroupApproximation/GGT/VanKampen/Estimating/OsinUnboundSharedEdge.lean:542:14: 'GroupApproximation.GGT.VanKampen.FaceEdgeDoubling.digon_decomposition' depends on axioms: [propext,
 Classical.choice,
 Quot.sound]
info: GroupApproximation/GGT/VanKampen/Estimating/OsinUnboundSharedEdge.lean:543:14: 'GroupApproximation.GGT.VanKampen.RealizedSectionFamily.false_of_digon_region' depends on axioms: [propext,
 Classical.choice,
 Quot.sound]
info: GroupApproximation/GGT/VanKampen/Estimating/OsinUnboundSharedEdge.lean:544:14: 'GroupApproximation.GGT.VanKampen.RealizedSectionFamily.false_of_digon_toward_cell' depends on axioms: [propext,
 Classical.choice,
 Quot.sound]
info: GroupApproximation/GGT/VanKampen/Estimating/OsinUnboundSharedEdge.lean:545:14: 'GroupApproximation.GGT.VanKampen.RealizedSectionFamily.false_of_digon_toward_outer' depends on axioms: [propext,
 Classical.choice,
 Quot.sound]
info: GroupApproximation/GGT/VanKampen/Estimating/OsinUnboundSharedEdge.lean:546:14: 'GroupApproximation.GGT.VanKampen.RealizedSectionFamily.false_of_unbound_shared_edge' depends on axioms: [propext,
 Classical.choice,
 Quot.sound]
ℹ [10537/10638] Replayed GroupApproximation.GGT.VanKampen.Estimating.OsinLemma94PolygonCovers
info: GroupApproximation/GGT/VanKampen/Estimating/OsinLemma94PolygonCovers.lean:291:14: 'GroupApproximation.GGT.VanKampen.OsinLemma94PolygonCovers.vertex_length_eq' depends on axioms: [propext]
info: GroupApproximation/GGT/VanKampen/Estimating/OsinLemma94PolygonCovers.lean:292:14: 'GroupApproximation.GGT.VanKampen.OsinCCondition.listVal_ne_one_of_mem' depends on axioms: [propext,
 Classical.choice,
 Quot.sound]
info: GroupApproximation/GGT/VanKampen/Estimating/OsinLemma94PolygonCovers.lean:293:14: 'GroupApproximation.GGT.VanKampen.GloballyDistinguishedSectionFamily.cell_listVal_ne_one' depends on axioms: [propext,
 Classical.choice,
 Quot.sound]
info: GroupApproximation/GGT/VanKampen/Estimating/OsinLemma94PolygonCovers.lean:294:14: 'GroupApproximation.GGT.VanKampen.GloballyDistinguishedSectionFamily.one_lt_cellDarts_length' depends on axioms: [propext,
 Classical.choice,
 Quot.sound]
info: GroupApproximation/GGT/VanKampen/Estimating/OsinLemma94PolygonCovers.lean:295:14: 'GroupApproximation.GGT.VanKampen.GloballyDistinguishedSectionFamily.alpha_faceOf_not_cell_of_unbound' depends on axioms: [propext,
 Classical.choice,
 Quot.sound]
info: GroupApproximation/GGT/VanKampen/Estimating/OsinLemma94PolygonCovers.lean:296:14: 'GroupApproximation.GGT.VanKampen.OsinLemma94RealizedPolygons.card_relatorSideDarts_le' depends on axioms: [propext,
 Classical.choice,
 Quot.sound]
info: GroupApproximation/GGT/VanKampen/Estimating/OsinLemma94PolygonCovers.lean:297:14: 'GroupApproximation.GGT.VanKampen.OsinLemma94RealizedPolygons.exists_relatorSide_of_unbound' depends on axioms: [propext,
 Classical.choice,
 Quot.sound]
info: GroupApproximation/GGT/VanKampen/Estimating/OsinLemma94PolygonCovers.lean:298:14: 'GroupApproximation.GGT.VanKampen.OsinLemma94RealizedPolygons.sum_card_unboundOffRegions_le' depends on axioms: [propext,
 Classical.choice,
 Quot.sound]
info: GroupApproximation/GGT/VanKampen/Estimating/OsinLemma94PolygonCovers.lean:299:14: 'GroupApproximation.GGT.VanKampen.OsinLemma94RealizedPolygons.covers_of_regionFacing_le' depends on axioms: [propext,
 Classical.choice,
 Quot.sound]
ℹ [10538/10638] Replayed GroupApproximation.GGT.VanKampen.Estimating.OsinLemma94RegionSideCount
info: GroupApproximation/GGT/VanKampen/Estimating/OsinLemma94RegionSideCount.lean:190:14: 'GroupApproximation.GGT.VanKampen.Embedded.mem_targetBoundaryDarts_cases' depends on axioms: [propext,
 Classical.choice,
 Quot.sound]
info: GroupApproximation/GGT/VanKampen/Estimating/OsinLemma94RegionSideCount.lean:191:14: 'GroupApproximation.GGT.VanKampen.RealizedSectionFamily.regionFacingUnbound' depends on axioms: [propext,
 Classical.choice,
 Quot.sound]
info: GroupApproximation/GGT/VanKampen/Estimating/OsinLemma94RegionSideCount.lean:193:2: 'GroupApproximation.GGT.VanKampen.RealizedSectionFamily.mem_cellDarts_of_mem_regionFacingUnbound' depends on axioms: [propext,
 Classical.choice,
 Quot.sound]
info: GroupApproximation/GGT/VanKampen/Estimating/OsinLemma94RegionSideCount.lean:195:2: 'GroupApproximation.GGT.VanKampen.RealizedSectionFamily.alpha_mem_sides_of_mem_regionFacingUnbound' depends on axioms: [propext,
 Classical.choice,
 Quot.sound]
info: GroupApproximation/GGT/VanKampen/Estimating/OsinLemma94RegionSideCount.lean:196:14: 'GroupApproximation.GGT.VanKampen.RealizedSectionFamily.sum_card_regionFacingUnbound_le' depends on axioms: [propext,
 Classical.choice,
 Quot.sound]
ℹ [10539/10638] Replayed GroupApproximation.GGT.VanKampen.Estimating.OsinLemma94PolygonCount
info: GroupApproximation/GGT/VanKampen/Estimating/OsinLemma94PolygonCount.lean:141:14: 'GroupApproximation.GGT.VanKampen.osinLemma94PolygonCoversInput' depends on axioms: [propext,
 Classical.choice,
 Quot.sound]
info: GroupApproximation/GGT/VanKampen/Estimating/OsinLemma94PolygonCount.lean:142:14: 'GroupApproximation.GGT.VanKampen.osinLemma94PolygonCountInput_of_sideBudget' depends on axioms: [propext,
 Classical.choice,
 Quot.sound]
ℹ [10540/10638] Replayed GroupApproximation.GGT.VanKampen.Estimating.OsinLemma94ShortSides
info: GroupApproximation/GGT/VanKampen/Estimating/OsinLemma94ShortSides.lean:201:14: 'GroupApproximation.GGT.VanKampen.OsinLemma94RealizedPolygons.shortSides' depends on axioms: [propext,
 Classical.choice,
 Quot.sound]
info: GroupApproximation/GGT/VanKampen/Estimating/OsinLemma94ShortSides.lean:202:14: 'GroupApproximation.GGT.VanKampen.OsinLemma94RealizedPolygons.faceOf_of_mem_sideDarts' depends on axioms: [propext,
 Classical.choice,
 Quot.sound]
info: GroupApproximation/GGT/VanKampen/Estimating/OsinLemma94ShortSides.lean:203:14: 'GroupApproximation.GGT.VanKampen.OsinLemma94RealizedPolygons.sideDarts_disjoint' depends on axioms: [propext,
 Classical.choice,
 Quot.sound]
info: GroupApproximation/GGT/VanKampen/Estimating/OsinLemma94ShortSides.lean:204:14: 'GroupApproximation.GGT.VanKampen.OsinLemma94RealizedPolygons.alpha_mem_sides_of_short' depends on axioms: [propext,
 Classical.choice,
 Quot.sound]
info: GroupApproximation/GGT/VanKampen/Estimating/OsinLemma94ShortSides.lean:205:14: 'GroupApproximation.GGT.VanKampen.OsinLemma94RealizedPolygons.sum_card_shortSides_le' depends on axioms: [propext,
 Classical.choice,
 Quot.sound]
info: GroupApproximation/GGT/VanKampen/Estimating/OsinLemma94ShortSides.lean:207:2: 'GroupApproximation.GGT.VanKampen.OsinLemma94RealizedPolygons.sum_card_shortSides_le_mul' depends on axioms: [propext,
 Classical.choice,
 Quot.sound]
ℹ [10541/10638] Replayed GroupApproximation.GGT.VanKampen.Estimating.OsinPocketGapArcs
info: GroupApproximation/GGT/VanKampen/Estimating/OsinPocketGapArcs.lean:138:14: 'GroupApproximation.GGT.VanKampen.Embedded.CyclicArc.getElem_mem_take_of_lt' depends on axioms: [propext, Quot.sound]
info: GroupApproximation/GGT/VanKampen/Estimating/OsinPocketGapArcs.lean:139:14: 'GroupApproximation.GGT.VanKampen.Embedded.CyclicArc.shorten_darts' depends on axioms: [propext]
info: GroupApproximation/GGT/VanKampen/Estimating/OsinPocketGapArcs.lean:140:14: 'GroupApproximation.GGT.VanKampen.Embedded.CyclicArc.rest_darts' depends on axioms: [propext, Quot.sound]
info: GroupApproximation/GGT/VanKampen/Estimating/OsinPocketGapArcs.lean:141:14: 'GroupApproximation.GGT.VanKampen.Embedded.CyclicArc.exists_gapArcs' depends on axioms: [propext,
 Classical.choice,
 Quot.sound]
ℹ [10543/10638] Replayed GroupApproximation.GGT.VanKampen.Estimating.OsinPocketSectionFaceSet
info: GroupApproximation/GGT/VanKampen/Estimating/OsinPocketSectionFaceSet.lean:453:14: 'GroupApproximation.GGT.VanKampen.Embedded.CyclicArc.exists_spanArc' depends on axioms: [propext,
 Classical.choice,
 Quot.sound]
info: GroupApproximation/GGT/VanKampen/Estimating/OsinPocketSectionFaceSet.lean:454:14: 'GroupApproximation.GGT.VanKampen.PocketFaceSet.outerFace_not_mem_sideFaces_of_mem_outerDarts' depends on axioms: [propext,
 Classical.choice,
 Quot.sound]
info: GroupApproximation/GGT/VanKampen/Estimating/OsinPocketSectionFaceSet.lean:455:14: 'GroupApproximation.GGT.VanKampen.PocketFaceSet.cell_face_not_mem_sideFaces' depends on axioms: [propext,
 Classical.choice,
 Quot.sound]
info: GroupApproximation/GGT/VanKampen/Estimating/OsinPocketSectionFaceSet.lean:456:14: 'GroupApproximation.GGT.VanKampen.PocketFaceSet.ofSimpleClosedWalk_simple' depends on axioms: [propext,
 Classical.choice,
 Quot.sound]
info: GroupApproximation/GGT/VanKampen/Estimating/OsinPocketSectionFaceSet.lean:457:14: 'GroupApproximation.GGT.VanKampen.Embedded.CyclicArc.exists_transport' depends on axioms: []
info: GroupApproximation/GGT/VanKampen/Estimating/OsinPocketSectionFaceSet.lean:458:14: 'GroupApproximation.GGT.VanKampen.PocketWalk.toPocketFaceSet_simple' depends on axioms: [propext,
 Classical.choice,
 Quot.sound]
info: GroupApproximation/GGT/VanKampen/Estimating/OsinPocketSectionFaceSet.lean:459:14: 'GroupApproximation.GGT.VanKampen.PocketWalk.cut_le_length_outerDarts' depends on axioms: [propext,
 Classical.choice,
 Quot.sound]
info: GroupApproximation/GGT/VanKampen/Estimating/OsinPocketSectionFaceSet.lean:460:14: 'GroupApproximation.GGT.VanKampen.PocketWalk.exists_of_exteriorAt' depends on axioms: [propext,
 Classical.choice,
 Quot.sound]
info: GroupApproximation/GGT/VanKampen/Estimating/OsinPocketSectionFaceSet.lean:461:14: 'GroupApproximation.GGT.VanKampen.PocketFaceSet.ofBoundaryCycle' depends on axioms: [propext,
 Classical.choice,
 Quot.sound]
info: GroupApproximation/GGT/VanKampen/Estimating/OsinPocketSectionFaceSet.lean:462:14: 'GroupApproximation.GGT.VanKampen.PocketWalk.toPocketFaceSetOfNoncrossing_cycle' depends on axioms: [propext,
 Classical.choice,
 Quot.sound]
info: GroupApproximation/GGT/VanKampen/Estimating/OsinPocketSectionFaceSet.lean:463:14: 'GroupApproximation.GGT.VanKampen.PocketWalk.toPocketFaceSetOfNoncrossing_closedWalk' depends on axioms: [propext,
 Classical.choice,
 Quot.sound]
ℹ [10544/10638] Replayed GroupApproximation.GGT.VanKampen.Estimating.OsinPocketCellWalk
info: GroupApproximation/GGT/VanKampen/Estimating/OsinPocketCellWalk.lean:264:14: 'GroupApproximation.GGT.VanKampen.Embedded.targetBoundaryDarts_eq_invDarts' depends on axioms: [propext,
 Classical.choice,
 Quot.sound]
info: GroupApproximation/GGT/VanKampen/Estimating/OsinPocketCellWalk.lean:265:14: 'GroupApproximation.GGT.VanKampen.Embedded.RegionCandidate.boundary_cycle_rotate_of_joinsCells' depends on axioms: [propext,
 Classical.choice,
 Quot.sound]
info: GroupApproximation/GGT/VanKampen/Estimating/OsinPocketCellWalk.lean:266:14: 'GroupApproximation.GGT.VanKampen.Embedded.RegionCandidate.faceOf_alpha_mem_of_mem_cellArcList' depends on axioms: [propext,
 Classical.choice,
 Quot.sound]
info: GroupApproximation/GGT/VanKampen/Estimating/OsinPocketCellWalk.lean:267:14: 'GroupApproximation.GGT.VanKampen.CellPocketWalk.exists_of_joinsCells' depends on axioms: [propext,
 Classical.choice,
 Quot.sound]
ℹ [10545/10638] Replayed GroupApproximation.GGT.VanKampen.Estimating.OsinPocketClosedWalkNoncrossing
info: GroupApproximation/GGT/VanKampen/Estimating/OsinPocketClosedWalkNoncrossing.lean:139:14: 'GroupApproximation.GGT.VanKampen.Surgery.MapCollapse.BoundaryCycle.faceOf_sigma_pow_alpha_mem' depends on axioms: [propext,
 Classical.choice,
 Quot.sound]
info: GroupApproximation/GGT/VanKampen/Estimating/OsinPocketClosedWalkNoncrossing.lean:140:14: 'GroupApproximation.GGT.VanKampen.Surgery.MapCollapse.BoundaryCycle.turn_mem_cycle' depends on axioms: [propext,
 Classical.choice,
 Quot.sound]
info: GroupApproximation/GGT/VanKampen/Estimating/OsinPocketClosedWalkNoncrossing.lean:141:14: 'GroupApproximation.GGT.VanKampen.Surgery.MapCollapse.BoundaryCycle.isNoncrossingClosedWalk' depends on axioms: [propext,
 Classical.choice,
 Quot.sound]
info: GroupApproximation/GGT/VanKampen/Estimating/OsinPocketClosedWalkNoncrossing.lean:142:14: 'GroupApproximation.GGT.VanKampen.PocketFaceSet.ClosedWalk.isNoncrossingClosedWalk' depends on axioms: [propext,
 Classical.choice,
 Quot.sound]
ℹ [10550/10638] Replayed GroupApproximation.GGT.VanKampen.Estimating.OsinPocketDiscMerge
info: GroupApproximation/GGT/VanKampen/Estimating/OsinPocketDiscMerge.lean:269:14: 'GroupApproximation.GGT.VanKampen.Surgery.InnerDiscRegion.ofPocketRegion' depends on axioms: [propext,
 Classical.choice,
 Quot.sound]
info: GroupApproximation/GGT/VanKampen/Estimating/OsinPocketDiscMerge.lean:270:14: 'GroupApproximation.GGT.VanKampen.Surgery.InnerDiscRegion.regionFamily_profile' depends on axioms: [propext,
 Classical.choice,
 Quot.sound]
info: GroupApproximation/GGT/VanKampen/Estimating/OsinPocketDiscMerge.lean:271:14: 'GroupApproximation.GGT.VanKampen.Surgery.InnerDiscRegion.regionFamily_noLoop' depends on axioms: [propext,
 Classical.choice,
 Quot.sound]
info: GroupApproximation/GGT/VanKampen/Estimating/OsinPocketDiscMerge.lean:272:14: 'GroupApproximation.GGT.VanKampen.Surgery.InnerDiscRegion.mergedGeometry' depends on axioms: [propext,
 Classical.choice,
 Quot.sound]
info: GroupApproximation/GGT/VanKampen/Estimating/OsinPocketDiscMerge.lean:273:14: 'GroupApproximation.GGT.VanKampen.Surgery.InnerDiscRegion.mergedGeometry_targetArc_start' depends on axioms: [propext,
 Classical.choice,
 Quot.sound]
info: GroupApproximation/GGT/VanKampen/Estimating/OsinPocketDiscMerge.lean:274:14: 'GroupApproximation.GGT.VanKampen.GloballyDistinguishedSectionFamily.false_of_disc_collapse_singleton' depends on axioms: [propext,
 Classical.choice,
 Quot.sound]
ℹ [10551/10638] Replayed GroupApproximation.GGT.VanKampen.Estimating.OsinPocketDiscEmptyTwoGon
info: GroupApproximation/GGT/VanKampen/Estimating/OsinPocketDiscEmptyTwoGon.lean:89:14: 'GroupApproximation.GGT.VanKampen.emptyTwoGonInput_holds' depends on axioms: [propext, Classical.choice, Quot.sound]
ℹ [10552/10638] Replayed GroupApproximation.GGT.VanKampen.Estimating.OsinPocketZeroCellMergeFalse
info: GroupApproximation/GGT/VanKampen/Estimating/OsinPocketZeroCellMergeFalse.lean:179:14: 'GroupApproximation.GGT.VanKampen.GloballyDistinguishedSectionFamily.false_of_disc_pair_singleton' depends on axioms: [propext,
 Classical.choice,
 Quot.sound]
info: GroupApproximation/GGT/VanKampen/Estimating/OsinPocketZeroCellMergeFalse.lean:180:14: 'GroupApproximation.GGT.VanKampen.GloballyDistinguishedSectionFamily.false_of_zeroCellPocket' depends on axioms: [propext,
 Classical.choice,
 Quot.sound]
info: GroupApproximation/GGT/VanKampen/Estimating/OsinPocketZeroCellMergeFalse.lean:181:14: 'GroupApproximation.GGT.VanKampen.ZeroCellPocketMergeStatement' depends on axioms: [propext,
 Classical.choice,
 Quot.sound]
info: GroupApproximation/GGT/VanKampen/Estimating/OsinPocketZeroCellMergeFalse.lean:182:21: 'GroupApproximation.GGT.VanKampen.zeroCellPocketMerge' depends on axioms: [propext, Classical.choice, Quot.sound]
ℹ [10553/10638] Replayed GroupApproximation.GGT.VanKampen.Estimating.OsinPocketKeptCell
info: GroupApproximation/GGT/VanKampen/Estimating/OsinPocketKeptCell.lean:198:14: 'GroupApproximation.GGT.VanKampen.RealizedSectionFamily.targetArc_end_le_start' depends on axioms: [propext,
 Classical.choice,
 Quot.sound]
info: GroupApproximation/GGT/VanKampen/Estimating/OsinPocketKeptCell.lean:199:14: 'GroupApproximation.GGT.VanKampen.GloballyDistinguishedSectionFamily.exists_kept_of_pocketRegion' depends on axioms: [propext,
 Classical.choice,
 Quot.sound]
info: GroupApproximation/GGT/VanKampen/Estimating/OsinPocketKeptCell.lean:200:14: 'GroupApproximation.GGT.VanKampen.GloballyDistinguishedSectionFamily.exists_kept_of_simple' depends on axioms: [propext,
 Classical.choice,
 Quot.sound]
ℹ [10554/10638] Replayed GroupApproximation.GGT.VanKampen.Estimating.OsinPocketLakeAbsorption
info: GroupApproximation/GGT/VanKampen/Estimating/OsinPocketLakeAbsorption.lean:312:14: 'GroupApproximation.GGT.VanKampen.Surgery.MapCollapse.ExteriorComponent.component' depends on axioms: [propext,
 Classical.choice,
 Quot.sound]
info: GroupApproximation/GGT/VanKampen/Estimating/OsinPocketLakeAbsorption.lean:313:14: 'GroupApproximation.GGT.VanKampen.Surgery.MapCollapse.ExteriorComponent.absorbed' depends on axioms: [propext,
 Classical.choice,
 Quot.sound]
info: GroupApproximation/GGT/VanKampen/Estimating/OsinPocketLakeAbsorption.lean:314:14: 'GroupApproximation.GGT.VanKampen.Surgery.MapCollapse.ExteriorComponent.mem_component_iff' depends on axioms: [propext,
 Classical.choice,
 Quot.sound]
info: GroupApproximation/GGT/VanKampen/Estimating/OsinPocketLakeAbsorption.lean:315:14: 'GroupApproximation.GGT.VanKampen.Surgery.MapCollapse.ExteriorComponent.mem_absorbed_iff' depends on axioms: [propext,
 Classical.choice,
 Quot.sound]
info: GroupApproximation/GGT/VanKampen/Estimating/OsinPocketLakeAbsorption.lean:316:14: 'GroupApproximation.GGT.VanKampen.Surgery.MapCollapse.ExteriorComponent.faceOf_mem_iff_of_eqvGen' depends on axioms: [propext,
 Classical.choice,
 Quot.sound]
info: GroupApproximation/GGT/VanKampen/Estimating/OsinPocketLakeAbsorption.lean:317:14: 'GroupApproximation.GGT.VanKampen.Surgery.MapCollapse.ExteriorComponent.Reach.of_faceOf_eq' depends on axioms: [propext,
 Classical.choice,
 Quot.sound]
info: GroupApproximation/GGT/VanKampen/Estimating/OsinPocketLakeAbsorption.lean:318:14: 'GroupApproximation.GGT.VanKampen.Surgery.MapCollapse.ExteriorComponent.Reach.alpha' depends on axioms: [propext,
 Classical.choice,
 Quot.sound]
info: GroupApproximation/GGT/VanKampen/Estimating/OsinPocketLakeAbsorption.lean:319:14: 'GroupApproximation.GGT.VanKampen.Surgery.MapCollapse.ExteriorComponent.self_mem_component' depends on axioms: [propext,
 Classical.choice,
 Quot.sound]
info: GroupApproximation/GGT/VanKampen/Estimating/OsinPocketLakeAbsorption.lean:320:14: 'GroupApproximation.GGT.VanKampen.Surgery.MapCollapse.ExteriorComponent.not_mem_of_mem_component' depends on axioms: [propext,
 Classical.choice,
 Quot.sound]
info: GroupApproximation/GGT/VanKampen/Estimating/OsinPocketLakeAbsorption.lean:321:14: 'GroupApproximation.GGT.VanKampen.Surgery.MapCollapse.ExteriorComponent.subset_absorbed' depends on axioms: [propext,
 Classical.choice,
 Quot.sound]
info: GroupApproximation/GGT/VanKampen/Estimating/OsinPocketLakeAbsorption.lean:322:14: 'GroupApproximation.GGT.VanKampen.Surgery.MapCollapse.ExteriorComponent.isBoundaryDart_absorbed_iff' depends on axioms: [propext,
 Classical.choice,
 Quot.sound]
info: GroupApproximation/GGT/VanKampen/Estimating/OsinPocketLakeAbsorption.lean:323:14: 'GroupApproximation.GGT.VanKampen.PocketFaceSet.wordNorm_dartWord_le_length' depends on axioms: [propext,
 Classical.choice,
 Quot.sound]
info: GroupApproximation/GGT/VanKampen/Estimating/OsinPocketLakeAbsorption.lean:324:14: 'GroupApproximation.GGT.VanKampen.PocketFaceSet.nodup_first' depends on axioms: []
info: GroupApproximation/GGT/VanKampen/Estimating/OsinPocketLakeAbsorption.lean:325:14: 'GroupApproximation.GGT.VanKampen.PocketFaceSet.nodup_second' depends on axioms: []
info: GroupApproximation/GGT/VanKampen/Estimating/OsinPocketLakeAbsorption.lean:326:14: 'GroupApproximation.GGT.VanKampen.PocketFaceSet.absorb' depends on axioms: [propext, Classical.choice, Quot.sound]
info: GroupApproximation/GGT/VanKampen/Estimating/OsinPocketLakeAbsorption.lean:327:14: 'GroupApproximation.GGT.VanKampen.PocketFaceSet.absorb_faces' depends on axioms: [propext, Classical.choice, Quot.sound]
info: GroupApproximation/GGT/VanKampen/Estimating/OsinPocketLakeAbsorption.lean:328:14: 'GroupApproximation.GGT.VanKampen.PocketFaceSet.faces_subset_absorb_faces' depends on axioms: [propext,
 Classical.choice,
 Quot.sound]
info: GroupApproximation/GGT/VanKampen/Estimating/OsinPocketLakeAbsorption.lean:329:14: 'GroupApproximation.GGT.VanKampen.PocketFaceSet.absorb_boundary_cycle' depends on axioms: [propext,
 Classical.choice,
 Quot.sound]
info: GroupApproximation/GGT/VanKampen/Estimating/OsinPocketLakeAbsorption.lean:330:14: 'GroupApproximation.GGT.VanKampen.PocketFaceSet.absorb_firstSide' depends on axioms: [propext,
 Classical.choice,
 Quot.sound]
info: GroupApproximation/GGT/VanKampen/Estimating/OsinPocketLakeAbsorption.lean:331:14: 'GroupApproximation.GGT.VanKampen.PocketFaceSet.absorb_secondSide' depends on axioms: [propext,
 Classical.choice,
 Quot.sound]
ℹ [10556/10638] Replayed GroupApproximation.GGT.VanKampen.Estimating.OsinPocketPinchedTwoGonRegion
info: GroupApproximation/GGT/VanKampen/Estimating/OsinPocketPinchedTwoGonRegion.lean:404:14: 'GroupApproximation.GGT.VanKampen.OsinPocketPinchedTwoGonModel.sameCycle_of_val' depends on axioms: [propext,
 Classical.choice,
 Quot.sound]
info: GroupApproximation/GGT/VanKampen/Estimating/OsinPocketPinchedTwoGonRegion.lean:405:21: 'GroupApproximation.GGT.VanKampen.OsinPocketPinchedTwoGonModel.innerMap_euler' depends on axioms: [propext,
 Classical.choice,
 Quot.sound]
info: GroupApproximation/GGT/VanKampen/Estimating/OsinPocketPinchedTwoGonRegion.lean:406:21: 'GroupApproximation.GGT.VanKampen.OsinPocketPinchedTwoGonModel.outerMap_euler' depends on axioms: [propext,
 Classical.choice,
 Quot.sound]
info: GroupApproximation/GGT/VanKampen/Estimating/OsinPocketPinchedTwoGonRegion.lean:407:14: 'GroupApproximation.GGT.VanKampen.OsinPocketPinchedTwoGonModel.pocket' depends on axioms: [propext,
 Classical.choice,
 Quot.sound]
info: GroupApproximation/GGT/VanKampen/Estimating/OsinPocketPinchedTwoGonRegion.lean:408:14: 'GroupApproximation.GGT.VanKampen.OsinPocketPinchedTwoGonModel.not_followsBoundary' depends on axioms: [propext,
 Classical.choice,
 Quot.sound]
info: GroupApproximation/GGT/VanKampen/Estimating/OsinPocketPinchedTwoGonRegion.lean:409:14: 'GroupApproximation.GGT.VanKampen.OsinPocketPinchedTwoGonModel.not_isSimpleClosedWalk' depends on axioms: [propext,
 Classical.choice,
 Quot.sound]
ℹ [10557/10638] Replayed GroupApproximation.GGT.VanKampen.Estimating.OsinPocketPinchedTwoGonNoncrossing
info: GroupApproximation/GGT/VanKampen/Estimating/OsinPocketPinchedTwoGonNoncrossing.lean:110:14: 'GroupApproximation.GGT.VanKampen.OsinPocketPinchedTwoGonModel.sigma_alpha_mem_pinchCycle' depends on axioms: [propext,
 Classical.choice,
 Quot.sound]
info: GroupApproximation/GGT/VanKampen/Estimating/OsinPocketPinchedTwoGonNoncrossing.lean:111:21: 'GroupApproximation.GGT.VanKampen.OsinPocketPinchedTwoGonModel.isNoncrossingClosedWalk_pinchCycle' depends on axioms: [propext,
 Classical.choice,
 Quot.sound]
info: GroupApproximation/GGT/VanKampen/Estimating/OsinPocketPinchedTwoGonNoncrossing.lean:112:21: 'GroupApproximation.GGT.VanKampen.OsinPocketPinchedTwoGonModel.pocket_noncrossing_not_simple' depends on axioms: [propext,
 Classical.choice,
 Quot.sound]
info: GroupApproximation/GGT/VanKampen/Estimating/OsinPocketPinchedTwoGonNoncrossing.lean:113:21: 'GroupApproximation.GGT.VanKampen.OsinPocketPinchedTwoGonModel.sideFaces_pinchCycle' depends on axioms: [propext,
 Classical.choice,
 Quot.sound]
info: GroupApproximation/GGT/VanKampen/Estimating/OsinPocketPinchedTwoGonNoncrossing.lean:114:21: 'GroupApproximation.GGT.VanKampen.OsinPocketPinchedTwoGonModel.sideFaces_pocket' depends on axioms: [propext,
 Classical.choice,
 Quot.sound]
ℹ [10558/10638] Replayed GroupApproximation.GGT.VanKampen.Estimating.OsinPocketRegionUnpinched
info: GroupApproximation/GGT/VanKampen/Estimating/OsinPocketRegionUnpinched.lean:374:14: 'GroupApproximation.GGT.VanKampen.Surgery.MapCollapse.BoundaryCycle.unpinched_iff_nodup' depends on axioms: [propext,
 Classical.choice,
 Quot.sound]
info: GroupApproximation/GGT/VanKampen/Estimating/OsinPocketRegionUnpinched.lean:375:14: 'GroupApproximation.GGT.VanKampen.Surgery.MapCollapse.BoundaryCycle.exists_component_of_followsBoundary' depends on axioms: [propext,
 Classical.choice,
 Quot.sound]
info: GroupApproximation/GGT/VanKampen/Estimating/OsinPocketRegionUnpinched.lean:376:14: 'GroupApproximation.GGT.VanKampen.Surgery.MapCollapse.BoundaryCycle.isSimpleClosedWalk_of_followsBoundary' depends on axioms: [propext,
 Classical.choice,
 Quot.sound]
info: GroupApproximation/GGT/VanKampen/Estimating/OsinPocketRegionUnpinched.lean:377:14: 'GroupApproximation.GGT.VanKampen.Surgery.MapCollapse.BoundaryCycle.unpinched_of_isSimpleClosedWalk' depends on axioms: [propext,
 Classical.choice,
 Quot.sound]
info: GroupApproximation/GGT/VanKampen/Estimating/OsinPocketRegionUnpinched.lean:378:14: 'GroupApproximation.GGT.VanKampen.Surgery.MapCollapse.BoundaryCycle.reverseAlpha_followsBoundary' depends on axioms: [propext,
 Classical.choice,
 Quot.sound]
info: GroupApproximation/GGT/VanKampen/Estimating/OsinPocketRegionUnpinched.lean:379:14: 'GroupApproximation.GGT.VanKampen.PocketRegion.ofUnpinched_invDarts_outer' depends on axioms: [propext,
 Classical.choice,
 Quot.sound]
info: GroupApproximation/GGT/VanKampen/Estimating/OsinPocketRegionUnpinched.lean:380:14: 'GroupApproximation.GGT.VanKampen.PocketRegion.ofUnpinched_outer_followsBoundary' depends on axioms: [propext,
 Classical.choice,
 Quot.sound]
ℹ [10559/10638] Replayed GroupApproximation.GGT.VanKampen.Estimating.OsinPocketPinchUnpinched
info: GroupApproximation/GGT/VanKampen/Estimating/OsinPocketPinchUnpinched.lean:79:14: 'GroupApproximation.GGT.VanKampen.PocketFaceSet.unpinched_of_simple' depends on axioms: [propext,
 Classical.choice,
 Quot.sound]
info: GroupApproximation/GGT/VanKampen/Estimating/OsinPocketPinchUnpinched.lean:80:14: 'GroupApproximation.GGT.VanKampen.PocketFaceSet.exists_simple_of_followsBoundary' depends on axioms: [propext,
 Classical.choice,
 Quot.sound]
info: GroupApproximation/GGT/VanKampen/Estimating/OsinPocketPinchUnpinched.lean:81:14: 'GroupApproximation.GGT.VanKampen.pocketPinchStatement_of_pinched' depends on axioms: [propext,
 Classical.choice,
 Quot.sound]
ℹ [10560/10638] Replayed GroupApproximation.GGT.VanKampen.Estimating.OsinPocketPinchedTwoGonLobe
info: GroupApproximation/GGT/VanKampen/Estimating/OsinPocketPinchedTwoGonLobe.lean:342:14: 'GroupApproximation.GGT.VanKampen.OsinPocketPinchedTwoGonModel.lobeDiagram' depends on axioms: [propext,
 Classical.choice,
 Quot.sound]
info: GroupApproximation/GGT/VanKampen/Estimating/OsinPocketPinchedTwoGonLobe.lean:343:14: 'GroupApproximation.GGT.VanKampen.OsinPocketPinchedTwoGonModel.pinchedK' depends on axioms: [propext,
 Classical.choice,
 Quot.sound]
info: GroupApproximation/GGT/VanKampen/Estimating/OsinPocketPinchedTwoGonLobe.lean:344:14: 'GroupApproximation.GGT.VanKampen.OsinPocketPinchedTwoGonModel.pinchedK_not_unpinched' depends on axioms: [propext,
 Classical.choice,
 Quot.sound]
info: GroupApproximation/GGT/VanKampen/Estimating/OsinPocketPinchedTwoGonLobe.lean:345:14: 'GroupApproximation.GGT.VanKampen.OsinPocketPinchedTwoGonModel.pinchedK_not_simple' depends on axioms: [propext,
 Classical.choice,
 Quot.sound]
info: GroupApproximation/GGT/VanKampen/Estimating/OsinPocketPinchedTwoGonLobe.lean:346:14: 'GroupApproximation.GGT.VanKampen.OsinPocketPinchedTwoGonModel.lobeK' depends on axioms: [propext,
 Classical.choice,
 Quot.sound]
info: GroupApproximation/GGT/VanKampen/Estimating/OsinPocketPinchedTwoGonLobe.lean:347:21: 'GroupApproximation.GGT.VanKampen.OsinPocketPinchedTwoGonModel.lobeK_simple' depends on axioms: [propext,
 Classical.choice,
 Quot.sound]
info: GroupApproximation/GGT/VanKampen/Estimating/OsinPocketPinchedTwoGonLobe.lean:348:21: 'GroupApproximation.GGT.VanKampen.OsinPocketPinchedTwoGonModel.pinchedPocketLobeModel' depends on axioms: [propext,
 Classical.choice,
 Quot.sound]
info: GroupApproximation/GGT/VanKampen/Estimating/OsinPocketPinchedTwoGonLobe.lean:349:21: 'GroupApproximation.GGT.VanKampen.OsinPocketPinchedTwoGonModel.pinchedPocketLobe_conclusion' depends on axioms: [propext,
 Classical.choice,
 Quot.sound]
ℹ [10561/10638] Replayed GroupApproximation.GGT.VanKampen.Estimating.OsinPocketPinchedTwoGonOuterFollows
info: GroupApproximation/GGT/VanKampen/Estimating/OsinPocketPinchedTwoGonOuterFollows.lean:137:21: 'GroupApproximation.GGT.VanKampen.OsinPocketPinchedTwoGonModel.sideOutside_pinchCycle' depends on axioms: [propext,
 Classical.choice,
 Quot.sound]
info: GroupApproximation/GGT/VanKampen/Estimating/OsinPocketPinchedTwoGonOuterFollows.lean:138:21: 'GroupApproximation.GGT.VanKampen.OsinPocketPinchedTwoGonModel.outerWalk_eight_zero' depends on axioms: [propext,
 Classical.choice,
 Quot.sound]
info: GroupApproximation/GGT/VanKampen/Estimating/OsinPocketPinchedTwoGonOuterFollows.lean:139:21: 'GroupApproximation.GGT.VanKampen.OsinPocketPinchedTwoGonModel.outerWalk_one_nine' depends on axioms: [propext,
 Classical.choice,
 Quot.sound]
info: GroupApproximation/GGT/VanKampen/Estimating/OsinPocketPinchedTwoGonOuterFollows.lean:140:21: 'GroupApproximation.GGT.VanKampen.OsinPocketPinchedTwoGonModel.outerCycle_pinchCycle' depends on axioms: [propext,
 Classical.choice,
 Quot.sound]
info: GroupApproximation/GGT/VanKampen/Estimating/OsinPocketPinchedTwoGonOuterFollows.lean:141:21: 'GroupApproximation.GGT.VanKampen.OsinPocketPinchedTwoGonModel.pinchCycle_outerCycle_followsBoundary' depends on axioms: [propext,
 Classical.choice,
 Quot.sound]
info: GroupApproximation/GGT/VanKampen/Estimating/OsinPocketPinchedTwoGonOuterFollows.lean:142:14: 'GroupApproximation.GGT.VanKampen.OsinPocketPinchedTwoGonModel.pocket_inner_not_follows_outer_follows' depends on axioms: [propext,
 Classical.choice,
 Quot.sound]
info: GroupApproximation/GGT/VanKampen/Estimating/OsinPocketPinchedTwoGonOuterFollows.lean:143:21: 'GroupApproximation.GGT.VanKampen.OsinPocketPinchedTwoGonModel.pinchedPocketNoncrossingOuterFollowsModel' depends on axioms: [propext,
 Classical.choice,
 Quot.sound]
ℹ [10562/10638] Replayed GroupApproximation.GGT.VanKampen.Estimating.OsinPocketLakeModel
info: GroupApproximation/GGT/VanKampen/Estimating/OsinPocketLakeModel.lean:226:21: 'GroupApproximation.GGT.VanKampen.OsinPocketLakeModel.planar' depends on axioms: [propext, Classical.choice, Quot.sound]
info: GroupApproximation/GGT/VanKampen/Estimating/OsinPocketLakeModel.lean:227:21: 'GroupApproximation.GGT.VanKampen.OsinPocketLakeModel.isNoncrossingClosedWalk_lakeCycle' depends on axioms: [propext,
 Classical.choice,
 Quot.sound]
info: GroupApproximation/GGT/VanKampen/Estimating/OsinPocketLakeModel.lean:228:14: 'GroupApproximation.GGT.VanKampen.OsinPocketLakeModel.lakeCycle_not_isSimpleClosedWalk' depends on axioms: [propext,
 Classical.choice,
 Quot.sound]
info: GroupApproximation/GGT/VanKampen/Estimating/OsinPocketLakeModel.lean:229:21: 'GroupApproximation.GGT.VanKampen.OsinPocketLakeModel.lakeCycle_innerCycle_followsBoundary' depends on axioms: [propext,
 Classical.choice,
 Quot.sound]
info: GroupApproximation/GGT/VanKampen/Estimating/OsinPocketLakeModel.lean:230:14: 'GroupApproximation.GGT.VanKampen.OsinPocketLakeModel.not_internalDart_three' depends on axioms: [propext,
 Classical.choice,
 Quot.sound]
info: GroupApproximation/GGT/VanKampen/Estimating/OsinPocketLakeModel.lean:231:14: 'GroupApproximation.GGT.VanKampen.OsinPocketLakeModel.lakeCycle_outerCycle_not_followsBoundary' depends on axioms: [propext,
 Classical.choice,
 Quot.sound]
info: GroupApproximation/GGT/VanKampen/Estimating/OsinPocketLakeModel.lean:232:21: 'GroupApproximation.GGT.VanKampen.OsinPocketLakeModel.noncrossingPinchSidesPrediction' depends on axioms: [propext,
 Classical.choice,
 Quot.sound]
ℹ [10565/10638] Replayed GroupApproximation.GGT.VanKampen.Estimating.OsinPocketLeastAreaCut
info: GroupApproximation/GGT/VanKampen/Estimating/OsinPocketLeastAreaCut.lean:209:14: 'GroupApproximation.GGT.VanKampen.Surgery.MapCollapse.RegionCutData.diagram_boundaryWord' depends on axioms: [propext,
 Classical.choice,
 Quot.sound]
info: GroupApproximation/GGT/VanKampen/Estimating/OsinPocketLeastAreaCut.lean:210:14: 'GroupApproximation.GGT.VanKampen.Surgery.MapCollapse.RegionCutData.boundarySectionCuts' depends on axioms: [propext,
 Classical.choice,
 Quot.sound]
info: GroupApproximation/GGT/VanKampen/Estimating/OsinPocketLeastAreaCut.lean:211:14: 'GroupApproximation.GGT.VanKampen.Surgery.MapCollapse.RegionCutData.boundarySectionCuts_count' depends on axioms: [propext,
 Classical.choice,
 Quot.sound]
info: GroupApproximation/GGT/VanKampen/Estimating/OsinPocketLeastAreaCut.lean:212:14: 'GroupApproximation.GGT.VanKampen.Surgery.MapCollapse.RegionCutData.boundarySectionCuts_part' depends on axioms: [propext,
 Classical.choice,
 Quot.sound]
info: GroupApproximation/GGT/VanKampen/Estimating/OsinPocketLeastAreaCut.lean:213:14: 'GroupApproximation.GGT.VanKampen.Surgery.MapCollapse.RegionCutData.boundarySectionCuts_cut_sub' depends on axioms: [propext,
 Classical.choice,
 Quot.sound]
info: GroupApproximation/GGT/VanKampen/Estimating/OsinPocketLeastAreaCut.lean:214:14: 'GroupApproximation.GGT.VanKampen.Surgery.MapCollapse.RegionCutData.fourSectionCuts' depends on axioms: [propext,
 Classical.choice,
 Quot.sound]
info: GroupApproximation/GGT/VanKampen/Estimating/OsinPocketLeastAreaCut.lean:215:14: 'GroupApproximation.GGT.VanKampen.Surgery.MapCollapse.RegionCutData.fourSectionCuts_count' depends on axioms: [propext,
 Classical.choice,
 Quot.sound]
info: GroupApproximation/GGT/VanKampen/Estimating/OsinPocketLeastAreaCut.lean:216:14: 'GroupApproximation.GGT.VanKampen.Surgery.MapCollapse.RegionCutData.fourSectionCuts_side_short' depends on axioms: [propext,
 Classical.choice,
 Quot.sound]
info: GroupApproximation/GGT/VanKampen/Estimating/OsinPocketLeastAreaCut.lean:217:14: 'GroupApproximation.GGT.VanKampen.Surgery.MapCollapse.RegionCutData.fourSectionCuts_leastAreaCut' depends on axioms: [propext,
 Classical.choice,
 Quot.sound]
ℹ [10566/10638] Replayed GroupApproximation.GGT.VanKampen.Estimating.OsinPocketLoopCut
info: GroupApproximation/GGT/VanKampen/Estimating/OsinPocketLoopCut.lean:276:14: 'GroupApproximation.GGT.VanKampen.PocketRegion.twoSectionCuts' depends on axioms: [propext,
 Classical.choice,
 Quot.sound]
info: GroupApproximation/GGT/VanKampen/Estimating/OsinPocketLoopCut.lean:277:14: 'GroupApproximation.GGT.VanKampen.PocketRegion.twoSectionCuts_count' depends on axioms: [propext,
 Classical.choice,
 Quot.sound]
info: GroupApproximation/GGT/VanKampen/Estimating/OsinPocketLoopCut.lean:278:14: 'GroupApproximation.GGT.VanKampen.PocketRegion.twoSectionCuts_side_short' depends on axioms: [propext,
 Classical.choice,
 Quot.sound]
info: GroupApproximation/GGT/VanKampen/Estimating/OsinPocketLoopCut.lean:279:14: 'GroupApproximation.GGT.VanKampen.OsinLoopCut.ofPocketRegion' depends on axioms: [propext, Classical.choice, Quot.sound]
info: GroupApproximation/GGT/VanKampen/Estimating/OsinPocketLoopCut.lean:280:14: 'GroupApproximation.GGT.VanKampen.PocketRegion.twoSectionCuts_cellTransport' depends on axioms: [propext,
 Classical.choice,
 Quot.sound]
info: GroupApproximation/GGT/VanKampen/Estimating/OsinPocketLoopCut.lean:281:14: 'GroupApproximation.GGT.VanKampen.nonempty_osinLoopCut_of_pocketRegion' depends on axioms: [propext,
 Classical.choice,
 Quot.sound]
ℹ [10567/10638] Replayed GroupApproximation.GGT.VanKampen.Estimating.OsinPocketMultipleEdgeCut
info: GroupApproximation/GGT/VanKampen/Estimating/OsinPocketMultipleEdgeCut.lean:78:14: 'GroupApproximation.GGT.VanKampen.OsinMultipleEdgeCut.ofRegionCut' depends on axioms: [propext,
 Classical.choice,
 Quot.sound]
ℹ [10568/10638] Replayed GroupApproximation.GGT.VanKampen.Estimating.OsinPocketPinchedTwoGonDiscCollapse
info: GroupApproximation/GGT/VanKampen/Estimating/OsinPocketPinchedTwoGonDiscCollapse.lean:159:14: 'GroupApproximation.GGT.VanKampen.OsinPocketPinchedTwoGonModel.pocket_cells_avoid' depends on axioms: [propext,
 Classical.choice,
 Quot.sound]
info: GroupApproximation/GGT/VanKampen/Estimating/OsinPocketPinchedTwoGonDiscCollapse.lean:160:14: 'GroupApproximation.GGT.VanKampen.OsinPocketPinchedTwoGonModel.geometry' depends on axioms: [propext,
 Classical.choice,
 Quot.sound]
info: GroupApproximation/GGT/VanKampen/Estimating/OsinPocketPinchedTwoGonDiscCollapse.lean:161:21: 'GroupApproximation.GGT.VanKampen.OsinPocketPinchedTwoGonModel.outer_decomp' depends on axioms: [propext,
 Classical.choice,
 Quot.sound]
info: GroupApproximation/GGT/VanKampen/Estimating/OsinPocketPinchedTwoGonDiscCollapse.lean:162:21: 'GroupApproximation.GGT.VanKampen.OsinPocketPinchedTwoGonModel.geometry_sourceArc_length' depends on axioms: [propext,
 Classical.choice,
 Quot.sound]
info: GroupApproximation/GGT/VanKampen/Estimating/OsinPocketPinchedTwoGonDiscCollapse.lean:163:21: 'GroupApproximation.GGT.VanKampen.OsinPocketPinchedTwoGonModel.pinchedPocketDiscCollapseModel' depends on axioms: [propext,
 Classical.choice,
 Quot.sound]
ℹ [10569/10638] Replayed GroupApproximation.GGT.VanKampen.Estimating.OsinPocketRegionNoncrossingWalk
info: GroupApproximation/GGT/VanKampen/Estimating/OsinPocketRegionNoncrossingWalk.lean:142:14: 'GroupApproximation.GGT.VanKampen.PocketRegion.ofNoncrossingClosedWalk' depends on axioms: [propext,
 Classical.choice,
 Quot.sound]
info: GroupApproximation/GGT/VanKampen/Estimating/OsinPocketRegionNoncrossingWalk.lean:143:14: 'GroupApproximation.GGT.VanKampen.PocketRegion.ofNoncrossingClosedWalk_invDarts_outer' depends on axioms: [propext,
 Classical.choice,
 Quot.sound]
info: GroupApproximation/GGT/VanKampen/Estimating/OsinPocketRegionNoncrossingWalk.lean:144:14: 'GroupApproximation.GGT.VanKampen.PocketRegion.ofNoncrossingClosedWalk_outer_followsBoundary' depends on axioms: [propext,
 Classical.choice,
 Quot.sound]
info: GroupApproximation/GGT/VanKampen/Estimating/OsinPocketRegionNoncrossingWalk.lean:145:14: 'GroupApproximation.GGT.VanKampen.PocketRegion.faceOf_mem_ofNoncrossingClosedWalk_faces' depends on axioms: [propext,
 Classical.choice,
 Quot.sound]
info: GroupApproximation/GGT/VanKampen/Estimating/OsinPocketRegionNoncrossingWalk.lean:146:14: 'GroupApproximation.GGT.VanKampen.PocketRegion.faceOf_alpha_not_mem_ofNoncrossingClosedWalk_faces' depends on axioms: [propext,
 Classical.choice,
 Quot.sound]
ℹ [10570/10638] Replayed GroupApproximation.GGT.VanKampen.Estimating.OsinPocketPinchedTwoGonNoncrossingRegion
info: GroupApproximation/GGT/VanKampen/Estimating/OsinPocketPinchedTwoGonNoncrossingRegion.lean:100:14: 'GroupApproximation.GGT.VanKampen.OsinPocketPinchedTwoGonModel.reclosedMap_euler_congr' depends on axioms: [propext,
 Classical.choice,
 Quot.sound]
info: GroupApproximation/GGT/VanKampen/Estimating/OsinPocketPinchedTwoGonNoncrossingRegion.lean:101:21: 'GroupApproximation.GGT.VanKampen.OsinPocketPinchedTwoGonModel.pinchCycle_reclosed_euler' depends on axioms: [propext,
 Classical.choice,
 Quot.sound]
info: GroupApproximation/GGT/VanKampen/Estimating/OsinPocketPinchedTwoGonNoncrossingRegion.lean:102:14: 'GroupApproximation.GGT.VanKampen.OsinPocketPinchedTwoGonModel.outerFace_not_mem_sideFaces_pinchCycle' depends on axioms: [propext,
 Classical.choice,
 Quot.sound]
info: GroupApproximation/GGT/VanKampen/Estimating/OsinPocketPinchedTwoGonNoncrossingRegion.lean:103:21: 'GroupApproximation.GGT.VanKampen.OsinPocketPinchedTwoGonModel.pinchedPocketNoncrossingRegionModel' depends on axioms: [propext,
 Classical.choice,
 Quot.sound]
ℹ [10571/10638] Replayed GroupApproximation.GGT.VanKampen.Estimating.OsinPocketPinchSplit
info: GroupApproximation/GGT/VanKampen/Estimating/OsinPocketPinchSplit.lean:295:14: 'GroupApproximation.GGT.VanKampen.PinchSplit.Input.sigma_apply_of_alpha_mem' depends on axioms: [propext,
 Classical.choice,
 Quot.sound]
info: GroupApproximation/GGT/VanKampen/Estimating/OsinPocketPinchSplit.lean:296:14: 'GroupApproximation.GGT.VanKampen.PinchSplit.Input.transportBoundaryCycle' depends on axioms: [propext,
 Classical.choice,
 Quot.sound]
info: GroupApproximation/GGT/VanKampen/Estimating/OsinPocketPinchSplit.lean:297:14: 'GroupApproximation.GGT.VanKampen.PinchSplit.Input.transportBoundaryCycle_cycle' depends on axioms: [propext,
 Classical.choice,
 Quot.sound]
info: GroupApproximation/GGT/VanKampen/Estimating/OsinPocketPinchSplit.lean:298:14: 'GroupApproximation.GGT.VanKampen.PinchSplit.Input.transportBoundaryCycle_boundaryPerm_val' depends on axioms: [propext,
 Classical.choice,
 Quot.sound]
info: GroupApproximation/GGT/VanKampen/Estimating/OsinPocketPinchSplit.lean:299:14: 'GroupApproximation.GGT.VanKampen.PinchSplit.Input.walkStep_transport' depends on axioms: [propext,
 Classical.choice,
 Quot.sound]
info: GroupApproximation/GGT/VanKampen/Estimating/OsinPocketPinchSplit.lean:300:14: 'GroupApproximation.GGT.VanKampen.PinchSplit.Input.transportBoundaryCycle_followsBoundary' depends on axioms: [propext,
 Classical.choice,
 Quot.sound]
info: GroupApproximation/GGT/VanKampen/Estimating/OsinPocketPinchSplit.lean:301:14: 'GroupApproximation.GGT.VanKampen.PinchSplit.Input.vertexOf_eq_of_diagram' depends on axioms: [propext,
 Classical.choice,
 Quot.sound]
info: GroupApproximation/GGT/VanKampen/Estimating/OsinPocketPinchSplit.lean:302:14: 'GroupApproximation.GGT.VanKampen.PinchSplit.Input.sameCycle_x_of_stretch' depends on axioms: [propext,
 Classical.choice,
 Quot.sound]
info: GroupApproximation/GGT/VanKampen/Estimating/OsinPocketPinchSplit.lean:303:14: 'GroupApproximation.GGT.VanKampen.PinchSplit.Input.sameCycle_y_of_stretch' depends on axioms: [propext,
 Classical.choice,
 Quot.sound]
info: GroupApproximation/GGT/VanKampen/Estimating/OsinPocketPinchSplit.lean:304:14: 'GroupApproximation.GGT.VanKampen.PinchSplit.Input.vertexOf_x_ne_y' depends on axioms: [propext,
 Classical.choice,
 Quot.sound]
info: GroupApproximation/GGT/VanKampen/Estimating/OsinPocketPinchSplit.lean:305:14: 'GroupApproximation.GGT.VanKampen.PocketFaceSet.pinchSplit' depends on axioms: [propext, Classical.choice, Quot.sound]
info: GroupApproximation/GGT/VanKampen/Estimating/OsinPocketPinchSplit.lean:306:14: 'GroupApproximation.GGT.VanKampen.PocketFaceSet.pinchSplit_faces' depends on axioms: [propext,
 Classical.choice,
 Quot.sound]
info: GroupApproximation/GGT/VanKampen/Estimating/OsinPocketPinchSplit.lean:307:14: 'GroupApproximation.GGT.VanKampen.PocketFaceSet.pinchSplit_source' depends on axioms: [propext,
 Classical.choice,
 Quot.sound]
info: GroupApproximation/GGT/VanKampen/Estimating/OsinPocketPinchSplit.lean:308:14: 'GroupApproximation.GGT.VanKampen.PocketFaceSet.pinchSplit_kept' depends on axioms: [propext,
 Classical.choice,
 Quot.sound]
info: GroupApproximation/GGT/VanKampen/Estimating/OsinPocketPinchSplit.lean:309:14: 'GroupApproximation.GGT.VanKampen.PocketFaceSet.pinchSplit_boundary_cycle' depends on axioms: [propext,
 Classical.choice,
 Quot.sound]
info: GroupApproximation/GGT/VanKampen/Estimating/OsinPocketPinchSplit.lean:310:14: 'GroupApproximation.GGT.VanKampen.PocketFaceSet.pinchSplit_firstSide' depends on axioms: [propext,
 Classical.choice,
 Quot.sound]
info: GroupApproximation/GGT/VanKampen/Estimating/OsinPocketPinchSplit.lean:311:14: 'GroupApproximation.GGT.VanKampen.PocketFaceSet.pinchSplit_secondSide' depends on axioms: [propext,
 Classical.choice,
 Quot.sound]
info: GroupApproximation/GGT/VanKampen/Estimating/OsinPocketPinchSplit.lean:312:14: 'GroupApproximation.GGT.VanKampen.PocketFaceSet.pinchSplit_sourceArc_darts' depends on axioms: [propext,
 Classical.choice,
 Quot.sound]
info: GroupApproximation/GGT/VanKampen/Estimating/OsinPocketPinchSplit.lean:313:14: 'GroupApproximation.GGT.VanKampen.PocketFaceSet.pinchSplit_targetArc_darts' depends on axioms: [propext,
 Classical.choice,
 Quot.sound]
info: GroupApproximation/GGT/VanKampen/Estimating/OsinPocketPinchSplit.lean:314:14: 'GroupApproximation.GGT.VanKampen.PocketFaceSet.pinchSplit_targetArc_start' depends on axioms: [propext,
 Classical.choice,
 Quot.sound]
info: GroupApproximation/GGT/VanKampen/Estimating/OsinPocketPinchSplit.lean:315:14: 'GroupApproximation.GGT.VanKampen.PocketFaceSet.pinchSplit_followsBoundary' depends on axioms: [propext,
 Classical.choice,
 Quot.sound]
ℹ [10572/10638] Replayed GroupApproximation.GGT.VanKampen.Estimating.OsinPocketRegionVertexSimple
info: GroupApproximation/GGT/VanKampen/Estimating/OsinPocketRegionVertexSimple.lean:279:14: 'GroupApproximation.GGT.VanKampen.IsSimpleClosedWalk.of_next' depends on axioms: [propext, Classical.choice, Quot.sound]
info: GroupApproximation/GGT/VanKampen/Estimating/OsinPocketRegionVertexSimple.lean:280:14: 'GroupApproximation.GGT.VanKampen.IsSimpleClosedWalk.vertexOf_alpha_eq_next' depends on axioms: [propext,
 Classical.choice,
 Quot.sound]
info: GroupApproximation/GGT/VanKampen/Estimating/OsinPocketRegionVertexSimple.lean:281:14: 'GroupApproximation.GGT.VanKampen.IsSimpleClosedWalk.rotate' depends on axioms: [propext, Classical.choice, Quot.sound]
info: GroupApproximation/GGT/VanKampen/Estimating/OsinPocketRegionVertexSimple.lean:282:14: 'GroupApproximation.GGT.VanKampen.Surgery.MapCollapse.BoundaryWalk.vertexOf_alpha_eq' depends on axioms: [propext,
 Classical.choice,
 Quot.sound]
info: GroupApproximation/GGT/VanKampen/Estimating/OsinPocketRegionVertexSimple.lean:283:14: 'GroupApproximation.GGT.VanKampen.Surgery.MapCollapse.BoundaryCycle.boundaryWalk_next' depends on axioms: [propext,
 Classical.choice,
 Quot.sound]
info: GroupApproximation/GGT/VanKampen/Estimating/OsinPocketRegionVertexSimple.lean:284:14: 'GroupApproximation.GGT.VanKampen.Surgery.MapCollapse.BoundaryCycle.eq_of_vertexOf_eq_of_complement' depends on axioms: [propext,
 Classical.choice,
 Quot.sound]
info: GroupApproximation/GGT/VanKampen/Estimating/OsinPocketRegionVertexSimple.lean:285:14: 'GroupApproximation.GGT.VanKampen.PocketRegion.outer_next_alpha' depends on axioms: [propext,
 Classical.choice,
 Quot.sound]
info: GroupApproximation/GGT/VanKampen/Estimating/OsinPocketRegionVertexSimple.lean:286:14: 'GroupApproximation.GGT.VanKampen.PocketRegion.eq_of_vertexOf_eq' depends on axioms: [propext,
 Classical.choice,
 Quot.sound]
info: GroupApproximation/GGT/VanKampen/Estimating/OsinPocketRegionVertexSimple.lean:287:14: 'GroupApproximation.GGT.VanKampen.PocketRegion.isSimpleClosedWalk_inner_cycle' depends on axioms: [propext,
 Classical.choice,
 Quot.sound]
info: GroupApproximation/GGT/VanKampen/Estimating/OsinPocketRegionVertexSimple.lean:288:14: 'GroupApproximation.GGT.VanKampen.PocketRegion.isSimpleClosedWalk_invDarts_outer' depends on axioms: [propext,
 Classical.choice,
 Quot.sound]
ℹ [10573/10638] Replayed GroupApproximation.GGT.VanKampen.Estimating.OsinPocketUnpinchedEuler
info: GroupApproximation/GGT/VanKampen/Estimating/OsinPocketUnpinchedEuler.lean:353:14: 'GroupApproximation.GGT.VanKampen.Surgery.MapCollapse.restriction_facePerm_eq_boundaryPerm' depends on axioms: [propext,
 Classical.choice,
 Quot.sound]
info: GroupApproximation/GGT/VanKampen/Estimating/OsinPocketUnpinchedEuler.lean:354:14: 'GroupApproximation.GGT.VanKampen.Surgery.MapCollapse.BoundaryEdgeMap.faceCount_eq_two' depends on axioms: [propext,
 Classical.choice,
 Quot.sound]
info: GroupApproximation/GGT/VanKampen/Estimating/OsinPocketUnpinchedEuler.lean:355:14: 'GroupApproximation.GGT.VanKampen.Surgery.MapCollapse.BoundaryEdgeMap.edgeCount_eq' depends on axioms: [propext,
 Classical.choice,
 Quot.sound]
info: GroupApproximation/GGT/VanKampen/Estimating/OsinPocketUnpinchedEuler.lean:356:14: 'GroupApproximation.GGT.VanKampen.Surgery.MapCollapse.BoundaryEdgeMap.vertexOf_bijective' depends on axioms: [propext,
 Classical.choice,
 Quot.sound]
info: GroupApproximation/GGT/VanKampen/Estimating/OsinPocketUnpinchedEuler.lean:357:14: 'GroupApproximation.GGT.VanKampen.Surgery.MapCollapse.unpinched_of_followsBoundary_complement' depends on axioms: [propext,
 Classical.choice,
 Quot.sound]
info: GroupApproximation/GGT/VanKampen/Estimating/OsinPocketUnpinchedEuler.lean:358:14: 'GroupApproximation.GGT.VanKampen.Surgery.MapCollapse.bothFollowUnpinched' depends on axioms: [propext,
 Classical.choice,
 Quot.sound]
ℹ [10574/10638] Replayed GroupApproximation.GGT.VanKampen.Estimating.OsinPocketZeroCellMerge
info: GroupApproximation/GGT/VanKampen/Estimating/OsinPocketZeroCellMerge.lean:258:14: 'GroupApproximation.GGT.VanKampen.Embedded.skip_to_internalBoundaryMove' depends on axioms: [propext,
 Classical.choice,
 Quot.sound]
info: GroupApproximation/GGT/VanKampen/Estimating/OsinPocketZeroCellMerge.lean:259:14: 'GroupApproximation.GGT.VanKampen.Embedded.boundaryWalk_to_moves' depends on axioms: [propext,
 Classical.choice,
 Quot.sound]
info: GroupApproximation/GGT/VanKampen/Estimating/OsinPocketZeroCellMerge.lean:260:14: 'GroupApproximation.GGT.VanKampen.Embedded.boundaryStep_of_walk' depends on axioms: [propext,
 Classical.choice,
 Quot.sound]
info: GroupApproximation/GGT/VanKampen/Estimating/OsinPocketZeroCellMerge.lean:261:14: 'GroupApproximation.GGT.VanKampen.PocketRegion.boundaryWalk_getElem' depends on axioms: [propext,
 Classical.choice,
 Quot.sound]
info: GroupApproximation/GGT/VanKampen/Estimating/OsinPocketZeroCellMerge.lean:262:14: 'GroupApproximation.GGT.VanKampen.PocketRegion.innerBoundary' depends on axioms: [propext, Classical.choice, Quot.sound]
info: GroupApproximation/GGT/VanKampen/Estimating/OsinPocketZeroCellMerge.lean:263:14: 'GroupApproximation.GGT.VanKampen.PocketRegion.innerBoundary_cycle' depends on axioms: [propext,
 Classical.choice,
 Quot.sound]
info: GroupApproximation/GGT/VanKampen/Estimating/OsinPocketZeroCellMerge.lean:264:14: 'GroupApproximation.GGT.VanKampen.PocketRegion.toInnerGRegion' depends on axioms: [propext,
 Classical.choice,
 Quot.sound]
info: GroupApproximation/GGT/VanKampen/Estimating/OsinPocketZeroCellMerge.lean:265:14: 'GroupApproximation.GGT.VanKampen.PocketRegion.toInnerGRegion_faces' depends on axioms: [propext,
 Classical.choice,
 Quot.sound]
info: GroupApproximation/GGT/VanKampen/Estimating/OsinPocketZeroCellMerge.lean:266:14: 'GroupApproximation.GGT.VanKampen.PocketRegion.toInnerGRegion_boundary_cycle' depends on axioms: [propext,
 Classical.choice,
 Quot.sound]
info: GroupApproximation/GGT/VanKampen/Estimating/OsinPocketZeroCellMerge.lean:267:14: 'GroupApproximation.GGT.VanKampen.Surgery.InnerGRegion.cycle_not_internal' depends on axioms: [propext,
 Classical.choice,
 Quot.sound]
info: GroupApproximation/GGT/VanKampen/Estimating/OsinPocketZeroCellMerge.lean:268:14: 'GroupApproximation.GGT.VanKampen.Surgery.InnerGRegion.sides_not_internal' depends on axioms: [propext,
 Classical.choice,
 Quot.sound]
info: GroupApproximation/GGT/VanKampen/Estimating/OsinPocketZeroCellMerge.lean:269:14: 'GroupApproximation.GGT.VanKampen.Surgery.InnerGRegion.faceBoundary_merged_darts_eq_map_keep' depends on axioms: [propext,
 Classical.choice,
 Quot.sound]
info: GroupApproximation/GGT/VanKampen/Estimating/OsinPocketZeroCellMerge.lean:270:14: 'GroupApproximation.GGT.VanKampen.Surgery.InnerGRegion.faceBoundary_merged_rotate' depends on axioms: [propext,
 Classical.choice,
 Quot.sound]
info: GroupApproximation/GGT/VanKampen/Estimating/OsinPocketZeroCellMerge.lean:271:14: 'GroupApproximation.GGT.VanKampen.Surgery.InnerGRegion.mergedGeometry' depends on axioms: [propext,
 Classical.choice,
 Quot.sound]
info: GroupApproximation/GGT/VanKampen/Estimating/OsinPocketZeroCellMerge.lean:272:14: 'GroupApproximation.GGT.VanKampen.Surgery.InnerGRegion.mergedGeometry_target' depends on axioms: [propext,
 Classical.choice,
 Quot.sound]
info: GroupApproximation/GGT/VanKampen/Estimating/OsinPocketZeroCellMerge.lean:273:14: 'GroupApproximation.GGT.VanKampen.Surgery.InnerGRegion.mergedGeometry_sourceArc_length' depends on axioms: [propext,
 Classical.choice,
 Quot.sound]
info: GroupApproximation/GGT/VanKampen/Estimating/OsinPocketZeroCellMerge.lean:274:14: 'GroupApproximation.GGT.VanKampen.Surgery.InnerGRegion.mergedGeometry_targetArc_length' depends on axioms: [propext,
 Classical.choice,
 Quot.sound]
info: GroupApproximation/GGT/VanKampen/Estimating/OsinPocketZeroCellMerge.lean:275:14: 'GroupApproximation.GGT.VanKampen.Surgery.InnerGRegion.mergedGeometry_targetArc_start' depends on axioms: [propext,
 Classical.choice,
 Quot.sound]
ℹ [10575/10638] Replayed GroupApproximation.GGT.VanKampen.Estimating.OsinUnboundCaseOneRun
info: GroupApproximation/GGT/VanKampen/Estimating/OsinUnboundCaseOneRun.lean:109:14: 'GroupApproximation.GGT.VanKampen.osinLemma94CaseOne_false_of_walk' depends on axioms: [propext,
 Classical.choice,
 Quot.sound]
info: GroupApproximation/GGT/VanKampen/Estimating/OsinUnboundCaseOneRun.lean:110:14: 'GroupApproximation.GGT.VanKampen.osinLemma94CaseOneInput_of_walk' depends on axioms: [propext,
 Classical.choice,
 Quot.sound]
info: GroupApproximation/GGT/VanKampen/Estimating/OsinUnboundCaseOneRun.lean:111:14: 'GroupApproximation.GGT.VanKampen.osinLemma94CaseOneInput_of_walk_of_sameCell' depends on axioms: [propext,
 Classical.choice,
 Quot.sound]
ℹ [10576/10638] Replayed GroupApproximation.GGT.VanKampen.Estimating.OsinUnboundSameCellPocket
info: GroupApproximation/GGT/VanKampen/Estimating/OsinUnboundSameCellPocket.lean:73:14: 'GroupApproximation.GGT.VanKampen.AvoidEdgeStep.adjacent' depends on axioms: [propext, Quot.sound]
ℹ [10577/10638] Replayed GroupApproximation.GGT.VanKampen.FaceSetCircuitNoncrossing
info: GroupApproximation/GGT/VanKampen/FaceSetCircuitNoncrossing.lean:240:14: 'GroupApproximation.GGT.VanKampen.Surgery.MapCollapse.BoundaryWalk.mono' depends on axioms: [propext,
 Classical.choice,
 Quot.sound]
info: GroupApproximation/GGT/VanKampen/FaceSetCircuitNoncrossing.lean:241:14: 'GroupApproximation.GGT.VanKampen.Surgery.MapCollapse.BoundaryWalk.trans_internal' depends on axioms: [propext,
 Classical.choice,
 Quot.sound]
info: GroupApproximation/GGT/VanKampen/FaceSetCircuitNoncrossing.lean:242:14: 'GroupApproximation.GGT.VanKampen.Surgery.MapCollapse.BoundaryWalk.exists_pow' depends on axioms: [propext,
 Classical.choice,
 Quot.sound]
info: GroupApproximation/GGT/VanKampen/FaceSetCircuitNoncrossing.lean:243:14: 'GroupApproximation.GGT.VanKampen.Surgery.MapCollapse.isNoncrossingClosedWalk_of_isChain_boundaryWalk' depends on axioms: [propext,
 Classical.choice,
 Quot.sound]
info: GroupApproximation/GGT/VanKampen/FaceSetCircuitNoncrossing.lean:244:14: 'GroupApproximation.GGT.VanKampen.Surgery.MapCollapse.FaceSetCircuits.boundaryPerm_val_of_boundaryWalk' depends on axioms: [propext,
 Classical.choice,
 Quot.sound]
info: GroupApproximation/GGT/VanKampen/FaceSetCircuitNoncrossing.lean:245:14: 'GroupApproximation.GGT.VanKampen.Surgery.MapCollapse.FaceSetCircuits.circuit_isNoncrossingClosedWalk' depends on axioms: [propext,
 Classical.choice,
 Quot.sound]
info: GroupApproximation/GGT/VanKampen/FaceSetCircuitNoncrossing.lean:246:14: 'GroupApproximation.GGT.VanKampen.Surgery.MapCollapse.FaceSetCircuits.mem_circuit_iff_of_isChain_boundaryWalk' depends on axioms: [propext,
 Classical.choice,
 Quot.sound]
info: GroupApproximation/GGT/VanKampen/FaceSetCircuitNoncrossing.lean:247:14: 'GroupApproximation.GGT.VanKampen.Embedded.boundaryWalk_of_boundaryStep' depends on axioms: [propext,
 Classical.choice,
 Quot.sound]
ℹ [10578/10638] Replayed GroupApproximation.GGT.VanKampen.LoopCutCapCounterexample
info: GroupApproximation/GGT/VanKampen/LoopCutCapCounterexample.lean:576:14: 'GroupApproximation.GGT.VanKampen.LoopCutCapCounterexample.capCandidate_not_respectsSections' depends on axioms: [propext,
 Classical.choice,
 Quot.sound]
info: GroupApproximation/GGT/VanKampen/LoopCutCapCounterexample.lean:577:14: 'GroupApproximation.GGT.VanKampen.LoopCutCapCounterexample.family_eq_empty' depends on axioms: [propext,
 Classical.choice,
 Quot.sound]
info: GroupApproximation/GGT/VanKampen/LoopCutCapCounterexample.lean:578:14: 'GroupApproximation.GGT.VanKampen.LoopCutCapCounterexample.emptyFamily' depends on axioms: [propext,
 Classical.choice,
 Quot.sound]
info: GroupApproximation/GGT/VanKampen/LoopCutCapCounterexample.lean:579:21: 'GroupApproximation.GGT.VanKampen.LoopCutCapCounterexample.loopCutCap' depends on axioms: [propext,
 Classical.choice,
 Quot.sound]
ℹ [10579/10638] Replayed GroupApproximation.GGT.VanKampen.PlanarVanKampenWeighted
info: GroupApproximation/GGT/VanKampen/PlanarVanKampenWeighted.lean:268:14: 'GroupApproximation.GGT.VanKampen.isRelatorProduct_rotate' depends on axioms: [propext, Quot.sound]
info: GroupApproximation/GGT/VanKampen/PlanarVanKampenWeighted.lean:269:14: 'GroupApproximation.GGT.VanKampen.isRelatorProduct_of_planar_weighted' depends on axioms: [propext,
 Classical.choice,
 Quot.sound]
info: GroupApproximation/GGT/VanKampen/PlanarVanKampenWeighted.lean:270:14: 'GroupApproximation.GGT.VanKampen.isRelatorProduct_of_planar_unweighted' depends on axioms: [propext,
 Classical.choice,
 Quot.sound]
info: GroupApproximation/GGT/VanKampen/PlanarVanKampenWeighted.lean:271:14: 'GroupApproximation.GGT.VanKampen.planarVanKampenWeighted' depends on axioms: [propext, Classical.choice, Quot.sound]
info: GroupApproximation/GGT/VanKampen/PlanarVanKampenWeighted.lean:272:14: 'GroupApproximation.GGT.VanKampen.DiscDiagram.isRelatorProduct_filter_add_of_discRegion' depends on axioms: [propext,
 Classical.choice,
 Quot.sound]
info: GroupApproximation/GGT/VanKampen/PlanarVanKampenWeighted.lean:273:14: 'GroupApproximation.GGT.VanKampen.DiscDiagram.isRelatorProduct_rCellCount_sub_add_of_discRegion' depends on axioms: [propext,
 Classical.choice,
 Quot.sound]
ℹ [10580/10638] Replayed GroupApproximation.GGT.VanKampen.SurgeryGeodesicCollarAssembly
info: GroupApproximation/GGT/VanKampen/SurgeryGeodesicCollarAssembly.lean:224:14: 'GroupApproximation.GGT.VanKampen.boundaryCycleOfSimpleClosedWalk' depends on axioms: [propext,
 Classical.choice,
 Quot.sound]
info: GroupApproximation/GGT/VanKampen/SurgeryGeodesicCollarAssembly.lean:225:14: 'GroupApproximation.GGT.VanKampen.GeodesicCollar.Transport.trans' depends on axioms: [propext,
 Classical.choice,
 Quot.sound]
info: GroupApproximation/GGT/VanKampen/SurgeryGeodesicCollarAssembly.lean:226:14: 'GroupApproximation.GGT.VanKampen.GeodesicCollar.Strip.face_ne_outer' depends on axioms: [propext,
 Classical.choice,
 Quot.sound]
info: GroupApproximation/GGT/VanKampen/SurgeryGeodesicCollarAssembly.lean:227:14: 'GroupApproximation.GGT.VanKampen.GeodesicCollar.WalkOutput.of_transport' depends on axioms: [propext,
 Classical.choice,
 Quot.sound]
info: GroupApproximation/GGT/VanKampen/SurgeryGeodesicCollarAssembly.lean:228:14: 'GroupApproximation.GGT.VanKampen.GeodesicCollar.geodesicCollarOutput_of_walkOutput' depends on axioms: [propext,
 Classical.choice,
 Quot.sound]
ℹ [10582/10638] Replayed GroupApproximation.GGT.VanKampen.SurgeryMonogonDoublingStrip
info: GroupApproximation/GGT/VanKampen/SurgeryMonogonDoublingStrip.lean:296:14: 'GroupApproximation.GGT.VanKampen.MonogonDoubling.isFaceCycle_digon' depends on axioms: [propext,
 Classical.choice,
 Quot.sound]
info: GroupApproximation/GGT/VanKampen/SurgeryMonogonDoublingStrip.lean:297:14: 'GroupApproximation.GGT.VanKampen.MonogonDoubling.isSimpleClosedWalk_embed_dart' depends on axioms: [propext,
 Classical.choice,
 Quot.sound]
info: GroupApproximation/GGT/VanKampen/SurgeryMonogonDoublingStrip.lean:298:14: 'GroupApproximation.GGT.VanKampen.MonogonDoubling.isBoundaryDart_faceSet_iff' depends on axioms: [propext,
 Classical.choice,
 Quot.sound]
info: GroupApproximation/GGT/VanKampen/SurgeryMonogonDoublingStrip.lean:299:14: 'GroupApproximation.GGT.VanKampen.MonogonDoubling.outerFace_not_mem_faceSet' depends on axioms: [propext,
 Classical.choice,
 Quot.sound]
info: GroupApproximation/GGT/VanKampen/SurgeryMonogonDoublingStrip.lean:300:14: 'GroupApproximation.GGT.VanKampen.MonogonDoubling.digon_not_cell' depends on axioms: [propext,
 Classical.choice,
 Quot.sound]
info: GroupApproximation/GGT/VanKampen/SurgeryMonogonDoublingStrip.lean:301:14: 'GroupApproximation.GGT.VanKampen.MonogonDoubling.cellDarts_cellIndex' depends on axioms: [propext,
 Classical.choice,
 Quot.sound]
info: GroupApproximation/GGT/VanKampen/SurgeryMonogonDoublingStrip.lean:302:14: 'GroupApproximation.GGT.VanKampen.MonogonDoubling.cell_mem_faceSet_iff' depends on axioms: [propext,
 Classical.choice,
 Quot.sound]
info: GroupApproximation/GGT/VanKampen/SurgeryMonogonDoublingStrip.lean:303:14: 'GroupApproximation.GGT.VanKampen.MonogonDoubling.outerDarts_diagram' depends on axioms: [propext,
 Classical.choice,
 Quot.sound]
info: GroupApproximation/GGT/VanKampen/SurgeryMonogonDoublingStrip.lean:304:14: 'GroupApproximation.GGT.VanKampen.MonogonDoubling.collarTransport' depends on axioms: [propext,
 Classical.choice,
 Quot.sound]
info: GroupApproximation/GGT/VanKampen/SurgeryMonogonDoublingStrip.lean:305:14: 'GroupApproximation.GGT.VanKampen.MonogonDoubling.collarStrip' depends on axioms: [propext,
 Classical.choice,
 Quot.sound]
info: GroupApproximation/GGT/VanKampen/SurgeryMonogonDoublingStrip.lean:306:14: 'GroupApproximation.GGT.VanKampen.MonogonDoubling.monogonStrip' depends on axioms: [propext,
 Classical.choice,
 Quot.sound]
ℹ [10584/10638] Replayed GroupApproximation.GGT.VanKampen.SurgeryGeodesicCollarDouble
info: GroupApproximation/GGT/VanKampen/SurgeryGeodesicCollarDouble.lean:359:14: 'GroupApproximation.GGT.VanKampen.FaceEdgeDoubling.isBoundaryDart_collarFaceSet_iff' depends on axioms: [propext,
 Classical.choice,
 Quot.sound]
info: GroupApproximation/GGT/VanKampen/SurgeryGeodesicCollarDouble.lean:360:14: 'GroupApproximation.GGT.VanKampen.FaceEdgeDoubling.isSimpleClosedWalk_embed' depends on axioms: [propext,
 Classical.choice,
 Quot.sound]
info: GroupApproximation/GGT/VanKampen/SurgeryGeodesicCollarDouble.lean:361:14: 'GroupApproximation.GGT.VanKampen.FaceEdgeDoubling.isFaceCycle_collarDigon' depends on axioms: [propext,
 Classical.choice,
 Quot.sound]
info: GroupApproximation/GGT/VanKampen/SurgeryGeodesicCollarDouble.lean:362:14: 'GroupApproximation.GGT.VanKampen.FaceEdgeDoubling.digon_not_collarCell' depends on axioms: [propext,
 Classical.choice,
 Quot.sound]
info: GroupApproximation/GGT/VanKampen/SurgeryGeodesicCollarDouble.lean:363:14: 'GroupApproximation.GGT.VanKampen.FaceEdgeDoubling.collarCellDarts_cellIndex' depends on axioms: [propext,
 Classical.choice,
 Quot.sound]
info: GroupApproximation/GGT/VanKampen/SurgeryGeodesicCollarDouble.lean:364:14: 'GroupApproximation.GGT.VanKampen.FaceEdgeDoubling.collarCell_mem_iff' depends on axioms: [propext,
 Classical.choice,
 Quot.sound]
info: GroupApproximation/GGT/VanKampen/SurgeryGeodesicCollarDouble.lean:365:14: 'GroupApproximation.GGT.VanKampen.FaceEdgeDoubling.collarTransport' depends on axioms: [propext,
 Classical.choice,
 Quot.sound]
info: GroupApproximation/GGT/VanKampen/SurgeryGeodesicCollarDouble.lean:366:14: 'GroupApproximation.GGT.VanKampen.FaceEdgeDoubling.collarStrip' depends on axioms: [propext,
 Classical.choice,
 Quot.sound]
info: GroupApproximation/GGT/VanKampen/SurgeryGeodesicCollarDouble.lean:367:14: 'GroupApproximation.GGT.VanKampen.GeodesicCollar.vertexOf_alpha_ne_of_mem' depends on axioms: [propext,
 Classical.choice,
 Quot.sound]
info: GroupApproximation/GGT/VanKampen/SurgeryGeodesicCollarDouble.lean:368:14: 'GroupApproximation.GGT.VanKampen.GeodesicCollar.vertexOf_alpha_of_monogon' depends on axioms: [propext,
 Classical.choice,
 Quot.sound]
info: GroupApproximation/GGT/VanKampen/SurgeryGeodesicCollarDouble.lean:369:14: 'GroupApproximation.GGT.VanKampen.GeodesicCollar.stripSingleton' depends on axioms: [propext,
 Classical.choice,
 Quot.sound]
ℹ [10587/10638] Replayed GroupApproximation.GGT.VanKampen.SurgeryGeodesicCollarJoin
info: GroupApproximation/GGT/VanKampen/SurgeryGeodesicCollarJoin.lean:371:14: 'GroupApproximation.GGT.VanKampen.GeodesicCollar.join_rotate_dropLast' depends on axioms: [propext, Quot.sound]
info: GroupApproximation/GGT/VanKampen/SurgeryGeodesicCollarJoin.lean:372:14: 'GroupApproximation.GGT.VanKampen.GeodesicCollar.Strip.join_cycle_value' depends on axioms: [propext,
 Classical.choice,
 Quot.sound]
info: GroupApproximation/GGT/VanKampen/SurgeryGeodesicCollarJoin.lean:373:14: 'GroupApproximation.GGT.VanKampen.GeodesicCollar.Strip.join_left_value' depends on axioms: [propext,
 Classical.choice,
 Quot.sound]
info: GroupApproximation/GGT/VanKampen/SurgeryGeodesicCollarJoin.lean:374:14: 'GroupApproximation.GGT.VanKampen.GeodesicCollar.Strip.join_vertexOf_ne' depends on axioms: [propext,
 Classical.choice,
 Quot.sound]
info: GroupApproximation/GGT/VanKampen/SurgeryGeodesicCollarJoin.lean:375:14: 'GroupApproximation.GGT.VanKampen.GeodesicCollar.Strip.joinInput_face' depends on axioms: [propext,
 Classical.choice,
 Quot.sound]
info: GroupApproximation/GGT/VanKampen/SurgeryGeodesicCollarJoin.lean:376:14: 'GroupApproximation.GGT.VanKampen.GeodesicCollar.Strip.join_mem_kept' depends on axioms: [propext,
 Classical.choice,
 Quot.sound]
info: GroupApproximation/GGT/VanKampen/SurgeryGeodesicCollarJoin.lean:377:14: 'GroupApproximation.GGT.VanKampen.GeodesicCollar.Strip.join_mem_iff_of_ne' depends on axioms: [propext,
 Classical.choice,
 Quot.sound]
info: GroupApproximation/GGT/VanKampen/SurgeryGeodesicCollarJoin.lean:378:14: 'GroupApproximation.GGT.VanKampen.GeodesicCollar.Strip.join_walk' depends on axioms: [propext,
 Classical.choice,
 Quot.sound]
info: GroupApproximation/GGT/VanKampen/SurgeryGeodesicCollarJoin.lean:379:14: 'GroupApproximation.GGT.VanKampen.GeodesicCollar.Strip.join_boundary' depends on axioms: [propext,
 Classical.choice,
 Quot.sound]
info: GroupApproximation/GGT/VanKampen/SurgeryGeodesicCollarJoin.lean:380:21: 'GroupApproximation.GGT.VanKampen.GeodesicCollar.joinStatement' depends on axioms: [propext,
 Classical.choice,
 Quot.sound]
ℹ [10588/10638] Replayed GroupApproximation.GGT.VanKampen.SurgeryOuterSpurThickening
info: GroupApproximation/GGT/VanKampen/SurgeryOuterSpurThickening.lean:706:21: 'GroupApproximation.GGT.VanKampen.OuterSpurThickening.outerSpurThickening' depends on axioms: [propext,
 Classical.choice,
 Quot.sound]
info: GroupApproximation/GGT/VanKampen/SurgeryOuterSpurThickening.lean:707:14: 'GroupApproximation.GGT.VanKampen.OuterSpurThickening.diagram' depends on axioms: [propext,
 Classical.choice,
 Quot.sound]
info: GroupApproximation/GGT/VanKampen/SurgeryOuterSpurThickening.lean:708:14: 'GroupApproximation.GGT.VanKampen.OuterSpurThickening.oEquivalent' depends on axioms: [propext,
 Classical.choice,
 Quot.sound]
info: GroupApproximation/GGT/VanKampen/SurgeryOuterSpurThickening.lean:709:14: 'GroupApproximation.GGT.VanKampen.OuterSpurThickening.embedding' depends on axioms: [propext,
 Classical.choice,
 Quot.sound]
info: GroupApproximation/GGT/VanKampen/SurgeryOuterSpurThickening.lean:710:14: 'GroupApproximation.GGT.VanKampen.OuterSpurThickening.outerDarts_eq' depends on axioms: [propext,
 Classical.choice,
 Quot.sound]
info: GroupApproximation/GGT/VanKampen/SurgeryOuterSpurThickening.lean:711:14: 'GroupApproximation.GGT.VanKampen.OuterSpurThickening.contiguityGeometry' depends on axioms: [propext,
 Classical.choice,
 Quot.sound]
info: GroupApproximation/GGT/VanKampen/SurgeryOuterSpurThickening.lean:712:14: 'GroupApproximation.GGT.VanKampen.OuterSpurThickening.regionFamily_weight' depends on axioms: [propext,
 Classical.choice,
 Quot.sound]
info: GroupApproximation/GGT/VanKampen/SurgeryOuterSpurThickening.lean:713:14: 'GroupApproximation.GGT.VanKampen.OuterSpurThickening.regionFamily_noLoop' depends on axioms: [propext,
 Classical.choice,
 Quot.sound]
info: GroupApproximation/GGT/VanKampen/SurgeryOuterSpurThickening.lean:714:14: 'GroupApproximation.GGT.VanKampen.OuterSpurThickening.regionFamilyEquiv' depends on axioms: [propext,
 Classical.choice,
 Quot.sound]
info: GroupApproximation/GGT/VanKampen/SurgeryOuterSpurThickening.lean:715:14: 'GroupApproximation.GGT.VanKampen.OuterSpurThickening.outerSpurCount_lt' depends on axioms: [propext,
 Classical.choice,
 Quot.sound]
info: GroupApproximation/GGT/VanKampen/SurgeryOuterSpurThickening.lean:716:14: 'GroupApproximation.GGT.VanKampen.OuterSpurThickening.sectionFamily' depends on axioms: [propext,
 Classical.choice,
 Quot.sound]
info: GroupApproximation/GGT/VanKampen/SurgeryOuterSpurThickening.lean:717:14: 'GroupApproximation.GGT.VanKampen.OuterSpurThickening.exists_spurFree' depends on axioms: [propext,
 Classical.choice,
 Quot.sound]
ℹ [10891/10967] Replayed GroupApproximation.Manuscript.NonMF.TorsionFreeLeastAreaAssembly
info: GroupApproximation/Manuscript/NonMF/TorsionFreeLeastAreaAssembly.lean:92:14: 'GroupApproximation.Manuscript.NonMF.TorsionFreeLeastAreaAssembly.hullSmallCancellationTorsionFreePrinted_of_leastAreaLeaves' depends on axioms: [propext,
 Classical.choice,
 Quot.sound]
info: GroupApproximation/Manuscript/NonMF/TorsionFreeLeastAreaAssembly.lean:93:14: 'GroupApproximation.Manuscript.NonMF.TorsionFreeLeastAreaAssembly.printedSaturationNoOmega_of_leastAreaLeaves' depends on axioms: [propext,
 Classical.choice,
 Quot.sound]
info: GroupApproximation/Manuscript/NonMF/TorsionFreeLeastAreaAssembly.lean:94:14: 'GroupApproximation.Manuscript.NonMF.TorsionFreeLeastAreaAssembly.manuscriptTorsionFreeTheorem_of_leastAreaLeaves' depends on axioms: [propext,
 Classical.choice,
 Quot.sound]
info: GroupApproximation/Manuscript/NonMF/TorsionFreeLeastAreaAssembly.lean:95:14: 'GroupApproximation.Manuscript.NonMF.TorsionFreeLeastAreaAssembly.manuscriptTorsionFreeFullMFRadical_of_leastAreaLeaves' depends on axioms: [propext,
 Classical.choice,
 Quot.sound]
info: GroupApproximation/Manuscript/NonMF/TorsionFreeLeastAreaAssembly.lean:96:14: 'GroupApproximation.Manuscript.NonMF.TorsionFreeLeastAreaAssembly.manuscriptRegularNonMFAlgebra_of_leastAreaLeaves' depends on axioms: [propext,
 Classical.choice,
 Quot.sound]
ℹ [10894/10967] Replayed GroupApproximation.Manuscript.NonMF.TorsionFreeOsinNotion
info: GroupApproximation/Manuscript/NonMF/TorsionFreeOsinNotion.lean:208:14: 'GroupApproximation.Manuscript.NonMF.TorsionFreeOsinNotion.printedTorsionFreeTheoremOsin_of_printed' depends on axioms: [propext,
 Classical.choice,
 Quot.sound]
info: GroupApproximation/Manuscript/NonMF/TorsionFreeOsinNotion.lean:209:14: 'GroupApproximation.Manuscript.NonMF.TorsionFreeOsinNotion.manuscriptTorsionFreeTheoremOsin_of_leastAreaLeaves' depends on axioms: [propext,
 Classical.choice,
 Quot.sound]
info: GroupApproximation/Manuscript/NonMF/TorsionFreeOsinNotion.lean:210:14: 'GroupApproximation.Manuscript.NonMF.TorsionFreeOsinNotion.printedHullSmallCancellationOsin_of_current' depends on axioms: [propext,
 Classical.choice,
 Quot.sound]
info: GroupApproximation/Manuscript/NonMF/TorsionFreeOsinNotion.lean:211:14: 'GroupApproximation.Manuscript.NonMF.TorsionFreeOsinNotion.manuscriptSentence_hullTheoremTorsionFreeOsin_of_leastAreaLeaves' depends on axioms: [propext,
 Classical.choice,
 Quot.sound]
info: GroupApproximation/Manuscript/NonMF/TorsionFreeOsinNotion.lean:212:14: 'GroupApproximation.Manuscript.NonMF.TorsionFreeOsinNotion.manuscriptSentence_hullGeneratingSetOsin' depends on axioms: [propext,
 Classical.choice,
 Quot.sound]
info: GroupApproximation/Manuscript/NonMF/TorsionFreeOsinNotion.lean:213:14: 'GroupApproximation.Manuscript.NonMF.TorsionFreeOsinNotion.printedSaturationOsin_of_noOmega' depends on axioms: [propext,
 Classical.choice,
 Quot.sound]
info: GroupApproximation/Manuscript/NonMF/TorsionFreeOsinNotion.lean:214:14: 'GroupApproximation.Manuscript.NonMF.TorsionFreeOsinNotion.manuscriptSaturationOsin_of_leastAreaLeaves' depends on axioms: [propext,
 Classical.choice,
 Quot.sound]
info: GroupApproximation/Manuscript/NonMF/TorsionFreeOsinNotion.lean:215:14: 'GroupApproximation.Manuscript.NonMF.TorsionFreeOsinNotion.printedRegularNonMFAlgebraOsin_of_printed' depends on axioms: [propext,
 Classical.choice,
 Quot.sound]
info: GroupApproximation/Manuscript/NonMF/TorsionFreeOsinNotion.lean:216:14: 'GroupApproximation.Manuscript.NonMF.TorsionFreeOsinNotion.manuscriptRegularNonMFAlgebraOsin_of_leastAreaLeaves' depends on axioms: [propext,
 Classical.choice,
 Quot.sound]
ℹ [10895/10967] Replayed GroupApproximation.Manuscript.NonMF.TorsionFreeLiteratureInputsLeastArea
info: GroupApproximation/Manuscript/NonMF/TorsionFreeLiteratureInputsLeastArea.lean:191:14: 'GroupApproximation.HullSC.hullCommonQuotient_of_leastAreaLeaves' depends on axioms: [propext,
 Classical.choice,
 Quot.sound]
info: GroupApproximation/Manuscript/NonMF/TorsionFreeLiteratureInputsLeastArea.lean:192:14: 'GroupApproximation.Manuscript.NonMF.TorsionFreeLiteratureInputsLeastArea.literatureInputs_of_leastAreaLeaves' depends on axioms: [propext,
 Classical.choice,
 Quot.sound]
info: GroupApproximation/Manuscript/NonMF/TorsionFreeLiteratureInputsLeastArea.lean:193:14: 'GroupApproximation.Manuscript.NonMF.TorsionFreeLiteratureInputsLeastArea.fournierFacioParagraph_of_leastAreaLeaves' depends on axioms: [propext,
 Classical.choice,
 Quot.sound]
info: GroupApproximation/Manuscript/NonMF/TorsionFreeLiteratureInputsLeastArea.lean:194:14: 'GroupApproximation.Manuscript.NonMF.TorsionFreeLiteratureInputsLeastArea.manuscriptTorsionFreeTheorem_of_hullLeaves' depends on axioms: [propext,
 Classical.choice,
 Quot.sound]
info: GroupApproximation/Manuscript/NonMF/TorsionFreeLiteratureInputsLeastArea.lean:195:14: 'GroupApproximation.Manuscript.NonMF.TorsionFreeLiteratureInputsLeastArea.manuscriptTorsionFreeFullMFRadical_of_hullLeaves' depends on axioms: [propext,
 Classical.choice,
 Quot.sound]
info: GroupApproximation/Manuscript/NonMF/TorsionFreeLiteratureInputsLeastArea.lean:196:14: 'GroupApproximation.Manuscript.NonMF.TorsionFreeLiteratureInputsLeastArea.manuscriptRegularNonMFAlgebra_of_hullLeaves' depends on axioms: [propext,
 Classical.choice,
 Quot.sound]
info: GroupApproximation/Manuscript/NonMF/TorsionFreeLiteratureInputsLeastArea.lean:197:14: 'GroupApproximation.Manuscript.NonMF.TorsionFreeLiteratureInputsLeastArea.manuscriptTorsionFreeTheoremOsin_of_hullLeaves' depends on axioms: [propext,
 Classical.choice,
 Quot.sound]
info: GroupApproximation/Manuscript/NonMF/TorsionFreeLiteratureInputsLeastArea.lean:198:14: 'GroupApproximation.Manuscript.NonMF.TorsionFreeLiteratureInputsLeastArea.manuscriptRegularNonMFAlgebraOsin_of_hullLeaves' depends on axioms: [propext,
 Classical.choice,
 Quot.sound]
ℹ [10896/10967] Replayed GroupApproximation.Kazhdan.KotowskiOllivierLeaves
info: GroupApproximation/Kazhdan/KotowskiOllivierLeaves.lean:180:14: 'GroupApproximation.KMSGroup.KotowskiOllivierLeaves.kotowskiOllivierStatement_of_leaves' depends on axioms: [propext,
 Classical.choice,
 Quot.sound]
info: GroupApproximation/Kazhdan/KotowskiOllivierLeaves.lean:181:14: 'GroupApproximation.Manuscript.NonMF.TorsionFreeKOLeaves.literatureInputs_of_leastAreaKOLeaves' depends on axioms: [propext,
 Classical.choice,
 Quot.sound]
info: GroupApproximation/Kazhdan/KotowskiOllivierLeaves.lean:182:14: 'GroupApproximation.Manuscript.NonMF.TorsionFreeKOLeaves.fournierFacioParagraph_of_leastAreaKOLeaves' depends on axioms: [propext,
 Classical.choice,
 Quot.sound]
info: GroupApproximation/Kazhdan/KotowskiOllivierLeaves.lean:183:14: 'GroupApproximation.Manuscript.NonMF.TorsionFreeKOLeaves.manuscriptTorsionFreeTheorem_of_hullKOLeaves' depends on axioms: [propext,
 Classical.choice,
 Quot.sound]
info: GroupApproximation/Kazhdan/KotowskiOllivierLeaves.lean:184:14: 'GroupApproximation.Manuscript.NonMF.TorsionFreeKOLeaves.manuscriptTorsionFreeFullMFRadical_of_hullKOLeaves' depends on axioms: [propext,
 Classical.choice,
 Quot.sound]
info: GroupApproximation/Kazhdan/KotowskiOllivierLeaves.lean:185:14: 'GroupApproximation.Manuscript.NonMF.TorsionFreeKOLeaves.manuscriptRegularNonMFAlgebra_of_hullKOLeaves' depends on axioms: [propext,
 Classical.choice,
 Quot.sound]
info: GroupApproximation/Kazhdan/KotowskiOllivierLeaves.lean:186:14: 'GroupApproximation.Manuscript.NonMF.TorsionFreeKOLeaves.manuscriptTorsionFreeTheoremOsin_of_hullKOLeaves' depends on axioms: [propext,
 Classical.choice,
 Quot.sound]
info: GroupApproximation/Kazhdan/KotowskiOllivierLeaves.lean:187:14: 'GroupApproximation.Manuscript.NonMF.TorsionFreeKOLeaves.manuscriptRegularNonMFAlgebraOsin_of_hullKOLeaves' depends on axioms: [propext,
 Classical.choice,
 Quot.sound]
ℹ [10919/10967] Replayed GroupApproximation.Manuscript.NonMF.TheoremCAssembly
info: GroupApproximation/Manuscript/NonMF/TheoremCAssembly.lean:135:21: 'GroupApproximation.Manuscript.NonMF.TorsionFree.dgoProposition414Uniform' depends on axioms: [propext,
 Classical.choice,
 Quot.sound]
info: GroupApproximation/Manuscript/NonMF/TheoremCAssembly.lean:136:21: 'GroupApproximation.Manuscript.NonMF.TorsionFree.dgoLemma421b' depends on axioms: [propext,
 Classical.choice,
 Quot.sound]
info: GroupApproximation/Manuscript/NonMF/TheoremCAssembly.lean:153:21: 'GroupApproximation.Manuscript.NonMF.TorsionFree.hullYiSuitablePairAvoidingFiniteOneSided' depends on axioms: [propext,
 Classical.choice,
 Quot.sound]
info: GroupApproximation/Manuscript/NonMF/TheoremCAssembly.lean:154:21: 'GroupApproximation.Manuscript.NonMF.TorsionFree.hullYiSuitableFiniteFamily' depends on axioms: [propext,
 Classical.choice,
 Quot.sound]
info: GroupApproximation/Manuscript/NonMF/TheoremCAssembly.lean:196:21: 'GroupApproximation.Manuscript.NonMF.TorsionFree.dgoTheorem53' depends on axioms: [propext,
 Classical.choice,
 Quot.sound]
info: GroupApproximation/Manuscript/NonMF/TheoremCAssembly.lean:197:21: 'GroupApproximation.Manuscript.NonMF.TorsionFree.relativeExteriorArcConversionAtWord' depends on axioms: [propext,
 Classical.choice,
 Quot.sound]
info: GroupApproximation/Manuscript/NonMF/TheoremCAssembly.lean:218:14: 'GroupApproximation.Manuscript.NonMF.TorsionFree.osinLemma71' depends on axioms: [propext, Classical.choice, Quot.sound]
info: GroupApproximation/Manuscript/NonMF/TheoremCAssembly.lean:267:14: 'GroupApproximation.Manuscript.NonMF.TorsionFree.hullTheorem71_of_leastAreaLeaves' depends on axioms: [propext,
 Classical.choice,
 Quot.sound]
info: GroupApproximation/Manuscript/NonMF/TheoremCAssembly.lean:268:14: 'GroupApproximation.Manuscript.NonMF.TorsionFree.hullInputs_of_leastAreaLeaves' depends on axioms: [propext,
 Classical.choice,
 Quot.sound]
info: GroupApproximation/Manuscript/NonMF/TheoremCAssembly.lean:316:21: 'GroupApproximation.Manuscript.NonMF.TheoremC.chiodo' depends on axioms: [propext, Classical.choice, Quot.sound]
info: GroupApproximation/Manuscript/NonMF/TheoremCAssembly.lean:317:21: 'GroupApproximation.Manuscript.NonMF.TheoremC.osinTheorem12' depends on axioms: [propext, Classical.choice, Quot.sound]
info: GroupApproximation/Manuscript/NonMF/TheoremCAssembly.lean:318:21: 'GroupApproximation.Manuscript.NonMF.TheoremC.minasyanOsin' depends on axioms: [propext, Classical.choice, Quot.sound]
info: GroupApproximation/Manuscript/NonMF/TheoremCAssembly.lean:319:21: 'GroupApproximation.Manuscript.NonMF.TheoremC.hullFreeProductUnionGeometry' depends on axioms: [propext,
 Classical.choice,
 Quot.sound]
info: GroupApproximation/Manuscript/NonMF/TheoremCAssembly.lean:356:14: 'GroupApproximation.Manuscript.NonMF.TheoremC.manuscriptTorsionFreeFullMFRadical_of_leastAreaInputs' depends on axioms: [propext,
 Classical.choice,
 Quot.sound]
info: GroupApproximation/Manuscript/NonMF/TheoremCAssembly.lean:357:14: 'GroupApproximation.Manuscript.NonMF.TheoremC.manuscriptTorsionFreeSimplified_of_leastAreaInputs' depends on axioms: [propext,
 Classical.choice,
 Quot.sound]
ℹ [10920/10967] Replayed GroupApproximation.Manuscript.MFRecognition.SeedFromTheoremC
info: GroupApproximation/Manuscript/MFRecognition/SeedFromTheoremC.lean:153:14: 'GroupApproximation.Manuscript.MFRecognition.SeedFromTheoremC.E_not_isOperatorMF' depends on axioms: [propext,
 Classical.choice,
 Quot.sound]
info: GroupApproximation/Manuscript/MFRecognition/SeedFromTheoremC.lean:154:14: 'GroupApproximation.Manuscript.MFRecognition.SeedFromTheoremC.not_isOperatorMF_seedCodeC' depends on axioms: [propext,
 Classical.choice,
 Quot.sound]
ℹ [10922/10967] Replayed GroupApproximation.Manuscript.MFRecognition.SeedRemarkTheoremC
info: GroupApproximation/Manuscript/MFRecognition/SeedRemarkTheoremC.lean:43:14: 'GroupApproximation.Manuscript.MFRecognition.Switch.seedCodeC_not_isOperatorMF' depends on axioms: [propext,
 Classical.choice,
 Quot.sound]
ℹ [10938/10967] Replayed GroupApproximation.Manuscript.NonMF.HullCitationSentences
info: GroupApproximation/Manuscript/NonMF/HullCitationSentences.lean:181:21: 'GroupApproximation.Manuscript.NonMF.HullCitationSentences.printedHullGeneratingSetLimitSet' depends on axioms: [propext,
 Classical.choice,
 Quot.sound]
info: GroupApproximation/Manuscript/NonMF/HullCitationSentences.lean:182:21: 'GroupApproximation.Manuscript.NonMF.HullCitationSentences.printedHullTheorem312LimitSet' depends on axioms: [propext,
 Classical.choice,
 Quot.sound]
info: GroupApproximation/Manuscript/NonMF/HullCitationSentences.lean:183:21: 'GroupApproximation.Manuscript.NonMF.HullCitationSentences.printedHullTheorem312Osin' depends on axioms: [propext,
 Classical.choice,
 Quot.sound]
info: GroupApproximation/Manuscript/NonMF/HullCitationSentences.lean:184:21: 'GroupApproximation.Manuscript.NonMF.HullCitationSentences.printedHullCorollary57' depends on axioms: [propext,
 Classical.choice,
 Quot.sound]
info: GroupApproximation/Manuscript/NonMF/HullCitationSentences.lean:185:21: 'GroupApproximation.Manuscript.NonMF.HullCitationSentences.printedSaturationHullPair' depends on axioms: [propext,
 Classical.choice,
 Quot.sound]
info: GroupApproximation/Manuscript/NonMF/HullCitationSentences.lean:186:14: 'GroupApproximation.Manuscript.NonMF.HullCitationSentences.manuscriptSentence_hullCommonQuotient_of_leastAreaLeaves' depends on axioms: [propext,
 Classical.choice,
 Quot.sound]
ℹ [10940/10967] Replayed GroupApproximation.Manuscript.NonMF.HullCorollary73
info: GroupApproximation/Manuscript/NonMF/HullCorollary73.lean:209:14: 'GroupApproximation.Manuscript.NonMF.HullCorollary73.isHypEmbeddedOf_merged' depends on axioms: [propext,
 Classical.choice,
 Quot.sound]
info: GroupApproximation/Manuscript/NonMF/HullCorollary73.lean:425:14: 'GroupApproximation.Manuscript.NonMF.HullCorollary73.printedHullCorollary73_of_tower' depends on axioms: [propext,
 Classical.choice,
 Quot.sound]
info: GroupApproximation/Manuscript/NonMF/HullCorollary73.lean:436:14: 'GroupApproximation.Manuscript.NonMF.HullCorollary73.printedHullCorollary73_of_leastAreaLeaves' depends on axioms: [propext,
 Classical.choice,
 Quot.sound]
info: GroupApproximation/Manuscript/NonMF/HullCorollary73.lean:447:14: 'GroupApproximation.Manuscript.NonMF.HullCorollary73.printedHullCorollary73_of_greendlinger' depends on axioms: [propext,
 Classical.choice,
 Quot.sound]
ℹ [10946/10967] Replayed GroupApproximation.Manuscript.NonMF.HullCorollary74
info: GroupApproximation/Manuscript/NonMF/HullCorollary74.lean:82:14: 'GroupApproximation.Manuscript.NonMF.HullCorollary74.exists_fin_generating_family' depends on axioms: [propext,
 Classical.choice,
 Quot.sound]
info: GroupApproximation/Manuscript/NonMF/HullCorollary74.lean:233:14: 'GroupApproximation.Manuscript.NonMF.HullCorollary74.exists_commonQuotient_of_hullGeneratingSet' depends on axioms: [propext,
 Classical.choice,
 Quot.sound]
info: GroupApproximation/Manuscript/NonMF/HullCorollary74.lean:290:14: 'GroupApproximation.Manuscript.NonMF.HullCorollary74.printedHullCorollary74_of_tower' depends on axioms: [propext,
 Classical.choice,
 Quot.sound]
info: GroupApproximation/Manuscript/NonMF/HullCorollary74.lean:301:14: 'GroupApproximation.Manuscript.NonMF.HullCorollary74.printedHullCorollary74_of_leastAreaLeaves' depends on axioms: [propext,
 Classical.choice,
 Quot.sound]
info: GroupApproximation/Manuscript/NonMF/HullCorollary74.lean:312:14: 'GroupApproximation.Manuscript.NonMF.HullCorollary74.printedHullCorollary74_of_greendlinger' depends on axioms: [propext,
 Classical.choice,
 Quot.sound]
ℹ [10975/11104] Replayed GroupApproximation.Manuscript.NonMF.TheoremCAssemblyKOLeaves
info: GroupApproximation/Manuscript/NonMF/TheoremCAssemblyKOLeaves.lean:95:14: 'GroupApproximation.Manuscript.NonMF.TheoremC.manuscriptTorsionFreeFullMFRadical_of_leastAreaKOLeaves' depends on axioms: [propext,
 Classical.choice,
 Quot.sound]
info: GroupApproximation/Manuscript/NonMF/TheoremCAssemblyKOLeaves.lean:96:14: 'GroupApproximation.Manuscript.NonMF.TheoremC.manuscriptTorsionFreeSimplified_of_leastAreaKOLeaves' depends on axioms: [propext,
 Classical.choice,
 Quot.sound]
info: GroupApproximation/Manuscript/NonMF/TheoremCAssemblyKOLeaves.lean:97:14: 'GroupApproximation.Manuscript.NonMF.TheoremC.manuscriptTorsionFreeFullMFRadical_of_leastAreaZipFold' depends on axioms: [propext,
 Classical.choice,
 Quot.sound]
info: GroupApproximation/Manuscript/NonMF/TheoremCAssemblyKOLeaves.lean:98:14: 'GroupApproximation.Manuscript.NonMF.TheoremC.manuscriptTorsionFreeSimplified_of_leastAreaZipFold' depends on axioms: [propext,
 Classical.choice,
 Quot.sound]
ℹ [10976/11104] Replayed GroupApproximation.Manuscript.NonMF.TheoremCAssemblyFoldLeaf
info: GroupApproximation/Manuscript/NonMF/TheoremCAssemblyFoldLeaf.lean:52:14: 'GroupApproximation.Manuscript.NonMF.TheoremC.manuscriptTorsionFreeFullMFRadical_of_leastAreaFold' depends on axioms: [propext,
 Classical.choice,
 Quot.sound]
info: GroupApproximation/Manuscript/NonMF/TheoremCAssemblyFoldLeaf.lean:53:14: 'GroupApproximation.Manuscript.NonMF.TheoremC.manuscriptTorsionFreeSimplified_of_leastAreaFold' depends on axioms: [propext,
 Classical.choice,
 Quot.sound]
ℹ [10977/11104] Replayed GroupApproximation.Manuscript.NonMF.TheoremCAssemblyGreendlingerLeaf
info: GroupApproximation/Manuscript/NonMF/TheoremCAssemblyGreendlingerLeaf.lean:49:14: 'GroupApproximation.Manuscript.NonMF.TheoremC.manuscriptTorsionFreeFullMFRadical_of_greendlinger' depends on axioms: [propext,
 Classical.choice,
 Quot.sound]
info: GroupApproximation/Manuscript/NonMF/TheoremCAssemblyGreendlingerLeaf.lean:50:14: 'GroupApproximation.Manuscript.NonMF.TheoremC.manuscriptTorsionFreeSimplified_of_greendlinger' depends on axioms: [propext,
 Classical.choice,
 Quot.sound]
ℹ [10980/11104] Replayed GroupApproximation.Manuscript.NonMF.TorsionFreeHullPrintedLeastArea
info: GroupApproximation/Manuscript/NonMF/TorsionFreeHullPrintedLeastArea.lean:88:14: 'GroupApproximation.Manuscript.NonMF.TorsionFreeHullPrintedLeastArea.manuscriptSentence_hullTheorem_of_leastAreaLeaves' depends on axioms: [propext,
 Classical.choice,
 Quot.sound]
info: GroupApproximation/Manuscript/NonMF/TorsionFreeHullPrintedLeastArea.lean:89:14: 'GroupApproximation.Manuscript.NonMF.TorsionFreeHullPrintedLeastArea.manuscriptSentence_hullTheoremOsin_of_leastAreaLeaves' depends on axioms: [propext,
 Classical.choice,
 Quot.sound]
info: GroupApproximation/Manuscript/NonMF/TorsionFreeHullPrintedLeastArea.lean:90:14: 'GroupApproximation.Manuscript.NonMF.TorsionFreeHullParagraphGeneral.manuscriptSentence_hullOneTargetOneRelatorGeneral_of_leastAreaLeaves' depends on axioms: [propext,
 Classical.choice,
 Quot.sound]
info: GroupApproximation/Manuscript/NonMF/TorsionFreeHullPrintedLeastArea.lean:91:14: 'GroupApproximation.Manuscript.NonMF.TorsionFreeHullParagraphGeneral.manuscriptSentence_hullInductionOnTargetsGeneral_of_leastAreaLeaves' depends on axioms: [propext,
 Classical.choice,
 Quot.sound]
ℹ [10981/11104] Replayed GroupApproximation.Manuscript.NonMF.TorsionFreeLimitSetNotion
info: GroupApproximation/Manuscript/NonMF/TorsionFreeLimitSetNotion.lean:205:14: 'GroupApproximation.Manuscript.NonMF.TorsionFreeLimitSetNotion.printedTorsionFreeTheoremLimitSet_of_printed' depends on axioms: [propext,
 Classical.choice,
 Quot.sound]
info: GroupApproximation/Manuscript/NonMF/TorsionFreeLimitSetNotion.lean:206:14: 'GroupApproximation.Manuscript.NonMF.TorsionFreeLimitSetNotion.manuscriptSentence_hullGeneratingSetLimitSet' depends on axioms: [propext,
 Classical.choice,
 Quot.sound]
info: GroupApproximation/Manuscript/NonMF/TorsionFreeLimitSetNotion.lean:207:14: 'GroupApproximation.Manuscript.NonMF.TorsionFreeLimitSetNotion.printedHullSmallCancellationLimitSet_of_current' depends on axioms: [propext,
 Classical.choice,
 Quot.sound]
info: GroupApproximation/Manuscript/NonMF/TorsionFreeLimitSetNotion.lean:208:14: 'GroupApproximation.Manuscript.NonMF.TorsionFreeLimitSetNotion.printedSaturationLimitSet_of_noOmega' depends on axioms: [propext,
 Classical.choice,
 Quot.sound]
info: GroupApproximation/Manuscript/NonMF/TorsionFreeLimitSetNotion.lean:209:14: 'GroupApproximation.Manuscript.NonMF.TorsionFreeLimitSetNotion.printedRegularNonMFAlgebraLimitSet_of_printed' depends on axioms: [propext,
 Classical.choice,
 Quot.sound]
info: GroupApproximation/Manuscript/NonMF/TorsionFreeLimitSetNotion.lean:210:14: 'GroupApproximation.Manuscript.NonMF.TorsionFreeLimitSetEndpoints.manuscriptHullTheoremLimitSet_of_leastAreaLeaves' depends on axioms: [propext,
 Classical.choice,
 Quot.sound]
info: GroupApproximation/Manuscript/NonMF/TorsionFreeLimitSetNotion.lean:211:14: 'GroupApproximation.Manuscript.NonMF.TorsionFreeLimitSetEndpoints.manuscriptSaturationLimitSet_of_leastAreaLeaves' depends on axioms: [propext,
 Classical.choice,
 Quot.sound]
ℹ [10982/11104] Replayed GroupApproximation.Manuscript.NonMF.TorsionFreeLimitSetEndpoints
info: GroupApproximation/Manuscript/NonMF/TorsionFreeLimitSetEndpoints.lean:72:14: 'GroupApproximation.Manuscript.NonMF.TorsionFreeLimitSetEndpoints.manuscriptTorsionFreeTheoremLimitSet_of_hullLeaves' depends on axioms: [propext,
 Classical.choice,
 Quot.sound]
info: GroupApproximation/Manuscript/NonMF/TorsionFreeLimitSetEndpoints.lean:73:14: 'GroupApproximation.Manuscript.NonMF.TorsionFreeLimitSetEndpoints.manuscriptRegularNonMFAlgebraLimitSet_of_hullLeaves' depends on axioms: [propext,
 Classical.choice,
 Quot.sound]
ℹ [11092/11165] Replayed GroupApproximation.Manuscript.NonMF.TorsionFreeSectionAssembly
info: GroupApproximation/Manuscript/NonMF/TorsionFreeSectionAssembly.lean:80:21: 'GroupApproximation.Manuscript.NonMF.TorsionFreeSectionAssembly.simpleUniqueTraceAtHypEmbedded_closed' depends on axioms: [propext,
 Classical.choice,
 Quot.sound]
info: GroupApproximation/Manuscript/NonMF/TorsionFreeSectionAssembly.lean:81:14: 'GroupApproximation.Manuscript.NonMF.TorsionFreeSectionAssembly.manuscriptRegularNonMFAlgebra_of_hullLeaves' depends on axioms: [propext,
 Classical.choice,
 Quot.sound]
info: GroupApproximation/Manuscript/NonMF/TorsionFreeSectionAssembly.lean:82:14: 'GroupApproximation.Manuscript.NonMF.TorsionFreeSectionAssembly.manuscriptRegularNonMFAlgebraOsin_of_hullLeaves' depends on axioms: [propext,
 Classical.choice,
 Quot.sound]
info: GroupApproximation/Manuscript/NonMF/TorsionFreeSectionAssembly.lean:83:14: 'GroupApproximation.Manuscript.NonMF.TorsionFreeSectionAssembly.manuscriptRegularNonMFAlgebraLimitSet_of_hullLeaves' depends on axioms: [propext,
 Classical.choice,
 Quot.sound]
ℹ [11094/11165] Replayed GroupApproximation.Manuscript.NonMF.TorsionFreeSectionAssemblyClosedGO
info: GroupApproximation/Manuscript/NonMF/TorsionFreeSectionAssemblyClosedGO.lean:142:14: 'GroupApproximation.Manuscript.NonMF.TorsionFreeSectionAssembly.manuscriptRegularNonMFAlgebra_closedCitations' depends on axioms: [propext,
 Classical.choice,
 Quot.sound]
info: GroupApproximation/Manuscript/NonMF/TorsionFreeSectionAssemblyClosedGO.lean:143:14: 'GroupApproximation.Manuscript.NonMF.TorsionFreeSectionAssembly.manuscriptRegularNonMFAlgebra_of_saturationNoOmega_closedCitations' depends on axioms: [propext,
 Classical.choice,
 Quot.sound]
info: GroupApproximation/Manuscript/NonMF/TorsionFreeSectionAssemblyClosedGO.lean:144:14: 'GroupApproximation.Manuscript.NonMF.TorsionFreeSectionAssembly.manuscriptRegularNonMFAlgebra_of_leaves_closedCitations' depends on axioms: [propext,
 Classical.choice,
 Quot.sound]
info: GroupApproximation/Manuscript/NonMF/TorsionFreeSectionAssemblyClosedGO.lean:145:14: 'GroupApproximation.Manuscript.NonMF.TorsionFreeSectionAssembly.manuscriptRegularNonMFAlgebra_of_leastAreaLeaves_closedCitations' depends on axioms: [propext,
 Classical.choice,
 Quot.sound]
info: GroupApproximation/Manuscript/NonMF/TorsionFreeSectionAssemblyClosedGO.lean:146:14: 'GroupApproximation.Manuscript.NonMF.TorsionFreeSectionAssembly.manuscriptRegularNonMFAlgebraOsin_of_leastAreaLeaves_closedCitations' depends on axioms: [propext,
 Classical.choice,
 Quot.sound]
info: GroupApproximation/Manuscript/NonMF/TorsionFreeSectionAssemblyClosedGO.lean:147:14: 'GroupApproximation.Manuscript.NonMF.TorsionFreeSectionAssembly.manuscriptRegularNonMFAlgebra_of_hullLeaves_closedGO' depends on axioms: [propext,
 Classical.choice,
 Quot.sound]
info: GroupApproximation/Manuscript/NonMF/TorsionFreeSectionAssemblyClosedGO.lean:148:14: 'GroupApproximation.Manuscript.NonMF.TorsionFreeSectionAssembly.manuscriptRegularNonMFAlgebraOsin_of_hullLeaves_closedGO' depends on axioms: [propext,
 Classical.choice,
 Quot.sound]
info: GroupApproximation/Manuscript/NonMF/TorsionFreeSectionAssemblyClosedGO.lean:149:14: 'GroupApproximation.Manuscript.NonMF.TorsionFreeSectionAssembly.manuscriptRegularNonMFAlgebraLimitSet_of_hullLeaves_closedGO' depends on axioms: [propext,
 Classical.choice,
 Quot.sound]
ℹ [11095/11165] Replayed GroupApproximation.Manuscript.NonMF.TorsionFreeFourLeaves
info: GroupApproximation/Manuscript/NonMF/TorsionFreeFourLeaves.lean:305:14: 'GroupApproximation.Manuscript.NonMF.TorsionFreeFourLeaves.printedHullTheorem_of_fourLeaves' depends on axioms: [propext,
 Classical.choice,
 Quot.sound]
info: GroupApproximation/Manuscript/NonMF/TorsionFreeFourLeaves.lean:306:14: 'GroupApproximation.Manuscript.NonMF.TorsionFreeFourLeaves.printedHullTheoremOsin_of_fourLeaves' depends on axioms: [propext,
 Classical.choice,
 Quot.sound]
info: GroupApproximation/Manuscript/NonMF/TorsionFreeFourLeaves.lean:307:14: 'GroupApproximation.Manuscript.NonMF.TorsionFreeFourLeaves.printedHullTheoremLimitSet_of_fourLeaves' depends on axioms: [propext,
 Classical.choice,
 Quot.sound]
info: GroupApproximation/Manuscript/NonMF/TorsionFreeFourLeaves.lean:308:14: 'GroupApproximation.Manuscript.NonMF.TorsionFreeFourLeaves.hullSmallCancellationTorsionFreePrinted_of_fourLeaves' depends on axioms: [propext,
 Classical.choice,
 Quot.sound]
info: GroupApproximation/Manuscript/NonMF/TorsionFreeFourLeaves.lean:309:14: 'GroupApproximation.Manuscript.NonMF.TorsionFreeFourLeaves.printedSaturation_of_fourLeaves' depends on axioms: [propext,
 Classical.choice,
 Quot.sound]
info: GroupApproximation/Manuscript/NonMF/TorsionFreeFourLeaves.lean:310:14: 'GroupApproximation.Manuscript.NonMF.TorsionFreeFourLeaves.printedSaturationOsin_of_fourLeaves' depends on axioms: [propext,
 Classical.choice,
 Quot.sound]
info: GroupApproximation/Manuscript/NonMF/TorsionFreeFourLeaves.lean:311:14: 'GroupApproximation.Manuscript.NonMF.TorsionFreeFourLeaves.printedSaturationLimitSet_of_fourLeaves' depends on axioms: [propext,
 Classical.choice,
 Quot.sound]
info: GroupApproximation/Manuscript/NonMF/TorsionFreeFourLeaves.lean:312:14: 'GroupApproximation.Manuscript.NonMF.TorsionFreeFourLeaves.hullCommonQuotient_of_fourLeaves' depends on axioms: [propext,
 Classical.choice,
 Quot.sound]
info: GroupApproximation/Manuscript/NonMF/TorsionFreeFourLeaves.lean:313:14: 'GroupApproximation.Manuscript.NonMF.TorsionFreeFourLeaves.fournierFacioQuotient_of_fourLeaves' depends on axioms: [propext,
 Classical.choice,
 Quot.sound]
info: GroupApproximation/Manuscript/NonMF/TorsionFreeFourLeaves.lean:314:14: 'GroupApproximation.Manuscript.NonMF.TorsionFreeFourLeaves.literatureInputs_of_fourLeaves' depends on axioms: [propext,
 Classical.choice,
 Quot.sound]
info: GroupApproximation/Manuscript/NonMF/TorsionFreeFourLeaves.lean:315:14: 'GroupApproximation.Manuscript.NonMF.TorsionFreeFourLeaves.configuration_of_fourLeaves' depends on axioms: [propext,
 Classical.choice,
 Quot.sound]
info: GroupApproximation/Manuscript/NonMF/TorsionFreeFourLeaves.lean:316:14: 'GroupApproximation.Manuscript.NonMF.TorsionFreeFourLeaves.fournierFacioParagraph_of_fourLeaves' depends on axioms: [propext,
 Classical.choice,
 Quot.sound]
info: GroupApproximation/Manuscript/NonMF/TorsionFreeFourLeaves.lean:317:14: 'GroupApproximation.Manuscript.NonMF.TorsionFreeFourLeaves.printedTorsionFreeTheorem_of_fourLeaves' depends on axioms: [propext,
 Classical.choice,
 Quot.sound]
info: GroupApproximation/Manuscript/NonMF/TorsionFreeFourLeaves.lean:318:14: 'GroupApproximation.Manuscript.NonMF.TorsionFreeFourLeaves.printedTorsionFreeFullMFRadical_of_fourLeaves' depends on axioms: [propext,
 Classical.choice,
 Quot.sound]
info: GroupApproximation/Manuscript/NonMF/TorsionFreeFourLeaves.lean:319:14: 'GroupApproximation.Manuscript.NonMF.TorsionFreeFourLeaves.printedTorsionFreeTheoremOsin_of_fourLeaves' depends on axioms: [propext,
 Classical.choice,
 Quot.sound]
info: GroupApproximation/Manuscript/NonMF/TorsionFreeFourLeaves.lean:320:14: 'GroupApproximation.Manuscript.NonMF.TorsionFreeFourLeaves.printedTorsionFreeTheoremLimitSet_of_fourLeaves' depends on axioms: [propext,
 Classical.choice,
 Quot.sound]
info: GroupApproximation/Manuscript/NonMF/TorsionFreeFourLeaves.lean:321:14: 'GroupApproximation.Manuscript.NonMF.TorsionFreeFourLeaves.printedRegularNonMFAlgebra_of_fourLeaves' depends on axioms: [propext,
 Classical.choice,
 Quot.sound]
info: GroupApproximation/Manuscript/NonMF/TorsionFreeFourLeaves.lean:322:14: 'GroupApproximation.Manuscript.NonMF.TorsionFreeFourLeaves.printedRegularNonMFAlgebraOsin_of_fourLeaves' depends on axioms: [propext,
 Classical.choice,
 Quot.sound]
info: GroupApproximation/Manuscript/NonMF/TorsionFreeFourLeaves.lean:323:14: 'GroupApproximation.Manuscript.NonMF.TorsionFreeFourLeaves.printedRegularNonMFAlgebraLimitSet_of_fourLeaves' depends on axioms: [propext,
 Classical.choice,
 Quot.sound]
ℹ [11157/11165] Replayed GroupApproximation.Manuscript.NonMF.TorsionFreeGreendlingerForms
info: GroupApproximation/Manuscript/NonMF/TorsionFreeGreendlingerForms.lean:229:14: 'GroupApproximation.Manuscript.NonMF.TorsionFreeGreendlingerForms.fournierFacioQuotientStatement_of_greendlinger' depends on axioms: [propext,
 Classical.choice,
 Quot.sound]
info: GroupApproximation/Manuscript/NonMF/TorsionFreeGreendlingerForms.lean:230:14: 'GroupApproximation.Manuscript.NonMF.TorsionFreeGreendlingerForms.hullCommonQuotient_of_greendlinger' depends on axioms: [propext,
 Classical.choice,
 Quot.sound]
info: GroupApproximation/Manuscript/NonMF/TorsionFreeGreendlingerForms.lean:231:14: 'GroupApproximation.Manuscript.NonMF.TorsionFreeGreendlingerForms.literatureInputs_of_greendlinger' depends on axioms: [propext,
 Classical.choice,
 Quot.sound]
info: GroupApproximation/Manuscript/NonMF/TorsionFreeGreendlingerForms.lean:232:14: 'GroupApproximation.Manuscript.NonMF.TorsionFreeGreendlingerForms.fournierFacioParagraph_of_greendlinger' depends on axioms: [propext,
 Classical.choice,
 Quot.sound]
info: GroupApproximation/Manuscript/NonMF/TorsionFreeGreendlingerForms.lean:233:14: 'GroupApproximation.Manuscript.NonMF.TorsionFreeGreendlingerForms.manuscriptSentence_hullTheorem_of_greendlinger' depends on axioms: [propext,
 Classical.choice,
 Quot.sound]
info: GroupApproximation/Manuscript/NonMF/TorsionFreeGreendlingerForms.lean:234:14: 'GroupApproximation.Manuscript.NonMF.TorsionFreeGreendlingerForms.manuscriptSentence_hullTheoremOsin_of_greendlinger' depends on axioms: [propext,
 Classical.choice,
 Quot.sound]
info: GroupApproximation/Manuscript/NonMF/TorsionFreeGreendlingerForms.lean:235:14: 'GroupApproximation.Manuscript.NonMF.TorsionFreeGreendlingerForms.manuscriptHullTheoremLimitSet_of_greendlinger' depends on axioms: [propext,
 Classical.choice,
 Quot.sound]
info: GroupApproximation/Manuscript/NonMF/TorsionFreeGreendlingerForms.lean:236:14: 'GroupApproximation.Manuscript.NonMF.TorsionFreeGreendlingerForms.hullSmallCancellationTorsionFreePrinted_of_greendlinger' depends on axioms: [propext,
 Classical.choice,
 Quot.sound]
info: GroupApproximation/Manuscript/NonMF/TorsionFreeGreendlingerForms.lean:237:14: 'GroupApproximation.Manuscript.NonMF.TorsionFreeGreendlingerForms.printedSaturationNoOmega_of_greendlinger' depends on axioms: [propext,
 Classical.choice,
 Quot.sound]
info: GroupApproximation/Manuscript/NonMF/TorsionFreeGreendlingerForms.lean:238:14: 'GroupApproximation.Manuscript.NonMF.TorsionFreeGreendlingerForms.manuscriptSaturationOsin_of_greendlinger' depends on axioms: [propext,
 Classical.choice,
 Quot.sound]
info: GroupApproximation/Manuscript/NonMF/TorsionFreeGreendlingerForms.lean:239:14: 'GroupApproximation.Manuscript.NonMF.TorsionFreeGreendlingerForms.manuscriptSaturationLimitSet_of_greendlinger' depends on axioms: [propext,
 Classical.choice,
 Quot.sound]
info: GroupApproximation/Manuscript/NonMF/TorsionFreeGreendlingerForms.lean:240:14: 'GroupApproximation.Manuscript.NonMF.TorsionFreeGreendlingerForms.manuscriptTorsionFreeTheorem_of_greendlinger' depends on axioms: [propext,
 Classical.choice,
 Quot.sound]
info: GroupApproximation/Manuscript/NonMF/TorsionFreeGreendlingerForms.lean:241:14: 'GroupApproximation.Manuscript.NonMF.TorsionFreeGreendlingerForms.manuscriptTorsionFreeTheoremOsin_of_greendlinger' depends on axioms: [propext,
 Classical.choice,
 Quot.sound]
info: GroupApproximation/Manuscript/NonMF/TorsionFreeGreendlingerForms.lean:242:14: 'GroupApproximation.Manuscript.NonMF.TorsionFreeGreendlingerForms.manuscriptTorsionFreeTheoremLimitSet_of_greendlinger' depends on axioms: [propext,
 Classical.choice,
 Quot.sound]
info: GroupApproximation/Manuscript/NonMF/TorsionFreeGreendlingerForms.lean:243:14: 'GroupApproximation.Manuscript.NonMF.TorsionFreeGreendlingerForms.manuscriptRegularNonMFAlgebra_of_greendlinger' depends on axioms: [propext,
 Classical.choice,
 Quot.sound]
info: GroupApproximation/Manuscript/NonMF/TorsionFreeGreendlingerForms.lean:244:14: 'GroupApproximation.Manuscript.NonMF.TorsionFreeGreendlingerForms.manuscriptRegularNonMFAlgebraOsin_of_greendlinger' depends on axioms: [propext,
 Classical.choice,
 Quot.sound]
info: GroupApproximation/Manuscript/NonMF/TorsionFreeGreendlingerForms.lean:245:14: 'GroupApproximation.Manuscript.NonMF.TorsionFreeGreendlingerForms.manuscriptRegularNonMFAlgebraLimitSet_of_greendlinger' depends on axioms: [propext,
 Classical.choice,
 Quot.sound]
ℹ [11159/11165] Replayed GroupApproximation.Manuscript.NonMF.TorsionFreeSectionSentencesLeastArea
info: GroupApproximation/Manuscript/NonMF/TorsionFreeSectionSentencesLeastArea.lean:90:14: 'GroupApproximation.Manuscript.NonMF.TorsionFreeSectionSentencesLeastArea.manuscriptSentence_saturationPairAndHullAgain_of_leastAreaLeaves' depends on axioms: [propext,
 Classical.choice,
 Quot.sound]
info: GroupApproximation/Manuscript/NonMF/TorsionFreeSectionSentencesLeastArea.lean:91:14: 'GroupApproximation.Manuscript.NonMF.TorsionFreeSectionSentencesLeastArea.manuscriptSentence_saturationApplyHullNoOmega_of_leastAreaLeaves' depends on axioms: [propext,
 Classical.choice,
 Quot.sound]
info: GroupApproximation/Manuscript/NonMF/TorsionFreeSectionSentencesLeastArea.lean:92:14: 'GroupApproximation.Manuscript.NonMF.TorsionFreeSectionSentencesLeastArea.manuscriptSentence_theoremApplySaturationNoOmega_of_leastAreaLeaves' depends on axioms: [propext,
 Classical.choice,
 Quot.sound]
ℹ [11160/11165] Replayed GroupApproximation.Manuscript.NonMF.TorsionFreeSectionSentencesFourLeaves
info: GroupApproximation/Manuscript/NonMF/TorsionFreeSectionSentencesFourLeaves.lean:229:14: 'GroupApproximation.Manuscript.NonMF.TorsionFreeSectionSentencesFourLeaves.printedHullProofParagraph_of_fourLeaves' depends on axioms: [propext,
 Classical.choice,
 Quot.sound]
info: GroupApproximation/Manuscript/NonMF/TorsionFreeSectionSentencesFourLeaves.lean:230:14: 'GroupApproximation.Manuscript.NonMF.TorsionFreeSectionSentencesFourLeaves.printedSaturationPairAndHullAgain_of_fourLeaves' depends on axioms: [propext,
 Classical.choice,
 Quot.sound]
info: GroupApproximation/Manuscript/NonMF/TorsionFreeSectionSentencesFourLeaves.lean:231:14: 'GroupApproximation.Manuscript.NonMF.TorsionFreeSectionSentencesFourLeaves.printedSaturationApplyHull_of_fourLeaves' depends on axioms: [propext,
 Classical.choice,
 Quot.sound]
info: GroupApproximation/Manuscript/NonMF/TorsionFreeSectionSentencesFourLeaves.lean:232:14: 'GroupApproximation.Manuscript.NonMF.TorsionFreeSectionSentencesFourLeaves.printedTheoremApplySaturation_of_fourLeaves' depends on axioms: [propext,
 Classical.choice,
 Quot.sound]
ℹ [11161/11165] Replayed GroupApproximation.Manuscript.NonMF.TorsionFreeGreendlingerLeaf
info: GroupApproximation/Manuscript/NonMF/TorsionFreeGreendlingerLeaf.lean:263:14: 'GroupApproximation.Manuscript.NonMF.TorsionFreeGreendlingerLeaf.printedHullTheorem_of_greendlinger' depends on axioms: [propext,
 Classical.choice,
 Quot.sound]
info: GroupApproximation/Manuscript/NonMF/TorsionFreeGreendlingerLeaf.lean:264:14: 'GroupApproximation.Manuscript.NonMF.TorsionFreeGreendlingerLeaf.printedHullTheoremOsin_of_greendlinger' depends on axioms: [propext,
 Classical.choice,
 Quot.sound]
info: GroupApproximation/Manuscript/NonMF/TorsionFreeGreendlingerLeaf.lean:265:14: 'GroupApproximation.Manuscript.NonMF.TorsionFreeGreendlingerLeaf.printedHullTheoremLimitSet_of_greendlinger' depends on axioms: [propext,
 Classical.choice,
 Quot.sound]
info: GroupApproximation/Manuscript/NonMF/TorsionFreeGreendlingerLeaf.lean:266:14: 'GroupApproximation.Manuscript.NonMF.TorsionFreeGreendlingerLeaf.hullSmallCancellationTorsionFreePrinted_of_greendlinger' depends on axioms: [propext,
 Classical.choice,
 Quot.sound]
info: GroupApproximation/Manuscript/NonMF/TorsionFreeGreendlingerLeaf.lean:267:14: 'GroupApproximation.Manuscript.NonMF.TorsionFreeGreendlingerLeaf.printedSaturation_of_greendlinger' depends on axioms: [propext,
 Classical.choice,
 Quot.sound]
info: GroupApproximation/Manuscript/NonMF/TorsionFreeGreendlingerLeaf.lean:268:14: 'GroupApproximation.Manuscript.NonMF.TorsionFreeGreendlingerLeaf.printedSaturationOsin_of_greendlinger' depends on axioms: [propext,
 Classical.choice,
 Quot.sound]
info: GroupApproximation/Manuscript/NonMF/TorsionFreeGreendlingerLeaf.lean:269:14: 'GroupApproximation.Manuscript.NonMF.TorsionFreeGreendlingerLeaf.printedSaturationLimitSet_of_greendlinger' depends on axioms: [propext,
 Classical.choice,
 Quot.sound]
info: GroupApproximation/Manuscript/NonMF/TorsionFreeGreendlingerLeaf.lean:270:14: 'GroupApproximation.Manuscript.NonMF.TorsionFreeGreendlingerLeaf.hullCommonQuotient_of_greendlinger' depends on axioms: [propext,
 Classical.choice,
 Quot.sound]
info: GroupApproximation/Manuscript/NonMF/TorsionFreeGreendlingerLeaf.lean:271:14: 'GroupApproximation.Manuscript.NonMF.TorsionFreeGreendlingerLeaf.fournierFacioQuotient_of_greendlinger' depends on axioms: [propext,
 Classical.choice,
 Quot.sound]
info: GroupApproximation/Manuscript/NonMF/TorsionFreeGreendlingerLeaf.lean:272:14: 'GroupApproximation.Manuscript.NonMF.TorsionFreeGreendlingerLeaf.literatureInputs_of_greendlinger' depends on axioms: [propext,
 Classical.choice,
 Quot.sound]
info: GroupApproximation/Manuscript/NonMF/TorsionFreeGreendlingerLeaf.lean:273:14: 'GroupApproximation.Manuscript.NonMF.TorsionFreeGreendlingerLeaf.configuration_of_greendlinger' depends on axioms: [propext,
 Classical.choice,
 Quot.sound]
info: GroupApproximation/Manuscript/NonMF/TorsionFreeGreendlingerLeaf.lean:274:14: 'GroupApproximation.Manuscript.NonMF.TorsionFreeGreendlingerLeaf.fournierFacioParagraph_of_greendlinger' depends on axioms: [propext,
 Classical.choice,
 Quot.sound]
info: GroupApproximation/Manuscript/NonMF/TorsionFreeGreendlingerLeaf.lean:275:14: 'GroupApproximation.Manuscript.NonMF.TorsionFreeGreendlingerLeaf.printedTorsionFreeTheorem_of_greendlinger' depends on axioms: [propext,
 Classical.choice,
 Quot.sound]
info: GroupApproximation/Manuscript/NonMF/TorsionFreeGreendlingerLeaf.lean:276:14: 'GroupApproximation.Manuscript.NonMF.TorsionFreeGreendlingerLeaf.printedTorsionFreeFullMFRadical_of_greendlinger' depends on axioms: [propext,
 Classical.choice,
 Quot.sound]
info: GroupApproximation/Manuscript/NonMF/TorsionFreeGreendlingerLeaf.lean:277:14: 'GroupApproximation.Manuscript.NonMF.TorsionFreeGreendlingerLeaf.printedTorsionFreeTheoremOsin_of_greendlinger' depends on axioms: [propext,
 Classical.choice,
 Quot.sound]
info: GroupApproximation/Manuscript/NonMF/TorsionFreeGreendlingerLeaf.lean:278:14: 'GroupApproximation.Manuscript.NonMF.TorsionFreeGreendlingerLeaf.printedTorsionFreeTheoremLimitSet_of_greendlinger' depends on axioms: [propext,
 Classical.choice,
 Quot.sound]
info: GroupApproximation/Manuscript/NonMF/TorsionFreeGreendlingerLeaf.lean:279:14: 'GroupApproximation.Manuscript.NonMF.TorsionFreeGreendlingerLeaf.printedRegularNonMFAlgebra_of_greendlinger' depends on axioms: [propext,
 Classical.choice,
 Quot.sound]
info: GroupApproximation/Manuscript/NonMF/TorsionFreeGreendlingerLeaf.lean:280:14: 'GroupApproximation.Manuscript.NonMF.TorsionFreeGreendlingerLeaf.printedRegularNonMFAlgebraOsin_of_greendlinger' depends on axioms: [propext,
 Classical.choice,
 Quot.sound]
info: GroupApproximation/Manuscript/NonMF/TorsionFreeGreendlingerLeaf.lean:281:14: 'GroupApproximation.Manuscript.NonMF.TorsionFreeGreendlingerLeaf.printedRegularNonMFAlgebraLimitSet_of_greendlinger' depends on axioms: [propext,
 Classical.choice,
 Quot.sound]
info: GroupApproximation/Manuscript/NonMF/TorsionFreeGreendlingerLeaf.lean:282:14: 'GroupApproximation.Manuscript.NonMF.TorsionFreeGreendlingerLeaf.printedHullProofParagraph_of_greendlinger' depends on axioms: [propext,
 Classical.choice,
 Quot.sound]
info: GroupApproximation/Manuscript/NonMF/TorsionFreeGreendlingerLeaf.lean:283:14: 'GroupApproximation.Manuscript.NonMF.TorsionFreeGreendlingerLeaf.printedSaturationPairAndHullAgain_of_greendlinger' depends on axioms: [propext,
 Classical.choice,
 Quot.sound]
info: GroupApproximation/Manuscript/NonMF/TorsionFreeGreendlingerLeaf.lean:284:14: 'GroupApproximation.Manuscript.NonMF.TorsionFreeGreendlingerLeaf.printedSaturationApplyHull_of_greendlinger' depends on axioms: [propext,
 Classical.choice,
 Quot.sound]
info: GroupApproximation/Manuscript/NonMF/TorsionFreeGreendlingerLeaf.lean:285:14: 'GroupApproximation.Manuscript.NonMF.TorsionFreeGreendlingerLeaf.printedTheoremApplySaturation_of_greendlinger' depends on axioms: [propext,
 Classical.choice,
 Quot.sound]
ℹ [11162/11165] Replayed GroupApproximation.Manuscript.NonMF.TorsionFreeGreendlingerSentences
info: GroupApproximation/Manuscript/NonMF/TorsionFreeGreendlingerSentences.lean:152:14: 'GroupApproximation.Manuscript.NonMF.TorsionFreeGreendlingerSentences.manuscriptSentence_hullOneTargetOneRelatorGeneral_of_greendlinger' depends on axioms: [propext,
 Classical.choice,
 Quot.sound]
info: GroupApproximation/Manuscript/NonMF/TorsionFreeGreendlingerSentences.lean:153:14: 'GroupApproximation.Manuscript.NonMF.TorsionFreeGreendlingerSentences.manuscriptSentence_hullInductionOnTargetsGeneral_of_greendlinger' depends on axioms: [propext,
 Classical.choice,
 Quot.sound]
info: GroupApproximation/Manuscript/NonMF/TorsionFreeGreendlingerSentences.lean:154:14: 'GroupApproximation.Manuscript.NonMF.TorsionFreeGreendlingerSentences.manuscriptSentence_hullTheoremTorsionFreeOsin_of_greendlinger' depends on axioms: [propext,
 Classical.choice,
 Quot.sound]
info: GroupApproximation/Manuscript/NonMF/TorsionFreeGreendlingerSentences.lean:155:14: 'GroupApproximation.Manuscript.NonMF.TorsionFreeGreendlingerSentences.manuscriptSentence_saturationPairAndHullAgain_of_greendlinger' depends on axioms: [propext,
 Classical.choice,
 Quot.sound]
info: GroupApproximation/Manuscript/NonMF/TorsionFreeGreendlingerSentences.lean:156:14: 'GroupApproximation.Manuscript.NonMF.TorsionFreeGreendlingerSentences.manuscriptSentence_saturationApplyHullNoOmega_of_greendlinger' depends on axioms: [propext,
 Classical.choice,
 Quot.sound]
info: GroupApproximation/Manuscript/NonMF/TorsionFreeGreendlingerSentences.lean:157:14: 'GroupApproximation.Manuscript.NonMF.TorsionFreeGreendlingerSentences.manuscriptSentence_theoremApplySaturationNoOmega_of_greendlinger' depends on axioms: [propext,
 Classical.choice,
 Quot.sound]
info: GroupApproximation/Manuscript/NonMF/TorsionFreeGreendlingerSentences.lean:158:14: 'GroupApproximation.Manuscript.NonMF.TorsionFreeGreendlingerSentences.manuscriptSentence_hullCommonQuotient_of_greendlinger' depends on axioms: [propext,
 Classical.choice,
 Quot.sound]
ℹ [11163/11165] Replayed GroupApproximation.Manuscript.NonMF.TorsionFreeKOLeaves
info: GroupApproximation/Manuscript/NonMF/TorsionFreeKOLeaves.lean:144:14: 'GroupApproximation.Manuscript.NonMF.TorsionFreeKOLeaves.literatureInputs_of_leastAreaFixedCliqueHyp' depends on axioms: [propext,
 Classical.choice,
 Quot.sound]
info: GroupApproximation/Manuscript/NonMF/TorsionFreeKOLeaves.lean:145:14: 'GroupApproximation.Manuscript.NonMF.TorsionFreeKOLeaves.fournierFacioParagraph_of_leastAreaFixedCliqueHyp' depends on axioms: [propext,
 Classical.choice,
 Quot.sound]
info: GroupApproximation/Manuscript/NonMF/TorsionFreeKOLeaves.lean:146:14: 'GroupApproximation.Manuscript.NonMF.TorsionFreeKOLeaves.manuscriptTorsionFreeTheorem_of_hullFixedCliqueHyp' depends on axioms: [propext,
 Classical.choice,
 Quot.sound]
info: GroupApproximation/Manuscript/NonMF/TorsionFreeKOLeaves.lean:147:14: 'GroupApproximation.Manuscript.NonMF.TorsionFreeKOLeaves.manuscriptTorsionFreeFullMFRadical_of_hullFixedCliqueHyp' depends on axioms: [propext,
 Classical.choice,
 Quot.sound]
info: GroupApproximation/Manuscript/NonMF/TorsionFreeKOLeaves.lean:148:14: 'GroupApproximation.Manuscript.NonMF.TorsionFreeKOLeaves.manuscriptRegularNonMFAlgebra_of_hullFixedCliqueHyp' depends on axioms: [propext,
 Classical.choice,
 Quot.sound]
info: GroupApproximation/Manuscript/NonMF/TorsionFreeKOLeaves.lean:149:14: 'GroupApproximation.Manuscript.NonMF.TorsionFreeKOLeaves.manuscriptTorsionFreeTheoremOsin_of_hullFixedCliqueHyp' depends on axioms: [propext,
 Classical.choice,
 Quot.sound]
info: GroupApproximation/Manuscript/NonMF/TorsionFreeKOLeaves.lean:150:14: 'GroupApproximation.Manuscript.NonMF.TorsionFreeKOLeaves.manuscriptRegularNonMFAlgebraOsin_of_hullFixedCliqueHyp' depends on axioms: [propext,
 Classical.choice,
 Quot.sound]
ℹ [11164/11165] Built GroupApproximation.GGT.VanKampen.Estimating.OsinUnboundSameCellBridge (13s)
info: GroupApproximation/GGT/VanKampen/Estimating/OsinUnboundSameCellBridge.lean:150:14: 'GroupApproximation.GGT.VanKampen.AvoidEdgeStep.not_eqvGen_alpha_of_sameFace' depends on axioms: [propext,
 Classical.choice,
 Quot.sound]
ℹ [11165/11165] Built GroupApproximation.GGT.VanKampen.Estimating.OsinPocketPinchStep (22s)
info: GroupApproximation/GGT/VanKampen/Estimating/OsinPocketPinchStep.lean:93:14: 'GroupApproximation.GGT.VanKampen.PocketFaceSet.simple_of_closedWalk_of_unpinched' depends on axioms: [propext,
 Classical.choice,
 Quot.sound]
info: GroupApproximation/GGT/VanKampen/Estimating/OsinPocketPinchStep.lean:94:14: 'GroupApproximation.GGT.VanKampen.pocketPinchLabelledStatement_of_step' depends on axioms: [propext,
 Classical.choice,
 Quot.sound]
Build completed successfully (11165 jobs).
EXIT=0
